parser,input_length,token_count,median_time_ns,mad_ns,peak_memory_bytes,iterations,recognized,parse_correct,status
Leo,6,6,26541.50,291.50,16384,20,true,true,OK
GLL,6,6,7625.00,42.00,16384,20,true,true,OK
RNGLR,6,6,7791.50,208.50,16384,20,true,true,OK
BRNGLR,6,6,7646.00,104.50,16384,20,true,true,OK
CYK,6,6,49938.00,604.00,16384,20,true,true,OK
LL,6,6,1250.00,42.00,0,20,true,true,OK
LR,6,6,1791.50,41.50,0,20,true,true,OK
Leo,6,6,6416.50,166.50,16384,20,true,true,OK
GLL,6,6,3625.00,62.50,0,20,true,true,OK
RNGLR,6,6,5583.00,83.00,0,20,true,true,OK
BRNGLR,6,6,6020.50,104.50,0,20,true,true,OK
CYK,6,6,57417.00,2355.00,16384,20,true,true,OK
LL,6,6,542.00,0.50,0,20,true,true,OK
LR,6,6,979.50,21.50,0,20,true,true,OK
Leo,6,6,6270.50,62.50,16384,20,true,true,OK
GLL,6,6,3917.00,63.00,0,20,true,true,OK
RNGLR,6,6,5812.50,125.00,16384,20,true,true,OK
BRNGLR,6,6,6104.50,62.00,16384,20,true,true,OK
CYK,6,6,56500.00,208.50,16384,20,true,true,OK
LL,6,6,542.00,0.00,0,20,true,true,OK
LR,6,6,1000.00,20.50,0,20,true,true,OK
Leo,7,7,2292.00,42.00,0,20,false,false,OK
GLL,7,7,625.00,0.00,0,20,false,false,OK
RNGLR,7,7,2583.00,104.00,0,20,false,false,OK
BRNGLR,7,7,2500.00,42.00,0,20,false,false,OK
CYK,7,7,52771.00,188.00,16384,20,false,false,OK
LL,7,7,291.00,1.00,0,20,false,false,OK
LR,7,7,208.00,0.00,0,20,false,false,OK
Leo,7,7,6791.00,41.00,0,20,true,true,OK
GLL,7,7,4270.50,62.50,16384,20,true,true,OK
RNGLR,7,7,6187.50,104.50,0,20,true,true,OK
BRNGLR,7,7,6708.00,83.50,16384,20,true,true,OK
CYK,7,7,64250.00,313.00,16384,20,true,true,OK
LL,7,7,666.00,21.00,0,20,true,true,OK
LR,7,7,1104.00,21.00,0,20,true,true,OK
Leo,7,7,2333.00,41.00,0,20,false,false,OK
GLL,7,7,625.00,0.00,0,20,false,false,OK
RNGLR,7,7,2542.00,125.00,0,20,false,false,OK
BRNGLR,7,7,2500.00,42.00,0,20,false,false,OK
CYK,7,7,58041.50,228.50,16384,20,false,false,OK
LL,7,7,292.00,0.50,0,20,false,false,OK
LR,7,7,209.00,1.00,0,20,false,false,OK
Leo,7,7,22312.00,167.00,16384,20,true,true,OK
GLL,7,7,12354.50,146.00,16384,20,true,true,OK
RNGLR,7,7,11145.50,146.00,16384,20,true,true,OK
BRNGLR,7,7,11271.00,125.00,16384,20,true,true,OK
CYK,7,7,79416.00,541.00,16384,20,true,true,OK
LL,7,7,2000.00,0.00,0,20,true,true,OK
LR,7,7,3000.00,42.00,0,20,true,true,OK
Leo,7,7,2709.00,42.00,0,20,false,false,OK
GLL,7,7,750.00,42.00,0,20,false,false,OK
RNGLR,7,7,3166.50,208.50,0,20,false,false,OK
BRNGLR,7,7,2875.00,42.00,0,20,false,false,OK
CYK,7,7,66583.50,333.50,16384,20,false,false,OK
LL,7,7,334.00,1.00,0,20,false,false,OK
LR,7,7,250.00,0.00,0,20,false,false,OK
Leo,8,8,2666.00,62.50,0,20,false,false,OK
GLL,8,8,667.00,1.00,0,20,false,false,OK
RNGLR,8,8,3062.50,146.00,0,20,false,false,OK
BRNGLR,8,8,2979.50,62.50,0,20,false,false,OK
CYK,8,8,71729.50,541.50,16384,20,false,false,OK
LL,8,8,333.50,0.50,0,20,false,false,OK
LR,8,8,250.00,0.00,0,20,false,false,OK
Leo,8,8,2875.00,42.00,0,20,false,false,OK
GLL,8,8,750.00,41.00,0,20,false,false,OK
RNGLR,8,8,3250.00,125.00,0,20,false,false,OK
BRNGLR,8,8,3208.00,42.00,0,20,false,false,OK
CYK,8,8,77562.00,291.50,16384,20,false,false,OK
LL,8,8,333.50,41.50,0,20,false,false,OK
LR,8,8,291.00,41.00,0,20,false,false,OK
Leo,9,9,45833.50,604.00,16384,20,true,true,OK
GLL,9,9,11521.00,83.50,16384,20,true,true,OK
RNGLR,9,9,11333.50,187.50,16384,20,true,true,OK
BRNGLR,9,9,11583.50,167.00,0,20,true,true,OK
CYK,9,9,91042.00,291.50,16384,20,true,true,OK
LL,9,9,1791.00,41.00,0,20,true,true,OK
LR,9,9,2709.00,1.00,0,20,true,true,OK
Leo,9,9,2875.00,41.00,0,20,false,false,OK
GLL,9,9,770.50,21.00,0,20,false,false,OK
RNGLR,9,9,3208.50,125.50,0,20,false,false,OK
BRNGLR,9,9,3208.50,83.50,0,20,false,false,OK
CYK,9,9,97104.00,999.50,16384,20,false,false,OK
LL,9,9,333.00,0.50,0,20,false,false,OK
LR,9,9,270.50,20.50,0,20,false,false,OK
Leo,9,9,3792.00,42.00,0,20,false,false,OK
GLL,9,9,1395.50,63.50,0,20,false,false,OK
RNGLR,9,9,3166.50,83.50,0,20,false,false,OK
BRNGLR,9,9,3229.50,104.00,0,20,false,false,OK
CYK,9,9,86562.00,312.00,16384,20,false,false,OK
LL,9,9,500.00,0.00,0,20,false,false,OK
LR,9,9,333.00,0.00,0,20,false,false,OK
Leo,9,9,35667.00,250.00,16384,20,true,true,OK
GLL,9,9,10458.00,167.00,16384,20,true,true,OK
RNGLR,9,9,10333.50,125.00,0,20,true,true,OK
BRNGLR,9,9,10854.00,104.00,16384,20,true,true,OK
CYK,9,9,98146.00,313.00,16384,20,true,true,OK
LL,9,9,1875.00,42.00,0,20,true,true,OK
LR,9,9,2625.00,0.00,0,20,true,true,OK
Leo,9,9,2833.00,42.00,0,20,false,false,OK
GLL,9,9,791.00,41.00,0,20,false,false,OK
RNGLR,9,9,3104.50,41.50,0,20,false,false,OK
BRNGLR,9,9,3333.00,125.00,0,20,false,false,OK
CYK,9,9,87625.50,250.00,16384,20,false,false,OK
LL,9,9,333.00,0.50,0,20,false,false,OK
LR,9,9,250.00,0.00,0,20,false,false,OK
Leo,9,9,3500.00,42.00,0,20,false,false,OK
GLL,9,9,833.00,0.50,0,20,false,false,OK
RNGLR,9,9,2917.00,62.50,0,20,false,false,OK
BRNGLR,9,9,2979.50,62.50,0,20,false,false,OK
CYK,9,9,87229.00,395.50,16384,20,false,false,OK
LL,9,9,375.00,0.00,0,20,false,false,OK
LR,9,9,250.00,0.00,0,20,false,false,OK
Leo,9,9,28292.00,292.00,16384,20,true,true,OK
GLL,9,9,14167.00,83.00,16384,20,true,true,OK
RNGLR,9,9,13063.00,146.00,16384,20,true,true,OK
BRNGLR,9,9,13354.00,187.50,16384,20,true,true,OK
CYK,9,9,119395.50,270.50,16384,20,true,true,OK
LL,9,9,2750.00,41.00,0,20,true,true,OK
LR,9,9,3875.00,42.00,0,20,true,true,OK
Leo,9,9,3833.50,83.00,0,20,false,false,OK
GLL,9,9,833.50,41.50,0,20,false,false,OK
RNGLR,9,9,2999.50,124.50,0,20,false,false,OK
BRNGLR,9,9,2999.50,83.50,0,20,false,false,OK
CYK,9,9,88062.50,416.50,16384,20,false,false,OK
LL,9,9,375.00,0.00,0,20,false,false,OK
LR,9,9,250.00,0.00,0,20,false,false,OK
Leo,10,10,24500.00,104.50,16384,20,true,true,OK
GLL,10,10,8375.00,166.00,0,20,true,true,OK
RNGLR,10,10,9124.50,145.50,0,20,true,true,OK
BRNGLR,10,10,10396.00,104.00,16384,20,true,true,OK
CYK,10,10,105979.00,333.50,16384,20,true,true,OK
LL,10,10,1145.50,20.50,0,20,true,true,OK
LR,10,10,1979.50,62.00,0,20,true,true,OK
Leo,10,10,2625.00,42.00,16384,20,false,false,OK
GLL,10,10,709.00,41.00,0,20,false,false,OK
RNGLR,10,10,2979.50,63.50,0,20,false,false,OK
BRNGLR,10,10,2958.00,83.00,0,20,false,false,OK
CYK,10,10,103333.50,562.50,16384,20,false,false,OK
LL,10,10,292.00,0.50,0,20,false,false,OK
LR,10,10,250.00,0.00,0,20,false,false,OK
Leo,11,11,25812.50,104.50,16384,20,true,true,OK
GLL,11,11,14166.50,188.00,16384,20,true,true,OK
RNGLR,11,11,13229.00,104.00,16384,20,true,true,OK
BRNGLR,11,11,14208.50,166.50,16384,20,true,true,OK
CYK,11,11,153021.00,479.00,16384,20,true,true,OK
LL,11,11,2292.00,42.00,0,20,true,true,OK
LR,11,11,3333.00,41.50,0,20,true,true,OK
Leo,11,11,40270.50,63.00,16384,20,true,true,OK
GLL,11,11,12167.00,42.00,16384,20,true,true,OK
RNGLR,11,11,12229.50,104.00,16384,20,true,true,OK
BRNGLR,11,11,12625.00,208.00,16384,20,true,true,OK
CYK,11,11,132271.00,271.00,16384,20,true,true,OK
LL,11,11,1958.00,1.00,0,20,true,true,OK
LR,11,11,3000.00,41.50,0,20,true,true,OK
Leo,12,12,47459.00,104.50,16384,20,true,true,OK
GLL,12,12,13437.50,145.50,16384,20,true,true,OK
RNGLR,12,12,13063.00,125.50,16384,20,true,true,OK
BRNGLR,12,12,14187.50,125.00,16384,20,true,true,OK
CYK,12,12,153771.00,937.50,16384,20,true,true,OK
LL,12,12,2187.50,20.50,0,20,true,true,OK
LR,12,12,3208.00,41.00,0,20,true,true,OK
Leo,12,12,14417.00,83.00,16384,20,true,true,OK
GLL,12,12,8312.50,62.50,0,20,true,true,OK
RNGLR,12,12,10395.50,166.50,0,20,true,true,OK
BRNGLR,12,12,11208.50,42.50,16384,20,true,true,OK
CYK,12,12,176042.00,208.50,16384,20,true,true,OK
LL,12,12,1292.00,21.00,0,20,true,true,OK
LR,12,12,2125.00,42.00,0,20,true,true,OK
Leo,12,12,43688.00,105.00,16384,20,true,true,OK
GLL,12,12,12708.00,167.00,16384,20,true,true,OK
RNGLR,12,12,12125.00,125.00,16384,20,true,true,OK
BRNGLR,12,12,13396.00,146.00,16384,20,true,true,OK
CYK,12,12,152146.00,416.50,16384,20,true,true,OK
LL,12,12,2208.00,41.00,0,20,true,true,OK
LR,12,12,3000.00,41.00,0,20,true,true,OK
Leo,13,13,13875.00,83.00,16384,20,true,true,OK
GLL,13,13,8000.00,42.00,16384,20,true,true,OK
RNGLR,13,13,9854.50,145.50,0,20,true,true,OK
BRNGLR,13,13,11875.00,83.50,16384,20,true,true,OK
CYK,13,13,206291.50,500.50,16384,20,true,true,OK
LL,13,13,1292.00,1.00,0,20,true,true,OK
LR,13,13,2125.00,42.00,0,20,true,true,OK
Leo,13,13,12229.50,104.00,16384,20,false,false,OK
GLL,13,13,6459.00,82.50,0,20,false,false,OK
RNGLR,13,13,7104.00,83.00,0,20,false,false,OK
BRNGLR,13,13,7000.00,83.00,0,20,false,false,OK
CYK,13,13,163979.00,5187.50,16384,20,false,false,OK
LL,13,13,1875.00,42.00,0,20,false,false,OK
LR,13,13,2208.00,42.00,0,20,false,false,OK
Leo,14,14,56291.50,167.00,16384,20,true,true,OK
GLL,14,14,20958.00,167.00,16384,20,true,true,OK
RNGLR,14,14,17479.50,104.50,16384,20,true,true,OK
BRNGLR,14,14,18500.00,354.50,16384,20,true,true,OK
CYK,14,14,228271.50,1084.00,16384,20,true,true,OK
LL,14,14,3937.50,21.50,0,20,true,true,OK
LR,14,14,5250.00,83.00,16384,20,true,true,OK
Leo,14,14,38792.00,125.50,16384,20,true,true,OK
GLL,14,14,13917.00,167.00,16384,20,true,true,OK
RNGLR,14,14,12583.50,125.50,16384,20,true,true,OK
BRNGLR,14,14,14625.00,104.00,16384,20,true,true,OK
CYK,14,14,191292.00,292.00,16384,20,true,true,OK
LL,14,14,2125.00,20.50,0,20,true,true,OK
LR,14,14,3250.00,41.50,0,20,true,true,OK
Leo,14,14,3584.00,42.50,0,20,false,false,OK
GLL,14,14,833.00,41.00,0,20,false,false,OK
RNGLR,14,14,3083.50,83.50,0,20,false,false,OK
BRNGLR,14,14,2937.50,42.00,0,20,false,false,OK
CYK,14,14,196895.50,916.50,16384,20,false,false,OK
LL,14,14,375.00,20.50,0,20,false,false,OK
LR,14,14,250.00,0.00,0,20,false,false,OK
Leo,16,16,2687.50,62.50,0,20,false,false,OK
GLL,16,16,708.00,21.00,0,20,false,false,OK
RNGLR,16,16,2938.00,104.00,0,20,false,false,OK
BRNGLR,16,16,2937.50,62.50,0,20,false,false,OK
CYK,16,16,239125.00,646.00,16384,20,false,false,OK
LL,16,16,292.00,0.50,0,20,false,false,OK
LR,16,16,209.00,1.00,0,20,false,false,OK
Leo,16,16,14250.00,83.50,16384,20,false,false,OK
GLL,16,16,6459.00,63.00,16384,20,false,false,OK
RNGLR,16,16,6438.00,104.00,0,20,false,false,OK
BRNGLR,16,16,6270.50,83.50,0,20,false,false,OK
CYK,16,16,217271.00,2000.00,16384,20,false,false,OK
LL,16,16,1812.50,21.50,0,20,false,false,OK
LR,16,16,2084.00,21.00,0,20,false,false,OK
Leo,16,16,10729.50,63.00,16384,20,false,false,OK
GLL,16,16,4958.00,62.50,0,20,false,false,OK
RNGLR,16,16,5500.00,167.00,0,20,false,false,OK
BRNGLR,16,16,5521.00,146.00,0,20,false,false,OK
CYK,16,16,199333.00,1437.50,16384,20,false,false,OK
LL,16,16,1167.00,41.50,0,20,false,false,OK
LR,16,16,1542.00,63.00,0,20,false,false,OK
Leo,16,16,9354.50,62.50,16384,20,false,false,OK
GLL,16,16,4271.00,63.00,0,20,false,false,OK
RNGLR,16,16,5291.50,83.50,0,20,false,false,OK
BRNGLR,16,16,5354.00,125.00,0,20,false,false,OK
CYK,16,16,197459.00,979.50,16384,20,false,false,OK
LL,16,16,1020.50,41.50,0,20,false,false,OK
LR,16,16,1437.50,20.50,0,20,false,false,OK
Leo,17,17,17229.50,104.50,16384,20,false,false,OK
GLL,17,17,10458.50,83.00,0,20,false,false,OK
RNGLR,17,17,8395.50,83.50,0,20,false,false,OK
BRNGLR,17,17,7833.50,104.50,0,20,false,false,OK
CYK,17,17,231687.50,1833.00,16384,20,false,false,OK
LL,17,17,2708.50,62.50,0,20,false,false,OK
LR,17,17,3500.00,83.00,0,20,false,false,OK
Leo,18,18,9125.00,42.00,16384,20,false,false,OK
GLL,18,18,4354.00,124.50,16384,20,false,false,OK
RNGLR,18,18,4896.00,145.50,16384,20,false,false,OK
BRNGLR,18,18,4709.00,62.50,0,20,false,false,OK
CYK,18,18,261458.50,4313.00,16384,20,false,false,OK
LL,18,18,1042.00,21.00,0,20,false,false,OK
LR,18,18,1333.00,41.00,0,20,false,false,OK
Leo,18,18,15687.50,104.50,0,20,true,true,OK
GLL,18,18,8708.00,62.50,16384,20,true,true,OK
RNGLR,18,18,10208.50,166.50,16384,20,true,true,OK
BRNGLR,18,18,12083.50,63.00,16384,20,true,true,OK
CYK,18,18,375750.00,1333.00,16384,20,true,true,OK
LL,18,18,1437.50,21.00,0,20,true,true,OK
LR,18,18,2458.00,41.50,0,20,true,true,OK
Leo,21,21,2375.00,41.50,0,20,false,false,OK
GLL,21,21,604.50,20.50,0,20,false,false,OK
RNGLR,21,21,2583.00,83.00,0,20,false,false,OK
BRNGLR,21,21,2583.00,83.00,0,20,false,false,OK
CYK,21,21,361229.00,1853.50,16384,20,false,false,OK
LL,21,21,292.00,1.00,0,20,false,false,OK
LR,21,21,208.50,0.50,0,20,false,false,OK
Leo,24,24,46625.00,208.50,16384,20,true,true,OK
GLL,24,24,21646.00,271.00,16384,20,true,true,OK
RNGLR,24,24,20124.50,124.50,0,20,true,true,OK
BRNGLR,24,24,20917.00,167.00,16384,20,true,true,OK
CYK,24,24,818042.00,26375.00,16384,20,true,true,OK
LL,24,24,3792.00,42.00,0,20,true,true,OK
LR,24,24,5417.00,42.00,0,20,true,true,OK
Leo,26,26,93500.00,1437.50,16384,20,true,true,OK
GLL,26,26,31291.50,145.50,16384,20,true,true,OK
RNGLR,26,26,24375.00,62.50,16384,20,true,true,OK
BRNGLR,26,26,27667.00,84.00,16384,20,true,true,OK
CYK,26,26,833750.00,28145.50,16384,20,true,true,OK
LL,26,26,5458.50,62.50,0,20,true,true,OK
LR,26,26,8000.00,42.00,16384,20,true,true,OK
Leo,27,27,16333.00,42.00,16384,20,false,false,OK
GLL,27,27,7334.00,147.00,16384,20,false,false,OK
RNGLR,27,27,6750.00,125.00,16384,20,false,false,OK
BRNGLR,27,27,6895.50,103.50,16384,20,false,false,OK
CYK,27,27,715249.50,2583.00,16384,20,false,false,OK
LL,27,27,1667.00,41.50,0,20,false,false,OK
LR,27,27,2084.00,1.00,0,20,false,false,OK
Leo,28,28,21562.50,83.50,16384,20,false,false,OK
GLL,28,28,12416.50,41.50,16384,20,false,false,OK
RNGLR,28,28,11625.00,167.00,16384,20,false,false,OK
BRNGLR,28,28,11312.50,146.50,0,20,false,false,OK
CYK,28,28,821833.50,29187.50,16384,20,false,false,OK
LL,28,28,3104.50,21.50,0,20,false,false,OK
LR,28,28,3875.00,42.00,0,20,false,false,OK
Leo,30,30,15083.00,124.00,16384,20,false,false,OK
GLL,30,30,9291.50,41.50,16384,20,false,false,OK
RNGLR,30,30,8166.50,583.00,0,20,false,false,OK
BRNGLR,30,30,22062.50,146.50,16384,20,false,false,OK
CYK,30,30,888125.00,23271.00,16384,20,false,false,OK
LL,30,30,2208.00,42.00,0,20,false,false,OK
LR,30,30,2958.00,42.00,0,20,false,false,OK
Leo,32,32,141416.50,333.50,16384,20,true,true,OK
GLL,32,32,34020.50,229.00,16384,20,true,true,OK
RNGLR,32,32,26688.00,208.00,16384,20,true,true,OK
BRNGLR,32,32,27063.00,438.00,16384,20,true,true,OK
CYK,32,32,1029916.50,23375.00,16384,20,true,true,OK
LL,32,32,6125.00,42.00,0,20,true,true,OK
LR,32,32,8187.50,62.50,0,20,true,true,OK
Leo,33,33,19625.00,125.00,16384,20,false,false,OK
GLL,33,33,9750.00,125.00,16384,20,false,false,OK
RNGLR,33,33,8250.00,208.50,16384,20,false,false,OK
BRNGLR,33,33,7646.00,63.00,0,20,false,false,OK
CYK,33,33,1084479.00,15312.50,16384,20,false,false,OK
LL,33,33,2375.00,83.00,0,20,false,false,OK
LR,33,33,3020.50,21.50,0,20,false,false,OK
Leo,33,33,25625.00,167.00,0,20,false,false,OK
GLL,33,33,11334.00,63.00,16384,20,false,false,OK
RNGLR,33,33,9541.50,146.00,16384,20,false,false,OK
BRNGLR,33,33,8958.00,84.00,0,20,false,false,OK
CYK,33,33,1065625.50,21104.00,16384,20,false,false,OK
LL,33,33,3125.00,41.00,0,20,false,false,OK
LR,33,33,3792.00,62.50,0,20,false,false,OK
Leo,33,33,56708.00,312.00,16384,20,true,true,OK
GLL,33,33,25458.50,145.50,0,20,true,true,OK
RNGLR,33,33,22666.50,125.00,16384,20,true,true,OK
BRNGLR,33,33,24729.50,187.50,0,20,true,true,OK
CYK,33,33,1754166.50,5104.00,16384,20,true,true,OK
LL,33,33,4791.00,41.50,0,20,true,true,OK
LR,33,33,6458.00,41.00,16384,20,true,true,OK
Leo,41,41,2479.50,63.50,0,20,false,false,OK
GLL,41,41,625.00,41.50,0,20,false,false,OK
RNGLR,41,41,2625.00,84.00,0,20,false,false,OK
BRNGLR,41,41,2625.00,166.50,0,20,false,false,OK
CYK,41,41,1857875.50,3958.50,16384,20,false,false,OK
LL,41,41,292.00,0.00,0,20,false,false,OK
LR,41,41,208.50,0.50,0,20,false,false,OK
Leo,45,45,139979.00,416.50,16384,20,true,true,OK
GLL,45,45,39604.00,166.00,16384,20,true,true,OK
RNGLR,45,45,31562.50,145.50,16384,20,true,true,OK
BRNGLR,45,45,34041.50,166.50,16384,20,true,true,OK
CYK,45,45,2925458.50,6458.50,16384,20,true,true,OK
LL,45,45,7062.50,146.00,0,20,true,true,OK
LR,45,45,9542.00,42.00,16384,20,true,true,OK
Leo,50,50,138833.00,396.00,16384,20,true,true,OK
GLL,50,50,42187.50,187.50,16384,20,true,true,OK
RNGLR,50,50,33813.00,125.00,16384,20,true,true,OK
BRNGLR,50,50,35812.50,208.00,16384,20,true,true,OK
CYK,50,50,3741000.00,5187.50,16384,20,true,true,OK
LL,50,50,7145.50,83.50,0,20,true,true,OK
LR,50,50,9792.00,42.00,0,20,true,true,OK
Leo,53,53,2541.50,82.50,0,20,false,false,OK
GLL,53,53,625.00,0.00,0,20,false,false,OK
RNGLR,53,53,2666.00,166.50,0,20,false,false,OK
BRNGLR,53,53,2541.50,62.50,0,20,false,false,OK
CYK,53,53,3614312.50,8916.50,16384,20,false,false,OK
LL,53,53,292.00,1.00,0,20,false,false,OK
LR,53,53,209.00,1.00,0,20,false,false,OK
Leo,58,58,173083.00,2645.50,16384,20,true,true,OK
GLL,58,58,59041.50,666.50,16384,20,true,true,OK
RNGLR,58,58,45750.00,312.50,16384,20,true,true,OK
BRNGLR,58,58,48667.00,416.50,16384,20,true,true,OK
CYK,58,58,6918396.00,63979.50,16384,20,true,true,OK
LL,58,58,11541.50,104.00,16384,20,true,true,OK
LR,58,58,15542.00,42.00,16384,20,true,true,OK
Leo,60,60,11458.00,62.50,16384,20,false,false,OK
GLL,60,60,5083.50,125.50,0,20,false,false,OK
RNGLR,60,60,4916.50,83.50,16384,20,false,false,OK
BRNGLR,60,60,4625.00,145.50,16384,20,false,false,OK
CYK,60,60,4966375.00,16874.50,16384,20,false,false,OK
LL,60,60,1208.00,21.00,0,20,false,false,OK
LR,60,60,1458.00,41.00,0,20,false,false,OK
Leo,64,64,237416.50,416.50,16384,20,true,true,OK
GLL,64,64,63729.00,250.00,16384,20,true,true,OK
RNGLR,64,64,47542.00,291.50,16384,20,true,true,OK
BRNGLR,64,64,50520.50,354.50,16384,20,true,true,OK
CYK,64,64,6916896.00,18271.00,16384,20,true,true,OK
LL,64,64,11334.00,104.50,0,20,true,true,OK
LR,64,64,15062.50,62.50,16384,20,true,true,OK
Leo,64,64,283166.50,1437.50,16384,20,true,true,OK
GLL,64,64,67729.00,229.00,16384,20,true,true,OK
RNGLR,64,64,49666.50,228.50,16384,20,true,true,OK
BRNGLR,64,64,50042.00,166.50,16384,20,true,true,OK
CYK,64,64,6614625.00,23041.50,16384,20,true,true,OK
LL,64,64,12145.50,62.00,0,20,true,true,OK
LR,64,64,16270.50,63.00,16384,20,true,true,OK
Leo,68,68,38583.50,145.50,16384,20,false,false,OK
GLL,68,68,20833.50,229.50,0,20,false,false,OK
RNGLR,68,68,16666.50,83.50,0,20,false,false,OK
BRNGLR,68,68,17166.50,208.50,16384,20,false,false,OK
CYK,68,68,7280729.00,20124.50,16384,20,false,false,OK
LL,68,68,5375.00,41.00,0,20,false,false,OK
LR,68,68,7062.50,21.50,16384,20,false,false,OK
Leo,72,72,279021.00,1958.00,16384,20,true,true,OK
GLL,72,72,79478.50,978.50,16384,20,true,true,OK
RNGLR,72,72,62250.00,354.00,16384,20,true,true,OK
BRNGLR,72,72,65312.00,1333.00,16384,20,true,true,OK
CYK,72,72,10565062.50,18708.00,16384,20,true,true,OK
LL,72,72,14875.00,62.50,0,20,true,true,OK
LR,72,72,19458.50,83.50,0,20,true,true,OK
Leo,73,73,2708.00,83.00,0,20,false,false,OK
GLL,73,73,625.00,41.50,0,20,false,false,OK
RNGLR,73,73,2667.00,166.00,0,20,false,false,OK
BRNGLR,73,73,2666.50,125.50,0,20,false,false,OK
CYK,73,73,8054312.50,6458.50,16384,20,false,false,OK
LL,73,73,292.00,0.00,0,20,false,false,OK
LR,73,73,208.00,0.50,0,20,false,false,OK
Leo,75,75,304187.50,1375.00,16384,20,true,true,OK
GLL,75,75,89125.00,438.00,16384,20,true,true,OK
RNGLR,75,75,62521.00,271.00,16384,20,true,true,OK
BRNGLR,75,75,65750.00,208.00,16384,20,true,true,OK
CYK,75,75,11301229.50,9416.50,16384,20,true,true,OK
LL,75,75,15625.00,63.00,0,20,true,true,OK
LR,75,75,20916.00,63.00,16384,20,true,true,OK
Leo,88,88,179541.50,541.50,16384,20,true,true,OK
GLL,88,88,69791.50,416.50,16384,20,true,true,OK
RNGLR,88,88,55937.00,1146.50,16384,20,true,true,OK
BRNGLR,88,88,59541.50,291.50,16384,20,true,true,OK
CYK,88,88,22984000.50,15291.50,16384,20,true,true,OK
LL,88,88,12687.50,146.00,0,20,true,true,OK
LR,88,88,17291.00,82.50,0,20,true,true,OK
Leo,94,94,233646.00,1062.50,16384,20,true,true,OK
GLL,94,94,87958.50,625.00,16384,20,true,true,OK
RNGLR,94,94,67937.50,1500.00,16384,20,true,true,OK
BRNGLR,94,94,73437.50,312.50,16384,20,true,true,OK
CYK,94,94,24653104.00,9250.00,16384,20,true,true,OK
LL,94,94,15938.00,167.00,16384,20,true,true,OK
LR,94,94,21604.50,21.50,16384,20,true,true,OK
Leo,97,97,329750.00,833.00,16384,20,true,true,OK
GLL,97,97,104125.00,562.50,16384,20,true,true,OK
RNGLR,97,97,76583.00,1187.50,16384,20,true,true,OK
BRNGLR,97,97,80271.00,312.50,16384,20,true,true,OK
CYK,97,97,24670000.00,13833.00,16384,20,true,true,OK
LL,97,97,18979.50,146.00,16384,20,true,true,OK
LR,97,97,25041.50,83.50,0,20,true,true,OK
Leo,97,97,282333.00,4250.00,16384,20,true,true,OK
GLL,97,97,102020.50,1062.50,16384,20,true,true,OK
RNGLR,97,97,76166.50,312.00,16384,20,true,true,OK
BRNGLR,97,97,76812.50,312.50,16384,20,true,true,OK
CYK,97,97,28124833.50,7521.00,16384,18,true,true,OK
LL,97,97,18229.00,208.50,16384,20,true,true,OK
LR,97,97,24604.50,62.00,16384,20,true,true,OK
Leo,101,101,457854.00,2979.50,16384,20,true,true,OK
GLL,101,101,120896.00,1771.50,16384,20,true,true,OK
RNGLR,101,101,83416.50,166.50,16384,20,true,true,OK
BRNGLR,101,101,86104.50,416.50,16384,20,true,true,OK
CYK,101,101,25298833.00,16854.00,16384,20,true,true,OK
LL,101,101,22042.00,125.50,0,20,true,true,OK
LR,101,101,28062.50,62.50,0,20,true,true,OK
Leo,102,102,396187.50,1958.50,16384,20,true,true,OK
GLL,102,102,118646.00,417.00,16384,20,true,true,OK
RNGLR,102,102,91062.00,604.00,16384,20,true,true,OK
BRNGLR,102,102,87958.50,187.50,16384,20,true,true,OK
CYK,102,102,31053791.00,11124.00,16384,17,true,true,OK
LL,102,102,22520.50,145.50,16384,20,true,true,OK
LR,102,102,29125.00,42.00,0,20,true,true,OK
Leo,106,106,361812.00,2458.00,16384,20,true,true,OK
GLL,106,106,104375.00,520.50,16384,20,true,true,OK
RNGLR,106,106,74333.00,229.00,16384,20,true,true,OK
BRNGLR,106,106,84458.00,2228.50,16384,20,true,true,OK
CYK,106,106,28445562.50,11979.50,16384,18,true,true,OK
LL,106,106,18062.50,208.50,16384,20,true,true,OK
LR,106,106,25833.00,62.50,16384,20,true,true,OK
Leo,111,111,313750.00,2687.50,16384,20,true,true,OK
GLL,111,111,117708.00,479.00,16384,20,true,true,OK
RNGLR,111,111,89500.00,354.50,16384,20,true,true,OK
BRNGLR,111,111,92354.00,250.50,16384,20,true,true,OK
CYK,111,111,59274646.00,35625.00,16384,10,true,true,OK
LL,111,111,22958.50,146.00,16384,20,true,true,OK
LR,111,111,29895.50,63.00,16384,20,true,true,OK
Leo,113,113,401042.00,1771.00,16384,20,true,true,OK
GLL,113,113,120312.50,375.00,16384,20,true,true,OK
RNGLR,113,113,91417.00,396.00,16384,20,true,true,OK
BRNGLR,113,113,92479.50,395.50,16384,20,true,true,OK
CYK,113,113,41871833.00,18709.00,16384,12,true,true,OK
LL,113,113,21500.00,42.00,16384,20,true,true,OK
LR,113,113,27917.00,62.50,0,20,true,true,OK
Leo,120,120,424041.50,11666.00,16384,20,true,true,OK
GLL,120,120,128166.50,437.50,16384,20,true,true,OK
RNGLR,120,120,97958.50,292.00,16384,20,true,true,OK
BRNGLR,120,120,99958.50,625.00,16384,20,true,true,OK
CYK,120,120,50109250.00,32292.00,16384,10,true,true,OK
LL,120,120,24583.50,166.50,16384,20,true,true,OK
LR,120,120,32604.50,104.50,16384,20,true,true,OK
Leo,120,120,444104.50,1438.00,16384,20,true,true,OK
GLL,120,120,122979.00,1333.00,16384,20,true,true,OK
RNGLR,120,120,91812.50,666.00,16384,20,true,true,OK
BRNGLR,120,120,91500.00,250.00,16384,20,true,true,OK
CYK,120,120,39483209.00,9958.00,16384,13,true,true,OK
LL,120,120,21417.00,124.50,16384,20,true,true,OK
LR,120,120,28791.50,42.00,0,20,true,true,OK
Leo,123,123,482104.00,12708.50,16384,20,true,true,OK
GLL,123,123,131000.00,396.00,16384,20,true,true,OK
RNGLR,123,123,96375.00,687.50,16384,20,true,true,OK
BRNGLR,123,123,99791.50,187.50,16384,20,true,true,OK
CYK,123,123,44852520.50,52499.50,16384,12,true,true,OK
LL,123,123,24729.00,229.00,0,20,true,true,OK
LR,123,123,32500.00,187.00,0,20,true,true,OK
Leo,124,124,358083.50,5271.00,16384,20,true,true,OK
GLL,124,124,111562.50,1250.00,16384,20,true,true,OK
RNGLR,124,124,85312.50,625.00,16384,20,true,true,OK
BRNGLR,124,124,90229.00,417.00,16384,20,true,true,OK
CYK,124,124,47939750.00,28041.00,16384,11,true,true,OK
LL,124,124,20271.00,63.00,16384,20,true,true,OK
LR,124,124,26917.00,42.00,0,20,true,true,OK
Leo,129,129,617562.50,7208.50,16384,20,true,true,OK
GLL,129,129,145854.50,438.00,16384,20,true,true,OK
RNGLR,129,129,106187.50,3750.00,16384,20,true,true,OK
BRNGLR,129,129,105833.50,375.00,16384,20,true,true,OK
CYK,129,129,47028583.00,30417.00,98304,11,true,true,OK
LL,129,129,26729.00,145.50,16384,20,true,true,OK
LR,129,129,36125.00,84.00,16384,20,true,true,OK
Leo,133,133,486875.50,2104.50,16384,20,true,true,OK
GLL,133,133,144895.50,499.50,16384,20,true,true,OK
RNGLR,133,133,105625.00,333.50,16384,20,true,true,OK
BRNGLR,133,133,107145.50,458.50,16384,20,true,true,OK
CYK,133,133,62277416.50,16458.50,16384,10,true,true,OK
LL,133,133,27083.00,104.00,16384,20,true,true,OK
LR,133,133,37458.00,104.50,16384,20,true,true,OK
Leo,140,140,583542.00,5083.00,16384,20,true,true,OK
GLL,140,140,166687.50,292.00,16384,20,true,true,OK
RNGLR,140,140,117750.00,375.00,16384,20,true,true,OK
BRNGLR,140,140,119916.50,479.00,16384,20,true,true,OK
CYK,140,140,70111291.50,6854.50,16384,10,true,true,OK
LL,140,140,31604.50,166.50,16384,20,true,true,OK
LR,140,140,40833.00,187.50,16384,20,true,true,OK
Leo,142,142,584625.00,1563.00,16384,20,true,true,OK
GLL,142,142,151875.50,396.00,16384,20,true,true,OK
RNGLR,142,142,108437.50,479.50,16384,20,true,true,OK
BRNGLR,142,142,112333.00,417.00,16384,20,true,true,OK
CYK,142,142,65079729.50,11875.00,16384,10,true,true,OK
LL,142,142,27208.50,291.50,16384,20,true,true,OK
LR,142,142,35854.50,104.50,16384,20,true,true,OK
Leo,142,142,404250.00,938.00,16384,20,true,true,OK
GLL,142,142,126834.00,479.50,16384,20,true,true,OK
RNGLR,142,142,98916.50,354.00,16384,20,true,true,OK
BRNGLR,142,142,104520.50,437.50,16384,20,true,true,OK
CYK,142,142,73976583.00,31437.50,16384,10,true,true,OK
LL,142,142,24562.50,145.50,16384,20,true,true,OK
LR,142,142,32479.50,84.00,16384,20,true,true,OK
Leo,143,143,562000.00,2645.50,16384,20,true,true,OK
GLL,143,143,184520.50,541.00,16384,20,true,true,OK
RNGLR,143,143,126895.50,478.50,16384,20,true,true,OK
BRNGLR,143,143,128812.50,583.00,16384,20,true,true,OK
CYK,143,143,82057146.00,22333.50,16384,10,true,true,OK
LL,143,143,33958.50,250.00,16384,20,true,true,OK
LR,143,143,45000.00,83.00,16384,20,true,true,OK
Leo,146,146,451375.00,4041.50,16384,20,true,true,OK
GLL,146,146,148979.00,458.00,16384,20,true,true,OK
RNGLR,146,146,116375.00,4208.00,16384,20,true,true,OK
BRNGLR,146,146,115645.50,395.50,16384,20,true,true,OK
CYK,146,146,96330562.50,31437.50,16384,10,true,true,OK
LL,146,146,27958.50,166.50,16384,20,true,true,OK
LR,146,146,37708.00,83.50,16384,20,true,true,OK
Leo,149,149,580458.00,12833.50,16384,20,true,true,OK
GLL,149,149,166291.50,2333.50,16384,20,true,true,OK
RNGLR,149,149,117833.50,625.00,16384,20,true,true,OK
BRNGLR,149,149,120479.00,271.00,16384,20,true,true,OK
CYK,149,149,80204542.00,23354.00,131072,10,true,true,OK
LL,149,149,30146.00,146.00,16384,20,true,true,OK
LR,149,149,41000.00,145.50,16384,20,true,true,OK
Leo,182,182,1331520.50,6957.50,32768,20,true,true,OK
GLL,182,182,297021.00,938.00,16384,20,true,true,OK
RNGLR,182,182,197708.50,375.00,16384,20,true,true,OK
BRNGLR,182,182,181812.00,396.00,16384,20,true,true,OK
CYK,182,182,221893104.00,31375.00,16384,10,true,true,OK
LL,182,182,60583.00,563.00,16384,20,true,true,OK
LR,182,182,70562.50,229.00,16384,20,true,true,OK
Leo,184,184,1484833.50,5896.00,16384,20,true,true,OK
GLL,184,184,301792.00,1667.50,16384,20,true,true,OK
RNGLR,184,184,203521.00,375.00,16384,20,true,true,OK
BRNGLR,184,184,185041.50,353.50,16384,20,true,true,OK
CYK,184,184,249648104.00,192208.00,16384,10,true,true,OK
LL,184,184,64438.00,625.50,16384,20,true,true,OK
LR,184,184,75645.50,333.50,16384,20,true,true,OK
Leo,201,201,1563166.50,15666.50,16384,20,true,true,OK
GLL,201,201,324666.50,4000.00,16384,20,true,true,OK
RNGLR,201,201,214562.50,1416.50,16384,20,true,true,OK
BRNGLR,201,201,201833.50,3708.50,16384,20,true,true,OK
CYK,201,201,284731833.50,160042.00,131072,10,true,true,OK
LL,201,201,67187.50,583.50,16384,20,true,true,OK
LR,201,201,77104.00,229.00,16384,20,true,true,OK
Leo,270,270,2213896.00,11229.50,16384,20,true,true,OK
GLL,270,270,449791.50,1104.00,16384,20,true,true,OK
RNGLR,270,270,322791.50,1437.50,16384,20,true,true,OK
BRNGLR,270,270,293979.00,896.00,16384,20,true,true,OK
CYK,270,270,835702729.00,320938.00,81920,10,true,true,OK
LL,270,270,97854.50,1251.00,16384,20,true,true,OK
LR,270,270,113249.50,1020.00,16384,20,true,true,OK
Leo,319,319,2330979.50,15604.00,16384,20,true,true,OK
GLL,319,319,499875.00,2166.50,16384,20,true,true,OK
RNGLR,319,319,336771.00,2167.00,16384,20,true,true,OK
BRNGLR,319,319,310583.00,749.50,16384,20,true,true,OK
CYK,319,319,852317125.00,198687.50,81920,10,true,true,OK
LL,319,319,105854.00,833.00,16384,20,true,true,OK
LR,319,319,126729.00,687.00,16384,20,true,true,OK
Leo,321,321,2716125.50,12833.00,32768,20,true,true,OK
GLL,321,321,530229.00,750.00,16384,20,true,true,OK
RNGLR,321,321,379729.50,1833.50,16384,20,true,true,OK
BRNGLR,321,321,346396.00,1917.00,16384,20,true,true,OK
CYK,321,321,1397332604.50,458229.50,16384,10,true,true,OK
LL,321,321,114604.00,2458.00,16384,20,true,true,OK
LR,321,321,133062.50,375.00,16384,20,true,true,OK
Leo,423,423,3158708.00,29749.50,16384,20,true,true,OK
GLL,423,423,667791.50,4896.00,16384,20,true,true,OK
RNGLR,423,423,458104.50,3250.00,16384,20,true,true,OK
BRNGLR,423,423,431729.50,1729.50,16384,20,true,true,OK
CYK,423,423,0.00,0.00,0,0,false,false,TIMEOUT
LL,423,423,139437.50,3000.00,16384,20,true,true,OK
LR,423,423,159083.50,1104.50,16384,20,true,true,OK
Leo,423,423,3132937.50,43958.00,16384,20,true,true,OK
GLL,423,423,645917.00,1874.50,16384,20,true,true,OK
RNGLR,423,423,428854.50,1813.00,16384,20,true,true,OK
BRNGLR,423,423,410813.00,4229.50,16384,20,true,true,OK
CYK,423,423,0.00,0.00,0,0,false,false,TIMEOUT
LL,423,423,130667.00,1479.50,16384,20,true,true,OK
LR,423,423,151458.00,520.50,16384,20,true,true,OK
Leo,463,463,2905750.00,19229.00,16384,20,true,true,OK
GLL,463,463,641229.50,2354.50,16384,20,true,true,OK
RNGLR,463,463,434979.50,2500.00,16384,20,true,true,OK
BRNGLR,463,463,418708.00,4020.00,16384,20,true,true,OK
CYK,463,463,0.00,0.00,0,0,false,false,TIMEOUT
LL,463,463,126417.00,728.50,16384,20,true,true,OK
LR,463,463,155042.00,2208.50,16384,20,true,true,OK
Leo,546,546,4487875.00,27667.00,16384,20,true,true,OK
GLL,546,546,902458.50,1958.50,16384,20,true,true,OK
RNGLR,546,546,628916.50,1312.00,16384,20,true,true,OK
BRNGLR,546,546,575541.50,2500.00,16384,20,true,true,OK
CYK,546,546,0.00,0.00,0,0,false,false,TIMEOUT
LL,546,546,188937.50,1604.50,16384,20,true,true,OK
LR,546,546,208875.00,416.50,16384,20,true,true,OK
Leo,582,582,4486729.50,26020.50,16384,20,true,true,OK
GLL,582,582,926958.50,4937.50,16384,20,true,true,OK
RNGLR,582,582,644812.00,4270.50,16384,20,true,true,OK
BRNGLR,582,582,602249.50,1167.50,16384,20,true,true,OK
CYK,582,582,0.00,0.00,0,0,false,false,TIMEOUT
LL,582,582,191833.50,1312.50,16384,20,true,true,OK
LR,582,582,226771.00,583.50,16384,20,true,true,OK
Leo,611,611,5069374.50,140374.50,16384,20,true,true,OK
GLL,611,611,991374.50,4041.50,16384,20,true,true,OK
RNGLR,611,611,695354.00,2062.50,16384,20,true,true,OK
BRNGLR,611,611,641062.50,2771.00,16384,20,true,true,OK
CYK,611,611,0.00,0.00,0,0,false,false,TIMEOUT
LL,611,611,212500.00,1666.50,16384,20,true,true,OK
LR,611,611,234354.00,770.50,16384,20,true,true,OK
Leo,630,630,5911646.00,220479.50,16384,20,true,true,OK
GLL,630,630,1050167.00,2271.00,16384,20,true,true,OK
RNGLR,630,630,809917.00,2458.50,16384,20,true,true,OK
BRNGLR,630,630,743000.00,1646.00,16384,20,true,true,OK
CYK,630,630,0.00,0.00,0,0,false,false,TIMEOUT
LL,630,630,227166.50,3521.00,16384,20,true,true,OK
LR,630,630,248688.00,438.50,16384,20,true,true,OK
Leo,725,725,6679479.00,132500.00,16384,20,true,true,OK
GLL,725,725,1196979.00,2791.50,16384,20,true,true,OK
RNGLR,725,725,945833.50,4729.50,16384,20,true,true,OK
BRNGLR,725,725,871916.50,3583.00,16384,20,true,true,OK
CYK,725,725,0.00,0.00,0,0,false,false,TIMEOUT
LL,725,725,258354.00,2291.00,16384,20,true,true,OK
LR,725,725,286562.50,854.50,16384,20,true,true,OK
Leo,785,785,6619687.50,66542.00,16384,20,true,true,OK
GLL,785,785,1257416.50,4708.50,16384,20,true,true,OK
RNGLR,785,785,879729.00,3604.00,16384,20,true,true,OK
BRNGLR,785,785,808354.00,4104.00,16384,20,true,true,OK
CYK,785,785,0.00,0.00,0,0,false,false,TIMEOUT
LL,785,785,265563.00,2979.00,16384,20,true,true,OK
LR,785,785,298583.00,729.00,16384,20,true,true,OK
Leo,789,789,7317354.00,105250.00,16384,20,true,true,OK
GLL,789,789,1286562.00,3583.50,16384,20,true,true,OK
RNGLR,789,789,1040104.50,3167.00,16384,20,true,true,OK
BRNGLR,789,789,958187.00,3520.00,16384,20,true,true,OK
CYK,789,789,0.00,0.00,0,0,false,false,TIMEOUT
LL,789,789,283354.50,2083.50,16384,20,true,true,OK
LR,789,789,311312.50,1146.00,16384,20,true,true,OK
Leo,881,881,8287729.50,86417.00,16384,20,true,true,OK
GLL,881,881,1440208.00,5312.00,16384,20,true,true,OK
RNGLR,881,881,1195521.00,3521.50,16384,20,true,true,OK
BRNGLR,881,881,1097666.50,833.00,16384,20,true,true,OK
CYK,881,881,0.00,0.00,0,0,false,false,TIMEOUT
LL,881,881,317666.50,2521.00,16384,20,true,true,OK
LR,881,881,346854.00,666.50,16384,20,true,true,OK
Leo,916,916,6919666.50,83083.00,16384,20,true,true,OK
GLL,916,916,1426021.00,7125.00,16384,20,true,true,OK
RNGLR,916,916,950896.00,2833.00,16384,20,true,true,OK
BRNGLR,916,916,885812.50,2771.00,16384,20,true,true,OK
CYK,916,916,0.00,0.00,0,0,false,false,TIMEOUT
LL,916,916,283437.50,2083.00,16384,20,true,true,OK
LR,916,916,328187.50,771.00,16384,20,true,true,OK
Leo,1039,1039,8630604.50,86375.00,32768,20,true,true,OK
GLL,1039,1039,1668374.50,3521.00,16384,20,true,true,OK
RNGLR,1039,1039,1140771.00,5938.00,16384,20,true,true,OK
BRNGLR,1039,1039,1054729.50,2021.00,16384,20,true,true,OK
CYK,1039,1039,0.00,0.00,0,0,false,false,TIMEOUT
LL,1039,1039,332041.50,2770.50,16384,20,true,true,OK
LR,1039,1039,383958.00,1292.00,16384,20,true,true,OK
Leo,1047,1047,10052729.00,58124.50,16384,20,true,true,OK
GLL,1047,1047,1759833.50,2583.50,16384,20,true,true,OK
RNGLR,1047,1047,1492500.00,3979.50,16384,20,true,true,OK
BRNGLR,1047,1047,1374062.50,2520.50,16384,20,true,true,OK
CYK,1047,1047,0.00,0.00,0,0,false,false,TIMEOUT
LL,1047,1047,369396.00,2062.50,16384,20,true,true,OK
LR,1047,1047,410895.50,1249.50,16384,20,true,true,OK
Leo,1051,1051,9322708.00,97833.50,16384,20,true,true,OK
GLL,1051,1051,1723333.50,5312.50,16384,20,true,true,OK
RNGLR,1051,1051,1214792.00,4000.50,16384,20,true,true,OK
BRNGLR,1051,1051,1119375.00,5791.50,16384,20,true,true,OK
CYK,1051,1051,0.00,0.00,0,0,false,false,TIMEOUT
LL,1051,1051,345229.00,2812.50,16384,20,true,true,OK
LR,1051,1051,394729.00,2416.00,16384,20,true,true,OK
Leo,1081,1081,8863145.50,77937.50,16384,20,true,true,OK
GLL,1081,1081,1677583.50,7229.50,16384,20,true,true,OK
RNGLR,1081,1081,1225979.50,4687.50,16384,20,true,true,OK
BRNGLR,1081,1081,1137792.00,2020.50,16384,20,true,true,OK
CYK,1081,1081,0.00,0.00,0,0,false,false,TIMEOUT
LL,1081,1081,342479.00,2916.50,16384,20,true,true,OK
LR,1081,1081,394854.00,1271.00,16384,20,true,true,OK
Leo,1141,1141,10918542.00,48728.50,16384,20,true,true,OK
GLL,1141,1141,1892645.50,5417.00,16384,20,true,true,OK
RNGLR,1141,1141,1465854.50,5458.50,16384,20,true,true,OK
BRNGLR,1141,1141,1343354.50,3604.50,16384,20,true,true,OK
CYK,1141,1141,0.00,0.00,0,0,false,false,TIMEOUT
LL,1141,1141,395437.50,4500.00,16384,20,true,true,OK
LR,1141,1141,441625.00,2104.50,16384,20,true,true,OK
Leo,1211,1211,11657187.50,58895.50,16384,20,true,true,OK
GLL,1211,1211,1979833.50,2541.50,16384,20,true,true,OK
RNGLR,1211,1211,1479083.50,2792.00,16384,20,true,true,OK
BRNGLR,1211,1211,1355958.50,2625.00,16384,20,true,true,OK
CYK,1211,1211,0.00,0.00,0,0,false,false,TIMEOUT
LL,1211,1211,423125.00,3229.50,16384,20,true,true,OK
LR,1211,1211,469375.00,750.00,16384,20,true,true,OK
Leo,1230,1230,13187291.50,112978.50,16384,20,true,true,OK
GLL,1230,1230,2049917.00,3186.50,16384,20,true,true,OK
RNGLR,1230,1230,1791666.50,3645.50,16384,20,true,true,OK
BRNGLR,1230,1230,1666875.50,8646.50,16384,20,true,true,OK
CYK,1230,1230,0.00,0.00,0,0,false,false,TIMEOUT
LL,1230,1230,430395.50,2500.00,16384,20,true,true,OK
LR,1230,1230,481375.00,916.50,16384,20,true,true,OK
Leo,1305,1305,14267896.00,82854.00,16384,20,true,true,OK
GLL,1305,1305,2155750.00,3438.00,32768,20,true,true,OK
RNGLR,1305,1305,1701208.00,4854.00,16384,20,true,true,OK
BRNGLR,1305,1305,1556145.50,1916.50,16384,20,true,true,OK
CYK,1305,1305,0.00,0.00,0,0,false,false,TIMEOUT
LL,1305,1305,464354.00,6145.50,16384,20,true,true,OK
LR,1305,1305,511583.50,1354.00,16384,20,true,true,OK
Leo,1312,1312,14349687.50,80917.00,16384,20,true,true,OK
GLL,1312,1312,2185375.00,4645.50,16384,20,true,true,OK
RNGLR,1312,1312,1725770.50,4062.00,16384,20,true,true,OK
BRNGLR,1312,1312,1648479.50,20417.50,16384,20,true,true,OK
CYK,1312,1312,0.00,0.00,0,0,false,false,TIMEOUT
LL,1312,1312,467208.00,3833.50,16384,20,true,true,OK
LR,1312,1312,518749.50,937.50,16384,20,true,true,OK
Leo,1341,1341,14524833.50,112271.00,16384,20,true,true,OK
GLL,1341,1341,2228916.50,4312.00,16384,20,true,true,OK
RNGLR,1341,1341,1734395.50,4729.00,16384,20,true,true,OK
BRNGLR,1341,1341,1594499.50,4353.50,16384,20,true,true,OK
CYK,1341,1341,0.00,0.00,0,0,false,false,TIMEOUT
LL,1341,1341,465937.50,4541.50,16384,20,true,true,OK
LR,1341,1341,520750.00,437.50,16384,20,true,true,OK
Leo,1367,1367,14476062.50,72291.50,16384,20,true,true,OK
GLL,1367,1367,2229645.50,3312.50,16384,20,true,true,OK
RNGLR,1367,1367,1711021.00,4687.50,16384,20,true,true,OK
BRNGLR,1367,1367,1576521.00,4354.00,16384,20,true,true,OK
CYK,1367,1367,0.00,0.00,0,0,false,false,TIMEOUT
LL,1367,1367,467458.50,2271.00,16384,20,true,true,OK
LR,1367,1367,528375.00,2541.50,16384,20,true,true,OK
Leo,1382,1382,15268416.50,79208.00,16384,20,true,true,OK
GLL,1382,1382,2303541.50,6187.50,16384,20,true,true,OK
RNGLR,1382,1382,2103604.50,6021.50,16384,20,true,true,OK
BRNGLR,1382,1382,1943875.00,4562.50,16384,20,true,true,OK
CYK,1382,1382,0.00,0.00,0,0,false,false,TIMEOUT
LL,1382,1382,492874.50,4834.00,16384,20,true,true,OK
LR,1382,1382,547104.50,2438.00,16384,20,true,true,OK
Leo,1408,1408,16276771.00,404521.00,16384,20,true,true,OK
GLL,1408,1408,2325854.00,13291.50,16384,20,true,true,OK
RNGLR,1408,1408,2170729.00,6499.50,16384,20,true,true,OK
BRNGLR,1408,1408,2023250.00,5229.50,16384,20,true,true,OK
CYK,1408,1408,0.00,0.00,0,0,false,false,TIMEOUT
LL,1408,1408,503229.00,5271.00,16384,20,true,true,OK
LR,1408,1408,554771.00,1062.50,16384,20,true,true,OK
Leo,1412,1412,15131083.50,141833.00,16384,20,true,true,OK
GLL,1412,1412,2276312.50,2604.50,16384,20,true,true,OK
RNGLR,1412,1412,1857188.00,8271.50,16384,20,true,true,OK
BRNGLR,1412,1412,1741708.00,18583.50,16384,20,true,true,OK
CYK,1412,1412,0.00,0.00,0,0,false,false,TIMEOUT
LL,1412,1412,480645.50,6104.00,16384,20,true,true,OK
LR,1412,1412,542062.50,896.00,16384,20,true,true,OK
Leo,1457,1457,14953750.00,165646.00,16384,20,true,true,OK
GLL,1457,1457,2326229.00,6250.50,16384,20,true,true,OK
RNGLR,1457,1457,1743916.50,8875.00,16384,20,true,true,OK
BRNGLR,1457,1457,1607334.00,3834.50,16384,20,true,true,OK
CYK,1457,1457,0.00,0.00,0,0,false,false,TIMEOUT
LL,1457,1457,486625.00,5520.50,16384,20,true,true,OK
LR,1457,1457,549395.50,1166.50,16384,20,true,true,OK
Leo,1486,1486,16974125.00,126208.00,16384,20,true,true,OK
GLL,1486,1486,2478625.00,1833.50,16384,20,true,true,OK
RNGLR,1486,1486,2321125.00,5354.00,16384,20,true,true,OK
BRNGLR,1486,1486,2155625.50,5500.50,16384,20,true,true,OK
CYK,1486,1486,0.00,0.00,0,0,false,false,TIMEOUT
LL,1486,1486,531541.50,4812.00,16384,20,true,true,OK
LR,1486,1486,590062.50,1645.50,16384,20,true,true,OK
Leo,1488,1488,16018750.00,181895.50,16384,20,true,true,OK
GLL,1488,1488,2390083.00,4499.50,16384,20,true,true,OK
RNGLR,1488,1488,1781563.00,4979.00,16384,20,true,true,OK
BRNGLR,1488,1488,1633958.50,3604.00,16384,20,true,true,OK
CYK,1488,1488,0.00,0.00,0,0,false,false,TIMEOUT
LL,1488,1488,498895.50,2833.50,16384,20,true,true,OK
LR,1488,1488,567375.00,1042.00,16384,20,true,true,OK
Leo,1501,1501,16818833.50,142833.50,16384,20,true,true,OK
GLL,1501,1501,2503771.00,2292.00,16384,20,true,true,OK
RNGLR,1501,1501,1776062.50,7104.50,16384,20,true,true,OK
BRNGLR,1501,1501,1600979.50,9959.00,16384,20,true,true,OK
CYK,1501,1501,0.00,0.00,0,0,false,false,TIMEOUT
LL,1501,1501,529479.50,4750.50,16384,20,true,true,OK
LR,1501,1501,589687.50,1166.50,16384,20,true,true,OK
Leo,1523,1523,17630458.50,181583.50,16384,20,true,true,OK
GLL,1523,1523,2559208.50,5437.50,16384,20,true,true,OK
RNGLR,1523,1523,2390375.00,6833.50,16384,20,true,true,OK
BRNGLR,1523,1523,2217604.00,6062.50,16384,20,true,true,OK
CYK,1523,1523,0.00,0.00,0,0,false,false,TIMEOUT
LL,1523,1523,548312.50,5062.50,16384,20,true,true,OK
LR,1523,1523,602291.00,1396.00,16384,20,true,true,OK
Leo,1564,1564,16779083.00,84937.00,32768,20,true,true,OK
GLL,1564,1564,2545770.50,4542.00,16384,20,true,true,OK
RNGLR,1564,1564,1915812.00,9062.50,16384,20,true,true,OK
BRNGLR,1564,1564,1761104.00,3291.50,16384,20,true,true,OK
CYK,1564,1564,0.00,0.00,0,0,false,false,TIMEOUT
LL,1564,1564,537312.50,7208.00,16384,20,true,true,OK
LR,1564,1564,605521.00,521.00,16384,20,true,true,OK
Leo,1693,1693,19117437.50,102208.00,16384,20,true,true,OK
GLL,1693,1693,2774542.00,9730.00,16384,20,true,true,OK
RNGLR,1693,1693,2102166.50,5583.50,16384,20,true,true,OK
BRNGLR,1693,1693,1929791.50,6521.00,16384,20,true,true,OK
CYK,1693,1693,0.00,0.00,0,0,false,false,TIMEOUT
LL,1693,1693,579396.00,5041.50,16384,20,true,true,OK
LR,1693,1693,652854.50,2104.00,16384,20,true,true,OK
Leo,1763,1763,20371271.00,144624.50,16384,20,true,true,OK
GLL,1763,1763,2921000.00,8437.50,16384,20,true,true,OK
RNGLR,1763,1763,2577896.00,8791.50,16384,20,true,true,OK
BRNGLR,1763,1763,2410791.50,5062.50,16384,20,true,true,OK
CYK,1763,1763,0.00,0.00,0,0,false,false,TIMEOUT
LL,1763,1763,628958.50,4521.00,16384,20,true,true,OK
LR,1763,1763,691875.00,2854.00,16384,20,true,true,OK
Leo,1841,1841,21815062.00,259875.00,32768,20,true,true,OK
GLL,1841,1841,3094624.50,7916.50,32768,20,true,true,OK
RNGLR,1841,1841,2485749.50,5541.50,16384,20,true,true,OK
BRNGLR,1841,1841,2287771.00,9458.00,16384,20,true,true,OK
CYK,1841,1841,0.00,0.00,0,0,false,false,TIMEOUT
LL,1841,1841,656813.00,8396.00,16384,20,true,true,OK
LR,1841,1841,720354.00,2312.00,16384,20,true,true,OK
Leo,1881,1881,23197500.50,290771.50,16384,20,true,true,OK
GLL,1881,1881,3200104.50,29771.50,16384,20,true,true,OK
RNGLR,1881,1881,3190354.50,8896.00,16384,20,true,true,OK
BRNGLR,1881,1881,2979562.50,6187.50,16384,20,true,true,OK
CYK,1881,1881,0.00,0.00,0,0,false,false,TIMEOUT
LL,1881,1881,672312.50,7291.50,16384,20,true,true,OK
LR,1881,1881,740791.50,1687.50,16384,20,true,true,OK
Leo,2053,2053,25983687.50,215104.00,16384,20,true,true,OK
GLL,2053,2053,3529187.50,29249.50,16384,20,true,true,OK
RNGLR,2053,2053,3765375.50,72458.00,16384,20,true,true,OK
BRNGLR,2053,2053,3431854.00,20458.00,16384,20,true,true,OK
CYK,2053,2053,0.00,0.00,0,0,false,false,TIMEOUT
LL,2053,2053,744208.00,5646.00,16384,20,true,true,OK
LR,2053,2053,816687.50,2646.00,16384,20,true,true,OK
Leo,2091,2091,26370167.00,427542.00,16384,19,true,true,OK
GLL,2091,2091,3579125.00,11021.00,16384,20,true,true,OK
RNGLR,2091,2091,3015937.50,14333.00,16384,20,true,true,OK
BRNGLR,2091,2091,2789958.00,13562.50,16384,20,true,true,OK
CYK,2091,2091,0.00,0.00,0,0,false,false,TIMEOUT
LL,2091,2091,745812.50,8937.50,16384,20,true,true,OK
LR,2091,2091,823083.50,1271.00,16384,20,true,true,OK
Leo,2238,2238,27281041.00,274834.00,16384,19,true,true,OK
GLL,2238,2238,3735542.00,8812.50,16384,20,true,true,OK
RNGLR,2238,2238,2785479.00,6291.50,16384,20,true,true,OK
BRNGLR,2238,2238,2543687.50,2374.50,16384,20,true,true,OK
CYK,2238,2238,0.00,0.00,0,0,false,false,TIMEOUT
LL,2238,2238,798250.00,10791.50,16384,20,true,true,OK
LR,2238,2238,879583.50,1895.50,16384,20,true,true,OK
Leo,2273,2273,28536333.50,206708.50,16384,18,true,true,OK
GLL,2273,2273,3821208.50,27709.00,16384,20,true,true,OK
RNGLR,2273,2273,4143354.50,8417.00,16384,20,true,true,OK
BRNGLR,2273,2273,3894270.50,6041.00,16384,20,true,true,OK
CYK,2273,2273,0.00,0.00,0,0,false,false,TIMEOUT
LL,2273,2273,807396.00,6167.00,16384,20,true,true,OK
LR,2273,2273,899291.50,1874.50,16384,20,true,true,OK
Leo,2307,2307,29271958.00,240063.00,16384,18,true,true,OK
GLL,2307,2307,3890146.50,14000.00,16384,20,true,true,OK
RNGLR,2307,2307,3452708.50,6208.00,16384,20,true,true,OK
BRNGLR,2307,2307,3192000.00,5208.50,16384,20,true,true,OK
CYK,2307,2307,0.00,0.00,0,0,false,false,TIMEOUT
LL,2307,2307,818312.50,7979.50,16384,20,true,true,OK
LR,2307,2307,902312.50,2042.00,16384,20,true,true,OK
Leo,2401,2401,35088792.00,72292.00,16384,15,true,true,OK
GLL,2401,2401,3983479.50,13541.50,16384,20,true,true,OK
RNGLR,2401,2401,3135438.00,7709.00,16384,20,true,true,OK
BRNGLR,2401,2401,2871167.00,9395.50,16384,20,true,true,OK
CYK,2401,2401,0.00,0.00,0,0,false,false,TIMEOUT
LL,2401,2401,845667.00,12500.50,16384,20,true,true,OK
LR,2401,2401,943479.00,2708.00,16384,20,true,true,OK
Leo,2459,2459,36640938.00,86645.50,16384,14,true,true,OK
GLL,2459,2459,4173458.50,8459.00,16384,20,true,true,OK
RNGLR,2459,2459,4636042.00,10187.50,16384,20,true,true,OK
BRNGLR,2459,2459,4360750.00,12812.50,16384,20,true,true,OK
CYK,2459,2459,0.00,0.00,0,0,false,false,TIMEOUT
LL,2459,2459,887666.50,8417.00,16384,20,true,true,OK
LR,2459,2459,972708.00,2813.00,16384,20,true,true,OK
Leo,2464,2464,36200125.50,67500.50,16384,14,true,true,OK
GLL,2464,2464,4186604.00,17666.50,16384,20,true,true,OK
RNGLR,2464,2464,3803062.50,6229.00,16384,20,true,true,OK
BRNGLR,2464,2464,3545812.50,8375.00,16384,20,true,true,OK
CYK,2464,2464,0.00,0.00,0,0,false,false,TIMEOUT
LL,2464,2464,878271.00,10125.00,16384,20,true,true,OK
LR,2464,2464,967958.00,1416.50,16384,20,true,true,OK
Leo,2538,2538,37775271.00,72896.00,16384,14,true,true,OK
GLL,2538,2538,4260646.00,13604.50,16384,20,true,true,OK
RNGLR,2538,2538,4823104.00,8437.50,16384,20,true,true,OK
BRNGLR,2538,2538,4545749.50,14604.00,16384,20,true,true,OK
CYK,2538,2538,0.00,0.00,0,0,false,false,TIMEOUT
LL,2538,2538,903271.00,9125.50,16384,20,true,true,OK
LR,2538,2538,1002187.50,1333.50,16384,20,true,true,OK
Leo,2600,2600,35713937.50,54645.50,16384,14,true,true,OK
GLL,2600,2600,4268729.00,11937.50,32768,20,true,true,OK
RNGLR,2600,2600,3166667.00,12520.00,16384,20,true,true,OK
BRNGLR,2600,2600,2921646.00,14000.00,16384,20,true,true,OK
CYK,2600,2600,0.00,0.00,0,0,false,false,TIMEOUT
LL,2600,2600,887687.50,14374.50,16384,20,true,true,OK
LR,2600,2600,989084.00,2084.00,16384,20,true,true,OK
Leo,2667,2667,34055500.00,38334.00,16384,15,true,true,OK
GLL,2667,2667,4128896.00,13520.50,16384,20,true,true,OK
RNGLR,2667,2667,2940354.00,7750.00,16384,20,true,true,OK
BRNGLR,2667,2667,2707562.50,5542.00,16384,20,true,true,OK
CYK,2667,2667,0.00,0.00,0,0,false,false,TIMEOUT
LL,2667,2667,863708.50,7229.00,16384,20,true,true,OK
LR,2667,2667,974687.00,1312.50,16384,20,true,true,OK
Leo,2673,2673,39827042.00,79875.00,16384,13,true,true,OK
GLL,2673,2673,4460792.00,11041.50,16384,20,true,true,OK
RNGLR,2673,2673,5206896.00,10521.00,16384,20,true,true,OK
BRNGLR,2673,2673,4932187.00,48978.50,16384,20,true,true,OK
CYK,2673,2673,0.00,0.00,0,0,false,false,TIMEOUT
LL,2673,2673,959083.00,12395.50,16384,20,true,true,OK
LR,2673,2673,1059250.00,3521.00,16384,20,true,true,OK
Leo,2745,2745,39392208.00,62749.00,16384,13,true,true,OK
GLL,2745,2745,4553291.50,12958.00,16384,20,true,true,OK
RNGLR,2745,2745,3958917.00,7833.50,16384,20,true,true,OK
BRNGLR,2745,2745,3667583.50,9417.00,16384,20,true,true,OK
CYK,2745,2745,0.00,0.00,0,0,false,false,TIMEOUT
LL,2745,2745,965542.00,9854.50,16384,20,true,true,OK
LR,2745,2745,1070958.00,895.50,16384,20,true,true,OK
Leo,2776,2776,41110083.00,209375.00,16384,13,true,true,OK
GLL,2776,2776,4715125.00,35500.00,16384,20,true,true,OK
RNGLR,2776,2776,5094917.00,10770.50,16384,20,true,true,OK
BRNGLR,2776,2776,4781896.00,11791.50,16384,20,true,true,OK
CYK,2776,2776,0.00,0.00,0,0,false,false,TIMEOUT
LL,2776,2776,983083.50,7666.00,16384,20,true,true,OK
LR,2776,2776,1094646.00,1416.50,16384,20,true,true,OK
Leo,2886,2886,41132875.00,174458.00,16384,13,true,true,OK
GLL,2886,2886,4775604.00,25333.00,16384,20,true,true,OK
RNGLR,2886,2886,4901563.00,13271.00,16384,20,true,true,OK
BRNGLR,2886,2886,4592646.50,10437.50,16384,20,true,true,OK
CYK,2886,2886,0.00,0.00,0,0,false,false,TIMEOUT
LL,2886,2886,993458.50,8291.50,16384,20,true,true,OK
LR,2886,2886,1113854.50,1708.50,16384,20,true,true,OK
Leo,2929,2929,43734083.50,129583.50,16384,12,true,true,OK
GLL,2929,2929,4949249.50,25521.00,16384,20,true,true,OK
RNGLR,2929,2929,5839021.00,5812.50,16384,20,true,true,OK
BRNGLR,2929,2929,5531812.00,14249.00,16384,20,true,true,OK
CYK,2929,2929,0.00,0.00,0,0,false,false,TIMEOUT
LL,2929,2929,1037313.00,7271.00,16384,20,true,true,OK
LR,2929,2929,1158541.50,3021.00,16384,20,true,true,OK
Leo,2959,2959,42249479.00,221479.00,16384,12,true,true,OK
GLL,2959,2959,5087354.50,157313.00,16384,20,true,true,OK
RNGLR,2959,2959,4026958.50,9625.00,16384,20,true,true,OK
BRNGLR,2959,2959,3731792.00,7333.50,16384,20,true,true,OK
CYK,2959,2959,0.00,0.00,0,0,false,false,TIMEOUT
LL,2959,2959,1022333.50,7500.00,16384,20,true,true,OK
LR,2959,2959,1146708.00,1520.50,16384,20,true,true,OK
Leo,2976,2976,42751416.50,238833.00,16384,12,true,true,OK
GLL,2976,2976,4944458.00,18125.00,311296,20,true,true,OK
RNGLR,2976,2976,4205167.00,14458.00,16384,20,true,true,OK
BRNGLR,2976,2976,3927146.00,10854.00,16384,20,true,true,OK
CYK,2976,2976,0.00,0.00,0,0,false,false,TIMEOUT
LL,2976,2976,1032479.00,7874.50,16384,20,true,true,OK
LR,2976,2976,1149104.00,2250.00,16384,20,true,true,OK
Leo,3295,3295,49876167.00,276896.00,16384,10,true,true,OK
GLL,3295,3295,5527812.50,33687.50,16384,20,true,true,OK
RNGLR,3295,3295,6999937.00,7312.50,16384,20,true,true,OK
BRNGLR,3295,3295,6649229.00,9896.00,16384,20,true,true,OK
CYK,3295,3295,0.00,0.00,0,0,false,false,TIMEOUT
LL,3295,3295,1170291.50,9000.00,16384,20,true,true,OK
LR,3295,3295,1303604.50,1916.50,16384,20,true,true,OK
Leo,3301,3301,48708084.00,189751.00,16384,11,true,true,OK
GLL,3301,3301,5468000.00,19916.50,16384,20,true,true,OK
RNGLR,3301,3301,4969750.50,12416.50,16384,20,true,true,OK
BRNGLR,3301,3301,4633479.00,11874.50,16384,20,true,true,OK
CYK,3301,3301,0.00,0.00,0,0,false,false,TIMEOUT
LL,3301,3301,1155104.50,12250.00,16384,20,true,true,OK
LR,3301,3301,1292104.00,1812.50,16384,20,true,true,OK
Leo,3319,3319,47833000.00,178667.00,16384,11,true,true,OK
GLL,3319,3319,5417083.00,16541.50,16384,20,true,true,OK
RNGLR,3319,3319,4211021.00,10542.00,16384,20,true,true,OK
BRNGLR,3319,3319,3883208.00,14334.00,16384,20,true,true,OK
CYK,3319,3319,0.00,0.00,0,0,false,false,TIMEOUT
LL,3319,3319,1147229.50,12021.00,16384,20,true,true,OK
LR,3319,3319,1275979.50,2229.00,16384,20,true,true,OK
Leo,3337,3337,49972062.50,95729.00,16384,10,true,true,OK
GLL,3337,3337,5574479.50,19438.00,16384,20,true,true,OK
RNGLR,3337,3337,6883854.50,8229.00,16384,20,true,true,OK
BRNGLR,3337,3337,6538333.00,12458.50,16384,20,true,true,OK
CYK,3337,3337,0.00,0.00,0,0,false,false,TIMEOUT
LL,3337,3337,1178812.50,7687.50,16384,20,true,true,OK
LR,3337,3337,1313645.50,1604.50,16384,20,true,true,OK
Leo,3341,3341,50794292.00,66709.00,16384,10,true,true,OK
GLL,3341,3341,5719125.50,63250.50,16384,20,true,true,OK
RNGLR,3341,3341,7264562.50,8708.00,16384,20,true,true,OK
BRNGLR,3341,3341,6887187.50,12145.50,16384,20,true,true,OK
CYK,3341,3341,0.00,0.00,0,0,false,false,TIMEOUT
LL,3341,3341,1199916.00,8042.00,16384,20,true,true,OK
LR,3341,3341,1318999.50,1625.00,16384,20,true,true,OK
Leo,3352,3352,51304375.00,90479.50,16384,10,true,true,OK
GLL,3352,3352,5661770.50,50604.00,16384,20,true,true,OK
RNGLR,3352,3352,7170146.00,11708.50,16384,20,true,true,OK
BRNGLR,3352,3352,6808375.00,15854.50,16384,20,true,true,OK
CYK,3352,3352,0.00,0.00,0,0,false,false,TIMEOUT
LL,3352,3352,1186771.00,8500.00,16384,20,true,true,OK
LR,3352,3352,1330208.50,2500.00,16384,20,true,true,OK
Leo,3369,3369,50895312.50,99771.00,16384,10,true,true,OK
GLL,3369,3369,5777562.50,31187.50,16384,20,true,true,OK
RNGLR,3369,3369,6792083.50,17124.50,16384,20,true,true,OK
BRNGLR,3369,3369,6394104.50,11229.00,16384,20,true,true,OK
CYK,3369,3369,0.00,0.00,0,0,false,false,TIMEOUT
LL,3369,3369,1196042.00,11562.50,16384,20,true,true,OK
LR,3369,3369,1333458.50,2792.00,16384,20,true,true,OK
Leo,3377,3377,51349729.50,25791.50,16384,10,true,true,OK
GLL,3377,3377,5646854.50,20250.00,16384,20,true,true,OK
RNGLR,3377,3377,7346895.50,15271.00,16384,20,true,true,OK
BRNGLR,3377,3377,6996146.00,9833.50,16384,20,true,true,OK
CYK,3377,3377,0.00,0.00,0,0,false,false,TIMEOUT
LL,3377,3377,1211728.50,13896.50,16384,20,true,true,OK
LR,3377,3377,1338271.00,1875.50,16384,20,true,true,OK
Leo,3450,3450,52397750.00,80479.50,16384,10,true,true,OK
GLL,3450,3450,5800229.00,28625.00,16384,20,true,true,OK
RNGLR,3450,3450,7591042.00,9895.50,16384,20,true,true,OK
BRNGLR,3450,3450,7203979.00,14687.50,16384,20,true,true,OK
CYK,3450,3450,0.00,0.00,0,0,false,false,TIMEOUT
LL,3450,3450,1232250.00,10542.00,16384,20,true,true,OK
LR,3450,3450,1367188.00,3125.50,16384,20,true,true,OK
Leo,3486,3486,53885854.00,95520.50,16384,10,true,true,OK
GLL,3486,3486,6018083.00,73333.00,16384,20,true,true,OK
RNGLR,3486,3486,7747000.00,11979.00,16384,20,true,true,OK
BRNGLR,3486,3486,7362396.00,10708.50,16384,20,true,true,OK
CYK,3486,3486,0.00,0.00,0,0,false,false,TIMEOUT
LL,3486,3486,1244417.00,6645.50,16384,20,true,true,OK
LR,3486,3486,1386646.50,3791.50,16384,20,true,true,OK
Leo,3495,3495,52988750.00,435354.00,16384,10,true,true,OK
GLL,3495,3495,5837479.50,22188.00,16384,20,true,true,OK
RNGLR,3495,3495,5731292.00,6521.00,16384,20,true,true,OK
BRNGLR,3495,3495,5363354.00,6625.50,16384,20,true,true,OK
CYK,3495,3495,0.00,0.00,0,0,false,false,TIMEOUT
LL,3495,3495,1243917.00,10479.50,16384,20,true,true,OK
LR,3495,3495,1377354.00,1083.50,16384,20,true,true,OK
Leo,3498,3498,50746874.50,494041.50,16384,10,true,true,OK
GLL,3498,3498,5751896.00,27479.50,16384,20,true,true,OK
RNGLR,3498,3498,4499937.50,51937.50,16384,20,true,true,OK
BRNGLR,3498,3498,4165354.50,11166.50,16384,20,true,true,OK
CYK,3498,3498,0.00,0.00,0,0,false,false,TIMEOUT
LL,3498,3498,1203042.00,13854.50,16384,20,true,true,OK
LR,3498,3498,1341437.50,1604.00,16384,20,true,true,OK
Leo,3527,3527,53407458.00,108270.50,16384,10,true,true,OK
GLL,3527,3527,5961854.00,50520.50,16384,20,true,true,OK
RNGLR,3527,3527,7842083.50,11062.00,16384,20,true,true,OK
BRNGLR,3527,3527,7466042.00,8604.50,16384,20,true,true,OK
CYK,3527,3527,0.00,0.00,0,0,false,false,TIMEOUT
LL,3527,3527,1252771.00,7292.00,16384,20,true,true,OK
LR,3527,3527,1396812.50,2875.00,16384,20,true,true,OK
Leo,3566,3566,52665520.50,165145.00,16384,10,true,true,OK
GLL,3566,3566,6073875.50,55792.00,16384,20,true,true,OK
RNGLR,3566,3566,7177521.00,7313.00,16384,20,true,true,OK
BRNGLR,3566,3566,6757250.00,11354.00,16384,20,true,true,OK
CYK,3566,3566,0.00,0.00,0,0,false,false,TIMEOUT
LL,3566,3566,1249062.50,12312.00,16384,20,true,true,OK
LR,3566,3566,1402979.00,7375.50,16384,20,true,true,OK
Leo,3602,3602,53833479.50,87042.00,16384,10,true,true,OK
GLL,3602,3602,6093375.00,33208.00,16384,20,true,true,OK
RNGLR,3602,3602,5124292.00,10895.50,16384,20,true,true,OK
BRNGLR,3602,3602,4775417.00,11083.00,16384,20,true,true,OK
CYK,3602,3602,0.00,0.00,0,0,false,false,TIMEOUT
LL,3602,3602,1265562.00,10999.50,16384,20,true,true,OK
LR,3602,3602,1412459.00,1521.50,16384,20,true,true,OK
Leo,3628,3628,54173020.50,64125.00,16384,10,true,true,OK
GLL,3628,3628,6365854.50,57271.50,16384,20,true,true,OK
RNGLR,3628,3628,5839271.00,13416.50,16384,20,true,true,OK
BRNGLR,3628,3628,5444250.00,9333.00,16384,20,true,true,OK
CYK,3628,3628,0.00,0.00,0,0,false,false,TIMEOUT
LL,3628,3628,1282729.00,10667.00,16384,20,true,true,OK
LR,3628,3628,1471625.00,10541.50,16384,20,true,true,OK
Leo,3669,3669,53920000.00,47895.50,16384,10,true,true,OK
GLL,3669,3669,6366062.50,23917.00,16384,20,true,true,OK
RNGLR,3669,3669,5832145.50,15396.00,16384,20,true,true,OK
BRNGLR,3669,3669,5455541.50,13396.00,16384,20,true,true,OK
CYK,3669,3669,0.00,0.00,0,0,false,false,TIMEOUT
LL,3669,3669,1278646.00,12291.50,16384,20,true,true,OK
LR,3669,3669,1441875.00,1542.00,16384,20,true,true,OK
Leo,3721,3721,55700875.00,72208.00,16384,10,true,true,OK
GLL,3721,3721,6436000.00,48291.50,16384,20,true,true,OK
RNGLR,3721,3721,6595708.00,8229.00,16384,20,true,true,OK
BRNGLR,3721,3721,6219021.00,14875.00,16384,20,true,true,OK
CYK,3721,3721,0.00,0.00,0,0,false,false,TIMEOUT
LL,3721,3721,1312375.00,11229.00,16384,20,true,true,OK
LR,3721,3721,1458729.00,2875.00,16384,20,true,true,OK
Leo,3724,3724,56424312.50,179333.50,16384,10,true,true,OK
GLL,3724,3724,6607916.50,42937.00,16384,20,true,true,OK
RNGLR,3724,3724,5922458.50,21812.50,16384,20,true,true,OK
BRNGLR,3724,3724,5530209.00,17063.00,16384,20,true,true,OK
CYK,3724,3724,0.00,0.00,0,0,false,false,TIMEOUT
LL,3724,3724,1328938.00,16833.00,16384,20,true,true,OK
LR,3724,3724,1467646.00,1896.50,16384,20,true,true,OK
Leo,3797,3797,57803291.50,61103.50,16384,10,true,true,OK
GLL,3797,3797,6701687.00,62792.00,16384,20,true,true,OK
RNGLR,3797,3797,8811875.00,12187.50,16384,20,true,true,OK
BRNGLR,3797,3797,8391749.50,5520.50,16384,20,true,true,OK
CYK,3797,3797,0.00,0.00,0,0,false,false,TIMEOUT
LL,3797,3797,1347145.50,10228.50,16384,20,true,true,OK
LR,3797,3797,1541416.00,9272.00,16384,20,true,true,OK
Leo,3799,3799,58484041.50,95853.50,16384,10,true,true,OK
GLL,3799,3799,6683833.00,34937.50,16384,20,true,true,OK
RNGLR,3799,3799,8925354.00,12229.50,16384,20,true,true,OK
BRNGLR,3799,3799,8511208.00,15208.00,16384,20,true,true,OK
CYK,3799,3799,0.00,0.00,0,0,false,false,TIMEOUT
LL,3799,3799,1355500.00,5271.00,16384,20,true,true,OK
LR,3799,3799,1498645.50,2625.00,16384,20,true,true,OK
Leo,3995,3995,60256063.00,100062.50,16384,10,true,true,OK
GLL,3995,3995,6933063.00,9874.50,16384,20,true,true,OK
RNGLR,3995,3995,6691250.00,22395.50,16384,20,true,true,OK
BRNGLR,3995,3995,6266771.00,15083.50,16384,20,true,true,OK
CYK,3995,3995,0.00,0.00,0,0,false,false,TIMEOUT
LL,3995,3995,1424770.50,11187.50,16384,20,true,true,OK
LR,3995,3995,1588708.50,4666.50,16384,20,true,true,OK
Leo,4101,4101,63488083.50,129354.50,16384,10,true,true,OK
GLL,4101,4101,7336583.00,36896.00,32768,20,true,true,OK
RNGLR,4101,4101,9697645.50,19562.50,16384,20,true,true,OK
BRNGLR,4101,4101,9222166.50,17416.50,16384,20,true,true,OK
CYK,4101,4101,0.00,0.00,0,0,false,false,TIMEOUT
LL,4101,4101,1460124.50,18438.00,16384,20,true,true,OK
LR,4101,4101,1622479.50,1875.00,16384,20,true,true,OK
Leo,4137,4137,62922583.50,297917.00,16384,10,true,true,OK
GLL,4137,4137,7513750.00,113167.00,16384,20,true,true,OK
RNGLR,4137,4137,7241958.50,14812.50,16384,20,true,true,OK
BRNGLR,4137,4137,6794792.00,13021.00,16384,20,true,true,OK
CYK,4137,4137,0.00,0.00,0,0,false,false,TIMEOUT
LL,4137,4137,1468500.00,11854.00,16384,20,true,true,OK
LR,4137,4137,1633396.50,2229.50,16384,20,true,true,OK
Leo,4178,4178,63885458.00,155125.00,16384,10,true,true,OK
GLL,4178,4178,7753562.50,90104.00,16384,20,true,true,OK
RNGLR,4178,4178,8792833.50,21750.00,16384,20,true,true,OK
BRNGLR,4178,4178,8353791.50,7271.50,16384,20,true,true,OK
CYK,4178,4178,0.00,0.00,0,0,false,false,TIMEOUT
LL,4178,4178,1496375.00,9229.00,16384,20,true,true,OK
LR,4178,4178,1652187.00,3520.50,16384,20,true,true,OK
Leo,4229,4229,65801479.50,357395.50,16384,10,true,true,OK
GLL,4229,4229,8002812.00,51624.50,16384,20,true,true,OK
RNGLR,4229,4229,10610562.50,30124.50,16384,20,true,true,OK
BRNGLR,4229,4229,10150438.00,16916.50,16384,20,true,true,OK
CYK,4229,4229,0.00,0.00,0,0,false,false,TIMEOUT
LL,4229,4229,1508271.00,10063.00,16384,20,true,true,OK
LR,4229,4229,1688708.50,4854.00,16384,20,true,true,OK
Leo,4277,4277,64697375.00,132750.00,16384,10,true,true,OK
GLL,4277,4277,7885208.00,111146.00,16384,20,true,true,OK
RNGLR,4277,4277,8283729.00,15083.00,16384,20,true,true,OK
BRNGLR,4277,4277,7827875.00,24937.50,16384,20,true,true,OK
CYK,4277,4277,0.00,0.00,0,0,false,false,TIMEOUT
LL,4277,4277,1523083.00,13563.00,16384,20,true,true,OK
LR,4277,4277,1683312.50,2583.00,16384,20,true,true,OK
Leo,4407,4407,67385375.00,135833.00,16384,10,true,true,OK
GLL,4407,4407,8177937.50,81479.50,16384,20,true,true,OK
RNGLR,4407,4407,9490396.00,15520.50,16384,20,true,true,OK
BRNGLR,4407,4407,9008021.00,12041.50,16384,20,true,true,OK
CYK,4407,4407,0.00,0.00,0,0,false,false,TIMEOUT
LL,4407,4407,1584438.00,15417.00,16384,20,true,true,OK
LR,4407,4407,1743083.50,3187.50,16384,20,true,true,OK
Leo,4470,4470,68685854.50,149479.00,16384,10,true,true,OK
GLL,4470,4470,8438437.50,53791.50,16384,20,true,true,OK
RNGLR,4470,4470,11544645.50,13104.00,16384,20,true,true,OK
BRNGLR,4470,4470,11052646.00,20646.00,16384,20,true,true,OK
CYK,4470,4470,0.00,0.00,0,0,false,false,TIMEOUT
LL,4470,4470,1592666.50,11249.50,16384,20,true,true,OK
LR,4470,4470,1776625.00,3583.50,16384,20,true,true,OK
Leo,4499,4499,69429729.50,333750.00,16384,10,true,true,OK
GLL,4499,4499,8220812.50,94854.00,16384,20,true,true,OK
RNGLR,4499,4499,11579104.00,11083.00,16384,20,true,true,OK
BRNGLR,4499,4499,11084292.00,22312.50,16384,20,true,true,OK
CYK,4499,4499,0.00,0.00,0,0,false,false,TIMEOUT
LL,4499,4499,1611854.00,12562.50,16384,20,true,true,OK
LR,4499,4499,1777208.50,1416.50,16384,20,true,true,OK
Leo,4500,4500,68751521.00,35791.50,16384,10,true,true,OK
GLL,4500,4500,8215437.00,118313.00,16384,20,true,true,OK
RNGLR,4500,4500,9177896.00,9687.50,16384,20,true,true,OK
BRNGLR,4500,4500,8686687.50,13542.00,16384,20,true,true,OK
CYK,4500,4500,0.00,0.00,0,0,false,false,TIMEOUT
LL,4500,4500,1610562.50,12812.50,16384,20,true,true,OK
LR,4500,4500,1778604.00,1125.00,16384,20,true,true,OK
Leo,4524,4524,66819479.00,85958.50,16384,10,true,true,OK
GLL,4524,4524,7945895.50,78271.00,16384,20,true,true,OK
RNGLR,4524,4524,6367250.00,10958.00,16384,20,true,true,OK
BRNGLR,4524,4524,5898604.50,15083.00,16384,20,true,true,OK
CYK,4524,4524,0.00,0.00,0,0,false,false,TIMEOUT
LL,4524,4524,1597938.00,20250.00,16384,20,true,true,OK
LR,4524,4524,1767875.00,2729.50,16384,20,true,true,OK
Leo,4626,4626,72040937.50,65020.50,16384,10,true,true,OK
GLL,4626,4626,8663708.00,63104.00,16384,20,true,true,OK
RNGLR,4626,4626,12187770.50,16250.00,16384,20,true,true,OK
BRNGLR,4626,4626,11692979.50,22521.00,475136,20,true,true,OK
CYK,4626,4626,0.00,0.00,0,0,false,false,TIMEOUT
LL,4626,4626,1656125.00,8771.00,16384,20,true,true,OK
LR,4626,4626,1878645.50,37895.50,16384,20,true,true,OK
Leo,4686,4686,69482458.50,100249.50,16384,10,true,true,OK
GLL,4686,4686,8666521.50,74104.50,16384,20,true,true,OK
RNGLR,4686,4686,8494729.50,10458.50,16384,20,true,true,OK
BRNGLR,4686,4686,8026312.50,13645.50,16384,20,true,true,OK
CYK,4686,4686,0.00,0.00,0,0,false,false,TIMEOUT
LL,4686,4686,1651104.00,12083.00,16384,20,true,true,OK
LR,4686,4686,1818938.00,1500.00,16384,20,true,true,OK
Leo,4700,4700,70226812.50,119104.50,16384,10,true,true,OK
GLL,4700,4700,8575895.50,81437.00,16384,20,true,true,OK
RNGLR,4700,4700,8419208.00,10792.50,16384,20,true,true,OK
BRNGLR,4700,4700,7904604.00,12104.50,16384,20,true,true,OK
CYK,4700,4700,0.00,0.00,0,0,false,false,TIMEOUT
LL,4700,4700,1681437.50,10771.00,16384,20,true,true,OK
LR,4700,4700,1853229.50,3750.00,16384,20,true,true,OK
Leo,4756,4756,69994792.00,53187.50,16384,10,true,true,OK
GLL,4756,4756,8570396.50,80250.50,16384,20,true,true,OK
RNGLR,4756,4756,7062270.50,15750.00,16384,20,true,true,OK
BRNGLR,4756,4756,6615166.00,10687.50,16384,20,true,true,OK
CYK,4756,4756,0.00,0.00,0,0,false,false,TIMEOUT
LL,4756,4756,1636604.50,14125.50,16384,20,true,true,OK
LR,4756,4756,1830083.50,1813.00,16384,20,true,true,OK
Leo,4774,4774,76834812.00,313208.00,16384,10,true,true,OK
GLL,4774,4774,8611125.00,43125.00,16384,20,true,true,OK
RNGLR,4774,4774,7945646.50,32772.00,16384,20,true,true,OK
BRNGLR,4774,4774,7414978.50,16166.00,16384,20,true,true,OK
CYK,4774,4774,0.00,0.00,0,0,false,false,TIMEOUT
LL,4774,4774,1703458.50,15146.00,16384,20,true,true,OK
LR,4774,4774,1872917.00,1812.50,16384,20,true,true,OK
Leo,4817,4817,78513458.00,315499.50,16384,10,true,true,OK
GLL,4817,4817,8935458.50,94563.00,16384,20,true,true,OK
RNGLR,4817,4817,12855979.50,14500.00,16384,20,true,true,OK
BRNGLR,4817,4817,12287312.50,18229.00,16384,20,true,true,OK
CYK,4817,4817,0.00,0.00,0,0,false,false,TIMEOUT
LL,4817,4817,1734416.50,18562.50,16384,20,true,true,OK
LR,4817,4817,1911104.00,2375.50,16384,20,true,true,OK
Leo,4835,4835,78118708.50,122833.00,16384,10,true,true,OK
GLL,4835,4835,8914166.00,74583.50,16384,20,true,true,OK
RNGLR,4835,4835,7528145.50,17792.00,16384,20,true,true,OK
BRNGLR,4835,4835,7034458.00,13707.50,16384,20,true,true,OK
CYK,4835,4835,0.00,0.00,0,0,false,false,TIMEOUT
LL,4835,4835,1707104.50,14479.00,16384,20,true,true,OK
LR,4835,4835,1879604.00,854.00,16384,20,true,true,OK
Leo,4911,4911,80303958.50,52312.00,16384,10,true,true,OK
GLL,4911,4911,9250770.50,89958.50,16384,20,true,true,OK
RNGLR,4911,4911,13357271.00,11271.00,16384,20,true,true,OK
BRNGLR,4911,4911,12839291.00,8687.50,16384,20,true,true,OK
CYK,4911,4911,0.00,0.00,0,0,false,false,TIMEOUT
LL,4911,4911,1762666.50,15604.00,16384,20,true,true,OK
LR,4911,4911,1938833.00,1916.50,16384,20,true,true,OK
Leo,4912,4912,77957167.00,207708.50,16384,10,true,true,OK
GLL,4912,4912,8921917.00,77500.50,16384,20,true,true,OK
RNGLR,4912,4912,8082958.50,23771.00,16384,20,true,true,OK
BRNGLR,4912,4912,7587729.50,14791.50,16384,20,true,true,OK
CYK,4912,4912,0.00,0.00,0,0,false,false,TIMEOUT
LL,4912,4912,1717708.00,7854.50,16384,20,true,true,OK
LR,4912,4912,1914417.00,3229.00,16384,20,true,true,OK
Leo,4920,4920,77039604.00,68229.50,16384,10,true,true,OK
GLL,4920,4920,9328604.50,434521.00,16384,20,true,true,OK
RNGLR,4920,4920,7152624.50,33000.50,16384,20,true,true,OK
BRNGLR,4920,4920,6643604.00,37771.00,16384,20,true,true,OK
CYK,4920,4920,0.00,0.00,0,0,false,false,TIMEOUT
LL,4920,4920,1702333.00,15270.00,16384,20,true,true,OK
LR,4920,4920,1897354.00,1562.50,16384,20,true,true,OK
Leo,4960,4960,72761625.00,217604.00,16384,10,true,true,OK
GLL,4960,4960,8423791.50,65374.50,16384,20,true,true,OK
RNGLR,4960,4960,5938875.50,14896.00,16384,20,true,true,OK
BRNGLR,4960,4960,5499333.00,13479.50,16384,20,true,true,OK
CYK,4960,4960,0.00,0.00,0,0,false,false,TIMEOUT
LL,4960,4960,1639000.50,11063.00,16384,20,true,true,OK
LR,4960,4960,1863271.00,3312.50,16384,20,true,true,OK
Leo,5011,5011,75961729.50,96563.00,16384,10,true,true,OK
GLL,5011,5011,8583521.00,36437.50,16384,20,true,true,OK
RNGLR,5011,5011,6332729.50,8708.50,16384,20,true,true,OK
BRNGLR,5011,5011,5847479.50,13458.00,16384,20,true,true,OK
CYK,5011,5011,0.00,0.00,0,0,false,false,TIMEOUT
LL,5011,5011,1701750.00,11813.00,16384,20,true,true,OK
LR,5011,5011,1911875.00,1812.50,16384,20,true,true,OK
Leo,5012,5012,81557812.50,129208.50,16384,10,true,true,OK
GLL,5012,5012,9358979.00,58833.00,16384,20,true,true,OK
RNGLR,5012,5012,13731500.00,13437.50,16384,20,true,true,OK
BRNGLR,5012,5012,13218271.00,38958.50,16384,20,true,true,OK
CYK,5012,5012,0.00,0.00,0,0,false,false,TIMEOUT
LL,5012,5012,1779812.50,9104.00,16384,20,true,true,OK
LR,5012,5012,1978270.50,3020.00,16384,20,true,true,OK
Leo,5056,5056,82156167.00,101667.00,16384,10,true,true,OK
GLL,5056,5056,9435146.00,72229.00,16384,20,true,true,OK
RNGLR,5056,5056,14004333.50,26792.00,16384,20,true,true,OK
BRNGLR,5056,5056,13420750.50,22167.00,16384,20,true,true,OK
CYK,5056,5056,0.00,0.00,0,0,false,false,TIMEOUT
LL,5056,5056,1808458.00,15895.50,16384,20,true,true,OK
LR,5056,5056,1998750.00,1916.50,16384,20,true,true,OK
Leo,5082,5082,80007187.50,167917.00,16384,10,true,true,OK
GLL,5082,5082,9115645.50,114479.50,16384,20,true,true,OK
RNGLR,5082,5082,7478146.00,14896.00,16384,20,true,true,OK
BRNGLR,5082,5082,6937396.00,15520.50,16384,20,true,true,OK
CYK,5082,5082,0.00,0.00,0,0,false,false,TIMEOUT
LL,5082,5082,1775312.50,10145.50,16384,20,true,true,OK
LR,5082,5082,1975333.50,2166.50,16384,20,true,true,OK
Leo,5126,5126,79821791.50,134021.00,16384,10,true,true,OK
GLL,5126,5126,9219083.50,110354.00,49152,20,true,true,OK
RNGLR,5126,5126,7468021.00,17250.50,16384,20,true,true,OK
BRNGLR,5126,5126,6963458.50,13729.00,16384,20,true,true,OK
CYK,5126,5126,0.00,0.00,0,0,false,false,TIMEOUT
LL,5126,5126,1782916.00,11583.00,16384,20,true,true,OK
LR,5126,5126,1981437.50,1103.50,16384,20,true,true,OK
Leo,5247,5247,85453541.50,119541.00,16384,10,true,true,OK
GLL,5247,5247,9812042.00,52145.50,16384,20,true,true,OK
RNGLR,5247,5247,14711041.50,11979.00,16384,20,true,true,OK
BRNGLR,5247,5247,14120812.50,18916.50,16384,20,true,true,OK
CYK,5247,5247,0.00,0.00,0,0,false,false,TIMEOUT
LL,5247,5247,1873291.50,15666.50,16384,20,true,true,OK
LR,5247,5247,2068979.00,3708.00,16384,20,true,true,OK
Leo,5334,5334,86885125.50,98020.50,16384,10,true,true,OK
GLL,5334,5334,9987312.50,80895.50,16384,20,true,true,OK
RNGLR,5334,5334,15182395.50,13230.00,16384,20,true,true,OK
BRNGLR,5334,5334,14696562.50,51167.00,16384,20,true,true,OK
CYK,5334,5334,0.00,0.00,0,0,false,false,TIMEOUT
LL,5334,5334,1907791.50,11396.00,16384,20,true,true,OK
LR,5334,5334,2110020.50,3228.50,16384,20,true,true,OK
Leo,5421,5421,87266416.50,167708.00,16384,10,true,true,OK
GLL,5421,5421,9924500.50,36020.50,16384,20,true,true,OK
RNGLR,5421,5421,10732604.00,14541.00,16384,20,true,true,OK
BRNGLR,5421,5421,10114833.50,14125.50,16384,20,true,true,OK
CYK,5421,5421,0.00,0.00,0,0,false,false,TIMEOUT
LL,5421,5421,1931208.50,15062.50,16384,20,true,true,OK
LR,5421,5421,2134979.50,1854.50,16384,20,true,true,OK
Leo,5463,5463,84108313.00,77354.50,16384,10,true,true,OK
GLL,5463,5463,9893854.50,57500.50,16384,20,true,true,OK
RNGLR,5463,5463,10129979.50,9062.50,16384,20,true,true,OK
BRNGLR,5463,5463,9591937.50,10583.00,16384,20,true,true,OK
CYK,5463,5463,0.00,0.00,0,0,false,false,TIMEOUT
LL,5463,5463,1861437.50,10146.00,16384,20,true,true,OK
LR,5463,5463,2090146.00,2604.50,16384,20,true,true,OK
Leo,5473,5473,86659208.00,149270.50,16384,10,true,true,OK
GLL,5473,5473,9945875.50,116104.50,16384,20,true,true,OK
RNGLR,5473,5473,8262083.50,22896.00,16384,20,true,true,OK
BRNGLR,5473,5473,7683958.50,15896.00,16384,20,true,true,OK
CYK,5473,5473,0.00,0.00,0,0,false,false,TIMEOUT
LL,5473,5473,1931812.00,17687.50,16384,20,true,true,OK
LR,5473,5473,2137792.00,2187.50,16384,20,true,true,OK
Leo,5625,5625,87734646.00,120208.50,16384,10,true,true,OK
GLL,5625,5625,10167833.50,41771.50,16384,20,true,true,OK
RNGLR,5625,5625,9630146.00,19271.00,16384,20,true,true,OK
BRNGLR,5625,5625,9063333.50,8979.00,16384,20,true,true,OK
CYK,5625,5625,0.00,0.00,0,0,false,false,TIMEOUT
LL,5625,5625,1948458.50,10187.50,16384,20,true,true,OK
LR,5625,5625,2180937.50,3562.50,16384,20,true,true,OK
Leo,5898,5898,96188208.00,88041.50,16384,10,true,true,OK
GLL,5898,5898,11074479.50,42062.50,16384,20,true,true,OK
RNGLR,5898,5898,17836437.50,18396.50,16384,20,true,true,OK
BRNGLR,5898,5898,17175375.00,12833.00,16384,20,true,true,OK
CYK,5898,5898,0.00,0.00,0,0,false,false,TIMEOUT
LL,5898,5898,2104437.50,9333.50,16384,20,true,true,OK
LR,5898,5898,2332291.50,3125.00,16384,20,true,true,OK
Leo,5998,5998,97455771.00,132645.50,16384,10,true,true,OK
GLL,5998,5998,11095917.00,54938.00,16384,20,true,true,OK
RNGLR,5998,5998,14758833.00,12521.00,16384,20,true,true,OK
BRNGLR,5998,5998,14076437.50,14333.50,16384,20,true,true,OK
CYK,5998,5998,0.00,0.00,0,0,false,false,TIMEOUT
LL,5998,5998,2133417.00,16083.50,16384,20,true,true,OK
LR,5998,5998,2367666.50,4479.00,16384,20,true,true,OK
Leo,6048,6048,98652042.00,69396.00,16384,10,true,true,OK
GLL,6048,6048,11336875.00,66500.00,16384,20,true,true,OK
RNGLR,6048,6048,18663438.00,35250.00,16384,20,true,true,OK
BRNGLR,6048,6048,17994979.00,34666.50,16384,20,true,true,OK
CYK,6048,6048,0.00,0.00,0,0,false,false,TIMEOUT
LL,6048,6048,2218604.50,46896.00,16384,20,true,true,OK
LR,6048,6048,2404645.50,3770.50,16384,20,true,true,OK
Leo,6074,6074,92705771.00,133687.50,16384,10,true,true,OK
GLL,6074,6074,11142208.00,54583.00,16384,20,true,true,OK
RNGLR,6074,6074,12230958.50,17521.00,16384,20,true,true,OK
BRNGLR,6074,6074,11657979.00,19291.00,16384,20,true,true,OK
CYK,6074,6074,0.00,0.00,0,0,false,false,TIMEOUT
LL,6074,6074,2076021.00,18792.00,16384,20,true,true,OK
LR,6074,6074,2334042.00,3021.50,16384,20,true,true,OK
Leo,6164,6164,100125583.50,147292.00,16384,10,true,true,OK
GLL,6164,6164,11366812.50,34062.50,16384,20,true,true,OK
RNGLR,6164,6164,13029542.00,17500.00,16384,20,true,true,OK
BRNGLR,6164,6164,12377229.00,11666.50,16384,20,true,true,OK
CYK,6164,6164,0.00,0.00,0,0,false,false,TIMEOUT
LL,6164,6164,2184500.00,8166.50,16384,20,true,true,OK
LR,6164,6164,2426062.50,2666.50,16384,20,true,true,OK
Leo,6186,6186,98116188.00,165563.00,16384,10,true,true,OK
GLL,6186,6186,11299833.50,80979.00,16384,20,true,true,OK
RNGLR,6186,6186,9936854.00,17500.00,16384,20,true,true,OK
BRNGLR,6186,6186,9310979.50,9937.50,16384,20,true,true,OK
CYK,6186,6186,0.00,0.00,0,0,false,false,TIMEOUT
LL,6186,6186,2170021.00,13854.50,16384,20,true,true,OK
LR,6186,6186,2424813.00,4021.00,16384,20,true,true,OK
Leo,6318,6318,102353729.50,146666.00,16384,10,true,true,OK
GLL,6318,6318,11811396.50,52208.50,16384,20,true,true,OK
RNGLR,6318,6318,16218812.50,24458.50,16384,20,true,true,OK
BRNGLR,6318,6318,15541000.00,23458.00,16384,20,true,true,OK
CYK,6318,6318,0.00,0.00,0,0,false,false,TIMEOUT
LL,6318,6318,2243250.00,23416.50,16384,20,true,true,OK
LR,6318,6318,2498021.00,2708.50,16384,20,true,true,OK
Leo,6321,6321,101790125.00,217729.00,16384,10,true,true,OK
GLL,6321,6321,11763354.00,37895.50,16384,20,true,true,OK
RNGLR,6321,6321,16069583.50,15792.00,16384,20,true,true,OK
BRNGLR,6321,6321,15361458.50,7791.50,16384,20,true,true,OK
CYK,6321,6321,0.00,0.00,0,0,false,false,TIMEOUT
LL,6321,6321,2236125.00,14250.50,16384,20,true,true,OK
LR,6321,6321,2491583.00,2520.50,16384,20,true,true,OK
Leo,6385,6385,101152645.50,41770.50,16384,10,true,true,OK
GLL,6385,6385,11669646.00,104354.00,16384,20,true,true,OK
RNGLR,6385,6385,11054562.50,17812.50,16384,20,true,true,OK
BRNGLR,6385,6385,10420271.00,15854.00,16384,20,true,true,OK
CYK,6385,6385,0.00,0.00,0,0,false,false,TIMEOUT
LL,6385,6385,2243229.50,12396.00,16384,20,true,true,OK
LR,6385,6385,2504917.00,4395.50,16384,20,true,true,OK
Leo,6466,6466,105960104.50,103480.00,16384,10,true,true,OK
GLL,6466,6466,12179771.00,94271.00,16384,20,true,true,OK
RNGLR,6466,6466,20766396.50,58104.00,16384,20,true,true,OK
BRNGLR,6466,6466,20162041.50,31666.50,16384,20,true,true,OK
CYK,6466,6466,0.00,0.00,0,0,false,false,TIMEOUT
LL,6466,6466,2316895.50,21270.50,16384,20,true,true,OK
LR,6466,6466,2563750.00,2354.00,16384,20,true,true,OK
Leo,6490,6490,106723166.50,270666.50,16384,10,true,true,OK
GLL,6490,6490,12264687.50,42521.00,16384,20,true,true,OK
RNGLR,6490,6490,21154979.50,36896.00,16384,20,true,true,OK
BRNGLR,6490,6490,20390208.50,41978.50,16384,20,true,true,OK
CYK,6490,6490,0.00,0.00,0,0,false,false,TIMEOUT
LL,6490,6490,2306645.50,11229.50,16384,20,true,true,OK
LR,6490,6490,2576750.00,3625.00,16384,20,true,true,OK
Leo,6491,6491,106493792.00,182895.50,16384,10,true,true,OK
GLL,6491,6491,12233459.00,32667.00,16384,20,true,true,OK
RNGLR,6491,6491,21071291.50,29708.00,16384,20,true,true,OK
BRNGLR,6491,6491,20351250.00,30291.50,16384,20,true,true,OK
CYK,6491,6491,0.00,0.00,0,0,false,false,TIMEOUT
LL,6491,6491,2320271.00,17334.00,16384,20,true,true,OK
LR,6491,6491,2569249.50,5103.50,16384,20,true,true,OK
Leo,6524,6524,107061791.50,288625.50,16384,10,true,true,OK
GLL,6524,6524,12232500.50,48188.00,16384,20,true,true,OK
RNGLR,6524,6524,21088854.50,29833.50,16384,20,true,true,OK
BRNGLR,6524,6524,20396771.00,9416.50,16384,20,true,true,OK
CYK,6524,6524,0.00,0.00,0,0,false,false,TIMEOUT
LL,6524,6524,2336645.50,15833.00,16384,20,true,true,OK
LR,6524,6524,2585416.00,2707.50,16384,20,true,true,OK
Leo,6549,6549,107439687.00,70624.50,16384,10,true,true,OK
GLL,6549,6549,12300083.00,64291.00,16384,20,true,true,OK
RNGLR,6549,6549,21318270.50,29333.50,16384,20,true,true,OK
BRNGLR,6549,6549,20561229.00,33313.00,16384,20,true,true,OK
CYK,6549,6549,0.00,0.00,0,0,false,false,TIMEOUT
LL,6549,6549,2332645.50,20541.50,16384,20,true,true,OK
LR,6549,6549,2597708.50,4562.50,16384,20,true,true,OK
Leo,6578,6578,107726375.00,175188.00,16384,10,true,true,OK
GLL,6578,6578,12443770.50,60667.00,16384,20,true,true,OK
RNGLR,6578,6578,21515562.50,22687.50,16384,20,true,true,OK
BRNGLR,6578,6578,20925187.00,141270.50,16384,20,true,true,OK
CYK,6578,6578,0.00,0.00,0,0,false,false,TIMEOUT
LL,6578,6578,2374583.50,15812.50,16384,20,true,true,OK
LR,6578,6578,2627938.00,2708.00,16384,20,true,true,OK
Leo,6597,6597,108298020.50,206957.50,16384,10,true,true,OK
GLL,6597,6597,12496021.00,53624.50,16384,20,true,true,OK
RNGLR,6597,6597,21732604.00,25021.00,16384,20,true,true,OK
BRNGLR,6597,6597,20927250.00,29750.00,16384,20,true,true,OK
CYK,6597,6597,0.00,0.00,0,0,false,false,TIMEOUT
LL,6597,6597,2358250.00,15104.00,16384,20,true,true,OK
LR,6597,6597,2618229.00,4291.00,16384,20,true,true,OK
Leo,6657,6657,109245146.00,118542.00,16384,10,true,true,OK
GLL,6657,6657,12572063.00,41625.00,16384,20,true,true,OK
RNGLR,6657,6657,21982875.00,29604.00,16384,20,true,true,OK
BRNGLR,6657,6657,21258687.50,37833.50,16384,20,true,true,OK
CYK,6657,6657,0.00,0.00,0,0,false,false,TIMEOUT
LL,6657,6657,2365125.00,9124.50,16384,20,true,true,OK
LR,6657,6657,2638604.00,2937.50,16384,20,true,true,OK
Leo,6732,6732,109973125.00,141083.50,16384,10,true,true,OK
GLL,6732,6732,12586083.50,54021.00,16384,20,true,true,OK
RNGLR,6732,6732,16882770.50,22354.00,16384,20,true,true,OK
BRNGLR,6732,6732,16154812.00,13500.50,16384,20,true,true,OK
CYK,6732,6732,0.00,0.00,0,0,false,false,TIMEOUT
LL,6732,6732,2412917.00,18229.00,16384,20,true,true,OK
LR,6732,6732,2661770.50,3271.50,16384,20,true,true,OK
Leo,6822,6822,112004208.50,71125.00,16384,10,true,true,OK
GLL,6822,6822,12910917.00,54708.50,16384,20,true,true,OK
RNGLR,6822,6822,22991728.50,35895.00,16384,20,true,true,OK
BRNGLR,6822,6822,22220000.00,29021.00,16384,20,true,true,OK
CYK,6822,6822,0.00,0.00,0,0,false,false,TIMEOUT
LL,6822,6822,2430646.00,16687.50,16384,20,true,true,OK
LR,6822,6822,2703583.50,6562.50,16384,20,true,true,OK
Leo,6866,6866,107435187.50,96500.00,16384,10,true,true,OK
GLL,6866,6866,12678042.00,47562.50,16384,20,true,true,OK
RNGLR,6866,6866,13742250.00,14271.00,16384,20,true,true,OK
BRNGLR,6866,6866,13069854.50,31771.00,16384,20,true,true,OK
CYK,6866,6866,0.00,0.00,0,0,false,false,TIMEOUT
LL,6866,6866,2384479.00,26166.50,16384,20,true,true,OK
LR,6866,6866,2665771.50,2417.00,16384,20,true,true,OK
Leo,6881,6881,109309146.00,161021.00,16384,10,true,true,OK
GLL,6881,6881,12967854.50,86187.50,16384,20,true,true,OK
RNGLR,6881,6881,11276208.50,17916.50,16384,20,true,true,OK
BRNGLR,6881,6881,10599249.50,12479.00,16384,20,true,true,OK
CYK,6881,6881,0.00,0.00,0,0,false,false,TIMEOUT
LL,6881,6881,2407062.50,7875.00,16384,20,true,true,OK
LR,6881,6881,2697750.00,3187.50,16384,20,true,true,OK
Leo,6918,6918,113541145.50,105582.50,16384,10,true,true,OK
GLL,6918,6918,13002896.00,47291.50,16384,20,true,true,OK
RNGLR,6918,6918,23450188.00,14874.00,16384,20,true,true,OK
BRNGLR,6918,6918,22728750.00,20000.00,16384,20,true,true,OK
CYK,6918,6918,0.00,0.00,0,0,false,false,TIMEOUT
LL,6918,6918,2469396.00,15520.50,16384,20,true,true,OK
LR,6918,6918,2740895.50,2583.00,16384,20,true,true,OK
Leo,7184,7184,117285521.00,203333.50,16384,10,true,true,OK
GLL,7184,7184,13579167.00,46833.50,16384,20,true,true,OK
RNGLR,7184,7184,20777521.00,23729.00,16384,20,true,true,OK
BRNGLR,7184,7184,20037000.00,31937.50,16384,20,true,true,OK
CYK,7184,7184,0.00,0.00,0,0,false,false,TIMEOUT
LL,7184,7184,2548604.00,15104.00,16384,20,true,true,OK
LR,7184,7184,2838792.00,3832.50,16384,20,true,true,OK
Leo,7197,7197,118935000.00,120124.50,16384,10,true,true,OK
GLL,7197,7197,14018125.00,50500.00,16384,20,true,true,OK
RNGLR,7197,7197,25338833.50,19271.00,16384,20,true,true,OK
BRNGLR,7197,7197,24547062.50,37792.00,16384,20,true,true,OK
CYK,7197,7197,0.00,0.00,0,0,false,false,TIMEOUT
LL,7197,7197,2569187.50,17021.00,16384,20,true,true,OK
LR,7197,7197,2850896.00,4229.50,16384,20,true,true,OK
Leo,7227,7227,117524916.50,125083.50,16384,10,true,true,OK
GLL,7227,7227,14011333.50,40687.50,16384,20,true,true,OK
RNGLR,7227,7227,18667166.50,23687.50,16384,20,true,true,OK
BRNGLR,7227,7227,18004000.00,15229.00,16384,20,true,true,OK
CYK,7227,7227,0.00,0.00,0,0,false,false,TIMEOUT
LL,7227,7227,2568125.00,24208.00,16384,20,true,true,OK
LR,7227,7227,2846521.00,3104.50,16384,20,true,true,OK
Leo,7229,7229,120383937.00,132562.50,16384,10,true,true,OK
GLL,7229,7229,14151625.00,147041.50,16384,20,true,true,OK
RNGLR,7229,7229,25532979.00,44958.50,16384,20,true,true,OK
BRNGLR,7229,7229,24783396.00,31645.50,16384,20,true,true,OK
CYK,7229,7229,0.00,0.00,0,0,false,false,TIMEOUT
LL,7229,7229,2586479.50,16062.50,16384,20,true,true,OK
LR,7229,7229,2859625.00,2229.50,16384,20,true,true,OK
Leo,7240,7240,120110333.50,95562.50,16384,10,true,true,OK
GLL,7240,7240,13972146.00,61604.00,16384,20,true,true,OK
RNGLR,7240,7240,17001104.00,28208.50,16384,20,true,true,OK
BRNGLR,7240,7240,16256333.50,22084.00,16384,20,true,true,OK
CYK,7240,7240,0.00,0.00,0,0,false,false,TIMEOUT
LL,7240,7240,2583250.00,21625.00,16384,20,true,true,OK
LR,7240,7240,2860979.00,5708.50,16384,20,true,true,OK
Leo,7304,7304,120850688.00,143833.50,16384,10,true,true,OK
GLL,7304,7304,14196354.50,50937.50,16384,20,true,true,OK
RNGLR,7304,7304,26033271.00,46937.00,16384,20,true,true,OK
BRNGLR,7304,7304,25186562.50,41271.00,16384,20,true,true,OK
CYK,7304,7304,0.00,0.00,0,0,false,false,TIMEOUT
LL,7304,7304,2603812.50,14062.50,16384,20,true,true,OK
LR,7304,7304,2888229.00,5146.00,16384,20,true,true,OK
Leo,7472,7472,124069562.50,271645.50,16384,10,true,true,OK
GLL,7472,7472,14456312.50,51459.00,16384,20,true,true,OK
RNGLR,7472,7472,27019167.00,47500.00,16384,19,true,true,OK
BRNGLR,7472,7472,26204791.50,53688.00,16384,20,true,true,OK
CYK,7472,7472,0.00,0.00,0,0,false,false,TIMEOUT
LL,7472,7472,2720770.50,39395.50,16384,20,true,true,OK
LR,7472,7472,2957604.50,7396.50,16384,20,true,true,OK
Leo,7485,7485,121562083.00,142187.00,16384,10,true,true,OK
GLL,7485,7485,14318291.50,29896.00,16384,20,true,true,OK
RNGLR,7485,7485,15408229.00,32416.50,16384,20,true,true,OK
BRNGLR,7485,7485,14622812.50,26208.50,16384,20,true,true,OK
CYK,7485,7485,0.00,0.00,0,0,false,false,TIMEOUT
LL,7485,7485,2643083.50,16250.50,16384,20,true,true,OK
LR,7485,7485,2940167.00,2646.00,16384,20,true,true,OK
Leo,7488,7488,123273541.50,191750.00,16384,10,true,true,OK
GLL,7488,7488,14651667.00,31166.00,16384,20,true,true,OK
RNGLR,7488,7488,18501792.00,41667.00,16384,20,true,true,OK
BRNGLR,7488,7488,17733813.00,34229.50,16384,20,true,true,OK
CYK,7488,7488,0.00,0.00,0,0,false,false,TIMEOUT
LL,7488,7488,2651062.50,13771.00,16384,20,true,true,OK
LR,7488,7488,2961021.00,7187.50,16384,20,true,true,OK
Leo,7596,7596,125738666.50,152229.00,16384,10,true,true,OK
GLL,7596,7596,14655166.50,33125.00,16384,20,true,true,OK
RNGLR,7596,7596,27919166.50,47416.50,16384,18,true,true,OK
BRNGLR,7596,7596,26988750.00,48250.00,16384,19,true,true,OK
CYK,7596,7596,0.00,0.00,0,0,false,false,TIMEOUT
LL,7596,7596,2709124.50,14229.00,16384,20,true,true,OK
LR,7596,7596,3003562.50,4229.00,16384,20,true,true,OK
Leo,7642,7642,123344041.50,77208.00,16384,10,true,true,OK
GLL,7642,7642,14580729.00,53999.50,16384,20,true,true,OK
RNGLR,7642,7642,20177396.00,21562.50,16384,20,true,true,OK
BRNGLR,7642,7642,19358813.00,25271.00,16384,20,true,true,OK
CYK,7642,7642,0.00,0.00,0,0,false,false,TIMEOUT
LL,7642,7642,2669937.00,13479.00,16384,20,true,true,OK
LR,7642,7642,2990041.50,1958.50,16384,20,true,true,OK
Leo,7644,7644,126619374.50,127749.50,16384,10,true,true,OK
GLL,7644,7644,14826833.50,43125.00,16384,20,true,true,OK
RNGLR,7644,7644,28011791.50,47104.00,16384,18,true,true,OK
BRNGLR,7644,7644,27206166.00,54084.00,16384,19,true,true,OK
CYK,7644,7644,0.00,0.00,0,0,false,false,TIMEOUT
LL,7644,7644,2731146.00,12584.00,16384,20,true,true,OK
LR,7644,7644,3025542.00,4354.50,16384,20,true,true,OK
Leo,7750,7750,128424020.50,40916.50,16384,10,true,true,OK
GLL,7750,7750,14999874.50,34896.00,16384,20,true,true,OK
RNGLR,7750,7750,28664999.50,34395.50,16384,18,true,true,OK
BRNGLR,7750,7750,27825958.50,25604.50,16384,18,true,true,OK
CYK,7750,7750,0.00,0.00,0,0,false,false,TIMEOUT
LL,7750,7750,2762021.00,17063.00,16384,20,true,true,OK
LR,7750,7750,3061583.00,2375.00,16384,20,true,true,OK
Leo,7776,7776,130386688.00,986770.50,16384,10,true,true,OK
GLL,7776,7776,15105312.50,86833.50,16384,20,true,true,OK
RNGLR,7776,7776,28850750.00,31791.50,16384,18,true,true,OK
BRNGLR,7776,7776,27950146.00,30000.50,16384,18,true,true,OK
CYK,7776,7776,0.00,0.00,0,0,false,false,TIMEOUT
LL,7776,7776,2781250.00,15166.50,16384,20,true,true,OK
LR,7776,7776,3075896.00,2416.50,16384,20,true,true,OK
Leo,7790,7790,128317562.50,251104.00,16384,10,true,true,OK
GLL,7790,7790,14949249.50,31709.00,16384,20,true,true,OK
RNGLR,7790,7790,18909458.00,18916.00,16384,20,true,true,OK
BRNGLR,7790,7790,18068125.00,27166.50,16384,20,true,true,OK
CYK,7790,7790,0.00,0.00,0,0,false,false,TIMEOUT
LL,7790,7790,2767250.00,17250.00,16384,20,true,true,OK
LR,7790,7790,3074375.00,2958.50,16384,20,true,true,OK
Leo,7812,7812,128767437.50,210250.00,16384,10,true,true,OK
GLL,7812,7812,15083292.00,39208.50,16384,20,true,true,OK
RNGLR,7812,7812,21067896.00,28688.00,16384,20,true,true,OK
BRNGLR,7812,7812,20237229.50,24937.00,16384,20,true,true,OK
CYK,7812,7812,0.00,0.00,0,0,false,false,TIMEOUT
LL,7812,7812,2774500.00,12187.50,16384,20,true,true,OK
LR,7812,7812,3093000.00,6083.50,16384,20,true,true,OK
Leo,7837,7837,130052187.50,107687.50,16384,10,true,true,OK
GLL,7837,7837,15119333.50,31063.00,16384,20,true,true,OK
RNGLR,7837,7837,29243687.50,75416.50,16384,18,true,true,OK
BRNGLR,7837,7837,28358750.50,23999.50,16384,18,true,true,OK
CYK,7837,7837,0.00,0.00,0,0,false,false,TIMEOUT
LL,7837,7837,2800062.50,14167.00,16384,20,true,true,OK
LR,7837,7837,3099833.00,3479.00,16384,20,true,true,OK
Leo,7964,7964,129202250.00,257458.50,16384,10,true,true,OK
GLL,7964,7964,15369958.50,26270.50,16384,20,true,true,OK
RNGLR,7964,7964,17216958.50,9958.00,16384,20,true,true,OK
BRNGLR,7964,7964,16468208.50,91250.50,16384,20,true,true,OK
CYK,7964,7964,0.00,0.00,0,0,false,false,TIMEOUT
LL,7964,7964,2827188.00,12792.00,16384,20,true,true,OK
LR,7964,7964,3152666.50,3833.00,16384,20,true,true,OK
Leo,8051,8051,133034958.00,168917.00,16384,10,true,true,OK
GLL,8051,8051,15437063.00,30771.00,16384,20,true,true,OK
RNGLR,8051,8051,21565458.50,42062.50,16384,20,true,true,OK
BRNGLR,8051,8051,20697646.00,28395.50,16384,20,true,true,OK
CYK,8051,8051,0.00,0.00,0,0,false,false,TIMEOUT
LL,8051,8051,2861708.50,14604.00,16384,20,true,true,OK
LR,8051,8051,3186542.00,5146.00,16384,20,true,true,OK
Leo,8083,8083,133714187.50,174353.50,16384,10,true,true,OK
GLL,8083,8083,15546729.00,41750.00,16384,20,true,true,OK
RNGLR,8083,8083,30829750.00,42292.00,16384,17,true,true,OK
BRNGLR,8083,8083,29900583.00,38084.00,16384,17,true,true,OK
CYK,8083,8083,0.00,0.00,0,0,false,false,TIMEOUT
LL,8083,8083,2895896.00,25750.00,16384,20,true,true,OK
LR,8083,8083,3197541.50,4604.00,16384,20,true,true,OK
Leo,8123,8123,134119000.00,227979.50,16384,10,true,true,OK
GLL,8123,8123,15643042.00,32708.50,16384,20,true,true,OK
RNGLR,8123,8123,30976334.00,41291.00,16384,17,true,true,OK
BRNGLR,8123,8123,30090583.00,30292.00,16384,17,true,true,OK
CYK,8123,8123,0.00,0.00,0,0,false,false,TIMEOUT
LL,8123,8123,2893937.50,13854.50,16384,20,true,true,OK
LR,8123,8123,3214479.50,3646.00,16384,20,true,true,OK
Leo,8177,8177,135957916.50,626791.50,16384,10,true,true,OK
GLL,8177,8177,15761688.00,37646.00,16384,20,true,true,OK
RNGLR,8177,8177,31425958.50,77541.50,16384,16,true,true,OK
BRNGLR,8177,8177,30562083.00,51917.00,16384,17,true,true,OK
CYK,8177,8177,0.00,0.00,0,0,false,false,TIMEOUT
LL,8177,8177,2917020.50,12979.50,16384,20,true,true,OK
LR,8177,8177,3236000.00,2583.50,16384,20,true,true,OK
Leo,8322,8322,137617396.00,419812.50,16384,10,true,true,OK
GLL,8322,8322,16893312.50,42916.50,16384,20,true,true,OK
RNGLR,8322,8322,32333875.50,44354.50,16384,16,true,true,OK
BRNGLR,8322,8322,31385000.00,65916.50,16384,16,true,true,OK
CYK,8322,8322,0.00,0.00,0,0,false,false,TIMEOUT
LL,8322,8322,2967166.50,18104.50,16384,20,true,true,OK
LR,8322,8322,3296917.00,4646.50,16384,20,true,true,OK
Leo,8358,8358,136025479.00,65666.50,16384,10,true,true,OK
GLL,8358,8358,16852771.00,39479.00,16384,20,true,true,OK
RNGLR,8358,8358,29406791.50,37812.50,16384,18,true,true,OK
BRNGLR,8358,8358,28555292.00,40374.50,16384,18,true,true,OK
CYK,8358,8358,0.00,0.00,0,0,false,false,TIMEOUT
LL,8358,8358,2943208.00,20021.00,16384,20,true,true,OK
LR,8358,8358,3278771.50,6604.50,16384,20,true,true,OK
Leo,8425,8425,139511979.50,306792.00,16384,10,true,true,OK
GLL,8425,8425,17118396.00,50437.50,16384,20,true,true,OK
RNGLR,8425,8425,32950520.50,38958.00,16384,16,true,true,OK
BRNGLR,8425,8425,31919791.50,45541.50,16384,16,true,true,OK
CYK,8425,8425,0.00,0.00,0,0,false,false,TIMEOUT
LL,8425,8425,2998292.00,15875.50,16384,20,true,true,OK
LR,8425,8425,3344458.50,3687.00,16384,20,true,true,OK
Leo,8631,8631,142938354.00,177875.50,16384,10,true,true,OK
GLL,8631,8631,17439646.00,41104.50,16384,20,true,true,OK
RNGLR,8631,8631,34693458.00,43542.00,16384,15,true,true,OK
BRNGLR,8631,8631,33758542.00,51749.00,16384,15,true,true,OK
CYK,8631,8631,0.00,0.00,0,0,false,false,TIMEOUT
LL,8631,8631,3083250.00,20979.50,16384,20,true,true,OK
LR,8631,8631,3424562.50,3792.00,16384,20,true,true,OK
Leo,8819,8819,145391000.00,210312.00,16384,10,true,true,OK
GLL,8819,8819,17820020.50,69729.00,16384,20,true,true,OK
RNGLR,8819,8819,35536209.00,28251.00,16384,15,true,true,OK
BRNGLR,8819,8819,34475875.00,76791.00,16384,15,true,true,OK
CYK,8819,8819,0.00,0.00,0,0,false,false,TIMEOUT
LL,8819,8819,3158667.00,21396.50,16384,20,true,true,OK
LR,8819,8819,3496166.50,4791.50,16384,20,true,true,OK
Leo,8941,8941,146873167.00,309166.50,16384,10,true,true,OK
GLL,8941,8941,18025063.00,43854.00,16384,20,true,true,OK
RNGLR,8941,8941,20299062.50,23854.00,16384,20,true,true,OK
BRNGLR,8941,8941,19337187.50,25687.50,16384,20,true,true,OK
CYK,8941,8941,0.00,0.00,0,0,false,false,TIMEOUT
LL,8941,8941,3186458.00,23708.00,16384,20,true,true,OK
LR,8941,8941,3529125.00,4187.50,16384,20,true,true,OK
Leo,9201,9201,148636708.50,126354.50,16384,10,true,true,OK
GLL,9201,9201,18449271.00,39500.00,16384,20,true,true,OK
RNGLR,9201,9201,14964000.00,54062.50,16384,20,true,true,OK
BRNGLR,9201,9201,13984646.00,32437.50,16384,20,true,true,OK
CYK,9201,9201,0.00,0.00,0,0,false,false,TIMEOUT
LL,9201,9201,3259479.50,20792.00,16384,20,true,true,OK
LR,9201,9201,3610000.00,3395.50,16384,20,true,true,OK
Leo,9260,9260,153426021.00,153250.00,16384,10,true,true,OK
GLL,9260,9260,18739020.50,86666.50,16384,20,true,true,OK
RNGLR,9260,9260,39074792.00,33916.00,16384,13,true,true,OK
BRNGLR,9260,9260,38001458.50,61208.50,16384,14,true,true,OK
CYK,9260,9260,0.00,0.00,0,0,false,false,TIMEOUT
LL,9260,9260,3328958.50,16604.50,16384,20,true,true,OK
LR,9260,9260,3672771.00,6041.50,16384,20,true,true,OK
Leo,9413,9413,158670271.00,177250.00,16384,10,true,true,OK
GLL,9413,9413,18817729.00,91021.00,16384,20,true,true,OK
RNGLR,9413,9413,26351125.00,23875.00,16384,19,true,true,OK
BRNGLR,9413,9413,25420896.00,95479.00,16384,20,true,true,OK
CYK,9413,9413,0.00,0.00,0,0,false,false,TIMEOUT
LL,9413,9413,3389812.00,43208.00,16384,20,true,true,OK
LR,9413,9413,3725166.50,3916.50,16384,20,true,true,OK
Leo,9543,9543,162346083.50,343270.50,16384,10,true,true,OK
GLL,9543,9543,19293000.00,45854.00,16384,20,true,true,OK
RNGLR,9543,9543,31131333.00,110166.00,16384,17,true,true,OK
BRNGLR,9543,9543,30072125.00,39333.00,16384,17,true,true,OK
CYK,9543,9543,0.00,0.00,0,0,false,false,TIMEOUT
LL,9543,9543,3445979.50,23020.50,16384,20,true,true,OK
LR,9543,9543,3771479.00,5375.00,16384,20,true,true,OK
Leo,9615,9615,162095979.00,303625.00,16384,10,true,true,OK
GLL,9615,9615,19369604.50,66396.00,16384,20,true,true,OK
RNGLR,9615,9615,27152500.00,70958.00,16384,19,true,true,OK
BRNGLR,9615,9615,26129353.50,41041.00,16384,20,true,true,OK
CYK,9615,9615,0.00,0.00,0,0,false,false,TIMEOUT
LL,9615,9615,3449896.00,32646.00,16384,20,true,true,OK
LR,9615,9615,3806875.00,3229.00,16384,20,true,true,OK
Leo,9774,9774,160610187.50,681687.50,16384,10,true,true,OK
GLL,9774,9774,19703854.50,44958.50,16384,20,true,true,OK
RNGLR,9774,9774,20701708.00,43000.50,16384,20,true,true,OK
BRNGLR,9774,9774,19755646.00,30333.50,16384,20,true,true,OK
CYK,9774,9774,0.00,0.00,0,0,false,false,TIMEOUT
LL,9774,9774,3457646.00,36479.00,16384,20,true,true,OK
LR,9774,9774,3819458.50,3958.00,16384,20,true,true,OK
Leo,9785,9785,166957916.50,245187.50,16384,10,true,true,OK
GLL,9785,9785,20001416.50,39604.00,16384,20,true,true,OK
RNGLR,9785,9785,43330875.00,78979.50,16384,12,true,true,OK
BRNGLR,9785,9785,42057500.00,76500.00,16384,12,true,true,OK
CYK,9785,9785,0.00,0.00,0,0,false,false,TIMEOUT
LL,9785,9785,3528917.00,17666.50,16384,20,true,true,OK
LR,9785,9785,3883687.50,6604.50,16384,20,true,true,OK
Leo,9810,9810,167740083.50,466667.00,16384,10,true,true,OK
GLL,9810,9810,20010937.50,72791.50,16384,20,true,true,OK
RNGLR,9810,9810,43409187.50,41458.50,16384,12,true,true,OK
BRNGLR,9810,9810,42211479.00,90145.50,16384,12,true,true,OK
CYK,9810,9810,0.00,0.00,0,0,false,false,TIMEOUT
LL,9810,9810,3538979.50,16417.00,16384,20,true,true,OK
LR,9810,9810,3886458.00,6146.00,16384,20,true,true,OK
Leo,9876,9876,168315583.00,289687.50,16384,10,true,true,OK
GLL,9876,9876,19894562.50,55666.50,16384,20,true,true,OK
RNGLR,9876,9876,27096834.00,59249.00,16384,19,true,true,OK
BRNGLR,9876,9876,25935583.50,46458.50,16384,20,true,true,OK
CYK,9876,9876,0.00,0.00,0,0,false,false,TIMEOUT
LL,9876,9876,3545624.50,16395.00,32768,20,true,true,OK
LR,9876,9876,3902395.50,4791.50,16384,20,true,true,OK
Leo,9927,9927,167999937.50,295833.00,16384,10,true,true,OK
GLL,9927,9927,20127562.50,53395.50,16384,20,true,true,OK
RNGLR,9927,9927,44343812.50,112312.50,16384,12,true,true,OK
BRNGLR,9927,9927,43130312.00,65458.00,16384,12,true,true,OK
CYK,9927,9927,0.00,0.00,0,0,false,false,TIMEOUT
LL,9927,9927,3568124.50,17396.00,16384,20,true,true,OK
LR,9927,9927,3940833.00,3333.00,16384,20,true,true,OK
Leo,10190,10190,171031979.50,364938.00,16384,10,true,true,OK
GLL,10190,10190,20575958.50,53500.50,16384,20,true,true,OK
RNGLR,10190,10190,21130250.00,31479.00,16384,20,true,true,OK
BRNGLR,10190,10190,20103146.00,25604.00,16384,20,true,true,OK
CYK,10190,10190,0.00,0.00,0,0,false,false,TIMEOUT
LL,10190,10190,3613854.00,19000.00,16384,20,true,true,OK
LR,10190,10190,3998145.50,5000.00,16384,20,true,true,OK
Leo,10765,10765,183054312.50,223021.00,16384,10,true,true,OK
GLL,10765,10765,21880375.00,40667.00,16384,20,true,true,OK
RNGLR,10765,10765,51219250.50,91353.50,16384,10,true,true,OK
BRNGLR,10765,10765,49858000.00,51667.00,16384,11,true,true,OK
CYK,10765,10765,0.00,0.00,0,0,false,false,TIMEOUT
LL,10765,10765,3908312.50,35875.00,16384,20,true,true,OK
LR,10765,10765,4260312.50,6833.00,16384,20,true,true,OK
Leo,11121,11121,190149520.50,465791.50,16384,10,true,true,OK
GLL,11121,11121,23393166.50,44291.50,1277952,20,true,true,OK
RNGLR,11121,11121,26618500.00,73667.00,16384,19,true,true,OK
BRNGLR,11121,11121,25265583.50,43541.50,16384,20,true,true,OK
CYK,11121,11121,0.00,0.00,0,0,false,false,TIMEOUT
LL,11121,11121,3993187.50,21250.00,16384,20,true,true,OK
LR,11121,11121,4383125.00,3208.50,16384,20,true,true,OK
Leo,11379,11379,189876792.00,194625.00,16384,10,true,true,OK
GLL,11379,11379,23848854.50,71938.00,1261568,20,true,true,OK
RNGLR,11379,11379,25506604.00,76271.00,16384,20,true,true,OK
BRNGLR,11379,11379,24248791.50,53604.50,16384,20,true,true,OK
CYK,11379,11379,0.00,0.00,0,0,false,false,TIMEOUT
LL,11379,11379,4054208.50,25771.50,16384,20,true,true,OK
LR,11379,11379,4444833.50,6625.00,16384,20,true,true,OK
Leo,11634,11634,198270458.50,375750.00,16384,10,true,true,OK
GLL,11634,11634,24000166.50,78604.00,2490368,20,true,true,OK
RNGLR,11634,11634,29046958.50,44562.50,16384,18,true,true,OK
BRNGLR,11634,11634,27722917.00,36917.00,16384,19,true,true,OK
CYK,11634,11634,0.00,0.00,0,0,false,false,TIMEOUT
LL,11634,11634,4181000.00,15166.50,16384,20,true,true,OK
LR,11634,11634,4581103.50,6020.00,16384,20,true,true,OK
Leo,11709,11709,198738958.00,223104.50,16384,10,true,true,OK
GLL,11709,11709,24619958.50,84208.00,1179648,20,true,true,OK
RNGLR,11709,11709,33507250.00,79459.00,16384,15,true,true,OK
BRNGLR,11709,11709,32092771.00,37541.50,16384,16,true,true,OK
CYK,11709,11709,0.00,0.00,0,0,false,false,TIMEOUT
LL,11709,11709,4236645.50,21687.00,16384,20,true,true,OK
LR,11709,11709,4619208.50,5458.50,16384,20,true,true,OK
Leo,11947,11947,204098083.00,316832.50,16384,10,true,true,OK
GLL,11947,11947,25177541.50,36708.50,1228800,20,true,true,OK
RNGLR,11947,11947,31105583.00,32333.00,16384,17,true,true,OK
BRNGLR,11947,11947,29702667.00,30292.00,16384,17,true,true,OK
CYK,11947,11947,0.00,0.00,0,0,false,false,TIMEOUT
LL,11947,11947,4357979.00,38062.50,32768,20,true,true,OK
LR,11947,11947,4734875.00,4896.00,16384,20,true,true,OK
Leo,12008,12008,204331771.00,358708.50,16384,10,true,true,OK
GLL,12008,12008,24875541.50,81458.00,1769472,20,true,true,OK
RNGLR,12008,12008,27289125.00,46125.00,16384,19,true,true,OK
BRNGLR,12008,12008,26058458.50,28125.00,16384,20,true,true,OK
CYK,12008,12008,0.00,0.00,0,0,false,false,TIMEOUT
LL,12008,12008,4330229.00,33166.50,16384,20,true,true,OK
LR,12008,12008,4726646.00,7063.00,16384,20,true,true,OK
Leo,12014,12014,199290021.00,293459.00,16384,10,true,true,OK
GLL,12014,12014,24686750.00,88917.00,2539520,19,true,true,OK
RNGLR,12014,12014,19494021.00,32146.00,16384,20,true,true,OK
BRNGLR,12014,12014,18247937.50,27958.50,16384,20,true,true,OK
CYK,12014,12014,0.00,0.00,0,0,false,false,TIMEOUT
LL,12014,12014,4302646.00,39791.50,16384,20,true,true,OK
LR,12014,12014,4687812.00,6395.00,16384,20,true,true,OK
Leo,12046,12046,207004521.00,423854.00,16384,10,true,true,OK
GLL,12046,12046,25645937.50,58687.50,16384,20,true,true,OK
RNGLR,12046,12046,62343166.50,31874.50,16384,10,true,true,OK
BRNGLR,12046,12046,60695542.00,97666.00,16384,10,true,true,OK
CYK,12046,12046,0.00,0.00,0,0,false,false,TIMEOUT
LL,12046,12046,4412937.50,31708.50,16384,20,true,true,OK
LR,12046,12046,4762833.50,4145.50,16384,20,true,true,OK
Leo,12335,12335,207826812.00,240978.50,16384,10,true,true,OK
GLL,12335,12335,25553271.00,88625.00,1802240,20,true,true,OK
RNGLR,12335,12335,30299459.00,46958.00,16384,17,true,true,OK
BRNGLR,12335,12335,28948062.50,42104.00,16384,18,true,true,OK
CYK,12335,12335,0.00,0.00,0,0,false,false,TIMEOUT
LL,12335,12335,4424688.00,30687.50,16384,20,true,true,OK
LR,12335,12335,4824458.50,4146.00,16384,20,true,true,OK
Leo,12410,12410,216136687.50,1788209.00,16384,10,true,true,OK
GLL,12410,12410,26469791.00,70874.00,16384,19,true,true,OK
RNGLR,12410,12410,65749833.50,49812.50,16384,10,true,true,OK
BRNGLR,12410,12410,64164208.50,27895.50,16384,10,true,true,OK
CYK,12410,12410,0.00,0.00,0,0,false,false,TIMEOUT
LL,12410,12410,4534354.00,31146.50,16384,20,true,true,OK
LR,12410,12410,4902229.50,6708.00,16384,20,true,true,OK
Leo,12455,12455,214042625.00,671291.50,16384,10,true,true,OK
GLL,12455,12455,25975437.50,57270.50,1818624,20,true,true,OK
RNGLR,12455,12455,43271417.00,100750.00,16384,12,true,true,OK
BRNGLR,12455,12455,41826583.50,165500.50,16384,12,true,true,OK
CYK,12455,12455,0.00,0.00,0,0,false,false,TIMEOUT
LL,12455,12455,4728187.50,140708.50,16384,20,true,true,OK
LR,12455,12455,4973270.50,54458.00,16384,20,true,true,OK
Leo,12461,12461,217603042.00,4543687.00,16384,10,true,true,OK
GLL,12461,12461,25900833.50,101479.50,2359296,20,true,true,OK
RNGLR,12461,12461,25583333.00,80583.00,16384,20,true,true,OK
BRNGLR,12461,12461,24363708.00,134103.50,16384,20,true,true,OK
CYK,12461,12461,0.00,0.00,0,0,false,false,TIMEOUT
LL,12461,12461,4612416.00,64437.00,16384,20,true,true,OK
LR,12461,12461,4940041.50,33291.50,16384,20,true,true,OK
Leo,12483,12483,215813229.50,1870395.50,16384,10,true,true,OK
GLL,12483,12483,26548875.00,505917.00,2064384,19,true,true,OK
RNGLR,12483,12483,26147229.50,266958.00,16384,20,true,true,OK
BRNGLR,12483,12483,24237937.50,61000.00,16384,20,true,true,OK
CYK,12483,12483,0.00,0.00,0,0,false,false,TIMEOUT
LL,12483,12483,4496188.00,36000.00,16384,20,true,true,OK
LR,12483,12483,4885166.50,15249.50,16384,20,true,true,OK
Leo,12526,12526,220110270.50,2840375.00,16384,10,true,true,OK
GLL,12526,12526,27558333.00,364708.00,16384,19,true,true,OK
RNGLR,12526,12526,67372042.00,180479.50,16384,10,true,true,OK
BRNGLR,12526,12526,66033604.00,201854.00,16384,10,true,true,OK
CYK,12526,12526,0.00,0.00,0,0,false,false,TIMEOUT
LL,12526,12526,4778687.50,153917.00,16384,20,true,true,OK
LR,12526,12526,4959854.50,18604.00,16384,20,true,true,OK
Leo,12586,12586,218094417.00,2631104.50,16384,10,true,true,OK
GLL,12586,12586,27482042.00,326125.00,2555904,19,true,true,OK
RNGLR,12586,12586,27133959.00,100249.00,16384,19,true,true,OK
BRNGLR,12586,12586,26194771.00,71437.50,16384,20,true,true,OK
CYK,12586,12586,0.00,0.00,0,0,false,false,TIMEOUT
LL,12586,12586,4536541.00,33104.00,16384,20,true,true,OK
LR,12586,12586,4933792.00,11645.00,16384,20,true,true,OK
Leo,12615,12615,219375875.00,2613479.00,16384,10,true,true,OK
GLL,12615,12615,26777209.00,338626.00,1196032,19,true,true,OK
RNGLR,12615,12615,43526562.50,90125.00,16384,12,true,true,OK
BRNGLR,12615,12615,42461854.00,93312.50,16384,12,true,true,OK
CYK,12615,12615,0.00,0.00,0,0,false,false,TIMEOUT
LL,12615,12615,4654562.50,57250.00,16384,20,true,true,OK
LR,12615,12615,4985167.00,11896.00,16384,20,true,true,OK
Leo,12674,12674,219279458.00,4812062.00,16384,10,true,true,OK
GLL,12674,12674,31358250.00,362458.00,933888,15,true,true,OK
RNGLR,12674,12674,42546583.00,291417.00,16384,12,true,true,OK
BRNGLR,12674,12674,40922520.50,454874.50,16384,12,true,true,OK
CYK,12674,12674,0.00,0.00,0,0,false,false,TIMEOUT
LL,12674,12674,5449396.50,678042.00,16384,20,true,true,OK
LR,12674,12674,5281062.00,142729.00,16384,20,true,true,OK
Leo,12718,12718,227510458.50,3827479.50,16384,10,true,true,OK
GLL,12718,12718,27869167.00,464708.50,16384,18,true,true,OK
RNGLR,12718,12718,69304917.00,182145.50,16384,10,true,true,OK
BRNGLR,12718,12718,67539916.50,315687.50,16384,10,true,true,OK
CYK,12718,12718,0.00,0.00,0,0,false,false,TIMEOUT
LL,12718,12718,4703854.50,69104.50,16384,20,true,true,OK
LR,12718,12718,5091333.50,53750.50,16384,20,true,true,OK
Leo,12728,12728,223840729.00,2584354.00,16384,10,true,true,OK
GLL,12728,12728,28150416.50,158417.00,65536,18,true,true,OK
RNGLR,12728,12728,66074708.50,375166.50,16384,10,true,true,OK
BRNGLR,12728,12728,64144145.50,221166.50,16384,10,true,true,OK
CYK,12728,12728,0.00,0.00,0,0,false,false,TIMEOUT
LL,12728,12728,4639312.50,33520.50,16384,20,true,true,OK
LR,12728,12728,5025083.50,14458.00,16384,20,true,true,OK
Leo,12822,12822,230700812.50,2225187.50,16384,10,true,true,OK
GLL,12822,12822,28120791.50,325396.00,16384,18,true,true,OK
RNGLR,12822,12822,70394250.50,440416.50,16384,10,true,true,OK
BRNGLR,12822,12822,68129479.50,281938.00,16384,10,true,true,OK
CYK,12822,12822,0.00,0.00,0,0,false,false,TIMEOUT
LL,12822,12822,4865166.50,88917.00,32768,20,true,true,OK
LR,12822,12822,5077792.00,17667.00,16384,20,true,true,OK
Leo,13249,13249,237781083.00,3816563.00,16384,10,true,true,OK
GLL,13249,13249,33727354.00,557625.00,16384,14,true,true,OK
RNGLR,13249,13249,75522562.50,1142291.50,16384,10,true,true,OK
BRNGLR,13249,13249,73151604.00,1146667.00,16384,10,true,true,OK
CYK,13249,13249,0.00,0.00,0,0,false,false,TIMEOUT
LL,13249,13249,5926354.00,282542.00,16384,20,true,true,OK
LR,13249,13249,5515499.50,136728.50,16384,20,true,true,OK
Leo,13845,13845,256334458.00,13664083.50,16384,10,true,true,OK
GLL,13845,13845,32735312.50,260979.50,212992,16,true,true,OK
RNGLR,13845,13845,74820917.00,1247062.50,16384,10,true,true,OK
BRNGLR,13845,13845,71644583.50,114146.00,16384,10,true,true,OK
CYK,13845,13845,0.00,0.00,0,0,false,false,TIMEOUT
LL,13845,13845,5162104.50,89500.00,16384,20,true,true,OK
LR,13845,13845,5487750.00,16729.50,16384,20,true,true,OK
Leo,14055,14055,242864875.00,145146.00,16384,10,true,true,OK
GLL,14055,14055,30458625.00,120250.00,1851392,17,true,true,OK
RNGLR,14055,14055,36997812.50,69979.00,16384,14,true,true,OK
BRNGLR,14055,14055,35381459.00,46459.00,16384,15,true,true,OK
CYK,14055,14055,0.00,0.00,0,0,false,false,TIMEOUT
LL,14055,14055,5156937.50,54146.50,16384,20,true,true,OK
LR,14055,14055,5549270.50,12062.50,16384,20,true,true,OK
Leo,14154,14154,247003166.50,309562.50,16384,10,true,true,OK
GLL,14154,14154,31604333.50,117083.50,16384,16,true,true,OK
RNGLR,14154,14154,83543667.00,16479.00,16384,10,true,true,OK
BRNGLR,14154,14154,81694354.00,60041.50,16384,10,true,true,OK
CYK,14154,14154,0.00,0.00,0,0,false,false,TIMEOUT
LL,14154,14154,5268292.00,57417.50,16384,20,true,true,OK
LR,14154,14154,5617583.00,17583.00,16384,20,true,true,OK
Leo,14266,14266,248107875.00,246896.00,16384,10,true,true,OK
GLL,14266,14266,31856354.00,111062.50,16384,16,true,true,OK
RNGLR,14266,14266,84295417.00,103041.50,16384,10,true,true,OK
BRNGLR,14266,14266,82369604.50,69709.00,16384,10,true,true,OK
CYK,14266,14266,0.00,0.00,0,0,false,false,TIMEOUT
LL,14266,14266,5330708.50,70771.00,16384,20,true,true,OK
LR,14266,14266,5666125.00,15708.00,16384,20,true,true,OK
Leo,14397,14397,253072333.50,328354.50,16384,10,true,true,OK
GLL,14397,14397,33169959.00,110249.00,16384,16,true,true,OK
RNGLR,14397,14397,86600229.00,75313.00,16384,10,true,true,OK
BRNGLR,14397,14397,84650979.00,26437.50,16384,10,true,true,OK
CYK,14397,14397,0.00,0.00,0,0,false,false,TIMEOUT
LL,14397,14397,5378979.50,43729.50,16384,20,true,true,OK
LR,14397,14397,5719229.00,16291.50,16384,20,true,true,OK
Leo,14707,14707,258269854.00,322750.00,16384,10,true,true,OK
GLL,14707,14707,33613500.00,80333.00,16384,15,true,true,OK
RNGLR,14707,14707,89760708.00,131229.00,16384,10,true,true,OK
BRNGLR,14707,14707,87901562.50,55896.00,16384,10,true,true,OK
CYK,14707,14707,0.00,0.00,0,0,false,false,TIMEOUT
LL,14707,14707,5508063.00,60312.50,16384,20,true,true,OK
LR,14707,14707,5841020.50,16687.00,16384,20,true,true,OK
Leo,14820,14820,260488187.50,354479.50,16384,10,true,true,OK
GLL,14820,14820,34066625.00,86042.00,16384,15,true,true,OK
RNGLR,14820,14820,91020084.00,102229.00,16384,10,true,true,OK
BRNGLR,14820,14820,89126604.00,62521.00,16384,10,true,true,OK
CYK,14820,14820,0.00,0.00,0,0,false,false,TIMEOUT
LL,14820,14820,5557583.50,52125.50,16384,20,true,true,OK
LR,14820,14820,5918375.00,46687.50,16384,20,true,true,OK
Leo,14821,14821,256657458.00,394374.50,16384,10,true,true,OK
GLL,14821,14821,33046500.00,88250.00,2424832,16,true,true,OK
RNGLR,14821,14821,30544291.00,43126.00,16384,17,true,true,OK
BRNGLR,14821,14821,28940958.00,42917.00,16384,18,true,true,OK
CYK,14821,14821,0.00,0.00,0,0,false,false,TIMEOUT
LL,14821,14821,5414667.00,36521.00,16384,20,true,true,OK
LR,14821,14821,5851208.50,15813.00,16384,20,true,true,OK
Leo,15018,15018,264020146.00,361896.00,16384,10,true,true,OK
GLL,15018,15018,34476125.00,261791.00,16384,15,true,true,OK
RNGLR,15018,15018,93133396.00,131875.00,16384,10,true,true,OK
BRNGLR,15018,15018,91155854.00,70229.00,16384,10,true,true,OK
CYK,15018,15018,0.00,0.00,0,0,false,false,TIMEOUT
LL,15018,15018,5661145.50,50500.00,16384,20,true,true,OK
LR,15018,15018,5952562.50,11020.50,16384,20,true,true,OK
Leo,15187,15187,262427312.00,283853.50,16384,10,true,true,OK
GLL,15187,15187,33891833.00,54749.00,884736,15,true,true,OK
RNGLR,15187,15187,64061375.00,130645.50,16384,10,true,true,OK
BRNGLR,15187,15187,62481521.00,45770.50,16384,10,true,true,OK
CYK,15187,15187,0.00,0.00,0,0,false,false,TIMEOUT
LL,15187,15187,5624041.50,37896.00,16384,20,true,true,OK
LR,15187,15187,5997354.00,19687.00,16384,20,true,true,OK
Leo,15368,15368,269623146.00,296562.50,16384,10,true,true,OK
GLL,15368,15368,35078708.00,102583.00,16384,15,true,true,OK
RNGLR,15368,15368,96904625.00,76874.50,16384,10,true,true,OK
BRNGLR,15368,15368,94844583.50,277937.50,16384,10,true,true,OK
CYK,15368,15368,0.00,0.00,0,0,false,false,TIMEOUT
LL,15368,15368,5981917.00,147792.00,16384,20,true,true,OK
LR,15368,15368,6102833.00,16167.00,16384,20,true,true,OK
Leo,15494,15494,272334479.00,234479.00,16384,10,true,true,OK
GLL,15494,15494,35453208.00,205333.00,16384,15,true,true,OK
RNGLR,15494,15494,98544541.50,111062.50,16384,10,true,true,OK
BRNGLR,15494,15494,96423042.00,141458.50,16384,10,true,true,OK
CYK,15494,15494,0.00,0.00,0,0,false,false,TIMEOUT
LL,15494,15494,5923000.00,49791.50,16384,20,true,true,OK
LR,15494,15494,6150146.00,15208.50,16384,20,true,true,OK
Leo,15565,15565,272828145.50,396958.00,16384,10,true,true,OK
GLL,15565,15565,35316042.00,106333.00,16384,15,true,true,OK
RNGLR,15565,15565,99361125.00,131854.50,16384,10,true,true,OK
BRNGLR,15565,15565,97218521.00,48750.00,16384,10,true,true,OK
CYK,15565,15565,0.00,0.00,0,0,false,false,TIMEOUT
LL,15565,15565,6401833.50,430354.00,16384,20,true,true,OK
LR,15565,15565,6237458.50,17416.50,16384,20,true,true,OK
Leo,15630,15630,275266708.00,296542.00,16384,10,true,true,OK
GLL,15630,15630,36049604.00,152875.00,16384,14,true,true,OK
RNGLR,15630,15630,100244333.00,33729.50,16384,10,true,true,OK
BRNGLR,15630,15630,98126708.50,49854.00,16384,10,true,true,OK
CYK,15630,15630,0.00,0.00,0,0,false,false,TIMEOUT
LL,15630,15630,6008875.00,59896.00,16384,20,true,true,OK
LR,15630,15630,6199187.50,14750.00,16384,20,true,true,OK
Leo,15861,15861,279162833.00,86729.50,16384,10,true,true,OK
GLL,15861,15861,36292354.00,49479.00,16384,14,true,true,OK
RNGLR,15861,15861,102570583.50,88187.50,16384,10,true,true,OK
BRNGLR,15861,15861,100576396.00,20334.00,16384,10,true,true,OK
CYK,15861,15861,0.00,0.00,0,0,false,false,TIMEOUT
LL,15861,15861,6191729.00,104395.50,16384,20,true,true,OK
LR,15861,15861,6290083.50,16041.50,16384,20,true,true,OK
Leo,16096,16096,276425542.00,404500.00,16384,10,true,true,OK
GLL,16096,16096,36167083.50,86083.50,1048576,14,true,true,OK
RNGLR,16096,16096,48446541.00,59916.00,16384,11,true,true,OK
BRNGLR,16096,16096,46595541.00,69707.00,16384,11,true,true,OK
CYK,16096,16096,0.00,0.00,0,0,false,false,TIMEOUT
LL,16096,16096,5870291.50,31208.50,16384,20,true,true,OK
LR,16096,16096,6338270.50,12999.50,16384,20,true,true,OK
Leo,16698,16698,293730062.50,434395.50,16384,10,true,true,OK
GLL,16698,16698,40517958.00,139083.00,16384,13,true,true,OK
RNGLR,16698,16698,114509479.50,96459.00,16384,10,true,true,OK
BRNGLR,16698,16698,112485104.50,80666.50,16384,10,true,true,OK
CYK,16698,16698,0.00,0.00,0,0,false,false,TIMEOUT
LL,16698,16698,6644729.50,78708.50,16384,20,true,true,OK
LR,16698,16698,6666729.50,18479.00,16384,20,true,true,OK
Leo,16973,16973,299457021.50,450000.50,16384,10,true,true,OK
GLL,16973,16973,41328167.00,161501.00,16384,13,true,true,OK
RNGLR,16973,16973,117512020.50,170792.00,16384,10,true,true,OK
BRNGLR,16973,16973,115132625.00,73729.00,16384,10,true,true,OK
CYK,16973,16973,0.00,0.00,0,0,false,false,TIMEOUT
LL,16973,16973,6690250.00,67271.50,16384,20,true,true,OK
LR,16973,16973,6739521.00,31562.50,16384,20,true,true,OK
Leo,17274,17274,304540417.00,316167.00,131072,10,true,true,OK
GLL,17274,17274,42316021.00,152541.50,16384,12,true,true,OK
RNGLR,17274,17274,121763146.00,257646.00,16384,10,true,true,OK
BRNGLR,17274,17274,119322104.50,149042.50,16384,10,true,true,OK
CYK,17274,17274,0.00,0.00,0,0,false,false,TIMEOUT
LL,17274,17274,6869125.00,117687.50,16384,20,true,true,OK
LR,17274,17274,6864937.50,13708.50,16384,20,true,true,OK
Leo,17444,17444,301021187.50,382812.50,16384,10,true,true,OK
GLL,17444,17444,41331833.00,99542.00,2555904,13,true,true,OK
RNGLR,17444,17444,67054479.50,98499.50,16384,10,true,true,OK
BRNGLR,17444,17444,65094312.50,88458.50,16384,10,true,true,OK
CYK,17444,17444,0.00,0.00,0,0,false,false,TIMEOUT
LL,17444,17444,6469688.00,76729.50,16384,20,true,true,OK
LR,17444,17444,6856771.00,16833.50,16384,20,true,true,OK
Leo,17664,17664,310236520.50,350937.50,16384,10,true,true,OK
GLL,17664,17664,43195166.50,185687.00,131072,12,true,true,OK
RNGLR,17664,17664,119734166.50,147729.00,16384,10,true,true,OK
BRNGLR,17664,17664,117199249.50,81520.00,16384,10,true,true,OK
CYK,17664,17664,0.00,0.00,0,0,false,false,TIMEOUT
LL,17664,17664,7006416.50,72854.50,32768,20,true,true,OK
LR,17664,17664,7034229.50,12500.00,16384,20,true,true,OK
Leo,17703,17703,310854875.00,308166.50,16384,10,true,true,OK
GLL,17703,17703,42324937.50,114000.00,901120,12,true,true,OK
RNGLR,17703,17703,93654146.00,148771.50,16384,10,true,true,OK
BRNGLR,17703,17703,90832542.00,95396.00,16384,10,true,true,OK
CYK,17703,17703,0.00,0.00,0,0,false,false,TIMEOUT
LL,17703,17703,6902833.00,217958.50,16384,20,true,true,OK
LR,17703,17703,6997812.50,15687.50,16384,20,true,true,OK
Leo,17802,17802,310496375.00,265792.00,16384,10,true,true,OK
GLL,17802,17802,42043854.50,126812.50,2523136,12,true,true,OK
RNGLR,17802,17802,66431104.00,55916.50,16384,10,true,true,OK
BRNGLR,17802,17802,64264645.50,170770.50,16384,10,true,true,OK
CYK,17802,17802,0.00,0.00,0,0,false,false,TIMEOUT
LL,17802,17802,6662250.50,97667.00,16384,20,true,true,OK
LR,17802,17802,7013375.00,12063.00,16384,20,true,true,OK
Leo,17852,17852,313277208.50,318583.50,16384,10,true,true,OK
GLL,17852,17852,41762604.00,126541.50,2129920,12,true,true,OK
RNGLR,17852,17852,59316979.50,101771.00,16384,10,true,true,OK
BRNGLR,17852,17852,57050729.00,69916.50,16384,10,true,true,OK
CYK,17852,17852,0.00,0.00,0,0,false,false,TIMEOUT
LL,17852,17852,6775000.00,72500.00,16384,20,true,true,OK
LR,17852,17852,7043604.00,12979.00,16384,20,true,true,OK
Leo,17946,17946,313531604.00,310708.50,16384,10,true,true,OK
GLL,17946,17946,42236604.50,129583.00,2375680,12,true,true,OK
RNGLR,17946,17946,53248271.00,93708.50,16384,10,true,true,OK
BRNGLR,17946,17946,51231250.00,60271.00,16384,10,true,true,OK
CYK,17946,17946,0.00,0.00,0,0,false,false,TIMEOUT
LL,17946,17946,6680146.00,33875.00,16384,20,true,true,OK
LR,17946,17946,7083167.00,16562.50,16384,20,true,true,OK
Leo,18040,18040,314238229.00,92125.00,16384,10,true,true,OK
GLL,18040,18040,42479083.50,160374.50,1359872,12,true,true,OK
RNGLR,18040,18040,52559729.00,196229.00,16384,10,true,true,OK
BRNGLR,18040,18040,50387563.00,80626.00,16384,10,true,true,OK
CYK,18040,18040,0.00,0.00,0,0,false,false,TIMEOUT
LL,18040,18040,6711771.00,37937.50,16384,20,true,true,OK
LR,18040,18040,7095875.00,21874.50,16384,20,true,true,OK
Leo,18110,18110,318463312.00,459457.50,16384,10,true,true,OK
GLL,18110,18110,43697146.00,117209.00,16384,12,true,true,OK
RNGLR,18110,18110,132104645.50,269917.00,16384,10,true,true,OK
BRNGLR,18110,18110,129719833.50,74416.50,16384,10,true,true,OK
CYK,18110,18110,0.00,0.00,0,0,false,false,TIMEOUT
LL,18110,18110,7359354.00,168125.00,16384,20,true,true,OK
LR,18110,18110,7185500.00,13354.00,16384,20,true,true,OK
Leo,18274,18274,321862812.50,179729.50,16384,10,true,true,OK
GLL,18274,18274,43329604.50,147250.00,2179072,12,true,true,OK
RNGLR,18274,18274,82316208.50,202437.50,16384,10,true,true,OK
BRNGLR,18274,18274,79822521.00,78604.00,16384,10,true,true,OK
CYK,18274,18274,0.00,0.00,0,0,false,false,TIMEOUT
LL,18274,18274,6928604.50,49333.50,16384,20,true,true,OK
LR,18274,18274,7227937.00,21562.00,16384,20,true,true,OK
Leo,18320,18320,320770208.50,383083.50,16384,10,true,true,OK
GLL,18320,18320,42951458.50,111041.50,2408448,12,true,true,OK
RNGLR,18320,18320,58431396.00,134979.00,16384,10,true,true,OK
BRNGLR,18320,18320,56150041.50,79250.00,16384,10,true,true,OK
CYK,18320,18320,0.00,0.00,0,0,false,false,TIMEOUT
LL,18320,18320,6961396.00,102771.00,16384,20,true,true,OK
LR,18320,18320,7228562.50,21979.50,16384,20,true,true,OK
Leo,18374,18374,322640854.00,144729.00,16384,10,true,true,OK
GLL,18374,18374,43192146.00,144417.00,2523136,12,true,true,OK
RNGLR,18374,18374,46754167.00,223834.00,16384,11,true,true,OK
BRNGLR,18374,18374,44433437.50,51604.00,16384,12,true,true,OK
CYK,18374,18374,0.00,0.00,0,0,false,false,TIMEOUT
LL,18374,18374,6863667.00,45791.50,16384,20,true,true,OK
LR,18374,18374,7251791.50,11021.00,16384,20,true,true,OK
Leo,18421,18421,324850021.00,297958.50,16384,10,true,true,OK
GLL,18421,18421,44600041.50,118937.50,16384,12,true,true,OK
RNGLR,18421,18421,136218520.50,84854.50,16384,10,true,true,OK
BRNGLR,18421,18421,133650041.00,50937.50,16384,10,true,true,OK
CYK,18421,18421,0.00,0.00,0,0,false,false,TIMEOUT
LL,18421,18421,7548979.00,57146.00,16384,20,true,true,OK
LR,18421,18421,7294708.00,16083.50,16384,20,true,true,OK
Leo,18485,18485,313859937.50,245208.00,16384,10,true,true,OK
GLL,18485,18485,43491416.50,105354.00,1835008,12,true,true,OK
RNGLR,18485,18485,41376167.00,71833.00,16384,13,true,true,OK
BRNGLR,18485,18485,39375041.00,54166.00,16384,13,true,true,OK
CYK,18485,18485,0.00,0.00,0,0,false,false,TIMEOUT
LL,18485,18485,6932416.50,169520.00,16384,20,true,true,OK
LR,18485,18485,7196458.50,10958.00,16384,20,true,true,OK
Leo,18545,18545,368364146.00,770042.00,16384,10,true,true,OK
GLL,18545,18545,44614374.50,78458.00,16384,12,true,true,OK
RNGLR,18545,18545,138009375.00,123146.00,16384,10,true,true,OK
BRNGLR,18545,18545,135361520.50,99792.00,16384,10,true,true,OK
CYK,18545,18545,0.00,0.00,0,0,false,false,TIMEOUT
LL,18545,18545,7550208.50,75479.00,16384,20,true,true,OK
LR,18545,18545,7360250.00,14521.00,16384,20,true,true,OK
Leo,18661,18661,365611124.50,725542.00,16384,10,true,true,OK
GLL,18661,18661,43839458.50,142729.00,1671168,12,true,true,OK
RNGLR,18661,18661,72682417.00,50270.50,16384,10,true,true,OK
BRNGLR,18661,18661,70263020.50,77270.50,16384,10,true,true,OK
CYK,18661,18661,0.00,0.00,0,0,false,false,TIMEOUT
LL,18661,18661,7233812.50,70208.50,16384,20,true,true,OK
LR,18661,18661,7375062.50,12333.50,16384,20,true,true,OK
Leo,18834,18834,364468896.00,554416.50,16384,10,true,true,OK
GLL,18834,18834,45102042.00,166999.50,16384,12,true,true,OK
RNGLR,18834,18834,141625708.50,149750.00,16384,10,true,true,OK
BRNGLR,18834,18834,139114208.00,162229.00,16384,10,true,true,OK
CYK,18834,18834,0.00,0.00,0,0,false,false,TIMEOUT
LL,18834,18834,7784729.00,119146.00,16384,20,true,true,OK
LR,18834,18834,7463375.00,19229.50,16384,20,true,true,OK
Leo,18966,18966,376262021.00,681166.50,16384,10,true,true,OK
GLL,18966,18966,46396875.00,293917.00,229376,11,true,true,OK
RNGLR,18966,18966,143391042.00,161000.00,16384,10,true,true,OK
BRNGLR,18966,18966,140783062.50,180354.50,16384,10,true,true,OK
CYK,18966,18966,0.00,0.00,0,0,false,false,TIMEOUT
LL,18966,18966,7785187.50,43625.00,16384,20,true,true,OK
LR,18966,18966,7540187.50,11396.00,16384,20,true,true,OK
Leo,18991,18991,377793417.00,567104.50,16384,10,true,true,OK
GLL,18991,18991,46866375.00,53083.00,49152,11,true,true,OK
RNGLR,18991,18991,144187812.50,306895.50,16384,10,true,true,OK
BRNGLR,18991,18991,141363583.50,204563.00,16384,10,true,true,OK
CYK,18991,18991,0.00,0.00,0,0,false,false,TIMEOUT
LL,18991,18991,7841020.50,73687.50,16384,20,true,true,OK
LR,18991,18991,7530396.00,19125.00,16384,20,true,true,OK
Leo,19394,19394,371270020.50,494688.00,16384,10,true,true,OK
GLL,19394,19394,45903584.00,146749.00,1228800,11,true,true,OK
RNGLR,19394,19394,49933958.00,99874.00,16384,11,true,true,OK
BRNGLR,19394,19394,47782708.00,111417.00,16384,11,true,true,OK
CYK,19394,19394,0.00,0.00,0,0,false,false,TIMEOUT
LL,19394,19394,7142020.50,52479.00,16384,20,true,true,OK
LR,19394,19394,7571250.00,23041.50,16384,20,true,true,OK
Leo,19422,19422,384478937.50,607875.00,16384,10,true,true,OK
GLL,19422,19422,48082167.00,328917.00,65536,11,true,true,OK
RNGLR,19422,19422,132111687.00,135146.00,16384,10,true,true,OK
BRNGLR,19422,19422,129605646.00,142541.50,16384,10,true,true,OK
CYK,19422,19422,0.00,0.00,0,0,false,false,TIMEOUT
LL,19422,19422,7871979.50,66084.00,16384,20,true,true,OK
LR,19422,19422,7673416.50,21458.00,16384,20,true,true,OK
Leo,19622,19622,388738146.00,1668104.00,16384,10,true,true,OK
GLL,19622,19622,47870875.00,185875.00,131072,11,true,true,OK
RNGLR,19622,19622,100464854.50,132916.50,16384,10,true,true,OK
BRNGLR,19622,19622,97856229.00,138875.00,16384,10,true,true,OK
CYK,19622,19622,0.00,0.00,0,0,false,false,TIMEOUT
LL,19622,19622,7667916.50,80396.00,32768,20,true,true,OK
LR,19622,19622,7751625.00,15021.00,16384,20,true,true,OK
Leo,19651,19651,384574958.50,1166271.00,16384,10,true,true,OK
GLL,19651,19651,45927375.00,203000.00,3735552,11,true,true,OK
RNGLR,19651,19651,70380479.00,94521.00,16384,10,true,true,OK
BRNGLR,19651,19651,67966645.50,81124.50,16384,10,true,true,OK
CYK,19651,19651,0.00,0.00,0,0,false,false,TIMEOUT
LL,19651,19651,7435708.50,66333.50,16384,20,true,true,OK
LR,19651,19651,7721333.50,9187.00,16384,20,true,true,OK
Leo,19732,19732,389363729.00,605062.00,16384,10,true,true,OK
GLL,19732,19732,47647250.00,378375.00,4423680,11,true,true,OK
RNGLR,19732,19732,103696916.50,162333.50,16384,10,true,true,OK
BRNGLR,19732,19732,100715083.50,141479.00,16384,10,true,true,OK
CYK,19732,19732,0.00,0.00,0,0,false,false,TIMEOUT
LL,19732,19732,7832770.50,56895.50,16384,20,true,true,OK
LR,19732,19732,7815083.00,15478.50,16384,20,true,true,OK
Leo,20121,20121,399294187.50,2735791.50,16384,10,true,true,OK
GLL,20121,20121,49583750.00,117958.00,1556480,11,true,true,OK
RNGLR,20121,20121,159353042.00,151750.00,16384,10,true,true,OK
BRNGLR,20121,20121,156942687.50,126395.50,16384,10,true,true,OK
CYK,20121,20121,0.00,0.00,0,0,false,false,TIMEOUT
LL,20121,20121,8433249.50,97458.00,16384,20,true,true,OK
LR,20121,20121,7996687.50,10750.00,16384,20,true,true,OK
Leo,20169,20169,399154000.00,2292562.50,16384,10,true,true,OK
GLL,20169,20169,48077333.00,165083.00,3784704,11,true,true,OK
RNGLR,20169,20169,71979604.00,98979.00,1966080,10,true,true,OK
BRNGLR,20169,20169,69464541.50,115729.50,16384,10,true,true,OK
CYK,20169,20169,0.00,0.00,0,0,false,false,TIMEOUT
LL,20169,20169,7947083.00,118854.50,16384,20,true,true,OK
LR,20169,20169,7983124.50,14833.00,16384,20,true,true,OK
Leo,20584,20584,407761646.00,302250.00,16384,10,true,true,OK
GLL,20584,20584,49996792.00,113834.00,278528,11,true,true,OK
RNGLR,20584,20584,166643791.50,49104.00,16384,10,true,true,OK
BRNGLR,20584,20584,163842541.50,28458.50,16384,10,true,true,OK
CYK,20584,20584,0.00,0.00,0,0,false,false,TIMEOUT
LL,20584,20584,8760020.50,114332.50,16384,20,true,true,OK
LR,20584,20584,8151103.50,12646.00,16384,20,true,true,OK
Leo,20829,20829,415019812.50,2312854.00,16384,10,true,true,OK
GLL,20829,20829,50502104.00,166749.50,49152,10,true,true,OK
RNGLR,20829,20829,117617375.00,319500.00,1998848,10,true,true,OK
BRNGLR,20829,20829,114945209.00,151749.50,16384,10,true,true,OK
CYK,20829,20829,0.00,0.00,0,0,false,false,TIMEOUT
LL,20829,20829,8395896.00,70562.50,16384,20,true,true,OK
LR,20829,20829,8215479.00,9500.00,16384,20,true,true,OK
Leo,21014,21014,413399625.00,2442042.00,16384,10,true,true,OK
GLL,21014,21014,50047041.50,173104.00,1409024,10,true,true,OK
RNGLR,21014,21014,75679667.00,260938.00,16384,10,true,true,OK
BRNGLR,21014,21014,72991000.00,120416.00,16384,10,true,true,OK
CYK,21014,21014,0.00,0.00,0,0,false,false,TIMEOUT
LL,21014,21014,8171250.00,92521.50,16384,20,true,true,OK
LR,21014,21014,8307354.50,17521.00,16384,20,true,true,OK
Leo,21084,21084,412520875.00,4049625.00,16384,10,true,true,OK
GLL,21084,21084,50452458.50,125020.50,1998848,10,true,true,OK
RNGLR,21084,21084,53966229.00,83021.00,16384,10,true,true,OK
BRNGLR,21084,21084,51474854.00,66167.00,16384,10,true,true,OK
CYK,21084,21084,0.00,0.00,0,0,false,false,TIMEOUT
LL,21084,21084,8293104.00,67833.50,16384,20,true,true,OK
LR,21084,21084,8332749.50,13833.50,16384,20,true,true,OK
Leo,21705,21705,434257812.50,408854.50,16384,10,true,true,OK
GLL,21705,21705,52681354.00,104770.50,311296,10,true,true,OK
RNGLR,21705,21705,183651416.50,170396.00,16384,10,true,true,OK
BRNGLR,21705,21705,180630562.50,74208.50,16384,10,true,true,OK
CYK,21705,21705,0.00,0.00,0,0,false,false,TIMEOUT
LL,21705,21705,9493895.50,171624.50,16384,20,true,true,OK
LR,21705,21705,8621583.50,16208.50,16384,20,true,true,OK
Leo,22315,22315,443400562.50,624041.00,16384,10,true,true,OK
GLL,22315,22315,55197958.00,127541.50,16384,10,true,true,OK
RNGLR,22315,22315,115084645.50,118229.00,16384,10,true,true,OK
BRNGLR,22315,22315,112353458.00,202166.50,16384,10,true,true,OK
CYK,22315,22315,0.00,0.00,0,0,false,false,TIMEOUT
LL,22315,22315,8994812.00,73583.50,16384,20,true,true,OK
LR,22315,22315,8840791.50,13312.50,16384,20,true,true,OK
Leo,22484,22484,444402458.50,524958.50,16384,10,true,true,OK
GLL,22484,22484,56165854.00,111250.00,1310720,10,true,true,OK
RNGLR,22484,22484,137834687.50,172479.00,16384,10,true,true,OK
BRNGLR,22484,22484,134356541.50,35853.50,16384,10,true,true,OK
CYK,22484,22484,0.00,0.00,0,0,false,false,TIMEOUT
LL,22484,22484,9453270.50,90479.00,16384,20,true,true,OK
LR,22484,22484,8890437.50,16187.50,16384,20,true,true,OK
Leo,22646,22646,452404416.50,1099708.50,16384,10,true,true,OK
GLL,22646,22646,55772146.00,179771.00,245760,10,true,true,OK
RNGLR,22646,22646,197631021.00,93541.50,16384,10,true,true,OK
BRNGLR,22646,22646,194756771.00,209500.00,16384,10,true,true,OK
CYK,22646,22646,0.00,0.00,0,0,false,false,TIMEOUT
LL,22646,22646,9958667.00,94688.00,16384,20,true,true,OK
LR,22646,22646,8975500.00,15728.50,16384,20,true,true,OK
Leo,22712,22712,458257583.50,682312.50,16384,10,true,true,OK
GLL,22712,22712,56324021.00,288124.50,1474560,10,true,true,OK
RNGLR,22712,22712,135314812.50,175166.50,16384,10,true,true,OK
BRNGLR,22712,22712,131890625.00,243812.00,16384,10,true,true,OK
CYK,22712,22712,0.00,0.00,0,0,false,false,TIMEOUT
LL,22712,22712,9525187.50,36770.50,16384,20,true,true,OK
LR,22712,22712,8995521.00,11979.00,16384,20,true,true,OK
Leo,22855,22855,450797479.00,1131625.00,16384,10,true,true,OK
GLL,22855,22855,55053000.00,120333.50,2179072,10,true,true,OK
RNGLR,22855,22855,102834520.50,380937.50,16384,10,true,true,OK
BRNGLR,22855,22855,99570937.00,108708.50,16384,10,true,true,OK
CYK,22855,22855,0.00,0.00,0,0,false,false,TIMEOUT
LL,22855,22855,9419896.00,66417.00,16384,20,true,true,OK
LR,22855,22855,8996375.00,16437.00,16384,20,true,true,OK
Leo,24004,24004,484266333.50,1434709.00,16384,10,true,true,OK
GLL,24004,24004,58876791.50,264499.50,311296,10,true,true,OK
RNGLR,24004,24004,220604125.50,489416.50,16384,10,true,true,OK
BRNGLR,24004,24004,217308271.00,384833.00,16384,10,true,true,OK
CYK,24004,24004,0.00,0.00,0,0,false,false,TIMEOUT
LL,24004,24004,10639000.00,77770.50,16384,20,true,true,OK
LR,24004,24004,9573125.00,30458.00,16384,20,true,true,OK
Leo,24219,24219,492516416.00,2160334.50,16384,10,true,true,OK
GLL,24219,24219,60381083.50,199208.00,65536,10,true,true,OK
RNGLR,24219,24219,224019479.00,265292.00,16384,10,true,true,OK
BRNGLR,24219,24219,220544000.00,143021.00,16384,10,true,true,OK
CYK,24219,24219,0.00,0.00,0,0,false,false,TIMEOUT
LL,24219,24219,10729791.50,41500.00,16384,20,true,true,OK
LR,24219,24219,9647104.50,26396.00,16384,20,true,true,OK
Leo,24457,24457,491762000.00,6829062.50,16384,10,true,true,OK
GLL,24457,24457,60284125.00,338083.50,81920,10,true,true,OK
RNGLR,24457,24457,229052583.00,534041.50,16384,10,true,true,OK
BRNGLR,24457,24457,230965771.00,3519854.00,16384,10,true,true,OK
CYK,24457,24457,0.00,0.00,0,0,false,false,TIMEOUT
LL,24457,24457,12623188.00,385500.50,16384,20,true,true,OK
LR,24457,24457,9727500.00,29646.50,16384,20,true,true,OK
Leo,25742,25742,532993208.00,17909604.00,16384,10,true,true,OK
GLL,25742,25742,61695437.50,178583.50,3637248,10,true,true,OK
RNGLR,25742,25742,113671083.50,158729.00,16384,10,true,true,OK
BRNGLR,25742,25742,110435542.00,295167.00,16384,10,true,true,OK
CYK,25742,25742,0.00,0.00,0,0,false,false,TIMEOUT
LL,25742,25742,10912166.50,44270.00,16384,20,true,true,OK
LR,25742,25742,10195729.50,13646.00,16384,20,true,true,OK
Leo,25868,25868,518235708.50,389333.50,16384,10,true,true,OK
GLL,25868,25868,63429208.50,189583.50,49152,10,true,true,OK
RNGLR,25868,25868,253934583.00,320666.50,2506752,10,true,true,OK
BRNGLR,25868,25868,257037312.00,6270770.00,2506752,10,true,true,OK
CYK,25868,25868,0.00,0.00,0,0,false,false,TIMEOUT
LL,25868,25868,11944666.50,164812.50,16384,20,true,true,OK
LR,25868,25868,10323812.00,35791.00,16384,20,true,true,OK
Leo,26882,26882,571202875.00,32062125.00,16384,10,true,true,OK
GLL,26882,26882,66564729.00,496354.00,868352,10,true,true,OK
RNGLR,26882,26882,216613208.00,1354396.00,16384,10,true,true,OK
BRNGLR,26882,26882,211938854.50,475313.00,16384,10,true,true,OK
CYK,26882,26882,0.00,0.00,0,0,false,false,TIMEOUT
LL,26882,26882,13527375.00,577374.50,16384,20,true,true,OK
LR,26882,26882,10782458.00,98708.00,16384,20,true,true,OK
Leo,27038,27038,560524521.00,7756749.50,16384,10,true,true,OK
GLL,27038,27038,67698729.00,291583.50,16384,10,true,true,OK
RNGLR,27038,27038,278137666.50,761937.00,16384,10,true,true,OK
BRNGLR,27038,27038,275949583.00,2407854.00,16384,10,true,true,OK
CYK,27038,27038,0.00,0.00,0,0,false,false,TIMEOUT
LL,27038,27038,13243270.50,550020.50,16384,20,true,true,OK
LR,27038,27038,10734458.50,29062.50,16384,20,true,true,OK
Leo,27372,27372,608690437.50,13852542.00,16384,10,true,true,OK
GLL,27372,27372,71473208.50,1030520.50,16384,10,true,true,OK
RNGLR,27372,27372,282687833.00,293937.50,16384,10,true,true,OK
BRNGLR,27372,27372,278611854.00,118500.50,16384,10,true,true,OK
CYK,27372,27372,0.00,0.00,0,0,false,false,TIMEOUT
LL,27372,27372,12591104.00,74771.00,16384,20,true,true,OK
LR,27372,27372,10898312.50,13562.50,16384,20,true,true,OK
Leo,28049,28049,542530354.00,1701604.50,180224,10,true,true,OK
GLL,28049,28049,67140729.00,101979.50,6963200,10,true,true,OK
RNGLR,28049,28049,55054458.50,56646.00,16384,10,true,true,OK
BRNGLR,28049,28049,52119875.50,106250.00,16384,10,true,true,OK
CYK,28049,28049,0.00,0.00,0,0,false,false,TIMEOUT
LL,28049,28049,11865708.50,93979.00,16384,20,true,true,OK
LR,28049,28049,11035146.00,9229.00,16384,20,true,true,OK
Leo,28606,28606,568625208.50,539459.00,16384,10,true,true,OK
GLL,28606,28606,70312562.00,195730.00,2293760,10,true,true,OK
RNGLR,28606,28606,159684750.00,188229.00,16384,10,true,true,OK
BRNGLR,28606,28606,156574521.00,179146.00,16384,10,true,true,OK
CYK,28606,28606,0.00,0.00,0,0,false,false,TIMEOUT
LL,28606,28606,12539625.00,54583.50,16384,20,true,true,OK
LR,28606,28606,11391166.50,24875.00,16384,20,true,true,OK
Leo,28745,28745,583725229.50,484229.00,16384,10,true,true,OK
GLL,28745,28745,74024313.00,255438.00,1769472,10,true,true,OK
RNGLR,28745,28745,309169374.50,389188.00,16384,10,true,true,OK
BRNGLR,28745,28745,305569583.50,248458.50,16384,10,true,true,OK
CYK,28745,28745,0.00,0.00,0,0,false,false,TIMEOUT
LL,28745,28745,13414416.50,46958.50,16384,20,true,true,OK
LR,28745,28745,11450666.50,40708.00,16384,20,true,true,OK
Leo,29176,29176,574042458.00,1102999.00,16384,10,true,true,OK
GLL,29176,29176,73875187.50,270625.00,16384,10,true,true,OK
RNGLR,29176,29176,318688854.50,464728.50,16384,10,true,true,OK
BRNGLR,29176,29176,314207791.50,170875.00,16384,10,true,true,OK
CYK,29176,29176,0.00,0.00,0,0,false,false,TIMEOUT
LL,29176,29176,13596000.50,53396.50,16384,20,true,true,OK
LR,29176,29176,11608833.50,22062.50,16384,20,true,true,OK
Leo,29675,29675,603219520.50,2352167.00,16384,10,true,true,OK
GLL,29675,29675,75094979.00,148916.50,16384,10,true,true,OK
RNGLR,29675,29675,328937813.00,219250.00,16384,10,true,true,OK
BRNGLR,29675,29675,324881583.50,195604.00,16384,10,true,true,OK
CYK,29675,29675,0.00,0.00,0,0,false,false,TIMEOUT
LL,29675,29675,13832666.50,77000.00,16384,20,true,true,OK
LR,29675,29675,11834500.00,32000.00,16384,20,true,true,OK
Leo,29695,29695,598391416.50,1412958.00,16384,10,true,true,OK
GLL,29695,29695,75203958.50,110021.00,16384,10,true,true,OK
RNGLR,29695,29695,329563937.50,584791.00,16384,10,true,true,OK
BRNGLR,29695,29695,325411333.50,159333.50,16384,10,true,true,OK
CYK,29695,29695,0.00,0.00,0,0,false,false,TIMEOUT
LL,29695,29695,14022416.50,61000.00,16384,20,true,true,OK
LR,29695,29695,11823167.00,14938.00,16384,20,true,true,OK
Leo,29980,29980,593719979.00,2505958.00,16384,10,true,true,OK
GLL,29980,29980,73211854.50,82916.50,4096000,10,true,true,OK
RNGLR,29980,29980,149306833.00,183937.50,16384,10,true,true,OK
BRNGLR,29980,29980,146073896.00,250354.00,16384,10,true,true,OK
CYK,29980,29980,0.00,0.00,0,0,false,false,TIMEOUT
LL,29980,29980,13045667.00,62229.00,16384,20,true,true,OK
LR,29980,29980,11803458.50,14396.00,16384,20,true,true,OK
Leo,30312,30312,605203020.50,920291.50,16384,10,true,true,OK
GLL,30312,30312,75661666.50,262458.50,3342336,10,true,true,OK
RNGLR,30312,30312,133968020.50,160666.50,16384,10,true,true,OK
BRNGLR,30312,30312,130143646.00,77188.00,16384,10,true,true,OK
CYK,30312,30312,0.00,0.00,0,0,false,false,TIMEOUT
LL,30312,30312,13164250.50,58708.50,16384,20,true,true,OK
LR,30312,30312,11976709.00,20875.00,16384,20,true,true,OK
Leo,31124,31124,628388396.00,610458.50,16384,10,true,true,OK
GLL,31124,31124,78554646.00,85625.50,16384,10,true,true,OK
RNGLR,31124,31124,358850042.00,129187.50,16384,10,true,true,OK
BRNGLR,31124,31124,354911229.00,208500.00,16384,10,true,true,OK
CYK,31124,31124,0.00,0.00,0,0,false,false,TIMEOUT
LL,31124,31124,14868312.50,80333.00,16384,20,true,true,OK
LR,31124,31124,12419479.00,33375.00,16384,20,true,true,OK
Leo,32447,32447,652002979.00,1754375.00,16384,10,true,true,OK
GLL,32447,32447,81299208.00,180896.00,4603904,10,true,true,OK
RNGLR,32447,32447,231869646.00,296479.50,16384,10,true,true,OK
BRNGLR,32447,32447,228091646.00,202187.50,16384,10,true,true,OK
CYK,32447,32447,0.00,0.00,0,0,false,false,TIMEOUT
LL,32447,32447,14729396.00,46958.50,16384,20,true,true,OK
LR,32447,32447,12901667.00,22062.50,16384,20,true,true,OK
Leo,32518,32518,639428604.00,1786854.00,16384,10,true,true,OK
GLL,32518,32518,81338729.50,292104.50,16384,10,true,true,OK
RNGLR,32518,32518,390206229.00,173771.00,16384,10,true,true,OK
BRNGLR,32518,32518,385844854.50,276958.50,16384,10,true,true,OK
CYK,32518,32518,0.00,0.00,0,0,false,false,TIMEOUT
LL,32518,32518,15574292.00,49375.00,16384,20,true,true,OK
LR,32518,32518,12962291.50,24687.00,16384,20,true,true,OK
Leo,33273,33273,666064104.00,1390042.00,16384,10,true,true,OK
GLL,33273,33273,86365895.50,230020.50,3407872,10,true,true,OK
RNGLR,33273,33273,204219583.50,316042.00,16384,10,true,true,OK
BRNGLR,33273,33273,199676729.00,107229.50,16384,10,true,true,OK
CYK,33273,33273,0.00,0.00,0,0,false,false,TIMEOUT
LL,33273,33273,15006520.50,50833.00,16384,20,true,true,OK
LR,33273,33273,13219854.50,31916.50,32768,20,true,true,OK
Leo,33473,33473,666451770.50,1553416.50,16384,10,true,true,OK
GLL,33473,33473,84771437.50,298437.00,2752512,10,true,true,OK
RNGLR,33473,33473,138809604.00,157624.50,16384,10,true,true,OK
BRNGLR,33473,33473,134890687.50,88146.00,16384,10,true,true,OK
CYK,33473,33473,0.00,0.00,0,0,false,false,TIMEOUT
LL,33473,33473,14811437.50,62979.00,16384,20,true,true,OK
LR,33473,33473,13266041.50,21687.50,16384,20,true,true,OK
Leo,33892,33892,664806416.50,1422146.00,16384,10,true,true,OK
GLL,33892,33892,87397042.00,182500.00,458752,10,true,true,OK
RNGLR,33892,33892,386911833.50,309833.50,16384,10,true,true,OK
BRNGLR,33892,33892,382071958.00,200562.50,16384,10,true,true,OK
CYK,33892,33892,0.00,0.00,0,0,false,false,TIMEOUT
LL,33892,33892,16255854.00,62791.50,16384,20,true,true,OK
LR,33892,33892,13567334.00,35833.50,16384,20,true,true,OK
Leo,34288,34288,685403250.00,2246083.50,16384,10,true,true,OK
GLL,34288,34288,89167396.00,179312.50,5193728,10,true,true,OK
RNGLR,34288,34288,223686542.00,170562.50,16384,10,true,true,OK
BRNGLR,34288,34288,219863187.50,227521.50,16384,10,true,true,OK
CYK,34288,34288,0.00,0.00,0,0,false,false,TIMEOUT
LL,34288,34288,15501937.50,33729.50,16384,20,true,true,OK
LR,34288,34288,13616083.50,31271.00,16384,20,true,true,OK
Leo,34290,34290,688271250.00,1681625.00,16384,10,true,true,OK
GLL,34290,34290,90655375.00,127854.00,16384,10,true,true,OK
RNGLR,34290,34290,432967000.00,377813.00,1376256,10,true,true,OK
BRNGLR,34290,34290,428505333.50,193541.50,16384,10,true,true,OK
CYK,34290,34290,0.00,0.00,0,0,false,false,TIMEOUT
LL,34290,34290,16320917.00,73437.00,16384,20,true,true,OK
LR,34290,34290,13705687.50,24750.00,16384,20,true,true,OK
Leo,34577,34577,683206208.50,928208.50,327680,10,true,true,OK
GLL,34577,34577,87869583.50,194937.50,5095424,10,true,true,OK
RNGLR,34577,34577,136725188.00,285792.50,6422528,10,true,true,OK
BRNGLR,34577,34577,132042833.00,55312.50,16384,10,true,true,OK
CYK,34577,34577,0.00,0.00,0,0,false,false,TIMEOUT
LL,34577,34577,15202916.50,60395.50,32768,20,true,true,OK
LR,34577,34577,13670625.00,21396.00,16384,20,true,true,OK
Leo,34982,34982,702683145.50,1180312.50,65536,10,true,true,OK
GLL,34982,34982,92190438.00,125250.50,16384,10,true,true,OK
RNGLR,34982,34982,448863396.00,391458.50,16384,10,true,true,OK
BRNGLR,34982,34982,443282396.00,679874.50,16384,10,true,true,OK
CYK,34982,34982,0.00,0.00,0,0,false,false,TIMEOUT
LL,34982,34982,16886562.50,87791.50,16384,20,true,true,OK
LR,34982,34982,13995708.50,30500.50,16384,20,true,true,OK
Leo,35030,35030,697955249.50,967250.00,16384,10,true,true,OK
GLL,35030,35030,92513145.50,139354.50,16384,10,true,true,OK
RNGLR,35030,35030,292142041.50,250937.50,16384,10,true,true,OK
BRNGLR,35030,35030,339684437.50,17445604.00,16384,10,true,true,OK
CYK,35030,35030,0.00,0.00,0,0,false,false,TIMEOUT
LL,35030,35030,19030833.50,159854.50,16384,20,true,true,OK
LR,35030,35030,15650687.50,390854.00,16384,20,true,true,OK
Leo,35125,35125,803038271.00,15023937.50,114688,10,true,true,OK
GLL,35125,35125,93884625.00,546562.50,16384,10,true,true,OK
RNGLR,35125,35125,451291854.50,491916.50,294912,10,true,true,OK
BRNGLR,35125,35125,445178729.00,1122667.00,16384,10,true,true,OK
CYK,35125,35125,0.00,0.00,0,0,false,false,TIMEOUT
LL,35125,35125,17164875.00,66083.00,16384,20,true,true,OK
LR,35125,35125,14125958.00,27667.00,32768,20,true,true,OK
Leo,37099,37099,726235583.50,825354.00,32768,10,true,true,OK
GLL,37099,37099,97714958.00,225750.00,262144,10,true,true,OK
RNGLR,37099,37099,497323229.00,715896.00,311296,10,true,true,OK
BRNGLR,37099,37099,492988687.50,1179771.00,262144,10,true,true,OK
CYK,37099,37099,0.00,0.00,0,0,false,false,TIMEOUT
LL,37099,37099,18137833.50,76958.50,16384,20,true,true,OK
LR,37099,37099,14929812.50,26833.50,16384,20,true,true,OK
Leo,37455,37455,730471458.50,1955291.50,49152,10,true,true,OK
GLL,37455,37455,98278416.50,242917.00,344064,10,true,true,OK
RNGLR,37455,37455,508002479.00,1537145.50,16384,10,true,true,OK
BRNGLR,37455,37455,504590791.50,697021.00,16384,10,true,true,OK
CYK,37455,37455,0.00,0.00,0,0,false,false,TIMEOUT
LL,37455,37455,18650083.50,120750.00,16384,20,true,true,OK
LR,37455,37455,15067375.00,31520.50,16384,20,true,true,OK
Leo,38331,38331,748594895.50,3415833.50,770048,10,true,true,OK
GLL,38331,38331,100325417.00,300375.00,475136,10,true,true,OK
RNGLR,38331,38331,267365917.00,180708.50,16384,10,true,true,OK
BRNGLR,38331,38331,262577333.00,113791.50,16384,10,true,true,OK
CYK,38331,38331,0.00,0.00,0,0,false,false,TIMEOUT
LL,38331,38331,17930729.00,86604.00,16384,20,true,true,OK
LR,38331,38331,15406104.00,50563.00,16384,20,true,true,OK
Leo,38916,38916,750792250.00,881354.50,81920,10,true,true,OK
GLL,38916,38916,98694208.00,693146.00,3751936,10,true,true,OK
RNGLR,38916,38916,189943646.00,261334.00,16384,10,true,true,OK
BRNGLR,38916,38916,185420229.00,399291.50,16384,10,true,true,OK
CYK,38916,38916,0.00,0.00,0,0,false,false,TIMEOUT
LL,38916,38916,17467437.50,50374.50,16384,20,true,true,OK
LR,38916,38916,15541249.50,42271.00,16384,20,true,true,OK
Leo,39378,39378,756620062.50,557875.00,49152,10,true,true,OK
GLL,39378,39378,99825458.50,292916.50,4784128,10,true,true,OK
RNGLR,39378,39378,197580979.50,254646.50,16384,10,true,true,OK
BRNGLR,39378,39378,192605520.50,341937.00,16384,10,true,true,OK
CYK,39378,39378,0.00,0.00,0,0,false,false,TIMEOUT
LL,39378,39378,17959292.00,88875.00,16384,20,true,true,OK
LR,39378,39378,15662459.00,33834.00,16384,20,true,true,OK
Leo,39637,39637,769873417.00,884583.00,49152,10,true,true,OK
GLL,39637,39637,104083187.50,862813.00,3162112,10,true,true,OK
RNGLR,39637,39637,564764666.50,206750.00,2113536,10,true,true,OK
BRNGLR,39637,39637,559247958.50,605229.00,16384,10,true,true,OK
CYK,39637,39637,0.00,0.00,0,0,false,false,TIMEOUT
LL,39637,39637,19739229.50,54605.00,16384,20,true,true,OK
LR,39637,39637,15987208.00,22895.50,16384,20,true,true,OK
Leo,39765,39765,782135041.50,6580437.50,32768,10,true,true,OK
GLL,39765,39765,103836062.00,179063.00,3571712,10,true,true,OK
RNGLR,39765,39765,388644771.00,1580604.50,16384,10,true,true,OK
BRNGLR,39765,39765,382825167.00,478250.50,16384,10,true,true,OK
CYK,39765,39765,0.00,0.00,0,0,false,false,TIMEOUT
LL,39765,39765,19067834.00,102625.00,16384,20,true,true,OK
LR,39765,39765,15945187.50,65708.00,16384,20,true,true,OK
Leo,40083,40083,781630187.50,1270687.50,49152,10,true,true,OK
GLL,40083,40083,104662291.50,263250.00,1064960,10,true,true,OK
RNGLR,40083,40083,575450666.50,737645.50,2113536,10,true,true,OK
BRNGLR,40083,40083,571613979.50,391770.50,16384,10,true,true,OK
CYK,40083,40083,0.00,0.00,0,0,false,false,TIMEOUT
LL,40083,40083,20009583.50,148750.00,16384,20,true,true,OK
LR,40083,40083,16151396.00,56729.00,16384,20,true,true,OK
Leo,41507,41507,810288583.00,3902291.00,131072,10,true,true,OK
GLL,41507,41507,111637833.00,174937.50,671744,10,true,true,OK
RNGLR,41507,41507,617151562.50,2136854.50,16384,10,true,true,OK
BRNGLR,41507,41507,612639583.00,1392958.00,16384,10,true,true,OK
CYK,41507,41507,0.00,0.00,0,0,false,false,TIMEOUT
LL,41507,41507,21226771.00,100937.50,16384,20,true,true,OK
LR,41507,41507,17116250.00,41646.00,16384,20,true,true,OK
Leo,43460,43460,841160958.00,1489562.50,16384,10,true,true,OK
GLL,43460,43460,113127854.00,309062.50,966656,10,true,true,OK
RNGLR,43460,43460,673654229.50,138542.00,16384,10,true,true,OK
BRNGLR,43460,43460,667092167.00,184541.50,16384,10,true,true,OK
CYK,43460,43460,0.00,0.00,0,0,false,false,TIMEOUT
LL,43460,43460,21629541.50,77104.00,16384,20,true,true,OK
LR,43460,43460,17543771.50,88563.50,16384,20,true,true,OK
Leo,43885,43885,834586729.00,650562.50,16384,10,true,true,OK
GLL,43885,43885,109229104.00,860187.50,7831552,10,true,true,OK
RNGLR,43885,43885,151311917.00,459000.00,16384,10,true,true,OK
BRNGLR,43885,43885,146270000.00,241271.00,16384,10,true,true,OK
CYK,43885,43885,0.00,0.00,0,0,false,false,TIMEOUT
LL,43885,43885,19391374.50,114478.50,16384,20,true,true,OK
LR,43885,43885,17521396.00,111604.00,16384,20,true,true,OK
Leo,44330,44330,865688500.00,4729375.00,16384,10,true,true,OK
GLL,44330,44330,118425312.50,472666.50,3407872,10,true,true,OK
RNGLR,44330,44330,699795542.00,565979.00,5193728,10,true,true,OK
BRNGLR,44330,44330,693986250.50,351791.00,7307264,10,true,true,OK
CYK,44330,44330,0.00,0.00,0,0,false,false,TIMEOUT
LL,44330,44330,22252062.00,88728.00,16384,20,true,true,OK
LR,44330,44330,17886937.50,33166.50,16384,20,true,true,OK
Leo,45417,45417,883795417.00,2621104.00,16384,10,true,true,OK
GLL,45417,45417,122709396.00,340437.50,17367040,10,true,true,OK
RNGLR,45417,45417,734322479.50,341646.00,81920,10,true,true,OK
BRNGLR,45417,45417,728249978.50,103437.50,16384,10,true,true,OK
CYK,45417,45417,0.00,0.00,0,0,false,false,TIMEOUT
LL,45417,45417,23202167.00,128604.50,16384,20,true,true,OK
LR,45417,45417,18293604.00,32604.00,16384,20,true,true,OK
Leo,45619,45619,884633958.50,829354.50,16384,10,true,true,OK
GLL,45619,45619,123338438.00,177396.50,16384,10,true,true,OK
RNGLR,45619,45619,741357833.50,284270.50,16384,10,true,true,OK
BRNGLR,45619,45619,734902979.00,378146.00,16384,10,true,true,OK
CYK,45619,45619,0.00,0.00,0,0,false,false,TIMEOUT
LL,45619,45619,23177500.00,152875.50,16384,20,true,true,OK
LR,45619,45619,18397833.50,23125.00,16384,20,true,true,OK
Leo,46075,46075,888306000.00,1054770.50,16384,10,true,true,OK
GLL,46075,46075,122568771.00,360250.00,8683520,10,true,true,OK
RNGLR,46075,46075,474522021.00,329437.50,16384,10,true,true,OK
BRNGLR,46075,46075,468714833.50,510916.50,16384,10,true,true,OK
CYK,46075,46075,0.00,0.00,0,0,false,false,TIMEOUT
LL,46075,46075,22105854.50,58396.00,16384,20,true,true,OK
LR,46075,46075,18546854.50,34604.00,16384,20,true,true,OK
Leo,46093,46093,891961042.00,1401271.50,16384,10,true,true,OK
GLL,46093,46093,122540437.50,410416.50,3981312,10,true,true,OK
RNGLR,46093,46093,486043896.00,343396.00,16384,10,true,true,OK
BRNGLR,46093,46093,479912083.50,202458.00,16384,10,true,true,OK
CYK,46093,46093,0.00,0.00,0,0,false,false,TIMEOUT
LL,46093,46093,22347208.50,69667.00,16384,20,true,true,OK
LR,46093,46093,18559395.50,37187.50,16384,20,true,true,OK
Leo,50586,50586,982251874.50,1284312.50,917504,10,true,true,OK
GLL,50586,50586,134963312.50,509312.50,14401536,10,true,true,OK
RNGLR,50586,50586,902220499.50,472792.00,475136,10,true,true,OK
BRNGLR,50586,50586,895413187.50,268375.00,16384,10,true,true,OK
CYK,50586,50586,0.00,0.00,0,0,false,false,TIMEOUT
LL,50586,50586,25747229.00,77125.50,16384,20,true,true,OK
LR,50586,50586,20387416.50,32875.00,16384,20,true,true,OK
Leo,51630,51630,999395771.00,1143980.00,16384,10,true,true,OK
GLL,51630,51630,137844042.00,882667.00,16384,10,true,true,OK
RNGLR,51630,51630,938278750.00,149875.50,8126464,10,true,true,OK
BRNGLR,51630,51630,931355854.50,494853.50,1835008,10,true,true,OK
CYK,51630,51630,0.00,0.00,0,0,false,false,TIMEOUT
LL,51630,51630,26364833.00,99001.00,16384,19,true,true,OK
LR,51630,51630,20855542.00,40396.50,16384,20,true,true,OK
Leo,54612,54612,1059171417.00,1987146.50,16384,10,true,true,OK
GLL,54612,54612,150204729.50,756958.50,10731520,10,true,true,OK
RNGLR,54612,54612,1045103375.00,237437.50,81920,10,true,true,OK
BRNGLR,54612,54612,1037988000.50,109145.50,16384,10,true,true,OK
CYK,54612,54612,0.00,0.00,0,0,false,false,TIMEOUT
LL,54612,54612,28113229.00,73437.00,16384,18,true,true,OK
LR,54612,54612,21990937.50,41812.50,16384,20,true,true,OK
Leo,55012,55012,0.00,0.00,0,0,false,false,TIMEOUT
GLL,55012,55012,149278375.00,204687.00,3293184,10,true,true,OK
RNGLR,55012,55012,0.00,0.00,0,0,false,false,TIMEOUT
BRNGLR,55012,55012,0.00,0.00,0,0,false,false,TIMEOUT
CYK,55012,55012,0.00,0.00,0,0,false,false,TIMEOUT
LL,55012,55012,28164750.00,74396.00,16384,18,true,true,OK
LR,55012,55012,22224854.50,75291.50,16384,20,true,true,OK
Leo,56657,56657,0.00,0.00,0,0,false,false,TIMEOUT
GLL,56657,56657,154820666.50,477604.00,13615104,10,true,true,OK
RNGLR,56657,56657,0.00,0.00,0,0,false,false,TIMEOUT
BRNGLR,56657,56657,0.00,0.00,0,0,false,false,TIMEOUT
CYK,56657,56657,0.00,0.00,0,0,false,false,TIMEOUT
LL,56657,56657,29289042.00,70479.50,16384,18,true,true,OK
LR,56657,56657,22810562.50,38458.50,16384,20,true,true,OK
