parser,input_length,token_count,median_time_ns,mad_ns,peak_memory_bytes,iterations,recognized,parse_correct,status
Leo,6,6,27958.00,437.00,16384,20,true,true,OK
GLL,6,6,9708.50,42.50,16384,20,true,true,OK
RNGLR,6,6,7583.00,208.50,16384,20,true,true,OK
BRNGLR,6,6,7687.50,167.00,16384,20,true,true,OK
CYK,6,6,45792.00,167.00,16384,20,true,true,OK
LL,6,6,0.00,0.00,0,0,false,false,CONFLICT
LR,6,6,1708.00,0.00,0,20,true,true,OK
Leo,6,6,7667.00,42.00,0,20,true,true,OK
GLL,6,6,4375.00,41.00,0,20,true,true,OK
RNGLR,6,6,5604.50,146.00,0,20,true,true,OK
BRNGLR,6,6,6042.00,104.00,0,20,true,true,OK
CYK,6,6,47687.50,62.50,16384,20,true,true,OK
LL,6,6,0.00,0.00,0,0,false,false,CONFLICT
LR,6,6,1125.00,41.00,0,20,true,true,OK
Leo,6,6,8125.00,104.50,0,20,true,true,OK
GLL,6,6,4333.00,41.50,0,20,true,true,OK
RNGLR,6,6,5562.50,83.00,0,20,true,true,OK
BRNGLR,6,6,6250.00,166.50,0,20,true,true,OK
CYK,6,6,48792.00,625.00,16384,20,true,true,OK
LL,6,6,0.00,0.00,0,0,false,false,CONFLICT
LR,6,6,1125.00,0.00,16384,20,true,true,OK
Leo,7,7,21937.00,145.50,16384,20,true,true,OK
GLL,7,7,7083.00,83.00,0,20,true,true,OK
RNGLR,7,7,7541.50,166.50,16384,20,true,true,OK
BRNGLR,7,7,7875.00,125.00,0,20,true,true,OK
CYK,7,7,52792.00,209.00,16384,20,true,true,OK
LL,7,7,0.00,0.00,0,0,false,false,CONFLICT
LR,7,7,1625.00,20.50,0,20,true,true,OK
Leo,7,7,8542.00,42.00,16384,20,true,true,OK
GLL,7,7,4958.50,42.50,16384,20,true,true,OK
RNGLR,7,7,6333.50,83.50,0,20,true,true,OK
BRNGLR,7,7,7084.00,291.50,16384,20,true,true,OK
CYK,7,7,57792.00,458.00,16384,20,true,true,OK
LL,7,7,0.00,0.00,0,0,false,false,CONFLICT
LR,7,7,1208.50,0.50,0,20,true,true,OK
Leo,7,7,18937.50,104.50,16384,20,true,true,OK
GLL,7,7,8104.50,62.50,0,20,true,true,OK
RNGLR,7,7,8333.00,125.50,0,20,true,true,OK
BRNGLR,7,7,8521.00,125.50,16384,20,true,true,OK
CYK,7,7,62021.00,187.50,16384,20,true,true,OK
LL,7,7,0.00,0.00,0,0,false,false,CONFLICT
LR,7,7,1792.00,21.50,0,20,true,true,OK
Leo,7,7,22438.00,104.50,16384,20,true,true,OK
GLL,7,7,14041.50,583.50,16384,20,true,true,OK
RNGLR,7,7,10895.50,145.50,16384,20,true,true,OK
BRNGLR,7,7,11250.00,42.00,0,20,true,true,OK
CYK,7,7,72541.50,520.50,16384,20,true,true,OK
LL,7,7,0.00,0.00,0,0,false,false,CONFLICT
LR,7,7,2792.00,42.00,0,20,true,true,OK
Leo,7,7,21562.50,187.50,0,20,true,true,OK
GLL,7,7,7937.50,104.50,0,20,true,true,OK
RNGLR,7,7,9167.00,208.50,16384,20,true,true,OK
BRNGLR,7,7,9354.00,187.00,0,20,true,true,OK
CYK,7,7,67187.50,146.50,16384,20,true,true,OK
LL,7,7,0.00,0.00,0,0,false,false,CONFLICT
LR,7,7,1937.50,21.50,0,20,true,true,OK
Leo,8,8,35875.00,125.00,16384,20,true,true,OK
GLL,8,8,13000.00,84.00,16384,20,true,true,OK
RNGLR,8,8,10562.50,187.50,16384,20,true,true,OK
BRNGLR,8,8,10833.00,250.00,0,20,true,true,OK
CYK,8,8,73270.50,104.50,16384,20,true,true,OK
LL,8,8,0.00,0.00,0,0,false,false,CONFLICT
LR,8,8,2500.00,41.00,0,20,true,true,OK
Leo,8,8,36146.00,146.00,16384,20,true,true,OK
GLL,8,8,13125.00,42.00,0,20,true,true,OK
RNGLR,8,8,10396.50,146.50,0,20,true,true,OK
BRNGLR,8,8,10813.00,146.50,16384,20,true,true,OK
CYK,8,8,73312.50,104.50,16384,20,true,true,OK
LL,8,8,0.00,0.00,0,0,false,false,CONFLICT
LR,8,8,2458.50,41.50,0,20,true,true,OK
Leo,9,9,48374.50,145.50,16384,20,true,true,OK
GLL,9,9,19333.00,62.50,16384,20,true,true,OK
RNGLR,9,9,13104.50,125.00,0,20,true,true,OK
BRNGLR,9,9,13187.50,229.00,16384,20,true,true,OK
CYK,9,9,91958.00,437.50,16384,20,true,true,OK
LL,9,9,0.00,0.00,0,0,false,false,CONFLICT
LR,9,9,2958.50,41.50,0,20,true,true,OK
Leo,9,9,21209.00,62.50,16384,20,true,true,OK
GLL,9,9,9062.50,62.50,16384,20,true,true,OK
RNGLR,9,9,9979.00,208.00,0,20,true,true,OK
BRNGLR,9,9,10541.50,187.00,0,20,true,true,OK
CYK,9,9,97125.00,208.50,16384,20,true,true,OK
LL,9,9,0.00,0.00,0,0,false,false,CONFLICT
LR,9,9,2250.00,41.00,0,20,true,true,OK
Leo,9,9,29791.50,83.50,16384,20,true,true,OK
GLL,9,9,11375.00,83.00,16384,20,true,true,OK
RNGLR,9,9,10833.00,42.00,0,20,true,true,OK
BRNGLR,9,9,11396.00,83.50,16384,20,true,true,OK
CYK,9,9,90645.50,2520.50,16384,20,true,true,OK
LL,9,9,0.00,0.00,0,0,false,false,CONFLICT
LR,9,9,2625.00,0.00,0,20,true,true,OK
Leo,9,9,40854.00,166.50,16384,20,true,true,OK
GLL,9,9,14625.00,83.50,16384,20,true,true,OK
RNGLR,9,9,12333.00,145.50,16384,20,true,true,OK
BRNGLR,9,9,12625.00,187.50,16384,20,true,true,OK
CYK,9,9,93062.00,124.50,16384,20,true,true,OK
LL,9,9,0.00,0.00,0,0,false,false,CONFLICT
LR,9,9,3062.50,62.50,0,20,true,true,OK
Leo,9,9,21208.00,41.50,0,20,true,true,OK
GLL,9,9,8958.50,104.50,16384,20,true,true,OK
RNGLR,9,9,10021.00,146.00,0,20,true,true,OK
BRNGLR,9,9,10500.00,167.00,0,20,true,true,OK
CYK,9,9,88895.50,437.50,16384,20,true,true,OK
LL,9,9,0.00,0.00,0,0,false,false,CONFLICT
LR,9,9,2042.00,0.00,0,20,true,true,OK
Leo,9,9,24646.00,83.50,16384,20,true,true,OK
GLL,9,9,9562.50,104.50,16384,20,true,true,OK
RNGLR,9,9,10333.50,249.50,16384,20,true,true,OK
BRNGLR,9,9,11167.00,145.50,0,20,true,true,OK
CYK,9,9,96916.50,500.00,16384,20,true,true,OK
LL,9,9,0.00,0.00,0,0,false,false,CONFLICT
LR,9,9,2458.00,41.50,0,20,true,true,OK
Leo,9,9,32333.50,604.50,16384,20,true,true,OK
GLL,9,9,17708.00,83.00,16384,20,true,true,OK
RNGLR,9,9,14604.00,229.00,16384,20,true,true,OK
BRNGLR,9,9,14979.00,104.00,16384,20,true,true,OK
CYK,9,9,122166.50,1187.50,16384,20,true,true,OK
LL,9,9,0.00,0.00,0,0,false,false,CONFLICT
LR,9,9,3875.00,0.00,0,20,true,true,OK
Leo,9,9,27083.50,250.00,16384,20,true,true,OK
GLL,9,9,10333.50,83.50,16384,20,true,true,OK
RNGLR,9,9,11479.00,416.00,16384,20,true,true,OK
BRNGLR,9,9,11979.00,187.00,0,20,true,true,OK
CYK,9,9,97750.00,396.00,16384,20,true,true,OK
LL,9,9,0.00,0.00,0,0,false,false,CONFLICT
LR,9,9,2458.00,42.00,0,20,true,true,OK
Leo,10,10,32750.00,62.50,16384,20,true,true,OK
GLL,10,10,14395.50,187.00,16384,20,true,true,OK
RNGLR,10,10,11979.00,145.50,16384,20,true,true,OK
BRNGLR,10,10,12417.00,83.00,0,20,true,true,OK
CYK,10,10,110375.00,187.50,16384,20,true,true,OK
LL,10,10,0.00,0.00,0,0,false,false,CONFLICT
LR,10,10,2750.00,41.50,0,20,true,true,OK
Leo,10,10,24000.00,416.50,16384,20,true,true,OK
GLL,10,10,10084.00,63.00,16384,20,true,true,OK
RNGLR,10,10,11208.00,187.00,0,20,true,true,OK
BRNGLR,10,10,12520.50,145.50,16384,20,true,true,OK
CYK,10,10,112729.50,83.50,16384,20,true,true,OK
LL,10,10,0.00,0.00,0,0,false,false,CONFLICT
LR,10,10,2417.00,1.00,0,20,true,true,OK
Leo,11,11,32124.50,749.50,16384,20,true,true,OK
GLL,11,11,16604.00,83.50,16384,20,true,true,OK
RNGLR,11,11,14834.00,83.00,16384,20,true,true,OK
BRNGLR,11,11,18520.50,416.00,16384,20,true,true,OK
CYK,11,11,168854.50,6103.50,16384,20,true,true,OK
LL,11,11,0.00,0.00,0,0,false,false,CONFLICT
LR,11,11,3875.00,42.00,0,20,true,true,OK
Leo,11,11,45687.00,83.50,16384,20,true,true,OK
GLL,11,11,17542.00,104.00,16384,20,true,true,OK
RNGLR,11,11,13750.50,250.50,16384,20,true,true,OK
BRNGLR,11,11,16250.00,291.50,16384,20,true,true,OK
CYK,11,11,153521.00,3979.50,16384,20,true,true,OK
LL,11,11,0.00,0.00,0,0,false,false,CONFLICT
LR,11,11,3709.00,41.00,0,20,true,true,OK
Leo,12,12,57229.50,416.00,16384,20,true,true,OK
GLL,12,12,21959.00,84.00,16384,20,true,true,OK
RNGLR,12,12,16084.00,188.00,0,20,true,true,OK
BRNGLR,12,12,16896.00,125.50,16384,20,true,true,OK
CYK,12,12,162187.50,3187.50,16384,20,true,true,OK
LL,12,12,0.00,0.00,0,0,false,false,CONFLICT
LR,12,12,3625.00,42.00,0,20,true,true,OK
Leo,12,12,20083.00,42.00,16384,20,true,true,OK
GLL,12,12,10833.50,42.00,16384,20,true,true,OK
RNGLR,12,12,11708.50,146.00,0,20,true,true,OK
BRNGLR,12,12,13479.50,312.50,16384,20,true,true,OK
CYK,12,12,175166.50,312.50,16384,20,true,true,OK
LL,12,12,0.00,0.00,0,0,false,false,CONFLICT
LR,12,12,2584.00,42.00,0,20,true,true,OK
Leo,12,12,51563.00,187.00,16384,20,true,true,OK
GLL,12,12,19542.00,104.50,16384,20,true,true,OK
RNGLR,12,12,14166.50,125.00,0,20,true,true,OK
BRNGLR,12,12,15000.00,125.00,16384,20,true,true,OK
CYK,12,12,145208.50,250.50,16384,20,true,true,OK
LL,12,12,0.00,0.00,0,0,false,false,CONFLICT
LR,12,12,3625.00,42.00,0,20,true,true,OK
Leo,13,13,20396.00,146.00,16384,20,true,true,OK
GLL,13,13,11187.50,62.50,16384,20,true,true,OK
RNGLR,13,13,13542.00,146.00,16384,20,true,true,OK
BRNGLR,13,13,15875.00,208.00,16384,20,true,true,OK
CYK,13,13,231104.00,2688.00,16384,20,true,true,OK
LL,13,13,0.00,0.00,0,0,false,false,CONFLICT
LR,13,13,2709.00,21.00,0,20,true,true,OK
Leo,13,13,55250.00,146.00,16384,20,true,true,OK
GLL,13,13,21020.50,145.50,16384,20,true,true,OK
RNGLR,13,13,16437.50,187.50,16384,20,true,true,OK
BRNGLR,13,13,18937.50,62.50,16384,20,true,true,OK
CYK,13,13,190750.00,895.50,16384,20,true,true,OK
LL,13,13,0.00,0.00,0,0,false,false,CONFLICT
LR,13,13,4209.00,1.00,0,20,true,true,OK
Leo,14,14,61479.00,562.00,16384,20,true,true,OK
GLL,14,14,29042.00,167.00,16384,20,true,true,OK
RNGLR,14,14,20791.50,271.00,16384,20,true,true,OK
BRNGLR,14,14,21000.00,271.00,16384,20,true,true,OK
CYK,14,14,237937.50,3146.00,16384,20,true,true,OK
LL,14,14,0.00,0.00,0,0,false,false,CONFLICT
LR,14,14,5958.00,41.00,0,20,true,true,OK
Leo,14,14,50125.00,146.00,16384,20,true,true,OK
GLL,14,14,20958.00,83.50,16384,20,true,true,OK
RNGLR,14,14,16000.00,291.50,16384,20,true,true,OK
BRNGLR,14,14,17125.00,229.50,16384,20,true,true,OK
CYK,14,14,199875.00,2000.00,16384,20,true,true,OK
LL,14,14,0.00,0.00,0,0,false,false,CONFLICT
LR,14,14,4104.50,21.50,0,20,true,true,OK
Leo,14,14,34541.00,84.00,16384,20,true,true,OK
GLL,14,14,14667.00,42.00,16384,20,true,true,OK
RNGLR,14,14,14042.00,167.00,16384,20,true,true,OK
BRNGLR,14,14,15979.00,125.00,16384,20,true,true,OK
CYK,14,14,218708.50,833.50,16384,20,true,true,OK
LL,14,14,0.00,0.00,0,0,false,false,CONFLICT
LR,14,14,3291.50,41.50,0,20,true,true,OK
Leo,16,16,52333.00,312.50,16384,20,true,true,OK
GLL,16,16,19542.00,208.50,16384,20,true,true,OK
RNGLR,16,16,15812.50,208.50,16384,20,true,true,OK
BRNGLR,16,16,18125.00,146.00,16384,20,true,true,OK
CYK,16,16,255917.00,10542.00,16384,20,true,true,OK
LL,16,16,0.00,0.00,0,0,false,false,CONFLICT
LR,16,16,4042.00,1.00,0,20,true,true,OK
Leo,16,16,59833.50,250.00,16384,20,true,true,OK
GLL,16,16,21750.00,125.00,16384,20,true,true,OK
RNGLR,16,16,16729.50,83.50,16384,20,true,true,OK
BRNGLR,16,16,17666.50,146.00,16384,20,true,true,OK
CYK,16,16,238500.00,479.00,16384,20,true,true,OK
LL,16,16,0.00,0.00,0,0,false,false,CONFLICT
LR,16,16,4584.00,42.00,0,20,true,true,OK
Leo,16,16,74021.00,520.50,16384,20,true,true,OK
GLL,16,16,25479.50,167.50,16384,20,true,true,OK
RNGLR,16,16,17458.50,167.00,16384,20,true,true,OK
BRNGLR,16,16,17896.00,187.50,16384,20,true,true,OK
CYK,16,16,220291.50,187.50,16384,20,true,true,OK
LL,16,16,0.00,0.00,0,0,false,false,CONFLICT
LR,16,16,4770.50,61.50,0,20,true,true,OK
Leo,16,16,44312.50,104.50,16384,20,true,true,OK
GLL,16,16,17666.50,250.00,16384,20,true,true,OK
RNGLR,16,16,14375.00,208.00,16384,20,true,true,OK
BRNGLR,16,16,15166.50,166.50,16384,20,true,true,OK
CYK,16,16,218687.50,1937.50,16384,20,true,true,OK
LL,16,16,0.00,0.00,0,0,false,false,CONFLICT
LR,16,16,3666.50,62.00,0,20,true,true,OK
Leo,17,17,68729.50,209.00,16384,20,true,true,OK
GLL,17,17,28645.50,250.00,16384,20,true,true,OK
RNGLR,17,17,19666.50,208.00,16384,20,true,true,OK
BRNGLR,17,17,19417.00,167.00,16384,20,true,true,OK
CYK,17,17,272791.50,1979.00,16384,20,true,true,OK
LL,17,17,0.00,0.00,0,0,false,false,CONFLICT
LR,17,17,5645.50,20.50,0,20,true,true,OK
Leo,18,18,63874.50,708.50,16384,20,true,true,OK
GLL,18,18,28812.50,146.50,16384,20,true,true,OK
RNGLR,18,18,20291.50,125.00,16384,20,true,true,OK
BRNGLR,18,18,21812.50,250.50,16384,20,true,true,OK
CYK,18,18,292395.50,1250.00,16384,20,true,true,OK
LL,18,18,0.00,0.00,0,0,false,false,CONFLICT
LR,18,18,5834.00,1.00,0,20,true,true,OK
Leo,18,18,24125.00,208.50,16384,20,true,true,OK
GLL,18,18,13020.50,124.50,16384,20,true,true,OK
RNGLR,18,18,13062.50,103.50,0,20,true,true,OK
BRNGLR,18,18,14917.00,229.50,16384,20,true,true,OK
CYK,18,18,370979.50,771.00,16384,20,true,true,OK
LL,18,18,0.00,0.00,0,0,false,false,CONFLICT
LR,18,18,2875.00,20.50,0,20,true,true,OK
Leo,21,21,59937.50,2625.00,16384,20,true,true,OK
GLL,21,21,22875.00,187.50,16384,20,true,true,OK
RNGLR,21,21,18062.00,104.00,16384,20,true,true,OK
BRNGLR,21,21,19438.00,209.00,16384,20,true,true,OK
CYK,21,21,393500.00,2458.50,16384,20,true,true,OK
LL,21,21,0.00,0.00,0,0,false,false,CONFLICT
LR,21,21,4708.50,41.50,0,20,true,true,OK
Leo,24,24,54312.50,228.50,16384,20,true,true,OK
GLL,24,24,28250.00,562.50,16384,20,true,true,OK
RNGLR,24,24,22125.00,167.00,16384,20,true,true,OK
BRNGLR,24,24,23854.50,187.00,16384,20,true,true,OK
CYK,24,24,778708.50,10333.50,16384,20,true,true,OK
LL,24,24,0.00,0.00,0,0,false,false,CONFLICT
LR,24,24,5375.00,41.00,0,20,true,true,OK
Leo,26,26,94396.00,375.00,16384,20,true,true,OK
GLL,26,26,38834.00,229.50,16384,20,true,true,OK
RNGLR,26,26,25916.50,146.00,16384,20,true,true,OK
BRNGLR,26,26,28479.00,229.00,16384,20,true,true,OK
CYK,26,26,686083.50,22333.00,16384,20,true,true,OK
LL,26,26,0.00,0.00,0,0,false,false,CONFLICT
LR,26,26,7458.00,41.00,16384,20,true,true,OK
Leo,27,27,83708.50,833.00,16384,20,true,true,OK
GLL,27,27,32375.00,104.00,16384,20,true,true,OK
RNGLR,27,27,21375.00,125.00,16384,20,true,true,OK
BRNGLR,27,27,23187.50,167.00,16384,20,true,true,OK
CYK,27,27,669291.50,10416.50,16384,20,true,true,OK
LL,27,27,0.00,0.00,0,0,false,false,CONFLICT
LR,27,27,5583.50,0.50,0,20,true,true,OK
Leo,28,28,79437.50,437.50,16384,20,true,true,OK
GLL,28,28,30583.50,250.50,16384,20,true,true,OK
RNGLR,28,28,21604.00,104.00,0,20,true,true,OK
BRNGLR,28,28,23458.00,104.50,16384,20,true,true,OK
CYK,28,28,782208.50,16563.00,16384,20,true,true,OK
LL,28,28,0.00,0.00,0,0,false,false,CONFLICT
LR,28,28,5792.00,42.00,16384,20,true,true,OK
Leo,30,30,80708.50,604.50,16384,20,true,true,OK
GLL,30,30,35979.00,395.50,16384,20,true,true,OK
RNGLR,30,30,26083.00,229.00,16384,20,true,true,OK
BRNGLR,30,30,27520.50,145.50,16384,20,true,true,OK
CYK,30,30,900999.50,34687.50,16384,20,true,true,OK
LL,30,30,0.00,0.00,0,0,false,false,CONFLICT
LR,30,30,6875.00,0.00,16384,20,true,true,OK
Leo,32,32,144313.00,374.50,16384,20,true,true,OK
GLL,32,32,47020.50,270.50,16384,20,true,true,OK
RNGLR,32,32,27041.00,166.00,16384,20,true,true,OK
BRNGLR,32,32,26812.50,229.50,16384,20,true,true,OK
CYK,32,32,993042.00,7458.00,16384,20,true,true,OK
LL,32,32,0.00,0.00,0,0,false,false,CONFLICT
LR,32,32,7229.50,21.50,16384,20,true,true,OK
Leo,33,33,93979.00,166.50,16384,20,true,true,OK
GLL,33,33,35854.50,229.50,16384,20,true,true,OK
RNGLR,33,33,25979.50,125.50,16384,20,true,true,OK
BRNGLR,33,33,27208.00,146.00,16384,20,true,true,OK
CYK,33,33,1052604.00,39979.50,16384,20,true,true,OK
LL,33,33,0.00,0.00,0,0,false,false,CONFLICT
LR,33,33,6583.50,0.50,0,20,true,true,OK
Leo,33,33,113187.50,333.00,16384,20,true,true,OK
GLL,33,33,39834.00,145.50,16384,20,true,true,OK
RNGLR,33,33,24958.50,188.00,16384,20,true,true,OK
BRNGLR,33,33,27187.00,187.00,16384,20,true,true,OK
CYK,33,33,1018146.00,21625.00,16384,20,true,true,OK
LL,33,33,0.00,0.00,0,0,false,false,CONFLICT
LR,33,33,7208.00,21.00,16384,20,true,true,OK
Leo,33,33,62875.00,187.50,16384,20,true,true,OK
GLL,33,33,31770.50,646.00,0,20,true,true,OK
RNGLR,33,33,25834.00,187.50,16384,20,true,true,OK
BRNGLR,33,33,27833.50,125.50,16384,20,true,true,OK
CYK,33,33,1697021.00,51750.00,16384,20,true,true,OK
LL,33,33,0.00,0.00,0,0,false,false,CONFLICT
LR,33,33,6417.00,1.00,0,20,true,true,OK
Leo,41,41,90583.00,125.00,16384,20,true,true,OK
GLL,41,41,34833.50,292.00,16384,20,true,true,OK
RNGLR,41,41,27208.50,104.00,16384,20,true,true,OK
BRNGLR,41,41,29958.00,249.50,16384,20,true,true,OK
CYK,41,41,1838937.50,47333.00,16384,20,true,true,OK
LL,41,41,0.00,0.00,0,0,false,false,CONFLICT
LR,41,41,7208.00,42.00,0,20,true,true,OK
Leo,45,45,134770.50,812.50,16384,20,true,true,OK
GLL,45,45,53125.00,1750.50,16384,20,true,true,OK
RNGLR,45,45,31250.00,208.00,16384,20,true,true,OK
BRNGLR,45,45,33250.00,166.50,16384,20,true,true,OK
CYK,45,45,2655062.50,14437.50,16384,20,true,true,OK
LL,45,45,0.00,0.00,0,0,false,false,CONFLICT
LR,45,45,9000.00,42.00,0,20,true,true,OK
Leo,50,50,133791.50,208.50,16384,20,true,true,OK
GLL,50,50,51500.00,125.00,16384,20,true,true,OK
RNGLR,50,50,33958.00,500.00,16384,20,true,true,OK
BRNGLR,50,50,40291.50,2208.00,16384,20,true,true,OK
CYK,50,50,3471167.00,19000.00,16384,20,true,true,OK
LL,50,50,0.00,0.00,0,0,false,false,CONFLICT
LR,50,50,9541.50,41.50,0,20,true,true,OK
Leo,53,53,133208.50,271.00,16384,20,true,true,OK
GLL,53,53,51292.00,250.00,16384,20,true,true,OK
RNGLR,53,53,39104.00,145.00,16384,20,true,true,OK
BRNGLR,53,53,43624.50,416.50,16384,20,true,true,OK
CYK,53,53,3664937.50,15000.00,16384,20,true,true,OK
LL,53,53,0.00,0.00,0,0,false,false,CONFLICT
LR,53,53,11166.50,41.50,0,20,true,true,OK
Leo,58,58,166958.50,729.50,16384,20,true,true,OK
GLL,58,58,69500.00,270.50,16384,20,true,true,OK
RNGLR,58,58,44750.00,291.50,16384,20,true,true,OK
BRNGLR,58,58,46062.50,62.50,16384,20,true,true,OK
CYK,58,58,6310416.50,13354.50,16384,20,true,true,OK
LL,58,58,0.00,0.00,0,0,false,false,CONFLICT
LR,58,58,14125.00,42.00,16384,20,true,true,OK
Leo,60,60,186041.50,3708.00,16384,20,true,true,OK
GLL,60,60,70708.00,291.00,16384,20,true,true,OK
RNGLR,60,60,45562.50,270.50,16384,20,true,true,OK
BRNGLR,60,60,48229.00,875.00,16384,20,true,true,OK
CYK,60,60,4843583.50,15250.00,16384,20,true,true,OK
LL,60,60,0.00,0.00,0,0,false,false,CONFLICT
LR,60,60,13292.00,21.00,0,20,true,true,OK
Leo,64,64,228375.00,313.00,16384,20,true,true,OK
GLL,64,64,78729.00,417.00,16384,20,true,true,OK
RNGLR,64,64,45792.00,458.00,16384,20,true,true,OK
BRNGLR,64,64,46208.00,208.00,16384,20,true,true,OK
CYK,64,64,6429563.00,15729.00,16384,20,true,true,OK
LL,64,64,0.00,0.00,0,0,false,false,CONFLICT
LR,64,64,14209.00,41.50,16384,20,true,true,OK
Leo,64,64,268645.50,4187.00,16384,20,true,true,OK
GLL,64,64,89520.50,875.00,16384,20,true,true,OK
RNGLR,64,64,48583.00,229.00,16384,20,true,true,OK
BRNGLR,64,64,48688.00,249.50,16384,20,true,true,OK
CYK,64,64,6215708.50,19500.50,16384,20,true,true,OK
LL,64,64,0.00,0.00,0,0,false,false,CONFLICT
LR,64,64,14145.50,62.50,0,20,true,true,OK
Leo,68,68,175520.50,395.50,16384,20,true,true,OK
GLL,68,68,69833.50,313.00,16384,20,true,true,OK
RNGLR,68,68,46958.00,833.00,16384,20,true,true,OK
BRNGLR,68,68,50666.50,229.00,16384,20,true,true,OK
CYK,68,68,7106125.50,11854.50,16384,20,true,true,OK
LL,68,68,0.00,0.00,0,0,false,false,CONFLICT
LR,68,68,14562.50,146.00,0,20,true,true,OK
Leo,72,72,280354.50,4646.50,16384,20,true,true,OK
GLL,72,72,99229.50,396.00,16384,20,true,true,OK
RNGLR,72,72,54875.00,187.50,16384,20,true,true,OK
BRNGLR,72,72,56041.50,229.00,16384,20,true,true,OK
CYK,72,72,9744104.00,29125.00,16384,20,true,true,OK
LL,72,72,0.00,0.00,0,0,false,false,CONFLICT
LR,72,72,18125.00,41.00,0,20,true,true,OK
Leo,73,73,246125.00,396.00,16384,20,true,true,OK
GLL,73,73,82208.00,229.00,16384,20,true,true,OK
RNGLR,73,73,49583.00,770.50,16384,20,true,true,OK
BRNGLR,73,73,51312.50,333.50,16384,20,true,true,OK
CYK,73,73,8166124.50,15020.50,16384,20,true,true,OK
LL,73,73,0.00,0.00,0,0,false,false,CONFLICT
LR,73,73,15375.00,0.00,0,20,true,true,OK
Leo,75,75,300354.50,2875.00,16384,20,true,true,OK
GLL,75,75,106333.50,208.50,16384,20,true,true,OK
RNGLR,75,75,61000.00,375.00,16384,20,true,true,OK
BRNGLR,75,75,61667.00,208.50,16384,20,true,true,OK
CYK,75,75,10405792.00,25375.00,16384,20,true,true,OK
LL,75,75,0.00,0.00,0,0,false,false,CONFLICT
LR,75,75,20271.00,63.00,0,20,true,true,OK
Leo,88,88,185229.50,770.50,16384,20,true,true,OK
GLL,88,88,93770.50,4708.50,16384,20,true,true,OK
RNGLR,88,88,58542.00,229.50,16384,20,true,true,OK
BRNGLR,88,88,66291.50,208.50,16384,20,true,true,OK
CYK,88,88,21677229.00,42791.50,16384,20,true,true,OK
LL,88,88,0.00,0.00,0,0,false,false,CONFLICT
LR,88,88,17625.00,83.00,16384,20,true,true,OK
Leo,94,94,245416.50,3375.00,16384,20,true,true,OK
GLL,94,94,109229.00,625.00,16384,20,true,true,OK
RNGLR,94,94,67875.00,291.50,16384,20,true,true,OK
BRNGLR,94,94,74854.00,166.50,16384,20,true,true,OK
CYK,94,94,23887625.00,30895.50,16384,20,true,true,OK
LL,94,94,0.00,0.00,0,0,false,false,CONFLICT
LR,94,94,21083.50,83.50,16384,20,true,true,OK
Leo,97,97,313792.00,11104.50,16384,20,true,true,OK
GLL,97,97,122354.00,1041.00,16384,20,true,true,OK
RNGLR,97,97,73083.50,312.00,16384,20,true,true,OK
BRNGLR,97,97,77208.50,542.00,16384,20,true,true,OK
CYK,97,97,23305250.00,33666.50,16384,20,true,true,OK
LL,97,97,0.00,0.00,0,0,false,false,CONFLICT
LR,97,97,24187.50,125.50,16384,20,true,true,OK
Leo,97,97,304563.00,5562.00,16384,20,true,true,OK
GLL,97,97,117854.50,541.50,16384,20,true,true,OK
RNGLR,97,97,73292.00,354.00,16384,20,true,true,OK
BRNGLR,97,97,81541.50,2188.00,16384,20,true,true,OK
CYK,97,97,26454667.00,20333.00,16384,19,true,true,OK
LL,97,97,0.00,0.00,0,0,false,false,CONFLICT
LR,97,97,23916.50,42.50,16384,20,true,true,OK
Leo,101,101,421187.50,5813.00,16384,20,true,true,OK
GLL,101,101,145000.00,2187.50,16384,20,true,true,OK
RNGLR,101,101,77771.50,458.00,16384,20,true,true,OK
BRNGLR,101,101,78333.50,625.50,16384,20,true,true,OK
CYK,101,101,23684938.00,19249.50,16384,20,true,true,OK
LL,101,101,0.00,0.00,0,0,false,false,CONFLICT
LR,101,101,25104.00,104.00,16384,20,true,true,OK
Leo,102,102,424520.50,6457.50,16384,20,true,true,OK
GLL,102,102,148687.50,458.50,16384,20,true,true,OK
RNGLR,102,102,86666.50,396.00,16384,20,true,true,OK
BRNGLR,102,102,83500.00,1249.50,16384,20,true,true,OK
CYK,102,102,29257542.00,31854.50,16384,18,true,true,OK
LL,102,102,0.00,0.00,0,0,false,false,CONFLICT
LR,102,102,26458.50,62.50,16384,20,true,true,OK
Leo,106,106,363250.00,4187.50,16384,20,true,true,OK
GLL,106,106,147104.00,11125.00,16384,20,true,true,OK
RNGLR,106,106,72792.00,250.00,16384,20,true,true,OK
BRNGLR,106,106,77562.50,396.00,16384,20,true,true,OK
CYK,106,106,26825000.00,18542.00,16384,19,true,true,OK
LL,106,106,0.00,0.00,0,0,false,false,CONFLICT
LR,106,106,23187.50,62.50,16384,20,true,true,OK
Leo,111,111,433875.00,6875.00,16384,20,true,true,OK
GLL,111,111,134229.50,2416.50,16384,20,true,true,OK
RNGLR,111,111,85500.00,458.50,16384,20,true,true,OK
BRNGLR,111,111,88562.50,187.50,16384,20,true,true,OK
CYK,111,111,57266395.50,38791.50,16384,10,true,true,OK
LL,111,111,0.00,0.00,0,0,false,false,CONFLICT
LR,111,111,28417.00,83.00,16384,20,true,true,OK
Leo,113,113,421875.00,9041.50,16384,20,true,true,OK
GLL,113,113,139437.00,270.00,16384,20,true,true,OK
RNGLR,113,113,82729.00,479.00,16384,20,true,true,OK
BRNGLR,113,113,84854.00,187.50,16384,20,true,true,OK
CYK,113,113,39414208.00,39250.00,16384,13,true,true,OK
LL,113,113,0.00,0.00,0,0,false,false,CONFLICT
LR,113,113,26375.00,42.00,0,20,true,true,OK
Leo,120,120,448271.00,3146.00,16384,20,true,true,OK
GLL,120,120,150875.00,333.00,16384,20,true,true,OK
RNGLR,120,120,90792.00,584.00,16384,20,true,true,OK
BRNGLR,120,120,93812.50,646.00,16384,20,true,true,OK
CYK,120,120,46392666.00,34957.00,16384,11,true,true,OK
LL,120,120,0.00,0.00,0,0,false,false,CONFLICT
LR,120,120,29479.50,104.50,0,20,true,true,OK
Leo,120,120,418062.50,2874.50,16384,20,true,true,OK
GLL,120,120,145666.50,354.00,16384,20,true,true,OK
RNGLR,120,120,83583.50,312.50,16384,20,true,true,OK
BRNGLR,120,120,87041.50,521.00,16384,20,true,true,OK
CYK,120,120,37507021.00,34041.50,16384,14,true,true,OK
LL,120,120,0.00,0.00,0,0,false,false,CONFLICT
LR,120,120,26708.00,84.00,16384,20,true,true,OK
Leo,123,123,491459.00,4812.00,16384,20,true,true,OK
GLL,123,123,164521.00,542.00,16384,20,true,true,OK
RNGLR,123,123,91395.50,333.50,16384,20,true,true,OK
BRNGLR,123,123,93625.00,313.00,16384,20,true,true,OK
CYK,123,123,42002833.50,24270.50,16384,12,true,true,OK
LL,123,123,0.00,0.00,0,0,false,false,CONFLICT
LR,123,123,30166.50,82.50,16384,20,true,true,OK
Leo,124,124,391209.00,10667.50,16384,20,true,true,OK
GLL,124,124,142729.50,416.50,16384,20,true,true,OK
RNGLR,124,124,87500.00,1666.00,16384,20,true,true,OK
BRNGLR,124,124,89416.50,1249.50,16384,20,true,true,OK
CYK,124,124,44937749.50,31562.50,16384,12,true,true,OK
LL,124,124,0.00,0.00,0,0,false,false,CONFLICT
LR,124,124,26292.00,42.00,0,20,true,true,OK
Leo,129,129,554500.00,4646.00,16384,20,true,true,OK
GLL,129,129,188583.50,2000.00,16384,20,true,true,OK
RNGLR,129,129,93375.00,125.00,16384,20,true,true,OK
BRNGLR,129,129,91979.00,229.00,16384,20,true,true,OK
CYK,129,129,42553583.50,154937.50,16384,12,true,true,OK
LL,129,129,0.00,0.00,0,0,false,false,CONFLICT
LR,129,129,30395.50,146.00,16384,20,true,true,OK
Leo,133,133,570145.50,8395.50,16384,20,true,true,OK
GLL,133,133,191937.50,3521.00,16384,20,true,true,OK
RNGLR,133,133,99812.50,416.50,16384,20,true,true,OK
BRNGLR,133,133,103437.50,1521.00,16384,20,true,true,OK
CYK,133,133,58916812.50,58479.00,16384,10,true,true,OK
LL,133,133,0.00,0.00,0,0,false,false,CONFLICT
LR,133,133,33042.00,41.50,0,20,true,true,OK
Leo,140,140,638771.00,3750.50,16384,20,true,true,OK
GLL,140,140,198917.00,375.00,16384,20,true,true,OK
RNGLR,140,140,107812.50,437.50,16384,20,true,true,OK
BRNGLR,140,140,110958.50,1875.50,16384,20,true,true,OK
CYK,140,140,64850333.50,38687.50,16384,10,true,true,OK
LL,140,140,0.00,0.00,0,0,false,false,CONFLICT
LR,140,140,36542.00,83.00,16384,20,true,true,OK
Leo,142,142,543771.00,4458.50,16384,20,true,true,OK
GLL,142,142,185062.50,2563.00,16384,20,true,true,OK
RNGLR,142,142,101062.00,249.50,16384,20,true,true,OK
BRNGLR,142,142,103687.00,312.00,16384,20,true,true,OK
CYK,142,142,63138583.50,13208.50,16384,10,true,true,OK
LL,142,142,0.00,0.00,0,0,false,false,CONFLICT
LR,142,142,32437.50,21.50,16384,20,true,true,OK
Leo,142,142,440959.00,7688.50,16384,20,true,true,OK
GLL,142,142,164062.50,874.50,16384,20,true,true,OK
RNGLR,142,142,102479.50,416.50,16384,20,true,true,OK
BRNGLR,142,142,103854.00,1083.00,16384,20,true,true,OK
CYK,142,142,69084291.50,42416.50,16384,10,true,true,OK
LL,142,142,0.00,0.00,0,0,false,false,CONFLICT
LR,142,142,30333.50,83.50,16384,20,true,true,OK
Leo,143,143,579083.00,11833.00,16384,20,true,true,OK
GLL,143,143,215583.00,3270.50,16384,20,true,true,OK
RNGLR,143,143,115583.00,312.50,16384,20,true,true,OK
BRNGLR,143,143,119667.00,646.00,16384,20,true,true,OK
CYK,143,143,77902042.00,162271.00,16384,10,true,true,OK
LL,143,143,0.00,0.00,0,0,false,false,CONFLICT
LR,143,143,40042.00,42.00,16384,20,true,true,OK
Leo,146,146,526812.50,10854.00,16384,20,true,true,OK
GLL,146,146,184479.00,1458.00,16384,20,true,true,OK
RNGLR,146,146,104937.00,792.00,16384,20,true,true,OK
BRNGLR,146,146,110708.50,625.50,16384,20,true,true,OK
CYK,146,146,93115875.00,56458.50,16384,10,true,true,OK
LL,146,146,0.00,0.00,0,0,false,false,CONFLICT
LR,146,146,35250.00,83.00,16384,20,true,true,OK
Leo,149,149,572395.50,11416.50,16384,20,true,true,OK
GLL,149,149,198395.50,791.50,16384,20,true,true,OK
RNGLR,149,149,106375.00,333.50,16384,20,true,true,OK
BRNGLR,149,149,109645.50,396.00,16384,20,true,true,OK
CYK,149,149,74581562.50,52354.00,16384,10,true,true,OK
LL,149,149,0.00,0.00,0,0,false,false,CONFLICT
LR,149,149,35250.00,42.00,16384,20,true,true,OK
Leo,182,182,1095270.50,3125.00,16384,20,true,true,OK
GLL,182,182,352854.00,10062.50,16384,20,true,true,OK
RNGLR,182,182,153416.50,791.50,16384,20,true,true,OK
BRNGLR,182,182,139500.00,146.00,16384,20,true,true,OK
CYK,182,182,206607166.50,206833.50,16384,10,true,true,OK
LL,182,182,0.00,0.00,0,0,false,false,CONFLICT
LR,182,182,52167.00,62.50,16384,20,true,true,OK
Leo,184,184,1220792.00,4625.50,16384,20,true,true,OK
GLL,184,184,362583.50,3313.00,16384,20,true,true,OK
RNGLR,184,184,152458.50,1354.50,16384,20,true,true,OK
BRNGLR,184,184,135166.50,228.50,16384,20,true,true,OK
CYK,184,184,229798958.00,133250.00,16384,10,true,true,OK
LL,184,184,0.00,0.00,0,0,false,false,CONFLICT
LR,184,184,50187.50,104.50,16384,20,true,true,OK
Leo,201,201,1261000.50,9584.00,16384,20,true,true,OK
GLL,201,201,384000.00,4812.50,16384,20,true,true,OK
RNGLR,201,201,164917.00,208.00,16384,20,true,true,OK
BRNGLR,201,201,156291.00,5666.00,16384,20,true,true,OK
CYK,201,201,258114208.00,96999.50,16384,10,true,true,OK
LL,201,201,0.00,0.00,0,0,false,false,CONFLICT
LR,201,201,55666.50,41.50,16384,20,true,true,OK
Leo,270,270,1835020.50,14500.00,16384,20,true,true,OK
GLL,270,270,564708.50,4667.00,16384,20,true,true,OK
RNGLR,270,270,212291.50,146.00,16384,20,true,true,OK
BRNGLR,270,270,188354.50,1125.50,16384,20,true,true,OK
CYK,270,270,781987729.50,231729.00,16384,10,true,true,OK
LL,270,270,0.00,0.00,0,0,false,false,CONFLICT
LR,270,270,74687.50,83.00,16384,20,true,true,OK
Leo,319,319,1951854.50,18458.00,16384,20,true,true,OK
GLL,319,319,598937.50,7000.50,16384,20,true,true,OK
RNGLR,319,319,261875.00,2458.50,16384,20,true,true,OK
BRNGLR,319,319,240020.50,2395.50,16384,20,true,true,OK
CYK,319,319,810736917.00,144375.50,16384,10,true,true,OK
LL,319,319,0.00,0.00,0,0,false,false,CONFLICT
LR,319,319,90167.00,42.00,16384,20,true,true,OK
Leo,321,321,2272000.00,13083.50,16384,20,true,true,OK
GLL,321,321,689249.50,5729.00,16384,20,true,true,OK
RNGLR,321,321,264041.50,3416.50,16384,20,true,true,OK
BRNGLR,321,321,232604.00,853.50,16384,20,true,true,OK
CYK,321,321,1288926541.50,690041.00,16384,10,true,true,OK
LL,321,321,0.00,0.00,0,0,false,false,CONFLICT
LR,321,321,89291.50,83.00,16384,20,true,true,OK
Leo,423,423,2646146.00,14604.50,16384,20,true,true,OK
GLL,423,423,810896.00,9292.00,16384,20,true,true,OK
RNGLR,423,423,345604.00,1937.50,16384,20,true,true,OK
BRNGLR,423,423,319770.50,3770.50,16384,20,true,true,OK
CYK,423,423,0.00,0.00,0,0,false,false,TIMEOUT
LL,423,423,0.00,0.00,0,0,false,false,CONFLICT
LR,423,423,119979.00,375.00,16384,20,true,true,OK
Leo,423,423,2654187.50,15687.50,16384,20,true,true,OK
GLL,423,423,793229.00,8708.00,16384,20,true,true,OK
RNGLR,423,423,342021.00,3167.00,16384,20,true,true,OK
BRNGLR,423,423,314062.50,2583.00,16384,20,true,true,OK
CYK,423,423,0.00,0.00,0,0,false,false,TIMEOUT
LL,423,423,0.00,0.00,0,0,false,false,CONFLICT
LR,423,423,117521.00,104.50,16384,20,true,true,OK
Leo,463,463,2490229.50,12250.50,16384,20,true,true,OK
GLL,463,463,767833.50,4479.50,16384,20,true,true,OK
RNGLR,463,463,366437.00,3145.50,16384,20,true,true,OK
BRNGLR,463,463,347062.50,3687.50,16384,20,true,true,OK
CYK,463,463,0.00,0.00,0,0,false,false,TIMEOUT
LL,463,463,0.00,0.00,0,0,false,false,CONFLICT
LR,463,463,124625.00,83.50,16384,20,true,true,OK
Leo,546,546,3722250.50,26021.00,16384,20,true,true,OK
GLL,546,546,1167000.00,9813.00,16384,20,true,true,OK
RNGLR,546,546,431500.50,2438.00,16384,20,true,true,OK
BRNGLR,546,546,384312.50,958.50,16384,20,true,true,OK
CYK,546,546,0.00,0.00,0,0,false,false,TIMEOUT
LL,546,546,0.00,0.00,0,0,false,false,CONFLICT
LR,546,546,152521.00,208.00,16384,20,true,true,OK
Leo,582,582,3759104.00,25208.50,16384,20,true,true,OK
GLL,582,582,1214333.00,10833.00,16384,20,true,true,OK
RNGLR,582,582,458062.50,2083.50,16384,20,true,true,OK
BRNGLR,582,582,416562.00,1749.00,16384,20,true,true,OK
CYK,582,582,0.00,0.00,0,0,false,false,TIMEOUT
LL,582,582,0.00,0.00,0,0,false,false,CONFLICT
LR,582,582,161583.50,83.50,16384,20,true,true,OK
Leo,611,611,4130062.50,36250.00,16384,20,true,true,OK
GLL,611,611,1217187.50,9791.50,16384,20,true,true,OK
RNGLR,611,611,504542.00,1813.00,16384,20,true,true,OK
BRNGLR,611,611,454167.00,2646.00,16384,20,true,true,OK
CYK,611,611,0.00,0.00,0,0,false,false,TIMEOUT
LL,611,611,0.00,0.00,0,0,false,false,CONFLICT
LR,611,611,172458.50,437.50,16384,20,true,true,OK
Leo,630,630,4943791.50,56124.50,16384,20,true,true,OK
GLL,630,630,1731792.00,12626.00,16384,20,true,true,OK
RNGLR,630,630,515604.50,2729.00,16384,20,true,true,OK
BRNGLR,630,630,455396.00,1208.50,16384,20,true,true,OK
CYK,630,630,0.00,0.00,0,0,false,false,TIMEOUT
LL,630,630,0.00,0.00,0,0,false,false,CONFLICT
LR,630,630,179979.50,4312.50,16384,20,true,true,OK
Leo,725,725,5859021.00,257000.00,16384,20,true,true,OK
GLL,725,725,2095250.00,19958.50,16384,20,true,true,OK
RNGLR,725,725,589146.00,1417.00,16384,20,true,true,OK
BRNGLR,725,725,523249.50,5291.00,16384,20,true,true,OK
CYK,725,725,0.00,0.00,0,0,false,false,TIMEOUT
LL,725,725,0.00,0.00,0,0,false,false,CONFLICT
LR,725,725,202729.50,166.50,16384,20,true,true,OK
Leo,785,785,5627792.00,69521.00,16384,20,true,true,OK
GLL,785,785,1549854.00,12250.00,16384,20,true,true,OK
RNGLR,785,785,640833.50,5041.50,16384,20,true,true,OK
BRNGLR,785,785,580542.00,5438.00,16384,20,true,true,OK
CYK,785,785,0.00,0.00,0,0,false,false,TIMEOUT
LL,785,785,0.00,0.00,0,0,false,false,CONFLICT
LR,785,785,221229.00,2083.50,16384,20,true,true,OK
Leo,789,789,6228396.00,104187.50,16384,20,true,true,OK
GLL,789,789,2380104.00,9667.00,16384,20,true,true,OK
RNGLR,789,789,640937.50,3854.00,16384,20,true,true,OK
BRNGLR,789,789,569458.00,4542.00,16384,20,true,true,OK
CYK,789,789,0.00,0.00,0,0,false,false,TIMEOUT
LL,789,789,0.00,0.00,0,0,false,false,CONFLICT
LR,789,789,221687.50,896.00,16384,20,true,true,OK
Leo,881,881,7148354.50,86416.50,16384,20,true,true,OK
GLL,881,881,2863000.00,13854.00,16384,20,true,true,OK
RNGLR,881,881,702499.50,5687.50,16384,20,true,true,OK
BRNGLR,881,881,616916.50,4479.50,16384,20,true,true,OK
CYK,881,881,0.00,0.00,0,0,false,false,TIMEOUT
LL,881,881,0.00,0.00,0,0,false,false,CONFLICT
LR,881,881,246771.00,687.00,16384,20,true,true,OK
Leo,916,916,5901145.50,82250.00,16384,20,true,true,OK
GLL,916,916,1753542.00,15229.50,16384,20,true,true,OK
RNGLR,916,916,745979.00,2583.50,16384,20,true,true,OK
BRNGLR,916,916,698000.00,7000.00,16384,20,true,true,OK
CYK,916,916,0.00,0.00,0,0,false,false,TIMEOUT
LL,916,916,0.00,0.00,0,0,false,false,CONFLICT
LR,916,916,262375.50,979.50,16384,20,true,true,OK
Leo,1039,1039,7102958.50,90979.50,16384,20,true,true,OK
GLL,1039,1039,2015708.50,16042.00,16384,20,true,true,OK
RNGLR,1039,1039,836500.00,2833.50,16384,20,true,true,OK
BRNGLR,1039,1039,765458.00,3042.00,16384,20,true,true,OK
CYK,1039,1039,0.00,0.00,0,0,false,false,TIMEOUT
LL,1039,1039,0.00,0.00,0,0,false,false,CONFLICT
LR,1039,1039,293625.00,937.50,16384,20,true,true,OK
Leo,1047,1047,8466166.50,69875.00,16384,20,true,true,OK
GLL,1047,1047,3520875.00,16437.50,16384,20,true,true,OK
RNGLR,1047,1047,837479.00,6979.00,16384,20,true,true,OK
BRNGLR,1047,1047,741271.00,3104.00,16384,20,true,true,OK
CYK,1047,1047,0.00,0.00,0,0,false,false,TIMEOUT
LL,1047,1047,0.00,0.00,0,0,false,false,CONFLICT
LR,1047,1047,296041.00,582.50,16384,20,true,true,OK
Leo,1051,1051,7732479.50,89208.50,16384,20,true,true,OK
GLL,1051,1051,2345125.50,14708.50,16384,20,true,true,OK
RNGLR,1051,1051,843541.50,6062.50,16384,20,true,true,OK
BRNGLR,1051,1051,755396.00,4396.00,16384,20,true,true,OK
CYK,1051,1051,0.00,0.00,0,0,false,false,TIMEOUT
LL,1051,1051,0.00,0.00,0,0,false,false,CONFLICT
LR,1051,1051,294062.00,749.50,16384,20,true,true,OK
Leo,1081,1081,7449354.00,105979.00,16384,20,true,true,OK
GLL,1081,1081,2243542.00,10750.50,16384,20,true,true,OK
RNGLR,1081,1081,864083.50,3396.50,16384,20,true,true,OK
BRNGLR,1081,1081,787416.50,2250.00,16384,20,true,true,OK
CYK,1081,1081,0.00,0.00,0,0,false,false,TIMEOUT
LL,1081,1081,0.00,0.00,0,0,false,false,CONFLICT
LR,1081,1081,305063.00,2000.50,16384,20,true,true,OK
Leo,1141,1141,9170146.00,126812.50,16384,20,true,true,OK
GLL,1141,1141,3114625.00,13312.00,16384,20,true,true,OK
RNGLR,1141,1141,907521.00,6312.50,16384,20,true,true,OK
BRNGLR,1141,1141,804791.50,4896.00,16384,20,true,true,OK
CYK,1141,1141,0.00,0.00,0,0,false,false,TIMEOUT
LL,1141,1141,0.00,0.00,0,0,false,false,CONFLICT
LR,1141,1141,319500.00,958.50,16384,20,true,true,OK
Leo,1211,1211,9714146.00,98708.50,16384,20,true,true,OK
GLL,1211,1211,2836270.50,15458.00,16384,20,true,true,OK
RNGLR,1211,1211,1009458.50,10625.00,16384,20,true,true,OK
BRNGLR,1211,1211,891958.50,3770.50,16384,20,true,true,OK
CYK,1211,1211,0.00,0.00,0,0,false,false,TIMEOUT
LL,1211,1211,0.00,0.00,0,0,false,false,CONFLICT
LR,1211,1211,340375.00,916.00,16384,20,true,true,OK
Leo,1230,1230,10585188.00,126979.50,16384,20,true,true,OK
GLL,1230,1230,4345250.00,29854.00,16384,20,true,true,OK
RNGLR,1230,1230,1022708.50,10104.00,16384,20,true,true,OK
BRNGLR,1230,1230,893062.50,4833.50,16384,20,true,true,OK
CYK,1230,1230,0.00,0.00,0,0,false,false,TIMEOUT
LL,1230,1230,0.00,0.00,0,0,false,false,CONFLICT
LR,1230,1230,346729.00,916.00,16384,20,true,true,OK
Leo,1305,1305,12356729.00,147875.00,16384,20,true,true,OK
GLL,1305,1305,3687104.50,13666.50,16384,20,true,true,OK
RNGLR,1305,1305,1076437.50,12438.00,16384,20,true,true,OK
BRNGLR,1305,1305,954167.00,7646.00,16384,20,true,true,OK
CYK,1305,1305,0.00,0.00,0,0,false,false,TIMEOUT
LL,1305,1305,0.00,0.00,0,0,false,false,CONFLICT
LR,1305,1305,365895.50,1124.00,16384,20,true,true,OK
Leo,1312,1312,12520875.00,141083.50,16384,20,true,true,OK
GLL,1312,1312,3637125.00,16854.00,16384,20,true,true,OK
RNGLR,1312,1312,1072792.00,5938.00,16384,20,true,true,OK
BRNGLR,1312,1312,953500.00,4937.00,16384,20,true,true,OK
CYK,1312,1312,0.00,0.00,0,0,false,false,TIMEOUT
LL,1312,1312,0.00,0.00,0,0,false,false,CONFLICT
LR,1312,1312,371270.50,2083.00,16384,20,true,true,OK
Leo,1341,1341,12353041.50,186937.50,16384,20,true,true,OK
GLL,1341,1341,3792562.50,23395.50,16384,20,true,true,OK
RNGLR,1341,1341,1101729.50,3917.00,16384,20,true,true,OK
BRNGLR,1341,1341,980771.00,6875.00,16384,20,true,true,OK
CYK,1341,1341,0.00,0.00,0,0,false,false,TIMEOUT
LL,1341,1341,0.00,0.00,0,0,false,false,CONFLICT
LR,1341,1341,376979.00,1270.50,16384,20,true,true,OK
Leo,1367,1367,13368833.50,640187.50,16384,20,true,true,OK
GLL,1367,1367,3496229.50,21833.50,16384,20,true,true,OK
RNGLR,1367,1367,1130771.00,9667.50,16384,20,true,true,OK
BRNGLR,1367,1367,1003541.50,6708.50,16384,20,true,true,OK
CYK,1367,1367,0.00,0.00,0,0,false,false,TIMEOUT
LL,1367,1367,0.00,0.00,0,0,false,false,CONFLICT
LR,1367,1367,382999.50,1624.50,16384,20,true,true,OK
Leo,1382,1382,13361896.00,87916.50,16384,20,true,true,OK
GLL,1382,1382,5813687.50,22520.50,16384,20,true,true,OK
RNGLR,1382,1382,1143687.50,7313.00,16384,20,true,true,OK
BRNGLR,1382,1382,1006979.00,4770.50,16384,20,true,true,OK
CYK,1382,1382,0.00,0.00,0,0,false,false,TIMEOUT
LL,1382,1382,0.00,0.00,0,0,false,false,CONFLICT
LR,1382,1382,389375.00,3792.00,16384,20,true,true,OK
Leo,1408,1408,14033062.50,92416.50,16384,20,true,true,OK
GLL,1408,1408,5627042.00,18062.50,16384,20,true,true,OK
RNGLR,1408,1408,1162333.50,18104.50,16384,20,true,true,OK
BRNGLR,1408,1408,1020228.50,9499.50,16384,20,true,true,OK
CYK,1408,1408,0.00,0.00,0,0,false,false,TIMEOUT
LL,1408,1408,0.00,0.00,0,0,false,false,CONFLICT
LR,1408,1408,395167.00,1312.50,16384,20,true,true,OK
Leo,1412,1412,12935333.00,105896.00,16384,20,true,true,OK
GLL,1412,1412,4316729.00,17562.50,16384,20,true,true,OK
RNGLR,1412,1412,1167062.50,8917.00,16384,20,true,true,OK
BRNGLR,1412,1412,1040771.00,10458.50,16384,20,true,true,OK
CYK,1412,1412,0.00,0.00,0,0,false,false,TIMEOUT
LL,1412,1412,0.00,0.00,0,0,false,false,CONFLICT
LR,1412,1412,394833.50,604.00,16384,20,true,true,OK
Leo,1457,1457,12870500.50,145604.00,16384,20,true,true,OK
GLL,1457,1457,3451958.00,18604.00,16384,20,true,true,OK
RNGLR,1457,1457,1197562.50,10396.00,16384,20,true,true,OK
BRNGLR,1457,1457,1079895.50,5562.50,16384,20,true,true,OK
CYK,1457,1457,0.00,0.00,0,0,false,false,TIMEOUT
LL,1457,1457,0.00,0.00,0,0,false,false,CONFLICT
LR,1457,1457,404604.00,583.50,16384,20,true,true,OK
Leo,1486,1486,14705041.50,111187.00,16384,20,true,true,OK
GLL,1486,1486,10936646.00,53521.00,16384,20,true,true,OK
RNGLR,1486,1486,1212354.50,3625.50,16384,20,true,true,OK
BRNGLR,1486,1486,1084167.00,10354.00,16384,20,true,true,OK
CYK,1486,1486,0.00,0.00,0,0,false,false,TIMEOUT
LL,1486,1486,0.00,0.00,0,0,false,false,CONFLICT
LR,1486,1486,418729.50,1458.50,16384,20,true,true,OK
Leo,1488,1488,13388146.00,77416.50,16384,20,true,true,OK
GLL,1488,1488,3715374.50,15917.00,16384,20,true,true,OK
RNGLR,1488,1488,1228729.00,14541.50,16384,20,true,true,OK
BRNGLR,1488,1488,1093479.00,4645.50,16384,20,true,true,OK
CYK,1488,1488,0.00,0.00,0,0,false,false,TIMEOUT
LL,1488,1488,0.00,0.00,0,0,false,false,CONFLICT
LR,1488,1488,417250.00,1833.50,16384,20,true,true,OK
Leo,1501,1501,13901187.50,82146.00,16384,20,true,true,OK
GLL,1501,1501,3260062.50,19667.00,16384,20,true,true,OK
RNGLR,1501,1501,1236125.00,10042.00,16384,20,true,true,OK
BRNGLR,1501,1501,1096417.00,6229.50,16384,20,true,true,OK
CYK,1501,1501,0.00,0.00,0,0,false,false,TIMEOUT
LL,1501,1501,0.00,0.00,0,0,false,false,CONFLICT
LR,1501,1501,426833.50,1229.00,16384,20,true,true,OK
Leo,1523,1523,15289187.50,180250.00,16384,20,true,true,OK
GLL,1523,1523,9614479.00,43292.00,16384,20,true,true,OK
RNGLR,1523,1523,1244541.50,12770.50,16384,20,true,true,OK
BRNGLR,1523,1523,1095771.00,7521.00,16384,20,true,true,OK
CYK,1523,1523,0.00,0.00,0,0,false,false,TIMEOUT
LL,1523,1523,0.00,0.00,0,0,false,false,CONFLICT
LR,1523,1523,428395.50,520.50,16384,20,true,true,OK
Leo,1564,1564,14326833.50,172250.00,16384,20,true,true,OK
GLL,1564,1564,3854854.00,15979.50,16384,20,true,true,OK
RNGLR,1564,1564,1283083.00,9417.00,16384,20,true,true,OK
BRNGLR,1564,1564,1155249.50,12271.00,16384,20,true,true,OK
CYK,1564,1564,0.00,0.00,0,0,false,false,TIMEOUT
LL,1564,1564,0.00,0.00,0,0,false,false,CONFLICT
LR,1564,1564,443666.50,2062.50,16384,20,true,true,OK
Leo,1693,1693,15879500.00,131104.50,16384,20,true,true,OK
GLL,1693,1693,4306583.50,21000.00,16384,20,true,true,OK
RNGLR,1693,1693,1372041.50,10958.50,16384,20,true,true,OK
BRNGLR,1693,1693,1224209.00,14021.00,16384,20,true,true,OK
CYK,1693,1693,0.00,0.00,0,0,false,false,TIMEOUT
LL,1693,1693,0.00,0.00,0,0,false,false,CONFLICT
LR,1693,1693,474666.50,1875.00,16384,20,true,true,OK
Leo,1763,1763,17771833.00,175770.50,16384,20,true,true,OK
GLL,1763,1763,10902417.00,29334.00,16384,20,true,true,OK
RNGLR,1763,1763,1435562.50,16979.00,16384,20,true,true,OK
BRNGLR,1763,1763,1277125.00,17833.00,16384,20,true,true,OK
CYK,1763,1763,0.00,0.00,0,0,false,false,TIMEOUT
LL,1763,1763,0.00,0.00,0,0,false,false,CONFLICT
LR,1763,1763,497708.50,1208.00,16384,20,true,true,OK
Leo,1841,1841,17795563.00,132563.00,16384,20,true,true,OK
GLL,1841,1841,5823542.00,23354.00,16384,20,true,true,OK
RNGLR,1841,1841,1492646.00,14250.50,16384,20,true,true,OK
BRNGLR,1841,1841,1315083.00,7166.50,16384,20,true,true,OK
CYK,1841,1841,0.00,0.00,0,0,false,false,TIMEOUT
LL,1841,1841,0.00,0.00,0,0,false,false,CONFLICT
LR,1841,1841,520458.00,1812.50,16384,20,true,true,OK
Leo,1881,1881,19853958.50,213583.50,16384,20,true,true,OK
GLL,1881,1881,16821541.50,188146.00,16384,20,true,true,OK
RNGLR,1881,1881,1505000.50,13375.00,16384,20,true,true,OK
BRNGLR,1881,1881,1327333.00,13750.00,16384,20,true,true,OK
CYK,1881,1881,0.00,0.00,0,0,false,false,TIMEOUT
LL,1881,1881,0.00,0.00,0,0,false,false,CONFLICT
LR,1881,1881,529396.00,1667.00,16384,20,true,true,OK
Leo,2053,2053,22470854.00,154771.00,16384,20,true,true,OK
GLL,2053,2053,17947479.00,146167.00,16384,20,true,true,OK
RNGLR,2053,2053,1629146.00,11646.00,16384,20,true,true,OK
BRNGLR,2053,2053,1425604.50,6979.00,16384,20,true,true,OK
CYK,2053,2053,0.00,0.00,0,0,false,false,TIMEOUT
LL,2053,2053,0.00,0.00,0,0,false,false,CONFLICT
LR,2053,2053,580833.50,4666.50,16384,20,true,true,OK
Leo,2091,2091,21870208.00,191104.00,16384,20,true,true,OK
GLL,2091,2091,8210083.00,30646.00,16384,20,true,true,OK
RNGLR,2091,2091,1696292.00,23625.50,16384,20,true,true,OK
BRNGLR,2091,2091,1463896.00,9625.50,16384,20,true,true,OK
CYK,2091,2091,0.00,0.00,0,0,false,false,TIMEOUT
LL,2091,2091,0.00,0.00,0,0,false,false,CONFLICT
LR,2091,2091,589458.50,2396.00,16384,20,true,true,OK
Leo,2238,2238,22524291.50,164563.00,16384,20,true,true,OK
GLL,2238,2238,5386583.50,22521.00,16384,20,true,true,OK
RNGLR,2238,2238,1807417.00,13958.00,16384,20,true,true,OK
BRNGLR,2238,2238,1570979.50,11313.00,16384,20,true,true,OK
CYK,2238,2238,0.00,0.00,0,0,false,false,TIMEOUT
LL,2238,2238,0.00,0.00,0,0,false,false,CONFLICT
LR,2238,2238,628875.50,1730.00,16384,20,true,true,OK
Leo,2273,2273,24938667.00,182146.00,16384,20,true,true,OK
GLL,2273,2273,25007292.00,70166.50,16384,20,true,true,OK
RNGLR,2273,2273,1799437.00,17583.00,16384,20,true,true,OK
BRNGLR,2273,2273,1577625.00,9896.00,16384,20,true,true,OK
CYK,2273,2273,0.00,0.00,0,0,false,false,TIMEOUT
LL,2273,2273,0.00,0.00,0,0,false,false,CONFLICT
LR,2273,2273,641188.00,3333.50,16384,20,true,true,OK
Leo,2307,2307,24786187.00,144208.50,16384,20,true,true,OK
GLL,2307,2307,15023479.50,143416.50,16384,20,true,true,OK
RNGLR,2307,2307,1833208.50,13271.00,16384,20,true,true,OK
BRNGLR,2307,2307,1608458.00,9812.50,16384,20,true,true,OK
CYK,2307,2307,0.00,0.00,0,0,false,false,TIMEOUT
LL,2307,2307,0.00,0.00,0,0,false,false,CONFLICT
LR,2307,2307,647750.00,1208.50,16384,20,true,true,OK
Leo,2401,2401,24911000.00,165312.50,16384,20,true,true,OK
GLL,2401,2401,6521521.00,16916.50,16384,20,true,true,OK
RNGLR,2401,2401,1949791.50,14541.50,16384,20,true,true,OK
BRNGLR,2401,2401,1772396.00,26041.50,16384,20,true,true,OK
CYK,2401,2401,0.00,0.00,0,0,false,false,TIMEOUT
LL,2401,2401,0.00,0.00,0,0,false,false,CONFLICT
LR,2401,2401,672896.00,4916.50,16384,20,true,true,OK
Leo,2459,2459,33509250.00,72042.00,16384,15,true,true,OK
GLL,2459,2459,20649563.00,150916.50,16384,20,true,true,OK
RNGLR,2459,2459,1993646.00,14104.00,16384,20,true,true,OK
BRNGLR,2459,2459,1759812.50,11937.50,16384,20,true,true,OK
CYK,2459,2459,0.00,0.00,0,0,false,false,TIMEOUT
LL,2459,2459,0.00,0.00,0,0,false,false,CONFLICT
LR,2459,2459,686833.50,895.50,16384,20,true,true,OK
Leo,2464,2464,32357520.50,336395.50,16384,16,true,true,OK
GLL,2464,2464,16942791.50,54042.00,16384,20,true,true,OK
RNGLR,2464,2464,2040063.00,14645.50,16384,20,true,true,OK
BRNGLR,2464,2464,1789396.00,13479.00,16384,20,true,true,OK
CYK,2464,2464,0.00,0.00,0,0,false,false,TIMEOUT
LL,2464,2464,0.00,0.00,0,0,false,false,CONFLICT
LR,2464,2464,697354.00,4729.00,16384,20,true,true,OK
Leo,2538,2538,34577709.00,91916.00,16384,15,true,true,OK
GLL,2538,2538,27644646.00,167542.00,16384,18,true,true,OK
RNGLR,2538,2538,2061958.00,15166.50,16384,20,true,true,OK
BRNGLR,2538,2538,1832708.50,16062.50,16384,20,true,true,OK
CYK,2538,2538,0.00,0.00,0,0,false,false,TIMEOUT
LL,2538,2538,0.00,0.00,0,0,false,false,CONFLICT
LR,2538,2538,709541.50,1479.50,16384,20,true,true,OK
Leo,2600,2600,31084833.00,74584.00,16384,17,true,true,OK
GLL,2600,2600,6392958.50,14520.50,16384,20,true,true,OK
RNGLR,2600,2600,2147104.00,19833.00,16384,20,true,true,OK
BRNGLR,2600,2600,1922125.00,11500.00,16384,20,true,true,OK
CYK,2600,2600,0.00,0.00,0,0,false,false,TIMEOUT
LL,2600,2600,0.00,0.00,0,0,false,false,CONFLICT
LR,2600,2600,739500.00,8479.00,16384,20,true,true,OK
Leo,2667,2667,29840917.00,73584.00,16384,17,true,true,OK
GLL,2667,2667,5351895.50,24917.00,16384,20,true,true,OK
RNGLR,2667,2667,2184312.50,13146.00,16384,20,true,true,OK
BRNGLR,2667,2667,1987354.00,12541.50,16384,20,true,true,OK
CYK,2667,2667,0.00,0.00,0,0,false,false,TIMEOUT
LL,2667,2667,0.00,0.00,0,0,false,false,CONFLICT
LR,2667,2667,741791.50,3729.50,16384,20,true,true,OK
Leo,2673,2673,36580333.00,98563.00,16384,14,true,true,OK
GLL,2673,2673,27632166.00,313209.00,16384,19,true,true,OK
RNGLR,2673,2673,2155104.00,8041.50,16384,20,true,true,OK
BRNGLR,2673,2673,1910208.50,9854.50,16384,20,true,true,OK
CYK,2673,2673,0.00,0.00,0,0,false,false,TIMEOUT
LL,2673,2673,0.00,0.00,0,0,false,false,CONFLICT
LR,2673,2673,748521.00,2958.50,16384,20,true,true,OK
Leo,2745,2745,35047958.00,67999.00,16384,15,true,true,OK
GLL,2745,2745,12905083.00,35229.00,16384,20,true,true,OK
RNGLR,2745,2745,2249666.50,19000.00,16384,20,true,true,OK
BRNGLR,2745,2745,2002916.50,11771.00,16384,20,true,true,OK
CYK,2745,2745,0.00,0.00,0,0,false,false,TIMEOUT
LL,2745,2745,0.00,0.00,0,0,false,false,CONFLICT
LR,2745,2745,769146.00,2208.50,16384,20,true,true,OK
Leo,2776,2776,37043542.00,70999.50,16384,14,true,true,OK
GLL,2776,2776,28618583.50,96583.00,16384,18,true,true,OK
RNGLR,2776,2776,2265812.50,14313.00,16384,20,true,true,OK
BRNGLR,2776,2776,1995479.00,11729.00,16384,20,true,true,OK
CYK,2776,2776,0.00,0.00,0,0,false,false,TIMEOUT
LL,2776,2776,0.00,0.00,0,0,false,false,CONFLICT
LR,2776,2776,776125.00,2708.50,16384,20,true,true,OK
Leo,2886,2886,37006312.50,76708.50,16384,14,true,true,OK
GLL,2886,2886,26048625.00,793875.00,16384,19,true,true,OK
RNGLR,2886,2886,2339604.00,11583.50,16384,20,true,true,OK
BRNGLR,2886,2886,2098646.00,12125.00,16384,20,true,true,OK
CYK,2886,2886,0.00,0.00,0,0,false,false,TIMEOUT
LL,2886,2886,0.00,0.00,0,0,false,false,CONFLICT
LR,2886,2886,806146.00,3896.50,16384,20,true,true,OK
Leo,2929,2929,39901000.00,123958.00,16384,13,true,true,OK
GLL,2929,2929,31633354.50,220791.50,16384,16,true,true,OK
RNGLR,2929,2929,2389417.00,13917.00,16384,20,true,true,OK
BRNGLR,2929,2929,2099479.50,7750.00,16384,20,true,true,OK
CYK,2929,2929,0.00,0.00,0,0,false,false,TIMEOUT
LL,2929,2929,0.00,0.00,0,0,false,false,CONFLICT
LR,2929,2929,824479.00,3041.50,16384,20,true,true,OK
Leo,2959,2959,36579604.00,26833.50,16384,14,true,true,OK
GLL,2959,2959,13665791.50,31250.00,16384,20,true,true,OK
RNGLR,2959,2959,2432104.50,17604.00,16384,20,true,true,OK
BRNGLR,2959,2959,2185083.00,25166.50,16384,20,true,true,OK
CYK,2959,2959,0.00,0.00,0,0,false,false,TIMEOUT
LL,2959,2959,0.00,0.00,0,0,false,false,CONFLICT
LR,2959,2959,837771.00,4167.00,16384,20,true,true,OK
Leo,2976,2976,37330854.00,79833.00,16384,14,true,true,OK
GLL,2976,2976,13390916.50,45604.00,16384,20,true,true,OK
RNGLR,2976,2976,2424416.50,15500.50,16384,20,true,true,OK
BRNGLR,2976,2976,2164937.50,14645.50,16384,20,true,true,OK
CYK,2976,2976,0.00,0.00,0,0,false,false,TIMEOUT
LL,2976,2976,0.00,0.00,0,0,false,false,CONFLICT
LR,2976,2976,833812.50,3353.50,16384,20,true,true,OK
Leo,3295,3295,45855167.00,205542.00,16384,11,true,true,OK
GLL,3295,3295,26913250.00,50291.00,16384,19,true,true,OK
RNGLR,3295,3295,2651666.50,14687.50,16384,20,true,true,OK
BRNGLR,3295,3295,2333770.50,15041.50,16384,20,true,true,OK
CYK,3295,3295,0.00,0.00,0,0,false,false,TIMEOUT
LL,3295,3295,0.00,0.00,0,0,false,false,CONFLICT
LR,3295,3295,923146.00,958.50,16384,20,true,true,OK
Leo,3301,3301,42711208.00,134604.00,16384,12,true,true,OK
GLL,3301,3301,21748437.00,332187.00,16384,20,true,true,OK
RNGLR,3301,3301,2690249.50,23270.00,16384,20,true,true,OK
BRNGLR,3301,3301,2362437.00,15354.00,16384,20,true,true,OK
CYK,3301,3301,0.00,0.00,0,0,false,false,TIMEOUT
LL,3301,3301,0.00,0.00,0,0,false,false,CONFLICT
LR,3301,3301,923208.50,2000.00,16384,20,true,true,OK
Leo,3319,3319,41000458.00,96499.00,16384,13,true,true,OK
GLL,3319,3319,8810271.00,14583.50,16384,20,true,true,OK
RNGLR,3319,3319,2676729.50,19229.00,16384,20,true,true,OK
BRNGLR,3319,3319,2386020.50,13771.50,16384,20,true,true,OK
CYK,3319,3319,0.00,0.00,0,0,false,false,TIMEOUT
LL,3319,3319,0.00,0.00,0,0,false,false,CONFLICT
LR,3319,3319,929833.00,2167.00,16384,20,true,true,OK
Leo,3337,3337,45976458.00,46625.00,16384,11,true,true,OK
GLL,3337,3337,31555541.00,3108333.00,16384,16,true,true,OK
RNGLR,3337,3337,2677937.00,11937.50,16384,20,true,true,OK
BRNGLR,3337,3337,2377124.50,11854.00,16384,20,true,true,OK
CYK,3337,3337,0.00,0.00,0,0,false,false,TIMEOUT
LL,3337,3337,0.00,0.00,0,0,false,false,CONFLICT
LR,3337,3337,934854.00,1479.00,16384,20,true,true,OK
Leo,3341,3341,47103792.00,79167.00,16384,11,true,true,OK
GLL,3341,3341,35500500.00,177959.00,16384,15,true,true,OK
RNGLR,3341,3341,2662645.50,8271.50,16384,20,true,true,OK
BRNGLR,3341,3341,2353812.50,12917.00,16384,20,true,true,OK
CYK,3341,3341,0.00,0.00,0,0,false,false,TIMEOUT
LL,3341,3341,0.00,0.00,0,0,false,false,CONFLICT
LR,3341,3341,937458.50,3083.50,16384,20,true,true,OK
Leo,3352,3352,46558417.00,95416.00,16384,11,true,true,OK
GLL,3352,3352,28694667.00,267500.00,16384,18,true,true,OK
RNGLR,3352,3352,2690583.00,10708.50,16384,20,true,true,OK
BRNGLR,3352,3352,2378083.00,14729.50,16384,20,true,true,OK
CYK,3352,3352,0.00,0.00,0,0,false,false,TIMEOUT
LL,3352,3352,0.00,0.00,0,0,false,false,CONFLICT
LR,3352,3352,941250.00,3958.00,16384,20,true,true,OK
Leo,3369,3369,46191333.00,131416.00,16384,11,true,true,OK
GLL,3369,3369,33317083.00,232542.00,16384,15,true,true,OK
RNGLR,3369,3369,2699708.50,18188.00,16384,20,true,true,OK
BRNGLR,3369,3369,2362541.50,11000.00,16384,20,true,true,OK
CYK,3369,3369,0.00,0.00,0,0,false,false,TIMEOUT
LL,3369,3369,0.00,0.00,0,0,false,false,CONFLICT
LR,3369,3369,949562.50,5937.00,16384,20,true,true,OK
Leo,3377,3377,47557500.00,85583.00,16384,11,true,true,OK
GLL,3377,3377,35395542.00,294083.00,16384,15,true,true,OK
RNGLR,3377,3377,2688437.00,10999.50,16384,20,true,true,OK
BRNGLR,3377,3377,2368021.00,12188.00,16384,20,true,true,OK
CYK,3377,3377,0.00,0.00,0,0,false,false,TIMEOUT
LL,3377,3377,0.00,0.00,0,0,false,false,CONFLICT
LR,3377,3377,952562.50,5042.00,16384,20,true,true,OK
Leo,3450,3450,48557500.00,69125.00,16384,11,true,true,OK
GLL,3450,3450,35815833.50,236916.50,16384,14,true,true,OK
RNGLR,3450,3450,2752625.00,17645.50,16384,20,true,true,OK
BRNGLR,3450,3450,2411292.00,16813.00,16384,20,true,true,OK
CYK,3450,3450,0.00,0.00,0,0,false,false,TIMEOUT
LL,3450,3450,0.00,0.00,0,0,false,false,CONFLICT
LR,3450,3450,967500.00,1104.50,16384,20,true,true,OK
Leo,3486,3486,49467750.00,107583.00,16384,11,true,true,OK
GLL,3486,3486,24638979.00,146021.00,16384,20,true,true,OK
RNGLR,3486,3486,2772750.50,19812.50,16384,20,true,true,OK
BRNGLR,3486,3486,2441479.50,12166.00,16384,20,true,true,OK
CYK,3486,3486,0.00,0.00,0,0,false,false,TIMEOUT
LL,3486,3486,0.00,0.00,0,0,false,false,CONFLICT
LR,3486,3486,978854.00,3604.50,16384,20,true,true,OK
Leo,3495,3495,46154125.00,60291.00,16384,11,true,true,OK
GLL,3495,3495,32766187.50,282500.50,16384,16,true,true,OK
RNGLR,3495,3495,2792937.50,13771.00,16384,20,true,true,OK
BRNGLR,3495,3495,2466395.50,13562.50,16384,20,true,true,OK
CYK,3495,3495,0.00,0.00,0,0,false,false,TIMEOUT
LL,3495,3495,0.00,0.00,0,0,false,false,CONFLICT
LR,3495,3495,981354.00,2437.50,16384,20,true,true,OK
Leo,3498,3498,43144833.00,136750.00,16384,12,true,true,OK
GLL,3498,3498,9240062.50,33625.00,16384,20,true,true,OK
RNGLR,3498,3498,2787562.50,11021.00,16384,20,true,true,OK
BRNGLR,3498,3498,2509583.50,15104.00,16384,20,true,true,OK
CYK,3498,3498,0.00,0.00,0,0,false,false,TIMEOUT
LL,3498,3498,0.00,0.00,0,0,false,false,CONFLICT
LR,3498,3498,974937.50,5812.50,16384,20,true,true,OK
Leo,3527,3527,49668542.00,72667.00,16384,11,true,true,OK
GLL,3527,3527,37444437.50,450667.00,16384,14,true,true,OK
RNGLR,3527,3527,2822125.00,7917.00,16384,20,true,true,OK
BRNGLR,3527,3527,2499896.00,21646.00,16384,20,true,true,OK
CYK,3527,3527,0.00,0.00,0,0,false,false,TIMEOUT
LL,3527,3527,0.00,0.00,0,0,false,false,CONFLICT
LR,3527,3527,1024667.00,9479.00,16384,20,true,true,OK
Leo,3566,3566,48150167.00,161708.00,16384,11,true,true,OK
GLL,3566,3566,28356042.00,103146.00,16384,18,true,true,OK
RNGLR,3566,3566,2840416.50,9458.50,16384,20,true,true,OK
BRNGLR,3566,3566,2535479.00,29583.00,16384,20,true,true,OK
CYK,3566,3566,0.00,0.00,0,0,false,false,TIMEOUT
LL,3566,3566,0.00,0.00,0,0,false,false,CONFLICT
LR,3566,3566,1002771.00,4291.50,16384,20,true,true,OK
Leo,3602,3602,46204833.00,125834.00,16384,11,true,true,OK
GLL,3602,3602,16330958.00,95083.50,16384,20,true,true,OK
RNGLR,3602,3602,2896604.00,17416.50,16384,20,true,true,OK
BRNGLR,3602,3602,2571333.00,14250.00,16384,20,true,true,OK
CYK,3602,3602,0.00,0.00,0,0,false,false,TIMEOUT
LL,3602,3602,0.00,0.00,0,0,false,false,CONFLICT
LR,3602,3602,1020750.00,6458.50,16384,20,true,true,OK
Leo,3628,3628,47342625.00,60542.00,16384,11,true,true,OK
GLL,3628,3628,22154979.50,152792.00,16384,20,true,true,OK
RNGLR,3628,3628,2915604.00,15812.50,16384,20,true,true,OK
BRNGLR,3628,3628,2572104.50,12604.00,16384,20,true,true,OK
CYK,3628,3628,0.00,0.00,0,0,false,false,TIMEOUT
LL,3628,3628,0.00,0.00,0,0,false,false,CONFLICT
LR,3628,3628,1031354.00,8313.00,16384,20,true,true,OK
Leo,3669,3669,47160167.00,130416.00,16384,11,true,true,OK
GLL,3669,3669,16478000.00,132166.50,16384,20,true,true,OK
RNGLR,3669,3669,2959500.00,15625.00,16384,20,true,true,OK
BRNGLR,3669,3669,2630875.00,18209.00,16384,20,true,true,OK
CYK,3669,3669,0.00,0.00,0,0,false,false,TIMEOUT
LL,3669,3669,0.00,0.00,0,0,false,false,CONFLICT
LR,3669,3669,1039479.50,3062.50,16384,20,true,true,OK
Leo,3721,3721,49245916.00,65791.00,16384,11,true,true,OK
GLL,3721,3721,29240062.00,173958.50,16384,18,true,true,OK
RNGLR,3721,3721,2981021.00,13937.50,16384,20,true,true,OK
BRNGLR,3721,3721,2636291.50,14437.50,16384,20,true,true,OK
CYK,3721,3721,0.00,0.00,0,0,false,false,TIMEOUT
LL,3721,3721,0.00,0.00,0,0,false,false,CONFLICT
LR,3721,3721,1044958.00,4187.50,16384,20,true,true,OK
Leo,3724,3724,48833292.00,92042.00,16384,11,true,true,OK
GLL,3724,3724,25259104.00,149937.50,16384,20,true,true,OK
RNGLR,3724,3724,2960437.50,11416.50,16384,20,true,true,OK
BRNGLR,3724,3724,2610000.50,13000.50,16384,20,true,true,OK
CYK,3724,3724,0.00,0.00,0,0,false,false,TIMEOUT
LL,3724,3724,0.00,0.00,0,0,false,false,CONFLICT
LR,3724,3724,1048042.00,4145.50,16384,20,true,true,OK
Leo,3797,3797,53740708.50,117291.50,16384,10,true,true,OK
GLL,3797,3797,40327083.00,221209.00,16384,13,true,true,OK
RNGLR,3797,3797,3023354.00,18812.50,16384,20,true,true,OK
BRNGLR,3797,3797,2659958.00,14521.00,16384,20,true,true,OK
CYK,3797,3797,0.00,0.00,0,0,false,false,TIMEOUT
LL,3797,3797,0.00,0.00,0,0,false,false,CONFLICT
LR,3797,3797,1069291.50,2687.50,16384,20,true,true,OK
Leo,3799,3799,54210250.50,149229.00,16384,10,true,true,OK
GLL,3799,3799,37752166.50,138812.50,16384,14,true,true,OK
RNGLR,3799,3799,3009416.50,14687.00,16384,20,true,true,OK
BRNGLR,3799,3799,2667417.00,20250.50,16384,20,true,true,OK
CYK,3799,3799,0.00,0.00,0,0,false,false,TIMEOUT
LL,3799,3799,0.00,0.00,0,0,false,false,CONFLICT
LR,3799,3799,1068500.00,2750.00,16384,20,true,true,OK
Leo,3995,3995,52892250.00,48000.00,16384,10,true,true,OK
GLL,3995,3995,25381562.50,111583.00,16384,20,true,true,OK
RNGLR,3995,3995,3160083.50,17854.50,16384,20,true,true,OK
BRNGLR,3995,3995,2770979.50,15125.00,16384,20,true,true,OK
CYK,3995,3995,0.00,0.00,0,0,false,false,TIMEOUT
LL,3995,3995,0.00,0.00,0,0,false,false,CONFLICT
LR,3995,3995,1128520.50,4208.50,16384,20,true,true,OK
Leo,4101,4101,58463500.00,73479.50,16384,10,true,true,OK
GLL,4101,4101,33773125.00,634500.00,16384,15,true,true,OK
RNGLR,4101,4101,3245333.50,19062.50,16384,20,true,true,OK
BRNGLR,4101,4101,2841041.50,13166.00,16384,20,true,true,OK
CYK,4101,4101,0.00,0.00,0,0,false,false,TIMEOUT
LL,4101,4101,0.00,0.00,0,0,false,false,CONFLICT
LR,4101,4101,1153167.00,2271.50,16384,20,true,true,OK
Leo,4137,4137,54985875.00,265833.00,16384,10,true,true,OK
GLL,4137,4137,25042771.00,233771.00,16384,20,true,true,OK
RNGLR,4137,4137,3290729.00,15021.00,16384,20,true,true,OK
BRNGLR,4137,4137,2901375.00,17000.00,16384,20,true,true,OK
CYK,4137,4137,0.00,0.00,0,0,false,false,TIMEOUT
LL,4137,4137,0.00,0.00,0,0,false,false,CONFLICT
LR,4137,4137,1168166.50,3854.00,16384,20,true,true,OK
Leo,4178,4178,58181312.50,61375.50,16384,10,true,true,OK
GLL,4178,4178,37940479.50,475917.00,16384,14,true,true,OK
RNGLR,4178,4178,3304312.50,17874.50,16384,20,true,true,OK
BRNGLR,4178,4178,2908042.00,20521.00,16384,20,true,true,OK
CYK,4178,4178,0.00,0.00,0,0,false,false,TIMEOUT
LL,4178,4178,0.00,0.00,0,0,false,false,CONFLICT
LR,4178,4178,1174875.50,4000.50,16384,20,true,true,OK
Leo,4229,4229,61343729.00,52208.00,16384,10,true,true,OK
GLL,4229,4229,44027521.00,302521.00,16384,12,true,true,OK
RNGLR,4229,4229,3353187.50,9583.50,16384,20,true,true,OK
BRNGLR,4229,4229,2939563.00,15896.50,16384,20,true,true,OK
CYK,4229,4229,0.00,0.00,0,0,false,false,TIMEOUT
LL,4229,4229,0.00,0.00,0,0,false,false,CONFLICT
LR,4229,4229,1186874.50,1791.00,16384,20,true,true,OK
Leo,4277,4277,57702916.50,107583.00,16384,10,true,true,OK
GLL,4277,4277,38156042.00,345625.50,16384,14,true,true,OK
RNGLR,4277,4277,3390062.50,19542.00,16384,20,true,true,OK
BRNGLR,4277,4277,2983187.50,20958.50,16384,20,true,true,OK
CYK,4277,4277,0.00,0.00,0,0,false,false,TIMEOUT
LL,4277,4277,0.00,0.00,0,0,false,false,CONFLICT
LR,4277,4277,1207229.00,7791.50,16384,20,true,true,OK
Leo,4407,4407,61852666.50,63146.00,16384,10,true,true,OK
GLL,4407,4407,37644625.00,200396.00,16384,14,true,true,OK
RNGLR,4407,4407,3505979.00,18104.00,16384,20,true,true,OK
BRNGLR,4407,4407,3083687.50,16229.50,16384,20,true,true,OK
CYK,4407,4407,0.00,0.00,0,0,false,false,TIMEOUT
LL,4407,4407,0.00,0.00,0,0,false,false,CONFLICT
LR,4407,4407,1248208.00,10395.50,16384,20,true,true,OK
Leo,4470,4470,65358125.00,104604.50,16384,10,true,true,OK
GLL,4470,4470,46557958.00,315250.00,16384,11,true,true,OK
RNGLR,4470,4470,3552604.50,27457.50,16384,20,true,true,OK
BRNGLR,4470,4470,3109667.00,27125.50,16384,20,true,true,OK
CYK,4470,4470,0.00,0.00,0,0,false,false,TIMEOUT
LL,4470,4470,0.00,0.00,0,0,false,false,CONFLICT
LR,4470,4470,1259687.50,7000.00,16384,20,true,true,OK
Leo,4499,4499,65427166.00,55291.50,16384,10,true,true,OK
GLL,4499,4499,42356979.50,287083.50,16384,12,true,true,OK
RNGLR,4499,4499,3567646.00,11771.00,16384,20,true,true,OK
BRNGLR,4499,4499,3132604.00,27499.50,16384,20,true,true,OK
CYK,4499,4499,0.00,0.00,0,0,false,false,TIMEOUT
LL,4499,4499,0.00,0.00,0,0,false,false,CONFLICT
LR,4499,4499,1270249.50,7000.00,16384,20,true,true,OK
Leo,4500,4500,61847542.00,113458.50,16384,10,true,true,OK
GLL,4500,4500,35018167.00,494625.00,16384,15,true,true,OK
RNGLR,4500,4500,3532542.00,12396.50,16384,20,true,true,OK
BRNGLR,4500,4500,3117833.50,20604.00,16384,20,true,true,OK
CYK,4500,4500,0.00,0.00,0,0,false,false,TIMEOUT
LL,4500,4500,0.00,0.00,0,0,false,false,CONFLICT
LR,4500,4500,1283416.50,14520.50,16384,20,true,true,OK
Leo,4524,4524,57751083.50,92708.00,16384,10,true,true,OK
GLL,4524,4524,18138916.00,129083.00,114688,20,true,true,OK
RNGLR,4524,4524,3583166.50,25458.00,16384,20,true,true,OK
BRNGLR,4524,4524,3171896.00,26291.50,16384,20,true,true,OK
CYK,4524,4524,0.00,0.00,0,0,false,false,TIMEOUT
LL,4524,4524,0.00,0.00,0,0,false,false,CONFLICT
LR,4524,4524,1280271.00,6000.00,16384,20,true,true,OK
Leo,4626,4626,67896937.50,92750.00,16384,10,true,true,OK
GLL,4626,4626,47106958.00,847291.00,16384,11,true,true,OK
RNGLR,4626,4626,3855458.50,127937.00,16384,20,true,true,OK
BRNGLR,4626,4626,3185396.00,18104.00,16384,20,true,true,OK
CYK,4626,4626,0.00,0.00,0,0,false,false,TIMEOUT
LL,4626,4626,0.00,0.00,0,0,false,false,CONFLICT
LR,4626,4626,1307208.00,7896.50,16384,20,true,true,OK
Leo,4686,4686,62315250.50,187833.50,16384,10,true,true,OK
GLL,4686,4686,29044479.50,113041.50,16384,18,true,true,OK
RNGLR,4686,4686,3710375.00,17770.50,16384,20,true,true,OK
BRNGLR,4686,4686,3303500.00,28687.50,16384,20,true,true,OK
CYK,4686,4686,0.00,0.00,0,0,false,false,TIMEOUT
LL,4686,4686,0.00,0.00,0,0,false,false,CONFLICT
LR,4686,4686,1318125.00,7208.50,16384,20,true,true,OK
Leo,4700,4700,62836729.00,90458.50,16384,10,true,true,OK
GLL,4700,4700,27196333.00,130333.00,16384,19,true,true,OK
RNGLR,4700,4700,3726250.00,20312.00,16384,20,true,true,OK
BRNGLR,4700,4700,3286187.50,11667.00,16384,20,true,true,OK
CYK,4700,4700,0.00,0.00,0,0,false,false,TIMEOUT
LL,4700,4700,0.00,0.00,0,0,false,false,CONFLICT
LR,4700,4700,1329729.50,5896.50,16384,20,true,true,OK
Leo,4756,4756,59769770.50,137437.50,16384,10,true,true,OK
GLL,4756,4756,25560791.50,2029666.00,16384,20,true,true,OK
RNGLR,4756,4756,3759479.00,20625.00,16384,20,true,true,OK
BRNGLR,4756,4756,3361875.00,8125.00,16384,20,true,true,OK
CYK,4756,4756,0.00,0.00,0,0,false,false,TIMEOUT
LL,4756,4756,0.00,0.00,0,0,false,false,CONFLICT
LR,4756,4756,1335062.00,3396.00,16384,20,true,true,OK
Leo,4774,4774,63218604.00,100333.50,16384,10,true,true,OK
GLL,4774,4774,38984000.00,303416.00,16384,13,true,true,OK
RNGLR,4774,4774,3769479.50,15020.50,16384,20,true,true,OK
BRNGLR,4774,4774,3323667.00,14417.50,16384,20,true,true,OK
CYK,4774,4774,0.00,0.00,0,0,false,false,TIMEOUT
LL,4774,4774,0.00,0.00,0,0,false,false,CONFLICT
LR,4774,4774,1344729.00,8770.50,16384,20,true,true,OK
Leo,4817,4817,70827749.50,127250.50,16384,10,true,true,OK
GLL,4817,4817,44459979.50,110479.00,16384,12,true,true,OK
RNGLR,4817,4817,4003562.50,21542.00,16384,20,true,true,OK
BRNGLR,4817,4817,3530562.50,20687.50,16384,20,true,true,OK
CYK,4817,4817,0.00,0.00,0,0,false,false,TIMEOUT
LL,4817,4817,0.00,0.00,0,0,false,false,CONFLICT
LR,4817,4817,1358437.50,5604.50,16384,20,true,true,OK
Leo,4835,4835,63165104.00,124791.50,16384,10,true,true,OK
GLL,4835,4835,27768750.00,261042.00,16384,19,true,true,OK
RNGLR,4835,4835,3989021.00,23645.50,16384,20,true,true,OK
BRNGLR,4835,4835,3798854.00,179333.50,16384,20,true,true,OK
CYK,4835,4835,0.00,0.00,0,0,false,false,TIMEOUT
LL,4835,4835,0.00,0.00,0,0,false,false,CONFLICT
LR,4835,4835,1362874.50,6937.50,16384,20,true,true,OK
Leo,4911,4911,77968229.50,38604.50,16384,10,true,true,OK
GLL,4911,4911,51818812.50,141229.00,16384,10,true,true,OK
RNGLR,4911,4911,4003729.00,17603.50,16384,20,true,true,OK
BRNGLR,4911,4911,3535125.00,11708.50,16384,20,true,true,OK
CYK,4911,4911,0.00,0.00,0,0,false,false,TIMEOUT
LL,4911,4911,0.00,0.00,0,0,false,false,CONFLICT
LR,4911,4911,1386958.50,8271.00,16384,20,true,true,OK
Leo,4912,4912,69434188.00,74875.00,16384,10,true,true,OK
GLL,4912,4912,28852167.00,114583.00,16384,18,true,true,OK
RNGLR,4912,4912,4042479.00,24500.00,16384,20,true,true,OK
BRNGLR,4912,4912,3596145.50,11333.50,16384,20,true,true,OK
CYK,4912,4912,0.00,0.00,0,0,false,false,TIMEOUT
LL,4912,4912,0.00,0.00,0,0,false,false,CONFLICT
LR,4912,4912,1373229.50,2521.00,16384,20,true,true,OK
Leo,4920,4920,66985896.00,90688.00,16384,10,true,true,OK
GLL,4920,4920,22507999.50,300291.00,16384,20,true,true,OK
RNGLR,4920,4920,4114791.50,24542.00,16384,20,true,true,OK
BRNGLR,4920,4920,3650125.00,20416.50,16384,20,true,true,OK
CYK,4920,4920,0.00,0.00,0,0,false,false,TIMEOUT
LL,4920,4920,0.00,0.00,0,0,false,false,CONFLICT
LR,4920,4920,1390083.50,8687.50,16384,20,true,true,OK
Leo,4960,4960,63719437.00,52021.00,16384,10,true,true,OK
GLL,4960,4960,13121145.50,50166.50,16384,20,true,true,OK
RNGLR,4960,4960,4102250.00,14645.50,16384,20,true,true,OK
BRNGLR,4960,4960,3700000.50,16126.00,16384,20,true,true,OK
CYK,4960,4960,0.00,0.00,0,0,false,false,TIMEOUT
LL,4960,4960,0.00,0.00,0,0,false,false,CONFLICT
LR,4960,4960,1390687.50,6042.00,16384,20,true,true,OK
Leo,5011,5011,66457167.00,75646.00,16384,10,true,true,OK
GLL,5011,5011,13703021.00,57624.50,16384,20,true,true,OK
RNGLR,5011,5011,4118771.00,8958.50,16384,20,true,true,OK
BRNGLR,5011,5011,3721875.00,24354.00,16384,20,true,true,OK
CYK,5011,5011,0.00,0.00,0,0,false,false,TIMEOUT
LL,5011,5011,0.00,0.00,0,0,false,false,CONFLICT
LR,5011,5011,1412353.50,11562.00,16384,20,true,true,OK
Leo,5012,5012,79634125.00,77645.50,16384,10,true,true,OK
GLL,5012,5012,50648146.00,352125.00,16384,10,true,true,OK
RNGLR,5012,5012,4097083.00,13729.50,16384,20,true,true,OK
BRNGLR,5012,5012,3614125.00,24625.00,16384,20,true,true,OK
CYK,5012,5012,0.00,0.00,0,0,false,false,TIMEOUT
LL,5012,5012,0.00,0.00,0,0,false,false,CONFLICT
LR,5012,5012,1420791.50,14624.50,16384,20,true,true,OK
Leo,5056,5056,80808896.00,81229.00,16384,10,true,true,OK
GLL,5056,5056,55151687.50,626688.00,16384,10,true,true,OK
RNGLR,5056,5056,4131895.50,19750.00,16384,20,true,true,OK
BRNGLR,5056,5056,3657208.00,17166.00,16384,20,true,true,OK
CYK,5056,5056,0.00,0.00,0,0,false,false,TIMEOUT
LL,5056,5056,0.00,0.00,0,0,false,false,CONFLICT
LR,5056,5056,1424708.50,8958.50,16384,20,true,true,OK
Leo,5082,5082,71080687.50,118333.00,16384,10,true,true,OK
GLL,5082,5082,24521854.50,98291.00,16384,20,true,true,OK
RNGLR,5082,5082,4160208.00,15750.50,16384,20,true,true,OK
BRNGLR,5082,5082,3702937.50,21416.50,16384,20,true,true,OK
CYK,5082,5082,0.00,0.00,0,0,false,false,TIMEOUT
LL,5082,5082,0.00,0.00,0,0,false,false,CONFLICT
LR,5082,5082,1432229.50,5521.00,16384,20,true,true,OK
Leo,5126,5126,70631000.50,87209.00,16384,10,true,true,OK
GLL,5126,5126,28791438.00,333542.00,16384,18,true,true,OK
RNGLR,5126,5126,4239458.50,30792.50,16384,20,true,true,OK
BRNGLR,5126,5126,3781771.00,16937.50,16384,20,true,true,OK
CYK,5126,5126,0.00,0.00,0,0,false,false,TIMEOUT
LL,5126,5126,0.00,0.00,0,0,false,false,CONFLICT
LR,5126,5126,1443478.50,8811.50,16384,20,true,true,OK
Leo,5247,5247,83591791.50,162813.00,16384,10,true,true,OK
GLL,5247,5247,58027416.50,399187.50,16384,10,true,true,OK
RNGLR,5247,5247,4315291.50,13813.00,16384,20,true,true,OK
BRNGLR,5247,5247,3811646.00,19437.50,16384,20,true,true,OK
CYK,5247,5247,0.00,0.00,0,0,false,false,TIMEOUT
LL,5247,5247,0.00,0.00,0,0,false,false,CONFLICT
LR,5247,5247,1479166.50,12000.00,16384,20,true,true,OK
Leo,5334,5334,85571083.50,179209.00,16384,10,true,true,OK
GLL,5334,5334,56996729.50,165292.00,16384,10,true,true,OK
RNGLR,5334,5334,4397166.50,21749.50,16384,20,true,true,OK
BRNGLR,5334,5334,3867083.00,16624.50,16384,20,true,true,OK
CYK,5334,5334,0.00,0.00,0,0,false,false,TIMEOUT
LL,5334,5334,0.00,0.00,0,0,false,false,CONFLICT
LR,5334,5334,1503187.50,11729.00,16384,20,true,true,OK
Leo,5421,5421,80578875.00,184770.50,16384,10,true,true,OK
GLL,5421,5421,38460667.00,173249.00,16384,13,true,true,OK
RNGLR,5421,5421,4451750.00,20354.50,16384,20,true,true,OK
BRNGLR,5421,5421,3943458.00,32166.50,16384,20,true,true,OK
CYK,5421,5421,0.00,0.00,0,0,false,false,TIMEOUT
LL,5421,5421,0.00,0.00,0,0,false,false,CONFLICT
LR,5421,5421,1526021.00,3792.00,16384,20,true,true,OK
Leo,5463,5463,77493958.50,106521.00,16384,10,true,true,OK
GLL,5463,5463,42407771.00,210916.50,16384,12,true,true,OK
RNGLR,5463,5463,4497270.50,18583.50,16384,20,true,true,OK
BRNGLR,5463,5463,4042479.50,19271.50,16384,20,true,true,OK
CYK,5463,5463,0.00,0.00,0,0,false,false,TIMEOUT
LL,5463,5463,0.00,0.00,0,0,false,false,CONFLICT
LR,5463,5463,1531104.00,5146.00,16384,20,true,true,OK
Leo,5473,5473,76226541.50,97979.00,16384,10,true,true,OK
GLL,5473,5473,31785687.00,235229.00,16384,16,true,true,OK
RNGLR,5473,5473,4467666.50,29937.50,16384,20,true,true,OK
BRNGLR,5473,5473,4015145.50,16520.50,16384,20,true,true,OK
CYK,5473,5473,0.00,0.00,0,0,false,false,TIMEOUT
LL,5473,5473,0.00,0.00,0,0,false,false,CONFLICT
LR,5473,5473,1542229.00,5937.00,16384,20,true,true,OK
Leo,5625,5625,79763250.00,97396.00,16384,10,true,true,OK
GLL,5625,5625,32969875.00,725875.00,16384,17,true,true,OK
RNGLR,5625,5625,4658083.50,18979.00,16384,20,true,true,OK
BRNGLR,5625,5625,4164750.00,24333.50,16384,20,true,true,OK
CYK,5625,5625,0.00,0.00,0,0,false,false,TIMEOUT
LL,5625,5625,0.00,0.00,0,0,false,false,CONFLICT
LR,5625,5625,1593479.00,11312.00,16384,20,true,true,OK
Leo,5898,5898,95661979.00,144396.00,16384,10,true,true,OK
GLL,5898,5898,65490604.00,82187.50,16384,10,true,true,OK
RNGLR,5898,5898,4844750.00,21041.50,16384,20,true,true,OK
BRNGLR,5898,5898,4279541.50,31479.00,16384,20,true,true,OK
CYK,5898,5898,0.00,0.00,0,0,false,false,TIMEOUT
LL,5898,5898,0.00,0.00,0,0,false,false,CONFLICT
LR,5898,5898,1656666.50,7729.00,16384,20,true,true,OK
Leo,5998,5998,93026458.50,224583.50,16384,10,true,true,OK
GLL,5998,5998,49241000.00,268417.00,16384,11,true,true,OK
RNGLR,5998,5998,4929917.00,24250.50,16384,20,true,true,OK
BRNGLR,5998,5998,4362312.50,15687.50,16384,20,true,true,OK
CYK,5998,5998,0.00,0.00,0,0,false,false,TIMEOUT
LL,5998,5998,0.00,0.00,0,0,false,false,CONFLICT
LR,5998,5998,1684333.00,7062.00,16384,20,true,true,OK
Leo,6048,6048,98414771.00,89916.50,16384,10,true,true,OK
GLL,6048,6048,71992667.00,106646.00,16384,10,true,true,OK
RNGLR,6048,6048,4963083.50,18229.50,16384,20,true,true,OK
BRNGLR,6048,6048,4375395.50,18416.50,16384,20,true,true,OK
CYK,6048,6048,0.00,0.00,0,0,false,false,TIMEOUT
LL,6048,6048,0.00,0.00,0,0,false,false,CONFLICT
LR,6048,6048,1704145.50,8458.00,16384,20,true,true,OK
Leo,6074,6074,87372771.00,381688.00,16384,10,true,true,OK
GLL,6074,6074,44272062.50,193875.00,16384,12,true,true,OK
RNGLR,6074,6074,5034937.50,23583.00,16384,20,true,true,OK
BRNGLR,6074,6074,4540541.50,18562.50,16384,20,true,true,OK
CYK,6074,6074,0.00,0.00,0,0,false,false,TIMEOUT
LL,6074,6074,0.00,0.00,0,0,false,false,CONFLICT
LR,6074,6074,1707458.50,8624.50,16384,20,true,true,OK
Leo,6164,6164,92849271.00,58958.50,16384,10,true,true,OK
GLL,6164,6164,59381479.50,346187.50,16384,10,true,true,OK
RNGLR,6164,6164,4984500.00,22229.00,16384,20,true,true,OK
BRNGLR,6164,6164,4442458.00,26666.50,16384,20,true,true,OK
CYK,6164,6164,0.00,0.00,0,0,false,false,TIMEOUT
LL,6164,6164,0.00,0.00,0,0,false,false,CONFLICT
LR,6164,6164,1740354.00,10646.00,16384,20,true,true,OK
Leo,6186,6186,87287479.50,110792.00,16384,10,true,true,OK
GLL,6186,6186,41147375.00,283792.00,16384,13,true,true,OK
RNGLR,6186,6186,5078020.50,23521.00,16384,20,true,true,OK
BRNGLR,6186,6186,4524771.00,28458.50,16384,20,true,true,OK
CYK,6186,6186,0.00,0.00,0,0,false,false,TIMEOUT
LL,6186,6186,0.00,0.00,0,0,false,false,CONFLICT
LR,6186,6186,1744271.00,7854.50,16384,20,true,true,OK
Leo,6318,6318,98345895.50,77229.50,16384,10,true,true,OK
GLL,6318,6318,43747750.00,130417.00,16384,12,true,true,OK
RNGLR,6318,6318,5178124.50,20604.00,16384,20,true,true,OK
BRNGLR,6318,6318,4598875.50,19521.00,16384,20,true,true,OK
CYK,6318,6318,0.00,0.00,0,0,false,false,TIMEOUT
LL,6318,6318,0.00,0.00,0,0,false,false,CONFLICT
LR,6318,6318,1781146.00,7416.50,16384,20,true,true,OK
Leo,6321,6321,97860687.50,103063.00,16384,10,true,true,OK
GLL,6321,6321,50698354.50,5039501.00,16384,10,true,true,OK
RNGLR,6321,6321,5152042.00,20082.50,16384,20,true,true,OK
BRNGLR,6321,6321,4579187.00,23458.00,16384,20,true,true,OK
CYK,6321,6321,0.00,0.00,0,0,false,false,TIMEOUT
LL,6321,6321,0.00,0.00,0,0,false,false,CONFLICT
LR,6321,6321,1842500.00,27229.50,16384,20,true,true,OK
Leo,6385,6385,91137729.00,150166.50,16384,10,true,true,OK
GLL,6385,6385,46414667.00,176625.00,16384,11,true,true,OK
RNGLR,6385,6385,5245375.00,19458.50,16384,20,true,true,OK
BRNGLR,6385,6385,4682729.00,18437.50,16384,20,true,true,OK
CYK,6385,6385,0.00,0.00,0,0,false,false,TIMEOUT
LL,6385,6385,0.00,0.00,0,0,false,false,CONFLICT
LR,6385,6385,1795229.00,5562.50,16384,20,true,true,OK
Leo,6466,6466,105881479.00,72937.50,16384,10,true,true,OK
GLL,6466,6466,76388479.00,566124.50,16384,10,true,true,OK
RNGLR,6466,6466,5311375.00,27062.50,16384,20,true,true,OK
BRNGLR,6466,6466,4909333.50,115500.50,16384,20,true,true,OK
CYK,6466,6466,0.00,0.00,0,0,false,false,TIMEOUT
LL,6466,6466,0.00,0.00,0,0,false,false,CONFLICT
LR,6466,6466,1851604.00,23041.50,16384,20,true,true,OK
Leo,6490,6490,106696333.00,102167.00,16384,10,true,true,OK
GLL,6490,6490,78936541.50,863313.00,16384,10,true,true,OK
RNGLR,6490,6490,5321479.00,29604.00,16384,20,true,true,OK
BRNGLR,6490,6490,4726833.00,17666.50,16384,20,true,true,OK
CYK,6490,6490,0.00,0.00,0,0,false,false,TIMEOUT
LL,6490,6490,0.00,0.00,0,0,false,false,CONFLICT
LR,6490,6490,1828625.00,8187.50,16384,20,true,true,OK
Leo,6491,6491,106460416.50,70125.00,16384,10,true,true,OK
GLL,6491,6491,71186687.50,206000.00,16384,10,true,true,OK
RNGLR,6491,6491,5280083.50,18562.50,16384,20,true,true,OK
BRNGLR,6491,6491,4699479.00,27937.50,16384,20,true,true,OK
CYK,6491,6491,0.00,0.00,0,0,false,false,TIMEOUT
LL,6491,6491,0.00,0.00,0,0,false,false,CONFLICT
LR,6491,6491,1826583.00,7104.00,16384,20,true,true,OK
Leo,6524,6524,106912937.50,123333.00,16384,10,true,true,OK
GLL,6524,6524,76291354.00,376687.50,16384,10,true,true,OK
RNGLR,6524,6524,5369479.50,26688.00,16384,20,true,true,OK
BRNGLR,6524,6524,4740375.50,21604.50,16384,20,true,true,OK
CYK,6524,6524,0.00,0.00,0,0,false,false,TIMEOUT
LL,6524,6524,0.00,0.00,0,0,false,false,CONFLICT
LR,6524,6524,1837041.50,7333.50,16384,20,true,true,OK
Leo,6549,6549,107498770.50,90750.00,16384,10,true,true,OK
GLL,6549,6549,60885354.50,233458.00,16384,10,true,true,OK
RNGLR,6549,6549,5463042.00,142666.50,16384,20,true,true,OK
BRNGLR,6549,6549,4741729.00,39083.00,16384,20,true,true,OK
CYK,6549,6549,0.00,0.00,0,0,false,false,TIMEOUT
LL,6549,6549,0.00,0.00,0,0,false,false,CONFLICT
LR,6549,6549,1842895.50,7271.00,16384,20,true,true,OK
Leo,6578,6578,108290271.00,119937.50,16384,10,true,true,OK
GLL,6578,6578,73492833.00,450062.50,16384,10,true,true,OK
RNGLR,6578,6578,5389791.50,46041.50,16384,20,true,true,OK
BRNGLR,6578,6578,4695562.50,25125.00,16384,20,true,true,OK
CYK,6578,6578,0.00,0.00,0,0,false,false,TIMEOUT
LL,6578,6578,0.00,0.00,0,0,false,false,CONFLICT
LR,6578,6578,1854437.50,4917.00,16384,20,true,true,OK
Leo,6597,6597,108714333.00,175188.00,16384,10,true,true,OK
GLL,6597,6597,79558124.50,837520.00,16384,10,true,true,OK
RNGLR,6597,6597,5342562.50,16167.00,16384,20,true,true,OK
BRNGLR,6597,6597,4787583.50,23292.00,16384,20,true,true,OK
CYK,6597,6597,0.00,0.00,0,0,false,false,TIMEOUT
LL,6597,6597,0.00,0.00,0,0,false,false,CONFLICT
LR,6597,6597,1863354.00,8229.50,16384,20,true,true,OK
Leo,6657,6657,109767812.50,94812.50,16384,10,true,true,OK
GLL,6657,6657,74052854.00,325229.00,16384,10,true,true,OK
RNGLR,6657,6657,5430521.00,29896.00,16384,20,true,true,OK
BRNGLR,6657,6657,4825687.00,19729.50,16384,20,true,true,OK
CYK,6657,6657,0.00,0.00,0,0,false,false,TIMEOUT
LL,6657,6657,0.00,0.00,0,0,false,false,CONFLICT
LR,6657,6657,1876041.50,9187.50,16384,20,true,true,OK
Leo,6732,6732,104772646.00,119166.50,16384,10,true,true,OK
GLL,6732,6732,53202833.50,410146.00,16384,10,true,true,OK
RNGLR,6732,6732,5479895.50,25854.00,16384,20,true,true,OK
BRNGLR,6732,6732,4819208.50,27812.50,16384,20,true,true,OK
CYK,6732,6732,0.00,0.00,0,0,false,false,TIMEOUT
LL,6732,6732,0.00,0.00,0,0,false,false,CONFLICT
LR,6732,6732,1896271.00,4604.50,16384,20,true,true,OK
Leo,6822,6822,113199958.50,336791.50,16384,10,true,true,OK
GLL,6822,6822,80759437.50,383354.00,16384,10,true,true,OK
RNGLR,6822,6822,5532916.50,17063.00,16384,20,true,true,OK
BRNGLR,6822,6822,4912104.00,21229.00,16384,20,true,true,OK
CYK,6822,6822,0.00,0.00,0,0,false,false,TIMEOUT
LL,6822,6822,0.00,0.00,0,0,false,false,CONFLICT
LR,6822,6822,1925792.00,10084.00,16384,20,true,true,OK
Leo,6866,6866,100482166.50,499208.00,16384,10,true,true,OK
GLL,6866,6866,45877959.00,364834.00,16384,11,true,true,OK
RNGLR,6866,6866,5609354.00,18520.50,16384,20,true,true,OK
BRNGLR,6866,6866,5054125.00,25687.50,16384,20,true,true,OK
CYK,6866,6866,0.00,0.00,0,0,false,false,TIMEOUT
LL,6866,6866,0.00,0.00,0,0,false,false,CONFLICT
LR,6866,6866,1928646.00,8542.00,16384,20,true,true,OK
Leo,6881,6881,97699208.50,78563.00,16384,10,true,true,OK
GLL,6881,6881,32448604.00,127000.00,16384,16,true,true,OK
RNGLR,6881,6881,5549916.50,16479.00,16384,20,true,true,OK
BRNGLR,6881,6881,4956396.00,32146.00,16384,20,true,true,OK
CYK,6881,6881,0.00,0.00,0,0,false,false,TIMEOUT
LL,6881,6881,0.00,0.00,0,0,false,false,CONFLICT
LR,6881,6881,1936875.50,5396.00,16384,20,true,true,OK
Leo,6918,6918,114999333.50,126750.50,16384,10,true,true,OK
GLL,6918,6918,79947583.00,743541.50,16384,10,true,true,OK
RNGLR,6918,6918,5605854.50,33896.00,16384,20,true,true,OK
BRNGLR,6918,6918,4966291.50,36791.50,16384,20,true,true,OK
CYK,6918,6918,0.00,0.00,0,0,false,false,TIMEOUT
LL,6918,6918,0.00,0.00,0,0,false,false,CONFLICT
LR,6918,6918,1939833.50,3833.50,16384,20,true,true,OK
Leo,7184,7184,114333270.50,184729.50,16384,10,true,true,OK
GLL,7184,7184,74308375.00,358521.00,16384,10,true,true,OK
RNGLR,7184,7184,5842020.50,23791.00,16384,20,true,true,OK
BRNGLR,7184,7184,5188521.50,26334.00,16384,20,true,true,OK
CYK,7184,7184,0.00,0.00,0,0,false,false,TIMEOUT
LL,7184,7184,0.00,0.00,0,0,false,false,CONFLICT
LR,7184,7184,2026812.50,11354.50,16384,20,true,true,OK
Leo,7197,7197,120025104.50,199687.50,16384,10,true,true,OK
GLL,7197,7197,83074020.50,334645.50,16384,10,true,true,OK
RNGLR,7197,7197,5831354.50,16603.50,16384,20,true,true,OK
BRNGLR,7197,7197,5134291.50,14208.50,16384,20,true,true,OK
CYK,7197,7197,0.00,0.00,0,0,false,false,TIMEOUT
LL,7197,7197,0.00,0.00,0,0,false,false,CONFLICT
LR,7197,7197,2030062.50,6895.50,16384,20,true,true,OK
Leo,7227,7227,111870937.50,102729.00,16384,10,true,true,OK
GLL,7227,7227,58645167.00,424562.50,16384,10,true,true,OK
RNGLR,7227,7227,5889312.00,23354.00,16384,20,true,true,OK
BRNGLR,7227,7227,5241500.00,17729.00,16384,20,true,true,OK
CYK,7227,7227,0.00,0.00,0,0,false,false,TIMEOUT
LL,7227,7227,0.00,0.00,0,0,false,false,CONFLICT
LR,7227,7227,2045395.50,14333.00,16384,20,true,true,OK
Leo,7229,7229,120275916.50,154083.50,16384,10,true,true,OK
GLL,7229,7229,86089666.50,1205729.50,16384,10,true,true,OK
RNGLR,7229,7229,5866562.50,21646.00,16384,20,true,true,OK
BRNGLR,7229,7229,5201104.50,23208.00,16384,20,true,true,OK
CYK,7229,7229,0.00,0.00,0,0,false,false,TIMEOUT
LL,7229,7229,0.00,0.00,0,0,false,false,CONFLICT
LR,7229,7229,2035604.00,7271.00,16384,20,true,true,OK
Leo,7240,7240,111137188.00,147438.00,16384,10,true,true,OK
GLL,7240,7240,77943292.00,549833.50,16384,10,true,true,OK
RNGLR,7240,7240,5871083.50,26562.00,16384,20,true,true,OK
BRNGLR,7240,7240,5483645.50,165021.00,16384,20,true,true,OK
CYK,7240,7240,0.00,0.00,0,0,false,false,TIMEOUT
LL,7240,7240,0.00,0.00,0,0,false,false,CONFLICT
LR,7240,7240,2058687.50,11437.50,16384,20,true,true,OK
Leo,7304,7304,122016375.00,141958.50,16384,10,true,true,OK
GLL,7304,7304,89329770.50,354750.00,16384,10,true,true,OK
RNGLR,7304,7304,5913395.50,27917.00,16384,20,true,true,OK
BRNGLR,7304,7304,5248687.00,20854.00,16384,20,true,true,OK
CYK,7304,7304,0.00,0.00,0,0,false,false,TIMEOUT
LL,7304,7304,0.00,0.00,0,0,false,false,CONFLICT
LR,7304,7304,2049854.00,4770.50,16384,20,true,true,OK
Leo,7472,7472,125128333.50,164792.00,16384,10,true,true,OK
GLL,7472,7472,89881854.00,591146.00,16384,10,true,true,OK
RNGLR,7472,7472,6038125.00,37250.00,16384,20,true,true,OK
BRNGLR,7472,7472,5372959.00,19895.50,16384,20,true,true,OK
CYK,7472,7472,0.00,0.00,0,0,false,false,TIMEOUT
LL,7472,7472,0.00,0.00,0,0,false,false,CONFLICT
LR,7472,7472,2110875.00,14062.00,16384,20,true,true,OK
Leo,7485,7485,110694500.00,195458.50,16384,10,true,true,OK
GLL,7485,7485,68909541.50,150417.00,16384,10,true,true,OK
RNGLR,7485,7485,6035249.50,21270.50,16384,20,true,true,OK
BRNGLR,7485,7485,5349020.50,21770.50,16384,20,true,true,OK
CYK,7485,7485,0.00,0.00,0,0,false,false,TIMEOUT
LL,7485,7485,0.00,0.00,0,0,false,false,CONFLICT
LR,7485,7485,2112729.00,12646.00,16384,20,true,true,OK
Leo,7488,7488,115177833.50,177292.00,16384,10,true,true,OK
GLL,7488,7488,55891500.00,255583.00,16384,10,true,true,OK
RNGLR,7488,7488,6054438.00,22146.00,16384,20,true,true,OK
BRNGLR,7488,7488,5360062.50,33312.50,16384,20,true,true,OK
CYK,7488,7488,0.00,0.00,0,0,false,false,TIMEOUT
LL,7488,7488,0.00,0.00,0,0,false,false,CONFLICT
LR,7488,7488,2125896.00,10437.50,16384,20,true,true,OK
Leo,7596,7596,127931354.50,151250.00,16384,10,true,true,OK
GLL,7596,7596,92309438.00,222666.50,16384,10,true,true,OK
RNGLR,7596,7596,6093125.00,23083.50,16384,20,true,true,OK
BRNGLR,7596,7596,5390541.50,13437.00,16384,20,true,true,OK
CYK,7596,7596,0.00,0.00,0,0,false,false,TIMEOUT
LL,7596,7596,0.00,0.00,0,0,false,false,CONFLICT
LR,7596,7596,2141854.00,9521.00,16384,20,true,true,OK
Leo,7642,7642,117680062.00,174166.50,16384,10,true,true,OK
GLL,7642,7642,61803625.00,220791.50,16384,10,true,true,OK
RNGLR,7642,7642,6167479.00,26146.00,16384,20,true,true,OK
BRNGLR,7642,7642,5503937.00,34125.50,16384,20,true,true,OK
CYK,7642,7642,0.00,0.00,0,0,false,false,TIMEOUT
LL,7642,7642,0.00,0.00,0,0,false,false,CONFLICT
LR,7642,7642,2157896.50,14479.50,16384,20,true,true,OK
Leo,7644,7644,128910813.00,235166.50,16384,10,true,true,OK
GLL,7644,7644,100085854.50,283375.00,16384,10,true,true,OK
RNGLR,7644,7644,6153166.50,16458.50,16384,20,true,true,OK
BRNGLR,7644,7644,5449625.00,14875.00,16384,20,true,true,OK
CYK,7644,7644,0.00,0.00,0,0,false,false,TIMEOUT
LL,7644,7644,0.00,0.00,0,0,false,false,CONFLICT
LR,7644,7644,2157916.50,13291.50,16384,20,true,true,OK
Leo,7750,7750,130906229.00,356270.50,16384,10,true,true,OK
GLL,7750,7750,96251479.50,385750.00,16384,10,true,true,OK
RNGLR,7750,7750,6225292.00,25333.50,16384,20,true,true,OK
BRNGLR,7750,7750,5508104.00,20146.00,16384,20,true,true,OK
CYK,7750,7750,0.00,0.00,0,0,false,false,TIMEOUT
LL,7750,7750,0.00,0.00,0,0,false,false,CONFLICT
LR,7750,7750,2190354.00,11792.00,16384,20,true,true,OK
Leo,7776,7776,131194333.50,151895.50,16384,10,true,true,OK
GLL,7776,7776,104402937.50,505479.00,16384,10,true,true,OK
RNGLR,7776,7776,6313625.00,19771.00,16384,20,true,true,OK
BRNGLR,7776,7776,5536292.00,26833.50,16384,20,true,true,OK
CYK,7776,7776,0.00,0.00,0,0,false,false,TIMEOUT
LL,7776,7776,0.00,0.00,0,0,false,false,CONFLICT
LR,7776,7776,2197833.50,9896.00,16384,20,true,true,OK
Leo,7790,7790,119633271.50,130917.00,16384,10,true,true,OK
GLL,7790,7790,72850937.00,562062.50,16384,10,true,true,OK
RNGLR,7790,7790,6567312.50,193333.00,16384,20,true,true,OK
BRNGLR,7790,7790,5650333.00,17374.50,16384,20,true,true,OK
CYK,7790,7790,0.00,0.00,0,0,false,false,TIMEOUT
LL,7790,7790,0.00,0.00,0,0,false,false,CONFLICT
LR,7790,7790,2211979.00,10542.00,16384,20,true,true,OK
Leo,7812,7812,122613917.00,59791.50,16384,10,true,true,OK
GLL,7812,7812,82071520.50,225812.00,16384,10,true,true,OK
RNGLR,7812,7812,6327709.00,26166.50,16384,20,true,true,OK
BRNGLR,7812,7812,5580416.50,22021.00,16384,20,true,true,OK
CYK,7812,7812,0.00,0.00,0,0,false,false,TIMEOUT
LL,7812,7812,0.00,0.00,0,0,false,false,CONFLICT
LR,7812,7812,2207416.50,8562.50,16384,20,true,true,OK
Leo,7837,7837,132667708.50,70708.50,16384,10,true,true,OK
GLL,7837,7837,93977625.00,621499.50,16384,10,true,true,OK
RNGLR,7837,7837,6308833.50,36521.00,16384,20,true,true,OK
BRNGLR,7837,7837,5547583.50,24416.50,16384,20,true,true,OK
CYK,7837,7837,0.00,0.00,0,0,false,false,TIMEOUT
LL,7837,7837,0.00,0.00,0,0,false,false,CONFLICT
LR,7837,7837,2207854.00,9645.50,16384,20,true,true,OK
Leo,7964,7964,118343167.00,71625.50,16384,10,true,true,OK
GLL,7964,7964,66460625.00,324937.50,16384,10,true,true,OK
RNGLR,7964,7964,6469750.00,35021.00,16384,20,true,true,OK
BRNGLR,7964,7964,5728438.00,22584.00,16384,20,true,true,OK
CYK,7964,7964,0.00,0.00,0,0,false,false,TIMEOUT
LL,7964,7964,0.00,0.00,0,0,false,false,CONFLICT
LR,7964,7964,2250020.50,10583.00,16384,20,true,true,OK
Leo,8051,8051,126313958.50,128146.00,16384,10,true,true,OK
GLL,8051,8051,84508583.50,3739583.00,16384,10,true,true,OK
RNGLR,8051,8051,6437583.00,27791.50,16384,20,true,true,OK
BRNGLR,8051,8051,5699770.50,32459.00,16384,20,true,true,OK
CYK,8051,8051,0.00,0.00,0,0,false,false,TIMEOUT
LL,8051,8051,0.00,0.00,0,0,false,false,CONFLICT
LR,8051,8051,2284979.50,17334.00,16384,20,true,true,OK
Leo,8083,8083,137613979.00,227728.50,16384,10,true,true,OK
GLL,8083,8083,106109292.00,1484458.50,16384,10,true,true,OK
RNGLR,8083,8083,6519083.50,14417.00,16384,20,true,true,OK
BRNGLR,8083,8083,5764937.50,22917.00,16384,20,true,true,OK
CYK,8083,8083,0.00,0.00,0,0,false,false,TIMEOUT
LL,8083,8083,0.00,0.00,0,0,false,false,CONFLICT
LR,8083,8083,2281645.50,12875.50,16384,20,true,true,OK
Leo,8123,8123,138154291.50,245874.50,16384,10,true,true,OK
GLL,8123,8123,84012145.50,218895.50,16384,10,true,true,OK
RNGLR,8123,8123,6559208.50,22396.00,16384,20,true,true,OK
BRNGLR,8123,8123,5753583.00,25562.00,16384,20,true,true,OK
CYK,8123,8123,0.00,0.00,0,0,false,false,TIMEOUT
LL,8123,8123,0.00,0.00,0,0,false,false,CONFLICT
LR,8123,8123,2293875.00,9062.50,16384,20,true,true,OK
Leo,8177,8177,139286604.50,219812.50,16384,10,true,true,OK
GLL,8177,8177,99411333.00,2291063.00,16384,10,true,true,OK
RNGLR,8177,8177,6573583.50,29729.50,16384,20,true,true,OK
BRNGLR,8177,8177,5766187.00,19728.50,16384,20,true,true,OK
CYK,8177,8177,0.00,0.00,0,0,false,false,TIMEOUT
LL,8177,8177,0.00,0.00,0,0,false,false,CONFLICT
LR,8177,8177,2308396.00,10666.50,16384,20,true,true,OK
Leo,8322,8322,141256812.50,117979.00,16384,10,true,true,OK
GLL,8322,8322,111411271.00,1526895.50,16384,10,true,true,OK
RNGLR,8322,8322,6751938.00,24770.00,16384,20,true,true,OK
BRNGLR,8322,8322,5969563.00,24313.00,16384,20,true,true,OK
CYK,8322,8322,0.00,0.00,0,0,false,false,TIMEOUT
LL,8322,8322,0.00,0.00,0,0,false,false,CONFLICT
LR,8322,8322,2348146.00,12063.00,16384,20,true,true,OK
Leo,8358,8358,137099833.50,75917.00,16384,10,true,true,OK
GLL,8358,8358,96438062.00,2997000.50,16384,10,true,true,OK
RNGLR,8358,8358,6804250.00,27000.50,16384,20,true,true,OK
BRNGLR,8358,8358,5986000.00,16792.00,16384,20,true,true,OK
CYK,8358,8358,0.00,0.00,0,0,false,false,TIMEOUT
LL,8358,8358,0.00,0.00,0,0,false,false,CONFLICT
LR,8358,8358,2349729.00,13312.50,16384,20,true,true,OK
Leo,8425,8425,143437792.00,387312.50,16384,10,true,true,OK
GLL,8425,8425,111690250.00,4547958.00,16384,10,true,true,OK
RNGLR,8425,8425,6834187.50,22146.00,16384,20,true,true,OK
BRNGLR,8425,8425,6077895.50,46103.50,16384,20,true,true,OK
CYK,8425,8425,0.00,0.00,0,0,false,false,TIMEOUT
LL,8425,8425,0.00,0.00,0,0,false,false,CONFLICT
LR,8425,8425,2384312.00,12792.00,16384,20,true,true,OK
Leo,8631,8631,147990125.00,328020.50,16384,10,true,true,OK
GLL,8631,8631,107979417.00,1400625.00,16384,10,true,true,OK
RNGLR,8631,8631,6961021.00,29520.50,16384,20,true,true,OK
BRNGLR,8631,8631,6178749.50,37021.50,16384,20,true,true,OK
CYK,8631,8631,0.00,0.00,0,0,false,false,TIMEOUT
LL,8631,8631,0.00,0.00,0,0,false,false,CONFLICT
LR,8631,8631,2431270.50,12666.50,16384,20,true,true,OK
Leo,8819,8819,150550417.00,110396.00,16384,10,true,true,OK
GLL,8819,8819,126680187.50,1026041.50,16384,10,true,true,OK
RNGLR,8819,8819,7138667.00,33625.00,16384,20,true,true,OK
BRNGLR,8819,8819,6344437.50,39104.00,16384,20,true,true,OK
CYK,8819,8819,0.00,0.00,0,0,false,false,TIMEOUT
LL,8819,8819,0.00,0.00,0,0,false,false,CONFLICT
LR,8819,8819,2483208.00,7332.50,16384,20,true,true,OK
Leo,8941,8941,135274125.50,67937.50,16384,10,true,true,OK
GLL,8941,8941,71582896.00,1382125.00,16384,10,true,true,OK
RNGLR,8941,8941,7269250.50,28667.00,16384,20,true,true,OK
BRNGLR,8941,8941,6407770.50,36271.00,16384,20,true,true,OK
CYK,8941,8941,0.00,0.00,0,0,false,false,TIMEOUT
LL,8941,8941,0.00,0.00,0,0,false,false,CONFLICT
LR,8941,8941,2516771.00,6229.50,16384,20,true,true,OK
Leo,9201,9201,130940208.50,183917.00,16384,10,true,true,OK
GLL,9201,9201,55239875.00,3249562.00,16384,10,true,true,OK
RNGLR,9201,9201,7445500.50,27228.50,16384,20,true,true,OK
BRNGLR,9201,9201,6593917.00,22000.00,16384,20,true,true,OK
CYK,9201,9201,0.00,0.00,0,0,false,false,TIMEOUT
LL,9201,9201,0.00,0.00,0,0,false,false,CONFLICT
LR,9201,9201,2599437.50,13854.00,16384,20,true,true,OK
Leo,9260,9260,160456458.00,117770.50,16384,10,true,true,OK
GLL,9260,9260,132092208.50,2699895.50,16384,10,true,true,OK
RNGLR,9260,9260,7494021.00,34562.00,16384,20,true,true,OK
BRNGLR,9260,9260,6626250.00,27896.00,16384,20,true,true,OK
CYK,9260,9260,0.00,0.00,0,0,false,false,TIMEOUT
LL,9260,9260,0.00,0.00,0,0,false,false,CONFLICT
LR,9260,9260,2609604.00,12271.00,16384,20,true,true,OK
Leo,9413,9413,148967270.50,267396.00,16384,10,true,true,OK
GLL,9413,9413,97458687.50,3577395.50,16384,10,true,true,OK
RNGLR,9413,9413,7583937.50,35896.00,16384,20,true,true,OK
BRNGLR,9413,9413,6680646.00,22854.50,16384,20,true,true,OK
CYK,9413,9413,0.00,0.00,0,0,false,false,TIMEOUT
LL,9413,9413,0.00,0.00,0,0,false,false,CONFLICT
LR,9413,9413,2657646.00,11708.50,16384,20,true,true,OK
Leo,9543,9543,155354625.00,284042.00,16384,10,true,true,OK
GLL,9543,9543,100799750.00,2448062.50,16384,10,true,true,OK
RNGLR,9543,9543,7653104.00,23042.00,16384,20,true,true,OK
BRNGLR,9543,9543,6781833.50,37083.50,16384,20,true,true,OK
CYK,9543,9543,0.00,0.00,0,0,false,false,TIMEOUT
LL,9543,9543,0.00,0.00,0,0,false,false,CONFLICT
LR,9543,9543,2691146.00,7250.00,16384,20,true,true,OK
Leo,9615,9615,153731416.50,287187.50,16384,10,true,true,OK
GLL,9615,9615,86228542.00,5891542.50,16384,10,true,true,OK
RNGLR,9615,9615,8180187.50,47021.00,16384,20,true,true,OK
BRNGLR,9615,9615,7212916.50,48604.00,16384,20,true,true,OK
CYK,9615,9615,0.00,0.00,0,0,false,false,TIMEOUT
LL,9615,9615,0.00,0.00,0,0,false,false,CONFLICT
LR,9615,9615,2712729.50,11229.50,16384,20,true,true,OK
Leo,9774,9774,144557354.50,108354.50,16384,10,true,true,OK
GLL,9774,9774,84758854.00,9397208.00,16384,10,true,true,OK
RNGLR,9774,9774,8356750.00,42770.50,16384,20,true,true,OK
BRNGLR,9774,9774,7491125.00,87563.00,16384,20,true,true,OK
CYK,9774,9774,0.00,0.00,0,0,false,false,TIMEOUT
LL,9774,9774,0.00,0.00,0,0,false,false,CONFLICT
LR,9774,9774,2753021.00,8854.50,16384,20,true,true,OK
Leo,9785,9785,173737208.00,356708.50,16384,10,true,true,OK
GLL,9785,9785,155389041.50,2466062.50,16384,10,true,true,OK
RNGLR,9785,9785,8248167.00,57104.00,16384,20,true,true,OK
BRNGLR,9785,9785,7383771.00,31292.00,16384,20,true,true,OK
CYK,9785,9785,0.00,0.00,0,0,false,false,TIMEOUT
LL,9785,9785,0.00,0.00,0,0,false,false,CONFLICT
LR,9785,9785,2753875.00,10729.50,16384,20,true,true,OK
Leo,9810,9810,175901875.00,178666.50,16384,10,true,true,OK
GLL,9810,9810,137234667.00,11775979.50,16384,10,true,true,OK
RNGLR,9810,9810,8270583.50,36166.50,16384,20,true,true,OK
BRNGLR,9810,9810,7398792.00,52021.00,16384,20,true,true,OK
CYK,9810,9810,0.00,0.00,0,0,false,false,TIMEOUT
LL,9810,9810,0.00,0.00,0,0,false,false,CONFLICT
LR,9810,9810,2759771.00,12104.50,16384,20,true,true,OK
Leo,9876,9876,159456812.50,339062.50,16384,10,true,true,OK
GLL,9876,9876,97645750.50,3695042.00,16384,10,true,true,OK
RNGLR,9876,9876,8307645.50,60374.50,16384,20,true,true,OK
BRNGLR,9876,9876,7405083.50,70917.50,16384,20,true,true,OK
CYK,9876,9876,0.00,0.00,0,0,false,false,TIMEOUT
LL,9876,9876,0.00,0.00,0,0,false,false,CONFLICT
LR,9876,9876,2778896.50,9584.00,16384,20,true,true,OK
Leo,9927,9927,177382479.50,409937.50,16384,10,true,true,OK
GLL,9927,9927,159327000.00,6827458.50,16384,10,true,true,OK
RNGLR,9927,9927,8255729.50,28124.50,16384,20,true,true,OK
BRNGLR,9927,9927,7338459.00,24438.00,16384,20,true,true,OK
CYK,9927,9927,0.00,0.00,0,0,false,false,TIMEOUT
LL,9927,9927,0.00,0.00,0,0,false,false,CONFLICT
LR,9927,9927,2791021.00,6896.00,16384,20,true,true,OK
Leo,10190,10190,153797583.00,251583.50,16384,10,true,true,OK
GLL,10190,10190,98186958.00,668333.00,16384,10,true,true,OK
RNGLR,10190,10190,8497812.50,33333.00,16384,20,true,true,OK
BRNGLR,10190,10190,7590042.00,40104.00,16384,20,true,true,OK
CYK,10190,10190,0.00,0.00,0,0,false,false,TIMEOUT
LL,10190,10190,0.00,0.00,0,0,false,false,CONFLICT
LR,10190,10190,2872708.50,11666.50,16384,20,true,true,OK
Leo,10765,10765,195855041.50,248875.00,16384,10,true,true,OK
GLL,10765,10765,165719771.00,994916.50,16384,10,true,true,OK
RNGLR,10765,10765,8971521.00,18667.00,16384,20,true,true,OK
BRNGLR,10765,10765,7968146.00,36541.50,16384,20,true,true,OK
CYK,10765,10765,0.00,0.00,0,0,false,false,TIMEOUT
LL,10765,10765,0.00,0.00,0,0,false,false,CONFLICT
LR,10765,10765,3042562.50,12687.50,16384,20,true,true,OK
Leo,11121,11121,173574208.50,196896.00,16384,10,true,true,OK
GLL,11121,11121,95916354.00,7301770.50,16384,10,true,true,OK
RNGLR,11121,11121,9514104.00,50396.00,16384,20,true,true,OK
BRNGLR,11121,11121,8495750.00,28604.00,16384,20,true,true,OK
CYK,11121,11121,0.00,0.00,0,0,false,false,TIMEOUT
LL,11121,11121,0.00,0.00,0,0,false,false,CONFLICT
LR,11121,11121,3126041.50,14875.50,16384,20,true,true,OK
Leo,11379,11379,173784104.50,145500.00,16384,10,true,true,OK
GLL,11379,11379,76881146.00,957145.50,933888,10,true,true,OK
RNGLR,11379,11379,9792125.00,41812.50,16384,20,true,true,OK
BRNGLR,11379,11379,8740104.00,32020.50,16384,20,true,true,OK
CYK,11379,11379,0.00,0.00,0,0,false,false,TIMEOUT
LL,11379,11379,0.00,0.00,0,0,false,false,CONFLICT
LR,11379,11379,3202145.50,11208.00,16384,20,true,true,OK
Leo,11634,11634,184731645.50,107083.00,16384,10,true,true,OK
GLL,11634,11634,97272291.50,4822708.00,81920,10,true,true,OK
RNGLR,11634,11634,9837875.00,16688.00,16384,20,true,true,OK
BRNGLR,11634,11634,8782271.00,58542.00,16384,20,true,true,OK
CYK,11634,11634,0.00,0.00,0,0,false,false,TIMEOUT
LL,11634,11634,0.00,0.00,0,0,false,false,CONFLICT
LR,11634,11634,3273604.00,8729.00,16384,20,true,true,OK
Leo,11709,11709,191552812.50,281583.50,16384,10,true,true,OK
GLL,11709,11709,115119812.50,2684666.50,32768,10,true,true,OK
RNGLR,11709,11709,9955208.50,30354.00,16384,20,true,true,OK
BRNGLR,11709,11709,8986854.50,31188.00,16384,20,true,true,OK
CYK,11709,11709,0.00,0.00,0,0,false,false,TIMEOUT
LL,11709,11709,0.00,0.00,0,0,false,false,CONFLICT
LR,11709,11709,3309958.50,12770.50,16384,20,true,true,OK
Leo,11947,11947,191032500.00,372916.50,16384,10,true,true,OK
GLL,11947,11947,92905063.00,2531207.50,65536,10,true,true,OK
RNGLR,11947,11947,10128833.50,35062.50,16384,20,true,true,OK
BRNGLR,11947,11947,9014812.50,66375.00,16384,20,true,true,OK
CYK,11947,11947,0.00,0.00,0,0,false,false,TIMEOUT
LL,11947,11947,0.00,0.00,0,0,false,false,CONFLICT
LR,11947,11947,3375145.50,9375.00,16384,20,true,true,OK
Leo,12008,12008,187419333.00,371791.50,16384,10,true,true,OK
GLL,12008,12008,106462041.50,791291.00,32768,10,true,true,OK
RNGLR,12008,12008,10265500.00,44916.50,16384,20,true,true,OK
BRNGLR,12008,12008,9085708.50,52542.00,16384,20,true,true,OK
CYK,12008,12008,0.00,0.00,0,0,false,false,TIMEOUT
LL,12008,12008,0.00,0.00,0,0,false,false,CONFLICT
LR,12008,12008,3382145.50,10770.00,16384,20,true,true,OK
Leo,12014,12014,175729500.00,181000.50,16384,10,true,true,OK
GLL,12014,12014,67484083.00,755563.00,32768,10,true,true,OK
RNGLR,12014,12014,10366083.50,51375.00,16384,20,true,true,OK
BRNGLR,12014,12014,9246229.00,37625.00,16384,20,true,true,OK
CYK,12014,12014,0.00,0.00,0,0,false,false,TIMEOUT
LL,12014,12014,0.00,0.00,0,0,false,false,CONFLICT
LR,12014,12014,3390813.00,12084.00,16384,20,true,true,OK
Leo,12046,12046,225299437.00,372666.50,16384,10,true,true,OK
GLL,12046,12046,208271292.00,22137353.50,16384,10,true,true,OK
RNGLR,12046,12046,10303812.50,48166.50,16384,20,true,true,OK
BRNGLR,12046,12046,9184770.50,62750.00,16384,20,true,true,OK
CYK,12046,12046,0.00,0.00,0,0,false,false,TIMEOUT
LL,12046,12046,0.00,0.00,0,0,false,false,CONFLICT
LR,12046,12046,3401375.00,17791.50,16384,20,true,true,OK
Leo,12335,12335,192452896.00,196104.50,16384,10,true,true,OK
GLL,12335,12335,96115521.00,1983770.50,81920,10,true,true,OK
RNGLR,12335,12335,10521833.00,25395.00,16384,20,true,true,OK
BRNGLR,12335,12335,9423270.50,28187.50,16384,20,true,true,OK
CYK,12335,12335,0.00,0.00,0,0,false,false,TIMEOUT
LL,12335,12335,0.00,0.00,0,0,false,false,CONFLICT
LR,12335,12335,3477916.50,6354.50,16384,20,true,true,OK
Leo,12410,12410,234391937.50,306249.50,16384,10,true,true,OK
GLL,12410,12410,224753978.50,17162625.50,32768,10,true,true,OK
RNGLR,12410,12410,10567500.00,30917.00,16384,20,true,true,OK
BRNGLR,12410,12410,9496104.50,33292.00,16384,20,true,true,OK
CYK,12410,12410,0.00,0.00,0,0,false,false,TIMEOUT
LL,12410,12410,0.00,0.00,0,0,false,false,CONFLICT
LR,12410,12410,3496229.00,12312.50,16384,20,true,true,OK
Leo,12455,12455,211878354.00,297896.00,16384,10,true,true,OK
GLL,12455,12455,153246583.00,3462250.00,32768,10,true,true,OK
RNGLR,12455,12455,10503416.50,39750.00,16384,20,true,true,OK
BRNGLR,12455,12455,9460042.00,63750.00,16384,20,true,true,OK
CYK,12455,12455,0.00,0.00,0,0,false,false,TIMEOUT
LL,12455,12455,0.00,0.00,0,0,false,false,CONFLICT
LR,12455,12455,3503187.50,9042.00,16384,20,true,true,OK
Leo,12461,12461,189605354.00,630041.50,16384,10,true,true,OK
GLL,12461,12461,102496312.50,689312.50,16384,10,true,true,OK
RNGLR,12461,12461,10630458.50,49708.50,16384,20,true,true,OK
BRNGLR,12461,12461,9545000.00,58520.50,16384,20,true,true,OK
CYK,12461,12461,0.00,0.00,0,0,false,false,TIMEOUT
LL,12461,12461,0.00,0.00,0,0,false,false,CONFLICT
LR,12461,12461,3513271.00,16229.50,16384,20,true,true,OK
Leo,12483,12483,191155354.00,396395.50,16384,10,true,true,OK
GLL,12483,12483,92326521.00,489979.00,16384,10,true,true,OK
RNGLR,12483,12483,10673771.00,89583.50,16384,20,true,true,OK
BRNGLR,12483,12483,9444208.00,35437.50,16384,20,true,true,OK
CYK,12483,12483,0.00,0.00,0,0,false,false,TIMEOUT
LL,12483,12483,0.00,0.00,0,0,false,false,CONFLICT
LR,12483,12483,3512208.00,11020.50,16384,20,true,true,OK
Leo,12526,12526,237175583.50,174812.50,16384,10,true,true,OK
GLL,12526,12526,215209625.50,6186480.00,32768,10,true,true,OK
RNGLR,12526,12526,10695313.00,60062.50,16384,20,true,true,OK
BRNGLR,12526,12526,9315521.00,40062.50,16384,20,true,true,OK
CYK,12526,12526,0.00,0.00,0,0,false,false,TIMEOUT
LL,12526,12526,0.00,0.00,0,0,false,false,CONFLICT
LR,12526,12526,3525750.00,13166.50,16384,20,true,true,OK
Leo,12586,12586,192777521.00,235270.50,16384,10,true,true,OK
GLL,12586,12586,98554125.00,3643958.50,32768,10,true,true,OK
RNGLR,12586,12586,10729625.00,51958.50,16384,20,true,true,OK
BRNGLR,12586,12586,9615208.00,49833.50,16384,20,true,true,OK
CYK,12586,12586,0.00,0.00,0,0,false,false,TIMEOUT
LL,12586,12586,0.00,0.00,0,0,false,false,CONFLICT
LR,12586,12586,3541813.00,9666.00,16384,20,true,true,OK
Leo,12615,12615,214804938.00,716895.50,16384,10,true,true,OK
GLL,12615,12615,142177146.00,3762542.00,16384,10,true,true,OK
RNGLR,12615,12615,10761146.00,46916.50,16384,20,true,true,OK
BRNGLR,12615,12615,9628625.00,56208.00,16384,20,true,true,OK
CYK,12615,12615,0.00,0.00,0,0,false,false,TIMEOUT
LL,12615,12615,0.00,0.00,0,0,false,false,CONFLICT
LR,12615,12615,3551145.50,15937.00,16384,20,true,true,OK
Leo,12674,12674,209225458.00,167291.50,16384,10,true,true,OK
GLL,12674,12674,121629916.50,1913416.50,32768,10,true,true,OK
RNGLR,12674,12674,10810062.50,66812.50,16384,20,true,true,OK
BRNGLR,12674,12674,9586770.50,39604.00,16384,20,true,true,OK
CYK,12674,12674,0.00,0.00,0,0,false,false,TIMEOUT
LL,12674,12674,0.00,0.00,0,0,false,false,CONFLICT
LR,12674,12674,3580312.50,10416.50,16384,20,true,true,OK
Leo,12718,12718,242527416.00,626249.00,16384,10,true,true,OK
GLL,12718,12718,214559333.00,21956916.50,32768,10,true,true,OK
RNGLR,12718,12718,10727292.00,34916.50,16384,20,true,true,OK
BRNGLR,12718,12718,9553312.00,35437.00,16384,20,true,true,OK
CYK,12718,12718,0.00,0.00,0,0,false,false,TIMEOUT
LL,12718,12718,0.00,0.00,0,0,false,false,CONFLICT
LR,12718,12718,3586812.50,12354.00,16384,20,true,true,OK
Leo,12728,12728,237316625.00,392146.00,16384,10,true,true,OK
GLL,12728,12728,187976229.00,21043520.50,16384,10,true,true,OK
RNGLR,12728,12728,10870500.00,67729.50,16384,20,true,true,OK
BRNGLR,12728,12728,9781354.00,33166.50,16384,20,true,true,OK
CYK,12728,12728,0.00,0.00,0,0,false,false,TIMEOUT
LL,12728,12728,0.00,0.00,0,0,false,false,CONFLICT
LR,12728,12728,3582791.50,11458.50,16384,20,true,true,OK
Leo,12822,12822,243738292.00,235437.00,16384,10,true,true,OK
GLL,12822,12822,232807312.50,1145687.50,32768,10,true,true,OK
RNGLR,12822,12822,11088208.50,70187.50,16384,20,true,true,OK
BRNGLR,12822,12822,9833041.50,38521.00,16384,20,true,true,OK
CYK,12822,12822,0.00,0.00,0,0,false,false,TIMEOUT
LL,12822,12822,0.00,0.00,0,0,false,false,CONFLICT
LR,12822,12822,3616313.00,8020.50,16384,20,true,true,OK
Leo,13249,13249,253281979.50,374125.00,16384,10,true,true,OK
GLL,13249,13249,228282291.50,9335708.50,81920,10,true,true,OK
RNGLR,13249,13249,11248104.50,46062.50,16384,20,true,true,OK
BRNGLR,13249,13249,10158542.00,56729.00,16384,20,true,true,OK
CYK,13249,13249,0.00,0.00,0,0,false,false,TIMEOUT
LL,13249,13249,0.00,0.00,0,0,false,false,CONFLICT
LR,13249,13249,3747542.00,13103.50,16384,20,true,true,OK
Leo,13845,13845,261363541.00,306666.50,32768,10,true,true,OK
GLL,13845,13845,234101563.00,8481291.50,16384,10,true,true,OK
RNGLR,13845,13845,11759187.50,17104.50,16384,20,true,true,OK
BRNGLR,13845,13845,10529312.00,29854.50,16384,20,true,true,OK
CYK,13845,13845,0.00,0.00,0,0,false,false,TIMEOUT
LL,13845,13845,0.00,0.00,0,0,false,false,CONFLICT
LR,13845,13845,3901062.50,11125.00,16384,20,true,true,OK
Leo,14055,14055,227216854.00,311916.50,16384,10,true,true,OK
GLL,14055,14055,107658958.50,849521.00,16384,10,true,true,OK
RNGLR,14055,14055,12053104.00,46458.50,16384,20,true,true,OK
BRNGLR,14055,14055,10766563.00,34458.50,16384,20,true,true,OK
CYK,14055,14055,0.00,0.00,0,0,false,false,TIMEOUT
LL,14055,14055,0.00,0.00,0,0,false,false,CONFLICT
LR,14055,14055,3973521.00,9687.50,16384,20,true,true,OK
Leo,14154,14154,276499875.00,327479.00,16384,10,true,true,OK
GLL,14154,14154,283160396.00,34538187.50,16384,10,true,true,OK
RNGLR,14154,14154,12097666.50,66167.00,16384,20,true,true,OK
BRNGLR,14154,14154,10722479.50,43958.50,16384,20,true,true,OK
CYK,14154,14154,0.00,0.00,0,0,false,false,TIMEOUT
LL,14154,14154,0.00,0.00,0,0,false,false,CONFLICT
LR,14154,14154,3998771.00,13479.50,16384,20,true,true,OK
Leo,14266,14266,278322479.50,199000.00,16384,10,true,true,OK
GLL,14266,14266,319128458.50,1155583.50,16384,10,true,true,OK
RNGLR,14266,14266,12060375.50,36917.00,16384,20,true,true,OK
BRNGLR,14266,14266,10751250.00,64750.00,16384,20,true,true,OK
CYK,14266,14266,0.00,0.00,0,0,false,false,TIMEOUT
LL,14266,14266,0.00,0.00,0,0,false,false,CONFLICT
LR,14266,14266,4017458.00,16312.50,16384,20,true,true,OK
Leo,14397,14397,283882708.00,454749.50,16384,10,true,true,OK
GLL,14397,14397,292879458.50,1385937.00,16384,10,true,true,OK
RNGLR,14397,14397,12171958.00,68229.00,16384,20,true,true,OK
BRNGLR,14397,14397,10923687.50,30646.00,16384,20,true,true,OK
CYK,14397,14397,0.00,0.00,0,0,false,false,TIMEOUT
LL,14397,14397,0.00,0.00,0,0,false,false,CONFLICT
LR,14397,14397,4063958.50,10375.00,16384,20,true,true,OK
Leo,14707,14707,291735437.50,292041.50,16384,10,true,true,OK
GLL,14707,14707,323395479.50,10632937.50,16384,10,true,true,OK
RNGLR,14707,14707,12666417.00,41354.00,16384,20,true,true,OK
BRNGLR,14707,14707,11128937.50,156104.00,16384,20,true,true,OK
CYK,14707,14707,0.00,0.00,0,0,false,false,TIMEOUT
LL,14707,14707,0.00,0.00,0,0,false,false,CONFLICT
LR,14707,14707,4152208.50,12729.50,16384,20,true,true,OK
Leo,14820,14820,300409979.50,3852542.00,16384,10,true,true,OK
GLL,14820,14820,273210541.50,11001333.50,16384,10,true,true,OK
RNGLR,14820,14820,12487625.00,30062.50,16384,20,true,true,OK
BRNGLR,14820,14820,11275958.50,66854.50,16384,20,true,true,OK
CYK,14820,14820,0.00,0.00,0,0,false,false,TIMEOUT
LL,14820,14820,0.00,0.00,0,0,false,false,CONFLICT
LR,14820,14820,4182271.00,18562.50,16384,20,true,true,OK
Leo,14821,14821,228429875.00,464812.50,16384,10,true,true,OK
GLL,14821,14821,117743520.50,992271.00,16384,10,true,true,OK
RNGLR,14821,14821,12634312.50,48708.00,16384,20,true,true,OK
BRNGLR,14821,14821,11220896.00,37145.50,16384,20,true,true,OK
CYK,14821,14821,0.00,0.00,0,0,false,false,TIMEOUT
LL,14821,14821,0.00,0.00,0,0,false,false,CONFLICT
LR,14821,14821,4186875.00,16916.50,16384,20,true,true,OK
Leo,15018,15018,297507271.00,339292.00,16384,10,true,true,OK
GLL,15018,15018,325123083.50,493042.00,16384,10,true,true,OK
RNGLR,15018,15018,12638979.50,34437.00,16384,20,true,true,OK
BRNGLR,15018,15018,11455521.00,60167.00,16384,20,true,true,OK
CYK,15018,15018,0.00,0.00,0,0,false,false,TIMEOUT
LL,15018,15018,0.00,0.00,0,0,false,false,CONFLICT
LR,15018,15018,4235333.00,16458.50,16384,20,true,true,OK
Leo,15187,15187,279939104.00,4336791.50,16384,10,true,true,OK
GLL,15187,15187,208081125.00,20152937.50,16384,10,true,true,OK
RNGLR,15187,15187,13562854.50,97395.50,16384,20,true,true,OK
BRNGLR,15187,15187,12111417.00,127042.00,16384,20,true,true,OK
CYK,15187,15187,0.00,0.00,0,0,false,false,TIMEOUT
LL,15187,15187,0.00,0.00,0,0,false,false,CONFLICT
LR,15187,15187,4321833.50,26417.00,16384,20,true,true,OK
Leo,15368,15368,307786958.00,547021.00,16384,10,true,true,OK
GLL,15368,15368,277702771.00,995542.00,16384,10,true,true,OK
RNGLR,15368,15368,13121771.00,54771.00,16384,20,true,true,OK
BRNGLR,15368,15368,11439895.50,35645.50,16384,20,true,true,OK
CYK,15368,15368,0.00,0.00,0,0,false,false,TIMEOUT
LL,15368,15368,0.00,0.00,0,0,false,false,CONFLICT
LR,15368,15368,4334813.00,12501.00,16384,20,true,true,OK
Leo,15494,15494,312413896.00,1288896.00,16384,10,true,true,OK
GLL,15494,15494,294577604.00,983729.00,16384,10,true,true,OK
RNGLR,15494,15494,12982687.50,36875.00,16384,20,true,true,OK
BRNGLR,15494,15494,11781020.50,43333.00,16384,20,true,true,OK
CYK,15494,15494,0.00,0.00,0,0,false,false,TIMEOUT
LL,15494,15494,0.00,0.00,0,0,false,false,CONFLICT
LR,15494,15494,4355687.50,9562.50,16384,20,true,true,OK
Leo,15565,15565,313597062.50,362166.50,16384,10,true,true,OK
GLL,15565,15565,308718208.50,22765312.50,16384,10,true,true,OK
RNGLR,15565,15565,13404500.00,52895.50,16384,20,true,true,OK
BRNGLR,15565,15565,11612708.50,34125.00,16384,20,true,true,OK
CYK,15565,15565,0.00,0.00,0,0,false,false,TIMEOUT
LL,15565,15565,0.00,0.00,0,0,false,false,CONFLICT
LR,15565,15565,4385292.00,14687.50,16384,20,true,true,OK
Leo,15630,15630,314947750.00,529854.00,16384,10,true,true,OK
GLL,15630,15630,341143645.50,28947542.00,16384,10,true,true,OK
RNGLR,15630,15630,13403541.50,59521.00,16384,20,true,true,OK
BRNGLR,15630,15630,11689291.50,54542.00,16384,20,true,true,OK
CYK,15630,15630,0.00,0.00,0,0,false,false,TIMEOUT
LL,15630,15630,0.00,0.00,0,0,false,false,CONFLICT
LR,15630,15630,4405979.00,12937.00,16384,20,true,true,OK
Leo,15861,15861,322285041.50,1751291.50,16384,10,true,true,OK
GLL,15861,15861,372012271.00,12063687.50,16384,10,true,true,OK
RNGLR,15861,15861,13618354.00,77375.00,16384,20,true,true,OK
BRNGLR,15861,15861,11816062.00,34541.50,16384,20,true,true,OK
CYK,15861,15861,0.00,0.00,0,0,false,false,TIMEOUT
LL,15861,15861,0.00,0.00,0,0,false,false,CONFLICT
LR,15861,15861,4466771.00,13833.50,16384,20,true,true,OK
Leo,16096,16096,263154562.50,461041.50,16384,10,true,true,OK
GLL,16096,16096,150114979.50,6985916.50,16384,10,true,true,OK
RNGLR,16096,16096,13734979.00,51500.00,16384,20,true,true,OK
BRNGLR,16096,16096,12236896.00,61104.50,16384,20,true,true,OK
CYK,16096,16096,0.00,0.00,0,0,false,false,TIMEOUT
LL,16096,16096,0.00,0.00,0,0,false,false,CONFLICT
LR,16096,16096,4546458.50,15479.00,16384,20,true,true,OK
Leo,16698,16698,342971187.50,242854.00,16384,10,true,true,OK
GLL,16698,16698,412647791.50,1446583.50,16384,10,true,true,OK
RNGLR,16698,16698,14301000.00,59479.50,16384,20,true,true,OK
BRNGLR,16698,16698,12693291.50,60333.50,16384,20,true,true,OK
CYK,16698,16698,0.00,0.00,0,0,false,false,TIMEOUT
LL,16698,16698,0.00,0.00,0,0,false,false,CONFLICT
LR,16698,16698,4715813.00,15395.50,16384,20,true,true,OK
Leo,16973,16973,350155208.50,349812.50,16384,10,true,true,OK
GLL,16973,16973,413093375.00,2488479.00,16384,10,true,true,OK
RNGLR,16973,16973,14314812.50,38937.50,16384,20,true,true,OK
BRNGLR,16973,16973,12672208.50,63917.00,16384,20,true,true,OK
CYK,16973,16973,0.00,0.00,0,0,false,false,TIMEOUT
LL,16973,16973,0.00,0.00,0,0,false,false,CONFLICT
LR,16973,16973,4774521.00,14208.50,16384,20,true,true,OK
Leo,17274,17274,359578458.50,424083.50,16384,10,true,true,OK
GLL,17274,17274,394512333.50,61164500.00,16384,10,true,true,OK
RNGLR,17274,17274,14843709.00,46958.50,16384,20,true,true,OK
BRNGLR,17274,17274,13147020.50,73582.50,16384,20,true,true,OK
CYK,17274,17274,0.00,0.00,0,0,false,false,TIMEOUT
LL,17274,17274,0.00,0.00,0,0,false,false,CONFLICT
LR,17274,17274,4865791.50,15792.00,16384,20,true,true,OK
Leo,17444,17444,301123354.00,533750.00,16384,10,true,true,OK
GLL,17444,17444,211581583.50,16471354.00,16384,10,true,true,OK
RNGLR,17444,17444,15047583.50,57729.00,16384,20,true,true,OK
BRNGLR,17444,17444,13135250.00,34437.50,16384,20,true,true,OK
CYK,17444,17444,0.00,0.00,0,0,false,false,TIMEOUT
LL,17444,17444,0.00,0.00,0,0,false,false,CONFLICT
LR,17444,17444,4913021.00,9104.00,16384,20,true,true,OK
Leo,17664,17664,362479999.50,302749.50,16384,10,true,true,OK
GLL,17664,17664,385355333.00,2654687.50,16384,10,true,true,OK
RNGLR,17664,17664,15207416.50,52667.00,16384,20,true,true,OK
BRNGLR,17664,17664,13527041.50,72479.00,16384,20,true,true,OK
CYK,17664,17664,0.00,0.00,0,0,false,false,TIMEOUT
LL,17664,17664,0.00,0.00,0,0,false,false,CONFLICT
LR,17664,17664,4995145.50,11166.50,16384,20,true,true,OK
Leo,17703,17703,331614875.00,486292.00,16384,10,true,true,OK
GLL,17703,17703,283512896.00,7310271.00,16384,10,true,true,OK
RNGLR,17703,17703,14782020.50,36062.00,16384,20,true,true,OK
BRNGLR,17703,17703,13144791.50,41542.00,16384,20,true,true,OK
CYK,17703,17703,0.00,0.00,0,0,false,false,TIMEOUT
LL,17703,17703,0.00,0.00,0,0,false,false,CONFLICT
LR,17703,17703,4988166.50,5646.00,16384,20,true,true,OK
Leo,17802,17802,306303604.00,430146.00,16384,10,true,true,OK
GLL,17802,17802,230034812.50,6353979.50,16384,10,true,true,OK
RNGLR,17802,17802,15331854.00,86979.00,16384,20,true,true,OK
BRNGLR,17802,17802,13519354.50,36520.00,16384,20,true,true,OK
CYK,17802,17802,0.00,0.00,0,0,false,false,TIMEOUT
LL,17802,17802,0.00,0.00,0,0,false,false,CONFLICT
LR,17802,17802,5032375.00,14437.50,16384,20,true,true,OK
Leo,17852,17852,299937041.50,228458.00,16384,10,true,true,OK
GLL,17852,17852,176555520.50,4520875.00,16384,10,true,true,OK
RNGLR,17852,17852,15134042.00,22437.50,16384,20,true,true,OK
BRNGLR,17852,17852,13582854.50,41937.50,16384,20,true,true,OK
CYK,17852,17852,0.00,0.00,0,0,false,false,TIMEOUT
LL,17852,17852,0.00,0.00,0,0,false,false,CONFLICT
LR,17852,17852,5022833.00,14666.50,16384,20,true,true,OK
Leo,17946,17946,294216125.00,486125.00,16384,10,true,true,OK
GLL,17946,17946,175594291.50,7117708.50,16384,10,true,true,OK
RNGLR,17946,17946,15407249.50,93020.50,16384,20,true,true,OK
BRNGLR,17946,17946,13725792.00,53896.50,16384,20,true,true,OK
CYK,17946,17946,0.00,0.00,0,0,false,false,TIMEOUT
LL,17946,17946,0.00,0.00,0,0,false,false,CONFLICT
LR,17946,17946,5073396.00,15583.00,16384,20,true,true,OK
Leo,18040,18040,296417229.00,375062.50,16384,10,true,true,OK
GLL,18040,18040,178062833.00,3112291.50,16384,10,true,true,OK
RNGLR,18040,18040,15437979.00,58541.50,16384,20,true,true,OK
BRNGLR,18040,18040,13703729.00,68208.50,16384,20,true,true,OK
CYK,18040,18040,0.00,0.00,0,0,false,false,TIMEOUT
LL,18040,18040,0.00,0.00,0,0,false,false,CONFLICT
LR,18040,18040,5083229.00,14021.00,16384,20,true,true,OK
Leo,18110,18110,378494666.50,483917.00,16384,10,true,true,OK
GLL,18110,18110,396412854.50,940833.00,16384,10,true,true,OK
RNGLR,18110,18110,15139917.00,37896.00,16384,20,true,true,OK
BRNGLR,18110,18110,13811625.00,52521.00,16384,20,true,true,OK
CYK,18110,18110,0.00,0.00,0,0,false,false,TIMEOUT
LL,18110,18110,0.00,0.00,0,0,false,false,CONFLICT
LR,18110,18110,5116041.50,20020.50,16384,20,true,true,OK
Leo,18274,18274,330789250.50,311125.50,16384,10,true,true,OK
GLL,18274,18274,239362896.00,28032833.00,16384,10,true,true,OK
RNGLR,18274,18274,15232667.00,42105.00,16384,20,true,true,OK
BRNGLR,18274,18274,13493562.00,39292.00,16384,20,true,true,OK
CYK,18274,18274,0.00,0.00,0,0,false,false,TIMEOUT
LL,18274,18274,0.00,0.00,0,0,false,false,CONFLICT
LR,18274,18274,5142938.00,6646.00,16384,20,true,true,OK
Leo,18320,18320,306712125.00,303625.00,16384,10,true,true,OK
GLL,18320,18320,166995333.50,3042979.00,16384,10,true,true,OK
RNGLR,18320,18320,15304313.00,52542.50,16384,20,true,true,OK
BRNGLR,18320,18320,13713791.50,38208.00,16384,20,true,true,OK
CYK,18320,18320,0.00,0.00,0,0,false,false,TIMEOUT
LL,18320,18320,0.00,0.00,0,0,false,false,CONFLICT
LR,18320,18320,5168146.00,12438.00,16384,20,true,true,OK
Leo,18374,18374,294499854.50,203354.50,16384,10,true,true,OK
GLL,18374,18374,190939354.50,3751270.50,16384,10,true,true,OK
RNGLR,18374,18374,15799458.50,67812.50,16384,20,true,true,OK
BRNGLR,18374,18374,13891896.00,36125.00,16384,20,true,true,OK
CYK,18374,18374,0.00,0.00,0,0,false,false,TIMEOUT
LL,18374,18374,0.00,0.00,0,0,false,false,CONFLICT
LR,18374,18374,5192333.00,21708.00,16384,20,true,true,OK
Leo,18421,18421,388008062.00,520166.50,16384,10,true,true,OK
GLL,18421,18421,420756667.00,1084417.50,16384,10,true,true,OK
RNGLR,18421,18421,15452646.00,38229.00,16384,20,true,true,OK
BRNGLR,18421,18421,13714021.00,25833.00,16384,20,true,true,OK
CYK,18421,18421,0.00,0.00,0,0,false,false,TIMEOUT
LL,18421,18421,0.00,0.00,0,0,false,false,CONFLICT
LR,18421,18421,5196979.00,19583.50,16384,20,true,true,OK
Leo,18485,18485,285312354.00,264520.50,16384,10,true,true,OK
GLL,18485,18485,138856583.00,5092896.50,16384,10,true,true,OK
RNGLR,18485,18485,15800959.00,26500.00,16384,20,true,true,OK
BRNGLR,18485,18485,14344854.00,46708.50,16384,20,true,true,OK
CYK,18485,18485,0.00,0.00,0,0,false,false,TIMEOUT
LL,18485,18485,0.00,0.00,0,0,false,false,CONFLICT
LR,18485,18485,5213562.50,17104.50,16384,20,true,true,OK
Leo,18545,18545,391804021.00,603000.50,16384,10,true,true,OK
GLL,18545,18545,501957645.50,11808417.00,16384,10,true,true,OK
RNGLR,18545,18545,15539687.50,39229.50,16384,20,true,true,OK
BRNGLR,18545,18545,14149417.00,39604.00,16384,20,true,true,OK
CYK,18545,18545,0.00,0.00,0,0,false,false,TIMEOUT
LL,18545,18545,0.00,0.00,0,0,false,false,CONFLICT
LR,18545,18545,5236729.00,15125.00,16384,20,true,true,OK
Leo,18661,18661,325068791.50,144521.00,16384,10,true,true,OK
GLL,18661,18661,236005750.50,10253646.00,16384,10,true,true,OK
RNGLR,18661,18661,15962125.00,75959.00,16384,20,true,true,OK
BRNGLR,18661,18661,13929729.00,45083.50,16384,20,true,true,OK
CYK,18661,18661,0.00,0.00,0,0,false,false,TIMEOUT
LL,18661,18661,0.00,0.00,0,0,false,false,CONFLICT
LR,18661,18661,5270396.00,18458.50,16384,20,true,true,OK
Leo,18834,18834,399514396.00,554375.00,16384,10,true,true,OK
GLL,18834,18834,529103875.00,21236479.50,16384,10,true,true,OK
RNGLR,18834,18834,16205208.50,68354.50,16384,20,true,true,OK
BRNGLR,18834,18834,14341562.00,49812.00,16384,20,true,true,OK
CYK,18834,18834,0.00,0.00,0,0,false,false,TIMEOUT
LL,18834,18834,0.00,0.00,0,0,false,false,CONFLICT
LR,18834,18834,5334958.00,22125.00,16384,20,true,true,OK
Leo,18966,18966,404734541.50,246166.50,16384,10,true,true,OK
GLL,18966,18966,485477520.50,36506792.00,16384,10,true,true,OK
RNGLR,18966,18966,16030208.50,50041.50,16384,20,true,true,OK
BRNGLR,18966,18966,14520958.50,69145.50,16384,20,true,true,OK
CYK,18966,18966,0.00,0.00,0,0,false,false,TIMEOUT
LL,18966,18966,0.00,0.00,0,0,false,false,CONFLICT
LR,18966,18966,5352937.00,21479.00,16384,20,true,true,OK
Leo,18991,18991,403956541.50,255749.50,16384,10,true,true,OK
GLL,18991,18991,481137291.50,23263792.00,16384,10,true,true,OK
RNGLR,18991,18991,15971375.00,34999.50,16384,20,true,true,OK
BRNGLR,18991,18991,14566458.00,51771.00,16384,20,true,true,OK
CYK,18991,18991,0.00,0.00,0,0,false,false,TIMEOUT
LL,18991,18991,0.00,0.00,0,0,false,false,CONFLICT
LR,18991,18991,5360333.50,14104.00,16384,20,true,true,OK
Leo,19394,19394,307653416.50,574854.00,16384,10,true,true,OK
GLL,19394,19394,161784833.50,6976437.50,16384,10,true,true,OK
RNGLR,19394,19394,17477791.50,51854.00,16384,20,true,true,OK
BRNGLR,19394,19394,15824895.50,63500.00,16384,20,true,true,OK
CYK,19394,19394,0.00,0.00,0,0,false,false,TIMEOUT
LL,19394,19394,0.00,0.00,0,0,false,false,CONFLICT
LR,19394,19394,5472166.50,13708.00,16384,20,true,true,OK
Leo,19422,19422,396335895.50,448541.00,32768,10,true,true,OK
GLL,19422,19422,458013729.50,47804208.00,16384,10,true,true,OK
RNGLR,19422,19422,17769166.50,65292.00,16384,20,true,true,OK
BRNGLR,19422,19422,15765208.50,46500.00,16384,20,true,true,OK
CYK,19422,19422,0.00,0.00,0,0,false,false,TIMEOUT
LL,19422,19422,0.00,0.00,0,0,false,false,CONFLICT
LR,19422,19422,5493187.00,22520.50,16384,20,true,true,OK
Leo,19622,19622,393039896.00,946479.00,16384,10,true,true,OK
GLL,19622,19622,352944854.00,7868479.50,16384,10,true,true,OK
RNGLR,19622,19622,17487291.50,23791.00,16384,20,true,true,OK
BRNGLR,19622,19622,15340604.50,34312.00,16384,20,true,true,OK
CYK,19622,19622,0.00,0.00,0,0,false,false,TIMEOUT
LL,19622,19622,0.00,0.00,0,0,false,false,CONFLICT
LR,19622,19622,5545812.50,11458.50,16384,20,true,true,OK
Leo,19651,19651,364485250.00,728333.50,16384,10,true,true,OK
GLL,19651,19651,198200500.00,833187.50,16384,10,true,true,OK
RNGLR,19651,19651,17178458.50,49646.00,16384,20,true,true,OK
BRNGLR,19651,19651,15614895.50,29292.00,16384,20,true,true,OK
CYK,19651,19651,0.00,0.00,0,0,false,false,TIMEOUT
LL,19651,19651,0.00,0.00,0,0,false,false,CONFLICT
LR,19651,19651,5541666.50,11521.50,16384,20,true,true,OK
Leo,19732,19732,403424208.50,628354.50,16384,10,true,true,OK
GLL,19732,19732,305766083.00,814479.00,16384,10,true,true,OK
RNGLR,19732,19732,17471792.00,39396.00,16384,20,true,true,OK
BRNGLR,19732,19732,15464020.50,39437.50,16384,20,true,true,OK
CYK,19732,19732,0.00,0.00,0,0,false,false,TIMEOUT
LL,19732,19732,0.00,0.00,0,0,false,false,CONFLICT
LR,19732,19732,5586208.50,19437.00,16384,20,true,true,OK
Leo,20121,20121,468929292.00,670417.00,16384,10,true,true,OK
GLL,20121,20121,519837834.00,5058917.50,16384,10,true,true,OK
RNGLR,20121,20121,17448229.50,49041.50,16384,20,true,true,OK
BRNGLR,20121,20121,16170416.50,43479.50,16384,20,true,true,OK
CYK,20121,20121,0.00,0.00,0,0,false,false,TIMEOUT
LL,20121,20121,0.00,0.00,0,0,false,false,CONFLICT
LR,20121,20121,5675520.50,14354.50,16384,20,true,true,OK
Leo,20169,20169,382920937.50,938313.00,16384,10,true,true,OK
GLL,20169,20169,231530749.50,4734396.50,16384,10,true,true,OK
RNGLR,20169,20169,18263479.00,66958.50,16384,20,true,true,OK
BRNGLR,20169,20169,16282375.00,79896.00,16384,20,true,true,OK
CYK,20169,20169,0.00,0.00,0,0,false,false,TIMEOUT
LL,20169,20169,0.00,0.00,0,0,false,false,CONFLICT
LR,20169,20169,5681708.50,11500.50,16384,20,true,true,OK
Leo,20584,20584,475861375.00,360666.50,32768,10,true,true,OK
GLL,20584,20584,581172542.00,1973582.50,16384,10,true,true,OK
RNGLR,20584,20584,17869021.00,48396.00,16384,20,true,true,OK
BRNGLR,20584,20584,16558020.50,57604.00,16384,20,true,true,OK
CYK,20584,20584,0.00,0.00,0,0,false,false,TIMEOUT
LL,20584,20584,0.00,0.00,0,0,false,false,CONFLICT
LR,20584,20584,5811709.00,17229.50,16384,20,true,true,OK
Leo,20829,20829,432718250.00,1861271.00,16384,10,true,true,OK
GLL,20829,20829,384843500.00,8655666.50,16384,10,true,true,OK
RNGLR,20829,20829,18040395.50,58166.50,16384,20,true,true,OK
BRNGLR,20829,20829,16163479.00,69104.00,16384,20,true,true,OK
CYK,20829,20829,0.00,0.00,0,0,false,false,TIMEOUT
LL,20829,20829,0.00,0.00,0,0,false,false,CONFLICT
LR,20829,20829,5881146.00,13291.50,16384,20,true,true,OK
Leo,21014,21014,396515979.00,1070875.00,16384,10,true,true,OK
GLL,21014,21014,228710771.00,13356896.00,16384,10,true,true,OK
RNGLR,21014,21014,18750770.50,69583.50,16384,20,true,true,OK
BRNGLR,21014,21014,16201396.00,32500.00,16384,20,true,true,OK
CYK,21014,21014,0.00,0.00,0,0,false,false,TIMEOUT
LL,21014,21014,0.00,0.00,0,0,false,false,CONFLICT
LR,21014,21014,5913062.50,15979.50,16384,20,true,true,OK
Leo,21084,21084,383075104.00,712458.00,16384,10,true,true,OK
GLL,21084,21084,211187729.50,11505979.50,16384,10,true,true,OK
RNGLR,21084,21084,19137895.50,60958.50,16384,20,true,true,OK
BRNGLR,21084,21084,17123437.50,89104.00,16384,20,true,true,OK
CYK,21084,21084,0.00,0.00,0,0,false,false,TIMEOUT
LL,21084,21084,0.00,0.00,0,0,false,false,CONFLICT
LR,21084,21084,5940979.50,15541.50,16384,20,true,true,OK
Leo,21705,21705,511590687.00,2096958.50,16384,10,true,true,OK
GLL,21705,21705,720527562.50,2629312.50,16384,10,true,true,OK
RNGLR,21705,21705,19603542.00,90813.00,16384,20,true,true,OK
BRNGLR,21705,21705,16764354.50,59354.00,16384,20,true,true,OK
CYK,21705,21705,0.00,0.00,0,0,false,false,TIMEOUT
LL,21705,21705,0.00,0.00,0,0,false,false,CONFLICT
LR,21705,21705,6125021.00,17021.50,16384,20,true,true,OK
Leo,22315,22315,460256208.50,920479.00,16384,10,true,true,OK
GLL,22315,22315,345621458.50,9150521.00,16384,10,true,true,OK
RNGLR,22315,22315,21248333.00,95729.50,16384,20,true,true,OK
BRNGLR,22315,22315,20219041.50,53562.50,16384,20,true,true,OK
CYK,22315,22315,0.00,0.00,0,0,false,false,TIMEOUT
LL,22315,22315,0.00,0.00,0,0,false,false,CONFLICT
LR,22315,22315,6291791.50,7958.50,16384,20,true,true,OK
Leo,22484,22484,481998021.00,627979.00,16384,10,true,true,OK
GLL,22484,22484,411734521.00,13312791.00,16384,10,true,true,OK
RNGLR,22484,22484,20972708.50,65167.00,3276800,20,true,true,OK
BRNGLR,22484,22484,18638396.00,144562.50,3260416,20,true,true,OK
CYK,22484,22484,0.00,0.00,0,0,false,false,TIMEOUT
LL,22484,22484,0.00,0.00,0,0,false,false,CONFLICT
LR,22484,22484,6330791.00,17103.50,16384,20,true,true,OK
Leo,22646,22646,547456812.50,1112229.00,16384,10,true,true,OK
GLL,22646,22646,719108604.50,38614333.00,16384,10,true,true,OK
RNGLR,22646,22646,22325583.00,96354.50,3293184,20,true,true,OK
BRNGLR,22646,22646,20174854.50,34791.50,16384,20,true,true,OK
CYK,22646,22646,0.00,0.00,0,0,false,false,TIMEOUT
LL,22646,22646,0.00,0.00,0,0,false,false,CONFLICT
LR,22646,22646,6403687.50,32521.00,16384,20,true,true,OK
Leo,22712,22712,474533020.50,484791.50,1179648,10,true,true,OK
GLL,22712,22712,393587999.50,647437.00,16384,10,true,true,OK
RNGLR,22712,22712,22152146.50,52187.50,16384,20,true,true,OK
BRNGLR,22712,22712,20072250.00,76478.50,16384,20,true,true,OK
CYK,22712,22712,0.00,0.00,0,0,false,false,TIMEOUT
LL,22712,22712,0.00,0.00,0,0,false,false,CONFLICT
LR,22712,22712,6404062.50,20291.50,16384,20,true,true,OK
Leo,22855,22855,447761479.00,1209896.00,1163264,10,true,true,OK
GLL,22855,22855,299027646.00,37351124.50,16384,10,true,true,OK
RNGLR,22855,22855,22763042.00,35125.00,16384,20,true,true,OK
BRNGLR,22855,22855,20465625.00,70875.00,16384,20,true,true,OK
CYK,22855,22855,0.00,0.00,0,0,false,false,TIMEOUT
LL,22855,22855,0.00,0.00,0,0,false,false,CONFLICT
LR,22855,22855,6447375.50,13249.50,16384,20,true,true,OK
Leo,24004,24004,583146895.50,931958.00,16384,10,true,true,OK
GLL,24004,24004,852042854.00,9169000.00,16384,10,true,true,OK
RNGLR,24004,24004,23443958.50,64937.50,16384,20,true,true,OK
BRNGLR,24004,24004,20266479.00,57854.50,16384,20,true,true,OK
CYK,24004,24004,0.00,0.00,0,0,false,false,TIMEOUT
LL,24004,24004,0.00,0.00,0,0,false,false,CONFLICT
LR,24004,24004,6770291.50,13562.50,16384,20,true,true,OK
Leo,24219,24219,599042625.00,962458.50,32768,10,true,true,OK
GLL,24219,24219,841696770.50,27790813.00,16384,10,true,true,OK
RNGLR,24219,24219,22707770.50,70792.00,16384,20,true,true,OK
BRNGLR,24219,24219,20406437.50,96708.50,16384,20,true,true,OK
CYK,24219,24219,0.00,0.00,0,0,false,false,TIMEOUT
LL,24219,24219,0.00,0.00,0,0,false,false,CONFLICT
LR,24219,24219,6826250.00,19249.50,16384,20,true,true,OK
Leo,24457,24457,610969791.00,889041.00,16384,10,true,true,OK
GLL,24457,24457,853489999.50,31330916.50,16384,10,true,true,OK
RNGLR,24457,24457,23013270.50,76354.00,16384,20,true,true,OK
BRNGLR,24457,24457,21702292.00,62333.50,16384,20,true,true,OK
CYK,24457,24457,0.00,0.00,0,0,false,false,TIMEOUT
LL,24457,24457,0.00,0.00,0,0,false,false,CONFLICT
LR,24457,24457,6901145.50,10521.50,16384,20,true,true,OK
Leo,25742,25742,513870541.50,3149750.00,16384,10,true,true,OK
GLL,25742,25742,365371521.50,19162312.00,16384,10,true,true,OK
RNGLR,25742,25742,24538083.50,55271.00,16384,20,true,true,OK
BRNGLR,25742,25742,21980125.00,35187.50,16384,20,true,true,OK
CYK,25742,25742,0.00,0.00,0,0,false,false,TIMEOUT
LL,25742,25742,0.00,0.00,0,0,false,false,CONFLICT
LR,25742,25742,7280416.50,17812.50,16384,20,true,true,OK
Leo,25868,25868,653839500.00,1776083.50,32768,10,true,true,OK
GLL,25868,25868,1026736687.50,8175792.00,16384,10,true,true,OK
RNGLR,25868,25868,24046958.50,97937.50,16384,20,true,true,OK
BRNGLR,25868,25868,21616813.00,75729.50,16384,20,true,true,OK
CYK,25868,25868,0.00,0.00,0,0,false,false,TIMEOUT
LL,25868,25868,0.00,0.00,0,0,false,false,CONFLICT
LR,25868,25868,7314437.50,17562.50,16384,20,true,true,OK
Leo,26882,26882,630852813.00,186251.00,16384,10,true,true,OK
GLL,26882,26882,0.00,0.00,0,0,false,false,TIMEOUT
RNGLR,26882,26882,26131333.50,80687.50,16384,20,true,true,OK
BRNGLR,26882,26882,23486812.50,30500.00,16384,20,true,true,OK
CYK,26882,26882,0.00,0.00,0,0,false,false,TIMEOUT
LL,26882,26882,0.00,0.00,0,0,false,false,CONFLICT
LR,26882,26882,7600917.00,23771.00,16384,20,true,true,OK
Leo,27038,27038,695753500.00,1451937.00,32768,10,true,true,OK
GLL,27038,27038,0.00,0.00,0,0,false,false,TIMEOUT
RNGLR,27038,27038,25145604.00,68375.50,16384,20,true,true,OK
BRNGLR,27038,27038,23632646.00,77604.50,16384,20,true,true,OK
CYK,27038,27038,0.00,0.00,0,0,false,false,TIMEOUT
LL,27038,27038,0.00,0.00,0,0,false,false,CONFLICT
LR,27038,27038,7668000.00,44417.00,16384,20,true,true,OK
Leo,27372,27372,709831083.50,971979.00,16384,10,true,true,OK
GLL,27372,27372,0.00,0.00,0,0,false,false,TIMEOUT
RNGLR,27372,27372,26558542.00,75125.00,16384,19,true,true,OK
BRNGLR,27372,27372,22634479.50,52458.50,16384,20,true,true,OK
CYK,27372,27372,0.00,0.00,0,0,false,false,TIMEOUT
LL,27372,27372,0.00,0.00,0,0,false,false,CONFLICT
LR,27372,27372,7783625.00,32770.50,16384,20,true,true,OK
Leo,28049,28049,478218583.50,8644959.00,16384,10,true,true,OK
GLL,28049,28049,0.00,0.00,0,0,false,false,TIMEOUT
RNGLR,28049,28049,27462166.00,222749.00,16384,19,true,true,OK
BRNGLR,28049,28049,24210375.00,58312.50,16384,20,true,true,OK
CYK,28049,28049,0.00,0.00,0,0,false,false,TIMEOUT
LL,28049,28049,0.00,0.00,0,0,false,false,CONFLICT
LR,28049,28049,7934395.50,16145.50,16384,20,true,true,OK
Leo,28606,28606,599725604.00,6885167.00,16384,10,true,true,OK
GLL,28606,28606,0.00,0.00,0,0,false,false,TIMEOUT
RNGLR,28606,28606,27601709.00,54375.00,16384,19,true,true,OK
BRNGLR,28606,28606,23798542.00,55396.00,16384,20,true,true,OK
CYK,28606,28606,0.00,0.00,0,0,false,false,TIMEOUT
LL,28606,28606,0.00,0.00,0,0,false,false,CONFLICT
LR,28606,28606,8095624.50,9895.50,16384,20,true,true,OK
Leo,28745,28745,752279125.00,1614916.50,32768,10,true,true,OK
GLL,28745,28745,0.00,0.00,0,0,false,false,TIMEOUT
RNGLR,28745,28745,26491666.00,46209.00,16384,19,true,true,OK
BRNGLR,28745,28745,23775354.50,78958.50,16384,20,true,true,OK
CYK,28745,28745,0.00,0.00,0,0,false,false,TIMEOUT
LL,28745,28745,0.00,0.00,0,0,false,false,CONFLICT
LR,28745,28745,8138354.00,14084.00,16384,20,true,true,OK
Leo,29176,29176,768980542.00,335333.50,16384,10,true,true,OK
GLL,29176,29176,0.00,0.00,0,0,false,false,TIMEOUT
RNGLR,29176,29176,28093438.00,95521.00,16384,18,true,true,OK
BRNGLR,29176,29176,25439125.00,68250.00,16384,20,true,true,OK
CYK,29176,29176,0.00,0.00,0,0,false,false,TIMEOUT
LL,29176,29176,0.00,0.00,0,0,false,false,CONFLICT
LR,29176,29176,8236395.50,10938.00,16384,20,true,true,OK
Leo,29675,29675,789193458.50,816187.50,16384,10,true,true,OK
GLL,29675,29675,0.00,0.00,0,0,false,false,TIMEOUT
RNGLR,29675,29675,27296541.00,57999.00,16384,19,true,true,OK
BRNGLR,29675,29675,24343583.00,30271.00,16384,20,true,true,OK
CYK,29675,29675,0.00,0.00,0,0,false,false,TIMEOUT
LL,29675,29675,0.00,0.00,0,0,false,false,CONFLICT
LR,29675,29675,8393562.50,17666.00,16384,20,true,true,OK
Leo,29695,29695,785760208.50,839896.00,16384,10,true,true,OK
GLL,29695,29695,0.00,0.00,0,0,false,false,TIMEOUT
RNGLR,29695,29695,27230333.00,75375.00,16384,19,true,true,OK
BRNGLR,29695,29695,24447875.00,121062.50,16384,20,true,true,OK
CYK,29695,29695,0.00,0.00,0,0,false,false,TIMEOUT
LL,29695,29695,0.00,0.00,0,0,false,false,CONFLICT
LR,29695,29695,8403063.00,23437.50,16384,20,true,true,OK
Leo,29980,29980,605236625.00,2462666.50,16384,10,true,true,OK
GLL,29980,29980,0.00,0.00,0,0,false,false,TIMEOUT
RNGLR,29980,29980,29498709.00,67500.00,16384,17,true,true,OK
BRNGLR,29980,29980,26702583.00,85626.00,16384,19,true,true,OK
CYK,29980,29980,0.00,0.00,0,0,false,false,TIMEOUT
LL,29980,29980,0.00,0.00,0,0,false,false,CONFLICT
LR,29980,29980,8462083.00,10812.50,16384,20,true,true,OK
Leo,30312,30312,582253625.00,417437.50,16384,10,true,true,OK
GLL,30312,30312,0.00,0.00,0,0,false,false,TIMEOUT
RNGLR,30312,30312,28885166.50,110604.00,16384,18,true,true,OK
BRNGLR,30312,30312,26836125.00,73583.00,16384,19,true,true,OK
CYK,30312,30312,0.00,0.00,0,0,false,false,TIMEOUT
LL,30312,30312,0.00,0.00,0,0,false,false,CONFLICT
LR,30312,30312,8539812.50,17875.50,16384,20,true,true,OK
Leo,31124,31124,838434604.00,1237479.00,16384,10,true,true,OK
GLL,31124,31124,0.00,0.00,0,0,false,false,TIMEOUT
RNGLR,31124,31124,29924125.00,104667.00,16384,17,true,true,OK
BRNGLR,31124,31124,26937542.00,48874.00,16384,19,true,true,OK
CYK,31124,31124,0.00,0.00,0,0,false,false,TIMEOUT
LL,31124,31124,0.00,0.00,0,0,false,false,CONFLICT
LR,31124,31124,8793646.00,17582.50,16384,20,true,true,OK
Leo,32447,32447,723885166.50,408458.50,32768,10,true,true,OK
GLL,32447,32447,0.00,0.00,0,0,false,false,TIMEOUT
RNGLR,32447,32447,30480000.00,104000.00,16384,17,true,true,OK
BRNGLR,32447,32447,27813458.50,77250.00,16384,18,true,true,OK
CYK,32447,32447,0.00,0.00,0,0,false,false,TIMEOUT
LL,32447,32447,0.00,0.00,0,0,false,false,CONFLICT
LR,32447,32447,9174354.00,13645.50,16384,20,true,true,OK
Leo,32518,32518,892302833.50,1435146.50,16384,10,true,true,OK
GLL,32518,32518,0.00,0.00,0,0,false,false,TIMEOUT
RNGLR,32518,32518,31094250.00,104042.00,16384,17,true,true,OK
BRNGLR,32518,32518,27935750.00,97166.50,16384,18,true,true,OK
CYK,32518,32518,0.00,0.00,0,0,false,false,TIMEOUT
LL,32518,32518,0.00,0.00,0,0,false,false,CONFLICT
LR,32518,32518,9223354.00,20937.50,16384,20,true,true,OK
Leo,33273,33273,694694020.50,1232125.00,16384,10,true,true,OK
GLL,33273,33273,0.00,0.00,0,0,false,false,TIMEOUT
RNGLR,33273,33273,32542354.50,68229.00,16384,16,true,true,OK
BRNGLR,33273,33273,28222833.00,62895.50,16384,18,true,true,OK
CYK,33273,33273,0.00,0.00,0,0,false,false,TIMEOUT
LL,33273,33273,0.00,0.00,0,0,false,false,CONFLICT
LR,33273,33273,9422958.00,22146.50,16384,20,true,true,OK
Leo,33473,33473,643177396.00,1302625.50,16384,10,true,true,OK
GLL,33473,33473,0.00,0.00,0,0,false,false,TIMEOUT
RNGLR,33473,33473,32048104.50,30353.50,16384,16,true,true,OK
BRNGLR,33473,33473,28964479.50,96521.00,16384,18,true,true,OK
CYK,33473,33473,0.00,0.00,0,0,false,false,TIMEOUT
LL,33473,33473,0.00,0.00,0,0,false,false,CONFLICT
LR,33473,33473,9465396.00,16146.00,16384,20,true,true,OK
Leo,33892,33892,901937000.00,1583645.50,32768,10,true,true,OK
GLL,33892,33892,0.00,0.00,0,0,false,false,TIMEOUT
RNGLR,33892,33892,32510854.50,98271.00,16384,16,true,true,OK
BRNGLR,33892,33892,27557458.00,79666.00,16384,19,true,true,OK
CYK,33892,33892,0.00,0.00,0,0,false,false,TIMEOUT
LL,33892,33892,0.00,0.00,0,0,false,false,CONFLICT
LR,33892,33892,9584063.00,26479.00,16384,20,true,true,OK
Leo,34288,34288,740354708.50,1994479.00,16384,10,true,true,OK
GLL,34288,34288,0.00,0.00,0,0,false,false,TIMEOUT
RNGLR,34288,34288,31412354.00,74312.50,16384,16,true,true,OK
BRNGLR,34288,34288,28794979.00,60063.00,16384,18,true,true,OK
CYK,34288,34288,0.00,0.00,0,0,false,false,TIMEOUT
LL,34288,34288,0.00,0.00,0,0,false,false,CONFLICT
LR,34288,34288,9724729.00,19771.00,16384,20,true,true,OK
Leo,34290,34290,961607333.00,1023771.00,16384,10,true,true,OK
GLL,34290,34290,0.00,0.00,0,0,false,false,TIMEOUT
RNGLR,34290,34290,32935375.00,72875.00,16384,16,true,true,OK
BRNGLR,34290,34290,28001667.00,241041.50,16384,18,true,true,OK
CYK,34290,34290,0.00,0.00,0,0,false,false,TIMEOUT
LL,34290,34290,0.00,0.00,0,0,false,false,CONFLICT
LR,34290,34290,9724750.00,26812.50,16384,20,true,true,OK
Leo,34577,34577,661706520.50,648874.50,16384,10,true,true,OK
GLL,34577,34577,0.00,0.00,0,0,false,false,TIMEOUT
RNGLR,34577,34577,33730458.00,28084.00,16384,15,true,true,OK
BRNGLR,34577,34577,29289917.00,44333.00,16384,17,true,true,OK
CYK,34577,34577,0.00,0.00,0,0,false,false,TIMEOUT
LL,34577,34577,0.00,0.00,0,0,false,false,CONFLICT
LR,34577,34577,9788979.50,14395.50,16384,20,true,true,OK
Leo,34982,34982,984825500.50,5703354.00,32768,10,true,true,OK
GLL,34982,34982,0.00,0.00,0,0,false,false,TIMEOUT
RNGLR,34982,34982,31659125.00,80666.50,16384,16,true,true,OK
BRNGLR,34982,34982,30116875.00,110333.00,16384,17,true,true,OK
CYK,34982,34982,0.00,0.00,0,0,false,false,TIMEOUT
LL,34982,34982,0.00,0.00,0,0,false,false,CONFLICT
LR,34982,34982,9919187.50,22770.50,16384,20,true,true,OK
Leo,35030,35030,812707437.50,2148729.00,16384,10,true,true,OK
GLL,35030,35030,0.00,0.00,0,0,false,false,TIMEOUT
RNGLR,35030,35030,33274542.00,61562.50,16384,16,true,true,OK
BRNGLR,35030,35030,30626041.00,104374.00,16384,17,true,true,OK
CYK,35030,35030,0.00,0.00,0,0,false,false,TIMEOUT
LL,35030,35030,0.00,0.00,0,0,false,false,CONFLICT
LR,35030,35030,9913583.00,30646.50,16384,20,true,true,OK
Leo,35125,35125,977910666.50,608375.00,16384,10,true,true,OK
GLL,35125,35125,0.00,0.00,0,0,false,false,TIMEOUT
RNGLR,35125,35125,33490875.00,63833.00,16384,15,true,true,OK
BRNGLR,35125,35125,29971042.00,104542.00,16384,17,true,true,OK
CYK,35125,35125,0.00,0.00,0,0,false,false,TIMEOUT
LL,35125,35125,0.00,0.00,0,0,false,false,CONFLICT
LR,35125,35125,9938375.00,10750.00,16384,20,true,true,OK
Leo,37099,37099,1060383062.00,1661416.50,16384,10,true,true,OK
GLL,37099,37099,0.00,0.00,0,0,false,false,TIMEOUT
RNGLR,37099,37099,33434834.00,67168.00,16384,15,true,true,OK
BRNGLR,37099,37099,31815833.00,90542.00,16384,16,true,true,OK
CYK,37099,37099,0.00,0.00,0,0,false,false,TIMEOUT
LL,37099,37099,0.00,0.00,0,0,false,false,CONFLICT
LR,37099,37099,10503687.50,21771.00,16384,20,true,true,OK
Leo,37455,37455,0.00,0.00,0,0,false,false,TIMEOUT
GLL,37455,37455,0.00,0.00,0,0,false,false,TIMEOUT
RNGLR,37455,37455,33714667.00,36376.00,16384,15,true,true,OK
BRNGLR,37455,37455,30183958.00,46167.00,16384,17,true,true,OK
CYK,37455,37455,0.00,0.00,0,0,false,false,TIMEOUT
LL,37455,37455,0.00,0.00,0,0,false,false,CONFLICT
LR,37455,37455,10611958.50,14167.00,16384,20,true,true,OK
Leo,38331,38331,0.00,0.00,0,0,false,false,TIMEOUT
GLL,38331,38331,0.00,0.00,0,0,false,false,TIMEOUT
RNGLR,38331,38331,38529625.00,117000.00,1163264,13,true,true,OK
BRNGLR,38331,38331,34956125.00,77625.00,16384,15,true,true,OK
CYK,38331,38331,0.00,0.00,0,0,false,false,TIMEOUT
LL,38331,38331,0.00,0.00,0,0,false,false,CONFLICT
LR,38331,38331,10857354.00,17104.00,16384,20,true,true,OK
Leo,38916,38916,0.00,0.00,0,0,false,false,TIMEOUT
GLL,38916,38916,0.00,0.00,0,0,false,false,TIMEOUT
RNGLR,38916,38916,39609500.00,119333.00,98304,13,true,true,OK
BRNGLR,38916,38916,36001604.50,167792.00,32768,14,true,true,OK
CYK,38916,38916,0.00,0.00,0,0,false,false,TIMEOUT
LL,38916,38916,0.00,0.00,0,0,false,false,CONFLICT
LR,38916,38916,11025770.50,13708.50,16384,20,true,true,OK
Leo,39378,39378,0.00,0.00,0,0,false,false,TIMEOUT
GLL,39378,39378,0.00,0.00,0,0,false,false,TIMEOUT
RNGLR,39378,39378,37998666.50,41250.00,65536,14,true,true,OK
BRNGLR,39378,39378,34200208.00,68208.00,32768,15,true,true,OK
CYK,39378,39378,0.00,0.00,0,0,false,false,TIMEOUT
LL,39378,39378,0.00,0.00,0,0,false,false,CONFLICT
LR,39378,39378,11150104.00,18354.00,16384,20,true,true,OK
Leo,39637,39637,0.00,0.00,0,0,false,false,TIMEOUT
GLL,39637,39637,0.00,0.00,0,0,false,false,TIMEOUT
RNGLR,39637,39637,37347333.00,135499.50,49152,14,true,true,OK
BRNGLR,39637,39637,36053375.00,72729.50,16384,14,true,true,OK
CYK,39637,39637,0.00,0.00,0,0,false,false,TIMEOUT
LL,39637,39637,0.00,0.00,0,0,false,false,CONFLICT
LR,39637,39637,11239000.00,25249.50,16384,20,true,true,OK
Leo,39765,39765,0.00,0.00,0,0,false,false,TIMEOUT
GLL,39765,39765,0.00,0.00,0,0,false,false,TIMEOUT
RNGLR,39765,39765,37648146.00,41792.00,32768,14,true,true,OK
BRNGLR,39765,39765,33874916.00,157624.00,16384,15,true,true,OK
CYK,39765,39765,0.00,0.00,0,0,false,false,TIMEOUT
LL,39765,39765,0.00,0.00,0,0,false,false,CONFLICT
LR,39765,39765,11315583.50,31166.50,16384,20,true,true,OK
Leo,40083,40083,0.00,0.00,0,0,false,false,TIMEOUT
GLL,40083,40083,0.00,0.00,0,0,false,false,TIMEOUT
RNGLR,40083,40083,40269792.00,123874.00,65536,13,true,true,OK
BRNGLR,40083,40083,36505750.00,124792.00,16384,13,true,true,OK
CYK,40083,40083,0.00,0.00,0,0,false,false,TIMEOUT
LL,40083,40083,0.00,0.00,0,0,false,false,CONFLICT
LR,40083,40083,11386875.00,12104.00,16384,20,true,true,OK
Leo,41507,41507,0.00,0.00,0,0,false,false,TIMEOUT
GLL,41507,41507,0.00,0.00,0,0,false,false,TIMEOUT
RNGLR,41507,41507,38697167.00,74624.00,212992,13,true,true,OK
BRNGLR,41507,41507,37734687.50,139166.50,16384,14,true,true,OK
CYK,41507,41507,0.00,0.00,0,0,false,false,TIMEOUT
LL,41507,41507,0.00,0.00,0,0,false,false,CONFLICT
LR,41507,41507,11766958.50,14374.50,16384,20,true,true,OK
Leo,43460,43460,0.00,0.00,0,0,false,false,TIMEOUT
GLL,43460,43460,0.00,0.00,0,0,false,false,TIMEOUT
RNGLR,43460,43460,40278458.00,120917.00,294912,13,true,true,OK
BRNGLR,43460,43460,36080146.00,57791.50,16384,14,true,true,OK
CYK,43460,43460,0.00,0.00,0,0,false,false,TIMEOUT
LL,43460,43460,0.00,0.00,0,0,false,false,CONFLICT
LR,43460,43460,12317416.00,36062.50,16384,20,true,true,OK
Leo,43885,43885,0.00,0.00,0,0,false,false,TIMEOUT
GLL,43885,43885,0.00,0.00,0,0,false,false,TIMEOUT
RNGLR,43885,43885,43897416.00,187249.50,49152,12,true,true,OK
BRNGLR,43885,43885,39279875.00,81833.00,3162112,13,true,true,OK
CYK,43885,43885,0.00,0.00,0,0,false,false,TIMEOUT
LL,43885,43885,0.00,0.00,0,0,false,false,CONFLICT
LR,43885,43885,12457979.00,46395.50,16384,20,true,true,OK
Leo,44330,44330,0.00,0.00,0,0,false,false,TIMEOUT
GLL,44330,44330,0.00,0.00,0,0,false,false,TIMEOUT
RNGLR,44330,44330,45457250.00,148958.00,3129344,11,true,true,OK
BRNGLR,44330,44330,41417083.00,134041.00,3129344,13,true,true,OK
CYK,44330,44330,0.00,0.00,0,0,false,false,TIMEOUT
LL,44330,44330,0.00,0.00,0,0,false,false,CONFLICT
LR,44330,44330,12568167.00,22833.50,16384,20,true,true,OK
Leo,45417,45417,0.00,0.00,0,0,false,false,TIMEOUT
GLL,45417,45417,0.00,0.00,0,0,false,false,TIMEOUT
RNGLR,45417,45417,43956479.00,94729.50,3129344,12,true,true,OK
BRNGLR,45417,45417,42181250.00,72312.00,3129344,12,true,true,OK
CYK,45417,45417,0.00,0.00,0,0,false,false,TIMEOUT
LL,45417,45417,0.00,0.00,0,0,false,false,CONFLICT
LR,45417,45417,12886687.50,26625.00,16384,20,true,true,OK
Leo,45619,45619,0.00,0.00,0,0,false,false,TIMEOUT
GLL,45619,45619,0.00,0.00,0,0,false,false,TIMEOUT
RNGLR,45619,45619,46830250.00,64250.00,3129344,11,true,true,OK
BRNGLR,45619,45619,42360479.50,152187.50,3129344,12,true,true,OK
CYK,45619,45619,0.00,0.00,0,0,false,false,TIMEOUT
LL,45619,45619,0.00,0.00,0,0,false,false,CONFLICT
LR,45619,45619,12936854.00,23958.50,16384,20,true,true,OK
Leo,46075,46075,0.00,0.00,0,0,false,false,TIMEOUT
GLL,46075,46075,0.00,0.00,0,0,false,false,TIMEOUT
RNGLR,46075,46075,45363416.00,44937.00,3162112,12,true,true,OK
BRNGLR,46075,46075,40161208.00,60208.00,3162112,13,true,true,OK
CYK,46075,46075,0.00,0.00,0,0,false,false,TIMEOUT
LL,46075,46075,0.00,0.00,0,0,false,false,CONFLICT
LR,46075,46075,13045874.50,22541.00,16384,20,true,true,OK
Leo,46093,46093,0.00,0.00,0,0,false,false,TIMEOUT
GLL,46093,46093,0.00,0.00,0,0,false,false,TIMEOUT
RNGLR,46093,46093,45099562.50,81209.00,3162112,12,true,true,OK
BRNGLR,46093,46093,40295208.00,95458.00,3162112,13,true,true,OK
CYK,46093,46093,0.00,0.00,0,0,false,false,TIMEOUT
LL,46093,46093,0.00,0.00,0,0,false,false,CONFLICT
LR,46093,46093,13071958.50,22646.00,16384,20,true,true,OK
Leo,50586,50586,0.00,0.00,0,0,false,false,TIMEOUT
GLL,50586,50586,0.00,0.00,0,0,false,false,TIMEOUT
RNGLR,50586,50586,51491646.00,197104.00,3129344,10,true,true,OK
BRNGLR,50586,50586,46344917.00,94167.00,3129344,11,true,true,OK
CYK,50586,50586,0.00,0.00,0,0,false,false,TIMEOUT
LL,50586,50586,0.00,0.00,0,0,false,false,CONFLICT
LR,50586,50586,14369458.00,30125.00,16384,20,true,true,OK
Leo,51630,51630,0.00,0.00,0,0,false,false,TIMEOUT
GLL,51630,51630,0.00,0.00,0,0,false,false,TIMEOUT
RNGLR,51630,51630,49076500.00,88667.00,3129344,11,true,true,OK
BRNGLR,51630,51630,47725250.00,146292.00,3129344,11,true,true,OK
CYK,51630,51630,0.00,0.00,0,0,false,false,TIMEOUT
LL,51630,51630,0.00,0.00,0,0,false,false,CONFLICT
LR,51630,51630,14666812.00,26375.00,16384,20,true,true,OK
Leo,54612,54612,0.00,0.00,0,0,false,false,TIMEOUT
GLL,54612,54612,0.00,0.00,0,0,false,false,TIMEOUT
RNGLR,54612,54612,52282249.50,156688.00,3129344,10,true,true,OK
BRNGLR,54612,54612,50257729.00,72354.50,3129344,10,true,true,OK
CYK,54612,54612,0.00,0.00,0,0,false,false,TIMEOUT
LL,54612,54612,0.00,0.00,0,0,false,false,CONFLICT
LR,54612,54612,15539167.00,41562.50,16384,20,true,true,OK
Leo,55012,55012,0.00,0.00,0,0,false,false,TIMEOUT
GLL,55012,55012,0.00,0.00,0,0,false,false,TIMEOUT
RNGLR,55012,55012,52222437.50,65729.00,3129344,10,true,true,OK
BRNGLR,55012,55012,50340979.00,370375.00,3129344,10,true,true,OK
CYK,55012,55012,0.00,0.00,0,0,false,false,TIMEOUT
LL,55012,55012,0.00,0.00,0,0,false,false,CONFLICT
LR,55012,55012,15653417.00,18687.50,16384,20,true,true,OK
Leo,56657,56657,0.00,0.00,0,0,false,false,TIMEOUT
GLL,56657,56657,0.00,0.00,0,0,false,false,TIMEOUT
RNGLR,56657,56657,57334916.50,136396.00,3129344,10,true,true,OK
BRNGLR,56657,56657,51695063.00,153624.50,3129344,10,true,true,OK
CYK,56657,56657,0.00,0.00,0,0,false,false,TIMEOUT
LL,56657,56657,0.00,0.00,0,0,false,false,CONFLICT
LR,56657,56657,16132354.00,38375.00,16384,20,true,true,OK
