parser,input_length,token_count,median_time_ns,mad_ns,peak_memory_bytes,iterations,recognized,parse_correct,status
Leo,6,6,29229.00,312.50,32768,20,true,true,OK
GLL,6,6,7938.00,104.00,16384,20,true,true,OK
RNGLR,6,6,7666.50,125.00,16384,20,true,true,OK
BRNGLR,6,6,8208.00,83.50,16384,20,true,true,OK
CYK,6,6,51625.00,270.50,16384,20,true,true,OK
LL,6,6,0.00,0.00,0,0,false,false,CONFLICT
LR,6,6,1875.00,42.00,0,20,true,true,OK
Leo,6,6,8916.00,83.00,16384,20,true,true,OK
GLL,6,6,4917.00,62.50,0,20,true,true,OK
RNGLR,6,6,6416.50,166.50,0,20,true,true,OK
BRNGLR,6,6,6791.50,167.00,16384,20,true,true,OK
CYK,6,6,54437.00,270.00,16384,20,true,true,OK
LL,6,6,0.00,0.00,0,0,false,false,CONFLICT
LR,6,6,1208.00,0.50,0,20,true,true,OK
Leo,6,6,9062.50,83.00,16384,20,true,true,OK
GLL,6,6,4958.00,41.50,0,20,true,true,OK
RNGLR,6,6,6229.50,83.50,0,20,true,true,OK
BRNGLR,6,6,7375.00,146.00,0,20,true,true,OK
CYK,6,6,57750.00,42.00,16384,20,true,true,OK
LL,6,6,0.00,0.00,0,0,false,false,CONFLICT
LR,6,6,1292.00,42.00,0,20,true,true,OK
Leo,7,7,25521.00,146.00,16384,20,true,true,OK
GLL,7,7,8542.00,62.50,16384,20,true,true,OK
RNGLR,7,7,8959.00,104.00,0,20,true,true,OK
BRNGLR,7,7,9584.00,208.50,16384,20,true,true,OK
CYK,7,7,61958.50,771.00,16384,20,true,true,OK
LL,7,7,0.00,0.00,0,0,false,false,CONFLICT
LR,7,7,1917.00,0.50,0,20,true,true,OK
Leo,7,7,10250.00,42.00,16384,20,true,true,OK
GLL,7,7,5625.00,83.00,0,20,true,true,OK
RNGLR,7,7,7000.00,84.00,16384,20,true,true,OK
BRNGLR,7,7,7854.00,104.00,16384,20,true,true,OK
CYK,7,7,65729.00,166.50,16384,20,true,true,OK
LL,7,7,0.00,0.00,0,0,false,false,CONFLICT
LR,7,7,1375.00,41.00,0,20,true,true,OK
Leo,7,7,20770.50,62.50,16384,20,true,true,OK
GLL,7,7,8562.50,21.50,16384,20,true,true,OK
RNGLR,7,7,9375.00,104.00,0,20,true,true,OK
BRNGLR,7,7,9583.50,166.50,16384,20,true,true,OK
CYK,7,7,69041.50,1041.50,16384,20,true,true,OK
LL,7,7,0.00,0.00,0,0,false,false,CONFLICT
LR,7,7,1958.00,0.00,0,20,true,true,OK
Leo,7,7,25187.50,250.50,16384,20,true,true,OK
GLL,7,7,13000.00,125.00,16384,20,true,true,OK
RNGLR,7,7,11708.50,83.50,16384,20,true,true,OK
BRNGLR,7,7,12437.50,145.50,16384,20,true,true,OK
CYK,7,7,80521.00,1458.50,16384,20,true,true,OK
LL,7,7,0.00,0.00,0,0,false,false,CONFLICT
LR,7,7,3000.00,20.50,0,20,true,true,OK
Leo,7,7,23375.00,104.50,16384,20,true,true,OK
GLL,7,7,8750.00,62.50,16384,20,true,true,OK
RNGLR,7,7,9312.50,83.50,0,20,true,true,OK
BRNGLR,7,7,9583.00,104.00,16384,20,true,true,OK
CYK,7,7,67500.00,104.00,16384,20,true,true,OK
LL,7,7,0.00,0.00,0,0,false,false,CONFLICT
LR,7,7,1959.00,1.00,0,20,true,true,OK
Leo,8,8,37000.00,271.00,16384,20,true,true,OK
GLL,8,8,10709.00,42.00,16384,20,true,true,OK
RNGLR,8,8,10916.50,146.00,0,20,true,true,OK
BRNGLR,8,8,11292.00,83.00,16384,20,true,true,OK
CYK,8,8,73916.50,291.50,16384,20,true,true,OK
LL,8,8,0.00,0.00,0,0,false,false,CONFLICT
LR,8,8,2500.00,42.00,0,20,true,true,OK
Leo,8,8,36958.50,104.50,16384,20,true,true,OK
GLL,8,8,10792.00,62.50,16384,20,true,true,OK
RNGLR,8,8,10937.50,229.50,16384,20,true,true,OK
BRNGLR,8,8,11375.00,125.00,16384,20,true,true,OK
CYK,8,8,80604.50,312.00,16384,20,true,true,OK
LL,8,8,0.00,0.00,0,0,false,false,CONFLICT
LR,8,8,2750.00,42.00,0,20,true,true,OK
Leo,9,9,55729.50,104.00,16384,20,true,true,OK
GLL,9,9,14854.50,104.50,16384,20,true,true,OK
RNGLR,9,9,13625.00,271.00,16384,20,true,true,OK
BRNGLR,9,9,13750.00,187.50,16384,20,true,true,OK
CYK,9,9,91146.00,146.00,16384,20,true,true,OK
LL,9,9,0.00,0.00,0,0,false,false,CONFLICT
LR,9,9,3417.00,83.00,0,20,true,true,OK
Leo,9,9,23520.50,375.00,16384,20,true,true,OK
GLL,9,9,9958.50,62.50,16384,20,true,true,OK
RNGLR,9,9,11521.00,500.00,16384,20,true,true,OK
BRNGLR,9,9,11958.50,208.50,16384,20,true,true,OK
CYK,9,9,97312.50,146.00,16384,20,true,true,OK
LL,9,9,0.00,0.00,0,0,false,false,CONFLICT
LR,9,9,2270.50,62.50,0,20,true,true,OK
Leo,9,9,32791.50,104.50,16384,20,true,true,OK
GLL,9,9,12333.50,42.00,16384,20,true,true,OK
RNGLR,9,9,12437.00,250.50,16384,20,true,true,OK
BRNGLR,9,9,12750.00,167.00,0,20,true,true,OK
CYK,9,9,98229.00,270.50,16384,20,true,true,OK
LL,9,9,0.00,0.00,0,0,false,false,CONFLICT
LR,9,9,2875.00,20.50,0,20,true,true,OK
Leo,9,9,47209.00,208.50,16384,20,true,true,OK
GLL,9,9,13167.00,83.50,16384,20,true,true,OK
RNGLR,9,9,12770.50,166.50,16384,20,true,true,OK
BRNGLR,9,9,12687.00,207.50,16384,20,true,true,OK
CYK,9,9,93562.50,104.50,16384,20,true,true,OK
LL,9,9,0.00,0.00,0,0,false,false,CONFLICT
LR,9,9,3167.00,1.00,0,20,true,true,OK
Leo,9,9,23250.00,83.00,16384,20,true,true,OK
GLL,9,9,22208.50,8729.50,16384,20,true,true,OK
RNGLR,9,9,11166.50,208.50,0,20,true,true,OK
BRNGLR,9,9,11958.00,291.50,0,20,true,true,OK
CYK,9,9,97604.50,354.00,16384,20,true,true,OK
LL,9,9,0.00,0.00,0,0,false,false,CONFLICT
LR,9,9,2334.00,41.00,0,20,true,true,OK
Leo,9,9,26042.00,521.50,16384,20,true,true,OK
GLL,9,9,9896.00,63.00,0,20,true,true,OK
RNGLR,9,9,11021.00,458.50,16384,20,true,true,OK
BRNGLR,9,9,11312.50,312.50,16384,20,true,true,OK
CYK,9,9,90417.00,979.50,16384,20,true,true,OK
LL,9,9,0.00,0.00,0,0,false,false,CONFLICT
LR,9,9,2250.00,41.00,0,20,true,true,OK
Leo,9,9,27895.50,457.50,16384,20,true,true,OK
GLL,9,9,13583.50,83.00,16384,20,true,true,OK
RNGLR,9,9,12291.50,166.50,16384,20,true,true,OK
BRNGLR,9,9,12917.00,166.50,0,20,true,true,OK
CYK,9,9,99604.00,2749.50,16384,20,true,true,OK
LL,9,9,0.00,0.00,0,0,false,false,CONFLICT
LR,9,9,3208.00,125.00,0,20,true,true,OK
Leo,9,9,22500.00,396.00,16384,20,true,true,OK
GLL,9,9,8437.50,62.50,16384,20,true,true,OK
RNGLR,9,9,9125.00,83.00,0,20,true,true,OK
BRNGLR,9,9,10520.50,145.50,16384,20,true,true,OK
CYK,9,9,82583.50,188.00,16384,20,true,true,OK
LL,9,9,0.00,0.00,0,0,false,false,CONFLICT
LR,9,9,2187.50,20.50,0,20,true,true,OK
Leo,10,10,28875.00,125.00,16384,20,true,true,OK
GLL,10,10,9875.00,42.00,16384,20,true,true,OK
RNGLR,10,10,10229.00,104.00,0,20,true,true,OK
BRNGLR,10,10,11271.00,250.00,16384,20,true,true,OK
CYK,10,10,93083.50,208.50,16384,20,true,true,OK
LL,10,10,0.00,0.00,0,0,false,false,CONFLICT
LR,10,10,2292.00,21.00,0,20,true,true,OK
Leo,10,10,20042.00,167.00,16384,20,true,true,OK
GLL,10,10,8833.00,83.50,0,20,true,true,OK
RNGLR,10,10,9667.00,146.00,0,20,true,true,OK
BRNGLR,10,10,10646.00,187.50,16384,20,true,true,OK
CYK,10,10,95895.50,416.50,16384,20,true,true,OK
LL,10,10,0.00,0.00,0,0,false,false,CONFLICT
LR,10,10,2104.50,104.00,0,20,true,true,OK
Leo,11,11,27291.50,166.50,16384,20,true,true,OK
GLL,11,11,14500.00,125.00,0,20,true,true,OK
RNGLR,11,11,12791.50,83.50,16384,20,true,true,OK
BRNGLR,11,11,14083.00,250.00,16384,20,true,true,OK
CYK,11,11,126395.50,187.50,16384,20,true,true,OK
LL,11,11,0.00,0.00,0,0,false,false,CONFLICT
LR,11,11,3292.00,1.00,0,20,true,true,OK
Leo,11,11,41291.50,166.50,16384,20,true,true,OK
GLL,11,11,12334.00,62.00,16384,20,true,true,OK
RNGLR,11,11,11625.00,125.00,0,20,true,true,OK
BRNGLR,11,11,13542.00,146.00,16384,20,true,true,OK
CYK,11,11,118416.50,6229.00,16384,20,true,true,OK
LL,11,11,0.00,0.00,0,0,false,false,CONFLICT
LR,11,11,2959.00,21.00,0,20,true,true,OK
Leo,12,12,46479.50,125.00,16384,20,true,true,OK
GLL,12,12,13042.00,83.50,16384,20,true,true,OK
RNGLR,12,12,12208.50,166.50,16384,20,true,true,OK
BRNGLR,12,12,14166.50,208.50,16384,20,true,true,OK
CYK,12,12,132041.00,187.00,16384,20,true,true,OK
LL,12,12,0.00,0.00,0,0,false,false,CONFLICT
LR,12,12,3250.00,42.00,0,20,true,true,OK
Leo,12,12,19041.00,83.00,16384,20,true,true,OK
GLL,12,12,10125.00,83.00,16384,20,true,true,OK
RNGLR,12,12,10958.50,167.00,0,20,true,true,OK
BRNGLR,12,12,12292.00,146.00,16384,20,true,true,OK
CYK,12,12,156979.00,167.00,16384,20,true,true,OK
LL,12,12,0.00,0.00,0,0,false,false,CONFLICT
LR,12,12,2417.00,21.00,0,20,true,true,OK
Leo,12,12,50541.50,228.50,16384,20,true,true,OK
GLL,12,12,14187.50,62.50,16384,20,true,true,OK
RNGLR,12,12,13333.00,166.50,16384,20,true,true,OK
BRNGLR,12,12,14104.00,105.00,16384,20,true,true,OK
CYK,12,12,131896.00,187.50,16384,20,true,true,OK
LL,12,12,0.00,0.00,0,0,false,false,CONFLICT
LR,12,12,3292.00,83.50,0,20,true,true,OK
Leo,13,13,18208.50,83.50,16384,20,true,true,OK
GLL,13,13,9833.00,42.00,0,20,true,true,OK
RNGLR,13,13,10417.00,126.00,16384,20,true,true,OK
BRNGLR,13,13,13187.50,312.50,16384,20,true,true,OK
CYK,13,13,185125.50,188.00,16384,20,true,true,OK
LL,13,13,0.00,0.00,0,0,false,false,CONFLICT
LR,13,13,2375.00,41.00,0,20,true,true,OK
Leo,13,13,48834.00,313.00,16384,20,true,true,OK
GLL,13,13,16354.00,145.50,16384,20,true,true,OK
RNGLR,13,13,14312.50,354.00,16384,20,true,true,OK
BRNGLR,13,13,14416.50,166.50,16384,20,true,true,OK
CYK,13,13,145979.50,687.50,16384,20,true,true,OK
LL,13,13,0.00,0.00,0,0,false,false,CONFLICT
LR,13,13,3542.00,41.50,0,20,true,true,OK
Leo,14,14,55708.50,166.50,16384,20,true,true,OK
GLL,14,14,20459.00,84.00,16384,20,true,true,OK
RNGLR,14,14,17604.50,188.50,16384,20,true,true,OK
BRNGLR,14,14,17770.50,145.50,16384,20,true,true,OK
CYK,14,14,201917.00,896.00,16384,20,true,true,OK
LL,14,14,0.00,0.00,0,0,false,false,CONFLICT
LR,14,14,5042.00,42.00,16384,20,true,true,OK
Leo,14,14,44354.00,292.00,16384,20,true,true,OK
GLL,14,14,15416.50,125.50,16384,20,true,true,OK
RNGLR,14,14,13708.50,166.50,16384,20,true,true,OK
BRNGLR,14,14,14562.50,146.00,16384,20,true,true,OK
CYK,14,14,181395.50,5167.50,16384,20,true,true,OK
LL,14,14,0.00,0.00,0,0,false,false,CONFLICT
LR,14,14,3500.00,41.00,0,20,true,true,OK
Leo,14,14,30583.50,104.00,16384,20,true,true,OK
GLL,14,14,13125.00,229.50,0,20,true,true,OK
RNGLR,14,14,12479.50,62.00,16384,20,true,true,OK
BRNGLR,14,14,13896.00,229.00,16384,20,true,true,OK
CYK,14,14,197063.00,10313.00,16384,20,true,true,OK
LL,14,14,0.00,0.00,0,0,false,false,CONFLICT
LR,14,14,2958.00,41.00,16384,20,true,true,OK
Leo,16,16,45458.50,166.50,16384,20,true,true,OK
GLL,16,16,16667.00,166.50,16384,20,true,true,OK
RNGLR,16,16,14583.00,166.50,16384,20,true,true,OK
BRNGLR,16,16,15854.50,311.50,16384,20,true,true,OK
CYK,16,16,217521.00,479.00,16384,20,true,true,OK
LL,16,16,0.00,0.00,0,0,false,false,CONFLICT
LR,16,16,3625.00,41.00,0,20,true,true,OK
Leo,16,16,58187.50,895.50,16384,20,true,true,OK
GLL,16,16,18146.00,83.50,16384,20,true,true,OK
RNGLR,16,16,15812.50,166.50,16384,20,true,true,OK
BRNGLR,16,16,16896.00,208.00,16384,20,true,true,OK
CYK,16,16,221687.50,1437.00,16384,20,true,true,OK
LL,16,16,0.00,0.00,0,0,false,false,CONFLICT
LR,16,16,4167.00,1.00,0,20,true,true,OK
Leo,16,16,71187.50,270.50,16384,20,true,true,OK
GLL,16,16,20042.00,167.00,16384,20,true,true,OK
RNGLR,16,16,16104.50,104.00,16384,20,true,true,OK
BRNGLR,16,16,16875.00,166.50,16384,20,true,true,OK
CYK,16,16,205479.00,437.50,16384,20,true,true,OK
LL,16,16,0.00,0.00,0,0,false,false,CONFLICT
LR,16,16,4500.00,83.00,0,20,true,true,OK
Leo,16,16,45437.50,145.50,16384,20,true,true,OK
GLL,16,16,16396.00,104.50,16384,20,true,true,OK
RNGLR,16,16,14687.50,229.50,16384,20,true,true,OK
BRNGLR,16,16,15812.00,146.00,16384,20,true,true,OK
CYK,16,16,219500.00,1729.00,16384,20,true,true,OK
LL,16,16,0.00,0.00,0,0,false,false,CONFLICT
LR,16,16,3584.00,41.00,0,20,true,true,OK
Leo,17,17,71917.00,1500.00,16384,20,true,true,OK
GLL,17,17,24229.00,83.50,16384,20,true,true,OK
RNGLR,17,17,19042.00,104.50,16384,20,true,true,OK
BRNGLR,17,17,19563.00,104.00,16384,20,true,true,OK
CYK,17,17,276271.00,1500.00,16384,20,true,true,OK
LL,17,17,0.00,0.00,0,0,false,false,CONFLICT
LR,17,17,5437.50,42.00,0,20,true,true,OK
Leo,18,18,65270.50,187.50,16384,20,true,true,OK
GLL,18,18,26041.00,82.50,16384,20,true,true,OK
RNGLR,18,18,19625.00,145.50,16384,20,true,true,OK
BRNGLR,18,18,21938.00,146.00,16384,20,true,true,OK
CYK,18,18,297979.50,1562.50,16384,20,true,true,OK
LL,18,18,0.00,0.00,0,0,false,false,CONFLICT
LR,18,18,5500.00,41.00,0,20,true,true,OK
Leo,18,18,23750.00,208.00,16384,20,true,true,OK
GLL,18,18,12896.00,63.00,16384,20,true,true,OK
RNGLR,18,18,12354.00,187.00,0,20,true,true,OK
BRNGLR,18,18,15187.50,187.50,16384,20,true,true,OK
CYK,18,18,366396.50,10999.50,16384,20,true,true,OK
LL,18,18,0.00,0.00,0,0,false,false,CONFLICT
LR,18,18,3000.00,0.00,0,20,true,true,OK
Leo,21,21,57083.50,521.00,16384,20,true,true,OK
GLL,21,21,20417.00,83.50,16384,20,true,true,OK
RNGLR,21,21,18354.00,208.00,16384,20,true,true,OK
BRNGLR,21,21,19645.50,125.00,16384,20,true,true,OK
CYK,21,21,396270.50,708.50,16384,20,true,true,OK
LL,21,21,0.00,0.00,0,0,false,false,CONFLICT
LR,21,21,4750.00,42.00,0,20,true,true,OK
Leo,24,24,53979.50,166.50,16384,20,true,true,OK
GLL,24,24,24875.00,437.00,16384,20,true,true,OK
RNGLR,24,24,19854.50,229.00,16384,20,true,true,OK
BRNGLR,24,24,23292.00,125.00,16384,20,true,true,OK
CYK,24,24,769562.50,8729.00,16384,20,true,true,OK
LL,24,24,0.00,0.00,0,0,false,false,CONFLICT
LR,24,24,5291.50,21.00,0,20,true,true,OK
Leo,26,26,92167.00,375.00,16384,20,true,true,OK
GLL,26,26,31916.50,83.50,16384,20,true,true,OK
RNGLR,26,26,24188.00,229.50,16384,20,true,true,OK
BRNGLR,26,26,26729.00,250.00,16384,20,true,true,OK
CYK,26,26,694354.50,11812.50,16384,20,true,true,OK
LL,26,26,0.00,0.00,0,0,false,false,CONFLICT
LR,26,26,7417.00,42.00,16384,20,true,true,OK
Leo,27,27,82250.00,416.00,16384,20,true,true,OK
GLL,27,27,26375.00,791.50,0,20,true,true,OK
RNGLR,27,27,20938.00,125.00,16384,20,true,true,OK
BRNGLR,27,27,23500.00,312.50,16384,20,true,true,OK
CYK,27,27,624854.00,9271.00,16384,20,true,true,OK
LL,27,27,0.00,0.00,0,0,false,false,CONFLICT
LR,27,27,5541.00,41.00,0,20,true,true,OK
Leo,28,28,79833.50,250.00,16384,20,true,true,OK
GLL,28,28,26209.00,166.50,16384,20,true,true,OK
RNGLR,28,28,19729.50,167.00,0,20,true,true,OK
BRNGLR,28,28,22104.00,209.00,16384,20,true,true,OK
CYK,28,28,733854.00,458.50,16384,20,true,true,OK
LL,28,28,0.00,0.00,0,0,false,false,CONFLICT
LR,28,28,5667.00,1.00,0,20,true,true,OK
Leo,30,30,84562.50,146.00,16384,20,true,true,OK
GLL,30,30,30062.00,63.00,16384,20,true,true,OK
RNGLR,30,30,23083.00,166.50,16384,20,true,true,OK
BRNGLR,30,30,25417.00,354.50,16384,20,true,true,OK
CYK,30,30,855208.00,9666.50,16384,20,true,true,OK
LL,30,30,0.00,0.00,0,0,false,false,CONFLICT
LR,30,30,6583.00,41.00,0,20,true,true,OK
Leo,32,32,146979.00,1813.00,16384,20,true,true,OK
GLL,32,32,34000.00,167.00,16384,20,true,true,OK
RNGLR,32,32,25312.50,187.50,16384,20,true,true,OK
BRNGLR,32,32,25291.50,229.00,16384,20,true,true,OK
CYK,32,32,998437.50,11208.50,16384,20,true,true,OK
LL,32,32,0.00,0.00,0,0,false,false,CONFLICT
LR,32,32,7333.00,41.50,0,20,true,true,OK
Leo,33,33,95437.50,333.50,16384,20,true,true,OK
GLL,33,33,31416.50,666.50,16384,20,true,true,OK
RNGLR,33,33,24187.50,437.50,16384,20,true,true,OK
BRNGLR,33,33,25500.50,312.50,16384,20,true,true,OK
CYK,33,33,1030354.50,14020.50,16384,20,true,true,OK
LL,33,33,0.00,0.00,0,0,false,false,CONFLICT
LR,33,33,6562.50,62.50,0,20,true,true,OK
Leo,33,33,121729.50,416.50,16384,20,true,true,OK
GLL,33,33,31854.00,208.00,16384,20,true,true,OK
RNGLR,33,33,24479.00,229.00,16384,20,true,true,OK
BRNGLR,33,33,25667.00,166.50,16384,20,true,true,OK
CYK,33,33,1015542.00,22812.50,16384,20,true,true,OK
LL,33,33,0.00,0.00,0,0,false,false,CONFLICT
LR,33,33,7000.00,42.00,0,20,true,true,OK
Leo,33,33,58562.50,333.00,16384,20,true,true,OK
GLL,33,33,28437.00,146.50,16384,20,true,true,OK
RNGLR,33,33,23458.50,187.50,16384,20,true,true,OK
BRNGLR,33,33,25917.00,125.00,16384,20,true,true,OK
CYK,33,33,1682333.50,45104.50,16384,20,true,true,OK
LL,33,33,0.00,0.00,0,0,false,false,CONFLICT
LR,33,33,6270.50,21.50,0,20,true,true,OK
Leo,41,41,93020.50,354.00,32768,20,true,true,OK
GLL,41,41,33562.50,146.00,16384,20,true,true,OK
RNGLR,41,41,27208.50,375.50,16384,20,true,true,OK
BRNGLR,41,41,29771.50,167.50,16384,20,true,true,OK
CYK,41,41,1830854.00,32541.50,16384,20,true,true,OK
LL,41,41,0.00,0.00,0,0,false,false,CONFLICT
LR,41,41,7292.00,42.00,0,20,true,true,OK
Leo,45,45,144145.50,1583.50,16384,20,true,true,OK
GLL,45,45,40333.00,146.50,16384,20,true,true,OK
RNGLR,45,45,31375.00,166.00,16384,20,true,true,OK
BRNGLR,45,45,33375.00,270.50,16384,20,true,true,OK
CYK,45,45,2660521.00,31250.00,16384,20,true,true,OK
LL,45,45,0.00,0.00,0,0,false,false,CONFLICT
LR,45,45,9000.00,41.50,0,20,true,true,OK
Leo,50,50,144166.50,375.00,16384,20,true,true,OK
GLL,50,50,45854.00,145.00,16384,20,true,true,OK
RNGLR,50,50,33750.00,250.00,16384,20,true,true,OK
BRNGLR,50,50,36271.00,187.50,16384,20,true,true,OK
CYK,50,50,3529438.00,11875.50,16384,20,true,true,OK
LL,50,50,0.00,0.00,0,0,false,false,CONFLICT
LR,50,50,9792.00,41.00,0,20,true,true,OK
Leo,53,53,127333.00,208.50,16384,20,true,true,OK
GLL,53,53,51499.50,582.50,16384,20,true,true,OK
RNGLR,53,53,37083.50,354.00,16384,20,true,true,OK
BRNGLR,53,53,42167.00,584.00,16384,20,true,true,OK
CYK,53,53,3737417.00,30833.50,16384,20,true,true,OK
LL,53,53,0.00,0.00,0,0,false,false,CONFLICT
LR,53,53,11041.50,41.50,16384,20,true,true,OK
Leo,58,58,164521.00,520.50,16384,20,true,true,OK
GLL,58,58,59500.00,250.00,16384,20,true,true,OK
RNGLR,58,58,43750.00,542.00,16384,20,true,true,OK
BRNGLR,58,58,45708.00,270.50,16384,20,true,true,OK
CYK,58,58,6552979.00,88646.00,16384,20,true,true,OK
LL,58,58,0.00,0.00,0,0,false,false,CONFLICT
LR,58,58,15292.00,354.50,0,20,true,true,OK
Leo,60,60,194395.50,4853.50,16384,20,true,true,OK
GLL,60,60,60229.50,333.00,16384,20,true,true,OK
RNGLR,60,60,42979.50,1666.50,16384,20,true,true,OK
BRNGLR,60,60,44770.50,104.00,16384,20,true,true,OK
CYK,60,60,4881395.50,37687.50,16384,20,true,true,OK
LL,60,60,0.00,0.00,0,0,false,false,CONFLICT
LR,60,60,13562.50,62.50,0,20,true,true,OK
Leo,64,64,241188.00,1021.50,16384,20,true,true,OK
GLL,64,64,64125.00,250.00,16384,20,true,true,OK
RNGLR,64,64,44583.50,687.50,16384,20,true,true,OK
BRNGLR,64,64,46937.50,353.50,32768,20,true,true,OK
CYK,64,64,6556750.00,25625.00,16384,20,true,true,OK
LL,64,64,0.00,0.00,0,0,false,false,CONFLICT
LR,64,64,14458.00,167.00,0,20,true,true,OK
Leo,64,64,279562.00,2666.50,16384,20,true,true,OK
GLL,64,64,64187.50,312.00,16384,20,true,true,OK
RNGLR,64,64,47812.50,1291.50,16384,20,true,true,OK
BRNGLR,64,64,47000.50,209.00,16384,20,true,true,OK
CYK,64,64,6296708.00,32750.00,16384,20,true,true,OK
LL,64,64,0.00,0.00,0,0,false,false,CONFLICT
LR,64,64,14479.50,62.50,0,20,true,true,OK
Leo,68,68,184083.50,1270.50,16384,20,true,true,OK
GLL,68,68,63479.50,229.50,16384,20,true,true,OK
RNGLR,68,68,45250.00,354.50,16384,20,true,true,OK
BRNGLR,68,68,50937.50,896.00,16384,20,true,true,OK
CYK,68,68,7163770.50,42979.00,16384,20,true,true,OK
LL,68,68,0.00,0.00,0,0,false,false,CONFLICT
LR,68,68,14520.50,21.50,0,20,true,true,OK
Leo,72,72,270729.50,4000.00,16384,20,true,true,OK
GLL,72,72,80104.00,437.50,16384,20,true,true,OK
RNGLR,72,72,53479.00,500.00,16384,20,true,true,OK
BRNGLR,72,72,55708.00,250.00,16384,20,true,true,OK
CYK,72,72,9985729.00,12562.50,16384,20,true,true,OK
LL,72,72,0.00,0.00,0,0,false,false,CONFLICT
LR,72,72,18000.00,42.00,16384,20,true,true,OK
Leo,73,73,268583.00,1937.00,16384,20,true,true,OK
GLL,73,73,72395.50,375.00,16384,20,true,true,OK
RNGLR,73,73,49833.50,437.50,16384,20,true,true,OK
BRNGLR,73,73,53291.50,333.00,16384,20,true,true,OK
CYK,73,73,8264229.50,16479.00,16384,20,true,true,OK
LL,73,73,0.00,0.00,0,0,false,false,CONFLICT
LR,73,73,15917.00,42.00,16384,20,true,true,OK
Leo,75,75,306583.50,1667.50,16384,20,true,true,OK
GLL,75,75,88000.00,208.50,16384,20,true,true,OK
RNGLR,75,75,60396.00,583.50,16384,20,true,true,OK
BRNGLR,75,75,62770.50,1104.00,16384,20,true,true,OK
CYK,75,75,10669354.50,63166.50,16384,20,true,true,OK
LL,75,75,0.00,0.00,0,0,false,false,CONFLICT
LR,75,75,19208.00,83.00,0,20,true,true,OK
Leo,88,88,187458.00,562.50,16384,20,true,true,OK
GLL,88,88,75375.00,208.00,16384,20,true,true,OK
RNGLR,88,88,56583.50,208.00,16384,20,true,true,OK
BRNGLR,88,88,63042.00,271.50,16384,20,true,true,OK
CYK,88,88,22156166.50,42833.50,16384,20,true,true,OK
LL,88,88,0.00,0.00,0,0,false,false,CONFLICT
LR,88,88,17417.00,41.00,16384,20,true,true,OK
Leo,94,94,254979.00,6208.00,16384,20,true,true,OK
GLL,94,94,95458.50,666.50,16384,20,true,true,OK
RNGLR,94,94,65646.00,812.50,16384,20,true,true,OK
BRNGLR,94,94,70562.00,499.50,16384,20,true,true,OK
CYK,94,94,24385000.00,39625.00,16384,20,true,true,OK
LL,94,94,0.00,0.00,0,0,false,false,CONFLICT
LR,94,94,20791.50,41.50,16384,20,true,true,OK
Leo,97,97,318500.00,3646.00,16384,20,true,true,OK
GLL,97,97,105417.00,542.00,16384,20,true,true,OK
RNGLR,97,97,71979.00,479.00,16384,20,true,true,OK
BRNGLR,97,97,80979.00,354.50,16384,20,true,true,OK
CYK,97,97,23770771.00,25354.50,16384,20,true,true,OK
LL,97,97,0.00,0.00,0,0,false,false,CONFLICT
LR,97,97,23687.50,21.50,16384,20,true,true,OK
Leo,97,97,279979.00,2500.00,16384,20,true,true,OK
GLL,97,97,105500.00,395.50,16384,20,true,true,OK
RNGLR,97,97,73396.00,375.00,16384,20,true,true,OK
BRNGLR,97,97,80479.50,270.50,16384,20,true,true,OK
CYK,97,97,27477166.00,46667.00,16384,19,true,true,OK
LL,97,97,0.00,0.00,0,0,false,false,CONFLICT
LR,97,97,23562.50,42.00,16384,20,true,true,OK
Leo,101,101,435750.50,6791.50,16384,20,true,true,OK
GLL,101,101,112145.50,270.50,16384,20,true,true,OK
RNGLR,101,101,78771.00,4833.00,16384,20,true,true,OK
BRNGLR,101,101,77021.00,250.00,16384,20,true,true,OK
CYK,101,101,24165312.00,35729.50,16384,20,true,true,OK
LL,101,101,0.00,0.00,0,0,false,false,CONFLICT
LR,101,101,25187.50,62.50,16384,20,true,true,OK
Leo,102,102,393958.50,7333.50,16384,20,true,true,OK
GLL,102,102,116313.00,771.00,16384,20,true,true,OK
RNGLR,102,102,81917.00,333.50,16384,20,true,true,OK
BRNGLR,102,102,82437.00,1270.50,16384,20,true,true,OK
CYK,102,102,30225334.00,88833.00,16384,17,true,true,OK
LL,102,102,0.00,0.00,0,0,false,false,CONFLICT
LR,102,102,27020.50,62.50,16384,20,true,true,OK
Leo,106,106,381521.50,10667.00,16384,20,true,true,OK
GLL,106,106,104416.50,729.00,16384,20,true,true,OK
RNGLR,106,106,70416.50,416.50,16384,20,true,true,OK
BRNGLR,106,106,76708.50,396.00,16384,20,true,true,OK
CYK,106,106,27409625.00,115375.00,16384,19,true,true,OK
LL,106,106,0.00,0.00,0,0,false,false,CONFLICT
LR,106,106,23770.50,479.00,16384,20,true,true,OK
Leo,111,111,291833.50,5208.50,16384,20,true,true,OK
GLL,111,111,118896.00,666.50,16384,20,true,true,OK
RNGLR,111,111,88854.00,4895.50,16384,20,true,true,OK
BRNGLR,111,111,90687.00,229.50,16384,20,true,true,OK
CYK,111,111,57774250.00,162625.00,16384,10,true,true,OK
LL,111,111,0.00,0.00,0,0,false,false,CONFLICT
LR,111,111,27729.00,520.00,0,20,true,true,OK
Leo,113,113,390417.00,7145.50,16384,20,true,true,OK
GLL,113,113,118937.50,396.00,16384,20,true,true,OK
RNGLR,113,113,85812.50,1750.50,16384,20,true,true,OK
BRNGLR,113,113,85000.00,291.00,16384,20,true,true,OK
CYK,113,113,40610542.00,125084.00,16384,13,true,true,OK
LL,113,113,0.00,0.00,0,0,false,false,CONFLICT
LR,113,113,26333.50,83.50,16384,20,true,true,OK
Leo,120,120,402271.00,7646.00,16384,20,true,true,OK
GLL,120,120,125270.50,563.00,16384,20,true,true,OK
RNGLR,120,120,93813.00,4021.00,16384,20,true,true,OK
BRNGLR,120,120,92437.50,312.50,16384,20,true,true,OK
CYK,120,120,48578167.00,208833.00,16384,11,true,true,OK
LL,120,120,0.00,0.00,0,0,false,false,CONFLICT
LR,120,120,29291.00,62.50,0,20,true,true,OK
Leo,120,120,432750.00,3896.00,16384,20,true,true,OK
GLL,120,120,124687.50,3875.50,16384,20,true,true,OK
RNGLR,120,120,82563.00,541.50,16384,20,true,true,OK
BRNGLR,120,120,88667.00,438.00,16384,20,true,true,OK
CYK,120,120,38378250.00,128958.00,16384,13,true,true,OK
LL,120,120,0.00,0.00,0,0,false,false,CONFLICT
LR,120,120,27042.00,83.50,16384,20,true,true,OK
Leo,123,123,471646.00,8875.00,16384,20,true,true,OK
GLL,123,123,130542.00,750.00,16384,20,true,true,OK
RNGLR,123,123,90375.00,271.00,16384,20,true,true,OK
BRNGLR,123,123,97021.50,2042.50,16384,20,true,true,OK
CYK,123,123,43211520.50,72416.00,16384,12,true,true,OK
LL,123,123,0.00,0.00,0,0,false,false,CONFLICT
LR,123,123,29917.00,42.00,16384,20,true,true,OK
Leo,124,124,370104.00,2812.50,16384,20,true,true,OK
GLL,124,124,118146.00,292.00,16384,20,true,true,OK
RNGLR,124,124,83812.50,396.00,16384,20,true,true,OK
BRNGLR,124,124,87854.50,271.00,16384,20,true,true,OK
CYK,124,124,46766583.00,176833.00,16384,11,true,true,OK
LL,124,124,0.00,0.00,0,0,false,false,CONFLICT
LR,124,124,26584.00,41.00,16384,20,true,true,OK
Leo,129,129,621021.00,14937.50,16384,20,true,true,OK
GLL,129,129,143354.50,458.50,16384,20,true,true,OK
RNGLR,129,129,94645.50,270.50,16384,20,true,true,OK
BRNGLR,129,129,97146.00,1438.00,16384,20,true,true,OK
CYK,129,129,42638458.50,107771.00,98304,12,true,true,OK
LL,129,129,0.00,0.00,0,0,false,false,CONFLICT
LR,129,129,31188.00,208.50,16384,20,true,true,OK
Leo,133,133,487583.00,14083.00,16384,20,true,true,OK
GLL,133,133,155104.00,854.50,16384,20,true,true,OK
RNGLR,133,133,103833.50,208.00,16384,20,true,true,OK
BRNGLR,133,133,111729.00,2312.50,16384,20,true,true,OK
CYK,133,133,61574062.00,128750.00,16384,10,true,true,OK
LL,133,133,0.00,0.00,0,0,false,false,CONFLICT
LR,133,133,32104.50,62.50,16384,20,true,true,OK
Leo,140,140,558354.00,8374.50,32768,20,true,true,OK
GLL,140,140,159687.50,312.50,16384,20,true,true,OK
RNGLR,140,140,106291.50,291.50,16384,20,true,true,OK
BRNGLR,140,140,110167.00,480.00,16384,20,true,true,OK
CYK,140,140,67433833.00,145771.00,16384,10,true,true,OK
LL,140,140,0.00,0.00,0,0,false,false,CONFLICT
LR,140,140,36250.00,83.00,16384,20,true,true,OK
Leo,142,142,577062.50,12521.00,16384,20,true,true,OK
GLL,142,142,148604.50,604.50,16384,20,true,true,OK
RNGLR,142,142,100958.00,646.00,16384,20,true,true,OK
BRNGLR,142,142,103729.00,541.50,16384,20,true,true,OK
CYK,142,142,64331937.50,157104.50,16384,10,true,true,OK
LL,142,142,0.00,0.00,0,0,false,false,CONFLICT
LR,142,142,32895.50,83.50,16384,20,true,true,OK
Leo,142,142,400500.00,3958.50,16384,20,true,true,OK
GLL,142,142,139437.50,1437.50,16384,20,true,true,OK
RNGLR,142,142,100146.00,458.50,16384,20,true,true,OK
BRNGLR,142,142,101333.50,687.50,16384,20,true,true,OK
CYK,142,142,71572854.00,144104.00,16384,10,true,true,OK
LL,142,142,0.00,0.00,0,0,false,false,CONFLICT
LR,142,142,30250.00,41.50,16384,20,true,true,OK
Leo,143,143,527625.00,9833.00,32768,20,true,true,OK
GLL,143,143,180458.00,916.00,16384,20,true,true,OK
RNGLR,143,143,114666.50,312.50,16384,20,true,true,OK
BRNGLR,143,143,118854.00,458.50,16384,20,true,true,OK
CYK,143,143,79756896.00,58812.50,16384,10,true,true,OK
LL,143,143,0.00,0.00,0,0,false,false,CONFLICT
LR,143,143,39542.00,21.00,16384,20,true,true,OK
Leo,146,146,445750.00,6166.50,16384,20,true,true,OK
GLL,146,146,158958.50,1271.00,16384,20,true,true,OK
RNGLR,146,146,104896.00,708.00,16384,20,true,true,OK
BRNGLR,146,146,112667.00,396.00,16384,20,true,true,OK
CYK,146,146,95747500.50,79542.00,16384,10,true,true,OK
LL,146,146,0.00,0.00,0,0,false,false,CONFLICT
LR,146,146,34250.00,125.00,16384,20,true,true,OK
Leo,149,149,559958.50,9292.50,16384,20,true,true,OK
GLL,149,149,161395.50,1145.50,16384,20,true,true,OK
RNGLR,149,149,107520.50,437.00,16384,20,true,true,OK
BRNGLR,149,149,111125.00,250.00,16384,20,true,true,OK
CYK,149,149,77187854.50,160104.50,131072,10,true,true,OK
LL,149,149,0.00,0.00,0,0,false,false,CONFLICT
LR,149,149,35687.50,270.50,16384,20,true,true,OK
Leo,182,182,1221458.50,11750.00,32768,20,true,true,OK
GLL,182,182,240999.50,708.00,16384,20,true,true,OK
RNGLR,182,182,153875.00,354.00,16384,20,true,true,OK
BRNGLR,182,182,140145.50,354.50,16384,20,true,true,OK
CYK,182,182,210318124.50,668228.50,81920,10,true,true,OK
LL,182,182,0.00,0.00,0,0,false,false,CONFLICT
LR,182,182,51917.00,42.00,16384,20,true,true,OK
Leo,184,184,1365146.00,14229.50,114688,20,true,true,OK
GLL,184,184,242583.50,2521.50,16384,20,true,true,OK
RNGLR,184,184,150583.00,312.50,16384,20,true,true,OK
BRNGLR,184,184,135396.00,187.50,16384,20,true,true,OK
CYK,184,184,232259375.00,495875.50,16384,10,true,true,OK
LL,184,184,0.00,0.00,0,0,false,false,CONFLICT
LR,184,184,50416.50,41.50,16384,20,true,true,OK
Leo,201,201,1401500.00,14187.50,16384,20,true,true,OK
GLL,201,201,260375.00,750.00,16384,20,true,true,OK
RNGLR,201,201,163312.50,1770.50,16384,20,true,true,OK
BRNGLR,201,201,153125.00,3437.50,16384,20,true,true,OK
CYK,201,201,264923687.50,1072271.00,131072,10,true,true,OK
LL,201,201,0.00,0.00,0,0,false,false,CONFLICT
LR,201,201,55708.00,83.00,16384,20,true,true,OK
Leo,270,270,2012729.00,11458.50,81920,20,true,true,OK
GLL,270,270,349500.00,896.00,16384,20,true,true,OK
RNGLR,270,270,227125.00,583.50,16384,20,true,true,OK
BRNGLR,270,270,202458.00,354.00,16384,20,true,true,OK
CYK,270,270,778585041.00,3499083.00,81920,10,true,true,OK
LL,270,270,0.00,0.00,0,0,false,false,CONFLICT
LR,270,270,75500.00,42.00,16384,20,true,true,OK
Leo,319,319,2170021.00,25854.50,16384,20,true,true,OK
GLL,319,319,423562.50,9187.50,16384,20,true,true,OK
RNGLR,319,319,263708.00,3416.00,16384,20,true,true,OK
BRNGLR,319,319,242229.00,2646.00,16384,20,true,true,OK
CYK,319,319,829327083.00,794916.00,81920,10,true,true,OK
LL,319,319,0.00,0.00,0,0,false,false,CONFLICT
LR,319,319,90020.50,83.50,16384,20,true,true,OK
Leo,321,321,2487479.00,12895.50,49152,20,true,true,OK
GLL,321,321,420270.50,1520.50,16384,20,true,true,OK
RNGLR,321,321,271958.50,979.50,16384,20,true,true,OK
BRNGLR,321,321,243479.50,541.50,16384,20,true,true,OK
CYK,321,321,1280426083.50,506729.50,16384,10,true,true,OK
LL,321,321,0.00,0.00,0,0,false,false,CONFLICT
LR,321,321,89541.50,83.50,16384,20,true,true,OK
Leo,423,423,2904958.00,27020.50,65536,20,true,true,OK
GLL,423,423,538896.00,3187.50,16384,20,true,true,OK
RNGLR,423,423,353291.50,1333.50,16384,20,true,true,OK
BRNGLR,423,423,332479.00,3583.00,16384,20,true,true,OK
CYK,423,423,0.00,0.00,0,0,false,false,TIMEOUT
LL,423,423,0.00,0.00,0,0,false,false,CONFLICT
LR,423,423,121687.50,1542.00,16384,20,true,true,OK
Leo,423,423,2898292.00,19208.50,16384,20,true,true,OK
GLL,423,423,545104.50,3583.50,16384,20,true,true,OK
RNGLR,423,423,345750.00,1124.50,16384,20,true,true,OK
BRNGLR,423,423,324833.50,6292.00,16384,20,true,true,OK
CYK,423,423,0.00,0.00,0,0,false,false,TIMEOUT
LL,423,423,0.00,0.00,0,0,false,false,CONFLICT
LR,423,423,117771.00,105.00,16384,20,true,true,OK
Leo,463,463,2752208.50,10250.00,32768,20,true,true,OK
GLL,463,463,580583.50,6312.50,16384,20,true,true,OK
RNGLR,463,463,360312.50,1437.50,16384,20,true,true,OK
BRNGLR,463,463,345417.00,2063.00,16384,20,true,true,OK
CYK,463,463,0.00,0.00,0,0,false,false,TIMEOUT
LL,463,463,0.00,0.00,0,0,false,false,CONFLICT
LR,463,463,125854.00,499.50,16384,20,true,true,OK
Leo,546,546,4069917.00,15937.50,98304,20,true,true,OK
GLL,546,546,707374.50,4103.50,16384,20,true,true,OK
RNGLR,546,546,456604.00,1271.00,16384,20,true,true,OK
BRNGLR,546,546,411395.50,1145.50,16384,20,true,true,OK
CYK,546,546,0.00,0.00,0,0,false,false,TIMEOUT
LL,546,546,0.00,0.00,0,0,false,false,CONFLICT
LR,546,546,153271.00,2083.50,16384,20,true,true,OK
Leo,582,582,4149562.00,26478.50,16384,20,true,true,OK
GLL,582,582,742125.50,7500.00,16384,20,true,true,OK
RNGLR,582,582,481937.00,1312.00,16384,20,true,true,OK
BRNGLR,582,582,442937.50,1083.00,16384,20,true,true,OK
CYK,582,582,0.00,0.00,0,0,false,false,TIMEOUT
LL,582,582,0.00,0.00,0,0,false,false,CONFLICT
LR,582,582,161042.00,229.50,16384,20,true,true,OK
Leo,611,611,4562208.50,31146.50,114688,20,true,true,OK
GLL,611,611,802708.50,7500.00,16384,20,true,true,OK
RNGLR,611,611,517271.00,3000.00,16384,20,true,true,OK
BRNGLR,611,611,465500.00,1333.50,16384,20,true,true,OK
CYK,611,611,0.00,0.00,0,0,false,false,TIMEOUT
LL,611,611,0.00,0.00,0,0,false,false,CONFLICT
LR,611,611,170167.00,62.00,16384,20,true,true,OK
Leo,630,630,5209229.50,65812.50,32768,20,true,true,OK
GLL,630,630,820292.00,4271.50,16384,20,true,true,OK
RNGLR,630,630,565771.00,938.00,16384,20,true,true,OK
BRNGLR,630,630,511270.50,1604.00,16384,20,true,true,OK
CYK,630,630,0.00,0.00,0,0,false,false,TIMEOUT
LL,630,630,0.00,0.00,0,0,false,false,CONFLICT
LR,630,630,175583.50,208.50,16384,20,true,true,OK
Leo,725,725,6177917.00,224333.50,49152,20,true,true,OK
GLL,725,725,932208.00,3833.00,16384,20,true,true,OK
RNGLR,725,725,661417.00,4604.50,16384,20,true,true,OK
BRNGLR,725,725,596021.00,3749.50,16384,20,true,true,OK
CYK,725,725,0.00,0.00,0,0,false,false,TIMEOUT
LL,725,725,0.00,0.00,0,0,false,false,CONFLICT
LR,725,725,201542.00,187.50,16384,20,true,true,OK
Leo,785,785,6077625.00,55624.50,16384,20,true,true,OK
GLL,785,785,1020833.50,6792.00,16384,20,true,true,OK
RNGLR,785,785,660458.00,5416.50,16384,20,true,true,OK
BRNGLR,785,785,596062.00,4770.00,16384,20,true,true,OK
CYK,785,785,0.00,0.00,0,0,false,false,TIMEOUT
LL,785,785,0.00,0.00,0,0,false,false,CONFLICT
LR,785,785,218354.50,166.50,16384,20,true,true,OK
Leo,789,789,6652833.50,111146.00,16384,20,true,true,OK
GLL,789,789,1016687.00,5562.00,16384,20,true,true,OK
RNGLR,789,789,720479.00,2333.00,16384,20,true,true,OK
BRNGLR,789,789,649917.00,1292.00,16384,20,true,true,OK
CYK,789,789,0.00,0.00,0,0,false,false,TIMEOUT
LL,789,789,0.00,0.00,0,0,false,false,CONFLICT
LR,789,789,220312.50,1229.00,16384,20,true,true,OK
Leo,881,881,7467250.50,88792.00,114688,20,true,true,OK
GLL,881,881,1119229.00,6833.00,16384,20,true,true,OK
RNGLR,881,881,817750.00,3375.00,16384,20,true,true,OK
BRNGLR,881,881,743229.50,8125.50,16384,20,true,true,OK
CYK,881,881,0.00,0.00,0,0,false,false,TIMEOUT
LL,881,881,0.00,0.00,0,0,false,false,CONFLICT
LR,881,881,243541.50,333.50,16384,20,true,true,OK
Leo,916,916,6406250.00,54291.50,16384,20,true,true,OK
GLL,916,916,1213958.00,9916.50,16384,20,true,true,OK
RNGLR,916,916,760854.50,5021.00,16384,20,true,true,OK
BRNGLR,916,916,699708.50,3312.00,16384,20,true,true,OK
CYK,916,916,0.00,0.00,0,0,false,false,TIMEOUT
LL,916,916,0.00,0.00,0,0,false,false,CONFLICT
LR,916,916,258250.00,937.00,16384,20,true,true,OK
Leo,1039,1039,7776541.50,120083.00,32768,20,true,true,OK
GLL,1039,1039,1325895.50,9875.00,16384,20,true,true,OK
RNGLR,1039,1039,870083.50,8625.00,16384,20,true,true,OK
BRNGLR,1039,1039,795104.50,7125.50,16384,20,true,true,OK
CYK,1039,1039,0.00,0.00,0,0,false,false,TIMEOUT
LL,1039,1039,0.00,0.00,0,0,false,false,CONFLICT
LR,1039,1039,288896.00,479.50,16384,20,true,true,OK
Leo,1047,1047,8982479.00,128916.50,98304,20,true,true,OK
GLL,1047,1047,1341854.00,10562.50,16384,20,true,true,OK
RNGLR,1047,1047,1007333.50,8542.00,16384,20,true,true,OK
BRNGLR,1047,1047,912000.00,6729.00,16384,20,true,true,OK
CYK,1047,1047,0.00,0.00,0,0,false,false,TIMEOUT
LL,1047,1047,0.00,0.00,0,0,false,false,CONFLICT
LR,1047,1047,290708.00,291.50,16384,20,true,true,OK
Leo,1051,1051,8426270.50,86187.50,16384,20,true,true,OK
GLL,1051,1051,1353458.50,11417.00,16384,20,true,true,OK
RNGLR,1051,1051,898478.50,7999.00,16384,20,true,true,OK
BRNGLR,1051,1051,813521.00,8187.00,16384,20,true,true,OK
CYK,1051,1051,0.00,0.00,0,0,false,false,TIMEOUT
LL,1051,1051,0.00,0.00,0,0,false,false,CONFLICT
LR,1051,1051,291604.00,375.00,16384,20,true,true,OK
Leo,1081,1081,8093396.00,66354.00,16384,20,true,true,OK
GLL,1081,1081,1360229.00,10062.50,16384,20,true,true,OK
RNGLR,1081,1081,916292.00,3562.50,16384,20,true,true,OK
BRNGLR,1081,1081,844104.50,4687.50,16384,20,true,true,OK
CYK,1081,1081,0.00,0.00,0,0,false,false,TIMEOUT
LL,1081,1081,0.00,0.00,0,0,false,false,CONFLICT
LR,1081,1081,301437.50,2270.50,16384,20,true,true,OK
Leo,1141,1141,9839749.50,121249.00,16384,20,true,true,OK
GLL,1141,1141,1462708.50,9271.50,16384,20,true,true,OK
RNGLR,1141,1141,1037250.00,20771.00,16384,20,true,true,OK
BRNGLR,1141,1141,923291.50,8333.50,16384,20,true,true,OK
CYK,1141,1141,0.00,0.00,0,0,false,false,TIMEOUT
LL,1141,1141,0.00,0.00,0,0,false,false,CONFLICT
LR,1141,1141,314978.50,520.00,16384,20,true,true,OK
Leo,1211,1211,10571417.00,123104.00,32768,20,true,true,OK
GLL,1211,1211,1578895.50,7708.00,16384,20,true,true,OK
RNGLR,1211,1211,1067437.50,6312.50,16384,20,true,true,OK
BRNGLR,1211,1211,963041.50,8563.00,16384,20,true,true,OK
CYK,1211,1211,0.00,0.00,0,0,false,false,TIMEOUT
LL,1211,1211,0.00,0.00,0,0,false,false,CONFLICT
LR,1211,1211,333812.50,562.50,16384,20,true,true,OK
Leo,1230,1230,12016312.50,105875.00,65536,20,true,true,OK
GLL,1230,1230,1615229.00,10291.00,16384,20,true,true,OK
RNGLR,1230,1230,1229875.00,14791.50,16384,20,true,true,OK
BRNGLR,1230,1230,1117250.50,10771.50,16384,20,true,true,OK
CYK,1230,1230,0.00,0.00,0,0,false,false,TIMEOUT
LL,1230,1230,0.00,0.00,0,0,false,false,CONFLICT
LR,1230,1230,343604.50,1563.00,16384,20,true,true,OK
Leo,1305,1305,13123208.00,78083.00,81920,20,true,true,OK
GLL,1305,1305,1708937.50,6187.50,32768,20,true,true,OK
RNGLR,1305,1305,1182208.50,3188.00,16384,20,true,true,OK
BRNGLR,1305,1305,1069562.50,10895.50,16384,20,true,true,OK
CYK,1305,1305,0.00,0.00,0,0,false,false,TIMEOUT
LL,1305,1305,0.00,0.00,0,0,false,false,CONFLICT
LR,1305,1305,359041.50,854.00,16384,20,true,true,OK
Leo,1312,1312,13317333.00,106854.50,16384,20,true,true,OK
GLL,1312,1312,1707958.00,11854.00,16384,20,true,true,OK
RNGLR,1312,1312,1197937.00,5562.00,16384,20,true,true,OK
BRNGLR,1312,1312,1087459.00,11771.50,16384,20,true,true,OK
CYK,1312,1312,0.00,0.00,0,0,false,false,TIMEOUT
LL,1312,1312,0.00,0.00,0,0,false,false,CONFLICT
LR,1312,1312,364083.50,1937.50,16384,20,true,true,OK
Leo,1341,1341,13163166.50,82999.50,16384,20,true,true,OK
GLL,1341,1341,1775916.50,13750.00,16384,20,true,true,OK
RNGLR,1341,1341,1278125.50,23334.50,16384,20,true,true,OK
BRNGLR,1341,1341,1151208.50,16562.50,16384,20,true,true,OK
CYK,1341,1341,0.00,0.00,0,0,false,false,TIMEOUT
LL,1341,1341,0.00,0.00,0,0,false,false,CONFLICT
LR,1341,1341,381042.00,3521.00,16384,20,true,true,OK
Leo,1367,1367,13501666.50,127812.00,16384,20,true,true,OK
GLL,1367,1367,1788583.50,17479.50,16384,20,true,true,OK
RNGLR,1367,1367,1212750.00,7458.50,16384,20,true,true,OK
BRNGLR,1367,1367,1096979.00,7125.00,16384,20,true,true,OK
CYK,1367,1367,0.00,0.00,0,0,false,false,TIMEOUT
LL,1367,1367,0.00,0.00,0,0,false,false,CONFLICT
LR,1367,1367,378437.50,1062.00,16384,20,true,true,OK
Leo,1382,1382,14295458.50,200062.50,65536,20,true,true,OK
GLL,1382,1382,1795083.50,5771.00,16384,20,true,true,OK
RNGLR,1382,1382,1408750.00,13562.50,16384,20,true,true,OK
BRNGLR,1382,1382,1280771.00,6958.50,16384,20,true,true,OK
CYK,1382,1382,0.00,0.00,0,0,false,false,TIMEOUT
LL,1382,1382,0.00,0.00,0,0,false,false,CONFLICT
LR,1382,1382,385624.50,3083.00,16384,20,true,true,OK
Leo,1408,1408,14734041.50,123541.50,114688,20,true,true,OK
GLL,1408,1408,1809271.00,4562.50,16384,20,true,true,OK
RNGLR,1408,1408,1449896.00,12125.00,16384,20,true,true,OK
BRNGLR,1408,1408,1312729.00,5729.50,16384,20,true,true,OK
CYK,1408,1408,0.00,0.00,0,0,false,false,TIMEOUT
LL,1408,1408,0.00,0.00,0,0,false,false,CONFLICT
LR,1408,1408,390249.50,1624.50,16384,20,true,true,OK
Leo,1412,1412,13805749.50,83124.00,16384,20,true,true,OK
GLL,1412,1412,1818958.50,9562.50,16384,20,true,true,OK
RNGLR,1412,1412,1325833.50,8500.00,16384,20,true,true,OK
BRNGLR,1412,1412,1219792.00,10041.50,16384,20,true,true,OK
CYK,1412,1412,0.00,0.00,0,0,false,false,TIMEOUT
LL,1412,1412,0.00,0.00,0,0,false,false,CONFLICT
LR,1412,1412,389666.50,1458.00,16384,20,true,true,OK
Leo,1457,1457,13857625.00,138208.00,16384,20,true,true,OK
GLL,1457,1457,1845979.00,5541.50,16384,20,true,true,OK
RNGLR,1457,1457,1280729.00,12333.00,16384,20,true,true,OK
BRNGLR,1457,1457,1165166.50,7395.50,16384,20,true,true,OK
CYK,1457,1457,0.00,0.00,0,0,false,false,TIMEOUT
LL,1457,1457,0.00,0.00,0,0,false,false,CONFLICT
LR,1457,1457,398958.00,396.00,16384,20,true,true,OK
Leo,1486,1486,15358562.50,143354.00,98304,20,true,true,OK
GLL,1486,1486,1904771.00,12979.00,16384,20,true,true,OK
RNGLR,1486,1486,1544333.50,8375.50,16384,20,true,true,OK
BRNGLR,1486,1486,1408166.50,8604.50,16384,20,true,true,OK
CYK,1486,1486,0.00,0.00,0,0,false,false,TIMEOUT
LL,1486,1486,0.00,0.00,0,0,false,false,CONFLICT
LR,1486,1486,414750.00,2687.50,16384,20,true,true,OK
Leo,1488,1488,14561791.50,119604.00,16384,20,true,true,OK
GLL,1488,1488,1921812.50,9937.00,16384,20,true,true,OK
RNGLR,1488,1488,1301396.00,6437.50,16384,20,true,true,OK
BRNGLR,1488,1488,1182229.00,4854.50,16384,20,true,true,OK
CYK,1488,1488,0.00,0.00,0,0,false,false,TIMEOUT
LL,1488,1488,0.00,0.00,0,0,false,false,CONFLICT
LR,1488,1488,409729.00,791.50,16384,20,true,true,OK
Leo,1501,1501,15283646.00,58437.00,16384,20,true,true,OK
GLL,1501,1501,1934833.50,12250.00,16384,20,true,true,OK
RNGLR,1501,1501,1279063.00,7437.50,16384,20,true,true,OK
BRNGLR,1501,1501,1139854.50,3479.50,16384,20,true,true,OK
CYK,1501,1501,0.00,0.00,0,0,false,false,TIMEOUT
LL,1501,1501,0.00,0.00,0,0,false,false,CONFLICT
LR,1501,1501,414354.00,375.00,16384,20,true,true,OK
Leo,1523,1523,16091937.00,45166.50,65536,20,true,true,OK
GLL,1523,1523,1950958.50,9666.50,16384,20,true,true,OK
RNGLR,1523,1523,1587104.00,10521.00,16384,20,true,true,OK
BRNGLR,1523,1523,1451229.00,12562.50,16384,20,true,true,OK
CYK,1523,1523,0.00,0.00,0,0,false,false,TIMEOUT
LL,1523,1523,0.00,0.00,0,0,false,false,CONFLICT
LR,1523,1523,420333.00,1208.00,16384,20,true,true,OK
Leo,1564,1564,15330354.50,152500.00,32768,20,true,true,OK
GLL,1564,1564,2045687.50,9687.50,16384,20,true,true,OK
RNGLR,1564,1564,1396313.00,10896.50,16384,20,true,true,OK
BRNGLR,1564,1564,1255375.00,7812.50,16384,20,true,true,OK
CYK,1564,1564,0.00,0.00,0,0,false,false,TIMEOUT
LL,1564,1564,0.00,0.00,0,0,false,false,CONFLICT
LR,1564,1564,436479.00,791.50,16384,20,true,true,OK
Leo,1693,1693,17338500.50,207187.50,81920,20,true,true,OK
GLL,1693,1693,2182583.50,15562.50,16384,20,true,true,OK
RNGLR,1693,1693,1503604.00,7979.00,16384,20,true,true,OK
BRNGLR,1693,1693,1349188.00,4500.00,16384,20,true,true,OK
CYK,1693,1693,0.00,0.00,0,0,false,false,TIMEOUT
LL,1693,1693,0.00,0.00,0,0,false,false,CONFLICT
LR,1693,1693,466166.50,1271.00,16384,20,true,true,OK
Leo,1763,1763,18607250.00,162895.50,131072,20,true,true,OK
GLL,1763,1763,2250792.00,14687.50,16384,20,true,true,OK
RNGLR,1763,1763,1753624.50,13958.00,16384,20,true,true,OK
BRNGLR,1763,1763,1621645.50,9021.00,16384,20,true,true,OK
CYK,1763,1763,0.00,0.00,0,0,false,false,TIMEOUT
LL,1763,1763,0.00,0.00,0,0,false,false,CONFLICT
LR,1763,1763,488000.50,938.50,16384,20,true,true,OK
Leo,1841,1841,19523333.50,168542.00,147456,20,true,true,OK
GLL,1841,1841,2339625.00,9333.50,32768,20,true,true,OK
RNGLR,1841,1841,1711958.00,7000.00,16384,20,true,true,OK
BRNGLR,1841,1841,1542937.50,5813.00,16384,20,true,true,OK
CYK,1841,1841,0.00,0.00,0,0,false,false,TIMEOUT
LL,1841,1841,0.00,0.00,0,0,false,false,CONFLICT
LR,1841,1841,508125.00,1583.00,16384,20,true,true,OK
Leo,1881,1881,20717500.00,194479.00,32768,20,true,true,OK
GLL,1881,1881,2393062.50,8270.50,16384,20,true,true,OK
RNGLR,1881,1881,2074458.50,18666.50,16384,20,true,true,OK
BRNGLR,1881,1881,1894562.50,10228.50,16384,20,true,true,OK
CYK,1881,1881,0.00,0.00,0,0,false,false,TIMEOUT
LL,1881,1881,0.00,0.00,0,0,false,false,CONFLICT
LR,1881,1881,518875.00,1000.00,16384,20,true,true,OK
Leo,2053,2053,22528104.50,133917.00,32768,20,true,true,OK
GLL,2053,2053,2621395.50,12187.50,32768,20,true,true,OK
RNGLR,2053,2053,2337104.00,18833.50,16384,20,true,true,OK
BRNGLR,2053,2053,2140499.50,11770.50,16384,20,true,true,OK
CYK,2053,2053,0.00,0.00,0,0,false,false,TIMEOUT
LL,2053,2053,0.00,0.00,0,0,false,false,CONFLICT
LR,2053,2053,570646.00,2208.50,16384,20,true,true,OK
Leo,2091,2091,22661250.00,128896.00,98304,20,true,true,OK
GLL,2091,2091,2642687.50,6541.50,16384,20,true,true,OK
RNGLR,2091,2091,2043021.00,17833.50,16384,20,true,true,OK
BRNGLR,2091,2091,1843021.00,11458.50,16384,20,true,true,OK
CYK,2091,2091,0.00,0.00,0,0,false,false,TIMEOUT
LL,2091,2091,0.00,0.00,0,0,false,false,CONFLICT
LR,2091,2091,578021.00,1229.00,16384,20,true,true,OK
Leo,2238,2238,24832708.50,248583.50,49152,20,true,true,OK
GLL,2238,2238,2843437.50,9458.00,16384,20,true,true,OK
RNGLR,2238,2238,1972249.50,17687.50,16384,20,true,true,OK
BRNGLR,2238,2238,1752853.50,10479.00,16384,20,true,true,OK
CYK,2238,2238,0.00,0.00,0,0,false,false,TIMEOUT
LL,2238,2238,0.00,0.00,0,0,false,false,CONFLICT
LR,2238,2238,616979.00,2396.00,16384,20,true,true,OK
Leo,2273,2273,25351479.00,153958.50,49152,20,true,true,OK
GLL,2273,2273,2872396.00,9917.00,16384,20,true,true,OK
RNGLR,2273,2273,2632229.50,17000.50,16384,20,true,true,OK
BRNGLR,2273,2273,2431541.50,12333.50,16384,20,true,true,OK
CYK,2273,2273,0.00,0.00,0,0,false,false,TIMEOUT
LL,2273,2273,0.00,0.00,0,0,false,false,CONFLICT
LR,2273,2273,633792.00,4417.00,16384,20,true,true,OK
Leo,2307,2307,26143542.00,202959.00,114688,19,true,true,OK
GLL,2307,2307,2947208.50,18687.50,16384,20,true,true,OK
RNGLR,2307,2307,2311271.00,14166.50,16384,20,true,true,OK
BRNGLR,2307,2307,2085708.00,12021.00,16384,20,true,true,OK
CYK,2307,2307,0.00,0.00,0,0,false,false,TIMEOUT
LL,2307,2307,0.00,0.00,0,0,false,false,CONFLICT
LR,2307,2307,639041.50,4999.50,16384,20,true,true,OK
Leo,2401,2401,32397062.50,58021.00,114688,16,true,true,OK
GLL,2401,2401,3126021.00,12250.00,16384,20,true,true,OK
RNGLR,2401,2401,2186000.50,12459.00,16384,20,true,true,OK
BRNGLR,2401,2401,1989083.50,13104.00,16384,20,true,true,OK
CYK,2401,2401,0.00,0.00,0,0,false,false,TIMEOUT
LL,2401,2401,0.00,0.00,0,0,false,false,CONFLICT
LR,2401,2401,664229.00,5395.50,16384,20,true,true,OK
Leo,2459,2459,33933625.00,90500.00,98304,15,true,true,OK
GLL,2459,2459,3190625.00,10416.50,16384,20,true,true,OK
RNGLR,2459,2459,2967667.00,17187.50,16384,20,true,true,OK
BRNGLR,2459,2459,2719853.50,8979.00,16384,20,true,true,OK
CYK,2459,2459,0.00,0.00,0,0,false,false,TIMEOUT
LL,2459,2459,0.00,0.00,0,0,false,false,CONFLICT
LR,2459,2459,678520.50,2125.00,16384,20,true,true,OK
Leo,2464,2464,33614292.00,41583.00,16384,15,true,true,OK
GLL,2464,2464,3252645.50,13729.00,16384,20,true,true,OK
RNGLR,2464,2464,2543291.50,11146.00,16384,20,true,true,OK
BRNGLR,2464,2464,2313916.50,11062.50,16384,20,true,true,OK
CYK,2464,2464,0.00,0.00,0,0,false,false,TIMEOUT
LL,2464,2464,0.00,0.00,0,0,false,false,CONFLICT
LR,2464,2464,679750.00,3166.50,16384,20,true,true,OK
Leo,2538,2538,34931542.00,41167.00,98304,15,true,true,OK
GLL,2538,2538,3287396.00,10709.00,16384,20,true,true,OK
RNGLR,2538,2538,3076396.00,17208.50,16384,20,true,true,OK
BRNGLR,2538,2538,2818917.00,12000.50,16384,20,true,true,OK
CYK,2538,2538,0.00,0.00,0,0,false,false,TIMEOUT
LL,2538,2538,0.00,0.00,0,0,false,false,CONFLICT
LR,2538,2538,704917.00,2917.00,16384,20,true,true,OK
Leo,2600,2600,33137375.00,73604.50,49152,16,true,true,OK
GLL,2600,2600,3405958.00,13646.00,32768,20,true,true,OK
RNGLR,2600,2600,2313229.00,11229.00,16384,20,true,true,OK
BRNGLR,2600,2600,2198083.50,46541.50,16384,20,true,true,OK
CYK,2600,2600,0.00,0.00,0,0,false,false,TIMEOUT
LL,2600,2600,0.00,0.00,0,0,false,false,CONFLICT
LR,2600,2600,763625.00,10833.00,16384,20,true,true,OK
Leo,2667,2667,32033729.00,165104.00,16384,16,true,true,OK
GLL,2667,2667,3461083.00,13313.00,16384,20,true,true,OK
RNGLR,2667,2667,2238666.50,10938.00,16384,20,true,true,OK
BRNGLR,2667,2667,2042041.50,6437.00,16384,20,true,true,OK
CYK,2667,2667,0.00,0.00,0,0,false,false,TIMEOUT
LL,2667,2667,0.00,0.00,0,0,false,false,CONFLICT
LR,2667,2667,734666.50,1666.50,16384,20,true,true,OK
Leo,2673,2673,36955270.50,69437.50,49152,14,true,true,OK
GLL,2673,2673,3434375.00,8000.50,16384,20,true,true,OK
RNGLR,2673,2673,3276063.00,12084.50,16384,20,true,true,OK
BRNGLR,2673,2673,3043833.50,20375.00,16384,20,true,true,OK
CYK,2673,2673,0.00,0.00,0,0,false,false,TIMEOUT
LL,2673,2673,0.00,0.00,0,0,false,false,CONFLICT
LR,2673,2673,740521.00,2520.50,16384,20,true,true,OK
Leo,2745,2745,36796916.50,74083.00,16384,14,true,true,OK
GLL,2745,2745,3566728.50,11021.00,16384,20,true,true,OK
RNGLR,2745,2745,2704312.50,9375.00,16384,20,true,true,OK
BRNGLR,2745,2745,2476291.50,7729.50,16384,20,true,true,OK
CYK,2745,2745,0.00,0.00,0,0,false,false,TIMEOUT
LL,2745,2745,0.00,0.00,0,0,false,false,CONFLICT
LR,2745,2745,758021.00,2396.00,16384,20,true,true,OK
Leo,2776,2776,37654562.50,80208.00,81920,14,true,true,OK
GLL,2776,2776,3599688.00,8563.00,32768,20,true,true,OK
RNGLR,2776,2776,3268750.00,13250.50,16384,20,true,true,OK
BRNGLR,2776,2776,3002604.50,11875.50,16384,20,true,true,OK
CYK,2776,2776,0.00,0.00,0,0,false,false,TIMEOUT
LL,2776,2776,0.00,0.00,0,0,false,false,CONFLICT
LR,2776,2776,771125.00,3354.00,16384,20,true,true,OK
Leo,2886,2886,37932958.50,45625.00,16384,14,true,true,OK
GLL,2886,2886,3732104.00,28854.00,1867776,20,true,true,OK
RNGLR,2886,2886,3222895.50,14146.00,16384,20,true,true,OK
BRNGLR,2886,2886,2957250.00,15708.50,16384,20,true,true,OK
CYK,2886,2886,0.00,0.00,0,0,false,false,TIMEOUT
LL,2886,2886,0.00,0.00,0,0,false,false,CONFLICT
LR,2886,2886,795979.00,1541.50,16384,20,true,true,OK
Leo,2929,2929,40168500.00,75333.00,131072,13,true,true,OK
GLL,2929,2929,3769874.50,11395.50,16384,20,true,true,OK
RNGLR,2929,2929,3650646.00,5895.50,32768,20,true,true,OK
BRNGLR,2929,2929,3401833.50,22250.00,16384,20,true,true,OK
CYK,2929,2929,0.00,0.00,0,0,false,false,TIMEOUT
LL,2929,2929,0.00,0.00,0,0,false,false,CONFLICT
LR,2929,2929,814395.50,3395.50,16384,20,true,true,OK
Leo,2959,2959,38705458.00,70541.00,16384,13,true,true,OK
GLL,2959,2959,3832104.50,18354.00,32768,20,true,true,OK
RNGLR,2959,2959,2829479.00,18395.50,16384,20,true,true,OK
BRNGLR,2959,2959,2577020.50,12978.50,16384,20,true,true,OK
CYK,2959,2959,0.00,0.00,0,0,false,false,TIMEOUT
LL,2959,2959,0.00,0.00,0,0,false,false,CONFLICT
LR,2959,2959,826708.00,2958.00,16384,20,true,true,OK
Leo,2976,2976,39505792.00,44459.00,16384,13,true,true,OK
GLL,2976,2976,3853645.50,18646.00,16384,20,true,true,OK
RNGLR,2976,2976,2902833.00,19104.00,16384,20,true,true,OK
BRNGLR,2976,2976,2639958.50,16813.00,16384,20,true,true,OK
CYK,2976,2976,0.00,0.00,0,0,false,false,TIMEOUT
LL,2976,2976,0.00,0.00,0,0,false,false,CONFLICT
LR,2976,2976,819646.00,2104.50,16384,20,true,true,OK
Leo,3295,3295,45552250.00,112959.00,163840,11,true,true,OK
GLL,3295,3295,4223083.00,16833.00,16384,20,true,true,OK
RNGLR,3295,3295,4328354.00,17625.00,32768,20,true,true,OK
BRNGLR,3295,3295,4013521.00,15021.50,16384,20,true,true,OK
CYK,3295,3295,0.00,0.00,0,0,false,false,TIMEOUT
LL,3295,3295,0.00,0.00,0,0,false,false,CONFLICT
LR,3295,3295,909917.00,1187.50,16384,20,true,true,OK
Leo,3301,3301,44763833.50,93125.00,16384,12,true,true,OK
GLL,3301,3301,4250562.50,22187.50,16384,20,true,true,OK
RNGLR,3301,3301,3358354.00,17145.50,16384,20,true,true,OK
BRNGLR,3301,3301,3060542.00,15812.50,16384,20,true,true,OK
CYK,3301,3301,0.00,0.00,0,0,false,false,TIMEOUT
LL,3301,3301,0.00,0.00,0,0,false,false,CONFLICT
LR,3301,3301,911604.00,3458.00,16384,20,true,true,OK
Leo,3319,3319,43740521.50,64437.50,16384,12,true,true,OK
GLL,3319,3319,4194083.50,16437.50,32768,20,true,true,OK
RNGLR,3319,3319,2998229.00,16500.00,16384,20,true,true,OK
BRNGLR,3319,3319,2728770.50,17229.50,16384,20,true,true,OK
CYK,3319,3319,0.00,0.00,0,0,false,false,TIMEOUT
LL,3319,3319,0.00,0.00,0,0,false,false,CONFLICT
LR,3319,3319,916604.00,2125.00,16384,20,true,true,OK
Leo,3337,3337,45730917.00,46166.00,16384,11,true,true,OK
GLL,3337,3337,4297479.00,40208.00,16384,20,true,true,OK
RNGLR,3337,3337,4273833.50,12833.50,32768,20,true,true,OK
BRNGLR,3337,3337,3985521.00,14708.00,16384,20,true,true,OK
CYK,3337,3337,0.00,0.00,0,0,false,false,TIMEOUT
LL,3337,3337,0.00,0.00,0,0,false,false,CONFLICT
LR,3337,3337,922438.00,2459.00,16384,20,true,true,OK
Leo,3341,3341,46597042.00,65375.00,65536,11,true,true,OK
GLL,3341,3341,4270646.00,24562.50,16384,20,true,true,OK
RNGLR,3341,3341,4454104.50,20813.00,32768,20,true,true,OK
BRNGLR,3341,3341,4140854.00,17291.50,16384,20,true,true,OK
CYK,3341,3341,0.00,0.00,0,0,false,false,TIMEOUT
LL,3341,3341,0.00,0.00,0,0,false,false,CONFLICT
LR,3341,3341,924541.50,1499.50,16384,20,true,true,OK
Leo,3352,3352,46360416.00,83043.00,16384,11,true,true,OK
GLL,3352,3352,4275416.00,14874.50,16384,20,true,true,OK
RNGLR,3352,3352,4410812.50,16166.50,16384,20,true,true,OK
BRNGLR,3352,3352,4108583.50,8750.00,16384,20,true,true,OK
CYK,3352,3352,0.00,0.00,0,0,false,false,TIMEOUT
LL,3352,3352,0.00,0.00,0,0,false,false,CONFLICT
LR,3352,3352,929104.00,1896.00,16384,20,true,true,OK
Leo,3369,3369,46834667.00,55500.00,65536,11,true,true,OK
GLL,3369,3369,4361708.00,12770.50,16384,20,true,true,OK
RNGLR,3369,3369,4240875.00,8999.50,16384,20,true,true,OK
BRNGLR,3369,3369,3904667.00,13354.50,16384,20,true,true,OK
CYK,3369,3369,0.00,0.00,0,0,false,false,TIMEOUT
LL,3369,3369,0.00,0.00,0,0,false,false,CONFLICT
LR,3369,3369,934000.00,2708.00,16384,20,true,true,OK
Leo,3377,3377,47175375.00,78583.00,16384,11,true,true,OK
GLL,3377,3377,4311520.50,19479.00,16384,20,true,true,OK
RNGLR,3377,3377,4515229.50,15853.50,32768,20,true,true,OK
BRNGLR,3377,3377,4201646.00,7792.00,16384,20,true,true,OK
CYK,3377,3377,0.00,0.00,0,0,false,false,TIMEOUT
LL,3377,3377,0.00,0.00,0,0,false,false,CONFLICT
LR,3377,3377,935416.50,4854.00,16384,20,true,true,OK
Leo,3450,3450,48334083.00,285750.00,49152,11,true,true,OK
GLL,3450,3450,4420438.00,38563.00,32768,20,true,true,OK
RNGLR,3450,3450,4842917.00,152229.50,16384,20,true,true,OK
BRNGLR,3450,3450,4334833.50,8021.00,16384,20,true,true,OK
CYK,3450,3450,0.00,0.00,0,0,false,false,TIMEOUT
LL,3450,3450,0.00,0.00,0,0,false,false,CONFLICT
LR,3450,3450,956062.50,1958.00,16384,20,true,true,OK
Leo,3486,3486,49492834.00,285582.00,98304,11,true,true,OK
GLL,3486,3486,4437917.00,21979.50,16384,20,true,true,OK
RNGLR,3486,3486,4723083.50,13312.00,16384,20,true,true,OK
BRNGLR,3486,3486,4394145.50,17479.00,16384,20,true,true,OK
CYK,3486,3486,0.00,0.00,0,0,false,false,TIMEOUT
LL,3486,3486,0.00,0.00,0,0,false,false,CONFLICT
LR,3486,3486,967896.00,2875.50,16384,20,true,true,OK
Leo,3495,3495,48662208.00,283125.00,16384,11,true,true,OK
GLL,3495,3495,4421458.00,14020.50,32768,20,true,true,OK
RNGLR,3495,3495,3879770.50,89312.50,32768,20,true,true,OK
BRNGLR,3495,3495,3543041.50,58958.00,16384,20,true,true,OK
CYK,3495,3495,0.00,0.00,0,0,false,false,TIMEOUT
LL,3495,3495,0.00,0.00,0,0,false,false,CONFLICT
LR,3495,3495,976229.00,9062.50,16384,20,true,true,OK
Leo,3498,3498,47988667.00,224501.00,16384,11,true,true,OK
GLL,3498,3498,4452209.00,65750.50,16384,20,true,true,OK
RNGLR,3498,3498,3202374.50,37729.00,16384,20,true,true,OK
BRNGLR,3498,3498,2935208.00,26833.50,16384,20,true,true,OK
CYK,3498,3498,0.00,0.00,0,0,false,false,TIMEOUT
LL,3498,3498,0.00,0.00,0,0,false,false,CONFLICT
LR,3498,3498,958437.00,2354.00,16384,20,true,true,OK
Leo,3527,3527,50424750.00,469917.00,16384,10,true,true,OK
GLL,3527,3527,4604625.50,55708.00,16384,20,true,true,OK
RNGLR,3527,3527,4851083.00,28104.50,16384,20,true,true,OK
BRNGLR,3527,3527,4527083.00,30604.00,16384,20,true,true,OK
CYK,3527,3527,0.00,0.00,0,0,false,false,TIMEOUT
LL,3527,3527,0.00,0.00,0,0,false,false,CONFLICT
LR,3527,3527,984917.00,10000.50,16384,20,true,true,OK
Leo,3566,3566,48370167.00,72292.00,16384,11,true,true,OK
GLL,3566,3566,4832375.00,212916.50,16384,20,true,true,OK
RNGLR,3566,3566,4734124.50,199334.00,16384,20,true,true,OK
BRNGLR,3566,3566,4236437.50,29749.50,16384,20,true,true,OK
CYK,3566,3566,0.00,0.00,0,0,false,false,TIMEOUT
LL,3566,3566,0.00,0.00,0,0,false,false,CONFLICT
LR,3566,3566,997875.00,4729.00,16384,20,true,true,OK
Leo,3602,3602,50070354.00,788646.50,49152,10,true,true,OK
GLL,3602,3602,4760250.00,33562.50,32768,20,true,true,OK
RNGLR,3602,3602,3591750.00,25833.00,16384,20,true,true,OK
BRNGLR,3602,3602,3240104.00,33874.50,16384,20,true,true,OK
CYK,3602,3602,0.00,0.00,0,0,false,false,TIMEOUT
LL,3602,3602,0.00,0.00,0,0,false,false,CONFLICT
LR,3602,3602,997729.50,3729.00,16384,20,true,true,OK
Leo,3628,3628,49914708.50,373812.50,81920,10,true,true,OK
GLL,3628,3628,4915250.50,190583.00,16384,20,true,true,OK
RNGLR,3628,3628,3844791.50,13021.00,16384,20,true,true,OK
BRNGLR,3628,3628,3515250.00,18396.00,16384,20,true,true,OK
CYK,3628,3628,0.00,0.00,0,0,false,false,TIMEOUT
LL,3628,3628,0.00,0.00,0,0,false,false,CONFLICT
LR,3628,3628,1012812.50,8333.50,16384,20,true,true,OK
Leo,3669,3669,50154291.50,583083.00,16384,10,true,true,OK
GLL,3669,3669,4773479.00,47624.50,16384,20,true,true,OK
RNGLR,3669,3669,3881479.00,22375.50,16384,20,true,true,OK
BRNGLR,3669,3669,3586042.00,38709.00,16384,20,true,true,OK
CYK,3669,3669,0.00,0.00,0,0,false,false,TIMEOUT
LL,3669,3669,0.00,0.00,0,0,false,false,CONFLICT
LR,3669,3669,1025812.50,4375.00,16384,20,true,true,OK
Leo,3721,3721,50990708.50,87083.50,114688,10,true,true,OK
GLL,3721,3721,4832916.00,36687.50,16384,20,true,true,OK
RNGLR,3721,3721,4292896.00,37709.00,32768,20,true,true,OK
BRNGLR,3721,3721,3908771.00,22624.50,16384,20,true,true,OK
CYK,3721,3721,0.00,0.00,0,0,false,false,TIMEOUT
LL,3721,3721,0.00,0.00,0,0,false,false,CONFLICT
LR,3721,3721,1027375.00,2917.00,16384,20,true,true,OK
Leo,3724,3724,51622542.00,189042.00,81920,10,true,true,OK
GLL,3724,3724,4783333.50,24291.50,16384,20,true,true,OK
RNGLR,3724,3724,3966520.50,27812.50,16384,20,true,true,OK
BRNGLR,3724,3724,3575854.00,23770.50,16384,20,true,true,OK
CYK,3724,3724,0.00,0.00,0,0,false,false,TIMEOUT
LL,3724,3724,0.00,0.00,0,0,false,false,CONFLICT
LR,3724,3724,1028979.00,2979.00,16384,20,true,true,OK
Leo,3797,3797,52779896.00,106833.50,32768,10,true,true,OK
GLL,3797,3797,4876062.50,21687.50,16384,20,true,true,OK
RNGLR,3797,3797,5389354.50,36708.00,16384,20,true,true,OK
BRNGLR,3797,3797,5041833.00,42604.50,16384,20,true,true,OK
CYK,3797,3797,0.00,0.00,0,0,false,false,TIMEOUT
LL,3797,3797,0.00,0.00,0,0,false,false,CONFLICT
LR,3797,3797,1055563.00,5667.50,16384,20,true,true,OK
Leo,3799,3799,54587104.00,940875.00,32768,10,true,true,OK
GLL,3799,3799,5097479.50,93375.00,16384,20,true,true,OK
RNGLR,3799,3799,5514708.50,36125.50,16384,20,true,true,OK
BRNGLR,3799,3799,5140562.50,58729.00,16384,20,true,true,OK
CYK,3799,3799,0.00,0.00,0,0,false,false,TIMEOUT
LL,3799,3799,0.00,0.00,0,0,false,false,CONFLICT
LR,3799,3799,1067958.50,5979.00,16384,20,true,true,OK
Leo,3995,3995,55708041.50,242624.50,65536,10,true,true,OK
GLL,3995,3995,5092833.50,21937.50,32768,20,true,true,OK
RNGLR,3995,3995,4327500.00,14167.00,16384,20,true,true,OK
BRNGLR,3995,3995,3951917.00,16563.00,16384,20,true,true,OK
CYK,3995,3995,0.00,0.00,0,0,false,false,TIMEOUT
LL,3995,3995,0.00,0.00,0,0,false,false,CONFLICT
LR,3995,3995,1103479.50,3438.00,16384,20,true,true,OK
Leo,4101,4101,57302938.00,77874.50,65536,10,true,true,OK
GLL,4101,4101,5344104.50,64291.50,49152,20,true,true,OK
RNGLR,4101,4101,5915667.00,37146.00,16384,20,true,true,OK
BRNGLR,4101,4101,5529896.50,80792.00,16384,20,true,true,OK
CYK,4101,4101,0.00,0.00,0,0,false,false,TIMEOUT
LL,4101,4101,0.00,0.00,0,0,false,false,CONFLICT
LR,4101,4101,1143791.00,5207.50,16384,20,true,true,OK
Leo,4137,4137,56944583.00,70187.50,16384,10,true,true,OK
GLL,4137,4137,5292791.50,18896.50,16384,20,true,true,OK
RNGLR,4137,4137,4654187.00,13896.00,16384,20,true,true,OK
BRNGLR,4137,4137,4267354.00,12708.50,16384,20,true,true,OK
CYK,4137,4137,0.00,0.00,0,0,false,false,TIMEOUT
LL,4137,4137,0.00,0.00,0,0,false,false,CONFLICT
LR,4137,4137,1156604.50,13500.50,16384,20,true,true,OK
Leo,4178,4178,59603625.50,680167.00,32768,10,true,true,OK
GLL,4178,4178,5386625.00,16708.00,16384,20,true,true,OK
RNGLR,4178,4178,5470604.00,30458.50,16384,20,true,true,OK
BRNGLR,4178,4178,5027229.00,18979.50,16384,20,true,true,OK
CYK,4178,4178,0.00,0.00,0,0,false,false,TIMEOUT
LL,4178,4178,0.00,0.00,0,0,false,false,CONFLICT
LR,4178,4178,1151770.50,4916.50,16384,20,true,true,OK
Leo,4229,4229,61229145.50,685979.00,16384,10,true,true,OK
GLL,4229,4229,5464291.50,23916.50,16384,20,true,true,OK
RNGLR,4229,4229,6325146.00,16458.50,16384,20,true,true,OK
BRNGLR,4229,4229,5979041.00,51791.00,16384,20,true,true,OK
CYK,4229,4229,0.00,0.00,0,0,false,false,TIMEOUT
LL,4229,4229,0.00,0.00,0,0,false,false,CONFLICT
LR,4229,4229,1187979.00,15833.50,16384,20,true,true,OK
Leo,4277,4277,60454708.00,498916.50,16384,10,true,true,OK
GLL,4277,4277,5487666.50,25083.00,16384,20,true,true,OK
RNGLR,4277,4277,5213104.50,24354.00,16384,20,true,true,OK
BRNGLR,4277,4277,4854937.50,21229.00,16384,20,true,true,OK
CYK,4277,4277,0.00,0.00,0,0,false,false,TIMEOUT
LL,4277,4277,0.00,0.00,0,0,false,false,CONFLICT
LR,4277,4277,1180146.00,1104.00,16384,20,true,true,OK
Leo,4407,4407,64429812.50,390417.00,32768,10,true,true,OK
GLL,4407,4407,5797958.50,79125.50,16384,20,true,true,OK
RNGLR,4407,4407,5891166.50,49812.50,16384,20,true,true,OK
BRNGLR,4407,4407,5425125.00,18062.50,16384,20,true,true,OK
CYK,4407,4407,0.00,0.00,0,0,false,false,TIMEOUT
LL,4407,4407,0.00,0.00,0,0,false,false,CONFLICT
LR,4407,4407,1222187.50,5312.50,16384,20,true,true,OK
Leo,4470,4470,62797479.50,103083.50,65536,10,true,true,OK
GLL,4470,4470,5752083.50,40375.50,32768,20,true,true,OK
RNGLR,4470,4470,6813625.00,19625.00,16384,20,true,true,OK
BRNGLR,4470,4470,6381188.00,18770.00,16384,20,true,true,OK
CYK,4470,4470,0.00,0.00,0,0,false,false,TIMEOUT
LL,4470,4470,0.00,0.00,0,0,false,false,CONFLICT
LR,4470,4470,1247021.00,8688.00,16384,20,true,true,OK
Leo,4499,4499,63209187.50,137792.00,65536,10,true,true,OK
GLL,4499,4499,5801458.50,40458.00,16384,20,true,true,OK
RNGLR,4499,4499,6871437.50,18333.00,16384,20,true,true,OK
BRNGLR,4499,4499,6454208.00,14145.50,16384,20,true,true,OK
CYK,4499,4499,0.00,0.00,0,0,false,false,TIMEOUT
LL,4499,4499,0.00,0.00,0,0,false,false,CONFLICT
LR,4499,4499,1259854.00,11854.50,16384,20,true,true,OK
Leo,4500,4500,63057000.00,95229.50,16384,10,true,true,OK
GLL,4500,4500,5778917.00,13292.50,16384,20,true,true,OK
RNGLR,4500,4500,5734395.50,11063.00,16384,20,true,true,OK
BRNGLR,4500,4500,5297167.00,19104.00,16384,20,true,true,OK
CYK,4500,4500,0.00,0.00,0,0,false,false,TIMEOUT
LL,4500,4500,0.00,0.00,0,0,false,false,CONFLICT
LR,4500,4500,1245104.50,4791.50,16384,20,true,true,OK
Leo,4524,4524,61705000.50,138083.50,16384,10,true,true,OK
GLL,4524,4524,5744375.50,17875.50,32768,20,true,true,OK
RNGLR,4524,4524,4365063.00,19875.00,16384,20,true,true,OK
BRNGLR,4524,4524,3934396.00,9458.00,32768,20,true,true,OK
CYK,4524,4524,0.00,0.00,0,0,false,false,TIMEOUT
LL,4524,4524,0.00,0.00,0,0,false,false,CONFLICT
LR,4524,4524,1253771.50,4626.00,16384,20,true,true,OK
Leo,4626,4626,65242437.50,76916.50,16384,10,true,true,OK
GLL,4626,4626,5898354.50,25146.00,32768,20,true,true,OK
RNGLR,4626,4626,7186145.50,18813.00,16384,20,true,true,OK
BRNGLR,4626,4626,6716979.00,12437.00,16384,20,true,true,OK
CYK,4626,4626,0.00,0.00,0,0,false,false,TIMEOUT
LL,4626,4626,0.00,0.00,0,0,false,false,CONFLICT
LR,4626,4626,1287624.50,4770.50,16384,20,true,true,OK
Leo,4686,4686,63727125.00,136854.00,16384,10,true,true,OK
GLL,4686,4686,6065771.00,27437.00,16384,20,true,true,OK
RNGLR,4686,4686,5421291.50,21646.00,16384,20,true,true,OK
BRNGLR,4686,4686,4983542.00,13417.00,16384,20,true,true,OK
CYK,4686,4686,0.00,0.00,0,0,false,false,TIMEOUT
LL,4686,4686,0.00,0.00,0,0,false,false,CONFLICT
LR,4686,4686,1300542.00,5521.50,16384,20,true,true,OK
Leo,4700,4700,64493437.50,26750.00,16384,10,true,true,OK
GLL,4700,4700,6128354.00,35729.00,16384,20,true,true,OK
RNGLR,4700,4700,5390250.00,15229.00,16384,20,true,true,OK
BRNGLR,4700,4700,4931249.50,39228.50,16384,20,true,true,OK
CYK,4700,4700,0.00,0.00,0,0,false,false,TIMEOUT
LL,4700,4700,0.00,0.00,0,0,false,false,CONFLICT
LR,4700,4700,1371854.00,19125.00,16384,20,true,true,OK
Leo,4756,4756,63522166.50,469521.00,16384,10,true,true,OK
GLL,4756,4756,6101270.50,23646.00,16384,20,true,true,OK
RNGLR,4756,4756,4814833.50,19146.00,16384,20,true,true,OK
BRNGLR,4756,4756,4372395.50,19813.00,16384,20,true,true,OK
CYK,4756,4756,0.00,0.00,0,0,false,false,TIMEOUT
LL,4756,4756,0.00,0.00,0,0,false,false,CONFLICT
LR,4756,4756,1322520.50,9542.00,16384,20,true,true,OK
Leo,4774,4774,70814500.00,328604.00,49152,10,true,true,OK
GLL,4774,4774,6091021.00,25250.00,16384,20,true,true,OK
RNGLR,4774,4774,5213458.00,31437.00,32768,20,true,true,OK
BRNGLR,4774,4774,4727187.50,21708.00,16384,20,true,true,OK
CYK,4774,4774,0.00,0.00,0,0,false,false,TIMEOUT
LL,4774,4774,0.00,0.00,0,0,false,false,CONFLICT
LR,4774,4774,1317541.50,5229.50,16384,20,true,true,OK
Leo,4817,4817,72093250.00,137271.00,32768,10,true,true,OK
GLL,4817,4817,6369103.50,43624.00,32768,20,true,true,OK
RNGLR,4817,4817,7627520.50,20396.00,16384,20,true,true,OK
BRNGLR,4817,4817,7141729.50,16583.50,16384,20,true,true,OK
CYK,4817,4817,0.00,0.00,0,0,false,false,TIMEOUT
LL,4817,4817,0.00,0.00,0,0,false,false,CONFLICT
LR,4817,4817,1341333.50,6042.00,16384,20,true,true,OK
Leo,4835,4835,70912854.00,54396.00,16384,10,true,true,OK
GLL,4835,4835,6478729.50,21313.00,16384,20,true,true,OK
RNGLR,4835,4835,5075208.50,12979.50,16384,20,true,true,OK
BRNGLR,4835,4835,4632750.00,20417.00,16384,20,true,true,OK
CYK,4835,4835,0.00,0.00,0,0,false,false,TIMEOUT
LL,4835,4835,0.00,0.00,0,0,false,false,CONFLICT
LR,4835,4835,1340395.50,10229.00,16384,20,true,true,OK
Leo,4911,4911,74529187.50,199729.00,98304,10,true,true,OK
GLL,4911,4911,6452729.50,18416.50,16384,20,true,true,OK
RNGLR,4911,4911,7905187.50,15354.00,16384,20,true,true,OK
BRNGLR,4911,4911,7430416.50,10083.50,16384,20,true,true,OK
CYK,4911,4911,0.00,0.00,0,0,false,false,TIMEOUT
LL,4911,4911,0.00,0.00,0,0,false,false,CONFLICT
LR,4911,4911,1362166.50,3000.00,16384,20,true,true,OK
Leo,4912,4912,72247916.50,90937.50,16384,10,true,true,OK
GLL,4912,4912,6403604.50,21354.50,16384,20,true,true,OK
RNGLR,4912,4912,5340458.50,14125.50,16384,20,true,true,OK
BRNGLR,4912,4912,4893187.50,17958.50,32768,20,true,true,OK
CYK,4912,4912,0.00,0.00,0,0,false,false,TIMEOUT
LL,4912,4912,0.00,0.00,0,0,false,false,CONFLICT
LR,4912,4912,1361979.50,7958.00,16384,20,true,true,OK
Leo,4920,4920,70447166.50,55416.50,16384,10,true,true,OK
GLL,4920,4920,6517646.00,37875.00,16384,20,true,true,OK
RNGLR,4920,4920,4929562.50,15437.00,32768,20,true,true,OK
BRNGLR,4920,4920,4500353.50,17709.00,16384,20,true,true,OK
CYK,4920,4920,0.00,0.00,0,0,false,false,TIMEOUT
LL,4920,4920,0.00,0.00,0,0,false,false,CONFLICT
LR,4920,4920,1367291.50,9874.50,16384,20,true,true,OK
Leo,4960,4960,69735437.50,893979.00,16384,10,true,true,OK
GLL,4960,4960,6858958.50,223333.50,16384,20,true,true,OK
RNGLR,4960,4960,4609479.00,136729.00,16384,20,true,true,OK
BRNGLR,4960,4960,4029312.50,31250.00,16384,20,true,true,OK
CYK,4960,4960,0.00,0.00,0,0,false,false,TIMEOUT
LL,4960,4960,0.00,0.00,0,0,false,false,CONFLICT
LR,4960,4960,1382187.50,14500.00,16384,20,true,true,OK
Leo,5011,5011,72186146.00,1309604.50,16384,10,true,true,OK
GLL,5011,5011,6952938.00,82188.00,16384,20,true,true,OK
RNGLR,5011,5011,4624125.50,14979.50,16384,20,true,true,OK
BRNGLR,5011,5011,4161563.00,19416.50,16384,20,true,true,OK
CYK,5011,5011,0.00,0.00,0,0,false,false,TIMEOUT
LL,5011,5011,0.00,0.00,0,0,false,false,CONFLICT
LR,5011,5011,1394313.00,12292.00,16384,20,true,true,OK
Leo,5012,5012,75763479.00,194854.00,114688,10,true,true,OK
GLL,5012,5012,6572187.00,32729.00,16384,20,true,true,OK
RNGLR,5012,5012,8128541.50,16250.50,16384,20,true,true,OK
BRNGLR,5012,5012,7671187.50,16500.00,16384,20,true,true,OK
CYK,5012,5012,0.00,0.00,0,0,false,false,TIMEOUT
LL,5012,5012,0.00,0.00,0,0,false,false,CONFLICT
LR,5012,5012,1390478.50,5916.00,16384,20,true,true,OK
Leo,5056,5056,76598458.50,57104.50,114688,10,true,true,OK
GLL,5056,5056,6693437.00,47958.50,16384,20,true,true,OK
RNGLR,5056,5056,8340979.00,38770.50,16384,20,true,true,OK
BRNGLR,5056,5056,7819688.00,28875.50,16384,20,true,true,OK
CYK,5056,5056,0.00,0.00,0,0,false,false,TIMEOUT
LL,5056,5056,0.00,0.00,0,0,false,false,CONFLICT
LR,5056,5056,1405854.50,10292.00,16384,20,true,true,OK
Leo,5082,5082,73944563.00,127229.00,16384,10,true,true,OK
GLL,5082,5082,6745458.50,15062.50,16384,20,true,true,OK
RNGLR,5082,5082,5115291.50,32020.50,16384,20,true,true,OK
BRNGLR,5082,5082,4647729.00,15708.00,16384,20,true,true,OK
CYK,5082,5082,0.00,0.00,0,0,false,false,TIMEOUT
LL,5082,5082,0.00,0.00,0,0,false,false,CONFLICT
LR,5082,5082,1404542.00,5146.00,16384,20,true,true,OK
Leo,5126,5126,74409229.00,317312.50,16384,10,true,true,OK
GLL,5126,5126,7251541.50,53916.50,49152,20,true,true,OK
RNGLR,5126,5126,5301604.00,32458.50,16384,20,true,true,OK
BRNGLR,5126,5126,4751812.50,55917.00,16384,20,true,true,OK
CYK,5126,5126,0.00,0.00,0,0,false,false,TIMEOUT
LL,5126,5126,0.00,0.00,0,0,false,false,CONFLICT
LR,5126,5126,1428834.00,14084.00,16384,20,true,true,OK
Leo,5247,5247,79374125.50,391792.50,98304,10,true,true,OK
GLL,5247,5247,7216750.00,147896.00,16384,20,true,true,OK
RNGLR,5247,5247,8674416.50,26375.00,16384,20,true,true,OK
BRNGLR,5247,5247,8172792.00,18042.00,16384,20,true,true,OK
CYK,5247,5247,0.00,0.00,0,0,false,false,TIMEOUT
LL,5247,5247,0.00,0.00,0,0,false,false,CONFLICT
LR,5247,5247,1456792.00,9271.00,16384,20,true,true,OK
Leo,5334,5334,82939604.50,1628646.00,131072,10,true,true,OK
GLL,5334,5334,7302125.00,75999.50,16384,20,true,true,OK
RNGLR,5334,5334,9046354.00,58459.00,16384,20,true,true,OK
BRNGLR,5334,5334,8538458.50,28083.00,16384,20,true,true,OK
CYK,5334,5334,0.00,0.00,0,0,false,false,TIMEOUT
LL,5334,5334,0.00,0.00,0,0,false,false,CONFLICT
LR,5334,5334,1490417.00,19375.00,16384,20,true,true,OK
Leo,5421,5421,81627416.50,493625.00,16384,10,true,true,OK
GLL,5421,5421,7923000.00,181687.50,16384,20,true,true,OK
RNGLR,5421,5421,7198125.00,90896.00,16384,20,true,true,OK
BRNGLR,5421,5421,6378000.00,112687.50,16384,20,true,true,OK
CYK,5421,5421,0.00,0.00,0,0,false,false,TIMEOUT
LL,5421,5421,0.00,0.00,0,0,false,false,CONFLICT
LR,5421,5421,1514124.50,17978.50,16384,20,true,true,OK
Leo,5463,5463,82762458.00,1516645.50,16384,10,true,true,OK
GLL,5463,5463,7339000.00,148624.50,16384,20,true,true,OK
RNGLR,5463,5463,6552604.50,16437.50,16384,20,true,true,OK
BRNGLR,5463,5463,6074437.50,15667.00,32768,20,true,true,OK
CYK,5463,5463,0.00,0.00,0,0,false,false,TIMEOUT
LL,5463,5463,0.00,0.00,0,0,false,false,CONFLICT
LR,5463,5463,1521479.50,19292.00,16384,20,true,true,OK
Leo,5473,5473,80905833.00,706854.00,16384,10,true,true,OK
GLL,5473,5473,7426125.00,166687.50,16384,20,true,true,OK
RNGLR,5473,5473,5602396.00,17562.00,16384,20,true,true,OK
BRNGLR,5473,5473,5084791.50,15958.00,16384,20,true,true,OK
CYK,5473,5473,0.00,0.00,0,0,false,false,TIMEOUT
LL,5473,5473,0.00,0.00,0,0,false,false,CONFLICT
LR,5473,5473,1516021.50,7688.50,16384,20,true,true,OK
Leo,5625,5625,81501125.00,90604.00,131072,10,true,true,OK
GLL,5625,5625,7412125.00,28271.00,16384,20,true,true,OK
RNGLR,5625,5625,6394708.50,15291.50,16384,20,true,true,OK
BRNGLR,5625,5625,5883041.50,26582.50,16384,20,true,true,OK
CYK,5625,5625,0.00,0.00,0,0,false,false,TIMEOUT
LL,5625,5625,0.00,0.00,0,0,false,false,CONFLICT
LR,5625,5625,1572687.50,15563.00,16384,20,true,true,OK
Leo,5898,5898,89382333.50,219938.00,114688,10,true,true,OK
GLL,5898,5898,8214479.50,209791.50,16384,20,true,true,OK
RNGLR,5898,5898,10463375.00,36021.00,16384,20,true,true,OK
BRNGLR,5898,5898,9803625.50,29729.00,32768,20,true,true,OK
CYK,5898,5898,0.00,0.00,0,0,false,false,TIMEOUT
LL,5898,5898,0.00,0.00,0,0,false,false,CONFLICT
LR,5898,5898,1641041.50,5374.50,16384,20,true,true,OK
Leo,5998,5998,91843562.50,1194541.50,32768,10,true,true,OK
GLL,5998,5998,9071250.00,203187.50,16384,20,true,true,OK
RNGLR,5998,5998,9250563.00,71917.00,16384,20,true,true,OK
BRNGLR,5998,5998,8496042.00,64063.00,16384,20,true,true,OK
CYK,5998,5998,0.00,0.00,0,0,false,false,TIMEOUT
LL,5998,5998,0.00,0.00,0,0,false,false,CONFLICT
LR,5998,5998,1672125.00,17041.50,16384,20,true,true,OK
Leo,6048,6048,92579917.00,613458.50,65536,10,true,true,OK
GLL,6048,6048,8306208.50,266146.00,16384,20,true,true,OK
RNGLR,6048,6048,10820500.00,21667.00,16384,20,true,true,OK
BRNGLR,6048,6048,10251125.00,23812.50,32768,20,true,true,OK
CYK,6048,6048,0.00,0.00,0,0,false,false,TIMEOUT
LL,6048,6048,0.00,0.00,0,0,false,false,CONFLICT
LR,6048,6048,1690458.50,11208.50,16384,20,true,true,OK
Leo,6074,6074,88930833.00,1892229.00,16384,10,true,true,OK
GLL,6074,6074,8455416.00,67916.50,16384,20,true,true,OK
RNGLR,6074,6074,7759834.00,13812.50,16384,20,true,true,OK
BRNGLR,6074,6074,7246354.50,54146.50,16384,20,true,true,OK
CYK,6074,6074,0.00,0.00,0,0,false,false,TIMEOUT
LL,6074,6074,0.00,0.00,0,0,false,false,CONFLICT
LR,6074,6074,1694584.00,13563.00,16384,20,true,true,OK
Leo,6164,6164,96305104.00,633145.50,16384,10,true,true,OK
GLL,6164,6164,8445000.00,145000.00,16384,20,true,true,OK
RNGLR,6164,6164,8122250.00,31708.00,16384,20,true,true,OK
BRNGLR,6164,6164,7500708.50,31624.50,16384,20,true,true,OK
CYK,6164,6164,0.00,0.00,0,0,false,false,TIMEOUT
LL,6164,6164,0.00,0.00,0,0,false,false,CONFLICT
LR,6164,6164,1729583.00,24270.00,16384,20,true,true,OK
Leo,6186,6186,91220021.00,300125.00,16384,10,true,true,OK
GLL,6186,6186,8125167.00,39437.50,16384,20,true,true,OK
RNGLR,6186,6186,6613229.50,31395.50,16384,20,true,true,OK
BRNGLR,6186,6186,6027688.00,30896.00,16384,20,true,true,OK
CYK,6186,6186,0.00,0.00,0,0,false,false,TIMEOUT
LL,6186,6186,0.00,0.00,0,0,false,false,CONFLICT
LR,6186,6186,1711020.50,3645.00,16384,20,true,true,OK
Leo,6318,6318,95127874.50,403645.50,16384,10,true,true,OK
GLL,6318,6318,8649500.50,131250.00,16384,20,true,true,OK
RNGLR,6318,6318,9920313.00,75583.00,16384,20,true,true,OK
BRNGLR,6318,6318,9119979.50,52021.00,16384,20,true,true,OK
CYK,6318,6318,0.00,0.00,0,0,false,false,TIMEOUT
LL,6318,6318,0.00,0.00,0,0,false,false,CONFLICT
LR,6318,6318,1763895.50,9354.00,16384,20,true,true,OK
Leo,6321,6321,94643291.50,377416.50,16384,10,true,true,OK
GLL,6321,6321,8696646.00,116895.50,16384,20,true,true,OK
RNGLR,6321,6321,9613979.00,31834.00,32768,20,true,true,OK
BRNGLR,6321,6321,9116146.00,64917.00,16384,20,true,true,OK
CYK,6321,6321,0.00,0.00,0,0,false,false,TIMEOUT
LL,6321,6321,0.00,0.00,0,0,false,false,CONFLICT
LR,6321,6321,1756041.50,10062.50,16384,20,true,true,OK
Leo,6385,6385,95450625.50,1442646.50,16384,10,true,true,OK
GLL,6385,6385,8543750.00,168021.00,16384,20,true,true,OK
RNGLR,6385,6385,7297333.50,139812.00,16384,20,true,true,OK
BRNGLR,6385,6385,6561041.50,22000.00,16384,20,true,true,OK
CYK,6385,6385,0.00,0.00,0,0,false,false,TIMEOUT
LL,6385,6385,0.00,0.00,0,0,false,false,CONFLICT
LR,6385,6385,1768770.50,7771.00,16384,20,true,true,OK
Leo,6466,6466,101565875.00,1426833.50,114688,10,true,true,OK
GLL,6466,6466,9135791.50,266250.00,16384,20,true,true,OK
RNGLR,6466,6466,12094729.00,49063.00,16384,20,true,true,OK
BRNGLR,6466,6466,11445916.00,46563.00,16384,20,true,true,OK
CYK,6466,6466,0.00,0.00,0,0,false,false,TIMEOUT
LL,6466,6466,0.00,0.00,0,0,false,false,CONFLICT
LR,6466,6466,1800458.00,13520.00,16384,20,true,true,OK
Leo,6490,6490,100082792.00,809458.50,81920,10,true,true,OK
GLL,6490,6490,9215770.50,255042.00,16384,20,true,true,OK
RNGLR,6490,6490,12036896.00,27458.50,16384,20,true,true,OK
BRNGLR,6490,6490,11595124.50,61249.00,16384,20,true,true,OK
CYK,6490,6490,0.00,0.00,0,0,false,false,TIMEOUT
LL,6490,6490,0.00,0.00,0,0,false,false,CONFLICT
LR,6490,6490,1807229.00,12208.50,16384,20,true,true,OK
Leo,6491,6491,108126375.00,3515812.50,16384,10,true,true,OK
GLL,6491,6491,9411604.00,91396.00,16384,20,true,true,OK
RNGLR,6491,6491,12257770.50,91958.50,16384,20,true,true,OK
BRNGLR,6491,6491,11511145.50,42145.50,16384,20,true,true,OK
CYK,6491,6491,0.00,0.00,0,0,false,false,TIMEOUT
LL,6491,6491,0.00,0.00,0,0,false,false,CONFLICT
LR,6491,6491,1803562.50,9000.00,16384,20,true,true,OK
Leo,6524,6524,98922792.00,358667.00,98304,10,true,true,OK
GLL,6524,6524,9013604.00,203000.50,16384,20,true,true,OK
RNGLR,6524,6524,12092771.00,25833.50,16384,20,true,true,OK
BRNGLR,6524,6524,11494437.50,35500.00,16384,20,true,true,OK
CYK,6524,6524,0.00,0.00,0,0,false,false,TIMEOUT
LL,6524,6524,0.00,0.00,0,0,false,false,CONFLICT
LR,6524,6524,1814312.50,9666.50,16384,20,true,true,OK
Leo,6549,6549,99289812.50,233500.50,65536,10,true,true,OK
GLL,6549,6549,9031042.00,154479.00,16384,20,true,true,OK
RNGLR,6549,6549,12224896.00,46084.00,16384,20,true,true,OK
BRNGLR,6549,6549,11558812.50,34875.00,16384,20,true,true,OK
CYK,6549,6549,0.00,0.00,0,0,false,false,TIMEOUT
LL,6549,6549,0.00,0.00,0,0,false,false,CONFLICT
LR,6549,6549,1825458.50,9500.00,16384,20,true,true,OK
Leo,6578,6578,101018125.50,676833.50,65536,10,true,true,OK
GLL,6578,6578,9161604.00,102666.50,16384,20,true,true,OK
RNGLR,6578,6578,12350354.00,43833.50,16384,20,true,true,OK
BRNGLR,6578,6578,11691395.50,38541.50,16384,20,true,true,OK
CYK,6578,6578,0.00,0.00,0,0,false,false,TIMEOUT
LL,6578,6578,0.00,0.00,0,0,false,false,CONFLICT
LR,6578,6578,1823812.50,13104.00,16384,20,true,true,OK
Leo,6597,6597,101036479.50,127416.50,81920,10,true,true,OK
GLL,6597,6597,9162083.50,127354.00,16384,20,true,true,OK
RNGLR,6597,6597,12347895.50,16687.50,16384,20,true,true,OK
BRNGLR,6597,6597,11715978.50,14563.00,16384,20,true,true,OK
CYK,6597,6597,0.00,0.00,0,0,false,false,TIMEOUT
LL,6597,6597,0.00,0.00,0,0,false,false,CONFLICT
LR,6597,6597,1827000.00,5896.00,16384,20,true,true,OK
Leo,6657,6657,101504270.50,210916.50,131072,10,true,true,OK
GLL,6657,6657,9068729.00,103187.50,16384,20,true,true,OK
RNGLR,6657,6657,12556479.50,26334.00,16384,20,true,true,OK
BRNGLR,6657,6657,11890895.50,28375.00,16384,20,true,true,OK
CYK,6657,6657,0.00,0.00,0,0,false,false,TIMEOUT
LL,6657,6657,0.00,0.00,0,0,false,false,CONFLICT
LR,6657,6657,1843646.00,8312.50,16384,20,true,true,OK
Leo,6732,6732,101833228.50,205771.50,114688,10,true,true,OK
GLL,6732,6732,9000354.50,153500.00,16384,20,true,true,OK
RNGLR,6732,6732,10096229.50,27916.50,16384,20,true,true,OK
BRNGLR,6732,6732,9427479.00,14062.50,16384,20,true,true,OK
CYK,6732,6732,0.00,0.00,0,0,false,false,TIMEOUT
LL,6732,6732,0.00,0.00,0,0,false,false,CONFLICT
LR,6732,6732,1867187.50,8104.00,16384,20,true,true,OK
Leo,6822,6822,104240146.00,232687.50,81920,10,true,true,OK
GLL,6822,6822,9369208.50,70041.50,32768,20,true,true,OK
RNGLR,6822,6822,13039083.50,24208.50,16384,20,true,true,OK
BRNGLR,6822,6822,12379021.00,19833.00,16384,20,true,true,OK
CYK,6822,6822,0.00,0.00,0,0,false,false,TIMEOUT
LL,6822,6822,0.00,0.00,0,0,false,false,CONFLICT
LR,6822,6822,1897229.50,10229.00,16384,20,true,true,OK
Leo,6866,6866,99867291.50,158416.50,16384,10,true,true,OK
GLL,6866,6866,9108875.00,97333.50,16384,20,true,true,OK
RNGLR,6866,6866,8689771.00,25375.50,16384,20,true,true,OK
BRNGLR,6866,6866,8069937.50,25667.00,16384,20,true,true,OK
CYK,6866,6866,0.00,0.00,0,0,false,false,TIMEOUT
LL,6866,6866,0.00,0.00,0,0,false,false,CONFLICT
LR,6866,6866,1915854.00,12333.50,16384,20,true,true,OK
Leo,6881,6881,101351875.00,219958.50,32768,10,true,true,OK
GLL,6881,6881,9392937.50,121187.50,16384,20,true,true,OK
RNGLR,6881,6881,7479249.50,31708.50,16384,20,true,true,OK
BRNGLR,6881,6881,6813583.00,21083.00,16384,20,true,true,OK
CYK,6881,6881,0.00,0.00,0,0,false,false,TIMEOUT
LL,6881,6881,0.00,0.00,0,0,false,false,CONFLICT
LR,6881,6881,1907354.50,8063.00,16384,20,true,true,OK
Leo,6918,6918,105850479.50,215041.50,65536,10,true,true,OK
GLL,6918,6918,9500375.00,88291.50,16384,20,true,true,OK
RNGLR,6918,6918,13297000.00,21917.00,16384,20,true,true,OK
BRNGLR,6918,6918,12634625.00,11833.00,16384,20,true,true,OK
CYK,6918,6918,0.00,0.00,0,0,false,false,TIMEOUT
LL,6918,6918,0.00,0.00,0,0,false,false,CONFLICT
LR,6918,6918,1918667.00,12270.50,16384,20,true,true,OK
Leo,7184,7184,108345770.50,165583.50,98304,10,true,true,OK
GLL,7184,7184,9960708.00,84979.50,49152,20,true,true,OK
RNGLR,7184,7184,12213270.50,36125.50,16384,20,true,true,OK
BRNGLR,7184,7184,11464562.00,21958.00,16384,20,true,true,OK
CYK,7184,7184,0.00,0.00,0,0,false,false,TIMEOUT
LL,7184,7184,0.00,0.00,0,0,false,false,CONFLICT
LR,7184,7184,1990125.00,7687.50,16384,20,true,true,OK
Leo,7197,7197,110847479.00,1159229.00,81920,10,true,true,OK
GLL,7197,7197,10615750.00,166854.00,16384,20,true,true,OK
RNGLR,7197,7197,14754896.00,68500.00,49152,20,true,true,OK
BRNGLR,7197,7197,13898375.00,116854.50,16384,20,true,true,OK
CYK,7197,7197,0.00,0.00,0,0,false,false,TIMEOUT
LL,7197,7197,0.00,0.00,0,0,false,false,CONFLICT
LR,7197,7197,2012187.50,13770.50,16384,20,true,true,OK
Leo,7227,7227,113026063.00,857375.00,16384,10,true,true,OK
GLL,7227,7227,10649667.00,189396.50,16384,20,true,true,OK
RNGLR,7227,7227,11166666.50,77916.50,16384,20,true,true,OK
BRNGLR,7227,7227,10502188.00,83874.50,32768,20,true,true,OK
CYK,7227,7227,0.00,0.00,0,0,false,false,TIMEOUT
LL,7227,7227,0.00,0.00,0,0,false,false,CONFLICT
LR,7227,7227,2017062.50,15542.00,16384,20,true,true,OK
Leo,7229,7229,111732083.50,904396.00,16384,10,true,true,OK
GLL,7229,7229,10234062.50,177875.00,16384,20,true,true,OK
RNGLR,7229,7229,14389583.00,20833.00,16384,20,true,true,OK
BRNGLR,7229,7229,13664354.00,25791.50,16384,20,true,true,OK
CYK,7229,7229,0.00,0.00,0,0,false,false,TIMEOUT
LL,7229,7229,0.00,0.00,0,0,false,false,CONFLICT
LR,7229,7229,2007000.00,12354.50,16384,20,true,true,OK
Leo,7240,7240,110356688.00,709937.50,114688,10,true,true,OK
GLL,7240,7240,10812437.50,152979.00,16384,20,true,true,OK
RNGLR,7240,7240,10438729.00,72166.50,16384,20,true,true,OK
BRNGLR,7240,7240,9677250.00,45916.50,16384,20,true,true,OK
CYK,7240,7240,0.00,0.00,0,0,false,false,TIMEOUT
LL,7240,7240,0.00,0.00,0,0,false,false,CONFLICT
LR,7240,7240,2004833.00,16937.00,16384,20,true,true,OK
Leo,7304,7304,116231041.50,1636958.00,16384,10,true,true,OK
GLL,7304,7304,10731458.00,71396.00,32768,20,true,true,OK
RNGLR,7304,7304,14887979.50,89042.00,16384,20,true,true,OK
BRNGLR,7304,7304,13984166.50,86896.00,16384,20,true,true,OK
CYK,7304,7304,0.00,0.00,0,0,false,false,TIMEOUT
LL,7304,7304,0.00,0.00,0,0,false,false,CONFLICT
LR,7304,7304,2023979.00,11583.00,16384,20,true,true,OK
Leo,7472,7472,118031812.50,951208.50,49152,10,true,true,OK
GLL,7472,7472,11853292.00,158270.50,16384,20,true,true,OK
RNGLR,7472,7472,17043437.50,697708.50,16384,20,true,true,OK
BRNGLR,7472,7472,15952500.00,509291.50,16384,20,true,true,OK
CYK,7472,7472,0.00,0.00,0,0,false,false,TIMEOUT
LL,7472,7472,0.00,0.00,0,0,false,false,CONFLICT
LR,7472,7472,2213479.50,99833.50,16384,20,true,true,OK
Leo,7485,7485,125859000.50,9349646.00,16384,10,true,true,OK
GLL,7485,7485,10369833.50,84750.50,16384,20,true,true,OK
RNGLR,7485,7485,9511937.00,13708.00,16384,20,true,true,OK
BRNGLR,7485,7485,8822437.50,9979.00,16384,20,true,true,OK
CYK,7485,7485,0.00,0.00,0,0,false,false,TIMEOUT
LL,7485,7485,0.00,0.00,0,0,false,false,CONFLICT
LR,7485,7485,2240229.50,97417.00,16384,20,true,true,OK
Leo,7488,7488,122359000.00,5493229.50,49152,10,true,true,OK
GLL,7488,7488,10388125.50,94020.00,16384,20,true,true,OK
RNGLR,7488,7488,11006166.50,29937.50,16384,20,true,true,OK
BRNGLR,7488,7488,10315666.50,44624.50,16384,20,true,true,OK
CYK,7488,7488,0.00,0.00,0,0,false,false,TIMEOUT
LL,7488,7488,0.00,0.00,0,0,false,false,CONFLICT
LR,7488,7488,2076792.00,1917.00,16384,20,true,true,OK
Leo,7596,7596,117818646.00,805020.50,49152,10,true,true,OK
GLL,7596,7596,10668521.00,42667.00,16384,20,true,true,OK
RNGLR,7596,7596,15610896.00,151021.00,16384,20,true,true,OK
BRNGLR,7596,7596,14790354.00,32166.50,16384,20,true,true,OK
CYK,7596,7596,0.00,0.00,0,0,false,false,TIMEOUT
LL,7596,7596,0.00,0.00,0,0,false,false,CONFLICT
LR,7596,7596,2090000.00,708.50,16384,20,true,true,OK
Leo,7642,7642,118269958.50,3641083.50,16384,10,true,true,OK
GLL,7642,7642,10634062.50,106083.50,16384,20,true,true,OK
RNGLR,7642,7642,11854624.50,38041.50,16384,20,true,true,OK
BRNGLR,7642,7642,11182416.50,24083.50,16384,20,true,true,OK
CYK,7642,7642,0.00,0.00,0,0,false,false,TIMEOUT
LL,7642,7642,0.00,0.00,0,0,false,false,CONFLICT
LR,7642,7642,2116270.50,2979.00,16384,20,true,true,OK
Leo,7644,7644,119832583.00,2013083.50,49152,10,true,true,OK
GLL,7644,7644,11082520.50,238250.00,16384,20,true,true,OK
RNGLR,7644,7644,15718708.00,32708.00,16384,20,true,true,OK
BRNGLR,7644,7644,15054083.00,86854.00,16384,20,true,true,OK
CYK,7644,7644,0.00,0.00,0,0,false,false,TIMEOUT
LL,7644,7644,0.00,0.00,0,0,false,false,CONFLICT
LR,7644,7644,2114916.50,5896.00,16384,20,true,true,OK
Leo,7750,7750,121382770.50,1209979.50,16384,10,true,true,OK
GLL,7750,7750,10895916.50,86896.00,16384,20,true,true,OK
RNGLR,7750,7750,16056042.00,47625.00,16384,20,true,true,OK
BRNGLR,7750,7750,15311395.50,13063.00,16384,20,true,true,OK
CYK,7750,7750,0.00,0.00,0,0,false,false,TIMEOUT
LL,7750,7750,0.00,0.00,0,0,false,false,CONFLICT
LR,7750,7750,2141062.50,3333.50,16384,20,true,true,OK
Leo,7776,7776,122949354.50,1790750.00,65536,10,true,true,OK
GLL,7776,7776,11073583.50,36208.50,16384,20,true,true,OK
RNGLR,7776,7776,16131250.00,49000.00,16384,20,true,true,OK
BRNGLR,7776,7776,15363187.50,22791.50,16384,20,true,true,OK
CYK,7776,7776,0.00,0.00,0,0,false,false,TIMEOUT
LL,7776,7776,0.00,0.00,0,0,false,false,CONFLICT
LR,7776,7776,2147250.00,2750.00,16384,20,true,true,OK
Leo,7790,7790,120501916.00,1934666.50,16384,10,true,true,OK
GLL,7790,7790,10789062.50,251916.50,16384,20,true,true,OK
RNGLR,7790,7790,11318145.50,46208.00,16384,20,true,true,OK
BRNGLR,7790,7790,10569063.00,47187.50,16384,20,true,true,OK
CYK,7790,7790,0.00,0.00,0,0,false,false,TIMEOUT
LL,7790,7790,0.00,0.00,0,0,false,false,CONFLICT
LR,7790,7790,2158791.50,11479.50,16384,20,true,true,OK
Leo,7812,7812,120218874.50,696603.50,114688,10,true,true,OK
GLL,7812,7812,11077646.00,95104.50,16384,20,true,true,OK
RNGLR,7812,7812,12387187.00,55833.00,16384,20,true,true,OK
BRNGLR,7812,7812,11757541.50,123624.50,16384,20,true,true,OK
CYK,7812,7812,0.00,0.00,0,0,false,false,TIMEOUT
LL,7812,7812,0.00,0.00,0,0,false,false,CONFLICT
LR,7812,7812,2159375.00,5979.50,16384,20,true,true,OK
Leo,7837,7837,121406937.50,1000500.00,81920,10,true,true,OK
GLL,7837,7837,11181958.00,182104.50,16384,20,true,true,OK
RNGLR,7837,7837,16370749.50,39708.50,16384,20,true,true,OK
BRNGLR,7837,7837,15605583.50,19645.50,16384,20,true,true,OK
CYK,7837,7837,0.00,0.00,0,0,false,false,TIMEOUT
LL,7837,7837,0.00,0.00,0,0,false,false,CONFLICT
LR,7837,7837,2161062.50,3603.50,16384,20,true,true,OK
Leo,7964,7964,120810041.50,1775062.00,16384,10,true,true,OK
GLL,7964,7964,10996812.50,88750.00,16384,20,true,true,OK
RNGLR,7964,7964,10552229.00,56062.00,16384,20,true,true,OK
BRNGLR,7964,7964,9803416.50,34291.50,16384,20,true,true,OK
CYK,7964,7964,0.00,0.00,0,0,false,false,TIMEOUT
LL,7964,7964,0.00,0.00,0,0,false,false,CONFLICT
LR,7964,7964,2210771.00,8791.50,16384,20,true,true,OK
Leo,8051,8051,124357375.50,831812.50,32768,10,true,true,OK
GLL,8051,8051,11085562.50,89229.00,16384,20,true,true,OK
RNGLR,8051,8051,12732062.00,51563.00,16384,20,true,true,OK
BRNGLR,8051,8051,11946333.50,13291.50,16384,20,true,true,OK
CYK,8051,8051,0.00,0.00,0,0,false,false,TIMEOUT
LL,8051,8051,0.00,0.00,0,0,false,false,CONFLICT
LR,8051,8051,2232291.50,8291.50,16384,20,true,true,OK
Leo,8083,8083,124940083.50,1118479.50,114688,10,true,true,OK
GLL,8083,8083,11403187.50,45270.50,16384,20,true,true,OK
RNGLR,8083,8083,17209416.50,18583.00,16384,20,true,true,OK
BRNGLR,8083,8083,16426979.00,37896.00,16384,20,true,true,OK
CYK,8083,8083,0.00,0.00,0,0,false,false,TIMEOUT
LL,8083,8083,0.00,0.00,0,0,false,false,CONFLICT
LR,8083,8083,2241083.00,11999.50,16384,20,true,true,OK
Leo,8123,8123,125765417.00,1800688.00,81920,10,true,true,OK
GLL,8123,8123,11607750.00,116999.50,16384,20,true,true,OK
RNGLR,8123,8123,17336437.00,24271.50,16384,20,true,true,OK
BRNGLR,8123,8123,16518833.50,24854.00,16384,20,true,true,OK
CYK,8123,8123,0.00,0.00,0,0,false,false,TIMEOUT
LL,8123,8123,0.00,0.00,0,0,false,false,CONFLICT
LR,8123,8123,2239250.00,2229.50,16384,20,true,true,OK
Leo,8177,8177,128442166.50,1505312.50,16384,10,true,true,OK
GLL,8177,8177,11653708.50,84416.50,16384,20,true,true,OK
RNGLR,8177,8177,17551437.50,71791.50,16384,20,true,true,OK
BRNGLR,8177,8177,16727979.00,13500.50,16384,20,true,true,OK
CYK,8177,8177,0.00,0.00,0,0,false,false,TIMEOUT
LL,8177,8177,0.00,0.00,0,0,false,false,CONFLICT
LR,8177,8177,2256125.00,2583.00,16384,20,true,true,OK
Leo,8322,8322,127843958.50,713521.00,16384,10,true,true,OK
GLL,8322,8322,12112978.50,240874.50,16384,20,true,true,OK
RNGLR,8322,8322,18143541.50,177687.00,16384,20,true,true,OK
BRNGLR,8322,8322,17334458.50,215042.00,16384,20,true,true,OK
CYK,8322,8322,0.00,0.00,0,0,false,false,TIMEOUT
LL,8322,8322,0.00,0.00,0,0,false,false,CONFLICT
LR,8322,8322,2310833.50,2875.00,16384,20,true,true,OK
Leo,8358,8358,126620021.00,558229.50,16384,10,true,true,OK
GLL,8358,8358,11884875.00,122063.00,16384,20,true,true,OK
RNGLR,8358,8358,16563333.00,40937.00,16384,20,true,true,OK
BRNGLR,8358,8358,15790479.00,97520.00,16384,20,true,true,OK
CYK,8358,8358,0.00,0.00,0,0,false,false,TIMEOUT
LL,8358,8358,0.00,0.00,0,0,false,false,CONFLICT
LR,8358,8358,2324125.00,16812.50,16384,20,true,true,OK
Leo,8425,8425,128475021.00,631812.50,81920,10,true,true,OK
GLL,8425,8425,12144979.00,71270.50,16384,20,true,true,OK
RNGLR,8425,8425,18320645.50,54520.50,16384,20,true,true,OK
BRNGLR,8425,8425,17458520.50,45729.00,16384,20,true,true,OK
CYK,8425,8425,0.00,0.00,0,0,false,false,TIMEOUT
LL,8425,8425,0.00,0.00,0,0,false,false,CONFLICT
LR,8425,8425,2353521.00,18687.50,16384,20,true,true,OK
Leo,8631,8631,132660625.00,344250.00,131072,10,true,true,OK
GLL,8631,8631,12308125.50,95687.50,16384,20,true,true,OK
RNGLR,8631,8631,19193000.00,36874.50,16384,20,true,true,OK
BRNGLR,8631,8631,18340083.50,36271.00,16384,20,true,true,OK
CYK,8631,8631,0.00,0.00,0,0,false,false,TIMEOUT
LL,8631,8631,0.00,0.00,0,0,false,false,CONFLICT
LR,8631,8631,2409875.00,8604.00,16384,20,true,true,OK
Leo,8819,8819,134925896.00,546187.50,65536,10,true,true,OK
GLL,8819,8819,12580771.00,52687.00,16384,20,true,true,OK
RNGLR,8819,8819,19577041.50,25770.50,16384,20,true,true,OK
BRNGLR,8819,8819,18765374.50,25771.00,16384,20,true,true,OK
CYK,8819,8819,0.00,0.00,0,0,false,false,TIMEOUT
LL,8819,8819,0.00,0.00,0,0,false,false,CONFLICT
LR,8819,8819,2454333.50,8041.50,16384,20,true,true,OK
Leo,8941,8941,135950042.00,250563.00,16384,10,true,true,OK
GLL,8941,8941,12538125.00,40896.50,16384,20,true,true,OK
RNGLR,8941,8941,12254625.00,27874.50,16384,20,true,true,OK
BRNGLR,8941,8941,11462667.00,29709.00,16384,20,true,true,OK
CYK,8941,8941,0.00,0.00,0,0,false,false,TIMEOUT
LL,8941,8941,0.00,0.00,0,0,false,false,CONFLICT
LR,8941,8941,2473021.00,4917.00,16384,20,true,true,OK
Leo,9201,9201,138048958.50,523458.50,114688,10,true,true,OK
GLL,9201,9201,12629312.50,87895.50,16384,20,true,true,OK
RNGLR,9201,9201,9769354.00,29312.50,16384,20,true,true,OK
BRNGLR,9201,9201,8957083.00,30417.00,16384,20,true,true,OK
CYK,9201,9201,0.00,0.00,0,0,false,false,TIMEOUT
LL,9201,9201,0.00,0.00,0,0,false,false,CONFLICT
LR,9201,9201,2553958.50,11187.50,16384,20,true,true,OK
Leo,9260,9260,141851479.00,347541.50,49152,10,true,true,OK
GLL,9260,9260,13189333.00,43167.00,16384,20,true,true,OK
RNGLR,9260,9260,21522812.50,69812.50,16384,20,true,true,OK
BRNGLR,9260,9260,20591708.50,56208.50,16384,20,true,true,OK
CYK,9260,9260,0.00,0.00,0,0,false,false,TIMEOUT
LL,9260,9260,0.00,0.00,0,0,false,false,CONFLICT
LR,9260,9260,2576979.00,10896.00,16384,20,true,true,OK
Leo,9413,9413,146031978.50,375145.50,98304,10,true,true,OK
GLL,9413,9413,13284916.50,150520.50,16384,20,true,true,OK
RNGLR,9413,9413,15291750.00,34354.50,16384,20,true,true,OK
BRNGLR,9413,9413,14414792.00,28708.00,16384,20,true,true,OK
CYK,9413,9413,0.00,0.00,0,0,false,false,TIMEOUT
LL,9413,9413,0.00,0.00,0,0,false,false,CONFLICT
LR,9413,9413,2596687.50,7937.50,16384,20,true,true,OK
Leo,9543,9543,146798854.50,307646.50,65536,10,true,true,OK
GLL,9543,9543,13485541.50,77999.50,16384,20,true,true,OK
RNGLR,9543,9543,17585250.00,21041.00,16384,20,true,true,OK
BRNGLR,9543,9543,16641750.00,32667.00,16384,20,true,true,OK
CYK,9543,9543,0.00,0.00,0,0,false,false,TIMEOUT
LL,9543,9543,0.00,0.00,0,0,false,false,CONFLICT
LR,9543,9543,2652312.50,16979.00,16384,20,true,true,OK
Leo,9615,9615,151004937.50,2720604.00,65536,10,true,true,OK
GLL,9615,9615,14134958.00,77520.50,16384,20,true,true,OK
RNGLR,9615,9615,15788417.00,40249.50,16384,20,true,true,OK
BRNGLR,9615,9615,14906354.00,34500.50,16384,20,true,true,OK
CYK,9615,9615,0.00,0.00,0,0,false,false,TIMEOUT
LL,9615,9615,0.00,0.00,0,0,false,false,CONFLICT
LR,9615,9615,2651729.00,6979.50,16384,20,true,true,OK
Leo,9774,9774,153813604.50,1971604.00,49152,10,true,true,OK
GLL,9774,9774,14340979.00,111666.50,16384,20,true,true,OK
RNGLR,9774,9774,12894688.00,57021.00,16384,20,true,true,OK
BRNGLR,9774,9774,12078729.00,96395.00,16384,20,true,true,OK
CYK,9774,9774,0.00,0.00,0,0,false,false,TIMEOUT
LL,9774,9774,0.00,0.00,0,0,false,false,CONFLICT
LR,9774,9774,2704958.50,4271.00,16384,20,true,true,OK
Leo,9785,9785,152795729.50,630292.00,114688,10,true,true,OK
GLL,9785,9785,14507291.50,140646.00,360448,20,true,true,OK
RNGLR,9785,9785,23778458.50,60875.00,16384,20,true,true,OK
BRNGLR,9785,9785,22785562.50,67958.50,16384,20,true,true,OK
CYK,9785,9785,0.00,0.00,0,0,false,false,TIMEOUT
LL,9785,9785,0.00,0.00,0,0,false,false,CONFLICT
LR,9785,9785,2709542.00,9750.00,16384,20,true,true,OK
Leo,9810,9810,152586666.50,461583.50,114688,10,true,true,OK
GLL,9810,9810,14401208.50,17417.00,16384,20,true,true,OK
RNGLR,9810,9810,23824916.50,67937.50,16384,20,true,true,OK
BRNGLR,9810,9810,22918895.50,23041.50,16384,20,true,true,OK
CYK,9810,9810,0.00,0.00,0,0,false,false,TIMEOUT
LL,9810,9810,0.00,0.00,0,0,false,false,CONFLICT
LR,9810,9810,2715312.50,9937.50,16384,20,true,true,OK
Leo,9876,9876,152949958.00,321979.50,131072,10,true,true,OK
GLL,9876,9876,14331791.50,38812.00,16384,20,true,true,OK
RNGLR,9876,9876,15779333.50,52021.00,16384,20,true,true,OK
BRNGLR,9876,9876,14856020.50,22645.50,16384,20,true,true,OK
CYK,9876,9876,0.00,0.00,0,0,false,false,TIMEOUT
LL,9876,9876,0.00,0.00,0,0,false,false,CONFLICT
LR,9876,9876,2729062.50,9500.50,16384,20,true,true,OK
Leo,9927,9927,155366104.00,215416.50,16384,10,true,true,OK
GLL,9927,9927,14583687.50,62749.50,16384,20,true,true,OK
RNGLR,9927,9927,24436437.50,92292.00,16384,20,true,true,OK
BRNGLR,9927,9927,23435646.00,40396.00,16384,20,true,true,OK
CYK,9927,9927,0.00,0.00,0,0,false,false,TIMEOUT
LL,9927,9927,0.00,0.00,0,0,false,false,CONFLICT
LR,9927,9927,2757521.00,10188.00,16384,20,true,true,OK
Leo,10190,10190,157746416.00,635874.50,98304,10,true,true,OK
GLL,10190,10190,14760937.50,45312.50,16384,20,true,true,OK
RNGLR,10190,10190,13119125.00,49042.00,16384,20,true,true,OK
BRNGLR,10190,10190,12165917.00,26437.50,16384,20,true,true,OK
CYK,10190,10190,0.00,0.00,0,0,false,false,TIMEOUT
LL,10190,10190,0.00,0.00,0,0,false,false,CONFLICT
LR,10190,10190,2807667.00,8625.00,16384,20,true,true,OK
Leo,10765,10765,170933354.00,1954708.00,65536,10,true,true,OK
GLL,10765,10765,15769125.00,104146.00,16384,20,true,true,OK
RNGLR,10765,10765,28077771.00,123229.50,49152,18,true,true,OK
BRNGLR,10765,10765,26754625.00,55750.00,16384,19,true,true,OK
CYK,10765,10765,0.00,0.00,0,0,false,false,TIMEOUT
LL,10765,10765,0.00,0.00,0,0,false,false,CONFLICT
LR,10765,10765,2982729.00,3083.50,16384,20,true,true,OK
Leo,11121,11121,177961229.00,2505291.50,65536,10,true,true,OK
GLL,11121,11121,16052833.50,20271.00,458752,20,true,true,OK
RNGLR,11121,11121,15902333.00,11145.50,16384,20,true,true,OK
BRNGLR,11121,11121,14881874.50,33208.50,16384,20,true,true,OK
CYK,11121,11121,0.00,0.00,0,0,false,false,TIMEOUT
LL,11121,11121,0.00,0.00,0,0,false,false,CONFLICT
LR,11121,11121,3065270.50,2333.50,16384,20,true,true,OK
Leo,11379,11379,176261396.00,2203333.50,16384,10,true,true,OK
GLL,11379,11379,16407666.50,37771.00,49152,20,true,true,OK
RNGLR,11379,11379,15551542.00,55000.00,16384,20,true,true,OK
BRNGLR,11379,11379,14537146.00,24125.00,16384,20,true,true,OK
CYK,11379,11379,0.00,0.00,0,0,false,false,TIMEOUT
LL,11379,11379,0.00,0.00,0,0,false,false,CONFLICT
LR,11379,11379,3143645.50,5208.00,16384,20,true,true,OK
Leo,11634,11634,182803062.50,306500.50,131072,10,true,true,OK
GLL,11634,11634,18048542.00,55937.50,65536,20,true,true,OK
RNGLR,11634,11634,17285187.50,26104.00,16384,20,true,true,OK
BRNGLR,11634,11634,16335437.00,112354.00,16384,20,true,true,OK
CYK,11634,11634,0.00,0.00,0,0,false,false,TIMEOUT
LL,11634,11634,0.00,0.00,0,0,false,false,CONFLICT
LR,11634,11634,3204812.50,3958.50,16384,20,true,true,OK
Leo,11709,11709,184805395.50,1646541.50,65536,10,true,true,OK
GLL,11709,11709,17887896.00,52541.50,32768,20,true,true,OK
RNGLR,11709,11709,19411875.00,76270.50,16384,20,true,true,OK
BRNGLR,11709,11709,18358271.00,28813.00,16384,20,true,true,OK
CYK,11709,11709,0.00,0.00,0,0,false,false,TIMEOUT
LL,11709,11709,0.00,0.00,0,0,false,false,CONFLICT
LR,11709,11709,3228270.50,4958.50,16384,20,true,true,OK
Leo,11947,11947,187736208.50,936104.50,16384,10,true,true,OK
GLL,11947,11947,18304770.50,38770.50,49152,20,true,true,OK
RNGLR,11947,11947,18319479.50,41812.00,16384,20,true,true,OK
BRNGLR,11947,11947,17156104.50,15020.00,16384,20,true,true,OK
CYK,11947,11947,0.00,0.00,0,0,false,false,TIMEOUT
LL,11947,11947,0.00,0.00,0,0,false,false,CONFLICT
LR,11947,11947,3296791.50,4937.50,16384,20,true,true,OK
Leo,12008,12008,187774000.50,164332.50,98304,10,true,true,OK
GLL,12008,12008,18300458.00,21896.00,32768,20,true,true,OK
RNGLR,12008,12008,16588417.00,39479.50,16384,20,true,true,OK
BRNGLR,12008,12008,15470999.50,32292.00,16384,20,true,true,OK
CYK,12008,12008,0.00,0.00,0,0,false,false,TIMEOUT
LL,12008,12008,0.00,0.00,0,0,false,false,CONFLICT
LR,12008,12008,3309646.00,3437.50,16384,20,true,true,OK
Leo,12014,12014,184324333.50,393646.00,16384,10,true,true,OK
GLL,12014,12014,18350437.50,75791.00,16384,20,true,true,OK
RNGLR,12014,12014,12722437.50,17833.00,16384,20,true,true,OK
BRNGLR,12014,12014,11644083.50,19271.00,16384,20,true,true,OK
CYK,12014,12014,0.00,0.00,0,0,false,false,TIMEOUT
LL,12014,12014,0.00,0.00,0,0,false,false,CONFLICT
LR,12014,12014,3330271.00,5854.00,16384,20,true,true,OK
Leo,12046,12046,191643333.50,499375.00,49152,10,true,true,OK
GLL,12046,12046,18662062.50,40792.00,16384,20,true,true,OK
RNGLR,12046,12046,33889000.00,92709.00,16384,15,true,true,OK
BRNGLR,12046,12046,32626438.00,49750.00,16384,16,true,true,OK
CYK,12046,12046,0.00,0.00,0,0,false,false,TIMEOUT
LL,12046,12046,0.00,0.00,0,0,false,false,CONFLICT
LR,12046,12046,3315729.00,4542.00,16384,20,true,true,OK
Leo,12335,12335,192214708.00,361125.00,65536,10,true,true,OK
GLL,12335,12335,19073292.00,44792.00,65536,20,true,true,OK
RNGLR,12335,12335,18014167.00,39417.00,16384,20,true,true,OK
BRNGLR,12335,12335,16999437.00,29354.00,16384,20,true,true,OK
CYK,12335,12335,0.00,0.00,0,0,false,false,TIMEOUT
LL,12335,12335,0.00,0.00,0,0,false,false,CONFLICT
LR,12335,12335,3403583.50,3604.50,16384,20,true,true,OK
Leo,12410,12410,197849166.50,136354.50,114688,10,true,true,OK
GLL,12410,12410,19206395.50,42061.50,32768,20,true,true,OK
RNGLR,12410,12410,35617959.00,59875.00,16384,15,true,true,OK
BRNGLR,12410,12410,34512334.00,96168.00,16384,15,true,true,OK
CYK,12410,12410,0.00,0.00,0,0,false,false,TIMEOUT
LL,12410,12410,0.00,0.00,0,0,false,false,CONFLICT
LR,12410,12410,3410416.50,4479.00,16384,20,true,true,OK
Leo,12455,12455,198060604.00,234374.50,81920,10,true,true,OK
GLL,12455,12455,19200521.00,43813.00,16384,20,true,true,OK
RNGLR,12455,12455,24585791.50,42646.00,16384,20,true,true,OK
BRNGLR,12455,12455,23561312.50,76542.00,16384,20,true,true,OK
CYK,12455,12455,0.00,0.00,0,0,false,false,TIMEOUT
LL,12455,12455,0.00,0.00,0,0,false,false,CONFLICT
LR,12455,12455,3427708.50,3500.00,16384,20,true,true,OK
Leo,12461,12461,195378187.00,1329166.50,16384,10,true,true,OK
GLL,12461,12461,19047229.00,30354.00,16384,20,true,true,OK
RNGLR,12461,12461,15863979.00,25541.50,16384,20,true,true,OK
BRNGLR,12461,12461,14692083.50,19479.50,16384,20,true,true,OK
CYK,12461,12461,0.00,0.00,0,0,false,false,TIMEOUT
LL,12461,12461,0.00,0.00,0,0,false,false,CONFLICT
LR,12461,12461,3431437.50,3937.50,16384,20,true,true,OK
Leo,12483,12483,194197166.50,452145.50,16384,10,true,true,OK
GLL,12483,12483,19054666.50,35416.50,16384,20,true,true,OK
RNGLR,12483,12483,15898459.00,40562.50,16384,20,true,true,OK
BRNGLR,12483,12483,14790708.00,17604.00,16384,20,true,true,OK
CYK,12483,12483,0.00,0.00,0,0,false,false,TIMEOUT
LL,12483,12483,0.00,0.00,0,0,false,false,CONFLICT
LR,12483,12483,3433062.50,5124.50,16384,20,true,true,OK
Leo,12526,12526,199548750.50,493125.00,65536,10,true,true,OK
GLL,12526,12526,19350167.00,28937.00,32768,20,true,true,OK
RNGLR,12526,12526,36164103.50,91728.50,16384,14,true,true,OK
BRNGLR,12526,12526,34976666.00,50291.00,16384,15,true,true,OK
CYK,12526,12526,0.00,0.00,0,0,false,false,TIMEOUT
LL,12526,12526,0.00,0.00,0,0,false,false,CONFLICT
LR,12526,12526,3456083.00,4166.50,16384,20,true,true,OK
Leo,12586,12586,195770333.00,379854.50,16384,10,true,true,OK
GLL,12586,12586,19326792.00,97625.00,16384,20,true,true,OK
RNGLR,12586,12586,16683833.50,40188.00,16384,20,true,true,OK
BRNGLR,12586,12586,15498541.50,31083.50,16384,20,true,true,OK
CYK,12586,12586,0.00,0.00,0,0,false,false,TIMEOUT
LL,12586,12586,0.00,0.00,0,0,false,false,CONFLICT
LR,12586,12586,3467167.00,6687.50,16384,20,true,true,OK
Leo,12615,12615,200823854.00,581187.50,114688,10,true,true,OK
GLL,12615,12615,19472041.50,50688.00,32768,20,true,true,OK
RNGLR,12615,12615,24653333.50,29874.50,16384,20,true,true,OK
BRNGLR,12615,12615,23425375.00,61396.00,16384,20,true,true,OK
CYK,12615,12615,0.00,0.00,0,0,false,false,TIMEOUT
LL,12615,12615,0.00,0.00,0,0,false,false,CONFLICT
LR,12615,12615,3470833.50,3104.50,16384,20,true,true,OK
Leo,12674,12674,197136250.00,310437.50,16384,10,true,true,OK
GLL,12674,12674,19379625.50,26479.50,16384,20,true,true,OK
RNGLR,12674,12674,23057229.00,26375.00,16384,20,true,true,OK
BRNGLR,12674,12674,21901583.50,40125.00,16384,20,true,true,OK
CYK,12674,12674,0.00,0.00,0,0,false,false,TIMEOUT
LL,12674,12674,0.00,0.00,0,0,false,false,CONFLICT
LR,12674,12674,3501437.50,3354.00,16384,20,true,true,OK
Leo,12718,12718,203385750.50,591709.00,65536,10,true,true,OK
GLL,12718,12718,19602479.00,48270.50,32768,20,true,true,OK
RNGLR,12718,12718,37328938.00,54167.00,16384,14,true,true,OK
BRNGLR,12718,12718,36063916.50,55667.00,16384,14,true,true,OK
CYK,12718,12718,0.00,0.00,0,0,false,false,TIMEOUT
LL,12718,12718,0.00,0.00,0,0,false,false,CONFLICT
LR,12718,12718,3503292.00,4354.50,16384,20,true,true,OK
Leo,12728,12728,204924875.00,4117666.00,16384,10,true,true,OK
GLL,12728,12728,19727875.00,83208.50,16384,20,true,true,OK
RNGLR,12728,12728,35697000.00,95833.00,16384,14,true,true,OK
BRNGLR,12728,12728,34351417.00,137875.00,16384,15,true,true,OK
CYK,12728,12728,0.00,0.00,0,0,false,false,TIMEOUT
LL,12728,12728,0.00,0.00,0,0,false,false,CONFLICT
LR,12728,12728,3524291.50,16791.50,16384,20,true,true,OK
Leo,12822,12822,203389479.00,908104.00,49152,10,true,true,OK
GLL,12822,12822,19771771.00,27583.50,32768,20,true,true,OK
RNGLR,12822,12822,37759729.00,105916.50,16384,14,true,true,OK
BRNGLR,12822,12822,36271979.50,84208.00,16384,14,true,true,OK
CYK,12822,12822,0.00,0.00,0,0,false,false,TIMEOUT
LL,12822,12822,0.00,0.00,0,0,false,false,CONFLICT
LR,12822,12822,3563250.00,13458.50,16384,20,true,true,OK
Leo,13249,13249,211031375.50,1120000.50,32768,10,true,true,OK
GLL,13249,13249,20428979.00,57812.50,81920,20,true,true,OK
RNGLR,13249,13249,39674041.00,91834.00,16384,13,true,true,OK
BRNGLR,13249,13249,38435334.00,138625.00,16384,13,true,true,OK
CYK,13249,13249,0.00,0.00,0,0,false,false,TIMEOUT
LL,13249,13249,0.00,0.00,0,0,false,false,CONFLICT
LR,13249,13249,3653354.00,1687.50,16384,20,true,true,OK
Leo,13845,13845,223709187.50,2221125.00,98304,10,true,true,OK
GLL,13845,13845,21127083.00,53167.00,114688,20,true,true,OK
RNGLR,13845,13845,39878125.00,136541.00,16384,13,true,true,OK
BRNGLR,13845,13845,38468083.00,83458.00,16384,13,true,true,OK
CYK,13845,13845,0.00,0.00,0,0,false,false,TIMEOUT
LL,13845,13845,0.00,0.00,0,0,false,false,CONFLICT
LR,13845,13845,3819041.50,9499.50,16384,20,true,true,OK
Leo,14055,14055,227246041.50,1662541.50,114688,10,true,true,OK
GLL,14055,14055,22130770.50,746229.00,49152,20,true,true,OK
RNGLR,14055,14055,21878395.50,50208.00,16384,20,true,true,OK
BRNGLR,14055,14055,20501729.00,22229.50,16384,20,true,true,OK
CYK,14055,14055,0.00,0.00,0,0,false,false,TIMEOUT
LL,14055,14055,0.00,0.00,0,0,false,false,CONFLICT
LR,14055,14055,3885313.00,10104.50,16384,20,true,true,OK
Leo,14154,14154,235055354.00,3427562.00,32768,10,true,true,OK
GLL,14154,14154,22037520.50,227250.00,32768,20,true,true,OK
RNGLR,14154,14154,45061354.00,207562.00,16384,12,true,true,OK
BRNGLR,14154,14154,44015812.50,422354.00,16384,12,true,true,OK
CYK,14154,14154,0.00,0.00,0,0,false,false,TIMEOUT
LL,14154,14154,0.00,0.00,0,0,false,false,CONFLICT
LR,14154,14154,3908125.00,5062.50,16384,20,true,true,OK
Leo,14266,14266,234552208.00,2474333.50,65536,10,true,true,OK
GLL,14266,14266,21959938.00,74542.00,32768,20,true,true,OK
RNGLR,14266,14266,45481417.00,51376.00,16384,11,true,true,OK
BRNGLR,14266,14266,44220083.50,313208.50,16384,12,true,true,OK
CYK,14266,14266,0.00,0.00,0,0,false,false,TIMEOUT
LL,14266,14266,0.00,0.00,0,0,false,false,CONFLICT
LR,14266,14266,3943146.00,9854.00,16384,20,true,true,OK
Leo,14397,14397,238058250.00,5266333.50,65536,10,true,true,OK
GLL,14397,14397,22928375.50,499313.00,32768,20,true,true,OK
RNGLR,14397,14397,46813041.00,93124.00,16384,11,true,true,OK
BRNGLR,14397,14397,45215375.00,101354.00,16384,12,true,true,OK
CYK,14397,14397,0.00,0.00,0,0,false,false,TIMEOUT
LL,14397,14397,0.00,0.00,0,0,false,false,CONFLICT
LR,14397,14397,3991479.00,20729.50,16384,20,true,true,OK
Leo,14707,14707,241842229.50,3471334.00,32768,10,true,true,OK
GLL,14707,14707,23031792.00,104459.00,65536,20,true,true,OK
RNGLR,14707,14707,48816292.00,270208.00,16384,11,true,true,OK
BRNGLR,14707,14707,46765583.00,38916.00,16384,11,true,true,OK
CYK,14707,14707,0.00,0.00,0,0,false,false,TIMEOUT
LL,14707,14707,0.00,0.00,0,0,false,false,CONFLICT
LR,14707,14707,4053853.50,4104.00,16384,20,true,true,OK
Leo,14820,14820,248365812.50,5724771.00,65536,10,true,true,OK
GLL,14820,14820,23215250.00,188312.50,32768,20,true,true,OK
RNGLR,14820,14820,49254041.00,181208.00,16384,11,true,true,OK
BRNGLR,14820,14820,47690459.00,223000.00,16384,11,true,true,OK
CYK,14820,14820,0.00,0.00,0,0,false,false,TIMEOUT
LL,14820,14820,0.00,0.00,0,0,false,false,CONFLICT
LR,14820,14820,4115979.00,23979.00,16384,20,true,true,OK
Leo,14821,14821,239720500.00,3037916.50,16384,10,true,true,OK
GLL,14821,14821,22994854.00,69188.00,16384,20,true,true,OK
RNGLR,14821,14821,19076041.50,24875.00,16384,20,true,true,OK
BRNGLR,14821,14821,17702688.00,44312.00,16384,20,true,true,OK
CYK,14821,14821,0.00,0.00,0,0,false,false,TIMEOUT
LL,14821,14821,0.00,0.00,0,0,false,false,CONFLICT
LR,14821,14821,4117437.50,20479.00,32768,20,true,true,OK
Leo,15018,15018,242919458.50,525437.50,65536,10,true,true,OK
GLL,15018,15018,23423625.00,79125.00,49152,20,true,true,OK
RNGLR,15018,15018,50279583.50,73750.00,16384,10,true,true,OK
BRNGLR,15018,15018,48593083.00,70583.00,16384,11,true,true,OK
CYK,15018,15018,0.00,0.00,0,0,false,false,TIMEOUT
LL,15018,15018,0.00,0.00,0,0,false,false,CONFLICT
LR,15018,15018,4154958.50,12812.50,16384,20,true,true,OK
Leo,15187,15187,243475875.00,1378312.00,32768,10,true,true,OK
GLL,15187,15187,23354354.50,54312.50,49152,20,true,true,OK
RNGLR,15187,15187,35916541.50,93625.00,32768,14,true,true,OK
BRNGLR,15187,15187,34286042.00,67459.00,16384,15,true,true,OK
CYK,15187,15187,0.00,0.00,0,0,false,false,TIMEOUT
LL,15187,15187,0.00,0.00,0,0,false,false,CONFLICT
LR,15187,15187,4208729.00,23125.00,16384,20,true,true,OK
Leo,15368,15368,247499208.00,622979.00,98304,10,true,true,OK
GLL,15368,15368,24183729.00,138666.50,49152,20,true,true,OK
RNGLR,15368,15368,52309125.00,215562.00,2392064,10,true,true,OK
BRNGLR,15368,15368,50720312.50,18229.00,16384,10,true,true,OK
CYK,15368,15368,0.00,0.00,0,0,false,false,TIMEOUT
LL,15368,15368,0.00,0.00,0,0,false,false,CONFLICT
LR,15368,15368,4259417.00,16729.50,16384,20,true,true,OK
Leo,15494,15494,250146395.50,842062.50,81920,10,true,true,OK
GLL,15494,15494,24159271.00,58916.50,49152,20,true,true,OK
RNGLR,15494,15494,53223791.50,55187.50,16384,10,true,true,OK
BRNGLR,15494,15494,51410396.00,53479.00,16384,10,true,true,OK
CYK,15494,15494,0.00,0.00,0,0,false,false,TIMEOUT
LL,15494,15494,0.00,0.00,0,0,false,false,CONFLICT
LR,15494,15494,4275979.00,9646.00,16384,20,true,true,OK
Leo,15565,15565,250865041.50,985145.50,81920,10,true,true,OK
GLL,15565,15565,24189916.50,62312.50,16384,20,true,true,OK
RNGLR,15565,15565,53522291.50,93791.50,16384,10,true,true,OK
BRNGLR,15565,15565,51792687.50,103375.00,16384,10,true,true,OK
CYK,15565,15565,0.00,0.00,0,0,false,false,TIMEOUT
LL,15565,15565,0.00,0.00,0,0,false,false,CONFLICT
LR,15565,15565,4308562.50,16625.00,16384,20,true,true,OK
Leo,15630,15630,251224791.50,467625.00,16384,10,true,true,OK
GLL,15630,15630,24398354.00,53541.00,32768,20,true,true,OK
RNGLR,15630,15630,53934625.00,35479.00,16384,10,true,true,OK
BRNGLR,15630,15630,52231333.50,61229.00,16384,10,true,true,OK
CYK,15630,15630,0.00,0.00,0,0,false,false,TIMEOUT
LL,15630,15630,0.00,0.00,0,0,false,false,CONFLICT
LR,15630,15630,4337917.00,23250.50,32768,20,true,true,OK
Leo,15861,15861,254812750.00,252521.50,98304,10,true,true,OK
GLL,15861,15861,24626375.00,70437.00,49152,20,true,true,OK
RNGLR,15861,15861,55191250.00,67750.00,16384,10,true,true,OK
BRNGLR,15861,15861,53510937.00,51791.50,16384,10,true,true,OK
CYK,15861,15861,0.00,0.00,0,0,false,false,TIMEOUT
LL,15861,15861,0.00,0.00,0,0,false,false,CONFLICT
LR,15861,15861,4386812.50,13333.50,16384,20,true,true,OK
Leo,16096,16096,253350937.50,346937.50,16384,10,true,true,OK
GLL,16096,16096,24736000.50,54978.50,49152,20,true,true,OK
RNGLR,16096,16096,28308083.50,76562.50,16384,18,true,true,OK
BRNGLR,16096,16096,26674750.00,62500.00,16384,19,true,true,OK
CYK,16096,16096,0.00,0.00,0,0,false,false,TIMEOUT
LL,16096,16096,0.00,0.00,0,0,false,false,CONFLICT
LR,16096,16096,4465645.50,14603.50,16384,20,true,true,OK
Leo,16698,16698,271041145.50,678083.00,32768,10,true,true,OK
GLL,16698,16698,28261770.50,123896.00,65536,18,true,true,OK
RNGLR,16698,16698,60616312.50,76958.00,98304,10,true,true,OK
BRNGLR,16698,16698,58894729.00,88562.50,16384,10,true,true,OK
CYK,16698,16698,0.00,0.00,0,0,false,false,TIMEOUT
LL,16698,16698,0.00,0.00,0,0,false,false,CONFLICT
LR,16698,16698,4634875.00,17625.00,32768,20,true,true,OK
Leo,16973,16973,274136604.50,240083.50,65536,10,true,true,OK
GLL,16973,16973,28161041.50,71645.50,753664,18,true,true,OK
RNGLR,16973,16973,62408437.50,117354.00,835584,10,true,true,OK
BRNGLR,16973,16973,60459666.50,99333.50,16384,10,true,true,OK
CYK,16973,16973,0.00,0.00,0,0,false,false,TIMEOUT
LL,16973,16973,0.00,0.00,0,0,false,false,CONFLICT
LR,16973,16973,4748312.50,58708.00,16384,20,true,true,OK
Leo,17274,17274,280848333.50,217041.50,32768,10,true,true,OK
GLL,17274,17274,29034312.50,78270.50,16384,18,true,true,OK
RNGLR,17274,17274,64535458.50,114062.00,16384,10,true,true,OK
BRNGLR,17274,17274,62659520.50,39520.50,16384,10,true,true,OK
CYK,17274,17274,0.00,0.00,0,0,false,false,TIMEOUT
LL,17274,17274,0.00,0.00,0,0,false,false,CONFLICT
LR,17274,17274,4790479.50,8666.50,16384,20,true,true,OK
Leo,17444,17444,276988187.00,189375.00,16384,10,true,true,OK
GLL,17444,17444,28740083.00,64771.00,2080768,18,true,true,OK
RNGLR,17444,17444,37634416.50,67083.00,65536,14,true,true,OK
BRNGLR,17444,17444,35910771.00,32729.00,16384,14,true,true,OK
CYK,17444,17444,0.00,0.00,0,0,false,false,TIMEOUT
LL,17444,17444,0.00,0.00,0,0,false,false,CONFLICT
LR,17444,17444,4859208.50,20250.00,32768,20,true,true,OK
Leo,17664,17664,286391542.00,781437.50,65536,10,true,true,OK
GLL,17664,17664,29717542.00,72375.00,98304,17,true,true,OK
RNGLR,17664,17664,63637500.50,83708.50,49152,10,true,true,OK
BRNGLR,17664,17664,61595562.50,27937.50,16384,10,true,true,OK
CYK,17664,17664,0.00,0.00,0,0,false,false,TIMEOUT
LL,17664,17664,0.00,0.00,0,0,false,false,CONFLICT
LR,17664,17664,4902166.50,11812.50,16384,20,true,true,OK
Leo,17703,17703,283601666.50,330604.50,16384,10,true,true,OK
GLL,17703,17703,29035958.00,49895.50,606208,18,true,true,OK
RNGLR,17703,17703,50644479.50,52771.00,16384,10,true,true,OK
BRNGLR,17703,17703,48670542.00,68458.00,16384,11,true,true,OK
CYK,17703,17703,0.00,0.00,0,0,false,false,TIMEOUT
LL,17703,17703,0.00,0.00,0,0,false,false,CONFLICT
LR,17703,17703,4910333.00,12562.50,16384,20,true,true,OK
Leo,17802,17802,285899479.50,353770.50,16384,10,true,true,OK
GLL,17802,17802,29132104.00,109437.50,1900544,18,true,true,OK
RNGLR,17802,17802,37146729.50,65958.00,868352,14,true,true,OK
BRNGLR,17802,17802,35450812.50,66541.50,16384,14,true,true,OK
CYK,17802,17802,0.00,0.00,0,0,false,false,TIMEOUT
LL,17802,17802,0.00,0.00,0,0,false,false,CONFLICT
LR,17802,17802,4950833.00,10895.50,16384,20,true,true,OK
Leo,17852,17852,287841104.00,292229.00,65536,10,true,true,OK
GLL,17852,17852,29167187.50,58687.50,1409024,18,true,true,OK
RNGLR,17852,17852,33499334.00,79334.00,16384,15,true,true,OK
BRNGLR,17852,17852,31577479.50,48958.00,16384,16,true,true,OK
CYK,17852,17852,0.00,0.00,0,0,false,false,TIMEOUT
LL,17852,17852,0.00,0.00,0,0,false,false,CONFLICT
LR,17852,17852,4937771.00,15041.50,32768,20,true,true,OK
Leo,17946,17946,287948979.00,311354.50,65536,10,true,true,OK
GLL,17946,17946,29329292.00,68438.00,2342912,18,true,true,OK
RNGLR,17946,17946,30799958.00,32042.00,999424,17,true,true,OK
BRNGLR,17946,17946,29074417.00,58354.00,16384,18,true,true,OK
CYK,17946,17946,0.00,0.00,0,0,false,false,TIMEOUT
LL,17946,17946,0.00,0.00,0,0,false,false,CONFLICT
LR,17946,17946,4957395.50,16979.00,16384,20,true,true,OK
Leo,18040,18040,289652666.50,373958.00,131072,10,true,true,OK
GLL,18040,18040,29418917.00,80333.00,2129920,17,true,true,OK
RNGLR,18040,18040,30037708.00,45334.00,16384,17,true,true,OK
BRNGLR,18040,18040,28348187.50,54979.50,16384,18,true,true,OK
CYK,18040,18040,0.00,0.00,0,0,false,false,TIMEOUT
LL,18040,18040,0.00,0.00,0,0,false,false,CONFLICT
LR,18040,18040,4985084.00,16417.00,16384,20,true,true,OK
Leo,18110,18110,294830104.00,442771.00,114688,10,true,true,OK
GLL,18110,18110,30002833.00,71875.00,16384,17,true,true,OK
RNGLR,18110,18110,69840854.50,30208.00,16384,10,true,true,OK
BRNGLR,18110,18110,67964354.50,78812.50,16384,10,true,true,OK
CYK,18110,18110,0.00,0.00,0,0,false,false,TIMEOUT
LL,18110,18110,0.00,0.00,0,0,false,false,CONFLICT
LR,18110,18110,5036479.50,9354.50,16384,20,true,true,OK
Leo,18274,18274,296162562.50,305021.00,65536,10,true,true,OK
GLL,18274,18274,29744208.00,136750.00,1458176,17,true,true,OK
RNGLR,18274,18274,45104354.50,122062.50,16384,12,true,true,OK
BRNGLR,18274,18274,43156375.00,44541.50,16384,12,true,true,OK
CYK,18274,18274,0.00,0.00,0,0,false,false,TIMEOUT
LL,18274,18274,0.00,0.00,0,0,false,false,CONFLICT
LR,18274,18274,5051458.00,8708.00,16384,20,true,true,OK
Leo,18320,18320,295211396.00,258458.00,16384,10,true,true,OK
GLL,18320,18320,29859500.00,95583.00,1605632,17,true,true,OK
RNGLR,18320,18320,33030791.50,69708.50,16384,16,true,true,OK
BRNGLR,18320,18320,31241792.00,63125.00,16384,17,true,true,OK
CYK,18320,18320,0.00,0.00,0,0,false,false,TIMEOUT
LL,18320,18320,0.00,0.00,0,0,false,false,CONFLICT
LR,18320,18320,5056333.50,14958.00,32768,20,true,true,OK
Leo,18374,18374,296449750.00,295250.00,98304,10,true,true,OK
GLL,18374,18374,29897333.00,107583.00,2211840,17,true,true,OK
RNGLR,18374,18374,27285417.00,44375.00,16384,19,true,true,OK
BRNGLR,18374,18374,25581979.00,52083.50,16384,20,true,true,OK
CYK,18374,18374,0.00,0.00,0,0,false,false,TIMEOUT
LL,18374,18374,0.00,0.00,0,0,false,false,CONFLICT
LR,18374,18374,5085145.50,14875.00,16384,20,true,true,OK
Leo,18421,18421,297967812.00,303291.50,32768,10,true,true,OK
GLL,18421,18421,30157084.00,81459.00,16384,17,true,true,OK
RNGLR,18421,18421,72118896.00,132041.50,16384,10,true,true,OK
BRNGLR,18421,18421,70029604.00,80979.00,16384,10,true,true,OK
CYK,18421,18421,0.00,0.00,0,0,false,false,TIMEOUT
LL,18421,18421,0.00,0.00,0,0,false,false,CONFLICT
LR,18421,18421,5114021.00,20250.00,16384,20,true,true,OK
Leo,18485,18485,290439208.50,281959.00,16384,10,true,true,OK
GLL,18485,18485,30078875.00,60292.00,2555904,17,true,true,OK
RNGLR,18485,18485,24936479.50,38937.50,16384,20,true,true,OK
BRNGLR,18485,18485,23216896.50,47333.50,16384,20,true,true,OK
CYK,18485,18485,0.00,0.00,0,0,false,false,TIMEOUT
LL,18485,18485,0.00,0.00,0,0,false,false,CONFLICT
LR,18485,18485,5109041.50,14833.00,16384,20,true,true,OK
Leo,18545,18545,300179041.00,235229.00,65536,10,true,true,OK
GLL,18545,18545,30595375.00,63667.00,16384,17,true,true,OK
RNGLR,18545,18545,73071354.50,54167.00,16384,10,true,true,OK
BRNGLR,18545,18545,70746271.00,39812.50,16384,10,true,true,OK
CYK,18545,18545,0.00,0.00,0,0,false,false,TIMEOUT
LL,18545,18545,0.00,0.00,0,0,false,false,CONFLICT
LR,18545,18545,5152520.50,15083.50,16384,20,true,true,OK
Leo,18661,18661,298442000.00,227063.00,16384,10,true,true,OK
GLL,18661,18661,30475375.00,79833.00,1130496,17,true,true,OK
RNGLR,18661,18661,40542208.00,74583.00,16384,13,true,true,OK
BRNGLR,18661,18661,38555334.00,33500.00,16384,13,true,true,OK
CYK,18661,18661,0.00,0.00,0,0,false,false,TIMEOUT
LL,18661,18661,0.00,0.00,0,0,false,false,CONFLICT
LR,18661,18661,5169312.00,21833.00,32768,20,true,true,OK
Leo,18834,18834,326778083.50,427084.00,49152,10,true,true,OK
GLL,18834,18834,30718833.00,105458.00,16384,17,true,true,OK
RNGLR,18834,18834,75056020.50,119396.00,16384,10,true,true,OK
BRNGLR,18834,18834,72689729.00,103791.50,16384,10,true,true,OK
CYK,18834,18834,0.00,0.00,0,0,false,false,TIMEOUT
LL,18834,18834,0.00,0.00,0,0,false,false,CONFLICT
LR,18834,18834,5247208.50,17291.50,16384,20,true,true,OK
Leo,18966,18966,331502625.00,495354.00,65536,10,true,true,OK
GLL,18966,18966,31090917.00,123917.00,16384,17,true,true,OK
RNGLR,18966,18966,75767625.00,59708.50,16384,10,true,true,OK
BRNGLR,18966,18966,73675250.00,40104.50,16384,10,true,true,OK
CYK,18966,18966,0.00,0.00,0,0,false,false,TIMEOUT
LL,18966,18966,0.00,0.00,0,0,false,false,CONFLICT
LR,18966,18966,5276104.00,19270.50,49152,20,true,true,OK
Leo,18991,18991,337878521.00,1155541.50,81920,10,true,true,OK
GLL,18991,18991,31218375.00,51500.00,16384,17,true,true,OK
RNGLR,18991,18991,76244063.00,103208.50,16384,10,true,true,OK
BRNGLR,18991,18991,74050687.50,77166.50,16384,10,true,true,OK
CYK,18991,18991,0.00,0.00,0,0,false,false,TIMEOUT
LL,18991,18991,0.00,0.00,0,0,false,false,CONFLICT
LR,18991,18991,5256333.50,18458.50,16384,20,true,true,OK
Leo,19394,19394,329181249.50,933167.00,16384,10,true,true,OK
GLL,19394,19394,32724458.00,69708.50,2457600,16,true,true,OK
RNGLR,19394,19394,29606833.00,77709.00,16384,17,true,true,OK
BRNGLR,19394,19394,27909979.00,61666.50,16384,18,true,true,OK
CYK,19394,19394,0.00,0.00,0,0,false,false,TIMEOUT
LL,19394,19394,0.00,0.00,0,0,false,false,CONFLICT
LR,19394,19394,5360958.50,11375.00,16384,20,true,true,OK
Leo,19422,19422,347317104.50,355687.50,114688,10,true,true,OK
GLL,19422,19422,32877292.00,182854.50,16384,16,true,true,OK
RNGLR,19422,19422,70607541.50,85875.00,16384,10,true,true,OK
BRNGLR,19422,19422,68268375.50,99374.00,16384,10,true,true,OK
CYK,19422,19422,0.00,0.00,0,0,false,false,TIMEOUT
LL,19422,19422,0.00,0.00,0,0,false,false,CONFLICT
LR,19422,19422,5392458.00,11770.50,16384,20,true,true,OK
Leo,19622,19622,341778604.00,497666.00,131072,10,true,true,OK
GLL,19622,19622,33395292.00,130791.00,2342912,15,true,true,OK
RNGLR,19622,19622,55126937.50,52333.50,16384,10,true,true,OK
BRNGLR,19622,19622,52749083.50,67270.50,16384,10,true,true,OK
CYK,19622,19622,0.00,0.00,0,0,false,false,TIMEOUT
LL,19622,19622,0.00,0.00,0,0,false,false,CONFLICT
LR,19622,19622,5441354.50,14479.50,16384,20,true,true,OK
Leo,19651,19651,346667354.50,512500.00,16384,10,true,true,OK
GLL,19651,19651,32814770.50,57729.00,1474560,16,true,true,OK
RNGLR,19651,19651,39945666.00,54416.00,16384,13,true,true,OK
BRNGLR,19651,19651,37822875.00,57020.50,16384,14,true,true,OK
CYK,19651,19651,0.00,0.00,0,0,false,false,TIMEOUT
LL,19651,19651,0.00,0.00,0,0,false,false,CONFLICT
LR,19651,19651,5439062.50,17417.00,32768,20,true,true,OK
Leo,19732,19732,350807583.00,1984792.50,98304,10,true,true,OK
GLL,19732,19732,33270645.50,123854.50,917504,16,true,true,OK
RNGLR,19732,19732,56002604.00,58333.50,16384,10,true,true,OK
BRNGLR,19732,19732,53860875.00,80645.50,16384,10,true,true,OK
CYK,19732,19732,0.00,0.00,0,0,false,false,TIMEOUT
LL,19732,19732,0.00,0.00,0,0,false,false,CONFLICT
LR,19732,19732,5557063.00,114229.50,16384,20,true,true,OK
Leo,20121,20121,358290853.50,243416.50,114688,10,true,true,OK
GLL,20121,20121,33735208.00,88667.00,16384,15,true,true,OK
RNGLR,20121,20121,84574458.00,73812.50,16384,10,true,true,OK
BRNGLR,20121,20121,82327791.50,78146.00,16384,10,true,true,OK
CYK,20121,20121,0.00,0.00,0,0,false,false,TIMEOUT
LL,20121,20121,0.00,0.00,0,0,false,false,CONFLICT
LR,20121,20121,5568854.00,14729.00,16384,20,true,true,OK
Leo,20169,20169,352316479.00,1092854.00,16384,10,true,true,OK
GLL,20169,20169,33696666.00,61457.00,1441792,15,true,true,OK
RNGLR,20169,20169,40706500.00,52583.00,16384,13,true,true,OK
BRNGLR,20169,20169,38592250.00,52834.00,16384,13,true,true,OK
CYK,20169,20169,0.00,0.00,0,0,false,false,TIMEOUT
LL,20169,20169,0.00,0.00,0,0,false,false,CONFLICT
LR,20169,20169,5564687.50,11604.50,49152,20,true,true,OK
Leo,20584,20584,364279375.00,687208.50,114688,10,true,true,OK
GLL,20584,20584,34510709.00,79124.00,16384,15,true,true,OK
RNGLR,20584,20584,87717687.50,143542.00,16384,10,true,true,OK
BRNGLR,20584,20584,85502896.00,78958.50,16384,10,true,true,OK
CYK,20584,20584,0.00,0.00,0,0,false,false,TIMEOUT
LL,20584,20584,0.00,0.00,0,0,false,false,CONFLICT
LR,20584,20584,5716854.00,11521.00,16384,20,true,true,OK
Leo,20829,20829,365269958.50,430208.50,16384,10,true,true,OK
GLL,20829,20829,34900209.00,62958.00,2572288,15,true,true,OK
RNGLR,20829,20829,63959166.50,204500.00,16384,10,true,true,OK
BRNGLR,20829,20829,61808729.50,61479.00,16384,10,true,true,OK
CYK,20829,20829,0.00,0.00,0,0,false,false,TIMEOUT
LL,20829,20829,0.00,0.00,0,0,false,false,CONFLICT
LR,20829,20829,5774645.50,21542.00,16384,20,true,true,OK
Leo,21014,21014,370808354.00,646729.50,81920,10,true,true,OK
GLL,21014,21014,34900958.00,107875.00,2555904,15,true,true,OK
RNGLR,21014,21014,42649625.50,83041.50,16384,12,true,true,OK
BRNGLR,21014,21014,40524208.00,66917.00,16384,13,true,true,OK
CYK,21014,21014,0.00,0.00,0,0,false,false,TIMEOUT
LL,21014,21014,0.00,0.00,0,0,false,false,CONFLICT
LR,21014,21014,5817791.50,9313.00,32768,20,true,true,OK
Leo,21084,21084,381732000.00,671895.50,65536,10,true,true,OK
GLL,21084,21084,34940625.00,219209.00,2359296,15,true,true,OK
RNGLR,21084,21084,31949812.00,96166.50,16384,16,true,true,OK
BRNGLR,21084,21084,29938500.00,35833.00,16384,17,true,true,OK
CYK,21084,21084,0.00,0.00,0,0,false,false,TIMEOUT
LL,21084,21084,0.00,0.00,0,0,false,false,CONFLICT
LR,21084,21084,5824375.50,13624.50,16384,20,true,true,OK
Leo,21705,21705,393753687.50,1292083.00,16384,10,true,true,OK
GLL,21705,21705,36440208.50,62521.00,16384,14,true,true,OK
RNGLR,21705,21705,96793562.50,109229.00,16384,10,true,true,OK
BRNGLR,21705,21705,94061895.50,83854.00,16384,10,true,true,OK
CYK,21705,21705,0.00,0.00,0,0,false,false,TIMEOUT
LL,21705,21705,0.00,0.00,0,0,false,false,CONFLICT
LR,21705,21705,6038437.50,21625.00,16384,20,true,true,OK
Leo,22315,22315,394432083.50,829417.00,16384,10,true,true,OK
GLL,22315,22315,38119958.00,52083.50,1753088,14,true,true,OK
RNGLR,22315,22315,64003688.00,82208.50,16384,10,true,true,OK
BRNGLR,22315,22315,61219812.50,58666.50,16384,10,true,true,OK
CYK,22315,22315,0.00,0.00,0,0,false,false,TIMEOUT
LL,22315,22315,0.00,0.00,0,0,false,false,CONFLICT
LR,22315,22315,6167750.00,8228.50,49152,20,true,true,OK
Leo,22484,22484,406619916.50,821083.50,16384,10,true,true,OK
GLL,22484,22484,38444000.00,73208.00,868352,13,true,true,OK
RNGLR,22484,22484,75117687.00,139708.00,16384,10,true,true,OK
BRNGLR,22484,22484,72539750.00,59938.00,16384,10,true,true,OK
CYK,22484,22484,0.00,0.00,0,0,false,false,TIMEOUT
LL,22484,22484,0.00,0.00,0,0,false,false,CONFLICT
LR,22484,22484,6233666.50,15604.00,16384,20,true,true,OK
Leo,22646,22646,412569875.00,1129937.50,49152,10,true,true,OK
GLL,22646,22646,39062292.00,153251.00,49152,13,true,true,OK
RNGLR,22646,22646,105498937.50,48916.50,16384,10,true,true,OK
BRNGLR,22646,22646,102955229.00,347000.00,16384,10,true,true,OK
CYK,22646,22646,0.00,0.00,0,0,false,false,TIMEOUT
LL,22646,22646,0.00,0.00,0,0,false,false,CONFLICT
LR,22646,22646,6307813.00,23437.50,16384,20,true,true,OK
Leo,22712,22712,407751874.50,602020.00,32768,10,true,true,OK
GLL,22712,22712,39024917.00,121584.00,983040,13,true,true,OK
RNGLR,22712,22712,73852103.50,126041.50,16384,10,true,true,OK
BRNGLR,22712,22712,71382187.50,82500.50,16384,10,true,true,OK
CYK,22712,22712,0.00,0.00,0,0,false,false,TIMEOUT
LL,22712,22712,0.00,0.00,0,0,false,false,CONFLICT
LR,22712,22712,6297500.00,17104.00,16384,20,true,true,OK
Leo,22855,22855,409793875.00,1800562.50,16384,10,true,true,OK
GLL,22855,22855,39406875.00,94542.00,1458176,13,true,true,OK
RNGLR,22855,22855,57838625.50,106667.00,16384,10,true,true,OK
BRNGLR,22855,22855,55359437.50,90854.50,16384,10,true,true,OK
CYK,22855,22855,0.00,0.00,0,0,false,false,TIMEOUT
LL,22855,22855,0.00,0.00,0,0,false,false,CONFLICT
LR,22855,22855,6321541.50,11437.50,49152,20,true,true,OK
Leo,24004,24004,441322125.00,927728.50,16384,10,true,true,OK
GLL,24004,24004,44078020.50,430104.50,491520,12,true,true,OK
RNGLR,24004,24004,117005625.50,102062.50,16384,10,true,true,OK
BRNGLR,24004,24004,114124062.50,144729.00,16384,10,true,true,OK
CYK,24004,24004,0.00,0.00,0,0,false,false,TIMEOUT
LL,24004,24004,0.00,0.00,0,0,false,false,CONFLICT
LR,24004,24004,6656417.00,10625.50,16384,20,true,true,OK
Leo,24219,24219,441728000.00,1093104.50,65536,10,true,true,OK
GLL,24219,24219,43888771.00,176646.00,16384,12,true,true,OK
RNGLR,24219,24219,118229000.00,298646.00,1179648,10,true,true,OK
BRNGLR,24219,24219,115808583.50,85145.50,2359296,10,true,true,OK
CYK,24219,24219,0.00,0.00,0,0,false,false,TIMEOUT
LL,24219,24219,0.00,0.00,0,0,false,false,CONFLICT
LR,24219,24219,6732541.50,19125.50,16384,20,true,true,OK
Leo,24457,24457,443222688.00,1082709.00,131072,10,true,true,OK
GLL,24457,24457,44165208.50,418500.00,3670016,12,true,true,OK
RNGLR,24457,24457,120863625.00,162437.50,16384,10,true,true,OK
BRNGLR,24457,24457,118341458.50,240020.50,16384,10,true,true,OK
CYK,24457,24457,0.00,0.00,0,0,false,false,TIMEOUT
LL,24457,24457,0.00,0.00,0,0,false,false,CONFLICT
LR,24457,24457,6773896.00,13729.50,16384,20,true,true,OK
Leo,25742,25742,507395167.00,26159709.00,81920,10,true,true,OK
GLL,25742,25742,45208604.50,265521.00,2408448,12,true,true,OK
RNGLR,25742,25742,63726375.00,49062.50,1261568,10,true,true,OK
BRNGLR,25742,25742,61056479.00,98125.00,2506752,10,true,true,OK
CYK,25742,25742,0.00,0.00,0,0,false,false,TIMEOUT
LL,25742,25742,0.00,0.00,0,0,false,false,CONFLICT
LR,25742,25742,7101229.00,8709.00,16384,20,true,true,OK
Leo,25868,25868,484221813.00,1763625.50,65536,10,true,true,OK
GLL,25868,25868,45720584.00,58292.00,49152,11,true,true,OK
RNGLR,25868,25868,132800770.50,141561.50,1261568,10,true,true,OK
BRNGLR,25868,25868,130179854.00,107312.00,2523136,10,true,true,OK
CYK,25868,25868,0.00,0.00,0,0,false,false,TIMEOUT
LL,25868,25868,0.00,0.00,0,0,false,false,CONFLICT
LR,25868,25868,7169917.00,19771.50,16384,20,true,true,OK
Leo,26882,26882,494241375.00,1366333.50,65536,10,true,true,OK
GLL,26882,26882,47095875.00,70917.00,573440,11,true,true,OK
RNGLR,26882,26882,114020166.50,169666.00,16384,10,true,true,OK
BRNGLR,26882,26882,111332937.00,102729.00,16384,10,true,true,OK
CYK,26882,26882,0.00,0.00,0,0,false,false,TIMEOUT
LL,26882,26882,0.00,0.00,0,0,false,false,CONFLICT
LR,26882,26882,7491979.00,26312.50,32768,20,true,true,OK
Leo,27038,27038,500829854.00,3151270.50,98304,10,true,true,OK
GLL,27038,27038,47421666.00,240000.00,4374528,11,true,true,OK
RNGLR,27038,27038,144098583.50,64562.00,16384,10,true,true,OK
BRNGLR,27038,27038,141158521.00,65021.00,16384,10,true,true,OK
CYK,27038,27038,0.00,0.00,0,0,false,false,TIMEOUT
LL,27038,27038,0.00,0.00,0,0,false,false,CONFLICT
LR,27038,27038,7495479.50,11000.00,16384,20,true,true,OK
Leo,27372,27372,507359250.00,3994896.00,98304,10,true,true,OK
GLL,27372,27372,48043459.00,87209.00,3735552,11,true,true,OK
RNGLR,27372,27372,147600583.50,165396.00,16384,10,true,true,OK
BRNGLR,27372,27372,144339041.50,116750.50,16384,10,true,true,OK
CYK,27372,27372,0.00,0.00,0,0,false,false,TIMEOUT
LL,27372,27372,0.00,0.00,0,0,false,false,CONFLICT
LR,27372,27372,7594708.50,27437.50,16384,20,true,true,OK
Leo,28049,28049,509204791.50,1395333.00,98304,10,true,true,OK
GLL,28049,28049,47853625.00,114000.00,4505600,11,true,true,OK
RNGLR,28049,28049,35499042.00,216792.00,16384,15,true,true,OK
BRNGLR,28049,28049,32873313.00,76688.00,16384,16,true,true,OK
CYK,28049,28049,0.00,0.00,0,0,false,false,TIMEOUT
LL,28049,28049,0.00,0.00,0,0,false,false,CONFLICT
LR,28049,28049,7759416.50,10458.50,49152,20,true,true,OK
Leo,28606,28606,533691145.50,1875187.50,98304,10,true,true,OK
GLL,28606,28606,49630500.00,259000.00,1523712,11,true,true,OK
RNGLR,28606,28606,87276562.50,185354.50,16384,10,true,true,OK
BRNGLR,28606,28606,84774937.50,144479.50,1376256,10,true,true,OK
CYK,28606,28606,0.00,0.00,0,0,false,false,TIMEOUT
LL,28606,28606,0.00,0.00,0,0,false,false,CONFLICT
LR,28606,28606,7920874.50,14499.00,16384,20,true,true,OK
Leo,28745,28745,544795833.50,898854.00,49152,10,true,true,OK
GLL,28745,28745,50850604.50,114354.50,4374528,10,true,true,OK
RNGLR,28745,28745,161210354.50,80230.00,16384,10,true,true,OK
BRNGLR,28745,28745,158032312.50,95104.00,16384,10,true,true,OK
CYK,28745,28745,0.00,0.00,0,0,false,false,TIMEOUT
LL,28745,28745,0.00,0.00,0,0,false,false,CONFLICT
LR,28745,28745,7971708.00,11562.50,16384,20,true,true,OK
Leo,29176,29176,545067521.00,3213500.50,65536,10,true,true,OK
GLL,29176,29176,50903624.50,108687.00,5079040,10,true,true,OK
RNGLR,29176,29176,165539229.00,165291.50,1409024,10,true,true,OK
BRNGLR,29176,29176,162862958.50,61021.00,2834432,10,true,true,OK
CYK,29176,29176,0.00,0.00,0,0,false,false,TIMEOUT
LL,29176,29176,0.00,0.00,0,0,false,false,CONFLICT
LR,29176,29176,8046479.00,13729.50,16384,20,true,true,OK
Leo,29675,29675,559258854.00,1546250.00,65536,10,true,true,OK
GLL,29675,29675,52553437.00,103876.00,98304,10,true,true,OK
RNGLR,29675,29675,171234895.50,169958.00,1441792,10,true,true,OK
BRNGLR,29675,29675,168071833.00,135020.50,2883584,10,true,true,OK
CYK,29675,29675,0.00,0.00,0,0,false,false,TIMEOUT
LL,29675,29675,0.00,0.00,0,0,false,false,CONFLICT
LR,29675,29675,8245958.50,32271.00,16384,20,true,true,OK
Leo,29695,29695,572274500.00,491458.00,49152,10,true,true,OK
GLL,29695,29695,53977187.50,80146.00,16384,10,true,true,OK
RNGLR,29695,29695,171359937.50,59645.50,16384,10,true,true,OK
BRNGLR,29695,29695,168168896.00,245229.00,16384,10,true,true,OK
CYK,29695,29695,0.00,0.00,0,0,false,false,TIMEOUT
LL,29695,29695,0.00,0.00,0,0,false,false,CONFLICT
LR,29695,29695,8256750.00,12979.50,16384,20,true,true,OK
Leo,29980,29980,562406020.50,2470125.00,16384,10,true,true,OK
GLL,29980,29980,52787646.00,65625.50,4341760,10,true,true,OK
RNGLR,29980,29980,83385770.50,119895.50,1425408,10,true,true,OK
BRNGLR,29980,29980,80767750.00,62312.50,32768,10,true,true,OK
CYK,29980,29980,0.00,0.00,0,0,false,false,TIMEOUT
LL,29980,29980,0.00,0.00,0,0,false,false,CONFLICT
LR,29980,29980,8283874.50,8396.00,16384,20,true,true,OK
Leo,30312,30312,568825687.50,5011646.00,81920,10,true,true,OK
GLL,30312,30312,53147770.50,52458.00,2228224,10,true,true,OK
RNGLR,30312,30312,75997667.00,112646.50,32768,10,true,true,OK
BRNGLR,30312,30312,72526083.50,88083.50,32768,10,true,true,OK
CYK,30312,30312,0.00,0.00,0,0,false,false,TIMEOUT
LL,30312,30312,0.00,0.00,0,0,false,false,CONFLICT
LR,30312,30312,8371771.00,13125.00,16384,20,true,true,OK
Leo,31124,31124,589624437.50,2245396.00,65536,10,true,true,OK
GLL,31124,31124,54523187.50,398229.50,5013504,10,true,true,OK
RNGLR,31124,31124,186411646.00,134125.00,1507328,10,true,true,OK
BRNGLR,31124,31124,183267937.50,104041.50,3014656,10,true,true,OK
CYK,31124,31124,0.00,0.00,0,0,false,false,TIMEOUT
LL,31124,31124,0.00,0.00,0,0,false,false,CONFLICT
LR,31124,31124,8598146.00,9062.50,16384,20,true,true,OK
Leo,32447,32447,603987229.50,1190312.00,32768,10,true,true,OK
GLL,32447,32447,57061812.50,178958.50,278528,10,true,true,OK
RNGLR,32447,32447,125193438.00,129500.50,229376,10,true,true,OK
BRNGLR,32447,32447,121734208.50,173916.50,16384,10,true,true,OK
CYK,32447,32447,0.00,0.00,0,0,false,false,TIMEOUT
LL,32447,32447,0.00,0.00,0,0,false,false,CONFLICT
LR,32447,32447,8993687.00,10229.00,16384,20,true,true,OK
Leo,32518,32518,606657812.50,6885646.00,131072,10,true,true,OK
GLL,32518,32518,57243333.00,113520.50,3948544,10,true,true,OK
RNGLR,32518,32518,202182437.50,49229.00,1572864,10,true,true,OK
BRNGLR,32518,32518,198731583.00,161791.00,16384,10,true,true,OK
CYK,32518,32518,0.00,0.00,0,0,false,false,TIMEOUT
LL,32518,32518,0.00,0.00,0,0,false,false,CONFLICT
LR,32518,32518,8990833.50,18458.00,16384,20,true,true,OK
Leo,33273,33273,619433666.50,3455479.00,65536,10,true,true,OK
GLL,33273,33273,60027813.00,201292.00,2277376,10,true,true,OK
RNGLR,33273,33273,110505708.00,71834.00,16384,10,true,true,OK
BRNGLR,33273,33273,107249458.50,116708.50,16384,10,true,true,OK
CYK,33273,33273,0.00,0.00,0,0,false,false,TIMEOUT
LL,33273,33273,0.00,0.00,0,0,false,false,CONFLICT
LR,33273,33273,9223104.00,20792.00,16384,20,true,true,OK
Leo,33473,33473,635429563.00,3205437.00,32768,10,true,true,OK
GLL,33473,33473,60688187.50,306770.50,3948544,10,true,true,OK
RNGLR,33473,33473,78855979.00,115687.50,16384,10,true,true,OK
BRNGLR,33473,33473,75357812.50,160312.50,16384,10,true,true,OK
CYK,33473,33473,0.00,0.00,0,0,false,false,TIMEOUT
LL,33473,33473,0.00,0.00,0,0,false,false,CONFLICT
LR,33473,33473,9238062.00,10958.00,16384,20,true,true,OK
Leo,33892,33892,644442000.50,5366167.00,98304,10,true,true,OK
GLL,33892,33892,61298187.50,244479.00,294912,10,true,true,OK
RNGLR,33892,33892,200703937.50,145083.00,16384,10,true,true,OK
BRNGLR,33892,33892,197268041.50,32395.50,16384,10,true,true,OK
CYK,33892,33892,0.00,0.00,0,0,false,false,TIMEOUT
LL,33892,33892,0.00,0.00,0,0,false,false,CONFLICT
LR,33892,33892,9420896.00,17812.50,16384,20,true,true,OK
Leo,34288,34288,642842687.50,6254271.00,65536,10,true,true,OK
GLL,34288,34288,61824520.50,179063.00,3473408,10,true,true,OK
RNGLR,34288,34288,121367521.00,57083.50,16384,10,true,true,OK
BRNGLR,34288,34288,117438687.00,223104.00,32768,10,true,true,OK
CYK,34288,34288,0.00,0.00,0,0,false,false,TIMEOUT
LL,34288,34288,0.00,0.00,0,0,false,false,CONFLICT
LR,34288,34288,9497812.50,14312.50,16384,20,true,true,OK
Leo,34290,34290,660482854.00,4595896.50,114688,10,true,true,OK
GLL,34290,34290,62441041.50,133062.50,3751936,10,true,true,OK
RNGLR,34290,34290,223659229.50,83937.50,1376256,10,true,true,OK
BRNGLR,34290,34290,220209396.00,134250.00,16384,10,true,true,OK
CYK,34290,34290,0.00,0.00,0,0,false,false,TIMEOUT
LL,34290,34290,0.00,0.00,0,0,false,false,CONFLICT
LR,34290,34290,9548541.50,12541.50,16384,20,true,true,OK
Leo,34577,34577,645447812.00,3275708.50,16384,10,true,true,OK
GLL,34577,34577,61601062.50,87208.00,4046848,10,true,true,OK
RNGLR,34577,34577,77892333.00,100604.00,32768,10,true,true,OK
BRNGLR,34577,34577,74335625.00,119479.50,16384,10,true,true,OK
CYK,34577,34577,0.00,0.00,0,0,false,false,TIMEOUT
LL,34577,34577,0.00,0.00,0,0,false,false,CONFLICT
LR,34577,34577,9572458.50,14771.00,16384,20,true,true,OK
Leo,34982,34982,661777187.50,5575271.00,131072,10,true,true,OK
GLL,34982,34982,63716208.50,36083.50,2506752,10,true,true,OK
RNGLR,34982,34982,232231687.00,246271.00,16384,10,true,true,OK
BRNGLR,34982,34982,229128729.50,188375.00,16384,10,true,true,OK
CYK,34982,34982,0.00,0.00,0,0,false,false,TIMEOUT
LL,34982,34982,0.00,0.00,0,0,false,false,CONFLICT
LR,34982,34982,9745750.00,17438.00,16384,20,true,true,OK
Leo,35030,35030,648431646.00,305354.50,81920,10,true,true,OK
GLL,35030,35030,63804646.00,26417.00,3964928,10,true,true,OK
RNGLR,35030,35030,154775021.00,82354.00,16384,10,true,true,OK
BRNGLR,35030,35030,150891979.00,147042.00,16384,10,true,true,OK
CYK,35030,35030,0.00,0.00,0,0,false,false,TIMEOUT
LL,35030,35030,0.00,0.00,0,0,false,false,CONFLICT
LR,35030,35030,9725041.50,26271.00,16384,20,true,true,OK
Leo,35125,35125,665064104.00,8677437.50,49152,10,true,true,OK
GLL,35125,35125,63769166.50,59645.50,3686400,10,true,true,OK
RNGLR,35125,35125,234422146.00,177375.50,5079040,10,true,true,OK
BRNGLR,35125,35125,230754229.00,151583.50,16384,10,true,true,OK
CYK,35125,35125,0.00,0.00,0,0,false,false,TIMEOUT
LL,35125,35125,0.00,0.00,0,0,false,false,CONFLICT
LR,35125,35125,9753166.00,17187.50,16384,20,true,true,OK
Leo,37099,37099,696462479.50,1965271.00,32768,10,true,true,OK
GLL,37099,37099,66601896.00,135604.00,6750208,10,true,true,OK
RNGLR,37099,37099,259266250.50,91813.00,3702784,10,true,true,OK
BRNGLR,37099,37099,255020104.00,141500.50,16384,10,true,true,OK
CYK,37099,37099,0.00,0.00,0,0,false,false,TIMEOUT
LL,37099,37099,0.00,0.00,0,0,false,false,CONFLICT
LR,37099,37099,10333271.00,23833.50,16384,20,true,true,OK
Leo,37455,37455,719067667.00,17973354.00,16384,10,true,true,OK
GLL,37455,37455,68741083.50,836312.50,16384,10,true,true,OK
RNGLR,37455,37455,264188896.00,105603.50,65536,10,true,true,OK
BRNGLR,37455,37455,259994000.00,105979.50,16384,10,true,true,OK
CYK,37455,37455,0.00,0.00,0,0,false,false,TIMEOUT
LL,37455,37455,0.00,0.00,0,0,false,false,CONFLICT
LR,37455,37455,10449083.50,21563.00,16384,20,true,true,OK
Leo,38331,38331,687169916.50,1275083.00,32768,10,true,true,OK
GLL,38331,38331,71111896.00,189208.00,4603904,10,true,true,OK
RNGLR,38331,38331,145209646.00,228270.50,16384,10,true,true,OK
BRNGLR,38331,38331,140828395.50,236187.50,16384,10,true,true,OK
CYK,38331,38331,0.00,0.00,0,0,false,false,TIMEOUT
LL,38331,38331,0.00,0.00,0,0,false,false,CONFLICT
LR,38331,38331,10608458.00,10750.50,16384,20,true,true,OK
Leo,38916,38916,693293792.00,1346208.50,131072,10,true,true,OK
GLL,38916,38916,72102437.50,40854.00,4620288,10,true,true,OK
RNGLR,38916,38916,106152021.00,147333.00,16384,10,true,true,OK
BRNGLR,38916,38916,101632041.50,95188.00,16384,10,true,true,OK
CYK,38916,38916,0.00,0.00,0,0,false,false,TIMEOUT
LL,38916,38916,0.00,0.00,0,0,false,false,CONFLICT
LR,38916,38916,10767729.00,20583.50,16384,20,true,true,OK
Leo,39378,39378,697252791.50,966416.50,131072,10,true,true,OK
GLL,39378,39378,72120083.50,171791.50,3194880,10,true,true,OK
RNGLR,39378,39378,109698895.50,286208.50,16384,10,true,true,OK
BRNGLR,39378,39378,105546979.50,89541.50,16384,10,true,true,OK
CYK,39378,39378,0.00,0.00,0,0,false,false,TIMEOUT
LL,39378,39378,0.00,0.00,0,0,false,false,CONFLICT
LR,39378,39378,10916021.00,14291.50,16384,20,true,true,OK
Leo,39637,39637,714115250.00,1020875.00,131072,10,true,true,OK
GLL,39637,39637,73574270.50,126104.00,16384,10,true,true,OK
RNGLR,39637,39637,295270000.00,208979.00,16384,10,true,true,OK
BRNGLR,39637,39637,290739229.50,191333.50,16384,10,true,true,OK
CYK,39637,39637,0.00,0.00,0,0,false,false,TIMEOUT
LL,39637,39637,0.00,0.00,0,0,false,false,CONFLICT
LR,39637,39637,11080312.50,27958.50,16384,20,true,true,OK
Leo,39765,39765,714600979.00,936916.50,49152,10,true,true,OK
GLL,39765,39765,74242562.50,118292.00,1392640,10,true,true,OK
RNGLR,39765,39765,205771187.50,260687.50,16384,10,true,true,OK
BRNGLR,39765,39765,201635458.00,286187.00,16384,10,true,true,OK
CYK,39765,39765,0.00,0.00,0,0,false,false,TIMEOUT
LL,39765,39765,0.00,0.00,0,0,false,false,CONFLICT
LR,39765,39765,11040062.50,19813.00,16384,20,true,true,OK
Leo,40083,40083,717584145.50,719896.00,49152,10,true,true,OK
GLL,40083,40083,74024791.50,48896.00,16384,10,true,true,OK
RNGLR,40083,40083,300415917.00,176791.50,16384,10,true,true,OK
BRNGLR,40083,40083,296463604.00,208604.00,16384,10,true,true,OK
CYK,40083,40083,0.00,0.00,0,0,false,false,TIMEOUT
LL,40083,40083,0.00,0.00,0,0,false,false,CONFLICT
LR,40083,40083,11220562.50,31625.00,16384,20,true,true,OK
Leo,41507,41507,745022250.00,668229.50,131072,10,true,true,OK
GLL,41507,41507,76968042.00,100146.00,16384,10,true,true,OK
RNGLR,41507,41507,320647999.50,265853.50,16384,10,true,true,OK
BRNGLR,41507,41507,316568646.00,172625.00,16384,10,true,true,OK
CYK,41507,41507,0.00,0.00,0,0,false,false,TIMEOUT
LL,41507,41507,0.00,0.00,0,0,false,false,CONFLICT
LR,41507,41507,11615917.00,26896.00,16384,20,true,true,OK
Leo,43460,43460,776698208.50,283645.50,131072,10,true,true,OK
GLL,43460,43460,79712937.50,133312.50,16384,10,true,true,OK
RNGLR,43460,43460,349094917.00,171354.00,16384,10,true,true,OK
BRNGLR,43460,43460,344659104.50,298229.00,16384,10,true,true,OK
CYK,43460,43460,0.00,0.00,0,0,false,false,TIMEOUT
LL,43460,43460,0.00,0.00,0,0,false,false,CONFLICT
LR,43460,43460,12107167.00,25188.00,16384,20,true,true,OK
Leo,43885,43885,768354416.50,597812.50,16384,10,true,true,OK
GLL,43885,43885,80105750.00,225604.00,4915200,10,true,true,OK
RNGLR,43885,43885,89172916.50,60791.50,16384,10,true,true,OK
BRNGLR,43885,43885,85398687.50,56292.00,16384,10,true,true,OK
CYK,43885,43885,0.00,0.00,0,0,false,false,TIMEOUT
LL,43885,43885,0.00,0.00,0,0,false,false,CONFLICT
LR,43885,43885,12162979.50,22208.50,16384,20,true,true,OK
Leo,44330,44330,797154937.50,567604.00,131072,10,true,true,OK
GLL,44330,44330,88073250.00,987833.00,16384,10,true,true,OK
RNGLR,44330,44330,363901666.50,80792.00,16384,10,true,true,OK
BRNGLR,44330,44330,359301979.00,143000.00,16384,10,true,true,OK
CYK,44330,44330,0.00,0.00,0,0,false,false,TIMEOUT
LL,44330,44330,0.00,0.00,0,0,false,false,CONFLICT
LR,44330,44330,12414062.50,14104.00,16384,20,true,true,OK
Leo,45417,45417,814696416.50,471499.50,65536,10,true,true,OK
GLL,45417,45417,85451458.50,137812.50,81920,10,true,true,OK
RNGLR,45417,45417,380931229.00,223583.00,32768,10,true,true,OK
BRNGLR,45417,45417,376259271.00,206479.50,16384,10,true,true,OK
CYK,45417,45417,0.00,0.00,0,0,false,false,TIMEOUT
LL,45417,45417,0.00,0.00,0,0,false,false,CONFLICT
LR,45417,45417,12706646.00,38770.50,16384,20,true,true,OK
Leo,45619,45619,821027416.50,1179854.50,65536,10,true,true,OK
GLL,45619,45619,85588583.50,274416.50,49152,10,true,true,OK
RNGLR,45619,45619,384029062.50,309770.50,16384,10,true,true,OK
BRNGLR,45619,45619,378732687.00,157020.50,16384,10,true,true,OK
CYK,45619,45619,0.00,0.00,0,0,false,false,TIMEOUT
LL,45619,45619,0.00,0.00,0,0,false,false,CONFLICT
LR,45619,45619,12737458.00,21083.00,16384,20,true,true,OK
Leo,46075,46075,823679958.00,1082478.50,131072,10,true,true,OK
GLL,46075,46075,88105521.00,132291.50,2064384,10,true,true,OK
RNGLR,46075,46075,251941458.50,214104.00,16384,10,true,true,OK
BRNGLR,46075,46075,247189812.50,163083.00,16384,10,true,true,OK
CYK,46075,46075,0.00,0.00,0,0,false,false,TIMEOUT
LL,46075,46075,0.00,0.00,0,0,false,false,CONFLICT
LR,46075,46075,12873333.50,29312.50,16384,20,true,true,OK
Leo,46093,46093,823962458.50,1024645.50,16384,10,true,true,OK
GLL,46093,46093,88629583.50,115854.00,1753088,10,true,true,OK
RNGLR,46093,46093,256210125.00,156708.50,16384,10,true,true,OK
BRNGLR,46093,46093,251204500.00,290833.50,16384,10,true,true,OK
CYK,46093,46093,0.00,0.00,0,0,false,false,TIMEOUT
LL,46093,46093,0.00,0.00,0,0,false,false,CONFLICT
LR,46093,46093,12859895.50,9353.50,16384,20,true,true,OK
Leo,50586,50586,909466771.00,526416.50,16384,10,true,true,OK
GLL,50586,50586,96371687.50,84875.00,16384,10,true,true,OK
RNGLR,50586,50586,465844583.50,216541.00,4210688,10,true,true,OK
BRNGLR,50586,50586,460627104.50,158333.50,16384,10,true,true,OK
CYK,50586,50586,0.00,0.00,0,0,false,false,TIMEOUT
LL,50586,50586,0.00,0.00,0,0,false,false,CONFLICT
LR,50586,50586,14189438.00,19209.00,16384,20,true,true,OK
Leo,51630,51630,925374687.00,1553687.00,16384,10,true,true,OK
GLL,51630,51630,99521771.00,424146.00,16384,10,true,true,OK
RNGLR,51630,51630,483790021.00,201000.50,16384,10,true,true,OK
BRNGLR,51630,51630,478039291.50,365646.00,16384,10,true,true,OK
CYK,51630,51630,0.00,0.00,0,0,false,false,TIMEOUT
LL,51630,51630,0.00,0.00,0,0,false,false,CONFLICT
LR,51630,51630,14563646.00,22604.50,16384,20,true,true,OK
Leo,54612,54612,977267479.00,1189562.50,131072,10,true,true,OK
GLL,54612,54612,104248354.00,134396.00,98304,10,true,true,OK
RNGLR,54612,54612,537654458.50,441020.50,16384,10,true,true,OK
BRNGLR,54612,54612,532629375.00,206292.00,16384,10,true,true,OK
CYK,54612,54612,0.00,0.00,0,0,false,false,TIMEOUT
LL,54612,54612,0.00,0.00,0,0,false,false,CONFLICT
LR,54612,54612,15343583.50,23729.00,16384,20,true,true,OK
Leo,55012,55012,984821917.00,517021.00,98304,10,true,true,OK
GLL,55012,55012,104026375.00,116396.50,81920,10,true,true,OK
RNGLR,55012,55012,543163479.50,116312.50,16384,10,true,true,OK
BRNGLR,55012,55012,537487104.00,100833.00,16384,10,true,true,OK
CYK,55012,55012,0.00,0.00,0,0,false,false,TIMEOUT
LL,55012,55012,0.00,0.00,0,0,false,false,CONFLICT
LR,55012,55012,15438020.50,31479.00,16384,20,true,true,OK
Leo,56657,56657,1017234520.50,905521.00,131072,10,true,true,OK
GLL,56657,56657,106710437.50,95791.50,278528,10,true,true,OK
RNGLR,56657,56657,574503791.00,243646.00,16384,10,true,true,OK
BRNGLR,56657,56657,568792979.00,308166.50,16384,10,true,true,OK
CYK,56657,56657,0.00,0.00,0,0,false,false,TIMEOUT
LL,56657,56657,0.00,0.00,0,0,false,false,CONFLICT
LR,56657,56657,15904250.00,18291.50,16384,20,true,true,OK
