parser,input_length,token_count,median_time_ns,mad_ns,peak_memory_bytes,iterations,recognized,parse_correct,status
Leo,6,6,28959.00,229.50,16384,20,true,true,OK
GLL,6,6,7709.00,43.00,16384,20,true,true,OK
RNGLR,6,6,7937.50,167.00,16384,20,true,true,OK
BRNGLR,6,6,8000.00,125.00,0,20,true,true,OK
CYK,6,6,47416.50,145.50,16384,20,true,true,OK
LL,6,6,0.00,0.00,0,0,false,false,CONFLICT
LR,6,6,0.00,0.00,0,0,false,false,CONFLICT
Leo,6,6,7979.00,62.00,16384,20,true,true,OK
GLL,6,6,4479.50,62.50,0,20,true,true,OK
RNGLR,6,6,6104.00,125.50,0,20,true,true,OK
BRNGLR,6,6,6791.00,187.50,0,20,true,true,OK
CYK,6,6,48375.00,83.00,16384,20,true,true,OK
LL,6,6,0.00,0.00,0,0,false,false,CONFLICT
LR,6,6,0.00,0.00,0,0,false,false,CONFLICT
Leo,6,6,8583.00,42.00,0,20,true,true,OK
GLL,6,6,4812.50,62.50,0,20,true,true,OK
RNGLR,6,6,6562.50,208.00,0,20,true,true,OK
BRNGLR,6,6,7167.00,166.50,0,20,true,true,OK
CYK,6,6,52208.50,125.00,16384,20,true,true,OK
LL,6,6,0.00,0.00,0,0,false,false,CONFLICT
LR,6,6,0.00,0.00,0,0,false,false,CONFLICT
Leo,7,7,23125.00,83.50,16384,20,true,true,OK
GLL,7,7,7666.50,83.50,0,20,true,true,OK
RNGLR,7,7,8667.00,146.50,0,20,true,true,OK
BRNGLR,7,7,8854.50,62.50,16384,20,true,true,OK
CYK,7,7,57854.00,2312.50,16384,20,true,true,OK
LL,7,7,0.00,0.00,0,0,false,false,CONFLICT
LR,7,7,0.00,0.00,0,0,false,false,CONFLICT
Leo,7,7,9312.50,354.00,16384,20,true,true,OK
GLL,7,7,5291.00,41.50,0,20,true,true,OK
RNGLR,7,7,7125.00,167.00,0,20,true,true,OK
BRNGLR,7,7,7645.50,125.00,0,20,true,true,OK
CYK,7,7,59292.00,167.00,16384,20,true,true,OK
LL,7,7,0.00,0.00,0,0,false,false,CONFLICT
LR,7,7,0.00,0.00,0,0,false,false,CONFLICT
Leo,7,7,19250.00,145.50,16384,20,true,true,OK
GLL,7,7,8145.50,62.00,0,20,true,true,OK
RNGLR,7,7,9416.50,208.50,16384,20,true,true,OK
BRNGLR,7,7,9646.00,208.50,0,20,true,true,OK
CYK,7,7,60396.00,291.50,16384,20,true,true,OK
LL,7,7,0.00,0.00,0,0,false,false,CONFLICT
LR,7,7,0.00,0.00,0,0,false,false,CONFLICT
Leo,7,7,22250.00,83.50,16384,20,true,true,OK
GLL,7,7,11937.00,208.00,0,20,true,true,OK
RNGLR,7,7,11333.50,166.50,16384,20,true,true,OK
BRNGLR,7,7,11916.50,187.50,0,20,true,true,OK
CYK,7,7,70583.50,208.00,16384,20,true,true,OK
LL,7,7,0.00,0.00,0,0,false,false,CONFLICT
LR,7,7,0.00,0.00,0,0,false,false,CONFLICT
Leo,7,7,21438.00,104.50,16384,20,true,true,OK
GLL,7,7,8208.00,83.00,16384,20,true,true,OK
RNGLR,7,7,9271.00,146.00,16384,20,true,true,OK
BRNGLR,7,7,9833.00,208.00,0,20,true,true,OK
CYK,7,7,65187.50,62.50,16384,20,true,true,OK
LL,7,7,0.00,0.00,0,0,false,false,CONFLICT
LR,7,7,0.00,0.00,0,0,false,false,CONFLICT
Leo,8,8,36250.00,84.00,16384,20,true,true,OK
GLL,8,8,10625.00,84.00,0,20,true,true,OK
RNGLR,8,8,11104.50,229.50,16384,20,true,true,OK
BRNGLR,8,8,11312.50,83.50,16384,20,true,true,OK
CYK,8,8,71353.50,333.00,16384,20,true,true,OK
LL,8,8,0.00,0.00,0,0,false,false,CONFLICT
LR,8,8,0.00,0.00,0,0,false,false,CONFLICT
Leo,8,8,36208.00,103.50,16384,20,true,true,OK
GLL,8,8,10667.00,42.00,16384,20,true,true,OK
RNGLR,8,8,11312.50,271.50,16384,20,true,true,OK
BRNGLR,8,8,11479.50,229.50,16384,20,true,true,OK
CYK,8,8,74208.50,5708.50,16384,20,true,true,OK
LL,8,8,0.00,0.00,0,0,false,false,CONFLICT
LR,8,8,0.00,0.00,0,0,false,false,CONFLICT
Leo,9,9,47000.00,83.00,16384,20,true,true,OK
GLL,9,9,13125.00,84.00,16384,20,true,true,OK
RNGLR,9,9,11979.00,187.00,0,20,true,true,OK
BRNGLR,9,9,12521.00,105.00,16384,20,true,true,OK
CYK,9,9,81125.00,8229.50,16384,20,true,true,OK
LL,9,9,0.00,0.00,0,0,false,false,CONFLICT
LR,9,9,0.00,0.00,0,0,false,false,CONFLICT
Leo,9,9,17917.00,271.00,0,20,true,true,OK
GLL,9,9,7562.50,21.50,0,20,true,true,OK
RNGLR,9,9,9062.50,62.50,0,20,true,true,OK
BRNGLR,9,9,9645.50,145.50,0,20,true,true,OK
CYK,9,9,72750.00,167.00,0,20,true,true,OK
LL,9,9,0.00,0.00,0,0,false,false,CONFLICT
LR,9,9,0.00,0.00,0,0,false,false,CONFLICT
Leo,9,9,24103.50,999.00,0,20,true,true,OK
GLL,9,9,9417.00,42.00,0,20,true,true,OK
RNGLR,9,9,9520.50,187.00,16384,20,true,true,OK
BRNGLR,9,9,10000.00,333.50,0,20,true,true,OK
CYK,9,9,66916.50,500.00,16384,20,true,true,OK
LL,9,9,0.00,0.00,0,0,false,false,CONFLICT
LR,9,9,0.00,0.00,0,0,false,false,CONFLICT
Leo,9,9,32854.50,125.00,0,20,true,true,OK
GLL,9,9,28645.50,229.50,0,20,true,true,OK
RNGLR,9,9,28520.50,270.50,0,20,true,true,OK
BRNGLR,9,9,10687.50,563.00,0,20,true,true,OK
CYK,9,9,61291.50,562.50,16384,20,true,true,OK
LL,9,9,0.00,0.00,0,0,false,false,CONFLICT
LR,9,9,0.00,0.00,0,0,false,false,CONFLICT
Leo,9,9,15917.00,62.50,16384,20,true,true,OK
GLL,9,9,7020.50,62.00,0,20,true,true,OK
RNGLR,9,9,8084.00,125.50,0,20,true,true,OK
BRNGLR,9,9,9083.00,312.50,0,20,true,true,OK
CYK,9,9,63625.00,125.00,16384,20,true,true,OK
LL,9,9,0.00,0.00,0,0,false,false,CONFLICT
LR,9,9,0.00,0.00,0,0,false,false,CONFLICT
Leo,9,9,19187.50,104.50,0,20,true,true,OK
GLL,9,9,7958.50,62.50,0,20,true,true,OK
RNGLR,9,9,8916.50,146.00,0,20,true,true,OK
BRNGLR,9,9,9562.00,166.00,16384,20,true,true,OK
CYK,9,9,68479.00,146.00,16384,20,true,true,OK
LL,9,9,0.00,0.00,0,0,false,false,CONFLICT
LR,9,9,0.00,0.00,0,0,false,false,CONFLICT
Leo,9,9,23292.00,83.00,16384,20,true,true,OK
GLL,9,9,12375.00,42.00,16384,20,true,true,OK
RNGLR,9,9,11521.00,104.00,16384,20,true,true,OK
BRNGLR,9,9,12187.50,125.00,0,20,true,true,OK
CYK,9,9,94291.50,1166.50,16384,20,true,true,OK
LL,9,9,0.00,0.00,0,0,false,false,CONFLICT
LR,9,9,0.00,0.00,0,0,false,false,CONFLICT
Leo,9,9,21812.50,83.00,16384,20,true,true,OK
GLL,9,9,9000.00,42.00,16384,20,true,true,OK
RNGLR,9,9,9770.50,187.50,16384,20,true,true,OK
BRNGLR,9,9,10292.00,83.00,0,20,true,true,OK
CYK,9,9,74375.00,229.00,16384,20,true,true,OK
LL,9,9,0.00,0.00,0,0,false,false,CONFLICT
LR,9,9,0.00,0.00,0,0,false,false,CONFLICT
Leo,10,10,28000.00,125.00,16384,20,true,true,OK
GLL,10,10,9708.00,104.00,0,20,true,true,OK
RNGLR,10,10,10770.50,250.00,16384,20,true,true,OK
BRNGLR,10,10,11208.50,124.50,16384,20,true,true,OK
CYK,10,10,89250.00,1791.50,16384,20,true,true,OK
LL,10,10,0.00,0.00,0,0,false,false,CONFLICT
LR,10,10,0.00,0.00,0,0,false,false,CONFLICT
Leo,10,10,19417.00,83.50,16384,20,true,true,OK
GLL,10,10,8708.00,41.00,16384,20,true,true,OK
RNGLR,10,10,10312.00,228.50,0,20,true,true,OK
BRNGLR,10,10,11250.00,292.00,16384,20,true,true,OK
CYK,10,10,89625.00,104.50,16384,20,true,true,OK
LL,10,10,0.00,0.00,0,0,false,false,CONFLICT
LR,10,10,0.00,0.00,0,0,false,false,CONFLICT
Leo,11,11,27874.50,333.00,16384,20,true,true,OK
GLL,11,11,14625.00,83.50,16384,20,true,true,OK
RNGLR,11,11,13687.50,146.00,16384,20,true,true,OK
BRNGLR,11,11,14458.50,104.00,16384,20,true,true,OK
CYK,11,11,120458.00,187.50,16384,20,true,true,OK
LL,11,11,0.00,0.00,0,0,false,false,CONFLICT
LR,11,11,0.00,0.00,0,0,false,false,CONFLICT
Leo,11,11,41042.00,83.50,16384,20,true,true,OK
GLL,11,11,13020.50,62.50,16384,20,true,true,OK
RNGLR,11,11,12563.00,229.00,16384,20,true,true,OK
BRNGLR,11,11,13333.50,292.50,16384,20,true,true,OK
CYK,11,11,116583.00,374.50,16384,20,true,true,OK
LL,11,11,0.00,0.00,0,0,false,false,CONFLICT
LR,11,11,0.00,0.00,0,0,false,false,CONFLICT
Leo,12,12,50021.00,521.00,16384,20,true,true,OK
GLL,12,12,14042.00,42.00,16384,20,true,true,OK
RNGLR,12,12,13854.00,354.00,16384,20,true,true,OK
BRNGLR,12,12,14604.00,229.00,16384,20,true,true,OK
CYK,12,12,122521.00,770.00,16384,20,true,true,OK
LL,12,12,0.00,0.00,0,0,false,false,CONFLICT
LR,12,12,0.00,0.00,0,0,false,false,CONFLICT
Leo,12,12,17417.00,62.50,0,20,true,true,OK
GLL,12,12,10042.00,83.50,0,20,true,true,OK
RNGLR,12,12,10729.00,187.50,16384,20,true,true,OK
BRNGLR,12,12,12125.00,250.00,16384,20,true,true,OK
CYK,12,12,139770.50,1854.00,16384,20,true,true,OK
LL,12,12,0.00,0.00,0,0,false,false,CONFLICT
LR,12,12,0.00,0.00,0,0,false,false,CONFLICT
Leo,12,12,45875.00,166.50,16384,20,true,true,OK
GLL,12,12,12875.00,104.50,0,20,true,true,OK
RNGLR,12,12,12709.00,167.50,16384,20,true,true,OK
BRNGLR,12,12,13271.00,167.00,16384,20,true,true,OK
CYK,12,12,112979.00,333.00,16384,20,true,true,OK
LL,12,12,0.00,0.00,0,0,false,false,CONFLICT
LR,12,12,0.00,0.00,0,0,false,false,CONFLICT
Leo,13,13,18208.50,292.50,16384,20,true,true,OK
GLL,13,13,10270.50,62.50,16384,20,true,true,OK
RNGLR,13,13,10896.00,104.50,0,20,true,true,OK
BRNGLR,13,13,12958.00,417.00,16384,20,true,true,OK
CYK,13,13,173729.00,229.00,16384,20,true,true,OK
LL,13,13,0.00,0.00,0,0,false,false,CONFLICT
LR,13,13,0.00,0.00,0,0,false,false,CONFLICT
Leo,13,13,48687.50,125.50,16384,20,true,true,OK
GLL,13,13,17395.50,125.00,16384,20,true,true,OK
RNGLR,13,13,15250.00,208.50,16384,20,true,true,OK
BRNGLR,13,13,15896.00,187.00,16384,20,true,true,OK
CYK,13,13,151770.50,1875.00,16384,20,true,true,OK
LL,13,13,0.00,0.00,0,0,false,false,CONFLICT
LR,13,13,0.00,0.00,0,0,false,false,CONFLICT
Leo,14,14,54562.50,312.50,16384,20,true,true,OK
GLL,14,14,21958.00,104.00,16384,20,true,true,OK
RNGLR,14,14,18874.50,270.50,0,20,true,true,OK
BRNGLR,14,14,19583.00,104.00,16384,20,true,true,OK
CYK,14,14,202125.00,9854.50,16384,20,true,true,OK
LL,14,14,0.00,0.00,0,0,false,false,CONFLICT
LR,14,14,0.00,0.00,0,0,false,false,CONFLICT
Leo,14,14,43479.50,187.50,16384,20,true,true,OK
GLL,14,14,15146.00,63.00,16384,20,true,true,OK
RNGLR,14,14,14208.50,208.00,16384,20,true,true,OK
BRNGLR,14,14,15333.50,292.00,16384,20,true,true,OK
CYK,14,14,145312.00,1103.50,16384,20,true,true,OK
LL,14,14,0.00,0.00,0,0,false,false,CONFLICT
LR,14,14,0.00,0.00,0,0,false,false,CONFLICT
Leo,14,14,29437.50,103.50,16384,20,true,true,OK
GLL,14,14,14291.00,42.00,16384,20,true,true,OK
RNGLR,14,14,14146.00,520.50,16384,20,true,true,OK
BRNGLR,14,14,16916.50,562.50,16384,20,true,true,OK
CYK,14,14,174250.00,1417.00,16384,20,true,true,OK
LL,14,14,0.00,0.00,0,0,false,false,CONFLICT
LR,14,14,0.00,0.00,0,0,false,false,CONFLICT
Leo,16,16,46000.00,333.00,16384,20,true,true,OK
GLL,16,16,16958.00,84.00,16384,20,true,true,OK
RNGLR,16,16,14708.00,124.50,16384,20,true,true,OK
BRNGLR,16,16,15771.00,166.50,16384,20,true,true,OK
CYK,16,16,191291.00,1416.00,16384,20,true,true,OK
LL,16,16,0.00,0.00,0,0,false,false,CONFLICT
LR,16,16,0.00,0.00,0,0,false,false,CONFLICT
Leo,16,16,53146.00,166.50,16384,20,true,true,OK
GLL,16,16,17416.50,41.50,16384,20,true,true,OK
RNGLR,16,16,15166.00,146.00,0,20,true,true,OK
BRNGLR,16,16,16125.50,208.00,0,20,true,true,OK
CYK,16,16,198333.00,6562.50,16384,20,true,true,OK
LL,16,16,0.00,0.00,0,0,false,false,CONFLICT
LR,16,16,0.00,0.00,0,0,false,false,CONFLICT
Leo,16,16,66520.50,228.50,16384,20,true,true,OK
GLL,16,16,19125.00,62.50,16384,20,true,true,OK
RNGLR,16,16,16333.00,375.00,16384,20,true,true,OK
BRNGLR,16,16,16875.00,270.50,16384,20,true,true,OK
CYK,16,16,193875.00,604.00,16384,20,true,true,OK
LL,16,16,0.00,0.00,0,0,false,false,CONFLICT
LR,16,16,0.00,0.00,0,0,false,false,CONFLICT
Leo,16,16,46271.00,333.50,16384,20,true,true,OK
GLL,16,16,16875.00,83.00,16384,20,true,true,OK
RNGLR,16,16,15583.50,125.00,16384,20,true,true,OK
BRNGLR,16,16,17104.50,270.50,16384,20,true,true,OK
CYK,16,16,205062.50,1042.00,16384,20,true,true,OK
LL,16,16,0.00,0.00,0,0,false,false,CONFLICT
LR,16,16,0.00,0.00,0,0,false,false,CONFLICT
Leo,17,17,71187.50,250.00,16384,20,true,true,OK
GLL,17,17,24250.00,104.00,16384,20,true,true,OK
RNGLR,17,17,19770.50,208.00,16384,20,true,true,OK
BRNGLR,17,17,20437.50,354.00,16384,20,true,true,OK
CYK,17,17,263333.00,4583.50,16384,20,true,true,OK
LL,17,17,0.00,0.00,0,0,false,false,CONFLICT
LR,17,17,0.00,0.00,0,0,false,false,CONFLICT
Leo,18,18,65104.50,146.00,16384,20,true,true,OK
GLL,18,18,26833.50,229.50,16384,20,true,true,OK
RNGLR,18,18,20708.00,208.00,16384,20,true,true,OK
BRNGLR,18,18,22667.00,146.50,16384,20,true,true,OK
CYK,18,18,278458.50,8792.00,16384,20,true,true,OK
LL,18,18,0.00,0.00,0,0,false,false,CONFLICT
LR,18,18,0.00,0.00,0,0,false,false,CONFLICT
Leo,18,18,25041.50,249.50,16384,20,true,true,OK
GLL,18,18,14437.50,62.50,0,20,true,true,OK
RNGLR,18,18,14500.00,291.50,16384,20,true,true,OK
BRNGLR,18,18,17458.00,187.50,16384,20,true,true,OK
CYK,18,18,338521.00,7583.00,16384,20,true,true,OK
LL,18,18,0.00,0.00,0,0,false,false,CONFLICT
LR,18,18,0.00,0.00,0,0,false,false,CONFLICT
Leo,21,21,56937.50,208.00,16384,20,true,true,OK
GLL,21,21,20708.50,83.50,16384,20,true,true,OK
RNGLR,21,21,18146.00,188.00,0,20,true,true,OK
BRNGLR,21,21,21250.00,250.00,16384,20,true,true,OK
CYK,21,21,369000.00,22291.50,16384,20,true,true,OK
LL,21,21,0.00,0.00,0,0,false,false,CONFLICT
LR,21,21,0.00,0.00,0,0,false,false,CONFLICT
Leo,24,24,58583.50,437.50,16384,20,true,true,OK
GLL,24,24,28812.50,104.50,16384,20,true,true,OK
RNGLR,24,24,25270.50,291.50,16384,20,true,true,OK
BRNGLR,24,24,27479.00,167.00,16384,20,true,true,OK
CYK,24,24,687541.50,29270.50,16384,20,true,true,OK
LL,24,24,0.00,0.00,0,0,false,false,CONFLICT
LR,24,24,0.00,0.00,0,0,false,false,CONFLICT
Leo,26,26,92292.00,521.00,16384,20,true,true,OK
GLL,26,26,31417.00,166.50,16384,20,true,true,OK
RNGLR,26,26,26375.00,166.50,16384,20,true,true,OK
BRNGLR,26,26,28021.00,479.50,16384,20,true,true,OK
CYK,26,26,605083.50,9854.00,16384,20,true,true,OK
LL,26,26,0.00,0.00,0,0,false,false,CONFLICT
LR,26,26,0.00,0.00,0,0,false,false,CONFLICT
Leo,27,27,83416.50,270.50,16384,20,true,true,OK
GLL,27,27,26458.00,125.50,16384,20,true,true,OK
RNGLR,27,27,23396.00,270.50,16384,20,true,true,OK
BRNGLR,27,27,25583.00,166.00,16384,20,true,true,OK
CYK,27,27,625229.50,8395.50,16384,20,true,true,OK
LL,27,27,0.00,0.00,0,0,false,false,CONFLICT
LR,27,27,0.00,0.00,0,0,false,false,CONFLICT
Leo,28,28,88312.50,104.50,16384,20,true,true,OK
GLL,28,28,33375.00,521.00,16384,20,true,true,OK
RNGLR,28,28,27645.50,541.50,0,20,true,true,OK
BRNGLR,28,28,29917.00,229.50,16384,20,true,true,OK
CYK,28,28,735917.00,18145.50,16384,20,true,true,OK
LL,28,28,0.00,0.00,0,0,false,false,CONFLICT
LR,28,28,0.00,0.00,0,0,false,false,CONFLICT
Leo,30,30,83458.50,187.50,16384,20,true,true,OK
GLL,30,30,31166.50,188.00,16384,20,true,true,OK
RNGLR,30,30,25500.00,375.00,16384,20,true,true,OK
BRNGLR,30,30,27458.50,187.50,16384,20,true,true,OK
CYK,30,30,789333.50,8437.00,16384,20,true,true,OK
LL,30,30,0.00,0.00,0,0,false,false,CONFLICT
LR,30,30,0.00,0.00,0,0,false,false,CONFLICT
Leo,32,32,142604.50,500.00,16384,20,true,true,OK
GLL,32,32,38854.00,125.00,16384,20,true,true,OK
RNGLR,32,32,30083.50,417.00,16384,20,true,true,OK
BRNGLR,32,32,30521.50,208.50,16384,20,true,true,OK
CYK,32,32,916145.50,9958.50,16384,20,true,true,OK
LL,32,32,0.00,0.00,0,0,false,false,CONFLICT
LR,32,32,0.00,0.00,0,0,false,false,CONFLICT
Leo,33,33,95583.50,521.00,16384,20,true,true,OK
GLL,33,33,31583.50,354.50,16384,20,true,true,OK
RNGLR,33,33,25958.50,187.50,16384,20,true,true,OK
BRNGLR,33,33,28083.50,208.00,16384,20,true,true,OK
CYK,33,33,960500.00,8083.50,16384,20,true,true,OK
LL,33,33,0.00,0.00,0,0,false,false,CONFLICT
LR,33,33,0.00,0.00,0,0,false,false,CONFLICT
Leo,33,33,119479.50,2854.50,16384,20,true,true,OK
GLL,33,33,32958.50,229.50,16384,20,true,true,OK
RNGLR,33,33,26437.50,167.00,16384,20,true,true,OK
BRNGLR,33,33,29896.00,229.00,16384,20,true,true,OK
CYK,33,33,944917.00,13541.50,16384,20,true,true,OK
LL,33,33,0.00,0.00,0,0,false,false,CONFLICT
LR,33,33,0.00,0.00,0,0,false,false,CONFLICT
Leo,33,33,65500.00,458.00,16384,20,true,true,OK
GLL,33,33,35604.00,104.00,16384,20,true,true,OK
RNGLR,33,33,32875.00,187.00,16384,20,true,true,OK
BRNGLR,33,33,35125.00,271.00,16384,20,true,true,OK
CYK,33,33,1556062.00,33666.50,16384,20,true,true,OK
LL,33,33,0.00,0.00,0,0,false,false,CONFLICT
LR,33,33,0.00,0.00,0,0,false,false,CONFLICT
Leo,41,41,92250.00,312.00,16384,20,true,true,OK
GLL,41,41,36229.00,208.50,16384,20,true,true,OK
RNGLR,41,41,30187.50,562.50,16384,20,true,true,OK
BRNGLR,41,41,32792.00,166.50,16384,20,true,true,OK
CYK,41,41,1675104.00,29938.00,16384,20,true,true,OK
LL,41,41,0.00,0.00,0,0,false,false,CONFLICT
LR,41,41,0.00,0.00,0,0,false,false,CONFLICT
Leo,45,45,146979.00,333.50,16384,20,true,true,OK
GLL,45,45,48750.00,167.00,16384,20,true,true,OK
RNGLR,45,45,38854.50,250.00,16384,20,true,true,OK
BRNGLR,45,45,43249.50,437.00,16384,20,true,true,OK
CYK,45,45,2449167.00,41396.00,16384,20,true,true,OK
LL,45,45,0.00,0.00,0,0,false,false,CONFLICT
LR,45,45,0.00,0.00,0,0,false,false,CONFLICT
Leo,50,50,153874.50,3208.00,16384,20,true,true,OK
GLL,50,50,58854.50,542.00,16384,20,true,true,OK
RNGLR,50,50,49833.50,479.00,16384,20,true,true,OK
BRNGLR,50,50,55542.00,270.50,16384,20,true,true,OK
CYK,50,50,3201833.50,36000.50,16384,20,true,true,OK
LL,50,50,0.00,0.00,0,0,false,false,CONFLICT
LR,50,50,0.00,0.00,0,0,false,false,CONFLICT
Leo,53,53,135292.00,395.50,16384,20,true,true,OK
GLL,53,53,60625.00,562.50,16384,20,true,true,OK
RNGLR,53,53,52479.50,562.00,16384,20,true,true,OK
BRNGLR,53,53,59937.50,292.00,16384,20,true,true,OK
CYK,53,53,3510375.00,22146.00,16384,20,true,true,OK
LL,53,53,0.00,0.00,0,0,false,false,CONFLICT
LR,53,53,0.00,0.00,0,0,false,false,CONFLICT
Leo,58,58,177958.00,1562.50,16384,20,true,true,OK
GLL,58,58,76625.00,625.00,16384,20,true,true,OK
RNGLR,58,58,66666.00,520.00,16384,20,true,true,OK
BRNGLR,58,58,70042.00,1312.50,16384,20,true,true,OK
CYK,58,58,5804958.50,48250.00,16384,20,true,true,OK
LL,58,58,0.00,0.00,0,0,false,false,CONFLICT
LR,58,58,0.00,0.00,0,0,false,false,CONFLICT
Leo,60,60,190334.00,3125.50,16384,20,true,true,OK
GLL,60,60,67625.00,208.50,16384,20,true,true,OK
RNGLR,60,60,49500.00,479.00,16384,20,true,true,OK
BRNGLR,60,60,54541.00,353.50,16384,20,true,true,OK
CYK,60,60,4525208.50,32625.00,16384,20,true,true,OK
LL,60,60,0.00,0.00,0,0,false,false,CONFLICT
LR,60,60,0.00,0.00,0,0,false,false,CONFLICT
Leo,64,64,245584.00,1105.00,16384,20,true,true,OK
GLL,64,64,81583.50,666.50,16384,20,true,true,OK
RNGLR,64,64,69709.00,1625.00,16384,20,true,true,OK
BRNGLR,64,64,69583.00,208.50,16384,20,true,true,OK
CYK,64,64,6128979.50,27708.50,16384,20,true,true,OK
LL,64,64,0.00,0.00,0,0,false,false,CONFLICT
LR,64,64,0.00,0.00,0,0,false,false,CONFLICT
Leo,64,64,296333.00,1729.00,16384,20,true,true,OK
GLL,64,64,89604.50,2479.50,16384,20,true,true,OK
RNGLR,64,64,74625.50,1604.50,16384,20,true,true,OK
BRNGLR,64,64,74812.50,1145.50,16384,20,true,true,OK
CYK,64,64,5723854.00,27896.00,16384,20,true,true,OK
LL,64,64,0.00,0.00,0,0,false,false,CONFLICT
LR,64,64,0.00,0.00,0,0,false,false,CONFLICT
Leo,68,68,187500.00,521.50,16384,20,true,true,OK
GLL,68,68,74958.50,1063.00,16384,20,true,true,OK
RNGLR,68,68,58979.00,292.00,16384,20,true,true,OK
BRNGLR,68,68,64791.50,125.00,16384,20,true,true,OK
CYK,68,68,6661520.50,42729.00,16384,20,true,true,OK
LL,68,68,0.00,0.00,0,0,false,false,CONFLICT
LR,68,68,0.00,0.00,0,0,false,false,CONFLICT
Leo,72,72,303958.00,7208.00,16384,20,true,true,OK
GLL,72,72,110541.50,3958.50,0,20,true,true,OK
RNGLR,72,72,92917.00,1896.00,16384,20,true,true,OK
BRNGLR,72,72,92896.00,395.50,16384,20,true,true,OK
CYK,72,72,9297313.00,53541.50,16384,20,true,true,OK
LL,72,72,0.00,0.00,0,0,false,false,CONFLICT
LR,72,72,0.00,0.00,0,0,false,false,CONFLICT
Leo,73,73,275000.00,916.50,16384,20,true,true,OK
GLL,73,73,100479.00,645.50,16384,20,true,true,OK
RNGLR,73,73,97750.00,1229.00,16384,20,true,true,OK
BRNGLR,73,73,105708.00,4666.00,16384,20,true,true,OK
CYK,73,73,7859729.00,18312.50,16384,20,true,true,OK
LL,73,73,0.00,0.00,0,0,false,false,CONFLICT
LR,73,73,0.00,0.00,0,0,false,false,CONFLICT
Leo,75,75,316959.00,3959.00,16384,20,true,true,OK
GLL,75,75,111875.00,2791.50,16384,20,true,true,OK
RNGLR,75,75,93500.50,688.50,16384,20,true,true,OK
BRNGLR,75,75,95083.00,271.00,16384,20,true,true,OK
CYK,75,75,9748541.50,47666.50,16384,20,true,true,OK
LL,75,75,0.00,0.00,0,0,false,false,CONFLICT
LR,75,75,0.00,0.00,0,0,false,false,CONFLICT
Leo,88,88,224353.50,6708.00,32768,20,true,true,OK
GLL,88,88,130583.00,354.00,16384,20,true,true,OK
RNGLR,88,88,137583.00,6583.00,16384,20,true,true,OK
BRNGLR,88,88,134146.00,1896.00,16384,20,true,true,OK
CYK,88,88,19685125.00,129771.00,16384,20,true,true,OK
LL,88,88,0.00,0.00,0,0,false,false,CONFLICT
LR,88,88,0.00,0.00,0,0,false,false,CONFLICT
Leo,94,94,276687.50,5062.50,16384,20,true,true,OK
GLL,94,94,144125.00,1187.00,16384,20,true,true,OK
RNGLR,94,94,141604.00,3604.00,16384,20,true,true,OK
BRNGLR,94,94,141041.50,562.00,16384,20,true,true,OK
CYK,94,94,22053916.50,247604.50,16384,20,true,true,OK
LL,94,94,0.00,0.00,0,0,false,false,CONFLICT
LR,94,94,0.00,0.00,0,0,false,false,CONFLICT
Leo,97,97,352562.50,6083.50,16384,20,true,true,OK
GLL,97,97,149833.50,2271.00,16384,20,true,true,OK
RNGLR,97,97,142208.50,958.50,16384,20,true,true,OK
BRNGLR,97,97,146145.50,3312.00,16384,20,true,true,OK
CYK,97,97,23237833.50,610853.50,16384,20,true,true,OK
LL,97,97,0.00,0.00,0,0,false,false,CONFLICT
LR,97,97,0.00,0.00,0,0,false,false,CONFLICT
Leo,97,97,337250.50,11229.00,16384,20,true,true,OK
GLL,97,97,172937.50,542.00,16384,20,true,true,OK
RNGLR,97,97,177708.50,3583.50,16384,20,true,true,OK
BRNGLR,97,97,170292.00,916.50,16384,20,true,true,OK
CYK,97,97,25263687.50,176250.00,16384,20,true,true,OK
LL,97,97,0.00,0.00,0,0,false,false,CONFLICT
LR,97,97,0.00,0.00,0,0,false,false,CONFLICT
Leo,101,101,461354.00,10791.50,32768,20,true,true,OK
GLL,101,101,169167.00,521.00,16384,20,true,true,OK
RNGLR,101,101,165375.00,583.50,16384,20,true,true,OK
BRNGLR,101,101,161146.00,1937.50,16384,20,true,true,OK
CYK,101,101,22071604.00,60166.50,16384,20,true,true,OK
LL,101,101,0.00,0.00,0,0,false,false,CONFLICT
LR,101,101,0.00,0.00,0,0,false,false,CONFLICT
Leo,102,102,434833.50,4229.50,16384,20,true,true,OK
GLL,102,102,174542.00,917.00,16384,20,true,true,OK
RNGLR,102,102,170166.50,1042.00,16384,20,true,true,OK
BRNGLR,102,102,162500.00,292.00,16384,20,true,true,OK
CYK,102,102,26883792.00,67167.00,16384,19,true,true,OK
LL,102,102,0.00,0.00,0,0,false,false,CONFLICT
LR,102,102,0.00,0.00,0,0,false,false,CONFLICT
Leo,106,106,397542.00,8209.00,16384,20,true,true,OK
GLL,106,106,157583.50,1375.00,16384,20,true,true,OK
RNGLR,106,106,164687.50,3229.50,16384,20,true,true,OK
BRNGLR,106,106,152688.00,354.00,16384,20,true,true,OK
CYK,106,106,25128333.50,137604.00,16384,20,true,true,OK
LL,106,106,0.00,0.00,0,0,false,false,CONFLICT
LR,106,106,0.00,0.00,0,0,false,false,CONFLICT
Leo,111,111,370750.00,6500.00,16384,20,true,true,OK
GLL,111,111,202770.50,3187.00,16384,20,true,true,OK
RNGLR,111,111,207479.00,333.50,16384,20,true,true,OK
BRNGLR,111,111,208999.50,2812.00,16384,20,true,true,OK
CYK,111,111,50938417.00,490500.50,16384,10,true,true,OK
LL,111,111,0.00,0.00,0,0,false,false,CONFLICT
LR,111,111,0.00,0.00,0,0,false,false,CONFLICT
Leo,113,113,432479.00,4791.00,16384,20,true,true,OK
GLL,113,113,201854.00,1395.50,16384,20,true,true,OK
RNGLR,113,113,214604.50,4395.50,16384,20,true,true,OK
BRNGLR,113,113,207687.00,333.00,16384,20,true,true,OK
CYK,113,113,36944666.50,137125.50,16384,14,true,true,OK
LL,113,113,0.00,0.00,0,0,false,false,CONFLICT
LR,113,113,0.00,0.00,0,0,false,false,CONFLICT
Leo,120,120,479500.00,8500.00,16384,20,true,true,OK
GLL,120,120,224313.00,645.50,16384,20,true,true,OK
RNGLR,120,120,262416.50,1271.00,16384,20,true,true,OK
BRNGLR,120,120,255396.00,6250.00,16384,20,true,true,OK
CYK,120,120,44098375.00,289187.50,16384,12,true,true,OK
LL,120,120,0.00,0.00,0,0,false,false,CONFLICT
LR,120,120,0.00,0.00,0,0,false,false,CONFLICT
Leo,120,120,461042.00,1521.00,16384,20,true,true,OK
GLL,120,120,203354.50,4063.00,16384,20,true,true,OK
RNGLR,120,120,224708.50,3042.00,16384,20,true,true,OK
BRNGLR,120,120,208750.00,708.50,16384,20,true,true,OK
CYK,120,120,35432791.00,105501.00,16384,15,true,true,OK
LL,120,120,0.00,0.00,0,0,false,false,CONFLICT
LR,120,120,0.00,0.00,0,0,false,false,CONFLICT
Leo,123,123,525604.50,4270.50,16384,20,true,true,OK
GLL,123,123,229708.50,1166.50,16384,20,true,true,OK
RNGLR,123,123,266292.00,2438.00,16384,20,true,true,OK
BRNGLR,123,123,246666.50,6416.50,16384,20,true,true,OK
CYK,123,123,40472709.00,249041.00,16384,13,true,true,OK
LL,123,123,0.00,0.00,0,0,false,false,CONFLICT
LR,123,123,0.00,0.00,0,0,false,false,CONFLICT
Leo,124,124,409958.50,2750.00,16384,20,true,true,OK
GLL,124,124,204479.00,9333.00,16384,20,true,true,OK
RNGLR,124,124,209916.50,4062.50,16384,20,true,true,OK
BRNGLR,124,124,204896.00,813.00,16384,20,true,true,OK
CYK,124,124,42911770.50,300312.50,16384,12,true,true,OK
LL,124,124,0.00,0.00,0,0,false,false,CONFLICT
LR,124,124,0.00,0.00,0,0,false,false,CONFLICT
Leo,129,129,605104.50,15084.00,16384,20,true,true,OK
GLL,129,129,149270.50,270.50,16384,20,true,true,OK
RNGLR,129,129,119250.00,437.00,16384,20,true,true,OK
BRNGLR,129,129,123542.00,2208.50,16384,20,true,true,OK
CYK,129,129,39798708.00,203292.00,131072,13,true,true,OK
LL,129,129,0.00,0.00,0,0,false,false,CONFLICT
LR,129,129,0.00,0.00,0,0,false,false,CONFLICT
Leo,133,133,566438.00,8041.50,16384,20,true,true,OK
GLL,133,133,286979.00,8104.50,16384,20,true,true,OK
RNGLR,133,133,298520.50,4979.00,16384,20,true,true,OK
BRNGLR,133,133,281312.50,5520.50,16384,20,true,true,OK
CYK,133,133,56448937.50,163667.00,16384,10,true,true,OK
LL,133,133,0.00,0.00,0,0,false,false,CONFLICT
LR,133,133,0.00,0.00,0,0,false,false,CONFLICT
Leo,140,140,644770.50,8124.50,32768,20,true,true,OK
GLL,140,140,284791.50,2895.50,16384,20,true,true,OK
RNGLR,140,140,331729.00,5729.00,16384,20,true,true,OK
BRNGLR,140,140,288958.00,1458.50,16384,20,true,true,OK
CYK,140,140,62252750.00,240354.00,16384,10,true,true,OK
LL,140,140,0.00,0.00,0,0,false,false,CONFLICT
LR,140,140,0.00,0.00,0,0,false,false,CONFLICT
Leo,142,142,614812.50,9458.50,16384,20,true,true,OK
GLL,142,142,257666.50,8333.50,16384,20,true,true,OK
RNGLR,142,142,275146.00,4333.50,16384,20,true,true,OK
BRNGLR,142,142,252291.50,2353.50,16384,20,true,true,OK
CYK,142,142,59422687.50,509479.00,16384,10,true,true,OK
LL,142,142,0.00,0.00,0,0,false,false,CONFLICT
LR,142,142,0.00,0.00,0,0,false,false,CONFLICT
Leo,142,142,474750.00,5250.00,16384,20,true,true,OK
GLL,142,142,257479.50,7000.50,16384,20,true,true,OK
RNGLR,142,142,296312.50,3646.00,16384,20,true,true,OK
BRNGLR,142,142,280375.00,1584.00,16384,20,true,true,OK
CYK,142,142,65908271.00,219500.00,16384,10,true,true,OK
LL,142,142,0.00,0.00,0,0,false,false,CONFLICT
LR,142,142,0.00,0.00,0,0,false,false,CONFLICT
Leo,143,143,608437.50,4479.50,16384,20,true,true,OK
GLL,143,143,300208.00,6833.00,16384,20,true,true,OK
RNGLR,143,143,325500.00,2271.00,16384,20,true,true,OK
BRNGLR,143,143,304604.50,5437.50,16384,20,true,true,OK
CYK,143,143,72692125.00,446396.00,16384,10,true,true,OK
LL,143,143,0.00,0.00,0,0,false,false,CONFLICT
LR,143,143,0.00,0.00,0,0,false,false,CONFLICT
Leo,146,146,556625.00,9833.50,16384,20,true,true,OK
GLL,146,146,301916.50,10395.50,16384,20,true,true,OK
RNGLR,146,146,357562.50,6438.00,16384,20,true,true,OK
BRNGLR,146,146,335687.50,10208.00,16384,20,true,true,OK
CYK,146,146,86449333.50,400062.50,16384,10,true,true,OK
LL,146,146,0.00,0.00,0,0,false,false,CONFLICT
LR,146,146,0.00,0.00,0,0,false,false,CONFLICT
Leo,149,149,652771.50,11021.00,16384,20,true,true,OK
GLL,149,149,305625.00,11792.00,16384,20,true,true,OK
RNGLR,149,149,359958.50,3250.50,16384,20,true,true,OK
BRNGLR,149,149,334833.50,12979.00,16384,20,true,true,OK
CYK,149,149,70551708.50,256916.50,16384,10,true,true,OK
LL,149,149,0.00,0.00,0,0,false,false,CONFLICT
LR,149,149,0.00,0.00,0,0,false,false,CONFLICT
Leo,182,182,1244312.50,34541.50,32768,20,true,true,OK
GLL,182,182,257250.00,4688.00,16384,20,true,true,OK
RNGLR,182,182,158479.50,667.00,16384,20,true,true,OK
BRNGLR,182,182,171771.00,8437.00,16384,20,true,true,OK
CYK,182,182,185052458.50,507625.00,131072,10,true,true,OK
LL,182,182,0.00,0.00,0,0,false,false,CONFLICT
LR,182,182,0.00,0.00,0,0,false,false,CONFLICT
Leo,184,184,1366625.00,28458.50,114688,20,true,true,OK
GLL,184,184,243083.50,9625.00,16384,20,true,true,OK
RNGLR,184,184,148896.00,1271.00,16384,20,true,true,OK
BRNGLR,184,184,133166.50,583.00,16384,20,true,true,OK
CYK,184,184,206180500.00,809541.50,16384,10,true,true,OK
LL,184,184,0.00,0.00,0,0,false,false,CONFLICT
LR,184,184,0.00,0.00,0,0,false,false,CONFLICT
Leo,201,201,1384229.50,31292.00,32768,20,true,true,OK
GLL,201,201,249917.00,812.50,16384,20,true,true,OK
RNGLR,201,201,163291.50,1978.50,16384,20,true,true,OK
BRNGLR,201,201,150167.00,3208.50,16384,20,true,true,OK
CYK,201,201,243352458.00,7326895.50,131072,10,true,true,OK
LL,201,201,0.00,0.00,0,0,false,false,CONFLICT
LR,201,201,0.00,0.00,0,0,false,false,CONFLICT
Leo,270,270,2075646.00,40563.00,49152,20,true,true,OK
GLL,270,270,352479.50,5042.00,16384,20,true,true,OK
RNGLR,270,270,233000.00,2271.00,16384,20,true,true,OK
BRNGLR,270,270,206958.00,4021.00,16384,20,true,true,OK
CYK,270,270,694394187.50,2841062.50,32768,10,true,true,OK
LL,270,270,0.00,0.00,0,0,false,false,CONFLICT
LR,270,270,0.00,0.00,0,0,false,false,CONFLICT
Leo,319,319,2240229.00,49854.50,16384,20,true,true,OK
GLL,319,319,425958.50,3666.50,16384,20,true,true,OK
RNGLR,319,319,280750.00,16020.50,16384,20,true,true,OK
BRNGLR,319,319,245124.50,478.50,16384,20,true,true,OK
CYK,319,319,742145063.00,6037167.50,32768,10,true,true,OK
LL,319,319,0.00,0.00,0,0,false,false,CONFLICT
LR,319,319,0.00,0.00,0,0,false,false,CONFLICT
Leo,321,321,2476542.00,20896.50,65536,20,true,true,OK
GLL,321,321,409062.50,917.00,16384,20,true,true,OK
RNGLR,321,321,266646.00,1104.50,16384,20,true,true,OK
BRNGLR,321,321,239645.50,458.50,16384,20,true,true,OK
CYK,321,321,1151497604.50,6307854.50,32768,10,true,true,OK
LL,321,321,0.00,0.00,0,0,false,false,CONFLICT
LR,321,321,0.00,0.00,0,0,false,false,CONFLICT
Leo,423,423,2916708.00,23021.00,65536,20,true,true,OK
GLL,423,423,572958.50,6270.50,16384,20,true,true,OK
RNGLR,423,423,377229.00,2750.00,16384,20,true,true,OK
BRNGLR,423,423,358875.50,5187.50,16384,20,true,true,OK
CYK,423,423,0.00,0.00,0,0,false,false,TIMEOUT
LL,423,423,0.00,0.00,0,0,false,false,CONFLICT
LR,423,423,0.00,0.00,0,0,false,false,CONFLICT
Leo,423,423,2923521.00,45896.50,16384,20,true,true,OK
GLL,423,423,569479.00,9604.50,16384,20,true,true,OK
RNGLR,423,423,365312.00,3124.50,16384,20,true,true,OK
BRNGLR,423,423,342479.50,3771.00,16384,20,true,true,OK
CYK,423,423,0.00,0.00,0,0,false,false,TIMEOUT
LL,423,423,0.00,0.00,0,0,false,false,CONFLICT
LR,423,423,0.00,0.00,0,0,false,false,CONFLICT
Leo,463,463,2772458.00,22208.50,16384,20,true,true,OK
GLL,463,463,591333.50,6145.50,16384,20,true,true,OK
RNGLR,463,463,373312.00,6062.00,16384,20,true,true,OK
BRNGLR,463,463,366416.50,1562.50,16384,20,true,true,OK
CYK,463,463,0.00,0.00,0,0,false,false,TIMEOUT
LL,463,463,0.00,0.00,0,0,false,false,CONFLICT
LR,463,463,0.00,0.00,0,0,false,false,CONFLICT
Leo,546,546,4069479.00,41125.00,98304,20,true,true,OK
GLL,546,546,732813.00,12479.50,16384,20,true,true,OK
RNGLR,546,546,467979.00,8104.00,16384,20,true,true,OK
BRNGLR,546,546,421729.00,4979.50,16384,20,true,true,OK
CYK,546,546,0.00,0.00,0,0,false,false,TIMEOUT
LL,546,546,0.00,0.00,0,0,false,false,CONFLICT
LR,546,546,0.00,0.00,0,0,false,false,CONFLICT
Leo,582,582,4460000.00,306750.00,16384,20,true,true,OK
GLL,582,582,828312.50,37562.50,16384,20,true,true,OK
RNGLR,582,582,496958.50,6604.50,16384,20,true,true,OK
BRNGLR,582,582,456083.00,2937.00,16384,20,true,true,OK
CYK,582,582,0.00,0.00,0,0,false,false,TIMEOUT
LL,582,582,0.00,0.00,0,0,false,false,CONFLICT
LR,582,582,0.00,0.00,0,0,false,false,CONFLICT
Leo,611,611,4803416.50,200208.00,114688,20,true,true,OK
GLL,611,611,842417.00,29208.50,16384,20,true,true,OK
RNGLR,611,611,524375.00,6979.50,16384,20,true,true,OK
BRNGLR,611,611,471895.50,3833.00,16384,20,true,true,OK
CYK,611,611,0.00,0.00,0,0,false,false,TIMEOUT
LL,611,611,0.00,0.00,0,0,false,false,CONFLICT
LR,611,611,0.00,0.00,0,0,false,false,CONFLICT
Leo,630,630,5767104.50,240229.50,16384,20,true,true,OK
GLL,630,630,829396.00,11979.50,16384,20,true,true,OK
RNGLR,630,630,582021.00,16333.50,16384,20,true,true,OK
BRNGLR,630,630,514000.00,4458.00,16384,20,true,true,OK
CYK,630,630,0.00,0.00,0,0,false,false,TIMEOUT
LL,630,630,0.00,0.00,0,0,false,false,CONFLICT
LR,630,630,0.00,0.00,0,0,false,false,CONFLICT
Leo,725,725,6015146.00,85124.50,49152,20,true,true,OK
GLL,725,725,953646.00,18417.00,16384,20,true,true,OK
RNGLR,725,725,663625.00,3562.00,16384,20,true,true,OK
BRNGLR,725,725,609354.00,10791.50,16384,20,true,true,OK
CYK,725,725,0.00,0.00,0,0,false,false,TIMEOUT
LL,725,725,0.00,0.00,0,0,false,false,CONFLICT
LR,725,725,0.00,0.00,0,0,false,false,CONFLICT
Leo,785,785,6181562.00,127166.50,16384,20,true,true,OK
GLL,785,785,1035124.50,3584.00,16384,20,true,true,OK
RNGLR,785,785,656479.00,2271.00,16384,20,true,true,OK
BRNGLR,785,785,606937.00,7708.00,16384,20,true,true,OK
CYK,785,785,0.00,0.00,0,0,false,false,TIMEOUT
LL,785,785,0.00,0.00,0,0,false,false,CONFLICT
LR,785,785,0.00,0.00,0,0,false,false,CONFLICT
Leo,789,789,7094854.00,460625.00,16384,20,true,true,OK
GLL,789,789,1008417.00,7104.50,16384,20,true,true,OK
RNGLR,789,789,720395.50,7187.50,16384,20,true,true,OK
BRNGLR,789,789,656354.50,5021.00,16384,20,true,true,OK
CYK,789,789,0.00,0.00,0,0,false,false,TIMEOUT
LL,789,789,0.00,0.00,0,0,false,false,CONFLICT
LR,789,789,0.00,0.00,0,0,false,false,CONFLICT
Leo,881,881,7705083.00,302500.00,131072,20,true,true,OK
GLL,881,881,1115333.50,6979.50,16384,20,true,true,OK
RNGLR,881,881,826250.00,15520.50,16384,20,true,true,OK
BRNGLR,881,881,761062.00,19416.00,16384,20,true,true,OK
CYK,881,881,0.00,0.00,0,0,false,false,TIMEOUT
LL,881,881,0.00,0.00,0,0,false,false,CONFLICT
LR,881,881,0.00,0.00,0,0,false,false,CONFLICT
Leo,916,916,6637459.00,152896.50,32768,20,true,true,OK
GLL,916,916,1255188.00,8875.50,16384,20,true,true,OK
RNGLR,916,916,776999.50,10312.00,16384,20,true,true,OK
BRNGLR,916,916,724437.50,8229.00,16384,20,true,true,OK
CYK,916,916,0.00,0.00,0,0,false,false,TIMEOUT
LL,916,916,0.00,0.00,0,0,false,false,CONFLICT
LR,916,916,0.00,0.00,0,0,false,false,CONFLICT
Leo,1039,1039,7738979.50,111708.50,16384,20,true,true,OK
GLL,1039,1039,1402479.50,3187.50,16384,20,true,true,OK
RNGLR,1039,1039,906624.50,7812.00,16384,20,true,true,OK
BRNGLR,1039,1039,835291.50,3833.50,16384,20,true,true,OK
CYK,1039,1039,0.00,0.00,0,0,false,false,TIMEOUT
LL,1039,1039,0.00,0.00,0,0,false,false,CONFLICT
LR,1039,1039,0.00,0.00,0,0,false,false,CONFLICT
Leo,1047,1047,8918416.50,176958.00,98304,20,true,true,OK
GLL,1047,1047,1378291.50,22104.00,16384,20,true,true,OK
RNGLR,1047,1047,1008979.00,4708.00,16384,20,true,true,OK
BRNGLR,1047,1047,919146.00,2979.50,16384,20,true,true,OK
CYK,1047,1047,0.00,0.00,0,0,false,false,TIMEOUT
LL,1047,1047,0.00,0.00,0,0,false,false,CONFLICT
LR,1047,1047,0.00,0.00,0,0,false,false,CONFLICT
Leo,1051,1051,8561854.00,308562.00,16384,20,true,true,OK
GLL,1051,1051,1374771.00,19417.00,16384,20,true,true,OK
RNGLR,1051,1051,898041.50,1604.50,16384,20,true,true,OK
BRNGLR,1051,1051,816937.00,1791.00,16384,20,true,true,OK
CYK,1051,1051,0.00,0.00,0,0,false,false,TIMEOUT
LL,1051,1051,0.00,0.00,0,0,false,false,CONFLICT
LR,1051,1051,0.00,0.00,0,0,false,false,CONFLICT
Leo,1081,1081,8158229.50,229604.50,16384,20,true,true,OK
GLL,1081,1081,1411666.50,11124.50,16384,20,true,true,OK
RNGLR,1081,1081,939667.00,4291.50,16384,20,true,true,OK
BRNGLR,1081,1081,877083.00,6874.50,16384,20,true,true,OK
CYK,1081,1081,0.00,0.00,0,0,false,false,TIMEOUT
LL,1081,1081,0.00,0.00,0,0,false,false,CONFLICT
LR,1081,1081,0.00,0.00,0,0,false,false,CONFLICT
Leo,1141,1141,10310042.00,355937.50,32768,20,true,true,OK
GLL,1141,1141,1494667.00,9354.50,16384,20,true,true,OK
RNGLR,1141,1141,1027708.50,6104.00,16384,20,true,true,OK
BRNGLR,1141,1141,919104.50,4604.50,16384,20,true,true,OK
CYK,1141,1141,0.00,0.00,0,0,false,false,TIMEOUT
LL,1141,1141,0.00,0.00,0,0,false,false,CONFLICT
LR,1141,1141,0.00,0.00,0,0,false,false,CONFLICT
Leo,1211,1211,10491833.50,160375.00,49152,20,true,true,OK
GLL,1211,1211,1614354.50,16041.50,16384,20,true,true,OK
RNGLR,1211,1211,1089792.00,14187.50,16384,20,true,true,OK
BRNGLR,1211,1211,981208.50,10292.00,16384,20,true,true,OK
CYK,1211,1211,0.00,0.00,0,0,false,false,TIMEOUT
LL,1211,1211,0.00,0.00,0,0,false,false,CONFLICT
LR,1211,1211,0.00,0.00,0,0,false,false,CONFLICT
Leo,1230,1230,12558625.00,252896.00,65536,20,true,true,OK
GLL,1230,1230,1625396.00,9562.50,16384,20,true,true,OK
RNGLR,1230,1230,1228063.00,18354.00,16384,20,true,true,OK
BRNGLR,1230,1230,1147771.00,27104.00,16384,20,true,true,OK
CYK,1230,1230,0.00,0.00,0,0,false,false,TIMEOUT
LL,1230,1230,0.00,0.00,0,0,false,false,CONFLICT
LR,1230,1230,0.00,0.00,0,0,false,false,CONFLICT
Leo,1305,1305,13053583.00,164583.00,65536,20,true,true,OK
GLL,1305,1305,1693916.50,21791.50,16384,20,true,true,OK
RNGLR,1305,1305,1188146.00,5771.00,16384,20,true,true,OK
BRNGLR,1305,1305,1073604.00,5395.00,16384,20,true,true,OK
CYK,1305,1305,0.00,0.00,0,0,false,false,TIMEOUT
LL,1305,1305,0.00,0.00,0,0,false,false,CONFLICT
LR,1305,1305,0.00,0.00,0,0,false,false,CONFLICT
Leo,1312,1312,13582750.00,226521.00,16384,20,true,true,OK
GLL,1312,1312,1775292.00,28021.00,16384,20,true,true,OK
RNGLR,1312,1312,1219541.50,26979.00,16384,20,true,true,OK
BRNGLR,1312,1312,1093854.00,7812.50,16384,20,true,true,OK
CYK,1312,1312,0.00,0.00,0,0,false,false,TIMEOUT
LL,1312,1312,0.00,0.00,0,0,false,false,CONFLICT
LR,1312,1312,0.00,0.00,0,0,false,false,CONFLICT
Leo,1341,1341,16865000.00,691166.50,16384,20,true,true,OK
GLL,1341,1341,1955562.50,112958.00,16384,20,true,true,OK
RNGLR,1341,1341,1328562.50,72646.00,16384,20,true,true,OK
BRNGLR,1341,1341,1129437.50,15312.50,16384,20,true,true,OK
CYK,1341,1341,0.00,0.00,0,0,false,false,TIMEOUT
LL,1341,1341,0.00,0.00,0,0,false,false,CONFLICT
LR,1341,1341,0.00,0.00,0,0,false,false,CONFLICT
Leo,1367,1367,15532062.50,1374229.50,32768,20,true,true,OK
GLL,1367,1367,1792291.50,9292.00,16384,20,true,true,OK
RNGLR,1367,1367,1225229.50,5750.00,16384,20,true,true,OK
BRNGLR,1367,1367,1122354.50,14521.00,16384,20,true,true,OK
CYK,1367,1367,0.00,0.00,0,0,false,false,TIMEOUT
LL,1367,1367,0.00,0.00,0,0,false,false,CONFLICT
LR,1367,1367,0.00,0.00,0,0,false,false,CONFLICT
Leo,1382,1382,14018562.50,161687.50,65536,20,true,true,OK
GLL,1382,1382,1781729.00,7354.50,16384,20,true,true,OK
RNGLR,1382,1382,1378812.00,12457.50,16384,20,true,true,OK
BRNGLR,1382,1382,1257667.00,2625.00,16384,20,true,true,OK
CYK,1382,1382,0.00,0.00,0,0,false,false,TIMEOUT
LL,1382,1382,0.00,0.00,0,0,false,false,CONFLICT
LR,1382,1382,0.00,0.00,0,0,false,false,CONFLICT
Leo,1408,1408,15476416.50,459875.50,131072,20,true,true,OK
GLL,1408,1408,1826187.00,15500.50,16384,20,true,true,OK
RNGLR,1408,1408,1441667.00,8062.50,16384,20,true,true,OK
BRNGLR,1408,1408,1320770.50,11479.50,16384,20,true,true,OK
CYK,1408,1408,0.00,0.00,0,0,false,false,TIMEOUT
LL,1408,1408,0.00,0.00,0,0,false,false,CONFLICT
LR,1408,1408,0.00,0.00,0,0,false,false,CONFLICT
Leo,1412,1412,14131417.00,404563.50,16384,20,true,true,OK
GLL,1412,1412,1823291.50,5520.50,16384,20,true,true,OK
RNGLR,1412,1412,1318395.50,8542.00,16384,20,true,true,OK
BRNGLR,1412,1412,1218312.50,13416.50,16384,20,true,true,OK
CYK,1412,1412,0.00,0.00,0,0,false,false,TIMEOUT
LL,1412,1412,0.00,0.00,0,0,false,false,CONFLICT
LR,1412,1412,0.00,0.00,0,0,false,false,CONFLICT
Leo,1457,1457,14660729.50,418646.00,16384,20,true,true,OK
GLL,1457,1457,1892624.50,19167.00,16384,20,true,true,OK
RNGLR,1457,1457,1290208.00,11229.00,16384,20,true,true,OK
BRNGLR,1457,1457,1194416.50,4229.50,16384,20,true,true,OK
CYK,1457,1457,0.00,0.00,0,0,false,false,TIMEOUT
LL,1457,1457,0.00,0.00,0,0,false,false,CONFLICT
LR,1457,1457,0.00,0.00,0,0,false,false,CONFLICT
Leo,1486,1486,16058250.00,158270.50,114688,20,true,true,OK
GLL,1486,1486,1891896.00,10729.00,16384,20,true,true,OK
RNGLR,1486,1486,1541312.50,10896.00,16384,20,true,true,OK
BRNGLR,1486,1486,1421542.00,6771.00,16384,20,true,true,OK
CYK,1486,1486,0.00,0.00,0,0,false,false,TIMEOUT
LL,1486,1486,0.00,0.00,0,0,false,false,CONFLICT
LR,1486,1486,0.00,0.00,0,0,false,false,CONFLICT
Leo,1488,1488,14563583.00,282624.50,16384,20,true,true,OK
GLL,1488,1488,1939792.00,7542.00,16384,20,true,true,OK
RNGLR,1488,1488,1317625.00,5521.00,16384,20,true,true,OK
BRNGLR,1488,1488,1203146.00,10500.00,16384,20,true,true,OK
CYK,1488,1488,0.00,0.00,0,0,false,false,TIMEOUT
LL,1488,1488,0.00,0.00,0,0,false,false,CONFLICT
LR,1488,1488,0.00,0.00,0,0,false,false,CONFLICT
Leo,1501,1501,15091333.50,123750.00,16384,20,true,true,OK
GLL,1501,1501,1965354.00,8333.50,16384,20,true,true,OK
RNGLR,1501,1501,1290229.50,5271.00,16384,20,true,true,OK
BRNGLR,1501,1501,1163958.00,5500.50,16384,20,true,true,OK
CYK,1501,1501,0.00,0.00,0,0,false,false,TIMEOUT
LL,1501,1501,0.00,0.00,0,0,false,false,CONFLICT
LR,1501,1501,0.00,0.00,0,0,false,false,CONFLICT
Leo,1523,1523,15724645.50,160375.50,49152,20,true,true,OK
GLL,1523,1523,1929229.00,21853.50,16384,20,true,true,OK
RNGLR,1523,1523,1569271.00,21729.50,16384,20,true,true,OK
BRNGLR,1523,1523,1452750.00,8333.00,16384,20,true,true,OK
CYK,1523,1523,0.00,0.00,0,0,false,false,TIMEOUT
LL,1523,1523,0.00,0.00,0,0,false,false,CONFLICT
LR,1523,1523,0.00,0.00,0,0,false,false,CONFLICT
Leo,1564,1564,15350208.50,138958.00,16384,20,true,true,OK
GLL,1564,1564,2085208.00,7729.50,16384,20,true,true,OK
RNGLR,1564,1564,1404896.50,7897.00,16384,20,true,true,OK
BRNGLR,1564,1564,1281125.00,5979.00,16384,20,true,true,OK
CYK,1564,1564,0.00,0.00,0,0,false,false,TIMEOUT
LL,1564,1564,0.00,0.00,0,0,false,false,CONFLICT
LR,1564,1564,0.00,0.00,0,0,false,false,CONFLICT
Leo,1693,1693,17279125.00,164000.00,81920,20,true,true,OK
GLL,1693,1693,2220104.00,9541.50,16384,20,true,true,OK
RNGLR,1693,1693,1524437.50,6833.50,16384,20,true,true,OK
BRNGLR,1693,1693,1389563.00,3812.50,16384,20,true,true,OK
CYK,1693,1693,0.00,0.00,0,0,false,false,TIMEOUT
LL,1693,1693,0.00,0.00,0,0,false,false,CONFLICT
LR,1693,1693,0.00,0.00,0,0,false,false,CONFLICT
Leo,1763,1763,18298541.50,145229.50,131072,20,true,true,OK
GLL,1763,1763,2307229.50,12063.50,16384,20,true,true,OK
RNGLR,1763,1763,1752374.50,8166.50,16384,20,true,true,OK
BRNGLR,1763,1763,1633458.50,7209.00,16384,20,true,true,OK
CYK,1763,1763,0.00,0.00,0,0,false,false,TIMEOUT
LL,1763,1763,0.00,0.00,0,0,false,false,CONFLICT
LR,1763,1763,0.00,0.00,0,0,false,false,CONFLICT
Leo,1841,1841,19174916.50,190917.00,131072,20,true,true,OK
GLL,1841,1841,2403667.00,8042.00,32768,20,true,true,OK
RNGLR,1841,1841,1724270.50,9729.00,16384,20,true,true,OK
BRNGLR,1841,1841,1561646.00,21917.00,16384,20,true,true,OK
CYK,1841,1841,0.00,0.00,0,0,false,false,TIMEOUT
LL,1841,1841,0.00,0.00,0,0,false,false,CONFLICT
LR,1841,1841,0.00,0.00,0,0,false,false,CONFLICT
Leo,1881,1881,20193771.00,94375.00,32768,20,true,true,OK
GLL,1881,1881,2373625.50,7833.50,16384,20,true,true,OK
RNGLR,1881,1881,2067208.50,11354.00,16384,20,true,true,OK
BRNGLR,1881,1881,1907604.00,7854.50,16384,20,true,true,OK
CYK,1881,1881,0.00,0.00,0,0,false,false,TIMEOUT
LL,1881,1881,0.00,0.00,0,0,false,false,CONFLICT
LR,1881,1881,0.00,0.00,0,0,false,false,CONFLICT
Leo,2053,2053,22805979.00,155417.00,16384,20,true,true,OK
GLL,2053,2053,2607875.00,7125.00,16384,20,true,true,OK
RNGLR,2053,2053,2331041.50,10437.50,32768,20,true,true,OK
BRNGLR,2053,2053,2161125.50,10980.00,16384,20,true,true,OK
CYK,2053,2053,0.00,0.00,0,0,false,false,TIMEOUT
LL,2053,2053,0.00,0.00,0,0,false,false,CONFLICT
LR,2053,2053,0.00,0.00,0,0,false,false,CONFLICT
Leo,2091,2091,22968812.00,243834.00,163840,20,true,true,OK
GLL,2091,2091,2647500.00,22229.00,16384,20,true,true,OK
RNGLR,2091,2091,2030083.50,6333.50,16384,20,true,true,OK
BRNGLR,2091,2091,1849604.00,14500.00,16384,20,true,true,OK
CYK,2091,2091,0.00,0.00,0,0,false,false,TIMEOUT
LL,2091,2091,0.00,0.00,0,0,false,false,CONFLICT
LR,2091,2091,0.00,0.00,0,0,false,false,CONFLICT
Leo,2238,2238,24959000.00,213791.50,49152,20,true,true,OK
GLL,2238,2238,2881604.50,12021.50,16384,20,true,true,OK
RNGLR,2238,2238,1966208.50,8271.00,16384,20,true,true,OK
BRNGLR,2238,2238,1768583.50,6271.00,16384,20,true,true,OK
CYK,2238,2238,0.00,0.00,0,0,false,false,TIMEOUT
LL,2238,2238,0.00,0.00,0,0,false,false,CONFLICT
LR,2238,2238,0.00,0.00,0,0,false,false,CONFLICT
Leo,2273,2273,25935542.00,188041.50,49152,20,true,true,OK
GLL,2273,2273,2856271.00,6874.50,16384,20,true,true,OK
RNGLR,2273,2273,2594646.00,25687.50,16384,20,true,true,OK
BRNGLR,2273,2273,2434375.00,31125.00,16384,20,true,true,OK
CYK,2273,2273,0.00,0.00,0,0,false,false,TIMEOUT
LL,2273,2273,0.00,0.00,0,0,false,false,CONFLICT
LR,2273,2273,0.00,0.00,0,0,false,false,CONFLICT
Leo,2307,2307,26664875.00,440666.00,131072,19,true,true,OK
GLL,2307,2307,2913375.00,27187.50,16384,20,true,true,OK
RNGLR,2307,2307,2305062.00,6895.00,16384,20,true,true,OK
BRNGLR,2307,2307,2100812.50,9875.00,16384,20,true,true,OK
CYK,2307,2307,0.00,0.00,0,0,false,false,TIMEOUT
LL,2307,2307,0.00,0.00,0,0,false,false,CONFLICT
LR,2307,2307,0.00,0.00,0,0,false,false,CONFLICT
Leo,2401,2401,32299479.50,102729.00,114688,16,true,true,OK
GLL,2401,2401,3184875.00,11187.00,16384,20,true,true,OK
RNGLR,2401,2401,2216521.00,8041.50,16384,20,true,true,OK
BRNGLR,2401,2401,1988520.50,17125.00,16384,20,true,true,OK
CYK,2401,2401,0.00,0.00,0,0,false,false,TIMEOUT
LL,2401,2401,0.00,0.00,0,0,false,false,CONFLICT
LR,2401,2401,0.00,0.00,0,0,false,false,CONFLICT
Leo,2459,2459,34277125.00,242250.00,114688,15,true,true,OK
GLL,2459,2459,3191229.00,11375.00,16384,20,true,true,OK
RNGLR,2459,2459,2948875.00,22979.00,16384,20,true,true,OK
BRNGLR,2459,2459,2833875.00,96563.00,16384,20,true,true,OK
CYK,2459,2459,0.00,0.00,0,0,false,false,TIMEOUT
LL,2459,2459,0.00,0.00,0,0,false,false,CONFLICT
LR,2459,2459,0.00,0.00,0,0,false,false,CONFLICT
Leo,2464,2464,33500083.00,237958.00,16384,15,true,true,OK
GLL,2464,2464,3227687.50,23000.00,16384,20,true,true,OK
RNGLR,2464,2464,2548937.50,9271.00,16384,20,true,true,OK
BRNGLR,2464,2464,2334291.50,21416.50,16384,20,true,true,OK
CYK,2464,2464,0.00,0.00,0,0,false,false,TIMEOUT
LL,2464,2464,0.00,0.00,0,0,false,false,CONFLICT
LR,2464,2464,0.00,0.00,0,0,false,false,CONFLICT
Leo,2538,2538,34758708.00,130500.00,98304,15,true,true,OK
GLL,2538,2538,3279271.00,12062.50,16384,20,true,true,OK
RNGLR,2538,2538,3057125.00,10479.00,16384,20,true,true,OK
BRNGLR,2538,2538,2880875.00,55937.50,16384,20,true,true,OK
CYK,2538,2538,0.00,0.00,0,0,false,false,TIMEOUT
LL,2538,2538,0.00,0.00,0,0,false,false,CONFLICT
LR,2538,2538,0.00,0.00,0,0,false,false,CONFLICT
Leo,2600,2600,32957604.50,180436.50,32768,16,true,true,OK
GLL,2600,2600,3488395.50,12437.50,16384,20,true,true,OK
RNGLR,2600,2600,2331625.00,14604.50,16384,20,true,true,OK
BRNGLR,2600,2600,2155854.50,11021.00,16384,20,true,true,OK
CYK,2600,2600,0.00,0.00,0,0,false,false,TIMEOUT
LL,2600,2600,0.00,0.00,0,0,false,false,CONFLICT
LR,2600,2600,0.00,0.00,0,0,false,false,CONFLICT
Leo,2667,2667,32485062.50,656354.50,16384,16,true,true,OK
GLL,2667,2667,3611562.00,16812.50,16384,20,true,true,OK
RNGLR,2667,2667,2285916.50,26979.00,16384,20,true,true,OK
BRNGLR,2667,2667,2133271.50,11854.50,16384,20,true,true,OK
CYK,2667,2667,0.00,0.00,0,0,false,false,TIMEOUT
LL,2667,2667,0.00,0.00,0,0,false,false,CONFLICT
LR,2667,2667,0.00,0.00,0,0,false,false,CONFLICT
Leo,2673,2673,36812562.50,270958.50,49152,14,true,true,OK
GLL,2673,2673,3502854.50,51833.00,16384,20,true,true,OK
RNGLR,2673,2673,3282895.50,14687.50,16384,20,true,true,OK
BRNGLR,2673,2673,3021749.50,27271.00,16384,20,true,true,OK
CYK,2673,2673,0.00,0.00,0,0,false,false,TIMEOUT
LL,2673,2673,0.00,0.00,0,0,false,false,CONFLICT
LR,2673,2673,0.00,0.00,0,0,false,false,CONFLICT
Leo,2745,2745,37498666.50,313208.00,16384,14,true,true,OK
GLL,2745,2745,3636312.50,15958.50,16384,20,true,true,OK
RNGLR,2745,2745,2733709.00,42208.50,16384,20,true,true,OK
BRNGLR,2745,2745,2519458.00,10458.50,16384,20,true,true,OK
CYK,2745,2745,0.00,0.00,0,0,false,false,TIMEOUT
LL,2745,2745,0.00,0.00,0,0,false,false,CONFLICT
LR,2745,2745,0.00,0.00,0,0,false,false,CONFLICT
Leo,2776,2776,37930374.50,287354.00,81920,14,true,true,OK
GLL,2776,2776,3642917.00,7146.50,16384,20,true,true,OK
RNGLR,2776,2776,3309854.50,31125.00,16384,20,true,true,OK
BRNGLR,2776,2776,3038354.00,31562.50,16384,20,true,true,OK
CYK,2776,2776,0.00,0.00,0,0,false,false,TIMEOUT
LL,2776,2776,0.00,0.00,0,0,false,false,CONFLICT
LR,2776,2776,0.00,0.00,0,0,false,false,CONFLICT
Leo,2886,2886,39096709.00,603666.00,16384,13,true,true,OK
GLL,2886,2886,3926229.00,61229.00,1376256,20,true,true,OK
RNGLR,2886,2886,3280291.50,30687.50,49152,20,true,true,OK
BRNGLR,2886,2886,3015937.00,23353.00,16384,20,true,true,OK
CYK,2886,2886,0.00,0.00,0,0,false,false,TIMEOUT
LL,2886,2886,0.00,0.00,0,0,false,false,CONFLICT
LR,2886,2886,0.00,0.00,0,0,false,false,CONFLICT
Leo,2929,2929,42655646.00,1378041.50,131072,12,true,true,OK
GLL,2929,2929,3928479.50,115542.00,16384,20,true,true,OK
RNGLR,2929,2929,3865833.00,176687.50,16384,20,true,true,OK
BRNGLR,2929,2929,3458771.00,38000.00,16384,20,true,true,OK
CYK,2929,2929,0.00,0.00,0,0,false,false,TIMEOUT
LL,2929,2929,0.00,0.00,0,0,false,false,CONFLICT
LR,2929,2929,0.00,0.00,0,0,false,false,CONFLICT
Leo,2959,2959,39116209.00,282168.00,16384,13,true,true,OK
GLL,2959,2959,3983021.00,49124.50,16384,20,true,true,OK
RNGLR,2959,2959,2844188.00,6542.00,16384,20,true,true,OK
BRNGLR,2959,2959,2598146.00,8187.00,16384,20,true,true,OK
CYK,2959,2959,0.00,0.00,0,0,false,false,TIMEOUT
LL,2959,2959,0.00,0.00,0,0,false,false,CONFLICT
LR,2959,2959,0.00,0.00,0,0,false,false,CONFLICT
Leo,2976,2976,41306166.00,1394332.00,16384,13,true,true,OK
GLL,2976,2976,4159875.00,134625.00,16384,20,true,true,OK
RNGLR,2976,2976,2975791.50,52624.50,16384,20,true,true,OK
BRNGLR,2976,2976,2771520.50,59146.00,16384,20,true,true,OK
CYK,2976,2976,0.00,0.00,0,0,false,false,TIMEOUT
LL,2976,2976,0.00,0.00,0,0,false,false,CONFLICT
LR,2976,2976,0.00,0.00,0,0,false,false,CONFLICT
Leo,3295,3295,48839229.50,1743479.00,131072,10,true,true,OK
GLL,3295,3295,4256917.00,28958.00,32768,20,true,true,OK
RNGLR,3295,3295,4333146.00,18208.50,16384,20,true,true,OK
BRNGLR,3295,3295,4034812.50,11500.00,16384,20,true,true,OK
CYK,3295,3295,0.00,0.00,0,0,false,false,TIMEOUT
LL,3295,3295,0.00,0.00,0,0,false,false,CONFLICT
LR,3295,3295,0.00,0.00,0,0,false,false,CONFLICT
Leo,3301,3301,47357917.00,240750.00,16384,11,true,true,OK
GLL,3301,3301,4244291.50,33521.00,16384,20,true,true,OK
RNGLR,3301,3301,3370479.00,18875.00,16384,20,true,true,OK
BRNGLR,3301,3301,3089583.50,16208.50,16384,20,true,true,OK
CYK,3301,3301,0.00,0.00,0,0,false,false,TIMEOUT
LL,3301,3301,0.00,0.00,0,0,false,false,CONFLICT
LR,3301,3301,0.00,0.00,0,0,false,false,CONFLICT
Leo,3319,3319,44586834.00,852500.50,16384,12,true,true,OK
GLL,3319,3319,4312625.00,17437.50,16384,20,true,true,OK
RNGLR,3319,3319,3035896.00,20375.00,16384,20,true,true,OK
BRNGLR,3319,3319,2773667.00,13583.50,16384,20,true,true,OK
CYK,3319,3319,0.00,0.00,0,0,false,false,TIMEOUT
LL,3319,3319,0.00,0.00,0,0,false,false,CONFLICT
LR,3319,3319,0.00,0.00,0,0,false,false,CONFLICT
Leo,3337,3337,46199208.00,252917.00,16384,11,true,true,OK
GLL,3337,3337,4310437.50,16812.50,16384,20,true,true,OK
RNGLR,3337,3337,4405541.50,118354.00,32768,20,true,true,OK
BRNGLR,3337,3337,3983645.50,8187.50,16384,20,true,true,OK
CYK,3337,3337,0.00,0.00,0,0,false,false,TIMEOUT
LL,3337,3337,0.00,0.00,0,0,false,false,CONFLICT
LR,3337,3337,0.00,0.00,0,0,false,false,CONFLICT
Leo,3341,3341,47274750.00,421667.00,65536,11,true,true,OK
GLL,3341,3341,4384583.50,91708.00,32768,20,true,true,OK
RNGLR,3341,3341,4455896.00,11332.50,16384,20,true,true,OK
BRNGLR,3341,3341,4113895.50,33895.50,16384,20,true,true,OK
CYK,3341,3341,0.00,0.00,0,0,false,false,TIMEOUT
LL,3341,3341,0.00,0.00,0,0,false,false,CONFLICT
LR,3341,3341,0.00,0.00,0,0,false,false,CONFLICT
Leo,3352,3352,48933041.00,487625.00,16384,11,true,true,OK
GLL,3352,3352,4581146.00,164750.00,16384,20,true,true,OK
RNGLR,3352,3352,4491979.00,52833.00,16384,20,true,true,OK
BRNGLR,3352,3352,4109542.00,36771.50,16384,20,true,true,OK
CYK,3352,3352,0.00,0.00,0,0,false,false,TIMEOUT
LL,3352,3352,0.00,0.00,0,0,false,false,CONFLICT
LR,3352,3352,0.00,0.00,0,0,false,false,CONFLICT
Leo,3369,3369,47078708.00,425083.00,81920,11,true,true,OK
GLL,3369,3369,4316667.00,30750.00,16384,20,true,true,OK
RNGLR,3369,3369,4245041.50,15895.50,32768,20,true,true,OK
BRNGLR,3369,3369,3906833.00,28041.50,32768,20,true,true,OK
CYK,3369,3369,0.00,0.00,0,0,false,false,TIMEOUT
LL,3369,3369,0.00,0.00,0,0,false,false,CONFLICT
LR,3369,3369,0.00,0.00,0,0,false,false,CONFLICT
Leo,3377,3377,47902000.00,923459.00,16384,11,true,true,OK
GLL,3377,3377,4498041.50,134812.50,16384,20,true,true,OK
RNGLR,3377,3377,4543979.00,42895.50,16384,20,true,true,OK
BRNGLR,3377,3377,4202146.00,14145.50,16384,20,true,true,OK
CYK,3377,3377,0.00,0.00,0,0,false,false,TIMEOUT
LL,3377,3377,0.00,0.00,0,0,false,false,CONFLICT
LR,3377,3377,0.00,0.00,0,0,false,false,CONFLICT
Leo,3450,3450,48515750.00,102125.00,49152,11,true,true,OK
GLL,3450,3450,4397520.50,16791.50,16384,20,true,true,OK
RNGLR,3450,3450,4680458.00,30854.00,16384,20,true,true,OK
BRNGLR,3450,3450,4350437.50,35083.00,16384,20,true,true,OK
CYK,3450,3450,0.00,0.00,0,0,false,false,TIMEOUT
LL,3450,3450,0.00,0.00,0,0,false,false,CONFLICT
LR,3450,3450,0.00,0.00,0,0,false,false,CONFLICT
Leo,3486,3486,48731625.00,305833.00,98304,11,true,true,OK
GLL,3486,3486,4445145.50,35209.00,16384,20,true,true,OK
RNGLR,3486,3486,4718271.00,9729.50,32768,20,true,true,OK
BRNGLR,3486,3486,4369521.00,27083.00,16384,20,true,true,OK
CYK,3486,3486,0.00,0.00,0,0,false,false,TIMEOUT
LL,3486,3486,0.00,0.00,0,0,false,false,CONFLICT
LR,3486,3486,0.00,0.00,0,0,false,false,CONFLICT
Leo,3495,3495,48945083.00,530666.00,16384,11,true,true,OK
GLL,3495,3495,4482729.50,20313.50,16384,20,true,true,OK
RNGLR,3495,3495,3802020.50,49270.50,16384,20,true,true,OK
BRNGLR,3495,3495,3702895.50,144187.50,16384,20,true,true,OK
CYK,3495,3495,0.00,0.00,0,0,false,false,TIMEOUT
LL,3495,3495,0.00,0.00,0,0,false,false,CONFLICT
LR,3495,3495,0.00,0.00,0,0,false,false,CONFLICT
Leo,3498,3498,47052334.00,580084.00,16384,11,true,true,OK
GLL,3498,3498,4783792.00,214458.00,16384,20,true,true,OK
RNGLR,3498,3498,3190521.00,14291.50,16384,20,true,true,OK
BRNGLR,3498,3498,2948145.50,7563.00,16384,20,true,true,OK
CYK,3498,3498,0.00,0.00,0,0,false,false,TIMEOUT
LL,3498,3498,0.00,0.00,0,0,false,false,CONFLICT
LR,3498,3498,0.00,0.00,0,0,false,false,CONFLICT
Leo,3527,3527,50867250.00,555062.50,32768,10,true,true,OK
GLL,3527,3527,4614041.50,76708.50,16384,20,true,true,OK
RNGLR,3527,3527,4814458.50,59395.50,16384,20,true,true,OK
BRNGLR,3527,3527,4464542.00,13291.50,16384,20,true,true,OK
CYK,3527,3527,0.00,0.00,0,0,false,false,TIMEOUT
LL,3527,3527,0.00,0.00,0,0,false,false,CONFLICT
LR,3527,3527,0.00,0.00,0,0,false,false,CONFLICT
Leo,3566,3566,49506542.00,1313917.00,16384,11,true,true,OK
GLL,3566,3566,4712542.00,25938.00,49152,20,true,true,OK
RNGLR,3566,3566,4512354.00,15979.00,16384,20,true,true,OK
BRNGLR,3566,3566,4595812.50,345604.50,16384,20,true,true,OK
CYK,3566,3566,0.00,0.00,0,0,false,false,TIMEOUT
LL,3566,3566,0.00,0.00,0,0,false,false,CONFLICT
LR,3566,3566,0.00,0.00,0,0,false,false,CONFLICT
Leo,3602,3602,48971084.00,293751.00,49152,11,true,true,OK
GLL,3602,3602,4752791.50,34541.50,16384,20,true,true,OK
RNGLR,3602,3602,3538271.00,15271.00,16384,20,true,true,OK
BRNGLR,3602,3602,3307812.50,70312.50,16384,20,true,true,OK
CYK,3602,3602,0.00,0.00,0,0,false,false,TIMEOUT
LL,3602,3602,0.00,0.00,0,0,false,false,CONFLICT
LR,3602,3602,0.00,0.00,0,0,false,false,CONFLICT
Leo,3628,3628,50601291.50,257459.00,98304,10,true,true,OK
GLL,3628,3628,4826312.50,24396.00,32768,20,true,true,OK
RNGLR,3628,3628,3864875.00,12334.00,32768,20,true,true,OK
BRNGLR,3628,3628,3531188.00,11604.00,16384,20,true,true,OK
CYK,3628,3628,0.00,0.00,0,0,false,false,TIMEOUT
LL,3628,3628,0.00,0.00,0,0,false,false,CONFLICT
LR,3628,3628,0.00,0.00,0,0,false,false,CONFLICT
Leo,3669,3669,50005083.50,256958.50,16384,10,true,true,OK
GLL,3669,3669,4840062.50,18396.00,32768,20,true,true,OK
RNGLR,3669,3669,3889167.00,24208.00,16384,20,true,true,OK
BRNGLR,3669,3669,3564041.50,24020.50,16384,20,true,true,OK
CYK,3669,3669,0.00,0.00,0,0,false,false,TIMEOUT
LL,3669,3669,0.00,0.00,0,0,false,false,CONFLICT
LR,3669,3669,0.00,0.00,0,0,false,false,CONFLICT
Leo,3721,3721,50556000.00,189271.00,131072,10,true,true,OK
GLL,3721,3721,4876021.00,26042.00,16384,20,true,true,OK
RNGLR,3721,3721,4241292.00,11000.00,16384,20,true,true,OK
BRNGLR,3721,3721,3889417.00,21437.50,16384,20,true,true,OK
CYK,3721,3721,0.00,0.00,0,0,false,false,TIMEOUT
LL,3721,3721,0.00,0.00,0,0,false,false,CONFLICT
LR,3721,3721,0.00,0.00,0,0,false,false,CONFLICT
Leo,3724,3724,50907375.00,239917.00,81920,10,true,true,OK
GLL,3724,3724,4836020.50,17875.00,16384,20,true,true,OK
RNGLR,3724,3724,3904000.00,14770.50,16384,20,true,true,OK
BRNGLR,3724,3724,3555625.00,20541.50,16384,20,true,true,OK
CYK,3724,3724,0.00,0.00,0,0,false,false,TIMEOUT
LL,3724,3724,0.00,0.00,0,0,false,false,CONFLICT
LR,3724,3724,0.00,0.00,0,0,false,false,CONFLICT
Leo,3797,3797,53487854.50,1185521.00,32768,10,true,true,OK
GLL,3797,3797,5018250.00,69937.00,16384,20,true,true,OK
RNGLR,3797,3797,5483771.00,106542.00,16384,20,true,true,OK
BRNGLR,3797,3797,5006229.00,20542.00,16384,20,true,true,OK
CYK,3797,3797,0.00,0.00,0,0,false,false,TIMEOUT
LL,3797,3797,0.00,0.00,0,0,false,false,CONFLICT
LR,3797,3797,0.00,0.00,0,0,false,false,CONFLICT
Leo,3799,3799,53105979.50,450125.00,49152,10,true,true,OK
GLL,3799,3799,4852333.00,15875.00,16384,20,true,true,OK
RNGLR,3799,3799,5384354.00,12104.50,32768,20,true,true,OK
BRNGLR,3799,3799,5046166.00,16624.00,16384,20,true,true,OK
CYK,3799,3799,0.00,0.00,0,0,false,false,TIMEOUT
LL,3799,3799,0.00,0.00,0,0,false,false,CONFLICT
LR,3799,3799,0.00,0.00,0,0,false,false,CONFLICT
Leo,3995,3995,56196000.00,856500.00,65536,10,true,true,OK
GLL,3995,3995,5188520.50,49353.50,32768,20,true,true,OK
RNGLR,3995,3995,4297812.50,36875.50,32768,20,true,true,OK
BRNGLR,3995,3995,3948395.50,14458.50,16384,20,true,true,OK
CYK,3995,3995,0.00,0.00,0,0,false,false,TIMEOUT
LL,3995,3995,0.00,0.00,0,0,false,false,CONFLICT
LR,3995,3995,0.00,0.00,0,0,false,false,CONFLICT
Leo,4101,4101,57031937.50,140520.50,65536,10,true,true,OK
GLL,4101,4101,5318146.00,29396.00,16384,20,true,true,OK
RNGLR,4101,4101,5832104.50,14916.50,16384,20,true,true,OK
BRNGLR,4101,4101,5445417.00,18812.50,16384,20,true,true,OK
CYK,4101,4101,0.00,0.00,0,0,false,false,TIMEOUT
LL,4101,4101,0.00,0.00,0,0,false,false,CONFLICT
LR,4101,4101,0.00,0.00,0,0,false,false,CONFLICT
Leo,4137,4137,57359062.50,449791.50,16384,10,true,true,OK
GLL,4137,4137,5465041.50,13500.00,32768,20,true,true,OK
RNGLR,4137,4137,4680667.00,23708.00,32768,20,true,true,OK
BRNGLR,4137,4137,4315562.50,19520.50,16384,20,true,true,OK
CYK,4137,4137,0.00,0.00,0,0,false,false,TIMEOUT
LL,4137,4137,0.00,0.00,0,0,false,false,CONFLICT
LR,4137,4137,0.00,0.00,0,0,false,false,CONFLICT
Leo,4178,4178,58201896.00,682854.00,49152,10,true,true,OK
GLL,4178,4178,5395395.50,24646.00,49152,20,true,true,OK
RNGLR,4178,4178,5410604.00,16291.50,32768,20,true,true,OK
BRNGLR,4178,4178,5000937.50,11667.00,16384,20,true,true,OK
CYK,4178,4178,0.00,0.00,0,0,false,false,TIMEOUT
LL,4178,4178,0.00,0.00,0,0,false,false,CONFLICT
LR,4178,4178,0.00,0.00,0,0,false,false,CONFLICT
Leo,4229,4229,59360791.50,515708.50,32768,10,true,true,OK
GLL,4229,4229,5425541.00,18770.00,16384,20,true,true,OK
RNGLR,4229,4229,6282292.00,18812.00,16384,20,true,true,OK
BRNGLR,4229,4229,5939875.00,62708.50,16384,20,true,true,OK
CYK,4229,4229,0.00,0.00,0,0,false,false,TIMEOUT
LL,4229,4229,0.00,0.00,0,0,false,false,CONFLICT
LR,4229,4229,0.00,0.00,0,0,false,false,CONFLICT
Leo,4277,4277,59635041.50,1265125.00,32768,10,true,true,OK
GLL,4277,4277,5687187.50,45187.50,32768,20,true,true,OK
RNGLR,4277,4277,5233187.50,41417.00,16384,20,true,true,OK
BRNGLR,4277,4277,4831167.00,13333.00,16384,20,true,true,OK
CYK,4277,4277,0.00,0.00,0,0,false,false,TIMEOUT
LL,4277,4277,0.00,0.00,0,0,false,false,CONFLICT
LR,4277,4277,0.00,0.00,0,0,false,false,CONFLICT
Leo,4407,4407,63341312.50,1998833.00,49152,10,true,true,OK
GLL,4407,4407,5753458.00,32499.50,49152,20,true,true,OK
RNGLR,4407,4407,6156729.00,97062.00,32768,20,true,true,OK
BRNGLR,4407,4407,5460791.50,32812.50,16384,20,true,true,OK
CYK,4407,4407,0.00,0.00,0,0,false,false,TIMEOUT
LL,4407,4407,0.00,0.00,0,0,false,false,CONFLICT
LR,4407,4407,0.00,0.00,0,0,false,false,CONFLICT
Leo,4470,4470,62935041.50,258937.50,65536,10,true,true,OK
GLL,4470,4470,5737729.00,35687.00,16384,20,true,true,OK
RNGLR,4470,4470,6791687.50,13521.00,16384,20,true,true,OK
BRNGLR,4470,4470,6386791.50,24896.00,32768,20,true,true,OK
CYK,4470,4470,0.00,0.00,0,0,false,false,TIMEOUT
LL,4470,4470,0.00,0.00,0,0,false,false,CONFLICT
LR,4470,4470,0.00,0.00,0,0,false,false,CONFLICT
Leo,4499,4499,63572208.50,409104.00,81920,10,true,true,OK
GLL,4499,4499,5773896.00,32125.00,32768,20,true,true,OK
RNGLR,4499,4499,6827209.00,48770.00,32768,20,true,true,OK
BRNGLR,4499,4499,6444187.50,31229.50,16384,20,true,true,OK
CYK,4499,4499,0.00,0.00,0,0,false,false,TIMEOUT
LL,4499,4499,0.00,0.00,0,0,false,false,CONFLICT
LR,4499,4499,0.00,0.00,0,0,false,false,CONFLICT
Leo,4500,4500,62407083.50,380771.00,16384,10,true,true,OK
GLL,4500,4500,5759959.00,15937.50,16384,20,true,true,OK
RNGLR,4500,4500,5748958.50,22687.50,16384,20,true,true,OK
BRNGLR,4500,4500,5326375.00,73813.00,16384,20,true,true,OK
CYK,4500,4500,0.00,0.00,0,0,false,false,TIMEOUT
LL,4500,4500,0.00,0.00,0,0,false,false,CONFLICT
LR,4500,4500,0.00,0.00,0,0,false,false,CONFLICT
Leo,4524,4524,63261895.50,1846270.50,16384,10,true,true,OK
GLL,4524,4524,5873187.50,11042.00,16384,20,true,true,OK
RNGLR,4524,4524,4380500.00,18937.50,16384,20,true,true,OK
BRNGLR,4524,4524,3960271.00,47250.00,16384,20,true,true,OK
CYK,4524,4524,0.00,0.00,0,0,false,false,TIMEOUT
LL,4524,4524,0.00,0.00,0,0,false,false,CONFLICT
LR,4524,4524,0.00,0.00,0,0,false,false,CONFLICT
Leo,4626,4626,64794042.00,242187.50,32768,10,true,true,OK
GLL,4626,4626,5964583.00,67999.50,16384,20,true,true,OK
RNGLR,4626,4626,7824020.50,104645.50,16384,20,true,true,OK
BRNGLR,4626,4626,7347000.00,184229.00,16384,20,true,true,OK
CYK,4626,4626,0.00,0.00,0,0,false,false,TIMEOUT
LL,4626,4626,0.00,0.00,0,0,false,false,CONFLICT
LR,4626,4626,0.00,0.00,0,0,false,false,CONFLICT
Leo,4686,4686,63523666.50,208749.50,16384,10,true,true,OK
GLL,4686,4686,6298625.50,106917.00,16384,20,true,true,OK
RNGLR,4686,4686,5438854.00,28167.00,16384,20,true,true,OK
BRNGLR,4686,4686,5037604.00,24937.50,32768,20,true,true,OK
CYK,4686,4686,0.00,0.00,0,0,false,false,TIMEOUT
LL,4686,4686,0.00,0.00,0,0,false,false,CONFLICT
LR,4686,4686,0.00,0.00,0,0,false,false,CONFLICT
Leo,4700,4700,66518583.50,1507458.50,16384,10,true,true,OK
GLL,4700,4700,6395271.50,88499.00,49152,20,true,true,OK
RNGLR,4700,4700,5394416.50,28687.00,16384,20,true,true,OK
BRNGLR,4700,4700,4966104.00,37062.00,16384,20,true,true,OK
CYK,4700,4700,0.00,0.00,0,0,false,false,TIMEOUT
LL,4700,4700,0.00,0.00,0,0,false,false,CONFLICT
LR,4700,4700,0.00,0.00,0,0,false,false,CONFLICT
Leo,4756,4756,63183750.00,263750.50,16384,10,true,true,OK
GLL,4756,4756,7341250.00,288667.00,16384,20,true,true,OK
RNGLR,4756,4756,5354416.50,195708.50,16384,20,true,true,OK
BRNGLR,4756,4756,4668646.00,119687.50,16384,20,true,true,OK
CYK,4756,4756,0.00,0.00,0,0,false,false,TIMEOUT
LL,4756,4756,0.00,0.00,0,0,false,false,CONFLICT
LR,4756,4756,0.00,0.00,0,0,false,false,CONFLICT
Leo,4774,4774,74496958.50,858104.00,65536,10,true,true,OK
GLL,4774,4774,6149167.00,41208.00,32768,20,true,true,OK
RNGLR,4774,4774,5152958.50,24916.50,32768,20,true,true,OK
BRNGLR,4774,4774,4726104.50,15083.50,16384,20,true,true,OK
CYK,4774,4774,0.00,0.00,0,0,false,false,TIMEOUT
LL,4774,4774,0.00,0.00,0,0,false,false,CONFLICT
LR,4774,4774,0.00,0.00,0,0,false,false,CONFLICT
Leo,4817,4817,73199624.50,208146.00,229376,10,true,true,OK
GLL,4817,4817,6367396.00,19375.00,16384,20,true,true,OK
RNGLR,4817,4817,7583833.50,24958.00,16384,20,true,true,OK
BRNGLR,4817,4817,7151770.50,20082.50,16384,20,true,true,OK
CYK,4817,4817,0.00,0.00,0,0,false,false,TIMEOUT
LL,4817,4817,0.00,0.00,0,0,false,false,CONFLICT
LR,4817,4817,0.00,0.00,0,0,false,false,CONFLICT
Leo,4835,4835,71966229.00,657041.50,16384,10,true,true,OK
GLL,4835,4835,6396438.00,14354.00,16384,20,true,true,OK
RNGLR,4835,4835,5023500.00,32521.00,16384,20,true,true,OK
BRNGLR,4835,4835,4628083.00,28479.50,16384,20,true,true,OK
CYK,4835,4835,0.00,0.00,0,0,false,false,TIMEOUT
LL,4835,4835,0.00,0.00,0,0,false,false,CONFLICT
LR,4835,4835,0.00,0.00,0,0,false,false,CONFLICT
Leo,4911,4911,75427813.00,319521.00,98304,10,true,true,OK
GLL,4911,4911,6492312.50,36208.50,16384,20,true,true,OK
RNGLR,4911,4911,7885187.00,38771.00,16384,20,true,true,OK
BRNGLR,4911,4911,7521938.00,38541.50,16384,20,true,true,OK
CYK,4911,4911,0.00,0.00,0,0,false,false,TIMEOUT
LL,4911,4911,0.00,0.00,0,0,false,false,CONFLICT
LR,4911,4911,0.00,0.00,0,0,false,false,CONFLICT
Leo,4912,4912,73443979.00,377521.00,16384,10,true,true,OK
GLL,4912,4912,6526813.00,37354.50,16384,20,true,true,OK
RNGLR,4912,4912,5356499.50,31083.50,16384,20,true,true,OK
BRNGLR,4912,4912,4929125.00,21750.00,16384,20,true,true,OK
CYK,4912,4912,0.00,0.00,0,0,false,false,TIMEOUT
LL,4912,4912,0.00,0.00,0,0,false,false,CONFLICT
LR,4912,4912,0.00,0.00,0,0,false,false,CONFLICT
Leo,4920,4920,70868479.00,155416.50,16384,10,true,true,OK
GLL,4920,4920,6596687.00,15041.50,16384,20,true,true,OK
RNGLR,4920,4920,4922187.50,19854.50,16384,20,true,true,OK
BRNGLR,4920,4920,4542645.50,12333.50,32768,20,true,true,OK
CYK,4920,4920,0.00,0.00,0,0,false,false,TIMEOUT
LL,4920,4920,0.00,0.00,0,0,false,false,CONFLICT
LR,4920,4920,0.00,0.00,0,0,false,false,CONFLICT
Leo,4960,4960,68444875.00,309750.00,16384,10,true,true,OK
GLL,4960,4960,6792250.00,32708.50,16384,20,true,true,OK
RNGLR,4960,4960,4434396.00,36458.50,16384,20,true,true,OK
BRNGLR,4960,4960,4071958.50,18562.50,16384,20,true,true,OK
CYK,4960,4960,0.00,0.00,0,0,false,false,TIMEOUT
LL,4960,4960,0.00,0.00,0,0,false,false,CONFLICT
LR,4960,4960,0.00,0.00,0,0,false,false,CONFLICT
Leo,5011,5011,71271270.50,186729.00,16384,10,true,true,OK
GLL,5011,5011,6780271.00,37750.00,16384,20,true,true,OK
RNGLR,5011,5011,4594833.00,19625.50,16384,20,true,true,OK
BRNGLR,5011,5011,4220041.50,20750.00,16384,20,true,true,OK
CYK,5011,5011,0.00,0.00,0,0,false,false,TIMEOUT
LL,5011,5011,0.00,0.00,0,0,false,false,CONFLICT
LR,5011,5011,0.00,0.00,0,0,false,false,CONFLICT
Leo,5012,5012,76693541.50,363354.00,114688,10,true,true,OK
GLL,5012,5012,6648396.00,62104.00,16384,20,true,true,OK
RNGLR,5012,5012,8102875.00,46666.50,16384,20,true,true,OK
BRNGLR,5012,5012,7644042.00,14978.50,16384,20,true,true,OK
CYK,5012,5012,0.00,0.00,0,0,false,false,TIMEOUT
LL,5012,5012,0.00,0.00,0,0,false,false,CONFLICT
LR,5012,5012,0.00,0.00,0,0,false,false,CONFLICT
Leo,5056,5056,77741416.50,128854.00,131072,10,true,true,OK
GLL,5056,5056,6663562.00,28021.50,16384,20,true,true,OK
RNGLR,5056,5056,8172875.00,65770.50,16384,20,true,true,OK
BRNGLR,5056,5056,7766666.50,34062.50,16384,20,true,true,OK
CYK,5056,5056,0.00,0.00,0,0,false,false,TIMEOUT
LL,5056,5056,0.00,0.00,0,0,false,false,CONFLICT
LR,5056,5056,0.00,0.00,0,0,false,false,CONFLICT
Leo,5082,5082,75287354.50,510750.00,16384,10,true,true,OK
GLL,5082,5082,6953646.00,25937.50,16384,20,true,true,OK
RNGLR,5082,5082,5120604.00,30125.00,16384,20,true,true,OK
BRNGLR,5082,5082,4678167.00,26458.00,16384,20,true,true,OK
CYK,5082,5082,0.00,0.00,0,0,false,false,TIMEOUT
LL,5082,5082,0.00,0.00,0,0,false,false,CONFLICT
LR,5082,5082,0.00,0.00,0,0,false,false,CONFLICT
Leo,5126,5126,74887875.00,185916.50,16384,10,true,true,OK
GLL,5126,5126,7028354.50,60938.00,16384,20,true,true,OK
RNGLR,5126,5126,5174166.50,19333.50,16384,20,true,true,OK
BRNGLR,5126,5126,4714958.00,35917.00,16384,20,true,true,OK
CYK,5126,5126,0.00,0.00,0,0,false,false,TIMEOUT
LL,5126,5126,0.00,0.00,0,0,false,false,CONFLICT
LR,5126,5126,0.00,0.00,0,0,false,false,CONFLICT
Leo,5247,5247,79837750.00,548875.00,114688,10,true,true,OK
GLL,5247,5247,7304562.50,217271.00,16384,20,true,true,OK
RNGLR,5247,5247,9013228.50,155376.00,32768,20,true,true,OK
BRNGLR,5247,5247,8505708.50,41562.50,16384,20,true,true,OK
CYK,5247,5247,0.00,0.00,0,0,false,false,TIMEOUT
LL,5247,5247,0.00,0.00,0,0,false,false,CONFLICT
LR,5247,5247,0.00,0.00,0,0,false,false,CONFLICT
Leo,5334,5334,87550750.00,1639291.50,147456,10,true,true,OK
GLL,5334,5334,7422833.00,122083.50,16384,20,true,true,OK
RNGLR,5334,5334,9003687.00,44896.00,16384,20,true,true,OK
BRNGLR,5334,5334,8530583.00,69750.00,16384,20,true,true,OK
CYK,5334,5334,0.00,0.00,0,0,false,false,TIMEOUT
LL,5334,5334,0.00,0.00,0,0,false,false,CONFLICT
LR,5334,5334,0.00,0.00,0,0,false,false,CONFLICT
Leo,5421,5421,86297208.50,4369229.00,16384,10,true,true,OK
GLL,5421,5421,7604125.00,388375.00,16384,20,true,true,OK
RNGLR,5421,5421,6914749.50,145375.00,32768,20,true,true,OK
BRNGLR,5421,5421,6330333.50,16375.00,16384,20,true,true,OK
CYK,5421,5421,0.00,0.00,0,0,false,false,TIMEOUT
LL,5421,5421,0.00,0.00,0,0,false,false,CONFLICT
LR,5421,5421,0.00,0.00,0,0,false,false,CONFLICT
Leo,5463,5463,81090354.00,393687.00,16384,10,true,true,OK
GLL,5463,5463,7508958.50,31833.00,16384,20,true,true,OK
RNGLR,5463,5463,6649021.00,41687.50,16384,20,true,true,OK
BRNGLR,5463,5463,6173896.00,14583.50,16384,20,true,true,OK
CYK,5463,5463,0.00,0.00,0,0,false,false,TIMEOUT
LL,5463,5463,0.00,0.00,0,0,false,false,CONFLICT
LR,5463,5463,0.00,0.00,0,0,false,false,CONFLICT
Leo,5473,5473,80845270.50,167021.00,16384,10,true,true,OK
GLL,5473,5473,7279229.50,27062.00,16384,20,true,true,OK
RNGLR,5473,5473,5632291.50,23771.00,16384,20,true,true,OK
BRNGLR,5473,5473,5128666.50,23124.50,16384,20,true,true,OK
CYK,5473,5473,0.00,0.00,0,0,false,false,TIMEOUT
LL,5473,5473,0.00,0.00,0,0,false,false,CONFLICT
LR,5473,5473,0.00,0.00,0,0,false,false,CONFLICT
Leo,5625,5625,82708833.50,186417.00,131072,10,true,true,OK
GLL,5625,5625,7562166.50,33062.50,16384,20,true,true,OK
RNGLR,5625,5625,6413604.50,40708.00,16384,20,true,true,OK
BRNGLR,5625,5625,5914459.00,22521.00,16384,20,true,true,OK
CYK,5625,5625,0.00,0.00,0,0,false,false,TIMEOUT
LL,5625,5625,0.00,0.00,0,0,false,false,CONFLICT
LR,5625,5625,0.00,0.00,0,0,false,false,CONFLICT
Leo,5898,5898,90738104.50,378875.00,114688,10,true,true,OK
GLL,5898,5898,8013042.00,118604.00,16384,20,true,true,OK
RNGLR,5898,5898,10343270.50,27291.50,16384,20,true,true,OK
BRNGLR,5898,5898,9815875.00,14958.50,16384,20,true,true,OK
CYK,5898,5898,0.00,0.00,0,0,false,false,TIMEOUT
LL,5898,5898,0.00,0.00,0,0,false,false,CONFLICT
LR,5898,5898,0.00,0.00,0,0,false,false,CONFLICT
Leo,5998,5998,91889875.00,206812.00,32768,10,true,true,OK
GLL,5998,5998,8143499.50,83249.00,32768,20,true,true,OK
RNGLR,5998,5998,8937271.00,30479.00,16384,20,true,true,OK
BRNGLR,5998,5998,8416354.00,46041.50,16384,20,true,true,OK
CYK,5998,5998,0.00,0.00,0,0,false,false,TIMEOUT
LL,5998,5998,0.00,0.00,0,0,false,false,CONFLICT
LR,5998,5998,0.00,0.00,0,0,false,false,CONFLICT
Leo,6048,6048,93397375.00,291666.00,65536,10,true,true,OK
GLL,6048,6048,8350500.00,188562.50,16384,20,true,true,OK
RNGLR,6048,6048,10836042.00,18708.50,16384,20,true,true,OK
BRNGLR,6048,6048,10177041.50,66104.00,16384,20,true,true,OK
CYK,6048,6048,0.00,0.00,0,0,false,false,TIMEOUT
LL,6048,6048,0.00,0.00,0,0,false,false,CONFLICT
LR,6048,6048,0.00,0.00,0,0,false,false,CONFLICT
Leo,6074,6074,87960854.00,241291.50,16384,10,true,true,OK
GLL,6074,6074,8305333.00,40437.50,32768,20,true,true,OK
RNGLR,6074,6074,7890021.00,40187.50,16384,20,true,true,OK
BRNGLR,6074,6074,7314666.50,22083.00,16384,20,true,true,OK
CYK,6074,6074,0.00,0.00,0,0,false,false,TIMEOUT
LL,6074,6074,0.00,0.00,0,0,false,false,CONFLICT
LR,6074,6074,0.00,0.00,0,0,false,false,CONFLICT
Leo,6164,6164,94451583.50,328333.50,16384,10,true,true,OK
GLL,6164,6164,8464271.00,160062.50,16384,20,true,true,OK
RNGLR,6164,6164,8054792.00,27375.00,16384,20,true,true,OK
BRNGLR,6164,6164,7487124.50,25062.00,16384,20,true,true,OK
CYK,6164,6164,0.00,0.00,0,0,false,false,TIMEOUT
LL,6164,6164,0.00,0.00,0,0,false,false,CONFLICT
LR,6164,6164,0.00,0.00,0,0,false,false,CONFLICT
Leo,6186,6186,92475208.50,400375.00,16384,10,true,true,OK
GLL,6186,6186,8401395.50,101708.50,16384,20,true,true,OK
RNGLR,6186,6186,6651520.50,25146.00,16384,20,true,true,OK
BRNGLR,6186,6186,6077145.50,19541.50,16384,20,true,true,OK
CYK,6186,6186,0.00,0.00,0,0,false,false,TIMEOUT
LL,6186,6186,0.00,0.00,0,0,false,false,CONFLICT
LR,6186,6186,0.00,0.00,0,0,false,false,CONFLICT
Leo,6318,6318,96556687.50,176020.50,16384,10,true,true,OK
GLL,6318,6318,8729125.00,84937.50,16384,20,true,true,OK
RNGLR,6318,6318,9718083.00,58729.50,16384,20,true,true,OK
BRNGLR,6318,6318,9128750.00,33625.50,16384,20,true,true,OK
CYK,6318,6318,0.00,0.00,0,0,false,false,TIMEOUT
LL,6318,6318,0.00,0.00,0,0,false,false,CONFLICT
LR,6318,6318,0.00,0.00,0,0,false,false,CONFLICT
Leo,6321,6321,95514458.00,239729.50,16384,10,true,true,OK
GLL,6321,6321,8914063.00,132396.50,16384,20,true,true,OK
RNGLR,6321,6321,9568625.00,65333.50,16384,20,true,true,OK
BRNGLR,6321,6321,8924666.50,56000.00,16384,20,true,true,OK
CYK,6321,6321,0.00,0.00,0,0,false,false,TIMEOUT
LL,6321,6321,0.00,0.00,0,0,false,false,CONFLICT
LR,6321,6321,0.00,0.00,0,0,false,false,CONFLICT
Leo,6385,6385,95021395.50,347103.50,16384,10,true,true,OK
GLL,6385,6385,8645812.50,80104.50,16384,20,true,true,OK
RNGLR,6385,6385,7243813.00,53541.50,16384,20,true,true,OK
BRNGLR,6385,6385,6661229.00,21729.00,16384,20,true,true,OK
CYK,6385,6385,0.00,0.00,0,0,false,false,TIMEOUT
LL,6385,6385,0.00,0.00,0,0,false,false,CONFLICT
LR,6385,6385,0.00,0.00,0,0,false,false,CONFLICT
Leo,6466,6466,99289104.00,244229.00,114688,10,true,true,OK
GLL,6466,6466,8864062.50,54520.50,16384,20,true,true,OK
RNGLR,6466,6466,11960500.00,26063.00,16384,20,true,true,OK
BRNGLR,6466,6466,11384375.00,49020.50,16384,20,true,true,OK
CYK,6466,6466,0.00,0.00,0,0,false,false,TIMEOUT
LL,6466,6466,0.00,0.00,0,0,false,false,CONFLICT
LR,6466,6466,0.00,0.00,0,0,false,false,CONFLICT
Leo,6490,6490,99495896.00,337458.00,81920,10,true,true,OK
GLL,6490,6490,8907875.00,114979.50,16384,20,true,true,OK
RNGLR,6490,6490,11986687.50,100875.00,16384,20,true,true,OK
BRNGLR,6490,6490,11314833.00,62583.00,16384,20,true,true,OK
CYK,6490,6490,0.00,0.00,0,0,false,false,TIMEOUT
LL,6490,6490,0.00,0.00,0,0,false,false,CONFLICT
LR,6490,6490,0.00,0.00,0,0,false,false,CONFLICT
Leo,6491,6491,99884563.00,859979.50,16384,10,true,true,OK
GLL,6491,6491,8968583.50,76687.50,16384,20,true,true,OK
RNGLR,6491,6491,12103021.50,68562.50,16384,20,true,true,OK
BRNGLR,6491,6491,11441187.50,75083.00,16384,20,true,true,OK
CYK,6491,6491,0.00,0.00,0,0,false,false,TIMEOUT
LL,6491,6491,0.00,0.00,0,0,false,false,CONFLICT
LR,6491,6491,0.00,0.00,0,0,false,false,CONFLICT
Leo,6524,6524,101064063.00,1186999.50,98304,10,true,true,OK
GLL,6524,6524,8982583.50,69063.00,16384,20,true,true,OK
RNGLR,6524,6524,12152333.50,34520.50,16384,20,true,true,OK
BRNGLR,6524,6524,11511292.00,50208.50,16384,20,true,true,OK
CYK,6524,6524,0.00,0.00,0,0,false,false,TIMEOUT
LL,6524,6524,0.00,0.00,0,0,false,false,CONFLICT
LR,6524,6524,0.00,0.00,0,0,false,false,CONFLICT
Leo,6549,6549,100288167.00,151458.50,81920,10,true,true,OK
GLL,6549,6549,8898417.00,87146.00,16384,20,true,true,OK
RNGLR,6549,6549,12155958.50,71938.00,16384,20,true,true,OK
BRNGLR,6549,6549,11575500.00,28645.50,16384,20,true,true,OK
CYK,6549,6549,0.00,0.00,0,0,false,false,TIMEOUT
LL,6549,6549,0.00,0.00,0,0,false,false,CONFLICT
LR,6549,6549,0.00,0.00,0,0,false,false,CONFLICT
Leo,6578,6578,100556667.00,60541.00,65536,10,true,true,OK
GLL,6578,6578,8983062.50,106667.00,16384,20,true,true,OK
RNGLR,6578,6578,12315624.50,15250.00,16384,20,true,true,OK
BRNGLR,6578,6578,11692083.50,162479.00,16384,20,true,true,OK
CYK,6578,6578,0.00,0.00,0,0,false,false,TIMEOUT
LL,6578,6578,0.00,0.00,0,0,false,false,CONFLICT
LR,6578,6578,0.00,0.00,0,0,false,false,CONFLICT
Leo,6597,6597,101508937.50,308833.50,98304,10,true,true,OK
GLL,6597,6597,9221604.00,56166.50,32768,20,true,true,OK
RNGLR,6597,6597,12395791.50,34312.50,16384,20,true,true,OK
BRNGLR,6597,6597,11747729.00,66458.50,16384,20,true,true,OK
CYK,6597,6597,0.00,0.00,0,0,false,false,TIMEOUT
LL,6597,6597,0.00,0.00,0,0,false,false,CONFLICT
LR,6597,6597,0.00,0.00,0,0,false,false,CONFLICT
Leo,6657,6657,101848792.00,305271.00,131072,10,true,true,OK
GLL,6657,6657,9057750.00,104812.50,16384,20,true,true,OK
RNGLR,6657,6657,12542646.00,41125.00,16384,20,true,true,OK
BRNGLR,6657,6657,11810833.50,57208.50,16384,20,true,true,OK
CYK,6657,6657,0.00,0.00,0,0,false,false,TIMEOUT
LL,6657,6657,0.00,0.00,0,0,false,false,CONFLICT
LR,6657,6657,0.00,0.00,0,0,false,false,CONFLICT
Leo,6732,6732,102191438.00,222562.50,131072,10,true,true,OK
GLL,6732,6732,9270187.50,130896.00,16384,20,true,true,OK
RNGLR,6732,6732,10120167.00,38042.00,16384,20,true,true,OK
BRNGLR,6732,6732,9416125.00,42896.00,16384,20,true,true,OK
CYK,6732,6732,0.00,0.00,0,0,false,false,TIMEOUT
LL,6732,6732,0.00,0.00,0,0,false,false,CONFLICT
LR,6732,6732,0.00,0.00,0,0,false,false,CONFLICT
Leo,6822,6822,104755917.00,319666.50,81920,10,true,true,OK
GLL,6822,6822,9323624.50,98812.00,16384,20,true,true,OK
RNGLR,6822,6822,13040854.50,33354.50,16384,20,true,true,OK
BRNGLR,6822,6822,12373666.50,90875.00,16384,20,true,true,OK
CYK,6822,6822,0.00,0.00,0,0,false,false,TIMEOUT
LL,6822,6822,0.00,0.00,0,0,false,false,CONFLICT
LR,6822,6822,0.00,0.00,0,0,false,false,CONFLICT
Leo,6866,6866,101204979.50,353437.50,16384,10,true,true,OK
GLL,6866,6866,9409479.50,81104.50,16384,20,true,true,OK
RNGLR,6866,6866,8787791.50,36562.50,16384,20,true,true,OK
BRNGLR,6866,6866,8178521.00,26104.50,16384,20,true,true,OK
CYK,6866,6866,0.00,0.00,0,0,false,false,TIMEOUT
LL,6866,6866,0.00,0.00,0,0,false,false,CONFLICT
LR,6866,6866,0.00,0.00,0,0,false,false,CONFLICT
Leo,6881,6881,101785312.50,209000.00,16384,10,true,true,OK
GLL,6881,6881,9617021.00,72083.50,16384,20,true,true,OK
RNGLR,6881,6881,7540271.50,18813.50,16384,20,true,true,OK
BRNGLR,6881,6881,6914521.50,29583.00,16384,20,true,true,OK
CYK,6881,6881,0.00,0.00,0,0,false,false,TIMEOUT
LL,6881,6881,0.00,0.00,0,0,false,false,CONFLICT
LR,6881,6881,0.00,0.00,0,0,false,false,CONFLICT
Leo,6918,6918,106636499.50,342791.00,65536,10,true,true,OK
GLL,6918,6918,9672624.50,129604.00,16384,20,true,true,OK
RNGLR,6918,6918,13346104.50,29834.00,16384,20,true,true,OK
BRNGLR,6918,6918,12692187.50,77228.50,16384,20,true,true,OK
CYK,6918,6918,0.00,0.00,0,0,false,false,TIMEOUT
LL,6918,6918,0.00,0.00,0,0,false,false,CONFLICT
LR,6918,6918,0.00,0.00,0,0,false,false,CONFLICT
Leo,7184,7184,108931312.50,510999.50,114688,10,true,true,OK
GLL,7184,7184,10292708.50,79667.00,16384,20,true,true,OK
RNGLR,7184,7184,12166229.00,93458.50,16384,20,true,true,OK
BRNGLR,7184,7184,11484728.50,58166.50,16384,20,true,true,OK
CYK,7184,7184,0.00,0.00,0,0,false,false,TIMEOUT
LL,7184,7184,0.00,0.00,0,0,false,false,CONFLICT
LR,7184,7184,0.00,0.00,0,0,false,false,CONFLICT
Leo,7197,7197,110287396.00,276458.50,114688,10,true,true,OK
GLL,7197,7197,9924833.50,94417.00,16384,20,true,true,OK
RNGLR,7197,7197,14285771.00,71770.50,16384,20,true,true,OK
BRNGLR,7197,7197,13656583.50,50083.00,16384,20,true,true,OK
CYK,7197,7197,0.00,0.00,0,0,false,false,TIMEOUT
LL,7197,7197,0.00,0.00,0,0,false,false,CONFLICT
LR,7197,7197,0.00,0.00,0,0,false,false,CONFLICT
Leo,7227,7227,109315229.50,216770.50,16384,10,true,true,OK
GLL,7227,7227,10411187.50,98833.00,32768,20,true,true,OK
RNGLR,7227,7227,11197791.50,31104.00,16384,20,true,true,OK
BRNGLR,7227,7227,10446875.00,86229.50,16384,20,true,true,OK
CYK,7227,7227,0.00,0.00,0,0,false,false,TIMEOUT
LL,7227,7227,0.00,0.00,0,0,false,false,CONFLICT
LR,7227,7227,0.00,0.00,0,0,false,false,CONFLICT
Leo,7229,7229,111630625.00,502249.50,16384,10,true,true,OK
GLL,7229,7229,10172687.50,112562.50,16384,20,true,true,OK
RNGLR,7229,7229,14717562.50,108813.00,16384,20,true,true,OK
BRNGLR,7229,7229,14090187.50,36145.50,16384,20,true,true,OK
CYK,7229,7229,0.00,0.00,0,0,false,false,TIMEOUT
LL,7229,7229,0.00,0.00,0,0,false,false,CONFLICT
LR,7229,7229,0.00,0.00,0,0,false,false,CONFLICT
Leo,7240,7240,110928625.00,590500.00,16384,10,true,true,OK
GLL,7240,7240,9914417.00,56562.50,16384,20,true,true,OK
RNGLR,7240,7240,10186437.00,60979.00,16384,20,true,true,OK
BRNGLR,7240,7240,9574229.00,18166.50,16384,20,true,true,OK
CYK,7240,7240,0.00,0.00,0,0,false,false,TIMEOUT
LL,7240,7240,0.00,0.00,0,0,false,false,CONFLICT
LR,7240,7240,0.00,0.00,0,0,false,false,CONFLICT
Leo,7304,7304,112037812.00,267166.50,16384,10,true,true,OK
GLL,7304,7304,10319229.00,90270.50,16384,20,true,true,OK
RNGLR,7304,7304,14582541.50,32958.50,16384,20,true,true,OK
BRNGLR,7304,7304,13916104.00,48020.50,16384,20,true,true,OK
CYK,7304,7304,0.00,0.00,0,0,false,false,TIMEOUT
LL,7304,7304,0.00,0.00,0,0,false,false,CONFLICT
LR,7304,7304,0.00,0.00,0,0,false,false,CONFLICT
Leo,7472,7472,114807270.50,370375.00,49152,10,true,true,OK
GLL,7472,7472,10553250.00,74333.00,16384,20,true,true,OK
RNGLR,7472,7472,15072583.00,62479.00,16384,20,true,true,OK
BRNGLR,7472,7472,14345271.00,96062.00,16384,20,true,true,OK
CYK,7472,7472,0.00,0.00,0,0,false,false,TIMEOUT
LL,7472,7472,0.00,0.00,0,0,false,false,CONFLICT
LR,7472,7472,0.00,0.00,0,0,false,false,CONFLICT
Leo,7485,7485,112462666.50,361229.50,16384,10,true,true,OK
GLL,7485,7485,10463229.50,77959.00,16384,20,true,true,OK
RNGLR,7485,7485,9631979.00,39978.50,16384,20,true,true,OK
BRNGLR,7485,7485,8909313.00,27291.50,16384,20,true,true,OK
CYK,7485,7485,0.00,0.00,0,0,false,false,TIMEOUT
LL,7485,7485,0.00,0.00,0,0,false,false,CONFLICT
LR,7485,7485,0.00,0.00,0,0,false,false,CONFLICT
Leo,7488,7488,113384375.50,366292.50,16384,10,true,true,OK
GLL,7488,7488,10461562.50,76250.00,16384,20,true,true,OK
RNGLR,7488,7488,11047187.50,58917.00,16384,20,true,true,OK
BRNGLR,7488,7488,10395083.00,21667.00,16384,20,true,true,OK
CYK,7488,7488,0.00,0.00,0,0,false,false,TIMEOUT
LL,7488,7488,0.00,0.00,0,0,false,false,CONFLICT
LR,7488,7488,0.00,0.00,0,0,false,false,CONFLICT
Leo,7596,7596,116936479.00,141749.50,49152,10,true,true,OK
GLL,7596,7596,10756020.50,75209.00,16384,20,true,true,OK
RNGLR,7596,7596,15587541.00,73354.00,16384,20,true,true,OK
BRNGLR,7596,7596,14729563.00,49312.50,16384,20,true,true,OK
CYK,7596,7596,0.00,0.00,0,0,false,false,TIMEOUT
LL,7596,7596,0.00,0.00,0,0,false,false,CONFLICT
LR,7596,7596,0.00,0.00,0,0,false,false,CONFLICT
Leo,7642,7642,114691791.50,294395.50,16384,10,true,true,OK
GLL,7642,7642,10892771.50,51062.00,16384,20,true,true,OK
RNGLR,7642,7642,11982354.00,67125.50,16384,20,true,true,OK
BRNGLR,7642,7642,11416604.00,72521.50,16384,20,true,true,OK
CYK,7642,7642,0.00,0.00,0,0,false,false,TIMEOUT
LL,7642,7642,0.00,0.00,0,0,false,false,CONFLICT
LR,7642,7642,0.00,0.00,0,0,false,false,CONFLICT
Leo,7644,7644,118028312.50,285521.00,65536,10,true,true,OK
GLL,7644,7644,10807354.50,31562.50,16384,20,true,true,OK
RNGLR,7644,7644,15759417.00,22229.50,16384,20,true,true,OK
BRNGLR,7644,7644,15022979.00,43771.00,16384,20,true,true,OK
CYK,7644,7644,0.00,0.00,0,0,false,false,TIMEOUT
LL,7644,7644,0.00,0.00,0,0,false,false,CONFLICT
LR,7644,7644,0.00,0.00,0,0,false,false,CONFLICT
Leo,7750,7750,119819895.50,569354.00,32768,10,true,true,OK
GLL,7750,7750,10989250.00,59854.00,16384,20,true,true,OK
RNGLR,7750,7750,16155312.50,36646.00,16384,20,true,true,OK
BRNGLR,7750,7750,15391666.50,23208.00,16384,20,true,true,OK
CYK,7750,7750,0.00,0.00,0,0,false,false,TIMEOUT
LL,7750,7750,0.00,0.00,0,0,false,false,CONFLICT
LR,7750,7750,0.00,0.00,0,0,false,false,CONFLICT
Leo,7776,7776,118857042.00,214667.50,65536,10,true,true,OK
GLL,7776,7776,11019541.50,52437.50,32768,20,true,true,OK
RNGLR,7776,7776,16091542.00,121312.50,16384,20,true,true,OK
BRNGLR,7776,7776,15436229.50,24604.00,16384,20,true,true,OK
CYK,7776,7776,0.00,0.00,0,0,false,false,TIMEOUT
LL,7776,7776,0.00,0.00,0,0,false,false,CONFLICT
LR,7776,7776,0.00,0.00,0,0,false,false,CONFLICT
Leo,7790,7790,118625020.50,226958.50,16384,10,true,true,OK
GLL,7790,7790,10951896.00,98458.00,16384,20,true,true,OK
RNGLR,7790,7790,11326208.50,16708.50,16384,20,true,true,OK
BRNGLR,7790,7790,10562000.00,40417.00,16384,20,true,true,OK
CYK,7790,7790,0.00,0.00,0,0,false,false,TIMEOUT
LL,7790,7790,0.00,0.00,0,0,false,false,CONFLICT
LR,7790,7790,0.00,0.00,0,0,false,false,CONFLICT
Leo,7812,7812,119066583.00,197000.00,131072,10,true,true,OK
GLL,7812,7812,11144000.00,73666.50,16384,20,true,true,OK
RNGLR,7812,7812,12424000.00,21916.50,16384,20,true,true,OK
BRNGLR,7812,7812,11686437.00,69833.00,16384,20,true,true,OK
CYK,7812,7812,0.00,0.00,0,0,false,false,TIMEOUT
LL,7812,7812,0.00,0.00,0,0,false,false,CONFLICT
LR,7812,7812,0.00,0.00,0,0,false,false,CONFLICT
Leo,7837,7837,120466354.50,257438.00,98304,10,true,true,OK
GLL,7837,7837,11046583.50,86124.50,16384,20,true,true,OK
RNGLR,7837,7837,16409187.50,129020.50,16384,20,true,true,OK
BRNGLR,7837,7837,15861063.00,287479.50,16384,20,true,true,OK
CYK,7837,7837,0.00,0.00,0,0,false,false,TIMEOUT
LL,7837,7837,0.00,0.00,0,0,false,false,CONFLICT
LR,7837,7837,0.00,0.00,0,0,false,false,CONFLICT
Leo,7964,7964,119952521.00,321791.50,16384,10,true,true,OK
GLL,7964,7964,11358958.50,109562.50,16384,20,true,true,OK
RNGLR,7964,7964,10631000.50,74583.00,16384,20,true,true,OK
BRNGLR,7964,7964,9886083.00,25000.00,16384,20,true,true,OK
CYK,7964,7964,0.00,0.00,0,0,false,false,TIMEOUT
LL,7964,7964,0.00,0.00,0,0,false,false,CONFLICT
LR,7964,7964,0.00,0.00,0,0,false,false,CONFLICT
Leo,8051,8051,122707792.00,138146.50,32768,10,true,true,OK
GLL,8051,8051,11417604.00,69479.00,16384,20,true,true,OK
RNGLR,8051,8051,12759333.50,30229.00,16384,20,true,true,OK
BRNGLR,8051,8051,11954750.00,25374.50,16384,20,true,true,OK
CYK,8051,8051,0.00,0.00,0,0,false,false,TIMEOUT
LL,8051,8051,0.00,0.00,0,0,false,false,CONFLICT
LR,8051,8051,0.00,0.00,0,0,false,false,CONFLICT
Leo,8083,8083,123882124.50,395167.00,131072,10,true,true,OK
GLL,8083,8083,11304895.50,73874.50,16384,20,true,true,OK
RNGLR,8083,8083,17380771.00,106396.00,16384,20,true,true,OK
BRNGLR,8083,8083,16600000.50,41646.00,16384,20,true,true,OK
CYK,8083,8083,0.00,0.00,0,0,false,false,TIMEOUT
LL,8083,8083,0.00,0.00,0,0,false,false,CONFLICT
LR,8083,8083,0.00,0.00,0,0,false,false,CONFLICT
Leo,8123,8123,124245937.50,356562.50,81920,10,true,true,OK
GLL,8123,8123,11473000.00,73354.50,16384,20,true,true,OK
RNGLR,8123,8123,17291187.50,88895.50,16384,20,true,true,OK
BRNGLR,8123,8123,16614062.50,26417.00,16384,20,true,true,OK
CYK,8123,8123,0.00,0.00,0,0,false,false,TIMEOUT
LL,8123,8123,0.00,0.00,0,0,false,false,CONFLICT
LR,8123,8123,0.00,0.00,0,0,false,false,CONFLICT
Leo,8177,8177,126273021.00,160209.00,16384,10,true,true,OK
GLL,8177,8177,11564729.00,47999.50,16384,20,true,true,OK
RNGLR,8177,8177,17412500.50,116145.00,16384,20,true,true,OK
BRNGLR,8177,8177,16782063.00,45978.50,32768,20,true,true,OK
CYK,8177,8177,0.00,0.00,0,0,false,false,TIMEOUT
LL,8177,8177,0.00,0.00,0,0,false,false,CONFLICT
LR,8177,8177,0.00,0.00,0,0,false,false,CONFLICT
Leo,8322,8322,127442729.00,194146.00,16384,10,true,true,OK
GLL,8322,8322,11999229.00,52332.50,16384,20,true,true,OK
RNGLR,8322,8322,18180625.00,115979.00,32768,20,true,true,OK
BRNGLR,8322,8322,17199625.50,43770.50,16384,20,true,true,OK
CYK,8322,8322,0.00,0.00,0,0,false,false,TIMEOUT
LL,8322,8322,0.00,0.00,0,0,false,false,CONFLICT
LR,8322,8322,0.00,0.00,0,0,false,false,CONFLICT
Leo,8358,8358,125633083.50,150625.00,16384,10,true,true,OK
GLL,8358,8358,11847291.00,94978.50,16384,20,true,true,OK
RNGLR,8358,8358,16633937.50,99229.50,32768,20,true,true,OK
BRNGLR,8358,8358,15759229.00,60395.50,16384,20,true,true,OK
CYK,8358,8358,0.00,0.00,0,0,false,false,TIMEOUT
LL,8358,8358,0.00,0.00,0,0,false,false,CONFLICT
LR,8358,8358,0.00,0.00,0,0,false,false,CONFLICT
Leo,8425,8425,129769167.00,402271.00,81920,10,true,true,OK
GLL,8425,8425,12020187.50,58583.50,16384,20,true,true,OK
RNGLR,8425,8425,18295020.50,75249.50,16384,20,true,true,OK
BRNGLR,8425,8425,17408292.00,150499.50,16384,20,true,true,OK
CYK,8425,8425,0.00,0.00,0,0,false,false,TIMEOUT
LL,8425,8425,0.00,0.00,0,0,false,false,CONFLICT
LR,8425,8425,0.00,0.00,0,0,false,false,CONFLICT
Leo,8631,8631,133242083.00,726125.00,131072,10,true,true,OK
GLL,8631,8631,12318458.00,52708.50,16384,20,true,true,OK
RNGLR,8631,8631,19098437.00,79708.50,16384,20,true,true,OK
BRNGLR,8631,8631,18398750.00,28562.50,16384,20,true,true,OK
CYK,8631,8631,0.00,0.00,0,0,false,false,TIMEOUT
LL,8631,8631,0.00,0.00,0,0,false,false,CONFLICT
LR,8631,8631,0.00,0.00,0,0,false,false,CONFLICT
Leo,8819,8819,135268604.50,205603.50,65536,10,true,true,OK
GLL,8819,8819,12771938.00,43354.50,16384,20,true,true,OK
RNGLR,8819,8819,19636208.00,70729.50,16384,20,true,true,OK
BRNGLR,8819,8819,18813708.50,112083.50,16384,20,true,true,OK
CYK,8819,8819,0.00,0.00,0,0,false,false,TIMEOUT
LL,8819,8819,0.00,0.00,0,0,false,false,CONFLICT
LR,8819,8819,0.00,0.00,0,0,false,false,CONFLICT
Leo,8941,8941,136648229.50,490604.50,16384,10,true,true,OK
GLL,8941,8941,12833770.50,81916.50,16384,20,true,true,OK
RNGLR,8941,8941,12300875.00,23167.00,16384,20,true,true,OK
BRNGLR,8941,8941,11425541.50,41937.50,16384,20,true,true,OK
CYK,8941,8941,0.00,0.00,0,0,false,false,TIMEOUT
LL,8941,8941,0.00,0.00,0,0,false,false,CONFLICT
LR,8941,8941,0.00,0.00,0,0,false,false,CONFLICT
Leo,9201,9201,138968479.00,522750.00,114688,10,true,true,OK
GLL,9201,9201,13047479.00,63687.50,16384,20,true,true,OK
RNGLR,9201,9201,9865791.50,34604.50,16384,20,true,true,OK
BRNGLR,9201,9201,9060020.50,27875.00,16384,20,true,true,OK
CYK,9201,9201,0.00,0.00,0,0,false,false,TIMEOUT
LL,9201,9201,0.00,0.00,0,0,false,false,CONFLICT
LR,9201,9201,0.00,0.00,0,0,false,false,CONFLICT
Leo,9260,9260,143294479.00,649354.50,49152,10,true,true,OK
GLL,9260,9260,13204188.00,68313.50,16384,20,true,true,OK
RNGLR,9260,9260,21488896.00,46479.00,16384,20,true,true,OK
BRNGLR,9260,9260,20542313.00,54749.50,16384,20,true,true,OK
CYK,9260,9260,0.00,0.00,0,0,false,false,TIMEOUT
LL,9260,9260,0.00,0.00,0,0,false,false,CONFLICT
LR,9260,9260,0.00,0.00,0,0,false,false,CONFLICT
Leo,9413,9413,146256395.50,281625.50,114688,10,true,true,OK
GLL,9413,9413,13443000.50,42230.00,16384,20,true,true,OK
RNGLR,9413,9413,15382208.50,36083.50,16384,20,true,true,OK
BRNGLR,9413,9413,14471354.50,71854.00,16384,20,true,true,OK
CYK,9413,9413,0.00,0.00,0,0,false,false,TIMEOUT
LL,9413,9413,0.00,0.00,0,0,false,false,CONFLICT
LR,9413,9413,0.00,0.00,0,0,false,false,CONFLICT
Leo,9543,9543,148257708.50,182354.50,65536,10,true,true,OK
GLL,9543,9543,13645979.50,50228.50,16384,20,true,true,OK
RNGLR,9543,9543,17587291.50,73687.00,16384,20,true,true,OK
BRNGLR,9543,9543,16608958.50,124063.00,16384,20,true,true,OK
CYK,9543,9543,0.00,0.00,0,0,false,false,TIMEOUT
LL,9543,9543,0.00,0.00,0,0,false,false,CONFLICT
LR,9543,9543,0.00,0.00,0,0,false,false,CONFLICT
Leo,9615,9615,150918354.00,358083.00,81920,10,true,true,OK
GLL,9615,9615,14324354.50,78250.00,16384,20,true,true,OK
RNGLR,9615,9615,15856208.50,102271.00,16384,20,true,true,OK
BRNGLR,9615,9615,15013042.00,15375.00,16384,20,true,true,OK
CYK,9615,9615,0.00,0.00,0,0,false,false,TIMEOUT
LL,9615,9615,0.00,0.00,0,0,false,false,CONFLICT
LR,9615,9615,0.00,0.00,0,0,false,false,CONFLICT
Leo,9774,9774,148471250.00,132833.00,16384,10,true,true,OK
GLL,9774,9774,14987666.50,45749.50,16384,20,true,true,OK
RNGLR,9774,9774,12944312.50,64146.00,16384,20,true,true,OK
BRNGLR,9774,9774,12043895.50,46562.50,16384,20,true,true,OK
CYK,9774,9774,0.00,0.00,0,0,false,false,TIMEOUT
LL,9774,9774,0.00,0.00,0,0,false,false,CONFLICT
LR,9774,9774,0.00,0.00,0,0,false,false,CONFLICT
Leo,9785,9785,153359229.00,135958.50,114688,10,true,true,OK
GLL,9785,9785,14366000.00,31104.50,16384,20,true,true,OK
RNGLR,9785,9785,23816813.00,45854.00,16384,20,true,true,OK
BRNGLR,9785,9785,22760646.00,115750.00,16384,20,true,true,OK
CYK,9785,9785,0.00,0.00,0,0,false,false,TIMEOUT
LL,9785,9785,0.00,0.00,0,0,false,false,CONFLICT
LR,9785,9785,0.00,0.00,0,0,false,false,CONFLICT
Leo,9810,9810,153135979.50,304125.00,114688,10,true,true,OK
GLL,9810,9810,14371500.50,31645.00,16384,20,true,true,OK
RNGLR,9810,9810,23941688.00,122604.00,16384,20,true,true,OK
BRNGLR,9810,9810,22892562.00,33062.50,16384,20,true,true,OK
CYK,9810,9810,0.00,0.00,0,0,false,false,TIMEOUT
LL,9810,9810,0.00,0.00,0,0,false,false,CONFLICT
LR,9810,9810,0.00,0.00,0,0,false,false,CONFLICT
Leo,9876,9876,154708125.00,475583.00,131072,10,true,true,OK
GLL,9876,9876,14571916.00,59250.00,16384,20,true,true,OK
RNGLR,9876,9876,15834458.50,31895.50,16384,20,true,true,OK
BRNGLR,9876,9876,14832270.50,37895.00,16384,20,true,true,OK
CYK,9876,9876,0.00,0.00,0,0,false,false,TIMEOUT
LL,9876,9876,0.00,0.00,0,0,false,false,CONFLICT
LR,9876,9876,0.00,0.00,0,0,false,false,CONFLICT
Leo,9927,9927,155977979.00,135395.50,16384,10,true,true,OK
GLL,9927,9927,14556187.50,31666.50,16384,20,true,true,OK
RNGLR,9927,9927,24545770.50,128708.50,16384,20,true,true,OK
BRNGLR,9927,9927,23484895.50,133792.00,16384,20,true,true,OK
CYK,9927,9927,0.00,0.00,0,0,false,false,TIMEOUT
LL,9927,9927,0.00,0.00,0,0,false,false,CONFLICT
LR,9927,9927,0.00,0.00,0,0,false,false,CONFLICT
Leo,10190,10190,156673396.00,194937.50,114688,10,true,true,OK
GLL,10190,10190,14989125.00,48583.50,16384,20,true,true,OK
RNGLR,10190,10190,13231750.00,47479.00,16384,20,true,true,OK
BRNGLR,10190,10190,12261042.00,33000.00,16384,20,true,true,OK
CYK,10190,10190,0.00,0.00,0,0,false,false,TIMEOUT
LL,10190,10190,0.00,0.00,0,0,false,false,CONFLICT
LR,10190,10190,0.00,0.00,0,0,false,false,CONFLICT
Leo,10765,10765,169007354.00,529312.00,81920,10,true,true,OK
GLL,10765,10765,15733916.50,47583.50,16384,20,true,true,OK
RNGLR,10765,10765,28136938.00,81312.50,16384,18,true,true,OK
BRNGLR,10765,10765,26931584.00,84376.00,16384,19,true,true,OK
CYK,10765,10765,0.00,0.00,0,0,false,false,TIMEOUT
LL,10765,10765,0.00,0.00,0,0,false,false,CONFLICT
LR,10765,10765,0.00,0.00,0,0,false,false,CONFLICT
Leo,11121,11121,173263312.50,306396.00,65536,10,true,true,OK
GLL,11121,11121,16307937.00,71103.50,458752,20,true,true,OK
RNGLR,11121,11121,16007750.00,30875.50,16384,20,true,true,OK
BRNGLR,11121,11121,14956500.00,54604.50,16384,20,true,true,OK
CYK,11121,11121,0.00,0.00,0,0,false,false,TIMEOUT
LL,11121,11121,0.00,0.00,0,0,false,false,CONFLICT
LR,11121,11121,0.00,0.00,0,0,false,false,CONFLICT
Leo,11379,11379,173489896.00,279312.00,16384,10,true,true,OK
GLL,11379,11379,17826479.00,56291.50,49152,20,true,true,OK
RNGLR,11379,11379,15762083.00,38729.00,16384,20,true,true,OK
BRNGLR,11379,11379,14735187.50,44979.00,16384,20,true,true,OK
CYK,11379,11379,0.00,0.00,0,0,false,false,TIMEOUT
LL,11379,11379,0.00,0.00,0,0,false,false,CONFLICT
LR,11379,11379,0.00,0.00,0,0,false,false,CONFLICT
Leo,11634,11634,182432041.50,652979.50,131072,10,true,true,OK
GLL,11634,11634,18272791.50,61604.50,65536,20,true,true,OK
RNGLR,11634,11634,17426395.50,46791.50,16384,20,true,true,OK
BRNGLR,11634,11634,16357729.50,60666.50,16384,20,true,true,OK
CYK,11634,11634,0.00,0.00,0,0,false,false,TIMEOUT
LL,11634,11634,0.00,0.00,0,0,false,false,CONFLICT
LR,11634,11634,0.00,0.00,0,0,false,false,CONFLICT
Leo,11709,11709,183717208.50,211062.50,81920,10,true,true,OK
GLL,11709,11709,18214958.50,68875.00,32768,20,true,true,OK
RNGLR,11709,11709,19625125.00,76791.50,16384,20,true,true,OK
BRNGLR,11709,11709,18498625.50,51562.00,16384,20,true,true,OK
CYK,11709,11709,0.00,0.00,0,0,false,false,TIMEOUT
LL,11709,11709,0.00,0.00,0,0,false,false,CONFLICT
LR,11709,11709,0.00,0.00,0,0,false,false,CONFLICT
Leo,11947,11947,186182812.50,574062.50,49152,10,true,true,OK
GLL,11947,11947,18575021.00,48208.50,49152,20,true,true,OK
RNGLR,11947,11947,18407000.00,47416.50,16384,20,true,true,OK
BRNGLR,11947,11947,17369542.00,35084.00,16384,20,true,true,OK
CYK,11947,11947,0.00,0.00,0,0,false,false,TIMEOUT
LL,11947,11947,0.00,0.00,0,0,false,false,CONFLICT
LR,11947,11947,0.00,0.00,0,0,false,false,CONFLICT
Leo,12008,12008,186435354.00,315896.00,98304,10,true,true,OK
GLL,12008,12008,18892478.50,53478.50,376832,20,true,true,OK
RNGLR,12008,12008,16654958.50,42021.00,16384,20,true,true,OK
BRNGLR,12008,12008,15617021.00,32937.00,16384,20,true,true,OK
CYK,12008,12008,0.00,0.00,0,0,false,false,TIMEOUT
LL,12008,12008,0.00,0.00,0,0,false,false,CONFLICT
LR,12008,12008,0.00,0.00,0,0,false,false,CONFLICT
Leo,12014,12014,183005458.50,410271.50,16384,10,true,true,OK
GLL,12014,12014,19016937.50,64270.50,16384,20,true,true,OK
RNGLR,12014,12014,12959125.00,29333.00,16384,20,true,true,OK
BRNGLR,12014,12014,11875812.00,49854.00,16384,20,true,true,OK
CYK,12014,12014,0.00,0.00,0,0,false,false,TIMEOUT
LL,12014,12014,0.00,0.00,0,0,false,false,CONFLICT
LR,12014,12014,0.00,0.00,0,0,false,false,CONFLICT
Leo,12046,12046,191571937.00,288000.00,65536,10,true,true,OK
GLL,12046,12046,18789166.50,47791.50,16384,20,true,true,OK
RNGLR,12046,12046,34226250.00,24750.00,16384,15,true,true,OK
BRNGLR,12046,12046,32862437.50,198562.00,16384,16,true,true,OK
CYK,12046,12046,0.00,0.00,0,0,false,false,TIMEOUT
LL,12046,12046,0.00,0.00,0,0,false,false,CONFLICT
LR,12046,12046,0.00,0.00,0,0,false,false,CONFLICT
Leo,12335,12335,191956771.00,579583.50,65536,10,true,true,OK
GLL,12335,12335,19273041.50,54562.50,65536,20,true,true,OK
RNGLR,12335,12335,18430312.00,56728.50,32768,20,true,true,OK
BRNGLR,12335,12335,17296562.50,29395.50,16384,20,true,true,OK
CYK,12335,12335,0.00,0.00,0,0,false,false,TIMEOUT
LL,12335,12335,0.00,0.00,0,0,false,false,CONFLICT
LR,12335,12335,0.00,0.00,0,0,false,false,CONFLICT
Leo,12410,12410,196592583.50,321833.50,16384,10,true,true,OK
GLL,12410,12410,19236500.00,63187.00,32768,20,true,true,OK
RNGLR,12410,12410,35952729.50,85395.50,16384,14,true,true,OK
BRNGLR,12410,12410,34591292.00,62292.00,16384,15,true,true,OK
CYK,12410,12410,0.00,0.00,0,0,false,false,TIMEOUT
LL,12410,12410,0.00,0.00,0,0,false,false,CONFLICT
LR,12410,12410,0.00,0.00,0,0,false,false,CONFLICT
Leo,12455,12455,197225292.00,124708.00,81920,10,true,true,OK
GLL,12455,12455,19302583.50,53041.50,16384,20,true,true,OK
RNGLR,12455,12455,24750895.50,73146.00,16384,20,true,true,OK
BRNGLR,12455,12455,23573583.50,65583.50,16384,20,true,true,OK
CYK,12455,12455,0.00,0.00,0,0,false,false,TIMEOUT
LL,12455,12455,0.00,0.00,0,0,false,false,CONFLICT
LR,12455,12455,0.00,0.00,0,0,false,false,CONFLICT
Leo,12461,12461,193136208.50,244791.50,16384,10,true,true,OK
GLL,12461,12461,19385250.00,72187.50,16384,20,true,true,OK
RNGLR,12461,12461,16120791.50,43270.50,16384,20,true,true,OK
BRNGLR,12461,12461,14894500.50,71271.50,16384,20,true,true,OK
CYK,12461,12461,0.00,0.00,0,0,false,false,TIMEOUT
LL,12461,12461,0.00,0.00,0,0,false,false,CONFLICT
LR,12461,12461,0.00,0.00,0,0,false,false,CONFLICT
Leo,12483,12483,192948624.50,300812.00,16384,10,true,true,OK
GLL,12483,12483,19575750.00,49958.00,16384,20,true,true,OK
RNGLR,12483,12483,16094666.50,42375.00,16384,20,true,true,OK
BRNGLR,12483,12483,15009791.50,57104.00,16384,20,true,true,OK
CYK,12483,12483,0.00,0.00,0,0,false,false,TIMEOUT
LL,12483,12483,0.00,0.00,0,0,false,false,CONFLICT
LR,12483,12483,0.00,0.00,0,0,false,false,CONFLICT
Leo,12526,12526,198760979.50,284166.50,65536,10,true,true,OK
GLL,12526,12526,19438791.50,42270.50,32768,20,true,true,OK
RNGLR,12526,12526,36522333.00,110771.00,16384,14,true,true,OK
BRNGLR,12526,12526,35385458.00,227750.00,16384,15,true,true,OK
CYK,12526,12526,0.00,0.00,0,0,false,false,TIMEOUT
LL,12526,12526,0.00,0.00,0,0,false,false,CONFLICT
LR,12526,12526,0.00,0.00,0,0,false,false,CONFLICT
Leo,12586,12586,195029958.50,321187.50,16384,10,true,true,OK
GLL,12586,12586,19330687.50,57937.50,16384,20,true,true,OK
RNGLR,12586,12586,16772708.00,42958.50,16384,20,true,true,OK
BRNGLR,12586,12586,15645499.50,55979.50,16384,20,true,true,OK
CYK,12586,12586,0.00,0.00,0,0,false,false,TIMEOUT
LL,12586,12586,0.00,0.00,0,0,false,false,CONFLICT
LR,12586,12586,0.00,0.00,0,0,false,false,CONFLICT
Leo,12615,12615,199109791.50,368667.00,114688,10,true,true,OK
GLL,12615,12615,19207583.50,73563.00,32768,20,true,true,OK
RNGLR,12615,12615,24783562.00,45647.00,16384,20,true,true,OK
BRNGLR,12615,12615,23498041.50,59146.00,16384,20,true,true,OK
CYK,12615,12615,0.00,0.00,0,0,false,false,TIMEOUT
LL,12615,12615,0.00,0.00,0,0,false,false,CONFLICT
LR,12615,12615,0.00,0.00,0,0,false,false,CONFLICT
Leo,12674,12674,196474104.00,232979.50,16384,10,true,true,OK
GLL,12674,12674,19453041.50,58979.00,16384,20,true,true,OK
RNGLR,12674,12674,23403375.50,72354.00,16384,20,true,true,OK
BRNGLR,12674,12674,22155604.00,67979.00,16384,20,true,true,OK
CYK,12674,12674,0.00,0.00,0,0,false,false,TIMEOUT
LL,12674,12674,0.00,0.00,0,0,false,false,CONFLICT
LR,12674,12674,0.00,0.00,0,0,false,false,CONFLICT
Leo,12718,12718,202656729.50,239082.50,65536,10,true,true,OK
GLL,12718,12718,19860645.50,97333.50,32768,20,true,true,OK
RNGLR,12718,12718,37578520.50,118000.00,16384,14,true,true,OK
BRNGLR,12718,12718,36085416.50,66708.00,16384,14,true,true,OK
CYK,12718,12718,0.00,0.00,0,0,false,false,TIMEOUT
LL,12718,12718,0.00,0.00,0,0,false,false,CONFLICT
LR,12718,12718,0.00,0.00,0,0,false,false,CONFLICT
Leo,12728,12728,198647895.50,232562.50,16384,10,true,true,OK
GLL,12728,12728,19715416.50,82291.50,16384,20,true,true,OK
RNGLR,12728,12728,35793292.00,57000.00,16384,14,true,true,OK
BRNGLR,12728,12728,34490917.00,156001.00,16384,15,true,true,OK
CYK,12728,12728,0.00,0.00,0,0,false,false,TIMEOUT
LL,12728,12728,0.00,0.00,0,0,false,false,CONFLICT
LR,12728,12728,0.00,0.00,0,0,false,false,CONFLICT
Leo,12822,12822,201649500.00,586583.00,65536,10,true,true,OK
GLL,12822,12822,19900333.50,97750.00,32768,20,true,true,OK
RNGLR,12822,12822,37857478.50,64730.00,16384,14,true,true,OK
BRNGLR,12822,12822,36397104.50,49083.50,16384,14,true,true,OK
CYK,12822,12822,0.00,0.00,0,0,false,false,TIMEOUT
LL,12822,12822,0.00,0.00,0,0,false,false,CONFLICT
LR,12822,12822,0.00,0.00,0,0,false,false,CONFLICT
Leo,13249,13249,208689541.50,275958.00,32768,10,true,true,OK
GLL,13249,13249,20728020.50,81708.00,81920,20,true,true,OK
RNGLR,13249,13249,39979375.00,84250.00,16384,13,true,true,OK
BRNGLR,13249,13249,38489208.00,65834.00,16384,13,true,true,OK
CYK,13249,13249,0.00,0.00,0,0,false,false,TIMEOUT
LL,13249,13249,0.00,0.00,0,0,false,false,CONFLICT
LR,13249,13249,0.00,0.00,0,0,false,false,CONFLICT
Leo,13845,13845,219894187.00,154979.50,98304,10,true,true,OK
GLL,13845,13845,21328917.00,81458.50,114688,20,true,true,OK
RNGLR,13845,13845,40016750.00,80917.00,16384,13,true,true,OK
BRNGLR,13845,13845,38452541.00,93459.00,16384,13,true,true,OK
CYK,13845,13845,0.00,0.00,0,0,false,false,TIMEOUT
LL,13845,13845,0.00,0.00,0,0,false,false,CONFLICT
LR,13845,13845,0.00,0.00,0,0,false,false,CONFLICT
Leo,14055,14055,221201854.00,186458.00,98304,10,true,true,OK
GLL,14055,14055,21656833.00,60562.50,49152,20,true,true,OK
RNGLR,14055,14055,22070854.00,86542.00,16384,20,true,true,OK
BRNGLR,14055,14055,20760958.50,67771.00,16384,20,true,true,OK
CYK,14055,14055,0.00,0.00,0,0,false,false,TIMEOUT
LL,14055,14055,0.00,0.00,0,0,false,false,CONFLICT
LR,14055,14055,0.00,0.00,0,0,false,false,CONFLICT
Leo,14154,14154,225907229.00,450375.00,16384,10,true,true,OK
GLL,14154,14154,21902333.00,82666.00,32768,20,true,true,OK
RNGLR,14154,14154,45303125.00,42083.50,16384,12,true,true,OK
BRNGLR,14154,14154,43628521.00,76770.50,16384,12,true,true,OK
CYK,14154,14154,0.00,0.00,0,0,false,false,TIMEOUT
LL,14154,14154,0.00,0.00,0,0,false,false,CONFLICT
LR,14154,14154,0.00,0.00,0,0,false,false,CONFLICT
Leo,14266,14266,227451437.00,324875.00,81920,10,true,true,OK
GLL,14266,14266,22151875.00,25312.50,32768,20,true,true,OK
RNGLR,14266,14266,45760583.00,50292.00,16384,11,true,true,OK
BRNGLR,14266,14266,44125604.50,33645.50,16384,12,true,true,OK
CYK,14266,14266,0.00,0.00,0,0,false,false,TIMEOUT
LL,14266,14266,0.00,0.00,0,0,false,false,CONFLICT
LR,14266,14266,0.00,0.00,0,0,false,false,CONFLICT
Leo,14397,14397,228953354.50,263416.50,49152,10,true,true,OK
GLL,14397,14397,22563729.50,49271.00,32768,20,true,true,OK
RNGLR,14397,14397,46907042.00,101708.00,16384,11,true,true,OK
BRNGLR,14397,14397,45234228.50,34416.50,16384,12,true,true,OK
CYK,14397,14397,0.00,0.00,0,0,false,false,TIMEOUT
LL,14397,14397,0.00,0.00,0,0,false,false,CONFLICT
LR,14397,14397,0.00,0.00,0,0,false,false,CONFLICT
Leo,14707,14707,233404771.00,95187.50,16384,10,true,true,OK
GLL,14707,14707,23104500.00,74250.00,65536,20,true,true,OK
RNGLR,14707,14707,48750917.00,76458.00,1032192,11,true,true,OK
BRNGLR,14707,14707,46827958.00,34042.00,16384,11,true,true,OK
CYK,14707,14707,0.00,0.00,0,0,false,false,TIMEOUT
LL,14707,14707,0.00,0.00,0,0,false,false,CONFLICT
LR,14707,14707,0.00,0.00,0,0,false,false,CONFLICT
Leo,14820,14820,235192749.50,711999.50,65536,10,true,true,OK
GLL,14820,14820,23147312.00,49562.50,32768,20,true,true,OK
RNGLR,14820,14820,49373209.00,66209.00,16384,11,true,true,OK
BRNGLR,14820,14820,47542417.00,60626.00,16384,11,true,true,OK
CYK,14820,14820,0.00,0.00,0,0,false,false,TIMEOUT
LL,14820,14820,0.00,0.00,0,0,false,false,CONFLICT
LR,14820,14820,0.00,0.00,0,0,false,false,CONFLICT
Leo,14821,14821,232158062.50,224792.00,16384,10,true,true,OK
GLL,14821,14821,23199333.50,89541.00,16384,20,true,true,OK
RNGLR,14821,14821,19198937.50,57896.00,16384,20,true,true,OK
BRNGLR,14821,14821,17742791.50,51416.50,16384,20,true,true,OK
CYK,14821,14821,0.00,0.00,0,0,false,false,TIMEOUT
LL,14821,14821,0.00,0.00,0,0,false,false,CONFLICT
LR,14821,14821,0.00,0.00,0,0,false,false,CONFLICT
Leo,15018,15018,239469062.50,277812.50,65536,10,true,true,OK
GLL,15018,15018,23480770.50,104417.00,49152,20,true,true,OK
RNGLR,15018,15018,50523333.50,73292.00,16384,10,true,true,OK
BRNGLR,15018,15018,48578167.00,91958.00,16384,11,true,true,OK
CYK,15018,15018,0.00,0.00,0,0,false,false,TIMEOUT
LL,15018,15018,0.00,0.00,0,0,false,false,CONFLICT
LR,15018,15018,0.00,0.00,0,0,false,false,CONFLICT
Leo,15187,15187,239920729.50,337979.00,32768,10,true,true,OK
GLL,15187,15187,23687291.50,96416.00,49152,20,true,true,OK
RNGLR,15187,15187,36035812.50,65479.50,16384,14,true,true,OK
BRNGLR,15187,15187,34366583.00,38709.00,16384,15,true,true,OK
CYK,15187,15187,0.00,0.00,0,0,false,false,TIMEOUT
LL,15187,15187,0.00,0.00,0,0,false,false,CONFLICT
LR,15187,15187,0.00,0.00,0,0,false,false,CONFLICT
Leo,15368,15368,244384812.50,182770.50,114688,10,true,true,OK
GLL,15368,15368,23987062.50,48750.00,49152,20,true,true,OK
RNGLR,15368,15368,52489000.00,90875.00,98304,10,true,true,OK
BRNGLR,15368,15368,50508208.00,152959.00,16384,10,true,true,OK
CYK,15368,15368,0.00,0.00,0,0,false,false,TIMEOUT
LL,15368,15368,0.00,0.00,0,0,false,false,CONFLICT
LR,15368,15368,0.00,0.00,0,0,false,false,CONFLICT
Leo,15494,15494,246509083.50,339145.50,81920,10,true,true,OK
GLL,15494,15494,24163833.00,82083.50,32768,20,true,true,OK
RNGLR,15494,15494,53347646.00,116812.50,16384,10,true,true,OK
BRNGLR,15494,15494,51351624.50,74916.00,16384,10,true,true,OK
CYK,15494,15494,0.00,0.00,0,0,false,false,TIMEOUT
LL,15494,15494,0.00,0.00,0,0,false,false,CONFLICT
LR,15494,15494,0.00,0.00,0,0,false,false,CONFLICT
Leo,15565,15565,247840000.00,415771.00,81920,10,true,true,OK
GLL,15565,15565,24137979.00,126666.50,16384,20,true,true,OK
RNGLR,15565,15565,53725208.50,60667.00,16384,10,true,true,OK
BRNGLR,15565,15565,51653354.00,102354.50,16384,10,true,true,OK
CYK,15565,15565,0.00,0.00,0,0,false,false,TIMEOUT
LL,15565,15565,0.00,0.00,0,0,false,false,CONFLICT
LR,15565,15565,0.00,0.00,0,0,false,false,CONFLICT
Leo,15630,15630,249138687.50,608125.50,16384,10,true,true,OK
GLL,15630,15630,24196395.50,66062.50,32768,20,true,true,OK
RNGLR,15630,15630,53975729.00,79167.00,16384,10,true,true,OK
BRNGLR,15630,15630,52166770.50,47666.50,16384,10,true,true,OK
CYK,15630,15630,0.00,0.00,0,0,false,false,TIMEOUT
LL,15630,15630,0.00,0.00,0,0,false,false,CONFLICT
LR,15630,15630,0.00,0.00,0,0,false,false,CONFLICT
Leo,15861,15861,252560187.00,439291.00,114688,10,true,true,OK
GLL,15861,15861,24601729.00,128541.50,49152,20,true,true,OK
RNGLR,15861,15861,55501437.50,61687.50,16384,10,true,true,OK
BRNGLR,15861,15861,53563916.50,63292.00,16384,10,true,true,OK
CYK,15861,15861,0.00,0.00,0,0,false,false,TIMEOUT
LL,15861,15861,0.00,0.00,0,0,false,false,CONFLICT
LR,15861,15861,0.00,0.00,0,0,false,false,CONFLICT
Leo,16096,16096,252110937.50,640167.00,16384,10,true,true,OK
GLL,16096,16096,25070875.00,80229.00,49152,20,true,true,OK
RNGLR,16096,16096,28471499.50,51374.50,16384,18,true,true,OK
BRNGLR,16096,16096,26819958.00,75167.00,16384,19,true,true,OK
CYK,16096,16096,0.00,0.00,0,0,false,false,TIMEOUT
LL,16096,16096,0.00,0.00,0,0,false,false,CONFLICT
LR,16096,16096,0.00,0.00,0,0,false,false,CONFLICT
Leo,16698,16698,267723937.00,425354.00,32768,10,true,true,OK
GLL,16698,16698,28364978.50,117271.50,65536,18,true,true,OK
RNGLR,16698,16698,60947875.00,40312.50,98304,10,true,true,OK
BRNGLR,16698,16698,58994333.00,106291.50,16384,10,true,true,OK
CYK,16698,16698,0.00,0.00,0,0,false,false,TIMEOUT
LL,16698,16698,0.00,0.00,0,0,false,false,CONFLICT
LR,16698,16698,0.00,0.00,0,0,false,false,CONFLICT
Leo,16973,16973,270257645.50,159854.50,65536,10,true,true,OK
GLL,16973,16973,28334458.00,76521.00,753664,18,true,true,OK
RNGLR,16973,16973,62615625.00,70333.00,835584,10,true,true,OK
BRNGLR,16973,16973,60589958.50,35875.50,16384,10,true,true,OK
CYK,16973,16973,0.00,0.00,0,0,false,false,TIMEOUT
LL,16973,16973,0.00,0.00,0,0,false,false,CONFLICT
LR,16973,16973,0.00,0.00,0,0,false,false,CONFLICT
Leo,17274,17274,276892271.00,376291.00,32768,10,true,true,OK
GLL,17274,17274,29256917.00,121833.50,16384,18,true,true,OK
RNGLR,17274,17274,64722333.50,67750.00,16384,10,true,true,OK
BRNGLR,17274,17274,62631791.50,54312.50,16384,10,true,true,OK
CYK,17274,17274,0.00,0.00,0,0,false,false,TIMEOUT
LL,17274,17274,0.00,0.00,0,0,false,false,CONFLICT
LR,17274,17274,0.00,0.00,0,0,false,false,CONFLICT
Leo,17444,17444,273819937.50,301771.00,16384,10,true,true,OK
GLL,17444,17444,29431917.00,108959.00,2080768,17,true,true,OK
RNGLR,17444,17444,37780854.50,73937.00,65536,14,true,true,OK
BRNGLR,17444,17444,36073625.00,84333.50,16384,14,true,true,OK
CYK,17444,17444,0.00,0.00,0,0,false,false,TIMEOUT
LL,17444,17444,0.00,0.00,0,0,false,false,CONFLICT
LR,17444,17444,0.00,0.00,0,0,false,false,CONFLICT
Leo,17664,17664,280645500.00,281500.00,65536,10,true,true,OK
GLL,17664,17664,29987917.00,180709.00,98304,17,true,true,OK
RNGLR,17664,17664,64002479.00,119105.00,49152,10,true,true,OK
BRNGLR,17664,17664,61773291.50,114208.00,16384,10,true,true,OK
CYK,17664,17664,0.00,0.00,0,0,false,false,TIMEOUT
LL,17664,17664,0.00,0.00,0,0,false,false,CONFLICT
LR,17664,17664,0.00,0.00,0,0,false,false,CONFLICT
Leo,17703,17703,281475958.00,236271.50,32768,10,true,true,OK
GLL,17703,17703,29864125.00,124125.00,606208,17,true,true,OK
RNGLR,17703,17703,50857458.50,136250.00,16384,10,true,true,OK
BRNGLR,17703,17703,48704375.00,200020.50,16384,10,true,true,OK
CYK,17703,17703,0.00,0.00,0,0,false,false,TIMEOUT
LL,17703,17703,0.00,0.00,0,0,false,false,CONFLICT
LR,17703,17703,0.00,0.00,0,0,false,false,CONFLICT
Leo,17802,17802,283088000.00,479312.50,16384,10,true,true,OK
GLL,17802,17802,29406083.00,111416.00,1687552,17,true,true,OK
RNGLR,17802,17802,37353208.00,56521.00,32768,14,true,true,OK
BRNGLR,17802,17802,35552666.00,58666.00,16384,15,true,true,OK
CYK,17802,17802,0.00,0.00,0,0,false,false,TIMEOUT
LL,17802,17802,0.00,0.00,0,0,false,false,CONFLICT
LR,17802,17802,0.00,0.00,0,0,false,false,CONFLICT
Leo,17852,17852,284846833.50,290000.50,65536,10,true,true,OK
GLL,17852,17852,29416959.00,78334.00,1458176,17,true,true,OK
RNGLR,17852,17852,33610500.00,99625.00,868352,15,true,true,OK
BRNGLR,17852,17852,31683312.50,42083.50,16384,16,true,true,OK
CYK,17852,17852,0.00,0.00,0,0,false,false,TIMEOUT
LL,17852,17852,0.00,0.00,0,0,false,false,CONFLICT
LR,17852,17852,0.00,0.00,0,0,false,false,CONFLICT
Leo,17946,17946,284816895.50,404854.50,65536,10,true,true,OK
GLL,17946,17946,30010417.00,140916.00,2686976,17,true,true,OK
RNGLR,17946,17946,30950209.00,47418.00,868352,17,true,true,OK
BRNGLR,17946,17946,29126646.00,88291.50,16384,18,true,true,OK
CYK,17946,17946,0.00,0.00,0,0,false,false,TIMEOUT
LL,17946,17946,0.00,0.00,0,0,false,false,CONFLICT
LR,17946,17946,0.00,0.00,0,0,false,false,CONFLICT
Leo,18040,18040,285546042.00,602292.00,131072,10,true,true,OK
GLL,18040,18040,30049959.00,78542.00,2211840,17,true,true,OK
RNGLR,18040,18040,30253041.00,53791.00,868352,17,true,true,OK
BRNGLR,18040,18040,28457916.50,50208.50,16384,18,true,true,OK
CYK,18040,18040,0.00,0.00,0,0,false,false,TIMEOUT
LL,18040,18040,0.00,0.00,0,0,false,false,CONFLICT
LR,18040,18040,0.00,0.00,0,0,false,false,CONFLICT
Leo,18110,18110,290396458.50,384249.50,114688,10,true,true,OK
GLL,18110,18110,30116834.00,304459.00,2195456,17,true,true,OK
RNGLR,18110,18110,70223916.50,74395.50,16384,10,true,true,OK
BRNGLR,18110,18110,67987937.50,105271.00,16384,10,true,true,OK
CYK,18110,18110,0.00,0.00,0,0,false,false,TIMEOUT
LL,18110,18110,0.00,0.00,0,0,false,false,CONFLICT
LR,18110,18110,0.00,0.00,0,0,false,false,CONFLICT
Leo,18274,18274,292733645.50,423125.00,65536,10,true,true,OK
GLL,18274,18274,30092125.00,104667.00,1458176,17,true,true,OK
RNGLR,18274,18274,45398667.00,102750.00,16384,11,true,true,OK
BRNGLR,18274,18274,43231812.50,111292.00,16384,12,true,true,OK
CYK,18274,18274,0.00,0.00,0,0,false,false,TIMEOUT
LL,18274,18274,0.00,0.00,0,0,false,false,CONFLICT
LR,18274,18274,0.00,0.00,0,0,false,false,CONFLICT
Leo,18320,18320,291165583.00,547291.00,16384,10,true,true,OK
GLL,18320,18320,30406583.00,134916.00,1605632,17,true,true,OK
RNGLR,18320,18320,33274395.50,60583.00,16384,16,true,true,OK
BRNGLR,18320,18320,31362333.00,49812.00,16384,16,true,true,OK
CYK,18320,18320,0.00,0.00,0,0,false,false,TIMEOUT
LL,18320,18320,0.00,0.00,0,0,false,false,CONFLICT
LR,18320,18320,0.00,0.00,0,0,false,false,CONFLICT
Leo,18374,18374,291543875.00,494041.50,98304,10,true,true,OK
GLL,18374,18374,30505500.00,72791.00,4456448,17,true,true,OK
RNGLR,18374,18374,27482375.00,52250.00,16384,19,true,true,OK
BRNGLR,18374,18374,25719187.50,40208.50,16384,20,true,true,OK
CYK,18374,18374,0.00,0.00,0,0,false,false,TIMEOUT
LL,18374,18374,0.00,0.00,0,0,false,false,CONFLICT
LR,18374,18374,0.00,0.00,0,0,false,false,CONFLICT
Leo,18421,18421,293987167.00,543270.50,32768,10,true,true,OK
GLL,18421,18421,30741500.00,143250.00,16384,17,true,true,OK
RNGLR,18421,18421,72221562.50,113458.00,16384,10,true,true,OK
BRNGLR,18421,18421,70213729.50,218604.50,16384,10,true,true,OK
CYK,18421,18421,0.00,0.00,0,0,false,false,TIMEOUT
LL,18421,18421,0.00,0.00,0,0,false,false,CONFLICT
LR,18421,18421,0.00,0.00,0,0,false,false,CONFLICT
Leo,18485,18485,287232291.50,779333.00,16384,10,true,true,OK
GLL,18485,18485,30866667.00,82541.00,2179072,17,true,true,OK
RNGLR,18485,18485,25270833.00,77020.50,868352,20,true,true,OK
BRNGLR,18485,18485,23460145.50,31916.00,16384,20,true,true,OK
CYK,18485,18485,0.00,0.00,0,0,false,false,TIMEOUT
LL,18485,18485,0.00,0.00,0,0,false,false,CONFLICT
LR,18485,18485,0.00,0.00,0,0,false,false,CONFLICT
Leo,18545,18545,298270500.50,672666.50,65536,10,true,true,OK
GLL,18545,18545,30984417.00,77709.00,16384,17,true,true,OK
RNGLR,18545,18545,73283354.00,95854.00,16384,10,true,true,OK
BRNGLR,18545,18545,71117791.50,125563.00,16384,10,true,true,OK
CYK,18545,18545,0.00,0.00,0,0,false,false,TIMEOUT
LL,18545,18545,0.00,0.00,0,0,false,false,CONFLICT
LR,18545,18545,0.00,0.00,0,0,false,false,CONFLICT
Leo,18661,18661,297291000.00,113562.50,16384,10,true,true,OK
GLL,18661,18661,31179854.00,103166.50,1130496,16,true,true,OK
RNGLR,18661,18661,40805834.00,84918.00,16384,13,true,true,OK
BRNGLR,18661,18661,38613750.00,40667.00,32768,13,true,true,OK
CYK,18661,18661,0.00,0.00,0,0,false,false,TIMEOUT
LL,18661,18661,0.00,0.00,0,0,false,false,CONFLICT
LR,18661,18661,0.00,0.00,0,0,false,false,CONFLICT
Leo,18834,18834,353092583.00,3237270.50,49152,10,true,true,OK
GLL,18834,18834,31612854.00,111666.50,32768,16,true,true,OK
RNGLR,18834,18834,74904604.00,64479.00,32768,10,true,true,OK
BRNGLR,18834,18834,72699083.50,53541.50,16384,10,true,true,OK
CYK,18834,18834,0.00,0.00,0,0,false,false,TIMEOUT
LL,18834,18834,0.00,0.00,0,0,false,false,CONFLICT
LR,18834,18834,0.00,0.00,0,0,false,false,CONFLICT
Leo,18966,18966,342310625.00,2321833.50,49152,10,true,true,OK
GLL,18966,18966,31787563.00,130332.50,49152,16,true,true,OK
RNGLR,18966,18966,75753250.00,126645.50,32768,10,true,true,OK
BRNGLR,18966,18966,73472083.00,176957.50,16384,10,true,true,OK
CYK,18966,18966,0.00,0.00,0,0,false,false,TIMEOUT
LL,18966,18966,0.00,0.00,0,0,false,false,CONFLICT
LR,18966,18966,0.00,0.00,0,0,false,false,CONFLICT
Leo,18991,18991,346503104.00,7317250.00,81920,10,true,true,OK
GLL,18991,18991,31515583.00,92437.50,32768,16,true,true,OK
RNGLR,18991,18991,76235083.00,72209.00,16384,10,true,true,OK
BRNGLR,18991,18991,74181541.50,74000.00,16384,10,true,true,OK
CYK,18991,18991,0.00,0.00,0,0,false,false,TIMEOUT
LL,18991,18991,0.00,0.00,0,0,false,false,CONFLICT
LR,18991,18991,0.00,0.00,0,0,false,false,CONFLICT
Leo,19394,19394,344480499.50,3491166.50,16384,10,true,true,OK
GLL,19394,19394,35209958.00,184625.00,2457600,15,true,true,OK
RNGLR,19394,19394,29878584.00,69584.00,65536,17,true,true,OK
BRNGLR,19394,19394,28163833.00,41333.50,32768,18,true,true,OK
CYK,19394,19394,0.00,0.00,0,0,false,false,TIMEOUT
LL,19394,19394,0.00,0.00,0,0,false,false,CONFLICT
LR,19394,19394,0.00,0.00,0,0,false,false,CONFLICT
Leo,19422,19422,356660520.50,2839813.00,114688,10,true,true,OK
GLL,19422,19422,34095833.00,109958.00,606208,15,true,true,OK
RNGLR,19422,19422,70747916.00,168354.00,933888,10,true,true,OK
BRNGLR,19422,19422,68730646.50,90770.50,16384,10,true,true,OK
CYK,19422,19422,0.00,0.00,0,0,false,false,TIMEOUT
LL,19422,19422,0.00,0.00,0,0,false,false,CONFLICT
LR,19422,19422,0.00,0.00,0,0,false,false,CONFLICT
Leo,19622,19622,357225229.00,3745958.00,131072,10,true,true,OK
GLL,19622,19622,34610375.00,101792.00,2342912,15,true,true,OK
RNGLR,19622,19622,55376833.00,99479.00,49152,10,true,true,OK
BRNGLR,19622,19622,53047895.50,86228.50,16384,10,true,true,OK
CYK,19622,19622,0.00,0.00,0,0,false,false,TIMEOUT
LL,19622,19622,0.00,0.00,0,0,false,false,CONFLICT
LR,19622,19622,0.00,0.00,0,0,false,false,CONFLICT
Leo,19651,19651,355605062.50,2739291.50,16384,10,true,true,OK
GLL,19651,19651,34425875.00,228541.00,6291456,15,true,true,OK
RNGLR,19651,19651,40203083.00,111709.00,950272,13,true,true,OK
BRNGLR,19651,19651,37939104.00,63916.50,16384,14,true,true,OK
CYK,19651,19651,0.00,0.00,0,0,false,false,TIMEOUT
LL,19651,19651,0.00,0.00,0,0,false,false,CONFLICT
LR,19651,19651,0.00,0.00,0,0,false,false,CONFLICT
Leo,19732,19732,371029562.00,4963187.50,98304,10,true,true,OK
GLL,19732,19732,34550291.00,58126.00,917504,15,true,true,OK
RNGLR,19732,19732,55950729.00,92021.00,966656,10,true,true,OK
BRNGLR,19732,19732,53844729.00,68687.50,16384,10,true,true,OK
CYK,19732,19732,0.00,0.00,0,0,false,false,TIMEOUT
LL,19732,19732,0.00,0.00,0,0,false,false,CONFLICT
LR,19732,19732,0.00,0.00,0,0,false,false,CONFLICT
Leo,20121,20121,363077937.50,2515041.50,114688,10,true,true,OK
GLL,20121,20121,34455792.00,157542.00,16384,15,true,true,OK
RNGLR,20121,20121,84605271.00,232728.50,65536,10,true,true,OK
BRNGLR,20121,20121,82217208.50,51229.50,16384,10,true,true,OK
CYK,20121,20121,0.00,0.00,0,0,false,false,TIMEOUT
LL,20121,20121,0.00,0.00,0,0,false,false,CONFLICT
LR,20121,20121,0.00,0.00,0,0,false,false,CONFLICT
Leo,20169,20169,371970333.50,2290229.50,16384,10,true,true,OK
GLL,20169,20169,34852333.00,358542.00,1441792,15,true,true,OK
RNGLR,20169,20169,40754666.00,74376.00,16384,13,true,true,OK
BRNGLR,20169,20169,38648125.00,95041.00,16384,13,true,true,OK
CYK,20169,20169,0.00,0.00,0,0,false,false,TIMEOUT
LL,20169,20169,0.00,0.00,0,0,false,false,CONFLICT
LR,20169,20169,0.00,0.00,0,0,false,false,CONFLICT
Leo,20584,20584,391008729.00,3687833.00,114688,10,true,true,OK
GLL,20584,20584,35367125.00,156333.00,32768,15,true,true,OK
RNGLR,20584,20584,88075958.00,143937.00,999424,10,true,true,OK
BRNGLR,20584,20584,85805875.00,91542.00,16384,10,true,true,OK
CYK,20584,20584,0.00,0.00,0,0,false,false,TIMEOUT
LL,20584,20584,0.00,0.00,0,0,false,false,CONFLICT
LR,20584,20584,0.00,0.00,0,0,false,false,CONFLICT
Leo,20829,20829,390555916.50,4365145.50,16384,10,true,true,OK
GLL,20829,20829,36837708.00,242791.50,2572288,14,true,true,OK
RNGLR,20829,20829,64483979.50,94854.50,999424,10,true,true,OK
BRNGLR,20829,20829,61931229.00,223104.00,16384,10,true,true,OK
CYK,20829,20829,0.00,0.00,0,0,false,false,TIMEOUT
LL,20829,20829,0.00,0.00,0,0,false,false,CONFLICT
LR,20829,20829,0.00,0.00,0,0,false,false,CONFLICT
Leo,21014,21014,389452625.50,3828604.50,98304,10,true,true,OK
GLL,21014,21014,35825229.00,144729.50,2555904,14,true,true,OK
RNGLR,21014,21014,43167688.00,128520.00,1015808,12,true,true,OK
BRNGLR,21014,21014,40565917.00,102500.00,16384,13,true,true,OK
CYK,21014,21014,0.00,0.00,0,0,false,false,TIMEOUT
LL,21014,21014,0.00,0.00,0,0,false,false,CONFLICT
LR,21014,21014,0.00,0.00,0,0,false,false,CONFLICT
Leo,21084,21084,389935104.00,1579812.50,65536,10,true,true,OK
GLL,21084,21084,35698709.00,99417.00,1851392,15,true,true,OK
RNGLR,21084,21084,32113666.50,51729.50,16384,16,true,true,OK
BRNGLR,21084,21084,30051083.00,77458.00,16384,17,true,true,OK
CYK,21084,21084,0.00,0.00,0,0,false,false,TIMEOUT
LL,21084,21084,0.00,0.00,0,0,false,false,CONFLICT
LR,21084,21084,0.00,0.00,0,0,false,false,CONFLICT
Leo,21705,21705,406251187.50,3092271.00,32768,10,true,true,OK
GLL,21705,21705,36625000.00,277666.50,868352,14,true,true,OK
RNGLR,21705,21705,97166979.00,146104.00,16384,10,true,true,OK
BRNGLR,21705,21705,94121896.50,151186.50,16384,10,true,true,OK
CYK,21705,21705,0.00,0.00,0,0,false,false,TIMEOUT
LL,21705,21705,0.00,0.00,0,0,false,false,CONFLICT
LR,21705,21705,0.00,0.00,0,0,false,false,CONFLICT
Leo,22315,22315,415259520.50,3016375.00,16384,10,true,true,OK
GLL,22315,22315,37893187.50,193479.00,1753088,14,true,true,OK
RNGLR,22315,22315,64161000.00,69750.00,1097728,10,true,true,OK
BRNGLR,22315,22315,61436146.50,153584.50,2179072,10,true,true,OK
CYK,22315,22315,0.00,0.00,0,0,false,false,TIMEOUT
LL,22315,22315,0.00,0.00,0,0,false,false,CONFLICT
LR,22315,22315,0.00,0.00,0,0,false,false,CONFLICT
Leo,22484,22484,425123812.50,3423542.00,16384,10,true,true,OK
GLL,22484,22484,39293459.00,146874.00,868352,13,true,true,OK
RNGLR,22484,22484,75346416.50,60521.00,16384,10,true,true,OK
BRNGLR,22484,22484,72667083.50,106687.50,16384,10,true,true,OK
CYK,22484,22484,0.00,0.00,0,0,false,false,TIMEOUT
LL,22484,22484,0.00,0.00,0,0,false,false,CONFLICT
LR,22484,22484,0.00,0.00,0,0,false,false,CONFLICT
Leo,22646,22646,427217604.50,2398708.50,49152,10,true,true,OK
GLL,22646,22646,39528750.00,92917.00,32768,13,true,true,OK
RNGLR,22646,22646,105364541.50,201374.50,16384,10,true,true,OK
BRNGLR,22646,22646,102718833.50,184562.50,16384,10,true,true,OK
CYK,22646,22646,0.00,0.00,0,0,false,false,TIMEOUT
LL,22646,22646,0.00,0.00,0,0,false,false,CONFLICT
LR,22646,22646,0.00,0.00,0,0,false,false,CONFLICT
Leo,22712,22712,420301084.00,1806479.50,49152,10,true,true,OK
GLL,22712,22712,39614208.00,137625.00,3555328,13,true,true,OK
RNGLR,22712,22712,73781271.00,100750.50,1097728,10,true,true,OK
BRNGLR,22712,22712,71470583.00,215521.00,16384,10,true,true,OK
CYK,22712,22712,0.00,0.00,0,0,false,false,TIMEOUT
LL,22712,22712,0.00,0.00,0,0,false,false,CONFLICT
LR,22712,22712,0.00,0.00,0,0,false,false,CONFLICT
Leo,22855,22855,422864854.00,5765666.00,16384,10,true,true,OK
GLL,22855,22855,41443500.00,110375.00,16384,13,true,true,OK
RNGLR,22855,22855,58073104.50,116249.50,16384,10,true,true,OK
BRNGLR,22855,22855,55559521.00,214521.00,16384,10,true,true,OK
CYK,22855,22855,0.00,0.00,0,0,false,false,TIMEOUT
LL,22855,22855,0.00,0.00,0,0,false,false,CONFLICT
LR,22855,22855,0.00,0.00,0,0,false,false,CONFLICT
Leo,24004,24004,457715604.00,4466687.50,131072,10,true,true,OK
GLL,24004,24004,43805083.50,359916.50,3833856,12,true,true,OK
RNGLR,24004,24004,117315271.00,99604.00,1163264,10,true,true,OK
BRNGLR,24004,24004,114424458.50,182855.00,16384,10,true,true,OK
CYK,24004,24004,0.00,0.00,0,0,false,false,TIMEOUT
LL,24004,24004,0.00,0.00,0,0,false,false,CONFLICT
LR,24004,24004,0.00,0.00,0,0,false,false,CONFLICT
Leo,24219,24219,460105687.50,1262708.50,81920,10,true,true,OK
GLL,24219,24219,44527249.50,255875.00,49152,12,true,true,OK
RNGLR,24219,24219,118948562.50,126958.00,16384,10,true,true,OK
BRNGLR,24219,24219,116098625.00,104562.50,16384,10,true,true,OK
CYK,24219,24219,0.00,0.00,0,0,false,false,TIMEOUT
LL,24219,24219,0.00,0.00,0,0,false,false,CONFLICT
LR,24219,24219,0.00,0.00,0,0,false,false,CONFLICT
Leo,24457,24457,459322708.00,2907562.50,16384,10,true,true,OK
GLL,24457,24457,43560000.00,171458.50,2998272,12,true,true,OK
RNGLR,24457,24457,121138000.00,90187.50,1179648,10,true,true,OK
BRNGLR,24457,24457,118029479.00,145146.00,2375680,10,true,true,OK
CYK,24457,24457,0.00,0.00,0,0,false,false,TIMEOUT
LL,24457,24457,0.00,0.00,0,0,false,false,CONFLICT
LR,24457,24457,0.00,0.00,0,0,false,false,CONFLICT
Leo,25742,25742,489403271.00,3786666.50,2768896,10,true,true,OK
GLL,25742,25742,46453000.00,205416.00,5439488,11,true,true,OK
RNGLR,25742,25742,64267833.00,172729.50,1261568,10,true,true,OK
BRNGLR,25742,25742,61340229.00,127646.00,2506752,10,true,true,OK
CYK,25742,25742,0.00,0.00,0,0,false,false,TIMEOUT
LL,25742,25742,0.00,0.00,0,0,false,false,CONFLICT
LR,25742,25742,0.00,0.00,0,0,false,false,CONFLICT
Leo,25868,25868,489367625.00,2173437.50,81920,10,true,true,OK
GLL,25868,25868,47043041.00,133750.00,49152,11,true,true,OK
RNGLR,25868,25868,134420521.00,199208.50,1261568,10,true,true,OK
BRNGLR,25868,25868,131283916.50,268604.50,16384,10,true,true,OK
CYK,25868,25868,0.00,0.00,0,0,false,false,TIMEOUT
LL,25868,25868,0.00,0.00,0,0,false,false,CONFLICT
LR,25868,25868,0.00,0.00,0,0,false,false,CONFLICT
Leo,26882,26882,503348187.50,5026125.00,81920,10,true,true,OK
GLL,26882,26882,48305625.00,449208.00,573440,11,true,true,OK
RNGLR,26882,26882,115104812.50,140687.50,1310720,10,true,true,OK
BRNGLR,26882,26882,112211166.00,170896.00,16384,10,true,true,OK
CYK,26882,26882,0.00,0.00,0,0,false,false,TIMEOUT
LL,26882,26882,0.00,0.00,0,0,false,false,CONFLICT
LR,26882,26882,0.00,0.00,0,0,false,false,CONFLICT
Leo,27038,27038,520963750.00,4943499.50,98304,10,true,true,OK
GLL,27038,27038,48561667.00,89292.00,5013504,11,true,true,OK
RNGLR,27038,27038,145227646.00,174416.50,1310720,10,true,true,OK
BRNGLR,27038,27038,141860874.50,222832.50,16384,10,true,true,OK
CYK,27038,27038,0.00,0.00,0,0,false,false,TIMEOUT
LL,27038,27038,0.00,0.00,0,0,false,false,CONFLICT
LR,27038,27038,0.00,0.00,0,0,false,false,CONFLICT
Leo,27372,27372,497715062.00,2837374.50,98304,10,true,true,OK
GLL,27372,27372,48766042.00,33333.00,131072,11,true,true,OK
RNGLR,27372,27372,148563687.00,186041.50,16384,10,true,true,OK
BRNGLR,27372,27372,145353146.00,48104.50,16384,10,true,true,OK
CYK,27372,27372,0.00,0.00,0,0,false,false,TIMEOUT
LL,27372,27372,0.00,0.00,0,0,false,false,CONFLICT
LR,27372,27372,0.00,0.00,0,0,false,false,CONFLICT
Leo,28049,28049,521936520.50,3682187.00,114688,10,true,true,OK
GLL,28049,28049,51006083.50,205708.00,2555904,10,true,true,OK
RNGLR,28049,28049,35847604.00,65083.50,16384,14,true,true,OK
BRNGLR,28049,28049,33221250.00,71500.00,16384,16,true,true,OK
CYK,28049,28049,0.00,0.00,0,0,false,false,TIMEOUT
LL,28049,28049,0.00,0.00,0,0,false,false,CONFLICT
LR,28049,28049,0.00,0.00,0,0,false,false,CONFLICT
Leo,28606,28606,520045812.00,3609729.00,98304,10,true,true,OK
GLL,28606,28606,51221354.50,134749.50,1523712,10,true,true,OK
RNGLR,28606,28606,88351229.50,119562.50,16384,10,true,true,OK
BRNGLR,28606,28606,86165437.50,334021.00,16384,10,true,true,OK
CYK,28606,28606,0.00,0.00,0,0,false,false,TIMEOUT
LL,28606,28606,0.00,0.00,0,0,false,false,CONFLICT
LR,28606,28606,0.00,0.00,0,0,false,false,CONFLICT
Leo,28745,28745,547497750.00,7046604.00,65536,10,true,true,OK
GLL,28745,28745,52853604.00,74646.00,376832,10,true,true,OK
RNGLR,28745,28745,162552291.50,103000.00,16384,10,true,true,OK
BRNGLR,28745,28745,159168042.00,139125.00,16384,10,true,true,OK
CYK,28745,28745,0.00,0.00,0,0,false,false,TIMEOUT
LL,28745,28745,0.00,0.00,0,0,false,false,CONFLICT
LR,28745,28745,0.00,0.00,0,0,false,false,CONFLICT
Leo,29176,29176,555840729.00,4165458.50,16384,10,true,true,OK
GLL,29176,29176,53793125.00,127520.50,196608,10,true,true,OK
RNGLR,29176,29176,167312667.00,309062.50,16384,10,true,true,OK
BRNGLR,29176,29176,164362562.50,154666.50,16384,10,true,true,OK
CYK,29176,29176,0.00,0.00,0,0,false,false,TIMEOUT
LL,29176,29176,0.00,0.00,0,0,false,false,CONFLICT
LR,29176,29176,0.00,0.00,0,0,false,false,CONFLICT
Leo,29675,29675,562045646.00,6368125.50,32768,10,true,true,OK
GLL,29675,29675,53414083.50,140687.50,180224,10,true,true,OK
RNGLR,29675,29675,172636875.00,102292.00,16384,10,true,true,OK
BRNGLR,29675,29675,169657896.00,211604.50,16384,10,true,true,OK
CYK,29675,29675,0.00,0.00,0,0,false,false,TIMEOUT
LL,29675,29675,0.00,0.00,0,0,false,false,CONFLICT
LR,29675,29675,0.00,0.00,0,0,false,false,CONFLICT
Leo,29695,29695,557499395.50,2111542.00,49152,10,true,true,OK
GLL,29695,29695,53478541.50,150020.50,16384,10,true,true,OK
RNGLR,29695,29695,173272041.50,173291.50,32768,10,true,true,OK
BRNGLR,29695,29695,169682250.50,101959.00,16384,10,true,true,OK
CYK,29695,29695,0.00,0.00,0,0,false,false,TIMEOUT
LL,29695,29695,0.00,0.00,0,0,false,false,CONFLICT
LR,29695,29695,0.00,0.00,0,0,false,false,CONFLICT
Leo,29980,29980,552344520.50,2303396.50,16384,10,true,true,OK
GLL,29980,29980,54360542.00,146021.00,2506752,10,true,true,OK
RNGLR,29980,29980,84828041.50,159041.50,16384,10,true,true,OK
BRNGLR,29980,29980,81523604.00,119688.00,16384,10,true,true,OK
CYK,29980,29980,0.00,0.00,0,0,false,false,TIMEOUT
LL,29980,29980,0.00,0.00,0,0,false,false,CONFLICT
LR,29980,29980,0.00,0.00,0,0,false,false,CONFLICT
Leo,30312,30312,563600729.00,3377313.00,65536,10,true,true,OK
GLL,30312,30312,54122417.00,270959.00,2228224,10,true,true,OK
RNGLR,30312,30312,76987187.50,168708.00,32768,10,true,true,OK
BRNGLR,30312,30312,73428708.50,107500.00,16384,10,true,true,OK
CYK,30312,30312,0.00,0.00,0,0,false,false,TIMEOUT
LL,30312,30312,0.00,0.00,0,0,false,false,CONFLICT
LR,30312,30312,0.00,0.00,0,0,false,false,CONFLICT
Leo,31124,31124,590053813.00,2405416.50,65536,10,true,true,OK
GLL,31124,31124,55619209.00,203312.00,344064,10,true,true,OK
RNGLR,31124,31124,188296625.00,240583.50,16384,10,true,true,OK
BRNGLR,31124,31124,184944646.00,321937.50,16384,10,true,true,OK
CYK,31124,31124,0.00,0.00,0,0,false,false,TIMEOUT
LL,31124,31124,0.00,0.00,0,0,false,false,CONFLICT
LR,31124,31124,0.00,0.00,0,0,false,false,CONFLICT
Leo,32447,32447,593057229.50,2580625.00,32768,10,true,true,OK
GLL,32447,32447,57689812.50,211208.00,229376,10,true,true,OK
RNGLR,32447,32447,126628395.50,124582.50,212992,10,true,true,OK
BRNGLR,32447,32447,122479645.50,197458.50,16384,10,true,true,OK
CYK,32447,32447,0.00,0.00,0,0,false,false,TIMEOUT
LL,32447,32447,0.00,0.00,0,0,false,false,CONFLICT
LR,32447,32447,0.00,0.00,0,0,false,false,CONFLICT
Leo,32518,32518,598815229.00,3496646.00,147456,10,true,true,OK
GLL,32518,32518,57789999.50,114812.50,311296,10,true,true,OK
RNGLR,32518,32518,204136271.00,218792.00,16384,10,true,true,OK
BRNGLR,32518,32518,200449375.00,217833.50,16384,10,true,true,OK
CYK,32518,32518,0.00,0.00,0,0,false,false,TIMEOUT
LL,32518,32518,0.00,0.00,0,0,false,false,CONFLICT
LR,32518,32518,0.00,0.00,0,0,false,false,CONFLICT
Leo,33273,33273,633547562.50,1971520.50,65536,10,true,true,OK
GLL,33273,33273,62110187.00,148729.00,2277376,10,true,true,OK
RNGLR,33273,33273,111987375.00,195354.50,131072,10,true,true,OK
BRNGLR,33273,33273,108072937.50,76563.00,16384,10,true,true,OK
CYK,33273,33273,0.00,0.00,0,0,false,false,TIMEOUT
LL,33273,33273,0.00,0.00,0,0,false,false,CONFLICT
LR,33273,33273,0.00,0.00,0,0,false,false,CONFLICT
Leo,33473,33473,632914375.00,3569687.50,32768,10,true,true,OK
GLL,33473,33473,61491854.00,173124.50,3948544,10,true,true,OK
RNGLR,33473,33473,79636500.00,302041.50,1605632,10,true,true,OK
BRNGLR,33473,33473,75434020.50,86021.00,16384,10,true,true,OK
CYK,33473,33473,0.00,0.00,0,0,false,false,TIMEOUT
LL,33473,33473,0.00,0.00,0,0,false,false,CONFLICT
LR,33473,33473,0.00,0.00,0,0,false,false,CONFLICT
Leo,33892,33892,645702021.00,4040709.00,114688,10,true,true,OK
GLL,33892,33892,62719583.50,177312.50,294912,10,true,true,OK
RNGLR,33892,33892,203028270.50,312250.00,65536,10,true,true,OK
BRNGLR,33892,33892,198853167.00,404083.00,16384,10,true,true,OK
CYK,33892,33892,0.00,0.00,0,0,false,false,TIMEOUT
LL,33892,33892,0.00,0.00,0,0,false,false,CONFLICT
LR,33892,33892,0.00,0.00,0,0,false,false,CONFLICT
Leo,34288,34288,643007771.00,9797271.00,65536,10,true,true,OK
GLL,34288,34288,63192250.50,241083.50,3473408,10,true,true,OK
RNGLR,34288,34288,122791937.50,202166.50,81920,10,true,true,OK
BRNGLR,34288,34288,118764291.50,311625.50,16384,10,true,true,OK
CYK,34288,34288,0.00,0.00,0,0,false,false,TIMEOUT
LL,34288,34288,0.00,0.00,0,0,false,false,CONFLICT
LR,34288,34288,0.00,0.00,0,0,false,false,CONFLICT
Leo,34290,34290,652864791.50,5004354.00,131072,10,true,true,OK
GLL,34290,34290,62712875.50,167813.00,16384,10,true,true,OK
RNGLR,34290,34290,225753812.50,192792.00,1376256,10,true,true,OK
BRNGLR,34290,34290,222228791.50,520207.50,16384,10,true,true,OK
CYK,34290,34290,0.00,0.00,0,0,false,false,TIMEOUT
LL,34290,34290,0.00,0.00,0,0,false,false,CONFLICT
LR,34290,34290,0.00,0.00,0,0,false,false,CONFLICT
Leo,34577,34577,654646500.00,2310479.00,16384,10,true,true,OK
GLL,34577,34577,64014771.00,200520.50,4046848,10,true,true,OK
RNGLR,34577,34577,78684583.00,174938.00,16384,10,true,true,OK
BRNGLR,34577,34577,74715208.50,225833.50,16384,10,true,true,OK
CYK,34577,34577,0.00,0.00,0,0,false,false,TIMEOUT
LL,34577,34577,0.00,0.00,0,0,false,false,CONFLICT
LR,34577,34577,0.00,0.00,0,0,false,false,CONFLICT
Leo,34982,34982,643082708.00,3501604.00,180224,10,true,true,OK
GLL,34982,34982,63943854.50,70229.00,16384,10,true,true,OK
RNGLR,34982,34982,233353062.50,246312.50,16384,10,true,true,OK
BRNGLR,34982,34982,229207687.50,254083.50,16384,10,true,true,OK
CYK,34982,34982,0.00,0.00,0,0,false,false,TIMEOUT
LL,34982,34982,0.00,0.00,0,0,false,false,CONFLICT
LR,34982,34982,0.00,0.00,0,0,false,false,CONFLICT
Leo,35030,35030,662076604.00,1482375.00,98304,10,true,true,OK
GLL,35030,35030,64023083.00,236979.00,3964928,10,true,true,OK
RNGLR,35030,35030,156650000.00,86083.00,16384,10,true,true,OK
BRNGLR,35030,35030,152455354.00,182416.50,16384,10,true,true,OK
CYK,35030,35030,0.00,0.00,0,0,false,false,TIMEOUT
LL,35030,35030,0.00,0.00,0,0,false,false,CONFLICT
LR,35030,35030,0.00,0.00,0,0,false,false,CONFLICT
Leo,35125,35125,646954604.00,4654041.50,65536,10,true,true,OK
GLL,35125,35125,65392000.50,247959.00,4030464,10,true,true,OK
RNGLR,35125,35125,235985521.00,174916.50,16384,10,true,true,OK
BRNGLR,35125,35125,232287874.50,96917.00,16384,10,true,true,OK
CYK,35125,35125,0.00,0.00,0,0,false,false,TIMEOUT
LL,35125,35125,0.00,0.00,0,0,false,false,CONFLICT
LR,35125,35125,0.00,0.00,0,0,false,false,CONFLICT
Leo,37099,37099,685505375.00,6073437.50,49152,10,true,true,OK
GLL,37099,37099,68261604.00,189937.50,16384,10,true,true,OK
RNGLR,37099,37099,260976666.50,173938.00,16384,10,true,true,OK
BRNGLR,37099,37099,257041666.50,252124.50,16384,10,true,true,OK
CYK,37099,37099,0.00,0.00,0,0,false,false,TIMEOUT
LL,37099,37099,0.00,0.00,0,0,false,false,CONFLICT
LR,37099,37099,0.00,0.00,0,0,false,false,CONFLICT
Leo,37455,37455,677529646.50,2390729.50,32768,10,true,true,OK
GLL,37455,37455,68742208.00,39833.00,16384,10,true,true,OK
RNGLR,37455,37455,264869000.00,441729.00,16384,10,true,true,OK
BRNGLR,37455,37455,259690542.00,156187.50,16384,10,true,true,OK
CYK,37455,37455,0.00,0.00,0,0,false,false,TIMEOUT
LL,37455,37455,0.00,0.00,0,0,false,false,CONFLICT
LR,37455,37455,0.00,0.00,0,0,false,false,CONFLICT
Leo,38331,38331,669790166.00,844791.00,671744,10,true,true,OK
GLL,38331,38331,73201562.50,96333.50,4603904,10,true,true,OK
RNGLR,38331,38331,145353791.50,234125.00,1851392,10,true,true,OK
BRNGLR,38331,38331,140976375.00,270063.00,16384,10,true,true,OK
CYK,38331,38331,0.00,0.00,0,0,false,false,TIMEOUT
LL,38331,38331,0.00,0.00,0,0,false,false,CONFLICT
LR,38331,38331,0.00,0.00,0,0,false,false,CONFLICT
Leo,38916,38916,681049062.00,1314020.00,131072,10,true,true,OK
GLL,38916,38916,72048500.00,168437.50,4620288,10,true,true,OK
RNGLR,38916,38916,106001979.50,153875.00,98304,10,true,true,OK
BRNGLR,38916,38916,101249604.00,116562.50,16384,10,true,true,OK
CYK,38916,38916,0.00,0.00,0,0,false,false,TIMEOUT
LL,38916,38916,0.00,0.00,0,0,false,false,CONFLICT
LR,38916,38916,0.00,0.00,0,0,false,false,CONFLICT
Leo,39378,39378,682827458.50,394208.50,131072,10,true,true,OK
GLL,39378,39378,72791312.50,342604.00,3194880,10,true,true,OK
RNGLR,39378,39378,109628145.50,61083.50,1884160,10,true,true,OK
BRNGLR,39378,39378,105328062.50,34583.50,16384,10,true,true,OK
CYK,39378,39378,0.00,0.00,0,0,false,false,TIMEOUT
LL,39378,39378,0.00,0.00,0,0,false,false,CONFLICT
LR,39378,39378,0.00,0.00,0,0,false,false,CONFLICT
Leo,39637,39637,694126875.00,564417.00,131072,10,true,true,OK
GLL,39637,39637,73519250.50,76646.00,1523712,10,true,true,OK
RNGLR,39637,39637,294652083.00,254896.00,1916928,10,true,true,OK
BRNGLR,39637,39637,290173354.00,189770.50,16384,10,true,true,OK
CYK,39637,39637,0.00,0.00,0,0,false,false,TIMEOUT
LL,39637,39637,0.00,0.00,0,0,false,false,CONFLICT
LR,39637,39637,0.00,0.00,0,0,false,false,CONFLICT
Leo,39765,39765,695204833.00,937166.50,49152,10,true,true,OK
GLL,39765,39765,74313354.00,69229.50,1392640,10,true,true,OK
RNGLR,39765,39765,205603063.00,216646.50,16384,10,true,true,OK
BRNGLR,39765,39765,201018249.50,105792.00,16384,10,true,true,OK
CYK,39765,39765,0.00,0.00,0,0,false,false,TIMEOUT
LL,39765,39765,0.00,0.00,0,0,false,false,CONFLICT
LR,39765,39765,0.00,0.00,0,0,false,false,CONFLICT
Leo,40083,40083,704434062.50,1353958.50,65536,10,true,true,OK
GLL,40083,40083,74947167.00,107500.50,16384,10,true,true,OK
RNGLR,40083,40083,300520813.00,169666.50,81920,10,true,true,OK
BRNGLR,40083,40083,295807500.00,178375.00,16384,10,true,true,OK
CYK,40083,40083,0.00,0.00,0,0,false,false,TIMEOUT
LL,40083,40083,0.00,0.00,0,0,false,false,CONFLICT
LR,40083,40083,0.00,0.00,0,0,false,false,CONFLICT
Leo,41507,41507,729423375.00,711250.00,131072,10,true,true,OK
GLL,41507,41507,77410000.00,108917.00,16384,10,true,true,OK
RNGLR,41507,41507,320904375.00,97750.00,262144,10,true,true,OK
BRNGLR,41507,41507,316463459.00,134208.00,16384,10,true,true,OK
CYK,41507,41507,0.00,0.00,0,0,false,false,TIMEOUT
LL,41507,41507,0.00,0.00,0,0,false,false,CONFLICT
LR,41507,41507,0.00,0.00,0,0,false,false,CONFLICT
Leo,43460,43460,766749854.50,2037645.50,131072,10,true,true,OK
GLL,43460,43460,80285021.00,97479.00,16384,10,true,true,OK
RNGLR,43460,43460,349207854.00,319792.00,409600,10,true,true,OK
BRNGLR,43460,43460,344471229.50,98166.00,16384,10,true,true,OK
CYK,43460,43460,0.00,0.00,0,0,false,false,TIMEOUT
LL,43460,43460,0.00,0.00,0,0,false,false,CONFLICT
LR,43460,43460,0.00,0.00,0,0,false,false,CONFLICT
Leo,43885,43885,758512041.50,788125.00,16384,10,true,true,OK
GLL,43885,43885,82129166.50,91958.50,4915200,10,true,true,OK
RNGLR,43885,43885,89062437.00,63666.00,65536,10,true,true,OK
BRNGLR,43885,43885,85167229.50,46187.00,16384,10,true,true,OK
CYK,43885,43885,0.00,0.00,0,0,false,false,TIMEOUT
LL,43885,43885,0.00,0.00,0,0,false,false,CONFLICT
LR,43885,43885,0.00,0.00,0,0,false,false,CONFLICT
Leo,44330,44330,785143438.00,1105833.50,131072,10,true,true,OK
GLL,44330,44330,82949458.50,223354.50,16384,10,true,true,OK
RNGLR,44330,44330,363693062.50,262083.50,16384,10,true,true,OK
BRNGLR,44330,44330,358596500.00,216437.50,16384,10,true,true,OK
CYK,44330,44330,0.00,0.00,0,0,false,false,TIMEOUT
LL,44330,44330,0.00,0.00,0,0,false,false,CONFLICT
LR,44330,44330,0.00,0.00,0,0,false,false,CONFLICT
Leo,45417,45417,801992229.00,1717021.00,81920,10,true,true,OK
GLL,45417,45417,85446000.00,96271.00,147456,10,true,true,OK
RNGLR,45417,45417,379946146.00,251125.00,16384,10,true,true,OK
BRNGLR,45417,45417,374782771.00,144292.00,16384,10,true,true,OK
CYK,45417,45417,0.00,0.00,0,0,false,false,TIMEOUT
LL,45417,45417,0.00,0.00,0,0,false,false,CONFLICT
LR,45417,45417,0.00,0.00,0,0,false,false,CONFLICT
Leo,45619,45619,808283000.00,1383375.00,65536,10,true,true,OK
GLL,45619,45619,85415416.50,361562.00,49152,10,true,true,OK
RNGLR,45619,45619,383493000.00,169625.00,16384,10,true,true,OK
BRNGLR,45619,45619,378101333.00,122041.50,16384,10,true,true,OK
CYK,45619,45619,0.00,0.00,0,0,false,false,TIMEOUT
LL,45619,45619,0.00,0.00,0,0,false,false,CONFLICT
LR,45619,45619,0.00,0.00,0,0,false,false,CONFLICT
Leo,46075,46075,811455958.00,1969979.00,131072,10,true,true,OK
GLL,46075,46075,88205396.50,105354.00,2064384,10,true,true,OK
RNGLR,46075,46075,251585937.00,114771.00,16384,10,true,true,OK
BRNGLR,46075,46075,245804312.50,137667.00,16384,10,true,true,OK
CYK,46075,46075,0.00,0.00,0,0,false,false,TIMEOUT
LL,46075,46075,0.00,0.00,0,0,false,false,CONFLICT
LR,46075,46075,0.00,0.00,0,0,false,false,CONFLICT
Leo,46093,46093,810971124.50,538062.50,16384,10,true,true,OK
GLL,46093,46093,88682667.00,200145.50,1753088,10,true,true,OK
RNGLR,46093,46093,255933437.00,324813.00,16384,10,true,true,OK
BRNGLR,46093,46093,251265416.50,633562.50,16384,10,true,true,OK
CYK,46093,46093,0.00,0.00,0,0,false,false,TIMEOUT
LL,46093,46093,0.00,0.00,0,0,false,false,CONFLICT
LR,46093,46093,0.00,0.00,0,0,false,false,CONFLICT
Leo,50586,50586,897886917.00,1188437.50,3162112,10,true,true,OK
GLL,50586,50586,96252833.50,139728.50,16384,10,true,true,OK
RNGLR,50586,50586,465947833.00,284833.50,16384,10,true,true,OK
BRNGLR,50586,50586,460326521.00,269458.50,16384,10,true,true,OK
CYK,50586,50586,0.00,0.00,0,0,false,false,TIMEOUT
LL,50586,50586,0.00,0.00,0,0,false,false,CONFLICT
LR,50586,50586,0.00,0.00,0,0,false,false,CONFLICT
Leo,51630,51630,911796500.00,1509979.50,16384,10,true,true,OK
GLL,51630,51630,98139250.00,183520.50,8273920,10,true,true,OK
RNGLR,51630,51630,483636333.00,476708.50,1343488,10,true,true,OK
BRNGLR,51630,51630,477748354.00,280020.50,16384,10,true,true,OK
CYK,51630,51630,0.00,0.00,0,0,false,false,TIMEOUT
LL,51630,51630,0.00,0.00,0,0,false,false,CONFLICT
LR,51630,51630,0.00,0.00,0,0,false,false,CONFLICT
Leo,54612,54612,969140479.00,2606438.00,131072,10,true,true,OK
GLL,54612,54612,103734208.50,233458.50,573440,10,true,true,OK
RNGLR,54612,54612,537466729.00,121187.50,16384,10,true,true,OK
BRNGLR,54612,54612,531388729.00,182771.50,16384,10,true,true,OK
CYK,54612,54612,0.00,0.00,0,0,false,false,TIMEOUT
LL,54612,54612,0.00,0.00,0,0,false,false,CONFLICT
LR,54612,54612,0.00,0.00,0,0,false,false,CONFLICT
Leo,55012,55012,971072354.00,1109041.50,98304,10,true,true,OK
GLL,55012,55012,104667083.50,137125.00,98304,10,true,true,OK
RNGLR,55012,55012,544891354.00,241021.00,16384,10,true,true,OK
BRNGLR,55012,55012,538820833.00,184207.50,16384,10,true,true,OK
CYK,55012,55012,0.00,0.00,0,0,false,false,TIMEOUT
LL,55012,55012,0.00,0.00,0,0,false,false,CONFLICT
LR,55012,55012,0.00,0.00,0,0,false,false,CONFLICT
Leo,56657,56657,1008361041.50,3955958.50,114688,10,true,true,OK
GLL,56657,56657,107213916.50,183083.00,327680,10,true,true,OK
RNGLR,56657,56657,576478708.00,264042.00,16384,10,true,true,OK
BRNGLR,56657,56657,570537520.50,314063.00,16384,10,true,true,OK
CYK,56657,56657,0.00,0.00,0,0,false,false,TIMEOUT
LL,56657,56657,0.00,0.00,0,0,false,false,CONFLICT
LR,56657,56657,0.00,0.00,0,0,false,false,CONFLICT
