language,size_category,file,bytes,parser,input_length,token_count,median_time_ns,mad_ns,peak_memory_bytes,iterations,recognized,parse_correct,status
java_tree,XS,XS_s513232544.java,212,TreeSitterJava,55,55,24124.50,978.50,49152,10,true,true,OK
java_tree,XS,XS_s513232544.java,212,Leo,55,55,798041.50,4521.00,81920,10,true,true,OK
java_tree,XS,XS_s513232544.java,212,GLL,55,55,1347000.50,10188.00,2113536,10,true,true,OK
java_tree,XS,XS_s513232544.java,212,RNGLR,55,55,79520.50,1208.00,16384,10,true,true,OK
java_tree,XS,XS_s513232544.java,212,BRNGLR,55,55,86291.50,2520.50,16384,10,true,true,OK
java_tree,XS,XS_s204731801.java,176,TreeSitterJava,56,56,26666.50,1792.00,245760,10,true,true,OK
java_tree,XS,XS_s204731801.java,176,Leo,56,56,852854.00,6312.50,81920,10,true,true,OK
java_tree,XS,XS_s204731801.java,176,GLL,56,56,1489166.50,17520.50,1228800,10,true,true,OK
java_tree,XS,XS_s204731801.java,176,RNGLR,56,56,87750.00,4563.00,16384,10,true,true,OK
java_tree,XS,XS_s204731801.java,176,BRNGLR,56,56,93396.00,4604.00,16384,10,true,true,OK
java_tree,XS,XS_s958070037.java,194,TreeSitterJava,57,57,28749.50,2083.00,245760,10,true,true,OK
java_tree,XS,XS_s958070037.java,194,Leo,57,57,843041.50,1291.50,65536,10,true,true,OK
java_tree,XS,XS_s958070037.java,194,GLL,57,57,1467396.00,3520.50,2244608,10,true,true,OK
java_tree,XS,XS_s958070037.java,194,RNGLR,57,57,87187.50,4062.50,16384,10,true,true,OK
java_tree,XS,XS_s958070037.java,194,BRNGLR,57,57,89791.50,3562.50,16384,10,true,true,OK
java_tree,XS,XS_s867385096.java,221,TreeSitterJava,57,57,27687.50,2125.00,278528,10,true,true,OK
java_tree,XS,XS_s867385096.java,221,Leo,57,57,752270.50,9750.00,81920,10,true,true,OK
java_tree,XS,XS_s867385096.java,221,GLL,57,57,1007208.00,2979.50,81920,10,true,true,OK
java_tree,XS,XS_s867385096.java,221,RNGLR,57,57,83146.00,4021.00,16384,10,true,true,OK
java_tree,XS,XS_s867385096.java,221,BRNGLR,57,57,86271.00,3895.50,32768,10,true,true,OK
java_tree,XS,XS_s634641056.java,207,TreeSitterJava,58,58,28729.00,2062.50,262144,10,true,true,OK
java_tree,XS,XS_s634641056.java,207,Leo,58,58,826666.50,4791.50,81920,10,true,true,OK
java_tree,XS,XS_s634641056.java,207,GLL,58,58,1328625.00,16791.50,2211840,10,true,true,OK
java_tree,XS,XS_s634641056.java,207,RNGLR,58,58,89500.00,3583.50,16384,10,true,true,OK
java_tree,XS,XS_s634641056.java,207,BRNGLR,58,58,92812.50,4104.00,32768,10,true,true,OK
java_tree,XS,XS_s458808332.java,190,TreeSitterJava,63,63,30729.50,1875.50,245760,10,true,true,OK
java_tree,XS,XS_s458808332.java,190,Leo,63,63,945500.50,3334.00,81920,10,true,true,OK
java_tree,XS,XS_s458808332.java,190,GLL,63,63,1757104.50,11020.50,2129920,10,true,true,OK
java_tree,XS,XS_s458808332.java,190,RNGLR,63,63,111020.50,8250.00,16384,10,true,true,OK
java_tree,XS,XS_s458808332.java,190,BRNGLR,63,63,111145.50,6833.50,16384,10,true,true,OK
java_tree,XS,XS_s573981703.java,198,TreeSitterJava,64,64,29500.00,1771.00,245760,10,true,true,OK
java_tree,XS,XS_s573981703.java,198,Leo,64,64,963124.50,5541.50,81920,10,true,true,OK
java_tree,XS,XS_s573981703.java,198,GLL,64,64,1656958.50,11645.50,2195456,10,true,true,OK
java_tree,XS,XS_s573981703.java,198,RNGLR,64,64,91458.00,1875.00,32768,10,true,true,OK
java_tree,XS,XS_s573981703.java,198,BRNGLR,64,64,95208.50,1958.50,16384,10,true,true,OK
java_tree,XS,XS_s830819601.java,205,TreeSitterJava,64,64,28917.00,1354.50,245760,10,true,true,OK
java_tree,XS,XS_s830819601.java,205,Leo,64,64,944812.50,7062.50,81920,10,true,true,OK
java_tree,XS,XS_s830819601.java,205,GLL,64,64,1630042.00,4146.00,2211840,10,true,true,OK
java_tree,XS,XS_s830819601.java,205,RNGLR,64,64,94000.00,4062.50,32768,10,true,true,OK
java_tree,XS,XS_s830819601.java,205,BRNGLR,64,64,101292.00,6084.00,32768,10,true,true,OK
java_tree,XS,XS_s835249836.java,231,TreeSitterJava,64,64,30062.00,1541.50,262144,10,true,true,OK
java_tree,XS,XS_s835249836.java,231,Leo,64,64,982312.50,36354.00,81920,10,true,true,OK
java_tree,XS,XS_s835249836.java,231,GLL,64,64,1596812.50,6896.00,2129920,10,true,true,OK
java_tree,XS,XS_s835249836.java,231,RNGLR,64,64,95709.00,3208.50,16384,10,true,true,OK
java_tree,XS,XS_s835249836.java,231,BRNGLR,64,64,95062.50,4104.00,32768,10,true,true,OK
java_tree,XS,XS_s917777898.java,217,TreeSitterJava,66,66,33270.50,3041.00,262144,10,true,true,OK
java_tree,XS,XS_s917777898.java,217,Leo,66,66,1016895.50,11291.50,65536,10,true,true,OK
java_tree,XS,XS_s917777898.java,217,GLL,66,66,1718520.50,10624.00,2195456,10,true,true,OK
java_tree,XS,XS_s917777898.java,217,RNGLR,66,66,95959.00,2812.50,16384,10,true,true,OK
java_tree,XS,XS_s917777898.java,217,BRNGLR,66,66,102896.00,3916.50,16384,10,true,true,OK
java_tree,XS,XS_s906578282.java,211,TreeSitterJava,67,67,35312.50,4209.00,245760,10,true,true,OK
java_tree,XS,XS_s906578282.java,211,Leo,67,67,1073791.50,7645.50,65536,10,true,true,OK
java_tree,XS,XS_s906578282.java,211,GLL,67,67,2306062.50,7312.50,2211840,10,true,true,OK
java_tree,XS,XS_s906578282.java,211,RNGLR,67,67,123229.00,2625.00,32768,10,true,true,OK
java_tree,XS,XS_s906578282.java,211,BRNGLR,67,67,126041.50,3854.00,16384,10,true,true,OK
java_tree,XS,XS_s530789582.java,236,TreeSitterJava,67,67,32749.50,2353.50,245760,10,true,true,OK
java_tree,XS,XS_s530789582.java,236,Leo,67,67,1002750.00,5624.50,81920,10,true,true,OK
java_tree,XS,XS_s530789582.java,236,GLL,67,67,1737542.00,6438.00,2146304,10,true,true,OK
java_tree,XS,XS_s530789582.java,236,RNGLR,67,67,109063.00,9125.00,16384,10,true,true,OK
java_tree,XS,XS_s530789582.java,236,BRNGLR,67,67,98604.00,3396.00,16384,10,true,true,OK
java_tree,XS,XS_s046891472.java,185,TreeSitterJava,68,68,27917.00,875.00,245760,10,true,true,OK
java_tree,XS,XS_s046891472.java,185,Leo,68,68,1251604.00,8333.00,81920,10,true,true,OK
java_tree,XS,XS_s046891472.java,185,GLL,68,68,2543416.50,10250.50,4128768,10,true,true,OK
java_tree,XS,XS_s046891472.java,185,RNGLR,68,68,113229.00,3541.50,16384,10,true,true,OK
java_tree,XS,XS_s046891472.java,185,BRNGLR,68,68,116146.00,2792.00,32768,10,true,true,OK
java_tree,XS,XS_s317535690.java,224,TreeSitterJava,70,70,33542.00,1167.00,245760,10,true,true,OK
java_tree,XS,XS_s317535690.java,224,Leo,70,70,1073104.50,8437.50,81920,10,true,true,OK
java_tree,XS,XS_s317535690.java,224,GLL,70,70,2030374.50,4249.50,2244608,10,true,true,OK
java_tree,XS,XS_s317535690.java,224,RNGLR,70,70,105750.00,5583.00,32768,10,true,true,OK
java_tree,XS,XS_s317535690.java,224,BRNGLR,70,70,117916.50,5999.50,16384,10,true,true,OK
java_tree,XS,XS_s292089834.java,233,TreeSitterJava,70,70,31791.50,833.50,262144,10,true,true,OK
java_tree,XS,XS_s292089834.java,233,Leo,70,70,1067708.50,12999.50,65536,10,true,true,OK
java_tree,XS,XS_s292089834.java,233,GLL,70,70,1984125.50,6666.50,2097152,10,true,true,OK
java_tree,XS,XS_s292089834.java,233,RNGLR,70,70,105000.00,2333.00,16384,10,true,true,OK
java_tree,XS,XS_s292089834.java,233,BRNGLR,70,70,108792.00,2270.50,32768,10,true,true,OK
java_tree,XS,XS_s601808036.java,241,TreeSitterJava,71,71,33875.00,2083.50,245760,10,true,true,OK
java_tree,XS,XS_s601808036.java,241,Leo,71,71,1067395.50,2625.00,65536,10,true,true,OK
java_tree,XS,XS_s601808036.java,241,GLL,71,71,1924812.50,8541.50,2211840,10,true,true,OK
java_tree,XS,XS_s601808036.java,241,RNGLR,71,71,104896.00,4271.50,16384,10,true,true,OK
java_tree,XS,XS_s601808036.java,241,BRNGLR,71,71,111479.50,4479.50,16384,10,true,true,OK
java_tree,XS,XS_s232012701.java,294,TreeSitterJava,73,73,33833.50,1667.00,245760,10,true,true,OK
java_tree,XS,XS_s232012701.java,294,Leo,73,73,1212167.00,6146.00,81920,10,true,true,OK
java_tree,XS,XS_s232012701.java,294,GLL,73,73,1757375.00,4603.50,2113536,10,true,true,OK
java_tree,XS,XS_s232012701.java,294,RNGLR,73,73,101604.00,2542.00,16384,10,true,true,OK
java_tree,XS,XS_s232012701.java,294,BRNGLR,73,73,105500.00,5208.50,16384,10,true,true,OK
java_tree,XS,XS_s150725975.java,197,TreeSitterJava,76,76,36500.00,3541.50,212992,10,true,true,OK
java_tree,XS,XS_s150725975.java,197,Leo,76,76,1465708.00,18521.00,3178496,10,true,true,OK
java_tree,XS,XS_s150725975.java,197,GLL,76,76,3208417.00,6667.00,3997696,10,true,true,OK
java_tree,XS,XS_s150725975.java,197,RNGLR,76,76,120958.50,4167.00,16384,10,true,true,OK
java_tree,XS,XS_s150725975.java,197,BRNGLR,76,76,130416.50,4750.00,32768,10,true,true,OK
java_tree,XS,XS_s295967277.java,225,TreeSitterJava,76,76,35021.00,1792.00,245760,10,true,true,OK
java_tree,XS,XS_s295967277.java,225,Leo,76,76,1212124.50,5707.50,65536,10,true,true,OK
java_tree,XS,XS_s295967277.java,225,GLL,76,76,2375437.50,8645.50,2031616,10,true,true,OK
java_tree,XS,XS_s295967277.java,225,RNGLR,76,76,110354.00,2583.00,16384,10,true,true,OK
java_tree,XS,XS_s295967277.java,225,BRNGLR,76,76,114416.50,5666.50,32768,10,true,true,OK
java_tree,XS,XS_s190486388.java,245,TreeSitterJava,76,76,34458.50,1333.50,245760,10,true,true,OK
java_tree,XS,XS_s190486388.java,245,Leo,76,76,1239458.50,3708.50,81920,10,true,true,OK
java_tree,XS,XS_s190486388.java,245,GLL,76,76,2340771.00,4333.50,2097152,10,true,true,OK
java_tree,XS,XS_s190486388.java,245,RNGLR,76,76,115521.00,4958.50,16384,10,true,true,OK
java_tree,XS,XS_s190486388.java,245,BRNGLR,76,76,116250.00,3791.50,16384,10,true,true,OK
java_tree,XS,XS_s146803299.java,281,TreeSitterJava,78,78,36000.00,416.50,245760,10,true,true,OK
java_tree,XS,XS_s146803299.java,281,Leo,78,78,1202875.00,3312.50,81920,10,true,true,OK
java_tree,XS,XS_s146803299.java,281,GLL,78,78,2057375.50,3604.50,2129920,10,true,true,OK
java_tree,XS,XS_s146803299.java,281,RNGLR,78,78,110062.50,3958.50,16384,10,true,true,OK
java_tree,XS,XS_s146803299.java,281,BRNGLR,78,78,122083.50,6812.50,16384,10,true,true,OK
java_tree,XS,XS_s173324559.java,245,TreeSitterJava,79,79,35334.00,771.50,245760,10,true,true,OK
java_tree,XS,XS_s173324559.java,245,Leo,79,79,1268666.50,3895.00,81920,10,true,true,OK
java_tree,XS,XS_s173324559.java,245,GLL,79,79,2697937.50,7354.00,4210688,10,true,true,OK
java_tree,XS,XS_s173324559.java,245,RNGLR,79,79,117895.50,3812.50,32768,10,true,true,OK
java_tree,XS,XS_s173324559.java,245,BRNGLR,79,79,121354.50,2708.50,16384,10,true,true,OK
java_tree,XS,XS_s626099913.java,247,TreeSitterJava,79,79,34271.00,458.50,278528,10,true,true,OK
java_tree,XS,XS_s626099913.java,247,Leo,79,79,1219229.50,7104.50,98304,10,true,true,OK
java_tree,XS,XS_s626099913.java,247,GLL,79,79,2295084.00,5104.50,2228224,10,true,true,OK
java_tree,XS,XS_s626099913.java,247,RNGLR,79,79,111708.50,4208.00,16384,10,true,true,OK
java_tree,XS,XS_s626099913.java,247,BRNGLR,79,79,119645.50,3916.00,16384,10,true,true,OK
java_tree,XS,XS_s480566603.java,254,TreeSitterJava,79,79,38812.50,3187.50,245760,10,true,true,OK
java_tree,XS,XS_s480566603.java,254,Leo,79,79,1159895.50,6541.50,81920,10,true,true,OK
java_tree,XS,XS_s480566603.java,254,GLL,79,79,2282771.00,6604.00,2244608,10,true,true,OK
java_tree,XS,XS_s480566603.java,254,RNGLR,79,79,116063.00,4812.50,16384,10,true,true,OK
java_tree,XS,XS_s480566603.java,254,BRNGLR,79,79,118437.50,1791.50,16384,10,true,true,OK
java_tree,XS,XS_s958520081.java,268,TreeSitterJava,82,82,36916.50,1208.00,245760,10,true,true,OK
java_tree,XS,XS_s958520081.java,268,Leo,82,82,1225271.00,6271.00,81920,10,true,true,OK
java_tree,XS,XS_s958520081.java,268,GLL,82,82,2540833.50,8458.50,4177920,10,true,true,OK
java_tree,XS,XS_s958520081.java,268,RNGLR,82,82,113062.50,3729.50,16384,10,true,true,OK
java_tree,XS,XS_s958520081.java,268,BRNGLR,82,82,112416.50,1459.00,32768,10,true,true,OK
java_tree,XS,XS_s854756844.java,272,TreeSitterJava,83,83,41104.00,2854.00,245760,10,true,true,OK
java_tree,XS,XS_s854756844.java,272,Leo,83,83,1282937.50,5271.00,81920,10,true,true,OK
java_tree,XS,XS_s854756844.java,272,GLL,83,83,2703541.50,48687.50,4128768,10,true,true,OK
java_tree,XS,XS_s854756844.java,272,RNGLR,83,83,115125.00,3708.50,32768,10,true,true,OK
java_tree,XS,XS_s854756844.java,272,BRNGLR,83,83,118625.00,3292.00,16384,10,true,true,OK
java_tree,XS,XS_s247457532.java,286,TreeSitterJava,83,83,41937.50,2708.50,163840,10,true,true,OK
java_tree,XS,XS_s247457532.java,286,Leo,83,83,1168083.50,4792.00,81920,10,true,true,OK
java_tree,XS,XS_s247457532.java,286,GLL,83,83,1709854.50,6333.50,2244608,10,true,true,OK
java_tree,XS,XS_s247457532.java,286,RNGLR,83,83,112458.50,5541.50,16384,10,true,true,OK
java_tree,XS,XS_s247457532.java,286,BRNGLR,83,83,112083.50,2062.50,16384,10,true,true,OK
java_tree,XS,XS_s208500276.java,321,TreeSitterJava,83,83,37667.00,1604.00,245760,10,true,true,OK
java_tree,XS,XS_s208500276.java,321,Leo,83,83,1427812.00,16708.50,3063808,10,true,true,OK
java_tree,XS,XS_s208500276.java,321,GLL,83,83,2415937.50,12750.00,2179072,10,true,true,OK
java_tree,XS,XS_s208500276.java,321,RNGLR,83,83,117437.50,5645.50,16384,10,true,true,OK
java_tree,XS,XS_s208500276.java,321,BRNGLR,83,83,116334.00,1980.00,16384,10,true,true,OK
java_tree,XS,XS_s198634952.java,329,TreeSitterJava,83,83,37479.00,437.50,245760,10,true,true,OK
java_tree,XS,XS_s198634952.java,329,Leo,83,83,1371563.00,26896.50,3047424,10,true,true,OK
java_tree,XS,XS_s198634952.java,329,GLL,83,83,2114291.50,8229.50,2129920,10,true,true,OK
java_tree,XS,XS_s198634952.java,329,RNGLR,83,83,112542.00,2542.00,16384,10,true,true,OK
java_tree,XS,XS_s198634952.java,329,BRNGLR,83,83,117791.50,2104.50,32768,10,true,true,OK
java_tree,XS,XS_s449791855.java,244,TreeSitterJava,84,84,37667.00,916.50,245760,10,true,true,OK
java_tree,XS,XS_s449791855.java,244,Leo,84,84,1447687.50,16229.00,3080192,10,true,true,OK
java_tree,XS,XS_s449791855.java,244,GLL,84,84,2580604.00,10021.00,4063232,10,true,true,OK
java_tree,XS,XS_s449791855.java,244,RNGLR,84,84,121125.00,4271.00,16384,10,true,true,OK
java_tree,XS,XS_s449791855.java,244,BRNGLR,84,84,121646.00,1625.00,32768,10,true,true,OK
java_tree,XS,XS_s638592524.java,261,TreeSitterJava,84,84,38916.50,1250.50,262144,10,true,true,OK
java_tree,XS,XS_s638592524.java,261,Leo,84,84,1268271.00,6813.00,81920,10,true,true,OK
java_tree,XS,XS_s638592524.java,261,GLL,84,84,2540166.50,34146.00,4194304,10,true,true,OK
java_tree,XS,XS_s638592524.java,261,RNGLR,84,84,117145.50,3166.00,16384,10,true,true,OK
java_tree,XS,XS_s638592524.java,261,BRNGLR,84,84,117687.50,1937.50,32768,10,true,true,OK
java_tree,XS,XS_s400941605.java,265,TreeSitterJava,85,85,38124.50,979.00,245760,10,true,true,OK
java_tree,XS,XS_s400941605.java,265,Leo,85,85,1463250.50,22375.50,3129344,10,true,true,OK
java_tree,XS,XS_s400941605.java,265,GLL,85,85,2316646.00,5083.50,2179072,10,true,true,OK
java_tree,XS,XS_s400941605.java,265,RNGLR,85,85,121562.50,3333.50,16384,10,true,true,OK
java_tree,XS,XS_s400941605.java,265,BRNGLR,85,85,125791.00,1937.00,32768,10,true,true,OK
java_tree,XS,XS_s244590649.java,342,TreeSitterJava,86,86,40312.50,1646.00,245760,10,true,true,OK
java_tree,XS,XS_s244590649.java,342,Leo,86,86,1501833.50,21146.00,3145728,10,true,true,OK
java_tree,XS,XS_s244590649.java,342,GLL,86,86,3367083.50,15417.00,4030464,10,true,true,OK
java_tree,XS,XS_s244590649.java,342,RNGLR,86,86,133729.00,4291.00,32768,10,true,true,OK
java_tree,XS,XS_s244590649.java,342,BRNGLR,86,86,137208.50,5562.50,32768,10,true,true,OK
java_tree,XS,XS_s901148503.java,349,TreeSitterJava,89,89,40333.00,999.50,245760,10,true,true,OK
java_tree,XS,XS_s901148503.java,349,Leo,89,89,1515187.50,15229.00,3162112,10,true,true,OK
java_tree,XS,XS_s901148503.java,349,GLL,89,89,2526271.00,10146.50,4145152,10,true,true,OK
java_tree,XS,XS_s901148503.java,349,RNGLR,89,89,122021.00,4167.00,16384,10,true,true,OK
java_tree,XS,XS_s901148503.java,349,BRNGLR,89,89,126166.50,4499.50,32768,10,true,true,OK
java_tree,S,S_s408359241.java,337,TreeSitterJava,91,91,40937.50,916.50,245760,10,true,true,OK
java_tree,S,S_s408359241.java,337,Leo,91,91,1668521.00,25062.50,3112960,10,true,true,OK
java_tree,S,S_s408359241.java,337,GLL,91,91,2357291.50,8666.50,2195456,10,true,true,OK
java_tree,S,S_s408359241.java,337,RNGLR,91,91,120812.50,3520.50,16384,10,true,true,OK
java_tree,S,S_s408359241.java,337,BRNGLR,91,91,130458.50,6813.00,32768,10,true,true,OK
java_tree,S,S_s163765796.java,286,TreeSitterJava,92,92,42292.00,2312.50,245760,10,true,true,OK
java_tree,S,S_s163765796.java,286,Leo,92,92,1586917.00,20396.50,3063808,10,true,true,OK
java_tree,S,S_s163765796.java,286,GLL,92,92,2480833.00,4084.00,4079616,10,true,true,OK
java_tree,S,S_s163765796.java,286,RNGLR,92,92,126959.00,4729.00,16384,10,true,true,OK
java_tree,S,S_s163765796.java,286,BRNGLR,92,92,132437.50,4771.00,16384,10,true,true,OK
java_tree,XS,XS_s951778685.java,340,TreeSitterJava,92,92,42646.00,1020.50,262144,10,true,true,OK
java_tree,XS,XS_s951778685.java,340,Leo,92,92,1502666.50,5437.50,3031040,10,true,true,OK
java_tree,XS,XS_s951778685.java,340,GLL,92,92,2413770.50,4500.00,2195456,10,true,true,OK
java_tree,XS,XS_s951778685.java,340,RNGLR,92,92,120791.50,979.00,16384,10,true,true,OK
java_tree,XS,XS_s951778685.java,340,BRNGLR,92,92,129625.00,3291.50,32768,10,true,true,OK
java_tree,XS,XS_s639534021.java,257,TreeSitterJava,93,93,42229.50,1021.50,245760,10,true,true,OK
java_tree,XS,XS_s639534021.java,257,Leo,93,93,1426583.50,27521.00,3145728,10,true,true,OK
java_tree,XS,XS_s639534021.java,257,GLL,93,93,2876625.00,33916.50,4063232,10,true,true,OK
java_tree,XS,XS_s639534021.java,257,RNGLR,93,93,132312.50,4229.00,32768,10,true,true,OK
java_tree,XS,XS_s639534021.java,257,BRNGLR,93,93,133958.50,3333.50,32768,10,true,true,OK
java_tree,XS,XS_s030380294.java,300,TreeSitterJava,93,93,41916.50,1854.00,245760,10,true,true,OK
java_tree,XS,XS_s030380294.java,300,Leo,93,93,1484771.00,21875.50,3112960,10,true,true,OK
java_tree,XS,XS_s030380294.java,300,GLL,93,93,3149791.50,9208.50,4210688,10,true,true,OK
java_tree,XS,XS_s030380294.java,300,RNGLR,93,93,131458.50,2083.50,16384,10,true,true,OK
java_tree,XS,XS_s030380294.java,300,BRNGLR,93,93,137062.00,2458.00,16384,10,true,true,OK
java_tree,S,S_s982754558.java,310,TreeSitterJava,93,93,43041.50,2021.00,245760,10,true,true,OK
java_tree,S,S_s982754558.java,310,Leo,93,93,1626791.50,19312.00,3162112,10,true,true,OK
java_tree,S,S_s982754558.java,310,GLL,93,93,2763604.50,14750.50,4096000,10,true,true,OK
java_tree,S,S_s982754558.java,310,RNGLR,93,93,127562.50,4271.00,32768,10,true,true,OK
java_tree,S,S_s982754558.java,310,BRNGLR,93,93,125958.50,2146.00,16384,10,true,true,OK
java_tree,S,S_s078748049.java,375,TreeSitterJava,93,93,41687.50,1541.00,245760,10,true,true,OK
java_tree,S,S_s078748049.java,375,Leo,93,93,1488729.00,24438.00,2998272,10,true,true,OK
java_tree,S,S_s078748049.java,375,GLL,93,93,2400041.50,3375.00,2146304,10,true,true,OK
java_tree,S,S_s078748049.java,375,RNGLR,93,93,124395.50,2916.50,32768,10,true,true,OK
java_tree,S,S_s078748049.java,375,BRNGLR,93,93,130125.00,2396.00,32768,10,true,true,OK
java_tree,XS,XS_s119836700.java,322,TreeSitterJava,94,94,42250.00,1479.50,245760,10,true,true,OK
java_tree,XS,XS_s119836700.java,322,Leo,94,94,1621374.50,29667.00,3096576,10,true,true,OK
java_tree,XS,XS_s119836700.java,322,GLL,94,94,2627208.50,3146.00,4014080,10,true,true,OK
java_tree,XS,XS_s119836700.java,322,RNGLR,94,94,140937.50,3624.50,16384,10,true,true,OK
java_tree,XS,XS_s119836700.java,322,BRNGLR,94,94,131520.50,2458.00,16384,10,true,true,OK
java_tree,XS,XS_s913096469.java,269,TreeSitterJava,95,95,46708.50,791.50,278528,10,true,true,OK
java_tree,XS,XS_s913096469.java,269,Leo,95,95,1554583.00,26166.50,3293184,10,true,true,OK
java_tree,XS,XS_s913096469.java,269,GLL,95,95,3294708.50,9708.00,4128768,10,true,true,OK
java_tree,XS,XS_s913096469.java,269,RNGLR,95,95,157853.50,1854.00,16384,10,true,true,OK
java_tree,XS,XS_s913096469.java,269,BRNGLR,95,95,161604.00,2791.50,16384,10,true,true,OK
java_tree,XS,XS_s558062435.java,299,TreeSitterJava,95,95,41916.50,1291.00,245760,10,true,true,OK
java_tree,XS,XS_s558062435.java,299,Leo,95,95,1604771.00,19605.00,3194880,10,true,true,OK
java_tree,XS,XS_s558062435.java,299,GLL,95,95,2845208.00,7104.50,4161536,10,true,true,OK
java_tree,XS,XS_s558062435.java,299,RNGLR,95,95,127125.00,4271.00,16384,10,true,true,OK
java_tree,XS,XS_s558062435.java,299,BRNGLR,95,95,132958.50,3875.50,16384,10,true,true,OK
java_tree,XS,XS_s030362259.java,410,TreeSitterJava,95,95,42083.50,167.00,262144,10,true,true,OK
java_tree,XS,XS_s030362259.java,410,Leo,95,95,1606625.50,34958.00,3063808,10,true,true,OK
java_tree,XS,XS_s030362259.java,410,GLL,95,95,2662666.50,6562.50,3997696,10,true,true,OK
java_tree,XS,XS_s030362259.java,410,RNGLR,95,95,124583.50,1958.00,16384,10,true,true,OK
java_tree,XS,XS_s030362259.java,410,BRNGLR,95,95,126083.50,2437.50,16384,10,true,true,OK
java_tree,XS,XS_s444003933.java,252,TreeSitterJava,96,96,44854.50,2208.50,262144,10,true,true,OK
java_tree,XS,XS_s444003933.java,252,Leo,96,96,1529187.50,21500.00,3129344,10,true,true,OK
java_tree,XS,XS_s444003933.java,252,GLL,96,96,3287958.00,12166.50,4112384,10,true,true,OK
java_tree,XS,XS_s444003933.java,252,RNGLR,96,96,133833.50,4584.00,16384,10,true,true,OK
java_tree,XS,XS_s444003933.java,252,BRNGLR,96,96,134458.50,1833.00,32768,10,true,true,OK
java_tree,XS,XS_s571847024.java,288,TreeSitterJava,96,96,43396.00,2208.50,245760,10,true,true,OK
java_tree,XS,XS_s571847024.java,288,Leo,96,96,1471645.50,30041.00,3063808,10,true,true,OK
java_tree,XS,XS_s571847024.java,288,GLL,96,96,2624645.50,10999.50,4145152,10,true,true,OK
java_tree,XS,XS_s571847024.java,288,RNGLR,96,96,125729.50,3354.50,16384,10,true,true,OK
java_tree,XS,XS_s571847024.java,288,BRNGLR,96,96,131125.00,2646.00,32768,10,true,true,OK
java_tree,XS,XS_s001265455.java,369,TreeSitterJava,96,96,43625.00,2146.00,262144,10,true,true,OK
java_tree,XS,XS_s001265455.java,369,Leo,96,96,1547541.50,14062.50,3063808,10,true,true,OK
java_tree,XS,XS_s001265455.java,369,GLL,96,96,2578833.50,11312.00,4161536,10,true,true,OK
java_tree,XS,XS_s001265455.java,369,RNGLR,96,96,126250.00,3687.50,16384,10,true,true,OK
java_tree,XS,XS_s001265455.java,369,BRNGLR,96,96,137708.00,9021.00,16384,10,true,true,OK
java_tree,XS,XS_s015706033.java,374,TreeSitterJava,98,98,42062.50,250.00,245760,10,true,true,OK
java_tree,XS,XS_s015706033.java,374,Leo,98,98,1858687.50,13937.50,2392064,10,true,true,OK
java_tree,XS,XS_s015706033.java,374,GLL,98,98,3581625.00,16146.00,4177920,10,true,true,OK
java_tree,XS,XS_s015706033.java,374,RNGLR,98,98,166125.00,4958.50,16384,10,true,true,OK
java_tree,XS,XS_s015706033.java,374,BRNGLR,98,98,177875.00,3146.00,32768,10,true,true,OK
java_tree,S,S_s151416358.java,441,TreeSitterJava,99,99,44312.50,979.00,262144,10,true,true,OK
java_tree,S,S_s151416358.java,441,Leo,99,99,1666687.50,11479.50,3145728,10,true,true,OK
java_tree,S,S_s151416358.java,441,GLL,99,99,3253896.00,16021.00,4161536,10,true,true,OK
java_tree,S,S_s151416358.java,441,RNGLR,99,99,135375.00,2604.00,16384,10,true,true,OK
java_tree,S,S_s151416358.java,441,BRNGLR,99,99,134146.00,4271.50,16384,10,true,true,OK
java_tree,S,S_s711838205.java,330,TreeSitterJava,100,100,42395.50,541.50,245760,10,true,true,OK
java_tree,S,S_s711838205.java,330,Leo,100,100,1651000.00,29000.00,3162112,10,true,true,OK
java_tree,S,S_s711838205.java,330,GLL,100,100,2626208.50,13875.00,4161536,10,true,true,OK
java_tree,S,S_s711838205.java,330,RNGLR,100,100,130354.50,6416.50,16384,10,true,true,OK
java_tree,S,S_s711838205.java,330,BRNGLR,100,100,131166.50,2541.50,16384,10,true,true,OK
java_tree,S,S_s977414233.java,355,TreeSitterJava,101,101,45083.50,1021.00,245760,10,true,true,OK
java_tree,S,S_s977414233.java,355,Leo,101,101,1701812.50,19812.00,3096576,10,true,true,OK
java_tree,S,S_s977414233.java,355,GLL,101,101,3183062.00,7416.00,4227072,10,true,true,OK
java_tree,S,S_s977414233.java,355,RNGLR,101,101,139458.50,7334.00,32768,10,true,true,OK
java_tree,S,S_s977414233.java,355,BRNGLR,101,101,144062.50,5395.50,32768,10,true,true,OK
java_tree,XS,XS_s731346104.java,367,TreeSitterJava,103,103,46104.50,1729.50,245760,10,true,true,OK
java_tree,XS,XS_s731346104.java,367,Leo,103,103,1603542.00,12542.00,3162112,10,true,true,OK
java_tree,XS,XS_s731346104.java,367,GLL,103,103,3234437.50,6271.00,4145152,10,true,true,OK
java_tree,XS,XS_s731346104.java,367,RNGLR,103,103,138833.00,4375.00,32768,10,true,true,OK
java_tree,XS,XS_s731346104.java,367,BRNGLR,103,103,141333.00,2978.50,16384,10,true,true,OK
java_tree,S,S_s511528905.java,368,TreeSitterJava,106,106,45833.50,667.00,245760,10,true,true,OK
java_tree,S,S_s511528905.java,368,Leo,106,106,1720812.50,36896.00,3211264,10,true,true,OK
java_tree,S,S_s511528905.java,368,GLL,106,106,3684791.50,6458.00,4177920,10,true,true,OK
java_tree,S,S_s511528905.java,368,RNGLR,106,106,138937.50,2687.50,32768,10,true,true,OK
java_tree,S,S_s511528905.java,368,BRNGLR,106,106,146583.50,4875.00,32768,10,true,true,OK
java_tree,XS,XS_s980565836.java,431,TreeSitterJava,116,116,50770.50,207.50,245760,10,true,true,OK
java_tree,XS,XS_s980565836.java,431,Leo,116,116,1651770.50,5896.50,3112960,10,true,true,OK
java_tree,XS,XS_s980565836.java,431,GLL,116,116,3363354.00,12062.00,4145152,10,true,true,OK
java_tree,XS,XS_s980565836.java,431,RNGLR,116,116,161854.00,5270.50,32768,10,true,true,OK
java_tree,XS,XS_s980565836.java,431,BRNGLR,116,116,175375.00,3625.00,49152,10,true,true,OK
java_tree,S,S_s255815331.java,388,TreeSitterJava,119,119,53167.00,1292.00,294912,10,true,true,OK
java_tree,S,S_s255815331.java,388,Leo,119,119,2079292.00,8958.00,2064384,10,true,true,OK
java_tree,S,S_s255815331.java,388,GLL,119,119,3695187.50,7458.50,4177920,10,true,true,OK
java_tree,S,S_s255815331.java,388,RNGLR,119,119,152312.50,1687.50,16384,10,true,true,OK
java_tree,S,S_s255815331.java,388,BRNGLR,119,119,164916.50,7583.50,32768,10,true,true,OK
java_tree,S,S_s961863388.java,449,TreeSitterJava,120,120,53791.50,625.00,262144,10,true,true,OK
java_tree,S,S_s961863388.java,449,Leo,120,120,1988770.50,3291.50,2457600,10,true,true,OK
java_tree,S,S_s961863388.java,449,GLL,120,120,3410520.50,10374.50,4096000,10,true,true,OK
java_tree,S,S_s961863388.java,449,RNGLR,120,120,158229.50,3375.50,32768,10,true,true,OK
java_tree,S,S_s961863388.java,449,BRNGLR,120,120,159958.00,2666.50,49152,10,true,true,OK
java_tree,XS,XS_s701531030.java,320,TreeSitterJava,121,121,54562.50,1312.00,245760,10,true,true,OK
java_tree,XS,XS_s701531030.java,320,Leo,121,121,2423666.00,5582.50,2015232,10,true,true,OK
java_tree,XS,XS_s701531030.java,320,GLL,121,121,5462937.50,8708.50,8060928,10,true,true,OK
java_tree,XS,XS_s701531030.java,320,RNGLR,121,121,407750.00,2187.50,16384,10,true,true,OK
java_tree,XS,XS_s701531030.java,320,BRNGLR,121,121,436687.50,4999.50,32768,10,true,true,OK
java_tree,XS,XS_s578346318.java,390,TreeSitterJava,121,121,52291.50,999.50,245760,10,true,true,OK
java_tree,XS,XS_s578346318.java,390,Leo,121,121,2072375.00,8458.50,2162688,10,true,true,OK
java_tree,XS,XS_s578346318.java,390,GLL,121,121,4206125.00,16437.50,4702208,10,true,true,OK
java_tree,XS,XS_s578346318.java,390,RNGLR,121,121,153479.00,5687.50,16384,10,true,true,OK
java_tree,XS,XS_s578346318.java,390,BRNGLR,121,121,158353.50,4333.50,49152,10,true,true,OK
java_tree,S,S_s805303013.java,449,TreeSitterJava,122,122,52208.00,1313.00,245760,10,true,true,OK
java_tree,S,S_s805303013.java,449,Leo,122,122,1939041.50,7021.00,2490368,10,true,true,OK
java_tree,S,S_s805303013.java,449,GLL,122,122,3378021.00,10208.50,4210688,10,true,true,OK
java_tree,S,S_s805303013.java,449,RNGLR,122,122,152646.00,3687.00,16384,10,true,true,OK
java_tree,S,S_s805303013.java,449,BRNGLR,122,122,157687.00,2020.00,16384,10,true,true,OK
java_tree,S,S_s292122123.java,411,TreeSitterJava,123,123,54479.00,1416.50,262144,10,true,true,OK
java_tree,S,S_s292122123.java,411,Leo,123,123,2193833.50,12500.00,1998848,10,true,true,OK
java_tree,S,S_s292122123.java,411,GLL,123,123,3659333.50,20854.50,4145152,10,true,true,OK
java_tree,S,S_s292122123.java,411,RNGLR,123,123,156999.50,5958.00,16384,10,true,true,OK
java_tree,S,S_s292122123.java,411,BRNGLR,123,123,160062.50,2291.50,49152,10,true,true,OK
java_tree,XS,XS_s641717952.java,354,TreeSitterJava,125,125,54562.50,1417.00,278528,10,true,true,OK
java_tree,XS,XS_s641717952.java,354,Leo,125,125,2117896.00,4542.00,2162688,10,true,true,OK
java_tree,XS,XS_s641717952.java,354,GLL,125,125,4172167.00,23375.50,4554752,10,true,true,OK
java_tree,XS,XS_s641717952.java,354,RNGLR,125,125,200270.50,5124.50,49152,10,true,true,OK
java_tree,XS,XS_s641717952.java,354,BRNGLR,125,125,216541.50,3062.50,32768,10,true,true,OK
java_tree,S,S_s818358286.java,418,TreeSitterJava,125,125,53875.00,2104.00,245760,10,true,true,OK
java_tree,S,S_s818358286.java,418,Leo,125,125,2171938.00,8292.00,2129920,10,true,true,OK
java_tree,S,S_s818358286.java,418,GLL,125,125,3668937.50,19104.00,4128768,10,true,true,OK
java_tree,S,S_s818358286.java,418,RNGLR,125,125,164208.50,5854.50,32768,10,true,true,OK
java_tree,S,S_s818358286.java,418,BRNGLR,125,125,178270.50,8791.50,49152,10,true,true,OK
java_tree,M,M_s407442474.java,470,TreeSitterJava,126,126,55271.00,896.00,245760,10,true,true,OK
java_tree,M,M_s407442474.java,470,Leo,126,126,2197792.00,20250.50,2064384,10,true,true,OK
java_tree,M,M_s407442474.java,470,GLL,126,126,4469145.50,26374.50,4685824,10,true,true,OK
java_tree,M,M_s407442474.java,470,RNGLR,126,126,168166.50,3124.50,16384,10,true,true,OK
java_tree,M,M_s407442474.java,470,BRNGLR,126,126,173625.00,3708.00,49152,10,true,true,OK
java_tree,S,S_s130300570.java,462,TreeSitterJava,128,128,55520.50,1125.00,245760,10,true,true,OK
java_tree,S,S_s130300570.java,462,Leo,128,128,2264604.50,7458.50,2048000,10,true,true,OK
java_tree,S,S_s130300570.java,462,GLL,128,128,3998583.00,10604.00,4587520,10,true,true,OK
java_tree,S,S_s130300570.java,462,RNGLR,128,128,171645.50,2374.50,16384,10,true,true,OK
java_tree,S,S_s130300570.java,462,BRNGLR,128,128,179645.50,3229.00,16384,10,true,true,OK
java_tree,S,S_s637681489.java,432,TreeSitterJava,133,133,60312.50,2229.00,245760,10,true,true,OK
java_tree,S,S_s637681489.java,432,Leo,133,133,2357479.00,8667.00,2097152,10,true,true,OK
java_tree,S,S_s637681489.java,432,GLL,133,133,4809437.50,27166.50,4620288,10,true,true,OK
java_tree,S,S_s637681489.java,432,RNGLR,133,133,205520.50,2083.00,16384,10,true,true,OK
java_tree,S,S_s637681489.java,432,BRNGLR,133,133,220646.00,5584.00,16384,10,true,true,OK
java_tree,S,S_s337273069.java,746,TreeSitterJava,137,137,62062.50,1021.00,245760,10,true,true,OK
java_tree,S,S_s337273069.java,746,Leo,137,137,2021958.00,10374.50,2359296,10,true,true,OK
java_tree,S,S_s337273069.java,746,GLL,137,137,3645500.00,11270.50,4210688,10,true,true,OK
java_tree,S,S_s337273069.java,746,RNGLR,137,137,173083.50,3354.00,16384,10,true,true,OK
java_tree,S,S_s337273069.java,746,BRNGLR,137,137,218333.50,33333.50,32768,10,true,true,OK
java_tree,S,S_s728598030.java,539,TreeSitterJava,138,138,60917.00,1167.00,262144,10,true,true,OK
java_tree,S,S_s728598030.java,539,Leo,138,138,2386187.50,6645.50,2113536,10,true,true,OK
java_tree,S,S_s728598030.java,539,GLL,138,138,5009146.00,23124.50,7815168,10,true,true,OK
java_tree,S,S_s728598030.java,539,RNGLR,138,138,180604.50,5749.50,16384,10,true,true,OK
java_tree,S,S_s728598030.java,539,BRNGLR,138,138,187312.50,2792.00,32768,10,true,true,OK
java_tree,S,S_s050716293.java,392,TreeSitterJava,141,141,62687.50,3500.00,196608,10,true,true,OK
java_tree,S,S_s050716293.java,392,Leo,141,141,2480833.50,8854.50,2097152,10,true,true,OK
java_tree,S,S_s050716293.java,392,GLL,141,141,5513291.50,14312.50,7766016,10,true,true,OK
java_tree,S,S_s050716293.java,392,RNGLR,141,141,208042.00,5562.50,16384,10,true,true,OK
java_tree,S,S_s050716293.java,392,BRNGLR,141,141,213417.00,3021.00,32768,10,true,true,OK
java_tree,S,S_s555402804.java,446,TreeSitterJava,141,141,61979.00,2083.50,245760,10,true,true,OK
java_tree,S,S_s555402804.java,446,Leo,141,141,2541042.00,7854.50,2146304,10,true,true,OK
java_tree,S,S_s555402804.java,446,GLL,141,141,5626416.00,13417.00,7766016,10,true,true,OK
java_tree,S,S_s555402804.java,446,RNGLR,141,141,207520.50,3520.50,16384,10,true,true,OK
java_tree,S,S_s555402804.java,446,BRNGLR,141,141,213562.50,2916.50,32768,10,true,true,OK
java_tree,S,S_s924038490.java,553,TreeSitterJava,143,143,63646.00,1563.00,245760,10,true,true,OK
java_tree,S,S_s924038490.java,553,Leo,143,143,2359041.50,2333.00,2015232,10,true,true,OK
java_tree,S,S_s924038490.java,553,GLL,143,143,3903374.50,9499.50,4734976,10,true,true,OK
java_tree,S,S_s924038490.java,553,RNGLR,143,143,176416.50,4104.50,32768,10,true,true,OK
java_tree,S,S_s924038490.java,553,BRNGLR,143,143,187187.00,2957.50,16384,10,true,true,OK
java_tree,S,S_s767870752.java,493,TreeSitterJava,145,145,65563.00,1646.00,262144,10,true,true,OK
java_tree,S,S_s767870752.java,493,Leo,145,145,2486854.00,11250.00,2048000,10,true,true,OK
java_tree,S,S_s767870752.java,493,GLL,145,145,4429021.00,14229.50,4751360,10,true,true,OK
java_tree,S,S_s767870752.java,493,RNGLR,145,145,203958.50,4041.00,16384,10,true,true,OK
java_tree,S,S_s767870752.java,493,BRNGLR,145,145,224729.50,12417.00,16384,10,true,true,OK
java_tree,M,M_s840353620.java,681,TreeSitterJava,145,145,66667.00,1667.00,196608,10,true,true,OK
java_tree,M,M_s840353620.java,681,Leo,145,145,2647709.00,15584.00,1851392,10,true,true,OK
java_tree,M,M_s840353620.java,681,GLL,145,145,3631896.00,5208.00,4112384,10,true,true,OK
java_tree,M,M_s840353620.java,681,RNGLR,145,145,216874.50,4979.50,32768,10,true,true,OK
java_tree,M,M_s840353620.java,681,BRNGLR,145,145,212959.00,2938.50,32768,10,true,true,OK
java_tree,S,S_s934947693.java,373,TreeSitterJava,147,147,62875.00,4166.50,229376,10,true,true,OK
java_tree,S,S_s934947693.java,373,Leo,147,147,2476333.00,5895.50,2179072,10,true,true,OK
java_tree,S,S_s934947693.java,373,GLL,147,147,5533520.50,19646.00,7700480,10,true,true,OK
java_tree,S,S_s934947693.java,373,RNGLR,147,147,192000.00,5167.00,16384,10,true,true,OK
java_tree,S,S_s934947693.java,373,BRNGLR,147,147,199812.50,3312.50,32768,10,true,true,OK
java_tree,S,S_s567549736.java,431,TreeSitterJava,147,147,66104.50,2271.50,245760,10,true,true,OK
java_tree,S,S_s567549736.java,431,Leo,147,147,2714458.50,15000.50,6471680,10,true,true,OK
java_tree,S,S_s567549736.java,431,GLL,147,147,4815771.00,15938.00,4603904,10,true,true,OK
java_tree,S,S_s567549736.java,431,RNGLR,147,147,187667.00,4229.00,16384,10,true,true,OK
java_tree,S,S_s567549736.java,431,BRNGLR,147,147,199146.00,2895.50,16384,10,true,true,OK
java_tree,S,S_s376077123.java,757,TreeSitterJava,147,147,62354.50,479.00,262144,10,true,true,OK
java_tree,S,S_s376077123.java,757,Leo,147,147,2050979.00,4750.00,2375680,10,true,true,OK
java_tree,S,S_s376077123.java,757,GLL,147,147,3427791.50,14749.50,4276224,10,true,true,OK
java_tree,S,S_s376077123.java,757,RNGLR,147,147,189374.50,7312.50,16384,10,true,true,OK
java_tree,S,S_s376077123.java,757,BRNGLR,147,147,183958.00,2770.50,16384,10,true,true,OK
java_tree,S,S_s549020308.java,435,TreeSitterJava,148,148,61604.00,1979.00,245760,10,true,true,OK
java_tree,S,S_s549020308.java,435,Leo,148,148,2774438.00,14270.50,6438912,10,true,true,OK
java_tree,S,S_s549020308.java,435,GLL,148,148,4787187.50,22958.50,4685824,10,true,true,OK
java_tree,S,S_s549020308.java,435,RNGLR,148,148,181896.00,3521.00,16384,10,true,true,OK
java_tree,S,S_s549020308.java,435,BRNGLR,148,148,185729.50,3542.00,16384,10,true,true,OK
java_tree,S,S_s958158130.java,484,TreeSitterJava,148,148,62229.00,1187.50,212992,10,true,true,OK
java_tree,S,S_s958158130.java,484,Leo,148,148,1961791.50,10833.50,2473984,10,true,true,OK
java_tree,S,S_s958158130.java,484,GLL,148,148,4154729.00,5604.00,4718592,10,true,true,OK
java_tree,S,S_s958158130.java,484,RNGLR,148,148,198771.00,4521.00,16384,10,true,true,OK
java_tree,S,S_s958158130.java,484,BRNGLR,148,148,205167.00,3249.50,32768,10,true,true,OK
java_tree,S,S_s237009727.java,571,TreeSitterJava,148,148,60625.00,750.00,262144,10,true,true,OK
java_tree,S,S_s237009727.java,571,Leo,148,148,2339791.50,3625.00,2031616,10,true,true,OK
java_tree,S,S_s237009727.java,571,GLL,148,148,3320271.00,5125.50,4276224,10,true,true,OK
java_tree,S,S_s237009727.java,571,RNGLR,148,148,178396.50,3875.50,32768,10,true,true,OK
java_tree,S,S_s237009727.java,571,BRNGLR,148,148,190312.50,4312.50,32768,10,true,true,OK
java_tree,S,S_s621679284.java,501,TreeSitterJava,152,152,65228.50,1166.50,245760,10,true,true,OK
java_tree,S,S_s621679284.java,501,Leo,152,152,2508146.00,7791.50,2162688,10,true,true,OK
java_tree,S,S_s621679284.java,501,GLL,152,152,5077854.00,20166.50,7798784,10,true,true,OK
java_tree,S,S_s621679284.java,501,RNGLR,152,152,193000.00,4021.00,32768,10,true,true,OK
java_tree,S,S_s621679284.java,501,BRNGLR,152,152,194937.50,2646.00,16384,10,true,true,OK
java_tree,S,S_s025521627.java,495,TreeSitterJava,153,153,64624.50,2020.50,262144,10,true,true,OK
java_tree,S,S_s025521627.java,495,Leo,153,153,2564687.50,7166.50,2146304,10,true,true,OK
java_tree,S,S_s025521627.java,495,GLL,153,153,5053875.50,9249.50,7716864,10,true,true,OK
java_tree,S,S_s025521627.java,495,RNGLR,153,153,205771.00,6541.50,16384,10,true,true,OK
java_tree,S,S_s025521627.java,495,BRNGLR,153,153,197187.50,3687.50,16384,10,true,true,OK
java_tree,S,S_s305503491.java,533,TreeSitterJava,154,154,68791.50,3437.50,245760,10,true,true,OK
java_tree,S,S_s305503491.java,533,Leo,154,154,2948687.50,9917.00,6569984,10,true,true,OK
java_tree,S,S_s305503491.java,533,GLL,154,154,5434812.50,7667.00,7913472,10,true,true,OK
java_tree,S,S_s305503491.java,533,RNGLR,154,154,230000.00,4063.00,32768,10,true,true,OK
java_tree,S,S_s305503491.java,533,BRNGLR,154,154,238250.50,2000.00,32768,10,true,true,OK
java_tree,S,S_s981963759.java,510,TreeSitterJava,159,159,68208.00,2583.50,245760,10,true,true,OK
java_tree,S,S_s981963759.java,510,Leo,159,159,3156646.00,9812.50,6717440,10,true,true,OK
java_tree,S,S_s981963759.java,510,GLL,159,159,7150874.50,37354.00,8519680,10,true,true,OK
java_tree,S,S_s981963759.java,510,RNGLR,159,159,203541.50,4375.00,32768,10,true,true,OK
java_tree,S,S_s981963759.java,510,BRNGLR,159,159,206229.50,1833.00,32768,10,true,true,OK
java_tree,M,M_s601559149.java,522,TreeSitterJava,161,161,66916.50,1000.50,245760,10,true,true,OK
java_tree,M,M_s601559149.java,522,Leo,161,161,3128417.00,13980.00,6635520,10,true,true,OK
java_tree,M,M_s601559149.java,522,GLL,161,161,6307750.00,17979.50,7798784,10,true,true,OK
java_tree,M,M_s601559149.java,522,RNGLR,161,161,210896.00,2875.00,32768,10,true,true,OK
java_tree,M,M_s601559149.java,522,BRNGLR,161,161,215312.50,1458.50,16384,10,true,true,OK
java_tree,S,S_s226103793.java,703,TreeSitterJava,162,162,70458.00,2208.50,229376,10,true,true,OK
java_tree,S,S_s226103793.java,703,Leo,162,162,2419166.50,9041.50,2064384,10,true,true,OK
java_tree,S,S_s226103793.java,703,GLL,162,162,4467145.50,8500.00,4915200,10,true,true,OK
java_tree,S,S_s226103793.java,703,RNGLR,162,162,201041.50,4666.50,32768,10,true,true,OK
java_tree,S,S_s226103793.java,703,BRNGLR,162,162,212875.00,5999.50,16384,10,true,true,OK
java_tree,S,S_s345226211.java,550,TreeSitterJava,163,163,68000.00,2270.50,245760,10,true,true,OK
java_tree,S,S_s345226211.java,550,Leo,163,163,2985271.00,35229.00,6651904,10,true,true,OK
java_tree,S,S_s345226211.java,550,GLL,163,163,6350000.00,9813.00,8568832,10,true,true,OK
java_tree,S,S_s345226211.java,550,RNGLR,163,163,213479.50,3125.50,32768,10,true,true,OK
java_tree,S,S_s345226211.java,550,BRNGLR,163,163,221625.00,5833.00,32768,10,true,true,OK
java_tree,S,S_s503482652.java,592,TreeSitterJava,163,163,70000.50,2646.00,262144,10,true,true,OK
java_tree,S,S_s503482652.java,592,Leo,163,163,2795791.50,33021.00,6553600,10,true,true,OK
java_tree,S,S_s503482652.java,592,GLL,163,163,5485209.00,16479.00,7864320,10,true,true,OK
java_tree,S,S_s503482652.java,592,RNGLR,163,163,201896.00,2791.50,32768,10,true,true,OK
java_tree,S,S_s503482652.java,592,BRNGLR,163,163,218563.00,7437.50,16384,10,true,true,OK
java_tree,S,S_s258522648.java,463,TreeSitterJava,165,165,71729.00,4999.50,245760,10,true,true,OK
java_tree,S,S_s258522648.java,463,Leo,165,165,2900687.50,40812.50,6569984,10,true,true,OK
java_tree,S,S_s258522648.java,463,GLL,165,165,5763812.00,18208.00,7782400,10,true,true,OK
java_tree,S,S_s258522648.java,463,RNGLR,165,165,207396.00,5708.00,32768,10,true,true,OK
java_tree,S,S_s258522648.java,463,BRNGLR,165,165,222708.50,10145.50,16384,10,true,true,OK
java_tree,S,S_s681306313.java,500,TreeSitterJava,167,167,78583.00,3228.50,245760,10,true,true,OK
java_tree,S,S_s681306313.java,500,Leo,167,167,3317750.00,9250.00,6471680,10,true,true,OK
java_tree,S,S_s681306313.java,500,GLL,167,167,6821708.00,32520.50,8896512,10,true,true,OK
java_tree,S,S_s681306313.java,500,RNGLR,167,167,381292.00,2937.50,32768,10,true,true,OK
java_tree,S,S_s681306313.java,500,BRNGLR,167,167,423833.00,4354.00,16384,10,true,true,OK
java_tree,S,S_s571709704.java,517,TreeSitterJava,168,168,71687.00,1958.50,245760,10,true,true,OK
java_tree,S,S_s571709704.java,517,Leo,168,168,2915583.00,6479.00,6553600,10,true,true,OK
java_tree,S,S_s571709704.java,517,GLL,168,168,6289499.50,22479.00,7766016,10,true,true,OK
java_tree,S,S_s571709704.java,517,RNGLR,168,168,229479.00,2937.50,32768,10,true,true,OK
java_tree,S,S_s571709704.java,517,BRNGLR,168,168,239771.00,2166.50,32768,10,true,true,OK
java_tree,M,M_s958635455.java,829,TreeSitterJava,170,170,71687.00,2333.50,262144,10,true,true,OK
java_tree,M,M_s958635455.java,829,Leo,170,170,2350229.00,10187.00,2064384,10,true,true,OK
java_tree,M,M_s958635455.java,829,GLL,170,170,4198562.00,10354.00,4751360,10,true,true,OK
java_tree,M,M_s958635455.java,829,RNGLR,170,170,204291.50,2895.50,16384,10,true,true,OK
java_tree,M,M_s958635455.java,829,BRNGLR,170,170,210291.50,4520.50,32768,10,true,true,OK
java_tree,M,M_s415685481.java,864,TreeSitterJava,171,171,71395.50,2062.00,245760,10,true,true,OK
java_tree,M,M_s415685481.java,864,Leo,171,171,3583479.00,6937.50,6144000,10,true,true,OK
java_tree,M,M_s415685481.java,864,GLL,171,171,6921167.00,15208.00,8552448,10,true,true,OK
java_tree,M,M_s415685481.java,864,RNGLR,171,171,206916.50,1750.50,32768,10,true,true,OK
java_tree,M,M_s415685481.java,864,BRNGLR,171,171,213396.00,4208.00,32768,10,true,true,OK
java_tree,S,S_s129682606.java,515,TreeSitterJava,174,174,72479.00,2083.50,262144,10,true,true,OK
java_tree,S,S_s129682606.java,515,Leo,174,174,3326458.50,17188.00,6651904,10,true,true,OK
java_tree,S,S_s129682606.java,515,GLL,174,174,5878604.50,5250.00,7684096,10,true,true,OK
java_tree,S,S_s129682606.java,515,RNGLR,174,174,216666.50,3625.00,16384,10,true,true,OK
java_tree,S,S_s129682606.java,515,BRNGLR,174,174,221375.00,1666.50,32768,10,true,true,OK
java_tree,S,S_s736129604.java,426,TreeSitterJava,177,177,75500.00,1500.00,262144,10,true,true,OK
java_tree,S,S_s736129604.java,426,Leo,177,177,3006458.50,4750.00,6553600,10,true,true,OK
java_tree,S,S_s736129604.java,426,GLL,177,177,7350187.50,14458.00,8470528,10,true,true,OK
java_tree,S,S_s736129604.java,426,RNGLR,177,177,232020.50,4833.00,32768,10,true,true,OK
java_tree,S,S_s736129604.java,426,BRNGLR,177,177,243458.50,10458.50,16384,10,true,true,OK
java_tree,S,S_s521193014.java,571,TreeSitterJava,177,177,76583.50,1541.50,229376,10,true,true,OK
java_tree,S,S_s521193014.java,571,Leo,177,177,2889687.50,21062.50,6193152,10,true,true,OK
java_tree,S,S_s521193014.java,571,GLL,177,177,5706271.00,12063.00,7749632,10,true,true,OK
java_tree,S,S_s521193014.java,571,RNGLR,177,177,221312.50,4479.50,16384,10,true,true,OK
java_tree,S,S_s521193014.java,571,BRNGLR,177,177,228791.50,2083.00,32768,10,true,true,OK
java_tree,M,M_s785944109.java,975,TreeSitterJava,180,180,80209.00,1604.50,245760,10,true,true,OK
java_tree,M,M_s785944109.java,975,Leo,180,180,2827666.50,29541.50,6471680,10,true,true,OK
java_tree,M,M_s785944109.java,975,GLL,180,180,4789250.00,13396.00,4603904,10,true,true,OK
java_tree,M,M_s785944109.java,975,RNGLR,180,180,218416.50,4479.50,16384,10,true,true,OK
java_tree,M,M_s785944109.java,975,BRNGLR,180,180,225083.00,3229.00,16384,10,true,true,OK
java_tree,S,S_s856870740.java,562,TreeSitterJava,181,181,75854.50,833.00,245760,10,true,true,OK
java_tree,S,S_s856870740.java,562,Leo,181,181,3497875.50,12272.00,5013504,10,true,true,OK
java_tree,S,S_s856870740.java,562,GLL,181,181,9198250.00,14291.50,8994816,10,true,true,OK
java_tree,S,S_s856870740.java,562,RNGLR,181,181,281500.00,2875.00,16384,10,true,true,OK
java_tree,S,S_s856870740.java,562,BRNGLR,181,181,291979.00,4187.00,16384,10,true,true,OK
java_tree,S,S_s893649729.java,647,TreeSitterJava,183,183,83542.00,1625.50,262144,10,true,true,OK
java_tree,S,S_s893649729.java,647,Leo,183,183,2924291.00,5749.00,6602752,10,true,true,OK
java_tree,S,S_s893649729.java,647,GLL,183,183,6350687.50,18104.00,8552448,10,true,true,OK
java_tree,S,S_s893649729.java,647,RNGLR,183,183,224646.00,2854.00,32768,10,true,true,OK
java_tree,S,S_s893649729.java,647,BRNGLR,183,183,229020.50,3146.00,32768,10,true,true,OK
java_tree,M,M_s824283869.java,551,TreeSitterJava,185,185,80270.50,1916.50,245760,10,true,true,OK
java_tree,M,M_s824283869.java,551,Leo,185,185,3313916.50,17687.50,6717440,10,true,true,OK
java_tree,M,M_s824283869.java,551,GLL,185,185,7418208.50,32291.50,8486912,10,true,true,OK
java_tree,M,M_s824283869.java,551,RNGLR,185,185,230979.00,4812.50,16384,10,true,true,OK
java_tree,M,M_s824283869.java,551,BRNGLR,185,185,236500.00,1937.50,32768,10,true,true,OK
java_tree,M,M_s793430617.java,954,TreeSitterJava,185,185,84833.50,1854.50,262144,10,true,true,OK
java_tree,M,M_s793430617.java,954,Leo,185,185,2812104.00,29562.50,6389760,10,true,true,OK
java_tree,M,M_s793430617.java,954,GLL,185,185,4650270.50,14271.00,4784128,10,true,true,OK
java_tree,M,M_s793430617.java,954,RNGLR,185,185,215687.50,1937.50,16384,10,true,true,OK
java_tree,M,M_s793430617.java,954,BRNGLR,185,185,244313.00,13375.50,16384,10,true,true,OK
java_tree,S,S_s581818069.java,557,TreeSitterJava,188,188,84541.50,4416.50,245760,10,true,true,OK
java_tree,S,S_s581818069.java,557,Leo,188,188,3276604.50,12541.50,6750208,10,true,true,OK
java_tree,S,S_s581818069.java,557,GLL,188,188,7668666.50,12500.00,8519680,10,true,true,OK
java_tree,S,S_s581818069.java,557,RNGLR,188,188,257562.50,3437.00,32768,10,true,true,OK
java_tree,S,S_s581818069.java,557,BRNGLR,188,188,266833.00,2145.50,16384,10,true,true,OK
java_tree,S,S_s888158329.java,661,TreeSitterJava,190,190,79062.50,770.50,245760,10,true,true,OK
java_tree,S,S_s888158329.java,661,Leo,190,190,3397354.00,15792.00,6668288,10,true,true,OK
java_tree,S,S_s888158329.java,661,GLL,190,190,7644979.00,12062.00,8536064,10,true,true,OK
java_tree,S,S_s888158329.java,661,RNGLR,190,190,237500.50,2000.00,16384,10,true,true,OK
java_tree,S,S_s888158329.java,661,BRNGLR,190,190,243500.50,3416.50,16384,10,true,true,OK
java_tree,M,M_s837044172.java,572,TreeSitterJava,192,192,83208.00,937.50,196608,10,true,true,OK
java_tree,M,M_s837044172.java,572,Leo,192,192,3510208.00,6625.00,6471680,10,true,true,OK
java_tree,M,M_s837044172.java,572,GLL,192,192,7711021.00,17437.00,8536064,10,true,true,OK
java_tree,M,M_s837044172.java,572,RNGLR,192,192,244146.00,3229.50,32768,10,true,true,OK
java_tree,M,M_s837044172.java,572,BRNGLR,192,192,249291.50,5229.00,16384,10,true,true,OK
java_tree,S,S_s899185740.java,739,TreeSitterJava,198,198,93292.00,3771.50,278528,10,true,true,OK
java_tree,S,S_s899185740.java,739,Leo,198,198,3446875.00,19167.00,6602752,10,true,true,OK
java_tree,S,S_s899185740.java,739,GLL,198,198,7691958.50,9208.50,8617984,10,true,true,OK
java_tree,S,S_s899185740.java,739,RNGLR,198,198,257438.00,4042.50,16384,10,true,true,OK
java_tree,S,S_s899185740.java,739,BRNGLR,198,198,264542.00,5000.50,16384,10,true,true,OK
java_tree,S,S_s192467922.java,686,TreeSitterJava,211,211,95729.00,4020.50,245760,10,true,true,OK
java_tree,S,S_s192467922.java,686,Leo,211,211,3648062.50,4562.50,5521408,10,true,true,OK
java_tree,S,S_s192467922.java,686,GLL,211,211,8757000.00,22958.00,8978432,10,true,true,OK
java_tree,S,S_s192467922.java,686,RNGLR,211,211,266000.50,6750.50,16384,10,true,true,OK
java_tree,S,S_s192467922.java,686,BRNGLR,211,211,276687.50,2562.50,16384,10,true,true,OK
java_tree,M,M_s908394089.java,585,TreeSitterJava,222,222,96687.00,4312.00,245760,10,true,true,OK
java_tree,M,M_s908394089.java,585,Leo,222,222,4231791.50,10208.00,11419648,10,true,true,OK
java_tree,M,M_s908394089.java,585,GLL,222,222,8627917.00,12521.50,9027584,10,true,true,OK
java_tree,M,M_s908394089.java,585,RNGLR,222,222,268791.50,4312.50,16384,10,true,true,OK
java_tree,M,M_s908394089.java,585,BRNGLR,222,222,283292.00,1938.00,32768,10,true,true,OK
java_tree,S,S_s435683367.java,778,TreeSitterJava,223,223,92479.00,1708.00,245760,10,true,true,OK
java_tree,S,S_s435683367.java,778,Leo,223,223,3828542.00,9041.50,5341184,10,true,true,OK
java_tree,S,S_s435683367.java,778,GLL,223,223,8883521.00,20416.50,8978432,10,true,true,OK
java_tree,S,S_s435683367.java,778,RNGLR,223,223,273937.50,2812.00,49152,10,true,true,OK
java_tree,S,S_s435683367.java,778,BRNGLR,223,223,290458.00,3812.50,16384,10,true,true,OK
java_tree,M,M_s625088338.java,816,TreeSitterJava,229,229,95791.50,1333.00,262144,10,true,true,OK
java_tree,M,M_s625088338.java,816,Leo,229,229,3938374.50,6999.50,11042816,10,true,true,OK
java_tree,M,M_s625088338.java,816,GLL,229,229,7379396.00,23063.00,8323072,10,true,true,OK
java_tree,M,M_s625088338.java,816,RNGLR,229,229,292791.50,2979.00,16384,10,true,true,OK
java_tree,M,M_s625088338.java,816,BRNGLR,229,229,306250.00,2166.50,16384,10,true,true,OK
java_tree,M,M_s907878020.java,1008,TreeSitterJava,237,237,99083.50,1916.00,196608,10,true,true,OK
java_tree,M,M_s907878020.java,1008,Leo,237,237,3453792.00,4521.50,6275072,10,true,true,OK
java_tree,M,M_s907878020.java,1008,GLL,237,237,5230792.00,11208.50,7946240,10,true,true,OK
java_tree,M,M_s907878020.java,1008,RNGLR,237,237,262333.50,2458.00,32768,10,true,true,OK
java_tree,M,M_s907878020.java,1008,BRNGLR,237,237,277041.50,2145.50,32768,10,true,true,OK
java_tree,M,M_s617183142.java,706,TreeSitterJava,240,240,100354.00,2000.00,196608,10,true,true,OK
java_tree,M,M_s617183142.java,706,Leo,240,240,4326771.00,17625.50,11403264,10,true,true,OK
java_tree,M,M_s617183142.java,706,GLL,240,240,8932625.00,17312.00,9109504,10,true,true,OK
java_tree,M,M_s617183142.java,706,RNGLR,240,240,286145.50,5396.00,49152,10,true,true,OK
java_tree,M,M_s617183142.java,706,BRNGLR,240,240,298833.00,6708.00,32768,10,true,true,OK
java_tree,M,M_s964824178.java,1018,TreeSitterJava,244,244,107645.50,3853.50,311296,10,true,true,OK
java_tree,M,M_s964824178.java,1018,Leo,244,244,4484791.50,12354.00,11370496,10,true,true,OK
java_tree,M,M_s964824178.java,1018,GLL,244,244,8331500.00,31396.50,9093120,10,true,true,OK
java_tree,M,M_s964824178.java,1018,RNGLR,244,244,286583.00,8604.00,16384,10,true,true,OK
java_tree,M,M_s964824178.java,1018,BRNGLR,244,244,300188.00,3229.50,32768,10,true,true,OK
java_tree,M,M_s165716747.java,711,TreeSitterJava,245,245,102438.00,2188.00,245760,10,true,true,OK
java_tree,M,M_s165716747.java,711,Leo,245,245,4368917.00,14083.50,11436032,10,true,true,OK
java_tree,M,M_s165716747.java,711,GLL,245,245,7729041.50,30500.50,9011200,10,true,true,OK
java_tree,M,M_s165716747.java,711,RNGLR,245,245,294833.00,3812.50,32768,10,true,true,OK
java_tree,M,M_s165716747.java,711,BRNGLR,245,245,303000.00,4104.00,32768,10,true,true,OK
java_tree,M,M_s172256972.java,786,TreeSitterJava,250,250,107604.00,3125.00,245760,10,true,true,OK
java_tree,M,M_s172256972.java,786,Leo,250,250,4287833.50,11916.50,11436032,10,true,true,OK
java_tree,M,M_s172256972.java,786,GLL,250,250,10423167.00,54250.50,15728640,10,true,true,OK
java_tree,M,M_s172256972.java,786,RNGLR,250,250,321687.50,4583.50,16384,10,true,true,OK
java_tree,M,M_s172256972.java,786,BRNGLR,250,250,334916.50,1750.50,32768,10,true,true,OK
java_tree,S,S_s586892676.java,696,TreeSitterJava,253,253,107625.00,4146.00,245760,10,true,true,OK
java_tree,S,S_s586892676.java,696,Leo,253,253,4179604.00,22208.50,11337728,10,true,true,OK
java_tree,S,S_s586892676.java,696,GLL,253,253,10578000.00,33917.00,15564800,10,true,true,OK
java_tree,S,S_s586892676.java,696,RNGLR,253,253,312437.50,4313.00,32768,10,true,true,OK
java_tree,S,S_s586892676.java,696,BRNGLR,253,253,323916.50,3604.50,32768,10,true,true,OK
java_tree,M,M_s412073431.java,1137,TreeSitterJava,254,254,116104.00,5791.50,245760,10,true,true,OK
java_tree,M,M_s412073431.java,1137,Leo,254,254,4689166.50,40208.50,11517952,10,true,true,OK
java_tree,M,M_s412073431.java,1137,GLL,254,254,9356666.50,35437.00,10174464,10,true,true,OK
java_tree,M,M_s412073431.java,1137,RNGLR,254,254,379521.00,9416.50,16384,10,true,true,OK
java_tree,M,M_s412073431.java,1137,BRNGLR,254,254,347791.00,3521.00,32768,10,true,true,OK
java_tree,M,M_s643931452.java,1038,TreeSitterJava,255,255,105063.00,771.50,245760,10,true,true,OK
java_tree,M,M_s643931452.java,1038,Leo,255,255,4505979.50,10104.50,11485184,10,true,true,OK
java_tree,M,M_s643931452.java,1038,GLL,255,255,8626270.50,34896.50,9158656,10,true,true,OK
java_tree,M,M_s643931452.java,1038,RNGLR,255,255,292249.50,4437.50,16384,10,true,true,OK
java_tree,M,M_s643931452.java,1038,BRNGLR,255,255,312229.50,4062.50,16384,10,true,true,OK
java_tree,M,M_s330458578.java,915,TreeSitterJava,261,261,112584.00,2063.50,229376,10,true,true,OK
java_tree,M,M_s330458578.java,915,Leo,261,261,4522458.00,6583.00,11452416,10,true,true,OK
java_tree,M,M_s330458578.java,915,GLL,261,261,8815416.50,15604.00,8994816,10,true,true,OK
java_tree,M,M_s330458578.java,915,RNGLR,261,261,313646.00,4604.00,16384,10,true,true,OK
java_tree,M,M_s330458578.java,915,BRNGLR,261,261,325812.50,1333.50,32768,10,true,true,OK
java_tree,M,M_s735476733.java,1168,TreeSitterJava,263,263,117416.50,3125.50,245760,10,true,true,OK
java_tree,M,M_s735476733.java,1168,Leo,263,263,4853104.00,14728.50,9764864,10,true,true,OK
java_tree,M,M_s735476733.java,1168,GLL,263,263,9177229.50,42125.50,9699328,10,true,true,OK
java_tree,M,M_s735476733.java,1168,RNGLR,263,263,310813.00,2771.00,16384,10,true,true,OK
java_tree,M,M_s735476733.java,1168,BRNGLR,263,263,324646.00,2417.00,16384,10,true,true,OK
java_tree,M,M_s600481972.java,1056,TreeSitterJava,264,264,118062.50,3750.00,196608,10,true,true,OK
java_tree,M,M_s600481972.java,1056,Leo,264,264,3905104.50,16854.50,11124736,10,true,true,OK
java_tree,M,M_s600481972.java,1056,GLL,264,264,7690271.00,25021.00,8503296,10,true,true,OK
java_tree,M,M_s600481972.java,1056,RNGLR,264,264,314333.50,3917.00,32768,10,true,true,OK
java_tree,M,M_s600481972.java,1056,BRNGLR,264,264,336062.50,4750.00,16384,10,true,true,OK
java_tree,M,M_s812448701.java,1120,TreeSitterJava,265,265,110312.50,2313.00,245760,10,true,true,OK
java_tree,M,M_s812448701.java,1120,Leo,265,265,3960063.00,14500.50,11075584,10,true,true,OK
java_tree,M,M_s812448701.java,1120,GLL,265,265,5663146.00,14291.50,7880704,10,true,true,OK
java_tree,M,M_s812448701.java,1120,RNGLR,265,265,301250.00,5500.50,16384,10,true,true,OK
java_tree,M,M_s812448701.java,1120,BRNGLR,265,265,310020.50,3167.00,32768,10,true,true,OK
java_tree,M,M_s705579610.java,1328,TreeSitterJava,266,266,112250.50,1688.00,245760,10,true,true,OK
java_tree,M,M_s705579610.java,1328,Leo,266,266,4430083.50,37646.00,11452416,10,true,true,OK
java_tree,M,M_s705579610.java,1328,GLL,266,266,7452375.50,63187.50,8634368,10,true,true,OK
java_tree,M,M_s705579610.java,1328,RNGLR,266,266,312916.50,3270.50,16384,10,true,true,OK
java_tree,M,M_s705579610.java,1328,BRNGLR,266,266,324770.50,5687.00,16384,10,true,true,OK
java_tree,M,M_s440628127.java,946,TreeSitterJava,268,268,106687.00,458.00,262144,10,true,true,OK
java_tree,M,M_s440628127.java,946,Leo,268,268,4825146.00,18187.50,9945088,10,true,true,OK
java_tree,M,M_s440628127.java,946,GLL,268,268,11533958.50,56146.00,16121856,10,true,true,OK
java_tree,M,M_s440628127.java,946,RNGLR,268,268,328813.00,4167.00,16384,10,true,true,OK
java_tree,M,M_s440628127.java,946,BRNGLR,268,268,342333.50,4583.50,32768,10,true,true,OK
java_tree,M,M_s623658134.java,969,TreeSitterJava,268,268,118500.00,1917.00,245760,10,true,true,OK
java_tree,M,M_s623658134.java,969,Leo,268,268,4806187.50,9583.00,10780672,10,true,true,OK
java_tree,M,M_s623658134.java,969,GLL,268,268,9623145.50,43854.00,10059776,10,true,true,OK
java_tree,M,M_s623658134.java,969,RNGLR,268,268,348791.50,2479.00,32768,10,true,true,OK
java_tree,M,M_s623658134.java,969,BRNGLR,268,268,357750.00,3313.00,16384,10,true,true,OK
java_tree,S,S_s142126641.java,934,TreeSitterJava,269,269,110520.50,2250.00,245760,10,true,true,OK
java_tree,S,S_s142126641.java,934,Leo,269,269,4922167.00,12188.00,9863168,10,true,true,OK
java_tree,S,S_s142126641.java,934,GLL,269,269,11759041.50,41895.50,16154624,10,true,true,OK
java_tree,S,S_s142126641.java,934,RNGLR,269,269,346083.00,2708.00,16384,10,true,true,OK
java_tree,S,S_s142126641.java,934,BRNGLR,269,269,361791.50,3124.50,16384,10,true,true,OK
java_tree,M,M_s405078823.java,843,TreeSitterJava,276,276,119895.50,6208.00,245760,10,true,true,OK
java_tree,M,M_s405078823.java,843,Leo,276,276,5387833.00,18749.50,13139968,10,true,true,OK
java_tree,M,M_s405078823.java,843,GLL,276,276,11579124.50,96853.50,15990784,10,true,true,OK
java_tree,M,M_s405078823.java,843,RNGLR,276,276,331708.50,5000.50,16384,10,true,true,OK
java_tree,M,M_s405078823.java,843,BRNGLR,276,276,350520.50,2666.50,32768,10,true,true,OK
java_tree,M,M_s151228650.java,1293,TreeSitterJava,277,277,117958.50,562.50,262144,10,true,true,OK
java_tree,M,M_s151228650.java,1293,Leo,277,277,5172520.50,36749.50,8585216,10,true,true,OK
java_tree,M,M_s151228650.java,1293,GLL,277,277,9627604.50,13041.50,10059776,10,true,true,OK
java_tree,M,M_s151228650.java,1293,RNGLR,277,277,391062.00,7895.00,16384,10,true,true,OK
java_tree,M,M_s151228650.java,1293,BRNGLR,277,277,407375.00,3854.50,16384,10,true,true,OK
java_tree,M,M_s914835951.java,1043,TreeSitterJava,281,281,114104.50,3083.50,245760,10,true,true,OK
java_tree,M,M_s914835951.java,1043,Leo,281,281,4714854.50,18042.00,11681792,10,true,true,OK
java_tree,M,M_s914835951.java,1043,GLL,281,281,8751146.00,9646.00,9519104,10,true,true,OK
java_tree,M,M_s914835951.java,1043,RNGLR,281,281,343437.50,1854.00,32768,10,true,true,OK
java_tree,M,M_s914835951.java,1043,BRNGLR,281,281,358062.50,4083.00,16384,10,true,true,OK
java_tree,M,M_s944694643.java,891,TreeSitterJava,289,289,120729.00,1521.00,245760,10,true,true,OK
java_tree,M,M_s944694643.java,891,Leo,289,289,5254333.50,21312.50,8749056,10,true,true,OK
java_tree,M,M_s944694643.java,891,GLL,289,289,11108542.00,21917.00,15777792,10,true,true,OK
java_tree,M,M_s944694643.java,891,RNGLR,289,289,359374.50,9041.00,16384,10,true,true,OK
java_tree,M,M_s944694643.java,891,BRNGLR,289,289,374208.50,3625.00,16384,10,true,true,OK
java_tree,M,M_s346142198.java,1025,TreeSitterJava,298,298,123958.50,2125.00,245760,10,true,true,OK
java_tree,M,M_s346142198.java,1025,Leo,298,298,5208229.50,9896.50,8667136,10,true,true,OK
java_tree,M,M_s346142198.java,1025,GLL,298,298,9795000.00,38521.00,10141696,10,true,true,OK
java_tree,M,M_s346142198.java,1025,RNGLR,298,298,349999.50,1583.50,16384,10,true,true,OK
java_tree,M,M_s346142198.java,1025,BRNGLR,298,298,371541.50,3104.00,32768,10,true,true,OK
java_tree,M,M_s047236001.java,1009,TreeSitterJava,314,314,130854.00,1999.50,245760,10,true,true,OK
java_tree,M,M_s047236001.java,1009,Leo,314,314,5650854.00,17958.00,13352960,10,true,true,OK
java_tree,M,M_s047236001.java,1009,GLL,314,314,13353583.50,23208.50,17219584,10,true,true,OK
java_tree,M,M_s047236001.java,1009,RNGLR,314,314,418083.50,6687.50,32768,10,true,true,OK
java_tree,M,M_s047236001.java,1009,BRNGLR,314,314,436312.50,5374.50,32768,10,true,true,OK
java_tree,M,M_s605942260.java,975,TreeSitterJava,318,318,128916.50,2166.00,262144,10,true,true,OK
java_tree,M,M_s605942260.java,975,Leo,318,318,5370354.50,4771.00,8650752,10,true,true,OK
java_tree,M,M_s605942260.java,975,GLL,318,318,10578958.50,39208.50,15826944,10,true,true,OK
java_tree,M,M_s605942260.java,975,RNGLR,318,318,380791.50,4000.00,32768,10,true,true,OK
java_tree,M,M_s605942260.java,975,BRNGLR,318,318,383083.50,2958.00,16384,10,true,true,OK
java_tree,M,M_s968398362.java,988,TreeSitterJava,320,320,144937.50,5333.50,245760,10,true,true,OK
java_tree,M,M_s968398362.java,988,Leo,320,320,5997396.00,13896.00,13221888,10,true,true,OK
java_tree,M,M_s968398362.java,988,GLL,320,320,11721958.50,21375.00,16629760,10,true,true,OK
java_tree,M,M_s968398362.java,988,RNGLR,320,320,410417.00,3876.00,32768,10,true,true,OK
java_tree,M,M_s968398362.java,988,BRNGLR,320,320,428937.00,2875.00,16384,10,true,true,OK
java_tree,M,M_s557335108.java,912,TreeSitterJava,325,325,143874.50,2832.50,278528,10,true,true,OK
java_tree,M,M_s557335108.java,912,Leo,325,325,5735292.00,29021.00,12992512,10,true,true,OK
java_tree,M,M_s557335108.java,912,GLL,325,325,10817333.50,94896.00,15826944,10,true,true,OK
java_tree,M,M_s557335108.java,912,RNGLR,325,325,417083.50,9333.50,49152,10,true,true,OK
java_tree,M,M_s557335108.java,912,BRNGLR,325,325,426083.50,4041.50,49152,10,true,true,OK
java_tree,M,M_s944557633.java,1722,TreeSitterJava,332,332,135771.00,2125.00,229376,10,true,true,OK
java_tree,M,M_s944557633.java,1722,Leo,332,332,5355854.00,15999.50,12976128,10,true,true,OK
java_tree,M,M_s944557633.java,1722,GLL,332,332,8631729.00,11916.50,9355264,10,true,true,OK
java_tree,M,M_s944557633.java,1722,RNGLR,332,332,389833.50,2917.50,49152,10,true,true,OK
java_tree,M,M_s944557633.java,1722,BRNGLR,332,332,406021.50,5313.00,16384,10,true,true,OK
java_tree,M,M_s248205403.java,891,TreeSitterJava,336,336,140479.50,2271.50,245760,10,true,true,OK
java_tree,M,M_s248205403.java,891,Leo,336,336,5965833.00,30708.00,13516800,10,true,true,OK
java_tree,M,M_s248205403.java,891,GLL,336,336,11626375.00,20417.00,16973824,10,true,true,OK
java_tree,M,M_s248205403.java,891,RNGLR,336,336,414917.00,3646.50,49152,10,true,true,OK
java_tree,M,M_s248205403.java,891,BRNGLR,336,336,426437.50,4437.50,32768,10,true,true,OK
java_tree,M,M_s468082158.java,1274,TreeSitterJava,350,350,146791.50,2209.00,212992,10,true,true,OK
java_tree,M,M_s468082158.java,1274,Leo,350,350,5899146.00,18896.00,13402112,10,true,true,OK
java_tree,M,M_s468082158.java,1274,GLL,350,350,11359021.00,56583.50,15941632,10,true,true,OK
java_tree,M,M_s468082158.java,1274,RNGLR,350,350,424625.00,9562.00,16384,10,true,true,OK
java_tree,M,M_s468082158.java,1274,BRNGLR,350,350,434354.00,4166.50,32768,10,true,true,OK
java_tree,M,M_s072421605.java,908,TreeSitterJava,353,353,391250.50,8583.50,212992,10,true,true,OK
java_tree,M,M_s072421605.java,908,Leo,353,353,6387229.50,5479.50,13680640,10,true,true,OK
java_tree,M,M_s072421605.java,908,GLL,353,353,15353687.00,174354.00,17317888,10,true,true,OK
java_tree,M,M_s072421605.java,908,RNGLR,353,353,416000.50,2958.50,49152,10,true,true,OK
java_tree,M,M_s072421605.java,908,BRNGLR,353,353,432500.00,4146.00,16384,10,true,true,OK
java_tree,M,M_s828901999.java,1298,TreeSitterJava,358,358,151229.00,3854.00,180224,10,true,true,OK
java_tree,M,M_s828901999.java,1298,Leo,358,358,6437083.00,17541.50,13664256,10,true,true,OK
java_tree,M,M_s828901999.java,1298,GLL,358,358,13058937.50,48041.50,16908288,10,true,true,OK
java_tree,M,M_s828901999.java,1298,RNGLR,358,358,429083.50,4750.00,16384,10,true,true,OK
java_tree,M,M_s828901999.java,1298,BRNGLR,358,358,434312.50,4041.50,16384,10,true,true,OK
java_tree,M,M_s826670086.java,1221,TreeSitterJava,361,361,144125.00,2063.00,245760,10,true,true,OK
java_tree,M,M_s826670086.java,1221,Leo,361,361,6629020.50,8979.00,13549568,10,true,true,OK
java_tree,M,M_s826670086.java,1221,GLL,361,361,13257833.50,50562.00,17088512,10,true,true,OK
java_tree,M,M_s826670086.java,1221,RNGLR,361,361,412708.00,4833.00,32768,10,true,true,OK
java_tree,M,M_s826670086.java,1221,BRNGLR,361,361,430937.50,2354.50,49152,10,true,true,OK
java_tree,L,L_s455958824.java,2050,TreeSitterJava,371,371,161916.50,8708.50,131072,10,true,true,OK
java_tree,L,L_s455958824.java,2050,Leo,371,371,5970854.50,27708.00,13074432,10,true,true,OK
java_tree,L,L_s455958824.java,2050,GLL,371,371,10604479.00,43604.50,15368192,10,true,true,OK
java_tree,L,L_s455958824.java,2050,RNGLR,371,371,416999.50,3791.00,65536,10,true,true,OK
java_tree,L,L_s455958824.java,2050,BRNGLR,371,371,432521.00,3417.00,65536,10,true,true,OK
java_tree,L,L_s198852947.java,1898,TreeSitterJava,372,372,166749.50,10395.50,262144,10,true,true,OK
java_tree,L,L_s198852947.java,1898,Leo,372,372,5567542.00,9604.50,13008896,10,true,true,OK
java_tree,L,L_s198852947.java,1898,GLL,372,372,8867625.00,15833.50,10043392,10,true,true,OK
java_tree,L,L_s198852947.java,1898,RNGLR,372,372,414687.50,6541.50,32768,10,true,true,OK
java_tree,L,L_s198852947.java,1898,BRNGLR,372,372,421062.00,4166.50,16384,10,true,true,OK
java_tree,L,L_s294093613.java,1688,TreeSitterJava,375,375,171937.50,2062.50,245760,10,true,true,OK
java_tree,L,L_s294093613.java,1688,Leo,375,375,6629416.50,15916.50,13631488,10,true,true,OK
java_tree,L,L_s294093613.java,1688,GLL,375,375,14839854.00,108833.00,17596416,10,true,true,OK
java_tree,L,L_s294093613.java,1688,RNGLR,375,375,435791.50,2770.50,16384,10,true,true,OK
java_tree,L,L_s294093613.java,1688,BRNGLR,375,375,465521.00,5625.00,16384,10,true,true,OK
java_tree,L,L_s458374627.java,1629,TreeSitterJava,380,380,160395.50,1624.50,245760,10,true,true,OK
java_tree,L,L_s458374627.java,1629,Leo,380,380,5902333.00,11666.00,13221888,10,true,true,OK
java_tree,L,L_s458374627.java,1629,GLL,380,380,9776000.00,15791.50,15908864,10,true,true,OK
java_tree,L,L_s458374627.java,1629,RNGLR,380,380,440292.00,4396.00,32768,10,true,true,OK
java_tree,L,L_s458374627.java,1629,BRNGLR,380,380,444812.50,3250.00,65536,10,true,true,OK
java_tree,M,M_s161827795.java,1183,TreeSitterJava,383,383,156208.00,4645.50,245760,10,true,true,OK
java_tree,M,M_s161827795.java,1183,Leo,383,383,6208500.00,19312.50,13565952,10,true,true,OK
java_tree,M,M_s161827795.java,1183,GLL,383,383,13543812.00,192958.50,16826368,10,true,true,OK
java_tree,M,M_s161827795.java,1183,RNGLR,383,383,432229.00,3083.00,16384,10,true,true,OK
java_tree,M,M_s161827795.java,1183,BRNGLR,383,383,454833.50,3854.50,49152,10,true,true,OK
java_tree,M,M_s488437146.java,1155,TreeSitterJava,385,385,148229.50,1249.50,278528,10,true,true,OK
java_tree,M,M_s488437146.java,1155,Leo,385,385,7682208.00,32916.50,22282240,10,true,true,OK
java_tree,M,M_s488437146.java,1155,GLL,385,385,15789583.00,98791.00,17498112,10,true,true,OK
java_tree,M,M_s488437146.java,1155,RNGLR,385,385,444020.50,5666.00,16384,10,true,true,OK
java_tree,M,M_s488437146.java,1155,BRNGLR,385,385,464125.50,2438.00,16384,10,true,true,OK
java_tree,M,M_s454579753.java,1422,TreeSitterJava,391,391,166604.00,2125.00,262144,10,true,true,OK
java_tree,M,M_s454579753.java,1422,Leo,391,391,7048854.00,33688.00,21118976,10,true,true,OK
java_tree,M,M_s454579753.java,1422,GLL,391,391,16913833.50,151896.00,17891328,10,true,true,OK
java_tree,M,M_s454579753.java,1422,RNGLR,391,391,494625.00,4750.00,32768,10,true,true,OK
java_tree,M,M_s454579753.java,1422,BRNGLR,391,391,503833.50,6500.00,32768,10,true,true,OK
java_tree,L,L_s138410756.java,1915,TreeSitterJava,407,407,165791.50,1291.50,245760,10,true,true,OK
java_tree,L,L_s138410756.java,1915,Leo,407,407,6506812.50,14333.50,13402112,10,true,true,OK
java_tree,L,L_s138410756.java,1915,GLL,407,407,9989187.50,54291.50,16105472,10,true,true,OK
java_tree,L,L_s138410756.java,1915,RNGLR,407,407,444146.00,2771.00,16384,10,true,true,OK
java_tree,L,L_s138410756.java,1915,BRNGLR,407,407,464125.00,6396.00,16384,10,true,true,OK
java_tree,M,M_s762564569.java,1011,TreeSitterJava,409,409,153187.50,1521.00,245760,10,true,true,OK
java_tree,M,M_s762564569.java,1011,Leo,409,409,6920229.00,9999.50,14925824,10,true,true,OK
java_tree,M,M_s762564569.java,1011,GLL,409,409,14486125.50,46042.00,17285120,10,true,true,OK
java_tree,M,M_s762564569.java,1011,RNGLR,409,409,478896.00,8000.00,16384,10,true,true,OK
java_tree,M,M_s762564569.java,1011,BRNGLR,409,409,508021.00,4146.00,16384,10,true,true,OK
java_tree,L,L_s667080206.java,1770,TreeSitterJava,415,415,173937.50,2500.00,245760,10,true,true,OK
java_tree,L,L_s667080206.java,1770,Leo,415,415,8055083.50,7562.50,22331392,10,true,true,OK
java_tree,L,L_s667080206.java,1770,GLL,415,415,16463458.00,148271.00,16990208,10,true,true,OK
java_tree,L,L_s667080206.java,1770,RNGLR,415,415,488270.50,2812.00,16384,10,true,true,OK
java_tree,L,L_s667080206.java,1770,BRNGLR,415,415,503271.00,2562.50,16384,10,true,true,OK
java_tree,L,L_s193487430.java,1838,TreeSitterJava,423,423,179645.50,8041.50,212992,10,true,true,OK
java_tree,L,L_s193487430.java,1838,Leo,423,423,7017583.50,7354.00,20791296,10,true,true,OK
java_tree,L,L_s193487430.java,1838,GLL,423,423,11846187.50,79500.00,16646144,10,true,true,OK
java_tree,L,L_s193487430.java,1838,RNGLR,423,423,480917.00,2937.50,16384,10,true,true,OK
java_tree,L,L_s193487430.java,1838,BRNGLR,423,423,495292.00,3917.00,16384,10,true,true,OK
java_tree,L,L_s305823501.java,1816,TreeSitterJava,424,424,174791.50,2604.00,245760,10,true,true,OK
java_tree,L,L_s305823501.java,1816,Leo,424,424,8201437.50,10729.00,22822912,10,true,true,OK
java_tree,L,L_s305823501.java,1816,GLL,424,424,18492771.00,193104.50,18825216,10,true,true,OK
java_tree,L,L_s305823501.java,1816,RNGLR,424,424,586041.50,3229.50,16384,10,true,true,OK
java_tree,L,L_s305823501.java,1816,BRNGLR,424,424,652541.50,18583.50,49152,10,true,true,OK
java_tree,L,L_s230896802.java,2219,TreeSitterJava,429,429,191854.00,4812.50,245760,10,true,true,OK
java_tree,L,L_s230896802.java,2219,Leo,429,429,9192542.00,67375.00,23216128,10,true,true,OK
java_tree,L,L_s230896802.java,2219,GLL,429,429,23356937.50,97208.00,31309824,10,true,true,OK
java_tree,L,L_s230896802.java,2219,RNGLR,429,429,506812.50,5666.50,16384,10,true,true,OK
java_tree,L,L_s230896802.java,2219,BRNGLR,429,429,515375.00,4542.00,49152,10,true,true,OK
java_tree,M,M_s901939088.java,1278,TreeSitterJava,430,430,185542.00,1958.50,229376,10,true,true,OK
java_tree,M,M_s901939088.java,1278,Leo,430,430,7896854.00,15812.00,22609920,10,true,true,OK
java_tree,M,M_s901939088.java,1278,GLL,430,430,16358396.00,41396.00,17907712,10,true,true,OK
java_tree,M,M_s901939088.java,1278,RNGLR,430,430,506333.50,4062.00,32768,10,true,true,OK
java_tree,M,M_s901939088.java,1278,BRNGLR,430,430,547667.00,4771.50,16384,10,true,true,OK
java_tree,L,L_s203674573.java,2659,TreeSitterJava,430,430,198500.00,6312.00,229376,10,true,true,OK
java_tree,L,L_s203674573.java,2659,Leo,430,430,6606104.50,53729.50,13516800,10,true,true,OK
java_tree,L,L_s203674573.java,2659,GLL,430,430,10513729.50,31167.00,15958016,10,true,true,OK
java_tree,L,L_s203674573.java,2659,RNGLR,430,430,469771.00,3250.00,32768,10,true,true,OK
java_tree,L,L_s203674573.java,2659,BRNGLR,430,430,555729.00,30520.50,49152,10,true,true,OK
java_tree,M,M_s138956447.java,1427,TreeSitterJava,435,435,174667.00,2937.50,245760,10,true,true,OK
java_tree,M,M_s138956447.java,1427,Leo,435,435,9498583.00,37708.50,24444928,10,true,true,OK
java_tree,M,M_s138956447.java,1427,GLL,435,435,22319000.00,139875.50,32604160,10,true,true,OK
java_tree,M,M_s138956447.java,1427,RNGLR,435,435,597375.00,8667.00,16384,10,true,true,OK
java_tree,M,M_s138956447.java,1427,BRNGLR,435,435,643833.50,3229.50,32768,10,true,true,OK
java_tree,L,L_s160741254.java,1238,TreeSitterJava,437,437,172167.00,583.00,245760,10,true,true,OK
java_tree,L,L_s160741254.java,1238,Leo,437,437,8819687.00,105624.50,22855680,10,true,true,OK
java_tree,L,L_s160741254.java,1238,GLL,437,437,17224459.00,72126.00,17465344,10,true,true,OK
java_tree,L,L_s160741254.java,1238,RNGLR,437,437,504333.50,6062.50,32768,10,true,true,OK
java_tree,L,L_s160741254.java,1238,BRNGLR,437,437,512375.00,2667.00,32768,10,true,true,OK
java_tree,L,L_s161012456.java,1593,TreeSitterJava,453,453,190687.50,2312.00,196608,10,true,true,OK
java_tree,L,L_s161012456.java,1593,Leo,453,453,7238500.00,10666.50,15335424,10,true,true,OK
java_tree,L,L_s161012456.java,1593,GLL,453,453,14033062.50,13271.00,17268736,10,true,true,OK
java_tree,L,L_s161012456.java,1593,RNGLR,453,453,623125.00,11667.00,16384,10,true,true,OK
java_tree,L,L_s161012456.java,1593,BRNGLR,453,453,666104.50,3667.00,32768,10,true,true,OK
java_tree,M,M_s961580830.java,1373,TreeSitterJava,458,458,171208.50,1583.50,196608,10,true,true,OK
java_tree,M,M_s961580830.java,1373,Leo,458,458,8131562.50,76812.50,22478848,10,true,true,OK
java_tree,M,M_s961580830.java,1373,GLL,458,458,16522833.50,93708.00,18022400,10,true,true,OK
java_tree,M,M_s961580830.java,1373,RNGLR,458,458,515125.50,2647.00,32768,10,true,true,OK
java_tree,M,M_s961580830.java,1373,BRNGLR,458,458,544708.50,1312.50,32768,10,true,true,OK
java_tree,M,M_s907741301.java,1376,TreeSitterJava,472,472,191646.00,1604.50,245760,10,true,true,OK
java_tree,M,M_s907741301.java,1376,Leo,472,472,9265979.00,56499.50,23314432,10,true,true,OK
java_tree,M,M_s907741301.java,1376,GLL,472,472,21176354.50,69000.00,30982144,10,true,true,OK
java_tree,M,M_s907741301.java,1376,RNGLR,472,472,533167.00,3334.00,49152,10,true,true,OK
java_tree,M,M_s907741301.java,1376,BRNGLR,472,472,570479.00,3041.00,32768,10,true,true,OK
java_tree,M,M_s030967560.java,1454,TreeSitterJava,507,507,204228.50,1770.50,245760,10,true,true,OK
java_tree,M,M_s030967560.java,1454,Leo,507,507,8993292.00,26854.00,23265280,10,true,true,OK
java_tree,M,M_s030967560.java,1454,GLL,507,507,21435479.00,78833.50,30703616,10,true,true,OK
java_tree,M,M_s030967560.java,1454,RNGLR,507,507,618791.50,3416.50,49152,10,true,true,OK
java_tree,M,M_s030967560.java,1454,BRNGLR,507,507,655812.00,2750.00,16384,10,true,true,OK
java_tree,L,L_s452608679.java,2299,TreeSitterJava,515,515,220583.50,4521.00,212992,10,true,true,OK
java_tree,L,L_s452608679.java,2299,Leo,515,515,9022791.50,54541.50,22872064,10,true,true,OK
java_tree,L,L_s452608679.java,2299,GLL,515,515,17625854.00,290250.00,18038784,10,true,true,OK
java_tree,L,L_s452608679.java,2299,RNGLR,515,515,621167.00,12937.50,32768,10,true,true,OK
java_tree,L,L_s452608679.java,2299,BRNGLR,515,515,643292.00,6354.00,32768,10,true,true,OK
java_tree,M,M_s805054689.java,1744,TreeSitterJava,516,516,225333.50,13708.50,212992,10,true,true,OK
java_tree,M,M_s805054689.java,1744,Leo,516,516,9101979.50,104250.50,23314432,10,true,true,OK
java_tree,M,M_s805054689.java,1744,GLL,516,516,23020750.50,101375.00,31014912,10,true,true,OK
java_tree,M,M_s805054689.java,1744,RNGLR,516,516,622395.50,4208.00,32768,10,true,true,OK
java_tree,M,M_s805054689.java,1744,BRNGLR,516,516,648229.00,3146.00,32768,10,true,true,OK
java_tree,M,M_s203964072.java,1675,TreeSitterJava,521,521,236270.50,7916.00,245760,10,true,true,OK
java_tree,M,M_s203964072.java,1675,Leo,521,521,9471271.00,35771.00,24444928,10,true,true,OK
java_tree,M,M_s203964072.java,1675,GLL,521,521,24071146.00,152583.50,31735808,10,true,true,OK
java_tree,M,M_s203964072.java,1675,RNGLR,521,521,614353.50,3562.50,32768,10,true,true,OK
java_tree,M,M_s203964072.java,1675,BRNGLR,521,521,652729.00,4145.50,32768,10,true,true,OK
java_tree,S,S_s972791963.java,987,TreeSitterJava,522,522,202521.00,3833.50,262144,10,true,true,OK
java_tree,S,S_s972791963.java,987,Leo,522,522,9856125.50,48229.00,25427968,10,true,true,OK
java_tree,S,S_s972791963.java,987,GLL,522,522,31208125.50,45145.50,35815424,10,true,true,OK
java_tree,S,S_s972791963.java,987,RNGLR,522,522,778187.50,5374.50,32768,10,true,true,OK
java_tree,S,S_s972791963.java,987,BRNGLR,522,522,816562.50,2687.00,32768,10,true,true,OK
java_tree,M,M_s466558639.java,1651,TreeSitterJava,529,529,225895.50,1312.00,245760,10,true,true,OK
java_tree,M,M_s466558639.java,1651,Leo,529,529,9049812.50,13229.00,23150592,10,true,true,OK
java_tree,M,M_s466558639.java,1651,GLL,529,529,20745104.00,76708.00,30605312,10,true,true,OK
java_tree,M,M_s466558639.java,1651,RNGLR,529,529,628083.50,4374.50,32768,10,true,true,OK
java_tree,M,M_s466558639.java,1651,BRNGLR,529,529,667937.50,7708.50,49152,10,true,true,OK
java_tree,L,L_s378757582.java,2284,TreeSitterJava,548,548,224812.00,3145.00,294912,10,true,true,OK
java_tree,L,L_s378757582.java,2284,Leo,548,548,9350291.50,50729.00,23085056,10,true,true,OK
java_tree,L,L_s378757582.java,2284,GLL,548,548,18458021.00,35063.00,18595840,10,true,true,OK
java_tree,L,L_s378757582.java,2284,RNGLR,548,548,661125.00,3833.50,32768,10,true,true,OK
java_tree,L,L_s378757582.java,2284,BRNGLR,548,548,673021.00,4208.00,32768,10,true,true,OK
java_tree,L,L_s002588490.java,2470,TreeSitterJava,564,564,234916.00,2166.00,245760,10,true,true,OK
java_tree,L,L_s002588490.java,2470,Leo,564,564,11056916.50,35687.00,25083904,10,true,true,OK
java_tree,L,L_s002588490.java,2470,GLL,564,564,17768687.50,37791.50,19021824,10,true,true,OK
java_tree,L,L_s002588490.java,2470,RNGLR,564,564,666208.50,5812.50,49152,10,true,true,OK
java_tree,L,L_s002588490.java,2470,BRNGLR,564,564,684187.50,4708.00,32768,10,true,true,OK
java_tree,L,L_s526303482.java,1957,TreeSitterJava,566,566,219604.50,1750.00,212992,10,true,true,OK
java_tree,L,L_s526303482.java,1957,Leo,566,566,10116187.50,61708.50,24657920,10,true,true,OK
java_tree,L,L_s526303482.java,1957,GLL,566,566,21723250.00,43729.00,30801920,10,true,true,OK
java_tree,L,L_s526303482.java,1957,RNGLR,566,566,648812.50,4333.50,32768,10,true,true,OK
java_tree,L,L_s526303482.java,1957,BRNGLR,566,566,677854.00,7478.50,32768,10,true,true,OK
java_tree,L,L_s795492359.java,1961,TreeSitterJava,567,567,240562.00,1957.50,245760,10,true,true,OK
java_tree,L,L_s795492359.java,1961,Leo,567,567,9230021.00,53479.00,22888448,10,true,true,OK
java_tree,L,L_s795492359.java,1961,GLL,567,567,17181000.00,135833.50,19234816,10,true,true,OK
java_tree,L,L_s795492359.java,1961,RNGLR,567,567,661353.50,6271.00,49152,10,true,true,OK
java_tree,L,L_s795492359.java,1961,BRNGLR,567,567,683895.50,4833.50,49152,10,true,true,OK
java_tree,L,L_s764797847.java,2381,TreeSitterJava,572,572,246979.00,1792.00,212992,10,true,true,OK
java_tree,L,L_s764797847.java,2381,Leo,572,572,9680708.50,93438.00,24199168,10,true,true,OK
java_tree,L,L_s764797847.java,2381,GLL,572,572,18175938.00,121020.50,19726336,10,true,true,OK
java_tree,L,L_s764797847.java,2381,RNGLR,572,572,670916.00,7103.50,32768,10,true,true,OK
java_tree,L,L_s764797847.java,2381,BRNGLR,572,572,709500.00,6959.00,32768,10,true,true,OK
java_tree,M,M_s667897736.java,1851,TreeSitterJava,576,576,231146.00,2458.50,196608,10,true,true,OK
java_tree,M,M_s667897736.java,1851,Leo,576,576,10735771.00,171187.50,24985600,10,true,true,OK
java_tree,M,M_s667897736.java,1851,GLL,576,576,24716854.00,69062.00,32292864,10,true,true,OK
java_tree,M,M_s667897736.java,1851,RNGLR,576,576,745166.50,4937.50,32768,10,true,true,OK
java_tree,M,M_s667897736.java,1851,BRNGLR,576,576,772062.50,2125.00,49152,10,true,true,OK
java_tree,L,L_s902845298.java,1958,TreeSitterJava,582,582,235063.00,1584.00,245760,10,true,true,OK
java_tree,L,L_s902845298.java,1958,Leo,582,582,10638708.50,160688.00,25149440,10,true,true,OK
java_tree,L,L_s902845298.java,1958,GLL,582,582,19677396.00,99145.50,20267008,10,true,true,OK
java_tree,L,L_s902845298.java,1958,RNGLR,582,582,655229.00,5270.50,49152,10,true,true,OK
java_tree,L,L_s902845298.java,1958,BRNGLR,582,582,680312.50,6354.00,32768,10,true,true,OK
java_tree,L,L_s897171532.java,2236,TreeSitterJava,592,592,257458.50,2917.00,245760,10,true,true,OK
java_tree,L,L_s897171532.java,2236,Leo,592,592,10524312.50,57895.50,25165824,10,true,true,OK
java_tree,L,L_s897171532.java,2236,GLL,592,592,25476437.50,26020.50,33013760,10,true,true,OK
java_tree,L,L_s897171532.java,2236,RNGLR,592,592,737000.00,4062.00,32768,10,true,true,OK
java_tree,L,L_s897171532.java,2236,BRNGLR,592,592,759958.50,4563.00,32768,10,true,true,OK
java_tree,L,L_s206639557.java,2899,TreeSitterJava,593,593,235438.00,3772.00,212992,10,true,true,OK
java_tree,L,L_s206639557.java,2899,Leo,593,593,8640312.50,17104.50,22888448,10,true,true,OK
java_tree,L,L_s206639557.java,2899,GLL,593,593,15358625.00,14062.50,17793024,10,true,true,OK
java_tree,L,L_s206639557.java,2899,RNGLR,593,593,647542.00,5333.00,49152,10,true,true,OK
java_tree,L,L_s206639557.java,2899,BRNGLR,593,593,682437.50,1729.50,32768,10,true,true,OK
java_tree,L,L_s939823112.java,1865,TreeSitterJava,637,637,247333.00,2062.50,212992,10,true,true,OK
java_tree,L,L_s939823112.java,1865,Leo,637,637,12348208.50,34416.50,27262976,10,true,true,OK
java_tree,L,L_s939823112.java,1865,GLL,637,637,32313333.50,159834.00,35209216,10,true,true,OK
java_tree,L,L_s939823112.java,1865,RNGLR,637,637,793854.00,3479.00,49152,10,true,true,OK
java_tree,L,L_s939823112.java,1865,BRNGLR,637,637,835896.00,11145.50,32768,10,true,true,OK
java_tree,L,L_s989128553.java,3795,TreeSitterJava,680,680,278333.00,1146.00,196608,10,true,true,OK
java_tree,L,L_s989128553.java,3795,Leo,680,680,12199458.50,90229.50,26509312,10,true,true,OK
java_tree,L,L_s989128553.java,3795,GLL,680,680,21782416.50,32708.50,31899648,10,true,true,OK
java_tree,L,L_s989128553.java,3795,RNGLR,680,680,854958.00,5249.50,65536,10,true,true,OK
java_tree,L,L_s989128553.java,3795,BRNGLR,680,680,880187.50,4208.50,32768,10,true,true,OK
java_tree,L,L_s756713089.java,2589,TreeSitterJava,683,683,274042.00,854.50,196608,10,true,true,OK
java_tree,L,L_s756713089.java,2589,Leo,683,683,11935437.50,37666.50,26558464,10,true,true,OK
java_tree,L,L_s756713089.java,2589,GLL,683,683,27441958.00,131520.50,34242560,10,true,true,OK
java_tree,L,L_s756713089.java,2589,RNGLR,683,683,804708.50,3020.50,49152,10,true,true,OK
java_tree,L,L_s756713089.java,2589,BRNGLR,683,683,851604.50,7083.50,81920,10,true,true,OK
java_tree,M,M_s327740130.java,2012,TreeSitterJava,685,685,275375.00,1520.50,262144,10,true,true,OK
java_tree,M,M_s327740130.java,2012,Leo,685,685,12552062.50,54500.00,27328512,10,true,true,OK
java_tree,M,M_s327740130.java,2012,GLL,685,685,34616646.00,253937.50,36012032,10,true,true,OK
java_tree,M,M_s327740130.java,2012,RNGLR,685,685,808875.00,2875.00,81920,10,true,true,OK
java_tree,M,M_s327740130.java,2012,BRNGLR,685,685,850708.50,7229.50,81920,10,true,true,OK
java_tree,L,L_s740473603.java,3369,TreeSitterJava,685,685,307791.50,1875.00,245760,10,true,true,OK
java_tree,L,L_s740473603.java,3369,Leo,685,685,15255854.00,199646.00,41598976,10,true,true,OK
java_tree,L,L_s740473603.java,3369,GLL,685,685,25312812.00,25124.50,32980992,10,true,true,OK
java_tree,L,L_s740473603.java,3369,RNGLR,685,685,829583.50,24437.50,65536,10,true,true,OK
java_tree,L,L_s740473603.java,3369,BRNGLR,685,685,808042.00,2980.00,81920,10,true,true,OK
java_tree,L,L_s009484797.java,2484,TreeSitterJava,720,720,303625.50,2437.50,229376,10,true,true,OK
java_tree,L,L_s009484797.java,2484,Leo,720,720,12891791.50,51125.00,28098560,10,true,true,OK
java_tree,L,L_s009484797.java,2484,GLL,720,720,31686333.50,134042.00,35733504,10,true,true,OK
java_tree,L,L_s009484797.java,2484,RNGLR,720,720,906187.00,12833.00,65536,10,true,true,OK
java_tree,L,L_s009484797.java,2484,BRNGLR,720,720,917209.00,5897.00,81920,10,true,true,OK
java_tree,L,L_s245452281.java,1955,TreeSitterJava,722,722,283979.50,3208.00,262144,10,true,true,OK
java_tree,L,L_s245452281.java,1955,Leo,722,722,15070604.00,21625.50,42745856,10,true,true,OK
java_tree,L,L_s245452281.java,1955,GLL,722,722,35384874.50,93562.50,36634624,10,true,true,OK
java_tree,L,L_s245452281.java,1955,RNGLR,722,722,860687.50,4604.00,65536,10,true,true,OK
java_tree,L,L_s245452281.java,1955,BRNGLR,722,722,936437.50,37792.00,49152,10,true,true,OK
java_tree,L,L_s079650138.java,3526,TreeSitterJava,735,735,291083.50,2666.50,245760,10,true,true,OK
java_tree,L,L_s079650138.java,3526,Leo,735,735,16762041.50,80354.00,44105728,10,true,true,OK
java_tree,L,L_s079650138.java,3526,GLL,735,735,27580854.00,93104.50,34406400,10,true,true,OK
java_tree,L,L_s079650138.java,3526,RNGLR,735,735,839500.00,3437.50,49152,10,true,true,OK
java_tree,L,L_s079650138.java,3526,BRNGLR,735,735,858271.50,3979.50,65536,10,true,true,OK
java_tree,XL,XL_s667686699.java,7784,TreeSitterJava,749,749,330354.00,1166.50,229376,10,true,true,OK
java_tree,XL,XL_s667686699.java,7784,Leo,749,749,14294062.50,76771.00,29343744,10,true,true,OK
java_tree,XL,XL_s667686699.java,7784,GLL,749,749,27381145.50,100978.50,33619968,10,true,true,OK
java_tree,XL,XL_s667686699.java,7784,RNGLR,749,749,883687.50,5874.50,65536,10,true,true,OK
java_tree,XL,XL_s667686699.java,7784,BRNGLR,749,749,922895.50,2312.50,49152,10,true,true,OK
java_tree,L,L_s981186114.java,3622,TreeSitterJava,761,761,313646.00,2083.50,212992,10,true,true,OK
java_tree,L,L_s981186114.java,3622,Leo,761,761,16169791.50,88771.00,42942464,10,true,true,OK
java_tree,L,L_s981186114.java,3622,GLL,761,761,26445749.50,86708.00,34029568,10,true,true,OK
java_tree,L,L_s981186114.java,3622,RNGLR,761,761,864604.50,5312.50,49152,10,true,true,OK
java_tree,L,L_s981186114.java,3622,BRNGLR,761,761,882833.00,3521.00,65536,10,true,true,OK
java_tree,L,L_s635377595.java,3551,TreeSitterJava,762,762,315999.50,4791.50,245760,10,true,true,OK
java_tree,L,L_s635377595.java,3551,Leo,762,762,16463979.00,57541.00,43155456,10,true,true,OK
java_tree,L,L_s635377595.java,3551,GLL,762,762,26884750.50,103166.50,31916032,10,true,true,OK
java_tree,L,L_s635377595.java,3551,RNGLR,762,762,857021.00,4437.50,65536,10,true,true,OK
java_tree,L,L_s635377595.java,3551,BRNGLR,762,762,890812.50,8292.00,81920,10,true,true,OK
java_tree,L,L_s647474496.java,2463,TreeSitterJava,782,782,299812.50,1333.00,245760,10,true,true,OK
java_tree,L,L_s647474496.java,2463,Leo,782,782,16363750.00,38104.00,43335680,10,true,true,OK
java_tree,L,L_s647474496.java,2463,GLL,782,782,39964000.50,83062.50,39305216,10,true,true,OK
java_tree,L,L_s647474496.java,2463,RNGLR,782,782,889729.00,13229.50,65536,10,true,true,OK
java_tree,L,L_s647474496.java,2463,BRNGLR,782,782,931208.50,3416.50,65536,10,true,true,OK
java_tree,L,L_s961581715.java,4155,TreeSitterJava,801,801,329458.00,1874.50,196608,10,true,true,OK
java_tree,L,L_s961581715.java,4155,Leo,801,801,16615562.50,62187.50,43483136,10,true,true,OK
java_tree,L,L_s961581715.java,4155,GLL,801,801,34102666.00,225770.50,36061184,10,true,true,OK
java_tree,L,L_s961581715.java,4155,RNGLR,801,801,985604.00,1896.00,49152,10,true,true,OK
java_tree,L,L_s961581715.java,4155,BRNGLR,801,801,1015875.00,1250.50,49152,10,true,true,OK
java_tree,L,L_s144559776.java,2799,TreeSitterJava,804,804,318021.00,2063.00,212992,10,true,true,OK
java_tree,L,L_s144559776.java,2799,Leo,804,804,14109562.00,81103.50,28688384,10,true,true,OK
java_tree,L,L_s144559776.java,2799,GLL,804,804,25715020.50,38958.50,33357824,10,true,true,OK
java_tree,L,L_s144559776.java,2799,RNGLR,804,804,919041.50,5750.00,65536,10,true,true,OK
java_tree,L,L_s144559776.java,2799,BRNGLR,804,804,946000.00,4604.50,65536,10,true,true,OK
java_tree,L,L_s267027674.java,2173,TreeSitterJava,817,817,322416.50,4604.00,245760,10,true,true,OK
java_tree,L,L_s267027674.java,2173,Leo,817,817,16000354.50,38541.50,43401216,10,true,true,OK
java_tree,L,L_s267027674.java,2173,GLL,817,817,37508146.00,271709.00,37421056,10,true,true,OK
java_tree,L,L_s267027674.java,2173,RNGLR,817,817,934646.00,6083.50,65536,10,true,true,OK
java_tree,L,L_s267027674.java,2173,BRNGLR,817,817,984000.50,5188.00,49152,10,true,true,OK
java_tree,L,L_s962160233.java,1867,TreeSitterJava,818,818,319583.00,3354.00,245760,10,true,true,OK
java_tree,L,L_s962160233.java,1867,Leo,818,818,17498875.00,56792.00,45170688,10,true,true,OK
java_tree,L,L_s962160233.java,1867,GLL,818,818,48087833.50,158292.00,64192512,10,true,true,OK
java_tree,L,L_s962160233.java,1867,RNGLR,818,818,1187313.00,6667.00,622592,10,true,true,OK
java_tree,L,L_s962160233.java,1867,BRNGLR,818,818,1280021.00,8833.50,1179648,10,true,true,OK
java_tree,L,L_s190553390.java,4646,TreeSitterJava,826,826,361333.50,28271.00,196608,10,true,true,OK
java_tree,L,L_s190553390.java,4646,Leo,826,826,16585208.50,32250.50,43286528,10,true,true,OK
java_tree,L,L_s190553390.java,4646,GLL,826,826,27722020.50,66625.00,34471936,10,true,true,OK
java_tree,L,L_s190553390.java,4646,RNGLR,826,826,992145.50,2853.50,49152,10,true,true,OK
java_tree,L,L_s190553390.java,4646,BRNGLR,826,826,1024583.00,2478.50,81920,10,true,true,OK
java_tree,L,L_s253329254.java,3488,TreeSitterJava,827,827,327312.00,1959.00,245760,10,true,true,OK
java_tree,L,L_s253329254.java,3488,Leo,827,827,18106417.00,38229.50,44843008,10,true,true,OK
java_tree,L,L_s253329254.java,3488,GLL,827,827,30025729.50,240854.00,34488320,10,true,true,OK
java_tree,L,L_s253329254.java,3488,RNGLR,827,827,924916.50,8270.50,65536,10,true,true,OK
java_tree,L,L_s253329254.java,3488,BRNGLR,827,827,947875.00,2896.00,81920,10,true,true,OK
java_tree,L,L_s866739259.java,3469,TreeSitterJava,835,835,360146.00,2479.00,196608,10,true,true,OK
java_tree,L,L_s866739259.java,3469,Leo,835,835,15616729.50,170083.50,42532864,10,true,true,OK
java_tree,L,L_s866739259.java,3469,GLL,835,835,30254146.00,55041.50,34799616,10,true,true,OK
java_tree,L,L_s866739259.java,3469,RNGLR,835,835,997729.00,4916.50,81920,10,true,true,OK
java_tree,L,L_s866739259.java,3469,BRNGLR,835,835,1031812.00,10125.00,49152,10,true,true,OK
java_tree,L,L_s901524585.java,3581,TreeSitterJava,835,835,361541.50,4749.50,180224,10,true,true,OK
java_tree,L,L_s901524585.java,3581,Leo,835,835,15973979.50,118521.50,42614784,10,true,true,OK
java_tree,L,L_s901524585.java,3581,GLL,835,835,29616812.50,129812.50,34471936,10,true,true,OK
java_tree,L,L_s901524585.java,3581,RNGLR,835,835,1008354.00,3708.00,81920,10,true,true,OK
java_tree,L,L_s901524585.java,3581,BRNGLR,835,835,1042833.50,5333.50,851968,10,true,true,OK
java_tree,L,L_s305737169.java,4285,TreeSitterJava,848,848,356979.00,2103.50,196608,10,true,true,OK
java_tree,L,L_s305737169.java,4285,Leo,848,848,16240354.00,134041.50,42958848,10,true,true,OK
java_tree,L,L_s305737169.java,4285,GLL,848,848,29786437.50,59250.00,34930688,10,true,true,OK
java_tree,L,L_s305737169.java,4285,RNGLR,848,848,1044771.00,12833.00,65536,10,true,true,OK
java_tree,L,L_s305737169.java,4285,BRNGLR,848,848,1070791.50,4000.00,65536,10,true,true,OK
java_tree,L,L_s648489624.java,2678,TreeSitterJava,850,850,361687.50,9291.50,245760,10,true,true,OK
java_tree,L,L_s648489624.java,2678,Leo,850,850,16627083.50,75146.00,44466176,10,true,true,OK
java_tree,L,L_s648489624.java,2678,GLL,850,850,35131333.50,122875.00,36798464,10,true,true,OK
java_tree,L,L_s648489624.java,2678,RNGLR,850,850,1002250.00,7708.50,81920,10,true,true,OK
java_tree,L,L_s648489624.java,2678,BRNGLR,850,850,1045895.50,3687.50,65536,10,true,true,OK
java_tree,L,L_s984158577.java,1900,TreeSitterJava,895,895,322395.50,2291.00,212992,10,true,true,OK
java_tree,L,L_s984158577.java,1900,Leo,895,895,17932166.50,81750.00,45596672,10,true,true,OK
java_tree,L,L_s984158577.java,1900,GLL,895,895,42631375.00,138250.00,39469056,10,true,true,OK
java_tree,L,L_s984158577.java,1900,RNGLR,895,895,1048291.50,14208.50,32768,10,true,true,OK
java_tree,L,L_s984158577.java,1900,BRNGLR,895,895,1091396.50,3938.50,1048576,10,true,true,OK
java_tree,L,L_s625050694.java,3199,TreeSitterJava,896,896,370854.00,21145.50,212992,10,true,true,OK
java_tree,L,L_s625050694.java,3199,Leo,896,896,16046562.50,138771.00,42598400,10,true,true,OK
java_tree,L,L_s625050694.java,3199,GLL,896,896,28913020.50,113312.00,34947072,10,true,true,OK
java_tree,L,L_s625050694.java,3199,RNGLR,896,896,984229.50,4708.00,49152,10,true,true,OK
java_tree,L,L_s625050694.java,3199,BRNGLR,896,896,1032270.50,12812.50,49152,10,true,true,OK
java_tree,L,L_s342199534.java,2983,TreeSitterJava,901,901,373083.50,2375.00,245760,10,true,true,OK
java_tree,L,L_s342199534.java,2983,Leo,901,901,18910104.00,205520.50,46104576,10,true,true,OK
java_tree,L,L_s342199534.java,2983,GLL,901,901,34865062.00,84124.50,36765696,10,true,true,OK
java_tree,L,L_s342199534.java,2983,RNGLR,901,901,1065541.50,13395.50,16384,10,true,true,OK
java_tree,L,L_s342199534.java,2983,BRNGLR,901,901,1085187.50,6249.50,966656,10,true,true,OK
java_tree,L,L_s064625248.java,3800,TreeSitterJava,914,914,372750.00,2896.00,245760,10,true,true,OK
java_tree,L,L_s064625248.java,3800,Leo,914,914,19741875.00,126562.50,46743552,10,true,true,OK
java_tree,L,L_s064625248.java,3800,GLL,914,914,38043020.50,282084.00,38944768,10,true,true,OK
java_tree,L,L_s064625248.java,3800,RNGLR,914,914,1094500.00,10396.00,851968,10,true,true,OK
java_tree,L,L_s064625248.java,3800,BRNGLR,914,914,1115979.00,5333.50,1032192,10,true,true,OK
java_tree,L,L_s201781581.java,3478,TreeSitterJava,926,926,370187.50,3187.50,245760,10,true,true,OK
java_tree,L,L_s201781581.java,3478,Leo,926,926,17546167.00,28874.50,44548096,10,true,true,OK
java_tree,L,L_s201781581.java,3478,GLL,926,926,31518084.00,135959.00,35110912,10,true,true,OK
java_tree,L,L_s201781581.java,3478,RNGLR,926,926,1038333.50,5312.50,49152,10,true,true,OK
java_tree,L,L_s201781581.java,3478,BRNGLR,926,926,1103770.50,10228.50,1146880,10,true,true,OK
java_tree,L,L_s950746552.java,3490,TreeSitterJava,949,949,370979.50,2125.00,278528,10,true,true,OK
java_tree,L,L_s950746552.java,3490,Leo,949,949,20333520.50,45916.50,48283648,10,true,true,OK
java_tree,L,L_s950746552.java,3490,GLL,949,949,39049187.50,117333.50,39092224,10,true,true,OK
java_tree,L,L_s950746552.java,3490,RNGLR,949,949,1087646.00,16437.50,901120,10,true,true,OK
java_tree,L,L_s950746552.java,3490,BRNGLR,949,949,1132416.50,9312.50,1179648,10,true,true,OK
java_tree,XL,XL_s295098691.java,4052,TreeSitterJava,987,987,418937.00,4541.50,245760,10,true,true,OK
java_tree,XL,XL_s295098691.java,4052,Leo,987,987,21982312.50,219917.00,48824320,10,true,true,OK
java_tree,XL,XL_s295098691.java,4052,GLL,987,987,40913978.50,183645.50,39714816,10,true,true,OK
java_tree,XL,XL_s295098691.java,4052,RNGLR,987,987,1121812.50,4375.00,966656,10,true,true,OK
java_tree,XL,XL_s295098691.java,4052,BRNGLR,987,987,1177521.00,6959.00,1277952,10,true,true,OK
java_tree,XL,XL_s585687208.java,4495,TreeSitterJava,991,991,401562.00,2062.50,196608,10,true,true,OK
java_tree,XL,XL_s585687208.java,4495,Leo,991,991,19291020.50,160166.00,46219264,10,true,true,OK
java_tree,XL,XL_s585687208.java,4495,GLL,991,991,33307083.50,203937.50,35651584,10,true,true,OK
java_tree,XL,XL_s585687208.java,4495,RNGLR,991,991,1140958.50,7937.50,966656,10,true,true,OK
java_tree,XL,XL_s585687208.java,4495,BRNGLR,991,991,1194187.50,5458.50,1245184,10,true,true,OK
java_tree,XL,XL_s936973060.java,5293,TreeSitterJava,1000,1000,417125.00,6666.50,196608,10,true,true,OK
java_tree,XL,XL_s936973060.java,5293,Leo,1000,1000,20877875.50,92000.00,47710208,10,true,true,OK
java_tree,XL,XL_s936973060.java,5293,GLL,1000,1000,38654895.50,73479.00,39190528,10,true,true,OK
java_tree,XL,XL_s936973060.java,5293,RNGLR,1000,1000,1225271.00,16333.50,901120,10,true,true,OK
java_tree,XL,XL_s936973060.java,5293,BRNGLR,1000,1000,1308916.50,9104.00,1294336,10,true,true,OK
java_tree,L,L_s799283876.java,3906,TreeSitterJava,1054,1054,462479.00,1020.50,262144,10,true,true,OK
java_tree,L,L_s799283876.java,3906,Leo,1054,1054,21834229.00,27458.50,48431104,10,true,true,OK
java_tree,L,L_s799283876.java,3906,GLL,1054,1054,41850708.50,390396.00,39845888,10,true,true,OK
java_tree,L,L_s799283876.java,3906,RNGLR,1054,1054,1237250.50,2979.50,1212416,10,true,true,OK
java_tree,L,L_s799283876.java,3906,BRNGLR,1054,1054,1288312.50,5333.50,1523712,10,true,true,OK
java_tree,XL,XL_s769694814.java,4842,TreeSitterJava,1075,1075,457833.00,2333.00,196608,10,true,true,OK
java_tree,XL,XL_s769694814.java,4842,Leo,1075,1075,24460375.00,184187.50,51838976,10,true,true,OK
java_tree,XL,XL_s769694814.java,4842,GLL,1075,1075,51789291.50,124125.00,62767104,10,true,true,OK
java_tree,XL,XL_s769694814.java,4842,RNGLR,1075,1075,1386854.00,7083.00,1261568,10,true,true,OK
java_tree,XL,XL_s769694814.java,4842,BRNGLR,1075,1075,1455625.00,17042.00,1687552,10,true,true,OK
java_tree,L,L_s230225873.java,5827,TreeSitterJava,1079,1079,478271.00,2375.50,212992,10,true,true,OK
java_tree,L,L_s230225873.java,5827,Leo,1079,1079,21046208.50,366146.00,47939584,10,true,true,OK
java_tree,L,L_s230225873.java,5827,GLL,1079,1079,47955083.00,141499.50,62652416,10,true,true,OK
java_tree,L,L_s230225873.java,5827,RNGLR,1079,1079,1305604.00,5354.00,1228800,10,true,true,OK
java_tree,L,L_s230225873.java,5827,BRNGLR,1079,1079,1385562.50,4604.00,1572864,10,true,true,OK
java_tree,XL,XL_s181229603.java,5750,TreeSitterJava,1107,1107,449521.00,3125.50,196608,10,true,true,OK
java_tree,XL,XL_s181229603.java,5750,Leo,1107,1107,23741250.00,88729.50,50872320,10,true,true,OK
java_tree,XL,XL_s181229603.java,5750,GLL,1107,1107,48230249.50,90666.50,61489152,10,true,true,OK
java_tree,XL,XL_s181229603.java,5750,RNGLR,1107,1107,1360375.00,8667.00,1163264,10,true,true,OK
java_tree,XL,XL_s181229603.java,5750,BRNGLR,1107,1107,1426333.00,11583.00,1523712,10,true,true,OK
java_tree,L,L_s860769642.java,4519,TreeSitterJava,1141,1141,448687.50,7562.50,212992,10,true,true,OK
java_tree,L,L_s860769642.java,4519,Leo,1141,1141,24687271.00,101708.50,52346880,10,true,true,OK
java_tree,L,L_s860769642.java,4519,GLL,1141,1141,44650875.00,141729.00,39043072,10,true,true,OK
java_tree,L,L_s860769642.java,4519,RNGLR,1141,1141,1380729.00,5895.50,1228800,10,true,true,OK
java_tree,L,L_s860769642.java,4519,BRNGLR,1141,1141,1421125.00,7687.50,1671168,10,true,true,OK
java_tree,L,L_s958579125.java,3955,TreeSitterJava,1184,1184,490937.50,3375.00,278528,10,true,true,OK
java_tree,L,L_s958579125.java,3955,Leo,1184,1184,24422229.00,253229.00,51380224,10,true,true,OK
java_tree,L,L_s958579125.java,3955,GLL,1184,1184,46309729.00,85604.00,60030976,10,true,true,OK
java_tree,L,L_s958579125.java,3955,RNGLR,1184,1184,1389062.50,8729.00,1245184,10,true,true,OK
java_tree,L,L_s958579125.java,3955,BRNGLR,1184,1184,1427125.00,4416.50,1572864,10,true,true,OK
java_tree,XL,XL_s621966189.java,4090,TreeSitterJava,1186,1186,464437.50,2625.00,245760,10,true,true,OK
java_tree,XL,XL_s621966189.java,4090,Leo,1186,1186,26421042.00,142417.00,53886976,10,true,true,OK
java_tree,XL,XL_s621966189.java,4090,GLL,1186,1186,56480708.50,63813.00,65798144,10,true,true,OK
java_tree,XL,XL_s621966189.java,4090,RNGLR,1186,1186,1475937.00,6166.50,1146880,10,true,true,OK
java_tree,XL,XL_s621966189.java,4090,BRNGLR,1186,1186,1515520.50,6499.50,1523712,10,true,true,OK
java_tree,XL,XL_s016810369.java,4724,TreeSitterJava,1198,1198,505833.50,2603.50,245760,10,true,true,OK
java_tree,XL,XL_s016810369.java,4724,Leo,1198,1198,25755084.00,190166.50,52707328,10,true,true,OK
java_tree,XL,XL_s016810369.java,4724,GLL,1198,1198,50543041.50,72312.50,61440000,10,true,true,OK
java_tree,XL,XL_s016810369.java,4724,RNGLR,1198,1198,1457000.00,7291.50,1294336,10,true,true,OK
java_tree,XL,XL_s016810369.java,4724,BRNGLR,1198,1198,1489292.00,11958.50,1507328,10,true,true,OK
java_tree,XL,XL_s406625269.java,5124,TreeSitterJava,1214,1214,495458.00,1541.50,212992,10,true,true,OK
java_tree,XL,XL_s406625269.java,5124,Leo,1214,1214,24032916.50,154416.50,51691520,10,true,true,OK
java_tree,XL,XL_s406625269.java,5124,GLL,1214,1214,48365416.50,231854.50,59260928,10,true,true,OK
java_tree,XL,XL_s406625269.java,5124,RNGLR,1214,1214,1535979.50,4104.50,1343488,10,true,true,OK
java_tree,XL,XL_s406625269.java,5124,BRNGLR,1214,1214,1577666.50,11166.50,1540096,10,true,true,OK
java_tree,XL,XL_s060765120.java,4500,TreeSitterJava,1228,1228,504354.00,3146.00,196608,10,true,true,OK
java_tree,XL,XL_s060765120.java,4500,Leo,1228,1228,27867833.00,121791.50,54640640,10,true,true,OK
java_tree,XL,XL_s060765120.java,4500,GLL,1228,1228,49324396.00,146063.00,61292544,10,true,true,OK
java_tree,XL,XL_s060765120.java,4500,RNGLR,1228,1228,1475729.50,7167.00,1425408,10,true,true,OK
java_tree,XL,XL_s060765120.java,4500,BRNGLR,1228,1228,1499541.50,2854.50,1605632,10,true,true,OK
java_tree,L,L_s436367814.java,5036,TreeSitterJava,1235,1235,496687.50,1792.00,180224,10,true,true,OK
java_tree,L,L_s436367814.java,5036,Leo,1235,1235,27348458.00,107062.50,55640064,10,true,true,OK
java_tree,L,L_s436367814.java,5036,GLL,1235,1235,62529416.50,200229.00,70664192,10,true,true,OK
java_tree,L,L_s436367814.java,5036,RNGLR,1235,1235,2099687.00,6916.00,1196032,10,true,true,OK
java_tree,L,L_s436367814.java,5036,BRNGLR,1235,1235,2298208.50,5604.00,1556480,10,true,true,OK
java_tree,M,M_s227086674.java,3790,TreeSitterJava,1270,1270,548708.00,1937.50,212992,10,true,true,OK
java_tree,M,M_s227086674.java,3790,Leo,1270,1270,25301124.50,69124.50,52969472,10,true,true,OK
java_tree,M,M_s227086674.java,3790,GLL,1270,1270,47417354.00,170146.00,66289664,10,true,true,OK
java_tree,M,M_s227086674.java,3790,RNGLR,1270,1270,1579479.50,5625.00,1441792,10,true,true,OK
java_tree,M,M_s227086674.java,3790,BRNGLR,1270,1270,1613229.50,2521.00,1687552,10,true,true,OK
java_tree,L,L_s393852806.java,3395,TreeSitterJava,1288,1288,546208.50,1125.50,196608,10,true,true,OK
java_tree,L,L_s393852806.java,3395,Leo,1288,1288,25274770.50,434916.50,51953664,10,true,true,OK
java_tree,L,L_s393852806.java,3395,GLL,1288,1288,58020458.00,271770.00,68567040,10,true,true,OK
java_tree,L,L_s393852806.java,3395,RNGLR,1288,1288,1540229.00,9208.50,1392640,10,true,true,OK
java_tree,L,L_s393852806.java,3395,BRNGLR,1288,1288,1579999.50,3999.50,1671168,10,true,true,OK
java_tree,XL,XL_s242158262.java,6246,TreeSitterJava,1289,1289,478729.50,1375.00,245760,10,true,true,OK
java_tree,XL,XL_s242158262.java,6246,Leo,1289,1289,37482354.50,171458.50,85475328,10,true,true,OK
java_tree,XL,XL_s242158262.java,6246,GLL,1289,1289,60586583.50,472854.50,69287936,10,true,true,OK
java_tree,XL,XL_s242158262.java,6246,RNGLR,1289,1289,1420812.00,6541.00,1163264,10,true,true,OK
java_tree,XL,XL_s242158262.java,6246,BRNGLR,1289,1289,1472021.00,4688.00,1769472,10,true,true,OK
java_tree,XL,XL_s811427384.java,4988,TreeSitterJava,1345,1345,531749.50,2104.00,262144,10,true,true,OK
java_tree,XL,XL_s811427384.java,4988,Leo,1345,1345,26403645.50,225999.50,53018624,10,true,true,OK
java_tree,XL,XL_s811427384.java,4988,GLL,1345,1345,49639020.50,181500.00,61669376,10,true,true,OK
java_tree,XL,XL_s811427384.java,4988,RNGLR,1345,1345,1561375.50,4730.00,1359872,10,true,true,OK
java_tree,XL,XL_s811427384.java,4988,BRNGLR,1345,1345,1610416.50,7520.50,1654784,10,true,true,OK
java_tree,XL,XL_s946591960.java,4918,TreeSitterJava,1347,1347,559791.50,4875.50,294912,10,true,true,OK
java_tree,XL,XL_s946591960.java,4918,Leo,1347,1347,28446937.50,131791.50,55164928,10,true,true,OK
java_tree,XL,XL_s946591960.java,4918,GLL,1347,1347,58563271.00,207083.50,67616768,10,true,true,OK
java_tree,XL,XL_s946591960.java,4918,RNGLR,1347,1347,1646979.00,6542.00,1294336,10,true,true,OK
java_tree,XL,XL_s946591960.java,4918,BRNGLR,1347,1347,1676812.50,12604.00,1474560,10,true,true,OK
java_tree,XL,XL_s282389784.java,5774,TreeSitterJava,1348,1348,545937.50,1291.50,196608,10,true,true,OK
java_tree,XL,XL_s282389784.java,5774,Leo,1348,1348,28212124.50,163333.00,55083008,10,true,true,OK
java_tree,XL,XL_s282389784.java,5774,GLL,1348,1348,54765812.00,206396.00,63520768,10,true,true,OK
java_tree,XL,XL_s282389784.java,5774,RNGLR,1348,1348,1584396.00,10041.50,1327104,10,true,true,OK
java_tree,XL,XL_s282389784.java,5774,BRNGLR,1348,1348,1609375.00,5729.00,1490944,10,true,true,OK
java_tree,XL,XL_s075849650.java,4609,TreeSitterJava,1356,1356,557333.50,1604.00,212992,10,true,true,OK
java_tree,XL,XL_s075849650.java,4609,Leo,1356,1356,26491333.50,44416.50,53788672,10,true,true,OK
java_tree,XL,XL_s075849650.java,4609,GLL,1356,1356,53645416.50,148708.50,63897600,10,true,true,OK
java_tree,XL,XL_s075849650.java,4609,RNGLR,1356,1356,1700521.00,4812.50,1343488,10,true,true,OK
java_tree,XL,XL_s075849650.java,4609,BRNGLR,1356,1356,1754646.00,5583.50,1572864,10,true,true,OK
java_tree,XL,XL_s034245612.java,5031,TreeSitterJava,1358,1358,580208.00,2771.50,212992,10,true,true,OK
java_tree,XL,XL_s034245612.java,5031,Leo,1358,1358,29005833.50,96875.50,56180736,10,true,true,OK
java_tree,XL,XL_s034245612.java,5031,GLL,1358,1358,54749291.50,220916.50,64339968,10,true,true,OK
java_tree,XL,XL_s034245612.java,5031,RNGLR,1358,1358,1612541.50,5416.50,1359872,10,true,true,OK
java_tree,XL,XL_s034245612.java,5031,BRNGLR,1358,1358,1612667.00,5979.00,1638400,10,true,true,OK
java_tree,L,L_s565229106.java,5696,TreeSitterJava,1364,1364,548541.50,2667.00,196608,10,true,true,OK
java_tree,L,L_s565229106.java,5696,Leo,1364,1364,30559312.50,105687.50,57442304,10,true,true,OK
java_tree,L,L_s565229106.java,5696,GLL,1364,1364,70581583.00,241250.00,69533696,10,true,true,OK
java_tree,L,L_s565229106.java,5696,RNGLR,1364,1364,1599687.50,12750.00,1507328,10,true,true,OK
java_tree,L,L_s565229106.java,5696,BRNGLR,1364,1364,1664750.00,8813.00,1474560,10,true,true,OK
java_tree,XL,XL_s072974401.java,5082,TreeSitterJava,1407,1407,585812.50,2354.50,196608,10,true,true,OK
java_tree,XL,XL_s072974401.java,5082,Leo,1407,1407,31077604.50,123042.00,58032128,10,true,true,OK
java_tree,XL,XL_s072974401.java,5082,GLL,1407,1407,57525437.50,114396.50,67469312,10,true,true,OK
java_tree,XL,XL_s072974401.java,5082,RNGLR,1407,1407,1702021.00,6166.50,1507328,10,true,true,OK
java_tree,XL,XL_s072974401.java,5082,BRNGLR,1407,1407,1746771.00,5333.50,1769472,10,true,true,OK
java_tree,XL,XL_s852831063.java,5323,TreeSitterJava,1420,1420,588395.50,3625.00,196608,10,true,true,OK
java_tree,XL,XL_s852831063.java,5323,Leo,1420,1420,29850125.00,311437.50,55902208,10,true,true,OK
java_tree,XL,XL_s852831063.java,5323,GLL,1420,1420,59568854.00,182625.50,67092480,10,true,true,OK
java_tree,XL,XL_s852831063.java,5323,RNGLR,1420,1420,1720042.00,8354.50,1310720,10,true,true,OK
java_tree,XL,XL_s852831063.java,5323,BRNGLR,1420,1420,1778021.00,6396.00,1703936,10,true,true,OK
java_tree,XL,XL_s698291739.java,5758,TreeSitterJava,1422,1422,592958.00,2270.50,196608,10,true,true,OK
java_tree,XL,XL_s698291739.java,5758,Leo,1422,1422,30053146.00,624000.00,56295424,10,true,true,OK
java_tree,XL,XL_s698291739.java,5758,GLL,1422,1422,56262083.50,298542.00,63864832,10,true,true,OK
java_tree,XL,XL_s698291739.java,5758,RNGLR,1422,1422,1700937.50,4312.50,1146880,10,true,true,OK
java_tree,XL,XL_s698291739.java,5758,BRNGLR,1422,1422,1750916.00,6791.00,1441792,10,true,true,OK
java_tree,XL,XL_s742207234.java,6062,TreeSitterJava,1429,1429,595520.50,5354.00,262144,10,true,true,OK
java_tree,XL,XL_s742207234.java,6062,Leo,1429,1429,29699979.50,147188.00,56279040,10,true,true,OK
java_tree,XL,XL_s742207234.java,6062,GLL,1429,1429,58585063.00,131416.50,68763648,10,true,true,OK
java_tree,XL,XL_s742207234.java,6062,RNGLR,1429,1429,1760271.00,75083.50,1359872,10,true,true,OK
java_tree,XL,XL_s742207234.java,6062,BRNGLR,1429,1429,1740104.50,4208.00,1490944,10,true,true,OK
java_tree,L,L_s034191650.java,4040,TreeSitterJava,1463,1463,582625.50,2146.00,245760,10,true,true,OK
java_tree,L,L_s034191650.java,4040,Leo,1463,1463,32769333.00,502500.00,58933248,10,true,true,OK
java_tree,L,L_s034191650.java,4040,GLL,1463,1463,71775083.00,131458.00,71925760,10,true,true,OK
java_tree,L,L_s034191650.java,4040,RNGLR,1463,1463,1974729.00,9000.00,1261568,10,true,true,OK
java_tree,L,L_s034191650.java,4040,BRNGLR,1463,1463,2092562.50,10542.00,1638400,10,true,true,OK
java_tree,XL,XL_s542762429.java,6145,TreeSitterJava,1519,1519,608229.00,3521.50,278528,10,true,true,OK
java_tree,XL,XL_s542762429.java,6145,Leo,1519,1519,31155584.00,69938.00,57786368,10,true,true,OK
java_tree,XL,XL_s542762429.java,6145,GLL,1519,1519,58853771.00,336854.50,66535424,10,true,true,OK
java_tree,XL,XL_s542762429.java,6145,RNGLR,1519,1519,1739333.00,6375.00,1458176,10,true,true,OK
java_tree,XL,XL_s542762429.java,6145,BRNGLR,1519,1519,1811145.50,3562.50,1736704,10,true,true,OK
java_tree,XL,XL_s787014794.java,7179,TreeSitterJava,1530,1530,611291.50,1479.00,262144,10,true,true,OK
java_tree,XL,XL_s787014794.java,7179,Leo,1530,1530,38642458.50,95292.00,86474752,10,true,true,OK
java_tree,XL,XL_s787014794.java,7179,GLL,1530,1530,67369875.00,342104.00,69042176,10,true,true,OK
java_tree,XL,XL_s787014794.java,7179,RNGLR,1530,1530,1814833.00,7167.00,1261568,10,true,true,OK
java_tree,XL,XL_s787014794.java,7179,BRNGLR,1530,1530,1907542.00,11229.50,1556480,10,true,true,OK
java_tree,XL,XL_s183129044.java,5097,TreeSitterJava,1535,1535,632813.00,5083.50,196608,10,true,true,OK
java_tree,XL,XL_s183129044.java,5097,Leo,1535,1535,38066938.00,139666.50,85606400,10,true,true,OK
java_tree,XL,XL_s183129044.java,5097,GLL,1535,1535,63082312.50,166604.00,68075520,10,true,true,OK
java_tree,XL,XL_s183129044.java,5097,RNGLR,1535,1535,1773583.50,2813.00,1507328,10,true,true,OK
java_tree,XL,XL_s183129044.java,5097,BRNGLR,1535,1535,1818124.50,5500.50,1556480,10,true,true,OK
java_tree,XL,XL_s203521442.java,6174,TreeSitterJava,1543,1543,638395.50,2333.50,196608,10,true,true,OK
java_tree,XL,XL_s203521442.java,6174,Leo,1543,1543,29832896.50,119834.50,57507840,10,true,true,OK
java_tree,XL,XL_s203521442.java,6174,GLL,1543,1543,62497104.00,131499.50,68288512,10,true,true,OK
java_tree,XL,XL_s203521442.java,6174,RNGLR,1543,1543,1747166.50,5395.50,1310720,10,true,true,OK
java_tree,XL,XL_s203521442.java,6174,BRNGLR,1543,1543,1837729.00,13000.00,1572864,10,true,true,OK
java_tree,XL,XL_s378836723.java,5899,TreeSitterJava,1545,1545,595708.50,1854.50,196608,10,true,true,OK
java_tree,XL,XL_s378836723.java,5899,Leo,1545,1545,40448041.50,139479.00,87851008,10,true,true,OK
java_tree,XL,XL_s378836723.java,5899,GLL,1545,1545,63619937.00,178583.50,70369280,10,true,true,OK
java_tree,XL,XL_s378836723.java,5899,RNGLR,1545,1545,1814249.50,7166.50,1277952,10,true,true,OK
java_tree,XL,XL_s378836723.java,5899,BRNGLR,1545,1545,1881395.50,10625.00,1818624,10,true,true,OK
java_tree,XL,XL_s510538880.java,4947,TreeSitterJava,1568,1568,648771.50,3271.50,262144,10,true,true,OK
java_tree,XL,XL_s510538880.java,4947,Leo,1568,1568,36605521.00,43958.50,86130688,10,true,true,OK
java_tree,XL,XL_s510538880.java,4947,GLL,1568,1568,76263250.00,336666.50,74252288,10,true,true,OK
java_tree,XL,XL_s510538880.java,4947,RNGLR,1568,1568,1786541.50,8062.00,1294336,10,true,true,OK
java_tree,XL,XL_s510538880.java,4947,BRNGLR,1568,1568,1854853.50,8520.00,1589248,10,true,true,OK
java_tree,XL,XL_s098969951.java,6591,TreeSitterJava,1574,1574,659291.50,2979.50,245760,10,true,true,OK
java_tree,XL,XL_s098969951.java,6591,Leo,1574,1574,39356041.50,105249.50,87244800,10,true,true,OK
java_tree,XL,XL_s098969951.java,6591,GLL,1574,1574,68544500.50,357542.00,70811648,10,true,true,OK
java_tree,XL,XL_s098969951.java,6591,RNGLR,1574,1574,1860271.00,6083.50,1261568,10,true,true,OK
java_tree,XL,XL_s098969951.java,6591,BRNGLR,1574,1574,1910166.50,15625.00,1490944,10,true,true,OK
java_tree,XL,XL_s748519636.java,6748,TreeSitterJava,1628,1628,667270.50,2521.00,245760,10,true,true,OK
java_tree,XL,XL_s748519636.java,6748,Leo,1628,1628,39259125.00,149396.00,86966272,10,true,true,OK
java_tree,XL,XL_s748519636.java,6748,GLL,1628,1628,69716583.00,162458.00,72040448,10,true,true,OK
java_tree,XL,XL_s748519636.java,6748,RNGLR,1628,1628,1916208.50,4250.00,1474560,10,true,true,OK
java_tree,XL,XL_s748519636.java,6748,BRNGLR,1628,1628,1973875.50,4188.00,1671168,10,true,true,OK
java_tree,XL,XL_s658870276.java,7567,TreeSitterJava,1634,1634,668292.00,2583.50,229376,10,true,true,OK
java_tree,XL,XL_s658870276.java,7567,Leo,1634,1634,41278770.50,346479.00,88981504,10,true,true,OK
java_tree,XL,XL_s658870276.java,7567,GLL,1634,1634,76721750.50,407624.50,74809344,10,true,true,OK
java_tree,XL,XL_s658870276.java,7567,RNGLR,1634,1634,1913771.00,5333.50,1228800,10,true,true,OK
java_tree,XL,XL_s658870276.java,7567,BRNGLR,1634,1634,2008937.50,9541.50,1425408,10,true,true,OK
java_tree,XL,XL_s174959820.java,6979,TreeSitterJava,1642,1642,691000.50,3333.50,278528,10,true,true,OK
java_tree,XL,XL_s174959820.java,6979,Leo,1642,1642,38711708.00,127728.50,87261184,10,true,true,OK
java_tree,XL,XL_s174959820.java,6979,GLL,1642,1642,63182354.00,313229.00,68190208,10,true,true,OK
java_tree,XL,XL_s174959820.java,6979,RNGLR,1642,1642,1946625.00,9937.50,1245184,10,true,true,OK
java_tree,XL,XL_s174959820.java,6979,BRNGLR,1642,1642,2046479.50,24042.00,1572864,10,true,true,OK
java_tree,XL,XL_s818920581.java,6886,TreeSitterJava,1691,1691,700562.50,7062.00,212992,10,true,true,OK
java_tree,XL,XL_s818920581.java,6886,Leo,1691,1691,39261854.00,228437.00,87113728,10,true,true,OK
java_tree,XL,XL_s818920581.java,6886,GLL,1691,1691,70132187.50,109291.50,72384512,10,true,true,OK
java_tree,XL,XL_s818920581.java,6886,RNGLR,1691,1691,2035145.50,6145.50,1310720,10,true,true,OK
java_tree,XL,XL_s818920581.java,6886,BRNGLR,1691,1691,2103146.00,7708.50,1589248,10,true,true,OK
java_tree,XL,XL_s649539277.java,7465,TreeSitterJava,1747,1747,699000.00,1375.00,212992,10,true,true,OK
java_tree,XL,XL_s649539277.java,7465,Leo,1747,1747,41919083.50,235791.50,89571328,10,true,true,OK
java_tree,XL,XL_s649539277.java,7465,GLL,1747,1747,78225062.50,50749.50,73170944,10,true,true,OK
java_tree,XL,XL_s649539277.java,7465,RNGLR,1747,1747,2052042.00,7437.50,1277952,10,true,true,OK
java_tree,XL,XL_s649539277.java,7465,BRNGLR,1747,1747,2120854.50,8875.00,1458176,10,true,true,OK
java_tree,XL,XL_s239068655.java,8968,TreeSitterJava,1771,1771,760479.50,10875.50,196608,10,true,true,OK
java_tree,XL,XL_s239068655.java,8968,Leo,1771,1771,38970166.50,197333.50,87277568,10,true,true,OK
java_tree,XL,XL_s239068655.java,8968,GLL,1771,1771,65169812.00,97875.00,69238784,10,true,true,OK
java_tree,XL,XL_s239068655.java,8968,RNGLR,1771,1771,2099166.50,13228.50,1327104,10,true,true,OK
java_tree,XL,XL_s239068655.java,8968,BRNGLR,1771,1771,2185292.00,9209.00,1556480,10,true,true,OK
java_tree,XL,XL_s369455670.java,21728,TreeSitterJava,1772,1772,829042.00,3125.00,212992,10,true,true,OK
java_tree,XL,XL_s369455670.java,21728,Leo,1772,1772,37340104.00,402250.50,85917696,10,false,false,PARSE_FAIL
java_tree,XL,XL_s369455670.java,21728,GLL,1772,1772,63397041.50,373937.50,69042176,10,true,true,OK
java_tree,XL,XL_s369455670.java,21728,RNGLR,1772,1772,2070895.50,7874.50,1392640,10,true,true,OK
java_tree,XL,XL_s369455670.java,21728,BRNGLR,1772,1772,2135916.50,4624.50,1687552,10,true,true,OK
java_tree,XL,XL_s784724449.java,6287,TreeSitterJava,1789,1789,692104.00,2125.00,245760,10,true,true,OK
java_tree,XL,XL_s784724449.java,6287,Leo,1789,1789,40419666.50,328416.50,88391680,10,true,true,OK
java_tree,XL,XL_s784724449.java,6287,GLL,1789,1789,68606687.50,216625.00,69828608,10,true,true,OK
java_tree,XL,XL_s784724449.java,6287,RNGLR,1789,1789,2064958.00,2853.50,1523712,10,true,true,OK
java_tree,XL,XL_s784724449.java,6287,BRNGLR,1789,1789,2196292.00,6938.00,1572864,10,true,true,OK
java_tree,XL,XL_s934458528.java,9348,TreeSitterJava,1809,1809,759646.00,1479.00,196608,10,true,true,OK
java_tree,XL,XL_s934458528.java,9348,Leo,1809,1809,44232604.00,214416.50,90898432,10,true,true,OK
java_tree,XL,XL_s934458528.java,9348,GLL,1809,1809,75823437.50,508479.00,71647232,10,true,true,OK
java_tree,XL,XL_s934458528.java,9348,RNGLR,1809,1809,2093854.00,6833.50,1327104,10,true,true,OK
java_tree,XL,XL_s934458528.java,9348,BRNGLR,1809,1809,2206521.00,4104.50,1556480,10,true,true,OK
java_tree,XL,XL_s592208427.java,8261,TreeSitterJava,2055,2055,809812.50,3146.50,196608,10,true,true,OK
java_tree,XL,XL_s592208427.java,8261,Leo,2055,2055,54311583.50,285896.00,103170048,10,true,true,OK
java_tree,XL,XL_s592208427.java,8261,GLL,2055,2055,115295062.50,1106854.00,137003008,10,true,true,OK
java_tree,XL,XL_s592208427.java,8261,RNGLR,2055,2055,4188437.50,16187.00,4571136,10,true,true,OK
java_tree,XL,XL_s592208427.java,8261,BRNGLR,2055,2055,4148021.00,12937.50,5029888,10,true,true,OK
java_tree,XL,XL_s747710517.java,7289,TreeSitterJava,2211,2211,901334.00,2771.00,245760,10,true,true,OK
java_tree,XL,XL_s747710517.java,7289,Leo,2211,2211,46789520.50,175791.50,94420992,10,true,true,OK
java_tree,XL,XL_s747710517.java,7289,GLL,2211,2211,80030833.50,257666.50,77201408,10,true,true,OK
java_tree,XL,XL_s747710517.java,7289,RNGLR,2211,2211,2536374.50,8082.50,2981888,10,true,true,OK
java_tree,XL,XL_s747710517.java,7289,BRNGLR,2211,2211,2691979.00,12041.50,3653632,10,true,true,OK
java_tree,XL,XL_s224031996.java,7680,TreeSitterJava,2638,2638,1039604.50,9396.00,262144,10,true,true,OK
java_tree,XL,XL_s224031996.java,7680,Leo,2638,2638,66116500.50,197895.50,111296512,10,true,true,OK
java_tree,XL,XL_s224031996.java,7680,GLL,2638,2638,126413854.00,317459.00,137609216,10,true,true,OK
java_tree,XL,XL_s224031996.java,7680,RNGLR,2638,2638,3190395.50,13083.50,3817472,10,true,true,OK
java_tree,XL,XL_s224031996.java,7680,BRNGLR,2638,2638,3298374.50,6771.00,4046848,10,true,true,OK
java_tree,XL,XL_s542843376.java,12224,TreeSitterJava,2803,2803,1170520.50,3604.00,262144,10,true,true,OK
java_tree,XL,XL_s542843376.java,12224,Leo,2803,2803,73950250.00,712375.00,119029760,10,true,true,OK
java_tree,XL,XL_s542843376.java,12224,GLL,2803,2803,145576041.50,523437.50,145686528,10,true,true,OK
java_tree,XL,XL_s542843376.java,12224,RNGLR,2803,2803,3395687.50,27020.50,3866624,10,true,true,OK
java_tree,XL,XL_s542843376.java,12224,BRNGLR,2803,2803,3532521.00,10229.00,4440064,10,true,true,OK
java_tree,XL,XL_s476778069.java,17244,TreeSitterJava,2870,2870,1279542.00,4771.00,229376,10,true,true,OK
java_tree,XL,XL_s476778069.java,17244,Leo,2870,2870,71888166.00,603645.50,116539392,10,true,true,OK
java_tree,XL,XL_s476778069.java,17244,GLL,2870,2870,132639271.00,284062.50,141049856,10,true,true,OK
java_tree,XL,XL_s476778069.java,17244,RNGLR,2870,2870,3400625.00,9458.50,3719168,10,true,true,OK
java_tree,XL,XL_s476778069.java,17244,BRNGLR,2870,2870,3460083.50,7250.50,3883008,10,true,true,OK
java_tree,XL,XL_s109102335.java,10924,TreeSitterJava,3240,3240,1342583.50,6521.00,212992,10,true,true,OK
java_tree,XL,XL_s109102335.java,10924,Leo,3240,3240,73338916.50,551583.50,117735424,10,true,true,OK
java_tree,XL,XL_s109102335.java,10924,GLL,3240,3240,124153250.00,546354.50,138788864,10,true,true,OK
java_tree,XL,XL_s109102335.java,10924,RNGLR,3240,3240,3918125.50,3687.00,4997120,10,true,true,OK
java_tree,XL,XL_s109102335.java,10924,BRNGLR,3240,3240,4003666.50,17854.00,5292032,10,true,true,OK
java_tree,XL,XL_s567575697.java,30193,TreeSitterJava,3648,3648,1655750.00,11021.00,999424,10,true,true,OK
java_tree,XL,XL_s567575697.java,30193,Leo,3648,3648,86097437.50,411812.50,178323456,10,false,false,PARSE_FAIL
java_tree,XL,XL_s567575697.java,30193,GLL,3648,3648,165596666.50,656458.50,159088640,10,true,true,OK
java_tree,XL,XL_s567575697.java,30193,RNGLR,3648,3648,4339416.50,24083.50,4669440,10,true,true,OK
java_tree,XL,XL_s567575697.java,30193,BRNGLR,3648,3648,4593688.00,14292.00,5832704,10,true,true,OK
java_tree,XL,XL_s651954226.java,10993,TreeSitterJava,3690,3690,1445187.00,2458.00,196608,10,true,true,OK
java_tree,XL,XL_s651954226.java,10993,Leo,3690,3690,98025583.50,214541.50,187727872,10,true,true,OK
java_tree,XL,XL_s651954226.java,10993,GLL,3690,3690,177696270.50,644875.00,160055296,10,true,true,OK
java_tree,XL,XL_s651954226.java,10993,RNGLR,3690,3690,4388812.50,6145.50,4734976,10,true,true,OK
java_tree,XL,XL_s651954226.java,10993,BRNGLR,3690,3690,4690166.50,10728.50,6078464,10,true,true,OK
java_tree,XL,XL_s777160482.java,15152,TreeSitterJava,3720,3720,1675562.50,3896.00,950272,10,true,true,OK
java_tree,XL,XL_s777160482.java,15152,Leo,3720,3720,99116167.00,187062.50,186384384,10,true,true,OK
java_tree,XL,XL_s777160482.java,15152,GLL,3720,3720,165141771.00,169604.50,157237248,10,true,true,OK
java_tree,XL,XL_s777160482.java,15152,RNGLR,3720,3720,4360500.00,16250.00,5226496,10,true,true,OK
java_tree,XL,XL_s777160482.java,15152,BRNGLR,3720,3720,4581000.00,18125.00,6488064,10,true,true,OK
java_tree,XL,XL_s825371826.java,17920,TreeSitterJava,3972,3972,1686125.00,9187.50,999424,10,true,true,OK
java_tree,XL,XL_s825371826.java,17920,Leo,3972,3972,102919728.50,494333.00,191741952,10,true,true,OK
java_tree,XL,XL_s825371826.java,17920,GLL,3972,3972,184303521.00,1559166.50,161792000,10,true,true,OK
java_tree,XL,XL_s825371826.java,17920,RNGLR,3972,3972,4797084.00,22875.00,5013504,10,true,true,OK
java_tree,XL,XL_s825371826.java,17920,BRNGLR,3972,3972,5163417.00,18875.00,7700480,10,true,true,OK
java_tree,XL,XL_s294504207.java,15114,TreeSitterJava,5251,5251,2079416.50,6291.50,1032192,10,true,true,OK
java_tree,XL,XL_s294504207.java,15114,Leo,5251,5251,144319229.00,990437.00,224018432,10,true,true,OK
java_tree,XL,XL_s294504207.java,15114,GLL,5251,5251,265190896.00,345458.50,277348352,10,true,true,OK
java_tree,XL,XL_s294504207.java,15114,RNGLR,5251,5251,6376583.00,16499.50,9207808,10,true,true,OK
java_tree,XL,XL_s294504207.java,15114,BRNGLR,5251,5251,6562375.00,25771.00,9994240,10,true,true,OK
java_tree,XL,XL_s223238594.java,18534,TreeSitterJava,5901,5901,2368708.50,6208.50,1048576,10,true,true,OK
java_tree,XL,XL_s223238594.java,18534,Leo,5901,5901,155607958.50,381812.50,234635264,10,true,true,OK
java_tree,XL,XL_s223238594.java,18534,GLL,5901,5901,273447958.50,583417.00,280068096,10,true,true,OK
java_tree,XL,XL_s223238594.java,18534,RNGLR,5901,5901,7037978.50,15520.50,8699904,10,true,true,OK
java_tree,XL,XL_s223238594.java,18534,BRNGLR,5901,5901,7343563.00,33521.00,9633792,10,true,true,OK
java_tree,XL,XL_s898230853.java,19336,TreeSitterJava,6691,6691,2677687.50,3208.50,1015808,10,true,true,OK
java_tree,XL,XL_s898230853.java,19336,Leo,6691,6691,158778875.00,716750.50,235913216,10,true,true,OK
java_tree,XL,XL_s898230853.java,19336,GLL,6691,6691,288144146.00,892083.50,284213248,10,true,true,OK
java_tree,XL,XL_s898230853.java,19336,RNGLR,6691,6691,8139271.00,27333.50,9699328,10,true,true,OK
java_tree,XL,XL_s898230853.java,19336,BRNGLR,6691,6691,8485708.50,30042.00,10567680,10,true,true,OK
java_tree,XL,XL_s908597008.java,27154,TreeSitterJava,9191,9191,3660833.50,2479.00,1523712,10,true,true,OK
java_tree,XL,XL_s908597008.java,27154,Leo,9191,9191,245765333.00,721208.50,408485888,10,true,true,OK
java_tree,XL,XL_s908597008.java,27154,GLL,9191,9191,450017041.50,3394500.00,489160704,10,true,true,OK
java_tree,XL,XL_s908597008.java,27154,RNGLR,9191,9191,12188104.50,187437.50,16515072,10,true,true,OK
java_tree,XL,XL_s908597008.java,27154,BRNGLR,9191,9191,12453666.50,50083.50,18497536,10,true,true,OK
