language,corpus,file,bytes,parser,input_length,token_count,median_time_ns,mad_ns,peak_memory_bytes,iterations,recognized,parse_correct,status,expected_result,conforms
sml,MLWorks,__mach_cg.sml,65,Leo,8,8,65562.50,2500.50,16384,10,true,true,OK,accept,true
sml,MLWorks,__mach_cg.sml,65,GLL,8,8,83229.00,1812.50,114688,10,true,true,OK,accept,true
sml,MLWorks,__mach_cg.sml,65,RNGLR,8,8,25375.50,3354.50,32768,10,true,true,OK,accept,true
sml,MLWorks,__mach_cg.sml,65,BRNGLR,8,8,25291.50,3500.00,49152,10,true,true,OK,accept,true
sml,MLWorks,__btree.sml,51,Leo,10,10,81249.50,5104.00,16384,10,true,true,OK,accept,true
sml,MLWorks,__btree.sml,51,GLL,10,10,100458.50,5688.00,98304,10,true,true,OK,accept,true
sml,MLWorks,__btree.sml,51,RNGLR,10,10,27646.00,2729.50,32768,10,true,true,OK,accept,true
sml,MLWorks,__btree.sml,51,BRNGLR,10,10,29166.50,3895.50,49152,10,true,true,OK,accept,true
sml,MLWorks,__general.sml,57,Leo,10,10,72583.50,4417.00,49152,10,true,true,OK,accept,true
sml,MLWorks,__general.sml,57,GLL,10,10,89271.00,2500.00,114688,10,true,true,OK,accept,true
sml,MLWorks,__general.sml,57,RNGLR,10,10,27979.00,2979.00,32768,10,true,true,OK,accept,true
sml,MLWorks,__general.sml,57,BRNGLR,10,10,24437.50,2437.50,32768,10,true,true,OK,accept,true
sml,MLWorks,logic.sml,5798,Leo,10,10,128541.00,1874.00,49152,10,true,true,OK,accept,true
sml,MLWorks,logic.sml,5798,GLL,10,10,220979.50,4104.00,81920,10,true,true,OK,accept,true
sml,MLWorks,logic.sml,5798,RNGLR,10,10,82271.00,2354.50,32768,10,true,true,OK,accept,true
sml,MLWorks,logic.sml,5798,BRNGLR,10,10,70625.00,3291.50,16384,10,true,true,OK,accept,true
sml,MLWorks,__char.sml,72,Leo,13,13,93812.50,2625.50,32768,10,true,true,OK,accept,true
sml,MLWorks,__char.sml,72,GLL,13,13,104771.00,2917.00,114688,10,true,true,OK,accept,true
sml,MLWorks,__char.sml,72,RNGLR,13,13,32000.00,3125.50,32768,10,true,true,OK,accept,true
sml,MLWorks,__char.sml,72,BRNGLR,13,13,28229.00,2895.50,16384,10,true,true,OK,accept,true
sml,MLWorks,__word.sml,72,Leo,13,13,92646.00,2521.00,65536,10,true,true,OK,accept,true
sml,MLWorks,__word.sml,72,GLL,13,13,105875.00,2770.50,98304,10,true,true,OK,accept,true
sml,MLWorks,__word.sml,72,RNGLR,13,13,33188.00,4563.00,32768,10,true,true,OK,accept,true
sml,MLWorks,__word.sml,72,BRNGLR,13,13,32833.50,5042.00,32768,10,true,true,OK,accept,true
sml,MLWorks,intset.sml,73,Leo,13,13,82041.50,2208.50,65536,10,true,true,OK,accept,true
sml,MLWorks,intset.sml,73,GLL,13,13,85875.00,3354.50,131072,10,true,true,OK,accept,true
sml,MLWorks,intset.sml,73,RNGLR,13,13,30500.50,4480.00,32768,10,true,true,OK,accept,true
sml,MLWorks,intset.sml,73,BRNGLR,13,13,27792.00,2333.50,32768,10,true,true,OK,accept,true
sml,MLWorks,__int.sml,75,Leo,13,13,99416.00,6374.50,65536,10,true,true,OK,accept,true
sml,MLWorks,__int.sml,75,GLL,13,13,114187.50,5521.00,98304,10,true,true,OK,accept,true
sml,MLWorks,__int.sml,75,RNGLR,13,13,30396.00,2417.00,49152,10,true,true,OK,accept,true
sml,MLWorks,__int.sml,75,BRNGLR,13,13,31792.00,4438.50,16384,10,true,true,OK,accept,true
sml,MLWorks,__word32.sml,76,Leo,13,13,92833.50,2375.50,32768,10,true,true,OK,accept,true
sml,MLWorks,__word32.sml,76,GLL,13,13,106625.00,4062.50,131072,10,true,true,OK,accept,true
sml,MLWorks,__word32.sml,76,RNGLR,13,13,30937.50,2645.50,16384,10,true,true,OK,accept,true
sml,MLWorks,__word32.sml,76,BRNGLR,13,13,31729.50,2062.50,16384,10,true,true,OK,accept,true
sml,MLWorks,__exit.sml,80,Leo,13,13,99729.00,6041.50,32768,10,true,true,OK,accept,true
sml,MLWorks,__exit.sml,80,GLL,13,13,104917.00,2855.00,98304,10,true,true,OK,accept,true
sml,MLWorks,__exit.sml,80,RNGLR,13,13,31979.00,3083.00,32768,10,true,true,OK,accept,true
sml,MLWorks,__exit.sml,80,BRNGLR,13,13,27521.00,1771.00,49152,10,true,true,OK,accept,true
sml,MLWorks,__int32.sml,81,Leo,13,13,94854.00,3187.50,32768,10,true,true,OK,accept,true
sml,MLWorks,__int32.sml,81,GLL,13,13,106375.00,5437.50,114688,10,true,true,OK,accept,true
sml,MLWorks,__int32.sml,81,RNGLR,13,13,33042.00,3292.00,16384,10,true,true,OK,accept,true
sml,MLWorks,__int32.sml,81,BRNGLR,13,13,31312.00,3186.50,32768,10,true,true,OK,accept,true
sml,MLWorks,__ieee_real.sml,95,Leo,13,13,94250.00,2417.00,32768,10,true,true,OK,accept,true
sml,MLWorks,__ieee_real.sml,95,GLL,13,13,102791.50,3146.00,114688,10,true,true,OK,accept,true
sml,MLWorks,__ieee_real.sml,95,RNGLR,13,13,32666.50,2854.00,32768,10,true,true,OK,accept,true
sml,MLWorks,__ieee_real.sml,95,BRNGLR,13,13,31917.00,5813.00,32768,10,true,true,OK,accept,true
sml,MLWorks,__string_cvt.sml,100,Leo,13,13,93979.50,2938.00,32768,10,true,true,OK,accept,true
sml,MLWorks,__string_cvt.sml,100,GLL,13,13,103979.00,3645.50,114688,10,true,true,OK,accept,true
sml,MLWorks,__string_cvt.sml,100,RNGLR,13,13,32646.50,2126.00,32768,10,true,true,OK,accept,true
sml,MLWorks,__string_cvt.sml,100,BRNGLR,13,13,29729.50,3708.00,32768,10,true,true,OK,accept,true
sml,MLWorks,os_process_system.sml,45,Leo,14,14,86312.00,2374.50,32768,10,true,true,OK,accept,true
sml,MLWorks,os_process_system.sml,45,GLL,14,14,49208.00,1958.00,131072,10,true,true,OK,accept,true
sml,MLWorks,os_process_system.sml,45,RNGLR,14,14,23604.00,3020.50,16384,10,true,true,OK,accept,true
sml,MLWorks,os_process_system.sml,45,BRNGLR,14,14,21937.50,3416.50,16384,10,true,true,OK,accept,true
sml,MLWorks,prime.sml,62,Leo,14,14,83208.50,2792.50,49152,10,true,true,OK,accept,true
sml,MLWorks,prime.sml,62,GLL,14,14,135437.50,4562.50,114688,10,true,true,OK,accept,true
sml,MLWorks,prime.sml,62,RNGLR,14,14,33979.00,3021.00,49152,10,true,true,OK,accept,true
sml,MLWorks,prime.sml,62,BRNGLR,14,14,30354.50,2292.00,32768,10,true,true,OK,accept,true
sml,MLWorks,file_find.sml,67,Leo,14,14,92854.00,5812.50,49152,10,true,true,OK,accept,true
sml,MLWorks,file_find.sml,67,GLL,14,14,134228.50,4353.50,114688,10,true,true,OK,accept,true
sml,MLWorks,file_find.sml,67,RNGLR,14,14,30291.50,1958.50,32768,10,true,true,OK,accept,true
sml,MLWorks,file_find.sml,67,BRNGLR,14,14,31291.50,2687.00,16384,10,true,true,OK,accept,true
sml,MLWorks,rounding.sml,78,Leo,15,15,92083.50,2271.00,16384,10,true,true,OK,accept,true
sml,MLWorks,rounding.sml,78,GLL,15,15,138270.50,3145.50,98304,10,true,true,OK,accept,true
sml,MLWorks,rounding.sml,78,RNGLR,15,15,34250.00,2562.00,32768,10,true,true,OK,accept,true
sml,MLWorks,rounding.sml,78,BRNGLR,15,15,35438.00,3542.50,32768,10,true,true,OK,accept,true
sml,MLWorks,listener.sml,82,Leo,16,16,95979.00,3312.50,32768,10,true,true,OK,accept,true
sml,MLWorks,listener.sml,82,GLL,16,16,193666.50,4895.50,98304,10,true,true,OK,accept,true
sml,MLWorks,listener.sml,82,RNGLR,16,16,41687.50,4250.00,16384,10,true,true,OK,accept,true
sml,MLWorks,listener.sml,82,BRNGLR,16,16,37062.00,3728.50,16384,10,true,true,OK,accept,true
sml,MLWorks,intnewmap.sml,91,Leo,16,16,94729.50,1750.50,65536,10,true,true,OK,accept,true
sml,MLWorks,intnewmap.sml,91,GLL,16,16,144999.50,5374.50,65536,10,true,true,OK,accept,true
sml,MLWorks,intnewmap.sml,91,RNGLR,16,16,37333.50,3666.50,16384,10,true,true,OK,accept,true
sml,MLWorks,intnewmap.sml,91,BRNGLR,16,16,31583.50,1791.50,32768,10,true,true,OK,accept,true
sml,MLWorks,podium.sml,98,Leo,16,16,96375.00,2500.00,32768,10,true,true,OK,accept,true
sml,MLWorks,podium.sml,98,GLL,16,16,237500.50,18834.00,65536,10,true,true,OK,accept,true
sml,MLWorks,podium.sml,98,RNGLR,16,16,38729.00,3250.00,32768,10,true,true,OK,accept,true
sml,MLWorks,podium.sml,98,BRNGLR,16,16,37583.50,3395.50,16384,10,true,true,OK,accept,true
sml,MLWorks,_print.sml,75,Leo,17,17,123354.50,8062.50,32768,10,true,true,OK,accept,true
sml,MLWorks,_print.sml,75,GLL,17,17,152375.00,5104.00,147456,10,true,true,OK,accept,true
sml,MLWorks,_print.sml,75,RNGLR,17,17,46687.50,2833.50,32768,10,true,true,OK,accept,true
sml,MLWorks,_print.sml,75,BRNGLR,17,17,46937.50,4854.00,16384,10,true,true,OK,accept,true
sml,MLWorks,match_utils.sml,85,Leo,17,17,110292.00,6125.50,49152,10,true,true,OK,accept,true
sml,MLWorks,match_utils.sml,85,GLL,17,17,142417.00,2541.50,114688,10,true,true,OK,accept,true
sml,MLWorks,match_utils.sml,85,RNGLR,17,17,38729.00,2895.50,16384,10,true,true,OK,accept,true
sml,MLWorks,match_utils.sml,85,BRNGLR,17,17,37812.50,3771.00,32768,10,true,true,OK,accept,true
sml,MLWorks,__xm.sml,87,Leo,17,17,116396.00,4875.00,32768,10,true,true,OK,accept,true
sml,MLWorks,__xm.sml,87,GLL,17,17,133312.50,6312.00,114688,10,true,true,OK,accept,true
sml,MLWorks,__xm.sml,87,RNGLR,17,17,39896.00,2833.50,32768,10,true,true,OK,accept,true
sml,MLWorks,__xm.sml,87,BRNGLR,17,17,38729.00,4208.00,16384,10,true,true,OK,accept,true
sml,MLWorks,__lambdasub.sml,122,Leo,17,17,114438.00,3292.50,49152,10,true,true,OK,accept,true
sml,MLWorks,__lambdasub.sml,122,GLL,17,17,133458.50,5083.50,114688,10,true,true,OK,accept,true
sml,MLWorks,__lambdasub.sml,122,RNGLR,17,17,41063.00,5187.50,32768,10,true,true,OK,accept,true
sml,MLWorks,__lambdasub.sml,122,BRNGLR,17,17,39499.50,3291.50,49152,10,true,true,OK,accept,true
sml,MLWorks,normal.sml,74,Leo,18,18,117813.00,4395.50,49152,10,true,true,OK,accept,true
sml,MLWorks,normal.sml,74,GLL,18,18,171208.50,7416.50,114688,10,true,true,OK,accept,true
sml,MLWorks,normal.sml,74,RNGLR,18,18,46437.50,1979.00,49152,10,true,true,OK,accept,true
sml,MLWorks,normal.sml,74,BRNGLR,18,18,47000.00,2187.00,32768,10,true,true,OK,accept,true
sml,MLWorks,clock.sml,78,Leo,18,18,97875.00,1166.50,98304,10,true,true,OK,accept,true
sml,MLWorks,clock.sml,78,GLL,18,18,186521.00,4416.50,81920,10,true,true,OK,accept,true
sml,MLWorks,clock.sml,78,RNGLR,18,18,40937.50,3917.00,16384,10,true,true,OK,accept,true
sml,MLWorks,clock.sml,78,BRNGLR,18,18,33854.50,2125.00,16384,10,true,true,OK,accept,true
sml,MLWorks,queens.sml,86,Leo,18,18,99563.00,3667.00,32768,10,true,true,OK,accept,true
sml,MLWorks,queens.sml,86,GLL,18,18,198958.00,10208.00,81920,10,true,true,OK,accept,true
sml,MLWorks,queens.sml,86,RNGLR,18,18,39812.50,4333.00,16384,10,true,true,OK,accept,true
sml,MLWorks,queens.sml,86,BRNGLR,18,18,33583.50,1395.50,32768,10,true,true,OK,accept,true
sml,MLWorks,crash.sml,90,Leo,18,18,93208.50,3333.50,65536,10,true,true,OK,accept,true
sml,MLWorks,crash.sml,90,GLL,18,18,137625.00,5750.00,81920,10,true,true,OK,accept,true
sml,MLWorks,crash.sml,90,RNGLR,18,18,35146.00,3937.50,16384,10,true,true,OK,accept,true
sml,MLWorks,crash.sml,90,BRNGLR,18,18,32229.00,3604.00,49152,10,true,true,OK,accept,true
sml,MLWorks,roman.sml,97,Leo,19,19,121833.00,8687.50,49152,10,true,true,OK,accept,true
sml,MLWorks,roman.sml,97,GLL,19,19,207437.50,13437.50,65536,10,true,true,OK,accept,true
sml,MLWorks,roman.sml,97,RNGLR,19,19,39020.50,1437.00,32768,10,true,true,OK,accept,true
sml,MLWorks,roman.sml,97,BRNGLR,19,19,39687.50,3500.00,32768,10,true,true,OK,accept,true
sml,MLWorks,__word32_array.sml,102,Leo,20,20,131958.50,10417.00,65536,10,true,true,OK,accept,true
sml,MLWorks,__word32_array.sml,102,GLL,20,20,127437.50,3750.00,98304,10,true,true,OK,accept,true
sml,MLWorks,__word32_array.sml,102,RNGLR,20,20,41521.00,1271.00,16384,10,true,true,OK,accept,true
sml,MLWorks,__word32_array.sml,102,BRNGLR,20,20,38604.00,2083.50,16384,10,true,true,OK,accept,true
sml,MLWorks,__word16_array.sml,103,Leo,20,20,157896.00,21542.00,81920,10,true,true,OK,accept,true
sml,MLWorks,__word16_array.sml,103,GLL,20,20,132000.50,7333.50,65536,10,true,true,OK,accept,true
sml,MLWorks,__word16_array.sml,103,RNGLR,20,20,42479.50,1333.50,32768,10,true,true,OK,accept,true
sml,MLWorks,__word16_array.sml,103,BRNGLR,20,20,38646.50,2084.00,32768,10,true,true,OK,accept,true
sml,MLWorks,__word32_vector.sml,104,Leo,20,20,123666.50,1708.00,32768,10,true,true,OK,accept,true
sml,MLWorks,__word32_vector.sml,104,GLL,20,20,145041.50,17771.00,98304,10,true,true,OK,accept,true
sml,MLWorks,__word32_vector.sml,104,RNGLR,20,20,40478.50,2207.50,16384,10,true,true,OK,accept,true
sml,MLWorks,__word32_vector.sml,104,BRNGLR,20,20,42771.00,4667.00,16384,10,true,true,OK,accept,true
sml,MLWorks,__word16_vector.sml,105,Leo,20,20,124104.00,2729.50,32768,10,true,true,OK,accept,true
sml,MLWorks,__word16_vector.sml,105,GLL,20,20,131458.00,7874.50,114688,10,true,true,OK,accept,true
sml,MLWorks,__word16_vector.sml,105,RNGLR,20,20,41208.00,2479.00,16384,10,true,true,OK,accept,true
sml,MLWorks,__word16_vector.sml,105,BRNGLR,20,20,37437.50,1937.50,16384,10,true,true,OK,accept,true
sml,MLWorks,shell_structure.sml,135,Leo,21,21,170562.50,10271.00,65536,10,true,true,OK,accept,true
sml,MLWorks,shell_structure.sml,135,GLL,21,21,299166.50,12499.50,49152,10,true,true,OK,accept,true
sml,MLWorks,shell_structure.sml,135,RNGLR,21,21,51208.50,1208.50,16384,10,true,true,OK,accept,true
sml,MLWorks,shell_structure.sml,135,BRNGLR,21,21,50249.50,5979.00,32768,10,true,true,OK,accept,true
sml,MLWorks,__open_flags.sml,104,Leo,22,22,193375.00,7313.00,32768,10,true,true,OK,accept,true
sml,MLWorks,__open_flags.sml,104,GLL,22,22,281062.50,4500.50,81920,10,true,true,OK,accept,true
sml,MLWorks,__open_flags.sml,104,RNGLR,22,22,102520.50,3104.00,16384,10,true,true,OK,accept,true
sml,MLWorks,__open_flags.sml,104,BRNGLR,22,22,83750.00,1437.50,16384,10,true,true,OK,accept,true
sml,MLWorks,cipher.sml,111,Leo,22,22,125666.50,1562.50,65536,10,true,true,OK,accept,true
sml,MLWorks,cipher.sml,111,GLL,22,22,228979.00,10542.00,131072,10,true,true,OK,accept,true
sml,MLWorks,cipher.sml,111,RNGLR,22,22,45124.50,2124.50,16384,10,true,true,OK,accept,true
sml,MLWorks,cipher.sml,111,BRNGLR,22,22,41291.50,2208.00,32768,10,true,true,OK,accept,true
sml,MLWorks,filesys.sml,124,Leo,22,22,395021.00,54875.50,0,10,true,true,OK,accept,true
sml,MLWorks,filesys.sml,124,GLL,22,22,262500.00,6499.50,114688,10,true,true,OK,accept,true
sml,MLWorks,filesys.sml,124,RNGLR,22,22,49187.50,3583.00,16384,10,true,true,OK,accept,true
sml,MLWorks,filesys.sml,124,BRNGLR,22,22,44104.00,4000.00,16384,10,true,true,OK,accept,true
sml,MLWorks,batch.sml,128,Leo,22,22,131979.00,7375.00,32768,10,true,true,OK,accept,true
sml,MLWorks,batch.sml,128,GLL,22,22,208771.00,7895.50,163840,10,true,true,OK,accept,true
sml,MLWorks,batch.sml,128,RNGLR,22,22,42458.00,1249.50,32768,10,true,true,OK,accept,true
sml,MLWorks,batch.sml,128,BRNGLR,22,22,40812.50,3166.50,16384,10,true,true,OK,accept,true
sml,MLWorks,__pack16_big.sml,143,Leo,22,22,142708.50,2333.00,49152,10,true,true,OK,accept,true
sml,MLWorks,__pack16_big.sml,143,GLL,22,22,151104.00,4916.50,98304,10,true,true,OK,accept,true
sml,MLWorks,__pack16_big.sml,143,RNGLR,22,22,42521.00,2125.50,49152,10,true,true,OK,accept,true
sml,MLWorks,__pack16_big.sml,143,BRNGLR,22,22,42333.50,3417.00,32768,10,true,true,OK,accept,true
sml,MLWorks,__pack32_big.sml,150,Leo,22,22,188729.50,30771.00,65536,10,true,true,OK,accept,true
sml,MLWorks,__pack32_big.sml,150,GLL,22,22,155813.00,5813.00,114688,10,true,true,OK,accept,true
sml,MLWorks,__pack32_big.sml,150,RNGLR,22,22,42999.50,1853.00,49152,10,true,true,OK,accept,true
sml,MLWorks,__pack32_big.sml,150,BRNGLR,22,22,40479.00,3270.50,32768,10,true,true,OK,accept,true
sml,MLWorks,__pack16_little.sml,152,Leo,22,22,165250.50,18208.50,32768,10,true,true,OK,accept,true
sml,MLWorks,__pack16_little.sml,152,GLL,22,22,149500.00,2854.50,131072,10,true,true,OK,accept,true
sml,MLWorks,__pack16_little.sml,152,RNGLR,22,22,42979.50,2791.50,49152,10,true,true,OK,accept,true
sml,MLWorks,__pack16_little.sml,152,BRNGLR,22,22,41208.50,2979.00,49152,10,true,true,OK,accept,true
sml,MLWorks,__pack32_little.sml,159,Leo,22,22,145041.50,4604.00,49152,10,true,true,OK,accept,true
sml,MLWorks,__pack32_little.sml,159,GLL,22,22,152562.50,4187.50,98304,10,true,true,OK,accept,true
sml,MLWorks,__pack32_little.sml,159,RNGLR,22,22,42083.50,1916.50,49152,10,true,true,OK,accept,true
sml,MLWorks,__pack32_little.sml,159,BRNGLR,22,22,40375.00,2020.50,49152,10,true,true,OK,accept,true
sml,MLWorks,separate4.sml,103,Leo,24,24,142563.00,4042.00,65536,10,true,true,OK,accept,true
sml,MLWorks,separate4.sml,103,GLL,24,24,83729.50,3875.50,98304,10,true,true,OK,accept,true
sml,MLWorks,separate4.sml,103,RNGLR,24,24,27708.50,688.00,32768,10,true,true,OK,accept,true
sml,MLWorks,separate4.sml,103,BRNGLR,24,24,28271.00,1333.50,49152,10,true,true,OK,accept,true
sml,MLWorks,__os_file_sys.sml,151,Leo,24,24,155229.50,4125.50,81920,10,true,true,OK,accept,true
sml,MLWorks,__os_file_sys.sml,151,GLL,24,24,166771.50,2376.00,114688,10,true,true,OK,accept,true
sml,MLWorks,__os_file_sys.sml,151,RNGLR,24,24,49958.00,2791.50,65536,10,true,true,OK,accept,true
sml,MLWorks,__os_file_sys.sml,151,BRNGLR,24,24,44854.50,1938.00,49152,10,true,true,OK,accept,true
sml,MLWorks,__bin_io.sml,165,Leo,24,24,152770.50,3250.50,49152,10,true,true,OK,accept,true
sml,MLWorks,__bin_io.sml,165,GLL,24,24,167020.50,3666.00,131072,10,true,true,OK,accept,true
sml,MLWorks,__bin_io.sml,165,RNGLR,24,24,49541.00,2207.50,32768,10,true,true,OK,accept,true
sml,MLWorks,__bin_io.sml,165,BRNGLR,24,24,46125.00,2083.50,32768,10,true,true,OK,accept,true
sml,MLWorks,__user_options.sml,168,Leo,24,24,150917.00,2188.00,49152,10,true,true,OK,accept,true
sml,MLWorks,__user_options.sml,168,GLL,24,24,194250.00,12500.00,98304,10,true,true,OK,accept,true
sml,MLWorks,__user_options.sml,168,RNGLR,24,24,46646.00,792.00,32768,10,true,true,OK,accept,true
sml,MLWorks,__user_options.sml,168,BRNGLR,24,24,47833.50,2917.00,49152,10,true,true,OK,accept,true
sml,MLWorks,__text_io.sml,171,Leo,24,24,151042.00,2063.00,65536,10,true,true,OK,accept,true
sml,MLWorks,__text_io.sml,171,GLL,24,24,170666.50,7458.50,114688,10,true,true,OK,accept,true
sml,MLWorks,__text_io.sml,171,RNGLR,24,24,49667.00,2146.00,32768,10,true,true,OK,accept,true
sml,MLWorks,__text_io.sml,171,BRNGLR,24,24,46000.00,3187.50,49152,10,true,true,OK,accept,true
sml,MLWorks,license.sml,121,Leo,25,25,138041.50,2895.50,32768,10,true,true,OK,accept,true
sml,MLWorks,license.sml,121,GLL,25,25,235375.00,4333.50,114688,10,true,true,OK,accept,true
sml,MLWorks,license.sml,121,RNGLR,25,25,51416.50,1583.50,16384,10,true,true,OK,accept,true
sml,MLWorks,license.sml,121,BRNGLR,25,25,45500.00,1416.50,16384,10,true,true,OK,accept,true
sml,MLWorks,random.sml,114,Leo,26,26,173062.50,12208.50,32768,10,true,true,OK,accept,true
sml,MLWorks,random.sml,114,GLL,26,26,282353.50,9666.50,81920,10,true,true,OK,accept,true
sml,MLWorks,random.sml,114,RNGLR,26,26,53000.50,2938.00,32768,10,true,true,OK,accept,true
sml,MLWorks,random.sml,114,BRNGLR,26,26,51166.50,1604.00,32768,10,true,true,OK,accept,true
sml,MLWorks,__getenv.sml,154,Leo,26,26,167625.50,11938.00,49152,10,true,true,OK,accept,true
sml,MLWorks,__getenv.sml,154,GLL,26,26,170750.50,4270.50,163840,10,true,true,OK,accept,true
sml,MLWorks,__getenv.sml,154,RNGLR,26,26,51666.50,3520.50,49152,10,true,true,OK,accept,true
sml,MLWorks,__getenv.sml,154,BRNGLR,26,26,49604.00,3291.50,32768,10,true,true,OK,accept,true
sml,MLWorks,debugger_window.sml,173,Leo,28,28,212292.00,16312.00,98304,10,true,true,OK,accept,true
sml,MLWorks,debugger_window.sml,173,GLL,28,28,427104.50,11958.50,81920,10,true,true,OK,accept,true
sml,MLWorks,debugger_window.sml,173,RNGLR,28,28,74625.00,2604.50,32768,10,true,true,OK,accept,true
sml,MLWorks,debugger_window.sml,173,BRNGLR,28,28,68750.00,2250.00,32768,10,true,true,OK,accept,true
sml,MLWorks,os_process_terminate.sml,102,Leo,29,29,284062.00,7625.00,65536,10,true,true,OK,accept,true
sml,MLWorks,os_process_terminate.sml,102,GLL,29,29,222896.00,11479.50,65536,10,true,true,OK,accept,true
sml,MLWorks,os_process_terminate.sml,102,RNGLR,29,29,66187.50,1146.00,16384,10,true,true,OK,accept,true
sml,MLWorks,os_process_terminate.sml,102,BRNGLR,29,29,62167.00,1583.50,32768,10,true,true,OK,accept,true
sml,MLWorks,os_file_sys_rename.sml,115,Leo,29,29,202937.00,7728.00,49152,10,true,true,OK,accept,true
sml,MLWorks,os_file_sys_rename.sml,115,GLL,29,29,221416.50,6083.50,98304,10,true,true,OK,accept,true
sml,MLWorks,os_file_sys_rename.sml,115,RNGLR,29,29,59604.50,2812.50,16384,10,true,true,OK,accept,true
sml,MLWorks,os_file_sys_rename.sml,115,BRNGLR,29,29,67417.00,4479.50,32768,10,true,true,OK,accept,true
sml,MLWorks,_mono_vector.sml,158,Leo,29,29,173167.00,3312.50,32768,10,true,true,OK,accept,true
sml,MLWorks,_mono_vector.sml,158,GLL,29,29,306041.50,18770.50,114688,10,true,true,OK,accept,true
sml,MLWorks,_mono_vector.sml,158,RNGLR,29,29,81208.50,2166.50,16384,10,true,true,OK,accept,true
sml,MLWorks,_mono_vector.sml,158,BRNGLR,29,29,73812.00,3396.00,49152,10,true,true,OK,accept,true
sml,MLWorks,stackallocator.sml,228,Leo,30,30,167562.50,4479.00,49152,10,true,true,OK,accept,true
sml,MLWorks,stackallocator.sml,228,GLL,30,30,296604.00,18958.00,114688,10,true,true,OK,accept,true
sml,MLWorks,stackallocator.sml,228,RNGLR,30,30,55375.00,2062.50,16384,10,true,true,OK,accept,true
sml,MLWorks,stackallocator.sml,228,BRNGLR,30,30,50916.50,1938.00,16384,10,true,true,OK,accept,true
sml,MLWorks,__file_dialog.sml,199,Leo,31,31,196270.50,5812.50,32768,10,true,true,OK,accept,true
sml,MLWorks,__file_dialog.sml,199,GLL,31,31,213458.50,7959.00,114688,10,true,true,OK,accept,true
sml,MLWorks,__file_dialog.sml,199,RNGLR,31,31,63645.50,3229.00,16384,10,true,true,OK,accept,true
sml,MLWorks,__file_dialog.sml,199,BRNGLR,31,31,56687.00,1165.50,32768,10,true,true,OK,accept,true
sml,MLWorks,__datatypes.sml,212,Leo,31,31,211479.00,14104.00,32768,10,true,true,OK,accept,true
sml,MLWorks,__datatypes.sml,212,GLL,31,31,210167.00,5937.50,114688,10,true,true,OK,accept,true
sml,MLWorks,__datatypes.sml,212,RNGLR,31,31,61833.50,1125.50,16384,10,true,true,OK,accept,true
sml,MLWorks,__datatypes.sml,212,BRNGLR,31,31,57333.50,1667.00,16384,10,true,true,OK,accept,true
sml,MLWorks,__machspec.sml,213,Leo,31,31,214271.50,17583.00,65536,10,true,true,OK,accept,true
sml,MLWorks,__machspec.sml,213,GLL,31,31,210875.00,6541.50,98304,10,true,true,OK,accept,true
sml,MLWorks,__machspec.sml,213,RNGLR,31,31,65958.00,2645.50,49152,10,true,true,OK,accept,true
sml,MLWorks,__machspec.sml,213,BRNGLR,31,31,164375.00,5500.00,32768,10,true,true,OK,accept,true
sml,MLWorks,__mirtables.sml,231,Leo,31,31,207021.50,7374.50,65536,10,true,true,OK,accept,true
sml,MLWorks,__mirtables.sml,231,GLL,31,31,227312.50,10417.00,98304,10,true,true,OK,accept,true
sml,MLWorks,__mirtables.sml,231,RNGLR,31,31,61791.50,1146.00,32768,10,true,true,OK,accept,true
sml,MLWorks,__mirtables.sml,231,BRNGLR,31,31,58083.50,2042.50,49152,10,true,true,OK,accept,true
sml,MLWorks,__shell_types.sml,268,Leo,31,31,193812.50,3937.50,49152,10,true,true,OK,accept,true
sml,MLWorks,__shell_types.sml,268,GLL,31,31,207520.50,3333.00,98304,10,true,true,OK,accept,true
sml,MLWorks,__shell_types.sml,268,RNGLR,31,31,63354.00,2229.00,32768,10,true,true,OK,accept,true
sml,MLWorks,__shell_types.sml,268,BRNGLR,31,31,60458.00,4583.00,16384,10,true,true,OK,accept,true
sml,MLWorks,__inter_envtypes.sml,269,Leo,31,31,192854.00,2146.00,32768,10,true,true,OK,accept,true
sml,MLWorks,__inter_envtypes.sml,269,GLL,31,31,209041.50,3062.50,98304,10,true,true,OK,accept,true
sml,MLWorks,__inter_envtypes.sml,269,RNGLR,31,31,63604.50,3521.00,32768,10,true,true,OK,accept,true
sml,MLWorks,__inter_envtypes.sml,269,BRNGLR,31,31,56666.50,1645.50,49152,10,true,true,OK,accept,true
sml,MLWorks,mlworks_timer.sml,125,Leo,32,32,163333.50,3854.00,65536,10,true,true,OK,accept,true
sml,MLWorks,mlworks_timer.sml,125,GLL,32,32,267521.50,7207.50,114688,10,true,true,OK,accept,true
sml,MLWorks,mlworks_timer.sml,125,RNGLR,32,32,56396.00,1959.00,16384,10,true,true,OK,accept,true
sml,MLWorks,mlworks_timer.sml,125,BRNGLR,32,32,52145.50,2125.00,16384,10,true,true,OK,accept,true
sml,MLWorks,search.sml,182,Leo,33,33,198646.00,4792.00,16384,10,true,true,OK,accept,true
sml,MLWorks,search.sml,182,GLL,33,33,318229.00,9208.00,163840,10,true,true,OK,accept,true
sml,MLWorks,search.sml,182,RNGLR,33,33,63333.00,2500.00,32768,10,true,true,OK,accept,true
sml,MLWorks,search.sml,182,BRNGLR,33,33,57416.50,2291.50,16384,10,true,true,OK,accept,true
sml,MLWorks,libml.sml,198,Leo,33,33,190229.50,4333.50,65536,10,true,true,OK,accept,true
sml,MLWorks,libml.sml,198,GLL,33,33,377354.00,12604.00,65536,10,true,true,OK,accept,true
sml,MLWorks,libml.sml,198,RNGLR,33,33,69187.50,2374.50,16384,10,true,true,OK,accept,true
sml,MLWorks,libml.sml,198,BRNGLR,33,33,62813.00,2688.00,32768,10,true,true,OK,accept,true
sml,MLWorks,close_out.sml,125,Leo,34,34,203271.00,6458.50,65536,10,true,true,OK,accept,true
sml,MLWorks,close_out.sml,125,GLL,34,34,149500.00,3562.50,114688,10,true,true,OK,accept,true
sml,MLWorks,close_out.sml,125,RNGLR,34,34,45687.50,1270.50,16384,10,true,true,OK,accept,true
sml,MLWorks,close_out.sml,125,BRNGLR,34,34,44270.50,896.00,32768,10,true,true,OK,accept,true
sml,MLWorks,quadrature.sml,151,Leo,35,35,238562.00,13875.00,65536,10,true,true,OK,accept,true
sml,MLWorks,quadrature.sml,151,GLL,35,35,310895.50,11959.00,98304,10,true,true,OK,accept,true
sml,MLWorks,quadrature.sml,151,RNGLR,35,35,75979.00,3312.50,49152,10,true,true,OK,accept,true
sml,MLWorks,quadrature.sml,151,BRNGLR,35,35,70291.50,1708.00,32768,10,true,true,OK,accept,true
sml,MLWorks,machprint.sml,174,Leo,36,36,223250.00,13771.00,65536,10,true,true,OK,accept,true
sml,MLWorks,machprint.sml,174,GLL,36,36,294292.00,12729.50,131072,10,true,true,OK,accept,true
sml,MLWorks,machprint.sml,174,RNGLR,36,36,63521.00,2646.00,32768,10,true,true,OK,accept,true
sml,MLWorks,machprint.sml,174,BRNGLR,36,36,57938.00,3000.50,32768,10,true,true,OK,accept,true
sml,MLWorks,counter.sml,178,Leo,36,36,204000.50,4688.00,49152,10,true,true,OK,accept,true
sml,MLWorks,counter.sml,178,GLL,36,36,491250.00,27687.50,81920,10,true,true,OK,accept,true
sml,MLWorks,counter.sml,178,RNGLR,36,36,81103.50,3270.50,32768,10,true,true,OK,accept,true
sml,MLWorks,counter.sml,178,BRNGLR,36,36,69729.00,4771.00,16384,10,true,true,OK,accept,true
sml,MLWorks,object_output.sml,210,Leo,36,36,210479.00,4250.00,49152,10,true,true,OK,accept,true
sml,MLWorks,object_output.sml,210,GLL,36,36,565000.00,8833.50,114688,10,true,true,OK,accept,true
sml,MLWorks,object_output.sml,210,RNGLR,36,36,103667.00,3521.50,16384,10,true,true,OK,accept,true
sml,MLWorks,object_output.sml,210,BRNGLR,36,36,91896.00,2833.00,32768,10,true,true,OK,accept,true
sml,MLWorks,type_dynamic.sml,160,Leo,37,37,50250.00,687.50,49152,10,false,false,PARSE_FAIL,accept,false
sml,MLWorks,type_dynamic.sml,160,GLL,37,37,64938.00,1396.00,98304,10,false,false,PARSE_FAIL,accept,false
sml,MLWorks,type_dynamic.sml,160,RNGLR,37,37,20604.00,3208.50,0,10,false,false,PARSE_FAIL,accept,false
sml,MLWorks,type_dynamic.sml,160,BRNGLR,37,37,21541.50,4999.50,0,10,false,false,PARSE_FAIL,accept,false
sml,MLWorks,__module_id.sml,229,Leo,37,37,737875.00,76417.00,0,10,true,true,OK,accept,true
sml,MLWorks,__module_id.sml,229,GLL,37,37,260000.00,4000.50,98304,10,true,true,OK,accept,true
sml,MLWorks,__module_id.sml,229,RNGLR,37,37,94187.50,2667.00,32768,10,true,true,OK,accept,true
sml,MLWorks,__module_id.sml,229,BRNGLR,37,37,80208.00,2749.50,49152,10,true,true,OK,accept,true
sml,MLWorks,__strnames.sml,262,Leo,38,38,236875.50,7854.50,65536,10,true,true,OK,accept,true
sml,MLWorks,__strnames.sml,262,GLL,38,38,265958.00,7853.50,98304,10,true,true,OK,accept,true
sml,MLWorks,__strnames.sml,262,RNGLR,38,38,79875.50,2209.00,16384,10,true,true,OK,accept,true
sml,MLWorks,__strnames.sml,262,BRNGLR,38,38,72187.50,2250.50,32768,10,true,true,OK,accept,true
sml,MLWorks,__graph_widget.sml,279,Leo,38,38,239208.50,6041.50,32768,10,true,true,OK,accept,true
sml,MLWorks,__graph_widget.sml,279,GLL,38,38,269937.00,9438.00,147456,10,true,true,OK,accept,true
sml,MLWorks,__graph_widget.sml,279,RNGLR,38,38,81895.50,5041.00,16384,10,true,true,OK,accept,true
sml,MLWorks,__graph_widget.sml,279,BRNGLR,38,38,73229.00,2666.00,16384,10,true,true,OK,accept,true
sml,MLWorks,__LRparser.sml,288,Leo,38,38,237312.50,5833.00,65536,10,true,true,OK,accept,true
sml,MLWorks,__LRparser.sml,288,GLL,38,38,258437.50,7416.50,114688,10,true,true,OK,accept,true
sml,MLWorks,__LRparser.sml,288,RNGLR,38,38,79271.00,2500.00,32768,10,true,true,OK,accept,true
sml,MLWorks,__LRparser.sml,288,BRNGLR,38,38,72500.00,3896.00,49152,10,true,true,OK,accept,true
sml,MLWorks,__mirregisters.sml,292,Leo,38,38,240333.50,6938.00,16384,10,true,true,OK,accept,true
sml,MLWorks,__mirregisters.sml,292,GLL,38,38,271167.00,18333.50,147456,10,true,true,OK,accept,true
sml,MLWorks,__mirregisters.sml,292,RNGLR,38,38,83291.50,4791.00,32768,10,true,true,OK,accept,true
sml,MLWorks,__mirregisters.sml,292,BRNGLR,38,38,77229.50,5292.00,32768,10,true,true,OK,accept,true
sml,MLWorks,__mirprint.sml,297,Leo,38,38,236187.50,4833.50,49152,10,true,true,OK,accept,true
sml,MLWorks,__mirprint.sml,297,GLL,38,38,256271.00,5750.50,98304,10,true,true,OK,accept,true
sml,MLWorks,__mirprint.sml,297,RNGLR,38,38,77854.00,1916.50,49152,10,true,true,OK,accept,true
sml,MLWorks,__mirprint.sml,297,BRNGLR,38,38,72395.50,2853.50,16384,10,true,true,OK,accept,true
sml,MLWorks,__transsimple.sml,301,Leo,38,38,238479.00,4896.00,65536,10,true,true,OK,accept,true
sml,MLWorks,__transsimple.sml,301,GLL,38,38,251812.50,4812.50,65536,10,true,true,OK,accept,true
sml,MLWorks,__transsimple.sml,301,RNGLR,38,38,79479.50,1896.00,32768,10,true,true,OK,accept,true
sml,MLWorks,__transsimple.sml,301,BRNGLR,38,38,71208.50,2479.50,49152,10,true,true,OK,accept,true
sml,MLWorks,__topdecprint.sml,304,Leo,38,38,235979.50,3729.50,65536,10,true,true,OK,accept,true
sml,MLWorks,__topdecprint.sml,304,GLL,38,38,252937.50,7041.50,114688,10,true,true,OK,accept,true
sml,MLWorks,__topdecprint.sml,304,RNGLR,38,38,80708.50,3291.50,65536,10,true,true,OK,accept,true
sml,MLWorks,__topdecprint.sml,304,BRNGLR,38,38,77583.50,4354.50,49152,10,true,true,OK,accept,true
sml,MLWorks,__debugger_types.sml,316,Leo,38,38,233521.00,4604.00,49152,10,true,true,OK,accept,true
sml,MLWorks,__debugger_types.sml,316,GLL,38,38,256499.50,9478.50,163840,10,true,true,OK,accept,true
sml,MLWorks,__debugger_types.sml,316,RNGLR,38,38,83146.00,5750.00,49152,10,true,true,OK,accept,true
sml,MLWorks,__debugger_types.sml,316,BRNGLR,38,38,71854.50,3416.50,32768,10,true,true,OK,accept,true
sml,MLWorks,__interload.sml,324,Leo,38,38,233312.50,3604.00,65536,10,true,true,OK,accept,true
sml,MLWorks,__interload.sml,324,GLL,38,38,259916.50,9916.50,131072,10,true,true,OK,accept,true
sml,MLWorks,__interload.sml,324,RNGLR,38,38,83499.50,3979.50,16384,10,true,true,OK,accept,true
sml,MLWorks,__interload.sml,324,BRNGLR,38,38,78813.00,3854.00,32768,10,true,true,OK,accept,true
sml,MLWorks,__auglambda.sml,345,Leo,38,38,234229.00,2187.50,49152,10,true,true,OK,accept,true
sml,MLWorks,__auglambda.sml,345,GLL,38,38,265792.00,10104.50,114688,10,true,true,OK,accept,true
sml,MLWorks,__auglambda.sml,345,RNGLR,38,38,80250.50,3292.00,49152,10,true,true,OK,accept,true
sml,MLWorks,__auglambda.sml,345,BRNGLR,38,38,70813.00,1980.00,32768,10,true,true,OK,accept,true
sml,MLWorks,__io.sml,288,Leo,39,39,255459.00,10854.00,32768,10,true,true,OK,accept,true
sml,MLWorks,__io.sml,288,GLL,39,39,363938.00,17646.50,98304,10,true,true,OK,accept,true
sml,MLWorks,__io.sml,288,RNGLR,39,39,234708.50,5000.00,16384,10,true,true,OK,accept,true
sml,MLWorks,__io.sml,288,BRNGLR,39,39,184895.50,4062.50,49152,10,true,true,OK,accept,true
sml,MLWorks,inspector_tool.sml,188,Leo,40,40,221688.00,4105.00,49152,10,true,true,OK,accept,true
sml,MLWorks,inspector_tool.sml,188,GLL,40,40,452187.50,11583.50,114688,10,true,true,OK,accept,true
sml,MLWorks,inspector_tool.sml,188,RNGLR,40,40,83021.00,2479.50,32768,10,true,true,OK,accept,true
sml,MLWorks,inspector_tool.sml,188,BRNGLR,40,40,76999.50,2313.00,16384,10,true,true,OK,accept,true
sml,MLWorks,perm.sml,195,Leo,40,40,281562.50,6687.00,49152,10,true,true,OK,accept,true
sml,MLWorks,perm.sml,195,GLL,40,40,435833.00,12750.50,81920,10,true,true,OK,accept,true
sml,MLWorks,perm.sml,195,RNGLR,40,40,85145.50,2499.50,32768,10,true,true,OK,accept,true
sml,MLWorks,perm.sml,195,BRNGLR,40,40,77458.50,3208.00,16384,10,true,true,OK,accept,true
sml,MLWorks,profile_tool.sml,220,Leo,40,40,268042.00,3583.50,32768,10,true,true,OK,accept,true
sml,MLWorks,profile_tool.sml,220,GLL,40,40,521916.00,5624.50,114688,10,true,true,OK,accept,true
sml,MLWorks,profile_tool.sml,220,RNGLR,40,40,105438.00,2958.50,16384,10,true,true,OK,accept,true
sml,MLWorks,profile_tool.sml,220,BRNGLR,40,40,93916.50,3479.00,32768,10,true,true,OK,accept,true
sml,MLWorks,io.sml,292,Leo,40,40,197208.50,5583.50,49152,10,true,true,OK,accept,true
sml,MLWorks,io.sml,292,GLL,40,40,602208.00,14625.00,81920,10,true,true,OK,accept,true
sml,MLWorks,io.sml,292,RNGLR,40,40,112916.50,2979.50,32768,10,true,true,OK,accept,true
sml,MLWorks,io.sml,292,BRNGLR,40,40,92729.00,3208.50,32768,10,true,true,OK,accept,true
sml,MLWorks,__add.sml,269,Leo,41,41,311500.00,3875.00,49152,10,true,true,OK,accept,true
sml,MLWorks,__add.sml,269,GLL,41,41,329896.00,15708.50,131072,10,true,true,OK,accept,true
sml,MLWorks,__add.sml,269,RNGLR,41,41,100208.50,2041.50,49152,10,true,true,OK,accept,true
sml,MLWorks,__add.sml,269,BRNGLR,41,41,94021.00,3000.50,49152,10,true,true,OK,accept,true
sml,MLWorks,os_file_sys_remove.sml,144,Leo,42,42,346479.50,14124.50,49152,10,true,true,OK,accept,true
sml,MLWorks,os_file_sys_remove.sml,144,GLL,42,42,382833.50,5708.50,81920,10,true,true,OK,accept,true
sml,MLWorks,os_file_sys_remove.sml,144,RNGLR,42,42,124250.00,2291.50,32768,10,true,true,OK,accept,true
sml,MLWorks,os_file_sys_remove.sml,144,BRNGLR,42,42,112125.00,1833.50,49152,10,true,true,OK,accept,true
sml,MLWorks,text.sml,198,Leo,42,42,269937.50,5562.50,65536,10,true,true,OK,accept,true
sml,MLWorks,text.sml,198,GLL,42,42,500229.00,13729.50,65536,10,true,true,OK,accept,true
sml,MLWorks,text.sml,198,RNGLR,42,42,90500.00,2000.00,16384,10,true,true,OK,accept,true
sml,MLWorks,text.sml,198,BRNGLR,42,42,84624.50,5353.50,32768,10,true,true,OK,accept,true
sml,MLWorks,mlworks_exit.sml,226,Leo,42,42,239708.00,9250.00,32768,10,true,true,OK,accept,true
sml,MLWorks,mlworks_exit.sml,226,GLL,42,42,868875.00,20854.50,114688,10,true,true,OK,accept,true
sml,MLWorks,mlworks_exit.sml,226,RNGLR,42,42,171104.00,6062.50,16384,10,true,true,OK,accept,true
sml,MLWorks,mlworks_exit.sml,226,BRNGLR,42,42,128999.50,3687.00,32768,10,true,true,OK,accept,true
sml,MLWorks,mlworks_dynamic_library.sml,240,Leo,42,42,269833.00,7625.00,49152,10,true,true,OK,accept,true
sml,MLWorks,mlworks_dynamic_library.sml,240,GLL,42,42,594270.50,14353.50,81920,10,true,true,OK,accept,true
sml,MLWorks,mlworks_dynamic_library.sml,240,RNGLR,42,42,106916.50,1062.00,32768,10,true,true,OK,accept,true
sml,MLWorks,mlworks_dynamic_library.sml,240,BRNGLR,42,42,92833.50,2375.00,49152,10,true,true,OK,accept,true
sml,MLWorks,__bin_stream_io.sml,273,Leo,42,42,301542.00,9687.50,49152,10,true,true,OK,accept,true
sml,MLWorks,__bin_stream_io.sml,273,GLL,42,42,304916.50,7000.50,131072,10,true,true,OK,accept,true
sml,MLWorks,__bin_stream_io.sml,273,RNGLR,42,42,93396.50,3334.00,32768,10,true,true,OK,accept,true
sml,MLWorks,__bin_stream_io.sml,273,BRNGLR,42,42,82021.50,2396.00,49152,10,true,true,OK,accept,true
sml,MLWorks,__LRbasics.sml,309,Leo,42,42,276687.50,6291.50,16384,10,true,true,OK,accept,true
sml,MLWorks,__LRbasics.sml,309,GLL,42,42,322604.00,9708.00,114688,10,true,true,OK,accept,true
sml,MLWorks,__LRbasics.sml,309,RNGLR,42,42,100438.00,3375.50,49152,10,true,true,OK,accept,true
sml,MLWorks,__LRbasics.sml,309,BRNGLR,42,42,92229.00,2687.50,32768,10,true,true,OK,accept,true
sml,MLWorks,file_dialog.sml,258,Leo,43,43,317646.00,16354.50,32768,10,true,true,OK,accept,true
sml,MLWorks,file_dialog.sml,258,GLL,43,43,541729.00,13250.00,81920,10,true,true,OK,accept,true
sml,MLWorks,file_dialog.sml,258,RNGLR,43,43,112937.50,1666.00,32768,10,true,true,OK,accept,true
sml,MLWorks,file_dialog.sml,258,BRNGLR,43,43,103145.50,3958.50,16384,10,true,true,OK,accept,true
sml,MLWorks,_stack_frame.sml,282,Leo,43,43,474458.00,13792.00,49152,10,true,true,OK,accept,true
sml,MLWorks,_stack_frame.sml,282,GLL,43,43,562750.00,14792.00,114688,10,true,true,OK,accept,true
sml,MLWorks,_stack_frame.sml,282,RNGLR,43,43,226583.50,3083.50,16384,10,true,true,OK,accept,true
sml,MLWorks,_stack_frame.sml,282,BRNGLR,43,43,190396.00,4521.00,16384,10,true,true,OK,accept,true
sml,MLWorks,mirvariable.sml,326,Leo,43,43,263896.00,6188.00,49152,10,true,true,OK,accept,true
sml,MLWorks,mirvariable.sml,326,GLL,43,43,399166.50,11437.50,131072,10,true,true,OK,accept,true
sml,MLWorks,mirvariable.sml,326,RNGLR,43,43,77229.00,1729.00,16384,10,true,true,OK,accept,true
sml,MLWorks,mirvariable.sml,326,BRNGLR,43,43,68500.00,1729.50,32768,10,true,true,OK,accept,true
sml,MLWorks,exit.sml,201,Leo,44,44,244542.00,4104.50,49152,10,true,true,OK,accept,true
sml,MLWorks,exit.sml,201,GLL,44,44,655749.50,12937.00,98304,10,true,true,OK,accept,true
sml,MLWorks,exit.sml,201,RNGLR,44,44,120250.00,2396.00,16384,10,true,true,OK,accept,true
sml,MLWorks,exit.sml,201,BRNGLR,44,44,270771.50,7376.00,16384,10,true,true,OK,accept,true
sml,MLWorks,symbol.sml,235,Leo,44,44,286916.50,11958.00,49152,10,true,true,OK,accept,true
sml,MLWorks,symbol.sml,235,GLL,44,44,590958.50,14667.00,114688,10,true,true,OK,accept,true
sml,MLWorks,symbol.sml,235,RNGLR,44,44,108750.00,3208.00,32768,10,true,true,OK,accept,true
sml,MLWorks,symbol.sml,235,BRNGLR,44,44,98812.50,5958.50,16384,10,true,true,OK,accept,true
sml,MLWorks,_license.sml,275,Leo,44,44,351083.50,14062.50,32768,10,true,true,OK,accept,true
sml,MLWorks,_license.sml,275,GLL,44,44,378666.50,9041.50,131072,10,true,true,OK,accept,true
sml,MLWorks,_license.sml,275,RNGLR,44,44,102042.00,4937.50,49152,10,true,true,OK,accept,true
sml,MLWorks,_license.sml,275,BRNGLR,44,44,89708.50,4229.00,16384,10,true,true,OK,accept,true
sml,MLWorks,machperv.sml,297,Leo,44,44,276354.00,10375.50,32768,10,true,true,OK,accept,true
sml,MLWorks,machperv.sml,297,GLL,44,44,509771.00,6458.50,98304,10,true,true,OK,accept,true
sml,MLWorks,machperv.sml,297,RNGLR,44,44,102166.50,9750.00,16384,10,true,true,OK,accept,true
sml,MLWorks,machperv.sml,297,BRNGLR,44,44,81271.00,2813.00,16384,10,true,true,OK,accept,true
sml,MLWorks,lambdaoptimiser.sml,304,Leo,44,44,258146.00,5999.50,32768,10,true,true,OK,accept,true
sml,MLWorks,lambdaoptimiser.sml,304,GLL,44,44,397500.50,6375.50,81920,10,true,true,OK,accept,true
sml,MLWorks,lambdaoptimiser.sml,304,RNGLR,44,44,76687.50,1875.00,32768,10,true,true,OK,accept,true
sml,MLWorks,lambdaoptimiser.sml,304,BRNGLR,44,44,69333.00,2166.50,16384,10,true,true,OK,accept,true
sml,MLWorks,bytearray_sub.sml,147,Leo,45,45,453083.00,7104.00,49152,10,true,true,OK,accept,true
sml,MLWorks,bytearray_sub.sml,147,GLL,45,45,427416.50,11125.00,114688,10,true,true,OK,accept,true
sml,MLWorks,bytearray_sub.sml,147,RNGLR,45,45,119041.50,2542.00,32768,10,true,true,OK,accept,true
sml,MLWorks,bytearray_sub.sml,147,BRNGLR,45,45,113166.50,6333.50,32768,10,true,true,OK,accept,true
sml,MLWorks,__os.sml,285,Leo,45,45,275896.00,3292.00,49152,10,true,true,OK,accept,true
sml,MLWorks,__os.sml,285,GLL,45,45,303833.50,10791.50,131072,10,true,true,OK,accept,true
sml,MLWorks,__os.sml,285,RNGLR,45,45,97312.50,1396.00,49152,10,true,true,OK,accept,true
sml,MLWorks,__os.sml,285,BRNGLR,45,45,85083.50,1062.50,32768,10,true,true,OK,accept,true
sml,MLWorks,__unify.sml,338,Leo,45,45,282500.00,8500.00,49152,10,true,true,OK,accept,true
sml,MLWorks,__unify.sml,338,GLL,45,45,309604.50,6500.00,114688,10,true,true,OK,accept,true
sml,MLWorks,__unify.sml,338,RNGLR,45,45,96708.00,916.00,32768,10,true,true,OK,accept,true
sml,MLWorks,__unify.sml,338,BRNGLR,45,45,95229.50,3166.50,32768,10,true,true,OK,accept,true
sml,MLWorks,__type_exp.sml,340,Leo,45,45,286208.50,6458.50,65536,10,true,true,OK,accept,true
sml,MLWorks,__type_exp.sml,340,GLL,45,45,306395.50,10625.00,65536,10,true,true,OK,accept,true
sml,MLWorks,__type_exp.sml,340,RNGLR,45,45,98000.00,2479.50,49152,10,true,true,OK,accept,true
sml,MLWorks,__type_exp.sml,340,BRNGLR,45,45,88250.50,3292.50,16384,10,true,true,OK,accept,true
sml,MLWorks,__console.sml,341,Leo,45,45,281291.50,9250.00,65536,10,true,true,OK,accept,true
sml,MLWorks,__console.sml,341,GLL,45,45,316250.00,19687.50,131072,10,true,true,OK,accept,true
sml,MLWorks,__console.sml,341,RNGLR,45,45,98208.50,3375.00,32768,10,true,true,OK,accept,true
sml,MLWorks,__console.sml,341,BRNGLR,45,45,87291.50,2916.50,32768,10,true,true,OK,accept,true
sml,MLWorks,__typerep_utils.sml,352,Leo,45,45,288187.50,15000.00,49152,10,true,true,OK,accept,true
sml,MLWorks,__typerep_utils.sml,352,GLL,45,45,304875.00,10583.00,131072,10,true,true,OK,accept,true
sml,MLWorks,__typerep_utils.sml,352,RNGLR,45,45,101937.50,2583.00,49152,10,true,true,OK,accept,true
sml,MLWorks,__typerep_utils.sml,352,BRNGLR,45,45,87271.00,3375.00,32768,10,true,true,OK,accept,true
sml,MLWorks,__simpleutils.sml,356,Leo,45,45,277958.50,4959.00,32768,10,true,true,OK,accept,true
sml,MLWorks,__simpleutils.sml,356,GLL,45,45,314375.50,9854.50,131072,10,true,true,OK,accept,true
sml,MLWorks,__simpleutils.sml,356,RNGLR,45,45,98854.00,3125.00,32768,10,true,true,OK,accept,true
sml,MLWorks,__simpleutils.sml,356,BRNGLR,45,45,94833.00,5416.00,16384,10,true,true,OK,accept,true
sml,MLWorks,__environ.sml,363,Leo,45,45,284125.00,7521.00,49152,10,true,true,OK,accept,true
sml,MLWorks,__environ.sml,363,GLL,45,45,304854.50,6417.00,81920,10,true,true,OK,accept,true
sml,MLWorks,__environ.sml,363,RNGLR,45,45,97146.00,2791.50,16384,10,true,true,OK,accept,true
sml,MLWorks,__environ.sml,363,BRNGLR,45,45,86479.50,2125.50,32768,10,true,true,OK,accept,true
sml,MLWorks,__lambdaprint.sml,378,Leo,45,45,286250.00,12083.00,65536,10,true,true,OK,accept,true
sml,MLWorks,__lambdaprint.sml,378,GLL,45,45,299417.00,6896.00,98304,10,true,true,OK,accept,true
sml,MLWorks,__lambdaprint.sml,378,RNGLR,45,45,116312.00,6687.50,65536,10,true,true,OK,accept,true
sml,MLWorks,__lambdaprint.sml,378,BRNGLR,45,45,88312.50,3687.50,32768,10,true,true,OK,accept,true
sml,MLWorks,__debugger_utilities.sml,383,Leo,45,45,282562.50,7562.50,49152,10,true,true,OK,accept,true
sml,MLWorks,__debugger_utilities.sml,383,GLL,45,45,300896.00,5604.00,98304,10,true,true,OK,accept,true
sml,MLWorks,__debugger_utilities.sml,383,RNGLR,45,45,99562.50,4042.00,32768,10,true,true,OK,accept,true
sml,MLWorks,__debugger_utilities.sml,383,BRNGLR,45,45,85541.50,1062.00,16384,10,true,true,OK,accept,true
sml,MLWorks,_namesettypes.sml,303,Leo,46,46,221958.50,8750.00,65536,10,true,true,OK,accept,true
sml,MLWorks,_namesettypes.sml,303,GLL,46,46,367250.00,11354.00,147456,10,true,true,OK,accept,true
sml,MLWorks,_namesettypes.sml,303,RNGLR,46,46,80708.00,1249.50,49152,10,true,true,OK,accept,true
sml,MLWorks,_namesettypes.sml,303,BRNGLR,46,46,74271.00,2417.50,32768,10,true,true,OK,accept,true
sml,MLWorks,switch1.sml,204,Leo,47,47,461791.50,20146.00,65536,10,true,true,OK,accept,true
sml,MLWorks,switch1.sml,204,GLL,47,47,421292.00,23750.00,98304,10,true,true,OK,accept,true
sml,MLWorks,switch1.sml,204,RNGLR,47,47,120520.50,1750.00,16384,10,true,true,OK,accept,true
sml,MLWorks,switch1.sml,204,BRNGLR,47,47,111479.50,4291.50,32768,10,true,true,OK,accept,true
sml,MLWorks,__enc_sub.sml,348,Leo,47,47,287520.50,7812.50,49152,10,true,true,OK,accept,true
sml,MLWorks,__enc_sub.sml,348,GLL,47,47,300229.50,5917.00,131072,10,true,true,OK,accept,true
sml,MLWorks,__enc_sub.sml,348,RNGLR,47,47,95771.00,2749.50,32768,10,true,true,OK,accept,true
sml,MLWorks,__enc_sub.sml,348,BRNGLR,47,47,81958.50,1750.00,32768,10,true,true,OK,accept,true
sml,MLWorks,__lambdatypes.sml,380,Leo,47,47,283667.00,4979.00,49152,10,true,true,OK,accept,true
sml,MLWorks,__lambdatypes.sml,380,GLL,47,47,310500.00,10895.50,114688,10,true,true,OK,accept,true
sml,MLWorks,__lambdatypes.sml,380,RNGLR,47,47,114166.00,6188.00,16384,10,true,true,OK,accept,true
sml,MLWorks,__lambdatypes.sml,380,BRNGLR,47,47,93917.00,5458.50,32768,10,true,true,OK,accept,true
sml,MLWorks,puzzle.sml,216,Leo,48,48,216271.00,3250.00,49152,10,true,true,OK,accept,true
sml,MLWorks,puzzle.sml,216,GLL,48,48,472771.00,15146.00,81920,10,true,true,OK,accept,true
sml,MLWorks,puzzle.sml,216,RNGLR,48,48,93770.50,4750.00,16384,10,true,true,OK,accept,true
sml,MLWorks,puzzle.sml,216,BRNGLR,48,48,83916.50,5104.50,16384,10,true,true,OK,accept,true
sml,MLWorks,_mono_array.sml,251,Leo,48,48,278896.00,5770.50,49152,10,true,true,OK,accept,true
sml,MLWorks,_mono_array.sml,251,GLL,48,48,412083.00,8291.00,131072,10,true,true,OK,accept,true
sml,MLWorks,_mono_array.sml,251,RNGLR,48,48,130292.00,2313.00,32768,10,true,true,OK,accept,true
sml,MLWorks,_mono_array.sml,251,BRNGLR,48,48,114708.00,1812.50,16384,10,true,true,OK,accept,true
sml,MLWorks,switch2.sml,211,Leo,49,49,465583.50,9292.00,49152,10,true,true,OK,accept,true
sml,MLWorks,switch2.sml,211,GLL,49,49,406125.00,8125.00,98304,10,true,true,OK,accept,true
sml,MLWorks,switch2.sml,211,RNGLR,49,49,121354.00,3063.00,32768,10,true,true,OK,accept,true
sml,MLWorks,switch2.sml,211,BRNGLR,49,49,111187.00,2999.50,32768,10,true,true,OK,accept,true
sml,MLWorks,mlworks_c_resource.sml,189,Leo,50,50,266937.50,7145.50,49152,10,true,true,OK,accept,true
sml,MLWorks,mlworks_c_resource.sml,189,GLL,50,50,420708.50,10562.50,98304,10,true,true,OK,accept,true
sml,MLWorks,mlworks_c_resource.sml,189,RNGLR,50,50,88500.00,2499.50,16384,10,true,true,OK,accept,true
sml,MLWorks,mlworks_c_resource.sml,189,BRNGLR,50,50,83396.50,2480.00,16384,10,true,true,OK,accept,true
sml,MLWorks,version.sml,256,Leo,50,50,270750.50,7584.00,65536,10,true,true,OK,accept,true
sml,MLWorks,version.sml,256,GLL,50,50,504229.00,10500.00,114688,10,true,true,OK,accept,true
sml,MLWorks,version.sml,256,RNGLR,50,50,91229.50,1896.00,16384,10,true,true,OK,accept,true
sml,MLWorks,version.sml,256,BRNGLR,50,50,81395.50,1625.00,32768,10,true,true,OK,accept,true
sml,MLWorks,file_viewer.sml,278,Leo,51,51,292250.00,8000.00,49152,10,true,true,OK,accept,true
sml,MLWorks,file_viewer.sml,278,GLL,51,51,618916.50,11500.00,98304,10,true,true,OK,accept,true
sml,MLWorks,file_viewer.sml,278,RNGLR,51,51,114312.50,4125.00,32768,10,true,true,OK,accept,true
sml,MLWorks,file_viewer.sml,278,BRNGLR,51,51,99396.00,2437.50,49152,10,true,true,OK,accept,true
sml,MLWorks,__lexer.sml,361,Leo,52,52,321146.00,6521.00,65536,10,true,true,OK,accept,true
sml,MLWorks,__lexer.sml,361,GLL,52,52,371541.50,23959.00,131072,10,true,true,OK,accept,true
sml,MLWorks,__lexer.sml,361,RNGLR,52,52,119958.50,2437.00,49152,10,true,true,OK,accept,true
sml,MLWorks,__lexer.sml,361,BRNGLR,52,52,107187.50,4083.50,32768,10,true,true,OK,accept,true
sml,MLWorks,__types.sml,375,Leo,52,52,320313.00,5708.50,49152,10,true,true,OK,accept,true
sml,MLWorks,__types.sml,375,GLL,52,52,408958.50,27521.00,720896,10,true,true,OK,accept,true
sml,MLWorks,__types.sml,375,RNGLR,52,52,120979.00,3333.00,32768,10,true,true,OK,accept,true
sml,MLWorks,__types.sml,375,BRNGLR,52,52,105833.50,2959.00,49152,10,true,true,OK,accept,true
sml,MLWorks,__absynprint.sml,378,Leo,52,52,339583.50,21229.00,49152,10,true,true,OK,accept,true
sml,MLWorks,__absynprint.sml,378,GLL,52,52,369292.00,17666.50,98304,10,true,true,OK,accept,true
sml,MLWorks,__absynprint.sml,378,RNGLR,52,52,120146.00,1792.00,16384,10,true,true,OK,accept,true
sml,MLWorks,__absynprint.sml,378,BRNGLR,52,52,109750.50,5813.00,32768,10,true,true,OK,accept,true
sml,MLWorks,__completion.sml,389,Leo,52,52,320042.00,4292.00,32768,10,true,true,OK,accept,true
sml,MLWorks,__completion.sml,389,GLL,52,52,366958.50,10396.00,98304,10,true,true,OK,accept,true
sml,MLWorks,__completion.sml,389,RNGLR,52,52,131333.00,9687.00,32768,10,true,true,OK,accept,true
sml,MLWorks,__completion.sml,389,BRNGLR,52,52,104395.50,2791.50,32768,10,true,true,OK,accept,true
sml,MLWorks,__mirexpr.sml,398,Leo,52,52,326166.50,13750.00,49152,10,true,true,OK,accept,true
sml,MLWorks,__mirexpr.sml,398,GLL,52,52,345938.00,7062.00,114688,10,true,true,OK,accept,true
sml,MLWorks,__mirexpr.sml,398,RNGLR,52,52,118938.00,1834.00,32768,10,true,true,OK,accept,true
sml,MLWorks,__mirexpr.sml,398,BRNGLR,52,52,106646.00,1062.50,32768,10,true,true,OK,accept,true
sml,MLWorks,__editor.sml,403,Leo,52,52,323187.00,4749.50,32768,10,true,true,OK,accept,true
sml,MLWorks,__editor.sml,403,GLL,52,52,401750.00,22333.50,114688,10,true,true,OK,accept,true
sml,MLWorks,__editor.sml,403,RNGLR,52,52,120396.00,2083.50,16384,10,true,true,OK,accept,true
sml,MLWorks,__editor.sml,403,BRNGLR,52,52,105500.00,2542.00,16384,10,true,true,OK,accept,true
sml,MLWorks,__error_browser.sml,410,Leo,52,52,315375.00,5479.50,49152,10,true,true,OK,accept,true
sml,MLWorks,__error_browser.sml,410,GLL,52,52,355104.00,8833.00,114688,10,true,true,OK,accept,true
sml,MLWorks,__error_browser.sml,410,RNGLR,52,52,120708.00,3583.00,32768,10,true,true,OK,accept,true
sml,MLWorks,__error_browser.sml,410,BRNGLR,52,52,106354.00,2437.50,65536,10,true,true,OK,accept,true
sml,MLWorks,__lambdaflow.sml,449,Leo,52,52,314812.50,4187.50,98304,10,true,true,OK,accept,true
sml,MLWorks,__lambdaflow.sml,449,GLL,52,52,355208.50,12792.00,98304,10,true,true,OK,accept,true
sml,MLWorks,__lambdaflow.sml,449,RNGLR,52,52,120041.50,2291.50,65536,10,true,true,OK,accept,true
sml,MLWorks,__lambdaflow.sml,449,BRNGLR,52,52,104687.50,3000.50,32768,10,true,true,OK,accept,true
sml,MLWorks,__tty_listener.sml,449,Leo,52,52,324271.00,9333.50,32768,10,true,true,OK,accept,true
sml,MLWorks,__tty_listener.sml,449,GLL,52,52,356229.50,13395.50,98304,10,true,true,OK,accept,true
sml,MLWorks,__tty_listener.sml,449,RNGLR,52,52,122333.50,2041.50,49152,10,true,true,OK,accept,true
sml,MLWorks,__tty_listener.sml,449,BRNGLR,52,52,106354.00,2791.50,32768,10,true,true,OK,accept,true
sml,MLWorks,__int_key.sml,219,Leo,53,53,445250.50,7625.50,65536,10,true,true,OK,accept,true
sml,MLWorks,__int_key.sml,219,GLL,53,53,495104.50,9312.50,114688,10,true,true,OK,accept,true
sml,MLWorks,__int_key.sml,219,RNGLR,53,53,143729.00,3708.50,32768,10,true,true,OK,accept,true
sml,MLWorks,__int_key.sml,219,BRNGLR,53,53,133166.50,3417.00,32768,10,true,true,OK,accept,true
sml,MLWorks,hash_table.sml,255,Leo,53,53,406937.50,15145.50,65536,10,true,true,OK,accept,true
sml,MLWorks,hash_table.sml,255,GLL,53,53,807375.00,69958.00,0,10,true,true,OK,accept,true
sml,MLWorks,hash_table.sml,255,RNGLR,53,53,150854.00,4729.50,32768,10,true,true,OK,accept,true
sml,MLWorks,hash_table.sml,255,BRNGLR,53,53,129604.50,2062.50,32768,10,true,true,OK,accept,true
sml,MLWorks,bit_flags.sml,245,Leo,54,54,320208.00,9583.00,32768,10,true,true,OK,accept,true
sml,MLWorks,bit_flags.sml,245,GLL,54,54,607916.50,19417.00,131072,10,true,true,OK,accept,true
sml,MLWorks,bit_flags.sml,245,RNGLR,54,54,117104.50,4895.50,16384,10,true,true,OK,accept,true
sml,MLWorks,bit_flags.sml,245,BRNGLR,54,54,96041.50,2792.00,16384,10,true,true,OK,accept,true
sml,MLWorks,__pervasives.sml,394,Leo,54,54,322583.00,3750.00,49152,10,true,true,OK,accept,true
sml,MLWorks,__pervasives.sml,394,GLL,54,54,348313.00,9125.50,114688,10,true,true,OK,accept,true
sml,MLWorks,__pervasives.sml,394,RNGLR,54,54,112917.00,3250.00,32768,10,true,true,OK,accept,true
sml,MLWorks,__pervasives.sml,394,BRNGLR,54,54,99875.00,3479.00,65536,10,true,true,OK,accept,true
sml,MLWorks,__stackallocator.sml,420,Leo,54,54,332312.50,8520.50,49152,10,true,true,OK,accept,true
sml,MLWorks,__stackallocator.sml,420,GLL,54,54,355041.50,10604.00,49152,10,true,true,OK,accept,true
sml,MLWorks,__stackallocator.sml,420,RNGLR,54,54,111146.00,2291.50,65536,10,true,true,OK,accept,true
sml,MLWorks,__stackallocator.sml,420,BRNGLR,54,54,101646.00,4291.50,49152,10,true,true,OK,accept,true
sml,MLWorks,__miroptimiser.sml,435,Leo,54,54,325187.50,7833.50,49152,10,true,true,OK,accept,true
sml,MLWorks,__miroptimiser.sml,435,GLL,54,54,368854.00,20458.00,114688,10,true,true,OK,accept,true
sml,MLWorks,__miroptimiser.sml,435,RNGLR,54,54,115916.50,4208.50,16384,10,true,true,OK,accept,true
sml,MLWorks,__miroptimiser.sml,435,BRNGLR,54,54,354291.50,71291.50,0,10,true,true,OK,accept,true
sml,MLWorks,win32.sml,306,Leo,55,55,339624.50,5271.00,49152,10,true,true,OK,accept,true
sml,MLWorks,win32.sml,306,GLL,55,55,828250.00,4125.00,81920,10,true,true,OK,accept,true
sml,MLWorks,win32.sml,306,RNGLR,55,55,157687.50,3000.50,16384,10,true,true,OK,accept,true
sml,MLWorks,win32.sml,306,BRNGLR,55,55,131771.00,2542.00,16384,10,true,true,OK,accept,true
sml,MLWorks,__smallintset.sml,310,Leo,55,55,475270.50,24333.00,65536,10,true,true,OK,accept,true
sml,MLWorks,__smallintset.sml,310,GLL,55,55,485291.50,19687.00,98304,10,true,true,OK,accept,true
sml,MLWorks,__smallintset.sml,310,RNGLR,55,55,156645.50,1854.50,16384,10,true,true,OK,accept,true
sml,MLWorks,__smallintset.sml,310,BRNGLR,55,55,146333.50,7937.50,32768,10,true,true,OK,accept,true
sml,MLWorks,__object_output.sml,369,Leo,55,55,376959.00,12416.50,32768,10,true,true,OK,accept,true
sml,MLWorks,__object_output.sml,369,GLL,55,55,430521.00,11687.50,131072,10,true,true,OK,accept,true
sml,MLWorks,__object_output.sml,369,RNGLR,55,55,205645.50,3208.50,32768,10,true,true,OK,accept,true
sml,MLWorks,__object_output.sml,369,BRNGLR,55,55,165270.50,2833.00,32768,10,true,true,OK,accept,true
sml,MLWorks,real_pattern.sml,161,Leo,56,56,463895.50,17125.00,49152,10,true,true,OK,accept,true
sml,MLWorks,real_pattern.sml,161,GLL,56,56,474458.50,21625.50,114688,10,true,true,OK,accept,true
sml,MLWorks,real_pattern.sml,161,RNGLR,56,56,118583.50,5062.50,32768,10,true,true,OK,accept,true
sml,MLWorks,real_pattern.sml,161,BRNGLR,56,56,111604.00,5437.00,49152,10,true,true,OK,accept,true
sml,MLWorks,handler_c_raise.sml,154,Leo,57,57,508978.50,9728.00,32768,10,true,true,OK,accept,true
sml,MLWorks,handler_c_raise.sml,154,GLL,57,57,582000.00,15354.50,81920,10,true,true,OK,accept,true
sml,MLWorks,handler_c_raise.sml,154,RNGLR,57,57,158729.50,5917.00,32768,10,true,true,OK,accept,true
sml,MLWorks,handler_c_raise.sml,154,BRNGLR,57,57,141583.00,4250.00,49152,10,true,true,OK,accept,true
sml,MLWorks,interload.sml,254,Leo,57,57,318604.00,21375.00,32768,10,true,true,OK,accept,true
sml,MLWorks,interload.sml,254,GLL,57,57,416208.50,8646.00,131072,10,true,true,OK,accept,true
sml,MLWorks,interload.sml,254,RNGLR,57,57,81916.50,1708.00,49152,10,true,true,OK,accept,true
sml,MLWorks,interload.sml,254,BRNGLR,57,57,81562.50,2771.00,16384,10,true,true,OK,accept,true
sml,MLWorks,os_process.sml,274,Leo,57,57,357000.00,7417.00,49152,10,true,true,OK,accept,true
sml,MLWorks,os_process.sml,274,GLL,57,57,905250.00,10687.00,65536,10,true,true,OK,accept,true
sml,MLWorks,os_process.sml,274,RNGLR,57,57,182833.00,5875.50,16384,10,true,true,OK,accept,true
sml,MLWorks,os_process.sml,274,BRNGLR,57,57,147937.50,1687.00,16384,10,true,true,OK,accept,true
sml,MLWorks,value_printer.sml,333,Leo,58,58,326417.00,9417.00,32768,10,true,true,OK,accept,true
sml,MLWorks,value_printer.sml,333,GLL,58,58,736437.50,17666.50,147456,10,true,true,OK,accept,true
sml,MLWorks,value_printer.sml,333,RNGLR,58,58,145333.50,6396.00,32768,10,true,true,OK,accept,true
sml,MLWorks,value_printer.sml,333,BRNGLR,58,58,122250.00,4062.00,16384,10,true,true,OK,accept,true
sml,MLWorks,derived.sml,207,Leo,59,59,383375.00,15770.50,32768,10,true,true,OK,accept,true
sml,MLWorks,derived.sml,207,GLL,59,59,693208.00,12583.50,81920,10,true,true,OK,accept,true
sml,MLWorks,derived.sml,207,RNGLR,59,59,227729.50,3938.00,16384,10,true,true,OK,accept,true
sml,MLWorks,derived.sml,207,BRNGLR,59,59,206083.00,7645.50,65536,10,true,true,OK,accept,true
sml,MLWorks,build_make.sml,343,Leo,59,59,463500.00,14937.00,49152,10,true,true,OK,accept,true
sml,MLWorks,build_make.sml,343,GLL,59,59,507062.50,15937.50,81920,10,true,true,OK,accept,true
sml,MLWorks,build_make.sml,343,RNGLR,59,59,132291.50,4145.50,32768,10,true,true,OK,accept,true
sml,MLWorks,build_make.sml,343,BRNGLR,59,59,120416.50,4124.50,49152,10,true,true,OK,accept,true
sml,MLWorks,lambdamodule.sml,364,Leo,59,59,381062.00,5145.50,65536,10,true,true,OK,accept,true
sml,MLWorks,lambdamodule.sml,364,GLL,59,59,400458.50,14541.50,98304,10,true,true,OK,accept,true
sml,MLWorks,lambdamodule.sml,364,RNGLR,59,59,96271.00,2000.00,32768,10,true,true,OK,accept,true
sml,MLWorks,lambdamodule.sml,364,BRNGLR,59,59,101937.50,2645.50,16384,10,true,true,OK,accept,true
sml,MLWorks,__sigma.sml,398,Leo,59,59,375833.50,9854.50,32768,10,true,true,OK,accept,true
sml,MLWorks,__sigma.sml,398,GLL,59,59,415500.00,17583.50,98304,10,true,true,OK,accept,true
sml,MLWorks,__sigma.sml,398,RNGLR,59,59,148458.50,4104.50,32768,10,true,true,OK,accept,true
sml,MLWorks,__sigma.sml,398,BRNGLR,59,59,128396.00,3687.50,49152,10,true,true,OK,accept,true
sml,MLWorks,__nameset.sml,412,Leo,59,59,358083.00,4958.50,81920,10,true,true,OK,accept,true
sml,MLWorks,__nameset.sml,412,GLL,59,59,398979.50,10125.00,98304,10,true,true,OK,accept,true
sml,MLWorks,__nameset.sml,412,RNGLR,59,59,154209.00,2749.50,65536,10,true,true,OK,accept,true
sml,MLWorks,__nameset.sml,412,BRNGLR,59,59,132396.00,7562.50,16384,10,true,true,OK,accept,true
sml,MLWorks,__tyenv.sml,414,Leo,59,59,374604.00,8124.50,32768,10,true,true,OK,accept,true
sml,MLWorks,__tyenv.sml,414,GLL,59,59,411937.50,23208.00,114688,10,true,true,OK,accept,true
sml,MLWorks,__tyenv.sml,414,RNGLR,59,59,150458.00,3770.50,32768,10,true,true,OK,accept,true
sml,MLWorks,__tyenv.sml,414,BRNGLR,59,59,126729.00,2333.00,32768,10,true,true,OK,accept,true
sml,MLWorks,__lexrules.sml,421,Leo,59,59,367208.50,6604.50,65536,10,true,true,OK,accept,true
sml,MLWorks,__lexrules.sml,421,GLL,59,59,402167.00,10167.00,114688,10,true,true,OK,accept,true
sml,MLWorks,__lexrules.sml,421,RNGLR,59,59,145958.00,2562.50,32768,10,true,true,OK,accept,true
sml,MLWorks,__lexrules.sml,421,BRNGLR,59,59,127917.00,4063.00,16384,10,true,true,OK,accept,true
sml,MLWorks,__path_tool.sml,424,Leo,59,59,362187.50,6104.00,16384,10,true,true,OK,accept,true
sml,MLWorks,__path_tool.sml,424,GLL,59,59,407667.00,22396.50,81920,10,true,true,OK,accept,true
sml,MLWorks,__path_tool.sml,424,RNGLR,59,59,146895.50,2624.50,32768,10,true,true,OK,accept,true
sml,MLWorks,__path_tool.sml,424,BRNGLR,59,59,132270.50,4625.00,32768,10,true,true,OK,accept,true
sml,MLWorks,__capi.sml,435,Leo,59,59,358208.50,5771.50,49152,10,true,true,OK,accept,true
sml,MLWorks,__capi.sml,435,GLL,59,59,403563.00,8875.50,131072,10,true,true,OK,accept,true
sml,MLWorks,__capi.sml,435,RNGLR,59,59,146958.50,2541.50,16384,10,true,true,OK,accept,true
sml,MLWorks,__capi.sml,435,BRNGLR,59,59,129208.50,5583.50,16384,10,true,true,OK,accept,true
sml,MLWorks,__break_trace.sml,459,Leo,59,59,356270.50,4687.00,49152,10,true,true,OK,accept,true
sml,MLWorks,__break_trace.sml,459,GLL,59,59,411687.50,12042.00,65536,10,true,true,OK,accept,true
sml,MLWorks,__break_trace.sml,459,RNGLR,59,59,148000.00,2708.50,32768,10,true,true,OK,accept,true
sml,MLWorks,__break_trace.sml,459,BRNGLR,59,59,128187.50,4042.00,49152,10,true,true,OK,accept,true
sml,MLWorks,__actionfunctions.sml,465,Leo,59,59,371083.00,12646.00,32768,10,true,true,OK,accept,true
sml,MLWorks,__actionfunctions.sml,465,GLL,59,59,403562.50,9500.00,114688,10,true,true,OK,accept,true
sml,MLWorks,__actionfunctions.sml,465,RNGLR,59,59,450750.00,36833.50,0,10,true,true,OK,accept,true
sml,MLWorks,__actionfunctions.sml,465,BRNGLR,59,59,126166.50,2729.00,32768,10,true,true,OK,accept,true
sml,MLWorks,__shell.sml,467,Leo,59,59,378062.50,8896.00,32768,10,true,true,OK,accept,true
sml,MLWorks,__shell.sml,467,GLL,59,59,417583.00,23958.00,98304,10,true,true,OK,accept,true
sml,MLWorks,__shell.sml,467,RNGLR,59,59,147458.00,2103.50,32768,10,true,true,OK,accept,true
sml,MLWorks,__shell.sml,467,BRNGLR,59,59,127479.50,3729.50,16384,10,true,true,OK,accept,true
sml,MLWorks,__sparc_schedule.sml,469,Leo,59,59,374354.00,13979.00,65536,10,true,true,OK,accept,true
sml,MLWorks,__sparc_schedule.sml,469,GLL,59,59,404167.00,11604.50,131072,10,true,true,OK,accept,true
sml,MLWorks,__sparc_schedule.sml,469,RNGLR,59,59,147958.00,3354.00,49152,10,true,true,OK,accept,true
sml,MLWorks,__sparc_schedule.sml,469,BRNGLR,59,59,126958.00,3187.00,32768,10,true,true,OK,accept,true
sml,MLWorks,__valenv.sml,477,Leo,59,59,364500.00,8771.00,49152,10,true,true,OK,accept,true
sml,MLWorks,__valenv.sml,477,GLL,59,59,402854.50,9146.50,131072,10,true,true,OK,accept,true
sml,MLWorks,__valenv.sml,477,RNGLR,59,59,150563.00,4625.50,49152,10,true,true,OK,accept,true
sml,MLWorks,__valenv.sml,477,BRNGLR,59,59,128166.50,4416.50,49152,10,true,true,OK,accept,true
sml,MLWorks,__debugger_print.sml,487,Leo,59,59,385604.50,19583.50,32768,10,true,true,OK,accept,true
sml,MLWorks,__debugger_print.sml,487,GLL,59,59,403646.00,10687.50,131072,10,true,true,OK,accept,true
sml,MLWorks,__debugger_print.sml,487,RNGLR,59,59,147979.00,2770.50,16384,10,true,true,OK,accept,true
sml,MLWorks,__debugger_print.sml,487,BRNGLR,59,59,128833.50,4770.50,16384,10,true,true,OK,accept,true
sml,MLWorks,__user_context.sml,487,Leo,59,59,368479.00,8979.00,49152,10,true,true,OK,accept,true
sml,MLWorks,__user_context.sml,487,GLL,59,59,411187.50,17249.50,131072,10,true,true,OK,accept,true
sml,MLWorks,__user_context.sml,487,RNGLR,59,59,152896.00,5333.50,32768,10,true,true,OK,accept,true
sml,MLWorks,__user_context.sml,487,BRNGLR,59,59,124666.50,1166.50,49152,10,true,true,OK,accept,true
sml,MLWorks,__inspector_values.sml,498,Leo,59,59,363438.00,7813.00,49152,10,true,true,OK,accept,true
sml,MLWorks,__inspector_values.sml,498,GLL,59,59,407291.50,14562.50,114688,10,true,true,OK,accept,true
sml,MLWorks,__inspector_values.sml,498,RNGLR,59,59,147313.00,2104.00,32768,10,true,true,OK,accept,true
sml,MLWorks,__inspector_values.sml,498,BRNGLR,59,59,125646.00,1479.50,32768,10,true,true,OK,accept,true
sml,MLWorks,__mips_assembly.sml,499,Leo,59,59,366229.50,9624.50,32768,10,true,true,OK,accept,true
sml,MLWorks,__mips_assembly.sml,499,GLL,59,59,419271.00,25354.50,98304,10,true,true,OK,accept,true
sml,MLWorks,__mips_assembly.sml,499,RNGLR,59,59,148979.50,4334.00,65536,10,true,true,OK,accept,true
sml,MLWorks,__mips_assembly.sml,499,BRNGLR,59,59,127708.00,4104.00,49152,10,true,true,OK,accept,true
sml,MLWorks,__sparc_assembly.sml,505,Leo,59,59,362729.00,6458.50,65536,10,true,true,OK,accept,true
sml,MLWorks,__sparc_assembly.sml,505,GLL,59,59,399062.50,8562.50,114688,10,true,true,OK,accept,true
sml,MLWorks,__sparc_assembly.sml,505,RNGLR,59,59,148938.00,2313.00,32768,10,true,true,OK,accept,true
sml,MLWorks,__sparc_assembly.sml,505,BRNGLR,59,59,132833.50,9000.00,32768,10,true,true,OK,accept,true
sml,MLWorks,__value_printer.sml,512,Leo,59,59,377104.00,11145.50,65536,10,true,true,OK,accept,true
sml,MLWorks,__value_printer.sml,512,GLL,59,59,409479.00,14666.00,114688,10,true,true,OK,accept,true
sml,MLWorks,__value_printer.sml,512,RNGLR,59,59,148770.50,2666.50,49152,10,true,true,OK,accept,true
sml,MLWorks,__value_printer.sml,512,BRNGLR,59,59,127521.00,3958.50,32768,10,true,true,OK,accept,true
sml,MLWorks,__sharetypes.sml,541,Leo,59,59,365062.50,6479.00,32768,10,true,true,OK,accept,true
sml,MLWorks,__sharetypes.sml,541,GLL,59,59,420374.50,21875.50,131072,10,true,true,OK,accept,true
sml,MLWorks,__sharetypes.sml,541,RNGLR,59,59,149854.50,3792.50,16384,10,true,true,OK,accept,true
sml,MLWorks,__sharetypes.sml,541,BRNGLR,59,59,132333.50,7229.00,49152,10,true,true,OK,accept,true
sml,MLWorks,console.sml,327,Leo,61,61,259812.50,3500.00,81920,10,true,true,OK,accept,true
sml,MLWorks,console.sml,327,GLL,61,61,433895.50,11437.50,81920,10,true,true,OK,accept,true
sml,MLWorks,console.sml,327,RNGLR,61,61,90521.00,2667.00,32768,10,true,true,OK,accept,true
sml,MLWorks,console.sml,327,BRNGLR,61,61,84666.50,3166.50,32768,10,true,true,OK,accept,true
sml,MLWorks,__derived.sml,439,Leo,61,61,378271.00,10188.00,49152,10,true,true,OK,accept,true
sml,MLWorks,__derived.sml,439,GLL,61,61,416375.00,9854.00,98304,10,true,true,OK,accept,true
sml,MLWorks,__derived.sml,439,RNGLR,61,61,149916.50,2791.50,16384,10,true,true,OK,accept,true
sml,MLWorks,__derived.sml,439,BRNGLR,61,61,133624.50,5562.50,49152,10,true,true,OK,accept,true
sml,MLWorks,__mirprocedure.sml,468,Leo,61,61,392020.50,24104.00,32768,10,true,true,OK,accept,true
sml,MLWorks,__mirprocedure.sml,468,GLL,61,61,389833.00,7771.00,98304,10,true,true,OK,accept,true
sml,MLWorks,__mirprocedure.sml,468,RNGLR,61,61,133854.00,2083.00,32768,10,true,true,OK,accept,true
sml,MLWorks,__mirprocedure.sml,468,BRNGLR,61,61,118792.00,3500.00,49152,10,true,true,OK,accept,true
sml,MLWorks,__mlworks_io.sml,455,Leo,62,62,460979.50,17333.50,65536,10,true,true,OK,accept,true
sml,MLWorks,__mlworks_io.sml,455,GLL,62,62,582916.50,7791.50,81920,10,true,true,OK,accept,true
sml,MLWorks,__mlworks_io.sml,455,RNGLR,62,62,286500.50,10480.00,16384,10,true,true,OK,accept,true
sml,MLWorks,__mlworks_io.sml,455,BRNGLR,62,62,234916.50,7270.50,32768,10,true,true,OK,accept,true
sml,MLWorks,switch4.sml,267,Leo,63,63,588375.50,8000.50,16384,10,true,true,OK,accept,true
sml,MLWorks,switch4.sml,267,GLL,63,63,636667.00,7042.00,65536,10,true,true,OK,accept,true
sml,MLWorks,switch4.sml,267,RNGLR,63,63,191458.00,3416.50,16384,10,true,true,OK,accept,true
sml,MLWorks,switch4.sml,267,BRNGLR,63,63,166604.00,3437.50,16384,10,true,true,OK,accept,true
sml,MLWorks,typerep_utils.sml,362,Leo,63,63,369062.50,20188.00,32768,10,true,true,OK,accept,true
sml,MLWorks,typerep_utils.sml,362,GLL,63,63,535458.50,10520.50,114688,10,true,true,OK,accept,true
sml,MLWorks,typerep_utils.sml,362,RNGLR,63,63,127125.00,3729.00,32768,10,true,true,OK,accept,true
sml,MLWorks,typerep_utils.sml,362,BRNGLR,63,63,111979.00,4333.00,49152,10,true,true,OK,accept,true
sml,MLWorks,lambdaflow.sml,402,Leo,63,63,371833.00,12666.50,49152,10,true,true,OK,accept,true
sml,MLWorks,lambdaflow.sml,402,GLL,63,63,574041.50,9459.00,81920,10,true,true,OK,accept,true
sml,MLWorks,lambdaflow.sml,402,RNGLR,63,63,121104.00,4270.50,49152,10,true,true,OK,accept,true
sml,MLWorks,lambdaflow.sml,402,BRNGLR,63,63,104354.00,2854.00,49152,10,true,true,OK,accept,true
sml,MLWorks,os.sml,386,Leo,64,64,412083.00,21875.00,49152,10,true,true,OK,accept,true
sml,MLWorks,os.sml,386,GLL,64,64,956104.00,6604.00,1835008,10,true,true,OK,accept,true
sml,MLWorks,os.sml,386,RNGLR,64,64,196562.00,2374.00,32768,10,true,true,OK,accept,true
sml,MLWorks,os.sml,386,BRNGLR,64,64,165646.00,6458.50,16384,10,true,true,OK,accept,true
sml,MLWorks,os_prim_io.sml,410,Leo,64,64,473208.00,22104.00,81920,10,true,true,OK,accept,true
sml,MLWorks,os_prim_io.sml,410,GLL,64,64,1691604.00,9500.00,1671168,10,true,true,OK,accept,true
sml,MLWorks,os_prim_io.sml,410,RNGLR,64,64,410021.50,2750.50,16384,10,true,true,OK,accept,true
sml,MLWorks,os_prim_io.sml,410,BRNGLR,64,64,319124.50,6437.00,32768,10,true,true,OK,accept,true
sml,MLWorks,diagnostic.sml,285,Leo,65,65,353896.00,4479.50,81920,10,true,true,OK,accept,true
sml,MLWorks,diagnostic.sml,285,GLL,65,65,594083.50,15333.50,98304,10,true,true,OK,accept,true
sml,MLWorks,diagnostic.sml,285,RNGLR,65,65,116479.00,2875.00,65536,10,true,true,OK,accept,true
sml,MLWorks,diagnostic.sml,285,BRNGLR,65,65,110916.50,7353.50,32768,10,true,true,OK,accept,true
sml,MLWorks,os_exit.sml,337,Leo,65,65,414458.50,9333.50,49152,10,true,true,OK,accept,true
sml,MLWorks,os_exit.sml,337,GLL,65,65,1073708.50,28000.00,1720320,10,true,true,OK,accept,true
sml,MLWorks,os_exit.sml,337,RNGLR,65,65,220459.00,3000.50,32768,10,true,true,OK,accept,true
sml,MLWorks,os_exit.sml,337,BRNGLR,65,65,180333.50,4104.50,32768,10,true,true,OK,accept,true
sml,MLWorks,__libml.sml,412,Leo,65,65,613917.00,18916.50,49152,10,true,true,OK,accept,true
sml,MLWorks,__libml.sml,412,GLL,65,65,673479.00,22645.00,114688,10,true,true,OK,accept,true
sml,MLWorks,__libml.sml,412,RNGLR,65,65,348875.50,19812.50,32768,10,true,true,OK,accept,true
sml,MLWorks,__libml.sml,412,BRNGLR,65,65,282854.50,4146.00,16384,10,true,true,OK,accept,true
sml,MLWorks,_symbol.sml,271,Leo,66,66,552771.00,5896.00,49152,10,true,true,OK,accept,true
sml,MLWorks,_symbol.sml,271,GLL,66,66,676916.50,6437.50,98304,10,true,true,OK,accept,true
sml,MLWorks,_symbol.sml,271,RNGLR,66,66,266875.00,3895.50,16384,10,true,true,OK,accept,true
sml,MLWorks,_symbol.sml,271,BRNGLR,66,66,230979.50,4375.50,32768,10,true,true,OK,accept,true
sml,MLWorks,_crash.sml,346,Leo,66,66,526229.50,15500.00,32768,10,true,true,OK,accept,true
sml,MLWorks,_crash.sml,346,GLL,66,66,543062.00,11979.00,98304,10,true,true,OK,accept,true
sml,MLWorks,_crash.sml,346,RNGLR,66,66,152271.00,3604.00,32768,10,true,true,OK,accept,true
sml,MLWorks,_crash.sml,346,BRNGLR,66,66,143645.50,3916.00,32768,10,true,true,OK,accept,true
sml,MLWorks,__evaluator.sml,515,Leo,66,66,402875.00,7833.50,32768,10,true,true,OK,accept,true
sml,MLWorks,__evaluator.sml,515,GLL,66,66,447166.50,7958.50,81920,10,true,true,OK,accept,true
sml,MLWorks,__evaluator.sml,515,RNGLR,66,66,177187.50,3375.00,65536,10,true,true,OK,accept,true
sml,MLWorks,__evaluator.sml,515,BRNGLR,66,66,152000.00,3583.50,49152,10,true,true,OK,accept,true
sml,MLWorks,__menus.sml,521,Leo,66,66,398437.50,5479.00,49152,10,true,true,OK,accept,true
sml,MLWorks,__menus.sml,521,GLL,66,66,449792.00,9333.00,114688,10,true,true,OK,accept,true
sml,MLWorks,__menus.sml,521,RNGLR,66,66,179541.50,3646.00,32768,10,true,true,OK,accept,true
sml,MLWorks,__menus.sml,521,BRNGLR,66,66,151687.50,5062.50,49152,10,true,true,OK,accept,true
sml,MLWorks,__tooldata.sml,542,Leo,66,66,413937.50,18833.50,49152,10,true,true,OK,accept,true
sml,MLWorks,__tooldata.sml,542,GLL,66,66,458250.00,20770.50,114688,10,true,true,OK,accept,true
sml,MLWorks,__tooldata.sml,542,RNGLR,66,66,180895.50,4166.00,16384,10,true,true,OK,accept,true
sml,MLWorks,__tooldata.sml,542,BRNGLR,66,66,150042.00,2625.00,49152,10,true,true,OK,accept,true
sml,MLWorks,__control_unify.sml,546,Leo,66,66,402520.50,10125.00,49152,10,true,true,OK,accept,true
sml,MLWorks,__control_unify.sml,546,GLL,66,66,466687.50,22854.00,81920,10,true,true,OK,accept,true
sml,MLWorks,__control_unify.sml,546,RNGLR,66,66,180229.00,4375.00,32768,10,true,true,OK,accept,true
sml,MLWorks,__control_unify.sml,546,BRNGLR,66,66,151562.50,4250.00,32768,10,true,true,OK,accept,true
sml,MLWorks,__entry.sml,576,Leo,66,66,408500.50,12813.00,32768,10,true,true,OK,accept,true
sml,MLWorks,__entry.sml,576,GLL,66,66,475438.00,21854.50,114688,10,true,true,OK,accept,true
sml,MLWorks,__entry.sml,576,RNGLR,66,66,183437.50,6687.50,16384,10,true,true,OK,accept,true
sml,MLWorks,__entry.sml,576,BRNGLR,66,66,154687.00,5125.00,32768,10,true,true,OK,accept,true
sml,MLWorks,__inspector.sml,623,Leo,66,66,445458.50,36666.50,32768,10,true,true,OK,accept,true
sml,MLWorks,__inspector.sml,623,GLL,66,66,455458.50,12375.00,114688,10,true,true,OK,accept,true
sml,MLWorks,__inspector.sml,623,RNGLR,66,66,178312.50,2792.00,32768,10,true,true,OK,accept,true
sml,MLWorks,__inspector.sml,623,BRNGLR,66,66,151916.50,4687.00,49152,10,true,true,OK,accept,true
sml,MLWorks,binary.sml,365,Leo,67,67,466646.00,12250.00,81920,10,true,true,OK,accept,true
sml,MLWorks,binary.sml,365,GLL,67,67,868479.50,14666.50,114688,10,true,true,OK,accept,true
sml,MLWorks,binary.sml,365,RNGLR,67,67,172270.50,3146.00,32768,10,true,true,OK,accept,true
sml,MLWorks,binary.sml,365,BRNGLR,67,67,143521.00,4250.00,16384,10,true,true,OK,accept,true
sml,MLWorks,__os_exit.sml,303,Leo,68,68,584021.00,23812.50,49152,10,true,true,OK,accept,true
sml,MLWorks,__os_exit.sml,303,GLL,68,68,710958.50,23687.50,114688,10,true,true,OK,accept,true
sml,MLWorks,__os_exit.sml,303,RNGLR,68,68,376812.50,2979.50,16384,10,true,true,OK,accept,true
sml,MLWorks,__os_exit.sml,303,BRNGLR,68,68,311750.50,3833.50,32768,10,true,true,OK,accept,true
sml,MLWorks,interprint.sml,385,Leo,68,68,457604.00,13729.00,65536,10,true,true,OK,accept,true
sml,MLWorks,interprint.sml,385,GLL,68,68,561104.00,6666.50,114688,10,true,true,OK,accept,true
sml,MLWorks,interprint.sml,385,RNGLR,68,68,135083.00,3208.50,16384,10,true,true,OK,accept,true
sml,MLWorks,interprint.sml,385,BRNGLR,68,68,127437.50,4521.00,16384,10,true,true,OK,accept,true
sml,MLWorks,__match.sml,524,Leo,68,68,409646.00,7958.50,65536,10,true,true,OK,accept,true
sml,MLWorks,__match.sml,524,GLL,68,68,477104.00,27042.00,114688,10,true,true,OK,accept,true
sml,MLWorks,__match.sml,524,RNGLR,68,68,182791.50,4916.50,49152,10,true,true,OK,accept,true
sml,MLWorks,__match.sml,524,BRNGLR,68,68,154458.50,4812.50,32768,10,true,true,OK,accept,true
sml,MLWorks,mutablemonoset.sml,276,Leo,69,69,451646.00,5937.50,65536,10,true,true,OK,accept,true
sml,MLWorks,mutablemonoset.sml,276,GLL,69,69,930895.50,9708.00,114688,10,true,true,OK,accept,true
sml,MLWorks,mutablemonoset.sml,276,RNGLR,69,69,179250.00,2229.00,16384,10,true,true,OK,accept,true
sml,MLWorks,mutablemonoset.sml,276,BRNGLR,69,69,160021.00,6145.50,16384,10,true,true,OK,accept,true
sml,MLWorks,sharetypes.sml,434,Leo,69,69,479292.00,9791.00,65536,10,true,true,OK,accept,true
sml,MLWorks,sharetypes.sml,434,GLL,69,69,648333.00,19250.00,131072,10,true,true,OK,accept,true
sml,MLWorks,sharetypes.sml,434,RNGLR,69,69,166458.50,7583.50,16384,10,true,true,OK,accept,true
sml,MLWorks,sharetypes.sml,434,BRNGLR,69,69,155770.50,6583.00,32768,10,true,true,OK,accept,true
sml,MLWorks,os_file_sys_is_dir.sml,235,Leo,70,70,902583.50,17666.50,81920,10,true,true,OK,accept,true
sml,MLWorks,os_file_sys_is_dir.sml,235,GLL,70,70,992625.00,15041.50,147456,10,true,true,OK,accept,true
sml,MLWorks,os_file_sys_is_dir.sml,235,RNGLR,70,70,559250.00,4999.50,32768,10,true,true,OK,accept,true
sml,MLWorks,os_file_sys_is_dir.sml,235,BRNGLR,70,70,453729.00,3020.50,32768,10,true,true,OK,accept,true
sml,MLWorks,__registerpack.sml,574,Leo,72,72,452520.50,7770.50,65536,10,true,true,OK,accept,true
sml,MLWorks,__registerpack.sml,574,GLL,72,72,532916.50,21750.00,114688,10,true,true,OK,accept,true
sml,MLWorks,__registerpack.sml,574,RNGLR,72,72,193479.00,3312.00,32768,10,true,true,OK,accept,true
sml,MLWorks,__registerpack.sml,574,BRNGLR,72,72,166292.00,4042.00,49152,10,true,true,OK,accept,true
sml,MLWorks,regexp.sml,359,Leo,73,73,414958.00,7666.00,98304,10,true,true,OK,accept,true
sml,MLWorks,regexp.sml,359,GLL,73,73,944541.50,6520.50,1835008,10,true,true,OK,accept,true
sml,MLWorks,regexp.sml,359,RNGLR,73,73,194354.50,4770.50,16384,10,true,true,OK,accept,true
sml,MLWorks,regexp.sml,359,BRNGLR,73,73,161479.00,3604.00,32768,10,true,true,OK,accept,true
sml,MLWorks,io_functors.sml,390,Leo,73,73,1494771.00,521812.50,49152,10,true,true,OK,accept,true
sml,MLWorks,io_functors.sml,390,GLL,73,73,714479.50,6687.50,98304,10,true,true,OK,accept,true
sml,MLWorks,io_functors.sml,390,RNGLR,73,73,281291.50,2688.00,32768,10,true,true,OK,accept,true
sml,MLWorks,io_functors.sml,390,BRNGLR,73,73,241021.00,3271.00,16384,10,true,true,OK,accept,true
sml,MLWorks,custom.sml,396,Leo,73,73,465729.00,12146.00,81920,10,true,true,OK,accept,true
sml,MLWorks,custom.sml,396,GLL,73,73,957896.00,15896.00,114688,10,true,true,OK,accept,true
sml,MLWorks,custom.sml,396,RNGLR,73,73,194021.00,2208.50,49152,10,true,true,OK,accept,true
sml,MLWorks,custom.sml,396,BRNGLR,73,73,168563.00,5938.50,32768,10,true,true,OK,accept,true
sml,MLWorks,__scheme.sml,533,Leo,73,73,438583.50,5791.50,49152,10,true,true,OK,accept,true
sml,MLWorks,__scheme.sml,533,GLL,73,73,512250.00,7541.50,114688,10,true,true,OK,accept,true
sml,MLWorks,__scheme.sml,533,RNGLR,73,73,213521.00,4250.50,32768,10,true,true,OK,accept,true
sml,MLWorks,__scheme.sml,533,BRNGLR,73,73,174729.50,2938.00,49152,10,true,true,OK,accept,true
sml,MLWorks,__profile_tool.sml,582,Leo,73,73,447916.00,12521.00,81920,10,true,true,OK,accept,true
sml,MLWorks,__profile_tool.sml,582,GLL,73,73,530895.50,25875.00,114688,10,true,true,OK,accept,true
sml,MLWorks,__profile_tool.sml,582,RNGLR,73,73,216917.00,4979.50,16384,10,true,true,OK,accept,true
sml,MLWorks,__profile_tool.sml,582,BRNGLR,73,73,175791.50,3500.00,49152,10,true,true,OK,accept,true
sml,MLWorks,__primitives.sml,590,Leo,73,73,442833.50,8208.50,49152,10,true,true,OK,accept,true
sml,MLWorks,__primitives.sml,590,GLL,73,73,511520.50,3667.00,81920,10,true,true,OK,accept,true
sml,MLWorks,__primitives.sml,590,RNGLR,73,73,213896.00,4146.00,32768,10,true,true,OK,accept,true
sml,MLWorks,__primitives.sml,590,BRNGLR,73,73,179854.50,6209.00,49152,10,true,true,OK,accept,true
sml,MLWorks,separate6.sml,314,Leo,74,74,496917.00,5584.00,65536,10,true,true,OK,accept,true
sml,MLWorks,separate6.sml,314,GLL,74,74,251458.50,4229.00,114688,10,true,true,OK,accept,true
sml,MLWorks,separate6.sml,314,RNGLR,74,74,75250.00,1375.00,32768,10,true,true,OK,accept,true
sml,MLWorks,separate6.sml,314,BRNGLR,74,74,74958.00,1167.00,16384,10,true,true,OK,accept,true
sml,MLWorks,library.sml,477,Leo,74,74,467104.50,19396.50,49152,10,true,true,OK,accept,true
sml,MLWorks,library.sml,477,GLL,74,74,558354.00,10729.50,131072,10,true,true,OK,accept,true
sml,MLWorks,library.sml,477,RNGLR,74,74,120167.00,2082.50,32768,10,true,true,OK,accept,true
sml,MLWorks,library.sml,477,BRNGLR,74,74,110833.00,4229.00,32768,10,true,true,OK,accept,true
sml,MLWorks,_capitypes.sml,355,Leo,75,75,524125.00,12125.00,49152,10,true,true,OK,accept,true
sml,MLWorks,_capitypes.sml,355,GLL,75,75,534459.00,28021.50,147456,10,true,true,OK,accept,true
sml,MLWorks,_capitypes.sml,355,RNGLR,75,75,139104.50,4479.50,32768,10,true,true,OK,accept,true
sml,MLWorks,_capitypes.sml,355,BRNGLR,75,75,128062.50,3937.50,32768,10,true,true,OK,accept,true
sml,MLWorks,realise.sml,391,Leo,75,75,419375.00,8750.00,65536,10,true,true,OK,accept,true
sml,MLWorks,realise.sml,391,GLL,75,75,532396.00,6104.50,98304,10,true,true,OK,accept,true
sml,MLWorks,realise.sml,391,RNGLR,75,75,128854.50,5479.00,49152,10,true,true,OK,accept,true
sml,MLWorks,realise.sml,391,BRNGLR,75,75,128021.00,3728.50,16384,10,true,true,OK,accept,true
sml,MLWorks,__proj_file.sml,561,Leo,75,75,470563.00,26479.50,81920,10,true,true,OK,accept,true
sml,MLWorks,__proj_file.sml,561,GLL,75,75,530374.50,25042.00,131072,10,true,true,OK,accept,true
sml,MLWorks,__proj_file.sml,561,RNGLR,75,75,197145.50,3750.50,16384,10,true,true,OK,accept,true
sml,MLWorks,__proj_file.sml,561,BRNGLR,75,75,163042.00,4354.00,16384,10,true,true,OK,accept,true
sml,MLWorks,__library.sml,586,Leo,75,75,451062.50,9937.50,49152,10,true,true,OK,accept,true
sml,MLWorks,__library.sml,586,GLL,75,75,521333.00,13354.50,114688,10,true,true,OK,accept,true
sml,MLWorks,__library.sml,586,RNGLR,75,75,193125.00,4208.00,32768,10,true,true,OK,accept,true
sml,MLWorks,__library.sml,586,BRNGLR,75,75,161020.50,3854.00,65536,10,true,true,OK,accept,true
sml,MLWorks,__mirvariable.sml,619,Leo,75,75,457833.00,11958.00,65536,10,true,true,OK,accept,true
sml,MLWorks,__mirvariable.sml,619,GLL,75,75,540271.00,27874.50,114688,10,true,true,OK,accept,true
sml,MLWorks,__mirvariable.sml,619,RNGLR,75,75,190541.50,3229.00,49152,10,true,true,OK,accept,true
sml,MLWorks,__mirvariable.sml,619,BRNGLR,75,75,166875.00,9313.00,32768,10,true,true,OK,accept,true
sml,MLWorks,type_debugger.sml,353,Leo,76,76,413521.00,29417.00,49152,10,true,true,OK,accept,true
sml,MLWorks,type_debugger.sml,353,GLL,76,76,506021.00,11813.00,98304,10,true,true,OK,accept,true
sml,MLWorks,type_debugger.sml,353,RNGLR,76,76,111542.00,2270.50,32768,10,true,true,OK,accept,true
sml,MLWorks,type_debugger.sml,353,BRNGLR,76,76,107916.50,3270.50,32768,10,true,true,OK,accept,true
sml,MLWorks,editor.sml,361,Leo,76,76,430500.50,7854.50,49152,10,true,true,OK,accept,true
sml,MLWorks,editor.sml,361,GLL,76,76,686541.50,22895.50,98304,10,true,true,OK,accept,true
sml,MLWorks,editor.sml,361,RNGLR,76,76,135479.50,2458.50,16384,10,true,true,OK,accept,true
sml,MLWorks,editor.sml,361,BRNGLR,76,76,131750.00,3937.50,32768,10,true,true,OK,accept,true
sml,MLWorks,primitives.sml,515,Leo,76,76,379396.00,5791.50,65536,10,true,true,OK,accept,true
sml,MLWorks,primitives.sml,515,GLL,76,76,833021.00,13396.00,98304,10,true,true,OK,accept,true
sml,MLWorks,primitives.sml,515,RNGLR,76,76,167021.00,2062.50,16384,10,true,true,OK,accept,true
sml,MLWorks,primitives.sml,515,BRNGLR,76,76,145708.50,4541.50,32768,10,true,true,OK,accept,true
sml,MLWorks,scramble.sml,298,Leo,78,78,466875.50,23833.50,65536,10,true,true,OK,accept,true
sml,MLWorks,scramble.sml,298,GLL,78,78,775583.00,23332.50,147456,10,true,true,OK,accept,true
sml,MLWorks,scramble.sml,298,RNGLR,78,78,147917.00,2125.00,32768,10,true,true,OK,accept,true
sml,MLWorks,scramble.sml,298,BRNGLR,78,78,131312.50,2896.00,49152,10,true,true,OK,accept,true
sml,MLWorks,core.sml,502,Leo,78,78,492666.50,7083.00,65536,10,true,true,OK,accept,true
sml,MLWorks,core.sml,502,GLL,78,78,1285437.50,13041.50,1703936,10,true,true,OK,accept,true
sml,MLWorks,core.sml,502,RNGLR,78,78,287750.50,4438.00,32768,10,true,true,OK,accept,true
sml,MLWorks,core.sml,502,BRNGLR,78,78,235020.50,4062.00,16384,10,true,true,OK,accept,true
sml,MLWorks,vector_vector1.sml,178,Leo,79,79,651770.50,5812.50,65536,10,true,true,OK,accept,true
sml,MLWorks,vector_vector1.sml,178,GLL,79,79,566833.00,8208.00,98304,10,true,true,OK,accept,true
sml,MLWorks,vector_vector1.sml,178,RNGLR,79,79,147812.50,2104.00,16384,10,true,true,OK,accept,true
sml,MLWorks,vector_vector1.sml,178,BRNGLR,79,79,144521.00,2166.50,32768,10,true,true,OK,accept,true
sml,MLWorks,environprint.sml,497,Leo,79,79,517187.50,9083.50,81920,10,true,true,OK,accept,true
sml,MLWorks,environprint.sml,497,GLL,79,79,676583.50,11687.50,131072,10,true,true,OK,accept,true
sml,MLWorks,environprint.sml,497,RNGLR,79,79,146479.00,6562.00,16384,10,true,true,OK,accept,true
sml,MLWorks,environprint.sml,497,BRNGLR,79,79,131104.50,4124.50,32768,10,true,true,OK,accept,true
sml,MLWorks,getenv.sml,502,Leo,79,79,577375.00,11583.50,65536,10,true,true,OK,accept,true
sml,MLWorks,getenv.sml,502,GLL,79,79,1287521.00,14917.00,1785856,10,true,true,OK,accept,true
sml,MLWorks,getenv.sml,502,RNGLR,79,79,286937.50,3291.50,32768,10,true,true,OK,accept,true
sml,MLWorks,getenv.sml,502,BRNGLR,79,79,227854.00,2916.00,32768,10,true,true,OK,accept,true
sml,MLWorks,exn_name.sml,346,Leo,80,80,713520.50,15729.00,65536,10,true,true,OK,accept,true
sml,MLWorks,exn_name.sml,346,GLL,80,80,761312.50,17750.50,81920,10,true,true,OK,accept,true
sml,MLWorks,exn_name.sml,346,RNGLR,80,80,216146.00,2542.50,32768,10,true,true,OK,accept,true
sml,MLWorks,exn_name.sml,346,BRNGLR,80,80,195667.00,3145.50,32768,10,true,true,OK,accept,true
sml,MLWorks,__mlworks_exit.sml,421,Leo,80,80,852271.00,12562.50,65536,10,true,true,OK,accept,true
sml,MLWorks,__mlworks_exit.sml,421,GLL,80,80,834875.00,25354.00,131072,10,true,true,OK,accept,true
sml,MLWorks,__mlworks_exit.sml,421,RNGLR,80,80,462312.50,5749.50,32768,10,true,true,OK,accept,true
sml,MLWorks,__mlworks_exit.sml,421,BRNGLR,80,80,366438.00,3521.50,49152,10,true,true,OK,accept,true
sml,MLWorks,__environment.sml,578,Leo,80,80,487250.00,7083.50,32768,10,true,true,OK,accept,true
sml,MLWorks,__environment.sml,578,GLL,80,80,611354.50,16396.00,98304,10,true,true,OK,accept,true
sml,MLWorks,__environment.sml,578,RNGLR,80,80,251500.00,2958.00,16384,10,true,true,OK,accept,true
sml,MLWorks,__environment.sml,578,BRNGLR,80,80,203500.00,3104.00,49152,10,true,true,OK,accept,true
sml,MLWorks,__share.sml,689,Leo,80,80,482187.50,6520.50,65536,10,true,true,OK,accept,true
sml,MLWorks,__share.sml,689,GLL,80,80,583354.50,6229.00,49152,10,true,true,OK,accept,true
sml,MLWorks,__share.sml,689,RNGLR,80,80,249833.00,4853.50,16384,10,true,true,OK,accept,true
sml,MLWorks,__share.sml,689,BRNGLR,80,80,203562.50,4354.00,32768,10,true,true,OK,accept,true
sml,MLWorks,__newtrace.sml,725,Leo,80,80,484104.00,7604.00,49152,10,true,true,OK,accept,true
sml,MLWorks,__newtrace.sml,725,GLL,80,80,665812.50,65271.00,0,10,true,true,OK,accept,true
sml,MLWorks,__newtrace.sml,725,RNGLR,80,80,249313.00,2771.00,49152,10,true,true,OK,accept,true
sml,MLWorks,__newtrace.sml,725,BRNGLR,80,80,203521.00,4979.50,49152,10,true,true,OK,accept,true
sml,MLWorks,mlworks_c_pointer.sml,355,Leo,81,81,666729.00,26583.00,49152,10,true,true,OK,accept,true
sml,MLWorks,mlworks_c_pointer.sml,355,GLL,81,81,1145375.00,9666.00,1933312,10,true,true,OK,accept,true
sml,MLWorks,mlworks_c_pointer.sml,355,RNGLR,81,81,258958.50,4041.50,16384,10,true,true,OK,accept,true
sml,MLWorks,mlworks_c_pointer.sml,355,BRNGLR,81,81,212229.00,2041.00,32768,10,true,true,OK,accept,true
sml,MLWorks,__mlworks_dynamic_library.sml,486,Leo,81,81,714729.00,12812.50,32768,10,true,true,OK,accept,true
sml,MLWorks,__mlworks_dynamic_library.sml,486,GLL,81,81,686646.00,10958.50,49152,10,true,true,OK,accept,true
sml,MLWorks,__mlworks_dynamic_library.sml,486,RNGLR,81,81,343229.00,3896.00,16384,10,true,true,OK,accept,true
sml,MLWorks,__mlworks_dynamic_library.sml,486,BRNGLR,81,81,291562.50,2833.50,32768,10,true,true,OK,accept,true
sml,MLWorks,_counter.sml,283,Leo,82,82,705479.50,19729.50,49152,10,true,true,OK,accept,true
sml,MLWorks,_counter.sml,283,GLL,82,82,818416.50,7479.50,131072,10,true,true,OK,accept,true
sml,MLWorks,_counter.sml,283,RNGLR,82,82,340270.50,1624.50,16384,10,true,true,OK,accept,true
sml,MLWorks,_counter.sml,283,BRNGLR,82,82,301979.00,1770.50,16384,10,true,true,OK,accept,true
sml,MLWorks,save_image.sml,318,Leo,82,82,413812.50,7521.00,49152,10,true,true,OK,accept,true
sml,MLWorks,save_image.sml,318,GLL,82,82,741438.00,17145.50,81920,10,true,true,OK,accept,true
sml,MLWorks,save_image.sml,318,RNGLR,82,82,137854.00,2208.00,49152,10,true,true,OK,accept,true
sml,MLWorks,save_image.sml,318,BRNGLR,82,82,128520.50,3624.50,16384,10,true,true,OK,accept,true
sml,MLWorks,sexpr.sml,343,Leo,82,82,537854.00,12396.00,65536,10,true,true,OK,accept,true
sml,MLWorks,sexpr.sml,343,GLL,82,82,850479.00,15916.50,98304,10,true,true,OK,accept,true
sml,MLWorks,sexpr.sml,343,RNGLR,82,82,171208.50,3792.00,32768,10,true,true,OK,accept,true
sml,MLWorks,sexpr.sml,343,BRNGLR,82,82,159291.50,5542.00,32768,10,true,true,OK,accept,true
sml,MLWorks,ieeetest1.sml,369,Leo,83,83,911062.50,24750.00,65536,10,true,true,OK,accept,true
sml,MLWorks,ieeetest1.sml,369,GLL,83,83,1136208.00,21937.00,1130496,10,true,true,OK,accept,true
sml,MLWorks,ieeetest1.sml,369,RNGLR,83,83,893250.00,8062.50,32768,10,true,true,OK,accept,true
sml,MLWorks,ieeetest1.sml,369,BRNGLR,83,83,750270.50,4104.50,16384,10,true,true,OK,accept,true
sml,MLWorks,mips_schedule.sml,414,Leo,83,83,356604.00,6333.00,81920,10,true,true,OK,accept,true
sml,MLWorks,mips_schedule.sml,414,GLL,83,83,448124.50,12666.00,16384,10,true,true,OK,accept,true
sml,MLWorks,mips_schedule.sml,414,RNGLR,83,83,111333.50,979.00,32768,10,true,true,OK,accept,true
sml,MLWorks,mips_schedule.sml,414,BRNGLR,83,83,111917.00,2541.50,49152,10,true,true,OK,accept,true
sml,MLWorks,__bignum.sml,528,Leo,83,83,636250.50,19375.00,65536,10,true,true,OK,accept,true
sml,MLWorks,__bignum.sml,528,GLL,83,83,884063.00,22167.00,114688,10,true,true,OK,accept,true
sml,MLWorks,__bignum.sml,528,RNGLR,83,83,302646.00,2604.50,32768,10,true,true,OK,accept,true
sml,MLWorks,__bignum.sml,528,BRNGLR,83,83,264479.00,2396.00,65536,10,true,true,OK,accept,true
sml,MLWorks,machregisters.sml,326,Leo,84,84,547625.00,3542.00,81920,10,true,true,OK,accept,true
sml,MLWorks,machregisters.sml,326,GLL,84,84,2018667.00,12646.00,3293184,10,true,true,OK,accept,true
sml,MLWorks,machregisters.sml,326,RNGLR,84,84,560583.50,2708.50,16384,10,true,true,OK,accept,true
sml,MLWorks,machregisters.sml,326,BRNGLR,84,84,419166.50,8312.50,32768,10,true,true,OK,accept,true
sml,MLWorks,strenv.sml,468,Leo,84,84,572354.00,16875.00,65536,10,true,true,OK,accept,true
sml,MLWorks,strenv.sml,468,GLL,84,84,801291.50,32333.50,98304,10,true,true,OK,accept,true
sml,MLWorks,strenv.sml,468,RNGLR,84,84,190854.50,12937.50,65536,10,true,true,OK,accept,true
sml,MLWorks,strenv.sml,468,BRNGLR,84,84,147750.00,5541.50,32768,10,true,true,OK,accept,true
sml,MLWorks,bin_io.sml,480,Leo,84,84,467312.00,6395.50,65536,10,true,true,OK,accept,true
sml,MLWorks,bin_io.sml,480,GLL,84,84,828729.50,26834.00,98304,10,true,true,OK,accept,true
sml,MLWorks,bin_io.sml,480,RNGLR,84,84,154354.50,2167.00,32768,10,true,true,OK,accept,true
sml,MLWorks,bin_io.sml,480,BRNGLR,84,84,141791.00,6187.00,32768,10,true,true,OK,accept,true
sml,MLWorks,mir_cg.sml,550,Leo,84,84,615854.50,18063.00,32768,10,true,true,OK,accept,true
sml,MLWorks,mir_cg.sml,550,GLL,84,84,986687.50,20020.50,114688,10,true,true,OK,accept,true
sml,MLWorks,mir_cg.sml,550,RNGLR,84,84,205187.50,2792.00,32768,10,true,true,OK,accept,true
sml,MLWorks,mir_cg.sml,550,BRNGLR,84,84,183250.00,3520.50,49152,10,true,true,OK,accept,true
sml,MLWorks,bytearray_from_list.sml,266,Leo,86,86,987583.50,23875.00,81920,10,true,true,OK,accept,true
sml,MLWorks,bytearray_from_list.sml,266,GLL,86,86,823437.50,10583.50,81920,10,true,true,OK,accept,true
sml,MLWorks,bytearray_from_list.sml,266,RNGLR,86,86,251208.50,2041.50,32768,10,true,true,OK,accept,true
sml,MLWorks,bytearray_from_list.sml,266,BRNGLR,86,86,231479.00,6813.00,32768,10,true,true,OK,accept,true
sml,MLWorks,bytearray_arrayoflist.sml,268,Leo,86,86,983916.50,19437.00,65536,10,true,true,OK,accept,true
sml,MLWorks,bytearray_arrayoflist.sml,268,GLL,86,86,829062.50,21667.00,98304,10,true,true,OK,accept,true
sml,MLWorks,bytearray_arrayoflist.sml,268,RNGLR,86,86,252563.00,2459.00,32768,10,true,true,OK,accept,true
sml,MLWorks,bytearray_arrayoflist.sml,268,BRNGLR,86,86,222687.50,3271.00,32768,10,true,true,OK,accept,true
sml,MLWorks,_match_utils.sml,324,Leo,87,87,687624.50,23062.00,65536,10,true,true,OK,accept,true
sml,MLWorks,_match_utils.sml,324,GLL,87,87,639145.50,14937.50,114688,10,true,true,OK,accept,true
sml,MLWorks,_match_utils.sml,324,RNGLR,87,87,164188.00,3584.00,32768,10,true,true,OK,accept,true
sml,MLWorks,_match_utils.sml,324,BRNGLR,87,87,162895.50,7812.00,32768,10,true,true,OK,accept,true
sml,MLWorks,shell.sml,440,Leo,87,87,607146.00,10542.00,81920,10,true,true,OK,accept,true
sml,MLWorks,shell.sml,440,GLL,87,87,1025375.00,28646.50,1802240,10,true,true,OK,accept,true
sml,MLWorks,shell.sml,440,RNGLR,87,87,229437.50,2896.00,16384,10,true,true,OK,accept,true
sml,MLWorks,shell.sml,440,BRNGLR,87,87,205250.00,3104.00,49152,10,true,true,OK,accept,true
sml,MLWorks,__proj_properties.sml,709,Leo,87,87,542021.00,5917.00,49152,10,true,true,OK,accept,true
sml,MLWorks,__proj_properties.sml,709,GLL,87,87,607416.50,5208.00,114688,10,true,true,OK,accept,true
sml,MLWorks,__proj_properties.sml,709,RNGLR,87,87,293229.00,2958.00,49152,10,true,true,OK,accept,true
sml,MLWorks,__proj_properties.sml,709,BRNGLR,87,87,239896.00,6333.50,32768,10,true,true,OK,accept,true
sml,MLWorks,__context.sml,750,Leo,87,87,522500.00,5167.00,32768,10,true,true,OK,accept,true
sml,MLWorks,__context.sml,750,GLL,87,87,628083.50,16000.00,131072,10,true,true,OK,accept,true
sml,MLWorks,__context.sml,750,RNGLR,87,87,299187.50,2812.50,32768,10,true,true,OK,accept,true
sml,MLWorks,__context.sml,750,BRNGLR,87,87,239312.50,6583.50,16384,10,true,true,OK,accept,true
sml,MLWorks,__inspector_tool.sml,768,Leo,87,87,524666.50,5667.00,65536,10,true,true,OK,accept,true
sml,MLWorks,__inspector_tool.sml,768,GLL,87,87,611208.50,10187.50,49152,10,true,true,OK,accept,true
sml,MLWorks,__inspector_tool.sml,768,RNGLR,87,87,293895.50,2853.50,32768,10,true,true,OK,accept,true
sml,MLWorks,__inspector_tool.sml,768,BRNGLR,87,87,235791.50,1937.50,65536,10,true,true,OK,accept,true
sml,MLWorks,miroptimiser.sml,444,Leo,88,88,395791.50,15604.00,49152,10,true,true,OK,accept,true
sml,MLWorks,miroptimiser.sml,444,GLL,88,88,599500.00,20750.00,98304,10,true,true,OK,accept,true
sml,MLWorks,miroptimiser.sml,444,RNGLR,88,88,123104.00,2354.00,65536,10,true,true,OK,accept,true
sml,MLWorks,miroptimiser.sml,444,BRNGLR,88,88,120313.00,4708.50,49152,10,true,true,OK,accept,true
sml,MLWorks,stamp.sml,449,Leo,88,88,607812.50,17937.50,65536,10,true,true,OK,accept,true
sml,MLWorks,stamp.sml,449,GLL,88,88,1673396.00,14104.50,1769472,10,true,true,OK,accept,true
sml,MLWorks,stamp.sml,449,RNGLR,88,88,379312.50,3271.00,32768,10,true,true,OK,accept,true
sml,MLWorks,stamp.sml,449,BRNGLR,88,88,298396.50,3084.50,49152,10,true,true,OK,accept,true
sml,MLWorks,text_io_2.sml,357,Leo,89,89,907146.00,16292.00,49152,10,true,true,OK,accept,true
sml,MLWorks,text_io_2.sml,357,GLL,89,89,1092666.50,12333.00,1261568,10,true,true,OK,accept,true
sml,MLWorks,text_io_2.sml,357,RNGLR,89,89,511521.00,3354.50,49152,10,true,true,OK,accept,true
sml,MLWorks,text_io_2.sml,357,BRNGLR,89,89,445917.00,4125.50,49152,10,true,true,OK,accept,true
sml,MLWorks,c_structure.sml,573,Leo,89,89,650188.00,13041.50,49152,10,true,true,OK,accept,true
sml,MLWorks,c_structure.sml,573,GLL,89,89,1653479.50,19125.50,1736704,10,true,true,OK,accept,true
sml,MLWorks,c_structure.sml,573,RNGLR,89,89,387229.00,2229.00,49152,10,true,true,OK,accept,true
sml,MLWorks,c_structure.sml,573,BRNGLR,89,89,303291.50,3728.50,16384,10,true,true,OK,accept,true
sml,MLWorks,structure.sml,578,Leo,89,89,648646.00,17896.00,32768,10,true,true,OK,accept,true
sml,MLWorks,structure.sml,578,GLL,89,89,1631791.50,13687.50,1769472,10,true,true,OK,accept,true
sml,MLWorks,structure.sml,578,RNGLR,89,89,389396.00,2083.50,32768,10,true,true,OK,accept,true
sml,MLWorks,structure.sml,578,BRNGLR,89,89,304917.00,3646.00,32768,10,true,true,OK,accept,true
sml,MLWorks,__registerallocator.sml,732,Leo,89,89,533083.50,5562.50,49152,10,true,true,OK,accept,true
sml,MLWorks,__registerallocator.sml,732,GLL,89,89,603791.50,7771.00,147456,10,true,true,OK,accept,true
sml,MLWorks,__registerallocator.sml,732,RNGLR,89,89,262020.50,1958.00,65536,10,true,true,OK,accept,true
sml,MLWorks,__registerallocator.sml,732,BRNGLR,89,89,213916.50,2083.00,32768,10,true,true,OK,accept,true
sml,MLWorks,__lex_parse_interface.sml,368,Leo,90,90,780229.50,9396.00,65536,10,true,true,OK,accept,true
sml,MLWorks,__lex_parse_interface.sml,368,GLL,90,90,903646.00,11604.50,114688,10,true,true,OK,accept,true
sml,MLWorks,__lex_parse_interface.sml,368,RNGLR,90,90,427708.50,4063.00,49152,10,true,true,OK,accept,true
sml,MLWorks,__lex_parse_interface.sml,368,BRNGLR,90,90,363687.00,8375.00,32768,10,true,true,OK,accept,true
sml,MLWorks,__date_demo.sml,422,Leo,90,90,703083.50,8813.00,32768,10,true,true,OK,accept,true
sml,MLWorks,__date_demo.sml,422,GLL,90,90,672312.50,13937.00,98304,10,true,true,OK,accept,true
sml,MLWorks,__date_demo.sml,422,RNGLR,90,90,188270.50,2937.50,32768,10,true,true,OK,accept,true
sml,MLWorks,__date_demo.sml,422,BRNGLR,90,90,180312.50,3021.00,49152,10,true,true,OK,accept,true
sml,MLWorks,link_support.sml,441,Leo,90,90,378167.00,10479.00,49152,10,true,true,OK,accept,true
sml,MLWorks,link_support.sml,441,GLL,90,90,688708.50,5396.00,114688,10,true,true,OK,accept,true
sml,MLWorks,link_support.sml,441,RNGLR,90,90,141396.00,2666.50,32768,10,true,true,OK,accept,true
sml,MLWorks,link_support.sml,441,BRNGLR,90,90,129333.50,3479.50,32768,10,true,true,OK,accept,true
sml,MLWorks,pretty.sml,321,Leo,91,91,618646.00,7896.00,98304,10,true,true,OK,accept,true
sml,MLWorks,pretty.sml,321,GLL,91,91,1255937.00,17437.50,1785856,10,true,true,OK,accept,true
sml,MLWorks,pretty.sml,321,RNGLR,91,91,280708.50,2417.00,49152,10,true,true,OK,accept,true
sml,MLWorks,pretty.sml,321,BRNGLR,91,91,238500.00,2104.00,49152,10,true,true,OK,accept,true
sml,MLWorks,_os_process.sml,460,Leo,91,91,897292.00,15833.50,49152,10,true,true,OK,accept,true
sml,MLWorks,_os_process.sml,460,GLL,91,91,1079000.00,13125.00,1359872,10,true,true,OK,accept,true
sml,MLWorks,_os_process.sml,460,RNGLR,91,91,579124.50,3521.50,49152,10,true,true,OK,accept,true
sml,MLWorks,_os_process.sml,460,BRNGLR,91,91,465292.00,5583.00,32768,10,true,true,OK,accept,true
sml,MLWorks,win32os.sml,538,Leo,91,91,648187.50,10646.00,49152,10,true,true,OK,accept,true
sml,MLWorks,win32os.sml,538,GLL,91,91,1215020.50,24250.00,1818624,10,true,true,OK,accept,true
sml,MLWorks,win32os.sml,538,RNGLR,91,91,274166.50,3395.50,16384,10,true,true,OK,accept,true
sml,MLWorks,win32os.sml,538,BRNGLR,91,91,228021.00,2958.50,49152,10,true,true,OK,accept,true
sml,MLWorks,lambdaprint.sml,562,Leo,91,91,583625.50,2813.00,65536,10,true,true,OK,accept,true
sml,MLWorks,lambdaprint.sml,562,GLL,91,91,1020937.50,15333.50,1884160,10,true,true,OK,accept,true
sml,MLWorks,lambdaprint.sml,562,RNGLR,91,91,230333.00,8145.50,32768,10,true,true,OK,accept,true
sml,MLWorks,lambdaprint.sml,562,BRNGLR,91,91,186896.00,4437.50,32768,10,true,true,OK,accept,true
sml,MLWorks,__mlworks_c_resource.sml,455,Leo,92,92,649896.00,15791.50,65536,10,true,true,OK,accept,true
sml,MLWorks,__mlworks_c_resource.sml,455,GLL,92,92,657333.00,6729.00,147456,10,true,true,OK,accept,true
sml,MLWorks,__mlworks_c_resource.sml,455,RNGLR,92,92,167854.00,2041.50,32768,10,true,true,OK,accept,true
sml,MLWorks,__mlworks_c_resource.sml,455,BRNGLR,92,92,172291.50,8020.50,65536,10,true,true,OK,accept,true
sml,MLWorks,ieee_real.sml,588,Leo,92,92,615042.00,12958.50,81920,10,true,true,OK,accept,true
sml,MLWorks,ieee_real.sml,588,GLL,92,92,1570896.00,17750.00,1933312,10,true,true,OK,accept,true
sml,MLWorks,ieee_real.sml,588,RNGLR,92,92,392020.50,6645.00,16384,10,true,true,OK,accept,true
sml,MLWorks,ieee_real.sml,588,BRNGLR,92,92,295708.50,3333.50,49152,10,true,true,OK,accept,true
sml,MLWorks,error_browser.sml,453,Leo,93,93,379291.50,10187.50,65536,10,true,true,OK,accept,true
sml,MLWorks,error_browser.sml,453,GLL,93,93,908229.50,24749.50,81920,10,true,true,OK,accept,true
sml,MLWorks,error_browser.sml,453,RNGLR,93,93,161458.00,3437.50,16384,10,true,true,OK,accept,true
sml,MLWorks,error_browser.sml,453,BRNGLR,93,93,147166.50,3521.00,16384,10,true,true,OK,accept,true
sml,MLWorks,c_function.sml,570,Leo,93,93,643417.00,14125.00,49152,10,true,true,OK,accept,true
sml,MLWorks,c_function.sml,570,GLL,93,93,1566479.50,25062.50,1703936,10,true,true,OK,accept,true
sml,MLWorks,c_function.sml,570,RNGLR,93,93,331083.50,2416.50,49152,10,true,true,OK,accept,true
sml,MLWorks,c_function.sml,570,BRNGLR,93,93,263791.50,2875.00,16384,10,true,true,OK,accept,true
sml,MLWorks,__mir_utils.sml,721,Leo,93,93,567104.00,19729.50,65536,10,true,true,OK,accept,true
sml,MLWorks,__mir_utils.sml,721,GLL,93,93,667771.00,20916.50,98304,10,true,true,OK,accept,true
sml,MLWorks,__mir_utils.sml,721,RNGLR,93,93,310395.50,6208.00,32768,10,true,true,OK,accept,true
sml,MLWorks,__mir_utils.sml,721,BRNGLR,93,93,246333.00,2791.50,49152,10,true,true,OK,accept,true
sml,MLWorks,text_io_3.sml,422,Leo,94,94,1028270.50,22729.00,65536,10,true,true,OK,accept,true
sml,MLWorks,text_io_3.sml,422,GLL,94,94,1193229.50,18646.00,1245184,10,true,true,OK,accept,true
sml,MLWorks,text_io_3.sml,422,RNGLR,94,94,643208.00,5353.50,16384,10,true,true,OK,accept,true
sml,MLWorks,text_io_3.sml,422,BRNGLR,94,94,549978.50,6562.00,32768,10,true,true,OK,accept,true
sml,MLWorks,topdecprint.sml,492,Leo,94,94,581958.50,7166.50,81920,10,true,true,OK,accept,true
sml,MLWorks,topdecprint.sml,492,GLL,94,94,875625.00,15229.00,114688,10,true,true,OK,accept,true
sml,MLWorks,topdecprint.sml,492,RNGLR,94,94,176250.00,3896.00,49152,10,true,true,OK,accept,true
sml,MLWorks,topdecprint.sml,492,BRNGLR,94,94,163500.00,4729.50,49152,10,true,true,OK,accept,true
sml,MLWorks,__basis.sml,643,Leo,94,94,586000.00,9438.00,81920,10,true,true,OK,accept,true
sml,MLWorks,__basis.sml,643,GLL,94,94,695166.50,13166.50,98304,10,true,true,OK,accept,true
sml,MLWorks,__basis.sml,643,RNGLR,94,94,339937.50,5167.00,32768,10,true,true,OK,accept,true
sml,MLWorks,__basis.sml,643,BRNGLR,94,94,273250.00,2437.50,32768,10,true,true,OK,accept,true
sml,MLWorks,pack_word.sml,446,Leo,95,95,492666.50,3354.00,81920,10,true,true,OK,accept,true
sml,MLWorks,pack_word.sml,446,GLL,95,95,863708.50,14562.50,98304,10,true,true,OK,accept,true
sml,MLWorks,pack_word.sml,446,RNGLR,95,95,170979.00,3854.50,32768,10,true,true,OK,accept,true
sml,MLWorks,pack_word.sml,446,BRNGLR,95,95,150937.50,5375.00,32768,10,true,true,OK,accept,true
sml,MLWorks,__pack8_big.sml,474,Leo,95,95,1080083.00,45708.00,65536,10,true,true,OK,accept,true
sml,MLWorks,__pack8_big.sml,474,GLL,95,95,925563.00,19937.50,147456,10,true,true,OK,accept,true
sml,MLWorks,__pack8_big.sml,474,RNGLR,95,95,401812.00,25270.50,32768,10,true,true,OK,accept,true
sml,MLWorks,__pack8_big.sml,474,BRNGLR,95,95,322542.00,6520.50,32768,10,true,true,OK,accept,true
sml,MLWorks,__pack8_little.sml,478,Leo,95,95,1061125.50,19271.50,81920,10,true,true,OK,accept,true
sml,MLWorks,__pack8_little.sml,478,GLL,95,95,902959.00,12875.50,114688,10,true,true,OK,accept,true
sml,MLWorks,__pack8_little.sml,478,RNGLR,95,95,372291.50,3187.50,32768,10,true,true,OK,accept,true
sml,MLWorks,__pack8_little.sml,478,BRNGLR,95,95,319729.00,3396.00,49152,10,true,true,OK,accept,true
sml,MLWorks,__namesettypes.sml,593,Leo,95,95,663083.50,10833.50,65536,10,true,true,OK,accept,true
sml,MLWorks,__namesettypes.sml,593,GLL,95,95,694604.00,5874.50,65536,10,true,true,OK,accept,true
sml,MLWorks,__namesettypes.sml,593,RNGLR,95,95,237604.00,3520.50,32768,10,true,true,OK,accept,true
sml,MLWorks,__namesettypes.sml,593,BRNGLR,95,95,212000.00,3520.50,32768,10,true,true,OK,accept,true
sml,MLWorks,_unix_link_support.sml,618,Leo,95,95,750854.00,67749.50,32768,10,true,true,OK,accept,true
sml,MLWorks,_unix_link_support.sml,618,GLL,95,95,677583.50,14562.50,147456,10,true,true,OK,accept,true
sml,MLWorks,_unix_link_support.sml,618,RNGLR,95,95,255750.00,1500.00,49152,10,true,true,OK,accept,true
sml,MLWorks,_unix_link_support.sml,618,BRNGLR,95,95,219833.00,1500.00,49152,10,true,true,OK,accept,true
sml,MLWorks,mirtables.sml,364,Leo,97,97,386645.50,18687.50,32768,10,true,true,OK,accept,true
sml,MLWorks,mirtables.sml,364,GLL,97,97,475125.50,10042.50,114688,10,true,true,OK,accept,true
sml,MLWorks,mirtables.sml,364,RNGLR,97,97,109417.00,2396.00,49152,10,true,true,OK,accept,true
sml,MLWorks,mirtables.sml,364,BRNGLR,97,97,105812.50,2625.50,32768,10,true,true,OK,accept,true
sml,MLWorks,__terminal.sml,368,Leo,97,97,653145.50,10083.00,49152,10,true,true,OK,accept,true
sml,MLWorks,__terminal.sml,368,GLL,97,97,573854.00,10187.50,131072,10,true,true,OK,accept,true
sml,MLWorks,__terminal.sml,368,RNGLR,97,97,164708.50,5666.50,16384,10,true,true,OK,accept,true
sml,MLWorks,__terminal.sml,368,BRNGLR,97,97,163499.50,5958.00,32768,10,true,true,OK,accept,true
sml,MLWorks,bar_chart.sml,417,Leo,97,97,413437.50,13750.00,49152,10,true,true,OK,accept,true
sml,MLWorks,bar_chart.sml,417,GLL,97,97,631374.50,8667.00,65536,10,true,true,OK,accept,true
sml,MLWorks,bar_chart.sml,417,RNGLR,97,97,134041.50,3625.00,32768,10,true,true,OK,accept,true
sml,MLWorks,bar_chart.sml,417,BRNGLR,97,97,127583.50,3083.50,16384,10,true,true,OK,accept,true
sml,MLWorks,type_exp.sml,533,Leo,97,97,675188.00,10730.00,49152,10,true,true,OK,accept,true
sml,MLWorks,type_exp.sml,533,GLL,97,97,1457708.00,10645.00,1015808,10,true,true,OK,accept,true
sml,MLWorks,type_exp.sml,533,RNGLR,97,97,253458.50,2479.50,16384,10,true,true,OK,accept,true
sml,MLWorks,type_exp.sml,533,BRNGLR,97,97,210062.50,8771.00,49152,10,true,true,OK,accept,true
sml,MLWorks,os_file_sys_access.sml,306,Leo,98,98,1253479.00,14375.00,1802240,10,true,true,OK,accept,true
sml,MLWorks,os_file_sys_access.sml,306,GLL,98,98,1227104.00,19520.50,1130496,10,true,true,OK,accept,true
sml,MLWorks,os_file_sys_access.sml,306,RNGLR,98,98,610145.50,12249.50,32768,10,true,true,OK,accept,true
sml,MLWorks,os_file_sys_access.sml,306,BRNGLR,98,98,526438.00,8103.50,16384,10,true,true,OK,accept,true
sml,MLWorks,fd.sml,398,Leo,98,98,1313041.50,17770.50,1490944,10,true,true,OK,accept,true
sml,MLWorks,fd.sml,398,GLL,98,98,2260416.50,8000.00,2293760,10,true,true,OK,accept,true
sml,MLWorks,fd.sml,398,RNGLR,98,98,3110854.50,6916.50,540672,10,true,true,OK,accept,true
sml,MLWorks,fd.sml,398,BRNGLR,98,98,2252729.50,7249.50,442368,10,true,true,OK,accept,true
sml,MLWorks,location.sml,420,Leo,98,98,546166.50,14562.50,65536,10,true,true,OK,accept,true
sml,MLWorks,location.sml,420,GLL,98,98,1053083.50,5229.50,1425408,10,true,true,OK,accept,true
sml,MLWorks,location.sml,420,RNGLR,98,98,226167.00,3021.00,65536,10,true,true,OK,accept,true
sml,MLWorks,location.sml,420,BRNGLR,98,98,193708.50,3333.50,16384,10,true,true,OK,accept,true
sml,MLWorks,_win32.sml,531,Leo,98,98,817520.50,12875.00,32768,10,true,true,OK,accept,true
sml,MLWorks,_win32.sml,531,GLL,98,98,887167.00,14167.00,98304,10,true,true,OK,accept,true
sml,MLWorks,_win32.sml,531,RNGLR,98,98,503854.50,13250.50,16384,10,true,true,OK,accept,true
sml,MLWorks,_win32.sml,531,BRNGLR,98,98,412166.50,6437.50,49152,10,true,true,OK,accept,true
sml,MLWorks,inbuffer.sml,538,Leo,98,98,651416.50,6333.50,65536,10,true,true,OK,accept,true
sml,MLWorks,inbuffer.sml,538,GLL,98,98,1956104.00,8478.50,2129920,10,true,true,OK,accept,true
sml,MLWorks,inbuffer.sml,538,RNGLR,98,98,511042.00,5063.00,16384,10,true,true,OK,accept,true
sml,MLWorks,inbuffer.sml,538,BRNGLR,98,98,384542.00,4937.50,49152,10,true,true,OK,accept,true
sml,MLWorks,enc_sub.sml,581,Leo,98,98,670104.00,21708.00,49152,10,true,true,OK,accept,true
sml,MLWorks,enc_sub.sml,581,GLL,98,98,1261896.00,141271.00,1425408,10,true,true,OK,accept,true
sml,MLWorks,enc_sub.sml,581,RNGLR,98,98,252562.50,2437.50,49152,10,true,true,OK,accept,true
sml,MLWorks,enc_sub.sml,581,BRNGLR,98,98,208604.50,3750.00,49152,10,true,true,OK,accept,true
sml,MLWorks,recursive_function.sml,221,Leo,99,99,968375.00,10104.50,49152,10,true,true,OK,accept,true
sml,MLWorks,recursive_function.sml,221,GLL,99,99,1066958.50,12958.00,1540096,10,true,true,OK,accept,true
sml,MLWorks,recursive_function.sml,221,RNGLR,99,99,461417.00,5062.50,32768,10,true,true,OK,accept,true
sml,MLWorks,recursive_function.sml,221,BRNGLR,99,99,401313.00,4229.50,32768,10,true,true,OK,accept,true
sml,MLWorks,curried_function.sml,237,Leo,99,99,1534771.00,24708.50,1196032,10,true,true,OK,accept,true
sml,MLWorks,curried_function.sml,237,GLL,99,99,2296333.00,25937.00,3489792,10,true,true,OK,accept,true
sml,MLWorks,curried_function.sml,237,RNGLR,99,99,1975499.50,6187.00,655360,10,true,true,OK,accept,true
sml,MLWorks,curried_function.sml,237,BRNGLR,99,99,1482291.50,2750.50,1228800,10,true,true,OK,accept,true
sml,MLWorks,bytearray_map_index.sml,275,Leo,99,99,938833.50,17479.50,65536,10,true,true,OK,accept,true
sml,MLWorks,bytearray_map_index.sml,275,GLL,99,99,652791.50,13375.00,114688,10,true,true,OK,accept,true
sml,MLWorks,bytearray_map_index.sml,275,RNGLR,99,99,185874.50,2333.50,32768,10,true,true,OK,accept,true
sml,MLWorks,bytearray_map_index.sml,275,BRNGLR,99,99,175437.50,4042.00,32768,10,true,true,OK,accept,true
sml,MLWorks,__text_prim_io.sml,463,Leo,99,99,636729.00,21354.00,49152,10,true,true,OK,accept,true
sml,MLWorks,__text_prim_io.sml,463,GLL,99,99,608687.50,7042.00,147456,10,true,true,OK,accept,true
sml,MLWorks,__text_prim_io.sml,463,RNGLR,99,99,182896.00,2104.00,32768,10,true,true,OK,accept,true
sml,MLWorks,__text_prim_io.sml,463,BRNGLR,99,99,294708.00,110979.00,0,10,true,true,OK,accept,true
sml,MLWorks,registercolourer.sml,475,Leo,99,99,669979.00,15833.00,98304,10,true,true,OK,accept,true
sml,MLWorks,registercolourer.sml,475,GLL,99,99,935916.50,19708.00,114688,10,true,true,OK,accept,true
sml,MLWorks,registercolourer.sml,475,RNGLR,99,99,203375.00,3854.00,32768,10,true,true,OK,accept,true
sml,MLWorks,registercolourer.sml,475,BRNGLR,99,99,183208.00,3021.00,49152,10,true,true,OK,accept,true
sml,MLWorks,i386_schedule.sml,506,Leo,99,99,445416.50,6229.00,65536,10,true,true,OK,accept,true
sml,MLWorks,i386_schedule.sml,506,GLL,99,99,612771.00,12125.50,114688,10,true,true,OK,accept,true
sml,MLWorks,i386_schedule.sml,506,RNGLR,99,99,146041.50,4208.00,16384,10,true,true,OK,accept,true
sml,MLWorks,i386_schedule.sml,506,BRNGLR,99,99,144896.00,5417.00,32768,10,true,true,OK,accept,true
sml,MLWorks,__batch.sml,627,Leo,99,99,664562.50,4645.50,49152,10,true,true,OK,accept,true
sml,MLWorks,__batch.sml,627,GLL,99,99,680708.50,32625.00,98304,10,true,true,OK,accept,true
sml,MLWorks,__batch.sml,627,RNGLR,99,99,228021.00,2479.00,32768,10,true,true,OK,accept,true
sml,MLWorks,__batch.sml,627,BRNGLR,99,99,210041.50,8374.50,49152,10,true,true,OK,accept,true
sml,MLWorks,bytearray_find_default.sml,330,Leo,100,100,1162104.00,43375.50,65536,10,true,true,OK,accept,true
sml,MLWorks,bytearray_find_default.sml,330,GLL,100,100,820979.50,6792.00,65536,10,true,true,OK,accept,true
sml,MLWorks,bytearray_find_default.sml,330,RNGLR,100,100,270833.50,4041.50,49152,10,true,true,OK,accept,true
sml,MLWorks,bytearray_find_default.sml,330,BRNGLR,100,100,245146.50,3437.50,32768,10,true,true,OK,accept,true
sml,MLWorks,array_find_default.sml,342,Leo,100,100,1090771.00,11104.50,81920,10,true,true,OK,accept,true
sml,MLWorks,array_find_default.sml,342,GLL,100,100,847417.00,10083.50,131072,10,true,true,OK,accept,true
sml,MLWorks,array_find_default.sml,342,RNGLR,100,100,266916.50,2458.00,16384,10,true,true,OK,accept,true
sml,MLWorks,array_find_default.sml,342,BRNGLR,100,100,252979.50,11187.50,65536,10,true,true,OK,accept,true
sml,MLWorks,mips_opcodes.sml,490,Leo,100,100,701270.50,6270.50,49152,10,true,true,OK,accept,true
sml,MLWorks,mips_opcodes.sml,490,GLL,100,100,933312.50,13520.50,131072,10,true,true,OK,accept,true
sml,MLWorks,mips_opcodes.sml,490,RNGLR,100,100,220312.50,2375.00,16384,10,true,true,OK,accept,true
sml,MLWorks,mips_opcodes.sml,490,BRNGLR,100,100,206437.50,4562.50,49152,10,true,true,OK,accept,true
sml,MLWorks,control_unify.sml,515,Leo,100,100,433854.00,10917.00,49152,10,true,true,OK,accept,true
sml,MLWorks,control_unify.sml,515,GLL,100,100,559374.50,22207.50,131072,10,true,true,OK,accept,true
sml,MLWorks,control_unify.sml,515,RNGLR,100,100,130896.00,4354.00,49152,10,true,true,OK,accept,true
sml,MLWorks,control_unify.sml,515,BRNGLR,100,100,127021.00,4375.50,49152,10,true,true,OK,accept,true
sml,MLWorks,__lambdaoptimiser.sml,858,Leo,101,101,616896.00,8604.00,65536,10,true,true,OK,accept,true
sml,MLWorks,__lambdaoptimiser.sml,858,GLL,101,101,747354.00,13750.00,98304,10,true,true,OK,accept,true
sml,MLWorks,__lambdaoptimiser.sml,858,RNGLR,101,101,399146.00,2687.50,65536,10,true,true,OK,accept,true
sml,MLWorks,__lambdaoptimiser.sml,858,BRNGLR,101,101,320771.00,2771.00,32768,10,true,true,OK,accept,true
sml,MLWorks,__browser_tool.sml,865,Leo,101,101,613125.50,1542.00,81920,10,true,true,OK,accept,true
sml,MLWorks,__browser_tool.sml,865,GLL,101,101,750104.50,18708.50,147456,10,true,true,OK,accept,true
sml,MLWorks,__browser_tool.sml,865,RNGLR,101,101,403125.50,6667.00,32768,10,true,true,OK,accept,true
sml,MLWorks,__browser_tool.sml,865,BRNGLR,101,101,327770.50,7999.50,32768,10,true,true,OK,accept,true
sml,MLWorks,__gui_utils.sml,871,Leo,101,101,636125.00,18500.00,49152,10,true,true,OK,accept,true
sml,MLWorks,__gui_utils.sml,871,GLL,101,101,743021.00,15500.00,131072,10,true,true,OK,accept,true
sml,MLWorks,__gui_utils.sml,871,RNGLR,101,101,400167.00,2729.50,16384,10,true,true,OK,accept,true
sml,MLWorks,__gui_utils.sml,871,BRNGLR,101,101,322083.50,3854.50,32768,10,true,true,OK,accept,true
sml,MLWorks,bytearray_iterate.sml,253,Leo,102,102,1278708.50,17146.00,1785856,10,true,true,OK,accept,true
sml,MLWorks,bytearray_iterate.sml,253,GLL,102,102,903458.50,12854.50,98304,10,true,true,OK,accept,true
sml,MLWorks,bytearray_iterate.sml,253,RNGLR,102,102,295291.50,3500.00,32768,10,true,true,OK,accept,true
sml,MLWorks,bytearray_iterate.sml,253,BRNGLR,102,102,264333.50,3020.50,16384,10,true,true,OK,accept,true
sml,MLWorks,text_io.sml,371,Leo,102,102,770520.50,10812.50,81920,10,true,true,OK,accept,true
sml,MLWorks,text_io.sml,371,GLL,102,102,781604.50,11750.00,81920,10,true,true,OK,accept,true
sml,MLWorks,text_io.sml,371,RNGLR,102,102,368125.00,5166.50,32768,10,true,true,OK,accept,true
sml,MLWorks,text_io.sml,371,BRNGLR,102,102,331333.50,5021.50,16384,10,true,true,OK,accept,true
sml,MLWorks,lexrules.sml,484,Leo,102,102,641146.00,4479.00,32768,10,true,true,OK,accept,true
sml,MLWorks,lexrules.sml,484,GLL,102,102,1112041.50,12166.50,1523712,10,true,true,OK,accept,true
sml,MLWorks,lexrules.sml,484,RNGLR,102,102,257292.00,1500.50,49152,10,true,true,OK,accept,true
sml,MLWorks,lexrules.sml,484,BRNGLR,102,102,234583.00,7729.00,32768,10,true,true,OK,accept,true
sml,MLWorks,__foreign.sml,716,Leo,102,102,563625.00,13896.00,81920,10,true,true,OK,accept,true
sml,MLWorks,__foreign.sml,716,GLL,102,102,631396.00,5771.00,131072,10,true,true,OK,accept,true
sml,MLWorks,__foreign.sml,716,RNGLR,102,102,272917.00,2041.50,32768,10,true,true,OK,accept,true
sml,MLWorks,__foreign.sml,716,BRNGLR,102,102,225729.50,2437.50,65536,10,true,true,OK,accept,true
sml,MLWorks,separate3.sml,413,Leo,103,103,806875.00,15270.50,65536,10,true,true,OK,accept,true
sml,MLWorks,separate3.sml,413,GLL,103,103,574958.00,72895.50,49152,10,true,true,OK,accept,true
sml,MLWorks,separate3.sml,413,RNGLR,103,103,128833.50,2479.50,32768,10,true,true,OK,accept,true
sml,MLWorks,separate3.sml,413,BRNGLR,103,103,126833.50,1437.50,49152,10,true,true,OK,accept,true
sml,MLWorks,__intermake.sml,828,Leo,103,103,654917.00,27709.00,65536,10,true,true,OK,accept,true
sml,MLWorks,__intermake.sml,828,GLL,103,103,737958.50,9771.00,98304,10,true,true,OK,accept,true
sml,MLWorks,__intermake.sml,828,RNGLR,103,103,354083.50,3854.00,16384,10,true,true,OK,accept,true
sml,MLWorks,__intermake.sml,828,BRNGLR,103,103,301021.00,7604.50,16384,10,true,true,OK,accept,true
sml,MLWorks,lambdasub.sml,437,Leo,104,104,645271.00,17437.00,49152,10,true,true,OK,accept,true
sml,MLWorks,lambdasub.sml,437,GLL,104,104,803771.00,20938.00,147456,10,true,true,OK,accept,true
sml,MLWorks,lambdasub.sml,437,RNGLR,104,104,175729.00,2249.50,49152,10,true,true,OK,accept,true
sml,MLWorks,lambdasub.sml,437,BRNGLR,104,104,163270.50,3020.50,32768,10,true,true,OK,accept,true
sml,MLWorks,_i386_opcodes.sml,483,Leo,104,104,790083.00,13041.50,65536,10,true,true,OK,accept,true
sml,MLWorks,_i386_opcodes.sml,483,GLL,104,104,936062.50,33604.00,98304,10,true,true,OK,accept,true
sml,MLWorks,_i386_opcodes.sml,483,RNGLR,104,104,246479.00,1937.50,32768,10,true,true,OK,accept,true
sml,MLWorks,_i386_opcodes.sml,483,BRNGLR,104,104,225188.00,3521.50,16384,10,true,true,OK,accept,true
sml,MLWorks,separate1.sml,432,Leo,105,105,749416.50,11416.50,81920,10,true,true,OK,accept,true
sml,MLWorks,separate1.sml,432,GLL,105,105,481063.00,9625.50,131072,10,true,true,OK,accept,true
sml,MLWorks,separate1.sml,432,RNGLR,105,105,129854.00,2020.50,65536,10,true,true,OK,accept,true
sml,MLWorks,separate1.sml,432,BRNGLR,105,105,135042.00,2584.00,16384,10,true,true,OK,accept,true
sml,MLWorks,separate2.sml,432,Leo,105,105,762417.00,17646.00,65536,10,true,true,OK,accept,true
sml,MLWorks,separate2.sml,432,GLL,105,105,481708.50,11604.50,98304,10,true,true,OK,accept,true
sml,MLWorks,separate2.sml,432,RNGLR,105,105,133791.50,2416.50,32768,10,true,true,OK,accept,true
sml,MLWorks,separate2.sml,432,BRNGLR,105,105,134229.50,2166.50,49152,10,true,true,OK,accept,true
sml,MLWorks,execute.sml,505,Leo,105,105,1004937.50,31812.50,98304,10,true,true,OK,accept,true
sml,MLWorks,execute.sml,505,GLL,105,105,1025166.50,13145.50,98304,10,true,true,OK,accept,true
sml,MLWorks,execute.sml,505,RNGLR,105,105,710437.50,4104.50,49152,10,true,true,OK,accept,true
sml,MLWorks,execute.sml,505,BRNGLR,105,105,564542.00,13042.00,49152,10,true,true,OK,accept,true
sml,MLWorks,lisp.sml,372,Leo,106,106,572562.00,10978.50,98304,10,true,true,OK,accept,true
sml,MLWorks,lisp.sml,372,GLL,106,106,1028000.00,33021.00,1966080,10,true,true,OK,accept,true
sml,MLWorks,lisp.sml,372,RNGLR,106,106,194145.50,4146.00,16384,10,true,true,OK,accept,true
sml,MLWorks,lisp.sml,372,BRNGLR,106,106,173583.00,4667.00,16384,10,true,true,OK,accept,true
sml,MLWorks,debugger_utilities.sml,733,Leo,106,106,749604.00,16271.00,49152,10,true,true,OK,accept,true
sml,MLWorks,debugger_utilities.sml,733,GLL,106,106,1306562.00,15291.00,1867776,10,true,true,OK,accept,true
sml,MLWorks,debugger_utilities.sml,733,RNGLR,106,106,305208.00,4166.50,16384,10,true,true,OK,accept,true
sml,MLWorks,debugger_utilities.sml,733,BRNGLR,106,106,252458.50,4542.00,49152,10,true,true,OK,accept,true
sml,MLWorks,sparc_opcodes.sml,545,Leo,107,107,794312.00,23749.50,49152,10,true,true,OK,accept,true
sml,MLWorks,sparc_opcodes.sml,545,GLL,107,107,764687.50,18791.50,131072,10,true,true,OK,accept,true
sml,MLWorks,sparc_opcodes.sml,545,RNGLR,107,107,233187.50,5020.50,32768,10,true,true,OK,accept,true
sml,MLWorks,sparc_opcodes.sml,545,BRNGLR,107,107,219604.00,3312.50,16384,10,true,true,OK,accept,true
sml,MLWorks,mlworks_io.sml,759,Leo,107,107,888687.50,15875.00,49152,10,true,true,OK,accept,true
sml,MLWorks,mlworks_io.sml,759,GLL,107,107,2643271.00,16146.00,3440640,10,true,true,OK,accept,true
sml,MLWorks,mlworks_io.sml,759,RNGLR,107,107,796791.50,31208.00,32768,10,true,true,OK,accept,true
sml,MLWorks,mlworks_io.sml,759,BRNGLR,107,107,569312.50,5666.50,16384,10,true,true,OK,accept,true
sml,MLWorks,bytearray_find.sml,353,Leo,108,108,1099916.50,26853.50,65536,10,true,true,OK,accept,true
sml,MLWorks,bytearray_find.sml,353,GLL,108,108,878896.00,22291.50,114688,10,true,true,OK,accept,true
sml,MLWorks,bytearray_find.sml,353,RNGLR,108,108,287375.00,6833.00,32768,10,true,true,OK,accept,true
sml,MLWorks,bytearray_find.sml,353,BRNGLR,108,108,248146.00,2458.00,32768,10,true,true,OK,accept,true
sml,MLWorks,array_find.sml,369,Leo,108,108,1092208.50,21771.00,65536,10,true,true,OK,accept,true
sml,MLWorks,array_find.sml,369,GLL,108,108,872145.50,11874.50,114688,10,true,true,OK,accept,true
sml,MLWorks,array_find.sml,369,RNGLR,108,108,275938.00,2355.00,49152,10,true,true,OK,accept,true
sml,MLWorks,array_find.sml,369,BRNGLR,108,108,277687.50,20000.00,32768,10,true,true,OK,accept,true
sml,MLWorks,registerpack.sml,458,Leo,108,108,443104.50,12188.00,49152,10,true,true,OK,accept,true
sml,MLWorks,registerpack.sml,458,GLL,108,108,550875.00,12625.00,114688,10,true,true,OK,accept,true
sml,MLWorks,registerpack.sml,458,RNGLR,108,108,124625.00,2395.50,32768,10,true,true,OK,accept,true
sml,MLWorks,registerpack.sml,458,BRNGLR,108,108,117333.50,2875.50,32768,10,true,true,OK,accept,true
sml,MLWorks,__realise.sml,896,Leo,108,108,662833.50,8750.00,65536,10,true,true,OK,accept,true
sml,MLWorks,__realise.sml,896,GLL,108,108,819479.00,15812.00,98304,10,true,true,OK,accept,true
sml,MLWorks,__realise.sml,896,RNGLR,108,108,469250.00,2187.50,49152,10,true,true,OK,accept,true
sml,MLWorks,__realise.sml,896,BRNGLR,108,108,371500.00,4396.00,147456,10,true,true,OK,accept,true
sml,MLWorks,__debugger_window.sml,949,Leo,108,108,680208.50,12209.00,49152,10,true,true,OK,accept,true
sml,MLWorks,__debugger_window.sml,949,GLL,108,108,838812.50,10916.50,98304,10,true,true,OK,accept,true
sml,MLWorks,__debugger_window.sml,949,RNGLR,108,108,504458.50,13500.00,49152,10,true,true,OK,accept,true
sml,MLWorks,__debugger_window.sml,949,BRNGLR,108,108,372375.00,2312.50,16384,10,true,true,OK,accept,true
sml,MLWorks,__bin_prim_io.sml,507,Leo,109,109,651478.50,21478.50,49152,10,true,true,OK,accept,true
sml,MLWorks,__bin_prim_io.sml,507,GLL,109,109,674520.50,16187.50,114688,10,true,true,OK,accept,true
sml,MLWorks,__bin_prim_io.sml,507,RNGLR,109,109,192938.00,5730.00,49152,10,true,true,OK,accept,true
sml,MLWorks,__bin_prim_io.sml,507,BRNGLR,109,109,182500.00,3417.00,32768,10,true,true,OK,accept,true
sml,MLWorks,math.sml,433,Leo,110,110,856792.00,20938.00,49152,10,true,true,OK,accept,true
sml,MLWorks,math.sml,433,GLL,110,110,2590250.00,25645.50,3375104,10,true,true,OK,accept,true
sml,MLWorks,math.sml,433,RNGLR,110,110,757875.00,4395.50,32768,10,true,true,OK,accept,true
sml,MLWorks,math.sml,433,BRNGLR,110,110,565583.50,7479.50,16384,10,true,true,OK,accept,true
sml,MLWorks,debugger_options.sml,355,Leo,112,112,856770.50,3916.50,49152,10,true,true,OK,accept,true
sml,MLWorks,debugger_options.sml,355,GLL,112,112,647417.00,3771.00,81920,10,true,true,OK,accept,true
sml,MLWorks,debugger_options.sml,355,RNGLR,112,112,231812.50,2708.50,32768,10,true,true,OK,accept,true
sml,MLWorks,debugger_options.sml,355,BRNGLR,112,112,221625.00,6625.00,32768,10,true,true,OK,accept,true
sml,MLWorks,debugger_print.sml,505,Leo,112,112,498479.50,13459.00,49152,10,true,true,OK,accept,true
sml,MLWorks,debugger_print.sml,505,GLL,112,112,616187.00,17458.00,81920,10,true,true,OK,accept,true
sml,MLWorks,debugger_print.sml,505,RNGLR,112,112,165500.00,6395.50,16384,10,true,true,OK,accept,true
sml,MLWorks,debugger_print.sml,505,BRNGLR,112,112,439354.00,7146.00,16384,10,true,true,OK,accept,true
sml,MLWorks,mutex.sml,510,Leo,112,112,877562.50,15666.50,49152,10,true,true,OK,accept,true
sml,MLWorks,mutex.sml,510,GLL,112,112,1725167.00,22521.00,1785856,10,true,true,OK,accept,true
sml,MLWorks,mutex.sml,510,RNGLR,112,112,404145.50,5916.50,16384,10,true,true,OK,accept,true
sml,MLWorks,mutex.sml,510,BRNGLR,112,112,335708.50,7708.50,16384,10,true,true,OK,accept,true
sml,MLWorks,unix.sml,548,Leo,112,112,691833.50,9604.00,49152,10,true,true,OK,accept,true
sml,MLWorks,unix.sml,548,GLL,112,112,1942125.00,681375.00,1916928,10,true,true,OK,accept,true
sml,MLWorks,unix.sml,548,RNGLR,112,112,284604.00,4166.50,32768,10,true,true,OK,accept,true
sml,MLWorks,unix.sml,548,BRNGLR,112,112,240166.50,1708.50,32768,10,true,true,OK,accept,true
sml,MLWorks,general.sml,487,Leo,114,114,863750.50,13542.00,65536,10,true,true,OK,accept,true
sml,MLWorks,general.sml,487,GLL,114,114,3061000.50,21979.00,3227648,10,true,true,OK,accept,true
sml,MLWorks,general.sml,487,RNGLR,114,114,971146.00,4250.00,32768,10,true,true,OK,accept,true
sml,MLWorks,general.sml,487,BRNGLR,114,114,723667.00,5584.00,16384,10,true,true,OK,accept,true
sml,MLWorks,strnames.sml,667,Leo,114,114,834875.00,11354.00,65536,10,true,true,OK,accept,true
sml,MLWorks,strnames.sml,667,GLL,114,114,1088396.00,16167.00,1867776,10,true,true,OK,accept,true
sml,MLWorks,strnames.sml,667,RNGLR,114,114,250208.50,2604.00,32768,10,true,true,OK,accept,true
sml,MLWorks,strnames.sml,667,BRNGLR,114,114,225791.50,4895.50,32768,10,true,true,OK,accept,true
sml,MLWorks,__save_image.sml,947,Leo,115,115,722375.00,16917.00,65536,10,true,true,OK,accept,true
sml,MLWorks,__save_image.sml,947,GLL,115,115,950417.00,44812.50,114688,10,true,true,OK,accept,true
sml,MLWorks,__save_image.sml,947,RNGLR,115,115,544083.50,1813.00,16384,10,true,true,OK,accept,true
sml,MLWorks,__save_image.sml,947,BRNGLR,115,115,421625.00,2833.50,49152,10,true,true,OK,accept,true
sml,MLWorks,__patterns.sml,1049,Leo,115,115,723771.00,18458.50,32768,10,true,true,OK,accept,true
sml,MLWorks,__patterns.sml,1049,GLL,115,115,930833.50,22958.50,147456,10,true,true,OK,accept,true
sml,MLWorks,__patterns.sml,1049,RNGLR,115,115,553437.50,5250.00,32768,10,true,true,OK,accept,true
sml,MLWorks,__patterns.sml,1049,BRNGLR,115,115,421562.50,3104.50,49152,10,true,true,OK,accept,true
sml,MLWorks,sparc_schedule.sml,601,Leo,117,117,514021.00,8646.00,49152,10,true,true,OK,accept,true
sml,MLWorks,sparc_schedule.sml,601,GLL,117,117,664958.00,22854.00,147456,10,true,true,OK,accept,true
sml,MLWorks,sparc_schedule.sml,601,RNGLR,117,117,163854.00,2958.50,32768,10,true,true,OK,accept,true
sml,MLWorks,sparc_schedule.sml,601,BRNGLR,117,117,163771.00,2708.50,16384,10,true,true,OK,accept,true
sml,MLWorks,LRparser.sml,710,Leo,117,117,687375.00,17854.00,81920,10,true,true,OK,accept,true
sml,MLWorks,LRparser.sml,710,GLL,117,117,1562812.50,16020.50,1671168,10,true,true,OK,accept,true
sml,MLWorks,LRparser.sml,710,RNGLR,117,117,339937.50,3021.00,16384,10,true,true,OK,accept,true
sml,MLWorks,LRparser.sml,710,BRNGLR,117,117,285417.00,5500.50,32768,10,true,true,OK,accept,true
sml,MLWorks,_text.sml,519,Leo,118,118,906916.00,12353.50,65536,10,true,true,OK,accept,true
sml,MLWorks,_text.sml,519,GLL,118,118,892271.00,6458.50,114688,10,true,true,OK,accept,true
sml,MLWorks,_text.sml,519,RNGLR,118,118,234854.50,4958.00,16384,10,true,true,OK,accept,true
sml,MLWorks,_text.sml,519,BRNGLR,118,118,226041.50,4833.50,49152,10,true,true,OK,accept,true
sml,MLWorks,bytearray_append.sml,299,Leo,120,120,1207896.00,19500.50,1785856,10,true,true,OK,accept,true
sml,MLWorks,bytearray_append.sml,299,GLL,120,120,828229.50,7792.00,81920,10,true,true,OK,accept,true
sml,MLWorks,bytearray_append.sml,299,RNGLR,120,120,243583.50,2312.50,32768,10,true,true,OK,accept,true
sml,MLWorks,bytearray_append.sml,299,BRNGLR,120,120,225083.50,4104.00,32768,10,true,true,OK,accept,true
sml,MLWorks,array_append.sml,315,Leo,120,120,1193333.00,7396.00,1802240,10,true,true,OK,accept,true
sml,MLWorks,array_append.sml,315,GLL,120,120,856562.50,18479.00,81920,10,true,true,OK,accept,true
sml,MLWorks,array_append.sml,315,RNGLR,120,120,249583.00,4770.50,16384,10,true,true,OK,accept,true
sml,MLWorks,array_append.sml,315,BRNGLR,120,120,226583.00,3312.00,16384,10,true,true,OK,accept,true
sml,MLWorks,bytearray_update.sml,398,Leo,120,120,1395709.00,14750.00,1916928,10,true,true,OK,accept,true
sml,MLWorks,bytearray_update.sml,398,GLL,120,120,1279583.00,16520.50,1228800,10,true,true,OK,accept,true
sml,MLWorks,bytearray_update.sml,398,RNGLR,120,120,485895.50,12708.00,16384,10,true,true,OK,accept,true
sml,MLWorks,bytearray_update.sml,398,BRNGLR,120,120,395770.50,5124.50,32768,10,true,true,OK,accept,true
sml,MLWorks,array_update.sml,418,Leo,120,120,1388874.50,14604.00,1818624,10,true,true,OK,accept,true
sml,MLWorks,array_update.sml,418,GLL,120,120,1276291.50,20437.50,1359872,10,true,true,OK,accept,true
sml,MLWorks,array_update.sml,418,RNGLR,120,120,463750.00,3812.50,32768,10,true,true,OK,accept,true
sml,MLWorks,array_update.sml,418,BRNGLR,120,120,397541.50,3812.00,32768,10,true,true,OK,accept,true
sml,MLWorks,code_module.sml,531,Leo,120,120,582896.00,20896.50,65536,10,true,true,OK,accept,true
sml,MLWorks,code_module.sml,531,GLL,120,120,586354.00,13229.00,81920,10,true,true,OK,accept,true
sml,MLWorks,code_module.sml,531,RNGLR,120,120,137646.00,4646.00,32768,10,true,true,OK,accept,true
sml,MLWorks,code_module.sml,531,BRNGLR,120,120,134688.00,3708.50,16384,10,true,true,OK,accept,true
sml,MLWorks,virtualregister.sml,539,Leo,120,120,979708.00,18103.50,49152,10,true,true,OK,accept,true
sml,MLWorks,virtualregister.sml,539,GLL,120,120,2157896.00,17729.00,3522560,10,true,true,OK,accept,true
sml,MLWorks,virtualregister.sml,539,RNGLR,120,120,553791.50,5166.00,32768,10,true,true,OK,accept,true
sml,MLWorks,virtualregister.sml,539,BRNGLR,120,120,421250.00,3729.50,16384,10,true,true,OK,accept,true
sml,MLWorks,sigma.sml,676,Leo,120,120,843542.00,12813.00,81920,10,true,true,OK,accept,true
sml,MLWorks,sigma.sml,676,GLL,120,120,1192104.00,6750.00,1998848,10,true,true,OK,accept,true
sml,MLWorks,sigma.sml,676,RNGLR,120,120,278104.00,3021.00,32768,10,true,true,OK,accept,true
sml,MLWorks,sigma.sml,676,BRNGLR,120,120,251604.00,8874.50,32768,10,true,true,OK,accept,true
sml,MLWorks,_strenv.sml,540,Leo,121,121,1020479.50,6417.00,65536,10,true,true,OK,accept,true
sml,MLWorks,_strenv.sml,540,GLL,121,121,1173562.50,11541.50,1572864,10,true,true,OK,accept,true
sml,MLWorks,_strenv.sml,540,RNGLR,121,121,402166.50,3604.00,32768,10,true,true,OK,accept,true
sml,MLWorks,_strenv.sml,540,BRNGLR,121,121,342812.50,3229.50,32768,10,true,true,OK,accept,true
sml,MLWorks,type_utils.sml,662,Leo,122,122,791104.00,8062.00,49152,10,true,true,OK,accept,true
sml,MLWorks,type_utils.sml,662,GLL,122,122,1469833.50,10500.50,1785856,10,true,true,OK,accept,true
sml,MLWorks,type_utils.sml,662,RNGLR,122,122,340708.00,1354.00,32768,10,true,true,OK,accept,true
sml,MLWorks,type_utils.sml,662,BRNGLR,122,122,282604.50,3417.00,16384,10,true,true,OK,accept,true
sml,MLWorks,mod_rules.sml,706,Leo,122,122,933187.50,20687.50,81920,10,true,true,OK,accept,true
sml,MLWorks,mod_rules.sml,706,GLL,122,122,1455146.00,15729.50,1703936,10,true,true,OK,accept,true
sml,MLWorks,mod_rules.sml,706,RNGLR,122,122,314187.50,5541.50,49152,10,true,true,OK,accept,true
sml,MLWorks,mod_rules.sml,706,BRNGLR,122,122,265750.00,3729.00,32768,10,true,true,OK,accept,true
sml,MLWorks,mir_env.sml,777,Leo,122,122,842895.50,15145.50,81920,10,true,true,OK,accept,true
sml,MLWorks,mir_env.sml,777,GLL,122,122,2044020.50,126958.00,2228224,10,true,true,OK,accept,true
sml,MLWorks,mir_env.sml,777,RNGLR,122,122,443979.00,4604.00,32768,10,true,true,OK,accept,true
sml,MLWorks,mir_env.sml,777,BRNGLR,122,122,355624.50,3207.50,32768,10,true,true,OK,accept,true
sml,MLWorks,__core_rules.sml,1113,Leo,122,122,764291.50,9750.00,81920,10,true,true,OK,accept,true
sml,MLWorks,__core_rules.sml,1113,GLL,122,122,989271.00,10021.00,114688,10,true,true,OK,accept,true
sml,MLWorks,__core_rules.sml,1113,RNGLR,122,122,624708.00,4583.50,32768,10,true,true,OK,accept,true
sml,MLWorks,__core_rules.sml,1113,BRNGLR,122,122,482271.00,6666.50,32768,10,true,true,OK,accept,true
sml,MLWorks,floatarray_update.sml,425,Leo,123,123,1434958.00,16228.50,1802240,10,true,true,OK,accept,true
sml,MLWorks,floatarray_update.sml,425,GLL,123,123,1275604.00,10874.50,1409024,10,true,true,OK,accept,true
sml,MLWorks,floatarray_update.sml,425,RNGLR,123,123,485083.50,3895.50,32768,10,true,true,OK,accept,true
sml,MLWorks,floatarray_update.sml,425,BRNGLR,123,123,417937.50,3646.00,16384,10,true,true,OK,accept,true
sml,MLWorks,_machregisters.sml,670,Leo,123,123,1360104.00,17770.50,1753088,10,true,true,OK,accept,true
sml,MLWorks,_machregisters.sml,670,GLL,123,123,1783979.00,19562.50,1179648,10,true,true,OK,accept,true
sml,MLWorks,_machregisters.sml,670,RNGLR,123,123,1369041.50,5312.00,491520,10,true,true,OK,accept,true
sml,MLWorks,_machregisters.sml,670,BRNGLR,123,123,993416.50,3562.50,49152,10,true,true,OK,accept,true
sml,MLWorks,profile1.sml,536,Leo,124,124,1137062.50,22083.00,65536,10,true,true,OK,accept,true
sml,MLWorks,profile1.sml,536,GLL,124,124,1080062.50,20437.50,114688,10,true,true,OK,accept,true
sml,MLWorks,profile1.sml,536,RNGLR,124,124,441062.00,3187.00,16384,10,true,true,OK,accept,true
sml,MLWorks,profile1.sml,536,BRNGLR,124,124,409458.50,6667.00,32768,10,true,true,OK,accept,true
sml,MLWorks,inspector_values.sml,606,Leo,124,124,783562.50,27229.50,81920,10,true,true,OK,accept,true
sml,MLWorks,inspector_values.sml,606,GLL,124,124,1565646.00,6833.50,1982464,10,true,true,OK,accept,true
sml,MLWorks,inspector_values.sml,606,RNGLR,124,124,375604.00,4458.00,32768,10,true,true,OK,accept,true
sml,MLWorks,inspector_values.sml,606,BRNGLR,124,124,308271.00,5375.00,16384,10,true,true,OK,accept,true
sml,MLWorks,_os.sml,696,Leo,124,124,899063.00,12375.50,49152,10,true,true,OK,accept,true
sml,MLWorks,_os.sml,696,GLL,124,124,1163333.00,14937.00,1228800,10,true,true,OK,accept,true
sml,MLWorks,_os.sml,696,RNGLR,124,124,431646.00,6458.50,16384,10,true,true,OK,accept,true
sml,MLWorks,_os.sml,696,BRNGLR,124,124,347645.50,4499.50,16384,10,true,true,OK,accept,true
sml,MLWorks,__code_module.sml,572,Leo,125,125,656500.50,28333.50,65536,10,true,true,OK,accept,true
sml,MLWorks,__code_module.sml,572,GLL,125,125,588958.50,30979.50,131072,10,true,true,OK,accept,true
sml,MLWorks,__code_module.sml,572,RNGLR,125,125,166375.00,3062.50,16384,10,true,true,OK,accept,true
sml,MLWorks,__code_module.sml,572,BRNGLR,125,125,164229.00,2791.50,16384,10,true,true,OK,accept,true
sml,MLWorks,many_streams.sml,335,Leo,126,126,1263874.50,24312.00,2506752,10,true,true,OK,accept,true
sml,MLWorks,many_streams.sml,335,GLL,126,126,1378771.00,6562.00,1392640,10,true,true,OK,accept,true
sml,MLWorks,many_streams.sml,335,RNGLR,126,126,593916.50,4249.50,49152,10,true,true,OK,accept,true
sml,MLWorks,many_streams.sml,335,BRNGLR,126,126,499000.00,3708.50,32768,10,true,true,OK,accept,true
sml,MLWorks,lambda.sml,788,Leo,127,127,1254021.00,10729.50,1933312,10,true,true,OK,accept,true
sml,MLWorks,lambda.sml,788,GLL,127,127,1962916.50,7916.50,1720320,10,true,true,OK,accept,true
sml,MLWorks,lambda.sml,788,RNGLR,127,127,538146.00,6313.00,32768,10,true,true,OK,accept,true
sml,MLWorks,lambda.sml,788,BRNGLR,127,127,445896.00,5667.00,49152,10,true,true,OK,accept,true
sml,MLWorks,__bit_flags.sml,526,Leo,130,130,1084771.00,21687.50,1998848,10,true,true,OK,accept,true
sml,MLWorks,__bit_flags.sml,526,GLL,130,130,1236041.50,14645.50,1507328,10,true,true,OK,accept,true
sml,MLWorks,__bit_flags.sml,526,RNGLR,130,130,558833.50,2416.50,49152,10,true,true,OK,accept,true
sml,MLWorks,__bit_flags.sml,526,BRNGLR,130,130,472395.50,2457.50,32768,10,true,true,OK,accept,true
sml,MLWorks,os_process_exit_1.sml,565,Leo,130,130,1614250.00,24292.00,1228800,10,true,true,OK,accept,true
sml,MLWorks,os_process_exit_1.sml,565,GLL,130,130,1731625.00,55292.00,1343488,10,true,true,OK,accept,true
sml,MLWorks,os_process_exit_1.sml,565,RNGLR,130,130,1591729.50,6500.00,393216,10,true,true,OK,accept,true
sml,MLWorks,os_process_exit_1.sml,565,BRNGLR,130,130,1224958.00,3916.50,507904,10,true,true,OK,accept,true
sml,MLWorks,core_rules.sml,687,Leo,130,130,1010083.50,24083.50,49152,10,true,true,OK,accept,true
sml,MLWorks,core_rules.sml,687,GLL,130,130,1889854.50,11520.50,3440640,10,true,true,OK,accept,true
sml,MLWorks,core_rules.sml,687,RNGLR,130,130,362978.50,3582.50,49152,10,true,true,OK,accept,true
sml,MLWorks,core_rules.sml,687,BRNGLR,130,130,293625.00,2625.00,114688,10,true,true,OK,accept,true
sml,MLWorks,threads6.sml,548,Leo,131,131,1571687.50,11041.50,1376256,10,true,true,OK,accept,true
sml,MLWorks,threads6.sml,548,GLL,131,131,1690062.50,11354.00,1310720,10,true,true,OK,accept,true
sml,MLWorks,threads6.sml,548,RNGLR,131,131,1608604.50,5312.50,409600,10,true,true,OK,accept,true
sml,MLWorks,threads6.sml,548,BRNGLR,131,131,1310688.00,7500.00,409600,10,true,true,OK,accept,true
sml,MLWorks,__interprint.sml,1141,Leo,131,131,811979.00,4624.50,65536,10,true,true,OK,accept,true
sml,MLWorks,__interprint.sml,1141,GLL,131,131,1037416.50,10021.00,1556480,10,true,true,OK,accept,true
sml,MLWorks,__interprint.sml,1141,RNGLR,131,131,639271.00,6021.00,16384,10,true,true,OK,accept,true
sml,MLWorks,__interprint.sml,1141,BRNGLR,131,131,490041.50,2750.00,32768,10,true,true,OK,accept,true
sml,MLWorks,static_bytearray.sml,834,Leo,133,133,1080583.00,6854.00,1851392,10,true,true,OK,accept,true
sml,MLWorks,static_bytearray.sml,834,GLL,133,133,2785437.50,49917.00,3538944,10,true,true,OK,accept,true
sml,MLWorks,static_bytearray.sml,834,RNGLR,133,133,718770.50,1979.00,32768,10,true,true,OK,accept,true
sml,MLWorks,static_bytearray.sml,834,BRNGLR,133,133,542854.00,1958.00,49152,10,true,true,OK,accept,true
sml,MLWorks,__fi_parser.sml,960,Leo,133,133,724479.50,8084.00,65536,10,true,true,OK,accept,true
sml,MLWorks,__fi_parser.sml,960,GLL,133,133,767708.50,8000.00,180224,10,true,true,OK,accept,true
sml,MLWorks,__fi_parser.sml,960,RNGLR,133,133,246417.00,8271.00,32768,10,true,true,OK,accept,true
sml,MLWorks,__fi_parser.sml,960,BRNGLR,133,133,222604.00,4791.50,16384,10,true,true,OK,accept,true
sml,MLWorks,__project.sml,999,Leo,133,133,1151729.00,12416.00,1753088,10,true,true,OK,accept,true
sml,MLWorks,__project.sml,999,GLL,133,133,3277104.00,27854.50,3538944,10,true,true,OK,accept,true
sml,MLWorks,__project.sml,999,RNGLR,133,133,4694458.00,6500.00,802816,10,true,true,OK,accept,true
sml,MLWorks,__project.sml,999,BRNGLR,133,133,3375375.50,5834.00,720896,10,true,true,OK,accept,true
sml,MLWorks,floatarray_append.sml,343,Leo,134,134,1389187.50,28083.50,1835008,10,true,true,OK,accept,true
sml,MLWorks,floatarray_append.sml,343,GLL,134,134,1004916.50,17166.50,81920,10,true,true,OK,accept,true
sml,MLWorks,floatarray_append.sml,343,RNGLR,134,134,277479.00,4521.00,32768,10,true,true,OK,accept,true
sml,MLWorks,floatarray_append.sml,343,BRNGLR,134,134,255729.00,4541.50,32768,10,true,true,OK,accept,true
sml,MLWorks,switch3.sml,547,Leo,134,134,1354354.50,18083.50,1720320,10,true,true,OK,accept,true
sml,MLWorks,switch3.sml,547,GLL,134,134,1297625.00,11395.50,1359872,10,true,true,OK,accept,true
sml,MLWorks,switch3.sml,547,RNGLR,134,134,485708.50,6000.00,16384,10,true,true,OK,accept,true
sml,MLWorks,switch3.sml,547,BRNGLR,134,134,1241771.00,447833.00,16384,10,true,true,OK,accept,true
sml,MLWorks,profile_sel.sml,443,Leo,137,137,1320375.00,16958.50,2375680,10,true,true,OK,accept,true
sml,MLWorks,profile_sel.sml,443,GLL,137,137,1272895.50,10124.50,1441792,10,true,true,OK,accept,true
sml,MLWorks,profile_sel.sml,443,RNGLR,137,137,663687.50,4396.00,49152,10,true,true,OK,accept,true
sml,MLWorks,profile_sel.sml,443,BRNGLR,137,137,586791.50,8208.50,16384,10,true,true,OK,accept,true
sml,MLWorks,patterns.sml,728,Leo,137,137,879625.00,14750.50,49152,10,true,true,OK,accept,true
sml,MLWorks,patterns.sml,728,GLL,137,137,1696562.50,8687.50,1769472,10,true,true,OK,accept,true
sml,MLWorks,patterns.sml,728,RNGLR,137,137,332520.50,4500.00,32768,10,true,true,OK,accept,true
sml,MLWorks,patterns.sml,728,BRNGLR,137,137,276938.00,5563.00,32768,10,true,true,OK,accept,true
sml,MLWorks,module_id.sml,796,Leo,137,137,1247937.50,24229.00,2015232,10,true,true,OK,accept,true
sml,MLWorks,module_id.sml,796,GLL,137,137,3692666.50,17625.00,6455296,10,true,true,OK,accept,true
sml,MLWorks,module_id.sml,796,RNGLR,137,137,1298312.50,5812.50,606208,10,true,true,OK,accept,true
sml,MLWorks,module_id.sml,796,BRNGLR,137,137,934625.50,1750.00,49152,10,true,true,OK,accept,true
sml,MLWorks,__sparc_mach_cg.sml,1123,Leo,138,138,874395.50,14750.00,65536,10,true,true,OK,accept,true
sml,MLWorks,__sparc_mach_cg.sml,1123,GLL,138,138,1113771.00,15583.50,1572864,10,true,true,OK,accept,true
sml,MLWorks,__sparc_mach_cg.sml,1123,RNGLR,138,138,727896.00,5041.50,16384,10,true,true,OK,accept,true
sml,MLWorks,__sparc_mach_cg.sml,1123,BRNGLR,138,138,547604.00,2854.00,49152,10,true,true,OK,accept,true
sml,MLWorks,__ml_debugger.sml,1216,Leo,139,139,888708.50,6000.00,65536,10,true,true,OK,accept,true
sml,MLWorks,__ml_debugger.sml,1216,GLL,139,139,1359666.50,20374.50,1769472,10,true,true,OK,accept,true
sml,MLWorks,__ml_debugger.sml,1216,RNGLR,139,139,1169875.00,9688.00,917504,10,true,true,OK,accept,true
sml,MLWorks,__ml_debugger.sml,1216,BRNGLR,139,139,857458.50,5083.50,32768,10,true,true,OK,accept,true
sml,MLWorks,tyenv.sml,765,Leo,141,141,1037333.00,24770.50,65536,10,true,true,OK,accept,true
sml,MLWorks,tyenv.sml,765,GLL,141,141,1527083.00,22312.50,1785856,10,true,true,OK,accept,true
sml,MLWorks,tyenv.sml,765,RNGLR,141,141,382083.00,7333.00,32768,10,true,true,OK,accept,true
sml,MLWorks,tyenv.sml,765,BRNGLR,141,141,312146.00,3271.50,16384,10,true,true,OK,accept,true
sml,MLWorks,ndfa.sml,685,Leo,143,143,1196999.50,20562.00,1884160,10,true,true,OK,accept,true
sml,MLWorks,ndfa.sml,685,GLL,143,143,3072104.50,16792.00,3555328,10,true,true,OK,accept,true
sml,MLWorks,ndfa.sml,685,RNGLR,143,143,937229.50,6187.50,16384,10,true,true,OK,accept,true
sml,MLWorks,ndfa.sml,685,BRNGLR,143,143,689979.00,5646.00,16384,10,true,true,OK,accept,true
sml,MLWorks,lexer.sml,782,Leo,143,143,1023417.00,21896.00,65536,10,true,true,OK,accept,true
sml,MLWorks,lexer.sml,782,GLL,143,143,2145521.00,10104.00,3588096,10,true,true,OK,accept,true
sml,MLWorks,lexer.sml,782,RNGLR,143,143,574166.50,2875.00,65536,10,true,true,OK,accept,true
sml,MLWorks,lexer.sml,782,BRNGLR,143,143,457125.00,6166.50,32768,10,true,true,OK,accept,true
sml,MLWorks,sectioned_file.sml,853,Leo,143,143,1406521.00,21625.50,1884160,10,true,true,OK,accept,true
sml,MLWorks,sectioned_file.sml,853,GLL,143,143,3760667.00,31625.00,4030464,10,true,true,OK,accept,true
sml,MLWorks,sectioned_file.sml,853,RNGLR,143,143,1183333.50,9312.50,868352,10,true,true,OK,accept,true
sml,MLWorks,sectioned_file.sml,853,BRNGLR,143,143,862146.00,2604.00,32768,10,true,true,OK,accept,true
sml,MLWorks,vector_vector.sml,306,Leo,145,145,1763083.00,12520.50,2654208,10,true,true,OK,accept,true
sml,MLWorks,vector_vector.sml,306,GLL,145,145,1461624.50,31833.00,1720320,10,true,true,OK,accept,true
sml,MLWorks,vector_vector.sml,306,RNGLR,145,145,406104.00,4499.50,32768,10,true,true,OK,accept,true
sml,MLWorks,vector_vector.sml,306,BRNGLR,145,145,368083.00,3395.00,16384,10,true,true,OK,accept,true
sml,MLWorks,text_stream_io.sml,595,Leo,145,145,1587875.00,13187.50,1736704,10,true,true,OK,accept,true
sml,MLWorks,text_stream_io.sml,595,GLL,145,145,1512271.00,13167.00,1277952,10,true,true,OK,accept,true
sml,MLWorks,text_stream_io.sml,595,RNGLR,145,145,1060646.00,6271.00,622592,10,true,true,OK,accept,true
sml,MLWorks,text_stream_io.sml,595,BRNGLR,145,145,856896.00,6855.00,704512,10,true,true,OK,accept,true
sml,MLWorks,__fpcolourer.sml,1108,Leo,145,145,1406000.00,24021.00,1769472,10,true,true,OK,accept,true
sml,MLWorks,__fpcolourer.sml,1108,GLL,145,145,1374917.00,6667.00,1540096,10,true,true,OK,accept,true
sml,MLWorks,__fpcolourer.sml,1108,RNGLR,145,145,912625.00,3874.50,16384,10,true,true,OK,accept,true
sml,MLWorks,__fpcolourer.sml,1108,BRNGLR,145,145,712916.50,3416.50,32768,10,true,true,OK,accept,true
sml,MLWorks,__gccolourer.sml,1108,Leo,145,145,1434583.00,24875.00,1753088,10,true,true,OK,accept,true
sml,MLWorks,__gccolourer.sml,1108,GLL,145,145,1350646.00,12500.00,1507328,10,true,true,OK,accept,true
sml,MLWorks,__gccolourer.sml,1108,RNGLR,145,145,918584.00,2187.50,49152,10,true,true,OK,accept,true
sml,MLWorks,__gccolourer.sml,1108,BRNGLR,145,145,692646.00,6625.50,49152,10,true,true,OK,accept,true
sml,MLWorks,__nongccolourer.sml,1153,Leo,145,145,1402375.00,9166.50,1785856,10,true,true,OK,accept,true
sml,MLWorks,__nongccolourer.sml,1153,GLL,145,145,1334854.50,13646.50,1540096,10,true,true,OK,accept,true
sml,MLWorks,__nongccolourer.sml,1153,RNGLR,145,145,905063.00,1771.00,32768,10,true,true,OK,accept,true
sml,MLWorks,__nongccolourer.sml,1153,BRNGLR,145,145,685562.50,2729.00,16384,10,true,true,OK,accept,true
sml,MLWorks,mach_cg.sml,723,Leo,147,147,860396.00,12145.50,81920,10,true,true,OK,accept,true
sml,MLWorks,mach_cg.sml,723,GLL,147,147,1466458.50,5021.00,1916928,10,true,true,OK,accept,true
sml,MLWorks,mach_cg.sml,723,RNGLR,147,147,362145.50,7729.00,16384,10,true,true,OK,accept,true
sml,MLWorks,mach_cg.sml,723,BRNGLR,147,147,309000.00,3145.50,32768,10,true,true,OK,accept,true
sml,MLWorks,__option.sml,513,Leo,148,148,1271749.50,18645.50,2654208,10,true,true,OK,accept,true
sml,MLWorks,__option.sml,513,GLL,148,148,1371625.00,15375.00,1703936,10,true,true,OK,accept,true
sml,MLWorks,__option.sml,513,RNGLR,148,148,576020.50,5875.00,32768,10,true,true,OK,accept,true
sml,MLWorks,__option.sml,513,BRNGLR,148,148,481354.50,6583.50,49152,10,true,true,OK,accept,true
sml,MLWorks,__mir_cg.sml,1231,Leo,149,149,920000.50,10417.00,49152,10,true,true,OK,accept,true
sml,MLWorks,__mir_cg.sml,1231,GLL,149,149,1340500.00,19083.50,1458176,10,true,true,OK,accept,true
sml,MLWorks,__mir_cg.sml,1231,RNGLR,149,149,930479.50,7459.00,32768,10,true,true,OK,accept,true
sml,MLWorks,__mir_cg.sml,1231,BRNGLR,149,149,685021.00,4542.00,32768,10,true,true,OK,accept,true
sml,MLWorks,basistypes.sml,701,Leo,150,150,796771.00,16437.50,65536,10,true,true,OK,accept,true
sml,MLWorks,basistypes.sml,701,GLL,150,150,1381208.00,14958.00,1933312,10,true,true,OK,accept,true
sml,MLWorks,basistypes.sml,701,RNGLR,150,150,320354.00,2479.00,32768,10,true,true,OK,accept,true
sml,MLWorks,basistypes.sml,701,BRNGLR,150,150,277125.00,3395.50,32768,10,true,true,OK,accept,true
sml,MLWorks,c_signature.sml,786,Leo,150,150,913146.00,13999.50,49152,10,true,true,OK,accept,true
sml,MLWorks,c_signature.sml,786,GLL,150,150,1963062.50,11979.00,3686400,10,true,true,OK,accept,true
sml,MLWorks,c_signature.sml,786,RNGLR,150,150,507500.00,12874.50,49152,10,true,true,OK,accept,true
sml,MLWorks,c_signature.sml,786,BRNGLR,150,150,404125.50,3604.50,32768,10,true,true,OK,accept,true
sml,MLWorks,__listener.sml,1314,Leo,150,150,960396.00,14104.00,81920,10,true,true,OK,accept,true
sml,MLWorks,__listener.sml,1314,GLL,150,150,2389187.50,952166.50,1458176,10,true,true,OK,accept,true
sml,MLWorks,__listener.sml,1314,RNGLR,150,150,1037291.50,4937.50,49152,10,true,true,OK,accept,true
sml,MLWorks,__listener.sml,1314,BRNGLR,150,150,761625.00,4500.50,32768,10,true,true,OK,accept,true
sml,MLWorks,__mod_rules.sml,1333,Leo,150,150,959771.00,18583.00,49152,10,true,true,OK,accept,true
sml,MLWorks,__mod_rules.sml,1333,GLL,150,150,1330771.00,12520.50,1638400,10,true,true,OK,accept,true
sml,MLWorks,__mod_rules.sml,1333,RNGLR,150,150,1039166.50,3374.50,32768,10,true,true,OK,accept,true
sml,MLWorks,__mod_rules.sml,1333,BRNGLR,150,150,763271.00,4604.50,16384,10,true,true,OK,accept,true
sml,MLWorks,__podium.sml,1371,Leo,150,150,959104.50,14145.50,65536,10,true,true,OK,accept,true
sml,MLWorks,__podium.sml,1371,GLL,150,150,1320250.00,12854.00,1458176,10,true,true,OK,accept,true
sml,MLWorks,__podium.sml,1371,RNGLR,150,150,1021146.00,2729.50,65536,10,true,true,OK,accept,true
sml,MLWorks,__podium.sml,1371,BRNGLR,150,150,759604.00,3208.00,32768,10,true,true,OK,accept,true
sml,MLWorks,__stub_gen_input.sml,730,Leo,152,152,996917.00,17104.50,65536,10,true,true,OK,accept,true
sml,MLWorks,__stub_gen_input.sml,730,GLL,152,152,703208.00,14333.00,98304,10,true,true,OK,accept,true
sml,MLWorks,__stub_gen_input.sml,730,RNGLR,152,152,250208.50,1188.00,81920,10,true,true,OK,accept,true
sml,MLWorks,__stub_gen_input.sml,730,BRNGLR,152,152,233374.50,4791.50,32768,10,true,true,OK,accept,true
sml,MLWorks,bytearray_iterate_index.sml,334,Leo,156,156,1541459.00,12751.00,2048000,10,true,true,OK,accept,true
sml,MLWorks,bytearray_iterate_index.sml,334,GLL,156,156,1137083.50,11958.50,1654784,10,true,true,OK,accept,true
sml,MLWorks,bytearray_iterate_index.sml,334,RNGLR,156,156,348583.50,9625.50,32768,10,true,true,OK,accept,true
sml,MLWorks,bytearray_iterate_index.sml,334,BRNGLR,156,156,318146.00,5583.50,49152,10,true,true,OK,accept,true
sml,MLWorks,array_iterate_index.sml,342,Leo,156,156,1536000.00,18958.00,2342912,10,true,true,OK,accept,true
sml,MLWorks,array_iterate_index.sml,342,GLL,156,156,1143042.00,10063.00,1802240,10,true,true,OK,accept,true
sml,MLWorks,array_iterate_index.sml,342,RNGLR,156,156,341583.00,3562.50,49152,10,true,true,OK,accept,true
sml,MLWorks,array_iterate_index.sml,342,BRNGLR,156,156,318271.00,7229.50,16384,10,true,true,OK,accept,true
sml,MLWorks,bytearray_duplicate.sml,529,Leo,156,156,1405125.00,15333.50,2670592,10,true,true,OK,accept,true
sml,MLWorks,bytearray_duplicate.sml,529,GLL,156,156,1146020.50,15020.50,1769472,10,true,true,OK,accept,true
sml,MLWorks,bytearray_duplicate.sml,529,RNGLR,156,156,323104.50,2853.50,32768,10,true,true,OK,accept,true
sml,MLWorks,bytearray_duplicate.sml,529,BRNGLR,156,156,303812.00,4332.50,32768,10,true,true,OK,accept,true
sml,MLWorks,array_duplicate.sml,545,Leo,156,156,1410812.50,18875.00,2572288,10,true,true,OK,accept,true
sml,MLWorks,array_duplicate.sml,545,GLL,156,156,1146541.50,7541.50,1736704,10,true,true,OK,accept,true
sml,MLWorks,array_duplicate.sml,545,RNGLR,156,156,322479.00,3167.00,32768,10,true,true,OK,accept,true
sml,MLWorks,array_duplicate.sml,545,BRNGLR,156,156,304708.50,4583.50,32768,10,true,true,OK,accept,true
sml,MLWorks,match2.sml,493,Leo,159,159,1404041.50,14104.00,2637824,10,true,true,OK,accept,true
sml,MLWorks,match2.sml,493,GLL,159,159,1109771.00,19354.00,1490944,10,true,true,OK,accept,true
sml,MLWorks,match2.sml,493,RNGLR,159,159,229375.00,3666.50,16384,10,true,true,OK,accept,true
sml,MLWorks,match2.sml,493,BRNGLR,159,159,229458.00,3478.50,32768,10,true,true,OK,accept,true
sml,MLWorks,absynprint.sml,790,Leo,161,161,1322895.50,32312.00,1900544,10,true,true,OK,accept,true
sml,MLWorks,absynprint.sml,790,GLL,161,161,1962458.50,16646.00,2179072,10,true,true,OK,accept,true
sml,MLWorks,absynprint.sml,790,RNGLR,161,161,536083.00,2604.50,32768,10,true,true,OK,accept,true
sml,MLWorks,absynprint.sml,790,BRNGLR,161,161,429812.50,2646.00,16384,10,true,true,OK,accept,true
sml,MLWorks,sml90.sml,843,Leo,162,162,1976479.50,24979.00,1392640,10,true,true,OK,accept,true
sml,MLWorks,sml90.sml,843,GLL,162,162,9143937.50,77104.50,13336576,10,true,true,OK,accept,true
sml,MLWorks,sml90.sml,843,RNGLR,162,162,4604124.50,11666.50,999424,10,true,true,OK,accept,true
sml,MLWorks,sml90.sml,843,BRNGLR,162,162,3187917.00,11521.00,802816,10,true,true,OK,accept,true
sml,MLWorks,bytearray_tabulate.sml,543,Leo,163,163,1528604.50,9062.50,2359296,10,true,true,OK,accept,true
sml,MLWorks,bytearray_tabulate.sml,543,GLL,163,163,1307979.00,15291.50,1589248,10,true,true,OK,accept,true
sml,MLWorks,bytearray_tabulate.sml,543,RNGLR,163,163,377021.00,3708.00,32768,10,true,true,OK,accept,true
sml,MLWorks,bytearray_tabulate.sml,543,BRNGLR,163,163,346833.00,5146.00,49152,10,true,true,OK,accept,true
sml,MLWorks,array_tabulate.sml,559,Leo,163,163,1537583.00,9833.00,2129920,10,true,true,OK,accept,true
sml,MLWorks,array_tabulate.sml,559,GLL,163,163,1295250.00,13958.50,1785856,10,true,true,OK,accept,true
sml,MLWorks,array_tabulate.sml,559,RNGLR,163,163,370312.50,3270.50,49152,10,true,true,OK,accept,true
sml,MLWorks,array_tabulate.sml,559,BRNGLR,163,163,345958.00,3145.50,32768,10,true,true,OK,accept,true
sml,MLWorks,profile.sml,722,Leo,163,163,1622125.50,14271.00,1376256,10,true,true,OK,accept,true
sml,MLWorks,profile.sml,722,GLL,163,163,1591021.00,13667.00,1359872,10,true,true,OK,accept,true
sml,MLWorks,profile.sml,722,RNGLR,163,163,1091291.50,8104.00,458752,10,true,true,OK,accept,true
sml,MLWorks,profile.sml,722,BRNGLR,163,163,913062.00,7375.00,32768,10,true,true,OK,accept,true
sml,MLWorks,__encapsulate.sml,1457,Leo,164,164,1045333.00,9437.50,81920,10,true,true,OK,accept,true
sml,MLWorks,__encapsulate.sml,1457,GLL,164,164,1562250.00,18625.00,1474560,10,true,true,OK,accept,true
sml,MLWorks,__encapsulate.sml,1457,RNGLR,164,164,1295292.00,3896.00,688128,10,true,true,OK,accept,true
sml,MLWorks,__encapsulate.sml,1457,BRNGLR,164,164,945520.50,3459.00,32768,10,true,true,OK,accept,true
sml,MLWorks,sys_conf.sml,894,Leo,165,165,1444750.50,10833.50,1818624,10,true,true,OK,accept,true
sml,MLWorks,sys_conf.sml,894,GLL,165,165,2084729.00,17771.00,1212416,10,true,true,OK,accept,true
sml,MLWorks,sys_conf.sml,894,RNGLR,165,165,1107896.00,6875.00,606208,10,true,true,OK,accept,true
sml,MLWorks,sys_conf.sml,894,BRNGLR,165,165,857625.50,3396.00,16384,10,true,true,OK,accept,true
sml,MLWorks,monoset.sml,637,Leo,167,167,1438687.50,31812.50,1949696,10,true,true,OK,accept,true
sml,MLWorks,monoset.sml,637,GLL,167,167,3870125.00,54271.00,3915776,10,true,true,OK,accept,true
sml,MLWorks,monoset.sml,637,RNGLR,167,167,1171291.50,1875.00,851968,10,true,true,OK,accept,true
sml,MLWorks,monoset.sml,637,BRNGLR,167,167,863979.50,8187.50,49152,10,true,true,OK,accept,true
sml,MLWorks,old_io.sml,746,Leo,167,167,2883000.00,15604.00,2375680,10,true,true,OK,accept,true
sml,MLWorks,old_io.sml,746,GLL,167,167,4804500.50,42521.50,4390912,10,true,true,OK,accept,true
sml,MLWorks,old_io.sml,746,RNGLR,167,167,9580542.00,64750.00,966656,10,true,true,OK,accept,true
sml,MLWorks,old_io.sml,746,BRNGLR,167,167,6987020.50,36083.00,1081344,10,true,true,OK,accept,true
sml,MLWorks,floatarray_duplicate.sml,566,Leo,170,170,1493292.00,14875.00,2670592,10,true,true,OK,accept,true
sml,MLWorks,floatarray_duplicate.sml,566,GLL,170,170,1285500.00,15208.50,1851392,10,true,true,OK,accept,true
sml,MLWorks,floatarray_duplicate.sml,566,RNGLR,170,170,348791.50,5250.00,16384,10,true,true,OK,accept,true
sml,MLWorks,floatarray_duplicate.sml,566,BRNGLR,170,170,320583.50,2937.50,16384,10,true,true,OK,accept,true
sml,MLWorks,_bignumsize.sml,826,Leo,170,170,1443812.00,11938.00,2490368,10,true,true,OK,accept,true
sml,MLWorks,_bignumsize.sml,826,GLL,170,170,1683937.50,13541.50,1753088,10,true,true,OK,accept,true
sml,MLWorks,_bignumsize.sml,826,RNGLR,170,170,537812.50,2083.50,65536,10,true,true,OK,accept,true
sml,MLWorks,_bignumsize.sml,826,BRNGLR,170,170,537479.00,48354.00,65536,10,true,true,OK,accept,true
sml,MLWorks,display_level.sml,1047,Leo,171,171,1386187.50,21604.00,2621440,10,true,true,OK,accept,true
sml,MLWorks,display_level.sml,1047,GLL,171,171,1911417.00,16041.50,1900544,10,true,true,OK,accept,true
sml,MLWorks,display_level.sml,1047,RNGLR,171,171,671604.00,3791.00,32768,10,true,true,OK,accept,true
sml,MLWorks,display_level.sml,1047,BRNGLR,171,171,584208.00,6041.00,16384,10,true,true,OK,accept,true
sml,MLWorks,__proj_workspace.sml,1512,Leo,171,171,1114604.50,13354.50,32768,10,true,true,OK,accept,true
sml,MLWorks,__proj_workspace.sml,1512,GLL,171,171,1611958.00,15979.00,1540096,10,true,true,OK,accept,true
sml,MLWorks,__proj_workspace.sml,1512,RNGLR,171,171,1449146.00,13333.50,475136,10,true,true,OK,accept,true
sml,MLWorks,__proj_workspace.sml,1512,BRNGLR,171,171,1045646.00,8625.50,49152,10,true,true,OK,accept,true
sml,MLWorks,bignum.sml,875,Leo,172,172,1672083.50,16354.00,1687552,10,true,true,OK,accept,true
sml,MLWorks,bignum.sml,875,GLL,172,172,4744020.50,16708.50,6569984,10,true,true,OK,accept,true
sml,MLWorks,bignum.sml,875,RNGLR,172,172,1775708.00,5833.00,491520,10,true,true,OK,accept,true
sml,MLWorks,bignum.sml,875,BRNGLR,172,172,1263666.50,6958.00,851968,10,true,true,OK,accept,true
sml,MLWorks,list_pair.sml,510,Leo,173,173,845583.00,19603.50,81920,10,true,true,OK,accept,true
sml,MLWorks,list_pair.sml,510,GLL,173,173,1364458.50,10333.50,1851392,10,true,true,OK,accept,true
sml,MLWorks,list_pair.sml,510,RNGLR,173,173,282708.50,2104.50,49152,10,true,true,OK,accept,true
sml,MLWorks,list_pair.sml,510,BRNGLR,173,173,264479.00,4458.50,49152,10,true,true,OK,accept,true
sml,MLWorks,__lambda.sml,1513,Leo,173,173,1098229.00,10874.50,65536,10,true,true,OK,accept,true
sml,MLWorks,__lambda.sml,1513,GLL,173,173,1566958.00,8291.50,1359872,10,true,true,OK,accept,true
sml,MLWorks,__lambda.sml,1513,RNGLR,173,173,1304437.50,7146.00,589824,10,true,true,OK,accept,true
sml,MLWorks,__lambda.sml,1513,BRNGLR,173,173,951104.50,3312.50,32768,10,true,true,OK,accept,true
sml,MLWorks,__compiler.sml,1529,Leo,173,173,1111000.00,13958.00,65536,10,true,true,OK,accept,true
sml,MLWorks,__compiler.sml,1529,GLL,173,173,1568708.50,11688.00,1523712,10,true,true,OK,accept,true
sml,MLWorks,__compiler.sml,1529,RNGLR,173,173,1315729.00,8479.00,704512,10,true,true,OK,accept,true
sml,MLWorks,__compiler.sml,1529,BRNGLR,173,173,955146.00,4750.00,49152,10,true,true,OK,accept,true
sml,MLWorks,hashset.sml,848,Leo,175,175,1360125.00,10709.00,1933312,10,true,true,OK,accept,true
sml,MLWorks,hashset.sml,848,GLL,175,175,3855250.00,39417.00,3866624,10,true,true,OK,accept,true
sml,MLWorks,hashset.sml,848,RNGLR,175,175,1173083.50,5896.00,819200,10,true,true,OK,accept,true
sml,MLWorks,hashset.sml,848,BRNGLR,175,175,855604.50,4688.00,32768,10,true,true,OK,accept,true
sml,MLWorks,_win32os.sml,902,Leo,175,175,2046771.00,22604.00,1179648,10,true,true,OK,accept,true
sml,MLWorks,_win32os.sml,902,GLL,175,175,1607041.50,8583.00,1540096,10,true,true,OK,accept,true
sml,MLWorks,_win32os.sml,902,RNGLR,175,175,993062.50,3270.50,32768,10,true,true,OK,accept,true
sml,MLWorks,_win32os.sml,902,BRNGLR,175,175,836167.00,10333.50,32768,10,true,true,OK,accept,true
sml,MLWorks,_basistypes.sml,878,Leo,176,176,979479.00,21708.00,81920,10,true,true,OK,accept,true
sml,MLWorks,_basistypes.sml,878,GLL,176,176,1192979.50,12354.50,1605632,10,true,true,OK,accept,true
sml,MLWorks,_basistypes.sml,878,RNGLR,176,176,514917.00,2751.00,32768,10,true,true,OK,accept,true
sml,MLWorks,_basistypes.sml,878,BRNGLR,176,176,431250.50,3667.50,32768,10,true,true,OK,accept,true
sml,MLWorks,_virtualregister.sml,867,Leo,177,177,1769146.00,11292.00,1376256,10,true,true,OK,accept,true
sml,MLWorks,_virtualregister.sml,867,GLL,177,177,2388125.00,25937.50,2637824,10,true,true,OK,accept,true
sml,MLWorks,_virtualregister.sml,867,RNGLR,177,177,1121417.00,4187.00,524288,10,true,true,OK,accept,true
sml,MLWorks,_virtualregister.sml,867,BRNGLR,177,177,896250.00,4667.00,32768,10,true,true,OK,accept,true
sml,MLWorks,ml_ar.sml,738,Leo,179,179,1427979.00,13229.00,2621440,10,true,true,OK,accept,true
sml,MLWorks,ml_ar.sml,738,GLL,179,179,1297875.50,6834.00,2097152,10,true,true,OK,accept,true
sml,MLWorks,ml_ar.sml,738,RNGLR,179,179,371750.00,3541.50,32768,10,true,true,OK,accept,true
sml,MLWorks,ml_ar.sml,738,BRNGLR,179,179,343791.00,4978.50,32768,10,true,true,OK,accept,true
sml,MLWorks,entry.sml,924,Leo,179,179,1128917.00,12791.50,1916928,10,true,true,OK,accept,true
sml,MLWorks,entry.sml,924,GLL,179,179,2540583.00,10229.50,3751936,10,true,true,OK,accept,true
sml,MLWorks,entry.sml,924,RNGLR,179,179,697042.00,3770.50,16384,10,true,true,OK,accept,true
sml,MLWorks,entry.sml,924,BRNGLR,179,179,559854.50,6896.00,16384,10,true,true,OK,accept,true
sml,MLWorks,floatarray_tabulate.sml,588,Leo,180,180,1643541.50,22312.50,1884160,10,true,true,OK,accept,true
sml,MLWorks,floatarray_tabulate.sml,588,GLL,180,180,1450583.50,9625.00,1343488,10,true,true,OK,accept,true
sml,MLWorks,floatarray_tabulate.sml,588,RNGLR,180,180,393354.00,2062.50,32768,10,true,true,OK,accept,true
sml,MLWorks,floatarray_tabulate.sml,588,BRNGLR,180,180,370374.50,2208.00,32768,10,true,true,OK,accept,true
sml,MLWorks,mirprint.sml,1021,Leo,180,180,1515062.50,6937.50,1949696,10,true,true,OK,accept,true
sml,MLWorks,mirprint.sml,1021,GLL,180,180,3555416.50,20250.00,3571712,10,true,true,OK,accept,true
sml,MLWorks,mirprint.sml,1021,RNGLR,180,180,1141083.50,3146.00,901120,10,true,true,OK,accept,true
sml,MLWorks,mirprint.sml,1021,BRNGLR,180,180,828833.50,2771.00,32768,10,true,true,OK,accept,true
sml,MLWorks,match1.sml,546,Leo,181,181,1681646.00,12458.00,1900544,10,true,true,OK,accept,true
sml,MLWorks,match1.sml,546,GLL,181,181,1214687.50,13312.00,2113536,10,true,true,OK,accept,true
sml,MLWorks,match1.sml,546,RNGLR,181,181,261666.50,1791.50,32768,10,true,true,OK,accept,true
sml,MLWorks,match1.sml,546,BRNGLR,181,181,256083.00,5020.50,16384,10,true,true,OK,accept,true
sml,MLWorks,__byte.sml,764,Leo,182,182,1538729.00,10125.00,1818624,10,true,true,OK,accept,true
sml,MLWorks,__byte.sml,764,GLL,182,182,1338187.50,34270.50,1835008,10,true,true,OK,accept,true
sml,MLWorks,__byte.sml,764,RNGLR,182,182,488896.00,8542.00,32768,10,true,true,OK,accept,true
sml,MLWorks,__byte.sml,764,BRNGLR,182,182,434813.00,8250.50,32768,10,true,true,OK,accept,true
sml,MLWorks,hash-table-sig.sml,786,Leo,182,182,1316458.50,15729.50,1949696,10,true,true,OK,accept,true
sml,MLWorks,hash-table-sig.sml,786,GLL,182,182,2276395.50,11895.50,3538944,10,true,true,OK,accept,true
sml,MLWorks,hash-table-sig.sml,786,RNGLR,182,182,603853.50,2437.00,32768,10,true,true,OK,accept,true
sml,MLWorks,hash-table-sig.sml,786,BRNGLR,182,182,481104.00,1770.50,16384,10,true,true,OK,accept,true
sml,MLWorks,constant_fold.sml,610,Leo,183,183,1584083.00,14499.50,1998848,10,true,true,OK,accept,true
sml,MLWorks,constant_fold.sml,610,GLL,183,183,1606500.00,11312.00,2064384,10,true,true,OK,accept,true
sml,MLWorks,constant_fold.sml,610,RNGLR,183,183,400500.00,3646.00,32768,10,true,true,OK,accept,true
sml,MLWorks,constant_fold.sml,610,BRNGLR,183,183,391000.00,8479.00,16384,10,true,true,OK,accept,true
sml,MLWorks,set.sml,726,Leo,183,183,1733104.00,78229.50,2670592,10,true,true,OK,accept,true
sml,MLWorks,set.sml,726,GLL,183,183,3008146.00,19479.00,4374528,10,true,true,OK,accept,true
sml,MLWorks,set.sml,726,RNGLR,183,183,874562.50,4187.00,32768,10,true,true,OK,accept,true
sml,MLWorks,set.sml,726,BRNGLR,183,183,675666.50,4291.50,16384,10,true,true,OK,accept,true
sml,MLWorks,name-sig.sml,746,Leo,184,184,1485458.50,13958.50,1867776,10,true,true,OK,accept,true
sml,MLWorks,name-sig.sml,746,GLL,184,184,3083583.00,97832.50,4390912,10,true,true,OK,accept,true
sml,MLWorks,name-sig.sml,746,RNGLR,184,184,875708.00,15020.50,16384,10,true,true,OK,accept,true
sml,MLWorks,name-sig.sml,746,BRNGLR,184,184,659667.00,3270.50,16384,10,true,true,OK,accept,true
sml,MLWorks,parser.sml,1018,Leo,184,184,1415416.50,22208.50,1769472,10,true,true,OK,accept,true
sml,MLWorks,parser.sml,1018,GLL,184,184,2713916.50,9792.00,2424832,10,true,true,OK,accept,true
sml,MLWorks,parser.sml,1018,RNGLR,184,184,777750.00,1812.50,32768,10,true,true,OK,accept,true
sml,MLWorks,parser.sml,1018,BRNGLR,184,184,610833.50,938.00,32768,10,true,true,OK,accept,true
sml,MLWorks,unify.sml,907,Leo,186,186,1190979.50,6771.00,2048000,10,true,true,OK,accept,true
sml,MLWorks,unify.sml,907,GLL,186,186,1327895.50,8958.00,1851392,10,true,true,OK,accept,true
sml,MLWorks,unify.sml,907,RNGLR,186,186,322542.00,4708.50,32768,10,true,true,OK,accept,true
sml,MLWorks,unify.sml,907,BRNGLR,186,186,311687.50,7750.00,32768,10,true,true,OK,accept,true
sml,MLWorks,__assemblies.sml,1266,Leo,186,186,1245208.00,12687.00,2752512,10,true,true,OK,accept,true
sml,MLWorks,__assemblies.sml,1266,GLL,186,186,1598416.50,13937.50,1441792,10,true,true,OK,accept,true
sml,MLWorks,__assemblies.sml,1266,RNGLR,186,186,865895.50,4021.00,16384,10,true,true,OK,accept,true
sml,MLWorks,__assemblies.sml,1266,BRNGLR,186,186,697708.00,13229.00,49152,10,true,true,OK,accept,true
sml,MLWorks,__clock.sml,976,Leo,187,187,1569729.00,18583.00,1884160,10,true,true,OK,accept,true
sml,MLWorks,__clock.sml,976,GLL,187,187,1426687.50,9812.50,1376256,10,true,true,OK,accept,true
sml,MLWorks,__clock.sml,976,RNGLR,187,187,555000.00,4708.00,32768,10,true,true,OK,accept,true
sml,MLWorks,__clock.sml,976,BRNGLR,187,187,490062.50,2562.50,32768,10,true,true,OK,accept,true
sml,MLWorks,ndbm.sml,1010,Leo,188,188,2251646.00,20667.00,1638400,10,true,true,OK,accept,true
sml,MLWorks,ndbm.sml,1010,GLL,188,188,6291625.50,60645.50,7438336,10,true,true,OK,accept,true
sml,MLWorks,ndbm.sml,1010,RNGLR,188,188,2633958.50,8187.50,1097728,10,true,true,OK,accept,true
sml,MLWorks,ndbm.sml,1010,BRNGLR,188,188,1892916.50,6666.50,557056,10,true,true,OK,accept,true
sml,MLWorks,__normal.sml,783,Leo,189,189,1397187.00,20665.50,2637824,10,true,true,OK,accept,true
sml,MLWorks,__normal.sml,783,GLL,189,189,1365854.00,23395.50,1949696,10,true,true,OK,accept,true
sml,MLWorks,__normal.sml,783,RNGLR,189,189,418770.50,8187.50,16384,10,true,true,OK,accept,true
sml,MLWorks,__normal.sml,783,BRNGLR,189,189,385104.00,5687.50,65536,10,true,true,OK,accept,true
sml,MLWorks,ml_debugger.sml,1035,Leo,189,189,1127833.00,12645.50,1867776,10,true,true,OK,accept,true
sml,MLWorks,ml_debugger.sml,1035,GLL,189,189,1862979.00,14729.00,3932160,10,true,true,OK,accept,true
sml,MLWorks,ml_debugger.sml,1035,RNGLR,189,189,474437.50,3396.00,16384,10,true,true,OK,accept,true
sml,MLWorks,ml_debugger.sml,1035,BRNGLR,189,189,403541.50,8375.00,32768,10,true,true,OK,accept,true
sml,MLWorks,registerallocator.sml,747,Leo,190,190,769041.50,7604.00,114688,10,true,true,OK,accept,true
sml,MLWorks,registerallocator.sml,747,GLL,190,190,952062.50,12895.50,131072,10,true,true,OK,accept,true
sml,MLWorks,registerallocator.sml,747,RNGLR,190,190,237854.00,1437.50,32768,10,true,true,OK,accept,true
sml,MLWorks,registerallocator.sml,747,BRNGLR,190,190,229958.50,4979.50,32768,10,true,true,OK,accept,true
sml,MLWorks,__c_structure.sml,999,Leo,190,190,1353270.50,14625.50,2605056,10,true,true,OK,accept,true
sml,MLWorks,__c_structure.sml,999,GLL,190,190,1540145.50,16812.00,1359872,10,true,true,OK,accept,true
sml,MLWorks,__c_structure.sml,999,RNGLR,190,190,667542.00,5792.00,32768,10,true,true,OK,accept,true
sml,MLWorks,__c_structure.sml,999,BRNGLR,190,190,552562.50,7125.00,49152,10,true,true,OK,accept,true
sml,MLWorks,valenv.sml,1047,Leo,190,190,1727146.00,17958.00,1622016,10,true,true,OK,accept,true
sml,MLWorks,valenv.sml,1047,GLL,190,190,2818875.00,18583.50,3604480,10,true,true,OK,accept,true
sml,MLWorks,valenv.sml,1047,RNGLR,190,190,845125.00,3354.00,49152,10,true,true,OK,accept,true
sml,MLWorks,valenv.sml,1047,BRNGLR,190,190,652312.00,3103.50,32768,10,true,true,OK,accept,true
sml,MLWorks,inthashtable.sml,649,Leo,191,191,1219021.00,11937.50,1949696,10,true,true,OK,accept,true
sml,MLWorks,inthashtable.sml,649,GLL,191,191,2620270.50,21354.00,3604480,10,true,true,OK,accept,true
sml,MLWorks,inthashtable.sml,649,RNGLR,191,191,693458.50,4833.00,32768,10,true,true,OK,accept,true
sml,MLWorks,inthashtable.sml,649,BRNGLR,191,191,544416.50,6646.00,16384,10,true,true,OK,accept,true
sml,MLWorks,os_file_sys.sml,941,Leo,191,191,1642937.50,61729.00,1753088,10,true,true,OK,accept,true
sml,MLWorks,os_file_sys.sml,941,GLL,191,191,5052854.00,60104.50,7290880,10,true,true,OK,accept,true
sml,MLWorks,os_file_sys.sml,941,RNGLR,191,191,1955271.00,10604.00,540672,10,true,true,OK,accept,true
sml,MLWorks,os_file_sys.sml,941,BRNGLR,191,191,1368937.50,3229.00,622592,10,true,true,OK,accept,true
sml,MLWorks,pack_words.sml,574,Leo,192,192,5645958.00,16812.00,5095424,10,true,true,OK,accept,true
sml,MLWorks,pack_words.sml,574,GLL,192,192,7881437.00,42603.50,9682944,10,true,true,OK,accept,true
sml,MLWorks,pack_words.sml,574,RNGLR,192,192,11288062.00,29479.00,2998272,10,true,true,OK,accept,true
sml,MLWorks,pack_words.sml,574,BRNGLR,192,192,8247083.50,15604.00,1835008,10,true,true,OK,accept,true
sml,MLWorks,_pack_words_big.sml,867,Leo,192,192,2423041.50,23437.50,3424256,10,true,true,OK,accept,true
sml,MLWorks,_pack_words_big.sml,867,GLL,192,192,2528500.00,11041.50,2768896,10,true,true,OK,accept,true
sml,MLWorks,_pack_words_big.sml,867,RNGLR,192,192,2364354.00,6458.00,1097728,10,true,true,OK,accept,true
sml,MLWorks,_pack_words_big.sml,867,BRNGLR,192,192,1783395.50,7542.00,458752,10,true,true,OK,accept,true
sml,MLWorks,_pack_words_little.sml,896,Leo,192,192,2401791.50,13103.50,2686976,10,true,true,OK,accept,true
sml,MLWorks,_pack_words_little.sml,896,GLL,192,192,2593958.50,26396.00,2736128,10,true,true,OK,accept,true
sml,MLWorks,_pack_words_little.sml,896,RNGLR,192,192,2382000.00,12270.50,622592,10,true,true,OK,accept,true
sml,MLWorks,_pack_words_little.sml,896,BRNGLR,192,192,1771396.00,6875.00,458752,10,true,true,OK,accept,true
sml,MLWorks,info.sml,952,Leo,192,192,1572645.50,7896.00,1474560,10,true,true,OK,accept,true
sml,MLWorks,info.sml,952,GLL,192,192,2925083.00,13083.00,3620864,10,true,true,OK,accept,true
sml,MLWorks,info.sml,952,RNGLR,192,192,872729.50,23416.50,32768,10,true,true,OK,accept,true
sml,MLWorks,info.sml,952,BRNGLR,192,192,687979.00,2750.00,32768,10,true,true,OK,accept,true
sml,MLWorks,aliens.sml,1261,Leo,196,196,1874062.00,10603.50,1671168,10,true,true,OK,accept,true
sml,MLWorks,aliens.sml,1261,GLL,196,196,6588041.50,20812.50,7258112,10,true,true,OK,accept,true
sml,MLWorks,aliens.sml,1261,RNGLR,196,196,2833771.00,9562.50,786432,10,true,true,OK,accept,true
sml,MLWorks,aliens.sml,1261,BRNGLR,196,196,2010499.50,7354.50,557056,10,true,true,OK,accept,true
sml,MLWorks,i386types.sml,979,Leo,198,198,1200291.50,14208.50,1949696,10,true,true,OK,accept,true
sml,MLWorks,i386types.sml,979,GLL,198,198,3875958.50,32834.00,6668288,10,true,true,OK,accept,true
sml,MLWorks,i386types.sml,979,RNGLR,198,198,1405604.00,9000.00,606208,10,true,true,OK,accept,true
sml,MLWorks,i386types.sml,979,BRNGLR,198,198,1010437.00,4229.50,16384,10,true,true,OK,accept,true
sml,MLWorks,division.sml,561,Leo,199,199,1371354.00,13999.50,2883584,10,true,true,OK,accept,true
sml,MLWorks,division.sml,561,GLL,199,199,1601125.50,10375.00,2064384,10,true,true,OK,accept,true
sml,MLWorks,division.sml,561,RNGLR,199,199,378000.00,4542.00,32768,10,true,true,OK,accept,true
sml,MLWorks,division.sml,561,BRNGLR,199,199,1379750.00,156125.50,16384,10,true,true,OK,accept,true
sml,MLWorks,__bool.sml,760,Leo,200,200,1397895.50,23166.50,2768896,10,true,true,OK,accept,true
sml,MLWorks,__bool.sml,760,GLL,200,200,1276104.00,14291.50,2211840,10,true,true,OK,accept,true
sml,MLWorks,__bool.sml,760,RNGLR,200,200,377625.00,4645.50,16384,10,true,true,OK,accept,true
sml,MLWorks,__bool.sml,760,BRNGLR,200,200,355792.00,2979.00,32768,10,true,true,OK,accept,true
sml,MLWorks,__signature.sml,777,Leo,200,200,1560104.00,18229.00,1966080,10,true,true,OK,accept,true
sml,MLWorks,__signature.sml,777,GLL,200,200,1635792.00,12167.00,1572864,10,true,true,OK,accept,true
sml,MLWorks,__signature.sml,777,RNGLR,200,200,627874.50,15728.50,32768,10,true,true,OK,accept,true
sml,MLWorks,__signature.sml,777,BRNGLR,200,200,529562.50,5896.00,32768,10,true,true,OK,accept,true
sml,MLWorks,__shell_utils.sml,1709,Leo,200,200,1302250.00,6833.00,2752512,10,true,true,OK,accept,true
sml,MLWorks,__shell_utils.sml,1709,GLL,200,200,2021896.00,18521.00,1605632,10,true,true,OK,accept,true
sml,MLWorks,__shell_utils.sml,1709,RNGLR,200,200,1969896.50,5021.50,491520,10,true,true,OK,accept,true
sml,MLWorks,__shell_utils.sml,1709,BRNGLR,200,200,1399000.00,6917.00,671744,10,true,true,OK,accept,true
sml,MLWorks,_regexp.sml,769,Leo,201,201,1773104.50,14354.50,1818624,10,true,true,OK,accept,true
sml,MLWorks,_regexp.sml,769,GLL,201,201,1929750.00,13083.50,1376256,10,true,true,OK,accept,true
sml,MLWorks,_regexp.sml,769,RNGLR,201,201,664271.00,3666.50,49152,10,true,true,OK,accept,true
sml,MLWorks,_regexp.sml,769,BRNGLR,201,201,604729.00,9791.50,32768,10,true,true,OK,accept,true
sml,MLWorks,_diagnostic.sml,978,Leo,202,202,1612750.00,24437.50,2080768,10,true,true,OK,accept,true
sml,MLWorks,_diagnostic.sml,978,GLL,202,202,1769500.00,16854.00,1425408,10,true,true,OK,accept,true
sml,MLWorks,_diagnostic.sml,978,RNGLR,202,202,641208.50,8896.50,32768,10,true,true,OK,accept,true
sml,MLWorks,_diagnostic.sml,978,BRNGLR,202,202,552688.00,7729.50,32768,10,true,true,OK,accept,true
sml,MLWorks,fi_int_abs_syn.sml,1150,Leo,204,204,1190396.00,16312.50,1966080,10,true,true,OK,accept,true
sml,MLWorks,fi_int_abs_syn.sml,1150,GLL,204,204,1824833.50,23521.00,1884160,10,true,true,OK,accept,true
sml,MLWorks,fi_int_abs_syn.sml,1150,RNGLR,204,204,436333.50,7125.00,32768,10,true,true,OK,accept,true
sml,MLWorks,fi_int_abs_syn.sml,1150,BRNGLR,204,204,365792.00,6188.00,16384,10,true,true,OK,accept,true
sml,MLWorks,group_dag.sml,1115,Leo,205,205,1114500.00,11166.50,1949696,10,true,true,OK,accept,true
sml,MLWorks,group_dag.sml,1115,GLL,205,205,1790875.00,10687.50,1818624,10,true,true,OK,accept,true
sml,MLWorks,group_dag.sml,1115,RNGLR,205,205,419667.00,6062.50,32768,10,true,true,OK,accept,true
sml,MLWorks,group_dag.sml,1115,BRNGLR,205,205,378166.50,8104.00,49152,10,true,true,OK,accept,true
sml,MLWorks,threads.sml,967,Leo,207,207,1350229.50,14458.00,1916928,10,true,true,OK,accept,true
sml,MLWorks,threads.sml,967,GLL,207,207,2779854.00,14083.00,3964928,10,true,true,OK,accept,true
sml,MLWorks,threads.sml,967,RNGLR,207,207,636354.50,10500.00,32768,10,true,true,OK,accept,true
sml,MLWorks,threads.sml,967,BRNGLR,207,207,511146.50,4958.50,32768,10,true,true,OK,accept,true
sml,MLWorks,bytearray_substring.sml,752,Leo,208,208,2381646.00,6604.50,3719168,10,true,true,OK,accept,true
sml,MLWorks,bytearray_substring.sml,752,GLL,208,208,1736625.00,15604.00,1540096,10,true,true,OK,accept,true
sml,MLWorks,bytearray_substring.sml,752,RNGLR,208,208,612291.50,7666.50,32768,10,true,true,OK,accept,true
sml,MLWorks,bytearray_substring.sml,752,BRNGLR,208,208,529854.50,4812.50,16384,10,true,true,OK,accept,true
sml,MLWorks,floatarray_substring.sml,752,Leo,208,208,2389750.00,15104.50,3670016,10,true,true,OK,accept,true
sml,MLWorks,floatarray_substring.sml,752,GLL,208,208,1740979.50,11208.50,1703936,10,true,true,OK,accept,true
sml,MLWorks,floatarray_substring.sml,752,RNGLR,208,208,605271.50,4772.00,32768,10,true,true,OK,accept,true
sml,MLWorks,floatarray_substring.sml,752,BRNGLR,208,208,533563.00,5709.00,49152,10,true,true,OK,accept,true
sml,MLWorks,word8.sml,731,Leo,209,209,5734875.00,34646.00,5029888,10,true,true,OK,accept,true
sml,MLWorks,word8.sml,731,GLL,209,209,5600020.50,24333.50,5636096,10,true,true,OK,accept,true
sml,MLWorks,word8.sml,731,RNGLR,209,209,4717437.50,8041.50,901120,10,true,true,OK,accept,true
sml,MLWorks,word8.sml,731,BRNGLR,209,209,3360187.00,18083.00,819200,10,true,true,OK,accept,true
sml,MLWorks,word16.sml,737,Leo,209,209,5719292.00,37979.00,5193728,10,true,true,OK,accept,true
sml,MLWorks,word16.sml,737,GLL,209,209,5595312.50,16437.50,5636096,10,true,true,OK,accept,true
sml,MLWorks,word16.sml,737,RNGLR,209,209,4715166.50,11458.00,2179072,10,true,true,OK,accept,true
sml,MLWorks,word16.sml,737,BRNGLR,209,209,3369437.50,10187.00,770048,10,true,true,OK,accept,true
sml,MLWorks,token.sml,941,Leo,209,209,1097792.00,20750.00,65536,10,true,true,OK,accept,true
sml,MLWorks,token.sml,941,GLL,209,209,817979.00,21291.50,114688,10,true,true,OK,accept,true
sml,MLWorks,token.sml,941,RNGLR,209,209,205583.50,2354.50,32768,10,true,true,OK,accept,true
sml,MLWorks,token.sml,941,BRNGLR,209,209,199458.50,3583.00,49152,10,true,true,OK,accept,true
sml,MLWorks,toplevel.sml,1233,Leo,211,211,2133521.00,10354.50,1605632,10,true,true,OK,accept,true
sml,MLWorks,toplevel.sml,1233,GLL,211,211,4087729.50,13208.50,6750208,10,true,true,OK,accept,true
sml,MLWorks,toplevel.sml,1233,RNGLR,211,211,1396208.00,8645.50,475136,10,true,true,OK,accept,true
sml,MLWorks,toplevel.sml,1233,BRNGLR,211,211,1069375.00,7854.00,917504,10,true,true,OK,accept,true
sml,MLWorks,__shell_structure.sml,1925,Leo,213,213,1421896.00,13437.50,2588672,10,true,true,OK,accept,true
sml,MLWorks,__shell_structure.sml,1925,GLL,213,213,2492958.50,90479.00,3047424,10,true,true,OK,accept,true
sml,MLWorks,__shell_structure.sml,1925,RNGLR,213,213,2617917.00,10854.00,1310720,10,true,true,OK,accept,true
sml,MLWorks,__shell_structure.sml,1925,BRNGLR,213,213,1869312.50,6375.00,606208,10,true,true,OK,accept,true
sml,MLWorks,__pre_basis.sml,835,Leo,214,214,1984375.00,7771.00,1622016,10,true,true,OK,accept,true
sml,MLWorks,__pre_basis.sml,835,GLL,214,214,1803249.50,16229.50,1884160,10,true,true,OK,accept,true
sml,MLWorks,__pre_basis.sml,835,RNGLR,214,214,678916.50,4458.00,32768,10,true,true,OK,accept,true
sml,MLWorks,__pre_basis.sml,835,BRNGLR,214,214,617228.50,3042.00,16384,10,true,true,OK,accept,true
sml,MLWorks,_mir_env.sml,1048,Leo,215,215,1741562.50,21875.00,1556480,10,true,true,OK,accept,true
sml,MLWorks,_mir_env.sml,1048,GLL,215,215,2294541.50,20021.00,2523136,10,true,true,OK,accept,true
sml,MLWorks,_mir_env.sml,1048,RNGLR,215,215,831521.00,5687.50,16384,10,true,true,OK,accept,true
sml,MLWorks,_mir_env.sml,1048,BRNGLR,215,215,680833.00,3083.50,32768,10,true,true,OK,accept,true
sml,MLWorks,int32_2.sml,712,Leo,216,216,6340875.00,59104.00,6717440,10,true,true,OK,accept,true
sml,MLWorks,int32_2.sml,712,GLL,216,216,6459521.00,30479.50,5718016,10,true,true,OK,accept,true
sml,MLWorks,int32_2.sml,712,RNGLR,216,216,5223146.00,22812.50,1802240,10,true,true,OK,accept,true
sml,MLWorks,int32_2.sml,712,BRNGLR,216,216,3718750.00,16042.00,1900544,10,true,true,OK,accept,true
sml,MLWorks,runtime_env.sml,1056,Leo,216,216,1590604.00,9583.00,1884160,10,true,true,OK,accept,true
sml,MLWorks,runtime_env.sml,1056,GLL,216,216,1869603.50,14895.00,1867776,10,true,true,OK,accept,true
sml,MLWorks,runtime_env.sml,1056,RNGLR,216,216,444104.00,7875.00,16384,10,true,true,OK,accept,true
sml,MLWorks,runtime_env.sml,1056,BRNGLR,216,216,421250.00,6000.00,49152,10,true,true,OK,accept,true
sml,MLWorks,c_item_tree_sig.sml,1167,Leo,219,219,1813542.00,9937.50,1622016,10,true,true,OK,accept,true
sml,MLWorks,c_item_tree_sig.sml,1167,GLL,219,219,2636541.50,116770.50,3620864,10,true,true,OK,accept,true
sml,MLWorks,c_item_tree_sig.sml,1167,RNGLR,219,219,770937.50,32750.00,32768,10,true,true,OK,accept,true
sml,MLWorks,c_item_tree_sig.sml,1167,BRNGLR,219,219,578771.00,2458.50,32768,10,true,true,OK,accept,true
sml,MLWorks,os_process_exit_0.sml,654,Leo,220,220,5269645.50,30020.50,4210688,10,true,true,OK,accept,true
sml,MLWorks,os_process_exit_0.sml,654,GLL,220,220,9397521.50,42083.50,10289152,10,true,true,OK,accept,true
sml,MLWorks,os_process_exit_0.sml,654,RNGLR,220,220,17690312.50,44458.50,3932160,10,true,true,OK,accept,true
sml,MLWorks,os_process_exit_0.sml,654,BRNGLR,220,220,13088854.50,138604.00,5816320,10,true,true,OK,accept,true
sml,MLWorks,__text_stream_io.sml,802,Leo,220,220,1575500.50,31187.50,2097152,10,true,true,OK,accept,true
sml,MLWorks,__text_stream_io.sml,802,GLL,220,220,1579396.00,10708.50,1966080,10,true,true,OK,accept,true
sml,MLWorks,__text_stream_io.sml,802,RNGLR,220,220,431854.50,16646.00,49152,10,true,true,OK,accept,true
sml,MLWorks,__text_stream_io.sml,802,BRNGLR,220,220,385354.50,5041.50,49152,10,true,true,OK,accept,true
sml,MLWorks,intermake.sml,1132,Leo,220,220,1894250.00,13062.50,1556480,10,true,true,OK,accept,true
sml,MLWorks,intermake.sml,1132,GLL,220,220,2362478.50,31561.50,3588096,10,true,true,OK,accept,true
sml,MLWorks,intermake.sml,1132,RNGLR,220,220,717791.50,8729.00,16384,10,true,true,OK,accept,true
sml,MLWorks,intermake.sml,1132,BRNGLR,220,220,619187.50,6291.50,49152,10,true,true,OK,accept,true
sml,MLWorks,preferences.sml,1456,Leo,223,223,931812.50,5833.50,81920,10,true,true,OK,accept,true
sml,MLWorks,preferences.sml,1456,GLL,223,223,1818021.00,16708.50,1900544,10,true,true,OK,accept,true
sml,MLWorks,preferences.sml,1456,RNGLR,223,223,417646.00,2208.00,32768,10,true,true,OK,accept,true
sml,MLWorks,preferences.sml,1456,BRNGLR,223,223,369687.00,5291.00,16384,10,true,true,OK,accept,true
sml,MLWorks,bool.sml,1069,Leo,225,225,2161458.00,32978.50,3883008,10,true,true,OK,accept,true
sml,MLWorks,bool.sml,1069,GLL,225,225,2026020.50,12582.50,1818624,10,true,true,OK,accept,true
sml,MLWorks,bool.sml,1069,RNGLR,225,225,1146729.50,3167.00,655360,10,true,true,OK,accept,true
sml,MLWorks,bool.sml,1069,BRNGLR,225,225,1076270.50,11250.00,1032192,10,true,true,OK,accept,true
sml,MLWorks,__prime.sml,774,Leo,227,227,1772833.00,25208.00,2080768,10,true,true,OK,accept,true
sml,MLWorks,__prime.sml,774,GLL,227,227,1748417.00,33562.50,1949696,10,true,true,OK,accept,true
sml,MLWorks,__prime.sml,774,RNGLR,227,227,479208.50,7437.50,32768,10,true,true,OK,accept,true
sml,MLWorks,__prime.sml,774,BRNGLR,227,227,442813.00,4833.00,32768,10,true,true,OK,accept,true
sml,MLWorks,identprint.sml,1311,Leo,230,230,2178250.00,19375.00,2260992,10,true,true,OK,accept,true
sml,MLWorks,identprint.sml,1311,GLL,230,230,3897354.00,6125.50,6963200,10,true,true,OK,accept,true
sml,MLWorks,identprint.sml,1311,RNGLR,230,230,1383771.00,4333.50,638976,10,true,true,OK,accept,true
sml,MLWorks,identprint.sml,1311,BRNGLR,230,230,1031979.00,15292.00,32768,10,true,true,OK,accept,true
sml,MLWorks,__toplevel.sml,2062,Leo,236,236,1604396.00,27250.50,1982464,10,true,true,OK,accept,true
sml,MLWorks,__toplevel.sml,2062,GLL,236,236,2818521.00,23438.00,3129344,10,true,true,OK,accept,true
sml,MLWorks,__toplevel.sml,2062,RNGLR,236,236,3123375.00,10583.50,753664,10,true,true,OK,accept,true
sml,MLWorks,__toplevel.sml,2062,BRNGLR,236,236,2185146.00,2625.00,589824,10,true,true,OK,accept,true
sml,MLWorks,_fi_parser.sml,1251,Leo,237,237,1726875.00,26083.00,1982464,10,true,true,OK,accept,true
sml,MLWorks,_fi_parser.sml,1251,GLL,237,237,2719125.00,11479.00,3391488,10,true,true,OK,accept,true
sml,MLWorks,_fi_parser.sml,1251,RNGLR,237,237,514979.00,2854.00,65536,10,true,true,OK,accept,true
sml,MLWorks,_fi_parser.sml,1251,BRNGLR,237,237,458812.50,12812.50,32768,10,true,true,OK,accept,true
sml,MLWorks,floor.sml,948,Leo,238,238,3011937.50,8937.00,3702784,10,true,true,OK,accept,true
sml,MLWorks,floor.sml,948,GLL,238,238,3722437.50,30375.00,4800512,10,true,true,OK,accept,true
sml,MLWorks,floor.sml,948,RNGLR,238,238,2807000.00,12667.00,671744,10,true,true,OK,accept,true
sml,MLWorks,floor.sml,948,BRNGLR,238,238,2208729.00,16583.00,1392640,10,true,true,OK,accept,true
sml,MLWorks,interpreter_export_filter.sml,1923,Leo,239,239,2916396.00,20937.00,3407872,10,true,true,OK,accept,true
sml,MLWorks,interpreter_export_filter.sml,1923,GLL,239,239,3164041.50,20666.00,4833280,10,true,true,OK,accept,true
sml,MLWorks,interpreter_export_filter.sml,1923,RNGLR,239,239,2635791.50,19791.50,1114112,10,true,true,OK,accept,true
sml,MLWorks,interpreter_export_filter.sml,1923,BRNGLR,239,239,2017042.00,19209.00,589824,10,true,true,OK,accept,true
sml,MLWorks,stream_io_2.sml,869,Leo,241,241,2168646.00,89271.50,3588096,10,true,true,OK,accept,true
sml,MLWorks,stream_io_2.sml,869,GLL,241,241,2460604.00,10041.50,2473984,10,true,true,OK,accept,true
sml,MLWorks,stream_io_2.sml,869,RNGLR,241,241,1703874.50,3729.00,360448,10,true,true,OK,accept,true
sml,MLWorks,stream_io_2.sml,869,BRNGLR,241,241,1432562.50,6896.50,409600,10,true,true,OK,accept,true
sml,MLWorks,_runtime_env.sml,1220,Leo,242,242,2109708.50,13687.50,1212416,10,true,true,OK,accept,true
sml,MLWorks,_runtime_env.sml,1220,GLL,242,242,1490896.00,12624.50,1523712,10,true,true,OK,accept,true
sml,MLWorks,_runtime_env.sml,1220,RNGLR,242,242,763771.00,10479.50,32768,10,true,true,OK,accept,true
sml,MLWorks,_runtime_env.sml,1220,BRNGLR,242,242,631583.00,2854.00,32768,10,true,true,OK,accept,true
sml,MLWorks,__incremental.sml,1659,Leo,242,242,1815583.00,17521.00,2064384,10,true,true,OK,accept,true
sml,MLWorks,__incremental.sml,1659,GLL,242,242,1945646.00,18250.00,2113536,10,true,true,OK,accept,true
sml,MLWorks,__incremental.sml,1659,RNGLR,242,242,894375.00,4333.50,32768,10,true,true,OK,accept,true
sml,MLWorks,__incremental.sml,1659,BRNGLR,242,242,751416.50,5896.00,32768,10,true,true,OK,accept,true
sml,MLWorks,vector.sml,824,Leo,244,244,1700687.50,23979.00,1523712,10,true,true,OK,accept,true
sml,MLWorks,vector.sml,824,GLL,244,244,2997999.50,25854.00,3653632,10,true,true,OK,accept,true
sml,MLWorks,vector.sml,824,RNGLR,244,244,794562.50,3000.00,32768,10,true,true,OK,accept,true
sml,MLWorks,vector.sml,824,BRNGLR,244,244,671395.50,8208.00,32768,10,true,true,OK,accept,true
sml,MLWorks,dirent.sml,1615,Leo,246,246,3560500.00,24354.00,5226496,10,true,true,OK,accept,true
sml,MLWorks,dirent.sml,1615,GLL,246,246,12204166.50,70062.50,14417920,10,true,true,OK,accept,true
sml,MLWorks,dirent.sml,1615,RNGLR,246,246,6731750.00,16187.50,2342912,10,true,true,OK,accept,true
sml,MLWorks,dirent.sml,1615,BRNGLR,246,246,4711687.50,6187.50,3604480,10,true,true,OK,accept,true
sml,MLWorks,commonio.sml,1022,Leo,248,248,2549395.50,12020.50,3899392,10,true,true,OK,accept,true
sml,MLWorks,commonio.sml,1022,GLL,248,248,2698167.00,11250.50,3162112,10,true,true,OK,accept,true
sml,MLWorks,commonio.sml,1022,RNGLR,248,248,1954396.00,9354.00,458752,10,true,true,OK,accept,true
sml,MLWorks,commonio.sml,1022,BRNGLR,248,248,1548771.00,7500.00,557056,10,true,true,OK,accept,true
sml,MLWorks,c_store.sml,1282,Leo,248,248,1628875.50,9229.50,1654784,10,true,true,OK,accept,true
sml,MLWorks,c_store.sml,1282,GLL,248,248,4885499.50,21125.50,6766592,10,true,true,OK,accept,true
sml,MLWorks,c_store.sml,1282,RNGLR,248,248,1819250.00,7833.00,507904,10,true,true,OK,accept,true
sml,MLWorks,c_store.sml,1282,BRNGLR,248,248,1363188.00,13105.00,786432,10,true,true,OK,accept,true
sml,MLWorks,actionfunctions.sml,1468,Leo,249,249,2409396.00,8438.00,3801088,10,true,true,OK,accept,true
sml,MLWorks,actionfunctions.sml,1468,GLL,249,249,7958041.50,29791.50,12091392,10,true,true,OK,accept,true
sml,MLWorks,actionfunctions.sml,1468,RNGLR,249,249,3013646.00,16312.00,770048,10,true,true,OK,accept,true
sml,MLWorks,actionfunctions.sml,1468,BRNGLR,249,249,2137167.00,9604.50,573440,10,true,true,OK,accept,true
sml,MLWorks,options.sml,1635,Leo,250,250,830312.50,14000.00,49152,10,true,true,OK,accept,true
sml,MLWorks,options.sml,1635,GLL,250,250,1897021.00,9146.00,2048000,10,true,true,OK,accept,true
sml,MLWorks,options.sml,1635,RNGLR,250,250,447687.50,5438.00,32768,10,true,true,OK,accept,true
sml,MLWorks,options.sml,1635,BRNGLR,250,250,386583.50,4250.00,32768,10,true,true,OK,accept,true
sml,MLWorks,array_bounds.sml,811,Leo,251,251,1821541.50,12895.50,1966080,10,true,true,OK,accept,true
sml,MLWorks,array_bounds.sml,811,GLL,251,251,1800479.00,13708.50,2064384,10,true,true,OK,accept,true
sml,MLWorks,array_bounds.sml,811,RNGLR,251,251,788375.00,6708.50,16384,10,true,true,OK,accept,true
sml,MLWorks,array_bounds.sml,811,BRNGLR,251,251,699271.00,3583.50,16384,10,true,true,OK,accept,true
sml,MLWorks,vector_sub.sml,804,Leo,256,256,1878479.00,26854.00,2162688,10,true,true,OK,accept,true
sml,MLWorks,vector_sub.sml,804,GLL,256,256,1558083.00,13750.00,2064384,10,true,true,OK,accept,true
sml,MLWorks,vector_sub.sml,804,RNGLR,256,256,440354.00,7729.50,49152,10,true,true,OK,accept,true
sml,MLWorks,vector_sub.sml,804,BRNGLR,256,256,413333.00,4853.50,32768,10,true,true,OK,accept,true
sml,MLWorks,__cipher.sml,1076,Leo,257,257,2364333.00,21000.00,5619712,10,true,true,OK,accept,true
sml,MLWorks,__cipher.sml,1076,GLL,257,257,2218333.50,21583.00,2785280,10,true,true,OK,accept,true
sml,MLWorks,__cipher.sml,1076,RNGLR,257,257,724271.00,8646.00,32768,10,true,true,OK,accept,true
sml,MLWorks,__cipher.sml,1076,BRNGLR,257,257,648375.50,6563.50,49152,10,true,true,OK,accept,true
sml,MLWorks,hashtable.sml,1046,Leo,258,258,1255041.50,9854.00,1654784,10,true,true,OK,accept,true
sml,MLWorks,hashtable.sml,1046,GLL,258,258,2621666.50,12313.00,3817472,10,true,true,OK,accept,true
sml,MLWorks,hashtable.sml,1046,RNGLR,258,258,644354.00,3521.00,65536,10,true,true,OK,accept,true
sml,MLWorks,hashtable.sml,1046,BRNGLR,258,258,530250.00,4166.50,65536,10,true,true,OK,accept,true
sml,MLWorks,__timer.sml,980,Leo,262,262,1938229.00,22145.50,1556480,10,true,true,OK,accept,true
sml,MLWorks,__timer.sml,980,GLL,262,262,2117145.50,30520.00,1736704,10,true,true,OK,accept,true
sml,MLWorks,__timer.sml,980,RNGLR,262,262,1046604.00,12062.00,720896,10,true,true,OK,accept,true
sml,MLWorks,__timer.sml,980,BRNGLR,262,262,840604.00,4833.00,65536,10,true,true,OK,accept,true
sml,MLWorks,ieeetest.sml,1038,Leo,265,265,4378687.50,15312.50,4227072,10,true,true,OK,accept,true
sml,MLWorks,ieeetest.sml,1038,GLL,265,265,4871312.50,11333.50,4816896,10,true,true,OK,accept,true
sml,MLWorks,ieeetest.sml,1038,RNGLR,265,265,3978354.50,11354.00,884736,10,true,true,OK,accept,true
sml,MLWorks,ieeetest.sml,1038,BRNGLR,265,265,3033104.00,16916.50,851968,10,true,true,OK,accept,true
sml,MLWorks,__mlworks_timer.sml,1158,Leo,265,265,2263000.00,9708.50,3784704,10,true,true,OK,accept,true
sml,MLWorks,__mlworks_timer.sml,1158,GLL,265,265,1819354.00,24416.50,1769472,10,true,true,OK,accept,true
sml,MLWorks,__mlworks_timer.sml,1158,RNGLR,265,265,518354.00,5666.50,49152,10,true,true,OK,accept,true
sml,MLWorks,__mlworks_timer.sml,1158,BRNGLR,265,265,472271.00,4021.00,49152,10,true,true,OK,accept,true
sml,MLWorks,_mlworks_c_pointer.sml,974,Leo,266,266,2807416.50,11770.50,3620864,10,true,true,OK,accept,true
sml,MLWorks,_mlworks_c_pointer.sml,974,GLL,266,266,2586770.50,39791.00,2883584,10,true,true,OK,accept,true
sml,MLWorks,_mlworks_c_pointer.sml,974,RNGLR,266,266,1299812.50,7333.50,589824,10,true,true,OK,accept,true
sml,MLWorks,_mlworks_c_pointer.sml,974,BRNGLR,266,266,1088021.00,10958.00,753664,10,true,true,OK,accept,true
sml,MLWorks,bytearray_subarray.sml,953,Leo,267,267,2916875.00,22229.50,3751936,10,true,true,OK,accept,true
sml,MLWorks,bytearray_subarray.sml,953,GLL,267,267,1898999.50,19187.50,1802240,10,true,true,OK,accept,true
sml,MLWorks,bytearray_subarray.sml,953,RNGLR,267,267,721103.50,9104.00,32768,10,true,true,OK,accept,true
sml,MLWorks,bytearray_subarray.sml,953,BRNGLR,267,267,619729.00,6083.00,49152,10,true,true,OK,accept,true
sml,MLWorks,array_subarray.sml,1011,Leo,267,267,2912687.50,23604.00,3702784,10,true,true,OK,accept,true
sml,MLWorks,array_subarray.sml,1011,GLL,267,267,1910229.50,19292.00,1916928,10,true,true,OK,accept,true
sml,MLWorks,array_subarray.sml,1011,RNGLR,267,267,708666.50,4645.50,32768,10,true,true,OK,accept,true
sml,MLWorks,array_subarray.sml,1011,BRNGLR,267,267,615875.00,6708.00,32768,10,true,true,OK,accept,true
sml,MLWorks,__file_time.sml,1283,Leo,268,268,1946458.50,13229.50,2031616,10,true,true,OK,accept,true
sml,MLWorks,__file_time.sml,1283,GLL,268,268,1811167.00,17021.00,1359872,10,true,true,OK,accept,true
sml,MLWorks,__file_time.sml,1283,RNGLR,268,268,464125.50,6938.00,49152,10,true,true,OK,accept,true
sml,MLWorks,__file_time.sml,1283,BRNGLR,268,268,455125.00,10125.00,49152,10,true,true,OK,accept,true
sml,MLWorks,_os_io.sml,1404,Leo,269,269,2743125.50,19666.50,3637248,10,true,true,OK,accept,true
sml,MLWorks,_os_io.sml,1404,GLL,269,269,3483437.50,22687.50,4980736,10,true,true,OK,accept,true
sml,MLWorks,_os_io.sml,1404,RNGLR,269,269,2502708.50,9270.50,1097728,10,true,true,OK,accept,true
sml,MLWorks,_os_io.sml,1404,BRNGLR,269,269,1880187.50,5875.00,622592,10,true,true,OK,accept,true
sml,MLWorks,loop.sml,817,Leo,272,272,1876312.50,21375.50,1818624,10,true,true,OK,accept,true
sml,MLWorks,loop.sml,817,GLL,272,272,2042896.00,13354.50,1327104,10,true,true,OK,accept,true
sml,MLWorks,loop.sml,817,RNGLR,272,272,632041.50,9270.50,49152,10,true,true,OK,accept,true
sml,MLWorks,loop.sml,817,BRNGLR,272,272,582583.50,10479.50,65536,10,true,true,OK,accept,true
sml,MLWorks,simpleutils.sml,1543,Leo,272,272,2232166.50,16250.00,3997696,10,true,true,OK,accept,true
sml,MLWorks,simpleutils.sml,1543,GLL,272,272,3825750.00,19291.50,6782976,10,true,true,OK,accept,true
sml,MLWorks,simpleutils.sml,1543,RNGLR,272,272,1282771.00,5416.50,770048,10,true,true,OK,accept,true
sml,MLWorks,simpleutils.sml,1543,BRNGLR,272,272,982062.50,9750.00,65536,10,true,true,OK,accept,true
sml,MLWorks,__perm.sml,804,Leo,274,274,2564187.50,16312.00,5652480,10,true,true,OK,accept,true
sml,MLWorks,__perm.sml,804,GLL,274,274,2244979.00,35499.50,4063232,10,true,true,OK,accept,true
sml,MLWorks,__perm.sml,804,RNGLR,274,274,688916.50,5396.00,65536,10,true,true,OK,accept,true
sml,MLWorks,__perm.sml,804,BRNGLR,274,274,620312.50,5500.00,32768,10,true,true,OK,accept,true
sml,MLWorks,mono_array2.sml,1086,Leo,274,274,2165500.50,25771.00,1622016,10,true,true,OK,accept,true
sml,MLWorks,mono_array2.sml,1086,GLL,274,274,4411333.50,15250.00,7356416,10,true,true,OK,accept,true
sml,MLWorks,mono_array2.sml,1086,RNGLR,274,274,1492646.00,14958.00,507904,10,true,true,OK,accept,true
sml,MLWorks,mono_array2.sml,1086,BRNGLR,274,274,1140249.50,5395.50,1015808,10,true,true,OK,accept,true
sml,MLWorks,proj_properties.sml,1147,Leo,276,276,1894646.00,11250.50,1589248,10,true,true,OK,accept,true
sml,MLWorks,proj_properties.sml,1147,GLL,276,276,3682250.00,12896.00,4603904,10,true,true,OK,accept,true
sml,MLWorks,proj_properties.sml,1147,RNGLR,276,276,991041.50,4687.00,32768,10,true,true,OK,accept,true
sml,MLWorks,proj_properties.sml,1147,BRNGLR,276,276,799896.00,6562.50,32768,10,true,true,OK,accept,true
sml,MLWorks,__version.sml,1349,Leo,278,278,3814541.50,22208.00,6111232,10,true,true,OK,accept,true
sml,MLWorks,__version.sml,1349,GLL,278,278,2555875.00,29937.50,3129344,10,true,true,OK,accept,true
sml,MLWorks,__version.sml,1349,RNGLR,278,278,1390791.50,6562.50,573440,10,true,true,OK,accept,true
sml,MLWorks,__version.sml,1349,BRNGLR,278,278,1176896.00,11750.00,851968,10,true,true,OK,accept,true
sml,MLWorks,int8.sml,932,Leo,282,282,11455292.00,17854.50,8454144,10,true,true,OK,accept,true
sml,MLWorks,int8.sml,932,GLL,282,282,11252666.50,33541.50,11894784,10,true,true,OK,accept,true
sml,MLWorks,int8.sml,932,RNGLR,282,282,12607417.00,18416.50,4980736,10,true,true,OK,accept,true
sml,MLWorks,int8.sml,932,BRNGLR,282,282,8736396.00,21646.00,5062656,10,true,true,OK,accept,true
sml,MLWorks,int16.sml,942,Leo,282,282,11437749.50,32166.50,8372224,10,true,true,OK,accept,true
sml,MLWorks,int16.sml,942,GLL,282,282,11329417.00,43833.50,10321920,10,true,true,OK,accept,true
sml,MLWorks,int16.sml,942,RNGLR,282,282,12661750.50,43521.50,4866048,10,true,true,OK,accept,true
sml,MLWorks,int16.sml,942,BRNGLR,282,282,8756604.50,24083.50,4243456,10,true,true,OK,accept,true
sml,MLWorks,List.sml,997,Leo,285,285,2667208.50,18187.50,4276224,10,true,true,OK,accept,true
sml,MLWorks,List.sml,997,GLL,285,285,5275875.00,25458.50,7634944,10,true,true,OK,accept,true
sml,MLWorks,List.sml,997,RNGLR,285,285,1908104.00,7604.00,573440,10,true,true,OK,accept,true
sml,MLWorks,List.sml,997,BRNGLR,285,285,1410521.00,8896.00,753664,10,true,true,OK,accept,true
sml,MLWorks,environtypes.sml,1308,Leo,285,285,1743708.50,12833.00,1671168,10,true,true,OK,accept,true
sml,MLWorks,environtypes.sml,1308,GLL,285,285,1819791.50,14958.50,1900544,10,true,true,OK,accept,true
sml,MLWorks,environtypes.sml,1308,RNGLR,285,285,471937.50,8771.00,49152,10,true,true,OK,accept,true
sml,MLWorks,environtypes.sml,1308,BRNGLR,285,285,465979.00,17395.50,0,10,true,true,OK,accept,true
sml,MLWorks,newtrace.sml,1138,Leo,289,289,2026041.50,16729.50,1671168,10,true,true,OK,accept,true
sml,MLWorks,newtrace.sml,1138,GLL,289,289,5045312.50,29270.50,7634944,10,true,true,OK,accept,true
sml,MLWorks,newtrace.sml,1138,RNGLR,289,289,1898313.00,11812.50,606208,10,true,true,OK,accept,true
sml,MLWorks,newtrace.sml,1138,BRNGLR,289,289,1371874.50,5124.50,720896,10,true,true,OK,accept,true
sml,MLWorks,__core.sml,1551,Leo,291,291,2269604.00,15041.00,4063232,10,true,true,OK,accept,true
sml,MLWorks,__core.sml,1551,GLL,291,291,2761791.50,38521.00,2768896,10,true,true,OK,accept,true
sml,MLWorks,__core.sml,1551,RNGLR,291,291,1324333.00,6437.00,491520,10,true,true,OK,accept,true
sml,MLWorks,__core.sml,1551,BRNGLR,291,291,1137000.50,9125.00,655360,10,true,true,OK,accept,true
sml,MLWorks,inter_envtypes.sml,1485,Leo,295,295,1828271.00,18667.00,1720320,10,true,true,OK,accept,true
sml,MLWorks,inter_envtypes.sml,1485,GLL,295,295,2470000.00,15583.50,3702784,10,true,true,OK,accept,true
sml,MLWorks,inter_envtypes.sml,1485,RNGLR,295,295,696021.00,8792.00,65536,10,true,true,OK,accept,true
sml,MLWorks,inter_envtypes.sml,1485,BRNGLR,295,295,575791.50,3041.50,32768,10,true,true,OK,accept,true
sml,MLWorks,nameset.sml,1812,Leo,299,299,3760041.50,11895.50,5849088,10,true,true,OK,accept,true
sml,MLWorks,nameset.sml,1812,GLL,299,299,6462104.00,38333.00,7536640,10,true,true,OK,accept,true
sml,MLWorks,nameset.sml,1812,RNGLR,299,299,2637229.50,6729.00,1163264,10,true,true,OK,accept,true
sml,MLWorks,nameset.sml,1812,BRNGLR,299,299,1953750.50,13375.50,671744,10,true,true,OK,accept,true
sml,MLWorks,__file_find.sml,1259,Leo,300,300,2429667.00,24271.00,5570560,10,true,true,OK,accept,true
sml,MLWorks,__file_find.sml,1259,GLL,300,300,2078750.00,21313.00,1998848,10,true,true,OK,accept,true
sml,MLWorks,__file_find.sml,1259,RNGLR,300,300,645500.00,7416.50,81920,10,true,true,OK,accept,true
sml,MLWorks,__file_find.sml,1259,BRNGLR,300,300,609666.50,5854.50,32768,10,true,true,OK,accept,true
sml,MLWorks,_environtypes.sml,1412,Leo,300,300,2073166.50,16812.00,1310720,10,true,true,OK,accept,true
sml,MLWorks,_environtypes.sml,1412,GLL,300,300,1557375.00,16125.00,1966080,10,true,true,OK,accept,true
sml,MLWorks,_environtypes.sml,1412,RNGLR,300,300,695146.00,15645.50,81920,10,true,true,OK,accept,true
sml,MLWorks,_environtypes.sml,1412,BRNGLR,300,300,581708.50,2416.50,65536,10,true,true,OK,accept,true
sml,MLWorks,mono_array.sml,1028,Leo,302,302,1882250.00,22208.00,1720320,10,true,true,OK,accept,true
sml,MLWorks,mono_array.sml,1028,GLL,302,302,4199958.50,34604.00,7372800,10,true,true,OK,accept,true
sml,MLWorks,mono_array.sml,1028,RNGLR,302,302,1332666.00,4228.00,704512,10,true,true,OK,accept,true
sml,MLWorks,mono_array.sml,1028,BRNGLR,302,302,1021666.00,7916.00,32768,10,true,true,OK,accept,true
sml,MLWorks,dynamics.sml,1523,Leo,302,302,4110104.50,13979.50,5439488,10,true,true,OK,accept,true
sml,MLWorks,dynamics.sml,1523,GLL,302,302,7053083.00,31020.50,7684096,10,true,true,OK,accept,true
sml,MLWorks,dynamics.sml,1523,RNGLR,302,302,2767146.00,18187.50,1130496,10,true,true,OK,accept,true
sml,MLWorks,dynamics.sml,1523,BRNGLR,302,302,2059125.00,14334.00,622592,10,true,true,OK,accept,true
sml,MLWorks,_machprint.sml,1192,Leo,304,304,2362708.50,16771.50,5505024,10,true,true,OK,accept,true
sml,MLWorks,_machprint.sml,1192,GLL,304,304,2288791.50,8500.00,2703360,10,true,true,OK,accept,true
sml,MLWorks,_machprint.sml,1192,RNGLR,304,304,705687.50,12000.00,65536,10,true,true,OK,accept,true
sml,MLWorks,_machprint.sml,1192,BRNGLR,304,304,627979.00,4645.50,65536,10,true,true,OK,accept,true
sml,MLWorks,utils.sml,1261,Leo,304,304,2286166.50,19166.50,4046848,10,true,true,OK,accept,true
sml,MLWorks,utils.sml,1261,GLL,304,304,6213750.00,30166.50,7290880,10,true,true,OK,accept,true
sml,MLWorks,utils.sml,1261,RNGLR,304,304,2470792.00,14395.50,1359872,10,true,true,OK,accept,true
sml,MLWorks,utils.sml,1261,BRNGLR,304,304,1765563.00,4376.00,655360,10,true,true,OK,accept,true
sml,MLWorks,store.sml,1563,Leo,304,304,2369291.50,37958.50,4079616,10,true,true,OK,accept,true
sml,MLWorks,store.sml,1563,GLL,304,304,8172958.00,54124.50,7438336,10,true,true,OK,accept,true
sml,MLWorks,store.sml,1563,RNGLR,304,304,3465771.00,12020.50,737280,10,true,true,OK,accept,true
sml,MLWorks,store.sml,1563,BRNGLR,304,304,2451437.50,5458.50,1720320,10,true,true,OK,accept,true
sml,MLWorks,floatarray_subarray.sml,1068,Leo,307,307,3245271.00,29438.00,3833856,10,true,true,OK,accept,true
sml,MLWorks,floatarray_subarray.sml,1068,GLL,307,307,2354750.00,7917.00,2899968,10,true,true,OK,accept,true
sml,MLWorks,floatarray_subarray.sml,1068,RNGLR,307,307,779624.50,6291.00,65536,10,true,true,OK,accept,true
sml,MLWorks,floatarray_subarray.sml,1068,BRNGLR,307,307,675187.00,2229.00,49152,10,true,true,OK,accept,true
sml,MLWorks,user_context.sml,2116,Leo,307,307,3351187.50,25791.50,5079040,10,true,true,OK,accept,true
sml,MLWorks,user_context.sml,2116,GLL,307,307,11932375.00,97958.00,15581184,10,true,true,OK,accept,true
sml,MLWorks,user_context.sml,2116,RNGLR,307,307,6300750.00,13125.00,2965504,10,true,true,OK,accept,true
sml,MLWorks,user_context.sml,2116,BRNGLR,307,307,4387541.50,17062.50,1327104,10,true,true,OK,accept,true
sml,MLWorks,bytearray_fill_range.sml,1096,Leo,311,311,2831895.50,18020.50,3997696,10,true,true,OK,accept,true
sml,MLWorks,bytearray_fill_range.sml,1096,GLL,311,311,2048812.50,15375.50,1867776,10,true,true,OK,accept,true
sml,MLWorks,bytearray_fill_range.sml,1096,RNGLR,311,311,737625.00,7937.00,16384,10,true,true,OK,accept,true
sml,MLWorks,bytearray_fill_range.sml,1096,BRNGLR,311,311,639437.50,3958.00,32768,10,true,true,OK,accept,true
sml,MLWorks,array_fill_range.sml,1166,Leo,311,311,2811958.50,21750.00,3997696,10,true,true,OK,accept,true
sml,MLWorks,array_fill_range.sml,1166,GLL,311,311,2033583.00,9625.00,1982464,10,true,true,OK,accept,true
sml,MLWorks,array_fill_range.sml,1166,RNGLR,311,311,729937.50,3541.50,32768,10,true,true,OK,accept,true
sml,MLWorks,array_fill_range.sml,1166,BRNGLR,311,311,637770.50,3687.00,49152,10,true,true,OK,accept,true
sml,MLWorks,__mirtypes.sml,1988,Leo,311,311,2058604.50,31854.00,1671168,10,true,true,OK,accept,true
sml,MLWorks,__mirtypes.sml,1988,GLL,311,311,2471083.50,47313.00,2981888,10,true,true,OK,accept,true
sml,MLWorks,__mirtypes.sml,1988,RNGLR,311,311,912708.50,4521.00,49152,10,true,true,OK,accept,true
sml,MLWorks,__mirtypes.sml,1988,BRNGLR,311,311,791958.50,11583.50,81920,10,true,true,OK,accept,true
sml,MLWorks,sys_init.sml,1655,Leo,313,313,2368354.00,20062.50,5455872,10,true,true,OK,accept,true
sml,MLWorks,sys_init.sml,1655,GLL,313,313,2180875.00,8437.50,2736128,10,true,true,OK,accept,true
sml,MLWorks,sys_init.sml,1655,RNGLR,313,313,571583.00,5208.00,49152,10,true,true,OK,accept,true
sml,MLWorks,sys_init.sml,1655,BRNGLR,313,313,546833.50,9188.00,49152,10,true,true,OK,accept,true
sml,MLWorks,_bin_io.sml,1513,Leo,318,318,1854083.00,5853.50,1998848,10,true,true,OK,accept,true
sml,MLWorks,_bin_io.sml,1513,GLL,318,318,1840583.50,5396.50,1900544,10,true,true,OK,accept,true
sml,MLWorks,_bin_io.sml,1513,RNGLR,318,318,486854.00,2666.50,65536,10,true,true,OK,accept,true
sml,MLWorks,_bin_io.sml,1513,BRNGLR,318,318,444979.50,2666.50,65536,10,true,true,OK,accept,true
sml,MLWorks,compiler.sml,1855,Leo,318,318,3281250.00,14396.00,3031040,10,true,true,OK,accept,true
sml,MLWorks,compiler.sml,1855,GLL,318,318,8550479.00,46000.00,14417920,10,true,true,OK,accept,true
sml,MLWorks,compiler.sml,1855,RNGLR,318,318,3847479.50,13688.00,1736704,10,true,true,OK,accept,true
sml,MLWorks,compiler.sml,1855,BRNGLR,318,318,2779520.50,7041.50,1343488,10,true,true,OK,accept,true
sml,MLWorks,array.sml,1053,Leo,322,322,1995625.00,6645.50,1589248,10,true,true,OK,accept,true
sml,MLWorks,array.sml,1053,GLL,322,322,3931125.00,29917.00,7241728,10,true,true,OK,accept,true
sml,MLWorks,array.sml,1053,RNGLR,322,322,1229354.50,6459.00,835584,10,true,true,OK,accept,true
sml,MLWorks,array.sml,1053,BRNGLR,322,322,958250.00,3604.00,49152,10,true,true,OK,accept,true
sml,MLWorks,shell_types.sml,1850,Leo,324,324,1820333.50,20271.00,1638400,10,true,true,OK,accept,true
sml,MLWorks,shell_types.sml,1850,GLL,324,324,4831437.50,35604.00,7274496,10,true,true,OK,accept,true
sml,MLWorks,shell_types.sml,1850,RNGLR,324,324,1725812.50,11666.50,573440,10,true,true,OK,accept,true
sml,MLWorks,shell_types.sml,1850,BRNGLR,324,324,1268000.00,3687.50,884736,10,true,true,OK,accept,true
sml,MLWorks,debugger_types.sml,1950,Leo,324,324,3382562.50,8062.50,5193728,10,true,true,OK,accept,true
sml,MLWorks,debugger_types.sml,1950,GLL,324,324,8331041.50,72603.50,13631488,10,true,true,OK,accept,true
sml,MLWorks,debugger_types.sml,1950,RNGLR,324,324,3624979.00,19833.50,2097152,10,true,true,OK,accept,true
sml,MLWorks,debugger_types.sml,1950,BRNGLR,324,324,2631000.00,14374.50,1540096,10,true,true,OK,accept,true
sml,MLWorks,__inet_sock.sml,1455,Leo,327,327,2659104.00,23291.50,5472256,10,true,true,OK,accept,true
sml,MLWorks,__inet_sock.sml,1455,GLL,327,327,2731187.50,53604.00,3211264,10,true,true,OK,accept,true
sml,MLWorks,__inet_sock.sml,1455,RNGLR,327,327,1137604.50,5125.00,589824,10,true,true,OK,accept,true
sml,MLWorks,__inet_sock.sml,1455,BRNGLR,327,327,1033250.00,33812.50,557056,10,true,true,OK,accept,true
sml,MLWorks,__search.sml,1641,Leo,331,331,2665791.50,11937.50,5718016,10,true,true,OK,accept,true
sml,MLWorks,__search.sml,1641,GLL,331,331,2471458.50,23083.50,4112384,10,true,true,OK,accept,true
sml,MLWorks,__search.sml,1641,RNGLR,331,331,785125.00,7625.00,32768,10,true,true,OK,accept,true
sml,MLWorks,__search.sml,1641,BRNGLR,331,331,702687.50,4750.00,65536,10,true,true,OK,accept,true
sml,MLWorks,_lisp.sml,1103,Leo,332,332,2585438.00,9375.50,5095424,10,true,true,OK,accept,true
sml,MLWorks,_lisp.sml,1103,GLL,332,332,2899500.00,30437.00,3506176,10,true,true,OK,accept,true
sml,MLWorks,_lisp.sml,1103,RNGLR,332,332,1152312.00,7250.00,507904,10,true,true,OK,accept,true
sml,MLWorks,_lisp.sml,1103,BRNGLR,332,332,968458.00,4562.00,835584,10,true,true,OK,accept,true
sml,MLWorks,fi_abs_syntax.sml,1762,Leo,332,332,1366333.50,6624.50,2719744,10,true,true,OK,accept,true
sml,MLWorks,fi_abs_syntax.sml,1762,GLL,332,332,1155229.00,21333.00,2490368,10,true,true,OK,accept,true
sml,MLWorks,fi_abs_syntax.sml,1762,RNGLR,332,332,304729.50,6646.00,16384,10,true,true,OK,accept,true
sml,MLWorks,fi_abs_syntax.sml,1762,BRNGLR,332,332,306479.50,2417.00,16384,10,true,true,OK,accept,true
sml,MLWorks,exception11.sml,815,Leo,334,334,14204729.00,55124.50,9158656,10,true,true,OK,accept,true
sml,MLWorks,exception11.sml,815,GLL,334,334,16535124.50,55187.00,15171584,10,true,true,OK,accept,true
sml,MLWorks,exception11.sml,815,RNGLR,334,334,31689292.00,64959.00,5767168,10,true,true,OK,accept,true
sml,MLWorks,exception11.sml,815,BRNGLR,334,334,23586499.50,40166.50,10469376,10,true,true,OK,accept,true
sml,MLWorks,_depend.sml,1718,Leo,336,336,2321458.00,29228.50,4079616,10,true,true,OK,accept,true
sml,MLWorks,_depend.sml,1718,GLL,336,336,2730541.50,20853.50,3833856,10,true,true,OK,accept,true
sml,MLWorks,_depend.sml,1718,RNGLR,336,336,655604.50,3020.50,32768,10,true,true,OK,accept,true
sml,MLWorks,_depend.sml,1718,BRNGLR,336,336,609583.00,14167.00,32768,10,true,true,OK,accept,true
sml,MLWorks,floatarray_fill_range.sml,1213,Leo,347,347,3081583.50,14583.50,4030464,10,true,true,OK,accept,true
sml,MLWorks,floatarray_fill_range.sml,1213,GLL,347,347,2453083.50,16375.00,2916352,10,true,true,OK,accept,true
sml,MLWorks,floatarray_fill_range.sml,1213,RNGLR,347,347,790229.00,4187.50,32768,10,true,true,OK,accept,true
sml,MLWorks,floatarray_fill_range.sml,1213,BRNGLR,347,347,697083.50,5375.00,32768,10,true,true,OK,accept,true
sml,MLWorks,environment.sml,1865,Leo,347,347,3084333.50,17062.50,3358720,10,true,true,OK,accept,true
sml,MLWorks,environment.sml,1865,GLL,347,347,5409854.50,52458.50,7421952,10,true,true,OK,accept,true
sml,MLWorks,environment.sml,1865,RNGLR,347,347,2109604.50,7021.00,589824,10,true,true,OK,accept,true
sml,MLWorks,environment.sml,1865,BRNGLR,347,347,1559250.00,6500.00,622592,10,true,true,OK,accept,true
sml,MLWorks,machtypes.sml,1783,Leo,354,354,4503958.00,32000.00,4636672,10,true,true,OK,accept,true
sml,MLWorks,machtypes.sml,1783,GLL,354,354,37658792.00,359625.00,31064064,10,true,true,OK,accept,true
sml,MLWorks,machtypes.sml,1783,RNGLR,354,354,26092000.00,54875.00,12861440,10,true,true,OK,accept,true
sml,MLWorks,machtypes.sml,1783,BRNGLR,354,354,18391104.00,74416.50,12042240,10,true,true,OK,accept,true
sml,MLWorks,__ls.sml,1881,Leo,354,354,3879771.00,18250.50,6537216,10,true,true,OK,accept,true
sml,MLWorks,__ls.sml,1881,GLL,354,354,3715333.00,14334.00,4784128,10,true,true,OK,accept,true
sml,MLWorks,__ls.sml,1881,RNGLR,354,354,2145479.00,12062.50,1245184,10,true,true,OK,accept,true
sml,MLWorks,__ls.sml,1881,BRNGLR,354,354,1716313.00,9271.50,606208,10,true,true,OK,accept,true
sml,MLWorks,__stream.sml,1312,Leo,357,357,3051583.00,16479.00,5586944,10,true,true,OK,accept,true
sml,MLWorks,__stream.sml,1312,GLL,357,357,3127916.50,36645.50,5177344,10,true,true,OK,accept,true
sml,MLWorks,__stream.sml,1312,RNGLR,357,357,1466083.00,42916.50,491520,10,true,true,OK,accept,true
sml,MLWorks,__stream.sml,1312,BRNGLR,357,357,1188187.50,5645.50,606208,10,true,true,OK,accept,true
sml,MLWorks,code.sml,1779,Leo,359,359,2961958.00,21167.00,4145152,10,true,true,OK,accept,true
sml,MLWorks,code.sml,1779,GLL,359,359,5139459.00,33271.50,7716864,10,true,true,OK,accept,true
sml,MLWorks,code.sml,1779,RNGLR,359,359,1845250.50,4563.00,589824,10,true,true,OK,accept,true
sml,MLWorks,code.sml,1779,BRNGLR,359,359,1394562.50,5646.00,737280,10,true,true,OK,accept,true
sml,MLWorks,forms.sml,3312,Leo,360,360,4041396.00,28541.50,6668288,10,true,true,OK,accept,true
sml,MLWorks,forms.sml,3312,GLL,360,360,3617792.00,42313.00,4866048,10,true,true,OK,accept,true
sml,MLWorks,forms.sml,3312,RNGLR,360,360,1352041.50,341250.00,1376256,10,true,true,OK,accept,true
sml,MLWorks,forms.sml,3312,BRNGLR,360,360,894479.50,3771.00,16384,10,true,true,OK,accept,true
sml,MLWorks,array_large.sml,1201,Leo,365,365,3834333.50,29646.00,6668288,10,true,true,OK,accept,true
sml,MLWorks,array_large.sml,1201,GLL,365,365,4692020.50,20812.00,5619712,10,true,true,OK,accept,true
sml,MLWorks,array_large.sml,1201,RNGLR,365,365,4559478.50,4458.00,1605632,10,true,true,OK,accept,true
sml,MLWorks,array_large.sml,1201,BRNGLR,365,365,3421437.50,21542.00,1638400,10,true,true,OK,accept,true
sml,MLWorks,prim_io.sml,1354,Leo,366,366,1268270.50,14104.00,1966080,10,true,true,OK,accept,true
sml,MLWorks,prim_io.sml,1354,GLL,366,366,2072145.50,20687.50,3997696,10,true,true,OK,accept,true
sml,MLWorks,prim_io.sml,1354,RNGLR,366,366,474708.00,2896.00,32768,10,true,true,OK,accept,true
sml,MLWorks,prim_io.sml,1354,BRNGLR,366,366,446208.00,4333.00,16384,10,true,true,OK,accept,true
sml,MLWorks,match.sml,856,Leo,369,369,4128771.00,18875.00,6717440,10,true,true,OK,accept,true
sml,MLWorks,match.sml,856,GLL,369,369,2084312.50,15270.50,3670016,10,true,true,OK,accept,true
sml,MLWorks,match.sml,856,RNGLR,369,369,483104.00,1916.00,65536,10,true,true,OK,accept,true
sml,MLWorks,match.sml,856,BRNGLR,369,369,477000.00,5646.00,32768,10,true,true,OK,accept,true
sml,MLWorks,debug.sml,1351,Leo,370,370,2877312.50,29791.50,3833856,10,true,true,OK,accept,true
sml,MLWorks,debug.sml,1351,GLL,370,370,3248521.50,16291.50,4669440,10,true,true,OK,accept,true
sml,MLWorks,debug.sml,1351,RNGLR,370,370,951271.00,8250.00,65536,10,true,true,OK,accept,true
sml,MLWorks,debug.sml,1351,BRNGLR,370,370,857166.50,6354.00,32768,10,true,true,OK,accept,true
sml,MLWorks,_value_printer_utilities.sml,1614,Leo,370,370,2672229.00,21937.00,5505024,10,true,true,OK,accept,true
sml,MLWorks,_value_printer_utilities.sml,1614,GLL,370,370,2756312.50,53958.50,4079616,10,true,true,OK,accept,true
sml,MLWorks,_value_printer_utilities.sml,1614,RNGLR,370,370,702646.00,5604.00,32768,10,true,true,OK,accept,true
sml,MLWorks,_value_printer_utilities.sml,1614,BRNGLR,370,370,658916.50,15020.50,49152,10,true,true,OK,accept,true
sml,MLWorks,delivery.sml,1809,Leo,371,371,4246854.00,114041.50,6225920,10,true,true,OK,accept,true
sml,MLWorks,delivery.sml,1809,GLL,371,371,5289083.50,36208.50,6029312,10,true,true,OK,accept,true
sml,MLWorks,delivery.sml,1809,RNGLR,371,371,4382979.50,29791.50,901120,10,true,true,OK,accept,true
sml,MLWorks,delivery.sml,1809,BRNGLR,371,371,3306667.00,15958.50,770048,10,true,true,OK,accept,true
sml,MLWorks,__queens.sml,1374,Leo,373,373,2991729.00,21729.50,5931008,10,true,true,OK,accept,true
sml,MLWorks,__queens.sml,1374,GLL,373,373,2764604.50,20542.00,4374528,10,true,true,OK,accept,true
sml,MLWorks,__queens.sml,1374,RNGLR,373,373,798875.00,9479.00,32768,10,true,true,OK,accept,true
sml,MLWorks,__queens.sml,1374,BRNGLR,373,373,849958.00,50229.00,32768,10,true,true,OK,accept,true
sml,MLWorks,graph_widget.sml,1689,Leo,374,374,1710000.00,26166.50,1949696,10,true,true,OK,accept,true
sml,MLWorks,graph_widget.sml,1689,GLL,374,374,2869666.00,25186.50,3883008,10,true,true,OK,accept,true
sml,MLWorks,graph_widget.sml,1689,RNGLR,374,374,752229.00,6000.00,32768,10,true,true,OK,accept,true
sml,MLWorks,graph_widget.sml,1689,BRNGLR,374,374,675917.00,18542.00,32768,10,true,true,OK,accept,true
sml,MLWorks,mlworks_c_io.sml,1826,Leo,379,379,5516417.00,25916.50,6963200,10,true,true,OK,accept,true
sml,MLWorks,mlworks_c_io.sml,1826,GLL,379,379,10793792.00,20980.00,15499264,10,true,true,OK,accept,true
sml,MLWorks,mlworks_c_io.sml,1826,RNGLR,379,379,5436688.00,16375.00,1884160,10,true,true,OK,accept,true
sml,MLWorks,mlworks_c_io.sml,1826,BRNGLR,379,379,3918354.50,15542.00,2244608,10,true,true,OK,accept,true
sml,MLWorks,config_sig.sml,2071,Leo,381,381,4234875.00,24208.00,5455872,10,true,true,OK,accept,true
sml,MLWorks,config_sig.sml,2071,GLL,381,381,8166250.00,105750.00,10747904,10,true,true,OK,accept,true
sml,MLWorks,config_sig.sml,2071,RNGLR,381,381,3567541.50,15041.50,2015232,10,true,true,OK,accept,true
sml,MLWorks,config_sig.sml,2071,BRNGLR,381,381,2560042.00,16000.50,1769472,10,true,true,OK,accept,true
sml,MLWorks,os_io.sml,1372,Leo,382,382,5822479.00,63208.50,7536640,10,true,true,OK,accept,true
sml,MLWorks,os_io.sml,1372,GLL,382,382,7869625.00,24062.00,8208384,10,true,true,OK,accept,true
sml,MLWorks,os_io.sml,1372,RNGLR,382,382,13805750.00,34687.00,2506752,10,true,true,OK,accept,true
sml,MLWorks,os_io.sml,1372,BRNGLR,382,382,10220563.00,17521.50,2949120,10,true,true,OK,accept,true
sml,MLWorks,ndbm_fi_spec.sml,1490,Leo,384,384,4904125.00,14375.50,7421952,10,true,true,OK,accept,true
sml,MLWorks,ndbm_fi_spec.sml,1490,GLL,384,384,4902916.50,33062.00,6324224,10,true,true,OK,accept,true
sml,MLWorks,ndbm_fi_spec.sml,1490,RNGLR,384,384,2948916.50,9042.00,671744,10,true,true,OK,accept,true
sml,MLWorks,ndbm_fi_spec.sml,1490,BRNGLR,384,384,2336771.00,3604.00,1540096,10,true,true,OK,accept,true
sml,MLWorks,gui_utils.sml,2133,Leo,385,385,2841041.50,11562.50,3489792,10,true,true,OK,accept,true
sml,MLWorks,gui_utils.sml,2133,GLL,385,385,7477333.00,86166.00,8110080,10,true,true,OK,accept,true
sml,MLWorks,gui_utils.sml,2133,RNGLR,385,385,2843583.50,10312.50,917504,10,true,true,OK,accept,true
sml,MLWorks,gui_utils.sml,2133,BRNGLR,385,385,2068479.50,7770.50,622592,10,true,true,OK,accept,true
sml,MLWorks,annotation_tree.sml,2024,Leo,389,389,3406979.50,25125.00,6979584,10,true,true,OK,accept,true
sml,MLWorks,annotation_tree.sml,2024,GLL,389,389,3296354.00,29146.00,5029888,10,true,true,OK,accept,true
sml,MLWorks,annotation_tree.sml,2024,RNGLR,389,389,1270604.00,6270.50,655360,10,true,true,OK,accept,true
sml,MLWorks,annotation_tree.sml,2024,BRNGLR,389,389,1172062.50,8541.50,884736,10,true,true,OK,accept,true
sml,MLWorks,__static_bytearray.sml,2007,Leo,393,393,4592062.50,30250.00,7127040,10,true,true,OK,accept,true
sml,MLWorks,__static_bytearray.sml,2007,GLL,393,393,6700354.00,26542.00,8896512,10,true,true,OK,accept,true
sml,MLWorks,__static_bytearray.sml,2007,RNGLR,393,393,6493208.50,13604.00,1556480,10,true,true,OK,accept,true
sml,MLWorks,__static_bytearray.sml,2007,BRNGLR,393,393,4733854.00,21000.00,2998272,10,true,true,OK,accept,true
sml,MLWorks,basic_util_sig.sml,1564,Leo,394,394,2575917.00,7625.00,4145152,10,true,true,OK,accept,true
sml,MLWorks,basic_util_sig.sml,1564,GLL,394,394,5224979.00,41416.50,7372800,10,true,true,OK,accept,true
sml,MLWorks,basic_util_sig.sml,1564,RNGLR,394,394,1179375.00,3333.00,950272,10,true,true,OK,accept,true
sml,MLWorks,basic_util_sig.sml,1564,BRNGLR,394,394,981666.50,7771.00,49152,10,true,true,OK,accept,true
sml,MLWorks,_hash_table.sml,1489,Leo,395,395,2749187.00,9250.00,5881856,10,true,true,OK,accept,true
sml,MLWorks,_hash_table.sml,1489,GLL,395,395,2778459.00,29062.50,4751360,10,true,true,OK,accept,true
sml,MLWorks,_hash_table.sml,1489,RNGLR,395,395,858167.00,5875.00,32768,10,true,true,OK,accept,true
sml,MLWorks,_hash_table.sml,1489,BRNGLR,395,395,789042.00,7209.00,49152,10,true,true,OK,accept,true
sml,MLWorks,Visited.sml,1182,Leo,397,397,2806812.50,25917.00,5865472,10,true,true,OK,accept,true
sml,MLWorks,Visited.sml,1182,GLL,397,397,2513292.00,10750.00,2605056,10,true,true,OK,accept,true
sml,MLWorks,Visited.sml,1182,RNGLR,397,397,754354.00,2479.00,49152,10,true,true,OK,accept,true
sml,MLWorks,Visited.sml,1182,BRNGLR,397,397,732520.50,6083.50,65536,10,true,true,OK,accept,true
sml,MLWorks,__binary.sml,1606,Leo,398,398,3739625.50,49896.50,6914048,10,true,true,OK,accept,true
sml,MLWorks,__binary.sml,1606,GLL,398,398,4031250.00,22458.50,5029888,10,true,true,OK,accept,true
sml,MLWorks,__binary.sml,1606,RNGLR,398,398,2088062.50,10729.00,524288,10,true,true,OK,accept,true
sml,MLWorks,__binary.sml,1606,BRNGLR,398,398,1649041.50,6583.00,655360,10,true,true,OK,accept,true
sml,MLWorks,userKBO.sml,1578,Leo,400,400,3177791.50,165000.00,4358144,10,true,true,OK,accept,true
sml,MLWorks,userKBO.sml,1578,GLL,400,400,3675354.50,25062.50,4571136,10,true,true,OK,accept,true
sml,MLWorks,userKBO.sml,1578,RNGLR,400,400,985562.50,3291.50,901120,10,true,true,OK,accept,true
sml,MLWorks,userKBO.sml,1578,BRNGLR,400,400,915792.00,9667.00,32768,10,true,true,OK,accept,true
sml,MLWorks,prettyprint.sml,1383,Leo,401,401,3417271.00,58542.50,4325376,10,true,true,OK,accept,true
sml,MLWorks,prettyprint.sml,1383,GLL,401,401,3471771.00,36646.00,4702208,10,true,true,OK,accept,true
sml,MLWorks,prettyprint.sml,1383,RNGLR,401,401,969520.50,7146.00,901120,10,true,true,OK,accept,true
sml,MLWorks,prettyprint.sml,1383,BRNGLR,401,401,885479.50,6354.00,1015808,10,true,true,OK,accept,true
sml,MLWorks,__join.sml,1810,Leo,401,401,2961187.50,30729.00,5783552,10,true,true,OK,accept,true
sml,MLWorks,__join.sml,1810,GLL,401,401,2673875.00,4312.50,3489792,10,true,true,OK,accept,true
sml,MLWorks,__join.sml,1810,RNGLR,401,401,854729.00,8041.50,49152,10,true,true,OK,accept,true
sml,MLWorks,__join.sml,1810,BRNGLR,401,401,805458.00,7979.00,49152,10,true,true,OK,accept,true
sml,MLWorks,auglambda.sml,1666,Leo,402,402,1759833.50,12083.50,1966080,10,true,true,OK,accept,true
sml,MLWorks,auglambda.sml,1666,GLL,402,402,1699958.50,21792.00,2179072,10,true,true,OK,accept,true
sml,MLWorks,auglambda.sml,1666,RNGLR,402,402,479624.50,2791.00,32768,10,true,true,OK,accept,true
sml,MLWorks,auglambda.sml,1666,BRNGLR,402,402,469916.50,8687.00,32768,10,true,true,OK,accept,true
sml,MLWorks,__structure.sml,1960,Leo,403,403,3488646.00,19354.00,6701056,10,true,true,OK,accept,true
sml,MLWorks,__structure.sml,1960,GLL,403,403,4149729.50,43125.50,4669440,10,true,true,OK,accept,true
sml,MLWorks,__structure.sml,1960,RNGLR,403,403,2917875.00,12729.00,770048,10,true,true,OK,accept,true
sml,MLWorks,__structure.sml,1960,BRNGLR,403,403,2193124.50,8895.00,1622016,10,true,true,OK,accept,true
sml,MLWorks,change_mlworks.sml,1805,Leo,404,404,2717917.00,20042.00,5636096,10,true,true,OK,accept,true
sml,MLWorks,change_mlworks.sml,1805,GLL,404,404,3152645.50,24604.00,5046272,10,true,true,OK,accept,true
sml,MLWorks,change_mlworks.sml,1805,RNGLR,404,404,1369208.00,8771.00,557056,10,true,true,OK,accept,true
sml,MLWorks,change_mlworks.sml,1805,BRNGLR,404,404,1151583.50,9396.00,737280,10,true,true,OK,accept,true
sml,MLWorks,timer.sml,1560,Leo,406,406,4133666.50,38458.50,6946816,10,true,true,OK,accept,true
sml,MLWorks,timer.sml,1560,GLL,406,406,5364270.50,39334.00,8273920,10,true,true,OK,accept,true
sml,MLWorks,timer.sml,1560,RNGLR,406,406,5666458.50,14854.00,1015808,10,true,true,OK,accept,true
sml,MLWorks,timer.sml,1560,BRNGLR,406,406,4472000.00,18916.50,1310720,10,true,true,OK,accept,true
sml,MLWorks,profile2.sml,1891,Leo,406,406,3768208.50,23271.00,6864896,10,true,true,OK,accept,true
sml,MLWorks,profile2.sml,1891,GLL,406,406,3638500.50,35876.00,4800512,10,true,true,OK,accept,true
sml,MLWorks,profile2.sml,1891,RNGLR,406,406,2388563.00,8813.50,770048,10,true,true,OK,accept,true
sml,MLWorks,profile2.sml,1891,BRNGLR,406,406,1936437.50,7979.00,589824,10,true,true,OK,accept,true
sml,MLWorks,encapsulate.sml,2087,Leo,406,406,2063708.50,21896.00,1687552,10,true,true,OK,accept,true
sml,MLWorks,encapsulate.sml,2087,GLL,406,406,3837625.50,15000.00,3981312,10,true,true,OK,accept,true
sml,MLWorks,encapsulate.sml,2087,RNGLR,406,406,1054688.00,5583.50,65536,10,true,true,OK,accept,true
sml,MLWorks,encapsulate.sml,2087,BRNGLR,406,406,855395.50,2625.00,49152,10,true,true,OK,accept,true
sml,MLWorks,__random.sml,1946,Leo,407,407,5151917.00,28792.00,6979584,10,true,true,OK,accept,true
sml,MLWorks,__random.sml,1946,GLL,407,407,9854333.50,12292.00,10125312,10,true,true,OK,accept,true
sml,MLWorks,__random.sml,1946,RNGLR,407,407,15643562.50,42021.00,5586944,10,true,true,OK,accept,true
sml,MLWorks,__random.sml,1946,BRNGLR,407,407,11224708.50,57958.00,5373952,10,true,true,OK,accept,true
sml,MLWorks,menus.sml,1825,Leo,408,408,2693478.50,15853.50,4128768,10,true,true,OK,accept,true
sml,MLWorks,menus.sml,1825,GLL,408,408,3832896.00,24416.50,7667712,10,true,true,OK,accept,true
sml,MLWorks,menus.sml,1825,RNGLR,408,408,1084125.00,2687.50,1114112,10,true,true,OK,accept,true
sml,MLWorks,menus.sml,1825,BRNGLR,408,408,931354.00,5562.50,49152,10,true,true,OK,accept,true
sml,MLWorks,__rounding.sml,1856,Leo,408,408,3781583.50,26771.00,6897664,10,true,true,OK,accept,true
sml,MLWorks,__rounding.sml,1856,GLL,408,408,3635416.50,21729.50,5160960,10,true,true,OK,accept,true
sml,MLWorks,__rounding.sml,1856,RNGLR,408,408,1369375.00,5708.50,655360,10,true,true,OK,accept,true
sml,MLWorks,__rounding.sml,1856,BRNGLR,408,408,1184083.00,2895.50,1097728,10,true,true,OK,accept,true
sml,MLWorks,lexical.sml,1451,Leo,414,414,3201188.00,16292.00,5013504,10,true,true,OK,accept,true
sml,MLWorks,lexical.sml,1451,GLL,414,414,3497104.00,46687.00,4734976,10,true,true,OK,accept,true
sml,MLWorks,lexical.sml,1451,RNGLR,414,414,1221458.50,8917.00,589824,10,true,true,OK,accept,true
sml,MLWorks,lexical.sml,1451,BRNGLR,414,414,1127812.50,5812.50,933888,10,true,true,OK,accept,true
sml,MLWorks,__ndbm.sml,2193,Leo,416,416,8486083.50,17708.50,8896512,10,true,true,OK,accept,true
sml,MLWorks,__ndbm.sml,2193,GLL,416,416,8077062.50,32395.50,9601024,10,true,true,OK,accept,true
sml,MLWorks,__ndbm.sml,2193,RNGLR,416,416,10388062.50,39020.50,3358720,10,true,true,OK,accept,true
sml,MLWorks,__ndbm.sml,2193,BRNGLR,416,416,7386437.00,18625.00,4145152,10,true,true,OK,accept,true
sml,MLWorks,coord.sml,1323,Leo,417,417,3835416.50,21542.00,6897664,10,true,true,OK,accept,true
sml,MLWorks,coord.sml,1323,GLL,417,417,3732937.50,31333.00,4898816,10,true,true,OK,accept,true
sml,MLWorks,coord.sml,1323,RNGLR,417,417,1755771.50,7521.50,557056,10,true,true,OK,accept,true
sml,MLWorks,coord.sml,1323,BRNGLR,417,417,1518729.00,3833.50,655360,10,true,true,OK,accept,true
sml,MLWorks,sort_preserve.sml,1815,Leo,418,418,3097521.00,12604.00,5144576,10,true,true,OK,accept,true
sml,MLWorks,sort_preserve.sml,1815,GLL,418,418,3312313.00,25334.00,4751360,10,true,true,OK,accept,true
sml,MLWorks,sort_preserve.sml,1815,RNGLR,418,418,980041.50,8541.50,868352,10,true,true,OK,accept,true
sml,MLWorks,sort_preserve.sml,1815,BRNGLR,418,418,899937.00,10145.50,49152,10,true,true,OK,accept,true
sml,MLWorks,machspec.sml,2058,Leo,419,419,2793354.00,11499.50,4096000,10,true,true,OK,accept,true
sml,MLWorks,machspec.sml,2058,GLL,419,419,15617396.00,49938.00,15728640,10,true,true,OK,accept,true
sml,MLWorks,machspec.sml,2058,RNGLR,419,419,8831333.50,28000.00,3964928,10,true,true,OK,accept,true
sml,MLWorks,machspec.sml,2058,BRNGLR,419,419,6184270.50,19146.00,4325376,10,true,true,OK,accept,true
sml,MLWorks,termcap.sml,1563,Leo,421,421,4499187.50,18520.50,7995392,10,true,true,OK,accept,true
sml,MLWorks,termcap.sml,1563,GLL,421,421,4936896.50,50917.50,8896512,10,true,true,OK,accept,true
sml,MLWorks,termcap.sml,1563,RNGLR,421,421,3848937.50,15208.50,1114112,10,true,true,OK,accept,true
sml,MLWorks,termcap.sml,1563,BRNGLR,421,421,3017896.50,18313.00,1097728,10,true,true,OK,accept,true
sml,MLWorks,textwindow.sml,1320,Leo,422,422,3516646.00,30271.00,7176192,10,true,true,OK,accept,true
sml,MLWorks,textwindow.sml,1320,GLL,422,422,3703208.50,28625.00,4833280,10,true,true,OK,accept,true
sml,MLWorks,textwindow.sml,1320,RNGLR,422,422,1078229.50,4521.50,606208,10,true,true,OK,accept,true
sml,MLWorks,textwindow.sml,1320,BRNGLR,422,422,1032208.00,18124.50,901120,10,true,true,OK,accept,true
sml,MLWorks,_namehash.sml,1677,Leo,425,425,3505854.00,13104.00,6668288,10,true,true,OK,accept,true
sml,MLWorks,_namehash.sml,1677,GLL,425,425,2260250.00,11312.50,4227072,10,true,true,OK,accept,true
sml,MLWorks,_namehash.sml,1677,RNGLR,425,425,632479.00,6895.50,49152,10,true,true,OK,accept,true
sml,MLWorks,_namehash.sml,1677,BRNGLR,425,425,608583.00,4124.50,49152,10,true,true,OK,accept,true
sml,MLWorks,lambdatypes.sml,2067,Leo,428,428,3796479.50,17375.00,5636096,10,true,true,OK,accept,true
sml,MLWorks,lambdatypes.sml,2067,GLL,428,428,8694875.00,149812.50,15106048,10,true,true,OK,accept,true
sml,MLWorks,lambdatypes.sml,2067,RNGLR,428,428,3706312.50,22104.00,2277376,10,true,true,OK,accept,true
sml,MLWorks,lambdatypes.sml,2067,BRNGLR,428,428,2692312.50,7833.00,1409024,10,true,true,OK,accept,true
sml,MLWorks,_reals.sml,1810,Leo,433,433,4208458.00,41853.50,7061504,10,true,true,OK,accept,true
sml,MLWorks,_reals.sml,1810,GLL,433,433,4025604.50,45938.00,5292032,10,true,true,OK,accept,true
sml,MLWorks,_reals.sml,1810,RNGLR,433,433,1385479.50,14979.00,671744,10,true,true,OK,accept,true
sml,MLWorks,_reals.sml,1810,BRNGLR,433,433,1153042.00,13083.50,868352,10,true,true,OK,accept,true
sml,MLWorks,_stack_interface.sml,1978,Leo,433,433,4052729.50,18833.50,6750208,10,true,true,OK,accept,true
sml,MLWorks,_stack_interface.sml,1978,GLL,433,433,4166416.50,28562.00,5111808,10,true,true,OK,accept,true
sml,MLWorks,_stack_interface.sml,1978,RNGLR,433,433,2326520.50,9145.50,1294336,10,true,true,OK,accept,true
sml,MLWorks,_stack_interface.sml,1978,BRNGLR,433,433,1841583.00,11041.50,638976,10,true,true,OK,accept,true
sml,MLWorks,matrix.sml,1594,Leo,435,435,7528854.00,24687.00,8830976,10,true,true,OK,accept,true
sml,MLWorks,matrix.sml,1594,GLL,435,435,11241625.00,28521.00,10715136,10,true,true,OK,accept,true
sml,MLWorks,matrix.sml,1594,RNGLR,435,435,13748333.00,48812.00,3702784,10,true,true,OK,accept,true
sml,MLWorks,matrix.sml,1594,BRNGLR,435,435,10095146.00,22521.00,4145152,10,true,true,OK,accept,true
sml,MLWorks,superpose.sml,1506,Leo,436,436,3211187.50,21312.50,6766592,10,true,true,OK,accept,true
sml,MLWorks,superpose.sml,1506,GLL,436,436,3532958.50,12437.50,4669440,10,true,true,OK,accept,true
sml,MLWorks,superpose.sml,1506,RNGLR,436,436,1155875.00,5479.50,606208,10,true,true,OK,accept,true
sml,MLWorks,superpose.sml,1506,BRNGLR,436,436,1029437.50,5791.50,835584,10,true,true,OK,accept,true
sml,MLWorks,modules.sml,1978,Leo,437,437,4004917.00,15396.50,6815744,10,true,true,OK,accept,true
sml,MLWorks,modules.sml,1978,GLL,437,437,4939000.00,30999.50,5292032,10,true,true,OK,accept,true
sml,MLWorks,modules.sml,1978,RNGLR,437,437,2559916.50,10958.50,868352,10,true,true,OK,accept,true
sml,MLWorks,modules.sml,1978,BRNGLR,437,437,2100666.50,17229.00,1687552,10,true,true,OK,accept,true
sml,MLWorks,hello.sml,2255,Leo,440,440,5464042.00,37730.00,7143424,10,true,true,OK,accept,true
sml,MLWorks,hello.sml,2255,GLL,440,440,7407687.00,32333.00,8880128,10,true,true,OK,accept,true
sml,MLWorks,hello.sml,2255,RNGLR,440,440,7590354.00,11791.50,2457600,10,true,true,OK,accept,true
sml,MLWorks,hello.sml,2255,BRNGLR,440,440,5518625.00,25958.50,1818624,10,true,true,OK,accept,true
sml,MLWorks,user_options.sml,2843,Leo,441,441,2378291.50,18750.00,4341760,10,true,true,OK,accept,true
sml,MLWorks,user_options.sml,2843,GLL,441,441,5613541.50,18708.50,7471104,10,true,true,OK,accept,true
sml,MLWorks,user_options.sml,2843,RNGLR,441,441,2007875.00,11979.50,671744,10,true,true,OK,accept,true
sml,MLWorks,user_options.sml,2843,BRNGLR,441,441,1504458.50,8104.50,802816,10,true,true,OK,accept,true
sml,MLWorks,bytearray_copy.sml,1458,Leo,446,446,4432250.00,18500.00,7684096,10,true,true,OK,accept,true
sml,MLWorks,bytearray_copy.sml,1458,GLL,446,446,3129541.50,17708.50,5029888,10,true,true,OK,accept,true
sml,MLWorks,bytearray_copy.sml,1458,RNGLR,446,446,1268833.50,9729.00,835584,10,true,true,OK,accept,true
sml,MLWorks,bytearray_copy.sml,1458,BRNGLR,446,446,1073478.50,9416.00,1146880,10,true,true,OK,accept,true
sml,MLWorks,array_copy.sml,1552,Leo,446,446,4435604.00,51999.50,7913472,10,true,true,OK,accept,true
sml,MLWorks,array_copy.sml,1552,GLL,446,446,3141833.50,39416.50,5029888,10,true,true,OK,accept,true
sml,MLWorks,array_copy.sml,1552,RNGLR,446,446,1271063.00,10063.00,901120,10,true,true,OK,accept,true
sml,MLWorks,array_copy.sml,1552,BRNGLR,446,446,1066896.00,2875.00,81920,10,true,true,OK,accept,true
sml,MLWorks,_imperative_io.sml,1699,Leo,447,447,5565896.00,36041.50,7405568,10,true,true,OK,accept,true
sml,MLWorks,_imperative_io.sml,1699,GLL,447,447,6841187.50,49729.00,8978432,10,true,true,OK,accept,true
sml,MLWorks,_imperative_io.sml,1699,RNGLR,447,447,6464958.00,23917.00,1933312,10,true,true,OK,accept,true
sml,MLWorks,_imperative_io.sml,1699,BRNGLR,447,447,4595146.50,16333.50,3112960,10,true,true,OK,accept,true
sml,MLWorks,_options.sml,2809,Leo,447,447,2311646.00,10771.00,4292608,10,true,true,OK,accept,true
sml,MLWorks,_options.sml,2809,GLL,447,447,2917563.00,35396.00,3817472,10,true,true,OK,accept,true
sml,MLWorks,_options.sml,2809,RNGLR,447,447,1218166.50,8021.00,753664,10,true,true,OK,accept,true
sml,MLWorks,_options.sml,2809,BRNGLR,447,447,1042917.00,2770.50,65536,10,true,true,OK,accept,true
sml,MLWorks,sphere.sml,1313,Leo,449,449,3647166.50,16604.50,7110656,10,true,true,OK,accept,true
sml,MLWorks,sphere.sml,1313,GLL,449,449,4208854.00,62729.00,4833280,10,true,true,OK,accept,true
sml,MLWorks,sphere.sml,1313,RNGLR,449,449,1358083.50,13292.00,622592,10,true,true,OK,accept,true
sml,MLWorks,sphere.sml,1313,BRNGLR,449,449,1212458.50,8375.00,671744,10,true,true,OK,accept,true
sml,MLWorks,tooldata.sml,2203,Leo,449,449,2903833.00,17374.00,4194304,10,true,true,OK,accept,true
sml,MLWorks,tooldata.sml,2203,GLL,449,449,6650520.50,57541.50,7602176,10,true,true,OK,accept,true
sml,MLWorks,tooldata.sml,2203,RNGLR,449,449,2287187.50,11437.00,1671168,10,true,true,OK,accept,true
sml,MLWorks,tooldata.sml,2203,BRNGLR,449,449,1756250.50,5395.50,606208,10,true,true,OK,accept,true
sml,MLWorks,__math.sml,1557,Leo,450,450,5199437.50,21396.00,7569408,10,true,true,OK,accept,true
sml,MLWorks,__math.sml,1557,GLL,450,450,5364313.00,46708.50,9191424,10,true,true,OK,accept,true
sml,MLWorks,__math.sml,1557,RNGLR,450,450,4237916.50,13104.00,1032192,10,true,true,OK,accept,true
sml,MLWorks,__math.sml,1557,BRNGLR,450,450,3276812.00,18145.00,2359296,10,true,true,OK,accept,true
sml,MLWorks,__sml90.sml,1960,Leo,450,450,4384229.00,22958.50,7405568,10,true,true,OK,accept,true
sml,MLWorks,__sml90.sml,1960,GLL,450,450,5420833.50,25062.50,5963776,10,true,true,OK,accept,true
sml,MLWorks,__sml90.sml,1960,RNGLR,450,450,5175812.50,7541.50,1703936,10,true,true,OK,accept,true
sml,MLWorks,__sml90.sml,1960,BRNGLR,450,450,3740813.00,33855.00,2097152,10,true,true,OK,accept,true
sml,MLWorks,mono_vector.sml,1617,Leo,453,453,3018937.50,26291.50,4145152,10,true,true,OK,accept,true
sml,MLWorks,mono_vector.sml,1617,GLL,453,453,6368083.50,33708.50,8011776,10,true,true,OK,accept,true
sml,MLWorks,mono_vector.sml,1617,RNGLR,453,453,1671020.50,3666.50,638976,10,true,true,OK,accept,true
sml,MLWorks,mono_vector.sml,1617,BRNGLR,453,453,1361666.50,8021.00,1015808,10,true,true,OK,accept,true
sml,MLWorks,char_vector.sml,1551,Leo,458,458,4621437.50,20458.50,7684096,10,true,true,OK,accept,true
sml,MLWorks,char_vector.sml,1551,GLL,458,458,4867771.00,19667.00,5652480,10,true,true,OK,accept,true
sml,MLWorks,char_vector.sml,1551,RNGLR,458,458,4071458.00,7271.00,917504,10,true,true,OK,accept,true
sml,MLWorks,char_vector.sml,1551,BRNGLR,458,458,3114271.00,25479.50,819200,10,true,true,OK,accept,true
sml,MLWorks,__net_db.sml,1731,Leo,458,458,3512250.00,27375.50,6832128,10,true,true,OK,accept,true
sml,MLWorks,__net_db.sml,1731,GLL,458,458,3563249.50,21020.00,4866048,10,true,true,OK,accept,true
sml,MLWorks,__net_db.sml,1731,RNGLR,458,458,1454500.00,5916.50,507904,10,true,true,OK,accept,true
sml,MLWorks,__net_db.sml,1731,BRNGLR,458,458,1296083.00,4874.50,573440,10,true,true,OK,accept,true
sml,MLWorks,exception12.sml,570,Leo,461,461,3226770.50,68750.00,4292608,10,true,true,OK,accept,true
sml,MLWorks,exception12.sml,570,GLL,461,461,3962896.00,32541.50,4587520,10,true,true,OK,accept,true
sml,MLWorks,exception12.sml,570,RNGLR,461,461,2617937.50,12083.50,737280,10,true,true,OK,accept,true
sml,MLWorks,exception12.sml,570,BRNGLR,461,461,2024833.00,8937.00,475136,10,true,true,OK,accept,true
sml,MLWorks,__lowlevel.sml,1697,Leo,461,461,4314291.50,12854.00,8077312,10,true,true,OK,accept,true
sml,MLWorks,__lowlevel.sml,1697,GLL,461,461,4098458.50,21104.50,4620288,10,true,true,OK,accept,true
sml,MLWorks,__lowlevel.sml,1697,RNGLR,461,461,2366958.50,9312.50,1130496,10,true,true,OK,accept,true
sml,MLWorks,__lowlevel.sml,1697,BRNGLR,461,461,1867708.00,11353.50,622592,10,true,true,OK,accept,true
sml,MLWorks,pervasives.sml,2575,Leo,464,464,2122104.00,30667.00,1638400,10,true,true,OK,accept,true
sml,MLWorks,pervasives.sml,2575,GLL,464,464,2029416.50,12083.00,4292608,10,true,true,OK,accept,true
sml,MLWorks,pervasives.sml,2575,RNGLR,464,464,562229.00,4687.50,49152,10,true,true,OK,accept,true
sml,MLWorks,pervasives.sml,2575,BRNGLR,464,464,502771.00,1292.00,32768,10,true,true,OK,accept,true
sml,MLWorks,LRbasics.sml,2255,Leo,465,465,2092729.00,24479.50,1654784,10,true,true,OK,accept,true
sml,MLWorks,LRbasics.sml,2255,GLL,465,465,1525021.00,8021.00,2736128,10,true,true,OK,accept,true
sml,MLWorks,LRbasics.sml,2255,RNGLR,465,465,433104.50,3104.50,32768,10,true,true,OK,accept,true
sml,MLWorks,LRbasics.sml,2255,BRNGLR,465,465,418750.00,2791.00,49152,10,true,true,OK,accept,true
sml,MLWorks,sorts.sml,1238,Leo,466,466,3857541.50,7187.00,7110656,10,true,true,OK,accept,true
sml,MLWorks,sorts.sml,1238,GLL,466,466,3881875.00,16625.50,4800512,10,true,true,OK,accept,true
sml,MLWorks,sorts.sml,1238,RNGLR,466,466,1346229.50,7729.00,638976,10,true,true,OK,accept,true
sml,MLWorks,sorts.sml,1238,BRNGLR,466,466,1238979.50,14916.50,704512,10,true,true,OK,accept,true
sml,MLWorks,_typerep_utils.sml,2219,Leo,467,467,3579791.50,24416.50,7012352,10,true,true,OK,accept,true
sml,MLWorks,_typerep_utils.sml,2219,GLL,467,467,5006021.00,44563.00,7716864,10,true,true,OK,accept,true
sml,MLWorks,_typerep_utils.sml,2219,RNGLR,467,467,1255312.50,8104.00,622592,10,true,true,OK,accept,true
sml,MLWorks,_typerep_utils.sml,2219,BRNGLR,467,467,1057250.00,2583.50,851968,10,true,true,OK,accept,true
sml,MLWorks,proj_file.sml,2721,Leo,467,467,5169166.50,39146.00,6766592,10,true,true,OK,accept,true
sml,MLWorks,proj_file.sml,2721,GLL,467,467,15005895.50,119250.00,15695872,10,true,true,OK,accept,true
sml,MLWorks,proj_file.sml,2721,RNGLR,467,467,8037021.00,9104.00,2867200,10,true,true,OK,accept,true
sml,MLWorks,proj_file.sml,2721,BRNGLR,467,467,5683291.50,13312.00,2129920,10,true,true,OK,accept,true
sml,MLWorks,_os_file_sys.sml,2287,Leo,468,468,5858125.00,41333.00,8273920,10,true,true,OK,accept,true
sml,MLWorks,_os_file_sys.sml,2287,GLL,468,468,7527937.50,34270.50,9732096,10,true,true,OK,accept,true
sml,MLWorks,_os_file_sys.sml,2287,RNGLR,468,468,8426291.50,17958.00,3031040,10,true,true,OK,accept,true
sml,MLWorks,_os_file_sys.sml,2287,BRNGLR,468,468,6126250.00,12979.50,3293184,10,true,true,OK,accept,true
sml,MLWorks,environ.sml,2593,Leo,468,468,4262041.50,33083.00,6012928,10,true,true,OK,accept,true
sml,MLWorks,environ.sml,2593,GLL,468,468,6687104.00,35437.50,7323648,10,true,true,OK,accept,true
sml,MLWorks,environ.sml,2593,RNGLR,468,468,2654354.00,11104.00,1310720,10,true,true,OK,accept,true
sml,MLWorks,environ.sml,2593,BRNGLR,468,468,1964020.50,6708.00,671744,10,true,true,OK,accept,true
sml,MLWorks,_fi_int_abs_syn.sml,2459,Leo,469,469,4058021.00,28458.50,7127040,10,true,true,OK,accept,true
sml,MLWorks,_fi_int_abs_syn.sml,2459,GLL,469,469,3645041.50,41187.50,5226496,10,true,true,OK,accept,true
sml,MLWorks,_fi_int_abs_syn.sml,2459,RNGLR,469,469,1370375.00,4770.50,622592,10,true,true,OK,accept,true
sml,MLWorks,_fi_int_abs_syn.sml,2459,BRNGLR,469,469,1152291.50,5604.00,884736,10,true,true,OK,accept,true
sml,MLWorks,eq_fold.sml,1559,Leo,470,470,20570395.50,49104.50,15368192,10,true,true,OK,accept,true
sml,MLWorks,eq_fold.sml,1559,GLL,470,470,34001479.00,144125.00,27787264,10,true,true,OK,accept,true
sml,MLWorks,eq_fold.sml,1559,RNGLR,470,470,64121875.00,96938.00,14663680,10,true,true,OK,accept,true
sml,MLWorks,eq_fold.sml,1559,BRNGLR,470,470,48651021.00,119500.50,19922944,10,true,true,OK,accept,true
sml,MLWorks,ident.sml,2272,Leo,473,473,6797979.00,33312.50,8519680,10,true,true,OK,accept,true
sml,MLWorks,ident.sml,2272,GLL,473,473,21477771.00,38958.50,29114368,10,true,true,OK,accept,true
sml,MLWorks,ident.sml,2272,RNGLR,473,473,13600167.00,29270.50,6979584,10,true,true,OK,accept,true
sml,MLWorks,ident.sml,2272,BRNGLR,473,473,9572833.00,12479.00,6881280,10,true,true,OK,accept,true
sml,MLWorks,c_item_tree.sml,2319,Leo,473,473,4351562.00,16000.00,7258112,10,true,true,OK,accept,true
sml,MLWorks,c_item_tree.sml,2319,GLL,473,473,4887583.50,11250.00,6078464,10,true,true,OK,accept,true
sml,MLWorks,c_item_tree.sml,2319,RNGLR,473,473,3077771.00,18938.00,851968,10,true,true,OK,accept,true
sml,MLWorks,c_item_tree.sml,2319,BRNGLR,473,473,2467145.50,7791.00,1458176,10,true,true,OK,accept,true
sml,MLWorks,scheme.sml,2438,Leo,473,473,4604687.00,30312.50,7421952,10,true,true,OK,accept,true
sml,MLWorks,scheme.sml,2438,GLL,473,473,7082708.00,40645.50,8273920,10,true,true,OK,accept,true
sml,MLWorks,scheme.sml,2438,RNGLR,473,473,2790541.50,9729.00,1064960,10,true,true,OK,accept,true
sml,MLWorks,scheme.sml,2438,BRNGLR,473,473,2134333.50,5625.00,671744,10,true,true,OK,accept,true
sml,MLWorks,userRPO.sml,1987,Leo,475,475,3558437.50,18333.00,7110656,10,true,true,OK,accept,true
sml,MLWorks,userRPO.sml,1987,GLL,475,475,4160833.50,62646.50,7815168,10,true,true,OK,accept,true
sml,MLWorks,userRPO.sml,1987,RNGLR,475,475,1105229.00,3999.50,720896,10,true,true,OK,accept,true
sml,MLWorks,userRPO.sml,1987,BRNGLR,475,475,996124.50,4832.50,1015808,10,true,true,OK,accept,true
sml,MLWorks,__quadrature.sml,1954,Leo,483,483,4872021.00,18125.50,8110080,10,true,true,OK,accept,true
sml,MLWorks,__quadrature.sml,1954,GLL,483,483,4678312.50,32541.50,7094272,10,true,true,OK,accept,true
sml,MLWorks,__quadrature.sml,1954,RNGLR,483,483,1675375.00,11104.00,622592,10,true,true,OK,accept,true
sml,MLWorks,__quadrature.sml,1954,BRNGLR,483,483,1424396.00,8583.00,753664,10,true,true,OK,accept,true
sml,MLWorks,mlworks_c_interface.sml,2420,Leo,487,487,5409062.50,133625.00,6750208,10,true,true,OK,accept,true
sml,MLWorks,mlworks_c_interface.sml,2420,GLL,487,487,13915854.00,32979.00,16564224,10,true,true,OK,accept,true
sml,MLWorks,mlworks_c_interface.sml,2420,RNGLR,487,487,7405521.00,12916.50,3915776,10,true,true,OK,accept,true
sml,MLWorks,mlworks_c_interface.sml,2420,BRNGLR,487,487,5292833.00,17291.50,2785280,10,true,true,OK,accept,true
sml,MLWorks,_i386print.sml,2017,Leo,489,489,4135417.00,36021.00,7208960,10,true,true,OK,accept,true
sml,MLWorks,_i386print.sml,2017,GLL,489,489,4304708.50,28083.00,5718016,10,true,true,OK,accept,true
sml,MLWorks,_i386print.sml,2017,RNGLR,489,489,1686520.50,9791.50,557056,10,true,true,OK,accept,true
sml,MLWorks,_i386print.sml,2017,BRNGLR,489,489,1422874.50,11395.50,671744,10,true,true,OK,accept,true
sml,MLWorks,lists.sml,1763,Leo,492,492,5917250.00,62625.50,8110080,10,true,true,OK,accept,true
sml,MLWorks,lists.sml,1763,GLL,492,492,13628166.50,62666.50,15433728,10,true,true,OK,accept,true
sml,MLWorks,lists.sml,1763,RNGLR,492,492,7091000.00,13208.00,4096000,10,true,true,OK,accept,true
sml,MLWorks,lists.sml,1763,BRNGLR,492,492,5068083.50,23750.00,3293184,10,true,true,OK,accept,true
sml,MLWorks,__roman.sml,1535,Leo,494,494,4423062.50,25125.00,7634944,10,true,true,OK,accept,true
sml,MLWorks,__roman.sml,1535,GLL,494,494,4006375.00,37333.50,5292032,10,true,true,OK,accept,true
sml,MLWorks,__roman.sml,1535,RNGLR,494,494,1063291.50,12666.50,835584,10,true,true,OK,accept,true
sml,MLWorks,__roman.sml,1535,BRNGLR,494,494,994895.50,5416.50,1015808,10,true,true,OK,accept,true
sml,MLWorks,paths.sml,1809,Leo,495,495,5550603.50,81292.00,7684096,10,true,true,OK,accept,true
sml,MLWorks,paths.sml,1809,GLL,495,495,7791521.00,30000.00,10256384,10,true,true,OK,accept,true
sml,MLWorks,paths.sml,1809,RNGLR,495,495,7916396.00,22458.00,1425408,10,true,true,OK,accept,true
sml,MLWorks,paths.sml,1809,BRNGLR,495,495,5802479.00,14021.00,3604480,10,true,true,OK,accept,true
sml,MLWorks,floatarray_copy.sml,1609,Leo,496,496,4825000.00,23520.50,7634944,10,true,true,OK,accept,true
sml,MLWorks,floatarray_copy.sml,1609,GLL,496,496,3590458.50,16812.50,4816896,10,true,true,OK,accept,true
sml,MLWorks,floatarray_copy.sml,1609,RNGLR,496,496,1374771.00,7042.00,704512,10,true,true,OK,accept,true
sml,MLWorks,floatarray_copy.sml,1609,BRNGLR,496,496,1156624.50,7436.50,999424,10,true,true,OK,accept,true
sml,MLWorks,i_variable.sml,2191,Leo,507,507,4049562.50,39667.00,7127040,10,true,true,OK,accept,true
sml,MLWorks,i_variable.sml,2191,GLL,507,507,4308000.50,62666.50,6930432,10,true,true,OK,accept,true
sml,MLWorks,i_variable.sml,2191,RNGLR,507,507,1464333.00,3771.00,540672,10,true,true,OK,accept,true
sml,MLWorks,i_variable.sml,2191,BRNGLR,507,507,1363000.00,9833.50,671744,10,true,true,OK,accept,true
sml,MLWorks,i_weights.sml,2317,Leo,508,508,4061208.00,34000.00,7307264,10,true,true,OK,accept,true
sml,MLWorks,i_weights.sml,2317,GLL,508,508,4190771.00,37208.50,6225920,10,true,true,OK,accept,true
sml,MLWorks,i_weights.sml,2317,RNGLR,508,508,1463437.50,64000.00,589824,10,true,true,OK,accept,true
sml,MLWorks,i_weights.sml,2317,BRNGLR,508,508,1324458.50,6292.00,638976,10,true,true,OK,accept,true
sml,MLWorks,_sys_messages.sml,2427,Leo,508,508,3862667.00,9979.50,7012352,10,true,true,OK,accept,true
sml,MLWorks,_sys_messages.sml,2427,GLL,508,508,4391708.00,47333.00,5947392,10,true,true,OK,accept,true
sml,MLWorks,_sys_messages.sml,2427,RNGLR,508,508,1233896.00,8604.50,671744,10,true,true,OK,accept,true
sml,MLWorks,_sys_messages.sml,2427,BRNGLR,508,508,1066875.00,8062.50,966656,10,true,true,OK,accept,true
sml,MLWorks,datatypes.sml,2162,Leo,510,510,3072875.00,22624.50,4587520,10,true,true,OK,accept,true
sml,MLWorks,datatypes.sml,2162,GLL,510,510,3339187.00,37874.50,4554752,10,true,true,OK,accept,true
sml,MLWorks,datatypes.sml,2162,RNGLR,510,510,999292.00,4666.50,32768,10,true,true,OK,accept,true
sml,MLWorks,datatypes.sml,2162,BRNGLR,510,510,923208.50,13563.00,65536,10,true,true,OK,accept,true
sml,MLWorks,name.sml,1580,Leo,514,514,3960396.00,16771.00,7176192,10,true,true,OK,accept,true
sml,MLWorks,name.sml,1580,GLL,514,514,4438708.00,35853.50,5799936,10,true,true,OK,accept,true
sml,MLWorks,name.sml,1580,RNGLR,514,514,1582854.50,5625.00,622592,10,true,true,OK,accept,true
sml,MLWorks,name.sml,1580,BRNGLR,514,514,1385521.00,15208.00,720896,10,true,true,OK,accept,true
sml,MLWorks,_sexpr.sml,1721,Leo,514,514,5205583.50,27083.50,8093696,10,true,true,OK,accept,true
sml,MLWorks,_sexpr.sml,1721,GLL,514,514,4358500.00,39375.00,6258688,10,true,true,OK,accept,true
sml,MLWorks,_sexpr.sml,1721,RNGLR,514,514,1284646.00,6666.50,720896,10,true,true,OK,accept,true
sml,MLWorks,_sexpr.sml,1721,BRNGLR,514,514,1215208.00,10375.00,933888,10,true,true,OK,accept,true
sml,MLWorks,_custom.sml,1646,Leo,515,515,4274479.50,230542.00,7061504,10,true,true,OK,accept,true
sml,MLWorks,_custom.sml,1646,GLL,515,515,4806459.00,19750.00,5767168,10,true,true,OK,accept,true
sml,MLWorks,_custom.sml,1646,RNGLR,515,515,1999896.00,18896.00,557056,10,true,true,OK,accept,true
sml,MLWorks,_custom.sml,1646,BRNGLR,515,515,1639541.50,32916.50,622592,10,true,true,OK,accept,true
sml,MLWorks,_core.sml,1714,Leo,516,516,3508854.00,32770.50,6930432,10,true,true,OK,accept,true
sml,MLWorks,_core.sml,1714,GLL,516,516,3619333.50,13937.50,4816896,10,true,true,OK,accept,true
sml,MLWorks,_core.sml,1714,RNGLR,516,516,1230083.00,8020.50,638976,10,true,true,OK,accept,true
sml,MLWorks,_core.sml,1714,BRNGLR,516,516,1067728.50,5915.50,753664,10,true,true,OK,accept,true
sml,MLWorks,_miroptimiser.sml,2806,Leo,518,518,4104146.00,17291.50,7208960,10,true,true,OK,accept,true
sml,MLWorks,_miroptimiser.sml,2806,GLL,518,518,4428583.00,65603.50,8503296,10,true,true,OK,accept,true
sml,MLWorks,_miroptimiser.sml,2806,RNGLR,518,518,1507500.00,1854.50,638976,10,true,true,OK,accept,true
sml,MLWorks,_miroptimiser.sml,2806,BRNGLR,518,518,1309479.00,4417.00,737280,10,true,true,OK,accept,true
sml,MLWorks,idl-parser.sml,2328,Leo,520,520,4547312.50,12458.00,6995968,10,true,true,OK,accept,true
sml,MLWorks,idl-parser.sml,2328,GLL,520,520,5674229.50,54937.50,9388032,10,true,true,OK,accept,true
sml,MLWorks,idl-parser.sml,2328,RNGLR,520,520,3268521.50,10145.00,835584,10,true,true,OK,accept,true
sml,MLWorks,idl-parser.sml,2328,BRNGLR,520,520,2633541.50,25937.50,1277952,10,true,true,OK,accept,true
sml,MLWorks,userAKBO.sml,2082,Leo,525,525,4131521.00,26979.00,7258112,10,true,true,OK,accept,true
sml,MLWorks,userAKBO.sml,2082,GLL,525,525,4486083.00,19000.00,7749632,10,true,true,OK,accept,true
sml,MLWorks,userAKBO.sml,2082,RNGLR,525,525,1282896.00,8250.00,606208,10,true,true,OK,accept,true
sml,MLWorks,userAKBO.sml,2082,BRNGLR,525,525,1172145.50,7666.50,688128,10,true,true,OK,accept,true
sml,MLWorks,statistics.sml,3494,Leo,529,529,7603667.00,66937.50,12566528,10,true,true,OK,accept,true
sml,MLWorks,statistics.sml,3494,GLL,529,529,9257125.00,75458.50,10944512,10,true,true,OK,accept,true
sml,MLWorks,statistics.sml,3494,RNGLR,529,529,10230438.00,34541.50,3719168,10,true,true,OK,accept,true
sml,MLWorks,statistics.sml,3494,BRNGLR,529,529,7298813.00,16792.00,4325376,10,true,true,OK,accept,true
sml,MLWorks,__int16.sml,1724,Leo,531,531,5824604.50,37104.50,8372224,10,true,true,OK,accept,true
sml,MLWorks,__int16.sml,1724,GLL,531,531,8609166.50,33916.50,11747328,10,true,true,OK,accept,true
sml,MLWorks,__int16.sml,1724,RNGLR,531,531,9952646.00,33937.50,3751936,10,true,true,OK,accept,true
sml,MLWorks,__int16.sml,1724,BRNGLR,531,531,7229895.50,16187.00,4423680,10,true,true,OK,accept,true
sml,MLWorks,__int8.sml,1721,Leo,532,532,5584146.00,24812.50,7733248,10,true,true,OK,accept,true
sml,MLWorks,__int8.sml,1721,GLL,532,532,8148833.00,33708.50,10698752,10,true,true,OK,accept,true
sml,MLWorks,__int8.sml,1721,RNGLR,532,532,8684104.00,11958.50,3031040,10,true,true,OK,accept,true
sml,MLWorks,__int8.sml,1721,BRNGLR,532,532,6329146.00,14354.00,2883584,10,true,true,OK,accept,true
sml,MLWorks,object.sml,2690,Leo,532,532,6671146.00,30750.00,10665984,10,true,true,OK,accept,true
sml,MLWorks,object.sml,2690,GLL,532,532,20162104.00,401521.00,30179328,10,true,true,OK,accept,true
sml,MLWorks,object.sml,2690,RNGLR,532,532,11519291.50,40916.50,4177920,10,true,true,OK,accept,true
sml,MLWorks,object.sml,2690,BRNGLR,532,532,8105812.50,18583.50,3702784,10,true,true,OK,accept,true
sml,MLWorks,__host_db.sml,2069,Leo,539,539,4346541.00,27938.50,7028736,10,true,true,OK,accept,true
sml,MLWorks,__host_db.sml,2069,GLL,539,539,4520791.50,17500.00,5701632,10,true,true,OK,accept,true
sml,MLWorks,__host_db.sml,2069,RNGLR,539,539,1675771.00,6729.50,524288,10,true,true,OK,accept,true
sml,MLWorks,__host_db.sml,2069,BRNGLR,539,539,1498375.00,12000.00,606208,10,true,true,OK,accept,true
sml,MLWorks,_unixgetenv.sml,2582,Leo,539,539,4301916.50,23687.50,7208960,10,true,true,OK,accept,true
sml,MLWorks,_unixgetenv.sml,2582,GLL,539,539,4180562.50,18750.00,5013504,10,true,true,OK,accept,true
sml,MLWorks,_unixgetenv.sml,2582,RNGLR,539,539,1465958.00,13666.50,573440,10,true,true,OK,accept,true
sml,MLWorks,_unixgetenv.sml,2582,BRNGLR,539,539,1280042.00,15479.00,704512,10,true,true,OK,accept,true
sml,MLWorks,join.sml,2533,Leo,543,543,3233437.50,25958.00,6815744,10,true,true,OK,accept,true
sml,MLWorks,join.sml,2533,GLL,543,543,5075396.00,59562.00,7585792,10,true,true,OK,accept,true
sml,MLWorks,join.sml,2533,RNGLR,543,543,1509770.50,5957.50,557056,10,true,true,OK,accept,true
sml,MLWorks,join.sml,2533,BRNGLR,543,543,1252666.50,8938.00,770048,10,true,true,OK,accept,true
sml,MLWorks,monomap.sml,1873,Leo,544,544,5637500.00,36312.50,9568256,10,true,true,OK,accept,true
sml,MLWorks,monomap.sml,1873,GLL,544,544,11531208.00,63500.00,15777792,10,true,true,OK,accept,true
sml,MLWorks,monomap.sml,1873,RNGLR,544,544,5482166.50,24979.00,1900544,10,true,true,OK,accept,true
sml,MLWorks,monomap.sml,1873,BRNGLR,544,544,3956500.00,16937.50,2342912,10,true,true,OK,accept,true
sml,MLWorks,_scons.sml,2130,Leo,551,551,4579062.50,43187.50,8437760,10,true,true,OK,accept,true
sml,MLWorks,_scons.sml,2130,GLL,551,551,3936437.50,27041.50,5947392,10,true,true,OK,accept,true
sml,MLWorks,_scons.sml,2130,RNGLR,551,551,1137750.00,9187.00,884736,10,true,true,OK,accept,true
sml,MLWorks,_scons.sml,2130,BRNGLR,551,551,1049125.00,10333.00,950272,10,true,true,OK,accept,true
sml,MLWorks,orderings.sml,2718,Leo,551,551,4553187.00,13937.50,8650752,10,true,true,OK,accept,true
sml,MLWorks,orderings.sml,2718,GLL,551,551,5455625.50,56479.50,8781824,10,true,true,OK,accept,true
sml,MLWorks,orderings.sml,2718,RNGLR,551,551,3046916.50,22146.00,950272,10,true,true,OK,accept,true
sml,MLWorks,orderings.sml,2718,BRNGLR,551,551,2332896.00,9667.00,1753088,10,true,true,OK,accept,true
sml,MLWorks,_win_ntgetenv.sml,2854,Leo,551,551,4560833.50,27521.00,8617984,10,true,true,OK,accept,true
sml,MLWorks,_win_ntgetenv.sml,2854,GLL,551,551,4556271.00,19375.50,6979584,10,true,true,OK,accept,true
sml,MLWorks,_win_ntgetenv.sml,2854,RNGLR,551,551,1896875.00,10125.00,606208,10,true,true,OK,accept,true
sml,MLWorks,_win_ntgetenv.sml,2854,BRNGLR,551,551,1686437.00,4229.00,606208,10,true,true,OK,accept,true
sml,MLWorks,__dirent.sml,3311,Leo,555,555,16276937.50,75708.50,16171008,10,true,true,OK,accept,true
sml,MLWorks,__dirent.sml,3311,GLL,555,555,15966104.00,54895.50,20774912,10,true,true,OK,accept,true
sml,MLWorks,__dirent.sml,3311,RNGLR,555,555,24707417.00,31625.00,10190848,10,true,true,OK,accept,true
sml,MLWorks,__dirent.sml,3311,BRNGLR,555,555,17284229.50,27625.00,10027008,10,true,true,OK,accept,true
sml,MLWorks,_interload.sml,2383,Leo,557,557,4155812.00,13916.50,7421952,10,true,true,OK,accept,true
sml,MLWorks,_interload.sml,2383,GLL,557,557,4202104.50,21584.00,4800512,10,true,true,OK,accept,true
sml,MLWorks,_interload.sml,2383,RNGLR,557,557,1002646.50,7021.50,1032192,10,true,true,OK,accept,true
sml,MLWorks,_interload.sml,2383,BRNGLR,557,557,949021.00,5041.50,966656,10,true,true,OK,accept,true
sml,MLWorks,tk_windows.sml,2436,Leo,560,560,5030458.00,44666.50,8126464,10,true,true,OK,accept,true
sml,MLWorks,tk_windows.sml,2436,GLL,560,560,6379187.50,117562.50,9289728,10,true,true,OK,accept,true
sml,MLWorks,tk_windows.sml,2436,RNGLR,560,560,5031375.00,33666.50,1458176,10,true,true,OK,accept,true
sml,MLWorks,tk_windows.sml,2436,BRNGLR,560,560,3812375.50,7750.00,1458176,10,true,true,OK,accept,true
sml,MLWorks,_type_exp.sml,2602,Leo,560,560,4094646.00,32749.50,7471104,10,true,true,OK,accept,true
sml,MLWorks,_type_exp.sml,2602,GLL,560,560,5248520.50,76437.00,8077312,10,true,true,OK,accept,true
sml,MLWorks,_type_exp.sml,2602,RNGLR,560,560,1080145.50,11791.50,655360,10,true,true,OK,accept,true
sml,MLWorks,_type_exp.sml,2602,BRNGLR,560,560,983396.00,10187.50,720896,10,true,true,OK,accept,true
sml,MLWorks,mltags.sml,2394,Leo,564,564,4502500.50,228146.00,7831552,10,true,true,OK,accept,true
sml,MLWorks,mltags.sml,2394,GLL,564,564,4166020.50,27666.50,5062656,10,true,true,OK,accept,true
sml,MLWorks,mltags.sml,2394,RNGLR,564,564,1168916.00,4312.50,589824,10,true,true,OK,accept,true
sml,MLWorks,mltags.sml,2394,BRNGLR,564,564,1058375.00,5458.50,1048576,10,true,true,OK,accept,true
sml,MLWorks,_text_io.sml,2604,Leo,565,565,4198687.00,21166.00,7192576,10,true,true,OK,accept,true
sml,MLWorks,_text_io.sml,2604,GLL,565,565,4518354.00,22708.50,5586944,10,true,true,OK,accept,true
sml,MLWorks,_text_io.sml,2604,RNGLR,565,565,2015416.50,13854.00,589824,10,true,true,OK,accept,true
sml,MLWorks,_text_io.sml,2604,BRNGLR,565,565,1642687.50,12729.00,671744,10,true,true,OK,accept,true
sml,MLWorks,testNT.sml,2361,Leo,567,567,4885875.00,85562.50,11288576,10,true,true,OK,accept,true
sml,MLWorks,testNT.sml,2361,GLL,567,567,4922249.50,106479.00,6569984,10,true,true,OK,accept,true
sml,MLWorks,testNT.sml,2361,RNGLR,567,567,1586563.00,14313.00,557056,10,true,true,OK,accept,true
sml,MLWorks,testNT.sml,2361,BRNGLR,567,567,1385916.50,9729.00,851968,10,true,true,OK,accept,true
sml,MLWorks,__list_pair.sml,1409,Leo,568,568,4021229.50,31521.50,7438336,10,true,true,OK,accept,true
sml,MLWorks,__list_pair.sml,1409,GLL,568,568,4358624.50,25937.00,7520256,10,true,true,OK,accept,true
sml,MLWorks,__list_pair.sml,1409,RNGLR,568,568,1245437.50,6333.00,704512,10,true,true,OK,accept,true
sml,MLWorks,__list_pair.sml,1409,BRNGLR,568,568,1174562.50,5208.50,868352,10,true,true,OK,accept,true
sml,MLWorks,_datatypes.sml,2415,Leo,572,572,3907229.00,10417.00,6455296,10,true,true,OK,accept,true
sml,MLWorks,_datatypes.sml,2415,GLL,572,572,3288771.00,18875.00,4947968,10,true,true,OK,accept,true
sml,MLWorks,_datatypes.sml,2415,RNGLR,572,572,1331938.00,5730.00,704512,10,true,true,OK,accept,true
sml,MLWorks,_datatypes.sml,2415,BRNGLR,572,572,1190437.50,7292.00,1048576,10,true,true,OK,accept,true
sml,MLWorks,parserenv.sml,2133,Leo,575,575,5476542.00,41666.50,7766016,10,true,true,OK,accept,true
sml,MLWorks,parserenv.sml,2133,GLL,575,575,11196750.00,108292.00,16138240,10,true,true,OK,accept,true
sml,MLWorks,parserenv.sml,2133,RNGLR,575,575,5482750.00,13479.50,1736704,10,true,true,OK,accept,true
sml,MLWorks,parserenv.sml,2133,BRNGLR,575,575,3950291.00,13478.50,2146304,10,true,true,OK,accept,true
sml,MLWorks,system.sml,3108,Leo,575,575,4907562.50,16791.50,7864320,10,true,true,OK,accept,true
sml,MLWorks,system.sml,3108,GLL,575,575,5111083.50,24729.50,8093696,10,true,true,OK,accept,true
sml,MLWorks,system.sml,3108,RNGLR,575,575,2129458.50,7021.00,983040,10,true,true,OK,accept,true
sml,MLWorks,system.sml,3108,BRNGLR,575,575,1761041.50,5854.00,573440,10,true,true,OK,accept,true
sml,MLWorks,i_precedence.sml,2648,Leo,579,579,5152437.00,40604.00,11436032,10,true,true,OK,accept,true
sml,MLWorks,i_precedence.sml,2648,GLL,579,579,4814854.50,29625.50,7700480,10,true,true,OK,accept,true
sml,MLWorks,i_precedence.sml,2648,RNGLR,579,579,1809562.50,8000.00,622592,10,true,true,OK,accept,true
sml,MLWorks,i_precedence.sml,2648,BRNGLR,579,579,1653896.00,11895.50,704512,10,true,true,OK,accept,true
sml,MLWorks,calc.sml,1909,Leo,580,580,4338958.50,42625.00,11550720,10,true,true,OK,accept,true
sml,MLWorks,calc.sml,1909,GLL,580,580,4130249.50,82812.00,5111808,10,true,true,OK,accept,true
sml,MLWorks,calc.sml,1909,RNGLR,580,580,1045728.50,3250.00,933888,10,true,true,OK,accept,true
sml,MLWorks,calc.sml,1909,BRNGLR,580,580,976500.00,9833.50,1032192,10,true,true,OK,accept,true
sml,MLWorks,substitution.sml,2207,Leo,586,586,4515104.00,30291.50,7372800,10,true,true,OK,accept,true
sml,MLWorks,substitution.sml,2207,GLL,586,586,4435854.00,15958.50,5914624,10,true,true,OK,accept,true
sml,MLWorks,substitution.sml,2207,RNGLR,586,586,1331709.00,8896.00,638976,10,true,true,OK,accept,true
sml,MLWorks,substitution.sml,2207,BRNGLR,586,586,1221896.00,6979.50,704512,10,true,true,OK,accept,true
sml,MLWorks,__grammar.sml,2269,Leo,589,589,3952333.50,39396.00,7503872,10,true,true,OK,accept,true
sml,MLWorks,__grammar.sml,2269,GLL,589,589,4035854.50,18583.50,5144576,10,true,true,OK,accept,true
sml,MLWorks,__grammar.sml,2269,RNGLR,589,589,1410396.00,12187.50,606208,10,true,true,OK,accept,true
sml,MLWorks,__grammar.sml,2269,BRNGLR,589,589,1224479.50,7625.00,737280,10,true,true,OK,accept,true
sml,MLWorks,_ndfa.sml,2148,Leo,590,590,5007333.00,23041.00,8536064,10,true,true,OK,accept,true
sml,MLWorks,_ndfa.sml,2148,GLL,590,590,6299083.00,29500.00,9437184,10,true,true,OK,accept,true
sml,MLWorks,_ndfa.sml,2148,RNGLR,590,590,4488271.00,19875.00,999424,10,true,true,OK,accept,true
sml,MLWorks,_ndfa.sml,2148,BRNGLR,590,590,3314978.50,10208.50,2473984,10,true,true,OK,accept,true
sml,MLWorks,__list.sml,1663,Leo,592,592,5821771.00,28646.50,11927552,10,true,true,OK,accept,true
sml,MLWorks,__list.sml,1663,GLL,592,592,6843645.50,37500.50,9814016,10,true,true,OK,accept,true
sml,MLWorks,__list.sml,1663,RNGLR,592,592,5401604.00,7458.00,1343488,10,true,true,OK,accept,true
sml,MLWorks,__list.sml,1663,BRNGLR,592,592,4102958.50,112646.00,2359296,10,true,true,OK,accept,true
sml,MLWorks,assoc.sml,2029,Leo,592,592,4148354.50,93500.50,7208960,10,true,true,OK,accept,true
sml,MLWorks,assoc.sml,2029,GLL,592,592,4389771.00,31292.00,7553024,10,true,true,OK,accept,true
sml,MLWorks,assoc.sml,2029,RNGLR,592,592,1096041.50,5645.50,835584,10,true,true,OK,accept,true
sml,MLWorks,assoc.sml,2029,BRNGLR,592,592,1024041.50,11979.50,1064960,10,true,true,OK,accept,true
sml,MLWorks,prim_io_2.sml,1789,Leo,594,594,8177041.50,12354.00,9027584,10,true,true,OK,accept,true
sml,MLWorks,prim_io_2.sml,1789,GLL,594,594,20571208.00,78375.50,20922368,10,true,true,OK,accept,true
sml,MLWorks,prim_io_2.sml,1789,RNGLR,594,594,56322062.50,127500.00,11485184,10,true,true,OK,accept,true
sml,MLWorks,prim_io_2.sml,1789,BRNGLR,594,594,42755250.00,63146.00,16711680,10,true,true,OK,accept,true
sml,MLWorks,_token.sml,2629,Leo,595,595,3911250.50,23979.50,7520256,10,true,true,OK,accept,true
sml,MLWorks,_token.sml,2629,GLL,595,595,3455541.50,28271.00,5324800,10,true,true,OK,accept,true
sml,MLWorks,_token.sml,2629,RNGLR,595,595,793812.50,4021.00,32768,10,true,true,OK,accept,true
sml,MLWorks,_token.sml,2629,BRNGLR,595,595,761875.00,4229.00,65536,10,true,true,OK,accept,true
sml,MLWorks,prim_io_1.sml,1816,Leo,597,597,8298042.00,58562.00,8880128,10,true,true,OK,accept,true
sml,MLWorks,prim_io_1.sml,1816,GLL,597,597,20501354.00,107541.50,21086208,10,true,true,OK,accept,true
sml,MLWorks,prim_io_1.sml,1816,RNGLR,597,597,56417854.50,247833.50,10731520,10,true,true,OK,accept,true
sml,MLWorks,prim_io_1.sml,1816,BRNGLR,597,597,42699646.00,118250.00,16416768,10,true,true,OK,accept,true
sml,MLWorks,_lambdatypes.sml,2908,Leo,606,606,8644812.50,46646.00,9289728,10,true,true,OK,accept,true
sml,MLWorks,_lambdatypes.sml,2908,GLL,606,606,9872334.00,33375.00,10780672,10,true,true,OK,accept,true
sml,MLWorks,_lambdatypes.sml,2908,RNGLR,606,606,11222271.00,13270.50,4227072,10,true,true,OK,accept,true
sml,MLWorks,_lambdatypes.sml,2908,BRNGLR,606,606,7953750.00,13646.00,3227648,10,true,true,OK,accept,true
sml,MLWorks,annotation_sig.sml,3703,Leo,606,606,9782167.00,38042.00,13811712,10,true,true,OK,accept,true
sml,MLWorks,annotation_sig.sml,3703,GLL,606,606,19161542.00,111874.50,28229632,10,true,true,OK,accept,true
sml,MLWorks,annotation_sig.sml,3703,RNGLR,606,606,10942145.50,12062.00,6045696,10,true,true,OK,accept,true
sml,MLWorks,annotation_sig.sml,3703,BRNGLR,606,606,7787396.00,8417.00,4702208,10,true,true,OK,accept,true
sml,MLWorks,__time.sml,2615,Leo,609,609,6299958.00,32645.00,11780096,10,true,true,OK,accept,true
sml,MLWorks,__time.sml,2615,GLL,609,609,8203395.50,22833.50,12107776,10,true,true,OK,accept,true
sml,MLWorks,__time.sml,2615,RNGLR,609,609,8826020.50,22042.00,2719744,10,true,true,OK,accept,true
sml,MLWorks,__time.sml,2615,BRNGLR,609,609,6365687.50,24895.50,3145728,10,true,true,OK,accept,true
sml,MLWorks,bounded_buffer.sml,2316,Leo,611,611,5923416.50,34354.50,12075008,10,true,true,OK,accept,true
sml,MLWorks,bounded_buffer.sml,2316,GLL,611,611,6801625.00,36708.00,8765440,10,true,true,OK,accept,true
sml,MLWorks,bounded_buffer.sml,2316,RNGLR,611,611,5129021.00,13583.50,1261568,10,true,true,OK,accept,true
sml,MLWorks,bounded_buffer.sml,2316,BRNGLR,611,611,4083354.50,20792.50,1753088,10,true,true,OK,accept,true
sml,MLWorks,_set.sml,1700,Leo,615,615,5502958.50,25354.00,12124160,10,true,true,OK,accept,true
sml,MLWorks,_set.sml,1700,GLL,615,615,6121021.00,32395.50,9748480,10,true,true,OK,accept,true
sml,MLWorks,_set.sml,1700,RNGLR,615,615,3411312.00,28479.00,2015232,10,true,true,OK,accept,true
sml,MLWorks,_set.sml,1700,BRNGLR,615,615,2642145.50,18666.50,1163264,10,true,true,OK,accept,true
sml,MLWorks,_strnames.sml,2767,Leo,615,615,4864500.00,19500.00,11419648,10,true,true,OK,accept,true
sml,MLWorks,_strnames.sml,2767,GLL,615,615,4648021.00,21916.50,7831552,10,true,true,OK,accept,true
sml,MLWorks,_strnames.sml,2767,RNGLR,615,615,1325875.00,8666.50,638976,10,true,true,OK,accept,true
sml,MLWorks,_strnames.sml,2767,BRNGLR,615,615,1222958.50,6313.00,753664,10,true,true,OK,accept,true
sml,MLWorks,incremental.sml,3260,Leo,619,619,8776646.00,56104.00,12288000,10,true,true,OK,accept,true
sml,MLWorks,incremental.sml,3260,GLL,619,619,16446687.50,118708.50,15810560,10,true,true,OK,accept,true
sml,MLWorks,incremental.sml,3260,RNGLR,619,619,8699229.50,14729.50,4620288,10,true,true,OK,accept,true
sml,MLWorks,incremental.sml,3260,BRNGLR,619,619,6192583.00,10166.50,4571136,10,true,true,OK,accept,true
sml,MLWorks,yacc_grm.sml,2093,Leo,623,623,5612208.00,40895.50,9224192,10,true,true,OK,accept,true
sml,MLWorks,yacc_grm.sml,2093,GLL,623,623,16142270.50,59541.50,17055744,10,true,true,OK,accept,true
sml,MLWorks,yacc_grm.sml,2093,RNGLR,623,623,8020374.50,23333.00,2752512,10,true,true,OK,accept,true
sml,MLWorks,yacc_grm.sml,2093,BRNGLR,623,623,5692687.50,18937.50,2228224,10,true,true,OK,accept,true
sml,MLWorks,absyn.sml,4043,Leo,624,624,3675875.00,25937.50,7733248,10,true,true,OK,accept,true
sml,MLWorks,absyn.sml,4043,GLL,624,624,2858104.00,27000.00,4587520,10,true,true,OK,accept,true
sml,MLWorks,absyn.sml,4043,RNGLR,624,624,774958.50,3687.50,49152,10,true,true,OK,accept,true
sml,MLWorks,absyn.sml,4043,BRNGLR,624,624,744000.00,6354.50,65536,10,true,true,OK,accept,true
sml,MLWorks,prim_io_8.sml,1951,Leo,628,628,9038208.00,69604.50,12042240,10,true,true,OK,accept,true
sml,MLWorks,prim_io_8.sml,1951,GLL,628,628,21464896.00,101771.00,22020096,10,true,true,OK,accept,true
sml,MLWorks,prim_io_8.sml,1951,RNGLR,628,628,58448438.00,115625.50,12910592,10,true,true,OK,accept,true
sml,MLWorks,prim_io_8.sml,1951,BRNGLR,628,628,45442937.00,83020.50,17121280,10,true,true,OK,accept,true
sml,MLWorks,__absyn.sml,4077,Leo,629,629,4343146.00,32103.50,4685824,10,true,true,OK,accept,true
sml,MLWorks,__absyn.sml,4077,GLL,629,629,2252062.50,25229.50,5062656,10,true,true,OK,accept,true
sml,MLWorks,__absyn.sml,4077,RNGLR,629,629,902604.50,7104.50,65536,10,true,true,OK,accept,true
sml,MLWorks,__absyn.sml,4077,BRNGLR,629,629,852583.50,9646.00,49152,10,true,true,OK,accept,true
sml,MLWorks,__word16.sml,2178,Leo,633,633,11082437.50,51313.00,14663680,10,true,true,OK,accept,true
sml,MLWorks,__word16.sml,2178,GLL,633,633,14265771.00,113896.00,15876096,10,true,true,OK,accept,true
sml,MLWorks,__word16.sml,2178,RNGLR,633,633,19589083.00,19583.50,8994816,10,true,true,OK,accept,true
sml,MLWorks,__word16.sml,2178,BRNGLR,633,633,13710708.50,70500.50,7045120,10,true,true,OK,accept,true
sml,MLWorks,profile3.sml,3310,Leo,635,635,6049729.00,56750.00,12697600,10,true,true,OK,accept,true
sml,MLWorks,profile3.sml,3310,GLL,635,635,5665521.00,39375.00,9682944,10,true,true,OK,accept,true
sml,MLWorks,profile3.sml,3310,RNGLR,635,635,4552271.00,20917.00,2490368,10,true,true,OK,accept,true
sml,MLWorks,profile3.sml,3310,BRNGLR,635,635,3565083.00,13333.50,2146304,10,true,true,OK,accept,true
sml,MLWorks,real_fmt.sml,2391,Leo,643,643,32261562.50,57604.50,18677760,10,true,true,OK,accept,true
sml,MLWorks,real_fmt.sml,2391,GLL,643,643,103720916.50,214291.50,60014592,10,true,true,OK,accept,true
sml,MLWorks,real_fmt.sml,2391,RNGLR,643,643,222599062.50,417729.50,55640064,10,true,true,OK,accept,true
sml,MLWorks,real_fmt.sml,2391,BRNGLR,643,643,178868021.00,1063417.00,63324160,10,true,true,OK,accept,true
sml,MLWorks,shell_utils.sml,3005,Leo,644,644,9467792.00,43291.50,13533184,10,true,true,OK,accept,true
sml,MLWorks,shell_utils.sml,3005,GLL,644,644,19680083.50,197125.50,28753920,10,true,true,OK,accept,true
sml,MLWorks,shell_utils.sml,3005,RNGLR,644,644,11125500.00,22104.50,6307840,10,true,true,OK,accept,true
sml,MLWorks,shell_utils.sml,3005,BRNGLR,644,644,7990958.00,36833.00,4292608,10,true,true,OK,accept,true
sml,MLWorks,prim_io_7.sml,2007,Leo,646,646,9339229.50,20396.00,12550144,10,true,true,OK,accept,true
sml,MLWorks,prim_io_7.sml,2007,GLL,646,646,23296166.50,50917.00,21872640,10,true,true,OK,accept,true
sml,MLWorks,prim_io_7.sml,2007,RNGLR,646,646,64163771.00,253208.50,13713408,10,true,true,OK,accept,true
sml,MLWorks,prim_io_7.sml,2007,BRNGLR,646,646,49243395.50,86749.50,18808832,10,true,true,OK,accept,true
sml,MLWorks,prim_io_5.sml,2006,Leo,647,647,9615542.00,64395.50,12697600,10,true,true,OK,accept,true
sml,MLWorks,prim_io_5.sml,2006,GLL,647,647,25406854.00,72791.50,22102016,10,true,true,OK,accept,true
sml,MLWorks,prim_io_5.sml,2006,RNGLR,647,647,70357646.50,181333.00,13795328,10,true,true,OK,accept,true
sml,MLWorks,prim_io_5.sml,2006,BRNGLR,647,647,53701604.00,42291.50,19857408,10,true,true,OK,accept,true
sml,MLWorks,__cub.sml,2982,Leo,650,650,6090645.50,78396.00,12107776,10,true,true,OK,accept,true
sml,MLWorks,__cub.sml,2982,GLL,650,650,5804354.50,31500.00,9191424,10,true,true,OK,accept,true
sml,MLWorks,__cub.sml,2982,RNGLR,650,650,3173270.50,18145.50,933888,10,true,true,OK,accept,true
sml,MLWorks,__cub.sml,2982,BRNGLR,650,650,2536499.50,10666.50,1474560,10,true,true,OK,accept,true
sml,MLWorks,_tty_listener.sml,3761,Leo,652,652,4789271.00,25041.50,8323072,10,true,true,OK,accept,true
sml,MLWorks,_tty_listener.sml,3761,GLL,652,652,7221979.50,30833.00,8257536,10,true,true,OK,accept,true
sml,MLWorks,_tty_listener.sml,3761,RNGLR,652,652,1451312.50,16417.00,589824,10,true,true,OK,accept,true
sml,MLWorks,_tty_listener.sml,3761,BRNGLR,652,652,1240166.50,31770.50,835584,10,true,true,OK,accept,true
sml,MLWorks,prim_io_6.sml,2018,Leo,655,655,9360895.50,46479.00,12845056,10,true,true,OK,accept,true
sml,MLWorks,prim_io_6.sml,2018,GLL,655,655,23602271.00,95604.50,21938176,10,true,true,OK,accept,true
sml,MLWorks,prim_io_6.sml,2018,RNGLR,655,655,63974125.00,90770.50,13041664,10,true,true,OK,accept,true
sml,MLWorks,prim_io_6.sml,2018,BRNGLR,655,655,49077146.00,123416.50,18579456,10,true,true,OK,accept,true
sml,MLWorks,__pre_sock.sml,2161,Leo,657,657,4554770.50,26979.00,7405568,10,true,true,OK,accept,true
sml,MLWorks,__pre_sock.sml,2161,GLL,657,657,4667729.00,74146.00,5914624,10,true,true,OK,accept,true
sml,MLWorks,__pre_sock.sml,2161,RNGLR,657,657,1630958.50,8208.50,573440,10,true,true,OK,accept,true
sml,MLWorks,__pre_sock.sml,2161,BRNGLR,657,657,1406458.50,17313.00,819200,10,true,true,OK,accept,true
sml,MLWorks,prim_io_9.sml,2323,Leo,658,658,5002666.50,16291.50,8863744,10,true,true,OK,accept,true
sml,MLWorks,prim_io_9.sml,2323,GLL,658,658,6518583.00,40375.50,9076736,10,true,true,OK,accept,true
sml,MLWorks,prim_io_9.sml,2323,RNGLR,658,658,6756271.00,21479.50,1114112,10,true,true,OK,accept,true
sml,MLWorks,prim_io_9.sml,2323,BRNGLR,658,658,5237187.50,13354.00,1769472,10,true,true,OK,accept,true
sml,MLWorks,interface.sml,2564,Leo,659,659,6494000.50,48084.00,12550144,10,true,true,OK,accept,true
sml,MLWorks,interface.sml,2564,GLL,659,659,7517916.50,28187.50,9895936,10,true,true,OK,accept,true
sml,MLWorks,interface.sml,2564,RNGLR,659,659,4741583.00,23770.50,2490368,10,true,true,OK,accept,true
sml,MLWorks,interface.sml,2564,BRNGLR,659,659,3676187.50,23896.00,2326528,10,true,true,OK,accept,true
sml,MLWorks,_type_utils.sml,2968,Leo,661,661,6970291.50,34687.50,12206080,10,true,true,OK,accept,true
sml,MLWorks,_type_utils.sml,2968,GLL,661,661,5518875.00,26770.50,9224192,10,true,true,OK,accept,true
sml,MLWorks,_type_utils.sml,2968,RNGLR,661,661,3329208.50,10354.50,2146304,10,true,true,OK,accept,true
sml,MLWorks,_type_utils.sml,2968,BRNGLR,661,661,2626146.00,9709.00,1261568,10,true,true,OK,accept,true
sml,MLWorks,_identprint.sml,3279,Leo,665,665,8013979.00,53333.50,13320192,10,true,true,OK,accept,true
sml,MLWorks,_identprint.sml,3279,GLL,665,665,7253083.50,44937.50,10305536,10,true,true,OK,accept,true
sml,MLWorks,_identprint.sml,3279,RNGLR,665,665,5607979.00,13770.50,1556480,10,true,true,OK,accept,true
sml,MLWorks,_identprint.sml,3279,BRNGLR,665,665,4232562.50,17208.50,1720320,10,true,true,OK,accept,true
sml,MLWorks,_shell_types.sml,4037,Leo,667,667,5175208.50,25354.00,7684096,10,true,true,OK,accept,true
sml,MLWorks,_shell_types.sml,4037,GLL,667,667,7003583.50,64334.00,9273344,10,true,true,OK,accept,true
sml,MLWorks,_shell_types.sml,4037,RNGLR,667,667,6067042.00,14187.50,2621440,10,true,true,OK,accept,true
sml,MLWorks,_shell_types.sml,4037,BRNGLR,667,667,4411750.00,5229.00,1146880,10,true,true,OK,accept,true
sml,MLWorks,_pretty.sml,1972,Leo,668,668,5617625.00,25437.00,12419072,10,true,true,OK,accept,true
sml,MLWorks,_pretty.sml,1972,GLL,668,668,5878708.00,33209.00,8699904,10,true,true,OK,accept,true
sml,MLWorks,_pretty.sml,1972,RNGLR,668,668,2480583.50,15938.00,1179648,10,true,true,OK,accept,true
sml,MLWorks,_pretty.sml,1972,BRNGLR,668,668,2069625.50,12021.50,1703936,10,true,true,OK,accept,true
sml,MLWorks,__char_vector.sml,2081,Leo,673,673,5635167.00,36855.00,12222464,10,true,true,OK,accept,true
sml,MLWorks,__char_vector.sml,2081,GLL,673,673,6577396.00,25979.50,9715712,10,true,true,OK,accept,true
sml,MLWorks,__char_vector.sml,2081,RNGLR,673,673,3653104.00,15729.50,1916928,10,true,true,OK,accept,true
sml,MLWorks,__char_vector.sml,2081,BRNGLR,673,673,2881396.00,10333.50,1245184,10,true,true,OK,accept,true
sml,MLWorks,quadric.sml,1404,Leo,675,675,7643854.00,18250.50,13991936,10,true,true,OK,accept,true
sml,MLWorks,quadric.sml,1404,GLL,675,675,10719708.50,224958.50,19431424,10,true,true,OK,accept,true
sml,MLWorks,quadric.sml,1404,RNGLR,675,675,5150125.00,13979.50,4096000,10,true,true,OK,accept,true
sml,MLWorks,quadric.sml,1404,BRNGLR,675,675,4325145.50,16249.50,3883008,10,true,true,OK,accept,true
sml,MLWorks,__word8.sml,2363,Leo,675,675,11501062.50,32208.50,14548992,10,true,true,OK,accept,true
sml,MLWorks,__word8.sml,2363,GLL,675,675,14971437.50,35270.50,16203776,10,true,true,OK,accept,true
sml,MLWorks,__word8.sml,2363,RNGLR,675,675,20932479.00,74000.00,9453568,10,true,true,OK,accept,true
sml,MLWorks,__word8.sml,2363,BRNGLR,675,675,14564667.00,20063.00,8830976,10,true,true,OK,accept,true
sml,MLWorks,prim_io_3.sml,2011,Leo,679,679,8820791.50,82645.50,12206080,10,true,true,OK,accept,true
sml,MLWorks,prim_io_3.sml,2011,GLL,679,679,21358396.00,138500.00,21381120,10,true,true,OK,accept,true
sml,MLWorks,prim_io_3.sml,2011,RNGLR,679,679,56851250.00,350958.50,12288000,10,true,true,OK,accept,true
sml,MLWorks,prim_io_3.sml,2011,BRNGLR,679,679,42833874.50,61250.00,16564224,10,true,true,OK,accept,true
sml,MLWorks,project.sml,3573,Leo,683,683,3993562.50,10000.00,7602176,10,true,true,OK,accept,true
sml,MLWorks,project.sml,3573,GLL,683,683,2705625.00,40646.00,4161536,10,true,true,OK,accept,true
sml,MLWorks,project.sml,3573,RNGLR,683,683,691542.00,14062.50,65536,10,true,true,OK,accept,true
sml,MLWorks,project.sml,3573,BRNGLR,683,683,689604.00,3396.50,32768,10,true,true,OK,accept,true
sml,MLWorks,mirregisters.sml,2371,Leo,685,685,3328020.50,20291.00,5455872,10,true,true,OK,accept,true
sml,MLWorks,mirregisters.sml,2371,GLL,685,685,8142000.00,85229.00,9879552,10,true,true,OK,accept,true
sml,MLWorks,mirregisters.sml,2371,RNGLR,685,685,3688604.00,16749.50,2048000,10,true,true,OK,accept,true
sml,MLWorks,mirregisters.sml,2371,BRNGLR,685,685,2680021.00,12666.50,1474560,10,true,true,OK,accept,true
sml,MLWorks,prim_io_4.sml,2025,Leo,693,693,8922729.00,18792.00,12386304,10,true,true,OK,accept,true
sml,MLWorks,prim_io_4.sml,2025,GLL,693,693,21406958.50,98083.50,21479424,10,true,true,OK,accept,true
sml,MLWorks,prim_io_4.sml,2025,RNGLR,693,693,56572500.00,236063.00,11386880,10,true,true,OK,accept,true
sml,MLWorks,prim_io_4.sml,2025,BRNGLR,693,693,42808791.50,240854.50,15630336,10,true,true,OK,accept,true
sml,MLWorks,mutexes.sml,2564,Leo,693,693,347688.00,11500.00,81920,10,false,false,PARSE_FAIL,accept,false
sml,MLWorks,mutexes.sml,2564,GLL,693,693,463208.50,6687.50,114688,10,false,false,PARSE_FAIL,accept,false
sml,MLWorks,mutexes.sml,2564,RNGLR,693,693,113313.00,771.50,32768,10,false,false,PARSE_FAIL,accept,false
sml,MLWorks,mutexes.sml,2564,BRNGLR,693,693,106687.50,1938.00,65536,10,false,false,PARSE_FAIL,accept,false
sml,MLWorks,__kitten.sml,3097,Leo,700,700,6809271.00,236542.00,12681216,10,true,true,OK,accept,true
sml,MLWorks,__kitten.sml,3097,GLL,700,700,6344979.00,28187.50,9633792,10,true,true,OK,accept,true
sml,MLWorks,__kitten.sml,3097,RNGLR,700,700,3902000.00,12187.00,1425408,10,true,true,OK,accept,true
sml,MLWorks,__kitten.sml,3097,BRNGLR,700,700,3002354.50,13979.50,1212416,10,true,true,OK,accept,true
sml,MLWorks,_tracer.sml,2330,Leo,702,702,5581000.00,92979.00,12500992,10,true,true,OK,accept,true
sml,MLWorks,_tracer.sml,2330,GLL,702,702,5531208.50,37187.50,8798208,10,true,true,OK,accept,true
sml,MLWorks,_tracer.sml,2330,RNGLR,702,702,1848562.00,13375.00,638976,10,true,true,OK,accept,true
sml,MLWorks,_tracer.sml,2330,BRNGLR,702,702,1659645.50,7958.50,933888,10,true,true,OK,accept,true
sml,MLWorks,menu.sml,3105,Leo,705,705,5719854.50,90145.50,12517376,10,true,true,OK,accept,true
sml,MLWorks,menu.sml,3105,GLL,705,705,5065438.00,30708.50,9043968,10,true,true,OK,accept,true
sml,MLWorks,menu.sml,3105,RNGLR,705,705,1483250.00,3958.50,720896,10,true,true,OK,accept,true
sml,MLWorks,menu.sml,3105,BRNGLR,705,705,1403208.00,15208.50,1277952,10,true,true,OK,accept,true
sml,MLWorks,cigarette_smokers.sml,2945,Leo,708,708,7494083.00,25291.00,12894208,10,true,true,OK,accept,true
sml,MLWorks,cigarette_smokers.sml,2945,GLL,708,708,9558146.00,36958.00,11649024,10,true,true,OK,accept,true
sml,MLWorks,cigarette_smokers.sml,2945,RNGLR,708,708,10356646.00,37958.50,2555904,10,true,true,OK,accept,true
sml,MLWorks,cigarette_smokers.sml,2945,BRNGLR,708,708,7605646.00,25854.00,3653632,10,true,true,OK,accept,true
sml,MLWorks,_i386spec.sml,3407,Leo,711,711,7937479.00,24895.50,13811712,10,true,true,OK,accept,true
sml,MLWorks,_i386spec.sml,3407,GLL,711,711,11271249.50,56937.00,13303808,10,true,true,OK,accept,true
sml,MLWorks,_i386spec.sml,3407,RNGLR,711,711,12498125.50,61292.00,3883008,10,true,true,OK,accept,true
sml,MLWorks,_i386spec.sml,3407,BRNGLR,711,711,8866645.50,17208.50,3948544,10,true,true,OK,accept,true
sml,MLWorks,sparc_assembly.sml,3959,Leo,712,712,8645791.00,42542.00,14417920,10,true,true,OK,accept,true
sml,MLWorks,sparc_assembly.sml,3959,GLL,712,712,9288854.50,138563.00,14991360,10,true,true,OK,accept,true
sml,MLWorks,sparc_assembly.sml,3959,RNGLR,712,712,4165187.50,8166.50,1638400,10,true,true,OK,accept,true
sml,MLWorks,sparc_assembly.sml,3959,BRNGLR,712,712,3060666.50,7000.50,1081344,10,true,true,OK,accept,true
sml,MLWorks,toc.sml,2068,Leo,716,716,5935958.50,33395.50,12156928,10,true,true,OK,accept,true
sml,MLWorks,toc.sml,2068,GLL,716,716,5196687.50,23021.00,8847360,10,true,true,OK,accept,true
sml,MLWorks,toc.sml,2068,RNGLR,716,716,1513896.00,8875.50,704512,10,true,true,OK,accept,true
sml,MLWorks,toc.sml,2068,BRNGLR,716,716,1409208.50,6354.50,1114112,10,true,true,OK,accept,true
sml,MLWorks,ann_texts.sml,1985,Leo,717,717,6070229.00,51583.00,12763136,10,true,true,OK,accept,true
sml,MLWorks,ann_texts.sml,1985,GLL,717,717,6381458.50,47083.50,9535488,10,true,true,OK,accept,true
sml,MLWorks,ann_texts.sml,1985,RNGLR,717,717,2525562.50,10979.00,1359872,10,true,true,OK,accept,true
sml,MLWorks,ann_texts.sml,1985,BRNGLR,717,717,2069937.50,11021.00,2064384,10,true,true,OK,accept,true
sml,MLWorks,_environprint.sml,2565,Leo,725,725,6109979.50,106708.50,12058624,10,true,true,OK,accept,true
sml,MLWorks,_environprint.sml,2565,GLL,725,725,6405687.50,149479.50,9191424,10,true,true,OK,accept,true
sml,MLWorks,_environprint.sml,2565,RNGLR,725,725,3181687.50,13250.00,1097728,10,true,true,OK,accept,true
sml,MLWorks,_environprint.sml,2565,BRNGLR,725,725,2590645.50,15437.50,1687552,10,true,true,OK,accept,true
sml,MLWorks,RPO.sml,2861,Leo,731,731,5554896.00,84062.50,12795904,10,true,true,OK,accept,true
sml,MLWorks,RPO.sml,2861,GLL,731,731,6275979.00,74083.00,8978432,10,true,true,OK,accept,true
sml,MLWorks,RPO.sml,2861,RNGLR,731,731,1708812.50,14062.00,622592,10,true,true,OK,accept,true
sml,MLWorks,RPO.sml,2861,BRNGLR,731,731,1607896.00,13417.00,737280,10,true,true,OK,accept,true
sml,MLWorks,c_item_sig.sml,4217,Leo,734,734,14332812.50,53666.50,19447808,10,true,true,OK,accept,true
sml,MLWorks,c_item_sig.sml,4217,GLL,734,734,30747438.00,142938.00,31571968,10,true,true,OK,accept,true
sml,MLWorks,c_item_sig.sml,4217,RNGLR,734,734,20009749.50,35208.50,9961472,10,true,true,OK,accept,true
sml,MLWorks,c_item_sig.sml,4217,BRNGLR,734,734,14234958.50,40833.00,10616832,10,true,true,OK,accept,true
sml,MLWorks,Agent.sml,2435,Leo,740,740,14032833.50,39916.50,16826368,10,true,true,OK,accept,true
sml,MLWorks,Agent.sml,2435,GLL,740,740,19753813.00,134646.00,23412736,10,true,true,OK,accept,true
sml,MLWorks,Agent.sml,2435,RNGLR,740,740,28844500.00,75437.00,12009472,10,true,true,OK,accept,true
sml,MLWorks,Agent.sml,2435,BRNGLR,740,740,19969833.50,52042.00,11714560,10,true,true,OK,accept,true
sml,MLWorks,interpreter.sml,4490,Leo,747,747,5970625.50,22375.00,12140544,10,true,true,OK,accept,true
sml,MLWorks,interpreter.sml,4490,GLL,747,747,4948250.00,82187.50,6176768,10,true,true,OK,accept,true
sml,MLWorks,interpreter.sml,4490,RNGLR,747,747,2496729.50,15854.00,884736,10,true,true,OK,accept,true
sml,MLWorks,interpreter.sml,4490,BRNGLR,747,747,2039917.00,8645.50,1933312,10,true,true,OK,accept,true
sml,MLWorks,i_signature.sml,3274,Leo,749,749,6188854.00,28854.00,12648448,10,true,true,OK,accept,true
sml,MLWorks,i_signature.sml,3274,GLL,749,749,5866000.00,27291.50,9650176,10,true,true,OK,accept,true
sml,MLWorks,i_signature.sml,3274,RNGLR,749,749,1826333.00,9687.50,622592,10,true,true,OK,accept,true
sml,MLWorks,i_signature.sml,3274,BRNGLR,749,749,1702354.50,2291.50,917504,10,true,true,OK,accept,true
sml,MLWorks,i386_assembly.sml,3312,Leo,751,751,5577687.50,31083.00,9306112,10,true,true,OK,accept,true
sml,MLWorks,i386_assembly.sml,3312,GLL,751,751,5925729.00,29395.50,7716864,10,true,true,OK,accept,true
sml,MLWorks,i386_assembly.sml,3312,RNGLR,751,751,2242021.00,11771.00,671744,10,true,true,OK,accept,true
sml,MLWorks,i386_assembly.sml,3312,BRNGLR,751,751,1744625.00,2917.00,638976,10,true,true,OK,accept,true
sml,MLWorks,mips_assembly.sml,4053,Leo,755,755,8932354.50,40083.00,14745600,10,true,true,OK,accept,true
sml,MLWorks,mips_assembly.sml,4053,GLL,755,755,9995354.50,216625.50,15761408,10,true,true,OK,accept,true
sml,MLWorks,mips_assembly.sml,4053,RNGLR,755,755,4491708.50,18500.00,1081344,10,true,true,OK,accept,true
sml,MLWorks,mips_assembly.sml,4053,BRNGLR,755,755,3347500.00,21729.50,2015232,10,true,true,OK,accept,true
sml,MLWorks,cone.sml,1915,Leo,757,757,7588521.00,35187.50,14401536,10,true,true,OK,accept,true
sml,MLWorks,cone.sml,1915,GLL,757,757,9278500.00,78458.50,13303808,10,true,true,OK,accept,true
sml,MLWorks,cone.sml,1915,RNGLR,757,757,3368104.00,16187.00,2949120,10,true,true,OK,accept,true
sml,MLWorks,cone.sml,1915,BRNGLR,757,757,2845604.00,15187.00,2162688,10,true,true,OK,accept,true
sml,MLWorks,rayvector.sml,2289,Leo,757,757,6873000.00,38937.50,13598720,10,true,true,OK,accept,true
sml,MLWorks,rayvector.sml,2289,GLL,757,757,9387666.50,146750.00,16482304,10,true,true,OK,accept,true
sml,MLWorks,rayvector.sml,2289,RNGLR,757,757,3845229.00,8603.50,2064384,10,true,true,OK,accept,true
sml,MLWorks,rayvector.sml,2289,BRNGLR,757,757,3148916.50,8083.00,1703936,10,true,true,OK,accept,true
sml,MLWorks,__scramble.sml,3321,Leo,757,757,6527709.00,41375.00,12632064,10,true,true,OK,accept,true
sml,MLWorks,__scramble.sml,3321,GLL,757,757,6069062.50,47208.50,8683520,10,true,true,OK,accept,true
sml,MLWorks,__scramble.sml,3321,RNGLR,757,757,2643583.00,6853.50,1196032,10,true,true,OK,accept,true
sml,MLWorks,__scramble.sml,3321,BRNGLR,757,757,2210333.50,10104.00,1949696,10,true,true,OK,accept,true
sml,MLWorks,map.sml,2712,Leo,759,759,5771979.00,23166.50,9404416,10,true,true,OK,accept,true
sml,MLWorks,map.sml,2712,GLL,759,759,15149625.00,84937.50,15826944,10,true,true,OK,accept,true
sml,MLWorks,map.sml,2712,RNGLR,759,759,7179437.50,17499.50,4177920,10,true,true,OK,accept,true
sml,MLWorks,map.sml,2712,BRNGLR,759,759,5146438.00,6687.50,3276800,10,true,true,OK,accept,true
sml,MLWorks,save.sml,3558,Leo,759,759,6590499.50,51604.50,12435456,10,true,true,OK,accept,true
sml,MLWorks,save.sml,3558,GLL,759,759,6202375.00,39062.50,9371648,10,true,true,OK,accept,true
sml,MLWorks,save.sml,3558,RNGLR,759,759,2164479.50,7937.50,1671168,10,true,true,OK,accept,true
sml,MLWorks,save.sml,3558,BRNGLR,759,759,1891104.00,8208.00,917504,10,true,true,OK,accept,true
sml,MLWorks,xinterpreter.sml,4644,Leo,761,761,6319062.50,116708.50,12746752,10,true,true,OK,accept,true
sml,MLWorks,xinterpreter.sml,4644,GLL,761,761,5098187.00,24937.50,8732672,10,true,true,OK,accept,true
sml,MLWorks,xinterpreter.sml,4644,RNGLR,761,761,2438375.00,8979.00,1294336,10,true,true,OK,accept,true
sml,MLWorks,xinterpreter.sml,4644,BRNGLR,761,761,2066708.00,16312.50,1736704,10,true,true,OK,accept,true
sml,MLWorks,CAC_generate.sml,2996,Leo,767,767,7215417.00,80729.00,13254656,10,true,true,OK,accept,true
sml,MLWorks,CAC_generate.sml,2996,GLL,767,767,7099833.50,125646.00,9535488,10,true,true,OK,accept,true
sml,MLWorks,CAC_generate.sml,2996,RNGLR,767,767,3033250.00,31604.00,1523712,10,true,true,OK,accept,true
sml,MLWorks,CAC_generate.sml,2996,BRNGLR,767,767,2499812.00,10103.50,1916928,10,true,true,OK,accept,true
sml,MLWorks,mletags.sml,3242,Leo,773,773,5961416.50,25437.00,12353536,10,true,true,OK,accept,true
sml,MLWorks,mletags.sml,3242,GLL,773,773,5432375.00,139062.50,8847360,10,true,true,OK,accept,true
sml,MLWorks,mletags.sml,3242,RNGLR,773,773,1642687.50,15875.00,704512,10,true,true,OK,accept,true
sml,MLWorks,mletags.sml,3242,BRNGLR,773,773,1580354.00,28979.00,1032192,10,true,true,OK,accept,true
sml,MLWorks,_mkprstruct.sml,5185,Leo,778,778,6041874.50,30624.50,12517376,10,true,true,OK,accept,true
sml,MLWorks,_mkprstruct.sml,5185,GLL,778,778,6048291.50,67521.00,9355264,10,true,true,OK,accept,true
sml,MLWorks,_mkprstruct.sml,5185,RNGLR,778,778,2003250.50,10292.50,1949696,10,true,true,OK,accept,true
sml,MLWorks,_mkprstruct.sml,5185,BRNGLR,778,778,1765958.50,6854.50,737280,10,true,true,OK,accept,true
sml,MLWorks,_graph.sml,2772,Leo,779,779,5789375.00,32354.00,12402688,10,true,true,OK,accept,true
sml,MLWorks,_graph.sml,2772,GLL,779,779,6341437.50,120708.50,9289728,10,true,true,OK,accept,true
sml,MLWorks,_graph.sml,2772,RNGLR,779,779,1892291.00,8604.00,1392640,10,true,true,OK,accept,true
sml,MLWorks,_graph.sml,2772,BRNGLR,779,779,1660958.00,14646.00,835584,10,true,true,OK,accept,true
sml,MLWorks,shifts.sml,2314,Leo,788,788,9591479.00,46833.50,17121280,10,true,true,OK,accept,true
sml,MLWorks,shifts.sml,2314,GLL,788,788,7728979.00,29166.50,10076160,10,true,true,OK,accept,true
sml,MLWorks,shifts.sml,2314,RNGLR,788,788,4487458.50,19458.00,3473408,10,true,true,OK,accept,true
sml,MLWorks,shifts.sml,2314,BRNGLR,788,788,4044333.50,12834.00,3702784,10,true,true,OK,accept,true
sml,MLWorks,dummy_make.sml,2501,Leo,791,791,6753146.50,68917.00,14123008,10,true,true,OK,accept,true
sml,MLWorks,dummy_make.sml,2501,GLL,791,791,6438729.50,24229.00,9633792,10,true,true,OK,accept,true
sml,MLWorks,dummy_make.sml,2501,RNGLR,791,791,2863479.00,28291.50,1425408,10,true,true,OK,accept,true
sml,MLWorks,dummy_make.sml,2501,BRNGLR,791,791,2434937.50,16958.00,1671168,10,true,true,OK,accept,true
sml,MLWorks,basis.sml,4379,Leo,800,800,13884958.50,66812.50,19562496,10,true,true,OK,accept,true
sml,MLWorks,basis.sml,4379,GLL,800,800,25388208.50,167959.00,30867456,10,true,true,OK,accept,true
sml,MLWorks,basis.sml,4379,RNGLR,800,800,16398604.50,42875.50,6717440,10,true,true,OK,accept,true
sml,MLWorks,basis.sml,4379,BRNGLR,800,800,11799958.00,116312.50,6619136,10,true,true,OK,accept,true
sml,MLWorks,reals_2.sml,2629,Leo,801,801,10546416.50,122500.00,15138816,10,true,true,OK,accept,true
sml,MLWorks,reals_2.sml,2629,GLL,801,801,11342271.00,123271.00,17465344,10,true,true,OK,accept,true
sml,MLWorks,reals_2.sml,2629,RNGLR,801,801,8276854.00,19562.50,3702784,10,true,true,OK,accept,true
sml,MLWorks,reals_2.sml,2629,BRNGLR,801,801,6333521.00,74458.50,2752512,10,true,true,OK,accept,true
sml,MLWorks,_mips_opcodes.sml,3297,Leo,803,803,8076604.00,284604.00,13680640,10,true,true,OK,accept,true
sml,MLWorks,_mips_opcodes.sml,3297,GLL,803,803,5665729.50,24416.50,9191424,10,true,true,OK,accept,true
sml,MLWorks,_mips_opcodes.sml,3297,RNGLR,803,803,1563687.50,17271.00,1064960,10,true,true,OK,accept,true
sml,MLWorks,_mips_opcodes.sml,3297,BRNGLR,803,803,1487125.00,10895.50,1654784,10,true,true,OK,accept,true
sml,MLWorks,batch_common_export_filter.sml,5788,Leo,809,809,47764437.50,92062.50,23838720,10,true,true,OK,accept,true
sml,MLWorks,batch_common_export_filter.sml,5788,GLL,809,809,173378375.00,278541.50,117243904,10,true,true,OK,accept,true
sml,MLWorks,batch_common_export_filter.sml,5788,RNGLR,809,809,414805396.00,464042.00,107020288,10,true,true,OK,accept,true
sml,MLWorks,batch_common_export_filter.sml,5788,BRNGLR,809,809,355564771.00,632500.00,132890624,10,true,true,OK,accept,true
sml,MLWorks,__real_vector.sml,2365,Leo,813,813,6780292.00,50667.00,13959168,10,true,true,OK,accept,true
sml,MLWorks,__real_vector.sml,2365,GLL,813,813,7994187.00,108542.00,9781248,10,true,true,OK,accept,true
sml,MLWorks,__real_vector.sml,2365,RNGLR,813,813,3657125.00,14875.00,2179072,10,true,true,OK,accept,true
sml,MLWorks,__real_vector.sml,2365,BRNGLR,813,813,2956041.50,8937.00,1638400,10,true,true,OK,accept,true
sml,MLWorks,_look.sml,2796,Leo,822,822,6094625.00,100791.50,12795904,10,true,true,OK,accept,true
sml,MLWorks,_look.sml,2796,GLL,822,822,6607062.50,226458.50,9666560,10,true,true,OK,accept,true
sml,MLWorks,_look.sml,2796,RNGLR,822,822,1766750.00,6916.50,688128,10,true,true,OK,accept,true
sml,MLWorks,_look.sml,2796,BRNGLR,822,822,1606667.00,9063.00,950272,10,true,true,OK,accept,true
sml,MLWorks,i_equality.sml,3343,Leo,827,827,7045604.00,67354.00,13697024,10,true,true,OK,accept,true
sml,MLWorks,i_equality.sml,3343,GLL,827,827,7617333.50,55667.00,10141696,10,true,true,OK,accept,true
sml,MLWorks,i_equality.sml,3343,RNGLR,827,827,3035250.00,7541.50,2293760,10,true,true,OK,accept,true
sml,MLWorks,i_equality.sml,3343,BRNGLR,827,827,2652229.00,12416.50,1703936,10,true,true,OK,accept,true
sml,MLWorks,readers_writers.sml,3406,Leo,828,828,9854646.00,66896.00,14303232,10,true,true,OK,accept,true
sml,MLWorks,readers_writers.sml,3406,GLL,828,828,11870146.00,81562.50,12435456,10,true,true,OK,accept,true
sml,MLWorks,readers_writers.sml,3406,RNGLR,828,828,14215354.00,39083.50,6307840,10,true,true,OK,accept,true
sml,MLWorks,readers_writers.sml,3406,BRNGLR,828,828,10439333.50,15062.50,6766592,10,true,true,OK,accept,true
sml,MLWorks,stream_io.sml,2767,Leo,834,834,24324125.00,56812.00,17776640,10,true,true,OK,accept,true
sml,MLWorks,stream_io.sml,2767,GLL,834,834,82022396.00,251583.50,56737792,10,true,true,OK,accept,true
sml,MLWorks,stream_io.sml,2767,RNGLR,834,834,285700812.50,393291.50,53870592,10,true,true,OK,accept,true
sml,MLWorks,stream_io.sml,2767,BRNGLR,834,834,242121625.00,666187.50,70041600,10,true,true,OK,accept,true
sml,MLWorks,_inbuffer.sml,2938,Leo,840,840,6583833.50,62291.50,13385728,10,true,true,OK,accept,true
sml,MLWorks,_inbuffer.sml,2938,GLL,840,840,7151667.00,42854.00,9633792,10,true,true,OK,accept,true
sml,MLWorks,_inbuffer.sml,2938,RNGLR,840,840,3701458.50,35229.50,2031616,10,true,true,OK,accept,true
sml,MLWorks,_inbuffer.sml,2938,BRNGLR,840,840,2959875.50,24355.00,3014656,10,true,true,OK,accept,true
sml,MLWorks,_lambdamodule.sml,3743,Leo,842,842,6579833.00,15104.50,13959168,10,true,true,OK,accept,true
sml,MLWorks,_lambdamodule.sml,3743,GLL,842,842,6703562.50,51208.00,9682944,10,true,true,OK,accept,true
sml,MLWorks,_lambdamodule.sml,3743,RNGLR,842,842,2357416.50,9395.50,1949696,10,true,true,OK,accept,true
sml,MLWorks,_lambdamodule.sml,3743,BRNGLR,842,842,2022270.50,5916.50,2326528,10,true,true,OK,accept,true
sml,MLWorks,registry_spec.sml,3981,Leo,842,842,11527416.50,71104.50,16367616,10,true,true,OK,accept,true
sml,MLWorks,registry_spec.sml,3981,GLL,842,842,10695646.00,103980.00,18890752,10,true,true,OK,accept,true
sml,MLWorks,registry_spec.sml,3981,RNGLR,842,842,6189958.50,19813.00,3620864,10,true,true,OK,accept,true
sml,MLWorks,registry_spec.sml,3981,BRNGLR,842,842,4852417.00,19333.50,4358144,10,true,true,OK,accept,true
sml,MLWorks,NameSubstitution.sml,2800,Leo,856,856,8219499.50,31583.50,13975552,10,true,true,OK,accept,true
sml,MLWorks,NameSubstitution.sml,2800,GLL,856,856,7696041.50,31500.00,10223616,10,true,true,OK,accept,true
sml,MLWorks,NameSubstitution.sml,2800,RNGLR,856,856,4583166.50,23000.00,3145728,10,true,true,OK,accept,true
sml,MLWorks,NameSubstitution.sml,2800,BRNGLR,856,856,3596479.00,19166.50,2539520,10,true,true,OK,accept,true
sml,MLWorks,precedence.sml,2891,Leo,858,858,7396396.00,75499.50,13697024,10,true,true,OK,accept,true
sml,MLWorks,precedence.sml,2891,GLL,858,858,7754229.00,109874.50,10502144,10,true,true,OK,accept,true
sml,MLWorks,precedence.sml,2891,RNGLR,858,858,4087041.50,16750.00,1703936,10,true,true,OK,accept,true
sml,MLWorks,precedence.sml,2891,BRNGLR,858,858,3255958.50,12104.50,2850816,10,true,true,OK,accept,true
sml,MLWorks,dining_philosophers.sml,3681,Leo,872,872,11098853.50,129228.50,15482880,10,true,true,OK,accept,true
sml,MLWorks,dining_philosophers.sml,3681,GLL,872,872,17983666.50,57104.50,19841024,10,true,true,OK,accept,true
sml,MLWorks,dining_philosophers.sml,3681,RNGLR,872,872,27247208.00,74354.50,10141696,10,true,true,OK,accept,true
sml,MLWorks,dining_philosophers.sml,3681,BRNGLR,872,872,20100833.50,163250.00,10289152,10,true,true,OK,accept,true
sml,MLWorks,_module_name.sml,3146,Leo,874,874,12111458.00,84104.50,15712256,10,true,true,OK,accept,true
sml,MLWorks,_module_name.sml,3146,GLL,874,874,15676354.50,85729.50,21561344,10,true,true,OK,accept,true
sml,MLWorks,_module_name.sml,3146,RNGLR,874,874,21926542.00,44354.50,10207232,10,true,true,OK,accept,true
sml,MLWorks,_module_name.sml,3146,BRNGLR,874,874,15265000.50,62834.50,7553024,10,true,true,OK,accept,true
sml,MLWorks,_module_dec.sml,3628,Leo,875,875,6277646.00,65438.00,12599296,10,true,true,OK,accept,true
sml,MLWorks,_module_dec.sml,3628,GLL,875,875,5459958.50,32875.00,8978432,10,true,true,OK,accept,true
sml,MLWorks,_module_dec.sml,3628,RNGLR,875,875,1369020.50,7332.50,1032192,10,true,true,OK,accept,true
sml,MLWorks,_module_dec.sml,3628,BRNGLR,875,875,1333166.50,7000.00,1409024,10,true,true,OK,accept,true
sml,MLWorks,__mlworks_c_io.sml,4113,Leo,875,875,12667021.00,76500.00,15613952,10,true,true,OK,accept,true
sml,MLWorks,__mlworks_c_io.sml,4113,GLL,875,875,19928187.50,357854.00,21151744,10,true,true,OK,accept,true
sml,MLWorks,__mlworks_c_io.sml,4113,RNGLR,875,875,27170479.00,59229.50,12369920,10,true,true,OK,accept,true
sml,MLWorks,__mlworks_c_io.sml,4113,BRNGLR,875,875,19264666.50,35187.50,12582912,10,true,true,OK,accept,true
sml,MLWorks,_inspector.sml,4511,Leo,877,877,7501104.00,69687.00,14008320,10,true,true,OK,accept,true
sml,MLWorks,_inspector.sml,4511,GLL,877,877,10443437.50,58916.50,16351232,10,true,true,OK,accept,true
sml,MLWorks,_inspector.sml,4511,RNGLR,877,877,3044917.00,8583.00,1196032,10,true,true,OK,accept,true
sml,MLWorks,_inspector.sml,4511,BRNGLR,877,877,2492271.00,17416.50,1884160,10,true,true,OK,accept,true
sml,MLWorks,__vector.sml,2653,Leo,878,878,7219229.50,55125.50,14172160,10,true,true,OK,accept,true
sml,MLWorks,__vector.sml,2653,GLL,878,878,7877979.00,31937.50,10158080,10,true,true,OK,accept,true
sml,MLWorks,__vector.sml,2653,RNGLR,878,878,3509271.00,14333.50,2179072,10,true,true,OK,accept,true
sml,MLWorks,__vector.sml,2653,BRNGLR,878,878,2977938.00,68667.00,1720320,10,true,true,OK,accept,true
sml,MLWorks,__real_array.sml,2675,Leo,881,881,7557771.00,23833.50,13893632,10,true,true,OK,accept,true
sml,MLWorks,__real_array.sml,2675,GLL,881,881,9105854.00,51979.00,12517376,10,true,true,OK,accept,true
sml,MLWorks,__real_array.sml,2675,RNGLR,881,881,5208250.50,20437.50,2244608,10,true,true,OK,accept,true
sml,MLWorks,__real_array.sml,2675,BRNGLR,881,881,3994499.50,20666.50,2375680,10,true,true,OK,accept,true
sml,MLWorks,_lambdasub.sml,2800,Leo,889,889,7009083.00,44062.50,13500416,10,true,true,OK,accept,true
sml,MLWorks,_lambdasub.sml,2800,GLL,889,889,6283083.50,59625.00,9961472,10,true,true,OK,accept,true
sml,MLWorks,_lambdasub.sml,2800,RNGLR,889,889,1785938.00,11083.50,720896,10,true,true,OK,accept,true
sml,MLWorks,_lambdasub.sml,2800,BRNGLR,889,889,1635375.00,9438.00,1327104,10,true,true,OK,accept,true
sml,MLWorks,__hdr.sml,3083,Leo,890,890,6990563.00,39980.00,12861440,10,true,true,OK,accept,true
sml,MLWorks,__hdr.sml,3083,GLL,890,890,7661354.50,41354.00,10960896,10,true,true,OK,accept,true
sml,MLWorks,__hdr.sml,3083,RNGLR,890,890,5712333.50,10354.00,3080192,10,true,true,OK,accept,true
sml,MLWorks,__hdr.sml,3083,BRNGLR,890,890,4290937.50,17687.50,1736704,10,true,true,OK,accept,true
sml,MLWorks,i_sort.sml,4327,Leo,900,900,10113458.50,98708.00,15564800,10,true,true,OK,accept,true
sml,MLWorks,i_sort.sml,4327,GLL,900,900,14712354.00,200479.00,20611072,10,true,true,OK,accept,true
sml,MLWorks,i_sort.sml,4327,RNGLR,900,900,9287312.50,84604.00,7651328,10,true,true,OK,accept,true
sml,MLWorks,i_sort.sml,4327,BRNGLR,900,900,7341812.00,231104.00,7028736,10,true,true,OK,accept,true
sml,MLWorks,_mlworks_io.sml,4543,Leo,902,902,7232916.50,143667.00,13844480,10,true,true,OK,accept,true
sml,MLWorks,_mlworks_io.sml,4543,GLL,902,902,7696145.50,78166.50,9912320,10,true,true,OK,accept,true
sml,MLWorks,_mlworks_io.sml,4543,RNGLR,902,902,2996083.00,24771.00,1441792,10,true,true,OK,accept,true
sml,MLWorks,_mlworks_io.sml,4543,BRNGLR,902,902,2613646.00,17583.50,1654784,10,true,true,OK,accept,true
sml,MLWorks,widget_tree_sig.sml,5019,Leo,902,902,17064958.00,174333.00,22347776,10,true,true,OK,accept,true
sml,MLWorks,widget_tree_sig.sml,5019,GLL,902,902,36591624.50,241520.00,34078720,10,true,true,OK,accept,true
sml,MLWorks,widget_tree_sig.sml,5019,RNGLR,902,902,22635541.50,36978.50,11862016,10,true,true,OK,accept,true
sml,MLWorks,widget_tree_sig.sml,5019,BRNGLR,902,902,16230708.50,23646.00,12222464,10,true,true,OK,accept,true
sml,MLWorks,words.sml,3145,Leo,904,904,15993228.50,145666.00,25608192,10,true,true,OK,accept,true
sml,MLWorks,words.sml,3145,GLL,904,904,15527771.00,192896.00,20135936,10,true,true,OK,accept,true
sml,MLWorks,words.sml,3145,RNGLR,904,904,13250875.00,32250.00,6406144,10,true,true,OK,accept,true
sml,MLWorks,words.sml,3145,BRNGLR,904,904,10206812.50,73813.00,5816320,10,true,true,OK,accept,true
sml,MLWorks,__pre_word.sml,3634,Leo,912,912,14034458.00,123374.50,17121280,10,true,true,OK,accept,true
sml,MLWorks,__pre_word.sml,3634,GLL,912,912,15422895.50,59499.00,20103168,10,true,true,OK,accept,true
sml,MLWorks,__pre_word.sml,3634,RNGLR,912,912,19193021.00,30896.00,8962048,10,true,true,OK,accept,true
sml,MLWorks,__pre_word.sml,3634,BRNGLR,912,912,13632521.00,34937.50,7929856,10,true,true,OK,accept,true
sml,MLWorks,_i386types.sml,5453,Leo,914,914,11824166.50,79687.50,16171008,10,true,true,OK,accept,true
sml,MLWorks,_i386types.sml,5453,GLL,914,914,7645125.00,44875.00,12779520,10,true,true,OK,accept,true
sml,MLWorks,_i386types.sml,5453,RNGLR,914,914,4476917.00,35312.50,1818624,10,true,true,OK,accept,true
sml,MLWorks,_i386types.sml,5453,BRNGLR,914,914,3449812.50,14229.50,3129344,10,true,true,OK,accept,true
sml,MLWorks,__array.sml,2946,Leo,915,915,8244583.00,70625.00,14565376,10,true,true,OK,accept,true
sml,MLWorks,__array.sml,2946,GLL,915,915,8604354.00,68645.50,11534336,10,true,true,OK,accept,true
sml,MLWorks,__array.sml,2946,RNGLR,915,915,4846229.00,18645.50,2605056,10,true,true,OK,accept,true
sml,MLWorks,__array.sml,2946,BRNGLR,915,915,3773937.50,10645.50,2359296,10,true,true,OK,accept,true
sml,MLWorks,__pre_int32.sml,3245,Leo,920,920,9700354.50,31125.50,15155200,10,true,true,OK,accept,true
sml,MLWorks,__pre_int32.sml,3245,GLL,920,920,12278750.00,62479.00,18235392,10,true,true,OK,accept,true
sml,MLWorks,__pre_int32.sml,3245,RNGLR,920,920,11854708.00,46250.00,6356992,10,true,true,OK,accept,true
sml,MLWorks,__pre_int32.sml,3245,BRNGLR,920,920,8570375.00,24146.00,4866048,10,true,true,OK,accept,true
sml,MLWorks,widget_ops.sml,3970,Leo,921,921,7808458.50,15896.00,14860288,10,true,true,OK,accept,true
sml,MLWorks,widget_ops.sml,3970,GLL,921,921,7530208.00,12833.00,10059776,10,true,true,OK,accept,true
sml,MLWorks,widget_ops.sml,3970,RNGLR,921,921,3045583.50,17895.50,1589248,10,true,true,OK,accept,true
sml,MLWorks,widget_ops.sml,3970,BRNGLR,921,921,2622208.50,14770.50,1966080,10,true,true,OK,accept,true
sml,MLWorks,unixos.sml,4213,Leo,923,923,9084999.50,56708.50,13221888,10,true,true,OK,accept,true
sml,MLWorks,unixos.sml,4213,GLL,923,923,33738854.50,170437.50,33931264,10,true,true,OK,accept,true
sml,MLWorks,unixos.sml,4213,RNGLR,923,923,15902312.50,54875.00,9650176,10,true,true,OK,accept,true
sml,MLWorks,unixos.sml,4213,BRNGLR,923,923,11198083.50,27417.00,8273920,10,true,true,OK,accept,true
sml,MLWorks,_control_unify.sml,4854,Leo,931,931,7479062.50,172853.50,13467648,10,true,true,OK,accept,true
sml,MLWorks,_control_unify.sml,4854,GLL,931,931,7123708.50,23416.50,8978432,10,true,true,OK,accept,true
sml,MLWorks,_control_unify.sml,4854,RNGLR,931,931,1971229.00,18687.50,1835008,10,true,true,OK,accept,true
sml,MLWorks,_control_unify.sml,4854,BRNGLR,931,931,1814959.00,5917.00,753664,10,true,true,OK,accept,true
sml,MLWorks,byte.sml,3495,Leo,935,935,12860604.00,163687.50,17088512,10,true,true,OK,accept,true
sml,MLWorks,byte.sml,3495,GLL,935,935,13732708.00,118937.50,21430272,10,true,true,OK,accept,true
sml,MLWorks,byte.sml,3495,RNGLR,935,935,21700729.50,30979.00,5455872,10,true,true,OK,accept,true
sml,MLWorks,byte.sml,3495,BRNGLR,935,935,16658854.50,764958.00,7618560,10,true,true,OK,accept,true
sml,MLWorks,base.sml,3961,Leo,935,935,5073562.50,38771.00,8421376,10,true,true,OK,accept,true
sml,MLWorks,base.sml,3961,GLL,935,935,10314812.50,169958.00,15122432,10,true,true,OK,accept,true
sml,MLWorks,base.sml,3961,RNGLR,935,935,2221229.00,7271.00,1802240,10,true,true,OK,accept,true
sml,MLWorks,base.sml,3961,BRNGLR,935,935,1927854.00,8688.00,770048,10,true,true,OK,accept,true
sml,MLWorks,__c_function.sml,4945,Leo,935,935,8736166.50,152937.50,14712832,10,true,true,OK,accept,true
sml,MLWorks,__c_function.sml,4945,GLL,935,935,11265042.00,81833.00,12189696,10,true,true,OK,accept,true
sml,MLWorks,__c_function.sml,4945,RNGLR,935,935,8987187.50,19416.00,3702784,10,true,true,OK,accept,true
sml,MLWorks,__c_function.sml,4945,BRNGLR,935,935,6494395.50,17208.50,3489792,10,true,true,OK,accept,true
sml,MLWorks,_simplelib.sml,2418,Leo,936,936,10125208.50,77334.00,15024128,10,true,true,OK,accept,true
sml,MLWorks,_simplelib.sml,2418,GLL,936,936,14519437.00,273958.50,18399232,10,true,true,OK,accept,true
sml,MLWorks,_simplelib.sml,2418,RNGLR,936,936,16250854.50,41583.50,6914048,10,true,true,OK,accept,true
sml,MLWorks,_simplelib.sml,2418,BRNGLR,936,936,11441333.50,31208.50,6062080,10,true,true,OK,accept,true
sml,MLWorks,_preferences.sml,5424,Leo,938,938,6008792.00,28604.00,12533760,10,true,true,OK,accept,true
sml,MLWorks,_preferences.sml,5424,GLL,938,938,6172375.00,37875.00,10240000,10,true,true,OK,accept,true
sml,MLWorks,_preferences.sml,5424,RNGLR,938,938,2191583.50,10916.50,2146304,10,true,true,OK,accept,true
sml,MLWorks,_preferences.sml,5424,BRNGLR,938,938,2301146.00,379771.00,1916928,10,true,true,OK,accept,true
sml,MLWorks,criticalpair.sml,3782,Leo,940,940,8721083.00,41750.00,15253504,10,true,true,OK,accept,true
sml,MLWorks,criticalpair.sml,3782,GLL,940,940,8652104.50,139770.50,15024128,10,true,true,OK,accept,true
sml,MLWorks,criticalpair.sml,3782,RNGLR,940,940,3132000.00,23021.00,2686976,10,true,true,OK,accept,true
sml,MLWorks,criticalpair.sml,3782,BRNGLR,940,940,2810708.00,13708.00,1916928,10,true,true,OK,accept,true
sml,MLWorks,__word8_vector.sml,2942,Leo,945,945,7993854.00,36875.00,14729216,10,true,true,OK,accept,true
sml,MLWorks,__word8_vector.sml,2942,GLL,945,945,9144770.50,101208.00,11649024,10,true,true,OK,accept,true
sml,MLWorks,__word8_vector.sml,2942,RNGLR,945,945,4912833.50,14417.00,2605056,10,true,true,OK,accept,true
sml,MLWorks,__word8_vector.sml,2942,BRNGLR,945,945,3912916.50,21333.00,2375680,10,true,true,OK,accept,true
sml,MLWorks,redundant1.sml,2037,Leo,949,949,6963520.50,52145.50,13172736,10,true,true,OK,accept,true
sml,MLWorks,redundant1.sml,2037,GLL,949,949,4371604.00,37124.50,7667712,10,true,true,OK,accept,true
sml,MLWorks,redundant1.sml,2037,RNGLR,949,949,863083.50,6396.00,98304,10,true,true,OK,accept,true
sml,MLWorks,redundant1.sml,2037,BRNGLR,949,949,860854.50,6937.50,81920,10,true,true,OK,accept,true
sml,MLWorks,__unix.sml,3581,Leo,950,950,6898562.50,27354.00,14024704,10,true,true,OK,accept,true
sml,MLWorks,__unix.sml,3581,GLL,950,950,6420604.50,25604.50,9715712,10,true,true,OK,accept,true
sml,MLWorks,__unix.sml,3581,RNGLR,950,950,2996812.50,12853.50,1409024,10,true,true,OK,accept,true
sml,MLWorks,__unix.sml,3581,BRNGLR,950,950,2570354.50,10458.00,1720320,10,true,true,OK,accept,true
sml,MLWorks,mirtypes.sml,5088,Leo,950,950,20401042.00,38292.00,26836992,10,true,true,OK,accept,true
sml,MLWorks,mirtypes.sml,5088,GLL,950,950,35418728.50,179436.50,33832960,10,true,true,OK,accept,true
sml,MLWorks,mirtypes.sml,5088,RNGLR,950,950,22431375.50,74959.00,12140544,10,true,true,OK,accept,true
sml,MLWorks,mirtypes.sml,5088,BRNGLR,950,950,15972667.00,36229.50,11681792,10,true,true,OK,accept,true
sml,MLWorks,__pre_word32.sml,3715,Leo,952,952,14299770.50,99125.50,17367040,10,true,true,OK,accept,true
sml,MLWorks,__pre_word32.sml,3715,GLL,952,952,16792583.50,448562.00,21331968,10,true,true,OK,accept,true
sml,MLWorks,__pre_word32.sml,3715,RNGLR,952,952,20499416.50,114625.50,9633792,10,true,true,OK,accept,true
sml,MLWorks,__pre_word32.sml,3715,BRNGLR,952,952,14340542.00,27041.50,9273344,10,true,true,OK,accept,true
sml,MLWorks,paralleltak.sml,2655,Leo,954,954,8620541.50,74541.50,15548416,10,true,true,OK,accept,true
sml,MLWorks,paralleltak.sml,2655,GLL,954,954,9279041.50,44250.00,15679488,10,true,true,OK,accept,true
sml,MLWorks,paralleltak.sml,2655,RNGLR,954,954,3369250.00,18666.50,2457600,10,true,true,OK,accept,true
sml,MLWorks,paralleltak.sml,2655,BRNGLR,954,954,2956833.50,24875.00,1785856,10,true,true,OK,accept,true
sml,MLWorks,kb.sml,3971,Leo,954,954,8838833.00,60000.00,15433728,10,true,true,OK,accept,true
sml,MLWorks,kb.sml,3971,GLL,954,954,8420791.00,29896.00,15941632,10,true,true,OK,accept,true
sml,MLWorks,kb.sml,3971,RNGLR,954,954,2327020.50,20978.50,2015232,10,true,true,OK,accept,true
sml,MLWorks,kb.sml,3971,BRNGLR,954,954,2053854.00,15958.50,2342912,10,true,true,OK,accept,true
sml,MLWorks,_verbose.sml,4004,Leo,955,955,7555979.50,65750.50,13811712,10,true,true,OK,accept,true
sml,MLWorks,_verbose.sml,4004,GLL,955,955,7296791.00,55082.50,9420800,10,true,true,OK,accept,true
sml,MLWorks,_verbose.sml,4004,RNGLR,955,955,2089687.00,7437.00,1835008,10,true,true,OK,accept,true
sml,MLWorks,_verbose.sml,4004,BRNGLR,955,955,1852499.50,6666.50,1228800,10,true,true,OK,accept,true
sml,MLWorks,string_cvt.sml,4152,Leo,955,955,8072292.00,34833.50,14893056,10,true,true,OK,accept,true
sml,MLWorks,string_cvt.sml,4152,GLL,955,955,10140250.00,182833.50,16859136,10,true,true,OK,accept,true
sml,MLWorks,string_cvt.sml,4152,RNGLR,955,955,5868312.00,19709.00,3129344,10,true,true,OK,accept,true
sml,MLWorks,string_cvt.sml,4152,BRNGLR,955,955,4888916.50,19291.50,3096576,10,true,true,OK,accept,true
sml,MLWorks,eventloop.sml,3859,Leo,956,956,8324333.00,57062.00,15106048,10,true,true,OK,accept,true
sml,MLWorks,eventloop.sml,3859,GLL,956,956,8218125.00,66771.00,11124736,10,true,true,OK,accept,true
sml,MLWorks,eventloop.sml,3859,RNGLR,956,956,3775124.50,25582.50,1835008,10,true,true,OK,accept,true
sml,MLWorks,eventloop.sml,3859,BRNGLR,956,956,3216125.50,9396.00,2834432,10,true,true,OK,accept,true
sml,MLWorks,EquivalenceChecker.sml,2896,Leo,960,960,6625458.00,54874.50,13598720,10,true,true,OK,accept,true
sml,MLWorks,EquivalenceChecker.sml,2896,GLL,960,960,6131750.00,30833.00,9682944,10,true,true,OK,accept,true
sml,MLWorks,EquivalenceChecker.sml,2896,RNGLR,960,960,1730458.00,12750.00,1064960,10,true,true,OK,accept,true
sml,MLWorks,EquivalenceChecker.sml,2896,BRNGLR,960,960,1581375.00,5437.50,1359872,10,true,true,OK,accept,true
sml,MLWorks,_intsetlist.sml,2956,Leo,963,963,8098958.00,80646.00,14794752,10,true,true,OK,accept,true
sml,MLWorks,_intsetlist.sml,2956,GLL,963,963,8460916.50,40937.50,12681216,10,true,true,OK,accept,true
sml,MLWorks,_intsetlist.sml,2956,RNGLR,963,963,3989520.50,10728.50,1785856,10,true,true,OK,accept,true
sml,MLWorks,_intsetlist.sml,2956,BRNGLR,963,963,3168125.00,14291.50,1572864,10,true,true,OK,accept,true
sml,MLWorks,OSunify.sml,3454,Leo,966,966,8800667.00,73104.50,15056896,10,true,true,OK,accept,true
sml,MLWorks,OSunify.sml,3454,GLL,966,966,9594292.00,98188.00,11026432,10,true,true,OK,accept,true
sml,MLWorks,OSunify.sml,3454,RNGLR,966,966,4107521.00,18354.00,1916928,10,true,true,OK,accept,true
sml,MLWorks,OSunify.sml,3454,BRNGLR,966,966,3365146.00,18042.50,2965504,10,true,true,OK,accept,true
sml,MLWorks,_inter_envtypes.sml,4110,Leo,979,979,8665479.50,108250.00,15138816,10,true,true,OK,accept,true
sml,MLWorks,_inter_envtypes.sml,4110,GLL,979,979,9848312.50,89479.00,18694144,10,true,true,OK,accept,true
sml,MLWorks,_inter_envtypes.sml,4110,RNGLR,979,979,5756646.00,24688.00,3850240,10,true,true,OK,accept,true
sml,MLWorks,_inter_envtypes.sml,4110,BRNGLR,979,979,4379875.00,9271.00,2015232,10,true,true,OK,accept,true
sml,MLWorks,guess.sml,3763,Leo,981,981,8381646.00,50812.50,14909440,10,true,true,OK,accept,true
sml,MLWorks,guess.sml,3763,GLL,981,981,9297854.50,22000.50,12386304,10,true,true,OK,accept,true
sml,MLWorks,guess.sml,3763,RNGLR,981,981,4886645.50,19375.00,2588672,10,true,true,OK,accept,true
sml,MLWorks,guess.sml,3763,BRNGLR,981,981,3852104.00,19791.50,2588672,10,true,true,OK,accept,true
sml,MLWorks,socket.sml,3826,Leo,983,983,6301583.50,45333.50,9945088,10,true,true,OK,accept,true
sml,MLWorks,socket.sml,3826,GLL,983,983,19860229.50,76750.50,29622272,10,true,true,OK,accept,true
sml,MLWorks,socket.sml,3826,RNGLR,983,983,7809062.50,5937.50,3817472,10,true,true,OK,accept,true
sml,MLWorks,socket.sml,3826,BRNGLR,983,983,5737604.00,26291.50,2572288,10,true,true,OK,accept,true
sml,MLWorks,require_all.sml,6271,Leo,985,985,16614208.50,53312.50,16531456,10,true,true,OK,accept,true
sml,MLWorks,require_all.sml,6271,GLL,985,985,49976458.00,179563.00,54263808,10,true,true,OK,accept,true
sml,MLWorks,require_all.sml,6271,RNGLR,985,985,73061166.50,82583.00,36323328,10,true,true,OK,accept,true
sml,MLWorks,require_all.sml,6271,BRNGLR,985,985,52295416.50,75854.00,34996224,10,true,true,OK,accept,true
sml,MLWorks,__pre_string_cvt.sml,3005,Leo,998,998,6982583.00,40375.00,14188544,10,true,true,OK,accept,true
sml,MLWorks,__pre_string_cvt.sml,3005,GLL,998,998,7709625.00,55146.00,10977280,10,true,true,OK,accept,true
sml,MLWorks,__pre_string_cvt.sml,3005,RNGLR,998,998,3089188.00,16750.50,1507328,10,true,true,OK,accept,true
sml,MLWorks,__pre_string_cvt.sml,3005,BRNGLR,998,998,2601104.00,12583.00,1933312,10,true,true,OK,accept,true
sml,MLWorks,_machspec.sml,4148,Leo,1002,1002,11965395.50,123958.50,16629760,10,true,true,OK,accept,true
sml,MLWorks,_machspec.sml,4148,GLL,1002,1002,14388021.00,125271.00,20381696,10,true,true,OK,accept,true
sml,MLWorks,_machspec.sml,4148,RNGLR,1002,1002,14036041.50,29187.50,4653056,10,true,true,OK,accept,true
sml,MLWorks,_machspec.sml,4148,BRNGLR,1002,1002,10125396.00,10312.00,4964352,10,true,true,OK,accept,true
sml,MLWorks,__pre_int.sml,3558,Leo,1005,1005,9873937.50,103583.50,15417344,10,true,true,OK,accept,true
sml,MLWorks,__pre_int.sml,3558,GLL,1005,1005,12167437.50,179750.00,18530304,10,true,true,OK,accept,true
sml,MLWorks,__pre_int.sml,3558,RNGLR,1005,1005,10952000.00,9854.00,4423680,10,true,true,OK,accept,true
sml,MLWorks,__pre_int.sml,3558,BRNGLR,1005,1005,8057125.00,26812.50,5931008,10,true,true,OK,accept,true
sml,MLWorks,nj-compat.sml,4176,Leo,1005,1005,44877541.50,96708.00,24018944,10,true,true,OK,accept,true
sml,MLWorks,nj-compat.sml,4176,GLL,1005,1005,87638687.50,274875.50,60538880,10,true,true,OK,accept,true
sml,MLWorks,nj-compat.sml,4176,RNGLR,1005,1005,154536500.00,127750.00,46940160,10,true,true,OK,accept,true
sml,MLWorks,nj-compat.sml,4176,BRNGLR,1005,1005,112280562.50,166166.50,48758784,10,true,true,OK,accept,true
sml,MLWorks,fastlude.sml,2992,Leo,1006,1006,18763271.50,82228.50,18939904,10,true,true,OK,accept,true
sml,MLWorks,fastlude.sml,2992,GLL,1006,1006,25144125.50,159709.00,27181056,10,true,true,OK,accept,true
sml,MLWorks,fastlude.sml,2992,RNGLR,1006,1006,26415250.00,49958.50,11763712,10,true,true,OK,accept,true
sml,MLWorks,fastlude.sml,2992,BRNGLR,1006,1006,18473750.00,40125.00,11534336,10,true,true,OK,accept,true
sml,MLWorks,ordlist.sml,3468,Leo,1015,1015,9675146.00,148604.50,15908864,10,true,true,OK,accept,true
sml,MLWorks,ordlist.sml,3468,GLL,1015,1015,12134292.00,119833.50,17367040,10,true,true,OK,accept,true
sml,MLWorks,ordlist.sml,3468,RNGLR,1015,1015,5306895.50,19937.00,2244608,10,true,true,OK,accept,true
sml,MLWorks,ordlist.sml,3468,BRNGLR,1015,1015,4220417.00,17958.50,2605056,10,true,true,OK,accept,true
sml,MLWorks,_coreutils.sml,3430,Leo,1017,1017,7239083.50,49916.50,14057472,10,true,true,OK,accept,true
sml,MLWorks,_coreutils.sml,3430,GLL,1017,1017,7161542.00,89875.00,10551296,10,true,true,OK,accept,true
sml,MLWorks,_coreutils.sml,3430,RNGLR,1017,1017,2152062.50,6291.50,1998848,10,true,true,OK,accept,true
sml,MLWorks,_coreutils.sml,3430,BRNGLR,1017,1017,1945291.00,13520.50,2113536,10,true,true,OK,accept,true
sml,MLWorks,sort.sml,3753,Leo,1034,1034,8523791.50,89458.50,15351808,10,true,true,OK,accept,true
sml,MLWorks,sort.sml,3753,GLL,1034,1034,8435895.50,101625.50,9945088,10,true,true,OK,accept,true
sml,MLWorks,sort.sml,3753,RNGLR,1034,1034,2581250.00,18917.00,1769472,10,true,true,OK,accept,true
sml,MLWorks,sort.sml,3753,BRNGLR,1034,1034,2308187.50,8896.00,2162688,10,true,true,OK,accept,true
sml,MLWorks,_group_dag.sml,4179,Leo,1035,1035,7024021.00,70749.50,13877248,10,true,true,OK,accept,true
sml,MLWorks,_group_dag.sml,4179,GLL,1035,1035,6627646.00,24979.00,9469952,10,true,true,OK,accept,true
sml,MLWorks,_group_dag.sml,4179,RNGLR,1035,1035,1863812.00,17646.00,1802240,10,true,true,OK,accept,true
sml,MLWorks,_group_dag.sml,4179,BRNGLR,1035,1035,1745374.50,9979.00,966656,10,true,true,OK,accept,true
sml,MLWorks,random_access.sml,4621,Leo,1039,1039,3313416.50,20624.50,3424256,10,false,false,PARSE_FAIL,accept,false
sml,MLWorks,random_access.sml,4621,GLL,1039,1039,6084562.50,45458.50,9601024,10,false,false,PARSE_FAIL,accept,false
sml,MLWorks,random_access.sml,4621,RNGLR,1039,1039,1812021.00,10896.00,622592,10,false,false,PARSE_FAIL,accept,false
sml,MLWorks,random_access.sml,4621,BRNGLR,1039,1039,1498395.50,3895.50,753664,10,false,false,PARSE_FAIL,accept,false
sml,MLWorks,huet.sml,4394,Leo,1045,1045,9664958.50,82188.00,16433152,10,true,true,OK,accept,true
sml,MLWorks,huet.sml,4394,GLL,1045,1045,9413792.00,104875.00,16465920,10,true,true,OK,accept,true
sml,MLWorks,huet.sml,4394,RNGLR,1045,1045,2538000.00,14208.00,2031616,10,true,true,OK,accept,true
sml,MLWorks,huet.sml,4394,BRNGLR,1045,1045,2250958.00,3812.00,2392064,10,true,true,OK,accept,true
sml,MLWorks,discharge.sml,3451,Leo,1052,1052,8372375.00,43791.00,14893056,10,true,true,OK,accept,true
sml,MLWorks,discharge.sml,3451,GLL,1052,1052,9577104.50,26271.00,11059200,10,true,true,OK,accept,true
sml,MLWorks,discharge.sml,3451,RNGLR,1052,1052,4044187.50,108395.50,1867776,10,true,true,OK,accept,true
sml,MLWorks,discharge.sml,3451,BRNGLR,1052,1052,3428729.50,11729.00,3014656,10,true,true,OK,accept,true
sml,MLWorks,_location.sml,3775,Leo,1060,1060,8383062.00,48916.50,14663680,10,true,true,OK,accept,true
sml,MLWorks,_location.sml,3775,GLL,1060,1060,7668333.50,45812.50,11272192,10,true,true,OK,accept,true
sml,MLWorks,_location.sml,3775,RNGLR,1060,1060,2904645.50,12646.00,1523712,10,true,true,OK,accept,true
sml,MLWorks,_location.sml,3775,BRNGLR,1060,1060,2522063.00,12687.00,1933312,10,true,true,OK,accept,true
sml,MLWorks,__mutex.sml,3783,Leo,1063,1063,7355750.00,30958.50,14630912,10,true,true,OK,accept,true
sml,MLWorks,__mutex.sml,3783,GLL,1063,1063,6569187.50,40437.50,9715712,10,true,true,OK,accept,true
sml,MLWorks,__mutex.sml,3783,RNGLR,1063,1063,2182625.50,11875.50,1851392,10,true,true,OK,accept,true
sml,MLWorks,__mutex.sml,3783,BRNGLR,1063,1063,1950624.50,11833.00,1064960,10,true,true,OK,accept,true
sml,MLWorks,_sparc_opcodes.sml,4115,Leo,1066,1066,9923375.00,49708.00,16023552,10,true,true,OK,accept,true
sml,MLWorks,_sparc_opcodes.sml,4115,GLL,1066,1066,7831896.00,74625.00,10633216,10,true,true,OK,accept,true
sml,MLWorks,_sparc_opcodes.sml,4115,RNGLR,1066,1066,2238416.50,10229.00,2244608,10,true,true,OK,accept,true
sml,MLWorks,_sparc_opcodes.sml,4115,BRNGLR,1066,1066,2120958.50,10125.00,2736128,10,true,true,OK,accept,true
sml,MLWorks,variable.sml,4031,Leo,1085,1085,7806146.00,87833.50,14761984,10,true,true,OK,accept,true
sml,MLWorks,variable.sml,4031,GLL,1085,1085,8294416.50,72229.50,11354112,10,true,true,OK,accept,true
sml,MLWorks,variable.sml,4031,RNGLR,1085,1085,2170770.50,18792.00,2080768,10,true,true,OK,accept,true
sml,MLWorks,variable.sml,4031,BRNGLR,1085,1085,2032291.50,13958.00,2244608,10,true,true,OK,accept,true
sml,MLWorks,__pre_ieee_real.sml,4024,Leo,1090,1090,9023479.00,80083.50,16023552,10,true,true,OK,accept,true
sml,MLWorks,__pre_ieee_real.sml,4024,GLL,1090,1090,9696166.50,24958.50,13500416,10,true,true,OK,accept,true
sml,MLWorks,__pre_ieee_real.sml,4024,RNGLR,1090,1090,4983187.50,24062.50,2244608,10,true,true,OK,accept,true
sml,MLWorks,__pre_ieee_real.sml,4024,BRNGLR,1090,1090,3961916.50,10479.00,2490368,10,true,true,OK,accept,true
sml,MLWorks,pattern.sml,3338,Leo,1100,1100,8674291.50,86666.50,15417344,10,true,true,OK,accept,true
sml,MLWorks,pattern.sml,3338,GLL,1100,1100,9003396.50,87729.50,16023552,10,true,true,OK,accept,true
sml,MLWorks,pattern.sml,3338,RNGLR,1100,1100,3100208.50,15041.50,2392064,10,true,true,OK,accept,true
sml,MLWorks,pattern.sml,3338,BRNGLR,1100,1100,2788646.00,9708.50,1949696,10,true,true,OK,accept,true
sml,MLWorks,imperative_io.sml,3741,Leo,1100,1100,57307187.00,51437.00,25264128,10,true,true,OK,accept,true
sml,MLWorks,imperative_io.sml,3741,GLL,1100,1100,259165542.00,890937.50,162742272,10,true,true,OK,accept,true
sml,MLWorks,imperative_io.sml,3741,RNGLR,1100,1100,0.00,0.00,0,0,false,false,TIMEOUT,accept,
sml,MLWorks,imperative_io.sml,3741,BRNGLR,1100,1100,0.00,0.00,0,0,false,false,TIMEOUT,accept,
sml,MLWorks,time.sml,4258,Leo,1110,1110,164167145.50,101582.50,48021504,10,true,true,OK,accept,true
sml,MLWorks,time.sml,4258,GLL,1110,1110,417827229.00,1206812.50,179011584,10,true,true,OK,accept,true
sml,MLWorks,time.sml,4258,RNGLR,1110,1110,0.00,0.00,0,0,false,false,TIMEOUT,accept,
sml,MLWorks,time.sml,4258,BRNGLR,1110,1110,0.00,0.00,0,0,false,false,TIMEOUT,accept,
sml,MLWorks,__windows.sml,5381,Leo,1117,1117,9378625.00,251062.00,15024128,10,true,true,OK,accept,true
sml,MLWorks,__windows.sml,5381,GLL,1117,1117,8944687.50,61479.50,11632640,10,true,true,OK,accept,true
sml,MLWorks,__windows.sml,5381,RNGLR,1117,1117,4686520.50,18333.50,3047424,10,true,true,OK,accept,true
sml,MLWorks,__windows.sml,5381,BRNGLR,1117,1117,3742395.50,18957.50,2588672,10,true,true,OK,accept,true
sml,MLWorks,_enc_sub.sml,4318,Leo,1121,1121,10482916.50,91604.00,16171008,10,true,true,OK,accept,true
sml,MLWorks,_enc_sub.sml,4318,GLL,1121,1121,7244833.50,37375.50,9666560,10,true,true,OK,accept,true
sml,MLWorks,_enc_sub.sml,4318,RNGLR,1121,1121,2309083.00,10291.50,2097152,10,true,true,OK,accept,true
sml,MLWorks,_enc_sub.sml,4318,BRNGLR,1121,1121,2065999.50,10625.00,2228224,10,true,true,OK,accept,true
sml,MLWorks,_stackallocator.sml,6099,Leo,1124,1124,8155229.50,58438.00,14991360,10,true,true,OK,accept,true
sml,MLWorks,_stackallocator.sml,6099,GLL,1124,1124,8382542.00,40708.00,10698752,10,true,true,OK,accept,true
sml,MLWorks,_stackallocator.sml,6099,RNGLR,1124,1124,2404729.00,13458.00,1818624,10,true,true,OK,accept,true
sml,MLWorks,_stackallocator.sml,6099,BRNGLR,1124,1124,2176833.50,26771.00,2031616,10,true,true,OK,accept,true
sml,MLWorks,__c_signature.sml,4775,Leo,1125,1125,7614083.00,45729.00,14057472,10,true,true,OK,accept,true
sml,MLWorks,__c_signature.sml,4775,GLL,1125,1125,7419917.00,49188.00,10289152,10,true,true,OK,accept,true
sml,MLWorks,__c_signature.sml,4775,RNGLR,1125,1125,2255812.50,16896.00,1884160,10,true,true,OK,accept,true
sml,MLWorks,__c_signature.sml,4775,BRNGLR,1125,1125,2038271.00,11729.00,2326528,10,true,true,OK,accept,true
sml,MLWorks,c_object.sml,6097,Leo,1133,1133,29040770.50,89895.50,32849920,10,true,true,OK,accept,true
sml,MLWorks,c_object.sml,6097,GLL,1133,1133,203590437.50,734312.50,133709824,10,true,true,OK,accept,true
sml,MLWorks,c_object.sml,6097,RNGLR,1133,1133,214584375.00,679896.00,88457216,10,true,true,OK,accept,true
sml,MLWorks,c_object.sml,6097,BRNGLR,1133,1133,161689958.50,357979.00,83329024,10,true,true,OK,accept,true
sml,MLWorks,_shrink.sml,3511,Leo,1135,1135,8425687.00,83375.00,15400960,10,true,true,OK,accept,true
sml,MLWorks,_shrink.sml,3511,GLL,1135,1135,8626854.50,81875.00,17252352,10,true,true,OK,accept,true
sml,MLWorks,_shrink.sml,3511,RNGLR,1135,1135,2373958.50,10771.00,1884160,10,true,true,OK,accept,true
sml,MLWorks,_shrink.sml,3511,BRNGLR,1135,1135,2160208.00,8750.00,2260992,10,true,true,OK,accept,true
sml,MLWorks,tactics.sml,4478,Leo,1135,1135,14631353.50,88207.50,24526848,10,true,true,OK,accept,true
sml,MLWorks,tactics.sml,4478,GLL,1135,1135,23392604.00,86562.50,21970944,10,true,true,OK,accept,true
sml,MLWorks,tactics.sml,4478,RNGLR,1135,1135,29797000.00,102687.50,8880128,10,true,true,OK,accept,true
sml,MLWorks,tactics.sml,4478,BRNGLR,1135,1135,22541270.50,72895.50,10321920,10,true,true,OK,accept,true
sml,MLWorks,sleeping_barber.sml,4883,Leo,1139,1139,13664687.50,106937.50,24035328,10,true,true,OK,accept,true
sml,MLWorks,sleeping_barber.sml,4883,GLL,1139,1139,17589166.50,168312.50,21659648,10,true,true,OK,accept,true
sml,MLWorks,sleeping_barber.sml,4883,RNGLR,1139,1139,22110646.00,93563.00,9240576,10,true,true,OK,accept,true
sml,MLWorks,sleeping_barber.sml,4883,BRNGLR,1139,1139,16241458.00,73645.50,8929280,10,true,true,OK,accept,true
sml,MLWorks,__char_array.sml,3781,Leo,1144,1144,9251542.00,122229.50,16302080,10,true,true,OK,accept,true
sml,MLWorks,__char_array.sml,3781,GLL,1144,1144,9999354.50,111438.00,18563072,10,true,true,OK,accept,true
sml,MLWorks,__char_array.sml,3781,RNGLR,1144,1144,6001666.50,26271.00,3391488,10,true,true,OK,accept,true
sml,MLWorks,__char_array.sml,3781,BRNGLR,1144,1144,4636104.50,12166.50,3702784,10,true,true,OK,accept,true
sml,MLWorks,namespace.sml,4064,Leo,1145,1145,11118354.50,63125.00,23379968,10,true,true,OK,accept,true
sml,MLWorks,namespace.sml,4064,GLL,1145,1145,12746562.50,208604.50,20791296,10,true,true,OK,accept,true
sml,MLWorks,namespace.sml,4064,RNGLR,1145,1145,5999521.00,17604.00,2932736,10,true,true,OK,accept,true
sml,MLWorks,namespace.sml,4064,BRNGLR,1145,1145,4807000.00,6521.50,3653632,10,true,true,OK,accept,true
sml,MLWorks,types.sml,6206,Leo,1146,1146,44961520.50,104437.50,46776320,10,true,true,OK,accept,true
sml,MLWorks,types.sml,6206,GLL,1146,1146,219672458.00,342645.50,132988928,10,true,true,OK,accept,true
sml,MLWorks,types.sml,6206,RNGLR,1146,1146,231870687.50,655541.50,93896704,10,true,true,OK,accept,true
sml,MLWorks,types.sml,6206,BRNGLR,1146,1146,175967437.50,1251083.50,88424448,10,true,true,OK,accept,true
sml,MLWorks,csg.sml,3636,Leo,1153,1153,8070812.50,125354.00,14417920,10,true,true,OK,accept,true
sml,MLWorks,csg.sml,3636,GLL,1153,1153,8631479.50,58000.50,10813440,10,true,true,OK,accept,true
sml,MLWorks,csg.sml,3636,RNGLR,1153,1153,2469667.00,11625.50,884736,10,true,true,OK,accept,true
sml,MLWorks,csg.sml,3636,BRNGLR,1153,1153,2254041.50,14625.00,1343488,10,true,true,OK,accept,true
sml,MLWorks,AC_tools.sml,4127,Leo,1158,1158,10237875.00,79750.00,23805952,10,true,true,OK,accept,true
sml,MLWorks,AC_tools.sml,4127,GLL,1158,1158,10428083.00,48395.50,17317888,10,true,true,OK,accept,true
sml,MLWorks,AC_tools.sml,4127,RNGLR,1158,1158,3879562.00,15416.00,3244032,10,true,true,OK,accept,true
sml,MLWorks,AC_tools.sml,4127,BRNGLR,1158,1158,3467270.50,34416.00,2441216,10,true,true,OK,accept,true
sml,MLWorks,_evaluator.sml,5573,Leo,1170,1170,10117687.50,73229.00,15974400,10,true,true,OK,accept,true
sml,MLWorks,_evaluator.sml,5573,GLL,1170,1170,13720333.50,82063.00,19660800,10,true,true,OK,accept,true
sml,MLWorks,_evaluator.sml,5573,RNGLR,1170,1170,6162124.50,26124.50,2080768,10,true,true,OK,accept,true
sml,MLWorks,_evaluator.sml,5573,BRNGLR,1170,1170,4659563.00,18625.50,2424832,10,true,true,OK,accept,true
sml,MLWorks,i_environment.sml,5475,Leo,1171,1171,9645083.00,37916.00,15826944,10,true,true,OK,accept,true
sml,MLWorks,i_environment.sml,5475,GLL,1171,1171,8328042.00,22646.00,10960896,10,true,true,OK,accept,true
sml,MLWorks,i_environment.sml,5475,RNGLR,1171,1171,2268291.50,18771.00,999424,10,true,true,OK,accept,true
sml,MLWorks,i_environment.sml,5475,BRNGLR,1171,1171,2123291.50,24729.00,1294336,10,true,true,OK,accept,true
sml,MLWorks,_path_tool.sml,4919,Leo,1175,1175,10465541.50,231687.50,15941632,10,true,true,OK,accept,true
sml,MLWorks,_path_tool.sml,4919,GLL,1175,1175,10952396.00,178187.50,18825216,10,true,true,OK,accept,true
sml,MLWorks,_path_tool.sml,4919,RNGLR,1175,1175,5565895.50,14916.50,3391488,10,true,true,OK,accept,true
sml,MLWorks,_path_tool.sml,4919,BRNGLR,1175,1175,4396458.00,37020.00,2981888,10,true,true,OK,accept,true
sml,MLWorks,__word8_array.sml,3950,Leo,1182,1182,10060771.00,307875.00,16596992,10,true,true,OK,accept,true
sml,MLWorks,__word8_array.sml,3950,GLL,1182,1182,10138292.00,75417.00,17907712,10,true,true,OK,accept,true
sml,MLWorks,__word8_array.sml,3950,RNGLR,1182,1182,5640833.50,55437.50,3637248,10,true,true,OK,accept,true
sml,MLWorks,__word8_array.sml,3950,BRNGLR,1182,1182,4387062.50,7521.00,3686400,10,true,true,OK,accept,true
sml,MLWorks,script.sml,5473,Leo,1183,1183,9546687.50,38500.50,15794176,10,true,true,OK,accept,true
sml,MLWorks,script.sml,5473,GLL,1183,1183,9088979.00,83209.00,10190848,10,true,true,OK,accept,true
sml,MLWorks,script.sml,5473,RNGLR,1183,1183,2568750.00,10375.00,1818624,10,true,true,OK,accept,true
sml,MLWorks,script.sml,5473,BRNGLR,1183,1183,2345312.50,9833.50,2392064,10,true,true,OK,accept,true
sml,MLWorks,_info.sml,5126,Leo,1190,1190,9585208.50,103542.00,15515648,10,true,true,OK,accept,true
sml,MLWorks,_info.sml,5126,GLL,1190,1190,10342646.50,76355.00,12517376,10,true,true,OK,accept,true
sml,MLWorks,_info.sml,5126,RNGLR,1190,1190,5377375.00,14667.00,1949696,10,true,true,OK,accept,true
sml,MLWorks,_info.sml,5126,BRNGLR,1190,1190,4264145.50,18063.00,1982464,10,true,true,OK,accept,true
sml,MLWorks,__aliens.sml,5260,Leo,1190,1190,11005229.50,90271.00,17219584,10,true,true,OK,accept,true
sml,MLWorks,__aliens.sml,5260,GLL,1190,1190,14308624.50,133104.00,20348928,10,true,true,OK,accept,true
sml,MLWorks,__aliens.sml,5260,RNGLR,1190,1190,11589125.00,555583.50,5799936,10,true,true,OK,accept,true
sml,MLWorks,__aliens.sml,5260,BRNGLR,1190,1190,7950708.00,13833.50,3473408,10,true,true,OK,accept,true
sml,MLWorks,Condition.sml,3484,Leo,1196,1196,10796813.00,47604.00,16695296,10,true,true,OK,accept,true
sml,MLWorks,Condition.sml,3484,GLL,1196,1196,9285875.00,47791.50,16891904,10,true,true,OK,accept,true
sml,MLWorks,Condition.sml,3484,RNGLR,1196,1196,3726604.00,21770.50,2867200,10,true,true,OK,accept,true
sml,MLWorks,Condition.sml,3484,BRNGLR,1196,1196,3169937.50,13667.00,1916928,10,true,true,OK,accept,true
sml,MLWorks,hash.sml,3888,Leo,1206,1206,8774708.50,43354.50,15433728,10,true,true,OK,accept,true
sml,MLWorks,hash.sml,3888,GLL,1206,1206,9907625.00,99937.00,17514496,10,true,true,OK,accept,true
sml,MLWorks,hash.sml,3888,RNGLR,1206,1206,4015083.50,17021.00,2031616,10,true,true,OK,accept,true
sml,MLWorks,hash.sml,3888,BRNGLR,1206,1206,3312062.50,13271.00,3162112,10,true,true,OK,accept,true
sml,MLWorks,_win_nt_link_support.sml,5226,Leo,1206,1206,10944354.00,42062.50,24199168,10,true,true,OK,accept,true
sml,MLWorks,_win_nt_link_support.sml,5226,GLL,1206,1206,11483895.50,213166.50,20578304,10,true,true,OK,accept,true
sml,MLWorks,_win_nt_link_support.sml,5226,RNGLR,1206,1206,5620583.50,189583.00,2703360,10,true,true,OK,accept,true
sml,MLWorks,_win_nt_link_support.sml,5226,BRNGLR,1206,1206,5094729.50,106083.50,3817472,10,true,true,OK,accept,true
sml,MLWorks,_parser.sml,7220,Leo,1217,1217,11384021.00,328875.00,16171008,10,true,true,OK,accept,true
sml,MLWorks,_parser.sml,7220,GLL,1217,1217,12592541.50,242042.00,19087360,10,true,true,OK,accept,true
sml,MLWorks,_parser.sml,7220,RNGLR,1217,1217,6656000.00,156166.50,2605056,10,true,true,OK,accept,true
sml,MLWorks,_parser.sml,7220,BRNGLR,1217,1217,5028458.00,350813.00,3850240,10,true,true,OK,accept,true
sml,MLWorks,vectors.sml,3680,Leo,1218,1218,43271583.50,715021.00,31621120,10,true,true,OK,accept,true
sml,MLWorks,vectors.sml,3680,GLL,1218,1218,168519770.50,7192270.50,87441408,10,true,true,OK,accept,true
sml,MLWorks,vectors.sml,3680,RNGLR,1218,1218,541286791.50,8194062.50,93126656,10,true,true,OK,accept,true
sml,MLWorks,vectors.sml,3680,BRNGLR,1218,1218,477604437.50,1570562.50,119439360,10,true,true,OK,accept,true
sml,MLWorks,_stringlib.sml,3780,Leo,1224,1224,11102208.50,74291.50,23904256,10,true,true,OK,accept,true
sml,MLWorks,_stringlib.sml,3780,GLL,1224,1224,12758062.50,94104.00,19283968,10,true,true,OK,accept,true
sml,MLWorks,_stringlib.sml,3780,RNGLR,1224,1224,5722583.00,22916.50,3768320,10,true,true,OK,accept,true
sml,MLWorks,_stringlib.sml,3780,BRNGLR,1224,1224,4729770.50,15729.00,4112384,10,true,true,OK,accept,true
sml,MLWorks,date.sml,5403,Leo,1237,1237,10809208.50,501541.50,23937024,10,true,true,OK,accept,true
sml,MLWorks,date.sml,5403,GLL,1237,1237,9573270.50,254083.00,16875520,10,true,true,OK,accept,true
sml,MLWorks,date.sml,5403,RNGLR,1237,1237,3543145.50,24770.50,2719744,10,true,true,OK,accept,true
sml,MLWorks,date.sml,5403,BRNGLR,1237,1237,3214417.00,15958.50,3604480,10,true,true,OK,accept,true
sml,MLWorks,_mirtypes.sml,6223,Leo,1237,1237,43084958.50,322667.00,25755648,10,true,true,OK,accept,true
sml,MLWorks,_mirtypes.sml,6223,GLL,1237,1237,31403500.50,264063.00,30310400,10,true,true,OK,accept,true
sml,MLWorks,_mirtypes.sml,6223,RNGLR,1237,1237,55139250.50,231104.50,22872064,10,true,true,OK,accept,true
sml,MLWorks,_mirtypes.sml,6223,BRNGLR,1237,1237,38192708.50,162292.00,22413312,10,true,true,OK,accept,true
sml,MLWorks,_ident.sml,4785,Leo,1240,1240,22204500.00,127625.00,28311552,10,true,true,OK,accept,true
sml,MLWorks,_ident.sml,4785,GLL,1240,1240,26026875.00,176812.50,29212672,10,true,true,OK,accept,true
sml,MLWorks,_ident.sml,4785,RNGLR,1240,1240,36588542.00,91791.50,15564800,10,true,true,OK,accept,true
sml,MLWorks,_ident.sml,4785,BRNGLR,1240,1240,25533041.50,156312.50,15794176,10,true,true,OK,accept,true
sml,MLWorks,lib.sml,3536,Leo,1245,1245,16663625.00,135063.00,25919488,10,true,true,OK,accept,true
sml,MLWorks,lib.sml,3536,GLL,1245,1245,23105020.50,676895.50,26673152,10,true,true,OK,accept,true
sml,MLWorks,lib.sml,3536,RNGLR,1245,1245,28575792.00,307104.50,13172736,10,true,true,OK,accept,true
sml,MLWorks,lib.sml,3536,BRNGLR,1245,1245,20189146.00,186583.50,11894784,10,true,true,OK,accept,true
sml,MLWorks,_emitter.sml,6063,Leo,1254,1254,10324854.50,90875.50,22675456,10,true,true,OK,accept,true
sml,MLWorks,_emitter.sml,6063,GLL,1254,1254,9200791.50,62750.00,19120128,10,true,true,OK,accept,true
sml,MLWorks,_emitter.sml,6063,RNGLR,1254,1254,2930166.50,10666.00,1785856,10,true,true,OK,accept,true
sml,MLWorks,_emitter.sml,6063,BRNGLR,1254,1254,2703520.50,28625.00,2588672,10,true,true,OK,accept,true
sml,MLWorks,reals.sml,4456,Leo,1255,1255,13601812.00,240770.50,24887296,10,true,true,OK,accept,true
sml,MLWorks,reals.sml,4456,GLL,1255,1255,14524042.00,358229.00,20742144,10,true,true,OK,accept,true
sml,MLWorks,reals.sml,4456,RNGLR,1255,1255,8356062.50,31437.50,4538368,10,true,true,OK,accept,true
sml,MLWorks,reals.sml,4456,BRNGLR,1255,1255,6936354.00,177458.00,4833280,10,true,true,OK,accept,true
sml,MLWorks,_sectioned_file.sml,5548,Leo,1258,1258,11274958.00,80646.00,16384000,10,true,true,OK,accept,true
sml,MLWorks,_sectioned_file.sml,5548,GLL,1258,1258,18033479.50,213500.50,20529152,10,true,true,OK,accept,true
sml,MLWorks,_sectioned_file.sml,5548,RNGLR,1258,1258,19553250.00,713729.00,7995392,10,true,true,OK,accept,true
sml,MLWorks,_sectioned_file.sml,5548,BRNGLR,1258,1258,14040062.50,112270.50,6701056,10,true,true,OK,accept,true
sml,MLWorks,word8vectors.sml,3929,Leo,1269,1269,40111937.50,282437.50,31719424,10,true,true,OK,accept,true
sml,MLWorks,word8vectors.sml,3929,GLL,1269,1269,138771146.00,1074062.50,84869120,10,true,true,OK,accept,true
sml,MLWorks,word8vectors.sml,3929,RNGLR,1269,1269,464747874.50,2009853.50,81362944,10,true,true,OK,accept,true
sml,MLWorks,word8vectors.sml,3929,BRNGLR,1269,1269,410977645.50,6183229.00,104398848,10,true,true,OK,accept,true
sml,MLWorks,_type_debugger.sml,4330,Leo,1275,1275,9638250.00,63875.00,22380544,10,true,true,OK,accept,true
sml,MLWorks,_type_debugger.sml,4330,GLL,1275,1275,8936958.50,178375.00,16498688,10,true,true,OK,accept,true
sml,MLWorks,_type_debugger.sml,4330,RNGLR,1275,1275,1854166.50,26042.00,1245184,10,true,true,OK,accept,true
sml,MLWorks,_type_debugger.sml,4330,BRNGLR,1275,1275,1857062.50,83417.00,1572864,10,true,true,OK,accept,true
sml,MLWorks,char5.sml,4307,Leo,1276,1276,17827458.50,567396.00,27344896,10,true,true,OK,accept,true
sml,MLWorks,char5.sml,4307,GLL,1276,1276,7075729.00,51625.00,11354112,10,true,true,OK,accept,true
sml,MLWorks,char5.sml,4307,RNGLR,1276,1276,1433250.00,9229.00,1884160,10,true,true,OK,accept,true
sml,MLWorks,char5.sml,4307,BRNGLR,1276,1276,1538666.50,9750.00,1982464,10,true,true,OK,accept,true
sml,MLWorks,char6.sml,4319,Leo,1281,1281,16763021.00,452041.50,27426816,10,true,true,OK,accept,true
sml,MLWorks,char6.sml,4319,GLL,1281,1281,7155479.50,39771.50,11386880,10,true,true,OK,accept,true
sml,MLWorks,char6.sml,4319,RNGLR,1281,1281,1488521.00,21250.00,1785856,10,true,true,OK,accept,true
sml,MLWorks,char6.sml,4319,BRNGLR,1281,1281,1596917.00,20000.50,1998848,10,true,true,OK,accept,true
sml,MLWorks,char4.sml,4325,Leo,1281,1281,16697750.00,229958.00,27426816,10,true,true,OK,accept,true
sml,MLWorks,char4.sml,4325,GLL,1281,1281,6989145.50,41604.00,11501568,10,true,true,OK,accept,true
sml,MLWorks,char4.sml,4325,RNGLR,1281,1281,1471271.00,13104.00,1785856,10,true,true,OK,accept,true
sml,MLWorks,char4.sml,4325,BRNGLR,1281,1281,1561250.00,10604.00,1933312,10,true,true,OK,accept,true
sml,MLWorks,real_vectors.sml,4033,Leo,1290,1290,43497021.00,98396.00,32768000,10,true,true,OK,accept,true
sml,MLWorks,real_vectors.sml,4033,GLL,1290,1290,155955104.00,339562.00,89210880,10,true,true,OK,accept,true
sml,MLWorks,real_vectors.sml,4033,RNGLR,1290,1290,518813000.50,3059959.00,92225536,10,true,true,OK,accept,true
sml,MLWorks,real_vectors.sml,4033,BRNGLR,1290,1290,458412520.50,2089896.00,117784576,10,true,true,OK,accept,true
sml,MLWorks,AgentSubSem.sml,4618,Leo,1313,1313,9529479.00,101312.00,16744448,10,true,true,OK,accept,true
sml,MLWorks,AgentSubSem.sml,4618,GLL,1313,1313,9130313.00,131271.50,16302080,10,true,true,OK,accept,true
sml,MLWorks,AgentSubSem.sml,4618,RNGLR,1313,1313,2738437.50,17771.00,2064384,10,true,true,OK,accept,true
sml,MLWorks,AgentSubSem.sml,4618,BRNGLR,1313,1313,2594666.50,27125.00,2457600,10,true,true,OK,accept,true
sml,MLWorks,_lexer.sml,4199,Leo,1332,1332,10535563.00,84896.50,23560192,10,true,true,OK,accept,true
sml,MLWorks,_lexer.sml,4199,GLL,1332,1332,10007333.50,83167.00,17858560,10,true,true,OK,accept,true
sml,MLWorks,_lexer.sml,4199,RNGLR,1332,1332,3670375.00,9833.50,2244608,10,true,true,OK,accept,true
sml,MLWorks,_lexer.sml,4199,BRNGLR,1332,1332,3285187.00,10791.50,3473408,10,true,true,OK,accept,true
sml,MLWorks,_cli.sml,5201,Leo,1339,1339,11280854.00,221812.50,23953408,10,true,true,OK,accept,true
sml,MLWorks,_cli.sml,5201,GLL,1339,1339,10799229.50,86313.00,18907136,10,true,true,OK,accept,true
sml,MLWorks,_cli.sml,5201,RNGLR,1339,1339,5068562.50,27979.00,3391488,10,true,true,OK,accept,true
sml,MLWorks,_cli.sml,5201,BRNGLR,1339,1339,4241146.00,71937.00,2506752,10,true,true,OK,accept,true
sml,MLWorks,planar.sml,3579,Leo,1346,1346,11100521.00,115896.50,25214976,10,true,true,OK,accept,true
sml,MLWorks,planar.sml,3579,GLL,1346,1346,12267604.50,76167.00,20938752,10,true,true,OK,accept,true
sml,MLWorks,planar.sml,3579,RNGLR,1346,1346,2910667.00,11458.00,2342912,10,true,true,OK,accept,true
sml,MLWorks,planar.sml,3579,BRNGLR,1346,1346,2745479.00,23271.00,3145728,10,true,true,OK,accept,true
sml,MLWorks,com.sml,5978,Leo,1357,1357,28276583.50,251020.50,28442624,10,true,true,OK,accept,true
sml,MLWorks,com.sml,5978,GLL,1357,1357,103237854.00,861416.00,63275008,10,true,true,OK,accept,true
sml,MLWorks,com.sml,5978,RNGLR,1357,1357,373020229.00,2946396.00,63635456,10,true,true,OK,accept,true
sml,MLWorks,com.sml,5978,BRNGLR,1357,1357,327928729.00,4009000.00,83525632,10,true,true,OK,accept,true
sml,MLWorks,completiontools.sml,5510,Leo,1360,1360,13956688.00,614958.50,25313280,10,true,true,OK,accept,true
sml,MLWorks,completiontools.sml,5510,GLL,1360,1360,13114020.50,641104.00,21086208,10,true,true,OK,accept,true
sml,MLWorks,completiontools.sml,5510,RNGLR,1360,1360,5473458.00,20666.50,2818048,10,true,true,OK,accept,true
sml,MLWorks,completiontools.sml,5510,BRNGLR,1360,1360,4521750.00,19041.50,4456448,10,true,true,OK,accept,true
sml,MLWorks,__phones.sml,6643,Leo,1384,1384,15421812.50,126937.50,26050560,10,true,true,OK,accept,true
sml,MLWorks,__phones.sml,6643,GLL,1384,1384,16309812.50,39833.00,21889024,10,true,true,OK,accept,true
sml,MLWorks,__phones.sml,6643,RNGLR,1384,1384,11241896.00,49917.00,5554176,10,true,true,OK,accept,true
sml,MLWorks,__phones.sml,6643,BRNGLR,1384,1384,8451458.50,12437.50,6406144,10,true,true,OK,accept,true
sml,MLWorks,_sigma.sml,6145,Leo,1389,1389,11569021.00,95667.00,24461312,10,true,true,OK,accept,true
sml,MLWorks,_sigma.sml,6145,GLL,1389,1389,13046646.00,439874.50,21413888,10,true,true,OK,accept,true
sml,MLWorks,_sigma.sml,6145,RNGLR,1389,1389,3619916.50,43521.00,2506752,10,true,true,OK,accept,true
sml,MLWorks,_sigma.sml,6145,BRNGLR,1389,1389,3190354.00,11728.50,3686400,10,true,true,OK,accept,true
sml,MLWorks,_sharetypes.sml,6056,Leo,1392,1392,10636416.50,181479.00,23134208,10,true,true,OK,accept,true
sml,MLWorks,_sharetypes.sml,6056,GLL,1392,1392,9905416.50,197041.50,16384000,10,true,true,OK,accept,true
sml,MLWorks,_sharetypes.sml,6056,RNGLR,1392,1392,2531313.00,9938.50,1900544,10,true,true,OK,accept,true
sml,MLWorks,_sharetypes.sml,6056,BRNGLR,1392,1392,2312854.00,8771.00,2375680,10,true,true,OK,accept,true
sml,MLWorks,__utils.sml,4556,Leo,1395,1395,16499396.00,65020.50,26689536,10,true,true,OK,accept,true
sml,MLWorks,__utils.sml,4556,GLL,1395,1395,25023667.00,113333.00,22036480,10,true,true,OK,accept,true
sml,MLWorks,__utils.sml,4556,RNGLR,1395,1395,34753458.50,108645.50,12713984,10,true,true,OK,accept,true
sml,MLWorks,__utils.sml,4556,BRNGLR,1395,1395,24873000.00,43000.00,13287424,10,true,true,OK,accept,true
sml,MLWorks,lego_grm.sml,4442,Leo,1406,1406,26311167.00,47958.50,31703040,10,true,true,OK,accept,true
sml,MLWorks,lego_grm.sml,4442,GLL,1406,1406,133397208.50,2635562.50,116867072,10,true,true,OK,accept,true
sml,MLWorks,lego_grm.sml,4442,RNGLR,1406,1406,120661021.00,634021.00,54837248,10,true,true,OK,accept,true
sml,MLWorks,lego_grm.sml,4442,BRNGLR,1406,1406,88848458.00,313708.50,52264960,10,true,true,OK,accept,true
sml,MLWorks,newtop.sml,4426,Leo,1416,1416,23213166.50,63625.50,28131328,10,true,true,OK,accept,true
sml,MLWorks,newtop.sml,4426,GLL,1416,1416,64736291.50,258520.50,54575104,10,true,true,OK,accept,true
sml,MLWorks,newtop.sml,4426,RNGLR,1416,1416,118224333.00,151583.00,28868608,10,true,true,OK,accept,true
sml,MLWorks,newtop.sml,4426,BRNGLR,1416,1416,94984000.50,479521.00,37175296,10,true,true,OK,accept,true
sml,MLWorks,__ordered_set.sml,3793,Leo,1424,1424,9538375.00,64979.00,23183360,10,true,true,OK,accept,true
sml,MLWorks,__ordered_set.sml,3793,GLL,1424,1424,9471041.00,330021.00,17154048,10,true,true,OK,accept,true
sml,MLWorks,__ordered_set.sml,3793,RNGLR,1424,1424,2243500.00,14916.50,2441216,10,true,true,OK,accept,true
sml,MLWorks,__ordered_set.sml,3793,BRNGLR,1424,1424,2103625.00,12000.00,2637824,10,true,true,OK,accept,true
sml,MLWorks,_valenv.sml,5456,Leo,1428,1428,10759771.00,176166.50,23740416,10,true,true,OK,accept,true
sml,MLWorks,_valenv.sml,5456,GLL,1428,1428,11318604.50,71417.00,19136512,10,true,true,OK,accept,true
sml,MLWorks,_valenv.sml,5456,RNGLR,1428,1428,3589666.50,14229.00,2408448,10,true,true,OK,accept,true
sml,MLWorks,_valenv.sml,5456,BRNGLR,1428,1428,3126000.00,21708.50,1916928,10,true,true,OK,accept,true
sml,MLWorks,_unixos.sml,7434,Leo,1454,1454,18533271.00,69417.00,27787264,10,true,true,OK,accept,true
sml,MLWorks,_unixos.sml,7434,GLL,1454,1454,27802437.50,132187.00,31932416,10,true,true,OK,accept,true
sml,MLWorks,_unixos.sml,7434,RNGLR,1454,1454,27011896.00,76646.00,15335424,10,true,true,OK,accept,true
sml,MLWorks,_unixos.sml,7434,BRNGLR,1454,1454,19519833.50,128791.50,15073280,10,true,true,OK,accept,true
sml,MLWorks,_shell.sml,7111,Leo,1456,1456,11816354.00,438292.00,24723456,10,true,true,OK,accept,true
sml,MLWorks,_shell.sml,7111,GLL,1456,1456,14838938.00,164145.50,20348928,10,true,true,OK,accept,true
sml,MLWorks,_shell.sml,7111,RNGLR,1456,1456,3879979.00,36958.50,2621440,10,true,true,OK,accept,true
sml,MLWorks,_shell.sml,7111,BRNGLR,1456,1456,3320167.00,12667.00,3571712,10,true,true,OK,accept,true
sml,MLWorks,_error_browser.sml,6343,Leo,1468,1468,12972541.50,109125.00,24870912,10,true,true,OK,accept,true
sml,MLWorks,_error_browser.sml,6343,GLL,1468,1468,12989854.00,71542.00,20791296,10,true,true,OK,accept,true
sml,MLWorks,_error_browser.sml,6343,RNGLR,1468,1468,5978375.00,31209.00,4571136,10,true,true,OK,accept,true
sml,MLWorks,_error_browser.sml,6343,BRNGLR,1468,1468,4811562.50,11479.00,4308992,10,true,true,OK,accept,true
sml,MLWorks,synt.sml,4751,Leo,1469,1469,31186770.50,103458.50,31080448,10,true,true,OK,accept,true
sml,MLWorks,synt.sml,4751,GLL,1469,1469,59652291.50,153729.00,45662208,10,true,true,OK,accept,true
sml,MLWorks,synt.sml,4751,RNGLR,1469,1469,112072062.50,278125.50,27394048,10,true,true,OK,accept,true
sml,MLWorks,synt.sml,4751,BRNGLR,1469,1469,88300624.50,129604.00,32243712,10,true,true,OK,accept,true
sml,MLWorks,_context_print.sml,6744,Leo,1473,1473,19710770.50,82271.00,29048832,10,true,true,OK,accept,true
sml,MLWorks,_context_print.sml,6744,GLL,1473,1473,12258896.00,98916.50,21184512,10,true,true,OK,accept,true
sml,MLWorks,_context_print.sml,6744,RNGLR,1473,1473,5873937.50,27646.00,4882432,10,true,true,OK,accept,true
sml,MLWorks,_context_print.sml,6744,BRNGLR,1473,1473,4999354.00,13020.50,4980736,10,true,true,OK,accept,true
sml,MLWorks,_module_id.sml,5490,Leo,1482,1482,14973146.00,60333.00,27394048,10,true,true,OK,accept,true
sml,MLWorks,_module_id.sml,5490,GLL,1482,1482,16707500.00,123479.50,21479424,10,true,true,OK,accept,true
sml,MLWorks,_module_id.sml,5490,RNGLR,1482,1482,11723687.50,17458.00,7208960,10,true,true,OK,accept,true
sml,MLWorks,_module_id.sml,5490,BRNGLR,1482,1482,8737646.00,29479.00,6111232,10,true,true,OK,accept,true
sml,MLWorks,__string.sml,4825,Leo,1483,1483,13470896.00,140729.00,26312704,10,true,true,OK,accept,true
sml,MLWorks,__string.sml,4825,GLL,1483,1483,15452166.00,82125.00,21151744,10,true,true,OK,accept,true
sml,MLWorks,__string.sml,4825,RNGLR,1483,1483,10024562.50,29146.00,6160384,10,true,true,OK,accept,true
sml,MLWorks,__string.sml,4825,BRNGLR,1483,1483,7553062.50,102083.00,5931008,10,true,true,OK,accept,true
sml,MLWorks,mir_utils.sml,6753,Leo,1484,1484,15356104.00,77229.50,22478848,10,true,true,OK,accept,true
sml,MLWorks,mir_utils.sml,6753,GLL,1484,1484,19656437.50,56584.00,32112640,10,true,true,OK,accept,true
sml,MLWorks,mir_utils.sml,6753,RNGLR,1484,1484,9650083.50,29937.50,6881280,10,true,true,OK,accept,true
sml,MLWorks,mir_utils.sml,6753,BRNGLR,1484,1484,7310062.50,20916.50,7323648,10,true,true,OK,accept,true
sml,MLWorks,fft.sml,3836,Leo,1486,1486,15640396.00,120209.00,28377088,10,true,true,OK,accept,true
sml,MLWorks,fft.sml,3836,GLL,1486,1486,16236145.50,143416.50,23330816,10,true,true,OK,accept,true
sml,MLWorks,fft.sml,3836,RNGLR,1486,1486,5702771.50,35188.00,5423104,10,true,true,OK,accept,true
sml,MLWorks,fft.sml,3836,BRNGLR,1486,1486,4902167.00,31479.50,5177344,10,true,true,OK,accept,true
sml,MLWorks,_editor.sml,6954,Leo,1488,1488,13544000.50,116334.00,26394624,10,true,true,OK,accept,true
sml,MLWorks,_editor.sml,6954,GLL,1488,1488,15117312.50,129125.00,22134784,10,true,true,OK,accept,true
sml,MLWorks,_editor.sml,6954,RNGLR,1488,1488,8047687.50,35083.50,5046272,10,true,true,OK,accept,true
sml,MLWorks,_editor.sml,6954,BRNGLR,1488,1488,6423020.50,24270.50,4489216,10,true,true,OK,accept,true
sml,MLWorks,_share.sml,7376,Leo,1488,1488,12121499.50,76895.50,25837568,10,true,true,OK,accept,true
sml,MLWorks,_share.sml,7376,GLL,1488,1488,12256729.50,69104.00,21479424,10,true,true,OK,accept,true
sml,MLWorks,_share.sml,7376,RNGLR,1488,1488,2755708.00,11916.50,1851392,10,true,true,OK,accept,true
sml,MLWorks,_share.sml,7376,BRNGLR,1488,1488,2589000.00,12979.00,2703360,10,true,true,OK,accept,true
sml,MLWorks,ACOSmatch.sml,5052,Leo,1494,1494,13957896.00,170958.50,26918912,10,true,true,OK,accept,true
sml,MLWorks,ACOSmatch.sml,5052,GLL,1494,1494,13403812.50,85396.00,22986752,10,true,true,OK,accept,true
sml,MLWorks,ACOSmatch.sml,5052,RNGLR,1494,1494,5583396.00,20958.50,4636672,10,true,true,OK,accept,true
sml,MLWorks,ACOSmatch.sml,5052,BRNGLR,1494,1494,4683604.00,21021.00,4653056,10,true,true,OK,accept,true
sml,MLWorks,word16s-2.sml,4489,Leo,1499,1499,30789146.00,101333.00,32227328,10,true,true,OK,accept,true
sml,MLWorks,word16s-2.sml,4489,GLL,1499,1499,74936937.50,137208.00,57819136,10,true,true,OK,accept,true
sml,MLWorks,word16s-2.sml,4489,RNGLR,1499,1499,187899333.50,227750.00,42369024,10,true,true,OK,accept,true
sml,MLWorks,word16s-2.sml,4489,BRNGLR,1499,1499,146384542.00,279041.50,56000512,10,true,true,OK,accept,true
sml,MLWorks,mirprocedure.sml,4530,Leo,1503,1503,5571020.50,119000.00,8880128,10,true,true,OK,accept,true
sml,MLWorks,mirprocedure.sml,4530,GLL,1503,1503,8050479.00,52437.00,9256960,10,true,true,OK,accept,true
sml,MLWorks,mirprocedure.sml,4530,RNGLR,1503,1503,2950416.50,6666.00,1589248,10,true,true,OK,accept,true
sml,MLWorks,mirprocedure.sml,4530,BRNGLR,1503,1503,2405000.50,9313.00,2621440,10,true,true,OK,accept,true
sml,MLWorks,_machtypes.sml,7855,Leo,1518,1518,65305145.50,318708.50,41697280,10,true,true,OK,accept,true
sml,MLWorks,_machtypes.sml,7855,GLL,1518,1518,42295687.00,89812.50,56246272,10,true,true,OK,accept,true
sml,MLWorks,_machtypes.sml,7855,RNGLR,1518,1518,72739437.00,154395.50,29278208,10,true,true,OK,accept,true
sml,MLWorks,_machtypes.sml,7855,BRNGLR,1518,1518,51038000.00,100562.50,28049408,10,true,true,OK,accept,true
sml,MLWorks,_file_viewer.sml,6903,Leo,1523,1523,12586396.00,191958.50,25624576,10,true,true,OK,accept,true
sml,MLWorks,_file_viewer.sml,6903,GLL,1523,1523,14823187.50,150875.00,21069824,10,true,true,OK,accept,true
sml,MLWorks,_file_viewer.sml,6903,RNGLR,1523,1523,4599750.50,30292.50,3653632,10,true,true,OK,accept,true
sml,MLWorks,_file_viewer.sml,6903,BRNGLR,1523,1523,3792291.50,13854.00,3162112,10,true,true,OK,accept,true
sml,MLWorks,dio.sml,5687,Leo,1526,1526,15138729.00,62958.00,27115520,10,true,true,OK,accept,true
sml,MLWorks,dio.sml,5687,GLL,1526,1526,13955125.00,146833.50,21282816,10,true,true,OK,accept,true
sml,MLWorks,dio.sml,5687,RNGLR,1526,1526,5575625.00,55292.00,5242880,10,true,true,OK,accept,true
sml,MLWorks,dio.sml,5687,BRNGLR,1526,1526,4804000.00,19666.50,4915200,10,true,true,OK,accept,true
sml,MLWorks,_file_dialog.sml,6434,Leo,1528,1528,11894292.00,93188.00,24739840,10,true,true,OK,accept,true
sml,MLWorks,_file_dialog.sml,6434,GLL,1528,1528,10812917.00,271687.50,18202624,10,true,true,OK,accept,true
sml,MLWorks,_file_dialog.sml,6434,RNGLR,1528,1528,3676021.00,14146.00,2801664,10,true,true,OK,accept,true
sml,MLWorks,_file_dialog.sml,6434,BRNGLR,1528,1528,3776937.50,284667.00,3391488,10,true,true,OK,accept,true
sml,MLWorks,universe.sml,4954,Leo,1554,1554,16068875.00,90438.00,27574272,10,true,true,OK,accept,true
sml,MLWorks,universe.sml,4954,GLL,1554,1554,16964791.50,58458.50,21823488,10,true,true,OK,accept,true
sml,MLWorks,universe.sml,4954,RNGLR,1554,1554,8320625.00,39771.00,5292032,10,true,true,OK,accept,true
sml,MLWorks,universe.sml,4954,BRNGLR,1554,1554,6533208.50,21417.00,6438912,10,true,true,OK,accept,true
sml,MLWorks,help.sml,5697,Leo,1560,1560,19284333.50,52979.50,29458432,10,true,true,OK,accept,true
sml,MLWorks,help.sml,5697,GLL,1560,1560,24127708.00,102916.50,38109184,10,true,true,OK,accept,true
sml,MLWorks,help.sml,5697,RNGLR,1560,1560,17926791.50,243728.50,10485760,10,true,true,OK,accept,true
sml,MLWorks,help.sml,5697,BRNGLR,1560,1560,13193542.00,39292.00,10780672,10,true,true,OK,accept,true
sml,MLWorks,__fi_abs_syntax.sml,6755,Leo,1580,1580,13195208.50,88833.50,25608192,10,true,true,OK,accept,true
sml,MLWorks,__fi_abs_syntax.sml,6755,GLL,1580,1580,11146604.50,228062.50,20168704,10,true,true,OK,accept,true
sml,MLWorks,__fi_abs_syntax.sml,6755,RNGLR,1580,1580,2627166.50,6416.50,2670592,10,true,true,OK,accept,true
sml,MLWorks,__fi_abs_syntax.sml,6755,BRNGLR,1580,1580,2611958.00,11978.50,3489792,10,true,true,OK,accept,true
sml,MLWorks,link-elf.sml,9541,Leo,1587,1587,44102854.50,179437.50,22970368,10,true,true,OK,accept,true
sml,MLWorks,link-elf.sml,9541,GLL,1587,1587,205277604.50,1479458.50,151814144,10,true,true,OK,accept,true
sml,MLWorks,link-elf.sml,9541,RNGLR,1587,1587,478697916.50,540562.50,119701504,10,true,true,OK,accept,true
sml,MLWorks,link-elf.sml,9541,BRNGLR,1587,1587,408930604.00,1138979.00,150257664,10,true,true,OK,accept,true
sml,MLWorks,equalityset.sml,4457,Leo,1591,1591,12561541.50,116687.00,26902528,10,true,true,OK,accept,true
sml,MLWorks,equalityset.sml,4457,GLL,1591,1591,12703021.00,124688.00,21741568,10,true,true,OK,accept,true
sml,MLWorks,equalityset.sml,4457,RNGLR,1591,1591,3827791.50,19875.00,3145728,10,true,true,OK,accept,true
sml,MLWorks,equalityset.sml,4457,BRNGLR,1591,1591,3516292.00,124583.50,4079616,10,true,true,OK,accept,true
sml,MLWorks,fonts.sml,5567,Leo,1612,1612,17399020.50,487646.00,27541504,10,true,true,OK,accept,true
sml,MLWorks,fonts.sml,5567,GLL,1612,1612,13497729.50,230708.50,22609920,10,true,true,OK,accept,true
sml,MLWorks,fonts.sml,5567,RNGLR,1612,1612,5634833.50,31270.50,4014080,10,true,true,OK,accept,true
sml,MLWorks,fonts.sml,5567,BRNGLR,1612,1612,4603334.00,19354.00,5193728,10,true,true,OK,accept,true
sml,MLWorks,dobbs.sml,5331,Leo,1624,1624,14926458.50,21229.00,27901952,10,true,true,OK,accept,true
sml,MLWorks,dobbs.sml,5331,GLL,1624,1624,14337167.00,128875.50,21348352,10,true,true,OK,accept,true
sml,MLWorks,dobbs.sml,5331,RNGLR,1624,1624,9538729.00,30812.50,5144576,10,true,true,OK,accept,true
sml,MLWorks,dobbs.sml,5331,BRNGLR,1624,1624,7461000.00,22937.00,5537792,10,true,true,OK,accept,true
sml,MLWorks,array2.sml,4269,Leo,1627,1627,18639833.00,89500.00,28393472,10,true,true,OK,accept,true
sml,MLWorks,array2.sml,4269,GLL,1627,1627,24960145.50,166687.50,36012032,10,true,true,OK,accept,true
sml,MLWorks,array2.sml,4269,RNGLR,1627,1627,21075667.00,46124.50,8552448,10,true,true,OK,accept,true
sml,MLWorks,array2.sml,4269,BRNGLR,1627,1627,15913188.00,85771.00,9666560,10,true,true,OK,accept,true
sml,MLWorks,__store.sml,7919,Leo,1629,1629,14877208.50,108187.50,27443200,10,true,true,OK,accept,true
sml,MLWorks,__store.sml,7919,GLL,1629,1629,16335104.00,114874.50,22904832,10,true,true,OK,accept,true
sml,MLWorks,__store.sml,7919,RNGLR,1629,1629,9428104.50,40333.50,6324224,10,true,true,OK,accept,true
sml,MLWorks,__store.sml,7919,BRNGLR,1629,1629,7136000.00,31500.00,5947392,10,true,true,OK,accept,true
sml,MLWorks,_transsimple.sml,5559,Leo,1633,1633,14826354.50,71145.50,27230208,10,true,true,OK,accept,true
sml,MLWorks,_transsimple.sml,5559,GLL,1633,1633,13736708.50,57750.50,20463616,10,true,true,OK,accept,true
sml,MLWorks,_transsimple.sml,5559,RNGLR,1633,1633,3998375.00,20458.50,3080192,10,true,true,OK,accept,true
sml,MLWorks,_transsimple.sml,5559,BRNGLR,1633,1633,3513416.50,19062.50,3932160,10,true,true,OK,accept,true
sml,MLWorks,export.sml,8645,Leo,1633,1633,71657917.00,153000.50,57917440,10,true,true,OK,accept,true
sml,MLWorks,export.sml,8645,GLL,1633,1633,230592812.50,1444292.00,182059008,10,true,true,OK,accept,true
sml,MLWorks,export.sml,8645,RNGLR,1633,1633,438294042.00,1549084.00,132136960,10,true,true,OK,accept,true
sml,MLWorks,export.sml,8645,BRNGLR,1633,1633,320811021.00,1265145.50,126337024,10,true,true,OK,accept,true
sml,MLWorks,word16s.sml,5061,Leo,1634,1634,63626209.00,218292.00,39796736,10,true,true,OK,accept,true
sml,MLWorks,word16s.sml,5061,GLL,1634,1634,269825979.00,1320875.00,160940032,10,true,true,OK,accept,true
sml,MLWorks,word16s.sml,5061,RNGLR,1634,1634,0.00,0.00,0,0,false,false,TIMEOUT,accept,
sml,MLWorks,word16s.sml,5061,BRNGLR,1634,1634,929129812.50,3998437.50,210042880,10,true,true,OK,accept,true
sml,MLWorks,__pre_char.sml,5627,Leo,1637,1637,15801250.50,91625.00,27394048,10,true,true,OK,accept,true
sml,MLWorks,__pre_char.sml,5627,GLL,1637,1637,15323979.00,62083.00,21151744,10,true,true,OK,accept,true
sml,MLWorks,__pre_char.sml,5627,RNGLR,1637,1637,8984125.00,39395.50,5308416,10,true,true,OK,accept,true
sml,MLWorks,__pre_char.sml,5627,BRNGLR,1637,1637,6994937.50,27875.00,6979584,10,true,true,OK,accept,true
sml,MLWorks,_parserenv.sml,5018,Leo,1641,1641,15440000.00,55875.50,27934720,10,true,true,OK,accept,true
sml,MLWorks,_parserenv.sml,5018,GLL,1641,1641,20109125.50,336750.50,23691264,10,true,true,OK,accept,true
sml,MLWorks,_parserenv.sml,5018,RNGLR,1641,1641,16883833.50,24250.00,9781248,10,true,true,OK,accept,true
sml,MLWorks,_parserenv.sml,5018,BRNGLR,1641,1641,12319770.50,55021.00,8126464,10,true,true,OK,accept,true
sml,MLWorks,basic_util.sml,5498,Leo,1648,1648,15314104.00,49333.00,28164096,10,true,true,OK,accept,true
sml,MLWorks,basic_util.sml,5498,GLL,1648,1648,16011208.00,140542.00,21757952,10,true,true,OK,accept,true
sml,MLWorks,basic_util.sml,5498,RNGLR,1648,1648,9278770.50,16083.00,5668864,10,true,true,OK,accept,true
sml,MLWorks,basic_util.sml,5498,BRNGLR,1648,1648,7366292.00,39229.50,5537792,10,true,true,OK,accept,true
sml,MLWorks,tk_types.sml,9363,Leo,1648,1648,50600229.50,145938.00,56508416,10,true,true,OK,accept,true
sml,MLWorks,tk_types.sml,9363,GLL,1648,1648,189428666.50,563583.00,128630784,10,true,true,OK,accept,true
sml,MLWorks,tk_types.sml,9363,RNGLR,1648,1648,195486500.00,769312.50,83968000,10,true,true,OK,accept,true
sml,MLWorks,tk_types.sml,9363,BRNGLR,1648,1648,144048395.50,224875.00,79708160,10,true,true,OK,accept,true
sml,MLWorks,integer.sml,5133,Leo,1658,1658,28391895.50,79125.00,31866880,10,true,true,OK,accept,true
sml,MLWorks,integer.sml,5133,GLL,1658,1658,54274687.00,144875.00,42844160,10,true,true,OK,accept,true
sml,MLWorks,integer.sml,5133,RNGLR,1658,1658,126490916.50,363041.50,27508736,10,true,true,OK,accept,true
sml,MLWorks,integer.sml,5133,BRNGLR,1658,1658,101998958.50,204334.00,38862848,10,true,true,OK,accept,true
sml,MLWorks,TEST.sml,7576,Leo,1663,1663,16139854.00,78667.00,28950528,10,true,true,OK,accept,true
sml,MLWorks,TEST.sml,7576,GLL,1663,1663,16760208.00,147958.50,21692416,10,true,true,OK,accept,true
sml,MLWorks,TEST.sml,7576,RNGLR,1663,1663,6588625.00,27937.50,3735552,10,true,true,OK,accept,true
sml,MLWorks,TEST.sml,7576,BRNGLR,1663,1663,5560333.00,37437.00,4489216,10,true,true,OK,accept,true
sml,MLWorks,real_array2.sml,4625,Leo,1664,1664,19140104.00,190666.00,28835840,10,true,true,OK,accept,true
sml,MLWorks,real_array2.sml,4625,GLL,1664,1664,25541937.00,56771.50,36225024,10,true,true,OK,accept,true
sml,MLWorks,real_array2.sml,4625,RNGLR,1664,1664,21005958.50,49125.50,8880128,10,true,true,OK,accept,true
sml,MLWorks,real_array2.sml,4625,BRNGLR,1664,1664,15886374.50,4937.00,9961472,10,true,true,OK,accept,true
sml,MLWorks,word32_array2.sml,4829,Leo,1668,1668,19476062.50,55437.50,28819456,10,true,true,OK,accept,true
sml,MLWorks,word32_array2.sml,4829,GLL,1668,1668,26136437.50,252041.50,36323328,10,true,true,OK,accept,true
sml,MLWorks,word32_array2.sml,4829,RNGLR,1668,1668,21258104.00,189104.00,8601600,10,true,true,OK,accept,true
sml,MLWorks,word32_array2.sml,4829,BRNGLR,1668,1668,15967375.00,40791.50,9879552,10,true,true,OK,accept,true
sml,MLWorks,automata.sml,5423,Leo,1669,1669,14288020.50,69666.00,26689536,10,true,true,OK,accept,true
sml,MLWorks,automata.sml,5423,GLL,1669,1669,16628729.50,415625.50,22528000,10,true,true,OK,accept,true
sml,MLWorks,automata.sml,5423,RNGLR,1669,1669,5764562.50,27854.50,4669440,10,true,true,OK,accept,true
sml,MLWorks,automata.sml,5423,BRNGLR,1669,1669,4762146.00,35667.00,4833280,10,true,true,OK,accept,true
sml,MLWorks,runtime.sml,5210,Leo,1672,1672,14132895.50,140209.00,27328512,10,true,true,OK,accept,true
sml,MLWorks,runtime.sml,5210,GLL,1672,1672,16499208.50,60229.50,22134784,10,true,true,OK,accept,true
sml,MLWorks,runtime.sml,5210,RNGLR,1672,1672,4804520.50,21458.00,3620864,10,true,true,OK,accept,true
sml,MLWorks,runtime.sml,5210,BRNGLR,1672,1672,4153541.50,38750.00,4079616,10,true,true,OK,accept,true
sml,MLWorks,_walker.sml,8050,Leo,1677,1677,12650041.00,192708.00,25591808,10,true,true,OK,accept,true
sml,MLWorks,_walker.sml,8050,GLL,1677,1677,12079729.50,111980.00,20381696,10,true,true,OK,accept,true
sml,MLWorks,_walker.sml,8050,RNGLR,1677,1677,4104729.50,22854.50,2605056,10,true,true,OK,accept,true
sml,MLWorks,_walker.sml,8050,BRNGLR,1677,1677,3583333.00,20354.50,4243456,10,true,true,OK,accept,true
sml,MLWorks,hash-table.sml,4830,Leo,1681,1681,13428458.00,117000.00,26755072,10,true,true,OK,accept,true
sml,MLWorks,hash-table.sml,4830,GLL,1681,1681,14787979.50,198562.00,22069248,10,true,true,OK,accept,true
sml,MLWorks,hash-table.sml,4830,RNGLR,1681,1681,5102604.00,13167.00,3670016,10,true,true,OK,accept,true
sml,MLWorks,hash-table.sml,4830,BRNGLR,1681,1681,4281166.50,10208.50,5144576,10,true,true,OK,accept,true
sml,MLWorks,sigs.sml,7683,Leo,1700,1700,9842228.50,36854.00,16728064,10,true,true,OK,accept,true
sml,MLWorks,sigs.sml,7683,GLL,1700,1700,18462791.50,74020.50,31277056,10,true,true,OK,accept,true
sml,MLWorks,sigs.sml,7683,RNGLR,1700,1700,4528541.50,5875.00,2015232,10,true,true,OK,accept,true
sml,MLWorks,sigs.sml,7683,BRNGLR,1700,1700,3812687.00,16000.00,3817472,10,true,true,OK,accept,true
sml,MLWorks,ModelChecker.sml,5238,Leo,1712,1712,12682500.50,83062.50,26198016,10,true,true,OK,accept,true
sml,MLWorks,ModelChecker.sml,5238,GLL,1712,1712,12048417.00,154354.00,19890176,10,true,true,OK,accept,true
sml,MLWorks,ModelChecker.sml,5238,RNGLR,1712,1712,3645250.00,17479.00,4259840,10,true,true,OK,accept,true
sml,MLWorks,ModelChecker.sml,5238,BRNGLR,1712,1712,3357396.00,12395.50,4816896,10,true,true,OK,accept,true
sml,MLWorks,_import_export.sml,5893,Leo,1716,1716,13098395.50,128542.00,26607616,10,true,true,OK,accept,true
sml,MLWorks,_import_export.sml,5893,GLL,1716,1716,13459646.00,277667.00,21774336,10,true,true,OK,accept,true
sml,MLWorks,_import_export.sml,5893,RNGLR,1716,1716,3081583.50,25375.00,3686400,10,true,true,OK,accept,true
sml,MLWorks,_import_export.sml,5893,BRNGLR,1716,1716,2897270.50,13521.00,3538944,10,true,true,OK,accept,true
sml,MLWorks,capi.sml,8658,Leo,1716,1716,20837375.00,118875.00,27820032,10,true,true,OK,accept,true
sml,MLWorks,capi.sml,8658,GLL,1716,1716,77470125.00,199417.00,66535424,10,true,true,OK,accept,true
sml,MLWorks,capi.sml,8658,RNGLR,1716,1716,47335875.00,58396.00,24870912,10,true,true,OK,accept,true
sml,MLWorks,capi.sml,8658,BRNGLR,1716,1716,34257229.00,69125.00,24018944,10,true,true,OK,accept,true
sml,MLWorks,_tyenv.sml,7063,Leo,1719,1719,13894458.50,86812.50,29114368,10,true,true,OK,accept,true
sml,MLWorks,_tyenv.sml,7063,GLL,1719,1719,14984250.50,178041.50,23150592,10,true,true,OK,accept,true
sml,MLWorks,_tyenv.sml,7063,RNGLR,1719,1719,3541874.50,16312.00,3915776,10,true,true,OK,accept,true
sml,MLWorks,_tyenv.sml,7063,BRNGLR,1719,1719,3337333.00,12332.50,4603904,10,true,true,OK,accept,true
sml,MLWorks,__array2.sml,4999,Leo,1723,1723,15660229.50,97291.50,27967488,10,true,true,OK,accept,true
sml,MLWorks,__array2.sml,4999,GLL,1723,1723,15560958.50,161791.50,22183936,10,true,true,OK,accept,true
sml,MLWorks,__array2.sml,4999,RNGLR,1723,1723,7551375.00,17333.50,4767744,10,true,true,OK,accept,true
sml,MLWorks,__array2.sml,4999,BRNGLR,1723,1723,5991687.50,27333.50,5586944,10,true,true,OK,accept,true
sml,MLWorks,__substring.sml,4461,Leo,1726,1726,15440999.50,105687.50,28114944,10,true,true,OK,accept,true
sml,MLWorks,__substring.sml,4461,GLL,1726,1726,19825583.50,71292.00,23265280,10,true,true,OK,accept,true
sml,MLWorks,__substring.sml,4461,RNGLR,1726,1726,14816020.50,49770.50,8208384,10,true,true,OK,accept,true
sml,MLWorks,__substring.sml,4461,BRNGLR,1726,1726,10878875.00,17146.00,8683520,10,true,true,OK,accept,true
sml,MLWorks,machine.sml,5701,Leo,1734,1734,16134583.00,95229.00,28540928,10,true,true,OK,accept,true
sml,MLWorks,machine.sml,5701,GLL,1734,1734,21537791.50,35624.50,23756800,10,true,true,OK,accept,true
sml,MLWorks,machine.sml,5701,RNGLR,1734,1734,13609062.50,20125.50,6242304,10,true,true,OK,accept,true
sml,MLWorks,machine.sml,5701,BRNGLR,1734,1734,10528229.50,52083.50,7913472,10,true,true,OK,accept,true
sml,MLWorks,__real_array2.sml,5130,Leo,1741,1741,16075958.00,87416.50,28901376,10,true,true,OK,accept,true
sml,MLWorks,__real_array2.sml,5130,GLL,1741,1741,16714416.50,221875.00,23019520,10,true,true,OK,accept,true
sml,MLWorks,__real_array2.sml,5130,RNGLR,1741,1741,8656625.00,19166.50,6504448,10,true,true,OK,accept,true
sml,MLWorks,__real_array2.sml,5130,BRNGLR,1741,1741,6757333.00,25958.50,6537216,10,true,true,OK,accept,true
sml,MLWorks,foreign.sml,9296,Leo,1742,1742,19978416.50,166271.00,26705920,10,true,true,OK,accept,true
sml,MLWorks,foreign.sml,9296,GLL,1742,1742,98251458.50,297063.00,117932032,10,true,true,OK,accept,true
sml,MLWorks,foreign.sml,9296,RNGLR,1742,1742,75444750.00,134062.50,37863424,10,true,true,OK,accept,true
sml,MLWorks,foreign.sml,9296,BRNGLR,1742,1742,55481458.50,214146.00,36126720,10,true,true,OK,accept,true
sml,MLWorks,_break_trace.sml,7527,Leo,1754,1754,16189771.00,195667.00,27787264,10,true,true,OK,accept,true
sml,MLWorks,_break_trace.sml,7527,GLL,1754,1754,18353625.00,94645.50,22282240,10,true,true,OK,accept,true
sml,MLWorks,_break_trace.sml,7527,RNGLR,1754,1754,10464375.00,33521.00,6406144,10,true,true,OK,accept,true
sml,MLWorks,_break_trace.sml,7527,BRNGLR,1754,1754,8071291.00,20686.50,6848512,10,true,true,OK,accept,true
sml,MLWorks,_mono_array2.sml,5176,Leo,1760,1760,16547104.00,28979.00,28475392,10,true,true,OK,accept,true
sml,MLWorks,_mono_array2.sml,5176,GLL,1760,1760,17458833.50,125792.00,22822912,10,true,true,OK,accept,true
sml,MLWorks,_mono_array2.sml,5176,RNGLR,1760,1760,9319312.50,31958.50,6815744,10,true,true,OK,accept,true
sml,MLWorks,_mono_array2.sml,5176,BRNGLR,1760,1760,7170542.00,24458.00,6340608,10,true,true,OK,accept,true
sml,MLWorks,_mirvariable.sml,7563,Leo,1776,1776,14560750.00,97687.50,27770880,10,true,true,OK,accept,true
sml,MLWorks,_mirvariable.sml,7563,GLL,1776,1776,15100541.50,100312.00,21987328,10,true,true,OK,accept,true
sml,MLWorks,_mirvariable.sml,7563,RNGLR,1776,1776,5591687.50,22708.00,5439488,10,true,true,OK,accept,true
sml,MLWorks,_mirvariable.sml,7563,BRNGLR,1776,1776,5087417.00,195354.00,4669440,10,true,true,OK,accept,true
sml,MLWorks,transys.sml,5706,Leo,1777,1777,14107354.00,59541.50,27361280,10,true,true,OK,accept,true
sml,MLWorks,transys.sml,5706,GLL,1777,1777,13999708.50,106833.50,22675456,10,true,true,OK,accept,true
sml,MLWorks,transys.sml,5706,RNGLR,1777,1777,4166750.00,19999.50,3686400,10,true,true,OK,accept,true
sml,MLWorks,transys.sml,5706,BRNGLR,1777,1777,3760187.50,18812.00,4423680,10,true,true,OK,accept,true
sml,MLWorks,_tooldata.sml,7992,Leo,1792,1792,16184563.00,87313.00,28164096,10,true,true,OK,accept,true
sml,MLWorks,_tooldata.sml,7992,GLL,1792,1792,21715562.50,116792.00,23642112,10,true,true,OK,accept,true
sml,MLWorks,_tooldata.sml,7992,RNGLR,1792,1792,14616604.50,29708.50,7618560,10,true,true,OK,accept,true
sml,MLWorks,_tooldata.sml,7992,BRNGLR,1792,1792,10754604.00,23604.00,7962624,10,true,true,OK,accept,true
sml,MLWorks,_prim_io.sml,6095,Leo,1814,1814,10763833.00,114625.50,25034752,10,true,true,OK,accept,true
sml,MLWorks,_prim_io.sml,6095,GLL,1814,1814,10858896.00,149021.00,19283968,10,true,true,OK,accept,true
sml,MLWorks,_prim_io.sml,6095,RNGLR,1814,1814,3112750.00,15145.50,3178496,10,true,true,OK,accept,true
sml,MLWorks,_prim_io.sml,6095,BRNGLR,1814,1814,2908000.00,25375.00,2621440,10,true,true,OK,accept,true
sml,MLWorks,opsymb.sml,7042,Leo,1825,1825,16277166.50,108541.50,29917184,10,true,true,OK,accept,true
sml,MLWorks,opsymb.sml,7042,GLL,1825,1825,16578979.00,54749.50,23805952,10,true,true,OK,accept,true
sml,MLWorks,opsymb.sml,7042,RNGLR,1825,1825,6211937.50,15146.00,5423104,10,true,true,OK,accept,true
sml,MLWorks,opsymb.sml,7042,BRNGLR,1825,1825,5232688.00,27520.50,5013504,10,true,true,OK,accept,true
sml,MLWorks,btree.sml,3934,Leo,1836,1836,15878375.00,65916.50,29032448,10,true,true,OK,accept,true
sml,MLWorks,btree.sml,3934,GLL,1836,1836,15193958.50,86521.00,23166976,10,true,true,OK,accept,true
sml,MLWorks,btree.sml,3934,RNGLR,1836,1836,5815270.50,32479.00,4521984,10,true,true,OK,accept,true
sml,MLWorks,btree.sml,3934,BRNGLR,1836,1836,5035145.50,15479.00,4784128,10,true,true,OK,accept,true
sml,MLWorks,type.sml,5236,Leo,1837,1837,15117791.50,117396.00,28524544,10,true,true,OK,accept,true
sml,MLWorks,type.sml,5236,GLL,1837,1837,14259812.00,109917.00,22429696,10,true,true,OK,accept,true
sml,MLWorks,type.sml,5236,RNGLR,1837,1837,3674625.00,22791.50,3768320,10,true,true,OK,accept,true
sml,MLWorks,type.sml,5236,BRNGLR,1837,1837,3367042.00,18479.50,4603904,10,true,true,OK,accept,true
sml,MLWorks,peterson.sml,7356,Leo,1841,1841,19304312.50,106895.50,32129024,10,true,true,OK,accept,true
sml,MLWorks,peterson.sml,7356,GLL,1841,1841,19204125.00,59333.50,34275328,10,true,true,OK,accept,true
sml,MLWorks,peterson.sml,7356,RNGLR,1841,1841,5810312.50,30958.50,5783552,10,true,true,OK,accept,true
sml,MLWorks,peterson.sml,7356,BRNGLR,1841,1841,4967250.00,19854.00,5586944,10,true,true,OK,accept,true
sml,MLWorks,_scheduler.sml,6047,Leo,1859,1859,17554896.00,68791.50,30081024,10,true,true,OK,accept,true
sml,MLWorks,_scheduler.sml,6047,GLL,1859,1859,17435417.00,141230.00,23085056,10,true,true,OK,accept,true
sml,MLWorks,_scheduler.sml,6047,RNGLR,1859,1859,7173917.00,37833.50,5537792,10,true,true,OK,accept,true
sml,MLWorks,_scheduler.sml,6047,BRNGLR,1859,1859,5846687.00,47708.50,6160384,10,true,true,OK,accept,true
sml,MLWorks,_nameset.sml,8793,Leo,1862,1862,17989333.00,32312.50,30048256,10,true,true,OK,accept,true
sml,MLWorks,_nameset.sml,8793,GLL,1862,1862,19488479.00,152854.00,22822912,10,true,true,OK,accept,true
sml,MLWorks,_nameset.sml,8793,RNGLR,1862,1862,10037249.50,67666.00,5898240,10,true,true,OK,accept,true
sml,MLWorks,_nameset.sml,8793,BRNGLR,1862,1862,7714542.00,32083.50,5865472,10,true,true,OK,accept,true
sml,MLWorks,_patterns.sml,8875,Leo,1863,1863,15454645.50,65937.00,28721152,10,true,true,OK,accept,true
sml,MLWorks,_patterns.sml,8875,GLL,1863,1863,20710292.00,106625.00,33357824,10,true,true,OK,accept,true
sml,MLWorks,_patterns.sml,8875,RNGLR,1863,1863,4653979.00,27333.00,4505600,10,true,true,OK,accept,true
sml,MLWorks,_patterns.sml,8875,BRNGLR,1863,1863,3955125.00,23667.00,4505600,10,true,true,OK,accept,true
sml,MLWorks,_console.sml,7854,Leo,1866,1866,15902958.50,100979.00,28393472,10,true,true,OK,accept,true
sml,MLWorks,_console.sml,7854,GLL,1866,1866,16749333.50,98667.00,22773760,10,true,true,OK,accept,true
sml,MLWorks,_console.sml,7854,RNGLR,1866,1866,6279895.50,58624.50,4816896,10,true,true,OK,accept,true
sml,MLWorks,_console.sml,7854,BRNGLR,1866,1866,5239604.50,32521.00,4734976,10,true,true,OK,accept,true
sml,MLWorks,_context.sml,9579,Leo,1881,1881,19177021.00,33041.50,30343168,10,true,true,OK,accept,true
sml,MLWorks,_context.sml,9579,GLL,1881,1881,27405083.00,114312.50,36126720,10,true,true,OK,accept,true
sml,MLWorks,_context.sml,9579,RNGLR,1881,1881,19909583.00,78874.50,10207232,10,true,true,OK,accept,true
sml,MLWorks,_context.sml,9579,BRNGLR,1881,1881,14631833.00,48687.00,10321920,10,true,true,OK,accept,true
sml,MLWorks,__puzzle.sml,7951,Leo,1905,1905,16512667.00,86813.50,29425664,10,true,true,OK,accept,true
sml,MLWorks,__puzzle.sml,7951,GLL,1905,1905,16036145.50,221416.50,21577728,10,true,true,OK,accept,true
sml,MLWorks,__puzzle.sml,7951,RNGLR,1905,1905,6459709.00,51249.50,4603904,10,true,true,OK,accept,true
sml,MLWorks,__puzzle.sml,7951,BRNGLR,1905,1905,5336562.50,27062.50,4554752,10,true,true,OK,accept,true
sml,MLWorks,_inthashtable.sml,6705,Leo,1908,1908,17577875.50,131687.50,30294016,10,true,true,OK,accept,true
sml,MLWorks,_inthashtable.sml,6705,GLL,1908,1908,21060895.50,53208.50,25903104,10,true,true,OK,accept,true
sml,MLWorks,_inthashtable.sml,6705,RNGLR,1908,1908,13681917.00,49250.50,7454720,10,true,true,OK,accept,true
sml,MLWorks,_inthashtable.sml,6705,BRNGLR,1908,1908,10239562.50,33749.50,6717440,10,true,true,OK,accept,true
sml,MLWorks,analyzer_lex.sml,26815,Leo,1908,1908,14316521.00,37000.00,26591232,10,true,true,OK,accept,true
sml,MLWorks,analyzer_lex.sml,26815,GLL,1908,1908,15909896.00,132708.50,21659648,10,true,true,OK,accept,true
sml,MLWorks,analyzer_lex.sml,26815,RNGLR,1908,1908,9129750.00,20417.00,6291456,10,true,true,OK,accept,true
sml,MLWorks,analyzer_lex.sml,26815,BRNGLR,1908,1908,7031083.00,35624.50,7405568,10,true,true,OK,accept,true
sml,MLWorks,unif.sml,6254,Leo,1934,1934,16601270.50,73916.50,29966336,10,true,true,OK,accept,true
sml,MLWorks,unif.sml,6254,GLL,1934,1934,18844229.00,92312.50,23642112,10,true,true,OK,accept,true
sml,MLWorks,unif.sml,6254,RNGLR,1934,1934,7934770.50,32187.50,5898240,10,true,true,OK,accept,true
sml,MLWorks,unif.sml,6254,BRNGLR,1934,1934,6656646.00,34229.00,6651904,10,true,true,OK,accept,true
sml,MLWorks,word8arrays.sml,5551,Leo,1935,1935,83176749.50,273687.50,43089920,10,true,true,OK,accept,true
sml,MLWorks,word8arrays.sml,5551,GLL,1935,1935,314208562.50,2993729.50,172802048,10,true,true,OK,accept,true
sml,MLWorks,word8arrays.sml,5551,RNGLR,1935,1935,0.00,0.00,0,0,false,false,TIMEOUT,accept,
sml,MLWorks,word8arrays.sml,5551,BRNGLR,1935,1935,0.00,0.00,0,0,false,false,TIMEOUT,accept,
sml,MLWorks,maths.sml,6265,Leo,1956,1956,463408500.00,831938.00,97206272,10,true,true,OK,accept,true
sml,MLWorks,maths.sml,6265,GLL,1956,1956,0.00,0.00,0,0,false,false,TIMEOUT,accept,
sml,MLWorks,maths.sml,6265,RNGLR,1956,1956,0.00,0.00,0,0,false,false,TIMEOUT,accept,
sml,MLWorks,maths.sml,6265,BRNGLR,1956,1956,0.00,0.00,0,0,false,false,TIMEOUT,accept,
sml,MLWorks,_primitives.sml,8804,Leo,1975,1975,17480916.50,121000.00,30326784,10,true,true,OK,accept,true
sml,MLWorks,_primitives.sml,8804,GLL,1975,1975,17696208.00,47292.00,23674880,10,true,true,OK,accept,true
sml,MLWorks,_primitives.sml,8804,RNGLR,1975,1975,4542708.50,29750.00,5062656,10,true,true,OK,accept,true
sml,MLWorks,_primitives.sml,8804,BRNGLR,1975,1975,4040417.00,11729.50,4915200,10,true,true,OK,accept,true
sml,MLWorks,data_tree.sml,5171,Leo,1985,1985,51115667.00,190000.00,53739520,10,true,true,OK,accept,true
sml,MLWorks,data_tree.sml,5171,GLL,1985,1985,56122979.00,279187.50,56180736,10,true,true,OK,accept,true
sml,MLWorks,data_tree.sml,5171,RNGLR,1985,1985,62656625.00,103333.50,25968640,10,true,true,OK,accept,true
sml,MLWorks,data_tree.sml,5171,BRNGLR,1985,1985,44195895.50,111104.50,25165824,10,true,true,OK,accept,true
sml,MLWorks,_hashtable.sml,6796,Leo,2023,2023,17757437.50,191646.00,30703616,10,true,true,OK,accept,true
sml,MLWorks,_hashtable.sml,6796,GLL,2023,2023,20083041.50,75687.50,25837568,10,true,true,OK,accept,true
sml,MLWorks,_hashtable.sml,6796,RNGLR,2023,2023,11261229.50,52666.50,6062080,10,true,true,OK,accept,true
sml,MLWorks,_hashtable.sml,6796,BRNGLR,2023,2023,8640000.00,32958.00,6864896,10,true,true,OK,accept,true
sml,MLWorks,_debugger_types.sml,9016,Leo,2033,2033,24352666.00,54125.00,33308672,10,true,true,OK,accept,true
sml,MLWorks,_debugger_types.sml,9016,GLL,2033,2033,21725603.50,70854.00,26132480,10,true,true,OK,accept,true
sml,MLWorks,_debugger_types.sml,9016,RNGLR,2033,2033,14893938.00,74666.50,8126464,10,true,true,OK,accept,true
sml,MLWorks,_debugger_types.sml,9016,BRNGLR,2033,2033,11357729.00,46333.50,7634944,10,true,true,OK,accept,true
sml,MLWorks,mir_test.sml,5753,Leo,2103,2103,22079604.00,37833.50,47267840,10,true,true,OK,accept,true
sml,MLWorks,mir_test.sml,5753,GLL,2103,2103,20063417.00,59749.00,34340864,10,true,true,OK,accept,true
sml,MLWorks,mir_test.sml,5753,RNGLR,2103,2103,4962875.00,15146.00,5406720,10,true,true,OK,accept,true
sml,MLWorks,mir_test.sml,5753,BRNGLR,2103,2103,4530750.00,44021.00,5832704,10,true,true,OK,accept,true
sml,MLWorks,__date.sml,8135,Leo,2130,2130,22979000.50,75563.00,34095104,10,true,true,OK,accept,true
sml,MLWorks,__date.sml,8135,GLL,2130,2130,24503479.50,110208.50,39583744,10,true,true,OK,accept,true
sml,MLWorks,__date.sml,8135,RNGLR,2130,2130,14462062.50,23520.50,9306112,10,true,true,OK,accept,true
sml,MLWorks,__date.sml,8135,BRNGLR,2130,2130,11397687.50,17604.50,9961472,10,true,true,OK,accept,true
sml,MLWorks,_save_image.sml,11635,Leo,2143,2143,19351812.50,65500.00,32210944,10,true,true,OK,accept,true
sml,MLWorks,_save_image.sml,11635,GLL,2143,2143,26463791.00,97374.00,39714816,10,true,true,OK,accept,true
sml,MLWorks,_save_image.sml,11635,RNGLR,2143,2143,8611896.00,38417.00,6242304,10,true,true,OK,accept,true
sml,MLWorks,_save_image.sml,11635,BRNGLR,2143,2143,7104916.50,23270.50,7077888,10,true,true,OK,accept,true
sml,MLWorks,_lists.sml,5785,Leo,2147,2147,23072917.00,100125.00,34504704,10,true,true,OK,accept,true
sml,MLWorks,_lists.sml,5785,GLL,2147,2147,31939583.00,162624.50,39747584,10,true,true,OK,accept,true
sml,MLWorks,_lists.sml,5785,RNGLR,2147,2147,28905416.50,66645.50,14581760,10,true,true,OK,accept,true
sml,MLWorks,_lists.sml,5785,BRNGLR,2147,2147,20943208.50,64667.00,14041088,10,true,true,OK,accept,true
sml,MLWorks,_mirregisters.sml,9375,Leo,2165,2165,20794812.00,41854.50,31424512,10,true,true,OK,accept,true
sml,MLWorks,_mirregisters.sml,9375,GLL,2165,2165,26287854.00,186750.00,34635776,10,true,true,OK,accept,true
sml,MLWorks,_mirregisters.sml,9375,RNGLR,2165,2165,26118000.00,106000.00,12468224,10,true,true,OK,accept,true
sml,MLWorks,_mirregisters.sml,9375,BRNGLR,2165,2165,18746813.00,57083.00,11550720,10,true,true,OK,accept,true
sml,MLWorks,_library.sml,8815,Leo,2199,2199,17797083.00,87479.50,30425088,10,true,true,OK,accept,true
sml,MLWorks,_library.sml,8815,GLL,2199,2199,16903604.00,86375.00,23478272,10,true,true,OK,accept,true
sml,MLWorks,_library.sml,8815,RNGLR,2199,2199,3649625.50,26271.50,4423680,10,true,true,OK,accept,true
sml,MLWorks,_library.sml,8815,BRNGLR,2199,2199,3459167.00,32500.50,4915200,10,true,true,OK,accept,true
sml,MLWorks,_hashset.sml,8248,Leo,2201,2201,21687396.00,42792.00,32260096,10,true,true,OK,accept,true
sml,MLWorks,_hashset.sml,8248,GLL,2201,2201,23635729.00,80895.50,39370752,10,true,true,OK,accept,true
sml,MLWorks,_hashset.sml,8248,RNGLR,2201,2201,15851500.00,31563.00,9060352,10,true,true,OK,accept,true
sml,MLWorks,_hashset.sml,8248,BRNGLR,2201,2201,11947042.00,56625.00,9420800,10,true,true,OK,accept,true
sml,MLWorks,__os_path.sml,7751,Leo,2263,2263,24161687.50,95625.00,33587200,10,true,true,OK,accept,true
sml,MLWorks,__os_path.sml,7751,GLL,2263,2263,28211125.00,106437.50,39026688,10,true,true,OK,accept,true
sml,MLWorks,__os_path.sml,7751,RNGLR,2263,2263,20373083.50,53000.00,11157504,10,true,true,OK,accept,true
sml,MLWorks,__os_path.sml,7751,BRNGLR,2263,2263,15162062.50,46541.50,11337728,10,true,true,OK,accept,true
sml,MLWorks,_completion.sml,8198,Leo,2264,2264,21163145.50,24812.50,32849920,10,true,true,OK,accept,true
sml,MLWorks,_completion.sml,8198,GLL,2264,2264,21046250.00,61854.00,33914880,10,true,true,OK,accept,true
sml,MLWorks,_completion.sml,8198,RNGLR,2264,2264,6119208.50,13041.50,5177344,10,true,true,OK,accept,true
sml,MLWorks,_completion.sml,8198,BRNGLR,2264,2264,5189666.50,12896.00,5046272,10,true,true,OK,accept,true
sml,MLWorks,_code.sml,7997,Leo,2268,2268,35121374.50,60249.50,51314688,10,true,true,OK,accept,true
sml,MLWorks,_code.sml,7997,GLL,2268,2268,21621104.00,202312.00,39550976,10,true,true,OK,accept,true
sml,MLWorks,_code.sml,7997,RNGLR,2268,2268,8221270.50,16166.50,6684672,10,true,true,OK,accept,true
sml,MLWorks,_code.sml,7997,BRNGLR,2268,2268,6666708.50,21875.00,5521408,10,true,true,OK,accept,true
sml,MLWorks,i_opsymb.sml,9592,Leo,2335,2335,22975833.00,322854.00,47251456,10,true,true,OK,accept,true
sml,MLWorks,i_opsymb.sml,9592,GLL,2335,2335,21890229.00,142812.00,37421056,10,true,true,OK,accept,true
sml,MLWorks,i_opsymb.sml,9592,RNGLR,2335,2335,7629875.00,54708.50,7815168,10,true,true,OK,accept,true
sml,MLWorks,i_opsymb.sml,9592,BRNGLR,2335,2335,6821979.00,73333.50,7274496,10,true,true,OK,accept,true
sml,MLWorks,_auglambda.sml,9171,Leo,2374,2374,16447479.00,212833.00,30294016,10,true,true,OK,accept,true
sml,MLWorks,_auglambda.sml,9171,GLL,2374,2374,17321583.00,579582.50,23887872,10,true,true,OK,accept,true
sml,MLWorks,_auglambda.sml,9171,RNGLR,2374,2374,3265750.00,41396.00,3866624,10,true,true,OK,accept,true
sml,MLWorks,_auglambda.sml,9171,BRNGLR,2374,2374,3152166.00,41374.50,4636672,10,true,true,OK,accept,true
sml,MLWorks,_module_dec_io.sml,9291,Leo,2394,2394,22404812.50,56646.00,47398912,10,true,true,OK,accept,true
sml,MLWorks,_module_dec_io.sml,9291,GLL,2394,2394,20299500.00,82708.00,35373056,10,true,true,OK,accept,true
sml,MLWorks,_module_dec_io.sml,9291,RNGLR,2394,2394,5266375.00,16021.00,5734400,10,true,true,OK,accept,true
sml,MLWorks,_module_dec_io.sml,9291,BRNGLR,2394,2394,4784083.00,24625.00,5570560,10,true,true,OK,accept,true
sml,MLWorks,__socket.sml,9417,Leo,2399,2399,23850562.00,487646.00,47235072,10,true,true,OK,accept,true
sml,MLWorks,__socket.sml,9417,GLL,2399,2399,27121125.00,84625.00,40796160,10,true,true,OK,accept,true
sml,MLWorks,__socket.sml,9417,RNGLR,2399,2399,15221770.50,242771.00,10108928,10,true,true,OK,accept,true
sml,MLWorks,__socket.sml,9417,BRNGLR,2399,2399,12183500.00,92813.00,11386880,10,true,true,OK,accept,true
sml,MLWorks,_mirtables.sml,8926,Leo,2400,2400,23774666.50,190604.00,47316992,10,true,true,OK,accept,true
sml,MLWorks,_mirtables.sml,8926,GLL,2400,2400,20194625.50,121750.50,24592384,10,true,true,OK,accept,true
sml,MLWorks,_mirtables.sml,8926,RNGLR,2400,2400,12006937.50,12625.50,7045120,10,true,true,OK,accept,true
sml,MLWorks,_mirtables.sml,8926,BRNGLR,2400,2400,9518020.50,39479.50,8388608,10,true,true,OK,accept,true
sml,MLWorks,ACOSunify.sml,8857,Leo,2402,2402,27264062.50,111083.50,49643520,10,true,true,OK,accept,true
sml,MLWorks,ACOSunify.sml,8857,GLL,2402,2402,26864875.00,148500.00,39501824,10,true,true,OK,accept,true
sml,MLWorks,ACOSunify.sml,8857,RNGLR,2402,2402,17570604.50,157980.00,10551296,10,true,true,OK,accept,true
sml,MLWorks,ACOSunify.sml,8857,BRNGLR,2402,2402,13483187.50,17521.00,10305536,10,true,true,OK,accept,true
sml,MLWorks,rewrite.sml,9488,Leo,2402,2402,23308833.00,95437.50,47415296,10,true,true,OK,accept,true
sml,MLWorks,rewrite.sml,9488,GLL,2402,2402,23832020.50,35146.00,40665088,10,true,true,OK,accept,true
sml,MLWorks,rewrite.sml,9488,RNGLR,2402,2402,7506083.50,27459.00,6930432,10,true,true,OK,accept,true
sml,MLWorks,rewrite.sml,9488,BRNGLR,2402,2402,6521562.50,62854.50,7962624,10,true,true,OK,accept,true
sml,MLWorks,_user_context.sml,10643,Leo,2414,2414,23445896.00,110354.50,33472512,10,true,true,OK,accept,true
sml,MLWorks,_user_context.sml,10643,GLL,2414,2414,35323312.50,116333.50,44892160,10,true,true,OK,accept,true
sml,MLWorks,_user_context.sml,10643,RNGLR,2414,2414,36336479.00,115354.00,17645568,10,true,true,OK,accept,true
sml,MLWorks,_user_context.sml,10643,BRNGLR,2414,2414,25943708.00,91354.00,16777216,10,true,true,OK,accept,true
sml,MLWorks,_intermake.sml,12863,Leo,2453,2453,22650916.50,115916.00,34717696,10,true,true,OK,accept,true
sml,MLWorks,_intermake.sml,12863,GLL,2453,2453,39805354.00,672833.00,61538304,10,true,true,OK,accept,true
sml,MLWorks,_intermake.sml,12863,RNGLR,2453,2453,11693750.00,434667.00,8208384,10,true,true,OK,accept,true
sml,MLWorks,_intermake.sml,12863,BRNGLR,2453,2453,9089458.50,80833.50,7733248,10,true,true,OK,accept,true
sml,MLWorks,_dynamics.sml,7858,Leo,2477,2477,29031187.50,231354.50,51625984,10,true,true,OK,accept,true
sml,MLWorks,_dynamics.sml,7858,GLL,2477,2477,26540937.00,187520.50,40271872,10,true,true,OK,accept,true
sml,MLWorks,_dynamics.sml,7858,RNGLR,2477,2477,9157979.00,96312.50,7684096,10,true,true,OK,accept,true
sml,MLWorks,_dynamics.sml,7858,BRNGLR,2477,2477,7484771.00,38833.50,6914048,10,true,true,OK,accept,true
sml,MLWorks,fp_save.sml,7179,Leo,2567,2567,65543249.50,193187.50,62046208,10,true,true,OK,accept,true
sml,MLWorks,fp_save.sml,7179,GLL,2567,2567,199538208.00,2092500.50,184598528,10,true,true,OK,accept,true
sml,MLWorks,fp_save.sml,7179,RNGLR,2567,2567,244997187.50,801395.50,153583616,10,true,true,OK,accept,true
sml,MLWorks,fp_save.sml,7179,BRNGLR,2567,2567,158936979.50,382938.00,121880576,10,true,true,OK,accept,true
sml,MLWorks,_podium.sml,13378,Leo,2581,2581,28606333.00,171187.00,50823168,10,true,true,OK,accept,true
sml,MLWorks,_podium.sml,13378,GLL,2581,2581,42754916.00,80229.00,70598656,10,true,true,OK,accept,true
sml,MLWorks,_podium.sml,13378,RNGLR,2581,2581,19397458.50,129187.50,13107200,10,true,true,OK,accept,true
sml,MLWorks,_podium.sml,13378,BRNGLR,2581,2581,14211604.00,58354.50,12828672,10,true,true,OK,accept,true
sml,MLWorks,word8s.sml,8138,Leo,2607,2607,178322250.00,238520.50,75513856,10,true,true,OK,accept,true
sml,MLWorks,word8s.sml,8138,GLL,2607,2607,849111500.00,4404125.50,358973440,10,true,true,OK,accept,true
sml,MLWorks,word8s.sml,8138,RNGLR,2607,2607,0.00,0.00,0,0,false,false,TIMEOUT,accept,
sml,MLWorks,word8s.sml,8138,BRNGLR,2607,2607,0.00,0.00,0,0,false,false,TIMEOUT,accept,
sml,MLWorks,term.sml,8854,Leo,2609,2609,23218875.00,280479.00,47513600,10,true,true,OK,accept,true
sml,MLWorks,term.sml,8854,GLL,2609,2609,21423708.50,24562.50,37634048,10,true,true,OK,accept,true
sml,MLWorks,term.sml,8854,RNGLR,2609,2609,5878708.50,46792.00,5914624,10,true,true,OK,accept,true
sml,MLWorks,term.sml,8854,BRNGLR,2609,2609,5431583.50,32770.50,7585792,10,true,true,OK,accept,true
sml,MLWorks,__pre_real.sml,9319,Leo,2636,2636,64063000.00,389354.00,59113472,10,true,true,OK,accept,true
sml,MLWorks,__pre_real.sml,9319,GLL,2636,2636,139976333.00,414667.00,121503744,10,true,true,OK,accept,true
sml,MLWorks,__pre_real.sml,9319,RNGLR,2636,2636,393755208.00,689020.00,105988096,10,true,true,OK,accept,true
sml,MLWorks,__pre_real.sml,9319,BRNGLR,2636,2636,288755020.50,456708.50,102137856,10,true,true,OK,accept,true
sml,MLWorks,_topdecprint.sml,10170,Leo,2645,2645,24283979.00,245292.00,48463872,10,true,true,OK,accept,true
sml,MLWorks,_topdecprint.sml,10170,GLL,2645,2645,19765437.50,73333.00,36077568,10,true,true,OK,accept,true
sml,MLWorks,_topdecprint.sml,10170,RNGLR,2645,2645,5226271.00,28292.00,5079040,10,true,true,OK,accept,true
sml,MLWorks,_topdecprint.sml,10170,BRNGLR,2645,2645,4987458.00,41833.50,6602752,10,true,true,OK,accept,true
sml,MLWorks,_lalr.sml,8938,Leo,2647,2647,21991333.00,120333.50,47185920,10,true,true,OK,accept,true
sml,MLWorks,_lalr.sml,8938,GLL,2647,2647,22307645.50,139958.50,39616512,10,true,true,OK,accept,true
sml,MLWorks,_lalr.sml,8938,RNGLR,2647,2647,6707667.00,23020.50,6635520,10,true,true,OK,accept,true
sml,MLWorks,_lalr.sml,8938,BRNGLR,2647,2647,5817854.50,27021.00,6635520,10,true,true,OK,accept,true
sml,MLWorks,life.sml,8166,Leo,2652,2652,26906500.00,137041.50,50626560,10,true,true,OK,accept,true
sml,MLWorks,life.sml,8166,GLL,2652,2652,27990313.00,104355.00,41304064,10,true,true,OK,accept,true
sml,MLWorks,life.sml,8166,RNGLR,2652,2652,15078625.00,21479.00,9863168,10,true,true,OK,accept,true
sml,MLWorks,life.sml,8166,BRNGLR,2652,2652,12026749.50,56708.00,11223040,10,true,true,OK,accept,true
sml,MLWorks,_environment.sml,9910,Leo,2660,2660,26487520.50,217708.00,50282496,10,true,true,OK,accept,true
sml,MLWorks,_environment.sml,9910,GLL,2660,2660,28789833.50,490916.50,42352640,10,true,true,OK,accept,true
sml,MLWorks,_environment.sml,9910,RNGLR,2660,2660,13421646.00,15542.00,8503296,10,true,true,OK,accept,true
sml,MLWorks,_environment.sml,9910,BRNGLR,2660,2660,10644271.00,75562.50,9977856,10,true,true,OK,accept,true
sml,MLWorks,_LRparser.sml,11370,Leo,2665,2665,28827979.00,255333.50,50724864,10,true,true,OK,accept,true
sml,MLWorks,_LRparser.sml,11370,GLL,2665,2665,29928666.50,86687.50,40599552,10,true,true,OK,accept,true
sml,MLWorks,_LRparser.sml,11370,RNGLR,2665,2665,21262479.00,62729.00,11304960,10,true,true,OK,accept,true
sml,MLWorks,_LRparser.sml,11370,BRNGLR,2665,2665,15923521.50,124438.00,12845056,10,true,true,OK,accept,true
sml,MLWorks,man-demo.sml,8248,Leo,2674,2674,32478396.00,39541.50,53690368,10,true,true,OK,accept,true
sml,MLWorks,man-demo.sml,8248,GLL,2674,2674,40145146.00,83333.00,47874048,10,true,true,OK,accept,true
sml,MLWorks,man-demo.sml,8248,RNGLR,2674,2674,36203333.00,95000.50,22069248,10,true,true,OK,accept,true
sml,MLWorks,man-demo.sml,8248,BRNGLR,2674,2674,27480208.50,80166.50,21610496,10,true,true,OK,accept,true
sml,MLWorks,_mklrtable.sml,9461,Leo,2679,2679,22358333.50,101082.50,47988736,10,true,true,OK,accept,true
sml,MLWorks,_mklrtable.sml,9461,GLL,2679,2679,22281854.50,155312.50,37240832,10,true,true,OK,accept,true
sml,MLWorks,_mklrtable.sml,9461,RNGLR,2679,2679,5240291.50,26167.00,4964352,10,true,true,OK,accept,true
sml,MLWorks,_mklrtable.sml,9461,BRNGLR,2679,2679,4992312.50,23875.00,6602752,10,true,true,OK,accept,true
sml,MLWorks,_environ.sml,10080,Leo,2679,2679,24346062.00,154167.00,48775168,10,true,true,OK,accept,true
sml,MLWorks,_environ.sml,10080,GLL,2679,2679,25439458.50,109729.00,39714816,10,true,true,OK,accept,true
sml,MLWorks,_environ.sml,10080,RNGLR,2679,2679,13115520.50,55187.50,9207808,10,true,true,OK,accept,true
sml,MLWorks,_environ.sml,10080,BRNGLR,2679,2679,10149062.00,21333.50,8994816,10,true,true,OK,accept,true
sml,MLWorks,pi_lex.sml,13486,Leo,2689,2689,21261229.00,104041.50,46563328,10,true,true,OK,accept,true
sml,MLWorks,pi_lex.sml,13486,GLL,2689,2689,20279562.50,83645.50,36110336,10,true,true,OK,accept,true
sml,MLWorks,pi_lex.sml,13486,RNGLR,2689,2689,4801083.50,28645.50,5308416,10,true,true,OK,accept,true
sml,MLWorks,pi_lex.sml,13486,BRNGLR,2689,2689,4482146.00,24771.00,6504448,10,true,true,OK,accept,true
sml,MLWorks,__object.sml,11567,Leo,2769,2769,23799208.00,65833.00,48627712,10,true,true,OK,accept,true
sml,MLWorks,__object.sml,11567,GLL,2769,2769,27574854.00,79896.00,41238528,10,true,true,OK,accept,true
sml,MLWorks,__object.sml,11567,RNGLR,2769,2769,10770229.50,34584.00,8421376,10,true,true,OK,accept,true
sml,MLWorks,__object.sml,11567,BRNGLR,2769,2769,8636000.50,47020.50,8568832,10,true,true,OK,accept,true
sml,MLWorks,graphics-demo.sml,8327,Leo,2772,2772,27541062.50,146062.50,50413568,10,true,true,OK,accept,true
sml,MLWorks,graphics-demo.sml,8327,GLL,2772,2772,22615687.00,99729.50,40206336,10,true,true,OK,accept,true
sml,MLWorks,graphics-demo.sml,8327,RNGLR,2772,2772,10069333.50,32812.50,7454720,10,true,true,OK,accept,true
sml,MLWorks,graphics-demo.sml,8327,BRNGLR,2772,2772,8282750.50,33083.50,9601024,10,true,true,OK,accept,true
sml,MLWorks,windows.sml,14096,Leo,2786,2786,25671104.00,113896.50,49496064,10,true,true,OK,accept,true
sml,MLWorks,windows.sml,14096,GLL,2786,2786,25662417.00,111938.00,40091648,10,true,true,OK,accept,true
sml,MLWorks,windows.sml,14096,RNGLR,2786,2786,14509417.00,43208.50,9732096,10,true,true,OK,accept,true
sml,MLWorks,windows.sml,14096,BRNGLR,2786,2786,11369625.00,45999.50,9601024,10,true,true,OK,accept,true
sml,MLWorks,main.sml,8446,Leo,2805,2805,25693729.00,95042.00,48660480,10,true,true,OK,accept,true
sml,MLWorks,main.sml,8446,GLL,2805,2805,25932209.00,354479.00,42303488,10,true,true,OK,accept,true
sml,MLWorks,main.sml,8446,RNGLR,2805,2805,7158520.50,6333.00,6930432,10,true,true,OK,accept,true
sml,MLWorks,main.sml,8446,BRNGLR,2805,2805,6514708.00,39667.00,7487488,10,true,true,OK,accept,true
sml,MLWorks,_bar_chart.sml,11433,Leo,2843,2843,26220458.50,188021.00,50855936,10,true,true,OK,accept,true
sml,MLWorks,_bar_chart.sml,11433,GLL,2843,2843,25700604.00,69396.00,40878080,10,true,true,OK,accept,true
sml,MLWorks,_bar_chart.sml,11433,RNGLR,2843,2843,8028667.00,26438.00,8077312,10,true,true,OK,accept,true
sml,MLWorks,_bar_chart.sml,11433,BRNGLR,2843,2843,7104896.00,29208.50,8994816,10,true,true,OK,accept,true
sml,MLWorks,equality.sml,8473,Leo,2847,2847,27777792.00,98958.00,52559872,10,true,true,OK,accept,true
sml,MLWorks,equality.sml,8473,GLL,2847,2847,27500083.50,148937.50,41254912,10,true,true,OK,accept,true
sml,MLWorks,equality.sml,8473,RNGLR,2847,2847,8618333.00,43916.50,8142848,10,true,true,OK,accept,true
sml,MLWorks,equality.sml,8473,BRNGLR,2847,2847,7510187.50,45187.00,9502720,10,true,true,OK,accept,true
sml,MLWorks,annotation.sml,12350,Leo,2855,2855,37472270.50,147083.50,55984128,10,true,true,OK,accept,true
sml,MLWorks,annotation.sml,12350,GLL,2855,2855,51776229.00,117750.00,48955392,10,true,true,OK,accept,true
sml,MLWorks,annotation.sml,12350,RNGLR,2855,2855,70800104.50,278812.50,27656192,10,true,true,OK,accept,true
sml,MLWorks,annotation.sml,12350,BRNGLR,2855,2855,50627166.50,98375.00,27574272,10,true,true,OK,accept,true
sml,MLWorks,_absyn.sml,11700,Leo,2915,2915,39299625.00,97520.50,41517056,10,true,true,OK,accept,true
sml,MLWorks,_absyn.sml,11700,GLL,2915,2915,23802729.00,285145.50,38387712,10,true,true,OK,accept,true
sml,MLWorks,_absyn.sml,11700,RNGLR,2915,2915,12456708.00,33437.00,8077312,10,true,true,OK,accept,true
sml,MLWorks,_absyn.sml,11700,BRNGLR,2915,2915,9964708.50,260000.50,8634368,10,true,true,OK,accept,true
sml,MLWorks,_lexgen.sml,11033,Leo,2936,2936,29539250.00,391000.00,51167232,10,true,true,OK,accept,true
sml,MLWorks,_lexgen.sml,11033,GLL,2936,2936,29937354.50,178875.00,41844736,10,true,true,OK,accept,true
sml,MLWorks,_lexgen.sml,11033,RNGLR,2936,2936,18532583.00,68542.00,11272192,10,true,true,OK,accept,true
sml,MLWorks,_lexgen.sml,11033,BRNGLR,2936,2936,14246395.50,53583.00,11239424,10,true,true,OK,accept,true
sml,MLWorks,_pervasives.sml,16925,Leo,2939,2939,34239104.50,226687.50,55525376,10,true,true,OK,accept,true
sml,MLWorks,_pervasives.sml,16925,GLL,2939,2939,27278333.00,133333.00,42237952,10,true,true,OK,accept,true
sml,MLWorks,_pervasives.sml,16925,RNGLR,2939,2939,5372958.50,35187.50,8372224,10,true,true,OK,accept,true
sml,MLWorks,_pervasives.sml,16925,BRNGLR,2939,2939,5115583.50,29458.50,7274496,10,true,true,OK,accept,true
sml,MLWorks,_inspector_values.sml,12557,Leo,2940,2940,26546770.50,84937.00,50069504,10,true,true,OK,accept,true
sml,MLWorks,_inspector_values.sml,12557,GLL,2940,2940,28027083.50,164583.50,38289408,10,true,true,OK,accept,true
sml,MLWorks,_inspector_values.sml,12557,RNGLR,2940,2940,15799416.50,102833.00,8847360,10,true,true,OK,accept,true
sml,MLWorks,_inspector_values.sml,12557,BRNGLR,2940,2940,12185084.00,52500.00,10141696,10,true,true,OK,accept,true
sml,MLWorks,_entry.sml,12321,Leo,2965,2965,29008229.50,177833.00,51724288,10,true,true,OK,accept,true
sml,MLWorks,_entry.sml,12321,GLL,2965,2965,28828500.00,219333.00,41828352,10,true,true,OK,accept,true
sml,MLWorks,_entry.sml,12321,RNGLR,2965,2965,14914458.50,81459.00,9125888,10,true,true,OK,accept,true
sml,MLWorks,_entry.sml,12321,BRNGLR,2965,2965,11647562.00,27041.00,11026432,10,true,true,OK,accept,true
sml,MLWorks,_mips_schedule.sml,11204,Leo,2986,2986,27895125.00,91333.00,51806208,10,true,true,OK,accept,true
sml,MLWorks,_mips_schedule.sml,11204,GLL,2986,2986,25733542.00,116458.50,41697280,10,true,true,OK,accept,true
sml,MLWorks,_mips_schedule.sml,11204,RNGLR,2986,2986,9484063.00,36479.50,8536064,10,true,true,OK,accept,true
sml,MLWorks,_mips_schedule.sml,11204,BRNGLR,2986,2986,8763688.00,32354.50,9109504,10,true,true,OK,accept,true
sml,MLWorks,_convert_ast.sml,11086,Leo,2998,2998,30092125.50,82937.50,51036160,10,true,true,OK,accept,true
sml,MLWorks,_convert_ast.sml,11086,GLL,2998,2998,22179646.00,51271.00,38830080,10,true,true,OK,accept,true
sml,MLWorks,_convert_ast.sml,11086,RNGLR,2998,2998,8824166.50,31291.50,5947392,10,true,true,OK,accept,true
sml,MLWorks,_convert_ast.sml,11086,BRNGLR,2998,2998,7361104.50,37146.00,7372800,10,true,true,OK,accept,true
sml,MLWorks,_i386perv.sml,15954,Leo,3018,3018,30396271.00,187250.00,53329920,10,true,true,OK,accept,true
sml,MLWorks,_i386perv.sml,15954,GLL,3018,3018,22147416.50,127583.50,42975232,10,true,true,OK,accept,true
sml,MLWorks,_i386perv.sml,15954,RNGLR,3018,3018,9346208.50,36312.50,9519104,10,true,true,OK,accept,true
sml,MLWorks,_i386perv.sml,15954,BRNGLR,3018,3018,9369958.50,21333.50,13271040,10,true,true,OK,accept,true
sml,MLWorks,lego_lex.sml,21207,Leo,3031,3031,25122229.50,115688.00,50085888,10,true,true,OK,accept,true
sml,MLWorks,lego_lex.sml,21207,GLL,3031,3031,25622646.00,44375.00,40812544,10,true,true,OK,accept,true
sml,MLWorks,lego_lex.sml,21207,RNGLR,3031,3031,6693042.00,23542.00,7700480,10,true,true,OK,accept,true
sml,MLWorks,lego_lex.sml,21207,BRNGLR,3031,3031,5912521.00,32375.50,7962624,10,true,true,OK,accept,true
sml,MLWorks,_machperv.sml,16116,Leo,3045,3045,27858312.50,80854.50,50921472,10,true,true,OK,accept,true
sml,MLWorks,_machperv.sml,16116,GLL,3045,3045,21139604.00,316645.50,43089920,10,true,true,OK,accept,true
sml,MLWorks,_machperv.sml,16116,RNGLR,3045,3045,3477500.00,19354.00,5472256,10,true,true,OK,accept,true
sml,MLWorks,_machperv.sml,16116,BRNGLR,3045,3045,3547354.50,17458.50,5799936,10,true,true,OK,accept,true
sml,MLWorks,config.sml,12215,Leo,3055,3055,465916729.50,1546729.50,123666432,10,true,true,OK,accept,true
sml,MLWorks,config.sml,12215,GLL,3055,3055,539733167.00,4643729.00,327221248,10,true,true,OK,accept,true
sml,MLWorks,config.sml,12215,RNGLR,3055,3055,0.00,0.00,0,0,false,false,TIMEOUT,accept,
sml,MLWorks,config.sml,12215,BRNGLR,3055,3055,0.00,0.00,0,0,false,false,TIMEOUT,accept,
sml,MLWorks,_realise.sml,13235,Leo,3067,3067,25525937.50,242271.00,50774016,10,true,true,OK,accept,true
sml,MLWorks,_realise.sml,13235,GLL,3067,3067,26252625.00,98125.00,40026112,10,true,true,OK,accept,true
sml,MLWorks,_realise.sml,13235,RNGLR,3067,3067,5787958.50,33958.00,6225920,10,true,true,OK,accept,true
sml,MLWorks,_realise.sml,13235,BRNGLR,3067,3067,5305584.00,18521.50,5931008,10,true,true,OK,accept,true
sml,MLWorks,incKBO.sml,10934,Leo,3074,3074,36687458.00,233187.50,57393152,10,true,true,OK,accept,true
sml,MLWorks,incKBO.sml,10934,GLL,3074,3074,42875187.50,219249.50,50708480,10,true,true,OK,accept,true
sml,MLWorks,incKBO.sml,10934,RNGLR,3074,3074,29033520.50,73208.00,16941056,10,true,true,OK,accept,true
sml,MLWorks,incKBO.sml,10934,BRNGLR,3074,3074,22555771.00,39645.50,17170432,10,true,true,OK,accept,true
sml,MLWorks,_mirprocedure.sml,11434,Leo,3107,3107,28214958.00,95354.00,51757056,10,true,true,OK,accept,true
sml,MLWorks,_mirprocedure.sml,11434,GLL,3107,3107,27325396.00,128646.00,41648128,10,true,true,OK,accept,true
sml,MLWorks,_mirprocedure.sml,11434,RNGLR,3107,3107,13476958.00,33187.00,9961472,10,true,true,OK,accept,true
sml,MLWorks,_mirprocedure.sml,11434,BRNGLR,3107,3107,10850708.00,85271.00,10993664,10,true,true,OK,accept,true
sml,MLWorks,eq_options.sml,13558,Leo,3108,3108,30275125.00,136187.50,54886400,10,true,true,OK,accept,true
sml,MLWorks,eq_options.sml,13558,GLL,3108,3108,27892145.50,106020.50,40894464,10,true,true,OK,accept,true
sml,MLWorks,eq_options.sml,13558,RNGLR,3108,3108,10770417.00,43000.00,9601024,10,true,true,OK,accept,true
sml,MLWorks,eq_options.sml,13558,BRNGLR,3108,3108,9069062.50,53562.50,11190272,10,true,true,OK,accept,true
sml,MLWorks,parser2.sml,10494,Leo,3109,3109,26510770.50,160021.00,50610176,10,true,true,OK,accept,true
sml,MLWorks,parser2.sml,10494,GLL,3109,3109,26874563.00,53917.00,40943616,10,true,true,OK,accept,true
sml,MLWorks,parser2.sml,10494,RNGLR,3109,3109,8844188.00,46874.50,8617984,10,true,true,OK,accept,true
sml,MLWorks,parser2.sml,10494,BRNGLR,3109,3109,7706604.00,40916.50,10027008,10,true,true,OK,accept,true
sml,MLWorks,_derived.sml,12079,Leo,3119,3119,32356791.50,90250.00,54444032,10,true,true,OK,accept,true
sml,MLWorks,_derived.sml,12079,GLL,3119,3119,38539812.50,124979.00,50364416,10,true,true,OK,accept,true
sml,MLWorks,_derived.sml,12079,RNGLR,3119,3119,24754145.50,176874.50,15024128,10,true,true,OK,accept,true
sml,MLWorks,_derived.sml,12079,BRNGLR,3119,3119,18785291.50,59000.00,15515648,10,true,true,OK,accept,true
sml,MLWorks,_debugger_utilities.sml,11813,Leo,3122,3122,29159562.00,408250.00,51838976,10,true,true,OK,accept,true
sml,MLWorks,_debugger_utilities.sml,11813,GLL,3122,3122,25476333.50,259313.00,40632320,10,true,true,OK,accept,true
sml,MLWorks,_debugger_utilities.sml,11813,RNGLR,3122,3122,7208646.00,26188.00,6242304,10,true,true,OK,accept,true
sml,MLWorks,_debugger_utilities.sml,11813,BRNGLR,3122,3122,6388604.00,31104.50,7143424,10,true,true,OK,accept,true
sml,MLWorks,_batch.sml,20649,Leo,3166,3166,24587396.00,50937.50,49528832,10,true,true,OK,accept,true
sml,MLWorks,_batch.sml,20649,GLL,3166,3166,23963500.00,80542.00,40747008,10,true,true,OK,accept,true
sml,MLWorks,_batch.sml,20649,RNGLR,3166,3166,5915500.00,31083.00,6782976,10,true,true,OK,accept,true
sml,MLWorks,_batch.sml,20649,BRNGLR,3166,3166,5458083.50,27000.00,7798784,10,true,true,OK,accept,true
sml,MLWorks,_absynprint.sml,12464,Leo,3232,3232,28138499.50,85416.00,52445184,10,true,true,OK,accept,true
sml,MLWorks,_absynprint.sml,12464,GLL,3232,3232,25002479.00,236270.50,42270720,10,true,true,OK,accept,true
sml,MLWorks,_absynprint.sml,12464,RNGLR,3232,3232,8421083.50,38917.00,8077312,10,true,true,OK,accept,true
sml,MLWorks,_absynprint.sml,12464,BRNGLR,3232,3232,7333417.00,29645.50,8437760,10,true,true,OK,accept,true
sml,MLWorks,_user_options.sml,18764,Leo,3238,3238,30034562.50,56729.00,53149696,10,true,true,OK,accept,true
sml,MLWorks,_user_options.sml,18764,GLL,3238,3238,29720896.00,137791.50,43270144,10,true,true,OK,accept,true
sml,MLWorks,_user_options.sml,18764,RNGLR,3238,3238,15500791.50,64500.00,11091968,10,true,true,OK,accept,true
sml,MLWorks,_user_options.sml,18764,BRNGLR,3238,3238,12021791.50,84770.50,12206080,10,true,true,OK,accept,true
sml,MLWorks,windows_gui.sml,19183,Leo,3239,3239,299421646.00,447479.00,163299328,10,true,true,OK,accept,true
sml,MLWorks,windows_gui.sml,19183,GLL,3239,3239,0.00,0.00,0,0,false,false,TIMEOUT,accept,
sml,MLWorks,windows_gui.sml,19183,RNGLR,3239,3239,0.00,0.00,0,0,false,false,TIMEOUT,accept,
sml,MLWorks,windows_gui.sml,19183,BRNGLR,3239,3239,0.00,0.00,0,0,false,false,TIMEOUT,accept,
sml,MLWorks,_compiler.sml,19257,Leo,3270,3270,36016250.50,134167.50,57196544,10,true,true,OK,accept,true
sml,MLWorks,_compiler.sml,19257,GLL,3270,3270,56226167.00,202166.50,70729728,10,true,true,OK,accept,true
sml,MLWorks,_compiler.sml,19257,RNGLR,3270,3270,27463395.50,55020.50,17235968,10,true,true,OK,accept,true
sml,MLWorks,_compiler.sml,19257,BRNGLR,3270,3270,20229896.00,43542.00,17776640,10,true,true,OK,accept,true
sml,MLWorks,_browser_tool.sml,15917,Leo,3279,3279,35728083.50,101937.50,57475072,10,true,true,OK,accept,true
sml,MLWorks,_browser_tool.sml,15917,GLL,3279,3279,51369604.00,531249.50,74006528,10,true,true,OK,accept,true
sml,MLWorks,_browser_tool.sml,15917,RNGLR,3279,3279,30177521.00,110500.00,20037632,10,true,true,OK,accept,true
sml,MLWorks,_browser_tool.sml,15917,BRNGLR,3279,3279,22435791.50,67875.50,19267584,10,true,true,OK,accept,true
sml,MLWorks,xm.sml,18998,Leo,3322,3322,37730687.50,111229.00,49102848,10,true,true,OK,accept,true
sml,MLWorks,xm.sml,18998,GLL,3322,3322,115297229.50,312458.50,124944384,10,true,true,OK,accept,true
sml,MLWorks,xm.sml,18998,RNGLR,3322,3322,62304854.00,113042.00,29540352,10,true,true,OK,accept,true
sml,MLWorks,xm.sml,18998,BRNGLR,3322,3322,45867895.50,140895.00,30425088,10,true,true,OK,accept,true
sml,MLWorks,_smallintset.sml,9655,Leo,3335,3335,32242791.50,311250.50,55721984,10,true,true,OK,accept,true
sml,MLWorks,_smallintset.sml,9655,GLL,3335,3335,35133833.50,98458.50,49053696,10,true,true,OK,accept,true
sml,MLWorks,_smallintset.sml,9655,RNGLR,3335,3335,19215875.00,63750.00,14499840,10,true,true,OK,accept,true
sml,MLWorks,_smallintset.sml,9655,BRNGLR,3335,3335,15100000.00,121708.00,14811136,10,true,true,OK,accept,true
sml,MLWorks,basic_types.sml,12469,Leo,3338,3338,101313479.50,569646.00,76054528,10,true,true,OK,accept,true
sml,MLWorks,basic_types.sml,12469,GLL,3338,3338,105132917.00,121374.50,113983488,10,true,true,OK,accept,true
sml,MLWorks,basic_types.sml,12469,RNGLR,3338,3338,218207937.50,193375.50,79413248,10,true,true,OK,accept,true
sml,MLWorks,basic_types.sml,12469,BRNGLR,3338,3338,157378437.00,258938.00,76136448,10,true,true,OK,accept,true
sml,MLWorks,__labelstrings.sml,18557,Leo,3347,3347,40437146.00,49604.50,61292544,10,true,true,OK,accept,true
sml,MLWorks,__labelstrings.sml,18557,GLL,3347,3347,45822958.50,115062.50,77070336,10,true,true,OK,accept,true
sml,MLWorks,__labelstrings.sml,18557,RNGLR,3347,3347,16262291.50,53645.00,14303232,10,true,true,OK,accept,true
sml,MLWorks,__labelstrings.sml,18557,BRNGLR,3347,3347,12697000.00,35812.50,14352384,10,true,true,OK,accept,true
sml,MLWorks,os_path.sml,13987,Leo,3360,3360,186013625.00,463791.50,80248832,10,true,true,OK,accept,true
sml,MLWorks,os_path.sml,13987,GLL,3360,3360,663164291.50,4846458.00,340787200,10,true,true,OK,accept,true
sml,MLWorks,os_path.sml,13987,RNGLR,3360,3360,0.00,0.00,0,0,false,false,TIMEOUT,accept,
sml,MLWorks,os_path.sml,13987,BRNGLR,3360,3360,0.00,0.00,0,0,false,false,TIMEOUT,accept,
sml,MLWorks,__os_prim_io.sml,11601,Leo,3374,3374,24391375.00,133333.50,50216960,10,true,true,OK,accept,true
sml,MLWorks,__os_prim_io.sml,11601,GLL,3374,3374,23193000.00,87812.00,39419904,10,true,true,OK,accept,true
sml,MLWorks,__os_prim_io.sml,11601,RNGLR,3374,3374,6226896.50,35958.00,6602752,10,true,true,OK,accept,true
sml,MLWorks,__os_prim_io.sml,11601,BRNGLR,3374,3374,5778354.00,34833.50,7503872,10,true,true,OK,accept,true
sml,MLWorks,yacc_lex.sml,34982,Leo,3390,3390,27870854.00,166104.50,51658752,10,true,true,OK,accept,true
sml,MLWorks,yacc_lex.sml,34982,GLL,3390,3390,31740437.50,95583.50,43712512,10,true,true,OK,accept,true
sml,MLWorks,yacc_lex.sml,34982,RNGLR,3390,3390,19174521.00,145604.00,13418496,10,true,true,OK,accept,true
sml,MLWorks,yacc_lex.sml,34982,BRNGLR,3390,3390,14680354.00,31396.00,14467072,10,true,true,OK,accept,true
sml,MLWorks,tetris.sml,12061,Leo,3400,3400,50990417.00,129708.00,62423040,10,true,true,OK,accept,true
sml,MLWorks,tetris.sml,12061,GLL,3400,3400,75623083.00,100500.00,87031808,10,true,true,OK,accept,true
sml,MLWorks,tetris.sml,12061,RNGLR,3400,3400,143832125.50,703563.00,39518208,10,true,true,OK,accept,true
sml,MLWorks,tetris.sml,12061,BRNGLR,3400,3400,105054917.00,153396.00,42450944,10,true,true,OK,accept,true
sml,MLWorks,string.sml,12188,Leo,3429,3429,59255083.50,69124.50,65404928,10,true,true,OK,accept,true
sml,MLWorks,string.sml,12188,GLL,3429,3429,86515000.00,212833.00,106020864,10,true,true,OK,accept,true
sml,MLWorks,string.sml,12188,RNGLR,3429,3429,207886687.50,591562.50,58818560,10,true,true,OK,accept,true
sml,MLWorks,string.sml,12188,BRNGLR,3429,3429,148805479.50,450229.00,57098240,10,true,true,OK,accept,true
sml,MLWorks,elf_lex.sml,44777,Leo,3588,3588,28329124.50,139604.50,51609600,10,true,true,OK,accept,true
sml,MLWorks,elf_lex.sml,44777,GLL,3588,3588,36363146.00,53083.50,48807936,10,true,true,OK,accept,true
sml,MLWorks,elf_lex.sml,44777,RNGLR,3588,3588,32592000.00,89458.00,20578304,10,true,true,OK,accept,true
sml,MLWorks,elf_lex.sml,44777,BRNGLR,3588,3588,24418562.50,41292.00,20922368,10,true,true,OK,accept,true
sml,MLWorks,_bignum.sml,12149,Leo,3667,3667,45149979.50,226312.50,62226432,10,true,true,OK,accept,true
sml,MLWorks,_bignum.sml,12149,GLL,3667,3667,54589313.00,138541.50,53936128,10,true,true,OK,accept,true
sml,MLWorks,_bignum.sml,12149,RNGLR,3667,3667,45393021.00,179375.00,23298048,10,true,true,OK,accept,true
sml,MLWorks,_bignum.sml,12149,BRNGLR,3667,3667,33256167.00,112687.50,24379392,10,true,true,OK,accept,true
sml,MLWorks,_interprint.sml,15862,Leo,3667,3667,36301833.00,177270.00,60112896,10,true,true,OK,accept,true
sml,MLWorks,_interprint.sml,15862,GLL,3667,3667,44054958.50,406645.50,67403776,10,true,true,OK,accept,true
sml,MLWorks,_interprint.sml,15862,RNGLR,3667,3667,10866291.50,61979.00,10387456,10,true,true,OK,accept,true
sml,MLWorks,_interprint.sml,15862,BRNGLR,3667,3667,9255938.00,58271.00,12042240,10,true,true,OK,accept,true
sml,MLWorks,_basis.sml,14847,Leo,3675,3675,48330583.50,108896.00,61718528,10,true,true,OK,accept,true
sml,MLWorks,_basis.sml,14847,GLL,3675,3675,68142729.00,164874.50,85393408,10,true,true,OK,accept,true
sml,MLWorks,_basis.sml,14847,RNGLR,3675,3675,93192458.00,772437.00,42041344,10,true,true,OK,accept,true
sml,MLWorks,_basis.sml,14847,BRNGLR,3675,3675,65704021.00,206187.50,39583744,10,true,true,OK,accept,true
sml,MLWorks,_mirprint.sml,16848,Leo,3689,3689,69785771.00,428791.50,67584000,10,true,true,OK,accept,true
sml,MLWorks,_mirprint.sml,16848,GLL,3689,3689,46601541.50,304228.50,53035008,10,true,true,OK,accept,true
sml,MLWorks,_mirprint.sml,16848,RNGLR,3689,3689,45060771.00,131312.50,24805376,10,true,true,OK,accept,true
sml,MLWorks,_mirprint.sml,16848,BRNGLR,3689,3689,32742250.00,133083.50,24903680,10,true,true,OK,accept,true
sml,MLWorks,_sparc_schedule.sml,15120,Leo,3694,3694,34715416.50,273417.00,56836096,10,true,true,OK,accept,true
sml,MLWorks,_sparc_schedule.sml,15120,GLL,3694,3694,33897604.00,149208.00,43466752,10,true,true,OK,accept,true
sml,MLWorks,_sparc_schedule.sml,15120,RNGLR,3694,3694,15465417.00,59500.00,12976128,10,true,true,OK,accept,true
sml,MLWorks,_sparc_schedule.sml,15120,BRNGLR,3694,3694,12159499.50,62020.00,13434880,10,true,true,OK,accept,true
sml,MLWorks,_utils.sml,9629,Leo,3716,3716,32243334.00,122604.00,56541184,10,true,true,OK,accept,true
sml,MLWorks,_utils.sml,9629,GLL,3716,3716,33024229.50,97479.00,43286528,10,true,true,OK,accept,true
sml,MLWorks,_utils.sml,9629,RNGLR,3716,3716,11252333.50,80687.50,10567680,10,true,true,OK,accept,true
sml,MLWorks,_utils.sml,9629,BRNGLR,3716,3716,9698063.00,366709.00,11780096,10,true,true,OK,accept,true
sml,MLWorks,_debugger_window.sml,17165,Leo,3738,3738,42741604.00,334250.50,61095936,10,true,true,OK,accept,true
sml,MLWorks,_debugger_window.sml,17165,GLL,3738,3738,69763583.00,196791.50,77824000,10,true,true,OK,accept,true
sml,MLWorks,_debugger_window.sml,17165,RNGLR,3738,3738,90667583.50,130458.50,38846464,10,true,true,OK,accept,true
sml,MLWorks,_debugger_window.sml,17165,BRNGLR,3738,3738,67618563.00,232166.50,38207488,10,true,true,OK,accept,true
sml,MLWorks,ENFFIn.sml,12200,Leo,3790,3790,34195104.00,115437.50,59146240,10,true,true,OK,accept,true
sml,MLWorks,ENFFIn.sml,12200,GLL,3790,3790,41727687.50,109312.50,50888704,10,true,true,OK,accept,true
sml,MLWorks,ENFFIn.sml,12200,RNGLR,3790,3790,19039521.00,37708.00,13910016,10,true,true,OK,accept,true
sml,MLWorks,ENFFIn.sml,12200,BRNGLR,3790,3790,15023979.00,38229.50,14237696,10,true,true,OK,accept,true
sml,MLWorks,knuth-bendix.sml,12107,Leo,3795,3795,100779437.50,93020.50,37076992,10,false,false,PARSE_FAIL,accept,false
sml,MLWorks,knuth-bendix.sml,12107,GLL,3795,3795,634888354.50,2641104.00,325484544,10,false,false,PARSE_FAIL,accept,false
sml,MLWorks,knuth-bendix.sml,12107,RNGLR,3795,3795,0.00,0.00,0,0,false,false,TIMEOUT,accept,
sml,MLWorks,knuth-bendix.sml,12107,BRNGLR,3795,3795,0.00,0.00,0,0,false,false,TIMEOUT,accept,
sml,MLWorks,_registerpack.sml,14781,Leo,3798,3798,31669791.50,120291.50,56213504,10,true,true,OK,accept,true
sml,MLWorks,_registerpack.sml,14781,GLL,3798,3798,32224812.50,96667.00,43057152,10,true,true,OK,accept,true
sml,MLWorks,_registerpack.sml,14781,RNGLR,3798,3798,9113625.00,65396.00,8912896,10,true,true,OK,accept,true
sml,MLWorks,_registerpack.sml,14781,BRNGLR,3798,3798,8026146.00,37125.00,10338304,10,true,true,OK,accept,true
sml,MLWorks,_incremental.sml,19189,Leo,3801,3801,50574021.00,160854.00,62980096,10,true,true,OK,accept,true
sml,MLWorks,_incremental.sml,19189,GLL,3801,3801,103186354.00,136062.50,87490560,10,true,true,OK,accept,true
sml,MLWorks,_incremental.sml,19189,RNGLR,3801,3801,126785062.50,302145.50,50446336,10,true,true,OK,accept,true
sml,MLWorks,_incremental.sml,19189,BRNGLR,3801,3801,91331396.00,358896.00,49201152,10,true,true,OK,accept,true
sml,MLWorks,_profile_tool.sml,17337,Leo,3822,3822,40575708.00,203770.50,60932096,10,true,true,OK,accept,true
sml,MLWorks,_profile_tool.sml,17337,GLL,3822,3822,47312479.00,174625.00,53870592,10,true,true,OK,accept,true
sml,MLWorks,_profile_tool.sml,17337,RNGLR,3822,3822,39749979.00,73688.00,20267008,10,true,true,OK,accept,true
sml,MLWorks,_profile_tool.sml,17337,BRNGLR,3822,3822,29899020.50,111770.50,20365312,10,true,true,OK,accept,true
sml,MLWorks,_lambdaprint.sml,12030,Leo,3853,3853,37495729.50,208979.00,59834368,10,true,true,OK,accept,true
sml,MLWorks,_lambdaprint.sml,12030,GLL,3853,3853,35196458.50,120978.50,44482560,10,true,true,OK,accept,true
sml,MLWorks,_lambdaprint.sml,12030,RNGLR,3853,3853,12415770.50,67895.00,12484608,10,true,true,OK,accept,true
sml,MLWorks,_lambdaprint.sml,12030,BRNGLR,3853,3853,10970312.50,54167.00,13271040,10,true,true,OK,accept,true
sml,MLWorks,substring.sml,13390,Leo,3936,3936,125183937.50,221833.00,76939264,10,true,true,OK,accept,true
sml,MLWorks,substring.sml,13390,GLL,3936,3936,315786250.00,2104041.00,177143808,10,true,true,OK,accept,true
sml,MLWorks,substring.sml,13390,RNGLR,3936,3936,0.00,0.00,0,0,false,false,TIMEOUT,accept,
sml,MLWorks,substring.sml,13390,BRNGLR,3936,3936,0.00,0.00,0,0,false,false,TIMEOUT,accept,
sml,MLWorks,_intb23tree.sml,9549,Leo,4028,4028,44977646.00,202416.50,63684608,10,true,true,OK,accept,true
sml,MLWorks,_intb23tree.sml,9549,GLL,4028,4028,50950104.00,120979.50,77905920,10,true,true,OK,accept,true
sml,MLWorks,_intb23tree.sml,9549,RNGLR,4028,4028,31250166.50,117687.50,19185664,10,true,true,OK,accept,true
sml,MLWorks,_intb23tree.sml,9549,BRNGLR,4028,4028,23246187.50,37854.00,19136512,10,true,true,OK,accept,true
sml,MLWorks,_lexrules.sml,14785,Leo,4033,4033,43607354.00,193042.00,61980672,10,true,true,OK,accept,true
sml,MLWorks,_lexrules.sml,14785,GLL,4033,4033,41788791.50,68291.50,49741824,10,true,true,OK,accept,true
sml,MLWorks,_lexrules.sml,14785,RNGLR,4033,4033,30761416.50,74729.00,16859136,10,true,true,OK,accept,true
sml,MLWorks,_lexrules.sml,14785,BRNGLR,4033,4033,23085625.00,80208.00,17055744,10,true,true,OK,accept,true
sml,MLWorks,_i386_schedule.sml,16834,Leo,4178,4178,35091792.00,241499.50,58736640,10,true,true,OK,accept,true
sml,MLWorks,_i386_schedule.sml,16834,GLL,4178,4178,30743166.50,83729.00,42614784,10,true,true,OK,accept,true
sml,MLWorks,_i386_schedule.sml,16834,RNGLR,4178,4178,7884708.50,35688.00,10469376,10,true,true,OK,accept,true
sml,MLWorks,_i386_schedule.sml,16834,BRNGLR,4178,4178,7229791.50,42416.50,10485760,10,true,true,OK,accept,true
sml,MLWorks,Formula.sml,13303,Leo,4214,4214,116837750.00,104187.00,112263168,10,true,true,OK,accept,true
sml,MLWorks,Formula.sml,13303,GLL,4214,4214,98763208.50,309166.50,116031488,10,true,true,OK,accept,true
sml,MLWorks,Formula.sml,13303,RNGLR,4214,4214,145102541.50,790687.50,59211776,10,true,true,OK,accept,true
sml,MLWorks,Formula.sml,13303,BRNGLR,4214,4214,103730042.00,170645.50,58458112,10,true,true,OK,accept,true
sml,MLWorks,_i386_object_output.sml,22098,Leo,4223,4223,51042167.00,440437.50,65765376,10,true,true,OK,accept,true
sml,MLWorks,_i386_object_output.sml,22098,GLL,4223,4223,54080125.00,134916.50,74858496,10,true,true,OK,accept,true
sml,MLWorks,_i386_object_output.sml,22098,RNGLR,4223,4223,39764562.50,90187.50,23707648,10,true,true,OK,accept,true
sml,MLWorks,_i386_object_output.sml,22098,BRNGLR,4223,4223,30122500.00,479146.00,23871488,10,true,true,OK,accept,true
sml,MLWorks,arrays.sml,12143,Leo,4301,4301,126425625.00,233062.50,84082688,10,true,true,OK,accept,true
sml,MLWorks,arrays.sml,12143,GLL,4301,4301,418436228.50,1027124.00,237568000,10,true,true,OK,accept,true
sml,MLWorks,arrays.sml,12143,RNGLR,4301,4301,0.00,0.00,0,0,false,false,TIMEOUT,accept,
sml,MLWorks,arrays.sml,12143,BRNGLR,4301,4301,0.00,0.00,0,0,false,false,TIMEOUT,accept,
sml,MLWorks,_inspector_tool.sml,20833,Leo,4377,4377,50396562.50,142208.00,68157440,10,true,true,OK,accept,true
sml,MLWorks,_inspector_tool.sml,20833,GLL,4377,4377,82931625.00,338187.50,83312640,10,true,true,OK,accept,true
sml,MLWorks,_inspector_tool.sml,20833,RNGLR,4377,4377,69537000.00,263666.50,38748160,10,true,true,OK,accept,true
sml,MLWorks,_inspector_tool.sml,20833,BRNGLR,4377,4377,51751666.50,191979.00,37322752,10,true,true,OK,accept,true
sml,MLWorks,_stream_io.sml,15127,Leo,4452,4452,48039875.00,368541.50,62668800,10,true,true,OK,accept,true
sml,MLWorks,_stream_io.sml,15127,GLL,4452,4452,52696958.00,292604.00,54296576,10,true,true,OK,accept,true
sml,MLWorks,_stream_io.sml,15127,RNGLR,4452,4452,47722000.00,125375.50,25133056,10,true,true,OK,accept,true
sml,MLWorks,_stream_io.sml,15127,BRNGLR,4452,4452,34873500.00,137396.00,24788992,10,true,true,OK,accept,true
sml,MLWorks,_windows_gui.sml,27068,Leo,4482,4482,893107999.50,797625.00,172982272,10,true,true,OK,accept,true
sml,MLWorks,_windows_gui.sml,27068,GLL,4482,4482,0.00,0.00,0,0,false,false,TIMEOUT,accept,
sml,MLWorks,_windows_gui.sml,27068,RNGLR,4482,4482,0.00,0.00,0,0,false,false,TIMEOUT,accept,
sml,MLWorks,_windows_gui.sml,27068,BRNGLR,4482,4482,0.00,0.00,0,0,false,false,TIMEOUT,accept,
sml,MLWorks,__builtin_library.sml,20168,Leo,4486,4486,294045624.50,754874.50,148373504,10,true,true,OK,accept,true
sml,MLWorks,__builtin_library.sml,20168,GLL,4486,4486,0.00,0.00,0,0,false,false,TIMEOUT,accept,
sml,MLWorks,__builtin_library.sml,20168,RNGLR,4486,4486,0.00,0.00,0,0,false,false,TIMEOUT,accept,
sml,MLWorks,__builtin_library.sml,20168,BRNGLR,4486,4486,0.00,0.00,0,0,false,false,TIMEOUT,accept,
sml,MLWorks,real_arrays.sml,13012,Leo,4490,4490,131272499.50,339188.00,84934656,10,true,true,OK,accept,true
sml,MLWorks,real_arrays.sml,13012,GLL,4490,4490,440778396.00,2913396.00,308002816,10,true,true,OK,accept,true
sml,MLWorks,real_arrays.sml,13012,RNGLR,4490,4490,0.00,0.00,0,0,false,false,TIMEOUT,accept,
sml,MLWorks,real_arrays.sml,13012,BRNGLR,4490,4490,0.00,0.00,0,0,false,false,TIMEOUT,accept,
sml,MLWorks,_proj_file.sml,23278,Leo,4656,4656,93247958.50,435729.00,74350592,10,true,true,OK,accept,true
sml,MLWorks,_proj_file.sml,23278,GLL,4656,4656,208579979.00,434124.50,161546240,10,true,true,OK,accept,true
sml,MLWorks,_proj_file.sml,23278,RNGLR,4656,4656,502031604.00,508812.50,124141568,10,true,true,OK,accept,true
sml,MLWorks,_proj_file.sml,23278,BRNGLR,4656,4656,378969104.00,1017833.00,120406016,10,true,true,OK,accept,true
sml,MLWorks,_registerallocator.sml,17430,Leo,4662,4662,40634667.00,533333.50,65110016,10,true,true,OK,accept,true
sml,MLWorks,_registerallocator.sml,17430,GLL,4662,4662,40640791.50,429520.50,47251456,10,true,true,OK,accept,true
sml,MLWorks,_registerallocator.sml,17430,RNGLR,4662,4662,8367229.50,37021.00,10764288,10,true,true,OK,accept,true
sml,MLWorks,_registerallocator.sml,17430,BRNGLR,4662,4662,7770479.00,8083.50,11698176,10,true,true,OK,accept,true
sml,MLWorks,_newtrace.sml,21782,Leo,4741,4741,61688833.50,73167.00,72417280,10,true,true,OK,accept,true
sml,MLWorks,_newtrace.sml,21782,GLL,4741,4741,108835291.50,559603.50,112410624,10,true,true,OK,accept,true
sml,MLWorks,_newtrace.sml,21782,RNGLR,4741,4741,184079521.00,562604.50,66355200,10,true,true,OK,accept,true
sml,MLWorks,_newtrace.sml,21782,BRNGLR,4741,4741,133552396.00,338312.50,64061440,10,true,true,OK,accept,true
sml,MLWorks,ind_relations.sml,14869,Leo,4783,4783,83902333.50,184458.00,103989248,10,true,true,OK,accept,true
sml,MLWorks,ind_relations.sml,14869,GLL,4783,4783,81542770.50,155812.50,85737472,10,true,true,OK,accept,true
sml,MLWorks,ind_relations.sml,14869,RNGLR,4783,4783,67075666.50,247708.50,32456704,10,true,true,OK,accept,true
sml,MLWorks,ind_relations.sml,14869,BRNGLR,4783,4783,48674750.00,107500.00,32145408,10,true,true,OK,accept,true
sml,MLWorks,elf_grm.sml,21081,Leo,4913,4913,43404312.50,91875.50,67616768,10,true,true,OK,accept,true
sml,MLWorks,elf_grm.sml,21081,GLL,4913,4913,48330250.50,333958.00,76955648,10,true,true,OK,accept,true
sml,MLWorks,elf_grm.sml,21081,RNGLR,4913,4913,18119312.50,96000.00,14155776,10,true,true,OK,accept,true
sml,MLWorks,elf_grm.sml,21081,BRNGLR,4913,4913,14795396.00,52250.00,16138240,10,true,true,OK,accept,true
sml,MLWorks,c_item.sml,18573,Leo,4946,4946,73207812.50,111312.50,103251968,10,true,true,OK,accept,true
sml,MLWorks,c_item.sml,18573,GLL,4946,4946,85105958.50,265458.50,88014848,10,true,true,OK,accept,true
sml,MLWorks,c_item.sml,18573,RNGLR,4946,4946,114772187.50,316521.00,41385984,10,true,true,OK,accept,true
sml,MLWorks,c_item.sml,18573,BRNGLR,4946,4946,82709271.00,119458.50,43352064,10,true,true,OK,accept,true
sml,MLWorks,_yacc.sml,20259,Leo,5011,5011,47803958.50,574708.50,66568192,10,true,true,OK,accept,true
sml,MLWorks,_yacc.sml,20259,GLL,5011,5011,48195937.00,429042.00,78233600,10,true,true,OK,accept,true
sml,MLWorks,_yacc.sml,20259,RNGLR,5011,5011,20665250.00,93396.00,16596992,10,true,true,OK,accept,true
sml,MLWorks,_yacc.sml,20259,BRNGLR,5011,5011,16809354.50,64354.50,17825792,10,true,true,OK,accept,true
sml,MLWorks,_b23tree.sml,11800,Leo,5160,5160,60898353.50,656228.00,98320384,10,true,true,OK,accept,true
sml,MLWorks,_b23tree.sml,11800,GLL,5160,5160,67834500.50,363979.50,87277568,10,true,true,OK,accept,true
sml,MLWorks,_b23tree.sml,11800,RNGLR,5160,5160,48214188.00,210250.00,26853376,10,true,true,OK,accept,true
sml,MLWorks,_b23tree.sml,11800,BRNGLR,5160,5160,35499417.00,82770.50,26574848,10,true,true,OK,accept,true
sml,MLWorks,_arithmetic.sml,13611,Leo,5202,5202,53426396.00,40063.00,96501760,10,true,true,OK,accept,true
sml,MLWorks,_arithmetic.sml,13611,GLL,5202,5202,46661729.00,248874.50,70909952,10,true,true,OK,accept,true
sml,MLWorks,_arithmetic.sml,13611,RNGLR,5202,5202,9066895.50,44500.50,10846208,10,true,true,OK,accept,true
sml,MLWorks,_arithmetic.sml,13611,BRNGLR,5202,5202,8403416.00,47416.00,12582912,10,true,true,OK,accept,true
sml,MLWorks,_gui_utils.sml,27083,Leo,5231,5231,54856791.50,258020.50,98041856,10,true,true,OK,accept,true
sml,MLWorks,_gui_utils.sml,27083,GLL,5231,5231,59591125.00,312854.00,84836352,10,true,true,OK,accept,true
sml,MLWorks,_gui_utils.sml,27083,RNGLR,5231,5231,22274542.00,116395.50,16695296,10,true,true,OK,accept,true
sml,MLWorks,_gui_utils.sml,27083,BRNGLR,5231,5231,18193041.50,16229.50,19677184,10,true,true,OK,accept,true
sml,MLWorks,_unify.sml,17920,Leo,5232,5232,50090229.50,382958.50,94126080,10,true,true,OK,accept,true
sml,MLWorks,_unify.sml,17920,GLL,5232,5232,43696166.50,192375.00,70074368,10,true,true,OK,accept,true
sml,MLWorks,_unify.sml,17920,RNGLR,5232,5232,10346458.50,39374.50,11321344,10,true,true,OK,accept,true
sml,MLWorks,_unify.sml,17920,BRNGLR,5232,5232,9734604.00,83041.50,12894208,10,true,true,OK,accept,true
sml,MLWorks,_registercolourer.sml,21276,Leo,5283,5283,52920146.00,130125.50,94928896,10,true,true,OK,accept,true
sml,MLWorks,_registercolourer.sml,21276,GLL,5283,5283,52141083.50,448604.50,77414400,10,true,true,OK,accept,true
sml,MLWorks,_registercolourer.sml,21276,RNGLR,5283,5283,25116624.50,90604.50,18169856,10,true,true,OK,accept,true
sml,MLWorks,_registercolourer.sml,21276,BRNGLR,5283,5283,19806792.00,69521.50,18661376,10,true,true,OK,accept,true
sml,MLWorks,_scheme.sml,22389,Leo,5415,5415,57718916.50,203770.50,97681408,10,true,true,OK,accept,true
sml,MLWorks,_scheme.sml,22389,GLL,5415,5415,51253312.50,224083.50,80297984,10,true,true,OK,accept,true
sml,MLWorks,_scheme.sml,22389,RNGLR,5415,5415,19898625.00,71563.00,15499264,10,true,true,OK,accept,true
sml,MLWorks,_scheme.sml,22389,BRNGLR,5415,5415,16122750.00,53500.50,16023552,10,true,true,OK,accept,true
sml,MLWorks,_assemblies.sml,22110,Leo,5494,5494,85503667.00,100145.50,107790336,10,true,true,OK,accept,true
sml,MLWorks,_assemblies.sml,22110,GLL,5494,5494,153343541.50,259521.00,127221760,10,true,true,OK,accept,true
sml,MLWorks,_assemblies.sml,22110,RNGLR,5494,5494,273294208.50,606333.50,100335616,10,true,true,OK,accept,true
sml,MLWorks,_assemblies.sml,22110,BRNGLR,5494,5494,197982166.50,264332.50,97501184,10,true,true,OK,accept,true
sml,MLWorks,widget_tree.sml,22008,Leo,5534,5534,89452104.50,177125.50,111837184,10,true,true,OK,accept,true
sml,MLWorks,widget_tree.sml,22008,GLL,5534,5534,142496167.00,445083.50,116572160,10,true,true,OK,accept,true
sml,MLWorks,widget_tree.sml,22008,RNGLR,5534,5534,310777416.50,1640958.50,70713344,10,true,true,OK,accept,true
sml,MLWorks,widget_tree.sml,22008,BRNGLR,5534,5534,262679021.00,1007770.50,87179264,10,true,true,OK,accept,true
sml,MLWorks,_LRbasics.sml,19790,Leo,5898,5898,80260562.00,1079333.00,114589696,10,true,true,OK,accept,true
sml,MLWorks,_LRbasics.sml,19790,GLL,5898,5898,72890645.50,564771.00,91406336,10,true,true,OK,accept,true
sml,MLWorks,_LRbasics.sml,19790,RNGLR,5898,5898,18826542.00,22584.00,21544960,10,true,true,OK,accept,true
sml,MLWorks,_LRbasics.sml,19790,BRNGLR,5898,5898,16576375.00,57354.50,23707648,10,true,true,OK,accept,true
sml,MLWorks,_debugger_print.sml,23025,Leo,6161,6161,62417312.50,402416.50,104103936,10,true,true,OK,accept,true
sml,MLWorks,_debugger_print.sml,23025,GLL,6161,6161,57659312.50,462437.50,84819968,10,true,true,OK,accept,true
sml,MLWorks,_debugger_print.sml,23025,RNGLR,6161,6161,15016374.50,87750.00,16941056,10,true,true,OK,accept,true
sml,MLWorks,_debugger_print.sml,23025,BRNGLR,6161,6161,13675521.00,21542.00,19103744,10,true,true,OK,accept,true
sml,MLWorks,_graph_widget.sml,24539,Leo,6234,6234,66055833.00,112416.50,106266624,10,true,true,OK,accept,true
sml,MLWorks,_graph_widget.sml,24539,GLL,6234,6234,72430062.50,108625.00,90488832,10,true,true,OK,accept,true
sml,MLWorks,_graph_widget.sml,24539,RNGLR,6234,6234,45369666.50,115083.50,28311552,10,true,true,OK,accept,true
sml,MLWorks,_graph_widget.sml,24539,BRNGLR,6234,6234,34965978.50,207145.50,29999104,10,true,true,OK,accept,true
sml,MLWorks,_sparc_assembly.sml,26781,Leo,6283,6283,120808000.50,804480.00,123240448,10,true,true,OK,accept,true
sml,MLWorks,_sparc_assembly.sml,26781,GLL,6283,6283,86902687.50,216770.50,90341376,10,true,true,OK,accept,true
sml,MLWorks,_sparc_assembly.sml,26781,RNGLR,6283,6283,86930271.00,177250.50,42893312,10,true,true,OK,accept,true
sml,MLWorks,_sparc_assembly.sml,26781,BRNGLR,6283,6283,62869417.00,310188.00,41336832,10,true,true,OK,accept,true
sml,MLWorks,_value_printer.sml,27975,Leo,6365,6365,62829166.00,158604.00,104398848,10,true,true,OK,accept,true
sml,MLWorks,_value_printer.sml,27975,GLL,6365,6365,63579604.00,545021.00,86048768,10,true,true,OK,accept,true
sml,MLWorks,_value_printer.sml,27975,RNGLR,6365,6365,33970875.00,26187.50,23789568,10,true,true,OK,accept,true
sml,MLWorks,_value_printer.sml,27975,BRNGLR,6365,6365,26577583.50,122187.00,26804224,10,true,true,OK,accept,true
sml,MLWorks,_simple.sml,22523,Leo,6619,6619,100542083.00,270604.50,126631936,10,true,true,OK,accept,true
sml,MLWorks,_simple.sml,22523,GLL,6619,6619,194954854.00,1265729.00,221200384,10,true,true,OK,accept,true
sml,MLWorks,_simple.sml,22523,RNGLR,6619,6619,308905125.00,532541.50,113950720,10,true,true,OK,accept,true
sml,MLWorks,_simple.sml,22523,BRNGLR,6619,6619,228051291.50,693687.50,109379584,10,true,true,OK,accept,true
sml,MLWorks,_mips_assembly.sml,29496,Leo,6789,6789,113610062.50,144083.00,123961344,10,true,true,OK,accept,true
sml,MLWorks,_mips_assembly.sml,29496,GLL,6789,6789,86178167.00,321583.50,93110272,10,true,true,OK,accept,true
sml,MLWorks,_mips_assembly.sml,29496,RNGLR,6789,6789,76801146.00,130541.00,40337408,10,true,true,OK,accept,true
sml,MLWorks,_mips_assembly.sml,29496,BRNGLR,6789,6789,56072042.00,86062.50,40714240,10,true,true,OK,accept,true
sml,MLWorks,_interpreter.sml,20919,Leo,6855,6855,78283791.50,200937.00,113098752,10,true,true,OK,accept,true
sml,MLWorks,_interpreter.sml,20919,GLL,6855,6855,69837812.50,375583.00,92766208,10,true,true,OK,accept,true
sml,MLWorks,_interpreter.sml,20919,RNGLR,6855,6855,26512917.00,174771.00,19480576,10,true,true,OK,accept,true
sml,MLWorks,_interpreter.sml,20919,BRNGLR,6855,6855,21437354.50,64542.00,22593536,10,true,true,OK,accept,true
sml,MLWorks,__mlworks_c_interface.sml,27515,Leo,6873,6873,186107708.50,892125.00,164642816,10,true,true,OK,accept,true
sml,MLWorks,__mlworks_c_interface.sml,27515,GLL,6873,6873,202306208.50,1223791.00,188432384,10,true,true,OK,accept,true
sml,MLWorks,__mlworks_c_interface.sml,27515,RNGLR,6873,6873,221866000.00,352333.00,104775680,10,true,true,OK,accept,true
sml,MLWorks,__mlworks_c_interface.sml,27515,BRNGLR,6873,6873,159626479.00,347833.00,106594304,10,true,true,OK,accept,true
sml,MLWorks,_toplevel.sml,35925,Leo,6908,6908,91013292.00,348604.00,124305408,10,true,true,OK,accept,true
sml,MLWorks,_toplevel.sml,35925,GLL,6908,6908,144017750.50,403146.00,143818752,10,true,true,OK,accept,true
sml,MLWorks,_toplevel.sml,35925,RNGLR,6908,6908,84212417.00,238063.00,51838976,10,true,true,OK,accept,true
sml,MLWorks,_toplevel.sml,35925,BRNGLR,6908,6908,61008917.00,90250.50,50839552,10,true,true,OK,accept,true
sml,MLWorks,_simpleutils.sml,24386,Leo,6972,6972,93588750.00,690291.50,121405440,10,true,true,OK,accept,true
sml,MLWorks,_simpleutils.sml,24386,GLL,6972,6972,74977583.00,117666.50,91701248,10,true,true,OK,accept,true
sml,MLWorks,_simpleutils.sml,24386,RNGLR,6972,6972,38315166.50,267624.50,26148864,10,true,true,OK,accept,true
sml,MLWorks,_simpleutils.sml,24386,BRNGLR,6972,6972,36543312.00,211458.50,34455552,10,true,true,OK,accept,true
sml,MLWorks,__c_object.sml,30796,Leo,7024,7024,182400937.50,478625.00,133775360,10,true,true,OK,accept,true
sml,MLWorks,__c_object.sml,30796,GLL,7024,7024,449640166.50,2408124.50,337920000,10,true,true,OK,accept,true
sml,MLWorks,__c_object.sml,30796,RNGLR,7024,7024,0.00,0.00,0,0,false,false,TIMEOUT,accept,
sml,MLWorks,__c_object.sml,30796,BRNGLR,7024,7024,901599395.50,3157521.00,293502976,10,true,true,OK,accept,true
sml,MLWorks,_core_rules.sml,32321,Leo,7335,7335,76341083.00,278020.50,115376128,10,true,true,OK,accept,true
sml,MLWorks,_core_rules.sml,32321,GLL,7335,7335,76139729.50,468333.00,94535680,10,true,true,OK,accept,true
sml,MLWorks,_core_rules.sml,32321,RNGLR,7335,7335,16131604.00,58500.00,17956864,10,true,true,OK,accept,true
sml,MLWorks,_core_rules.sml,32321,BRNGLR,7335,7335,14445583.50,106562.50,21479424,10,true,true,OK,accept,true
sml,MLWorks,_mirexpr.sml,27689,Leo,7399,7399,86605000.00,411250.00,118374400,10,true,true,OK,accept,true
sml,MLWorks,_mirexpr.sml,27689,GLL,7399,7399,73124042.00,193541.00,94961664,10,true,true,OK,accept,true
sml,MLWorks,_mirexpr.sml,27689,RNGLR,7399,7399,30548333.50,33062.50,22806528,10,true,true,OK,accept,true
sml,MLWorks,_mirexpr.sml,27689,BRNGLR,7399,7399,24336646.00,67458.50,26148864,10,true,true,OK,accept,true
sml,MLWorks,_listener.sml,36796,Leo,7871,7871,108467041.50,306979.50,133480448,10,true,true,OK,accept,true
sml,MLWorks,_listener.sml,36796,GLL,7871,7871,199668208.00,238084.00,205160448,10,true,true,OK,accept,true
sml,MLWorks,_listener.sml,36796,RNGLR,7871,7871,339766104.00,475604.00,116310016,10,true,true,OK,accept,true
sml,MLWorks,_listener.sml,36796,BRNGLR,7871,7871,267089708.00,1976166.50,111165440,10,true,true,OK,accept,true
sml,MLWorks,boyer.sml,22171,Leo,7933,7933,26343646.00,99750.00,40042496,10,false,false,PARSE_FAIL,accept,false
sml,MLWorks,boyer.sml,22171,GLL,7933,7933,62727854.00,344687.50,85540864,10,false,false,PARSE_FAIL,accept,false
sml,MLWorks,boyer.sml,22171,RNGLR,7933,7933,14752937.50,65541.50,17350656,10,false,false,PARSE_FAIL,accept,false
sml,MLWorks,boyer.sml,22171,BRNGLR,7933,7933,11849250.00,52979.50,18104320,10,false,false,PARSE_FAIL,accept,false
sml,MLWorks,_shell_utils.sml,38162,Leo,8046,8046,125583896.00,165229.00,141819904,10,true,true,OK,accept,true
sml,MLWorks,_shell_utils.sml,38162,GLL,8046,8046,236641375.00,1223124.50,210599936,10,true,true,OK,accept,true
sml,MLWorks,_shell_utils.sml,38162,RNGLR,8046,8046,259596625.00,1315562.50,108806144,10,true,true,OK,accept,true
sml,MLWorks,_shell_utils.sml,38162,BRNGLR,8046,8046,188651791.50,1134104.50,104579072,10,true,true,OK,accept,true
sml,MLWorks,_yacc_grm.sml,33131,Leo,8122,8122,78011292.00,395000.00,119832576,10,true,true,OK,accept,true
sml,MLWorks,_yacc_grm.sml,33131,GLL,8122,8122,80354583.00,488687.50,93388800,10,true,true,OK,accept,true
sml,MLWorks,_yacc_grm.sml,33131,RNGLR,8122,8122,39655250.00,183291.50,30720000,10,true,true,OK,accept,true
sml,MLWorks,_yacc_grm.sml,33131,BRNGLR,8122,8122,30966271.00,74083.50,32440320,10,true,true,OK,accept,true
sml,MLWorks,_stub_gen.sml,35339,Leo,8209,8209,100366667.00,439792.00,131219456,10,true,true,OK,accept,true
sml,MLWorks,_stub_gen.sml,35339,GLL,8209,8209,97334250.00,733916.00,104972288,10,true,true,OK,accept,true
sml,MLWorks,_stub_gen.sml,35339,RNGLR,8209,8209,38560229.00,88896.00,32276480,10,true,true,OK,accept,true
sml,MLWorks,_stub_gen.sml,35339,BRNGLR,8209,8209,31525937.50,33792.00,33554432,10,true,true,OK,accept,true
sml,MLWorks,__lexgen.sml,30951,Leo,8682,8682,101358250.00,277708.00,130449408,10,true,true,OK,accept,true
sml,MLWorks,__lexgen.sml,30951,GLL,8682,8682,145932770.50,821708.00,165281792,10,true,true,OK,accept,true
sml,MLWorks,__lexgen.sml,30951,RNGLR,8682,8682,149959729.50,374750.50,62259200,10,true,true,OK,accept,true
sml,MLWorks,__lexgen.sml,30951,BRNGLR,8682,8682,116230896.00,147229.00,63586304,10,true,true,OK,accept,true
sml,MLWorks,_proj_workspace.sml,43289,Leo,9308,9308,143645062.50,652729.50,150405120,10,true,true,OK,accept,true
sml,MLWorks,_proj_workspace.sml,43289,GLL,9308,9308,243521625.00,728271.00,222740480,10,true,true,OK,accept,true
sml,MLWorks,_proj_workspace.sml,43289,RNGLR,9308,9308,447375958.50,1257583.00,141410304,10,true,true,OK,accept,true
sml,MLWorks,_proj_workspace.sml,43289,BRNGLR,9308,9308,351720125.00,784208.00,134021120,10,true,true,OK,accept,true
sml,MLWorks,_ml_debugger.sml,45331,Leo,9667,9667,110649750.00,256229.00,141524992,10,true,true,OK,accept,true
sml,MLWorks,_ml_debugger.sml,45331,GLL,9667,9667,140197854.00,1330875.00,158318592,10,true,true,OK,accept,true
sml,MLWorks,_ml_debugger.sml,45331,RNGLR,9667,9667,84881374.50,578083.00,48136192,10,true,true,OK,accept,true
sml,MLWorks,_ml_debugger.sml,45331,BRNGLR,9667,9667,67385458.50,1548812.50,47546368,10,true,true,OK,accept,true
sml,MLWorks,_mir_utils.sml,40490,Leo,9962,9962,194516229.50,16991000.50,153976832,10,true,true,OK,accept,true
sml,MLWorks,_mir_utils.sml,40490,GLL,9962,9962,178573958.50,8349646.00,174178304,10,true,true,OK,accept,true
sml,MLWorks,_mir_utils.sml,40490,RNGLR,9962,9962,188518771.00,187437.50,85753856,10,true,true,OK,accept,true
sml,MLWorks,_mir_utils.sml,40490,BRNGLR,9962,9962,137537396.00,239667.00,82116608,10,true,true,OK,accept,true
sml,MLWorks,_mod_rules.sml,45040,Leo,10045,10045,114286625.50,721563.00,195461120,10,true,true,OK,accept,true
sml,MLWorks,_mod_rules.sml,45040,GLL,10045,10045,111766062.50,592291.50,151650304,10,true,true,OK,accept,true
sml,MLWorks,_mod_rules.sml,45040,RNGLR,10045,10045,27633999.50,60915.50,28573696,10,true,true,OK,accept,true
sml,MLWorks,_mod_rules.sml,45040,BRNGLR,10045,10045,24169625.50,763584.00,31113216,10,true,true,OK,accept,true
sml,MLWorks,top.sml,31577,Leo,10279,10279,122025687.50,232708.50,197279744,10,true,true,OK,accept,true
sml,MLWorks,top.sml,31577,GLL,10279,10279,113594958.50,747646.00,151535616,10,true,true,OK,accept,true
sml,MLWorks,top.sml,31577,RNGLR,10279,10279,58316145.50,440457.50,37961728,10,true,true,OK,accept,true
sml,MLWorks,top.sml,31577,BRNGLR,10279,10279,45981479.50,140459.00,40714240,10,true,true,OK,accept,true
sml,MLWorks,_menus.sml,46176,Leo,10549,10549,144071562.50,591979.00,203243520,10,true,true,OK,accept,true
sml,MLWorks,_menus.sml,46176,GLL,10549,10549,172008271.00,859313.00,173457408,10,true,true,OK,accept,true
sml,MLWorks,_menus.sml,46176,RNGLR,10549,10549,172941145.50,172104.00,76644352,10,true,true,OK,accept,true
sml,MLWorks,_menus.sml,46176,BRNGLR,10549,10549,127799708.50,326271.00,78479360,10,true,true,OK,accept,true
sml,MLWorks,_lambdaflow.sml,34075,Leo,10934,10934,125360771.00,523416.50,202080256,10,true,true,OK,accept,true
sml,MLWorks,_lambdaflow.sml,34075,GLL,10934,10934,129252688.00,1180104.50,166084608,10,true,true,OK,accept,true
sml,MLWorks,_lambdaflow.sml,34075,RNGLR,10934,10934,51946146.00,691667.00,38715392,10,true,true,OK,accept,true
sml,MLWorks,_lambdaflow.sml,34075,BRNGLR,10934,10934,41852229.00,680749.50,40648704,10,true,true,OK,accept,true
sml,MLWorks,_project.sml,51731,Leo,11476,11476,160154853.50,3371062.00,207585280,10,true,true,OK,accept,true
sml,MLWorks,_project.sml,51731,GLL,11476,11476,255595541.00,1191708.00,231849984,10,true,true,OK,accept,true
sml,MLWorks,_project.sml,51731,RNGLR,11476,11476,537457312.00,1822833.00,138543104,10,true,true,OK,accept,true
sml,MLWorks,_project.sml,51731,BRNGLR,11476,11476,401566917.00,2101688.00,140918784,10,true,true,OK,accept,true
sml,MLWorks,_shell_structure.sml,62073,Leo,11846,11846,194545229.00,761625.00,230866944,10,true,true,OK,accept,true
sml,MLWorks,_shell_structure.sml,62073,GLL,11846,11846,556685042.00,3649771.00,463273984,10,true,true,OK,accept,true
sml,MLWorks,_shell_structure.sml,62073,RNGLR,11846,11846,0.00,0.00,0,0,false,false,TIMEOUT,accept,
sml,MLWorks,_shell_structure.sml,62073,BRNGLR,11846,11846,0.00,0.00,0,0,false,false,TIMEOUT,accept,
sml,MLWorks,_proj_properties.sml,51706,Leo,12246,12246,144434020.50,868458.00,216514560,10,true,true,OK,accept,true
sml,MLWorks,_proj_properties.sml,51706,GLL,12246,12246,136418438.00,508021.50,170868736,10,true,true,OK,accept,true
sml,MLWorks,_proj_properties.sml,51706,RNGLR,12246,12246,76523917.00,51875.00,48693248,10,true,true,OK,accept,true
sml,MLWorks,_proj_properties.sml,51706,BRNGLR,12246,12246,60811125.50,448397.00,49397760,10,true,true,OK,accept,true
sml,MLWorks,_xm.sml,65417,Leo,12522,12522,213181292.00,465667.00,243220480,10,true,true,OK,accept,true
sml,MLWorks,_xm.sml,65417,GLL,12522,12522,254250250.00,516792.00,235716608,10,true,true,OK,accept,true
sml,MLWorks,_xm.sml,65417,RNGLR,12522,12522,233851958.50,461000.00,114425856,10,true,true,OK,accept,true
sml,MLWorks,_xm.sml,65417,BRNGLR,12522,12522,170932187.50,693250.00,114130944,10,true,true,OK,accept,true
sml,MLWorks,_types.sml,47473,Leo,12841,12841,376900249.50,929124.50,275562496,10,true,true,OK,accept,true
sml,MLWorks,_types.sml,47473,GLL,12841,12841,268056083.00,1179416.50,240058368,10,true,true,OK,accept,true
sml,MLWorks,_types.sml,47473,RNGLR,12841,12841,423364292.00,1237291.50,158564352,10,true,true,OK,accept,true
sml,MLWorks,_types.sml,47473,BRNGLR,12841,12841,313098896.00,544437.50,154042368,10,true,true,OK,accept,true
sml,MLWorks,_capi.sml,56936,Leo,12887,12887,176672313.00,780542.50,225312768,10,true,true,OK,accept,true
sml,MLWorks,_capi.sml,56936,GLL,12887,12887,256456333.50,1934895.50,243318784,10,true,true,OK,accept,true
sml,MLWorks,_capi.sml,56936,RNGLR,12887,12887,365587479.00,1316541.50,143376384,10,true,true,OK,accept,true
sml,MLWorks,_capi.sml,56936,BRNGLR,12887,12887,271432312.50,1012938.00,140443648,10,true,true,OK,accept,true
sml,MLWorks,_match.sml,51813,Leo,13452,13452,140619770.50,261166.50,217726976,10,true,true,OK,accept,true
sml,MLWorks,_match.sml,51813,GLL,13452,13452,132831958.50,399437.50,169394176,10,true,true,OK,accept,true
sml,MLWorks,_match.sml,51813,RNGLR,13452,13452,36786729.50,129249.50,35536896,10,true,true,OK,accept,true
sml,MLWorks,_match.sml,51813,BRNGLR,13452,13452,33146375.00,141083.00,43188224,10,true,true,OK,accept,true
sml,MLWorks,__pervasive_library.sml,56361,Leo,13913,13913,161768500.00,434812.00,232800256,10,true,true,OK,accept,true
sml,MLWorks,__pervasive_library.sml,56361,GLL,13913,13913,264816583.00,2141541.50,290947072,10,true,true,OK,accept,true
sml,MLWorks,__pervasive_library.sml,56361,RNGLR,13913,13913,133538563.00,357604.50,82083840,10,true,true,OK,accept,true
sml,MLWorks,__pervasive_library.sml,56361,BRNGLR,13913,13913,99357708.50,192979.00,82460672,10,true,true,OK,accept,true
sml,MLWorks,pi_grm.sml,115550,Leo,15670,15670,171489979.00,391625.00,237649920,10,true,true,OK,accept,true
sml,MLWorks,pi_grm.sml,115550,GLL,15670,15670,198172771.00,1041208.50,209764352,10,true,true,OK,accept,true
sml,MLWorks,pi_grm.sml,115550,RNGLR,15670,15670,156147958.50,523563.00,86540288,10,true,true,OK,accept,true
sml,MLWorks,pi_grm.sml,115550,BRNGLR,15670,15670,120482958.00,449812.00,89210880,10,true,true,OK,accept,true
sml,MLWorks,_simplelambda.sml,59484,Leo,18565,18565,264797333.00,3169563.00,385728512,10,true,true,OK,accept,true
sml,MLWorks,_simplelambda.sml,59484,GLL,18565,18565,340541375.00,1620937.50,333332480,10,true,true,OK,accept,true
sml,MLWorks,_simplelambda.sml,59484,RNGLR,18565,18565,384439437.50,1376854.50,154173440,10,true,true,OK,accept,true
sml,MLWorks,_simplelambda.sml,59484,BRNGLR,18565,18565,288174354.00,884979.50,149897216,10,true,true,OK,accept,true
sml,MLWorks,_encapsulate.sml,81594,Leo,19566,19566,247255375.00,203145.50,394854400,10,true,true,OK,accept,true
sml,MLWorks,_encapsulate.sml,81594,GLL,19566,19566,291282125.00,3155271.00,357089280,10,true,true,OK,accept,true
sml,MLWorks,_encapsulate.sml,81594,RNGLR,19566,19566,187826813.00,804978.50,109297664,10,true,true,OK,accept,true
sml,MLWorks,_encapsulate.sml,81594,BRNGLR,19566,19566,143477666.50,331729.50,115621888,10,true,true,OK,accept,true
sml,MLWorks,lego__grm.sml,91841,Leo,20469,20469,284945229.00,638104.00,398196736,10,true,true,OK,accept,true
sml,MLWorks,lego__grm.sml,91841,GLL,20469,20469,417775979.50,4797729.50,467615744,10,true,true,OK,accept,true
sml,MLWorks,lego__grm.sml,91841,RNGLR,20469,20469,489668334.00,449333.50,226983936,10,true,true,OK,accept,true
sml,MLWorks,lego__grm.sml,91841,BRNGLR,20469,20469,360936562.50,981791.50,209420288,10,true,true,OK,accept,true
sml,MLWorks,_mach_cg.sml,108989,Leo,23371,23371,276485895.50,1534458.00,409698304,10,true,true,OK,accept,true
sml,MLWorks,_mach_cg.sml,108989,GLL,23371,23371,257543771.00,950791.50,338526208,10,true,true,OK,accept,true
sml,MLWorks,_mach_cg.sml,108989,RNGLR,23371,23371,97192729.00,208708.00,77381632,10,true,true,OK,accept,true
sml,MLWorks,_mach_cg.sml,108989,BRNGLR,23371,23371,80038875.50,484812.50,85999616,10,true,true,OK,accept,true
sml,MLWorks,_actionfunctions.sml,82384,Leo,24076,24076,509192813.00,332292.50,429883392,10,true,true,OK,accept,true
sml,MLWorks,_actionfunctions.sml,82384,GLL,24076,24076,0.00,0.00,0,0,false,false,TIMEOUT,accept,
sml,MLWorks,_actionfunctions.sml,82384,RNGLR,24076,24076,0.00,0.00,0,0,false,false,TIMEOUT,accept,
sml,MLWorks,_actionfunctions.sml,82384,BRNGLR,24076,24076,0.00,0.00,0,0,false,false,TIMEOUT,accept,
sml,MLWorks,_i386_assembly.sml,121076,Leo,26114,26114,550416666.50,1866124.50,513163264,10,true,true,OK,accept,true
sml,MLWorks,_i386_assembly.sml,121076,GLL,26114,26114,347559604.50,1866353.50,373293056,10,true,true,OK,accept,true
sml,MLWorks,_i386_assembly.sml,121076,RNGLR,26114,26114,246596937.50,398542.00,118358016,10,true,true,OK,accept,true
sml,MLWorks,_i386_assembly.sml,121076,BRNGLR,26114,26114,189774521.00,1608375.00,124518400,10,true,true,OK,accept,true
sml,MLWorks,_lambda.sml,123973,Leo,30024,30024,363556708.50,481354.50,470794240,10,true,true,OK,accept,true
sml,MLWorks,_lambda.sml,123973,GLL,30024,30024,398063687.50,2487417.00,402636800,10,true,true,OK,accept,true
sml,MLWorks,_lambda.sml,123973,RNGLR,30024,30024,224398458.50,553312.50,136740864,10,true,true,OK,accept,true
sml,MLWorks,_lambda.sml,123973,BRNGLR,30024,30024,172333187.50,434437.50,136773632,10,true,true,OK,accept,true
sml,MLWorks,_i386_cg.sml,158660,Leo,33774,33774,401091854.00,2047250.00,501088256,10,true,true,OK,accept,true
sml,MLWorks,_i386_cg.sml,158660,GLL,33774,33774,393708396.00,1806104.50,407453696,10,true,true,OK,accept,true
sml,MLWorks,_i386_cg.sml,158660,RNGLR,33774,33774,177032583.50,511979.50,124993536,10,true,true,OK,accept,true
sml,MLWorks,_i386_cg.sml,158660,BRNGLR,33774,33774,140387020.50,387041.50,127057920,10,true,true,OK,accept,true
sml,MLWorks,fp_spill.sml,87254,Leo,34163,34163,612416750.50,1268792.00,788201472,10,true,true,OK,accept,true
sml,MLWorks,fp_spill.sml,87254,GLL,34163,34163,899515187.50,5190917.00,777895936,10,true,true,OK,accept,true
sml,MLWorks,fp_spill.sml,87254,RNGLR,34163,34163,0.00,0.00,0,0,false,false,TIMEOUT,accept,
sml,MLWorks,fp_spill.sml,87254,BRNGLR,34163,34163,895086562.00,1738520.50,271532032,10,true,true,OK,accept,true
sml,MLWorks,_mir_cg.sml,178259,Leo,43064,43064,549693187.50,2078125.00,783450112,10,true,true,OK,accept,true
sml,MLWorks,_mir_cg.sml,178259,GLL,43064,43064,597866500.50,2153542.00,592412672,10,true,true,OK,accept,true
sml,MLWorks,_mir_cg.sml,178259,RNGLR,43064,43064,422969375.00,1369958.50,206520320,10,true,true,OK,accept,true
sml,MLWorks,_mir_cg.sml,178259,BRNGLR,43064,43064,327791645.50,1003208.00,204161024,10,true,true,OK,accept,true
