language,corpus,file,bytes,parser,input_length,token_count,median_time_ns,mad_ns,peak_memory_bytes,iterations,recognized,parse_correct,status,expected_result,conforms
gamma2,org,bb_bbba.006,12,Leo,6,6,10125.50,1062.00,49152,10,true,true,OK,accept,true
gamma2,org,bb_bbba.006,12,GLL,6,6,19583.50,2625.00,98304,10,true,true,OK,accept,true
gamma2,org,bb_bbba.006,12,RNGLR,6,6,19104.50,2937.50,65536,10,true,true,OK,accept,true
gamma2,org,bb_bbba.006,12,BRNGLR,6,6,21479.50,6854.50,0,10,true,true,OK,accept,true
gamma2,org,bb_bbba.008,16,Leo,8,8,15853.50,3353.50,65536,10,true,true,OK,accept,true
gamma2,org,bb_bbba.008,16,GLL,8,8,25729.00,2250.00,65536,10,true,true,OK,accept,true
gamma2,org,bb_bbba.008,16,RNGLR,8,8,24291.50,1458.00,49152,10,true,true,OK,accept,true
gamma2,org,bb_bbba.008,16,BRNGLR,8,8,20667.00,1708.00,49152,10,true,true,OK,accept,true
gamma2,org,bb_bbba.010,20,Leo,10,10,18833.50,2750.50,98304,10,true,true,OK,accept,true
gamma2,org,bb_bbba.010,20,GLL,10,10,32812.50,3354.00,131072,10,true,true,OK,accept,true
gamma2,org,bb_bbba.010,20,RNGLR,10,10,34417.00,958.00,32768,10,true,true,OK,accept,true
gamma2,org,bb_bbba.010,20,BRNGLR,10,10,32084.00,4125.50,49152,10,true,true,OK,accept,true
gamma2,org,bb_bbba.012,24,Leo,12,12,23041.50,4770.50,81920,10,true,true,OK,accept,true
gamma2,org,bb_bbba.012,24,GLL,12,12,42770.50,3854.00,114688,10,true,true,OK,accept,true
gamma2,org,bb_bbba.012,24,RNGLR,12,12,45916.00,2208.50,65536,10,true,true,OK,accept,true
gamma2,org,bb_bbba.012,24,BRNGLR,12,12,43312.50,2208.50,32768,10,true,true,OK,accept,true
gamma2,org,bb_bbba.014,28,Leo,14,14,55916.00,3895.50,0,10,true,true,OK,accept,true
gamma2,org,bb_bbba.014,28,GLL,14,14,132833.00,5687.50,0,10,true,true,OK,accept,true
gamma2,org,bb_bbba.014,28,RNGLR,14,14,57937.50,1749.50,32768,10,true,true,OK,accept,true
gamma2,org,bb_bbba.014,28,BRNGLR,14,14,140646.00,5666.00,32768,10,true,true,OK,accept,true
gamma2,org,bb_bbba.016,32,Leo,16,16,28771.00,2500.00,98304,10,true,true,OK,accept,true
gamma2,org,bb_bbba.016,32,GLL,16,16,61458.50,3562.50,114688,10,true,true,OK,accept,true
gamma2,org,bb_bbba.016,32,RNGLR,16,16,70771.00,1979.50,65536,10,true,true,OK,accept,true
gamma2,org,bb_bbba.016,32,BRNGLR,16,16,70146.00,4312.50,49152,10,true,true,OK,accept,true
gamma2,org,bb_bbba.018,36,Leo,18,18,29813.00,1875.00,81920,10,true,true,OK,accept,true
gamma2,org,bb_bbba.018,36,GLL,18,18,73875.00,3187.50,131072,10,true,true,OK,accept,true
gamma2,org,bb_bbba.018,36,RNGLR,18,18,90000.00,2750.00,32768,10,true,true,OK,accept,true
gamma2,org,bb_bbba.018,36,BRNGLR,18,18,85875.00,1708.50,16384,10,true,true,OK,accept,true
gamma2,org,bb_bbba.020,40,Leo,20,20,28958.00,979.00,81920,10,true,true,OK,accept,true
gamma2,org,bb_bbba.020,40,GLL,20,20,89771.00,4604.50,131072,10,true,true,OK,accept,true
gamma2,org,bb_bbba.020,40,RNGLR,20,20,108167.00,3938.00,32768,10,true,true,OK,accept,true
gamma2,org,bb_bbba.020,40,BRNGLR,20,20,104729.00,1603.50,32768,10,true,true,OK,accept,true
gamma2,org,bb_bbba.022,44,Leo,22,22,32917.00,1354.00,49152,10,true,true,OK,accept,true
gamma2,org,bb_bbba.022,44,GLL,22,22,104292.00,4521.00,98304,10,true,true,OK,accept,true
gamma2,org,bb_bbba.022,44,RNGLR,22,22,126291.50,2896.00,49152,10,true,true,OK,accept,true
gamma2,org,bb_bbba.022,44,BRNGLR,22,22,129604.50,7229.50,16384,10,true,true,OK,accept,true
gamma2,org,bb_bbba.024,48,Leo,24,24,33333.50,937.50,49152,10,true,true,OK,accept,true
gamma2,org,bb_bbba.024,48,GLL,24,24,113604.00,4083.50,114688,10,true,true,OK,accept,true
gamma2,org,bb_bbba.024,48,RNGLR,24,24,142542.00,3250.00,32768,10,true,true,OK,accept,true
gamma2,org,bb_bbba.024,48,BRNGLR,24,24,152187.50,4146.00,32768,10,true,true,OK,accept,true
gamma2,org,bb_bbba.026,52,Leo,26,26,39479.00,3833.00,49152,10,true,true,OK,accept,true
gamma2,org,bb_bbba.026,52,GLL,26,26,139875.00,11520.50,114688,10,true,true,OK,accept,true
gamma2,org,bb_bbba.026,52,RNGLR,26,26,173833.00,4917.00,65536,10,true,true,OK,accept,true
gamma2,org,bb_bbba.026,52,BRNGLR,26,26,181937.50,5958.00,49152,10,true,true,OK,accept,true
gamma2,org,bb_bbba.028,56,Leo,28,28,39479.50,2646.00,131072,10,true,true,OK,accept,true
gamma2,org,bb_bbba.028,56,GLL,28,28,167583.50,8562.50,131072,10,true,true,OK,accept,true
gamma2,org,bb_bbba.028,56,RNGLR,28,28,229520.50,21479.50,32768,10,true,true,OK,accept,true
gamma2,org,bb_bbba.028,56,BRNGLR,28,28,197312.50,9500.00,65536,10,true,true,OK,accept,true
gamma2,org,bb_bbba.030,60,Leo,30,30,41042.00,3104.50,163840,10,true,true,OK,accept,true
gamma2,org,bb_bbba.030,60,GLL,30,30,212145.50,10500.00,32768,10,true,true,OK,accept,true
gamma2,org,bb_bbba.030,60,RNGLR,30,30,212416.50,1875.00,49152,10,true,true,OK,accept,true
gamma2,org,bb_bbba.030,60,BRNGLR,30,30,216521.00,4000.00,49152,10,true,true,OK,accept,true
gamma2,org,bb_bbba.032,64,Leo,32,32,44291.50,750.00,81920,10,true,true,OK,accept,true
gamma2,org,bb_bbba.032,64,GLL,32,32,195604.00,3979.50,81920,10,true,true,OK,accept,true
gamma2,org,bb_bbba.032,64,RNGLR,32,32,240166.50,2854.00,32768,10,true,true,OK,accept,true
gamma2,org,bb_bbba.032,64,BRNGLR,32,32,255604.50,9208.50,81920,10,true,true,OK,accept,true
gamma2,org,bb_bbba.034,68,Leo,34,34,46750.50,1979.50,147456,10,true,true,OK,accept,true
gamma2,org,bb_bbba.034,68,GLL,34,34,226000.00,5479.00,65536,10,true,true,OK,accept,true
gamma2,org,bb_bbba.034,68,RNGLR,34,34,287187.50,7458.50,65536,10,true,true,OK,accept,true
gamma2,org,bb_bbba.034,68,BRNGLR,34,34,273813.00,3979.50,98304,10,true,true,OK,accept,true
gamma2,org,bb_bbba.036,72,Leo,36,36,49708.50,1437.50,98304,10,true,true,OK,accept,true
gamma2,org,bb_bbba.036,72,GLL,36,36,267146.00,17437.50,131072,10,true,true,OK,accept,true
gamma2,org,bb_bbba.036,72,RNGLR,36,36,299437.50,2875.00,32768,10,true,true,OK,accept,true
gamma2,org,bb_bbba.036,72,BRNGLR,36,36,316708.50,6125.00,32768,10,true,true,OK,accept,true
gamma2,org,bb_bbba.038,76,Leo,38,38,52645.50,2083.00,131072,10,true,true,OK,accept,true
gamma2,org,bb_bbba.038,76,GLL,38,38,285062.50,5249.50,98304,10,true,true,OK,accept,true
gamma2,org,bb_bbba.038,76,RNGLR,38,38,332250.50,4021.00,49152,10,true,true,OK,accept,true
gamma2,org,bb_bbba.038,76,BRNGLR,38,38,341604.50,4625.50,65536,10,true,true,OK,accept,true
gamma2,org,bb_bbba.040,80,Leo,40,40,54479.00,895.50,131072,10,true,true,OK,accept,true
gamma2,org,bb_bbba.040,80,GLL,40,40,314687.50,7187.50,114688,10,true,true,OK,accept,true
gamma2,org,bb_bbba.040,80,RNGLR,40,40,369083.50,4333.00,32768,10,true,true,OK,accept,true
gamma2,org,bb_bbba.040,80,BRNGLR,40,40,380708.50,7166.50,32768,10,true,true,OK,accept,true
gamma2,org,bb_bbba.042,84,Leo,42,42,59271.00,2520.50,131072,10,true,true,OK,accept,true
gamma2,org,bb_bbba.042,84,GLL,42,42,346791.50,5520.50,114688,10,true,true,OK,accept,true
gamma2,org,bb_bbba.042,84,RNGLR,42,42,399875.00,4833.50,16384,10,true,true,OK,accept,true
gamma2,org,bb_bbba.042,84,BRNGLR,42,42,415271.00,8438.00,65536,10,true,true,OK,accept,true
gamma2,org,bb_bbba.044,88,Leo,44,44,61791.50,2666.50,98304,10,true,true,OK,accept,true
gamma2,org,bb_bbba.044,88,GLL,44,44,396563.00,7375.00,81920,10,true,true,OK,accept,true
gamma2,org,bb_bbba.044,88,RNGLR,44,44,443750.00,4896.00,32768,10,true,true,OK,accept,true
gamma2,org,bb_bbba.044,88,BRNGLR,44,44,457520.50,8041.50,65536,10,true,true,OK,accept,true
gamma2,org,bb_bbba.046,92,Leo,46,46,63521.00,2521.00,147456,10,true,true,OK,accept,true
gamma2,org,bb_bbba.046,92,GLL,46,46,420104.00,10916.50,98304,10,true,true,OK,accept,true
gamma2,org,bb_bbba.046,92,RNGLR,46,46,479687.50,2062.00,49152,10,true,true,OK,accept,true
gamma2,org,bb_bbba.046,92,BRNGLR,46,46,507937.50,8500.00,32768,10,true,true,OK,accept,true
gamma2,org,bb_bbba.048,96,Leo,48,48,66021.00,1750.00,114688,10,true,true,OK,accept,true
gamma2,org,bb_bbba.048,96,GLL,48,48,524708.00,18520.50,32768,10,true,true,OK,accept,true
gamma2,org,bb_bbba.048,96,RNGLR,48,48,540083.50,6667.00,16384,10,true,true,OK,accept,true
gamma2,org,bb_bbba.048,96,BRNGLR,48,48,568041.50,7979.00,16384,10,true,true,OK,accept,true
gamma2,org,bb_bbba.050,100,Leo,50,50,66750.00,1667.00,114688,10,true,true,OK,accept,true
gamma2,org,bb_bbba.050,100,GLL,50,50,519812.00,8666.00,114688,10,true,true,OK,accept,true
gamma2,org,bb_bbba.050,100,RNGLR,50,50,585438.00,18667.50,81920,10,true,true,OK,accept,true
gamma2,org,bb_bbba.050,100,BRNGLR,50,50,587479.50,9687.50,81920,10,true,true,OK,accept,true
gamma2,org,bb_bbba.052,104,Leo,52,52,70937.50,1250.00,163840,10,true,true,OK,accept,true
gamma2,org,bb_bbba.052,104,GLL,52,52,559688.00,11479.50,131072,10,true,true,OK,accept,true
gamma2,org,bb_bbba.052,104,RNGLR,52,52,616375.00,6146.00,65536,10,true,true,OK,accept,true
gamma2,org,bb_bbba.052,104,BRNGLR,52,52,653104.50,13062.50,32768,10,true,true,OK,accept,true
gamma2,org,bb_bbba.054,108,Leo,54,54,71937.50,1417.00,65536,10,true,true,OK,accept,true
gamma2,org,bb_bbba.054,108,GLL,54,54,629354.00,9104.50,49152,10,true,true,OK,accept,true
gamma2,org,bb_bbba.054,108,RNGLR,54,54,691417.00,11917.00,32768,10,true,true,OK,accept,true
gamma2,org,bb_bbba.054,108,BRNGLR,54,54,726792.00,19437.50,32768,10,true,true,OK,accept,true
gamma2,org,bb_bbba.056,112,Leo,56,56,76542.00,2458.00,0,10,true,true,OK,accept,true
gamma2,org,bb_bbba.056,112,GLL,56,56,792375.50,99980.00,851968,10,true,true,OK,accept,true
gamma2,org,bb_bbba.056,112,RNGLR,56,56,752021.00,17334.00,16384,10,true,true,OK,accept,true
gamma2,org,bb_bbba.056,112,BRNGLR,56,56,779270.50,22437.50,16384,10,true,true,OK,accept,true
gamma2,org,bb_bbba.058,116,Leo,58,58,79520.50,3312.50,32768,10,true,true,OK,accept,true
gamma2,org,bb_bbba.058,116,GLL,58,58,745687.00,22791.00,32768,10,true,true,OK,accept,true
gamma2,org,bb_bbba.058,116,RNGLR,58,58,785437.50,13812.50,32768,10,true,true,OK,accept,true
gamma2,org,bb_bbba.058,116,BRNGLR,58,58,872937.50,44646.00,32768,10,true,true,OK,accept,true
gamma2,org,bb_bbba.060,120,Leo,60,60,78125.00,2250.00,114688,10,true,true,OK,accept,true
gamma2,org,bb_bbba.060,120,GLL,60,60,736854.00,9708.00,49152,10,true,true,OK,accept,true
gamma2,org,bb_bbba.060,120,RNGLR,60,60,802062.50,5437.00,49152,10,true,true,OK,accept,true
gamma2,org,bb_bbba.060,120,BRNGLR,60,60,838083.00,7832.50,49152,10,true,true,OK,accept,true
gamma2,org,bb_bbba.062,124,Leo,62,62,81145.50,2770.50,163840,10,true,true,OK,accept,true
gamma2,org,bb_bbba.062,124,GLL,62,62,811562.50,9145.50,114688,10,true,true,OK,accept,true
gamma2,org,bb_bbba.062,124,RNGLR,62,62,863749.50,9645.50,81920,10,true,true,OK,accept,true
gamma2,org,bb_bbba.062,124,BRNGLR,62,62,892479.00,13041.50,65536,10,true,true,OK,accept,true
gamma2,org,bb_bbba.064,128,Leo,64,64,83458.00,2416.50,147456,10,true,true,OK,accept,true
gamma2,org,bb_bbba.064,128,GLL,64,64,930021.00,18354.00,131072,10,true,true,OK,accept,true
gamma2,org,bb_bbba.064,128,RNGLR,64,64,925187.50,9167.00,81920,10,true,true,OK,accept,true
gamma2,org,bb_bbba.064,128,BRNGLR,64,64,967125.00,13958.00,81920,10,true,true,OK,accept,true
gamma2,org,bb_bbba.066,132,Leo,66,66,86833.00,3583.50,163840,10,true,true,OK,accept,true
gamma2,org,bb_bbba.066,132,GLL,66,66,1007729.00,20312.50,2899968,10,true,true,OK,accept,true
gamma2,org,bb_bbba.066,132,RNGLR,66,66,1002104.00,21792.00,81920,10,true,true,OK,accept,true
gamma2,org,bb_bbba.066,132,BRNGLR,66,66,1029604.00,14666.50,65536,10,true,true,OK,accept,true
gamma2,org,bb_bbba.068,136,Leo,68,68,93271.00,4750.50,32768,10,true,true,OK,accept,true
gamma2,org,bb_bbba.068,136,GLL,68,68,1026979.00,27437.50,2883584,10,true,true,OK,accept,true
gamma2,org,bb_bbba.068,136,RNGLR,68,68,1037042.00,10334.00,65536,10,true,true,OK,accept,true
gamma2,org,bb_bbba.068,136,BRNGLR,68,68,1097604.50,6396.00,1359872,10,true,true,OK,accept,true
gamma2,org,bb_bbba.070,140,Leo,70,70,90312.50,583.00,131072,10,true,true,OK,accept,true
gamma2,org,bb_bbba.070,140,GLL,70,70,1068895.50,12458.00,2899968,10,true,true,OK,accept,true
gamma2,org,bb_bbba.070,140,RNGLR,70,70,1140249.50,6124.50,81920,10,true,true,OK,accept,true
gamma2,org,bb_bbba.070,140,BRNGLR,70,70,1155208.50,8188.00,65536,10,true,true,OK,accept,true
gamma2,org,bb_bbba.072,144,Leo,72,72,101625.00,5771.00,98304,10,true,true,OK,accept,true
gamma2,org,bb_bbba.072,144,GLL,72,72,1128541.50,17396.00,3211264,10,true,true,OK,accept,true
gamma2,org,bb_bbba.072,144,RNGLR,72,72,1143812.50,3687.00,49152,10,true,true,OK,accept,true
gamma2,org,bb_bbba.072,144,BRNGLR,72,72,1227333.50,16146.00,1310720,10,true,true,OK,accept,true
gamma2,org,bb_bbba.074,148,Leo,74,74,95479.50,2229.00,147456,10,true,true,OK,accept,true
gamma2,org,bb_bbba.074,148,GLL,74,74,1216209.00,17353.50,2883584,10,true,true,OK,accept,true
gamma2,org,bb_bbba.074,148,RNGLR,74,74,1235521.00,16875.00,671744,10,true,true,OK,accept,true
gamma2,org,bb_bbba.074,148,BRNGLR,74,74,1332541.50,22396.00,1327104,10,true,true,OK,accept,true
gamma2,org,bb_bbba.076,152,Leo,76,76,97437.50,958.50,131072,10,true,true,OK,accept,true
gamma2,org,bb_bbba.076,152,GLL,76,76,1261646.00,17958.50,3080192,10,true,true,OK,accept,true
gamma2,org,bb_bbba.076,152,RNGLR,76,76,1294396.00,8083.50,638976,10,true,true,OK,accept,true
gamma2,org,bb_bbba.076,152,BRNGLR,76,76,1345271.00,6313.00,1294336,10,true,true,OK,accept,true
gamma2,org,bb_bbba.078,156,Leo,78,78,101000.00,1000.50,131072,10,true,true,OK,accept,true
gamma2,org,bb_bbba.078,156,GLL,78,78,1342313.00,8875.50,2424832,10,true,true,OK,accept,true
gamma2,org,bb_bbba.078,156,RNGLR,78,78,1403916.50,14583.00,491520,10,true,true,OK,accept,true
gamma2,org,bb_bbba.078,156,BRNGLR,78,78,1415854.50,4979.50,1245184,10,true,true,OK,accept,true
gamma2,org,bb_bbba.080,160,Leo,80,80,103812.00,1291.50,147456,10,true,true,OK,accept,true
gamma2,org,bb_bbba.080,160,GLL,80,80,1428063.00,19021.50,3260416,10,true,true,OK,accept,true
gamma2,org,bb_bbba.080,160,RNGLR,80,80,1419167.00,8312.50,507904,10,true,true,OK,accept,true
gamma2,org,bb_bbba.080,160,BRNGLR,80,80,1508979.50,17896.00,1327104,10,true,true,OK,accept,true
gamma2,org,bb_bbba.082,164,Leo,82,82,105687.50,833.50,147456,10,true,true,OK,accept,true
gamma2,org,bb_bbba.082,164,GLL,82,82,1595958.00,16041.50,3080192,10,true,true,OK,accept,true
gamma2,org,bb_bbba.082,164,RNGLR,82,82,1493979.00,4062.00,475136,10,true,true,OK,accept,true
gamma2,org,bb_bbba.082,164,BRNGLR,82,82,1593667.00,18605.00,1228800,10,true,true,OK,accept,true
gamma2,org,bb_bbba.084,168,Leo,84,84,109104.00,2417.00,163840,10,true,true,OK,accept,true
gamma2,org,bb_bbba.084,168,GLL,84,84,1656208.00,7312.50,3178496,10,true,true,OK,accept,true
gamma2,org,bb_bbba.084,168,RNGLR,84,84,1576999.50,15896.00,507904,10,true,true,OK,accept,true
gamma2,org,bb_bbba.084,168,BRNGLR,84,84,1670854.00,10833.50,1064960,10,true,true,OK,accept,true
gamma2,org,bb_bbba.086,172,Leo,86,86,115187.00,5500.00,163840,10,true,true,OK,accept,true
gamma2,org,bb_bbba.086,172,GLL,86,86,1770478.50,26645.00,2981888,10,true,true,OK,accept,true
gamma2,org,bb_bbba.086,172,RNGLR,86,86,1663229.00,14999.50,507904,10,true,true,OK,accept,true
gamma2,org,bb_bbba.086,172,BRNGLR,86,86,1742646.00,18437.50,1015808,10,true,true,OK,accept,true
gamma2,org,bb_bbba.088,176,Leo,88,88,112395.50,1041.00,114688,10,true,true,OK,accept,true
gamma2,org,bb_bbba.088,176,GLL,88,88,1844062.50,19875.00,3129344,10,true,true,OK,accept,true
gamma2,org,bb_bbba.088,176,RNGLR,88,88,1738062.50,20250.00,475136,10,true,true,OK,accept,true
gamma2,org,bb_bbba.088,176,BRNGLR,88,88,1880396.00,43687.50,868352,10,true,true,OK,accept,true
gamma2,org,bb_bbba.090,180,Leo,90,90,114791.50,1125.50,147456,10,true,true,OK,accept,true
gamma2,org,bb_bbba.090,180,GLL,90,90,1974458.00,45853.50,3194880,10,true,true,OK,accept,true
gamma2,org,bb_bbba.090,180,RNGLR,90,90,1810562.50,7833.50,475136,10,true,true,OK,accept,true
gamma2,org,bb_bbba.090,180,BRNGLR,90,90,1917312.50,10291.50,884736,10,true,true,OK,accept,true
gamma2,org,bb_bbba.092,184,Leo,92,92,118020.50,2249.50,114688,10,true,true,OK,accept,true
gamma2,org,bb_bbba.092,184,GLL,92,92,2073062.50,24562.00,5881856,10,true,true,OK,accept,true
gamma2,org,bb_bbba.092,184,RNGLR,92,92,1895687.50,17562.50,507904,10,true,true,OK,accept,true
gamma2,org,bb_bbba.092,184,BRNGLR,92,92,2011354.00,20333.50,884736,10,true,true,OK,accept,true
gamma2,org,bb_bbba.094,188,Leo,94,94,119958.50,1166.50,131072,10,true,true,OK,accept,true
gamma2,org,bb_bbba.094,188,GLL,94,94,2189833.00,16708.00,5832704,10,true,true,OK,accept,true
gamma2,org,bb_bbba.094,188,RNGLR,94,94,1988729.00,25875.00,442368,10,true,true,OK,accept,true
gamma2,org,bb_bbba.094,188,BRNGLR,94,94,2111292.00,14313.00,884736,10,true,true,OK,accept,true
gamma2,org,bb_bbba.096,192,Leo,96,96,122458.50,812.50,147456,10,true,true,OK,accept,true
gamma2,org,bb_bbba.096,192,GLL,96,96,2314895.50,27874.50,5832704,10,true,true,OK,accept,true
gamma2,org,bb_bbba.096,192,RNGLR,96,96,2043937.50,5270.50,475136,10,true,true,OK,accept,true
gamma2,org,bb_bbba.096,192,BRNGLR,96,96,2207500.00,16583.00,901120,10,true,true,OK,accept,true
gamma2,org,bb_bbba.098,196,Leo,98,98,125437.00,1666.00,180224,10,true,true,OK,accept,true
gamma2,org,bb_bbba.098,196,GLL,98,98,2424562.50,12521.00,5832704,10,true,true,OK,accept,true
gamma2,org,bb_bbba.098,196,RNGLR,98,98,2147292.00,7104.00,475136,10,true,true,OK,accept,true
gamma2,org,bb_bbba.098,196,BRNGLR,98,98,2295000.00,17708.50,917504,10,true,true,OK,accept,true
gamma2,org,bb_bbba.100,200,Leo,100,100,128709.00,2396.00,180224,10,true,true,OK,accept,true
gamma2,org,bb_bbba.100,200,GLL,100,100,2437833.50,2958.50,5767168,10,true,true,OK,accept,true
gamma2,org,bb_bbba.100,200,RNGLR,100,100,2218250.00,16125.50,507904,10,true,true,OK,accept,true
gamma2,org,bb_bbba.100,200,BRNGLR,100,100,2380562.50,14479.50,2703360,10,true,true,OK,accept,true
gamma2,org,bb_bbba.102,204,Leo,102,102,132396.00,2104.00,147456,10,true,true,OK,accept,true
gamma2,org,bb_bbba.102,204,GLL,102,102,2645687.50,28917.00,5783552,10,true,true,OK,accept,true
gamma2,org,bb_bbba.102,204,RNGLR,102,102,2308771.00,9792.00,458752,10,true,true,OK,accept,true
gamma2,org,bb_bbba.102,204,BRNGLR,102,102,2574479.50,17271.00,2555904,10,true,true,OK,accept,true
gamma2,org,bb_bbba.104,208,Leo,104,104,132499.50,3084.00,98304,10,true,true,OK,accept,true
gamma2,org,bb_bbba.104,208,GLL,104,104,2887396.50,24209.50,8208384,10,true,true,OK,accept,true
gamma2,org,bb_bbba.104,208,RNGLR,104,104,2460896.00,14187.50,1163264,10,true,true,OK,accept,true
gamma2,org,bb_bbba.104,208,BRNGLR,104,104,2593042.00,13208.50,2113536,10,true,true,OK,accept,true
gamma2,org,bb_bbba.106,212,Leo,106,106,137146.00,3354.50,147456,10,true,true,OK,accept,true
gamma2,org,bb_bbba.106,212,GLL,106,106,3075104.00,121145.50,8732672,10,true,true,OK,accept,true
gamma2,org,bb_bbba.106,212,RNGLR,106,106,2477833.00,10624.50,884736,10,true,true,OK,accept,true
gamma2,org,bb_bbba.106,212,BRNGLR,106,106,2680583.50,10458.50,2244608,10,true,true,OK,accept,true
gamma2,org,bb_bbba.108,216,Leo,108,108,140125.00,2687.50,131072,10,true,true,OK,accept,true
gamma2,org,bb_bbba.108,216,GLL,108,108,3100458.00,22229.50,7192576,10,true,true,OK,accept,true
gamma2,org,bb_bbba.108,216,RNGLR,108,108,3602229.00,1027583.50,884736,10,true,true,OK,accept,true
gamma2,org,bb_bbba.108,216,BRNGLR,108,108,2763417.00,6687.50,2326528,10,true,true,OK,accept,true
gamma2,org,bb_bbba.110,220,Leo,110,110,138437.50,1250.00,163840,10,true,true,OK,accept,true
gamma2,org,bb_bbba.110,220,GLL,110,110,3276312.50,43729.00,8060928,10,true,true,OK,accept,true
gamma2,org,bb_bbba.110,220,RNGLR,110,110,2699291.50,8958.50,688128,10,true,true,OK,accept,true
gamma2,org,bb_bbba.110,220,BRNGLR,110,110,2890000.00,6833.50,1949696,10,true,true,OK,accept,true
gamma2,org,bb_bbba.112,224,Leo,112,112,139541.50,1437.00,147456,10,true,true,OK,accept,true
gamma2,org,bb_bbba.112,224,GLL,112,112,3383041.50,31958.00,8830976,10,true,true,OK,accept,true
gamma2,org,bb_bbba.112,224,RNGLR,112,112,2863896.00,13875.00,704512,10,true,true,OK,accept,true
gamma2,org,bb_bbba.112,224,BRNGLR,112,112,3013271.00,15812.50,2064384,10,true,true,OK,accept,true
gamma2,org,bb_bbba.114,228,Leo,114,114,145270.50,1270.50,114688,10,true,true,OK,accept,true
gamma2,org,bb_bbba.114,228,GLL,114,114,3530187.50,57167.00,8830976,10,true,true,OK,accept,true
gamma2,org,bb_bbba.114,228,RNGLR,114,114,2901833.50,9625.00,671744,10,true,true,OK,accept,true
gamma2,org,bb_bbba.114,228,BRNGLR,114,114,3085291.50,8895.50,1982464,10,true,true,OK,accept,true
gamma2,org,bb_bbba.116,232,Leo,116,116,144437.00,2687.50,114688,10,true,true,OK,accept,true
gamma2,org,bb_bbba.116,232,GLL,116,116,3656229.00,46083.50,10321920,10,true,true,OK,accept,true
gamma2,org,bb_bbba.116,232,RNGLR,116,116,3011646.00,9875.00,655360,10,true,true,OK,accept,true
gamma2,org,bb_bbba.116,232,BRNGLR,116,116,3236292.00,23500.00,3604480,10,true,true,OK,accept,true
gamma2,org,bb_bbba.118,236,Leo,118,118,154562.50,6041.50,114688,10,true,true,OK,accept,true
gamma2,org,bb_bbba.118,236,GLL,118,118,3782645.50,43124.50,8830976,10,true,true,OK,accept,true
gamma2,org,bb_bbba.118,236,RNGLR,118,118,3155270.50,26895.00,671744,10,true,true,OK,accept,true
gamma2,org,bb_bbba.118,236,BRNGLR,118,118,3372479.50,14500.50,1851392,10,true,true,OK,accept,true
gamma2,org,bb_bbba.120,240,Leo,120,120,151917.00,3333.50,32768,10,true,true,OK,accept,true
gamma2,org,bb_bbba.120,240,GLL,120,120,3926375.50,15167.00,10878976,10,true,true,OK,accept,true
gamma2,org,bb_bbba.120,240,RNGLR,120,120,3258583.00,25063.00,737280,10,true,true,OK,accept,true
gamma2,org,bb_bbba.120,240,BRNGLR,120,120,3470854.00,13291.00,3784704,10,true,true,OK,accept,true
gamma2,org,bb_bbba.122,244,Leo,122,122,153354.00,2979.00,98304,10,true,true,OK,accept,true
gamma2,org,bb_bbba.122,244,GLL,122,122,4110854.00,23645.50,8732672,10,true,true,OK,accept,true
gamma2,org,bb_bbba.122,244,RNGLR,122,122,3322958.50,22042.00,671744,10,true,true,OK,accept,true
gamma2,org,bb_bbba.122,244,BRNGLR,122,122,3552208.00,13979.00,2818048,10,true,true,OK,accept,true
gamma2,org,bb_bbba.124,248,Leo,124,124,157208.50,3271.00,49152,10,true,true,OK,accept,true
gamma2,org,bb_bbba.124,248,GLL,124,124,4244895.50,23541.00,10895360,10,true,true,OK,accept,true
gamma2,org,bb_bbba.124,248,RNGLR,124,124,3433458.50,17188.00,671744,10,true,true,OK,accept,true
gamma2,org,bb_bbba.124,248,BRNGLR,124,124,3710271.00,21229.00,3850240,10,true,true,OK,accept,true
gamma2,org,bb_bbba.126,252,Leo,126,126,160125.00,2687.50,147456,10,true,true,OK,accept,true
gamma2,org,bb_bbba.126,252,GLL,126,126,4435916.50,18166.00,10895360,10,true,true,OK,accept,true
gamma2,org,bb_bbba.126,252,RNGLR,126,126,3596291.50,33062.50,655360,10,true,true,OK,accept,true
gamma2,org,bb_bbba.126,252,BRNGLR,126,126,3844375.00,12604.50,3620864,10,true,true,OK,accept,true
gamma2,org,bb_bbba.128,256,Leo,128,128,166041.50,4541.50,163840,10,true,true,OK,accept,true
gamma2,org,bb_bbba.128,256,GLL,128,128,4616687.50,53520.50,11157504,10,true,true,OK,accept,true
gamma2,org,bb_bbba.128,256,RNGLR,128,128,3679541.50,5229.00,1458176,10,true,true,OK,accept,true
gamma2,org,bb_bbba.128,256,BRNGLR,128,128,3955750.50,22230.00,3719168,10,true,true,OK,accept,true
gamma2,org,bb_bbba.130,260,Leo,130,130,447583.50,24229.00,0,10,true,true,OK,accept,true
gamma2,org,bb_bbba.130,260,GLL,130,130,4801375.00,33729.50,10993664,10,true,true,OK,accept,true
gamma2,org,bb_bbba.130,260,RNGLR,130,130,3819375.00,47479.00,999424,10,true,true,OK,accept,true
gamma2,org,bb_bbba.130,260,BRNGLR,130,130,4134270.50,36666.00,3506176,10,true,true,OK,accept,true
gamma2,org,bb_bbba.132,264,Leo,132,132,168750.00,5187.50,49152,10,true,true,OK,accept,true
gamma2,org,bb_bbba.132,264,GLL,132,132,5227187.50,72958.50,11075584,10,true,true,OK,accept,true
gamma2,org,bb_bbba.132,264,RNGLR,132,132,3902541.00,16958.00,1032192,10,true,true,OK,accept,true
gamma2,org,bb_bbba.132,264,BRNGLR,132,132,4239771.00,27291.50,3096576,10,true,true,OK,accept,true
gamma2,org,bb_bbba.134,268,Leo,134,134,169146.00,1166.50,163840,10,true,true,OK,accept,true
gamma2,org,bb_bbba.134,268,GLL,134,134,5709020.50,47625.00,14221312,10,true,true,OK,accept,true
gamma2,org,bb_bbba.134,268,RNGLR,134,134,4165979.50,125375.50,966656,10,true,true,OK,accept,true
gamma2,org,bb_bbba.134,268,BRNGLR,134,134,4428250.00,38667.00,3260416,10,true,true,OK,accept,true
gamma2,org,bb_bbba.136,272,Leo,136,136,168166.50,3083.50,49152,10,true,true,OK,accept,true
gamma2,org,bb_bbba.136,272,GLL,136,136,5886583.50,54208.50,11812864,10,true,true,OK,accept,true
gamma2,org,bb_bbba.136,272,RNGLR,136,136,4234791.50,17999.50,901120,10,true,true,OK,accept,true
gamma2,org,bb_bbba.136,272,BRNGLR,136,136,4527583.00,35958.50,4734976,10,true,true,OK,accept,true
gamma2,org,bb_bbba.138,276,Leo,138,138,171125.00,1750.00,131072,10,true,true,OK,accept,true
gamma2,org,bb_bbba.138,276,GLL,138,138,6213833.00,67209.00,12713984,10,true,true,OK,accept,true
gamma2,org,bb_bbba.138,276,RNGLR,138,138,4244583.50,9792.00,884736,10,true,true,OK,accept,true
gamma2,org,bb_bbba.138,276,BRNGLR,138,138,4638979.00,38979.00,3342336,10,true,true,OK,accept,true
gamma2,org,bb_bbba.140,280,Leo,140,140,175521.00,979.50,131072,10,true,true,OK,accept,true
gamma2,org,bb_bbba.140,280,GLL,140,140,7059167.00,237646.00,17629184,10,true,true,OK,accept,true
gamma2,org,bb_bbba.140,280,RNGLR,140,140,4513520.50,54146.00,868352,10,true,true,OK,accept,true
gamma2,org,bb_bbba.140,280,BRNGLR,140,140,4895646.00,84375.00,4112384,10,true,true,OK,accept,true
gamma2,org,bb_bbba.142,284,Leo,142,142,176583.50,1520.50,32768,10,true,true,OK,accept,true
gamma2,org,bb_bbba.142,284,GLL,142,142,7095812.50,75208.50,16498688,10,true,true,OK,accept,true
gamma2,org,bb_bbba.142,284,RNGLR,142,142,4541437.50,30500.00,917504,10,true,true,OK,accept,true
gamma2,org,bb_bbba.142,284,BRNGLR,142,142,4972041.50,39125.00,5029888,10,true,true,OK,accept,true
gamma2,org,bb_bbba.144,288,Leo,144,144,188479.50,6750.00,65536,10,true,true,OK,accept,true
gamma2,org,bb_bbba.144,288,GLL,144,144,7194458.00,29041.50,16760832,10,true,true,OK,accept,true
gamma2,org,bb_bbba.144,288,RNGLR,144,144,4791437.50,6416.50,1736704,10,true,true,OK,accept,true
gamma2,org,bb_bbba.144,288,BRNGLR,144,144,5029604.00,14896.00,4374528,10,true,true,OK,accept,true
gamma2,org,bb_bbba.146,292,Leo,146,146,184395.50,2146.00,32768,10,true,true,OK,accept,true
gamma2,org,bb_bbba.146,292,GLL,146,146,7298562.50,22854.00,18399232,10,true,true,OK,accept,true
gamma2,org,bb_bbba.146,292,RNGLR,146,146,4801395.50,19791.50,1556480,10,true,true,OK,accept,true
gamma2,org,bb_bbba.146,292,BRNGLR,146,146,5236042.00,67520.50,5767168,10,true,true,OK,accept,true
gamma2,org,bb_bbba.148,296,Leo,148,148,183520.50,1895.50,49152,10,true,true,OK,accept,true
gamma2,org,bb_bbba.148,296,GLL,148,148,7765812.00,148104.00,16891904,10,true,true,OK,accept,true
gamma2,org,bb_bbba.148,296,RNGLR,148,148,4893729.00,13437.00,1458176,10,true,true,OK,accept,true
gamma2,org,bb_bbba.148,296,BRNGLR,148,148,5305916.50,15500.00,4603904,10,true,true,OK,accept,true
gamma2,org,bb_bbba.150,300,Leo,150,150,187104.50,1958.50,65536,10,true,true,OK,accept,true
gamma2,org,bb_bbba.150,300,GLL,150,150,7764979.00,48416.50,17170432,10,true,true,OK,accept,true
gamma2,org,bb_bbba.150,300,RNGLR,150,150,5057333.50,21438.00,1032192,10,true,true,OK,accept,true
gamma2,org,bb_bbba.150,300,BRNGLR,150,150,5459125.00,11229.50,5701632,10,true,true,OK,accept,true
gamma2,org,bb_bbba.152,304,Leo,152,152,192416.00,1750.00,32768,10,true,true,OK,accept,true
gamma2,org,bb_bbba.152,304,GLL,152,152,8318791.50,127208.50,17661952,10,true,true,OK,accept,true
gamma2,org,bb_bbba.152,304,RNGLR,152,152,5209979.50,29000.50,1064960,10,true,true,OK,accept,true
gamma2,org,bb_bbba.152,304,BRNGLR,152,152,5605104.00,17041.50,4538368,10,true,true,OK,accept,true
gamma2,org,bb_bbba.154,308,Leo,154,154,197062.50,2437.00,147456,10,true,true,OK,accept,true
gamma2,org,bb_bbba.154,308,GLL,154,154,8689541.50,142187.50,18513920,10,true,true,OK,accept,true
gamma2,org,bb_bbba.154,308,RNGLR,154,154,5503583.50,24291.50,1032192,10,true,true,OK,accept,true
gamma2,org,bb_bbba.154,308,BRNGLR,154,154,5854666.50,56916.50,5865472,10,true,true,OK,accept,true
gamma2,org,bb_bbba.156,312,Leo,156,156,197250.00,2917.00,49152,10,true,true,OK,accept,true
gamma2,org,bb_bbba.156,312,GLL,156,156,8449270.50,58813.00,17498112,10,true,true,OK,accept,true
gamma2,org,bb_bbba.156,312,RNGLR,156,156,5513041.50,12604.50,1048576,10,true,true,OK,accept,true
gamma2,org,bb_bbba.156,312,BRNGLR,156,156,5982791.50,41207.50,5259264,10,true,true,OK,accept,true
gamma2,org,bb_bbba.158,316,Leo,158,158,201374.50,4457.50,81920,10,true,true,OK,accept,true
gamma2,org,bb_bbba.158,316,GLL,158,158,8822979.00,74375.00,17809408,10,true,true,OK,accept,true
gamma2,org,bb_bbba.158,316,RNGLR,158,158,5714062.50,125750.00,1097728,10,true,true,OK,accept,true
gamma2,org,bb_bbba.158,316,BRNGLR,158,158,6511937.50,175229.50,5931008,10,true,true,OK,accept,true
gamma2,org,bb_bbba.160,320,Leo,160,160,205438.00,3688.00,81920,10,true,true,OK,accept,true
gamma2,org,bb_bbba.160,320,GLL,160,160,10231083.00,289187.50,18743296,10,true,true,OK,accept,true
gamma2,org,bb_bbba.160,320,RNGLR,160,160,6087187.50,77979.00,1884160,10,true,true,OK,accept,true
gamma2,org,bb_bbba.160,320,BRNGLR,160,160,6750750.00,148937.50,5193728,10,true,true,OK,accept,true
gamma2,org,bb_bbba.162,324,Leo,162,162,224062.50,12083.50,114688,10,true,true,OK,accept,true
gamma2,org,bb_bbba.162,324,GLL,162,162,10682792.00,443875.50,18710528,10,true,true,OK,accept,true
gamma2,org,bb_bbba.162,324,RNGLR,162,162,6045291.50,49958.50,1949696,10,true,true,OK,accept,true
gamma2,org,bb_bbba.162,324,BRNGLR,162,162,6528813.00,126500.50,7241728,10,true,true,OK,accept,true
gamma2,org,bb_bbba.164,328,Leo,164,164,208437.50,4979.00,65536,10,true,true,OK,accept,true
gamma2,org,bb_bbba.164,328,GLL,164,164,9776021.00,223604.50,19152896,10,true,true,OK,accept,true
gamma2,org,bb_bbba.164,328,RNGLR,164,164,6038083.50,15937.50,2162688,10,true,true,OK,accept,true
gamma2,org,bb_bbba.164,328,BRNGLR,164,164,6555833.50,18771.00,5718016,10,true,true,OK,accept,true
gamma2,org,bb_bbba.166,332,Leo,166,166,208583.50,2812.50,163840,10,true,true,OK,accept,true
gamma2,org,bb_bbba.166,332,GLL,166,166,9784396.00,53604.00,18956288,10,true,true,OK,accept,true
gamma2,org,bb_bbba.166,332,RNGLR,166,166,6223978.50,18021.00,1736704,10,true,true,OK,accept,true
gamma2,org,bb_bbba.166,332,BRNGLR,166,166,6748771.00,20875.00,5701632,10,true,true,OK,accept,true
gamma2,org,bb_bbba.168,336,Leo,168,168,210458.00,1916.50,32768,10,true,true,OK,accept,true
gamma2,org,bb_bbba.168,336,GLL,168,168,10137687.50,40583.50,21250048,10,true,true,OK,accept,true
gamma2,org,bb_bbba.168,336,RNGLR,168,168,6322937.50,33062.50,1163264,10,true,true,OK,accept,true
gamma2,org,bb_bbba.168,336,BRNGLR,168,168,6963208.50,32833.50,5554176,10,true,true,OK,accept,true
gamma2,org,bb_bbba.170,340,Leo,170,170,211646.00,1625.00,163840,10,true,true,OK,accept,true
gamma2,org,bb_bbba.170,340,GLL,170,170,11465187.50,89833.00,26673152,10,true,true,OK,accept,true
gamma2,org,bb_bbba.170,340,RNGLR,170,170,6546271.00,30583.50,1327104,10,true,true,OK,accept,true
gamma2,org,bb_bbba.170,340,BRNGLR,170,170,7078562.50,8229.50,7110656,10,true,true,OK,accept,true
gamma2,org,bb_bbba.172,344,Leo,172,172,220895.50,6624.50,131072,10,true,true,OK,accept,true
gamma2,org,bb_bbba.172,344,GLL,172,172,11684458.00,50292.00,31031296,10,true,true,OK,accept,true
gamma2,org,bb_bbba.172,344,RNGLR,172,172,6706146.00,47854.00,1277952,10,true,true,OK,accept,true
gamma2,org,bb_bbba.172,344,BRNGLR,172,172,7383520.50,32957.50,6848512,10,true,true,OK,accept,true
gamma2,org,bb_bbba.174,348,Leo,174,174,216146.00,812.50,49152,10,true,true,OK,accept,true
gamma2,org,bb_bbba.174,348,GLL,174,174,12012083.50,66896.00,29491200,10,true,true,OK,accept,true
gamma2,org,bb_bbba.174,348,RNGLR,174,174,6825417.00,14042.00,1261568,10,true,true,OK,accept,true
gamma2,org,bb_bbba.174,348,BRNGLR,174,174,7495000.00,22604.50,6897664,10,true,true,OK,accept,true
gamma2,org,bb_bbba.176,352,Leo,176,176,235521.00,9437.50,131072,10,true,true,OK,accept,true
gamma2,org,bb_bbba.176,352,GLL,176,176,12320708.00,66604.00,29114368,10,true,true,OK,accept,true
gamma2,org,bb_bbba.176,352,RNGLR,176,176,7063500.50,123458.00,1245184,10,true,true,OK,accept,true
gamma2,org,bb_bbba.176,352,BRNGLR,176,176,7845083.50,110583.00,7585792,10,true,true,OK,accept,true
gamma2,org,bb_bbba.178,356,Leo,178,178,238541.50,9208.50,131072,10,true,true,OK,accept,true
gamma2,org,bb_bbba.178,356,GLL,178,178,13424645.50,255374.50,30179328,10,true,true,OK,accept,true
gamma2,org,bb_bbba.178,356,RNGLR,178,178,7222854.00,29771.00,2703360,10,true,true,OK,accept,true
gamma2,org,bb_bbba.178,356,BRNGLR,178,178,7892604.00,14708.50,6553600,10,true,true,OK,accept,true
gamma2,org,bb_bbba.180,360,Leo,180,180,223500.00,1875.50,81920,10,true,true,OK,accept,true
gamma2,org,bb_bbba.180,360,GLL,180,180,13420813.00,103480.00,29589504,10,true,true,OK,accept,true
gamma2,org,bb_bbba.180,360,RNGLR,180,180,7425000.50,47166.00,2310144,10,true,true,OK,accept,true
gamma2,org,bb_bbba.180,360,BRNGLR,180,180,8004437.50,14479.00,6914048,10,true,true,OK,accept,true
gamma2,org,bb_bbba.182,364,Leo,182,182,227583.50,1395.50,32768,10,true,true,OK,accept,true
gamma2,org,bb_bbba.182,364,GLL,182,182,14506854.50,229542.00,30408704,10,true,true,OK,accept,true
gamma2,org,bb_bbba.182,364,RNGLR,182,182,7468937.50,21417.00,2293760,10,true,true,OK,accept,true
gamma2,org,bb_bbba.182,364,BRNGLR,182,182,8450417.00,97021.00,7979008,10,true,true,OK,accept,true
gamma2,org,bb_bbba.184,368,Leo,184,184,238188.00,4250.00,81920,10,true,true,OK,accept,true
gamma2,org,bb_bbba.184,368,GLL,184,184,14076833.00,128604.50,33685504,10,true,true,OK,accept,true
gamma2,org,bb_bbba.184,368,RNGLR,184,184,7827624.50,136437.00,1982464,10,true,true,OK,accept,true
gamma2,org,bb_bbba.184,368,BRNGLR,184,184,8448167.00,11499.50,8290304,10,true,true,OK,accept,true
gamma2,org,bb_bbba.186,372,Leo,186,186,234750.00,1292.00,49152,10,true,true,OK,accept,true
gamma2,org,bb_bbba.186,372,GLL,186,186,14512813.00,67000.50,30785536,10,true,true,OK,accept,true
gamma2,org,bb_bbba.186,372,RNGLR,186,186,7838187.00,16292.50,2064384,10,true,true,OK,accept,true
gamma2,org,bb_bbba.186,372,BRNGLR,186,186,8634708.50,31792.00,8896512,10,true,true,OK,accept,true
gamma2,org,bb_bbba.188,376,Leo,188,188,236166.50,2729.00,114688,10,true,true,OK,accept,true
gamma2,org,bb_bbba.188,376,GLL,188,188,14831666.50,82813.00,31408128,10,true,true,OK,accept,true
gamma2,org,bb_bbba.188,376,RNGLR,188,188,7986000.00,26000.50,1720320,10,true,true,OK,accept,true
gamma2,org,bb_bbba.188,376,BRNGLR,188,188,8775396.50,12980.00,8749056,10,true,true,OK,accept,true
gamma2,org,bb_bbba.190,380,Leo,190,190,238437.00,2291.50,98304,10,true,true,OK,accept,true
gamma2,org,bb_bbba.190,380,GLL,190,190,15510187.50,69896.00,31752192,10,true,true,OK,accept,true
gamma2,org,bb_bbba.190,380,RNGLR,190,190,8178250.00,6021.00,1605632,10,true,true,OK,accept,true
gamma2,org,bb_bbba.190,380,BRNGLR,190,190,8999583.50,17438.00,9404416,10,true,true,OK,accept,true
gamma2,org,bb_bbba.192,384,Leo,192,192,242167.00,1750.50,98304,10,true,true,OK,accept,true
gamma2,org,bb_bbba.192,384,GLL,192,192,15884625.00,108396.00,31260672,10,true,true,OK,accept,true
gamma2,org,bb_bbba.192,384,RNGLR,192,192,8526354.00,35229.00,3129344,10,true,true,OK,accept,true
gamma2,org,bb_bbba.192,384,BRNGLR,192,192,9270604.00,56375.00,9519104,10,true,true,OK,accept,true
gamma2,org,bb_bbba.194,388,Leo,194,194,240312.00,1708.00,114688,10,true,true,OK,accept,true
gamma2,org,bb_bbba.194,388,GLL,194,194,16244875.00,95917.00,32358400,10,true,true,OK,accept,true
gamma2,org,bb_bbba.194,388,RNGLR,194,194,8434541.50,14875.00,2654208,10,true,true,OK,accept,true
gamma2,org,bb_bbba.194,388,BRNGLR,194,194,9533854.00,54041.50,9699328,10,true,true,OK,accept,true
gamma2,org,bb_bbba.196,392,Leo,196,196,253979.50,8458.00,49152,10,true,true,OK,accept,true
gamma2,org,bb_bbba.196,392,GLL,196,196,16490104.50,104188.00,32538624,10,true,true,OK,accept,true
gamma2,org,bb_bbba.196,392,RNGLR,196,196,8908208.00,17167.00,2392064,10,true,true,OK,accept,true
gamma2,org,bb_bbba.196,392,BRNGLR,196,196,9594646.00,37729.00,9256960,10,true,true,OK,accept,true
gamma2,org,bb_bbba.198,396,Leo,198,198,244041.50,1041.50,65536,10,true,true,OK,accept,true
gamma2,org,bb_bbba.198,396,GLL,198,198,17085437.50,118333.50,32456704,10,true,true,OK,accept,true
gamma2,org,bb_bbba.198,396,RNGLR,198,198,8845375.50,20334.00,2015232,10,true,true,OK,accept,true
gamma2,org,bb_bbba.198,396,BRNGLR,198,198,9855958.50,14875.00,9306112,10,true,true,OK,accept,true
gamma2,org,bb_bbba.200,400,Leo,200,200,249562.50,4729.00,147456,10,true,true,OK,accept,true
gamma2,org,bb_bbba.200,400,GLL,200,200,17649729.50,174083.00,33341440,10,true,true,OK,accept,true
gamma2,org,bb_bbba.200,400,RNGLR,200,200,9040479.00,39979.00,2310144,10,true,true,OK,accept,true
gamma2,org,bb_bbba.200,400,BRNGLR,200,200,10136250.50,51146.00,10289152,10,true,true,OK,accept,true
gamma2,org,bb_bbba.202,404,Leo,202,202,256312.50,8000.50,49152,10,true,true,OK,accept,true
gamma2,org,bb_bbba.202,404,GLL,202,202,18582833.00,529937.00,36257792,10,true,true,OK,accept,true
gamma2,org,bb_bbba.202,404,RNGLR,202,202,9400271.00,36417.00,3407872,10,true,true,OK,accept,true
gamma2,org,bb_bbba.202,404,BRNGLR,202,202,10578459.00,161749.00,9437184,10,true,true,OK,accept,true
gamma2,org,bb_bbba.204,408,Leo,204,204,267729.50,6208.50,65536,10,true,true,OK,accept,true
gamma2,org,bb_bbba.204,408,GLL,204,204,18964666.50,498562.50,33882112,10,true,true,OK,accept,true
gamma2,org,bb_bbba.204,408,RNGLR,204,204,9502125.00,58417.00,1851392,10,true,true,OK,accept,true
gamma2,org,bb_bbba.204,408,BRNGLR,204,204,10525750.00,119854.50,10649600,10,true,true,OK,accept,true
gamma2,org,bb_bbba.206,412,Leo,206,206,257583.50,2270.50,65536,10,true,true,OK,accept,true
gamma2,org,bb_bbba.206,412,GLL,206,206,21075749.50,1271021.00,34324480,10,true,true,OK,accept,true
gamma2,org,bb_bbba.206,412,RNGLR,206,206,9988583.50,69958.50,3145728,10,true,true,OK,accept,true
gamma2,org,bb_bbba.206,412,BRNGLR,206,206,10652458.00,16708.50,10780672,10,true,true,OK,accept,true
gamma2,org,bb_bbba.208,416,Leo,208,208,257667.00,1792.00,81920,10,true,true,OK,accept,true
gamma2,org,bb_bbba.208,416,GLL,208,208,18883083.50,196874.50,34783232,10,true,true,OK,accept,true
gamma2,org,bb_bbba.208,416,RNGLR,208,208,9840396.00,14021.00,3325952,10,true,true,OK,accept,true
gamma2,org,bb_bbba.208,416,BRNGLR,208,208,10847041.50,16624.50,10977280,10,true,true,OK,accept,true
gamma2,org,bb_bbba.210,420,Leo,210,210,260958.50,4604.50,65536,10,true,true,OK,accept,true
gamma2,org,bb_bbba.210,420,GLL,210,210,19247895.50,24708.50,34963456,10,true,true,OK,accept,true
gamma2,org,bb_bbba.210,420,RNGLR,210,210,10231313.00,25188.00,2801664,10,true,true,OK,accept,true
gamma2,org,bb_bbba.210,420,BRNGLR,210,210,11139937.50,24854.50,10141696,10,true,true,OK,accept,true
gamma2,org,bb_bbba.212,424,Leo,212,212,260208.50,1750.50,81920,10,true,true,OK,accept,true
gamma2,org,bb_bbba.212,424,GLL,212,212,20033520.50,102437.00,35307520,10,true,true,OK,accept,true
gamma2,org,bb_bbba.212,424,RNGLR,212,212,10307167.00,23354.50,1949696,10,true,true,OK,accept,true
gamma2,org,bb_bbba.212,424,BRNGLR,212,212,11404375.50,16395.50,11386880,10,true,true,OK,accept,true
gamma2,org,bb_bbba.214,428,Leo,214,214,264562.00,2686.50,81920,10,true,true,OK,accept,true
gamma2,org,bb_bbba.214,428,GLL,214,214,20357042.00,73750.00,36798464,10,true,true,OK,accept,true
gamma2,org,bb_bbba.214,428,RNGLR,214,214,10379312.50,38479.50,2523136,10,true,true,OK,accept,true
gamma2,org,bb_bbba.214,428,BRNGLR,214,214,11654916.50,25583.50,11649024,10,true,true,OK,accept,true
gamma2,org,bb_bbba.216,432,Leo,216,216,266000.50,1854.50,65536,10,true,true,OK,accept,true
gamma2,org,bb_bbba.216,432,GLL,216,216,22796374.50,93604.00,52477952,10,true,true,OK,accept,true
gamma2,org,bb_bbba.216,432,RNGLR,216,216,10706021.00,46312.50,2015232,10,true,true,OK,accept,true
gamma2,org,bb_bbba.216,432,BRNGLR,216,216,11854792.00,65083.50,11763712,10,true,true,OK,accept,true
gamma2,org,bb_bbba.218,436,Leo,218,218,275083.50,7355.00,114688,10,true,true,OK,accept,true
gamma2,org,bb_bbba.218,436,GLL,218,218,24593541.50,1049583.50,53772288,10,true,true,OK,accept,true
gamma2,org,bb_bbba.218,436,RNGLR,218,218,11072021.00,76208.00,2064384,10,true,true,OK,accept,true
gamma2,org,bb_bbba.218,436,BRNGLR,218,218,12433541.50,117875.50,11763712,10,true,true,OK,accept,true
gamma2,org,bb_bbba.220,440,Leo,220,220,270354.00,2958.50,81920,10,true,true,OK,accept,true
gamma2,org,bb_bbba.220,440,GLL,220,220,24161687.50,249479.50,54312960,10,true,true,OK,accept,true
gamma2,org,bb_bbba.220,440,RNGLR,220,220,10973875.00,24666.50,1998848,10,true,true,OK,accept,true
gamma2,org,bb_bbba.220,440,BRNGLR,220,220,12259875.00,74583.00,11976704,10,true,true,OK,accept,true
gamma2,org,bb_bbba.222,444,Leo,222,222,272146.00,2833.50,163840,10,true,true,OK,accept,true
gamma2,org,bb_bbba.222,444,GLL,222,222,24722854.50,257812.50,56311808,10,true,true,OK,accept,true
gamma2,org,bb_bbba.222,444,RNGLR,222,222,11207750.50,28083.50,2162688,10,true,true,OK,accept,true
gamma2,org,bb_bbba.222,444,BRNGLR,222,222,12902187.50,196104.50,11780096,10,true,true,OK,accept,true
gamma2,org,bb_bbba.224,448,Leo,224,224,276083.50,2604.50,131072,10,true,true,OK,accept,true
gamma2,org,bb_bbba.224,448,GLL,224,224,24835979.00,126645.50,55083008,10,true,true,OK,accept,true
gamma2,org,bb_bbba.224,448,RNGLR,224,224,11696583.50,22229.50,2506752,10,true,true,OK,accept,true
gamma2,org,bb_bbba.224,448,BRNGLR,224,224,12734187.50,53354.50,12632064,10,true,true,OK,accept,true
gamma2,org,bb_bbba.226,452,Leo,226,226,285354.00,6041.50,49152,10,true,true,OK,accept,true
gamma2,org,bb_bbba.226,452,GLL,226,226,26723854.00,1288146.00,55607296,10,true,true,OK,accept,true
gamma2,org,bb_bbba.226,452,RNGLR,226,226,12035312.50,466708.50,3211264,10,true,true,OK,accept,true
gamma2,org,bb_bbba.226,452,BRNGLR,226,226,13087791.50,96291.50,11927552,10,true,true,OK,accept,true
gamma2,org,bb_bbba.228,456,Leo,228,228,300333.50,10229.50,114688,10,true,true,OK,accept,true
gamma2,org,bb_bbba.228,456,GLL,228,228,25747187.00,193916.00,58785792,10,true,true,OK,accept,true
gamma2,org,bb_bbba.228,456,RNGLR,228,228,11740854.50,40812.50,2408448,10,true,true,OK,accept,true
gamma2,org,bb_bbba.228,456,BRNGLR,228,228,13188979.00,61187.50,13025280,10,true,true,OK,accept,true
gamma2,org,bb_bbba.230,460,Leo,230,230,282604.00,2875.00,98304,10,true,true,OK,accept,true
gamma2,org,bb_bbba.230,460,GLL,230,230,26112333.50,86146.00,57950208,10,true,true,OK,accept,true
gamma2,org,bb_bbba.230,460,RNGLR,230,230,12053937.50,27374.50,4341760,10,true,true,OK,accept,true
gamma2,org,bb_bbba.230,460,BRNGLR,230,230,13554146.00,60770.50,13123584,10,true,true,OK,accept,true
gamma2,org,bb_bbba.232,464,Leo,232,232,288041.50,1708.00,65536,10,true,true,OK,accept,true
gamma2,org,bb_bbba.232,464,GLL,232,232,26953000.00,81291.50,56868864,10,true,true,OK,accept,true
gamma2,org,bb_bbba.232,464,RNGLR,232,232,12343395.50,36500.00,4276224,10,true,true,OK,accept,true
gamma2,org,bb_bbba.232,464,BRNGLR,232,232,13726583.50,98375.00,12582912,10,true,true,OK,accept,true
gamma2,org,bb_bbba.234,468,Leo,234,234,286395.50,1187.50,81920,10,true,true,OK,accept,true
gamma2,org,bb_bbba.234,468,GLL,234,234,27727521.00,203479.50,57344000,10,true,true,OK,accept,true
gamma2,org,bb_bbba.234,468,RNGLR,234,234,12458791.50,33750.00,3653632,10,true,true,OK,accept,true
gamma2,org,bb_bbba.234,468,BRNGLR,234,234,14120500.00,55166.50,12943360,10,true,true,OK,accept,true
gamma2,org,bb_bbba.236,472,Leo,236,236,290542.00,1208.50,32768,10,true,true,OK,accept,true
gamma2,org,bb_bbba.236,472,GLL,236,236,28654937.50,355021.00,61358080,10,true,true,OK,accept,true
gamma2,org,bb_bbba.236,472,RNGLR,236,236,12855187.50,39895.50,3129344,10,true,true,OK,accept,true
gamma2,org,bb_bbba.236,472,BRNGLR,236,236,14370833.00,77333.00,13631488,10,true,true,OK,accept,true
gamma2,org,bb_bbba.238,476,Leo,238,238,310500.50,2708.00,65536,10,true,true,OK,accept,true
gamma2,org,bb_bbba.238,476,GLL,238,238,29047208.50,262646.00,58933248,10,true,true,OK,accept,true
gamma2,org,bb_bbba.238,476,RNGLR,238,238,13001500.00,51062.50,4472832,10,true,true,OK,accept,true
gamma2,org,bb_bbba.238,476,BRNGLR,238,238,14658041.50,145083.00,14729216,10,true,true,OK,accept,true
gamma2,org,bb_bbba.240,480,Leo,240,240,305187.50,9208.50,131072,10,true,true,OK,accept,true
gamma2,org,bb_bbba.240,480,GLL,240,240,29433250.00,404104.00,58818560,10,true,true,OK,accept,true
gamma2,org,bb_bbba.240,480,RNGLR,240,240,13157416.50,70583.50,2686976,10,true,true,OK,accept,true
gamma2,org,bb_bbba.240,480,BRNGLR,240,240,14821708.00,159999.50,14024704,10,true,true,OK,accept,true
gamma2,org,bb_bbba.242,484,Leo,242,242,300396.00,3292.00,81920,10,true,true,OK,accept,true
gamma2,org,bb_bbba.242,484,GLL,242,242,30066729.50,449417.00,59392000,10,true,true,OK,accept,true
gamma2,org,bb_bbba.242,484,RNGLR,242,242,13317687.50,42104.00,4505600,10,true,true,OK,accept,true
gamma2,org,bb_bbba.242,484,BRNGLR,242,242,15220020.50,55729.00,15106048,10,true,true,OK,accept,true
gamma2,org,bb_bbba.244,488,Leo,244,244,337812.50,19270.50,81920,10,true,true,OK,accept,true
gamma2,org,bb_bbba.244,488,GLL,244,244,30657896.00,249187.50,59752448,10,true,true,OK,accept,true
gamma2,org,bb_bbba.244,488,RNGLR,244,244,14119646.00,140854.50,3211264,10,true,true,OK,accept,true
gamma2,org,bb_bbba.244,488,BRNGLR,244,244,15632271.00,75854.50,14385152,10,true,true,OK,accept,true
gamma2,org,bb_bbba.246,492,Leo,246,246,305583.50,4416.50,131072,10,true,true,OK,accept,true
gamma2,org,bb_bbba.246,492,GLL,246,246,31134104.00,304854.50,62357504,10,true,true,OK,accept,true
gamma2,org,bb_bbba.246,492,RNGLR,246,246,13913292.00,57187.50,4210688,10,true,true,OK,accept,true
gamma2,org,bb_bbba.246,492,BRNGLR,246,246,15832375.00,133021.00,15564800,10,true,true,OK,accept,true
gamma2,org,bb_bbba.248,496,Leo,248,248,305583.50,3958.50,163840,10,true,true,OK,accept,true
gamma2,org,bb_bbba.248,496,GLL,248,248,31977438.00,425355.00,60669952,10,true,true,OK,accept,true
gamma2,org,bb_bbba.248,496,RNGLR,248,248,14530416.50,47062.50,4882432,10,true,true,OK,accept,true
gamma2,org,bb_bbba.248,496,BRNGLR,248,248,15938812.50,146875.00,16547840,10,true,true,OK,accept,true
gamma2,org,bb_bbba.250,500,Leo,250,250,304854.00,1729.00,98304,10,true,true,OK,accept,true
gamma2,org,bb_bbba.250,500,GLL,250,250,32719562.50,272312.50,61767680,10,true,true,OK,accept,true
gamma2,org,bb_bbba.250,500,RNGLR,250,250,14739750.00,34521.00,4784128,10,true,true,OK,accept,true
gamma2,org,bb_bbba.250,500,BRNGLR,250,250,16331812.50,33958.50,16007168,10,true,true,OK,accept,true
gamma2,org,bb_bbba.252,504,Leo,252,252,327271.00,7750.00,114688,10,true,true,OK,accept,true
gamma2,org,bb_bbba.252,504,GLL,252,252,32893812.50,117437.50,62390272,10,true,true,OK,accept,true
gamma2,org,bb_bbba.252,504,RNGLR,252,252,14537813.00,20771.00,3817472,10,true,true,OK,accept,true
gamma2,org,bb_bbba.252,504,BRNGLR,252,252,16570895.50,38729.00,16252928,10,true,true,OK,accept,true
gamma2,org,bb_bbba.254,508,Leo,254,254,315416.50,4271.00,114688,10,true,true,OK,accept,true
gamma2,org,bb_bbba.254,508,GLL,254,254,34546937.50,561291.50,65060864,10,true,true,OK,accept,true
gamma2,org,bb_bbba.254,508,RNGLR,254,254,14682750.00,25917.00,4374528,10,true,true,OK,accept,true
gamma2,org,bb_bbba.254,508,BRNGLR,254,254,16763813.00,90958.00,16498688,10,true,true,OK,accept,true
gamma2,org,bb_bbba.256,512,Leo,256,256,314645.50,1708.00,131072,10,true,true,OK,accept,true
gamma2,org,bb_bbba.256,512,GLL,256,256,34715521.00,331250.00,66584576,10,true,true,OK,accept,true
gamma2,org,bb_bbba.256,512,RNGLR,256,256,15007437.50,34792.00,4374528,10,true,true,OK,accept,true
gamma2,org,bb_bbba.256,512,BRNGLR,256,256,17210062.50,52354.00,16121856,10,true,true,OK,accept,true
gamma2,org,bb_bbba.258,516,Leo,258,258,326292.00,11125.00,81920,10,true,true,OK,accept,true
gamma2,org,bb_bbba.258,516,GLL,258,258,35555583.50,124937.00,63307776,10,true,true,OK,accept,true
gamma2,org,bb_bbba.258,516,RNGLR,258,258,15357000.00,120583.50,3538944,10,true,true,OK,accept,true
gamma2,org,bb_bbba.258,516,BRNGLR,258,258,17548291.50,167937.00,16842752,10,true,true,OK,accept,true
gamma2,org,bb_bbba.260,520,Leo,260,260,319062.50,1645.50,49152,10,true,true,OK,accept,true
gamma2,org,bb_bbba.260,520,GLL,260,260,36781896.00,185375.00,68403200,10,true,true,OK,accept,true
gamma2,org,bb_bbba.260,520,RNGLR,260,260,15849250.00,15375.00,5292032,10,true,true,OK,accept,true
gamma2,org,bb_bbba.260,520,BRNGLR,260,260,17734916.50,43979.00,17121280,10,true,true,OK,accept,true
gamma2,org,bb_bbba.262,524,Leo,262,262,330895.50,10083.00,163840,10,true,true,OK,accept,true
gamma2,org,bb_bbba.262,524,GLL,262,262,37298917.00,540917.00,64667648,10,true,true,OK,accept,true
gamma2,org,bb_bbba.262,524,RNGLR,262,262,16119541.50,40645.50,4931584,10,true,true,OK,accept,true
gamma2,org,bb_bbba.262,524,BRNGLR,262,262,18037104.00,106124.50,17383424,10,true,true,OK,accept,true
gamma2,org,bb_bbba.264,528,Leo,264,264,339083.50,2667.00,49152,10,true,true,OK,accept,true
gamma2,org,bb_bbba.264,528,GLL,264,264,38619833.50,288520.50,65470464,10,true,true,OK,accept,true
gamma2,org,bb_bbba.264,528,RNGLR,264,264,16246458.00,75687.00,5439488,10,true,true,OK,accept,true
gamma2,org,bb_bbba.264,528,BRNGLR,264,264,18390666.50,61125.50,17547264,10,true,true,OK,accept,true
gamma2,org,bb_bbba.266,532,Leo,266,266,338146.00,9104.00,131072,10,true,true,OK,accept,true
gamma2,org,bb_bbba.266,532,GLL,266,266,39698312.50,553520.50,68616192,10,true,true,OK,accept,true
gamma2,org,bb_bbba.266,532,RNGLR,266,266,16484229.00,180437.50,4800512,10,true,true,OK,accept,true
gamma2,org,bb_bbba.266,532,BRNGLR,266,266,18594333.00,133249.50,17874944,10,true,true,OK,accept,true
gamma2,org,bb_bbba.268,536,Leo,268,268,327541.50,3792.00,131072,10,true,true,OK,accept,true
gamma2,org,bb_bbba.268,536,GLL,268,268,40536208.50,742583.50,71008256,10,true,true,OK,accept,true
gamma2,org,bb_bbba.268,536,RNGLR,268,268,16623375.00,146021.00,4407296,10,true,true,OK,accept,true
gamma2,org,bb_bbba.268,536,BRNGLR,268,268,19146604.50,99313.00,18055168,10,true,true,OK,accept,true
gamma2,org,bb_bbba.270,540,Leo,270,270,328666.50,2479.50,180224,10,true,true,OK,accept,true
gamma2,org,bb_bbba.270,540,GLL,270,270,40409916.50,267166.50,67387392,10,true,true,OK,accept,true
gamma2,org,bb_bbba.270,540,RNGLR,270,270,16847291.50,75458.00,3555328,10,true,true,OK,accept,true
gamma2,org,bb_bbba.270,540,BRNGLR,270,270,19511167.00,220875.00,18333696,10,true,true,OK,accept,true
gamma2,org,bb_bbba.272,544,Leo,272,272,335770.50,3833.00,65536,10,true,true,OK,accept,true
gamma2,org,bb_bbba.272,544,GLL,272,272,42457520.50,616583.00,67862528,10,true,true,OK,accept,true
gamma2,org,bb_bbba.272,544,RNGLR,272,272,17119458.00,25999.50,3506176,10,true,true,OK,accept,true
gamma2,org,bb_bbba.272,544,BRNGLR,272,272,19853145.50,325875.00,18546688,10,true,true,OK,accept,true
gamma2,org,bb_bbba.274,548,Leo,274,274,336479.00,2291.50,180224,10,true,true,OK,accept,true
gamma2,org,bb_bbba.274,548,GLL,274,274,47205875.00,816312.50,103170048,10,true,true,OK,accept,true
gamma2,org,bb_bbba.274,548,RNGLR,274,274,17717375.00,30479.50,4571136,10,true,true,OK,accept,true
gamma2,org,bb_bbba.274,548,BRNGLR,274,274,19777812.50,36729.50,18776064,10,true,true,OK,accept,true
gamma2,org,bb_bbba.276,552,Leo,276,276,356104.00,3625.00,98304,10,true,true,OK,accept,true
gamma2,org,bb_bbba.276,552,GLL,276,276,47332479.00,470875.00,105463808,10,true,true,OK,accept,true
gamma2,org,bb_bbba.276,552,RNGLR,276,276,17580812.50,38333.50,4079616,10,true,true,OK,accept,true
gamma2,org,bb_bbba.276,552,BRNGLR,276,276,20787375.00,313187.00,19070976,10,true,true,OK,accept,true
gamma2,org,bb_bbba.278,556,Leo,278,278,345854.50,4437.50,180224,10,true,true,OK,accept,true
gamma2,org,bb_bbba.278,556,GLL,278,278,48851750.00,857666.50,104480768,10,true,true,OK,accept,true
gamma2,org,bb_bbba.278,556,RNGLR,278,278,18078541.50,153666.50,5472256,10,true,true,OK,accept,true
gamma2,org,bb_bbba.278,556,BRNGLR,278,278,20828458.50,167625.00,19169280,10,true,true,OK,accept,true
gamma2,org,bb_bbba.280,560,Leo,280,280,345458.50,4375.50,180224,10,true,true,OK,accept,true
gamma2,org,bb_bbba.280,560,GLL,280,280,60110437.00,9135666.50,105267200,10,true,true,OK,accept,true
gamma2,org,bb_bbba.280,560,RNGLR,280,280,18361458.50,255958.00,5488640,10,true,true,OK,accept,true
gamma2,org,bb_bbba.280,560,BRNGLR,280,280,21258937.50,104937.50,19611648,10,true,true,OK,accept,true
gamma2,org,bb_bbba.282,564,Leo,282,282,352562.50,6979.50,180224,10,true,true,OK,accept,true
gamma2,org,bb_bbba.282,564,GLL,282,282,50142854.00,556791.00,106397696,10,true,true,OK,accept,true
gamma2,org,bb_bbba.282,564,RNGLR,282,282,18444208.50,22208.50,6094848,10,true,true,OK,accept,true
gamma2,org,bb_bbba.282,564,BRNGLR,282,282,21635125.50,116729.00,19841024,10,true,true,OK,accept,true
gamma2,org,bb_bbba.284,568,Leo,284,284,352270.50,4020.00,81920,10,true,true,OK,accept,true
gamma2,org,bb_bbba.284,568,GLL,284,284,51943896.00,1079646.00,107053056,10,true,true,OK,accept,true
gamma2,org,bb_bbba.284,568,RNGLR,284,284,19704646.00,498791.50,5734400,10,true,true,OK,accept,true
gamma2,org,bb_bbba.284,568,BRNGLR,284,284,23569062.00,771124.50,20086784,10,true,true,OK,accept,true
gamma2,org,bb_bbba.286,572,Leo,286,286,374937.50,17479.00,114688,10,true,true,OK,accept,true
gamma2,org,bb_bbba.286,572,GLL,286,286,63556479.50,4370958.00,108019712,10,true,true,OK,accept,true
gamma2,org,bb_bbba.286,572,RNGLR,286,286,18785417.00,108646.00,4866048,10,true,true,OK,accept,true
gamma2,org,bb_bbba.286,572,BRNGLR,286,286,21971104.50,100313.50,20414464,10,true,true,OK,accept,true
gamma2,org,bb_bbba.288,576,Leo,288,288,358167.00,4854.50,98304,10,true,true,OK,accept,true
gamma2,org,bb_bbba.288,576,GLL,288,288,52901958.00,523396.50,109608960,10,true,true,OK,accept,true
gamma2,org,bb_bbba.288,576,RNGLR,288,288,19288354.00,76229.50,4489216,10,true,true,OK,accept,true
gamma2,org,bb_bbba.288,576,BRNGLR,288,288,22456396.00,102604.00,20692992,10,true,true,OK,accept,true
gamma2,org,bb_bbba.290,580,Leo,290,290,355187.50,2979.50,147456,10,true,true,OK,accept,true
gamma2,org,bb_bbba.290,580,GLL,290,290,53424813.00,107666.50,110837760,10,true,true,OK,accept,true
gamma2,org,bb_bbba.290,580,RNGLR,290,290,19754667.00,147750.00,6471680,10,true,true,OK,accept,true
gamma2,org,bb_bbba.290,580,BRNGLR,290,290,22559708.00,188604.00,20791296,10,true,true,OK,accept,true
gamma2,org,bb_bbba.292,584,Leo,292,292,361104.00,2958.50,114688,10,true,true,OK,accept,true
gamma2,org,bb_bbba.292,584,GLL,292,292,55301228.50,1078770.00,111427584,10,true,true,OK,accept,true
gamma2,org,bb_bbba.292,584,RNGLR,292,292,19845812.50,57604.50,4898816,10,true,true,OK,accept,true
gamma2,org,bb_bbba.292,584,BRNGLR,292,292,23462291.50,170416.50,21233664,10,true,true,OK,accept,true
gamma2,org,bb_bbba.294,588,Leo,294,294,365708.50,5292.00,131072,10,true,true,OK,accept,true
gamma2,org,bb_bbba.294,588,GLL,294,294,57232500.00,796145.50,117817344,10,true,true,OK,accept,true
gamma2,org,bb_bbba.294,588,RNGLR,294,294,19934020.50,51249.50,5881856,10,true,true,OK,accept,true
gamma2,org,bb_bbba.294,588,BRNGLR,294,294,23461812.50,225125.00,21430272,10,true,true,OK,accept,true
gamma2,org,bb_bbba.296,592,Leo,296,296,376333.50,10375.00,98304,10,true,true,OK,accept,true
gamma2,org,bb_bbba.296,592,GLL,296,296,64136917.00,2257562.50,112754688,10,true,true,OK,accept,true
gamma2,org,bb_bbba.296,592,RNGLR,296,296,20893271.00,144916.50,6520832,10,true,true,OK,accept,true
gamma2,org,bb_bbba.296,592,BRNGLR,296,296,23528021.00,126979.00,21774336,10,true,true,OK,accept,true
gamma2,org,bb_bbba.298,596,Leo,298,298,380229.50,5479.00,32768,10,true,true,OK,accept,true
gamma2,org,bb_bbba.298,596,GLL,298,298,57075771.00,939750.00,114573312,10,true,true,OK,accept,true
gamma2,org,bb_bbba.298,596,RNGLR,298,298,21517479.00,349875.00,6733824,10,true,true,OK,accept,true
gamma2,org,bb_bbba.298,596,BRNGLR,298,298,25649333.00,1249374.50,22020096,10,true,true,OK,accept,true
gamma2,org,bb_bbba.300,600,Leo,300,300,380062.00,4812.00,114688,10,true,true,OK,accept,true
gamma2,org,bb_bbba.300,600,GLL,300,300,63791812.50,1375812.50,114540544,10,true,true,OK,accept,true
gamma2,org,bb_bbba.300,600,RNGLR,300,300,20978333.50,94021.00,5734400,10,true,true,OK,accept,true
gamma2,org,bb_bbba.300,600,BRNGLR,300,300,24741208.50,357979.00,23461888,10,true,true,OK,accept,true
gamma2,org,bb_bbba.302,604,Leo,302,302,375625.00,3625.00,114688,10,true,true,OK,accept,true
gamma2,org,bb_bbba.302,604,GLL,302,302,59926666.50,853416.50,115539968,10,true,true,OK,accept,true
gamma2,org,bb_bbba.302,604,RNGLR,302,302,21528541.50,63791.50,6963200,10,true,true,OK,accept,true
gamma2,org,bb_bbba.302,604,BRNGLR,302,302,24913645.50,97688.00,23625728,10,true,true,OK,accept,true
gamma2,org,bb_bbba.304,608,Leo,304,304,381896.00,4771.00,81920,10,true,true,OK,accept,true
gamma2,org,bb_bbba.304,608,GLL,304,304,60075021.50,527334.00,116129792,10,true,true,OK,accept,true
gamma2,org,bb_bbba.304,608,RNGLR,304,304,21584604.00,53999.50,5062656,10,true,true,OK,accept,true
gamma2,org,bb_bbba.304,608,BRNGLR,304,304,25109687.50,170083.50,24035328,10,true,true,OK,accept,true
gamma2,org,bb_bbba.306,612,Leo,306,306,389541.50,6125.00,180224,10,true,true,OK,accept,true
gamma2,org,bb_bbba.306,612,GLL,306,306,61283812.00,1306145.00,116948992,10,true,true,OK,accept,true
gamma2,org,bb_bbba.306,612,RNGLR,306,306,21556333.50,59208.50,6733824,10,true,true,OK,accept,true
gamma2,org,bb_bbba.306,612,BRNGLR,306,306,26037645.50,371792.00,24215552,10,true,true,OK,accept,true
gamma2,org,bb_bbba.308,616,Leo,308,308,383666.50,2437.00,147456,10,true,true,OK,accept,true
gamma2,org,bb_bbba.308,616,GLL,308,308,61784812.50,351020.50,122388480,10,true,true,OK,accept,true
gamma2,org,bb_bbba.308,616,RNGLR,308,308,22227208.50,218062.50,7241728,10,true,true,OK,accept,true
gamma2,org,bb_bbba.308,616,BRNGLR,308,308,26219687.50,200646.00,24444928,10,true,true,OK,accept,true
gamma2,org,bb_bbba.310,620,Leo,310,310,388395.50,4458.00,131072,10,true,true,OK,accept,true
gamma2,org,bb_bbba.310,620,GLL,310,310,62227500.00,709041.50,122388480,10,true,true,OK,accept,true
gamma2,org,bb_bbba.310,620,RNGLR,310,310,22302000.50,61916.50,6455296,10,true,true,OK,accept,true
gamma2,org,bb_bbba.310,620,BRNGLR,310,310,26390708.50,98791.50,24625152,10,true,true,OK,accept,true
gamma2,org,bb_bbba.312,624,Leo,312,312,388042.00,1375.00,81920,10,true,true,OK,accept,true
gamma2,org,bb_bbba.312,624,GLL,312,312,63514499.50,617166.00,119357440,10,true,true,OK,accept,true
gamma2,org,bb_bbba.312,624,RNGLR,312,312,22619687.50,50416.50,5881856,10,true,true,OK,accept,true
gamma2,org,bb_bbba.312,624,BRNGLR,312,312,26765645.50,296645.50,25100288,10,true,true,OK,accept,true
gamma2,org,bb_bbba.314,628,Leo,314,314,392395.50,4417.00,114688,10,true,true,OK,accept,true
gamma2,org,bb_bbba.314,628,GLL,314,314,64511625.50,908750.50,120111104,10,true,true,OK,accept,true
gamma2,org,bb_bbba.314,628,RNGLR,314,314,22974291.50,80458.00,5636096,10,true,true,OK,accept,true
gamma2,org,bb_bbba.314,628,BRNGLR,314,314,27143208.50,107604.00,25378816,10,true,true,OK,accept,true
gamma2,org,bb_bbba.316,632,Leo,316,316,396687.50,5229.00,114688,10,true,true,OK,accept,true
gamma2,org,bb_bbba.316,632,GLL,316,316,66473521.00,1460688.00,121847808,10,true,true,OK,accept,true
gamma2,org,bb_bbba.316,632,RNGLR,316,316,23359667.00,74084.00,6782976,10,true,true,OK,accept,true
gamma2,org,bb_bbba.316,632,BRNGLR,316,316,27790500.00,300250.50,25772032,10,true,true,OK,accept,true
gamma2,org,bb_bbba.318,636,Leo,318,318,414771.50,13396.00,32768,10,true,true,OK,accept,true
gamma2,org,bb_bbba.318,636,GLL,318,318,67944729.00,1395916.50,121552896,10,true,true,OK,accept,true
gamma2,org,bb_bbba.318,636,RNGLR,318,318,24575500.00,143292.00,5783552,10,true,true,OK,accept,true
gamma2,org,bb_bbba.318,636,BRNGLR,318,318,28022500.50,131480.00,25935872,10,true,true,OK,accept,true
gamma2,org,bb_bbba.320,640,Leo,320,320,396458.00,2583.00,180224,10,true,true,OK,accept,true
gamma2,org,bb_bbba.320,640,GLL,320,320,67541541.50,336812.50,122290176,10,true,true,OK,accept,true
gamma2,org,bb_bbba.320,640,RNGLR,320,320,24611958.00,69104.00,7421952,10,true,true,OK,accept,true
gamma2,org,bb_bbba.320,640,BRNGLR,320,320,28383145.50,340749.50,26312704,10,true,true,OK,accept,true
gamma2,org,bb_bbba.322,644,Leo,322,322,400166.50,3729.00,49152,10,true,true,OK,accept,true
gamma2,org,bb_bbba.322,644,GLL,322,322,68402958.50,230229.00,123273216,10,true,true,OK,accept,true
gamma2,org,bb_bbba.322,644,RNGLR,322,322,25023854.00,179041.00,5996544,10,true,true,OK,accept,true
gamma2,org,bb_bbba.322,644,BRNGLR,322,322,28897062.50,51604.00,26574848,10,true,true,OK,accept,true
gamma2,org,bb_bbba.324,648,Leo,324,324,402292.00,3771.00,81920,10,true,true,OK,accept,true
gamma2,org,bb_bbba.324,648,GLL,324,324,70046958.00,951291.50,124256256,10,true,true,OK,accept,true
gamma2,org,bb_bbba.324,648,RNGLR,324,324,24418250.00,80812.50,7979008,10,true,true,OK,accept,true
gamma2,org,bb_bbba.324,648,BRNGLR,324,324,29220791.00,548479.00,26853376,10,true,true,OK,accept,true
gamma2,org,bb_bbba.326,652,Leo,326,326,440937.50,36895.50,65536,10,true,true,OK,accept,true
gamma2,org,bb_bbba.326,652,GLL,326,326,69722354.50,468854.00,124944384,10,true,true,OK,accept,true
gamma2,org,bb_bbba.326,652,RNGLR,326,326,25680229.00,33312.00,8044544,10,true,true,OK,accept,true
gamma2,org,bb_bbba.326,652,BRNGLR,326,326,29169042.00,72895.50,27066368,10,true,true,OK,accept,true
gamma2,org,bb_bbba.328,656,Leo,328,328,405604.00,1708.00,32768,10,true,true,OK,accept,true
gamma2,org,bb_bbba.328,656,GLL,328,328,72600854.50,1092563.00,126222336,10,true,true,OK,accept,true
gamma2,org,bb_bbba.328,656,RNGLR,328,328,25681146.00,96645.50,6848512,10,true,true,OK,accept,true
gamma2,org,bb_bbba.328,656,BRNGLR,328,328,29636979.50,130812.50,27394048,10,true,true,OK,accept,true
gamma2,org,bb_bbba.330,660,Leo,330,330,413375.50,2271.50,65536,10,true,true,OK,accept,true
gamma2,org,bb_bbba.330,660,GLL,330,330,72573729.50,201250.00,127254528,10,true,true,OK,accept,true
gamma2,org,bb_bbba.330,660,RNGLR,330,330,27268625.00,1178395.50,7667712,10,true,true,OK,accept,true
gamma2,org,bb_bbba.330,660,BRNGLR,330,330,31679604.50,337959.00,27672576,10,true,true,OK,accept,true
gamma2,org,bb_bbba.332,664,Leo,332,332,425729.00,10458.00,98304,10,true,true,OK,accept,true
gamma2,org,bb_bbba.332,664,GLL,332,332,75106541.50,901771.00,131776512,10,true,true,OK,accept,true
gamma2,org,bb_bbba.332,664,RNGLR,332,332,25838937.50,40541.50,6455296,10,true,true,OK,accept,true
gamma2,org,bb_bbba.332,664,BRNGLR,332,332,30869854.00,114021.00,28033024,10,true,true,OK,accept,true
gamma2,org,bb_bbba.334,668,Leo,334,334,420145.50,5020.50,163840,10,true,true,OK,accept,true
gamma2,org,bb_bbba.334,668,GLL,334,334,76121958.50,1138645.50,129138688,10,true,true,OK,accept,true
gamma2,org,bb_bbba.334,668,RNGLR,334,334,26772396.00,462396.00,7847936,10,true,true,OK,accept,true
gamma2,org,bb_bbba.334,668,BRNGLR,334,334,31300979.50,218562.50,28262400,10,true,true,OK,accept,true
gamma2,org,bb_bbba.336,672,Leo,336,336,417458.50,2750.50,147456,10,true,true,OK,accept,true
gamma2,org,bb_bbba.336,672,GLL,336,336,79244541.50,1092187.50,130629632,10,true,true,OK,accept,true
gamma2,org,bb_bbba.336,672,RNGLR,336,336,26670021.00,116729.50,7094272,10,true,true,OK,accept,true
gamma2,org,bb_bbba.336,672,BRNGLR,336,336,31844208.50,181833.00,28590080,10,true,true,OK,accept,true
gamma2,org,bb_bbba.338,676,Leo,338,338,420771.50,4208.50,81920,10,true,true,OK,accept,true
gamma2,org,bb_bbba.338,676,GLL,338,338,83297250.00,1620062.50,136347648,10,true,true,OK,accept,true
gamma2,org,bb_bbba.338,676,RNGLR,338,338,27177645.50,229270.50,8929280,10,true,true,OK,accept,true
gamma2,org,bb_bbba.338,676,BRNGLR,338,338,33662333.50,374208.50,28884992,10,true,true,OK,accept,true
gamma2,org,bb_bbba.340,680,Leo,340,340,427666.50,2708.00,114688,10,true,true,OK,accept,true
gamma2,org,bb_bbba.340,680,GLL,340,340,93145250.00,7491208.00,131940352,10,true,true,OK,accept,true
gamma2,org,bb_bbba.340,680,RNGLR,340,340,27425167.00,174729.50,8028160,10,true,true,OK,accept,true
gamma2,org,bb_bbba.340,680,BRNGLR,340,340,32642187.50,430437.50,29278208,10,true,true,OK,accept,true
gamma2,org,bb_bbba.342,684,Leo,342,342,436437.00,8084.00,81920,10,true,true,OK,accept,true
gamma2,org,bb_bbba.342,684,GLL,342,342,90353145.50,6405437.00,132710400,10,true,true,OK,accept,true
gamma2,org,bb_bbba.342,684,RNGLR,342,342,27745666.50,74875.00,7045120,10,true,true,OK,accept,true
gamma2,org,bb_bbba.342,684,BRNGLR,342,342,33202104.50,251562.50,31162368,10,true,true,OK,accept,true
gamma2,org,bb_bbba.344,688,Leo,344,344,427270.50,3958.00,98304,10,true,true,OK,accept,true
gamma2,org,bb_bbba.344,688,GLL,344,344,82824271.00,503187.50,133496832,10,true,true,OK,accept,true
gamma2,org,bb_bbba.344,688,RNGLR,344,344,29082125.00,425645.50,8355840,10,true,true,OK,accept,true
gamma2,org,bb_bbba.344,688,BRNGLR,344,344,34785812.50,476750.00,29884416,10,true,true,OK,accept,true
gamma2,org,bb_bbba.346,692,Leo,346,346,441437.50,6459.00,65536,10,true,true,OK,accept,true
gamma2,org,bb_bbba.346,692,GLL,346,346,90507021.00,1191646.00,203980800,10,true,true,OK,accept,true
gamma2,org,bb_bbba.346,692,RNGLR,346,346,28338999.50,67854.00,9076736,10,true,true,OK,accept,true
gamma2,org,bb_bbba.346,692,BRNGLR,346,346,34182875.00,338125.00,30130176,10,true,true,OK,accept,true
gamma2,org,bb_bbba.348,696,Leo,348,348,436458.00,3937.00,163840,10,true,true,OK,accept,true
gamma2,org,bb_bbba.348,696,GLL,348,348,94390854.00,1874937.50,204783616,10,true,true,OK,accept,true
gamma2,org,bb_bbba.348,696,RNGLR,348,348,28489562.50,70104.50,7995392,10,true,true,OK,accept,true
gamma2,org,bb_bbba.348,696,BRNGLR,348,348,33908875.00,161875.00,30507008,10,true,true,OK,accept,true
gamma2,org,bb_bbba.350,700,Leo,350,350,434770.50,4437.50,98304,10,true,true,OK,accept,true
gamma2,org,bb_bbba.350,700,GLL,350,350,93952833.50,668104.00,206618624,10,true,true,OK,accept,true
gamma2,org,bb_bbba.350,700,RNGLR,350,350,29733916.00,43207.50,8634368,10,true,true,OK,accept,true
gamma2,org,bb_bbba.350,700,BRNGLR,350,350,34438792.00,108479.50,30851072,10,true,true,OK,accept,true
gamma2,org,bb_bbba.352,704,Leo,352,352,435687.50,2874.50,81920,10,true,true,OK,accept,true
gamma2,org,bb_bbba.352,704,GLL,352,352,96568958.50,1738458.00,206798848,10,true,true,OK,accept,true
gamma2,org,bb_bbba.352,704,RNGLR,352,352,29009708.00,56041.50,9535488,10,true,true,OK,accept,true
gamma2,org,bb_bbba.352,704,BRNGLR,352,352,35485312.00,657291.00,31211520,10,true,true,OK,accept,true
gamma2,org,bb_bbba.354,708,Leo,354,354,460458.50,10541.50,65536,10,true,true,OK,accept,true
gamma2,org,bb_bbba.354,708,GLL,354,354,98714000.00,1062187.00,213417984,10,true,true,OK,accept,true
gamma2,org,bb_bbba.354,708,RNGLR,354,354,29793104.50,70104.00,8601600,10,true,true,OK,accept,true
gamma2,org,bb_bbba.354,708,BRNGLR,354,354,35442520.50,73000.00,31490048,10,true,true,OK,accept,true
gamma2,org,bb_bbba.356,712,Leo,356,356,448354.00,8354.00,98304,10,true,true,OK,accept,true
gamma2,org,bb_bbba.356,712,GLL,356,356,101850270.50,1102770.50,210599936,10,true,true,OK,accept,true
gamma2,org,bb_bbba.356,712,RNGLR,356,356,30151584.00,158166.50,9846784,10,true,true,OK,accept,true
gamma2,org,bb_bbba.356,712,BRNGLR,356,356,36798270.50,127395.50,31883264,10,true,true,OK,accept,true
gamma2,org,bb_bbba.358,716,Leo,358,358,449479.00,9292.00,81920,10,true,true,OK,accept,true
gamma2,org,bb_bbba.358,716,GLL,358,358,102592562.50,951021.00,210812928,10,true,true,OK,accept,true
gamma2,org,bb_bbba.358,716,RNGLR,358,358,31189146.00,53104.50,8601600,10,true,true,OK,accept,true
gamma2,org,bb_bbba.358,716,BRNGLR,358,358,36320187.50,108958.00,32227328,10,true,true,OK,accept,true
gamma2,org,bb_bbba.360,720,Leo,360,360,488500.00,11958.00,65536,10,true,true,OK,accept,true
gamma2,org,bb_bbba.360,720,GLL,360,360,102034916.50,1227041.50,211304448,10,true,true,OK,accept,true
gamma2,org,bb_bbba.360,720,RNGLR,360,360,30573104.00,128478.50,9289728,10,true,true,OK,accept,true
gamma2,org,bb_bbba.360,720,BRNGLR,360,360,37104312.00,190999.50,32571392,10,true,true,OK,accept,true
gamma2,org,bb_bbba.362,724,Leo,362,362,448771.00,2688.00,147456,10,true,true,OK,accept,true
gamma2,org,bb_bbba.362,724,GLL,362,362,103739896.00,520354.50,214401024,10,true,true,OK,accept,true
gamma2,org,bb_bbba.362,724,RNGLR,362,362,30774292.00,28041.50,9273344,10,true,true,OK,accept,true
gamma2,org,bb_bbba.362,724,BRNGLR,362,362,37344208.50,100916.50,32849920,10,true,true,OK,accept,true
gamma2,org,bb_bbba.364,728,Leo,364,364,457458.50,5687.50,98304,10,true,true,OK,accept,true
gamma2,org,bb_bbba.364,728,GLL,364,364,104813708.00,794124.50,213499904,10,true,true,OK,accept,true
gamma2,org,bb_bbba.364,728,RNGLR,364,364,31905500.50,350062.50,8896512,10,true,true,OK,accept,true
gamma2,org,bb_bbba.364,728,BRNGLR,364,364,38021604.00,287708.00,33226752,10,true,true,OK,accept,true
gamma2,org,bb_bbba.366,732,Leo,366,366,456916.50,3020.50,49152,10,true,true,OK,accept,true
gamma2,org,bb_bbba.366,732,GLL,366,366,106418833.00,715979.00,222363648,10,true,true,OK,accept,true
gamma2,org,bb_bbba.366,732,RNGLR,366,366,32720646.00,80875.50,10534912,10,true,true,OK,accept,true
gamma2,org,bb_bbba.366,732,BRNGLR,366,366,39776104.00,503250.00,33554432,10,true,true,OK,accept,true
gamma2,org,bb_bbba.368,736,Leo,368,368,482125.00,6125.00,65536,10,true,true,OK,accept,true
gamma2,org,bb_bbba.368,736,GLL,368,368,120104437.50,11794416.50,217120768,10,true,true,OK,accept,true
gamma2,org,bb_bbba.368,736,RNGLR,368,368,32774250.00,402896.00,10321920,10,true,true,OK,accept,true
gamma2,org,bb_bbba.368,736,BRNGLR,368,368,39794042.00,308521.00,33832960,10,true,true,OK,accept,true
gamma2,org,bb_bbba.370,740,Leo,370,370,479520.50,3833.50,81920,10,true,true,OK,accept,true
gamma2,org,bb_bbba.370,740,GLL,370,370,110979562.50,1629687.50,216514560,10,true,true,OK,accept,true
gamma2,org,bb_bbba.370,740,RNGLR,370,370,33242375.00,42895.50,10682368,10,true,true,OK,accept,true
gamma2,org,bb_bbba.370,740,BRNGLR,370,370,39687333.50,153875.00,34258944,10,true,true,OK,accept,true
gamma2,org,bb_bbba.372,744,Leo,372,372,466020.50,4458.00,65536,10,true,true,OK,accept,true
gamma2,org,bb_bbba.372,744,GLL,372,372,112300333.50,837458.50,221937664,10,true,true,OK,accept,true
gamma2,org,bb_bbba.372,744,RNGLR,372,372,32766979.50,101771.00,11010048,10,true,true,OK,accept,true
gamma2,org,bb_bbba.372,744,BRNGLR,372,372,40188771.00,76646.00,34734080,10,true,true,OK,accept,true
gamma2,org,bb_bbba.374,748,Leo,374,374,465667.00,3729.00,147456,10,true,true,OK,accept,true
gamma2,org,bb_bbba.374,748,GLL,374,374,113043667.00,725104.00,218677248,10,true,true,OK,accept,true
gamma2,org,bb_bbba.374,748,RNGLR,374,374,33375354.00,75104.50,11124736,10,true,true,OK,accept,true
gamma2,org,bb_bbba.374,748,BRNGLR,374,374,40967854.00,179166.00,35110912,10,true,true,OK,accept,true
gamma2,org,bb_bbba.376,752,Leo,376,376,469749.50,4103.50,131072,10,true,true,OK,accept,true
gamma2,org,bb_bbba.376,752,GLL,376,376,114958708.50,409083.00,220053504,10,true,true,OK,accept,true
gamma2,org,bb_bbba.376,752,RNGLR,376,376,33840771.50,105541.00,10289152,10,true,true,OK,accept,true
gamma2,org,bb_bbba.376,752,BRNGLR,376,376,40983916.00,274020.00,35438592,10,true,true,OK,accept,true
gamma2,org,bb_bbba.378,756,Leo,378,378,506562.50,11875.00,98304,10,true,true,OK,accept,true
gamma2,org,bb_bbba.378,756,GLL,378,378,117766708.50,640938.00,220987392,10,true,true,OK,accept,true
gamma2,org,bb_bbba.378,756,RNGLR,378,378,35590979.00,610916.50,9273344,10,true,true,OK,accept,true
gamma2,org,bb_bbba.378,756,BRNGLR,378,378,43240979.00,434020.50,35782656,10,true,true,OK,accept,true
gamma2,org,bb_bbba.380,760,Leo,380,380,489291.50,11395.50,147456,10,true,true,OK,accept,true
gamma2,org,bb_bbba.380,760,GLL,380,380,144561021.00,11397249.50,222740480,10,true,true,OK,accept,true
gamma2,org,bb_bbba.380,760,RNGLR,380,380,34969646.00,166812.50,9879552,10,true,true,OK,accept,true
gamma2,org,bb_bbba.380,760,BRNGLR,380,380,42730041.50,601041.00,36405248,10,true,true,OK,accept,true
gamma2,org,bb_bbba.382,764,Leo,382,382,485438.00,4583.00,131072,10,true,true,OK,accept,true
gamma2,org,bb_bbba.382,764,GLL,382,382,131366145.50,2397333.50,223281152,10,true,true,OK,accept,true
gamma2,org,bb_bbba.382,764,RNGLR,382,382,35784729.00,157854.00,10698752,10,true,true,OK,accept,true
gamma2,org,bb_bbba.382,764,BRNGLR,382,382,43086917.00,299938.00,36503552,10,true,true,OK,accept,true
gamma2,org,bb_bbba.384,768,Leo,384,384,488396.00,10500.00,49152,10,true,true,OK,accept,true
gamma2,org,bb_bbba.384,768,GLL,384,384,133770083.50,3727375.00,228704256,10,true,true,OK,accept,true
gamma2,org,bb_bbba.384,768,RNGLR,384,384,34937979.50,179146.00,11534336,10,true,true,OK,accept,true
gamma2,org,bb_bbba.384,768,BRNGLR,384,384,43467084.00,362604.50,36831232,10,true,true,OK,accept,true
gamma2,org,bb_bbba.386,772,Leo,386,386,489687.50,3875.00,131072,10,true,true,OK,accept,true
gamma2,org,bb_bbba.386,772,GLL,386,386,127046770.50,1982958.50,229933056,10,true,true,OK,accept,true
gamma2,org,bb_bbba.386,772,RNGLR,386,386,35886604.50,210041.50,10043392,10,true,true,OK,accept,true
gamma2,org,bb_bbba.386,772,BRNGLR,386,386,44029979.00,272291.50,38830080,10,true,true,OK,accept,true
gamma2,org,bb_bbba.388,776,Leo,388,388,489729.00,3645.50,147456,10,true,true,OK,accept,true
gamma2,org,bb_bbba.388,776,GLL,388,388,127890916.50,1697041.50,233537536,10,true,true,OK,accept,true
gamma2,org,bb_bbba.388,776,RNGLR,388,388,36355229.00,102062.50,10551296,10,true,true,OK,accept,true
gamma2,org,bb_bbba.388,776,BRNGLR,388,388,44891271.00,466271.00,37535744,10,true,true,OK,accept,true
gamma2,org,bb_bbba.390,780,Leo,390,390,503687.50,6916.50,32768,10,true,true,OK,accept,true
gamma2,org,bb_bbba.390,780,GLL,390,390,129180770.50,2055104.00,231948288,10,true,true,OK,accept,true
gamma2,org,bb_bbba.390,780,RNGLR,390,390,36620833.00,123312.50,11993088,10,true,true,OK,accept,true
gamma2,org,bb_bbba.390,780,BRNGLR,390,390,44449542.00,141375.00,37928960,10,true,true,OK,accept,true
gamma2,org,bb_bbba.392,784,Leo,392,392,498583.50,5708.50,98304,10,true,true,OK,accept,true
gamma2,org,bb_bbba.392,784,GLL,392,392,132644041.50,961104.50,233160704,10,true,true,OK,accept,true
gamma2,org,bb_bbba.392,784,RNGLR,392,392,37428125.00,127646.00,12042240,10,true,true,OK,accept,true
gamma2,org,bb_bbba.392,784,BRNGLR,392,392,44782271.00,107604.50,38256640,10,true,true,OK,accept,true
gamma2,org,bb_bbba.394,788,Leo,394,394,490417.00,4063.00,81920,10,true,true,OK,accept,true
gamma2,org,bb_bbba.394,788,GLL,394,394,136699604.00,3031167.00,235814912,10,true,true,OK,accept,true
gamma2,org,bb_bbba.394,788,RNGLR,394,394,38184083.00,148416.50,12156928,10,true,true,OK,accept,true
gamma2,org,bb_bbba.394,788,BRNGLR,394,394,46507500.00,237396.00,40157184,10,true,true,OK,accept,true
gamma2,org,bb_bbba.396,792,Leo,396,396,486083.50,5646.00,65536,10,true,true,OK,accept,true
gamma2,org,bb_bbba.396,792,GLL,396,396,136500875.00,1284270.50,231784448,10,true,true,OK,accept,true
gamma2,org,bb_bbba.396,792,RNGLR,396,396,37223791.50,176187.00,11911168,10,true,true,OK,accept,true
gamma2,org,bb_bbba.396,792,BRNGLR,396,396,47194187.50,530312.50,39059456,10,true,true,OK,accept,true
gamma2,org,bb_bbba.398,796,Leo,398,398,503708.50,5937.50,98304,10,true,true,OK,accept,true
gamma2,org,bb_bbba.398,796,GLL,398,398,148608645.50,6736666.50,234405888,10,true,true,OK,accept,true
gamma2,org,bb_bbba.398,796,RNGLR,398,398,39493125.00,327646.00,12353536,10,true,true,OK,accept,true
gamma2,org,bb_bbba.398,796,BRNGLR,398,398,46999145.50,435437.50,39436288,10,true,true,OK,accept,true
gamma2,org,bb_bbba.400,800,Leo,400,400,497333.00,2374.50,98304,10,true,true,OK,accept,true
gamma2,org,bb_bbba.400,800,GLL,400,400,151444979.00,3893667.00,240812032,10,true,true,OK,accept,true
gamma2,org,bb_bbba.400,800,RNGLR,400,400,38770125.00,231229.00,11173888,10,true,true,OK,accept,true
gamma2,org,bb_bbba.400,800,BRNGLR,400,400,47656062.50,526187.50,39763968,10,true,true,OK,accept,true
gamma2,org,bb_bbba.402,804,Leo,402,402,496063.00,4896.00,98304,10,true,true,OK,accept,true
gamma2,org,bb_bbba.402,804,GLL,402,402,160532333.50,16237041.50,238305280,10,true,true,OK,accept,true
gamma2,org,bb_bbba.402,804,RNGLR,402,402,39350500.00,530020.50,10829824,10,true,true,OK,accept,true
gamma2,org,bb_bbba.402,804,BRNGLR,402,402,49235958.00,1148103.50,40173568,10,true,true,OK,accept,true
gamma2,org,bb_bbba.404,808,Leo,404,404,592270.50,69437.50,1163264,10,true,true,OK,accept,true
gamma2,org,bb_bbba.404,808,GLL,404,404,171943208.50,17103354.50,244236288,10,true,true,OK,accept,true
gamma2,org,bb_bbba.404,808,RNGLR,404,404,41029354.50,652854.50,11010048,10,true,true,OK,accept,true
gamma2,org,bb_bbba.404,808,BRNGLR,404,404,49543792.00,1115583.50,40484864,10,true,true,OK,accept,true
gamma2,org,bb_bbba.406,812,Leo,406,406,515563.00,11834.00,98304,10,true,true,OK,accept,true
gamma2,org,bb_bbba.406,812,GLL,406,406,160728666.50,4108729.00,238518272,10,true,true,OK,accept,true
gamma2,org,bb_bbba.406,812,RNGLR,406,406,39937791.50,193520.50,12812288,10,true,true,OK,accept,true
gamma2,org,bb_bbba.406,812,BRNGLR,406,406,53063687.50,852167.00,40910848,10,true,true,OK,accept,true
gamma2,org,bb_bbba.408,816,Leo,408,408,525166.50,8750.00,147456,10,true,true,OK,accept,true
gamma2,org,bb_bbba.408,816,GLL,408,408,168703834.00,10520396.00,242794496,10,true,true,OK,accept,true
gamma2,org,bb_bbba.408,816,RNGLR,408,408,40239208.50,131271.00,12877824,10,true,true,OK,accept,true
gamma2,org,bb_bbba.408,816,BRNGLR,408,408,49917833.50,217542.00,41304064,10,true,true,OK,accept,true
gamma2,org,bb_bbba.410,820,Leo,410,410,508541.50,5271.00,114688,10,true,true,OK,accept,true
gamma2,org,bb_bbba.410,820,GLL,410,410,188362833.00,18408312.50,240713728,10,true,true,OK,accept,true
gamma2,org,bb_bbba.410,820,RNGLR,410,410,40492791.50,83083.50,11845632,10,true,true,OK,accept,true
gamma2,org,bb_bbba.410,820,BRNGLR,410,410,50830687.50,626542.00,41615360,10,true,true,OK,accept,true
gamma2,org,bb_bbba.412,824,Leo,412,412,614666.50,78458.50,49152,10,true,true,OK,accept,true
gamma2,org,bb_bbba.412,824,GLL,412,412,183327500.00,9413375.00,244875264,10,true,true,OK,accept,true
gamma2,org,bb_bbba.412,824,RNGLR,412,412,43630499.50,306041.50,12795904,10,true,true,OK,accept,true
gamma2,org,bb_bbba.412,824,BRNGLR,412,412,51454458.50,800479.00,41975808,10,true,true,OK,accept,true
gamma2,org,bb_bbba.414,828,Leo,414,414,526124.50,8166.50,131072,10,true,true,OK,accept,true
gamma2,org,bb_bbba.414,828,GLL,414,414,176817645.50,8799187.50,248053760,10,true,true,OK,accept,true
gamma2,org,bb_bbba.414,828,RNGLR,414,414,41537583.50,352521.00,12042240,10,true,true,OK,accept,true
gamma2,org,bb_bbba.414,828,BRNGLR,414,414,52253667.00,676854.50,42385408,10,true,true,OK,accept,true
gamma2,org,bb_bbba.416,832,Leo,416,416,518542.00,11812.50,114688,10,true,true,OK,accept,true
gamma2,org,bb_bbba.416,832,GLL,416,416,179290875.50,7553167.00,244563968,10,true,true,OK,accept,true
gamma2,org,bb_bbba.416,832,RNGLR,416,416,42062645.50,289270.00,11468800,10,true,true,OK,accept,true
gamma2,org,bb_bbba.416,832,BRNGLR,416,416,52443187.50,362750.00,42811392,10,true,true,OK,accept,true
gamma2,org,bb_bbba.418,836,Leo,418,418,512583.50,4771.00,49152,10,true,true,OK,accept,true
gamma2,org,bb_bbba.418,836,GLL,418,418,172783750.50,3485771.00,249970688,10,true,true,OK,accept,true
gamma2,org,bb_bbba.418,836,RNGLR,418,418,42658375.00,388270.50,11714560,10,true,true,OK,accept,true
gamma2,org,bb_bbba.418,836,BRNGLR,418,418,53146396.00,711104.50,43204608,10,true,true,OK,accept,true
gamma2,org,bb_bbba.420,840,Leo,420,420,531187.50,7542.00,32768,10,true,true,OK,accept,true
gamma2,org,bb_bbba.420,840,GLL,420,420,185673021.00,4473854.00,250576896,10,true,true,OK,accept,true
gamma2,org,bb_bbba.420,840,RNGLR,420,420,43243124.50,216396.00,12943360,10,true,true,OK,accept,true
gamma2,org,bb_bbba.420,840,BRNGLR,420,420,53023354.00,436624.50,43581440,10,true,true,OK,accept,true
gamma2,org,bb_bbba.422,844,Leo,422,422,545312.50,20895.50,65536,10,true,true,OK,accept,true
gamma2,org,bb_bbba.422,844,GLL,422,422,201062625.50,11964104.50,248512512,10,true,true,OK,accept,true
gamma2,org,bb_bbba.422,844,RNGLR,422,422,44037000.50,446542.00,14106624,10,true,true,OK,accept,true
gamma2,org,bb_bbba.422,844,BRNGLR,422,422,55086125.00,533166.50,46088192,10,true,true,OK,accept,true
gamma2,org,bb_bbba.424,848,Leo,424,424,529854.50,9958.50,49152,10,true,true,OK,accept,true
gamma2,org,bb_bbba.424,848,GLL,424,424,188255375.00,7400354.50,253968384,10,true,true,OK,accept,true
gamma2,org,bb_bbba.424,848,RNGLR,424,424,43947958.50,353021.00,11796480,10,true,true,OK,accept,true
gamma2,org,bb_bbba.424,848,BRNGLR,424,424,54839999.50,364103.50,46432256,10,true,true,OK,accept,true
gamma2,org,bb_bbba.426,852,Leo,426,426,527437.50,9666.50,32768,10,true,true,OK,accept,true
gamma2,org,bb_bbba.426,852,GLL,426,426,190381020.50,9956687.50,251887616,10,true,true,OK,accept,true
gamma2,org,bb_bbba.426,852,RNGLR,426,426,44117333.50,104208.50,13615104,10,true,true,OK,accept,true
gamma2,org,bb_bbba.426,852,BRNGLR,426,426,54011063.00,341104.50,46907392,10,true,true,OK,accept,true
gamma2,org,bb_bbba.428,856,Leo,428,428,522270.50,4687.50,81920,10,true,true,OK,accept,true
gamma2,org,bb_bbba.428,856,GLL,428,428,180456562.00,2649416.00,253214720,10,true,true,OK,accept,true
gamma2,org,bb_bbba.428,856,RNGLR,428,428,44541895.50,158417.00,12451840,10,true,true,OK,accept,true
gamma2,org,bb_bbba.428,856,BRNGLR,428,428,55418333.00,231437.50,47202304,10,true,true,OK,accept,true
gamma2,org,bb_bbba.430,860,Leo,430,430,521458.50,2750.50,147456,10,true,true,OK,accept,true
gamma2,org,bb_bbba.430,860,GLL,430,430,182117333.50,2128021.00,260161536,10,true,true,OK,accept,true
gamma2,org,bb_bbba.430,860,RNGLR,430,430,45051812.00,156520.50,13778944,10,true,true,OK,accept,true
gamma2,org,bb_bbba.430,860,BRNGLR,430,430,55405729.00,278146.00,47595520,10,true,true,OK,accept,true
gamma2,org,bb_bbba.432,864,Leo,432,432,534187.50,6229.50,114688,10,true,true,OK,accept,true
gamma2,org,bb_bbba.432,864,GLL,432,432,185938583.00,2714104.50,258473984,10,true,true,OK,accept,true
gamma2,org,bb_bbba.432,864,RNGLR,432,432,45869688.00,124333.50,13598720,10,true,true,OK,accept,true
gamma2,org,bb_bbba.432,864,BRNGLR,432,432,57186979.00,194687.50,48005120,10,true,true,OK,accept,true
gamma2,org,bb_bbba.434,868,Leo,434,434,530104.50,4333.50,65536,10,true,true,OK,accept,true
gamma2,org,bb_bbba.434,868,GLL,434,434,190181542.00,3086708.00,257622016,10,true,true,OK,accept,true
gamma2,org,bb_bbba.434,868,RNGLR,434,434,45999167.00,183542.00,14008320,10,true,true,OK,accept,true
gamma2,org,bb_bbba.434,868,BRNGLR,434,434,57434208.00,588146.50,48414720,10,true,true,OK,accept,true
gamma2,org,bb_bbba.436,872,Leo,436,436,542937.50,5750.00,114688,10,true,true,OK,accept,true
gamma2,org,bb_bbba.436,872,GLL,436,436,209905333.50,3404021.00,258572288,10,true,true,OK,accept,true
gamma2,org,bb_bbba.436,872,RNGLR,436,436,47746604.50,188979.50,13303808,10,true,true,OK,accept,true
gamma2,org,bb_bbba.436,872,BRNGLR,436,436,61393583.50,2062479.50,48840704,10,true,true,OK,accept,true
gamma2,org,bb_bbba.438,876,Leo,438,438,542771.00,6958.50,114688,10,true,true,OK,accept,true
gamma2,org,bb_bbba.438,876,GLL,438,438,233583729.00,6900417.00,405618688,10,true,true,OK,accept,true
gamma2,org,bb_bbba.438,876,RNGLR,438,438,46782104.50,197708.00,14204928,10,true,true,OK,accept,true
gamma2,org,bb_bbba.438,876,BRNGLR,438,438,58493917.00,592979.50,49250304,10,true,true,OK,accept,true
gamma2,org,bb_bbba.440,880,Leo,440,440,563604.00,22645.50,49152,10,true,true,OK,accept,true
gamma2,org,bb_bbba.440,880,GLL,440,440,227052125.00,11673166.50,400670720,10,true,true,OK,accept,true
gamma2,org,bb_bbba.440,880,RNGLR,440,440,48363833.50,473208.00,12615680,10,true,true,OK,accept,true
gamma2,org,bb_bbba.440,880,BRNGLR,440,440,59909458.00,951104.00,49577984,10,true,true,OK,accept,true
gamma2,org,bb_bbba.442,884,Leo,442,442,560458.00,4250.50,98304,10,true,true,OK,accept,true
gamma2,org,bb_bbba.442,884,GLL,442,442,265385249.50,46115521.00,401244160,10,true,true,OK,accept,true
gamma2,org,bb_bbba.442,884,RNGLR,442,442,47662416.50,239583.00,13795328,10,true,true,OK,accept,true
gamma2,org,bb_bbba.442,884,BRNGLR,442,442,59819208.00,303874.00,50020352,10,true,true,OK,accept,true
gamma2,org,bb_bbba.444,888,Leo,444,444,550083.50,13312.50,114688,10,true,true,OK,accept,true
gamma2,org,bb_bbba.444,888,GLL,444,444,235508520.50,10942937.50,402784256,10,true,true,OK,accept,true
gamma2,org,bb_bbba.444,888,RNGLR,444,444,47597749.50,81937.00,13942784,10,true,true,OK,accept,true
gamma2,org,bb_bbba.444,888,BRNGLR,444,444,61851833.00,1549270.50,50429952,10,true,true,OK,accept,true
gamma2,org,bb_bbba.446,892,Leo,446,446,567250.50,17791.50,131072,10,true,true,OK,accept,true
gamma2,org,bb_bbba.446,892,GLL,446,446,237752771.00,11552125.00,409321472,10,true,true,OK,accept,true
gamma2,org,bb_bbba.446,892,RNGLR,446,446,48946625.00,138166.50,15319040,10,true,true,OK,accept,true
gamma2,org,bb_bbba.446,892,BRNGLR,446,446,59982708.00,496229.50,50872320,10,true,true,OK,accept,true
gamma2,org,bb_bbba.448,896,Leo,448,448,551208.00,4604.00,147456,10,true,true,OK,accept,true
gamma2,org,bb_bbba.448,896,GLL,448,448,229889833.50,2307666.50,412254208,10,true,true,OK,accept,true
gamma2,org,bb_bbba.448,896,RNGLR,448,448,50111708.50,993500.00,15482880,10,true,true,OK,accept,true
gamma2,org,bb_bbba.448,896,BRNGLR,448,448,60707167.00,486771.00,51281920,10,true,true,OK,accept,true
gamma2,org,bb_bbba.450,900,Leo,450,450,556041.50,11895.50,147456,10,true,true,OK,accept,true
gamma2,org,bb_bbba.450,900,GLL,450,450,254513770.50,24404229.00,409042944,10,true,true,OK,accept,true
gamma2,org,bb_bbba.450,900,RNGLR,450,450,49750646.00,526437.50,14942208,10,true,true,OK,accept,true
gamma2,org,bb_bbba.450,900,BRNGLR,450,450,62128333.00,905812.00,51724288,10,true,true,OK,accept,true
gamma2,org,bb_bbba.452,904,Leo,452,452,552291.50,3833.50,32768,10,true,true,OK,accept,true
gamma2,org,bb_bbba.452,904,GLL,452,452,230425854.00,5335895.00,408993792,10,true,true,OK,accept,true
gamma2,org,bb_bbba.452,904,RNGLR,452,452,50081583.00,192875.00,13647872,10,true,true,OK,accept,true
gamma2,org,bb_bbba.452,904,BRNGLR,452,452,64030979.00,1386687.50,52068352,10,true,true,OK,accept,true
gamma2,org,bb_bbba.454,908,Leo,454,454,581645.50,10896.00,32768,10,true,true,OK,accept,true
gamma2,org,bb_bbba.454,908,GLL,454,454,264044270.50,8961437.50,410730496,10,true,true,OK,accept,true
gamma2,org,bb_bbba.454,908,RNGLR,454,454,50696604.50,262500.50,14696448,10,true,true,OK,accept,true
gamma2,org,bb_bbba.454,908,BRNGLR,454,454,62951750.00,850562.00,52510720,10,true,true,OK,accept,true
gamma2,org,bb_bbba.456,912,Leo,456,456,559083.50,5625.00,147456,10,true,true,OK,accept,true
gamma2,org,bb_bbba.456,912,GLL,456,456,248293854.50,10649771.50,416301056,10,true,true,OK,accept,true
gamma2,org,bb_bbba.456,912,RNGLR,456,456,51007437.00,241875.00,15892480,10,true,true,OK,accept,true
gamma2,org,bb_bbba.456,912,BRNGLR,456,456,69138395.50,1601562.00,52953088,10,true,true,OK,accept,true
gamma2,org,bb_bbba.458,916,Leo,458,458,571374.50,5646.00,81920,10,true,true,OK,accept,true
gamma2,org,bb_bbba.458,916,GLL,458,458,244220208.50,8657083.50,413794304,10,true,true,OK,accept,true
gamma2,org,bb_bbba.458,916,RNGLR,458,458,51858271.00,434646.00,15335424,10,true,true,OK,accept,true
gamma2,org,bb_bbba.458,916,BRNGLR,458,458,64343625.00,413791.50,53346304,10,true,true,OK,accept,true
gamma2,org,bb_bbba.460,920,Leo,460,460,560542.00,2312.50,81920,10,true,true,OK,accept,true
gamma2,org,bb_bbba.460,920,GLL,460,460,245945229.00,12675979.00,415547392,10,true,true,OK,accept,true
gamma2,org,bb_bbba.460,920,RNGLR,460,460,53765416.50,553667.00,15499264,10,true,true,OK,accept,true
gamma2,org,bb_bbba.460,920,BRNGLR,460,460,66316458.00,1743875.00,53772288,10,true,true,OK,accept,true
gamma2,org,bb_bbba.462,924,Leo,462,462,573479.50,5188.00,114688,10,true,true,OK,accept,true
gamma2,org,bb_bbba.462,924,GLL,462,462,271288542.00,13956688.00,422248448,10,true,true,OK,accept,true
gamma2,org,bb_bbba.462,924,RNGLR,462,462,55258250.00,1024499.50,15613952,10,true,true,OK,accept,true
gamma2,org,bb_bbba.462,924,BRNGLR,462,462,66067937.50,1148104.00,54181888,10,true,true,OK,accept,true
gamma2,org,bb_bbba.464,928,Leo,464,464,562333.50,2562.50,16384,10,true,true,OK,accept,true
gamma2,org,bb_bbba.464,928,GLL,464,464,250078354.00,3800041.50,420462592,10,true,true,OK,accept,true
gamma2,org,bb_bbba.464,928,RNGLR,464,464,52131792.00,52812.50,15761408,10,true,true,OK,accept,true
gamma2,org,bb_bbba.464,928,BRNGLR,464,464,68736521.50,1544688.00,54591488,10,true,true,OK,accept,true
gamma2,org,bb_bbba.466,932,Leo,466,466,577875.00,8104.00,114688,10,true,true,OK,accept,true
gamma2,org,bb_bbba.466,932,GLL,466,466,270979604.00,15365000.00,428326912,10,true,true,OK,accept,true
gamma2,org,bb_bbba.466,932,RNGLR,466,466,53770229.50,669458.50,14680064,10,true,true,OK,accept,true
gamma2,org,bb_bbba.466,932,BRNGLR,466,466,67447083.00,839749.50,55066624,10,true,true,OK,accept,true
gamma2,org,bb_bbba.468,936,Leo,468,468,602166.50,5416.50,32768,10,true,true,OK,accept,true
gamma2,org,bb_bbba.468,936,GLL,468,468,314054208.00,5492645.50,426049536,10,true,true,OK,accept,true
gamma2,org,bb_bbba.468,936,RNGLR,468,468,53479896.00,225771.00,15974400,10,true,true,OK,accept,true
gamma2,org,bb_bbba.468,936,BRNGLR,468,468,66822375.00,695916.50,55443456,10,true,true,OK,accept,true
gamma2,org,bb_bbba.470,940,Leo,470,470,576479.50,5146.50,81920,10,true,true,OK,accept,true
gamma2,org,bb_bbba.470,940,GLL,470,470,292660958.00,29469312.50,424935424,10,true,true,OK,accept,true
gamma2,org,bb_bbba.470,940,RNGLR,470,470,55856291.50,489646.00,16056320,10,true,true,OK,accept,true
gamma2,org,bb_bbba.470,940,BRNGLR,470,470,67799479.50,823271.00,55934976,10,true,true,OK,accept,true
gamma2,org,bb_bbba.472,944,Leo,472,472,705062.50,99750.00,98304,10,true,true,OK,accept,true
gamma2,org,bb_bbba.472,944,GLL,472,472,391827104.00,46426562.00,427343872,10,true,true,OK,accept,true
gamma2,org,bb_bbba.472,944,RNGLR,472,472,58007125.50,1371312.50,17088512,10,true,true,OK,accept,true
gamma2,org,bb_bbba.472,944,BRNGLR,472,472,73198354.00,2431000.00,56377344,10,true,true,OK,accept,true
gamma2,org,bb_bbba.474,948,Leo,474,474,598646.00,12125.00,81920,10,true,true,OK,accept,true
gamma2,org,bb_bbba.474,948,GLL,474,474,281121167.00,6353042.00,427376640,10,true,true,OK,accept,true
gamma2,org,bb_bbba.474,948,RNGLR,474,474,55612500.00,252166.50,15515648,10,true,true,OK,accept,true
gamma2,org,bb_bbba.474,948,BRNGLR,474,474,70421208.50,931437.00,56721408,10,true,true,OK,accept,true
gamma2,org,bb_bbba.476,952,Leo,476,476,610770.50,17478.50,32768,10,true,true,OK,accept,true
gamma2,org,bb_bbba.476,952,GLL,476,476,276211292.00,5019874.50,431734784,10,true,true,OK,accept,true
gamma2,org,bb_bbba.476,952,RNGLR,476,476,55978083.00,120104.00,16056320,10,true,true,OK,accept,true
gamma2,org,bb_bbba.476,952,BRNGLR,476,476,70683416.50,361917.00,57212928,10,true,true,OK,accept,true
gamma2,org,bb_bbba.478,956,Leo,478,478,585854.50,8687.00,49152,10,true,true,OK,accept,true
gamma2,org,bb_bbba.478,956,GLL,478,478,276477000.00,4113333.00,434094080,10,true,true,OK,accept,true
gamma2,org,bb_bbba.478,956,RNGLR,478,478,56753749.50,205333.00,18006016,10,true,true,OK,accept,true
gamma2,org,bb_bbba.478,956,BRNGLR,478,478,71341271.00,1171459.00,57638912,10,true,true,OK,accept,true
gamma2,org,bb_bbba.480,960,Leo,480,480,582313.00,3417.50,114688,10,true,true,OK,accept,true
gamma2,org,bb_bbba.480,960,GLL,480,480,296670124.50,11990562.50,433225728,10,true,true,OK,accept,true
gamma2,org,bb_bbba.480,960,RNGLR,480,480,56922771.50,133708.50,18120704,10,true,true,OK,accept,true
gamma2,org,bb_bbba.480,960,BRNGLR,480,480,70826875.00,763291.50,58064896,10,true,true,OK,accept,true
gamma2,org,bb_bbba.482,964,Leo,482,482,588625.00,6041.50,32768,10,true,true,OK,accept,true
gamma2,org,bb_bbba.482,964,GLL,482,482,291256270.50,3414270.50,439959552,10,true,true,OK,accept,true
gamma2,org,bb_bbba.482,964,RNGLR,482,482,57606583.50,213771.00,17399808,10,true,true,OK,accept,true
gamma2,org,bb_bbba.482,964,BRNGLR,482,482,74556791.50,1250687.50,65077248,10,true,true,OK,accept,true
gamma2,org,bb_bbba.484,968,Leo,484,484,593958.50,6375.50,131072,10,true,true,OK,accept,true
gamma2,org,bb_bbba.484,968,GLL,484,484,291661583.00,4254271.00,440909824,10,true,true,OK,accept,true
gamma2,org,bb_bbba.484,968,RNGLR,484,484,58222520.50,230479.00,18268160,10,true,true,OK,accept,true
gamma2,org,bb_bbba.484,968,BRNGLR,484,484,74630791.50,814896.00,61325312,10,true,true,OK,accept,true
gamma2,org,bb_bbba.486,972,Leo,486,486,593604.00,6437.50,98304,10,true,true,OK,accept,true
gamma2,org,bb_bbba.486,972,GLL,486,486,290691437.00,8611937.50,443318272,10,true,true,OK,accept,true
gamma2,org,bb_bbba.486,972,RNGLR,486,486,58761792.00,457625.50,17580032,10,true,true,OK,accept,true
gamma2,org,bb_bbba.486,972,BRNGLR,486,486,75089208.50,883542.00,61816832,10,true,true,OK,accept,true
gamma2,org,bb_bbba.488,976,Leo,488,488,617083.50,5896.00,98304,10,true,true,OK,accept,true
gamma2,org,bb_bbba.488,976,GLL,488,488,296439000.00,6836208.00,440844288,10,true,true,OK,accept,true
gamma2,org,bb_bbba.488,976,RNGLR,488,488,58562041.50,159979.00,18579456,10,true,true,OK,accept,true
gamma2,org,bb_bbba.488,976,BRNGLR,488,488,76056438.00,607020.50,63700992,10,true,true,OK,accept,true
gamma2,org,bb_bbba.490,980,Leo,490,490,600604.00,4521.00,32768,10,true,true,OK,accept,true
gamma2,org,bb_bbba.490,980,GLL,490,490,299818979.50,6512958.50,444678144,10,true,true,OK,accept,true
gamma2,org,bb_bbba.490,980,RNGLR,490,490,59087875.00,108083.50,17088512,10,true,true,OK,accept,true
gamma2,org,bb_bbba.490,980,BRNGLR,490,490,76858687.00,610604.00,62685184,10,true,true,OK,accept,true
gamma2,org,bb_bbba.492,984,Leo,492,492,603458.50,8833.50,81920,10,true,true,OK,accept,true
gamma2,org,bb_bbba.492,984,GLL,492,492,310578896.00,2325271.00,450838528,10,true,true,OK,accept,true
gamma2,org,bb_bbba.492,984,RNGLR,492,492,60245770.50,482270.50,18857984,10,true,true,OK,accept,true
gamma2,org,bb_bbba.492,984,BRNGLR,492,492,76736146.00,673000.00,63078400,10,true,true,OK,accept,true
gamma2,org,bb_bbba.494,988,Leo,494,494,602937.50,5854.00,131072,10,true,true,OK,accept,true
gamma2,org,bb_bbba.494,988,GLL,494,494,306972000.00,5922312.00,446251008,10,true,true,OK,accept,true
gamma2,org,bb_bbba.494,988,RNGLR,494,494,60908437.50,137541.50,18333696,10,true,true,OK,accept,true
gamma2,org,bb_bbba.494,988,BRNGLR,494,494,77376521.00,758854.00,63553536,10,true,true,OK,accept,true
gamma2,org,bb_bbba.496,992,Leo,496,496,605479.00,4083.50,16384,10,true,true,OK,accept,true
gamma2,org,bb_bbba.496,992,GLL,496,496,315961104.50,7719708.50,452198400,10,true,true,OK,accept,true
gamma2,org,bb_bbba.496,992,RNGLR,496,496,61468625.00,333458.50,17940480,10,true,true,OK,accept,true
gamma2,org,bb_bbba.496,992,BRNGLR,496,496,77270541.50,828479.00,64061440,10,true,true,OK,accept,true
gamma2,org,bb_bbba.498,996,Leo,498,498,606333.00,5395.50,49152,10,true,true,OK,accept,true
gamma2,org,bb_bbba.498,996,GLL,498,498,312049916.50,4007583.50,454705152,10,true,true,OK,accept,true
gamma2,org,bb_bbba.498,996,RNGLR,498,498,60931229.00,240541.50,18726912,10,true,true,OK,accept,true
gamma2,org,bb_bbba.498,996,BRNGLR,498,498,77607645.50,548020.00,64503808,10,true,true,OK,accept,true
gamma2,org,bb_bbba.500,1000,Leo,500,500,615458.50,4042.00,49152,10,true,true,OK,accept,true
gamma2,org,bb_bbba.500,1000,GLL,500,500,319397874.50,5042791.50,452608000,10,true,true,OK,accept,true
gamma2,org,bb_bbba.500,1000,RNGLR,500,500,62010249.50,315395.50,17137664,10,true,true,OK,accept,true
gamma2,org,bb_bbba.500,1000,BRNGLR,500,500,79251145.50,397083.50,64897024,10,true,true,OK,accept,true
gamma2,org,bb_bbba.502,1004,Leo,502,502,623500.00,12458.00,147456,10,true,true,OK,accept,true
gamma2,org,bb_bbba.502,1004,GLL,502,502,336601313.00,2210396.00,464568320,10,true,true,OK,accept,true
gamma2,org,bb_bbba.502,1004,RNGLR,502,502,63959396.00,401542.00,18694144,10,true,true,OK,accept,true
gamma2,org,bb_bbba.502,1004,BRNGLR,502,502,79949708.50,626792.00,65421312,10,true,true,OK,accept,true
gamma2,org,bb_bbba.504,1008,Leo,504,504,617229.00,3583.50,147456,10,true,true,OK,accept,true
gamma2,org,bb_bbba.504,1008,GLL,504,504,356036041.50,26476062.50,464109568,10,true,true,OK,accept,true
gamma2,org,bb_bbba.504,1008,RNGLR,504,504,63082125.00,371812.00,19267584,10,true,true,OK,accept,true
gamma2,org,bb_bbba.504,1008,BRNGLR,504,504,79702021.00,353708.50,65830912,10,true,true,OK,accept,true
gamma2,org,bb_bbba.506,1012,Leo,506,506,619333.50,4854.00,49152,10,true,true,OK,accept,true
gamma2,org,bb_bbba.506,1012,GLL,506,506,367518646.00,12218542.00,462045184,10,true,true,OK,accept,true
gamma2,org,bb_bbba.506,1012,RNGLR,506,506,65243583.50,662416.00,18710528,10,true,true,OK,accept,true
gamma2,org,bb_bbba.506,1012,BRNGLR,506,506,84266521.00,1399854.50,66322432,10,true,true,OK,accept,true
gamma2,org,bb_bbba.508,1016,Leo,508,508,618812.50,5812.50,131072,10,true,true,OK,accept,true
gamma2,org,bb_bbba.508,1016,GLL,508,508,404158375.00,19137187.50,460816384,10,true,true,OK,accept,true
gamma2,org,bb_bbba.508,1016,RNGLR,508,508,66484708.50,687083.50,18038784,10,true,true,OK,accept,true
gamma2,org,bb_bbba.508,1016,BRNGLR,508,508,82471104.00,682895.50,66732032,10,true,true,OK,accept,true
gamma2,org,bb_bbba.510,1020,Leo,510,510,623833.50,7479.50,98304,10,true,true,OK,accept,true
gamma2,org,bb_bbba.510,1020,GLL,510,510,337450916.50,7613916.50,467337216,10,true,true,OK,accept,true
gamma2,org,bb_bbba.510,1020,RNGLR,510,510,64685604.00,276416.50,19283968,10,true,true,OK,accept,true
gamma2,org,bb_bbba.510,1020,BRNGLR,510,510,81795500.00,401750.00,67239936,10,true,true,OK,accept,true
gamma2,org,bb_bbba.512,1024,Leo,512,512,621187.50,3521.00,98304,10,true,true,OK,accept,true
gamma2,org,bb_bbba.512,1024,GLL,512,512,370118208.50,14048770.50,469745664,10,true,true,OK,accept,true
gamma2,org,bb_bbba.512,1024,RNGLR,512,512,65264229.50,257292.00,20152320,10,true,true,OK,accept,true
gamma2,org,bb_bbba.512,1024,BRNGLR,512,512,84222875.00,1371833.50,67731456,10,true,true,OK,accept,true
gamma2,org,bb_bbba.514,1028,Leo,514,514,651624.50,13291.50,147456,10,true,true,OK,accept,true
gamma2,org,bb_bbba.514,1028,GLL,514,514,348296645.50,6810688.00,467173376,10,true,true,OK,accept,true
gamma2,org,bb_bbba.514,1028,RNGLR,514,514,65895479.00,409479.00,20004864,10,true,true,OK,accept,true
gamma2,org,bb_bbba.514,1028,BRNGLR,514,514,85201187.50,320396.00,70090752,10,true,true,OK,accept,true
gamma2,org,bb_bbba.516,1032,Leo,516,516,646687.50,8625.00,131072,10,true,true,OK,accept,true
gamma2,org,bb_bbba.516,1032,GLL,516,516,347609042.00,4003042.00,473907200,10,true,true,OK,accept,true
gamma2,org,bb_bbba.516,1032,RNGLR,516,516,66462187.00,108583.00,20037632,10,true,true,OK,accept,true
gamma2,org,bb_bbba.516,1032,BRNGLR,516,516,84038541.50,210833.50,70631424,10,true,true,OK,accept,true
gamma2,org,bb_bbba.518,1036,Leo,518,518,648958.50,9083.00,147456,10,true,true,OK,accept,true
gamma2,org,bb_bbba.518,1036,GLL,518,518,372844875.00,20268562.00,471318528,10,true,true,OK,accept,true
gamma2,org,bb_bbba.518,1036,RNGLR,518,518,66658146.00,242021.00,19611648,10,true,true,OK,accept,true
gamma2,org,bb_bbba.518,1036,BRNGLR,518,518,85742791.50,410666.50,71090176,10,true,true,OK,accept,true
gamma2,org,bb_bbba.520,1040,Leo,520,520,647354.50,8770.50,114688,10,true,true,OK,accept,true
gamma2,org,bb_bbba.520,1040,GLL,520,520,359705270.50,7875479.00,474005504,10,true,true,OK,accept,true
gamma2,org,bb_bbba.520,1040,RNGLR,520,520,67496458.00,183625.00,19595264,10,true,true,OK,accept,true
gamma2,org,bb_bbba.520,1040,BRNGLR,520,520,86761791.50,922813.00,71548928,10,true,true,OK,accept,true
gamma2,org,bb_bbba.522,1044,Leo,522,522,641833.00,7459.00,114688,10,true,true,OK,accept,true
gamma2,org,bb_bbba.522,1044,GLL,522,522,382198312.50,17723562.50,475840512,10,true,true,OK,accept,true
gamma2,org,bb_bbba.522,1044,RNGLR,522,522,72326125.00,2335042.00,20316160,10,true,true,OK,accept,true
gamma2,org,bb_bbba.522,1044,BRNGLR,522,522,89398437.50,2111854.50,72105984,10,true,true,OK,accept,true
gamma2,org,bb_bbba.524,1048,Leo,524,524,636708.50,7041.50,114688,10,true,true,OK,accept,true
gamma2,org,bb_bbba.524,1048,GLL,524,524,422982583.00,27908249.50,485408768,10,true,true,OK,accept,true
gamma2,org,bb_bbba.524,1048,RNGLR,524,524,70220063.00,440917.00,21086208,10,true,true,OK,accept,true
gamma2,org,bb_bbba.524,1048,BRNGLR,524,524,89064104.50,697396.00,72597504,10,true,true,OK,accept,true
gamma2,org,bb_bbba.526,1052,Leo,526,526,661771.00,13187.50,49152,10,true,true,OK,accept,true
gamma2,org,bb_bbba.526,1052,GLL,526,526,386500333.00,12839770.50,480149504,10,true,true,OK,accept,true
gamma2,org,bb_bbba.526,1052,RNGLR,526,526,69466125.00,395937.50,20447232,10,true,true,OK,accept,true
gamma2,org,bb_bbba.526,1052,BRNGLR,526,526,88730395.50,398979.00,73056256,10,true,true,OK,accept,true
gamma2,org,bb_bbba.528,1056,Leo,528,528,676062.50,27417.00,49152,10,true,true,OK,accept,true
gamma2,org,bb_bbba.528,1056,GLL,528,528,376100604.50,4479583.50,487964672,10,true,true,OK,accept,true
gamma2,org,bb_bbba.528,1056,RNGLR,528,528,70039291.50,561125.00,19693568,10,true,true,OK,accept,true
gamma2,org,bb_bbba.528,1056,BRNGLR,528,528,88831812.50,877333.00,73531392,10,true,true,OK,accept,true
gamma2,org,bb_bbba.530,1060,Leo,530,530,643750.00,5562.50,147456,10,true,true,OK,accept,true
gamma2,org,bb_bbba.530,1060,GLL,530,530,388263812.50,11625583.50,492650496,10,true,true,OK,accept,true
gamma2,org,bb_bbba.530,1060,RNGLR,530,530,70773625.00,411958.50,21528576,10,true,true,OK,accept,true
gamma2,org,bb_bbba.530,1060,BRNGLR,530,530,89573437.50,422458.50,72417280,10,true,true,OK,accept,true
gamma2,org,bb_bbba.532,1064,Leo,532,532,648645.50,2500.00,49152,10,true,true,OK,accept,true
gamma2,org,bb_bbba.532,1064,GLL,532,532,390967125.00,4758937.50,494632960,10,true,true,OK,accept,true
gamma2,org,bb_bbba.532,1064,RNGLR,532,532,71680688.00,447209.00,20709376,10,true,true,OK,accept,true
gamma2,org,bb_bbba.532,1064,BRNGLR,532,532,90203187.00,615291.50,74579968,10,true,true,OK,accept,true
gamma2,org,bb_bbba.534,1068,Leo,534,534,674187.50,4145.50,131072,10,true,true,OK,accept,true
gamma2,org,bb_bbba.534,1068,GLL,534,534,395039167.00,6303000.00,490749952,10,true,true,OK,accept,true
gamma2,org,bb_bbba.534,1068,RNGLR,534,534,71028104.00,140542.00,21659648,10,true,true,OK,accept,true
gamma2,org,bb_bbba.534,1068,BRNGLR,534,534,91196541.50,952708.00,75169792,10,true,true,OK,accept,true
gamma2,org,bb_bbba.536,1072,Leo,536,536,657708.00,3083.50,147456,10,true,true,OK,accept,true
gamma2,org,bb_bbba.536,1072,GLL,536,536,393622812.50,3345000.00,491880448,10,true,true,OK,accept,true
gamma2,org,bb_bbba.536,1072,RNGLR,536,536,73622645.50,240249.50,21676032,10,true,true,OK,accept,true
gamma2,org,bb_bbba.536,1072,BRNGLR,536,536,92409937.50,233666.50,75595776,10,true,true,OK,accept,true
gamma2,org,bb_bbba.538,1076,Leo,538,538,650541.50,4020.50,114688,10,true,true,OK,accept,true
gamma2,org,bb_bbba.538,1076,GLL,538,538,404304854.00,4149417.00,498630656,10,true,true,OK,accept,true
gamma2,org,bb_bbba.538,1076,RNGLR,538,538,73798333.00,99499.50,22151168,10,true,true,OK,accept,true
gamma2,org,bb_bbba.538,1076,BRNGLR,538,538,92437041.50,673333.00,76152832,10,true,true,OK,accept,true
gamma2,org,bb_bbba.540,1080,Leo,540,540,1042625.50,389958.50,114688,10,true,true,OK,accept,true
gamma2,org,bb_bbba.540,1080,GLL,540,540,406293188.00,8398333.50,502267904,10,true,true,OK,accept,true
gamma2,org,bb_bbba.540,1080,RNGLR,540,540,73541688.00,205333.50,22265856,10,true,true,OK,accept,true
gamma2,org,bb_bbba.540,1080,BRNGLR,540,540,94131083.50,357875.50,76677120,10,true,true,OK,accept,true
gamma2,org,bb_bbba.542,1084,Leo,542,542,2893521.00,789916.50,81920,10,true,true,OK,accept,true
gamma2,org,bb_bbba.542,1084,GLL,542,542,421023874.50,2778604.00,498958336,10,true,true,OK,accept,true
gamma2,org,bb_bbba.542,1084,RNGLR,542,542,73224146.00,416916.50,21774336,10,true,true,OK,accept,true
gamma2,org,bb_bbba.542,1084,BRNGLR,542,542,94637312.00,834895.50,77234176,10,true,true,OK,accept,true
gamma2,org,bb_bbba.544,1088,Leo,544,544,663667.00,1604.00,16384,10,true,true,OK,accept,true
gamma2,org,bb_bbba.544,1088,GLL,544,544,433659312.50,4908542.00,508477440,10,true,true,OK,accept,true
gamma2,org,bb_bbba.544,1088,RNGLR,544,544,73830167.00,188666.00,22282240,10,true,true,OK,accept,true
gamma2,org,bb_bbba.544,1088,BRNGLR,544,544,95886791.50,652812.50,77709312,10,true,true,OK,accept,true
gamma2,org,bb_bbba.546,1092,Leo,546,546,675958.00,10354.50,49152,10,true,true,OK,accept,true
gamma2,org,bb_bbba.546,1092,GLL,546,546,437744166.50,15480416.50,503709696,10,true,true,OK,accept,true
gamma2,org,bb_bbba.546,1092,RNGLR,546,546,77152666.50,613521.00,22233088,10,true,true,OK,accept,true
gamma2,org,bb_bbba.546,1092,BRNGLR,546,546,99583354.50,1436104.00,78184448,10,true,true,OK,accept,true
gamma2,org,bb_bbba.548,1096,Leo,548,548,773375.00,65917.00,114688,10,true,true,OK,accept,true
gamma2,org,bb_bbba.548,1096,GLL,548,548,448742083.50,16729291.50,506167296,10,true,true,OK,accept,true
gamma2,org,bb_bbba.548,1096,RNGLR,548,548,75923541.50,651646.00,22953984,10,true,true,OK,accept,true
gamma2,org,bb_bbba.548,1096,BRNGLR,548,548,97725354.00,986437.50,78692352,10,true,true,OK,accept,true
gamma2,org,bb_bbba.550,1100,Leo,550,550,683666.50,7812.50,114688,10,true,true,OK,accept,true
gamma2,org,bb_bbba.550,1100,GLL,550,550,447666437.50,6574250.00,509165568,10,true,true,OK,accept,true
gamma2,org,bb_bbba.550,1100,RNGLR,550,550,78676375.00,482000.00,23101440,10,true,true,OK,accept,true
gamma2,org,bb_bbba.550,1100,BRNGLR,550,550,97668021.50,668188.50,79265792,10,true,true,OK,accept,true
gamma2,org,bb_bbba.552,1104,Leo,552,552,676125.00,5458.00,98304,10,true,true,OK,accept,true
gamma2,org,bb_bbba.552,1104,GLL,552,552,447736438.00,11889208.50,513277952,10,true,true,OK,accept,true
gamma2,org,bb_bbba.552,1104,RNGLR,552,552,76218041.50,320041.50,22626304,10,true,true,OK,accept,true
gamma2,org,bb_bbba.552,1104,BRNGLR,552,552,98003728.50,653687.50,79773696,10,true,true,OK,accept,true
gamma2,org,bb_bbba.554,1108,Leo,554,554,680145.50,4291.00,49152,10,true,true,OK,accept,true
gamma2,org,bb_bbba.554,1108,GLL,554,554,511852396.00,15273125.00,792985600,10,true,true,OK,accept,true
gamma2,org,bb_bbba.554,1108,RNGLR,554,554,77380188.00,260333.50,22118400,10,true,true,OK,accept,true
gamma2,org,bb_bbba.554,1108,BRNGLR,554,554,102957291.50,1311812.50,80314368,10,true,true,OK,accept,true
gamma2,org,bb_bbba.556,1112,Leo,556,556,705145.50,7542.00,114688,10,true,true,OK,accept,true
gamma2,org,bb_bbba.556,1112,GLL,556,556,486623958.50,13458167.00,796442624,10,true,true,OK,accept,true
gamma2,org,bb_bbba.556,1112,RNGLR,556,556,78311666.50,649000.00,23560192,10,true,true,OK,accept,true
gamma2,org,bb_bbba.556,1112,BRNGLR,556,556,100754125.00,655395.50,80789504,10,true,true,OK,accept,true
gamma2,org,bb_bbba.558,1116,Leo,558,558,718396.00,5500.00,114688,10,true,true,OK,accept,true
gamma2,org,bb_bbba.558,1116,GLL,558,558,514611937.00,10373166.00,800194560,10,true,true,OK,accept,true
gamma2,org,bb_bbba.558,1116,RNGLR,558,558,77903542.00,173479.00,22609920,10,true,true,OK,accept,true
gamma2,org,bb_bbba.558,1116,BRNGLR,558,558,101401145.50,777791.50,81330176,10,true,true,OK,accept,true
gamma2,org,bb_bbba.560,1120,Leo,560,560,684812.00,7791.50,98304,10,true,true,OK,accept,true
gamma2,org,bb_bbba.560,1120,GLL,560,560,535054417.00,32256646.00,798457856,10,true,true,OK,accept,true
gamma2,org,bb_bbba.560,1120,RNGLR,560,560,80684083.00,806895.50,23691264,10,true,true,OK,accept,true
gamma2,org,bb_bbba.560,1120,BRNGLR,560,560,101770145.50,1023312.00,81838080,10,true,true,OK,accept,true
gamma2,org,bb_bbba.562,1124,Leo,562,562,686104.00,4979.00,163840,10,true,true,OK,accept,true
gamma2,org,bb_bbba.562,1124,GLL,562,562,543229854.00,33117958.50,802897920,10,true,true,OK,accept,true
gamma2,org,bb_bbba.562,1124,RNGLR,562,562,81462437.50,880354.00,24035328,10,true,true,OK,accept,true
gamma2,org,bb_bbba.562,1124,BRNGLR,562,562,104865146.00,1335645.50,82345984,10,true,true,OK,accept,true
gamma2,org,bb_bbba.564,1128,Leo,564,564,683833.00,3291.50,131072,10,true,true,OK,accept,true
gamma2,org,bb_bbba.564,1128,GLL,564,564,560890396.00,30658395.50,803061760,10,true,true,OK,accept,true
gamma2,org,bb_bbba.564,1128,RNGLR,564,564,80952625.00,680750.00,23609344,10,true,true,OK,accept,true
gamma2,org,bb_bbba.564,1128,BRNGLR,564,564,105855416.50,917562.50,82870272,10,true,true,OK,accept,true
gamma2,org,bb_bbba.566,1132,Leo,566,566,697333.00,5625.50,49152,10,true,true,OK,accept,true
gamma2,org,bb_bbba.566,1132,GLL,566,566,607775354.50,17644103.50,812826624,10,true,true,OK,accept,true
gamma2,org,bb_bbba.566,1132,RNGLR,566,566,81218896.00,357437.50,24444928,10,true,true,OK,accept,true
gamma2,org,bb_bbba.566,1132,BRNGLR,566,566,104765270.50,1364521.50,83460096,10,true,true,OK,accept,true
gamma2,org,bb_bbba.568,1136,Leo,568,568,693270.50,3312.50,180224,10,true,true,OK,accept,true
gamma2,org,bb_bbba.568,1136,GLL,568,568,589120812.50,25752916.50,809943040,10,true,true,OK,accept,true
gamma2,org,bb_bbba.568,1136,RNGLR,568,568,82143750.00,157396.00,24068096,10,true,true,OK,accept,true
gamma2,org,bb_bbba.568,1136,BRNGLR,568,568,107199667.00,736916.00,83984384,10,true,true,OK,accept,true
gamma2,org,bb_bbba.570,1140,Leo,570,570,693749.50,4728.50,65536,10,true,true,OK,accept,true
gamma2,org,bb_bbba.570,1140,GLL,570,570,557450375.00,4899687.50,810844160,10,true,true,OK,accept,true
gamma2,org,bb_bbba.570,1140,RNGLR,570,570,83849312.50,722104.50,24641536,10,true,true,OK,accept,true
gamma2,org,bb_bbba.570,1140,BRNGLR,570,570,106526854.00,984146.00,84492288,10,true,true,OK,accept,true
gamma2,org,bb_bbba.572,1144,Leo,572,572,697333.50,4646.00,98304,10,true,true,OK,accept,true
gamma2,org,bb_bbba.572,1144,GLL,572,572,635436375.00,27304000.00,813547520,10,true,true,OK,accept,true
gamma2,org,bb_bbba.572,1144,RNGLR,572,572,83694771.00,756125.50,24592384,10,true,true,OK,accept,true
gamma2,org,bb_bbba.572,1144,BRNGLR,572,572,107582500.00,862791.50,84983808,10,true,true,OK,accept,true
gamma2,org,bb_bbba.574,1148,Leo,574,574,696083.00,2374.50,65536,10,true,true,OK,accept,true
gamma2,org,bb_bbba.574,1148,GLL,574,574,624818041.50,16048583.50,816775168,10,true,true,OK,accept,true
gamma2,org,bb_bbba.574,1148,RNGLR,574,574,85602104.50,427438.00,24428544,10,true,true,OK,accept,true
gamma2,org,bb_bbba.574,1148,BRNGLR,574,574,109384021.00,1123625.50,85655552,10,true,true,OK,accept,true
gamma2,org,bb_bbba.576,1152,Leo,576,576,701458.50,1937.50,114688,10,true,true,OK,accept,true
gamma2,org,bb_bbba.576,1152,GLL,576,576,604377312.50,25786771.00,827703296,10,true,true,OK,accept,true
gamma2,org,bb_bbba.576,1152,RNGLR,576,576,85936541.50,985583.50,25149440,10,true,true,OK,accept,true
gamma2,org,bb_bbba.576,1152,BRNGLR,576,576,110684771.00,2320937.50,86147072,10,true,true,OK,accept,true
gamma2,org,bb_bbba.578,1156,Leo,578,578,703979.50,7083.50,147456,10,true,true,OK,accept,true
gamma2,org,bb_bbba.578,1156,GLL,578,578,648261729.00,18909188.00,822263808,10,true,true,OK,accept,true
gamma2,org,bb_bbba.578,1156,RNGLR,578,578,86348541.50,927854.50,25378816,10,true,true,OK,accept,true
gamma2,org,bb_bbba.578,1156,BRNGLR,578,578,110556396.00,1840499.50,86687744,10,true,true,OK,accept,true
gamma2,org,bb_bbba.580,1160,Leo,580,580,732417.00,18166.50,65536,10,true,true,OK,accept,true
gamma2,org,bb_bbba.580,1160,GLL,580,580,607254041.50,25992166.50,830898176,10,true,true,OK,accept,true
gamma2,org,bb_bbba.580,1160,RNGLR,580,580,86038562.50,581250.00,24887296,10,true,true,OK,accept,true
gamma2,org,bb_bbba.580,1160,BRNGLR,580,580,111768020.50,859270.50,87162880,10,true,true,OK,accept,true
gamma2,org,bb_bbba.582,1164,Leo,582,582,709229.00,8187.50,98304,10,true,true,OK,accept,true
gamma2,org,bb_bbba.582,1164,GLL,582,582,628591208.00,19327312.50,842268672,10,true,true,OK,accept,true
gamma2,org,bb_bbba.582,1164,RNGLR,582,582,87432374.50,951916.00,25526272,10,true,true,OK,accept,true
gamma2,org,bb_bbba.582,1164,BRNGLR,582,582,113007312.50,1292791.50,87769088,10,true,true,OK,accept,true
gamma2,org,bb_bbba.584,1168,Leo,584,584,711500.00,6499.50,114688,10,true,true,OK,accept,true
gamma2,org,bb_bbba.584,1168,GLL,584,584,649154500.00,47377625.00,843530240,10,true,true,OK,accept,true
gamma2,org,bb_bbba.584,1168,RNGLR,584,584,88317979.00,743666.50,25804800,10,true,true,OK,accept,true
gamma2,org,bb_bbba.584,1168,BRNGLR,584,584,111715958.00,609520.50,88276992,10,true,true,OK,accept,true
gamma2,org,bb_bbba.586,1172,Leo,586,586,717563.00,6083.50,131072,10,true,true,OK,accept,true
gamma2,org,bb_bbba.586,1172,GLL,586,586,597790771.00,13530021.00,839024640,10,true,true,OK,accept,true
gamma2,org,bb_bbba.586,1172,RNGLR,586,586,89356875.00,240292.00,25640960,10,true,true,OK,accept,true
gamma2,org,bb_bbba.586,1172,BRNGLR,586,586,114469917.00,1531145.50,89145344,10,true,true,OK,accept,true
gamma2,org,bb_bbba.588,1176,Leo,588,588,712645.50,3020.50,65536,10,true,true,OK,accept,true
gamma2,org,bb_bbba.588,1176,GLL,588,588,638628063.00,19378271.50,842694656,10,true,true,OK,accept,true
gamma2,org,bb_bbba.588,1176,RNGLR,588,588,88666312.50,475875.00,26017792,10,true,true,OK,accept,true
gamma2,org,bb_bbba.588,1176,BRNGLR,588,588,114368687.50,969187.50,89325568,10,true,true,OK,accept,true
gamma2,org,bb_bbba.590,1180,Leo,590,590,731875.00,13020.50,65536,10,true,true,OK,accept,true
gamma2,org,bb_bbba.590,1180,GLL,590,590,665369979.00,28712562.50,844693504,10,true,true,OK,accept,true
gamma2,org,bb_bbba.590,1180,RNGLR,590,590,88188958.00,495229.00,26296320,10,true,true,OK,accept,true
gamma2,org,bb_bbba.590,1180,BRNGLR,590,590,113502875.00,873312.50,89997312,10,true,true,OK,accept,true
gamma2,org,bb_bbba.592,1184,Leo,592,592,723687.50,2979.00,49152,10,true,true,OK,accept,true
gamma2,org,bb_bbba.592,1184,GLL,592,592,633917687.50,22023396.00,849920000,10,true,true,OK,accept,true
gamma2,org,bb_bbba.592,1184,RNGLR,592,592,95357333.50,1057500.00,27557888,10,true,true,OK,accept,true
gamma2,org,bb_bbba.592,1184,BRNGLR,592,592,119477854.00,1469458.50,90537984,10,true,true,OK,accept,true
gamma2,org,bb_bbba.594,1188,Leo,594,594,739729.00,18187.50,114688,10,true,true,OK,accept,true
gamma2,org,bb_bbba.594,1188,GLL,594,594,0.00,0.00,0,0,false,false,TIMEOUT,accept,
gamma2,org,bb_bbba.594,1188,RNGLR,594,594,94044104.00,1098895.50,26492928,10,true,true,OK,accept,true
gamma2,org,bb_bbba.594,1188,BRNGLR,594,594,118162812.50,1230812.50,91111424,10,true,true,OK,accept,true
gamma2,org,bb_bbba.596,1192,Leo,596,596,728729.00,2562.50,163840,10,true,true,OK,accept,true
gamma2,org,bb_bbba.596,1192,GLL,596,596,691428479.00,18717104.50,862158848,10,true,true,OK,accept,true
gamma2,org,bb_bbba.596,1192,RNGLR,596,596,89969312.00,427937.50,27885568,10,true,true,OK,accept,true
gamma2,org,bb_bbba.596,1192,BRNGLR,596,596,118041500.00,1004333.00,91734016,10,true,true,OK,accept,true
gamma2,org,bb_bbba.598,1196,Leo,598,598,756708.50,9458.00,114688,10,true,true,OK,accept,true
gamma2,org,bb_bbba.598,1196,GLL,598,598,759548125.00,45259208.50,857325568,10,true,true,OK,accept,true
gamma2,org,bb_bbba.598,1196,RNGLR,598,598,96023229.00,2066520.50,28033024,10,true,true,OK,accept,true
gamma2,org,bb_bbba.598,1196,BRNGLR,598,598,118916979.50,1118688.00,92340224,10,true,true,OK,accept,true
gamma2,org,bb_bbba.600,1200,Leo,600,600,745562.50,7375.50,114688,10,true,true,OK,accept,true
gamma2,org,bb_bbba.600,1200,GLL,600,600,689100583.50,29269791.50,869646336,10,true,true,OK,accept,true
gamma2,org,bb_bbba.600,1200,RNGLR,600,600,93402895.50,840041.50,26247168,10,true,true,OK,accept,true
gamma2,org,bb_bbba.600,1200,BRNGLR,600,600,119302666.50,839166.50,92864512,10,true,true,OK,accept,true
gamma2,org,bb_bbba.602,1204,Leo,602,602,740791.50,3729.00,65536,10,true,true,OK,accept,true
gamma2,org,bb_bbba.602,1204,GLL,602,602,727499417.00,25183437.50,864141312,10,true,true,OK,accept,true
gamma2,org,bb_bbba.602,1204,RNGLR,602,602,93770354.00,543187.50,28344320,10,true,true,OK,accept,true
gamma2,org,bb_bbba.602,1204,BRNGLR,602,602,123245792.00,1895917.00,93323264,10,true,true,OK,accept,true
gamma2,org,bb_bbba.604,1208,Leo,604,604,832500.00,26916.50,114688,10,true,true,OK,accept,true
gamma2,org,bb_bbba.604,1208,GLL,604,604,735103417.00,30486083.50,868597760,10,true,true,OK,accept,true
gamma2,org,bb_bbba.604,1208,RNGLR,604,604,96779437.50,2144937.50,28295168,10,true,true,OK,accept,true
gamma2,org,bb_bbba.604,1208,BRNGLR,604,604,125588020.50,4180708.00,93995008,10,true,true,OK,accept,true
