language,corpus,file,bytes,parser,input_length,token_count,median_time_ns,mad_ns,peak_memory_bytes,iterations,recognized,parse_correct,status,expected_result,conforms
gamma3,org,b.001,2,Leo,1,1,3458.00,999.50,32768,10,true,true,OK,accept,true
gamma3,org,b.001,2,GLL,1,1,5541.50,1375.00,32768,10,true,true,OK,accept,true
gamma3,org,b.001,2,RNGLR,1,1,3583.50,645.50,0,10,true,true,OK,accept,true
gamma3,org,b.001,2,BRNGLR,1,1,3042.00,917.50,0,10,true,true,OK,accept,true
gamma3,org,b.002,4,Leo,2,2,7604.00,1791.50,0,10,true,true,OK,accept,true
gamma3,org,b.002,4,GLL,2,2,11791.50,1229.00,0,10,true,true,OK,accept,true
gamma3,org,b.002,4,RNGLR,2,2,5375.50,917.00,0,10,true,true,OK,accept,true
gamma3,org,b.002,4,BRNGLR,2,2,4916.50,1624.50,0,10,true,true,OK,accept,true
gamma3,org,b.003,6,Leo,3,3,9562.50,1437.50,0,10,true,true,OK,accept,true
gamma3,org,b.003,6,GLL,3,3,20583.50,4229.50,98304,10,true,true,OK,accept,true
gamma3,org,b.003,6,RNGLR,3,3,9687.50,1041.00,0,10,true,true,OK,accept,true
gamma3,org,b.003,6,BRNGLR,3,3,9458.50,1062.00,0,10,true,true,OK,accept,true
gamma3,org,b.004,8,Leo,4,4,14521.00,1124.50,49152,10,true,true,OK,accept,true
gamma3,org,b.004,8,GLL,4,4,85895.50,47604.00,0,10,true,true,OK,accept,true
gamma3,org,b.004,8,RNGLR,4,4,28291.50,12854.00,0,10,true,true,OK,accept,true
gamma3,org,b.004,8,BRNGLR,4,4,16833.50,2937.50,65536,10,true,true,OK,accept,true
gamma3,org,b.005,10,Leo,5,5,19562.50,2437.50,81920,10,true,true,OK,accept,true
gamma3,org,b.005,10,GLL,5,5,47583.50,3958.00,81920,10,true,true,OK,accept,true
gamma3,org,b.005,10,RNGLR,5,5,62750.00,37354.00,81920,10,true,true,OK,accept,true
gamma3,org,b.005,10,BRNGLR,5,5,28542.00,4396.00,49152,10,true,true,OK,accept,true
gamma3,org,b.006,12,Leo,6,6,24041.50,2229.00,114688,10,true,true,OK,accept,true
gamma3,org,b.006,12,GLL,6,6,73167.00,3645.50,49152,10,true,true,OK,accept,true
gamma3,org,b.006,12,RNGLR,6,6,40249.50,2332.50,32768,10,true,true,OK,accept,true
gamma3,org,b.006,12,BRNGLR,6,6,35250.00,3750.00,0,10,true,true,OK,accept,true
gamma3,org,b.007,14,Leo,7,7,29145.50,1563.00,114688,10,true,true,OK,accept,true
gamma3,org,b.007,14,GLL,7,7,91125.00,2521.00,32768,10,true,true,OK,accept,true
gamma3,org,b.007,14,RNGLR,7,7,67208.50,1938.00,65536,10,true,true,OK,accept,true
gamma3,org,b.007,14,BRNGLR,7,7,51354.00,3437.00,65536,10,true,true,OK,accept,true
gamma3,org,b.008,16,Leo,8,8,36937.00,4437.00,32768,10,true,true,OK,accept,true
gamma3,org,b.008,16,GLL,8,8,151542.00,8146.00,65536,10,true,true,OK,accept,true
gamma3,org,b.008,16,RNGLR,8,8,107812.50,1145.50,49152,10,true,true,OK,accept,true
gamma3,org,b.008,16,BRNGLR,8,8,73229.50,3104.00,32768,10,true,true,OK,accept,true
gamma3,org,b.009,18,Leo,9,9,43104.50,2583.50,16384,10,true,true,OK,accept,true
gamma3,org,b.009,18,GLL,9,9,166416.50,5250.00,65536,10,true,true,OK,accept,true
gamma3,org,b.009,18,RNGLR,9,9,160000.00,3750.00,65536,10,true,true,OK,accept,true
gamma3,org,b.009,18,BRNGLR,9,9,104125.00,3708.50,32768,10,true,true,OK,accept,true
gamma3,org,b.010,20,Leo,10,10,52021.00,2021.00,32768,10,true,true,OK,accept,true
gamma3,org,b.010,20,GLL,10,10,231688.00,13875.00,98304,10,true,true,OK,accept,true
gamma3,org,b.010,20,RNGLR,10,10,239437.50,3146.00,65536,10,true,true,OK,accept,true
gamma3,org,b.010,20,BRNGLR,10,10,143458.50,4458.50,32768,10,true,true,OK,accept,true
gamma3,org,b.011,22,Leo,11,11,62687.50,3041.50,81920,10,true,true,OK,accept,true
gamma3,org,b.011,22,GLL,11,11,285750.00,5812.50,81920,10,true,true,OK,accept,true
gamma3,org,b.011,22,RNGLR,11,11,360208.50,5000.00,65536,10,true,true,OK,accept,true
gamma3,org,b.011,22,BRNGLR,11,11,191271.00,3292.00,49152,10,true,true,OK,accept,true
gamma3,org,b.012,24,Leo,12,12,79292.00,5667.00,81920,10,true,true,OK,accept,true
gamma3,org,b.012,24,GLL,12,12,397374.50,10833.00,65536,10,true,true,OK,accept,true
gamma3,org,b.012,24,RNGLR,12,12,513792.00,6146.00,65536,10,true,true,OK,accept,true
gamma3,org,b.012,24,BRNGLR,12,12,253229.00,3979.50,81920,10,true,true,OK,accept,true
gamma3,org,b.013,26,Leo,13,13,90374.50,7082.50,81920,10,true,true,OK,accept,true
gamma3,org,b.013,26,GLL,13,13,451500.00,12333.00,65536,10,true,true,OK,accept,true
gamma3,org,b.013,26,RNGLR,13,13,720333.50,3187.50,81920,10,true,true,OK,accept,true
gamma3,org,b.013,26,BRNGLR,13,13,332124.50,4041.00,65536,10,true,true,OK,accept,true
gamma3,org,b.014,28,Leo,14,14,254520.50,46917.00,98304,10,true,true,OK,accept,true
gamma3,org,b.014,28,GLL,14,14,577499.50,16436.50,262144,10,true,true,OK,accept,true
gamma3,org,b.014,28,RNGLR,14,14,1125354.00,62187.50,49152,10,true,true,OK,accept,true
gamma3,org,b.014,28,BRNGLR,14,14,429479.00,5854.00,65536,10,true,true,OK,accept,true
gamma3,org,b.015,30,Leo,15,15,110312.50,2312.50,131072,10,true,true,OK,accept,true
gamma3,org,b.015,30,GLL,15,15,713313.00,34083.50,114688,10,true,true,OK,accept,true
gamma3,org,b.015,30,RNGLR,15,15,1332625.00,12396.00,770048,10,true,true,OK,accept,true
gamma3,org,b.015,30,BRNGLR,15,15,536708.50,3333.00,81920,10,true,true,OK,accept,true
gamma3,org,b.016,32,Leo,16,16,127271.00,2104.50,98304,10,true,true,OK,accept,true
gamma3,org,b.016,32,GLL,16,16,872979.50,44104.00,81920,10,true,true,OK,accept,true
gamma3,org,b.016,32,RNGLR,16,16,1777479.50,13792.50,1392640,10,true,true,OK,accept,true
gamma3,org,b.016,32,BRNGLR,16,16,664687.50,16229.50,65536,10,true,true,OK,accept,true
gamma3,org,b.017,34,Leo,17,17,146333.50,7354.50,81920,10,true,true,OK,accept,true
gamma3,org,b.017,34,GLL,17,17,1043146.50,18959.50,98304,10,true,true,OK,accept,true
gamma3,org,b.017,34,RNGLR,17,17,2302666.50,24146.50,524288,10,true,true,OK,accept,true
gamma3,org,b.017,34,BRNGLR,17,17,798354.00,11354.00,65536,10,true,true,OK,accept,true
gamma3,org,b.018,36,Leo,18,18,170063.00,9334.00,65536,10,true,true,OK,accept,true
gamma3,org,b.018,36,GLL,18,18,1094875.00,15396.00,1343488,10,true,true,OK,accept,true
gamma3,org,b.018,36,RNGLR,18,18,2914562.00,9479.00,704512,10,true,true,OK,accept,true
gamma3,org,b.018,36,BRNGLR,18,18,978479.00,12500.00,65536,10,true,true,OK,accept,true
gamma3,org,b.019,38,Leo,19,19,177458.50,3729.50,114688,10,true,true,OK,accept,true
gamma3,org,b.019,38,GLL,19,19,1302854.50,19229.00,1490944,10,true,true,OK,accept,true
gamma3,org,b.019,38,RNGLR,19,19,4098125.00,90208.00,2146304,10,true,true,OK,accept,true
gamma3,org,b.019,38,BRNGLR,19,19,1222875.00,58500.00,1785856,10,true,true,OK,accept,true
gamma3,org,b.020,40,Leo,20,20,222791.50,11208.50,114688,10,true,true,OK,accept,true
gamma3,org,b.020,40,GLL,20,20,1589125.00,58770.50,1310720,10,true,true,OK,accept,true
gamma3,org,b.020,40,RNGLR,20,20,5100499.50,166709.00,2228224,10,true,true,OK,accept,true
gamma3,org,b.020,40,BRNGLR,20,20,1468583.50,42188.00,1015808,10,true,true,OK,accept,true
gamma3,org,b.021,42,Leo,21,21,250563.00,16541.50,32768,10,true,true,OK,accept,true
gamma3,org,b.021,42,GLL,21,21,1879770.50,62791.50,1097728,10,true,true,OK,accept,true
gamma3,org,b.021,42,RNGLR,21,21,5994791.50,71229.50,933888,10,true,true,OK,accept,true
gamma3,org,b.021,42,BRNGLR,21,21,1590354.50,16271.00,1228800,10,true,true,OK,accept,true
gamma3,org,b.022,44,Leo,22,22,257666.50,15562.50,131072,10,true,true,OK,accept,true
gamma3,org,b.022,44,GLL,22,22,1988125.00,30437.50,1343488,10,true,true,OK,accept,true
gamma3,org,b.022,44,RNGLR,22,22,7554708.50,69916.50,3883008,10,true,true,OK,accept,true
gamma3,org,b.022,44,BRNGLR,22,22,1928125.00,78229.00,835584,10,true,true,OK,accept,true
gamma3,org,b.023,46,Leo,23,23,271687.00,7500.00,131072,10,true,true,OK,accept,true
gamma3,org,b.023,46,GLL,23,23,2356396.00,25313.00,2146304,10,true,true,OK,accept,true
gamma3,org,b.023,46,RNGLR,23,23,9014479.50,56333.50,2277376,10,true,true,OK,accept,true
gamma3,org,b.023,46,BRNGLR,23,23,2141667.00,18958.50,2850816,10,true,true,OK,accept,true
gamma3,org,b.024,48,Leo,24,24,292354.00,5208.50,81920,10,true,true,OK,accept,true
gamma3,org,b.024,48,GLL,24,24,2841354.00,12687.00,2211840,10,true,true,OK,accept,true
gamma3,org,b.024,48,RNGLR,24,24,11151625.00,51896.00,4800512,10,true,true,OK,accept,true
gamma3,org,b.024,48,BRNGLR,24,24,2468021.00,36000.00,3080192,10,true,true,OK,accept,true
gamma3,org,b.025,50,Leo,25,25,362979.00,11479.50,16384,10,true,true,OK,accept,true
gamma3,org,b.025,50,GLL,25,25,2842354.00,105292.00,2195456,10,true,true,OK,accept,true
gamma3,org,b.025,50,RNGLR,25,25,13633187.50,115896.00,5046272,10,true,true,OK,accept,true
gamma3,org,b.025,50,BRNGLR,25,25,2971375.00,61833.00,2097152,10,true,true,OK,accept,true
gamma3,org,b.026,52,Leo,26,26,348500.00,4688.00,16384,10,true,true,OK,accept,true
gamma3,org,b.026,52,GLL,26,26,3016646.00,36041.50,3653632,10,true,true,OK,accept,true
gamma3,org,b.026,52,RNGLR,26,26,16418667.00,181541.00,5046272,10,true,true,OK,accept,true
gamma3,org,b.026,52,BRNGLR,26,26,3247333.00,80208.50,1605632,10,true,true,OK,accept,true
gamma3,org,b.027,54,Leo,27,27,384729.00,7145.50,131072,10,true,true,OK,accept,true
gamma3,org,b.027,54,GLL,27,27,3392791.50,54583.50,3620864,10,true,true,OK,accept,true
gamma3,org,b.027,54,RNGLR,27,27,19221500.00,22187.50,5881856,10,true,true,OK,accept,true
gamma3,org,b.027,54,BRNGLR,27,27,3562937.00,12749.50,3637248,10,true,true,OK,accept,true
gamma3,org,b.028,56,Leo,28,28,414104.00,6583.50,32768,10,true,true,OK,accept,true
gamma3,org,b.028,56,GLL,28,28,3711375.50,27396.50,3702784,10,true,true,OK,accept,true
gamma3,org,b.028,56,RNGLR,28,28,23248042.00,120500.00,9420800,10,true,true,OK,accept,true
gamma3,org,b.028,56,BRNGLR,28,28,4079479.00,76563.00,3309568,10,true,true,OK,accept,true
gamma3,org,b.029,58,Leo,29,29,450292.00,6813.00,98304,10,true,true,OK,accept,true
gamma3,org,b.029,58,GLL,29,29,4135437.50,16291.50,3866624,10,true,true,OK,accept,true
gamma3,org,b.029,58,RNGLR,29,29,27740187.50,90542.00,9338880,10,true,true,OK,accept,true
gamma3,org,b.029,58,BRNGLR,29,29,4530500.00,18854.00,5455872,10,true,true,OK,accept,true
gamma3,org,b.030,60,Leo,30,30,484208.50,6562.00,114688,10,true,true,OK,accept,true
gamma3,org,b.030,60,GLL,30,30,4754416.50,36541.50,3866624,10,true,true,OK,accept,true
gamma3,org,b.030,60,RNGLR,30,30,33320812.50,509333.50,9977856,10,true,true,OK,accept,true
gamma3,org,b.030,60,BRNGLR,30,30,6021499.50,673979.50,6045696,10,true,true,OK,accept,true
gamma3,org,b.031,62,Leo,31,31,532687.50,13125.00,16384,10,true,true,OK,accept,true
gamma3,org,b.031,62,GLL,31,31,5755500.50,245813.00,4046848,10,true,true,OK,accept,true
gamma3,org,b.031,62,RNGLR,31,31,40822708.00,438416.00,13254656,10,true,true,OK,accept,true
gamma3,org,b.031,62,BRNGLR,31,31,5858625.50,168333.00,6160384,10,true,true,OK,accept,true
gamma3,org,b.032,64,Leo,32,32,572271.00,9104.00,65536,10,true,true,OK,accept,true
gamma3,org,b.032,64,GLL,32,32,6287167.00,196458.00,5193728,10,true,true,OK,accept,true
gamma3,org,b.032,64,RNGLR,32,32,46584541.50,1070854.00,16105472,10,true,true,OK,accept,true
gamma3,org,b.032,64,BRNGLR,32,32,6738458.50,184875.00,7077888,10,true,true,OK,accept,true
gamma3,org,b.033,66,Leo,33,33,627916.50,21542.00,98304,10,true,true,OK,accept,true
gamma3,org,b.033,66,GLL,33,33,6790771.00,92500.00,5373952,10,true,true,OK,accept,true
gamma3,org,b.033,66,RNGLR,33,33,53637125.00,419312.50,17416192,10,true,true,OK,accept,true
gamma3,org,b.033,66,BRNGLR,33,33,7372917.00,305729.50,7815168,10,true,true,OK,accept,true
gamma3,org,b.034,68,Leo,34,34,644125.00,6979.00,131072,10,true,true,OK,accept,true
gamma3,org,b.034,68,GLL,34,34,6537791.50,109145.50,5357568,10,true,true,OK,accept,true
gamma3,org,b.034,68,RNGLR,34,34,63940750.00,937917.00,19759104,10,true,true,OK,accept,true
gamma3,org,b.034,68,BRNGLR,34,34,7777521.00,66625.00,6586368,10,true,true,OK,accept,true
gamma3,org,b.035,70,Leo,35,35,698500.00,12416.50,81920,10,true,true,OK,accept,true
gamma3,org,b.035,70,GLL,35,35,7170104.50,91791.50,6832128,10,true,true,OK,accept,true
gamma3,org,b.035,70,RNGLR,35,35,72758041.50,2034417.00,22085632,10,true,true,OK,accept,true
gamma3,org,b.035,70,BRNGLR,35,35,8629354.00,176333.00,9158656,10,true,true,OK,accept,true
gamma3,org,b.036,72,Leo,36,36,748604.00,10708.00,32768,10,true,true,OK,accept,true
gamma3,org,b.036,72,GLL,36,36,7540104.00,22520.50,6848512,10,true,true,OK,accept,true
gamma3,org,b.036,72,RNGLR,36,36,84221062.50,649937.50,24281088,10,true,true,OK,accept,true
gamma3,org,b.036,72,BRNGLR,36,36,9357583.50,48208.50,9420800,10,true,true,OK,accept,true
gamma3,org,b.037,74,Leo,37,37,815458.50,31000.00,114688,10,true,true,OK,accept,true
gamma3,org,b.037,74,GLL,37,37,8244624.50,60687.00,6979584,10,true,true,OK,accept,true
gamma3,org,b.037,74,RNGLR,37,37,95530395.50,534416.00,27394048,10,true,true,OK,accept,true
gamma3,org,b.037,74,BRNGLR,37,37,10249104.00,41312.50,11042816,10,true,true,OK,accept,true
gamma3,org,b.038,76,Leo,38,38,841583.50,8937.00,49152,10,true,true,OK,accept,true
gamma3,org,b.038,76,GLL,38,38,9100958.00,35583.50,6979584,10,true,true,OK,accept,true
gamma3,org,b.038,76,RNGLR,38,38,110517833.50,1202666.50,32407552,10,true,true,OK,accept,true
gamma3,org,b.038,76,BRNGLR,38,38,11160666.50,40166.50,11321344,10,true,true,OK,accept,true
gamma3,org,b.039,78,Leo,39,39,907083.00,19583.00,81920,10,true,true,OK,accept,true
gamma3,org,b.039,78,GLL,39,39,9875854.50,42499.50,7077888,10,true,true,OK,accept,true
gamma3,org,b.039,78,RNGLR,39,39,125590270.50,480020.50,33783808,10,true,true,OK,accept,true
gamma3,org,b.039,78,BRNGLR,39,39,12603354.00,346437.00,12337152,10,true,true,OK,accept,true
gamma3,org,b.040,80,Leo,40,40,951125.00,12416.50,638976,10,true,true,OK,accept,true
gamma3,org,b.040,80,GLL,40,40,10863520.50,167958.00,10371072,10,true,true,OK,accept,true
gamma3,org,b.040,80,RNGLR,40,40,143304375.00,939541.50,37126144,10,true,true,OK,accept,true
gamma3,org,b.040,80,BRNGLR,40,40,13347937.50,85125.00,13828096,10,true,true,OK,accept,true
gamma3,org,b.041,82,Leo,41,41,1004750.00,6812.50,16384,10,true,true,OK,accept,true
gamma3,org,b.041,82,GLL,41,41,11624145.50,200166.00,10862592,10,true,true,OK,accept,true
gamma3,org,b.041,82,RNGLR,41,41,169571562.50,4560270.50,40648704,10,true,true,OK,accept,true
gamma3,org,b.041,82,BRNGLR,41,41,14679584.00,141437.50,14712832,10,true,true,OK,accept,true
gamma3,org,b.042,84,Leo,42,42,1064500.00,10875.00,114688,10,true,true,OK,accept,true
gamma3,org,b.042,84,GLL,42,42,12264896.00,46479.50,10960896,10,true,true,OK,accept,true
gamma3,org,b.042,84,RNGLR,42,42,186813000.00,1609500.00,44761088,10,true,true,OK,accept,true
gamma3,org,b.042,84,BRNGLR,42,42,15760646.00,96833.50,14909440,10,true,true,OK,accept,true
gamma3,org,b.043,86,Leo,43,43,1126270.50,7041.00,147456,10,true,true,OK,accept,true
gamma3,org,b.043,86,GLL,43,43,13177291.50,58354.00,11386880,10,true,true,OK,accept,true
gamma3,org,b.043,86,RNGLR,43,43,212488750.00,3033166.50,48939008,10,true,true,OK,accept,true
gamma3,org,b.043,86,BRNGLR,43,43,17279146.00,144021.00,18202624,10,true,true,OK,accept,true
gamma3,org,b.044,88,Leo,44,44,1201479.00,9895.50,671744,10,true,true,OK,accept,true
gamma3,org,b.044,88,GLL,44,44,14256688.00,34916.50,11698176,10,true,true,OK,accept,true
gamma3,org,b.044,88,RNGLR,44,44,237680021.00,1102812.50,53542912,10,true,true,OK,accept,true
gamma3,org,b.044,88,BRNGLR,44,44,18454187.50,61479.00,19578880,10,true,true,OK,accept,true
gamma3,org,b.045,90,Leo,45,45,1266812.50,9312.50,737280,10,true,true,OK,accept,true
gamma3,org,b.045,90,GLL,45,45,15592479.00,42604.50,11550720,10,true,true,OK,accept,true
gamma3,org,b.045,90,RNGLR,45,45,266132312.50,830666.50,58359808,10,true,true,OK,accept,true
gamma3,org,b.045,90,BRNGLR,45,45,20012583.50,63479.50,20824064,10,true,true,OK,accept,true
gamma3,org,b.046,92,Leo,46,46,1710541.50,332458.00,688128,10,true,true,OK,accept,true
gamma3,org,b.046,92,GLL,46,46,17017062.50,131354.00,12320768,10,true,true,OK,accept,true
gamma3,org,b.046,92,RNGLR,46,46,302225916.50,903395.50,63520768,10,true,true,OK,accept,true
gamma3,org,b.046,92,BRNGLR,46,46,21570875.50,69771.00,22102016,10,true,true,OK,accept,true
gamma3,org,b.047,94,Leo,47,47,1391479.00,11270.50,606208,10,true,true,OK,accept,true
gamma3,org,b.047,94,GLL,47,47,18757270.50,85750.00,12599296,10,true,true,OK,accept,true
gamma3,org,b.047,94,RNGLR,47,47,340553958.00,1647750.00,69042176,10,true,true,OK,accept,true
gamma3,org,b.047,94,BRNGLR,47,47,23441562.50,126625.00,23560192,10,true,true,OK,accept,true
gamma3,org,b.048,96,Leo,48,48,1478584.00,15458.00,704512,10,true,true,OK,accept,true
gamma3,org,b.048,96,GLL,48,48,18502125.00,112521.00,15597568,10,true,true,OK,accept,true
gamma3,org,b.048,96,RNGLR,48,48,385741875.00,2742666.50,74989568,10,true,true,OK,accept,true
gamma3,org,b.048,96,BRNGLR,48,48,25304312.50,135666.50,24887296,10,true,true,OK,accept,true
gamma3,org,b.049,98,Leo,49,49,1566583.00,27687.00,737280,10,true,true,OK,accept,true
gamma3,org,b.049,98,GLL,49,49,19881791.50,36875.00,20267008,10,true,true,OK,accept,true
gamma3,org,b.049,98,RNGLR,49,49,437457438.00,6247626.00,81313792,10,true,true,OK,accept,true
gamma3,org,b.049,98,BRNGLR,49,49,27920854.00,1058770.50,26394624,10,true,true,OK,accept,true
gamma3,org,b.050,100,Leo,50,50,1630520.50,16770.50,704512,10,true,true,OK,accept,true
gamma3,org,b.050,100,GLL,50,50,21193895.50,106208.00,20365312,10,true,true,OK,accept,true
gamma3,org,b.050,100,RNGLR,50,50,485591042.00,11609292.00,87932928,10,true,true,OK,accept,true
gamma3,org,b.050,100,BRNGLR,50,50,29596708.00,491542.00,27967488,10,true,true,OK,accept,true
gamma3,org,b.051,102,Leo,51,51,1802021.00,89416.50,688128,10,true,true,OK,accept,true
gamma3,org,b.051,102,GLL,51,51,23033541.50,170562.50,20791296,10,true,true,OK,accept,true
gamma3,org,b.051,102,RNGLR,51,51,544195833.00,16055041.00,94830592,10,true,true,OK,accept,true
gamma3,org,b.051,102,BRNGLR,51,51,30954187.50,70166.50,29704192,10,true,true,OK,accept,true
gamma3,org,b.052,104,Leo,52,52,1779270.50,11895.50,770048,10,true,true,OK,accept,true
gamma3,org,b.052,104,GLL,52,52,23941229.50,67167.00,21069824,10,true,true,OK,accept,true
gamma3,org,b.052,104,RNGLR,52,52,623730500.00,22454458.00,102301696,10,true,true,OK,accept,true
gamma3,org,b.052,104,BRNGLR,52,52,33607374.50,399499.50,31342592,10,true,true,OK,accept,true
gamma3,org,b.053,106,Leo,53,53,1926375.00,19896.00,704512,10,true,true,OK,accept,true
gamma3,org,b.053,106,GLL,53,53,26374812.00,407249.50,21364736,10,true,true,OK,accept,true
gamma3,org,b.053,106,RNGLR,53,53,671699437.00,14086499.50,110116864,10,true,true,OK,accept,true
gamma3,org,b.053,106,BRNGLR,53,53,35592229.50,227208.50,35225600,10,true,true,OK,accept,true
gamma3,org,b.054,108,Leo,54,54,1951854.00,15624.50,753664,10,true,true,OK,accept,true
gamma3,org,b.054,108,GLL,54,54,26725083.50,83792.00,21659648,10,true,true,OK,accept,true
gamma3,org,b.054,108,RNGLR,54,54,726368666.50,4855000.50,118685696,10,true,true,OK,accept,true
gamma3,org,b.054,108,BRNGLR,54,54,38784229.50,602646.50,37158912,10,true,true,OK,accept,true
gamma3,org,b.055,110,Leo,55,55,2047813.00,7125.00,770048,10,true,true,OK,accept,true
gamma3,org,b.055,110,GLL,55,55,29535854.00,677166.50,21905408,10,true,true,OK,accept,true
gamma3,org,b.055,110,RNGLR,55,55,812600854.00,7558520.50,127188992,10,true,true,OK,accept,true
gamma3,org,b.055,110,BRNGLR,55,55,40869979.00,514562.00,39010304,10,true,true,OK,accept,true
gamma3,org,b.056,112,Leo,56,56,2213813.00,28125.50,737280,10,true,true,OK,accept,true
gamma3,org,b.056,112,GLL,56,56,30166875.00,122687.50,22167552,10,true,true,OK,accept,true
gamma3,org,b.056,112,RNGLR,56,56,898643500.00,9661958.50,136577024,10,true,true,OK,accept,true
gamma3,org,b.056,112,BRNGLR,56,56,43516166.50,636000.50,41025536,10,true,true,OK,accept,true
gamma3,org,b.057,114,Leo,57,57,2268750.00,50062.00,1359872,10,true,true,OK,accept,true
gamma3,org,b.057,114,GLL,57,57,31827771.00,132583.50,22708224,10,true,true,OK,accept,true
gamma3,org,b.057,114,RNGLR,57,57,0.00,0.00,0,0,false,false,TIMEOUT,accept,
gamma3,org,b.057,114,BRNGLR,57,57,45736583.50,201854.00,43253760,10,true,true,OK,accept,true
gamma3,org,b.058,116,Leo,58,58,2330854.00,7208.00,770048,10,true,true,OK,accept,true
gamma3,org,b.058,116,GLL,58,58,33818958.00,130896.00,23068672,10,true,true,OK,accept,true
gamma3,org,b.058,116,RNGLR,58,58,0.00,0.00,0,0,false,false,TIMEOUT,accept,
gamma3,org,b.058,116,BRNGLR,58,58,49566042.00,931751.00,45367296,10,true,true,OK,accept,true
gamma3,org,b.059,118,Leo,59,59,2443604.50,23874.50,1048576,10,true,true,OK,accept,true
gamma3,org,b.059,118,GLL,59,59,36087437.00,105041.50,23379968,10,true,true,OK,accept,true
gamma3,org,b.059,118,RNGLR,59,59,0.00,0.00,0,0,false,false,TIMEOUT,accept,
gamma3,org,b.059,118,BRNGLR,59,59,51365624.50,186270.50,47579136,10,true,true,OK,accept,true
gamma3,org,b.060,120,Leo,60,60,2538375.00,13500.50,1261568,10,true,true,OK,accept,true
gamma3,org,b.060,120,GLL,60,60,38794604.50,125604.50,23855104,10,true,true,OK,accept,true
gamma3,org,b.060,120,RNGLR,60,60,0.00,0.00,0,0,false,false,TIMEOUT,accept,
gamma3,org,b.060,120,BRNGLR,60,60,54459229.50,106500.50,49741824,10,true,true,OK,accept,true
gamma3,org,b.061,122,Leo,61,61,2658750.00,25666.50,1228800,10,true,true,OK,accept,true
gamma3,org,b.061,122,GLL,61,61,42803541.50,705437.00,32833536,10,true,true,OK,accept,true
gamma3,org,b.061,122,RNGLR,61,61,0.00,0.00,0,0,false,false,TIMEOUT,accept,
gamma3,org,b.061,122,BRNGLR,61,61,58146125.00,357375.00,52199424,10,true,true,OK,accept,true
gamma3,org,b.062,124,Leo,62,62,2753646.00,15937.50,1212416,10,true,true,OK,accept,true
gamma3,org,b.062,124,GLL,62,62,44415500.00,239187.50,33243136,10,true,true,OK,accept,true
gamma3,org,b.062,124,RNGLR,62,62,0.00,0.00,0,0,false,false,TIMEOUT,accept,
gamma3,org,b.062,124,BRNGLR,62,62,60882771.00,125250.00,54640640,10,true,true,OK,accept,true
gamma3,org,b.063,126,Leo,63,63,2865187.50,20250.00,1228800,10,true,true,OK,accept,true
gamma3,org,b.063,126,GLL,63,63,46882958.50,119688.00,33636352,10,true,true,OK,accept,true
gamma3,org,b.063,126,RNGLR,63,63,0.00,0.00,0,0,false,false,TIMEOUT,accept,
gamma3,org,b.063,126,BRNGLR,63,63,64897229.00,303437.50,57344000,10,true,true,OK,accept,true
gamma3,org,b.064,128,Leo,64,64,3060750.00,21666.50,1245184,10,true,true,OK,accept,true
gamma3,org,b.064,128,GLL,64,64,50405750.50,249146.00,34062336,10,true,true,OK,accept,true
gamma3,org,b.064,128,RNGLR,64,64,0.00,0.00,0,0,false,false,TIMEOUT,accept,
gamma3,org,b.064,128,BRNGLR,64,64,70469146.00,2396291.50,59801600,10,true,true,OK,accept,true
gamma3,org,b.065,130,Leo,65,65,3096229.00,26917.00,1196032,10,true,true,OK,accept,true
gamma3,org,b.065,130,GLL,65,65,53906666.50,143271.00,35799040,10,true,true,OK,accept,true
gamma3,org,b.065,130,RNGLR,65,65,0.00,0.00,0,0,false,false,TIMEOUT,accept,
gamma3,org,b.065,130,BRNGLR,65,65,74160562.50,671083.50,62570496,10,true,true,OK,accept,true
gamma3,org,b.066,132,Leo,66,66,3229396.00,29292.00,1245184,10,true,true,OK,accept,true
gamma3,org,b.066,132,GLL,66,66,68328771.00,11201666.50,35045376,10,true,true,OK,accept,true
gamma3,org,b.066,132,RNGLR,66,66,0.00,0.00,0,0,false,false,TIMEOUT,accept,
gamma3,org,b.066,132,BRNGLR,66,66,79727542.00,2649083.50,65781760,10,true,true,OK,accept,true
gamma3,org,b.067,134,Leo,67,67,3582542.00,97021.00,1654784,10,true,true,OK,accept,true
gamma3,org,b.067,134,GLL,67,67,63891313.00,2279083.00,35160064,10,true,true,OK,accept,true
gamma3,org,b.067,134,RNGLR,67,67,0.00,0.00,0,0,false,false,TIMEOUT,accept,
gamma3,org,b.067,134,BRNGLR,67,67,83459416.50,2202042.00,68616192,10,true,true,OK,accept,true
gamma3,org,b.068,136,Leo,68,68,3463166.50,22562.00,1228800,10,true,true,OK,accept,true
gamma3,org,b.068,136,GLL,68,68,64552395.50,3985354.00,41304064,10,true,true,OK,accept,true
gamma3,org,b.068,136,RNGLR,68,68,0.00,0.00,0,0,false,false,TIMEOUT,accept,
gamma3,org,b.068,136,BRNGLR,68,68,86196062.50,871458.00,71745536,10,true,true,OK,accept,true
gamma3,org,b.069,138,Leo,69,69,3591583.00,10541.50,1851392,10,true,true,OK,accept,true
gamma3,org,b.069,138,GLL,69,69,67719146.00,2345458.00,42450944,10,true,true,OK,accept,true
gamma3,org,b.069,138,RNGLR,69,69,0.00,0.00,0,0,false,false,TIMEOUT,accept,
gamma3,org,b.069,138,BRNGLR,69,69,94597083.00,2764646.00,74694656,10,true,true,OK,accept,true
gamma3,org,b.070,140,Leo,70,70,3824312.50,96270.50,1572864,10,true,true,OK,accept,true
gamma3,org,b.070,140,GLL,70,70,62813354.00,569687.50,42336256,10,true,true,OK,accept,true
gamma3,org,b.070,140,RNGLR,70,70,0.00,0.00,0,0,false,false,TIMEOUT,accept,
gamma3,org,b.070,140,BRNGLR,70,70,94262312.50,753958.00,77824000,10,true,true,OK,accept,true
gamma3,org,b.071,142,Leo,71,71,4052437.50,126479.00,1572864,10,true,true,OK,accept,true
gamma3,org,b.071,142,GLL,71,71,72888354.50,4606083.00,42139648,10,true,true,OK,accept,true
gamma3,org,b.071,142,RNGLR,71,71,0.00,0.00,0,0,false,false,TIMEOUT,accept,
gamma3,org,b.071,142,BRNGLR,71,71,103076604.50,4558938.00,81068032,10,true,true,OK,accept,true
gamma3,org,b.072,144,Leo,72,72,4003124.50,30541.00,1622016,10,true,true,OK,accept,true
gamma3,org,b.072,144,GLL,72,72,69411312.00,360333.50,43335680,10,true,true,OK,accept,true
gamma3,org,b.072,144,RNGLR,72,72,0.00,0.00,0,0,false,false,TIMEOUT,accept,
gamma3,org,b.072,144,BRNGLR,72,72,103677208.50,910459.00,84508672,10,true,true,OK,accept,true
gamma3,org,b.073,146,Leo,73,73,4154166.50,18625.00,1605632,10,true,true,OK,accept,true
gamma3,org,b.073,146,GLL,73,73,70719354.00,125708.50,43843584,10,true,true,OK,accept,true
gamma3,org,b.073,146,RNGLR,73,73,0.00,0.00,0,0,false,false,TIMEOUT,accept,
gamma3,org,b.073,146,BRNGLR,73,73,119863729.50,4459000.00,88064000,10,true,true,OK,accept,true
gamma3,org,b.074,148,Leo,74,74,4459770.50,103958.00,1572864,10,true,true,OK,accept,true
gamma3,org,b.074,148,GLL,74,74,84085020.50,2422792.00,44154880,10,true,true,OK,accept,true
gamma3,org,b.074,148,RNGLR,74,74,0.00,0.00,0,0,false,false,TIMEOUT,accept,
gamma3,org,b.074,148,BRNGLR,74,74,114283604.00,1018499.50,91586560,10,true,true,OK,accept,true
gamma3,org,b.075,150,Leo,75,75,4496000.00,30666.50,1605632,10,true,true,OK,accept,true
gamma3,org,b.075,150,GLL,75,75,79545896.00,1195479.00,44990464,10,true,true,OK,accept,true
gamma3,org,b.075,150,RNGLR,75,75,0.00,0.00,0,0,false,false,TIMEOUT,accept,
gamma3,org,b.075,150,BRNGLR,75,75,121420292.00,1808188.00,95125504,10,true,true,OK,accept,true
gamma3,org,b.076,152,Leo,76,76,4571166.50,23229.50,1605632,10,true,true,OK,accept,true
gamma3,org,b.076,152,GLL,76,76,84028312.50,1857083.50,45563904,10,true,true,OK,accept,true
gamma3,org,b.076,152,RNGLR,76,76,0.00,0.00,0,0,false,false,TIMEOUT,accept,
gamma3,org,b.076,152,BRNGLR,76,76,130536687.00,2944291.00,98893824,10,true,true,OK,accept,true
gamma3,org,b.077,154,Leo,77,77,4841708.00,124125.50,2179072,10,true,true,OK,accept,true
gamma3,org,b.077,154,GLL,77,77,89073729.50,1660000.50,63520768,10,true,true,OK,accept,true
gamma3,org,b.077,154,RNGLR,77,77,0.00,0.00,0,0,false,false,TIMEOUT,accept,
gamma3,org,b.077,154,BRNGLR,77,77,133699771.00,2594687.50,102727680,10,true,true,OK,accept,true
gamma3,org,b.078,156,Leo,78,78,4909938.00,30771.00,2097152,10,true,true,OK,accept,true
gamma3,org,b.078,156,GLL,78,78,102976354.00,9116000.00,64077824,10,true,true,OK,accept,true
gamma3,org,b.078,156,RNGLR,78,78,0.00,0.00,0,0,false,false,TIMEOUT,accept,
gamma3,org,b.078,156,BRNGLR,78,78,139544437.50,1840604.50,106741760,10,true,true,OK,accept,true
gamma3,org,b.079,158,Leo,79,79,5296895.50,136062.00,1867776,10,true,true,OK,accept,true
gamma3,org,b.079,158,GLL,79,79,96903271.00,2858250.00,64700416,10,true,true,OK,accept,true
gamma3,org,b.079,158,RNGLR,79,79,0.00,0.00,0,0,false,false,TIMEOUT,accept,
gamma3,org,b.079,158,BRNGLR,79,79,153303000.00,7370833.00,110837760,10,true,true,OK,accept,true
gamma3,org,b.080,160,Leo,80,80,5378416.50,94000.00,1916928,10,true,true,OK,accept,true
gamma3,org,b.080,160,GLL,80,80,98722875.00,844563.00,65306624,10,true,true,OK,accept,true
gamma3,org,b.080,160,RNGLR,80,80,0.00,0.00,0,0,false,false,TIMEOUT,accept,
gamma3,org,b.080,160,BRNGLR,80,80,151128229.00,1380833.00,115048448,10,true,true,OK,accept,true
gamma3,org,b.081,162,Leo,81,81,5474020.50,90645.50,1933312,10,true,true,OK,accept,true
gamma3,org,b.081,162,GLL,81,81,104132625.00,1884895.50,65961984,10,true,true,OK,accept,true
gamma3,org,b.081,162,RNGLR,81,81,0.00,0.00,0,0,false,false,TIMEOUT,accept,
gamma3,org,b.081,162,BRNGLR,81,81,167658291.50,6993458.50,119963648,10,true,true,OK,accept,true
gamma3,org,b.082,164,Leo,82,82,5546958.50,25062.50,1916928,10,true,true,OK,accept,true
gamma3,org,b.082,164,GLL,82,82,109174187.50,1830771.00,66650112,10,true,true,OK,accept,true
gamma3,org,b.082,164,RNGLR,82,82,0.00,0.00,0,0,false,false,TIMEOUT,accept,
gamma3,org,b.082,164,BRNGLR,82,82,166181125.00,1738646.50,123731968,10,true,true,OK,accept,true
gamma3,org,b.083,166,Leo,83,83,5826916.50,91500.00,2048000,10,true,true,OK,accept,true
gamma3,org,b.083,166,GLL,83,83,115886145.50,2996562.00,67354624,10,true,true,OK,accept,true
gamma3,org,b.083,166,RNGLR,83,83,0.00,0.00,0,0,false,false,TIMEOUT,accept,
gamma3,org,b.083,166,BRNGLR,83,83,190489396.00,4327521.50,128139264,10,true,true,OK,accept,true
gamma3,org,b.084,168,Leo,84,84,5921917.00,52646.50,2244608,10,true,true,OK,accept,true
gamma3,org,b.084,168,GLL,84,84,120128125.00,2250937.50,67977216,10,true,true,OK,accept,true
gamma3,org,b.084,168,RNGLR,84,84,0.00,0.00,0,0,false,false,TIMEOUT,accept,
gamma3,org,b.084,168,BRNGLR,84,84,184952729.00,5389166.50,132956160,10,true,true,OK,accept,true
gamma3,org,b.085,170,Leo,85,85,6046563.00,27124.50,2473984,10,true,true,OK,accept,true
gamma3,org,b.085,170,GLL,85,85,122086541.50,1952625.00,68730880,10,true,true,OK,accept,true
gamma3,org,b.085,170,RNGLR,85,85,0.00,0.00,0,0,false,false,TIMEOUT,accept,
gamma3,org,b.085,170,BRNGLR,85,85,194731917.00,5801813.00,137691136,10,true,true,OK,accept,true
gamma3,org,b.086,172,Leo,86,86,6275875.50,45146.50,2244608,10,true,true,OK,accept,true
gamma3,org,b.086,172,GLL,86,86,139060729.00,6197645.50,69402624,10,true,true,OK,accept,true
gamma3,org,b.086,172,RNGLR,86,86,0.00,0.00,0,0,false,false,TIMEOUT,accept,
gamma3,org,b.086,172,BRNGLR,86,86,204341896.00,7408667.00,142475264,10,true,true,OK,accept,true
gamma3,org,b.087,174,Leo,87,87,6476937.50,72250.00,2129920,10,true,true,OK,accept,true
gamma3,org,b.087,174,GLL,87,87,139049688.00,4611958.00,70139904,10,true,true,OK,accept,true
gamma3,org,b.087,174,RNGLR,87,87,0.00,0.00,0,0,false,false,TIMEOUT,accept,
gamma3,org,b.087,174,BRNGLR,87,87,211141604.00,3327583.00,147390464,10,true,true,OK,accept,true
gamma3,org,b.088,176,Leo,88,88,6738354.50,127500.00,2146304,10,true,true,OK,accept,true
gamma3,org,b.088,176,GLL,88,88,137983375.00,4420895.50,70909952,10,true,true,OK,accept,true
gamma3,org,b.088,176,RNGLR,88,88,0.00,0.00,0,0,false,false,TIMEOUT,accept,
gamma3,org,b.088,176,BRNGLR,88,88,219524104.50,5824666.00,152338432,10,true,true,OK,accept,true
gamma3,org,b.089,178,Leo,89,89,7134958.00,37770.50,2244608,10,true,true,OK,accept,true
gamma3,org,b.089,178,GLL,89,89,146841625.00,6443729.50,71974912,10,true,true,OK,accept,true
gamma3,org,b.089,178,RNGLR,89,89,0.00,0.00,0,0,false,false,TIMEOUT,accept,
gamma3,org,b.089,178,BRNGLR,89,89,227011312.50,5433604.50,157646848,10,true,true,OK,accept,true
gamma3,org,b.090,180,Leo,90,90,7219062.50,255770.50,2441216,10,true,true,OK,accept,true
gamma3,org,b.090,180,GLL,90,90,156909291.50,7256646.00,72450048,10,true,true,OK,accept,true
gamma3,org,b.090,180,RNGLR,90,90,0.00,0.00,0,0,false,false,TIMEOUT,accept,
gamma3,org,b.090,180,BRNGLR,90,90,230327729.00,3176166.00,162791424,10,true,true,OK,accept,true
gamma3,org,b.091,182,Leo,91,91,7383333.50,144333.50,2736128,10,true,true,OK,accept,true
gamma3,org,b.091,182,GLL,91,91,152588395.50,1513166.50,73187328,10,true,true,OK,accept,true
gamma3,org,b.091,182,RNGLR,91,91,0.00,0.00,0,0,false,false,TIMEOUT,accept,
gamma3,org,b.091,182,BRNGLR,91,91,241029062.50,3878937.00,168214528,10,true,true,OK,accept,true
gamma3,org,b.092,184,Leo,92,92,7431125.50,46458.00,2424832,10,true,true,OK,accept,true
gamma3,org,b.092,184,GLL,92,92,161249583.00,2800687.00,74072064,10,true,true,OK,accept,true
gamma3,org,b.092,184,RNGLR,92,92,0.00,0.00,0,0,false,false,TIMEOUT,accept,
gamma3,org,b.092,184,BRNGLR,92,92,247945604.00,1877541.50,173178880,10,true,true,OK,accept,true
gamma3,org,b.093,186,Leo,93,93,7704917.00,74875.00,2326528,10,true,true,OK,accept,true
gamma3,org,b.093,186,GLL,93,93,166757125.00,1139937.50,74956800,10,true,true,OK,accept,true
gamma3,org,b.093,186,RNGLR,93,93,0.00,0.00,0,0,false,false,TIMEOUT,accept,
gamma3,org,b.093,186,BRNGLR,93,93,275374625.50,12363604.50,178847744,10,true,true,OK,accept,true
gamma3,org,b.094,188,Leo,94,94,7936083.00,67500.00,3194880,10,true,true,OK,accept,true
gamma3,org,b.094,188,GLL,94,94,182490375.00,6566708.00,75743232,10,true,true,OK,accept,true
gamma3,org,b.094,188,RNGLR,94,94,0.00,0.00,0,0,false,false,TIMEOUT,accept,
gamma3,org,b.094,188,BRNGLR,94,94,268644708.00,1197104.00,184549376,10,true,true,OK,accept,true
gamma3,org,b.095,190,Leo,95,95,8247271.00,129833.50,2342912,10,true,true,OK,accept,true
gamma3,org,b.095,190,GLL,95,95,186841187.50,2622083.00,76955648,10,true,true,OK,accept,true
gamma3,org,b.095,190,RNGLR,95,95,0.00,0.00,0,0,false,false,TIMEOUT,accept,
gamma3,org,b.095,190,BRNGLR,95,95,276530229.00,1591583.00,190513152,10,true,true,OK,accept,true
gamma3,org,b.096,192,Leo,96,96,8348708.00,49416.50,2686976,10,true,true,OK,accept,true
gamma3,org,b.096,192,GLL,96,96,171586062.50,998000.00,88784896,10,true,true,OK,accept,true
gamma3,org,b.096,192,RNGLR,96,96,0.00,0.00,0,0,false,false,TIMEOUT,accept,
gamma3,org,b.096,192,BRNGLR,96,96,290878271.00,4345708.00,196591616,10,true,true,OK,accept,true
gamma3,org,b.097,194,Leo,97,97,8698000.50,39770.50,2555904,10,true,true,OK,accept,true
gamma3,org,b.097,194,GLL,97,97,188956146.00,5744854.00,122896384,10,true,true,OK,accept,true
gamma3,org,b.097,194,RNGLR,97,97,0.00,0.00,0,0,false,false,TIMEOUT,accept,
gamma3,org,b.097,194,BRNGLR,97,97,313958979.00,8961375.00,202768384,10,true,true,OK,accept,true
gamma3,org,b.098,196,Leo,98,98,8800541.50,12625.00,2621440,10,true,true,OK,accept,true
gamma3,org,b.098,196,GLL,98,98,191748896.50,4249188.00,124731392,10,true,true,OK,accept,true
gamma3,org,b.098,196,RNGLR,98,98,0.00,0.00,0,0,false,false,TIMEOUT,accept,
gamma3,org,b.098,196,BRNGLR,98,98,308763895.50,2229458.00,209223680,10,true,true,OK,accept,true
gamma3,org,b.099,198,Leo,99,99,8973416.50,40020.50,2408448,10,true,true,OK,accept,true
gamma3,org,b.099,198,GLL,99,99,198289500.00,7012166.50,125714432,10,true,true,OK,accept,true
gamma3,org,b.099,198,RNGLR,99,99,0.00,0.00,0,0,false,false,TIMEOUT,accept,
gamma3,org,b.099,198,BRNGLR,99,99,321293791.50,2547292.00,215564288,10,true,true,OK,accept,true
gamma3,org,b.100,200,Leo,100,100,9235375.50,17895.50,3309568,10,true,true,OK,accept,true
gamma3,org,b.100,200,GLL,100,100,198713500.00,1788875.00,126615552,10,true,true,OK,accept,true
gamma3,org,b.100,200,RNGLR,100,100,0.00,0.00,0,0,false,false,TIMEOUT,accept,
gamma3,org,b.100,200,BRNGLR,100,100,332058688.00,2142917.00,222085120,10,true,true,OK,accept,true
gamma3,org,b.101,202,Leo,101,101,9464520.50,55916.00,2473984,10,true,true,OK,accept,true
gamma3,org,b.101,202,GLL,101,101,205990708.50,2465688.00,127614976,10,true,true,OK,accept,true
gamma3,org,b.101,202,RNGLR,101,101,0.00,0.00,0,0,false,false,TIMEOUT,accept,
gamma3,org,b.101,202,BRNGLR,101,101,343883916.50,3064688.00,229031936,10,true,true,OK,accept,true
gamma3,org,b.102,204,Leo,102,102,9652833.50,41083.00,3424256,10,true,true,OK,accept,true
gamma3,org,b.102,204,GLL,102,102,214902167.00,3925687.50,131219456,10,true,true,OK,accept,true
gamma3,org,b.102,204,RNGLR,102,102,0.00,0.00,0,0,false,false,TIMEOUT,accept,
gamma3,org,b.102,204,BRNGLR,102,102,357008291.50,1617250.00,235847680,10,true,true,OK,accept,true
gamma3,org,b.103,206,Leo,103,103,10305625.00,321979.50,3375104,10,true,true,OK,accept,true
gamma3,org,b.103,206,GLL,103,103,221812875.50,4472063.00,129662976,10,true,true,OK,accept,true
gamma3,org,b.103,206,RNGLR,103,103,0.00,0.00,0,0,false,false,TIMEOUT,accept,
gamma3,org,b.103,206,BRNGLR,103,103,378698042.00,8835583.50,242860032,10,true,true,OK,accept,true
gamma3,org,b.104,208,Leo,104,104,10161250.00,53938.00,2834432,10,true,true,OK,accept,true
gamma3,org,b.104,208,GLL,104,104,226651584.00,3107604.50,130613248,10,true,true,OK,accept,true
gamma3,org,b.104,208,RNGLR,104,104,0.00,0.00,0,0,false,false,TIMEOUT,accept,
gamma3,org,b.104,208,BRNGLR,104,104,381638854.00,2988042.00,249675776,10,true,true,OK,accept,true
gamma3,org,b.105,210,Leo,105,105,10445021.00,36833.50,2736128,10,true,true,OK,accept,true
gamma3,org,b.105,210,GLL,105,105,238999812.50,8729396.00,131792896,10,true,true,OK,accept,true
gamma3,org,b.105,210,RNGLR,105,105,0.00,0.00,0,0,false,false,TIMEOUT,accept,
gamma3,org,b.105,210,BRNGLR,105,105,395668687.00,3571375.00,256999424,10,true,true,OK,accept,true
gamma3,org,b.106,212,Leo,106,106,10790583.50,182396.00,2801664,10,true,true,OK,accept,true
gamma3,org,b.106,212,GLL,106,106,240831354.50,3211458.50,132759552,10,true,true,OK,accept,true
gamma3,org,b.106,212,RNGLR,106,106,0.00,0.00,0,0,false,false,TIMEOUT,accept,
gamma3,org,b.106,212,BRNGLR,106,106,408600750.00,2670084.00,264601600,10,true,true,OK,accept,true
gamma3,org,b.107,214,Leo,107,107,10944354.50,82458.00,3784704,10,true,true,OK,accept,true
gamma3,org,b.107,214,GLL,107,107,251021500.00,6010000.00,133824512,10,true,true,OK,accept,true
gamma3,org,b.107,214,RNGLR,107,107,0.00,0.00,0,0,false,false,TIMEOUT,accept,
gamma3,org,b.107,214,BRNGLR,107,107,428605208.50,7282083.50,271482880,10,true,true,OK,accept,true
gamma3,org,b.108,216,Leo,108,108,11243874.50,17020.00,3440640,10,true,true,OK,accept,true
gamma3,org,b.108,216,GLL,108,108,255001187.50,4648312.50,134938624,10,true,true,OK,accept,true
gamma3,org,b.108,216,RNGLR,108,108,0.00,0.00,0,0,false,false,TIMEOUT,accept,
gamma3,org,b.108,216,BRNGLR,108,108,445669146.00,9610791.50,278986752,10,true,true,OK,accept,true
gamma3,org,b.109,218,Leo,109,109,11990812.50,122479.50,3096576,10,true,true,OK,accept,true
gamma3,org,b.109,218,GLL,109,109,283556521.50,12173874.50,136249344,10,true,true,OK,accept,true
gamma3,org,b.109,218,RNGLR,109,109,0.00,0.00,0,0,false,false,TIMEOUT,accept,
gamma3,org,b.109,218,BRNGLR,109,109,462947833.00,13110729.00,286588928,10,true,true,OK,accept,true
gamma3,org,b.110,220,Leo,110,110,11797208.50,64104.00,3194880,10,true,true,OK,accept,true
gamma3,org,b.110,220,GLL,110,110,274917521.00,10921021.00,137166848,10,true,true,OK,accept,true
gamma3,org,b.110,220,RNGLR,110,110,0.00,0.00,0,0,false,false,TIMEOUT,accept,
gamma3,org,b.110,220,BRNGLR,110,110,465916438.00,4471104.50,294207488,10,true,true,OK,accept,true
gamma3,org,b.111,222,Leo,111,111,12065125.00,17354.00,3178496,10,true,true,OK,accept,true
gamma3,org,b.111,222,GLL,111,111,273223917.00,586458.00,138313728,10,true,true,OK,accept,true
gamma3,org,b.111,222,RNGLR,111,111,0.00,0.00,0,0,false,false,TIMEOUT,accept,
gamma3,org,b.111,222,BRNGLR,111,111,497047187.50,3404416.50,302202880,10,true,true,OK,accept,true
gamma3,org,b.112,224,Leo,112,112,13850812.50,664146.00,3571712,10,true,true,OK,accept,true
gamma3,org,b.112,224,GLL,112,112,292535771.00,3508145.50,141819904,10,true,true,OK,accept,true
gamma3,org,b.112,224,RNGLR,112,112,0.00,0.00,0,0,false,false,TIMEOUT,accept,
gamma3,org,b.112,224,BRNGLR,112,112,519871625.00,9827062.50,309362688,10,true,true,OK,accept,true
gamma3,org,b.113,226,Leo,113,113,12686187.50,85583.00,3457024,10,true,true,OK,accept,true
gamma3,org,b.113,226,GLL,113,113,298109646.00,7831563.00,140705792,10,true,true,OK,accept,true
gamma3,org,b.113,226,RNGLR,113,113,0.00,0.00,0,0,false,false,TIMEOUT,accept,
gamma3,org,b.113,226,BRNGLR,113,113,519438937.50,4584437.00,319193088,10,true,true,OK,accept,true
gamma3,org,b.114,228,Leo,114,114,13090000.00,250625.00,4259840,10,true,true,OK,accept,true
gamma3,org,b.114,228,GLL,114,114,302737937.50,1126833.00,141869056,10,true,true,OK,accept,true
gamma3,org,b.114,228,RNGLR,114,114,0.00,0.00,0,0,false,false,TIMEOUT,accept,
gamma3,org,b.114,228,BRNGLR,114,114,541684500.00,7076041.50,327860224,10,true,true,OK,accept,true
gamma3,org,b.115,230,Leo,115,115,13365771.00,55583.00,3555328,10,true,true,OK,accept,true
gamma3,org,b.115,230,GLL,115,115,311063416.50,2826146.00,143671296,10,true,true,OK,accept,true
gamma3,org,b.115,230,RNGLR,115,115,0.00,0.00,0,0,false,false,TIMEOUT,accept,
gamma3,org,b.115,230,BRNGLR,115,115,554699417.00,4039520.50,336855040,10,true,true,OK,accept,true
gamma3,org,b.116,232,Leo,116,116,13797084.00,135105.50,4358144,10,true,true,OK,accept,true
gamma3,org,b.116,232,GLL,116,116,328467167.00,3908562.00,144375808,10,true,true,OK,accept,true
gamma3,org,b.116,232,RNGLR,116,116,0.00,0.00,0,0,false,false,TIMEOUT,accept,
gamma3,org,b.116,232,BRNGLR,116,116,571920875.00,5324937.50,345980928,10,true,true,OK,accept,true
gamma3,org,b.117,234,Leo,117,117,14146104.50,149980.00,3735552,10,true,true,OK,accept,true
gamma3,org,b.117,234,GLL,117,117,339353354.00,8625708.00,145653760,10,true,true,OK,accept,true
gamma3,org,b.117,234,RNGLR,117,117,0.00,0.00,0,0,false,false,TIMEOUT,accept,
gamma3,org,b.117,234,BRNGLR,117,117,607959729.50,15066125.00,355237888,10,true,true,OK,accept,true
gamma3,org,b.118,236,Leo,118,118,14536354.00,94125.00,3817472,10,true,true,OK,accept,true
gamma3,org,b.118,236,GLL,118,118,350099020.50,5930479.50,146980864,10,true,true,OK,accept,true
gamma3,org,b.118,236,RNGLR,118,118,0.00,0.00,0,0,false,false,TIMEOUT,accept,
gamma3,org,b.118,236,BRNGLR,118,118,643997104.00,39141521.00,364494848,10,true,true,OK,accept,true
gamma3,org,b.119,238,Leo,119,119,15239292.00,316771.00,3801088,10,true,true,OK,accept,true
gamma3,org,b.119,238,GLL,119,119,364510062.50,15187417.00,147685376,10,true,true,OK,accept,true
gamma3,org,b.119,238,RNGLR,119,119,0.00,0.00,0,0,false,false,TIMEOUT,accept,
gamma3,org,b.119,238,BRNGLR,119,119,619989958.50,5375146.00,374095872,10,true,true,OK,accept,true
gamma3,org,b.120,240,Leo,120,120,14842229.00,60708.00,4079616,10,true,true,OK,accept,true
gamma3,org,b.120,240,GLL,120,120,367903770.50,5314437.50,149569536,10,true,true,OK,accept,true
gamma3,org,b.120,240,RNGLR,120,120,0.00,0.00,0,0,false,false,TIMEOUT,accept,
gamma3,org,b.120,240,BRNGLR,120,120,651390499.50,10510853.50,383909888,10,true,true,OK,accept,true
gamma3,org,b.121,242,Leo,121,121,15020562.00,41478.50,4030464,10,true,true,OK,accept,true
gamma3,org,b.121,242,GLL,121,121,380947416.50,4806208.00,151568384,10,true,true,OK,accept,true
gamma3,org,b.121,242,RNGLR,121,121,0.00,0.00,0,0,false,false,TIMEOUT,accept,
gamma3,org,b.121,242,BRNGLR,121,121,665060354.00,11038437.00,393478144,10,true,true,OK,accept,true
gamma3,org,b.122,244,Leo,122,122,18456187.50,2139937.50,4046848,10,true,true,OK,accept,true
gamma3,org,b.122,244,GLL,122,122,434562270.50,20862103.50,152322048,10,true,true,OK,accept,true
gamma3,org,b.122,244,RNGLR,122,122,0.00,0.00,0,0,false,false,TIMEOUT,accept,
gamma3,org,b.122,244,BRNGLR,122,122,689828208.00,12899999.50,403980288,10,true,true,OK,accept,true
gamma3,org,b.123,246,Leo,123,123,15710249.50,32646.00,4112384,10,true,true,OK,accept,true
gamma3,org,b.123,246,GLL,123,123,426859708.50,16452625.00,222740480,10,true,true,OK,accept,true
gamma3,org,b.123,246,RNGLR,123,123,0.00,0.00,0,0,false,false,TIMEOUT,accept,
gamma3,org,b.123,246,BRNGLR,123,123,706852312.50,11003895.50,414089216,10,true,true,OK,accept,true
gamma3,org,b.124,248,Leo,124,124,16146479.50,19937.50,5013504,10,true,true,OK,accept,true
gamma3,org,b.124,248,GLL,124,124,481389042.00,27641896.00,226803712,10,true,true,OK,accept,true
gamma3,org,b.124,248,RNGLR,124,124,0.00,0.00,0,0,false,false,TIMEOUT,accept,
gamma3,org,b.124,248,BRNGLR,124,124,730421999.50,8630625.00,424345600,10,true,true,OK,accept,true
gamma3,org,b.125,250,Leo,125,125,16327437.50,26541.50,4308992,10,true,true,OK,accept,true
gamma3,org,b.125,250,GLL,125,125,443627000.00,11928271.00,225853440,10,true,true,OK,accept,true
gamma3,org,b.125,250,RNGLR,125,125,0.00,0.00,0,0,false,false,TIMEOUT,accept,
gamma3,org,b.125,250,BRNGLR,125,125,760439958.50,14355833.00,434847744,10,true,true,OK,accept,true
gamma3,org,b.126,252,Leo,126,126,16706375.00,35271.00,4390912,10,true,true,OK,accept,true
gamma3,org,b.126,252,GLL,126,126,450536770.50,8696833.00,227344384,10,true,true,OK,accept,true
gamma3,org,b.126,252,RNGLR,126,126,0.00,0.00,0,0,false,false,TIMEOUT,accept,
gamma3,org,b.126,252,BRNGLR,126,126,769226458.50,11842479.00,445579264,10,true,true,OK,accept,true
gamma3,org,b.127,254,Leo,127,127,17421021.00,260333.50,4947968,10,true,true,OK,accept,true
gamma3,org,b.127,254,GLL,127,127,466514333.50,16887208.50,228966400,10,true,true,OK,accept,true
gamma3,org,b.127,254,RNGLR,127,127,0.00,0.00,0,0,false,false,TIMEOUT,accept,
gamma3,org,b.127,254,BRNGLR,127,127,823341479.00,13775646.00,456507392,10,true,true,OK,accept,true
gamma3,org,b.128,256,Leo,128,128,17605791.50,155958.00,5046272,10,true,true,OK,accept,true
gamma3,org,b.128,256,GLL,128,128,482630499.50,15426271.50,233668608,10,true,true,OK,accept,true
gamma3,org,b.128,256,RNGLR,128,128,0.00,0.00,0,0,false,false,TIMEOUT,accept,
gamma3,org,b.128,256,BRNGLR,128,128,827812375.50,21066708.50,467402752,10,true,true,OK,accept,true
gamma3,org,b.129,258,Leo,129,129,17871667.00,57146.50,5701632,10,true,true,OK,accept,true
gamma3,org,b.129,258,GLL,129,129,512058958.00,17390958.50,232013824,10,true,true,OK,accept,true
gamma3,org,b.129,258,RNGLR,129,129,0.00,0.00,0,0,false,false,TIMEOUT,accept,
gamma3,org,b.129,258,BRNGLR,129,129,835289041.00,8341437.00,478527488,10,true,true,OK,accept,true
gamma3,org,b.130,260,Leo,130,130,18092937.50,29083.50,5619712,10,true,true,OK,accept,true
gamma3,org,b.130,260,GLL,130,130,487651416.50,5183750.00,233521152,10,true,true,OK,accept,true
gamma3,org,b.130,260,RNGLR,130,130,0.00,0.00,0,0,false,false,TIMEOUT,accept,
gamma3,org,b.130,260,BRNGLR,130,130,859531708.50,12373646.00,489897984,10,true,true,OK,accept,true
gamma3,org,b.131,262,Leo,131,131,18516312.00,55082.50,5455872,10,true,true,OK,accept,true
gamma3,org,b.131,262,GLL,131,131,521090750.00,5606958.00,235044864,10,true,true,OK,accept,true
gamma3,org,b.131,262,RNGLR,131,131,0.00,0.00,0,0,false,false,TIMEOUT,accept,
gamma3,org,b.131,262,BRNGLR,131,131,0.00,0.00,0,0,false,false,TIMEOUT,accept,
gamma3,org,b.132,264,Leo,132,132,18897854.50,21666.50,4964352,10,true,true,OK,accept,true
gamma3,org,b.132,264,GLL,132,132,533111500.00,16400520.50,236732416,10,true,true,OK,accept,true
gamma3,org,b.132,264,RNGLR,132,132,0.00,0.00,0,0,false,false,TIMEOUT,accept,
gamma3,org,b.132,264,BRNGLR,132,132,0.00,0.00,0,0,false,false,TIMEOUT,accept,
gamma3,org,b.133,266,Leo,133,133,19303020.50,66895.50,5783552,10,true,true,OK,accept,true
gamma3,org,b.133,266,GLL,133,133,555450958.00,16850020.50,238501888,10,true,true,OK,accept,true
gamma3,org,b.133,266,RNGLR,133,133,0.00,0.00,0,0,false,false,TIMEOUT,accept,
gamma3,org,b.133,266,BRNGLR,133,133,0.00,0.00,0,0,false,false,TIMEOUT,accept,
gamma3,org,b.134,268,Leo,134,134,20228896.00,406917.00,5799936,10,true,true,OK,accept,true
gamma3,org,b.134,268,GLL,134,134,558130958.50,4351666.50,243122176,10,true,true,OK,accept,true
gamma3,org,b.134,268,RNGLR,134,134,0.00,0.00,0,0,false,false,TIMEOUT,accept,
gamma3,org,b.134,268,BRNGLR,134,134,0.00,0.00,0,0,false,false,TIMEOUT,accept,
gamma3,org,b.135,270,Leo,135,135,21452271.00,743312.50,5029888,10,true,true,OK,accept,true
gamma3,org,b.135,270,GLL,135,135,588495062.50,16417062.50,241893376,10,true,true,OK,accept,true
gamma3,org,b.135,270,RNGLR,135,135,0.00,0.00,0,0,false,false,TIMEOUT,accept,
gamma3,org,b.135,270,BRNGLR,135,135,0.00,0.00,0,0,false,false,TIMEOUT,accept,
gamma3,org,b.136,272,Leo,136,136,21854791.50,581771.00,5881856,10,true,true,OK,accept,true
gamma3,org,b.136,272,GLL,136,136,561091229.00,24948354.00,243433472,10,true,true,OK,accept,true
gamma3,org,b.136,272,RNGLR,136,136,0.00,0.00,0,0,false,false,TIMEOUT,accept,
gamma3,org,b.136,272,BRNGLR,136,136,0.00,0.00,0,0,false,false,TIMEOUT,accept,
gamma3,org,b.137,274,Leo,137,137,21756041.50,285624.50,5177344,10,true,true,OK,accept,true
gamma3,org,b.137,274,GLL,137,137,540668458.50,1437854.00,245661696,10,true,true,OK,accept,true
gamma3,org,b.137,274,RNGLR,137,137,0.00,0.00,0,0,false,false,TIMEOUT,accept,
gamma3,org,b.137,274,BRNGLR,137,137,0.00,0.00,0,0,false,false,TIMEOUT,accept,
gamma3,org,b.138,276,Leo,138,138,21325854.50,52062.00,5324800,10,true,true,OK,accept,true
gamma3,org,b.138,276,GLL,138,138,552454812.50,5989042.00,249905152,10,true,true,OK,accept,true
gamma3,org,b.138,276,RNGLR,138,138,0.00,0.00,0,0,false,false,TIMEOUT,accept,
gamma3,org,b.138,276,BRNGLR,138,138,0.00,0.00,0,0,false,false,TIMEOUT,accept,
gamma3,org,b.139,278,Leo,139,139,21634646.00,31291.50,6471680,10,true,true,OK,accept,true
gamma3,org,b.139,278,GLL,139,139,580097167.00,10446876.00,249233408,10,true,true,OK,accept,true
gamma3,org,b.139,278,RNGLR,139,139,0.00,0.00,0,0,false,false,TIMEOUT,accept,
gamma3,org,b.139,278,BRNGLR,139,139,0.00,0.00,0,0,false,false,TIMEOUT,accept,
gamma3,org,b.140,280,Leo,140,140,28482313.00,1485958.50,6389760,10,true,true,OK,accept,true
gamma3,org,b.140,280,GLL,140,140,598136354.00,16553020.50,250609664,10,true,true,OK,accept,true
gamma3,org,b.140,280,RNGLR,140,140,0.00,0.00,0,0,false,false,TIMEOUT,accept,
gamma3,org,b.140,280,BRNGLR,140,140,0.00,0.00,0,0,false,false,TIMEOUT,accept,
gamma3,org,b.141,282,Leo,141,141,22415583.00,56124.00,6176768,10,true,true,OK,accept,true
gamma3,org,b.141,282,GLL,141,141,601465166.50,8563791.50,252428288,10,true,true,OK,accept,true
gamma3,org,b.141,282,RNGLR,141,141,0.00,0.00,0,0,false,false,TIMEOUT,accept,
gamma3,org,b.141,282,BRNGLR,141,141,0.00,0.00,0,0,false,false,TIMEOUT,accept,
gamma3,org,b.142,284,Leo,142,142,22882645.50,59333.00,6684672,10,true,true,OK,accept,true
gamma3,org,b.142,284,GLL,142,142,621973020.50,23401228.50,257458176,10,true,true,OK,accept,true
gamma3,org,b.142,284,RNGLR,142,142,0.00,0.00,0,0,false,false,TIMEOUT,accept,
gamma3,org,b.142,284,BRNGLR,142,142,0.00,0.00,0,0,false,false,TIMEOUT,accept,
gamma3,org,b.143,286,Leo,143,143,23391187.00,102687.00,6553600,10,true,true,OK,accept,true
gamma3,org,b.143,286,GLL,143,143,657189083.00,33739645.00,258670592,10,true,true,OK,accept,true
gamma3,org,b.143,286,RNGLR,143,143,0.00,0.00,0,0,false,false,TIMEOUT,accept,
gamma3,org,b.143,286,BRNGLR,143,143,0.00,0.00,0,0,false,false,TIMEOUT,accept,
gamma3,org,b.144,288,Leo,144,144,23676646.00,35937.50,6406144,10,true,true,OK,accept,true
gamma3,org,b.144,288,GLL,144,144,689362354.00,53667375.00,259768320,10,true,true,OK,accept,true
gamma3,org,b.144,288,RNGLR,144,144,0.00,0.00,0,0,false,false,TIMEOUT,accept,
gamma3,org,b.144,288,BRNGLR,144,144,0.00,0.00,0,0,false,false,TIMEOUT,accept,
gamma3,org,b.145,290,Leo,145,145,24406750.00,250167.00,5816320,10,true,true,OK,accept,true
gamma3,org,b.145,290,GLL,145,145,698597937.50,35560812.00,260194304,10,true,true,OK,accept,true
gamma3,org,b.145,290,RNGLR,145,145,0.00,0.00,0,0,false,false,TIMEOUT,accept,
gamma3,org,b.145,290,BRNGLR,145,145,0.00,0.00,0,0,false,false,TIMEOUT,accept,
gamma3,org,b.146,292,Leo,146,146,24732728.50,76791.00,6209536,10,true,true,OK,accept,true
gamma3,org,b.146,292,GLL,146,146,664342624.50,13493520.50,262029312,10,true,true,OK,accept,true
gamma3,org,b.146,292,RNGLR,146,146,0.00,0.00,0,0,false,false,TIMEOUT,accept,
gamma3,org,b.146,292,BRNGLR,146,146,0.00,0.00,0,0,false,false,TIMEOUT,accept,
gamma3,org,b.147,294,Leo,147,147,25089083.50,75146.00,7028736,10,true,true,OK,accept,true
gamma3,org,b.147,294,GLL,147,147,703411875.00,9387812.50,265437184,10,true,true,OK,accept,true
gamma3,org,b.147,294,RNGLR,147,147,0.00,0.00,0,0,false,false,TIMEOUT,accept,
gamma3,org,b.147,294,BRNGLR,147,147,0.00,0.00,0,0,false,false,TIMEOUT,accept,
gamma3,org,b.148,296,Leo,148,148,25847125.50,107583.00,6225920,10,true,true,OK,accept,true
gamma3,org,b.148,296,GLL,148,148,744281062.50,32301916.50,265961472,10,true,true,OK,accept,true
gamma3,org,b.148,296,RNGLR,148,148,0.00,0.00,0,0,false,false,TIMEOUT,accept,
gamma3,org,b.148,296,BRNGLR,148,148,0.00,0.00,0,0,false,false,TIMEOUT,accept,
gamma3,org,b.149,298,Leo,149,149,26379479.00,466541.50,7356416,10,true,true,OK,accept,true
gamma3,org,b.149,298,GLL,149,149,782121041.50,21409792.00,268468224,10,true,true,OK,accept,true
gamma3,org,b.149,298,RNGLR,149,149,0.00,0.00,0,0,false,false,TIMEOUT,accept,
gamma3,org,b.149,298,BRNGLR,149,149,0.00,0.00,0,0,false,false,TIMEOUT,accept,
gamma3,org,b.150,300,Leo,150,150,29360708.50,803791.50,7356416,10,true,true,OK,accept,true
gamma3,org,b.150,300,GLL,150,150,751416604.50,9568916.50,271007744,10,true,true,OK,accept,true
gamma3,org,b.150,300,RNGLR,150,150,0.00,0.00,0,0,false,false,TIMEOUT,accept,
gamma3,org,b.150,300,BRNGLR,150,150,0.00,0.00,0,0,false,false,TIMEOUT,accept,
gamma3,org,b.151,302,Leo,151,151,30303416.50,1897792.00,7372800,10,true,true,OK,accept,true
gamma3,org,b.151,302,GLL,151,151,778054854.50,35195875.50,272171008,10,true,true,OK,accept,true
gamma3,org,b.151,302,RNGLR,151,151,0.00,0.00,0,0,false,false,TIMEOUT,accept,
gamma3,org,b.151,302,BRNGLR,151,151,0.00,0.00,0,0,false,false,TIMEOUT,accept,
gamma3,org,b.152,304,Leo,152,152,29165312.00,1315083.50,7012352,10,true,true,OK,accept,true
gamma3,org,b.152,304,GLL,152,152,824289896.00,51102166.50,277856256,10,true,true,OK,accept,true
gamma3,org,b.152,304,RNGLR,152,152,0.00,0.00,0,0,false,false,TIMEOUT,accept,
gamma3,org,b.152,304,BRNGLR,152,152,0.00,0.00,0,0,false,false,TIMEOUT,accept,
gamma3,org,b.153,306,Leo,153,153,27872313.00,57271.50,7733248,10,true,true,OK,accept,true
gamma3,org,b.153,306,GLL,153,153,0.00,0.00,0,0,false,false,TIMEOUT,accept,
gamma3,org,b.153,306,RNGLR,153,153,0.00,0.00,0,0,false,false,TIMEOUT,accept,
gamma3,org,b.153,306,BRNGLR,153,153,0.00,0.00,0,0,false,false,TIMEOUT,accept,
gamma3,org,b.154,308,Leo,154,154,28364979.50,92062.00,7569408,10,true,true,OK,accept,true
gamma3,org,b.154,308,GLL,154,154,0.00,0.00,0,0,false,false,TIMEOUT,accept,
gamma3,org,b.154,308,RNGLR,154,154,0.00,0.00,0,0,false,false,TIMEOUT,accept,
gamma3,org,b.154,308,BRNGLR,154,154,0.00,0.00,0,0,false,false,TIMEOUT,accept,
gamma3,org,b.155,310,Leo,155,155,29041541.50,289583.00,7913472,10,true,true,OK,accept,true
gamma3,org,b.155,310,GLL,155,155,882676208.50,38043812.50,421478400,10,true,true,OK,accept,true
gamma3,org,b.155,310,RNGLR,155,155,0.00,0.00,0,0,false,false,TIMEOUT,accept,
gamma3,org,b.155,310,BRNGLR,155,155,0.00,0.00,0,0,false,false,TIMEOUT,accept,
gamma3,org,b.156,312,Leo,156,156,29327103.50,82416.00,7815168,10,true,true,OK,accept,true
gamma3,org,b.156,312,GLL,156,156,0.00,0.00,0,0,false,false,TIMEOUT,accept,
gamma3,org,b.156,312,RNGLR,156,156,0.00,0.00,0,0,false,false,TIMEOUT,accept,
gamma3,org,b.156,312,BRNGLR,156,156,0.00,0.00,0,0,false,false,TIMEOUT,accept,
gamma3,org,b.157,314,Leo,157,157,30776833.50,494708.50,7471104,10,true,true,OK,accept,true
gamma3,org,b.157,314,GLL,157,157,0.00,0.00,0,0,false,false,TIMEOUT,accept,
gamma3,org,b.157,314,RNGLR,157,157,0.00,0.00,0,0,false,false,TIMEOUT,accept,
gamma3,org,b.157,314,BRNGLR,157,157,0.00,0.00,0,0,false,false,TIMEOUT,accept,
gamma3,org,b.158,316,Leo,158,158,30260979.00,64270.50,8093696,10,true,true,OK,accept,true
gamma3,org,b.158,316,GLL,158,158,0.00,0.00,0,0,false,false,TIMEOUT,accept,
gamma3,org,b.158,316,RNGLR,158,158,0.00,0.00,0,0,false,false,TIMEOUT,accept,
gamma3,org,b.158,316,BRNGLR,158,158,0.00,0.00,0,0,false,false,TIMEOUT,accept,
gamma3,org,b.159,318,Leo,159,159,32179937.00,801958.50,8404992,10,true,true,OK,accept,true
gamma3,org,b.159,318,GLL,159,159,0.00,0.00,0,0,false,false,TIMEOUT,accept,
gamma3,org,b.159,318,RNGLR,159,159,0.00,0.00,0,0,false,false,TIMEOUT,accept,
gamma3,org,b.159,318,BRNGLR,159,159,0.00,0.00,0,0,false,false,TIMEOUT,accept,
gamma3,org,b.160,320,Leo,160,160,31364229.00,82042.00,8306688,10,true,true,OK,accept,true
gamma3,org,b.160,320,GLL,160,160,0.00,0.00,0,0,false,false,TIMEOUT,accept,
gamma3,org,b.160,320,RNGLR,160,160,0.00,0.00,0,0,false,false,TIMEOUT,accept,
gamma3,org,b.160,320,BRNGLR,160,160,0.00,0.00,0,0,false,false,TIMEOUT,accept,
gamma3,org,b.161,322,Leo,161,161,31812187.50,29354.00,8241152,10,true,true,OK,accept,true
gamma3,org,b.161,322,GLL,161,161,0.00,0.00,0,0,false,false,TIMEOUT,accept,
gamma3,org,b.161,322,RNGLR,161,161,0.00,0.00,0,0,false,false,TIMEOUT,accept,
gamma3,org,b.161,322,BRNGLR,161,161,0.00,0.00,0,0,false,false,TIMEOUT,accept,
gamma3,org,b.162,324,Leo,162,162,32449312.50,132771.00,7979008,10,true,true,OK,accept,true
gamma3,org,b.162,324,GLL,162,162,0.00,0.00,0,0,false,false,TIMEOUT,accept,
gamma3,org,b.162,324,RNGLR,162,162,0.00,0.00,0,0,false,false,TIMEOUT,accept,
gamma3,org,b.162,324,BRNGLR,162,162,0.00,0.00,0,0,false,false,TIMEOUT,accept,
gamma3,org,b.163,326,Leo,163,163,32902708.50,47667.00,8372224,10,true,true,OK,accept,true
gamma3,org,b.163,326,GLL,163,163,0.00,0.00,0,0,false,false,TIMEOUT,accept,
gamma3,org,b.163,326,RNGLR,163,163,0.00,0.00,0,0,false,false,TIMEOUT,accept,
gamma3,org,b.163,326,BRNGLR,163,163,0.00,0.00,0,0,false,false,TIMEOUT,accept,
gamma3,org,b.164,328,Leo,164,164,34941333.00,449583.50,8585216,10,true,true,OK,accept,true
gamma3,org,b.164,328,GLL,164,164,0.00,0.00,0,0,false,false,TIMEOUT,accept,
gamma3,org,b.164,328,RNGLR,164,164,0.00,0.00,0,0,false,false,TIMEOUT,accept,
gamma3,org,b.164,328,BRNGLR,164,164,0.00,0.00,0,0,false,false,TIMEOUT,accept,
gamma3,org,b.165,330,Leo,165,165,35448833.00,271791.00,8945664,10,true,true,OK,accept,true
gamma3,org,b.165,330,GLL,165,165,0.00,0.00,0,0,false,false,TIMEOUT,accept,
gamma3,org,b.165,330,RNGLR,165,165,0.00,0.00,0,0,false,false,TIMEOUT,accept,
gamma3,org,b.165,330,BRNGLR,165,165,0.00,0.00,0,0,false,false,TIMEOUT,accept,
gamma3,org,b.166,332,Leo,166,166,34707542.00,95479.50,8241152,10,true,true,OK,accept,true
gamma3,org,b.166,332,GLL,166,166,0.00,0.00,0,0,false,false,TIMEOUT,accept,
gamma3,org,b.166,332,RNGLR,166,166,0.00,0.00,0,0,false,false,TIMEOUT,accept,
gamma3,org,b.166,332,BRNGLR,166,166,0.00,0.00,0,0,false,false,TIMEOUT,accept,
gamma3,org,b.167,334,Leo,167,167,37890896.00,561520.50,8617984,10,true,true,OK,accept,true
gamma3,org,b.167,334,GLL,167,167,0.00,0.00,0,0,false,false,TIMEOUT,accept,
gamma3,org,b.167,334,RNGLR,167,167,0.00,0.00,0,0,false,false,TIMEOUT,accept,
gamma3,org,b.167,334,BRNGLR,167,167,0.00,0.00,0,0,false,false,TIMEOUT,accept,
gamma3,org,b.168,336,Leo,168,168,35798312.00,70854.00,8355840,10,true,true,OK,accept,true
gamma3,org,b.168,336,GLL,168,168,0.00,0.00,0,0,false,false,TIMEOUT,accept,
gamma3,org,b.168,336,RNGLR,168,168,0.00,0.00,0,0,false,false,TIMEOUT,accept,
gamma3,org,b.168,336,BRNGLR,168,168,0.00,0.00,0,0,false,false,TIMEOUT,accept,
gamma3,org,b.169,338,Leo,169,169,36444292.00,109062.50,8077312,10,true,true,OK,accept,true
gamma3,org,b.169,338,GLL,169,169,0.00,0.00,0,0,false,false,TIMEOUT,accept,
gamma3,org,b.169,338,RNGLR,169,169,0.00,0.00,0,0,false,false,TIMEOUT,accept,
gamma3,org,b.169,338,BRNGLR,169,169,0.00,0.00,0,0,false,false,TIMEOUT,accept,
gamma3,org,b.170,340,Leo,170,170,38184333.50,286437.50,8798208,10,true,true,OK,accept,true
gamma3,org,b.170,340,GLL,170,170,0.00,0.00,0,0,false,false,TIMEOUT,accept,
gamma3,org,b.170,340,RNGLR,170,170,0.00,0.00,0,0,false,false,TIMEOUT,accept,
gamma3,org,b.170,340,BRNGLR,170,170,0.00,0.00,0,0,false,false,TIMEOUT,accept,
gamma3,org,b.171,342,Leo,171,171,37354646.00,62041.50,8650752,10,true,true,OK,accept,true
gamma3,org,b.171,342,GLL,171,171,0.00,0.00,0,0,false,false,TIMEOUT,accept,
gamma3,org,b.171,342,RNGLR,171,171,0.00,0.00,0,0,false,false,TIMEOUT,accept,
gamma3,org,b.171,342,BRNGLR,171,171,0.00,0.00,0,0,false,false,TIMEOUT,accept,
gamma3,org,b.172,344,Leo,172,172,38859000.00,875520.50,9256960,10,true,true,OK,accept,true
gamma3,org,b.172,344,GLL,172,172,0.00,0.00,0,0,false,false,TIMEOUT,accept,
gamma3,org,b.172,344,RNGLR,172,172,0.00,0.00,0,0,false,false,TIMEOUT,accept,
gamma3,org,b.172,344,BRNGLR,172,172,0.00,0.00,0,0,false,false,TIMEOUT,accept,
gamma3,org,b.173,346,Leo,173,173,38511166.50,30854.00,8863744,10,true,true,OK,accept,true
gamma3,org,b.173,346,GLL,173,173,0.00,0.00,0,0,false,false,TIMEOUT,accept,
gamma3,org,b.173,346,RNGLR,173,173,0.00,0.00,0,0,false,false,TIMEOUT,accept,
gamma3,org,b.173,346,BRNGLR,173,173,0.00,0.00,0,0,false,false,TIMEOUT,accept,
gamma3,org,b.174,348,Leo,174,174,39428958.50,340979.50,9404416,10,true,true,OK,accept,true
gamma3,org,b.174,348,GLL,174,174,0.00,0.00,0,0,false,false,TIMEOUT,accept,
gamma3,org,b.174,348,RNGLR,174,174,0.00,0.00,0,0,false,false,TIMEOUT,accept,
gamma3,org,b.174,348,BRNGLR,174,174,0.00,0.00,0,0,false,false,TIMEOUT,accept,
gamma3,org,b.175,350,Leo,175,175,39848396.00,108521.00,9666560,10,true,true,OK,accept,true
gamma3,org,b.175,350,GLL,175,175,0.00,0.00,0,0,false,false,TIMEOUT,accept,
gamma3,org,b.175,350,RNGLR,175,175,0.00,0.00,0,0,false,false,TIMEOUT,accept,
gamma3,org,b.175,350,BRNGLR,175,175,0.00,0.00,0,0,false,false,TIMEOUT,accept,
gamma3,org,b.176,352,Leo,176,176,40459124.50,207291.00,9617408,10,true,true,OK,accept,true
gamma3,org,b.176,352,GLL,176,176,0.00,0.00,0,0,false,false,TIMEOUT,accept,
gamma3,org,b.176,352,RNGLR,176,176,0.00,0.00,0,0,false,false,TIMEOUT,accept,
gamma3,org,b.176,352,BRNGLR,176,176,0.00,0.00,0,0,false,false,TIMEOUT,accept,
gamma3,org,b.177,354,Leo,177,177,40992437.50,47792.00,9224192,10,true,true,OK,accept,true
gamma3,org,b.177,354,GLL,177,177,0.00,0.00,0,0,false,false,TIMEOUT,accept,
gamma3,org,b.177,354,RNGLR,177,177,0.00,0.00,0,0,false,false,TIMEOUT,accept,
gamma3,org,b.177,354,BRNGLR,177,177,0.00,0.00,0,0,false,false,TIMEOUT,accept,
gamma3,org,b.178,356,Leo,178,178,41598812.50,92813.00,9764864,10,true,true,OK,accept,true
gamma3,org,b.178,356,GLL,178,178,0.00,0.00,0,0,false,false,TIMEOUT,accept,
gamma3,org,b.178,356,RNGLR,178,178,0.00,0.00,0,0,false,false,TIMEOUT,accept,
gamma3,org,b.178,356,BRNGLR,178,178,0.00,0.00,0,0,false,false,TIMEOUT,accept,
gamma3,org,b.179,358,Leo,179,179,42364104.00,139500.00,9945088,10,true,true,OK,accept,true
gamma3,org,b.179,358,GLL,179,179,0.00,0.00,0,0,false,false,TIMEOUT,accept,
gamma3,org,b.179,358,RNGLR,179,179,0.00,0.00,0,0,false,false,TIMEOUT,accept,
gamma3,org,b.179,358,BRNGLR,179,179,0.00,0.00,0,0,false,false,TIMEOUT,accept,
gamma3,org,b.180,360,Leo,180,180,46656667.00,1220104.50,10174464,10,true,true,OK,accept,true
gamma3,org,b.180,360,GLL,180,180,0.00,0.00,0,0,false,false,TIMEOUT,accept,
gamma3,org,b.180,360,RNGLR,180,180,0.00,0.00,0,0,false,false,TIMEOUT,accept,
gamma3,org,b.180,360,BRNGLR,180,180,0.00,0.00,0,0,false,false,TIMEOUT,accept,
gamma3,org,b.181,362,Leo,181,181,43517146.00,49750.00,9912320,10,true,true,OK,accept,true
gamma3,org,b.181,362,GLL,181,181,0.00,0.00,0,0,false,false,TIMEOUT,accept,
gamma3,org,b.181,362,RNGLR,181,181,0.00,0.00,0,0,false,false,TIMEOUT,accept,
gamma3,org,b.181,362,BRNGLR,181,181,0.00,0.00,0,0,false,false,TIMEOUT,accept,
gamma3,org,b.182,364,Leo,182,182,44396437.50,238125.00,9928704,10,true,true,OK,accept,true
gamma3,org,b.182,364,GLL,182,182,0.00,0.00,0,0,false,false,TIMEOUT,accept,
gamma3,org,b.182,364,RNGLR,182,182,0.00,0.00,0,0,false,false,TIMEOUT,accept,
gamma3,org,b.182,364,BRNGLR,182,182,0.00,0.00,0,0,false,false,TIMEOUT,accept,
gamma3,org,b.183,366,Leo,183,183,44778437.50,57104.50,10485760,10,true,true,OK,accept,true
gamma3,org,b.183,366,GLL,183,183,0.00,0.00,0,0,false,false,TIMEOUT,accept,
gamma3,org,b.183,366,RNGLR,183,183,0.00,0.00,0,0,false,false,TIMEOUT,accept,
gamma3,org,b.183,366,BRNGLR,183,183,0.00,0.00,0,0,false,false,TIMEOUT,accept,
gamma3,org,b.184,368,Leo,184,184,45634208.50,141479.00,10207232,10,true,true,OK,accept,true
gamma3,org,b.184,368,GLL,184,184,0.00,0.00,0,0,false,false,TIMEOUT,accept,
gamma3,org,b.184,368,RNGLR,184,184,0.00,0.00,0,0,false,false,TIMEOUT,accept,
gamma3,org,b.184,368,BRNGLR,184,184,0.00,0.00,0,0,false,false,TIMEOUT,accept,
gamma3,org,b.185,370,Leo,185,185,46172458.00,129916.50,10747904,10,true,true,OK,accept,true
gamma3,org,b.185,370,GLL,185,185,0.00,0.00,0,0,false,false,TIMEOUT,accept,
gamma3,org,b.185,370,RNGLR,185,185,0.00,0.00,0,0,false,false,TIMEOUT,accept,
gamma3,org,b.185,370,BRNGLR,185,185,0.00,0.00,0,0,false,false,TIMEOUT,accept,
gamma3,org,b.186,372,Leo,186,186,46703958.50,43062.50,10698752,10,true,true,OK,accept,true
gamma3,org,b.186,372,GLL,186,186,0.00,0.00,0,0,false,false,TIMEOUT,accept,
gamma3,org,b.186,372,RNGLR,186,186,0.00,0.00,0,0,false,false,TIMEOUT,accept,
gamma3,org,b.186,372,BRNGLR,186,186,0.00,0.00,0,0,false,false,TIMEOUT,accept,
gamma3,org,b.187,374,Leo,187,187,47535291.50,121771.00,10960896,10,true,true,OK,accept,true
gamma3,org,b.187,374,GLL,187,187,0.00,0.00,0,0,false,false,TIMEOUT,accept,
gamma3,org,b.187,374,RNGLR,187,187,0.00,0.00,0,0,false,false,TIMEOUT,accept,
gamma3,org,b.187,374,BRNGLR,187,187,0.00,0.00,0,0,false,false,TIMEOUT,accept,
gamma3,org,b.188,376,Leo,188,188,48216208.00,61896.50,11059200,10,true,true,OK,accept,true
gamma3,org,b.188,376,GLL,188,188,0.00,0.00,0,0,false,false,TIMEOUT,accept,
gamma3,org,b.188,376,RNGLR,188,188,0.00,0.00,0,0,false,false,TIMEOUT,accept,
gamma3,org,b.188,376,BRNGLR,188,188,0.00,0.00,0,0,false,false,TIMEOUT,accept,
gamma3,org,b.189,378,Leo,189,189,49282125.00,319271.50,10420224,10,true,true,OK,accept,true
gamma3,org,b.189,378,GLL,189,189,0.00,0.00,0,0,false,false,TIMEOUT,accept,
gamma3,org,b.189,378,RNGLR,189,189,0.00,0.00,0,0,false,false,TIMEOUT,accept,
gamma3,org,b.189,378,BRNGLR,189,189,0.00,0.00,0,0,false,false,TIMEOUT,accept,
gamma3,org,b.190,380,Leo,190,190,50378125.00,263291.50,11026432,10,true,true,OK,accept,true
gamma3,org,b.190,380,GLL,190,190,0.00,0.00,0,0,false,false,TIMEOUT,accept,
gamma3,org,b.190,380,RNGLR,190,190,0.00,0.00,0,0,false,false,TIMEOUT,accept,
gamma3,org,b.190,380,BRNGLR,190,190,0.00,0.00,0,0,false,false,TIMEOUT,accept,
gamma3,org,b.191,382,Leo,191,191,52224166.50,1083708.00,11419648,10,true,true,OK,accept,true
gamma3,org,b.191,382,GLL,191,191,0.00,0.00,0,0,false,false,TIMEOUT,accept,
gamma3,org,b.191,382,RNGLR,191,191,0.00,0.00,0,0,false,false,TIMEOUT,accept,
gamma3,org,b.191,382,BRNGLR,191,191,0.00,0.00,0,0,false,false,TIMEOUT,accept,
gamma3,org,b.192,384,Leo,192,192,51247937.50,233042.00,10813440,10,true,true,OK,accept,true
gamma3,org,b.192,384,GLL,192,192,0.00,0.00,0,0,false,false,TIMEOUT,accept,
gamma3,org,b.192,384,RNGLR,192,192,0.00,0.00,0,0,false,false,TIMEOUT,accept,
gamma3,org,b.192,384,BRNGLR,192,192,0.00,0.00,0,0,false,false,TIMEOUT,accept,
gamma3,org,b.193,386,Leo,193,193,52000666.50,157416.50,11288576,10,true,true,OK,accept,true
gamma3,org,b.193,386,GLL,193,193,0.00,0.00,0,0,false,false,TIMEOUT,accept,
gamma3,org,b.193,386,RNGLR,193,193,0.00,0.00,0,0,false,false,TIMEOUT,accept,
gamma3,org,b.193,386,BRNGLR,193,193,0.00,0.00,0,0,false,false,TIMEOUT,accept,
gamma3,org,b.194,388,Leo,194,194,53097896.00,550229.00,11354112,10,true,true,OK,accept,true
gamma3,org,b.194,388,GLL,194,194,0.00,0.00,0,0,false,false,TIMEOUT,accept,
gamma3,org,b.194,388,RNGLR,194,194,0.00,0.00,0,0,false,false,TIMEOUT,accept,
gamma3,org,b.194,388,BRNGLR,194,194,0.00,0.00,0,0,false,false,TIMEOUT,accept,
gamma3,org,b.195,390,Leo,195,195,54228645.50,373208.00,11780096,10,true,true,OK,accept,true
gamma3,org,b.195,390,GLL,195,195,0.00,0.00,0,0,false,false,TIMEOUT,accept,
gamma3,org,b.195,390,RNGLR,195,195,0.00,0.00,0,0,false,false,TIMEOUT,accept,
gamma3,org,b.195,390,BRNGLR,195,195,0.00,0.00,0,0,false,false,TIMEOUT,accept,
gamma3,org,b.196,392,Leo,196,196,53978229.50,61646.00,11894784,10,true,true,OK,accept,true
gamma3,org,b.196,392,GLL,196,196,0.00,0.00,0,0,false,false,TIMEOUT,accept,
gamma3,org,b.196,392,RNGLR,196,196,0.00,0.00,0,0,false,false,TIMEOUT,accept,
gamma3,org,b.196,392,BRNGLR,196,196,0.00,0.00,0,0,false,false,TIMEOUT,accept,
gamma3,org,b.197,394,Leo,197,197,56893854.50,1065833.50,12189696,10,true,true,OK,accept,true
gamma3,org,b.197,394,GLL,197,197,0.00,0.00,0,0,false,false,TIMEOUT,accept,
gamma3,org,b.197,394,RNGLR,197,197,0.00,0.00,0,0,false,false,TIMEOUT,accept,
gamma3,org,b.197,394,BRNGLR,197,197,0.00,0.00,0,0,false,false,TIMEOUT,accept,
gamma3,org,b.198,396,Leo,198,198,55653062.50,140166.50,12124160,10,true,true,OK,accept,true
gamma3,org,b.198,396,GLL,198,198,0.00,0.00,0,0,false,false,TIMEOUT,accept,
gamma3,org,b.198,396,RNGLR,198,198,0.00,0.00,0,0,false,false,TIMEOUT,accept,
gamma3,org,b.198,396,BRNGLR,198,198,0.00,0.00,0,0,false,false,TIMEOUT,accept,
gamma3,org,b.199,398,Leo,199,199,56798625.00,208604.00,12386304,10,true,true,OK,accept,true
gamma3,org,b.199,398,GLL,199,199,0.00,0.00,0,0,false,false,TIMEOUT,accept,
gamma3,org,b.199,398,RNGLR,199,199,0.00,0.00,0,0,false,false,TIMEOUT,accept,
gamma3,org,b.199,398,BRNGLR,199,199,0.00,0.00,0,0,false,false,TIMEOUT,accept,
gamma3,org,b.200,400,Leo,200,200,57376792.00,69500.00,12599296,10,true,true,OK,accept,true
gamma3,org,b.200,400,GLL,200,200,0.00,0.00,0,0,false,false,TIMEOUT,accept,
gamma3,org,b.200,400,RNGLR,200,200,0.00,0.00,0,0,false,false,TIMEOUT,accept,
gamma3,org,b.200,400,BRNGLR,200,200,0.00,0.00,0,0,false,false,TIMEOUT,accept,
gamma3,org,b.201,402,Leo,201,201,58223396.00,175041.50,12681216,10,true,true,OK,accept,true
gamma3,org,b.201,402,GLL,201,201,0.00,0.00,0,0,false,false,TIMEOUT,accept,
gamma3,org,b.201,402,RNGLR,201,201,0.00,0.00,0,0,false,false,TIMEOUT,accept,
gamma3,org,b.201,402,BRNGLR,201,201,0.00,0.00,0,0,false,false,TIMEOUT,accept,
gamma3,org,b.202,404,Leo,202,202,58825354.00,185729.00,12877824,10,true,true,OK,accept,true
gamma3,org,b.202,404,GLL,202,202,0.00,0.00,0,0,false,false,TIMEOUT,accept,
gamma3,org,b.202,404,RNGLR,202,202,0.00,0.00,0,0,false,false,TIMEOUT,accept,
gamma3,org,b.202,404,BRNGLR,202,202,0.00,0.00,0,0,false,false,TIMEOUT,accept,
gamma3,org,b.203,406,Leo,203,203,59314999.50,160895.50,12566528,10,true,true,OK,accept,true
gamma3,org,b.203,406,GLL,203,203,0.00,0.00,0,0,false,false,TIMEOUT,accept,
gamma3,org,b.203,406,RNGLR,203,203,0.00,0.00,0,0,false,false,TIMEOUT,accept,
gamma3,org,b.203,406,BRNGLR,203,203,0.00,0.00,0,0,false,false,TIMEOUT,accept,
gamma3,org,b.204,408,Leo,204,204,60323354.50,153896.00,13074432,10,true,true,OK,accept,true
gamma3,org,b.204,408,GLL,204,204,0.00,0.00,0,0,false,false,TIMEOUT,accept,
gamma3,org,b.204,408,RNGLR,204,204,0.00,0.00,0,0,false,false,TIMEOUT,accept,
gamma3,org,b.204,408,BRNGLR,204,204,0.00,0.00,0,0,false,false,TIMEOUT,accept,
gamma3,org,b.205,410,Leo,205,205,61598103.50,363791.00,13336576,10,true,true,OK,accept,true
gamma3,org,b.205,410,GLL,205,205,0.00,0.00,0,0,false,false,TIMEOUT,accept,
gamma3,org,b.205,410,RNGLR,205,205,0.00,0.00,0,0,false,false,TIMEOUT,accept,
gamma3,org,b.205,410,BRNGLR,205,205,0.00,0.00,0,0,false,false,TIMEOUT,accept,
gamma3,org,b.206,412,Leo,206,206,61786437.50,82167.00,13582336,10,true,true,OK,accept,true
gamma3,org,b.206,412,GLL,206,206,0.00,0.00,0,0,false,false,TIMEOUT,accept,
gamma3,org,b.206,412,RNGLR,206,206,0.00,0.00,0,0,false,false,TIMEOUT,accept,
gamma3,org,b.206,412,BRNGLR,206,206,0.00,0.00,0,0,false,false,TIMEOUT,accept,
gamma3,org,b.207,414,Leo,207,207,62958854.50,240167.00,13320192,10,true,true,OK,accept,true
gamma3,org,b.207,414,GLL,207,207,0.00,0.00,0,0,false,false,TIMEOUT,accept,
gamma3,org,b.207,414,RNGLR,207,207,0.00,0.00,0,0,false,false,TIMEOUT,accept,
gamma3,org,b.207,414,BRNGLR,207,207,0.00,0.00,0,0,false,false,TIMEOUT,accept,
gamma3,org,b.208,416,Leo,208,208,63686937.50,186959.00,13189120,10,true,true,OK,accept,true
gamma3,org,b.208,416,GLL,208,208,0.00,0.00,0,0,false,false,TIMEOUT,accept,
gamma3,org,b.208,416,RNGLR,208,208,0.00,0.00,0,0,false,false,TIMEOUT,accept,
gamma3,org,b.208,416,BRNGLR,208,208,0.00,0.00,0,0,false,false,TIMEOUT,accept,
gamma3,org,b.209,418,Leo,209,209,64634833.50,195042.00,13418496,10,true,true,OK,accept,true
gamma3,org,b.209,418,GLL,209,209,0.00,0.00,0,0,false,false,TIMEOUT,accept,
gamma3,org,b.209,418,RNGLR,209,209,0.00,0.00,0,0,false,false,TIMEOUT,accept,
gamma3,org,b.209,418,BRNGLR,209,209,0.00,0.00,0,0,false,false,TIMEOUT,accept,
gamma3,org,b.210,420,Leo,210,210,65332479.50,319437.00,13942784,10,true,true,OK,accept,true
gamma3,org,b.210,420,GLL,210,210,0.00,0.00,0,0,false,false,TIMEOUT,accept,
gamma3,org,b.210,420,RNGLR,210,210,0.00,0.00,0,0,false,false,TIMEOUT,accept,
gamma3,org,b.210,420,BRNGLR,210,210,0.00,0.00,0,0,false,false,TIMEOUT,accept,
gamma3,org,b.211,422,Leo,211,211,66374479.50,196188.00,13942784,10,true,true,OK,accept,true
gamma3,org,b.211,422,GLL,211,211,0.00,0.00,0,0,false,false,TIMEOUT,accept,
gamma3,org,b.211,422,RNGLR,211,211,0.00,0.00,0,0,false,false,TIMEOUT,accept,
gamma3,org,b.211,422,BRNGLR,211,211,0.00,0.00,0,0,false,false,TIMEOUT,accept,
gamma3,org,b.212,424,Leo,212,212,66963770.50,143479.00,14368768,10,true,true,OK,accept,true
gamma3,org,b.212,424,GLL,212,212,0.00,0.00,0,0,false,false,TIMEOUT,accept,
gamma3,org,b.212,424,RNGLR,212,212,0.00,0.00,0,0,false,false,TIMEOUT,accept,
gamma3,org,b.212,424,BRNGLR,212,212,0.00,0.00,0,0,false,false,TIMEOUT,accept,
gamma3,org,b.213,426,Leo,213,213,68600062.50,541146.00,14434304,10,true,true,OK,accept,true
gamma3,org,b.213,426,GLL,213,213,0.00,0.00,0,0,false,false,TIMEOUT,accept,
gamma3,org,b.213,426,RNGLR,213,213,0.00,0.00,0,0,false,false,TIMEOUT,accept,
gamma3,org,b.213,426,BRNGLR,213,213,0.00,0.00,0,0,false,false,TIMEOUT,accept,
gamma3,org,b.214,428,Leo,214,214,70922666.50,2287354.00,14630912,10,true,true,OK,accept,true
gamma3,org,b.214,428,GLL,214,214,0.00,0.00,0,0,false,false,TIMEOUT,accept,
gamma3,org,b.214,428,RNGLR,214,214,0.00,0.00,0,0,false,false,TIMEOUT,accept,
gamma3,org,b.214,428,BRNGLR,214,214,0.00,0.00,0,0,false,false,TIMEOUT,accept,
gamma3,org,b.215,430,Leo,215,215,70012479.00,448499.50,14598144,10,true,true,OK,accept,true
gamma3,org,b.215,430,GLL,215,215,0.00,0.00,0,0,false,false,TIMEOUT,accept,
gamma3,org,b.215,430,RNGLR,215,215,0.00,0.00,0,0,false,false,TIMEOUT,accept,
gamma3,org,b.215,430,BRNGLR,215,215,0.00,0.00,0,0,false,false,TIMEOUT,accept,
gamma3,org,b.216,432,Leo,216,216,70719708.50,154792.00,15040512,10,true,true,OK,accept,true
gamma3,org,b.216,432,GLL,216,216,0.00,0.00,0,0,false,false,TIMEOUT,accept,
gamma3,org,b.216,432,RNGLR,216,216,0.00,0.00,0,0,false,false,TIMEOUT,accept,
gamma3,org,b.216,432,BRNGLR,216,216,0.00,0.00,0,0,false,false,TIMEOUT,accept,
gamma3,org,b.217,434,Leo,217,217,71458229.00,128625.00,14794752,10,true,true,OK,accept,true
gamma3,org,b.217,434,GLL,217,217,0.00,0.00,0,0,false,false,TIMEOUT,accept,
gamma3,org,b.217,434,RNGLR,217,217,0.00,0.00,0,0,false,false,TIMEOUT,accept,
gamma3,org,b.217,434,BRNGLR,217,217,0.00,0.00,0,0,false,false,TIMEOUT,accept,
gamma3,org,b.218,436,Leo,218,218,72439708.50,178187.50,15040512,10,true,true,OK,accept,true
gamma3,org,b.218,436,GLL,218,218,0.00,0.00,0,0,false,false,TIMEOUT,accept,
gamma3,org,b.218,436,RNGLR,218,218,0.00,0.00,0,0,false,false,TIMEOUT,accept,
gamma3,org,b.218,436,BRNGLR,218,218,0.00,0.00,0,0,false,false,TIMEOUT,accept,
gamma3,org,b.219,438,Leo,219,219,74182583.00,683666.00,15319040,10,true,true,OK,accept,true
gamma3,org,b.219,438,GLL,219,219,0.00,0.00,0,0,false,false,TIMEOUT,accept,
gamma3,org,b.219,438,RNGLR,219,219,0.00,0.00,0,0,false,false,TIMEOUT,accept,
gamma3,org,b.219,438,BRNGLR,219,219,0.00,0.00,0,0,false,false,TIMEOUT,accept,
gamma3,org,b.220,440,Leo,220,220,74747979.00,400791.50,15433728,10,true,true,OK,accept,true
gamma3,org,b.220,440,GLL,220,220,0.00,0.00,0,0,false,false,TIMEOUT,accept,
gamma3,org,b.220,440,RNGLR,220,220,0.00,0.00,0,0,false,false,TIMEOUT,accept,
gamma3,org,b.220,440,BRNGLR,220,220,0.00,0.00,0,0,false,false,TIMEOUT,accept,
gamma3,org,b.221,442,Leo,221,221,75092541.50,91333.50,15597568,10,true,true,OK,accept,true
gamma3,org,b.221,442,GLL,221,221,0.00,0.00,0,0,false,false,TIMEOUT,accept,
gamma3,org,b.221,442,RNGLR,221,221,0.00,0.00,0,0,false,false,TIMEOUT,accept,
gamma3,org,b.221,442,BRNGLR,221,221,0.00,0.00,0,0,false,false,TIMEOUT,accept,
gamma3,org,b.222,444,Leo,222,222,76652271.00,458541.50,15761408,10,true,true,OK,accept,true
gamma3,org,b.222,444,GLL,222,222,0.00,0.00,0,0,false,false,TIMEOUT,accept,
gamma3,org,b.222,444,RNGLR,222,222,0.00,0.00,0,0,false,false,TIMEOUT,accept,
gamma3,org,b.222,444,BRNGLR,222,222,0.00,0.00,0,0,false,false,TIMEOUT,accept,
gamma3,org,b.223,446,Leo,223,223,77943375.00,515459.00,15810560,10,true,true,OK,accept,true
gamma3,org,b.223,446,GLL,223,223,0.00,0.00,0,0,false,false,TIMEOUT,accept,
gamma3,org,b.223,446,RNGLR,223,223,0.00,0.00,0,0,false,false,TIMEOUT,accept,
gamma3,org,b.223,446,BRNGLR,223,223,0.00,0.00,0,0,false,false,TIMEOUT,accept,
gamma3,org,b.224,448,Leo,224,224,78442916.50,485458.50,16023552,10,true,true,OK,accept,true
gamma3,org,b.224,448,GLL,224,224,0.00,0.00,0,0,false,false,TIMEOUT,accept,
gamma3,org,b.224,448,RNGLR,224,224,0.00,0.00,0,0,false,false,TIMEOUT,accept,
gamma3,org,b.224,448,BRNGLR,224,224,0.00,0.00,0,0,false,false,TIMEOUT,accept,
gamma3,org,b.225,450,Leo,225,225,79697583.50,511271.00,16187392,10,true,true,OK,accept,true
gamma3,org,b.225,450,GLL,225,225,0.00,0.00,0,0,false,false,TIMEOUT,accept,
gamma3,org,b.225,450,RNGLR,225,225,0.00,0.00,0,0,false,false,TIMEOUT,accept,
gamma3,org,b.225,450,BRNGLR,225,225,0.00,0.00,0,0,false,false,TIMEOUT,accept,
gamma3,org,b.226,452,Leo,226,226,80333896.00,556021.00,16400384,10,true,true,OK,accept,true
gamma3,org,b.226,452,GLL,226,226,0.00,0.00,0,0,false,false,TIMEOUT,accept,
gamma3,org,b.226,452,RNGLR,226,226,0.00,0.00,0,0,false,false,TIMEOUT,accept,
gamma3,org,b.226,452,BRNGLR,226,226,0.00,0.00,0,0,false,false,TIMEOUT,accept,
gamma3,org,b.227,454,Leo,227,227,81698021.00,766083.00,16236544,10,true,true,OK,accept,true
gamma3,org,b.227,454,GLL,227,227,0.00,0.00,0,0,false,false,TIMEOUT,accept,
gamma3,org,b.227,454,RNGLR,227,227,0.00,0.00,0,0,false,false,TIMEOUT,accept,
gamma3,org,b.227,454,BRNGLR,227,227,0.00,0.00,0,0,false,false,TIMEOUT,accept,
gamma3,org,b.228,456,Leo,228,228,82545521.00,479916.50,16678912,10,true,true,OK,accept,true
gamma3,org,b.228,456,GLL,228,228,0.00,0.00,0,0,false,false,TIMEOUT,accept,
gamma3,org,b.228,456,RNGLR,228,228,0.00,0.00,0,0,false,false,TIMEOUT,accept,
gamma3,org,b.228,456,BRNGLR,228,228,0.00,0.00,0,0,false,false,TIMEOUT,accept,
gamma3,org,b.229,458,Leo,229,229,82923875.00,366896.50,16957440,10,true,true,OK,accept,true
gamma3,org,b.229,458,GLL,229,229,0.00,0.00,0,0,false,false,TIMEOUT,accept,
gamma3,org,b.229,458,RNGLR,229,229,0.00,0.00,0,0,false,false,TIMEOUT,accept,
gamma3,org,b.229,458,BRNGLR,229,229,0.00,0.00,0,0,false,false,TIMEOUT,accept,
gamma3,org,b.230,460,Leo,230,230,86255833.50,2066333.50,17088512,10,true,true,OK,accept,true
gamma3,org,b.230,460,GLL,230,230,0.00,0.00,0,0,false,false,TIMEOUT,accept,
gamma3,org,b.230,460,RNGLR,230,230,0.00,0.00,0,0,false,false,TIMEOUT,accept,
gamma3,org,b.230,460,BRNGLR,230,230,0.00,0.00,0,0,false,false,TIMEOUT,accept,
gamma3,org,b.231,462,Leo,231,231,84508062.50,162854.50,16973824,10,true,true,OK,accept,true
gamma3,org,b.231,462,GLL,231,231,0.00,0.00,0,0,false,false,TIMEOUT,accept,
gamma3,org,b.231,462,RNGLR,231,231,0.00,0.00,0,0,false,false,TIMEOUT,accept,
gamma3,org,b.231,462,BRNGLR,231,231,0.00,0.00,0,0,false,false,TIMEOUT,accept,
gamma3,org,b.232,464,Leo,232,232,86299166.50,773583.00,17186816,10,true,true,OK,accept,true
gamma3,org,b.232,464,GLL,232,232,0.00,0.00,0,0,false,false,TIMEOUT,accept,
gamma3,org,b.232,464,RNGLR,232,232,0.00,0.00,0,0,false,false,TIMEOUT,accept,
gamma3,org,b.232,464,BRNGLR,232,232,0.00,0.00,0,0,false,false,TIMEOUT,accept,
gamma3,org,b.233,466,Leo,233,233,86942791.50,230479.50,17383424,10,true,true,OK,accept,true
gamma3,org,b.233,466,GLL,233,233,0.00,0.00,0,0,false,false,TIMEOUT,accept,
gamma3,org,b.233,466,RNGLR,233,233,0.00,0.00,0,0,false,false,TIMEOUT,accept,
gamma3,org,b.233,466,BRNGLR,233,233,0.00,0.00,0,0,false,false,TIMEOUT,accept,
gamma3,org,b.234,468,Leo,234,234,88324333.00,195729.00,17645568,10,true,true,OK,accept,true
gamma3,org,b.234,468,GLL,234,234,0.00,0.00,0,0,false,false,TIMEOUT,accept,
gamma3,org,b.234,468,RNGLR,234,234,0.00,0.00,0,0,false,false,TIMEOUT,accept,
gamma3,org,b.234,468,BRNGLR,234,234,0.00,0.00,0,0,false,false,TIMEOUT,accept,
gamma3,org,b.235,470,Leo,235,235,89489749.50,332520.50,17563648,10,true,true,OK,accept,true
gamma3,org,b.235,470,GLL,235,235,0.00,0.00,0,0,false,false,TIMEOUT,accept,
gamma3,org,b.235,470,RNGLR,235,235,0.00,0.00,0,0,false,false,TIMEOUT,accept,
gamma3,org,b.235,470,BRNGLR,235,235,0.00,0.00,0,0,false,false,TIMEOUT,accept,
gamma3,org,b.236,472,Leo,236,236,91797396.00,708208.00,17678336,10,true,true,OK,accept,true
gamma3,org,b.236,472,GLL,236,236,0.00,0.00,0,0,false,false,TIMEOUT,accept,
gamma3,org,b.236,472,RNGLR,236,236,0.00,0.00,0,0,false,false,TIMEOUT,accept,
gamma3,org,b.236,472,BRNGLR,236,236,0.00,0.00,0,0,false,false,TIMEOUT,accept,
gamma3,org,b.237,474,Leo,237,237,94675541.50,1882833.50,17989632,10,true,true,OK,accept,true
gamma3,org,b.237,474,GLL,237,237,0.00,0.00,0,0,false,false,TIMEOUT,accept,
gamma3,org,b.237,474,RNGLR,237,237,0.00,0.00,0,0,false,false,TIMEOUT,accept,
gamma3,org,b.237,474,BRNGLR,237,237,0.00,0.00,0,0,false,false,TIMEOUT,accept,
gamma3,org,b.238,476,Leo,238,238,92540479.00,255542.00,18055168,10,true,true,OK,accept,true
gamma3,org,b.238,476,GLL,238,238,0.00,0.00,0,0,false,false,TIMEOUT,accept,
gamma3,org,b.238,476,RNGLR,238,238,0.00,0.00,0,0,false,false,TIMEOUT,accept,
gamma3,org,b.238,476,BRNGLR,238,238,0.00,0.00,0,0,false,false,TIMEOUT,accept,
gamma3,org,b.239,478,Leo,239,239,94723604.00,661042.00,18300928,10,true,true,OK,accept,true
gamma3,org,b.239,478,GLL,239,239,0.00,0.00,0,0,false,false,TIMEOUT,accept,
gamma3,org,b.239,478,RNGLR,239,239,0.00,0.00,0,0,false,false,TIMEOUT,accept,
gamma3,org,b.239,478,BRNGLR,239,239,0.00,0.00,0,0,false,false,TIMEOUT,accept,
gamma3,org,b.240,480,Leo,240,240,94577042.00,380417.00,18432000,10,true,true,OK,accept,true
gamma3,org,b.240,480,GLL,240,240,0.00,0.00,0,0,false,false,TIMEOUT,accept,
gamma3,org,b.240,480,RNGLR,240,240,0.00,0.00,0,0,false,false,TIMEOUT,accept,
gamma3,org,b.240,480,BRNGLR,240,240,0.00,0.00,0,0,false,false,TIMEOUT,accept,
gamma3,org,b.241,482,Leo,241,241,95671916.50,396083.00,18579456,10,true,true,OK,accept,true
gamma3,org,b.241,482,GLL,241,241,0.00,0.00,0,0,false,false,TIMEOUT,accept,
gamma3,org,b.241,482,RNGLR,241,241,0.00,0.00,0,0,false,false,TIMEOUT,accept,
gamma3,org,b.241,482,BRNGLR,241,241,0.00,0.00,0,0,false,false,TIMEOUT,accept,
gamma3,org,b.242,484,Leo,242,242,99032917.00,1856562.50,18743296,10,true,true,OK,accept,true
gamma3,org,b.242,484,GLL,242,242,0.00,0.00,0,0,false,false,TIMEOUT,accept,
gamma3,org,b.242,484,RNGLR,242,242,0.00,0.00,0,0,false,false,TIMEOUT,accept,
gamma3,org,b.242,484,BRNGLR,242,242,0.00,0.00,0,0,false,false,TIMEOUT,accept,
gamma3,org,b.243,486,Leo,243,243,98208104.00,304042.00,19054592,10,true,true,OK,accept,true
gamma3,org,b.243,486,GLL,243,243,0.00,0.00,0,0,false,false,TIMEOUT,accept,
gamma3,org,b.243,486,RNGLR,243,243,0.00,0.00,0,0,false,false,TIMEOUT,accept,
gamma3,org,b.243,486,BRNGLR,243,243,0.00,0.00,0,0,false,false,TIMEOUT,accept,
gamma3,org,b.244,488,Leo,244,244,100406333.50,1120541.50,18923520,10,true,true,OK,accept,true
gamma3,org,b.244,488,GLL,244,244,0.00,0.00,0,0,false,false,TIMEOUT,accept,
gamma3,org,b.244,488,RNGLR,244,244,0.00,0.00,0,0,false,false,TIMEOUT,accept,
gamma3,org,b.244,488,BRNGLR,244,244,0.00,0.00,0,0,false,false,TIMEOUT,accept,
gamma3,org,b.245,490,Leo,245,245,103545521.00,3540354.00,19136512,10,true,true,OK,accept,true
gamma3,org,b.245,490,GLL,245,245,0.00,0.00,0,0,false,false,TIMEOUT,accept,
gamma3,org,b.245,490,RNGLR,245,245,0.00,0.00,0,0,false,false,TIMEOUT,accept,
gamma3,org,b.245,490,BRNGLR,245,245,0.00,0.00,0,0,false,false,TIMEOUT,accept,
gamma3,org,b.246,492,Leo,246,246,102077250.50,1017770.50,19202048,10,true,true,OK,accept,true
gamma3,org,b.246,492,GLL,246,246,0.00,0.00,0,0,false,false,TIMEOUT,accept,
gamma3,org,b.246,492,RNGLR,246,246,0.00,0.00,0,0,false,false,TIMEOUT,accept,
gamma3,org,b.246,492,BRNGLR,246,246,0.00,0.00,0,0,false,false,TIMEOUT,accept,
gamma3,org,b.247,494,Leo,247,247,102852895.50,676437.50,19464192,10,true,true,OK,accept,true
gamma3,org,b.247,494,GLL,247,247,0.00,0.00,0,0,false,false,TIMEOUT,accept,
gamma3,org,b.247,494,RNGLR,247,247,0.00,0.00,0,0,false,false,TIMEOUT,accept,
gamma3,org,b.247,494,BRNGLR,247,247,0.00,0.00,0,0,false,false,TIMEOUT,accept,
gamma3,org,b.248,496,Leo,248,248,106435250.00,1748083.50,19660800,10,true,true,OK,accept,true
gamma3,org,b.248,496,GLL,248,248,0.00,0.00,0,0,false,false,TIMEOUT,accept,
gamma3,org,b.248,496,RNGLR,248,248,0.00,0.00,0,0,false,false,TIMEOUT,accept,
gamma3,org,b.248,496,BRNGLR,248,248,0.00,0.00,0,0,false,false,TIMEOUT,accept,
gamma3,org,b.249,498,Leo,249,249,105069062.50,782292.00,19775488,10,true,true,OK,accept,true
gamma3,org,b.249,498,GLL,249,249,0.00,0.00,0,0,false,false,TIMEOUT,accept,
gamma3,org,b.249,498,RNGLR,249,249,0.00,0.00,0,0,false,false,TIMEOUT,accept,
gamma3,org,b.249,498,BRNGLR,249,249,0.00,0.00,0,0,false,false,TIMEOUT,accept,
gamma3,org,b.250,500,Leo,250,250,106380917.00,385792.00,19808256,10,true,true,OK,accept,true
gamma3,org,b.250,500,GLL,250,250,0.00,0.00,0,0,false,false,TIMEOUT,accept,
gamma3,org,b.250,500,RNGLR,250,250,0.00,0.00,0,0,false,false,TIMEOUT,accept,
gamma3,org,b.250,500,BRNGLR,250,250,0.00,0.00,0,0,false,false,TIMEOUT,accept,
gamma3,org,b.251,502,Leo,251,251,107578604.00,918916.50,20086784,10,true,true,OK,accept,true
gamma3,org,b.251,502,GLL,251,251,0.00,0.00,0,0,false,false,TIMEOUT,accept,
gamma3,org,b.251,502,RNGLR,251,251,0.00,0.00,0,0,false,false,TIMEOUT,accept,
gamma3,org,b.251,502,BRNGLR,251,251,0.00,0.00,0,0,false,false,TIMEOUT,accept,
gamma3,org,b.252,504,Leo,252,252,108681541.50,494500.00,20267008,10,true,true,OK,accept,true
gamma3,org,b.252,504,GLL,252,252,0.00,0.00,0,0,false,false,TIMEOUT,accept,
gamma3,org,b.252,504,RNGLR,252,252,0.00,0.00,0,0,false,false,TIMEOUT,accept,
gamma3,org,b.252,504,BRNGLR,252,252,0.00,0.00,0,0,false,false,TIMEOUT,accept,
gamma3,org,b.253,506,Leo,253,253,109782563.00,563917.00,20447232,10,true,true,OK,accept,true
gamma3,org,b.253,506,GLL,253,253,0.00,0.00,0,0,false,false,TIMEOUT,accept,
gamma3,org,b.253,506,RNGLR,253,253,0.00,0.00,0,0,false,false,TIMEOUT,accept,
gamma3,org,b.253,506,BRNGLR,253,253,0.00,0.00,0,0,false,false,TIMEOUT,accept,
gamma3,org,b.254,508,Leo,254,254,111801562.50,1388937.50,20512768,10,true,true,OK,accept,true
gamma3,org,b.254,508,GLL,254,254,0.00,0.00,0,0,false,false,TIMEOUT,accept,
gamma3,org,b.254,508,RNGLR,254,254,0.00,0.00,0,0,false,false,TIMEOUT,accept,
gamma3,org,b.254,508,BRNGLR,254,254,0.00,0.00,0,0,false,false,TIMEOUT,accept,
gamma3,org,b.255,510,Leo,255,255,112395208.50,795708.50,20725760,10,true,true,OK,accept,true
gamma3,org,b.255,510,GLL,255,255,0.00,0.00,0,0,false,false,TIMEOUT,accept,
gamma3,org,b.255,510,RNGLR,255,255,0.00,0.00,0,0,false,false,TIMEOUT,accept,
gamma3,org,b.255,510,BRNGLR,255,255,0.00,0.00,0,0,false,false,TIMEOUT,accept,
gamma3,org,b.256,512,Leo,256,256,113199146.00,417708.50,20725760,10,true,true,OK,accept,true
gamma3,org,b.256,512,GLL,256,256,0.00,0.00,0,0,false,false,TIMEOUT,accept,
gamma3,org,b.256,512,RNGLR,256,256,0.00,0.00,0,0,false,false,TIMEOUT,accept,
gamma3,org,b.256,512,BRNGLR,256,256,0.00,0.00,0,0,false,false,TIMEOUT,accept,
gamma3,org,b.257,514,Leo,257,257,114676395.50,403166.00,20971520,10,true,true,OK,accept,true
gamma3,org,b.257,514,GLL,257,257,0.00,0.00,0,0,false,false,TIMEOUT,accept,
gamma3,org,b.257,514,RNGLR,257,257,0.00,0.00,0,0,false,false,TIMEOUT,accept,
gamma3,org,b.257,514,BRNGLR,257,257,0.00,0.00,0,0,false,false,TIMEOUT,accept,
gamma3,org,b.258,516,Leo,258,258,115337187.50,282875.00,21118976,10,true,true,OK,accept,true
gamma3,org,b.258,516,GLL,258,258,0.00,0.00,0,0,false,false,TIMEOUT,accept,
gamma3,org,b.258,516,RNGLR,258,258,0.00,0.00,0,0,false,false,TIMEOUT,accept,
gamma3,org,b.258,516,BRNGLR,258,258,0.00,0.00,0,0,false,false,TIMEOUT,accept,
gamma3,org,b.259,518,Leo,259,259,116805208.50,195313.00,21381120,10,true,true,OK,accept,true
gamma3,org,b.259,518,GLL,259,259,0.00,0.00,0,0,false,false,TIMEOUT,accept,
gamma3,org,b.259,518,RNGLR,259,259,0.00,0.00,0,0,false,false,TIMEOUT,accept,
gamma3,org,b.259,518,BRNGLR,259,259,0.00,0.00,0,0,false,false,TIMEOUT,accept,
gamma3,org,b.260,520,Leo,260,260,117598167.00,242958.50,21495808,10,true,true,OK,accept,true
gamma3,org,b.260,520,GLL,260,260,0.00,0.00,0,0,false,false,TIMEOUT,accept,
gamma3,org,b.260,520,RNGLR,260,260,0.00,0.00,0,0,false,false,TIMEOUT,accept,
gamma3,org,b.260,520,BRNGLR,260,260,0.00,0.00,0,0,false,false,TIMEOUT,accept,
gamma3,org,b.261,522,Leo,261,261,119351166.50,280500.00,21594112,10,true,true,OK,accept,true
gamma3,org,b.261,522,GLL,261,261,0.00,0.00,0,0,false,false,TIMEOUT,accept,
gamma3,org,b.261,522,RNGLR,261,261,0.00,0.00,0,0,false,false,TIMEOUT,accept,
gamma3,org,b.261,522,BRNGLR,261,261,0.00,0.00,0,0,false,false,TIMEOUT,accept,
gamma3,org,b.262,524,Leo,262,262,120127063.00,124396.00,21626880,10,true,true,OK,accept,true
gamma3,org,b.262,524,GLL,262,262,0.00,0.00,0,0,false,false,TIMEOUT,accept,
gamma3,org,b.262,524,RNGLR,262,262,0.00,0.00,0,0,false,false,TIMEOUT,accept,
gamma3,org,b.262,524,BRNGLR,262,262,0.00,0.00,0,0,false,false,TIMEOUT,accept,
gamma3,org,b.263,526,Leo,263,263,121809833.50,317875.00,21938176,10,true,true,OK,accept,true
gamma3,org,b.263,526,GLL,263,263,0.00,0.00,0,0,false,false,TIMEOUT,accept,
gamma3,org,b.263,526,RNGLR,263,263,0.00,0.00,0,0,false,false,TIMEOUT,accept,
gamma3,org,b.263,526,BRNGLR,263,263,0.00,0.00,0,0,false,false,TIMEOUT,accept,
gamma3,org,b.264,528,Leo,264,264,123433146.00,180812.50,22102016,10,true,true,OK,accept,true
gamma3,org,b.264,528,GLL,264,264,0.00,0.00,0,0,false,false,TIMEOUT,accept,
gamma3,org,b.264,528,RNGLR,264,264,0.00,0.00,0,0,false,false,TIMEOUT,accept,
gamma3,org,b.264,528,BRNGLR,264,264,0.00,0.00,0,0,false,false,TIMEOUT,accept,
gamma3,org,b.265,530,Leo,265,265,124374416.50,218541.50,22151168,10,true,true,OK,accept,true
gamma3,org,b.265,530,GLL,265,265,0.00,0.00,0,0,false,false,TIMEOUT,accept,
gamma3,org,b.265,530,RNGLR,265,265,0.00,0.00,0,0,false,false,TIMEOUT,accept,
gamma3,org,b.265,530,BRNGLR,265,265,0.00,0.00,0,0,false,false,TIMEOUT,accept,
gamma3,org,b.266,532,Leo,266,266,125472104.50,291750.00,22265856,10,true,true,OK,accept,true
gamma3,org,b.266,532,GLL,266,266,0.00,0.00,0,0,false,false,TIMEOUT,accept,
gamma3,org,b.266,532,RNGLR,266,266,0.00,0.00,0,0,false,false,TIMEOUT,accept,
gamma3,org,b.266,532,BRNGLR,266,266,0.00,0.00,0,0,false,false,TIMEOUT,accept,
gamma3,org,b.267,534,Leo,267,267,127320729.00,334979.50,22609920,10,true,true,OK,accept,true
gamma3,org,b.267,534,GLL,267,267,0.00,0.00,0,0,false,false,TIMEOUT,accept,
gamma3,org,b.267,534,RNGLR,267,267,0.00,0.00,0,0,false,false,TIMEOUT,accept,
gamma3,org,b.267,534,BRNGLR,267,267,0.00,0.00,0,0,false,false,TIMEOUT,accept,
gamma3,org,b.268,536,Leo,268,268,127760791.00,265124.50,22724608,10,true,true,OK,accept,true
gamma3,org,b.268,536,GLL,268,268,0.00,0.00,0,0,false,false,TIMEOUT,accept,
gamma3,org,b.268,536,RNGLR,268,268,0.00,0.00,0,0,false,false,TIMEOUT,accept,
gamma3,org,b.268,536,BRNGLR,268,268,0.00,0.00,0,0,false,false,TIMEOUT,accept,
gamma3,org,b.269,538,Leo,269,269,129649146.00,350978.50,22839296,10,true,true,OK,accept,true
gamma3,org,b.269,538,GLL,269,269,0.00,0.00,0,0,false,false,TIMEOUT,accept,
gamma3,org,b.269,538,RNGLR,269,269,0.00,0.00,0,0,false,false,TIMEOUT,accept,
gamma3,org,b.269,538,BRNGLR,269,269,0.00,0.00,0,0,false,false,TIMEOUT,accept,
gamma3,org,b.270,540,Leo,270,270,131434292.00,514855.00,23101440,10,true,true,OK,accept,true
gamma3,org,b.270,540,GLL,270,270,0.00,0.00,0,0,false,false,TIMEOUT,accept,
gamma3,org,b.270,540,RNGLR,270,270,0.00,0.00,0,0,false,false,TIMEOUT,accept,
gamma3,org,b.270,540,BRNGLR,270,270,0.00,0.00,0,0,false,false,TIMEOUT,accept,
gamma3,org,b.271,542,Leo,271,271,132865208.00,417708.00,23166976,10,true,true,OK,accept,true
gamma3,org,b.271,542,GLL,271,271,0.00,0.00,0,0,false,false,TIMEOUT,accept,
gamma3,org,b.271,542,RNGLR,271,271,0.00,0.00,0,0,false,false,TIMEOUT,accept,
gamma3,org,b.271,542,BRNGLR,271,271,0.00,0.00,0,0,false,false,TIMEOUT,accept,
gamma3,org,b.272,544,Leo,272,272,133478854.50,226458.50,23298048,10,true,true,OK,accept,true
gamma3,org,b.272,544,GLL,272,272,0.00,0.00,0,0,false,false,TIMEOUT,accept,
gamma3,org,b.272,544,RNGLR,272,272,0.00,0.00,0,0,false,false,TIMEOUT,accept,
gamma3,org,b.272,544,BRNGLR,272,272,0.00,0.00,0,0,false,false,TIMEOUT,accept,
gamma3,org,b.273,546,Leo,273,273,137991104.50,1923667.50,23527424,10,true,true,OK,accept,true
gamma3,org,b.273,546,GLL,273,273,0.00,0.00,0,0,false,false,TIMEOUT,accept,
gamma3,org,b.273,546,RNGLR,273,273,0.00,0.00,0,0,false,false,TIMEOUT,accept,
gamma3,org,b.273,546,BRNGLR,273,273,0.00,0.00,0,0,false,false,TIMEOUT,accept,
gamma3,org,b.274,548,Leo,274,274,136513625.00,353208.50,23560192,10,true,true,OK,accept,true
gamma3,org,b.274,548,GLL,274,274,0.00,0.00,0,0,false,false,TIMEOUT,accept,
gamma3,org,b.274,548,RNGLR,274,274,0.00,0.00,0,0,false,false,TIMEOUT,accept,
gamma3,org,b.274,548,BRNGLR,274,274,0.00,0.00,0,0,false,false,TIMEOUT,accept,
gamma3,org,b.275,550,Leo,275,275,138434229.00,354125.00,23707648,10,true,true,OK,accept,true
gamma3,org,b.275,550,GLL,275,275,0.00,0.00,0,0,false,false,TIMEOUT,accept,
gamma3,org,b.275,550,RNGLR,275,275,0.00,0.00,0,0,false,false,TIMEOUT,accept,
gamma3,org,b.275,550,BRNGLR,275,275,0.00,0.00,0,0,false,false,TIMEOUT,accept,
gamma3,org,b.276,552,Leo,276,276,138835458.00,256916.00,23838720,10,true,true,OK,accept,true
gamma3,org,b.276,552,GLL,276,276,0.00,0.00,0,0,false,false,TIMEOUT,accept,
gamma3,org,b.276,552,RNGLR,276,276,0.00,0.00,0,0,false,false,TIMEOUT,accept,
gamma3,org,b.276,552,BRNGLR,276,276,0.00,0.00,0,0,false,false,TIMEOUT,accept,
gamma3,org,b.277,554,Leo,277,277,140774417.00,367625.50,24068096,10,true,true,OK,accept,true
gamma3,org,b.277,554,GLL,277,277,0.00,0.00,0,0,false,false,TIMEOUT,accept,
gamma3,org,b.277,554,RNGLR,277,277,0.00,0.00,0,0,false,false,TIMEOUT,accept,
gamma3,org,b.277,554,BRNGLR,277,277,0.00,0.00,0,0,false,false,TIMEOUT,accept,
gamma3,org,b.278,556,Leo,278,278,142109604.00,157479.50,24166400,10,true,true,OK,accept,true
gamma3,org,b.278,556,GLL,278,278,0.00,0.00,0,0,false,false,TIMEOUT,accept,
gamma3,org,b.278,556,RNGLR,278,278,0.00,0.00,0,0,false,false,TIMEOUT,accept,
gamma3,org,b.278,556,BRNGLR,278,278,0.00,0.00,0,0,false,false,TIMEOUT,accept,
gamma3,org,b.279,558,Leo,279,279,143764916.50,215458.00,24444928,10,true,true,OK,accept,true
gamma3,org,b.279,558,GLL,279,279,0.00,0.00,0,0,false,false,TIMEOUT,accept,
gamma3,org,b.279,558,RNGLR,279,279,0.00,0.00,0,0,false,false,TIMEOUT,accept,
gamma3,org,b.279,558,BRNGLR,279,279,0.00,0.00,0,0,false,false,TIMEOUT,accept,
gamma3,org,b.280,560,Leo,280,280,145149229.00,423750.00,24674304,10,true,true,OK,accept,true
gamma3,org,b.280,560,GLL,280,280,0.00,0.00,0,0,false,false,TIMEOUT,accept,
gamma3,org,b.280,560,RNGLR,280,280,0.00,0.00,0,0,false,false,TIMEOUT,accept,
gamma3,org,b.280,560,BRNGLR,280,280,0.00,0.00,0,0,false,false,TIMEOUT,accept,
gamma3,org,b.281,562,Leo,281,281,146741770.50,348854.00,24772608,10,true,true,OK,accept,true
gamma3,org,b.281,562,GLL,281,281,0.00,0.00,0,0,false,false,TIMEOUT,accept,
gamma3,org,b.281,562,RNGLR,281,281,0.00,0.00,0,0,false,false,TIMEOUT,accept,
gamma3,org,b.281,562,BRNGLR,281,281,0.00,0.00,0,0,false,false,TIMEOUT,accept,
gamma3,org,b.282,564,Leo,282,282,147590937.50,100354.00,24887296,10,true,true,OK,accept,true
gamma3,org,b.282,564,GLL,282,282,0.00,0.00,0,0,false,false,TIMEOUT,accept,
gamma3,org,b.282,564,RNGLR,282,282,0.00,0.00,0,0,false,false,TIMEOUT,accept,
gamma3,org,b.282,564,BRNGLR,282,282,0.00,0.00,0,0,false,false,TIMEOUT,accept,
gamma3,org,b.283,566,Leo,283,283,148732937.50,96791.50,24903680,10,true,true,OK,accept,true
gamma3,org,b.283,566,GLL,283,283,0.00,0.00,0,0,false,false,TIMEOUT,accept,
gamma3,org,b.283,566,RNGLR,283,283,0.00,0.00,0,0,false,false,TIMEOUT,accept,
gamma3,org,b.283,566,BRNGLR,283,283,0.00,0.00,0,0,false,false,TIMEOUT,accept,
gamma3,org,b.284,568,Leo,284,284,150307813.00,155542.00,25198592,10,true,true,OK,accept,true
gamma3,org,b.284,568,GLL,284,284,0.00,0.00,0,0,false,false,TIMEOUT,accept,
gamma3,org,b.284,568,RNGLR,284,284,0.00,0.00,0,0,false,false,TIMEOUT,accept,
gamma3,org,b.284,568,BRNGLR,284,284,0.00,0.00,0,0,false,false,TIMEOUT,accept,
gamma3,org,b.285,570,Leo,285,285,152528583.00,339687.50,25395200,10,true,true,OK,accept,true
gamma3,org,b.285,570,GLL,285,285,0.00,0.00,0,0,false,false,TIMEOUT,accept,
gamma3,org,b.285,570,RNGLR,285,285,0.00,0.00,0,0,false,false,TIMEOUT,accept,
gamma3,org,b.285,570,BRNGLR,285,285,0.00,0.00,0,0,false,false,TIMEOUT,accept,
gamma3,org,b.286,572,Leo,286,286,153376937.50,76271.00,25477120,10,true,true,OK,accept,true
gamma3,org,b.286,572,GLL,286,286,0.00,0.00,0,0,false,false,TIMEOUT,accept,
gamma3,org,b.286,572,RNGLR,286,286,0.00,0.00,0,0,false,false,TIMEOUT,accept,
gamma3,org,b.286,572,BRNGLR,286,286,0.00,0.00,0,0,false,false,TIMEOUT,accept,
gamma3,org,b.287,574,Leo,287,287,155598562.50,294895.50,25624576,10,true,true,OK,accept,true
gamma3,org,b.287,574,GLL,287,287,0.00,0.00,0,0,false,false,TIMEOUT,accept,
gamma3,org,b.287,574,RNGLR,287,287,0.00,0.00,0,0,false,false,TIMEOUT,accept,
gamma3,org,b.287,574,BRNGLR,287,287,0.00,0.00,0,0,false,false,TIMEOUT,accept,
gamma3,org,b.288,576,Leo,288,288,156673250.00,282624.50,25821184,10,true,true,OK,accept,true
gamma3,org,b.288,576,GLL,288,288,0.00,0.00,0,0,false,false,TIMEOUT,accept,
gamma3,org,b.288,576,RNGLR,288,288,0.00,0.00,0,0,false,false,TIMEOUT,accept,
gamma3,org,b.288,576,BRNGLR,288,288,0.00,0.00,0,0,false,false,TIMEOUT,accept,
gamma3,org,b.289,578,Leo,289,289,157992521.00,204312.50,25968640,10,true,true,OK,accept,true
gamma3,org,b.289,578,GLL,289,289,0.00,0.00,0,0,false,false,TIMEOUT,accept,
gamma3,org,b.289,578,RNGLR,289,289,0.00,0.00,0,0,false,false,TIMEOUT,accept,
gamma3,org,b.289,578,BRNGLR,289,289,0.00,0.00,0,0,false,false,TIMEOUT,accept,
gamma3,org,b.290,580,Leo,290,290,160258417.00,691562.50,26017792,10,true,true,OK,accept,true
gamma3,org,b.290,580,GLL,290,290,0.00,0.00,0,0,false,false,TIMEOUT,accept,
gamma3,org,b.290,580,RNGLR,290,290,0.00,0.00,0,0,false,false,TIMEOUT,accept,
gamma3,org,b.290,580,BRNGLR,290,290,0.00,0.00,0,0,false,false,TIMEOUT,accept,
gamma3,org,b.291,582,Leo,291,291,161188458.00,195979.50,26296320,10,true,true,OK,accept,true
gamma3,org,b.291,582,GLL,291,291,0.00,0.00,0,0,false,false,TIMEOUT,accept,
gamma3,org,b.291,582,RNGLR,291,291,0.00,0.00,0,0,false,false,TIMEOUT,accept,
gamma3,org,b.291,582,BRNGLR,291,291,0.00,0.00,0,0,false,false,TIMEOUT,accept,
gamma3,org,b.292,584,Leo,292,292,162840750.00,188375.00,26378240,10,true,true,OK,accept,true
gamma3,org,b.292,584,GLL,292,292,0.00,0.00,0,0,false,false,TIMEOUT,accept,
gamma3,org,b.292,584,RNGLR,292,292,0.00,0.00,0,0,false,false,TIMEOUT,accept,
gamma3,org,b.292,584,BRNGLR,292,292,0.00,0.00,0,0,false,false,TIMEOUT,accept,
gamma3,org,b.293,586,Leo,293,293,164819792.00,564021.00,26640384,10,true,true,OK,accept,true
gamma3,org,b.293,586,GLL,293,293,0.00,0.00,0,0,false,false,TIMEOUT,accept,
gamma3,org,b.293,586,RNGLR,293,293,0.00,0.00,0,0,false,false,TIMEOUT,accept,
gamma3,org,b.293,586,BRNGLR,293,293,0.00,0.00,0,0,false,false,TIMEOUT,accept,
gamma3,org,b.294,588,Leo,294,294,165501354.00,91083.00,26591232,10,true,true,OK,accept,true
gamma3,org,b.294,588,GLL,294,294,0.00,0.00,0,0,false,false,TIMEOUT,accept,
gamma3,org,b.294,588,RNGLR,294,294,0.00,0.00,0,0,false,false,TIMEOUT,accept,
gamma3,org,b.294,588,BRNGLR,294,294,0.00,0.00,0,0,false,false,TIMEOUT,accept,
gamma3,org,b.295,590,Leo,295,295,167674374.50,165375.00,26787840,10,true,true,OK,accept,true
gamma3,org,b.295,590,GLL,295,295,0.00,0.00,0,0,false,false,TIMEOUT,accept,
gamma3,org,b.295,590,RNGLR,295,295,0.00,0.00,0,0,false,false,TIMEOUT,accept,
gamma3,org,b.295,590,BRNGLR,295,295,0.00,0.00,0,0,false,false,TIMEOUT,accept,
gamma3,org,b.296,592,Leo,296,296,169037916.50,276687.50,26787840,10,true,true,OK,accept,true
gamma3,org,b.296,592,GLL,296,296,0.00,0.00,0,0,false,false,TIMEOUT,accept,
gamma3,org,b.296,592,RNGLR,296,296,0.00,0.00,0,0,false,false,TIMEOUT,accept,
gamma3,org,b.296,592,BRNGLR,296,296,0.00,0.00,0,0,false,false,TIMEOUT,accept,
gamma3,org,b.297,594,Leo,297,297,170397083.00,178083.00,27033600,10,true,true,OK,accept,true
gamma3,org,b.297,594,GLL,297,297,0.00,0.00,0,0,false,false,TIMEOUT,accept,
gamma3,org,b.297,594,RNGLR,297,297,0.00,0.00,0,0,false,false,TIMEOUT,accept,
gamma3,org,b.297,594,BRNGLR,297,297,0.00,0.00,0,0,false,false,TIMEOUT,accept,
gamma3,org,b.298,596,Leo,298,298,171971416.50,124500.00,27164672,10,true,true,OK,accept,true
gamma3,org,b.298,596,GLL,298,298,0.00,0.00,0,0,false,false,TIMEOUT,accept,
gamma3,org,b.298,596,RNGLR,298,298,0.00,0.00,0,0,false,false,TIMEOUT,accept,
gamma3,org,b.298,596,BRNGLR,298,298,0.00,0.00,0,0,false,false,TIMEOUT,accept,
gamma3,org,b.299,598,Leo,299,299,174043104.50,354729.00,27541504,10,true,true,OK,accept,true
gamma3,org,b.299,598,GLL,299,299,0.00,0.00,0,0,false,false,TIMEOUT,accept,
gamma3,org,b.299,598,RNGLR,299,299,0.00,0.00,0,0,false,false,TIMEOUT,accept,
gamma3,org,b.299,598,BRNGLR,299,299,0.00,0.00,0,0,false,false,TIMEOUT,accept,
gamma3,org,b.300,600,Leo,300,300,176101229.50,81916.50,27607040,10,true,true,OK,accept,true
gamma3,org,b.300,600,GLL,300,300,0.00,0.00,0,0,false,false,TIMEOUT,accept,
gamma3,org,b.300,600,RNGLR,300,300,0.00,0.00,0,0,false,false,TIMEOUT,accept,
gamma3,org,b.300,600,BRNGLR,300,300,0.00,0.00,0,0,false,false,TIMEOUT,accept,
