language,size_category,file,bytes,parser,input_length,token_count,median_time_ns,mad_ns,peak_memory_bytes,iterations,recognized,parse_correct,status
java_tree,XS,XS_s513232544.java,212,TreeSitterJava,55,55,21188.00,458.50,16384,20,true,true,OK
java_tree,XS,XS_s513232544.java,212,Leo,55,55,819437.50,13333.50,32768,20,true,true,OK
java_tree,XS,XS_s513232544.java,212,GLL,55,55,1294042.00,12646.00,16384,20,true,true,OK
java_tree,XS,XS_s513232544.java,212,RNGLR,55,55,94771.50,1917.50,16384,20,true,true,OK
java_tree,XS,XS_s513232544.java,212,BRNGLR,55,55,100562.50,1875.00,16384,20,true,true,OK
java_tree,XS,XS_s204731801.java,176,TreeSitterJava,56,56,22500.00,83.50,16384,20,true,true,OK
java_tree,XS,XS_s204731801.java,176,Leo,56,56,909666.50,35958.00,16384,20,true,true,OK
java_tree,XS,XS_s204731801.java,176,GLL,56,56,1647875.00,85354.00,16384,20,true,true,OK
java_tree,XS,XS_s204731801.java,176,RNGLR,56,56,106354.50,2229.00,16384,20,true,true,OK
java_tree,XS,XS_s204731801.java,176,BRNGLR,56,56,107229.00,4874.50,16384,20,true,true,OK
java_tree,XS,XS_s958070037.java,194,TreeSitterJava,57,57,21812.50,292.00,16384,20,true,true,OK
java_tree,XS,XS_s958070037.java,194,Leo,57,57,862854.50,16917.00,16384,20,true,true,OK
java_tree,XS,XS_s958070037.java,194,GLL,57,57,1467958.50,30229.00,16384,20,true,true,OK
java_tree,XS,XS_s958070037.java,194,RNGLR,57,57,105708.50,1875.50,16384,20,true,true,OK
java_tree,XS,XS_s958070037.java,194,BRNGLR,57,57,107291.50,2208.50,16384,20,true,true,OK
java_tree,XS,XS_s867385096.java,221,TreeSitterJava,57,57,22125.50,208.50,16384,20,true,true,OK
java_tree,XS,XS_s867385096.java,221,Leo,57,57,782479.00,15396.00,16384,20,true,true,OK
java_tree,XS,XS_s867385096.java,221,GLL,57,57,956874.50,7603.50,16384,20,true,true,OK
java_tree,XS,XS_s867385096.java,221,RNGLR,57,57,97708.50,1708.00,16384,20,true,true,OK
java_tree,XS,XS_s867385096.java,221,BRNGLR,57,57,101062.00,1229.50,16384,20,true,true,OK
java_tree,XS,XS_s634641056.java,207,TreeSitterJava,58,58,23083.50,208.00,16384,20,true,true,OK
java_tree,XS,XS_s634641056.java,207,Leo,58,58,868958.00,20021.00,16384,20,true,true,OK
java_tree,XS,XS_s634641056.java,207,GLL,58,58,1332791.50,36187.00,16384,20,true,true,OK
java_tree,XS,XS_s634641056.java,207,RNGLR,58,58,99916.50,1688.00,16384,20,true,true,OK
java_tree,XS,XS_s634641056.java,207,BRNGLR,58,58,105604.50,2916.50,32768,20,true,true,OK
java_tree,XS,XS_s458808332.java,190,TreeSitterJava,63,63,24291.50,375.00,16384,20,true,true,OK
java_tree,XS,XS_s458808332.java,190,Leo,63,63,1010521.00,29521.00,16384,20,true,true,OK
java_tree,XS,XS_s458808332.java,190,GLL,63,63,1776708.50,65396.00,16384,20,true,true,OK
java_tree,XS,XS_s458808332.java,190,RNGLR,63,63,115709.00,3355.00,16384,20,true,true,OK
java_tree,XS,XS_s458808332.java,190,BRNGLR,63,63,119479.00,7895.50,16384,20,true,true,OK
java_tree,XS,XS_s573981703.java,198,TreeSitterJava,64,64,24166.50,83.50,0,20,true,true,OK
java_tree,XS,XS_s573981703.java,198,Leo,64,64,994646.00,16958.00,16384,20,true,true,OK
java_tree,XS,XS_s573981703.java,198,GLL,64,64,1618062.50,11916.50,16384,20,true,true,OK
java_tree,XS,XS_s573981703.java,198,RNGLR,64,64,111646.00,1479.00,16384,20,true,true,OK
java_tree,XS,XS_s573981703.java,198,BRNGLR,64,64,110521.00,3146.50,16384,20,true,true,OK
java_tree,XS,XS_s830819601.java,205,TreeSitterJava,64,64,24396.00,146.00,16384,20,true,true,OK
java_tree,XS,XS_s830819601.java,205,Leo,64,64,983854.00,10437.50,16384,20,true,true,OK
java_tree,XS,XS_s830819601.java,205,GLL,64,64,1631521.00,67187.50,16384,20,true,true,OK
java_tree,XS,XS_s830819601.java,205,RNGLR,64,64,108063.00,1750.00,16384,20,true,true,OK
java_tree,XS,XS_s830819601.java,205,BRNGLR,64,64,116853.50,6978.50,16384,20,true,true,OK
java_tree,XS,XS_s835249836.java,231,TreeSitterJava,64,64,27500.00,437.50,16384,20,true,true,OK
java_tree,XS,XS_s835249836.java,231,Leo,64,64,1059812.50,51229.50,16384,20,true,true,OK
java_tree,XS,XS_s835249836.java,231,GLL,64,64,1870728.50,187708.50,16384,20,true,true,OK
java_tree,XS,XS_s835249836.java,231,RNGLR,64,64,223563.00,79562.50,0,20,true,true,OK
java_tree,XS,XS_s835249836.java,231,BRNGLR,64,64,130916.50,15625.00,16384,20,true,true,OK
java_tree,XS,XS_s917777898.java,217,TreeSitterJava,66,66,28625.00,646.00,0,20,true,true,OK
java_tree,XS,XS_s917777898.java,217,Leo,66,66,1125604.00,43208.50,16384,20,true,true,OK
java_tree,XS,XS_s917777898.java,217,GLL,66,66,1770417.00,54375.50,16384,20,true,true,OK
java_tree,XS,XS_s917777898.java,217,RNGLR,66,66,134229.00,9646.00,16384,20,true,true,OK
java_tree,XS,XS_s917777898.java,217,BRNGLR,66,66,110125.00,3041.50,16384,20,true,true,OK
java_tree,XS,XS_s906578282.java,211,TreeSitterJava,67,67,26291.50,542.00,16384,20,true,true,OK
java_tree,XS,XS_s906578282.java,211,Leo,67,67,1107229.00,20770.50,16384,20,true,true,OK
java_tree,XS,XS_s906578282.java,211,GLL,67,67,2347854.00,96604.00,16384,20,true,true,OK
java_tree,XS,XS_s906578282.java,211,RNGLR,67,67,139187.50,1854.50,16384,20,true,true,OK
java_tree,XS,XS_s906578282.java,211,BRNGLR,67,67,150999.50,5020.00,16384,20,true,true,OK
java_tree,XS,XS_s530789582.java,236,TreeSitterJava,67,67,27125.50,541.00,0,20,true,true,OK
java_tree,XS,XS_s530789582.java,236,Leo,67,67,1125125.50,69375.50,16384,20,true,true,OK
java_tree,XS,XS_s530789582.java,236,GLL,67,67,1716437.50,18729.00,16384,20,true,true,OK
java_tree,XS,XS_s530789582.java,236,RNGLR,67,67,110395.50,2312.00,16384,20,true,true,OK
java_tree,XS,XS_s530789582.java,236,BRNGLR,67,67,112417.00,3770.50,16384,20,true,true,OK
java_tree,XS,XS_s046891472.java,185,TreeSitterJava,68,68,25958.50,166.50,16384,20,true,true,OK
java_tree,XS,XS_s046891472.java,185,Leo,68,68,1280271.00,11896.00,131072,20,true,true,OK
java_tree,XS,XS_s046891472.java,185,GLL,68,68,2557604.50,32729.50,16384,20,true,true,OK
java_tree,XS,XS_s046891472.java,185,RNGLR,68,68,124416.50,1375.00,16384,20,true,true,OK
java_tree,XS,XS_s046891472.java,185,BRNGLR,68,68,134646.00,2937.00,16384,20,true,true,OK
java_tree,XS,XS_s317535690.java,224,TreeSitterJava,70,70,27395.50,416.50,16384,20,true,true,OK
java_tree,XS,XS_s317535690.java,224,Leo,70,70,1095604.50,6396.00,16384,20,true,true,OK
java_tree,XS,XS_s317535690.java,224,GLL,70,70,2168167.00,88354.00,16384,20,true,true,OK
java_tree,XS,XS_s317535690.java,224,RNGLR,70,70,130250.00,6208.50,16384,20,true,true,OK
java_tree,XS,XS_s317535690.java,224,BRNGLR,70,70,129291.50,5125.00,0,20,true,true,OK
java_tree,XS,XS_s292089834.java,233,TreeSitterJava,70,70,28541.50,187.50,16384,20,true,true,OK
java_tree,XS,XS_s292089834.java,233,Leo,70,70,1108479.00,30521.00,16384,20,true,true,OK
java_tree,XS,XS_s292089834.java,233,GLL,70,70,1989687.50,80250.00,16384,20,true,true,OK
java_tree,XS,XS_s292089834.java,233,RNGLR,70,70,115875.00,1271.00,16384,20,true,true,OK
java_tree,XS,XS_s292089834.java,233,BRNGLR,70,70,123479.00,1625.00,16384,20,true,true,OK
java_tree,XS,XS_s601808036.java,241,TreeSitterJava,71,71,29771.00,792.00,16384,20,true,true,OK
java_tree,XS,XS_s601808036.java,241,Leo,71,71,1100437.50,10270.50,16384,20,true,true,OK
java_tree,XS,XS_s601808036.java,241,GLL,71,71,1853417.00,22209.00,16384,20,true,true,OK
java_tree,XS,XS_s601808036.java,241,RNGLR,71,71,119083.00,4812.50,16384,20,true,true,OK
java_tree,XS,XS_s601808036.java,241,BRNGLR,71,71,117166.50,3145.50,16384,20,true,true,OK
java_tree,XS,XS_s232012701.java,294,TreeSitterJava,73,73,28791.50,187.50,16384,20,true,true,OK
java_tree,XS,XS_s232012701.java,294,Leo,73,73,1241021.00,8687.50,16384,20,true,true,OK
java_tree,XS,XS_s232012701.java,294,GLL,73,73,1707541.50,12583.50,16384,20,true,true,OK
java_tree,XS,XS_s232012701.java,294,RNGLR,73,73,117979.50,5250.00,16384,20,true,true,OK
java_tree,XS,XS_s232012701.java,294,BRNGLR,73,73,132854.50,8709.00,16384,20,true,true,OK
java_tree,XS,XS_s150725975.java,197,TreeSitterJava,76,76,30354.50,708.00,0,20,true,true,OK
java_tree,XS,XS_s150725975.java,197,Leo,76,76,1466874.50,19249.50,16384,20,true,true,OK
java_tree,XS,XS_s150725975.java,197,GLL,76,76,3184229.50,46708.00,16384,20,true,true,OK
java_tree,XS,XS_s150725975.java,197,RNGLR,76,76,129916.50,2021.00,16384,20,true,true,OK
java_tree,XS,XS_s150725975.java,197,BRNGLR,76,76,142208.00,5874.50,16384,20,true,true,OK
java_tree,XS,XS_s295967277.java,225,TreeSitterJava,76,76,30812.50,458.00,16384,20,true,true,OK
java_tree,XS,XS_s295967277.java,225,Leo,76,76,1243521.00,5187.50,16384,20,true,true,OK
java_tree,XS,XS_s295967277.java,225,GLL,76,76,2399979.50,19812.50,16384,20,true,true,OK
java_tree,XS,XS_s295967277.java,225,RNGLR,76,76,120188.00,2333.00,16384,20,true,true,OK
java_tree,XS,XS_s295967277.java,225,BRNGLR,76,76,125604.00,2520.50,16384,20,true,true,OK
java_tree,XS,XS_s190486388.java,245,TreeSitterJava,76,76,32145.50,2270.50,16384,20,true,true,OK
java_tree,XS,XS_s190486388.java,245,Leo,76,76,1368729.00,62750.00,16384,20,true,true,OK
java_tree,XS,XS_s190486388.java,245,GLL,76,76,2278146.00,31375.00,16384,20,true,true,OK
java_tree,XS,XS_s190486388.java,245,RNGLR,76,76,127916.50,2416.50,16384,20,true,true,OK
java_tree,XS,XS_s190486388.java,245,BRNGLR,76,76,129937.00,5166.00,16384,20,true,true,OK
java_tree,XS,XS_s146803299.java,281,TreeSitterJava,78,78,31375.00,520.50,16384,20,true,true,OK
java_tree,XS,XS_s146803299.java,281,Leo,78,78,1241437.00,16999.50,32768,20,true,true,OK
java_tree,XS,XS_s146803299.java,281,GLL,78,78,2091021.00,60021.00,16384,20,true,true,OK
java_tree,XS,XS_s146803299.java,281,RNGLR,78,78,120479.50,2375.50,16384,20,true,true,OK
java_tree,XS,XS_s146803299.java,281,BRNGLR,78,78,130937.00,5521.50,16384,20,true,true,OK
java_tree,XS,XS_s173324559.java,245,TreeSitterJava,79,79,30312.50,625.00,16384,20,true,true,OK
java_tree,XS,XS_s173324559.java,245,Leo,79,79,1370208.00,49208.00,16384,20,true,true,OK
java_tree,XS,XS_s173324559.java,245,GLL,79,79,2838208.50,119895.50,16384,20,true,true,OK
java_tree,XS,XS_s173324559.java,245,RNGLR,79,79,135812.00,3875.00,16384,20,true,true,OK
java_tree,XS,XS_s173324559.java,245,BRNGLR,79,79,146333.50,10479.00,16384,20,true,true,OK
java_tree,XS,XS_s626099913.java,247,TreeSitterJava,79,79,30979.50,625.50,16384,20,true,true,OK
java_tree,XS,XS_s626099913.java,247,Leo,79,79,1260729.00,25208.00,16384,20,true,true,OK
java_tree,XS,XS_s626099913.java,247,GLL,79,79,2323708.00,42083.00,16384,20,true,true,OK
java_tree,XS,XS_s626099913.java,247,RNGLR,79,79,122708.50,1916.50,16384,20,true,true,OK
java_tree,XS,XS_s626099913.java,247,BRNGLR,79,79,126229.50,2604.50,16384,20,true,true,OK
java_tree,XS,XS_s480566603.java,254,TreeSitterJava,79,79,34021.00,1229.00,16384,20,true,true,OK
java_tree,XS,XS_s480566603.java,254,Leo,79,79,1186604.50,8917.00,16384,20,true,true,OK
java_tree,XS,XS_s480566603.java,254,GLL,79,79,2305333.00,30583.00,16384,20,true,true,OK
java_tree,XS,XS_s480566603.java,254,RNGLR,79,79,129958.50,2583.50,16384,20,true,true,OK
java_tree,XS,XS_s480566603.java,254,BRNGLR,79,79,131833.50,5104.00,16384,20,true,true,OK
java_tree,XS,XS_s958520081.java,268,TreeSitterJava,82,82,31541.50,229.00,16384,20,true,true,OK
java_tree,XS,XS_s958520081.java,268,Leo,82,82,1263709.00,19251.00,16384,20,true,true,OK
java_tree,XS,XS_s958520081.java,268,GLL,82,82,2563208.50,42625.50,16384,20,true,true,OK
java_tree,XS,XS_s958520081.java,268,RNGLR,82,82,124020.50,2125.00,16384,20,true,true,OK
java_tree,XS,XS_s958520081.java,268,BRNGLR,82,82,128500.00,2000.00,16384,20,true,true,OK
java_tree,XS,XS_s854756844.java,272,TreeSitterJava,83,83,36874.50,1687.00,16384,20,true,true,OK
java_tree,XS,XS_s854756844.java,272,Leo,83,83,1315687.50,9750.00,16384,20,true,true,OK
java_tree,XS,XS_s854756844.java,272,GLL,83,83,2574750.00,22666.50,16384,20,true,true,OK
java_tree,XS,XS_s854756844.java,272,RNGLR,83,83,130812.50,5666.50,16384,20,true,true,OK
java_tree,XS,XS_s854756844.java,272,BRNGLR,83,83,132333.50,2229.50,16384,20,true,true,OK
java_tree,XS,XS_s247457532.java,286,TreeSitterJava,83,83,31667.00,312.50,16384,20,true,true,OK
java_tree,XS,XS_s247457532.java,286,Leo,83,83,1203895.50,26750.00,16384,20,true,true,OK
java_tree,XS,XS_s247457532.java,286,GLL,83,83,1685270.50,59937.50,16384,20,true,true,OK
java_tree,XS,XS_s247457532.java,286,RNGLR,83,83,133021.50,2770.50,16384,20,true,true,OK
java_tree,XS,XS_s247457532.java,286,BRNGLR,83,83,134937.00,9208.50,16384,20,true,true,OK
java_tree,XS,XS_s208500276.java,321,TreeSitterJava,83,83,31479.50,333.00,16384,20,true,true,OK
java_tree,XS,XS_s208500276.java,321,Leo,83,83,1458437.50,26312.50,114688,20,true,true,OK
java_tree,XS,XS_s208500276.java,321,GLL,83,83,2293521.00,39563.00,16384,20,true,true,OK
java_tree,XS,XS_s208500276.java,321,RNGLR,83,83,127270.50,3250.50,16384,20,true,true,OK
java_tree,XS,XS_s208500276.java,321,BRNGLR,83,83,130729.50,4354.00,16384,20,true,true,OK
java_tree,XS,XS_s198634952.java,329,TreeSitterJava,83,83,32770.50,83.00,0,20,true,true,OK
java_tree,XS,XS_s198634952.java,329,Leo,83,83,1380104.50,10854.50,16384,20,true,true,OK
java_tree,XS,XS_s198634952.java,329,GLL,83,83,2228125.00,144250.50,16384,20,true,true,OK
java_tree,XS,XS_s198634952.java,329,RNGLR,83,83,138646.00,5749.50,0,20,true,true,OK
java_tree,XS,XS_s198634952.java,329,BRNGLR,83,83,143854.50,5771.00,16384,20,true,true,OK
java_tree,XS,XS_s449791855.java,244,TreeSitterJava,84,84,40312.50,5770.50,0,20,true,true,OK
java_tree,XS,XS_s449791855.java,244,Leo,84,84,2677313.00,1002459.00,16384,20,true,true,OK
java_tree,XS,XS_s449791855.java,244,GLL,84,84,4021937.50,1123562.50,16384,20,true,true,OK
java_tree,XS,XS_s449791855.java,244,RNGLR,84,84,158771.50,11646.50,16384,20,true,true,OK
java_tree,XS,XS_s449791855.java,244,BRNGLR,84,84,185479.00,42375.50,16384,20,true,true,OK
java_tree,XS,XS_s638592524.java,261,TreeSitterJava,84,84,36208.50,1355.00,16384,20,true,true,OK
java_tree,XS,XS_s638592524.java,261,Leo,84,84,1511646.00,122687.50,16384,20,true,true,OK
java_tree,XS,XS_s638592524.java,261,GLL,84,84,2814604.50,203771.50,16384,20,true,true,OK
java_tree,XS,XS_s638592524.java,261,RNGLR,84,84,146833.50,10021.00,16384,20,true,true,OK
java_tree,XS,XS_s638592524.java,261,BRNGLR,84,84,381104.00,83166.50,16384,20,true,true,OK
java_tree,XS,XS_s400941605.java,265,TreeSitterJava,85,85,36604.00,1333.00,16384,20,true,true,OK
java_tree,XS,XS_s400941605.java,265,Leo,85,85,1585187.50,72542.00,16384,20,true,true,OK
java_tree,XS,XS_s400941605.java,265,GLL,85,85,2505125.00,184917.00,16384,20,true,true,OK
java_tree,XS,XS_s400941605.java,265,RNGLR,85,85,145312.50,4312.50,16384,20,true,true,OK
java_tree,XS,XS_s400941605.java,265,BRNGLR,85,85,149479.50,4271.00,16384,20,true,true,OK
java_tree,XS,XS_s244590649.java,342,TreeSitterJava,86,86,36937.50,1042.00,16384,20,true,true,OK
java_tree,XS,XS_s244590649.java,342,Leo,86,86,1589792.00,59583.50,16384,20,true,true,OK
java_tree,XS,XS_s244590649.java,342,GLL,86,86,3389625.00,30625.00,16384,20,true,true,OK
java_tree,XS,XS_s244590649.java,342,RNGLR,86,86,146916.50,2021.00,16384,20,true,true,OK
java_tree,XS,XS_s244590649.java,342,BRNGLR,86,86,153687.50,2729.00,16384,20,true,true,OK
java_tree,XS,XS_s901148503.java,349,TreeSitterJava,89,89,37249.50,978.50,0,20,true,true,OK
java_tree,XS,XS_s901148503.java,349,Leo,89,89,1631291.50,75750.00,16384,20,true,true,OK
java_tree,XS,XS_s901148503.java,349,GLL,89,89,2586708.50,120771.00,16384,20,true,true,OK
java_tree,XS,XS_s901148503.java,349,RNGLR,89,89,143666.50,7062.50,16384,20,true,true,OK
java_tree,XS,XS_s901148503.java,349,BRNGLR,89,89,144791.50,3874.50,16384,20,true,true,OK
java_tree,S,S_s408359241.java,337,TreeSitterJava,91,91,38438.00,771.00,16384,20,true,true,OK
java_tree,S,S_s408359241.java,337,Leo,91,91,1779375.00,69312.50,16384,20,true,true,OK
java_tree,S,S_s408359241.java,337,GLL,91,91,2389062.50,62563.00,16384,20,true,true,OK
java_tree,S,S_s408359241.java,337,RNGLR,91,91,132833.50,1812.50,16384,20,true,true,OK
java_tree,S,S_s408359241.java,337,BRNGLR,91,91,147333.50,2125.50,16384,20,true,true,OK
java_tree,S,S_s163765796.java,286,TreeSitterJava,92,92,38250.00,1062.50,16384,20,true,true,OK
java_tree,S,S_s163765796.java,286,Leo,92,92,1691645.50,68083.00,16384,20,true,true,OK
java_tree,S,S_s163765796.java,286,GLL,92,92,2485146.00,19479.00,16384,20,true,true,OK
java_tree,S,S_s163765796.java,286,RNGLR,92,92,141875.00,2542.00,16384,20,true,true,OK
java_tree,S,S_s163765796.java,286,BRNGLR,92,92,146937.50,4104.00,16384,20,true,true,OK
java_tree,XS,XS_s951778685.java,340,TreeSitterJava,92,92,38583.00,229.00,16384,20,true,true,OK
java_tree,XS,XS_s951778685.java,340,Leo,92,92,1679333.50,69542.00,16384,20,true,true,OK
java_tree,XS,XS_s951778685.java,340,GLL,92,92,2434333.00,68166.50,16384,20,true,true,OK
java_tree,XS,XS_s951778685.java,340,RNGLR,92,92,136083.50,3000.00,16384,20,true,true,OK
java_tree,XS,XS_s951778685.java,340,BRNGLR,92,92,150334.00,6354.00,16384,20,true,true,OK
java_tree,XS,XS_s639534021.java,257,TreeSitterJava,93,93,38125.50,1021.00,0,20,true,true,OK
java_tree,XS,XS_s639534021.java,257,Leo,93,93,1481645.50,39729.00,16384,20,true,true,OK
java_tree,XS,XS_s639534021.java,257,GLL,93,93,2839396.00,45875.00,16384,20,true,true,OK
java_tree,XS,XS_s639534021.java,257,RNGLR,93,93,146458.50,1958.50,16384,20,true,true,OK
java_tree,XS,XS_s639534021.java,257,BRNGLR,93,93,150021.00,6458.00,16384,20,true,true,OK
java_tree,XS,XS_s030380294.java,300,TreeSitterJava,93,93,36125.00,250.00,16384,20,true,true,OK
java_tree,XS,XS_s030380294.java,300,Leo,93,93,1566708.50,64979.00,16384,20,true,true,OK
java_tree,XS,XS_s030380294.java,300,GLL,93,93,3163458.50,42187.50,16384,20,true,true,OK
java_tree,XS,XS_s030380294.java,300,RNGLR,93,93,143458.00,2978.50,16384,20,true,true,OK
java_tree,XS,XS_s030380294.java,300,BRNGLR,93,93,150270.50,3354.50,16384,20,true,true,OK
java_tree,S,S_s982754558.java,310,TreeSitterJava,93,93,37354.00,646.00,16384,20,true,true,OK
java_tree,S,S_s982754558.java,310,Leo,93,93,1651167.00,27187.50,16384,20,true,true,OK
java_tree,S,S_s982754558.java,310,GLL,93,93,2749437.50,42854.50,16384,20,true,true,OK
java_tree,S,S_s982754558.java,310,RNGLR,93,93,137042.00,3874.50,16384,20,true,true,OK
java_tree,S,S_s982754558.java,310,BRNGLR,93,93,139959.00,1791.50,16384,20,true,true,OK
java_tree,S,S_s078748049.java,375,TreeSitterJava,93,93,34500.00,313.00,16384,20,true,true,OK
java_tree,S,S_s078748049.java,375,Leo,93,93,1484624.50,11645.00,16384,20,true,true,OK
java_tree,S,S_s078748049.java,375,GLL,93,93,2444875.50,42750.50,16384,20,true,true,OK
java_tree,S,S_s078748049.java,375,RNGLR,93,93,137729.50,3313.00,16384,20,true,true,OK
java_tree,S,S_s078748049.java,375,BRNGLR,93,93,145541.50,6124.50,16384,20,true,true,OK
java_tree,XS,XS_s119836700.java,322,TreeSitterJava,94,94,38125.00,729.00,16384,20,true,true,OK
java_tree,XS,XS_s119836700.java,322,Leo,94,94,1649291.50,51979.00,16384,20,true,true,OK
java_tree,XS,XS_s119836700.java,322,GLL,94,94,2601666.00,29770.00,16384,20,true,true,OK
java_tree,XS,XS_s119836700.java,322,RNGLR,94,94,144458.50,2312.50,16384,20,true,true,OK
java_tree,XS,XS_s119836700.java,322,BRNGLR,94,94,154312.50,2250.50,16384,20,true,true,OK
java_tree,XS,XS_s913096469.java,269,TreeSitterJava,95,95,42479.50,1333.50,16384,20,true,true,OK
java_tree,XS,XS_s913096469.java,269,Leo,95,95,1561146.00,6250.00,16384,20,true,true,OK
java_tree,XS,XS_s913096469.java,269,GLL,95,95,3435791.50,151854.50,16384,20,true,true,OK
java_tree,XS,XS_s913096469.java,269,RNGLR,95,95,169354.50,3541.50,16384,20,true,true,OK
java_tree,XS,XS_s913096469.java,269,BRNGLR,95,95,181125.00,2500.00,16384,20,true,true,OK
java_tree,XS,XS_s558062435.java,299,TreeSitterJava,95,95,37666.00,771.00,16384,20,true,true,OK
java_tree,XS,XS_s558062435.java,299,Leo,95,95,1665166.50,42333.50,16384,20,true,true,OK
java_tree,XS,XS_s558062435.java,299,GLL,95,95,2841791.50,36146.00,16384,20,true,true,OK
java_tree,XS,XS_s558062435.java,299,RNGLR,95,95,146624.50,3062.00,16384,20,true,true,OK
java_tree,XS,XS_s558062435.java,299,BRNGLR,95,95,145375.00,2875.00,16384,20,true,true,OK
java_tree,XS,XS_s030362259.java,410,TreeSitterJava,95,95,39312.50,1000.00,16384,20,true,true,OK
java_tree,XS,XS_s030362259.java,410,Leo,95,95,1600021.00,22270.50,16384,20,true,true,OK
java_tree,XS,XS_s030362259.java,410,GLL,95,95,2790103.50,197333.00,16384,20,true,true,OK
java_tree,XS,XS_s030362259.java,410,RNGLR,95,95,138874.50,2937.00,16384,20,true,true,OK
java_tree,XS,XS_s030362259.java,410,BRNGLR,95,95,140354.50,1937.50,16384,20,true,true,OK
java_tree,XS,XS_s444003933.java,252,TreeSitterJava,96,96,37396.00,562.50,16384,20,true,true,OK
java_tree,XS,XS_s444003933.java,252,Leo,96,96,1557083.50,26104.50,16384,20,true,true,OK
java_tree,XS,XS_s444003933.java,252,GLL,96,96,3291792.00,60229.50,16384,20,true,true,OK
java_tree,XS,XS_s444003933.java,252,RNGLR,96,96,149104.00,1583.00,16384,20,true,true,OK
java_tree,XS,XS_s444003933.java,252,BRNGLR,96,96,154375.00,3646.00,16384,20,true,true,OK
java_tree,XS,XS_s571847024.java,288,TreeSitterJava,96,96,36604.50,396.00,16384,20,true,true,OK
java_tree,XS,XS_s571847024.java,288,Leo,96,96,1507042.00,23583.50,16384,20,true,true,OK
java_tree,XS,XS_s571847024.java,288,GLL,96,96,2659417.00,59062.50,16384,20,true,true,OK
java_tree,XS,XS_s571847024.java,288,RNGLR,96,96,140458.50,1730.00,16384,20,true,true,OK
java_tree,XS,XS_s571847024.java,288,BRNGLR,96,96,141958.50,2895.50,16384,20,true,true,OK
java_tree,XS,XS_s001265455.java,369,TreeSitterJava,96,96,38292.00,938.00,16384,20,true,true,OK
java_tree,XS,XS_s001265455.java,369,Leo,96,96,1622146.00,32938.00,16384,20,true,true,OK
java_tree,XS,XS_s001265455.java,369,GLL,96,96,2547895.50,17708.00,16384,20,true,true,OK
java_tree,XS,XS_s001265455.java,369,RNGLR,96,96,138459.00,2416.50,16384,20,true,true,OK
java_tree,XS,XS_s001265455.java,369,BRNGLR,96,96,144479.00,2771.00,16384,20,true,true,OK
java_tree,XS,XS_s015706033.java,374,TreeSitterJava,98,98,39937.50,333.50,16384,20,true,true,OK
java_tree,XS,XS_s015706033.java,374,Leo,98,98,1888062.50,18187.50,32768,20,true,true,OK
java_tree,XS,XS_s015706033.java,374,GLL,98,98,3550333.50,57895.50,16384,20,true,true,OK
java_tree,XS,XS_s015706033.java,374,RNGLR,98,98,182792.00,5291.50,16384,20,true,true,OK
java_tree,XS,XS_s015706033.java,374,BRNGLR,98,98,190687.50,3229.00,16384,20,true,true,OK
java_tree,S,S_s151416358.java,441,TreeSitterJava,99,99,39083.50,187.50,0,20,true,true,OK
java_tree,S,S_s151416358.java,441,Leo,99,99,1712541.50,38312.00,16384,20,true,true,OK
java_tree,S,S_s151416358.java,441,GLL,99,99,3218812.50,65771.00,16384,20,true,true,OK
java_tree,S,S_s151416358.java,441,RNGLR,99,99,145583.50,2687.50,16384,20,true,true,OK
java_tree,S,S_s151416358.java,441,BRNGLR,99,99,153187.50,2396.00,16384,20,true,true,OK
java_tree,S,S_s711838205.java,330,TreeSitterJava,100,100,39562.50,708.00,0,20,true,true,OK
java_tree,S,S_s711838205.java,330,Leo,100,100,1662896.00,12125.00,16384,20,true,true,OK
java_tree,S,S_s711838205.java,330,GLL,100,100,2697020.50,87978.50,16384,20,true,true,OK
java_tree,S,S_s711838205.java,330,RNGLR,100,100,145333.50,4146.00,16384,20,true,true,OK
java_tree,S,S_s711838205.java,330,BRNGLR,100,100,151125.00,3062.50,16384,20,true,true,OK
java_tree,S,S_s977414233.java,355,TreeSitterJava,101,101,38750.00,229.00,16384,20,true,true,OK
java_tree,S,S_s977414233.java,355,Leo,101,101,1773687.50,43979.00,16384,20,true,true,OK
java_tree,S,S_s977414233.java,355,GLL,101,101,3241416.50,40312.50,16384,20,true,true,OK
java_tree,S,S_s977414233.java,355,RNGLR,101,101,148250.00,2083.50,16384,20,true,true,OK
java_tree,S,S_s977414233.java,355,BRNGLR,101,101,161250.00,5229.00,16384,20,true,true,OK
java_tree,XS,XS_s731346104.java,367,TreeSitterJava,103,103,42187.50,1020.50,16384,20,true,true,OK
java_tree,XS,XS_s731346104.java,367,Leo,103,103,1644749.50,10229.00,16384,20,true,true,OK
java_tree,XS,XS_s731346104.java,367,GLL,103,103,3201979.50,59813.00,16384,20,true,true,OK
java_tree,XS,XS_s731346104.java,367,RNGLR,103,103,148042.00,2999.50,16384,20,true,true,OK
java_tree,XS,XS_s731346104.java,367,BRNGLR,103,103,156312.50,2271.00,16384,20,true,true,OK
java_tree,S,S_s511528905.java,368,TreeSitterJava,106,106,45958.00,2291.50,16384,20,true,true,OK
java_tree,S,S_s511528905.java,368,Leo,106,106,1726895.50,21270.00,16384,20,true,true,OK
java_tree,S,S_s511528905.java,368,GLL,106,106,3635895.50,47916.00,16384,20,true,true,OK
java_tree,S,S_s511528905.java,368,RNGLR,106,106,149187.50,4166.50,16384,20,true,true,OK
java_tree,S,S_s511528905.java,368,BRNGLR,106,106,159541.50,5562.50,16384,20,true,true,OK
java_tree,XS,XS_s980565836.java,431,TreeSitterJava,116,116,46812.50,1333.50,16384,20,true,true,OK
java_tree,XS,XS_s980565836.java,431,Leo,116,116,1747125.00,36291.50,16384,20,true,true,OK
java_tree,XS,XS_s980565836.java,431,GLL,116,116,3370645.50,61479.50,16384,20,true,true,OK
java_tree,XS,XS_s980565836.java,431,RNGLR,116,116,178438.00,6125.00,16384,20,true,true,OK
java_tree,XS,XS_s980565836.java,431,BRNGLR,116,116,186562.00,2208.50,16384,20,true,true,OK
java_tree,S,S_s255815331.java,388,TreeSitterJava,119,119,47042.00,291.50,16384,20,true,true,OK
java_tree,S,S_s255815331.java,388,Leo,119,119,2136791.50,32146.00,114688,20,true,true,OK
java_tree,S,S_s255815331.java,388,GLL,119,119,3686271.00,53624.50,16384,20,true,true,OK
java_tree,S,S_s255815331.java,388,RNGLR,119,119,165250.00,3791.50,16384,20,true,true,OK
java_tree,S,S_s255815331.java,388,BRNGLR,119,119,179625.00,4624.50,16384,20,true,true,OK
java_tree,S,S_s961863388.java,449,TreeSitterJava,120,120,48146.00,250.00,16384,20,true,true,OK
java_tree,S,S_s961863388.java,449,Leo,120,120,2101979.00,58437.00,16384,20,true,true,OK
java_tree,S,S_s961863388.java,449,GLL,120,120,3393750.00,49021.00,16384,20,true,true,OK
java_tree,S,S_s961863388.java,449,RNGLR,120,120,171333.00,3791.50,16384,20,true,true,OK
java_tree,S,S_s961863388.java,449,BRNGLR,120,120,174979.00,3542.00,16384,20,true,true,OK
java_tree,XS,XS_s701531030.java,320,TreeSitterJava,121,121,47041.50,417.00,16384,20,true,true,OK
java_tree,XS,XS_s701531030.java,320,Leo,121,121,2551583.50,46396.00,49152,20,true,true,OK
java_tree,XS,XS_s701531030.java,320,GLL,121,121,5886667.00,284479.50,704512,20,true,true,OK
java_tree,XS,XS_s701531030.java,320,RNGLR,121,121,420125.00,8188.00,16384,20,true,true,OK
java_tree,XS,XS_s701531030.java,320,BRNGLR,121,121,451625.50,4562.50,16384,20,true,true,OK
java_tree,XS,XS_s578346318.java,390,TreeSitterJava,121,121,46896.00,1604.50,16384,20,true,true,OK
java_tree,XS,XS_s578346318.java,390,Leo,121,121,2136520.50,24291.50,16384,20,true,true,OK
java_tree,XS,XS_s578346318.java,390,GLL,121,121,4197146.00,65750.50,16384,20,true,true,OK
java_tree,XS,XS_s578346318.java,390,RNGLR,121,121,174625.00,3270.50,16384,20,true,true,OK
java_tree,XS,XS_s578346318.java,390,BRNGLR,121,121,175187.50,5479.00,16384,20,true,true,OK
java_tree,S,S_s805303013.java,449,TreeSitterJava,122,122,46666.50,1250.00,16384,20,true,true,OK
java_tree,S,S_s805303013.java,449,Leo,122,122,2005583.50,32312.50,16384,20,true,true,OK
java_tree,S,S_s805303013.java,449,GLL,122,122,3345479.50,43229.50,16384,20,true,true,OK
java_tree,S,S_s805303013.java,449,RNGLR,122,122,168979.00,4437.50,16384,20,true,true,OK
java_tree,S,S_s805303013.java,449,BRNGLR,122,122,176854.00,3729.00,16384,20,true,true,OK
java_tree,S,S_s292122123.java,411,TreeSitterJava,123,123,48229.00,333.50,16384,20,true,true,OK
java_tree,S,S_s292122123.java,411,Leo,123,123,2250020.50,21103.50,16384,20,true,true,OK
java_tree,S,S_s292122123.java,411,GLL,123,123,3654604.50,83854.50,16384,20,true,true,OK
java_tree,S,S_s292122123.java,411,RNGLR,123,123,176437.50,8771.00,16384,20,true,true,OK
java_tree,S,S_s292122123.java,411,BRNGLR,123,123,172270.50,3750.00,16384,20,true,true,OK
java_tree,XS,XS_s641717952.java,354,TreeSitterJava,125,125,48895.50,458.00,16384,20,true,true,OK
java_tree,XS,XS_s641717952.java,354,Leo,125,125,2195541.00,36124.50,16384,20,true,true,OK
java_tree,XS,XS_s641717952.java,354,GLL,125,125,4057604.50,120813.00,16384,20,true,true,OK
java_tree,XS,XS_s641717952.java,354,RNGLR,125,125,206666.50,4083.50,16384,20,true,true,OK
java_tree,XS,XS_s641717952.java,354,BRNGLR,125,125,235375.00,6875.00,16384,20,true,true,OK
java_tree,S,S_s818358286.java,418,TreeSitterJava,125,125,45645.50,520.50,16384,20,true,true,OK
java_tree,S,S_s818358286.java,418,Leo,125,125,2295500.00,73062.00,16384,20,true,true,OK
java_tree,S,S_s818358286.java,418,GLL,125,125,3669166.50,95375.50,16384,20,true,true,OK
java_tree,S,S_s818358286.java,418,RNGLR,125,125,171708.50,3167.00,16384,20,true,true,OK
java_tree,S,S_s818358286.java,418,BRNGLR,125,125,181583.50,1625.50,16384,20,true,true,OK
java_tree,M,M_s407442474.java,470,TreeSitterJava,126,126,50104.50,333.00,16384,20,true,true,OK
java_tree,M,M_s407442474.java,470,Leo,126,126,2236583.50,42896.50,16384,20,true,true,OK
java_tree,M,M_s407442474.java,470,GLL,126,126,4391875.00,103542.00,16384,20,true,true,OK
java_tree,M,M_s407442474.java,470,RNGLR,126,126,180396.00,1687.00,16384,20,true,true,OK
java_tree,M,M_s407442474.java,470,BRNGLR,126,126,199729.00,7416.50,16384,20,true,true,OK
java_tree,S,S_s130300570.java,462,TreeSitterJava,128,128,51625.00,395.50,16384,20,true,true,OK
java_tree,S,S_s130300570.java,462,Leo,128,128,2388938.00,29896.50,16384,20,true,true,OK
java_tree,S,S_s130300570.java,462,GLL,128,128,3884979.00,41791.50,16384,20,true,true,OK
java_tree,S,S_s130300570.java,462,RNGLR,128,128,182937.50,1354.00,16384,20,true,true,OK
java_tree,S,S_s130300570.java,462,BRNGLR,128,128,195375.00,1333.50,16384,20,true,true,OK
java_tree,S,S_s637681489.java,432,TreeSitterJava,133,133,56396.00,2791.50,16384,20,true,true,OK
java_tree,S,S_s637681489.java,432,Leo,133,133,2501729.50,78458.50,16384,20,true,true,OK
java_tree,S,S_s637681489.java,432,GLL,133,133,4964166.50,134833.00,16384,20,true,true,OK
java_tree,S,S_s637681489.java,432,RNGLR,133,133,233646.00,9187.50,16384,20,true,true,OK
java_tree,S,S_s637681489.java,432,BRNGLR,133,133,237729.50,4770.50,16384,20,true,true,OK
java_tree,S,S_s337273069.java,746,TreeSitterJava,137,137,57541.00,457.50,16384,20,true,true,OK
java_tree,S,S_s337273069.java,746,Leo,137,137,2082229.50,15959.00,32768,20,true,true,OK
java_tree,S,S_s337273069.java,746,GLL,137,137,3650979.00,70479.00,16384,20,true,true,OK
java_tree,S,S_s337273069.java,746,RNGLR,137,137,189292.00,3000.50,16384,20,true,true,OK
java_tree,S,S_s337273069.java,746,BRNGLR,137,137,211770.50,10145.50,16384,20,true,true,OK
java_tree,S,S_s728598030.java,539,TreeSitterJava,138,138,58875.00,2417.00,16384,20,true,true,OK
java_tree,S,S_s728598030.java,539,Leo,138,138,2459208.50,22333.50,16384,20,true,true,OK
java_tree,S,S_s728598030.java,539,GLL,138,138,5001750.50,86125.00,16384,20,true,true,OK
java_tree,S,S_s728598030.java,539,RNGLR,138,138,204917.00,3875.00,16384,20,true,true,OK
java_tree,S,S_s728598030.java,539,BRNGLR,138,138,267771.00,15292.00,16384,20,true,true,OK
java_tree,S,S_s050716293.java,392,TreeSitterJava,141,141,57708.00,2041.00,16384,20,true,true,OK
java_tree,S,S_s050716293.java,392,Leo,141,141,2558750.00,55271.50,16384,20,true,true,OK
java_tree,S,S_s050716293.java,392,GLL,141,141,5572791.50,95729.00,16384,20,true,true,OK
java_tree,S,S_s050716293.java,392,RNGLR,141,141,222521.00,4395.50,16384,20,true,true,OK
java_tree,S,S_s050716293.java,392,BRNGLR,141,141,236979.00,6145.50,16384,20,true,true,OK
java_tree,S,S_s555402804.java,446,TreeSitterJava,141,141,55979.50,1125.50,16384,20,true,true,OK
java_tree,S,S_s555402804.java,446,Leo,141,141,2674083.00,56625.00,81920,20,true,true,OK
java_tree,S,S_s555402804.java,446,GLL,141,141,5740771.00,130812.00,16384,20,true,true,OK
java_tree,S,S_s555402804.java,446,RNGLR,141,141,224292.00,7792.00,16384,20,true,true,OK
java_tree,S,S_s555402804.java,446,BRNGLR,141,141,229187.00,2916.00,16384,20,true,true,OK
java_tree,S,S_s924038490.java,553,TreeSitterJava,143,143,60062.50,374.50,16384,20,true,true,OK
java_tree,S,S_s924038490.java,553,Leo,143,143,2430041.50,27729.00,16384,20,true,true,OK
java_tree,S,S_s924038490.java,553,GLL,143,143,4008125.00,157562.00,16384,20,true,true,OK
java_tree,S,S_s924038490.java,553,RNGLR,143,143,192875.00,2750.50,16384,20,true,true,OK
java_tree,S,S_s924038490.java,553,BRNGLR,143,143,204541.50,3666.50,16384,20,true,true,OK
java_tree,S,S_s767870752.java,493,TreeSitterJava,145,145,58083.50,687.50,16384,20,true,true,OK
java_tree,S,S_s767870752.java,493,Leo,145,145,2560084.00,51979.50,16384,20,true,true,OK
java_tree,S,S_s767870752.java,493,GLL,145,145,4465354.00,154500.00,16384,20,true,true,OK
java_tree,S,S_s767870752.java,493,RNGLR,145,145,217854.00,6750.00,16384,20,true,true,OK
java_tree,S,S_s767870752.java,493,BRNGLR,145,145,218833.00,2666.50,16384,20,true,true,OK
java_tree,M,M_s840353620.java,681,TreeSitterJava,145,145,60687.00,2895.50,16384,20,true,true,OK
java_tree,M,M_s840353620.java,681,Leo,145,145,2768604.00,49458.50,16384,20,true,true,OK
java_tree,M,M_s840353620.java,681,GLL,145,145,3673062.50,80708.50,16384,20,true,true,OK
java_tree,M,M_s840353620.java,681,RNGLR,145,145,236270.50,10187.50,16384,20,true,true,OK
java_tree,M,M_s840353620.java,681,BRNGLR,145,145,225771.00,4458.50,16384,20,true,true,OK
java_tree,S,S_s934947693.java,373,TreeSitterJava,147,147,53145.50,645.50,16384,20,true,true,OK
java_tree,S,S_s934947693.java,373,Leo,147,147,2630354.00,71645.50,16384,20,true,true,OK
java_tree,S,S_s934947693.java,373,GLL,147,147,5652812.50,139000.00,16384,20,true,true,OK
java_tree,S,S_s934947693.java,373,RNGLR,147,147,210166.50,3792.00,16384,20,true,true,OK
java_tree,S,S_s934947693.java,373,BRNGLR,147,147,222666.50,8270.50,16384,20,true,true,OK
java_tree,S,S_s567549736.java,431,TreeSitterJava,147,147,56646.00,646.00,16384,20,true,true,OK
java_tree,S,S_s567549736.java,431,Leo,147,147,2788354.00,32916.50,16384,20,true,true,OK
java_tree,S,S_s567549736.java,431,GLL,147,147,5023479.00,244874.50,16384,20,true,true,OK
java_tree,S,S_s567549736.java,431,RNGLR,147,147,205124.50,3833.00,16384,20,true,true,OK
java_tree,S,S_s567549736.java,431,BRNGLR,147,147,213917.00,3667.00,16384,20,true,true,OK
java_tree,S,S_s376077123.java,757,TreeSitterJava,147,147,55812.00,229.00,16384,20,true,true,OK
java_tree,S,S_s376077123.java,757,Leo,147,147,2152874.50,59479.00,16384,20,true,true,OK
java_tree,S,S_s376077123.java,757,GLL,147,147,3435895.50,51270.50,16384,20,true,true,OK
java_tree,S,S_s376077123.java,757,RNGLR,147,147,208396.00,4187.00,16384,20,true,true,OK
java_tree,S,S_s376077123.java,757,BRNGLR,147,147,220917.00,7583.00,16384,20,true,true,OK
java_tree,S,S_s549020308.java,435,TreeSitterJava,148,148,56958.00,708.00,16384,20,true,true,OK
java_tree,S,S_s549020308.java,435,Leo,148,148,2905312.00,37895.50,98304,20,true,true,OK
java_tree,S,S_s549020308.java,435,GLL,148,148,4795625.00,80979.50,16384,20,true,true,OK
java_tree,S,S_s549020308.java,435,RNGLR,148,148,198354.00,3562.00,16384,20,true,true,OK
java_tree,S,S_s549020308.java,435,BRNGLR,148,148,204542.00,6437.50,16384,20,true,true,OK
java_tree,S,S_s958158130.java,484,TreeSitterJava,148,148,56188.00,1625.50,16384,20,true,true,OK
java_tree,S,S_s958158130.java,484,Leo,148,148,2108083.50,79333.50,16384,20,true,true,OK
java_tree,S,S_s958158130.java,484,GLL,148,148,4049187.50,43979.00,16384,20,true,true,OK
java_tree,S,S_s958158130.java,484,RNGLR,148,148,211937.50,6270.50,16384,20,true,true,OK
java_tree,S,S_s958158130.java,484,BRNGLR,148,148,220562.50,4625.00,16384,20,true,true,OK
java_tree,S,S_s237009727.java,571,TreeSitterJava,148,148,58583.50,979.50,16384,20,true,true,OK
java_tree,S,S_s237009727.java,571,Leo,148,148,2425375.00,21104.00,16384,20,true,true,OK
java_tree,S,S_s237009727.java,571,GLL,148,148,3371854.00,119499.50,16384,20,true,true,OK
java_tree,S,S_s237009727.java,571,RNGLR,148,148,195958.00,5313.00,16384,20,true,true,OK
java_tree,S,S_s237009727.java,571,BRNGLR,148,148,206479.00,4937.00,16384,20,true,true,OK
java_tree,S,S_s621679284.java,501,TreeSitterJava,152,152,60250.00,396.00,16384,20,true,true,OK
java_tree,S,S_s621679284.java,501,Leo,152,152,2601104.50,38771.50,16384,20,true,true,OK
java_tree,S,S_s621679284.java,501,GLL,152,152,5054583.50,51999.50,16384,20,true,true,OK
java_tree,S,S_s621679284.java,501,RNGLR,152,152,221083.50,17292.00,16384,20,true,true,OK
java_tree,S,S_s621679284.java,501,BRNGLR,152,152,250291.50,25729.00,16384,20,true,true,OK
java_tree,S,S_s025521627.java,495,TreeSitterJava,153,153,60145.50,749.50,16384,20,true,true,OK
java_tree,S,S_s025521627.java,495,Leo,153,153,2755708.50,90354.00,16384,20,true,true,OK
java_tree,S,S_s025521627.java,495,GLL,153,153,5035187.50,93271.00,16384,20,true,true,OK
java_tree,S,S_s025521627.java,495,RNGLR,153,153,222438.00,6626.00,16384,20,true,true,OK
java_tree,S,S_s025521627.java,495,BRNGLR,153,153,216437.50,3250.00,16384,20,true,true,OK
java_tree,S,S_s305503491.java,533,TreeSitterJava,154,154,60896.00,312.00,16384,20,true,true,OK
java_tree,S,S_s305503491.java,533,Leo,154,154,3047479.00,22125.00,16384,20,true,true,OK
java_tree,S,S_s305503491.java,533,GLL,154,154,5463146.00,58416.50,16384,20,true,true,OK
java_tree,S,S_s305503491.java,533,RNGLR,154,154,245479.50,3896.00,16384,20,true,true,OK
java_tree,S,S_s305503491.java,533,BRNGLR,154,154,269917.00,7125.50,16384,20,true,true,OK
java_tree,S,S_s981963759.java,510,TreeSitterJava,159,159,61896.00,2750.50,16384,20,true,true,OK
java_tree,S,S_s981963759.java,510,Leo,159,159,3298437.50,40791.50,32768,20,true,true,OK
java_tree,S,S_s981963759.java,510,GLL,159,159,7560104.00,349625.00,16384,20,true,true,OK
java_tree,S,S_s981963759.java,510,RNGLR,159,159,229958.50,8625.50,16384,20,true,true,OK
java_tree,S,S_s981963759.java,510,BRNGLR,159,159,221291.50,4500.00,16384,20,true,true,OK
java_tree,M,M_s601559149.java,522,TreeSitterJava,161,161,60854.50,229.50,16384,20,true,true,OK
java_tree,M,M_s601559149.java,522,Leo,161,161,3230874.50,24708.50,16384,20,true,true,OK
java_tree,M,M_s601559149.java,522,GLL,161,161,6483937.50,164854.00,16384,20,true,true,OK
java_tree,M,M_s601559149.java,522,RNGLR,161,161,231416.50,4729.50,16384,20,true,true,OK
java_tree,M,M_s601559149.java,522,BRNGLR,161,161,238625.50,4166.50,16384,20,true,true,OK
java_tree,S,S_s226103793.java,703,TreeSitterJava,162,162,64375.00,541.50,16384,20,true,true,OK
java_tree,S,S_s226103793.java,703,Leo,162,162,2499271.00,42604.50,16384,20,true,true,OK
java_tree,S,S_s226103793.java,703,GLL,162,162,4526833.50,181146.00,16384,20,true,true,OK
java_tree,S,S_s226103793.java,703,RNGLR,162,162,215271.00,6583.50,16384,20,true,true,OK
java_tree,S,S_s226103793.java,703,BRNGLR,162,162,223749.50,4458.00,16384,20,true,true,OK
java_tree,S,S_s345226211.java,550,TreeSitterJava,163,163,61458.00,208.00,16384,20,true,true,OK
java_tree,S,S_s345226211.java,550,Leo,163,163,3015958.00,19687.00,16384,20,true,true,OK
java_tree,S,S_s345226211.java,550,GLL,163,163,6970584.00,448041.50,16384,20,true,true,OK
java_tree,S,S_s345226211.java,550,RNGLR,163,163,245083.50,16562.50,16384,20,true,true,OK
java_tree,S,S_s345226211.java,550,BRNGLR,163,163,236604.00,1542.00,16384,20,true,true,OK
java_tree,S,S_s503482652.java,592,TreeSitterJava,163,163,64479.50,729.50,16384,20,true,true,OK
java_tree,S,S_s503482652.java,592,Leo,163,163,2893250.00,60520.50,16384,20,true,true,OK
java_tree,S,S_s503482652.java,592,GLL,163,163,5798083.50,254020.50,16384,20,true,true,OK
java_tree,S,S_s503482652.java,592,RNGLR,163,163,218833.50,4625.00,16384,20,true,true,OK
java_tree,S,S_s503482652.java,592,BRNGLR,163,163,237541.50,9396.00,16384,20,true,true,OK
java_tree,S,S_s258522648.java,463,TreeSitterJava,165,165,62771.00,416.50,16384,20,true,true,OK
java_tree,S,S_s258522648.java,463,Leo,165,165,2980270.50,42000.50,16384,20,true,true,OK
java_tree,S,S_s258522648.java,463,GLL,165,165,5754646.00,139187.50,16384,20,true,true,OK
java_tree,S,S_s258522648.java,463,RNGLR,165,165,234187.50,4999.50,16384,20,true,true,OK
java_tree,S,S_s258522648.java,463,BRNGLR,165,165,230291.50,5666.50,16384,20,true,true,OK
java_tree,S,S_s681306313.java,500,TreeSitterJava,167,167,69021.00,1979.00,16384,20,true,true,OK
java_tree,S,S_s681306313.java,500,Leo,167,167,3436479.50,37270.50,114688,20,true,true,OK
java_tree,S,S_s681306313.java,500,GLL,167,167,7221438.00,272896.00,294912,20,true,true,OK
java_tree,S,S_s681306313.java,500,RNGLR,167,167,398999.50,8061.50,16384,20,true,true,OK
java_tree,S,S_s681306313.java,500,BRNGLR,167,167,437396.00,4687.00,16384,20,true,true,OK
java_tree,S,S_s571709704.java,517,TreeSitterJava,168,168,65146.00,541.50,16384,20,true,true,OK
java_tree,S,S_s571709704.java,517,Leo,168,168,3021271.00,36104.00,16384,20,true,true,OK
java_tree,S,S_s571709704.java,517,GLL,168,168,6473000.00,173854.50,16384,20,true,true,OK
java_tree,S,S_s571709704.java,517,RNGLR,168,168,250229.50,7938.00,16384,20,true,true,OK
java_tree,S,S_s571709704.java,517,BRNGLR,168,168,264687.50,4729.00,16384,20,true,true,OK
java_tree,M,M_s958635455.java,829,TreeSitterJava,170,170,66270.50,1000.00,16384,20,true,true,OK
java_tree,M,M_s958635455.java,829,Leo,170,170,2457270.50,44521.00,16384,20,true,true,OK
java_tree,M,M_s958635455.java,829,GLL,170,170,4227812.50,81541.50,16384,20,true,true,OK
java_tree,M,M_s958635455.java,829,RNGLR,170,170,220437.50,3541.50,16384,20,true,true,OK
java_tree,M,M_s958635455.java,829,BRNGLR,170,170,233479.00,4208.50,16384,20,true,true,OK
java_tree,M,M_s415685481.java,864,TreeSitterJava,171,171,64208.50,166.50,16384,20,true,true,OK
java_tree,M,M_s415685481.java,864,Leo,171,171,3771645.50,62146.00,16384,20,true,true,OK
java_tree,M,M_s415685481.java,864,GLL,171,171,7033833.00,203520.50,16384,20,true,true,OK
java_tree,M,M_s415685481.java,864,RNGLR,171,171,232270.50,4895.50,16384,20,true,true,OK
java_tree,M,M_s415685481.java,864,BRNGLR,171,171,235541.50,6312.00,16384,20,true,true,OK
java_tree,S,S_s129682606.java,515,TreeSitterJava,174,174,66687.50,813.00,16384,20,true,true,OK
java_tree,S,S_s129682606.java,515,Leo,174,174,3442333.50,52520.50,16384,20,true,true,OK
java_tree,S,S_s129682606.java,515,GLL,174,174,5912187.00,169853.50,16384,20,true,true,OK
java_tree,S,S_s129682606.java,515,RNGLR,174,174,231770.50,5749.50,16384,20,true,true,OK
java_tree,S,S_s129682606.java,515,BRNGLR,174,174,251916.50,5291.50,16384,20,true,true,OK
java_tree,S,S_s736129604.java,426,TreeSitterJava,177,177,68270.50,437.50,16384,20,true,true,OK
java_tree,S,S_s736129604.java,426,Leo,177,177,3170999.50,44042.00,147456,20,true,true,OK
java_tree,S,S_s736129604.java,426,GLL,177,177,8077187.50,347958.50,16384,20,true,true,OK
java_tree,S,S_s736129604.java,426,RNGLR,177,177,246646.00,2500.00,16384,20,true,true,OK
java_tree,S,S_s736129604.java,426,BRNGLR,177,177,272937.50,18229.00,16384,20,true,true,OK
java_tree,S,S_s521193014.java,571,TreeSitterJava,177,177,66812.50,270.50,16384,20,true,true,OK
java_tree,S,S_s521193014.java,571,Leo,177,177,3070646.00,75104.00,16384,20,true,true,OK
java_tree,S,S_s521193014.java,571,GLL,177,177,6241166.50,195437.50,16384,20,true,true,OK
java_tree,S,S_s521193014.java,571,RNGLR,177,177,239188.00,6791.50,16384,20,true,true,OK
java_tree,S,S_s521193014.java,571,BRNGLR,177,177,253729.00,4541.00,16384,20,true,true,OK
java_tree,M,M_s785944109.java,975,TreeSitterJava,180,180,79625.00,1625.00,16384,20,true,true,OK
java_tree,M,M_s785944109.java,975,Leo,180,180,2942604.00,32688.00,16384,20,true,true,OK
java_tree,M,M_s785944109.java,975,GLL,180,180,5015229.50,290708.50,16384,20,true,true,OK
java_tree,M,M_s785944109.java,975,RNGLR,180,180,257729.50,10896.50,16384,20,true,true,OK
java_tree,M,M_s785944109.java,975,BRNGLR,180,180,267125.00,12583.00,16384,20,true,true,OK
java_tree,S,S_s856870740.java,562,TreeSitterJava,181,181,70896.00,875.50,16384,20,true,true,OK
java_tree,S,S_s856870740.java,562,Leo,181,181,3711895.50,56604.00,16384,20,true,true,OK
java_tree,S,S_s856870740.java,562,GLL,181,181,9503208.50,326688.00,16384,20,true,true,OK
java_tree,S,S_s856870740.java,562,RNGLR,181,181,301645.50,5500.00,16384,20,true,true,OK
java_tree,S,S_s856870740.java,562,BRNGLR,181,181,309854.00,5542.00,16384,20,true,true,OK
java_tree,S,S_s893649729.java,647,TreeSitterJava,183,183,78229.00,666.50,16384,20,true,true,OK
java_tree,S,S_s893649729.java,647,Leo,183,183,3054917.00,32396.00,16384,20,true,true,OK
java_tree,S,S_s893649729.java,647,GLL,183,183,6468500.50,139459.00,16384,20,true,true,OK
java_tree,S,S_s893649729.java,647,RNGLR,183,183,240354.00,3666.50,16384,20,true,true,OK
java_tree,S,S_s893649729.java,647,BRNGLR,183,183,254625.00,5729.00,16384,20,true,true,OK
java_tree,M,M_s824283869.java,551,TreeSitterJava,185,185,71375.00,500.50,16384,20,true,true,OK
java_tree,M,M_s824283869.java,551,Leo,185,185,3588271.00,119125.50,16384,20,true,true,OK
java_tree,M,M_s824283869.java,551,GLL,185,185,7722708.50,245062.00,16384,20,true,true,OK
java_tree,M,M_s824283869.java,551,RNGLR,185,185,254354.50,8458.00,16384,20,true,true,OK
java_tree,M,M_s824283869.java,551,BRNGLR,185,185,257624.50,5916.00,16384,20,true,true,OK
java_tree,M,M_s793430617.java,954,TreeSitterJava,185,185,72771.00,458.00,16384,20,true,true,OK
java_tree,M,M_s793430617.java,954,Leo,185,185,2920250.50,32750.50,16384,20,true,true,OK
java_tree,M,M_s793430617.java,954,GLL,185,185,4873250.50,174813.00,16384,20,true,true,OK
java_tree,M,M_s793430617.java,954,RNGLR,185,185,238562.00,4791.50,16384,20,true,true,OK
java_tree,M,M_s793430617.java,954,BRNGLR,185,185,245000.00,2499.50,16384,20,true,true,OK
java_tree,S,S_s581818069.java,557,TreeSitterJava,188,188,73667.00,313.00,16384,20,true,true,OK
java_tree,S,S_s581818069.java,557,Leo,188,188,3429979.00,42250.00,16384,20,true,true,OK
java_tree,S,S_s581818069.java,557,GLL,188,188,8139396.00,224854.00,16384,20,true,true,OK
java_tree,S,S_s581818069.java,557,RNGLR,188,188,293875.00,6937.50,16384,20,true,true,OK
java_tree,S,S_s581818069.java,557,BRNGLR,188,188,293916.50,5292.00,16384,20,true,true,OK
java_tree,S,S_s888158329.java,661,TreeSitterJava,190,190,74916.50,354.00,16384,20,true,true,OK
java_tree,S,S_s888158329.java,661,Leo,190,190,3710187.50,99229.50,16384,20,true,true,OK
java_tree,S,S_s888158329.java,661,GLL,190,190,8316145.50,295084.00,16384,20,true,true,OK
java_tree,S,S_s888158329.java,661,RNGLR,190,190,264041.50,8000.00,16384,20,true,true,OK
java_tree,S,S_s888158329.java,661,BRNGLR,190,190,268000.00,5562.50,16384,20,true,true,OK
java_tree,M,M_s837044172.java,572,TreeSitterJava,192,192,73812.50,958.50,16384,20,true,true,OK
java_tree,M,M_s837044172.java,572,Leo,192,192,3860583.50,187312.50,16384,20,true,true,OK
java_tree,M,M_s837044172.java,572,GLL,192,192,8153729.00,145250.50,16384,20,true,true,OK
java_tree,M,M_s837044172.java,572,RNGLR,192,192,267083.50,6187.50,16384,20,true,true,OK
java_tree,M,M_s837044172.java,572,BRNGLR,192,192,266791.50,3541.50,16384,20,true,true,OK
java_tree,S,S_s899185740.java,739,TreeSitterJava,198,198,88521.00,2000.00,16384,20,true,true,OK
java_tree,S,S_s899185740.java,739,Leo,198,198,3713499.50,138249.00,32768,20,true,true,OK
java_tree,S,S_s899185740.java,739,GLL,198,198,8091708.50,226416.50,16384,20,true,true,OK
java_tree,S,S_s899185740.java,739,RNGLR,198,198,280375.00,10187.50,16384,20,true,true,OK
java_tree,S,S_s899185740.java,739,BRNGLR,198,198,293854.00,4271.00,16384,20,true,true,OK
java_tree,S,S_s192467922.java,686,TreeSitterJava,211,211,86291.50,1000.00,16384,20,true,true,OK
java_tree,S,S_s192467922.java,686,Leo,211,211,3900291.50,62666.50,81920,20,true,true,OK
java_tree,S,S_s192467922.java,686,GLL,211,211,8919958.00,212979.00,16384,20,true,true,OK
java_tree,S,S_s192467922.java,686,RNGLR,211,211,287771.00,12542.00,16384,20,true,true,OK
java_tree,S,S_s192467922.java,686,BRNGLR,211,211,297104.00,4833.00,16384,20,true,true,OK
java_tree,M,M_s908394089.java,585,TreeSitterJava,222,222,86583.00,2145.50,16384,20,true,true,OK
java_tree,M,M_s908394089.java,585,Leo,222,222,4402270.50,67916.00,65536,20,true,true,OK
java_tree,M,M_s908394089.java,585,GLL,222,222,8832021.50,130001.00,16384,20,true,true,OK
java_tree,M,M_s908394089.java,585,RNGLR,222,222,288416.50,7270.50,16384,20,true,true,OK
java_tree,M,M_s908394089.java,585,BRNGLR,222,222,307020.50,6395.50,16384,20,true,true,OK
java_tree,S,S_s435683367.java,778,TreeSitterJava,223,223,87083.50,1771.00,16384,20,true,true,OK
java_tree,S,S_s435683367.java,778,Leo,223,223,4041979.00,94708.50,16384,20,true,true,OK
java_tree,S,S_s435683367.java,778,GLL,223,223,9031271.00,154333.50,16384,20,true,true,OK
java_tree,S,S_s435683367.java,778,RNGLR,223,223,306312.50,17125.00,16384,20,true,true,OK
java_tree,S,S_s435683367.java,778,BRNGLR,223,223,339604.00,11270.50,16384,20,true,true,OK
java_tree,M,M_s625088338.java,816,TreeSitterJava,229,229,89583.50,917.00,16384,20,true,true,OK
java_tree,M,M_s625088338.java,816,Leo,229,229,4185458.50,85250.00,16384,20,true,true,OK
java_tree,M,M_s625088338.java,816,GLL,229,229,7676270.50,167833.00,16384,20,true,true,OK
java_tree,M,M_s625088338.java,816,RNGLR,229,229,314708.50,10104.50,16384,20,true,true,OK
java_tree,M,M_s625088338.java,816,BRNGLR,229,229,333042.00,9541.50,16384,20,true,true,OK
java_tree,M,M_s907878020.java,1008,TreeSitterJava,237,237,92250.00,645.50,16384,20,true,true,OK
java_tree,M,M_s907878020.java,1008,Leo,237,237,3598145.50,53812.00,49152,20,true,true,OK
java_tree,M,M_s907878020.java,1008,GLL,237,237,5344896.00,41333.00,16384,20,true,true,OK
java_tree,M,M_s907878020.java,1008,RNGLR,237,237,283500.00,8250.00,16384,20,true,true,OK
java_tree,M,M_s907878020.java,1008,BRNGLR,237,237,303291.50,9896.50,16384,20,true,true,OK
java_tree,M,M_s617183142.java,706,TreeSitterJava,240,240,97250.00,1542.00,16384,20,true,true,OK
java_tree,M,M_s617183142.java,706,Leo,240,240,4522270.50,44354.00,16384,20,true,true,OK
java_tree,M,M_s617183142.java,706,GLL,240,240,9155584.00,183437.50,16384,20,true,true,OK
java_tree,M,M_s617183142.java,706,RNGLR,240,240,308187.00,12124.50,16384,20,true,true,OK
java_tree,M,M_s617183142.java,706,BRNGLR,240,240,324625.00,11625.00,16384,20,true,true,OK
java_tree,M,M_s964824178.java,1018,TreeSitterJava,244,244,98395.50,1895.50,16384,20,true,true,OK
java_tree,M,M_s964824178.java,1018,Leo,244,244,4740063.00,104625.00,16384,20,true,true,OK
java_tree,M,M_s964824178.java,1018,GLL,244,244,8509146.00,135646.00,16384,20,true,true,OK
java_tree,M,M_s964824178.java,1018,RNGLR,244,244,320437.50,11292.00,16384,20,true,true,OK
java_tree,M,M_s964824178.java,1018,BRNGLR,244,244,328125.00,7417.00,16384,20,true,true,OK
java_tree,M,M_s165716747.java,711,TreeSitterJava,245,245,97562.50,1396.00,16384,20,true,true,OK
java_tree,M,M_s165716747.java,711,Leo,245,245,4803604.50,258854.50,16384,20,true,true,OK
java_tree,M,M_s165716747.java,711,GLL,245,245,7695083.50,132166.50,16384,20,true,true,OK
java_tree,M,M_s165716747.java,711,RNGLR,245,245,342479.00,16208.50,16384,20,true,true,OK
java_tree,M,M_s165716747.java,711,BRNGLR,245,245,339041.50,11417.00,16384,20,true,true,OK
java_tree,M,M_s172256972.java,786,TreeSitterJava,250,250,102021.00,2562.00,16384,20,true,true,OK
java_tree,M,M_s172256972.java,786,Leo,250,250,4533229.00,67667.00,16384,20,true,true,OK
java_tree,M,M_s172256972.java,786,GLL,250,250,11400479.50,295500.00,16384,20,true,true,OK
java_tree,M,M_s172256972.java,786,RNGLR,250,250,346437.00,11208.50,16384,20,true,true,OK
java_tree,M,M_s172256972.java,786,BRNGLR,250,250,357833.50,5187.50,16384,20,true,true,OK
java_tree,S,S_s586892676.java,696,TreeSitterJava,253,253,97520.50,874.50,16384,20,true,true,OK
java_tree,S,S_s586892676.java,696,Leo,253,253,4443271.00,149958.50,16384,20,true,true,OK
java_tree,S,S_s586892676.java,696,GLL,253,253,11293083.00,317562.50,16384,20,true,true,OK
java_tree,S,S_s586892676.java,696,RNGLR,253,253,330708.50,8374.50,16384,20,true,true,OK
java_tree,S,S_s586892676.java,696,BRNGLR,253,253,355729.00,17354.50,16384,20,true,true,OK
java_tree,M,M_s412073431.java,1137,TreeSitterJava,254,254,105938.00,4583.50,16384,20,true,true,OK
java_tree,M,M_s412073431.java,1137,Leo,254,254,4845604.00,56353.50,131072,20,true,true,OK
java_tree,M,M_s412073431.java,1137,GLL,254,254,9680771.00,433083.50,16384,20,true,true,OK
java_tree,M,M_s412073431.java,1137,RNGLR,254,254,351291.50,10062.00,16384,20,true,true,OK
java_tree,M,M_s412073431.java,1137,BRNGLR,254,254,369937.50,5188.00,16384,20,true,true,OK
java_tree,M,M_s643931452.java,1038,TreeSitterJava,255,255,98416.50,582.50,16384,20,true,true,OK
java_tree,M,M_s643931452.java,1038,Leo,255,255,4905688.00,202730.00,16384,20,true,true,OK
java_tree,M,M_s643931452.java,1038,GLL,255,255,9071333.50,346999.50,16384,20,true,true,OK
java_tree,M,M_s643931452.java,1038,RNGLR,255,255,330521.00,13375.00,16384,20,true,true,OK
java_tree,M,M_s643931452.java,1038,BRNGLR,255,255,334208.00,5479.00,16384,20,true,true,OK
java_tree,M,M_s330458578.java,915,TreeSitterJava,261,261,107208.00,1145.00,16384,20,true,true,OK
java_tree,M,M_s330458578.java,915,Leo,261,261,4811875.00,182792.00,32768,20,true,true,OK
java_tree,M,M_s330458578.java,915,GLL,261,261,9106521.00,383625.00,16384,20,true,true,OK
java_tree,M,M_s330458578.java,915,RNGLR,261,261,347187.50,12583.00,16384,20,true,true,OK
java_tree,M,M_s330458578.java,915,BRNGLR,261,261,360500.00,10813.00,16384,20,true,true,OK
java_tree,M,M_s735476733.java,1168,TreeSitterJava,263,263,116125.00,9854.50,16384,20,true,true,OK
java_tree,M,M_s735476733.java,1168,Leo,263,263,5119646.50,113771.00,81920,20,true,true,OK
java_tree,M,M_s735476733.java,1168,GLL,263,263,9825021.00,321312.50,16384,20,true,true,OK
java_tree,M,M_s735476733.java,1168,RNGLR,263,263,341083.50,12938.00,16384,20,true,true,OK
java_tree,M,M_s735476733.java,1168,BRNGLR,263,263,346312.50,6521.00,16384,20,true,true,OK
java_tree,M,M_s600481972.java,1056,TreeSitterJava,264,264,111104.50,6000.00,16384,20,true,true,OK
java_tree,M,M_s600481972.java,1056,Leo,264,264,4145541.50,83062.00,16384,20,true,true,OK
java_tree,M,M_s600481972.java,1056,GLL,264,264,8116333.50,388874.50,16384,20,true,true,OK
java_tree,M,M_s600481972.java,1056,RNGLR,264,264,349354.00,12854.00,16384,20,true,true,OK
java_tree,M,M_s600481972.java,1056,BRNGLR,264,264,376437.50,19667.00,16384,20,true,true,OK
java_tree,M,M_s812448701.java,1120,TreeSitterJava,265,265,108542.00,2167.00,16384,20,true,true,OK
java_tree,M,M_s812448701.java,1120,Leo,265,265,4138104.00,57645.50,16384,20,true,true,OK
java_tree,M,M_s812448701.java,1120,GLL,265,265,6054708.50,323666.50,16384,20,true,true,OK
java_tree,M,M_s812448701.java,1120,RNGLR,265,265,322146.00,7417.00,16384,20,true,true,OK
java_tree,M,M_s812448701.java,1120,BRNGLR,265,265,340625.00,12875.00,16384,20,true,true,OK
java_tree,M,M_s705579610.java,1328,TreeSitterJava,266,266,111666.50,1396.00,16384,20,true,true,OK
java_tree,M,M_s705579610.java,1328,Leo,266,266,4592021.00,66041.50,16384,20,true,true,OK
java_tree,M,M_s705579610.java,1328,GLL,266,266,8258792.00,392541.50,16384,20,true,true,OK
java_tree,M,M_s705579610.java,1328,RNGLR,266,266,341312.50,12083.50,16384,20,true,true,OK
java_tree,M,M_s705579610.java,1328,BRNGLR,266,266,346062.50,5125.50,16384,20,true,true,OK
java_tree,M,M_s440628127.java,946,TreeSitterJava,268,268,102687.50,2021.00,16384,20,true,true,OK
java_tree,M,M_s440628127.java,946,Leo,268,268,5187791.50,182458.00,16384,20,true,true,OK
java_tree,M,M_s440628127.java,946,GLL,268,268,12763791.50,403020.50,16384,20,true,true,OK
java_tree,M,M_s440628127.java,946,RNGLR,268,268,342437.50,2208.50,16384,20,true,true,OK
java_tree,M,M_s440628127.java,946,BRNGLR,268,268,361520.50,4812.50,16384,20,true,true,OK
java_tree,M,M_s623658134.java,969,TreeSitterJava,268,268,113125.00,937.50,16384,20,true,true,OK
java_tree,M,M_s623658134.java,969,Leo,268,268,5150396.00,116979.00,16384,20,true,true,OK
java_tree,M,M_s623658134.java,969,GLL,268,268,10192833.50,509021.00,32768,20,true,true,OK
java_tree,M,M_s623658134.java,969,RNGLR,268,268,374208.50,10541.50,16384,20,true,true,OK
java_tree,M,M_s623658134.java,969,BRNGLR,268,268,384874.50,7312.00,16384,20,true,true,OK
java_tree,S,S_s142126641.java,934,TreeSitterJava,269,269,104541.50,500.00,16384,20,true,true,OK
java_tree,S,S_s142126641.java,934,Leo,269,269,5152604.00,83375.00,81920,20,true,true,OK
java_tree,S,S_s142126641.java,934,GLL,269,269,12655125.00,225896.00,16384,20,true,true,OK
java_tree,S,S_s142126641.java,934,RNGLR,269,269,369354.50,8625.00,16384,20,true,true,OK
java_tree,S,S_s142126641.java,934,BRNGLR,269,269,379937.50,3666.50,16384,20,true,true,OK
java_tree,M,M_s405078823.java,843,TreeSitterJava,276,276,104854.50,749.50,16384,20,true,true,OK
java_tree,M,M_s405078823.java,843,Leo,276,276,5853896.00,160729.50,49152,20,true,true,OK
java_tree,M,M_s405078823.java,843,GLL,276,276,12793417.00,631959.00,16384,20,true,true,OK
java_tree,M,M_s405078823.java,843,RNGLR,276,276,358791.50,9645.50,16384,20,true,true,OK
java_tree,M,M_s405078823.java,843,BRNGLR,276,276,385563.00,5478.50,16384,20,true,true,OK
java_tree,M,M_s151228650.java,1293,TreeSitterJava,277,277,112937.50,1250.50,16384,20,true,true,OK
java_tree,M,M_s151228650.java,1293,Leo,277,277,5527958.50,142937.50,16384,20,true,true,OK
java_tree,M,M_s151228650.java,1293,GLL,277,277,10329395.50,164062.50,16384,20,true,true,OK
java_tree,M,M_s151228650.java,1293,RNGLR,277,277,438166.50,18875.00,16384,20,true,true,OK
java_tree,M,M_s151228650.java,1293,BRNGLR,277,277,431208.50,11021.00,16384,20,true,true,OK
java_tree,M,M_s914835951.java,1043,TreeSitterJava,281,281,105583.50,646.50,16384,20,true,true,OK
java_tree,M,M_s914835951.java,1043,Leo,281,281,4949375.50,76188.00,81920,20,true,true,OK
java_tree,M,M_s914835951.java,1043,GLL,281,281,9401333.50,342374.50,16384,20,true,true,OK
java_tree,M,M_s914835951.java,1043,RNGLR,281,281,371896.00,17145.50,16384,20,true,true,OK
java_tree,M,M_s914835951.java,1043,BRNGLR,281,281,387229.00,8958.00,16384,20,true,true,OK
java_tree,M,M_s944694643.java,891,TreeSitterJava,289,289,114291.50,499.50,16384,20,true,true,OK
java_tree,M,M_s944694643.java,891,Leo,289,289,5649479.50,163563.00,16384,20,true,true,OK
java_tree,M,M_s944694643.java,891,GLL,289,289,11936062.50,339937.00,16384,20,true,true,OK
java_tree,M,M_s944694643.java,891,RNGLR,289,289,378854.50,7542.00,16384,20,true,true,OK
java_tree,M,M_s944694643.java,891,BRNGLR,289,289,390458.50,4916.50,16384,20,true,true,OK
java_tree,M,M_s346142198.java,1025,TreeSitterJava,298,298,115729.00,770.50,16384,20,true,true,OK
java_tree,M,M_s346142198.java,1025,Leo,298,298,5478604.50,88666.00,16384,20,true,true,OK
java_tree,M,M_s346142198.java,1025,GLL,298,298,10120416.50,275645.50,16384,20,true,true,OK
java_tree,M,M_s346142198.java,1025,RNGLR,298,298,375187.50,5958.50,16384,20,true,true,OK
java_tree,M,M_s346142198.java,1025,BRNGLR,298,298,410875.00,15562.00,16384,20,true,true,OK
java_tree,M,M_s047236001.java,1009,TreeSitterJava,314,314,125208.50,2208.00,16384,20,true,true,OK
java_tree,M,M_s047236001.java,1009,Leo,314,314,6153604.50,215708.50,196608,20,true,true,OK
java_tree,M,M_s047236001.java,1009,GLL,314,314,14586104.50,394312.50,16384,20,true,true,OK
java_tree,M,M_s047236001.java,1009,RNGLR,314,314,444708.00,9937.50,16384,20,true,true,OK
java_tree,M,M_s047236001.java,1009,BRNGLR,314,314,459937.50,6208.00,16384,20,true,true,OK
java_tree,M,M_s605942260.java,975,TreeSitterJava,318,318,129333.50,4604.50,16384,20,true,true,OK
java_tree,M,M_s605942260.java,975,Leo,318,318,5664021.00,99771.00,16384,20,true,true,OK
java_tree,M,M_s605942260.java,975,GLL,318,318,11792146.00,272645.50,16384,20,true,true,OK
java_tree,M,M_s605942260.java,975,RNGLR,318,318,401083.50,6521.00,16384,20,true,true,OK
java_tree,M,M_s605942260.java,975,BRNGLR,318,318,410500.00,7416.50,16384,20,true,true,OK
java_tree,M,M_s968398362.java,988,TreeSitterJava,320,320,133729.50,1479.50,16384,20,true,true,OK
java_tree,M,M_s968398362.java,988,Leo,320,320,6333500.00,133667.00,114688,20,true,true,OK
java_tree,M,M_s968398362.java,988,GLL,320,320,12901854.00,108791.50,16384,20,true,true,OK
java_tree,M,M_s968398362.java,988,RNGLR,320,320,443291.50,12041.50,16384,20,true,true,OK
java_tree,M,M_s968398362.java,988,BRNGLR,320,320,453270.50,5082.50,16384,20,true,true,OK
java_tree,M,M_s557335108.java,912,TreeSitterJava,325,325,131812.50,354.50,16384,20,true,true,OK
java_tree,M,M_s557335108.java,912,Leo,325,325,6201312.50,172958.50,32768,20,true,true,OK
java_tree,M,M_s557335108.java,912,GLL,325,325,11923812.50,317458.00,16384,20,true,true,OK
java_tree,M,M_s557335108.java,912,RNGLR,325,325,435021.00,8979.00,16384,20,true,true,OK
java_tree,M,M_s557335108.java,912,BRNGLR,325,325,451250.00,6500.00,16384,20,true,true,OK
java_tree,M,M_s944557633.java,1722,TreeSitterJava,332,332,130083.50,917.00,16384,20,true,true,OK
java_tree,M,M_s944557633.java,1722,Leo,332,332,5716417.00,209833.50,16384,20,true,true,OK
java_tree,M,M_s944557633.java,1722,GLL,332,332,9091937.50,367958.50,16384,20,true,true,OK
java_tree,M,M_s944557633.java,1722,RNGLR,332,332,436708.00,14750.00,16384,20,true,true,OK
java_tree,M,M_s944557633.java,1722,BRNGLR,332,332,478271.00,10375.00,16384,20,true,true,OK
java_tree,M,M_s248205403.java,891,TreeSitterJava,336,336,134666.50,999.50,16384,20,true,true,OK
java_tree,M,M_s248205403.java,891,Leo,336,336,6270729.00,122875.50,16384,20,true,true,OK
java_tree,M,M_s248205403.java,891,GLL,336,336,12556874.50,229853.50,16384,20,true,true,OK
java_tree,M,M_s248205403.java,891,RNGLR,336,336,429771.00,7896.50,16384,20,true,true,OK
java_tree,M,M_s248205403.java,891,BRNGLR,336,336,449791.50,3250.00,16384,20,true,true,OK
java_tree,M,M_s468082158.java,1274,TreeSitterJava,350,350,140083.50,729.50,16384,20,true,true,OK
java_tree,M,M_s468082158.java,1274,Leo,350,350,6441562.50,215292.00,16384,20,true,true,OK
java_tree,M,M_s468082158.java,1274,GLL,350,350,12433708.50,385333.00,16384,20,true,true,OK
java_tree,M,M_s468082158.java,1274,RNGLR,350,350,458000.00,15708.00,16384,20,true,true,OK
java_tree,M,M_s468082158.java,1274,BRNGLR,350,350,460479.50,10646.50,16384,20,true,true,OK
java_tree,M,M_s072421605.java,908,TreeSitterJava,353,353,132791.50,624.50,16384,20,true,true,OK
java_tree,M,M_s072421605.java,908,Leo,353,353,6960041.50,240354.50,81920,20,true,true,OK
java_tree,M,M_s072421605.java,908,GLL,353,353,16481083.50,464479.50,16384,20,true,true,OK
java_tree,M,M_s072421605.java,908,RNGLR,353,353,433396.00,3958.00,16384,20,true,true,OK
java_tree,M,M_s072421605.java,908,BRNGLR,353,353,462250.00,7083.50,16384,20,true,true,OK
java_tree,M,M_s828901999.java,1298,TreeSitterJava,358,358,149187.50,7312.50,16384,20,true,true,OK
java_tree,M,M_s828901999.java,1298,Leo,358,358,6959979.00,142333.00,16384,20,true,true,OK
java_tree,M,M_s828901999.java,1298,GLL,358,358,14426229.50,340666.50,16384,20,true,true,OK
java_tree,M,M_s828901999.java,1298,RNGLR,358,358,444437.00,8624.00,16384,20,true,true,OK
java_tree,M,M_s828901999.java,1298,BRNGLR,358,358,503770.50,15333.50,16384,20,true,true,OK
java_tree,M,M_s826670086.java,1221,TreeSitterJava,361,361,141083.00,5354.00,16384,20,true,true,OK
java_tree,M,M_s826670086.java,1221,Leo,361,361,7086104.50,177854.50,16384,20,true,true,OK
java_tree,M,M_s826670086.java,1221,GLL,361,361,14188791.50,288062.50,16384,20,true,true,OK
java_tree,M,M_s826670086.java,1221,RNGLR,361,361,430937.50,10187.50,16384,20,true,true,OK
java_tree,M,M_s826670086.java,1221,BRNGLR,361,361,453021.00,10667.00,16384,20,true,true,OK
java_tree,L,L_s455958824.java,2050,TreeSitterJava,371,371,146437.00,604.50,16384,20,true,true,OK
java_tree,L,L_s455958824.java,2050,Leo,371,371,6231916.50,105729.00,16384,20,true,true,OK
java_tree,L,L_s455958824.java,2050,GLL,371,371,11378812.00,224125.50,16384,20,true,true,OK
java_tree,L,L_s455958824.java,2050,RNGLR,371,371,441124.50,7457.50,16384,20,true,true,OK
java_tree,L,L_s455958824.java,2050,BRNGLR,371,371,459916.50,6458.50,16384,20,true,true,OK
java_tree,L,L_s198852947.java,1898,TreeSitterJava,372,372,150354.00,854.00,16384,20,true,true,OK
java_tree,L,L_s198852947.java,1898,Leo,372,372,5912041.50,139083.00,16384,20,true,true,OK
java_tree,L,L_s198852947.java,1898,GLL,372,372,9270937.50,284541.00,16384,20,true,true,OK
java_tree,L,L_s198852947.java,1898,RNGLR,372,372,436374.50,6583.00,16384,20,true,true,OK
java_tree,L,L_s198852947.java,1898,BRNGLR,372,372,458146.00,17145.50,16384,20,true,true,OK
java_tree,L,L_s294093613.java,1688,TreeSitterJava,375,375,164791.50,2916.50,16384,20,true,true,OK
java_tree,L,L_s294093613.java,1688,Leo,375,375,7213916.50,198292.00,16384,20,true,true,OK
java_tree,L,L_s294093613.java,1688,GLL,375,375,16107291.50,256020.50,16384,20,true,true,OK
java_tree,L,L_s294093613.java,1688,RNGLR,375,375,466625.00,12062.50,16384,20,true,true,OK
java_tree,L,L_s294093613.java,1688,BRNGLR,375,375,483750.00,7146.00,16384,20,true,true,OK
java_tree,L,L_s458374627.java,1629,TreeSitterJava,380,380,158645.50,5707.50,16384,20,true,true,OK
java_tree,L,L_s458374627.java,1629,Leo,380,380,6423812.50,198187.50,16384,20,true,true,OK
java_tree,L,L_s458374627.java,1629,GLL,380,380,10375958.50,228854.00,16384,20,true,true,OK
java_tree,L,L_s458374627.java,1629,RNGLR,380,380,466187.50,18479.00,16384,20,true,true,OK
java_tree,L,L_s458374627.java,1629,BRNGLR,380,380,469437.50,6021.00,16384,20,true,true,OK
java_tree,M,M_s161827795.java,1183,TreeSitterJava,383,383,153500.00,4271.00,16384,20,true,true,OK
java_tree,M,M_s161827795.java,1183,Leo,383,383,6633562.50,183708.00,16384,20,true,true,OK
java_tree,M,M_s161827795.java,1183,GLL,383,383,14197562.00,308188.00,16384,20,true,true,OK
java_tree,M,M_s161827795.java,1183,RNGLR,383,383,463562.50,11750.00,16384,20,true,true,OK
java_tree,M,M_s161827795.java,1183,BRNGLR,383,383,479250.00,4542.00,16384,20,true,true,OK
java_tree,M,M_s488437146.java,1155,TreeSitterJava,385,385,142771.00,437.50,16384,20,true,true,OK
java_tree,M,M_s488437146.java,1155,Leo,385,385,8591396.00,177646.00,131072,20,true,true,OK
java_tree,M,M_s488437146.java,1155,GLL,385,385,16855125.00,324771.00,16384,20,true,true,OK
java_tree,M,M_s488437146.java,1155,RNGLR,385,385,503020.50,20562.00,16384,20,true,true,OK
java_tree,M,M_s488437146.java,1155,BRNGLR,385,385,489604.50,9917.00,16384,20,true,true,OK
java_tree,M,M_s454579753.java,1422,TreeSitterJava,391,391,157208.50,959.00,16384,20,true,true,OK
java_tree,M,M_s454579753.java,1422,Leo,391,391,7571625.00,186479.00,49152,20,true,true,OK
java_tree,M,M_s454579753.java,1422,GLL,391,391,20347813.00,1083666.50,16384,20,true,true,OK
java_tree,M,M_s454579753.java,1422,RNGLR,391,391,560895.50,25374.50,16384,20,true,true,OK
java_tree,M,M_s454579753.java,1422,BRNGLR,391,391,579125.00,45042.00,16384,20,true,true,OK
java_tree,L,L_s138410756.java,1915,TreeSitterJava,407,407,165396.00,812.50,16384,20,true,true,OK
java_tree,L,L_s138410756.java,1915,Leo,407,407,10465729.00,1114520.50,16384,20,true,true,OK
java_tree,L,L_s138410756.java,1915,GLL,407,407,12954166.00,893999.00,49152,20,true,true,OK
java_tree,L,L_s138410756.java,1915,RNGLR,407,407,479333.50,12375.00,16384,20,true,true,OK
java_tree,L,L_s138410756.java,1915,BRNGLR,407,407,506416.50,20438.00,16384,20,true,true,OK
java_tree,M,M_s762564569.java,1011,TreeSitterJava,409,409,153625.00,5354.00,16384,20,true,true,OK
java_tree,M,M_s762564569.java,1011,Leo,409,409,8147542.00,198958.50,32768,20,true,true,OK
java_tree,M,M_s762564569.java,1011,GLL,409,409,17644166.50,587979.00,16384,20,true,true,OK
java_tree,M,M_s762564569.java,1011,RNGLR,409,409,497270.50,7646.00,16384,20,true,true,OK
java_tree,M,M_s762564569.java,1011,BRNGLR,409,409,527041.50,7812.50,16384,20,true,true,OK
java_tree,L,L_s667080206.java,1770,TreeSitterJava,415,415,181583.00,3208.00,16384,20,true,true,OK
java_tree,L,L_s667080206.java,1770,Leo,415,415,9377458.50,395125.50,49152,20,true,true,OK
java_tree,L,L_s667080206.java,1770,GLL,415,415,16110521.00,246938.00,16384,20,true,true,OK
java_tree,L,L_s667080206.java,1770,RNGLR,415,415,522124.50,12916.00,16384,20,true,true,OK
java_tree,L,L_s667080206.java,1770,BRNGLR,415,415,527688.00,8021.00,16384,20,true,true,OK
java_tree,L,L_s193487430.java,1838,TreeSitterJava,423,423,178687.00,6937.50,16384,20,true,true,OK
java_tree,L,L_s193487430.java,1838,Leo,423,423,8270624.50,492521.00,16384,20,true,true,OK
java_tree,L,L_s193487430.java,1838,GLL,423,423,13267021.00,456791.00,16384,20,true,true,OK
java_tree,L,L_s193487430.java,1838,RNGLR,423,423,518354.50,20333.50,16384,20,true,true,OK
java_tree,L,L_s193487430.java,1838,BRNGLR,423,423,536666.00,16167.00,16384,20,true,true,OK
java_tree,L,L_s305823501.java,1816,TreeSitterJava,424,424,168979.50,1958.50,16384,20,true,true,OK
java_tree,L,L_s305823501.java,1816,Leo,424,424,10810792.00,997979.50,65536,20,true,true,OK
java_tree,L,L_s305823501.java,1816,GLL,424,424,20162583.50,408375.00,16384,20,true,true,OK
java_tree,L,L_s305823501.java,1816,RNGLR,424,424,2240000.00,1563062.50,16384,20,true,true,OK
java_tree,L,L_s305823501.java,1816,BRNGLR,424,424,933270.50,219708.00,16384,20,true,true,OK
java_tree,L,L_s230896802.java,2219,TreeSitterJava,429,429,188458.00,9416.00,16384,20,true,true,OK
java_tree,L,L_s230896802.java,2219,Leo,429,429,11407916.50,659854.50,163840,20,true,true,OK
java_tree,L,L_s230896802.java,2219,GLL,429,429,41099479.00,5452854.00,16384,12,true,true,OK
java_tree,L,L_s230896802.java,2219,RNGLR,429,429,538437.50,13500.00,16384,20,true,true,OK
java_tree,L,L_s230896802.java,2219,BRNGLR,429,429,555041.50,13666.00,16384,20,true,true,OK
java_tree,M,M_s901939088.java,1278,TreeSitterJava,430,430,182770.50,1000.00,16384,20,true,true,OK
java_tree,M,M_s901939088.java,1278,Leo,430,430,10418167.00,1012666.50,16384,20,true,true,OK
java_tree,M,M_s901939088.java,1278,GLL,430,430,21102687.50,1723729.50,16384,20,true,true,OK
java_tree,M,M_s901939088.java,1278,RNGLR,430,430,551041.50,20791.50,16384,20,true,true,OK
java_tree,M,M_s901939088.java,1278,BRNGLR,430,430,581958.50,10687.50,16384,20,true,true,OK
java_tree,L,L_s203674573.java,2659,TreeSitterJava,430,430,183812.50,1479.00,16384,20,true,true,OK
java_tree,L,L_s203674573.java,2659,Leo,430,430,8249271.00,592000.00,16384,20,true,true,OK
java_tree,L,L_s203674573.java,2659,GLL,430,430,12686417.00,299729.00,16384,20,true,true,OK
java_tree,L,L_s203674573.java,2659,RNGLR,430,430,540708.50,40354.50,16384,20,true,true,OK
java_tree,L,L_s203674573.java,2659,BRNGLR,430,430,528125.50,11604.00,16384,20,true,true,OK
java_tree,M,M_s138956447.java,1427,TreeSitterJava,435,435,174291.50,3771.00,16384,20,true,true,OK
java_tree,M,M_s138956447.java,1427,Leo,435,435,11988520.50,709791.50,98304,20,true,true,OK
java_tree,M,M_s138956447.java,1427,GLL,435,435,25251666.50,680333.50,16384,18,true,true,OK
java_tree,M,M_s138956447.java,1427,RNGLR,435,435,1903354.50,1005438.50,16384,20,true,true,OK
java_tree,M,M_s138956447.java,1427,BRNGLR,435,435,1321979.00,347249.50,16384,20,true,true,OK
java_tree,L,L_s160741254.java,1238,TreeSitterJava,437,437,281729.50,99521.50,16384,20,true,true,OK
java_tree,L,L_s160741254.java,1238,Leo,437,437,17177521.00,5797000.00,16384,20,true,true,OK
java_tree,L,L_s160741254.java,1238,GLL,437,437,23077000.00,2461458.50,16384,20,true,true,OK
java_tree,L,L_s160741254.java,1238,RNGLR,437,437,541354.00,19937.50,16384,20,true,true,OK
java_tree,L,L_s160741254.java,1238,BRNGLR,437,437,554771.00,15292.00,16384,20,true,true,OK
java_tree,L,L_s161012456.java,1593,TreeSitterJava,453,453,197958.50,4333.00,16384,20,true,true,OK
java_tree,L,L_s161012456.java,1593,Leo,453,453,8670750.50,302604.50,32768,20,true,true,OK
java_tree,L,L_s161012456.java,1593,GLL,453,453,16672354.00,564354.50,16384,20,true,true,OK
java_tree,L,L_s161012456.java,1593,RNGLR,453,453,704187.00,51145.50,16384,20,true,true,OK
java_tree,L,L_s161012456.java,1593,BRNGLR,453,453,720833.50,14562.50,16384,20,true,true,OK
java_tree,M,M_s961580830.java,1373,TreeSitterJava,458,458,177437.50,10291.50,16384,20,true,true,OK
java_tree,M,M_s961580830.java,1373,Leo,458,458,10494375.50,1182833.50,16384,20,true,true,OK
java_tree,M,M_s961580830.java,1373,GLL,458,458,20087500.00,692042.00,16384,20,true,true,OK
java_tree,M,M_s961580830.java,1373,RNGLR,458,458,561584.00,15979.00,16384,20,true,true,OK
java_tree,M,M_s961580830.java,1373,BRNGLR,458,458,604375.00,20749.50,16384,20,true,true,OK
java_tree,M,M_s907741301.java,1376,TreeSitterJava,472,472,186791.50,2458.00,16384,20,true,true,OK
java_tree,M,M_s907741301.java,1376,Leo,472,472,10559208.00,368979.00,65536,20,true,true,OK
java_tree,M,M_s907741301.java,1376,GLL,472,472,26114375.00,1815541.00,16384,19,true,true,OK
java_tree,M,M_s907741301.java,1376,RNGLR,472,472,602063.00,11875.00,16384,20,true,true,OK
java_tree,M,M_s907741301.java,1376,BRNGLR,472,472,628833.00,19020.50,16384,20,true,true,OK
java_tree,M,M_s030967560.java,1454,TreeSitterJava,507,507,222646.00,18937.50,16384,20,true,true,OK
java_tree,M,M_s030967560.java,1454,Leo,507,507,11614542.00,638041.00,16384,20,true,true,OK
java_tree,M,M_s030967560.java,1454,GLL,507,507,24113542.00,751625.00,16384,20,true,true,OK
java_tree,M,M_s030967560.java,1454,RNGLR,507,507,657333.00,15583.50,16384,20,true,true,OK
java_tree,M,M_s030967560.java,1454,BRNGLR,507,507,715354.00,24354.00,16384,20,true,true,OK
java_tree,L,L_s452608679.java,2299,TreeSitterJava,515,515,223583.00,1416.50,16384,20,true,true,OK
java_tree,L,L_s452608679.java,2299,Leo,515,515,11265792.00,934354.50,32768,20,true,true,OK
java_tree,L,L_s452608679.java,2299,GLL,515,515,20286937.50,640604.00,16384,20,true,true,OK
java_tree,L,L_s452608679.java,2299,RNGLR,515,515,666604.50,28105.00,16384,20,true,true,OK
java_tree,L,L_s452608679.java,2299,BRNGLR,515,515,711229.50,30625.00,16384,20,true,true,OK
java_tree,M,M_s805054689.java,1744,TreeSitterJava,516,516,217520.50,9291.00,16384,20,true,true,OK
java_tree,M,M_s805054689.java,1744,Leo,516,516,11454521.00,735958.50,16384,20,true,true,OK
java_tree,M,M_s805054689.java,1744,GLL,516,516,27135875.00,995709.00,16384,19,true,true,OK
java_tree,M,M_s805054689.java,1744,RNGLR,516,516,651520.50,12229.00,16384,20,true,true,OK
java_tree,M,M_s805054689.java,1744,BRNGLR,516,516,699500.00,12292.00,16384,20,true,true,OK
java_tree,M,M_s203964072.java,1675,TreeSitterJava,521,521,215104.00,2104.50,16384,20,true,true,OK
java_tree,M,M_s203964072.java,1675,Leo,521,521,11009958.50,317917.00,16384,20,true,true,OK
java_tree,M,M_s203964072.java,1675,GLL,521,521,25908229.00,539625.00,16384,20,true,true,OK
java_tree,M,M_s203964072.java,1675,RNGLR,521,521,725229.50,19500.50,16384,20,true,true,OK
java_tree,M,M_s203964072.java,1675,BRNGLR,521,521,720208.50,33146.00,16384,20,true,true,OK
java_tree,S,S_s972791963.java,987,TreeSitterJava,522,522,194604.00,624.50,16384,20,true,true,OK
java_tree,S,S_s972791963.java,987,Leo,522,522,11274833.00,399104.50,81920,20,true,true,OK
java_tree,S,S_s972791963.java,987,GLL,522,522,35549292.00,1049229.50,16384,14,true,true,OK
java_tree,S,S_s972791963.java,987,RNGLR,522,522,2053750.00,975187.50,0,20,true,true,OK
java_tree,S,S_s972791963.java,987,BRNGLR,522,522,1103521.00,191916.50,16384,20,true,true,OK
java_tree,M,M_s466558639.java,1651,TreeSitterJava,529,529,224062.00,5229.00,16384,20,true,true,OK
java_tree,M,M_s466558639.java,1651,Leo,529,529,12102708.50,522417.00,16384,20,true,true,OK
java_tree,M,M_s466558639.java,1651,GLL,529,529,24596583.00,1171437.50,16384,20,true,true,OK
java_tree,M,M_s466558639.java,1651,RNGLR,529,529,655896.00,8625.50,16384,20,true,true,OK
java_tree,M,M_s466558639.java,1651,BRNGLR,529,529,695396.00,8104.50,16384,20,true,true,OK
java_tree,L,L_s378757582.java,2284,TreeSitterJava,548,548,222416.50,1187.50,16384,20,true,true,OK
java_tree,L,L_s378757582.java,2284,Leo,548,548,11446833.00,657375.00,16384,20,true,true,OK
java_tree,L,L_s378757582.java,2284,GLL,548,548,20826645.50,623645.50,16384,20,true,true,OK
java_tree,L,L_s378757582.java,2284,RNGLR,548,548,677958.00,10041.00,16384,20,true,true,OK
java_tree,L,L_s378757582.java,2284,BRNGLR,548,548,729167.00,16042.00,16384,20,true,true,OK
java_tree,L,L_s002588490.java,2470,TreeSitterJava,564,564,235354.00,4728.50,16384,20,true,true,OK
java_tree,L,L_s002588490.java,2470,Leo,564,564,13948875.00,1120167.00,81920,20,true,true,OK
java_tree,L,L_s002588490.java,2470,GLL,564,564,20174000.00,311646.00,16384,20,true,true,OK
java_tree,L,L_s002588490.java,2470,RNGLR,564,564,687270.50,5583.00,16384,20,true,true,OK
java_tree,L,L_s002588490.java,2470,BRNGLR,564,564,754167.00,23875.00,16384,20,true,true,OK
java_tree,L,L_s526303482.java,1957,TreeSitterJava,566,566,229208.00,2729.00,16384,20,true,true,OK
java_tree,L,L_s526303482.java,1957,Leo,566,566,11914979.50,714979.50,16384,20,true,true,OK
java_tree,L,L_s526303482.java,1957,GLL,566,566,23615646.50,656353.00,16384,20,true,true,OK
java_tree,L,L_s526303482.java,1957,RNGLR,566,566,672812.50,6583.00,16384,20,true,true,OK
java_tree,L,L_s526303482.java,1957,BRNGLR,566,566,718270.50,8416.00,16384,20,true,true,OK
java_tree,L,L_s795492359.java,1961,TreeSitterJava,567,567,251729.00,13395.50,16384,20,true,true,OK
java_tree,L,L_s795492359.java,1961,Leo,567,567,10973750.00,659375.00,16384,20,true,true,OK
java_tree,L,L_s795492359.java,1961,GLL,567,567,20610291.50,1022229.00,16384,20,true,true,OK
java_tree,L,L_s795492359.java,1961,RNGLR,567,567,692833.50,3791.50,16384,20,true,true,OK
java_tree,L,L_s795492359.java,1961,BRNGLR,567,567,735583.00,14166.50,16384,20,true,true,OK
java_tree,L,L_s764797847.java,2381,TreeSitterJava,572,572,249208.00,5958.50,16384,20,true,true,OK
java_tree,L,L_s764797847.java,2381,Leo,572,572,10977938.00,374832.50,16384,20,true,true,OK
java_tree,L,L_s764797847.java,2381,GLL,572,572,20811208.50,423917.00,16384,20,true,true,OK
java_tree,L,L_s764797847.java,2381,RNGLR,572,572,726750.00,18396.00,16384,20,true,true,OK
java_tree,L,L_s764797847.java,2381,BRNGLR,572,572,753979.00,12062.50,16384,20,true,true,OK
java_tree,M,M_s667897736.java,1851,TreeSitterJava,576,576,229229.00,2229.00,16384,20,true,true,OK
java_tree,M,M_s667897736.java,1851,Leo,576,576,11841938.00,301166.50,114688,20,true,true,OK
java_tree,M,M_s667897736.java,1851,GLL,576,576,27496542.00,297750.00,16384,19,true,true,OK
java_tree,M,M_s667897736.java,1851,RNGLR,576,576,780729.50,12730.00,16384,20,true,true,OK
java_tree,M,M_s667897736.java,1851,BRNGLR,576,576,822312.50,19354.00,16384,20,true,true,OK
java_tree,L,L_s902845298.java,1958,TreeSitterJava,582,582,234229.50,4792.00,16384,20,true,true,OK
java_tree,L,L_s902845298.java,1958,Leo,582,582,11889729.00,229770.00,16384,20,true,true,OK
java_tree,L,L_s902845298.java,1958,GLL,582,582,21845083.50,407417.00,16384,20,true,true,OK
java_tree,L,L_s902845298.java,1958,RNGLR,582,582,690625.00,14666.50,16384,20,true,true,OK
java_tree,L,L_s902845298.java,1958,BRNGLR,582,582,724792.00,3417.00,16384,20,true,true,OK
java_tree,L,L_s897171532.java,2236,TreeSitterJava,592,592,263229.00,8437.00,16384,20,true,true,OK
java_tree,L,L_s897171532.java,2236,Leo,592,592,12052417.00,337729.50,16384,20,true,true,OK
java_tree,L,L_s897171532.java,2236,GLL,592,592,28145437.50,510187.50,16384,18,true,true,OK
java_tree,L,L_s897171532.java,2236,RNGLR,592,592,779583.50,12375.50,16384,20,true,true,OK
java_tree,L,L_s897171532.java,2236,BRNGLR,592,592,811812.50,12583.50,16384,20,true,true,OK
java_tree,L,L_s206639557.java,2899,TreeSitterJava,593,593,230917.00,1334.00,16384,20,true,true,OK
java_tree,L,L_s206639557.java,2899,Leo,593,593,10032687.50,274375.00,16384,20,true,true,OK
java_tree,L,L_s206639557.java,2899,GLL,593,593,17320937.50,424750.00,16384,20,true,true,OK
java_tree,L,L_s206639557.java,2899,RNGLR,593,593,698958.50,26104.50,16384,20,true,true,OK
java_tree,L,L_s206639557.java,2899,BRNGLR,593,593,739166.50,16166.50,16384,20,true,true,OK
java_tree,L,L_s939823112.java,1865,TreeSitterJava,637,637,249375.50,5292.00,16384,20,true,true,OK
java_tree,L,L_s939823112.java,1865,Leo,637,637,15014771.00,1299666.50,81920,20,true,true,OK
java_tree,L,L_s939823112.java,1865,GLL,637,637,35311583.00,486167.00,1720320,15,true,true,OK
java_tree,L,L_s939823112.java,1865,RNGLR,637,637,829562.50,14625.00,16384,20,true,true,OK
java_tree,L,L_s939823112.java,1865,BRNGLR,637,637,958354.00,44395.50,16384,20,true,true,OK
java_tree,L,L_s989128553.java,3795,TreeSitterJava,680,680,290479.00,833.50,16384,20,true,true,OK
java_tree,L,L_s989128553.java,3795,Leo,680,680,13650500.00,371625.50,131072,20,true,true,OK
java_tree,L,L_s989128553.java,3795,GLL,680,680,24338333.50,459375.00,16384,20,true,true,OK
java_tree,L,L_s989128553.java,3795,RNGLR,680,680,905729.00,14937.00,16384,20,true,true,OK
java_tree,L,L_s989128553.java,3795,BRNGLR,680,680,948041.50,25624.50,16384,20,true,true,OK
java_tree,L,L_s756713089.java,2589,TreeSitterJava,683,683,276333.00,3999.50,16384,20,true,true,OK
java_tree,L,L_s756713089.java,2589,Leo,683,683,14070437.50,985020.50,16384,20,true,true,OK
java_tree,L,L_s756713089.java,2589,GLL,683,683,29511667.00,523083.00,16384,17,true,true,OK
java_tree,L,L_s756713089.java,2589,RNGLR,683,683,878625.00,30708.50,16384,20,true,true,OK
java_tree,L,L_s756713089.java,2589,BRNGLR,683,683,911853.50,14229.50,16384,20,true,true,OK
java_tree,M,M_s327740130.java,2012,TreeSitterJava,685,685,261000.00,4292.00,16384,20,true,true,OK
java_tree,M,M_s327740130.java,2012,Leo,685,685,14260750.00,385250.00,114688,20,true,true,OK
java_tree,M,M_s327740130.java,2012,GLL,685,685,38041500.50,409854.00,196608,14,true,true,OK
java_tree,M,M_s327740130.java,2012,RNGLR,685,685,845250.00,10083.50,16384,20,true,true,OK
java_tree,M,M_s327740130.java,2012,BRNGLR,685,685,896583.00,11166.00,16384,20,true,true,OK
java_tree,L,L_s740473603.java,3369,TreeSitterJava,685,685,291563.00,7458.00,16384,20,true,true,OK
java_tree,L,L_s740473603.java,3369,Leo,685,685,17750271.00,572166.50,49152,20,true,true,OK
java_tree,L,L_s740473603.java,3369,GLL,685,685,27250083.50,435895.50,16384,18,true,true,OK
java_tree,L,L_s740473603.java,3369,RNGLR,685,685,897145.50,39646.00,16384,20,true,true,OK
java_tree,L,L_s740473603.java,3369,BRNGLR,685,685,880479.50,27542.00,16384,20,true,true,OK
java_tree,L,L_s009484797.java,2484,TreeSitterJava,720,720,314375.00,14562.50,16384,20,true,true,OK
java_tree,L,L_s009484797.java,2484,Leo,720,720,16597979.00,831375.00,16384,20,true,true,OK
java_tree,L,L_s009484797.java,2484,GLL,720,720,34151458.00,368251.00,16384,15,true,true,OK
java_tree,L,L_s009484797.java,2484,RNGLR,720,720,978312.00,39749.50,16384,20,true,true,OK
java_tree,L,L_s009484797.java,2484,BRNGLR,720,720,993916.50,27916.50,16384,20,true,true,OK
java_tree,L,L_s245452281.java,1955,TreeSitterJava,722,722,290562.00,3833.00,16384,20,true,true,OK
java_tree,L,L_s245452281.java,1955,Leo,722,722,17949396.00,465437.50,98304,20,true,true,OK
java_tree,L,L_s245452281.java,1955,GLL,722,722,38280562.00,209083.50,16384,14,true,true,OK
java_tree,L,L_s245452281.java,1955,RNGLR,722,722,918750.00,24563.00,16384,20,true,true,OK
java_tree,L,L_s245452281.java,1955,BRNGLR,722,722,973270.50,29520.50,16384,20,true,true,OK
java_tree,L,L_s079650138.java,3526,TreeSitterJava,735,735,293937.50,5271.00,16384,20,true,true,OK
java_tree,L,L_s079650138.java,3526,Leo,735,735,20181187.50,467437.50,131072,20,true,true,OK
java_tree,L,L_s079650138.java,3526,GLL,735,735,30032041.00,296583.00,16384,17,true,true,OK
java_tree,L,L_s079650138.java,3526,RNGLR,735,735,888875.50,8938.00,16384,20,true,true,OK
java_tree,L,L_s079650138.java,3526,BRNGLR,735,735,1020374.50,85583.00,16384,20,true,true,OK
java_tree,XL,XL_s667686699.java,7784,TreeSitterJava,749,749,330688.00,3854.50,16384,20,true,true,OK
java_tree,XL,XL_s667686699.java,7784,Leo,749,749,17949937.50,436187.50,16384,20,true,true,OK
java_tree,XL,XL_s667686699.java,7784,GLL,749,749,30130000.00,194333.00,16384,17,true,true,OK
java_tree,XL,XL_s667686699.java,7784,RNGLR,749,749,982791.50,46521.00,16384,20,true,true,OK
java_tree,XL,XL_s667686699.java,7784,BRNGLR,749,749,1007979.50,32334.00,16384,20,true,true,OK
java_tree,L,L_s981186114.java,3622,TreeSitterJava,761,761,310917.00,3771.50,16384,20,true,true,OK
java_tree,L,L_s981186114.java,3622,Leo,761,761,19295374.50,441478.50,16384,20,true,true,OK
java_tree,L,L_s981186114.java,3622,GLL,761,761,28541395.50,227937.00,16384,18,true,true,OK
java_tree,L,L_s981186114.java,3622,RNGLR,761,761,911708.00,15458.00,16384,20,true,true,OK
java_tree,L,L_s981186114.java,3622,BRNGLR,761,761,964479.00,32396.00,16384,20,true,true,OK
java_tree,L,L_s635377595.java,3551,TreeSitterJava,762,762,307249.50,4104.50,16384,20,true,true,OK
java_tree,L,L_s635377595.java,3551,Leo,762,762,20007166.50,526312.50,16384,20,true,true,OK
java_tree,L,L_s635377595.java,3551,GLL,762,762,29183042.00,274708.00,16384,17,true,true,OK
java_tree,L,L_s635377595.java,3551,RNGLR,762,762,920583.00,24874.50,16384,20,true,true,OK
java_tree,L,L_s635377595.java,3551,BRNGLR,762,762,949458.00,19520.50,16384,20,true,true,OK
java_tree,L,L_s647474496.java,2463,TreeSitterJava,782,782,308625.00,2416.50,16384,20,true,true,OK
java_tree,L,L_s647474496.java,2463,Leo,782,782,19989437.50,958208.00,180224,20,true,true,OK
java_tree,L,L_s647474496.java,2463,GLL,782,782,43122437.50,775728.50,229376,12,true,true,OK
java_tree,L,L_s647474496.java,2463,RNGLR,782,782,928271.00,12813.00,16384,20,true,true,OK
java_tree,L,L_s647474496.java,2463,BRNGLR,782,782,1071833.00,90375.00,16384,20,true,true,OK
java_tree,L,L_s961581715.java,4155,TreeSitterJava,801,801,340812.00,9250.00,16384,20,true,true,OK
java_tree,L,L_s961581715.java,4155,Leo,801,801,20215145.50,593396.00,32768,20,true,true,OK
java_tree,L,L_s961581715.java,4155,GLL,801,801,36646583.00,387270.50,16384,14,true,true,OK
java_tree,L,L_s961581715.java,4155,RNGLR,801,801,1078791.50,36542.00,16384,20,true,true,OK
java_tree,L,L_s961581715.java,4155,BRNGLR,801,801,1087375.00,14875.00,16384,20,true,true,OK
java_tree,L,L_s144559776.java,2799,TreeSitterJava,804,804,316416.50,4979.50,16384,20,true,true,OK
java_tree,L,L_s144559776.java,2799,Leo,804,804,17786604.00,477646.00,16384,20,true,true,OK
java_tree,L,L_s144559776.java,2799,GLL,804,804,28420208.00,321792.00,16384,18,true,true,OK
java_tree,L,L_s144559776.java,2799,RNGLR,804,804,1027021.00,48916.50,16384,20,true,true,OK
java_tree,L,L_s144559776.java,2799,BRNGLR,804,804,1017354.00,19687.50,16384,20,true,true,OK
java_tree,L,L_s267027674.java,2173,TreeSitterJava,817,817,332292.00,10666.50,16384,20,true,true,OK
java_tree,L,L_s267027674.java,2173,Leo,817,817,18975833.50,562354.00,16384,20,true,true,OK
java_tree,L,L_s267027674.java,2173,GLL,817,817,41370959.00,690624.00,16384,13,true,true,OK
java_tree,L,L_s267027674.java,2173,RNGLR,817,817,990021.00,19584.00,16384,20,true,true,OK
java_tree,L,L_s267027674.java,2173,BRNGLR,817,817,1062333.00,26291.50,16384,20,true,true,OK
java_tree,L,L_s962160233.java,1867,TreeSitterJava,818,818,318520.50,5625.00,16384,20,true,true,OK
java_tree,L,L_s962160233.java,1867,Leo,818,818,21055187.50,797770.50,180224,20,true,true,OK
java_tree,L,L_s962160233.java,1867,GLL,818,818,51846813.00,485604.00,2768896,10,true,true,OK
java_tree,L,L_s962160233.java,1867,RNGLR,818,818,1268208.00,30750.00,16384,20,true,true,OK
java_tree,L,L_s962160233.java,1867,BRNGLR,818,818,1392375.00,42625.00,16384,20,true,true,OK
java_tree,L,L_s190553390.java,4646,TreeSitterJava,826,826,338396.00,6437.50,16384,20,true,true,OK
java_tree,L,L_s190553390.java,4646,Leo,826,826,19739854.00,627208.00,16384,20,true,true,OK
java_tree,L,L_s190553390.java,4646,GLL,826,826,31195187.50,317916.50,16384,16,true,true,OK
java_tree,L,L_s190553390.java,4646,RNGLR,826,826,1093541.50,55291.50,16384,20,true,true,OK
java_tree,L,L_s190553390.java,4646,BRNGLR,826,826,1113833.00,30271.00,16384,20,true,true,OK
java_tree,L,L_s253329254.java,3488,TreeSitterJava,827,827,329208.00,4917.00,16384,20,true,true,OK
java_tree,L,L_s253329254.java,3488,Leo,827,827,21937792.00,527104.50,16384,20,true,true,OK
java_tree,L,L_s253329254.java,3488,GLL,827,827,33369167.00,439583.00,16384,15,true,true,OK
java_tree,L,L_s253329254.java,3488,RNGLR,827,827,1068333.00,86104.50,16384,20,true,true,OK
java_tree,L,L_s253329254.java,3488,BRNGLR,827,827,1020708.50,17563.00,16384,20,true,true,OK
java_tree,L,L_s866739259.java,3469,TreeSitterJava,835,835,360146.00,11292.00,16384,20,true,true,OK
java_tree,L,L_s866739259.java,3469,Leo,835,835,18701396.00,462791.50,16384,20,true,true,OK
java_tree,L,L_s866739259.java,3469,GLL,835,835,33610208.00,506916.00,16384,15,true,true,OK
java_tree,L,L_s866739259.java,3469,RNGLR,835,835,1096583.00,54771.00,16384,20,true,true,OK
java_tree,L,L_s866739259.java,3469,BRNGLR,835,835,1101417.00,34562.50,16384,20,true,true,OK
java_tree,L,L_s901524585.java,3581,TreeSitterJava,835,835,361354.00,4875.00,16384,20,true,true,OK
java_tree,L,L_s901524585.java,3581,Leo,835,835,18795125.00,372375.00,16384,20,true,true,OK
java_tree,L,L_s901524585.java,3581,GLL,835,835,32881708.50,291583.50,16384,16,true,true,OK
java_tree,L,L_s901524585.java,3581,RNGLR,835,835,1087687.50,26833.50,16384,20,true,true,OK
java_tree,L,L_s901524585.java,3581,BRNGLR,835,835,1362125.00,173562.50,16384,20,true,true,OK
java_tree,L,L_s305737169.java,4285,TreeSitterJava,848,848,353417.00,9084.00,16384,20,true,true,OK
java_tree,L,L_s305737169.java,4285,Leo,848,848,19124875.00,582208.50,16384,20,true,true,OK
java_tree,L,L_s305737169.java,4285,GLL,848,848,34258667.00,327958.00,16384,15,true,true,OK
java_tree,L,L_s305737169.java,4285,RNGLR,848,848,1092979.50,15895.50,16384,20,true,true,OK
java_tree,L,L_s305737169.java,4285,BRNGLR,848,848,1143541.50,24146.00,16384,20,true,true,OK
java_tree,L,L_s648489624.java,2678,TreeSitterJava,850,850,354396.00,6145.50,16384,20,true,true,OK
java_tree,L,L_s648489624.java,2678,Leo,850,850,20572604.50,1127896.00,16384,20,true,true,OK
java_tree,L,L_s648489624.java,2678,GLL,850,850,38976333.00,349000.00,16384,13,true,true,OK
java_tree,L,L_s648489624.java,2678,RNGLR,850,850,1086521.00,20958.50,16384,20,true,true,OK
java_tree,L,L_s648489624.java,2678,BRNGLR,850,850,1150562.50,43438.00,16384,20,true,true,OK
java_tree,L,L_s984158577.java,1900,TreeSitterJava,895,895,329374.50,7645.50,16384,20,true,true,OK
java_tree,L,L_s984158577.java,1900,Leo,895,895,21564791.00,915374.50,32768,20,true,true,OK
java_tree,L,L_s984158577.java,1900,GLL,895,895,46834416.00,558375.00,16384,11,true,true,OK
java_tree,L,L_s984158577.java,1900,RNGLR,895,895,1211562.00,125916.00,16384,20,true,true,OK
java_tree,L,L_s984158577.java,1900,BRNGLR,895,895,1168458.50,22312.50,16384,20,true,true,OK
java_tree,L,L_s625050694.java,3199,TreeSitterJava,896,896,359041.50,5312.50,16384,20,true,true,OK
java_tree,L,L_s625050694.java,3199,Leo,896,896,19469708.00,1046605.00,16384,20,true,true,OK
java_tree,L,L_s625050694.java,3199,GLL,896,896,32136812.50,265021.00,16384,16,true,true,OK
java_tree,L,L_s625050694.java,3199,RNGLR,896,896,1023479.00,11354.00,16384,20,true,true,OK
java_tree,L,L_s625050694.java,3199,BRNGLR,896,896,1081479.00,16895.50,16384,20,true,true,OK
java_tree,L,L_s342199534.java,2983,TreeSitterJava,901,901,359999.50,5103.50,16384,20,true,true,OK
java_tree,L,L_s342199534.java,2983,Leo,901,901,22133812.50,942958.50,16384,20,true,true,OK
java_tree,L,L_s342199534.java,2983,GLL,901,901,37611542.00,238354.00,16384,14,true,true,OK
java_tree,L,L_s342199534.java,2983,RNGLR,901,901,1098000.50,22125.00,16384,20,true,true,OK
java_tree,L,L_s342199534.java,2983,BRNGLR,901,901,1149104.00,29562.50,16384,20,true,true,OK
java_tree,L,L_s064625248.java,3800,TreeSitterJava,914,914,368958.50,3375.00,16384,20,true,true,OK
java_tree,L,L_s064625248.java,3800,Leo,914,914,23128229.00,1083916.50,81920,20,true,true,OK
java_tree,L,L_s064625248.java,3800,GLL,914,914,40108458.00,167125.00,16384,13,true,true,OK
java_tree,L,L_s064625248.java,3800,RNGLR,914,914,1116729.00,6958.50,16384,20,true,true,OK
java_tree,L,L_s064625248.java,3800,BRNGLR,914,914,1178021.00,32417.00,16384,20,true,true,OK
java_tree,L,L_s201781581.java,3478,TreeSitterJava,926,926,363458.50,1458.50,16384,20,true,true,OK
java_tree,L,L_s201781581.java,3478,Leo,926,926,20327208.00,784124.50,16384,20,true,true,OK
java_tree,L,L_s201781581.java,3478,GLL,926,926,33790667.00,285459.00,16384,15,true,true,OK
java_tree,L,L_s201781581.java,3478,RNGLR,926,926,1087396.00,6958.50,16384,20,true,true,OK
java_tree,L,L_s201781581.java,3478,BRNGLR,926,926,1146375.00,13958.00,16384,20,true,true,OK
java_tree,L,L_s950746552.java,3490,TreeSitterJava,949,949,372896.00,5125.00,16384,20,true,true,OK
java_tree,L,L_s950746552.java,3490,Leo,949,949,23736666.00,990603.00,131072,20,true,true,OK
java_tree,L,L_s950746552.java,3490,GLL,949,949,42841250.50,844812.50,16384,12,true,true,OK
java_tree,L,L_s950746552.java,3490,RNGLR,949,949,1116208.50,30979.50,16384,20,true,true,OK
java_tree,L,L_s950746552.java,3490,BRNGLR,949,949,1182875.00,26812.50,16384,20,true,true,OK
java_tree,XL,XL_s295098691.java,4052,TreeSitterJava,987,987,418708.50,9333.50,16384,20,true,true,OK
java_tree,XL,XL_s295098691.java,4052,Leo,987,987,25483729.00,1016771.00,163840,20,true,true,OK
java_tree,XL,XL_s295098691.java,4052,GLL,987,987,42687271.00,364750.00,16384,12,true,true,OK
java_tree,XL,XL_s295098691.java,4052,RNGLR,987,987,1154083.50,14458.50,16384,20,true,true,OK
java_tree,XL,XL_s295098691.java,4052,BRNGLR,987,987,1231645.50,20646.00,16384,20,true,true,OK
java_tree,XL,XL_s585687208.java,4495,TreeSitterJava,991,991,397145.50,3124.50,16384,20,true,true,OK
java_tree,XL,XL_s585687208.java,4495,Leo,991,991,21702020.50,685021.00,16384,20,true,true,OK
java_tree,XL,XL_s585687208.java,4495,GLL,991,991,35357417.00,624000.00,16384,15,true,true,OK
java_tree,XL,XL_s585687208.java,4495,RNGLR,991,991,1192562.50,22354.00,16384,20,true,true,OK
java_tree,XL,XL_s585687208.java,4495,BRNGLR,991,991,1252812.50,20354.50,16384,20,true,true,OK
java_tree,XL,XL_s936973060.java,5293,TreeSitterJava,1000,1000,409666.50,12062.00,16384,20,true,true,OK
java_tree,XL,XL_s936973060.java,5293,Leo,1000,1000,23603479.00,946749.50,16384,20,true,true,OK
java_tree,XL,XL_s936973060.java,5293,GLL,1000,1000,41675770.50,375187.00,16384,12,true,true,OK
java_tree,XL,XL_s936973060.java,5293,RNGLR,1000,1000,1262416.50,30125.00,16384,20,true,true,OK
java_tree,XL,XL_s936973060.java,5293,BRNGLR,1000,1000,1351499.50,14854.00,16384,20,true,true,OK
java_tree,L,L_s799283876.java,3906,TreeSitterJava,1054,1054,466208.50,7416.50,16384,20,true,true,OK
java_tree,L,L_s799283876.java,3906,Leo,1054,1054,25530645.50,911062.00,81920,20,true,true,OK
java_tree,L,L_s799283876.java,3906,GLL,1054,1054,43935417.00,418187.50,16384,12,true,true,OK
java_tree,L,L_s799283876.java,3906,RNGLR,1054,1054,1288750.00,14895.50,16384,20,true,true,OK
java_tree,L,L_s799283876.java,3906,BRNGLR,1054,1054,1336749.50,14688.00,16384,20,true,true,OK
java_tree,XL,XL_s769694814.java,4842,TreeSitterJava,1075,1075,459354.00,7458.50,16384,20,true,true,OK
java_tree,XL,XL_s769694814.java,4842,Leo,1075,1075,28506437.50,926417.00,98304,18,true,true,OK
java_tree,XL,XL_s769694814.java,4842,GLL,1075,1075,54466729.00,499395.50,2359296,10,true,true,OK
java_tree,XL,XL_s769694814.java,4842,RNGLR,1075,1075,1416375.00,18917.00,16384,20,true,true,OK
java_tree,XL,XL_s769694814.java,4842,BRNGLR,1075,1075,1593229.50,96500.50,16384,20,true,true,OK
java_tree,L,L_s230225873.java,5827,TreeSitterJava,1079,1079,481666.50,9458.00,16384,20,true,true,OK
java_tree,L,L_s230225873.java,5827,Leo,1079,1079,23893416.50,729646.00,16384,20,true,true,OK
java_tree,L,L_s230225873.java,5827,GLL,1079,1079,50546125.00,933791.50,2523136,10,true,true,OK
java_tree,L,L_s230225873.java,5827,RNGLR,1079,1079,1374771.00,21896.00,16384,20,true,true,OK
java_tree,L,L_s230225873.java,5827,BRNGLR,1079,1079,1488562.50,49416.00,16384,20,true,true,OK
java_tree,XL,XL_s181229603.java,5750,TreeSitterJava,1107,1107,447916.00,7812.50,16384,20,true,true,OK
java_tree,XL,XL_s181229603.java,5750,Leo,1107,1107,28249166.50,611708.50,16384,18,true,true,OK
java_tree,XL,XL_s181229603.java,5750,GLL,1107,1107,50769083.50,536625.00,2539520,10,true,true,OK
java_tree,XL,XL_s181229603.java,5750,RNGLR,1107,1107,1479854.00,88770.50,16384,20,true,true,OK
java_tree,XL,XL_s181229603.java,5750,BRNGLR,1107,1107,1527291.50,63416.50,16384,20,true,true,OK
java_tree,L,L_s860769642.java,4519,TreeSitterJava,1141,1141,439396.00,9229.50,16384,20,true,true,OK
java_tree,L,L_s860769642.java,4519,Leo,1141,1141,28223125.50,803917.00,180224,18,true,true,OK
java_tree,L,L_s860769642.java,4519,GLL,1141,1141,47516708.00,431500.00,2260992,11,true,true,OK
java_tree,L,L_s860769642.java,4519,RNGLR,1141,1141,1447458.00,31833.50,16384,20,true,true,OK
java_tree,L,L_s860769642.java,4519,BRNGLR,1141,1141,1487646.00,22229.00,16384,20,true,true,OK
java_tree,L,L_s958579125.java,3955,TreeSitterJava,1184,1184,478229.00,3146.00,16384,20,true,true,OK
java_tree,L,L_s958579125.java,3955,Leo,1184,1184,27937333.00,501416.50,16384,18,true,true,OK
java_tree,L,L_s958579125.java,3955,GLL,1184,1184,48439666.00,448166.00,2310144,11,true,true,OK
java_tree,L,L_s958579125.java,3955,RNGLR,1184,1184,1449729.00,22813.00,16384,20,true,true,OK
java_tree,L,L_s958579125.java,3955,BRNGLR,1184,1184,1480916.50,21083.50,16384,20,true,true,OK
java_tree,XL,XL_s621966189.java,4090,TreeSitterJava,1186,1186,513708.50,26728.50,16384,20,true,true,OK
java_tree,XL,XL_s621966189.java,4090,Leo,1186,1186,31045875.00,883416.50,147456,16,true,true,OK
java_tree,XL,XL_s621966189.java,4090,GLL,1186,1186,60080708.00,208271.00,2457600,10,true,true,OK
java_tree,XL,XL_s621966189.java,4090,RNGLR,1186,1186,1525083.50,26229.00,16384,20,true,true,OK
java_tree,XL,XL_s621966189.java,4090,BRNGLR,1186,1186,1589250.00,27979.00,16384,20,true,true,OK
java_tree,XL,XL_s016810369.java,4724,TreeSitterJava,1198,1198,486354.00,4791.50,16384,20,true,true,OK
java_tree,XL,XL_s016810369.java,4724,Leo,1198,1198,29824250.00,1156709.00,16384,17,true,true,OK
java_tree,XL,XL_s016810369.java,4724,GLL,1198,1198,54291979.00,972854.00,2260992,10,true,true,OK
java_tree,XL,XL_s016810369.java,4724,RNGLR,1198,1198,1551937.50,35250.50,16384,20,true,true,OK
java_tree,XL,XL_s016810369.java,4724,BRNGLR,1198,1198,1574104.00,24750.00,16384,20,true,true,OK
java_tree,XL,XL_s406625269.java,5124,TreeSitterJava,1214,1214,500062.50,7437.00,16384,20,true,true,OK
java_tree,XL,XL_s406625269.java,5124,Leo,1214,1214,28054521.00,703729.50,16384,18,true,true,OK
java_tree,XL,XL_s406625269.java,5124,GLL,1214,1214,49828499.50,415271.00,2277376,10,true,true,OK
java_tree,XL,XL_s406625269.java,5124,RNGLR,1214,1214,1592103.50,29792.00,16384,20,true,true,OK
java_tree,XL,XL_s406625269.java,5124,BRNGLR,1214,1214,1642333.00,28687.00,16384,20,true,true,OK
java_tree,XL,XL_s060765120.java,4500,TreeSitterJava,1228,1228,493708.00,3416.50,16384,20,true,true,OK
java_tree,XL,XL_s060765120.java,4500,Leo,1228,1228,32360667.00,755187.50,32768,16,true,true,OK
java_tree,XL,XL_s060765120.java,4500,GLL,1228,1228,52032854.00,742687.50,2179072,10,true,true,OK
java_tree,XL,XL_s060765120.java,4500,RNGLR,1228,1228,1511896.00,19375.50,16384,20,true,true,OK
java_tree,XL,XL_s060765120.java,4500,BRNGLR,1228,1228,1578479.00,31562.00,16384,20,true,true,OK
java_tree,L,L_s436367814.java,5036,TreeSitterJava,1235,1235,497375.00,6479.50,16384,20,true,true,OK
java_tree,L,L_s436367814.java,5036,Leo,1235,1235,31964791.50,551208.00,81920,16,true,true,OK
java_tree,L,L_s436367814.java,5036,GLL,1235,1235,66317854.50,619959.00,2228224,10,true,true,OK
java_tree,L,L_s436367814.java,5036,RNGLR,1235,1235,2310562.00,95291.00,16384,20,true,true,OK
java_tree,L,L_s436367814.java,5036,BRNGLR,1235,1235,2418145.50,76249.50,16384,20,true,true,OK
java_tree,M,M_s227086674.java,3790,TreeSitterJava,1270,1270,545458.50,3208.50,16384,20,true,true,OK
java_tree,M,M_s227086674.java,3790,Leo,1270,1270,29427083.00,599292.00,16384,17,true,true,OK
java_tree,M,M_s227086674.java,3790,GLL,1270,1270,49337667.00,394042.00,2048000,11,true,true,OK
java_tree,M,M_s227086674.java,3790,RNGLR,1270,1270,1618750.50,17417.00,16384,20,true,true,OK
java_tree,M,M_s227086674.java,3790,BRNGLR,1270,1270,1727354.00,56916.50,16384,20,true,true,OK
java_tree,L,L_s393852806.java,3395,TreeSitterJava,1288,1288,546770.50,12500.00,16384,20,true,true,OK
java_tree,L,L_s393852806.java,3395,Leo,1288,1288,28011625.00,449979.50,81920,18,true,true,OK
java_tree,L,L_s393852806.java,3395,GLL,1288,1288,61126729.00,552708.50,2162688,10,true,true,OK
java_tree,L,L_s393852806.java,3395,RNGLR,1288,1288,1563479.00,11062.50,16384,20,true,true,OK
java_tree,L,L_s393852806.java,3395,BRNGLR,1288,1288,1784187.50,110770.50,16384,20,true,true,OK
java_tree,XL,XL_s242158262.java,6246,TreeSitterJava,1289,1289,476687.50,4875.00,16384,20,true,true,OK
java_tree,XL,XL_s242158262.java,6246,Leo,1289,1289,41698542.00,662458.00,196608,13,true,true,OK
java_tree,XL,XL_s242158262.java,6246,GLL,1289,1289,63190958.50,541667.00,2408448,10,true,true,OK
java_tree,XL,XL_s242158262.java,6246,RNGLR,1289,1289,1473688.00,29041.50,16384,20,true,true,OK
java_tree,XL,XL_s242158262.java,6246,BRNGLR,1289,1289,1568063.00,39687.50,16384,20,true,true,OK
java_tree,XL,XL_s811427384.java,4988,TreeSitterJava,1345,1345,529938.00,7354.00,16384,20,true,true,OK
java_tree,XL,XL_s811427384.java,4988,Leo,1345,1345,33555334.00,1004500.00,16384,15,true,true,OK
java_tree,XL,XL_s811427384.java,4988,GLL,1345,1345,52142479.00,602875.00,2375680,10,true,true,OK
java_tree,XL,XL_s811427384.java,4988,RNGLR,1345,1345,1615250.50,19625.50,16384,20,true,true,OK
java_tree,XL,XL_s811427384.java,4988,BRNGLR,1345,1345,1660750.00,12145.50,16384,20,true,true,OK
java_tree,XL,XL_s946591960.java,4918,TreeSitterJava,1347,1347,546917.00,7437.50,16384,20,true,true,OK
java_tree,XL,XL_s946591960.java,4918,Leo,1347,1347,36284125.00,1089834.00,16384,14,true,true,OK
java_tree,XL,XL_s946591960.java,4918,GLL,1347,1347,61420708.50,439521.00,2441216,10,true,true,OK
java_tree,XL,XL_s946591960.java,4918,RNGLR,1347,1347,1694604.00,26395.50,16384,20,true,true,OK
java_tree,XL,XL_s946591960.java,4918,BRNGLR,1347,1347,1749209.00,30875.50,16384,20,true,true,OK
java_tree,XL,XL_s282389784.java,5774,TreeSitterJava,1348,1348,575771.00,27083.50,16384,20,true,true,OK
java_tree,XL,XL_s282389784.java,5774,Leo,1348,1348,36020416.50,631604.00,16384,14,true,true,OK
java_tree,XL,XL_s282389784.java,5774,GLL,1348,1348,56698187.50,548708.50,2342912,10,true,true,OK
java_tree,XL,XL_s282389784.java,5774,RNGLR,1348,1348,1624541.50,13229.00,16384,20,true,true,OK
java_tree,XL,XL_s282389784.java,5774,BRNGLR,1348,1348,1710729.50,38000.00,16384,20,true,true,OK
java_tree,XL,XL_s075849650.java,4609,TreeSitterJava,1356,1356,563708.50,9083.50,16384,20,true,true,OK
java_tree,XL,XL_s075849650.java,4609,Leo,1356,1356,34120750.00,581333.00,16384,15,true,true,OK
java_tree,XL,XL_s075849650.java,4609,GLL,1356,1356,56431437.00,1097583.50,2228224,10,true,true,OK
java_tree,XL,XL_s075849650.java,4609,RNGLR,1356,1356,1805562.50,49750.00,16384,20,true,true,OK
java_tree,XL,XL_s075849650.java,4609,BRNGLR,1356,1356,1849791.00,33604.00,16384,20,true,true,OK
java_tree,XL,XL_s034245612.java,5031,TreeSitterJava,1358,1358,570583.00,4792.00,16384,20,true,true,OK
java_tree,XL,XL_s034245612.java,5031,Leo,1358,1358,36847937.00,357041.50,16384,14,true,true,OK
java_tree,XL,XL_s034245612.java,5031,GLL,1358,1358,57625396.00,734271.00,2195456,10,true,true,OK
java_tree,XL,XL_s034245612.java,5031,RNGLR,1358,1358,1655812.50,20021.00,16384,20,true,true,OK
java_tree,XL,XL_s034245612.java,5031,BRNGLR,1358,1358,1686521.00,13104.50,16384,20,true,true,OK
java_tree,L,L_s565229106.java,5696,TreeSitterJava,1364,1364,545708.50,11791.50,16384,20,true,true,OK
java_tree,L,L_s565229106.java,5696,Leo,1364,1364,38303792.00,216625.00,98304,14,true,true,OK
java_tree,L,L_s565229106.java,5696,GLL,1364,1364,74522667.00,1250771.50,2572288,10,true,true,OK
java_tree,L,L_s565229106.java,5696,RNGLR,1364,1364,1689604.00,47916.50,16384,20,true,true,OK
java_tree,L,L_s565229106.java,5696,BRNGLR,1364,1364,1725583.50,30187.50,16384,20,true,true,OK
java_tree,XL,XL_s072974401.java,5082,TreeSitterJava,1407,1407,585188.00,7166.50,16384,20,true,true,OK
java_tree,XL,XL_s072974401.java,5082,Leo,1407,1407,39095500.00,315833.00,16384,13,true,true,OK
java_tree,XL,XL_s072974401.java,5082,GLL,1407,1407,61266604.00,367896.00,2260992,10,true,true,OK
java_tree,XL,XL_s072974401.java,5082,RNGLR,1407,1407,1764375.00,31791.50,16384,20,true,true,OK
java_tree,XL,XL_s072974401.java,5082,BRNGLR,1407,1407,1815896.00,23563.00,16384,20,true,true,OK
java_tree,XL,XL_s852831063.java,5323,TreeSitterJava,1420,1420,600875.50,6499.50,16384,20,true,true,OK
java_tree,XL,XL_s852831063.java,5323,Leo,1420,1420,36921792.00,884334.00,16384,13,true,true,OK
java_tree,XL,XL_s852831063.java,5323,GLL,1420,1420,62981104.50,584229.50,2588672,10,true,true,OK
java_tree,XL,XL_s852831063.java,5323,RNGLR,1420,1420,1774437.00,13687.00,16384,20,true,true,OK
java_tree,XL,XL_s852831063.java,5323,BRNGLR,1420,1420,1869916.50,33978.50,16384,20,true,true,OK
java_tree,XL,XL_s698291739.java,5758,TreeSitterJava,1422,1422,591541.50,3937.50,16384,20,true,true,OK
java_tree,XL,XL_s698291739.java,5758,Leo,1422,1422,36671416.50,471438.00,16384,14,true,true,OK
java_tree,XL,XL_s698291739.java,5758,GLL,1422,1422,57708521.00,609271.00,2359296,10,true,true,OK
java_tree,XL,XL_s698291739.java,5758,RNGLR,1422,1422,1757833.00,16249.50,16384,20,true,true,OK
java_tree,XL,XL_s698291739.java,5758,BRNGLR,1422,1422,1866771.00,41771.00,16384,20,true,true,OK
java_tree,XL,XL_s742207234.java,6062,TreeSitterJava,1429,1429,602437.50,17021.00,16384,20,true,true,OK
java_tree,XL,XL_s742207234.java,6062,Leo,1429,1429,37446375.00,631000.00,16384,14,true,true,OK
java_tree,XL,XL_s742207234.java,6062,GLL,1429,1429,62137854.00,523479.00,2342912,10,true,true,OK
java_tree,XL,XL_s742207234.java,6062,RNGLR,1429,1429,1753062.50,28583.50,16384,20,true,true,OK
java_tree,XL,XL_s742207234.java,6062,BRNGLR,1429,1429,1807896.00,22604.50,16384,20,true,true,OK
java_tree,L,L_s034191650.java,4040,TreeSitterJava,1463,1463,584041.50,8145.50,16384,20,true,true,OK
java_tree,L,L_s034191650.java,4040,Leo,1463,1463,40123584.00,1030542.00,114688,13,true,true,OK
java_tree,L,L_s034191650.java,4040,GLL,1463,1463,75454208.50,728104.00,2408448,10,true,true,OK
java_tree,L,L_s034191650.java,4040,RNGLR,1463,1463,2033208.00,16895.50,16384,20,true,true,OK
java_tree,L,L_s034191650.java,4040,BRNGLR,1463,1463,2161479.50,14667.00,16384,20,true,true,OK
java_tree,XL,XL_s542762429.java,6145,TreeSitterJava,1519,1519,615021.00,11062.50,16384,20,true,true,OK
java_tree,XL,XL_s542762429.java,6145,Leo,1519,1519,39684834.00,595333.00,16384,13,true,true,OK
java_tree,XL,XL_s542762429.java,6145,GLL,1519,1519,61010145.50,460562.00,2408448,10,true,true,OK
java_tree,XL,XL_s542762429.java,6145,RNGLR,1519,1519,1797125.00,24416.50,16384,20,true,true,OK
java_tree,XL,XL_s542762429.java,6145,BRNGLR,1519,1519,1917958.50,55395.50,16384,20,true,true,OK
java_tree,XL,XL_s787014794.java,7179,TreeSitterJava,1530,1530,605417.00,2354.00,16384,20,true,true,OK
java_tree,XL,XL_s787014794.java,7179,Leo,1530,1530,42524771.00,625312.00,16384,12,true,true,OK
java_tree,XL,XL_s787014794.java,7179,GLL,1530,1530,69892000.00,682479.50,2326528,10,true,true,OK
java_tree,XL,XL_s787014794.java,7179,RNGLR,1530,1530,1882792.00,26521.00,16384,20,true,true,OK
java_tree,XL,XL_s787014794.java,7179,BRNGLR,1530,1530,1980396.00,32853.50,16384,20,true,true,OK
java_tree,XL,XL_s183129044.java,5097,TreeSitterJava,1535,1535,625604.00,10520.50,16384,20,true,true,OK
java_tree,XL,XL_s183129044.java,5097,Leo,1535,1535,41753104.50,440042.00,16384,12,true,true,OK
java_tree,XL,XL_s183129044.java,5097,GLL,1535,1535,67822499.50,1121812.50,2424832,10,true,true,OK
java_tree,XL,XL_s183129044.java,5097,RNGLR,1535,1535,1804354.50,11813.00,16384,20,true,true,OK
java_tree,XL,XL_s183129044.java,5097,BRNGLR,1535,1535,1968604.00,107479.00,16384,20,true,true,OK
java_tree,XL,XL_s203521442.java,6174,TreeSitterJava,1543,1543,641375.00,11937.50,16384,20,true,true,OK
java_tree,XL,XL_s203521442.java,6174,Leo,1543,1543,39134520.50,1486458.50,32768,12,true,true,OK
java_tree,XL,XL_s203521442.java,6174,GLL,1543,1543,65996541.50,516041.50,2359296,10,true,true,OK
java_tree,XL,XL_s203521442.java,6174,RNGLR,1543,1543,1844062.50,30458.50,16384,20,true,true,OK
java_tree,XL,XL_s203521442.java,6174,BRNGLR,1543,1543,1915396.00,24145.50,16384,20,true,true,OK
java_tree,XL,XL_s378836723.java,5899,TreeSitterJava,1545,1545,598166.50,4500.00,16384,20,true,true,OK
java_tree,XL,XL_s378836723.java,5899,Leo,1545,1545,44359646.00,867792.00,32768,12,true,true,OK
java_tree,XL,XL_s378836723.java,5899,GLL,1545,1545,66003479.00,634250.00,2179072,10,true,true,OK
java_tree,XL,XL_s378836723.java,5899,RNGLR,1545,1545,1879458.00,25749.50,16384,20,true,true,OK
java_tree,XL,XL_s378836723.java,5899,BRNGLR,1545,1545,1964021.00,43625.50,16384,20,true,true,OK
java_tree,XL,XL_s510538880.java,4947,TreeSitterJava,1568,1568,633770.50,4707.50,16384,20,true,true,OK
java_tree,XL,XL_s510538880.java,4947,Leo,1568,1568,40276125.00,563959.00,32768,13,true,true,OK
java_tree,XL,XL_s510538880.java,4947,GLL,1568,1568,79997667.00,674084.00,2310144,10,true,true,OK
java_tree,XL,XL_s510538880.java,4947,RNGLR,1568,1568,1895896.00,24459.00,16384,20,true,true,OK
java_tree,XL,XL_s510538880.java,4947,BRNGLR,1568,1568,1950208.00,47771.00,16384,20,true,true,OK
java_tree,XL,XL_s098969951.java,6591,TreeSitterJava,1574,1574,675499.50,8374.50,16384,20,true,true,OK
java_tree,XL,XL_s098969951.java,6591,Leo,1574,1574,42504541.50,650646.00,16384,12,true,true,OK
java_tree,XL,XL_s098969951.java,6591,GLL,1574,1574,71286313.00,876834.00,2408448,10,true,true,OK
java_tree,XL,XL_s098969951.java,6591,RNGLR,1574,1574,2045104.00,139250.00,16384,20,true,true,OK
java_tree,XL,XL_s098969951.java,6591,BRNGLR,1574,1574,2007125.00,54209.00,16384,20,true,true,OK
java_tree,XL,XL_s748519636.java,6748,TreeSitterJava,1628,1628,657687.50,8708.50,16384,20,true,true,OK
java_tree,XL,XL_s748519636.java,6748,Leo,1628,1628,43694084.00,426500.50,16384,12,true,true,OK
java_tree,XL,XL_s748519636.java,6748,GLL,1628,1628,73076604.50,545709.00,2473984,10,true,true,OK
java_tree,XL,XL_s748519636.java,6748,RNGLR,1628,1628,1977708.00,33041.50,16384,20,true,true,OK
java_tree,XL,XL_s748519636.java,6748,BRNGLR,1628,1628,2162521.00,118792.00,16384,20,true,true,OK
java_tree,XL,XL_s658870276.java,7567,TreeSitterJava,1634,1634,668812.50,16625.50,16384,20,true,true,OK
java_tree,XL,XL_s658870276.java,7567,Leo,1634,1634,45714875.00,374292.00,131072,11,true,true,OK
java_tree,XL,XL_s658870276.java,7567,GLL,1634,1634,80316541.50,1078729.50,2457600,10,true,true,OK
java_tree,XL,XL_s658870276.java,7567,RNGLR,1634,1634,2005542.00,30355.00,16384,20,true,true,OK
java_tree,XL,XL_s658870276.java,7567,BRNGLR,1634,1634,2061729.50,17520.50,16384,20,true,true,OK
java_tree,XL,XL_s174959820.java,6979,TreeSitterJava,1642,1642,700187.50,17708.50,16384,20,true,true,OK
java_tree,XL,XL_s174959820.java,6979,Leo,1642,1642,42367063.00,367583.00,16384,12,true,true,OK
java_tree,XL,XL_s174959820.java,6979,GLL,1642,1642,65274750.50,248063.00,2408448,10,true,true,OK
java_tree,XL,XL_s174959820.java,6979,RNGLR,1642,1642,2026145.50,17521.00,16384,20,true,true,OK
java_tree,XL,XL_s174959820.java,6979,BRNGLR,1642,1642,2098229.00,26187.00,16384,20,true,true,OK
java_tree,XL,XL_s818920581.java,6886,TreeSitterJava,1691,1691,699667.00,15729.00,16384,20,true,true,OK
java_tree,XL,XL_s818920581.java,6886,Leo,1691,1691,42608312.00,536333.00,16384,12,true,true,OK
java_tree,XL,XL_s818920581.java,6886,GLL,1691,1691,72266479.00,534917.00,2244608,10,true,true,OK
java_tree,XL,XL_s818920581.java,6886,RNGLR,1691,1691,2227708.50,55729.50,16384,20,true,true,OK
java_tree,XL,XL_s818920581.java,6886,BRNGLR,1691,1691,2199041.50,51146.00,16384,20,true,true,OK
java_tree,XL,XL_s649539277.java,7465,TreeSitterJava,1747,1747,705917.00,10729.50,16384,20,true,true,OK
java_tree,XL,XL_s649539277.java,7465,Leo,1747,1747,47294500.00,947666.00,16384,11,true,true,OK
java_tree,XL,XL_s649539277.java,7465,GLL,1747,1747,81112583.50,1210604.00,2359296,10,true,true,OK
java_tree,XL,XL_s649539277.java,7465,RNGLR,1747,1747,2152979.50,48021.00,16384,20,true,true,OK
java_tree,XL,XL_s649539277.java,7465,BRNGLR,1747,1747,2222063.00,33709.00,16384,20,true,true,OK
java_tree,XL,XL_s239068655.java,8968,TreeSitterJava,1771,1771,800312.00,32290.50,16384,20,true,true,OK
java_tree,XL,XL_s239068655.java,8968,Leo,1771,1771,43369542.00,432916.50,16384,12,true,true,OK
java_tree,XL,XL_s239068655.java,8968,GLL,1771,1771,68071666.50,771666.50,2490368,10,true,true,OK
java_tree,XL,XL_s239068655.java,8968,RNGLR,1771,1771,2176937.00,38895.00,16384,20,true,true,OK
java_tree,XL,XL_s239068655.java,8968,BRNGLR,1771,1771,2260374.50,29999.50,16384,20,true,true,OK
java_tree,XL,XL_s369455670.java,21728,TreeSitterJava,1772,1772,860229.50,33479.50,16384,20,true,true,OK
java_tree,XL,XL_s369455670.java,21728,Leo,1772,1772,0.00,0.00,0,0,false,false,PARSE_FAIL
java_tree,XL,XL_s369455670.java,21728,GLL,1772,1772,66807979.00,758334.00,2195456,10,true,true,OK
java_tree,XL,XL_s369455670.java,21728,RNGLR,1772,1772,2140666.50,19395.50,16384,20,true,true,OK
java_tree,XL,XL_s369455670.java,21728,BRNGLR,1772,1772,2232875.50,26333.50,16384,20,true,true,OK
java_tree,XL,XL_s784724449.java,6287,TreeSitterJava,1789,1789,691604.00,6625.00,16384,20,true,true,OK
java_tree,XL,XL_s784724449.java,6287,Leo,1789,1789,44323333.00,762937.00,16384,12,true,true,OK
java_tree,XL,XL_s784724449.java,6287,GLL,1789,1789,71753958.00,457792.00,2310144,10,true,true,OK
java_tree,XL,XL_s784724449.java,6287,RNGLR,1789,1789,2141604.00,29166.50,16384,20,true,true,OK
java_tree,XL,XL_s784724449.java,6287,BRNGLR,1789,1789,2262333.00,25729.50,16384,20,true,true,OK
java_tree,XL,XL_s934458528.java,9348,TreeSitterJava,1809,1809,777000.00,20937.50,16384,20,true,true,OK
java_tree,XL,XL_s934458528.java,9348,Leo,1809,1809,48698708.00,1168000.00,49152,11,true,true,OK
java_tree,XL,XL_s934458528.java,9348,GLL,1809,1809,78670916.50,359688.00,2293760,10,true,true,OK
java_tree,XL,XL_s934458528.java,9348,RNGLR,1809,1809,2148250.00,27458.00,16384,20,true,true,OK
java_tree,XL,XL_s934458528.java,9348,BRNGLR,1809,1809,2565917.00,189708.50,16384,20,true,true,OK
java_tree,XL,XL_s592208427.java,8261,TreeSitterJava,2055,2055,813833.50,9896.00,16384,20,true,true,OK
java_tree,XL,XL_s592208427.java,8261,Leo,2055,2055,61587374.50,1044271.00,245760,10,true,true,OK
java_tree,XL,XL_s592208427.java,8261,GLL,2055,2055,120549438.00,1991396.00,8077312,10,true,true,OK
java_tree,XL,XL_s592208427.java,8261,RNGLR,2055,2055,4411083.50,180062.50,32768,20,true,true,OK
java_tree,XL,XL_s592208427.java,8261,BRNGLR,2055,2055,4278979.00,47041.50,16384,20,true,true,OK
java_tree,XL,XL_s747710517.java,7289,TreeSitterJava,2211,2211,904833.50,10833.00,16384,20,true,true,OK
java_tree,XL,XL_s747710517.java,7289,Leo,2211,2211,52295687.50,1068854.00,16384,10,true,true,OK
java_tree,XL,XL_s747710517.java,7289,GLL,2211,2211,84536583.50,927708.50,2031616,10,true,true,OK
java_tree,XL,XL_s747710517.java,7289,RNGLR,2211,2211,2714292.00,79604.50,16384,20,true,true,OK
java_tree,XL,XL_s747710517.java,7289,BRNGLR,2211,2211,2818917.00,40708.00,16384,20,true,true,OK
java_tree,XL,XL_s224031996.java,7680,TreeSitterJava,2638,2638,1028854.00,12187.00,16384,20,true,true,OK
java_tree,XL,XL_s224031996.java,7680,Leo,2638,2638,72981896.00,1416312.50,360448,10,true,true,OK
java_tree,XL,XL_s224031996.java,7680,GLL,2638,2638,130896271.50,1393083.50,7536640,10,true,true,OK
java_tree,XL,XL_s224031996.java,7680,RNGLR,2638,2638,3415625.50,95542.50,16384,20,true,true,OK
java_tree,XL,XL_s224031996.java,7680,BRNGLR,2638,2638,3473979.50,55167.00,16384,20,true,true,OK
java_tree,XL,XL_s542843376.java,12224,TreeSitterJava,2803,2803,1210645.50,35167.00,16384,20,true,true,OK
java_tree,XL,XL_s542843376.java,12224,Leo,2803,2803,81058416.50,638646.00,81920,10,true,true,OK
java_tree,XL,XL_s542843376.java,12224,GLL,2803,2803,151065229.00,861645.50,4653056,10,true,true,OK
java_tree,XL,XL_s542843376.java,12224,RNGLR,2803,2803,3531854.00,55667.00,32768,20,true,true,OK
java_tree,XL,XL_s542843376.java,12224,BRNGLR,2803,2803,3709145.50,78749.50,16384,20,true,true,OK
java_tree,XL,XL_s476778069.java,17244,TreeSitterJava,2870,2870,1361375.50,46229.00,16384,20,true,true,OK
java_tree,XL,XL_s476778069.java,17244,Leo,2870,2870,78989749.50,895958.50,147456,10,true,true,OK
java_tree,XL,XL_s476778069.java,17244,GLL,2870,2870,140238791.50,797250.50,7503872,10,true,true,OK
java_tree,XL,XL_s476778069.java,17244,RNGLR,2870,2870,3499708.50,47062.00,16384,20,true,true,OK
java_tree,XL,XL_s476778069.java,17244,BRNGLR,2870,2870,3646812.00,79395.50,16384,20,true,true,OK
java_tree,XL,XL_s109102335.java,10924,TreeSitterJava,3240,3240,1339125.00,16146.00,16384,20,true,true,OK
java_tree,XL,XL_s109102335.java,10924,Leo,3240,3240,80113333.50,209812.50,98304,10,true,true,OK
java_tree,XL,XL_s109102335.java,10924,GLL,3240,3240,132048708.00,670375.00,7340032,10,true,true,OK
java_tree,XL,XL_s109102335.java,10924,RNGLR,3240,3240,4028312.50,88083.50,16384,20,true,true,OK
java_tree,XL,XL_s109102335.java,10924,BRNGLR,3240,3240,4531604.00,276354.00,16384,20,true,true,OK
java_tree,XL,XL_s567575697.java,30193,TreeSitterJava,3648,3648,1670854.00,18270.50,16384,20,true,true,OK
java_tree,XL,XL_s567575697.java,30193,Leo,3648,3648,0.00,0.00,0,0,false,false,PARSE_FAIL
java_tree,XL,XL_s567575697.java,30193,GLL,3648,3648,173556604.00,585979.50,7634944,10,true,true,OK
java_tree,XL,XL_s567575697.java,30193,RNGLR,3648,3648,4554833.50,125583.50,32768,20,true,true,OK
java_tree,XL,XL_s567575697.java,30193,BRNGLR,3648,3648,5145625.00,245187.00,16384,20,true,true,OK
java_tree,XL,XL_s651954226.java,10993,TreeSitterJava,3690,3690,1449104.50,9729.50,16384,20,true,true,OK
java_tree,XL,XL_s651954226.java,10993,Leo,3690,3690,107847458.00,856750.00,229376,10,true,true,OK
java_tree,XL,XL_s651954226.java,10993,GLL,3690,3690,189113479.00,1655666.50,7471104,10,true,true,OK
java_tree,XL,XL_s651954226.java,10993,RNGLR,3690,3690,4892021.00,302563.00,32768,20,true,true,OK
java_tree,XL,XL_s651954226.java,10993,BRNGLR,3690,3690,5025250.00,102354.00,16384,20,true,true,OK
java_tree,XL,XL_s777160482.java,15152,TreeSitterJava,3720,3720,1558458.50,25521.00,16384,20,true,true,OK
java_tree,XL,XL_s777160482.java,15152,Leo,3720,3720,107383416.50,1067917.00,16384,10,true,true,OK
java_tree,XL,XL_s777160482.java,15152,GLL,3720,3720,173174520.50,565520.50,7634944,10,true,true,OK
java_tree,XL,XL_s777160482.java,15152,RNGLR,3720,3720,4572854.00,177541.50,16384,20,true,true,OK
java_tree,XL,XL_s777160482.java,15152,BRNGLR,3720,3720,4840896.00,147438.00,16384,20,true,true,OK
java_tree,XL,XL_s825371826.java,17920,TreeSitterJava,3972,3972,1672208.50,16958.50,16384,20,true,true,OK
java_tree,XL,XL_s825371826.java,17920,Leo,3972,3972,111789104.00,596729.00,131072,10,true,true,OK
java_tree,XL,XL_s825371826.java,17920,GLL,3972,3972,192704333.50,540000.00,7290880,10,true,true,OK
java_tree,XL,XL_s825371826.java,17920,RNGLR,3972,3972,5093000.00,213437.50,16384,20,true,true,OK
java_tree,XL,XL_s825371826.java,17920,BRNGLR,3972,3972,5855208.50,363417.50,16384,20,true,true,OK
java_tree,XL,XL_s294504207.java,15114,TreeSitterJava,5251,5251,2079333.50,21291.50,16384,20,true,true,OK
java_tree,XL,XL_s294504207.java,15114,Leo,5251,5251,154378833.50,742646.00,278528,10,true,true,OK
java_tree,XL,XL_s294504207.java,15114,GLL,5251,5251,286741916.50,1426021.00,0,10,true,true,OK
java_tree,XL,XL_s294504207.java,15114,RNGLR,5251,5251,6884479.50,249541.50,16384,20,true,true,OK
java_tree,XL,XL_s294504207.java,15114,BRNGLR,5251,5251,7195520.50,284333.00,16384,20,true,true,OK
java_tree,XL,XL_s223238594.java,18534,TreeSitterJava,5901,5901,2418604.00,35479.00,32768,20,true,true,OK
java_tree,XL,XL_s223238594.java,18534,Leo,5901,5901,168313458.00,788562.50,196608,10,true,true,OK
java_tree,XL,XL_s223238594.java,18534,GLL,5901,5901,293420625.00,782687.50,13221888,10,true,true,OK
java_tree,XL,XL_s223238594.java,18534,RNGLR,5901,5901,7562562.50,206541.50,16384,20,true,true,OK
java_tree,XL,XL_s223238594.java,18534,BRNGLR,5901,5901,8048291.50,159374.50,16384,20,true,true,OK
java_tree,XL,XL_s898230853.java,19336,TreeSitterJava,6691,6691,2661229.50,22666.50,16384,20,true,true,OK
java_tree,XL,XL_s898230853.java,19336,Leo,6691,6691,171680479.50,457354.50,32768,10,true,true,OK
java_tree,XL,XL_s898230853.java,19336,GLL,6691,6691,307849479.00,406458.50,15613952,10,true,true,OK
java_tree,XL,XL_s898230853.java,19336,RNGLR,6691,6691,9053187.50,278834.00,16384,20,true,true,OK
java_tree,XL,XL_s898230853.java,19336,BRNGLR,6691,6691,9436500.00,154937.50,16384,20,true,true,OK
java_tree,XL,XL_s908597008.java,27154,TreeSitterJava,9191,9191,3646708.00,18917.00,98304,20,true,true,OK
java_tree,XL,XL_s908597008.java,27154,Leo,9191,9191,269329791.50,993750.00,311296,10,true,true,OK
java_tree,XL,XL_s908597008.java,27154,GLL,9191,9191,475913083.50,2398291.50,27754496,10,true,true,OK
java_tree,XL,XL_s908597008.java,27154,RNGLR,9191,9191,13079125.50,297041.50,16384,20,true,true,OK
java_tree,XL,XL_s908597008.java,27154,BRNGLR,9191,9191,13535542.00,204291.50,16384,20,true,true,OK
