language,corpus,file,bytes,parser,input_length,token_count,median_time_ns,mad_ns,peak_memory_bytes,iterations,recognized,parse_correct,status,expected_result,conforms
sml,MLWorks,__mach_cg.sml,65,Leo,8,8,63250.00,2583.00,16384,20,true,true,OK,accept,true
sml,MLWorks,__mach_cg.sml,65,GLL,8,8,75645.50,333.00,16384,20,true,true,OK,accept,true
sml,MLWorks,__mach_cg.sml,65,RNGLR,8,8,23333.50,374.50,16384,20,true,true,OK,accept,true
sml,MLWorks,__mach_cg.sml,65,BRNGLR,8,8,21937.50,354.50,16384,20,true,true,OK,accept,true
sml,MLWorks,__btree.sml,51,Leo,10,10,72271.00,541.50,16384,20,true,true,OK,accept,true
sml,MLWorks,__btree.sml,51,GLL,10,10,88417.00,4333.50,16384,20,true,true,OK,accept,true
sml,MLWorks,__btree.sml,51,RNGLR,10,10,25604.50,542.00,16384,20,true,true,OK,accept,true
sml,MLWorks,__btree.sml,51,BRNGLR,10,10,24687.00,750.00,16384,20,true,true,OK,accept,true
sml,MLWorks,__general.sml,57,Leo,10,10,64958.00,750.00,16384,20,true,true,OK,accept,true
sml,MLWorks,__general.sml,57,GLL,10,10,80312.00,562.00,16384,20,true,true,OK,accept,true
sml,MLWorks,__general.sml,57,RNGLR,10,10,26979.50,854.50,16384,20,true,true,OK,accept,true
sml,MLWorks,__general.sml,57,BRNGLR,10,10,25562.00,291.00,16384,20,true,true,OK,accept,true
sml,MLWorks,logic.sml,5798,Leo,10,10,134333.00,6520.50,16384,20,true,true,OK,accept,true
sml,MLWorks,logic.sml,5798,GLL,10,10,428395.50,7021.00,16384,20,true,true,OK,accept,true
sml,MLWorks,logic.sml,5798,RNGLR,10,10,87833.00,1937.50,16384,20,true,true,OK,accept,true
sml,MLWorks,logic.sml,5798,BRNGLR,10,10,75167.00,1271.00,16384,20,true,true,OK,accept,true
sml,MLWorks,__char.sml,72,Leo,13,13,92291.50,895.50,16384,20,true,true,OK,accept,true
sml,MLWorks,__char.sml,72,GLL,13,13,108479.50,812.00,16384,20,true,true,OK,accept,true
sml,MLWorks,__char.sml,72,RNGLR,13,13,33458.00,833.00,16384,20,true,true,OK,accept,true
sml,MLWorks,__char.sml,72,BRNGLR,13,13,31979.50,708.50,16384,20,true,true,OK,accept,true
sml,MLWorks,__word.sml,72,Leo,13,13,103479.00,3708.50,16384,20,true,true,OK,accept,true
sml,MLWorks,__word.sml,72,GLL,13,13,115896.00,500.00,16384,20,true,true,OK,accept,true
sml,MLWorks,__word.sml,72,RNGLR,13,13,36104.00,583.50,16384,20,true,true,OK,accept,true
sml,MLWorks,__word.sml,72,BRNGLR,13,13,33624.50,375.00,16384,20,true,true,OK,accept,true
sml,MLWorks,intset.sml,73,Leo,13,13,91625.00,624.50,32768,20,true,true,OK,accept,true
sml,MLWorks,intset.sml,73,GLL,13,13,95666.50,396.00,16384,20,true,true,OK,accept,true
sml,MLWorks,intset.sml,73,RNGLR,13,13,34000.00,937.50,16384,20,true,true,OK,accept,true
sml,MLWorks,intset.sml,73,BRNGLR,13,13,32937.00,582.50,16384,20,true,true,OK,accept,true
sml,MLWorks,__int.sml,75,Leo,13,13,106708.50,562.50,16384,20,true,true,OK,accept,true
sml,MLWorks,__int.sml,75,GLL,13,13,116604.00,708.00,16384,20,true,true,OK,accept,true
sml,MLWorks,__int.sml,75,RNGLR,13,13,35792.00,624.50,16384,20,true,true,OK,accept,true
sml,MLWorks,__int.sml,75,BRNGLR,13,13,33833.00,728.50,16384,20,true,true,OK,accept,true
sml,MLWorks,__word32.sml,76,Leo,13,13,107396.00,1708.50,16384,20,true,true,OK,accept,true
sml,MLWorks,__word32.sml,76,GLL,13,13,116479.00,666.50,16384,20,true,true,OK,accept,true
sml,MLWorks,__word32.sml,76,RNGLR,13,13,34979.50,354.50,16384,20,true,true,OK,accept,true
sml,MLWorks,__word32.sml,76,BRNGLR,13,13,33771.00,604.00,16384,20,true,true,OK,accept,true
sml,MLWorks,__exit.sml,80,Leo,13,13,107374.50,1083.00,16384,20,true,true,OK,accept,true
sml,MLWorks,__exit.sml,80,GLL,13,13,116250.00,500.00,16384,20,true,true,OK,accept,true
sml,MLWorks,__exit.sml,80,RNGLR,13,13,36396.00,937.50,16384,20,true,true,OK,accept,true
sml,MLWorks,__exit.sml,80,BRNGLR,13,13,33062.00,375.00,16384,20,true,true,OK,accept,true
sml,MLWorks,__int32.sml,81,Leo,13,13,106791.50,1041.50,16384,20,true,true,OK,accept,true
sml,MLWorks,__int32.sml,81,GLL,13,13,116979.00,1042.00,16384,20,true,true,OK,accept,true
sml,MLWorks,__int32.sml,81,RNGLR,13,13,35937.50,1021.50,16384,20,true,true,OK,accept,true
sml,MLWorks,__int32.sml,81,BRNGLR,13,13,34312.50,1188.00,16384,20,true,true,OK,accept,true
sml,MLWorks,__ieee_real.sml,95,Leo,13,13,107291.50,1853.50,16384,20,true,true,OK,accept,true
sml,MLWorks,__ieee_real.sml,95,GLL,13,13,125999.50,437.50,16384,20,true,true,OK,accept,true
sml,MLWorks,__ieee_real.sml,95,RNGLR,13,13,37937.50,479.50,16384,20,true,true,OK,accept,true
sml,MLWorks,__ieee_real.sml,95,BRNGLR,13,13,37521.00,604.00,16384,20,true,true,OK,accept,true
sml,MLWorks,__string_cvt.sml,100,Leo,13,13,116562.00,2083.00,16384,20,true,true,OK,accept,true
sml,MLWorks,__string_cvt.sml,100,GLL,13,13,125896.00,521.00,16384,20,true,true,OK,accept,true
sml,MLWorks,__string_cvt.sml,100,RNGLR,13,13,35062.50,417.00,16384,20,true,true,OK,accept,true
sml,MLWorks,__string_cvt.sml,100,BRNGLR,13,13,33458.50,604.50,16384,20,true,true,OK,accept,true
sml,MLWorks,os_process_system.sml,45,Leo,14,14,99521.00,854.00,16384,20,true,true,OK,accept,true
sml,MLWorks,os_process_system.sml,45,GLL,14,14,49937.50,250.00,16384,20,true,true,OK,accept,true
sml,MLWorks,os_process_system.sml,45,RNGLR,14,14,24771.00,250.00,16384,20,true,true,OK,accept,true
sml,MLWorks,os_process_system.sml,45,BRNGLR,14,14,24999.50,729.50,16384,20,true,true,OK,accept,true
sml,MLWorks,prime.sml,62,Leo,14,14,93979.50,730.00,16384,20,true,true,OK,accept,true
sml,MLWorks,prime.sml,62,GLL,14,14,161729.50,3229.50,16384,20,true,true,OK,accept,true
sml,MLWorks,prime.sml,62,RNGLR,14,14,37083.00,813.00,16384,20,true,true,OK,accept,true
sml,MLWorks,prime.sml,62,BRNGLR,14,14,35458.50,1104.50,16384,20,true,true,OK,accept,true
sml,MLWorks,file_find.sml,67,Leo,14,14,92896.00,521.50,16384,20,true,true,OK,accept,true
sml,MLWorks,file_find.sml,67,GLL,14,14,158104.50,479.00,16384,20,true,true,OK,accept,true
sml,MLWorks,file_find.sml,67,RNGLR,14,14,37083.50,688.00,16384,20,true,true,OK,accept,true
sml,MLWorks,file_find.sml,67,BRNGLR,14,14,34770.50,562.00,16384,20,true,true,OK,accept,true
sml,MLWorks,rounding.sml,78,Leo,15,15,105896.00,1104.00,16384,20,true,true,OK,accept,true
sml,MLWorks,rounding.sml,78,GLL,15,15,172771.00,312.50,16384,20,true,true,OK,accept,true
sml,MLWorks,rounding.sml,78,RNGLR,15,15,38500.00,729.00,16384,20,true,true,OK,accept,true
sml,MLWorks,rounding.sml,78,BRNGLR,15,15,36791.50,708.50,16384,20,true,true,OK,accept,true
sml,MLWorks,listener.sml,82,Leo,16,16,109416.50,1354.00,16384,20,true,true,OK,accept,true
sml,MLWorks,listener.sml,82,GLL,16,16,237313.00,13353.50,16384,20,true,true,OK,accept,true
sml,MLWorks,listener.sml,82,RNGLR,16,16,41021.00,917.00,16384,20,true,true,OK,accept,true
sml,MLWorks,listener.sml,82,BRNGLR,16,16,37646.50,1021.00,16384,20,true,true,OK,accept,true
sml,MLWorks,intnewmap.sml,91,Leo,16,16,108562.00,1479.50,16384,20,true,true,OK,accept,true
sml,MLWorks,intnewmap.sml,91,GLL,16,16,168167.00,583.50,16384,20,true,true,OK,accept,true
sml,MLWorks,intnewmap.sml,91,RNGLR,16,16,37395.50,396.00,16384,20,true,true,OK,accept,true
sml,MLWorks,intnewmap.sml,91,BRNGLR,16,16,38083.50,458.50,16384,20,true,true,OK,accept,true
sml,MLWorks,podium.sml,98,Leo,16,16,109208.00,646.00,16384,20,true,true,OK,accept,true
sml,MLWorks,podium.sml,98,GLL,16,16,239354.00,1854.00,16384,20,true,true,OK,accept,true
sml,MLWorks,podium.sml,98,RNGLR,16,16,41292.00,1291.50,16384,20,true,true,OK,accept,true
sml,MLWorks,podium.sml,98,BRNGLR,16,16,40354.50,749.50,16384,20,true,true,OK,accept,true
sml,MLWorks,_print.sml,75,Leo,17,17,133416.50,1396.00,16384,20,true,true,OK,accept,true
sml,MLWorks,_print.sml,75,GLL,17,17,166708.50,625.50,16384,20,true,true,OK,accept,true
sml,MLWorks,_print.sml,75,RNGLR,17,17,49250.00,646.00,16384,20,true,true,OK,accept,true
sml,MLWorks,_print.sml,75,BRNGLR,17,17,48958.00,729.50,16384,20,true,true,OK,accept,true
sml,MLWorks,match_utils.sml,85,Leo,17,17,123708.50,1479.00,16384,20,true,true,OK,accept,true
sml,MLWorks,match_utils.sml,85,GLL,17,17,186875.00,479.00,16384,20,true,true,OK,accept,true
sml,MLWorks,match_utils.sml,85,RNGLR,17,17,41646.00,416.50,16384,20,true,true,OK,accept,true
sml,MLWorks,match_utils.sml,85,BRNGLR,17,17,42583.00,541.50,16384,20,true,true,OK,accept,true
sml,MLWorks,__xm.sml,87,Leo,17,17,134167.00,2979.50,16384,20,true,true,OK,accept,true
sml,MLWorks,__xm.sml,87,GLL,17,17,147333.50,771.00,16384,20,true,true,OK,accept,true
sml,MLWorks,__xm.sml,87,RNGLR,17,17,41687.50,479.00,16384,20,true,true,OK,accept,true
sml,MLWorks,__xm.sml,87,BRNGLR,17,17,39541.50,958.50,16384,20,true,true,OK,accept,true
sml,MLWorks,__lambdasub.sml,122,Leo,17,17,131937.50,916.50,16384,20,true,true,OK,accept,true
sml,MLWorks,__lambdasub.sml,122,GLL,17,17,138229.50,1021.00,16384,20,true,true,OK,accept,true
sml,MLWorks,__lambdasub.sml,122,RNGLR,17,17,42666.50,1396.00,16384,20,true,true,OK,accept,true
sml,MLWorks,__lambdasub.sml,122,BRNGLR,17,17,39187.50,562.00,16384,20,true,true,OK,accept,true
sml,MLWorks,normal.sml,74,Leo,18,18,135375.00,2083.00,16384,20,true,true,OK,accept,true
sml,MLWorks,normal.sml,74,GLL,18,18,368646.00,4792.00,16384,20,true,true,OK,accept,true
sml,MLWorks,normal.sml,74,RNGLR,18,18,52791.50,1104.50,16384,20,true,true,OK,accept,true
sml,MLWorks,normal.sml,74,BRNGLR,18,18,52187.50,2520.50,16384,20,true,true,OK,accept,true
sml,MLWorks,clock.sml,78,Leo,18,18,105729.00,687.50,16384,20,true,true,OK,accept,true
sml,MLWorks,clock.sml,78,GLL,18,18,210396.00,854.00,16384,20,true,true,OK,accept,true
sml,MLWorks,clock.sml,78,RNGLR,18,18,41479.50,750.50,16384,20,true,true,OK,accept,true
sml,MLWorks,clock.sml,78,BRNGLR,18,18,38041.50,896.00,16384,20,true,true,OK,accept,true
sml,MLWorks,queens.sml,86,Leo,18,18,105875.00,354.00,16384,20,true,true,OK,accept,true
sml,MLWorks,queens.sml,86,GLL,18,18,213792.00,4521.50,16384,20,true,true,OK,accept,true
sml,MLWorks,queens.sml,86,RNGLR,18,18,40833.00,541.50,16384,20,true,true,OK,accept,true
sml,MLWorks,queens.sml,86,BRNGLR,18,18,38354.00,1229.00,16384,20,true,true,OK,accept,true
sml,MLWorks,crash.sml,90,Leo,18,18,104937.50,1354.00,16384,20,true,true,OK,accept,true
sml,MLWorks,crash.sml,90,GLL,18,18,156583.00,7937.50,16384,20,true,true,OK,accept,true
sml,MLWorks,crash.sml,90,RNGLR,18,18,34916.50,541.50,16384,20,true,true,OK,accept,true
sml,MLWorks,crash.sml,90,BRNGLR,18,18,33937.50,354.00,16384,20,true,true,OK,accept,true
sml,MLWorks,roman.sml,97,Leo,19,19,117313.00,438.50,16384,20,true,true,OK,accept,true
sml,MLWorks,roman.sml,97,GLL,19,19,222937.50,541.50,16384,20,true,true,OK,accept,true
sml,MLWorks,roman.sml,97,RNGLR,19,19,45396.00,584.00,16384,20,true,true,OK,accept,true
sml,MLWorks,roman.sml,97,BRNGLR,19,19,41417.00,1166.00,16384,20,true,true,OK,accept,true
sml,MLWorks,__word32_array.sml,102,Leo,20,20,132646.00,875.00,16384,20,true,true,OK,accept,true
sml,MLWorks,__word32_array.sml,102,GLL,20,20,136458.00,583.50,16384,20,true,true,OK,accept,true
sml,MLWorks,__word32_array.sml,102,RNGLR,20,20,45875.00,625.00,16384,20,true,true,OK,accept,true
sml,MLWorks,__word32_array.sml,102,BRNGLR,20,20,44833.50,896.00,16384,20,true,true,OK,accept,true
sml,MLWorks,__word16_array.sml,103,Leo,20,20,143708.50,2166.50,16384,20,true,true,OK,accept,true
sml,MLWorks,__word16_array.sml,103,GLL,20,20,145708.50,437.00,16384,20,true,true,OK,accept,true
sml,MLWorks,__word16_array.sml,103,RNGLR,20,20,47271.00,1083.50,16384,20,true,true,OK,accept,true
sml,MLWorks,__word16_array.sml,103,BRNGLR,20,20,46333.50,1104.00,16384,20,true,true,OK,accept,true
sml,MLWorks,__word32_vector.sml,104,Leo,20,20,144479.00,3187.50,16384,20,true,true,OK,accept,true
sml,MLWorks,__word32_vector.sml,104,GLL,20,20,146645.50,604.50,16384,20,true,true,OK,accept,true
sml,MLWorks,__word32_vector.sml,104,RNGLR,20,20,48479.00,624.50,16384,20,true,true,OK,accept,true
sml,MLWorks,__word32_vector.sml,104,BRNGLR,20,20,45687.50,229.50,16384,20,true,true,OK,accept,true
sml,MLWorks,__word16_vector.sml,105,Leo,20,20,142333.50,750.50,16384,20,true,true,OK,accept,true
sml,MLWorks,__word16_vector.sml,105,GLL,20,20,146458.50,666.50,16384,20,true,true,OK,accept,true
sml,MLWorks,__word16_vector.sml,105,RNGLR,20,20,48333.50,291.50,16384,20,true,true,OK,accept,true
sml,MLWorks,__word16_vector.sml,105,BRNGLR,20,20,46021.00,604.00,16384,20,true,true,OK,accept,true
sml,MLWorks,shell_structure.sml,135,Leo,21,21,165791.50,4104.00,16384,20,true,true,OK,accept,true
sml,MLWorks,shell_structure.sml,135,GLL,21,21,450770.50,17896.00,16384,20,true,true,OK,accept,true
sml,MLWorks,shell_structure.sml,135,RNGLR,21,21,59041.50,583.50,16384,20,true,true,OK,accept,true
sml,MLWorks,shell_structure.sml,135,BRNGLR,21,21,57979.00,2729.00,16384,20,true,true,OK,accept,true
sml,MLWorks,__open_flags.sml,104,Leo,22,22,219208.50,11208.50,16384,20,true,true,OK,accept,true
sml,MLWorks,__open_flags.sml,104,GLL,22,22,634645.50,30729.00,16384,20,true,true,OK,accept,true
sml,MLWorks,__open_flags.sml,104,RNGLR,22,22,106979.00,833.00,16384,20,true,true,OK,accept,true
sml,MLWorks,__open_flags.sml,104,BRNGLR,22,22,91417.00,687.00,16384,20,true,true,OK,accept,true
sml,MLWorks,cipher.sml,111,Leo,22,22,128750.50,1062.50,16384,20,true,true,OK,accept,true
sml,MLWorks,cipher.sml,111,GLL,22,22,235603.50,3999.00,16384,20,true,true,OK,accept,true
sml,MLWorks,cipher.sml,111,RNGLR,22,22,46541.50,896.00,16384,20,true,true,OK,accept,true
sml,MLWorks,cipher.sml,111,BRNGLR,22,22,43542.00,812.50,16384,20,true,true,OK,accept,true
sml,MLWorks,filesys.sml,124,Leo,22,22,134979.00,583.00,16384,20,true,true,OK,accept,true
sml,MLWorks,filesys.sml,124,GLL,22,22,314937.50,10375.00,16384,20,true,true,OK,accept,true
sml,MLWorks,filesys.sml,124,RNGLR,22,22,48729.00,812.50,16384,20,true,true,OK,accept,true
sml,MLWorks,filesys.sml,124,BRNGLR,22,22,47208.00,1041.50,16384,20,true,true,OK,accept,true
sml,MLWorks,batch.sml,128,Leo,22,22,138666.50,770.50,16384,20,true,true,OK,accept,true
sml,MLWorks,batch.sml,128,GLL,22,22,225896.00,2687.50,16384,20,true,true,OK,accept,true
sml,MLWorks,batch.sml,128,RNGLR,22,22,48291.50,958.00,16384,20,true,true,OK,accept,true
sml,MLWorks,batch.sml,128,BRNGLR,22,22,44895.50,1083.50,16384,20,true,true,OK,accept,true
sml,MLWorks,__pack16_big.sml,143,Leo,22,22,157562.00,3749.00,16384,20,true,true,OK,accept,true
sml,MLWorks,__pack16_big.sml,143,GLL,22,22,169021.50,8542.00,16384,20,true,true,OK,accept,true
sml,MLWorks,__pack16_big.sml,143,RNGLR,22,22,48104.00,375.00,16384,20,true,true,OK,accept,true
sml,MLWorks,__pack16_big.sml,143,BRNGLR,22,22,46208.50,1208.50,16384,20,true,true,OK,accept,true
sml,MLWorks,__pack32_big.sml,150,Leo,22,22,153187.50,375.00,16384,20,true,true,OK,accept,true
sml,MLWorks,__pack32_big.sml,150,GLL,22,22,163291.50,3083.00,16384,20,true,true,OK,accept,true
sml,MLWorks,__pack32_big.sml,150,RNGLR,22,22,48645.50,1292.00,16384,20,true,true,OK,accept,true
sml,MLWorks,__pack32_big.sml,150,BRNGLR,22,22,45938.00,562.00,16384,20,true,true,OK,accept,true
sml,MLWorks,__pack16_little.sml,152,Leo,22,22,154229.00,1145.50,16384,20,true,true,OK,accept,true
sml,MLWorks,__pack16_little.sml,152,GLL,22,22,159562.50,187.50,16384,20,true,true,OK,accept,true
sml,MLWorks,__pack16_little.sml,152,RNGLR,22,22,48437.50,770.50,16384,20,true,true,OK,accept,true
sml,MLWorks,__pack16_little.sml,152,BRNGLR,22,22,45833.50,604.00,16384,20,true,true,OK,accept,true
sml,MLWorks,__pack32_little.sml,159,Leo,22,22,154854.00,1396.00,16384,20,true,true,OK,accept,true
sml,MLWorks,__pack32_little.sml,159,GLL,22,22,159750.00,416.50,16384,20,true,true,OK,accept,true
sml,MLWorks,__pack32_little.sml,159,RNGLR,22,22,48271.00,979.00,16384,20,true,true,OK,accept,true
sml,MLWorks,__pack32_little.sml,159,BRNGLR,22,22,45937.50,645.50,16384,20,true,true,OK,accept,true
sml,MLWorks,separate4.sml,103,Leo,24,24,158333.50,2687.50,16384,20,true,true,OK,accept,true
sml,MLWorks,separate4.sml,103,GLL,24,24,80229.00,374.50,16384,20,true,true,OK,accept,true
sml,MLWorks,separate4.sml,103,RNGLR,24,24,34083.50,521.00,16384,20,true,true,OK,accept,true
sml,MLWorks,separate4.sml,103,BRNGLR,24,24,34437.00,833.00,16384,20,true,true,OK,accept,true
sml,MLWorks,__os_file_sys.sml,151,Leo,24,24,179416.50,1833.50,16384,20,true,true,OK,accept,true
sml,MLWorks,__os_file_sys.sml,151,GLL,24,24,182521.50,396.00,16384,20,true,true,OK,accept,true
sml,MLWorks,__os_file_sys.sml,151,RNGLR,24,24,55250.00,833.50,16384,20,true,true,OK,accept,true
sml,MLWorks,__os_file_sys.sml,151,BRNGLR,24,24,54250.00,2770.50,16384,20,true,true,OK,accept,true
sml,MLWorks,__bin_io.sml,165,Leo,24,24,177979.50,896.00,16384,20,true,true,OK,accept,true
sml,MLWorks,__bin_io.sml,165,GLL,24,24,194229.50,8104.50,16384,20,true,true,OK,accept,true
sml,MLWorks,__bin_io.sml,165,RNGLR,24,24,54416.50,438.00,16384,20,true,true,OK,accept,true
sml,MLWorks,__bin_io.sml,165,BRNGLR,24,24,51645.50,1270.50,16384,20,true,true,OK,accept,true
sml,MLWorks,__user_options.sml,168,Leo,24,24,177396.00,1333.50,16384,20,true,true,OK,accept,true
sml,MLWorks,__user_options.sml,168,GLL,24,24,184708.50,1333.00,16384,20,true,true,OK,accept,true
sml,MLWorks,__user_options.sml,168,RNGLR,24,24,54541.50,1021.00,16384,20,true,true,OK,accept,true
sml,MLWorks,__user_options.sml,168,BRNGLR,24,24,51854.00,1187.50,16384,20,true,true,OK,accept,true
sml,MLWorks,__text_io.sml,171,Leo,24,24,177875.00,7895.50,16384,20,true,true,OK,accept,true
sml,MLWorks,__text_io.sml,171,GLL,24,24,182958.00,416.00,16384,20,true,true,OK,accept,true
sml,MLWorks,__text_io.sml,171,RNGLR,24,24,54125.50,417.00,16384,20,true,true,OK,accept,true
sml,MLWorks,__text_io.sml,171,BRNGLR,24,24,54271.50,687.00,16384,20,true,true,OK,accept,true
sml,MLWorks,license.sml,121,Leo,25,25,170562.50,22562.50,16384,20,true,true,OK,accept,true
sml,MLWorks,license.sml,121,GLL,25,25,267021.00,14938.00,0,20,true,true,OK,accept,true
sml,MLWorks,license.sml,121,RNGLR,25,25,57437.50,7041.50,16384,20,true,true,OK,accept,true
sml,MLWorks,license.sml,121,BRNGLR,25,25,47708.50,2020.50,0,20,true,true,OK,accept,true
sml,MLWorks,random.sml,114,Leo,26,26,142271.00,729.00,16384,20,true,true,OK,accept,true
sml,MLWorks,random.sml,114,GLL,26,26,306104.50,1313.00,16384,20,true,true,OK,accept,true
sml,MLWorks,random.sml,114,RNGLR,26,26,52666.50,646.00,16384,20,true,true,OK,accept,true
sml,MLWorks,random.sml,114,BRNGLR,26,26,49375.00,1104.00,16384,20,true,true,OK,accept,true
sml,MLWorks,__getenv.sml,154,Leo,26,26,161604.00,2437.50,16384,20,true,true,OK,accept,true
sml,MLWorks,__getenv.sml,154,GLL,26,26,171583.50,354.50,16384,20,true,true,OK,accept,true
sml,MLWorks,__getenv.sml,154,RNGLR,26,26,53833.50,812.00,16384,20,true,true,OK,accept,true
sml,MLWorks,__getenv.sml,154,BRNGLR,26,26,52958.50,1458.50,16384,20,true,true,OK,accept,true
sml,MLWorks,debugger_window.sml,173,Leo,28,28,186417.00,2979.50,16384,20,true,true,OK,accept,true
sml,MLWorks,debugger_window.sml,173,GLL,28,28,1371729.50,61063.00,49152,20,true,true,OK,accept,true
sml,MLWorks,debugger_window.sml,173,RNGLR,28,28,79499.50,1167.00,16384,20,true,true,OK,accept,true
sml,MLWorks,debugger_window.sml,173,BRNGLR,28,28,72708.00,1604.50,16384,20,true,true,OK,accept,true
sml,MLWorks,os_process_terminate.sml,102,Leo,29,29,272646.00,3291.50,16384,20,true,true,OK,accept,true
sml,MLWorks,os_process_terminate.sml,102,GLL,29,29,205375.00,4791.50,16384,20,true,true,OK,accept,true
sml,MLWorks,os_process_terminate.sml,102,RNGLR,29,29,66041.50,666.50,16384,20,true,true,OK,accept,true
sml,MLWorks,os_process_terminate.sml,102,BRNGLR,29,29,64937.50,916.50,16384,20,true,true,OK,accept,true
sml,MLWorks,os_file_sys_rename.sml,115,Leo,29,29,204375.50,1271.00,16384,20,true,true,OK,accept,true
sml,MLWorks,os_file_sys_rename.sml,115,GLL,29,29,225583.50,896.00,16384,20,true,true,OK,accept,true
sml,MLWorks,os_file_sys_rename.sml,115,RNGLR,29,29,59062.50,667.00,16384,20,true,true,OK,accept,true
sml,MLWorks,os_file_sys_rename.sml,115,BRNGLR,29,29,62854.00,916.50,16384,20,true,true,OK,accept,true
sml,MLWorks,_mono_vector.sml,158,Leo,29,29,191562.50,2542.00,16384,20,true,true,OK,accept,true
sml,MLWorks,_mono_vector.sml,158,GLL,29,29,367812.50,10041.50,16384,20,true,true,OK,accept,true
sml,MLWorks,_mono_vector.sml,158,RNGLR,29,29,87375.00,520.50,16384,20,true,true,OK,accept,true
sml,MLWorks,_mono_vector.sml,158,BRNGLR,29,29,85854.50,7229.50,16384,20,true,true,OK,accept,true
sml,MLWorks,stackallocator.sml,228,Leo,30,30,183604.00,833.00,16384,20,true,true,OK,accept,true
sml,MLWorks,stackallocator.sml,228,GLL,30,30,330375.00,11708.00,16384,20,true,true,OK,accept,true
sml,MLWorks,stackallocator.sml,228,RNGLR,30,30,65958.00,3082.50,16384,20,true,true,OK,accept,true
sml,MLWorks,stackallocator.sml,228,BRNGLR,30,30,56749.50,3311.50,16384,20,true,true,OK,accept,true
sml,MLWorks,__file_dialog.sml,199,Leo,31,31,213312.50,917.00,16384,20,true,true,OK,accept,true
sml,MLWorks,__file_dialog.sml,199,GLL,31,31,244500.00,3083.50,16384,20,true,true,OK,accept,true
sml,MLWorks,__file_dialog.sml,199,RNGLR,31,31,67250.00,1083.50,16384,20,true,true,OK,accept,true
sml,MLWorks,__file_dialog.sml,199,BRNGLR,31,31,62958.00,1520.50,16384,20,true,true,OK,accept,true
sml,MLWorks,__datatypes.sml,212,Leo,31,31,203187.50,5104.00,16384,20,true,true,OK,accept,true
sml,MLWorks,__datatypes.sml,212,GLL,31,31,232437.50,9104.00,16384,20,true,true,OK,accept,true
sml,MLWorks,__datatypes.sml,212,RNGLR,31,31,64458.00,854.50,16384,20,true,true,OK,accept,true
sml,MLWorks,__datatypes.sml,212,BRNGLR,31,31,61166.50,1458.50,16384,20,true,true,OK,accept,true
sml,MLWorks,__machspec.sml,213,Leo,31,31,193334.00,3438.50,16384,20,true,true,OK,accept,true
sml,MLWorks,__machspec.sml,213,GLL,31,31,221312.50,4750.00,16384,20,true,true,OK,accept,true
sml,MLWorks,__machspec.sml,213,RNGLR,31,31,64542.00,1105.00,16384,20,true,true,OK,accept,true
sml,MLWorks,__machspec.sml,213,BRNGLR,31,31,62500.00,1270.50,16384,20,true,true,OK,accept,true
sml,MLWorks,__mirtables.sml,231,Leo,31,31,194666.50,2812.50,16384,20,true,true,OK,accept,true
sml,MLWorks,__mirtables.sml,231,GLL,31,31,229125.00,9624.50,16384,20,true,true,OK,accept,true
sml,MLWorks,__mirtables.sml,231,RNGLR,31,31,63916.50,1333.50,16384,20,true,true,OK,accept,true
sml,MLWorks,__mirtables.sml,231,BRNGLR,31,31,62749.50,2188.00,16384,20,true,true,OK,accept,true
sml,MLWorks,__shell_types.sml,268,Leo,31,31,207458.50,6708.50,16384,20,true,true,OK,accept,true
sml,MLWorks,__shell_types.sml,268,GLL,31,31,227208.00,3208.00,16384,20,true,true,OK,accept,true
sml,MLWorks,__shell_types.sml,268,RNGLR,31,31,66000.00,708.00,16384,20,true,true,OK,accept,true
sml,MLWorks,__shell_types.sml,268,BRNGLR,31,31,64666.50,2437.00,16384,20,true,true,OK,accept,true
sml,MLWorks,__inter_envtypes.sml,269,Leo,31,31,201062.50,3334.00,16384,20,true,true,OK,accept,true
sml,MLWorks,__inter_envtypes.sml,269,GLL,31,31,227770.50,3208.00,16384,20,true,true,OK,accept,true
sml,MLWorks,__inter_envtypes.sml,269,RNGLR,31,31,67229.00,916.50,16384,20,true,true,OK,accept,true
sml,MLWorks,__inter_envtypes.sml,269,BRNGLR,31,31,66791.50,770.50,16384,20,true,true,OK,accept,true
sml,MLWorks,mlworks_timer.sml,125,Leo,32,32,180166.00,8228.50,16384,20,true,true,OK,accept,true
sml,MLWorks,mlworks_timer.sml,125,GLL,32,32,323208.00,979.50,16384,20,true,true,OK,accept,true
sml,MLWorks,mlworks_timer.sml,125,RNGLR,32,32,57458.50,458.00,16384,20,true,true,OK,accept,true
sml,MLWorks,mlworks_timer.sml,125,BRNGLR,32,32,56625.00,833.50,16384,20,true,true,OK,accept,true
sml,MLWorks,search.sml,182,Leo,33,33,202437.50,1437.50,16384,20,true,true,OK,accept,true
sml,MLWorks,search.sml,182,GLL,33,33,384812.00,5646.00,16384,20,true,true,OK,accept,true
sml,MLWorks,search.sml,182,RNGLR,33,33,67187.00,1167.00,16384,20,true,true,OK,accept,true
sml,MLWorks,search.sml,182,BRNGLR,33,33,213500.00,107146.00,16384,20,true,true,OK,accept,true
sml,MLWorks,libml.sml,198,Leo,33,33,331958.00,99041.50,16384,20,true,true,OK,accept,true
sml,MLWorks,libml.sml,198,GLL,33,33,673770.50,103020.50,16384,20,true,true,OK,accept,true
sml,MLWorks,libml.sml,198,RNGLR,33,33,76437.50,5416.50,16384,20,true,true,OK,accept,true
sml,MLWorks,libml.sml,198,BRNGLR,33,33,72000.00,812.50,16384,20,true,true,OK,accept,true
sml,MLWorks,close_out.sml,125,Leo,34,34,208125.00,2646.00,16384,20,true,true,OK,accept,true
sml,MLWorks,close_out.sml,125,GLL,34,34,158208.50,604.50,16384,20,true,true,OK,accept,true
sml,MLWorks,close_out.sml,125,RNGLR,34,34,49688.00,625.50,16384,20,true,true,OK,accept,true
sml,MLWorks,close_out.sml,125,BRNGLR,34,34,50645.50,625.00,16384,20,true,true,OK,accept,true
sml,MLWorks,quadrature.sml,151,Leo,35,35,226229.00,15624.50,16384,20,true,true,OK,accept,true
sml,MLWorks,quadrature.sml,151,GLL,35,35,693479.00,4167.00,16384,20,true,true,OK,accept,true
sml,MLWorks,quadrature.sml,151,RNGLR,35,35,77979.50,416.50,16384,20,true,true,OK,accept,true
sml,MLWorks,quadrature.sml,151,BRNGLR,35,35,77208.00,2583.50,16384,20,true,true,OK,accept,true
sml,MLWorks,machprint.sml,174,Leo,36,36,200541.50,1354.00,16384,20,true,true,OK,accept,true
sml,MLWorks,machprint.sml,174,GLL,36,36,376646.00,5834.00,16384,20,true,true,OK,accept,true
sml,MLWorks,machprint.sml,174,RNGLR,36,36,62854.50,813.00,16384,20,true,true,OK,accept,true
sml,MLWorks,machprint.sml,174,BRNGLR,36,36,61354.00,687.50,16384,20,true,true,OK,accept,true
sml,MLWorks,counter.sml,178,Leo,36,36,198229.00,646.00,16384,20,true,true,OK,accept,true
sml,MLWorks,counter.sml,178,GLL,36,36,759750.00,7125.00,16384,20,true,true,OK,accept,true
sml,MLWorks,counter.sml,178,RNGLR,36,36,83875.00,958.00,16384,20,true,true,OK,accept,true
sml,MLWorks,counter.sml,178,BRNGLR,36,36,72708.50,2396.00,16384,20,true,true,OK,accept,true
sml,MLWorks,object_output.sml,210,Leo,36,36,219020.50,11666.50,16384,20,true,true,OK,accept,true
sml,MLWorks,object_output.sml,210,GLL,36,36,3247208.00,36062.50,16384,20,true,true,OK,accept,true
sml,MLWorks,object_output.sml,210,RNGLR,36,36,111646.00,1083.50,16384,20,true,true,OK,accept,true
sml,MLWorks,object_output.sml,210,BRNGLR,36,36,97146.00,2624.50,16384,20,true,true,OK,accept,true
sml,MLWorks,type_dynamic.sml,160,Leo,37,37,0.00,0.00,0,0,false,false,PARSE_FAIL,accept,false
sml,MLWorks,type_dynamic.sml,160,GLL,37,37,0.00,0.00,0,0,false,false,PARSE_FAIL,accept,false
sml,MLWorks,type_dynamic.sml,160,RNGLR,37,37,0.00,0.00,0,0,false,false,PARSE_FAIL,accept,false
sml,MLWorks,type_dynamic.sml,160,BRNGLR,37,37,0.00,0.00,0,0,false,false,PARSE_FAIL,accept,false
sml,MLWorks,__module_id.sml,229,Leo,37,37,244229.50,3958.50,16384,20,true,true,OK,accept,true
sml,MLWorks,__module_id.sml,229,GLL,37,37,370792.00,4229.50,16384,20,true,true,OK,accept,true
sml,MLWorks,__module_id.sml,229,RNGLR,37,37,109250.00,12062.50,0,20,true,true,OK,accept,true
sml,MLWorks,__module_id.sml,229,BRNGLR,37,37,133541.50,34250.00,16384,20,true,true,OK,accept,true
sml,MLWorks,__strnames.sml,262,Leo,38,38,283979.00,24937.50,16384,20,true,true,OK,accept,true
sml,MLWorks,__strnames.sml,262,GLL,38,38,354833.00,7374.50,16384,20,true,true,OK,accept,true
sml,MLWorks,__strnames.sml,262,RNGLR,38,38,103625.50,17021.50,16384,20,true,true,OK,accept,true
sml,MLWorks,__strnames.sml,262,BRNGLR,38,38,87000.00,6458.00,16384,20,true,true,OK,accept,true
sml,MLWorks,__graph_widget.sml,279,Leo,38,38,269333.50,10333.00,16384,20,true,true,OK,accept,true
sml,MLWorks,__graph_widget.sml,279,GLL,38,38,356791.50,10854.00,16384,20,true,true,OK,accept,true
sml,MLWorks,__graph_widget.sml,279,RNGLR,38,38,93437.00,4375.00,0,20,true,true,OK,accept,true
sml,MLWorks,__graph_widget.sml,279,BRNGLR,38,38,86708.50,4750.00,16384,20,true,true,OK,accept,true
sml,MLWorks,__LRparser.sml,288,Leo,38,38,291270.50,21145.50,16384,20,true,true,OK,accept,true
sml,MLWorks,__LRparser.sml,288,GLL,38,38,356437.00,8729.50,16384,20,true,true,OK,accept,true
sml,MLWorks,__LRparser.sml,288,RNGLR,38,38,103354.50,8896.50,16384,20,true,true,OK,accept,true
sml,MLWorks,__LRparser.sml,288,BRNGLR,38,38,88229.00,2355.00,16384,20,true,true,OK,accept,true
sml,MLWorks,__mirregisters.sml,292,Leo,38,38,264583.00,9896.00,16384,20,true,true,OK,accept,true
sml,MLWorks,__mirregisters.sml,292,GLL,38,38,332250.00,14604.00,16384,20,true,true,OK,accept,true
sml,MLWorks,__mirregisters.sml,292,RNGLR,38,38,85146.00,1124.50,16384,20,true,true,OK,accept,true
sml,MLWorks,__mirregisters.sml,292,BRNGLR,38,38,75479.50,1688.00,16384,20,true,true,OK,accept,true
sml,MLWorks,__mirprint.sml,297,Leo,38,38,244646.50,10979.00,16384,20,true,true,OK,accept,true
sml,MLWorks,__mirprint.sml,297,GLL,38,38,308812.00,5020.50,16384,20,true,true,OK,accept,true
sml,MLWorks,__mirprint.sml,297,RNGLR,38,38,81729.00,854.00,16384,20,true,true,OK,accept,true
sml,MLWorks,__mirprint.sml,297,BRNGLR,38,38,77583.50,1667.50,16384,20,true,true,OK,accept,true
sml,MLWorks,__transsimple.sml,301,Leo,38,38,237854.00,5104.50,16384,20,true,true,OK,accept,true
sml,MLWorks,__transsimple.sml,301,GLL,38,38,311874.50,7082.50,16384,20,true,true,OK,accept,true
sml,MLWorks,__transsimple.sml,301,RNGLR,38,38,83166.50,1291.50,16384,20,true,true,OK,accept,true
sml,MLWorks,__transsimple.sml,301,BRNGLR,38,38,77125.00,2187.00,16384,20,true,true,OK,accept,true
sml,MLWorks,__topdecprint.sml,304,Leo,38,38,239167.00,7791.50,16384,20,true,true,OK,accept,true
sml,MLWorks,__topdecprint.sml,304,GLL,38,38,318187.50,9750.00,16384,20,true,true,OK,accept,true
sml,MLWorks,__topdecprint.sml,304,RNGLR,38,38,84833.00,791.50,16384,20,true,true,OK,accept,true
sml,MLWorks,__topdecprint.sml,304,BRNGLR,38,38,76562.50,1166.00,16384,20,true,true,OK,accept,true
sml,MLWorks,__debugger_types.sml,316,Leo,38,38,247896.00,16750.00,16384,20,true,true,OK,accept,true
sml,MLWorks,__debugger_types.sml,316,GLL,38,38,309229.00,3833.00,16384,20,true,true,OK,accept,true
sml,MLWorks,__debugger_types.sml,316,RNGLR,38,38,84624.50,457.50,16384,20,true,true,OK,accept,true
sml,MLWorks,__debugger_types.sml,316,BRNGLR,38,38,89250.00,8312.50,16384,20,true,true,OK,accept,true
sml,MLWorks,__interload.sml,324,Leo,38,38,240271.00,2375.00,16384,20,true,true,OK,accept,true
sml,MLWorks,__interload.sml,324,GLL,38,38,317146.00,6792.00,16384,20,true,true,OK,accept,true
sml,MLWorks,__interload.sml,324,RNGLR,38,38,85312.50,687.50,16384,20,true,true,OK,accept,true
sml,MLWorks,__interload.sml,324,BRNGLR,38,38,78208.50,1021.00,16384,20,true,true,OK,accept,true
sml,MLWorks,__auglambda.sml,345,Leo,38,38,241395.50,2582.50,16384,20,true,true,OK,accept,true
sml,MLWorks,__auglambda.sml,345,GLL,38,38,335895.50,21729.50,16384,20,true,true,OK,accept,true
sml,MLWorks,__auglambda.sml,345,RNGLR,38,38,84250.00,2458.00,16384,20,true,true,OK,accept,true
sml,MLWorks,__auglambda.sml,345,BRNGLR,38,38,77812.50,729.50,16384,20,true,true,OK,accept,true
sml,MLWorks,__io.sml,288,Leo,39,39,256104.50,13666.00,32768,20,true,true,OK,accept,true
sml,MLWorks,__io.sml,288,GLL,39,39,8199041.50,28000.50,16384,20,true,true,OK,accept,true
sml,MLWorks,__io.sml,288,RNGLR,39,39,244646.00,8958.00,16384,20,true,true,OK,accept,true
sml,MLWorks,__io.sml,288,BRNGLR,39,39,190396.00,1458.50,16384,20,true,true,OK,accept,true
sml,MLWorks,inspector_tool.sml,188,Leo,40,40,218625.00,2145.50,16384,20,true,true,OK,accept,true
sml,MLWorks,inspector_tool.sml,188,GLL,40,40,1604583.50,18333.50,16384,20,true,true,OK,accept,true
sml,MLWorks,inspector_tool.sml,188,RNGLR,40,40,83395.50,896.00,16384,20,true,true,OK,accept,true
sml,MLWorks,inspector_tool.sml,188,BRNGLR,40,40,78875.00,1083.00,16384,20,true,true,OK,accept,true
sml,MLWorks,perm.sml,195,Leo,40,40,267604.50,3666.50,16384,20,true,true,OK,accept,true
sml,MLWorks,perm.sml,195,GLL,40,40,740062.50,7604.00,16384,20,true,true,OK,accept,true
sml,MLWorks,perm.sml,195,RNGLR,40,40,89625.00,2083.00,16384,20,true,true,OK,accept,true
sml,MLWorks,perm.sml,195,BRNGLR,40,40,80021.00,771.00,16384,20,true,true,OK,accept,true
sml,MLWorks,profile_tool.sml,220,Leo,40,40,276833.50,12646.00,16384,20,true,true,OK,accept,true
sml,MLWorks,profile_tool.sml,220,GLL,40,40,8767958.50,14000.00,16384,20,true,true,OK,accept,true
sml,MLWorks,profile_tool.sml,220,RNGLR,40,40,108604.50,2000.50,16384,20,true,true,OK,accept,true
sml,MLWorks,profile_tool.sml,220,BRNGLR,40,40,104750.50,2896.50,16384,20,true,true,OK,accept,true
sml,MLWorks,io.sml,292,Leo,40,40,198229.00,3208.50,16384,20,true,true,OK,accept,true
sml,MLWorks,io.sml,292,GLL,40,40,2272188.00,15375.00,16384,20,true,true,OK,accept,true
sml,MLWorks,io.sml,292,RNGLR,40,40,115479.00,1000.00,16384,20,true,true,OK,accept,true
sml,MLWorks,io.sml,292,BRNGLR,40,40,95916.50,791.50,16384,20,true,true,OK,accept,true
sml,MLWorks,__add.sml,269,Leo,41,41,300312.50,6562.50,16384,20,true,true,OK,accept,true
sml,MLWorks,__add.sml,269,GLL,41,41,328083.00,8229.00,16384,20,true,true,OK,accept,true
sml,MLWorks,__add.sml,269,RNGLR,41,41,100729.00,1041.50,16384,20,true,true,OK,accept,true
sml,MLWorks,__add.sml,269,BRNGLR,41,41,98541.50,2020.50,16384,20,true,true,OK,accept,true
sml,MLWorks,os_file_sys_remove.sml,144,Leo,42,42,337687.50,11479.00,16384,20,true,true,OK,accept,true
sml,MLWorks,os_file_sys_remove.sml,144,GLL,42,42,959041.50,13000.00,16384,20,true,true,OK,accept,true
sml,MLWorks,os_file_sys_remove.sml,144,RNGLR,42,42,126271.00,1542.00,16384,20,true,true,OK,accept,true
sml,MLWorks,os_file_sys_remove.sml,144,BRNGLR,42,42,116791.50,2645.50,16384,20,true,true,OK,accept,true
sml,MLWorks,text.sml,198,Leo,42,42,267708.00,5103.50,16384,20,true,true,OK,accept,true
sml,MLWorks,text.sml,198,GLL,42,42,996771.00,13875.00,16384,20,true,true,OK,accept,true
sml,MLWorks,text.sml,198,RNGLR,42,42,93749.50,521.50,16384,20,true,true,OK,accept,true
sml,MLWorks,text.sml,198,BRNGLR,42,42,83042.00,1187.50,16384,20,true,true,OK,accept,true
sml,MLWorks,mlworks_exit.sml,226,Leo,42,42,229583.50,3313.00,16384,20,true,true,OK,accept,true
sml,MLWorks,mlworks_exit.sml,226,GLL,42,42,20681625.00,77083.00,16384,20,true,true,OK,accept,true
sml,MLWorks,mlworks_exit.sml,226,RNGLR,42,42,170146.00,917.00,16384,20,true,true,OK,accept,true
sml,MLWorks,mlworks_exit.sml,226,BRNGLR,42,42,139270.50,3395.50,16384,20,true,true,OK,accept,true
sml,MLWorks,mlworks_dynamic_library.sml,240,Leo,42,42,263562.50,3729.50,16384,20,true,true,OK,accept,true
sml,MLWorks,mlworks_dynamic_library.sml,240,GLL,42,42,2213937.50,12604.50,16384,20,true,true,OK,accept,true
sml,MLWorks,mlworks_dynamic_library.sml,240,RNGLR,42,42,110937.50,520.50,16384,20,true,true,OK,accept,true
sml,MLWorks,mlworks_dynamic_library.sml,240,BRNGLR,42,42,103792.00,5458.00,16384,20,true,true,OK,accept,true
sml,MLWorks,__bin_stream_io.sml,273,Leo,42,42,285771.00,6208.00,16384,20,true,true,OK,accept,true
sml,MLWorks,__bin_stream_io.sml,273,GLL,42,42,377708.00,6458.50,16384,20,true,true,OK,accept,true
sml,MLWorks,__bin_stream_io.sml,273,RNGLR,42,42,92666.50,875.00,16384,20,true,true,OK,accept,true
sml,MLWorks,__bin_stream_io.sml,273,BRNGLR,42,42,84312.50,770.50,16384,20,true,true,OK,accept,true
sml,MLWorks,__LRbasics.sml,309,Leo,42,42,276812.50,8521.50,16384,20,true,true,OK,accept,true
sml,MLWorks,__LRbasics.sml,309,GLL,42,42,559521.00,4563.00,16384,20,true,true,OK,accept,true
sml,MLWorks,__LRbasics.sml,309,RNGLR,42,42,106000.00,1687.50,16384,20,true,true,OK,accept,true
sml,MLWorks,__LRbasics.sml,309,BRNGLR,42,42,96978.50,958.50,16384,20,true,true,OK,accept,true
sml,MLWorks,file_dialog.sml,258,Leo,43,43,334521.00,14041.50,16384,20,true,true,OK,accept,true
sml,MLWorks,file_dialog.sml,258,GLL,43,43,3707917.00,16812.50,16384,20,true,true,OK,accept,true
sml,MLWorks,file_dialog.sml,258,RNGLR,43,43,116521.00,896.00,16384,20,true,true,OK,accept,true
sml,MLWorks,file_dialog.sml,258,BRNGLR,43,43,107521.00,1458.00,16384,20,true,true,OK,accept,true
sml,MLWorks,_stack_frame.sml,282,Leo,43,43,456729.50,5458.50,16384,20,true,true,OK,accept,true
sml,MLWorks,_stack_frame.sml,282,GLL,43,43,5880333.50,217021.00,16384,20,true,true,OK,accept,true
sml,MLWorks,_stack_frame.sml,282,RNGLR,43,43,246146.00,1999.50,16384,20,true,true,OK,accept,true
sml,MLWorks,_stack_frame.sml,282,BRNGLR,43,43,206500.00,2187.50,16384,20,true,true,OK,accept,true
sml,MLWorks,mirvariable.sml,326,Leo,43,43,270312.50,2458.00,16384,20,true,true,OK,accept,true
sml,MLWorks,mirvariable.sml,326,GLL,43,43,560979.50,12771.00,16384,20,true,true,OK,accept,true
sml,MLWorks,mirvariable.sml,326,RNGLR,43,43,82520.50,499.50,16384,20,true,true,OK,accept,true
sml,MLWorks,mirvariable.sml,326,BRNGLR,43,43,78146.00,2437.50,16384,20,true,true,OK,accept,true
sml,MLWorks,exit.sml,201,Leo,44,44,253021.00,1646.00,16384,20,true,true,OK,accept,true
sml,MLWorks,exit.sml,201,GLL,44,44,3507708.00,15124.50,16384,20,true,true,OK,accept,true
sml,MLWorks,exit.sml,201,RNGLR,44,44,128437.50,750.00,16384,20,true,true,OK,accept,true
sml,MLWorks,exit.sml,201,BRNGLR,44,44,106750.00,667.00,16384,20,true,true,OK,accept,true
sml,MLWorks,symbol.sml,235,Leo,44,44,287604.00,5374.50,16384,20,true,true,OK,accept,true
sml,MLWorks,symbol.sml,235,GLL,44,44,2309708.50,50812.00,16384,20,true,true,OK,accept,true
sml,MLWorks,symbol.sml,235,RNGLR,44,44,111229.00,895.50,16384,20,true,true,OK,accept,true
sml,MLWorks,symbol.sml,235,BRNGLR,44,44,99791.50,3416.50,16384,20,true,true,OK,accept,true
sml,MLWorks,_license.sml,275,Leo,44,44,339729.50,3792.00,16384,20,true,true,OK,accept,true
sml,MLWorks,_license.sml,275,GLL,44,44,397916.50,3250.00,16384,20,true,true,OK,accept,true
sml,MLWorks,_license.sml,275,RNGLR,44,44,98146.00,646.00,16384,20,true,true,OK,accept,true
sml,MLWorks,_license.sml,275,BRNGLR,44,44,97396.00,3312.50,16384,20,true,true,OK,accept,true
sml,MLWorks,machperv.sml,297,Leo,44,44,273521.00,4917.00,16384,20,true,true,OK,accept,true
sml,MLWorks,machperv.sml,297,GLL,44,44,1034542.00,15041.50,16384,20,true,true,OK,accept,true
sml,MLWorks,machperv.sml,297,RNGLR,44,44,95249.50,604.50,16384,20,true,true,OK,accept,true
sml,MLWorks,machperv.sml,297,BRNGLR,44,44,87896.00,2666.50,16384,20,true,true,OK,accept,true
sml,MLWorks,lambdaoptimiser.sml,304,Leo,44,44,255603.50,5082.50,16384,20,true,true,OK,accept,true
sml,MLWorks,lambdaoptimiser.sml,304,GLL,44,44,553937.50,6124.50,16384,20,true,true,OK,accept,true
sml,MLWorks,lambdaoptimiser.sml,304,RNGLR,44,44,78562.50,895.50,16384,20,true,true,OK,accept,true
sml,MLWorks,lambdaoptimiser.sml,304,BRNGLR,44,44,78229.50,6270.50,16384,20,true,true,OK,accept,true
sml,MLWorks,bytearray_sub.sml,147,Leo,45,45,448479.00,7771.00,16384,20,true,true,OK,accept,true
sml,MLWorks,bytearray_sub.sml,147,GLL,45,45,819312.50,10333.00,16384,20,true,true,OK,accept,true
sml,MLWorks,bytearray_sub.sml,147,RNGLR,45,45,122479.50,625.00,16384,20,true,true,OK,accept,true
sml,MLWorks,bytearray_sub.sml,147,BRNGLR,45,45,115771.00,542.00,16384,20,true,true,OK,accept,true
sml,MLWorks,__os.sml,285,Leo,45,45,279812.50,9145.50,16384,20,true,true,OK,accept,true
sml,MLWorks,__os.sml,285,GLL,45,45,498812.50,6125.00,16384,20,true,true,OK,accept,true
sml,MLWorks,__os.sml,285,RNGLR,45,45,101979.00,1125.00,16384,20,true,true,OK,accept,true
sml,MLWorks,__os.sml,285,BRNGLR,45,45,92354.50,1583.50,16384,20,true,true,OK,accept,true
sml,MLWorks,__unify.sml,338,Leo,45,45,274958.50,3374.50,16384,20,true,true,OK,accept,true
sml,MLWorks,__unify.sml,338,GLL,45,45,498521.00,8083.00,16384,20,true,true,OK,accept,true
sml,MLWorks,__unify.sml,338,RNGLR,45,45,101521.00,313.00,16384,20,true,true,OK,accept,true
sml,MLWorks,__unify.sml,338,BRNGLR,45,45,91562.50,1208.50,16384,20,true,true,OK,accept,true
sml,MLWorks,__type_exp.sml,340,Leo,45,45,281145.50,8916.50,16384,20,true,true,OK,accept,true
sml,MLWorks,__type_exp.sml,340,GLL,45,45,505271.00,11083.50,16384,20,true,true,OK,accept,true
sml,MLWorks,__type_exp.sml,340,RNGLR,45,45,101479.50,396.00,16384,20,true,true,OK,accept,true
sml,MLWorks,__type_exp.sml,340,BRNGLR,45,45,91104.00,687.50,16384,20,true,true,OK,accept,true
sml,MLWorks,__console.sml,341,Leo,45,45,276250.00,3667.00,16384,20,true,true,OK,accept,true
sml,MLWorks,__console.sml,341,GLL,45,45,495354.00,3333.50,16384,20,true,true,OK,accept,true
sml,MLWorks,__console.sml,341,RNGLR,45,45,102395.50,666.50,16384,20,true,true,OK,accept,true
sml,MLWorks,__console.sml,341,BRNGLR,45,45,92021.00,1562.50,16384,20,true,true,OK,accept,true
sml,MLWorks,__typerep_utils.sml,352,Leo,45,45,277458.50,4708.50,16384,20,true,true,OK,accept,true
sml,MLWorks,__typerep_utils.sml,352,GLL,45,45,501521.00,6625.00,16384,20,true,true,OK,accept,true
sml,MLWorks,__typerep_utils.sml,352,RNGLR,45,45,105312.00,625.00,16384,20,true,true,OK,accept,true
sml,MLWorks,__typerep_utils.sml,352,BRNGLR,45,45,94062.50,541.50,16384,20,true,true,OK,accept,true
sml,MLWorks,__simpleutils.sml,356,Leo,45,45,283375.00,2562.50,16384,20,true,true,OK,accept,true
sml,MLWorks,__simpleutils.sml,356,GLL,45,45,515500.00,14249.50,16384,20,true,true,OK,accept,true
sml,MLWorks,__simpleutils.sml,356,RNGLR,45,45,105271.00,749.50,16384,20,true,true,OK,accept,true
sml,MLWorks,__simpleutils.sml,356,BRNGLR,45,45,93604.50,395.50,16384,20,true,true,OK,accept,true
sml,MLWorks,__environ.sml,363,Leo,45,45,292875.00,8979.00,16384,20,true,true,OK,accept,true
sml,MLWorks,__environ.sml,363,GLL,45,45,512646.00,3625.00,16384,20,true,true,OK,accept,true
sml,MLWorks,__environ.sml,363,RNGLR,45,45,107833.00,2541.50,16384,20,true,true,OK,accept,true
sml,MLWorks,__environ.sml,363,BRNGLR,45,45,94041.50,1000.00,16384,20,true,true,OK,accept,true
sml,MLWorks,__lambdaprint.sml,378,Leo,45,45,285271.00,4834.00,16384,20,true,true,OK,accept,true
sml,MLWorks,__lambdaprint.sml,378,GLL,45,45,513250.00,5458.50,16384,20,true,true,OK,accept,true
sml,MLWorks,__lambdaprint.sml,378,RNGLR,45,45,101687.50,937.50,16384,20,true,true,OK,accept,true
sml,MLWorks,__lambdaprint.sml,378,BRNGLR,45,45,94312.50,750.00,16384,20,true,true,OK,accept,true
sml,MLWorks,__debugger_utilities.sml,383,Leo,45,45,282396.00,2416.50,16384,20,true,true,OK,accept,true
sml,MLWorks,__debugger_utilities.sml,383,GLL,45,45,511312.50,5583.50,16384,20,true,true,OK,accept,true
sml,MLWorks,__debugger_utilities.sml,383,RNGLR,45,45,101396.50,438.50,16384,20,true,true,OK,accept,true
sml,MLWorks,__debugger_utilities.sml,383,BRNGLR,45,45,96750.00,1625.00,16384,20,true,true,OK,accept,true
sml,MLWorks,_namesettypes.sml,303,Leo,46,46,223166.50,3312.50,16384,20,true,true,OK,accept,true
sml,MLWorks,_namesettypes.sml,303,GLL,46,46,397812.00,1020.50,16384,20,true,true,OK,accept,true
sml,MLWorks,_namesettypes.sml,303,RNGLR,46,46,85479.00,791.50,16384,20,true,true,OK,accept,true
sml,MLWorks,_namesettypes.sml,303,BRNGLR,46,46,85459.00,4271.50,16384,20,true,true,OK,accept,true
sml,MLWorks,switch1.sml,204,Leo,47,47,452458.00,7292.00,16384,20,true,true,OK,accept,true
sml,MLWorks,switch1.sml,204,GLL,47,47,807000.00,13312.00,16384,20,true,true,OK,accept,true
sml,MLWorks,switch1.sml,204,RNGLR,47,47,123875.00,1854.50,16384,20,true,true,OK,accept,true
sml,MLWorks,switch1.sml,204,BRNGLR,47,47,113895.50,1645.00,16384,20,true,true,OK,accept,true
sml,MLWorks,__enc_sub.sml,348,Leo,47,47,287895.50,7792.00,16384,20,true,true,OK,accept,true
sml,MLWorks,__enc_sub.sml,348,GLL,47,47,376292.00,4709.00,16384,20,true,true,OK,accept,true
sml,MLWorks,__enc_sub.sml,348,RNGLR,47,47,98104.00,646.00,16384,20,true,true,OK,accept,true
sml,MLWorks,__enc_sub.sml,348,BRNGLR,47,47,92708.50,2791.50,16384,20,true,true,OK,accept,true
sml,MLWorks,__lambdatypes.sml,380,Leo,47,47,289916.50,437.50,16384,20,true,true,OK,accept,true
sml,MLWorks,__lambdatypes.sml,380,GLL,47,47,504167.00,14667.00,16384,20,true,true,OK,accept,true
sml,MLWorks,__lambdatypes.sml,380,RNGLR,47,47,107792.00,937.50,16384,20,true,true,OK,accept,true
sml,MLWorks,__lambdatypes.sml,380,BRNGLR,47,47,97104.00,1000.00,16384,20,true,true,OK,accept,true
sml,MLWorks,puzzle.sml,216,Leo,48,48,225521.00,750.50,16384,20,true,true,OK,accept,true
sml,MLWorks,puzzle.sml,216,GLL,48,48,758917.00,18688.00,16384,20,true,true,OK,accept,true
sml,MLWorks,puzzle.sml,216,RNGLR,48,48,92145.50,416.50,16384,20,true,true,OK,accept,true
sml,MLWorks,puzzle.sml,216,BRNGLR,48,48,89875.00,1062.50,16384,20,true,true,OK,accept,true
sml,MLWorks,_mono_array.sml,251,Leo,48,48,296500.50,13792.00,16384,20,true,true,OK,accept,true
sml,MLWorks,_mono_array.sml,251,GLL,48,48,978458.50,16896.00,16384,20,true,true,OK,accept,true
sml,MLWorks,_mono_array.sml,251,RNGLR,48,48,135041.50,770.50,16384,20,true,true,OK,accept,true
sml,MLWorks,_mono_array.sml,251,BRNGLR,48,48,126604.00,958.00,16384,20,true,true,OK,accept,true
sml,MLWorks,switch2.sml,211,Leo,49,49,441667.00,8396.00,16384,20,true,true,OK,accept,true
sml,MLWorks,switch2.sml,211,GLL,49,49,816645.50,12124.50,16384,20,true,true,OK,accept,true
sml,MLWorks,switch2.sml,211,RNGLR,49,49,128666.50,3562.50,16384,20,true,true,OK,accept,true
sml,MLWorks,switch2.sml,211,BRNGLR,49,49,116687.50,1146.00,16384,20,true,true,OK,accept,true
sml,MLWorks,mlworks_c_resource.sml,189,Leo,50,50,268500.50,7125.50,16384,20,true,true,OK,accept,true
sml,MLWorks,mlworks_c_resource.sml,189,GLL,50,50,1188875.00,11375.00,16384,20,true,true,OK,accept,true
sml,MLWorks,mlworks_c_resource.sml,189,RNGLR,50,50,90208.00,729.50,16384,20,true,true,OK,accept,true
sml,MLWorks,mlworks_c_resource.sml,189,BRNGLR,50,50,88625.00,854.00,16384,20,true,true,OK,accept,true
sml,MLWorks,version.sml,256,Leo,50,50,275979.50,6167.00,16384,20,true,true,OK,accept,true
sml,MLWorks,version.sml,256,GLL,50,50,865895.50,14520.00,16384,20,true,true,OK,accept,true
sml,MLWorks,version.sml,256,RNGLR,50,50,93396.00,834.00,16384,20,true,true,OK,accept,true
sml,MLWorks,version.sml,256,BRNGLR,50,50,88791.00,1209.00,16384,20,true,true,OK,accept,true
sml,MLWorks,file_viewer.sml,278,Leo,51,51,300729.50,5271.50,16384,20,true,true,OK,accept,true
sml,MLWorks,file_viewer.sml,278,GLL,51,51,1810604.50,15249.50,16384,20,true,true,OK,accept,true
sml,MLWorks,file_viewer.sml,278,RNGLR,51,51,117729.50,709.00,16384,20,true,true,OK,accept,true
sml,MLWorks,file_viewer.sml,278,BRNGLR,51,51,105875.50,1104.50,16384,20,true,true,OK,accept,true
sml,MLWorks,__lexer.sml,361,Leo,52,52,329479.00,16875.00,16384,20,true,true,OK,accept,true
sml,MLWorks,__lexer.sml,361,GLL,52,52,1000938.00,9334.00,16384,20,true,true,OK,accept,true
sml,MLWorks,__lexer.sml,361,RNGLR,52,52,123020.50,937.00,16384,20,true,true,OK,accept,true
sml,MLWorks,__lexer.sml,361,BRNGLR,52,52,110812.50,1500.50,16384,20,true,true,OK,accept,true
sml,MLWorks,__types.sml,375,Leo,52,52,321333.50,8563.00,16384,20,true,true,OK,accept,true
sml,MLWorks,__types.sml,375,GLL,52,52,1062625.00,45646.50,16384,20,true,true,OK,accept,true
sml,MLWorks,__types.sml,375,RNGLR,52,52,150333.50,16979.00,16384,20,true,true,OK,accept,true
sml,MLWorks,__types.sml,375,BRNGLR,52,52,135813.00,19042.00,16384,20,true,true,OK,accept,true
sml,MLWorks,__absynprint.sml,378,Leo,52,52,331437.50,22062.00,16384,20,true,true,OK,accept,true
sml,MLWorks,__absynprint.sml,378,GLL,52,52,1031250.00,19166.50,16384,20,true,true,OK,accept,true
sml,MLWorks,__absynprint.sml,378,RNGLR,52,52,122500.00,1021.00,16384,20,true,true,OK,accept,true
sml,MLWorks,__absynprint.sml,378,BRNGLR,52,52,110854.50,500.00,16384,20,true,true,OK,accept,true
sml,MLWorks,__completion.sml,389,Leo,52,52,332583.50,15375.50,16384,20,true,true,OK,accept,true
sml,MLWorks,__completion.sml,389,GLL,52,52,1003958.00,8375.00,16384,20,true,true,OK,accept,true
sml,MLWorks,__completion.sml,389,RNGLR,52,52,123520.50,1208.00,16384,20,true,true,OK,accept,true
sml,MLWorks,__completion.sml,389,BRNGLR,52,52,112271.00,2021.00,16384,20,true,true,OK,accept,true
sml,MLWorks,__mirexpr.sml,398,Leo,52,52,321500.00,5041.50,16384,20,true,true,OK,accept,true
sml,MLWorks,__mirexpr.sml,398,GLL,52,52,1012021.00,16271.00,16384,20,true,true,OK,accept,true
sml,MLWorks,__mirexpr.sml,398,RNGLR,52,52,122500.00,833.50,16384,20,true,true,OK,accept,true
sml,MLWorks,__mirexpr.sml,398,BRNGLR,52,52,110563.00,667.00,16384,20,true,true,OK,accept,true
sml,MLWorks,__editor.sml,403,Leo,52,52,331812.50,13999.50,16384,20,true,true,OK,accept,true
sml,MLWorks,__editor.sml,403,GLL,52,52,1019521.00,20063.00,16384,20,true,true,OK,accept,true
sml,MLWorks,__editor.sml,403,RNGLR,52,52,122979.00,1125.00,16384,20,true,true,OK,accept,true
sml,MLWorks,__editor.sml,403,BRNGLR,52,52,119437.50,8646.00,16384,20,true,true,OK,accept,true
sml,MLWorks,__error_browser.sml,410,Leo,52,52,324896.00,7583.00,16384,20,true,true,OK,accept,true
sml,MLWorks,__error_browser.sml,410,GLL,52,52,1023646.00,23563.00,16384,20,true,true,OK,accept,true
sml,MLWorks,__error_browser.sml,410,RNGLR,52,52,124875.50,1832.50,16384,20,true,true,OK,accept,true
sml,MLWorks,__error_browser.sml,410,BRNGLR,52,52,111646.00,1042.00,16384,20,true,true,OK,accept,true
sml,MLWorks,__lambdaflow.sml,449,Leo,52,52,326271.00,10020.50,16384,20,true,true,OK,accept,true
sml,MLWorks,__lambdaflow.sml,449,GLL,52,52,1007896.00,13416.50,16384,20,true,true,OK,accept,true
sml,MLWorks,__lambdaflow.sml,449,RNGLR,52,52,121520.50,1895.50,16384,20,true,true,OK,accept,true
sml,MLWorks,__lambdaflow.sml,449,BRNGLR,52,52,110000.00,1500.00,16384,20,true,true,OK,accept,true
sml,MLWorks,__tty_listener.sml,449,Leo,52,52,314979.00,3708.00,16384,20,true,true,OK,accept,true
sml,MLWorks,__tty_listener.sml,449,GLL,52,52,1010104.00,15083.00,16384,20,true,true,OK,accept,true
sml,MLWorks,__tty_listener.sml,449,RNGLR,52,52,122020.50,291.50,16384,20,true,true,OK,accept,true
sml,MLWorks,__tty_listener.sml,449,BRNGLR,52,52,109437.50,854.50,16384,20,true,true,OK,accept,true
sml,MLWorks,__int_key.sml,219,Leo,53,53,433916.50,7625.00,16384,20,true,true,OK,accept,true
sml,MLWorks,__int_key.sml,219,GLL,53,53,1197395.50,13978.50,16384,20,true,true,OK,accept,true
sml,MLWorks,__int_key.sml,219,RNGLR,53,53,151604.00,3000.00,16384,20,true,true,OK,accept,true
sml,MLWorks,__int_key.sml,219,BRNGLR,53,53,134521.00,646.00,16384,20,true,true,OK,accept,true
sml,MLWorks,hash_table.sml,255,Leo,53,53,389875.00,3584.00,16384,20,true,true,OK,accept,true
sml,MLWorks,hash_table.sml,255,GLL,53,53,11038750.00,41500.00,16384,20,true,true,OK,accept,true
sml,MLWorks,hash_table.sml,255,RNGLR,53,53,154062.50,875.00,16384,20,true,true,OK,accept,true
sml,MLWorks,hash_table.sml,255,BRNGLR,53,53,136541.50,730.00,16384,20,true,true,OK,accept,true
sml,MLWorks,bit_flags.sml,245,Leo,54,54,304687.50,2416.00,16384,20,true,true,OK,accept,true
sml,MLWorks,bit_flags.sml,245,GLL,54,54,1808333.50,42896.00,16384,20,true,true,OK,accept,true
sml,MLWorks,bit_flags.sml,245,RNGLR,54,54,114938.00,520.50,16384,20,true,true,OK,accept,true
sml,MLWorks,bit_flags.sml,245,BRNGLR,54,54,109146.00,8437.00,16384,20,true,true,OK,accept,true
sml,MLWorks,__pervasives.sml,394,Leo,54,54,319541.00,8625.00,16384,20,true,true,OK,accept,true
sml,MLWorks,__pervasives.sml,394,GLL,54,54,590021.00,13000.00,16384,20,true,true,OK,accept,true
sml,MLWorks,__pervasives.sml,394,RNGLR,54,54,114958.50,1333.50,16384,20,true,true,OK,accept,true
sml,MLWorks,__pervasives.sml,394,BRNGLR,54,54,103708.00,1292.00,16384,20,true,true,OK,accept,true
sml,MLWorks,__stackallocator.sml,420,Leo,54,54,315437.00,3167.00,16384,20,true,true,OK,accept,true
sml,MLWorks,__stackallocator.sml,420,GLL,54,54,577312.50,5854.00,16384,20,true,true,OK,accept,true
sml,MLWorks,__stackallocator.sml,420,RNGLR,54,54,115354.00,563.00,16384,20,true,true,OK,accept,true
sml,MLWorks,__stackallocator.sml,420,BRNGLR,54,54,103291.50,1437.50,16384,20,true,true,OK,accept,true
sml,MLWorks,__miroptimiser.sml,435,Leo,54,54,319521.00,2896.00,16384,20,true,true,OK,accept,true
sml,MLWorks,__miroptimiser.sml,435,GLL,54,54,579125.00,7229.50,16384,20,true,true,OK,accept,true
sml,MLWorks,__miroptimiser.sml,435,RNGLR,54,54,115167.00,1000.50,16384,20,true,true,OK,accept,true
sml,MLWorks,__miroptimiser.sml,435,BRNGLR,54,54,108771.00,1646.00,16384,20,true,true,OK,accept,true
sml,MLWorks,win32.sml,306,Leo,55,55,350520.50,3229.50,16384,20,true,true,OK,accept,true
sml,MLWorks,win32.sml,306,GLL,55,55,10114854.00,45666.00,16384,20,true,true,OK,accept,true
sml,MLWorks,win32.sml,306,RNGLR,55,55,164250.00,1146.00,16384,20,true,true,OK,accept,true
sml,MLWorks,win32.sml,306,BRNGLR,55,55,139354.00,1500.00,16384,20,true,true,OK,accept,true
sml,MLWorks,__smallintset.sml,310,Leo,55,55,429854.00,4250.00,16384,20,true,true,OK,accept,true
sml,MLWorks,__smallintset.sml,310,GLL,55,55,1812979.50,14312.50,16384,20,true,true,OK,accept,true
sml,MLWorks,__smallintset.sml,310,RNGLR,55,55,158187.50,1000.50,16384,20,true,true,OK,accept,true
sml,MLWorks,__smallintset.sml,310,BRNGLR,55,55,148208.50,4667.00,16384,20,true,true,OK,accept,true
sml,MLWorks,__object_output.sml,369,Leo,55,55,345083.50,3104.50,16384,20,true,true,OK,accept,true
sml,MLWorks,__object_output.sml,369,GLL,55,55,5186312.50,15479.50,16384,20,true,true,OK,accept,true
sml,MLWorks,__object_output.sml,369,RNGLR,55,55,212875.00,1437.00,16384,20,true,true,OK,accept,true
sml,MLWorks,__object_output.sml,369,BRNGLR,55,55,176000.00,1791.50,16384,20,true,true,OK,accept,true
sml,MLWorks,real_pattern.sml,161,Leo,56,56,444396.00,4708.50,16384,20,true,true,OK,accept,true
sml,MLWorks,real_pattern.sml,161,GLL,56,56,529958.50,7771.00,16384,20,true,true,OK,accept,true
sml,MLWorks,real_pattern.sml,161,RNGLR,56,56,115020.50,708.00,16384,20,true,true,OK,accept,true
sml,MLWorks,real_pattern.sml,161,BRNGLR,56,56,109834.00,834.00,16384,20,true,true,OK,accept,true
sml,MLWorks,handler_c_raise.sml,154,Leo,57,57,502833.00,8896.00,16384,20,true,true,OK,accept,true
sml,MLWorks,handler_c_raise.sml,154,GLL,57,57,1409771.50,18667.50,16384,20,true,true,OK,accept,true
sml,MLWorks,handler_c_raise.sml,154,RNGLR,57,57,154834.00,1146.00,16384,20,true,true,OK,accept,true
sml,MLWorks,handler_c_raise.sml,154,BRNGLR,57,57,149979.00,3187.50,16384,20,true,true,OK,accept,true
sml,MLWorks,interload.sml,254,Leo,57,57,290979.50,1687.50,16384,20,true,true,OK,accept,true
sml,MLWorks,interload.sml,254,GLL,57,57,934271.00,9937.00,16384,20,true,true,OK,accept,true
sml,MLWorks,interload.sml,254,RNGLR,57,57,87791.50,3374.50,16384,20,true,true,OK,accept,true
sml,MLWorks,interload.sml,254,BRNGLR,57,57,86499.50,1520.50,16384,20,true,true,OK,accept,true
sml,MLWorks,os_process.sml,274,Leo,57,57,368875.00,29145.50,16384,20,true,true,OK,accept,true
sml,MLWorks,os_process.sml,274,GLL,57,57,29134792.00,109374.00,16384,17,true,true,OK,accept,true
sml,MLWorks,os_process.sml,274,RNGLR,57,57,188458.00,937.00,16384,20,true,true,OK,accept,true
sml,MLWorks,os_process.sml,274,BRNGLR,57,57,157104.00,2562.00,16384,20,true,true,OK,accept,true
sml,MLWorks,value_printer.sml,333,Leo,58,58,316625.50,5021.50,16384,20,true,true,OK,accept,true
sml,MLWorks,value_printer.sml,333,GLL,58,58,25168646.00,54271.00,16384,20,true,true,OK,accept,true
sml,MLWorks,value_printer.sml,333,RNGLR,58,58,147354.50,875.00,16384,20,true,true,OK,accept,true
sml,MLWorks,value_printer.sml,333,BRNGLR,58,58,130208.50,2813.00,16384,20,true,true,OK,accept,true
sml,MLWorks,derived.sml,207,Leo,59,59,370291.50,8749.50,16384,20,true,true,OK,accept,true
sml,MLWorks,derived.sml,207,GLL,59,59,3106458.50,23187.00,16384,20,true,true,OK,accept,true
sml,MLWorks,derived.sml,207,RNGLR,59,59,233291.50,5374.50,16384,20,true,true,OK,accept,true
sml,MLWorks,derived.sml,207,BRNGLR,59,59,209833.00,3500.00,16384,20,true,true,OK,accept,true
sml,MLWorks,build_make.sml,343,Leo,59,59,440104.50,12688.00,16384,20,true,true,OK,accept,true
sml,MLWorks,build_make.sml,343,GLL,59,59,546729.50,13521.00,16384,20,true,true,OK,accept,true
sml,MLWorks,build_make.sml,343,RNGLR,59,59,130729.00,916.00,16384,20,true,true,OK,accept,true
sml,MLWorks,build_make.sml,343,BRNGLR,59,59,122520.50,833.00,16384,20,true,true,OK,accept,true
sml,MLWorks,lambdamodule.sml,364,Leo,59,59,381249.50,7791.50,16384,20,true,true,OK,accept,true
sml,MLWorks,lambdamodule.sml,364,GLL,59,59,1006396.00,10916.50,16384,20,true,true,OK,accept,true
sml,MLWorks,lambdamodule.sml,364,RNGLR,59,59,100708.00,666.00,16384,20,true,true,OK,accept,true
sml,MLWorks,lambdamodule.sml,364,BRNGLR,59,59,100833.00,1728.50,16384,20,true,true,OK,accept,true
sml,MLWorks,__sigma.sml,398,Leo,59,59,352812.50,2229.00,16384,20,true,true,OK,accept,true
sml,MLWorks,__sigma.sml,398,GLL,59,59,2200916.50,13688.00,16384,20,true,true,OK,accept,true
sml,MLWorks,__sigma.sml,398,RNGLR,59,59,151833.50,1333.50,16384,20,true,true,OK,accept,true
sml,MLWorks,__sigma.sml,398,BRNGLR,59,59,131812.00,854.00,16384,20,true,true,OK,accept,true
sml,MLWorks,__nameset.sml,412,Leo,59,59,354083.00,7437.00,16384,20,true,true,OK,accept,true
sml,MLWorks,__nameset.sml,412,GLL,59,59,2185104.00,11729.50,16384,20,true,true,OK,accept,true
sml,MLWorks,__nameset.sml,412,RNGLR,59,59,150709.00,1542.00,16384,20,true,true,OK,accept,true
sml,MLWorks,__nameset.sml,412,BRNGLR,59,59,133417.00,4250.50,16384,20,true,true,OK,accept,true
sml,MLWorks,__tyenv.sml,414,Leo,59,59,360750.00,9333.00,16384,20,true,true,OK,accept,true
sml,MLWorks,__tyenv.sml,414,GLL,59,59,2202229.00,14666.50,16384,20,true,true,OK,accept,true
sml,MLWorks,__tyenv.sml,414,RNGLR,59,59,150978.50,1853.50,16384,20,true,true,OK,accept,true
sml,MLWorks,__tyenv.sml,414,BRNGLR,59,59,129750.00,791.00,16384,20,true,true,OK,accept,true
sml,MLWorks,__lexrules.sml,421,Leo,59,59,356458.50,4875.00,16384,20,true,true,OK,accept,true
sml,MLWorks,__lexrules.sml,421,GLL,59,59,2186812.50,11479.00,16384,20,true,true,OK,accept,true
sml,MLWorks,__lexrules.sml,421,RNGLR,59,59,151750.00,541.50,16384,20,true,true,OK,accept,true
sml,MLWorks,__lexrules.sml,421,BRNGLR,59,59,240896.00,103146.50,16384,20,true,true,OK,accept,true
sml,MLWorks,__path_tool.sml,424,Leo,59,59,367374.50,16562.00,16384,20,true,true,OK,accept,true
sml,MLWorks,__path_tool.sml,424,GLL,59,59,2194896.00,10604.50,16384,20,true,true,OK,accept,true
sml,MLWorks,__path_tool.sml,424,RNGLR,59,59,152916.50,521.00,16384,20,true,true,OK,accept,true
sml,MLWorks,__path_tool.sml,424,BRNGLR,59,59,132562.50,437.50,16384,20,true,true,OK,accept,true
sml,MLWorks,__capi.sml,435,Leo,59,59,358854.50,7313.00,16384,20,true,true,OK,accept,true
sml,MLWorks,__capi.sml,435,GLL,59,59,2193625.00,9937.00,16384,20,true,true,OK,accept,true
sml,MLWorks,__capi.sml,435,RNGLR,59,59,153124.50,937.00,16384,20,true,true,OK,accept,true
sml,MLWorks,__capi.sml,435,BRNGLR,59,59,133375.00,1896.00,16384,20,true,true,OK,accept,true
sml,MLWorks,__break_trace.sml,459,Leo,59,59,369604.50,18063.00,16384,20,true,true,OK,accept,true
sml,MLWorks,__break_trace.sml,459,GLL,59,59,2198271.00,14521.50,16384,20,true,true,OK,accept,true
sml,MLWorks,__break_trace.sml,459,RNGLR,59,59,153562.50,1958.50,16384,20,true,true,OK,accept,true
sml,MLWorks,__break_trace.sml,459,BRNGLR,59,59,132395.50,603.50,16384,20,true,true,OK,accept,true
sml,MLWorks,__actionfunctions.sml,465,Leo,59,59,349229.50,5646.00,16384,20,true,true,OK,accept,true
sml,MLWorks,__actionfunctions.sml,465,GLL,59,59,2184833.50,23125.00,16384,20,true,true,OK,accept,true
sml,MLWorks,__actionfunctions.sml,465,RNGLR,59,59,151937.50,562.50,16384,20,true,true,OK,accept,true
sml,MLWorks,__actionfunctions.sml,465,BRNGLR,59,59,132499.50,1396.00,16384,20,true,true,OK,accept,true
sml,MLWorks,__shell.sml,467,Leo,59,59,351229.00,1500.00,16384,20,true,true,OK,accept,true
sml,MLWorks,__shell.sml,467,GLL,59,59,2196749.50,17916.00,16384,20,true,true,OK,accept,true
sml,MLWorks,__shell.sml,467,RNGLR,59,59,154770.50,438.00,16384,20,true,true,OK,accept,true
sml,MLWorks,__shell.sml,467,BRNGLR,59,59,138229.00,4000.00,16384,20,true,true,OK,accept,true
sml,MLWorks,__sparc_schedule.sml,469,Leo,59,59,425896.00,8354.50,16384,20,true,true,OK,accept,true
sml,MLWorks,__sparc_schedule.sml,469,GLL,59,59,2210458.50,58250.00,16384,20,true,true,OK,accept,true
sml,MLWorks,__sparc_schedule.sml,469,RNGLR,59,59,153854.00,1375.00,16384,20,true,true,OK,accept,true
sml,MLWorks,__sparc_schedule.sml,469,BRNGLR,59,59,132479.00,708.00,16384,20,true,true,OK,accept,true
sml,MLWorks,__valenv.sml,477,Leo,59,59,357979.00,5708.00,16384,20,true,true,OK,accept,true
sml,MLWorks,__valenv.sml,477,GLL,59,59,2202229.50,10604.00,16384,20,true,true,OK,accept,true
sml,MLWorks,__valenv.sml,477,RNGLR,59,59,152250.50,1354.50,16384,20,true,true,OK,accept,true
sml,MLWorks,__valenv.sml,477,BRNGLR,59,59,131770.50,1062.50,16384,20,true,true,OK,accept,true
sml,MLWorks,__debugger_print.sml,487,Leo,59,59,360229.00,8874.50,16384,20,true,true,OK,accept,true
sml,MLWorks,__debugger_print.sml,487,GLL,59,59,2190208.50,12708.50,16384,20,true,true,OK,accept,true
sml,MLWorks,__debugger_print.sml,487,RNGLR,59,59,152375.50,499.50,16384,20,true,true,OK,accept,true
sml,MLWorks,__debugger_print.sml,487,BRNGLR,59,59,134625.00,2396.00,16384,20,true,true,OK,accept,true
sml,MLWorks,__user_context.sml,487,Leo,59,59,348458.50,3896.00,16384,20,true,true,OK,accept,true
sml,MLWorks,__user_context.sml,487,GLL,59,59,2201104.50,16792.50,16384,20,true,true,OK,accept,true
sml,MLWorks,__user_context.sml,487,RNGLR,59,59,152229.00,874.50,16384,20,true,true,OK,accept,true
sml,MLWorks,__user_context.sml,487,BRNGLR,59,59,131250.00,771.00,16384,20,true,true,OK,accept,true
sml,MLWorks,__inspector_values.sml,498,Leo,59,59,357000.00,5521.00,16384,20,true,true,OK,accept,true
sml,MLWorks,__inspector_values.sml,498,GLL,59,59,2198104.00,18291.50,16384,20,true,true,OK,accept,true
sml,MLWorks,__inspector_values.sml,498,RNGLR,59,59,153458.50,3771.00,16384,20,true,true,OK,accept,true
sml,MLWorks,__inspector_values.sml,498,BRNGLR,59,59,133271.00,3063.00,16384,20,true,true,OK,accept,true
sml,MLWorks,__mips_assembly.sml,499,Leo,59,59,370541.00,9082.50,16384,20,true,true,OK,accept,true
sml,MLWorks,__mips_assembly.sml,499,GLL,59,59,2235958.00,47375.00,16384,20,true,true,OK,accept,true
sml,MLWorks,__mips_assembly.sml,499,RNGLR,59,59,152291.50,833.50,16384,20,true,true,OK,accept,true
sml,MLWorks,__mips_assembly.sml,499,BRNGLR,59,59,132292.00,916.50,16384,20,true,true,OK,accept,true
sml,MLWorks,__sparc_assembly.sml,505,Leo,59,59,356958.50,6896.00,16384,20,true,true,OK,accept,true
sml,MLWorks,__sparc_assembly.sml,505,GLL,59,59,2190000.00,11208.50,16384,20,true,true,OK,accept,true
sml,MLWorks,__sparc_assembly.sml,505,RNGLR,59,59,152583.50,1438.00,16384,20,true,true,OK,accept,true
sml,MLWorks,__sparc_assembly.sml,505,BRNGLR,59,59,132500.00,1041.50,16384,20,true,true,OK,accept,true
sml,MLWorks,__value_printer.sml,512,Leo,59,59,353729.00,3291.50,16384,20,true,true,OK,accept,true
sml,MLWorks,__value_printer.sml,512,GLL,59,59,2197729.50,13833.50,16384,20,true,true,OK,accept,true
sml,MLWorks,__value_printer.sml,512,RNGLR,59,59,153208.00,1958.00,16384,20,true,true,OK,accept,true
sml,MLWorks,__value_printer.sml,512,BRNGLR,59,59,131875.00,1646.00,16384,20,true,true,OK,accept,true
sml,MLWorks,__sharetypes.sml,541,Leo,59,59,353979.00,4103.50,16384,20,true,true,OK,accept,true
sml,MLWorks,__sharetypes.sml,541,GLL,59,59,2207417.00,14166.00,16384,20,true,true,OK,accept,true
sml,MLWorks,__sharetypes.sml,541,RNGLR,59,59,153313.00,1104.50,16384,20,true,true,OK,accept,true
sml,MLWorks,__sharetypes.sml,541,BRNGLR,59,59,132188.00,1354.50,16384,20,true,true,OK,accept,true
sml,MLWorks,console.sml,327,Leo,61,61,247937.50,2874.50,16384,20,true,true,OK,accept,true
sml,MLWorks,console.sml,327,GLL,61,61,796604.00,8542.00,16384,20,true,true,OK,accept,true
sml,MLWorks,console.sml,327,RNGLR,61,61,90187.50,1271.00,16384,20,true,true,OK,accept,true
sml,MLWorks,console.sml,327,BRNGLR,61,61,88854.00,2687.00,16384,20,true,true,OK,accept,true
sml,MLWorks,__derived.sml,439,Leo,61,61,358292.00,5208.50,16384,20,true,true,OK,accept,true
sml,MLWorks,__derived.sml,439,GLL,61,61,2209354.50,16000.00,16384,20,true,true,OK,accept,true
sml,MLWorks,__derived.sml,439,RNGLR,61,61,155521.00,2521.00,16384,20,true,true,OK,accept,true
sml,MLWorks,__derived.sml,439,BRNGLR,61,61,132604.00,791.50,16384,20,true,true,OK,accept,true
sml,MLWorks,__mirprocedure.sml,468,Leo,61,61,352062.50,4458.50,16384,20,true,true,OK,accept,true
sml,MLWorks,__mirprocedure.sml,468,GLL,61,61,1027875.00,3687.00,16384,20,true,true,OK,accept,true
sml,MLWorks,__mirprocedure.sml,468,RNGLR,61,61,136145.50,312.00,16384,20,true,true,OK,accept,true
sml,MLWorks,__mirprocedure.sml,468,BRNGLR,61,61,123499.50,1270.00,16384,20,true,true,OK,accept,true
sml,MLWorks,__mlworks_io.sml,455,Leo,62,62,435875.50,4042.50,16384,20,true,true,OK,accept,true
sml,MLWorks,__mlworks_io.sml,455,GLL,62,62,35327416.00,35416.00,16384,15,true,true,OK,accept,true
sml,MLWorks,__mlworks_io.sml,455,RNGLR,62,62,290562.50,5750.00,16384,20,true,true,OK,accept,true
sml,MLWorks,__mlworks_io.sml,455,BRNGLR,62,62,241979.00,2791.50,16384,20,true,true,OK,accept,true
sml,MLWorks,switch4.sml,267,Leo,63,63,580375.00,5666.50,16384,20,true,true,OK,accept,true
sml,MLWorks,switch4.sml,267,GLL,63,63,1127833.50,11417.00,16384,20,true,true,OK,accept,true
sml,MLWorks,switch4.sml,267,RNGLR,63,63,195645.50,4521.00,16384,20,true,true,OK,accept,true
sml,MLWorks,switch4.sml,267,BRNGLR,63,63,178833.50,6083.50,16384,20,true,true,OK,accept,true
sml,MLWorks,typerep_utils.sml,362,Leo,63,63,338875.00,1979.50,16384,20,true,true,OK,accept,true
sml,MLWorks,typerep_utils.sml,362,GLL,63,63,3126771.00,12542.00,16384,20,true,true,OK,accept,true
sml,MLWorks,typerep_utils.sml,362,RNGLR,63,63,123395.50,916.00,16384,20,true,true,OK,accept,true
sml,MLWorks,typerep_utils.sml,362,BRNGLR,63,63,115208.00,916.00,16384,20,true,true,OK,accept,true
sml,MLWorks,lambdaflow.sml,402,Leo,63,63,369083.00,8895.50,16384,20,true,true,OK,accept,true
sml,MLWorks,lambdaflow.sml,402,GLL,63,63,1782854.50,7729.00,16384,20,true,true,OK,accept,true
sml,MLWorks,lambdaflow.sml,402,RNGLR,63,63,118917.00,730.00,16384,20,true,true,OK,accept,true
sml,MLWorks,lambdaflow.sml,402,BRNGLR,63,63,111916.50,4167.00,16384,20,true,true,OK,accept,true
sml,MLWorks,os.sml,386,Leo,64,64,393375.00,6437.50,16384,20,true,true,OK,accept,true
sml,MLWorks,os.sml,386,GLL,64,64,30408041.00,24166.00,16384,17,true,true,OK,accept,true
sml,MLWorks,os.sml,386,RNGLR,64,64,205833.00,1146.00,16384,20,true,true,OK,accept,true
sml,MLWorks,os.sml,386,BRNGLR,64,64,172875.00,1229.50,16384,20,true,true,OK,accept,true
sml,MLWorks,os_prim_io.sml,410,Leo,64,64,436687.50,729.00,16384,20,true,true,OK,accept,true
sml,MLWorks,os_prim_io.sml,410,GLL,64,64,5421871083.50,23550541.50,16384,10,true,true,OK,accept,true
sml,MLWorks,os_prim_io.sml,410,RNGLR,64,64,435228.50,3957.50,16384,20,true,true,OK,accept,true
sml,MLWorks,os_prim_io.sml,410,BRNGLR,64,64,328479.00,2396.00,16384,20,true,true,OK,accept,true
sml,MLWorks,diagnostic.sml,285,Leo,65,65,356458.00,3250.00,16384,20,true,true,OK,accept,true
sml,MLWorks,diagnostic.sml,285,GLL,65,65,0.00,0.00,0,0,false,false,TIMEOUT,accept,
sml,MLWorks,diagnostic.sml,285,RNGLR,65,65,120812.50,1937.50,16384,20,true,true,OK,accept,true
sml,MLWorks,diagnostic.sml,285,BRNGLR,65,65,110479.00,812.50,16384,20,true,true,OK,accept,true
sml,MLWorks,os_exit.sml,337,Leo,65,65,396979.00,1645.50,16384,20,true,true,OK,accept,true
sml,MLWorks,os_exit.sml,337,GLL,65,65,0.00,0.00,0,0,false,false,TIMEOUT,accept,
sml,MLWorks,os_exit.sml,337,RNGLR,65,65,234291.50,3562.50,16384,20,true,true,OK,accept,true
sml,MLWorks,os_exit.sml,337,BRNGLR,65,65,187208.00,937.50,16384,20,true,true,OK,accept,true
sml,MLWorks,__libml.sml,412,Leo,65,65,600312.50,10042.00,16384,20,true,true,OK,accept,true
sml,MLWorks,__libml.sml,412,GLL,65,65,0.00,0.00,0,0,false,false,TIMEOUT,accept,
sml,MLWorks,__libml.sml,412,RNGLR,65,65,354771.00,8729.00,16384,20,true,true,OK,accept,true
sml,MLWorks,__libml.sml,412,BRNGLR,65,65,298958.00,1292.00,16384,20,true,true,OK,accept,true
sml,MLWorks,_symbol.sml,271,Leo,66,66,544979.00,12583.00,16384,20,true,true,OK,accept,true
sml,MLWorks,_symbol.sml,271,GLL,66,66,0.00,0.00,0,0,false,false,TIMEOUT,accept,
sml,MLWorks,_symbol.sml,271,RNGLR,66,66,278374.50,3208.50,16384,20,true,true,OK,accept,true
sml,MLWorks,_symbol.sml,271,BRNGLR,66,66,251729.00,9125.00,16384,20,true,true,OK,accept,true
sml,MLWorks,_crash.sml,346,Leo,66,66,514458.00,11625.00,16384,20,true,true,OK,accept,true
sml,MLWorks,_crash.sml,346,GLL,66,66,0.00,0.00,0,0,false,false,TIMEOUT,accept,
sml,MLWorks,_crash.sml,346,RNGLR,66,66,155875.00,1021.00,16384,20,true,true,OK,accept,true
sml,MLWorks,_crash.sml,346,BRNGLR,66,66,153291.50,4583.00,16384,20,true,true,OK,accept,true
sml,MLWorks,__evaluator.sml,515,Leo,66,66,423271.00,20938.00,16384,20,true,true,OK,accept,true
sml,MLWorks,__evaluator.sml,515,GLL,66,66,0.00,0.00,0,0,false,false,TIMEOUT,accept,
sml,MLWorks,__evaluator.sml,515,RNGLR,66,66,189959.00,3729.00,16384,20,true,true,OK,accept,true
sml,MLWorks,__evaluator.sml,515,BRNGLR,66,66,170604.00,4562.00,16384,20,true,true,OK,accept,true
sml,MLWorks,__menus.sml,521,Leo,66,66,408896.00,6875.00,16384,20,true,true,OK,accept,true
sml,MLWorks,__menus.sml,521,GLL,66,66,0.00,0.00,0,0,false,false,TIMEOUT,accept,
sml,MLWorks,__menus.sml,521,RNGLR,66,66,207020.50,12562.00,16384,20,true,true,OK,accept,true
sml,MLWorks,__menus.sml,521,BRNGLR,66,66,160291.50,1500.50,16384,20,true,true,OK,accept,true
sml,MLWorks,__tooldata.sml,542,Leo,66,66,416521.00,10813.00,16384,20,true,true,OK,accept,true
sml,MLWorks,__tooldata.sml,542,GLL,66,66,0.00,0.00,0,0,false,false,TIMEOUT,accept,
sml,MLWorks,__tooldata.sml,542,RNGLR,66,66,185937.50,625.50,16384,20,true,true,OK,accept,true
sml,MLWorks,__tooldata.sml,542,BRNGLR,66,66,164896.00,417.00,16384,20,true,true,OK,accept,true
sml,MLWorks,__control_unify.sml,546,Leo,66,66,418583.50,5749.50,16384,20,true,true,OK,accept,true
sml,MLWorks,__control_unify.sml,546,GLL,66,66,0.00,0.00,0,0,false,false,TIMEOUT,accept,
sml,MLWorks,__control_unify.sml,546,RNGLR,66,66,192958.00,750.00,16384,20,true,true,OK,accept,true
sml,MLWorks,__control_unify.sml,546,BRNGLR,66,66,165625.00,646.00,16384,20,true,true,OK,accept,true
sml,MLWorks,__entry.sml,576,Leo,66,66,403750.50,3833.50,16384,20,true,true,OK,accept,true
sml,MLWorks,__entry.sml,576,GLL,66,66,0.00,0.00,0,0,false,false,TIMEOUT,accept,
sml,MLWorks,__entry.sml,576,RNGLR,66,66,186645.50,1188.00,16384,20,true,true,OK,accept,true
sml,MLWorks,__entry.sml,576,BRNGLR,66,66,161708.50,1854.50,16384,20,true,true,OK,accept,true
sml,MLWorks,__inspector.sml,623,Leo,66,66,415562.50,8687.50,16384,20,true,true,OK,accept,true
sml,MLWorks,__inspector.sml,623,GLL,66,66,0.00,0.00,0,0,false,false,TIMEOUT,accept,
sml,MLWorks,__inspector.sml,623,RNGLR,66,66,194208.50,2562.50,16384,20,true,true,OK,accept,true
sml,MLWorks,__inspector.sml,623,BRNGLR,66,66,159687.50,750.00,16384,20,true,true,OK,accept,true
sml,MLWorks,binary.sml,365,Leo,67,67,479979.50,19417.50,16384,20,true,true,OK,accept,true
sml,MLWorks,binary.sml,365,GLL,67,67,0.00,0.00,0,0,false,false,TIMEOUT,accept,
sml,MLWorks,binary.sml,365,RNGLR,67,67,185271.00,1729.00,16384,20,true,true,OK,accept,true
sml,MLWorks,binary.sml,365,BRNGLR,67,67,157437.50,958.00,16384,20,true,true,OK,accept,true
sml,MLWorks,__os_exit.sml,303,Leo,68,68,555083.00,7458.00,16384,20,true,true,OK,accept,true
sml,MLWorks,__os_exit.sml,303,GLL,68,68,0.00,0.00,0,0,false,false,TIMEOUT,accept,
sml,MLWorks,__os_exit.sml,303,RNGLR,68,68,389021.00,7625.00,16384,20,true,true,OK,accept,true
sml,MLWorks,__os_exit.sml,303,BRNGLR,68,68,332979.00,5625.00,16384,20,true,true,OK,accept,true
sml,MLWorks,interprint.sml,385,Leo,68,68,450667.00,8000.50,16384,20,true,true,OK,accept,true
sml,MLWorks,interprint.sml,385,GLL,68,68,0.00,0.00,0,0,false,false,TIMEOUT,accept,
sml,MLWorks,interprint.sml,385,RNGLR,68,68,141583.50,1270.50,16384,20,true,true,OK,accept,true
sml,MLWorks,interprint.sml,385,BRNGLR,68,68,140854.00,2478.50,16384,20,true,true,OK,accept,true
sml,MLWorks,__match.sml,524,Leo,68,68,429542.00,16771.50,16384,20,true,true,OK,accept,true
sml,MLWorks,__match.sml,524,GLL,68,68,0.00,0.00,0,0,false,false,TIMEOUT,accept,
sml,MLWorks,__match.sml,524,RNGLR,68,68,197624.50,5103.50,16384,20,true,true,OK,accept,true
sml,MLWorks,__match.sml,524,BRNGLR,68,68,167229.50,771.00,16384,20,true,true,OK,accept,true
sml,MLWorks,mutablemonoset.sml,276,Leo,69,69,466687.50,11417.00,16384,20,true,true,OK,accept,true
sml,MLWorks,mutablemonoset.sml,276,GLL,69,69,0.00,0.00,0,0,false,false,TIMEOUT,accept,
sml,MLWorks,mutablemonoset.sml,276,RNGLR,69,69,194688.00,2833.50,16384,20,true,true,OK,accept,true
sml,MLWorks,mutablemonoset.sml,276,BRNGLR,69,69,168000.00,1249.50,16384,20,true,true,OK,accept,true
sml,MLWorks,sharetypes.sml,434,Leo,69,69,485166.50,9041.50,16384,20,true,true,OK,accept,true
sml,MLWorks,sharetypes.sml,434,GLL,69,69,0.00,0.00,0,0,false,false,TIMEOUT,accept,
sml,MLWorks,sharetypes.sml,434,RNGLR,69,69,162458.50,729.50,16384,20,true,true,OK,accept,true
sml,MLWorks,sharetypes.sml,434,BRNGLR,69,69,163375.50,8480.00,16384,20,true,true,OK,accept,true
sml,MLWorks,os_file_sys_is_dir.sml,235,Leo,70,70,888979.00,29229.00,16384,20,true,true,OK,accept,true
sml,MLWorks,os_file_sys_is_dir.sml,235,GLL,70,70,0.00,0.00,0,0,false,false,TIMEOUT,accept,
sml,MLWorks,os_file_sys_is_dir.sml,235,RNGLR,70,70,574437.50,7958.50,16384,20,true,true,OK,accept,true
sml,MLWorks,os_file_sys_is_dir.sml,235,BRNGLR,70,70,477604.50,4521.00,16384,20,true,true,OK,accept,true
sml,MLWorks,__registerpack.sml,574,Leo,72,72,443458.00,979.00,16384,20,true,true,OK,accept,true
sml,MLWorks,__registerpack.sml,574,GLL,72,72,0.00,0.00,0,0,false,false,TIMEOUT,accept,
sml,MLWorks,__registerpack.sml,574,RNGLR,72,72,211291.50,11979.00,16384,20,true,true,OK,accept,true
sml,MLWorks,__registerpack.sml,574,BRNGLR,72,72,179459.00,1103.50,16384,20,true,true,OK,accept,true
sml,MLWorks,regexp.sml,359,Leo,73,73,432167.00,10104.50,16384,20,true,true,OK,accept,true
sml,MLWorks,regexp.sml,359,GLL,73,73,0.00,0.00,0,0,false,false,TIMEOUT,accept,
sml,MLWorks,regexp.sml,359,RNGLR,73,73,212375.00,1479.00,16384,20,true,true,OK,accept,true
sml,MLWorks,regexp.sml,359,BRNGLR,73,73,182333.50,4479.50,16384,20,true,true,OK,accept,true
sml,MLWorks,io_functors.sml,390,Leo,73,73,463104.00,7479.50,16384,20,true,true,OK,accept,true
sml,MLWorks,io_functors.sml,390,GLL,73,73,0.00,0.00,0,0,false,false,TIMEOUT,accept,
sml,MLWorks,io_functors.sml,390,RNGLR,73,73,296396.00,5146.00,16384,20,true,true,OK,accept,true
sml,MLWorks,io_functors.sml,390,BRNGLR,73,73,255104.50,5625.50,16384,20,true,true,OK,accept,true
sml,MLWorks,custom.sml,396,Leo,73,73,467104.50,8834.00,16384,20,true,true,OK,accept,true
sml,MLWorks,custom.sml,396,GLL,73,73,0.00,0.00,0,0,false,false,TIMEOUT,accept,
sml,MLWorks,custom.sml,396,RNGLR,73,73,201437.50,3188.00,16384,20,true,true,OK,accept,true
sml,MLWorks,custom.sml,396,BRNGLR,73,73,180375.00,2229.00,16384,20,true,true,OK,accept,true
sml,MLWorks,__scheme.sml,533,Leo,73,73,442187.50,4083.50,16384,20,true,true,OK,accept,true
sml,MLWorks,__scheme.sml,533,GLL,73,73,0.00,0.00,0,0,false,false,TIMEOUT,accept,
sml,MLWorks,__scheme.sml,533,RNGLR,73,73,228125.00,5667.00,16384,20,true,true,OK,accept,true
sml,MLWorks,__scheme.sml,533,BRNGLR,73,73,193104.50,708.50,16384,20,true,true,OK,accept,true
sml,MLWorks,__profile_tool.sml,582,Leo,73,73,454937.50,8645.50,16384,20,true,true,OK,accept,true
sml,MLWorks,__profile_tool.sml,582,GLL,73,73,0.00,0.00,0,0,false,false,TIMEOUT,accept,
sml,MLWorks,__profile_tool.sml,582,RNGLR,73,73,222645.50,1645.50,16384,20,true,true,OK,accept,true
sml,MLWorks,__profile_tool.sml,582,BRNGLR,73,73,194333.00,875.00,16384,20,true,true,OK,accept,true
sml,MLWorks,__primitives.sml,590,Leo,73,73,457833.50,13416.50,16384,20,true,true,OK,accept,true
sml,MLWorks,__primitives.sml,590,GLL,73,73,0.00,0.00,0,0,false,false,TIMEOUT,accept,
sml,MLWorks,__primitives.sml,590,RNGLR,73,73,226666.50,4395.50,16384,20,true,true,OK,accept,true
sml,MLWorks,__primitives.sml,590,BRNGLR,73,73,187666.50,1187.00,16384,20,true,true,OK,accept,true
sml,MLWorks,separate6.sml,314,Leo,74,74,516791.00,8395.00,16384,20,true,true,OK,accept,true
sml,MLWorks,separate6.sml,314,GLL,74,74,0.00,0.00,0,0,false,false,TIMEOUT,accept,
sml,MLWorks,separate6.sml,314,RNGLR,74,74,78749.50,645.50,16384,20,true,true,OK,accept,true
sml,MLWorks,separate6.sml,314,BRNGLR,74,74,80208.50,438.00,16384,20,true,true,OK,accept,true
sml,MLWorks,library.sml,477,Leo,74,74,469875.00,3479.50,16384,20,true,true,OK,accept,true
sml,MLWorks,library.sml,477,GLL,74,74,0.00,0.00,0,0,false,false,TIMEOUT,accept,
sml,MLWorks,library.sml,477,RNGLR,74,74,124125.00,958.00,16384,20,true,true,OK,accept,true
sml,MLWorks,library.sml,477,BRNGLR,74,74,120729.50,833.50,16384,20,true,true,OK,accept,true
sml,MLWorks,_capitypes.sml,355,Leo,75,75,540000.00,17062.50,16384,20,true,true,OK,accept,true
sml,MLWorks,_capitypes.sml,355,GLL,75,75,0.00,0.00,0,0,false,false,TIMEOUT,accept,
sml,MLWorks,_capitypes.sml,355,RNGLR,75,75,143999.50,686.50,16384,20,true,true,OK,accept,true
sml,MLWorks,_capitypes.sml,355,BRNGLR,75,75,138416.50,3083.00,16384,20,true,true,OK,accept,true
sml,MLWorks,realise.sml,391,Leo,75,75,431062.50,11125.00,16384,20,true,true,OK,accept,true
sml,MLWorks,realise.sml,391,GLL,75,75,0.00,0.00,0,0,false,false,TIMEOUT,accept,
sml,MLWorks,realise.sml,391,RNGLR,75,75,140353.50,1791.00,16384,20,true,true,OK,accept,true
sml,MLWorks,realise.sml,391,BRNGLR,75,75,134187.50,1333.00,16384,20,true,true,OK,accept,true
sml,MLWorks,__proj_file.sml,561,Leo,75,75,457458.00,7604.00,16384,20,true,true,OK,accept,true
sml,MLWorks,__proj_file.sml,561,GLL,75,75,0.00,0.00,0,0,false,false,TIMEOUT,accept,
sml,MLWorks,__proj_file.sml,561,RNGLR,75,75,198479.00,583.00,16384,20,true,true,OK,accept,true
sml,MLWorks,__proj_file.sml,561,BRNGLR,75,75,177250.00,2125.00,16384,20,true,true,OK,accept,true
sml,MLWorks,__library.sml,586,Leo,75,75,463771.00,12729.00,16384,20,true,true,OK,accept,true
sml,MLWorks,__library.sml,586,GLL,75,75,0.00,0.00,0,0,false,false,TIMEOUT,accept,
sml,MLWorks,__library.sml,586,RNGLR,75,75,197750.00,687.50,16384,20,true,true,OK,accept,true
sml,MLWorks,__library.sml,586,BRNGLR,75,75,175833.00,4228.50,16384,20,true,true,OK,accept,true
sml,MLWorks,__mirvariable.sml,619,Leo,75,75,450937.50,7645.50,16384,20,true,true,OK,accept,true
sml,MLWorks,__mirvariable.sml,619,GLL,75,75,0.00,0.00,0,0,false,false,TIMEOUT,accept,
sml,MLWorks,__mirvariable.sml,619,RNGLR,75,75,199646.00,1625.50,16384,20,true,true,OK,accept,true
sml,MLWorks,__mirvariable.sml,619,BRNGLR,75,75,172083.50,1979.50,16384,20,true,true,OK,accept,true
sml,MLWorks,type_debugger.sml,353,Leo,76,76,382021.00,4062.50,16384,20,true,true,OK,accept,true
sml,MLWorks,type_debugger.sml,353,GLL,76,76,0.00,0.00,0,0,false,false,TIMEOUT,accept,
sml,MLWorks,type_debugger.sml,353,RNGLR,76,76,117417.00,771.50,16384,20,true,true,OK,accept,true
sml,MLWorks,type_debugger.sml,353,BRNGLR,76,76,112000.00,437.50,16384,20,true,true,OK,accept,true
sml,MLWorks,editor.sml,361,Leo,76,76,442729.50,7812.00,16384,20,true,true,OK,accept,true
sml,MLWorks,editor.sml,361,GLL,76,76,0.00,0.00,0,0,false,false,TIMEOUT,accept,
sml,MLWorks,editor.sml,361,RNGLR,76,76,140916.50,687.50,16384,20,true,true,OK,accept,true
sml,MLWorks,editor.sml,361,BRNGLR,76,76,134208.50,375.00,16384,20,true,true,OK,accept,true
sml,MLWorks,primitives.sml,515,Leo,76,76,398896.00,16479.00,16384,20,true,true,OK,accept,true
sml,MLWorks,primitives.sml,515,GLL,76,76,0.00,0.00,0,0,false,false,TIMEOUT,accept,
sml,MLWorks,primitives.sml,515,RNGLR,76,76,176854.50,708.50,16384,20,true,true,OK,accept,true
sml,MLWorks,primitives.sml,515,BRNGLR,76,76,156395.50,2791.50,16384,20,true,true,OK,accept,true
sml,MLWorks,scramble.sml,298,Leo,78,78,455604.50,9521.00,32768,20,true,true,OK,accept,true
sml,MLWorks,scramble.sml,298,GLL,78,78,0.00,0.00,0,0,false,false,TIMEOUT,accept,
sml,MLWorks,scramble.sml,298,RNGLR,78,78,157416.50,2583.50,16384,20,true,true,OK,accept,true
sml,MLWorks,scramble.sml,298,BRNGLR,78,78,147229.00,2416.00,16384,20,true,true,OK,accept,true
sml,MLWorks,core.sml,502,Leo,78,78,512562.50,5354.50,16384,20,true,true,OK,accept,true
sml,MLWorks,core.sml,502,GLL,78,78,0.00,0.00,0,0,false,false,TIMEOUT,accept,
sml,MLWorks,core.sml,502,RNGLR,78,78,308021.00,1854.00,16384,20,true,true,OK,accept,true
sml,MLWorks,core.sml,502,BRNGLR,78,78,256875.00,4062.50,16384,20,true,true,OK,accept,true
sml,MLWorks,vector_vector1.sml,178,Leo,79,79,658458.50,9188.00,16384,20,true,true,OK,accept,true
sml,MLWorks,vector_vector1.sml,178,GLL,79,79,0.00,0.00,0,0,false,false,TIMEOUT,accept,
sml,MLWorks,vector_vector1.sml,178,RNGLR,79,79,155187.50,979.00,16384,20,true,true,OK,accept,true
sml,MLWorks,vector_vector1.sml,178,BRNGLR,79,79,154687.50,1291.50,16384,20,true,true,OK,accept,true
sml,MLWorks,environprint.sml,497,Leo,79,79,521291.50,4604.00,16384,20,true,true,OK,accept,true
sml,MLWorks,environprint.sml,497,GLL,79,79,0.00,0.00,0,0,false,false,TIMEOUT,accept,
sml,MLWorks,environprint.sml,497,RNGLR,79,79,148020.50,1667.00,16384,20,true,true,OK,accept,true
sml,MLWorks,environprint.sml,497,BRNGLR,79,79,141625.50,1250.00,16384,20,true,true,OK,accept,true
sml,MLWorks,getenv.sml,502,Leo,79,79,578812.50,8646.00,16384,20,true,true,OK,accept,true
sml,MLWorks,getenv.sml,502,GLL,79,79,0.00,0.00,0,0,false,false,TIMEOUT,accept,
sml,MLWorks,getenv.sml,502,RNGLR,79,79,303374.50,2666.50,16384,20,true,true,OK,accept,true
sml,MLWorks,getenv.sml,502,BRNGLR,79,79,253146.50,3416.50,16384,20,true,true,OK,accept,true
sml,MLWorks,exn_name.sml,346,Leo,80,80,699229.00,14104.00,16384,20,true,true,OK,accept,true
sml,MLWorks,exn_name.sml,346,GLL,80,80,0.00,0.00,0,0,false,false,TIMEOUT,accept,
sml,MLWorks,exn_name.sml,346,RNGLR,80,80,233916.50,8145.50,16384,20,true,true,OK,accept,true
sml,MLWorks,exn_name.sml,346,BRNGLR,80,80,212875.00,4083.50,16384,20,true,true,OK,accept,true
sml,MLWorks,__mlworks_exit.sml,421,Leo,80,80,848125.00,15771.00,16384,20,true,true,OK,accept,true
sml,MLWorks,__mlworks_exit.sml,421,GLL,80,80,0.00,0.00,0,0,false,false,TIMEOUT,accept,
sml,MLWorks,__mlworks_exit.sml,421,RNGLR,80,80,487896.00,5542.00,16384,20,true,true,OK,accept,true
sml,MLWorks,__mlworks_exit.sml,421,BRNGLR,80,80,387729.50,3916.50,16384,20,true,true,OK,accept,true
sml,MLWorks,__environment.sml,578,Leo,80,80,484292.00,4979.50,16384,20,true,true,OK,accept,true
sml,MLWorks,__environment.sml,578,GLL,80,80,0.00,0.00,0,0,false,false,TIMEOUT,accept,
sml,MLWorks,__environment.sml,578,RNGLR,80,80,266395.50,5562.00,16384,20,true,true,OK,accept,true
sml,MLWorks,__environment.sml,578,BRNGLR,80,80,217833.00,2187.00,16384,20,true,true,OK,accept,true
sml,MLWorks,__share.sml,689,Leo,80,80,504353.50,18875.00,16384,20,true,true,OK,accept,true
sml,MLWorks,__share.sml,689,GLL,80,80,0.00,0.00,0,0,false,false,TIMEOUT,accept,
sml,MLWorks,__share.sml,689,RNGLR,80,80,265333.50,3937.50,16384,20,true,true,OK,accept,true
sml,MLWorks,__share.sml,689,BRNGLR,80,80,232917.00,11562.50,16384,20,true,true,OK,accept,true
sml,MLWorks,__newtrace.sml,725,Leo,80,80,506417.00,12063.00,16384,20,true,true,OK,accept,true
sml,MLWorks,__newtrace.sml,725,GLL,80,80,0.00,0.00,0,0,false,false,TIMEOUT,accept,
sml,MLWorks,__newtrace.sml,725,RNGLR,80,80,266750.00,3437.50,16384,20,true,true,OK,accept,true
sml,MLWorks,__newtrace.sml,725,BRNGLR,80,80,227041.50,5041.50,16384,20,true,true,OK,accept,true
sml,MLWorks,mlworks_c_pointer.sml,355,Leo,81,81,647833.00,12854.00,16384,20,true,true,OK,accept,true
sml,MLWorks,mlworks_c_pointer.sml,355,GLL,81,81,0.00,0.00,0,0,false,false,TIMEOUT,accept,
sml,MLWorks,mlworks_c_pointer.sml,355,RNGLR,81,81,278000.50,4375.00,16384,20,true,true,OK,accept,true
sml,MLWorks,mlworks_c_pointer.sml,355,BRNGLR,81,81,236500.00,3541.00,16384,20,true,true,OK,accept,true
sml,MLWorks,__mlworks_dynamic_library.sml,486,Leo,81,81,696666.50,20479.00,16384,20,true,true,OK,accept,true
sml,MLWorks,__mlworks_dynamic_library.sml,486,GLL,81,81,0.00,0.00,0,0,false,false,TIMEOUT,accept,
sml,MLWorks,__mlworks_dynamic_library.sml,486,RNGLR,81,81,372770.50,16125.00,16384,20,true,true,OK,accept,true
sml,MLWorks,__mlworks_dynamic_library.sml,486,BRNGLR,81,81,308729.00,4562.00,16384,20,true,true,OK,accept,true
sml,MLWorks,_counter.sml,283,Leo,82,82,689437.00,5104.50,16384,20,true,true,OK,accept,true
sml,MLWorks,_counter.sml,283,GLL,82,82,0.00,0.00,0,0,false,false,TIMEOUT,accept,
sml,MLWorks,_counter.sml,283,RNGLR,82,82,352500.00,6041.50,16384,20,true,true,OK,accept,true
sml,MLWorks,_counter.sml,283,BRNGLR,82,82,315083.50,3062.00,16384,20,true,true,OK,accept,true
sml,MLWorks,save_image.sml,318,Leo,82,82,415354.00,4124.50,16384,20,true,true,OK,accept,true
sml,MLWorks,save_image.sml,318,GLL,82,82,0.00,0.00,0,0,false,false,TIMEOUT,accept,
sml,MLWorks,save_image.sml,318,RNGLR,82,82,142541.50,1333.50,16384,20,true,true,OK,accept,true
sml,MLWorks,save_image.sml,318,BRNGLR,82,82,137937.50,3604.50,16384,20,true,true,OK,accept,true
sml,MLWorks,sexpr.sml,343,Leo,82,82,542000.00,9271.00,16384,20,true,true,OK,accept,true
sml,MLWorks,sexpr.sml,343,GLL,82,82,0.00,0.00,0,0,false,false,TIMEOUT,accept,
sml,MLWorks,sexpr.sml,343,RNGLR,82,82,177729.00,833.50,16384,20,true,true,OK,accept,true
sml,MLWorks,sexpr.sml,343,BRNGLR,82,82,159479.50,625.50,16384,20,true,true,OK,accept,true
sml,MLWorks,ieeetest1.sml,369,Leo,83,83,880229.50,13646.00,16384,20,true,true,OK,accept,true
sml,MLWorks,ieeetest1.sml,369,GLL,83,83,0.00,0.00,0,0,false,false,TIMEOUT,accept,
sml,MLWorks,ieeetest1.sml,369,RNGLR,83,83,919708.00,8312.50,16384,20,true,true,OK,accept,true
sml,MLWorks,ieeetest1.sml,369,BRNGLR,83,83,785749.50,8312.00,16384,20,true,true,OK,accept,true
sml,MLWorks,mips_schedule.sml,414,Leo,83,83,350292.00,4667.00,16384,20,true,true,OK,accept,true
sml,MLWorks,mips_schedule.sml,414,GLL,83,83,0.00,0.00,0,0,false,false,TIMEOUT,accept,
sml,MLWorks,mips_schedule.sml,414,RNGLR,83,83,116771.00,1917.00,16384,20,true,true,OK,accept,true
sml,MLWorks,mips_schedule.sml,414,BRNGLR,83,83,120187.00,1417.50,16384,20,true,true,OK,accept,true
sml,MLWorks,__bignum.sml,528,Leo,83,83,624937.50,8375.00,16384,20,true,true,OK,accept,true
sml,MLWorks,__bignum.sml,528,GLL,83,83,0.00,0.00,0,0,false,false,TIMEOUT,accept,
sml,MLWorks,__bignum.sml,528,RNGLR,83,83,315666.50,6583.50,16384,20,true,true,OK,accept,true
sml,MLWorks,__bignum.sml,528,BRNGLR,83,83,284104.50,6605.00,16384,20,true,true,OK,accept,true
sml,MLWorks,machregisters.sml,326,Leo,84,84,551333.50,11375.00,16384,20,true,true,OK,accept,true
sml,MLWorks,machregisters.sml,326,GLL,84,84,0.00,0.00,0,0,false,false,TIMEOUT,accept,
sml,MLWorks,machregisters.sml,326,RNGLR,84,84,591645.50,3978.50,16384,20,true,true,OK,accept,true
sml,MLWorks,machregisters.sml,326,BRNGLR,84,84,443229.00,5291.50,16384,20,true,true,OK,accept,true
sml,MLWorks,strenv.sml,468,Leo,84,84,554667.00,7812.50,16384,20,true,true,OK,accept,true
sml,MLWorks,strenv.sml,468,GLL,84,84,0.00,0.00,0,0,false,false,TIMEOUT,accept,
sml,MLWorks,strenv.sml,468,RNGLR,84,84,171583.50,1000.50,16384,20,true,true,OK,accept,true
sml,MLWorks,strenv.sml,468,BRNGLR,84,84,154104.50,750.00,16384,20,true,true,OK,accept,true
sml,MLWorks,bin_io.sml,480,Leo,84,84,463271.00,2979.00,16384,20,true,true,OK,accept,true
sml,MLWorks,bin_io.sml,480,GLL,84,84,0.00,0.00,0,0,false,false,TIMEOUT,accept,
sml,MLWorks,bin_io.sml,480,RNGLR,84,84,160583.50,395.00,16384,20,true,true,OK,accept,true
sml,MLWorks,bin_io.sml,480,BRNGLR,84,84,143646.00,958.50,16384,20,true,true,OK,accept,true
sml,MLWorks,mir_cg.sml,550,Leo,84,84,606208.00,11291.50,16384,20,true,true,OK,accept,true
sml,MLWorks,mir_cg.sml,550,GLL,84,84,0.00,0.00,0,0,false,false,TIMEOUT,accept,
sml,MLWorks,mir_cg.sml,550,RNGLR,84,84,216458.00,2812.00,16384,20,true,true,OK,accept,true
sml,MLWorks,mir_cg.sml,550,BRNGLR,84,84,199708.00,6103.50,16384,20,true,true,OK,accept,true
sml,MLWorks,bytearray_from_list.sml,266,Leo,86,86,968812.00,17208.50,16384,20,true,true,OK,accept,true
sml,MLWorks,bytearray_from_list.sml,266,GLL,86,86,0.00,0.00,0,0,false,false,TIMEOUT,accept,
sml,MLWorks,bytearray_from_list.sml,266,RNGLR,86,86,259458.00,2937.50,16384,20,true,true,OK,accept,true
sml,MLWorks,bytearray_from_list.sml,266,BRNGLR,86,86,236937.50,4959.00,16384,20,true,true,OK,accept,true
sml,MLWorks,bytearray_arrayoflist.sml,268,Leo,86,86,966666.50,11604.00,16384,20,true,true,OK,accept,true
sml,MLWorks,bytearray_arrayoflist.sml,268,GLL,86,86,0.00,0.00,0,0,false,false,TIMEOUT,accept,
sml,MLWorks,bytearray_arrayoflist.sml,268,RNGLR,86,86,266020.50,6313.00,16384,20,true,true,OK,accept,true
sml,MLWorks,bytearray_arrayoflist.sml,268,BRNGLR,86,86,233833.50,2333.50,16384,20,true,true,OK,accept,true
sml,MLWorks,_match_utils.sml,324,Leo,87,87,646792.00,4688.00,16384,20,true,true,OK,accept,true
sml,MLWorks,_match_utils.sml,324,GLL,87,87,0.00,0.00,0,0,false,false,TIMEOUT,accept,
sml,MLWorks,_match_utils.sml,324,RNGLR,87,87,170125.00,979.00,16384,20,true,true,OK,accept,true
sml,MLWorks,_match_utils.sml,324,BRNGLR,87,87,165062.50,1146.00,16384,20,true,true,OK,accept,true
sml,MLWorks,shell.sml,440,Leo,87,87,586166.50,9896.00,16384,20,true,true,OK,accept,true
sml,MLWorks,shell.sml,440,GLL,87,87,0.00,0.00,0,0,false,false,TIMEOUT,accept,
sml,MLWorks,shell.sml,440,RNGLR,87,87,245125.50,1208.00,16384,20,true,true,OK,accept,true
sml,MLWorks,shell.sml,440,BRNGLR,87,87,224000.50,5062.50,16384,20,true,true,OK,accept,true
sml,MLWorks,__proj_properties.sml,709,Leo,87,87,531000.00,5020.50,16384,20,true,true,OK,accept,true
sml,MLWorks,__proj_properties.sml,709,GLL,87,87,0.00,0.00,0,0,false,false,TIMEOUT,accept,
sml,MLWorks,__proj_properties.sml,709,RNGLR,87,87,312270.50,5958.50,16384,20,true,true,OK,accept,true
sml,MLWorks,__proj_properties.sml,709,BRNGLR,87,87,252521.00,2833.00,16384,20,true,true,OK,accept,true
sml,MLWorks,__context.sml,750,Leo,87,87,528584.00,5188.00,16384,20,true,true,OK,accept,true
sml,MLWorks,__context.sml,750,GLL,87,87,0.00,0.00,0,0,false,false,TIMEOUT,accept,
sml,MLWorks,__context.sml,750,RNGLR,87,87,311542.00,2854.50,16384,20,true,true,OK,accept,true
sml,MLWorks,__context.sml,750,BRNGLR,87,87,254021.50,4355.00,16384,20,true,true,OK,accept,true
sml,MLWorks,__inspector_tool.sml,768,Leo,87,87,529292.00,7458.50,16384,20,true,true,OK,accept,true
sml,MLWorks,__inspector_tool.sml,768,GLL,87,87,0.00,0.00,0,0,false,false,TIMEOUT,accept,
sml,MLWorks,__inspector_tool.sml,768,RNGLR,87,87,310104.00,3687.50,16384,20,true,true,OK,accept,true
sml,MLWorks,__inspector_tool.sml,768,BRNGLR,87,87,266458.00,10603.50,16384,20,true,true,OK,accept,true
sml,MLWorks,miroptimiser.sml,444,Leo,88,88,396500.00,14312.50,16384,20,true,true,OK,accept,true
sml,MLWorks,miroptimiser.sml,444,GLL,88,88,0.00,0.00,0,0,false,false,TIMEOUT,accept,
sml,MLWorks,miroptimiser.sml,444,RNGLR,88,88,142021.00,5541.50,16384,20,true,true,OK,accept,true
sml,MLWorks,miroptimiser.sml,444,BRNGLR,88,88,124146.00,1208.50,16384,20,true,true,OK,accept,true
sml,MLWorks,stamp.sml,449,Leo,88,88,629271.00,27187.50,16384,20,true,true,OK,accept,true
sml,MLWorks,stamp.sml,449,GLL,88,88,0.00,0.00,0,0,false,false,TIMEOUT,accept,
sml,MLWorks,stamp.sml,449,RNGLR,88,88,417166.50,13479.00,16384,20,true,true,OK,accept,true
sml,MLWorks,stamp.sml,449,BRNGLR,88,88,323104.00,6125.00,16384,20,true,true,OK,accept,true
sml,MLWorks,text_io_2.sml,357,Leo,89,89,919729.00,29646.00,16384,20,true,true,OK,accept,true
sml,MLWorks,text_io_2.sml,357,GLL,89,89,0.00,0.00,0,0,false,false,TIMEOUT,accept,
sml,MLWorks,text_io_2.sml,357,RNGLR,89,89,539250.00,10792.00,16384,20,true,true,OK,accept,true
sml,MLWorks,text_io_2.sml,357,BRNGLR,89,89,481729.00,19916.50,16384,20,true,true,OK,accept,true
sml,MLWorks,c_structure.sml,573,Leo,89,89,672959.00,30875.50,16384,20,true,true,OK,accept,true
sml,MLWorks,c_structure.sml,573,GLL,89,89,0.00,0.00,0,0,false,false,TIMEOUT,accept,
sml,MLWorks,c_structure.sml,573,RNGLR,89,89,436333.00,22291.50,16384,20,true,true,OK,accept,true
sml,MLWorks,c_structure.sml,573,BRNGLR,89,89,331270.50,7249.50,16384,20,true,true,OK,accept,true
sml,MLWorks,structure.sml,578,Leo,89,89,645396.00,10646.00,16384,20,true,true,OK,accept,true
sml,MLWorks,structure.sml,578,GLL,89,89,0.00,0.00,0,0,false,false,TIMEOUT,accept,
sml,MLWorks,structure.sml,578,RNGLR,89,89,417729.00,4479.50,16384,20,true,true,OK,accept,true
sml,MLWorks,structure.sml,578,BRNGLR,89,89,329958.00,3771.50,16384,20,true,true,OK,accept,true
sml,MLWorks,__registerallocator.sml,732,Leo,89,89,537542.00,6750.00,16384,20,true,true,OK,accept,true
sml,MLWorks,__registerallocator.sml,732,GLL,89,89,0.00,0.00,0,0,false,false,TIMEOUT,accept,
sml,MLWorks,__registerallocator.sml,732,RNGLR,89,89,278083.50,5333.50,16384,20,true,true,OK,accept,true
sml,MLWorks,__registerallocator.sml,732,BRNGLR,89,89,231583.00,1583.00,16384,20,true,true,OK,accept,true
sml,MLWorks,__lex_parse_interface.sml,368,Leo,90,90,788604.50,11313.00,16384,20,true,true,OK,accept,true
sml,MLWorks,__lex_parse_interface.sml,368,GLL,90,90,0.00,0.00,0,0,false,false,TIMEOUT,accept,
sml,MLWorks,__lex_parse_interface.sml,368,RNGLR,90,90,456062.50,7291.50,16384,20,true,true,OK,accept,true
sml,MLWorks,__lex_parse_interface.sml,368,BRNGLR,90,90,384729.50,4791.50,16384,20,true,true,OK,accept,true
sml,MLWorks,__date_demo.sml,422,Leo,90,90,703395.50,7812.00,16384,20,true,true,OK,accept,true
sml,MLWorks,__date_demo.sml,422,GLL,90,90,0.00,0.00,0,0,false,false,TIMEOUT,accept,
sml,MLWorks,__date_demo.sml,422,RNGLR,90,90,193499.50,1041.00,16384,20,true,true,OK,accept,true
sml,MLWorks,__date_demo.sml,422,BRNGLR,90,90,189729.00,1437.50,16384,20,true,true,OK,accept,true
sml,MLWorks,link_support.sml,441,Leo,90,90,380979.00,3750.00,16384,20,true,true,OK,accept,true
sml,MLWorks,link_support.sml,441,GLL,90,90,0.00,0.00,0,0,false,false,TIMEOUT,accept,
sml,MLWorks,link_support.sml,441,RNGLR,90,90,151375.00,416.50,16384,20,true,true,OK,accept,true
sml,MLWorks,link_support.sml,441,BRNGLR,90,90,140792.00,875.00,16384,20,true,true,OK,accept,true
sml,MLWorks,pretty.sml,321,Leo,91,91,628167.00,11354.00,16384,20,true,true,OK,accept,true
sml,MLWorks,pretty.sml,321,GLL,91,91,0.00,0.00,0,0,false,false,TIMEOUT,accept,
sml,MLWorks,pretty.sml,321,RNGLR,91,91,301604.50,5271.50,16384,20,true,true,OK,accept,true
sml,MLWorks,pretty.sml,321,BRNGLR,91,91,265104.50,5145.50,16384,20,true,true,OK,accept,true
sml,MLWorks,_os_process.sml,460,Leo,91,91,922562.50,33333.00,16384,20,true,true,OK,accept,true
sml,MLWorks,_os_process.sml,460,GLL,91,91,0.00,0.00,0,0,false,false,TIMEOUT,accept,
sml,MLWorks,_os_process.sml,460,RNGLR,91,91,626146.00,14604.00,16384,20,true,true,OK,accept,true
sml,MLWorks,_os_process.sml,460,BRNGLR,91,91,492229.50,5876.00,16384,20,true,true,OK,accept,true
sml,MLWorks,win32os.sml,538,Leo,91,91,631500.00,10104.50,16384,20,true,true,OK,accept,true
sml,MLWorks,win32os.sml,538,GLL,91,91,0.00,0.00,0,0,false,false,TIMEOUT,accept,
sml,MLWorks,win32os.sml,538,RNGLR,91,91,294124.50,5229.00,16384,20,true,true,OK,accept,true
sml,MLWorks,win32os.sml,538,BRNGLR,91,91,246270.50,4208.00,16384,20,true,true,OK,accept,true
sml,MLWorks,lambdaprint.sml,562,Leo,91,91,588583.50,7333.50,16384,20,true,true,OK,accept,true
sml,MLWorks,lambdaprint.sml,562,GLL,91,91,0.00,0.00,0,0,false,false,TIMEOUT,accept,
sml,MLWorks,lambdaprint.sml,562,RNGLR,91,91,232167.00,1896.00,16384,20,true,true,OK,accept,true
sml,MLWorks,lambdaprint.sml,562,BRNGLR,91,91,196813.00,1229.50,16384,20,true,true,OK,accept,true
sml,MLWorks,__mlworks_c_resource.sml,455,Leo,92,92,639729.00,12041.50,16384,20,true,true,OK,accept,true
sml,MLWorks,__mlworks_c_resource.sml,455,GLL,92,92,0.00,0.00,0,0,false,false,TIMEOUT,accept,
sml,MLWorks,__mlworks_c_resource.sml,455,RNGLR,92,92,173125.50,417.50,16384,20,true,true,OK,accept,true
sml,MLWorks,__mlworks_c_resource.sml,455,BRNGLR,92,92,169021.00,1937.50,16384,20,true,true,OK,accept,true
sml,MLWorks,ieee_real.sml,588,Leo,92,92,610333.50,13146.00,16384,20,true,true,OK,accept,true
sml,MLWorks,ieee_real.sml,588,GLL,92,92,0.00,0.00,0,0,false,false,TIMEOUT,accept,
sml,MLWorks,ieee_real.sml,588,RNGLR,92,92,401875.00,4709.00,16384,20,true,true,OK,accept,true
sml,MLWorks,ieee_real.sml,588,BRNGLR,92,92,322208.00,4458.50,16384,20,true,true,OK,accept,true
sml,MLWorks,error_browser.sml,453,Leo,93,93,372645.50,3166.50,16384,20,true,true,OK,accept,true
sml,MLWorks,error_browser.sml,453,GLL,93,93,0.00,0.00,0,0,false,false,TIMEOUT,accept,
sml,MLWorks,error_browser.sml,453,RNGLR,93,93,169208.00,2041.50,16384,20,true,true,OK,accept,true
sml,MLWorks,error_browser.sml,453,BRNGLR,93,93,149812.50,646.50,16384,20,true,true,OK,accept,true
sml,MLWorks,c_function.sml,570,Leo,93,93,623270.50,6187.50,16384,20,true,true,OK,accept,true
sml,MLWorks,c_function.sml,570,GLL,93,93,0.00,0.00,0,0,false,false,TIMEOUT,accept,
sml,MLWorks,c_function.sml,570,RNGLR,93,93,350437.00,1520.00,16384,20,true,true,OK,accept,true
sml,MLWorks,c_function.sml,570,BRNGLR,93,93,288625.00,6479.00,16384,20,true,true,OK,accept,true
sml,MLWorks,__mir_utils.sml,721,Leo,93,93,552604.00,6812.50,16384,20,true,true,OK,accept,true
sml,MLWorks,__mir_utils.sml,721,GLL,93,93,0.00,0.00,0,0,false,false,TIMEOUT,accept,
sml,MLWorks,__mir_utils.sml,721,RNGLR,93,93,319625.50,2458.00,16384,20,true,true,OK,accept,true
sml,MLWorks,__mir_utils.sml,721,BRNGLR,93,93,266396.50,2854.50,16384,20,true,true,OK,accept,true
sml,MLWorks,text_io_3.sml,422,Leo,94,94,1019917.00,11333.50,16384,20,true,true,OK,accept,true
sml,MLWorks,text_io_3.sml,422,GLL,94,94,0.00,0.00,0,0,false,false,TIMEOUT,accept,
sml,MLWorks,text_io_3.sml,422,RNGLR,94,94,668124.50,8437.00,16384,20,true,true,OK,accept,true
sml,MLWorks,text_io_3.sml,422,BRNGLR,94,94,572062.50,7792.00,16384,20,true,true,OK,accept,true
sml,MLWorks,topdecprint.sml,492,Leo,94,94,577437.50,8062.50,16384,20,true,true,OK,accept,true
sml,MLWorks,topdecprint.sml,492,GLL,94,94,0.00,0.00,0,0,false,false,TIMEOUT,accept,
sml,MLWorks,topdecprint.sml,492,RNGLR,94,94,179770.50,1083.00,16384,20,true,true,OK,accept,true
sml,MLWorks,topdecprint.sml,492,BRNGLR,94,94,165083.50,1500.00,16384,20,true,true,OK,accept,true
sml,MLWorks,__basis.sml,643,Leo,94,94,575437.50,6521.00,16384,20,true,true,OK,accept,true
sml,MLWorks,__basis.sml,643,GLL,94,94,0.00,0.00,0,0,false,false,TIMEOUT,accept,
sml,MLWorks,__basis.sml,643,RNGLR,94,94,366416.50,5521.00,16384,20,true,true,OK,accept,true
sml,MLWorks,__basis.sml,643,BRNGLR,94,94,296104.50,2395.50,16384,20,true,true,OK,accept,true
sml,MLWorks,pack_word.sml,446,Leo,95,95,522104.00,22458.50,16384,20,true,true,OK,accept,true
sml,MLWorks,pack_word.sml,446,GLL,95,95,0.00,0.00,0,0,false,false,TIMEOUT,accept,
sml,MLWorks,pack_word.sml,446,RNGLR,95,95,176458.50,3666.50,16384,20,true,true,OK,accept,true
sml,MLWorks,pack_word.sml,446,BRNGLR,95,95,163145.50,1499.50,16384,20,true,true,OK,accept,true
sml,MLWorks,__pack8_big.sml,474,Leo,95,95,1036875.50,15083.50,16384,20,true,true,OK,accept,true
sml,MLWorks,__pack8_big.sml,474,GLL,95,95,0.00,0.00,0,0,false,false,TIMEOUT,accept,
sml,MLWorks,__pack8_big.sml,474,RNGLR,95,95,393875.00,5062.50,16384,20,true,true,OK,accept,true
sml,MLWorks,__pack8_big.sml,474,BRNGLR,95,95,338729.50,2083.50,16384,20,true,true,OK,accept,true
sml,MLWorks,__pack8_little.sml,478,Leo,95,95,1027375.00,11291.50,16384,20,true,true,OK,accept,true
sml,MLWorks,__pack8_little.sml,478,GLL,95,95,0.00,0.00,0,0,false,false,TIMEOUT,accept,
sml,MLWorks,__pack8_little.sml,478,RNGLR,95,95,391479.50,3146.50,16384,20,true,true,OK,accept,true
sml,MLWorks,__pack8_little.sml,478,BRNGLR,95,95,343083.50,6291.50,16384,20,true,true,OK,accept,true
sml,MLWorks,__namesettypes.sml,593,Leo,95,95,661937.50,8146.00,16384,20,true,true,OK,accept,true
sml,MLWorks,__namesettypes.sml,593,GLL,95,95,0.00,0.00,0,0,false,false,TIMEOUT,accept,
sml,MLWorks,__namesettypes.sml,593,RNGLR,95,95,246687.50,3729.00,16384,20,true,true,OK,accept,true
sml,MLWorks,__namesettypes.sml,593,BRNGLR,95,95,224166.50,3979.00,16384,20,true,true,OK,accept,true
sml,MLWorks,_unix_link_support.sml,618,Leo,95,95,651604.50,9125.50,16384,20,true,true,OK,accept,true
sml,MLWorks,_unix_link_support.sml,618,GLL,95,95,0.00,0.00,0,0,false,false,TIMEOUT,accept,
sml,MLWorks,_unix_link_support.sml,618,RNGLR,95,95,262854.50,1542.00,16384,20,true,true,OK,accept,true
sml,MLWorks,_unix_link_support.sml,618,BRNGLR,95,95,241479.00,6667.00,16384,20,true,true,OK,accept,true
sml,MLWorks,mirtables.sml,364,Leo,97,97,372104.50,4750.00,16384,20,true,true,OK,accept,true
sml,MLWorks,mirtables.sml,364,GLL,97,97,0.00,0.00,0,0,false,false,TIMEOUT,accept,
sml,MLWorks,mirtables.sml,364,RNGLR,97,97,115708.50,1771.00,16384,20,true,true,OK,accept,true
sml,MLWorks,mirtables.sml,364,BRNGLR,97,97,110833.00,750.00,16384,20,true,true,OK,accept,true
sml,MLWorks,__terminal.sml,368,Leo,97,97,655229.50,8333.00,16384,20,true,true,OK,accept,true
sml,MLWorks,__terminal.sml,368,GLL,97,97,0.00,0.00,0,0,false,false,TIMEOUT,accept,
sml,MLWorks,__terminal.sml,368,RNGLR,97,97,162375.00,1666.50,16384,20,true,true,OK,accept,true
sml,MLWorks,__terminal.sml,368,BRNGLR,97,97,167770.50,1562.00,16384,20,true,true,OK,accept,true
sml,MLWorks,bar_chart.sml,417,Leo,97,97,417708.00,22333.00,16384,20,true,true,OK,accept,true
sml,MLWorks,bar_chart.sml,417,GLL,97,97,0.00,0.00,0,0,false,false,TIMEOUT,accept,
sml,MLWorks,bar_chart.sml,417,RNGLR,97,97,145812.50,2395.50,16384,20,true,true,OK,accept,true
sml,MLWorks,bar_chart.sml,417,BRNGLR,97,97,144916.50,4749.50,16384,20,true,true,OK,accept,true
sml,MLWorks,type_exp.sml,533,Leo,97,97,718354.50,32312.50,16384,20,true,true,OK,accept,true
sml,MLWorks,type_exp.sml,533,GLL,97,97,0.00,0.00,0,0,false,false,TIMEOUT,accept,
sml,MLWorks,type_exp.sml,533,RNGLR,97,97,268583.50,2166.50,16384,20,true,true,OK,accept,true
sml,MLWorks,type_exp.sml,533,BRNGLR,97,97,221729.50,1500.00,16384,20,true,true,OK,accept,true
sml,MLWorks,os_file_sys_access.sml,306,Leo,98,98,1263124.50,51895.00,32768,20,true,true,OK,accept,true
sml,MLWorks,os_file_sys_access.sml,306,GLL,98,98,0.00,0.00,0,0,false,false,TIMEOUT,accept,
sml,MLWorks,os_file_sys_access.sml,306,RNGLR,98,98,640999.50,15375.00,16384,20,true,true,OK,accept,true
sml,MLWorks,os_file_sys_access.sml,306,BRNGLR,98,98,560020.50,14937.50,16384,20,true,true,OK,accept,true
sml,MLWorks,fd.sml,398,Leo,98,98,1856021.50,476688.50,16384,20,true,true,OK,accept,true
sml,MLWorks,fd.sml,398,GLL,98,98,0.00,0.00,0,0,false,false,TIMEOUT,accept,
sml,MLWorks,fd.sml,398,RNGLR,98,98,3285937.50,63958.00,16384,20,true,true,OK,accept,true
sml,MLWorks,fd.sml,398,BRNGLR,98,98,2460250.00,45020.50,16384,20,true,true,OK,accept,true
sml,MLWorks,location.sml,420,Leo,98,98,543916.50,8916.00,16384,20,true,true,OK,accept,true
sml,MLWorks,location.sml,420,GLL,98,98,0.00,0.00,0,0,false,false,TIMEOUT,accept,
sml,MLWorks,location.sml,420,RNGLR,98,98,238521.00,3854.00,16384,20,true,true,OK,accept,true
sml,MLWorks,location.sml,420,BRNGLR,98,98,215250.50,9625.00,16384,20,true,true,OK,accept,true
sml,MLWorks,_win32.sml,531,Leo,98,98,830375.00,21124.50,16384,20,true,true,OK,accept,true
sml,MLWorks,_win32.sml,531,GLL,98,98,0.00,0.00,0,0,false,false,TIMEOUT,accept,
sml,MLWorks,_win32.sml,531,RNGLR,98,98,528479.00,11687.50,16384,20,true,true,OK,accept,true
sml,MLWorks,_win32.sml,531,BRNGLR,98,98,439812.50,14438.00,16384,20,true,true,OK,accept,true
sml,MLWorks,inbuffer.sml,538,Leo,98,98,658583.50,19770.50,16384,20,true,true,OK,accept,true
sml,MLWorks,inbuffer.sml,538,GLL,98,98,0.00,0.00,0,0,false,false,TIMEOUT,accept,
sml,MLWorks,inbuffer.sml,538,RNGLR,98,98,541208.00,6084.00,16384,20,true,true,OK,accept,true
sml,MLWorks,inbuffer.sml,538,BRNGLR,98,98,412875.00,4562.50,16384,20,true,true,OK,accept,true
sml,MLWorks,enc_sub.sml,581,Leo,98,98,655937.00,13271.00,16384,20,true,true,OK,accept,true
sml,MLWorks,enc_sub.sml,581,GLL,98,98,0.00,0.00,0,0,false,false,TIMEOUT,accept,
sml,MLWorks,enc_sub.sml,581,RNGLR,98,98,266562.50,2729.50,16384,20,true,true,OK,accept,true
sml,MLWorks,enc_sub.sml,581,BRNGLR,98,98,223062.00,3645.50,16384,20,true,true,OK,accept,true
sml,MLWorks,recursive_function.sml,221,Leo,99,99,984792.00,25853.50,16384,20,true,true,OK,accept,true
sml,MLWorks,recursive_function.sml,221,GLL,99,99,0.00,0.00,0,0,false,false,TIMEOUT,accept,
sml,MLWorks,recursive_function.sml,221,RNGLR,99,99,488666.50,7500.00,16384,20,true,true,OK,accept,true
sml,MLWorks,recursive_function.sml,221,BRNGLR,99,99,452354.50,9729.50,16384,20,true,true,OK,accept,true
sml,MLWorks,curried_function.sml,237,Leo,99,99,1552625.00,26687.00,16384,20,true,true,OK,accept,true
sml,MLWorks,curried_function.sml,237,GLL,99,99,0.00,0.00,0,0,false,false,TIMEOUT,accept,
sml,MLWorks,curried_function.sml,237,RNGLR,99,99,2167604.00,17583.00,16384,20,true,true,OK,accept,true
sml,MLWorks,curried_function.sml,237,BRNGLR,99,99,1688896.00,18105.00,16384,20,true,true,OK,accept,true
sml,MLWorks,bytearray_map_index.sml,275,Leo,99,99,927708.00,12645.50,16384,20,true,true,OK,accept,true
sml,MLWorks,bytearray_map_index.sml,275,GLL,99,99,0.00,0.00,0,0,false,false,TIMEOUT,accept,
sml,MLWorks,bytearray_map_index.sml,275,RNGLR,99,99,196208.50,5625.00,16384,20,true,true,OK,accept,true
sml,MLWorks,bytearray_map_index.sml,275,BRNGLR,99,99,197958.50,11458.50,16384,20,true,true,OK,accept,true
sml,MLWorks,__text_prim_io.sml,463,Leo,99,99,626250.00,13396.00,16384,20,true,true,OK,accept,true
sml,MLWorks,__text_prim_io.sml,463,GLL,99,99,0.00,0.00,0,0,false,false,TIMEOUT,accept,
sml,MLWorks,__text_prim_io.sml,463,RNGLR,99,99,189083.00,1770.50,16384,20,true,true,OK,accept,true
sml,MLWorks,__text_prim_io.sml,463,BRNGLR,99,99,188270.50,4499.50,16384,20,true,true,OK,accept,true
sml,MLWorks,registercolourer.sml,475,Leo,99,99,639458.50,7000.50,16384,20,true,true,OK,accept,true
sml,MLWorks,registercolourer.sml,475,GLL,99,99,0.00,0.00,0,0,false,false,TIMEOUT,accept,
sml,MLWorks,registercolourer.sml,475,RNGLR,99,99,218646.00,6042.00,16384,20,true,true,OK,accept,true
sml,MLWorks,registercolourer.sml,475,BRNGLR,99,99,193687.50,1021.00,16384,20,true,true,OK,accept,true
sml,MLWorks,i386_schedule.sml,506,Leo,99,99,442521.00,6855.00,16384,20,true,true,OK,accept,true
sml,MLWorks,i386_schedule.sml,506,GLL,99,99,0.00,0.00,0,0,false,false,TIMEOUT,accept,
sml,MLWorks,i386_schedule.sml,506,RNGLR,99,99,151958.00,667.00,16384,20,true,true,OK,accept,true
sml,MLWorks,i386_schedule.sml,506,BRNGLR,99,99,151438.00,1312.50,16384,20,true,true,OK,accept,true
sml,MLWorks,__batch.sml,627,Leo,99,99,667021.50,14126.00,16384,20,true,true,OK,accept,true
sml,MLWorks,__batch.sml,627,GLL,99,99,0.00,0.00,0,0,false,false,TIMEOUT,accept,
sml,MLWorks,__batch.sml,627,RNGLR,99,99,253062.50,10250.00,16384,20,true,true,OK,accept,true
sml,MLWorks,__batch.sml,627,BRNGLR,99,99,217166.50,2708.50,16384,20,true,true,OK,accept,true
sml,MLWorks,bytearray_find_default.sml,330,Leo,100,100,1097729.50,19625.50,16384,20,true,true,OK,accept,true
sml,MLWorks,bytearray_find_default.sml,330,GLL,100,100,0.00,0.00,0,0,false,false,TIMEOUT,accept,
sml,MLWorks,bytearray_find_default.sml,330,RNGLR,100,100,291750.00,7792.00,16384,20,true,true,OK,accept,true
sml,MLWorks,bytearray_find_default.sml,330,BRNGLR,100,100,265271.00,7395.50,16384,20,true,true,OK,accept,true
sml,MLWorks,array_find_default.sml,342,Leo,100,100,1097750.00,33062.50,16384,20,true,true,OK,accept,true
sml,MLWorks,array_find_default.sml,342,GLL,100,100,0.00,0.00,0,0,false,false,TIMEOUT,accept,
sml,MLWorks,array_find_default.sml,342,RNGLR,100,100,284312.00,4541.50,16384,20,true,true,OK,accept,true
sml,MLWorks,array_find_default.sml,342,BRNGLR,100,100,260875.00,3542.00,16384,20,true,true,OK,accept,true
sml,MLWorks,mips_opcodes.sml,490,Leo,100,100,710583.00,12520.50,16384,20,true,true,OK,accept,true
sml,MLWorks,mips_opcodes.sml,490,GLL,100,100,0.00,0.00,0,0,false,false,TIMEOUT,accept,
sml,MLWorks,mips_opcodes.sml,490,RNGLR,100,100,252041.50,14479.50,16384,20,true,true,OK,accept,true
sml,MLWorks,mips_opcodes.sml,490,BRNGLR,100,100,220041.00,2645.00,16384,20,true,true,OK,accept,true
sml,MLWorks,control_unify.sml,515,Leo,100,100,442625.00,10479.00,16384,20,true,true,OK,accept,true
sml,MLWorks,control_unify.sml,515,GLL,100,100,0.00,0.00,0,0,false,false,TIMEOUT,accept,
sml,MLWorks,control_unify.sml,515,RNGLR,100,100,134645.50,1230.00,16384,20,true,true,OK,accept,true
sml,MLWorks,control_unify.sml,515,BRNGLR,100,100,135937.50,4771.00,16384,20,true,true,OK,accept,true
sml,MLWorks,__lambdaoptimiser.sml,858,Leo,101,101,637812.50,15666.50,16384,20,true,true,OK,accept,true
sml,MLWorks,__lambdaoptimiser.sml,858,GLL,101,101,0.00,0.00,0,0,false,false,TIMEOUT,accept,
sml,MLWorks,__lambdaoptimiser.sml,858,RNGLR,101,101,430146.00,9396.00,16384,20,true,true,OK,accept,true
sml,MLWorks,__lambdaoptimiser.sml,858,BRNGLR,101,101,351896.50,4375.50,16384,20,true,true,OK,accept,true
sml,MLWorks,__browser_tool.sml,865,Leo,101,101,619666.50,3625.00,16384,20,true,true,OK,accept,true
sml,MLWorks,__browser_tool.sml,865,GLL,101,101,0.00,0.00,0,0,false,false,TIMEOUT,accept,
sml,MLWorks,__browser_tool.sml,865,RNGLR,101,101,427396.00,4750.00,16384,20,true,true,OK,accept,true
sml,MLWorks,__browser_tool.sml,865,BRNGLR,101,101,353166.50,9000.00,16384,20,true,true,OK,accept,true
sml,MLWorks,__gui_utils.sml,871,Leo,101,101,627604.00,6958.00,16384,20,true,true,OK,accept,true
sml,MLWorks,__gui_utils.sml,871,GLL,101,101,0.00,0.00,0,0,false,false,TIMEOUT,accept,
sml,MLWorks,__gui_utils.sml,871,RNGLR,101,101,428208.50,4916.00,16384,20,true,true,OK,accept,true
sml,MLWorks,__gui_utils.sml,871,BRNGLR,101,101,356479.50,8125.00,16384,20,true,true,OK,accept,true
sml,MLWorks,bytearray_iterate.sml,253,Leo,102,102,1261437.00,12937.50,16384,20,true,true,OK,accept,true
sml,MLWorks,bytearray_iterate.sml,253,GLL,102,102,0.00,0.00,0,0,false,false,TIMEOUT,accept,
sml,MLWorks,bytearray_iterate.sml,253,RNGLR,102,102,309083.50,3209.00,16384,20,true,true,OK,accept,true
sml,MLWorks,bytearray_iterate.sml,253,BRNGLR,102,102,287687.50,6083.00,16384,20,true,true,OK,accept,true
sml,MLWorks,text_io.sml,371,Leo,102,102,752500.50,12333.50,16384,20,true,true,OK,accept,true
sml,MLWorks,text_io.sml,371,GLL,102,102,0.00,0.00,0,0,false,false,TIMEOUT,accept,
sml,MLWorks,text_io.sml,371,RNGLR,102,102,379563.00,4729.00,16384,20,true,true,OK,accept,true
sml,MLWorks,text_io.sml,371,BRNGLR,102,102,345499.50,6437.00,16384,20,true,true,OK,accept,true
sml,MLWorks,lexrules.sml,484,Leo,102,102,649500.00,9937.50,16384,20,true,true,OK,accept,true
sml,MLWorks,lexrules.sml,484,GLL,102,102,0.00,0.00,0,0,false,false,TIMEOUT,accept,
sml,MLWorks,lexrules.sml,484,RNGLR,102,102,275375.00,5250.00,16384,20,true,true,OK,accept,true
sml,MLWorks,lexrules.sml,484,BRNGLR,102,102,242458.00,2749.50,16384,20,true,true,OK,accept,true
sml,MLWorks,__foreign.sml,716,Leo,102,102,555312.50,11708.50,16384,20,true,true,OK,accept,true
sml,MLWorks,__foreign.sml,716,GLL,102,102,0.00,0.00,0,0,false,false,TIMEOUT,accept,
sml,MLWorks,__foreign.sml,716,RNGLR,102,102,281833.00,1333.00,16384,20,true,true,OK,accept,true
sml,MLWorks,__foreign.sml,716,BRNGLR,102,102,244916.50,3729.00,16384,20,true,true,OK,accept,true
sml,MLWorks,separate3.sml,413,Leo,103,103,748645.50,14541.50,16384,20,true,true,OK,accept,true
sml,MLWorks,separate3.sml,413,GLL,103,103,0.00,0.00,0,0,false,false,TIMEOUT,accept,
sml,MLWorks,separate3.sml,413,RNGLR,103,103,132625.50,541.50,16384,20,true,true,OK,accept,true
sml,MLWorks,separate3.sml,413,BRNGLR,103,103,134770.50,874.50,16384,20,true,true,OK,accept,true
sml,MLWorks,__intermake.sml,828,Leo,103,103,629479.50,6354.00,16384,20,true,true,OK,accept,true
sml,MLWorks,__intermake.sml,828,GLL,103,103,0.00,0.00,0,0,false,false,TIMEOUT,accept,
sml,MLWorks,__intermake.sml,828,RNGLR,103,103,376917.00,4104.50,16384,20,true,true,OK,accept,true
sml,MLWorks,__intermake.sml,828,BRNGLR,103,103,327395.50,5562.50,16384,20,true,true,OK,accept,true
sml,MLWorks,lambdasub.sml,437,Leo,104,104,625104.00,8478.50,16384,20,true,true,OK,accept,true
sml,MLWorks,lambdasub.sml,437,GLL,104,104,0.00,0.00,0,0,false,false,TIMEOUT,accept,
sml,MLWorks,lambdasub.sml,437,RNGLR,104,104,190729.00,7729.50,16384,20,true,true,OK,accept,true
sml,MLWorks,lambdasub.sml,437,BRNGLR,104,104,169041.50,1812.50,16384,20,true,true,OK,accept,true
sml,MLWorks,_i386_opcodes.sml,483,Leo,104,104,775250.00,11458.50,16384,20,true,true,OK,accept,true
sml,MLWorks,_i386_opcodes.sml,483,GLL,104,104,0.00,0.00,0,0,false,false,TIMEOUT,accept,
sml,MLWorks,_i386_opcodes.sml,483,RNGLR,104,104,257708.50,6250.50,16384,20,true,true,OK,accept,true
sml,MLWorks,_i386_opcodes.sml,483,BRNGLR,104,104,239229.00,2833.00,16384,20,true,true,OK,accept,true
sml,MLWorks,separate1.sml,432,Leo,105,105,756104.00,6625.00,16384,20,true,true,OK,accept,true
sml,MLWorks,separate1.sml,432,GLL,105,105,0.00,0.00,0,0,false,false,TIMEOUT,accept,
sml,MLWorks,separate1.sml,432,RNGLR,105,105,143937.50,5395.50,16384,20,true,true,OK,accept,true
sml,MLWorks,separate1.sml,432,BRNGLR,105,105,144521.00,5396.00,16384,20,true,true,OK,accept,true
sml,MLWorks,separate2.sml,432,Leo,105,105,755875.00,13604.00,16384,20,true,true,OK,accept,true
sml,MLWorks,separate2.sml,432,GLL,105,105,0.00,0.00,0,0,false,false,TIMEOUT,accept,
sml,MLWorks,separate2.sml,432,RNGLR,105,105,135625.00,833.00,16384,20,true,true,OK,accept,true
sml,MLWorks,separate2.sml,432,BRNGLR,105,105,138813.00,1500.50,16384,20,true,true,OK,accept,true
sml,MLWorks,execute.sml,505,Leo,105,105,986917.00,15979.50,16384,20,true,true,OK,accept,true
sml,MLWorks,execute.sml,505,GLL,105,105,0.00,0.00,0,0,false,false,TIMEOUT,accept,
sml,MLWorks,execute.sml,505,RNGLR,105,105,753875.00,8604.00,16384,20,true,true,OK,accept,true
sml,MLWorks,execute.sml,505,BRNGLR,105,105,611000.50,5875.50,16384,20,true,true,OK,accept,true
sml,MLWorks,lisp.sml,372,Leo,106,106,574083.50,7187.50,16384,20,true,true,OK,accept,true
sml,MLWorks,lisp.sml,372,GLL,106,106,0.00,0.00,0,0,false,false,TIMEOUT,accept,
sml,MLWorks,lisp.sml,372,RNGLR,106,106,203250.00,1459.00,16384,20,true,true,OK,accept,true
sml,MLWorks,lisp.sml,372,BRNGLR,106,106,181708.50,2917.00,16384,20,true,true,OK,accept,true
sml,MLWorks,debugger_utilities.sml,733,Leo,106,106,717000.50,2874.50,16384,20,true,true,OK,accept,true
sml,MLWorks,debugger_utilities.sml,733,GLL,106,106,0.00,0.00,0,0,false,false,TIMEOUT,accept,
sml,MLWorks,debugger_utilities.sml,733,RNGLR,106,106,323854.00,2999.50,16384,20,true,true,OK,accept,true
sml,MLWorks,debugger_utilities.sml,733,BRNGLR,106,106,272333.50,2937.50,16384,20,true,true,OK,accept,true
sml,MLWorks,sparc_opcodes.sml,545,Leo,107,107,766791.50,10354.00,16384,20,true,true,OK,accept,true
sml,MLWorks,sparc_opcodes.sml,545,GLL,107,107,0.00,0.00,0,0,false,false,TIMEOUT,accept,
sml,MLWorks,sparc_opcodes.sml,545,RNGLR,107,107,242416.50,2187.50,16384,20,true,true,OK,accept,true
sml,MLWorks,sparc_opcodes.sml,545,BRNGLR,107,107,236958.00,1729.00,16384,20,true,true,OK,accept,true
sml,MLWorks,mlworks_io.sml,759,Leo,107,107,868541.50,7958.00,16384,20,true,true,OK,accept,true
sml,MLWorks,mlworks_io.sml,759,GLL,107,107,0.00,0.00,0,0,false,false,TIMEOUT,accept,
sml,MLWorks,mlworks_io.sml,759,RNGLR,107,107,806979.50,2958.00,16384,20,true,true,OK,accept,true
sml,MLWorks,mlworks_io.sml,759,BRNGLR,107,107,613812.50,3729.50,16384,20,true,true,OK,accept,true
sml,MLWorks,bytearray_find.sml,353,Leo,108,108,1065437.50,8833.00,16384,20,true,true,OK,accept,true
sml,MLWorks,bytearray_find.sml,353,GLL,108,108,0.00,0.00,0,0,false,false,TIMEOUT,accept,
sml,MLWorks,bytearray_find.sml,353,RNGLR,108,108,291562.50,3791.50,16384,20,true,true,OK,accept,true
sml,MLWorks,bytearray_find.sml,353,BRNGLR,108,108,264458.50,2416.50,16384,20,true,true,OK,accept,true
sml,MLWorks,array_find.sml,369,Leo,108,108,1082916.50,22083.00,16384,20,true,true,OK,accept,true
sml,MLWorks,array_find.sml,369,GLL,108,108,0.00,0.00,0,0,false,false,TIMEOUT,accept,
sml,MLWorks,array_find.sml,369,RNGLR,108,108,291396.00,4937.50,16384,20,true,true,OK,accept,true
sml,MLWorks,array_find.sml,369,BRNGLR,108,108,268979.50,5792.00,16384,20,true,true,OK,accept,true
sml,MLWorks,registerpack.sml,458,Leo,108,108,425687.50,5875.00,16384,20,true,true,OK,accept,true
sml,MLWorks,registerpack.sml,458,GLL,108,108,0.00,0.00,0,0,false,false,TIMEOUT,accept,
sml,MLWorks,registerpack.sml,458,RNGLR,108,108,134312.50,5041.50,16384,20,true,true,OK,accept,true
sml,MLWorks,registerpack.sml,458,BRNGLR,108,108,125437.50,1312.50,16384,20,true,true,OK,accept,true
sml,MLWorks,__realise.sml,896,Leo,108,108,668104.00,5875.00,16384,20,true,true,OK,accept,true
sml,MLWorks,__realise.sml,896,GLL,108,108,0.00,0.00,0,0,false,false,TIMEOUT,accept,
sml,MLWorks,__realise.sml,896,RNGLR,108,108,500646.00,6187.50,16384,20,true,true,OK,accept,true
sml,MLWorks,__realise.sml,896,BRNGLR,108,108,400771.50,3042.50,16384,20,true,true,OK,accept,true
sml,MLWorks,__debugger_window.sml,949,Leo,108,108,670479.50,12708.50,16384,20,true,true,OK,accept,true
sml,MLWorks,__debugger_window.sml,949,GLL,108,108,0.00,0.00,0,0,false,false,TIMEOUT,accept,
sml,MLWorks,__debugger_window.sml,949,RNGLR,108,108,499750.50,6000.00,16384,20,true,true,OK,accept,true
sml,MLWorks,__debugger_window.sml,949,BRNGLR,108,108,399791.50,4916.00,16384,20,true,true,OK,accept,true
sml,MLWorks,__bin_prim_io.sml,507,Leo,109,109,979166.50,337021.00,16384,20,true,true,OK,accept,true
sml,MLWorks,__bin_prim_io.sml,507,GLL,109,109,0.00,0.00,0,0,false,false,TIMEOUT,accept,
sml,MLWorks,__bin_prim_io.sml,507,RNGLR,109,109,435208.50,205125.50,16384,20,true,true,OK,accept,true
sml,MLWorks,__bin_prim_io.sml,507,BRNGLR,109,109,218687.50,12125.50,16384,20,true,true,OK,accept,true
sml,MLWorks,math.sml,433,Leo,110,110,1032562.50,156208.00,16384,20,true,true,OK,accept,true
sml,MLWorks,math.sml,433,GLL,110,110,0.00,0.00,0,0,false,false,TIMEOUT,accept,
sml,MLWorks,math.sml,433,RNGLR,110,110,1282750.00,237333.50,16384,20,true,true,OK,accept,true
sml,MLWorks,math.sml,433,BRNGLR,110,110,664562.50,28853.50,16384,20,true,true,OK,accept,true
sml,MLWorks,debugger_options.sml,355,Leo,112,112,1011791.50,106521.00,16384,20,true,true,OK,accept,true
sml,MLWorks,debugger_options.sml,355,GLL,112,112,0.00,0.00,0,0,false,false,TIMEOUT,accept,
sml,MLWorks,debugger_options.sml,355,RNGLR,112,112,246291.50,1458.00,16384,20,true,true,OK,accept,true
sml,MLWorks,debugger_options.sml,355,BRNGLR,112,112,237667.00,5083.00,16384,20,true,true,OK,accept,true
sml,MLWorks,debugger_print.sml,505,Leo,112,112,517687.50,17208.50,16384,20,true,true,OK,accept,true
sml,MLWorks,debugger_print.sml,505,GLL,112,112,0.00,0.00,0,0,false,false,TIMEOUT,accept,
sml,MLWorks,debugger_print.sml,505,RNGLR,112,112,173208.00,2812.50,16384,20,true,true,OK,accept,true
sml,MLWorks,debugger_print.sml,505,BRNGLR,112,112,169521.00,1750.50,16384,20,true,true,OK,accept,true
sml,MLWorks,mutex.sml,510,Leo,112,112,962687.50,50708.00,16384,20,true,true,OK,accept,true
sml,MLWorks,mutex.sml,510,GLL,112,112,0.00,0.00,0,0,false,false,TIMEOUT,accept,
sml,MLWorks,mutex.sml,510,RNGLR,112,112,451771.00,4563.00,16384,20,true,true,OK,accept,true
sml,MLWorks,mutex.sml,510,BRNGLR,112,112,376500.00,3562.50,16384,20,true,true,OK,accept,true
sml,MLWorks,unix.sml,548,Leo,112,112,718104.00,12333.00,16384,20,true,true,OK,accept,true
sml,MLWorks,unix.sml,548,GLL,112,112,0.00,0.00,0,0,false,false,TIMEOUT,accept,
sml,MLWorks,unix.sml,548,RNGLR,112,112,319292.00,8771.00,16384,20,true,true,OK,accept,true
sml,MLWorks,unix.sml,548,BRNGLR,112,112,282291.50,8750.00,16384,20,true,true,OK,accept,true
sml,MLWorks,general.sml,487,Leo,114,114,917604.50,29395.50,16384,20,true,true,OK,accept,true
sml,MLWorks,general.sml,487,GLL,114,114,0.00,0.00,0,0,false,false,TIMEOUT,accept,
sml,MLWorks,general.sml,487,RNGLR,114,114,1102563.00,14125.50,16384,20,true,true,OK,accept,true
sml,MLWorks,general.sml,487,BRNGLR,114,114,811145.50,12062.50,16384,20,true,true,OK,accept,true
sml,MLWorks,strnames.sml,667,Leo,114,114,910687.50,32708.00,16384,20,true,true,OK,accept,true
sml,MLWorks,strnames.sml,667,GLL,114,114,0.00,0.00,0,0,false,false,TIMEOUT,accept,
sml,MLWorks,strnames.sml,667,RNGLR,114,114,288625.00,10437.50,16384,20,true,true,OK,accept,true
sml,MLWorks,strnames.sml,667,BRNGLR,114,114,247124.50,1770.50,16384,20,true,true,OK,accept,true
sml,MLWorks,__save_image.sml,947,Leo,115,115,783604.00,28666.50,16384,20,true,true,OK,accept,true
sml,MLWorks,__save_image.sml,947,GLL,115,115,0.00,0.00,0,0,false,false,TIMEOUT,accept,
sml,MLWorks,__save_image.sml,947,RNGLR,115,115,627229.50,15729.50,16384,20,true,true,OK,accept,true
sml,MLWorks,__save_image.sml,947,BRNGLR,115,115,480833.50,8354.50,16384,20,true,true,OK,accept,true
sml,MLWorks,__patterns.sml,1049,Leo,115,115,772229.50,34000.50,16384,20,true,true,OK,accept,true
sml,MLWorks,__patterns.sml,1049,GLL,115,115,0.00,0.00,0,0,false,false,TIMEOUT,accept,
sml,MLWorks,__patterns.sml,1049,RNGLR,115,115,922041.50,298791.00,16384,20,true,true,OK,accept,true
sml,MLWorks,__patterns.sml,1049,BRNGLR,115,115,591062.00,72895.50,16384,20,true,true,OK,accept,true
sml,MLWorks,sparc_schedule.sml,601,Leo,117,117,633479.00,63916.50,16384,20,true,true,OK,accept,true
sml,MLWorks,sparc_schedule.sml,601,GLL,117,117,0.00,0.00,0,0,false,false,TIMEOUT,accept,
sml,MLWorks,sparc_schedule.sml,601,RNGLR,117,117,202979.50,9062.50,16384,20,true,true,OK,accept,true
sml,MLWorks,sparc_schedule.sml,601,BRNGLR,117,117,212083.00,13749.50,16384,20,true,true,OK,accept,true
sml,MLWorks,LRparser.sml,710,Leo,117,117,896875.00,110771.00,16384,20,true,true,OK,accept,true
sml,MLWorks,LRparser.sml,710,GLL,117,117,0.00,0.00,0,0,false,false,TIMEOUT,accept,
sml,MLWorks,LRparser.sml,710,RNGLR,117,117,531499.50,108479.00,16384,20,true,true,OK,accept,true
sml,MLWorks,LRparser.sml,710,BRNGLR,117,117,335583.00,17312.50,16384,20,true,true,OK,accept,true
sml,MLWorks,_text.sml,519,Leo,118,118,955125.50,30312.50,32768,20,true,true,OK,accept,true
sml,MLWorks,_text.sml,519,GLL,118,118,0.00,0.00,0,0,false,false,TIMEOUT,accept,
sml,MLWorks,_text.sml,519,RNGLR,118,118,258312.00,13062.50,16384,20,true,true,OK,accept,true
sml,MLWorks,_text.sml,519,BRNGLR,118,118,254812.50,12520.50,16384,20,true,true,OK,accept,true
sml,MLWorks,bytearray_append.sml,299,Leo,120,120,1265416.50,35854.50,16384,20,true,true,OK,accept,true
sml,MLWorks,bytearray_append.sml,299,GLL,120,120,0.00,0.00,0,0,false,false,TIMEOUT,accept,
sml,MLWorks,bytearray_append.sml,299,RNGLR,120,120,273729.50,7646.00,16384,20,true,true,OK,accept,true
sml,MLWorks,bytearray_append.sml,299,BRNGLR,120,120,255541.50,6354.00,16384,20,true,true,OK,accept,true
sml,MLWorks,array_append.sml,315,Leo,120,120,1279729.00,35750.00,16384,20,true,true,OK,accept,true
sml,MLWorks,array_append.sml,315,GLL,120,120,0.00,0.00,0,0,false,false,TIMEOUT,accept,
sml,MLWorks,array_append.sml,315,RNGLR,120,120,264750.00,3187.50,16384,20,true,true,OK,accept,true
sml,MLWorks,array_append.sml,315,BRNGLR,120,120,252312.50,2812.00,16384,20,true,true,OK,accept,true
sml,MLWorks,bytearray_update.sml,398,Leo,120,120,1504562.50,95062.50,16384,20,true,true,OK,accept,true
sml,MLWorks,bytearray_update.sml,398,GLL,120,120,0.00,0.00,0,0,false,false,TIMEOUT,accept,
sml,MLWorks,bytearray_update.sml,398,RNGLR,120,120,510520.50,23750.00,16384,20,true,true,OK,accept,true
sml,MLWorks,bytearray_update.sml,398,BRNGLR,120,120,437062.50,11312.00,16384,20,true,true,OK,accept,true
sml,MLWorks,array_update.sml,418,Leo,120,120,1454583.00,67646.00,16384,20,true,true,OK,accept,true
sml,MLWorks,array_update.sml,418,GLL,120,120,0.00,0.00,0,0,false,false,TIMEOUT,accept,
sml,MLWorks,array_update.sml,418,RNGLR,120,120,496271.00,8249.50,16384,20,true,true,OK,accept,true
sml,MLWorks,array_update.sml,418,BRNGLR,120,120,428770.50,8833.00,16384,20,true,true,OK,accept,true
sml,MLWorks,code_module.sml,531,Leo,120,120,621604.00,25416.50,16384,20,true,true,OK,accept,true
sml,MLWorks,code_module.sml,531,GLL,120,120,0.00,0.00,0,0,false,false,TIMEOUT,accept,
sml,MLWorks,code_module.sml,531,RNGLR,120,120,144875.50,3230.00,16384,20,true,true,OK,accept,true
sml,MLWorks,code_module.sml,531,BRNGLR,120,120,139062.50,1041.50,16384,20,true,true,OK,accept,true
sml,MLWorks,virtualregister.sml,539,Leo,120,120,993146.00,20020.50,16384,20,true,true,OK,accept,true
sml,MLWorks,virtualregister.sml,539,GLL,120,120,0.00,0.00,0,0,false,false,TIMEOUT,accept,
sml,MLWorks,virtualregister.sml,539,RNGLR,120,120,594750.00,11833.50,16384,20,true,true,OK,accept,true
sml,MLWorks,virtualregister.sml,539,BRNGLR,120,120,467812.50,15500.00,16384,20,true,true,OK,accept,true
sml,MLWorks,sigma.sml,676,Leo,120,120,872771.00,33000.00,16384,20,true,true,OK,accept,true
sml,MLWorks,sigma.sml,676,GLL,120,120,0.00,0.00,0,0,false,false,TIMEOUT,accept,
sml,MLWorks,sigma.sml,676,RNGLR,120,120,293541.50,3333.50,16384,20,true,true,OK,accept,true
sml,MLWorks,sigma.sml,676,BRNGLR,120,120,262583.00,6166.00,16384,20,true,true,OK,accept,true
sml,MLWorks,_strenv.sml,540,Leo,121,121,1074687.50,48583.50,16384,20,true,true,OK,accept,true
sml,MLWorks,_strenv.sml,540,GLL,121,121,0.00,0.00,0,0,false,false,TIMEOUT,accept,
sml,MLWorks,_strenv.sml,540,RNGLR,121,121,433292.00,12333.00,16384,20,true,true,OK,accept,true
sml,MLWorks,_strenv.sml,540,BRNGLR,121,121,379583.00,8895.50,16384,20,true,true,OK,accept,true
sml,MLWorks,type_utils.sml,662,Leo,122,122,810187.50,29041.50,16384,20,true,true,OK,accept,true
sml,MLWorks,type_utils.sml,662,GLL,122,122,0.00,0.00,0,0,false,false,TIMEOUT,accept,
sml,MLWorks,type_utils.sml,662,RNGLR,122,122,366083.50,5646.00,16384,20,true,true,OK,accept,true
sml,MLWorks,type_utils.sml,662,BRNGLR,122,122,308437.00,9875.00,16384,20,true,true,OK,accept,true
sml,MLWorks,mod_rules.sml,706,Leo,122,122,944791.50,15562.50,16384,20,true,true,OK,accept,true
sml,MLWorks,mod_rules.sml,706,GLL,122,122,0.00,0.00,0,0,false,false,TIMEOUT,accept,
sml,MLWorks,mod_rules.sml,706,RNGLR,122,122,333812.50,9708.50,16384,20,true,true,OK,accept,true
sml,MLWorks,mod_rules.sml,706,BRNGLR,122,122,289291.50,5562.50,16384,20,true,true,OK,accept,true
sml,MLWorks,mir_env.sml,777,Leo,122,122,858396.50,16542.00,16384,20,true,true,OK,accept,true
sml,MLWorks,mir_env.sml,777,GLL,122,122,0.00,0.00,0,0,false,false,TIMEOUT,accept,
sml,MLWorks,mir_env.sml,777,RNGLR,122,122,530604.00,42375.50,16384,20,true,true,OK,accept,true
sml,MLWorks,mir_env.sml,777,BRNGLR,122,122,392729.00,10896.00,16384,20,true,true,OK,accept,true
sml,MLWorks,__core_rules.sml,1113,Leo,122,122,807541.50,26770.50,16384,20,true,true,OK,accept,true
sml,MLWorks,__core_rules.sml,1113,GLL,122,122,0.00,0.00,0,0,false,false,TIMEOUT,accept,
sml,MLWorks,__core_rules.sml,1113,RNGLR,122,122,665937.50,7937.00,16384,20,true,true,OK,accept,true
sml,MLWorks,__core_rules.sml,1113,BRNGLR,122,122,517250.00,7521.00,16384,20,true,true,OK,accept,true
sml,MLWorks,floatarray_update.sml,425,Leo,123,123,1427312.50,18333.00,16384,20,true,true,OK,accept,true
sml,MLWorks,floatarray_update.sml,425,GLL,123,123,0.00,0.00,0,0,false,false,TIMEOUT,accept,
sml,MLWorks,floatarray_update.sml,425,RNGLR,123,123,516854.00,10479.50,16384,20,true,true,OK,accept,true
sml,MLWorks,floatarray_update.sml,425,BRNGLR,123,123,450229.50,9813.00,16384,20,true,true,OK,accept,true
sml,MLWorks,_machregisters.sml,670,Leo,123,123,1346438.00,17063.00,16384,20,true,true,OK,accept,true
sml,MLWorks,_machregisters.sml,670,GLL,123,123,0.00,0.00,0,0,false,false,TIMEOUT,accept,
sml,MLWorks,_machregisters.sml,670,RNGLR,123,123,1457062.50,23583.50,16384,20,true,true,OK,accept,true
sml,MLWorks,_machregisters.sml,670,BRNGLR,123,123,1079833.50,20021.00,16384,20,true,true,OK,accept,true
sml,MLWorks,profile1.sml,536,Leo,124,124,1144104.00,15187.50,16384,20,true,true,OK,accept,true
sml,MLWorks,profile1.sml,536,GLL,124,124,0.00,0.00,0,0,false,false,TIMEOUT,accept,
sml,MLWorks,profile1.sml,536,RNGLR,124,124,468083.00,13625.50,16384,20,true,true,OK,accept,true
sml,MLWorks,profile1.sml,536,BRNGLR,124,124,436791.50,9666.50,16384,20,true,true,OK,accept,true
sml,MLWorks,inspector_values.sml,606,Leo,124,124,779520.50,13333.50,16384,20,true,true,OK,accept,true
sml,MLWorks,inspector_values.sml,606,GLL,124,124,0.00,0.00,0,0,false,false,TIMEOUT,accept,
sml,MLWorks,inspector_values.sml,606,RNGLR,124,124,401645.50,8979.00,16384,20,true,true,OK,accept,true
sml,MLWorks,inspector_values.sml,606,BRNGLR,124,124,338875.00,9312.50,16384,20,true,true,OK,accept,true
sml,MLWorks,_os.sml,696,Leo,124,124,914208.50,19437.00,16384,20,true,true,OK,accept,true
sml,MLWorks,_os.sml,696,GLL,124,124,0.00,0.00,0,0,false,false,TIMEOUT,accept,
sml,MLWorks,_os.sml,696,RNGLR,124,124,453333.50,8916.50,16384,20,true,true,OK,accept,true
sml,MLWorks,_os.sml,696,BRNGLR,124,124,380437.50,10125.00,16384,20,true,true,OK,accept,true
sml,MLWorks,__code_module.sml,572,Leo,125,125,655333.50,21625.00,16384,20,true,true,OK,accept,true
sml,MLWorks,__code_module.sml,572,GLL,125,125,0.00,0.00,0,0,false,false,TIMEOUT,accept,
sml,MLWorks,__code_module.sml,572,RNGLR,125,125,176000.00,5416.50,16384,20,true,true,OK,accept,true
sml,MLWorks,__code_module.sml,572,BRNGLR,125,125,173292.00,854.50,16384,20,true,true,OK,accept,true
sml,MLWorks,many_streams.sml,335,Leo,126,126,1292417.00,22812.50,16384,20,true,true,OK,accept,true
sml,MLWorks,many_streams.sml,335,GLL,126,126,0.00,0.00,0,0,false,false,TIMEOUT,accept,
sml,MLWorks,many_streams.sml,335,RNGLR,126,126,639000.00,24750.00,16384,20,true,true,OK,accept,true
sml,MLWorks,many_streams.sml,335,BRNGLR,126,126,544812.50,10750.00,16384,20,true,true,OK,accept,true
sml,MLWorks,lambda.sml,788,Leo,127,127,1352833.00,80062.00,16384,20,true,true,OK,accept,true
sml,MLWorks,lambda.sml,788,GLL,127,127,0.00,0.00,0,0,false,false,TIMEOUT,accept,
sml,MLWorks,lambda.sml,788,RNGLR,127,127,639146.00,37750.00,16384,20,true,true,OK,accept,true
sml,MLWorks,lambda.sml,788,BRNGLR,127,127,510250.00,20396.00,16384,20,true,true,OK,accept,true
sml,MLWorks,__bit_flags.sml,526,Leo,130,130,1133791.00,19562.50,16384,20,true,true,OK,accept,true
sml,MLWorks,__bit_flags.sml,526,GLL,130,130,0.00,0.00,0,0,false,false,TIMEOUT,accept,
sml,MLWorks,__bit_flags.sml,526,RNGLR,130,130,608708.50,16104.50,16384,20,true,true,OK,accept,true
sml,MLWorks,__bit_flags.sml,526,BRNGLR,130,130,554875.00,46479.00,16384,20,true,true,OK,accept,true
sml,MLWorks,os_process_exit_1.sml,565,Leo,130,130,1657916.50,78167.00,16384,20,true,true,OK,accept,true
sml,MLWorks,os_process_exit_1.sml,565,GLL,130,130,0.00,0.00,0,0,false,false,TIMEOUT,accept,
sml,MLWorks,os_process_exit_1.sml,565,RNGLR,130,130,1773687.50,58833.50,16384,20,true,true,OK,accept,true
sml,MLWorks,os_process_exit_1.sml,565,BRNGLR,130,130,1401125.50,74875.50,16384,20,true,true,OK,accept,true
sml,MLWorks,core_rules.sml,687,Leo,130,130,1043791.00,18604.50,16384,20,true,true,OK,accept,true
sml,MLWorks,core_rules.sml,687,GLL,130,130,0.00,0.00,0,0,false,false,TIMEOUT,accept,
sml,MLWorks,core_rules.sml,687,RNGLR,130,130,402750.00,16250.00,16384,20,true,true,OK,accept,true
sml,MLWorks,core_rules.sml,687,BRNGLR,130,130,324646.00,10042.00,16384,20,true,true,OK,accept,true
sml,MLWorks,threads6.sml,548,Leo,131,131,1615770.50,40396.00,16384,20,true,true,OK,accept,true
sml,MLWorks,threads6.sml,548,GLL,131,131,0.00,0.00,0,0,false,false,TIMEOUT,accept,
sml,MLWorks,threads6.sml,548,RNGLR,131,131,1737896.00,73437.00,16384,20,true,true,OK,accept,true
sml,MLWorks,threads6.sml,548,BRNGLR,131,131,1447229.00,55375.00,16384,20,true,true,OK,accept,true
sml,MLWorks,__interprint.sml,1141,Leo,131,131,853687.50,24208.00,16384,20,true,true,OK,accept,true
sml,MLWorks,__interprint.sml,1141,GLL,131,131,0.00,0.00,0,0,false,false,TIMEOUT,accept,
sml,MLWorks,__interprint.sml,1141,RNGLR,131,131,682229.00,9750.00,16384,20,true,true,OK,accept,true
sml,MLWorks,__interprint.sml,1141,BRNGLR,131,131,535854.00,8375.00,16384,20,true,true,OK,accept,true
sml,MLWorks,static_bytearray.sml,834,Leo,133,133,1071083.50,8750.00,16384,20,true,true,OK,accept,true
sml,MLWorks,static_bytearray.sml,834,GLL,133,133,0.00,0.00,0,0,false,false,TIMEOUT,accept,
sml,MLWorks,static_bytearray.sml,834,RNGLR,133,133,781374.50,17937.00,16384,20,true,true,OK,accept,true
sml,MLWorks,static_bytearray.sml,834,BRNGLR,133,133,590541.50,6937.50,16384,20,true,true,OK,accept,true
sml,MLWorks,__fi_parser.sml,960,Leo,133,133,712354.00,7750.00,16384,20,true,true,OK,accept,true
sml,MLWorks,__fi_parser.sml,960,GLL,133,133,0.00,0.00,0,0,false,false,TIMEOUT,accept,
sml,MLWorks,__fi_parser.sml,960,RNGLR,133,133,254645.50,4396.00,16384,20,true,true,OK,accept,true
sml,MLWorks,__fi_parser.sml,960,BRNGLR,133,133,235479.00,3916.50,16384,20,true,true,OK,accept,true
sml,MLWorks,__project.sml,999,Leo,133,133,1156229.00,20687.50,16384,20,true,true,OK,accept,true
sml,MLWorks,__project.sml,999,GLL,133,133,0.00,0.00,0,0,false,false,TIMEOUT,accept,
sml,MLWorks,__project.sml,999,RNGLR,133,133,4970333.00,19625.00,16384,20,true,true,OK,accept,true
sml,MLWorks,__project.sml,999,BRNGLR,133,133,3626458.00,33250.00,16384,20,true,true,OK,accept,true
sml,MLWorks,floatarray_append.sml,343,Leo,134,134,1383167.00,23895.50,16384,20,true,true,OK,accept,true
sml,MLWorks,floatarray_append.sml,343,GLL,134,134,0.00,0.00,0,0,false,false,TIMEOUT,accept,
sml,MLWorks,floatarray_append.sml,343,RNGLR,134,134,293958.50,4917.00,16384,20,true,true,OK,accept,true
sml,MLWorks,floatarray_append.sml,343,BRNGLR,134,134,278896.00,8521.00,16384,20,true,true,OK,accept,true
sml,MLWorks,switch3.sml,547,Leo,134,134,1377729.50,25896.00,16384,20,true,true,OK,accept,true
sml,MLWorks,switch3.sml,547,GLL,134,134,0.00,0.00,0,0,false,false,TIMEOUT,accept,
sml,MLWorks,switch3.sml,547,RNGLR,134,134,517625.00,11728.50,16384,20,true,true,OK,accept,true
sml,MLWorks,switch3.sml,547,BRNGLR,134,134,431104.50,4791.50,16384,20,true,true,OK,accept,true
sml,MLWorks,profile_sel.sml,443,Leo,137,137,1356625.00,38228.50,32768,20,true,true,OK,accept,true
sml,MLWorks,profile_sel.sml,443,GLL,137,137,0.00,0.00,0,0,false,false,TIMEOUT,accept,
sml,MLWorks,profile_sel.sml,443,RNGLR,137,137,727166.50,21083.50,16384,20,true,true,OK,accept,true
sml,MLWorks,profile_sel.sml,443,BRNGLR,137,137,662541.50,27291.50,16384,20,true,true,OK,accept,true
sml,MLWorks,patterns.sml,728,Leo,137,137,950958.50,46333.50,16384,20,true,true,OK,accept,true
sml,MLWorks,patterns.sml,728,GLL,137,137,0.00,0.00,0,0,false,false,TIMEOUT,accept,
sml,MLWorks,patterns.sml,728,RNGLR,137,137,370792.00,12000.50,16384,20,true,true,OK,accept,true
sml,MLWorks,patterns.sml,728,BRNGLR,137,137,305603.50,6541.00,16384,20,true,true,OK,accept,true
sml,MLWorks,module_id.sml,796,Leo,137,137,1275354.00,17749.50,16384,20,true,true,OK,accept,true
sml,MLWorks,module_id.sml,796,GLL,137,137,0.00,0.00,0,0,false,false,TIMEOUT,accept,
sml,MLWorks,module_id.sml,796,RNGLR,137,137,1392500.00,15416.50,16384,20,true,true,OK,accept,true
sml,MLWorks,module_id.sml,796,BRNGLR,137,137,1037541.50,16563.00,16384,20,true,true,OK,accept,true
sml,MLWorks,__sparc_mach_cg.sml,1123,Leo,138,138,907667.00,21729.50,16384,20,true,true,OK,accept,true
sml,MLWorks,__sparc_mach_cg.sml,1123,GLL,138,138,0.00,0.00,0,0,false,false,TIMEOUT,accept,
sml,MLWorks,__sparc_mach_cg.sml,1123,RNGLR,138,138,782958.50,10125.00,16384,20,true,true,OK,accept,true
sml,MLWorks,__sparc_mach_cg.sml,1123,BRNGLR,138,138,614479.00,13812.00,16384,20,true,true,OK,accept,true
sml,MLWorks,__ml_debugger.sml,1216,Leo,139,139,935146.00,15125.00,16384,20,true,true,OK,accept,true
sml,MLWorks,__ml_debugger.sml,1216,GLL,139,139,0.00,0.00,0,0,false,false,TIMEOUT,accept,
sml,MLWorks,__ml_debugger.sml,1216,RNGLR,139,139,1268813.00,24896.50,16384,20,true,true,OK,accept,true
sml,MLWorks,__ml_debugger.sml,1216,BRNGLR,139,139,933104.00,11271.00,16384,20,true,true,OK,accept,true
sml,MLWorks,tyenv.sml,765,Leo,141,141,1041625.00,17292.00,16384,20,true,true,OK,accept,true
sml,MLWorks,tyenv.sml,765,GLL,141,141,0.00,0.00,0,0,false,false,TIMEOUT,accept,
sml,MLWorks,tyenv.sml,765,RNGLR,141,141,405875.00,7854.50,16384,20,true,true,OK,accept,true
sml,MLWorks,tyenv.sml,765,BRNGLR,141,141,338645.50,7979.00,16384,20,true,true,OK,accept,true
sml,MLWorks,ndfa.sml,685,Leo,143,143,1212521.00,11104.50,16384,20,true,true,OK,accept,true
sml,MLWorks,ndfa.sml,685,GLL,143,143,0.00,0.00,0,0,false,false,TIMEOUT,accept,
sml,MLWorks,ndfa.sml,685,RNGLR,143,143,996187.50,13895.50,16384,20,true,true,OK,accept,true
sml,MLWorks,ndfa.sml,685,BRNGLR,143,143,798687.50,42562.50,16384,20,true,true,OK,accept,true
sml,MLWorks,lexer.sml,782,Leo,143,143,1088791.50,54229.00,16384,20,true,true,OK,accept,true
sml,MLWorks,lexer.sml,782,GLL,143,143,0.00,0.00,0,0,false,false,TIMEOUT,accept,
sml,MLWorks,lexer.sml,782,RNGLR,143,143,702104.00,65895.50,16384,20,true,true,OK,accept,true
sml,MLWorks,lexer.sml,782,BRNGLR,143,143,539687.00,48624.00,16384,20,true,true,OK,accept,true
sml,MLWorks,sectioned_file.sml,853,Leo,143,143,1475813.00,64166.50,16384,20,true,true,OK,accept,true
sml,MLWorks,sectioned_file.sml,853,GLL,143,143,0.00,0.00,0,0,false,false,TIMEOUT,accept,
sml,MLWorks,sectioned_file.sml,853,RNGLR,143,143,1265563.00,24437.00,16384,20,true,true,OK,accept,true
sml,MLWorks,sectioned_file.sml,853,BRNGLR,143,143,949979.00,14187.00,16384,20,true,true,OK,accept,true
sml,MLWorks,vector_vector.sml,306,Leo,145,145,1837583.50,41938.00,16384,20,true,true,OK,accept,true
sml,MLWorks,vector_vector.sml,306,GLL,145,145,0.00,0.00,0,0,false,false,TIMEOUT,accept,
sml,MLWorks,vector_vector.sml,306,RNGLR,145,145,436521.50,5313.50,16384,20,true,true,OK,accept,true
sml,MLWorks,vector_vector.sml,306,BRNGLR,145,145,395417.00,6250.00,16384,20,true,true,OK,accept,true
sml,MLWorks,text_stream_io.sml,595,Leo,145,145,1633958.50,50416.50,16384,20,true,true,OK,accept,true
sml,MLWorks,text_stream_io.sml,595,GLL,145,145,0.00,0.00,0,0,false,false,TIMEOUT,accept,
sml,MLWorks,text_stream_io.sml,595,RNGLR,145,145,1106125.00,17437.50,16384,20,true,true,OK,accept,true
sml,MLWorks,text_stream_io.sml,595,BRNGLR,145,145,898375.00,9500.50,16384,20,true,true,OK,accept,true
sml,MLWorks,__fpcolourer.sml,1108,Leo,145,145,1411208.50,19187.50,16384,20,true,true,OK,accept,true
sml,MLWorks,__fpcolourer.sml,1108,GLL,145,145,0.00,0.00,0,0,false,false,TIMEOUT,accept,
sml,MLWorks,__fpcolourer.sml,1108,RNGLR,145,145,959541.50,11541.50,16384,20,true,true,OK,accept,true
sml,MLWorks,__fpcolourer.sml,1108,BRNGLR,145,145,744042.00,10500.50,16384,20,true,true,OK,accept,true
sml,MLWorks,__gccolourer.sml,1108,Leo,145,145,1399375.00,20729.00,16384,20,true,true,OK,accept,true
sml,MLWorks,__gccolourer.sml,1108,GLL,145,145,0.00,0.00,0,0,false,false,TIMEOUT,accept,
sml,MLWorks,__gccolourer.sml,1108,RNGLR,145,145,961291.50,9625.00,16384,20,true,true,OK,accept,true
sml,MLWorks,__gccolourer.sml,1108,BRNGLR,145,145,738396.00,8313.00,16384,20,true,true,OK,accept,true
sml,MLWorks,__nongccolourer.sml,1153,Leo,145,145,1458771.00,65416.50,16384,20,true,true,OK,accept,true
sml,MLWorks,__nongccolourer.sml,1153,GLL,145,145,0.00,0.00,0,0,false,false,TIMEOUT,accept,
sml,MLWorks,__nongccolourer.sml,1153,RNGLR,145,145,1028229.50,53125.50,16384,20,true,true,OK,accept,true
sml,MLWorks,__nongccolourer.sml,1153,BRNGLR,145,145,879542.00,102729.50,16384,20,true,true,OK,accept,true
sml,MLWorks,mach_cg.sml,723,Leo,147,147,1082292.00,100104.50,16384,20,true,true,OK,accept,true
sml,MLWorks,mach_cg.sml,723,GLL,147,147,0.00,0.00,0,0,false,false,TIMEOUT,accept,
sml,MLWorks,mach_cg.sml,723,RNGLR,147,147,439562.50,48541.50,16384,20,true,true,OK,accept,true
sml,MLWorks,mach_cg.sml,723,BRNGLR,147,147,1099291.50,662833.00,16384,20,true,true,OK,accept,true
sml,MLWorks,__option.sml,513,Leo,148,148,1860979.00,383958.50,16384,20,true,true,OK,accept,true
sml,MLWorks,__option.sml,513,GLL,148,148,0.00,0.00,0,0,false,false,TIMEOUT,accept,
sml,MLWorks,__option.sml,513,RNGLR,148,148,692104.00,34937.00,16384,20,true,true,OK,accept,true
sml,MLWorks,__option.sml,513,BRNGLR,148,148,582917.00,51792.00,16384,20,true,true,OK,accept,true
sml,MLWorks,__mir_cg.sml,1231,Leo,149,149,1019249.50,24041.00,16384,20,true,true,OK,accept,true
sml,MLWorks,__mir_cg.sml,1231,GLL,149,149,0.00,0.00,0,0,false,false,TIMEOUT,accept,
sml,MLWorks,__mir_cg.sml,1231,RNGLR,149,149,1109146.00,74500.00,16384,20,true,true,OK,accept,true
sml,MLWorks,__mir_cg.sml,1231,BRNGLR,149,149,785166.50,20645.50,16384,20,true,true,OK,accept,true
sml,MLWorks,basistypes.sml,701,Leo,150,150,851167.00,27833.00,16384,20,true,true,OK,accept,true
sml,MLWorks,basistypes.sml,701,GLL,150,150,0.00,0.00,0,0,false,false,TIMEOUT,accept,
sml,MLWorks,basistypes.sml,701,RNGLR,150,150,360854.00,15416.50,16384,20,true,true,OK,accept,true
sml,MLWorks,basistypes.sml,701,BRNGLR,150,150,344458.50,36396.00,16384,20,true,true,OK,accept,true
sml,MLWorks,c_signature.sml,786,Leo,150,150,1080812.50,52792.00,16384,20,true,true,OK,accept,true
sml,MLWorks,c_signature.sml,786,GLL,150,150,0.00,0.00,0,0,false,false,TIMEOUT,accept,
sml,MLWorks,c_signature.sml,786,RNGLR,150,150,587542.00,21479.00,16384,20,true,true,OK,accept,true
sml,MLWorks,c_signature.sml,786,BRNGLR,150,150,453625.00,8875.00,16384,20,true,true,OK,accept,true
sml,MLWorks,__listener.sml,1314,Leo,150,150,1218479.50,200354.50,16384,20,true,true,OK,accept,true
sml,MLWorks,__listener.sml,1314,GLL,150,150,0.00,0.00,0,0,false,false,TIMEOUT,accept,
sml,MLWorks,__listener.sml,1314,RNGLR,150,150,1236125.50,64646.00,16384,20,true,true,OK,accept,true
sml,MLWorks,__listener.sml,1314,BRNGLR,150,150,871854.00,27021.00,16384,20,true,true,OK,accept,true
sml,MLWorks,__mod_rules.sml,1333,Leo,150,150,1019583.00,45729.00,16384,20,true,true,OK,accept,true
sml,MLWorks,__mod_rules.sml,1333,GLL,150,150,0.00,0.00,0,0,false,false,TIMEOUT,accept,
sml,MLWorks,__mod_rules.sml,1333,RNGLR,150,150,1179937.50,43562.50,16384,20,true,true,OK,accept,true
sml,MLWorks,__mod_rules.sml,1333,BRNGLR,150,150,853604.00,18354.00,16384,20,true,true,OK,accept,true
sml,MLWorks,__podium.sml,1371,Leo,150,150,1152104.00,142250.00,16384,20,true,true,OK,accept,true
sml,MLWorks,__podium.sml,1371,GLL,150,150,0.00,0.00,0,0,false,false,TIMEOUT,accept,
sml,MLWorks,__podium.sml,1371,RNGLR,150,150,1182020.50,28563.00,16384,20,true,true,OK,accept,true
sml,MLWorks,__podium.sml,1371,BRNGLR,150,150,858666.50,37084.00,16384,20,true,true,OK,accept,true
sml,MLWorks,__stub_gen_input.sml,730,Leo,152,152,1014812.50,29042.00,16384,20,true,true,OK,accept,true
sml,MLWorks,__stub_gen_input.sml,730,GLL,152,152,0.00,0.00,0,0,false,false,TIMEOUT,accept,
sml,MLWorks,__stub_gen_input.sml,730,RNGLR,152,152,274854.00,10541.50,16384,20,true,true,OK,accept,true
sml,MLWorks,__stub_gen_input.sml,730,BRNGLR,152,152,262604.50,11104.50,16384,20,true,true,OK,accept,true
sml,MLWorks,bytearray_iterate_index.sml,334,Leo,156,156,1554083.50,38375.00,16384,20,true,true,OK,accept,true
sml,MLWorks,bytearray_iterate_index.sml,334,GLL,156,156,0.00,0.00,0,0,false,false,TIMEOUT,accept,
sml,MLWorks,bytearray_iterate_index.sml,334,RNGLR,156,156,367645.50,8353.50,16384,20,true,true,OK,accept,true
sml,MLWorks,bytearray_iterate_index.sml,334,BRNGLR,156,156,337354.00,7146.00,16384,20,true,true,OK,accept,true
sml,MLWorks,array_iterate_index.sml,342,Leo,156,156,1530896.00,33792.00,16384,20,true,true,OK,accept,true
sml,MLWorks,array_iterate_index.sml,342,GLL,156,156,0.00,0.00,0,0,false,false,TIMEOUT,accept,
sml,MLWorks,array_iterate_index.sml,342,RNGLR,156,156,367603.50,5271.00,16384,20,true,true,OK,accept,true
sml,MLWorks,array_iterate_index.sml,342,BRNGLR,156,156,335166.00,6103.50,16384,20,true,true,OK,accept,true
sml,MLWorks,bytearray_duplicate.sml,529,Leo,156,156,1423854.50,23541.50,16384,20,true,true,OK,accept,true
sml,MLWorks,bytearray_duplicate.sml,529,GLL,156,156,0.00,0.00,0,0,false,false,TIMEOUT,accept,
sml,MLWorks,bytearray_duplicate.sml,529,RNGLR,156,156,340666.50,5999.50,16384,20,true,true,OK,accept,true
sml,MLWorks,bytearray_duplicate.sml,529,BRNGLR,156,156,330229.50,9292.00,16384,20,true,true,OK,accept,true
sml,MLWorks,array_duplicate.sml,545,Leo,156,156,1444583.50,33854.00,16384,20,true,true,OK,accept,true
sml,MLWorks,array_duplicate.sml,545,GLL,156,156,0.00,0.00,0,0,false,false,TIMEOUT,accept,
sml,MLWorks,array_duplicate.sml,545,RNGLR,156,156,344645.50,3687.50,16384,20,true,true,OK,accept,true
sml,MLWorks,array_duplicate.sml,545,BRNGLR,156,156,339020.50,5708.50,16384,20,true,true,OK,accept,true
sml,MLWorks,match2.sml,493,Leo,159,159,1436333.00,48187.50,32768,20,true,true,OK,accept,true
sml,MLWorks,match2.sml,493,GLL,159,159,0.00,0.00,0,0,false,false,TIMEOUT,accept,
sml,MLWorks,match2.sml,493,RNGLR,159,159,249146.00,3396.00,16384,20,true,true,OK,accept,true
sml,MLWorks,match2.sml,493,BRNGLR,159,159,249166.50,8416.00,16384,20,true,true,OK,accept,true
sml,MLWorks,absynprint.sml,790,Leo,161,161,1373167.00,52708.00,114688,20,true,true,OK,accept,true
sml,MLWorks,absynprint.sml,790,GLL,161,161,0.00,0.00,0,0,false,false,TIMEOUT,accept,
sml,MLWorks,absynprint.sml,790,RNGLR,161,161,588354.00,11812.50,16384,20,true,true,OK,accept,true
sml,MLWorks,absynprint.sml,790,BRNGLR,161,161,482729.50,17938.00,16384,20,true,true,OK,accept,true
sml,MLWorks,sml90.sml,843,Leo,162,162,2050125.50,54833.00,114688,20,true,true,OK,accept,true
sml,MLWorks,sml90.sml,843,GLL,162,162,0.00,0.00,0,0,false,false,TIMEOUT,accept,
sml,MLWorks,sml90.sml,843,RNGLR,162,162,4971062.50,33437.50,16384,20,true,true,OK,accept,true
sml,MLWorks,sml90.sml,843,BRNGLR,162,162,3480062.50,27396.00,16384,20,true,true,OK,accept,true
sml,MLWorks,bytearray_tabulate.sml,543,Leo,163,163,1570208.00,25771.00,16384,20,true,true,OK,accept,true
sml,MLWorks,bytearray_tabulate.sml,543,GLL,163,163,0.00,0.00,0,0,false,false,TIMEOUT,accept,
sml,MLWorks,bytearray_tabulate.sml,543,RNGLR,163,163,405937.50,13604.00,16384,20,true,true,OK,accept,true
sml,MLWorks,bytearray_tabulate.sml,543,BRNGLR,163,163,364312.50,3124.50,16384,20,true,true,OK,accept,true
sml,MLWorks,array_tabulate.sml,559,Leo,163,163,1560646.00,18208.50,16384,20,true,true,OK,accept,true
sml,MLWorks,array_tabulate.sml,559,GLL,163,163,0.00,0.00,0,0,false,false,TIMEOUT,accept,
sml,MLWorks,array_tabulate.sml,559,RNGLR,163,163,415000.50,23063.00,16384,20,true,true,OK,accept,true
sml,MLWorks,array_tabulate.sml,559,BRNGLR,163,163,378874.50,14250.00,16384,20,true,true,OK,accept,true
sml,MLWorks,profile.sml,722,Leo,163,163,1665958.00,32271.00,16384,20,true,true,OK,accept,true
sml,MLWorks,profile.sml,722,GLL,163,163,0.00,0.00,0,0,false,false,TIMEOUT,accept,
sml,MLWorks,profile.sml,722,RNGLR,163,163,1169479.00,34520.00,16384,20,true,true,OK,accept,true
sml,MLWorks,profile.sml,722,BRNGLR,163,163,963312.50,19938.00,16384,20,true,true,OK,accept,true
sml,MLWorks,__encapsulate.sml,1457,Leo,164,164,1067979.00,11145.50,16384,20,true,true,OK,accept,true
sml,MLWorks,__encapsulate.sml,1457,GLL,164,164,0.00,0.00,0,0,false,false,TIMEOUT,accept,
sml,MLWorks,__encapsulate.sml,1457,RNGLR,164,164,1405312.50,24521.00,16384,20,true,true,OK,accept,true
sml,MLWorks,__encapsulate.sml,1457,BRNGLR,164,164,1033062.50,20021.00,16384,20,true,true,OK,accept,true
sml,MLWorks,sys_conf.sml,894,Leo,165,165,1491646.00,24979.00,16384,20,true,true,OK,accept,true
sml,MLWorks,sys_conf.sml,894,GLL,165,165,0.00,0.00,0,0,false,false,TIMEOUT,accept,
sml,MLWorks,sys_conf.sml,894,RNGLR,165,165,1187916.50,25458.50,16384,20,true,true,OK,accept,true
sml,MLWorks,sys_conf.sml,894,BRNGLR,165,165,936875.00,13479.00,16384,20,true,true,OK,accept,true
sml,MLWorks,monoset.sml,637,Leo,167,167,1446208.50,20000.50,16384,20,true,true,OK,accept,true
sml,MLWorks,monoset.sml,637,GLL,167,167,0.00,0.00,0,0,false,false,TIMEOUT,accept,
sml,MLWorks,monoset.sml,637,RNGLR,167,167,1281458.50,23041.50,16384,20,true,true,OK,accept,true
sml,MLWorks,monoset.sml,637,BRNGLR,167,167,941396.00,14271.00,16384,20,true,true,OK,accept,true
sml,MLWorks,old_io.sml,746,Leo,167,167,2855167.00,34625.00,16384,20,true,true,OK,accept,true
sml,MLWorks,old_io.sml,746,GLL,167,167,0.00,0.00,0,0,false,false,TIMEOUT,accept,
sml,MLWorks,old_io.sml,746,RNGLR,167,167,9871125.00,34208.50,16384,20,true,true,OK,accept,true
sml,MLWorks,old_io.sml,746,BRNGLR,167,167,7427791.50,75520.50,16384,20,true,true,OK,accept,true
sml,MLWorks,floatarray_duplicate.sml,566,Leo,170,170,1521708.00,24000.00,16384,20,true,true,OK,accept,true
sml,MLWorks,floatarray_duplicate.sml,566,GLL,170,170,0.00,0.00,0,0,false,false,TIMEOUT,accept,
sml,MLWorks,floatarray_duplicate.sml,566,RNGLR,170,170,365604.00,5416.50,16384,20,true,true,OK,accept,true
sml,MLWorks,floatarray_duplicate.sml,566,BRNGLR,170,170,358437.50,11354.00,16384,20,true,true,OK,accept,true
sml,MLWorks,_bignumsize.sml,826,Leo,170,170,1475000.00,24125.00,16384,20,true,true,OK,accept,true
sml,MLWorks,_bignumsize.sml,826,GLL,170,170,0.00,0.00,0,0,false,false,TIMEOUT,accept,
sml,MLWorks,_bignumsize.sml,826,RNGLR,170,170,584021.00,10979.00,16384,20,true,true,OK,accept,true
sml,MLWorks,_bignumsize.sml,826,BRNGLR,170,170,538333.50,16834.00,16384,20,true,true,OK,accept,true
sml,MLWorks,display_level.sml,1047,Leo,171,171,1454958.50,45479.00,16384,20,true,true,OK,accept,true
sml,MLWorks,display_level.sml,1047,GLL,171,171,0.00,0.00,0,0,false,false,TIMEOUT,accept,
sml,MLWorks,display_level.sml,1047,RNGLR,171,171,720958.50,18458.50,16384,20,true,true,OK,accept,true
sml,MLWorks,display_level.sml,1047,BRNGLR,171,171,633687.00,16083.50,16384,20,true,true,OK,accept,true
sml,MLWorks,__proj_workspace.sml,1512,Leo,171,171,1158604.00,36666.50,16384,20,true,true,OK,accept,true
sml,MLWorks,__proj_workspace.sml,1512,GLL,171,171,0.00,0.00,0,0,false,false,TIMEOUT,accept,
sml,MLWorks,__proj_workspace.sml,1512,RNGLR,171,171,1592271.00,34229.00,16384,20,true,true,OK,accept,true
sml,MLWorks,__proj_workspace.sml,1512,BRNGLR,171,171,1159291.50,19083.50,16384,20,true,true,OK,accept,true
sml,MLWorks,bignum.sml,875,Leo,172,172,1719645.50,53104.00,16384,20,true,true,OK,accept,true
sml,MLWorks,bignum.sml,875,GLL,172,172,0.00,0.00,0,0,false,false,TIMEOUT,accept,
sml,MLWorks,bignum.sml,875,RNGLR,172,172,1924854.50,43000.00,16384,20,true,true,OK,accept,true
sml,MLWorks,bignum.sml,875,BRNGLR,172,172,1401187.00,41437.50,16384,20,true,true,OK,accept,true
sml,MLWorks,list_pair.sml,510,Leo,173,173,871854.50,28958.50,16384,20,true,true,OK,accept,true
sml,MLWorks,list_pair.sml,510,GLL,173,173,0.00,0.00,0,0,false,false,TIMEOUT,accept,
sml,MLWorks,list_pair.sml,510,RNGLR,173,173,320125.50,12312.50,16384,20,true,true,OK,accept,true
sml,MLWorks,list_pair.sml,510,BRNGLR,173,173,285188.00,4500.50,16384,20,true,true,OK,accept,true
sml,MLWorks,__lambda.sml,1513,Leo,173,173,1138917.00,30667.00,16384,20,true,true,OK,accept,true
sml,MLWorks,__lambda.sml,1513,GLL,173,173,0.00,0.00,0,0,false,false,TIMEOUT,accept,
sml,MLWorks,__lambda.sml,1513,RNGLR,173,173,1452750.00,40437.50,16384,20,true,true,OK,accept,true
sml,MLWorks,__lambda.sml,1513,BRNGLR,173,173,1045062.50,12208.50,16384,20,true,true,OK,accept,true
sml,MLWorks,__compiler.sml,1529,Leo,173,173,1152875.00,25625.00,16384,20,true,true,OK,accept,true
sml,MLWorks,__compiler.sml,1529,GLL,173,173,0.00,0.00,0,0,false,false,TIMEOUT,accept,
sml,MLWorks,__compiler.sml,1529,RNGLR,173,173,1416666.50,17833.50,16384,20,true,true,OK,accept,true
sml,MLWorks,__compiler.sml,1529,BRNGLR,173,173,1042479.00,9083.00,16384,20,true,true,OK,accept,true
sml,MLWorks,hashset.sml,848,Leo,175,175,1425437.50,73104.00,16384,20,true,true,OK,accept,true
sml,MLWorks,hashset.sml,848,GLL,175,175,0.00,0.00,0,0,false,false,TIMEOUT,accept,
sml,MLWorks,hashset.sml,848,RNGLR,175,175,1254896.00,8084.00,16384,20,true,true,OK,accept,true
sml,MLWorks,hashset.sml,848,BRNGLR,175,175,965125.50,29854.00,16384,20,true,true,OK,accept,true
sml,MLWorks,_win32os.sml,902,Leo,175,175,2072958.50,64729.00,16384,20,true,true,OK,accept,true
sml,MLWorks,_win32os.sml,902,GLL,175,175,0.00,0.00,0,0,false,false,TIMEOUT,accept,
sml,MLWorks,_win32os.sml,902,RNGLR,175,175,1041458.50,14813.00,16384,20,true,true,OK,accept,true
sml,MLWorks,_win32os.sml,902,BRNGLR,175,175,893853.50,16937.50,16384,20,true,true,OK,accept,true
sml,MLWorks,_basistypes.sml,878,Leo,176,176,981167.00,14979.50,16384,20,true,true,OK,accept,true
sml,MLWorks,_basistypes.sml,878,GLL,176,176,0.00,0.00,0,0,false,false,TIMEOUT,accept,
sml,MLWorks,_basistypes.sml,878,RNGLR,176,176,560812.50,11646.50,16384,20,true,true,OK,accept,true
sml,MLWorks,_basistypes.sml,878,BRNGLR,176,176,468458.50,8521.00,16384,20,true,true,OK,accept,true
sml,MLWorks,_virtualregister.sml,867,Leo,177,177,1788020.50,26770.50,16384,20,true,true,OK,accept,true
sml,MLWorks,_virtualregister.sml,867,GLL,177,177,0.00,0.00,0,0,false,false,TIMEOUT,accept,
sml,MLWorks,_virtualregister.sml,867,RNGLR,177,177,1219833.50,24020.50,16384,20,true,true,OK,accept,true
sml,MLWorks,_virtualregister.sml,867,BRNGLR,177,177,1033125.00,58749.50,16384,20,true,true,OK,accept,true
sml,MLWorks,ml_ar.sml,738,Leo,179,179,1484563.00,49146.50,16384,20,true,true,OK,accept,true
sml,MLWorks,ml_ar.sml,738,GLL,179,179,0.00,0.00,0,0,false,false,TIMEOUT,accept,
sml,MLWorks,ml_ar.sml,738,RNGLR,179,179,415937.50,14854.50,16384,20,true,true,OK,accept,true
sml,MLWorks,ml_ar.sml,738,BRNGLR,179,179,370729.50,8271.50,16384,20,true,true,OK,accept,true
sml,MLWorks,entry.sml,924,Leo,179,179,1168437.50,33521.00,16384,20,true,true,OK,accept,true
sml,MLWorks,entry.sml,924,GLL,179,179,0.00,0.00,0,0,false,false,TIMEOUT,accept,
sml,MLWorks,entry.sml,924,RNGLR,179,179,756750.00,11500.00,16384,20,true,true,OK,accept,true
sml,MLWorks,entry.sml,924,BRNGLR,179,179,610937.00,15562.50,16384,20,true,true,OK,accept,true
sml,MLWorks,floatarray_tabulate.sml,588,Leo,180,180,1681687.50,39791.50,16384,20,true,true,OK,accept,true
sml,MLWorks,floatarray_tabulate.sml,588,GLL,180,180,0.00,0.00,0,0,false,false,TIMEOUT,accept,
sml,MLWorks,floatarray_tabulate.sml,588,RNGLR,180,180,424188.00,8333.50,16384,20,true,true,OK,accept,true
sml,MLWorks,floatarray_tabulate.sml,588,BRNGLR,180,180,406750.00,12854.50,16384,20,true,true,OK,accept,true
sml,MLWorks,mirprint.sml,1021,Leo,180,180,1535916.50,26270.50,16384,20,true,true,OK,accept,true
sml,MLWorks,mirprint.sml,1021,GLL,180,180,0.00,0.00,0,0,false,false,TIMEOUT,accept,
sml,MLWorks,mirprint.sml,1021,RNGLR,180,180,1236437.50,15937.50,16384,20,true,true,OK,accept,true
sml,MLWorks,mirprint.sml,1021,BRNGLR,180,180,909396.00,12104.50,16384,20,true,true,OK,accept,true
sml,MLWorks,match1.sml,546,Leo,181,181,1695166.50,30937.50,16384,20,true,true,OK,accept,true
sml,MLWorks,match1.sml,546,GLL,181,181,0.00,0.00,0,0,false,false,TIMEOUT,accept,
sml,MLWorks,match1.sml,546,RNGLR,181,181,276292.00,5187.50,16384,20,true,true,OK,accept,true
sml,MLWorks,match1.sml,546,BRNGLR,181,181,277042.00,5583.00,16384,20,true,true,OK,accept,true
sml,MLWorks,__byte.sml,764,Leo,182,182,1578729.00,18895.50,16384,20,true,true,OK,accept,true
sml,MLWorks,__byte.sml,764,GLL,182,182,0.00,0.00,0,0,false,false,TIMEOUT,accept,
sml,MLWorks,__byte.sml,764,RNGLR,182,182,517229.50,11125.00,16384,20,true,true,OK,accept,true
sml,MLWorks,__byte.sml,764,BRNGLR,182,182,457229.50,8229.00,16384,20,true,true,OK,accept,true
sml,MLWorks,hash-table-sig.sml,786,Leo,182,182,1370083.50,44542.00,16384,20,true,true,OK,accept,true
sml,MLWorks,hash-table-sig.sml,786,GLL,182,182,0.00,0.00,0,0,false,false,TIMEOUT,accept,
sml,MLWorks,hash-table-sig.sml,786,RNGLR,182,182,677729.50,26604.50,16384,20,true,true,OK,accept,true
sml,MLWorks,hash-table-sig.sml,786,BRNGLR,182,182,535000.00,16750.00,16384,20,true,true,OK,accept,true
sml,MLWorks,constant_fold.sml,610,Leo,183,183,1639895.50,39895.50,16384,20,true,true,OK,accept,true
sml,MLWorks,constant_fold.sml,610,GLL,183,183,0.00,0.00,0,0,false,false,TIMEOUT,accept,
sml,MLWorks,constant_fold.sml,610,RNGLR,183,183,446229.50,18292.00,16384,20,true,true,OK,accept,true
sml,MLWorks,constant_fold.sml,610,BRNGLR,183,183,419396.00,12375.50,16384,20,true,true,OK,accept,true
sml,MLWorks,set.sml,726,Leo,183,183,1728666.50,64958.50,196608,20,true,true,OK,accept,true
sml,MLWorks,set.sml,726,GLL,183,183,0.00,0.00,0,0,false,false,TIMEOUT,accept,
sml,MLWorks,set.sml,726,RNGLR,183,183,965458.00,25145.50,16384,20,true,true,OK,accept,true
sml,MLWorks,set.sml,726,BRNGLR,183,183,751646.00,17687.50,16384,20,true,true,OK,accept,true
sml,MLWorks,name-sig.sml,746,Leo,184,184,1544749.50,33916.50,16384,20,true,true,OK,accept,true
sml,MLWorks,name-sig.sml,746,GLL,184,184,0.00,0.00,0,0,false,false,TIMEOUT,accept,
sml,MLWorks,name-sig.sml,746,RNGLR,184,184,936188.00,16916.50,16384,20,true,true,OK,accept,true
sml,MLWorks,name-sig.sml,746,BRNGLR,184,184,726896.00,13313.00,16384,20,true,true,OK,accept,true
sml,MLWorks,parser.sml,1018,Leo,184,184,1420250.50,26000.50,16384,20,true,true,OK,accept,true
sml,MLWorks,parser.sml,1018,GLL,184,184,0.00,0.00,0,0,false,false,TIMEOUT,accept,
sml,MLWorks,parser.sml,1018,RNGLR,184,184,851917.00,8771.00,16384,20,true,true,OK,accept,true
sml,MLWorks,parser.sml,1018,BRNGLR,184,184,681729.50,10937.50,16384,20,true,true,OK,accept,true
sml,MLWorks,unify.sml,907,Leo,186,186,1231354.00,29958.00,16384,20,true,true,OK,accept,true
sml,MLWorks,unify.sml,907,GLL,186,186,0.00,0.00,0,0,false,false,TIMEOUT,accept,
sml,MLWorks,unify.sml,907,RNGLR,186,186,355083.50,6417.00,16384,20,true,true,OK,accept,true
sml,MLWorks,unify.sml,907,BRNGLR,186,186,326208.00,6312.00,16384,20,true,true,OK,accept,true
sml,MLWorks,__assemblies.sml,1266,Leo,186,186,1430833.50,153063.00,16384,20,true,true,OK,accept,true
sml,MLWorks,__assemblies.sml,1266,GLL,186,186,0.00,0.00,0,0,false,false,TIMEOUT,accept,
sml,MLWorks,__assemblies.sml,1266,RNGLR,186,186,937750.00,12833.00,16384,20,true,true,OK,accept,true
sml,MLWorks,__assemblies.sml,1266,BRNGLR,186,186,746875.00,12646.00,16384,20,true,true,OK,accept,true
sml,MLWorks,__clock.sml,976,Leo,187,187,1613521.00,27625.00,114688,20,true,true,OK,accept,true
sml,MLWorks,__clock.sml,976,GLL,187,187,0.00,0.00,0,0,false,false,TIMEOUT,accept,
sml,MLWorks,__clock.sml,976,RNGLR,187,187,593937.50,6500.00,16384,20,true,true,OK,accept,true
sml,MLWorks,__clock.sml,976,BRNGLR,187,187,562750.00,23104.00,16384,20,true,true,OK,accept,true
sml,MLWorks,ndbm.sml,1010,Leo,188,188,2269354.50,31583.50,16384,20,true,true,OK,accept,true
sml,MLWorks,ndbm.sml,1010,GLL,188,188,0.00,0.00,0,0,false,false,TIMEOUT,accept,
sml,MLWorks,ndbm.sml,1010,RNGLR,188,188,2823541.50,12875.00,16384,20,true,true,OK,accept,true
sml,MLWorks,ndbm.sml,1010,BRNGLR,188,188,2044895.50,16020.50,16384,20,true,true,OK,accept,true
sml,MLWorks,__normal.sml,783,Leo,189,189,1414895.50,20042.00,16384,20,true,true,OK,accept,true
sml,MLWorks,__normal.sml,783,GLL,189,189,0.00,0.00,0,0,false,false,TIMEOUT,accept,
sml,MLWorks,__normal.sml,783,RNGLR,189,189,479562.00,27604.50,16384,20,true,true,OK,accept,true
sml,MLWorks,__normal.sml,783,BRNGLR,189,189,421104.00,10937.50,16384,20,true,true,OK,accept,true
sml,MLWorks,ml_debugger.sml,1035,Leo,189,189,1157125.00,23229.50,16384,20,true,true,OK,accept,true
sml,MLWorks,ml_debugger.sml,1035,GLL,189,189,0.00,0.00,0,0,false,false,TIMEOUT,accept,
sml,MLWorks,ml_debugger.sml,1035,RNGLR,189,189,518625.50,9938.00,16384,20,true,true,OK,accept,true
sml,MLWorks,ml_debugger.sml,1035,BRNGLR,189,189,431437.50,5687.00,16384,20,true,true,OK,accept,true
sml,MLWorks,registerallocator.sml,747,Leo,190,190,777333.00,8083.00,16384,20,true,true,OK,accept,true
sml,MLWorks,registerallocator.sml,747,GLL,190,190,0.00,0.00,0,0,false,false,TIMEOUT,accept,
sml,MLWorks,registerallocator.sml,747,RNGLR,190,190,255583.00,2854.00,16384,20,true,true,OK,accept,true
sml,MLWorks,registerallocator.sml,747,BRNGLR,190,190,246958.50,3875.50,16384,20,true,true,OK,accept,true
sml,MLWorks,__c_structure.sml,999,Leo,190,190,1377104.00,21937.50,16384,20,true,true,OK,accept,true
sml,MLWorks,__c_structure.sml,999,GLL,190,190,0.00,0.00,0,0,false,false,TIMEOUT,accept,
sml,MLWorks,__c_structure.sml,999,RNGLR,190,190,704562.50,9562.50,16384,20,true,true,OK,accept,true
sml,MLWorks,__c_structure.sml,999,BRNGLR,190,190,603125.00,9145.50,16384,20,true,true,OK,accept,true
sml,MLWorks,valenv.sml,1047,Leo,190,190,1757583.50,27062.50,16384,20,true,true,OK,accept,true
sml,MLWorks,valenv.sml,1047,GLL,190,190,0.00,0.00,0,0,false,false,TIMEOUT,accept,
sml,MLWorks,valenv.sml,1047,RNGLR,190,190,933000.50,14416.50,16384,20,true,true,OK,accept,true
sml,MLWorks,valenv.sml,1047,BRNGLR,190,190,718229.50,10271.50,16384,20,true,true,OK,accept,true
sml,MLWorks,inthashtable.sml,649,Leo,191,191,1248729.00,22291.50,16384,20,true,true,OK,accept,true
sml,MLWorks,inthashtable.sml,649,GLL,191,191,0.00,0.00,0,0,false,false,TIMEOUT,accept,
sml,MLWorks,inthashtable.sml,649,RNGLR,191,191,751312.50,7250.00,16384,20,true,true,OK,accept,true
sml,MLWorks,inthashtable.sml,649,BRNGLR,191,191,591645.50,11374.50,16384,20,true,true,OK,accept,true
sml,MLWorks,os_file_sys.sml,941,Leo,191,191,1613146.00,23813.00,16384,20,true,true,OK,accept,true
sml,MLWorks,os_file_sys.sml,941,GLL,191,191,0.00,0.00,0,0,false,false,TIMEOUT,accept,
sml,MLWorks,os_file_sys.sml,941,RNGLR,191,191,2073145.50,13270.50,16384,20,true,true,OK,accept,true
sml,MLWorks,os_file_sys.sml,941,BRNGLR,191,191,1485604.50,11208.00,16384,20,true,true,OK,accept,true
sml,MLWorks,pack_words.sml,574,Leo,192,192,5847021.00,165124.50,98304,20,true,true,OK,accept,true
sml,MLWorks,pack_words.sml,574,GLL,192,192,0.00,0.00,0,0,false,false,TIMEOUT,accept,
sml,MLWorks,pack_words.sml,574,RNGLR,192,192,11895542.00,126000.00,16384,20,true,true,OK,accept,true
sml,MLWorks,pack_words.sml,574,BRNGLR,192,192,8655687.50,20104.50,81920,20,true,true,OK,accept,true
sml,MLWorks,_pack_words_big.sml,867,Leo,192,192,2402458.00,24645.50,16384,20,true,true,OK,accept,true
sml,MLWorks,_pack_words_big.sml,867,GLL,192,192,0.00,0.00,0,0,false,false,TIMEOUT,accept,
sml,MLWorks,_pack_words_big.sml,867,RNGLR,192,192,2481437.50,22833.50,16384,20,true,true,OK,accept,true
sml,MLWorks,_pack_words_big.sml,867,BRNGLR,192,192,1887458.50,12083.00,16384,20,true,true,OK,accept,true
sml,MLWorks,_pack_words_little.sml,896,Leo,192,192,2389520.50,25062.00,16384,20,true,true,OK,accept,true
sml,MLWorks,_pack_words_little.sml,896,GLL,192,192,0.00,0.00,0,0,false,false,TIMEOUT,accept,
sml,MLWorks,_pack_words_little.sml,896,RNGLR,192,192,2481667.00,18521.50,16384,20,true,true,OK,accept,true
sml,MLWorks,_pack_words_little.sml,896,BRNGLR,192,192,1898729.00,21396.00,16384,20,true,true,OK,accept,true
sml,MLWorks,info.sml,952,Leo,192,192,1587916.00,20395.50,16384,20,true,true,OK,accept,true
sml,MLWorks,info.sml,952,GLL,192,192,0.00,0.00,0,0,false,false,TIMEOUT,accept,
sml,MLWorks,info.sml,952,RNGLR,192,192,926646.00,15313.00,16384,20,true,true,OK,accept,true
sml,MLWorks,info.sml,952,BRNGLR,192,192,752541.50,9333.00,16384,20,true,true,OK,accept,true
sml,MLWorks,aliens.sml,1261,Leo,196,196,1912104.00,17416.50,32768,20,true,true,OK,accept,true
sml,MLWorks,aliens.sml,1261,GLL,196,196,0.00,0.00,0,0,false,false,TIMEOUT,accept,
sml,MLWorks,aliens.sml,1261,RNGLR,196,196,3046958.50,28000.00,16384,20,true,true,OK,accept,true
sml,MLWorks,aliens.sml,1261,BRNGLR,196,196,2165625.00,29979.00,16384,20,true,true,OK,accept,true
sml,MLWorks,i386types.sml,979,Leo,198,198,1216979.00,15583.50,16384,20,true,true,OK,accept,true
sml,MLWorks,i386types.sml,979,GLL,198,198,0.00,0.00,0,0,false,false,TIMEOUT,accept,
sml,MLWorks,i386types.sml,979,RNGLR,198,198,1521021.00,25000.00,16384,20,true,true,OK,accept,true
sml,MLWorks,i386types.sml,979,BRNGLR,198,198,1106458.00,18916.50,16384,20,true,true,OK,accept,true
sml,MLWorks,division.sml,561,Leo,199,199,1412667.00,13354.50,16384,20,true,true,OK,accept,true
sml,MLWorks,division.sml,561,GLL,199,199,0.00,0.00,0,0,false,false,TIMEOUT,accept,
sml,MLWorks,division.sml,561,RNGLR,199,199,403375.00,2437.50,16384,20,true,true,OK,accept,true
sml,MLWorks,division.sml,561,BRNGLR,199,199,403521.00,11625.00,16384,20,true,true,OK,accept,true
sml,MLWorks,__bool.sml,760,Leo,200,200,1464645.50,30354.00,16384,20,true,true,OK,accept,true
sml,MLWorks,__bool.sml,760,GLL,200,200,0.00,0.00,0,0,false,false,TIMEOUT,accept,
sml,MLWorks,__bool.sml,760,RNGLR,200,200,409666.50,8354.00,16384,20,true,true,OK,accept,true
sml,MLWorks,__bool.sml,760,BRNGLR,200,200,386770.50,8937.00,16384,20,true,true,OK,accept,true
sml,MLWorks,__signature.sml,777,Leo,200,200,1618895.50,39000.00,16384,20,true,true,OK,accept,true
sml,MLWorks,__signature.sml,777,GLL,200,200,0.00,0.00,0,0,false,false,TIMEOUT,accept,
sml,MLWorks,__signature.sml,777,RNGLR,200,200,672312.50,23937.50,16384,20,true,true,OK,accept,true
sml,MLWorks,__signature.sml,777,BRNGLR,200,200,577937.50,12083.50,16384,20,true,true,OK,accept,true
sml,MLWorks,__shell_utils.sml,1709,Leo,200,200,1333750.00,31583.00,16384,20,true,true,OK,accept,true
sml,MLWorks,__shell_utils.sml,1709,GLL,200,200,0.00,0.00,0,0,false,false,TIMEOUT,accept,
sml,MLWorks,__shell_utils.sml,1709,RNGLR,200,200,2132729.00,24396.00,16384,20,true,true,OK,accept,true
sml,MLWorks,__shell_utils.sml,1709,BRNGLR,200,200,1589583.50,42750.50,16384,20,true,true,OK,accept,true
sml,MLWorks,_regexp.sml,769,Leo,201,201,1818875.50,27813.00,16384,20,true,true,OK,accept,true
sml,MLWorks,_regexp.sml,769,GLL,201,201,0.00,0.00,0,0,false,false,TIMEOUT,accept,
sml,MLWorks,_regexp.sml,769,RNGLR,201,201,693312.50,4708.50,16384,20,true,true,OK,accept,true
sml,MLWorks,_regexp.sml,769,BRNGLR,201,201,641771.00,9333.50,16384,20,true,true,OK,accept,true
sml,MLWorks,_diagnostic.sml,978,Leo,202,202,1641104.00,23604.00,16384,20,true,true,OK,accept,true
sml,MLWorks,_diagnostic.sml,978,GLL,202,202,0.00,0.00,0,0,false,false,TIMEOUT,accept,
sml,MLWorks,_diagnostic.sml,978,RNGLR,202,202,677146.00,10374.50,16384,20,true,true,OK,accept,true
sml,MLWorks,_diagnostic.sml,978,BRNGLR,202,202,597666.50,11979.50,16384,20,true,true,OK,accept,true
sml,MLWorks,fi_int_abs_syn.sml,1150,Leo,204,204,1219312.50,17312.50,16384,20,true,true,OK,accept,true
sml,MLWorks,fi_int_abs_syn.sml,1150,GLL,204,204,0.00,0.00,0,0,false,false,TIMEOUT,accept,
sml,MLWorks,fi_int_abs_syn.sml,1150,RNGLR,204,204,460271.00,6187.50,16384,20,true,true,OK,accept,true
sml,MLWorks,fi_int_abs_syn.sml,1150,BRNGLR,204,204,394916.50,8145.50,16384,20,true,true,OK,accept,true
sml,MLWorks,group_dag.sml,1115,Leo,205,205,1159250.50,36750.00,16384,20,true,true,OK,accept,true
sml,MLWorks,group_dag.sml,1115,GLL,205,205,0.00,0.00,0,0,false,false,TIMEOUT,accept,
sml,MLWorks,group_dag.sml,1115,RNGLR,205,205,454750.00,6375.00,16384,20,true,true,OK,accept,true
sml,MLWorks,group_dag.sml,1115,BRNGLR,205,205,398729.00,7958.00,16384,20,true,true,OK,accept,true
sml,MLWorks,threads.sml,967,Leo,207,207,1432270.50,56229.00,16384,20,true,true,OK,accept,true
sml,MLWorks,threads.sml,967,GLL,207,207,0.00,0.00,0,0,false,false,TIMEOUT,accept,
sml,MLWorks,threads.sml,967,RNGLR,207,207,694375.00,17000.00,16384,20,true,true,OK,accept,true
sml,MLWorks,threads.sml,967,BRNGLR,207,207,575854.00,18791.00,16384,20,true,true,OK,accept,true
sml,MLWorks,bytearray_substring.sml,752,Leo,208,208,2472187.50,54375.00,16384,20,true,true,OK,accept,true
sml,MLWorks,bytearray_substring.sml,752,GLL,208,208,0.00,0.00,0,0,false,false,TIMEOUT,accept,
sml,MLWorks,bytearray_substring.sml,752,RNGLR,208,208,646271.00,6624.50,16384,20,true,true,OK,accept,true
sml,MLWorks,bytearray_substring.sml,752,BRNGLR,208,208,599479.00,18375.00,16384,20,true,true,OK,accept,true
sml,MLWorks,floatarray_substring.sml,752,Leo,208,208,2488396.00,61167.00,16384,20,true,true,OK,accept,true
sml,MLWorks,floatarray_substring.sml,752,GLL,208,208,0.00,0.00,0,0,false,false,TIMEOUT,accept,
sml,MLWorks,floatarray_substring.sml,752,RNGLR,208,208,658083.50,10354.50,16384,20,true,true,OK,accept,true
sml,MLWorks,floatarray_substring.sml,752,BRNGLR,208,208,605479.50,21021.00,16384,20,true,true,OK,accept,true
sml,MLWorks,word8.sml,731,Leo,209,209,5660187.50,111166.50,114688,20,true,true,OK,accept,true
sml,MLWorks,word8.sml,731,GLL,209,209,0.00,0.00,0,0,false,false,TIMEOUT,accept,
sml,MLWorks,word8.sml,731,RNGLR,209,209,4997937.50,20375.50,16384,20,true,true,OK,accept,true
sml,MLWorks,word8.sml,731,BRNGLR,209,209,3585104.00,22187.50,16384,20,true,true,OK,accept,true
sml,MLWorks,word16.sml,737,Leo,209,209,5556374.50,24979.50,16384,20,true,true,OK,accept,true
sml,MLWorks,word16.sml,737,GLL,209,209,0.00,0.00,0,0,false,false,TIMEOUT,accept,
sml,MLWorks,word16.sml,737,RNGLR,209,209,4981791.50,36020.50,16384,20,true,true,OK,accept,true
sml,MLWorks,word16.sml,737,BRNGLR,209,209,3753021.00,166166.50,16384,20,true,true,OK,accept,true
sml,MLWorks,token.sml,941,Leo,209,209,1108062.00,11917.00,16384,20,true,true,OK,accept,true
sml,MLWorks,token.sml,941,GLL,209,209,0.00,0.00,0,0,false,false,TIMEOUT,accept,
sml,MLWorks,token.sml,941,RNGLR,209,209,216812.50,2625.00,16384,20,true,true,OK,accept,true
sml,MLWorks,token.sml,941,BRNGLR,209,209,220833.50,7000.00,16384,20,true,true,OK,accept,true
sml,MLWorks,toplevel.sml,1233,Leo,211,211,2206249.50,57542.00,16384,20,true,true,OK,accept,true
sml,MLWorks,toplevel.sml,1233,GLL,211,211,0.00,0.00,0,0,false,false,TIMEOUT,accept,
sml,MLWorks,toplevel.sml,1233,RNGLR,211,211,1510874.50,32374.50,16384,20,true,true,OK,accept,true
sml,MLWorks,toplevel.sml,1233,BRNGLR,211,211,1170812.50,17041.50,16384,20,true,true,OK,accept,true
sml,MLWorks,__shell_structure.sml,1925,Leo,213,213,1461958.50,31271.00,16384,20,true,true,OK,accept,true
sml,MLWorks,__shell_structure.sml,1925,GLL,213,213,0.00,0.00,0,0,false,false,TIMEOUT,accept,
sml,MLWorks,__shell_structure.sml,1925,RNGLR,213,213,2803021.00,37833.00,16384,20,true,true,OK,accept,true
sml,MLWorks,__shell_structure.sml,1925,BRNGLR,213,213,2134500.00,72479.50,16384,20,true,true,OK,accept,true
sml,MLWorks,__pre_basis.sml,835,Leo,214,214,2153083.00,96125.00,16384,20,true,true,OK,accept,true
sml,MLWorks,__pre_basis.sml,835,GLL,214,214,0.00,0.00,0,0,false,false,TIMEOUT,accept,
sml,MLWorks,__pre_basis.sml,835,RNGLR,214,214,725291.50,15083.50,16384,20,true,true,OK,accept,true
sml,MLWorks,__pre_basis.sml,835,BRNGLR,214,214,675499.50,15833.50,16384,20,true,true,OK,accept,true
sml,MLWorks,_mir_env.sml,1048,Leo,215,215,1794270.50,26958.00,16384,20,true,true,OK,accept,true
sml,MLWorks,_mir_env.sml,1048,GLL,215,215,0.00,0.00,0,0,false,false,TIMEOUT,accept,
sml,MLWorks,_mir_env.sml,1048,RNGLR,215,215,898583.50,24603.50,16384,20,true,true,OK,accept,true
sml,MLWorks,_mir_env.sml,1048,BRNGLR,215,215,749958.50,15292.00,16384,20,true,true,OK,accept,true
sml,MLWorks,int32_2.sml,712,Leo,216,216,6495979.50,225083.50,16384,20,true,true,OK,accept,true
sml,MLWorks,int32_2.sml,712,GLL,216,216,0.00,0.00,0,0,false,false,TIMEOUT,accept,
sml,MLWorks,int32_2.sml,712,RNGLR,216,216,5607521.00,100958.00,16384,20,true,true,OK,accept,true
sml,MLWorks,int32_2.sml,712,BRNGLR,216,216,3994792.00,34583.50,16384,20,true,true,OK,accept,true
sml,MLWorks,runtime_env.sml,1056,Leo,216,216,1636250.50,21896.00,16384,20,true,true,OK,accept,true
sml,MLWorks,runtime_env.sml,1056,GLL,216,216,0.00,0.00,0,0,false,false,TIMEOUT,accept,
sml,MLWorks,runtime_env.sml,1056,RNGLR,216,216,477166.50,6854.50,16384,20,true,true,OK,accept,true
sml,MLWorks,runtime_env.sml,1056,BRNGLR,216,216,448479.50,8312.50,16384,20,true,true,OK,accept,true
sml,MLWorks,c_item_tree_sig.sml,1167,Leo,219,219,1854104.00,21646.00,16384,20,true,true,OK,accept,true
sml,MLWorks,c_item_tree_sig.sml,1167,GLL,219,219,0.00,0.00,0,0,false,false,TIMEOUT,accept,
sml,MLWorks,c_item_tree_sig.sml,1167,RNGLR,219,219,768812.50,8542.00,16384,20,true,true,OK,accept,true
sml,MLWorks,c_item_tree_sig.sml,1167,BRNGLR,219,219,641312.50,13687.50,16384,20,true,true,OK,accept,true
sml,MLWorks,os_process_exit_0.sml,654,Leo,220,220,5143729.00,42604.50,16384,20,true,true,OK,accept,true
sml,MLWorks,os_process_exit_0.sml,654,GLL,220,220,0.00,0.00,0,0,false,false,TIMEOUT,accept,
sml,MLWorks,os_process_exit_0.sml,654,RNGLR,220,220,18430875.00,259021.00,131072,20,true,true,OK,accept,true
sml,MLWorks,os_process_exit_0.sml,654,BRNGLR,220,220,13482708.00,25542.00,16384,20,true,true,OK,accept,true
sml,MLWorks,__text_stream_io.sml,802,Leo,220,220,1610208.00,34270.00,16384,20,true,true,OK,accept,true
sml,MLWorks,__text_stream_io.sml,802,GLL,220,220,0.00,0.00,0,0,false,false,TIMEOUT,accept,
sml,MLWorks,__text_stream_io.sml,802,RNGLR,220,220,564104.00,126249.50,16384,20,true,true,OK,accept,true
sml,MLWorks,__text_stream_io.sml,802,BRNGLR,220,220,491583.00,56457.50,16384,20,true,true,OK,accept,true
sml,MLWorks,intermake.sml,1132,Leo,220,220,1985417.00,77938.00,16384,20,true,true,OK,accept,true
sml,MLWorks,intermake.sml,1132,GLL,220,220,0.00,0.00,0,0,false,false,TIMEOUT,accept,
sml,MLWorks,intermake.sml,1132,RNGLR,220,220,763833.00,3395.50,16384,20,true,true,OK,accept,true
sml,MLWorks,intermake.sml,1132,BRNGLR,220,220,680687.50,4792.00,16384,20,true,true,OK,accept,true
sml,MLWorks,preferences.sml,1456,Leo,223,223,974458.50,14521.00,16384,20,true,true,OK,accept,true
sml,MLWorks,preferences.sml,1456,GLL,223,223,0.00,0.00,0,0,false,false,TIMEOUT,accept,
sml,MLWorks,preferences.sml,1456,RNGLR,223,223,451667.00,6021.00,16384,20,true,true,OK,accept,true
sml,MLWorks,preferences.sml,1456,BRNGLR,223,223,396354.00,2041.50,16384,20,true,true,OK,accept,true
sml,MLWorks,bool.sml,1069,Leo,225,225,2193125.00,30000.00,16384,20,true,true,OK,accept,true
sml,MLWorks,bool.sml,1069,GLL,225,225,0.00,0.00,0,0,false,false,TIMEOUT,accept,
sml,MLWorks,bool.sml,1069,RNGLR,225,225,1222937.50,25188.00,16384,20,true,true,OK,accept,true
sml,MLWorks,bool.sml,1069,BRNGLR,225,225,1218104.50,39333.00,16384,20,true,true,OK,accept,true
sml,MLWorks,__prime.sml,774,Leo,227,227,1874479.00,50854.00,16384,20,true,true,OK,accept,true
sml,MLWorks,__prime.sml,774,GLL,227,227,0.00,0.00,0,0,false,false,TIMEOUT,accept,
sml,MLWorks,__prime.sml,774,RNGLR,227,227,499917.00,6708.00,16384,20,true,true,OK,accept,true
sml,MLWorks,__prime.sml,774,BRNGLR,227,227,476958.50,12541.50,16384,20,true,true,OK,accept,true
sml,MLWorks,identprint.sml,1311,Leo,230,230,2227771.00,33458.50,16384,20,true,true,OK,accept,true
sml,MLWorks,identprint.sml,1311,GLL,230,230,0.00,0.00,0,0,false,false,TIMEOUT,accept,
sml,MLWorks,identprint.sml,1311,RNGLR,230,230,1456562.50,19020.50,16384,20,true,true,OK,accept,true
sml,MLWorks,identprint.sml,1311,BRNGLR,230,230,1115229.50,11854.00,16384,20,true,true,OK,accept,true
sml,MLWorks,__toplevel.sml,2062,Leo,236,236,1662125.00,48562.00,49152,20,true,true,OK,accept,true
sml,MLWorks,__toplevel.sml,2062,GLL,236,236,0.00,0.00,0,0,false,false,TIMEOUT,accept,
sml,MLWorks,__toplevel.sml,2062,RNGLR,236,236,3364479.00,59062.50,16384,20,true,true,OK,accept,true
sml,MLWorks,__toplevel.sml,2062,BRNGLR,236,236,2410000.00,35625.50,16384,20,true,true,OK,accept,true
sml,MLWorks,_fi_parser.sml,1251,Leo,237,237,1743645.50,22125.00,16384,20,true,true,OK,accept,true
sml,MLWorks,_fi_parser.sml,1251,GLL,237,237,0.00,0.00,0,0,false,false,TIMEOUT,accept,
sml,MLWorks,_fi_parser.sml,1251,RNGLR,237,237,551563.00,8187.50,16384,20,true,true,OK,accept,true
sml,MLWorks,_fi_parser.sml,1251,BRNGLR,237,237,483833.00,5875.00,16384,20,true,true,OK,accept,true
sml,MLWorks,floor.sml,948,Leo,238,238,3002375.00,21291.00,16384,20,true,true,OK,accept,true
sml,MLWorks,floor.sml,948,GLL,238,238,0.00,0.00,0,0,false,false,TIMEOUT,accept,
sml,MLWorks,floor.sml,948,RNGLR,238,238,2966333.50,53313.00,16384,20,true,true,OK,accept,true
sml,MLWorks,floor.sml,948,BRNGLR,238,238,2395541.50,38999.50,16384,20,true,true,OK,accept,true
sml,MLWorks,interpreter_export_filter.sml,1923,Leo,239,239,2934083.50,69645.50,16384,20,true,true,OK,accept,true
sml,MLWorks,interpreter_export_filter.sml,1923,GLL,239,239,0.00,0.00,0,0,false,false,TIMEOUT,accept,
sml,MLWorks,interpreter_export_filter.sml,1923,RNGLR,239,239,2820145.50,52708.00,16384,20,true,true,OK,accept,true
sml,MLWorks,interpreter_export_filter.sml,1923,BRNGLR,239,239,2149375.00,16729.00,16384,20,true,true,OK,accept,true
sml,MLWorks,stream_io_2.sml,869,Leo,241,241,2102291.50,13396.00,16384,20,true,true,OK,accept,true
sml,MLWorks,stream_io_2.sml,869,GLL,241,241,0.00,0.00,0,0,false,false,TIMEOUT,accept,
sml,MLWorks,stream_io_2.sml,869,RNGLR,241,241,1746395.50,13125.50,16384,20,true,true,OK,accept,true
sml,MLWorks,stream_io_2.sml,869,BRNGLR,241,241,1527771.00,11979.00,16384,20,true,true,OK,accept,true
sml,MLWorks,_runtime_env.sml,1220,Leo,242,242,2092666.50,14229.00,16384,20,true,true,OK,accept,true
sml,MLWorks,_runtime_env.sml,1220,GLL,242,242,0.00,0.00,0,0,false,false,TIMEOUT,accept,
sml,MLWorks,_runtime_env.sml,1220,RNGLR,242,242,797688.00,8812.50,16384,20,true,true,OK,accept,true
sml,MLWorks,_runtime_env.sml,1220,BRNGLR,242,242,683333.00,4500.00,16384,20,true,true,OK,accept,true
sml,MLWorks,__incremental.sml,1659,Leo,242,242,1853291.50,18312.00,16384,20,true,true,OK,accept,true
sml,MLWorks,__incremental.sml,1659,GLL,242,242,0.00,0.00,0,0,false,false,TIMEOUT,accept,
sml,MLWorks,__incremental.sml,1659,RNGLR,242,242,961854.50,9854.50,16384,20,true,true,OK,accept,true
sml,MLWorks,__incremental.sml,1659,BRNGLR,242,242,822249.50,11561.50,16384,20,true,true,OK,accept,true
sml,MLWorks,vector.sml,824,Leo,244,244,1723375.00,22979.00,16384,20,true,true,OK,accept,true
sml,MLWorks,vector.sml,824,GLL,244,244,0.00,0.00,0,0,false,false,TIMEOUT,accept,
sml,MLWorks,vector.sml,824,RNGLR,244,244,843250.00,4479.00,16384,20,true,true,OK,accept,true
sml,MLWorks,vector.sml,824,BRNGLR,244,244,717479.50,4542.00,16384,20,true,true,OK,accept,true
sml,MLWorks,dirent.sml,1615,Leo,246,246,3564396.00,34271.00,32768,20,true,true,OK,accept,true
sml,MLWorks,dirent.sml,1615,GLL,246,246,0.00,0.00,0,0,false,false,TIMEOUT,accept,
sml,MLWorks,dirent.sml,1615,RNGLR,246,246,7150708.50,78229.00,16384,20,true,true,OK,accept,true
sml,MLWorks,dirent.sml,1615,BRNGLR,246,246,6888083.50,856021.00,16384,20,true,true,OK,accept,true
sml,MLWorks,commonio.sml,1022,Leo,248,248,4260083.50,871166.50,16384,20,true,true,OK,accept,true
sml,MLWorks,commonio.sml,1022,GLL,248,248,0.00,0.00,0,0,false,false,TIMEOUT,accept,
sml,MLWorks,commonio.sml,1022,RNGLR,248,248,2259958.50,190084.00,16384,20,true,true,OK,accept,true
sml,MLWorks,commonio.sml,1022,BRNGLR,248,248,1639167.00,13208.50,16384,20,true,true,OK,accept,true
sml,MLWorks,c_store.sml,1282,Leo,248,248,1659458.50,12938.00,16384,20,true,true,OK,accept,true
sml,MLWorks,c_store.sml,1282,GLL,248,248,0.00,0.00,0,0,false,false,TIMEOUT,accept,
sml,MLWorks,c_store.sml,1282,RNGLR,248,248,1919562.50,10625.00,16384,20,true,true,OK,accept,true
sml,MLWorks,c_store.sml,1282,BRNGLR,248,248,1460229.50,14354.50,16384,20,true,true,OK,accept,true
sml,MLWorks,actionfunctions.sml,1468,Leo,249,249,2783645.50,111333.00,16384,20,true,true,OK,accept,true
sml,MLWorks,actionfunctions.sml,1468,GLL,249,249,0.00,0.00,0,0,false,false,TIMEOUT,accept,
sml,MLWorks,actionfunctions.sml,1468,RNGLR,249,249,5003271.00,1164646.00,16384,20,true,true,OK,accept,true
sml,MLWorks,actionfunctions.sml,1468,BRNGLR,249,249,2780875.00,207437.50,16384,20,true,true,OK,accept,true
sml,MLWorks,options.sml,1635,Leo,250,250,908250.00,51958.00,16384,20,true,true,OK,accept,true
sml,MLWorks,options.sml,1635,GLL,250,250,0.00,0.00,0,0,false,false,TIMEOUT,accept,
sml,MLWorks,options.sml,1635,RNGLR,250,250,476708.50,6437.50,16384,20,true,true,OK,accept,true
sml,MLWorks,options.sml,1635,BRNGLR,250,250,426625.00,5667.00,16384,20,true,true,OK,accept,true
sml,MLWorks,array_bounds.sml,811,Leo,251,251,1840562.50,19771.00,16384,20,true,true,OK,accept,true
sml,MLWorks,array_bounds.sml,811,GLL,251,251,0.00,0.00,0,0,false,false,TIMEOUT,accept,
sml,MLWorks,array_bounds.sml,811,RNGLR,251,251,814187.50,6542.00,16384,20,true,true,OK,accept,true
sml,MLWorks,array_bounds.sml,811,BRNGLR,251,251,749229.50,9271.00,16384,20,true,true,OK,accept,true
sml,MLWorks,vector_sub.sml,804,Leo,256,256,1909583.50,12375.00,16384,20,true,true,OK,accept,true
sml,MLWorks,vector_sub.sml,804,GLL,256,256,0.00,0.00,0,0,false,false,TIMEOUT,accept,
sml,MLWorks,vector_sub.sml,804,RNGLR,256,256,464833.00,6729.00,16384,20,true,true,OK,accept,true
sml,MLWorks,vector_sub.sml,804,BRNGLR,256,256,452917.00,4479.50,16384,20,true,true,OK,accept,true
sml,MLWorks,__cipher.sml,1076,Leo,257,257,2392521.00,25209.00,16384,20,true,true,OK,accept,true
sml,MLWorks,__cipher.sml,1076,GLL,257,257,0.00,0.00,0,0,false,false,TIMEOUT,accept,
sml,MLWorks,__cipher.sml,1076,RNGLR,257,257,737937.50,3854.00,16384,20,true,true,OK,accept,true
sml,MLWorks,__cipher.sml,1076,BRNGLR,257,257,678124.50,6708.50,16384,20,true,true,OK,accept,true
sml,MLWorks,hashtable.sml,1046,Leo,258,258,1313438.00,24646.00,16384,20,true,true,OK,accept,true
sml,MLWorks,hashtable.sml,1046,GLL,258,258,0.00,0.00,0,0,false,false,TIMEOUT,accept,
sml,MLWorks,hashtable.sml,1046,RNGLR,258,258,686333.50,7291.50,16384,20,true,true,OK,accept,true
sml,MLWorks,hashtable.sml,1046,BRNGLR,258,258,573271.00,3604.00,16384,20,true,true,OK,accept,true
sml,MLWorks,__timer.sml,980,Leo,262,262,1955083.00,8812.50,16384,20,true,true,OK,accept,true
sml,MLWorks,__timer.sml,980,GLL,262,262,0.00,0.00,0,0,false,false,TIMEOUT,accept,
sml,MLWorks,__timer.sml,980,RNGLR,262,262,1088771.00,9666.00,16384,20,true,true,OK,accept,true
sml,MLWorks,__timer.sml,980,BRNGLR,262,262,906395.50,8395.50,16384,20,true,true,OK,accept,true
sml,MLWorks,ieeetest.sml,1038,Leo,265,265,6459020.50,2108478.50,16384,20,true,true,OK,accept,true
sml,MLWorks,ieeetest.sml,1038,GLL,265,265,0.00,0.00,0,0,false,false,TIMEOUT,accept,
sml,MLWorks,ieeetest.sml,1038,RNGLR,265,265,4287458.00,116854.00,16384,20,true,true,OK,accept,true
sml,MLWorks,ieeetest.sml,1038,BRNGLR,265,265,3629667.00,147104.50,16384,20,true,true,OK,accept,true
sml,MLWorks,__mlworks_timer.sml,1158,Leo,265,265,2460167.00,38979.50,16384,20,true,true,OK,accept,true
sml,MLWorks,__mlworks_timer.sml,1158,GLL,265,265,0.00,0.00,0,0,false,false,TIMEOUT,accept,
sml,MLWorks,__mlworks_timer.sml,1158,RNGLR,265,265,595271.00,23604.50,16384,20,true,true,OK,accept,true
sml,MLWorks,__mlworks_timer.sml,1158,BRNGLR,265,265,539125.50,8021.00,16384,20,true,true,OK,accept,true
sml,MLWorks,_mlworks_c_pointer.sml,974,Leo,266,266,3128937.50,122958.50,16384,20,true,true,OK,accept,true
sml,MLWorks,_mlworks_c_pointer.sml,974,GLL,266,266,0.00,0.00,0,0,false,false,TIMEOUT,accept,
sml,MLWorks,_mlworks_c_pointer.sml,974,RNGLR,266,266,1722958.00,198728.50,16384,20,true,true,OK,accept,true
sml,MLWorks,_mlworks_c_pointer.sml,974,BRNGLR,266,266,1413687.50,106166.50,16384,20,true,true,OK,accept,true
sml,MLWorks,bytearray_subarray.sml,953,Leo,267,267,3216312.50,146625.00,16384,20,true,true,OK,accept,true
sml,MLWorks,bytearray_subarray.sml,953,GLL,267,267,0.00,0.00,0,0,false,false,TIMEOUT,accept,
sml,MLWorks,bytearray_subarray.sml,953,RNGLR,267,267,798062.50,17791.50,16384,20,true,true,OK,accept,true
sml,MLWorks,bytearray_subarray.sml,953,BRNGLR,267,267,711541.50,38479.50,16384,20,true,true,OK,accept,true
sml,MLWorks,array_subarray.sml,1011,Leo,267,267,3257209.00,155459.00,16384,20,true,true,OK,accept,true
sml,MLWorks,array_subarray.sml,1011,GLL,267,267,0.00,0.00,0,0,false,false,TIMEOUT,accept,
sml,MLWorks,array_subarray.sml,1011,RNGLR,267,267,822708.00,35437.50,16384,20,true,true,OK,accept,true
sml,MLWorks,array_subarray.sml,1011,BRNGLR,267,267,677667.00,12479.00,16384,20,true,true,OK,accept,true
sml,MLWorks,__file_time.sml,1283,Leo,268,268,2040021.00,27520.50,16384,20,true,true,OK,accept,true
sml,MLWorks,__file_time.sml,1283,GLL,268,268,0.00,0.00,0,0,false,false,TIMEOUT,accept,
sml,MLWorks,__file_time.sml,1283,RNGLR,268,268,491250.00,5541.50,16384,20,true,true,OK,accept,true
sml,MLWorks,__file_time.sml,1283,BRNGLR,268,268,483500.00,5354.00,16384,20,true,true,OK,accept,true
sml,MLWorks,_os_io.sml,1404,Leo,269,269,2740603.50,17209.00,16384,20,true,true,OK,accept,true
sml,MLWorks,_os_io.sml,1404,GLL,269,269,0.00,0.00,0,0,false,false,TIMEOUT,accept,
sml,MLWorks,_os_io.sml,1404,RNGLR,269,269,2589917.00,14083.00,16384,20,true,true,OK,accept,true
sml,MLWorks,_os_io.sml,1404,BRNGLR,269,269,2012167.00,13563.00,16384,20,true,true,OK,accept,true
sml,MLWorks,loop.sml,817,Leo,272,272,1904875.00,14667.00,16384,20,true,true,OK,accept,true
sml,MLWorks,loop.sml,817,GLL,272,272,0.00,0.00,0,0,false,false,TIMEOUT,accept,
sml,MLWorks,loop.sml,817,RNGLR,272,272,637209.00,5084.00,16384,20,true,true,OK,accept,true
sml,MLWorks,loop.sml,817,BRNGLR,272,272,632125.00,18958.50,16384,20,true,true,OK,accept,true
sml,MLWorks,simpleutils.sml,1543,Leo,272,272,2366083.50,78041.50,16384,20,true,true,OK,accept,true
sml,MLWorks,simpleutils.sml,1543,GLL,272,272,0.00,0.00,0,0,false,false,TIMEOUT,accept,
sml,MLWorks,simpleutils.sml,1543,RNGLR,272,272,1417645.50,21833.50,16384,20,true,true,OK,accept,true
sml,MLWorks,simpleutils.sml,1543,BRNGLR,272,272,1080417.00,14000.50,16384,20,true,true,OK,accept,true
sml,MLWorks,__perm.sml,804,Leo,274,274,2674874.50,41832.50,16384,20,true,true,OK,accept,true
sml,MLWorks,__perm.sml,804,GLL,274,274,0.00,0.00,0,0,false,false,TIMEOUT,accept,
sml,MLWorks,__perm.sml,804,RNGLR,274,274,703063.00,6271.00,16384,20,true,true,OK,accept,true
sml,MLWorks,__perm.sml,804,BRNGLR,274,274,666708.00,10000.00,16384,20,true,true,OK,accept,true
sml,MLWorks,mono_array2.sml,1086,Leo,274,274,2221729.50,33562.50,16384,20,true,true,OK,accept,true
sml,MLWorks,mono_array2.sml,1086,GLL,274,274,0.00,0.00,0,0,false,false,TIMEOUT,accept,
sml,MLWorks,mono_array2.sml,1086,RNGLR,274,274,1578687.50,9396.00,16384,20,true,true,OK,accept,true
sml,MLWorks,mono_array2.sml,1086,BRNGLR,274,274,1242333.00,5999.50,16384,20,true,true,OK,accept,true
sml,MLWorks,proj_properties.sml,1147,Leo,276,276,1928437.50,17833.50,49152,20,true,true,OK,accept,true
sml,MLWorks,proj_properties.sml,1147,GLL,276,276,0.00,0.00,0,0,false,false,TIMEOUT,accept,
sml,MLWorks,proj_properties.sml,1147,RNGLR,276,276,1054583.00,7812.00,16384,20,true,true,OK,accept,true
sml,MLWorks,proj_properties.sml,1147,BRNGLR,276,276,859229.00,5750.00,16384,20,true,true,OK,accept,true
sml,MLWorks,__version.sml,1349,Leo,278,278,3778125.00,28333.50,16384,20,true,true,OK,accept,true
sml,MLWorks,__version.sml,1349,GLL,278,278,0.00,0.00,0,0,false,false,TIMEOUT,accept,
sml,MLWorks,__version.sml,1349,RNGLR,278,278,1497833.00,32208.00,16384,20,true,true,OK,accept,true
sml,MLWorks,__version.sml,1349,BRNGLR,278,278,1280562.50,9562.50,16384,20,true,true,OK,accept,true
sml,MLWorks,int8.sml,932,Leo,282,282,11057104.00,26187.00,65536,20,true,true,OK,accept,true
sml,MLWorks,int8.sml,932,GLL,282,282,0.00,0.00,0,0,false,false,TIMEOUT,accept,
sml,MLWorks,int8.sml,932,RNGLR,282,282,13088375.00,21979.00,16384,20,true,true,OK,accept,true
sml,MLWorks,int8.sml,932,BRNGLR,282,282,9286896.50,27751.00,16384,20,true,true,OK,accept,true
sml,MLWorks,int16.sml,942,Leo,282,282,11049374.50,36854.50,16384,20,true,true,OK,accept,true
sml,MLWorks,int16.sml,942,GLL,282,282,0.00,0.00,0,0,false,false,TIMEOUT,accept,
sml,MLWorks,int16.sml,942,RNGLR,282,282,13100625.00,41021.00,16384,20,true,true,OK,accept,true
sml,MLWorks,int16.sml,942,BRNGLR,282,282,9281270.50,22187.50,16384,20,true,true,OK,accept,true
sml,MLWorks,List.sml,997,Leo,285,285,2677291.50,13521.00,16384,20,true,true,OK,accept,true
sml,MLWorks,List.sml,997,GLL,285,285,0.00,0.00,0,0,false,false,TIMEOUT,accept,
sml,MLWorks,List.sml,997,RNGLR,285,285,2016417.00,14146.00,16384,20,true,true,OK,accept,true
sml,MLWorks,List.sml,997,BRNGLR,285,285,1534146.00,12062.50,16384,20,true,true,OK,accept,true
sml,MLWorks,environtypes.sml,1308,Leo,285,285,1833125.00,35291.50,16384,20,true,true,OK,accept,true
sml,MLWorks,environtypes.sml,1308,GLL,285,285,0.00,0.00,0,0,false,false,TIMEOUT,accept,
sml,MLWorks,environtypes.sml,1308,RNGLR,285,285,500896.00,11187.50,16384,20,true,true,OK,accept,true
sml,MLWorks,environtypes.sml,1308,BRNGLR,285,285,458333.00,6770.50,16384,20,true,true,OK,accept,true
sml,MLWorks,newtrace.sml,1138,Leo,289,289,2148812.50,67499.50,16384,20,true,true,OK,accept,true
sml,MLWorks,newtrace.sml,1138,GLL,289,289,0.00,0.00,0,0,false,false,TIMEOUT,accept,
sml,MLWorks,newtrace.sml,1138,RNGLR,289,289,1979833.50,9458.00,16384,20,true,true,OK,accept,true
sml,MLWorks,newtrace.sml,1138,BRNGLR,289,289,1491583.50,11604.00,16384,20,true,true,OK,accept,true
sml,MLWorks,__core.sml,1551,Leo,291,291,2293708.50,12729.50,16384,20,true,true,OK,accept,true
sml,MLWorks,__core.sml,1551,GLL,291,291,0.00,0.00,0,0,false,false,TIMEOUT,accept,
sml,MLWorks,__core.sml,1551,RNGLR,291,291,1398750.00,26604.50,16384,20,true,true,OK,accept,true
sml,MLWorks,__core.sml,1551,BRNGLR,291,291,1202791.50,6646.00,16384,20,true,true,OK,accept,true
sml,MLWorks,inter_envtypes.sml,1485,Leo,295,295,1836625.00,13250.00,16384,20,true,true,OK,accept,true
sml,MLWorks,inter_envtypes.sml,1485,GLL,295,295,0.00,0.00,0,0,false,false,TIMEOUT,accept,
sml,MLWorks,inter_envtypes.sml,1485,RNGLR,295,295,739145.50,7062.00,16384,20,true,true,OK,accept,true
sml,MLWorks,inter_envtypes.sml,1485,BRNGLR,295,295,620229.50,5750.50,16384,20,true,true,OK,accept,true
sml,MLWorks,nameset.sml,1812,Leo,299,299,3768333.00,12541.50,16384,20,true,true,OK,accept,true
sml,MLWorks,nameset.sml,1812,GLL,299,299,0.00,0.00,0,0,false,false,TIMEOUT,accept,
sml,MLWorks,nameset.sml,1812,RNGLR,299,299,2779458.00,12479.00,16384,20,true,true,OK,accept,true
sml,MLWorks,nameset.sml,1812,BRNGLR,299,299,2102333.00,6395.50,16384,20,true,true,OK,accept,true
sml,MLWorks,__file_find.sml,1259,Leo,300,300,2468854.00,25208.00,16384,20,true,true,OK,accept,true
sml,MLWorks,__file_find.sml,1259,GLL,300,300,0.00,0.00,0,0,false,false,TIMEOUT,accept,
sml,MLWorks,__file_find.sml,1259,RNGLR,300,300,674375.50,6708.50,16384,20,true,true,OK,accept,true
sml,MLWorks,__file_find.sml,1259,BRNGLR,300,300,653208.50,7438.00,16384,20,true,true,OK,accept,true
sml,MLWorks,_environtypes.sml,1412,Leo,300,300,2083624.50,11166.50,16384,20,true,true,OK,accept,true
sml,MLWorks,_environtypes.sml,1412,GLL,300,300,0.00,0.00,0,0,false,false,TIMEOUT,accept,
sml,MLWorks,_environtypes.sml,1412,RNGLR,300,300,729000.00,8771.00,16384,20,true,true,OK,accept,true
sml,MLWorks,_environtypes.sml,1412,BRNGLR,300,300,640229.00,9187.50,16384,20,true,true,OK,accept,true
sml,MLWorks,mono_array.sml,1028,Leo,302,302,1939375.00,23875.00,16384,20,true,true,OK,accept,true
sml,MLWorks,mono_array.sml,1028,GLL,302,302,0.00,0.00,0,0,false,false,TIMEOUT,accept,
sml,MLWorks,mono_array.sml,1028,RNGLR,302,302,1404562.50,10625.00,16384,20,true,true,OK,accept,true
sml,MLWorks,mono_array.sml,1028,BRNGLR,302,302,1106708.50,4292.00,16384,20,true,true,OK,accept,true
sml,MLWorks,dynamics.sml,1523,Leo,302,302,4128146.00,17500.50,16384,20,true,true,OK,accept,true
sml,MLWorks,dynamics.sml,1523,GLL,302,302,0.00,0.00,0,0,false,false,TIMEOUT,accept,
sml,MLWorks,dynamics.sml,1523,RNGLR,302,302,2905645.50,9770.50,16384,20,true,true,OK,accept,true
sml,MLWorks,dynamics.sml,1523,BRNGLR,302,302,2218666.50,6541.50,16384,20,true,true,OK,accept,true
sml,MLWorks,_machprint.sml,1192,Leo,304,304,2405167.00,15854.50,16384,20,true,true,OK,accept,true
sml,MLWorks,_machprint.sml,1192,GLL,304,304,0.00,0.00,0,0,false,false,TIMEOUT,accept,
sml,MLWorks,_machprint.sml,1192,RNGLR,304,304,737291.50,8104.50,16384,20,true,true,OK,accept,true
sml,MLWorks,_machprint.sml,1192,BRNGLR,304,304,683208.50,8333.00,16384,20,true,true,OK,accept,true
sml,MLWorks,utils.sml,1261,Leo,304,304,2321104.00,17000.50,16384,20,true,true,OK,accept,true
sml,MLWorks,utils.sml,1261,GLL,304,304,0.00,0.00,0,0,false,false,TIMEOUT,accept,
sml,MLWorks,utils.sml,1261,RNGLR,304,304,2594937.50,12459.00,16384,20,true,true,OK,accept,true
sml,MLWorks,utils.sml,1261,BRNGLR,304,304,1914458.50,15604.50,16384,20,true,true,OK,accept,true
sml,MLWorks,store.sml,1563,Leo,304,304,2348666.50,14541.50,16384,20,true,true,OK,accept,true
sml,MLWorks,store.sml,1563,GLL,304,304,0.00,0.00,0,0,false,false,TIMEOUT,accept,
sml,MLWorks,store.sml,1563,RNGLR,304,304,3646188.00,28500.00,16384,20,true,true,OK,accept,true
sml,MLWorks,store.sml,1563,BRNGLR,304,304,2657646.00,25187.50,16384,20,true,true,OK,accept,true
sml,MLWorks,floatarray_subarray.sml,1068,Leo,307,307,3203188.00,16124.50,16384,20,true,true,OK,accept,true
sml,MLWorks,floatarray_subarray.sml,1068,GLL,307,307,0.00,0.00,0,0,false,false,TIMEOUT,accept,
sml,MLWorks,floatarray_subarray.sml,1068,RNGLR,307,307,825479.50,6959.00,16384,20,true,true,OK,accept,true
sml,MLWorks,floatarray_subarray.sml,1068,BRNGLR,307,307,736604.00,12041.50,16384,20,true,true,OK,accept,true
sml,MLWorks,user_context.sml,2116,Leo,307,307,3361583.50,14583.50,16384,20,true,true,OK,accept,true
sml,MLWorks,user_context.sml,2116,GLL,307,307,0.00,0.00,0,0,false,false,TIMEOUT,accept,
sml,MLWorks,user_context.sml,2116,RNGLR,307,307,6644541.50,25458.00,16384,20,true,true,OK,accept,true
sml,MLWorks,user_context.sml,2116,BRNGLR,307,307,4742000.50,11041.50,16384,20,true,true,OK,accept,true
sml,MLWorks,bytearray_fill_range.sml,1096,Leo,311,311,2790958.00,10333.00,16384,20,true,true,OK,accept,true
sml,MLWorks,bytearray_fill_range.sml,1096,GLL,311,311,0.00,0.00,0,0,false,false,TIMEOUT,accept,
sml,MLWorks,bytearray_fill_range.sml,1096,RNGLR,311,311,781270.50,5624.50,16384,20,true,true,OK,accept,true
sml,MLWorks,bytearray_fill_range.sml,1096,BRNGLR,311,311,688479.50,6479.00,16384,20,true,true,OK,accept,true
sml,MLWorks,array_fill_range.sml,1166,Leo,311,311,2802291.50,14083.00,16384,20,true,true,OK,accept,true
sml,MLWorks,array_fill_range.sml,1166,GLL,311,311,0.00,0.00,0,0,false,false,TIMEOUT,accept,
sml,MLWorks,array_fill_range.sml,1166,RNGLR,311,311,787583.50,8937.00,16384,20,true,true,OK,accept,true
sml,MLWorks,array_fill_range.sml,1166,BRNGLR,311,311,718583.50,30000.50,16384,20,true,true,OK,accept,true
sml,MLWorks,__mirtypes.sml,1988,Leo,311,311,2103812.50,25749.50,16384,20,true,true,OK,accept,true
sml,MLWorks,__mirtypes.sml,1988,GLL,311,311,0.00,0.00,0,0,false,false,TIMEOUT,accept,
sml,MLWorks,__mirtypes.sml,1988,RNGLR,311,311,951479.00,9270.50,16384,20,true,true,OK,accept,true
sml,MLWorks,__mirtypes.sml,1988,BRNGLR,311,311,851542.00,12375.00,16384,20,true,true,OK,accept,true
sml,MLWorks,sys_init.sml,1655,Leo,313,313,2416917.00,24896.00,16384,20,true,true,OK,accept,true
sml,MLWorks,sys_init.sml,1655,GLL,313,313,0.00,0.00,0,0,false,false,TIMEOUT,accept,
sml,MLWorks,sys_init.sml,1655,RNGLR,313,313,604771.00,7458.50,16384,20,true,true,OK,accept,true
sml,MLWorks,sys_init.sml,1655,BRNGLR,313,313,591458.00,15083.50,16384,20,true,true,OK,accept,true
sml,MLWorks,_bin_io.sml,1513,Leo,318,318,1930062.50,19375.00,16384,20,true,true,OK,accept,true
sml,MLWorks,_bin_io.sml,1513,GLL,318,318,0.00,0.00,0,0,false,false,TIMEOUT,accept,
sml,MLWorks,_bin_io.sml,1513,RNGLR,318,318,526145.50,7562.50,16384,20,true,true,OK,accept,true
sml,MLWorks,_bin_io.sml,1513,BRNGLR,318,318,487083.50,6333.50,16384,20,true,true,OK,accept,true
sml,MLWorks,compiler.sml,1855,Leo,318,318,3297833.50,24438.00,16384,20,true,true,OK,accept,true
sml,MLWorks,compiler.sml,1855,GLL,318,318,0.00,0.00,0,0,false,false,TIMEOUT,accept,
sml,MLWorks,compiler.sml,1855,RNGLR,318,318,4093166.50,9458.50,16384,20,true,true,OK,accept,true
sml,MLWorks,compiler.sml,1855,BRNGLR,318,318,3005021.00,10354.00,16384,20,true,true,OK,accept,true
sml,MLWorks,array.sml,1053,Leo,322,322,2033833.50,10875.00,16384,20,true,true,OK,accept,true
sml,MLWorks,array.sml,1053,GLL,322,322,0.00,0.00,0,0,false,false,TIMEOUT,accept,
sml,MLWorks,array.sml,1053,RNGLR,322,322,1313458.50,13833.50,32768,20,true,true,OK,accept,true
sml,MLWorks,array.sml,1053,BRNGLR,322,322,1044604.00,6333.00,16384,20,true,true,OK,accept,true
sml,MLWorks,shell_types.sml,1850,Leo,324,324,1847708.00,12479.50,16384,20,true,true,OK,accept,true
sml,MLWorks,shell_types.sml,1850,GLL,324,324,0.00,0.00,0,0,false,false,TIMEOUT,accept,
sml,MLWorks,shell_types.sml,1850,RNGLR,324,324,1830354.00,8875.00,16384,20,true,true,OK,accept,true
sml,MLWorks,shell_types.sml,1850,BRNGLR,324,324,1377562.50,8979.50,16384,20,true,true,OK,accept,true
sml,MLWorks,debugger_types.sml,1950,Leo,324,324,3390541.50,21000.00,16384,20,true,true,OK,accept,true
sml,MLWorks,debugger_types.sml,1950,GLL,324,324,0.00,0.00,0,0,false,false,TIMEOUT,accept,
sml,MLWorks,debugger_types.sml,1950,RNGLR,324,324,3816333.50,9250.50,16384,20,true,true,OK,accept,true
sml,MLWorks,debugger_types.sml,1950,BRNGLR,324,324,2818291.00,11562.50,16384,20,true,true,OK,accept,true
sml,MLWorks,__inet_sock.sml,1455,Leo,327,327,2717187.50,48104.50,16384,20,true,true,OK,accept,true
sml,MLWorks,__inet_sock.sml,1455,GLL,327,327,0.00,0.00,0,0,false,false,TIMEOUT,accept,
sml,MLWorks,__inet_sock.sml,1455,RNGLR,327,327,1195750.00,5625.00,16384,20,true,true,OK,accept,true
sml,MLWorks,__inet_sock.sml,1455,BRNGLR,327,327,1097562.50,9875.00,16384,20,true,true,OK,accept,true
sml,MLWorks,__search.sml,1641,Leo,331,331,2753229.50,34687.00,16384,20,true,true,OK,accept,true
sml,MLWorks,__search.sml,1641,GLL,331,331,0.00,0.00,0,0,false,false,TIMEOUT,accept,
sml,MLWorks,__search.sml,1641,RNGLR,331,331,821416.50,6604.00,16384,20,true,true,OK,accept,true
sml,MLWorks,__search.sml,1641,BRNGLR,331,331,765875.00,7708.00,16384,20,true,true,OK,accept,true
sml,MLWorks,_lisp.sml,1103,Leo,332,332,2646791.50,28604.50,16384,20,true,true,OK,accept,true
sml,MLWorks,_lisp.sml,1103,GLL,332,332,0.00,0.00,0,0,false,false,TIMEOUT,accept,
sml,MLWorks,_lisp.sml,1103,RNGLR,332,332,1219333.50,13021.00,16384,20,true,true,OK,accept,true
sml,MLWorks,_lisp.sml,1103,BRNGLR,332,332,1049749.50,7853.50,16384,20,true,true,OK,accept,true
sml,MLWorks,fi_abs_syntax.sml,1762,Leo,332,332,1419771.00,8416.00,16384,20,true,true,OK,accept,true
sml,MLWorks,fi_abs_syntax.sml,1762,GLL,332,332,0.00,0.00,0,0,false,false,TIMEOUT,accept,
sml,MLWorks,fi_abs_syntax.sml,1762,RNGLR,332,332,318791.50,2125.00,16384,20,true,true,OK,accept,true
sml,MLWorks,fi_abs_syntax.sml,1762,BRNGLR,332,332,332562.50,5104.50,16384,20,true,true,OK,accept,true
sml,MLWorks,exception11.sml,815,Leo,334,334,13706458.50,23062.50,114688,20,true,true,OK,accept,true
sml,MLWorks,exception11.sml,815,GLL,334,334,0.00,0.00,0,0,false,false,TIMEOUT,accept,
sml,MLWorks,exception11.sml,815,RNGLR,334,334,32347916.50,29937.50,114688,16,true,true,OK,accept,true
sml,MLWorks,exception11.sml,815,BRNGLR,334,334,24661416.50,45458.00,344064,20,true,true,OK,accept,true
sml,MLWorks,_depend.sml,1718,Leo,336,336,2382354.00,26229.50,16384,20,true,true,OK,accept,true
sml,MLWorks,_depend.sml,1718,GLL,336,336,0.00,0.00,0,0,false,false,TIMEOUT,accept,
sml,MLWorks,_depend.sml,1718,RNGLR,336,336,694958.00,7291.50,16384,20,true,true,OK,accept,true
sml,MLWorks,_depend.sml,1718,BRNGLR,336,336,645104.50,8021.00,16384,20,true,true,OK,accept,true
sml,MLWorks,floatarray_fill_range.sml,1213,Leo,347,347,3160250.00,87833.50,16384,20,true,true,OK,accept,true
sml,MLWorks,floatarray_fill_range.sml,1213,GLL,347,347,0.00,0.00,0,0,false,false,TIMEOUT,accept,
sml,MLWorks,floatarray_fill_range.sml,1213,RNGLR,347,347,845041.50,7791.50,16384,20,true,true,OK,accept,true
sml,MLWorks,floatarray_fill_range.sml,1213,BRNGLR,347,347,781666.50,24584.00,16384,20,true,true,OK,accept,true
sml,MLWorks,environment.sml,1865,Leo,347,347,3083583.50,18875.00,16384,20,true,true,OK,accept,true
sml,MLWorks,environment.sml,1865,GLL,347,347,0.00,0.00,0,0,false,false,TIMEOUT,accept,
sml,MLWorks,environment.sml,1865,RNGLR,347,347,2239833.50,12687.00,16384,20,true,true,OK,accept,true
sml,MLWorks,environment.sml,1865,BRNGLR,347,347,1694979.00,15020.50,16384,20,true,true,OK,accept,true
sml,MLWorks,machtypes.sml,1783,Leo,354,354,4517083.50,15625.00,16384,20,true,true,OK,accept,true
sml,MLWorks,machtypes.sml,1783,GLL,354,354,0.00,0.00,0,0,false,false,TIMEOUT,accept,
sml,MLWorks,machtypes.sml,1783,RNGLR,354,354,27929562.50,547124.50,98304,18,true,true,OK,accept,true
sml,MLWorks,machtypes.sml,1783,BRNGLR,354,354,19578416.50,26458.00,16384,20,true,true,OK,accept,true
sml,MLWorks,__ls.sml,1881,Leo,354,354,3884833.50,11500.00,16384,20,true,true,OK,accept,true
sml,MLWorks,__ls.sml,1881,GLL,354,354,0.00,0.00,0,0,false,false,TIMEOUT,accept,
sml,MLWorks,__ls.sml,1881,RNGLR,354,354,2234854.50,6771.50,16384,20,true,true,OK,accept,true
sml,MLWorks,__ls.sml,1881,BRNGLR,354,354,1888187.00,46104.00,16384,20,true,true,OK,accept,true
sml,MLWorks,__stream.sml,1312,Leo,357,357,3110375.00,13708.50,16384,20,true,true,OK,accept,true
sml,MLWorks,__stream.sml,1312,GLL,357,357,0.00,0.00,0,0,false,false,TIMEOUT,accept,
sml,MLWorks,__stream.sml,1312,RNGLR,357,357,1507604.00,4103.50,16384,20,true,true,OK,accept,true
sml,MLWorks,__stream.sml,1312,BRNGLR,357,357,1286395.50,3395.50,16384,20,true,true,OK,accept,true
sml,MLWorks,code.sml,1779,Leo,359,359,2988208.50,11916.50,16384,20,true,true,OK,accept,true
sml,MLWorks,code.sml,1779,GLL,359,359,0.00,0.00,0,0,false,false,TIMEOUT,accept,
sml,MLWorks,code.sml,1779,RNGLR,359,359,1941250.00,1958.50,16384,20,true,true,OK,accept,true
sml,MLWorks,code.sml,1779,BRNGLR,359,359,1506375.00,3416.50,16384,20,true,true,OK,accept,true
sml,MLWorks,forms.sml,3312,Leo,360,360,4088000.50,10937.50,49152,20,true,true,OK,accept,true
sml,MLWorks,forms.sml,3312,GLL,360,360,0.00,0.00,0,0,false,false,TIMEOUT,accept,
sml,MLWorks,forms.sml,3312,RNGLR,360,360,1073749.50,5770.50,16384,20,true,true,OK,accept,true
sml,MLWorks,forms.sml,3312,BRNGLR,360,360,980313.00,11979.50,16384,20,true,true,OK,accept,true
sml,MLWorks,array_large.sml,1201,Leo,365,365,3843874.50,14874.50,16384,20,true,true,OK,accept,true
sml,MLWorks,array_large.sml,1201,GLL,365,365,0.00,0.00,0,0,false,false,TIMEOUT,accept,
sml,MLWorks,array_large.sml,1201,RNGLR,365,365,4671916.50,11354.00,49152,20,true,true,OK,accept,true
sml,MLWorks,array_large.sml,1201,BRNGLR,365,365,3587562.50,7896.00,16384,20,true,true,OK,accept,true
sml,MLWorks,prim_io.sml,1354,Leo,366,366,1320270.50,5937.50,16384,20,true,true,OK,accept,true
sml,MLWorks,prim_io.sml,1354,GLL,366,366,0.00,0.00,0,0,false,false,TIMEOUT,accept,
sml,MLWorks,prim_io.sml,1354,RNGLR,366,366,512021.50,6709.00,16384,20,true,true,OK,accept,true
sml,MLWorks,prim_io.sml,1354,BRNGLR,366,366,482749.50,3312.00,16384,20,true,true,OK,accept,true
sml,MLWorks,match.sml,856,Leo,369,369,4137062.50,27313.00,16384,20,true,true,OK,accept,true
sml,MLWorks,match.sml,856,GLL,369,369,0.00,0.00,0,0,false,false,TIMEOUT,accept,
sml,MLWorks,match.sml,856,RNGLR,369,369,504499.50,2353.50,16384,20,true,true,OK,accept,true
sml,MLWorks,match.sml,856,BRNGLR,369,369,515292.00,2542.00,16384,20,true,true,OK,accept,true
sml,MLWorks,debug.sml,1351,Leo,370,370,3507583.00,607020.50,16384,20,true,true,OK,accept,true
sml,MLWorks,debug.sml,1351,GLL,370,370,0.00,0.00,0,0,false,false,TIMEOUT,accept,
sml,MLWorks,debug.sml,1351,RNGLR,370,370,1208604.50,196583.50,16384,20,true,true,OK,accept,true
sml,MLWorks,debug.sml,1351,BRNGLR,370,370,990750.00,66875.50,16384,20,true,true,OK,accept,true
sml,MLWorks,_value_printer_utilities.sml,1614,Leo,370,370,2710333.50,17124.50,16384,20,true,true,OK,accept,true
sml,MLWorks,_value_printer_utilities.sml,1614,GLL,370,370,0.00,0.00,0,0,false,false,TIMEOUT,accept,
sml,MLWorks,_value_printer_utilities.sml,1614,RNGLR,370,370,744625.00,14166.50,16384,20,true,true,OK,accept,true
sml,MLWorks,_value_printer_utilities.sml,1614,BRNGLR,370,370,732291.50,25812.50,16384,20,true,true,OK,accept,true
sml,MLWorks,delivery.sml,1809,Leo,371,371,4627687.50,391333.50,16384,20,true,true,OK,accept,true
sml,MLWorks,delivery.sml,1809,GLL,371,371,0.00,0.00,0,0,false,false,TIMEOUT,accept,
sml,MLWorks,delivery.sml,1809,RNGLR,371,371,4507416.50,49604.00,16384,20,true,true,OK,accept,true
sml,MLWorks,delivery.sml,1809,BRNGLR,371,371,3512833.50,18625.50,16384,20,true,true,OK,accept,true
sml,MLWorks,__queens.sml,1374,Leo,373,373,3099166.50,65770.50,16384,20,true,true,OK,accept,true
sml,MLWorks,__queens.sml,1374,GLL,373,373,0.00,0.00,0,0,false,false,TIMEOUT,accept,
sml,MLWorks,__queens.sml,1374,RNGLR,373,373,847916.50,8708.50,16384,20,true,true,OK,accept,true
sml,MLWorks,__queens.sml,1374,BRNGLR,373,373,827708.00,29520.50,16384,20,true,true,OK,accept,true
sml,MLWorks,graph_widget.sml,1689,Leo,374,374,1771812.50,33854.00,16384,20,true,true,OK,accept,true
sml,MLWorks,graph_widget.sml,1689,GLL,374,374,0.00,0.00,0,0,false,false,TIMEOUT,accept,
sml,MLWorks,graph_widget.sml,1689,RNGLR,374,374,820645.50,20187.50,16384,20,true,true,OK,accept,true
sml,MLWorks,graph_widget.sml,1689,BRNGLR,374,374,726062.50,12104.00,16384,20,true,true,OK,accept,true
sml,MLWorks,mlworks_c_io.sml,1826,Leo,379,379,5501937.50,61645.50,131072,20,true,true,OK,accept,true
sml,MLWorks,mlworks_c_io.sml,1826,GLL,379,379,0.00,0.00,0,0,false,false,TIMEOUT,accept,
sml,MLWorks,mlworks_c_io.sml,1826,RNGLR,379,379,5712625.00,5750.00,16384,20,true,true,OK,accept,true
sml,MLWorks,mlworks_c_io.sml,1826,BRNGLR,379,379,4227895.50,6708.00,16384,20,true,true,OK,accept,true
sml,MLWorks,config_sig.sml,2071,Leo,381,381,4224062.50,12604.50,16384,20,true,true,OK,accept,true
sml,MLWorks,config_sig.sml,2071,GLL,381,381,0.00,0.00,0,0,false,false,TIMEOUT,accept,
sml,MLWorks,config_sig.sml,2071,RNGLR,381,381,3727395.50,8686.50,16384,20,true,true,OK,accept,true
sml,MLWorks,config_sig.sml,2071,BRNGLR,381,381,2753167.00,8230.00,16384,20,true,true,OK,accept,true
sml,MLWorks,os_io.sml,1372,Leo,382,382,5751833.00,61291.00,16384,20,true,true,OK,accept,true
sml,MLWorks,os_io.sml,1372,GLL,382,382,0.00,0.00,0,0,false,false,TIMEOUT,accept,
sml,MLWorks,os_io.sml,1372,RNGLR,382,382,13988791.50,26541.50,16384,20,true,true,OK,accept,true
sml,MLWorks,os_io.sml,1372,BRNGLR,382,382,10747583.50,33958.50,16384,20,true,true,OK,accept,true
sml,MLWorks,ndbm_fi_spec.sml,1490,Leo,384,384,4907562.50,15333.50,16384,20,true,true,OK,accept,true
sml,MLWorks,ndbm_fi_spec.sml,1490,GLL,384,384,0.00,0.00,0,0,false,false,TIMEOUT,accept,
sml,MLWorks,ndbm_fi_spec.sml,1490,RNGLR,384,384,3035667.00,10229.50,16384,20,true,true,OK,accept,true
sml,MLWorks,ndbm_fi_spec.sml,1490,BRNGLR,384,384,2453938.00,8563.00,16384,20,true,true,OK,accept,true
sml,MLWorks,gui_utils.sml,2133,Leo,385,385,2981771.00,64708.00,16384,20,true,true,OK,accept,true
sml,MLWorks,gui_utils.sml,2133,GLL,385,385,0.00,0.00,0,0,false,false,TIMEOUT,accept,
sml,MLWorks,gui_utils.sml,2133,RNGLR,385,385,3015187.00,31083.00,16384,20,true,true,OK,accept,true
sml,MLWorks,gui_utils.sml,2133,BRNGLR,385,385,2249667.00,21395.50,16384,20,true,true,OK,accept,true
sml,MLWorks,annotation_tree.sml,2024,Leo,389,389,3521958.50,88625.00,16384,20,true,true,OK,accept,true
sml,MLWorks,annotation_tree.sml,2024,GLL,389,389,0.00,0.00,0,0,false,false,TIMEOUT,accept,
sml,MLWorks,annotation_tree.sml,2024,RNGLR,389,389,1331687.50,10750.50,16384,20,true,true,OK,accept,true
sml,MLWorks,annotation_tree.sml,2024,BRNGLR,389,389,1248438.00,6854.50,16384,20,true,true,OK,accept,true
sml,MLWorks,__static_bytearray.sml,2007,Leo,393,393,4530770.50,12937.50,16384,20,true,true,OK,accept,true
sml,MLWorks,__static_bytearray.sml,2007,GLL,393,393,0.00,0.00,0,0,false,false,TIMEOUT,accept,
sml,MLWorks,__static_bytearray.sml,2007,RNGLR,393,393,6709271.50,10438.00,16384,20,true,true,OK,accept,true
sml,MLWorks,__static_bytearray.sml,2007,BRNGLR,393,393,5019625.00,9896.00,16384,20,true,true,OK,accept,true
sml,MLWorks,basic_util_sig.sml,1564,Leo,394,394,2606270.50,12771.50,16384,20,true,true,OK,accept,true
sml,MLWorks,basic_util_sig.sml,1564,GLL,394,394,0.00,0.00,0,0,false,false,TIMEOUT,accept,
sml,MLWorks,basic_util_sig.sml,1564,RNGLR,394,394,1250125.00,4312.50,16384,20,true,true,OK,accept,true
sml,MLWorks,basic_util_sig.sml,1564,BRNGLR,394,394,1054541.50,5396.00,16384,20,true,true,OK,accept,true
sml,MLWorks,_hash_table.sml,1489,Leo,395,395,2844729.00,44021.00,16384,20,true,true,OK,accept,true
sml,MLWorks,_hash_table.sml,1489,GLL,395,395,0.00,0.00,0,0,false,false,TIMEOUT,accept,
sml,MLWorks,_hash_table.sml,1489,RNGLR,395,395,913979.50,3063.00,16384,20,true,true,OK,accept,true
sml,MLWorks,_hash_table.sml,1489,BRNGLR,395,395,854270.50,4541.50,16384,20,true,true,OK,accept,true
sml,MLWorks,Visited.sml,1182,Leo,397,397,2842938.00,25084.00,16384,20,true,true,OK,accept,true
sml,MLWorks,Visited.sml,1182,GLL,397,397,0.00,0.00,0,0,false,false,TIMEOUT,accept,
sml,MLWorks,Visited.sml,1182,RNGLR,397,397,816041.50,9083.50,16384,20,true,true,OK,accept,true
sml,MLWorks,Visited.sml,1182,BRNGLR,397,397,794437.50,6334.00,16384,20,true,true,OK,accept,true
sml,MLWorks,__binary.sml,1606,Leo,398,398,3785208.00,22458.00,16384,20,true,true,OK,accept,true
sml,MLWorks,__binary.sml,1606,GLL,398,398,0.00,0.00,0,0,false,false,TIMEOUT,accept,
sml,MLWorks,__binary.sml,1606,RNGLR,398,398,2185708.50,11291.50,16384,20,true,true,OK,accept,true
sml,MLWorks,__binary.sml,1606,BRNGLR,398,398,1784833.50,12062.50,16384,20,true,true,OK,accept,true
sml,MLWorks,userKBO.sml,1578,Leo,400,400,3156687.00,41916.50,16384,20,true,true,OK,accept,true
sml,MLWorks,userKBO.sml,1578,GLL,400,400,0.00,0.00,0,0,false,false,TIMEOUT,accept,
sml,MLWorks,userKBO.sml,1578,RNGLR,400,400,1064708.50,10895.50,16384,20,true,true,OK,accept,true
sml,MLWorks,userKBO.sml,1578,BRNGLR,400,400,984687.00,10438.00,16384,20,true,true,OK,accept,true
sml,MLWorks,prettyprint.sml,1383,Leo,401,401,3423792.00,28729.50,16384,20,true,true,OK,accept,true
sml,MLWorks,prettyprint.sml,1383,GLL,401,401,0.00,0.00,0,0,false,false,TIMEOUT,accept,
sml,MLWorks,prettyprint.sml,1383,RNGLR,401,401,1028250.00,15208.50,16384,20,true,true,OK,accept,true
sml,MLWorks,prettyprint.sml,1383,BRNGLR,401,401,964395.50,8604.50,16384,20,true,true,OK,accept,true
sml,MLWorks,__join.sml,1810,Leo,401,401,3018041.50,19854.00,16384,20,true,true,OK,accept,true
sml,MLWorks,__join.sml,1810,GLL,401,401,0.00,0.00,0,0,false,false,TIMEOUT,accept,
sml,MLWorks,__join.sml,1810,RNGLR,401,401,912208.50,6312.50,16384,20,true,true,OK,accept,true
sml,MLWorks,__join.sml,1810,BRNGLR,401,401,886937.50,9520.50,16384,20,true,true,OK,accept,true
sml,MLWorks,auglambda.sml,1666,Leo,402,402,1803521.00,11312.00,16384,20,true,true,OK,accept,true
sml,MLWorks,auglambda.sml,1666,GLL,402,402,0.00,0.00,0,0,false,false,TIMEOUT,accept,
sml,MLWorks,auglambda.sml,1666,RNGLR,402,402,492479.50,3479.50,16384,20,true,true,OK,accept,true
sml,MLWorks,auglambda.sml,1666,BRNGLR,402,402,512353.50,7855.00,16384,20,true,true,OK,accept,true
sml,MLWorks,__structure.sml,1960,Leo,403,403,3563271.00,35208.50,16384,20,true,true,OK,accept,true
sml,MLWorks,__structure.sml,1960,GLL,403,403,0.00,0.00,0,0,false,false,TIMEOUT,accept,
sml,MLWorks,__structure.sml,1960,RNGLR,403,403,3053166.50,11333.50,16384,20,true,true,OK,accept,true
sml,MLWorks,__structure.sml,1960,BRNGLR,403,403,2350562.00,8020.50,16384,20,true,true,OK,accept,true
sml,MLWorks,change_mlworks.sml,1805,Leo,404,404,2748770.50,16583.00,16384,20,true,true,OK,accept,true
sml,MLWorks,change_mlworks.sml,1805,GLL,404,404,0.00,0.00,0,0,false,false,TIMEOUT,accept,
sml,MLWorks,change_mlworks.sml,1805,RNGLR,404,404,1427937.50,9187.50,16384,20,true,true,OK,accept,true
sml,MLWorks,change_mlworks.sml,1805,BRNGLR,404,404,1230812.50,9312.50,16384,20,true,true,OK,accept,true
sml,MLWorks,timer.sml,1560,Leo,406,406,4178187.50,22604.50,16384,20,true,true,OK,accept,true
sml,MLWorks,timer.sml,1560,GLL,406,406,0.00,0.00,0,0,false,false,TIMEOUT,accept,
sml,MLWorks,timer.sml,1560,RNGLR,406,406,5757896.00,14312.00,16384,20,true,true,OK,accept,true
sml,MLWorks,timer.sml,1560,BRNGLR,406,406,4703520.50,11604.50,16384,20,true,true,OK,accept,true
sml,MLWorks,profile2.sml,1891,Leo,406,406,3838958.50,19083.50,16384,20,true,true,OK,accept,true
sml,MLWorks,profile2.sml,1891,GLL,406,406,0.00,0.00,0,0,false,false,TIMEOUT,accept,
sml,MLWorks,profile2.sml,1891,RNGLR,406,406,2432458.50,14354.00,16384,20,true,true,OK,accept,true
sml,MLWorks,profile2.sml,1891,BRNGLR,406,406,2065312.50,15604.50,16384,20,true,true,OK,accept,true
sml,MLWorks,encapsulate.sml,2087,Leo,406,406,2149145.50,63583.00,16384,20,true,true,OK,accept,true
sml,MLWorks,encapsulate.sml,2087,GLL,406,406,0.00,0.00,0,0,false,false,TIMEOUT,accept,
sml,MLWorks,encapsulate.sml,2087,RNGLR,406,406,1181604.50,12708.50,16384,20,true,true,OK,accept,true
sml,MLWorks,encapsulate.sml,2087,BRNGLR,406,406,957833.50,4812.50,16384,20,true,true,OK,accept,true
sml,MLWorks,__random.sml,1946,Leo,407,407,5158041.50,29750.00,16384,20,true,true,OK,accept,true
sml,MLWorks,__random.sml,1946,GLL,407,407,0.00,0.00,0,0,false,false,TIMEOUT,accept,
sml,MLWorks,__random.sml,1946,RNGLR,407,407,16046812.00,50104.00,16384,20,true,true,OK,accept,true
sml,MLWorks,__random.sml,1946,BRNGLR,407,407,11762896.00,9104.50,16384,20,true,true,OK,accept,true
sml,MLWorks,menus.sml,1825,Leo,408,408,2732604.50,10021.00,16384,20,true,true,OK,accept,true
sml,MLWorks,menus.sml,1825,GLL,408,408,0.00,0.00,0,0,false,false,TIMEOUT,accept,
sml,MLWorks,menus.sml,1825,RNGLR,408,408,1151021.00,4396.00,16384,20,true,true,OK,accept,true
sml,MLWorks,menus.sml,1825,BRNGLR,408,408,1012854.50,3396.00,16384,20,true,true,OK,accept,true
sml,MLWorks,__rounding.sml,1856,Leo,408,408,3814375.00,14291.50,16384,20,true,true,OK,accept,true
sml,MLWorks,__rounding.sml,1856,GLL,408,408,0.00,0.00,0,0,false,false,TIMEOUT,accept,
sml,MLWorks,__rounding.sml,1856,RNGLR,408,408,1470562.50,10125.00,16384,20,true,true,OK,accept,true
sml,MLWorks,__rounding.sml,1856,BRNGLR,408,408,1300271.00,5104.50,16384,20,true,true,OK,accept,true
sml,MLWorks,lexical.sml,1451,Leo,414,414,3284375.00,28187.50,16384,20,true,true,OK,accept,true
sml,MLWorks,lexical.sml,1451,GLL,414,414,0.00,0.00,0,0,false,false,TIMEOUT,accept,
sml,MLWorks,lexical.sml,1451,RNGLR,414,414,1297812.50,14416.50,16384,20,true,true,OK,accept,true
sml,MLWorks,lexical.sml,1451,BRNGLR,414,414,1216729.50,8625.50,16384,20,true,true,OK,accept,true
sml,MLWorks,__ndbm.sml,2193,Leo,416,416,8319479.00,15667.00,16384,20,true,true,OK,accept,true
sml,MLWorks,__ndbm.sml,2193,GLL,416,416,0.00,0.00,0,0,false,false,TIMEOUT,accept,
sml,MLWorks,__ndbm.sml,2193,RNGLR,416,416,10824895.50,32312.00,16384,20,true,true,OK,accept,true
sml,MLWorks,__ndbm.sml,2193,BRNGLR,416,416,7889687.00,15603.50,16384,20,true,true,OK,accept,true
sml,MLWorks,coord.sml,1323,Leo,417,417,3884708.50,14938.00,16384,20,true,true,OK,accept,true
sml,MLWorks,coord.sml,1323,GLL,417,417,0.00,0.00,0,0,false,false,TIMEOUT,accept,
sml,MLWorks,coord.sml,1323,RNGLR,417,417,1857562.50,13791.50,16384,20,true,true,OK,accept,true
sml,MLWorks,coord.sml,1323,BRNGLR,417,417,1642146.00,10521.00,16384,20,true,true,OK,accept,true
sml,MLWorks,sort_preserve.sml,1815,Leo,418,418,3151812.50,19229.00,16384,20,true,true,OK,accept,true
sml,MLWorks,sort_preserve.sml,1815,GLL,418,418,0.00,0.00,0,0,false,false,TIMEOUT,accept,
sml,MLWorks,sort_preserve.sml,1815,RNGLR,418,418,1027166.00,7083.50,16384,20,true,true,OK,accept,true
sml,MLWorks,sort_preserve.sml,1815,BRNGLR,418,418,962291.50,9479.50,16384,20,true,true,OK,accept,true
sml,MLWorks,machspec.sml,2058,Leo,419,419,2834062.50,13708.50,16384,20,true,true,OK,accept,true
sml,MLWorks,machspec.sml,2058,GLL,419,419,0.00,0.00,0,0,false,false,TIMEOUT,accept,
sml,MLWorks,machspec.sml,2058,RNGLR,419,419,9310354.00,30020.50,16384,20,true,true,OK,accept,true
sml,MLWorks,machspec.sml,2058,BRNGLR,419,419,6673104.50,20792.00,16384,20,true,true,OK,accept,true
sml,MLWorks,termcap.sml,1563,Leo,421,421,4517208.50,18958.50,16384,20,true,true,OK,accept,true
sml,MLWorks,termcap.sml,1563,GLL,421,421,0.00,0.00,0,0,false,false,TIMEOUT,accept,
sml,MLWorks,termcap.sml,1563,RNGLR,421,421,3962354.00,19979.00,16384,20,true,true,OK,accept,true
sml,MLWorks,termcap.sml,1563,BRNGLR,421,421,3199145.50,13520.50,16384,20,true,true,OK,accept,true
sml,MLWorks,textwindow.sml,1320,Leo,422,422,3557458.00,16187.00,16384,20,true,true,OK,accept,true
sml,MLWorks,textwindow.sml,1320,GLL,422,422,0.00,0.00,0,0,false,false,TIMEOUT,accept,
sml,MLWorks,textwindow.sml,1320,RNGLR,422,422,1143062.50,8541.50,16384,20,true,true,OK,accept,true
sml,MLWorks,textwindow.sml,1320,BRNGLR,422,422,1095812.50,10729.50,16384,20,true,true,OK,accept,true
sml,MLWorks,_namehash.sml,1677,Leo,425,425,3534937.50,16437.00,16384,20,true,true,OK,accept,true
sml,MLWorks,_namehash.sml,1677,GLL,425,425,0.00,0.00,0,0,false,false,TIMEOUT,accept,
sml,MLWorks,_namehash.sml,1677,RNGLR,425,425,676646.00,7104.00,16384,20,true,true,OK,accept,true
sml,MLWorks,_namehash.sml,1677,BRNGLR,425,425,662729.00,7041.00,16384,20,true,true,OK,accept,true
sml,MLWorks,lambdatypes.sml,2067,Leo,428,428,3808041.50,16771.00,81920,20,true,true,OK,accept,true
sml,MLWorks,lambdatypes.sml,2067,GLL,428,428,0.00,0.00,0,0,false,false,TIMEOUT,accept,
sml,MLWorks,lambdatypes.sml,2067,RNGLR,428,428,3888187.50,9458.00,16384,20,true,true,OK,accept,true
sml,MLWorks,lambdatypes.sml,2067,BRNGLR,428,428,2921021.00,12042.00,16384,20,true,true,OK,accept,true
sml,MLWorks,_reals.sml,1810,Leo,433,433,4049500.00,26021.00,16384,20,true,true,OK,accept,true
sml,MLWorks,_reals.sml,1810,GLL,433,433,0.00,0.00,0,0,false,false,TIMEOUT,accept,
sml,MLWorks,_reals.sml,1810,RNGLR,433,433,1351813.00,12688.00,16384,20,true,true,OK,accept,true
sml,MLWorks,_reals.sml,1810,BRNGLR,433,433,1234396.00,19646.00,16384,20,true,true,OK,accept,true
sml,MLWorks,_stack_interface.sml,1978,Leo,433,433,4086291.50,13125.50,16384,20,true,true,OK,accept,true
sml,MLWorks,_stack_interface.sml,1978,GLL,433,433,0.00,0.00,0,0,false,false,TIMEOUT,accept,
sml,MLWorks,_stack_interface.sml,1978,RNGLR,433,433,2437145.50,7958.00,16384,20,true,true,OK,accept,true
sml,MLWorks,_stack_interface.sml,1978,BRNGLR,433,433,1973458.50,9687.50,16384,20,true,true,OK,accept,true
sml,MLWorks,matrix.sml,1594,Leo,435,435,7435958.50,19604.00,32768,20,true,true,OK,accept,true
sml,MLWorks,matrix.sml,1594,GLL,435,435,0.00,0.00,0,0,false,false,TIMEOUT,accept,
sml,MLWorks,matrix.sml,1594,RNGLR,435,435,14124937.00,48187.50,16384,20,true,true,OK,accept,true
sml,MLWorks,matrix.sml,1594,BRNGLR,435,435,10578124.50,14665.50,16384,20,true,true,OK,accept,true
sml,MLWorks,superpose.sml,1506,Leo,436,436,3301270.50,19062.50,16384,20,true,true,OK,accept,true
sml,MLWorks,superpose.sml,1506,GLL,436,436,0.00,0.00,0,0,false,false,TIMEOUT,accept,
sml,MLWorks,superpose.sml,1506,RNGLR,436,436,1215166.50,4083.50,16384,20,true,true,OK,accept,true
sml,MLWorks,superpose.sml,1506,BRNGLR,436,436,1108562.00,12270.00,16384,20,true,true,OK,accept,true
sml,MLWorks,modules.sml,1978,Leo,437,437,4088125.00,40875.00,16384,20,true,true,OK,accept,true
sml,MLWorks,modules.sml,1978,GLL,437,437,0.00,0.00,0,0,false,false,TIMEOUT,accept,
sml,MLWorks,modules.sml,1978,RNGLR,437,437,2723042.00,51895.50,16384,20,true,true,OK,accept,true
sml,MLWorks,modules.sml,1978,BRNGLR,437,437,2425146.00,134500.00,16384,20,true,true,OK,accept,true
sml,MLWorks,hello.sml,2255,Leo,440,440,5390416.50,27229.00,16384,20,true,true,OK,accept,true
sml,MLWorks,hello.sml,2255,GLL,440,440,0.00,0.00,0,0,false,false,TIMEOUT,accept,
sml,MLWorks,hello.sml,2255,RNGLR,440,440,7922229.00,40625.00,16384,20,true,true,OK,accept,true
sml,MLWorks,hello.sml,2255,BRNGLR,440,440,5835020.50,24104.00,16384,20,true,true,OK,accept,true
sml,MLWorks,user_options.sml,2843,Leo,441,441,2443583.50,33646.50,16384,20,true,true,OK,accept,true
sml,MLWorks,user_options.sml,2843,GLL,441,441,0.00,0.00,0,0,false,false,TIMEOUT,accept,
sml,MLWorks,user_options.sml,2843,RNGLR,441,441,2118854.50,12292.00,16384,20,true,true,OK,accept,true
sml,MLWorks,user_options.sml,2843,BRNGLR,441,441,1633479.50,11979.50,16384,20,true,true,OK,accept,true
sml,MLWorks,bytearray_copy.sml,1458,Leo,446,446,4413062.00,18937.00,16384,20,true,true,OK,accept,true
sml,MLWorks,bytearray_copy.sml,1458,GLL,446,446,0.00,0.00,0,0,false,false,TIMEOUT,accept,
sml,MLWorks,bytearray_copy.sml,1458,RNGLR,446,446,1345729.00,18166.50,16384,20,true,true,OK,accept,true
sml,MLWorks,bytearray_copy.sml,1458,BRNGLR,446,446,1180375.00,19291.50,16384,20,true,true,OK,accept,true
sml,MLWorks,array_copy.sml,1552,Leo,446,446,4429396.00,37146.00,16384,20,true,true,OK,accept,true
sml,MLWorks,array_copy.sml,1552,GLL,446,446,0.00,0.00,0,0,false,false,TIMEOUT,accept,
sml,MLWorks,array_copy.sml,1552,RNGLR,446,446,1339396.00,10979.50,16384,20,true,true,OK,accept,true
sml,MLWorks,array_copy.sml,1552,BRNGLR,446,446,1166312.50,13292.00,16384,20,true,true,OK,accept,true
sml,MLWorks,_imperative_io.sml,1699,Leo,447,447,5566458.00,41750.00,16384,20,true,true,OK,accept,true
sml,MLWorks,_imperative_io.sml,1699,GLL,447,447,0.00,0.00,0,0,false,false,TIMEOUT,accept,
sml,MLWorks,_imperative_io.sml,1699,RNGLR,447,447,6700396.00,17458.50,16384,20,true,true,OK,accept,true
sml,MLWorks,_imperative_io.sml,1699,BRNGLR,447,447,4897687.00,17041.00,16384,20,true,true,OK,accept,true
sml,MLWorks,_options.sml,2809,Leo,447,447,2354459.00,23167.00,16384,20,true,true,OK,accept,true
sml,MLWorks,_options.sml,2809,GLL,447,447,0.00,0.00,0,0,false,false,TIMEOUT,accept,
sml,MLWorks,_options.sml,2809,RNGLR,447,447,1298208.00,14770.50,16384,20,true,true,OK,accept,true
sml,MLWorks,_options.sml,2809,BRNGLR,447,447,1125979.00,10250.00,16384,20,true,true,OK,accept,true
sml,MLWorks,sphere.sml,1313,Leo,449,449,3753812.50,31645.50,16384,20,true,true,OK,accept,true
sml,MLWorks,sphere.sml,1313,GLL,449,449,0.00,0.00,0,0,false,false,TIMEOUT,accept,
sml,MLWorks,sphere.sml,1313,RNGLR,449,449,1414917.00,6771.50,16384,20,true,true,OK,accept,true
sml,MLWorks,sphere.sml,1313,BRNGLR,449,449,1302354.50,11354.50,16384,20,true,true,OK,accept,true
sml,MLWorks,tooldata.sml,2203,Leo,449,449,2928562.50,9479.00,16384,20,true,true,OK,accept,true
sml,MLWorks,tooldata.sml,2203,GLL,449,449,0.00,0.00,0,0,false,false,TIMEOUT,accept,
sml,MLWorks,tooldata.sml,2203,RNGLR,449,449,2429729.50,17146.50,16384,20,true,true,OK,accept,true
sml,MLWorks,tooldata.sml,2203,BRNGLR,449,449,1909499.50,9896.00,16384,20,true,true,OK,accept,true
sml,MLWorks,__math.sml,1557,Leo,450,450,5230041.50,20625.50,16384,20,true,true,OK,accept,true
sml,MLWorks,__math.sml,1557,GLL,450,450,0.00,0.00,0,0,false,false,TIMEOUT,accept,
sml,MLWorks,__math.sml,1557,RNGLR,450,450,4755687.00,180228.50,16384,20,true,true,OK,accept,true
sml,MLWorks,__math.sml,1557,BRNGLR,450,450,3859646.00,237187.50,16384,20,true,true,OK,accept,true
sml,MLWorks,__sml90.sml,1960,Leo,450,450,4438604.00,37395.50,16384,20,true,true,OK,accept,true
sml,MLWorks,__sml90.sml,1960,GLL,450,450,0.00,0.00,0,0,false,false,TIMEOUT,accept,
sml,MLWorks,__sml90.sml,1960,RNGLR,450,450,5457417.00,35708.00,16384,20,true,true,OK,accept,true
sml,MLWorks,__sml90.sml,1960,BRNGLR,450,450,4059395.50,58333.00,16384,20,true,true,OK,accept,true
sml,MLWorks,mono_vector.sml,1617,Leo,453,453,3026166.00,17228.50,16384,20,true,true,OK,accept,true
sml,MLWorks,mono_vector.sml,1617,GLL,453,453,0.00,0.00,0,0,false,false,TIMEOUT,accept,
sml,MLWorks,mono_vector.sml,1617,RNGLR,453,453,1785146.00,14312.50,16384,20,true,true,OK,accept,true
sml,MLWorks,mono_vector.sml,1617,BRNGLR,453,453,1476541.50,9458.00,16384,20,true,true,OK,accept,true
sml,MLWorks,char_vector.sml,1551,Leo,458,458,4736229.50,88708.50,16384,20,true,true,OK,accept,true
sml,MLWorks,char_vector.sml,1551,GLL,458,458,0.00,0.00,0,0,false,false,TIMEOUT,accept,
sml,MLWorks,char_vector.sml,1551,RNGLR,458,458,4245250.00,31583.00,16384,20,true,true,OK,accept,true
sml,MLWorks,char_vector.sml,1551,BRNGLR,458,458,3279854.00,20604.00,16384,20,true,true,OK,accept,true
sml,MLWorks,__net_db.sml,1731,Leo,458,458,3562479.50,19750.00,16384,20,true,true,OK,accept,true
sml,MLWorks,__net_db.sml,1731,GLL,458,458,0.00,0.00,0,0,false,false,TIMEOUT,accept,
sml,MLWorks,__net_db.sml,1731,RNGLR,458,458,1532895.50,11875.50,16384,20,true,true,OK,accept,true
sml,MLWorks,__net_db.sml,1731,BRNGLR,458,458,1399395.50,12541.00,16384,20,true,true,OK,accept,true
sml,MLWorks,exception12.sml,570,Leo,461,461,3177937.00,26125.00,16384,20,true,true,OK,accept,true
sml,MLWorks,exception12.sml,570,GLL,461,461,0.00,0.00,0,0,false,false,TIMEOUT,accept,
sml,MLWorks,exception12.sml,570,RNGLR,461,461,2678479.50,10583.50,16384,20,true,true,OK,accept,true
sml,MLWorks,exception12.sml,570,BRNGLR,461,461,2160000.00,10083.00,16384,20,true,true,OK,accept,true
sml,MLWorks,__lowlevel.sml,1697,Leo,461,461,4361229.50,21208.50,16384,20,true,true,OK,accept,true
sml,MLWorks,__lowlevel.sml,1697,GLL,461,461,0.00,0.00,0,0,false,false,TIMEOUT,accept,
sml,MLWorks,__lowlevel.sml,1697,RNGLR,461,461,2479791.50,14833.50,16384,20,true,true,OK,accept,true
sml,MLWorks,__lowlevel.sml,1697,BRNGLR,461,461,2011354.00,18458.50,16384,20,true,true,OK,accept,true
sml,MLWorks,pervasives.sml,2575,Leo,464,464,2177521.00,14395.50,16384,20,true,true,OK,accept,true
sml,MLWorks,pervasives.sml,2575,GLL,464,464,0.00,0.00,0,0,false,false,TIMEOUT,accept,
sml,MLWorks,pervasives.sml,2575,RNGLR,464,464,609000.00,7770.50,16384,20,true,true,OK,accept,true
sml,MLWorks,pervasives.sml,2575,BRNGLR,464,464,558542.00,9416.50,16384,20,true,true,OK,accept,true
sml,MLWorks,LRbasics.sml,2255,Leo,465,465,2141104.50,12604.50,16384,20,true,true,OK,accept,true
sml,MLWorks,LRbasics.sml,2255,GLL,465,465,0.00,0.00,0,0,false,false,TIMEOUT,accept,
sml,MLWorks,LRbasics.sml,2255,RNGLR,465,465,468812.50,6395.50,16384,20,true,true,OK,accept,true
sml,MLWorks,LRbasics.sml,2255,BRNGLR,465,465,459458.50,3145.50,16384,20,true,true,OK,accept,true
sml,MLWorks,sorts.sml,1238,Leo,466,466,4013979.50,33500.50,16384,20,true,true,OK,accept,true
sml,MLWorks,sorts.sml,1238,GLL,466,466,0.00,0.00,0,0,false,false,TIMEOUT,accept,
sml,MLWorks,sorts.sml,1238,RNGLR,466,466,1414500.00,16708.50,16384,20,true,true,OK,accept,true
sml,MLWorks,sorts.sml,1238,BRNGLR,466,466,1314604.00,7395.50,16384,20,true,true,OK,accept,true
sml,MLWorks,_typerep_utils.sml,2219,Leo,467,467,3662479.00,19437.00,16384,20,true,true,OK,accept,true
sml,MLWorks,_typerep_utils.sml,2219,GLL,467,467,0.00,0.00,0,0,false,false,TIMEOUT,accept,
sml,MLWorks,_typerep_utils.sml,2219,RNGLR,467,467,1331792.00,10812.50,16384,20,true,true,OK,accept,true
sml,MLWorks,_typerep_utils.sml,2219,BRNGLR,467,467,1158479.50,11208.50,16384,20,true,true,OK,accept,true
sml,MLWorks,proj_file.sml,2721,Leo,467,467,5189333.00,30958.00,16384,20,true,true,OK,accept,true
sml,MLWorks,proj_file.sml,2721,GLL,467,467,0.00,0.00,0,0,false,false,TIMEOUT,accept,
sml,MLWorks,proj_file.sml,2721,RNGLR,467,467,8450291.50,18437.50,16384,20,true,true,OK,accept,true
sml,MLWorks,proj_file.sml,2721,BRNGLR,467,467,6142896.00,40229.50,16384,20,true,true,OK,accept,true
sml,MLWorks,_os_file_sys.sml,2287,Leo,468,468,5860625.00,23416.50,16384,20,true,true,OK,accept,true
sml,MLWorks,_os_file_sys.sml,2287,GLL,468,468,0.00,0.00,0,0,false,false,TIMEOUT,accept,
sml,MLWorks,_os_file_sys.sml,2287,RNGLR,468,468,8775083.00,15729.00,16384,20,true,true,OK,accept,true
sml,MLWorks,_os_file_sys.sml,2287,BRNGLR,468,468,6510187.00,23895.00,16384,20,true,true,OK,accept,true
sml,MLWorks,environ.sml,2593,Leo,468,468,4273541.50,26645.50,16384,20,true,true,OK,accept,true
sml,MLWorks,environ.sml,2593,GLL,468,468,0.00,0.00,0,0,false,false,TIMEOUT,accept,
sml,MLWorks,environ.sml,2593,RNGLR,468,468,2790333.50,13354.00,16384,20,true,true,OK,accept,true
sml,MLWorks,environ.sml,2593,BRNGLR,468,468,2134438.00,11209.00,16384,20,true,true,OK,accept,true
sml,MLWorks,_fi_int_abs_syn.sml,2459,Leo,469,469,4110083.50,15541.50,16384,20,true,true,OK,accept,true
sml,MLWorks,_fi_int_abs_syn.sml,2459,GLL,469,469,0.00,0.00,0,0,false,false,TIMEOUT,accept,
sml,MLWorks,_fi_int_abs_syn.sml,2459,RNGLR,469,469,1443854.00,10375.50,16384,20,true,true,OK,accept,true
sml,MLWorks,_fi_int_abs_syn.sml,2459,BRNGLR,469,469,1246854.00,7291.50,16384,20,true,true,OK,accept,true
sml,MLWorks,eq_fold.sml,1559,Leo,470,470,19997583.50,34437.50,98304,20,true,true,OK,accept,true
sml,MLWorks,eq_fold.sml,1559,GLL,470,470,0.00,0.00,0,0,false,false,TIMEOUT,accept,
sml,MLWorks,eq_fold.sml,1559,RNGLR,470,470,65264208.00,180166.50,294912,10,true,true,OK,accept,true
sml,MLWorks,eq_fold.sml,1559,BRNGLR,470,470,50943833.00,410229.00,393216,10,true,true,OK,accept,true
sml,MLWorks,ident.sml,2272,Leo,473,473,6846083.00,35979.00,98304,20,true,true,OK,accept,true
sml,MLWorks,ident.sml,2272,GLL,473,473,0.00,0.00,0,0,false,false,TIMEOUT,accept,
sml,MLWorks,ident.sml,2272,RNGLR,473,473,14391271.00,161292.00,16384,20,true,true,OK,accept,true
sml,MLWorks,ident.sml,2272,BRNGLR,473,473,10427125.00,135041.50,16384,20,true,true,OK,accept,true
sml,MLWorks,c_item_tree.sml,2319,Leo,473,473,4583958.00,102520.00,16384,20,true,true,OK,accept,true
sml,MLWorks,c_item_tree.sml,2319,GLL,473,473,0.00,0.00,0,0,false,false,TIMEOUT,accept,
sml,MLWorks,c_item_tree.sml,2319,RNGLR,473,473,3165666.50,13417.00,16384,20,true,true,OK,accept,true
sml,MLWorks,c_item_tree.sml,2319,BRNGLR,473,473,2626750.00,10562.50,16384,20,true,true,OK,accept,true
sml,MLWorks,scheme.sml,2438,Leo,473,473,4609791.50,18479.00,16384,20,true,true,OK,accept,true
sml,MLWorks,scheme.sml,2438,GLL,473,473,0.00,0.00,0,0,false,false,TIMEOUT,accept,
sml,MLWorks,scheme.sml,2438,RNGLR,473,473,2940771.00,11604.00,16384,20,true,true,OK,accept,true
sml,MLWorks,scheme.sml,2438,BRNGLR,473,473,2321062.50,31999.50,16384,20,true,true,OK,accept,true
sml,MLWorks,userRPO.sml,1987,Leo,475,475,3807958.00,102707.50,16384,20,true,true,OK,accept,true
sml,MLWorks,userRPO.sml,1987,GLL,475,475,0.00,0.00,0,0,false,false,TIMEOUT,accept,
sml,MLWorks,userRPO.sml,1987,RNGLR,475,475,1186041.50,16833.00,16384,20,true,true,OK,accept,true
sml,MLWorks,userRPO.sml,1987,BRNGLR,475,475,1111208.00,20146.00,16384,20,true,true,OK,accept,true
sml,MLWorks,__quadrature.sml,1954,Leo,483,483,4965499.50,33250.00,16384,20,true,true,OK,accept,true
sml,MLWorks,__quadrature.sml,1954,GLL,483,483,0.00,0.00,0,0,false,false,TIMEOUT,accept,
sml,MLWorks,__quadrature.sml,1954,RNGLR,483,483,1786292.00,32542.00,16384,20,true,true,OK,accept,true
sml,MLWorks,__quadrature.sml,1954,BRNGLR,483,483,1537646.00,5146.00,16384,20,true,true,OK,accept,true
sml,MLWorks,mlworks_c_interface.sml,2420,Leo,487,487,5208958.50,17521.00,16384,20,true,true,OK,accept,true
sml,MLWorks,mlworks_c_interface.sml,2420,GLL,487,487,0.00,0.00,0,0,false,false,TIMEOUT,accept,
sml,MLWorks,mlworks_c_interface.sml,2420,RNGLR,487,487,7828208.00,20791.50,16384,20,true,true,OK,accept,true
sml,MLWorks,mlworks_c_interface.sml,2420,BRNGLR,487,487,5799416.50,113374.50,16384,20,true,true,OK,accept,true
sml,MLWorks,_i386print.sml,2017,Leo,489,489,4313520.50,103333.00,16384,20,true,true,OK,accept,true
sml,MLWorks,_i386print.sml,2017,GLL,489,489,0.00,0.00,0,0,false,false,TIMEOUT,accept,
sml,MLWorks,_i386print.sml,2017,RNGLR,489,489,1803166.50,25895.50,16384,20,true,true,OK,accept,true
sml,MLWorks,_i386print.sml,2017,BRNGLR,489,489,1539604.50,7542.00,16384,20,true,true,OK,accept,true
sml,MLWorks,lists.sml,1763,Leo,492,492,5870792.00,21208.50,16384,20,true,true,OK,accept,true
sml,MLWorks,lists.sml,1763,GLL,492,492,0.00,0.00,0,0,false,false,TIMEOUT,accept,
sml,MLWorks,lists.sml,1763,RNGLR,492,492,7524312.50,24312.50,16384,20,true,true,OK,accept,true
sml,MLWorks,lists.sml,1763,BRNGLR,492,492,5495167.00,9604.00,16384,20,true,true,OK,accept,true
sml,MLWorks,__roman.sml,1535,Leo,494,494,4529145.50,19916.50,16384,20,true,true,OK,accept,true
sml,MLWorks,__roman.sml,1535,GLL,494,494,0.00,0.00,0,0,false,false,TIMEOUT,accept,
sml,MLWorks,__roman.sml,1535,RNGLR,494,494,1133333.00,7916.00,16384,20,true,true,OK,accept,true
sml,MLWorks,__roman.sml,1535,BRNGLR,494,494,1078208.50,12937.50,16384,20,true,true,OK,accept,true
sml,MLWorks,paths.sml,1809,Leo,495,495,5525104.50,13833.50,16384,20,true,true,OK,accept,true
sml,MLWorks,paths.sml,1809,GLL,495,495,0.00,0.00,0,0,false,false,TIMEOUT,accept,
sml,MLWorks,paths.sml,1809,RNGLR,495,495,8230000.00,49729.00,16384,20,true,true,OK,accept,true
sml,MLWorks,paths.sml,1809,BRNGLR,495,495,6202125.50,21979.50,16384,20,true,true,OK,accept,true
sml,MLWorks,floatarray_copy.sml,1609,Leo,496,496,4856083.50,16812.00,16384,20,true,true,OK,accept,true
sml,MLWorks,floatarray_copy.sml,1609,GLL,496,496,0.00,0.00,0,0,false,false,TIMEOUT,accept,
sml,MLWorks,floatarray_copy.sml,1609,RNGLR,496,496,1451103.50,12979.00,16384,20,true,true,OK,accept,true
sml,MLWorks,floatarray_copy.sml,1609,BRNGLR,496,496,1254708.00,12146.00,16384,20,true,true,OK,accept,true
sml,MLWorks,i_variable.sml,2191,Leo,507,507,4188479.00,39083.00,16384,20,true,true,OK,accept,true
sml,MLWorks,i_variable.sml,2191,GLL,507,507,0.00,0.00,0,0,false,false,TIMEOUT,accept,
sml,MLWorks,i_variable.sml,2191,RNGLR,507,507,1539791.50,10187.50,16384,20,true,true,OK,accept,true
sml,MLWorks,i_variable.sml,2191,BRNGLR,507,507,1454291.50,21999.50,16384,20,true,true,OK,accept,true
sml,MLWorks,i_weights.sml,2317,Leo,508,508,4197229.50,21958.50,16384,20,true,true,OK,accept,true
sml,MLWorks,i_weights.sml,2317,GLL,508,508,0.00,0.00,0,0,false,false,TIMEOUT,accept,
sml,MLWorks,i_weights.sml,2317,RNGLR,508,508,1470500.00,7583.00,16384,20,true,true,OK,accept,true
sml,MLWorks,i_weights.sml,2317,BRNGLR,508,508,1411104.00,4458.00,16384,20,true,true,OK,accept,true
sml,MLWorks,_sys_messages.sml,2427,Leo,508,508,4034542.00,43313.00,16384,20,true,true,OK,accept,true
sml,MLWorks,_sys_messages.sml,2427,GLL,508,508,0.00,0.00,0,0,false,false,TIMEOUT,accept,
sml,MLWorks,_sys_messages.sml,2427,RNGLR,508,508,1321916.50,13917.00,16384,20,true,true,OK,accept,true
sml,MLWorks,_sys_messages.sml,2427,BRNGLR,508,508,1153041.50,16916.50,16384,20,true,true,OK,accept,true
sml,MLWorks,datatypes.sml,2162,Leo,510,510,3169937.50,26375.50,16384,20,true,true,OK,accept,true
sml,MLWorks,datatypes.sml,2162,GLL,510,510,0.00,0.00,0,0,false,false,TIMEOUT,accept,
sml,MLWorks,datatypes.sml,2162,RNGLR,510,510,1072687.50,6520.50,16384,20,true,true,OK,accept,true
sml,MLWorks,datatypes.sml,2162,BRNGLR,510,510,1013000.00,7625.50,16384,20,true,true,OK,accept,true
sml,MLWorks,name.sml,1580,Leo,514,514,4111000.00,37646.00,16384,20,true,true,OK,accept,true
sml,MLWorks,name.sml,1580,GLL,514,514,0.00,0.00,0,0,false,false,TIMEOUT,accept,
sml,MLWorks,name.sml,1580,RNGLR,514,514,1677270.50,11375.00,16384,20,true,true,OK,accept,true
sml,MLWorks,name.sml,1580,BRNGLR,514,514,1482417.00,11542.00,16384,20,true,true,OK,accept,true
sml,MLWorks,_sexpr.sml,1721,Leo,514,514,5311375.00,30083.00,16384,20,true,true,OK,accept,true
sml,MLWorks,_sexpr.sml,1721,GLL,514,514,0.00,0.00,0,0,false,false,TIMEOUT,accept,
sml,MLWorks,_sexpr.sml,1721,RNGLR,514,514,1371354.00,19646.00,16384,20,true,true,OK,accept,true
sml,MLWorks,_sexpr.sml,1721,BRNGLR,514,514,1313771.00,10208.50,16384,20,true,true,OK,accept,true
sml,MLWorks,_custom.sml,1646,Leo,515,515,4077437.50,26104.50,16384,20,true,true,OK,accept,true
sml,MLWorks,_custom.sml,1646,GLL,515,515,0.00,0.00,0,0,false,false,TIMEOUT,accept,
sml,MLWorks,_custom.sml,1646,RNGLR,515,515,2096291.50,9124.50,16384,20,true,true,OK,accept,true
sml,MLWorks,_custom.sml,1646,BRNGLR,515,515,1755437.50,20104.50,16384,20,true,true,OK,accept,true
sml,MLWorks,_core.sml,1714,Leo,516,516,3627062.50,22396.00,16384,20,true,true,OK,accept,true
sml,MLWorks,_core.sml,1714,GLL,516,516,0.00,0.00,0,0,false,false,TIMEOUT,accept,
sml,MLWorks,_core.sml,1714,RNGLR,516,516,1288750.00,5750.00,16384,20,true,true,OK,accept,true
sml,MLWorks,_core.sml,1714,BRNGLR,516,516,1178771.00,29083.50,16384,20,true,true,OK,accept,true
sml,MLWorks,_miroptimiser.sml,2806,Leo,518,518,4210562.00,27437.50,16384,20,true,true,OK,accept,true
sml,MLWorks,_miroptimiser.sml,2806,GLL,518,518,0.00,0.00,0,0,false,false,TIMEOUT,accept,
sml,MLWorks,_miroptimiser.sml,2806,RNGLR,518,518,1635646.00,21562.50,16384,20,true,true,OK,accept,true
sml,MLWorks,_miroptimiser.sml,2806,BRNGLR,518,518,1392813.00,11812.50,16384,20,true,true,OK,accept,true
sml,MLWorks,idl-parser.sml,2328,Leo,520,520,4681520.50,30500.50,16384,20,true,true,OK,accept,true
sml,MLWorks,idl-parser.sml,2328,GLL,520,520,0.00,0.00,0,0,false,false,TIMEOUT,accept,
sml,MLWorks,idl-parser.sml,2328,RNGLR,520,520,3377083.00,18188.00,16384,20,true,true,OK,accept,true
sml,MLWorks,idl-parser.sml,2328,BRNGLR,520,520,2794312.00,14103.50,16384,20,true,true,OK,accept,true
sml,MLWorks,userAKBO.sml,2082,Leo,525,525,4265145.50,24333.50,16384,20,true,true,OK,accept,true
sml,MLWorks,userAKBO.sml,2082,GLL,525,525,0.00,0.00,0,0,false,false,TIMEOUT,accept,
sml,MLWorks,userAKBO.sml,2082,RNGLR,525,525,1466687.50,35625.00,16384,20,true,true,OK,accept,true
sml,MLWorks,userAKBO.sml,2082,BRNGLR,525,525,1261354.50,9875.50,16384,20,true,true,OK,accept,true
sml,MLWorks,statistics.sml,3494,Leo,529,529,7616520.50,54979.50,32768,20,true,true,OK,accept,true
sml,MLWorks,statistics.sml,3494,GLL,529,529,0.00,0.00,0,0,false,false,TIMEOUT,accept,
sml,MLWorks,statistics.sml,3494,RNGLR,529,529,10648916.50,87125.00,16384,20,true,true,OK,accept,true
sml,MLWorks,statistics.sml,3494,BRNGLR,529,529,7720854.00,21521.50,16384,20,true,true,OK,accept,true
sml,MLWorks,__int16.sml,1724,Leo,531,531,5828125.00,17229.00,16384,20,true,true,OK,accept,true
sml,MLWorks,__int16.sml,1724,GLL,531,531,0.00,0.00,0,0,false,false,TIMEOUT,accept,
sml,MLWorks,__int16.sml,1724,RNGLR,531,531,10390354.00,19938.00,16384,20,true,true,OK,accept,true
sml,MLWorks,__int16.sml,1724,BRNGLR,531,531,7632666.00,64103.00,16384,20,true,true,OK,accept,true
sml,MLWorks,__int8.sml,1721,Leo,532,532,5667104.50,66688.00,16384,20,true,true,OK,accept,true
sml,MLWorks,__int8.sml,1721,GLL,532,532,0.00,0.00,0,0,false,false,TIMEOUT,accept,
sml,MLWorks,__int8.sml,1721,RNGLR,532,532,9023604.00,36312.50,16384,20,true,true,OK,accept,true
sml,MLWorks,__int8.sml,1721,BRNGLR,532,532,6664541.50,33541.50,16384,20,true,true,OK,accept,true
sml,MLWorks,object.sml,2690,Leo,532,532,6754500.50,45854.00,16384,20,true,true,OK,accept,true
sml,MLWorks,object.sml,2690,GLL,532,532,0.00,0.00,0,0,false,false,TIMEOUT,accept,
sml,MLWorks,object.sml,2690,RNGLR,532,532,12235145.50,140271.50,16384,20,true,true,OK,accept,true
sml,MLWorks,object.sml,2690,BRNGLR,532,532,8749062.50,33167.00,16384,20,true,true,OK,accept,true
sml,MLWorks,__host_db.sml,2069,Leo,539,539,4489874.50,41665.50,16384,20,true,true,OK,accept,true
sml,MLWorks,__host_db.sml,2069,GLL,539,539,0.00,0.00,0,0,false,false,TIMEOUT,accept,
sml,MLWorks,__host_db.sml,2069,RNGLR,539,539,1765646.00,8958.50,16384,20,true,true,OK,accept,true
sml,MLWorks,__host_db.sml,2069,BRNGLR,539,539,1603541.50,9354.00,16384,20,true,true,OK,accept,true
sml,MLWorks,_unixgetenv.sml,2582,Leo,539,539,4394375.00,24562.50,16384,20,true,true,OK,accept,true
sml,MLWorks,_unixgetenv.sml,2582,GLL,539,539,0.00,0.00,0,0,false,false,TIMEOUT,accept,
sml,MLWorks,_unixgetenv.sml,2582,RNGLR,539,539,1499896.00,13854.00,16384,20,true,true,OK,accept,true
sml,MLWorks,_unixgetenv.sml,2582,BRNGLR,539,539,1371874.50,9083.00,16384,20,true,true,OK,accept,true
sml,MLWorks,join.sml,2533,Leo,543,543,3324166.50,16708.50,16384,20,true,true,OK,accept,true
sml,MLWorks,join.sml,2533,GLL,543,543,0.00,0.00,0,0,false,false,TIMEOUT,accept,
sml,MLWorks,join.sml,2533,RNGLR,543,543,1615687.50,11583.00,16384,20,true,true,OK,accept,true
sml,MLWorks,join.sml,2533,BRNGLR,543,543,1342021.00,2188.00,16384,20,true,true,OK,accept,true
sml,MLWorks,monomap.sml,1873,Leo,544,544,5714938.00,38354.00,16384,20,true,true,OK,accept,true
sml,MLWorks,monomap.sml,1873,GLL,544,544,0.00,0.00,0,0,false,false,TIMEOUT,accept,
sml,MLWorks,monomap.sml,1873,RNGLR,544,544,5819458.00,48041.50,16384,20,true,true,OK,accept,true
sml,MLWorks,monomap.sml,1873,BRNGLR,544,544,4331667.00,44667.00,16384,20,true,true,OK,accept,true
sml,MLWorks,_scons.sml,2130,Leo,551,551,4677062.50,36562.50,16384,20,true,true,OK,accept,true
sml,MLWorks,_scons.sml,2130,GLL,551,551,0.00,0.00,0,0,false,false,TIMEOUT,accept,
sml,MLWorks,_scons.sml,2130,RNGLR,551,551,1216083.50,15500.50,16384,20,true,true,OK,accept,true
sml,MLWorks,_scons.sml,2130,BRNGLR,551,551,1139562.50,12979.00,16384,20,true,true,OK,accept,true
sml,MLWorks,orderings.sml,2718,Leo,551,551,4645937.50,14812.50,16384,20,true,true,OK,accept,true
sml,MLWorks,orderings.sml,2718,GLL,551,551,0.00,0.00,0,0,false,false,TIMEOUT,accept,
sml,MLWorks,orderings.sml,2718,RNGLR,551,551,3196437.50,11750.00,16384,20,true,true,OK,accept,true
sml,MLWorks,orderings.sml,2718,BRNGLR,551,551,2509375.00,10604.00,16384,20,true,true,OK,accept,true
sml,MLWorks,_win_ntgetenv.sml,2854,Leo,551,551,4632687.50,15458.50,16384,20,true,true,OK,accept,true
sml,MLWorks,_win_ntgetenv.sml,2854,GLL,551,551,0.00,0.00,0,0,false,false,TIMEOUT,accept,
sml,MLWorks,_win_ntgetenv.sml,2854,RNGLR,551,551,1984333.00,15041.50,16384,20,true,true,OK,accept,true
sml,MLWorks,_win_ntgetenv.sml,2854,BRNGLR,551,551,1822333.00,13083.00,16384,20,true,true,OK,accept,true
sml,MLWorks,__dirent.sml,3311,Leo,555,555,16113208.50,165396.00,98304,20,true,true,OK,accept,true
sml,MLWorks,__dirent.sml,3311,GLL,555,555,0.00,0.00,0,0,false,false,TIMEOUT,accept,
sml,MLWorks,__dirent.sml,3311,RNGLR,555,555,25614562.50,46208.50,16384,20,true,true,OK,accept,true
sml,MLWorks,__dirent.sml,3311,BRNGLR,555,555,18559604.00,197666.50,16384,20,true,true,OK,accept,true
sml,MLWorks,_interload.sml,2383,Leo,557,557,4286729.50,21312.50,16384,20,true,true,OK,accept,true
sml,MLWorks,_interload.sml,2383,GLL,557,557,0.00,0.00,0,0,false,false,TIMEOUT,accept,
sml,MLWorks,_interload.sml,2383,RNGLR,557,557,1058792.00,9271.00,16384,20,true,true,OK,accept,true
sml,MLWorks,_interload.sml,2383,BRNGLR,557,557,1019916.50,7666.50,16384,20,true,true,OK,accept,true
sml,MLWorks,tk_windows.sml,2436,Leo,560,560,5120542.00,31563.00,16384,20,true,true,OK,accept,true
sml,MLWorks,tk_windows.sml,2436,GLL,560,560,0.00,0.00,0,0,false,false,TIMEOUT,accept,
sml,MLWorks,tk_windows.sml,2436,RNGLR,560,560,5191791.50,13666.00,16384,20,true,true,OK,accept,true
sml,MLWorks,tk_windows.sml,2436,BRNGLR,560,560,4057125.00,9145.50,16384,20,true,true,OK,accept,true
sml,MLWorks,_type_exp.sml,2602,Leo,560,560,4230687.50,30396.00,16384,20,true,true,OK,accept,true
sml,MLWorks,_type_exp.sml,2602,GLL,560,560,0.00,0.00,0,0,false,false,TIMEOUT,accept,
sml,MLWorks,_type_exp.sml,2602,RNGLR,560,560,1118458.00,11063.00,16384,20,true,true,OK,accept,true
sml,MLWorks,_type_exp.sml,2602,BRNGLR,560,560,1025208.50,8146.00,16384,20,true,true,OK,accept,true
sml,MLWorks,mltags.sml,2394,Leo,564,564,4392541.50,23938.00,16384,20,true,true,OK,accept,true
sml,MLWorks,mltags.sml,2394,GLL,564,564,0.00,0.00,0,0,false,false,TIMEOUT,accept,
sml,MLWorks,mltags.sml,2394,RNGLR,564,564,1217583.50,18750.00,16384,20,true,true,OK,accept,true
sml,MLWorks,mltags.sml,2394,BRNGLR,564,564,1157083.50,11791.50,16384,20,true,true,OK,accept,true
sml,MLWorks,_text_io.sml,2604,Leo,565,565,4375916.50,91229.00,16384,20,true,true,OK,accept,true
sml,MLWorks,_text_io.sml,2604,GLL,565,565,0.00,0.00,0,0,false,false,TIMEOUT,accept,
sml,MLWorks,_text_io.sml,2604,RNGLR,565,565,2109979.00,16895.50,16384,20,true,true,OK,accept,true
sml,MLWorks,_text_io.sml,2604,BRNGLR,565,565,1773458.00,17583.50,16384,20,true,true,OK,accept,true
sml,MLWorks,testNT.sml,2361,Leo,567,567,4896146.00,19353.50,16384,20,true,true,OK,accept,true
sml,MLWorks,testNT.sml,2361,GLL,567,567,0.00,0.00,0,0,false,false,TIMEOUT,accept,
sml,MLWorks,testNT.sml,2361,RNGLR,567,567,1638687.50,3625.00,16384,20,true,true,OK,accept,true
sml,MLWorks,testNT.sml,2361,BRNGLR,567,567,1480646.00,11458.50,16384,20,true,true,OK,accept,true
sml,MLWorks,__list_pair.sml,1409,Leo,568,568,4111354.00,18479.00,16384,20,true,true,OK,accept,true
sml,MLWorks,__list_pair.sml,1409,GLL,568,568,0.00,0.00,0,0,false,false,TIMEOUT,accept,
sml,MLWorks,__list_pair.sml,1409,RNGLR,568,568,1312791.50,13437.00,16384,20,true,true,OK,accept,true
sml,MLWorks,__list_pair.sml,1409,BRNGLR,568,568,1462375.00,112125.50,16384,20,true,true,OK,accept,true
sml,MLWorks,_datatypes.sml,2415,Leo,572,572,4157229.00,149750.00,16384,20,true,true,OK,accept,true
sml,MLWorks,_datatypes.sml,2415,GLL,572,572,0.00,0.00,0,0,false,false,TIMEOUT,accept,
sml,MLWorks,_datatypes.sml,2415,RNGLR,572,572,1436291.50,9354.00,16384,20,true,true,OK,accept,true
sml,MLWorks,_datatypes.sml,2415,BRNGLR,572,572,1307687.50,14728.50,16384,20,true,true,OK,accept,true
sml,MLWorks,parserenv.sml,2133,Leo,575,575,5516187.50,25687.50,16384,20,true,true,OK,accept,true
sml,MLWorks,parserenv.sml,2133,GLL,575,575,0.00,0.00,0,0,false,false,TIMEOUT,accept,
sml,MLWorks,parserenv.sml,2133,RNGLR,575,575,5788146.00,22688.00,16384,20,true,true,OK,accept,true
sml,MLWorks,parserenv.sml,2133,BRNGLR,575,575,4301208.50,19875.50,16384,20,true,true,OK,accept,true
sml,MLWorks,system.sml,3108,Leo,575,575,5069479.00,37666.50,16384,20,true,true,OK,accept,true
sml,MLWorks,system.sml,3108,GLL,575,575,0.00,0.00,0,0,false,false,TIMEOUT,accept,
sml,MLWorks,system.sml,3108,RNGLR,575,575,2225166.50,21000.00,16384,20,true,true,OK,accept,true
sml,MLWorks,system.sml,3108,BRNGLR,575,575,1916500.00,23000.00,16384,20,true,true,OK,accept,true
sml,MLWorks,i_precedence.sml,2648,Leo,579,579,5246375.00,29937.50,16384,20,true,true,OK,accept,true
sml,MLWorks,i_precedence.sml,2648,GLL,579,579,0.00,0.00,0,0,false,false,TIMEOUT,accept,
sml,MLWorks,i_precedence.sml,2648,RNGLR,579,579,1924520.50,51312.00,16384,20,true,true,OK,accept,true
sml,MLWorks,i_precedence.sml,2648,BRNGLR,579,579,1769021.00,11480.00,16384,20,true,true,OK,accept,true
sml,MLWorks,calc.sml,1909,Leo,580,580,4443250.00,40458.00,16384,20,true,true,OK,accept,true
sml,MLWorks,calc.sml,1909,GLL,580,580,0.00,0.00,0,0,false,false,TIMEOUT,accept,
sml,MLWorks,calc.sml,1909,RNGLR,580,580,1138166.50,13312.50,16384,20,true,true,OK,accept,true
sml,MLWorks,calc.sml,1909,BRNGLR,580,580,1061000.00,12333.00,16384,20,true,true,OK,accept,true
sml,MLWorks,substitution.sml,2207,Leo,586,586,4607750.00,18604.00,16384,20,true,true,OK,accept,true
sml,MLWorks,substitution.sml,2207,GLL,586,586,0.00,0.00,0,0,false,false,TIMEOUT,accept,
sml,MLWorks,substitution.sml,2207,RNGLR,586,586,1404125.00,13416.50,16384,20,true,true,OK,accept,true
sml,MLWorks,substitution.sml,2207,BRNGLR,586,586,1324479.00,7292.00,16384,20,true,true,OK,accept,true
sml,MLWorks,__grammar.sml,2269,Leo,589,589,4064875.00,34083.00,16384,20,true,true,OK,accept,true
sml,MLWorks,__grammar.sml,2269,GLL,589,589,0.00,0.00,0,0,false,false,TIMEOUT,accept,
sml,MLWorks,__grammar.sml,2269,RNGLR,589,589,1499125.00,17791.50,16384,20,true,true,OK,accept,true
sml,MLWorks,__grammar.sml,2269,BRNGLR,589,589,1334354.00,14375.00,16384,20,true,true,OK,accept,true
sml,MLWorks,_ndfa.sml,2148,Leo,590,590,5147916.50,81520.50,16384,20,true,true,OK,accept,true
sml,MLWorks,_ndfa.sml,2148,GLL,590,590,0.00,0.00,0,0,false,false,TIMEOUT,accept,
sml,MLWorks,_ndfa.sml,2148,RNGLR,590,590,4663146.00,25521.00,16384,20,true,true,OK,accept,true
sml,MLWorks,_ndfa.sml,2148,BRNGLR,590,590,3551916.50,16874.50,16384,20,true,true,OK,accept,true
sml,MLWorks,__list.sml,1663,Leo,592,592,5869021.00,32021.50,16384,20,true,true,OK,accept,true
sml,MLWorks,__list.sml,1663,GLL,592,592,0.00,0.00,0,0,false,false,TIMEOUT,accept,
sml,MLWorks,__list.sml,1663,RNGLR,592,592,5675625.00,20791.50,16384,20,true,true,OK,accept,true
sml,MLWorks,__list.sml,1663,BRNGLR,592,592,4258583.50,16021.00,16384,20,true,true,OK,accept,true
sml,MLWorks,assoc.sml,2029,Leo,592,592,4168917.00,22853.50,16384,20,true,true,OK,accept,true
sml,MLWorks,assoc.sml,2029,GLL,592,592,0.00,0.00,0,0,false,false,TIMEOUT,accept,
sml,MLWorks,assoc.sml,2029,RNGLR,592,592,1175729.50,12979.50,16384,20,true,true,OK,accept,true
sml,MLWorks,assoc.sml,2029,BRNGLR,592,592,1123104.50,18375.50,16384,20,true,true,OK,accept,true
sml,MLWorks,prim_io_2.sml,1789,Leo,594,594,8217104.50,40083.50,16384,20,true,true,OK,accept,true
sml,MLWorks,prim_io_2.sml,1789,GLL,594,594,0.00,0.00,0,0,false,false,TIMEOUT,accept,
sml,MLWorks,prim_io_2.sml,1789,RNGLR,594,594,58463021.00,920021.00,16384,10,true,true,OK,accept,true
sml,MLWorks,prim_io_2.sml,1789,BRNGLR,594,594,44605396.00,379500.50,98304,12,true,true,OK,accept,true
sml,MLWorks,_token.sml,2629,Leo,595,595,4035833.50,38145.50,16384,20,true,true,OK,accept,true
sml,MLWorks,_token.sml,2629,GLL,595,595,0.00,0.00,0,0,false,false,TIMEOUT,accept,
sml,MLWorks,_token.sml,2629,RNGLR,595,595,865000.00,7458.50,16384,20,true,true,OK,accept,true
sml,MLWorks,_token.sml,2629,BRNGLR,595,595,846395.50,7812.50,16384,20,true,true,OK,accept,true
sml,MLWorks,prim_io_1.sml,1816,Leo,597,597,8258354.00,27750.00,16384,20,true,true,OK,accept,true
sml,MLWorks,prim_io_1.sml,1816,GLL,597,597,0.00,0.00,0,0,false,false,TIMEOUT,accept,
sml,MLWorks,prim_io_1.sml,1816,RNGLR,597,597,57351521.00,210437.00,16384,10,true,true,OK,accept,true
sml,MLWorks,prim_io_1.sml,1816,BRNGLR,597,597,44656312.00,282833.50,16384,12,true,true,OK,accept,true
sml,MLWorks,_lambdatypes.sml,2908,Leo,606,606,8555666.50,17812.50,16384,20,true,true,OK,accept,true
sml,MLWorks,_lambdatypes.sml,2908,GLL,606,606,0.00,0.00,0,0,false,false,TIMEOUT,accept,
sml,MLWorks,_lambdatypes.sml,2908,RNGLR,606,606,11816729.50,90042.50,16384,20,true,true,OK,accept,true
sml,MLWorks,_lambdatypes.sml,2908,BRNGLR,606,606,8553042.00,65208.00,16384,20,true,true,OK,accept,true
sml,MLWorks,annotation_sig.sml,3703,Leo,606,606,9879542.00,122979.50,114688,20,true,true,OK,accept,true
sml,MLWorks,annotation_sig.sml,3703,GLL,606,606,0.00,0.00,0,0,false,false,TIMEOUT,accept,
sml,MLWorks,annotation_sig.sml,3703,RNGLR,606,606,11531583.00,48583.00,16384,20,true,true,OK,accept,true
sml,MLWorks,annotation_sig.sml,3703,BRNGLR,606,606,8423125.00,39604.50,16384,20,true,true,OK,accept,true
sml,MLWorks,__time.sml,2615,Leo,609,609,6341146.00,29916.50,32768,20,true,true,OK,accept,true
sml,MLWorks,__time.sml,2615,GLL,609,609,0.00,0.00,0,0,false,false,TIMEOUT,accept,
sml,MLWorks,__time.sml,2615,RNGLR,609,609,9119146.00,22521.00,16384,20,true,true,OK,accept,true
sml,MLWorks,__time.sml,2615,BRNGLR,609,609,6798146.00,41687.50,16384,20,true,true,OK,accept,true
sml,MLWorks,bounded_buffer.sml,2316,Leo,611,611,6000042.00,21854.00,16384,20,true,true,OK,accept,true
sml,MLWorks,bounded_buffer.sml,2316,GLL,611,611,0.00,0.00,0,0,false,false,TIMEOUT,accept,
sml,MLWorks,bounded_buffer.sml,2316,RNGLR,611,611,5297395.50,15813.00,16384,20,true,true,OK,accept,true
sml,MLWorks,bounded_buffer.sml,2316,BRNGLR,611,611,4319937.50,15416.50,16384,20,true,true,OK,accept,true
sml,MLWorks,_set.sml,1700,Leo,615,615,5587125.00,11229.00,16384,20,true,true,OK,accept,true
sml,MLWorks,_set.sml,1700,GLL,615,615,0.00,0.00,0,0,false,false,TIMEOUT,accept,
sml,MLWorks,_set.sml,1700,RNGLR,615,615,3532708.00,9833.00,16384,20,true,true,OK,accept,true
sml,MLWorks,_set.sml,1700,BRNGLR,615,615,2818063.00,9521.00,16384,20,true,true,OK,accept,true
sml,MLWorks,_strnames.sml,2767,Leo,615,615,4897979.00,31812.50,16384,20,true,true,OK,accept,true
sml,MLWorks,_strnames.sml,2767,GLL,615,615,0.00,0.00,0,0,false,false,TIMEOUT,accept,
sml,MLWorks,_strnames.sml,2767,RNGLR,615,615,1393229.00,8687.50,16384,20,true,true,OK,accept,true
sml,MLWorks,_strnames.sml,2767,BRNGLR,615,615,1365937.50,55458.50,16384,20,true,true,OK,accept,true
sml,MLWorks,incremental.sml,3260,Leo,619,619,9063917.00,143666.50,16384,20,true,true,OK,accept,true
sml,MLWorks,incremental.sml,3260,GLL,619,619,0.00,0.00,0,0,false,false,TIMEOUT,accept,
sml,MLWorks,incremental.sml,3260,RNGLR,619,619,9169708.50,26250.00,16384,20,true,true,OK,accept,true
sml,MLWorks,incremental.sml,3260,BRNGLR,619,619,6765083.50,53187.50,16384,20,true,true,OK,accept,true
sml,MLWorks,yacc_grm.sml,2093,Leo,623,623,5653895.50,15833.00,16384,20,true,true,OK,accept,true
sml,MLWorks,yacc_grm.sml,2093,GLL,623,623,0.00,0.00,0,0,false,false,TIMEOUT,accept,
sml,MLWorks,yacc_grm.sml,2093,RNGLR,623,623,8454208.50,18062.50,16384,20,true,true,OK,accept,true
sml,MLWorks,yacc_grm.sml,2093,BRNGLR,623,623,6151500.50,19521.50,16384,20,true,true,OK,accept,true
sml,MLWorks,absyn.sml,4043,Leo,624,624,3743937.50,25375.00,16384,20,true,true,OK,accept,true
sml,MLWorks,absyn.sml,4043,GLL,624,624,0.00,0.00,0,0,false,false,TIMEOUT,accept,
sml,MLWorks,absyn.sml,4043,RNGLR,624,624,817438.00,6250.50,16384,20,true,true,OK,accept,true
sml,MLWorks,absyn.sml,4043,BRNGLR,624,624,810562.50,5770.50,16384,20,true,true,OK,accept,true
sml,MLWorks,prim_io_8.sml,1951,Leo,628,628,9344312.00,198707.50,16384,20,true,true,OK,accept,true
sml,MLWorks,prim_io_8.sml,1951,GLL,628,628,0.00,0.00,0,0,false,false,TIMEOUT,accept,
sml,MLWorks,prim_io_8.sml,1951,RNGLR,628,628,59324417.00,158520.50,16384,10,true,true,OK,accept,true
sml,MLWorks,prim_io_8.sml,1951,BRNGLR,628,628,47116833.00,43709.00,16384,11,true,true,OK,accept,true
sml,MLWorks,__absyn.sml,4077,Leo,629,629,4337750.50,23187.50,16384,20,true,true,OK,accept,true
sml,MLWorks,__absyn.sml,4077,GLL,629,629,0.00,0.00,0,0,false,false,TIMEOUT,accept,
sml,MLWorks,__absyn.sml,4077,RNGLR,629,629,959250.00,6645.50,16384,20,true,true,OK,accept,true
sml,MLWorks,__absyn.sml,4077,BRNGLR,629,629,924937.50,7625.00,16384,20,true,true,OK,accept,true
sml,MLWorks,__word16.sml,2178,Leo,633,633,10972417.00,27708.50,16384,20,true,true,OK,accept,true
sml,MLWorks,__word16.sml,2178,GLL,633,633,0.00,0.00,0,0,false,false,TIMEOUT,accept,
sml,MLWorks,__word16.sml,2178,RNGLR,633,633,20436625.00,79042.00,16384,20,true,true,OK,accept,true
sml,MLWorks,__word16.sml,2178,BRNGLR,633,633,14555812.50,39958.00,16384,20,true,true,OK,accept,true
sml,MLWorks,profile3.sml,3310,Leo,635,635,6174687.00,85958.00,16384,20,true,true,OK,accept,true
sml,MLWorks,profile3.sml,3310,GLL,635,635,0.00,0.00,0,0,false,false,TIMEOUT,accept,
sml,MLWorks,profile3.sml,3310,RNGLR,635,635,4693292.00,17583.50,16384,20,true,true,OK,accept,true
sml,MLWorks,profile3.sml,3310,BRNGLR,635,635,3782479.00,13000.00,16384,20,true,true,OK,accept,true
sml,MLWorks,real_fmt.sml,2391,Leo,643,643,31460875.00,70291.50,49152,16,true,true,OK,accept,true
sml,MLWorks,real_fmt.sml,2391,GLL,643,643,0.00,0.00,0,0,false,false,TIMEOUT,accept,
sml,MLWorks,real_fmt.sml,2391,RNGLR,643,643,226993500.00,261187.50,3768320,10,true,true,OK,accept,true
sml,MLWorks,real_fmt.sml,2391,BRNGLR,643,643,184138937.50,226958.00,4407296,10,true,true,OK,accept,true
sml,MLWorks,shell_utils.sml,3005,Leo,644,644,9475396.00,58791.50,16384,20,true,true,OK,accept,true
sml,MLWorks,shell_utils.sml,3005,GLL,644,644,0.00,0.00,0,0,false,false,TIMEOUT,accept,
sml,MLWorks,shell_utils.sml,3005,RNGLR,644,644,11748312.50,26062.50,16384,20,true,true,OK,accept,true
sml,MLWorks,shell_utils.sml,3005,BRNGLR,644,644,8623958.00,20874.50,16384,20,true,true,OK,accept,true
sml,MLWorks,prim_io_7.sml,2007,Leo,646,646,9238625.50,21313.00,16384,20,true,true,OK,accept,true
sml,MLWorks,prim_io_7.sml,2007,GLL,646,646,0.00,0.00,0,0,false,false,TIMEOUT,accept,
sml,MLWorks,prim_io_7.sml,2007,RNGLR,646,646,65221145.50,282791.50,16384,10,true,true,OK,accept,true
sml,MLWorks,prim_io_7.sml,2007,BRNGLR,646,646,51709541.50,236021.00,16384,10,true,true,OK,accept,true
sml,MLWorks,prim_io_5.sml,2006,Leo,647,647,9540437.50,19917.00,16384,20,true,true,OK,accept,true
sml,MLWorks,prim_io_5.sml,2006,GLL,647,647,0.00,0.00,0,0,false,false,TIMEOUT,accept,
sml,MLWorks,prim_io_5.sml,2006,RNGLR,647,647,71397166.50,62604.50,16384,10,true,true,OK,accept,true
sml,MLWorks,prim_io_5.sml,2006,BRNGLR,647,647,55818708.50,139667.00,16384,10,true,true,OK,accept,true
sml,MLWorks,__cub.sml,2982,Leo,650,650,5892687.50,27937.50,16384,20,true,true,OK,accept,true
sml,MLWorks,__cub.sml,2982,GLL,650,650,0.00,0.00,0,0,false,false,TIMEOUT,accept,
sml,MLWorks,__cub.sml,2982,RNGLR,650,650,3362083.50,21271.00,16384,20,true,true,OK,accept,true
sml,MLWorks,__cub.sml,2982,BRNGLR,650,650,2727437.50,10541.50,16384,20,true,true,OK,accept,true
sml,MLWorks,_tty_listener.sml,3761,Leo,652,652,4869583.00,33229.50,16384,20,true,true,OK,accept,true
sml,MLWorks,_tty_listener.sml,3761,GLL,652,652,0.00,0.00,0,0,false,false,TIMEOUT,accept,
sml,MLWorks,_tty_listener.sml,3761,RNGLR,652,652,1560979.50,17354.00,16384,20,true,true,OK,accept,true
sml,MLWorks,_tty_listener.sml,3761,BRNGLR,652,652,1333917.00,15208.50,16384,20,true,true,OK,accept,true
sml,MLWorks,prim_io_6.sml,2018,Leo,655,655,9327458.50,31562.00,16384,20,true,true,OK,accept,true
sml,MLWorks,prim_io_6.sml,2018,GLL,655,655,0.00,0.00,0,0,false,false,TIMEOUT,accept,
sml,MLWorks,prim_io_6.sml,2018,RNGLR,655,655,65278063.00,82959.00,16384,10,true,true,OK,accept,true
sml,MLWorks,prim_io_6.sml,2018,BRNGLR,655,655,51330833.50,64604.00,16384,10,true,true,OK,accept,true
sml,MLWorks,__pre_sock.sml,2161,Leo,657,657,4638021.00,20271.00,16384,20,true,true,OK,accept,true
sml,MLWorks,__pre_sock.sml,2161,GLL,657,657,0.00,0.00,0,0,false,false,TIMEOUT,accept,
sml,MLWorks,__pre_sock.sml,2161,RNGLR,657,657,1764583.50,42562.50,16384,20,true,true,OK,accept,true
sml,MLWorks,__pre_sock.sml,2161,BRNGLR,657,657,1616229.50,89729.50,16384,20,true,true,OK,accept,true
sml,MLWorks,prim_io_9.sml,2323,Leo,658,658,5121062.50,21667.00,16384,20,true,true,OK,accept,true
sml,MLWorks,prim_io_9.sml,2323,GLL,658,658,0.00,0.00,0,0,false,false,TIMEOUT,accept,
sml,MLWorks,prim_io_9.sml,2323,RNGLR,658,658,7039187.50,47645.50,16384,20,true,true,OK,accept,true
sml,MLWorks,prim_io_9.sml,2323,BRNGLR,658,658,5551563.00,13791.50,16384,20,true,true,OK,accept,true
sml,MLWorks,interface.sml,2564,Leo,659,659,6590687.50,24875.00,16384,20,true,true,OK,accept,true
sml,MLWorks,interface.sml,2564,GLL,659,659,0.00,0.00,0,0,false,false,TIMEOUT,accept,
sml,MLWorks,interface.sml,2564,RNGLR,659,659,4970333.00,12854.00,16384,20,true,true,OK,accept,true
sml,MLWorks,interface.sml,2564,BRNGLR,659,659,3910334.00,20751.00,16384,20,true,true,OK,accept,true
sml,MLWorks,_type_utils.sml,2968,Leo,661,661,6960875.00,34292.00,16384,20,true,true,OK,accept,true
sml,MLWorks,_type_utils.sml,2968,GLL,661,661,0.00,0.00,0,0,false,false,TIMEOUT,accept,
sml,MLWorks,_type_utils.sml,2968,RNGLR,661,661,3614042.00,69250.00,16384,20,true,true,OK,accept,true
sml,MLWorks,_type_utils.sml,2968,BRNGLR,661,661,2808729.00,18187.00,16384,20,true,true,OK,accept,true
sml,MLWorks,_identprint.sml,3279,Leo,665,665,7910208.00,24083.00,16384,20,true,true,OK,accept,true
sml,MLWorks,_identprint.sml,3279,GLL,665,665,0.00,0.00,0,0,false,false,TIMEOUT,accept,
sml,MLWorks,_identprint.sml,3279,RNGLR,665,665,5896333.50,10521.50,16384,20,true,true,OK,accept,true
sml,MLWorks,_identprint.sml,3279,BRNGLR,665,665,4512250.00,11020.50,16384,20,true,true,OK,accept,true
sml,MLWorks,_shell_types.sml,4037,Leo,667,667,5249521.00,19833.50,16384,20,true,true,OK,accept,true
sml,MLWorks,_shell_types.sml,4037,GLL,667,667,0.00,0.00,0,0,false,false,TIMEOUT,accept,
sml,MLWorks,_shell_types.sml,4037,RNGLR,667,667,6471104.50,58250.00,16384,20,true,true,OK,accept,true
sml,MLWorks,_shell_types.sml,4037,BRNGLR,667,667,4698666.50,19812.50,16384,20,true,true,OK,accept,true
sml,MLWorks,_pretty.sml,1972,Leo,668,668,5761229.00,36312.00,16384,20,true,true,OK,accept,true
sml,MLWorks,_pretty.sml,1972,GLL,668,668,0.00,0.00,0,0,false,false,TIMEOUT,accept,
sml,MLWorks,_pretty.sml,1972,RNGLR,668,668,2618333.50,23396.00,16384,20,true,true,OK,accept,true
sml,MLWorks,_pretty.sml,1972,BRNGLR,668,668,2224062.50,12479.50,16384,20,true,true,OK,accept,true
sml,MLWorks,__char_vector.sml,2081,Leo,673,673,5742229.00,27312.00,16384,20,true,true,OK,accept,true
sml,MLWorks,__char_vector.sml,2081,GLL,673,673,0.00,0.00,0,0,false,false,TIMEOUT,accept,
sml,MLWorks,__char_vector.sml,2081,RNGLR,673,673,6076375.50,1703167.00,16384,20,true,true,OK,accept,true
sml,MLWorks,__char_vector.sml,2081,BRNGLR,673,673,3547521.00,281187.50,229376,20,true,true,OK,accept,true
sml,MLWorks,quadric.sml,1404,Leo,675,675,9155125.00,292438.00,16384,20,true,true,OK,accept,true
sml,MLWorks,quadric.sml,1404,GLL,675,675,0.00,0.00,0,0,false,false,TIMEOUT,accept,
sml,MLWorks,quadric.sml,1404,RNGLR,675,675,7414187.50,554958.00,16384,20,true,true,OK,accept,true
sml,MLWorks,quadric.sml,1404,BRNGLR,675,675,5183145.50,100749.50,16384,20,true,true,OK,accept,true
sml,MLWorks,__word8.sml,2363,Leo,675,675,11532749.50,143062.50,16384,20,true,true,OK,accept,true
sml,MLWorks,__word8.sml,2363,GLL,675,675,0.00,0.00,0,0,false,false,TIMEOUT,accept,
sml,MLWorks,__word8.sml,2363,RNGLR,675,675,22939187.50,726813.00,16384,20,true,true,OK,accept,true
sml,MLWorks,__word8.sml,2363,BRNGLR,675,675,16225125.00,357645.50,16384,20,true,true,OK,accept,true
sml,MLWorks,prim_io_3.sml,2011,Leo,679,679,8796417.00,84959.00,16384,20,true,true,OK,accept,true
sml,MLWorks,prim_io_3.sml,2011,GLL,679,679,0.00,0.00,0,0,false,false,TIMEOUT,accept,
sml,MLWorks,prim_io_3.sml,2011,RNGLR,679,679,59198145.50,637416.50,16384,10,true,true,OK,accept,true
sml,MLWorks,prim_io_3.sml,2011,BRNGLR,679,679,44928188.00,397625.50,16384,12,true,true,OK,accept,true
sml,MLWorks,project.sml,3573,Leo,683,683,4181145.50,97812.00,16384,20,true,true,OK,accept,true
sml,MLWorks,project.sml,3573,GLL,683,683,0.00,0.00,0,0,false,false,TIMEOUT,accept,
sml,MLWorks,project.sml,3573,RNGLR,683,683,763333.00,16666.50,16384,20,true,true,OK,accept,true
sml,MLWorks,project.sml,3573,BRNGLR,683,683,775458.00,12228.50,16384,20,true,true,OK,accept,true
sml,MLWorks,mirregisters.sml,2371,Leo,685,685,3487041.50,75500.00,16384,20,true,true,OK,accept,true
sml,MLWorks,mirregisters.sml,2371,GLL,685,685,0.00,0.00,0,0,false,false,TIMEOUT,accept,
sml,MLWorks,mirregisters.sml,2371,RNGLR,685,685,3940771.00,16187.50,16384,20,true,true,OK,accept,true
sml,MLWorks,mirregisters.sml,2371,BRNGLR,685,685,2927417.00,19291.50,16384,20,true,true,OK,accept,true
sml,MLWorks,prim_io_4.sml,2025,Leo,693,693,9068021.00,163459.00,16384,20,true,true,OK,accept,true
sml,MLWorks,prim_io_4.sml,2025,GLL,693,693,0.00,0.00,0,0,false,false,TIMEOUT,accept,
sml,MLWorks,prim_io_4.sml,2025,RNGLR,693,693,59128937.50,683646.50,16384,10,true,true,OK,accept,true
sml,MLWorks,prim_io_4.sml,2025,BRNGLR,693,693,45059916.00,605499.00,16384,11,true,true,OK,accept,true
sml,MLWorks,mutexes.sml,2564,Leo,693,693,0.00,0.00,0,0,false,false,PARSE_FAIL,accept,false
sml,MLWorks,mutexes.sml,2564,GLL,693,693,0.00,0.00,0,0,false,false,TIMEOUT,accept,
sml,MLWorks,mutexes.sml,2564,RNGLR,693,693,0.00,0.00,0,0,false,false,PARSE_FAIL,accept,false
sml,MLWorks,mutexes.sml,2564,BRNGLR,693,693,0.00,0.00,0,0,false,false,PARSE_FAIL,accept,false
sml,MLWorks,__kitten.sml,3097,Leo,700,700,6508458.50,57333.50,16384,20,true,true,OK,accept,true
sml,MLWorks,__kitten.sml,3097,GLL,700,700,0.00,0.00,0,0,false,false,TIMEOUT,accept,
sml,MLWorks,__kitten.sml,3097,RNGLR,700,700,4145562.50,41187.00,16384,20,true,true,OK,accept,true
sml,MLWorks,__kitten.sml,3097,BRNGLR,700,700,3317416.50,84938.00,16384,20,true,true,OK,accept,true
sml,MLWorks,_tracer.sml,2330,Leo,702,702,5966521.00,193958.50,16384,20,true,true,OK,accept,true
sml,MLWorks,_tracer.sml,2330,GLL,702,702,0.00,0.00,0,0,false,false,TIMEOUT,accept,
sml,MLWorks,_tracer.sml,2330,RNGLR,702,702,1993167.00,22354.50,16384,20,true,true,OK,accept,true
sml,MLWorks,_tracer.sml,2330,BRNGLR,702,702,1860812.50,45521.00,16384,20,true,true,OK,accept,true
sml,MLWorks,menu.sml,3105,Leo,705,705,5959812.50,93687.50,16384,20,true,true,OK,accept,true
sml,MLWorks,menu.sml,3105,GLL,705,705,0.00,0.00,0,0,false,false,TIMEOUT,accept,
sml,MLWorks,menu.sml,3105,RNGLR,705,705,1608604.50,30354.00,16384,20,true,true,OK,accept,true
sml,MLWorks,menu.sml,3105,BRNGLR,705,705,1593562.50,55854.00,16384,20,true,true,OK,accept,true
sml,MLWorks,cigarette_smokers.sml,2945,Leo,708,708,8086166.50,186875.00,16384,20,true,true,OK,accept,true
sml,MLWorks,cigarette_smokers.sml,2945,GLL,708,708,0.00,0.00,0,0,false,false,TIMEOUT,accept,
sml,MLWorks,cigarette_smokers.sml,2945,RNGLR,708,708,12318250.00,419208.00,16384,20,true,true,OK,accept,true
sml,MLWorks,cigarette_smokers.sml,2945,BRNGLR,708,708,9081062.50,272187.50,16384,20,true,true,OK,accept,true
sml,MLWorks,_i386spec.sml,3407,Leo,711,711,8110771.00,162542.00,16384,20,true,true,OK,accept,true
sml,MLWorks,_i386spec.sml,3407,GLL,711,711,0.00,0.00,0,0,false,false,TIMEOUT,accept,
sml,MLWorks,_i386spec.sml,3407,RNGLR,711,711,13088645.50,118542.00,16384,20,true,true,OK,accept,true
sml,MLWorks,_i386spec.sml,3407,BRNGLR,711,711,9388000.50,24271.50,16384,20,true,true,OK,accept,true
sml,MLWorks,sparc_assembly.sml,3959,Leo,712,712,8695854.00,34937.50,32768,20,true,true,OK,accept,true
sml,MLWorks,sparc_assembly.sml,3959,GLL,712,712,0.00,0.00,0,0,false,false,TIMEOUT,accept,
sml,MLWorks,sparc_assembly.sml,3959,RNGLR,712,712,4641792.00,88209.00,16384,20,true,true,OK,accept,true
sml,MLWorks,sparc_assembly.sml,3959,BRNGLR,712,712,3669729.00,230000.00,16384,20,true,true,OK,accept,true
sml,MLWorks,toc.sml,2068,Leo,716,716,6803666.50,294833.00,16384,20,true,true,OK,accept,true
sml,MLWorks,toc.sml,2068,GLL,716,716,0.00,0.00,0,0,false,false,TIMEOUT,accept,
sml,MLWorks,toc.sml,2068,RNGLR,716,716,1998521.00,301396.50,16384,20,true,true,OK,accept,true
sml,MLWorks,toc.sml,2068,BRNGLR,716,716,1885625.00,212771.00,16384,20,true,true,OK,accept,true
sml,MLWorks,ann_texts.sml,1985,Leo,717,717,7162645.50,256333.50,16384,20,true,true,OK,accept,true
sml,MLWorks,ann_texts.sml,1985,GLL,717,717,0.00,0.00,0,0,false,false,TIMEOUT,accept,
sml,MLWorks,ann_texts.sml,1985,RNGLR,717,717,2775541.50,76271.00,16384,20,true,true,OK,accept,true
sml,MLWorks,ann_texts.sml,1985,BRNGLR,717,717,2232895.50,15291.00,16384,20,true,true,OK,accept,true
sml,MLWorks,_environprint.sml,2565,Leo,725,725,6105104.50,56500.00,16384,20,true,true,OK,accept,true
sml,MLWorks,_environprint.sml,2565,GLL,725,725,0.00,0.00,0,0,false,false,TIMEOUT,accept,
sml,MLWorks,_environprint.sml,2565,RNGLR,725,725,3682604.00,101666.00,16384,20,true,true,OK,accept,true
sml,MLWorks,_environprint.sml,2565,BRNGLR,725,725,2896937.00,89832.50,16384,20,true,true,OK,accept,true
sml,MLWorks,RPO.sml,2861,Leo,731,731,5594625.50,40500.00,16384,20,true,true,OK,accept,true
sml,MLWorks,RPO.sml,2861,GLL,731,731,0.00,0.00,0,0,false,false,TIMEOUT,accept,
sml,MLWorks,RPO.sml,2861,RNGLR,731,731,2392270.50,525041.00,16384,20,true,true,OK,accept,true
sml,MLWorks,RPO.sml,2861,BRNGLR,731,731,1785270.50,45812.00,16384,20,true,true,OK,accept,true
sml,MLWorks,c_item_sig.sml,4217,Leo,734,734,14849625.00,265562.50,32768,20,true,true,OK,accept,true
sml,MLWorks,c_item_sig.sml,4217,GLL,734,734,0.00,0.00,0,0,false,false,TIMEOUT,accept,
sml,MLWorks,c_item_sig.sml,4217,RNGLR,734,734,22013625.00,209500.00,16384,19,true,true,OK,accept,true
sml,MLWorks,c_item_sig.sml,4217,BRNGLR,734,734,15344833.50,51125.50,16384,20,true,true,OK,accept,true
sml,MLWorks,Agent.sml,2435,Leo,740,740,13941604.50,82271.00,16384,20,true,true,OK,accept,true
sml,MLWorks,Agent.sml,2435,GLL,740,740,0.00,0.00,0,0,false,false,TIMEOUT,accept,
sml,MLWorks,Agent.sml,2435,RNGLR,740,740,29907500.00,85750.00,16384,17,true,true,OK,accept,true
sml,MLWorks,Agent.sml,2435,BRNGLR,740,740,22287021.50,222958.00,16384,20,true,true,OK,accept,true
sml,MLWorks,interpreter.sml,4490,Leo,747,747,6047125.00,41937.50,16384,20,true,true,OK,accept,true
sml,MLWorks,interpreter.sml,4490,GLL,747,747,0.00,0.00,0,0,false,false,TIMEOUT,accept,
sml,MLWorks,interpreter.sml,4490,RNGLR,747,747,2612854.50,20333.50,16384,20,true,true,OK,accept,true
sml,MLWorks,interpreter.sml,4490,BRNGLR,747,747,2280854.00,54104.00,16384,20,true,true,OK,accept,true
sml,MLWorks,i_signature.sml,3274,Leo,749,749,6511687.00,167145.50,16384,20,true,true,OK,accept,true
sml,MLWorks,i_signature.sml,3274,GLL,749,749,0.00,0.00,0,0,false,false,TIMEOUT,accept,
sml,MLWorks,i_signature.sml,3274,RNGLR,749,749,1946937.00,11896.50,16384,20,true,true,OK,accept,true
sml,MLWorks,i_signature.sml,3274,BRNGLR,749,749,1862791.50,28438.00,16384,20,true,true,OK,accept,true
sml,MLWorks,i386_assembly.sml,3312,Leo,751,751,5744916.50,78229.00,16384,20,true,true,OK,accept,true
sml,MLWorks,i386_assembly.sml,3312,GLL,751,751,0.00,0.00,0,0,false,false,TIMEOUT,accept,
sml,MLWorks,i386_assembly.sml,3312,RNGLR,751,751,2377750.00,17146.00,16384,20,true,true,OK,accept,true
sml,MLWorks,i386_assembly.sml,3312,BRNGLR,751,751,1960249.50,47541.50,16384,20,true,true,OK,accept,true
sml,MLWorks,mips_assembly.sml,4053,Leo,755,755,9260146.00,123396.00,32768,20,true,true,OK,accept,true
sml,MLWorks,mips_assembly.sml,4053,GLL,755,755,0.00,0.00,0,0,false,false,TIMEOUT,accept,
sml,MLWorks,mips_assembly.sml,4053,RNGLR,755,755,4724000.00,15062.50,16384,20,true,true,OK,accept,true
sml,MLWorks,mips_assembly.sml,4053,BRNGLR,755,755,3586625.00,14937.50,16384,20,true,true,OK,accept,true
sml,MLWorks,cone.sml,1915,Leo,757,757,7630875.00,33896.00,16384,20,true,true,OK,accept,true
sml,MLWorks,cone.sml,1915,GLL,757,757,0.00,0.00,0,0,false,false,TIMEOUT,accept,
sml,MLWorks,cone.sml,1915,RNGLR,757,757,3626729.00,78603.50,16384,20,true,true,OK,accept,true
sml,MLWorks,cone.sml,1915,BRNGLR,757,757,3103396.00,21396.00,16384,20,true,true,OK,accept,true
sml,MLWorks,rayvector.sml,2289,Leo,757,757,6940916.50,28625.00,16384,20,true,true,OK,accept,true
sml,MLWorks,rayvector.sml,2289,GLL,757,757,0.00,0.00,0,0,false,false,TIMEOUT,accept,
sml,MLWorks,rayvector.sml,2289,RNGLR,757,757,4088667.00,47479.50,16384,20,true,true,OK,accept,true
sml,MLWorks,rayvector.sml,2289,BRNGLR,757,757,3405937.50,28354.50,16384,20,true,true,OK,accept,true
sml,MLWorks,__scramble.sml,3321,Leo,757,757,6880291.50,155875.00,16384,20,true,true,OK,accept,true
sml,MLWorks,__scramble.sml,3321,GLL,757,757,0.00,0.00,0,0,false,false,TIMEOUT,accept,
sml,MLWorks,__scramble.sml,3321,RNGLR,757,757,2917229.00,75020.50,16384,20,true,true,OK,accept,true
sml,MLWorks,__scramble.sml,3321,BRNGLR,757,757,2476604.00,49792.00,16384,20,true,true,OK,accept,true
sml,MLWorks,map.sml,2712,Leo,759,759,6215437.50,88313.00,16384,20,true,true,OK,accept,true
sml,MLWorks,map.sml,2712,GLL,759,759,0.00,0.00,0,0,false,false,TIMEOUT,accept,
sml,MLWorks,map.sml,2712,RNGLR,759,759,7661958.00,105208.00,16384,20,true,true,OK,accept,true
sml,MLWorks,map.sml,2712,BRNGLR,759,759,5604625.00,36625.50,16384,20,true,true,OK,accept,true
sml,MLWorks,save.sml,3558,Leo,759,759,6729917.00,30896.00,16384,20,true,true,OK,accept,true
sml,MLWorks,save.sml,3558,GLL,759,759,0.00,0.00,0,0,false,false,TIMEOUT,accept,
sml,MLWorks,save.sml,3558,RNGLR,759,759,2251041.50,11270.50,16384,20,true,true,OK,accept,true
sml,MLWorks,save.sml,3558,BRNGLR,759,759,2059687.50,10208.50,16384,20,true,true,OK,accept,true
sml,MLWorks,xinterpreter.sml,4644,Leo,761,761,6613146.00,225062.50,16384,20,true,true,OK,accept,true
sml,MLWorks,xinterpreter.sml,4644,GLL,761,761,0.00,0.00,0,0,false,false,TIMEOUT,accept,
sml,MLWorks,xinterpreter.sml,4644,RNGLR,761,761,2586833.50,20250.00,16384,20,true,true,OK,accept,true
sml,MLWorks,xinterpreter.sml,4644,BRNGLR,761,761,2221062.50,12708.00,16384,20,true,true,OK,accept,true
sml,MLWorks,CAC_generate.sml,2996,Leo,767,767,7377812.50,88854.00,16384,20,true,true,OK,accept,true
sml,MLWorks,CAC_generate.sml,2996,GLL,767,767,0.00,0.00,0,0,false,false,TIMEOUT,accept,
sml,MLWorks,CAC_generate.sml,2996,RNGLR,767,767,3191396.00,22771.00,16384,20,true,true,OK,accept,true
sml,MLWorks,CAC_generate.sml,2996,BRNGLR,767,767,2684000.00,14979.00,16384,20,true,true,OK,accept,true
sml,MLWorks,mletags.sml,3242,Leo,773,773,6078312.50,42709.00,16384,20,true,true,OK,accept,true
sml,MLWorks,mletags.sml,3242,GLL,773,773,0.00,0.00,0,0,false,false,TIMEOUT,accept,
sml,MLWorks,mletags.sml,3242,RNGLR,773,773,1742208.00,11250.00,32768,20,true,true,OK,accept,true
sml,MLWorks,mletags.sml,3242,BRNGLR,773,773,1687395.50,11604.00,16384,20,true,true,OK,accept,true
sml,MLWorks,_mkprstruct.sml,5185,Leo,778,778,6216459.00,37750.00,16384,20,true,true,OK,accept,true
sml,MLWorks,_mkprstruct.sml,5185,GLL,778,778,0.00,0.00,0,0,false,false,TIMEOUT,accept,
sml,MLWorks,_mkprstruct.sml,5185,RNGLR,778,778,2128625.00,12104.50,16384,20,true,true,OK,accept,true
sml,MLWorks,_mkprstruct.sml,5185,BRNGLR,778,778,1921562.50,15417.00,16384,20,true,true,OK,accept,true
sml,MLWorks,_graph.sml,2772,Leo,779,779,5754458.00,20854.50,16384,20,true,true,OK,accept,true
sml,MLWorks,_graph.sml,2772,GLL,779,779,0.00,0.00,0,0,false,false,TIMEOUT,accept,
sml,MLWorks,_graph.sml,2772,RNGLR,779,779,1979312.00,13458.00,16384,20,true,true,OK,accept,true
sml,MLWorks,_graph.sml,2772,BRNGLR,779,779,1776833.50,16313.00,16384,20,true,true,OK,accept,true
sml,MLWorks,shifts.sml,2314,Leo,788,788,9641542.00,46480.00,81920,20,true,true,OK,accept,true
sml,MLWorks,shifts.sml,2314,GLL,788,788,0.00,0.00,0,0,false,false,TIMEOUT,accept,
sml,MLWorks,shifts.sml,2314,RNGLR,788,788,4665020.50,22937.50,16384,20,true,true,OK,accept,true
sml,MLWorks,shifts.sml,2314,BRNGLR,788,788,4351333.50,22021.00,16384,20,true,true,OK,accept,true
sml,MLWorks,dummy_make.sml,2501,Leo,791,791,6876854.00,19187.00,16384,20,true,true,OK,accept,true
sml,MLWorks,dummy_make.sml,2501,GLL,791,791,0.00,0.00,0,0,false,false,TIMEOUT,accept,
sml,MLWorks,dummy_make.sml,2501,RNGLR,791,791,2928896.00,14000.00,16384,20,true,true,OK,accept,true
sml,MLWorks,dummy_make.sml,2501,BRNGLR,791,791,2605395.50,12791.50,16384,20,true,true,OK,accept,true
sml,MLWorks,basis.sml,4379,Leo,800,800,14098416.50,36229.00,16384,20,true,true,OK,accept,true
sml,MLWorks,basis.sml,4379,GLL,800,800,0.00,0.00,0,0,false,false,TIMEOUT,accept,
sml,MLWorks,basis.sml,4379,RNGLR,800,800,17196833.50,36813.00,16384,20,true,true,OK,accept,true
sml,MLWorks,basis.sml,4379,BRNGLR,800,800,12571270.50,25583.50,16384,20,true,true,OK,accept,true
sml,MLWorks,reals_2.sml,2629,Leo,801,801,10475833.00,37208.50,65536,20,true,true,OK,accept,true
sml,MLWorks,reals_2.sml,2629,GLL,801,801,0.00,0.00,0,0,false,false,TIMEOUT,accept,
sml,MLWorks,reals_2.sml,2629,RNGLR,801,801,8534729.00,13729.00,16384,20,true,true,OK,accept,true
sml,MLWorks,reals_2.sml,2629,BRNGLR,801,801,6614166.50,14208.00,16384,20,true,true,OK,accept,true
sml,MLWorks,_mips_opcodes.sml,3297,Leo,803,803,7641562.50,63479.00,16384,20,true,true,OK,accept,true
sml,MLWorks,_mips_opcodes.sml,3297,GLL,803,803,0.00,0.00,0,0,false,false,TIMEOUT,accept,
sml,MLWorks,_mips_opcodes.sml,3297,RNGLR,803,803,1659312.50,14083.00,16384,20,true,true,OK,accept,true
sml,MLWorks,_mips_opcodes.sml,3297,BRNGLR,803,803,1612729.00,8312.50,16384,20,true,true,OK,accept,true
sml,MLWorks,batch_common_export_filter.sml,5788,Leo,809,809,45638708.00,66833.00,114688,11,true,true,OK,accept,true
sml,MLWorks,batch_common_export_filter.sml,5788,GLL,809,809,0.00,0.00,0,0,false,false,TIMEOUT,accept,
sml,MLWorks,batch_common_export_filter.sml,5788,RNGLR,809,809,425174958.50,767792.00,7225344,10,true,true,OK,accept,true
sml,MLWorks,batch_common_export_filter.sml,5788,BRNGLR,809,809,373988583.00,4256875.00,9158656,10,true,true,OK,accept,true
sml,MLWorks,__real_vector.sml,2365,Leo,813,813,7013000.00,96334.00,16384,20,true,true,OK,accept,true
sml,MLWorks,__real_vector.sml,2365,GLL,813,813,0.00,0.00,0,0,false,false,TIMEOUT,accept,
sml,MLWorks,__real_vector.sml,2365,RNGLR,813,813,3983083.50,106479.00,16384,20,true,true,OK,accept,true
sml,MLWorks,__real_vector.sml,2365,BRNGLR,813,813,3222896.00,24979.50,16384,20,true,true,OK,accept,true
sml,MLWorks,_look.sml,2796,Leo,822,822,6347166.50,90729.00,16384,20,true,true,OK,accept,true
sml,MLWorks,_look.sml,2796,GLL,822,822,0.00,0.00,0,0,false,false,TIMEOUT,accept,
sml,MLWorks,_look.sml,2796,RNGLR,822,822,1895833.50,28083.50,16384,20,true,true,OK,accept,true
sml,MLWorks,_look.sml,2796,BRNGLR,822,822,1804083.50,72208.50,16384,20,true,true,OK,accept,true
sml,MLWorks,i_equality.sml,3343,Leo,827,827,7274125.00,154812.50,16384,20,true,true,OK,accept,true
sml,MLWorks,i_equality.sml,3343,GLL,827,827,0.00,0.00,0,0,false,false,TIMEOUT,accept,
sml,MLWorks,i_equality.sml,3343,RNGLR,827,827,3218291.50,38292.00,16384,20,true,true,OK,accept,true
sml,MLWorks,i_equality.sml,3343,BRNGLR,827,827,2903063.00,32667.00,16384,20,true,true,OK,accept,true
sml,MLWorks,readers_writers.sml,3406,Leo,828,828,10111375.50,124312.50,16384,20,true,true,OK,accept,true
sml,MLWorks,readers_writers.sml,3406,GLL,828,828,0.00,0.00,0,0,false,false,TIMEOUT,accept,
sml,MLWorks,readers_writers.sml,3406,RNGLR,828,828,14737520.50,47208.50,16384,20,true,true,OK,accept,true
sml,MLWorks,readers_writers.sml,3406,BRNGLR,828,828,11492541.50,238750.00,16384,20,true,true,OK,accept,true
sml,MLWorks,stream_io.sml,2767,Leo,834,834,24713437.00,513083.00,16384,20,true,true,OK,accept,true
sml,MLWorks,stream_io.sml,2767,GLL,834,834,0.00,0.00,0,0,false,false,TIMEOUT,accept,
sml,MLWorks,stream_io.sml,2767,RNGLR,834,834,294617500.00,2016812.50,16384,10,true,true,OK,accept,true
sml,MLWorks,stream_io.sml,2767,BRNGLR,834,834,252796624.50,1299667.00,4472832,10,true,true,OK,accept,true
sml,MLWorks,_inbuffer.sml,2938,Leo,840,840,6778646.00,70688.00,16384,20,true,true,OK,accept,true
sml,MLWorks,_inbuffer.sml,2938,GLL,840,840,0.00,0.00,0,0,false,false,TIMEOUT,accept,
sml,MLWorks,_inbuffer.sml,2938,RNGLR,840,840,3853125.00,18541.50,16384,20,true,true,OK,accept,true
sml,MLWorks,_inbuffer.sml,2938,BRNGLR,840,840,3201229.50,27834.00,16384,20,true,true,OK,accept,true
sml,MLWorks,_lambdamodule.sml,3743,Leo,842,842,6726813.00,33875.50,16384,20,true,true,OK,accept,true
sml,MLWorks,_lambdamodule.sml,3743,GLL,842,842,0.00,0.00,0,0,false,false,TIMEOUT,accept,
sml,MLWorks,_lambdamodule.sml,3743,RNGLR,842,842,2481667.00,13958.50,16384,20,true,true,OK,accept,true
sml,MLWorks,_lambdamodule.sml,3743,BRNGLR,842,842,2662979.00,305562.50,16384,20,true,true,OK,accept,true
sml,MLWorks,registry_spec.sml,3981,Leo,842,842,12137625.00,321979.50,114688,20,true,true,OK,accept,true
sml,MLWorks,registry_spec.sml,3981,GLL,842,842,0.00,0.00,0,0,false,false,TIMEOUT,accept,
sml,MLWorks,registry_spec.sml,3981,RNGLR,842,842,6454833.00,23208.50,16384,20,true,true,OK,accept,true
sml,MLWorks,registry_spec.sml,3981,BRNGLR,842,842,5150500.00,32625.00,32768,20,true,true,OK,accept,true
sml,MLWorks,NameSubstitution.sml,2800,Leo,856,856,8441312.50,115687.50,16384,20,true,true,OK,accept,true
sml,MLWorks,NameSubstitution.sml,2800,GLL,856,856,0.00,0.00,0,0,false,false,TIMEOUT,accept,
sml,MLWorks,NameSubstitution.sml,2800,RNGLR,856,856,4809708.00,23499.50,16384,20,true,true,OK,accept,true
sml,MLWorks,NameSubstitution.sml,2800,BRNGLR,856,856,4325833.50,354604.00,16384,20,true,true,OK,accept,true
sml,MLWorks,precedence.sml,2891,Leo,858,858,7839687.50,219812.50,16384,20,true,true,OK,accept,true
sml,MLWorks,precedence.sml,2891,GLL,858,858,0.00,0.00,0,0,false,false,TIMEOUT,accept,
sml,MLWorks,precedence.sml,2891,RNGLR,858,858,4306229.50,17291.50,16384,20,true,true,OK,accept,true
sml,MLWorks,precedence.sml,2891,BRNGLR,858,858,3529250.50,17312.50,16384,20,true,true,OK,accept,true
sml,MLWorks,dining_philosophers.sml,3681,Leo,872,872,11243625.50,108583.50,16384,20,true,true,OK,accept,true
sml,MLWorks,dining_philosophers.sml,3681,GLL,872,872,0.00,0.00,0,0,false,false,TIMEOUT,accept,
sml,MLWorks,dining_philosophers.sml,3681,RNGLR,872,872,28830562.00,442436.50,16384,18,true,true,OK,accept,true
sml,MLWorks,dining_philosophers.sml,3681,BRNGLR,872,872,21450062.50,142062.50,16384,20,true,true,OK,accept,true
sml,MLWorks,_module_name.sml,3146,Leo,874,874,12359541.50,270917.00,65536,20,true,true,OK,accept,true
sml,MLWorks,_module_name.sml,3146,GLL,874,874,0.00,0.00,0,0,false,false,TIMEOUT,accept,
sml,MLWorks,_module_name.sml,3146,RNGLR,874,874,23085063.00,296958.50,16384,20,true,true,OK,accept,true
sml,MLWorks,_module_name.sml,3146,BRNGLR,874,874,16289958.00,106041.00,16384,20,true,true,OK,accept,true
sml,MLWorks,_module_dec.sml,3628,Leo,875,875,6471729.00,42229.50,16384,20,true,true,OK,accept,true
sml,MLWorks,_module_dec.sml,3628,GLL,875,875,0.00,0.00,0,0,false,false,TIMEOUT,accept,
sml,MLWorks,_module_dec.sml,3628,RNGLR,875,875,1480167.00,11625.00,16384,20,true,true,OK,accept,true
sml,MLWorks,_module_dec.sml,3628,BRNGLR,875,875,1507041.00,39166.00,16384,20,true,true,OK,accept,true
sml,MLWorks,__mlworks_c_io.sml,4113,Leo,875,875,12638854.50,57771.00,16384,20,true,true,OK,accept,true
sml,MLWorks,__mlworks_c_io.sml,4113,GLL,875,875,0.00,0.00,0,0,false,false,TIMEOUT,accept,
sml,MLWorks,__mlworks_c_io.sml,4113,RNGLR,875,875,28268250.00,104333.50,16384,18,true,true,OK,accept,true
sml,MLWorks,__mlworks_c_io.sml,4113,BRNGLR,875,875,20625354.00,91541.50,16384,20,true,true,OK,accept,true
sml,MLWorks,_inspector.sml,4511,Leo,877,877,7979146.00,295354.50,16384,20,true,true,OK,accept,true
sml,MLWorks,_inspector.sml,4511,GLL,877,877,0.00,0.00,0,0,false,false,TIMEOUT,accept,
sml,MLWorks,_inspector.sml,4511,RNGLR,877,877,3286395.50,32812.00,16384,20,true,true,OK,accept,true
sml,MLWorks,_inspector.sml,4511,BRNGLR,877,877,2713250.00,18000.00,16384,20,true,true,OK,accept,true
sml,MLWorks,__vector.sml,2653,Leo,878,878,7599125.00,76041.50,16384,20,true,true,OK,accept,true
sml,MLWorks,__vector.sml,2653,GLL,878,878,0.00,0.00,0,0,false,false,TIMEOUT,accept,
sml,MLWorks,__vector.sml,2653,RNGLR,878,878,3726125.00,53917.00,16384,20,true,true,OK,accept,true
sml,MLWorks,__vector.sml,2653,BRNGLR,878,878,3106874.50,18228.50,16384,20,true,true,OK,accept,true
sml,MLWorks,__real_array.sml,2675,Leo,881,881,7696979.50,102208.50,16384,20,true,true,OK,accept,true
sml,MLWorks,__real_array.sml,2675,GLL,881,881,0.00,0.00,0,0,false,false,TIMEOUT,accept,
sml,MLWorks,__real_array.sml,2675,RNGLR,881,881,5504396.00,64875.50,16384,20,true,true,OK,accept,true
sml,MLWorks,__real_array.sml,2675,BRNGLR,881,881,4299145.50,25270.50,16384,20,true,true,OK,accept,true
sml,MLWorks,_lambdasub.sml,2800,Leo,889,889,7246374.50,64354.00,16384,20,true,true,OK,accept,true
sml,MLWorks,_lambdasub.sml,2800,GLL,889,889,0.00,0.00,0,0,false,false,TIMEOUT,accept,
sml,MLWorks,_lambdasub.sml,2800,RNGLR,889,889,1867562.50,28250.00,16384,20,true,true,OK,accept,true
sml,MLWorks,_lambdasub.sml,2800,BRNGLR,889,889,1777667.00,24979.00,16384,20,true,true,OK,accept,true
sml,MLWorks,__hdr.sml,3083,Leo,890,890,7173333.00,118728.50,16384,20,true,true,OK,accept,true
sml,MLWorks,__hdr.sml,3083,GLL,890,890,0.00,0.00,0,0,false,false,TIMEOUT,accept,
sml,MLWorks,__hdr.sml,3083,RNGLR,890,890,6022229.50,48729.00,16384,20,true,true,OK,accept,true
sml,MLWorks,__hdr.sml,3083,BRNGLR,890,890,4676645.50,59395.00,16384,20,true,true,OK,accept,true
sml,MLWorks,i_sort.sml,4327,Leo,900,900,10277562.00,110145.50,16384,20,true,true,OK,accept,true
sml,MLWorks,i_sort.sml,4327,GLL,900,900,0.00,0.00,0,0,false,false,TIMEOUT,accept,
sml,MLWorks,i_sort.sml,4327,RNGLR,900,900,9810250.50,38729.00,16384,20,true,true,OK,accept,true
sml,MLWorks,i_sort.sml,4327,BRNGLR,900,900,7601270.50,42812.50,16384,20,true,true,OK,accept,true
sml,MLWorks,_mlworks_io.sml,4543,Leo,902,902,7481187.50,184333.00,16384,20,true,true,OK,accept,true
sml,MLWorks,_mlworks_io.sml,4543,GLL,902,902,0.00,0.00,0,0,false,false,TIMEOUT,accept,
sml,MLWorks,_mlworks_io.sml,4543,RNGLR,902,902,3121750.00,29562.50,16384,20,true,true,OK,accept,true
sml,MLWorks,_mlworks_io.sml,4543,BRNGLR,902,902,2803833.50,23562.50,16384,20,true,true,OK,accept,true
sml,MLWorks,widget_tree_sig.sml,5019,Leo,902,902,17219145.50,192541.50,16384,20,true,true,OK,accept,true
sml,MLWorks,widget_tree_sig.sml,5019,GLL,902,902,0.00,0.00,0,0,false,false,TIMEOUT,accept,
sml,MLWorks,widget_tree_sig.sml,5019,RNGLR,902,902,24078625.00,230666.50,16384,20,true,true,OK,accept,true
sml,MLWorks,widget_tree_sig.sml,5019,BRNGLR,902,902,17571000.00,89312.50,16384,20,true,true,OK,accept,true
sml,MLWorks,words.sml,3145,Leo,904,904,15852792.00,62437.50,16384,20,true,true,OK,accept,true
sml,MLWorks,words.sml,3145,GLL,904,904,0.00,0.00,0,0,false,false,TIMEOUT,accept,
sml,MLWorks,words.sml,3145,RNGLR,904,904,14312729.50,262562.50,16384,20,true,true,OK,accept,true
sml,MLWorks,words.sml,3145,BRNGLR,904,904,10871208.50,69313.00,16384,20,true,true,OK,accept,true
sml,MLWorks,__pre_word.sml,3634,Leo,912,912,14963916.50,322479.00,16384,20,true,true,OK,accept,true
sml,MLWorks,__pre_word.sml,3634,GLL,912,912,0.00,0.00,0,0,false,false,TIMEOUT,accept,
sml,MLWorks,__pre_word.sml,3634,RNGLR,912,912,20017062.50,164041.50,16384,20,true,true,OK,accept,true
sml,MLWorks,__pre_word.sml,3634,BRNGLR,912,912,14654521.00,101604.00,16384,20,true,true,OK,accept,true
sml,MLWorks,_i386types.sml,5453,Leo,914,914,12164333.50,158354.00,16384,20,true,true,OK,accept,true
sml,MLWorks,_i386types.sml,5453,GLL,914,914,0.00,0.00,0,0,false,false,TIMEOUT,accept,
sml,MLWorks,_i386types.sml,5453,RNGLR,914,914,4689437.50,37354.00,16384,20,true,true,OK,accept,true
sml,MLWorks,_i386types.sml,5453,BRNGLR,914,914,3713562.50,24229.00,16384,20,true,true,OK,accept,true
sml,MLWorks,__array.sml,2946,Leo,915,915,8598354.00,153041.50,16384,20,true,true,OK,accept,true
sml,MLWorks,__array.sml,2946,GLL,915,915,0.00,0.00,0,0,false,false,TIMEOUT,accept,
sml,MLWorks,__array.sml,2946,RNGLR,915,915,5081645.50,20895.50,16384,20,true,true,OK,accept,true
sml,MLWorks,__array.sml,2946,BRNGLR,915,915,4061541.50,37291.50,16384,20,true,true,OK,accept,true
sml,MLWorks,__pre_int32.sml,3245,Leo,920,920,19823562.50,9728979.50,16384,18,true,true,OK,accept,true
sml,MLWorks,__pre_int32.sml,3245,GLL,920,920,0.00,0.00,0,0,false,false,TIMEOUT,accept,
sml,MLWorks,__pre_int32.sml,3245,RNGLR,920,920,22680583.50,3473584.00,16384,20,true,true,OK,accept,true
sml,MLWorks,__pre_int32.sml,3245,BRNGLR,920,920,11454000.00,556333.50,16384,20,true,true,OK,accept,true
sml,MLWorks,widget_ops.sml,3970,Leo,921,921,9581791.50,478354.00,16384,20,true,true,OK,accept,true
sml,MLWorks,widget_ops.sml,3970,GLL,921,921,0.00,0.00,0,0,false,false,TIMEOUT,accept,
sml,MLWorks,widget_ops.sml,3970,RNGLR,921,921,3485812.50,187396.00,16384,20,true,true,OK,accept,true
sml,MLWorks,widget_ops.sml,3970,BRNGLR,921,921,3075000.00,128791.50,16384,20,true,true,OK,accept,true
sml,MLWorks,unixos.sml,4213,Leo,923,923,10401729.00,610520.50,16384,20,true,true,OK,accept,true
sml,MLWorks,unixos.sml,4213,GLL,923,923,0.00,0.00,0,0,false,false,TIMEOUT,accept,
sml,MLWorks,unixos.sml,4213,RNGLR,923,923,16934500.00,30541.50,16384,20,true,true,OK,accept,true
sml,MLWorks,unixos.sml,4213,BRNGLR,923,923,12193812.50,38500.50,16384,20,true,true,OK,accept,true
sml,MLWorks,_control_unify.sml,4854,Leo,931,931,7730458.50,34229.00,16384,20,true,true,OK,accept,true
sml,MLWorks,_control_unify.sml,4854,GLL,931,931,0.00,0.00,0,0,false,false,TIMEOUT,accept,
sml,MLWorks,_control_unify.sml,4854,RNGLR,931,931,2076020.50,9979.00,16384,20,true,true,OK,accept,true
sml,MLWorks,_control_unify.sml,4854,BRNGLR,931,931,1996021.00,20750.00,16384,20,true,true,OK,accept,true
sml,MLWorks,byte.sml,3495,Leo,935,935,13294020.50,133208.50,16384,20,true,true,OK,accept,true
sml,MLWorks,byte.sml,3495,GLL,935,935,0.00,0.00,0,0,false,false,TIMEOUT,accept,
sml,MLWorks,byte.sml,3495,RNGLR,935,935,22403354.50,49062.50,16384,20,true,true,OK,accept,true
sml,MLWorks,byte.sml,3495,BRNGLR,935,935,16572396.00,358667.00,16384,20,true,true,OK,accept,true
sml,MLWorks,base.sml,3961,Leo,935,935,5272666.50,44041.50,16384,20,true,true,OK,accept,true
sml,MLWorks,base.sml,3961,GLL,935,935,0.00,0.00,0,0,false,false,TIMEOUT,accept,
sml,MLWorks,base.sml,3961,RNGLR,935,935,2390083.00,11583.50,16384,20,true,true,OK,accept,true
sml,MLWorks,base.sml,3961,BRNGLR,935,935,2139917.00,23021.50,16384,20,true,true,OK,accept,true
sml,MLWorks,__c_function.sml,4945,Leo,935,935,8978187.50,32875.50,16384,20,true,true,OK,accept,true
sml,MLWorks,__c_function.sml,4945,GLL,935,935,0.00,0.00,0,0,false,false,TIMEOUT,accept,
sml,MLWorks,__c_function.sml,4945,RNGLR,935,935,9582542.00,34000.50,16384,20,true,true,OK,accept,true
sml,MLWorks,__c_function.sml,4945,BRNGLR,935,935,7029458.50,17208.00,16384,20,true,true,OK,accept,true
sml,MLWorks,_simplelib.sml,2418,Leo,936,936,10512104.00,41021.00,16384,20,true,true,OK,accept,true
sml,MLWorks,_simplelib.sml,2418,GLL,936,936,0.00,0.00,0,0,false,false,TIMEOUT,accept,
sml,MLWorks,_simplelib.sml,2418,RNGLR,936,936,17153687.50,24771.00,16384,20,true,true,OK,accept,true
sml,MLWorks,_simplelib.sml,2418,BRNGLR,936,936,12243708.50,29021.00,16384,20,true,true,OK,accept,true
sml,MLWorks,_preferences.sml,5424,Leo,938,938,6303187.50,27250.00,16384,20,true,true,OK,accept,true
sml,MLWorks,_preferences.sml,5424,GLL,938,938,0.00,0.00,0,0,false,false,TIMEOUT,accept,
sml,MLWorks,_preferences.sml,5424,RNGLR,938,938,2339979.50,16833.00,16384,20,true,true,OK,accept,true
sml,MLWorks,_preferences.sml,5424,BRNGLR,938,938,2084583.50,16333.50,16384,20,true,true,OK,accept,true
sml,MLWorks,criticalpair.sml,3782,Leo,940,940,9167937.50,48458.00,16384,20,true,true,OK,accept,true
sml,MLWorks,criticalpair.sml,3782,GLL,940,940,0.00,0.00,0,0,false,false,TIMEOUT,accept,
sml,MLWorks,criticalpair.sml,3782,RNGLR,940,940,3339271.00,22729.50,16384,20,true,true,OK,accept,true
sml,MLWorks,criticalpair.sml,3782,BRNGLR,940,940,3041354.00,12624.50,16384,20,true,true,OK,accept,true
sml,MLWorks,__word8_vector.sml,2942,Leo,945,945,8479895.50,91250.50,16384,20,true,true,OK,accept,true
sml,MLWorks,__word8_vector.sml,2942,GLL,945,945,0.00,0.00,0,0,false,false,TIMEOUT,accept,
sml,MLWorks,__word8_vector.sml,2942,RNGLR,945,945,5240958.00,13562.50,16384,20,true,true,OK,accept,true
sml,MLWorks,__word8_vector.sml,2942,BRNGLR,945,945,4177104.50,14833.50,16384,20,true,true,OK,accept,true
sml,MLWorks,redundant1.sml,2037,Leo,949,949,7281104.00,39791.50,16384,20,true,true,OK,accept,true
sml,MLWorks,redundant1.sml,2037,GLL,949,949,0.00,0.00,0,0,false,false,TIMEOUT,accept,
sml,MLWorks,redundant1.sml,2037,RNGLR,949,949,931250.00,9792.00,16384,20,true,true,OK,accept,true
sml,MLWorks,redundant1.sml,2037,BRNGLR,949,949,946062.50,6750.00,16384,20,true,true,OK,accept,true
sml,MLWorks,__unix.sml,3581,Leo,950,950,7239458.00,34374.50,16384,20,true,true,OK,accept,true
sml,MLWorks,__unix.sml,3581,GLL,950,950,0.00,0.00,0,0,false,false,TIMEOUT,accept,
sml,MLWorks,__unix.sml,3581,RNGLR,950,950,3166125.00,16666.50,16384,20,true,true,OK,accept,true
sml,MLWorks,__unix.sml,3581,BRNGLR,950,950,2770791.50,8937.50,16384,20,true,true,OK,accept,true
sml,MLWorks,mirtypes.sml,5088,Leo,950,950,20980854.00,46021.00,49152,20,true,true,OK,accept,true
sml,MLWorks,mirtypes.sml,5088,GLL,950,950,0.00,0.00,0,0,false,false,TIMEOUT,accept,
sml,MLWorks,mirtypes.sml,5088,RNGLR,950,950,23947562.50,123771.00,16384,20,true,true,OK,accept,true
sml,MLWorks,mirtypes.sml,5088,BRNGLR,950,950,17242312.50,55292.00,16384,20,true,true,OK,accept,true
sml,MLWorks,__pre_word32.sml,3715,Leo,952,952,14751083.50,85687.00,16384,20,true,true,OK,accept,true
sml,MLWorks,__pre_word32.sml,3715,GLL,952,952,0.00,0.00,0,0,false,false,TIMEOUT,accept,
sml,MLWorks,__pre_word32.sml,3715,RNGLR,952,952,21684770.50,142937.50,16384,20,true,true,OK,accept,true
sml,MLWorks,__pre_word32.sml,3715,BRNGLR,952,952,16393791.50,680854.00,16384,20,true,true,OK,accept,true
sml,MLWorks,paralleltak.sml,2655,Leo,954,954,9627833.50,362667.00,16384,20,true,true,OK,accept,true
sml,MLWorks,paralleltak.sml,2655,GLL,954,954,0.00,0.00,0,0,false,false,TIMEOUT,accept,
sml,MLWorks,paralleltak.sml,2655,RNGLR,954,954,3620125.00,81270.50,16384,20,true,true,OK,accept,true
sml,MLWorks,paralleltak.sml,2655,BRNGLR,954,954,3363167.00,176729.00,16384,20,true,true,OK,accept,true
sml,MLWorks,kb.sml,3971,Leo,954,954,9323020.50,127812.50,16384,20,true,true,OK,accept,true
sml,MLWorks,kb.sml,3971,GLL,954,954,0.00,0.00,0,0,false,false,TIMEOUT,accept,
sml,MLWorks,kb.sml,3971,RNGLR,954,954,2492250.00,15312.50,16384,20,true,true,OK,accept,true
sml,MLWorks,kb.sml,3971,BRNGLR,954,954,2228166.50,6541.50,16384,20,true,true,OK,accept,true
sml,MLWorks,_verbose.sml,4004,Leo,955,955,8466417.00,205041.50,16384,20,true,true,OK,accept,true
sml,MLWorks,_verbose.sml,4004,GLL,955,955,0.00,0.00,0,0,false,false,TIMEOUT,accept,
sml,MLWorks,_verbose.sml,4004,RNGLR,955,955,2263833.00,60479.00,16384,20,true,true,OK,accept,true
sml,MLWorks,_verbose.sml,4004,BRNGLR,955,955,2526667.00,374417.00,16384,20,true,true,OK,accept,true
sml,MLWorks,string_cvt.sml,4152,Leo,955,955,8950562.50,341708.50,16384,20,true,true,OK,accept,true
sml,MLWorks,string_cvt.sml,4152,GLL,955,955,0.00,0.00,0,0,false,false,TIMEOUT,accept,
sml,MLWorks,string_cvt.sml,4152,RNGLR,955,955,6085583.00,12812.50,16384,20,true,true,OK,accept,true
sml,MLWorks,string_cvt.sml,4152,BRNGLR,955,955,5268687.50,50479.00,16384,20,true,true,OK,accept,true
sml,MLWorks,eventloop.sml,3859,Leo,956,956,8699875.00,59375.00,16384,20,true,true,OK,accept,true
sml,MLWorks,eventloop.sml,3859,GLL,956,956,0.00,0.00,0,0,false,false,TIMEOUT,accept,
sml,MLWorks,eventloop.sml,3859,RNGLR,956,956,3906458.50,8583.00,16384,20,true,true,OK,accept,true
sml,MLWorks,eventloop.sml,3859,BRNGLR,956,956,3411125.00,12354.50,16384,20,true,true,OK,accept,true
sml,MLWorks,EquivalenceChecker.sml,2896,Leo,960,960,7018916.50,52729.50,16384,20,true,true,OK,accept,true
sml,MLWorks,EquivalenceChecker.sml,2896,GLL,960,960,0.00,0.00,0,0,false,false,TIMEOUT,accept,
sml,MLWorks,EquivalenceChecker.sml,2896,RNGLR,960,960,1844625.00,5937.50,16384,20,true,true,OK,accept,true
sml,MLWorks,EquivalenceChecker.sml,2896,BRNGLR,960,960,1965542.00,158813.00,16384,20,true,true,OK,accept,true
sml,MLWorks,_intsetlist.sml,2956,Leo,963,963,9342229.50,273916.50,16384,20,true,true,OK,accept,true
sml,MLWorks,_intsetlist.sml,2956,GLL,963,963,0.00,0.00,0,0,false,false,TIMEOUT,accept,
sml,MLWorks,_intsetlist.sml,2956,RNGLR,963,963,4529896.00,123375.00,16384,20,true,true,OK,accept,true
sml,MLWorks,_intsetlist.sml,2956,BRNGLR,963,963,3441208.50,28958.50,16384,20,true,true,OK,accept,true
sml,MLWorks,OSunify.sml,3454,Leo,966,966,9602979.00,242291.00,16384,20,true,true,OK,accept,true
sml,MLWorks,OSunify.sml,3454,GLL,966,966,0.00,0.00,0,0,false,false,TIMEOUT,accept,
sml,MLWorks,OSunify.sml,3454,RNGLR,966,966,4500916.00,155604.50,16384,20,true,true,OK,accept,true
sml,MLWorks,OSunify.sml,3454,BRNGLR,966,966,3620625.00,12771.00,16384,20,true,true,OK,accept,true
sml,MLWorks,_inter_envtypes.sml,4110,Leo,979,979,9543041.50,313396.00,16384,20,true,true,OK,accept,true
sml,MLWorks,_inter_envtypes.sml,4110,GLL,979,979,0.00,0.00,0,0,false,false,TIMEOUT,accept,
sml,MLWorks,_inter_envtypes.sml,4110,RNGLR,979,979,6488687.50,81916.50,16384,20,true,true,OK,accept,true
sml,MLWorks,_inter_envtypes.sml,4110,BRNGLR,979,979,5059250.50,100917.00,16384,20,true,true,OK,accept,true
sml,MLWorks,guess.sml,3763,Leo,981,981,9099479.50,105771.00,16384,20,true,true,OK,accept,true
sml,MLWorks,guess.sml,3763,GLL,981,981,0.00,0.00,0,0,false,false,TIMEOUT,accept,
sml,MLWorks,guess.sml,3763,RNGLR,981,981,5327458.50,130729.00,16384,20,true,true,OK,accept,true
sml,MLWorks,guess.sml,3763,BRNGLR,981,981,4303709.00,106292.00,16384,20,true,true,OK,accept,true
sml,MLWorks,socket.sml,3826,Leo,983,983,6829937.50,294854.50,16384,20,true,true,OK,accept,true
sml,MLWorks,socket.sml,3826,GLL,983,983,0.00,0.00,0,0,false,false,TIMEOUT,accept,
sml,MLWorks,socket.sml,3826,RNGLR,983,983,8316229.00,18146.00,16384,20,true,true,OK,accept,true
sml,MLWorks,socket.sml,3826,BRNGLR,983,983,6463917.00,109521.00,16384,20,true,true,OK,accept,true
sml,MLWorks,require_all.sml,6271,Leo,985,985,17475875.00,98937.50,16384,20,true,true,OK,accept,true
sml,MLWorks,require_all.sml,6271,GLL,985,985,0.00,0.00,0,0,false,false,TIMEOUT,accept,
sml,MLWorks,require_all.sml,6271,RNGLR,985,985,77554604.00,584270.00,16384,10,true,true,OK,accept,true
sml,MLWorks,require_all.sml,6271,BRNGLR,985,985,56329228.50,83958.50,16384,10,true,true,OK,accept,true
sml,MLWorks,__pre_string_cvt.sml,3005,Leo,998,998,7451333.00,53375.00,16384,20,true,true,OK,accept,true
sml,MLWorks,__pre_string_cvt.sml,3005,GLL,998,998,0.00,0.00,0,0,false,false,TIMEOUT,accept,
sml,MLWorks,__pre_string_cvt.sml,3005,RNGLR,998,998,3274916.50,14166.50,16384,20,true,true,OK,accept,true
sml,MLWorks,__pre_string_cvt.sml,3005,BRNGLR,998,998,2791896.00,17125.00,16384,20,true,true,OK,accept,true
sml,MLWorks,_machspec.sml,4148,Leo,1002,1002,12450187.50,70708.50,16384,20,true,true,OK,accept,true
sml,MLWorks,_machspec.sml,4148,GLL,1002,1002,0.00,0.00,0,0,false,false,TIMEOUT,accept,
sml,MLWorks,_machspec.sml,4148,RNGLR,1002,1002,14518541.50,47083.50,16384,20,true,true,OK,accept,true
sml,MLWorks,_machspec.sml,4148,BRNGLR,1002,1002,10752896.00,31208.50,16384,20,true,true,OK,accept,true
sml,MLWorks,__pre_int.sml,3558,Leo,1005,1005,10315250.00,63812.00,16384,20,true,true,OK,accept,true
sml,MLWorks,__pre_int.sml,3558,GLL,1005,1005,0.00,0.00,0,0,false,false,TIMEOUT,accept,
sml,MLWorks,__pre_int.sml,3558,RNGLR,1005,1005,11486229.00,26729.00,16384,20,true,true,OK,accept,true
sml,MLWorks,__pre_int.sml,3558,BRNGLR,1005,1005,8626958.50,32750.00,16384,20,true,true,OK,accept,true
sml,MLWorks,nj-compat.sml,4176,Leo,1005,1005,44532666.50,173374.50,16384,12,true,true,OK,accept,true
sml,MLWorks,nj-compat.sml,4176,GLL,1005,1005,0.00,0.00,0,0,false,false,TIMEOUT,accept,
sml,MLWorks,nj-compat.sml,4176,RNGLR,1005,1005,159275145.50,431729.00,16384,10,true,true,OK,accept,true
sml,MLWorks,nj-compat.sml,4176,BRNGLR,1005,1005,120386188.00,1101854.00,16384,10,true,true,OK,accept,true
sml,MLWorks,fastlude.sml,2992,Leo,1006,1006,20109917.00,305833.50,16384,20,true,true,OK,accept,true
sml,MLWorks,fastlude.sml,2992,GLL,1006,1006,0.00,0.00,0,0,false,false,TIMEOUT,accept,
sml,MLWorks,fastlude.sml,2992,RNGLR,1006,1006,28802834.00,652584.00,16384,17,true,true,OK,accept,true
sml,MLWorks,fastlude.sml,2992,BRNGLR,1006,1006,20232062.50,514604.50,16384,20,true,true,OK,accept,true
sml,MLWorks,ordlist.sml,3468,Leo,1015,1015,10147167.00,134249.50,16384,20,true,true,OK,accept,true
sml,MLWorks,ordlist.sml,3468,GLL,1015,1015,0.00,0.00,0,0,false,false,TIMEOUT,accept,
sml,MLWorks,ordlist.sml,3468,RNGLR,1015,1015,5571791.50,12416.50,16384,20,true,true,OK,accept,true
sml,MLWorks,ordlist.sml,3468,BRNGLR,1015,1015,4765229.00,125167.00,16384,20,true,true,OK,accept,true
sml,MLWorks,_coreutils.sml,3430,Leo,1017,1017,7954416.50,240916.50,16384,20,true,true,OK,accept,true
sml,MLWorks,_coreutils.sml,3430,GLL,1017,1017,0.00,0.00,0,0,false,false,TIMEOUT,accept,
sml,MLWorks,_coreutils.sml,3430,RNGLR,1017,1017,2271854.00,17625.00,16384,20,true,true,OK,accept,true
sml,MLWorks,_coreutils.sml,3430,BRNGLR,1017,1017,2171520.50,61166.00,16384,20,true,true,OK,accept,true
sml,MLWorks,sort.sml,3753,Leo,1034,1034,8952125.00,36541.50,16384,20,true,true,OK,accept,true
sml,MLWorks,sort.sml,3753,GLL,1034,1034,0.00,0.00,0,0,false,false,TIMEOUT,accept,
sml,MLWorks,sort.sml,3753,RNGLR,1034,1034,2788541.50,62333.00,16384,20,true,true,OK,accept,true
sml,MLWorks,sort.sml,3753,BRNGLR,1034,1034,2961146.00,292833.50,16384,20,true,true,OK,accept,true
sml,MLWorks,_group_dag.sml,4179,Leo,1035,1035,8379187.50,217124.50,16384,20,true,true,OK,accept,true
sml,MLWorks,_group_dag.sml,4179,GLL,1035,1035,0.00,0.00,0,0,false,false,TIMEOUT,accept,
sml,MLWorks,_group_dag.sml,4179,RNGLR,1035,1035,2116125.50,82229.00,16384,20,true,true,OK,accept,true
sml,MLWorks,_group_dag.sml,4179,BRNGLR,1035,1035,1923125.00,31146.00,16384,20,true,true,OK,accept,true
sml,MLWorks,random_access.sml,4621,Leo,1039,1039,0.00,0.00,0,0,false,false,PARSE_FAIL,accept,false
sml,MLWorks,random_access.sml,4621,GLL,1039,1039,0.00,0.00,0,0,false,false,TIMEOUT,accept,
sml,MLWorks,random_access.sml,4621,RNGLR,1039,1039,0.00,0.00,0,0,false,false,PARSE_FAIL,accept,false
sml,MLWorks,random_access.sml,4621,BRNGLR,1039,1039,0.00,0.00,0,0,false,false,PARSE_FAIL,accept,false
sml,MLWorks,huet.sml,4394,Leo,1045,1045,11423375.00,327750.00,16384,20,true,true,OK,accept,true
sml,MLWorks,huet.sml,4394,GLL,1045,1045,0.00,0.00,0,0,false,false,TIMEOUT,accept,
sml,MLWorks,huet.sml,4394,RNGLR,1045,1045,2788875.00,74104.50,16384,20,true,true,OK,accept,true
sml,MLWorks,huet.sml,4394,BRNGLR,1045,1045,2687958.50,146104.00,16384,20,true,true,OK,accept,true
sml,MLWorks,discharge.sml,3451,Leo,1052,1052,9356333.50,312437.50,16384,20,true,true,OK,accept,true
sml,MLWorks,discharge.sml,3451,GLL,1052,1052,0.00,0.00,0,0,false,false,TIMEOUT,accept,
sml,MLWorks,discharge.sml,3451,RNGLR,1052,1052,4179020.50,82125.50,16384,20,true,true,OK,accept,true
sml,MLWorks,discharge.sml,3451,BRNGLR,1052,1052,3576770.50,50437.00,16384,20,true,true,OK,accept,true
sml,MLWorks,_location.sml,3775,Leo,1060,1060,10250479.50,284229.50,16384,20,true,true,OK,accept,true
sml,MLWorks,_location.sml,3775,GLL,1060,1060,0.00,0.00,0,0,false,false,TIMEOUT,accept,
sml,MLWorks,_location.sml,3775,RNGLR,1060,1060,3402020.50,117646.00,16384,20,true,true,OK,accept,true
sml,MLWorks,_location.sml,3775,BRNGLR,1060,1060,2817520.50,76687.00,16384,20,true,true,OK,accept,true
sml,MLWorks,__mutex.sml,3783,Leo,1063,1063,8257291.50,294146.00,16384,20,true,true,OK,accept,true
sml,MLWorks,__mutex.sml,3783,GLL,1063,1063,0.00,0.00,0,0,false,false,TIMEOUT,accept,
sml,MLWorks,__mutex.sml,3783,RNGLR,1063,1063,2317333.00,16146.00,16384,20,true,true,OK,accept,true
sml,MLWorks,__mutex.sml,3783,BRNGLR,1063,1063,2162833.50,49458.50,16384,20,true,true,OK,accept,true
sml,MLWorks,_sparc_opcodes.sml,4115,Leo,1066,1066,10568250.00,63416.50,16384,20,true,true,OK,accept,true
sml,MLWorks,_sparc_opcodes.sml,4115,GLL,1066,1066,0.00,0.00,0,0,false,false,TIMEOUT,accept,
sml,MLWorks,_sparc_opcodes.sml,4115,RNGLR,1066,1066,2430979.00,36312.50,16384,20,true,true,OK,accept,true
sml,MLWorks,_sparc_opcodes.sml,4115,BRNGLR,1066,1066,2470916.50,102416.00,16384,20,true,true,OK,accept,true
sml,MLWorks,variable.sml,4031,Leo,1085,1085,9474333.50,304958.50,16384,20,true,true,OK,accept,true
sml,MLWorks,variable.sml,4031,GLL,1085,1085,0.00,0.00,0,0,false,false,TIMEOUT,accept,
sml,MLWorks,variable.sml,4031,RNGLR,1085,1085,2432229.50,91812.50,16384,20,true,true,OK,accept,true
sml,MLWorks,variable.sml,4031,BRNGLR,1085,1085,2218646.00,36146.00,16384,20,true,true,OK,accept,true
sml,MLWorks,__pre_ieee_real.sml,4024,Leo,1090,1090,9584270.50,93167.00,16384,20,true,true,OK,accept,true
sml,MLWorks,__pre_ieee_real.sml,4024,GLL,1090,1090,0.00,0.00,0,0,false,false,TIMEOUT,accept,
sml,MLWorks,__pre_ieee_real.sml,4024,RNGLR,1090,1090,5257833.00,54666.50,16384,20,true,true,OK,accept,true
sml,MLWorks,__pre_ieee_real.sml,4024,BRNGLR,1090,1090,5599812.50,1134687.50,16384,20,true,true,OK,accept,true
sml,MLWorks,pattern.sml,3338,Leo,1100,1100,10216958.00,580937.00,16384,20,true,true,OK,accept,true
sml,MLWorks,pattern.sml,3338,GLL,1100,1100,0.00,0.00,0,0,false,false,TIMEOUT,accept,
sml,MLWorks,pattern.sml,3338,RNGLR,1100,1100,3295646.00,45520.50,16384,20,true,true,OK,accept,true
sml,MLWorks,pattern.sml,3338,BRNGLR,1100,1100,3025895.50,16708.50,16384,20,true,true,OK,accept,true
sml,MLWorks,imperative_io.sml,3741,Leo,1100,1100,57287875.00,242938.00,16384,10,true,true,OK,accept,true
sml,MLWorks,imperative_io.sml,3741,GLL,1100,1100,0.00,0.00,0,0,false,false,TIMEOUT,accept,
sml,MLWorks,imperative_io.sml,3741,RNGLR,1100,1100,1119376583.50,11846687.50,10043392,10,true,true,OK,accept,true
sml,MLWorks,imperative_io.sml,3741,BRNGLR,1100,1100,1025770687.50,19196187.50,9420800,10,true,true,OK,accept,true
sml,MLWorks,time.sml,4258,Leo,1110,1110,169218896.00,9951354.50,49152,10,true,true,OK,accept,true
sml,MLWorks,time.sml,4258,GLL,1110,1110,0.00,0.00,0,0,false,false,TIMEOUT,accept,
sml,MLWorks,time.sml,4258,RNGLR,1110,1110,0.00,0.00,0,0,false,false,TIMEOUT,accept,
sml,MLWorks,time.sml,4258,BRNGLR,1110,1110,0.00,0.00,0,0,false,false,TIMEOUT,accept,
sml,MLWorks,__windows.sml,5381,Leo,1117,1117,9818396.00,298563.00,16384,20,true,true,OK,accept,true
sml,MLWorks,__windows.sml,5381,GLL,1117,1117,0.00,0.00,0,0,false,false,TIMEOUT,accept,
sml,MLWorks,__windows.sml,5381,RNGLR,1117,1117,0.00,0.00,0,0,false,false,TIMEOUT,accept,
sml,MLWorks,__windows.sml,5381,BRNGLR,1117,1117,0.00,0.00,0,0,false,false,TIMEOUT,accept,
sml,MLWorks,_enc_sub.sml,4318,Leo,1121,1121,11002229.50,68229.50,16384,20,true,true,OK,accept,true
sml,MLWorks,_enc_sub.sml,4318,GLL,1121,1121,0.00,0.00,0,0,false,false,TIMEOUT,accept,
sml,MLWorks,_enc_sub.sml,4318,RNGLR,1121,1121,0.00,0.00,0,0,false,false,TIMEOUT,accept,
sml,MLWorks,_enc_sub.sml,4318,BRNGLR,1121,1121,0.00,0.00,0,0,false,false,TIMEOUT,accept,
sml,MLWorks,_stackallocator.sml,6099,Leo,1124,1124,8738458.50,82833.00,16384,20,true,true,OK,accept,true
sml,MLWorks,_stackallocator.sml,6099,GLL,1124,1124,0.00,0.00,0,0,false,false,TIMEOUT,accept,
sml,MLWorks,_stackallocator.sml,6099,RNGLR,1124,1124,0.00,0.00,0,0,false,false,TIMEOUT,accept,
sml,MLWorks,_stackallocator.sml,6099,BRNGLR,1124,1124,0.00,0.00,0,0,false,false,TIMEOUT,accept,
sml,MLWorks,__c_signature.sml,4775,Leo,1125,1125,8171562.50,127895.50,16384,20,true,true,OK,accept,true
sml,MLWorks,__c_signature.sml,4775,GLL,1125,1125,0.00,0.00,0,0,false,false,TIMEOUT,accept,
sml,MLWorks,__c_signature.sml,4775,RNGLR,1125,1125,0.00,0.00,0,0,false,false,TIMEOUT,accept,
sml,MLWorks,__c_signature.sml,4775,BRNGLR,1125,1125,0.00,0.00,0,0,false,false,TIMEOUT,accept,
sml,MLWorks,c_object.sml,6097,Leo,1133,1133,29786583.00,219042.00,16384,17,true,true,OK,accept,true
sml,MLWorks,c_object.sml,6097,GLL,1133,1133,0.00,0.00,0,0,false,false,TIMEOUT,accept,
sml,MLWorks,c_object.sml,6097,RNGLR,1133,1133,0.00,0.00,0,0,false,false,TIMEOUT,accept,
sml,MLWorks,c_object.sml,6097,BRNGLR,1133,1133,0.00,0.00,0,0,false,false,TIMEOUT,accept,
sml,MLWorks,_shrink.sml,3511,Leo,1135,1135,8957521.00,37229.00,16384,20,true,true,OK,accept,true
sml,MLWorks,_shrink.sml,3511,GLL,1135,1135,0.00,0.00,0,0,false,false,TIMEOUT,accept,
sml,MLWorks,_shrink.sml,3511,RNGLR,1135,1135,0.00,0.00,0,0,false,false,TIMEOUT,accept,
sml,MLWorks,_shrink.sml,3511,BRNGLR,1135,1135,0.00,0.00,0,0,false,false,TIMEOUT,accept,
sml,MLWorks,tactics.sml,4478,Leo,1135,1135,15100792.00,156708.50,32768,20,true,true,OK,accept,true
sml,MLWorks,tactics.sml,4478,GLL,1135,1135,0.00,0.00,0,0,false,false,TIMEOUT,accept,
sml,MLWorks,tactics.sml,4478,RNGLR,1135,1135,0.00,0.00,0,0,false,false,TIMEOUT,accept,
sml,MLWorks,tactics.sml,4478,BRNGLR,1135,1135,0.00,0.00,0,0,false,false,TIMEOUT,accept,
sml,MLWorks,sleeping_barber.sml,4883,Leo,1139,1139,14243625.00,313666.50,16384,20,true,true,OK,accept,true
sml,MLWorks,sleeping_barber.sml,4883,GLL,1139,1139,0.00,0.00,0,0,false,false,TIMEOUT,accept,
sml,MLWorks,sleeping_barber.sml,4883,RNGLR,1139,1139,0.00,0.00,0,0,false,false,TIMEOUT,accept,
sml,MLWorks,sleeping_barber.sml,4883,BRNGLR,1139,1139,0.00,0.00,0,0,false,false,TIMEOUT,accept,
sml,MLWorks,__char_array.sml,3781,Leo,1144,1144,9827396.00,126166.50,16384,20,true,true,OK,accept,true
sml,MLWorks,__char_array.sml,3781,GLL,1144,1144,0.00,0.00,0,0,false,false,TIMEOUT,accept,
sml,MLWorks,__char_array.sml,3781,RNGLR,1144,1144,0.00,0.00,0,0,false,false,TIMEOUT,accept,
sml,MLWorks,__char_array.sml,3781,BRNGLR,1144,1144,0.00,0.00,0,0,false,false,TIMEOUT,accept,
sml,MLWorks,namespace.sml,4064,Leo,1145,1145,11581042.00,51188.50,16384,20,true,true,OK,accept,true
sml,MLWorks,namespace.sml,4064,GLL,1145,1145,0.00,0.00,0,0,false,false,TIMEOUT,accept,
sml,MLWorks,namespace.sml,4064,RNGLR,1145,1145,0.00,0.00,0,0,false,false,TIMEOUT,accept,
sml,MLWorks,namespace.sml,4064,BRNGLR,1145,1145,0.00,0.00,0,0,false,false,TIMEOUT,accept,
sml,MLWorks,types.sml,6206,Leo,1146,1146,45774250.00,306042.00,2228224,11,true,true,OK,accept,true
sml,MLWorks,types.sml,6206,GLL,1146,1146,0.00,0.00,0,0,false,false,TIMEOUT,accept,
sml,MLWorks,types.sml,6206,RNGLR,1146,1146,0.00,0.00,0,0,false,false,TIMEOUT,accept,
sml,MLWorks,types.sml,6206,BRNGLR,1146,1146,0.00,0.00,0,0,false,false,TIMEOUT,accept,
sml,MLWorks,csg.sml,3636,Leo,1153,1153,8668250.00,305083.50,16384,20,true,true,OK,accept,true
sml,MLWorks,csg.sml,3636,GLL,1153,1153,0.00,0.00,0,0,false,false,TIMEOUT,accept,
sml,MLWorks,csg.sml,3636,RNGLR,1153,1153,0.00,0.00,0,0,false,false,TIMEOUT,accept,
sml,MLWorks,csg.sml,3636,BRNGLR,1153,1153,0.00,0.00,0,0,false,false,TIMEOUT,accept,
sml,MLWorks,AC_tools.sml,4127,Leo,1158,1158,10537000.00,64166.50,16384,20,true,true,OK,accept,true
sml,MLWorks,AC_tools.sml,4127,GLL,1158,1158,0.00,0.00,0,0,false,false,TIMEOUT,accept,
sml,MLWorks,AC_tools.sml,4127,RNGLR,1158,1158,0.00,0.00,0,0,false,false,TIMEOUT,accept,
sml,MLWorks,AC_tools.sml,4127,BRNGLR,1158,1158,0.00,0.00,0,0,false,false,TIMEOUT,accept,
sml,MLWorks,_evaluator.sml,5573,Leo,1170,1170,10532916.50,85666.50,16384,20,true,true,OK,accept,true
sml,MLWorks,_evaluator.sml,5573,GLL,1170,1170,0.00,0.00,0,0,false,false,TIMEOUT,accept,
sml,MLWorks,_evaluator.sml,5573,RNGLR,1170,1170,0.00,0.00,0,0,false,false,TIMEOUT,accept,
sml,MLWorks,_evaluator.sml,5573,BRNGLR,1170,1170,0.00,0.00,0,0,false,false,TIMEOUT,accept,
sml,MLWorks,i_environment.sml,5475,Leo,1171,1171,10731417.00,380479.50,16384,20,true,true,OK,accept,true
sml,MLWorks,i_environment.sml,5475,GLL,1171,1171,0.00,0.00,0,0,false,false,TIMEOUT,accept,
sml,MLWorks,i_environment.sml,5475,RNGLR,1171,1171,0.00,0.00,0,0,false,false,TIMEOUT,accept,
sml,MLWorks,i_environment.sml,5475,BRNGLR,1171,1171,0.00,0.00,0,0,false,false,TIMEOUT,accept,
sml,MLWorks,_path_tool.sml,4919,Leo,1175,1175,11369979.00,580500.00,16384,20,true,true,OK,accept,true
sml,MLWorks,_path_tool.sml,4919,GLL,1175,1175,0.00,0.00,0,0,false,false,TIMEOUT,accept,
sml,MLWorks,_path_tool.sml,4919,RNGLR,1175,1175,0.00,0.00,0,0,false,false,TIMEOUT,accept,
sml,MLWorks,_path_tool.sml,4919,BRNGLR,1175,1175,0.00,0.00,0,0,false,false,TIMEOUT,accept,
sml,MLWorks,__word8_array.sml,3950,Leo,1182,1182,11712145.50,790000.50,16384,20,true,true,OK,accept,true
sml,MLWorks,__word8_array.sml,3950,GLL,1182,1182,0.00,0.00,0,0,false,false,TIMEOUT,accept,
sml,MLWorks,__word8_array.sml,3950,RNGLR,1182,1182,0.00,0.00,0,0,false,false,TIMEOUT,accept,
sml,MLWorks,__word8_array.sml,3950,BRNGLR,1182,1182,0.00,0.00,0,0,false,false,TIMEOUT,accept,
sml,MLWorks,script.sml,5473,Leo,1183,1183,11609375.00,516666.50,16384,20,true,true,OK,accept,true
sml,MLWorks,script.sml,5473,GLL,1183,1183,0.00,0.00,0,0,false,false,TIMEOUT,accept,
sml,MLWorks,script.sml,5473,RNGLR,1183,1183,0.00,0.00,0,0,false,false,TIMEOUT,accept,
sml,MLWorks,script.sml,5473,BRNGLR,1183,1183,0.00,0.00,0,0,false,false,TIMEOUT,accept,
sml,MLWorks,_info.sml,5126,Leo,1190,1190,11621583.00,435833.00,16384,20,true,true,OK,accept,true
sml,MLWorks,_info.sml,5126,GLL,1190,1190,0.00,0.00,0,0,false,false,TIMEOUT,accept,
sml,MLWorks,_info.sml,5126,RNGLR,1190,1190,0.00,0.00,0,0,false,false,TIMEOUT,accept,
sml,MLWorks,_info.sml,5126,BRNGLR,1190,1190,0.00,0.00,0,0,false,false,TIMEOUT,accept,
sml,MLWorks,__aliens.sml,5260,Leo,1190,1190,11662771.00,251375.00,16384,20,true,true,OK,accept,true
sml,MLWorks,__aliens.sml,5260,GLL,1190,1190,0.00,0.00,0,0,false,false,TIMEOUT,accept,
sml,MLWorks,__aliens.sml,5260,RNGLR,1190,1190,0.00,0.00,0,0,false,false,TIMEOUT,accept,
sml,MLWorks,__aliens.sml,5260,BRNGLR,1190,1190,0.00,0.00,0,0,false,false,TIMEOUT,accept,
sml,MLWorks,Condition.sml,3484,Leo,1196,1196,11352396.00,57500.00,16384,20,true,true,OK,accept,true
sml,MLWorks,Condition.sml,3484,GLL,1196,1196,0.00,0.00,0,0,false,false,TIMEOUT,accept,
sml,MLWorks,Condition.sml,3484,RNGLR,1196,1196,0.00,0.00,0,0,false,false,TIMEOUT,accept,
sml,MLWorks,Condition.sml,3484,BRNGLR,1196,1196,0.00,0.00,0,0,false,false,TIMEOUT,accept,
sml,MLWorks,hash.sml,3888,Leo,1206,1206,9310208.00,41582.50,16384,20,true,true,OK,accept,true
sml,MLWorks,hash.sml,3888,GLL,1206,1206,0.00,0.00,0,0,false,false,TIMEOUT,accept,
sml,MLWorks,hash.sml,3888,RNGLR,1206,1206,0.00,0.00,0,0,false,false,TIMEOUT,accept,
sml,MLWorks,hash.sml,3888,BRNGLR,1206,1206,0.00,0.00,0,0,false,false,TIMEOUT,accept,
sml,MLWorks,_win_nt_link_support.sml,5226,Leo,1206,1206,11276770.50,67459.00,16384,20,true,true,OK,accept,true
sml,MLWorks,_win_nt_link_support.sml,5226,GLL,1206,1206,0.00,0.00,0,0,false,false,TIMEOUT,accept,
sml,MLWorks,_win_nt_link_support.sml,5226,RNGLR,1206,1206,0.00,0.00,0,0,false,false,TIMEOUT,accept,
sml,MLWorks,_win_nt_link_support.sml,5226,BRNGLR,1206,1206,0.00,0.00,0,0,false,false,TIMEOUT,accept,
sml,MLWorks,_parser.sml,7220,Leo,1217,1217,10283770.50,75687.00,16384,20,true,true,OK,accept,true
sml,MLWorks,_parser.sml,7220,GLL,1217,1217,0.00,0.00,0,0,false,false,TIMEOUT,accept,
sml,MLWorks,_parser.sml,7220,RNGLR,1217,1217,0.00,0.00,0,0,false,false,TIMEOUT,accept,
sml,MLWorks,_parser.sml,7220,BRNGLR,1217,1217,0.00,0.00,0,0,false,false,TIMEOUT,accept,
sml,MLWorks,vectors.sml,3680,Leo,1218,1218,41636354.50,124729.00,16384,12,true,true,OK,accept,true
sml,MLWorks,vectors.sml,3680,GLL,1218,1218,0.00,0.00,0,0,false,false,TIMEOUT,accept,
sml,MLWorks,vectors.sml,3680,RNGLR,1218,1218,0.00,0.00,0,0,false,false,TIMEOUT,accept,
sml,MLWorks,vectors.sml,3680,BRNGLR,1218,1218,0.00,0.00,0,0,false,false,TIMEOUT,accept,
sml,MLWorks,_stringlib.sml,3780,Leo,1224,1224,11615937.50,155895.50,16384,20,true,true,OK,accept,true
sml,MLWorks,_stringlib.sml,3780,GLL,1224,1224,0.00,0.00,0,0,false,false,TIMEOUT,accept,
sml,MLWorks,_stringlib.sml,3780,RNGLR,1224,1224,0.00,0.00,0,0,false,false,TIMEOUT,accept,
sml,MLWorks,_stringlib.sml,3780,BRNGLR,1224,1224,0.00,0.00,0,0,false,false,TIMEOUT,accept,
sml,MLWorks,date.sml,5403,Leo,1237,1237,10492124.50,77251.00,16384,20,true,true,OK,accept,true
sml,MLWorks,date.sml,5403,GLL,1237,1237,0.00,0.00,0,0,false,false,TIMEOUT,accept,
sml,MLWorks,date.sml,5403,RNGLR,1237,1237,0.00,0.00,0,0,false,false,TIMEOUT,accept,
sml,MLWorks,date.sml,5403,BRNGLR,1237,1237,0.00,0.00,0,0,false,false,TIMEOUT,accept,
sml,MLWorks,_mirtypes.sml,6223,Leo,1237,1237,43297833.50,395771.00,16384,12,true,true,OK,accept,true
sml,MLWorks,_mirtypes.sml,6223,GLL,1237,1237,0.00,0.00,0,0,false,false,TIMEOUT,accept,
sml,MLWorks,_mirtypes.sml,6223,RNGLR,1237,1237,0.00,0.00,0,0,false,false,TIMEOUT,accept,
sml,MLWorks,_mirtypes.sml,6223,BRNGLR,1237,1237,0.00,0.00,0,0,false,false,TIMEOUT,accept,
sml,MLWorks,_ident.sml,4785,Leo,1240,1240,22385812.00,53958.50,16384,20,true,true,OK,accept,true
sml,MLWorks,_ident.sml,4785,GLL,1240,1240,0.00,0.00,0,0,false,false,TIMEOUT,accept,
sml,MLWorks,_ident.sml,4785,RNGLR,1240,1240,0.00,0.00,0,0,false,false,TIMEOUT,accept,
sml,MLWorks,_ident.sml,4785,BRNGLR,1240,1240,0.00,0.00,0,0,false,false,TIMEOUT,accept,
sml,MLWorks,lib.sml,3536,Leo,1245,1245,16698146.00,44896.00,16384,20,true,true,OK,accept,true
sml,MLWorks,lib.sml,3536,GLL,1245,1245,0.00,0.00,0,0,false,false,TIMEOUT,accept,
sml,MLWorks,lib.sml,3536,RNGLR,1245,1245,0.00,0.00,0,0,false,false,TIMEOUT,accept,
sml,MLWorks,lib.sml,3536,BRNGLR,1245,1245,0.00,0.00,0,0,false,false,TIMEOUT,accept,
sml,MLWorks,_emitter.sml,6063,Leo,1254,1254,10891708.00,81104.00,16384,20,true,true,OK,accept,true
sml,MLWorks,_emitter.sml,6063,GLL,1254,1254,0.00,0.00,0,0,false,false,TIMEOUT,accept,
sml,MLWorks,_emitter.sml,6063,RNGLR,1254,1254,0.00,0.00,0,0,false,false,TIMEOUT,accept,
sml,MLWorks,_emitter.sml,6063,BRNGLR,1254,1254,0.00,0.00,0,0,false,false,TIMEOUT,accept,
sml,MLWorks,reals.sml,4456,Leo,1255,1255,13834396.00,81958.50,16384,20,true,true,OK,accept,true
sml,MLWorks,reals.sml,4456,GLL,1255,1255,0.00,0.00,0,0,false,false,TIMEOUT,accept,
sml,MLWorks,reals.sml,4456,RNGLR,1255,1255,0.00,0.00,0,0,false,false,TIMEOUT,accept,
sml,MLWorks,reals.sml,4456,BRNGLR,1255,1255,0.00,0.00,0,0,false,false,TIMEOUT,accept,
sml,MLWorks,_sectioned_file.sml,5548,Leo,1258,1258,11761583.00,86687.00,16384,20,true,true,OK,accept,true
sml,MLWorks,_sectioned_file.sml,5548,GLL,1258,1258,0.00,0.00,0,0,false,false,TIMEOUT,accept,
sml,MLWorks,_sectioned_file.sml,5548,RNGLR,1258,1258,0.00,0.00,0,0,false,false,TIMEOUT,accept,
sml,MLWorks,_sectioned_file.sml,5548,BRNGLR,1258,1258,0.00,0.00,0,0,false,false,TIMEOUT,accept,
sml,MLWorks,word8vectors.sml,3929,Leo,1269,1269,41686166.00,2158874.00,16384,11,true,true,OK,accept,true
sml,MLWorks,word8vectors.sml,3929,GLL,1269,1269,0.00,0.00,0,0,false,false,TIMEOUT,accept,
sml,MLWorks,word8vectors.sml,3929,RNGLR,1269,1269,0.00,0.00,0,0,false,false,TIMEOUT,accept,
sml,MLWorks,word8vectors.sml,3929,BRNGLR,1269,1269,0.00,0.00,0,0,false,false,TIMEOUT,accept,
sml,MLWorks,_type_debugger.sml,4330,Leo,1275,1275,10265958.00,161437.50,16384,20,true,true,OK,accept,true
sml,MLWorks,_type_debugger.sml,4330,GLL,1275,1275,0.00,0.00,0,0,false,false,TIMEOUT,accept,
sml,MLWorks,_type_debugger.sml,4330,RNGLR,1275,1275,0.00,0.00,0,0,false,false,TIMEOUT,accept,
sml,MLWorks,_type_debugger.sml,4330,BRNGLR,1275,1275,0.00,0.00,0,0,false,false,TIMEOUT,accept,
sml,MLWorks,char5.sml,4307,Leo,1276,1276,16724542.00,110021.00,81920,20,true,true,OK,accept,true
sml,MLWorks,char5.sml,4307,GLL,1276,1276,0.00,0.00,0,0,false,false,TIMEOUT,accept,
sml,MLWorks,char5.sml,4307,RNGLR,1276,1276,0.00,0.00,0,0,false,false,TIMEOUT,accept,
sml,MLWorks,char5.sml,4307,BRNGLR,1276,1276,0.00,0.00,0,0,false,false,TIMEOUT,accept,
sml,MLWorks,char6.sml,4319,Leo,1281,1281,16943313.00,221854.50,32768,20,true,true,OK,accept,true
sml,MLWorks,char6.sml,4319,GLL,1281,1281,0.00,0.00,0,0,false,false,TIMEOUT,accept,
sml,MLWorks,char6.sml,4319,RNGLR,1281,1281,0.00,0.00,0,0,false,false,TIMEOUT,accept,
sml,MLWorks,char6.sml,4319,BRNGLR,1281,1281,0.00,0.00,0,0,false,false,TIMEOUT,accept,
sml,MLWorks,char4.sml,4325,Leo,1281,1281,16833437.50,107812.00,16384,20,true,true,OK,accept,true
sml,MLWorks,char4.sml,4325,GLL,1281,1281,0.00,0.00,0,0,false,false,TIMEOUT,accept,
sml,MLWorks,char4.sml,4325,RNGLR,1281,1281,0.00,0.00,0,0,false,false,TIMEOUT,accept,
sml,MLWorks,char4.sml,4325,BRNGLR,1281,1281,0.00,0.00,0,0,false,false,TIMEOUT,accept,
sml,MLWorks,real_vectors.sml,4033,Leo,1290,1290,43260146.00,69500.00,16384,12,true,true,OK,accept,true
sml,MLWorks,real_vectors.sml,4033,GLL,1290,1290,0.00,0.00,0,0,false,false,TIMEOUT,accept,
sml,MLWorks,real_vectors.sml,4033,RNGLR,1290,1290,0.00,0.00,0,0,false,false,TIMEOUT,accept,
sml,MLWorks,real_vectors.sml,4033,BRNGLR,1290,1290,0.00,0.00,0,0,false,false,TIMEOUT,accept,
sml,MLWorks,AgentSubSem.sml,4618,Leo,1313,1313,10364958.50,184229.00,16384,20,true,true,OK,accept,true
sml,MLWorks,AgentSubSem.sml,4618,GLL,1313,1313,0.00,0.00,0,0,false,false,TIMEOUT,accept,
sml,MLWorks,AgentSubSem.sml,4618,RNGLR,1313,1313,0.00,0.00,0,0,false,false,TIMEOUT,accept,
sml,MLWorks,AgentSubSem.sml,4618,BRNGLR,1313,1313,0.00,0.00,0,0,false,false,TIMEOUT,accept,
sml,MLWorks,_lexer.sml,4199,Leo,1332,1332,11125333.00,136354.00,16384,20,true,true,OK,accept,true
sml,MLWorks,_lexer.sml,4199,GLL,1332,1332,0.00,0.00,0,0,false,false,TIMEOUT,accept,
sml,MLWorks,_lexer.sml,4199,RNGLR,1332,1332,0.00,0.00,0,0,false,false,TIMEOUT,accept,
sml,MLWorks,_lexer.sml,4199,BRNGLR,1332,1332,0.00,0.00,0,0,false,false,TIMEOUT,accept,
sml,MLWorks,_cli.sml,5201,Leo,1339,1339,11668645.50,47791.50,16384,20,true,true,OK,accept,true
sml,MLWorks,_cli.sml,5201,GLL,1339,1339,0.00,0.00,0,0,false,false,TIMEOUT,accept,
sml,MLWorks,_cli.sml,5201,RNGLR,1339,1339,0.00,0.00,0,0,false,false,TIMEOUT,accept,
sml,MLWorks,_cli.sml,5201,BRNGLR,1339,1339,0.00,0.00,0,0,false,false,TIMEOUT,accept,
sml,MLWorks,planar.sml,3579,Leo,1346,1346,11603375.00,82604.50,16384,20,true,true,OK,accept,true
sml,MLWorks,planar.sml,3579,GLL,1346,1346,0.00,0.00,0,0,false,false,TIMEOUT,accept,
sml,MLWorks,planar.sml,3579,RNGLR,1346,1346,0.00,0.00,0,0,false,false,TIMEOUT,accept,
sml,MLWorks,planar.sml,3579,BRNGLR,1346,1346,0.00,0.00,0,0,false,false,TIMEOUT,accept,
sml,MLWorks,com.sml,5978,Leo,1357,1357,28651292.00,548750.00,16384,17,true,true,OK,accept,true
sml,MLWorks,com.sml,5978,GLL,1357,1357,0.00,0.00,0,0,false,false,TIMEOUT,accept,
sml,MLWorks,com.sml,5978,RNGLR,1357,1357,0.00,0.00,0,0,false,false,TIMEOUT,accept,
sml,MLWorks,com.sml,5978,BRNGLR,1357,1357,0.00,0.00,0,0,false,false,TIMEOUT,accept,
sml,MLWorks,completiontools.sml,5510,Leo,1360,1360,12956667.00,65395.50,16384,20,true,true,OK,accept,true
sml,MLWorks,completiontools.sml,5510,GLL,1360,1360,0.00,0.00,0,0,false,false,TIMEOUT,accept,
sml,MLWorks,completiontools.sml,5510,RNGLR,1360,1360,0.00,0.00,0,0,false,false,TIMEOUT,accept,
sml,MLWorks,completiontools.sml,5510,BRNGLR,1360,1360,0.00,0.00,0,0,false,false,TIMEOUT,accept,
sml,MLWorks,__phones.sml,6643,Leo,1384,1384,15710479.50,164020.50,16384,20,true,true,OK,accept,true
sml,MLWorks,__phones.sml,6643,GLL,1384,1384,0.00,0.00,0,0,false,false,TIMEOUT,accept,
sml,MLWorks,__phones.sml,6643,RNGLR,1384,1384,0.00,0.00,0,0,false,false,TIMEOUT,accept,
sml,MLWorks,__phones.sml,6643,BRNGLR,1384,1384,0.00,0.00,0,0,false,false,TIMEOUT,accept,
sml,MLWorks,_sigma.sml,6145,Leo,1389,1389,12122667.00,230063.00,16384,20,true,true,OK,accept,true
sml,MLWorks,_sigma.sml,6145,GLL,1389,1389,0.00,0.00,0,0,false,false,TIMEOUT,accept,
sml,MLWorks,_sigma.sml,6145,RNGLR,1389,1389,0.00,0.00,0,0,false,false,TIMEOUT,accept,
sml,MLWorks,_sigma.sml,6145,BRNGLR,1389,1389,0.00,0.00,0,0,false,false,TIMEOUT,accept,
sml,MLWorks,_sharetypes.sml,6056,Leo,1392,1392,11162479.50,159646.00,16384,20,true,true,OK,accept,true
sml,MLWorks,_sharetypes.sml,6056,GLL,1392,1392,0.00,0.00,0,0,false,false,TIMEOUT,accept,
sml,MLWorks,_sharetypes.sml,6056,RNGLR,1392,1392,0.00,0.00,0,0,false,false,TIMEOUT,accept,
sml,MLWorks,_sharetypes.sml,6056,BRNGLR,1392,1392,0.00,0.00,0,0,false,false,TIMEOUT,accept,
sml,MLWorks,__utils.sml,4556,Leo,1395,1395,16846604.50,108666.50,16384,20,true,true,OK,accept,true
sml,MLWorks,__utils.sml,4556,GLL,1395,1395,0.00,0.00,0,0,false,false,TIMEOUT,accept,
sml,MLWorks,__utils.sml,4556,RNGLR,1395,1395,0.00,0.00,0,0,false,false,TIMEOUT,accept,
sml,MLWorks,__utils.sml,4556,BRNGLR,1395,1395,0.00,0.00,0,0,false,false,TIMEOUT,accept,
sml,MLWorks,lego_grm.sml,4442,Leo,1406,1406,27174021.00,299292.00,16384,18,true,true,OK,accept,true
sml,MLWorks,lego_grm.sml,4442,GLL,1406,1406,0.00,0.00,0,0,false,false,TIMEOUT,accept,
sml,MLWorks,lego_grm.sml,4442,RNGLR,1406,1406,0.00,0.00,0,0,false,false,TIMEOUT,accept,
sml,MLWorks,lego_grm.sml,4442,BRNGLR,1406,1406,0.00,0.00,0,0,false,false,TIMEOUT,accept,
sml,MLWorks,newtop.sml,4426,Leo,1416,1416,23380562.50,84979.50,16384,20,true,true,OK,accept,true
sml,MLWorks,newtop.sml,4426,GLL,1416,1416,0.00,0.00,0,0,false,false,TIMEOUT,accept,
sml,MLWorks,newtop.sml,4426,RNGLR,1416,1416,0.00,0.00,0,0,false,false,TIMEOUT,accept,
sml,MLWorks,newtop.sml,4426,BRNGLR,1416,1416,0.00,0.00,0,0,false,false,TIMEOUT,accept,
sml,MLWorks,__ordered_set.sml,3793,Leo,1424,1424,10585812.50,489666.50,16384,20,true,true,OK,accept,true
sml,MLWorks,__ordered_set.sml,3793,GLL,1424,1424,0.00,0.00,0,0,false,false,TIMEOUT,accept,
sml,MLWorks,__ordered_set.sml,3793,RNGLR,1424,1424,0.00,0.00,0,0,false,false,TIMEOUT,accept,
sml,MLWorks,__ordered_set.sml,3793,BRNGLR,1424,1424,0.00,0.00,0,0,false,false,TIMEOUT,accept,
sml,MLWorks,_valenv.sml,5456,Leo,1428,1428,11250979.00,114208.00,16384,20,true,true,OK,accept,true
sml,MLWorks,_valenv.sml,5456,GLL,1428,1428,0.00,0.00,0,0,false,false,TIMEOUT,accept,
sml,MLWorks,_valenv.sml,5456,RNGLR,1428,1428,0.00,0.00,0,0,false,false,TIMEOUT,accept,
sml,MLWorks,_valenv.sml,5456,BRNGLR,1428,1428,0.00,0.00,0,0,false,false,TIMEOUT,accept,
sml,MLWorks,_unixos.sml,7434,Leo,1454,1454,18789563.00,211062.50,16384,20,true,true,OK,accept,true
sml,MLWorks,_unixos.sml,7434,GLL,1454,1454,0.00,0.00,0,0,false,false,TIMEOUT,accept,
sml,MLWorks,_unixos.sml,7434,RNGLR,1454,1454,0.00,0.00,0,0,false,false,TIMEOUT,accept,
sml,MLWorks,_unixos.sml,7434,BRNGLR,1454,1454,0.00,0.00,0,0,false,false,TIMEOUT,accept,
sml,MLWorks,_shell.sml,7111,Leo,1456,1456,12104250.50,109792.00,16384,20,true,true,OK,accept,true
sml,MLWorks,_shell.sml,7111,GLL,1456,1456,0.00,0.00,0,0,false,false,TIMEOUT,accept,
sml,MLWorks,_shell.sml,7111,RNGLR,1456,1456,0.00,0.00,0,0,false,false,TIMEOUT,accept,
sml,MLWorks,_shell.sml,7111,BRNGLR,1456,1456,0.00,0.00,0,0,false,false,TIMEOUT,accept,
sml,MLWorks,_error_browser.sml,6343,Leo,1468,1468,13400771.00,184958.50,16384,20,true,true,OK,accept,true
sml,MLWorks,_error_browser.sml,6343,GLL,1468,1468,0.00,0.00,0,0,false,false,TIMEOUT,accept,
sml,MLWorks,_error_browser.sml,6343,RNGLR,1468,1468,0.00,0.00,0,0,false,false,TIMEOUT,accept,
sml,MLWorks,_error_browser.sml,6343,BRNGLR,1468,1468,0.00,0.00,0,0,false,false,TIMEOUT,accept,
sml,MLWorks,synt.sml,4751,Leo,1469,1469,36853125.00,2450125.00,16384,13,true,true,OK,accept,true
sml,MLWorks,synt.sml,4751,GLL,1469,1469,0.00,0.00,0,0,false,false,TIMEOUT,accept,
sml,MLWorks,synt.sml,4751,RNGLR,1469,1469,0.00,0.00,0,0,false,false,TIMEOUT,accept,
sml,MLWorks,synt.sml,4751,BRNGLR,1469,1469,0.00,0.00,0,0,false,false,TIMEOUT,accept,
sml,MLWorks,_context_print.sml,6744,Leo,1473,1473,22883479.00,1324666.50,16384,20,true,true,OK,accept,true
sml,MLWorks,_context_print.sml,6744,GLL,1473,1473,0.00,0.00,0,0,false,false,TIMEOUT,accept,
sml,MLWorks,_context_print.sml,6744,RNGLR,1473,1473,0.00,0.00,0,0,false,false,TIMEOUT,accept,
sml,MLWorks,_context_print.sml,6744,BRNGLR,1473,1473,0.00,0.00,0,0,false,false,TIMEOUT,accept,
sml,MLWorks,_module_id.sml,5490,Leo,1482,1482,19539333.50,1719583.50,16384,20,true,true,OK,accept,true
sml,MLWorks,_module_id.sml,5490,GLL,1482,1482,0.00,0.00,0,0,false,false,TIMEOUT,accept,
sml,MLWorks,_module_id.sml,5490,RNGLR,1482,1482,0.00,0.00,0,0,false,false,TIMEOUT,accept,
sml,MLWorks,_module_id.sml,5490,BRNGLR,1482,1482,0.00,0.00,0,0,false,false,TIMEOUT,accept,
sml,MLWorks,__string.sml,4825,Leo,1483,1483,16708438.00,987312.50,16384,20,true,true,OK,accept,true
sml,MLWorks,__string.sml,4825,GLL,1483,1483,0.00,0.00,0,0,false,false,TIMEOUT,accept,
sml,MLWorks,__string.sml,4825,RNGLR,1483,1483,0.00,0.00,0,0,false,false,TIMEOUT,accept,
sml,MLWorks,__string.sml,4825,BRNGLR,1483,1483,0.00,0.00,0,0,false,false,TIMEOUT,accept,
sml,MLWorks,mir_utils.sml,6753,Leo,1484,1484,17727354.00,839229.00,16384,20,true,true,OK,accept,true
sml,MLWorks,mir_utils.sml,6753,GLL,1484,1484,0.00,0.00,0,0,false,false,TIMEOUT,accept,
sml,MLWorks,mir_utils.sml,6753,RNGLR,1484,1484,0.00,0.00,0,0,false,false,TIMEOUT,accept,
sml,MLWorks,mir_utils.sml,6753,BRNGLR,1484,1484,0.00,0.00,0,0,false,false,TIMEOUT,accept,
sml,MLWorks,fft.sml,3835,Leo,1485,1485,0.00,0.00,0,0,false,false,PARSE_FAIL,accept,false
sml,MLWorks,fft.sml,3835,GLL,1485,1485,0.00,0.00,0,0,false,false,TIMEOUT,accept,
sml,MLWorks,fft.sml,3835,RNGLR,1485,1485,0.00,0.00,0,0,false,false,TIMEOUT,accept,
sml,MLWorks,fft.sml,3835,BRNGLR,1485,1485,0.00,0.00,0,0,false,false,TIMEOUT,accept,
sml,MLWorks,_editor.sml,6954,Leo,1488,1488,15042937.50,331083.50,16384,20,true,true,OK,accept,true
sml,MLWorks,_editor.sml,6954,GLL,1488,1488,0.00,0.00,0,0,false,false,TIMEOUT,accept,
sml,MLWorks,_editor.sml,6954,RNGLR,1488,1488,0.00,0.00,0,0,false,false,TIMEOUT,accept,
sml,MLWorks,_editor.sml,6954,BRNGLR,1488,1488,0.00,0.00,0,0,false,false,TIMEOUT,accept,
sml,MLWorks,_share.sml,7376,Leo,1488,1488,13411854.00,201250.00,16384,20,true,true,OK,accept,true
sml,MLWorks,_share.sml,7376,GLL,1488,1488,0.00,0.00,0,0,false,false,TIMEOUT,accept,
sml,MLWorks,_share.sml,7376,RNGLR,1488,1488,0.00,0.00,0,0,false,false,TIMEOUT,accept,
sml,MLWorks,_share.sml,7376,BRNGLR,1488,1488,0.00,0.00,0,0,false,false,TIMEOUT,accept,
sml,MLWorks,ACOSmatch.sml,5052,Leo,1494,1494,16031666.50,295167.00,16384,20,true,true,OK,accept,true
sml,MLWorks,ACOSmatch.sml,5052,GLL,1494,1494,0.00,0.00,0,0,false,false,TIMEOUT,accept,
sml,MLWorks,ACOSmatch.sml,5052,RNGLR,1494,1494,0.00,0.00,0,0,false,false,TIMEOUT,accept,
sml,MLWorks,ACOSmatch.sml,5052,BRNGLR,1494,1494,0.00,0.00,0,0,false,false,TIMEOUT,accept,
sml,MLWorks,word16s-2.sml,4489,Leo,1499,1499,32545645.50,528709.00,16384,16,true,true,OK,accept,true
sml,MLWorks,word16s-2.sml,4489,GLL,1499,1499,0.00,0.00,0,0,false,false,TIMEOUT,accept,
sml,MLWorks,word16s-2.sml,4489,RNGLR,1499,1499,0.00,0.00,0,0,false,false,TIMEOUT,accept,
sml,MLWorks,word16s-2.sml,4489,BRNGLR,1499,1499,0.00,0.00,0,0,false,false,TIMEOUT,accept,
sml,MLWorks,mirprocedure.sml,4530,Leo,1503,1503,6292958.00,261230.00,16384,20,true,true,OK,accept,true
sml,MLWorks,mirprocedure.sml,4530,GLL,1503,1503,0.00,0.00,0,0,false,false,TIMEOUT,accept,
sml,MLWorks,mirprocedure.sml,4530,RNGLR,1503,1503,0.00,0.00,0,0,false,false,TIMEOUT,accept,
sml,MLWorks,mirprocedure.sml,4530,BRNGLR,1503,1503,0.00,0.00,0,0,false,false,TIMEOUT,accept,
sml,MLWorks,_machtypes.sml,7855,Leo,1518,1518,66440979.50,247479.50,16384,10,true,true,OK,accept,true
sml,MLWorks,_machtypes.sml,7855,GLL,1518,1518,0.00,0.00,0,0,false,false,TIMEOUT,accept,
sml,MLWorks,_machtypes.sml,7855,RNGLR,1518,1518,0.00,0.00,0,0,false,false,TIMEOUT,accept,
sml,MLWorks,_machtypes.sml,7855,BRNGLR,1518,1518,0.00,0.00,0,0,false,false,TIMEOUT,accept,
sml,MLWorks,_file_viewer.sml,6903,Leo,1523,1523,13940875.00,253208.00,16384,20,true,true,OK,accept,true
sml,MLWorks,_file_viewer.sml,6903,GLL,1523,1523,0.00,0.00,0,0,false,false,TIMEOUT,accept,
sml,MLWorks,_file_viewer.sml,6903,RNGLR,1523,1523,0.00,0.00,0,0,false,false,TIMEOUT,accept,
sml,MLWorks,_file_viewer.sml,6903,BRNGLR,1523,1523,0.00,0.00,0,0,false,false,TIMEOUT,accept,
sml,MLWorks,dio.sml,5687,Leo,1526,1526,16653979.00,107208.00,16384,20,true,true,OK,accept,true
sml,MLWorks,dio.sml,5687,GLL,1526,1526,0.00,0.00,0,0,false,false,TIMEOUT,accept,
sml,MLWorks,dio.sml,5687,RNGLR,1526,1526,0.00,0.00,0,0,false,false,TIMEOUT,accept,
sml,MLWorks,dio.sml,5687,BRNGLR,1526,1526,0.00,0.00,0,0,false,false,TIMEOUT,accept,
sml,MLWorks,_file_dialog.sml,6434,Leo,1528,1528,13260646.00,198125.00,16384,20,true,true,OK,accept,true
sml,MLWorks,_file_dialog.sml,6434,GLL,1528,1528,0.00,0.00,0,0,false,false,TIMEOUT,accept,
sml,MLWorks,_file_dialog.sml,6434,RNGLR,1528,1528,0.00,0.00,0,0,false,false,TIMEOUT,accept,
sml,MLWorks,_file_dialog.sml,6434,BRNGLR,1528,1528,0.00,0.00,0,0,false,false,TIMEOUT,accept,
sml,MLWorks,universe.sml,4954,Leo,1554,1554,17235916.50,156541.50,16384,20,true,true,OK,accept,true
sml,MLWorks,universe.sml,4954,GLL,1554,1554,0.00,0.00,0,0,false,false,TIMEOUT,accept,
sml,MLWorks,universe.sml,4954,RNGLR,1554,1554,0.00,0.00,0,0,false,false,TIMEOUT,accept,
sml,MLWorks,universe.sml,4954,BRNGLR,1554,1554,0.00,0.00,0,0,false,false,TIMEOUT,accept,
sml,MLWorks,help.sml,5697,Leo,1560,1560,20821041.50,155771.00,16384,20,true,true,OK,accept,true
sml,MLWorks,help.sml,5697,GLL,1560,1560,0.00,0.00,0,0,false,false,TIMEOUT,accept,
sml,MLWorks,help.sml,5697,RNGLR,1560,1560,0.00,0.00,0,0,false,false,TIMEOUT,accept,
sml,MLWorks,help.sml,5697,BRNGLR,1560,1560,0.00,0.00,0,0,false,false,TIMEOUT,accept,
sml,MLWorks,__fi_abs_syntax.sml,6755,Leo,1580,1580,15837416.50,1409687.50,16384,20,true,true,OK,accept,true
sml,MLWorks,__fi_abs_syntax.sml,6755,GLL,1580,1580,0.00,0.00,0,0,false,false,TIMEOUT,accept,
sml,MLWorks,__fi_abs_syntax.sml,6755,RNGLR,1580,1580,0.00,0.00,0,0,false,false,TIMEOUT,accept,
sml,MLWorks,__fi_abs_syntax.sml,6755,BRNGLR,1580,1580,0.00,0.00,0,0,false,false,TIMEOUT,accept,
sml,MLWorks,link-elf.sml,9541,Leo,1587,1587,44680375.00,371709.00,16384,11,true,true,OK,accept,true
sml,MLWorks,link-elf.sml,9541,GLL,1587,1587,0.00,0.00,0,0,false,false,TIMEOUT,accept,
sml,MLWorks,link-elf.sml,9541,RNGLR,1587,1587,0.00,0.00,0,0,false,false,TIMEOUT,accept,
sml,MLWorks,link-elf.sml,9541,BRNGLR,1587,1587,0.00,0.00,0,0,false,false,TIMEOUT,accept,
sml,MLWorks,equalityset.sml,4457,Leo,1591,1591,13976791.50,441041.50,16384,20,true,true,OK,accept,true
sml,MLWorks,equalityset.sml,4457,GLL,1591,1591,0.00,0.00,0,0,false,false,TIMEOUT,accept,
sml,MLWorks,equalityset.sml,4457,RNGLR,1591,1591,0.00,0.00,0,0,false,false,TIMEOUT,accept,
sml,MLWorks,equalityset.sml,4457,BRNGLR,1591,1591,0.00,0.00,0,0,false,false,TIMEOUT,accept,
sml,MLWorks,fonts.sml,5567,Leo,1612,1612,18618937.50,419458.50,16384,20,true,true,OK,accept,true
sml,MLWorks,fonts.sml,5567,GLL,1612,1612,0.00,0.00,0,0,false,false,TIMEOUT,accept,
sml,MLWorks,fonts.sml,5567,RNGLR,1612,1612,0.00,0.00,0,0,false,false,TIMEOUT,accept,
sml,MLWorks,fonts.sml,5567,BRNGLR,1612,1612,0.00,0.00,0,0,false,false,TIMEOUT,accept,
sml,MLWorks,dobbs.sml,5331,Leo,1624,1624,16725375.00,207353.50,16384,20,true,true,OK,accept,true
sml,MLWorks,dobbs.sml,5331,GLL,1624,1624,0.00,0.00,0,0,false,false,TIMEOUT,accept,
sml,MLWorks,dobbs.sml,5331,RNGLR,1624,1624,0.00,0.00,0,0,false,false,TIMEOUT,accept,
sml,MLWorks,dobbs.sml,5331,BRNGLR,1624,1624,0.00,0.00,0,0,false,false,TIMEOUT,accept,
sml,MLWorks,array2.sml,4269,Leo,1627,1627,20299750.00,454208.50,16384,20,true,true,OK,accept,true
sml,MLWorks,array2.sml,4269,GLL,1627,1627,0.00,0.00,0,0,false,false,TIMEOUT,accept,
sml,MLWorks,array2.sml,4269,RNGLR,1627,1627,0.00,0.00,0,0,false,false,TIMEOUT,accept,
sml,MLWorks,array2.sml,4269,BRNGLR,1627,1627,0.00,0.00,0,0,false,false,TIMEOUT,accept,
sml,MLWorks,__store.sml,7919,Leo,1629,1629,16857396.00,581187.50,16384,20,true,true,OK,accept,true
sml,MLWorks,__store.sml,7919,GLL,1629,1629,0.00,0.00,0,0,false,false,TIMEOUT,accept,
sml,MLWorks,__store.sml,7919,RNGLR,1629,1629,0.00,0.00,0,0,false,false,TIMEOUT,accept,
sml,MLWorks,__store.sml,7919,BRNGLR,1629,1629,0.00,0.00,0,0,false,false,TIMEOUT,accept,
sml,MLWorks,_transsimple.sml,5559,Leo,1633,1633,16609500.50,84729.50,16384,20,true,true,OK,accept,true
sml,MLWorks,_transsimple.sml,5559,GLL,1633,1633,0.00,0.00,0,0,false,false,TIMEOUT,accept,
sml,MLWorks,_transsimple.sml,5559,RNGLR,1633,1633,0.00,0.00,0,0,false,false,TIMEOUT,accept,
sml,MLWorks,_transsimple.sml,5559,BRNGLR,1633,1633,0.00,0.00,0,0,false,false,TIMEOUT,accept,
sml,MLWorks,export.sml,8645,Leo,1633,1633,73132771.00,880125.50,16384,10,true,true,OK,accept,true
sml,MLWorks,export.sml,8645,GLL,1633,1633,0.00,0.00,0,0,false,false,TIMEOUT,accept,
sml,MLWorks,export.sml,8645,RNGLR,1633,1633,0.00,0.00,0,0,false,false,TIMEOUT,accept,
sml,MLWorks,export.sml,8645,BRNGLR,1633,1633,0.00,0.00,0,0,false,false,TIMEOUT,accept,
sml,MLWorks,word16s.sml,5061,Leo,1634,1634,67105063.00,2431917.00,16384,10,true,true,OK,accept,true
sml,MLWorks,word16s.sml,5061,GLL,1634,1634,0.00,0.00,0,0,false,false,TIMEOUT,accept,
sml,MLWorks,word16s.sml,5061,RNGLR,1634,1634,0.00,0.00,0,0,false,false,TIMEOUT,accept,
sml,MLWorks,word16s.sml,5061,BRNGLR,1634,1634,0.00,0.00,0,0,false,false,TIMEOUT,accept,
sml,MLWorks,__pre_char.sml,5627,Leo,1637,1637,16688124.50,72333.00,16384,20,true,true,OK,accept,true
sml,MLWorks,__pre_char.sml,5627,GLL,1637,1637,0.00,0.00,0,0,false,false,TIMEOUT,accept,
sml,MLWorks,__pre_char.sml,5627,RNGLR,1637,1637,0.00,0.00,0,0,false,false,TIMEOUT,accept,
sml,MLWorks,__pre_char.sml,5627,BRNGLR,1637,1637,0.00,0.00,0,0,false,false,TIMEOUT,accept,
sml,MLWorks,_parserenv.sml,5018,Leo,1641,1641,17086874.50,232458.00,16384,20,true,true,OK,accept,true
sml,MLWorks,_parserenv.sml,5018,GLL,1641,1641,0.00,0.00,0,0,false,false,TIMEOUT,accept,
sml,MLWorks,_parserenv.sml,5018,RNGLR,1641,1641,0.00,0.00,0,0,false,false,TIMEOUT,accept,
sml,MLWorks,_parserenv.sml,5018,BRNGLR,1641,1641,0.00,0.00,0,0,false,false,TIMEOUT,accept,
sml,MLWorks,basic_util.sml,5498,Leo,1648,1648,16923791.50,449562.50,16384,20,true,true,OK,accept,true
sml,MLWorks,basic_util.sml,5498,GLL,1648,1648,0.00,0.00,0,0,false,false,TIMEOUT,accept,
sml,MLWorks,basic_util.sml,5498,RNGLR,1648,1648,0.00,0.00,0,0,false,false,TIMEOUT,accept,
sml,MLWorks,basic_util.sml,5498,BRNGLR,1648,1648,0.00,0.00,0,0,false,false,TIMEOUT,accept,
sml,MLWorks,tk_types.sml,9363,Leo,1648,1648,53010042.00,755791.00,16384,10,true,true,OK,accept,true
sml,MLWorks,tk_types.sml,9363,GLL,1648,1648,0.00,0.00,0,0,false,false,TIMEOUT,accept,
sml,MLWorks,tk_types.sml,9363,RNGLR,1648,1648,0.00,0.00,0,0,false,false,TIMEOUT,accept,
sml,MLWorks,tk_types.sml,9363,BRNGLR,1648,1648,0.00,0.00,0,0,false,false,TIMEOUT,accept,
sml,MLWorks,integer.sml,5133,Leo,1658,1658,30811333.00,999917.00,16384,13,true,true,OK,accept,true
sml,MLWorks,integer.sml,5133,GLL,1658,1658,0.00,0.00,0,0,false,false,TIMEOUT,accept,
sml,MLWorks,integer.sml,5133,RNGLR,1658,1658,0.00,0.00,0,0,false,false,TIMEOUT,accept,
sml,MLWorks,integer.sml,5133,BRNGLR,1658,1658,0.00,0.00,0,0,false,false,TIMEOUT,accept,
sml,MLWorks,TEST.sml,7576,Leo,1663,1663,21189562.50,1511875.00,16384,20,true,true,OK,accept,true
sml,MLWorks,TEST.sml,7576,GLL,1663,1663,0.00,0.00,0,0,false,false,TIMEOUT,accept,
sml,MLWorks,TEST.sml,7576,RNGLR,1663,1663,0.00,0.00,0,0,false,false,TIMEOUT,accept,
sml,MLWorks,TEST.sml,7576,BRNGLR,1663,1663,0.00,0.00,0,0,false,false,TIMEOUT,accept,
sml,MLWorks,real_array2.sml,4625,Leo,1664,1664,22032896.00,1265541.50,16384,20,true,true,OK,accept,true
sml,MLWorks,real_array2.sml,4625,GLL,1664,1664,0.00,0.00,0,0,false,false,TIMEOUT,accept,
sml,MLWorks,real_array2.sml,4625,RNGLR,1664,1664,0.00,0.00,0,0,false,false,TIMEOUT,accept,
sml,MLWorks,real_array2.sml,4625,BRNGLR,1664,1664,0.00,0.00,0,0,false,false,TIMEOUT,accept,
sml,MLWorks,word32_array2.sml,4829,Leo,1668,1668,21137270.50,434229.00,16384,20,true,true,OK,accept,true
sml,MLWorks,word32_array2.sml,4829,GLL,1668,1668,0.00,0.00,0,0,false,false,TIMEOUT,accept,
sml,MLWorks,word32_array2.sml,4829,RNGLR,1668,1668,0.00,0.00,0,0,false,false,TIMEOUT,accept,
sml,MLWorks,word32_array2.sml,4829,BRNGLR,1668,1668,0.00,0.00,0,0,false,false,TIMEOUT,accept,
sml,MLWorks,automata.sml,5423,Leo,1669,1669,16610166.50,61437.50,16384,20,true,true,OK,accept,true
sml,MLWorks,automata.sml,5423,GLL,1669,1669,0.00,0.00,0,0,false,false,TIMEOUT,accept,
sml,MLWorks,automata.sml,5423,RNGLR,1669,1669,0.00,0.00,0,0,false,false,TIMEOUT,accept,
sml,MLWorks,automata.sml,5423,BRNGLR,1669,1669,0.00,0.00,0,0,false,false,TIMEOUT,accept,
sml,MLWorks,runtime.sml,5210,Leo,1672,1672,16597312.50,64083.00,16384,20,true,true,OK,accept,true
sml,MLWorks,runtime.sml,5210,GLL,1672,1672,0.00,0.00,0,0,false,false,TIMEOUT,accept,
sml,MLWorks,runtime.sml,5210,RNGLR,1672,1672,0.00,0.00,0,0,false,false,TIMEOUT,accept,
sml,MLWorks,runtime.sml,5210,BRNGLR,1672,1672,0.00,0.00,0,0,false,false,TIMEOUT,accept,
sml,MLWorks,_walker.sml,8050,Leo,1677,1677,14110146.00,298750.00,16384,20,true,true,OK,accept,true
sml,MLWorks,_walker.sml,8050,GLL,1677,1677,0.00,0.00,0,0,false,false,TIMEOUT,accept,
sml,MLWorks,_walker.sml,8050,RNGLR,1677,1677,0.00,0.00,0,0,false,false,TIMEOUT,accept,
sml,MLWorks,_walker.sml,8050,BRNGLR,1677,1677,0.00,0.00,0,0,false,false,TIMEOUT,accept,
sml,MLWorks,hash-table.sml,4830,Leo,1681,1681,15166854.00,383499.50,16384,20,true,true,OK,accept,true
sml,MLWorks,hash-table.sml,4830,GLL,1681,1681,0.00,0.00,0,0,false,false,TIMEOUT,accept,
sml,MLWorks,hash-table.sml,4830,RNGLR,1681,1681,0.00,0.00,0,0,false,false,TIMEOUT,accept,
sml,MLWorks,hash-table.sml,4830,BRNGLR,1681,1681,0.00,0.00,0,0,false,false,TIMEOUT,accept,
sml,MLWorks,sigs.sml,7683,Leo,1700,1700,11224396.00,369229.50,16384,20,true,true,OK,accept,true
sml,MLWorks,sigs.sml,7683,GLL,1700,1700,0.00,0.00,0,0,false,false,TIMEOUT,accept,
sml,MLWorks,sigs.sml,7683,RNGLR,1700,1700,0.00,0.00,0,0,false,false,TIMEOUT,accept,
sml,MLWorks,sigs.sml,7683,BRNGLR,1700,1700,0.00,0.00,0,0,false,false,TIMEOUT,accept,
sml,MLWorks,ModelChecker.sml,5238,Leo,1712,1712,14170875.00,221833.50,16384,20,true,true,OK,accept,true
sml,MLWorks,ModelChecker.sml,5238,GLL,1712,1712,0.00,0.00,0,0,false,false,TIMEOUT,accept,
sml,MLWorks,ModelChecker.sml,5238,RNGLR,1712,1712,0.00,0.00,0,0,false,false,TIMEOUT,accept,
sml,MLWorks,ModelChecker.sml,5238,BRNGLR,1712,1712,0.00,0.00,0,0,false,false,TIMEOUT,accept,
sml,MLWorks,_import_export.sml,5893,Leo,1716,1716,14859625.00,387708.00,16384,20,true,true,OK,accept,true
sml,MLWorks,_import_export.sml,5893,GLL,1716,1716,0.00,0.00,0,0,false,false,TIMEOUT,accept,
sml,MLWorks,_import_export.sml,5893,RNGLR,1716,1716,0.00,0.00,0,0,false,false,TIMEOUT,accept,
sml,MLWorks,_import_export.sml,5893,BRNGLR,1716,1716,0.00,0.00,0,0,false,false,TIMEOUT,accept,
sml,MLWorks,capi.sml,8658,Leo,1716,1716,21941083.00,184875.00,16384,20,true,true,OK,accept,true
sml,MLWorks,capi.sml,8658,GLL,1716,1716,0.00,0.00,0,0,false,false,TIMEOUT,accept,
sml,MLWorks,capi.sml,8658,RNGLR,1716,1716,0.00,0.00,0,0,false,false,TIMEOUT,accept,
sml,MLWorks,capi.sml,8658,BRNGLR,1716,1716,0.00,0.00,0,0,false,false,TIMEOUT,accept,
sml,MLWorks,_tyenv.sml,7063,Leo,1719,1719,16503729.00,144500.00,65536,20,true,true,OK,accept,true
sml,MLWorks,_tyenv.sml,7063,GLL,1719,1719,0.00,0.00,0,0,false,false,TIMEOUT,accept,
sml,MLWorks,_tyenv.sml,7063,RNGLR,1719,1719,0.00,0.00,0,0,false,false,TIMEOUT,accept,
sml,MLWorks,_tyenv.sml,7063,BRNGLR,1719,1719,0.00,0.00,0,0,false,false,TIMEOUT,accept,
sml,MLWorks,__array2.sml,4999,Leo,1723,1723,16952062.50,195771.00,16384,20,true,true,OK,accept,true
sml,MLWorks,__array2.sml,4999,GLL,1723,1723,0.00,0.00,0,0,false,false,TIMEOUT,accept,
sml,MLWorks,__array2.sml,4999,RNGLR,1723,1723,0.00,0.00,0,0,false,false,TIMEOUT,accept,
sml,MLWorks,__array2.sml,4999,BRNGLR,1723,1723,0.00,0.00,0,0,false,false,TIMEOUT,accept,
sml,MLWorks,__substring.sml,4461,Leo,1726,1726,16845437.50,108833.50,16384,20,true,true,OK,accept,true
sml,MLWorks,__substring.sml,4461,GLL,1726,1726,0.00,0.00,0,0,false,false,TIMEOUT,accept,
sml,MLWorks,__substring.sml,4461,RNGLR,1726,1726,0.00,0.00,0,0,false,false,TIMEOUT,accept,
sml,MLWorks,__substring.sml,4461,BRNGLR,1726,1726,0.00,0.00,0,0,false,false,TIMEOUT,accept,
sml,MLWorks,machine.sml,5701,Leo,1734,1734,17460646.00,190812.50,16384,20,true,true,OK,accept,true
sml,MLWorks,machine.sml,5701,GLL,1734,1734,0.00,0.00,0,0,false,false,TIMEOUT,accept,
sml,MLWorks,machine.sml,5701,RNGLR,1734,1734,0.00,0.00,0,0,false,false,TIMEOUT,accept,
sml,MLWorks,machine.sml,5701,BRNGLR,1734,1734,0.00,0.00,0,0,false,false,TIMEOUT,accept,
sml,MLWorks,__real_array2.sml,5130,Leo,1741,1741,17612666.50,111563.00,16384,20,true,true,OK,accept,true
sml,MLWorks,__real_array2.sml,5130,GLL,1741,1741,0.00,0.00,0,0,false,false,TIMEOUT,accept,
sml,MLWorks,__real_array2.sml,5130,RNGLR,1741,1741,0.00,0.00,0,0,false,false,TIMEOUT,accept,
sml,MLWorks,__real_array2.sml,5130,BRNGLR,1741,1741,0.00,0.00,0,0,false,false,TIMEOUT,accept,
sml,MLWorks,foreign.sml,9296,Leo,1742,1742,21916416.50,483895.50,16384,20,true,true,OK,accept,true
sml,MLWorks,foreign.sml,9296,GLL,1742,1742,0.00,0.00,0,0,false,false,TIMEOUT,accept,
sml,MLWorks,foreign.sml,9296,RNGLR,1742,1742,0.00,0.00,0,0,false,false,TIMEOUT,accept,
sml,MLWorks,foreign.sml,9296,BRNGLR,1742,1742,0.00,0.00,0,0,false,false,TIMEOUT,accept,
sml,MLWorks,_break_trace.sml,7527,Leo,1754,1754,17319500.00,204666.50,16384,20,true,true,OK,accept,true
sml,MLWorks,_break_trace.sml,7527,GLL,1754,1754,0.00,0.00,0,0,false,false,TIMEOUT,accept,
sml,MLWorks,_break_trace.sml,7527,RNGLR,1754,1754,0.00,0.00,0,0,false,false,TIMEOUT,accept,
sml,MLWorks,_break_trace.sml,7527,BRNGLR,1754,1754,0.00,0.00,0,0,false,false,TIMEOUT,accept,
sml,MLWorks,_mono_array2.sml,5176,Leo,1760,1760,18528938.00,687000.00,16384,20,true,true,OK,accept,true
sml,MLWorks,_mono_array2.sml,5176,GLL,1760,1760,0.00,0.00,0,0,false,false,TIMEOUT,accept,
sml,MLWorks,_mono_array2.sml,5176,RNGLR,1760,1760,0.00,0.00,0,0,false,false,TIMEOUT,accept,
sml,MLWorks,_mono_array2.sml,5176,BRNGLR,1760,1760,0.00,0.00,0,0,false,false,TIMEOUT,accept,
sml,MLWorks,_mirvariable.sml,7563,Leo,1776,1776,16427958.00,342291.00,16384,20,true,true,OK,accept,true
sml,MLWorks,_mirvariable.sml,7563,GLL,1776,1776,0.00,0.00,0,0,false,false,TIMEOUT,accept,
sml,MLWorks,_mirvariable.sml,7563,RNGLR,1776,1776,0.00,0.00,0,0,false,false,TIMEOUT,accept,
sml,MLWorks,_mirvariable.sml,7563,BRNGLR,1776,1776,0.00,0.00,0,0,false,false,TIMEOUT,accept,
sml,MLWorks,transys.sml,5706,Leo,1777,1777,16641187.50,43062.50,16384,20,true,true,OK,accept,true
sml,MLWorks,transys.sml,5706,GLL,1777,1777,0.00,0.00,0,0,false,false,TIMEOUT,accept,
sml,MLWorks,transys.sml,5706,RNGLR,1777,1777,0.00,0.00,0,0,false,false,TIMEOUT,accept,
sml,MLWorks,transys.sml,5706,BRNGLR,1777,1777,0.00,0.00,0,0,false,false,TIMEOUT,accept,
sml,MLWorks,_tooldata.sml,7992,Leo,1792,1792,18353916.50,637979.00,16384,20,true,true,OK,accept,true
sml,MLWorks,_tooldata.sml,7992,GLL,1792,1792,0.00,0.00,0,0,false,false,TIMEOUT,accept,
sml,MLWorks,_tooldata.sml,7992,RNGLR,1792,1792,0.00,0.00,0,0,false,false,TIMEOUT,accept,
sml,MLWorks,_tooldata.sml,7992,BRNGLR,1792,1792,0.00,0.00,0,0,false,false,TIMEOUT,accept,
sml,MLWorks,_prim_io.sml,6095,Leo,1814,1814,12294313.00,315375.00,32768,20,true,true,OK,accept,true
sml,MLWorks,_prim_io.sml,6095,GLL,1814,1814,0.00,0.00,0,0,false,false,TIMEOUT,accept,
sml,MLWorks,_prim_io.sml,6095,RNGLR,1814,1814,0.00,0.00,0,0,false,false,TIMEOUT,accept,
sml,MLWorks,_prim_io.sml,6095,BRNGLR,1814,1814,0.00,0.00,0,0,false,false,TIMEOUT,accept,
sml,MLWorks,opsymb.sml,7042,Leo,1825,1825,17868688.00,240354.50,16384,20,true,true,OK,accept,true
sml,MLWorks,opsymb.sml,7042,GLL,1825,1825,0.00,0.00,0,0,false,false,TIMEOUT,accept,
sml,MLWorks,opsymb.sml,7042,RNGLR,1825,1825,0.00,0.00,0,0,false,false,TIMEOUT,accept,
sml,MLWorks,opsymb.sml,7042,BRNGLR,1825,1825,0.00,0.00,0,0,false,false,TIMEOUT,accept,
sml,MLWorks,btree.sml,3934,Leo,1836,1836,18469500.00,774312.50,16384,20,true,true,OK,accept,true
sml,MLWorks,btree.sml,3934,GLL,1836,1836,0.00,0.00,0,0,false,false,TIMEOUT,accept,
sml,MLWorks,btree.sml,3934,RNGLR,1836,1836,0.00,0.00,0,0,false,false,TIMEOUT,accept,
sml,MLWorks,btree.sml,3934,BRNGLR,1836,1836,0.00,0.00,0,0,false,false,TIMEOUT,accept,
sml,MLWorks,type.sml,5236,Leo,1837,1837,16641499.50,333770.50,16384,20,true,true,OK,accept,true
sml,MLWorks,type.sml,5236,GLL,1837,1837,0.00,0.00,0,0,false,false,TIMEOUT,accept,
sml,MLWorks,type.sml,5236,RNGLR,1837,1837,0.00,0.00,0,0,false,false,TIMEOUT,accept,
sml,MLWorks,type.sml,5236,BRNGLR,1837,1837,0.00,0.00,0,0,false,false,TIMEOUT,accept,
sml,MLWorks,peterson.sml,7356,Leo,1841,1841,21107937.50,434417.00,16384,20,true,true,OK,accept,true
sml,MLWorks,peterson.sml,7356,GLL,1841,1841,0.00,0.00,0,0,false,false,TIMEOUT,accept,
sml,MLWorks,peterson.sml,7356,RNGLR,1841,1841,0.00,0.00,0,0,false,false,TIMEOUT,accept,
sml,MLWorks,peterson.sml,7356,BRNGLR,1841,1841,0.00,0.00,0,0,false,false,TIMEOUT,accept,
sml,MLWorks,_scheduler.sml,6047,Leo,1859,1859,20011583.50,654333.50,16384,20,true,true,OK,accept,true
sml,MLWorks,_scheduler.sml,6047,GLL,1859,1859,0.00,0.00,0,0,false,false,TIMEOUT,accept,
sml,MLWorks,_scheduler.sml,6047,RNGLR,1859,1859,0.00,0.00,0,0,false,false,TIMEOUT,accept,
sml,MLWorks,_scheduler.sml,6047,BRNGLR,1859,1859,0.00,0.00,0,0,false,false,TIMEOUT,accept,
sml,MLWorks,_nameset.sml,8793,Leo,1862,1862,19719875.00,182250.00,16384,20,true,true,OK,accept,true
sml,MLWorks,_nameset.sml,8793,GLL,1862,1862,0.00,0.00,0,0,false,false,TIMEOUT,accept,
sml,MLWorks,_nameset.sml,8793,RNGLR,1862,1862,0.00,0.00,0,0,false,false,TIMEOUT,accept,
sml,MLWorks,_nameset.sml,8793,BRNGLR,1862,1862,0.00,0.00,0,0,false,false,TIMEOUT,accept,
sml,MLWorks,_patterns.sml,8875,Leo,1863,1863,18044229.50,822250.50,16384,20,true,true,OK,accept,true
sml,MLWorks,_patterns.sml,8875,GLL,1863,1863,0.00,0.00,0,0,false,false,TIMEOUT,accept,
sml,MLWorks,_patterns.sml,8875,RNGLR,1863,1863,0.00,0.00,0,0,false,false,TIMEOUT,accept,
sml,MLWorks,_patterns.sml,8875,BRNGLR,1863,1863,0.00,0.00,0,0,false,false,TIMEOUT,accept,
sml,MLWorks,_console.sml,7854,Leo,1866,1866,17726167.00,404500.00,16384,20,true,true,OK,accept,true
sml,MLWorks,_console.sml,7854,GLL,1866,1866,0.00,0.00,0,0,false,false,TIMEOUT,accept,
sml,MLWorks,_console.sml,7854,RNGLR,1866,1866,0.00,0.00,0,0,false,false,TIMEOUT,accept,
sml,MLWorks,_console.sml,7854,BRNGLR,1866,1866,0.00,0.00,0,0,false,false,TIMEOUT,accept,
sml,MLWorks,_context.sml,9579,Leo,1881,1881,20879854.50,289354.50,16384,20,true,true,OK,accept,true
sml,MLWorks,_context.sml,9579,GLL,1881,1881,0.00,0.00,0,0,false,false,TIMEOUT,accept,
sml,MLWorks,_context.sml,9579,RNGLR,1881,1881,0.00,0.00,0,0,false,false,TIMEOUT,accept,
sml,MLWorks,_context.sml,9579,BRNGLR,1881,1881,0.00,0.00,0,0,false,false,TIMEOUT,accept,
sml,MLWorks,__puzzle.sml,7951,Leo,1905,1905,18593583.50,660813.00,16384,20,true,true,OK,accept,true
sml,MLWorks,__puzzle.sml,7951,GLL,1905,1905,0.00,0.00,0,0,false,false,TIMEOUT,accept,
sml,MLWorks,__puzzle.sml,7951,RNGLR,1905,1905,0.00,0.00,0,0,false,false,TIMEOUT,accept,
sml,MLWorks,__puzzle.sml,7951,BRNGLR,1905,1905,0.00,0.00,0,0,false,false,TIMEOUT,accept,
sml,MLWorks,_inthashtable.sml,6705,Leo,1908,1908,19659187.50,627125.00,16384,20,true,true,OK,accept,true
sml,MLWorks,_inthashtable.sml,6705,GLL,1908,1908,0.00,0.00,0,0,false,false,TIMEOUT,accept,
sml,MLWorks,_inthashtable.sml,6705,RNGLR,1908,1908,0.00,0.00,0,0,false,false,TIMEOUT,accept,
sml,MLWorks,_inthashtable.sml,6705,BRNGLR,1908,1908,0.00,0.00,0,0,false,false,TIMEOUT,accept,
sml,MLWorks,analyzer_lex.sml,26815,Leo,1908,1908,16618104.00,286354.00,16384,20,true,true,OK,accept,true
sml,MLWorks,analyzer_lex.sml,26815,GLL,1908,1908,0.00,0.00,0,0,false,false,TIMEOUT,accept,
sml,MLWorks,analyzer_lex.sml,26815,RNGLR,1908,1908,0.00,0.00,0,0,false,false,TIMEOUT,accept,
sml,MLWorks,analyzer_lex.sml,26815,BRNGLR,1908,1908,0.00,0.00,0,0,false,false,TIMEOUT,accept,
sml,MLWorks,unif.sml,6254,Leo,1934,1934,18579833.50,517896.00,16384,20,true,true,OK,accept,true
sml,MLWorks,unif.sml,6254,GLL,1934,1934,0.00,0.00,0,0,false,false,TIMEOUT,accept,
sml,MLWorks,unif.sml,6254,RNGLR,1934,1934,0.00,0.00,0,0,false,false,TIMEOUT,accept,
sml,MLWorks,unif.sml,6254,BRNGLR,1934,1934,0.00,0.00,0,0,false,false,TIMEOUT,accept,
sml,MLWorks,word8arrays.sml,5551,Leo,1935,1935,88045146.00,3374292.00,16384,10,true,true,OK,accept,true
sml,MLWorks,word8arrays.sml,5551,GLL,1935,1935,0.00,0.00,0,0,false,false,TIMEOUT,accept,
sml,MLWorks,word8arrays.sml,5551,RNGLR,1935,1935,0.00,0.00,0,0,false,false,TIMEOUT,accept,
sml,MLWorks,word8arrays.sml,5551,BRNGLR,1935,1935,0.00,0.00,0,0,false,false,TIMEOUT,accept,
sml,MLWorks,maths.sml,6265,Leo,1956,1956,465805312.50,884062.50,2260992,10,true,true,OK,accept,true
sml,MLWorks,maths.sml,6265,GLL,1956,1956,0.00,0.00,0,0,false,false,TIMEOUT,accept,
sml,MLWorks,maths.sml,6265,RNGLR,1956,1956,0.00,0.00,0,0,false,false,TIMEOUT,accept,
sml,MLWorks,maths.sml,6265,BRNGLR,1956,1956,0.00,0.00,0,0,false,false,TIMEOUT,accept,
sml,MLWorks,_primitives.sml,8804,Leo,1975,1975,21264083.00,353021.00,16384,20,true,true,OK,accept,true
sml,MLWorks,_primitives.sml,8804,GLL,1975,1975,0.00,0.00,0,0,false,false,TIMEOUT,accept,
sml,MLWorks,_primitives.sml,8804,RNGLR,1975,1975,0.00,0.00,0,0,false,false,TIMEOUT,accept,
sml,MLWorks,_primitives.sml,8804,BRNGLR,1975,1975,0.00,0.00,0,0,false,false,TIMEOUT,accept,
sml,MLWorks,data_tree.sml,5171,Leo,1985,1985,53597479.50,457063.00,16384,10,true,true,OK,accept,true
sml,MLWorks,data_tree.sml,5171,GLL,1985,1985,0.00,0.00,0,0,false,false,TIMEOUT,accept,
sml,MLWorks,data_tree.sml,5171,RNGLR,1985,1985,0.00,0.00,0,0,false,false,TIMEOUT,accept,
sml,MLWorks,data_tree.sml,5171,BRNGLR,1985,1985,0.00,0.00,0,0,false,false,TIMEOUT,accept,
sml,MLWorks,_hashtable.sml,6796,Leo,2023,2023,20879603.50,243562.50,16384,20,true,true,OK,accept,true
sml,MLWorks,_hashtable.sml,6796,GLL,2023,2023,0.00,0.00,0,0,false,false,TIMEOUT,accept,
sml,MLWorks,_hashtable.sml,6796,RNGLR,2023,2023,0.00,0.00,0,0,false,false,TIMEOUT,accept,
sml,MLWorks,_hashtable.sml,6796,BRNGLR,2023,2023,0.00,0.00,0,0,false,false,TIMEOUT,accept,
sml,MLWorks,_debugger_types.sml,9016,Leo,2033,2033,28541645.50,1007937.00,16384,16,true,true,OK,accept,true
sml,MLWorks,_debugger_types.sml,9016,GLL,2033,2033,0.00,0.00,0,0,false,false,TIMEOUT,accept,
sml,MLWorks,_debugger_types.sml,9016,RNGLR,2033,2033,0.00,0.00,0,0,false,false,TIMEOUT,accept,
sml,MLWorks,_debugger_types.sml,9016,BRNGLR,2033,2033,0.00,0.00,0,0,false,false,TIMEOUT,accept,
sml,MLWorks,mir_test.sml,5689,Leo,2039,2039,0.00,0.00,0,0,false,false,PARSE_FAIL,accept,false
sml,MLWorks,mir_test.sml,5689,GLL,2039,2039,0.00,0.00,0,0,false,false,TIMEOUT,accept,
sml,MLWorks,mir_test.sml,5689,RNGLR,2039,2039,0.00,0.00,0,0,false,false,TIMEOUT,accept,
sml,MLWorks,mir_test.sml,5689,BRNGLR,2039,2039,0.00,0.00,0,0,false,false,TIMEOUT,accept,
sml,MLWorks,__date.sml,8135,Leo,2130,2130,27415312.50,421958.50,16384,18,true,true,OK,accept,true
sml,MLWorks,__date.sml,8135,GLL,2130,2130,0.00,0.00,0,0,false,false,TIMEOUT,accept,
sml,MLWorks,__date.sml,8135,RNGLR,2130,2130,0.00,0.00,0,0,false,false,TIMEOUT,accept,
sml,MLWorks,__date.sml,8135,BRNGLR,2130,2130,0.00,0.00,0,0,false,false,TIMEOUT,accept,
sml,MLWorks,_save_image.sml,11635,Leo,2143,2143,25321000.00,2553687.50,16384,18,true,true,OK,accept,true
sml,MLWorks,_save_image.sml,11635,GLL,2143,2143,0.00,0.00,0,0,false,false,TIMEOUT,accept,
sml,MLWorks,_save_image.sml,11635,RNGLR,2143,2143,0.00,0.00,0,0,false,false,TIMEOUT,accept,
sml,MLWorks,_save_image.sml,11635,BRNGLR,2143,2143,0.00,0.00,0,0,false,false,TIMEOUT,accept,
sml,MLWorks,_lists.sml,5785,Leo,2147,2147,27590604.50,930354.50,16384,18,true,true,OK,accept,true
sml,MLWorks,_lists.sml,5785,GLL,2147,2147,0.00,0.00,0,0,false,false,TIMEOUT,accept,
sml,MLWorks,_lists.sml,5785,RNGLR,2147,2147,0.00,0.00,0,0,false,false,TIMEOUT,accept,
sml,MLWorks,_lists.sml,5785,BRNGLR,2147,2147,0.00,0.00,0,0,false,false,TIMEOUT,accept,
sml,MLWorks,_mirregisters.sml,9375,Leo,2165,2165,24931958.00,370250.00,16384,19,true,true,OK,accept,true
sml,MLWorks,_mirregisters.sml,9375,GLL,2165,2165,0.00,0.00,0,0,false,false,TIMEOUT,accept,
sml,MLWorks,_mirregisters.sml,9375,RNGLR,2165,2165,0.00,0.00,0,0,false,false,TIMEOUT,accept,
sml,MLWorks,_mirregisters.sml,9375,BRNGLR,2165,2165,0.00,0.00,0,0,false,false,TIMEOUT,accept,
sml,MLWorks,_library.sml,8815,Leo,2199,2199,21901979.50,435145.00,16384,20,true,true,OK,accept,true
sml,MLWorks,_library.sml,8815,GLL,2199,2199,0.00,0.00,0,0,false,false,TIMEOUT,accept,
sml,MLWorks,_library.sml,8815,RNGLR,2199,2199,0.00,0.00,0,0,false,false,TIMEOUT,accept,
sml,MLWorks,_library.sml,8815,BRNGLR,2199,2199,0.00,0.00,0,0,false,false,TIMEOUT,accept,
sml,MLWorks,_hashset.sml,8248,Leo,2201,2201,25613250.00,729666.00,16384,19,true,true,OK,accept,true
sml,MLWorks,_hashset.sml,8248,GLL,2201,2201,0.00,0.00,0,0,false,false,TIMEOUT,accept,
sml,MLWorks,_hashset.sml,8248,RNGLR,2201,2201,0.00,0.00,0,0,false,false,TIMEOUT,accept,
sml,MLWorks,_hashset.sml,8248,BRNGLR,2201,2201,0.00,0.00,0,0,false,false,TIMEOUT,accept,
sml,MLWorks,__os_path.sml,7751,Leo,2263,2263,28695104.00,1028604.50,16384,18,true,true,OK,accept,true
sml,MLWorks,__os_path.sml,7751,GLL,2263,2263,0.00,0.00,0,0,false,false,TIMEOUT,accept,
sml,MLWorks,__os_path.sml,7751,RNGLR,2263,2263,0.00,0.00,0,0,false,false,TIMEOUT,accept,
sml,MLWorks,__os_path.sml,7751,BRNGLR,2263,2263,0.00,0.00,0,0,false,false,TIMEOUT,accept,
sml,MLWorks,_completion.sml,8198,Leo,2264,2264,25148000.00,520625.00,16384,19,true,true,OK,accept,true
sml,MLWorks,_completion.sml,8198,GLL,2264,2264,0.00,0.00,0,0,false,false,TIMEOUT,accept,
sml,MLWorks,_completion.sml,8198,RNGLR,2264,2264,0.00,0.00,0,0,false,false,TIMEOUT,accept,
sml,MLWorks,_completion.sml,8198,BRNGLR,2264,2264,0.00,0.00,0,0,false,false,TIMEOUT,accept,
sml,MLWorks,_code.sml,7997,Leo,2268,2268,38679084.00,566917.00,16384,13,true,true,OK,accept,true
sml,MLWorks,_code.sml,7997,GLL,2268,2268,0.00,0.00,0,0,false,false,TIMEOUT,accept,
sml,MLWorks,_code.sml,7997,RNGLR,2268,2268,0.00,0.00,0,0,false,false,TIMEOUT,accept,
sml,MLWorks,_code.sml,7997,BRNGLR,2268,2268,0.00,0.00,0,0,false,false,TIMEOUT,accept,
sml,MLWorks,i_opsymb.sml,9592,Leo,2335,2335,26688021.00,878021.00,16384,18,true,true,OK,accept,true
sml,MLWorks,i_opsymb.sml,9592,GLL,2335,2335,0.00,0.00,0,0,false,false,TIMEOUT,accept,
sml,MLWorks,i_opsymb.sml,9592,RNGLR,2335,2335,0.00,0.00,0,0,false,false,TIMEOUT,accept,
sml,MLWorks,i_opsymb.sml,9592,BRNGLR,2335,2335,0.00,0.00,0,0,false,false,TIMEOUT,accept,
sml,MLWorks,_auglambda.sml,9171,Leo,2374,2374,20027813.00,473458.50,16384,20,true,true,OK,accept,true
sml,MLWorks,_auglambda.sml,9171,GLL,2374,2374,0.00,0.00,0,0,false,false,TIMEOUT,accept,
sml,MLWorks,_auglambda.sml,9171,RNGLR,2374,2374,0.00,0.00,0,0,false,false,TIMEOUT,accept,
sml,MLWorks,_auglambda.sml,9171,BRNGLR,2374,2374,0.00,0.00,0,0,false,false,TIMEOUT,accept,
sml,MLWorks,_module_dec_io.sml,9291,Leo,2394,2394,28381417.00,2132042.00,16384,17,true,true,OK,accept,true
sml,MLWorks,_module_dec_io.sml,9291,GLL,2394,2394,0.00,0.00,0,0,false,false,TIMEOUT,accept,
sml,MLWorks,_module_dec_io.sml,9291,RNGLR,2394,2394,0.00,0.00,0,0,false,false,TIMEOUT,accept,
sml,MLWorks,_module_dec_io.sml,9291,BRNGLR,2394,2394,0.00,0.00,0,0,false,false,TIMEOUT,accept,
sml,MLWorks,__socket.sml,9417,Leo,2399,2399,30188792.00,1134458.00,16384,17,true,true,OK,accept,true
sml,MLWorks,__socket.sml,9417,GLL,2399,2399,0.00,0.00,0,0,false,false,TIMEOUT,accept,
sml,MLWorks,__socket.sml,9417,RNGLR,2399,2399,0.00,0.00,0,0,false,false,TIMEOUT,accept,
sml,MLWorks,__socket.sml,9417,BRNGLR,2399,2399,0.00,0.00,0,0,false,false,TIMEOUT,accept,
sml,MLWorks,_mirtables.sml,8926,Leo,2400,2400,28460334.00,1502376.00,16384,17,true,true,OK,accept,true
sml,MLWorks,_mirtables.sml,8926,GLL,2400,2400,0.00,0.00,0,0,false,false,TIMEOUT,accept,
sml,MLWorks,_mirtables.sml,8926,RNGLR,2400,2400,0.00,0.00,0,0,false,false,TIMEOUT,accept,
sml,MLWorks,_mirtables.sml,8926,BRNGLR,2400,2400,0.00,0.00,0,0,false,false,TIMEOUT,accept,
sml,MLWorks,ACOSunify.sml,8857,Leo,2402,2402,31357458.50,810541.50,16384,16,true,true,OK,accept,true
sml,MLWorks,ACOSunify.sml,8857,GLL,2402,2402,0.00,0.00,0,0,false,false,TIMEOUT,accept,
sml,MLWorks,ACOSunify.sml,8857,RNGLR,2402,2402,0.00,0.00,0,0,false,false,TIMEOUT,accept,
sml,MLWorks,ACOSunify.sml,8857,BRNGLR,2402,2402,0.00,0.00,0,0,false,false,TIMEOUT,accept,
sml,MLWorks,rewrite.sml,9488,Leo,2402,2402,27461146.00,682167.00,16384,18,true,true,OK,accept,true
sml,MLWorks,rewrite.sml,9488,GLL,2402,2402,0.00,0.00,0,0,false,false,TIMEOUT,accept,
sml,MLWorks,rewrite.sml,9488,RNGLR,2402,2402,0.00,0.00,0,0,false,false,TIMEOUT,accept,
sml,MLWorks,rewrite.sml,9488,BRNGLR,2402,2402,0.00,0.00,0,0,false,false,TIMEOUT,accept,
sml,MLWorks,_user_context.sml,10643,Leo,2414,2414,27402959.00,503230.00,16384,18,true,true,OK,accept,true
sml,MLWorks,_user_context.sml,10643,GLL,2414,2414,0.00,0.00,0,0,false,false,TIMEOUT,accept,
sml,MLWorks,_user_context.sml,10643,RNGLR,2414,2414,0.00,0.00,0,0,false,false,TIMEOUT,accept,
sml,MLWorks,_user_context.sml,10643,BRNGLR,2414,2414,0.00,0.00,0,0,false,false,TIMEOUT,accept,
sml,MLWorks,_intermake.sml,12863,Leo,2453,2453,27183145.50,688104.50,16384,18,true,true,OK,accept,true
sml,MLWorks,_intermake.sml,12863,GLL,2453,2453,0.00,0.00,0,0,false,false,TIMEOUT,accept,
sml,MLWorks,_intermake.sml,12863,RNGLR,2453,2453,0.00,0.00,0,0,false,false,TIMEOUT,accept,
sml,MLWorks,_intermake.sml,12863,BRNGLR,2453,2453,0.00,0.00,0,0,false,false,TIMEOUT,accept,
sml,MLWorks,_dynamics.sml,7858,Leo,2477,2477,32909812.50,566770.50,16384,16,true,true,OK,accept,true
sml,MLWorks,_dynamics.sml,7858,GLL,2477,2477,0.00,0.00,0,0,false,false,TIMEOUT,accept,
sml,MLWorks,_dynamics.sml,7858,RNGLR,2477,2477,0.00,0.00,0,0,false,false,TIMEOUT,accept,
sml,MLWorks,_dynamics.sml,7858,BRNGLR,2477,2477,0.00,0.00,0,0,false,false,TIMEOUT,accept,
sml,MLWorks,fp_save.sml,7179,Leo,2567,2567,71178604.50,1135417.50,49152,10,true,true,OK,accept,true
sml,MLWorks,fp_save.sml,7179,GLL,2567,2567,0.00,0.00,0,0,false,false,TIMEOUT,accept,
sml,MLWorks,fp_save.sml,7179,RNGLR,2567,2567,0.00,0.00,0,0,false,false,TIMEOUT,accept,
sml,MLWorks,fp_save.sml,7179,BRNGLR,2567,2567,0.00,0.00,0,0,false,false,TIMEOUT,accept,
sml,MLWorks,_podium.sml,13378,Leo,2581,2581,32970959.00,173042.00,16384,15,true,true,OK,accept,true
sml,MLWorks,_podium.sml,13378,GLL,2581,2581,0.00,0.00,0,0,false,false,TIMEOUT,accept,
sml,MLWorks,_podium.sml,13378,RNGLR,2581,2581,0.00,0.00,0,0,false,false,TIMEOUT,accept,
sml,MLWorks,_podium.sml,13378,BRNGLR,2581,2581,0.00,0.00,0,0,false,false,TIMEOUT,accept,
sml,MLWorks,word8s.sml,8138,Leo,2607,2607,189168812.50,7288521.00,16384,10,true,true,OK,accept,true
sml,MLWorks,word8s.sml,8138,GLL,2607,2607,0.00,0.00,0,0,false,false,TIMEOUT,accept,
sml,MLWorks,word8s.sml,8138,RNGLR,2607,2607,0.00,0.00,0,0,false,false,TIMEOUT,accept,
sml,MLWorks,word8s.sml,8138,BRNGLR,2607,2607,0.00,0.00,0,0,false,false,TIMEOUT,accept,
sml,MLWorks,term.sml,8854,Leo,2609,2609,26530916.00,498751.00,16384,19,true,true,OK,accept,true
sml,MLWorks,term.sml,8854,GLL,2609,2609,0.00,0.00,0,0,false,false,TIMEOUT,accept,
sml,MLWorks,term.sml,8854,RNGLR,2609,2609,0.00,0.00,0,0,false,false,TIMEOUT,accept,
sml,MLWorks,term.sml,8854,BRNGLR,2609,2609,0.00,0.00,0,0,false,false,TIMEOUT,accept,
sml,MLWorks,__pre_real.sml,9319,Leo,2636,2636,71408375.00,2360125.00,16384,10,true,true,OK,accept,true
sml,MLWorks,__pre_real.sml,9319,GLL,2636,2636,0.00,0.00,0,0,false,false,TIMEOUT,accept,
sml,MLWorks,__pre_real.sml,9319,RNGLR,2636,2636,0.00,0.00,0,0,false,false,TIMEOUT,accept,
sml,MLWorks,__pre_real.sml,9319,BRNGLR,2636,2636,0.00,0.00,0,0,false,false,TIMEOUT,accept,
sml,MLWorks,_topdecprint.sml,10170,Leo,2645,2645,31563208.00,2425583.00,16384,15,true,true,OK,accept,true
sml,MLWorks,_topdecprint.sml,10170,GLL,2645,2645,0.00,0.00,0,0,false,false,TIMEOUT,accept,
sml,MLWorks,_topdecprint.sml,10170,RNGLR,2645,2645,0.00,0.00,0,0,false,false,TIMEOUT,accept,
sml,MLWorks,_topdecprint.sml,10170,BRNGLR,2645,2645,0.00,0.00,0,0,false,false,TIMEOUT,accept,
sml,MLWorks,_lalr.sml,8938,Leo,2647,2647,27155416.50,1034563.00,16384,18,true,true,OK,accept,true
sml,MLWorks,_lalr.sml,8938,GLL,2647,2647,0.00,0.00,0,0,false,false,TIMEOUT,accept,
sml,MLWorks,_lalr.sml,8938,RNGLR,2647,2647,0.00,0.00,0,0,false,false,TIMEOUT,accept,
sml,MLWorks,_lalr.sml,8938,BRNGLR,2647,2647,0.00,0.00,0,0,false,false,TIMEOUT,accept,
sml,MLWorks,life.sml,8166,Leo,2652,2652,32025500.00,854791.00,16384,15,true,true,OK,accept,true
sml,MLWorks,life.sml,8166,GLL,2652,2652,0.00,0.00,0,0,false,false,TIMEOUT,accept,
sml,MLWorks,life.sml,8166,RNGLR,2652,2652,0.00,0.00,0,0,false,false,TIMEOUT,accept,
sml,MLWorks,life.sml,8166,BRNGLR,2652,2652,0.00,0.00,0,0,false,false,TIMEOUT,accept,
sml,MLWorks,_environment.sml,9910,Leo,2660,2660,30255583.00,824583.00,16384,17,true,true,OK,accept,true
sml,MLWorks,_environment.sml,9910,GLL,2660,2660,0.00,0.00,0,0,false,false,TIMEOUT,accept,
sml,MLWorks,_environment.sml,9910,RNGLR,2660,2660,0.00,0.00,0,0,false,false,TIMEOUT,accept,
sml,MLWorks,_environment.sml,9910,BRNGLR,2660,2660,0.00,0.00,0,0,false,false,TIMEOUT,accept,
sml,MLWorks,_LRparser.sml,11370,Leo,2665,2665,33888958.00,441708.00,16384,14,true,true,OK,accept,true
sml,MLWorks,_LRparser.sml,11370,GLL,2665,2665,0.00,0.00,0,0,false,false,TIMEOUT,accept,
sml,MLWorks,_LRparser.sml,11370,RNGLR,2665,2665,0.00,0.00,0,0,false,false,TIMEOUT,accept,
sml,MLWorks,_LRparser.sml,11370,BRNGLR,2665,2665,0.00,0.00,0,0,false,false,TIMEOUT,accept,
sml,MLWorks,man-demo.sml,8248,Leo,2674,2674,36689375.00,509291.50,16384,14,true,true,OK,accept,true
sml,MLWorks,man-demo.sml,8248,GLL,2674,2674,0.00,0.00,0,0,false,false,TIMEOUT,accept,
sml,MLWorks,man-demo.sml,8248,RNGLR,2674,2674,0.00,0.00,0,0,false,false,TIMEOUT,accept,
sml,MLWorks,man-demo.sml,8248,BRNGLR,2674,2674,0.00,0.00,0,0,false,false,TIMEOUT,accept,
sml,MLWorks,_mklrtable.sml,9461,Leo,2679,2679,26695520.50,773270.50,16384,18,true,true,OK,accept,true
sml,MLWorks,_mklrtable.sml,9461,GLL,2679,2679,0.00,0.00,0,0,false,false,TIMEOUT,accept,
sml,MLWorks,_mklrtable.sml,9461,RNGLR,2679,2679,0.00,0.00,0,0,false,false,TIMEOUT,accept,
sml,MLWorks,_mklrtable.sml,9461,BRNGLR,2679,2679,0.00,0.00,0,0,false,false,TIMEOUT,accept,
sml,MLWorks,_environ.sml,10080,Leo,2679,2679,28046874.50,380479.00,16384,18,true,true,OK,accept,true
sml,MLWorks,_environ.sml,10080,GLL,2679,2679,0.00,0.00,0,0,false,false,TIMEOUT,accept,
sml,MLWorks,_environ.sml,10080,RNGLR,2679,2679,0.00,0.00,0,0,false,false,TIMEOUT,accept,
sml,MLWorks,_environ.sml,10080,BRNGLR,2679,2679,0.00,0.00,0,0,false,false,TIMEOUT,accept,
sml,MLWorks,pi_lex.sml,13486,Leo,2689,2689,25669667.00,1342001.00,16384,19,true,true,OK,accept,true
sml,MLWorks,pi_lex.sml,13486,GLL,2689,2689,0.00,0.00,0,0,false,false,TIMEOUT,accept,
sml,MLWorks,pi_lex.sml,13486,RNGLR,2689,2689,0.00,0.00,0,0,false,false,TIMEOUT,accept,
sml,MLWorks,pi_lex.sml,13486,BRNGLR,2689,2689,0.00,0.00,0,0,false,false,TIMEOUT,accept,
sml,MLWorks,__object.sml,11567,Leo,2769,2769,27550750.00,406541.50,16384,18,true,true,OK,accept,true
sml,MLWorks,__object.sml,11567,GLL,2769,2769,0.00,0.00,0,0,false,false,TIMEOUT,accept,
sml,MLWorks,__object.sml,11567,RNGLR,2769,2769,0.00,0.00,0,0,false,false,TIMEOUT,accept,
sml,MLWorks,__object.sml,11567,BRNGLR,2769,2769,0.00,0.00,0,0,false,false,TIMEOUT,accept,
sml,MLWorks,graphics-demo.sml,8327,Leo,2772,2772,33493083.00,613083.00,16384,15,true,true,OK,accept,true
sml,MLWorks,graphics-demo.sml,8327,GLL,2772,2772,0.00,0.00,0,0,false,false,TIMEOUT,accept,
sml,MLWorks,graphics-demo.sml,8327,RNGLR,2772,2772,0.00,0.00,0,0,false,false,TIMEOUT,accept,
sml,MLWorks,graphics-demo.sml,8327,BRNGLR,2772,2772,0.00,0.00,0,0,false,false,TIMEOUT,accept,
sml,MLWorks,windows.sml,14096,Leo,2786,2786,30627542.00,1355417.00,16384,15,true,true,OK,accept,true
sml,MLWorks,windows.sml,14096,GLL,2786,2786,0.00,0.00,0,0,false,false,TIMEOUT,accept,
sml,MLWorks,windows.sml,14096,RNGLR,2786,2786,0.00,0.00,0,0,false,false,TIMEOUT,accept,
sml,MLWorks,windows.sml,14096,BRNGLR,2786,2786,0.00,0.00,0,0,false,false,TIMEOUT,accept,
sml,MLWorks,main.sml,8446,Leo,2805,2805,30499958.50,551125.00,32768,16,true,true,OK,accept,true
sml,MLWorks,main.sml,8446,GLL,2805,2805,0.00,0.00,0,0,false,false,TIMEOUT,accept,
sml,MLWorks,main.sml,8446,RNGLR,2805,2805,0.00,0.00,0,0,false,false,TIMEOUT,accept,
sml,MLWorks,main.sml,8446,BRNGLR,2805,2805,0.00,0.00,0,0,false,false,TIMEOUT,accept,
sml,MLWorks,_bar_chart.sml,11433,Leo,2843,2843,30787875.00,274625.00,16384,16,true,true,OK,accept,true
sml,MLWorks,_bar_chart.sml,11433,GLL,2843,2843,0.00,0.00,0,0,false,false,TIMEOUT,accept,
sml,MLWorks,_bar_chart.sml,11433,RNGLR,2843,2843,0.00,0.00,0,0,false,false,TIMEOUT,accept,
sml,MLWorks,_bar_chart.sml,11433,BRNGLR,2843,2843,0.00,0.00,0,0,false,false,TIMEOUT,accept,
sml,MLWorks,equality.sml,8473,Leo,2847,2847,32737750.00,484250.00,16384,15,true,true,OK,accept,true
sml,MLWorks,equality.sml,8473,GLL,2847,2847,0.00,0.00,0,0,false,false,TIMEOUT,accept,
sml,MLWorks,equality.sml,8473,RNGLR,2847,2847,0.00,0.00,0,0,false,false,TIMEOUT,accept,
sml,MLWorks,equality.sml,8473,BRNGLR,2847,2847,0.00,0.00,0,0,false,false,TIMEOUT,accept,
sml,MLWorks,annotation.sml,12350,Leo,2855,2855,41992292.00,958708.00,16384,12,true,true,OK,accept,true
sml,MLWorks,annotation.sml,12350,GLL,2855,2855,0.00,0.00,0,0,false,false,TIMEOUT,accept,
sml,MLWorks,annotation.sml,12350,RNGLR,2855,2855,0.00,0.00,0,0,false,false,TIMEOUT,accept,
sml,MLWorks,annotation.sml,12350,BRNGLR,2855,2855,0.00,0.00,0,0,false,false,TIMEOUT,accept,
sml,MLWorks,_absyn.sml,11700,Leo,2915,2915,43686646.00,433979.00,32768,12,true,true,OK,accept,true
sml,MLWorks,_absyn.sml,11700,GLL,2915,2915,0.00,0.00,0,0,false,false,TIMEOUT,accept,
sml,MLWorks,_absyn.sml,11700,RNGLR,2915,2915,0.00,0.00,0,0,false,false,TIMEOUT,accept,
sml,MLWorks,_absyn.sml,11700,BRNGLR,2915,2915,0.00,0.00,0,0,false,false,TIMEOUT,accept,
sml,MLWorks,_lexgen.sml,11033,Leo,2936,2936,34521354.50,1414271.00,16384,14,true,true,OK,accept,true
sml,MLWorks,_lexgen.sml,11033,GLL,2936,2936,0.00,0.00,0,0,false,false,TIMEOUT,accept,
sml,MLWorks,_lexgen.sml,11033,RNGLR,2936,2936,0.00,0.00,0,0,false,false,TIMEOUT,accept,
sml,MLWorks,_lexgen.sml,11033,BRNGLR,2936,2936,0.00,0.00,0,0,false,false,TIMEOUT,accept,
sml,MLWorks,_pervasives.sml,16925,Leo,2939,2939,40355833.00,867624.50,81920,12,true,true,OK,accept,true
sml,MLWorks,_pervasives.sml,16925,GLL,2939,2939,0.00,0.00,0,0,false,false,TIMEOUT,accept,
sml,MLWorks,_pervasives.sml,16925,RNGLR,2939,2939,0.00,0.00,0,0,false,false,TIMEOUT,accept,
sml,MLWorks,_pervasives.sml,16925,BRNGLR,2939,2939,0.00,0.00,0,0,false,false,TIMEOUT,accept,
sml,MLWorks,_inspector_values.sml,12557,Leo,2940,2940,35284333.00,2682812.00,16384,14,true,true,OK,accept,true
sml,MLWorks,_inspector_values.sml,12557,GLL,2940,2940,0.00,0.00,0,0,false,false,TIMEOUT,accept,
sml,MLWorks,_inspector_values.sml,12557,RNGLR,2940,2940,0.00,0.00,0,0,false,false,TIMEOUT,accept,
sml,MLWorks,_inspector_values.sml,12557,BRNGLR,2940,2940,0.00,0.00,0,0,false,false,TIMEOUT,accept,
sml,MLWorks,_entry.sml,12321,Leo,2965,2965,37777792.00,1874417.00,16384,13,true,true,OK,accept,true
sml,MLWorks,_entry.sml,12321,GLL,2965,2965,0.00,0.00,0,0,false,false,TIMEOUT,accept,
sml,MLWorks,_entry.sml,12321,RNGLR,2965,2965,0.00,0.00,0,0,false,false,TIMEOUT,accept,
sml,MLWorks,_entry.sml,12321,BRNGLR,2965,2965,0.00,0.00,0,0,false,false,TIMEOUT,accept,
sml,MLWorks,_mips_schedule.sml,11204,Leo,2986,2986,33370271.00,1024500.00,16384,14,true,true,OK,accept,true
sml,MLWorks,_mips_schedule.sml,11204,GLL,2986,2986,0.00,0.00,0,0,false,false,TIMEOUT,accept,
sml,MLWorks,_mips_schedule.sml,11204,RNGLR,2986,2986,0.00,0.00,0,0,false,false,TIMEOUT,accept,
sml,MLWorks,_mips_schedule.sml,11204,BRNGLR,2986,2986,0.00,0.00,0,0,false,false,TIMEOUT,accept,
sml,MLWorks,_convert_ast.sml,11086,Leo,2998,2998,33485458.00,207375.00,16384,15,true,true,OK,accept,true
sml,MLWorks,_convert_ast.sml,11086,GLL,2998,2998,0.00,0.00,0,0,false,false,TIMEOUT,accept,
sml,MLWorks,_convert_ast.sml,11086,RNGLR,2998,2998,0.00,0.00,0,0,false,false,TIMEOUT,accept,
sml,MLWorks,_convert_ast.sml,11086,BRNGLR,2998,2998,0.00,0.00,0,0,false,false,TIMEOUT,accept,
sml,MLWorks,_i386perv.sml,15954,Leo,3018,3018,36064729.00,916208.50,16384,14,true,true,OK,accept,true
sml,MLWorks,_i386perv.sml,15954,GLL,3018,3018,0.00,0.00,0,0,false,false,TIMEOUT,accept,
sml,MLWorks,_i386perv.sml,15954,RNGLR,3018,3018,0.00,0.00,0,0,false,false,TIMEOUT,accept,
sml,MLWorks,_i386perv.sml,15954,BRNGLR,3018,3018,0.00,0.00,0,0,false,false,TIMEOUT,accept,
sml,MLWorks,lego_lex.sml,21207,Leo,3031,3031,31602333.00,631124.00,16384,15,true,true,OK,accept,true
sml,MLWorks,lego_lex.sml,21207,GLL,3031,3031,0.00,0.00,0,0,false,false,TIMEOUT,accept,
sml,MLWorks,lego_lex.sml,21207,RNGLR,3031,3031,0.00,0.00,0,0,false,false,TIMEOUT,accept,
sml,MLWorks,lego_lex.sml,21207,BRNGLR,3031,3031,0.00,0.00,0,0,false,false,TIMEOUT,accept,
sml,MLWorks,_machperv.sml,16116,Leo,3045,3045,33422083.00,660292.00,16384,15,true,true,OK,accept,true
sml,MLWorks,_machperv.sml,16116,GLL,3045,3045,0.00,0.00,0,0,false,false,TIMEOUT,accept,
sml,MLWorks,_machperv.sml,16116,RNGLR,3045,3045,0.00,0.00,0,0,false,false,TIMEOUT,accept,
sml,MLWorks,_machperv.sml,16116,BRNGLR,3045,3045,0.00,0.00,0,0,false,false,TIMEOUT,accept,
sml,MLWorks,config.sml,12215,Leo,3055,3055,487597166.50,13298250.00,1048576,10,true,true,OK,accept,true
sml,MLWorks,config.sml,12215,GLL,3055,3055,0.00,0.00,0,0,false,false,TIMEOUT,accept,
sml,MLWorks,config.sml,12215,RNGLR,3055,3055,0.00,0.00,0,0,false,false,TIMEOUT,accept,
sml,MLWorks,config.sml,12215,BRNGLR,3055,3055,0.00,0.00,0,0,false,false,TIMEOUT,accept,
sml,MLWorks,_realise.sml,13235,Leo,3067,3067,29931041.00,413124.00,16384,17,true,true,OK,accept,true
sml,MLWorks,_realise.sml,13235,GLL,3067,3067,0.00,0.00,0,0,false,false,TIMEOUT,accept,
sml,MLWorks,_realise.sml,13235,RNGLR,3067,3067,0.00,0.00,0,0,false,false,TIMEOUT,accept,
sml,MLWorks,_realise.sml,13235,BRNGLR,3067,3067,0.00,0.00,0,0,false,false,TIMEOUT,accept,
sml,MLWorks,incKBO.sml,10934,Leo,3074,3074,41033229.00,919792.00,16384,12,true,true,OK,accept,true
sml,MLWorks,incKBO.sml,10934,GLL,3074,3074,0.00,0.00,0,0,false,false,TIMEOUT,accept,
sml,MLWorks,incKBO.sml,10934,RNGLR,3074,3074,0.00,0.00,0,0,false,false,TIMEOUT,accept,
sml,MLWorks,incKBO.sml,10934,BRNGLR,3074,3074,0.00,0.00,0,0,false,false,TIMEOUT,accept,
sml,MLWorks,_mirprocedure.sml,11434,Leo,3107,3107,32286937.50,467270.50,16384,16,true,true,OK,accept,true
sml,MLWorks,_mirprocedure.sml,11434,GLL,3107,3107,0.00,0.00,0,0,false,false,TIMEOUT,accept,
sml,MLWorks,_mirprocedure.sml,11434,RNGLR,3107,3107,0.00,0.00,0,0,false,false,TIMEOUT,accept,
sml,MLWorks,_mirprocedure.sml,11434,BRNGLR,3107,3107,0.00,0.00,0,0,false,false,TIMEOUT,accept,
sml,MLWorks,eq_options.sml,13558,Leo,3108,3108,34454979.00,553166.50,16384,14,true,true,OK,accept,true
sml,MLWorks,eq_options.sml,13558,GLL,3108,3108,0.00,0.00,0,0,false,false,TIMEOUT,accept,
sml,MLWorks,eq_options.sml,13558,RNGLR,3108,3108,0.00,0.00,0,0,false,false,TIMEOUT,accept,
sml,MLWorks,eq_options.sml,13558,BRNGLR,3108,3108,0.00,0.00,0,0,false,false,TIMEOUT,accept,
sml,MLWorks,parser2.sml,10494,Leo,3109,3109,30209083.00,485500.00,16384,17,true,true,OK,accept,true
sml,MLWorks,parser2.sml,10494,GLL,3109,3109,0.00,0.00,0,0,false,false,TIMEOUT,accept,
sml,MLWorks,parser2.sml,10494,RNGLR,3109,3109,0.00,0.00,0,0,false,false,TIMEOUT,accept,
sml,MLWorks,parser2.sml,10494,BRNGLR,3109,3109,0.00,0.00,0,0,false,false,TIMEOUT,accept,
sml,MLWorks,_derived.sml,12079,Leo,3119,3119,37914833.00,944874.00,16384,13,true,true,OK,accept,true
sml,MLWorks,_derived.sml,12079,GLL,3119,3119,0.00,0.00,0,0,false,false,TIMEOUT,accept,
sml,MLWorks,_derived.sml,12079,RNGLR,3119,3119,0.00,0.00,0,0,false,false,TIMEOUT,accept,
sml,MLWorks,_derived.sml,12079,BRNGLR,3119,3119,0.00,0.00,0,0,false,false,TIMEOUT,accept,
sml,MLWorks,_debugger_utilities.sml,11813,Leo,3122,3122,33018250.00,511958.00,16384,15,true,true,OK,accept,true
sml,MLWorks,_debugger_utilities.sml,11813,GLL,3122,3122,0.00,0.00,0,0,false,false,TIMEOUT,accept,
sml,MLWorks,_debugger_utilities.sml,11813,RNGLR,3122,3122,0.00,0.00,0,0,false,false,TIMEOUT,accept,
sml,MLWorks,_debugger_utilities.sml,11813,BRNGLR,3122,3122,0.00,0.00,0,0,false,false,TIMEOUT,accept,
sml,MLWorks,_batch.sml,20649,Leo,3166,3166,30706958.00,2966749.00,16384,15,true,true,OK,accept,true
sml,MLWorks,_batch.sml,20649,GLL,3166,3166,0.00,0.00,0,0,false,false,TIMEOUT,accept,
sml,MLWorks,_batch.sml,20649,RNGLR,3166,3166,0.00,0.00,0,0,false,false,TIMEOUT,accept,
sml,MLWorks,_batch.sml,20649,BRNGLR,3166,3166,0.00,0.00,0,0,false,false,TIMEOUT,accept,
sml,MLWorks,_absynprint.sml,12464,Leo,3232,3232,32781229.00,663979.50,16384,16,true,true,OK,accept,true
sml,MLWorks,_absynprint.sml,12464,GLL,3232,3232,0.00,0.00,0,0,false,false,TIMEOUT,accept,
sml,MLWorks,_absynprint.sml,12464,RNGLR,3232,3232,0.00,0.00,0,0,false,false,TIMEOUT,accept,
sml,MLWorks,_absynprint.sml,12464,BRNGLR,3232,3232,0.00,0.00,0,0,false,false,TIMEOUT,accept,
sml,MLWorks,_user_options.sml,18764,Leo,3238,3238,34766813.00,666021.00,16384,14,true,true,OK,accept,true
sml,MLWorks,_user_options.sml,18764,GLL,3238,3238,0.00,0.00,0,0,false,false,TIMEOUT,accept,
sml,MLWorks,_user_options.sml,18764,RNGLR,3238,3238,0.00,0.00,0,0,false,false,TIMEOUT,accept,
sml,MLWorks,_user_options.sml,18764,BRNGLR,3238,3238,0.00,0.00,0,0,false,false,TIMEOUT,accept,
sml,MLWorks,windows_gui.sml,19183,Leo,3239,3239,339453271.00,16615083.50,6144000,10,true,true,OK,accept,true
sml,MLWorks,windows_gui.sml,19183,GLL,3239,3239,0.00,0.00,0,0,false,false,TIMEOUT,accept,
sml,MLWorks,windows_gui.sml,19183,RNGLR,3239,3239,0.00,0.00,0,0,false,false,TIMEOUT,accept,
sml,MLWorks,windows_gui.sml,19183,BRNGLR,3239,3239,0.00,0.00,0,0,false,false,TIMEOUT,accept,
sml,MLWorks,_compiler.sml,19257,Leo,3270,3270,40794958.00,651583.00,16384,13,true,true,OK,accept,true
sml,MLWorks,_compiler.sml,19257,GLL,3270,3270,0.00,0.00,0,0,false,false,TIMEOUT,accept,
sml,MLWorks,_compiler.sml,19257,RNGLR,3270,3270,0.00,0.00,0,0,false,false,TIMEOUT,accept,
sml,MLWorks,_compiler.sml,19257,BRNGLR,3270,3270,0.00,0.00,0,0,false,false,TIMEOUT,accept,
sml,MLWorks,_browser_tool.sml,15917,Leo,3279,3279,42323937.50,1063041.50,16384,12,true,true,OK,accept,true
sml,MLWorks,_browser_tool.sml,15917,GLL,3279,3279,0.00,0.00,0,0,false,false,TIMEOUT,accept,
sml,MLWorks,_browser_tool.sml,15917,RNGLR,3279,3279,0.00,0.00,0,0,false,false,TIMEOUT,accept,
sml,MLWorks,_browser_tool.sml,15917,BRNGLR,3279,3279,0.00,0.00,0,0,false,false,TIMEOUT,accept,
sml,MLWorks,xm.sml,18998,Leo,3322,3322,42849125.50,774854.50,180224,12,true,true,OK,accept,true
sml,MLWorks,xm.sml,18998,GLL,3322,3322,0.00,0.00,0,0,false,false,TIMEOUT,accept,
sml,MLWorks,xm.sml,18998,RNGLR,3322,3322,0.00,0.00,0,0,false,false,TIMEOUT,accept,
sml,MLWorks,xm.sml,18998,BRNGLR,3322,3322,0.00,0.00,0,0,false,false,TIMEOUT,accept,
sml,MLWorks,_smallintset.sml,9655,Leo,3335,3335,39058584.00,927959.00,32768,13,true,true,OK,accept,true
sml,MLWorks,_smallintset.sml,9655,GLL,3335,3335,0.00,0.00,0,0,false,false,TIMEOUT,accept,
sml,MLWorks,_smallintset.sml,9655,RNGLR,3335,3335,0.00,0.00,0,0,false,false,TIMEOUT,accept,
sml,MLWorks,_smallintset.sml,9655,BRNGLR,3335,3335,0.00,0.00,0,0,false,false,TIMEOUT,accept,
sml,MLWorks,basic_types.sml,12469,Leo,3338,3338,106459729.50,1814417.00,65536,10,true,true,OK,accept,true
sml,MLWorks,basic_types.sml,12469,GLL,3338,3338,0.00,0.00,0,0,false,false,TIMEOUT,accept,
sml,MLWorks,basic_types.sml,12469,RNGLR,3338,3338,0.00,0.00,0,0,false,false,TIMEOUT,accept,
sml,MLWorks,basic_types.sml,12469,BRNGLR,3338,3338,0.00,0.00,0,0,false,false,TIMEOUT,accept,
sml,MLWorks,__labelstrings.sml,18557,Leo,3347,3347,49137771.00,851604.00,81920,10,true,true,OK,accept,true
sml,MLWorks,__labelstrings.sml,18557,GLL,3347,3347,0.00,0.00,0,0,false,false,TIMEOUT,accept,
sml,MLWorks,__labelstrings.sml,18557,RNGLR,3347,3347,0.00,0.00,0,0,false,false,TIMEOUT,accept,
sml,MLWorks,__labelstrings.sml,18557,BRNGLR,3347,3347,0.00,0.00,0,0,false,false,TIMEOUT,accept,
sml,MLWorks,os_path.sml,13987,Leo,3360,3360,198389333.00,7298458.00,16384,10,true,true,OK,accept,true
sml,MLWorks,os_path.sml,13987,GLL,3360,3360,0.00,0.00,0,0,false,false,TIMEOUT,accept,
sml,MLWorks,os_path.sml,13987,RNGLR,3360,3360,0.00,0.00,0,0,false,false,TIMEOUT,accept,
sml,MLWorks,os_path.sml,13987,BRNGLR,3360,3360,0.00,0.00,0,0,false,false,TIMEOUT,accept,
sml,MLWorks,__os_prim_io.sml,11601,Leo,3374,3374,29308917.00,716729.50,16384,16,true,true,OK,accept,true
sml,MLWorks,__os_prim_io.sml,11601,GLL,3374,3374,0.00,0.00,0,0,false,false,TIMEOUT,accept,
sml,MLWorks,__os_prim_io.sml,11601,RNGLR,3374,3374,0.00,0.00,0,0,false,false,TIMEOUT,accept,
sml,MLWorks,__os_prim_io.sml,11601,BRNGLR,3374,3374,0.00,0.00,0,0,false,false,TIMEOUT,accept,
sml,MLWorks,yacc_lex.sml,34982,Leo,3390,3390,33434209.00,671584.00,16384,15,true,true,OK,accept,true
sml,MLWorks,yacc_lex.sml,34982,GLL,3390,3390,0.00,0.00,0,0,false,false,TIMEOUT,accept,
sml,MLWorks,yacc_lex.sml,34982,RNGLR,3390,3390,0.00,0.00,0,0,false,false,TIMEOUT,accept,
sml,MLWorks,yacc_lex.sml,34982,BRNGLR,3390,3390,0.00,0.00,0,0,false,false,TIMEOUT,accept,
sml,MLWorks,tetris.sml,12061,Leo,3400,3400,58058853.50,1250437.00,16384,10,true,true,OK,accept,true
sml,MLWorks,tetris.sml,12061,GLL,3400,3400,0.00,0.00,0,0,false,false,TIMEOUT,accept,
sml,MLWorks,tetris.sml,12061,RNGLR,3400,3400,0.00,0.00,0,0,false,false,TIMEOUT,accept,
sml,MLWorks,tetris.sml,12061,BRNGLR,3400,3400,0.00,0.00,0,0,false,false,TIMEOUT,accept,
sml,MLWorks,string.sml,12188,Leo,3429,3429,68065270.50,3610249.00,32768,10,true,true,OK,accept,true
sml,MLWorks,string.sml,12188,GLL,3429,3429,0.00,0.00,0,0,false,false,TIMEOUT,accept,
sml,MLWorks,string.sml,12188,RNGLR,3429,3429,0.00,0.00,0,0,false,false,TIMEOUT,accept,
sml,MLWorks,string.sml,12188,BRNGLR,3429,3429,0.00,0.00,0,0,false,false,TIMEOUT,accept,
sml,MLWorks,elf_lex.sml,44777,Leo,3588,3588,33603625.00,266958.00,49152,15,true,true,OK,accept,true
sml,MLWorks,elf_lex.sml,44777,GLL,3588,3588,0.00,0.00,0,0,false,false,TIMEOUT,accept,
sml,MLWorks,elf_lex.sml,44777,RNGLR,3588,3588,0.00,0.00,0,0,false,false,TIMEOUT,accept,
sml,MLWorks,elf_lex.sml,44777,BRNGLR,3588,3588,0.00,0.00,0,0,false,false,TIMEOUT,accept,
sml,MLWorks,_bignum.sml,12149,Leo,3667,3667,53162083.00,973853.50,16384,10,true,true,OK,accept,true
sml,MLWorks,_bignum.sml,12149,GLL,3667,3667,0.00,0.00,0,0,false,false,TIMEOUT,accept,
sml,MLWorks,_bignum.sml,12149,RNGLR,3667,3667,0.00,0.00,0,0,false,false,TIMEOUT,accept,
sml,MLWorks,_bignum.sml,12149,BRNGLR,3667,3667,0.00,0.00,0,0,false,false,TIMEOUT,accept,
sml,MLWorks,_interprint.sml,15862,Leo,3667,3667,41884396.00,132792.00,16384,12,true,true,OK,accept,true
sml,MLWorks,_interprint.sml,15862,GLL,3667,3667,0.00,0.00,0,0,false,false,TIMEOUT,accept,
sml,MLWorks,_interprint.sml,15862,RNGLR,3667,3667,0.00,0.00,0,0,false,false,TIMEOUT,accept,
sml,MLWorks,_interprint.sml,15862,BRNGLR,3667,3667,0.00,0.00,0,0,false,false,TIMEOUT,accept,
sml,MLWorks,_basis.sml,14847,Leo,3675,3675,55904083.00,1875291.50,16384,10,true,true,OK,accept,true
sml,MLWorks,_basis.sml,14847,GLL,3675,3675,0.00,0.00,0,0,false,false,TIMEOUT,accept,
sml,MLWorks,_basis.sml,14847,RNGLR,3675,3675,0.00,0.00,0,0,false,false,TIMEOUT,accept,
sml,MLWorks,_basis.sml,14847,BRNGLR,3675,3675,0.00,0.00,0,0,false,false,TIMEOUT,accept,
sml,MLWorks,_mirprint.sml,16848,Leo,3689,3689,76135750.00,1030812.50,16384,10,true,true,OK,accept,true
sml,MLWorks,_mirprint.sml,16848,GLL,3689,3689,0.00,0.00,0,0,false,false,TIMEOUT,accept,
sml,MLWorks,_mirprint.sml,16848,RNGLR,3689,3689,0.00,0.00,0,0,false,false,TIMEOUT,accept,
sml,MLWorks,_mirprint.sml,16848,BRNGLR,3689,3689,0.00,0.00,0,0,false,false,TIMEOUT,accept,
sml,MLWorks,_sparc_schedule.sml,15120,Leo,3694,3694,40292916.00,359334.00,16384,13,true,true,OK,accept,true
sml,MLWorks,_sparc_schedule.sml,15120,GLL,3694,3694,0.00,0.00,0,0,false,false,TIMEOUT,accept,
sml,MLWorks,_sparc_schedule.sml,15120,RNGLR,3694,3694,0.00,0.00,0,0,false,false,TIMEOUT,accept,
sml,MLWorks,_sparc_schedule.sml,15120,BRNGLR,3694,3694,0.00,0.00,0,0,false,false,TIMEOUT,accept,
sml,MLWorks,_utils.sml,9629,Leo,3716,3716,40350416.00,1216624.00,16384,13,true,true,OK,accept,true
sml,MLWorks,_utils.sml,9629,GLL,3716,3716,0.00,0.00,0,0,false,false,TIMEOUT,accept,
sml,MLWorks,_utils.sml,9629,RNGLR,3716,3716,0.00,0.00,0,0,false,false,TIMEOUT,accept,
sml,MLWorks,_utils.sml,9629,BRNGLR,3716,3716,0.00,0.00,0,0,false,false,TIMEOUT,accept,
sml,MLWorks,_debugger_window.sml,17165,Leo,3738,3738,49477604.00,759104.00,16384,10,true,true,OK,accept,true
sml,MLWorks,_debugger_window.sml,17165,GLL,3738,3738,0.00,0.00,0,0,false,false,TIMEOUT,accept,
sml,MLWorks,_debugger_window.sml,17165,RNGLR,3738,3738,0.00,0.00,0,0,false,false,TIMEOUT,accept,
sml,MLWorks,_debugger_window.sml,17165,BRNGLR,3738,3738,0.00,0.00,0,0,false,false,TIMEOUT,accept,
sml,MLWorks,ENFFIn.sml,12200,Leo,3790,3790,41546291.50,832250.50,16384,12,true,true,OK,accept,true
sml,MLWorks,ENFFIn.sml,12200,GLL,3790,3790,0.00,0.00,0,0,false,false,TIMEOUT,accept,
sml,MLWorks,ENFFIn.sml,12200,RNGLR,3790,3790,0.00,0.00,0,0,false,false,TIMEOUT,accept,
sml,MLWorks,ENFFIn.sml,12200,BRNGLR,3790,3790,0.00,0.00,0,0,false,false,TIMEOUT,accept,
sml,MLWorks,knuth-bendix.sml,12107,Leo,3795,3795,0.00,0.00,0,0,false,false,PARSE_FAIL,accept,false
sml,MLWorks,knuth-bendix.sml,12107,GLL,3795,3795,0.00,0.00,0,0,false,false,TIMEOUT,accept,
sml,MLWorks,knuth-bendix.sml,12107,RNGLR,3795,3795,0.00,0.00,0,0,false,false,TIMEOUT,accept,
sml,MLWorks,knuth-bendix.sml,12107,BRNGLR,3795,3795,0.00,0.00,0,0,false,false,TIMEOUT,accept,
sml,MLWorks,_registerpack.sml,14781,Leo,3798,3798,41047375.00,3586167.00,16384,11,true,true,OK,accept,true
sml,MLWorks,_registerpack.sml,14781,GLL,3798,3798,0.00,0.00,0,0,false,false,TIMEOUT,accept,
sml,MLWorks,_registerpack.sml,14781,RNGLR,3798,3798,0.00,0.00,0,0,false,false,TIMEOUT,accept,
sml,MLWorks,_registerpack.sml,14781,BRNGLR,3798,3798,0.00,0.00,0,0,false,false,TIMEOUT,accept,
sml,MLWorks,_incremental.sml,19189,Leo,3801,3801,56780229.00,1100812.50,16384,10,true,true,OK,accept,true
sml,MLWorks,_incremental.sml,19189,GLL,3801,3801,0.00,0.00,0,0,false,false,TIMEOUT,accept,
sml,MLWorks,_incremental.sml,19189,RNGLR,3801,3801,0.00,0.00,0,0,false,false,TIMEOUT,accept,
sml,MLWorks,_incremental.sml,19189,BRNGLR,3801,3801,0.00,0.00,0,0,false,false,TIMEOUT,accept,
sml,MLWorks,_profile_tool.sml,17337,Leo,3822,3822,47293750.00,537792.00,16384,11,true,true,OK,accept,true
sml,MLWorks,_profile_tool.sml,17337,GLL,3822,3822,0.00,0.00,0,0,false,false,TIMEOUT,accept,
sml,MLWorks,_profile_tool.sml,17337,RNGLR,3822,3822,0.00,0.00,0,0,false,false,TIMEOUT,accept,
sml,MLWorks,_profile_tool.sml,17337,BRNGLR,3822,3822,0.00,0.00,0,0,false,false,TIMEOUT,accept,
sml,MLWorks,_lambdaprint.sml,12030,Leo,3853,3853,51305541.50,1406896.00,16384,10,true,true,OK,accept,true
sml,MLWorks,_lambdaprint.sml,12030,GLL,3853,3853,0.00,0.00,0,0,false,false,TIMEOUT,accept,
sml,MLWorks,_lambdaprint.sml,12030,RNGLR,3853,3853,0.00,0.00,0,0,false,false,TIMEOUT,accept,
sml,MLWorks,_lambdaprint.sml,12030,BRNGLR,3853,3853,0.00,0.00,0,0,false,false,TIMEOUT,accept,
sml,MLWorks,substring.sml,13390,Leo,3936,3936,146240520.50,1275375.50,32768,10,true,true,OK,accept,true
sml,MLWorks,substring.sml,13390,GLL,3936,3936,0.00,0.00,0,0,false,false,TIMEOUT,accept,
sml,MLWorks,substring.sml,13390,RNGLR,3936,3936,0.00,0.00,0,0,false,false,TIMEOUT,accept,
sml,MLWorks,substring.sml,13390,BRNGLR,3936,3936,0.00,0.00,0,0,false,false,TIMEOUT,accept,
sml,MLWorks,_intb23tree.sml,9549,Leo,4028,4028,53105020.50,1922854.00,360448,10,true,true,OK,accept,true
sml,MLWorks,_intb23tree.sml,9549,GLL,4028,4028,0.00,0.00,0,0,false,false,TIMEOUT,accept,
sml,MLWorks,_intb23tree.sml,9549,RNGLR,4028,4028,0.00,0.00,0,0,false,false,TIMEOUT,accept,
sml,MLWorks,_intb23tree.sml,9549,BRNGLR,4028,4028,0.00,0.00,0,0,false,false,TIMEOUT,accept,
sml,MLWorks,_lexrules.sml,14785,Leo,4033,4033,44288250.50,368146.00,16384,12,true,true,OK,accept,true
sml,MLWorks,_lexrules.sml,14785,GLL,4033,4033,0.00,0.00,0,0,false,false,TIMEOUT,accept,
sml,MLWorks,_lexrules.sml,14785,RNGLR,4033,4033,0.00,0.00,0,0,false,false,TIMEOUT,accept,
sml,MLWorks,_lexrules.sml,14785,BRNGLR,4033,4033,0.00,0.00,0,0,false,false,TIMEOUT,accept,
sml,MLWorks,_i386_schedule.sml,16834,Leo,4178,4178,36423229.00,628333.50,16384,14,true,true,OK,accept,true
sml,MLWorks,_i386_schedule.sml,16834,GLL,4178,4178,0.00,0.00,0,0,false,false,TIMEOUT,accept,
sml,MLWorks,_i386_schedule.sml,16834,RNGLR,4178,4178,0.00,0.00,0,0,false,false,TIMEOUT,accept,
sml,MLWorks,_i386_schedule.sml,16834,BRNGLR,4178,4178,0.00,0.00,0,0,false,false,TIMEOUT,accept,
sml,MLWorks,Formula.sml,13303,Leo,4214,4214,116835395.50,622333.50,16384,10,true,true,OK,accept,true
sml,MLWorks,Formula.sml,13303,GLL,4214,4214,0.00,0.00,0,0,false,false,TIMEOUT,accept,
sml,MLWorks,Formula.sml,13303,RNGLR,4214,4214,0.00,0.00,0,0,false,false,TIMEOUT,accept,
sml,MLWorks,Formula.sml,13303,BRNGLR,4214,4214,0.00,0.00,0,0,false,false,TIMEOUT,accept,
sml,MLWorks,_i386_object_output.sml,22098,Leo,4223,4223,55112750.00,388688.00,16384,10,true,true,OK,accept,true
sml,MLWorks,_i386_object_output.sml,22098,GLL,4223,4223,0.00,0.00,0,0,false,false,TIMEOUT,accept,
sml,MLWorks,_i386_object_output.sml,22098,RNGLR,4223,4223,0.00,0.00,0,0,false,false,TIMEOUT,accept,
sml,MLWorks,_i386_object_output.sml,22098,BRNGLR,4223,4223,0.00,0.00,0,0,false,false,TIMEOUT,accept,
sml,MLWorks,arrays.sml,12143,Leo,4301,4301,129379291.50,541416.50,16384,10,true,true,OK,accept,true
sml,MLWorks,arrays.sml,12143,GLL,4301,4301,0.00,0.00,0,0,false,false,TIMEOUT,accept,
sml,MLWorks,arrays.sml,12143,RNGLR,4301,4301,0.00,0.00,0,0,false,false,TIMEOUT,accept,
sml,MLWorks,arrays.sml,12143,BRNGLR,4301,4301,0.00,0.00,0,0,false,false,TIMEOUT,accept,
sml,MLWorks,_inspector_tool.sml,20833,Leo,4377,4377,54957229.00,591958.00,16384,10,true,true,OK,accept,true
sml,MLWorks,_inspector_tool.sml,20833,GLL,4377,4377,0.00,0.00,0,0,false,false,TIMEOUT,accept,
sml,MLWorks,_inspector_tool.sml,20833,RNGLR,4377,4377,0.00,0.00,0,0,false,false,TIMEOUT,accept,
sml,MLWorks,_inspector_tool.sml,20833,BRNGLR,4377,4377,0.00,0.00,0,0,false,false,TIMEOUT,accept,
sml,MLWorks,_stream_io.sml,15127,Leo,4452,4452,51931042.00,200000.50,16384,10,true,true,OK,accept,true
sml,MLWorks,_stream_io.sml,15127,GLL,4452,4452,0.00,0.00,0,0,false,false,TIMEOUT,accept,
sml,MLWorks,_stream_io.sml,15127,RNGLR,4452,4452,0.00,0.00,0,0,false,false,TIMEOUT,accept,
sml,MLWorks,_stream_io.sml,15127,BRNGLR,4452,4452,0.00,0.00,0,0,false,false,TIMEOUT,accept,
sml,MLWorks,_windows_gui.sml,27068,Leo,4482,4482,875423521.00,1056437.50,49152,10,true,true,OK,accept,true
sml,MLWorks,_windows_gui.sml,27068,GLL,4482,4482,0.00,0.00,0,0,false,false,TIMEOUT,accept,
sml,MLWorks,_windows_gui.sml,27068,RNGLR,4482,4482,0.00,0.00,0,0,false,false,TIMEOUT,accept,
sml,MLWorks,_windows_gui.sml,27068,BRNGLR,4482,4482,0.00,0.00,0,0,false,false,TIMEOUT,accept,
sml,MLWorks,__builtin_library.sml,20168,Leo,4486,4486,292764479.00,440958.00,16384,10,true,true,OK,accept,true
sml,MLWorks,__builtin_library.sml,20168,GLL,4486,4486,0.00,0.00,0,0,false,false,TIMEOUT,accept,
sml,MLWorks,__builtin_library.sml,20168,RNGLR,4486,4486,0.00,0.00,0,0,false,false,TIMEOUT,accept,
sml,MLWorks,__builtin_library.sml,20168,BRNGLR,4486,4486,0.00,0.00,0,0,false,false,TIMEOUT,accept,
sml,MLWorks,real_arrays.sml,13012,Leo,4490,4490,134529875.50,451854.50,16384,10,true,true,OK,accept,true
sml,MLWorks,real_arrays.sml,13012,GLL,4490,4490,0.00,0.00,0,0,false,false,TIMEOUT,accept,
sml,MLWorks,real_arrays.sml,13012,RNGLR,4490,4490,0.00,0.00,0,0,false,false,TIMEOUT,accept,
sml,MLWorks,real_arrays.sml,13012,BRNGLR,4490,4490,0.00,0.00,0,0,false,false,TIMEOUT,accept,
sml,MLWorks,_proj_file.sml,23278,Leo,4656,4656,97898542.00,910583.00,16384,10,true,true,OK,accept,true
sml,MLWorks,_proj_file.sml,23278,GLL,4656,4656,0.00,0.00,0,0,false,false,TIMEOUT,accept,
sml,MLWorks,_proj_file.sml,23278,RNGLR,4656,4656,0.00,0.00,0,0,false,false,TIMEOUT,accept,
sml,MLWorks,_proj_file.sml,23278,BRNGLR,4656,4656,0.00,0.00,0,0,false,false,TIMEOUT,accept,
sml,MLWorks,_registerallocator.sml,17430,Leo,4662,4662,45896875.00,713875.00,16384,11,true,true,OK,accept,true
sml,MLWorks,_registerallocator.sml,17430,GLL,4662,4662,0.00,0.00,0,0,false,false,TIMEOUT,accept,
sml,MLWorks,_registerallocator.sml,17430,RNGLR,4662,4662,0.00,0.00,0,0,false,false,TIMEOUT,accept,
sml,MLWorks,_registerallocator.sml,17430,BRNGLR,4662,4662,0.00,0.00,0,0,false,false,TIMEOUT,accept,
sml,MLWorks,_newtrace.sml,21782,Leo,4741,4741,67826979.00,836375.50,16384,10,true,true,OK,accept,true
sml,MLWorks,_newtrace.sml,21782,GLL,4741,4741,0.00,0.00,0,0,false,false,TIMEOUT,accept,
sml,MLWorks,_newtrace.sml,21782,RNGLR,4741,4741,0.00,0.00,0,0,false,false,TIMEOUT,accept,
sml,MLWorks,_newtrace.sml,21782,BRNGLR,4741,4741,0.00,0.00,0,0,false,false,TIMEOUT,accept,
sml,MLWorks,ind_relations.sml,14869,Leo,4783,4783,85714729.00,1009854.00,16384,10,true,true,OK,accept,true
sml,MLWorks,ind_relations.sml,14869,GLL,4783,4783,0.00,0.00,0,0,false,false,TIMEOUT,accept,
sml,MLWorks,ind_relations.sml,14869,RNGLR,4783,4783,0.00,0.00,0,0,false,false,TIMEOUT,accept,
sml,MLWorks,ind_relations.sml,14869,BRNGLR,4783,4783,0.00,0.00,0,0,false,false,TIMEOUT,accept,
sml,MLWorks,elf_grm.sml,21081,Leo,4913,4913,49519667.00,1169791.00,16384,11,true,true,OK,accept,true
sml,MLWorks,elf_grm.sml,21081,GLL,4913,4913,0.00,0.00,0,0,false,false,TIMEOUT,accept,
sml,MLWorks,elf_grm.sml,21081,RNGLR,4913,4913,0.00,0.00,0,0,false,false,TIMEOUT,accept,
sml,MLWorks,elf_grm.sml,21081,BRNGLR,4913,4913,0.00,0.00,0,0,false,false,TIMEOUT,accept,
sml,MLWorks,c_item.sml,18573,Leo,4946,4946,75345354.00,928958.50,16384,10,true,true,OK,accept,true
sml,MLWorks,c_item.sml,18573,GLL,4946,4946,0.00,0.00,0,0,false,false,TIMEOUT,accept,
sml,MLWorks,c_item.sml,18573,RNGLR,4946,4946,0.00,0.00,0,0,false,false,TIMEOUT,accept,
sml,MLWorks,c_item.sml,18573,BRNGLR,4946,4946,0.00,0.00,0,0,false,false,TIMEOUT,accept,
sml,MLWorks,_yacc.sml,20259,Leo,5011,5011,52521375.00,397646.00,16384,10,true,true,OK,accept,true
sml,MLWorks,_yacc.sml,20259,GLL,5011,5011,0.00,0.00,0,0,false,false,TIMEOUT,accept,
sml,MLWorks,_yacc.sml,20259,RNGLR,5011,5011,0.00,0.00,0,0,false,false,TIMEOUT,accept,
sml,MLWorks,_yacc.sml,20259,BRNGLR,5011,5011,0.00,0.00,0,0,false,false,TIMEOUT,accept,
sml,MLWorks,_b23tree.sml,11800,Leo,5160,5160,61896604.50,219208.50,16384,10,true,true,OK,accept,true
sml,MLWorks,_b23tree.sml,11800,GLL,5160,5160,0.00,0.00,0,0,false,false,TIMEOUT,accept,
sml,MLWorks,_b23tree.sml,11800,RNGLR,5160,5160,0.00,0.00,0,0,false,false,TIMEOUT,accept,
sml,MLWorks,_b23tree.sml,11800,BRNGLR,5160,5160,0.00,0.00,0,0,false,false,TIMEOUT,accept,
sml,MLWorks,_arithmetic.sml,13611,Leo,5202,5202,57611792.00,1451792.00,16384,10,true,true,OK,accept,true
sml,MLWorks,_arithmetic.sml,13611,GLL,5202,5202,0.00,0.00,0,0,false,false,TIMEOUT,accept,
sml,MLWorks,_arithmetic.sml,13611,RNGLR,5202,5202,0.00,0.00,0,0,false,false,TIMEOUT,accept,
sml,MLWorks,_arithmetic.sml,13611,BRNGLR,5202,5202,0.00,0.00,0,0,false,false,TIMEOUT,accept,
sml,MLWorks,_gui_utils.sml,27083,Leo,5231,5231,57698854.00,759729.00,16384,10,true,true,OK,accept,true
sml,MLWorks,_gui_utils.sml,27083,GLL,5231,5231,0.00,0.00,0,0,false,false,TIMEOUT,accept,
sml,MLWorks,_gui_utils.sml,27083,RNGLR,5231,5231,0.00,0.00,0,0,false,false,TIMEOUT,accept,
sml,MLWorks,_gui_utils.sml,27083,BRNGLR,5231,5231,0.00,0.00,0,0,false,false,TIMEOUT,accept,
sml,MLWorks,_unify.sml,17920,Leo,5232,5232,52053937.50,355750.00,16384,10,true,true,OK,accept,true
sml,MLWorks,_unify.sml,17920,GLL,5232,5232,0.00,0.00,0,0,false,false,TIMEOUT,accept,
sml,MLWorks,_unify.sml,17920,RNGLR,5232,5232,0.00,0.00,0,0,false,false,TIMEOUT,accept,
sml,MLWorks,_unify.sml,17920,BRNGLR,5232,5232,0.00,0.00,0,0,false,false,TIMEOUT,accept,
sml,MLWorks,_registercolourer.sml,21276,Leo,5283,5283,55666604.00,249167.00,16384,10,true,true,OK,accept,true
sml,MLWorks,_registercolourer.sml,21276,GLL,5283,5283,0.00,0.00,0,0,false,false,TIMEOUT,accept,
sml,MLWorks,_registercolourer.sml,21276,RNGLR,5283,5283,0.00,0.00,0,0,false,false,TIMEOUT,accept,
sml,MLWorks,_registercolourer.sml,21276,BRNGLR,5283,5283,0.00,0.00,0,0,false,false,TIMEOUT,accept,
sml,MLWorks,_scheme.sml,22389,Leo,5415,5415,60898354.00,723375.00,16384,10,true,true,OK,accept,true
sml,MLWorks,_scheme.sml,22389,GLL,5415,5415,0.00,0.00,0,0,false,false,TIMEOUT,accept,
sml,MLWorks,_scheme.sml,22389,RNGLR,5415,5415,0.00,0.00,0,0,false,false,TIMEOUT,accept,
sml,MLWorks,_scheme.sml,22389,BRNGLR,5415,5415,0.00,0.00,0,0,false,false,TIMEOUT,accept,
sml,MLWorks,_assemblies.sml,22110,Leo,5494,5494,86743041.50,482208.50,16384,10,true,true,OK,accept,true
sml,MLWorks,_assemblies.sml,22110,GLL,5494,5494,0.00,0.00,0,0,false,false,TIMEOUT,accept,
sml,MLWorks,_assemblies.sml,22110,RNGLR,5494,5494,0.00,0.00,0,0,false,false,TIMEOUT,accept,
sml,MLWorks,_assemblies.sml,22110,BRNGLR,5494,5494,0.00,0.00,0,0,false,false,TIMEOUT,accept,
sml,MLWorks,widget_tree.sml,22008,Leo,5534,5534,91016604.00,500250.00,114688,10,true,true,OK,accept,true
sml,MLWorks,widget_tree.sml,22008,GLL,5534,5534,0.00,0.00,0,0,false,false,TIMEOUT,accept,
sml,MLWorks,widget_tree.sml,22008,RNGLR,5534,5534,0.00,0.00,0,0,false,false,TIMEOUT,accept,
sml,MLWorks,widget_tree.sml,22008,BRNGLR,5534,5534,0.00,0.00,0,0,false,false,TIMEOUT,accept,
sml,MLWorks,_LRbasics.sml,19790,Leo,5898,5898,80725979.00,398999.50,81920,10,true,true,OK,accept,true
sml,MLWorks,_LRbasics.sml,19790,GLL,5898,5898,0.00,0.00,0,0,false,false,TIMEOUT,accept,
sml,MLWorks,_LRbasics.sml,19790,RNGLR,5898,5898,0.00,0.00,0,0,false,false,TIMEOUT,accept,
sml,MLWorks,_LRbasics.sml,19790,BRNGLR,5898,5898,0.00,0.00,0,0,false,false,TIMEOUT,accept,
sml,MLWorks,_debugger_print.sml,23025,Leo,6161,6161,64371792.00,359625.00,16384,10,true,true,OK,accept,true
sml,MLWorks,_debugger_print.sml,23025,GLL,6161,6161,0.00,0.00,0,0,false,false,TIMEOUT,accept,
sml,MLWorks,_debugger_print.sml,23025,RNGLR,6161,6161,0.00,0.00,0,0,false,false,TIMEOUT,accept,
sml,MLWorks,_debugger_print.sml,23025,BRNGLR,6161,6161,0.00,0.00,0,0,false,false,TIMEOUT,accept,
sml,MLWorks,_graph_widget.sml,24539,Leo,6234,6234,68600354.00,297812.50,16384,10,true,true,OK,accept,true
sml,MLWorks,_graph_widget.sml,24539,GLL,6234,6234,0.00,0.00,0,0,false,false,TIMEOUT,accept,
sml,MLWorks,_graph_widget.sml,24539,RNGLR,6234,6234,0.00,0.00,0,0,false,false,TIMEOUT,accept,
sml,MLWorks,_graph_widget.sml,24539,BRNGLR,6234,6234,0.00,0.00,0,0,false,false,TIMEOUT,accept,
sml,MLWorks,_sparc_assembly.sml,26781,Leo,6283,6283,121914021.00,548458.50,16384,10,true,true,OK,accept,true
sml,MLWorks,_sparc_assembly.sml,26781,GLL,6283,6283,0.00,0.00,0,0,false,false,TIMEOUT,accept,
sml,MLWorks,_sparc_assembly.sml,26781,RNGLR,6283,6283,0.00,0.00,0,0,false,false,TIMEOUT,accept,
sml,MLWorks,_sparc_assembly.sml,26781,BRNGLR,6283,6283,0.00,0.00,0,0,false,false,TIMEOUT,accept,
sml,MLWorks,_value_printer.sml,27975,Leo,6365,6365,76113895.50,6614458.50,16384,10,true,true,OK,accept,true
sml,MLWorks,_value_printer.sml,27975,GLL,6365,6365,0.00,0.00,0,0,false,false,TIMEOUT,accept,
sml,MLWorks,_value_printer.sml,27975,RNGLR,6365,6365,0.00,0.00,0,0,false,false,TIMEOUT,accept,
sml,MLWorks,_value_printer.sml,27975,BRNGLR,6365,6365,0.00,0.00,0,0,false,false,TIMEOUT,accept,
sml,MLWorks,_simple.sml,22523,Leo,6619,6619,108974437.50,586062.50,32768,10,true,true,OK,accept,true
sml,MLWorks,_simple.sml,22523,GLL,6619,6619,0.00,0.00,0,0,false,false,TIMEOUT,accept,
sml,MLWorks,_simple.sml,22523,RNGLR,6619,6619,0.00,0.00,0,0,false,false,TIMEOUT,accept,
sml,MLWorks,_simple.sml,22523,BRNGLR,6619,6619,0.00,0.00,0,0,false,false,TIMEOUT,accept,
sml,MLWorks,_mips_assembly.sml,29496,Leo,6789,6789,119802062.50,1492125.00,16384,10,true,true,OK,accept,true
sml,MLWorks,_mips_assembly.sml,29496,GLL,6789,6789,0.00,0.00,0,0,false,false,TIMEOUT,accept,
sml,MLWorks,_mips_assembly.sml,29496,RNGLR,6789,6789,0.00,0.00,0,0,false,false,TIMEOUT,accept,
sml,MLWorks,_mips_assembly.sml,29496,BRNGLR,6789,6789,0.00,0.00,0,0,false,false,TIMEOUT,accept,
sml,MLWorks,_interpreter.sml,20919,Leo,6855,6855,83375667.00,1716355.00,16384,10,true,true,OK,accept,true
sml,MLWorks,_interpreter.sml,20919,GLL,6855,6855,0.00,0.00,0,0,false,false,TIMEOUT,accept,
sml,MLWorks,_interpreter.sml,20919,RNGLR,6855,6855,0.00,0.00,0,0,false,false,TIMEOUT,accept,
sml,MLWorks,_interpreter.sml,20919,BRNGLR,6855,6855,0.00,0.00,0,0,false,false,TIMEOUT,accept,
sml,MLWorks,__mlworks_c_interface.sml,27515,Leo,6873,6873,190396312.50,2934854.00,245760,10,true,true,OK,accept,true
sml,MLWorks,__mlworks_c_interface.sml,27515,GLL,6873,6873,0.00,0.00,0,0,false,false,TIMEOUT,accept,
sml,MLWorks,__mlworks_c_interface.sml,27515,RNGLR,6873,6873,0.00,0.00,0,0,false,false,TIMEOUT,accept,
sml,MLWorks,__mlworks_c_interface.sml,27515,BRNGLR,6873,6873,0.00,0.00,0,0,false,false,TIMEOUT,accept,
sml,MLWorks,_toplevel.sml,35925,Leo,6908,6908,96404208.50,1343541.50,16384,10,true,true,OK,accept,true
sml,MLWorks,_toplevel.sml,35925,GLL,6908,6908,0.00,0.00,0,0,false,false,TIMEOUT,accept,
sml,MLWorks,_toplevel.sml,35925,RNGLR,6908,6908,0.00,0.00,0,0,false,false,TIMEOUT,accept,
sml,MLWorks,_toplevel.sml,35925,BRNGLR,6908,6908,0.00,0.00,0,0,false,false,TIMEOUT,accept,
sml,MLWorks,_simpleutils.sml,24386,Leo,6972,6972,98204354.50,642563.00,16384,10,true,true,OK,accept,true
sml,MLWorks,_simpleutils.sml,24386,GLL,6972,6972,0.00,0.00,0,0,false,false,TIMEOUT,accept,
sml,MLWorks,_simpleutils.sml,24386,RNGLR,6972,6972,0.00,0.00,0,0,false,false,TIMEOUT,accept,
sml,MLWorks,_simpleutils.sml,24386,BRNGLR,6972,6972,0.00,0.00,0,0,false,false,TIMEOUT,accept,
sml,MLWorks,__c_object.sml,30796,Leo,7024,7024,183378500.00,957541.50,16384,10,true,true,OK,accept,true
sml,MLWorks,__c_object.sml,30796,GLL,7024,7024,0.00,0.00,0,0,false,false,TIMEOUT,accept,
sml,MLWorks,__c_object.sml,30796,RNGLR,7024,7024,0.00,0.00,0,0,false,false,TIMEOUT,accept,
sml,MLWorks,__c_object.sml,30796,BRNGLR,7024,7024,0.00,0.00,0,0,false,false,TIMEOUT,accept,
sml,MLWorks,_core_rules.sml,32321,Leo,7335,7335,82831562.50,1725708.50,16384,10,true,true,OK,accept,true
sml,MLWorks,_core_rules.sml,32321,GLL,7335,7335,0.00,0.00,0,0,false,false,TIMEOUT,accept,
sml,MLWorks,_core_rules.sml,32321,RNGLR,7335,7335,0.00,0.00,0,0,false,false,TIMEOUT,accept,
sml,MLWorks,_core_rules.sml,32321,BRNGLR,7335,7335,0.00,0.00,0,0,false,false,TIMEOUT,accept,
sml,MLWorks,_mirexpr.sml,27689,Leo,7399,7399,91426562.50,515437.50,16384,10,true,true,OK,accept,true
sml,MLWorks,_mirexpr.sml,27689,GLL,7399,7399,0.00,0.00,0,0,false,false,TIMEOUT,accept,
sml,MLWorks,_mirexpr.sml,27689,RNGLR,7399,7399,0.00,0.00,0,0,false,false,TIMEOUT,accept,
sml,MLWorks,_mirexpr.sml,27689,BRNGLR,7399,7399,0.00,0.00,0,0,false,false,TIMEOUT,accept,
sml,MLWorks,_listener.sml,36796,Leo,7871,7871,113068813.00,541938.00,32768,10,true,true,OK,accept,true
sml,MLWorks,_listener.sml,36796,GLL,7871,7871,0.00,0.00,0,0,false,false,TIMEOUT,accept,
sml,MLWorks,_listener.sml,36796,RNGLR,7871,7871,0.00,0.00,0,0,false,false,TIMEOUT,accept,
sml,MLWorks,_listener.sml,36796,BRNGLR,7871,7871,0.00,0.00,0,0,false,false,TIMEOUT,accept,
sml,MLWorks,boyer.sml,22171,Leo,7933,7933,0.00,0.00,0,0,false,false,PARSE_FAIL,accept,false
sml,MLWorks,boyer.sml,22171,GLL,7933,7933,0.00,0.00,0,0,false,false,TIMEOUT,accept,
sml,MLWorks,boyer.sml,22171,RNGLR,7933,7933,0.00,0.00,0,0,false,false,TIMEOUT,accept,
sml,MLWorks,boyer.sml,22171,BRNGLR,7933,7933,0.00,0.00,0,0,false,false,TIMEOUT,accept,
sml,MLWorks,_shell_utils.sml,38162,Leo,8046,8046,129155416.50,302937.50,16384,10,true,true,OK,accept,true
sml,MLWorks,_shell_utils.sml,38162,GLL,8046,8046,0.00,0.00,0,0,false,false,TIMEOUT,accept,
sml,MLWorks,_shell_utils.sml,38162,RNGLR,8046,8046,0.00,0.00,0,0,false,false,TIMEOUT,accept,
sml,MLWorks,_shell_utils.sml,38162,BRNGLR,8046,8046,0.00,0.00,0,0,false,false,TIMEOUT,accept,
sml,MLWorks,_yacc_grm.sml,33131,Leo,8122,8122,81784229.50,147208.50,16384,10,true,true,OK,accept,true
sml,MLWorks,_yacc_grm.sml,33131,GLL,8122,8122,0.00,0.00,0,0,false,false,TIMEOUT,accept,
sml,MLWorks,_yacc_grm.sml,33131,RNGLR,8122,8122,0.00,0.00,0,0,false,false,TIMEOUT,accept,
sml,MLWorks,_yacc_grm.sml,33131,BRNGLR,8122,8122,0.00,0.00,0,0,false,false,TIMEOUT,accept,
sml,MLWorks,_stub_gen.sml,35339,Leo,8209,8209,104274645.50,594916.50,16384,10,true,true,OK,accept,true
sml,MLWorks,_stub_gen.sml,35339,GLL,8209,8209,0.00,0.00,0,0,false,false,TIMEOUT,accept,
sml,MLWorks,_stub_gen.sml,35339,RNGLR,8209,8209,0.00,0.00,0,0,false,false,TIMEOUT,accept,
sml,MLWorks,_stub_gen.sml,35339,BRNGLR,8209,8209,0.00,0.00,0,0,false,false,TIMEOUT,accept,
sml,MLWorks,__lexgen.sml,30951,Leo,8682,8682,106339395.50,117708.50,16384,10,true,true,OK,accept,true
sml,MLWorks,__lexgen.sml,30951,GLL,8682,8682,0.00,0.00,0,0,false,false,TIMEOUT,accept,
sml,MLWorks,__lexgen.sml,30951,RNGLR,8682,8682,0.00,0.00,0,0,false,false,TIMEOUT,accept,
sml,MLWorks,__lexgen.sml,30951,BRNGLR,8682,8682,0.00,0.00,0,0,false,false,TIMEOUT,accept,
sml,MLWorks,_proj_workspace.sml,43289,Leo,9308,9308,147414708.50,390771.50,16384,10,true,true,OK,accept,true
sml,MLWorks,_proj_workspace.sml,43289,GLL,9308,9308,0.00,0.00,0,0,false,false,TIMEOUT,accept,
sml,MLWorks,_proj_workspace.sml,43289,RNGLR,9308,9308,0.00,0.00,0,0,false,false,TIMEOUT,accept,
sml,MLWorks,_proj_workspace.sml,43289,BRNGLR,9308,9308,0.00,0.00,0,0,false,false,TIMEOUT,accept,
sml,MLWorks,_ml_debugger.sml,45331,Leo,9667,9667,116281458.50,333791.50,16384,10,true,true,OK,accept,true
sml,MLWorks,_ml_debugger.sml,45331,GLL,9667,9667,0.00,0.00,0,0,false,false,TIMEOUT,accept,
sml,MLWorks,_ml_debugger.sml,45331,RNGLR,9667,9667,0.00,0.00,0,0,false,false,TIMEOUT,accept,
sml,MLWorks,_ml_debugger.sml,45331,BRNGLR,9667,9667,0.00,0.00,0,0,false,false,TIMEOUT,accept,
sml,MLWorks,_mir_utils.sml,40490,Leo,9962,9962,182831729.00,5055645.50,32768,10,true,true,OK,accept,true
sml,MLWorks,_mir_utils.sml,40490,GLL,9962,9962,0.00,0.00,0,0,false,false,TIMEOUT,accept,
sml,MLWorks,_mir_utils.sml,40490,RNGLR,9962,9962,0.00,0.00,0,0,false,false,TIMEOUT,accept,
sml,MLWorks,_mir_utils.sml,40490,BRNGLR,9962,9962,0.00,0.00,0,0,false,false,TIMEOUT,accept,
sml,MLWorks,_mod_rules.sml,45040,Leo,10045,10045,128707937.50,3495791.50,16384,10,true,true,OK,accept,true
sml,MLWorks,_mod_rules.sml,45040,GLL,10045,10045,0.00,0.00,0,0,false,false,TIMEOUT,accept,
sml,MLWorks,_mod_rules.sml,45040,RNGLR,10045,10045,0.00,0.00,0,0,false,false,TIMEOUT,accept,
sml,MLWorks,_mod_rules.sml,45040,BRNGLR,10045,10045,0.00,0.00,0,0,false,false,TIMEOUT,accept,
sml,MLWorks,top.sml,31577,Leo,10279,10279,145230562.50,8545875.00,16384,10,true,true,OK,accept,true
sml,MLWorks,top.sml,31577,GLL,10279,10279,0.00,0.00,0,0,false,false,TIMEOUT,accept,
sml,MLWorks,top.sml,31577,RNGLR,10279,10279,0.00,0.00,0,0,false,false,TIMEOUT,accept,
sml,MLWorks,top.sml,31577,BRNGLR,10279,10279,0.00,0.00,0,0,false,false,TIMEOUT,accept,
sml,MLWorks,_menus.sml,46176,Leo,10549,10549,166037625.00,4260041.50,32768,10,true,true,OK,accept,true
sml,MLWorks,_menus.sml,46176,GLL,10549,10549,0.00,0.00,0,0,false,false,TIMEOUT,accept,
sml,MLWorks,_menus.sml,46176,RNGLR,10549,10549,0.00,0.00,0,0,false,false,TIMEOUT,accept,
sml,MLWorks,_menus.sml,46176,BRNGLR,10549,10549,0.00,0.00,0,0,false,false,TIMEOUT,accept,
sml,MLWorks,_lambdaflow.sml,34075,Leo,10934,10934,145132916.50,5921312.50,65536,10,true,true,OK,accept,true
sml,MLWorks,_lambdaflow.sml,34075,GLL,10934,10934,0.00,0.00,0,0,false,false,TIMEOUT,accept,
sml,MLWorks,_lambdaflow.sml,34075,RNGLR,10934,10934,0.00,0.00,0,0,false,false,TIMEOUT,accept,
sml,MLWorks,_lambdaflow.sml,34075,BRNGLR,10934,10934,0.00,0.00,0,0,false,false,TIMEOUT,accept,
sml,MLWorks,_project.sml,51731,Leo,11476,11476,167516937.50,2225000.00,16384,10,true,true,OK,accept,true
sml,MLWorks,_project.sml,51731,GLL,11476,11476,0.00,0.00,0,0,false,false,TIMEOUT,accept,
sml,MLWorks,_project.sml,51731,RNGLR,11476,11476,0.00,0.00,0,0,false,false,TIMEOUT,accept,
sml,MLWorks,_project.sml,51731,BRNGLR,11476,11476,0.00,0.00,0,0,false,false,TIMEOUT,accept,
sml,MLWorks,_shell_structure.sml,62073,Leo,11846,11846,209064458.50,1829812.50,81920,10,true,true,OK,accept,true
sml,MLWorks,_shell_structure.sml,62073,GLL,11846,11846,0.00,0.00,0,0,false,false,TIMEOUT,accept,
sml,MLWorks,_shell_structure.sml,62073,RNGLR,11846,11846,0.00,0.00,0,0,false,false,TIMEOUT,accept,
sml,MLWorks,_shell_structure.sml,62073,BRNGLR,11846,11846,0.00,0.00,0,0,false,false,TIMEOUT,accept,
sml,MLWorks,_proj_properties.sml,51706,Leo,12246,12246,151762000.00,1213312.50,65536,10,true,true,OK,accept,true
sml,MLWorks,_proj_properties.sml,51706,GLL,12246,12246,0.00,0.00,0,0,false,false,TIMEOUT,accept,
sml,MLWorks,_proj_properties.sml,51706,RNGLR,12246,12246,0.00,0.00,0,0,false,false,TIMEOUT,accept,
sml,MLWorks,_proj_properties.sml,51706,BRNGLR,12246,12246,0.00,0.00,0,0,false,false,TIMEOUT,accept,
sml,MLWorks,_xm.sml,65417,Leo,12522,12522,217108083.00,824750.00,16384,10,true,true,OK,accept,true
sml,MLWorks,_xm.sml,65417,GLL,12522,12522,0.00,0.00,0,0,false,false,TIMEOUT,accept,
sml,MLWorks,_xm.sml,65417,RNGLR,12522,12522,0.00,0.00,0,0,false,false,TIMEOUT,accept,
sml,MLWorks,_xm.sml,65417,BRNGLR,12522,12522,0.00,0.00,0,0,false,false,TIMEOUT,accept,
sml,MLWorks,_types.sml,47473,Leo,12841,12841,377877729.50,1127687.50,147456,10,true,true,OK,accept,true
sml,MLWorks,_types.sml,47473,GLL,12841,12841,0.00,0.00,0,0,false,false,TIMEOUT,accept,
sml,MLWorks,_types.sml,47473,RNGLR,12841,12841,0.00,0.00,0,0,false,false,TIMEOUT,accept,
sml,MLWorks,_types.sml,47473,BRNGLR,12841,12841,0.00,0.00,0,0,false,false,TIMEOUT,accept,
sml,MLWorks,_capi.sml,56936,Leo,12887,12887,183624791.50,1185312.50,16384,10,true,true,OK,accept,true
sml,MLWorks,_capi.sml,56936,GLL,12887,12887,0.00,0.00,0,0,false,false,TIMEOUT,accept,
sml,MLWorks,_capi.sml,56936,RNGLR,12887,12887,0.00,0.00,0,0,false,false,TIMEOUT,accept,
sml,MLWorks,_capi.sml,56936,BRNGLR,12887,12887,0.00,0.00,0,0,false,false,TIMEOUT,accept,
sml,MLWorks,_match.sml,51813,Leo,13452,13452,152786896.00,3953541.50,32768,10,true,true,OK,accept,true
sml,MLWorks,_match.sml,51813,GLL,13452,13452,0.00,0.00,0,0,false,false,TIMEOUT,accept,
sml,MLWorks,_match.sml,51813,RNGLR,13452,13452,0.00,0.00,0,0,false,false,TIMEOUT,accept,
sml,MLWorks,_match.sml,51813,BRNGLR,13452,13452,0.00,0.00,0,0,false,false,TIMEOUT,accept,
sml,MLWorks,__pervasive_library.sml,56361,Leo,13913,13913,176921416.50,3023917.00,32768,10,true,true,OK,accept,true
sml,MLWorks,__pervasive_library.sml,56361,GLL,13913,13913,0.00,0.00,0,0,false,false,TIMEOUT,accept,
sml,MLWorks,__pervasive_library.sml,56361,RNGLR,13913,13913,0.00,0.00,0,0,false,false,TIMEOUT,accept,
sml,MLWorks,__pervasive_library.sml,56361,BRNGLR,13913,13913,0.00,0.00,0,0,false,false,TIMEOUT,accept,
sml,MLWorks,pi_grm.sml,115550,Leo,15670,15670,184095312.50,4685937.50,16384,10,true,true,OK,accept,true
sml,MLWorks,pi_grm.sml,115550,GLL,15670,15670,0.00,0.00,0,0,false,false,TIMEOUT,accept,
sml,MLWorks,pi_grm.sml,115550,RNGLR,15670,15670,0.00,0.00,0,0,false,false,TIMEOUT,accept,
sml,MLWorks,pi_grm.sml,115550,BRNGLR,15670,15670,0.00,0.00,0,0,false,false,TIMEOUT,accept,
sml,MLWorks,_simplelambda.sml,59484,Leo,18565,18565,279205104.50,5248021.00,98304,10,true,true,OK,accept,true
sml,MLWorks,_simplelambda.sml,59484,GLL,18565,18565,0.00,0.00,0,0,false,false,TIMEOUT,accept,
sml,MLWorks,_simplelambda.sml,59484,RNGLR,18565,18565,0.00,0.00,0,0,false,false,TIMEOUT,accept,
sml,MLWorks,_simplelambda.sml,59484,BRNGLR,18565,18565,0.00,0.00,0,0,false,false,TIMEOUT,accept,
sml,MLWorks,_encapsulate.sml,81594,Leo,19566,19566,266480021.00,5770333.50,16384,10,true,true,OK,accept,true
sml,MLWorks,_encapsulate.sml,81594,GLL,19566,19566,0.00,0.00,0,0,false,false,TIMEOUT,accept,
sml,MLWorks,_encapsulate.sml,81594,RNGLR,19566,19566,0.00,0.00,0,0,false,false,TIMEOUT,accept,
sml,MLWorks,_encapsulate.sml,81594,BRNGLR,19566,19566,0.00,0.00,0,0,false,false,TIMEOUT,accept,
sml,MLWorks,lego__grm.sml,91841,Leo,20469,20469,309884458.50,4291458.00,2146304,10,true,true,OK,accept,true
sml,MLWorks,lego__grm.sml,91841,GLL,20469,20469,0.00,0.00,0,0,false,false,TIMEOUT,accept,
sml,MLWorks,lego__grm.sml,91841,RNGLR,20469,20469,0.00,0.00,0,0,false,false,TIMEOUT,accept,
sml,MLWorks,lego__grm.sml,91841,BRNGLR,20469,20469,0.00,0.00,0,0,false,false,TIMEOUT,accept,
sml,MLWorks,_mach_cg.sml,108989,Leo,23371,23371,310312771.00,10566687.00,49152,10,true,true,OK,accept,true
sml,MLWorks,_mach_cg.sml,108989,GLL,23371,23371,0.00,0.00,0,0,false,false,TIMEOUT,accept,
sml,MLWorks,_mach_cg.sml,108989,RNGLR,23371,23371,0.00,0.00,0,0,false,false,TIMEOUT,accept,
sml,MLWorks,_mach_cg.sml,108989,BRNGLR,23371,23371,0.00,0.00,0,0,false,false,TIMEOUT,accept,
sml,MLWorks,_actionfunctions.sml,82384,Leo,24076,24076,570519104.00,51810437.50,16384,10,true,true,OK,accept,true
sml,MLWorks,_actionfunctions.sml,82384,GLL,24076,24076,0.00,0.00,0,0,false,false,TIMEOUT,accept,
sml,MLWorks,_actionfunctions.sml,82384,RNGLR,24076,24076,0.00,0.00,0,0,false,false,TIMEOUT,accept,
sml,MLWorks,_actionfunctions.sml,82384,BRNGLR,24076,24076,0.00,0.00,0,0,false,false,TIMEOUT,accept,
sml,MLWorks,_i386_assembly.sml,121076,Leo,26114,26114,554474562.50,3760895.50,278528,10,true,true,OK,accept,true
sml,MLWorks,_i386_assembly.sml,121076,GLL,26114,26114,0.00,0.00,0,0,false,false,TIMEOUT,accept,
sml,MLWorks,_i386_assembly.sml,121076,RNGLR,26114,26114,0.00,0.00,0,0,false,false,TIMEOUT,accept,
sml,MLWorks,_i386_assembly.sml,121076,BRNGLR,26114,26114,0.00,0.00,0,0,false,false,TIMEOUT,accept,
sml,MLWorks,_lambda.sml,123973,Leo,30024,30024,373285125.50,3431021.00,16384,10,true,true,OK,accept,true
sml,MLWorks,_lambda.sml,123973,GLL,30024,30024,0.00,0.00,0,0,false,false,TIMEOUT,accept,
sml,MLWorks,_lambda.sml,123973,RNGLR,30024,30024,0.00,0.00,0,0,false,false,TIMEOUT,accept,
sml,MLWorks,_lambda.sml,123973,BRNGLR,30024,30024,0.00,0.00,0,0,false,false,TIMEOUT,accept,
sml,MLWorks,_i386_cg.sml,158660,Leo,33774,33774,408934520.50,1024895.50,114688,10,true,true,OK,accept,true
sml,MLWorks,_i386_cg.sml,158660,GLL,33774,33774,0.00,0.00,0,0,false,false,TIMEOUT,accept,
sml,MLWorks,_i386_cg.sml,158660,RNGLR,33774,33774,0.00,0.00,0,0,false,false,TIMEOUT,accept,
sml,MLWorks,_i386_cg.sml,158660,BRNGLR,33774,33774,0.00,0.00,0,0,false,false,TIMEOUT,accept,
sml,MLWorks,fp_spill.sml,87254,Leo,34163,34163,629274708.00,6117708.50,114688,10,true,true,OK,accept,true
sml,MLWorks,fp_spill.sml,87254,GLL,34163,34163,0.00,0.00,0,0,false,false,TIMEOUT,accept,
sml,MLWorks,fp_spill.sml,87254,RNGLR,34163,34163,0.00,0.00,0,0,false,false,TIMEOUT,accept,
sml,MLWorks,fp_spill.sml,87254,BRNGLR,34163,34163,0.00,0.00,0,0,false,false,TIMEOUT,accept,
sml,MLWorks,_mir_cg.sml,178259,Leo,43064,43064,564664833.50,2283750.50,16384,10,true,true,OK,accept,true
sml,MLWorks,_mir_cg.sml,178259,GLL,43064,43064,0.00,0.00,0,0,false,false,TIMEOUT,accept,
sml,MLWorks,_mir_cg.sml,178259,RNGLR,43064,43064,0.00,0.00,0,0,false,false,TIMEOUT,accept,
sml,MLWorks,_mir_cg.sml,178259,BRNGLR,43064,43064,0.00,0.00,0,0,false,false,TIMEOUT,accept,
