state,1,2,3,4,5,6,7,8,9,10,11,12,13,14,15,16,17,18,19,20,21,22,23,24,25,26,27,28,29,30,31,32,33,34,35,36,37,38,39,40,41,42,43,44,45,46,47,48,49,50,51,52,53,54,55,56,57,58,59,60,61,62,63,64,65,66,67,68,69,70,71,72,73,74,75,76,77,78,79,80,81,82,83,84,0,-1,-2,-3,-4,-5,-6,-7,-8,-9,-10,-11,-12,-13,-14,-15,-16,-17,-18,-19,-20,-21,-22,-23,-24,-25,-26,-27,-28,-29,-30,-31,-32,-33,-34,-35,-36,-37,-38,-39,-40,-41,-42,-43,-44,-45,-46,-47,-48,-49,-50,-51,-52,-53,-54,-55,-56,-57,-58,-59,-60,-61,-62,-63,-64,-65,-66,-67,-68,-69,-70,-71,-72
0,,,,,,,,,,,,,,,,p.1,,,,,,,p.2,,,p.3,,,,,,p.4,,,,,,,,,,,,,,p.5,,,,,,,,,,,,,,,,,p.6,p.7,p.8,p.9,p.10,p.11,p.12,p.13,p.14,p.15,p.16,p.17,p.18,p.19,p.20,p.21,p.22,p.23,p.24,,,,,p.25,,,,,,,,,,,,,,,p.26,,p.27,p.28,,p.29,p.30,,,,,,,,p.31,,p.32,p.33,,,,,,,,,,,,,,,,,p.34,,,,,,,,p.35,,,,,,p.36,p.37,,p.38,,p.39,p.40,,
1,,,,,,,,,,,,,,,,p.1090,,,,,,,,,,,,,,,,p.413,,,,,,,,,,,,,,p.5,,,,,,,,,,,,,,,,,,,,,,,,,,,,,,,,,,,,,,,,,,,,,,,,,,,,,,,,,,p.1837,,p.409,,,,,,,,,,,,p.410,,,,,,,,,,,,,,,,,p.1092,,,,,,,,,,,,,,,,,,,,,,
2,,,,,,,,,,,,,,,,r.-30.1.0,,,,,,,r.-30.1.0,,,r.-30.1.0,,,,,,r.-30.1.0,,,,,,,,,,,,,,r.-30.1.0,,,,,,,,,,,,,,,,,r.-30.1.0,r.-30.1.0,r.-30.1.0,r.-30.1.0,r.-30.1.0,r.-30.1.0,r.-30.1.0,r.-30.1.0,r.-30.1.0,r.-30.1.0,r.-30.1.0,r.-30.1.0,r.-30.1.0,r.-30.1.0,r.-30.1.0,r.-30.1.0,r.-30.1.0,r.-30.1.0,r.-30.1.0,,,,r.-30.1.0,,,,,,,,,,,,,,,,,,,,,,,,,,,,,,,,,,,,,,,,,,,,,,,,,,,,,,,,,,,,,,,,,,,,,,,,
3,,,,,,,,,,,,,,,,,,,p.1830,,,,,,,,,,,,,p.45,,,,,,,,,,,,,,,,,,,,,,,,,,,,,,,,,,,,,,,,,,,,,,,,,,,,,,,,,,,,,,,,,,,,,,,,,,,,,,,,,,,,,,p.1831,,,,,,,,,,,,,,,,,,,,,,,,,,,,,,,,,,,,,,,
4,,,,,,,,,,,,,,,,r.-70.1.0/r.-33.1.0,,,r.-33.1.0,,,,r.-70.1.0,r.-33.1.0,,r.-33.1.0/r.-70.1.0,,,,,,r.-70.1.0/r.-33.1.0,,,,,,,,,,,,,,r.-70.1.0,,,,,,,,,,,,,,,,,r.-33.1.0/r.-70.1.0,r.-33.1.0/r.-70.1.0,r.-33.1.0/r.-70.1.0,r.-33.1.0/r.-70.1.0,r.-70.1.0/r.-33.1.0,r.-33.1.0/r.-70.1.0,r.-70.1.0/r.-33.1.0,r.-33.1.0/r.-70.1.0,r.-70.1.0/r.-33.1.0,r.-70.1.0/r.-33.1.0,r.-33.1.0/r.-70.1.0,r.-33.1.0/r.-70.1.0,r.-33.1.0/r.-70.1.0,r.-70.1.0/r.-33.1.0,r.-33.1.0/r.-70.1.0,r.-70.1.0/r.-33.1.0,r.-33.1.0/r.-70.1.0,r.-33.1.0/r.-70.1.0,r.-33.1.0/r.-70.1.0,,,,,,,,,,,,,,,,,,,,,,,,,,,,,,,,,,,,,,,,,,,,,,,,,,,,,,,,,,,,,,,,,,,,,,,,,,,,
5,,,,,,,,,,,,,,,,r.-50.1.0,,,,,,,,,,,,,,,,r.-50.1.0,,,,,,,,,,,,,,p.5,,,,,,,,,,,,,,,,,,,,,,,,p.1823,p.1824,,,,,,,,,,,,,,,,,,,,,,,,,,,,,,,,,,,,,,,,,,,,,,,,,,,,,,,,,,,,,,,,p.1825,,,,,,,,,,,,,,,,,p.1826,p.1827,,,,
6,,,,,,,,,,,,,,,,r.-58.1.0,,,,,,,r.-58.1.0,,,r.-58.1.0,,,,,,r.-58.1.0,,,,,,,,,,,,,,r.-58.1.0,,,,,,,,,,,,,,,,,r.-58.1.0,r.-58.1.0,r.-58.1.0,r.-58.1.0,r.-58.1.0,r.-58.1.0,r.-58.1.0,r.-58.1.0,r.-58.1.0,r.-58.1.0,r.-58.1.0,r.-58.1.0,r.-58.1.0,r.-58.1.0,r.-58.1.0,r.-58.1.0,r.-58.1.0,r.-58.1.0,r.-58.1.0,,,,,,,,,,,,,,,,,,,,,,,,,,,,,,,,,,,,,,,,,,,,,,,,,,,,,,,,,,,,,,,,,,,,,,,,,,,,
7,,,,,,,,,,,,,,,,r.-58.1.0,,,,,,,r.-58.1.0,,,r.-58.1.0,,,,,,r.-58.1.0,,,,,,,,,,,,,,r.-58.1.0,,,,,,,,,,,,,,,,,r.-58.1.0,r.-58.1.0,r.-58.1.0,r.-58.1.0,r.-58.1.0,r.-58.1.0,r.-58.1.0,r.-58.1.0,r.-58.1.0,r.-58.1.0,r.-58.1.0,r.-58.1.0,r.-58.1.0,r.-58.1.0,r.-58.1.0,r.-58.1.0,r.-58.1.0,r.-58.1.0,r.-58.1.0,,,,,,,,,,,,,,,,,,,,,,,,,,,,,,,,,,,,,,,,,,,,,,,,,,,,,,,,,,,,,,,,,,,,,,,,,,,,
8,,,,,,,,,,,,,,,,r.-58.1.0,,,,,,,r.-58.1.0,,,r.-58.1.0,,,,,,r.-58.1.0,,,,,,,,,,,,,,r.-58.1.0,,,,,,,,,,,,,,,,,r.-58.1.0,r.-58.1.0,r.-58.1.0,r.-58.1.0,r.-58.1.0,r.-58.1.0,r.-58.1.0,r.-58.1.0,r.-58.1.0,r.-58.1.0,r.-58.1.0,r.-58.1.0,r.-58.1.0,r.-58.1.0,r.-58.1.0,r.-58.1.0,r.-58.1.0,r.-58.1.0,r.-58.1.0,,,,,,,,,,,,,,,,,,,,,,,,,,,,,,,,,,,,,,,,,,,,,,,,,,,,,,,,,,,,,,,,,,,,,,,,,,,,
9,,,,,,,,,,,,,,,,r.-58.1.0,,,,,,,r.-58.1.0,,,r.-58.1.0,,,,,,r.-58.1.0,,,,,,,,,,,,,,r.-58.1.0,,,,,,,,,,,,,,,,,r.-58.1.0,r.-58.1.0,r.-58.1.0,r.-58.1.0,r.-58.1.0,r.-58.1.0,r.-58.1.0,r.-58.1.0,r.-58.1.0,r.-58.1.0,r.-58.1.0,r.-58.1.0,r.-58.1.0,r.-58.1.0,r.-58.1.0,r.-58.1.0,r.-58.1.0,r.-58.1.0,r.-58.1.0,,,,,,,,,,,,,,,,,,,,,,,,,,,,,,,,,,,,,,,,,,,,,,,,,,,,,,,,,,,,,,,,,,,,,,,,,,,,
10,,,,,,,,,,,,,,,,r.-58.1.0,,,,,,,r.-58.1.0,,,r.-58.1.0,,,,,,r.-58.1.0,,,,,,,,,,,,,,r.-58.1.0,,,,,,,,,,,,,,,,,r.-58.1.0,r.-58.1.0,r.-58.1.0,r.-58.1.0,r.-58.1.0,r.-58.1.0,r.-58.1.0,r.-58.1.0,r.-58.1.0,r.-58.1.0,r.-58.1.0,r.-58.1.0,r.-58.1.0,r.-58.1.0,r.-58.1.0,r.-58.1.0,r.-58.1.0,r.-58.1.0,r.-58.1.0,,,,,,,,,,,,,,,,,,,,,,,,,,,,,,,,,,,,,,,,,,,,,,,,,,,,,,,,,,,,,,,,,,,,,,,,,,,,
11,,,,,,,,,,,,,,,,,,,r.-64.1.0,,,,,,,,,,,,,r.-64.1.0,,,,,,,,,,,,,,,,,,,,,,,,,,,,,,,,,,,,,,,,,,,,,,,,,,,,,,,,,,,,,,,,,,,,,,,,,,,,,,,,,,,,,,,,,,,,,,,,,,,,,,,,,,,,,,,,,,,,,,,,,,,,,
12,,,,,,,,,,,,,,,,,,,r.-64.1.0,,,,,,,,,,,,,r.-64.1.0,,,,,,,,,,,,,,,,,,,,,,,,,,,,,,,,,,,,,,,,,,,,,,,,,,,,,,,,,,,,,,,,,,,,,,,,,,,,,,,,,,,,,,,,,,,,,,,,,,,,,,,,,,,,,,,,,,,,,,,,,,,,,
13,,,,,,,,,,,,,,,,r.-67.1.0,,,,,,,r.-67.1.0,,,r.-67.1.0,,,,,,r.-67.1.0,,,,,,,,,,,,,,r.-67.1.0,,,,,,,,,,,,,,,,,r.-67.1.0,r.-67.1.0,r.-67.1.0,r.-67.1.0,r.-67.1.0,r.-67.1.0,r.-67.1.0,r.-67.1.0,r.-67.1.0,r.-67.1.0,r.-67.1.0,r.-67.1.0,r.-67.1.0,r.-67.1.0,r.-67.1.0,r.-67.1.0,r.-67.1.0,r.-67.1.0,r.-67.1.0,,,,,,,,,,,,,,,,,,,,,,,,,,,,,,,,,,,,,,,,,,,,,,,,,,,,,,,,,,,,,,,,,,,,,,,,,,,,
14,,,,,,,,,,,,,,,,r.-67.1.0,,,,,,,r.-67.1.0,,,r.-67.1.0,,,,,,r.-67.1.0,,,,,,,,,,,,,,r.-67.1.0,,,,,,,,,,,,,,,,,r.-67.1.0,r.-67.1.0,r.-67.1.0,r.-67.1.0,r.-67.1.0,r.-67.1.0,r.-67.1.0,r.-67.1.0,r.-67.1.0,r.-67.1.0,r.-67.1.0,r.-67.1.0,r.-67.1.0,r.-67.1.0,r.-67.1.0,r.-67.1.0,r.-67.1.0,r.-67.1.0,r.-67.1.0,,,,,,,,,,,,,,,,,,,,,,,,,,,,,,,,,,,,,,,,,,,,,,,,,,,,,,,,,,,,,,,,,,,,,,,,,,,,
15,,,,,,,,,,,,,,,,r.-69.1.0,,,,,,,r.-69.1.0,,,r.-69.1.0,,,,,,r.-69.1.0,,,,,,,,,,,,,,r.-69.1.0,,,,,,,,,,,,,,,,,r.-69.1.0,r.-69.1.0,r.-69.1.0,r.-69.1.0,r.-69.1.0,r.-69.1.0,r.-69.1.0,r.-69.1.0,r.-69.1.0,r.-69.1.0,r.-69.1.0,r.-69.1.0,r.-69.1.0,r.-69.1.0,r.-69.1.0,r.-69.1.0,r.-69.1.0,r.-69.1.0,r.-69.1.0,,,,,,,,,,,,,,,,,,,,,,,,,,,,,,,,,,,,,,,,,,,,,,,,,,,,,,,,,,,,,,,,,,,,,,,,,,,,
16,,,,,,,,,,,,,,,,r.-69.1.0,,,,,,,r.-69.1.0,,,r.-69.1.0,,,,,,r.-69.1.0,,,,,,,,,,,,,,r.-69.1.0,,,,,,,,,,,,,,,,,r.-69.1.0,r.-69.1.0,r.-69.1.0,r.-69.1.0,r.-69.1.0,r.-69.1.0,r.-69.1.0,r.-69.1.0,r.-69.1.0,r.-69.1.0,r.-69.1.0,r.-69.1.0,r.-69.1.0,r.-69.1.0,r.-69.1.0,r.-69.1.0,r.-69.1.0,r.-69.1.0,r.-69.1.0,,,,,,,,,,,,,,,,,,,,,,,,,,,,,,,,,,,,,,,,,,,,,,,,,,,,,,,,,,,,,,,,,,,,,,,,,,,,
17,,,,,,,,,,,,,,,,r.-69.1.0,,,,,,,r.-69.1.0,,,r.-69.1.0,,,,,,r.-69.1.0,,,,,,,,,,,,,,r.-69.1.0,,,,,,,,,,,,,,,,,r.-69.1.0,r.-69.1.0,r.-69.1.0,r.-69.1.0,r.-69.1.0,r.-69.1.0,r.-69.1.0,r.-69.1.0,r.-69.1.0,r.-69.1.0,r.-69.1.0,r.-69.1.0,r.-69.1.0,r.-69.1.0,r.-69.1.0,r.-69.1.0,r.-69.1.0,r.-69.1.0,r.-69.1.0,,,,,,,,,,,,,,,,,,,,,,,,,,,,,,,,,,,,,,,,,,,,,,,,,,,,,,,,,,,,,,,,,,,,,,,,,,,,
18,,,,,,,,,,,,,,,,r.-69.1.0,,,,,,,r.-69.1.0,,,r.-69.1.0,,,,,,r.-69.1.0,,,,,,,,,,,,,,r.-69.1.0,,,,,,,,,,,,,,,,,r.-69.1.0,r.-69.1.0,r.-69.1.0,r.-69.1.0,r.-69.1.0,r.-69.1.0,r.-69.1.0,r.-69.1.0,r.-69.1.0,r.-69.1.0,r.-69.1.0,r.-69.1.0,r.-69.1.0,r.-69.1.0,r.-69.1.0,r.-69.1.0,r.-69.1.0,r.-69.1.0,r.-69.1.0,,,,,,,,,,,,,,,,,,,,,,,,,,,,,,,,,,,,,,,,,,,,,,,,,,,,,,,,,,,,,,,,,,,,,,,,,,,,
19,,,,,,,,,,,,,,,,r.-69.1.0,,,,,,,r.-69.1.0,,,r.-69.1.0,,,,,,r.-69.1.0,,,,,,,,,,,,,,r.-69.1.0,,,,,,,,,,,,,,,,,r.-69.1.0,r.-69.1.0,r.-69.1.0,r.-69.1.0,r.-69.1.0,r.-69.1.0,r.-69.1.0,r.-69.1.0,r.-69.1.0,r.-69.1.0,r.-69.1.0,r.-69.1.0,r.-69.1.0,r.-69.1.0,r.-69.1.0,r.-69.1.0,r.-69.1.0,r.-69.1.0,r.-69.1.0,,,,,,,,,,,,,,,,,,,,,,,,,,,,,,,,,,,,,,,,,,,,,,,,,,,,,,,,,,,,,,,,,,,,,,,,,,,,
20,,,,,,,,,,,,,,,,r.-69.1.0,,,,,,,r.-69.1.0,,,r.-69.1.0,,,,,,r.-69.1.0,,,,,,,,,,,,,,r.-69.1.0,,,,,,,,,,,,,,,,,r.-69.1.0,r.-69.1.0,r.-69.1.0,r.-69.1.0,r.-69.1.0,r.-69.1.0,r.-69.1.0,r.-69.1.0,r.-69.1.0,r.-69.1.0,r.-69.1.0,r.-69.1.0,r.-69.1.0,r.-69.1.0,r.-69.1.0,r.-69.1.0,r.-69.1.0,r.-69.1.0,r.-69.1.0,,,,,,,,,,,,,,,,,,,,,,,,,,,,,,,,,,,,,,,,,,,,,,,,,,,,,,,,,,,,,,,,,,,,,,,,,,,,
21,,,,,,,,,,,,,,,,r.-69.1.0,,,,,,,r.-69.1.0,,,r.-69.1.0,,,,,,r.-69.1.0,,,,,,,,,,,,,,r.-69.1.0,,,,,,,,,,,,,,,,,r.-69.1.0,r.-69.1.0,r.-69.1.0,r.-69.1.0,r.-69.1.0,r.-69.1.0,r.-69.1.0,r.-69.1.0,r.-69.1.0,r.-69.1.0,r.-69.1.0,r.-69.1.0,r.-69.1.0,r.-69.1.0,r.-69.1.0,r.-69.1.0,r.-69.1.0,r.-69.1.0,r.-69.1.0,,,,,,,,,,,,,,,,,,,,,,,,,,,,,,,,,,,,,,,,,,,,,,,,,,,,,,,,,,,,,,,,,,,,,,,,,,,,
22,,,,,,,,,,,,,,,,r.-69.1.0,,,,,,,r.-69.1.0,,,r.-69.1.0,,,,,,r.-69.1.0,,,,,,,,,,,,,,r.-69.1.0,,,,,,,,,,,,,,,,,r.-69.1.0,r.-69.1.0,r.-69.1.0,r.-69.1.0,r.-69.1.0,r.-69.1.0,r.-69.1.0,r.-69.1.0,r.-69.1.0,r.-69.1.0,r.-69.1.0,r.-69.1.0,r.-69.1.0,r.-69.1.0,r.-69.1.0,r.-69.1.0,r.-69.1.0,r.-69.1.0,r.-69.1.0,,,,,,,,,,,,,,,,,,,,,,,,,,,,,,,,,,,,,,,,,,,,,,,,,,,,,,,,,,,,,,,,,,,,,,,,,,,,
23,,,,,,,,,,,,,,,,r.-69.1.0,,,,,,,r.-69.1.0,,,r.-69.1.0,,,,,,r.-69.1.0,,,,,,,,,,,,,,r.-69.1.0,,,,,,,,,,,,,,,,,r.-69.1.0,r.-69.1.0,r.-69.1.0,r.-69.1.0,r.-69.1.0,r.-69.1.0,r.-69.1.0,r.-69.1.0,r.-69.1.0,r.-69.1.0,r.-69.1.0,r.-69.1.0,r.-69.1.0,r.-69.1.0,r.-69.1.0,r.-69.1.0,r.-69.1.0,r.-69.1.0,r.-69.1.0,,,,,,,,,,,,,,,,,,,,,,,,,,,,,,,,,,,,,,,,,,,,,,,,,,,,,,,,,,,,,,,,,,,,,,,,,,,,
24,,,,,,,,,,,,,,,,r.-70.1.0,,,,,,,r.-70.1.0,,,r.-70.1.0,,,,,,r.-70.1.0,,,,,,,,,,,,,,r.-70.1.0,,,,,,,,,,,,,,,,,r.-70.1.0,r.-70.1.0,r.-70.1.0,r.-70.1.0,r.-70.1.0,r.-70.1.0,r.-70.1.0,r.-70.1.0,r.-70.1.0,r.-70.1.0,r.-70.1.0,r.-70.1.0,r.-70.1.0,r.-70.1.0,r.-70.1.0,r.-70.1.0,r.-70.1.0,r.-70.1.0,r.-70.1.0,,,,,,,,,,,,,,,,,,,,,,,,,,,,,,,,,,,,,,,,,,,,,,,,,,,,,,,,,,,,,,,,,,,,,,,,,,,,
25,,,,,,,,,,,,,,,,p.1,,,,,,,p.2,,,p.3,,,,,,p.4,,,,,,,,,,,,,,p.5,,,,,,,,,,,,,,,,,p.6,p.7,p.8,p.9,p.10,p.11,p.12,p.13,p.14,p.15,p.16,p.17,p.18,p.19,p.20,p.21,p.22,p.23,p.24,,,,acc,,,,,,,,,,,,,,,,p.26,,p.27,p.28,,p.29,p.30,,,,,,,,p.1822,,p.32,p.33,,,,,,,,,,,,,,,,,p.34,,,,,,,,p.35,,,,,,p.36,p.37,,p.38,,p.39,p.40,,
26,,,,,,,,,,,,,,,,r.-30.1.0,,,,,,,r.-30.1.0,,,r.-30.1.0,,,,,,r.-30.1.0,,,,,,,,,,,,,,r.-30.1.0,,,,,,,,,,,,,,,,,r.-30.1.0,r.-30.1.0,r.-30.1.0,r.-30.1.0,r.-30.1.0,r.-30.1.0,r.-30.1.0,r.-30.1.0,r.-30.1.0,r.-30.1.0,r.-30.1.0,r.-30.1.0,r.-30.1.0,r.-30.1.0,r.-30.1.0,r.-30.1.0,r.-30.1.0,r.-30.1.0,r.-30.1.0,,,,r.-30.1.0,,,,,,,,,,,,,,,,,,,,,,,,,,,,,,,,,,,,,,,,,,,,,,,,,,,,,,,,,,,,,,,,,,,,,,,,
27,,,,,,,,,,,,,,,,p.1797,,,,,,,p.1798,,,,,,,,,p.1799,,,,,,,,,,,,,,p.5,,,,,,,,,,,,,,,,,,,,,,,,,,,,,,,,,,,,,,,,,,,,,,,,,,,,,,,,,,p.1800,,p.1801,,,,,,,,,,,,p.1802,,,p.1127,p.1803,,,,,,,,,,,,,p.1804,,,,,,,,,,,,,,,,,,,,,,
28,,,,,,,,,,,,,,,,,,,p.1116,,,,,,,p.3,,,,,,p.41,,,,,,,,,,,,,,,,,,,,,,,,,,,,,,,p.6,p.7,p.8,p.9,p.10,p.11,p.12,p.13,p.14,p.15,p.16,p.17,p.18,p.19,p.20,p.21,p.22,p.23,p.24,,,,,,,,,,,,,,,,p.1117,,,,p.1118,p.1119,p.1120,,,,p.30,,,,,,,,,,,,,,,,,,,,,,,,,,,,,,,,,,,,p.35,,,,,,p.36,p.37,,p.38,,p.39,p.40,,
29,,,,,,,,,,,,,,,,p.1106,,,r.-19.1.0,,,,,p.1107,,r.-19.1.0,,,,,,r.-19.1.0,,,,,,,,,,,,,,,,,,,,,,,,,,,,,,,r.-19.1.0,r.-19.1.0,r.-19.1.0,r.-19.1.0,r.-19.1.0,r.-19.1.0,r.-19.1.0,r.-19.1.0,r.-19.1.0,r.-19.1.0,r.-19.1.0,r.-19.1.0,r.-19.1.0,r.-19.1.0,r.-19.1.0,r.-19.1.0,r.-19.1.0,r.-19.1.0,r.-19.1.0,,,,,,,,,,,,,,,,,,,,,,,,,,,,,,,,,,,,,,,,,,,,,,,,,,,,,,,,,,,,,,,,,,,,,,,,,,,,
30,,,,,,,,,,,,,,,,r.-69.1.0,,,,,,,r.-69.1.0,,,r.-69.1.0,,,,,,r.-69.1.0,,,,,,,,,,,,,,r.-69.1.0,,,,,,,,,,,,,,,,,r.-69.1.0,r.-69.1.0,r.-69.1.0,r.-69.1.0,r.-69.1.0,r.-69.1.0,r.-69.1.0,r.-69.1.0,r.-69.1.0,r.-69.1.0,r.-69.1.0,r.-69.1.0,r.-69.1.0,r.-69.1.0,r.-69.1.0,r.-69.1.0,r.-69.1.0,r.-69.1.0,r.-69.1.0,,,,,,,,,,,,,,,,,,,,,,,,,,,,,,,,,,,,,,,,,,,,,,,,,,,,,,,,,,,,,,,,,,,,,,,,,,,,
31,,,,,,,,,,,,,,,,r.-1.1.0,,,,,,,r.-1.1.0,,,r.-1.1.0,,,,,,r.-1.1.0,,,,,,,,,,,,,,r.-1.1.0,,,,,,,,,,,,,,,,,r.-1.1.0,r.-1.1.0,r.-1.1.0,r.-1.1.0,r.-1.1.0,r.-1.1.0,r.-1.1.0,r.-1.1.0,r.-1.1.0,r.-1.1.0,r.-1.1.0,r.-1.1.0,r.-1.1.0,r.-1.1.0,r.-1.1.0,r.-1.1.0,r.-1.1.0,r.-1.1.0,r.-1.1.0,,,,r.-1.1.0,,,,,,,,,,,,,,,,,,,,,,,,,,,,,,,,,,,,,,,,,,,,,,,,,,,,,,,,,,,,,,,,,,,,,,,,
32,,,,,,,,,,,,,,,,r.-30.1.0,,,,,,,r.-30.1.0,,,r.-30.1.0,,,,,,r.-30.1.0,,,,,,,,,,,,,,r.-30.1.0,,,,,,,,,,,,,,,,,r.-30.1.0,r.-30.1.0,r.-30.1.0,r.-30.1.0,r.-30.1.0,r.-30.1.0,r.-30.1.0,r.-30.1.0,r.-30.1.0,r.-30.1.0,r.-30.1.0,r.-30.1.0,r.-30.1.0,r.-30.1.0,r.-30.1.0,r.-30.1.0,r.-30.1.0,r.-30.1.0,r.-30.1.0,,,,r.-30.1.0,,,,,,,,,,,,,,,,,,,,,,,,,,,,,,,,,,,,,,,,,,,,,,,,,,,,,,,,,,,,,,,,,,,,,,,,
33,,,,,,,,,,,,,,,,r.-21.1.0,,,r.-21.1.0,,,,,r.-21.1.0,,r.-21.1.0,,,,,,r.-21.1.0,,,,,,,,,,,,,,,,,,,,,,,,,,,,,,,r.-21.1.0,r.-21.1.0,r.-21.1.0,r.-21.1.0,r.-21.1.0,r.-21.1.0,r.-21.1.0,r.-21.1.0,r.-21.1.0,r.-21.1.0,r.-21.1.0,r.-21.1.0,r.-21.1.0,r.-21.1.0,r.-21.1.0,r.-21.1.0,r.-21.1.0,r.-21.1.0,r.-21.1.0,,,,,,,,,,,,,,,,,,,,,,,,,,,,,,,,,,,,,,,,,,,,,,,,,,,,,,,,,,,,,,,,,,,,,,,,,,,,
34,,,,,,,,,,,,,,,,p.1,,,,,,,,,,,,,,,,p.1104,,,,,,,,,,,,,,,,,,,,,,,,,,,,,,,,,,,,,,,,,,,,,,,,,,,,,,,,,,,,,,,,,,,,,,,,,,p.1105,,,,,,,,,,,,p.33,,,,,,,,,,,,,,,,,,,,,,,,,,,,,,,,,,,,,,,
35,,,,,,,,,,,,,,,,r.-18.1.0,,,,,,,r.-18.1.0,,,p.3,,,,,,p.41/r.-18.1.0,,,,,,,,,,,,,,r.-18.1.0,,,,,,,,,,,,,,,,,p.6,p.7,p.8,p.9,p.10,p.11,p.12,p.13,p.14,p.15,p.16,p.17,p.18,p.19,p.20,p.21,p.22,p.23,p.24,,,,,,,,,,,,,,,,,,,,,,p.1103,,,,p.30,,,,,,,,,,,,,,,,,,,,,,,,,,,,,,,,,,,,p.35,,,,,,p.36,p.37,,p.38,,p.39,p.40,,
36,,,,,,,,,,,,,,,,,,,p.44,,,,,,,,,,,,,p.45,,,,,,,,,,,,,,,,,,,,,,,,,,,,,,,,,,,,,,,,,,,,,,,,,,,,,,,,,,,,,,,,,,,,,,,,,,,,,,,,,,,,,,p.46,,,,,,,,,,,,,,,,,,,,,,,,,,,,,,,,,,,,,,,
37,,,,,,,,,,,,,,,,r.-69.1.0,,,,,,,r.-69.1.0,,,r.-69.1.0,,,,,,r.-69.1.0,,,,,,,,,,,,,,r.-69.1.0,,,,,,,,,,,,,,,,,r.-69.1.0,r.-69.1.0,r.-69.1.0,r.-69.1.0,r.-69.1.0,r.-69.1.0,r.-69.1.0,r.-69.1.0,r.-69.1.0,r.-69.1.0,r.-69.1.0,r.-69.1.0,r.-69.1.0,r.-69.1.0,r.-69.1.0,r.-69.1.0,r.-69.1.0,r.-69.1.0,r.-69.1.0,,,,,,,,,,,,,,,,,,,,,,,,,,,,,,,,,,,,,,,,,,,,,,,,,,,,,,,,,,,,,,,,,,,,,,,,,,,,
38,,,,,,,,,,,,,,,,r.-18.1.0,,,,,,,r.-18.1.0,,,p.3,,,,,,p.41/r.-18.1.0,,,,,,,,,,,,,,r.-18.1.0,,,,,,,,,,,,,,,,,p.6,p.7,p.8,p.9,p.10,p.11,p.12,p.13,p.14,p.15,p.16,p.17,p.18,p.19,p.20,p.21,p.22,p.23,p.24,,,,,,,,,,,,,,,,,,,,,,p.43,,,,p.30,,,,,,,,,,,,,,,,,,,,,,,,,,,,,,,,,,,,p.35,,,,,,p.36,p.37,,p.38,,p.39,p.40,,
39,,,,,,,,,,,,,,,,r.-18.1.0,,,,,,,r.-18.1.0,,,p.3,,,,,,p.41/r.-18.1.0,,,,,,,,,,,,,,r.-18.1.0,,,,,,,,,,,,,,,,,p.6,p.7,p.8,p.9,p.10,p.11,p.12,p.13,p.14,p.15,p.16,p.17,p.18,p.19,p.20,p.21,p.22,p.23,p.24,,,,,,,,,,,,,,,,,,,,,,p.42,,,,p.30,,,,,,,,,,,,,,,,,,,,,,,,,,,,,,,,,,,,p.35,,,,,,p.36,p.37,,p.38,,p.39,p.40,,
40,,,,,,,,,,,,,,,,r.-69.1.0,,,,,,,r.-69.1.0,,,r.-69.1.0,,,,,,r.-69.1.0,,,,,,,,,,,,,,r.-69.1.0,,,,,,,,,,,,,,,,,r.-69.1.0,r.-69.1.0,r.-69.1.0,r.-69.1.0,r.-69.1.0,r.-69.1.0,r.-69.1.0,r.-69.1.0,r.-69.1.0,r.-69.1.0,r.-69.1.0,r.-69.1.0,r.-69.1.0,r.-69.1.0,r.-69.1.0,r.-69.1.0,r.-69.1.0,r.-69.1.0,r.-69.1.0,,,,,,,,,,,,,,,,,,,,,,,,,,,,,,,,,,,,,,,,,,,,,,,,,,,,,,,,,,,,,,,,,,,,,,,,,,,,
41,,,,,,,,,,,,,,,,r.-70.1.0,,,,,,,r.-70.1.0,,,r.-70.1.0,,,,,,r.-70.1.0,,,,,,,,,,,,,,r.-70.1.0,,,,,,,,,,,,,,,,,r.-70.1.0,r.-70.1.0,r.-70.1.0,r.-70.1.0,r.-70.1.0,r.-70.1.0,r.-70.1.0,r.-70.1.0,r.-70.1.0,r.-70.1.0,r.-70.1.0,r.-70.1.0,r.-70.1.0,r.-70.1.0,r.-70.1.0,r.-70.1.0,r.-70.1.0,r.-70.1.0,r.-70.1.0,,,,,,,,,,,,,,,,,,,,,,,,,,,,,,,,,,,,,,,,,,,,,,,,,,,,,,,,,,,,,,,,,,,,,,,,,,,,
42,,,,,,,,,,,,,,,,r.-18.2.0,,,,,,,r.-18.2.0,,,,,,,,,r.-18.2.0,,,,,,,,,,,,,,r.-18.2.0,,,,,,,,,,,,,,,,,,,,,,,,,,,,,,,,,,,,,,,,,,,,,,,,,,,,,,,,,,,,,,,,,,,,,,,,,,,,,,,,,,,,,,,,,,,,,,,,,,,,,,,,,,,,,,,
43,,,,,,,,,,,,,,,,r.-18.2.0,,,,,,,r.-18.2.0,,,,,,,,,r.-18.2.0,,,,,,,,,,,,,,r.-18.2.0,,,,,,,,,,,,,,,,,,,,,,,,,,,,,,,,,,,,,,,,,,,,,,,,,,,,,,,,,,,,,,,,,,,,,,,,,,,,,,,,,,,,,,,,,,,,,,,,,,,,,,,,,,,,,,,
44,,,,,,,,,,,,,,,,,,,,,,,,,,p.48,,,,,,p.49,,,,,,,,,,,,,,,,,,,,,,,,,,,,,,,,,,,,p.11,p.12,p.50,p.51,p.52,p.53,p.54,p.55,p.56,p.57,p.58,p.59,p.60,p.61,,,,,,,,,,,,,,,,,,,,,,,,,,p.62,,,,,,,,,,,,,,,,,,,,,,,,,,,,,,,,,,p.63,,,,p.64,p.1101,,,p.66,p.67,,p.68,,p.69,p.70,,
45,,,,,,,,,,,,,,,,r.-33.1.0,,,r.-33.1.0,,,,r.-33.1.0,,,r.-33.1.0,,,,,,r.-33.1.0,,,,,,,,,,,,,,r.-33.1.0,,,,,,,,,,,,,,,,,r.-33.1.0,r.-33.1.0,r.-33.1.0,r.-33.1.0,r.-33.1.0,r.-33.1.0,r.-33.1.0,r.-33.1.0,r.-33.1.0,r.-33.1.0,r.-33.1.0,r.-33.1.0,r.-33.1.0,r.-33.1.0,r.-33.1.0,r.-33.1.0,r.-33.1.0,r.-33.1.0,r.-33.1.0,,,,,,,,,,,,,,,,,,,,,,,,,,,,,,,,,,,,,,,,,,,,,,,,,,,,,,,,,,,,,,,,,,,,,,,,,,,,
46,,,,,,,,,,,,,,,,r.-65.2.0,,,p.47,,,,r.-65.2.0,,,r.-65.2.0,,,,,,r.-65.2.0,,,,,,,,,,,,,,r.-65.2.0,,,,,,,,,,,,,,,,,r.-65.2.0,r.-65.2.0,r.-65.2.0,r.-65.2.0,r.-65.2.0,r.-65.2.0,r.-65.2.0,r.-65.2.0,r.-65.2.0,r.-65.2.0,r.-65.2.0,r.-65.2.0,r.-65.2.0,r.-65.2.0,r.-65.2.0,r.-65.2.0,r.-65.2.0,r.-65.2.0,r.-65.2.0,,,,,,,,,,,,,,,,,,,,,,,,,,,,,,,,,,,,,,,,,,,,,,,,,,,,,,,,,,,,,,,,,,,,,,,,,,,,
47,,,,,,,,,,,,,,,,,,,,,,,,,,p.48,,,,,,p.49,,,,,,,,,,,,,,,,,,,,,,,,,,,,,,,,,,,,p.11,p.12,p.50,p.51,p.52,p.53,p.54,p.55,p.56,p.57,p.58,p.59,p.60,p.61,,,,,,,,,,,,,,,,,,,,,,,,,,p.62,,,,,,,,,,,,,,,,,,,,,,,,,,,,,,,,,,p.63,,,,p.64,p.65,,,p.66,p.67,,p.68,,p.69,p.70,,
48,,,,,,,,,,,,,,,,,,,p.1094,,,,,,,,,,,,,p.74,,,,,,,,,,,,,,,,,,,,,,,,,,,,,,,,,,,,,,,,,,,,,,,,,,,,,,,,,,,,,,,,,,,,,,,,,,,,,,,,,,,,,,p.1095,,,,,,,,,,,,,,,,,,,,,,,,,,,,,,,,,,,,,,,
49,,,,,,,,,,,,,,,,r.-70.1.0,,,,,,r.-70.1.0,,,,r.-70.1.0,,,,,,r.-70.1.0,,,,,,,,,,,,,,r.-70.1.0,,,,,,,,,,,,,,,,,,,,,,r.-70.1.0,r.-70.1.0,r.-70.1.0,r.-70.1.0,r.-70.1.0,r.-70.1.0,r.-70.1.0,r.-70.1.0,r.-70.1.0,r.-70.1.0,r.-70.1.0,r.-70.1.0,r.-70.1.0,r.-70.1.0,,,,,,,,,,,,,,,,,,,,,,,,,,,,,,,,,,,,,,,,,,,,,,,,,,,,,,,,,,,,,,,,,,,,,,,,,,,,
50,,,,,,,,,,,,,,,,r.-67.1.0,,,,,,r.-67.1.0,,,,r.-67.1.0,,,,,,r.-67.1.0,,,,,,,,,,,,,,r.-67.1.0,,,,,,,,,,,,,,,,,,,,,,r.-67.1.0,r.-67.1.0,r.-67.1.0,r.-67.1.0,r.-67.1.0,r.-67.1.0,r.-67.1.0,r.-67.1.0,r.-67.1.0,r.-67.1.0,r.-67.1.0,r.-67.1.0,r.-67.1.0,r.-67.1.0,,,,,,,,,,,,,,,,,,,,,,,,,,,,,,,,,,,,,,,,,,,,,,,,,,,,,,,,,,,,,,,,,,,,,,,,,,,,
51,,,,,,,,,,,,,,,,r.-67.1.0,,,,,,r.-67.1.0,,,,r.-67.1.0,,,,,,r.-67.1.0,,,,,,,,,,,,,,r.-67.1.0,,,,,,,,,,,,,,,,,,,,,,r.-67.1.0,r.-67.1.0,r.-67.1.0,r.-67.1.0,r.-67.1.0,r.-67.1.0,r.-67.1.0,r.-67.1.0,r.-67.1.0,r.-67.1.0,r.-67.1.0,r.-67.1.0,r.-67.1.0,r.-67.1.0,,,,,,,,,,,,,,,,,,,,,,,,,,,,,,,,,,,,,,,,,,,,,,,,,,,,,,,,,,,,,,,,,,,,,,,,,,,,
52,,,,,,,,,,,,,,,,r.-69.1.0,,,,,,r.-69.1.0,,,,r.-69.1.0,,,,,,r.-69.1.0,,,,,,,,,,,,,,r.-69.1.0,,,,,,,,,,,,,,,,,,,,,,r.-69.1.0,r.-69.1.0,r.-69.1.0,r.-69.1.0,r.-69.1.0,r.-69.1.0,r.-69.1.0,r.-69.1.0,r.-69.1.0,r.-69.1.0,r.-69.1.0,r.-69.1.0,r.-69.1.0,r.-69.1.0,,,,,,,,,,,,,,,,,,,,,,,,,,,,,,,,,,,,,,,,,,,,,,,,,,,,,,,,,,,,,,,,,,,,,,,,,,,,
53,,,,,,,,,,,,,,,,r.-69.1.0,,,,,,r.-69.1.0,,,,r.-69.1.0,,,,,,r.-69.1.0,,,,,,,,,,,,,,r.-69.1.0,,,,,,,,,,,,,,,,,,,,,,r.-69.1.0,r.-69.1.0,r.-69.1.0,r.-69.1.0,r.-69.1.0,r.-69.1.0,r.-69.1.0,r.-69.1.0,r.-69.1.0,r.-69.1.0,r.-69.1.0,r.-69.1.0,r.-69.1.0,r.-69.1.0,,,,,,,,,,,,,,,,,,,,,,,,,,,,,,,,,,,,,,,,,,,,,,,,,,,,,,,,,,,,,,,,,,,,,,,,,,,,
54,,,,,,,,,,,,,,,,r.-69.1.0,,,,,,r.-69.1.0,,,,r.-69.1.0,,,,,,r.-69.1.0,,,,,,,,,,,,,,r.-69.1.0,,,,,,,,,,,,,,,,,,,,,,r.-69.1.0,r.-69.1.0,r.-69.1.0,r.-69.1.0,r.-69.1.0,r.-69.1.0,r.-69.1.0,r.-69.1.0,r.-69.1.0,r.-69.1.0,r.-69.1.0,r.-69.1.0,r.-69.1.0,r.-69.1.0,,,,,,,,,,,,,,,,,,,,,,,,,,,,,,,,,,,,,,,,,,,,,,,,,,,,,,,,,,,,,,,,,,,,,,,,,,,,
55,,,,,,,,,,,,,,,,r.-69.1.0,,,,,,r.-69.1.0,,,,r.-69.1.0,,,,,,r.-69.1.0,,,,,,,,,,,,,,r.-69.1.0,,,,,,,,,,,,,,,,,,,,,,r.-69.1.0,r.-69.1.0,r.-69.1.0,r.-69.1.0,r.-69.1.0,r.-69.1.0,r.-69.1.0,r.-69.1.0,r.-69.1.0,r.-69.1.0,r.-69.1.0,r.-69.1.0,r.-69.1.0,r.-69.1.0,,,,,,,,,,,,,,,,,,,,,,,,,,,,,,,,,,,,,,,,,,,,,,,,,,,,,,,,,,,,,,,,,,,,,,,,,,,,
56,,,,,,,,,,,,,,,,r.-69.1.0,,,,,,r.-69.1.0,,,,r.-69.1.0,,,,,,r.-69.1.0,,,,,,,,,,,,,,r.-69.1.0,,,,,,,,,,,,,,,,,,,,,,r.-69.1.0,r.-69.1.0,r.-69.1.0,r.-69.1.0,r.-69.1.0,r.-69.1.0,r.-69.1.0,r.-69.1.0,r.-69.1.0,r.-69.1.0,r.-69.1.0,r.-69.1.0,r.-69.1.0,r.-69.1.0,,,,,,,,,,,,,,,,,,,,,,,,,,,,,,,,,,,,,,,,,,,,,,,,,,,,,,,,,,,,,,,,,,,,,,,,,,,,
57,,,,,,,,,,,,,,,,r.-69.1.0,,,,,,r.-69.1.0,,,,r.-69.1.0,,,,,,r.-69.1.0,,,,,,,,,,,,,,r.-69.1.0,,,,,,,,,,,,,,,,,,,,,,r.-69.1.0,r.-69.1.0,r.-69.1.0,r.-69.1.0,r.-69.1.0,r.-69.1.0,r.-69.1.0,r.-69.1.0,r.-69.1.0,r.-69.1.0,r.-69.1.0,r.-69.1.0,r.-69.1.0,r.-69.1.0,,,,,,,,,,,,,,,,,,,,,,,,,,,,,,,,,,,,,,,,,,,,,,,,,,,,,,,,,,,,,,,,,,,,,,,,,,,,
58,,,,,,,,,,,,,,,,r.-69.1.0,,,,,,r.-69.1.0,,,,r.-69.1.0,,,,,,r.-69.1.0,,,,,,,,,,,,,,r.-69.1.0,,,,,,,,,,,,,,,,,,,,,,r.-69.1.0,r.-69.1.0,r.-69.1.0,r.-69.1.0,r.-69.1.0,r.-69.1.0,r.-69.1.0,r.-69.1.0,r.-69.1.0,r.-69.1.0,r.-69.1.0,r.-69.1.0,r.-69.1.0,r.-69.1.0,,,,,,,,,,,,,,,,,,,,,,,,,,,,,,,,,,,,,,,,,,,,,,,,,,,,,,,,,,,,,,,,,,,,,,,,,,,,
59,,,,,,,,,,,,,,,,r.-69.1.0,,,,,,r.-69.1.0,,,,r.-69.1.0,,,,,,r.-69.1.0,,,,,,,,,,,,,,r.-69.1.0,,,,,,,,,,,,,,,,,,,,,,r.-69.1.0,r.-69.1.0,r.-69.1.0,r.-69.1.0,r.-69.1.0,r.-69.1.0,r.-69.1.0,r.-69.1.0,r.-69.1.0,r.-69.1.0,r.-69.1.0,r.-69.1.0,r.-69.1.0,r.-69.1.0,,,,,,,,,,,,,,,,,,,,,,,,,,,,,,,,,,,,,,,,,,,,,,,,,,,,,,,,,,,,,,,,,,,,,,,,,,,,
60,,,,,,,,,,,,,,,,r.-69.1.0,,,,,,r.-69.1.0,,,,r.-69.1.0,,,,,,r.-69.1.0,,,,,,,,,,,,,,r.-69.1.0,,,,,,,,,,,,,,,,,,,,,,r.-69.1.0,r.-69.1.0,r.-69.1.0,r.-69.1.0,r.-69.1.0,r.-69.1.0,r.-69.1.0,r.-69.1.0,r.-69.1.0,r.-69.1.0,r.-69.1.0,r.-69.1.0,r.-69.1.0,r.-69.1.0,,,,,,,,,,,,,,,,,,,,,,,,,,,,,,,,,,,,,,,,,,,,,,,,,,,,,,,,,,,,,,,,,,,,,,,,,,,,
61,,,,,,,,,,,,,,,,r.-70.1.0,,,,,,r.-70.1.0,,,,r.-70.1.0,,,,,,r.-70.1.0,,,,,,,,,,,,,,r.-70.1.0,,,,,,,,,,,,,,,,,,,,,,r.-70.1.0,r.-70.1.0,r.-70.1.0,r.-70.1.0,r.-70.1.0,r.-70.1.0,r.-70.1.0,r.-70.1.0,r.-70.1.0,r.-70.1.0,r.-70.1.0,r.-70.1.0,r.-70.1.0,r.-70.1.0,,,,,,,,,,,,,,,,,,,,,,,,,,,,,,,,,,,,,,,,,,,,,,,,,,,,,,,,,,,,,,,,,,,,,,,,,,,,
62,,,,,,,,,,,,,,,,r.-69.1.0,,,,,,r.-69.1.0,,,,r.-69.1.0,,,,,,r.-69.1.0,,,,,,,,,,,,,,r.-69.1.0,,,,,,,,,,,,,,,,,,,,,,r.-69.1.0,r.-69.1.0,r.-69.1.0,r.-69.1.0,r.-69.1.0,r.-69.1.0,r.-69.1.0,r.-69.1.0,r.-69.1.0,r.-69.1.0,r.-69.1.0,r.-69.1.0,r.-69.1.0,r.-69.1.0,,,,,,,,,,,,,,,,,,,,,,,,,,,,,,,,,,,,,,,,,,,,,,,,,,,,,,,,,,,,,,,,,,,,,,,,,,,,
63,,,,,,,,,,,,,,,,p.83,,,,,,p.84,,,,,,,,,,p.85,,,,,,,,,,,,,,p.5,,,,,,,,,,,,,,,,,,,,,,,,,,,,,,,,,,,,,,,,,,,,,,,,,,,,,,,,,,p.86,,p.87,,,,,,,,,,,,p.88,,,,,,,,,,,,,,,,,p.89,,,,,,,,,,,,p.90,p.91,,,,,,,,,
64,,,,,,,,,,,,,,,,,,,,r.-61.1.0,,,,,,r.-61.1.0,,,,,,r.-61.1.0,,,,,,,,,,,,,,,,,,,,,,,,,,,,,,,,,,,,r.-61.1.0,r.-61.1.0,r.-61.1.0,r.-61.1.0,r.-61.1.0,r.-61.1.0,r.-61.1.0,r.-61.1.0,r.-61.1.0,r.-61.1.0,r.-61.1.0,r.-61.1.0,r.-61.1.0,r.-61.1.0,,,,,,,,,,,,,,,,,,,,,,,,,,,,,,,,,,,,,,,,,,,,,,,,,,,,,,,,,,,,,,,,,,,,,,,,,,,,
65,,,,,,,,,,,,,,,,,,,,p.82,,,,,,p.48,,,,,,p.49,,,,,,,,,,,,,,,,,,,,,,,,,,,,,,,,,,,,p.11,p.12,p.50,p.51,p.52,p.53,p.54,p.55,p.56,p.57,p.58,p.59,p.60,p.61,,,,,,,,,,,,,,,,,,,,,,,,,,p.62,,,,,,,,,,,,,,,,,,,,,,,,,,,,,,,,,,p.63,,,,p.79,,,,p.66,p.67,,p.68,,p.69,p.70,,
66,,,,,,,,,,,,,,,,,,,p.73,,,,,,,,,,,,,p.74,,,,,,,,,,,,,,,,,,,,,,,,,,,,,,,,,,,,,,,,,,,,,,,,,,,,,,,,,,,,,,,,,,,,,,,,,,,,,,,,,,,,,,p.75,,,,,,,,,,,,,,,,,,,,,,,,,,,,,,,,,,,,,,,
67,,,,,,,,,,,,,,,,r.-69.1.0,,,,,,r.-69.1.0,,,,r.-69.1.0,,,,,,r.-69.1.0,,,,,,,,,,,,,,r.-69.1.0,,,,,,,,,,,,,,,,,,,,,,r.-69.1.0,r.-69.1.0,r.-69.1.0,r.-69.1.0,r.-69.1.0,r.-69.1.0,r.-69.1.0,r.-69.1.0,r.-69.1.0,r.-69.1.0,r.-69.1.0,r.-69.1.0,r.-69.1.0,r.-69.1.0,,,,,,,,,,,,,,,,,,,,,,,,,,,,,,,,,,,,,,,,,,,,,,,,,,,,,,,,,,,,,,,,,,,,,,,,,,,,
68,,,,,,,,,,,,,,,,r.-56.1.0,,,,,,r.-56.1.0,,,,p.48,,,,,,p.49/r.-56.1.0,,,,,,,,,,,,,,r.-56.1.0,,,,,,,,,,,,,,,,,,,,,,p.11,p.12,p.50,p.51,p.52,p.53,p.54,p.55,p.56,p.57,p.58,p.59,p.60,p.61,,,,,,,,,,,,,,,,,,,,,,,,,,p.62,,,,,,,,,,,,,,,,,,,,,,,,,,,,,,,,,,p.72,,,,,,,,p.66,p.67,,p.68,,p.69,p.70,,
69,,,,,,,,,,,,,,,,r.-56.1.0,,,,,,r.-56.1.0,,,,p.48,,,,,,p.49/r.-56.1.0,,,,,,,,,,,,,,r.-56.1.0,,,,,,,,,,,,,,,,,,,,,,p.11,p.12,p.50,p.51,p.52,p.53,p.54,p.55,p.56,p.57,p.58,p.59,p.60,p.61,,,,,,,,,,,,,,,,,,,,,,,,,,p.62,,,,,,,,,,,,,,,,,,,,,,,,,,,,,,,,,,p.71,,,,,,,,p.66,p.67,,p.68,,p.69,p.70,,
70,,,,,,,,,,,,,,,,r.-69.1.0,,,,,,r.-69.1.0,,,,r.-69.1.0,,,,,,r.-69.1.0,,,,,,,,,,,,,,r.-69.1.0,,,,,,,,,,,,,,,,,,,,,,r.-69.1.0,r.-69.1.0,r.-69.1.0,r.-69.1.0,r.-69.1.0,r.-69.1.0,r.-69.1.0,r.-69.1.0,r.-69.1.0,r.-69.1.0,r.-69.1.0,r.-69.1.0,r.-69.1.0,r.-69.1.0,,,,,,,,,,,,,,,,,,,,,,,,,,,,,,,,,,,,,,,,,,,,,,,,,,,,,,,,,,,,,,,,,,,,,,,,,,,,
71,,,,,,,,,,,,,,,,r.-56.2.0,,,,,,r.-56.2.0,,,,,,,,,,r.-56.2.0,,,,,,,,,,,,,,r.-56.2.0,,,,,,,,,,,,,,,,,,,,,,,,,,,,,,,,,,,,,,,,,,,,,,,,,,,,,,,,,,,,,,,,,,,,,,,,,,,,,,,,,,,,,,,,,,,,,,,,,,,,,,,,,,,,,,,
72,,,,,,,,,,,,,,,,r.-56.2.0,,,,,,r.-56.2.0,,,,,,,,,,r.-56.2.0,,,,,,,,,,,,,,r.-56.2.0,,,,,,,,,,,,,,,,,,,,,,,,,,,,,,,,,,,,,,,,,,,,,,,,,,,,,,,,,,,,,,,,,,,,,,,,,,,,,,,,,,,,,,,,,,,,,,,,,,,,,,,,,,,,,,,
73,,,,,,,,,,,,,,,,,,,,,,,,,,p.48,,,,,,p.49,,,,,,,,,,,,,,,,,,,,,,,,,,,,,,,,,,,,p.11,p.12,p.50,p.51,p.52,p.53,p.54,p.55,p.56,p.57,p.58,p.59,p.60,p.61,,,,,,,,,,,,,,,,,,,,,,,,,,p.62,,,,,,,,,,,,,,,,,,,,,,,,,,,,,,,,,,p.63,,,,p.64,p.80,,,p.66,p.67,,p.68,,p.69,p.70,,
74,,,,,,,,,,,,,,,,r.-33.1.0,,,r.-33.1.0,,,r.-33.1.0,,,,r.-33.1.0,,,,,,r.-33.1.0,,,,,,,,,,,,,,r.-33.1.0,,,,,,,,,,,,,,,,,,,,,,r.-33.1.0,r.-33.1.0,r.-33.1.0,r.-33.1.0,r.-33.1.0,r.-33.1.0,r.-33.1.0,r.-33.1.0,r.-33.1.0,r.-33.1.0,r.-33.1.0,r.-33.1.0,r.-33.1.0,r.-33.1.0,,,,,,,,,,,,,,,,,,,,,,,,,,,,,,,,,,,,,,,,,,,,,,,,,,,,,,,,,,,,,,,,,,,,,,,,,,,,
75,,,,,,,,,,,,,,,,r.-65.2.0,,,p.76,,,r.-65.2.0,,,,r.-65.2.0,,,,,,r.-65.2.0,,,,,,,,,,,,,,r.-65.2.0,,,,,,,,,,,,,,,,,,,,,,r.-65.2.0,r.-65.2.0,r.-65.2.0,r.-65.2.0,r.-65.2.0,r.-65.2.0,r.-65.2.0,r.-65.2.0,r.-65.2.0,r.-65.2.0,r.-65.2.0,r.-65.2.0,r.-65.2.0,r.-65.2.0,,,,,,,,,,,,,,,,,,,,,,,,,,,,,,,,,,,,,,,,,,,,,,,,,,,,,,,,,,,,,,,,,,,,,,,,,,,,
76,,,,,,,,,,,,,,,,,,,,,,,,,,p.48,,,,,,p.49,,,,,,,,,,,,,,,,,,,,,,,,,,,,,,,,,,,,p.11,p.12,p.50,p.51,p.52,p.53,p.54,p.55,p.56,p.57,p.58,p.59,p.60,p.61,,,,,,,,,,,,,,,,,,,,,,,,,,p.62,,,,,,,,,,,,,,,,,,,,,,,,,,,,,,,,,,p.63,,,,p.64,p.77,,,p.66,p.67,,p.68,,p.69,p.70,,
77,,,,,,,,,,,,,,,,,,,,p.78,,,,,,p.48,,,,,,p.49,,,,,,,,,,,,,,,,,,,,,,,,,,,,,,,,,,,,p.11,p.12,p.50,p.51,p.52,p.53,p.54,p.55,p.56,p.57,p.58,p.59,p.60,p.61,,,,,,,,,,,,,,,,,,,,,,,,,,p.62,,,,,,,,,,,,,,,,,,,,,,,,,,,,,,,,,,p.63,,,,p.79,,,,p.66,p.67,,p.68,,p.69,p.70,,
78,,,,,,,,,,,,,,,,r.-65.5.0,,,,,,r.-65.5.0,,,,r.-65.5.0,,,,,,r.-65.5.0,,,,,,,,,,,,,,r.-65.5.0,,,,,,,,,,,,,,,,,,,,,,r.-65.5.0,r.-65.5.0,r.-65.5.0,r.-65.5.0,r.-65.5.0,r.-65.5.0,r.-65.5.0,r.-65.5.0,r.-65.5.0,r.-65.5.0,r.-65.5.0,r.-65.5.0,r.-65.5.0,r.-65.5.0,,,,,,,,,,,,,,,,,,,,,,,,,,,,,,,,,,,,,,,,,,,,,,,,,,,,,,,,,,,,,,,,,,,,,,,,,,,,
79,,,,,,,,,,,,,,,,,,,,r.-61.2.0,,,,,,r.-61.2.0,,,,,,r.-61.2.0,,,,,,,,,,,,,,,,,,,,,,,,,,,,,,,,,,,,r.-61.2.0,r.-61.2.0,r.-61.2.0,r.-61.2.0,r.-61.2.0,r.-61.2.0,r.-61.2.0,r.-61.2.0,r.-61.2.0,r.-61.2.0,r.-61.2.0,r.-61.2.0,r.-61.2.0,r.-61.2.0,,,,,,,,,,,,,,,,,,,,,,,,,,,,,,,,,,,,,,,,,,,,,,,,,,,,,,,,,,,,,,,,,,,,,,,,,,,,
80,,,,,,,,,,,,,,,,,,,,p.81,,,,,,p.48,,,,,,p.49,,,,,,,,,,,,,,,,,,,,,,,,,,,,,,,,,,,,p.11,p.12,p.50,p.51,p.52,p.53,p.54,p.55,p.56,p.57,p.58,p.59,p.60,p.61,,,,,,,,,,,,,,,,,,,,,,,,,,p.62,,,,,,,,,,,,,,,,,,,,,,,,,,,,,,,,,,p.63,,,,p.79,,,,p.66,p.67,,p.68,,p.69,p.70,,
81,,,,,,,,,,,,,,,,r.-65.4.0,,,,,,r.-65.4.0,,,,r.-65.4.0,,,,,,r.-65.4.0,,,,,,,,,,,,,,r.-65.4.0,,,,,,,,,,,,,,,,,,,,,,r.-65.4.0,r.-65.4.0,r.-65.4.0,r.-65.4.0,r.-65.4.0,r.-65.4.0,r.-65.4.0,r.-65.4.0,r.-65.4.0,r.-65.4.0,r.-65.4.0,r.-65.4.0,r.-65.4.0,r.-65.4.0,,,,,,,,,,,,,,,,,,,,,,,,,,,,,,,,,,,,,,,,,,,,,,,,,,,,,,,,,,,,,,,,,,,,,,,,,,,,
82,,,,,,,,,,,,,,,,r.-65.5.0,,,,,,,r.-65.5.0,,,r.-65.5.0,,,,,,r.-65.5.0,,,,,,,,,,,,,,r.-65.5.0,,,,,,,,,,,,,,,,,r.-65.5.0,r.-65.5.0,r.-65.5.0,r.-65.5.0,r.-65.5.0,r.-65.5.0,r.-65.5.0,r.-65.5.0,r.-65.5.0,r.-65.5.0,r.-65.5.0,r.-65.5.0,r.-65.5.0,r.-65.5.0,r.-65.5.0,r.-65.5.0,r.-65.5.0,r.-65.5.0,r.-65.5.0,,,,,,,,,,,,,,,,,,,,,,,,,,,,,,,,,,,,,,,,,,,,,,,,,,,,,,,,,,,,,,,,,,,,,,,,,,,,
83,,,,,,,,,,,,,,,,p.1090,,,,,,,,,,,,,,,,p.413,,,,,,,,,,,,,,p.5,,,,,,,,,,,,,,,,,,,,,,,,,,,,,,,,,,,,,,,,,,,,,,,,,,,,,,,,,,p.1091,,p.409,,,,,,,,,,,,p.410,,,,,,,,,,,,,,,,,p.1092,,,,,,,,,,,,,,,,,,,,,,
84,p.98,p.99,p.100,,,,,,,,,,,,,p.989,,p.990,,,,,,,,,p.991,,,,p.992,p.993,,p.994,,,,,,,,,,,,p.108,,,,,,p.995,p.996,,,,,,,,,,,,,,,,,,,,,,,,,,,,,p.997,p.112,p.113,,,,p.998,p.999,,,,,,p.1000,p.1001,,p.1002,p.1003,p.1089,,,,,,,,p.1005,,,p.1006,p.1007,,,,p.1008,,p.1009,,p.1010,,,,,p.1011,,,,p.1012,p.1013,p.1014,,,,,p.1015,p.1016,p.1017,,p.1018,,,,p.1019,,,,,,,,,,,,p.1020,p.1021
85,,,,r.-33.1.0,,,,,,,,,,,,r.-33.1.0,,,,,,r.-33.1.0,r.-33.1.0,r.-33.1.0,,,,,,,,,,,,,,,,,,,,,,,,,,,,,,,,,,,,,,,,,,,,,,,,,,,,,,,,,,,,,,,,,,,,,,,,,,,,,,,,,,,,,,,,,,,,,,,,,,,,,,,,,,,,,,,,,,,,,,,,,,,,,,,,,,,,,
86,,,,r.-62.1.0,,,,,,,,,,,,,,,,,,p.988,r.-62.1.0,,,,,,,,,,,,,,,,,,,,,,,,,,,,,,,,,,,,,,,,,,,,,,,,,,,,,,,,,,,,,,,,,,,,,,,,,,,,,,,,,,,,,,,,,,,,,,,,,,,,,,,,,,,,,,,,,,,,,,,,,,,,,,,,,,,,,,
87,,,,r.-19.1.0,,,,,,,,,,,,p.96,,,,,,r.-19.1.0,r.-19.1.0,p.97,,,,,,,,,,,,,,,,,,,,,,,,,,,,,,,,,,,,,,,,,,,,,,,,,,,,,,,,,,,,,,,,,,,,,,,,,,,,,,,,,,,,,,,,,,,,,,,,,,,,,,,,,,,,,,,,,,,,,,,,,,,,,,,,,,,,,
88,,,,r.-21.1.0,,,,,,,,,,,,r.-21.1.0,,,,,,r.-21.1.0,r.-21.1.0,r.-21.1.0,,,,,,,,,,,,,,,,,,,,,,,,,,,,,,,,,,,,,,,,,,,,,,,,,,,,,,,,,,,,,,,,,,,,,,,,,,,,,,,,,,,,,,,,,,,,,,,,,,,,,,,,,,,,,,,,,,,,,,,,,,,,,,,,,,,,,
89,,,,,,,,,,,,,,,,p.83,,,,,,,,,,,,,,,,p.85,,,,,,,,,,,,,,,,,,,,,,,,,,,,,,,,,,,,,,,,,,,,,,,,,,,,,,,,,,,,,,,,,,,,,,,,,,p.95,,,,,,,,,,,,p.88,,,,,,,,,,,,,,,,,,,,,,,,,,,,,,,,,,,,,,,
90,,,,r.-63.1.0,,,,,,,,,,,,,,,,,,,r.-63.1.0,,,,,,,,,,,,,,,,,,,,,,,,,,,,,,,,,,,,,,,,,,,,,,,,,,,,,,,,,,,,,,,,,,,,,,,,,,,,,,,,,,,,,,,,,,,,,,,,,,,,,,,,,,,,,,,,,,,,,,,,,,,,,,,,,,,,,,
91,,,,p.92,,,,,,,,,,,,,,,,,,,p.93,,,,,,,,,,,,,,,,,,,,,,,,,,,,,,,,,,,,,,,,,,,,,,,,,,,,,,,,,,,,,,,,,,,,,,,,,,,,,,,,,,,,,,,,,,,,,,,,,,,,,,,,,,,,,,,,,,,,,,,,,,,,,,,,,,,,,,
92,,,,,,,,,,,,,,,,p.83,,,,,,p.84,,,,,,,,,,p.85,,,,,,,,,,,,,,p.5,,,,,,,,,,,,,,,,,,,,,,,,,,,,,,,,,,,,,,,,,,,,,,,,,,,,,,,,,,p.86,,p.87,,,,,,,,,,,,p.88,,,,,,,,,,,,,,,,,p.89,,,,,,,,,,,,p.94,,,,,,,,,,
93,,,,,,,,,,,,,,,,,,,,r.-60.3.0,,,,,,r.-60.3.0,,,,,,r.-60.3.0,,,,,,,,,,,,,,,,,,,,,,,,,,,,,,,,,,,,r.-60.3.0,r.-60.3.0,r.-60.3.0,r.-60.3.0,r.-60.3.0,r.-60.3.0,r.-60.3.0,r.-60.3.0,r.-60.3.0,r.-60.3.0,r.-60.3.0,r.-60.3.0,r.-60.3.0,r.-60.3.0,,,,,,,,,,,,,,,,,,,,,,,,,,,,,,,,,,,,,,,,,,,,,,,,,,,,,,,,,,,,,,,,,,,,,,,,,,,,
94,,,,r.-63.3.0,,,,,,,,,,,,,,,,,,,r.-63.3.0,,,,,,,,,,,,,,,,,,,,,,,,,,,,,,,,,,,,,,,,,,,,,,,,,,,,,,,,,,,,,,,,,,,,,,,,,,,,,,,,,,,,,,,,,,,,,,,,,,,,,,,,,,,,,,,,,,,,,,,,,,,,,,,,,,,,,,
95,,,,r.-19.2.0,,,,,,,,,,,,p.96,,,,,,r.-19.2.0,r.-19.2.0,p.97,,,,,,,,,,,,,,,,,,,,,,,,,,,,,,,,,,,,,,,,,,,,,,,,,,,,,,,,,,,,,,,,,,,,,,,,,,,,,,,,,,,,,,,,,,,,,,,,,,,,,,,,,,,,,,,,,,,,,,,,,,,,,,,,,,,,,
96,,,,,,,,,,,,,,,,,p.983,,,,,,,,,p.313,,,,,,p.376,,,,,,,,,,,,,,,,,,,,,,,,,,,,,,,p.315,p.316,p.317,p.318,p.319,p.11,p.12,p.320,p.321,p.322,p.323,p.324,p.325,p.326,p.327,p.328,p.329,p.330,p.331,,,,,,,,,,,,,,,,,,,,,,p.332,,,,p.333,,,,,,,,,,,p.377,p.984,,,,,,,,,,,,,p.334,p.335,p.985,,,,,,,,,p.337,,,,,,p.338,p.339,,p.340,,p.341,p.342,,
97,p.98,p.99,p.100,,,,,,,,,,,,,p.101,,p.102,,,,,,,p.103,,p.104,,,,p.105,p.106,,p.107,,,,,,,,,,,,p.108,,,,,,p.109,p.110,,,,,,,,,,,,,,,,,,,,,,,,,,,,,p.111,p.112,p.113,,,,p.114,p.115,,,,,,p.116,p.117,,p.118,p.119,p.120,,,,,,,,p.121,,,p.122,p.123,,,,p.124,,p.125,,p.126,,,,,p.127,,,,p.128,p.129,p.130,,,,,p.131,p.132,p.133,,p.134,,,,p.135,,,,,,,,,,,,p.136,p.137
98,r.-72.1.0,r.-72.1.0,r.-72.1.0,,,,,,,,,,,,,r.-72.1.0,,r.-72.1.0,,,,,,,,,r.-72.1.0,,,,r.-72.1.0,r.-72.1.0,,r.-72.1.0,,,,,,,,,,,,r.-72.1.0,,,,,,r.-72.1.0,r.-72.1.0,,,,,,,,,,,,,,,,,,,,,,,,,,,,,r.-72.1.0,r.-72.1.0,r.-72.1.0,,,,,,,,,,,,,,,,,,,,,,,,,,,,,,,,,,,,,,,,,,,,,,,,,,,,,,,,,,,,,,,,,,,,,,,,,
99,r.-72.1.0,r.-72.1.0,r.-72.1.0,,,,,,,,,,,,,r.-72.1.0,,r.-72.1.0,,,,,,,,,r.-72.1.0,,,,r.-72.1.0,r.-72.1.0,,r.-72.1.0,,,,,,,,,,,,r.-72.1.0,,,,,,r.-72.1.0,r.-72.1.0,,,,,,,,,,,,,,,,,,,,,,,,,,,,,r.-72.1.0,r.-72.1.0,r.-72.1.0,,,,,,,,,,,,,,,,,,,,,,,,,,,,,,,,,,,,,,,,,,,,,,,,,,,,,,,,,,,,,,,,,,,,,,,,,
100,r.-72.1.0,r.-72.1.0,r.-72.1.0,,,,,,,,,,,,,r.-72.1.0,,r.-72.1.0,,,,,,,,,r.-72.1.0,,,,r.-72.1.0,r.-72.1.0,,r.-72.1.0,,,,,,,,,,,,r.-72.1.0,,,,,,r.-72.1.0,r.-72.1.0,,,,,,,,,,,,,,,,,,,,,,,,,,,,,r.-72.1.0,r.-72.1.0,r.-72.1.0,,,,,,,,,,,,,,,,,,,,,,,,,,,,,,,,,,,,,,,,,,,,,,,,,,,,,,,,,,,,,,,,,,,,,,,,,
101,p.98,p.99,p.100,,,,,,,,,,,,,p.207,,p.208,,,,,,,,p.209,p.210,,,,p.211,p.212,,p.213,,,,,,,,,,,,p.108,,,,,,p.214,p.215,,,,,,,,,,,,,,,p.11,p.12,p.216,p.217,p.218,p.219,p.220,p.221,p.222,p.223,p.224,p.225,p.226,p.227,p.228,p.112,p.113,,,,p.229,p.230,,p.231,,,,p.232,p.233,,p.234,p.235,,,,,,,,p.236,p.237,,,p.238,p.239,p.973,,,p.241,,p.242,,p.243,,,,,p.244,,,,p.245,p.246,p.247,,,,,p.248,p.249,p.250,,p.251,p.252,,,p.253,,,,,p.254,p.255,p.980,p.257,,p.258,p.259,p.260,p.261
102,r.-59.1.0/r.-11.1.0,r.-59.1.0/r.-11.1.0,r.-11.1.0/r.-59.1.0,,,,,,,,,,,,,r.-11.1.0/r.-59.1.0,,r.-59.1.0,,,r.-11.1.0/r.-59.1.0,,,r.-11.1.0/r.-59.1.0,r.-11.1.0/r.-59.1.0,,,r.-11.1.0/r.-59.1.0,r.-11.1.0/r.-59.1.0,r.-11.1.0/r.-59.1.0,,,r.-11.1.0/r.-59.1.0,,,,,,,,,,,r.-11.1.0/r.-59.1.0,r.-11.1.0/r.-59.1.0,r.-59.1.0/r.-11.1.0,r.-59.1.0/r.-11.1.0,r.-59.1.0/r.-11.1.0,,r.-11.1.0/r.-59.1.0,r.-11.1.0/r.-59.1.0,r.-11.1.0/r.-59.1.0,r.-11.1.0/r.-59.1.0,r.-11.1.0/r.-59.1.0,r.-59.1.0/r.-11.1.0,r.-59.1.0/r.-11.1.0,r.-59.1.0/r.-11.1.0,,,,r.-59.1.0/r.-11.1.0,r.-59.1.0/r.-11.1.0,,,,,,,,,,,,,,,,,,,,,,,,,,,,,,,,,,,,,,,,,,,,,,,,,,,,,,,,,,,,,,,,,,,,,,,,,,,,,,,,,,,,,,,,,,,,,,,
103,,,,r.-21.3.0,,,,,,,,,,,,r.-21.3.0,,,,,,r.-21.3.0,r.-21.3.0,r.-21.3.0,,,,,,,,,,,,,,,,,,,,,,,,,,,,,,,,,,,,,,,,,,,,,,,,,,,,,,,,,,,,,,,,,,,,,,,,,,,,,,,,,,,,,,,,,,,,,,,,,,,,,,,,,,,,,,,,,,,,,,,,,,,,,,,,,,,,,
104,r.-23.1.0,r.-23.1.0,r.-23.1.0,,,,,,,,,,,,,r.-23.1.0,,,,,r.-23.1.0,,,r.-23.1.0,r.-23.1.0,,,r.-23.1.0,r.-23.1.0,r.-23.1.0,,,r.-23.1.0,,,,,,,,,,,r.-23.1.0,r.-23.1.0,r.-23.1.0,r.-23.1.0,r.-23.1.0,,r.-23.1.0,r.-23.1.0,r.-23.1.0,r.-23.1.0,r.-23.1.0,r.-23.1.0,r.-23.1.0,r.-23.1.0,,,,r.-23.1.0,r.-23.1.0,,,,,,,,,,,,,,,,,,,,,,,,,,,,,,,,,,,,,,,,,,,,,,,,,,,,,,,,,,,,,,,,,,,,,,,,,,,,,,,,,,,,,,,,,,,,,,,
105,r.-31.1.0,r.-31.1.0,r.-31.1.0,,,,,,,,,,,,,r.-31.1.0,,,,,r.-31.1.0,,,r.-31.1.0,r.-31.1.0,,,r.-31.1.0,r.-31.1.0,r.-31.1.0,,,r.-31.1.0,,,,,,,,,,,r.-31.1.0,r.-31.1.0,r.-31.1.0,r.-31.1.0,r.-31.1.0,,r.-31.1.0,r.-31.1.0,r.-31.1.0,r.-31.1.0,r.-31.1.0,r.-31.1.0,r.-31.1.0,r.-31.1.0,,,,r.-31.1.0,r.-31.1.0,,,,,,,,,,,,,,,,,,,,,,,,,,,,,,,,,,,,,,,,,,,,,,,,,,,,,,,,,,,,,,,,,,,,,,,,,,,,,,,,,,,,,,,,,,,,,,,
106,r.-33.1.0,r.-33.1.0,r.-33.1.0,,,,,,,,,,,,,r.-33.1.0,,,,,r.-33.1.0,,,r.-33.1.0,r.-33.1.0,,,r.-33.1.0,r.-33.1.0,r.-33.1.0,,,r.-33.1.0,,,,,,,,,,,r.-33.1.0,r.-33.1.0,r.-33.1.0,r.-33.1.0,r.-33.1.0,,r.-33.1.0,r.-33.1.0,r.-33.1.0,r.-33.1.0,r.-33.1.0,r.-33.1.0,r.-33.1.0,r.-33.1.0,,,,r.-33.1.0,r.-33.1.0,,,,,,,,,,,,,,,,,,,,,,,,,,,,,,,,,,,,,,,,,,,,,,,,,,,,,,,,,,,,,,,,,,,,,,,,,,,,,,,,,,,,,,,,,,,,,,,
107,r.-40.1.0,r.-40.1.0,r.-40.1.0,,,,,,,,,,,,,r.-40.1.0,,,,,r.-40.1.0,,,r.-40.1.0,r.-40.1.0,,,r.-40.1.0,r.-40.1.0,r.-40.1.0,,,r.-40.1.0,,,,,,,,,,,r.-40.1.0,r.-40.1.0,r.-40.1.0,r.-40.1.0,r.-40.1.0,,r.-40.1.0,r.-40.1.0,r.-40.1.0,r.-40.1.0,r.-40.1.0,r.-40.1.0,r.-40.1.0,r.-40.1.0,,,,r.-40.1.0,r.-40.1.0,,,,,,,,,,,,,,,,,,,,,,,,,,,,,,,,,,,,,,,,,,,,,,,,,,,,,,,,,,,,,,,,,,,,,,,,,,,,,,,,,,,,,,,,,,,,,,,
108,r.-72.1.0,r.-72.1.0,r.-72.1.0,,,,,,,,,,,,,r.-72.1.0,,r.-72.1.0,,,,,,,,,r.-72.1.0,,,,r.-72.1.0,r.-72.1.0,,r.-72.1.0,,,,,,,,,,,,r.-72.1.0,,,,,,r.-72.1.0,r.-72.1.0,,,,,,,,,,,,,,,,,,,,,,,,,,,,,r.-72.1.0,r.-72.1.0,r.-72.1.0,,,,,,,,,,,,,,,,,,,,,,,,,,,,,,,,,,,,,,,,,,,,,,,,,,,,,,,,,,,,,,,,,,,,,,,,,
109,p.98,p.99,p.100,,,,,,,,,,,,,p.977,,p.102,,,,,,,,,p.104,,,,p.105,p.106,,p.107,,,,,,,,,,,,p.108,,,,,,p.109,p.110,,,,,,,,,,,,,,,,,,,,,,,,,,,,,p.111,p.112,p.113,,,,,,,,,,,,p.117,,,p.119,,,,,,,,,p.121,,,,,,,,p.124,,p.125,,,,,,,p.127,,,,,,,,,,,p.131,p.132,,,,,,,p.135,,,,,,,,,,,,p.979,p.137
110,p.98,p.99,p.100,,,,,,,,,,,,,p.977,,p.102,,,,,,,,,p.104,,,,p.105,p.106,,p.107,,,,,,,,,,,,p.108,,,,,,p.109,p.110,,,,,,,,,,,,,,,,,,,,,,,,,,,,,p.111,p.112,p.113,,,,,,,,,,,,p.117,,,p.119,,,,,,,,,p.121,,,,,,,,p.124,,p.125,,,,,,,p.127,,,,,,,,,,,p.131,p.132,,,,,,,p.135,,,,,,,,,,,,p.978,p.137
111,p.98,p.99,p.100,,,,,,,,,,,,,p.971,,p.102,,,,,,,,,p.104,,,,p.105,p.106,,p.107,,,,,,,,,,,,p.108,,,,,,p.109,p.110,,,,,,,,,,,,,,,,,,,,,,,,,,,,,p.111,p.112,p.113,,,,,,,,,,,,p.117,,,p.119,,,,,,,,,p.121,,,,,,,,p.124,,p.125,,,,,,,p.127,,,,,,,,,,,p.131,p.132,,,,,,,p.135,,,,,,,,,,,,p.972,p.137
112,r.-72.1.0,r.-72.1.0,r.-72.1.0,,,,,,,,,,,,,r.-72.1.0,,r.-72.1.0,,,,,,,,,r.-72.1.0,,,,r.-72.1.0,r.-72.1.0,,r.-72.1.0,,,,,,,,,,,,r.-72.1.0,,,,,,r.-72.1.0,r.-72.1.0,,,,,,,,,,,,,,,,,,,,,,,,,,,,,r.-72.1.0,r.-72.1.0,r.-72.1.0,,,,,,,,,,,,,,,,,,,,,,,,,,,,,,,,,,,,,,,,,,,,,,,,,,,,,,,,,,,,,,,,,,,,,,,,,
113,r.-72.1.0,r.-72.1.0,r.-72.1.0,,,,,,,,,,,,,r.-72.1.0,,r.-72.1.0,,,,,,,,,r.-72.1.0,,,,r.-72.1.0,r.-72.1.0,,r.-72.1.0,,,,,,,,,,,,r.-72.1.0,,,,,,r.-72.1.0,r.-72.1.0,,,,,,,,,,,,,,,,,,,,,,,,,,,,,r.-72.1.0,r.-72.1.0,r.-72.1.0,,,,,,,,,,,,,,,,,,,,,,,,,,,,,,,,,,,,,,,,,,,,,,,,,,,,,,,,,,,,,,,,,,,,,,,,,
114,p.143,p.144,r.-55.1.0,,,,,,,,,,,,,,,,,,r.-55.1.0,,,,r.-55.1.0,,,r.-55.1.0,r.-55.1.0,r.-55.1.0,,,r.-55.1.0,,,,,,,,,,,r.-55.1.0,r.-55.1.0,,,,,,,,,r.-55.1.0,r.-55.1.0,r.-55.1.0,r.-55.1.0,,,,r.-55.1.0,r.-55.1.0,,,,,,,,,,,,,,,,,,,,,,,,,,,,,,,,,,,,,,,,,,,,,,,,,,,,,,,,,,,,,,,,,,,,,,,,,,,,,,,,,,,,,,,,,,,,,,,
115,,,p.961,,,,,,,,,,,,,,,,,,r.-27.1.0,,,,r.-27.1.0,,,,,r.-27.1.0,,,r.-27.1.0,,,,,,,,,,,r.-27.1.0,r.-27.1.0,,,,,,,,,,,,,,,,,,,,,,,,,,,,,,,,,,,,,,,,,,,,,,,,,,,,,,,,,,,,,,,,,,,,,,,,,,,,,,,,,,,,,,,,,,,,,,,,,,,,,,,,,,,,,,,,
116,r.-46.1.0,r.-46.1.0,r.-46.1.0,,,,,,,,,,,,,,,,,,r.-46.1.0,,,,r.-46.1.0,,,r.-46.1.0,r.-46.1.0,r.-46.1.0,,,r.-46.1.0,,,,,,,,,,,r.-46.1.0,r.-46.1.0,r.-46.1.0,r.-46.1.0,r.-46.1.0,,,,,,r.-46.1.0,r.-46.1.0,r.-46.1.0,r.-46.1.0,,,,r.-46.1.0,r.-46.1.0,,,,,,,,,,,,,,,,,,,,,,,,,,,,,,,,,,,,,,,,,,,,,,,,,,,,,,,,,,,,,,,,,,,,,,,,,,,,,,,,,,,,,,,,,,,,,,,
117,r.-14.1.0,r.-14.1.0,r.-14.1.0,,,,,,,,,,,,,r.-14.1.0,,,,,r.-14.1.0,,,r.-14.1.0,r.-14.1.0,,,r.-14.1.0,r.-14.1.0,r.-14.1.0,,,r.-14.1.0,,,,,,,,,,,r.-14.1.0,r.-14.1.0,r.-14.1.0,r.-14.1.0,r.-14.1.0,,r.-14.1.0,r.-14.1.0,r.-14.1.0,r.-14.1.0,r.-14.1.0,r.-14.1.0,r.-14.1.0,r.-14.1.0,,,,r.-14.1.0,r.-14.1.0,,,,,,,,,,,,,,,,,,,,,,,,,,,,,,,,,,,,,,,,,,,,,,,,,,,,,,,,,,,,,,,,,,,,,,,,,,,,,,,,,,,,,,,,,,,,,,,
118,,,,,,,,,,,,,,,,,,,,,,,,,r.-15.1.0,,,,,,,,,,,,,,,,,,,,,,,,,,,,,,,,,,,,,,,,,,,,,,,,,,,,,,,,,,,,,,,,,,,,,,,,,,,,,,,,,,,,,,,,,,,,,,,,,,,,,,,,,,,,,,,,,,,,,,,,,,,,,,,,,,,,
119,r.-52.1.0,r.-52.1.0,r.-52.1.0,,,,,,,,,,,,,r.-52.1.0,,,,,r.-52.1.0,,,r.-52.1.0,r.-52.1.0,,,r.-52.1.0,r.-52.1.0,r.-52.1.0,,,r.-52.1.0,,,,,,,,,,,r.-52.1.0,r.-52.1.0,r.-52.1.0,r.-52.1.0,r.-52.1.0,,r.-52.1.0,r.-52.1.0,r.-52.1.0,r.-52.1.0,r.-52.1.0,r.-52.1.0,r.-52.1.0,r.-52.1.0,,,,r.-52.1.0,r.-52.1.0,,,,,,,,,,,,,,,,,,,,,,,,,,,,,,,,,,,,,,,,,,,,,,,,,,,,,,,,,,,,,,,,,,,,,,,,,,,,,,,,,,,,,,,,,,,,,,,
120,,,,,,,,,,,,,,,,,,,,,,,,,p.970,,,,,,,,,,,,,,,,,,,,,,,,,,,,,,,,,,,,,,,,,,,,,,,,,,,,,,,,,,,,,,,,,,,,,,,,,,,,,,,,,,,,,,,,,,,,,,,,,,,,,,,,,,,,,,,,,,,,,,,,,,,,,,,,,,,,
121,r.-14.1.0,r.-14.1.0,r.-14.1.0,,,,,,,,,,,,,r.-14.1.0,,,,,r.-14.1.0,,,r.-14.1.0,r.-14.1.0,,,r.-14.1.0,r.-14.1.0,r.-14.1.0,,,r.-14.1.0,,,,,,,,,,,r.-14.1.0,r.-14.1.0,r.-14.1.0,r.-14.1.0,r.-14.1.0,,r.-14.1.0,r.-14.1.0,r.-14.1.0,r.-14.1.0,r.-14.1.0,r.-14.1.0,r.-14.1.0,r.-14.1.0,,,,r.-14.1.0,r.-14.1.0,,,,,,,,,,,,,,,,,,,,,,,,,,,,,,,,,,,,,,,,,,,,,,,,,,,,,,,,,,,,,,,,,,,,,,,,,,,,,,,,,,,,,,,,,,,,,,,
122,,,r.-4.1.0,,,,,,,,,,,,,,,,,,r.-4.1.0,,,,r.-4.1.0,,,p.963,p.964,r.-4.1.0,,,r.-4.1.0,,,,,,,,,,,r.-4.1.0,r.-4.1.0,,,,,,,,,,,,,,,,,,,,,,,,,,,,,,,,,,,,,,,,,,,,,,,,,,,,,,,,,,,,,,,,,,,,,,,,,,,,,,,,,,,,,,,,,,,,,,,,,,,,,,,,,,,,,,,,
123,,,,,,,,,,,,,,,,,,,,,r.-35.1.0,,,,r.-35.1.0,,,,,p.959,,,r.-35.1.0,,,,,,,,,,,r.-35.1.0,r.-35.1.0,,,,,,,,,,,,,,,,,,,,,,,,,,,,,,,,,,,,,,,,,,,,,,,,,,,,,,,,,,,,,,,,,,,,,,,,,,,,,,,,,,,,,,,,,,,,,,,,,,,,,,,,,,,,,,,,
124,r.-14.1.0,r.-14.1.0,r.-14.1.0,,,,,,,,,,,,,r.-14.1.0,,,,,r.-14.1.0,,,r.-14.1.0,r.-14.1.0,,,r.-14.1.0,r.-14.1.0,r.-14.1.0,,,r.-14.1.0,,,,,,,,,,,r.-14.1.0,r.-14.1.0,r.-14.1.0,r.-14.1.0,r.-14.1.0,,r.-14.1.0,r.-14.1.0,r.-14.1.0,r.-14.1.0,r.-14.1.0,r.-14.1.0,r.-14.1.0,r.-14.1.0,,,,r.-14.1.0,r.-14.1.0,,,,,,,,,,,,,,,,,,,,,,,,,,,,,,,,,,,,,,,,,,,,,,,,,,,,,,,,,,,,,,,,,,,,,,,,,,,,,,,,,,,,,,,,,,,,,,,
125,r.-52.1.0,r.-52.1.0,r.-52.1.0,,,,,,,,,,,,,r.-52.1.0,,,,,r.-52.1.0,,,r.-52.1.0,r.-52.1.0,,,r.-52.1.0,r.-52.1.0,r.-52.1.0,,,r.-52.1.0,,,,,,,,,,,r.-52.1.0,r.-52.1.0,r.-52.1.0,r.-52.1.0,r.-52.1.0,,r.-52.1.0,r.-52.1.0,r.-52.1.0,r.-52.1.0,r.-52.1.0,r.-52.1.0,r.-52.1.0,r.-52.1.0,,,,r.-52.1.0,r.-52.1.0,,,,,,,,,,,,,,,,,,,,,,,,,,,,,,,,,,,,,,,,,,,,,,,,,,,,,,,,,,,,,,,,,,,,,,,,,,,,,,,,,,,,,,,,,,,,,,,
126,,,,,,,,,,,,,,,,,,,,,r.-44.1.0,,,,r.-44.1.0,,,,,,,,p.957,,,,,,,,,,,r.-44.1.0,r.-44.1.0,,,,,,,,,,,,,,,,,,,,,,,,,,,,,,,,,,,,,,,,,,,,,,,,,,,,,,,,,,,,,,,,,,,,,,,,,,,,,,,,,,,,,,,,,,,,,,,,,,,,,,,,,,,,,,,,
127,r.-14.1.0,r.-14.1.0,r.-14.1.0,,,,,,,,,,,,,r.-14.1.0,,,,,r.-14.1.0,,,r.-14.1.0,r.-14.1.0,,,r.-14.1.0,r.-14.1.0,r.-14.1.0,,,r.-14.1.0,,,,,,,,,,,r.-14.1.0,r.-14.1.0,r.-14.1.0,r.-14.1.0,r.-14.1.0,,r.-14.1.0,r.-14.1.0,r.-14.1.0,r.-14.1.0,r.-14.1.0,r.-14.1.0,r.-14.1.0,r.-14.1.0,,,,r.-14.1.0,r.-14.1.0,,,,,,,,,,,,,,,,,,,,,,,,,,,,,,,,,,,,,,,,,,,,,,,,,,,,,,,,,,,,,,,,,,,,,,,,,,,,,,,,,,,,,,,,,,,,,,,
128,,,,,,,,,,,,,,,,,,,,,r.-45.1.0,,,,r.-45.1.0,,,,,,,,,,,,,,,,,,,p.955,r.-45.1.0,,,,,,,,,,,,,,,,,,,,,,,,,,,,,,,,,,,,,,,,,,,,,,,,,,,,,,,,,,,,,,,,,,,,,,,,,,,,,,,,,,,,,,,,,,,,,,,,,,,,,,,,,,,,,,,,
129,,,,,,,,,,,,,,,,,,,,,p.952,,,,r.-13.1.0,,,,,,,,,,,,,,,,,,,,p.953,,,,,,,,,,,,,,,,,,,,,,,,,,,,,,,,,,,,,,,,,,,,,,,,,,,,,,,,,,,,,,,,,,,,,,,,,,,,,,,,,,,,,,,,,,,,,,,,,,,,,,,,,,,,,,,,
130,r.-3.1.0,r.-3.1.0,r.-3.1.0,,,,,,,,,,,,,,,,,,r.-3.1.0,,,,r.-3.1.0,,,r.-3.1.0,r.-3.1.0,r.-3.1.0,,,r.-3.1.0,,,,,,,,,,,r.-3.1.0,r.-3.1.0,p.146,p.147,p.148,,,,,,r.-3.1.0,r.-3.1.0,r.-3.1.0,r.-3.1.0,,,,r.-3.1.0,r.-3.1.0,,,,,,,,,,,,,,,,,,,,,,,,,,,,,,,,,,,,,,,,,,,,,,,,,,,,,,,,,,,,,,,,,,,,,,,,,,,,,,,,,,,,,,,,,,,,,,,
131,r.-71.1.0,r.-71.1.0,r.-71.1.0,,,,,,,,,,,,,p.162,,,,,r.-71.1.0,,,p.163,r.-71.1.0,,,r.-71.1.0,r.-71.1.0,r.-71.1.0,,,r.-71.1.0,,,,,,,,,,,r.-71.1.0,r.-71.1.0,r.-71.1.0,r.-71.1.0,r.-71.1.0,,p.164,p.165,p.166,p.167,r.-71.1.0,r.-71.1.0,r.-71.1.0,r.-71.1.0,,,,r.-71.1.0,r.-71.1.0,,,,,,,,,,,,,,,,,,,,,,,,,,,,,,,,,,,,,,,,,,,,,,,,,,,,,,,,,,,,,,,,,,,,,,,,,,,,,,,,,,,,,,,,,,,,,,,
132,r.-51.1.0,r.-51.1.0,r.-51.1.0,,,,,,,,,,,,,r.-51.1.0,,,,,r.-51.1.0,,,r.-51.1.0,r.-51.1.0,,,r.-51.1.0,r.-51.1.0,r.-51.1.0,,,r.-51.1.0,,,,,,,,,,,r.-51.1.0,r.-51.1.0,r.-51.1.0,r.-51.1.0,r.-51.1.0,,r.-51.1.0,r.-51.1.0,r.-51.1.0,r.-51.1.0,r.-51.1.0,r.-51.1.0,r.-51.1.0,r.-51.1.0,,,,r.-51.1.0,r.-51.1.0,,,,,,,,,,,,,,,,,,,,,,,,,,,,,,,,,,,,,,,,,,,,,,,,,,,,,,,,,,,,,,,,,,,,,,,,,,,,,,,,,,,,,,,,,,,,,,,
133,,,r.-26.1.0,,,,,,,,,,,,,,,,,,r.-26.1.0,,,,r.-26.1.0,,,r.-26.1.0,r.-26.1.0,r.-26.1.0,,,r.-26.1.0,,,,,,,,,,,r.-26.1.0,r.-26.1.0,,,,,,,,,p.154,p.155,p.156,p.157,,,,,,,,,,,,,,,,,,,,,,,,,,,,,,,,,,,,,,,,,,,,,,,,,,,,,,,,,,,,,,,,,,,,,,,,,,,,,,,,,,,,,,,,,,,,,,,,,,,,
134,,,r.-53.1.0,,,,,,,,,,,,,,,,,,r.-53.1.0,,,,r.-53.1.0,,,r.-53.1.0,r.-53.1.0,r.-53.1.0,,,r.-53.1.0,,,,,,,,,,,r.-53.1.0,r.-53.1.0,,,,,,,,,r.-53.1.0,r.-53.1.0,r.-53.1.0,r.-53.1.0,,,,p.140,p.141,,,,,,,,,,,,,,,,,,,,,,,,,,,,,,,,,,,,,,,,,,,,,,,,,,,,,,,,,,,,,,,,,,,,,,,,,,,,,,,,,,,,,,,,,,,,,,,
135,r.-52.1.0,r.-52.1.0,r.-52.1.0,,,,,,,,,,,,,r.-52.1.0,,p.139,,,r.-52.1.0,,,r.-52.1.0,r.-52.1.0,,,r.-52.1.0,r.-52.1.0,r.-52.1.0,,,r.-52.1.0,,,,,,,,,,,r.-52.1.0,r.-52.1.0,r.-52.1.0,r.-52.1.0,r.-52.1.0,,r.-52.1.0,r.-52.1.0,r.-52.1.0,r.-52.1.0,r.-52.1.0,r.-52.1.0,r.-52.1.0,r.-52.1.0,,,,r.-52.1.0,r.-52.1.0,,,,,,,,,,,,,,,,,,,,,,,,,,,,,,,,,,,,,,,,,,,,,,,,,,,,,,,,,,,,,,,,,,,,,,,,,,,,,,,,,,,,,,,,,,,,,,,
136,r.-10.1.0,r.-10.1.0,r.-10.1.0,,,,,,,,,,,,,,,,,,r.-10.1.0,,,,r.-10.1.0,,,r.-10.1.0,r.-10.1.0,r.-10.1.0,,,r.-10.1.0,,,,,,,,,,,r.-10.1.0,r.-10.1.0,r.-10.1.0,r.-10.1.0,r.-10.1.0,,,,,,r.-10.1.0,r.-10.1.0,r.-10.1.0,r.-10.1.0,,,,r.-10.1.0,r.-10.1.0,,,,,,,,,,,,,,,,,,,,,,,,,,,,,,,,,,,,,,,,,,,,,,,,,,,,,,,,,,,,,,,,,,,,,,,,,,,,,,,,,,,,,,,,,,,,,,,
137,p.98,p.99,p.100,,,,,,,,,,,,,p.101,,p.102,,,,,,,,,p.104,,,,p.105,p.106,,p.107,,,,,,,,,,,,p.108,,,,,,p.109,p.110,,,,,,,,,,,,,,,,,,,,,,,,,,,,,p.111,p.112,p.113,,,,,,,,,,,p.138,p.117,,,p.119,,,,,,,,,p.121,,,,,,,,p.124,,p.125,,,,,,,p.127,,,,,,,,,,,p.131,p.132,,,,,,,p.135,,,,,,,,,,,,p.136,p.137
138,r.-71.2.0,r.-71.2.0,r.-71.2.0,,,,,,,,,,,,,,,,,,r.-71.2.0,,,,r.-71.2.0,,,r.-71.2.0,r.-71.2.0,r.-71.2.0,,,r.-71.2.0,,,,,,,,,,,r.-71.2.0,r.-71.2.0,r.-71.2.0,r.-71.2.0,r.-71.2.0,,,,,,r.-71.2.0,r.-71.2.0,r.-71.2.0,r.-71.2.0,,,,r.-71.2.0,r.-71.2.0,,,,,,,,,,,,,,,,,,,,,,,,,,,,,,,,,,,,,,,,,,,,,,,,,,,,,,,,,,,,,,,,,,,,,,,,,,,,,,,,,,,,,,,,,,,,,,,
139,r.-59.2.0,r.-59.2.0,r.-59.2.0,,,,,,,,,,,,,r.-59.2.0,,r.-59.2.0,,,r.-59.2.0,,,r.-59.2.0,r.-59.2.0,,,r.-59.2.0,r.-59.2.0,r.-59.2.0,,,r.-59.2.0,,,,,,,,,,,r.-59.2.0,r.-59.2.0,r.-59.2.0,r.-59.2.0,r.-59.2.0,,r.-59.2.0,r.-59.2.0,r.-59.2.0,r.-59.2.0,r.-59.2.0,r.-59.2.0,r.-59.2.0,r.-59.2.0,,,,r.-59.2.0,r.-59.2.0,,,,,,,,,,,,,,,,,,,,,,,,,,,,,,,,,,,,,,,,,,,,,,,,,,,,,,,,,,,,,,,,,,,,,,,,,,,,,,,,,,,,,,,,,,,,,,,
140,p.98,p.99,p.100,,,,,,,,,,,,,p.101,,p.102,,,,,,,,,p.104,,,,p.105,p.106,,p.107,,,,,,,,,,,,p.108,,,,,,p.109,p.110,,,,,,,,,,,,,,,,,,,,,,,,,,,,,p.111,p.112,p.113,,,,p.153,,,,,,,p.116,p.117,,,p.119,,,,,,,,,p.121,,,,,,,,p.124,,p.125,,,,,,,p.127,,,,,,p.130,,,,,p.131,p.132,,,,,,,p.135,,,,,,,,,,,,p.136,p.137
141,p.98,p.99,p.100,,,,,,,,,,,,,p.101,,p.102,,,,,,,,,p.104,,,,p.105,p.106,,p.107,,,,,,,,,,,,p.108,,,,,,p.109,p.110,,,,,,,,,,,,,,,,,,,,,,,,,,,,,p.111,p.112,p.113,,,,p.142,,,,,,,p.116,p.117,,,p.119,,,,,,,,,p.121,,,,,,,,p.124,,p.125,,,,,,,p.127,,,,,,p.130,,,,,p.131,p.132,,,,,,,p.135,,,,,,,,,,,,p.136,p.137
142,p.143,p.144,r.-55.3.0,,,,,,,,,,,,,,,,,,r.-55.3.0,,,,r.-55.3.0,,,r.-55.3.0,r.-55.3.0,r.-55.3.0,,,r.-55.3.0,,,,,,,,,,,r.-55.3.0,r.-55.3.0,,,,,,,,,r.-55.3.0,r.-55.3.0,r.-55.3.0,r.-55.3.0,,,,r.-55.3.0,r.-55.3.0,,,,,,,,,,,,,,,,,,,,,,,,,,,,,,,,,,,,,,,,,,,,,,,,,,,,,,,,,,,,,,,,,,,,,,,,,,,,,,,,,,,,,,,,,,,,,,,
143,p.98,p.99,p.100,,,,,,,,,,,,,p.101,,p.102,,,,,,,,,p.104,,,,p.105,p.106,,p.107,,,,,,,,,,,,p.108,,,,,,p.109,p.110,,,,,,,,,,,,,,,,,,,,,,,,,,,,,p.111,p.112,p.113,,,,,,,,,,,p.116,p.117,,,p.119,,,,,,,,,p.121,,,,,,,,p.124,,p.125,,,,,,,p.127,,,,,,p.152,,,,,p.131,p.132,,,,,,,p.135,,,,,,,,,,,,p.136,p.137
144,p.98,p.99,p.100,,,,,,,,,,,,,p.101,,p.102,,,,,,,,,p.104,,,,p.105,p.106,,p.107,,,,,,,,,,,,p.108,,,,,,p.109,p.110,,,,,,,,,,,,,,,,,,,,,,,,,,,,,p.111,p.112,p.113,,,,,,,,,,,p.116,p.117,,,p.119,,,,,,,,,p.121,,,,,,,,p.124,,p.125,,,,,,,p.127,,,,,,p.145,,,,,p.131,p.132,,,,,,,p.135,,,,,,,,,,,,p.136,p.137
145,r.-3.3.0,r.-3.3.0,r.-3.3.0,,,,,,,,,,,,,,,,,,r.-3.3.0,,,,r.-3.3.0,,,r.-3.3.0,r.-3.3.0,r.-3.3.0,,,r.-3.3.0,,,,,,,,,,,r.-3.3.0,r.-3.3.0,p.146,p.147,p.148,,,,,,r.-3.3.0,r.-3.3.0,r.-3.3.0,r.-3.3.0,,,,r.-3.3.0,r.-3.3.0,,,,,,,,,,,,,,,,,,,,,,,,,,,,,,,,,,,,,,,,,,,,,,,,,,,,,,,,,,,,,,,,,,,,,,,,,,,,,,,,,,,,,,,,,,,,,,,
146,p.98,p.99,p.100,,,,,,,,,,,,,p.101,,p.102,,,,,,,,,p.104,,,,p.105,p.106,,p.107,,,,,,,,,,,,p.108,,,,,,p.109,p.110,,,,,,,,,,,,,,,,,,,,,,,,,,,,,p.111,p.112,p.113,,,,,,,,,,,p.151,p.117,,,p.119,,,,,,,,,p.121,,,,,,,,p.124,,p.125,,,,,,,p.127,,,,,,,,,,,p.131,p.132,,,,,,,p.135,,,,,,,,,,,,p.136,p.137
147,p.98,p.99,p.100,,,,,,,,,,,,,p.101,,p.102,,,,,,,,,p.104,,,,p.105,p.106,,p.107,,,,,,,,,,,,p.108,,,,,,p.109,p.110,,,,,,,,,,,,,,,,,,,,,,,,,,,,,p.111,p.112,p.113,,,,,,,,,,,p.150,p.117,,,p.119,,,,,,,,,p.121,,,,,,,,p.124,,p.125,,,,,,,p.127,,,,,,,,,,,p.131,p.132,,,,,,,p.135,,,,,,,,,,,,p.136,p.137
148,p.98,p.99,p.100,,,,,,,,,,,,,p.101,,p.102,,,,,,,,,p.104,,,,p.105,p.106,,p.107,,,,,,,,,,,,p.108,,,,,,p.109,p.110,,,,,,,,,,,,,,,,,,,,,,,,,,,,,p.111,p.112,p.113,,,,,,,,,,,p.149,p.117,,,p.119,,,,,,,,,p.121,,,,,,,,p.124,,p.125,,,,,,,p.127,,,,,,,,,,,p.131,p.132,,,,,,,p.135,,,,,,,,,,,,p.136,p.137
149,r.-46.3.0,r.-46.3.0,r.-46.3.0,,,,,,,,,,,,,,,,,,r.-46.3.0,,,,r.-46.3.0,,,r.-46.3.0,r.-46.3.0,r.-46.3.0,,,r.-46.3.0,,,,,,,,,,,r.-46.3.0,r.-46.3.0,r.-46.3.0,r.-46.3.0,r.-46.3.0,,,,,,r.-46.3.0,r.-46.3.0,r.-46.3.0,r.-46.3.0,,,,r.-46.3.0,r.-46.3.0,,,,,,,,,,,,,,,,,,,,,,,,,,,,,,,,,,,,,,,,,,,,,,,,,,,,,,,,,,,,,,,,,,,,,,,,,,,,,,,,,,,,,,,,,,,,,,,
150,r.-46.3.0,r.-46.3.0,r.-46.3.0,,,,,,,,,,,,,,,,,,r.-46.3.0,,,,r.-46.3.0,,,r.-46.3.0,r.-46.3.0,r.-46.3.0,,,r.-46.3.0,,,,,,,,,,,r.-46.3.0,r.-46.3.0,r.-46.3.0,r.-46.3.0,r.-46.3.0,,,,,,r.-46.3.0,r.-46.3.0,r.-46.3.0,r.-46.3.0,,,,r.-46.3.0,r.-46.3.0,,,,,,,,,,,,,,,,,,,,,,,,,,,,,,,,,,,,,,,,,,,,,,,,,,,,,,,,,,,,,,,,,,,,,,,,,,,,,,,,,,,,,,,,,,,,,,,
151,r.-46.3.0,r.-46.3.0,r.-46.3.0,,,,,,,,,,,,,,,,,,r.-46.3.0,,,,r.-46.3.0,,,r.-46.3.0,r.-46.3.0,r.-46.3.0,,,r.-46.3.0,,,,,,,,,,,r.-46.3.0,r.-46.3.0,r.-46.3.0,r.-46.3.0,r.-46.3.0,,,,,,r.-46.3.0,r.-46.3.0,r.-46.3.0,r.-46.3.0,,,,r.-46.3.0,r.-46.3.0,,,,,,,,,,,,,,,,,,,,,,,,,,,,,,,,,,,,,,,,,,,,,,,,,,,,,,,,,,,,,,,,,,,,,,,,,,,,,,,,,,,,,,,,,,,,,,,
152,r.-3.3.0,r.-3.3.0,r.-3.3.0,,,,,,,,,,,,,,,,,,r.-3.3.0,,,,r.-3.3.0,,,r.-3.3.0,r.-3.3.0,r.-3.3.0,,,r.-3.3.0,,,,,,,,,,,r.-3.3.0,r.-3.3.0,p.146,p.147,p.148,,,,,,r.-3.3.0,r.-3.3.0,r.-3.3.0,r.-3.3.0,,,,r.-3.3.0,r.-3.3.0,,,,,,,,,,,,,,,,,,,,,,,,,,,,,,,,,,,,,,,,,,,,,,,,,,,,,,,,,,,,,,,,,,,,,,,,,,,,,,,,,,,,,,,,,,,,,,,
153,p.143,p.144,r.-55.3.0,,,,,,,,,,,,,,,,,,r.-55.3.0,,,,r.-55.3.0,,,r.-55.3.0,r.-55.3.0,r.-55.3.0,,,r.-55.3.0,,,,,,,,,,,r.-55.3.0,r.-55.3.0,,,,,,,,,r.-55.3.0,r.-55.3.0,r.-55.3.0,r.-55.3.0,,,,r.-55.3.0,r.-55.3.0,,,,,,,,,,,,,,,,,,,,,,,,,,,,,,,,,,,,,,,,,,,,,,,,,,,,,,,,,,,,,,,,,,,,,,,,,,,,,,,,,,,,,,,,,,,,,,,
154,p.98,p.99,p.100,,,,,,,,,,,,,p.101,,p.102,,,,,,,,,p.104,,,,p.105,p.106,,p.107,,,,,,,,,,,,p.108,,,,,,p.109,p.110,,,,,,,,,,,,,,,,,,,,,,,,,,,,,p.111,p.112,p.113,,,,p.114,,,,,,,p.116,p.117,,,p.119,,,,,,,,,p.121,,,,,,,,p.124,,p.125,,,,,,,p.127,,,,,,p.130,,,,,p.131,p.132,,,p.161,,,,p.135,,,,,,,,,,,,p.136,p.137
155,p.98,p.99,p.100,,,,,,,,,,,,,p.101,,p.102,,,,,,,,,p.104,,,,p.105,p.106,,p.107,,,,,,,,,,,,p.108,,,,,,p.109,p.110,,,,,,,,,,,,,,,,,,,,,,,,,,,,,p.111,p.112,p.113,,,,p.114,,,,,,,p.116,p.117,,,p.119,,,,,,,,,p.121,,,,,,,,p.124,,p.125,,,,,,,p.127,,,,,,p.130,,,,,p.131,p.132,,,p.160,,,,p.135,,,,,,,,,,,,p.136,p.137
156,p.98,p.99,p.100,,,,,,,,,,,,,p.101,,p.102,,,,,,,,,p.104,,,,p.105,p.106,,p.107,,,,,,,,,,,,p.108,,,,,,p.109,p.110,,,,,,,,,,,,,,,,,,,,,,,,,,,,,p.111,p.112,p.113,,,,p.114,,,,,,,p.116,p.117,,,p.119,,,,,,,,,p.121,,,,,,,,p.124,,p.125,,,,,,,p.127,,,,,,p.130,,,,,p.131,p.132,,,p.159,,,,p.135,,,,,,,,,,,,p.136,p.137
157,p.98,p.99,p.100,,,,,,,,,,,,,p.101,,p.102,,,,,,,,,p.104,,,,p.105,p.106,,p.107,,,,,,,,,,,,p.108,,,,,,p.109,p.110,,,,,,,,,,,,,,,,,,,,,,,,,,,,,p.111,p.112,p.113,,,,p.114,,,,,,,p.116,p.117,,,p.119,,,,,,,,,p.121,,,,,,,,p.124,,p.125,,,,,,,p.127,,,,,,p.130,,,,,p.131,p.132,,,p.158,,,,p.135,,,,,,,,,,,,p.136,p.137
158,,,r.-53.3.0,,,,,,,,,,,,,,,,,,r.-53.3.0,,,,r.-53.3.0,,,r.-53.3.0,r.-53.3.0,r.-53.3.0,,,r.-53.3.0,,,,,,,,,,,r.-53.3.0,r.-53.3.0,,,,,,,,,r.-53.3.0,r.-53.3.0,r.-53.3.0,r.-53.3.0,,,,p.140,p.141,,,,,,,,,,,,,,,,,,,,,,,,,,,,,,,,,,,,,,,,,,,,,,,,,,,,,,,,,,,,,,,,,,,,,,,,,,,,,,,,,,,,,,,,,,,,,,,
159,,,r.-53.3.0,,,,,,,,,,,,,,,,,,r.-53.3.0,,,,r.-53.3.0,,,r.-53.3.0,r.-53.3.0,r.-53.3.0,,,r.-53.3.0,,,,,,,,,,,r.-53.3.0,r.-53.3.0,,,,,,,,,r.-53.3.0,r.-53.3.0,r.-53.3.0,r.-53.3.0,,,,p.140,p.141,,,,,,,,,,,,,,,,,,,,,,,,,,,,,,,,,,,,,,,,,,,,,,,,,,,,,,,,,,,,,,,,,,,,,,,,,,,,,,,,,,,,,,,,,,,,,,,
160,,,r.-53.3.0,,,,,,,,,,,,,,,,,,r.-53.3.0,,,,r.-53.3.0,,,r.-53.3.0,r.-53.3.0,r.-53.3.0,,,r.-53.3.0,,,,,,,,,,,r.-53.3.0,r.-53.3.0,,,,,,,,,r.-53.3.0,r.-53.3.0,r.-53.3.0,r.-53.3.0,,,,p.140,p.141,,,,,,,,,,,,,,,,,,,,,,,,,,,,,,,,,,,,,,,,,,,,,,,,,,,,,,,,,,,,,,,,,,,,,,,,,,,,,,,,,,,,,,,,,,,,,,,
161,,,r.-53.3.0,,,,,,,,,,,,,,,,,,r.-53.3.0,,,,r.-53.3.0,,,r.-53.3.0,r.-53.3.0,r.-53.3.0,,,r.-53.3.0,,,,,,,,,,,r.-53.3.0,r.-53.3.0,,,,,,,,,r.-53.3.0,r.-53.3.0,r.-53.3.0,r.-53.3.0,,,,p.140,p.141,,,,,,,,,,,,,,,,,,,,,,,,,,,,,,,,,,,,,,,,,,,,,,,,,,,,,,,,,,,,,,,,,,,,,,,,,,,,,,,,,,,,,,,,,,,,,,,
162,p.98,p.99,p.100,,,,,,,,,,,,,p.207,p.949,p.208,,,,,,,,,p.210,,,,p.211,p.263,,p.213,,,,,,,,,,,,p.108,,,,,,p.214,p.215,,,,,,,,,,,,,,,,,,,,,,,,,,,,,p.228,p.112,p.113,,,,p.229,p.230,p.950,p.521,,,,p.232,p.233,,p.234,p.235,,,,,,,,,p.237,,,p.238,p.239,,,,p.241,,p.242,,p.243,,,,,p.244,,,,p.245,p.246,p.247,,,,,p.248,p.249,p.250,,p.251,,,,p.253,,,,,,,,,,,,p.260,p.261
163,p.98,p.99,p.100,,,,,,,,,,,,,p.170,,p.171,,,,,,,,,p.172,,,,p.173,p.174,,p.175,,,,,,,,,,,,p.108,,,,,,p.176,p.177,,,,,,,,,,,,,,,,,,,,,,,,,,,,,p.178,p.112,p.113,,,,p.179,p.180,,p.181,,,,p.182,p.183,,p.184,p.185,,,,,,,,,p.186,,,p.187,p.188,p.189,,,p.190,,p.191,,p.192,,,,,p.193,,,,p.194,p.195,p.196,,,,,p.197,p.198,p.199,,p.200,,,,p.201,,,,,,,,,,,,p.202,p.203
164,,,,,,,,,,,,,,,,,,,,,,,,,,,,,,,,p.106,,,,,,,,,,,,,,,,,,,,,,,,,,,,,,,,,,,,,,,,,,,,,,,,,,,,,,,,,,,,,,,,,,,,,,,,,,,,,,,,,,,,,,p.169,,,,,,,,,,,,,,,,,,,,,,,,,,,,,,,,,,,,,,,
165,,,,,,,,,,,,,,,,,,,,,,,,,,,,,,,,p.106,,,,,,,,,,,,,,,,,,,,,,,,,,,,,,,,,,,,,,,,,,,,,,,,,,,,,,,,,,,,,,,,,,,,,,,,,,,,,,,,,,,,,,p.168,,,,,,,,,,,,,,,,,,,,,,,,,,,,,,,,,,,,,,,
166,r.-51.2.0,r.-51.2.0,r.-51.2.0,,,,,,,,,,,,,r.-51.2.0,,,,,r.-51.2.0,,,r.-51.2.0,r.-51.2.0,,,r.-51.2.0,r.-51.2.0,r.-51.2.0,,,r.-51.2.0,,,,,,,,,,,r.-51.2.0,r.-51.2.0,r.-51.2.0,r.-51.2.0,r.-51.2.0,,r.-51.2.0,r.-51.2.0,r.-51.2.0,r.-51.2.0,r.-51.2.0,r.-51.2.0,r.-51.2.0,r.-51.2.0,,,,r.-51.2.0,r.-51.2.0,,,,,,,,,,,,,,,,,,,,,,,,,,,,,,,,,,,,,,,,,,,,,,,,,,,,,,,,,,,,,,,,,,,,,,,,,,,,,,,,,,,,,,,,,,,,,,,
167,r.-51.2.0,r.-51.2.0,r.-51.2.0,,,,,,,,,,,,,r.-51.2.0,,,,,r.-51.2.0,,,r.-51.2.0,r.-51.2.0,,,r.-51.2.0,r.-51.2.0,r.-51.2.0,,,r.-51.2.0,,,,,,,,,,,r.-51.2.0,r.-51.2.0,r.-51.2.0,r.-51.2.0,r.-51.2.0,,r.-51.2.0,r.-51.2.0,r.-51.2.0,r.-51.2.0,r.-51.2.0,r.-51.2.0,r.-51.2.0,r.-51.2.0,,,,r.-51.2.0,r.-51.2.0,,,,,,,,,,,,,,,,,,,,,,,,,,,,,,,,,,,,,,,,,,,,,,,,,,,,,,,,,,,,,,,,,,,,,,,,,,,,,,,,,,,,,,,,,,,,,,,
168,r.-51.3.0,r.-51.3.0,r.-51.3.0,,,,,,,,,,,,,r.-51.3.0,,,,,r.-51.3.0,,,r.-51.3.0,r.-51.3.0,,,r.-51.3.0,r.-51.3.0,r.-51.3.0,,,r.-51.3.0,,,,,,,,,,,r.-51.3.0,r.-51.3.0,r.-51.3.0,r.-51.3.0,r.-51.3.0,,r.-51.3.0,r.-51.3.0,r.-51.3.0,r.-51.3.0,r.-51.3.0,r.-51.3.0,r.-51.3.0,r.-51.3.0,,,,r.-51.3.0,r.-51.3.0,,,,,,,,,,,,,,,,,,,,,,,,,,,,,,,,,,,,,,,,,,,,,,,,,,,,,,,,,,,,,,,,,,,,,,,,,,,,,,,,,,,,,,,,,,,,,,,
169,r.-51.3.0,r.-51.3.0,r.-51.3.0,,,,,,,,,,,,,r.-51.3.0,,,,,r.-51.3.0,,,r.-51.3.0,r.-51.3.0,,,r.-51.3.0,r.-51.3.0,r.-51.3.0,,,r.-51.3.0,,,,,,,,,,,r.-51.3.0,r.-51.3.0,r.-51.3.0,r.-51.3.0,r.-51.3.0,,r.-51.3.0,r.-51.3.0,r.-51.3.0,r.-51.3.0,r.-51.3.0,r.-51.3.0,r.-51.3.0,r.-51.3.0,,,,r.-51.3.0,r.-51.3.0,,,,,,,,,,,,,,,,,,,,,,,,,,,,,,,,,,,,,,,,,,,,,,,,,,,,,,,,,,,,,,,,,,,,,,,,,,,,,,,,,,,,,,,,,,,,,,,
170,p.98,p.99,p.100,,,,,,,,,,,,,p.207,,p.208,,,,,,,,p.209,p.210,,,,p.211,p.212,,p.213,,,,,,,,,,,,p.108,,,,,,p.214,p.215,,,,,,,,,,,,,,,p.11,p.12,p.216,p.217,p.218,p.219,p.220,p.221,p.222,p.223,p.224,p.225,p.226,p.227,p.228,p.112,p.113,,,,p.229,p.230,,p.231,,,,p.232,p.233,,p.234,p.235,,,,,,,,p.236,p.237,,,p.238,p.239,p.240,,,p.241,,p.242,,p.243,,,,,p.244,,,,p.245,p.246,p.247,,,,,p.248,p.249,p.250,,p.251,p.252,,,p.253,,,,,p.254,p.255,p.898,p.257,,p.258,p.259,p.260,p.261
171,r.-59.1.0/r.-11.1.0,r.-59.1.0/r.-11.1.0,r.-11.1.0/r.-59.1.0,r.-11.1.0/r.-59.1.0,r.-59.1.0/r.-11.1.0,r.-59.1.0/r.-11.1.0,r.-11.1.0/r.-59.1.0,r.-59.1.0/r.-11.1.0,r.-11.1.0/r.-59.1.0,r.-11.1.0/r.-59.1.0,r.-11.1.0/r.-59.1.0,r.-59.1.0/r.-11.1.0,r.-11.1.0/r.-59.1.0,r.-59.1.0/r.-11.1.0,r.-11.1.0/r.-59.1.0,r.-59.1.0/r.-11.1.0,,r.-59.1.0,,,r.-11.1.0/r.-59.1.0,,,r.-11.1.0/r.-59.1.0,r.-59.1.0/r.-11.1.0,,,r.-59.1.0/r.-11.1.0,r.-11.1.0/r.-59.1.0,r.-59.1.0/r.-11.1.0,,,r.-11.1.0/r.-59.1.0,,,,,,,,,,,r.-59.1.0/r.-11.1.0,r.-59.1.0/r.-11.1.0,r.-59.1.0/r.-11.1.0,r.-11.1.0/r.-59.1.0,r.-11.1.0/r.-59.1.0,,r.-11.1.0/r.-59.1.0,r.-11.1.0/r.-59.1.0,r.-11.1.0/r.-59.1.0,r.-11.1.0/r.-59.1.0,r.-11.1.0/r.-59.1.0,r.-59.1.0/r.-11.1.0,r.-11.1.0/r.-59.1.0,r.-59.1.0/r.-11.1.0,,,,r.-59.1.0/r.-11.1.0,r.-59.1.0/r.-11.1.0,,,,,,,,,,,,,,,,,,,,,,,,,,,,,,,,,,,,,,,,,,,,,,,,,,,,,,,,,,,,,,,,,,,,,,,,,,,,,,,,,,,,,,,,,,,,,,,
172,r.-23.1.0,r.-23.1.0,r.-23.1.0,r.-23.1.0,r.-23.1.0,r.-23.1.0,r.-23.1.0,r.-23.1.0,r.-23.1.0,r.-23.1.0,r.-23.1.0,r.-23.1.0,r.-23.1.0,r.-23.1.0,r.-23.1.0,r.-23.1.0,,,,,r.-23.1.0,,,r.-23.1.0,r.-23.1.0,,,r.-23.1.0,r.-23.1.0,r.-23.1.0,,,r.-23.1.0,,,,,,,,,,,r.-23.1.0,r.-23.1.0,r.-23.1.0,r.-23.1.0,r.-23.1.0,,r.-23.1.0,r.-23.1.0,r.-23.1.0,r.-23.1.0,r.-23.1.0,r.-23.1.0,r.-23.1.0,r.-23.1.0,,,,r.-23.1.0,r.-23.1.0,,,,,,,,,,,,,,,,,,,,,,,,,,,,,,,,,,,,,,,,,,,,,,,,,,,,,,,,,,,,,,,,,,,,,,,,,,,,,,,,,,,,,,,,,,,,,,,
173,r.-31.1.0,r.-31.1.0,r.-31.1.0,r.-31.1.0,r.-31.1.0,r.-31.1.0,r.-31.1.0,r.-31.1.0,r.-31.1.0,r.-31.1.0,r.-31.1.0,r.-31.1.0,r.-31.1.0,r.-31.1.0,r.-31.1.0,r.-31.1.0,,,,,r.-31.1.0,,,r.-31.1.0,r.-31.1.0,,,r.-31.1.0,r.-31.1.0,r.-31.1.0,,,r.-31.1.0,,,,,,,,,,,r.-31.1.0,r.-31.1.0,r.-31.1.0,r.-31.1.0,r.-31.1.0,,r.-31.1.0,r.-31.1.0,r.-31.1.0,r.-31.1.0,r.-31.1.0,r.-31.1.0,r.-31.1.0,r.-31.1.0,,,,r.-31.1.0,r.-31.1.0,,,,,,,,,,,,,,,,,,,,,,,,,,,,,,,,,,,,,,,,,,,,,,,,,,,,,,,,,,,,,,,,,,,,,,,,,,,,,,,,,,,,,,,,,,,,,,,
174,r.-33.1.0,r.-33.1.0,r.-33.1.0,r.-33.1.0,r.-33.1.0,r.-33.1.0,r.-33.1.0,r.-33.1.0,r.-33.1.0,r.-33.1.0,r.-33.1.0,r.-33.1.0,r.-33.1.0,r.-33.1.0,r.-33.1.0,r.-33.1.0,,,,,r.-33.1.0,,,r.-33.1.0,r.-33.1.0,,,r.-33.1.0,r.-33.1.0,r.-33.1.0,,,r.-33.1.0,,,,,,,,,,,r.-33.1.0,r.-33.1.0,r.-33.1.0,r.-33.1.0,r.-33.1.0,,r.-33.1.0,r.-33.1.0,r.-33.1.0,r.-33.1.0,r.-33.1.0,r.-33.1.0,r.-33.1.0,r.-33.1.0,,,,r.-33.1.0,r.-33.1.0,,,,,,,,,,,,,,,,,,,,,,,,,,,,,,,,,,,,,,,,,,,,,,,,,,,,,,,,,,,,,,,,,,,,,,,,,,,,,,,,,,,,,,,,,,,,,,,
175,r.-40.1.0,r.-40.1.0,r.-40.1.0,r.-40.1.0,r.-40.1.0,r.-40.1.0,r.-40.1.0,r.-40.1.0,r.-40.1.0,r.-40.1.0,r.-40.1.0,r.-40.1.0,r.-40.1.0,r.-40.1.0,r.-40.1.0,r.-40.1.0,,,,,r.-40.1.0,,,r.-40.1.0,r.-40.1.0,,,r.-40.1.0,r.-40.1.0,r.-40.1.0,,,r.-40.1.0,,,,,,,,,,,r.-40.1.0,r.-40.1.0,r.-40.1.0,r.-40.1.0,r.-40.1.0,,r.-40.1.0,r.-40.1.0,r.-40.1.0,r.-40.1.0,r.-40.1.0,r.-40.1.0,r.-40.1.0,r.-40.1.0,,,,r.-40.1.0,r.-40.1.0,,,,,,,,,,,,,,,,,,,,,,,,,,,,,,,,,,,,,,,,,,,,,,,,,,,,,,,,,,,,,,,,,,,,,,,,,,,,,,,,,,,,,,,,,,,,,,,
176,p.98,p.99,p.100,,,,,,,,,,,,,p.946,,p.171,,,,,,,,,p.172,,,,p.173,p.174,,p.175,,,,,,,,,,,,p.108,,,,,,p.176,p.177,,,,,,,,,,,,,,,,,,,,,,,,,,,,,p.178,p.112,p.113,,,,,,,,,,,,p.183,,,p.185,,,,,,,,,p.186,,,,,,,,p.190,,p.191,,,,,,,p.193,,,,,,,,,,,p.197,p.198,,,,,,,p.201,,,,,,,,,,,,p.948,p.203
177,p.98,p.99,p.100,,,,,,,,,,,,,p.946,,p.171,,,,,,,,,p.172,,,,p.173,p.174,,p.175,,,,,,,,,,,,p.108,,,,,,p.176,p.177,,,,,,,,,,,,,,,,,,,,,,,,,,,,,p.178,p.112,p.113,,,,,,,,,,,,p.183,,,p.185,,,,,,,,,p.186,,,,,,,,p.190,,p.191,,,,,,,p.193,,,,,,,,,,,p.197,p.198,,,,,,,p.201,,,,,,,,,,,,p.947,p.203
178,p.98,p.99,p.100,,,,,,,,,,,,,p.942,,p.171,,,,,,,,,p.172,,,,p.173,p.174,,p.175,,,,,,,,,,,,p.108,,,,,,p.176,p.177,,,,,,,,,,,,,,,,,,,,,,,,,,,,,p.178,p.112,p.113,,,,,,,,,,,,p.183,,,p.185,,,,,,,,,p.186,,,,,,,,p.190,,p.191,,,,,,,p.193,,,,,,,,,,,p.197,p.198,,,,,,,p.201,,,,,,,,,,,,p.943,p.203
179,p.879,p.880,r.-55.1.0,r.-55.1.0,,,,,,,,,,,,,,,,,r.-55.1.0,,,,r.-55.1.0,,,r.-55.1.0,r.-55.1.0,r.-55.1.0,,,r.-55.1.0,,,,,,,,,,,r.-55.1.0,r.-55.1.0,,,,,,,,,r.-55.1.0,r.-55.1.0,r.-55.1.0,r.-55.1.0,,,,r.-55.1.0,r.-55.1.0,,,,,,,,,,,,,,,,,,,,,,,,,,,,,,,,,,,,,,,,,,,,,,,,,,,,,,,,,,,,,,,,,,,,,,,,,,,,,,,,,,,,,,,,,,,,,,,
180,,,p.932,r.-27.1.0,,,,,,,,,,,,,,,,,r.-27.1.0,,,,r.-27.1.0,,,,,r.-27.1.0,,,r.-27.1.0,,,,,,,,,,,r.-27.1.0,r.-27.1.0,,,,,,,,,,,,,,,,,,,,,,,,,,,,,,,,,,,,,,,,,,,,,,,,,,,,,,,,,,,,,,,,,,,,,,,,,,,,,,,,,,,,,,,,,,,,,,,,,,,,,,,,,,,,,,,,
181,,,,r.-28.1.0,,,,,,,,,,,,,,,,,,,,,r.-28.1.0,,,,,,,,,,,,,,,,,,,,,,,,,,,,,,,,,,,,,,,,,,,,,,,,,,,,,,,,,,,,,,,,,,,,,,,,,,,,,,,,,,,,,,,,,,,,,,,,,,,,,,,,,,,,,,,,,,,,,,,,,,,,,,,,,,,,
182,r.-46.1.0,r.-46.1.0,r.-46.1.0,r.-46.1.0,,,,,,,,,,,,,,,,,r.-46.1.0,,,,r.-46.1.0,,,r.-46.1.0,r.-46.1.0,r.-46.1.0,,,r.-46.1.0,,,,,,,,,,,r.-46.1.0,r.-46.1.0,r.-46.1.0,r.-46.1.0,r.-46.1.0,,,,,,r.-46.1.0,r.-46.1.0,r.-46.1.0,r.-46.1.0,,,,r.-46.1.0,r.-46.1.0,,,,,,,,,,,,,,,,,,,,,,,,,,,,,,,,,,,,,,,,,,,,,,,,,,,,,,,,,,,,,,,,,,,,,,,,,,,,,,,,,,,,,,,,,,,,,,,
183,r.-14.1.0,r.-14.1.0,r.-14.1.0,r.-14.1.0,r.-14.1.0,r.-14.1.0,r.-14.1.0,r.-14.1.0,r.-14.1.0,r.-14.1.0,r.-14.1.0,r.-14.1.0,r.-14.1.0,r.-14.1.0,r.-14.1.0,r.-14.1.0,,,,,r.-14.1.0,,,r.-14.1.0,r.-14.1.0,,,r.-14.1.0,r.-14.1.0,r.-14.1.0,,,r.-14.1.0,,,,,,,,,,,r.-14.1.0,r.-14.1.0,r.-14.1.0,r.-14.1.0,r.-14.1.0,,r.-14.1.0,r.-14.1.0,r.-14.1.0,r.-14.1.0,r.-14.1.0,r.-14.1.0,r.-14.1.0,r.-14.1.0,,,,r.-14.1.0,r.-14.1.0,,,,,,,,,,,,,,,,,,,,,,,,,,,,,,,,,,,,,,,,,,,,,,,,,,,,,,,,,,,,,,,,,,,,,,,,,,,,,,,,,,,,,,,,,,,,,,,
184,,,,r.-6.1.0,,,,,,,,,,,,,,,,,,,,,r.-6.1.0,,,,,,,,,,,,,,,,,,,,,,,,,,,,,,,,,,,,,,,,,,,,,,,,,,,,,,,,,,,,,,,,,,,,,,,,,,,,,,,,,,,,,,,,,,,,,,,,,,,,,,,,,,,,,,,,,,,,,,,,,,,,,,,,,,,,
185,r.-52.1.0,r.-52.1.0,r.-52.1.0,r.-52.1.0,r.-52.1.0,r.-52.1.0,r.-52.1.0,r.-52.1.0,r.-52.1.0,r.-52.1.0,r.-52.1.0,r.-52.1.0,r.-52.1.0,r.-52.1.0,r.-52.1.0,r.-52.1.0,,,,,r.-52.1.0,,,r.-52.1.0,r.-52.1.0,,,r.-52.1.0,r.-52.1.0,r.-52.1.0,,,r.-52.1.0,,,,,,,,,,,r.-52.1.0,r.-52.1.0,r.-52.1.0,r.-52.1.0,r.-52.1.0,,r.-52.1.0,r.-52.1.0,r.-52.1.0,r.-52.1.0,r.-52.1.0,r.-52.1.0,r.-52.1.0,r.-52.1.0,,,,r.-52.1.0,r.-52.1.0,,,,,,,,,,,,,,,,,,,,,,,,,,,,,,,,,,,,,,,,,,,,,,,,,,,,,,,,,,,,,,,,,,,,,,,,,,,,,,,,,,,,,,,,,,,,,,,
186,r.-14.1.0,r.-14.1.0,r.-14.1.0,r.-14.1.0,r.-14.1.0,r.-14.1.0,r.-14.1.0,r.-14.1.0,r.-14.1.0,r.-14.1.0,r.-14.1.0,r.-14.1.0,r.-14.1.0,r.-14.1.0,r.-14.1.0,r.-14.1.0,,,,,r.-14.1.0,,,r.-14.1.0,r.-14.1.0,,,r.-14.1.0,r.-14.1.0,r.-14.1.0,,,r.-14.1.0,,,,,,,,,,,r.-14.1.0,r.-14.1.0,r.-14.1.0,r.-14.1.0,r.-14.1.0,,r.-14.1.0,r.-14.1.0,r.-14.1.0,r.-14.1.0,r.-14.1.0,r.-14.1.0,r.-14.1.0,r.-14.1.0,,,,r.-14.1.0,r.-14.1.0,,,,,,,,,,,,,,,,,,,,,,,,,,,,,,,,,,,,,,,,,,,,,,,,,,,,,,,,,,,,,,,,,,,,,,,,,,,,,,,,,,,,,,,,,,,,,,,
187,,,r.-4.1.0,r.-4.1.0,,,,,,,,,,,,,,,,,r.-4.1.0,,,,r.-4.1.0,,,p.934,p.935,r.-4.1.0,,,r.-4.1.0,,,,,,,,,,,r.-4.1.0,r.-4.1.0,,,,,,,,,,,,,,,,,,,,,,,,,,,,,,,,,,,,,,,,,,,,,,,,,,,,,,,,,,,,,,,,,,,,,,,,,,,,,,,,,,,,,,,,,,,,,,,,,,,,,,,,,,,,,,,,
188,,,,r.-35.1.0,,,,,,,,,,,,,,,,,r.-35.1.0,,,,r.-35.1.0,,,,,p.930,,,r.-35.1.0,,,,,,,,,,,r.-35.1.0,r.-35.1.0,,,,,,,,,,,,,,,,,,,,,,,,,,,,,,,,,,,,,,,,,,,,,,,,,,,,,,,,,,,,,,,,,,,,,,,,,,,,,,,,,,,,,,,,,,,,,,,,,,,,,,,,,,,,,,,,
189,,,,p.516,,,,,,,,,,,,,,,,,,,,,p.941,,,,,,,,,,,,,,,,,,,,,,,,,,,,,,,,,,,,,,,,,,,,,,,,,,,,,,,,,,,,,,,,,,,,,,,,,,,,,,,,,,,,,,,,,,,,,,,,,,,,,,,,,,,,,,,,,,,,,,,,,,,,,,,,,,,,
190,r.-14.1.0,r.-14.1.0,r.-14.1.0,r.-14.1.0,r.-14.1.0,r.-14.1.0,r.-14.1.0,r.-14.1.0,r.-14.1.0,r.-14.1.0,r.-14.1.0,r.-14.1.0,r.-14.1.0,r.-14.1.0,r.-14.1.0,r.-14.1.0,,,,,r.-14.1.0,,,r.-14.1.0,r.-14.1.0,,,r.-14.1.0,r.-14.1.0,r.-14.1.0,,,r.-14.1.0,,,,,,,,,,,r.-14.1.0,r.-14.1.0,r.-14.1.0,r.-14.1.0,r.-14.1.0,,r.-14.1.0,r.-14.1.0,r.-14.1.0,r.-14.1.0,r.-14.1.0,r.-14.1.0,r.-14.1.0,r.-14.1.0,,,,r.-14.1.0,r.-14.1.0,,,,,,,,,,,,,,,,,,,,,,,,,,,,,,,,,,,,,,,,,,,,,,,,,,,,,,,,,,,,,,,,,,,,,,,,,,,,,,,,,,,,,,,,,,,,,,,
191,r.-52.1.0,r.-52.1.0,r.-52.1.0,r.-52.1.0,r.-52.1.0,r.-52.1.0,r.-52.1.0,r.-52.1.0,r.-52.1.0,r.-52.1.0,r.-52.1.0,r.-52.1.0,r.-52.1.0,r.-52.1.0,r.-52.1.0,r.-52.1.0,,,,,r.-52.1.0,,,r.-52.1.0,r.-52.1.0,,,r.-52.1.0,r.-52.1.0,r.-52.1.0,,,r.-52.1.0,,,,,,,,,,,r.-52.1.0,r.-52.1.0,r.-52.1.0,r.-52.1.0,r.-52.1.0,,r.-52.1.0,r.-52.1.0,r.-52.1.0,r.-52.1.0,r.-52.1.0,r.-52.1.0,r.-52.1.0,r.-52.1.0,,,,r.-52.1.0,r.-52.1.0,,,,,,,,,,,,,,,,,,,,,,,,,,,,,,,,,,,,,,,,,,,,,,,,,,,,,,,,,,,,,,,,,,,,,,,,,,,,,,,,,,,,,,,,,,,,,,,
192,,,,r.-44.1.0,,,,,,,,,,,,,,,,,r.-44.1.0,,,,r.-44.1.0,,,,,,,,p.928,,,,,,,,,,,r.-44.1.0,r.-44.1.0,,,,,,,,,,,,,,,,,,,,,,,,,,,,,,,,,,,,,,,,,,,,,,,,,,,,,,,,,,,,,,,,,,,,,,,,,,,,,,,,,,,,,,,,,,,,,,,,,,,,,,,,,,,,,,,,
193,r.-14.1.0,r.-14.1.0,r.-14.1.0,r.-14.1.0,r.-14.1.0,r.-14.1.0,r.-14.1.0,r.-14.1.0,r.-14.1.0,r.-14.1.0,r.-14.1.0,r.-14.1.0,r.-14.1.0,r.-14.1.0,r.-14.1.0,r.-14.1.0,,,,,r.-14.1.0,,,r.-14.1.0,r.-14.1.0,,,r.-14.1.0,r.-14.1.0,r.-14.1.0,,,r.-14.1.0,,,,,,,,,,,r.-14.1.0,r.-14.1.0,r.-14.1.0,r.-14.1.0,r.-14.1.0,,r.-14.1.0,r.-14.1.0,r.-14.1.0,r.-14.1.0,r.-14.1.0,r.-14.1.0,r.-14.1.0,r.-14.1.0,,,,r.-14.1.0,r.-14.1.0,,,,,,,,,,,,,,,,,,,,,,,,,,,,,,,,,,,,,,,,,,,,,,,,,,,,,,,,,,,,,,,,,,,,,,,,,,,,,,,,,,,,,,,,,,,,,,,
194,,,,r.-45.1.0,,,,,,,,,,,,,,,,,r.-45.1.0,,,,r.-45.1.0,,,,,,,,,,,,,,,,,,,p.926,r.-45.1.0,,,,,,,,,,,,,,,,,,,,,,,,,,,,,,,,,,,,,,,,,,,,,,,,,,,,,,,,,,,,,,,,,,,,,,,,,,,,,,,,,,,,,,,,,,,,,,,,,,,,,,,,,,,,,,,,
195,,,,r.-13.1.0,,,,,,,,,,,,,,,,,p.923,,,,r.-13.1.0,,,,,,,,,,,,,,,,,,,,p.924,,,,,,,,,,,,,,,,,,,,,,,,,,,,,,,,,,,,,,,,,,,,,,,,,,,,,,,,,,,,,,,,,,,,,,,,,,,,,,,,,,,,,,,,,,,,,,,,,,,,,,,,,,,,,,,,
196,r.-3.1.0,r.-3.1.0,r.-3.1.0,r.-3.1.0,,,,,,,,,,,,,,,,,r.-3.1.0,,,,r.-3.1.0,,,r.-3.1.0,r.-3.1.0,r.-3.1.0,,,r.-3.1.0,,,,,,,,,,,r.-3.1.0,r.-3.1.0,p.882,p.883,p.884,,,,,,r.-3.1.0,r.-3.1.0,r.-3.1.0,r.-3.1.0,,,,r.-3.1.0,r.-3.1.0,,,,,,,,,,,,,,,,,,,,,,,,,,,,,,,,,,,,,,,,,,,,,,,,,,,,,,,,,,,,,,,,,,,,,,,,,,,,,,,,,,,,,,,,,,,,,,,
197,r.-71.1.0,r.-71.1.0,r.-71.1.0,r.-71.1.0,r.-71.1.0,r.-71.1.0,r.-71.1.0,r.-71.1.0,r.-71.1.0,r.-71.1.0,r.-71.1.0,r.-71.1.0,r.-71.1.0,r.-71.1.0,r.-71.1.0,p.910,,,,,r.-71.1.0,,,p.911,r.-71.1.0,,,r.-71.1.0,r.-71.1.0,r.-71.1.0,,,r.-71.1.0,,,,,,,,,,,r.-71.1.0,r.-71.1.0,r.-71.1.0,r.-71.1.0,r.-71.1.0,,p.912,p.913,p.914,p.915,r.-71.1.0,r.-71.1.0,r.-71.1.0,r.-71.1.0,,,,r.-71.1.0,r.-71.1.0,,,,,,,,,,,,,,,,,,,,,,,,,,,,,,,,,,,,,,,,,,,,,,,,,,,,,,,,,,,,,,,,,,,,,,,,,,,,,,,,,,,,,,,,,,,,,,,
198,r.-51.1.0,r.-51.1.0,r.-51.1.0,r.-51.1.0,r.-51.1.0,r.-51.1.0,r.-51.1.0,r.-51.1.0,r.-51.1.0,r.-51.1.0,r.-51.1.0,r.-51.1.0,r.-51.1.0,r.-51.1.0,r.-51.1.0,r.-51.1.0,,,,,r.-51.1.0,,,r.-51.1.0,r.-51.1.0,,,r.-51.1.0,r.-51.1.0,r.-51.1.0,,,r.-51.1.0,,,,,,,,,,,r.-51.1.0,r.-51.1.0,r.-51.1.0,r.-51.1.0,r.-51.1.0,,r.-51.1.0,r.-51.1.0,r.-51.1.0,r.-51.1.0,r.-51.1.0,r.-51.1.0,r.-51.1.0,r.-51.1.0,,,,r.-51.1.0,r.-51.1.0,,,,,,,,,,,,,,,,,,,,,,,,,,,,,,,,,,,,,,,,,,,,,,,,,,,,,,,,,,,,,,,,,,,,,,,,,,,,,,,,,,,,,,,,,,,,,,,
199,,,r.-26.1.0,r.-26.1.0,,,,,,,,,,,,,,,,,r.-26.1.0,,,,r.-26.1.0,,,r.-26.1.0,r.-26.1.0,r.-26.1.0,,,r.-26.1.0,,,,,,,,,,,r.-26.1.0,r.-26.1.0,,,,,,,,,p.902,p.903,p.904,p.905,,,,,,,,,,,,,,,,,,,,,,,,,,,,,,,,,,,,,,,,,,,,,,,,,,,,,,,,,,,,,,,,,,,,,,,,,,,,,,,,,,,,,,,,,,,,,,,,,,,,
200,,,r.-53.1.0,r.-53.1.0,,,,,,,,,,,,,,,,,r.-53.1.0,,,,r.-53.1.0,,,r.-53.1.0,r.-53.1.0,r.-53.1.0,,,r.-53.1.0,,,,,,,,,,,r.-53.1.0,r.-53.1.0,,,,,,,,,r.-53.1.0,r.-53.1.0,r.-53.1.0,r.-53.1.0,,,,p.841,p.842,,,,,,,,,,,,,,,,,,,,,,,,,,,,,,,,,,,,,,,,,,,,,,,,,,,,,,,,,,,,,,,,,,,,,,,,,,,,,,,,,,,,,,,,,,,,,,,
201,r.-52.1.0,r.-52.1.0,r.-52.1.0,r.-52.1.0,r.-52.1.0,r.-52.1.0,r.-52.1.0,r.-52.1.0,r.-52.1.0,r.-52.1.0,r.-52.1.0,r.-52.1.0,r.-52.1.0,r.-52.1.0,r.-52.1.0,r.-52.1.0,,p.840,,,r.-52.1.0,,,r.-52.1.0,r.-52.1.0,,,r.-52.1.0,r.-52.1.0,r.-52.1.0,,,r.-52.1.0,,,,,,,,,,,r.-52.1.0,r.-52.1.0,r.-52.1.0,r.-52.1.0,r.-52.1.0,,r.-52.1.0,r.-52.1.0,r.-52.1.0,r.-52.1.0,r.-52.1.0,r.-52.1.0,r.-52.1.0,r.-52.1.0,,,,r.-52.1.0,r.-52.1.0,,,,,,,,,,,,,,,,,,,,,,,,,,,,,,,,,,,,,,,,,,,,,,,,,,,,,,,,,,,,,,,,,,,,,,,,,,,,,,,,,,,,,,,,,,,,,,,
202,r.-10.1.0,r.-10.1.0,r.-10.1.0,r.-10.1.0,p.273,p.274,p.275,p.276,p.277,p.278,p.279,p.280,p.281,p.282,p.283,,,,,,r.-10.1.0,,,,r.-10.1.0,,,r.-10.1.0,r.-10.1.0,r.-10.1.0,,,r.-10.1.0,,,,,,,,,,,r.-10.1.0,r.-10.1.0,r.-10.1.0,r.-10.1.0,r.-10.1.0,,,,,,r.-10.1.0,r.-10.1.0,r.-10.1.0,r.-10.1.0,,,,r.-10.1.0,r.-10.1.0,,,,,,,,,,,,,,,,,,,,,,,,,,,,,,p.838,,,,,,,,,,,,,,,,,,,,,,,,,,,,,,,,,,,,,,,,,,,,,,,,,,,,,,,,,,,,,,,,,
203,p.98,p.99,p.100,,,,,,,,,,,,,p.204,,p.171,,,,,,,,,p.172,,,,p.173,p.174,,p.175,,,,,,,,,,,,p.108,,,,,,p.176,p.177,,,,,,,,,,,,,,,,,,,,,,,,,,,,,p.178,p.112,p.113,,,,,,,,,,,p.205,p.183,,,p.185,,,,,,,,,p.186,,,,,,,,p.190,,p.191,,,,,,,p.193,,,,,,,,,,,p.197,p.198,,,,,,,p.201,,,,,,,,,,,,p.206,p.203
204,p.98,p.99,p.100,,,,,,,,,,,,,p.207,,p.208,,,,,,,,p.209,p.210,,,,p.211,p.212,,p.213,,,,,,,,,,,,p.108,,,,,,p.214,p.215,,,,,,,,,,,,,,,p.11,p.12,p.216,p.217,p.218,p.219,p.220,p.221,p.222,p.223,p.224,p.225,p.226,p.227,p.228,p.112,p.113,,,,p.229,p.230,,p.231,,,,p.232,p.233,,p.234,p.235,,,,,,,,p.236,p.237,,,p.238,p.239,p.240,,,p.241,,p.242,,p.243,,,,,p.244,,,,p.245,p.246,p.247,,,,,p.248,p.249,p.250,,p.251,p.252,,,p.253,,,,,p.254,p.255,p.256,p.257,,p.258,p.259,p.260,p.261
205,r.-71.2.0,r.-71.2.0,r.-71.2.0,r.-71.2.0,r.-71.2.0,r.-71.2.0,r.-71.2.0,r.-71.2.0,r.-71.2.0,r.-71.2.0,r.-71.2.0,r.-71.2.0,r.-71.2.0,r.-71.2.0,r.-71.2.0,,,,,,r.-71.2.0,,,,r.-71.2.0,,,r.-71.2.0,r.-71.2.0,r.-71.2.0,,,r.-71.2.0,,,,,,,,,,,r.-71.2.0,r.-71.2.0,r.-71.2.0,r.-71.2.0,r.-71.2.0,,,,,,r.-71.2.0,r.-71.2.0,r.-71.2.0,r.-71.2.0,,,,r.-71.2.0,r.-71.2.0,,,,,,,,,,,,,,,,,,,,,,,,,,,,,,,,,,,,,,,,,,,,,,,,,,,,,,,,,,,,,,,,,,,,,,,,,,,,,,,,,,,,,,,,,,,,,,,
206,r.-10.1.0,r.-10.1.0,r.-10.1.0,r.-10.1.0,r.-10.1.0,r.-10.1.0,r.-10.1.0,r.-10.1.0,r.-10.1.0,r.-10.1.0,r.-10.1.0,r.-10.1.0,r.-10.1.0,r.-10.1.0,r.-10.1.0,,,,,,r.-10.1.0,,,,r.-10.1.0,,,r.-10.1.0,r.-10.1.0,r.-10.1.0,,,r.-10.1.0,,,,,,,,,,,r.-10.1.0,r.-10.1.0,r.-10.1.0,r.-10.1.0,r.-10.1.0,,,,,,r.-10.1.0,r.-10.1.0,r.-10.1.0,r.-10.1.0,,,,r.-10.1.0,r.-10.1.0,,,,,,,,,,,,,,,,,,,,,,,,,,,,,,,,,,,,,,,,,,,,,,,,,,,,,,,,,,,,,,,,,,,,,,,,,,,,,,,,,,,,,,,,,,,,,,,
207,p.98,p.99,p.100,,,,,,,,,,,,,p.207,,p.208,,,,,,,,p.209,p.210,,,,p.211,p.212,,p.213,,,,,,,,,,,,p.108,,,,,,p.214,p.215,,,,,,,,,,,,,,,p.11,p.12,p.216,p.217,p.218,p.219,p.220,p.221,p.222,p.223,p.224,p.225,p.226,p.227,p.228,p.112,p.113,,,,p.229,p.230,,p.231,,,,p.232,p.233,,p.234,p.235,,,,,,,,p.236,p.237,,,p.238,p.239,p.266,,,p.241,,p.242,,p.243,,,,,p.244,,,,p.245,p.246,p.247,,,,,p.248,p.249,p.250,,p.251,p.252,,,p.253,,,,,p.254,p.255,p.780,p.257,,p.258,p.259,p.260,p.261
208,r.-11.1.0/r.-59.1.0,r.-59.1.0/r.-11.1.0,r.-59.1.0/r.-11.1.0,r.-59.1.0/r.-11.1.0,r.-59.1.0/r.-11.1.0,r.-11.1.0/r.-59.1.0,r.-11.1.0/r.-59.1.0,r.-59.1.0/r.-11.1.0,r.-59.1.0/r.-11.1.0,r.-11.1.0/r.-59.1.0,r.-59.1.0/r.-11.1.0,r.-11.1.0/r.-59.1.0,r.-11.1.0/r.-59.1.0,r.-11.1.0/r.-59.1.0,r.-59.1.0/r.-11.1.0,r.-59.1.0/r.-11.1.0,r.-11.1.0/r.-59.1.0,r.-59.1.0,,,r.-11.1.0/r.-59.1.0,,,r.-11.1.0/r.-59.1.0,,,,r.-59.1.0/r.-11.1.0,r.-59.1.0/r.-11.1.0,r.-11.1.0/r.-59.1.0,,,r.-11.1.0/r.-59.1.0,,,,,,,,,,,r.-11.1.0/r.-59.1.0,r.-11.1.0/r.-59.1.0,r.-59.1.0/r.-11.1.0,r.-11.1.0/r.-59.1.0,r.-11.1.0/r.-59.1.0,,r.-11.1.0/r.-59.1.0,r.-59.1.0/r.-11.1.0,r.-11.1.0/r.-59.1.0,r.-59.1.0/r.-11.1.0,r.-59.1.0/r.-11.1.0,r.-59.1.0/r.-11.1.0,r.-59.1.0/r.-11.1.0,r.-59.1.0/r.-11.1.0,,,,r.-11.1.0/r.-59.1.0,r.-11.1.0/r.-59.1.0,,,,,,,,,,,,,,,,,,,,,,,,,,,,,,,,,,,,,,,,,,,,,,,,,,,,,,,,,,,,,,,,,,,,,,,,,,,,,,,,,,,,,,,,,,,,,,,
209,,,,,,,,,,,,,,,,,,,p.831,,,,,,,,,,,,,p.292,,,,,,,,,,,,,,,,,,,,,,,,,,,,,,,,,,,,,,,,,,,,,,,,,,,,,,,,,,,,,,,,,,,,,,,,,,,,,,,,,,,,,,p.832,,,,,,,,,,,,,,,,,,,,,,,,,,,,,,,,,,,,,,,
210,r.-23.1.0,r.-23.1.0,r.-23.1.0,r.-23.1.0,r.-23.1.0,r.-23.1.0,r.-23.1.0,r.-23.1.0,r.-23.1.0,r.-23.1.0,r.-23.1.0,r.-23.1.0,r.-23.1.0,r.-23.1.0,r.-23.1.0,r.-23.1.0,r.-23.1.0,,,,r.-23.1.0,,,r.-23.1.0,,,,r.-23.1.0,r.-23.1.0,r.-23.1.0,,,r.-23.1.0,,,,,,,,,,,r.-23.1.0,r.-23.1.0,r.-23.1.0,r.-23.1.0,r.-23.1.0,,r.-23.1.0,r.-23.1.0,r.-23.1.0,r.-23.1.0,r.-23.1.0,r.-23.1.0,r.-23.1.0,r.-23.1.0,,,,r.-23.1.0,r.-23.1.0,,,,,,,,,,,,,,,,,,,,,,,,,,,,,,,,,,,,,,,,,,,,,,,,,,,,,,,,,,,,,,,,,,,,,,,,,,,,,,,,,,,,,,,,,,,,,,,
211,r.-31.1.0,r.-31.1.0,r.-31.1.0,r.-31.1.0,r.-31.1.0,r.-31.1.0,r.-31.1.0,r.-31.1.0,r.-31.1.0,r.-31.1.0,r.-31.1.0,r.-31.1.0,r.-31.1.0,r.-31.1.0,r.-31.1.0,r.-31.1.0,r.-31.1.0,,,,r.-31.1.0,,,r.-31.1.0,,,,r.-31.1.0,r.-31.1.0,r.-31.1.0,,,r.-31.1.0,,,,,,,,,,,r.-31.1.0,r.-31.1.0,r.-31.1.0,r.-31.1.0,r.-31.1.0,,r.-31.1.0,r.-31.1.0,r.-31.1.0,r.-31.1.0,r.-31.1.0,r.-31.1.0,r.-31.1.0,r.-31.1.0,,,,r.-31.1.0,r.-31.1.0,,,,,,,,,,,,,,,,,,,,,,,,,,,,,,,,,,,,,,,,,,,,,,,,,,,,,,,,,,,,,,,,,,,,,,,,,,,,,,,,,,,,,,,,,,,,,,,
212,r.-33.1.0,r.-33.1.0,r.-33.1.0,r.-33.1.0,r.-33.1.0,r.-33.1.0,r.-33.1.0,r.-33.1.0,r.-33.1.0,r.-33.1.0,r.-33.1.0,r.-33.1.0,r.-33.1.0,r.-33.1.0,r.-33.1.0,r.-70.1.0/r.-33.1.0,r.-70.1.0/r.-33.1.0,,,,r.-33.1.0,,,r.-70.1.0/r.-33.1.0,,r.-70.1.0,,r.-33.1.0,r.-33.1.0,r.-33.1.0,,r.-70.1.0,r.-33.1.0,,,,,,,,,,,r.-33.1.0,r.-33.1.0,r.-70.1.0/r.-33.1.0,r.-33.1.0,r.-33.1.0,,r.-33.1.0,r.-33.1.0,r.-33.1.0,r.-33.1.0,r.-33.1.0,r.-33.1.0,r.-33.1.0,r.-33.1.0,,,,r.-33.1.0,r.-33.1.0,,,,,,r.-70.1.0,r.-70.1.0,r.-70.1.0,r.-70.1.0,r.-70.1.0,r.-70.1.0,r.-70.1.0,r.-70.1.0,r.-70.1.0,r.-70.1.0,r.-70.1.0,r.-70.1.0,r.-70.1.0,r.-70.1.0,,,,,,,,,,,,,,,,,,,,,,,,,,,,,,,,,,,,,,,,,,,,,,,,,,,,,,,,,,,,,,,,,,,,,,,,,,,,
213,r.-40.1.0,r.-40.1.0,r.-40.1.0,r.-40.1.0,r.-40.1.0,r.-40.1.0,r.-40.1.0,r.-40.1.0,r.-40.1.0,r.-40.1.0,r.-40.1.0,r.-40.1.0,r.-40.1.0,r.-40.1.0,r.-40.1.0,r.-40.1.0,r.-40.1.0,,,,r.-40.1.0,,,r.-40.1.0,,,,r.-40.1.0,r.-40.1.0,r.-40.1.0,,,r.-40.1.0,,,,,,,,,,,r.-40.1.0,r.-40.1.0,r.-40.1.0,r.-40.1.0,r.-40.1.0,,r.-40.1.0,r.-40.1.0,r.-40.1.0,r.-40.1.0,r.-40.1.0,r.-40.1.0,r.-40.1.0,r.-40.1.0,,,,r.-40.1.0,r.-40.1.0,,,,,,,,,,,,,,,,,,,,,,,,,,,,,,,,,,,,,,,,,,,,,,,,,,,,,,,,,,,,,,,,,,,,,,,,,,,,,,,,,,,,,,,,,,,,,,,
214,p.98,p.99,p.100,,,,,,,,,,,,,p.828,,p.208,,,,,,,,,p.210,,,,p.211,p.263,,p.213,,,,,,,,,,,,p.108,,,,,,p.214,p.215,,,,,,,,,,,,,,,,,,,,,,,,,,,,,p.228,p.112,p.113,,,,,,,,,,,,p.233,,,p.235,,,,,,,,,p.237,,,,,,,,p.241,,p.242,,,,,,,p.244,,,,,,,,,,,p.248,p.249,,,,,,,p.253,,,,,,,,,,,,p.830,p.261
215,p.98,p.99,p.100,,,,,,,,,,,,,p.828,,p.208,,,,,,,,,p.210,,,,p.211,p.263,,p.213,,,,,,,,,,,,p.108,,,,,,p.214,p.215,,,,,,,,,,,,,,,,,,,,,,,,,,,,,p.228,p.112,p.113,,,,,,,,,,,,p.233,,,p.235,,,,,,,,,p.237,,,,,,,,p.241,,p.242,,,,,,,p.244,,,,,,,,,,,p.248,p.249,,,,,,,p.253,,,,,,,,,,,,p.829,p.261
216,,,,,,,,,,,,,,,,r.-67.1.0,r.-67.1.0,,,,,,,r.-67.1.0,,r.-67.1.0,,,,,,r.-67.1.0,,,,,,,,,,,,,,r.-67.1.0,,,,,,,,,,,,,,,,,,,,,,r.-67.1.0,r.-67.1.0,r.-67.1.0,r.-67.1.0,r.-67.1.0,r.-67.1.0,r.-67.1.0,r.-67.1.0,r.-67.1.0,r.-67.1.0,r.-67.1.0,r.-67.1.0,r.-67.1.0,r.-67.1.0,,,,,,,,,,,,,,,,,,,,,,,,,,,,,,,,,,,,,,,,,,,,,,,,,,,,,,,,,,,,,,,,,,,,,,,,,,,,
217,,,,,,,,,,,,,,,,r.-67.1.0,r.-67.1.0,,,,,,,r.-67.1.0,,r.-67.1.0,,,,,,r.-67.1.0,,,,,,,,,,,,,,r.-67.1.0,,,,,,,,,,,,,,,,,,,,,,r.-67.1.0,r.-67.1.0,r.-67.1.0,r.-67.1.0,r.-67.1.0,r.-67.1.0,r.-67.1.0,r.-67.1.0,r.-67.1.0,r.-67.1.0,r.-67.1.0,r.-67.1.0,r.-67.1.0,r.-67.1.0,,,,,,,,,,,,,,,,,,,,,,,,,,,,,,,,,,,,,,,,,,,,,,,,,,,,,,,,,,,,,,,,,,,,,,,,,,,,
218,,,,,,,,,,,,,,,,r.-69.1.0,r.-69.1.0,,,,,,,r.-69.1.0,,r.-69.1.0,,,,,,r.-69.1.0,,,,,,,,,,,,,,r.-69.1.0,,,,,,,,,,,,,,,,,,,,,,r.-69.1.0,r.-69.1.0,r.-69.1.0,r.-69.1.0,r.-69.1.0,r.-69.1.0,r.-69.1.0,r.-69.1.0,r.-69.1.0,r.-69.1.0,r.-69.1.0,r.-69.1.0,r.-69.1.0,r.-69.1.0,,,,,,,,,,,,,,,,,,,,,,,,,,,,,,,,,,,,,,,,,,,,,,,,,,,,,,,,,,,,,,,,,,,,,,,,,,,,
219,,,,,,,,,,,,,,,,r.-69.1.0,r.-69.1.0,,,,,,,r.-69.1.0,,r.-69.1.0,,,,,,r.-69.1.0,,,,,,,,,,,,,,r.-69.1.0,,,,,,,,,,,,,,,,,,,,,,r.-69.1.0,r.-69.1.0,r.-69.1.0,r.-69.1.0,r.-69.1.0,r.-69.1.0,r.-69.1.0,r.-69.1.0,r.-69.1.0,r.-69.1.0,r.-69.1.0,r.-69.1.0,r.-69.1.0,r.-69.1.0,,,,,,,,,,,,,,,,,,,,,,,,,,,,,,,,,,,,,,,,,,,,,,,,,,,,,,,,,,,,,,,,,,,,,,,,,,,,
220,,,,,,,,,,,,,,,,r.-69.1.0,r.-69.1.0,,,,,,,r.-69.1.0,,r.-69.1.0,,,,,,r.-69.1.0,,,,,,,,,,,,,,r.-69.1.0,,,,,,,,,,,,,,,,,,,,,,r.-69.1.0,r.-69.1.0,r.-69.1.0,r.-69.1.0,r.-69.1.0,r.-69.1.0,r.-69.1.0,r.-69.1.0,r.-69.1.0,r.-69.1.0,r.-69.1.0,r.-69.1.0,r.-69.1.0,r.-69.1.0,,,,,,,,,,,,,,,,,,,,,,,,,,,,,,,,,,,,,,,,,,,,,,,,,,,,,,,,,,,,,,,,,,,,,,,,,,,,
221,,,,,,,,,,,,,,,,r.-69.1.0,r.-69.1.0,,,,,,,r.-69.1.0,,r.-69.1.0,,,,,,r.-69.1.0,,,,,,,,,,,,,,r.-69.1.0,,,,,,,,,,,,,,,,,,,,,,r.-69.1.0,r.-69.1.0,r.-69.1.0,r.-69.1.0,r.-69.1.0,r.-69.1.0,r.-69.1.0,r.-69.1.0,r.-69.1.0,r.-69.1.0,r.-69.1.0,r.-69.1.0,r.-69.1.0,r.-69.1.0,,,,,,,,,,,,,,,,,,,,,,,,,,,,,,,,,,,,,,,,,,,,,,,,,,,,,,,,,,,,,,,,,,,,,,,,,,,,
222,,,,,,,,,,,,,,,,r.-69.1.0,r.-69.1.0,,,,,,,r.-69.1.0,,r.-69.1.0,,,,,,r.-69.1.0,,,,,,,,,,,,,,r.-69.1.0,,,,,,,,,,,,,,,,,,,,,,r.-69.1.0,r.-69.1.0,r.-69.1.0,r.-69.1.0,r.-69.1.0,r.-69.1.0,r.-69.1.0,r.-69.1.0,r.-69.1.0,r.-69.1.0,r.-69.1.0,r.-69.1.0,r.-69.1.0,r.-69.1.0,,,,,,,,,,,,,,,,,,,,,,,,,,,,,,,,,,,,,,,,,,,,,,,,,,,,,,,,,,,,,,,,,,,,,,,,,,,,
223,,,,,,,,,,,,,,,,r.-69.1.0,r.-69.1.0,,,,,,,r.-69.1.0,,r.-69.1.0,,,,,,r.-69.1.0,,,,,,,,,,,,,,r.-69.1.0,,,,,,,,,,,,,,,,,,,,,,r.-69.1.0,r.-69.1.0,r.-69.1.0,r.-69.1.0,r.-69.1.0,r.-69.1.0,r.-69.1.0,r.-69.1.0,r.-69.1.0,r.-69.1.0,r.-69.1.0,r.-69.1.0,r.-69.1.0,r.-69.1.0,,,,,,,,,,,,,,,,,,,,,,,,,,,,,,,,,,,,,,,,,,,,,,,,,,,,,,,,,,,,,,,,,,,,,,,,,,,,
224,,,,,,,,,,,,,,,,r.-69.1.0,r.-69.1.0,,,,,,,r.-69.1.0,,r.-69.1.0,,,,,,r.-69.1.0,,,,,,,,,,,,,,r.-69.1.0,,,,,,,,,,,,,,,,,,,,,,r.-69.1.0,r.-69.1.0,r.-69.1.0,r.-69.1.0,r.-69.1.0,r.-69.1.0,r.-69.1.0,r.-69.1.0,r.-69.1.0,r.-69.1.0,r.-69.1.0,r.-69.1.0,r.-69.1.0,r.-69.1.0,,,,,,,,,,,,,,,,,,,,,,,,,,,,,,,,,,,,,,,,,,,,,,,,,,,,,,,,,,,,,,,,,,,,,,,,,,,,
225,,,,,,,,,,,,,,,,r.-69.1.0,r.-69.1.0,,,,,,,r.-69.1.0,,r.-69.1.0,,,,,,r.-69.1.0,,,,,,,,,,,,,,r.-69.1.0,,,,,,,,,,,,,,,,,,,,,,r.-69.1.0,r.-69.1.0,r.-69.1.0,r.-69.1.0,r.-69.1.0,r.-69.1.0,r.-69.1.0,r.-69.1.0,r.-69.1.0,r.-69.1.0,r.-69.1.0,r.-69.1.0,r.-69.1.0,r.-69.1.0,,,,,,,,,,,,,,,,,,,,,,,,,,,,,,,,,,,,,,,,,,,,,,,,,,,,,,,,,,,,,,,,,,,,,,,,,,,,
226,,,,,,,,,,,,,,,,r.-69.1.0,r.-69.1.0,,,,,,,r.-69.1.0,,r.-69.1.0,,,,,,r.-69.1.0,,,,,,,,,,,,,,r.-69.1.0,,,,,,,,,,,,,,,,,,,,,,r.-69.1.0,r.-69.1.0,r.-69.1.0,r.-69.1.0,r.-69.1.0,r.-69.1.0,r.-69.1.0,r.-69.1.0,r.-69.1.0,r.-69.1.0,r.-69.1.0,r.-69.1.0,r.-69.1.0,r.-69.1.0,,,,,,,,,,,,,,,,,,,,,,,,,,,,,,,,,,,,,,,,,,,,,,,,,,,,,,,,,,,,,,,,,,,,,,,,,,,,
227,,,,,,,,,,,,,,,,r.-70.1.0,r.-70.1.0,,,,,,,r.-70.1.0,,r.-70.1.0,,,,,,r.-70.1.0,,,,,,,,,,,,,,r.-70.1.0,,,,,,,,,,,,,,,,,,,,,,r.-70.1.0,r.-70.1.0,r.-70.1.0,r.-70.1.0,r.-70.1.0,r.-70.1.0,r.-70.1.0,r.-70.1.0,r.-70.1.0,r.-70.1.0,r.-70.1.0,r.-70.1.0,r.-70.1.0,r.-70.1.0,,,,,,,,,,,,,,,,,,,,,,,,,,,,,,,,,,,,,,,,,,,,,,,,,,,,,,,,,,,,,,,,,,,,,,,,,,,,
228,p.98,p.99,p.100,,,,,,,,,,,,,p.824,,p.208,,,,,,,,,p.210,,,,p.211,p.263,,p.213,,,,,,,,,,,,p.108,,,,,,p.214,p.215,,,,,,,,,,,,,,,,,,,,,,,,,,,,,p.228,p.112,p.113,,,,,,,,,,,,p.233,,,p.235,,,,,,,,,p.237,,,,,,,,p.241,,p.242,,,,,,,p.244,,,,,,,,,,,p.248,p.249,,,,,,,p.253,,,,,,,,,,,,p.825,p.261
229,p.761,p.762,r.-55.1.0,r.-55.1.0,,,,,,,,,,,,,r.-55.1.0,,,,r.-55.1.0,,,,,,,r.-55.1.0,r.-55.1.0,r.-55.1.0,,,r.-55.1.0,,,,,,,,,,,r.-55.1.0,r.-55.1.0,,,,,,,,,r.-55.1.0,r.-55.1.0,r.-55.1.0,r.-55.1.0,,,,r.-55.1.0,r.-55.1.0,,,,,,,,,,,,,,,,,,,,,,,,,,,,,,,,,,,,,,,,,,,,,,,,,,,,,,,,,,,,,,,,,,,,,,,,,,,,,,,,,,,,,,,,,,,,,,,
230,,,p.814,r.-27.1.0,,,,,,,,,,,,,r.-27.1.0,,,,r.-27.1.0,,,,,,,,,r.-27.1.0,,,r.-27.1.0,,,,,,,,,,,r.-27.1.0,r.-27.1.0,,,,,,,,,,,,,,,,,,,,,,,,,,,,,,,,,,,,,,,,,,,,,,,,,,,,,,,,,,,,,,,,,,,,,,,,,,,,,,,,,,,,,,,,,,,,,,,,,,,,,,,,,,,,,,,,
231,,,,r.-28.1.0,,,,,,,,,,,,,r.-28.1.0,,,,,,,,,,,,,,,,,,,,,,,,,,,,,,,,,,,,,,,,,,,,,,,,,,,,,,,,,,,,,,,,,,,,,,,,,,,,,,,,,,,,,,,,,,,,,,,,,,,,,,,,,,,,,,,,,,,,,,,,,,,,,,,,,,,,,,,,,,,,
232,r.-46.1.0,r.-46.1.0,r.-46.1.0,r.-46.1.0,,,,,,,,,,,,,r.-46.1.0,,,,r.-46.1.0,,,,,,,r.-46.1.0,r.-46.1.0,r.-46.1.0,,,r.-46.1.0,,,,,,,,,,,r.-46.1.0,r.-46.1.0,r.-46.1.0,r.-46.1.0,r.-46.1.0,,,,,,r.-46.1.0,r.-46.1.0,r.-46.1.0,r.-46.1.0,,,,r.-46.1.0,r.-46.1.0,,,,,,,,,,,,,,,,,,,,,,,,,,,,,,,,,,,,,,,,,,,,,,,,,,,,,,,,,,,,,,,,,,,,,,,,,,,,,,,,,,,,,,,,,,,,,,,
233,r.-14.1.0,r.-14.1.0,r.-14.1.0,r.-14.1.0,r.-14.1.0,r.-14.1.0,r.-14.1.0,r.-14.1.0,r.-14.1.0,r.-14.1.0,r.-14.1.0,r.-14.1.0,r.-14.1.0,r.-14.1.0,r.-14.1.0,r.-14.1.0,r.-14.1.0,,,,r.-14.1.0,,,r.-14.1.0,,,,r.-14.1.0,r.-14.1.0,r.-14.1.0,,,r.-14.1.0,,,,,,,,,,,r.-14.1.0,r.-14.1.0,r.-14.1.0,r.-14.1.0,r.-14.1.0,,r.-14.1.0,r.-14.1.0,r.-14.1.0,r.-14.1.0,r.-14.1.0,r.-14.1.0,r.-14.1.0,r.-14.1.0,,,,r.-14.1.0,r.-14.1.0,,,,,,,,,,,,,,,,,,,,,,,,,,,,,,,,,,,,,,,,,,,,,,,,,,,,,,,,,,,,,,,,,,,,,,,,,,,,,,,,,,,,,,,,,,,,,,,
234,,,,r.-6.1.0,,,,,,,,,,,,,r.-6.1.0,,,,,,,,,,,,,,,,,,,,,,,,,,,,,,,,,,,,,,,,,,,,,,,,,,,,,,,,,,,,,,,,,,,,,,,,,,,,,,,,,,,,,,,,,,,,,,,,,,,,,,,,,,,,,,,,,,,,,,,,,,,,,,,,,,,,,,,,,,,,
235,r.-52.1.0,r.-52.1.0,r.-52.1.0,r.-52.1.0,r.-52.1.0,r.-52.1.0,r.-52.1.0,r.-52.1.0,r.-52.1.0,r.-52.1.0,r.-52.1.0,r.-52.1.0,r.-52.1.0,r.-52.1.0,r.-52.1.0,r.-52.1.0,r.-52.1.0,,,,r.-52.1.0,,,r.-52.1.0,,,,r.-52.1.0,r.-52.1.0,r.-52.1.0,,,r.-52.1.0,,,,,,,,,,,r.-52.1.0,r.-52.1.0,r.-52.1.0,r.-52.1.0,r.-52.1.0,,r.-52.1.0,r.-52.1.0,r.-52.1.0,r.-52.1.0,r.-52.1.0,r.-52.1.0,r.-52.1.0,r.-52.1.0,,,,r.-52.1.0,r.-52.1.0,,,,,,,,,,,,,,,,,,,,,,,,,,,,,,,,,,,,,,,,,,,,,,,,,,,,,,,,,,,,,,,,,,,,,,,,,,,,,,,,,,,,,,,,,,,,,,,
236,,,,,,,,,,,,,,,,r.-69.1.0,r.-69.1.0,,,,,,,r.-69.1.0,,r.-69.1.0,,,,,,r.-69.1.0,,,,,,,,,,,,,,r.-69.1.0,,,,,,,,,,,,,,,,,,,,,,r.-69.1.0,r.-69.1.0,r.-69.1.0,r.-69.1.0,r.-69.1.0,r.-69.1.0,r.-69.1.0,r.-69.1.0,r.-69.1.0,r.-69.1.0,r.-69.1.0,r.-69.1.0,r.-69.1.0,r.-69.1.0,,,,,,,,,,,,,,,,,,,,,,,,,,,,,,,,,,,,,,,,,,,,,,,,,,,,,,,,,,,,,,,,,,,,,,,,,,,,
237,r.-14.1.0,r.-14.1.0,r.-14.1.0,r.-14.1.0,r.-14.1.0,r.-14.1.0,r.-14.1.0,r.-14.1.0,r.-14.1.0,r.-14.1.0,r.-14.1.0,r.-14.1.0,r.-14.1.0,r.-14.1.0,r.-14.1.0,r.-14.1.0,r.-14.1.0,,,,r.-14.1.0,,,r.-14.1.0,,,,r.-14.1.0,r.-14.1.0,r.-14.1.0,,,r.-14.1.0,,,,,,,,,,,r.-14.1.0,r.-14.1.0,r.-14.1.0,r.-14.1.0,r.-14.1.0,,r.-14.1.0,r.-14.1.0,r.-14.1.0,r.-14.1.0,r.-14.1.0,r.-14.1.0,r.-14.1.0,r.-14.1.0,,,,r.-14.1.0,r.-14.1.0,,,,,,,,,,,,,,,,,,,,,,,,,,,,,,,,,,,,,,,,,,,,,,,,,,,,,,,,,,,,,,,,,,,,,,,,,,,,,,,,,,,,,,,,,,,,,,,
238,,,r.-4.1.0,r.-4.1.0,,,,,,,,,,,,,r.-4.1.0,,,,r.-4.1.0,,,,,,,p.816,p.817,r.-4.1.0,,,r.-4.1.0,,,,,,,,,,,r.-4.1.0,r.-4.1.0,,,,,,,,,,,,,,,,,,,,,,,,,,,,,,,,,,,,,,,,,,,,,,,,,,,,,,,,,,,,,,,,,,,,,,,,,,,,,,,,,,,,,,,,,,,,,,,,,,,,,,,,,,,,,,,,
239,,,,r.-35.1.0,,,,,,,,,,,,,r.-35.1.0,,,,r.-35.1.0,,,,,,,,,p.812,,,r.-35.1.0,,,,,,,,,,,r.-35.1.0,r.-35.1.0,,,,,,,,,,,,,,,,,,,,,,,,,,,,,,,,,,,,,,,,,,,,,,,,,,,,,,,,,,,,,,,,,,,,,,,,,,,,,,,,,,,,,,,,,,,,,,,,,,,,,,,,,,,,,,,,
240,,,,p.270,,,,,,,,,,,,,p.823,,,,,,,,,,,,,,,,,,,,,,,,,,,,,,,,,,,,,,,,,,,,,,,,,,,,,,,,,,,,,,,,,,,,,,,,,,,,,,,,,,,,,,,,,,,,,,,,,,,,,,,,,,,,,,,,,,,,,,,,,,,,,,,,,,,,,,,,,,,,
241,r.-14.1.0,r.-14.1.0,r.-14.1.0,r.-14.1.0,r.-14.1.0,r.-14.1.0,r.-14.1.0,r.-14.1.0,r.-14.1.0,r.-14.1.0,r.-14.1.0,r.-14.1.0,r.-14.1.0,r.-14.1.0,r.-14.1.0,r.-14.1.0,r.-14.1.0,,,,r.-14.1.0,,,r.-14.1.0,,,,r.-14.1.0,r.-14.1.0,r.-14.1.0,,,r.-14.1.0,,,,,,,,,,,r.-14.1.0,r.-14.1.0,r.-14.1.0,r.-14.1.0,r.-14.1.0,,r.-14.1.0,r.-14.1.0,r.-14.1.0,r.-14.1.0,r.-14.1.0,r.-14.1.0,r.-14.1.0,r.-14.1.0,,,,r.-14.1.0,r.-14.1.0,,,,,,,,,,,,,,,,,,,,,,,,,,,,,,,,,,,,,,,,,,,,,,,,,,,,,,,,,,,,,,,,,,,,,,,,,,,,,,,,,,,,,,,,,,,,,,,
242,r.-52.1.0,r.-52.1.0,r.-52.1.0,r.-52.1.0,r.-52.1.0,r.-52.1.0,r.-52.1.0,r.-52.1.0,r.-52.1.0,r.-52.1.0,r.-52.1.0,r.-52.1.0,r.-52.1.0,r.-52.1.0,r.-52.1.0,r.-52.1.0,r.-52.1.0,,,,r.-52.1.0,,,r.-52.1.0,,,,r.-52.1.0,r.-52.1.0,r.-52.1.0,,,r.-52.1.0,,,,,,,,,,,r.-52.1.0,r.-52.1.0,r.-52.1.0,r.-52.1.0,r.-52.1.0,,r.-52.1.0,r.-52.1.0,r.-52.1.0,r.-52.1.0,r.-52.1.0,r.-52.1.0,r.-52.1.0,r.-52.1.0,,,,r.-52.1.0,r.-52.1.0,,,,,,,,,,,,,,,,,,,,,,,,,,,,,,,,,,,,,,,,,,,,,,,,,,,,,,,,,,,,,,,,,,,,,,,,,,,,,,,,,,,,,,,,,,,,,,,
243,,,,r.-44.1.0,,,,,,,,,,,,,r.-44.1.0,,,,r.-44.1.0,,,,,,,,,,,,p.810,,,,,,,,,,,r.-44.1.0,r.-44.1.0,,,,,,,,,,,,,,,,,,,,,,,,,,,,,,,,,,,,,,,,,,,,,,,,,,,,,,,,,,,,,,,,,,,,,,,,,,,,,,,,,,,,,,,,,,,,,,,,,,,,,,,,,,,,,,,,
244,r.-14.1.0,r.-14.1.0,r.-14.1.0,r.-14.1.0,r.-14.1.0,r.-14.1.0,r.-14.1.0,r.-14.1.0,r.-14.1.0,r.-14.1.0,r.-14.1.0,r.-14.1.0,r.-14.1.0,r.-14.1.0,r.-14.1.0,r.-14.1.0,r.-14.1.0,,,,r.-14.1.0,,,r.-14.1.0,,,,r.-14.1.0,r.-14.1.0,r.-14.1.0,,,r.-14.1.0,,,,,,,,,,,r.-14.1.0,r.-14.1.0,r.-14.1.0,r.-14.1.0,r.-14.1.0,,r.-14.1.0,r.-14.1.0,r.-14.1.0,r.-14.1.0,r.-14.1.0,r.-14.1.0,r.-14.1.0,r.-14.1.0,,,,r.-14.1.0,r.-14.1.0,,,,,,,,,,,,,,,,,,,,,,,,,,,,,,,,,,,,,,,,,,,,,,,,,,,,,,,,,,,,,,,,,,,,,,,,,,,,,,,,,,,,,,,,,,,,,,,
245,,,,r.-45.1.0,,,,,,,,,,,,,r.-45.1.0,,,,r.-45.1.0,,,,,,,,,,,,,,,,,,,,,,,p.808,r.-45.1.0,,,,,,,,,,,,,,,,,,,,,,,,,,,,,,,,,,,,,,,,,,,,,,,,,,,,,,,,,,,,,,,,,,,,,,,,,,,,,,,,,,,,,,,,,,,,,,,,,,,,,,,,,,,,,,,,
246,,,,r.-13.1.0,,,,,,,,,,,,,r.-13.1.0,,,,p.805,,,,,,,,,,,,,,,,,,,,,,,,p.806,,,,,,,,,,,,,,,,,,,,,,,,,,,,,,,,,,,,,,,,,,,,,,,,,,,,,,,,,,,,,,,,,,,,,,,,,,,,,,,,,,,,,,,,,,,,,,,,,,,,,,,,,,,,,,,,
247,r.-3.1.0,r.-3.1.0,r.-3.1.0,r.-3.1.0,,,,,,,,,,,,,r.-3.1.0,,,,r.-3.1.0,,,,,,,r.-3.1.0,r.-3.1.0,r.-3.1.0,,,r.-3.1.0,,,,,,,,,,,r.-3.1.0,r.-3.1.0,p.764,p.765,p.766,,,,,,r.-3.1.0,r.-3.1.0,r.-3.1.0,r.-3.1.0,,,,r.-3.1.0,r.-3.1.0,,,,,,,,,,,,,,,,,,,,,,,,,,,,,,,,,,,,,,,,,,,,,,,,,,,,,,,,,,,,,,,,,,,,,,,,,,,,,,,,,,,,,,,,,,,,,,,
248,r.-71.1.0,r.-71.1.0,r.-71.1.0,r.-71.1.0,r.-71.1.0,r.-71.1.0,r.-71.1.0,r.-71.1.0,r.-71.1.0,r.-71.1.0,r.-71.1.0,r.-71.1.0,r.-71.1.0,r.-71.1.0,r.-71.1.0,p.792,r.-71.1.0,,,,r.-71.1.0,,,p.793,,,,r.-71.1.0,r.-71.1.0,r.-71.1.0,,,r.-71.1.0,,,,,,,,,,,r.-71.1.0,r.-71.1.0,r.-71.1.0,r.-71.1.0,r.-71.1.0,,p.794,p.795,p.796,p.797,r.-71.1.0,r.-71.1.0,r.-71.1.0,r.-71.1.0,,,,r.-71.1.0,r.-71.1.0,,,,,,,,,,,,,,,,,,,,,,,,,,,,,,,,,,,,,,,,,,,,,,,,,,,,,,,,,,,,,,,,,,,,,,,,,,,,,,,,,,,,,,,,,,,,,,,
249,r.-51.1.0,r.-51.1.0,r.-51.1.0,r.-51.1.0,r.-51.1.0,r.-51.1.0,r.-51.1.0,r.-51.1.0,r.-51.1.0,r.-51.1.0,r.-51.1.0,r.-51.1.0,r.-51.1.0,r.-51.1.0,r.-51.1.0,r.-51.1.0,r.-51.1.0,,,,r.-51.1.0,,,r.-51.1.0,,,,r.-51.1.0,r.-51.1.0,r.-51.1.0,,,r.-51.1.0,,,,,,,,,,,r.-51.1.0,r.-51.1.0,r.-51.1.0,r.-51.1.0,r.-51.1.0,,r.-51.1.0,r.-51.1.0,r.-51.1.0,r.-51.1.0,r.-51.1.0,r.-51.1.0,r.-51.1.0,r.-51.1.0,,,,r.-51.1.0,r.-51.1.0,,,,,,,,,,,,,,,,,,,,,,,,,,,,,,,,,,,,,,,,,,,,,,,,,,,,,,,,,,,,,,,,,,,,,,,,,,,,,,,,,,,,,,,,,,,,,,,
250,,,r.-26.1.0,r.-26.1.0,,,,,,,,,,,,,r.-26.1.0,,,,r.-26.1.0,,,,,,,r.-26.1.0,r.-26.1.0,r.-26.1.0,,,r.-26.1.0,,,,,,,,,,,r.-26.1.0,r.-26.1.0,,,,,,,,,p.784,p.785,p.786,p.787,,,,,,,,,,,,,,,,,,,,,,,,,,,,,,,,,,,,,,,,,,,,,,,,,,,,,,,,,,,,,,,,,,,,,,,,,,,,,,,,,,,,,,,,,,,,,,,,,,,,
251,,,r.-53.1.0,r.-53.1.0,,,,,,,,,,,,,r.-53.1.0,,,,r.-53.1.0,,,,,,,r.-53.1.0,r.-53.1.0,r.-53.1.0,,,r.-53.1.0,,,,,,,,,,,r.-53.1.0,r.-53.1.0,,,,,,,,,r.-53.1.0,r.-53.1.0,r.-53.1.0,r.-53.1.0,,,,p.723,p.724,,,,,,,,,,,,,,,,,,,,,,,,,,,,,,,,,,,,,,,,,,,,,,,,,,,,,,,,,,,,,,,,,,,,,,,,,,,,,,,,,,,,,,,,,,,,,,,
252,,,,,,,,,,,,,,,,p.300,r.-66.1.0,,,,,,,p.301,,,,,,,,,,,,,,,,,,,,,,p.302,,,,,,,,,,,,,,,,,,,,,,,,,,,,,,,,,,,,,,,,,p.303,,,,,,,,,,,,,,,,,,p.304,,,,,,,,,,,,,,,,,,,,,,,,,,,,,,p.305,,,,,,,,,,,,,,,,,,,,,,
253,r.-52.1.0,r.-52.1.0,r.-52.1.0,r.-52.1.0,r.-52.1.0,r.-52.1.0,r.-52.1.0,r.-52.1.0,r.-52.1.0,r.-52.1.0,r.-52.1.0,r.-52.1.0,r.-52.1.0,r.-52.1.0,r.-52.1.0,r.-52.1.0,r.-52.1.0,p.299,,,r.-52.1.0,,,r.-52.1.0,,,,r.-52.1.0,r.-52.1.0,r.-52.1.0,,,r.-52.1.0,,,,,,,,,,,r.-52.1.0,r.-52.1.0,r.-52.1.0,r.-52.1.0,r.-52.1.0,,r.-52.1.0,r.-52.1.0,r.-52.1.0,r.-52.1.0,r.-52.1.0,r.-52.1.0,r.-52.1.0,r.-52.1.0,,,,r.-52.1.0,r.-52.1.0,,,,,,,,,,,,,,,,,,,,,,,,,,,,,,,,,,,,,,,,,,,,,,,,,,,,,,,,,,,,,,,,,,,,,,,,,,,,,,,,,,,,,,,,,,,,,,,
254,,,,,,,,,,,,,,,,,,,p.291,,,,,,,,,,,,,p.292,,,,,,,,,,,,,,,,,,,,,,,,,,,,,,,,,,,,,,,,,,,,,,,,,,,,,,,,,,,,,,,,,,,,,,,,,,,,,,,,,,,,,,p.293,,,,,,,,,,,,,,,,,,,,,,,,,,,,,,,,,,,,,,,
255,,,,,,,,,,,,,,,,r.-69.1.0,r.-69.1.0,,,,,,,r.-69.1.0,,r.-69.1.0,,,,,,r.-69.1.0,,,,,,,,,,,,,,r.-69.1.0,,,,,,,,,,,,,,,,,,,,,,r.-69.1.0,r.-69.1.0,r.-69.1.0,r.-69.1.0,r.-69.1.0,r.-69.1.0,r.-69.1.0,r.-69.1.0,r.-69.1.0,r.-69.1.0,r.-69.1.0,r.-69.1.0,r.-69.1.0,r.-69.1.0,,,,,,,,,,,,,,,,,,,,,,,,,,,,,,,,,,,,,,,,,,,,,,,,,,,,,,,,,,,,,,,,,,,,,,,,,,,,
256,,,,,,,,,,,,,,,,,p.289,,,,,,,,,,,,,,,,,,,,,,,,,,,,,,,,,,,,,,,,,,,,,,,,,,,,,,,,,,,,,,,,,,,,,,,,,,,,,,,,,,,,,,,,,,,,,,,,,,,,,,,,,,,,,,,,,,,,,,,,,,,,,,,,,,,,,,,,,,,,
257,,,,,,,,,,,,,,,,r.-56.1.0,r.-56.1.0,,,,,,,r.-56.1.0,,p.209,,,,,,p.286,,,,,,,,,,,,,,r.-56.1.0,,,,,,,,,,,,,,,,,,,,,,p.11,p.12,p.216,p.217,p.218,p.219,p.220,p.221,p.222,p.223,p.224,p.225,p.226,p.227,,,,,,,,,,,,,,,,,,,,,,,,,,p.236,,,,,,,,,,,,,,,,,,,,,,,,,,,,,,,,,,p.288,,,,,,,,p.254,p.255,,p.257,,p.258,p.259,,
258,,,,,,,,,,,,,,,,r.-56.1.0,r.-56.1.0,,,,,,,r.-56.1.0,,p.209,,,,,,p.286,,,,,,,,,,,,,,r.-56.1.0,,,,,,,,,,,,,,,,,,,,,,p.11,p.12,p.216,p.217,p.218,p.219,p.220,p.221,p.222,p.223,p.224,p.225,p.226,p.227,,,,,,,,,,,,,,,,,,,,,,,,,,p.236,,,,,,,,,,,,,,,,,,,,,,,,,,,,,,,,,,p.287,,,,,,,,p.254,p.255,,p.257,,p.258,p.259,,
259,,,,,,,,,,,,,,,,r.-69.1.0,r.-69.1.0,,,,,,,r.-69.1.0,,r.-69.1.0,,,,,,r.-69.1.0,,,,,,,,,,,,,,r.-69.1.0,,,,,,,,,,,,,,,,,,,,,,r.-69.1.0,r.-69.1.0,r.-69.1.0,r.-69.1.0,r.-69.1.0,r.-69.1.0,r.-69.1.0,r.-69.1.0,r.-69.1.0,r.-69.1.0,r.-69.1.0,r.-69.1.0,r.-69.1.0,r.-69.1.0,,,,,,,,,,,,,,,,,,,,,,,,,,,,,,,,,,,,,,,,,,,,,,,,,,,,,,,,,,,,,,,,,,,,,,,,,,,,
260,r.-10.1.0,r.-10.1.0,r.-10.1.0,r.-10.1.0,p.273,p.274,p.275,p.276,p.277,p.278,p.279,p.280,p.281,p.282,p.283,,r.-10.1.0,,,,r.-10.1.0,,,,,,,r.-10.1.0,r.-10.1.0,r.-10.1.0,,,r.-10.1.0,,,,,,,,,,,r.-10.1.0,r.-10.1.0,r.-10.1.0,r.-10.1.0,r.-10.1.0,,,,,,r.-10.1.0,r.-10.1.0,r.-10.1.0,r.-10.1.0,,,,r.-10.1.0,r.-10.1.0,,,,,,,,,,,,,,,,,,,,,,,,,,,,,,p.284,,,,,,,,,,,,,,,,,,,,,,,,,,,,,,,,,,,,,,,,,,,,,,,,,,,,,,,,,,,,,,,,,
261,p.98,p.99,p.100,,,,,,,,,,,,,p.262,,p.208,,,,,,,,,p.210,,,,p.211,p.263,,p.213,,,,,,,,,,,,p.108,,,,,,p.214,p.215,,,,,,,,,,,,,,,,,,,,,,,,,,,,,p.228,p.112,p.113,,,,,,,,,,,p.264,p.233,,,p.235,,,,,,,,,p.237,,,,,,,,p.241,,p.242,,,,,,,p.244,,,,,,,,,,,p.248,p.249,,,,,,,p.253,,,,,,,,,,,,p.265,p.261
262,p.98,p.99,p.100,,,,,,,,,,,,,p.207,,p.208,,,,,,,,p.209,p.210,,,,p.211,p.212,,p.213,,,,,,,,,,,,p.108,,,,,,p.214,p.215,,,,,,,,,,,,,,,p.11,p.12,p.216,p.217,p.218,p.219,p.220,p.221,p.222,p.223,p.224,p.225,p.226,p.227,p.228,p.112,p.113,,,,p.229,p.230,,p.231,,,,p.232,p.233,,p.234,p.235,,,,,,,,p.236,p.237,,,p.238,p.239,p.266,,,p.241,,p.242,,p.243,,,,,p.244,,,,p.245,p.246,p.247,,,,,p.248,p.249,p.250,,p.251,p.252,,,p.253,,,,,p.254,p.255,p.267,p.257,,p.258,p.259,p.260,p.261
263,r.-33.1.0,r.-33.1.0,r.-33.1.0,r.-33.1.0,r.-33.1.0,r.-33.1.0,r.-33.1.0,r.-33.1.0,r.-33.1.0,r.-33.1.0,r.-33.1.0,r.-33.1.0,r.-33.1.0,r.-33.1.0,r.-33.1.0,r.-33.1.0,r.-33.1.0,,,,r.-33.1.0,,,r.-33.1.0,,,,r.-33.1.0,r.-33.1.0,r.-33.1.0,,,r.-33.1.0,,,,,,,,,,,r.-33.1.0,r.-33.1.0,r.-33.1.0,r.-33.1.0,r.-33.1.0,,r.-33.1.0,r.-33.1.0,r.-33.1.0,r.-33.1.0,r.-33.1.0,r.-33.1.0,r.-33.1.0,r.-33.1.0,,,,r.-33.1.0,r.-33.1.0,,,,,,,,,,,,,,,,,,,,,,,,,,,,,,,,,,,,,,,,,,,,,,,,,,,,,,,,,,,,,,,,,,,,,,,,,,,,,,,,,,,,,,,,,,,,,,,
264,r.-71.2.0,r.-71.2.0,r.-71.2.0,r.-71.2.0,r.-71.2.0,r.-71.2.0,r.-71.2.0,r.-71.2.0,r.-71.2.0,r.-71.2.0,r.-71.2.0,r.-71.2.0,r.-71.2.0,r.-71.2.0,r.-71.2.0,,r.-71.2.0,,,,r.-71.2.0,,,,,,,r.-71.2.0,r.-71.2.0,r.-71.2.0,,,r.-71.2.0,,,,,,,,,,,r.-71.2.0,r.-71.2.0,r.-71.2.0,r.-71.2.0,r.-71.2.0,,,,,,r.-71.2.0,r.-71.2.0,r.-71.2.0,r.-71.2.0,,,,r.-71.2.0,r.-71.2.0,,,,,,,,,,,,,,,,,,,,,,,,,,,,,,,,,,,,,,,,,,,,,,,,,,,,,,,,,,,,,,,,,,,,,,,,,,,,,,,,,,,,,,,,,,,,,,,
265,r.-10.1.0,r.-10.1.0,r.-10.1.0,r.-10.1.0,r.-10.1.0,r.-10.1.0,r.-10.1.0,r.-10.1.0,r.-10.1.0,r.-10.1.0,r.-10.1.0,r.-10.1.0,r.-10.1.0,r.-10.1.0,r.-10.1.0,,r.-10.1.0,,,,r.-10.1.0,,,,,,,r.-10.1.0,r.-10.1.0,r.-10.1.0,,,r.-10.1.0,,,,,,,,,,,r.-10.1.0,r.-10.1.0,r.-10.1.0,r.-10.1.0,r.-10.1.0,,,,,,r.-10.1.0,r.-10.1.0,r.-10.1.0,r.-10.1.0,,,,r.-10.1.0,r.-10.1.0,,,,,,,,,,,,,,,,,,,,,,,,,,,,,,,,,,,,,,,,,,,,,,,,,,,,,,,,,,,,,,,,,,,,,,,,,,,,,,,,,,,,,,,,,,,,,,,
266,,,,p.270,,,,,,,,,,,,,p.271,,,,,,,,,,,,,,,,,,,,,,,,,,,,,,,,,,,,,,,,,,,,,,,,,,,,,,,,,,,,,,,,,,,,,,,,,,,,,,,,,,,,,,,,,,,,,,,,,,,,,,,,,,,,,,,,,,,,,,,,,,,,,,,,,,,,,,,,,,,,
267,,,,,,,,,,,,,,,,,p.268,,,,,,,,,,,,,,,,,,,,,,,,,,,,,,,,,,,,,,,,,,,,,,,,,,,,,,,,,,,,,,,,,,,,,,,,,,,,,,,,,,,,,,,,,,,,,,,,,,,,,,,,,,,,,,,,,,,,,,,,,,,,,,,,,,,,,,,,,,,,
268,p.98,p.99,p.100,,,,,,,,,,,,,p.262,,p.208,,,,,,,,,p.210,,,,p.211,p.263,,p.213,,,,,,,,,,,,p.108,,,,,,p.214,p.215,,,,,,,,,,,,,,,,,,,,,,,,,,,,,p.228,p.112,p.113,,,,,,,,,,,p.269,p.233,,,p.235,,,,,,,,,p.237,,,,,,,,p.241,,p.242,,,,,,,p.244,,,,,,,,,,,p.248,p.249,,,,,,,p.253,,,,,,,,,,,,p.265,p.261
269,r.-10.4.0,r.-10.4.0,r.-10.4.0,r.-10.4.0,r.-10.4.0,r.-10.4.0,r.-10.4.0,r.-10.4.0,r.-10.4.0,r.-10.4.0,r.-10.4.0,r.-10.4.0,r.-10.4.0,r.-10.4.0,r.-10.4.0,,r.-10.4.0,,,,r.-10.4.0,,,,,,,r.-10.4.0,r.-10.4.0,r.-10.4.0,,,r.-10.4.0,,,,,,,,,,,r.-10.4.0,r.-10.4.0,r.-10.4.0,r.-10.4.0,r.-10.4.0,,,,,,r.-10.4.0,r.-10.4.0,r.-10.4.0,r.-10.4.0,,,,r.-10.4.0,r.-10.4.0,,,,,,,,,,,,,,,,,,,,,,,,,,,,,,,,,,,,,,,,,,,,,,,,,,,,,,,,,,,,,,,,,,,,,,,,,,,,,,,,,,,,,,,,,,,,,,,
270,p.98,p.99,p.100,,,,,,,,,,,,,p.207,,p.208,,,,,,,,,p.210,,,,p.211,p.263,,p.213,,,,,,,,,,,,p.108,,,,,,p.214,p.215,,,,,,,,,,,,,,,,,,,,,,,,,,,,,p.228,p.112,p.113,,,,p.229,p.230,,p.272,,,,p.232,p.233,,p.234,p.235,,,,,,,,,p.237,,,p.238,p.239,,,,p.241,,p.242,,p.243,,,,,p.244,,,,p.245,p.246,p.247,,,,,p.248,p.249,p.250,,p.251,,,,p.253,,,,,,,,,,,,p.260,p.261
271,r.-52.3.0,r.-52.3.0,r.-52.3.0,r.-52.3.0,r.-52.3.0,r.-52.3.0,r.-52.3.0,r.-52.3.0,r.-52.3.0,r.-52.3.0,r.-52.3.0,r.-52.3.0,r.-52.3.0,r.-52.3.0,r.-52.3.0,r.-52.3.0,r.-52.3.0,,,,r.-52.3.0,,,r.-52.3.0,,,,r.-52.3.0,r.-52.3.0,r.-52.3.0,,,r.-52.3.0,,,,,,,,,,,r.-52.3.0,r.-52.3.0,r.-52.3.0,r.-52.3.0,r.-52.3.0,,r.-52.3.0,r.-52.3.0,r.-52.3.0,r.-52.3.0,r.-52.3.0,r.-52.3.0,r.-52.3.0,r.-52.3.0,,,,r.-52.3.0,r.-52.3.0,,,,,,,,,,,,,,,,,,,,,,,,,,,,,,,,,,,,,,,,,,,,,,,,,,,,,,,,,,,,,,,,,,,,,,,,,,,,,,,,,,,,,,,,,,,,,,,
272,,,,r.-28.3.0,,,,,,,,,,,,,r.-28.3.0,,,,,,,,,,,,,,,,,,,,,,,,,,,,,,,,,,,,,,,,,,,,,,,,,,,,,,,,,,,,,,,,,,,,,,,,,,,,,,,,,,,,,,,,,,,,,,,,,,,,,,,,,,,,,,,,,,,,,,,,,,,,,,,,,,,,,,,,,,,,
273,r.-7.1.0,r.-7.1.0,r.-7.1.0,,,,,,,,,,,,,r.-7.1.0,,r.-7.1.0,,,,,,,,,r.-7.1.0,,,,r.-7.1.0,r.-7.1.0,,r.-7.1.0,,,,,,,,,,,,r.-7.1.0,,,,,,r.-7.1.0,r.-7.1.0,,,,,,,,,,,,,,,,,,,,,,,,,,,,,r.-7.1.0,r.-7.1.0,r.-7.1.0,,,,,,,,,,,,,,,,,,,,,,,,,,,,,,,,,,,,,,,,,,,,,,,,,,,,,,,,,,,,,,,,,,,,,,,,,
274,r.-7.1.0,r.-7.1.0,r.-7.1.0,,,,,,,,,,,,,r.-7.1.0,,r.-7.1.0,,,,,,,,,r.-7.1.0,,,,r.-7.1.0,r.-7.1.0,,r.-7.1.0,,,,,,,,,,,,r.-7.1.0,,,,,,r.-7.1.0,r.-7.1.0,,,,,,,,,,,,,,,,,,,,,,,,,,,,,r.-7.1.0,r.-7.1.0,r.-7.1.0,,,,,,,,,,,,,,,,,,,,,,,,,,,,,,,,,,,,,,,,,,,,,,,,,,,,,,,,,,,,,,,,,,,,,,,,,
275,r.-7.1.0,r.-7.1.0,r.-7.1.0,,,,,,,,,,,,,r.-7.1.0,,r.-7.1.0,,,,,,,,,r.-7.1.0,,,,r.-7.1.0,r.-7.1.0,,r.-7.1.0,,,,,,,,,,,,r.-7.1.0,,,,,,r.-7.1.0,r.-7.1.0,,,,,,,,,,,,,,,,,,,,,,,,,,,,,r.-7.1.0,r.-7.1.0,r.-7.1.0,,,,,,,,,,,,,,,,,,,,,,,,,,,,,,,,,,,,,,,,,,,,,,,,,,,,,,,,,,,,,,,,,,,,,,,,,
276,r.-7.1.0,r.-7.1.0,r.-7.1.0,,,,,,,,,,,,,r.-7.1.0,,r.-7.1.0,,,,,,,,,r.-7.1.0,,,,r.-7.1.0,r.-7.1.0,,r.-7.1.0,,,,,,,,,,,,r.-7.1.0,,,,,,r.-7.1.0,r.-7.1.0,,,,,,,,,,,,,,,,,,,,,,,,,,,,,r.-7.1.0,r.-7.1.0,r.-7.1.0,,,,,,,,,,,,,,,,,,,,,,,,,,,,,,,,,,,,,,,,,,,,,,,,,,,,,,,,,,,,,,,,,,,,,,,,,
277,r.-7.1.0,r.-7.1.0,r.-7.1.0,,,,,,,,,,,,,r.-7.1.0,,r.-7.1.0,,,,,,,,,r.-7.1.0,,,,r.-7.1.0,r.-7.1.0,,r.-7.1.0,,,,,,,,,,,,r.-7.1.0,,,,,,r.-7.1.0,r.-7.1.0,,,,,,,,,,,,,,,,,,,,,,,,,,,,,r.-7.1.0,r.-7.1.0,r.-7.1.0,,,,,,,,,,,,,,,,,,,,,,,,,,,,,,,,,,,,,,,,,,,,,,,,,,,,,,,,,,,,,,,,,,,,,,,,,
278,r.-7.1.0,r.-7.1.0,r.-7.1.0,,,,,,,,,,,,,r.-7.1.0,,r.-7.1.0,,,,,,,,,r.-7.1.0,,,,r.-7.1.0,r.-7.1.0,,r.-7.1.0,,,,,,,,,,,,r.-7.1.0,,,,,,r.-7.1.0,r.-7.1.0,,,,,,,,,,,,,,,,,,,,,,,,,,,,,r.-7.1.0,r.-7.1.0,r.-7.1.0,,,,,,,,,,,,,,,,,,,,,,,,,,,,,,,,,,,,,,,,,,,,,,,,,,,,,,,,,,,,,,,,,,,,,,,,,
279,r.-7.1.0,r.-7.1.0,r.-7.1.0,,,,,,,,,,,,,r.-7.1.0,,r.-7.1.0,,,,,,,,,r.-7.1.0,,,,r.-7.1.0,r.-7.1.0,,r.-7.1.0,,,,,,,,,,,,r.-7.1.0,,,,,,r.-7.1.0,r.-7.1.0,,,,,,,,,,,,,,,,,,,,,,,,,,,,,r.-7.1.0,r.-7.1.0,r.-7.1.0,,,,,,,,,,,,,,,,,,,,,,,,,,,,,,,,,,,,,,,,,,,,,,,,,,,,,,,,,,,,,,,,,,,,,,,,,
280,r.-7.1.0,r.-7.1.0,r.-7.1.0,,,,,,,,,,,,,r.-7.1.0,,r.-7.1.0,,,,,,,,,r.-7.1.0,,,,r.-7.1.0,r.-7.1.0,,r.-7.1.0,,,,,,,,,,,,r.-7.1.0,,,,,,r.-7.1.0,r.-7.1.0,,,,,,,,,,,,,,,,,,,,,,,,,,,,,r.-7.1.0,r.-7.1.0,r.-7.1.0,,,,,,,,,,,,,,,,,,,,,,,,,,,,,,,,,,,,,,,,,,,,,,,,,,,,,,,,,,,,,,,,,,,,,,,,,
281,r.-7.1.0,r.-7.1.0,r.-7.1.0,,,,,,,,,,,,,r.-7.1.0,,r.-7.1.0,,,,,,,,,r.-7.1.0,,,,r.-7.1.0,r.-7.1.0,,r.-7.1.0,,,,,,,,,,,,r.-7.1.0,,,,,,r.-7.1.0,r.-7.1.0,,,,,,,,,,,,,,,,,,,,,,,,,,,,,r.-7.1.0,r.-7.1.0,r.-7.1.0,,,,,,,,,,,,,,,,,,,,,,,,,,,,,,,,,,,,,,,,,,,,,,,,,,,,,,,,,,,,,,,,,,,,,,,,,
282,r.-7.1.0,r.-7.1.0,r.-7.1.0,,,,,,,,,,,,,r.-7.1.0,,r.-7.1.0,,,,,,,,,r.-7.1.0,,,,r.-7.1.0,r.-7.1.0,,r.-7.1.0,,,,,,,,,,,,r.-7.1.0,,,,,,r.-7.1.0,r.-7.1.0,,,,,,,,,,,,,,,,,,,,,,,,,,,,,r.-7.1.0,r.-7.1.0,r.-7.1.0,,,,,,,,,,,,,,,,,,,,,,,,,,,,,,,,,,,,,,,,,,,,,,,,,,,,,,,,,,,,,,,,,,,,,,,,,
283,r.-7.1.0,r.-7.1.0,r.-7.1.0,,,,,,,,,,,,,r.-7.1.0,,r.-7.1.0,,,,,,,,,r.-7.1.0,,,,r.-7.1.0,r.-7.1.0,,r.-7.1.0,,,,,,,,,,,,r.-7.1.0,,,,,,r.-7.1.0,r.-7.1.0,,,,,,,,,,,,,,,,,,,,,,,,,,,,,r.-7.1.0,r.-7.1.0,r.-7.1.0,,,,,,,,,,,,,,,,,,,,,,,,,,,,,,,,,,,,,,,,,,,,,,,,,,,,,,,,,,,,,,,,,,,,,,,,,
284,p.98,p.99,p.100,,,,,,,,,,,,,p.207,,p.208,,,,,,,,,p.210,,,,p.211,p.263,,p.213,,,,,,,,,,,,p.108,,,,,,p.214,p.215,,,,,,,,,,,,,,,,,,,,,,,,,,,,,p.228,p.112,p.113,,,,p.229,p.230,,p.285,,,,p.232,p.233,,p.234,p.235,,,,,,,,,p.237,,,p.238,p.239,,,,p.241,,p.242,,p.243,,,,,p.244,,,,p.245,p.246,p.247,,,,,p.248,p.249,p.250,,p.251,,,,p.253,,,,,,,,,,,,p.260,p.261
285,,,,r.-6.3.0,,,,,,,,,,,,,r.-6.3.0,,,,,,,,,,,,,,,,,,,,,,,,,,,,,,,,,,,,,,,,,,,,,,,,,,,,,,,,,,,,,,,,,,,,,,,,,,,,,,,,,,,,,,,,,,,,,,,,,,,,,,,,,,,,,,,,,,,,,,,,,,,,,,,,,,,,,,,,,,,,
286,,,,,,,,,,,,,,,,r.-70.1.0,r.-70.1.0,,,,,,,r.-70.1.0,,r.-70.1.0,,,,,,r.-70.1.0,,,,,,,,,,,,,,r.-70.1.0,,,,,,,,,,,,,,,,,,,,,,r.-70.1.0,r.-70.1.0,r.-70.1.0,r.-70.1.0,r.-70.1.0,r.-70.1.0,r.-70.1.0,r.-70.1.0,r.-70.1.0,r.-70.1.0,r.-70.1.0,r.-70.1.0,r.-70.1.0,r.-70.1.0,,,,,,,,,,,,,,,,,,,,,,,,,,,,,,,,,,,,,,,,,,,,,,,,,,,,,,,,,,,,,,,,,,,,,,,,,,,,
287,,,,,,,,,,,,,,,,r.-56.2.0,r.-56.2.0,,,,,,,r.-56.2.0,,,,,,,,,,,,,,,,,,,,,,r.-56.2.0,,,,,,,,,,,,,,,,,,,,,,,,,,,,,,,,,,,,,,,,,,,,,,,,,,,,,,,,,,,,,,,,,,,,,,,,,,,,,,,,,,,,,,,,,,,,,,,,,,,,,,,,,,,,,,,
288,,,,,,,,,,,,,,,,r.-56.2.0,r.-56.2.0,,,,,,,r.-56.2.0,,,,,,,,,,,,,,,,,,,,,,r.-56.2.0,,,,,,,,,,,,,,,,,,,,,,,,,,,,,,,,,,,,,,,,,,,,,,,,,,,,,,,,,,,,,,,,,,,,,,,,,,,,,,,,,,,,,,,,,,,,,,,,,,,,,,,,,,,,,,,
289,p.98,p.99,p.100,,,,,,,,,,,,,p.204,,p.171,,,,,,,,,p.172,,,,p.173,p.174,,p.175,,,,,,,,,,,,p.108,,,,,,p.176,p.177,,,,,,,,,,,,,,,,,,,,,,,,,,,,,p.178,p.112,p.113,,,,,,,,,,,p.290,p.183,,,p.185,,,,,,,,,p.186,,,,,,,,p.190,,p.191,,,,,,,p.193,,,,,,,,,,,p.197,p.198,,,,,,,p.201,,,,,,,,,,,,p.206,p.203
290,r.-10.4.0,r.-10.4.0,r.-10.4.0,r.-10.4.0,r.-10.4.0,r.-10.4.0,r.-10.4.0,r.-10.4.0,r.-10.4.0,r.-10.4.0,r.-10.4.0,r.-10.4.0,r.-10.4.0,r.-10.4.0,r.-10.4.0,,,,,,r.-10.4.0,,,,r.-10.4.0,,,r.-10.4.0,r.-10.4.0,r.-10.4.0,,,r.-10.4.0,,,,,,,,,,,r.-10.4.0,r.-10.4.0,r.-10.4.0,r.-10.4.0,r.-10.4.0,,,,,,r.-10.4.0,r.-10.4.0,r.-10.4.0,r.-10.4.0,,,,r.-10.4.0,r.-10.4.0,,,,,,,,,,,,,,,,,,,,,,,,,,,,,,,,,,,,,,,,,,,,,,,,,,,,,,,,,,,,,,,,,,,,,,,,,,,,,,,,,,,,,,,,,,,,,,,
291,,,,,,,,,,,,,,,,,,,,,,,,,,p.48,,,,,,p.49,,,,,,,,,,,,,,,,,,,,,,,,,,,,,,,,,,,,p.11,p.12,p.50,p.51,p.52,p.53,p.54,p.55,p.56,p.57,p.58,p.59,p.60,p.61,,,,,,,,,,,,,,,,,,,,,,,,,,p.62,,,,,,,,,,,,,,,,,,,,,,,,,,,,,,,,,,p.63,,,,p.64,p.297,,,p.66,p.67,,p.68,,p.69,p.70,,
292,,,,,,,,,,,,,,,,r.-33.1.0,r.-33.1.0,,r.-33.1.0,,,,,r.-33.1.0,,r.-33.1.0,,,,,,r.-33.1.0,,,,,,,,,,,,,,r.-33.1.0,,,,,,,,,,,,,,,,,,,,,,r.-33.1.0,r.-33.1.0,r.-33.1.0,r.-33.1.0,r.-33.1.0,r.-33.1.0,r.-33.1.0,r.-33.1.0,r.-33.1.0,r.-33.1.0,r.-33.1.0,r.-33.1.0,r.-33.1.0,r.-33.1.0,,,,,,,,,,,,,,,,,,,,,,,,,,,,,,,,,,,,,,,,,,,,,,,,,,,,,,,,,,,,,,,,,,,,,,,,,,,,
293,,,,,,,,,,,,,,,,r.-65.2.0,r.-65.2.0,,p.294,,,,,r.-65.2.0,,r.-65.2.0,,,,,,r.-65.2.0,,,,,,,,,,,,,,r.-65.2.0,,,,,,,,,,,,,,,,,,,,,,r.-65.2.0,r.-65.2.0,r.-65.2.0,r.-65.2.0,r.-65.2.0,r.-65.2.0,r.-65.2.0,r.-65.2.0,r.-65.2.0,r.-65.2.0,r.-65.2.0,r.-65.2.0,r.-65.2.0,r.-65.2.0,,,,,,,,,,,,,,,,,,,,,,,,,,,,,,,,,,,,,,,,,,,,,,,,,,,,,,,,,,,,,,,,,,,,,,,,,,,,
294,,,,,,,,,,,,,,,,,,,,,,,,,,p.48,,,,,,p.49,,,,,,,,,,,,,,,,,,,,,,,,,,,,,,,,,,,,p.11,p.12,p.50,p.51,p.52,p.53,p.54,p.55,p.56,p.57,p.58,p.59,p.60,p.61,,,,,,,,,,,,,,,,,,,,,,,,,,p.62,,,,,,,,,,,,,,,,,,,,,,,,,,,,,,,,,,p.63,,,,p.64,p.295,,,p.66,p.67,,p.68,,p.69,p.70,,
295,,,,,,,,,,,,,,,,,,,,p.296,,,,,,p.48,,,,,,p.49,,,,,,,,,,,,,,,,,,,,,,,,,,,,,,,,,,,,p.11,p.12,p.50,p.51,p.52,p.53,p.54,p.55,p.56,p.57,p.58,p.59,p.60,p.61,,,,,,,,,,,,,,,,,,,,,,,,,,p.62,,,,,,,,,,,,,,,,,,,,,,,,,,,,,,,,,,p.63,,,,p.79,,,,p.66,p.67,,p.68,,p.69,p.70,,
296,,,,,,,,,,,,,,,,r.-65.5.0,r.-65.5.0,,,,,,,r.-65.5.0,,r.-65.5.0,,,,,,r.-65.5.0,,,,,,,,,,,,,,r.-65.5.0,,,,,,,,,,,,,,,,,,,,,,r.-65.5.0,r.-65.5.0,r.-65.5.0,r.-65.5.0,r.-65.5.0,r.-65.5.0,r.-65.5.0,r.-65.5.0,r.-65.5.0,r.-65.5.0,r.-65.5.0,r.-65.5.0,r.-65.5.0,r.-65.5.0,,,,,,,,,,,,,,,,,,,,,,,,,,,,,,,,,,,,,,,,,,,,,,,,,,,,,,,,,,,,,,,,,,,,,,,,,,,,
297,,,,,,,,,,,,,,,,,,,,p.298,,,,,,p.48,,,,,,p.49,,,,,,,,,,,,,,,,,,,,,,,,,,,,,,,,,,,,p.11,p.12,p.50,p.51,p.52,p.53,p.54,p.55,p.56,p.57,p.58,p.59,p.60,p.61,,,,,,,,,,,,,,,,,,,,,,,,,,p.62,,,,,,,,,,,,,,,,,,,,,,,,,,,,,,,,,,p.63,,,,p.79,,,,p.66,p.67,,p.68,,p.69,p.70,,
298,,,,,,,,,,,,,,,,r.-65.4.0,r.-65.4.0,,,,,,,r.-65.4.0,,r.-65.4.0,,,,,,r.-65.4.0,,,,,,,,,,,,,,r.-65.4.0,,,,,,,,,,,,,,,,,,,,,,r.-65.4.0,r.-65.4.0,r.-65.4.0,r.-65.4.0,r.-65.4.0,r.-65.4.0,r.-65.4.0,r.-65.4.0,r.-65.4.0,r.-65.4.0,r.-65.4.0,r.-65.4.0,r.-65.4.0,r.-65.4.0,,,,,,,,,,,,,,,,,,,,,,,,,,,,,,,,,,,,,,,,,,,,,,,,,,,,,,,,,,,,,,,,,,,,,,,,,,,,
299,r.-59.2.0,r.-59.2.0,r.-59.2.0,r.-59.2.0,r.-59.2.0,r.-59.2.0,r.-59.2.0,r.-59.2.0,r.-59.2.0,r.-59.2.0,r.-59.2.0,r.-59.2.0,r.-59.2.0,r.-59.2.0,r.-59.2.0,r.-59.2.0,r.-59.2.0,r.-59.2.0,,,r.-59.2.0,,,r.-59.2.0,,,,r.-59.2.0,r.-59.2.0,r.-59.2.0,,,r.-59.2.0,,,,,,,,,,,r.-59.2.0,r.-59.2.0,r.-59.2.0,r.-59.2.0,r.-59.2.0,,r.-59.2.0,r.-59.2.0,r.-59.2.0,r.-59.2.0,r.-59.2.0,r.-59.2.0,r.-59.2.0,r.-59.2.0,,,,r.-59.2.0,r.-59.2.0,,,,,,,,,,,,,,,,,,,,,,,,,,,,,,,,,,,,,,,,,,,,,,,,,,,,,,,,,,,,,,,,,,,,,,,,,,,,,,,,,,,,,,,,,,,,,,,
300,,,,,,,,,,,,,,,,p.300,p.435,,,,,,,p.301,,p.313,,,,,,p.314,,,,,,,,,,,,,,p.302,,,,,,,,,,,,,,,,,p.315,p.316,p.317,p.318,p.319,p.11,p.12,p.320,p.321,p.322,p.323,p.324,p.325,p.326,p.327,p.328,p.329,p.330,p.331,,,,,,p.436,,,,,,,,,,,,,,,,p.332,,p.304,,p.333,,,,,,,,,,,,,,,,,,,,,,,,,p.334,p.335,p.438,p.305,,,,,,,,p.337,,,,,,p.338,p.339,,p.340,,p.341,p.342,,
301,p.98,p.99,p.100,,,,,,,,,,,,,p.101,,p.102,,,,,,,p.720,,p.104,,,,p.105,p.106,,p.107,,,,,,,,,,,,p.108,,,,,,p.109,p.110,,,,,,,,,,,,,,,,,,,,,,,,,,,,,p.111,p.112,p.113,,,,p.114,p.115,,,,,,p.116,p.117,,p.118,p.119,p.721,,,,,,,,p.121,,,p.122,p.123,,,,p.124,,p.125,,p.126,,,,,p.127,,,,p.128,p.129,p.130,,,,,p.131,p.132,p.133,,p.134,,,,p.135,,,,,,,,,,,,p.136,p.137
302,,,,,,,,,,,,,,,,r.-50.1.0,r.-50.1.0,,,,,,,r.-50.1.0,,,,,,,,,,,,,,,,,,,,,,p.302,,,,,,,,,,,,,,,,,,,,,,,,p.713,p.714,,,,,,,,,,,,,,,,,,,,,,,,,,,,,,,,,,,,,,,,,,,,,,,,,,,,,,,,,,,,,,,,p.715,,,,,,,,,,,,,,,,,p.716,p.717,,,,
303,,,,,,,,,,,,,,,,,r.-66.2.0,,,,,,,,,,,,,,,,,,,,,,,,,,,,,,,,,,,,,,,,,,,,,,,,,,,,,,,,,,,,,,,,,,,,,,,,,,,,,,,,,,,,,,,,,,,,,,,,,,,,,,,,,,,,,,,,,,,,,,,,,,,,,,,,,,,,,,,,,,,,
304,,,,,,,,,,,,,,,,p.307,r.-2.1.0,,,,,,,p.308,,,,,,,,,,,,,,,,,,,,,,,,,,,,,,,,,,,,,,,,,,,,,,,,,,,,,,,,,,,,,,,,,,,,,,,,,,,,,,,,,,,,,,,,,,,,,,,,,,,,,,,,,,,,,,,,,,,,,,,,,,,,,,,,,,,,,
305,,,,,,,,,,,,,,,,p.300,r.-2.1.0,,,,,,,p.301,,,,,,,,,,,,,,,,,,,,,,,,,,,,,,,,,,,,,,,,,,,,,,,,,,,,,,,,,,,,,,,,,,,,,,,,,,,,,,,,,p.306,,,,,,,,,,,,,,,,,,,,,,,,,,,,,,,,,,,,,,,,,,,,,,,,,,,,
306,,,,,,,,,,,,,,,,p.307,r.-2.2.0,,,,,,,p.308,,,,,,,,,,,,,,,,,,,,,,,,,,,,,,,,,,,,,,,,,,,,,,,,,,,,,,,,,,,,,,,,,,,,,,,,,,,,,,,,,,,,,,,,,,,,,,,,,,,,,,,,,,,,,,,,,,,,,,,,,,,,,,,,,,,,,
307,,,,,,,,,,,,,,,,,p.312,,,,,,,,,p.313,,,,,,p.314,,,,,,,,,,,,,,,,,,,,,,,,,,,,,,,p.315,p.316,p.317,p.318,p.319,p.11,p.12,p.320,p.321,p.322,p.323,p.324,p.325,p.326,p.327,p.328,p.329,p.330,p.331,,,,,,,,,,,,,,,,,,,,,,p.332,,,,p.333,,,,,,,,,,,,,,,,,,,,,,,,,p.334,p.335,p.336,,,,,,,,,p.337,,,,,,p.338,p.339,,p.340,,p.341,p.342,,
308,p.98,p.99,p.100,,,,,,,,,,,,,p.101,,p.102,,,,,,,p.309,,p.104,,,,p.105,p.106,,p.107,,,,,,,,,,,,p.108,,,,,,p.109,p.110,,,,,,,,,,,,,,,,,,,,,,,,,,,,,p.111,p.112,p.113,,,,p.114,p.115,,,,,,p.116,p.117,,p.118,p.119,p.310,,,,,,,,p.121,,,p.122,p.123,,,,p.124,,p.125,,p.126,,,,,p.127,,,,p.128,p.129,p.130,,,,,p.131,p.132,p.133,,p.134,,,,p.135,,,,,,,,,,,,p.136,p.137
309,,,,,,,,,,,,,,,,r.-20.3.0,r.-20.3.0,,,,,,,r.-20.3.0,,,,,,,,,,,,,,,,,,,,,,,,,,,,,,,,,,,,,,,,,,,,,,,,,,,,,,,,,,,,,,,,,,,,,,,,,,,,,,,,,,,,,,,,,,,,,,,,,,,,,,,,,,,,,,,,,,,,,,,,,,,,,,,,,,,,,
310,,,,,,,,,,,,,,,,,,,,,,,,,p.311,,,,,,,,,,,,,,,,,,,,,,,,,,,,,,,,,,,,,,,,,,,,,,,,,,,,,,,,,,,,,,,,,,,,,,,,,,,,,,,,,,,,,,,,,,,,,,,,,,,,,,,,,,,,,,,,,,,,,,,,,,,,,,,,,,,,
311,,,,,,,,,,,,,,,,r.-20.4.0,r.-20.4.0,,,,,,,r.-20.4.0,,,,,,,,,,,,,,,,,,,,,,,,,,,,,,,,,,,,,,,,,,,,,,,,,,,,,,,,,,,,,,,,,,,,,,,,,,,,,,,,,,,,,,,,,,,,,,,,,,,,,,,,,,,,,,,,,,,,,,,,,,,,,,,,,,,,,
312,,,,,,,,,,,,,,,,r.-20.3.0,r.-20.3.0,,,,,,,r.-20.3.0,,,,,,,,,,,,,,,,,,,,,,,,,,,,,,,,,,,,,,,,,,,,,,,,,,,,,,,,,,,,,,,,,,,,,,,,,,,,,,,,,,,,,,,,,,,,,,,,,,,,,,,,,,,,,,,,,,,,,,,,,,,,,,,,,,,,,
313,,,,,,,,,,,,,,,,,,,p.442,,,,,,,,,,,,,p.346,,,,,,,,,,,,,,,,,,,,,,,,,,,,,,,,,,,,,,,,,,,,,,,,,,,,,,,,,,,,,,,,,,,,,,,,,,,,,,,,,,,,,,p.443,,,,,,,,,,,,,,,,,,,,,,,,,,,,,,,,,,,,,,,
314,,,,r.-70.1.0,,,,,,,,,,,,r.-70.1.0,r.-70.1.0,,,,,,,r.-70.1.0,,r.-70.1.0,,,,,,r.-70.1.0,,,,,,,,,,,,,,r.-70.1.0,,,,,,,,,,,,,,,,,r.-70.1.0,r.-70.1.0,r.-70.1.0,r.-70.1.0,r.-70.1.0,r.-70.1.0,r.-70.1.0,r.-70.1.0,r.-70.1.0,r.-70.1.0,r.-70.1.0,r.-70.1.0,r.-70.1.0,r.-70.1.0,r.-70.1.0,r.-70.1.0,r.-70.1.0,r.-70.1.0,r.-70.1.0,,,,,,,,,,,,,,,,,,,,,,,,,,,,,,,,,,,,,,,,,,,,,,,,,,,,,,,,,,,,,,,,,,,,,,,,,,,,
315,,,,r.-58.1.0,,,,,,,,,,,,r.-58.1.0,r.-58.1.0,,,,,,,r.-58.1.0,,r.-58.1.0,,,,,,r.-58.1.0,,,,,,,,,,,,,,r.-58.1.0,,,,,,,,,,,,,,,,,r.-58.1.0,r.-58.1.0,r.-58.1.0,r.-58.1.0,r.-58.1.0,r.-58.1.0,r.-58.1.0,r.-58.1.0,r.-58.1.0,r.-58.1.0,r.-58.1.0,r.-58.1.0,r.-58.1.0,r.-58.1.0,r.-58.1.0,r.-58.1.0,r.-58.1.0,r.-58.1.0,r.-58.1.0,,,,,,,,,,,,,,,,,,,,,,,,,,,,,,,,,,,,,,,,,,,,,,,,,,,,,,,,,,,,,,,,,,,,,,,,,,,,
316,,,,r.-58.1.0,,,,,,,,,,,,r.-58.1.0,r.-58.1.0,,,,,,,r.-58.1.0,,r.-58.1.0,,,,,,r.-58.1.0,,,,,,,,,,,,,,r.-58.1.0,,,,,,,,,,,,,,,,,r.-58.1.0,r.-58.1.0,r.-58.1.0,r.-58.1.0,r.-58.1.0,r.-58.1.0,r.-58.1.0,r.-58.1.0,r.-58.1.0,r.-58.1.0,r.-58.1.0,r.-58.1.0,r.-58.1.0,r.-58.1.0,r.-58.1.0,r.-58.1.0,r.-58.1.0,r.-58.1.0,r.-58.1.0,,,,,,,,,,,,,,,,,,,,,,,,,,,,,,,,,,,,,,,,,,,,,,,,,,,,,,,,,,,,,,,,,,,,,,,,,,,,
317,,,,r.-58.1.0,,,,,,,,,,,,r.-58.1.0,r.-58.1.0,,,,,,,r.-58.1.0,,r.-58.1.0,,,,,,r.-58.1.0,,,,,,,,,,,,,,r.-58.1.0,,,,,,,,,,,,,,,,,r.-58.1.0,r.-58.1.0,r.-58.1.0,r.-58.1.0,r.-58.1.0,r.-58.1.0,r.-58.1.0,r.-58.1.0,r.-58.1.0,r.-58.1.0,r.-58.1.0,r.-58.1.0,r.-58.1.0,r.-58.1.0,r.-58.1.0,r.-58.1.0,r.-58.1.0,r.-58.1.0,r.-58.1.0,,,,,,,,,,,,,,,,,,,,,,,,,,,,,,,,,,,,,,,,,,,,,,,,,,,,,,,,,,,,,,,,,,,,,,,,,,,,
318,,,,r.-58.1.0,,,,,,,,,,,,r.-58.1.0,r.-58.1.0,,,,,,,r.-58.1.0,,r.-58.1.0,,,,,,r.-58.1.0,,,,,,,,,,,,,,r.-58.1.0,,,,,,,,,,,,,,,,,r.-58.1.0,r.-58.1.0,r.-58.1.0,r.-58.1.0,r.-58.1.0,r.-58.1.0,r.-58.1.0,r.-58.1.0,r.-58.1.0,r.-58.1.0,r.-58.1.0,r.-58.1.0,r.-58.1.0,r.-58.1.0,r.-58.1.0,r.-58.1.0,r.-58.1.0,r.-58.1.0,r.-58.1.0,,,,,,,,,,,,,,,,,,,,,,,,,,,,,,,,,,,,,,,,,,,,,,,,,,,,,,,,,,,,,,,,,,,,,,,,,,,,
319,,,,r.-58.1.0,,,,,,,,,,,,r.-58.1.0,r.-58.1.0,,,,,,,r.-58.1.0,,r.-58.1.0,,,,,,r.-58.1.0,,,,,,,,,,,,,,r.-58.1.0,,,,,,,,,,,,,,,,,r.-58.1.0,r.-58.1.0,r.-58.1.0,r.-58.1.0,r.-58.1.0,r.-58.1.0,r.-58.1.0,r.-58.1.0,r.-58.1.0,r.-58.1.0,r.-58.1.0,r.-58.1.0,r.-58.1.0,r.-58.1.0,r.-58.1.0,r.-58.1.0,r.-58.1.0,r.-58.1.0,r.-58.1.0,,,,,,,,,,,,,,,,,,,,,,,,,,,,,,,,,,,,,,,,,,,,,,,,,,,,,,,,,,,,,,,,,,,,,,,,,,,,
320,,,,r.-67.1.0,,,,,,,,,,,,r.-67.1.0,r.-67.1.0,,,,,,,r.-67.1.0,,r.-67.1.0,,,,,,r.-67.1.0,,,,,,,,,,,,,,r.-67.1.0,,,,,,,,,,,,,,,,,r.-67.1.0,r.-67.1.0,r.-67.1.0,r.-67.1.0,r.-67.1.0,r.-67.1.0,r.-67.1.0,r.-67.1.0,r.-67.1.0,r.-67.1.0,r.-67.1.0,r.-67.1.0,r.-67.1.0,r.-67.1.0,r.-67.1.0,r.-67.1.0,r.-67.1.0,r.-67.1.0,r.-67.1.0,,,,,,,,,,,,,,,,,,,,,,,,,,,,,,,,,,,,,,,,,,,,,,,,,,,,,,,,,,,,,,,,,,,,,,,,,,,,
321,,,,r.-67.1.0,,,,,,,,,,,,r.-67.1.0,r.-67.1.0,,,,,,,r.-67.1.0,,r.-67.1.0,,,,,,r.-67.1.0,,,,,,,,,,,,,,r.-67.1.0,,,,,,,,,,,,,,,,,r.-67.1.0,r.-67.1.0,r.-67.1.0,r.-67.1.0,r.-67.1.0,r.-67.1.0,r.-67.1.0,r.-67.1.0,r.-67.1.0,r.-67.1.0,r.-67.1.0,r.-67.1.0,r.-67.1.0,r.-67.1.0,r.-67.1.0,r.-67.1.0,r.-67.1.0,r.-67.1.0,r.-67.1.0,,,,,,,,,,,,,,,,,,,,,,,,,,,,,,,,,,,,,,,,,,,,,,,,,,,,,,,,,,,,,,,,,,,,,,,,,,,,
322,,,,r.-69.1.0,,,,,,,,,,,,r.-69.1.0,r.-69.1.0,,,,,,,r.-69.1.0,,r.-69.1.0,,,,,,r.-69.1.0,,,,,,,,,,,,,,r.-69.1.0,,,,,,,,,,,,,,,,,r.-69.1.0,r.-69.1.0,r.-69.1.0,r.-69.1.0,r.-69.1.0,r.-69.1.0,r.-69.1.0,r.-69.1.0,r.-69.1.0,r.-69.1.0,r.-69.1.0,r.-69.1.0,r.-69.1.0,r.-69.1.0,r.-69.1.0,r.-69.1.0,r.-69.1.0,r.-69.1.0,r.-69.1.0,,,,,,,,,,,,,,,,,,,,,,,,,,,,,,,,,,,,,,,,,,,,,,,,,,,,,,,,,,,,,,,,,,,,,,,,,,,,
323,,,,r.-69.1.0,,,,,,,,,,,,r.-69.1.0,r.-69.1.0,,,,,,,r.-69.1.0,,r.-69.1.0,,,,,,r.-69.1.0,,,,,,,,,,,,,,r.-69.1.0,,,,,,,,,,,,,,,,,r.-69.1.0,r.-69.1.0,r.-69.1.0,r.-69.1.0,r.-69.1.0,r.-69.1.0,r.-69.1.0,r.-69.1.0,r.-69.1.0,r.-69.1.0,r.-69.1.0,r.-69.1.0,r.-69.1.0,r.-69.1.0,r.-69.1.0,r.-69.1.0,r.-69.1.0,r.-69.1.0,r.-69.1.0,,,,,,,,,,,,,,,,,,,,,,,,,,,,,,,,,,,,,,,,,,,,,,,,,,,,,,,,,,,,,,,,,,,,,,,,,,,,
324,,,,r.-69.1.0,,,,,,,,,,,,r.-69.1.0,r.-69.1.0,,,,,,,r.-69.1.0,,r.-69.1.0,,,,,,r.-69.1.0,,,,,,,,,,,,,,r.-69.1.0,,,,,,,,,,,,,,,,,r.-69.1.0,r.-69.1.0,r.-69.1.0,r.-69.1.0,r.-69.1.0,r.-69.1.0,r.-69.1.0,r.-69.1.0,r.-69.1.0,r.-69.1.0,r.-69.1.0,r.-69.1.0,r.-69.1.0,r.-69.1.0,r.-69.1.0,r.-69.1.0,r.-69.1.0,r.-69.1.0,r.-69.1.0,,,,,,,,,,,,,,,,,,,,,,,,,,,,,,,,,,,,,,,,,,,,,,,,,,,,,,,,,,,,,,,,,,,,,,,,,,,,
325,,,,r.-69.1.0,,,,,,,,,,,,r.-69.1.0,r.-69.1.0,,,,,,,r.-69.1.0,,r.-69.1.0,,,,,,r.-69.1.0,,,,,,,,,,,,,,r.-69.1.0,,,,,,,,,,,,,,,,,r.-69.1.0,r.-69.1.0,r.-69.1.0,r.-69.1.0,r.-69.1.0,r.-69.1.0,r.-69.1.0,r.-69.1.0,r.-69.1.0,r.-69.1.0,r.-69.1.0,r.-69.1.0,r.-69.1.0,r.-69.1.0,r.-69.1.0,r.-69.1.0,r.-69.1.0,r.-69.1.0,r.-69.1.0,,,,,,,,,,,,,,,,,,,,,,,,,,,,,,,,,,,,,,,,,,,,,,,,,,,,,,,,,,,,,,,,,,,,,,,,,,,,
326,,,,r.-69.1.0,,,,,,,,,,,,r.-69.1.0,r.-69.1.0,,,,,,,r.-69.1.0,,r.-69.1.0,,,,,,r.-69.1.0,,,,,,,,,,,,,,r.-69.1.0,,,,,,,,,,,,,,,,,r.-69.1.0,r.-69.1.0,r.-69.1.0,r.-69.1.0,r.-69.1.0,r.-69.1.0,r.-69.1.0,r.-69.1.0,r.-69.1.0,r.-69.1.0,r.-69.1.0,r.-69.1.0,r.-69.1.0,r.-69.1.0,r.-69.1.0,r.-69.1.0,r.-69.1.0,r.-69.1.0,r.-69.1.0,,,,,,,,,,,,,,,,,,,,,,,,,,,,,,,,,,,,,,,,,,,,,,,,,,,,,,,,,,,,,,,,,,,,,,,,,,,,
327,,,,r.-69.1.0,,,,,,,,,,,,r.-69.1.0,r.-69.1.0,,,,,,,r.-69.1.0,,r.-69.1.0,,,,,,r.-69.1.0,,,,,,,,,,,,,,r.-69.1.0,,,,,,,,,,,,,,,,,r.-69.1.0,r.-69.1.0,r.-69.1.0,r.-69.1.0,r.-69.1.0,r.-69.1.0,r.-69.1.0,r.-69.1.0,r.-69.1.0,r.-69.1.0,r.-69.1.0,r.-69.1.0,r.-69.1.0,r.-69.1.0,r.-69.1.0,r.-69.1.0,r.-69.1.0,r.-69.1.0,r.-69.1.0,,,,,,,,,,,,,,,,,,,,,,,,,,,,,,,,,,,,,,,,,,,,,,,,,,,,,,,,,,,,,,,,,,,,,,,,,,,,
328,,,,r.-69.1.0,,,,,,,,,,,,r.-69.1.0,r.-69.1.0,,,,,,,r.-69.1.0,,r.-69.1.0,,,,,,r.-69.1.0,,,,,,,,,,,,,,r.-69.1.0,,,,,,,,,,,,,,,,,r.-69.1.0,r.-69.1.0,r.-69.1.0,r.-69.1.0,r.-69.1.0,r.-69.1.0,r.-69.1.0,r.-69.1.0,r.-69.1.0,r.-69.1.0,r.-69.1.0,r.-69.1.0,r.-69.1.0,r.-69.1.0,r.-69.1.0,r.-69.1.0,r.-69.1.0,r.-69.1.0,r.-69.1.0,,,,,,,,,,,,,,,,,,,,,,,,,,,,,,,,,,,,,,,,,,,,,,,,,,,,,,,,,,,,,,,,,,,,,,,,,,,,
329,,,,r.-69.1.0,,,,,,,,,,,,r.-69.1.0,r.-69.1.0,,,,,,,r.-69.1.0,,r.-69.1.0,,,,,,r.-69.1.0,,,,,,,,,,,,,,r.-69.1.0,,,,,,,,,,,,,,,,,r.-69.1.0,r.-69.1.0,r.-69.1.0,r.-69.1.0,r.-69.1.0,r.-69.1.0,r.-69.1.0,r.-69.1.0,r.-69.1.0,r.-69.1.0,r.-69.1.0,r.-69.1.0,r.-69.1.0,r.-69.1.0,r.-69.1.0,r.-69.1.0,r.-69.1.0,r.-69.1.0,r.-69.1.0,,,,,,,,,,,,,,,,,,,,,,,,,,,,,,,,,,,,,,,,,,,,,,,,,,,,,,,,,,,,,,,,,,,,,,,,,,,,
330,,,,r.-69.1.0,,,,,,,,,,,,r.-69.1.0,r.-69.1.0,,,,,,,r.-69.1.0,,r.-69.1.0,,,,,,r.-69.1.0,,,,,,,,,,,,,,r.-69.1.0,,,,,,,,,,,,,,,,,r.-69.1.0,r.-69.1.0,r.-69.1.0,r.-69.1.0,r.-69.1.0,r.-69.1.0,r.-69.1.0,r.-69.1.0,r.-69.1.0,r.-69.1.0,r.-69.1.0,r.-69.1.0,r.-69.1.0,r.-69.1.0,r.-69.1.0,r.-69.1.0,r.-69.1.0,r.-69.1.0,r.-69.1.0,,,,,,,,,,,,,,,,,,,,,,,,,,,,,,,,,,,,,,,,,,,,,,,,,,,,,,,,,,,,,,,,,,,,,,,,,,,,
331,,,,r.-70.1.0,,,,,,,,,,,,r.-70.1.0,r.-70.1.0,,,,,,,r.-70.1.0,,r.-70.1.0,,,,,,r.-70.1.0,,,,,,,,,,,,,,r.-70.1.0,,,,,,,,,,,,,,,,,r.-70.1.0,r.-70.1.0,r.-70.1.0,r.-70.1.0,r.-70.1.0,r.-70.1.0,r.-70.1.0,r.-70.1.0,r.-70.1.0,r.-70.1.0,r.-70.1.0,r.-70.1.0,r.-70.1.0,r.-70.1.0,r.-70.1.0,r.-70.1.0,r.-70.1.0,r.-70.1.0,r.-70.1.0,,,,,,,,,,,,,,,,,,,,,,,,,,,,,,,,,,,,,,,,,,,,,,,,,,,,,,,,,,,,,,,,,,,,,,,,,,,,
332,,,,r.-47.1.0,,,,,,,,,,,,p.358,r.-47.1.0,,,,,,,p.359,,,,,,,,p.360,,,,,,,,,,,,,,p.361,,,,,,,,,,,,,,,,,,,,,,,,,,,,,,,,,,,,,,,,,p.362,,,,,,,,,,,,,,,,,p.363,p.364,p.365,,,,,,,,,,,,p.366,,,,,,,,,,,,,,,,,p.367,,,,,,,,,,,,,,,,,,,,,,
333,,,,r.-69.1.0,,,,,,,,,,,,r.-69.1.0,r.-69.1.0,,,,,,,r.-69.1.0,,r.-69.1.0,,,,,,r.-69.1.0,,,,,,,,,,,,,,r.-69.1.0,,,,,,,,,,,,,,,,,r.-69.1.0,r.-69.1.0,r.-69.1.0,r.-69.1.0,r.-69.1.0,r.-69.1.0,r.-69.1.0,r.-69.1.0,r.-69.1.0,r.-69.1.0,r.-69.1.0,r.-69.1.0,r.-69.1.0,r.-69.1.0,r.-69.1.0,r.-69.1.0,r.-69.1.0,r.-69.1.0,r.-69.1.0,,,,,,,,,,,,,,,,,,,,,,,,,,,,,,,,,,,,,,,,,,,,,,,,,,,,,,,,,,,,,,,,,,,,,,,,,,,,
334,,,,r.-48.1.0,,,,,,,,,,,,,r.-48.1.0,,,,,,,,,,,,,,,,,,,,,,,,,,,,,,,,,,,,,,,,,,,,,,,,,,,,,,,,,,,,,,,,,,,,,,,,,,,,,,,,,,,,,,,,,,,,,,,,,,,,,,,,,,,,,,,,,,,,,,,,,,,,,,,,,,,,,,,,,,,,
335,,,,p.355,,,,,,,,,,,,,r.-49.1.0,,,,,,,,,,,,,,,,,,,,,,,,,,,,,,,,,,,,,,,,,,,,,,,,,,,,,,,,,,,,,,,,,,,,,,,,,,,,,,,,,,,,,,,,,,,,,,,,,,,,,,,,,,,,,,,,,,,,,,,,,,,,,,,,,,,,,,,,,,,,
336,,,,,,,,,,,,,,,,,p.354,,,,,,,,,,,,,,,,,,,,,,,,,,,,,,,,,,,,,,,,,,,,,,,,,,,,,,,,,,,,,,,,,,,,,,,,,,,,,,,,,,,,,,,,,,,,,,,,,,,,,,,,,,,,,,,,,,,,,,,,,,,,,,,,,,,,,,,,,,,,
337,,,,r.-18.1.0,,,,,,,,,,,,r.-18.1.0,r.-18.1.0,,,,,,,r.-18.1.0,,p.313,,,,,,p.314/r.-18.1.0,,,,,,,,,,,,,,r.-18.1.0,,,,,,,,,,,,,,,,,p.315,p.316,p.317,p.318,p.319,p.11,p.12,p.320,p.321,p.322,p.323,p.324,p.325,p.326,p.327,p.328,p.329,p.330,p.331,,,,,,,,,,,,,,,,,,,,,,p.353,,,,p.333,,,,,,,,,,,,,,,,,,,,,,,,,,,,,,,,,,,,p.337,,,,,,p.338,p.339,,p.340,,p.341,p.342,,
338,,,,,,,,,,,,,,,,,,,p.345,,,,,,,,,,,,,p.346,,,,,,,,,,,,,,,,,,,,,,,,,,,,,,,,,,,,,,,,,,,,,,,,,,,,,,,,,,,,,,,,,,,,,,,,,,,,,,,,,,,,,,p.347,,,,,,,,,,,,,,,,,,,,,,,,,,,,,,,,,,,,,,,
339,,,,r.-69.1.0,,,,,,,,,,,,r.-69.1.0,r.-69.1.0,,,,,,,r.-69.1.0,,r.-69.1.0,,,,,,r.-69.1.0,,,,,,,,,,,,,,r.-69.1.0,,,,,,,,,,,,,,,,,r.-69.1.0,r.-69.1.0,r.-69.1.0,r.-69.1.0,r.-69.1.0,r.-69.1.0,r.-69.1.0,r.-69.1.0,r.-69.1.0,r.-69.1.0,r.-69.1.0,r.-69.1.0,r.-69.1.0,r.-69.1.0,r.-69.1.0,r.-69.1.0,r.-69.1.0,r.-69.1.0,r.-69.1.0,,,,,,,,,,,,,,,,,,,,,,,,,,,,,,,,,,,,,,,,,,,,,,,,,,,,,,,,,,,,,,,,,,,,,,,,,,,,
340,,,,r.-18.1.0,,,,,,,,,,,,r.-18.1.0,r.-18.1.0,,,,,,,r.-18.1.0,,p.313,,,,,,p.314/r.-18.1.0,,,,,,,,,,,,,,r.-18.1.0,,,,,,,,,,,,,,,,,p.315,p.316,p.317,p.318,p.319,p.11,p.12,p.320,p.321,p.322,p.323,p.324,p.325,p.326,p.327,p.328,p.329,p.330,p.331,,,,,,,,,,,,,,,,,,,,,,p.344,,,,p.333,,,,,,,,,,,,,,,,,,,,,,,,,,,,,,,,,,,,p.337,,,,,,p.338,p.339,,p.340,,p.341,p.342,,
341,,,,r.-18.1.0,,,,,,,,,,,,r.-18.1.0,r.-18.1.0,,,,,,,r.-18.1.0,,p.313,,,,,,p.314/r.-18.1.0,,,,,,,,,,,,,,r.-18.1.0,,,,,,,,,,,,,,,,,p.315,p.316,p.317,p.318,p.319,p.11,p.12,p.320,p.321,p.322,p.323,p.324,p.325,p.326,p.327,p.328,p.329,p.330,p.331,,,,,,,,,,,,,,,,,,,,,,p.343,,,,p.333,,,,,,,,,,,,,,,,,,,,,,,,,,,,,,,,,,,,p.337,,,,,,p.338,p.339,,p.340,,p.341,p.342,,
342,,,,r.-69.1.0,,,,,,,,,,,,r.-69.1.0,r.-69.1.0,,,,,,,r.-69.1.0,,r.-69.1.0,,,,,,r.-69.1.0,,,,,,,,,,,,,,r.-69.1.0,,,,,,,,,,,,,,,,,r.-69.1.0,r.-69.1.0,r.-69.1.0,r.-69.1.0,r.-69.1.0,r.-69.1.0,r.-69.1.0,r.-69.1.0,r.-69.1.0,r.-69.1.0,r.-69.1.0,r.-69.1.0,r.-69.1.0,r.-69.1.0,r.-69.1.0,r.-69.1.0,r.-69.1.0,r.-69.1.0,r.-69.1.0,,,,,,,,,,,,,,,,,,,,,,,,,,,,,,,,,,,,,,,,,,,,,,,,,,,,,,,,,,,,,,,,,,,,,,,,,,,,
343,,,,r.-18.2.0,,,,,,,,,,,,r.-18.2.0,r.-18.2.0,,,,,,,r.-18.2.0,,,,,,,,r.-18.2.0,,,,,,,,,,,,,,r.-18.2.0,,,,,,,,,,,,,,,,,,,,,,,,,,,,,,,,,,,,,,,,,,,,,,,,,,,,,,,,,,,,,,,,,,,,,,,,,,,,,,,,,,,,,,,,,,,,,,,,,,,,,,,,,,,,,,,
344,,,,r.-18.2.0,,,,,,,,,,,,r.-18.2.0,r.-18.2.0,,,,,,,r.-18.2.0,,,,,,,,r.-18.2.0,,,,,,,,,,,,,,r.-18.2.0,,,,,,,,,,,,,,,,,,,,,,,,,,,,,,,,,,,,,,,,,,,,,,,,,,,,,,,,,,,,,,,,,,,,,,,,,,,,,,,,,,,,,,,,,,,,,,,,,,,,,,,,,,,,,,,
345,,,,,,,,,,,,,,,,,,,,,,,,,,p.48,,,,,,p.49,,,,,,,,,,,,,,,,,,,,,,,,,,,,,,,,,,,,p.11,p.12,p.50,p.51,p.52,p.53,p.54,p.55,p.56,p.57,p.58,p.59,p.60,p.61,,,,,,,,,,,,,,,,,,,,,,,,,,p.62,,,,,,,,,,,,,,,,,,,,,,,,,,,,,,,,,,p.63,,,,p.64,p.351,,,p.66,p.67,,p.68,,p.69,p.70,,
346,,,,r.-33.1.0,,,,,,,,,,,,r.-33.1.0,r.-33.1.0,,r.-33.1.0,,,,,r.-33.1.0,,r.-33.1.0,,,,,,r.-33.1.0,,,,,,,,,,,,,,r.-33.1.0,,,,,,,,,,,,,,,,,r.-33.1.0,r.-33.1.0,r.-33.1.0,r.-33.1.0,r.-33.1.0,r.-33.1.0,r.-33.1.0,r.-33.1.0,r.-33.1.0,r.-33.1.0,r.-33.1.0,r.-33.1.0,r.-33.1.0,r.-33.1.0,r.-33.1.0,r.-33.1.0,r.-33.1.0,r.-33.1.0,r.-33.1.0,,,,,,,,,,,,,,,,,,,,,,,,,,,,,,,,,,,,,,,,,,,,,,,,,,,,,,,,,,,,,,,,,,,,,,,,,,,,
347,,,,r.-65.2.0,,,,,,,,,,,,r.-65.2.0,r.-65.2.0,,p.348,,,,,r.-65.2.0,,r.-65.2.0,,,,,,r.-65.2.0,,,,,,,,,,,,,,r.-65.2.0,,,,,,,,,,,,,,,,,r.-65.2.0,r.-65.2.0,r.-65.2.0,r.-65.2.0,r.-65.2.0,r.-65.2.0,r.-65.2.0,r.-65.2.0,r.-65.2.0,r.-65.2.0,r.-65.2.0,r.-65.2.0,r.-65.2.0,r.-65.2.0,r.-65.2.0,r.-65.2.0,r.-65.2.0,r.-65.2.0,r.-65.2.0,,,,,,,,,,,,,,,,,,,,,,,,,,,,,,,,,,,,,,,,,,,,,,,,,,,,,,,,,,,,,,,,,,,,,,,,,,,,
348,,,,,,,,,,,,,,,,,,,,,,,,,,p.48,,,,,,p.49,,,,,,,,,,,,,,,,,,,,,,,,,,,,,,,,,,,,p.11,p.12,p.50,p.51,p.52,p.53,p.54,p.55,p.56,p.57,p.58,p.59,p.60,p.61,,,,,,,,,,,,,,,,,,,,,,,,,,p.62,,,,,,,,,,,,,,,,,,,,,,,,,,,,,,,,,,p.63,,,,p.64,p.349,,,p.66,p.67,,p.68,,p.69,p.70,,
349,,,,,,,,,,,,,,,,,,,,p.350,,,,,,p.48,,,,,,p.49,,,,,,,,,,,,,,,,,,,,,,,,,,,,,,,,,,,,p.11,p.12,p.50,p.51,p.52,p.53,p.54,p.55,p.56,p.57,p.58,p.59,p.60,p.61,,,,,,,,,,,,,,,,,,,,,,,,,,p.62,,,,,,,,,,,,,,,,,,,,,,,,,,,,,,,,,,p.63,,,,p.79,,,,p.66,p.67,,p.68,,p.69,p.70,,
350,,,,r.-65.5.0,,,,,,,,,,,,r.-65.5.0,r.-65.5.0,,,,,,,r.-65.5.0,,r.-65.5.0,,,,,,r.-65.5.0,,,,,,,,,,,,,,r.-65.5.0,,,,,,,,,,,,,,,,,r.-65.5.0,r.-65.5.0,r.-65.5.0,r.-65.5.0,r.-65.5.0,r.-65.5.0,r.-65.5.0,r.-65.5.0,r.-65.5.0,r.-65.5.0,r.-65.5.0,r.-65.5.0,r.-65.5.0,r.-65.5.0,r.-65.5.0,r.-65.5.0,r.-65.5.0,r.-65.5.0,r.-65.5.0,,,,,,,,,,,,,,,,,,,,,,,,,,,,,,,,,,,,,,,,,,,,,,,,,,,,,,,,,,,,,,,,,,,,,,,,,,,,
351,,,,,,,,,,,,,,,,,,,,p.352,,,,,,p.48,,,,,,p.49,,,,,,,,,,,,,,,,,,,,,,,,,,,,,,,,,,,,p.11,p.12,p.50,p.51,p.52,p.53,p.54,p.55,p.56,p.57,p.58,p.59,p.60,p.61,,,,,,,,,,,,,,,,,,,,,,,,,,p.62,,,,,,,,,,,,,,,,,,,,,,,,,,,,,,,,,,p.63,,,,p.79,,,,p.66,p.67,,p.68,,p.69,p.70,,
352,,,,r.-65.4.0,,,,,,,,,,,,r.-65.4.0,r.-65.4.0,,,,,,,r.-65.4.0,,r.-65.4.0,,,,,,r.-65.4.0,,,,,,,,,,,,,,r.-65.4.0,,,,,,,,,,,,,,,,,r.-65.4.0,r.-65.4.0,r.-65.4.0,r.-65.4.0,r.-65.4.0,r.-65.4.0,r.-65.4.0,r.-65.4.0,r.-65.4.0,r.-65.4.0,r.-65.4.0,r.-65.4.0,r.-65.4.0,r.-65.4.0,r.-65.4.0,r.-65.4.0,r.-65.4.0,r.-65.4.0,r.-65.4.0,,,,,,,,,,,,,,,,,,,,,,,,,,,,,,,,,,,,,,,,,,,,,,,,,,,,,,,,,,,,,,,,,,,,,,,,,,,,
353,,,,r.-18.2.0,,,,,,,,,,,,r.-18.2.0,r.-18.2.0,,,,,,,r.-18.2.0,,,,,,,,r.-18.2.0,,,,,,,,,,,,,,r.-18.2.0,,,,,,,,,,,,,,,,,,,,,,,,,,,,,,,,,,,,,,,,,,,,,,,,,,,,,,,,,,,,,,,,,,,,,,,,,,,,,,,,,,,,,,,,,,,,,,,,,,,,,,,,,,,,,,,
354,,,,,,,,,,,,,,,,r.-20.4.0,r.-20.4.0,,,,,,,r.-20.4.0,,,,,,,,,,,,,,,,,,,,,,,,,,,,,,,,,,,,,,,,,,,,,,,,,,,,,,,,,,,,,,,,,,,,,,,,,,,,,,,,,,,,,,,,,,,,,,,,,,,,,,,,,,,,,,,,,,,,,,,,,,,,,,,,,,,,,
355,,,,,,,,,,,,,,,,,,,,,,,,,,p.313,,,,,,p.314,,,,,,,,,,,,,,,,,p.356,,,,,,,,,,,,,,p.315,p.316,p.317,p.318,p.319,p.11,p.12,p.320,p.321,p.322,p.323,p.324,p.325,p.326,p.327,p.328,p.329,p.330,p.331,,,,,,,,,,,,,,,,,,,,,,p.332,,,,p.333,,,,,,,,,,,,,,,,,,,,,,,,,p.357,,,,,,,,,,,p.337,,,,,,p.338,p.339,,p.340,,p.341,p.342,,
356,,,,,,,,,,,,,,,,,r.-49.3.0,,,,,,,,,,,,,,,,,,,,,,,,,,,,,,,,,,,,,,,,,,,,,,,,,,,,,,,,,,,,,,,,,,,,,,,,,,,,,,,,,,,,,,,,,,,,,,,,,,,,,,,,,,,,,,,,,,,,,,,,,,,,,,,,,,,,,,,,,,,,
357,,,,r.-48.3.0,,,,,,,,,,,,,r.-48.3.0,,,,,,,,,,,,,,,,,,,,,,,,,,,,,,,,,,,,,,,,,,,,,,,,,,,,,,,,,,,,,,,,,,,,,,,,,,,,,,,,,,,,,,,,,,,,,,,,,,,,,,,,,,,,,,,,,,,,,,,,,,,,,,,,,,,,,,,,,,,,
358,,,,,,,,,,,,,,,,p.403,p.404,,,,,,,p.301,,p.313,,,,,,p.405,,,,,,,,,,,,,,p.406,,,,,,,,,,,,,,,,,p.315,p.316,p.317,p.318,p.319,p.11,p.12,p.320,p.321,p.322,p.323,p.324,p.325,p.326,p.327,p.328,p.329,p.330,p.331,,,,,,p.407,,,,,,,,,,,,,,,,p.332,p.408,p.304,p.409,p.333,,,,,,,,,,,p.410,,,,,,,,,,,,,,p.334,p.335,p.411,p.412,,,,,,,,p.337,,,,,,p.338,p.339,,p.340,,p.341,p.342,,
359,p.98,p.99,p.100,,,,,,,,,,,,,p.101,,p.102,,,,,,,p.400,,p.104,,,,p.105,p.106,,p.107,,,,,,,,,,,,p.108,,,,,,p.109,p.110,,,,,,,,,,,,,,,,,,,,,,,,,,,,,p.111,p.112,p.113,,,,p.114,p.115,,,,,,p.116,p.117,,p.118,p.119,p.401,,,,,,,,p.121,,,p.122,p.123,,,,p.124,,p.125,,p.126,,,,,p.127,,,,p.128,p.129,p.130,,,,,p.131,p.132,p.133,,p.134,,,,p.135,,,,,,,,,,,,p.136,p.137
360,,,,r.-33.1.0,,,,,,,,,,,,r.-33.1.0,r.-33.1.0,,,,,,,r.-33.1.0,,,,,,,,,,,,,,,,,,,,,,,,,,,,,,,,,,,,,,,,,,,,,,,,,,,,,,,,,,,,,,,,,,,,,,,,,,,,,,,,,,,,,,,,,,,,,,,,,,,,,,,,,,,,,,,,,,,,,,,,,,,,,,,,,,,,,
361,,,,r.-50.1.0,,,,,,,,,,,,r.-50.1.0,r.-50.1.0,,,,,,,r.-50.1.0,,,,,,,,r.-50.1.0,,,,,,,,,,,,,,p.361,,,,,,,,,,,,,,,,,,,,,,,,p.393,p.394,,,,,,,,,,,,,,,,,,,,,,,,,,,,,,,,,,,,,,,,,,,,,,,,,,,,,,,,,,,,,,,,p.395,,,,,,,,,,,,,,,,,p.396,p.397,,,,
362,,,,r.-47.2.0,,,,,,,,,,,,,r.-47.2.0,,,,,,,,,,,,,,,,,,,,,,,,,,,,,,,,,,,,,,,,,,,,,,,,,,,,,,,,,,,,,,,,,,,,,,,,,,,,,,,,,,,,,,,,,,,,,,,,,,,,,,,,,,,,,,,,,,,,,,,,,,,,,,,,,,,,,,,,,,,,
363,,,,r.-47.2.0,,,,,,,,,,,,,r.-47.2.0,,,,,,,,,,,,,,,,,,,,,,,,,,,,,,,,,,,,,,,,,,,,,,,,,,,,,,,,,,,,,,,,,,,,,,,,,,,,,,,,,,,,,,,,,,,,,,,,,,,,,,,,,,,,,,,,,,,,,,,,,,,,,,,,,,,,,,,,,,,,
364,,,,r.-2.1.0,,,,,,,,,,,,p.385,r.-2.1.0,,,,,,,p.386,,,,,,,,,,,,,,,,,,,,,,,,,,,,,,,,,,,,,,,,,,,,,,,,,,,,,,,,,,,,,,,,,,,,,,,,,,,,,,,,,,,,,,,,,,,,,,,,,,,,,,,,,,,,,,,,,,,,,,,,,,,,,,,,,,,,,
365,,,,r.-19.1.0,,,,,,,,,,,,p.370,r.-19.1.0,,,,,,,p.371,,,,,,,,,,,,,,,,,,,,,,,,,,,,,,,,,,,,,,,,,,,,,,,,,,,,,,,,,,,,,,,,,,,,,,,,,,,,,,,,,,,,,,,,,,,,,,,,,,,,,,,,,,,,,,,,,,,,,,,,,,,,,,,,,,,,,
366,,,,r.-21.1.0,,,,,,,,,,,,r.-21.1.0,r.-21.1.0,,,,,,,r.-21.1.0,,,,,,,,,,,,,,,,,,,,,,,,,,,,,,,,,,,,,,,,,,,,,,,,,,,,,,,,,,,,,,,,,,,,,,,,,,,,,,,,,,,,,,,,,,,,,,,,,,,,,,,,,,,,,,,,,,,,,,,,,,,,,,,,,,,,,
367,,,,r.-2.1.0,,,,,,,,,,,,p.358,r.-2.1.0,,,,,,,p.359,,,,,,,,p.360,,,,,,,,,,,,,,,,,,,,,,,,,,,,,,,,,,,,,,,,,,,,,,,,,,,,,,,,,,,,,,,,,,,,,,,,,p.368,p.369,,,,,,,,,,,,p.366,,,,,,,,,,,,,,,,,,,,,,,,,,,,,,,,,,,,,,,
368,,,,r.-2.2.0,,,,,,,,,,,,p.385,r.-2.2.0,,,,,,,p.386,,,,,,,,,,,,,,,,,,,,,,,,,,,,,,,,,,,,,,,,,,,,,,,,,,,,,,,,,,,,,,,,,,,,,,,,,,,,,,,,,,,,,,,,,,,,,,,,,,,,,,,,,,,,,,,,,,,,,,,,,,,,,,,,,,,,,
369,,,,r.-19.2.0,,,,,,,,,,,,p.370,r.-19.2.0,,,,,,,p.371,,,,,,,,,,,,,,,,,,,,,,,,,,,,,,,,,,,,,,,,,,,,,,,,,,,,,,,,,,,,,,,,,,,,,,,,,,,,,,,,,,,,,,,,,,,,,,,,,,,,,,,,,,,,,,,,,,,,,,,,,,,,,,,,,,,,,
370,,,,,,,,,,,,,,,,,p.375,,,,,,,,,p.313,,,,,,p.376,,,,,,,,,,,,,,,,,,,,,,,,,,,,,,,p.315,p.316,p.317,p.318,p.319,p.11,p.12,p.320,p.321,p.322,p.323,p.324,p.325,p.326,p.327,p.328,p.329,p.330,p.331,,,,,,,,,,,,,,,,,,,,,,p.332,,,,p.333,,,,,,,,,,,p.377,p.378,,,,,,,,,,,,,p.334,p.335,p.379,,,,,,,,,p.337,,,,,,p.338,p.339,,p.340,,p.341,p.342,,
371,p.98,p.99,p.100,,,,,,,,,,,,,p.101,,p.102,,,,,,,p.372,,p.104,,,,p.105,p.106,,p.107,,,,,,,,,,,,p.108,,,,,,p.109,p.110,,,,,,,,,,,,,,,,,,,,,,,,,,,,,p.111,p.112,p.113,,,,p.114,p.115,,,,,,p.116,p.117,,p.118,p.119,p.373,,,,,,,,p.121,,,p.122,p.123,,,,p.124,,p.125,,p.126,,,,,p.127,,,,p.128,p.129,p.130,,,,,p.131,p.132,p.133,,p.134,,,,p.135,,,,,,,,,,,,p.136,p.137
372,,,,r.-21.3.0,,,,,,,,,,,,r.-21.3.0,r.-21.3.0,,,,,,,r.-21.3.0,,,,,,,,,,,,,,,,,,,,,,,,,,,,,,,,,,,,,,,,,,,,,,,,,,,,,,,,,,,,,,,,,,,,,,,,,,,,,,,,,,,,,,,,,,,,,,,,,,,,,,,,,,,,,,,,,,,,,,,,,,,,,,,,,,,,,
373,,,,,,,,,,,,,,,,,,,,,,,,,p.374,,,,,,,,,,,,,,,,,,,,,,,,,,,,,,,,,,,,,,,,,,,,,,,,,,,,,,,,,,,,,,,,,,,,,,,,,,,,,,,,,,,,,,,,,,,,,,,,,,,,,,,,,,,,,,,,,,,,,,,,,,,,,,,,,,,,
374,,,,r.-21.4.0,,,,,,,,,,,,r.-21.4.0,r.-21.4.0,,,,,,,r.-21.4.0,,,,,,,,,,,,,,,,,,,,,,,,,,,,,,,,,,,,,,,,,,,,,,,,,,,,,,,,,,,,,,,,,,,,,,,,,,,,,,,,,,,,,,,,,,,,,,,,,,,,,,,,,,,,,,,,,,,,,,,,,,,,,,,,,,,,,
375,,,,r.-21.3.0,,,,,,,,,,,,r.-21.3.0,r.-21.3.0,,,,,,,r.-21.3.0,,,,,,,,,,,,,,,,,,,,,,,,,,,,,,,,,,,,,,,,,,,,,,,,,,,,,,,,,,,,,,,,,,,,,,,,,,,,,,,,,,,,,,,,,,,,,,,,,,,,,,,,,,,,,,,,,,,,,,,,,,,,,,,,,,,,,
376,,,,r.-70.1.0/r.-33.1.0,,,,,,,,,,,,r.-70.1.0,r.-70.1.0/r.-33.1.0,,,,,,,r.-70.1.0,,r.-70.1.0,,,,,,r.-70.1.0,,,,,,,,,,,,,,r.-70.1.0,,,,,,,,,,,,,,,,,r.-70.1.0,r.-70.1.0,r.-70.1.0,r.-70.1.0,r.-70.1.0,r.-70.1.0,r.-70.1.0,r.-70.1.0,r.-70.1.0,r.-70.1.0,r.-70.1.0,r.-70.1.0,r.-70.1.0,r.-70.1.0,r.-70.1.0,r.-70.1.0,r.-70.1.0,r.-70.1.0,r.-70.1.0,,,,,,,,,,,,,,,,,,,,,,,,,,,,,,,,,,,,,,,,,,,,,,,,,,,,,,,,,,,,,,,,,,,,,,,,,,,,
377,,,,r.-34.1.0,,,,,,,,,,,,,r.-34.1.0,,,,,,,,,,,,,,,,,,,,,,,,,,,,,,,,,,,,,,,,,,,,,,,,,,,,,,,,,,,,,,,,,,,,,,,,,,,,,,,,,,,,,,,,,,,,,,,,,,,,,,,,,,,,,,,,,,,,,,,,,,,,,,,,,,,,,,,,,,,,
378,,,,p.381,,,,,,,,,,,,,p.382,,,,,,,,,,,,,,,,,,,,,,,,,,,,,,,,,,,,,,,,,,,,,,,,,,,,,,,,,,,,,,,,,,,,,,,,,,,,,,,,,,,,,,,,,,,,,,,,,,,,,,,,,,,,,,,,,,,,,,,,,,,,,,,,,,,,,,,,,,,,
379,,,,,,,,,,,,,,,,,p.380,,,,,,,,,,,,,,,,,,,,,,,,,,,,,,,,,,,,,,,,,,,,,,,,,,,,,,,,,,,,,,,,,,,,,,,,,,,,,,,,,,,,,,,,,,,,,,,,,,,,,,,,,,,,,,,,,,,,,,,,,,,,,,,,,,,,,,,,,,,,
380,,,,r.-21.4.0,,,,,,,,,,,,r.-21.4.0,r.-21.4.0,,,,,,,r.-21.4.0,,,,,,,,,,,,,,,,,,,,,,,,,,,,,,,,,,,,,,,,,,,,,,,,,,,,,,,,,,,,,,,,,,,,,,,,,,,,,,,,,,,,,,,,,,,,,,,,,,,,,,,,,,,,,,,,,,,,,,,,,,,,,,,,,,,,,
381,,,,,,,,,,,,,,,,,,,,,,,,,,,,,,,,p.383,,,,,,,,,,,,,,,,,,,,,,,,,,,,,,,,,,,,,,,,,,,,,,,,,,,,,,,,,,,,,,,,,,,,,,,,,,,,,,,,,,,,,,p.384,,,,,,,,,,,,,,,,,,,,,,,,,,,,,,,,,,,,,,,
382,,,,r.-21.4.0,,,,,,,,,,,,r.-21.4.0,r.-21.4.0,,,,,,,r.-21.4.0,,,,,,,,,,,,,,,,,,,,,,,,,,,,,,,,,,,,,,,,,,,,,,,,,,,,,,,,,,,,,,,,,,,,,,,,,,,,,,,,,,,,,,,,,,,,,,,,,,,,,,,,,,,,,,,,,,,,,,,,,,,,,,,,,,,,,
383,,,,r.-33.1.0,,,,,,,,,,,,,r.-33.1.0,,,,,,,,,,,,,,,,,,,,,,,,,,,,,,,,,,,,,,,,,,,,,,,,,,,,,,,,,,,,,,,,,,,,,,,,,,,,,,,,,,,,,,,,,,,,,,,,,,,,,,,,,,,,,,,,,,,,,,,,,,,,,,,,,,,,,,,,,,,,
384,,,,r.-34.3.0,,,,,,,,,,,,,r.-34.3.0,,,,,,,,,,,,,,,,,,,,,,,,,,,,,,,,,,,,,,,,,,,,,,,,,,,,,,,,,,,,,,,,,,,,,,,,,,,,,,,,,,,,,,,,,,,,,,,,,,,,,,,,,,,,,,,,,,,,,,,,,,,,,,,,,,,,,,,,,,,,
385,,,,,,,,,,,,,,,,,p.390,,,,,,,,,p.313,,,,,,p.314,,,,,,,,,,,,,,,,,,,,,,,,,,,,,,,p.315,p.316,p.317,p.318,p.319,p.11,p.12,p.320,p.321,p.322,p.323,p.324,p.325,p.326,p.327,p.328,p.329,p.330,p.331,,,,,,,,,,,,,,,,,,,,,,p.332,,,,p.333,,,,,,,,,,,,,,,,,,,,,,,,,p.334,p.335,p.391,,,,,,,,,p.337,,,,,,p.338,p.339,,p.340,,p.341,p.342,,
386,p.98,p.99,p.100,,,,,,,,,,,,,p.101,,p.102,,,,,,,p.387,,p.104,,,,p.105,p.106,,p.107,,,,,,,,,,,,p.108,,,,,,p.109,p.110,,,,,,,,,,,,,,,,,,,,,,,,,,,,,p.111,p.112,p.113,,,,p.114,p.115,,,,,,p.116,p.117,,p.118,p.119,p.388,,,,,,,,p.121,,,p.122,p.123,,,,p.124,,p.125,,p.126,,,,,p.127,,,,p.128,p.129,p.130,,,,,p.131,p.132,p.133,,p.134,,,,p.135,,,,,,,,,,,,p.136,p.137
387,,,,r.-20.3.0,,,,,,,,,,,,r.-20.3.0,r.-20.3.0,,,,,,,r.-20.3.0,,,,,,,,,,,,,,,,,,,,,,,,,,,,,,,,,,,,,,,,,,,,,,,,,,,,,,,,,,,,,,,,,,,,,,,,,,,,,,,,,,,,,,,,,,,,,,,,,,,,,,,,,,,,,,,,,,,,,,,,,,,,,,,,,,,,,
388,,,,,,,,,,,,,,,,,,,,,,,,,p.389,,,,,,,,,,,,,,,,,,,,,,,,,,,,,,,,,,,,,,,,,,,,,,,,,,,,,,,,,,,,,,,,,,,,,,,,,,,,,,,,,,,,,,,,,,,,,,,,,,,,,,,,,,,,,,,,,,,,,,,,,,,,,,,,,,,,
389,,,,r.-20.4.0,,,,,,,,,,,,r.-20.4.0,r.-20.4.0,,,,,,,r.-20.4.0,,,,,,,,,,,,,,,,,,,,,,,,,,,,,,,,,,,,,,,,,,,,,,,,,,,,,,,,,,,,,,,,,,,,,,,,,,,,,,,,,,,,,,,,,,,,,,,,,,,,,,,,,,,,,,,,,,,,,,,,,,,,,,,,,,,,,
390,,,,r.-20.3.0,,,,,,,,,,,,r.-20.3.0,r.-20.3.0,,,,,,,r.-20.3.0,,,,,,,,,,,,,,,,,,,,,,,,,,,,,,,,,,,,,,,,,,,,,,,,,,,,,,,,,,,,,,,,,,,,,,,,,,,,,,,,,,,,,,,,,,,,,,,,,,,,,,,,,,,,,,,,,,,,,,,,,,,,,,,,,,,,,
391,,,,,,,,,,,,,,,,,p.392,,,,,,,,,,,,,,,,,,,,,,,,,,,,,,,,,,,,,,,,,,,,,,,,,,,,,,,,,,,,,,,,,,,,,,,,,,,,,,,,,,,,,,,,,,,,,,,,,,,,,,,,,,,,,,,,,,,,,,,,,,,,,,,,,,,,,,,,,,,,
392,,,,r.-20.4.0,,,,,,,,,,,,r.-20.4.0,r.-20.4.0,,,,,,,r.-20.4.0,,,,,,,,,,,,,,,,,,,,,,,,,,,,,,,,,,,,,,,,,,,,,,,,,,,,,,,,,,,,,,,,,,,,,,,,,,,,,,,,,,,,,,,,,,,,,,,,,,,,,,,,,,,,,,,,,,,,,,,,,,,,,,,,,,,,,
393,,,,r.-67.1.0,,,,,,,,,,,,r.-67.1.0,r.-67.1.0,,,,,,,r.-67.1.0,,,,,,,,r.-67.1.0,,,,,,,,,,,,,,r.-67.1.0,,,,,,,,,,,,,,,,,,,,,,,,r.-67.1.0,r.-67.1.0,,,,,,,,,,,,,,,,,,,,,,,,,,,,,,,,,,,,,,,,,,,,,,,,,,,,,,,,,,,,,,,,,,,,,,,,,,,,,,,,,,,,,,
394,,,,r.-67.1.0,,,,,,,,,,,,r.-67.1.0,r.-67.1.0,,,,,,,r.-67.1.0,,,,,,,,r.-67.1.0,,,,,,,,,,,,,,r.-67.1.0,,,,,,,,,,,,,,,,,,,,,,,,r.-67.1.0,r.-67.1.0,,,,,,,,,,,,,,,,,,,,,,,,,,,,,,,,,,,,,,,,,,,,,,,,,,,,,,,,,,,,,,,,,,,,,,,,,,,,,,,,,,,,,,
395,,,,r.-50.2.0,,,,,,,,,,,,r.-50.2.0,r.-50.2.0,,,,,,,r.-50.2.0,,,,,,,,r.-50.2.0,,,,,,,,,,,,,,,,,,,,,,,,,,,,,,,,,,,,,,,,,,,,,,,,,,,,,,,,,,,,,,,,,,,,,,,,,,,,,,,,,,,,,,,,,,,,,,,,,,,,,,,,,,,,,,,,,,,,,,,,,,,,,
396,,,,r.-68.1.0,,,,,,,,,,,,r.-68.1.0,r.-68.1.0,,,,,,,r.-68.1.0,,,,,,,,r.-68.1.0,,,,,,,,,,,,,,r.-68.1.0,,,,,,,,,,,,,,,,,,,,,,,,r.-68.1.0,r.-68.1.0,,,,,,,,,,,,,,,,,,,,,,,,,,,,,,,,,,,,,,,,,,,,,,,,,,,,,,,,,,,,,,,,,,,,,,,,,,,,,,,,,,,,,,
397,,,,r.-50.2.0,,,,,,,,,,,,r.-50.2.0,r.-50.2.0,,,,,,,r.-50.2.0,,,,,,,,r.-50.2.0,,,,,,,,,,,,,,p.361,,,,,,,,,,,,,,,,,,,,,,,,p.393,p.394,,,,,,,,,,,,,,,,,,,,,,,,,,,,,,,,,,,,,,,,,,,,,,,,,,,,,,,,,,,,,,,,p.398,,,,,,,,,,,,,,,,,p.399,,,,,
398,,,,r.-50.3.0,,,,,,,,,,,,r.-50.3.0,r.-50.3.0,,,,,,,r.-50.3.0,,,,,,,,r.-50.3.0,,,,,,,,,,,,,,,,,,,,,,,,,,,,,,,,,,,,,,,,,,,,,,,,,,,,,,,,,,,,,,,,,,,,,,,,,,,,,,,,,,,,,,,,,,,,,,,,,,,,,,,,,,,,,,,,,,,,,,,,,,,,,
399,,,,r.-68.2.0,,,,,,,,,,,,r.-68.2.0,r.-68.2.0,,,,,,,r.-68.2.0,,,,,,,,r.-68.2.0,,,,,,,,,,,,,,r.-68.2.0,,,,,,,,,,,,,,,,,,,,,,,,r.-68.2.0,r.-68.2.0,,,,,,,,,,,,,,,,,,,,,,,,,,,,,,,,,,,,,,,,,,,,,,,,,,,,,,,,,,,,,,,,,,,,,,,,,,,,,,,,,,,,,,
400,,,,r.-20.2.0,,,,,,,,,,,,r.-20.2.0,r.-20.2.0,,,,,,,r.-20.2.0,,,,,,,,,,,,,,,,,,,,,,,,,,,,,,,,,,,,,,,,,,,,,,,,,,,,,,,,,,,,,,,,,,,,,,,,,,,,,,,,,,,,,,,,,,,,,,,,,,,,,,,,,,,,,,,,,,,,,,,,,,,,,,,,,,,,,
401,,,,,,,,,,,,,,,,,,,,,,,,,p.402,,,,,,,,,,,,,,,,,,,,,,,,,,,,,,,,,,,,,,,,,,,,,,,,,,,,,,,,,,,,,,,,,,,,,,,,,,,,,,,,,,,,,,,,,,,,,,,,,,,,,,,,,,,,,,,,,,,,,,,,,,,,,,,,,,,,
402,,,,r.-20.3.0,,,,,,,,,,,,r.-20.3.0,r.-20.3.0,,,,,,,r.-20.3.0,,,,,,,,,,,,,,,,,,,,,,,,,,,,,,,,,,,,,,,,,,,,,,,,,,,,,,,,,,,,,,,,,,,,,,,,,,,,,,,,,,,,,,,,,,,,,,,,,,,,,,,,,,,,,,,,,,,,,,,,,,,,,,,,,,,,,
403,,,,,,,,,,,,,,,,p.403,p.435,,,,,,,p.301,,p.313,,,,,,p.405,,,,,,,,,,,,,,p.406,,,,,,,,,,,,,,,,,p.315,p.316,p.317,p.318,p.319,p.11,p.12,p.320,p.321,p.322,p.323,p.324,p.325,p.326,p.327,p.328,p.329,p.330,p.331,,,,,,p.436,,,,,,,,,,,,,,,,p.332,p.437,p.304,p.409,p.333,,,,,,,,,,,p.410,,,,,,,,,,,,,,p.334,p.335,p.438,p.412,,,,,,,,p.337,,,,,,p.338,p.339,,p.340,,p.341,p.342,,
404,,,,r.-20.2.0,,,,,,,,,,,,r.-20.2.0,r.-20.2.0,,,,,,,r.-20.2.0,,,,,,,,,,,,,,,,,,,,,,,,,,,,,,,,,,,,,,,,,,,,,,,,,,,,,,,,,,,,,,,,,,,,,,,,,,,,,,,,,,,,,,,,,,,,,,,,,,,,,,,,,,,,,,,,,,,,,,,,,,,,,,,,,,,,,
405,,,,r.-70.1.0,,,,,,,,,,,,r.-33.1.0/r.-70.1.0,r.-70.1.0/r.-33.1.0,,,,,,,r.-70.1.0/r.-33.1.0,,r.-70.1.0,,,,,,r.-70.1.0,,,,,,,,,,,,,,r.-70.1.0,,,,,,,,,,,,,,,,,r.-70.1.0,r.-70.1.0,r.-70.1.0,r.-70.1.0,r.-70.1.0,r.-70.1.0,r.-70.1.0,r.-70.1.0,r.-70.1.0,r.-70.1.0,r.-70.1.0,r.-70.1.0,r.-70.1.0,r.-70.1.0,r.-70.1.0,r.-70.1.0,r.-70.1.0,r.-70.1.0,r.-70.1.0,,,,,,,,,,,,,,,,,,,,,,,,,,,,,,,,,,,,,,,,,,,,,,,,,,,,,,,,,,,,,,,,,,,,,,,,,,,,
406,,,,,,,,,,,,,,,,r.-50.1.0,r.-50.1.0,,,,,,,r.-50.1.0,,,,,,,,r.-50.1.0,,,,,,,,,,,,,,p.406,,,,,,,,,,,,,,,,,,,,,,,,p.428,p.429,,,,,,,,,,,,,,,,,,,,,,,,,,,,,,,,,,,,,,,,,,,,,,,,,,,,,,,,,,,,,,,,p.430,,,,,,,,,,,,,,,,,p.431,p.432,,,,
407,,,,,,,,,,,,,,,,,p.427,,,,,,,,,,,,,,,,,,,,,,,,,,,,,,,,,,,,,,,,,,,,,,,,,,,,,,,,,,,,,,,,,,,,,,,,,,,,,,,,,,,,,,,,,,,,,,,,,,,,,,,,,,,,,,,,,,,,,,,,,,,,,,,,,,,,,,,,,,,,
408,,,,,,,,,,,,,,,,,p.426,,,,,,,,,,,,,,,,,,,,,,,,,,,,,,,,,,,,,,,,,,,,,,,,,,,,,,,,,,,,,,,,,,,,,,,,,,,,,,,,,,,,,,,,,,,,,,,,,,,,,,,,,,,,,,,,,,,,,,,,,,,,,,,,,,,,,,,,,,,,
409,,,,,,,,,,,,,,,,p.415,r.-19.1.0,,,,,,,p.416,,,,,,,,,,,,,,,,,,,,,,,,,,,,,,,,,,,,,,,,,,,,,,,,,,,,,,,,,,,,,,,,,,,,,,,,,,,,,,,,,,,,,,,,,,,,,,,,,,,,,,,,,,,,,,,,,,,,,,,,,,,,,,,,,,,,,
410,,,,,,,,,,,,,,,,r.-21.1.0,r.-21.1.0,,,,,,,r.-21.1.0,,,,,,,,,,,,,,,,,,,,,,,,,,,,,,,,,,,,,,,,,,,,,,,,,,,,,,,,,,,,,,,,,,,,,,,,,,,,,,,,,,,,,,,,,,,,,,,,,,,,,,,,,,,,,,,,,,,,,,,,,,,,,,,,,,,,,
411,,,,,,,,,,,,,,,,,p.425,,,,,,,,,,,,,,,,,,,,,,,,,,,,,,,,,,,,,,,,,,,,,,,,,,,,,,,,,,,,,,,,,,,,,,,,,,,,,,,,,,,,,,,,,,,,,,,,,,,,,,,,,,,,,,,,,,,,,,,,,,,,,,,,,,,,,,,,,,,,
412,,,,,,,,,,,,,,,,p.403,r.-2.1.0,,,,,,,p.301,,,,,,,,p.413,,,,,,,,,,,,,,,,,,,,,,,,,,,,,,,,,,,,,,,,,,,,,,,,,,,,,,,,,,,,,,,,,,,,,,,,,p.306,p.414,,,,,,,,,,,,p.410,,,,,,,,,,,,,,,,,,,,,,,,,,,,,,,,,,,,,,,
413,,,,,,,,,,,,,,,,r.-33.1.0,r.-33.1.0,,,,,,,r.-33.1.0,,,,,,,,,,,,,,,,,,,,,,,,,,,,,,,,,,,,,,,,,,,,,,,,,,,,,,,,,,,,,,,,,,,,,,,,,,,,,,,,,,,,,,,,,,,,,,,,,,,,,,,,,,,,,,,,,,,,,,,,,,,,,,,,,,,,,
414,,,,,,,,,,,,,,,,p.415,r.-19.2.0,,,,,,,p.416,,,,,,,,,,,,,,,,,,,,,,,,,,,,,,,,,,,,,,,,,,,,,,,,,,,,,,,,,,,,,,,,,,,,,,,,,,,,,,,,,,,,,,,,,,,,,,,,,,,,,,,,,,,,,,,,,,,,,,,,,,,,,,,,,,,,,
415,,,,,,,,,,,,,,,,,p.420,,,,,,,,,p.313,,,,,,p.376,,,,,,,,,,,,,,,,,,,,,,,,,,,,,,,p.315,p.316,p.317,p.318,p.319,p.11,p.12,p.320,p.321,p.322,p.323,p.324,p.325,p.326,p.327,p.328,p.329,p.330,p.331,,,,,,,,,,,,,,,,,,,,,,p.332,,,,p.333,,,,,,,,,,,p.377,p.421,,,,,,,,,,,,,p.334,p.335,p.422,,,,,,,,,p.337,,,,,,p.338,p.339,,p.340,,p.341,p.342,,
416,p.98,p.99,p.100,,,,,,,,,,,,,p.101,,p.102,,,,,,,p.417,,p.104,,,,p.105,p.106,,p.107,,,,,,,,,,,,p.108,,,,,,p.109,p.110,,,,,,,,,,,,,,,,,,,,,,,,,,,,,p.111,p.112,p.113,,,,p.114,p.115,,,,,,p.116,p.117,,p.118,p.119,p.418,,,,,,,,p.121,,,p.122,p.123,,,,p.124,,p.125,,p.126,,,,,p.127,,,,p.128,p.129,p.130,,,,,p.131,p.132,p.133,,p.134,,,,p.135,,,,,,,,,,,,p.136,p.137
417,,,,,,,,,,,,,,,,r.-21.3.0,r.-21.3.0,,,,,,,r.-21.3.0,,,,,,,,,,,,,,,,,,,,,,,,,,,,,,,,,,,,,,,,,,,,,,,,,,,,,,,,,,,,,,,,,,,,,,,,,,,,,,,,,,,,,,,,,,,,,,,,,,,,,,,,,,,,,,,,,,,,,,,,,,,,,,,,,,,,,
418,,,,,,,,,,,,,,,,,,,,,,,,,p.419,,,,,,,,,,,,,,,,,,,,,,,,,,,,,,,,,,,,,,,,,,,,,,,,,,,,,,,,,,,,,,,,,,,,,,,,,,,,,,,,,,,,,,,,,,,,,,,,,,,,,,,,,,,,,,,,,,,,,,,,,,,,,,,,,,,,
419,,,,,,,,,,,,,,,,r.-21.4.0,r.-21.4.0,,,,,,,r.-21.4.0,,,,,,,,,,,,,,,,,,,,,,,,,,,,,,,,,,,,,,,,,,,,,,,,,,,,,,,,,,,,,,,,,,,,,,,,,,,,,,,,,,,,,,,,,,,,,,,,,,,,,,,,,,,,,,,,,,,,,,,,,,,,,,,,,,,,,
420,,,,,,,,,,,,,,,,r.-21.3.0,r.-21.3.0,,,,,,,r.-21.3.0,,,,,,,,,,,,,,,,,,,,,,,,,,,,,,,,,,,,,,,,,,,,,,,,,,,,,,,,,,,,,,,,,,,,,,,,,,,,,,,,,,,,,,,,,,,,,,,,,,,,,,,,,,,,,,,,,,,,,,,,,,,,,,,,,,,,,
421,,,,p.381,,,,,,,,,,,,,p.424,,,,,,,,,,,,,,,,,,,,,,,,,,,,,,,,,,,,,,,,,,,,,,,,,,,,,,,,,,,,,,,,,,,,,,,,,,,,,,,,,,,,,,,,,,,,,,,,,,,,,,,,,,,,,,,,,,,,,,,,,,,,,,,,,,,,,,,,,,,,
422,,,,,,,,,,,,,,,,,p.423,,,,,,,,,,,,,,,,,,,,,,,,,,,,,,,,,,,,,,,,,,,,,,,,,,,,,,,,,,,,,,,,,,,,,,,,,,,,,,,,,,,,,,,,,,,,,,,,,,,,,,,,,,,,,,,,,,,,,,,,,,,,,,,,,,,,,,,,,,,,
423,,,,,,,,,,,,,,,,r.-21.4.0,r.-21.4.0,,,,,,,r.-21.4.0,,,,,,,,,,,,,,,,,,,,,,,,,,,,,,,,,,,,,,,,,,,,,,,,,,,,,,,,,,,,,,,,,,,,,,,,,,,,,,,,,,,,,,,,,,,,,,,,,,,,,,,,,,,,,,,,,,,,,,,,,,,,,,,,,,,,,
424,,,,,,,,,,,,,,,,r.-21.4.0,r.-21.4.0,,,,,,,r.-21.4.0,,,,,,,,,,,,,,,,,,,,,,,,,,,,,,,,,,,,,,,,,,,,,,,,,,,,,,,,,,,,,,,,,,,,,,,,,,,,,,,,,,,,,,,,,,,,,,,,,,,,,,,,,,,,,,,,,,,,,,,,,,,,,,,,,,,,,
425,,,,r.-20.3.0,,,,,,,,,,,,r.-20.3.0,r.-20.3.0,,,,,,,r.-20.3.0,,,,,,,,,,,,,,,,,,,,,,,,,,,,,,,,,,,,,,,,,,,,,,,,,,,,,,,,,,,,,,,,,,,,,,,,,,,,,,,,,,,,,,,,,,,,,,,,,,,,,,,,,,,,,,,,,,,,,,,,,,,,,,,,,,,,,
426,,,,r.-21.3.0,,,,,,,,,,,,r.-21.3.0,r.-21.3.0,,,,,,,r.-21.3.0,,,,,,,,,,,,,,,,,,,,,,,,,,,,,,,,,,,,,,,,,,,,,,,,,,,,,,,,,,,,,,,,,,,,,,,,,,,,,,,,,,,,,,,,,,,,,,,,,,,,,,,,,,,,,,,,,,,,,,,,,,,,,,,,,,,,,
427,,,,r.-20.3.0,,,,,,,,,,,,r.-20.3.0,r.-20.3.0,,,,,,,r.-20.3.0,,,,,,,,,,,,,,,,,,,,,,,,,,,,,,,,,,,,,,,,,,,,,,,,,,,,,,,,,,,,,,,,,,,,,,,,,,,,,,,,,,,,,,,,,,,,,,,,,,,,,,,,,,,,,,,,,,,,,,,,,,,,,,,,,,,,,
428,,,,,,,,,,,,,,,,r.-67.1.0,r.-67.1.0,,,,,,,r.-67.1.0,,,,,,,,r.-67.1.0,,,,,,,,,,,,,,r.-67.1.0,,,,,,,,,,,,,,,,,,,,,,,,r.-67.1.0,r.-67.1.0,,,,,,,,,,,,,,,,,,,,,,,,,,,,,,,,,,,,,,,,,,,,,,,,,,,,,,,,,,,,,,,,,,,,,,,,,,,,,,,,,,,,,,
429,,,,,,,,,,,,,,,,r.-67.1.0,r.-67.1.0,,,,,,,r.-67.1.0,,,,,,,,r.-67.1.0,,,,,,,,,,,,,,r.-67.1.0,,,,,,,,,,,,,,,,,,,,,,,,r.-67.1.0,r.-67.1.0,,,,,,,,,,,,,,,,,,,,,,,,,,,,,,,,,,,,,,,,,,,,,,,,,,,,,,,,,,,,,,,,,,,,,,,,,,,,,,,,,,,,,,
430,,,,,,,,,,,,,,,,r.-50.2.0,r.-50.2.0,,,,,,,r.-50.2.0,,,,,,,,r.-50.2.0,,,,,,,,,,,,,,,,,,,,,,,,,,,,,,,,,,,,,,,,,,,,,,,,,,,,,,,,,,,,,,,,,,,,,,,,,,,,,,,,,,,,,,,,,,,,,,,,,,,,,,,,,,,,,,,,,,,,,,,,,,,,,
431,,,,,,,,,,,,,,,,r.-68.1.0,r.-68.1.0,,,,,,,r.-68.1.0,,,,,,,,r.-68.1.0,,,,,,,,,,,,,,r.-68.1.0,,,,,,,,,,,,,,,,,,,,,,,,r.-68.1.0,r.-68.1.0,,,,,,,,,,,,,,,,,,,,,,,,,,,,,,,,,,,,,,,,,,,,,,,,,,,,,,,,,,,,,,,,,,,,,,,,,,,,,,,,,,,,,,
432,,,,,,,,,,,,,,,,r.-50.2.0,r.-50.2.0,,,,,,,r.-50.2.0,,,,,,,,r.-50.2.0,,,,,,,,,,,,,,p.406,,,,,,,,,,,,,,,,,,,,,,,,p.428,p.429,,,,,,,,,,,,,,,,,,,,,,,,,,,,,,,,,,,,,,,,,,,,,,,,,,,,,,,,,,,,,,,,p.433,,,,,,,,,,,,,,,,,p.434,,,,,
433,,,,,,,,,,,,,,,,r.-50.3.0,r.-50.3.0,,,,,,,r.-50.3.0,,,,,,,,r.-50.3.0,,,,,,,,,,,,,,,,,,,,,,,,,,,,,,,,,,,,,,,,,,,,,,,,,,,,,,,,,,,,,,,,,,,,,,,,,,,,,,,,,,,,,,,,,,,,,,,,,,,,,,,,,,,,,,,,,,,,,,,,,,,,,
434,,,,,,,,,,,,,,,,r.-68.2.0,r.-68.2.0,,,,,,,r.-68.2.0,,,,,,,,r.-68.2.0,,,,,,,,,,,,,,r.-68.2.0,,,,,,,,,,,,,,,,,,,,,,,,r.-68.2.0,r.-68.2.0,,,,,,,,,,,,,,,,,,,,,,,,,,,,,,,,,,,,,,,,,,,,,,,,,,,,,,,,,,,,,,,,,,,,,,,,,,,,,,,,,,,,,,
435,,,,,,,,,,,,,,,,r.-20.2.0,r.-20.2.0,,,,,,,r.-20.2.0,,,,,,,,,,,,,,,,,,,,,,,,,,,,,,,,,,,,,,,,,,,,,,,,,,,,,,,,,,,,,,,,,,,,,,,,,,,,,,,,,,,,,,,,,,,,,,,,,,,,,,,,,,,,,,,,,,,,,,,,,,,,,,,,,,,,,
436,,,,,,,,,,,,,,,,,p.441,,,,,,,,,,,,,,,,,,,,,,,,,,,,,,,,,,,,,,,,,,,,,,,,,,,,,,,,,,,,,,,,,,,,,,,,,,,,,,,,,,,,,,,,,,,,,,,,,,,,,,,,,,,,,,,,,,,,,,,,,,,,,,,,,,,,,,,,,,,,
437,,,,,,,,,,,,,,,,,p.440,,,,,,,,,,,,,,,,,,,,,,,,,,,,,,,,,,,,,,,,,,,,,,,,,,,,,,,,,,,,,,,,,,,,,,,,,,,,,,,,,,,,,,,,,,,,,,,,,,,,,,,,,,,,,,,,,,,,,,,,,,,,,,,,,,,,,,,,,,,,
438,,,,,,,,,,,,,,,,,p.439,,,,,,,,,,,,,,,,,,,,,,,,,,,,,,,,,,,,,,,,,,,,,,,,,,,,,,,,,,,,,,,,,,,,,,,,,,,,,,,,,,,,,,,,,,,,,,,,,,,,,,,,,,,,,,,,,,,,,,,,,,,,,,,,,,,,,,,,,,,,
439,,,,,,,,,,,,,,,,r.-20.3.0,r.-20.3.0,,,,,,,r.-20.3.0,,,,,,,,,,,,,,,,,,,,,,,,,,,,,,,,,,,,,,,,,,,,,,,,,,,,,,,,,,,,,,,,,,,,,,,,,,,,,,,,,,,,,,,,,,,,,,,,,,,,,,,,,,,,,,,,,,,,,,,,,,,,,,,,,,,,,
440,,,,,,,,,,,,,,,,r.-21.3.0,r.-21.3.0,,,,,,,r.-21.3.0,,,,,,,,,,,,,,,,,,,,,,,,,,,,,,,,,,,,,,,,,,,,,,,,,,,,,,,,,,,,,,,,,,,,,,,,,,,,,,,,,,,,,,,,,,,,,,,,,,,,,,,,,,,,,,,,,,,,,,,,,,,,,,,,,,,,,
441,,,,,,,,,,,,,,,,r.-20.3.0,r.-20.3.0,,,,,,,r.-20.3.0,,,,,,,,,,,,,,,,,,,,,,,,,,,,,,,,,,,,,,,,,,,,,,,,,,,,,,,,,,,,,,,,,,,,,,,,,,,,,,,,,,,,,,,,,,,,,,,,,,,,,,,,,,,,,,,,,,,,,,,,,,,,,,,,,,,,,
442,,,,,,,,,,,,,,,,,,,,,,,,,,,,,,,,p.445,,,,,,,,,,,,,,,,,,,,,,,,,,,,,,,,,,,,,,,,,,,,,,,,,,,,,,,,,,,,,,,,,,,,,,,,,,,,,p.446,p.711,,,,,,,,p.448,,,,,,,,,,,,,,,,,,,,,,,,,,,,,,,,,,,,,,,
443,,,,r.-22.2.0,,,,,,,,,,,,r.-22.2.0,r.-22.2.0,,p.444,,,,,r.-22.2.0,,r.-22.2.0,,,,,,r.-22.2.0,,,,,,,,,,,,,,r.-22.2.0,,,,,,,,,,,,,,,,,r.-22.2.0,r.-22.2.0,r.-22.2.0,r.-22.2.0,r.-22.2.0,r.-22.2.0,r.-22.2.0,r.-22.2.0,r.-22.2.0,r.-22.2.0,r.-22.2.0,r.-22.2.0,r.-22.2.0,r.-22.2.0,r.-22.2.0,r.-22.2.0,r.-22.2.0,r.-22.2.0,r.-22.2.0,,,,,,,,,,,,,,,,,,,,,,,,,,,,,,,,,,,,,,,,,,,,,,,,,,,,,,,,,,,,,,,,,,,,,,,,,,,,
444,,,,,,,,,,,,,,,,,,,,,,,,,,,,,,,,p.445,,,,,,,,,,,,,,,,,,,,,,,,,,,,,,,,,,,,,,,,,,,,,,,,,,,,,,,,,,,,,,,,,,,,,,,,,,,,,p.446,p.447,,,,,,,,p.448,,,,,,,,,,,,,,,,,,,,,,,,,,,,,,,,,,,,,,,
445,,,,r.-33.1.0,r.-33.1.0,,,,,,,,,,,,,,,r.-33.1.0,,,,,,,,,,,,,,,,,,,,,,,,,,,,,,,,,,,,,,,,,,,,,,,,,,,,,,,,,,,,,,,,,,,,,,,,,,,,,,,,,,,,,,,,,,,,,,,,,,,,,,,,,,,,,,,,,,,,,,,,,,,,,,,,,,,,,,,,,
446,,,,r.-25.1.0,,,,,,,,,,,,,,,,r.-25.1.0,,,,,,,,,,,,,,,,,,,,,,,,,,,,,,,,,,,,,,,,,,,,,,,,,,,,,,,,,,,,,,,,,,,,,,,,,,,,,,,,,,,,,,,,,,,,,,,,,,,,,,,,,,,,,,,,,,,,,,,,,,,,,,,,,,,,,,,,,
447,,,,p.708,,,,,,,,,,,,,,,,p.709,,,,,,,,,,,,,,,,,,,,,,,,,,,,,,,,,,,,,,,,,,,,,,,,,,,,,,,,,,,,,,,,,,,,,,,,,,,,,,,,,,,,,,,,,,,,,,,,,,,,,,,,,,,,,,,,,,,,,,,,,,,,,,,,,,,,,,,,,
448,,,,r.-24.1.0,p.449,,,,,,,,,,,,,,,r.-24.1.0,,,,,,,,,,,,,,,,,,,,,,,,,,,,,,,,,,,,,,,,,,,,,,,,,,,,,,,,,,,,,,,,,,,,,,,,,,,,,,,,,,,,,,,,,,,,,,,,,,,,,,,,,,,,,,,,,,,,,,,,,,,,,,,,,,,,,,,,,
449,p.98,p.99,p.100,,,,,,,,,,,,,p.450,,p.451,,,,,,,,,p.452,,,,p.453,p.454,,p.455,,,,,,,,,,,,p.108,,,,,,p.456,p.457,,,,,,,,,,,,,,,,,,,,,,,,,,,,,p.458,p.112,p.113,,,,p.459,p.460,,,,,,p.461,p.462,,p.463,p.464,p.465,,,,,,,,p.466,,,p.467,p.468,,,,p.469,,p.470,,p.471,,,,,p.472,,,,p.473,p.474,p.475,,,,,p.476,p.477,p.478,,p.479,,,,p.480,,,,,,,,,,,,p.481,p.482
450,p.98,p.99,p.100,,,,,,,,,,,,,p.207,,p.208,,,,,,,,p.209,p.210,,,,p.211,p.212,,p.213,,,,,,,,,,,,p.108,,,,,,p.214,p.215,,,,,,,,,,,,,,,p.11,p.12,p.216,p.217,p.218,p.219,p.220,p.221,p.222,p.223,p.224,p.225,p.226,p.227,p.228,p.112,p.113,,,,p.229,p.230,,p.231,,,,p.232,p.233,,p.234,p.235,,,,,,,,p.236,p.237,,,p.238,p.239,p.698,,,p.241,,p.242,,p.243,,,,,p.244,,,,p.245,p.246,p.247,,,,,p.248,p.249,p.250,,p.251,p.252,,,p.253,,,,,p.254,p.255,p.705,p.257,,p.258,p.259,p.260,p.261
451,r.-59.1.0/r.-11.1.0,r.-59.1.0/r.-11.1.0,r.-59.1.0/r.-11.1.0,r.-59.1.0/r.-11.1.0,,,,,,,,,,,,r.-11.1.0/r.-59.1.0,,r.-59.1.0,,r.-59.1.0/r.-11.1.0,r.-11.1.0/r.-59.1.0,,,r.-11.1.0/r.-59.1.0,,,,r.-11.1.0/r.-59.1.0,r.-59.1.0/r.-11.1.0,r.-59.1.0/r.-11.1.0,,,r.-59.1.0/r.-11.1.0,,,,,,,,,,,r.-59.1.0/r.-11.1.0,r.-59.1.0/r.-11.1.0,r.-59.1.0/r.-11.1.0,r.-11.1.0/r.-59.1.0,r.-59.1.0/r.-11.1.0,,r.-59.1.0/r.-11.1.0,r.-59.1.0/r.-11.1.0,r.-59.1.0/r.-11.1.0,r.-11.1.0/r.-59.1.0,r.-59.1.0/r.-11.1.0,r.-11.1.0/r.-59.1.0,r.-59.1.0/r.-11.1.0,r.-11.1.0/r.-59.1.0,,,,r.-59.1.0/r.-11.1.0,r.-59.1.0/r.-11.1.0,,,,,,,,,,,,,,,,,,,,,,,,,,,,,,,,,,,,,,,,,,,,,,,,,,,,,,,,,,,,,,,,,,,,,,,,,,,,,,,,,,,,,,,,,,,,,,,
452,r.-23.1.0,r.-23.1.0,r.-23.1.0,r.-23.1.0,,,,,,,,,,,,r.-23.1.0,,,,r.-23.1.0,r.-23.1.0,,,r.-23.1.0,,,,r.-23.1.0,r.-23.1.0,r.-23.1.0,,,r.-23.1.0,,,,,,,,,,,r.-23.1.0,r.-23.1.0,r.-23.1.0,r.-23.1.0,r.-23.1.0,,r.-23.1.0,r.-23.1.0,r.-23.1.0,r.-23.1.0,r.-23.1.0,r.-23.1.0,r.-23.1.0,r.-23.1.0,,,,r.-23.1.0,r.-23.1.0,,,,,,,,,,,,,,,,,,,,,,,,,,,,,,,,,,,,,,,,,,,,,,,,,,,,,,,,,,,,,,,,,,,,,,,,,,,,,,,,,,,,,,,,,,,,,,,
453,r.-31.1.0,r.-31.1.0,r.-31.1.0,r.-31.1.0,,,,,,,,,,,,r.-31.1.0,,,,r.-31.1.0,r.-31.1.0,,,r.-31.1.0,,,,r.-31.1.0,r.-31.1.0,r.-31.1.0,,,r.-31.1.0,,,,,,,,,,,r.-31.1.0,r.-31.1.0,r.-31.1.0,r.-31.1.0,r.-31.1.0,,r.-31.1.0,r.-31.1.0,r.-31.1.0,r.-31.1.0,r.-31.1.0,r.-31.1.0,r.-31.1.0,r.-31.1.0,,,,r.-31.1.0,r.-31.1.0,,,,,,,,,,,,,,,,,,,,,,,,,,,,,,,,,,,,,,,,,,,,,,,,,,,,,,,,,,,,,,,,,,,,,,,,,,,,,,,,,,,,,,,,,,,,,,,
454,r.-33.1.0,r.-33.1.0,r.-33.1.0,r.-33.1.0,,,,,,,,,,,,r.-33.1.0,,,,r.-33.1.0,r.-33.1.0,,,r.-33.1.0,,,,r.-33.1.0,r.-33.1.0,r.-33.1.0,,,r.-33.1.0,,,,,,,,,,,r.-33.1.0,r.-33.1.0,r.-33.1.0,r.-33.1.0,r.-33.1.0,,r.-33.1.0,r.-33.1.0,r.-33.1.0,r.-33.1.0,r.-33.1.0,r.-33.1.0,r.-33.1.0,r.-33.1.0,,,,r.-33.1.0,r.-33.1.0,,,,,,,,,,,,,,,,,,,,,,,,,,,,,,,,,,,,,,,,,,,,,,,,,,,,,,,,,,,,,,,,,,,,,,,,,,,,,,,,,,,,,,,,,,,,,,,
455,r.-40.1.0,r.-40.1.0,r.-40.1.0,r.-40.1.0,,,,,,,,,,,,r.-40.1.0,,,,r.-40.1.0,r.-40.1.0,,,r.-40.1.0,,,,r.-40.1.0,r.-40.1.0,r.-40.1.0,,,r.-40.1.0,,,,,,,,,,,r.-40.1.0,r.-40.1.0,r.-40.1.0,r.-40.1.0,r.-40.1.0,,r.-40.1.0,r.-40.1.0,r.-40.1.0,r.-40.1.0,r.-40.1.0,r.-40.1.0,r.-40.1.0,r.-40.1.0,,,,r.-40.1.0,r.-40.1.0,,,,,,,,,,,,,,,,,,,,,,,,,,,,,,,,,,,,,,,,,,,,,,,,,,,,,,,,,,,,,,,,,,,,,,,,,,,,,,,,,,,,,,,,,,,,,,,
456,p.98,p.99,p.100,,,,,,,,,,,,,p.702,,p.451,,,,,,,,,p.452,,,,p.453,p.454,,p.455,,,,,,,,,,,,p.108,,,,,,p.456,p.457,,,,,,,,,,,,,,,,,,,,,,,,,,,,,p.458,p.112,p.113,,,,,,,,,,,,p.462,,,p.464,,,,,,,,,p.466,,,,,,,,p.469,,p.470,,,,,,,p.472,,,,,,,,,,,p.476,p.477,,,,,,,p.480,,,,,,,,,,,,p.704,p.482
457,p.98,p.99,p.100,,,,,,,,,,,,,p.702,,p.451,,,,,,,,,p.452,,,,p.453,p.454,,p.455,,,,,,,,,,,,p.108,,,,,,p.456,p.457,,,,,,,,,,,,,,,,,,,,,,,,,,,,,p.458,p.112,p.113,,,,,,,,,,,,p.462,,,p.464,,,,,,,,,p.466,,,,,,,,p.469,,p.470,,,,,,,p.472,,,,,,,,,,,p.476,p.477,,,,,,,p.480,,,,,,,,,,,,p.703,p.482
458,p.98,p.99,p.100,,,,,,,,,,,,,p.696,,p.451,,,,,,,,,p.452,,,,p.453,p.454,,p.455,,,,,,,,,,,,p.108,,,,,,p.456,p.457,,,,,,,,,,,,,,,,,,,,,,,,,,,,,p.458,p.112,p.113,,,,,,,,,,,,p.462,,,p.464,,,,,,,,,p.466,,,,,,,,p.469,,p.470,,,,,,,p.472,,,,,,,,,,,p.476,p.477,,,,,,,p.480,,,,,,,,,,,,p.697,p.482
459,p.488,p.489,r.-55.1.0,r.-55.1.0,,,,,,,,,,,,,,,,r.-55.1.0,r.-55.1.0,,,,,,,r.-55.1.0,r.-55.1.0,r.-55.1.0,,,r.-55.1.0,,,,,,,,,,,r.-55.1.0,r.-55.1.0,,,,,,,,,r.-55.1.0,r.-55.1.0,r.-55.1.0,r.-55.1.0,,,,r.-55.1.0,r.-55.1.0,,,,,,,,,,,,,,,,,,,,,,,,,,,,,,,,,,,,,,,,,,,,,,,,,,,,,,,,,,,,,,,,,,,,,,,,,,,,,,,,,,,,,,,,,,,,,,,
460,,,p.534,r.-27.1.0,,,,,,,,,,,,,,,,r.-27.1.0,r.-27.1.0,,,,,,,,,r.-27.1.0,,,r.-27.1.0,,,,,,,,,,,r.-27.1.0,r.-27.1.0,,,,,,,,,,,,,,,,,,,,,,,,,,,,,,,,,,,,,,,,,,,,,,,,,,,,,,,,,,,,,,,,,,,,,,,,,,,,,,,,,,,,,,,,,,,,,,,,,,,,,,,,,,,,,,,,
461,r.-46.1.0,r.-46.1.0,r.-46.1.0,r.-46.1.0,,,,,,,,,,,,,,,,r.-46.1.0,r.-46.1.0,,,,,,,r.-46.1.0,r.-46.1.0,r.-46.1.0,,,r.-46.1.0,,,,,,,,,,,r.-46.1.0,r.-46.1.0,r.-46.1.0,r.-46.1.0,r.-46.1.0,,,,,,r.-46.1.0,r.-46.1.0,r.-46.1.0,r.-46.1.0,,,,r.-46.1.0,r.-46.1.0,,,,,,,,,,,,,,,,,,,,,,,,,,,,,,,,,,,,,,,,,,,,,,,,,,,,,,,,,,,,,,,,,,,,,,,,,,,,,,,,,,,,,,,,,,,,,,,
462,r.-14.1.0,r.-14.1.0,r.-14.1.0,r.-14.1.0,,,,,,,,,,,,r.-14.1.0,,,,r.-14.1.0,r.-14.1.0,,,r.-14.1.0,,,,r.-14.1.0,r.-14.1.0,r.-14.1.0,,,r.-14.1.0,,,,,,,,,,,r.-14.1.0,r.-14.1.0,r.-14.1.0,r.-14.1.0,r.-14.1.0,,r.-14.1.0,r.-14.1.0,r.-14.1.0,r.-14.1.0,r.-14.1.0,r.-14.1.0,r.-14.1.0,r.-14.1.0,,,,r.-14.1.0,r.-14.1.0,,,,,,,,,,,,,,,,,,,,,,,,,,,,,,,,,,,,,,,,,,,,,,,,,,,,,,,,,,,,,,,,,,,,,,,,,,,,,,,,,,,,,,,,,,,,,,,
463,,,,r.-15.1.0,,,,,,,,,,,,,,,,r.-15.1.0,,,,,,,,,,,,,,,,,,,,,,,,,,,,,,,,,,,,,,,,,,,,,,,,,,,,,,,,,,,,,,,,,,,,,,,,,,,,,,,,,,,,,,,,,,,,,,,,,,,,,,,,,,,,,,,,,,,,,,,,,,,,,,,,,,,,,,,,,
464,r.-52.1.0,r.-52.1.0,r.-52.1.0,r.-52.1.0,,,,,,,,,,,,r.-52.1.0,,,,r.-52.1.0,r.-52.1.0,,,r.-52.1.0,,,,r.-52.1.0,r.-52.1.0,r.-52.1.0,,,r.-52.1.0,,,,,,,,,,,r.-52.1.0,r.-52.1.0,r.-52.1.0,r.-52.1.0,r.-52.1.0,,r.-52.1.0,r.-52.1.0,r.-52.1.0,r.-52.1.0,r.-52.1.0,r.-52.1.0,r.-52.1.0,r.-52.1.0,,,,r.-52.1.0,r.-52.1.0,,,,,,,,,,,,,,,,,,,,,,,,,,,,,,,,,,,,,,,,,,,,,,,,,,,,,,,,,,,,,,,,,,,,,,,,,,,,,,,,,,,,,,,,,,,,,,,
465,,,,r.-24.3.0,,,,,,,,,,,,,,,,r.-24.3.0,,,,,,,,,,,,,,,,,,,,,,,,,,,,,,,,,,,,,,,,,,,,,,,,,,,,,,,,,,,,,,,,,,,,,,,,,,,,,,,,,,,,,,,,,,,,,,,,,,,,,,,,,,,,,,,,,,,,,,,,,,,,,,,,,,,,,,,,,
466,r.-14.1.0,r.-14.1.0,r.-14.1.0,r.-14.1.0,,,,,,,,,,,,r.-14.1.0,,,,r.-14.1.0,r.-14.1.0,,,r.-14.1.0,,,,r.-14.1.0,r.-14.1.0,r.-14.1.0,,,r.-14.1.0,,,,,,,,,,,r.-14.1.0,r.-14.1.0,r.-14.1.0,r.-14.1.0,r.-14.1.0,,r.-14.1.0,r.-14.1.0,r.-14.1.0,r.-14.1.0,r.-14.1.0,r.-14.1.0,r.-14.1.0,r.-14.1.0,,,,r.-14.1.0,r.-14.1.0,,,,,,,,,,,,,,,,,,,,,,,,,,,,,,,,,,,,,,,,,,,,,,,,,,,,,,,,,,,,,,,,,,,,,,,,,,,,,,,,,,,,,,,,,,,,,,,
467,,,r.-4.1.0,r.-4.1.0,,,,,,,,,,,,,,,,r.-4.1.0,r.-4.1.0,,,,,,,p.536,p.537,r.-4.1.0,,,r.-4.1.0,,,,,,,,,,,r.-4.1.0,r.-4.1.0,,,,,,,,,,,,,,,,,,,,,,,,,,,,,,,,,,,,,,,,,,,,,,,,,,,,,,,,,,,,,,,,,,,,,,,,,,,,,,,,,,,,,,,,,,,,,,,,,,,,,,,,,,,,,,,,
468,,,,r.-35.1.0,,,,,,,,,,,,,,,,r.-35.1.0,r.-35.1.0,,,,,,,,,p.532,,,r.-35.1.0,,,,,,,,,,,r.-35.1.0,r.-35.1.0,,,,,,,,,,,,,,,,,,,,,,,,,,,,,,,,,,,,,,,,,,,,,,,,,,,,,,,,,,,,,,,,,,,,,,,,,,,,,,,,,,,,,,,,,,,,,,,,,,,,,,,,,,,,,,,,
469,r.-14.1.0,r.-14.1.0,r.-14.1.0,r.-14.1.0,,,,,,,,,,,,r.-14.1.0,,,,r.-14.1.0,r.-14.1.0,,,r.-14.1.0,,,,r.-14.1.0,r.-14.1.0,r.-14.1.0,,,r.-14.1.0,,,,,,,,,,,r.-14.1.0,r.-14.1.0,r.-14.1.0,r.-14.1.0,r.-14.1.0,,r.-14.1.0,r.-14.1.0,r.-14.1.0,r.-14.1.0,r.-14.1.0,r.-14.1.0,r.-14.1.0,r.-14.1.0,,,,r.-14.1.0,r.-14.1.0,,,,,,,,,,,,,,,,,,,,,,,,,,,,,,,,,,,,,,,,,,,,,,,,,,,,,,,,,,,,,,,,,,,,,,,,,,,,,,,,,,,,,,,,,,,,,,,
470,r.-52.1.0,r.-52.1.0,r.-52.1.0,r.-52.1.0,,,,,,,,,,,,r.-52.1.0,,,,r.-52.1.0,r.-52.1.0,,,r.-52.1.0,,,,r.-52.1.0,r.-52.1.0,r.-52.1.0,,,r.-52.1.0,,,,,,,,,,,r.-52.1.0,r.-52.1.0,r.-52.1.0,r.-52.1.0,r.-52.1.0,,r.-52.1.0,r.-52.1.0,r.-52.1.0,r.-52.1.0,r.-52.1.0,r.-52.1.0,r.-52.1.0,r.-52.1.0,,,,r.-52.1.0,r.-52.1.0,,,,,,,,,,,,,,,,,,,,,,,,,,,,,,,,,,,,,,,,,,,,,,,,,,,,,,,,,,,,,,,,,,,,,,,,,,,,,,,,,,,,,,,,,,,,,,,
471,,,,r.-44.1.0,,,,,,,,,,,,,,,,r.-44.1.0,r.-44.1.0,,,,,,,,,,,,p.530,,,,,,,,,,,r.-44.1.0,r.-44.1.0,,,,,,,,,,,,,,,,,,,,,,,,,,,,,,,,,,,,,,,,,,,,,,,,,,,,,,,,,,,,,,,,,,,,,,,,,,,,,,,,,,,,,,,,,,,,,,,,,,,,,,,,,,,,,,,,
472,r.-14.1.0,r.-14.1.0,r.-14.1.0,r.-14.1.0,,,,,,,,,,,,r.-14.1.0,,,,r.-14.1.0,r.-14.1.0,,,r.-14.1.0,,,,r.-14.1.0,r.-14.1.0,r.-14.1.0,,,r.-14.1.0,,,,,,,,,,,r.-14.1.0,r.-14.1.0,r.-14.1.0,r.-14.1.0,r.-14.1.0,,r.-14.1.0,r.-14.1.0,r.-14.1.0,r.-14.1.0,r.-14.1.0,r.-14.1.0,r.-14.1.0,r.-14.1.0,,,,r.-14.1.0,r.-14.1.0,,,,,,,,,,,,,,,,,,,,,,,,,,,,,,,,,,,,,,,,,,,,,,,,,,,,,,,,,,,,,,,,,,,,,,,,,,,,,,,,,,,,,,,,,,,,,,,
473,,,,r.-45.1.0,,,,,,,,,,,,,,,,r.-45.1.0,r.-45.1.0,,,,,,,,,,,,,,,,,,,,,,,p.528,r.-45.1.0,,,,,,,,,,,,,,,,,,,,,,,,,,,,,,,,,,,,,,,,,,,,,,,,,,,,,,,,,,,,,,,,,,,,,,,,,,,,,,,,,,,,,,,,,,,,,,,,,,,,,,,,,,,,,,,,
474,,,,r.-13.1.0,,,,,,,,,,,,,,,,r.-13.1.0,p.525,,,,,,,,,,,,,,,,,,,,,,,,p.526,,,,,,,,,,,,,,,,,,,,,,,,,,,,,,,,,,,,,,,,,,,,,,,,,,,,,,,,,,,,,,,,,,,,,,,,,,,,,,,,,,,,,,,,,,,,,,,,,,,,,,,,,,,,,,,,
475,r.-3.1.0,r.-3.1.0,r.-3.1.0,r.-3.1.0,,,,,,,,,,,,,,,,r.-3.1.0,r.-3.1.0,,,,,,,r.-3.1.0,r.-3.1.0,r.-3.1.0,,,r.-3.1.0,,,,,,,,,,,r.-3.1.0,r.-3.1.0,p.491,p.492,p.493,,,,,,r.-3.1.0,r.-3.1.0,r.-3.1.0,r.-3.1.0,,,,r.-3.1.0,r.-3.1.0,,,,,,,,,,,,,,,,,,,,,,,,,,,,,,,,,,,,,,,,,,,,,,,,,,,,,,,,,,,,,,,,,,,,,,,,,,,,,,,,,,,,,,,,,,,,,,,
476,r.-71.1.0,r.-71.1.0,r.-71.1.0,r.-71.1.0,,,,,,,,,,,,p.507,,,,r.-71.1.0,r.-71.1.0,,,p.508,,,,r.-71.1.0,r.-71.1.0,r.-71.1.0,,,r.-71.1.0,,,,,,,,,,,r.-71.1.0,r.-71.1.0,r.-71.1.0,r.-71.1.0,r.-71.1.0,,p.509,p.510,p.511,p.512,r.-71.1.0,r.-71.1.0,r.-71.1.0,r.-71.1.0,,,,r.-71.1.0,r.-71.1.0,,,,,,,,,,,,,,,,,,,,,,,,,,,,,,,,,,,,,,,,,,,,,,,,,,,,,,,,,,,,,,,,,,,,,,,,,,,,,,,,,,,,,,,,,,,,,,,
477,r.-51.1.0,r.-51.1.0,r.-51.1.0,r.-51.1.0,,,,,,,,,,,,r.-51.1.0,,,,r.-51.1.0,r.-51.1.0,,,r.-51.1.0,,,,r.-51.1.0,r.-51.1.0,r.-51.1.0,,,r.-51.1.0,,,,,,,,,,,r.-51.1.0,r.-51.1.0,r.-51.1.0,r.-51.1.0,r.-51.1.0,,r.-51.1.0,r.-51.1.0,r.-51.1.0,r.-51.1.0,r.-51.1.0,r.-51.1.0,r.-51.1.0,r.-51.1.0,,,,r.-51.1.0,r.-51.1.0,,,,,,,,,,,,,,,,,,,,,,,,,,,,,,,,,,,,,,,,,,,,,,,,,,,,,,,,,,,,,,,,,,,,,,,,,,,,,,,,,,,,,,,,,,,,,,,
478,,,r.-26.1.0,r.-26.1.0,,,,,,,,,,,,,,,,r.-26.1.0,r.-26.1.0,,,,,,,r.-26.1.0,r.-26.1.0,r.-26.1.0,,,r.-26.1.0,,,,,,,,,,,r.-26.1.0,r.-26.1.0,,,,,,,,,p.499,p.500,p.501,p.502,,,,,,,,,,,,,,,,,,,,,,,,,,,,,,,,,,,,,,,,,,,,,,,,,,,,,,,,,,,,,,,,,,,,,,,,,,,,,,,,,,,,,,,,,,,,,,,,,,,,
479,,,r.-53.1.0,r.-53.1.0,,,,,,,,,,,,,,,,r.-53.1.0,r.-53.1.0,,,,,,,r.-53.1.0,r.-53.1.0,r.-53.1.0,,,r.-53.1.0,,,,,,,,,,,r.-53.1.0,r.-53.1.0,,,,,,,,,r.-53.1.0,r.-53.1.0,r.-53.1.0,r.-53.1.0,,,,p.485,p.486,,,,,,,,,,,,,,,,,,,,,,,,,,,,,,,,,,,,,,,,,,,,,,,,,,,,,,,,,,,,,,,,,,,,,,,,,,,,,,,,,,,,,,,,,,,,,,,
480,r.-52.1.0,r.-52.1.0,r.-52.1.0,r.-52.1.0,,,,,,,,,,,,r.-52.1.0,,p.484,,r.-52.1.0,r.-52.1.0,,,r.-52.1.0,,,,r.-52.1.0,r.-52.1.0,r.-52.1.0,,,r.-52.1.0,,,,,,,,,,,r.-52.1.0,r.-52.1.0,r.-52.1.0,r.-52.1.0,r.-52.1.0,,r.-52.1.0,r.-52.1.0,r.-52.1.0,r.-52.1.0,r.-52.1.0,r.-52.1.0,r.-52.1.0,r.-52.1.0,,,,r.-52.1.0,r.-52.1.0,,,,,,,,,,,,,,,,,,,,,,,,,,,,,,,,,,,,,,,,,,,,,,,,,,,,,,,,,,,,,,,,,,,,,,,,,,,,,,,,,,,,,,,,,,,,,,,
481,r.-10.1.0,r.-10.1.0,r.-10.1.0,r.-10.1.0,,,,,,,,,,,,,,,,r.-10.1.0,r.-10.1.0,,,,,,,r.-10.1.0,r.-10.1.0,r.-10.1.0,,,r.-10.1.0,,,,,,,,,,,r.-10.1.0,r.-10.1.0,r.-10.1.0,r.-10.1.0,r.-10.1.0,,,,,,r.-10.1.0,r.-10.1.0,r.-10.1.0,r.-10.1.0,,,,r.-10.1.0,r.-10.1.0,,,,,,,,,,,,,,,,,,,,,,,,,,,,,,,,,,,,,,,,,,,,,,,,,,,,,,,,,,,,,,,,,,,,,,,,,,,,,,,,,,,,,,,,,,,,,,,
482,p.98,p.99,p.100,,,,,,,,,,,,,p.450,,p.451,,,,,,,,,p.452,,,,p.453,p.454,,p.455,,,,,,,,,,,,p.108,,,,,,p.456,p.457,,,,,,,,,,,,,,,,,,,,,,,,,,,,,p.458,p.112,p.113,,,,,,,,,,,p.483,p.462,,,p.464,,,,,,,,,p.466,,,,,,,,p.469,,p.470,,,,,,,p.472,,,,,,,,,,,p.476,p.477,,,,,,,p.480,,,,,,,,,,,,p.481,p.482
483,r.-71.2.0,r.-71.2.0,r.-71.2.0,r.-71.2.0,,,,,,,,,,,,,,,,r.-71.2.0,r.-71.2.0,,,,,,,r.-71.2.0,r.-71.2.0,r.-71.2.0,,,r.-71.2.0,,,,,,,,,,,r.-71.2.0,r.-71.2.0,r.-71.2.0,r.-71.2.0,r.-71.2.0,,,,,,r.-71.2.0,r.-71.2.0,r.-71.2.0,r.-71.2.0,,,,r.-71.2.0,r.-71.2.0,,,,,,,,,,,,,,,,,,,,,,,,,,,,,,,,,,,,,,,,,,,,,,,,,,,,,,,,,,,,,,,,,,,,,,,,,,,,,,,,,,,,,,,,,,,,,,,
484,r.-59.2.0,r.-59.2.0,r.-59.2.0,r.-59.2.0,,,,,,,,,,,,r.-59.2.0,,r.-59.2.0,,r.-59.2.0,r.-59.2.0,,,r.-59.2.0,,,,r.-59.2.0,r.-59.2.0,r.-59.2.0,,,r.-59.2.0,,,,,,,,,,,r.-59.2.0,r.-59.2.0,r.-59.2.0,r.-59.2.0,r.-59.2.0,,r.-59.2.0,r.-59.2.0,r.-59.2.0,r.-59.2.0,r.-59.2.0,r.-59.2.0,r.-59.2.0,r.-59.2.0,,,,r.-59.2.0,r.-59.2.0,,,,,,,,,,,,,,,,,,,,,,,,,,,,,,,,,,,,,,,,,,,,,,,,,,,,,,,,,,,,,,,,,,,,,,,,,,,,,,,,,,,,,,,,,,,,,,,
485,p.98,p.99,p.100,,,,,,,,,,,,,p.450,,p.451,,,,,,,,,p.452,,,,p.453,p.454,,p.455,,,,,,,,,,,,p.108,,,,,,p.456,p.457,,,,,,,,,,,,,,,,,,,,,,,,,,,,,p.458,p.112,p.113,,,,p.498,,,,,,,p.461,p.462,,,p.464,,,,,,,,,p.466,,,,,,,,p.469,,p.470,,,,,,,p.472,,,,,,p.475,,,,,p.476,p.477,,,,,,,p.480,,,,,,,,,,,,p.481,p.482
486,p.98,p.99,p.100,,,,,,,,,,,,,p.450,,p.451,,,,,,,,,p.452,,,,p.453,p.454,,p.455,,,,,,,,,,,,p.108,,,,,,p.456,p.457,,,,,,,,,,,,,,,,,,,,,,,,,,,,,p.458,p.112,p.113,,,,p.487,,,,,,,p.461,p.462,,,p.464,,,,,,,,,p.466,,,,,,,,p.469,,p.470,,,,,,,p.472,,,,,,p.475,,,,,p.476,p.477,,,,,,,p.480,,,,,,,,,,,,p.481,p.482
487,p.488,p.489,r.-55.3.0,r.-55.3.0,,,,,,,,,,,,,,,,r.-55.3.0,r.-55.3.0,,,,,,,r.-55.3.0,r.-55.3.0,r.-55.3.0,,,r.-55.3.0,,,,,,,,,,,r.-55.3.0,r.-55.3.0,,,,,,,,,r.-55.3.0,r.-55.3.0,r.-55.3.0,r.-55.3.0,,,,r.-55.3.0,r.-55.3.0,,,,,,,,,,,,,,,,,,,,,,,,,,,,,,,,,,,,,,,,,,,,,,,,,,,,,,,,,,,,,,,,,,,,,,,,,,,,,,,,,,,,,,,,,,,,,,,
488,p.98,p.99,p.100,,,,,,,,,,,,,p.450,,p.451,,,,,,,,,p.452,,,,p.453,p.454,,p.455,,,,,,,,,,,,p.108,,,,,,p.456,p.457,,,,,,,,,,,,,,,,,,,,,,,,,,,,,p.458,p.112,p.113,,,,,,,,,,,p.461,p.462,,,p.464,,,,,,,,,p.466,,,,,,,,p.469,,p.470,,,,,,,p.472,,,,,,p.497,,,,,p.476,p.477,,,,,,,p.480,,,,,,,,,,,,p.481,p.482
489,p.98,p.99,p.100,,,,,,,,,,,,,p.450,,p.451,,,,,,,,,p.452,,,,p.453,p.454,,p.455,,,,,,,,,,,,p.108,,,,,,p.456,p.457,,,,,,,,,,,,,,,,,,,,,,,,,,,,,p.458,p.112,p.113,,,,,,,,,,,p.461,p.462,,,p.464,,,,,,,,,p.466,,,,,,,,p.469,,p.470,,,,,,,p.472,,,,,,p.490,,,,,p.476,p.477,,,,,,,p.480,,,,,,,,,,,,p.481,p.482
490,r.-3.3.0,r.-3.3.0,r.-3.3.0,r.-3.3.0,,,,,,,,,,,,,,,,r.-3.3.0,r.-3.3.0,,,,,,,r.-3.3.0,r.-3.3.0,r.-3.3.0,,,r.-3.3.0,,,,,,,,,,,r.-3.3.0,r.-3.3.0,p.491,p.492,p.493,,,,,,r.-3.3.0,r.-3.3.0,r.-3.3.0,r.-3.3.0,,,,r.-3.3.0,r.-3.3.0,,,,,,,,,,,,,,,,,,,,,,,,,,,,,,,,,,,,,,,,,,,,,,,,,,,,,,,,,,,,,,,,,,,,,,,,,,,,,,,,,,,,,,,,,,,,,,,
491,p.98,p.99,p.100,,,,,,,,,,,,,p.450,,p.451,,,,,,,,,p.452,,,,p.453,p.454,,p.455,,,,,,,,,,,,p.108,,,,,,p.456,p.457,,,,,,,,,,,,,,,,,,,,,,,,,,,,,p.458,p.112,p.113,,,,,,,,,,,p.496,p.462,,,p.464,,,,,,,,,p.466,,,,,,,,p.469,,p.470,,,,,,,p.472,,,,,,,,,,,p.476,p.477,,,,,,,p.480,,,,,,,,,,,,p.481,p.482
492,p.98,p.99,p.100,,,,,,,,,,,,,p.450,,p.451,,,,,,,,,p.452,,,,p.453,p.454,,p.455,,,,,,,,,,,,p.108,,,,,,p.456,p.457,,,,,,,,,,,,,,,,,,,,,,,,,,,,,p.458,p.112,p.113,,,,,,,,,,,p.495,p.462,,,p.464,,,,,,,,,p.466,,,,,,,,p.469,,p.470,,,,,,,p.472,,,,,,,,,,,p.476,p.477,,,,,,,p.480,,,,,,,,,,,,p.481,p.482
493,p.98,p.99,p.100,,,,,,,,,,,,,p.450,,p.451,,,,,,,,,p.452,,,,p.453,p.454,,p.455,,,,,,,,,,,,p.108,,,,,,p.456,p.457,,,,,,,,,,,,,,,,,,,,,,,,,,,,,p.458,p.112,p.113,,,,,,,,,,,p.494,p.462,,,p.464,,,,,,,,,p.466,,,,,,,,p.469,,p.470,,,,,,,p.472,,,,,,,,,,,p.476,p.477,,,,,,,p.480,,,,,,,,,,,,p.481,p.482
494,r.-46.3.0,r.-46.3.0,r.-46.3.0,r.-46.3.0,,,,,,,,,,,,,,,,r.-46.3.0,r.-46.3.0,,,,,,,r.-46.3.0,r.-46.3.0,r.-46.3.0,,,r.-46.3.0,,,,,,,,,,,r.-46.3.0,r.-46.3.0,r.-46.3.0,r.-46.3.0,r.-46.3.0,,,,,,r.-46.3.0,r.-46.3.0,r.-46.3.0,r.-46.3.0,,,,r.-46.3.0,r.-46.3.0,,,,,,,,,,,,,,,,,,,,,,,,,,,,,,,,,,,,,,,,,,,,,,,,,,,,,,,,,,,,,,,,,,,,,,,,,,,,,,,,,,,,,,,,,,,,,,,
495,r.-46.3.0,r.-46.3.0,r.-46.3.0,r.-46.3.0,,,,,,,,,,,,,,,,r.-46.3.0,r.-46.3.0,,,,,,,r.-46.3.0,r.-46.3.0,r.-46.3.0,,,r.-46.3.0,,,,,,,,,,,r.-46.3.0,r.-46.3.0,r.-46.3.0,r.-46.3.0,r.-46.3.0,,,,,,r.-46.3.0,r.-46.3.0,r.-46.3.0,r.-46.3.0,,,,r.-46.3.0,r.-46.3.0,,,,,,,,,,,,,,,,,,,,,,,,,,,,,,,,,,,,,,,,,,,,,,,,,,,,,,,,,,,,,,,,,,,,,,,,,,,,,,,,,,,,,,,,,,,,,,,
496,r.-46.3.0,r.-46.3.0,r.-46.3.0,r.-46.3.0,,,,,,,,,,,,,,,,r.-46.3.0,r.-46.3.0,,,,,,,r.-46.3.0,r.-46.3.0,r.-46.3.0,,,r.-46.3.0,,,,,,,,,,,r.-46.3.0,r.-46.3.0,r.-46.3.0,r.-46.3.0,r.-46.3.0,,,,,,r.-46.3.0,r.-46.3.0,r.-46.3.0,r.-46.3.0,,,,r.-46.3.0,r.-46.3.0,,,,,,,,,,,,,,,,,,,,,,,,,,,,,,,,,,,,,,,,,,,,,,,,,,,,,,,,,,,,,,,,,,,,,,,,,,,,,,,,,,,,,,,,,,,,,,,
497,r.-3.3.0,r.-3.3.0,r.-3.3.0,r.-3.3.0,,,,,,,,,,,,,,,,r.-3.3.0,r.-3.3.0,,,,,,,r.-3.3.0,r.-3.3.0,r.-3.3.0,,,r.-3.3.0,,,,,,,,,,,r.-3.3.0,r.-3.3.0,p.491,p.492,p.493,,,,,,r.-3.3.0,r.-3.3.0,r.-3.3.0,r.-3.3.0,,,,r.-3.3.0,r.-3.3.0,,,,,,,,,,,,,,,,,,,,,,,,,,,,,,,,,,,,,,,,,,,,,,,,,,,,,,,,,,,,,,,,,,,,,,,,,,,,,,,,,,,,,,,,,,,,,,,
498,p.488,p.489,r.-55.3.0,r.-55.3.0,,,,,,,,,,,,,,,,r.-55.3.0,r.-55.3.0,,,,,,,r.-55.3.0,r.-55.3.0,r.-55.3.0,,,r.-55.3.0,,,,,,,,,,,r.-55.3.0,r.-55.3.0,,,,,,,,,r.-55.3.0,r.-55.3.0,r.-55.3.0,r.-55.3.0,,,,r.-55.3.0,r.-55.3.0,,,,,,,,,,,,,,,,,,,,,,,,,,,,,,,,,,,,,,,,,,,,,,,,,,,,,,,,,,,,,,,,,,,,,,,,,,,,,,,,,,,,,,,,,,,,,,,
499,p.98,p.99,p.100,,,,,,,,,,,,,p.450,,p.451,,,,,,,,,p.452,,,,p.453,p.454,,p.455,,,,,,,,,,,,p.108,,,,,,p.456,p.457,,,,,,,,,,,,,,,,,,,,,,,,,,,,,p.458,p.112,p.113,,,,p.459,,,,,,,p.461,p.462,,,p.464,,,,,,,,,p.466,,,,,,,,p.469,,p.470,,,,,,,p.472,,,,,,p.475,,,,,p.476,p.477,,,p.506,,,,p.480,,,,,,,,,,,,p.481,p.482
500,p.98,p.99,p.100,,,,,,,,,,,,,p.450,,p.451,,,,,,,,,p.452,,,,p.453,p.454,,p.455,,,,,,,,,,,,p.108,,,,,,p.456,p.457,,,,,,,,,,,,,,,,,,,,,,,,,,,,,p.458,p.112,p.113,,,,p.459,,,,,,,p.461,p.462,,,p.464,,,,,,,,,p.466,,,,,,,,p.469,,p.470,,,,,,,p.472,,,,,,p.475,,,,,p.476,p.477,,,p.505,,,,p.480,,,,,,,,,,,,p.481,p.482
501,p.98,p.99,p.100,,,,,,,,,,,,,p.450,,p.451,,,,,,,,,p.452,,,,p.453,p.454,,p.455,,,,,,,,,,,,p.108,,,,,,p.456,p.457,,,,,,,,,,,,,,,,,,,,,,,,,,,,,p.458,p.112,p.113,,,,p.459,,,,,,,p.461,p.462,,,p.464,,,,,,,,,p.466,,,,,,,,p.469,,p.470,,,,,,,p.472,,,,,,p.475,,,,,p.476,p.477,,,p.504,,,,p.480,,,,,,,,,,,,p.481,p.482
502,p.98,p.99,p.100,,,,,,,,,,,,,p.450,,p.451,,,,,,,,,p.452,,,,p.453,p.454,,p.455,,,,,,,,,,,,p.108,,,,,,p.456,p.457,,,,,,,,,,,,,,,,,,,,,,,,,,,,,p.458,p.112,p.113,,,,p.459,,,,,,,p.461,p.462,,,p.464,,,,,,,,,p.466,,,,,,,,p.469,,p.470,,,,,,,p.472,,,,,,p.475,,,,,p.476,p.477,,,p.503,,,,p.480,,,,,,,,,,,,p.481,p.482
503,,,r.-53.3.0,r.-53.3.0,,,,,,,,,,,,,,,,r.-53.3.0,r.-53.3.0,,,,,,,r.-53.3.0,r.-53.3.0,r.-53.3.0,,,r.-53.3.0,,,,,,,,,,,r.-53.3.0,r.-53.3.0,,,,,,,,,r.-53.3.0,r.-53.3.0,r.-53.3.0,r.-53.3.0,,,,p.485,p.486,,,,,,,,,,,,,,,,,,,,,,,,,,,,,,,,,,,,,,,,,,,,,,,,,,,,,,,,,,,,,,,,,,,,,,,,,,,,,,,,,,,,,,,,,,,,,,,
504,,,r.-53.3.0,r.-53.3.0,,,,,,,,,,,,,,,,r.-53.3.0,r.-53.3.0,,,,,,,r.-53.3.0,r.-53.3.0,r.-53.3.0,,,r.-53.3.0,,,,,,,,,,,r.-53.3.0,r.-53.3.0,,,,,,,,,r.-53.3.0,r.-53.3.0,r.-53.3.0,r.-53.3.0,,,,p.485,p.486,,,,,,,,,,,,,,,,,,,,,,,,,,,,,,,,,,,,,,,,,,,,,,,,,,,,,,,,,,,,,,,,,,,,,,,,,,,,,,,,,,,,,,,,,,,,,,,
505,,,r.-53.3.0,r.-53.3.0,,,,,,,,,,,,,,,,r.-53.3.0,r.-53.3.0,,,,,,,r.-53.3.0,r.-53.3.0,r.-53.3.0,,,r.-53.3.0,,,,,,,,,,,r.-53.3.0,r.-53.3.0,,,,,,,,,r.-53.3.0,r.-53.3.0,r.-53.3.0,r.-53.3.0,,,,p.485,p.486,,,,,,,,,,,,,,,,,,,,,,,,,,,,,,,,,,,,,,,,,,,,,,,,,,,,,,,,,,,,,,,,,,,,,,,,,,,,,,,,,,,,,,,,,,,,,,,
506,,,r.-53.3.0,r.-53.3.0,,,,,,,,,,,,,,,,r.-53.3.0,r.-53.3.0,,,,,,,r.-53.3.0,r.-53.3.0,r.-53.3.0,,,r.-53.3.0,,,,,,,,,,,r.-53.3.0,r.-53.3.0,,,,,,,,,r.-53.3.0,r.-53.3.0,r.-53.3.0,r.-53.3.0,,,,p.485,p.486,,,,,,,,,,,,,,,,,,,,,,,,,,,,,,,,,,,,,,,,,,,,,,,,,,,,,,,,,,,,,,,,,,,,,,,,,,,,,,,,,,,,,,,,,,,,,,,
507,p.98,p.99,p.100,,,,,,,,,,,,,p.207,p.519,p.208,,,,,,,,,p.210,,,,p.211,p.263,,p.213,,,,,,,,,,,,p.108,,,,,,p.214,p.215,,,,,,,,,,,,,,,,,,,,,,,,,,,,,p.228,p.112,p.113,,,,p.229,p.230,p.520,p.521,,,,p.232,p.233,,p.234,p.235,,,,,,,,,p.237,,,p.238,p.239,,,,p.241,,p.242,,p.243,,,,,p.244,,,,p.245,p.246,p.247,,,,,p.248,p.249,p.250,,p.251,,,,p.253,,,,,,,,,,,,p.260,p.261
508,p.98,p.99,p.100,,,,,,,,,,,,,p.170,,p.171,,,,,,,,,p.172,,,,p.173,p.174,,p.175,,,,,,,,,,,,p.108,,,,,,p.176,p.177,,,,,,,,,,,,,,,,,,,,,,,,,,,,,p.178,p.112,p.113,,,,p.179,p.180,,p.181,,,,p.182,p.183,,p.184,p.185,,,,,,,,,p.186,,,p.187,p.188,p.515,,,p.190,,p.191,,p.192,,,,,p.193,,,,p.194,p.195,p.196,,,,,p.197,p.198,p.199,,p.200,,,,p.201,,,,,,,,,,,,p.202,p.203
509,,,,,,,,,,,,,,,,,,,,,,,,,,,,,,,,p.454,,,,,,,,,,,,,,,,,,,,,,,,,,,,,,,,,,,,,,,,,,,,,,,,,,,,,,,,,,,,,,,,,,,,,,,,,,,,,,,,,,,,,,p.514,,,,,,,,,,,,,,,,,,,,,,,,,,,,,,,,,,,,,,,
510,,,,,,,,,,,,,,,,,,,,,,,,,,,,,,,,p.454,,,,,,,,,,,,,,,,,,,,,,,,,,,,,,,,,,,,,,,,,,,,,,,,,,,,,,,,,,,,,,,,,,,,,,,,,,,,,,,,,,,,,,p.513,,,,,,,,,,,,,,,,,,,,,,,,,,,,,,,,,,,,,,,
511,r.-51.2.0,r.-51.2.0,r.-51.2.0,r.-51.2.0,,,,,,,,,,,,r.-51.2.0,,,,r.-51.2.0,r.-51.2.0,,,r.-51.2.0,,,,r.-51.2.0,r.-51.2.0,r.-51.2.0,,,r.-51.2.0,,,,,,,,,,,r.-51.2.0,r.-51.2.0,r.-51.2.0,r.-51.2.0,r.-51.2.0,,r.-51.2.0,r.-51.2.0,r.-51.2.0,r.-51.2.0,r.-51.2.0,r.-51.2.0,r.-51.2.0,r.-51.2.0,,,,r.-51.2.0,r.-51.2.0,,,,,,,,,,,,,,,,,,,,,,,,,,,,,,,,,,,,,,,,,,,,,,,,,,,,,,,,,,,,,,,,,,,,,,,,,,,,,,,,,,,,,,,,,,,,,,,
512,r.-51.2.0,r.-51.2.0,r.-51.2.0,r.-51.2.0,,,,,,,,,,,,r.-51.2.0,,,,r.-51.2.0,r.-51.2.0,,,r.-51.2.0,,,,r.-51.2.0,r.-51.2.0,r.-51.2.0,,,r.-51.2.0,,,,,,,,,,,r.-51.2.0,r.-51.2.0,r.-51.2.0,r.-51.2.0,r.-51.2.0,,r.-51.2.0,r.-51.2.0,r.-51.2.0,r.-51.2.0,r.-51.2.0,r.-51.2.0,r.-51.2.0,r.-51.2.0,,,,r.-51.2.0,r.-51.2.0,,,,,,,,,,,,,,,,,,,,,,,,,,,,,,,,,,,,,,,,,,,,,,,,,,,,,,,,,,,,,,,,,,,,,,,,,,,,,,,,,,,,,,,,,,,,,,,
513,r.-51.3.0,r.-51.3.0,r.-51.3.0,r.-51.3.0,,,,,,,,,,,,r.-51.3.0,,,,r.-51.3.0,r.-51.3.0,,,r.-51.3.0,,,,r.-51.3.0,r.-51.3.0,r.-51.3.0,,,r.-51.3.0,,,,,,,,,,,r.-51.3.0,r.-51.3.0,r.-51.3.0,r.-51.3.0,r.-51.3.0,,r.-51.3.0,r.-51.3.0,r.-51.3.0,r.-51.3.0,r.-51.3.0,r.-51.3.0,r.-51.3.0,r.-51.3.0,,,,r.-51.3.0,r.-51.3.0,,,,,,,,,,,,,,,,,,,,,,,,,,,,,,,,,,,,,,,,,,,,,,,,,,,,,,,,,,,,,,,,,,,,,,,,,,,,,,,,,,,,,,,,,,,,,,,
514,r.-51.3.0,r.-51.3.0,r.-51.3.0,r.-51.3.0,,,,,,,,,,,,r.-51.3.0,,,,r.-51.3.0,r.-51.3.0,,,r.-51.3.0,,,,r.-51.3.0,r.-51.3.0,r.-51.3.0,,,r.-51.3.0,,,,,,,,,,,r.-51.3.0,r.-51.3.0,r.-51.3.0,r.-51.3.0,r.-51.3.0,,r.-51.3.0,r.-51.3.0,r.-51.3.0,r.-51.3.0,r.-51.3.0,r.-51.3.0,r.-51.3.0,r.-51.3.0,,,,r.-51.3.0,r.-51.3.0,,,,,,,,,,,,,,,,,,,,,,,,,,,,,,,,,,,,,,,,,,,,,,,,,,,,,,,,,,,,,,,,,,,,,,,,,,,,,,,,,,,,,,,,,,,,,,,
515,,,,p.516,,,,,,,,,,,,,,,,,,,,,p.517,,,,,,,,,,,,,,,,,,,,,,,,,,,,,,,,,,,,,,,,,,,,,,,,,,,,,,,,,,,,,,,,,,,,,,,,,,,,,,,,,,,,,,,,,,,,,,,,,,,,,,,,,,,,,,,,,,,,,,,,,,,,,,,,,,,,
516,p.98,p.99,p.100,,,,,,,,,,,,,p.170,,p.171,,,,,,,,,p.172,,,,p.173,p.174,,p.175,,,,,,,,,,,,p.108,,,,,,p.176,p.177,,,,,,,,,,,,,,,,,,,,,,,,,,,,,p.178,p.112,p.113,,,,p.179,p.180,,p.518,,,,p.182,p.183,,p.184,p.185,,,,,,,,,p.186,,,p.187,p.188,,,,p.190,,p.191,,p.192,,,,,p.193,,,,p.194,p.195,p.196,,,,,p.197,p.198,p.199,,p.200,,,,p.201,,,,,,,,,,,,p.202,p.203
517,r.-51.4.0,r.-51.4.0,r.-51.4.0,r.-51.4.0,,,,,,,,,,,,r.-51.4.0,,,,r.-51.4.0,r.-51.4.0,,,r.-51.4.0,,,,r.-51.4.0,r.-51.4.0,r.-51.4.0,,,r.-51.4.0,,,,,,,,,,,r.-51.4.0,r.-51.4.0,r.-51.4.0,r.-51.4.0,r.-51.4.0,,r.-51.4.0,r.-51.4.0,r.-51.4.0,r.-51.4.0,r.-51.4.0,r.-51.4.0,r.-51.4.0,r.-51.4.0,,,,r.-51.4.0,r.-51.4.0,,,,,,,,,,,,,,,,,,,,,,,,,,,,,,,,,,,,,,,,,,,,,,,,,,,,,,,,,,,,,,,,,,,,,,,,,,,,,,,,,,,,,,,,,,,,,,,
518,,,,r.-28.3.0,,,,,,,,,,,,,,,,,,,,,r.-28.3.0,,,,,,,,,,,,,,,,,,,,,,,,,,,,,,,,,,,,,,,,,,,,,,,,,,,,,,,,,,,,,,,,,,,,,,,,,,,,,,,,,,,,,,,,,,,,,,,,,,,,,,,,,,,,,,,,,,,,,,,,,,,,,,,,,,,,
519,r.-51.3.0,r.-51.3.0,r.-51.3.0,r.-51.3.0,,,,,,,,,,,,r.-51.3.0,,,,r.-51.3.0,r.-51.3.0,,,r.-51.3.0,,,,r.-51.3.0,r.-51.3.0,r.-51.3.0,,,r.-51.3.0,,,,,,,,,,,r.-51.3.0,r.-51.3.0,r.-51.3.0,r.-51.3.0,r.-51.3.0,,r.-51.3.0,r.-51.3.0,r.-51.3.0,r.-51.3.0,r.-51.3.0,r.-51.3.0,r.-51.3.0,r.-51.3.0,,,,r.-51.3.0,r.-51.3.0,,,,,,,,,,,,,,,,,,,,,,,,,,,,,,,,,,,,,,,,,,,,,,,,,,,,,,,,,,,,,,,,,,,,,,,,,,,,,,,,,,,,,,,,,,,,,,,
520,,,,p.522,,,,,,,,,,,,,p.523,,,,,,,,,,,,,,,,,,,,,,,,,,,,,,,,,,,,,,,,,,,,,,,,,,,,,,,,,,,,,,,,,,,,,,,,,,,,,,,,,,,,,,,,,,,,,,,,,,,,,,,,,,,,,,,,,,,,,,,,,,,,,,,,,,,,,,,,,,,,
521,,,,r.-5.1.0,,,,,,,,,,,,,r.-5.1.0,,,,,,,,,,,,,,,,,,,,,,,,,,,,,,,,,,,,,,,,,,,,,,,,,,,,,,,,,,,,,,,,,,,,,,,,,,,,,,,,,,,,,,,,,,,,,,,,,,,,,,,,,,,,,,,,,,,,,,,,,,,,,,,,,,,,,,,,,,,,
522,p.98,p.99,p.100,,,,,,,,,,,,,p.207,,p.208,,,,,,,,,p.210,,,,p.211,p.263,,p.213,,,,,,,,,,,,p.108,,,,,,p.214,p.215,,,,,,,,,,,,,,,,,,,,,,,,,,,,,p.228,p.112,p.113,,,,p.229,p.230,,p.524,,,,p.232,p.233,,p.234,p.235,,,,,,,,,p.237,,,p.238,p.239,,,,p.241,,p.242,,p.243,,,,,p.244,,,,p.245,p.246,p.247,,,,,p.248,p.249,p.250,,p.251,,,,p.253,,,,,,,,,,,,p.260,p.261
523,r.-51.4.0,r.-51.4.0,r.-51.4.0,r.-51.4.0,,,,,,,,,,,,r.-51.4.0,,,,r.-51.4.0,r.-51.4.0,,,r.-51.4.0,,,,r.-51.4.0,r.-51.4.0,r.-51.4.0,,,r.-51.4.0,,,,,,,,,,,r.-51.4.0,r.-51.4.0,r.-51.4.0,r.-51.4.0,r.-51.4.0,,r.-51.4.0,r.-51.4.0,r.-51.4.0,r.-51.4.0,r.-51.4.0,r.-51.4.0,r.-51.4.0,r.-51.4.0,,,,r.-51.4.0,r.-51.4.0,,,,,,,,,,,,,,,,,,,,,,,,,,,,,,,,,,,,,,,,,,,,,,,,,,,,,,,,,,,,,,,,,,,,,,,,,,,,,,,,,,,,,,,,,,,,,,,
524,,,,r.-5.3.0,,,,,,,,,,,,,r.-5.3.0,,,,,,,,,,,,,,,,,,,,,,,,,,,,,,,,,,,,,,,,,,,,,,,,,,,,,,,,,,,,,,,,,,,,,,,,,,,,,,,,,,,,,,,,,,,,,,,,,,,,,,,,,,,,,,,,,,,,,,,,,,,,,,,,,,,,,,,,,,,,
525,p.98,p.99,p.100,,,,,,,,,,,,,p.540,,p.541,,,,,,,,,p.542,,,,p.543,p.544,,p.545,,,,,,,,,,,,p.108,,,,,,p.546,p.547,,,,,,,,,,,,,,,,,,,,,,,,,,,,,p.548,p.112,p.113,,,,p.549,p.550,,p.551,,,,p.552,p.553,,p.554,p.555,,,,,,,,,p.556,,,p.557,p.558,p.559,,,p.560,,p.561,,p.562,,,,,p.563,,,,p.564,p.565,p.566,,,,,p.567,p.568,p.569,,p.570,,,,p.571,,,,,,,,,,,,p.572,p.573
526,p.98,p.99,p.100,,,,,,,,,,,,,p.450,,p.451,,,,,,,,,p.452,,,,p.453,p.454,,p.455,,,,,,,,,,,,p.108,,,,,,p.456,p.457,,,,,,,,,,,,,,,,,,,,,,,,,,,,,p.458,p.112,p.113,,,,p.459,p.460,,,,,,p.461,p.462,,,p.464,,,,,,,,,p.466,,,p.467,p.468,,,,p.469,,p.470,,p.471,,,,,p.472,,,,p.527,,p.475,,,,,p.476,p.477,p.478,,p.479,,,,p.480,,,,,,,,,,,,p.481,p.482
527,,,,r.-45.3.0,,,,,,,,,,,,,,,,r.-45.3.0,r.-45.3.0,,,,,,,,,,,,,,,,,,,,,,,p.528,r.-45.3.0,,,,,,,,,,,,,,,,,,,,,,,,,,,,,,,,,,,,,,,,,,,,,,,,,,,,,,,,,,,,,,,,,,,,,,,,,,,,,,,,,,,,,,,,,,,,,,,,,,,,,,,,,,,,,,,,
528,p.98,p.99,p.100,,,,,,,,,,,,,p.450,,p.451,,,,,,,,,p.452,,,,p.453,p.454,,p.455,,,,,,,,,,,,p.108,,,,,,p.456,p.457,,,,,,,,,,,,,,,,,,,,,,,,,,,,,p.458,p.112,p.113,,,,p.459,p.460,,,,,,p.461,p.462,,,p.464,,,,,,,,,p.466,,,p.467,p.468,,,,p.469,,p.470,,p.529,,,,,p.472,,,,,,p.475,,,,,p.476,p.477,p.478,,p.479,,,,p.480,,,,,,,,,,,,p.481,p.482
529,,,,r.-44.3.0,,,,,,,,,,,,,,,,r.-44.3.0,r.-44.3.0,,,,,,,,,,,,p.530,,,,,,,,,,,r.-44.3.0,r.-44.3.0,,,,,,,,,,,,,,,,,,,,,,,,,,,,,,,,,,,,,,,,,,,,,,,,,,,,,,,,,,,,,,,,,,,,,,,,,,,,,,,,,,,,,,,,,,,,,,,,,,,,,,,,,,,,,,,,
530,p.98,p.99,p.100,,,,,,,,,,,,,p.450,,p.451,,,,,,,,,p.452,,,,p.453,p.454,,p.455,,,,,,,,,,,,p.108,,,,,,p.456,p.457,,,,,,,,,,,,,,,,,,,,,,,,,,,,,p.458,p.112,p.113,,,,p.459,p.460,,,,,,p.461,p.462,,,p.464,,,,,,,,,p.466,,,p.467,p.531,,,,p.469,,p.470,,,,,,,p.472,,,,,,p.475,,,,,p.476,p.477,p.478,,p.479,,,,p.480,,,,,,,,,,,,p.481,p.482
531,,,,r.-35.3.0,,,,,,,,,,,,,,,,r.-35.3.0,r.-35.3.0,,,,,,,,,p.532,,,r.-35.3.0,,,,,,,,,,,r.-35.3.0,r.-35.3.0,,,,,,,,,,,,,,,,,,,,,,,,,,,,,,,,,,,,,,,,,,,,,,,,,,,,,,,,,,,,,,,,,,,,,,,,,,,,,,,,,,,,,,,,,,,,,,,,,,,,,,,,,,,,,,,,
532,p.98,p.99,p.100,,,,,,,,,,,,,p.450,,p.451,,,,,,,,,p.452,,,,p.453,p.454,,p.455,,,,,,,,,,,,p.108,,,,,,p.456,p.457,,,,,,,,,,,,,,,,,,,,,,,,,,,,,p.458,p.112,p.113,,,,p.459,p.533,,,,,,p.461,p.462,,,p.464,,,,,,,,,p.466,,,p.467,,,,,p.469,,p.470,,,,,,,p.472,,,,,,p.475,,,,,p.476,p.477,p.478,,p.479,,,,p.480,,,,,,,,,,,,p.481,p.482
533,,,p.534,r.-27.3.0,,,,,,,,,,,,,,,,r.-27.3.0,r.-27.3.0,,,,,,,,,r.-27.3.0,,,r.-27.3.0,,,,,,,,,,,r.-27.3.0,r.-27.3.0,,,,,,,,,,,,,,,,,,,,,,,,,,,,,,,,,,,,,,,,,,,,,,,,,,,,,,,,,,,,,,,,,,,,,,,,,,,,,,,,,,,,,,,,,,,,,,,,,,,,,,,,,,,,,,,,
534,p.98,p.99,p.100,,,,,,,,,,,,,p.450,,p.451,,,,,,,,,p.452,,,,p.453,p.454,,p.455,,,,,,,,,,,,p.108,,,,,,p.456,p.457,,,,,,,,,,,,,,,,,,,,,,,,,,,,,p.458,p.112,p.113,,,,p.459,,,,,,,p.461,p.462,,,p.464,,,,,,,,,p.466,,,p.535,,,,,p.469,,p.470,,,,,,,p.472,,,,,,p.475,,,,,p.476,p.477,p.478,,p.479,,,,p.480,,,,,,,,,,,,p.481,p.482
535,,,r.-4.3.0,r.-4.3.0,,,,,,,,,,,,,,,,r.-4.3.0,r.-4.3.0,,,,,,,p.536,p.537,r.-4.3.0,,,r.-4.3.0,,,,,,,,,,,r.-4.3.0,r.-4.3.0,,,,,,,,,,,,,,,,,,,,,,,,,,,,,,,,,,,,,,,,,,,,,,,,,,,,,,,,,,,,,,,,,,,,,,,,,,,,,,,,,,,,,,,,,,,,,,,,,,,,,,,,,,,,,,,,
536,p.98,p.99,p.100,,,,,,,,,,,,,p.450,,p.451,,,,,,,,,p.452,,,,p.453,p.454,,p.455,,,,,,,,,,,,p.108,,,,,,p.456,p.457,,,,,,,,,,,,,,,,,,,,,,,,,,,,,p.458,p.112,p.113,,,,p.459,,,,,,,p.461,p.462,,,p.464,,,,,,,,,p.466,,,,,,,,p.469,,p.470,,,,,,,p.472,,,,,,p.475,,,,,p.476,p.477,p.539,,p.479,,,,p.480,,,,,,,,,,,,p.481,p.482
537,p.98,p.99,p.100,,,,,,,,,,,,,p.450,,p.451,,,,,,,,,p.452,,,,p.453,p.454,,p.455,,,,,,,,,,,,p.108,,,,,,p.456,p.457,,,,,,,,,,,,,,,,,,,,,,,,,,,,,p.458,p.112,p.113,,,,p.459,,,,,,,p.461,p.462,,,p.464,,,,,,,,,p.466,,,,,,,,p.469,,p.470,,,,,,,p.472,,,,,,p.475,,,,,p.476,p.477,p.538,,p.479,,,,p.480,,,,,,,,,,,,p.481,p.482
538,,,r.-26.3.0,r.-26.3.0,,,,,,,,,,,,,,,,r.-26.3.0,r.-26.3.0,,,,,,,r.-26.3.0,r.-26.3.0,r.-26.3.0,,,r.-26.3.0,,,,,,,,,,,r.-26.3.0,r.-26.3.0,,,,,,,,,p.499,p.500,p.501,p.502,,,,,,,,,,,,,,,,,,,,,,,,,,,,,,,,,,,,,,,,,,,,,,,,,,,,,,,,,,,,,,,,,,,,,,,,,,,,,,,,,,,,,,,,,,,,,,,,,,,,
539,,,r.-26.3.0,r.-26.3.0,,,,,,,,,,,,,,,,r.-26.3.0,r.-26.3.0,,,,,,,r.-26.3.0,r.-26.3.0,r.-26.3.0,,,r.-26.3.0,,,,,,,,,,,r.-26.3.0,r.-26.3.0,,,,,,,,,p.499,p.500,p.501,p.502,,,,,,,,,,,,,,,,,,,,,,,,,,,,,,,,,,,,,,,,,,,,,,,,,,,,,,,,,,,,,,,,,,,,,,,,,,,,,,,,,,,,,,,,,,,,,,,,,,,,
540,p.98,p.99,p.100,,,,,,,,,,,,,p.207,,p.208,,,,,,,,p.209,p.210,,,,p.211,p.212,,p.213,,,,,,,,,,,,p.108,,,,,,p.214,p.215,,,,,,,,,,,,,,,p.11,p.12,p.216,p.217,p.218,p.219,p.220,p.221,p.222,p.223,p.224,p.225,p.226,p.227,p.228,p.112,p.113,,,,p.229,p.230,,p.231,,,,p.232,p.233,,p.234,p.235,,,,,,,,p.236,p.237,,,p.238,p.239,p.577,,,p.241,,p.242,,p.243,,,,,p.244,,,,p.245,p.246,p.247,,,,,p.248,p.249,p.250,,p.251,p.252,,,p.253,,,,,p.254,p.255,p.642,p.257,,p.258,p.259,p.260,p.261
541,r.-59.1.0/r.-11.1.0,r.-11.1.0/r.-59.1.0,r.-59.1.0/r.-11.1.0,r.-11.1.0/r.-59.1.0,r.-59.1.0/r.-11.1.0,r.-11.1.0/r.-59.1.0,r.-11.1.0/r.-59.1.0,r.-59.1.0/r.-11.1.0,r.-11.1.0/r.-59.1.0,r.-59.1.0/r.-11.1.0,r.-11.1.0/r.-59.1.0,r.-59.1.0/r.-11.1.0,r.-59.1.0/r.-11.1.0,r.-11.1.0/r.-59.1.0,r.-59.1.0/r.-11.1.0,r.-59.1.0/r.-11.1.0,,r.-59.1.0,,,r.-59.1.0/r.-11.1.0,r.-59.1.0/r.-11.1.0,,r.-11.1.0/r.-59.1.0,,,,r.-11.1.0/r.-59.1.0,r.-59.1.0/r.-11.1.0,r.-59.1.0/r.-11.1.0,,,r.-59.1.0/r.-11.1.0,,,,,,,,,,,r.-59.1.0/r.-11.1.0,r.-11.1.0/r.-59.1.0,r.-59.1.0/r.-11.1.0,r.-11.1.0/r.-59.1.0,r.-59.1.0/r.-11.1.0,,r.-11.1.0/r.-59.1.0,r.-11.1.0/r.-59.1.0,r.-11.1.0/r.-59.1.0,r.-59.1.0/r.-11.1.0,r.-59.1.0/r.-11.1.0,r.-11.1.0/r.-59.1.0,r.-59.1.0/r.-11.1.0,r.-11.1.0/r.-59.1.0,,,,r.-59.1.0/r.-11.1.0,r.-11.1.0/r.-59.1.0,,,,,,,,,,,,,,,,,,,,,,,,,,,,,,,,,,,,,,,,,,,,,,,,,,,,,,,,,,,,,,,,,,,,,,,,,,,,,,,,,,,,,,,,,,,,,,,
542,r.-23.1.0,r.-23.1.0,r.-23.1.0,r.-23.1.0,r.-23.1.0,r.-23.1.0,r.-23.1.0,r.-23.1.0,r.-23.1.0,r.-23.1.0,r.-23.1.0,r.-23.1.0,r.-23.1.0,r.-23.1.0,r.-23.1.0,r.-23.1.0,,,,,r.-23.1.0,r.-23.1.0,,r.-23.1.0,,,,r.-23.1.0,r.-23.1.0,r.-23.1.0,,,r.-23.1.0,,,,,,,,,,,r.-23.1.0,r.-23.1.0,r.-23.1.0,r.-23.1.0,r.-23.1.0,,r.-23.1.0,r.-23.1.0,r.-23.1.0,r.-23.1.0,r.-23.1.0,r.-23.1.0,r.-23.1.0,r.-23.1.0,,,,r.-23.1.0,r.-23.1.0,,,,,,,,,,,,,,,,,,,,,,,,,,,,,,,,,,,,,,,,,,,,,,,,,,,,,,,,,,,,,,,,,,,,,,,,,,,,,,,,,,,,,,,,,,,,,,,
543,r.-31.1.0,r.-31.1.0,r.-31.1.0,r.-31.1.0,r.-31.1.0,r.-31.1.0,r.-31.1.0,r.-31.1.0,r.-31.1.0,r.-31.1.0,r.-31.1.0,r.-31.1.0,r.-31.1.0,r.-31.1.0,r.-31.1.0,r.-31.1.0,,,,,r.-31.1.0,r.-31.1.0,,r.-31.1.0,,,,r.-31.1.0,r.-31.1.0,r.-31.1.0,,,r.-31.1.0,,,,,,,,,,,r.-31.1.0,r.-31.1.0,r.-31.1.0,r.-31.1.0,r.-31.1.0,,r.-31.1.0,r.-31.1.0,r.-31.1.0,r.-31.1.0,r.-31.1.0,r.-31.1.0,r.-31.1.0,r.-31.1.0,,,,r.-31.1.0,r.-31.1.0,,,,,,,,,,,,,,,,,,,,,,,,,,,,,,,,,,,,,,,,,,,,,,,,,,,,,,,,,,,,,,,,,,,,,,,,,,,,,,,,,,,,,,,,,,,,,,,
544,r.-33.1.0,r.-33.1.0,r.-33.1.0,r.-33.1.0,r.-33.1.0,r.-33.1.0,r.-33.1.0,r.-33.1.0,r.-33.1.0,r.-33.1.0,r.-33.1.0,r.-33.1.0,r.-33.1.0,r.-33.1.0,r.-33.1.0,r.-33.1.0,,,,,r.-33.1.0,r.-33.1.0,,r.-33.1.0,,,,r.-33.1.0,r.-33.1.0,r.-33.1.0,,,r.-33.1.0,,,,,,,,,,,r.-33.1.0,r.-33.1.0,r.-33.1.0,r.-33.1.0,r.-33.1.0,,r.-33.1.0,r.-33.1.0,r.-33.1.0,r.-33.1.0,r.-33.1.0,r.-33.1.0,r.-33.1.0,r.-33.1.0,,,,r.-33.1.0,r.-33.1.0,,,,,,,,,,,,,,,,,,,,,,,,,,,,,,,,,,,,,,,,,,,,,,,,,,,,,,,,,,,,,,,,,,,,,,,,,,,,,,,,,,,,,,,,,,,,,,,
545,r.-40.1.0,r.-40.1.0,r.-40.1.0,r.-40.1.0,r.-40.1.0,r.-40.1.0,r.-40.1.0,r.-40.1.0,r.-40.1.0,r.-40.1.0,r.-40.1.0,r.-40.1.0,r.-40.1.0,r.-40.1.0,r.-40.1.0,r.-40.1.0,,,,,r.-40.1.0,r.-40.1.0,,r.-40.1.0,,,,r.-40.1.0,r.-40.1.0,r.-40.1.0,,,r.-40.1.0,,,,,,,,,,,r.-40.1.0,r.-40.1.0,r.-40.1.0,r.-40.1.0,r.-40.1.0,,r.-40.1.0,r.-40.1.0,r.-40.1.0,r.-40.1.0,r.-40.1.0,r.-40.1.0,r.-40.1.0,r.-40.1.0,,,,r.-40.1.0,r.-40.1.0,,,,,,,,,,,,,,,,,,,,,,,,,,,,,,,,,,,,,,,,,,,,,,,,,,,,,,,,,,,,,,,,,,,,,,,,,,,,,,,,,,,,,,,,,,,,,,,
546,p.98,p.99,p.100,,,,,,,,,,,,,p.693,,p.541,,,,,,,,,p.542,,,,p.543,p.544,,p.545,,,,,,,,,,,,p.108,,,,,,p.546,p.547,,,,,,,,,,,,,,,,,,,,,,,,,,,,,p.548,p.112,p.113,,,,,,,,,,,,p.553,,,p.555,,,,,,,,,p.556,,,,,,,,p.560,,p.561,,,,,,,p.563,,,,,,,,,,,p.567,p.568,,,,,,,p.571,,,,,,,,,,,,p.695,p.573
547,p.98,p.99,p.100,,,,,,,,,,,,,p.693,,p.541,,,,,,,,,p.542,,,,p.543,p.544,,p.545,,,,,,,,,,,,p.108,,,,,,p.546,p.547,,,,,,,,,,,,,,,,,,,,,,,,,,,,,p.548,p.112,p.113,,,,,,,,,,,,p.553,,,p.555,,,,,,,,,p.556,,,,,,,,p.560,,p.561,,,,,,,p.563,,,,,,,,,,,p.567,p.568,,,,,,,p.571,,,,,,,,,,,,p.694,p.573
548,p.98,p.99,p.100,,,,,,,,,,,,,p.689,,p.541,,,,,,,,,p.542,,,,p.543,p.544,,p.545,,,,,,,,,,,,p.108,,,,,,p.546,p.547,,,,,,,,,,,,,,,,,,,,,,,,,,,,,p.548,p.112,p.113,,,,,,,,,,,,p.553,,,p.555,,,,,,,,,p.556,,,,,,,,p.560,,p.561,,,,,,,p.563,,,,,,,,,,,p.567,p.568,,,,,,,p.571,,,,,,,,,,,,p.690,p.573
549,p.623,p.624,r.-55.1.0,r.-55.1.0,,,,,,,,,,,,,,,,,r.-55.1.0,r.-55.1.0,,,,,,r.-55.1.0,r.-55.1.0,r.-55.1.0,,,r.-55.1.0,,,,,,,,,,,r.-55.1.0,r.-55.1.0,,,,,,,,,r.-55.1.0,r.-55.1.0,r.-55.1.0,r.-55.1.0,,,,r.-55.1.0,r.-55.1.0,,,,,,,,,,,,,,,,,,,,,,,,,,,,,,,,,,,,,,,,,,,,,,,,,,,,,,,,,,,,,,,,,,,,,,,,,,,,,,,,,,,,,,,,,,,,,,,
550,,,p.676,r.-27.1.0,,,,,,,,,,,,,,,,,r.-27.1.0,r.-27.1.0,,,,,,,,r.-27.1.0,,,r.-27.1.0,,,,,,,,,,,r.-27.1.0,r.-27.1.0,,,,,,,,,,,,,,,,,,,,,,,,,,,,,,,,,,,,,,,,,,,,,,,,,,,,,,,,,,,,,,,,,,,,,,,,,,,,,,,,,,,,,,,,,,,,,,,,,,,,,,,,,,,,,,,,
551,,,,r.-28.1.0,,,,,,,,,,,,,,,,,,r.-28.1.0,,,,,,,,,,,,,,,,,,,,,,,,,,,,,,,,,,,,,,,,,,,,,,,,,,,,,,,,,,,,,,,,,,,,,,,,,,,,,,,,,,,,,,,,,,,,,,,,,,,,,,,,,,,,,,,,,,,,,,,,,,,,,,,,,,,,,,,
552,r.-46.1.0,r.-46.1.0,r.-46.1.0,r.-46.1.0,,,,,,,,,,,,,,,,,r.-46.1.0,r.-46.1.0,,,,,,r.-46.1.0,r.-46.1.0,r.-46.1.0,,,r.-46.1.0,,,,,,,,,,,r.-46.1.0,r.-46.1.0,r.-46.1.0,r.-46.1.0,r.-46.1.0,,,,,,r.-46.1.0,r.-46.1.0,r.-46.1.0,r.-46.1.0,,,,r.-46.1.0,r.-46.1.0,,,,,,,,,,,,,,,,,,,,,,,,,,,,,,,,,,,,,,,,,,,,,,,,,,,,,,,,,,,,,,,,,,,,,,,,,,,,,,,,,,,,,,,,,,,,,,,
553,r.-14.1.0,r.-14.1.0,r.-14.1.0,r.-14.1.0,r.-14.1.0,r.-14.1.0,r.-14.1.0,r.-14.1.0,r.-14.1.0,r.-14.1.0,r.-14.1.0,r.-14.1.0,r.-14.1.0,r.-14.1.0,r.-14.1.0,r.-14.1.0,,,,,r.-14.1.0,r.-14.1.0,,r.-14.1.0,,,,r.-14.1.0,r.-14.1.0,r.-14.1.0,,,r.-14.1.0,,,,,,,,,,,r.-14.1.0,r.-14.1.0,r.-14.1.0,r.-14.1.0,r.-14.1.0,,r.-14.1.0,r.-14.1.0,r.-14.1.0,r.-14.1.0,r.-14.1.0,r.-14.1.0,r.-14.1.0,r.-14.1.0,,,,r.-14.1.0,r.-14.1.0,,,,,,,,,,,,,,,,,,,,,,,,,,,,,,,,,,,,,,,,,,,,,,,,,,,,,,,,,,,,,,,,,,,,,,,,,,,,,,,,,,,,,,,,,,,,,,,
554,,,,r.-6.1.0,,,,,,,,,,,,,,,,,,r.-6.1.0,,,,,,,,,,,,,,,,,,,,,,,,,,,,,,,,,,,,,,,,,,,,,,,,,,,,,,,,,,,,,,,,,,,,,,,,,,,,,,,,,,,,,,,,,,,,,,,,,,,,,,,,,,,,,,,,,,,,,,,,,,,,,,,,,,,,,,,
555,r.-52.1.0,r.-52.1.0,r.-52.1.0,r.-52.1.0,r.-52.1.0,r.-52.1.0,r.-52.1.0,r.-52.1.0,r.-52.1.0,r.-52.1.0,r.-52.1.0,r.-52.1.0,r.-52.1.0,r.-52.1.0,r.-52.1.0,r.-52.1.0,,,,,r.-52.1.0,r.-52.1.0,,r.-52.1.0,,,,r.-52.1.0,r.-52.1.0,r.-52.1.0,,,r.-52.1.0,,,,,,,,,,,r.-52.1.0,r.-52.1.0,r.-52.1.0,r.-52.1.0,r.-52.1.0,,r.-52.1.0,r.-52.1.0,r.-52.1.0,r.-52.1.0,r.-52.1.0,r.-52.1.0,r.-52.1.0,r.-52.1.0,,,,r.-52.1.0,r.-52.1.0,,,,,,,,,,,,,,,,,,,,,,,,,,,,,,,,,,,,,,,,,,,,,,,,,,,,,,,,,,,,,,,,,,,,,,,,,,,,,,,,,,,,,,,,,,,,,,,
556,r.-14.1.0,r.-14.1.0,r.-14.1.0,r.-14.1.0,r.-14.1.0,r.-14.1.0,r.-14.1.0,r.-14.1.0,r.-14.1.0,r.-14.1.0,r.-14.1.0,r.-14.1.0,r.-14.1.0,r.-14.1.0,r.-14.1.0,r.-14.1.0,,,,,r.-14.1.0,r.-14.1.0,,r.-14.1.0,,,,r.-14.1.0,r.-14.1.0,r.-14.1.0,,,r.-14.1.0,,,,,,,,,,,r.-14.1.0,r.-14.1.0,r.-14.1.0,r.-14.1.0,r.-14.1.0,,r.-14.1.0,r.-14.1.0,r.-14.1.0,r.-14.1.0,r.-14.1.0,r.-14.1.0,r.-14.1.0,r.-14.1.0,,,,r.-14.1.0,r.-14.1.0,,,,,,,,,,,,,,,,,,,,,,,,,,,,,,,,,,,,,,,,,,,,,,,,,,,,,,,,,,,,,,,,,,,,,,,,,,,,,,,,,,,,,,,,,,,,,,,
557,,,r.-4.1.0,r.-4.1.0,,,,,,,,,,,,,,,,,r.-4.1.0,r.-4.1.0,,,,,,p.678,p.679,r.-4.1.0,,,r.-4.1.0,,,,,,,,,,,r.-4.1.0,r.-4.1.0,,,,,,,,,,,,,,,,,,,,,,,,,,,,,,,,,,,,,,,,,,,,,,,,,,,,,,,,,,,,,,,,,,,,,,,,,,,,,,,,,,,,,,,,,,,,,,,,,,,,,,,,,,,,,,,,
558,,,,r.-35.1.0,,,,,,,,,,,,,,,,,r.-35.1.0,r.-35.1.0,,,,,,,,p.674,,,r.-35.1.0,,,,,,,,,,,r.-35.1.0,r.-35.1.0,,,,,,,,,,,,,,,,,,,,,,,,,,,,,,,,,,,,,,,,,,,,,,,,,,,,,,,,,,,,,,,,,,,,,,,,,,,,,,,,,,,,,,,,,,,,,,,,,,,,,,,,,,,,,,,,
559,,,,p.683,,,,,,,,,,,,,,,,,,p.687,,,,,,,,,,,,,,,,,,,,,,,,,,,,,,,,,,,,,,,,,,,,,,,,,,,,,,,,,,,,,,,,,,,,,,,,,,,,,,,,,,,,,,,,,,,,,,,,,,,,,,,,,,,,,,,,,,,,,,,,,,,,,,,,,,,,,,,
560,r.-14.1.0,r.-14.1.0,r.-14.1.0,r.-14.1.0,r.-14.1.0,r.-14.1.0,r.-14.1.0,r.-14.1.0,r.-14.1.0,r.-14.1.0,r.-14.1.0,r.-14.1.0,r.-14.1.0,r.-14.1.0,r.-14.1.0,r.-14.1.0,,,,,r.-14.1.0,r.-14.1.0,,r.-14.1.0,,,,r.-14.1.0,r.-14.1.0,r.-14.1.0,,,r.-14.1.0,,,,,,,,,,,r.-14.1.0,r.-14.1.0,r.-14.1.0,r.-14.1.0,r.-14.1.0,,r.-14.1.0,r.-14.1.0,r.-14.1.0,r.-14.1.0,r.-14.1.0,r.-14.1.0,r.-14.1.0,r.-14.1.0,,,,r.-14.1.0,r.-14.1.0,,,,,,,,,,,,,,,,,,,,,,,,,,,,,,,,,,,,,,,,,,,,,,,,,,,,,,,,,,,,,,,,,,,,,,,,,,,,,,,,,,,,,,,,,,,,,,,
561,r.-52.1.0,r.-52.1.0,r.-52.1.0,r.-52.1.0,r.-52.1.0,r.-52.1.0,r.-52.1.0,r.-52.1.0,r.-52.1.0,r.-52.1.0,r.-52.1.0,r.-52.1.0,r.-52.1.0,r.-52.1.0,r.-52.1.0,r.-52.1.0,,,,,r.-52.1.0,r.-52.1.0,,r.-52.1.0,,,,r.-52.1.0,r.-52.1.0,r.-52.1.0,,,r.-52.1.0,,,,,,,,,,,r.-52.1.0,r.-52.1.0,r.-52.1.0,r.-52.1.0,r.-52.1.0,,r.-52.1.0,r.-52.1.0,r.-52.1.0,r.-52.1.0,r.-52.1.0,r.-52.1.0,r.-52.1.0,r.-52.1.0,,,,r.-52.1.0,r.-52.1.0,,,,,,,,,,,,,,,,,,,,,,,,,,,,,,,,,,,,,,,,,,,,,,,,,,,,,,,,,,,,,,,,,,,,,,,,,,,,,,,,,,,,,,,,,,,,,,,
562,,,,r.-44.1.0,,,,,,,,,,,,,,,,,r.-44.1.0,r.-44.1.0,,,,,,,,,,,p.672,,,,,,,,,,,r.-44.1.0,r.-44.1.0,,,,,,,,,,,,,,,,,,,,,,,,,,,,,,,,,,,,,,,,,,,,,,,,,,,,,,,,,,,,,,,,,,,,,,,,,,,,,,,,,,,,,,,,,,,,,,,,,,,,,,,,,,,,,,,,
563,r.-14.1.0,r.-14.1.0,r.-14.1.0,r.-14.1.0,r.-14.1.0,r.-14.1.0,r.-14.1.0,r.-14.1.0,r.-14.1.0,r.-14.1.0,r.-14.1.0,r.-14.1.0,r.-14.1.0,r.-14.1.0,r.-14.1.0,r.-14.1.0,,,,,r.-14.1.0,r.-14.1.0,,r.-14.1.0,,,,r.-14.1.0,r.-14.1.0,r.-14.1.0,,,r.-14.1.0,,,,,,,,,,,r.-14.1.0,r.-14.1.0,r.-14.1.0,r.-14.1.0,r.-14.1.0,,r.-14.1.0,r.-14.1.0,r.-14.1.0,r.-14.1.0,r.-14.1.0,r.-14.1.0,r.-14.1.0,r.-14.1.0,,,,r.-14.1.0,r.-14.1.0,,,,,,,,,,,,,,,,,,,,,,,,,,,,,,,,,,,,,,,,,,,,,,,,,,,,,,,,,,,,,,,,,,,,,,,,,,,,,,,,,,,,,,,,,,,,,,,
564,,,,r.-45.1.0,,,,,,,,,,,,,,,,,r.-45.1.0,r.-45.1.0,,,,,,,,,,,,,,,,,,,,,,p.670,r.-45.1.0,,,,,,,,,,,,,,,,,,,,,,,,,,,,,,,,,,,,,,,,,,,,,,,,,,,,,,,,,,,,,,,,,,,,,,,,,,,,,,,,,,,,,,,,,,,,,,,,,,,,,,,,,,,,,,,,
565,,,,r.-13.1.0,,,,,,,,,,,,,,,,,p.667,r.-13.1.0,,,,,,,,,,,,,,,,,,,,,,,p.668,,,,,,,,,,,,,,,,,,,,,,,,,,,,,,,,,,,,,,,,,,,,,,,,,,,,,,,,,,,,,,,,,,,,,,,,,,,,,,,,,,,,,,,,,,,,,,,,,,,,,,,,,,,,,,,,
566,r.-3.1.0,r.-3.1.0,r.-3.1.0,r.-3.1.0,,,,,,,,,,,,,,,,,r.-3.1.0,r.-3.1.0,,,,,,r.-3.1.0,r.-3.1.0,r.-3.1.0,,,r.-3.1.0,,,,,,,,,,,r.-3.1.0,r.-3.1.0,p.626,p.627,p.628,,,,,,r.-3.1.0,r.-3.1.0,r.-3.1.0,r.-3.1.0,,,,r.-3.1.0,r.-3.1.0,,,,,,,,,,,,,,,,,,,,,,,,,,,,,,,,,,,,,,,,,,,,,,,,,,,,,,,,,,,,,,,,,,,,,,,,,,,,,,,,,,,,,,,,,,,,,,,
567,r.-71.1.0,r.-71.1.0,r.-71.1.0,r.-71.1.0,r.-71.1.0,r.-71.1.0,r.-71.1.0,r.-71.1.0,r.-71.1.0,r.-71.1.0,r.-71.1.0,r.-71.1.0,r.-71.1.0,r.-71.1.0,r.-71.1.0,p.654,,,,,r.-71.1.0,r.-71.1.0,,p.655,,,,r.-71.1.0,r.-71.1.0,r.-71.1.0,,,r.-71.1.0,,,,,,,,,,,r.-71.1.0,r.-71.1.0,r.-71.1.0,r.-71.1.0,r.-71.1.0,,p.656,p.657,p.658,p.659,r.-71.1.0,r.-71.1.0,r.-71.1.0,r.-71.1.0,,,,r.-71.1.0,r.-71.1.0,,,,,,,,,,,,,,,,,,,,,,,,,,,,,,,,,,,,,,,,,,,,,,,,,,,,,,,,,,,,,,,,,,,,,,,,,,,,,,,,,,,,,,,,,,,,,,,
568,r.-51.1.0,r.-51.1.0,r.-51.1.0,r.-51.1.0,r.-51.1.0,r.-51.1.0,r.-51.1.0,r.-51.1.0,r.-51.1.0,r.-51.1.0,r.-51.1.0,r.-51.1.0,r.-51.1.0,r.-51.1.0,r.-51.1.0,r.-51.1.0,,,,,r.-51.1.0,r.-51.1.0,,r.-51.1.0,,,,r.-51.1.0,r.-51.1.0,r.-51.1.0,,,r.-51.1.0,,,,,,,,,,,r.-51.1.0,r.-51.1.0,r.-51.1.0,r.-51.1.0,r.-51.1.0,,r.-51.1.0,r.-51.1.0,r.-51.1.0,r.-51.1.0,r.-51.1.0,r.-51.1.0,r.-51.1.0,r.-51.1.0,,,,r.-51.1.0,r.-51.1.0,,,,,,,,,,,,,,,,,,,,,,,,,,,,,,,,,,,,,,,,,,,,,,,,,,,,,,,,,,,,,,,,,,,,,,,,,,,,,,,,,,,,,,,,,,,,,,,
569,,,r.-26.1.0,r.-26.1.0,,,,,,,,,,,,,,,,,r.-26.1.0,r.-26.1.0,,,,,,r.-26.1.0,r.-26.1.0,r.-26.1.0,,,r.-26.1.0,,,,,,,,,,,r.-26.1.0,r.-26.1.0,,,,,,,,,p.646,p.647,p.648,p.649,,,,,,,,,,,,,,,,,,,,,,,,,,,,,,,,,,,,,,,,,,,,,,,,,,,,,,,,,,,,,,,,,,,,,,,,,,,,,,,,,,,,,,,,,,,,,,,,,,,,
570,,,r.-53.1.0,r.-53.1.0,,,,,,,,,,,,,,,,,r.-53.1.0,r.-53.1.0,,,,,,r.-53.1.0,r.-53.1.0,r.-53.1.0,,,r.-53.1.0,,,,,,,,,,,r.-53.1.0,r.-53.1.0,,,,,,,,,r.-53.1.0,r.-53.1.0,r.-53.1.0,r.-53.1.0,,,,p.585,p.586,,,,,,,,,,,,,,,,,,,,,,,,,,,,,,,,,,,,,,,,,,,,,,,,,,,,,,,,,,,,,,,,,,,,,,,,,,,,,,,,,,,,,,,,,,,,,,,
571,r.-52.1.0,r.-52.1.0,r.-52.1.0,r.-52.1.0,r.-52.1.0,r.-52.1.0,r.-52.1.0,r.-52.1.0,r.-52.1.0,r.-52.1.0,r.-52.1.0,r.-52.1.0,r.-52.1.0,r.-52.1.0,r.-52.1.0,r.-52.1.0,,p.584,,,r.-52.1.0,r.-52.1.0,,r.-52.1.0,,,,r.-52.1.0,r.-52.1.0,r.-52.1.0,,,r.-52.1.0,,,,,,,,,,,r.-52.1.0,r.-52.1.0,r.-52.1.0,r.-52.1.0,r.-52.1.0,,r.-52.1.0,r.-52.1.0,r.-52.1.0,r.-52.1.0,r.-52.1.0,r.-52.1.0,r.-52.1.0,r.-52.1.0,,,,r.-52.1.0,r.-52.1.0,,,,,,,,,,,,,,,,,,,,,,,,,,,,,,,,,,,,,,,,,,,,,,,,,,,,,,,,,,,,,,,,,,,,,,,,,,,,,,,,,,,,,,,,,,,,,,,
572,r.-10.1.0,r.-10.1.0,r.-10.1.0,r.-10.1.0,p.273,p.274,p.275,p.276,p.277,p.278,p.279,p.280,p.281,p.282,p.283,,,,,,r.-10.1.0,r.-10.1.0,,,,,,r.-10.1.0,r.-10.1.0,r.-10.1.0,,,r.-10.1.0,,,,,,,,,,,r.-10.1.0,r.-10.1.0,r.-10.1.0,r.-10.1.0,r.-10.1.0,,,,,,r.-10.1.0,r.-10.1.0,r.-10.1.0,r.-10.1.0,,,,r.-10.1.0,r.-10.1.0,,,,,,,,,,,,,,,,,,,,,,,,,,,,,,p.582,,,,,,,,,,,,,,,,,,,,,,,,,,,,,,,,,,,,,,,,,,,,,,,,,,,,,,,,,,,,,,,,,
573,p.98,p.99,p.100,,,,,,,,,,,,,p.574,,p.541,,,,,,,,,p.542,,,,p.543,p.544,,p.545,,,,,,,,,,,,p.108,,,,,,p.546,p.547,,,,,,,,,,,,,,,,,,,,,,,,,,,,,p.548,p.112,p.113,,,,,,,,,,,p.575,p.553,,,p.555,,,,,,,,,p.556,,,,,,,,p.560,,p.561,,,,,,,p.563,,,,,,,,,,,p.567,p.568,,,,,,,p.571,,,,,,,,,,,,p.576,p.573
574,p.98,p.99,p.100,,,,,,,,,,,,,p.207,,p.208,,,,,,,,p.209,p.210,,,,p.211,p.212,,p.213,,,,,,,,,,,,p.108,,,,,,p.214,p.215,,,,,,,,,,,,,,,p.11,p.12,p.216,p.217,p.218,p.219,p.220,p.221,p.222,p.223,p.224,p.225,p.226,p.227,p.228,p.112,p.113,,,,p.229,p.230,,p.231,,,,p.232,p.233,,p.234,p.235,,,,,,,,p.236,p.237,,,p.238,p.239,p.577,,,p.241,,p.242,,p.243,,,,,p.244,,,,p.245,p.246,p.247,,,,,p.248,p.249,p.250,,p.251,p.252,,,p.253,,,,,p.254,p.255,p.578,p.257,,p.258,p.259,p.260,p.261
575,r.-71.2.0,r.-71.2.0,r.-71.2.0,r.-71.2.0,r.-71.2.0,r.-71.2.0,r.-71.2.0,r.-71.2.0,r.-71.2.0,r.-71.2.0,r.-71.2.0,r.-71.2.0,r.-71.2.0,r.-71.2.0,r.-71.2.0,,,,,,r.-71.2.0,r.-71.2.0,,,,,,r.-71.2.0,r.-71.2.0,r.-71.2.0,,,r.-71.2.0,,,,,,,,,,,r.-71.2.0,r.-71.2.0,r.-71.2.0,r.-71.2.0,r.-71.2.0,,,,,,r.-71.2.0,r.-71.2.0,r.-71.2.0,r.-71.2.0,,,,r.-71.2.0,r.-71.2.0,,,,,,,,,,,,,,,,,,,,,,,,,,,,,,,,,,,,,,,,,,,,,,,,,,,,,,,,,,,,,,,,,,,,,,,,,,,,,,,,,,,,,,,,,,,,,,,
576,r.-10.1.0,r.-10.1.0,r.-10.1.0,r.-10.1.0,r.-10.1.0,r.-10.1.0,r.-10.1.0,r.-10.1.0,r.-10.1.0,r.-10.1.0,r.-10.1.0,r.-10.1.0,r.-10.1.0,r.-10.1.0,r.-10.1.0,,,,,,r.-10.1.0,r.-10.1.0,,,,,,r.-10.1.0,r.-10.1.0,r.-10.1.0,,,r.-10.1.0,,,,,,,,,,,r.-10.1.0,r.-10.1.0,r.-10.1.0,r.-10.1.0,r.-10.1.0,,,,,,r.-10.1.0,r.-10.1.0,r.-10.1.0,r.-10.1.0,,,,r.-10.1.0,r.-10.1.0,,,,,,,,,,,,,,,,,,,,,,,,,,,,,,,,,,,,,,,,,,,,,,,,,,,,,,,,,,,,,,,,,,,,,,,,,,,,,,,,,,,,,,,,,,,,,,,
577,,,,p.270,,,,,,,,,,,,,p.581,,,,,,,,,,,,,,,,,,,,,,,,,,,,,,,,,,,,,,,,,,,,,,,,,,,,,,,,,,,,,,,,,,,,,,,,,,,,,,,,,,,,,,,,,,,,,,,,,,,,,,,,,,,,,,,,,,,,,,,,,,,,,,,,,,,,,,,,,,,,
578,,,,,,,,,,,,,,,,,p.579,,,,,,,,,,,,,,,,,,,,,,,,,,,,,,,,,,,,,,,,,,,,,,,,,,,,,,,,,,,,,,,,,,,,,,,,,,,,,,,,,,,,,,,,,,,,,,,,,,,,,,,,,,,,,,,,,,,,,,,,,,,,,,,,,,,,,,,,,,,,
579,p.98,p.99,p.100,,,,,,,,,,,,,p.574,,p.541,,,,,,,,,p.542,,,,p.543,p.544,,p.545,,,,,,,,,,,,p.108,,,,,,p.546,p.547,,,,,,,,,,,,,,,,,,,,,,,,,,,,,p.548,p.112,p.113,,,,,,,,,,,p.580,p.553,,,p.555,,,,,,,,,p.556,,,,,,,,p.560,,p.561,,,,,,,p.563,,,,,,,,,,,p.567,p.568,,,,,,,p.571,,,,,,,,,,,,p.576,p.573
580,r.-10.4.0,r.-10.4.0,r.-10.4.0,r.-10.4.0,r.-10.4.0,r.-10.4.0,r.-10.4.0,r.-10.4.0,r.-10.4.0,r.-10.4.0,r.-10.4.0,r.-10.4.0,r.-10.4.0,r.-10.4.0,r.-10.4.0,,,,,,r.-10.4.0,r.-10.4.0,,,,,,r.-10.4.0,r.-10.4.0,r.-10.4.0,,,r.-10.4.0,,,,,,,,,,,r.-10.4.0,r.-10.4.0,r.-10.4.0,r.-10.4.0,r.-10.4.0,,,,,,r.-10.4.0,r.-10.4.0,r.-10.4.0,r.-10.4.0,,,,r.-10.4.0,r.-10.4.0,,,,,,,,,,,,,,,,,,,,,,,,,,,,,,,,,,,,,,,,,,,,,,,,,,,,,,,,,,,,,,,,,,,,,,,,,,,,,,,,,,,,,,,,,,,,,,,
581,r.-52.3.0,r.-52.3.0,r.-52.3.0,r.-52.3.0,r.-52.3.0,r.-52.3.0,r.-52.3.0,r.-52.3.0,r.-52.3.0,r.-52.3.0,r.-52.3.0,r.-52.3.0,r.-52.3.0,r.-52.3.0,r.-52.3.0,r.-52.3.0,,,,,r.-52.3.0,r.-52.3.0,,r.-52.3.0,,,,r.-52.3.0,r.-52.3.0,r.-52.3.0,,,r.-52.3.0,,,,,,,,,,,r.-52.3.0,r.-52.3.0,r.-52.3.0,r.-52.3.0,r.-52.3.0,,r.-52.3.0,r.-52.3.0,r.-52.3.0,r.-52.3.0,r.-52.3.0,r.-52.3.0,r.-52.3.0,r.-52.3.0,,,,r.-52.3.0,r.-52.3.0,,,,,,,,,,,,,,,,,,,,,,,,,,,,,,,,,,,,,,,,,,,,,,,,,,,,,,,,,,,,,,,,,,,,,,,,,,,,,,,,,,,,,,,,,,,,,,,
582,p.98,p.99,p.100,,,,,,,,,,,,,p.540,,p.541,,,,,,,,,p.542,,,,p.543,p.544,,p.545,,,,,,,,,,,,p.108,,,,,,p.546,p.547,,,,,,,,,,,,,,,,,,,,,,,,,,,,,p.548,p.112,p.113,,,,p.549,p.550,,p.583,,,,p.552,p.553,,p.554,p.555,,,,,,,,,p.556,,,p.557,p.558,,,,p.560,,p.561,,p.562,,,,,p.563,,,,p.564,p.565,p.566,,,,,p.567,p.568,p.569,,p.570,,,,p.571,,,,,,,,,,,,p.572,p.573
583,,,,r.-6.3.0,,,,,,,,,,,,,,,,,,r.-6.3.0,,,,,,,,,,,,,,,,,,,,,,,,,,,,,,,,,,,,,,,,,,,,,,,,,,,,,,,,,,,,,,,,,,,,,,,,,,,,,,,,,,,,,,,,,,,,,,,,,,,,,,,,,,,,,,,,,,,,,,,,,,,,,,,,,,,,,,,
584,r.-59.2.0,r.-59.2.0,r.-59.2.0,r.-59.2.0,r.-59.2.0,r.-59.2.0,r.-59.2.0,r.-59.2.0,r.-59.2.0,r.-59.2.0,r.-59.2.0,r.-59.2.0,r.-59.2.0,r.-59.2.0,r.-59.2.0,r.-59.2.0,,r.-59.2.0,,,r.-59.2.0,r.-59.2.0,,r.-59.2.0,,,,r.-59.2.0,r.-59.2.0,r.-59.2.0,,,r.-59.2.0,,,,,,,,,,,r.-59.2.0,r.-59.2.0,r.-59.2.0,r.-59.2.0,r.-59.2.0,,r.-59.2.0,r.-59.2.0,r.-59.2.0,r.-59.2.0,r.-59.2.0,r.-59.2.0,r.-59.2.0,r.-59.2.0,,,,r.-59.2.0,r.-59.2.0,,,,,,,,,,,,,,,,,,,,,,,,,,,,,,,,,,,,,,,,,,,,,,,,,,,,,,,,,,,,,,,,,,,,,,,,,,,,,,,,,,,,,,,,,,,,,,,
585,p.98,p.99,p.100,,,,,,,,,,,,,p.587,,p.588,,,,,,,,,p.589,,,,p.590,p.591,,p.592,,,,,,,,,,,,p.108,,,,,,p.593,p.594,,,,,,,,,,,,,,,,,,,,,,,,,,,,,p.595,p.112,p.113,,,,p.645,,,,,,,p.552,p.597,,,p.598,,,,,,,,,p.599,,,,,,,,p.600,,p.601,,,,,,,p.602,,,,,,p.566,,,,,p.603,p.604,,,,,,,p.605,,,,,,,,,,,,p.606,p.607
586,p.98,p.99,p.100,,,,,,,,,,,,,p.587,,p.588,,,,,,,,,p.589,,,,p.590,p.591,,p.592,,,,,,,,,,,,p.108,,,,,,p.593,p.594,,,,,,,,,,,,,,,,,,,,,,,,,,,,,p.595,p.112,p.113,,,,p.596,,,,,,,p.552,p.597,,,p.598,,,,,,,,,p.599,,,,,,,,p.600,,p.601,,,,,,,p.602,,,,,,p.566,,,,,p.603,p.604,,,,,,,p.605,,,,,,,,,,,,p.606,p.607
587,p.98,p.99,p.100,,,,,,,,,,,,,p.207,,p.208,,,,,,,,p.209,p.210,,,,p.211,p.212,,p.213,,,,,,,,,,,,p.108,,,,,,p.214,p.215,,,,,,,,,,,,,,,p.11,p.12,p.216,p.217,p.218,p.219,p.220,p.221,p.222,p.223,p.224,p.225,p.226,p.227,p.228,p.112,p.113,,,,p.229,p.230,,p.231,,,,p.232,p.233,,p.234,p.235,,,,,,,,p.236,p.237,,,p.238,p.239,p.635,,,p.241,,p.242,,p.243,,,,,p.244,,,,p.245,p.246,p.247,,,,,p.248,p.249,p.250,,p.251,p.252,,,p.253,,,,,p.254,p.255,p.642,p.257,,p.258,p.259,p.260,p.261
588,r.-59.1.0/r.-11.1.0,r.-59.1.0/r.-11.1.0,r.-59.1.0/r.-11.1.0,r.-11.1.0/r.-59.1.0,,,,,,,,,,,,r.-11.1.0/r.-59.1.0,,r.-59.1.0,,,r.-59.1.0/r.-11.1.0,r.-11.1.0/r.-59.1.0,,r.-11.1.0/r.-59.1.0,,,,r.-11.1.0/r.-59.1.0,r.-59.1.0/r.-11.1.0,r.-11.1.0/r.-59.1.0,,,r.-59.1.0/r.-11.1.0,,,,,,,,,,,r.-11.1.0/r.-59.1.0,r.-11.1.0/r.-59.1.0,r.-59.1.0/r.-11.1.0,r.-59.1.0/r.-11.1.0,r.-59.1.0/r.-11.1.0,,r.-59.1.0/r.-11.1.0,r.-11.1.0/r.-59.1.0,r.-11.1.0/r.-59.1.0,r.-11.1.0/r.-59.1.0,r.-59.1.0/r.-11.1.0,r.-59.1.0/r.-11.1.0,r.-59.1.0/r.-11.1.0,r.-11.1.0/r.-59.1.0,,,,r.-59.1.0/r.-11.1.0,r.-59.1.0/r.-11.1.0,,,,,,,,,,,,,,,,,,,,,,,,,,,,,,,,,,,,,,,,,,,,,,,,,,,,,,,,,,,,,,,,,,,,,,,,,,,,,,,,,,,,,,,,,,,,,,,
589,r.-23.1.0,r.-23.1.0,r.-23.1.0,r.-23.1.0,,,,,,,,,,,,r.-23.1.0,,,,,r.-23.1.0,r.-23.1.0,,r.-23.1.0,,,,r.-23.1.0,r.-23.1.0,r.-23.1.0,,,r.-23.1.0,,,,,,,,,,,r.-23.1.0,r.-23.1.0,r.-23.1.0,r.-23.1.0,r.-23.1.0,,r.-23.1.0,r.-23.1.0,r.-23.1.0,r.-23.1.0,r.-23.1.0,r.-23.1.0,r.-23.1.0,r.-23.1.0,,,,r.-23.1.0,r.-23.1.0,,,,,,,,,,,,,,,,,,,,,,,,,,,,,,,,,,,,,,,,,,,,,,,,,,,,,,,,,,,,,,,,,,,,,,,,,,,,,,,,,,,,,,,,,,,,,,,
590,r.-31.1.0,r.-31.1.0,r.-31.1.0,r.-31.1.0,,,,,,,,,,,,r.-31.1.0,,,,,r.-31.1.0,r.-31.1.0,,r.-31.1.0,,,,r.-31.1.0,r.-31.1.0,r.-31.1.0,,,r.-31.1.0,,,,,,,,,,,r.-31.1.0,r.-31.1.0,r.-31.1.0,r.-31.1.0,r.-31.1.0,,r.-31.1.0,r.-31.1.0,r.-31.1.0,r.-31.1.0,r.-31.1.0,r.-31.1.0,r.-31.1.0,r.-31.1.0,,,,r.-31.1.0,r.-31.1.0,,,,,,,,,,,,,,,,,,,,,,,,,,,,,,,,,,,,,,,,,,,,,,,,,,,,,,,,,,,,,,,,,,,,,,,,,,,,,,,,,,,,,,,,,,,,,,,
591,r.-33.1.0,r.-33.1.0,r.-33.1.0,r.-33.1.0,,,,,,,,,,,,r.-33.1.0,,,,,r.-33.1.0,r.-33.1.0,,r.-33.1.0,,,,r.-33.1.0,r.-33.1.0,r.-33.1.0,,,r.-33.1.0,,,,,,,,,,,r.-33.1.0,r.-33.1.0,r.-33.1.0,r.-33.1.0,r.-33.1.0,,r.-33.1.0,r.-33.1.0,r.-33.1.0,r.-33.1.0,r.-33.1.0,r.-33.1.0,r.-33.1.0,r.-33.1.0,,,,r.-33.1.0,r.-33.1.0,,,,,,,,,,,,,,,,,,,,,,,,,,,,,,,,,,,,,,,,,,,,,,,,,,,,,,,,,,,,,,,,,,,,,,,,,,,,,,,,,,,,,,,,,,,,,,,
592,r.-40.1.0,r.-40.1.0,r.-40.1.0,r.-40.1.0,,,,,,,,,,,,r.-40.1.0,,,,,r.-40.1.0,r.-40.1.0,,r.-40.1.0,,,,r.-40.1.0,r.-40.1.0,r.-40.1.0,,,r.-40.1.0,,,,,,,,,,,r.-40.1.0,r.-40.1.0,r.-40.1.0,r.-40.1.0,r.-40.1.0,,r.-40.1.0,r.-40.1.0,r.-40.1.0,r.-40.1.0,r.-40.1.0,r.-40.1.0,r.-40.1.0,r.-40.1.0,,,,r.-40.1.0,r.-40.1.0,,,,,,,,,,,,,,,,,,,,,,,,,,,,,,,,,,,,,,,,,,,,,,,,,,,,,,,,,,,,,,,,,,,,,,,,,,,,,,,,,,,,,,,,,,,,,,,
593,p.98,p.99,p.100,,,,,,,,,,,,,p.639,,p.588,,,,,,,,,p.589,,,,p.590,p.591,,p.592,,,,,,,,,,,,p.108,,,,,,p.593,p.594,,,,,,,,,,,,,,,,,,,,,,,,,,,,,p.595,p.112,p.113,,,,,,,,,,,,p.597,,,p.598,,,,,,,,,p.599,,,,,,,,p.600,,p.601,,,,,,,p.602,,,,,,,,,,,p.603,p.604,,,,,,,p.605,,,,,,,,,,,,p.641,p.607
594,p.98,p.99,p.100,,,,,,,,,,,,,p.639,,p.588,,,,,,,,,p.589,,,,p.590,p.591,,p.592,,,,,,,,,,,,p.108,,,,,,p.593,p.594,,,,,,,,,,,,,,,,,,,,,,,,,,,,,p.595,p.112,p.113,,,,,,,,,,,,p.597,,,p.598,,,,,,,,,p.599,,,,,,,,p.600,,p.601,,,,,,,p.602,,,,,,,,,,,p.603,p.604,,,,,,,p.605,,,,,,,,,,,,p.640,p.607
595,p.98,p.99,p.100,,,,,,,,,,,,,p.633,,p.588,,,,,,,,,p.589,,,,p.590,p.591,,p.592,,,,,,,,,,,,p.108,,,,,,p.593,p.594,,,,,,,,,,,,,,,,,,,,,,,,,,,,,p.595,p.112,p.113,,,,,,,,,,,,p.597,,,p.598,,,,,,,,,p.599,,,,,,,,p.600,,p.601,,,,,,,p.602,,,,,,,,,,,p.603,p.604,,,,,,,p.605,,,,,,,,,,,,p.634,p.607
596,p.623,p.624,r.-55.3.0,r.-55.3.0,,,,,,,,,,,,,,,,,r.-55.3.0,r.-55.3.0,,,,,,r.-55.3.0,r.-55.3.0,r.-55.3.0,,,r.-55.3.0,,,,,,,,,,,r.-55.3.0,r.-55.3.0,,,,,,,,,r.-55.3.0,r.-55.3.0,r.-55.3.0,r.-55.3.0,,,,r.-55.3.0,r.-55.3.0,,,,,,,,,,,,,,,,,,,,,,,,,,,,,,,,,,,,,,,,,,,,,,,,,,,,,,,,,,,,,,,,,,,,,,,,,,,,,,,,,,,,,,,,,,,,,,,
597,r.-14.1.0,r.-14.1.0,r.-14.1.0,r.-14.1.0,,,,,,,,,,,,r.-14.1.0,,,,,r.-14.1.0,r.-14.1.0,,r.-14.1.0,,,,r.-14.1.0,r.-14.1.0,r.-14.1.0,,,r.-14.1.0,,,,,,,,,,,r.-14.1.0,r.-14.1.0,r.-14.1.0,r.-14.1.0,r.-14.1.0,,r.-14.1.0,r.-14.1.0,r.-14.1.0,r.-14.1.0,r.-14.1.0,r.-14.1.0,r.-14.1.0,r.-14.1.0,,,,r.-14.1.0,r.-14.1.0,,,,,,,,,,,,,,,,,,,,,,,,,,,,,,,,,,,,,,,,,,,,,,,,,,,,,,,,,,,,,,,,,,,,,,,,,,,,,,,,,,,,,,,,,,,,,,,
598,r.-52.1.0,r.-52.1.0,r.-52.1.0,r.-52.1.0,,,,,,,,,,,,r.-52.1.0,,,,,r.-52.1.0,r.-52.1.0,,r.-52.1.0,,,,r.-52.1.0,r.-52.1.0,r.-52.1.0,,,r.-52.1.0,,,,,,,,,,,r.-52.1.0,r.-52.1.0,r.-52.1.0,r.-52.1.0,r.-52.1.0,,r.-52.1.0,r.-52.1.0,r.-52.1.0,r.-52.1.0,r.-52.1.0,r.-52.1.0,r.-52.1.0,r.-52.1.0,,,,r.-52.1.0,r.-52.1.0,,,,,,,,,,,,,,,,,,,,,,,,,,,,,,,,,,,,,,,,,,,,,,,,,,,,,,,,,,,,,,,,,,,,,,,,,,,,,,,,,,,,,,,,,,,,,,,
599,r.-14.1.0,r.-14.1.0,r.-14.1.0,r.-14.1.0,,,,,,,,,,,,r.-14.1.0,,,,,r.-14.1.0,r.-14.1.0,,r.-14.1.0,,,,r.-14.1.0,r.-14.1.0,r.-14.1.0,,,r.-14.1.0,,,,,,,,,,,r.-14.1.0,r.-14.1.0,r.-14.1.0,r.-14.1.0,r.-14.1.0,,r.-14.1.0,r.-14.1.0,r.-14.1.0,r.-14.1.0,r.-14.1.0,r.-14.1.0,r.-14.1.0,r.-14.1.0,,,,r.-14.1.0,r.-14.1.0,,,,,,,,,,,,,,,,,,,,,,,,,,,,,,,,,,,,,,,,,,,,,,,,,,,,,,,,,,,,,,,,,,,,,,,,,,,,,,,,,,,,,,,,,,,,,,,
600,r.-14.1.0,r.-14.1.0,r.-14.1.0,r.-14.1.0,,,,,,,,,,,,r.-14.1.0,,,,,r.-14.1.0,r.-14.1.0,,r.-14.1.0,,,,r.-14.1.0,r.-14.1.0,r.-14.1.0,,,r.-14.1.0,,,,,,,,,,,r.-14.1.0,r.-14.1.0,r.-14.1.0,r.-14.1.0,r.-14.1.0,,r.-14.1.0,r.-14.1.0,r.-14.1.0,r.-14.1.0,r.-14.1.0,r.-14.1.0,r.-14.1.0,r.-14.1.0,,,,r.-14.1.0,r.-14.1.0,,,,,,,,,,,,,,,,,,,,,,,,,,,,,,,,,,,,,,,,,,,,,,,,,,,,,,,,,,,,,,,,,,,,,,,,,,,,,,,,,,,,,,,,,,,,,,,
601,r.-52.1.0,r.-52.1.0,r.-52.1.0,r.-52.1.0,,,,,,,,,,,,r.-52.1.0,,,,,r.-52.1.0,r.-52.1.0,,r.-52.1.0,,,,r.-52.1.0,r.-52.1.0,r.-52.1.0,,,r.-52.1.0,,,,,,,,,,,r.-52.1.0,r.-52.1.0,r.-52.1.0,r.-52.1.0,r.-52.1.0,,r.-52.1.0,r.-52.1.0,r.-52.1.0,r.-52.1.0,r.-52.1.0,r.-52.1.0,r.-52.1.0,r.-52.1.0,,,,r.-52.1.0,r.-52.1.0,,,,,,,,,,,,,,,,,,,,,,,,,,,,,,,,,,,,,,,,,,,,,,,,,,,,,,,,,,,,,,,,,,,,,,,,,,,,,,,,,,,,,,,,,,,,,,,
602,r.-14.1.0,r.-14.1.0,r.-14.1.0,r.-14.1.0,,,,,,,,,,,,r.-14.1.0,,,,,r.-14.1.0,r.-14.1.0,,r.-14.1.0,,,,r.-14.1.0,r.-14.1.0,r.-14.1.0,,,r.-14.1.0,,,,,,,,,,,r.-14.1.0,r.-14.1.0,r.-14.1.0,r.-14.1.0,r.-14.1.0,,r.-14.1.0,r.-14.1.0,r.-14.1.0,r.-14.1.0,r.-14.1.0,r.-14.1.0,r.-14.1.0,r.-14.1.0,,,,r.-14.1.0,r.-14.1.0,,,,,,,,,,,,,,,,,,,,,,,,,,,,,,,,,,,,,,,,,,,,,,,,,,,,,,,,,,,,,,,,,,,,,,,,,,,,,,,,,,,,,,,,,,,,,,,
603,r.-71.1.0,r.-71.1.0,r.-71.1.0,r.-71.1.0,,,,,,,,,,,,p.610,,,,,r.-71.1.0,r.-71.1.0,,p.611,,,,r.-71.1.0,r.-71.1.0,r.-71.1.0,,,r.-71.1.0,,,,,,,,,,,r.-71.1.0,r.-71.1.0,r.-71.1.0,r.-71.1.0,r.-71.1.0,,p.612,p.613,p.614,p.615,r.-71.1.0,r.-71.1.0,r.-71.1.0,r.-71.1.0,,,,r.-71.1.0,r.-71.1.0,,,,,,,,,,,,,,,,,,,,,,,,,,,,,,,,,,,,,,,,,,,,,,,,,,,,,,,,,,,,,,,,,,,,,,,,,,,,,,,,,,,,,,,,,,,,,,,
604,r.-51.1.0,r.-51.1.0,r.-51.1.0,r.-51.1.0,,,,,,,,,,,,r.-51.1.0,,,,,r.-51.1.0,r.-51.1.0,,r.-51.1.0,,,,r.-51.1.0,r.-51.1.0,r.-51.1.0,,,r.-51.1.0,,,,,,,,,,,r.-51.1.0,r.-51.1.0,r.-51.1.0,r.-51.1.0,r.-51.1.0,,r.-51.1.0,r.-51.1.0,r.-51.1.0,r.-51.1.0,r.-51.1.0,r.-51.1.0,r.-51.1.0,r.-51.1.0,,,,r.-51.1.0,r.-51.1.0,,,,,,,,,,,,,,,,,,,,,,,,,,,,,,,,,,,,,,,,,,,,,,,,,,,,,,,,,,,,,,,,,,,,,,,,,,,,,,,,,,,,,,,,,,,,,,,
605,r.-52.1.0,r.-52.1.0,r.-52.1.0,r.-52.1.0,,,,,,,,,,,,r.-52.1.0,,p.609,,,r.-52.1.0,r.-52.1.0,,r.-52.1.0,,,,r.-52.1.0,r.-52.1.0,r.-52.1.0,,,r.-52.1.0,,,,,,,,,,,r.-52.1.0,r.-52.1.0,r.-52.1.0,r.-52.1.0,r.-52.1.0,,r.-52.1.0,r.-52.1.0,r.-52.1.0,r.-52.1.0,r.-52.1.0,r.-52.1.0,r.-52.1.0,r.-52.1.0,,,,r.-52.1.0,r.-52.1.0,,,,,,,,,,,,,,,,,,,,,,,,,,,,,,,,,,,,,,,,,,,,,,,,,,,,,,,,,,,,,,,,,,,,,,,,,,,,,,,,,,,,,,,,,,,,,,,
606,r.-10.1.0,r.-10.1.0,r.-10.1.0,r.-10.1.0,,,,,,,,,,,,,,,,,r.-10.1.0,r.-10.1.0,,,,,,r.-10.1.0,r.-10.1.0,r.-10.1.0,,,r.-10.1.0,,,,,,,,,,,r.-10.1.0,r.-10.1.0,r.-10.1.0,r.-10.1.0,r.-10.1.0,,,,,,r.-10.1.0,r.-10.1.0,r.-10.1.0,r.-10.1.0,,,,r.-10.1.0,r.-10.1.0,,,,,,,,,,,,,,,,,,,,,,,,,,,,,,,,,,,,,,,,,,,,,,,,,,,,,,,,,,,,,,,,,,,,,,,,,,,,,,,,,,,,,,,,,,,,,,,
607,p.98,p.99,p.100,,,,,,,,,,,,,p.587,,p.588,,,,,,,,,p.589,,,,p.590,p.591,,p.592,,,,,,,,,,,,p.108,,,,,,p.593,p.594,,,,,,,,,,,,,,,,,,,,,,,,,,,,,p.595,p.112,p.113,,,,,,,,,,,p.608,p.597,,,p.598,,,,,,,,,p.599,,,,,,,,p.600,,p.601,,,,,,,p.602,,,,,,,,,,,p.603,p.604,,,,,,,p.605,,,,,,,,,,,,p.606,p.607
608,r.-71.2.0,r.-71.2.0,r.-71.2.0,r.-71.2.0,,,,,,,,,,,,,,,,,r.-71.2.0,r.-71.2.0,,,,,,r.-71.2.0,r.-71.2.0,r.-71.2.0,,,r.-71.2.0,,,,,,,,,,,r.-71.2.0,r.-71.2.0,r.-71.2.0,r.-71.2.0,r.-71.2.0,,,,,,r.-71.2.0,r.-71.2.0,r.-71.2.0,r.-71.2.0,,,,r.-71.2.0,r.-71.2.0,,,,,,,,,,,,,,,,,,,,,,,,,,,,,,,,,,,,,,,,,,,,,,,,,,,,,,,,,,,,,,,,,,,,,,,,,,,,,,,,,,,,,,,,,,,,,,,
609,r.-59.2.0,r.-59.2.0,r.-59.2.0,r.-59.2.0,,,,,,,,,,,,r.-59.2.0,,r.-59.2.0,,,r.-59.2.0,r.-59.2.0,,r.-59.2.0,,,,r.-59.2.0,r.-59.2.0,r.-59.2.0,,,r.-59.2.0,,,,,,,,,,,r.-59.2.0,r.-59.2.0,r.-59.2.0,r.-59.2.0,r.-59.2.0,,r.-59.2.0,r.-59.2.0,r.-59.2.0,r.-59.2.0,r.-59.2.0,r.-59.2.0,r.-59.2.0,r.-59.2.0,,,,r.-59.2.0,r.-59.2.0,,,,,,,,,,,,,,,,,,,,,,,,,,,,,,,,,,,,,,,,,,,,,,,,,,,,,,,,,,,,,,,,,,,,,,,,,,,,,,,,,,,,,,,,,,,,,,,
610,p.98,p.99,p.100,,,,,,,,,,,,,p.207,p.620,p.208,,,,,,,,,p.210,,,,p.211,p.263,,p.213,,,,,,,,,,,,p.108,,,,,,p.214,p.215,,,,,,,,,,,,,,,,,,,,,,,,,,,,,p.228,p.112,p.113,,,,p.229,p.230,p.621,p.521,,,,p.232,p.233,,p.234,p.235,,,,,,,,,p.237,,,p.238,p.239,,,,p.241,,p.242,,p.243,,,,,p.244,,,,p.245,p.246,p.247,,,,,p.248,p.249,p.250,,p.251,,,,p.253,,,,,,,,,,,,p.260,p.261
611,p.98,p.99,p.100,,,,,,,,,,,,,p.170,,p.171,,,,,,,,,p.172,,,,p.173,p.174,,p.175,,,,,,,,,,,,p.108,,,,,,p.176,p.177,,,,,,,,,,,,,,,,,,,,,,,,,,,,,p.178,p.112,p.113,,,,p.179,p.180,,p.181,,,,p.182,p.183,,p.184,p.185,,,,,,,,,p.186,,,p.187,p.188,p.618,,,p.190,,p.191,,p.192,,,,,p.193,,,,p.194,p.195,p.196,,,,,p.197,p.198,p.199,,p.200,,,,p.201,,,,,,,,,,,,p.202,p.203
612,,,,,,,,,,,,,,,,,,,,,,,,,,,,,,,,p.591,,,,,,,,,,,,,,,,,,,,,,,,,,,,,,,,,,,,,,,,,,,,,,,,,,,,,,,,,,,,,,,,,,,,,,,,,,,,,,,,,,,,,,p.617,,,,,,,,,,,,,,,,,,,,,,,,,,,,,,,,,,,,,,,
613,,,,,,,,,,,,,,,,,,,,,,,,,,,,,,,,p.591,,,,,,,,,,,,,,,,,,,,,,,,,,,,,,,,,,,,,,,,,,,,,,,,,,,,,,,,,,,,,,,,,,,,,,,,,,,,,,,,,,,,,,p.616,,,,,,,,,,,,,,,,,,,,,,,,,,,,,,,,,,,,,,,
614,r.-51.2.0,r.-51.2.0,r.-51.2.0,r.-51.2.0,,,,,,,,,,,,r.-51.2.0,,,,,r.-51.2.0,r.-51.2.0,,r.-51.2.0,,,,r.-51.2.0,r.-51.2.0,r.-51.2.0,,,r.-51.2.0,,,,,,,,,,,r.-51.2.0,r.-51.2.0,r.-51.2.0,r.-51.2.0,r.-51.2.0,,r.-51.2.0,r.-51.2.0,r.-51.2.0,r.-51.2.0,r.-51.2.0,r.-51.2.0,r.-51.2.0,r.-51.2.0,,,,r.-51.2.0,r.-51.2.0,,,,,,,,,,,,,,,,,,,,,,,,,,,,,,,,,,,,,,,,,,,,,,,,,,,,,,,,,,,,,,,,,,,,,,,,,,,,,,,,,,,,,,,,,,,,,,,
615,r.-51.2.0,r.-51.2.0,r.-51.2.0,r.-51.2.0,,,,,,,,,,,,r.-51.2.0,,,,,r.-51.2.0,r.-51.2.0,,r.-51.2.0,,,,r.-51.2.0,r.-51.2.0,r.-51.2.0,,,r.-51.2.0,,,,,,,,,,,r.-51.2.0,r.-51.2.0,r.-51.2.0,r.-51.2.0,r.-51.2.0,,r.-51.2.0,r.-51.2.0,r.-51.2.0,r.-51.2.0,r.-51.2.0,r.-51.2.0,r.-51.2.0,r.-51.2.0,,,,r.-51.2.0,r.-51.2.0,,,,,,,,,,,,,,,,,,,,,,,,,,,,,,,,,,,,,,,,,,,,,,,,,,,,,,,,,,,,,,,,,,,,,,,,,,,,,,,,,,,,,,,,,,,,,,,
616,r.-51.3.0,r.-51.3.0,r.-51.3.0,r.-51.3.0,,,,,,,,,,,,r.-51.3.0,,,,,r.-51.3.0,r.-51.3.0,,r.-51.3.0,,,,r.-51.3.0,r.-51.3.0,r.-51.3.0,,,r.-51.3.0,,,,,,,,,,,r.-51.3.0,r.-51.3.0,r.-51.3.0,r.-51.3.0,r.-51.3.0,,r.-51.3.0,r.-51.3.0,r.-51.3.0,r.-51.3.0,r.-51.3.0,r.-51.3.0,r.-51.3.0,r.-51.3.0,,,,r.-51.3.0,r.-51.3.0,,,,,,,,,,,,,,,,,,,,,,,,,,,,,,,,,,,,,,,,,,,,,,,,,,,,,,,,,,,,,,,,,,,,,,,,,,,,,,,,,,,,,,,,,,,,,,,
617,r.-51.3.0,r.-51.3.0,r.-51.3.0,r.-51.3.0,,,,,,,,,,,,r.-51.3.0,,,,,r.-51.3.0,r.-51.3.0,,r.-51.3.0,,,,r.-51.3.0,r.-51.3.0,r.-51.3.0,,,r.-51.3.0,,,,,,,,,,,r.-51.3.0,r.-51.3.0,r.-51.3.0,r.-51.3.0,r.-51.3.0,,r.-51.3.0,r.-51.3.0,r.-51.3.0,r.-51.3.0,r.-51.3.0,r.-51.3.0,r.-51.3.0,r.-51.3.0,,,,r.-51.3.0,r.-51.3.0,,,,,,,,,,,,,,,,,,,,,,,,,,,,,,,,,,,,,,,,,,,,,,,,,,,,,,,,,,,,,,,,,,,,,,,,,,,,,,,,,,,,,,,,,,,,,,,
618,,,,p.516,,,,,,,,,,,,,,,,,,,,,p.619,,,,,,,,,,,,,,,,,,,,,,,,,,,,,,,,,,,,,,,,,,,,,,,,,,,,,,,,,,,,,,,,,,,,,,,,,,,,,,,,,,,,,,,,,,,,,,,,,,,,,,,,,,,,,,,,,,,,,,,,,,,,,,,,,,,,
619,r.-51.4.0,r.-51.4.0,r.-51.4.0,r.-51.4.0,,,,,,,,,,,,r.-51.4.0,,,,,r.-51.4.0,r.-51.4.0,,r.-51.4.0,,,,r.-51.4.0,r.-51.4.0,r.-51.4.0,,,r.-51.4.0,,,,,,,,,,,r.-51.4.0,r.-51.4.0,r.-51.4.0,r.-51.4.0,r.-51.4.0,,r.-51.4.0,r.-51.4.0,r.-51.4.0,r.-51.4.0,r.-51.4.0,r.-51.4.0,r.-51.4.0,r.-51.4.0,,,,r.-51.4.0,r.-51.4.0,,,,,,,,,,,,,,,,,,,,,,,,,,,,,,,,,,,,,,,,,,,,,,,,,,,,,,,,,,,,,,,,,,,,,,,,,,,,,,,,,,,,,,,,,,,,,,,
620,r.-51.3.0,r.-51.3.0,r.-51.3.0,r.-51.3.0,,,,,,,,,,,,r.-51.3.0,,,,,r.-51.3.0,r.-51.3.0,,r.-51.3.0,,,,r.-51.3.0,r.-51.3.0,r.-51.3.0,,,r.-51.3.0,,,,,,,,,,,r.-51.3.0,r.-51.3.0,r.-51.3.0,r.-51.3.0,r.-51.3.0,,r.-51.3.0,r.-51.3.0,r.-51.3.0,r.-51.3.0,r.-51.3.0,r.-51.3.0,r.-51.3.0,r.-51.3.0,,,,r.-51.3.0,r.-51.3.0,,,,,,,,,,,,,,,,,,,,,,,,,,,,,,,,,,,,,,,,,,,,,,,,,,,,,,,,,,,,,,,,,,,,,,,,,,,,,,,,,,,,,,,,,,,,,,,
621,,,,p.522,,,,,,,,,,,,,p.622,,,,,,,,,,,,,,,,,,,,,,,,,,,,,,,,,,,,,,,,,,,,,,,,,,,,,,,,,,,,,,,,,,,,,,,,,,,,,,,,,,,,,,,,,,,,,,,,,,,,,,,,,,,,,,,,,,,,,,,,,,,,,,,,,,,,,,,,,,,,
622,r.-51.4.0,r.-51.4.0,r.-51.4.0,r.-51.4.0,,,,,,,,,,,,r.-51.4.0,,,,,r.-51.4.0,r.-51.4.0,,r.-51.4.0,,,,r.-51.4.0,r.-51.4.0,r.-51.4.0,,,r.-51.4.0,,,,,,,,,,,r.-51.4.0,r.-51.4.0,r.-51.4.0,r.-51.4.0,r.-51.4.0,,r.-51.4.0,r.-51.4.0,r.-51.4.0,r.-51.4.0,r.-51.4.0,r.-51.4.0,r.-51.4.0,r.-51.4.0,,,,r.-51.4.0,r.-51.4.0,,,,,,,,,,,,,,,,,,,,,,,,,,,,,,,,,,,,,,,,,,,,,,,,,,,,,,,,,,,,,,,,,,,,,,,,,,,,,,,,,,,,,,,,,,,,,,,
623,p.98,p.99,p.100,,,,,,,,,,,,,p.587,,p.588,,,,,,,,,p.589,,,,p.590,p.591,,p.592,,,,,,,,,,,,p.108,,,,,,p.593,p.594,,,,,,,,,,,,,,,,,,,,,,,,,,,,,p.595,p.112,p.113,,,,,,,,,,,p.552,p.597,,,p.598,,,,,,,,,p.599,,,,,,,,p.600,,p.601,,,,,,,p.602,,,,,,p.632,,,,,p.603,p.604,,,,,,,p.605,,,,,,,,,,,,p.606,p.607
624,p.98,p.99,p.100,,,,,,,,,,,,,p.587,,p.588,,,,,,,,,p.589,,,,p.590,p.591,,p.592,,,,,,,,,,,,p.108,,,,,,p.593,p.594,,,,,,,,,,,,,,,,,,,,,,,,,,,,,p.595,p.112,p.113,,,,,,,,,,,p.552,p.597,,,p.598,,,,,,,,,p.599,,,,,,,,p.600,,p.601,,,,,,,p.602,,,,,,p.625,,,,,p.603,p.604,,,,,,,p.605,,,,,,,,,,,,p.606,p.607
625,r.-3.3.0,r.-3.3.0,r.-3.3.0,r.-3.3.0,,,,,,,,,,,,,,,,,r.-3.3.0,r.-3.3.0,,,,,,r.-3.3.0,r.-3.3.0,r.-3.3.0,,,r.-3.3.0,,,,,,,,,,,r.-3.3.0,r.-3.3.0,p.626,p.627,p.628,,,,,,r.-3.3.0,r.-3.3.0,r.-3.3.0,r.-3.3.0,,,,r.-3.3.0,r.-3.3.0,,,,,,,,,,,,,,,,,,,,,,,,,,,,,,,,,,,,,,,,,,,,,,,,,,,,,,,,,,,,,,,,,,,,,,,,,,,,,,,,,,,,,,,,,,,,,,,
626,p.98,p.99,p.100,,,,,,,,,,,,,p.587,,p.588,,,,,,,,,p.589,,,,p.590,p.591,,p.592,,,,,,,,,,,,p.108,,,,,,p.593,p.594,,,,,,,,,,,,,,,,,,,,,,,,,,,,,p.595,p.112,p.113,,,,,,,,,,,p.631,p.597,,,p.598,,,,,,,,,p.599,,,,,,,,p.600,,p.601,,,,,,,p.602,,,,,,,,,,,p.603,p.604,,,,,,,p.605,,,,,,,,,,,,p.606,p.607
627,p.98,p.99,p.100,,,,,,,,,,,,,p.587,,p.588,,,,,,,,,p.589,,,,p.590,p.591,,p.592,,,,,,,,,,,,p.108,,,,,,p.593,p.594,,,,,,,,,,,,,,,,,,,,,,,,,,,,,p.595,p.112,p.113,,,,,,,,,,,p.630,p.597,,,p.598,,,,,,,,,p.599,,,,,,,,p.600,,p.601,,,,,,,p.602,,,,,,,,,,,p.603,p.604,,,,,,,p.605,,,,,,,,,,,,p.606,p.607
628,p.98,p.99,p.100,,,,,,,,,,,,,p.587,,p.588,,,,,,,,,p.589,,,,p.590,p.591,,p.592,,,,,,,,,,,,p.108,,,,,,p.593,p.594,,,,,,,,,,,,,,,,,,,,,,,,,,,,,p.595,p.112,p.113,,,,,,,,,,,p.629,p.597,,,p.598,,,,,,,,,p.599,,,,,,,,p.600,,p.601,,,,,,,p.602,,,,,,,,,,,p.603,p.604,,,,,,,p.605,,,,,,,,,,,,p.606,p.607
629,r.-46.3.0,r.-46.3.0,r.-46.3.0,r.-46.3.0,,,,,,,,,,,,,,,,,r.-46.3.0,r.-46.3.0,,,,,,r.-46.3.0,r.-46.3.0,r.-46.3.0,,,r.-46.3.0,,,,,,,,,,,r.-46.3.0,r.-46.3.0,r.-46.3.0,r.-46.3.0,r.-46.3.0,,,,,,r.-46.3.0,r.-46.3.0,r.-46.3.0,r.-46.3.0,,,,r.-46.3.0,r.-46.3.0,,,,,,,,,,,,,,,,,,,,,,,,,,,,,,,,,,,,,,,,,,,,,,,,,,,,,,,,,,,,,,,,,,,,,,,,,,,,,,,,,,,,,,,,,,,,,,,
630,r.-46.3.0,r.-46.3.0,r.-46.3.0,r.-46.3.0,,,,,,,,,,,,,,,,,r.-46.3.0,r.-46.3.0,,,,,,r.-46.3.0,r.-46.3.0,r.-46.3.0,,,r.-46.3.0,,,,,,,,,,,r.-46.3.0,r.-46.3.0,r.-46.3.0,r.-46.3.0,r.-46.3.0,,,,,,r.-46.3.0,r.-46.3.0,r.-46.3.0,r.-46.3.0,,,,r.-46.3.0,r.-46.3.0,,,,,,,,,,,,,,,,,,,,,,,,,,,,,,,,,,,,,,,,,,,,,,,,,,,,,,,,,,,,,,,,,,,,,,,,,,,,,,,,,,,,,,,,,,,,,,,
631,r.-46.3.0,r.-46.3.0,r.-46.3.0,r.-46.3.0,,,,,,,,,,,,,,,,,r.-46.3.0,r.-46.3.0,,,,,,r.-46.3.0,r.-46.3.0,r.-46.3.0,,,r.-46.3.0,,,,,,,,,,,r.-46.3.0,r.-46.3.0,r.-46.3.0,r.-46.3.0,r.-46.3.0,,,,,,r.-46.3.0,r.-46.3.0,r.-46.3.0,r.-46.3.0,,,,r.-46.3.0,r.-46.3.0,,,,,,,,,,,,,,,,,,,,,,,,,,,,,,,,,,,,,,,,,,,,,,,,,,,,,,,,,,,,,,,,,,,,,,,,,,,,,,,,,,,,,,,,,,,,,,,
632,r.-3.3.0,r.-3.3.0,r.-3.3.0,r.-3.3.0,,,,,,,,,,,,,,,,,r.-3.3.0,r.-3.3.0,,,,,,r.-3.3.0,r.-3.3.0,r.-3.3.0,,,r.-3.3.0,,,,,,,,,,,r.-3.3.0,r.-3.3.0,p.626,p.627,p.628,,,,,,r.-3.3.0,r.-3.3.0,r.-3.3.0,r.-3.3.0,,,,r.-3.3.0,r.-3.3.0,,,,,,,,,,,,,,,,,,,,,,,,,,,,,,,,,,,,,,,,,,,,,,,,,,,,,,,,,,,,,,,,,,,,,,,,,,,,,,,,,,,,,,,,,,,,,,,
633,p.98,p.99,p.100,,,,,,,,,,,,,p.207,,p.208,,,,,,,,p.209,p.210,,,,p.211,p.212,,p.213,,,,,,,,,,,,p.108,,,,,,p.214,p.215,,,,,,,,,,,,,,,p.11,p.12,p.216,p.217,p.218,p.219,p.220,p.221,p.222,p.223,p.224,p.225,p.226,p.227,p.228,p.112,p.113,,,,p.229,p.230,,p.231,,,,p.232,p.233,,p.234,p.235,,,,,,,,p.236,p.237,,,p.238,p.239,p.635,,,p.241,,p.242,,p.243,,,,,p.244,,,,p.245,p.246,p.247,,,,,p.248,p.249,p.250,,p.251,p.252,,,p.253,,,,,p.254,p.255,p.636,p.257,,p.258,p.259,p.260,p.261
634,r.-71.2.0,r.-71.2.0,r.-71.2.0,r.-71.2.0,,,,,,,,,,,,,,,,,r.-71.2.0,r.-71.2.0,,,,,,r.-71.2.0,r.-71.2.0,r.-71.2.0,,,r.-71.2.0,,,,,,,,,,,r.-71.2.0,r.-71.2.0,r.-71.2.0,r.-71.2.0,r.-71.2.0,,,,,,r.-71.2.0,r.-71.2.0,r.-71.2.0,r.-71.2.0,,,,r.-71.2.0,r.-71.2.0,,,,,,,,,,,,,,,,,,,,,,,,,,,,,,,,,,,,,,,,,,,,,,,,,,,,,,,,,,,,,,,,,,,,,,,,,,,,,,,,,,,,,,,,,,,,,,,
635,,,,p.270,,,,,,,,,,,,,p.638,,,,,,,,,,,,,,,,,,,,,,,,,,,,,,,,,,,,,,,,,,,,,,,,,,,,,,,,,,,,,,,,,,,,,,,,,,,,,,,,,,,,,,,,,,,,,,,,,,,,,,,,,,,,,,,,,,,,,,,,,,,,,,,,,,,,,,,,,,,,
636,,,,,,,,,,,,,,,,,p.637,,,,,,,,,,,,,,,,,,,,,,,,,,,,,,,,,,,,,,,,,,,,,,,,,,,,,,,,,,,,,,,,,,,,,,,,,,,,,,,,,,,,,,,,,,,,,,,,,,,,,,,,,,,,,,,,,,,,,,,,,,,,,,,,,,,,,,,,,,,,
637,r.-71.4.0,r.-71.4.0,r.-71.4.0,r.-71.4.0,,,,,,,,,,,,,,,,,r.-71.4.0,r.-71.4.0,,,,,,r.-71.4.0,r.-71.4.0,r.-71.4.0,,,r.-71.4.0,,,,,,,,,,,r.-71.4.0,r.-71.4.0,r.-71.4.0,r.-71.4.0,r.-71.4.0,,,,,,r.-71.4.0,r.-71.4.0,r.-71.4.0,r.-71.4.0,,,,r.-71.4.0,r.-71.4.0,,,,,,,,,,,,,,,,,,,,,,,,,,,,,,,,,,,,,,,,,,,,,,,,,,,,,,,,,,,,,,,,,,,,,,,,,,,,,,,,,,,,,,,,,,,,,,,
638,r.-52.3.0,r.-52.3.0,r.-52.3.0,r.-52.3.0,,,,,,,,,,,,r.-52.3.0,,,,,r.-52.3.0,r.-52.3.0,,r.-52.3.0,,,,r.-52.3.0,r.-52.3.0,r.-52.3.0,,,r.-52.3.0,,,,,,,,,,,r.-52.3.0,r.-52.3.0,r.-52.3.0,r.-52.3.0,r.-52.3.0,,r.-52.3.0,r.-52.3.0,r.-52.3.0,r.-52.3.0,r.-52.3.0,r.-52.3.0,r.-52.3.0,r.-52.3.0,,,,r.-52.3.0,r.-52.3.0,,,,,,,,,,,,,,,,,,,,,,,,,,,,,,,,,,,,,,,,,,,,,,,,,,,,,,,,,,,,,,,,,,,,,,,,,,,,,,,,,,,,,,,,,,,,,,,
639,p.98,p.99,p.100,,,,,,,,,,,,,p.207,,p.208,,,,,,,,,p.210,,,,p.211,p.263,,p.213,,,,,,,,,,,,p.108,,,,,,p.214,p.215,,,,,,,,,,,,,,,,,,,,,,,,,,,,,p.228,p.112,p.113,,,,p.229,p.230,,p.231,,,,p.232,p.233,,p.234,p.235,,,,,,,,,p.237,,,p.238,p.239,p.635,,,p.241,,p.242,,p.243,,,,,p.244,,,,p.245,p.246,p.247,,,,,p.248,p.249,p.250,,p.251,,,,p.253,,,,,,,,,,,,p.260,p.261
640,r.-71.2.0,r.-71.2.0,r.-71.2.0,r.-71.2.0,,,,,,,,,,,,,,,,,r.-71.2.0,r.-71.2.0,,,,,,r.-71.2.0,r.-71.2.0,r.-71.2.0,,,r.-71.2.0,,,,,,,,,,,r.-71.2.0,r.-71.2.0,r.-71.2.0,r.-71.2.0,r.-71.2.0,,,,,,r.-71.2.0,r.-71.2.0,r.-71.2.0,r.-71.2.0,,,,r.-71.2.0,r.-71.2.0,,,,,,,,,,,,,,,,,,,,,,,,,,,,,,,,,,,,,,,,,,,,,,,,,,,,,,,,,,,,,,,,,,,,,,,,,,,,,,,,,,,,,,,,,,,,,,,
641,r.-71.2.0,r.-71.2.0,r.-71.2.0,r.-71.2.0,,,,,,,,,,,,,,,,,r.-71.2.0,r.-71.2.0,,,,,,r.-71.2.0,r.-71.2.0,r.-71.2.0,,,r.-71.2.0,,,,,,,,,,,r.-71.2.0,r.-71.2.0,r.-71.2.0,r.-71.2.0,r.-71.2.0,,,,,,r.-71.2.0,r.-71.2.0,r.-71.2.0,r.-71.2.0,,,,r.-71.2.0,r.-71.2.0,,,,,,,,,,,,,,,,,,,,,,,,,,,,,,,,,,,,,,,,,,,,,,,,,,,,,,,,,,,,,,,,,,,,,,,,,,,,,,,,,,,,,,,,,,,,,,,
642,,,,,,,,,,,,,,,,,p.643,,,,,,,,,,,,,,,,,,,,,,,,,,,,,,,,,,,,,,,,,,,,,,,,,,,,,,,,,,,,,,,,,,,,,,,,,,,,,,,,,,,,,,,,,,,,,,,,,,,,,,,,,,,,,,,,,,,,,,,,,,,,,,,,,,,,,,,,,,,,
643,p.98,p.99,p.100,,,,,,,,,,,,,p.587,,p.588,,,,,,,,,p.589,,,,p.590,p.591,,p.592,,,,,,,,,,,,p.108,,,,,,p.593,p.594,,,,,,,,,,,,,,,,,,,,,,,,,,,,,p.595,p.112,p.113,,,,,,,,,,,p.644,p.597,,,p.598,,,,,,,,,p.599,,,,,,,,p.600,,p.601,,,,,,,p.602,,,,,,,,,,,p.603,p.604,,,,,,,p.605,,,,,,,,,,,,p.606,p.607
644,r.-10.4.0,r.-10.4.0,r.-10.4.0,r.-10.4.0,,,,,,,,,,,,,,,,,r.-10.4.0,r.-10.4.0,,,,,,r.-10.4.0,r.-10.4.0,r.-10.4.0,,,r.-10.4.0,,,,,,,,,,,r.-10.4.0,r.-10.4.0,r.-10.4.0,r.-10.4.0,r.-10.4.0,,,,,,r.-10.4.0,r.-10.4.0,r.-10.4.0,r.-10.4.0,,,,r.-10.4.0,r.-10.4.0,,,,,,,,,,,,,,,,,,,,,,,,,,,,,,,,,,,,,,,,,,,,,,,,,,,,,,,,,,,,,,,,,,,,,,,,,,,,,,,,,,,,,,,,,,,,,,,
645,p.623,p.624,r.-55.3.0,r.-55.3.0,,,,,,,,,,,,,,,,,r.-55.3.0,r.-55.3.0,,,,,,r.-55.3.0,r.-55.3.0,r.-55.3.0,,,r.-55.3.0,,,,,,,,,,,r.-55.3.0,r.-55.3.0,,,,,,,,,r.-55.3.0,r.-55.3.0,r.-55.3.0,r.-55.3.0,,,,r.-55.3.0,r.-55.3.0,,,,,,,,,,,,,,,,,,,,,,,,,,,,,,,,,,,,,,,,,,,,,,,,,,,,,,,,,,,,,,,,,,,,,,,,,,,,,,,,,,,,,,,,,,,,,,,
646,p.98,p.99,p.100,,,,,,,,,,,,,p.587,,p.588,,,,,,,,,p.589,,,,p.590,p.591,,p.592,,,,,,,,,,,,p.108,,,,,,p.593,p.594,,,,,,,,,,,,,,,,,,,,,,,,,,,,,p.595,p.112,p.113,,,,p.549,,,,,,,p.552,p.597,,,p.598,,,,,,,,,p.599,,,,,,,,p.600,,p.601,,,,,,,p.602,,,,,,p.566,,,,,p.603,p.604,,,p.653,,,,p.605,,,,,,,,,,,,p.606,p.607
647,p.98,p.99,p.100,,,,,,,,,,,,,p.587,,p.588,,,,,,,,,p.589,,,,p.590,p.591,,p.592,,,,,,,,,,,,p.108,,,,,,p.593,p.594,,,,,,,,,,,,,,,,,,,,,,,,,,,,,p.595,p.112,p.113,,,,p.549,,,,,,,p.552,p.597,,,p.598,,,,,,,,,p.599,,,,,,,,p.600,,p.601,,,,,,,p.602,,,,,,p.566,,,,,p.603,p.604,,,p.652,,,,p.605,,,,,,,,,,,,p.606,p.607
648,p.98,p.99,p.100,,,,,,,,,,,,,p.587,,p.588,,,,,,,,,p.589,,,,p.590,p.591,,p.592,,,,,,,,,,,,p.108,,,,,,p.593,p.594,,,,,,,,,,,,,,,,,,,,,,,,,,,,,p.595,p.112,p.113,,,,p.549,,,,,,,p.552,p.597,,,p.598,,,,,,,,,p.599,,,,,,,,p.600,,p.601,,,,,,,p.602,,,,,,p.566,,,,,p.603,p.604,,,p.651,,,,p.605,,,,,,,,,,,,p.606,p.607
649,p.98,p.99,p.100,,,,,,,,,,,,,p.587,,p.588,,,,,,,,,p.589,,,,p.590,p.591,,p.592,,,,,,,,,,,,p.108,,,,,,p.593,p.594,,,,,,,,,,,,,,,,,,,,,,,,,,,,,p.595,p.112,p.113,,,,p.549,,,,,,,p.552,p.597,,,p.598,,,,,,,,,p.599,,,,,,,,p.600,,p.601,,,,,,,p.602,,,,,,p.566,,,,,p.603,p.604,,,p.650,,,,p.605,,,,,,,,,,,,p.606,p.607
650,,,r.-53.3.0,r.-53.3.0,,,,,,,,,,,,,,,,,r.-53.3.0,r.-53.3.0,,,,,,r.-53.3.0,r.-53.3.0,r.-53.3.0,,,r.-53.3.0,,,,,,,,,,,r.-53.3.0,r.-53.3.0,,,,,,,,,r.-53.3.0,r.-53.3.0,r.-53.3.0,r.-53.3.0,,,,p.585,p.586,,,,,,,,,,,,,,,,,,,,,,,,,,,,,,,,,,,,,,,,,,,,,,,,,,,,,,,,,,,,,,,,,,,,,,,,,,,,,,,,,,,,,,,,,,,,,,,
651,,,r.-53.3.0,r.-53.3.0,,,,,,,,,,,,,,,,,r.-53.3.0,r.-53.3.0,,,,,,r.-53.3.0,r.-53.3.0,r.-53.3.0,,,r.-53.3.0,,,,,,,,,,,r.-53.3.0,r.-53.3.0,,,,,,,,,r.-53.3.0,r.-53.3.0,r.-53.3.0,r.-53.3.0,,,,p.585,p.586,,,,,,,,,,,,,,,,,,,,,,,,,,,,,,,,,,,,,,,,,,,,,,,,,,,,,,,,,,,,,,,,,,,,,,,,,,,,,,,,,,,,,,,,,,,,,,,
652,,,r.-53.3.0,r.-53.3.0,,,,,,,,,,,,,,,,,r.-53.3.0,r.-53.3.0,,,,,,r.-53.3.0,r.-53.3.0,r.-53.3.0,,,r.-53.3.0,,,,,,,,,,,r.-53.3.0,r.-53.3.0,,,,,,,,,r.-53.3.0,r.-53.3.0,r.-53.3.0,r.-53.3.0,,,,p.585,p.586,,,,,,,,,,,,,,,,,,,,,,,,,,,,,,,,,,,,,,,,,,,,,,,,,,,,,,,,,,,,,,,,,,,,,,,,,,,,,,,,,,,,,,,,,,,,,,,
653,,,r.-53.3.0,r.-53.3.0,,,,,,,,,,,,,,,,,r.-53.3.0,r.-53.3.0,,,,,,r.-53.3.0,r.-53.3.0,r.-53.3.0,,,r.-53.3.0,,,,,,,,,,,r.-53.3.0,r.-53.3.0,,,,,,,,,r.-53.3.0,r.-53.3.0,r.-53.3.0,r.-53.3.0,,,,p.585,p.586,,,,,,,,,,,,,,,,,,,,,,,,,,,,,,,,,,,,,,,,,,,,,,,,,,,,,,,,,,,,,,,,,,,,,,,,,,,,,,,,,,,,,,,,,,,,,,,
654,p.98,p.99,p.100,,,,,,,,,,,,,p.207,p.664,p.208,,,,,,,,,p.210,,,,p.211,p.263,,p.213,,,,,,,,,,,,p.108,,,,,,p.214,p.215,,,,,,,,,,,,,,,,,,,,,,,,,,,,,p.228,p.112,p.113,,,,p.229,p.230,p.665,p.521,,,,p.232,p.233,,p.234,p.235,,,,,,,,,p.237,,,p.238,p.239,,,,p.241,,p.242,,p.243,,,,,p.244,,,,p.245,p.246,p.247,,,,,p.248,p.249,p.250,,p.251,,,,p.253,,,,,,,,,,,,p.260,p.261
655,p.98,p.99,p.100,,,,,,,,,,,,,p.170,,p.171,,,,,,,,,p.172,,,,p.173,p.174,,p.175,,,,,,,,,,,,p.108,,,,,,p.176,p.177,,,,,,,,,,,,,,,,,,,,,,,,,,,,,p.178,p.112,p.113,,,,p.179,p.180,,p.181,,,,p.182,p.183,,p.184,p.185,,,,,,,,,p.186,,,p.187,p.188,p.662,,,p.190,,p.191,,p.192,,,,,p.193,,,,p.194,p.195,p.196,,,,,p.197,p.198,p.199,,p.200,,,,p.201,,,,,,,,,,,,p.202,p.203
656,,,,,,,,,,,,,,,,,,,,,,,,,,,,,,,,p.544,,,,,,,,,,,,,,,,,,,,,,,,,,,,,,,,,,,,,,,,,,,,,,,,,,,,,,,,,,,,,,,,,,,,,,,,,,,,,,,,,,,,,,p.661,,,,,,,,,,,,,,,,,,,,,,,,,,,,,,,,,,,,,,,
657,,,,,,,,,,,,,,,,,,,,,,,,,,,,,,,,p.544,,,,,,,,,,,,,,,,,,,,,,,,,,,,,,,,,,,,,,,,,,,,,,,,,,,,,,,,,,,,,,,,,,,,,,,,,,,,,,,,,,,,,,p.660,,,,,,,,,,,,,,,,,,,,,,,,,,,,,,,,,,,,,,,
658,r.-51.2.0,r.-51.2.0,r.-51.2.0,r.-51.2.0,r.-51.2.0,r.-51.2.0,r.-51.2.0,r.-51.2.0,r.-51.2.0,r.-51.2.0,r.-51.2.0,r.-51.2.0,r.-51.2.0,r.-51.2.0,r.-51.2.0,r.-51.2.0,,,,,r.-51.2.0,r.-51.2.0,,r.-51.2.0,,,,r.-51.2.0,r.-51.2.0,r.-51.2.0,,,r.-51.2.0,,,,,,,,,,,r.-51.2.0,r.-51.2.0,r.-51.2.0,r.-51.2.0,r.-51.2.0,,r.-51.2.0,r.-51.2.0,r.-51.2.0,r.-51.2.0,r.-51.2.0,r.-51.2.0,r.-51.2.0,r.-51.2.0,,,,r.-51.2.0,r.-51.2.0,,,,,,,,,,,,,,,,,,,,,,,,,,,,,,,,,,,,,,,,,,,,,,,,,,,,,,,,,,,,,,,,,,,,,,,,,,,,,,,,,,,,,,,,,,,,,,,
659,r.-51.2.0,r.-51.2.0,r.-51.2.0,r.-51.2.0,r.-51.2.0,r.-51.2.0,r.-51.2.0,r.-51.2.0,r.-51.2.0,r.-51.2.0,r.-51.2.0,r.-51.2.0,r.-51.2.0,r.-51.2.0,r.-51.2.0,r.-51.2.0,,,,,r.-51.2.0,r.-51.2.0,,r.-51.2.0,,,,r.-51.2.0,r.-51.2.0,r.-51.2.0,,,r.-51.2.0,,,,,,,,,,,r.-51.2.0,r.-51.2.0,r.-51.2.0,r.-51.2.0,r.-51.2.0,,r.-51.2.0,r.-51.2.0,r.-51.2.0,r.-51.2.0,r.-51.2.0,r.-51.2.0,r.-51.2.0,r.-51.2.0,,,,r.-51.2.0,r.-51.2.0,,,,,,,,,,,,,,,,,,,,,,,,,,,,,,,,,,,,,,,,,,,,,,,,,,,,,,,,,,,,,,,,,,,,,,,,,,,,,,,,,,,,,,,,,,,,,,,
660,r.-51.3.0,r.-51.3.0,r.-51.3.0,r.-51.3.0,r.-51.3.0,r.-51.3.0,r.-51.3.0,r.-51.3.0,r.-51.3.0,r.-51.3.0,r.-51.3.0,r.-51.3.0,r.-51.3.0,r.-51.3.0,r.-51.3.0,r.-51.3.0,,,,,r.-51.3.0,r.-51.3.0,,r.-51.3.0,,,,r.-51.3.0,r.-51.3.0,r.-51.3.0,,,r.-51.3.0,,,,,,,,,,,r.-51.3.0,r.-51.3.0,r.-51.3.0,r.-51.3.0,r.-51.3.0,,r.-51.3.0,r.-51.3.0,r.-51.3.0,r.-51.3.0,r.-51.3.0,r.-51.3.0,r.-51.3.0,r.-51.3.0,,,,r.-51.3.0,r.-51.3.0,,,,,,,,,,,,,,,,,,,,,,,,,,,,,,,,,,,,,,,,,,,,,,,,,,,,,,,,,,,,,,,,,,,,,,,,,,,,,,,,,,,,,,,,,,,,,,,
661,r.-51.3.0,r.-51.3.0,r.-51.3.0,r.-51.3.0,r.-51.3.0,r.-51.3.0,r.-51.3.0,r.-51.3.0,r.-51.3.0,r.-51.3.0,r.-51.3.0,r.-51.3.0,r.-51.3.0,r.-51.3.0,r.-51.3.0,r.-51.3.0,,,,,r.-51.3.0,r.-51.3.0,,r.-51.3.0,,,,r.-51.3.0,r.-51.3.0,r.-51.3.0,,,r.-51.3.0,,,,,,,,,,,r.-51.3.0,r.-51.3.0,r.-51.3.0,r.-51.3.0,r.-51.3.0,,r.-51.3.0,r.-51.3.0,r.-51.3.0,r.-51.3.0,r.-51.3.0,r.-51.3.0,r.-51.3.0,r.-51.3.0,,,,r.-51.3.0,r.-51.3.0,,,,,,,,,,,,,,,,,,,,,,,,,,,,,,,,,,,,,,,,,,,,,,,,,,,,,,,,,,,,,,,,,,,,,,,,,,,,,,,,,,,,,,,,,,,,,,,
662,,,,p.516,,,,,,,,,,,,,,,,,,,,,p.663,,,,,,,,,,,,,,,,,,,,,,,,,,,,,,,,,,,,,,,,,,,,,,,,,,,,,,,,,,,,,,,,,,,,,,,,,,,,,,,,,,,,,,,,,,,,,,,,,,,,,,,,,,,,,,,,,,,,,,,,,,,,,,,,,,,,
663,r.-51.4.0,r.-51.4.0,r.-51.4.0,r.-51.4.0,r.-51.4.0,r.-51.4.0,r.-51.4.0,r.-51.4.0,r.-51.4.0,r.-51.4.0,r.-51.4.0,r.-51.4.0,r.-51.4.0,r.-51.4.0,r.-51.4.0,r.-51.4.0,,,,,r.-51.4.0,r.-51.4.0,,r.-51.4.0,,,,r.-51.4.0,r.-51.4.0,r.-51.4.0,,,r.-51.4.0,,,,,,,,,,,r.-51.4.0,r.-51.4.0,r.-51.4.0,r.-51.4.0,r.-51.4.0,,r.-51.4.0,r.-51.4.0,r.-51.4.0,r.-51.4.0,r.-51.4.0,r.-51.4.0,r.-51.4.0,r.-51.4.0,,,,r.-51.4.0,r.-51.4.0,,,,,,,,,,,,,,,,,,,,,,,,,,,,,,,,,,,,,,,,,,,,,,,,,,,,,,,,,,,,,,,,,,,,,,,,,,,,,,,,,,,,,,,,,,,,,,,
664,r.-51.3.0,r.-51.3.0,r.-51.3.0,r.-51.3.0,r.-51.3.0,r.-51.3.0,r.-51.3.0,r.-51.3.0,r.-51.3.0,r.-51.3.0,r.-51.3.0,r.-51.3.0,r.-51.3.0,r.-51.3.0,r.-51.3.0,r.-51.3.0,,,,,r.-51.3.0,r.-51.3.0,,r.-51.3.0,,,,r.-51.3.0,r.-51.3.0,r.-51.3.0,,,r.-51.3.0,,,,,,,,,,,r.-51.3.0,r.-51.3.0,r.-51.3.0,r.-51.3.0,r.-51.3.0,,r.-51.3.0,r.-51.3.0,r.-51.3.0,r.-51.3.0,r.-51.3.0,r.-51.3.0,r.-51.3.0,r.-51.3.0,,,,r.-51.3.0,r.-51.3.0,,,,,,,,,,,,,,,,,,,,,,,,,,,,,,,,,,,,,,,,,,,,,,,,,,,,,,,,,,,,,,,,,,,,,,,,,,,,,,,,,,,,,,,,,,,,,,,
665,,,,p.522,,,,,,,,,,,,,p.666,,,,,,,,,,,,,,,,,,,,,,,,,,,,,,,,,,,,,,,,,,,,,,,,,,,,,,,,,,,,,,,,,,,,,,,,,,,,,,,,,,,,,,,,,,,,,,,,,,,,,,,,,,,,,,,,,,,,,,,,,,,,,,,,,,,,,,,,,,,,
666,r.-51.4.0,r.-51.4.0,r.-51.4.0,r.-51.4.0,r.-51.4.0,r.-51.4.0,r.-51.4.0,r.-51.4.0,r.-51.4.0,r.-51.4.0,r.-51.4.0,r.-51.4.0,r.-51.4.0,r.-51.4.0,r.-51.4.0,r.-51.4.0,,,,,r.-51.4.0,r.-51.4.0,,r.-51.4.0,,,,r.-51.4.0,r.-51.4.0,r.-51.4.0,,,r.-51.4.0,,,,,,,,,,,r.-51.4.0,r.-51.4.0,r.-51.4.0,r.-51.4.0,r.-51.4.0,,r.-51.4.0,r.-51.4.0,r.-51.4.0,r.-51.4.0,r.-51.4.0,r.-51.4.0,r.-51.4.0,r.-51.4.0,,,,r.-51.4.0,r.-51.4.0,,,,,,,,,,,,,,,,,,,,,,,,,,,,,,,,,,,,,,,,,,,,,,,,,,,,,,,,,,,,,,,,,,,,,,,,,,,,,,,,,,,,,,,,,,,,,,,
667,p.98,p.99,p.100,,,,,,,,,,,,,p.540,,p.541,,,,,,,,,p.542,,,,p.543,p.544,,p.545,,,,,,,,,,,,p.108,,,,,,p.546,p.547,,,,,,,,,,,,,,,,,,,,,,,,,,,,,p.548,p.112,p.113,,,,p.549,p.550,,p.551,,,,p.552,p.553,,p.554,p.555,,,,,,,,,p.556,,,p.557,p.558,p.682,,,p.560,,p.561,,p.562,,,,,p.563,,,,p.564,p.565,p.566,,,,,p.567,p.568,p.569,,p.570,,,,p.571,,,,,,,,,,,,p.572,p.573
668,p.98,p.99,p.100,,,,,,,,,,,,,p.587,,p.588,,,,,,,,,p.589,,,,p.590,p.591,,p.592,,,,,,,,,,,,p.108,,,,,,p.593,p.594,,,,,,,,,,,,,,,,,,,,,,,,,,,,,p.595,p.112,p.113,,,,p.549,p.550,,,,,,p.552,p.597,,,p.598,,,,,,,,,p.599,,,p.557,p.558,,,,p.600,,p.601,,p.562,,,,,p.602,,,,p.669,,p.566,,,,,p.603,p.604,p.569,,p.570,,,,p.605,,,,,,,,,,,,p.606,p.607
669,,,,r.-45.3.0,,,,,,,,,,,,,,,,,r.-45.3.0,r.-45.3.0,,,,,,,,,,,,,,,,,,,,,,p.670,r.-45.3.0,,,,,,,,,,,,,,,,,,,,,,,,,,,,,,,,,,,,,,,,,,,,,,,,,,,,,,,,,,,,,,,,,,,,,,,,,,,,,,,,,,,,,,,,,,,,,,,,,,,,,,,,,,,,,,,,
670,p.98,p.99,p.100,,,,,,,,,,,,,p.587,,p.588,,,,,,,,,p.589,,,,p.590,p.591,,p.592,,,,,,,,,,,,p.108,,,,,,p.593,p.594,,,,,,,,,,,,,,,,,,,,,,,,,,,,,p.595,p.112,p.113,,,,p.549,p.550,,,,,,p.552,p.597,,,p.598,,,,,,,,,p.599,,,p.557,p.558,,,,p.600,,p.601,,p.671,,,,,p.602,,,,,,p.566,,,,,p.603,p.604,p.569,,p.570,,,,p.605,,,,,,,,,,,,p.606,p.607
671,,,,r.-44.3.0,,,,,,,,,,,,,,,,,r.-44.3.0,r.-44.3.0,,,,,,,,,,,p.672,,,,,,,,,,,r.-44.3.0,r.-44.3.0,,,,,,,,,,,,,,,,,,,,,,,,,,,,,,,,,,,,,,,,,,,,,,,,,,,,,,,,,,,,,,,,,,,,,,,,,,,,,,,,,,,,,,,,,,,,,,,,,,,,,,,,,,,,,,,,
672,p.98,p.99,p.100,,,,,,,,,,,,,p.587,,p.588,,,,,,,,,p.589,,,,p.590,p.591,,p.592,,,,,,,,,,,,p.108,,,,,,p.593,p.594,,,,,,,,,,,,,,,,,,,,,,,,,,,,,p.595,p.112,p.113,,,,p.549,p.550,,,,,,p.552,p.597,,,p.598,,,,,,,,,p.599,,,p.557,p.673,,,,p.600,,p.601,,,,,,,p.602,,,,,,p.566,,,,,p.603,p.604,p.569,,p.570,,,,p.605,,,,,,,,,,,,p.606,p.607
673,,,,r.-35.3.0,,,,,,,,,,,,,,,,,r.-35.3.0,r.-35.3.0,,,,,,,,p.674,,,r.-35.3.0,,,,,,,,,,,r.-35.3.0,r.-35.3.0,,,,,,,,,,,,,,,,,,,,,,,,,,,,,,,,,,,,,,,,,,,,,,,,,,,,,,,,,,,,,,,,,,,,,,,,,,,,,,,,,,,,,,,,,,,,,,,,,,,,,,,,,,,,,,,,
674,p.98,p.99,p.100,,,,,,,,,,,,,p.587,,p.588,,,,,,,,,p.589,,,,p.590,p.591,,p.592,,,,,,,,,,,,p.108,,,,,,p.593,p.594,,,,,,,,,,,,,,,,,,,,,,,,,,,,,p.595,p.112,p.113,,,,p.549,p.675,,,,,,p.552,p.597,,,p.598,,,,,,,,,p.599,,,p.557,,,,,p.600,,p.601,,,,,,,p.602,,,,,,p.566,,,,,p.603,p.604,p.569,,p.570,,,,p.605,,,,,,,,,,,,p.606,p.607
675,,,p.676,r.-27.3.0,,,,,,,,,,,,,,,,,r.-27.3.0,r.-27.3.0,,,,,,,,r.-27.3.0,,,r.-27.3.0,,,,,,,,,,,r.-27.3.0,r.-27.3.0,,,,,,,,,,,,,,,,,,,,,,,,,,,,,,,,,,,,,,,,,,,,,,,,,,,,,,,,,,,,,,,,,,,,,,,,,,,,,,,,,,,,,,,,,,,,,,,,,,,,,,,,,,,,,,,,
676,p.98,p.99,p.100,,,,,,,,,,,,,p.587,,p.588,,,,,,,,,p.589,,,,p.590,p.591,,p.592,,,,,,,,,,,,p.108,,,,,,p.593,p.594,,,,,,,,,,,,,,,,,,,,,,,,,,,,,p.595,p.112,p.113,,,,p.549,,,,,,,p.552,p.597,,,p.598,,,,,,,,,p.599,,,p.677,,,,,p.600,,p.601,,,,,,,p.602,,,,,,p.566,,,,,p.603,p.604,p.569,,p.570,,,,p.605,,,,,,,,,,,,p.606,p.607
677,,,r.-4.3.0,r.-4.3.0,,,,,,,,,,,,,,,,,r.-4.3.0,r.-4.3.0,,,,,,p.678,p.679,r.-4.3.0,,,r.-4.3.0,,,,,,,,,,,r.-4.3.0,r.-4.3.0,,,,,,,,,,,,,,,,,,,,,,,,,,,,,,,,,,,,,,,,,,,,,,,,,,,,,,,,,,,,,,,,,,,,,,,,,,,,,,,,,,,,,,,,,,,,,,,,,,,,,,,,,,,,,,,,
678,p.98,p.99,p.100,,,,,,,,,,,,,p.587,,p.588,,,,,,,,,p.589,,,,p.590,p.591,,p.592,,,,,,,,,,,,p.108,,,,,,p.593,p.594,,,,,,,,,,,,,,,,,,,,,,,,,,,,,p.595,p.112,p.113,,,,p.549,,,,,,,p.552,p.597,,,p.598,,,,,,,,,p.599,,,,,,,,p.600,,p.601,,,,,,,p.602,,,,,,p.566,,,,,p.603,p.604,p.681,,p.570,,,,p.605,,,,,,,,,,,,p.606,p.607
679,p.98,p.99,p.100,,,,,,,,,,,,,p.587,,p.588,,,,,,,,,p.589,,,,p.590,p.591,,p.592,,,,,,,,,,,,p.108,,,,,,p.593,p.594,,,,,,,,,,,,,,,,,,,,,,,,,,,,,p.595,p.112,p.113,,,,p.549,,,,,,,p.552,p.597,,,p.598,,,,,,,,,p.599,,,,,,,,p.600,,p.601,,,,,,,p.602,,,,,,p.566,,,,,p.603,p.604,p.680,,p.570,,,,p.605,,,,,,,,,,,,p.606,p.607
680,,,r.-26.3.0,r.-26.3.0,,,,,,,,,,,,,,,,,r.-26.3.0,r.-26.3.0,,,,,,r.-26.3.0,r.-26.3.0,r.-26.3.0,,,r.-26.3.0,,,,,,,,,,,r.-26.3.0,r.-26.3.0,,,,,,,,,p.646,p.647,p.648,p.649,,,,,,,,,,,,,,,,,,,,,,,,,,,,,,,,,,,,,,,,,,,,,,,,,,,,,,,,,,,,,,,,,,,,,,,,,,,,,,,,,,,,,,,,,,,,,,,,,,,,
681,,,r.-26.3.0,r.-26.3.0,,,,,,,,,,,,,,,,,r.-26.3.0,r.-26.3.0,,,,,,r.-26.3.0,r.-26.3.0,r.-26.3.0,,,r.-26.3.0,,,,,,,,,,,r.-26.3.0,r.-26.3.0,,,,,,,,,p.646,p.647,p.648,p.649,,,,,,,,,,,,,,,,,,,,,,,,,,,,,,,,,,,,,,,,,,,,,,,,,,,,,,,,,,,,,,,,,,,,,,,,,,,,,,,,,,,,,,,,,,,,,,,,,,,,
682,,,,p.683,,,,,,,,,,,,,,,,,,p.684,,,,,,,,,,,,,,,,,,,,,,,,,,,,,,,,,,,,,,,,,,,,,,,,,,,,,,,,,,,,,,,,,,,,,,,,,,,,,,,,,,,,,,,,,,,,,,,,,,,,,,,,,,,,,,,,,,,,,,,,,,,,,,,,,,,,,,,
683,p.98,p.99,p.100,,,,,,,,,,,,,p.540,,p.541,,,,,,,,,p.542,,,,p.543,p.544,,p.545,,,,,,,,,,,,p.108,,,,,,p.546,p.547,,,,,,,,,,,,,,,,,,,,,,,,,,,,,p.548,p.112,p.113,,,,p.549,p.550,,p.686,,,,p.552,p.553,,p.554,p.555,,,,,,,,,p.556,,,p.557,p.558,,,,p.560,,p.561,,p.562,,,,,p.563,,,,p.564,p.565,p.566,,,,,p.567,p.568,p.569,,p.570,,,,p.571,,,,,,,,,,,,p.572,p.573
684,p.98,p.99,p.100,,,,,,,,,,,,,p.587,,p.588,,,,,,,,,p.589,,,,p.590,p.591,,p.592,,,,,,,,,,,,p.108,,,,,,p.593,p.594,,,,,,,,,,,,,,,,,,,,,,,,,,,,,p.595,p.112,p.113,,,,p.549,p.550,,,,,,p.552,p.597,,p.685,p.598,,,,,,,,,p.599,,,p.557,p.558,,,,p.600,,p.601,,p.562,,,,,p.602,,,,p.564,p.565,p.566,,,,,p.603,p.604,p.569,,p.570,,,,p.605,,,,,,,,,,,,p.606,p.607
685,,,,r.-13.5.0,,,,,,,,,,,,,,,,,,r.-13.5.0,,,,,,,,,,,,,,,,,,,,,,,,,,,,,,,,,,,,,,,,,,,,,,,,,,,,,,,,,,,,,,,,,,,,,,,,,,,,,,,,,,,,,,,,,,,,,,,,,,,,,,,,,,,,,,,,,,,,,,,,,,,,,,,,,,,,,,,
686,,,,r.-28.3.0,,,,,,,,,,,,,,,,,,r.-28.3.0,,,,,,,,,,,,,,,,,,,,,,,,,,,,,,,,,,,,,,,,,,,,,,,,,,,,,,,,,,,,,,,,,,,,,,,,,,,,,,,,,,,,,,,,,,,,,,,,,,,,,,,,,,,,,,,,,,,,,,,,,,,,,,,,,,,,,,,
687,p.98,p.99,p.100,,,,,,,,,,,,,p.450,,p.451,,,,,,,,,p.452,,,,p.453,p.454,,p.455,,,,,,,,,,,,p.108,,,,,,p.456,p.457,,,,,,,,,,,,,,,,,,,,,,,,,,,,,p.458,p.112,p.113,,,,p.459,p.460,,,,,,p.461,p.462,,p.688,p.464,,,,,,,,,p.466,,,p.467,p.468,,,,p.469,,p.470,,p.471,,,,,p.472,,,,p.473,p.474,p.475,,,,,p.476,p.477,p.478,,p.479,,,,p.480,,,,,,,,,,,,p.481,p.482
688,,,,r.-13.5.0,,,,,,,,,,,,,,,,r.-13.5.0,,,,,,,,,,,,,,,,,,,,,,,,,,,,,,,,,,,,,,,,,,,,,,,,,,,,,,,,,,,,,,,,,,,,,,,,,,,,,,,,,,,,,,,,,,,,,,,,,,,,,,,,,,,,,,,,,,,,,,,,,,,,,,,,,,,,,,,,,
689,p.98,p.99,p.100,,,,,,,,,,,,,p.207,,p.208,,,,,,,,p.209,p.210,,,,p.211,p.212,,p.213,,,,,,,,,,,,p.108,,,,,,p.214,p.215,,,,,,,,,,,,,,,p.11,p.12,p.216,p.217,p.218,p.219,p.220,p.221,p.222,p.223,p.224,p.225,p.226,p.227,p.228,p.112,p.113,,,,p.229,p.230,,p.231,,,,p.232,p.233,,p.234,p.235,,,,,,,,p.236,p.237,,,p.238,p.239,p.577,,,p.241,,p.242,,p.243,,,,,p.244,,,,p.245,p.246,p.247,,,,,p.248,p.249,p.250,,p.251,p.252,,,p.253,,,,,p.254,p.255,p.691,p.257,,p.258,p.259,p.260,p.261
690,r.-71.2.0,r.-71.2.0,r.-71.2.0,r.-71.2.0,r.-71.2.0,r.-71.2.0,r.-71.2.0,r.-71.2.0,r.-71.2.0,r.-71.2.0,r.-71.2.0,r.-71.2.0,r.-71.2.0,r.-71.2.0,r.-71.2.0,,,,,,r.-71.2.0,r.-71.2.0,,,,,,r.-71.2.0,r.-71.2.0,r.-71.2.0,,,r.-71.2.0,,,,,,,,,,,r.-71.2.0,r.-71.2.0,r.-71.2.0,r.-71.2.0,r.-71.2.0,,,,,,r.-71.2.0,r.-71.2.0,r.-71.2.0,r.-71.2.0,,,,r.-71.2.0,r.-71.2.0,,,,,,,,,,,,,,,,,,,,,,,,,,,,,,,,,,,,,,,,,,,,,,,,,,,,,,,,,,,,,,,,,,,,,,,,,,,,,,,,,,,,,,,,,,,,,,,
691,,,,,,,,,,,,,,,,,p.692,,,,,,,,,,,,,,,,,,,,,,,,,,,,,,,,,,,,,,,,,,,,,,,,,,,,,,,,,,,,,,,,,,,,,,,,,,,,,,,,,,,,,,,,,,,,,,,,,,,,,,,,,,,,,,,,,,,,,,,,,,,,,,,,,,,,,,,,,,,,
692,r.-71.4.0,r.-71.4.0,r.-71.4.0,r.-71.4.0,r.-71.4.0,r.-71.4.0,r.-71.4.0,r.-71.4.0,r.-71.4.0,r.-71.4.0,r.-71.4.0,r.-71.4.0,r.-71.4.0,r.-71.4.0,r.-71.4.0,,,,,,r.-71.4.0,r.-71.4.0,,,,,,r.-71.4.0,r.-71.4.0,r.-71.4.0,,,r.-71.4.0,,,,,,,,,,,r.-71.4.0,r.-71.4.0,r.-71.4.0,r.-71.4.0,r.-71.4.0,,,,,,r.-71.4.0,r.-71.4.0,r.-71.4.0,r.-71.4.0,,,,r.-71.4.0,r.-71.4.0,,,,,,,,,,,,,,,,,,,,,,,,,,,,,,,,,,,,,,,,,,,,,,,,,,,,,,,,,,,,,,,,,,,,,,,,,,,,,,,,,,,,,,,,,,,,,,,
693,p.98,p.99,p.100,,,,,,,,,,,,,p.207,,p.208,,,,,,,,,p.210,,,,p.211,p.263,,p.213,,,,,,,,,,,,p.108,,,,,,p.214,p.215,,,,,,,,,,,,,,,,,,,,,,,,,,,,,p.228,p.112,p.113,,,,p.229,p.230,,p.231,,,,p.232,p.233,,p.234,p.235,,,,,,,,,p.237,,,p.238,p.239,p.577,,,p.241,,p.242,,p.243,,,,,p.244,,,,p.245,p.246,p.247,,,,,p.248,p.249,p.250,,p.251,,,,p.253,,,,,,,,,,,,p.260,p.261
694,r.-71.2.0,r.-71.2.0,r.-71.2.0,r.-71.2.0,r.-71.2.0,r.-71.2.0,r.-71.2.0,r.-71.2.0,r.-71.2.0,r.-71.2.0,r.-71.2.0,r.-71.2.0,r.-71.2.0,r.-71.2.0,r.-71.2.0,,,,,,r.-71.2.0,r.-71.2.0,,,,,,r.-71.2.0,r.-71.2.0,r.-71.2.0,,,r.-71.2.0,,,,,,,,,,,r.-71.2.0,r.-71.2.0,r.-71.2.0,r.-71.2.0,r.-71.2.0,,,,,,r.-71.2.0,r.-71.2.0,r.-71.2.0,r.-71.2.0,,,,r.-71.2.0,r.-71.2.0,,,,,,,,,,,,,,,,,,,,,,,,,,,,,,,,,,,,,,,,,,,,,,,,,,,,,,,,,,,,,,,,,,,,,,,,,,,,,,,,,,,,,,,,,,,,,,,
695,r.-71.2.0,r.-71.2.0,r.-71.2.0,r.-71.2.0,r.-71.2.0,r.-71.2.0,r.-71.2.0,r.-71.2.0,r.-71.2.0,r.-71.2.0,r.-71.2.0,r.-71.2.0,r.-71.2.0,r.-71.2.0,r.-71.2.0,,,,,,r.-71.2.0,r.-71.2.0,,,,,,r.-71.2.0,r.-71.2.0,r.-71.2.0,,,r.-71.2.0,,,,,,,,,,,r.-71.2.0,r.-71.2.0,r.-71.2.0,r.-71.2.0,r.-71.2.0,,,,,,r.-71.2.0,r.-71.2.0,r.-71.2.0,r.-71.2.0,,,,r.-71.2.0,r.-71.2.0,,,,,,,,,,,,,,,,,,,,,,,,,,,,,,,,,,,,,,,,,,,,,,,,,,,,,,,,,,,,,,,,,,,,,,,,,,,,,,,,,,,,,,,,,,,,,,,
696,p.98,p.99,p.100,,,,,,,,,,,,,p.207,,p.208,,,,,,,,p.209,p.210,,,,p.211,p.212,,p.213,,,,,,,,,,,,p.108,,,,,,p.214,p.215,,,,,,,,,,,,,,,p.11,p.12,p.216,p.217,p.218,p.219,p.220,p.221,p.222,p.223,p.224,p.225,p.226,p.227,p.228,p.112,p.113,,,,p.229,p.230,,p.231,,,,p.232,p.233,,p.234,p.235,,,,,,,,p.236,p.237,,,p.238,p.239,p.698,,,p.241,,p.242,,p.243,,,,,p.244,,,,p.245,p.246,p.247,,,,,p.248,p.249,p.250,,p.251,p.252,,,p.253,,,,,p.254,p.255,p.699,p.257,,p.258,p.259,p.260,p.261
697,r.-71.2.0,r.-71.2.0,r.-71.2.0,r.-71.2.0,,,,,,,,,,,,,,,,r.-71.2.0,r.-71.2.0,,,,,,,r.-71.2.0,r.-71.2.0,r.-71.2.0,,,r.-71.2.0,,,,,,,,,,,r.-71.2.0,r.-71.2.0,r.-71.2.0,r.-71.2.0,r.-71.2.0,,,,,,r.-71.2.0,r.-71.2.0,r.-71.2.0,r.-71.2.0,,,,r.-71.2.0,r.-71.2.0,,,,,,,,,,,,,,,,,,,,,,,,,,,,,,,,,,,,,,,,,,,,,,,,,,,,,,,,,,,,,,,,,,,,,,,,,,,,,,,,,,,,,,,,,,,,,,,
698,,,,p.270,,,,,,,,,,,,,p.701,,,,,,,,,,,,,,,,,,,,,,,,,,,,,,,,,,,,,,,,,,,,,,,,,,,,,,,,,,,,,,,,,,,,,,,,,,,,,,,,,,,,,,,,,,,,,,,,,,,,,,,,,,,,,,,,,,,,,,,,,,,,,,,,,,,,,,,,,,,,
699,,,,,,,,,,,,,,,,,p.700,,,,,,,,,,,,,,,,,,,,,,,,,,,,,,,,,,,,,,,,,,,,,,,,,,,,,,,,,,,,,,,,,,,,,,,,,,,,,,,,,,,,,,,,,,,,,,,,,,,,,,,,,,,,,,,,,,,,,,,,,,,,,,,,,,,,,,,,,,,,
700,r.-71.4.0,r.-71.4.0,r.-71.4.0,r.-71.4.0,,,,,,,,,,,,,,,,r.-71.4.0,r.-71.4.0,,,,,,,r.-71.4.0,r.-71.4.0,r.-71.4.0,,,r.-71.4.0,,,,,,,,,,,r.-71.4.0,r.-71.4.0,r.-71.4.0,r.-71.4.0,r.-71.4.0,,,,,,r.-71.4.0,r.-71.4.0,r.-71.4.0,r.-71.4.0,,,,r.-71.4.0,r.-71.4.0,,,,,,,,,,,,,,,,,,,,,,,,,,,,,,,,,,,,,,,,,,,,,,,,,,,,,,,,,,,,,,,,,,,,,,,,,,,,,,,,,,,,,,,,,,,,,,,
701,r.-52.3.0,r.-52.3.0,r.-52.3.0,r.-52.3.0,,,,,,,,,,,,r.-52.3.0,,,,r.-52.3.0,r.-52.3.0,,,r.-52.3.0,,,,r.-52.3.0,r.-52.3.0,r.-52.3.0,,,r.-52.3.0,,,,,,,,,,,r.-52.3.0,r.-52.3.0,r.-52.3.0,r.-52.3.0,r.-52.3.0,,r.-52.3.0,r.-52.3.0,r.-52.3.0,r.-52.3.0,r.-52.3.0,r.-52.3.0,r.-52.3.0,r.-52.3.0,,,,r.-52.3.0,r.-52.3.0,,,,,,,,,,,,,,,,,,,,,,,,,,,,,,,,,,,,,,,,,,,,,,,,,,,,,,,,,,,,,,,,,,,,,,,,,,,,,,,,,,,,,,,,,,,,,,,
702,p.98,p.99,p.100,,,,,,,,,,,,,p.207,,p.208,,,,,,,,,p.210,,,,p.211,p.263,,p.213,,,,,,,,,,,,p.108,,,,,,p.214,p.215,,,,,,,,,,,,,,,,,,,,,,,,,,,,,p.228,p.112,p.113,,,,p.229,p.230,,p.231,,,,p.232,p.233,,p.234,p.235,,,,,,,,,p.237,,,p.238,p.239,p.698,,,p.241,,p.242,,p.243,,,,,p.244,,,,p.245,p.246,p.247,,,,,p.248,p.249,p.250,,p.251,,,,p.253,,,,,,,,,,,,p.260,p.261
703,r.-71.2.0,r.-71.2.0,r.-71.2.0,r.-71.2.0,,,,,,,,,,,,,,,,r.-71.2.0,r.-71.2.0,,,,,,,r.-71.2.0,r.-71.2.0,r.-71.2.0,,,r.-71.2.0,,,,,,,,,,,r.-71.2.0,r.-71.2.0,r.-71.2.0,r.-71.2.0,r.-71.2.0,,,,,,r.-71.2.0,r.-71.2.0,r.-71.2.0,r.-71.2.0,,,,r.-71.2.0,r.-71.2.0,,,,,,,,,,,,,,,,,,,,,,,,,,,,,,,,,,,,,,,,,,,,,,,,,,,,,,,,,,,,,,,,,,,,,,,,,,,,,,,,,,,,,,,,,,,,,,,
704,r.-71.2.0,r.-71.2.0,r.-71.2.0,r.-71.2.0,,,,,,,,,,,,,,,,r.-71.2.0,r.-71.2.0,,,,,,,r.-71.2.0,r.-71.2.0,r.-71.2.0,,,r.-71.2.0,,,,,,,,,,,r.-71.2.0,r.-71.2.0,r.-71.2.0,r.-71.2.0,r.-71.2.0,,,,,,r.-71.2.0,r.-71.2.0,r.-71.2.0,r.-71.2.0,,,,r.-71.2.0,r.-71.2.0,,,,,,,,,,,,,,,,,,,,,,,,,,,,,,,,,,,,,,,,,,,,,,,,,,,,,,,,,,,,,,,,,,,,,,,,,,,,,,,,,,,,,,,,,,,,,,,
705,,,,,,,,,,,,,,,,,p.706,,,,,,,,,,,,,,,,,,,,,,,,,,,,,,,,,,,,,,,,,,,,,,,,,,,,,,,,,,,,,,,,,,,,,,,,,,,,,,,,,,,,,,,,,,,,,,,,,,,,,,,,,,,,,,,,,,,,,,,,,,,,,,,,,,,,,,,,,,,,
706,p.98,p.99,p.100,,,,,,,,,,,,,p.450,,p.451,,,,,,,,,p.452,,,,p.453,p.454,,p.455,,,,,,,,,,,,p.108,,,,,,p.456,p.457,,,,,,,,,,,,,,,,,,,,,,,,,,,,,p.458,p.112,p.113,,,,,,,,,,,p.707,p.462,,,p.464,,,,,,,,,p.466,,,,,,,,p.469,,p.470,,,,,,,p.472,,,,,,,,,,,p.476,p.477,,,,,,,p.480,,,,,,,,,,,,p.481,p.482
707,r.-10.4.0,r.-10.4.0,r.-10.4.0,r.-10.4.0,,,,,,,,,,,,,,,,r.-10.4.0,r.-10.4.0,,,,,,,r.-10.4.0,r.-10.4.0,r.-10.4.0,,,r.-10.4.0,,,,,,,,,,,r.-10.4.0,r.-10.4.0,r.-10.4.0,r.-10.4.0,r.-10.4.0,,,,,,r.-10.4.0,r.-10.4.0,r.-10.4.0,r.-10.4.0,,,,r.-10.4.0,r.-10.4.0,,,,,,,,,,,,,,,,,,,,,,,,,,,,,,,,,,,,,,,,,,,,,,,,,,,,,,,,,,,,,,,,,,,,,,,,,,,,,,,,,,,,,,,,,,,,,,,
708,,,,,,,,,,,,,,,,,,,,,,,,,,,,,,,,p.445,,,,,,,,,,,,,,,,,,,,,,,,,,,,,,,,,,,,,,,,,,,,,,,,,,,,,,,,,,,,,,,,,,,,,,,,,,,,,p.710,,,,,,,,,p.448,,,,,,,,,,,,,,,,,,,,,,,,,,,,,,,,,,,,,,,
709,,,,r.-22.5.0,,,,,,,,,,,,r.-22.5.0,r.-22.5.0,,,,,,,r.-22.5.0,,r.-22.5.0,,,,,,r.-22.5.0,,,,,,,,,,,,,,r.-22.5.0,,,,,,,,,,,,,,,,,r.-22.5.0,r.-22.5.0,r.-22.5.0,r.-22.5.0,r.-22.5.0,r.-22.5.0,r.-22.5.0,r.-22.5.0,r.-22.5.0,r.-22.5.0,r.-22.5.0,r.-22.5.0,r.-22.5.0,r.-22.5.0,r.-22.5.0,r.-22.5.0,r.-22.5.0,r.-22.5.0,r.-22.5.0,,,,,,,,,,,,,,,,,,,,,,,,,,,,,,,,,,,,,,,,,,,,,,,,,,,,,,,,,,,,,,,,,,,,,,,,,,,,
710,,,,r.-25.3.0,,,,,,,,,,,,,,,,r.-25.3.0,,,,,,,,,,,,,,,,,,,,,,,,,,,,,,,,,,,,,,,,,,,,,,,,,,,,,,,,,,,,,,,,,,,,,,,,,,,,,,,,,,,,,,,,,,,,,,,,,,,,,,,,,,,,,,,,,,,,,,,,,,,,,,,,,,,,,,,,,
711,,,,p.708,,,,,,,,,,,,,,,,p.712,,,,,,,,,,,,,,,,,,,,,,,,,,,,,,,,,,,,,,,,,,,,,,,,,,,,,,,,,,,,,,,,,,,,,,,,,,,,,,,,,,,,,,,,,,,,,,,,,,,,,,,,,,,,,,,,,,,,,,,,,,,,,,,,,,,,,,,,,
712,,,,r.-22.4.0,,,,,,,,,,,,r.-22.4.0,r.-22.4.0,,,,,,,r.-22.4.0,,r.-22.4.0,,,,,,r.-22.4.0,,,,,,,,,,,,,,r.-22.4.0,,,,,,,,,,,,,,,,,r.-22.4.0,r.-22.4.0,r.-22.4.0,r.-22.4.0,r.-22.4.0,r.-22.4.0,r.-22.4.0,r.-22.4.0,r.-22.4.0,r.-22.4.0,r.-22.4.0,r.-22.4.0,r.-22.4.0,r.-22.4.0,r.-22.4.0,r.-22.4.0,r.-22.4.0,r.-22.4.0,r.-22.4.0,,,,,,,,,,,,,,,,,,,,,,,,,,,,,,,,,,,,,,,,,,,,,,,,,,,,,,,,,,,,,,,,,,,,,,,,,,,,
713,,,,,,,,,,,,,,,,r.-67.1.0,r.-67.1.0,,,,,,,r.-67.1.0,,,,,,,,,,,,,,,,,,,,,,r.-67.1.0,,,,,,,,,,,,,,,,,,,,,,,,r.-67.1.0,r.-67.1.0,,,,,,,,,,,,,,,,,,,,,,,,,,,,,,,,,,,,,,,,,,,,,,,,,,,,,,,,,,,,,,,,,,,,,,,,,,,,,,,,,,,,,,
714,,,,,,,,,,,,,,,,r.-67.1.0,r.-67.1.0,,,,,,,r.-67.1.0,,,,,,,,,,,,,,,,,,,,,,r.-67.1.0,,,,,,,,,,,,,,,,,,,,,,,,r.-67.1.0,r.-67.1.0,,,,,,,,,,,,,,,,,,,,,,,,,,,,,,,,,,,,,,,,,,,,,,,,,,,,,,,,,,,,,,,,,,,,,,,,,,,,,,,,,,,,,,
715,,,,,,,,,,,,,,,,r.-50.2.0,r.-50.2.0,,,,,,,r.-50.2.0,,,,,,,,,,,,,,,,,,,,,,,,,,,,,,,,,,,,,,,,,,,,,,,,,,,,,,,,,,,,,,,,,,,,,,,,,,,,,,,,,,,,,,,,,,,,,,,,,,,,,,,,,,,,,,,,,,,,,,,,,,,,,,,,,,,,,
716,,,,,,,,,,,,,,,,r.-68.1.0,r.-68.1.0,,,,,,,r.-68.1.0,,,,,,,,,,,,,,,,,,,,,,r.-68.1.0,,,,,,,,,,,,,,,,,,,,,,,,r.-68.1.0,r.-68.1.0,,,,,,,,,,,,,,,,,,,,,,,,,,,,,,,,,,,,,,,,,,,,,,,,,,,,,,,,,,,,,,,,,,,,,,,,,,,,,,,,,,,,,,
717,,,,,,,,,,,,,,,,r.-50.2.0,r.-50.2.0,,,,,,,r.-50.2.0,,,,,,,,,,,,,,,,,,,,,,p.302,,,,,,,,,,,,,,,,,,,,,,,,p.713,p.714,,,,,,,,,,,,,,,,,,,,,,,,,,,,,,,,,,,,,,,,,,,,,,,,,,,,,,,,,,,,,,,,p.718,,,,,,,,,,,,,,,,,p.719,,,,,
718,,,,,,,,,,,,,,,,r.-50.3.0,r.-50.3.0,,,,,,,r.-50.3.0,,,,,,,,,,,,,,,,,,,,,,,,,,,,,,,,,,,,,,,,,,,,,,,,,,,,,,,,,,,,,,,,,,,,,,,,,,,,,,,,,,,,,,,,,,,,,,,,,,,,,,,,,,,,,,,,,,,,,,,,,,,,,,,,,,,,,
719,,,,,,,,,,,,,,,,r.-68.2.0,r.-68.2.0,,,,,,,r.-68.2.0,,,,,,,,,,,,,,,,,,,,,,r.-68.2.0,,,,,,,,,,,,,,,,,,,,,,,,r.-68.2.0,r.-68.2.0,,,,,,,,,,,,,,,,,,,,,,,,,,,,,,,,,,,,,,,,,,,,,,,,,,,,,,,,,,,,,,,,,,,,,,,,,,,,,,,,,,,,,,
720,,,,,,,,,,,,,,,,r.-20.2.0,r.-20.2.0,,,,,,,r.-20.2.0,,,,,,,,,,,,,,,,,,,,,,,,,,,,,,,,,,,,,,,,,,,,,,,,,,,,,,,,,,,,,,,,,,,,,,,,,,,,,,,,,,,,,,,,,,,,,,,,,,,,,,,,,,,,,,,,,,,,,,,,,,,,,,,,,,,,,
721,,,,,,,,,,,,,,,,,,,,,,,,,p.722,,,,,,,,,,,,,,,,,,,,,,,,,,,,,,,,,,,,,,,,,,,,,,,,,,,,,,,,,,,,,,,,,,,,,,,,,,,,,,,,,,,,,,,,,,,,,,,,,,,,,,,,,,,,,,,,,,,,,,,,,,,,,,,,,,,,
722,,,,,,,,,,,,,,,,r.-20.3.0,r.-20.3.0,,,,,,,r.-20.3.0,,,,,,,,,,,,,,,,,,,,,,,,,,,,,,,,,,,,,,,,,,,,,,,,,,,,,,,,,,,,,,,,,,,,,,,,,,,,,,,,,,,,,,,,,,,,,,,,,,,,,,,,,,,,,,,,,,,,,,,,,,,,,,,,,,,,,
723,p.98,p.99,p.100,,,,,,,,,,,,,p.725,,p.726,,,,,,,,,p.727,,,,p.728,p.729,,p.730,,,,,,,,,,,,p.108,,,,,,p.731,p.732,,,,,,,,,,,,,,,,,,,,,,,,,,,,,p.733,p.112,p.113,,,,p.783,,,,,,,p.232,p.735,,,p.736,,,,,,,,,p.737,,,,,,,,p.738,,p.739,,,,,,,p.740,,,,,,p.247,,,,,p.741,p.742,,,,,,,p.743,,,,,,,,,,,,p.744,p.745
724,p.98,p.99,p.100,,,,,,,,,,,,,p.725,,p.726,,,,,,,,,p.727,,,,p.728,p.729,,p.730,,,,,,,,,,,,p.108,,,,,,p.731,p.732,,,,,,,,,,,,,,,,,,,,,,,,,,,,,p.733,p.112,p.113,,,,p.734,,,,,,,p.232,p.735,,,p.736,,,,,,,,,p.737,,,,,,,,p.738,,p.739,,,,,,,p.740,,,,,,p.247,,,,,p.741,p.742,,,,,,,p.743,,,,,,,,,,,,p.744,p.745
725,p.98,p.99,p.100,,,,,,,,,,,,,p.207,,p.208,,,,,,,,p.209,p.210,,,,p.211,p.212,,p.213,,,,,,,,,,,,p.108,,,,,,p.214,p.215,,,,,,,,,,,,,,,p.11,p.12,p.216,p.217,p.218,p.219,p.220,p.221,p.222,p.223,p.224,p.225,p.226,p.227,p.228,p.112,p.113,,,,p.229,p.230,,p.231,,,,p.232,p.233,,p.234,p.235,,,,,,,,p.236,p.237,,,p.238,p.239,p.773,,,p.241,,p.242,,p.243,,,,,p.244,,,,p.245,p.246,p.247,,,,,p.248,p.249,p.250,,p.251,p.252,,,p.253,,,,,p.254,p.255,p.780,p.257,,p.258,p.259,p.260,p.261
726,r.-59.1.0/r.-11.1.0,r.-11.1.0/r.-59.1.0,r.-59.1.0/r.-11.1.0,r.-59.1.0/r.-11.1.0,,,,,,,,,,,,r.-11.1.0/r.-59.1.0,r.-59.1.0/r.-11.1.0,r.-59.1.0,,,r.-59.1.0/r.-11.1.0,,,r.-59.1.0/r.-11.1.0,,,,r.-59.1.0/r.-11.1.0,r.-59.1.0/r.-11.1.0,r.-59.1.0/r.-11.1.0,,,r.-11.1.0/r.-59.1.0,,,,,,,,,,,r.-59.1.0/r.-11.1.0,r.-59.1.0/r.-11.1.0,r.-59.1.0/r.-11.1.0,r.-59.1.0/r.-11.1.0,r.-11.1.0/r.-59.1.0,,r.-59.1.0/r.-11.1.0,r.-59.1.0/r.-11.1.0,r.-59.1.0/r.-11.1.0,r.-59.1.0/r.-11.1.0,r.-59.1.0/r.-11.1.0,r.-59.1.0/r.-11.1.0,r.-11.1.0/r.-59.1.0,r.-59.1.0/r.-11.1.0,,,,r.-59.1.0/r.-11.1.0,r.-59.1.0/r.-11.1.0,,,,,,,,,,,,,,,,,,,,,,,,,,,,,,,,,,,,,,,,,,,,,,,,,,,,,,,,,,,,,,,,,,,,,,,,,,,,,,,,,,,,,,,,,,,,,,,
727,r.-23.1.0,r.-23.1.0,r.-23.1.0,r.-23.1.0,,,,,,,,,,,,r.-23.1.0,r.-23.1.0,,,,r.-23.1.0,,,r.-23.1.0,,,,r.-23.1.0,r.-23.1.0,r.-23.1.0,,,r.-23.1.0,,,,,,,,,,,r.-23.1.0,r.-23.1.0,r.-23.1.0,r.-23.1.0,r.-23.1.0,,r.-23.1.0,r.-23.1.0,r.-23.1.0,r.-23.1.0,r.-23.1.0,r.-23.1.0,r.-23.1.0,r.-23.1.0,,,,r.-23.1.0,r.-23.1.0,,,,,,,,,,,,,,,,,,,,,,,,,,,,,,,,,,,,,,,,,,,,,,,,,,,,,,,,,,,,,,,,,,,,,,,,,,,,,,,,,,,,,,,,,,,,,,,
728,r.-31.1.0,r.-31.1.0,r.-31.1.0,r.-31.1.0,,,,,,,,,,,,r.-31.1.0,r.-31.1.0,,,,r.-31.1.0,,,r.-31.1.0,,,,r.-31.1.0,r.-31.1.0,r.-31.1.0,,,r.-31.1.0,,,,,,,,,,,r.-31.1.0,r.-31.1.0,r.-31.1.0,r.-31.1.0,r.-31.1.0,,r.-31.1.0,r.-31.1.0,r.-31.1.0,r.-31.1.0,r.-31.1.0,r.-31.1.0,r.-31.1.0,r.-31.1.0,,,,r.-31.1.0,r.-31.1.0,,,,,,,,,,,,,,,,,,,,,,,,,,,,,,,,,,,,,,,,,,,,,,,,,,,,,,,,,,,,,,,,,,,,,,,,,,,,,,,,,,,,,,,,,,,,,,,
729,r.-33.1.0,r.-33.1.0,r.-33.1.0,r.-33.1.0,,,,,,,,,,,,r.-33.1.0,r.-33.1.0,,,,r.-33.1.0,,,r.-33.1.0,,,,r.-33.1.0,r.-33.1.0,r.-33.1.0,,,r.-33.1.0,,,,,,,,,,,r.-33.1.0,r.-33.1.0,r.-33.1.0,r.-33.1.0,r.-33.1.0,,r.-33.1.0,r.-33.1.0,r.-33.1.0,r.-33.1.0,r.-33.1.0,r.-33.1.0,r.-33.1.0,r.-33.1.0,,,,r.-33.1.0,r.-33.1.0,,,,,,,,,,,,,,,,,,,,,,,,,,,,,,,,,,,,,,,,,,,,,,,,,,,,,,,,,,,,,,,,,,,,,,,,,,,,,,,,,,,,,,,,,,,,,,,
730,r.-40.1.0,r.-40.1.0,r.-40.1.0,r.-40.1.0,,,,,,,,,,,,r.-40.1.0,r.-40.1.0,,,,r.-40.1.0,,,r.-40.1.0,,,,r.-40.1.0,r.-40.1.0,r.-40.1.0,,,r.-40.1.0,,,,,,,,,,,r.-40.1.0,r.-40.1.0,r.-40.1.0,r.-40.1.0,r.-40.1.0,,r.-40.1.0,r.-40.1.0,r.-40.1.0,r.-40.1.0,r.-40.1.0,r.-40.1.0,r.-40.1.0,r.-40.1.0,,,,r.-40.1.0,r.-40.1.0,,,,,,,,,,,,,,,,,,,,,,,,,,,,,,,,,,,,,,,,,,,,,,,,,,,,,,,,,,,,,,,,,,,,,,,,,,,,,,,,,,,,,,,,,,,,,,,
731,p.98,p.99,p.100,,,,,,,,,,,,,p.777,,p.726,,,,,,,,,p.727,,,,p.728,p.729,,p.730,,,,,,,,,,,,p.108,,,,,,p.731,p.732,,,,,,,,,,,,,,,,,,,,,,,,,,,,,p.733,p.112,p.113,,,,,,,,,,,,p.735,,,p.736,,,,,,,,,p.737,,,,,,,,p.738,,p.739,,,,,,,p.740,,,,,,,,,,,p.741,p.742,,,,,,,p.743,,,,,,,,,,,,p.779,p.745
732,p.98,p.99,p.100,,,,,,,,,,,,,p.777,,p.726,,,,,,,,,p.727,,,,p.728,p.729,,p.730,,,,,,,,,,,,p.108,,,,,,p.731,p.732,,,,,,,,,,,,,,,,,,,,,,,,,,,,,p.733,p.112,p.113,,,,,,,,,,,,p.735,,,p.736,,,,,,,,,p.737,,,,,,,,p.738,,p.739,,,,,,,p.740,,,,,,,,,,,p.741,p.742,,,,,,,p.743,,,,,,,,,,,,p.778,p.745
733,p.98,p.99,p.100,,,,,,,,,,,,,p.771,,p.726,,,,,,,,,p.727,,,,p.728,p.729,,p.730,,,,,,,,,,,,p.108,,,,,,p.731,p.732,,,,,,,,,,,,,,,,,,,,,,,,,,,,,p.733,p.112,p.113,,,,,,,,,,,,p.735,,,p.736,,,,,,,,,p.737,,,,,,,,p.738,,p.739,,,,,,,p.740,,,,,,,,,,,p.741,p.742,,,,,,,p.743,,,,,,,,,,,,p.772,p.745
734,p.761,p.762,r.-55.3.0,r.-55.3.0,,,,,,,,,,,,,r.-55.3.0,,,,r.-55.3.0,,,,,,,r.-55.3.0,r.-55.3.0,r.-55.3.0,,,r.-55.3.0,,,,,,,,,,,r.-55.3.0,r.-55.3.0,,,,,,,,,r.-55.3.0,r.-55.3.0,r.-55.3.0,r.-55.3.0,,,,r.-55.3.0,r.-55.3.0,,,,,,,,,,,,,,,,,,,,,,,,,,,,,,,,,,,,,,,,,,,,,,,,,,,,,,,,,,,,,,,,,,,,,,,,,,,,,,,,,,,,,,,,,,,,,,,
735,r.-14.1.0,r.-14.1.0,r.-14.1.0,r.-14.1.0,,,,,,,,,,,,r.-14.1.0,r.-14.1.0,,,,r.-14.1.0,,,r.-14.1.0,,,,r.-14.1.0,r.-14.1.0,r.-14.1.0,,,r.-14.1.0,,,,,,,,,,,r.-14.1.0,r.-14.1.0,r.-14.1.0,r.-14.1.0,r.-14.1.0,,r.-14.1.0,r.-14.1.0,r.-14.1.0,r.-14.1.0,r.-14.1.0,r.-14.1.0,r.-14.1.0,r.-14.1.0,,,,r.-14.1.0,r.-14.1.0,,,,,,,,,,,,,,,,,,,,,,,,,,,,,,,,,,,,,,,,,,,,,,,,,,,,,,,,,,,,,,,,,,,,,,,,,,,,,,,,,,,,,,,,,,,,,,,
736,r.-52.1.0,r.-52.1.0,r.-52.1.0,r.-52.1.0,,,,,,,,,,,,r.-52.1.0,r.-52.1.0,,,,r.-52.1.0,,,r.-52.1.0,,,,r.-52.1.0,r.-52.1.0,r.-52.1.0,,,r.-52.1.0,,,,,,,,,,,r.-52.1.0,r.-52.1.0,r.-52.1.0,r.-52.1.0,r.-52.1.0,,r.-52.1.0,r.-52.1.0,r.-52.1.0,r.-52.1.0,r.-52.1.0,r.-52.1.0,r.-52.1.0,r.-52.1.0,,,,r.-52.1.0,r.-52.1.0,,,,,,,,,,,,,,,,,,,,,,,,,,,,,,,,,,,,,,,,,,,,,,,,,,,,,,,,,,,,,,,,,,,,,,,,,,,,,,,,,,,,,,,,,,,,,,,
737,r.-14.1.0,r.-14.1.0,r.-14.1.0,r.-14.1.0,,,,,,,,,,,,r.-14.1.0,r.-14.1.0,,,,r.-14.1.0,,,r.-14.1.0,,,,r.-14.1.0,r.-14.1.0,r.-14.1.0,,,r.-14.1.0,,,,,,,,,,,r.-14.1.0,r.-14.1.0,r.-14.1.0,r.-14.1.0,r.-14.1.0,,r.-14.1.0,r.-14.1.0,r.-14.1.0,r.-14.1.0,r.-14.1.0,r.-14.1.0,r.-14.1.0,r.-14.1.0,,,,r.-14.1.0,r.-14.1.0,,,,,,,,,,,,,,,,,,,,,,,,,,,,,,,,,,,,,,,,,,,,,,,,,,,,,,,,,,,,,,,,,,,,,,,,,,,,,,,,,,,,,,,,,,,,,,,
738,r.-14.1.0,r.-14.1.0,r.-14.1.0,r.-14.1.0,,,,,,,,,,,,r.-14.1.0,r.-14.1.0,,,,r.-14.1.0,,,r.-14.1.0,,,,r.-14.1.0,r.-14.1.0,r.-14.1.0,,,r.-14.1.0,,,,,,,,,,,r.-14.1.0,r.-14.1.0,r.-14.1.0,r.-14.1.0,r.-14.1.0,,r.-14.1.0,r.-14.1.0,r.-14.1.0,r.-14.1.0,r.-14.1.0,r.-14.1.0,r.-14.1.0,r.-14.1.0,,,,r.-14.1.0,r.-14.1.0,,,,,,,,,,,,,,,,,,,,,,,,,,,,,,,,,,,,,,,,,,,,,,,,,,,,,,,,,,,,,,,,,,,,,,,,,,,,,,,,,,,,,,,,,,,,,,,
739,r.-52.1.0,r.-52.1.0,r.-52.1.0,r.-52.1.0,,,,,,,,,,,,r.-52.1.0,r.-52.1.0,,,,r.-52.1.0,,,r.-52.1.0,,,,r.-52.1.0,r.-52.1.0,r.-52.1.0,,,r.-52.1.0,,,,,,,,,,,r.-52.1.0,r.-52.1.0,r.-52.1.0,r.-52.1.0,r.-52.1.0,,r.-52.1.0,r.-52.1.0,r.-52.1.0,r.-52.1.0,r.-52.1.0,r.-52.1.0,r.-52.1.0,r.-52.1.0,,,,r.-52.1.0,r.-52.1.0,,,,,,,,,,,,,,,,,,,,,,,,,,,,,,,,,,,,,,,,,,,,,,,,,,,,,,,,,,,,,,,,,,,,,,,,,,,,,,,,,,,,,,,,,,,,,,,
740,r.-14.1.0,r.-14.1.0,r.-14.1.0,r.-14.1.0,,,,,,,,,,,,r.-14.1.0,r.-14.1.0,,,,r.-14.1.0,,,r.-14.1.0,,,,r.-14.1.0,r.-14.1.0,r.-14.1.0,,,r.-14.1.0,,,,,,,,,,,r.-14.1.0,r.-14.1.0,r.-14.1.0,r.-14.1.0,r.-14.1.0,,r.-14.1.0,r.-14.1.0,r.-14.1.0,r.-14.1.0,r.-14.1.0,r.-14.1.0,r.-14.1.0,r.-14.1.0,,,,r.-14.1.0,r.-14.1.0,,,,,,,,,,,,,,,,,,,,,,,,,,,,,,,,,,,,,,,,,,,,,,,,,,,,,,,,,,,,,,,,,,,,,,,,,,,,,,,,,,,,,,,,,,,,,,,
741,r.-71.1.0,r.-71.1.0,r.-71.1.0,r.-71.1.0,,,,,,,,,,,,p.748,r.-71.1.0,,,,r.-71.1.0,,,p.749,,,,r.-71.1.0,r.-71.1.0,r.-71.1.0,,,r.-71.1.0,,,,,,,,,,,r.-71.1.0,r.-71.1.0,r.-71.1.0,r.-71.1.0,r.-71.1.0,,p.750,p.751,p.752,p.753,r.-71.1.0,r.-71.1.0,r.-71.1.0,r.-71.1.0,,,,r.-71.1.0,r.-71.1.0,,,,,,,,,,,,,,,,,,,,,,,,,,,,,,,,,,,,,,,,,,,,,,,,,,,,,,,,,,,,,,,,,,,,,,,,,,,,,,,,,,,,,,,,,,,,,,,
742,r.-51.1.0,r.-51.1.0,r.-51.1.0,r.-51.1.0,,,,,,,,,,,,r.-51.1.0,r.-51.1.0,,,,r.-51.1.0,,,r.-51.1.0,,,,r.-51.1.0,r.-51.1.0,r.-51.1.0,,,r.-51.1.0,,,,,,,,,,,r.-51.1.0,r.-51.1.0,r.-51.1.0,r.-51.1.0,r.-51.1.0,,r.-51.1.0,r.-51.1.0,r.-51.1.0,r.-51.1.0,r.-51.1.0,r.-51.1.0,r.-51.1.0,r.-51.1.0,,,,r.-51.1.0,r.-51.1.0,,,,,,,,,,,,,,,,,,,,,,,,,,,,,,,,,,,,,,,,,,,,,,,,,,,,,,,,,,,,,,,,,,,,,,,,,,,,,,,,,,,,,,,,,,,,,,,
743,r.-52.1.0,r.-52.1.0,r.-52.1.0,r.-52.1.0,,,,,,,,,,,,r.-52.1.0,r.-52.1.0,p.747,,,r.-52.1.0,,,r.-52.1.0,,,,r.-52.1.0,r.-52.1.0,r.-52.1.0,,,r.-52.1.0,,,,,,,,,,,r.-52.1.0,r.-52.1.0,r.-52.1.0,r.-52.1.0,r.-52.1.0,,r.-52.1.0,r.-52.1.0,r.-52.1.0,r.-52.1.0,r.-52.1.0,r.-52.1.0,r.-52.1.0,r.-52.1.0,,,,r.-52.1.0,r.-52.1.0,,,,,,,,,,,,,,,,,,,,,,,,,,,,,,,,,,,,,,,,,,,,,,,,,,,,,,,,,,,,,,,,,,,,,,,,,,,,,,,,,,,,,,,,,,,,,,,
744,r.-10.1.0,r.-10.1.0,r.-10.1.0,r.-10.1.0,,,,,,,,,,,,,r.-10.1.0,,,,r.-10.1.0,,,,,,,r.-10.1.0,r.-10.1.0,r.-10.1.0,,,r.-10.1.0,,,,,,,,,,,r.-10.1.0,r.-10.1.0,r.-10.1.0,r.-10.1.0,r.-10.1.0,,,,,,r.-10.1.0,r.-10.1.0,r.-10.1.0,r.-10.1.0,,,,r.-10.1.0,r.-10.1.0,,,,,,,,,,,,,,,,,,,,,,,,,,,,,,,,,,,,,,,,,,,,,,,,,,,,,,,,,,,,,,,,,,,,,,,,,,,,,,,,,,,,,,,,,,,,,,,
745,p.98,p.99,p.100,,,,,,,,,,,,,p.725,,p.726,,,,,,,,,p.727,,,,p.728,p.729,,p.730,,,,,,,,,,,,p.108,,,,,,p.731,p.732,,,,,,,,,,,,,,,,,,,,,,,,,,,,,p.733,p.112,p.113,,,,,,,,,,,p.746,p.735,,,p.736,,,,,,,,,p.737,,,,,,,,p.738,,p.739,,,,,,,p.740,,,,,,,,,,,p.741,p.742,,,,,,,p.743,,,,,,,,,,,,p.744,p.745
746,r.-71.2.0,r.-71.2.0,r.-71.2.0,r.-71.2.0,,,,,,,,,,,,,r.-71.2.0,,,,r.-71.2.0,,,,,,,r.-71.2.0,r.-71.2.0,r.-71.2.0,,,r.-71.2.0,,,,,,,,,,,r.-71.2.0,r.-71.2.0,r.-71.2.0,r.-71.2.0,r.-71.2.0,,,,,,r.-71.2.0,r.-71.2.0,r.-71.2.0,r.-71.2.0,,,,r.-71.2.0,r.-71.2.0,,,,,,,,,,,,,,,,,,,,,,,,,,,,,,,,,,,,,,,,,,,,,,,,,,,,,,,,,,,,,,,,,,,,,,,,,,,,,,,,,,,,,,,,,,,,,,,
747,r.-59.2.0,r.-59.2.0,r.-59.2.0,r.-59.2.0,,,,,,,,,,,,r.-59.2.0,r.-59.2.0,r.-59.2.0,,,r.-59.2.0,,,r.-59.2.0,,,,r.-59.2.0,r.-59.2.0,r.-59.2.0,,,r.-59.2.0,,,,,,,,,,,r.-59.2.0,r.-59.2.0,r.-59.2.0,r.-59.2.0,r.-59.2.0,,r.-59.2.0,r.-59.2.0,r.-59.2.0,r.-59.2.0,r.-59.2.0,r.-59.2.0,r.-59.2.0,r.-59.2.0,,,,r.-59.2.0,r.-59.2.0,,,,,,,,,,,,,,,,,,,,,,,,,,,,,,,,,,,,,,,,,,,,,,,,,,,,,,,,,,,,,,,,,,,,,,,,,,,,,,,,,,,,,,,,,,,,,,,
748,p.98,p.99,p.100,,,,,,,,,,,,,p.207,p.758,p.208,,,,,,,,,p.210,,,,p.211,p.263,,p.213,,,,,,,,,,,,p.108,,,,,,p.214,p.215,,,,,,,,,,,,,,,,,,,,,,,,,,,,,p.228,p.112,p.113,,,,p.229,p.230,p.759,p.521,,,,p.232,p.233,,p.234,p.235,,,,,,,,,p.237,,,p.238,p.239,,,,p.241,,p.242,,p.243,,,,,p.244,,,,p.245,p.246,p.247,,,,,p.248,p.249,p.250,,p.251,,,,p.253,,,,,,,,,,,,p.260,p.261
749,p.98,p.99,p.100,,,,,,,,,,,,,p.170,,p.171,,,,,,,,,p.172,,,,p.173,p.174,,p.175,,,,,,,,,,,,p.108,,,,,,p.176,p.177,,,,,,,,,,,,,,,,,,,,,,,,,,,,,p.178,p.112,p.113,,,,p.179,p.180,,p.181,,,,p.182,p.183,,p.184,p.185,,,,,,,,,p.186,,,p.187,p.188,p.756,,,p.190,,p.191,,p.192,,,,,p.193,,,,p.194,p.195,p.196,,,,,p.197,p.198,p.199,,p.200,,,,p.201,,,,,,,,,,,,p.202,p.203
750,,,,,,,,,,,,,,,,,,,,,,,,,,,,,,,,p.729,,,,,,,,,,,,,,,,,,,,,,,,,,,,,,,,,,,,,,,,,,,,,,,,,,,,,,,,,,,,,,,,,,,,,,,,,,,,,,,,,,,,,,p.755,,,,,,,,,,,,,,,,,,,,,,,,,,,,,,,,,,,,,,,
751,,,,,,,,,,,,,,,,,,,,,,,,,,,,,,,,p.729,,,,,,,,,,,,,,,,,,,,,,,,,,,,,,,,,,,,,,,,,,,,,,,,,,,,,,,,,,,,,,,,,,,,,,,,,,,,,,,,,,,,,,p.754,,,,,,,,,,,,,,,,,,,,,,,,,,,,,,,,,,,,,,,
752,r.-51.2.0,r.-51.2.0,r.-51.2.0,r.-51.2.0,,,,,,,,,,,,r.-51.2.0,r.-51.2.0,,,,r.-51.2.0,,,r.-51.2.0,,,,r.-51.2.0,r.-51.2.0,r.-51.2.0,,,r.-51.2.0,,,,,,,,,,,r.-51.2.0,r.-51.2.0,r.-51.2.0,r.-51.2.0,r.-51.2.0,,r.-51.2.0,r.-51.2.0,r.-51.2.0,r.-51.2.0,r.-51.2.0,r.-51.2.0,r.-51.2.0,r.-51.2.0,,,,r.-51.2.0,r.-51.2.0,,,,,,,,,,,,,,,,,,,,,,,,,,,,,,,,,,,,,,,,,,,,,,,,,,,,,,,,,,,,,,,,,,,,,,,,,,,,,,,,,,,,,,,,,,,,,,,
753,r.-51.2.0,r.-51.2.0,r.-51.2.0,r.-51.2.0,,,,,,,,,,,,r.-51.2.0,r.-51.2.0,,,,r.-51.2.0,,,r.-51.2.0,,,,r.-51.2.0,r.-51.2.0,r.-51.2.0,,,r.-51.2.0,,,,,,,,,,,r.-51.2.0,r.-51.2.0,r.-51.2.0,r.-51.2.0,r.-51.2.0,,r.-51.2.0,r.-51.2.0,r.-51.2.0,r.-51.2.0,r.-51.2.0,r.-51.2.0,r.-51.2.0,r.-51.2.0,,,,r.-51.2.0,r.-51.2.0,,,,,,,,,,,,,,,,,,,,,,,,,,,,,,,,,,,,,,,,,,,,,,,,,,,,,,,,,,,,,,,,,,,,,,,,,,,,,,,,,,,,,,,,,,,,,,,
754,r.-51.3.0,r.-51.3.0,r.-51.3.0,r.-51.3.0,,,,,,,,,,,,r.-51.3.0,r.-51.3.0,,,,r.-51.3.0,,,r.-51.3.0,,,,r.-51.3.0,r.-51.3.0,r.-51.3.0,,,r.-51.3.0,,,,,,,,,,,r.-51.3.0,r.-51.3.0,r.-51.3.0,r.-51.3.0,r.-51.3.0,,r.-51.3.0,r.-51.3.0,r.-51.3.0,r.-51.3.0,r.-51.3.0,r.-51.3.0,r.-51.3.0,r.-51.3.0,,,,r.-51.3.0,r.-51.3.0,,,,,,,,,,,,,,,,,,,,,,,,,,,,,,,,,,,,,,,,,,,,,,,,,,,,,,,,,,,,,,,,,,,,,,,,,,,,,,,,,,,,,,,,,,,,,,,
755,r.-51.3.0,r.-51.3.0,r.-51.3.0,r.-51.3.0,,,,,,,,,,,,r.-51.3.0,r.-51.3.0,,,,r.-51.3.0,,,r.-51.3.0,,,,r.-51.3.0,r.-51.3.0,r.-51.3.0,,,r.-51.3.0,,,,,,,,,,,r.-51.3.0,r.-51.3.0,r.-51.3.0,r.-51.3.0,r.-51.3.0,,r.-51.3.0,r.-51.3.0,r.-51.3.0,r.-51.3.0,r.-51.3.0,r.-51.3.0,r.-51.3.0,r.-51.3.0,,,,r.-51.3.0,r.-51.3.0,,,,,,,,,,,,,,,,,,,,,,,,,,,,,,,,,,,,,,,,,,,,,,,,,,,,,,,,,,,,,,,,,,,,,,,,,,,,,,,,,,,,,,,,,,,,,,,
756,,,,p.516,,,,,,,,,,,,,,,,,,,,,p.757,,,,,,,,,,,,,,,,,,,,,,,,,,,,,,,,,,,,,,,,,,,,,,,,,,,,,,,,,,,,,,,,,,,,,,,,,,,,,,,,,,,,,,,,,,,,,,,,,,,,,,,,,,,,,,,,,,,,,,,,,,,,,,,,,,,,
757,r.-51.4.0,r.-51.4.0,r.-51.4.0,r.-51.4.0,,,,,,,,,,,,r.-51.4.0,r.-51.4.0,,,,r.-51.4.0,,,r.-51.4.0,,,,r.-51.4.0,r.-51.4.0,r.-51.4.0,,,r.-51.4.0,,,,,,,,,,,r.-51.4.0,r.-51.4.0,r.-51.4.0,r.-51.4.0,r.-51.4.0,,r.-51.4.0,r.-51.4.0,r.-51.4.0,r.-51.4.0,r.-51.4.0,r.-51.4.0,r.-51.4.0,r.-51.4.0,,,,r.-51.4.0,r.-51.4.0,,,,,,,,,,,,,,,,,,,,,,,,,,,,,,,,,,,,,,,,,,,,,,,,,,,,,,,,,,,,,,,,,,,,,,,,,,,,,,,,,,,,,,,,,,,,,,,
758,r.-51.3.0,r.-51.3.0,r.-51.3.0,r.-51.3.0,,,,,,,,,,,,r.-51.3.0,r.-51.3.0,,,,r.-51.3.0,,,r.-51.3.0,,,,r.-51.3.0,r.-51.3.0,r.-51.3.0,,,r.-51.3.0,,,,,,,,,,,r.-51.3.0,r.-51.3.0,r.-51.3.0,r.-51.3.0,r.-51.3.0,,r.-51.3.0,r.-51.3.0,r.-51.3.0,r.-51.3.0,r.-51.3.0,r.-51.3.0,r.-51.3.0,r.-51.3.0,,,,r.-51.3.0,r.-51.3.0,,,,,,,,,,,,,,,,,,,,,,,,,,,,,,,,,,,,,,,,,,,,,,,,,,,,,,,,,,,,,,,,,,,,,,,,,,,,,,,,,,,,,,,,,,,,,,,
759,,,,p.522,,,,,,,,,,,,,p.760,,,,,,,,,,,,,,,,,,,,,,,,,,,,,,,,,,,,,,,,,,,,,,,,,,,,,,,,,,,,,,,,,,,,,,,,,,,,,,,,,,,,,,,,,,,,,,,,,,,,,,,,,,,,,,,,,,,,,,,,,,,,,,,,,,,,,,,,,,,,
760,r.-51.4.0,r.-51.4.0,r.-51.4.0,r.-51.4.0,,,,,,,,,,,,r.-51.4.0,r.-51.4.0,,,,r.-51.4.0,,,r.-51.4.0,,,,r.-51.4.0,r.-51.4.0,r.-51.4.0,,,r.-51.4.0,,,,,,,,,,,r.-51.4.0,r.-51.4.0,r.-51.4.0,r.-51.4.0,r.-51.4.0,,r.-51.4.0,r.-51.4.0,r.-51.4.0,r.-51.4.0,r.-51.4.0,r.-51.4.0,r.-51.4.0,r.-51.4.0,,,,r.-51.4.0,r.-51.4.0,,,,,,,,,,,,,,,,,,,,,,,,,,,,,,,,,,,,,,,,,,,,,,,,,,,,,,,,,,,,,,,,,,,,,,,,,,,,,,,,,,,,,,,,,,,,,,,
761,p.98,p.99,p.100,,,,,,,,,,,,,p.725,,p.726,,,,,,,,,p.727,,,,p.728,p.729,,p.730,,,,,,,,,,,,p.108,,,,,,p.731,p.732,,,,,,,,,,,,,,,,,,,,,,,,,,,,,p.733,p.112,p.113,,,,,,,,,,,p.232,p.735,,,p.736,,,,,,,,,p.737,,,,,,,,p.738,,p.739,,,,,,,p.740,,,,,,p.770,,,,,p.741,p.742,,,,,,,p.743,,,,,,,,,,,,p.744,p.745
762,p.98,p.99,p.100,,,,,,,,,,,,,p.725,,p.726,,,,,,,,,p.727,,,,p.728,p.729,,p.730,,,,,,,,,,,,p.108,,,,,,p.731,p.732,,,,,,,,,,,,,,,,,,,,,,,,,,,,,p.733,p.112,p.113,,,,,,,,,,,p.232,p.735,,,p.736,,,,,,,,,p.737,,,,,,,,p.738,,p.739,,,,,,,p.740,,,,,,p.763,,,,,p.741,p.742,,,,,,,p.743,,,,,,,,,,,,p.744,p.745
763,r.-3.3.0,r.-3.3.0,r.-3.3.0,r.-3.3.0,,,,,,,,,,,,,r.-3.3.0,,,,r.-3.3.0,,,,,,,r.-3.3.0,r.-3.3.0,r.-3.3.0,,,r.-3.3.0,,,,,,,,,,,r.-3.3.0,r.-3.3.0,p.764,p.765,p.766,,,,,,r.-3.3.0,r.-3.3.0,r.-3.3.0,r.-3.3.0,,,,r.-3.3.0,r.-3.3.0,,,,,,,,,,,,,,,,,,,,,,,,,,,,,,,,,,,,,,,,,,,,,,,,,,,,,,,,,,,,,,,,,,,,,,,,,,,,,,,,,,,,,,,,,,,,,,,
764,p.98,p.99,p.100,,,,,,,,,,,,,p.725,,p.726,,,,,,,,,p.727,,,,p.728,p.729,,p.730,,,,,,,,,,,,p.108,,,,,,p.731,p.732,,,,,,,,,,,,,,,,,,,,,,,,,,,,,p.733,p.112,p.113,,,,,,,,,,,p.769,p.735,,,p.736,,,,,,,,,p.737,,,,,,,,p.738,,p.739,,,,,,,p.740,,,,,,,,,,,p.741,p.742,,,,,,,p.743,,,,,,,,,,,,p.744,p.745
765,p.98,p.99,p.100,,,,,,,,,,,,,p.725,,p.726,,,,,,,,,p.727,,,,p.728,p.729,,p.730,,,,,,,,,,,,p.108,,,,,,p.731,p.732,,,,,,,,,,,,,,,,,,,,,,,,,,,,,p.733,p.112,p.113,,,,,,,,,,,p.768,p.735,,,p.736,,,,,,,,,p.737,,,,,,,,p.738,,p.739,,,,,,,p.740,,,,,,,,,,,p.741,p.742,,,,,,,p.743,,,,,,,,,,,,p.744,p.745
766,p.98,p.99,p.100,,,,,,,,,,,,,p.725,,p.726,,,,,,,,,p.727,,,,p.728,p.729,,p.730,,,,,,,,,,,,p.108,,,,,,p.731,p.732,,,,,,,,,,,,,,,,,,,,,,,,,,,,,p.733,p.112,p.113,,,,,,,,,,,p.767,p.735,,,p.736,,,,,,,,,p.737,,,,,,,,p.738,,p.739,,,,,,,p.740,,,,,,,,,,,p.741,p.742,,,,,,,p.743,,,,,,,,,,,,p.744,p.745
767,r.-46.3.0,r.-46.3.0,r.-46.3.0,r.-46.3.0,,,,,,,,,,,,,r.-46.3.0,,,,r.-46.3.0,,,,,,,r.-46.3.0,r.-46.3.0,r.-46.3.0,,,r.-46.3.0,,,,,,,,,,,r.-46.3.0,r.-46.3.0,r.-46.3.0,r.-46.3.0,r.-46.3.0,,,,,,r.-46.3.0,r.-46.3.0,r.-46.3.0,r.-46.3.0,,,,r.-46.3.0,r.-46.3.0,,,,,,,,,,,,,,,,,,,,,,,,,,,,,,,,,,,,,,,,,,,,,,,,,,,,,,,,,,,,,,,,,,,,,,,,,,,,,,,,,,,,,,,,,,,,,,,
768,r.-46.3.0,r.-46.3.0,r.-46.3.0,r.-46.3.0,,,,,,,,,,,,,r.-46.3.0,,,,r.-46.3.0,,,,,,,r.-46.3.0,r.-46.3.0,r.-46.3.0,,,r.-46.3.0,,,,,,,,,,,r.-46.3.0,r.-46.3.0,r.-46.3.0,r.-46.3.0,r.-46.3.0,,,,,,r.-46.3.0,r.-46.3.0,r.-46.3.0,r.-46.3.0,,,,r.-46.3.0,r.-46.3.0,,,,,,,,,,,,,,,,,,,,,,,,,,,,,,,,,,,,,,,,,,,,,,,,,,,,,,,,,,,,,,,,,,,,,,,,,,,,,,,,,,,,,,,,,,,,,,,
769,r.-46.3.0,r.-46.3.0,r.-46.3.0,r.-46.3.0,,,,,,,,,,,,,r.-46.3.0,,,,r.-46.3.0,,,,,,,r.-46.3.0,r.-46.3.0,r.-46.3.0,,,r.-46.3.0,,,,,,,,,,,r.-46.3.0,r.-46.3.0,r.-46.3.0,r.-46.3.0,r.-46.3.0,,,,,,r.-46.3.0,r.-46.3.0,r.-46.3.0,r.-46.3.0,,,,r.-46.3.0,r.-46.3.0,,,,,,,,,,,,,,,,,,,,,,,,,,,,,,,,,,,,,,,,,,,,,,,,,,,,,,,,,,,,,,,,,,,,,,,,,,,,,,,,,,,,,,,,,,,,,,,
770,r.-3.3.0,r.-3.3.0,r.-3.3.0,r.-3.3.0,,,,,,,,,,,,,r.-3.3.0,,,,r.-3.3.0,,,,,,,r.-3.3.0,r.-3.3.0,r.-3.3.0,,,r.-3.3.0,,,,,,,,,,,r.-3.3.0,r.-3.3.0,p.764,p.765,p.766,,,,,,r.-3.3.0,r.-3.3.0,r.-3.3.0,r.-3.3.0,,,,r.-3.3.0,r.-3.3.0,,,,,,,,,,,,,,,,,,,,,,,,,,,,,,,,,,,,,,,,,,,,,,,,,,,,,,,,,,,,,,,,,,,,,,,,,,,,,,,,,,,,,,,,,,,,,,,
771,p.98,p.99,p.100,,,,,,,,,,,,,p.207,,p.208,,,,,,,,p.209,p.210,,,,p.211,p.212,,p.213,,,,,,,,,,,,p.108,,,,,,p.214,p.215,,,,,,,,,,,,,,,p.11,p.12,p.216,p.217,p.218,p.219,p.220,p.221,p.222,p.223,p.224,p.225,p.226,p.227,p.228,p.112,p.113,,,,p.229,p.230,,p.231,,,,p.232,p.233,,p.234,p.235,,,,,,,,p.236,p.237,,,p.238,p.239,p.773,,,p.241,,p.242,,p.243,,,,,p.244,,,,p.245,p.246,p.247,,,,,p.248,p.249,p.250,,p.251,p.252,,,p.253,,,,,p.254,p.255,p.774,p.257,,p.258,p.259,p.260,p.261
772,r.-71.2.0,r.-71.2.0,r.-71.2.0,r.-71.2.0,,,,,,,,,,,,,r.-71.2.0,,,,r.-71.2.0,,,,,,,r.-71.2.0,r.-71.2.0,r.-71.2.0,,,r.-71.2.0,,,,,,,,,,,r.-71.2.0,r.-71.2.0,r.-71.2.0,r.-71.2.0,r.-71.2.0,,,,,,r.-71.2.0,r.-71.2.0,r.-71.2.0,r.-71.2.0,,,,r.-71.2.0,r.-71.2.0,,,,,,,,,,,,,,,,,,,,,,,,,,,,,,,,,,,,,,,,,,,,,,,,,,,,,,,,,,,,,,,,,,,,,,,,,,,,,,,,,,,,,,,,,,,,,,,
773,,,,p.270,,,,,,,,,,,,,p.776,,,,,,,,,,,,,,,,,,,,,,,,,,,,,,,,,,,,,,,,,,,,,,,,,,,,,,,,,,,,,,,,,,,,,,,,,,,,,,,,,,,,,,,,,,,,,,,,,,,,,,,,,,,,,,,,,,,,,,,,,,,,,,,,,,,,,,,,,,,,
774,,,,,,,,,,,,,,,,,p.775,,,,,,,,,,,,,,,,,,,,,,,,,,,,,,,,,,,,,,,,,,,,,,,,,,,,,,,,,,,,,,,,,,,,,,,,,,,,,,,,,,,,,,,,,,,,,,,,,,,,,,,,,,,,,,,,,,,,,,,,,,,,,,,,,,,,,,,,,,,,
775,r.-71.4.0,r.-71.4.0,r.-71.4.0,r.-71.4.0,,,,,,,,,,,,,r.-71.4.0,,,,r.-71.4.0,,,,,,,r.-71.4.0,r.-71.4.0,r.-71.4.0,,,r.-71.4.0,,,,,,,,,,,r.-71.4.0,r.-71.4.0,r.-71.4.0,r.-71.4.0,r.-71.4.0,,,,,,r.-71.4.0,r.-71.4.0,r.-71.4.0,r.-71.4.0,,,,r.-71.4.0,r.-71.4.0,,,,,,,,,,,,,,,,,,,,,,,,,,,,,,,,,,,,,,,,,,,,,,,,,,,,,,,,,,,,,,,,,,,,,,,,,,,,,,,,,,,,,,,,,,,,,,,
776,r.-52.3.0,r.-52.3.0,r.-52.3.0,r.-52.3.0,,,,,,,,,,,,r.-52.3.0,r.-52.3.0,,,,r.-52.3.0,,,r.-52.3.0,,,,r.-52.3.0,r.-52.3.0,r.-52.3.0,,,r.-52.3.0,,,,,,,,,,,r.-52.3.0,r.-52.3.0,r.-52.3.0,r.-52.3.0,r.-52.3.0,,r.-52.3.0,r.-52.3.0,r.-52.3.0,r.-52.3.0,r.-52.3.0,r.-52.3.0,r.-52.3.0,r.-52.3.0,,,,r.-52.3.0,r.-52.3.0,,,,,,,,,,,,,,,,,,,,,,,,,,,,,,,,,,,,,,,,,,,,,,,,,,,,,,,,,,,,,,,,,,,,,,,,,,,,,,,,,,,,,,,,,,,,,,,
777,p.98,p.99,p.100,,,,,,,,,,,,,p.207,,p.208,,,,,,,,,p.210,,,,p.211,p.263,,p.213,,,,,,,,,,,,p.108,,,,,,p.214,p.215,,,,,,,,,,,,,,,,,,,,,,,,,,,,,p.228,p.112,p.113,,,,p.229,p.230,,p.231,,,,p.232,p.233,,p.234,p.235,,,,,,,,,p.237,,,p.238,p.239,p.773,,,p.241,,p.242,,p.243,,,,,p.244,,,,p.245,p.246,p.247,,,,,p.248,p.249,p.250,,p.251,,,,p.253,,,,,,,,,,,,p.260,p.261
778,r.-71.2.0,r.-71.2.0,r.-71.2.0,r.-71.2.0,,,,,,,,,,,,,r.-71.2.0,,,,r.-71.2.0,,,,,,,r.-71.2.0,r.-71.2.0,r.-71.2.0,,,r.-71.2.0,,,,,,,,,,,r.-71.2.0,r.-71.2.0,r.-71.2.0,r.-71.2.0,r.-71.2.0,,,,,,r.-71.2.0,r.-71.2.0,r.-71.2.0,r.-71.2.0,,,,r.-71.2.0,r.-71.2.0,,,,,,,,,,,,,,,,,,,,,,,,,,,,,,,,,,,,,,,,,,,,,,,,,,,,,,,,,,,,,,,,,,,,,,,,,,,,,,,,,,,,,,,,,,,,,,,
779,r.-71.2.0,r.-71.2.0,r.-71.2.0,r.-71.2.0,,,,,,,,,,,,,r.-71.2.0,,,,r.-71.2.0,,,,,,,r.-71.2.0,r.-71.2.0,r.-71.2.0,,,r.-71.2.0,,,,,,,,,,,r.-71.2.0,r.-71.2.0,r.-71.2.0,r.-71.2.0,r.-71.2.0,,,,,,r.-71.2.0,r.-71.2.0,r.-71.2.0,r.-71.2.0,,,,r.-71.2.0,r.-71.2.0,,,,,,,,,,,,,,,,,,,,,,,,,,,,,,,,,,,,,,,,,,,,,,,,,,,,,,,,,,,,,,,,,,,,,,,,,,,,,,,,,,,,,,,,,,,,,,,
780,,,,,,,,,,,,,,,,,p.781,,,,,,,,,,,,,,,,,,,,,,,,,,,,,,,,,,,,,,,,,,,,,,,,,,,,,,,,,,,,,,,,,,,,,,,,,,,,,,,,,,,,,,,,,,,,,,,,,,,,,,,,,,,,,,,,,,,,,,,,,,,,,,,,,,,,,,,,,,,,
781,p.98,p.99,p.100,,,,,,,,,,,,,p.725,,p.726,,,,,,,,,p.727,,,,p.728,p.729,,p.730,,,,,,,,,,,,p.108,,,,,,p.731,p.732,,,,,,,,,,,,,,,,,,,,,,,,,,,,,p.733,p.112,p.113,,,,,,,,,,,p.782,p.735,,,p.736,,,,,,,,,p.737,,,,,,,,p.738,,p.739,,,,,,,p.740,,,,,,,,,,,p.741,p.742,,,,,,,p.743,,,,,,,,,,,,p.744,p.745
782,r.-10.4.0,r.-10.4.0,r.-10.4.0,r.-10.4.0,,,,,,,,,,,,,r.-10.4.0,,,,r.-10.4.0,,,,,,,r.-10.4.0,r.-10.4.0,r.-10.4.0,,,r.-10.4.0,,,,,,,,,,,r.-10.4.0,r.-10.4.0,r.-10.4.0,r.-10.4.0,r.-10.4.0,,,,,,r.-10.4.0,r.-10.4.0,r.-10.4.0,r.-10.4.0,,,,r.-10.4.0,r.-10.4.0,,,,,,,,,,,,,,,,,,,,,,,,,,,,,,,,,,,,,,,,,,,,,,,,,,,,,,,,,,,,,,,,,,,,,,,,,,,,,,,,,,,,,,,,,,,,,,,
783,p.761,p.762,r.-55.3.0,r.-55.3.0,,,,,,,,,,,,,r.-55.3.0,,,,r.-55.3.0,,,,,,,r.-55.3.0,r.-55.3.0,r.-55.3.0,,,r.-55.3.0,,,,,,,,,,,r.-55.3.0,r.-55.3.0,,,,,,,,,r.-55.3.0,r.-55.3.0,r.-55.3.0,r.-55.3.0,,,,r.-55.3.0,r.-55.3.0,,,,,,,,,,,,,,,,,,,,,,,,,,,,,,,,,,,,,,,,,,,,,,,,,,,,,,,,,,,,,,,,,,,,,,,,,,,,,,,,,,,,,,,,,,,,,,,
784,p.98,p.99,p.100,,,,,,,,,,,,,p.725,,p.726,,,,,,,,,p.727,,,,p.728,p.729,,p.730,,,,,,,,,,,,p.108,,,,,,p.731,p.732,,,,,,,,,,,,,,,,,,,,,,,,,,,,,p.733,p.112,p.113,,,,p.229,,,,,,,p.232,p.735,,,p.736,,,,,,,,,p.737,,,,,,,,p.738,,p.739,,,,,,,p.740,,,,,,p.247,,,,,p.741,p.742,,,p.791,,,,p.743,,,,,,,,,,,,p.744,p.745
785,p.98,p.99,p.100,,,,,,,,,,,,,p.725,,p.726,,,,,,,,,p.727,,,,p.728,p.729,,p.730,,,,,,,,,,,,p.108,,,,,,p.731,p.732,,,,,,,,,,,,,,,,,,,,,,,,,,,,,p.733,p.112,p.113,,,,p.229,,,,,,,p.232,p.735,,,p.736,,,,,,,,,p.737,,,,,,,,p.738,,p.739,,,,,,,p.740,,,,,,p.247,,,,,p.741,p.742,,,p.790,,,,p.743,,,,,,,,,,,,p.744,p.745
786,p.98,p.99,p.100,,,,,,,,,,,,,p.725,,p.726,,,,,,,,,p.727,,,,p.728,p.729,,p.730,,,,,,,,,,,,p.108,,,,,,p.731,p.732,,,,,,,,,,,,,,,,,,,,,,,,,,,,,p.733,p.112,p.113,,,,p.229,,,,,,,p.232,p.735,,,p.736,,,,,,,,,p.737,,,,,,,,p.738,,p.739,,,,,,,p.740,,,,,,p.247,,,,,p.741,p.742,,,p.789,,,,p.743,,,,,,,,,,,,p.744,p.745
787,p.98,p.99,p.100,,,,,,,,,,,,,p.725,,p.726,,,,,,,,,p.727,,,,p.728,p.729,,p.730,,,,,,,,,,,,p.108,,,,,,p.731,p.732,,,,,,,,,,,,,,,,,,,,,,,,,,,,,p.733,p.112,p.113,,,,p.229,,,,,,,p.232,p.735,,,p.736,,,,,,,,,p.737,,,,,,,,p.738,,p.739,,,,,,,p.740,,,,,,p.247,,,,,p.741,p.742,,,p.788,,,,p.743,,,,,,,,,,,,p.744,p.745
788,,,r.-53.3.0,r.-53.3.0,,,,,,,,,,,,,r.-53.3.0,,,,r.-53.3.0,,,,,,,r.-53.3.0,r.-53.3.0,r.-53.3.0,,,r.-53.3.0,,,,,,,,,,,r.-53.3.0,r.-53.3.0,,,,,,,,,r.-53.3.0,r.-53.3.0,r.-53.3.0,r.-53.3.0,,,,p.723,p.724,,,,,,,,,,,,,,,,,,,,,,,,,,,,,,,,,,,,,,,,,,,,,,,,,,,,,,,,,,,,,,,,,,,,,,,,,,,,,,,,,,,,,,,,,,,,,,,
789,,,r.-53.3.0,r.-53.3.0,,,,,,,,,,,,,r.-53.3.0,,,,r.-53.3.0,,,,,,,r.-53.3.0,r.-53.3.0,r.-53.3.0,,,r.-53.3.0,,,,,,,,,,,r.-53.3.0,r.-53.3.0,,,,,,,,,r.-53.3.0,r.-53.3.0,r.-53.3.0,r.-53.3.0,,,,p.723,p.724,,,,,,,,,,,,,,,,,,,,,,,,,,,,,,,,,,,,,,,,,,,,,,,,,,,,,,,,,,,,,,,,,,,,,,,,,,,,,,,,,,,,,,,,,,,,,,,
790,,,r.-53.3.0,r.-53.3.0,,,,,,,,,,,,,r.-53.3.0,,,,r.-53.3.0,,,,,,,r.-53.3.0,r.-53.3.0,r.-53.3.0,,,r.-53.3.0,,,,,,,,,,,r.-53.3.0,r.-53.3.0,,,,,,,,,r.-53.3.0,r.-53.3.0,r.-53.3.0,r.-53.3.0,,,,p.723,p.724,,,,,,,,,,,,,,,,,,,,,,,,,,,,,,,,,,,,,,,,,,,,,,,,,,,,,,,,,,,,,,,,,,,,,,,,,,,,,,,,,,,,,,,,,,,,,,,
791,,,r.-53.3.0,r.-53.3.0,,,,,,,,,,,,,r.-53.3.0,,,,r.-53.3.0,,,,,,,r.-53.3.0,r.-53.3.0,r.-53.3.0,,,r.-53.3.0,,,,,,,,,,,r.-53.3.0,r.-53.3.0,,,,,,,,,r.-53.3.0,r.-53.3.0,r.-53.3.0,r.-53.3.0,,,,p.723,p.724,,,,,,,,,,,,,,,,,,,,,,,,,,,,,,,,,,,,,,,,,,,,,,,,,,,,,,,,,,,,,,,,,,,,,,,,,,,,,,,,,,,,,,,,,,,,,,,
792,p.98,p.99,p.100,,,,,,,,,,,,,p.207,p.802,p.208,,,,,,,,,p.210,,,,p.211,p.263,,p.213,,,,,,,,,,,,p.108,,,,,,p.214,p.215,,,,,,,,,,,,,,,,,,,,,,,,,,,,,p.228,p.112,p.113,,,,p.229,p.230,p.803,p.521,,,,p.232,p.233,,p.234,p.235,,,,,,,,,p.237,,,p.238,p.239,,,,p.241,,p.242,,p.243,,,,,p.244,,,,p.245,p.246,p.247,,,,,p.248,p.249,p.250,,p.251,,,,p.253,,,,,,,,,,,,p.260,p.261
793,p.98,p.99,p.100,,,,,,,,,,,,,p.170,,p.171,,,,,,,,,p.172,,,,p.173,p.174,,p.175,,,,,,,,,,,,p.108,,,,,,p.176,p.177,,,,,,,,,,,,,,,,,,,,,,,,,,,,,p.178,p.112,p.113,,,,p.179,p.180,,p.181,,,,p.182,p.183,,p.184,p.185,,,,,,,,,p.186,,,p.187,p.188,p.800,,,p.190,,p.191,,p.192,,,,,p.193,,,,p.194,p.195,p.196,,,,,p.197,p.198,p.199,,p.200,,,,p.201,,,,,,,,,,,,p.202,p.203
794,,,,,,,,,,,,,,,,,,,,,,,,,,,,,,,,p.263,,,,,,,,,,,,,,,,,,,,,,,,,,,,,,,,,,,,,,,,,,,,,,,,,,,,,,,,,,,,,,,,,,,,,,,,,,,,,,,,,,,,,,p.799,,,,,,,,,,,,,,,,,,,,,,,,,,,,,,,,,,,,,,,
795,,,,,,,,,,,,,,,,,,,,,,,,,,,,,,,,p.263,,,,,,,,,,,,,,,,,,,,,,,,,,,,,,,,,,,,,,,,,,,,,,,,,,,,,,,,,,,,,,,,,,,,,,,,,,,,,,,,,,,,,,p.798,,,,,,,,,,,,,,,,,,,,,,,,,,,,,,,,,,,,,,,
796,r.-51.2.0,r.-51.2.0,r.-51.2.0,r.-51.2.0,r.-51.2.0,r.-51.2.0,r.-51.2.0,r.-51.2.0,r.-51.2.0,r.-51.2.0,r.-51.2.0,r.-51.2.0,r.-51.2.0,r.-51.2.0,r.-51.2.0,r.-51.2.0,r.-51.2.0,,,,r.-51.2.0,,,r.-51.2.0,,,,r.-51.2.0,r.-51.2.0,r.-51.2.0,,,r.-51.2.0,,,,,,,,,,,r.-51.2.0,r.-51.2.0,r.-51.2.0,r.-51.2.0,r.-51.2.0,,r.-51.2.0,r.-51.2.0,r.-51.2.0,r.-51.2.0,r.-51.2.0,r.-51.2.0,r.-51.2.0,r.-51.2.0,,,,r.-51.2.0,r.-51.2.0,,,,,,,,,,,,,,,,,,,,,,,,,,,,,,,,,,,,,,,,,,,,,,,,,,,,,,,,,,,,,,,,,,,,,,,,,,,,,,,,,,,,,,,,,,,,,,,
797,r.-51.2.0,r.-51.2.0,r.-51.2.0,r.-51.2.0,r.-51.2.0,r.-51.2.0,r.-51.2.0,r.-51.2.0,r.-51.2.0,r.-51.2.0,r.-51.2.0,r.-51.2.0,r.-51.2.0,r.-51.2.0,r.-51.2.0,r.-51.2.0,r.-51.2.0,,,,r.-51.2.0,,,r.-51.2.0,,,,r.-51.2.0,r.-51.2.0,r.-51.2.0,,,r.-51.2.0,,,,,,,,,,,r.-51.2.0,r.-51.2.0,r.-51.2.0,r.-51.2.0,r.-51.2.0,,r.-51.2.0,r.-51.2.0,r.-51.2.0,r.-51.2.0,r.-51.2.0,r.-51.2.0,r.-51.2.0,r.-51.2.0,,,,r.-51.2.0,r.-51.2.0,,,,,,,,,,,,,,,,,,,,,,,,,,,,,,,,,,,,,,,,,,,,,,,,,,,,,,,,,,,,,,,,,,,,,,,,,,,,,,,,,,,,,,,,,,,,,,,
798,r.-51.3.0,r.-51.3.0,r.-51.3.0,r.-51.3.0,r.-51.3.0,r.-51.3.0,r.-51.3.0,r.-51.3.0,r.-51.3.0,r.-51.3.0,r.-51.3.0,r.-51.3.0,r.-51.3.0,r.-51.3.0,r.-51.3.0,r.-51.3.0,r.-51.3.0,,,,r.-51.3.0,,,r.-51.3.0,,,,r.-51.3.0,r.-51.3.0,r.-51.3.0,,,r.-51.3.0,,,,,,,,,,,r.-51.3.0,r.-51.3.0,r.-51.3.0,r.-51.3.0,r.-51.3.0,,r.-51.3.0,r.-51.3.0,r.-51.3.0,r.-51.3.0,r.-51.3.0,r.-51.3.0,r.-51.3.0,r.-51.3.0,,,,r.-51.3.0,r.-51.3.0,,,,,,,,,,,,,,,,,,,,,,,,,,,,,,,,,,,,,,,,,,,,,,,,,,,,,,,,,,,,,,,,,,,,,,,,,,,,,,,,,,,,,,,,,,,,,,,
799,r.-51.3.0,r.-51.3.0,r.-51.3.0,r.-51.3.0,r.-51.3.0,r.-51.3.0,r.-51.3.0,r.-51.3.0,r.-51.3.0,r.-51.3.0,r.-51.3.0,r.-51.3.0,r.-51.3.0,r.-51.3.0,r.-51.3.0,r.-51.3.0,r.-51.3.0,,,,r.-51.3.0,,,r.-51.3.0,,,,r.-51.3.0,r.-51.3.0,r.-51.3.0,,,r.-51.3.0,,,,,,,,,,,r.-51.3.0,r.-51.3.0,r.-51.3.0,r.-51.3.0,r.-51.3.0,,r.-51.3.0,r.-51.3.0,r.-51.3.0,r.-51.3.0,r.-51.3.0,r.-51.3.0,r.-51.3.0,r.-51.3.0,,,,r.-51.3.0,r.-51.3.0,,,,,,,,,,,,,,,,,,,,,,,,,,,,,,,,,,,,,,,,,,,,,,,,,,,,,,,,,,,,,,,,,,,,,,,,,,,,,,,,,,,,,,,,,,,,,,,
800,,,,p.516,,,,,,,,,,,,,,,,,,,,,p.801,,,,,,,,,,,,,,,,,,,,,,,,,,,,,,,,,,,,,,,,,,,,,,,,,,,,,,,,,,,,,,,,,,,,,,,,,,,,,,,,,,,,,,,,,,,,,,,,,,,,,,,,,,,,,,,,,,,,,,,,,,,,,,,,,,,,
801,r.-51.4.0,r.-51.4.0,r.-51.4.0,r.-51.4.0,r.-51.4.0,r.-51.4.0,r.-51.4.0,r.-51.4.0,r.-51.4.0,r.-51.4.0,r.-51.4.0,r.-51.4.0,r.-51.4.0,r.-51.4.0,r.-51.4.0,r.-51.4.0,r.-51.4.0,,,,r.-51.4.0,,,r.-51.4.0,,,,r.-51.4.0,r.-51.4.0,r.-51.4.0,,,r.-51.4.0,,,,,,,,,,,r.-51.4.0,r.-51.4.0,r.-51.4.0,r.-51.4.0,r.-51.4.0,,r.-51.4.0,r.-51.4.0,r.-51.4.0,r.-51.4.0,r.-51.4.0,r.-51.4.0,r.-51.4.0,r.-51.4.0,,,,r.-51.4.0,r.-51.4.0,,,,,,,,,,,,,,,,,,,,,,,,,,,,,,,,,,,,,,,,,,,,,,,,,,,,,,,,,,,,,,,,,,,,,,,,,,,,,,,,,,,,,,,,,,,,,,,
802,r.-51.3.0,r.-51.3.0,r.-51.3.0,r.-51.3.0,r.-51.3.0,r.-51.3.0,r.-51.3.0,r.-51.3.0,r.-51.3.0,r.-51.3.0,r.-51.3.0,r.-51.3.0,r.-51.3.0,r.-51.3.0,r.-51.3.0,r.-51.3.0,r.-51.3.0,,,,r.-51.3.0,,,r.-51.3.0,,,,r.-51.3.0,r.-51.3.0,r.-51.3.0,,,r.-51.3.0,,,,,,,,,,,r.-51.3.0,r.-51.3.0,r.-51.3.0,r.-51.3.0,r.-51.3.0,,r.-51.3.0,r.-51.3.0,r.-51.3.0,r.-51.3.0,r.-51.3.0,r.-51.3.0,r.-51.3.0,r.-51.3.0,,,,r.-51.3.0,r.-51.3.0,,,,,,,,,,,,,,,,,,,,,,,,,,,,,,,,,,,,,,,,,,,,,,,,,,,,,,,,,,,,,,,,,,,,,,,,,,,,,,,,,,,,,,,,,,,,,,,
803,,,,p.522,,,,,,,,,,,,,p.804,,,,,,,,,,,,,,,,,,,,,,,,,,,,,,,,,,,,,,,,,,,,,,,,,,,,,,,,,,,,,,,,,,,,,,,,,,,,,,,,,,,,,,,,,,,,,,,,,,,,,,,,,,,,,,,,,,,,,,,,,,,,,,,,,,,,,,,,,,,,
804,r.-51.4.0,r.-51.4.0,r.-51.4.0,r.-51.4.0,r.-51.4.0,r.-51.4.0,r.-51.4.0,r.-51.4.0,r.-51.4.0,r.-51.4.0,r.-51.4.0,r.-51.4.0,r.-51.4.0,r.-51.4.0,r.-51.4.0,r.-51.4.0,r.-51.4.0,,,,r.-51.4.0,,,r.-51.4.0,,,,r.-51.4.0,r.-51.4.0,r.-51.4.0,,,r.-51.4.0,,,,,,,,,,,r.-51.4.0,r.-51.4.0,r.-51.4.0,r.-51.4.0,r.-51.4.0,,r.-51.4.0,r.-51.4.0,r.-51.4.0,r.-51.4.0,r.-51.4.0,r.-51.4.0,r.-51.4.0,r.-51.4.0,,,,r.-51.4.0,r.-51.4.0,,,,,,,,,,,,,,,,,,,,,,,,,,,,,,,,,,,,,,,,,,,,,,,,,,,,,,,,,,,,,,,,,,,,,,,,,,,,,,,,,,,,,,,,,,,,,,,
805,p.98,p.99,p.100,,,,,,,,,,,,,p.540,,p.541,,,,,,,,,p.542,,,,p.543,p.544,,p.545,,,,,,,,,,,,p.108,,,,,,p.546,p.547,,,,,,,,,,,,,,,,,,,,,,,,,,,,,p.548,p.112,p.113,,,,p.549,p.550,,p.551,,,,p.552,p.553,,p.554,p.555,,,,,,,,,p.556,,,p.557,p.558,p.820,,,p.560,,p.561,,p.562,,,,,p.563,,,,p.564,p.565,p.566,,,,,p.567,p.568,p.569,,p.570,,,,p.571,,,,,,,,,,,,p.572,p.573
806,p.98,p.99,p.100,,,,,,,,,,,,,p.725,,p.726,,,,,,,,,p.727,,,,p.728,p.729,,p.730,,,,,,,,,,,,p.108,,,,,,p.731,p.732,,,,,,,,,,,,,,,,,,,,,,,,,,,,,p.733,p.112,p.113,,,,p.229,p.230,,,,,,p.232,p.735,,,p.736,,,,,,,,,p.737,,,p.238,p.239,,,,p.738,,p.739,,p.243,,,,,p.740,,,,p.807,,p.247,,,,,p.741,p.742,p.250,,p.251,,,,p.743,,,,,,,,,,,,p.744,p.745
807,,,,r.-45.3.0,,,,,,,,,,,,,r.-45.3.0,,,,r.-45.3.0,,,,,,,,,,,,,,,,,,,,,,,p.808,r.-45.3.0,,,,,,,,,,,,,,,,,,,,,,,,,,,,,,,,,,,,,,,,,,,,,,,,,,,,,,,,,,,,,,,,,,,,,,,,,,,,,,,,,,,,,,,,,,,,,,,,,,,,,,,,,,,,,,,,
808,p.98,p.99,p.100,,,,,,,,,,,,,p.725,,p.726,,,,,,,,,p.727,,,,p.728,p.729,,p.730,,,,,,,,,,,,p.108,,,,,,p.731,p.732,,,,,,,,,,,,,,,,,,,,,,,,,,,,,p.733,p.112,p.113,,,,p.229,p.230,,,,,,p.232,p.735,,,p.736,,,,,,,,,p.737,,,p.238,p.239,,,,p.738,,p.739,,p.809,,,,,p.740,,,,,,p.247,,,,,p.741,p.742,p.250,,p.251,,,,p.743,,,,,,,,,,,,p.744,p.745
809,,,,r.-44.3.0,,,,,,,,,,,,,r.-44.3.0,,,,r.-44.3.0,,,,,,,,,,,,p.810,,,,,,,,,,,r.-44.3.0,r.-44.3.0,,,,,,,,,,,,,,,,,,,,,,,,,,,,,,,,,,,,,,,,,,,,,,,,,,,,,,,,,,,,,,,,,,,,,,,,,,,,,,,,,,,,,,,,,,,,,,,,,,,,,,,,,,,,,,,,
810,p.98,p.99,p.100,,,,,,,,,,,,,p.725,,p.726,,,,,,,,,p.727,,,,p.728,p.729,,p.730,,,,,,,,,,,,p.108,,,,,,p.731,p.732,,,,,,,,,,,,,,,,,,,,,,,,,,,,,p.733,p.112,p.113,,,,p.229,p.230,,,,,,p.232,p.735,,,p.736,,,,,,,,,p.737,,,p.238,p.811,,,,p.738,,p.739,,,,,,,p.740,,,,,,p.247,,,,,p.741,p.742,p.250,,p.251,,,,p.743,,,,,,,,,,,,p.744,p.745
811,,,,r.-35.3.0,,,,,,,,,,,,,r.-35.3.0,,,,r.-35.3.0,,,,,,,,,p.812,,,r.-35.3.0,,,,,,,,,,,r.-35.3.0,r.-35.3.0,,,,,,,,,,,,,,,,,,,,,,,,,,,,,,,,,,,,,,,,,,,,,,,,,,,,,,,,,,,,,,,,,,,,,,,,,,,,,,,,,,,,,,,,,,,,,,,,,,,,,,,,,,,,,,,,
812,p.98,p.99,p.100,,,,,,,,,,,,,p.725,,p.726,,,,,,,,,p.727,,,,p.728,p.729,,p.730,,,,,,,,,,,,p.108,,,,,,p.731,p.732,,,,,,,,,,,,,,,,,,,,,,,,,,,,,p.733,p.112,p.113,,,,p.229,p.813,,,,,,p.232,p.735,,,p.736,,,,,,,,,p.737,,,p.238,,,,,p.738,,p.739,,,,,,,p.740,,,,,,p.247,,,,,p.741,p.742,p.250,,p.251,,,,p.743,,,,,,,,,,,,p.744,p.745
813,,,p.814,r.-27.3.0,,,,,,,,,,,,,r.-27.3.0,,,,r.-27.3.0,,,,,,,,,r.-27.3.0,,,r.-27.3.0,,,,,,,,,,,r.-27.3.0,r.-27.3.0,,,,,,,,,,,,,,,,,,,,,,,,,,,,,,,,,,,,,,,,,,,,,,,,,,,,,,,,,,,,,,,,,,,,,,,,,,,,,,,,,,,,,,,,,,,,,,,,,,,,,,,,,,,,,,,,
814,p.98,p.99,p.100,,,,,,,,,,,,,p.725,,p.726,,,,,,,,,p.727,,,,p.728,p.729,,p.730,,,,,,,,,,,,p.108,,,,,,p.731,p.732,,,,,,,,,,,,,,,,,,,,,,,,,,,,,p.733,p.112,p.113,,,,p.229,,,,,,,p.232,p.735,,,p.736,,,,,,,,,p.737,,,p.815,,,,,p.738,,p.739,,,,,,,p.740,,,,,,p.247,,,,,p.741,p.742,p.250,,p.251,,,,p.743,,,,,,,,,,,,p.744,p.745
815,,,r.-4.3.0,r.-4.3.0,,,,,,,,,,,,,r.-4.3.0,,,,r.-4.3.0,,,,,,,p.816,p.817,r.-4.3.0,,,r.-4.3.0,,,,,,,,,,,r.-4.3.0,r.-4.3.0,,,,,,,,,,,,,,,,,,,,,,,,,,,,,,,,,,,,,,,,,,,,,,,,,,,,,,,,,,,,,,,,,,,,,,,,,,,,,,,,,,,,,,,,,,,,,,,,,,,,,,,,,,,,,,,,
816,p.98,p.99,p.100,,,,,,,,,,,,,p.725,,p.726,,,,,,,,,p.727,,,,p.728,p.729,,p.730,,,,,,,,,,,,p.108,,,,,,p.731,p.732,,,,,,,,,,,,,,,,,,,,,,,,,,,,,p.733,p.112,p.113,,,,p.229,,,,,,,p.232,p.735,,,p.736,,,,,,,,,p.737,,,,,,,,p.738,,p.739,,,,,,,p.740,,,,,,p.247,,,,,p.741,p.742,p.819,,p.251,,,,p.743,,,,,,,,,,,,p.744,p.745
817,p.98,p.99,p.100,,,,,,,,,,,,,p.725,,p.726,,,,,,,,,p.727,,,,p.728,p.729,,p.730,,,,,,,,,,,,p.108,,,,,,p.731,p.732,,,,,,,,,,,,,,,,,,,,,,,,,,,,,p.733,p.112,p.113,,,,p.229,,,,,,,p.232,p.735,,,p.736,,,,,,,,,p.737,,,,,,,,p.738,,p.739,,,,,,,p.740,,,,,,p.247,,,,,p.741,p.742,p.818,,p.251,,,,p.743,,,,,,,,,,,,p.744,p.745
818,,,r.-26.3.0,r.-26.3.0,,,,,,,,,,,,,r.-26.3.0,,,,r.-26.3.0,,,,,,,r.-26.3.0,r.-26.3.0,r.-26.3.0,,,r.-26.3.0,,,,,,,,,,,r.-26.3.0,r.-26.3.0,,,,,,,,,p.784,p.785,p.786,p.787,,,,,,,,,,,,,,,,,,,,,,,,,,,,,,,,,,,,,,,,,,,,,,,,,,,,,,,,,,,,,,,,,,,,,,,,,,,,,,,,,,,,,,,,,,,,,,,,,,,,
819,,,r.-26.3.0,r.-26.3.0,,,,,,,,,,,,,r.-26.3.0,,,,r.-26.3.0,,,,,,,r.-26.3.0,r.-26.3.0,r.-26.3.0,,,r.-26.3.0,,,,,,,,,,,r.-26.3.0,r.-26.3.0,,,,,,,,,p.784,p.785,p.786,p.787,,,,,,,,,,,,,,,,,,,,,,,,,,,,,,,,,,,,,,,,,,,,,,,,,,,,,,,,,,,,,,,,,,,,,,,,,,,,,,,,,,,,,,,,,,,,,,,,,,,,
820,,,,p.683,,,,,,,,,,,,,,,,,,p.821,,,,,,,,,,,,,,,,,,,,,,,,,,,,,,,,,,,,,,,,,,,,,,,,,,,,,,,,,,,,,,,,,,,,,,,,,,,,,,,,,,,,,,,,,,,,,,,,,,,,,,,,,,,,,,,,,,,,,,,,,,,,,,,,,,,,,,,
821,p.98,p.99,p.100,,,,,,,,,,,,,p.725,,p.726,,,,,,,,,p.727,,,,p.728,p.729,,p.730,,,,,,,,,,,,p.108,,,,,,p.731,p.732,,,,,,,,,,,,,,,,,,,,,,,,,,,,,p.733,p.112,p.113,,,,p.229,p.230,,,,,,p.232,p.735,,p.822,p.736,,,,,,,,,p.737,,,p.238,p.239,,,,p.738,,p.739,,p.243,,,,,p.740,,,,p.245,p.246,p.247,,,,,p.741,p.742,p.250,,p.251,,,,p.743,,,,,,,,,,,,p.744,p.745
822,,,,r.-13.5.0,,,,,,,,,,,,,r.-13.5.0,,,,,,,,,,,,,,,,,,,,,,,,,,,,,,,,,,,,,,,,,,,,,,,,,,,,,,,,,,,,,,,,,,,,,,,,,,,,,,,,,,,,,,,,,,,,,,,,,,,,,,,,,,,,,,,,,,,,,,,,,,,,,,,,,,,,,,,,,,,,
823,r.-52.3.0,r.-52.3.0,r.-52.3.0,r.-52.3.0,r.-52.3.0,r.-52.3.0,r.-52.3.0,r.-52.3.0,r.-52.3.0,r.-52.3.0,r.-52.3.0,r.-52.3.0,r.-52.3.0,r.-52.3.0,r.-52.3.0,r.-52.3.0,,,,,r.-52.3.0,,,r.-52.3.0,r.-52.3.0,,,r.-52.3.0,r.-52.3.0,r.-52.3.0,,,r.-52.3.0,,,,,,,,,,,r.-52.3.0,r.-52.3.0,r.-52.3.0,r.-52.3.0,r.-52.3.0,,r.-52.3.0,r.-52.3.0,r.-52.3.0,r.-52.3.0,r.-52.3.0,r.-52.3.0,r.-52.3.0,r.-52.3.0,,,,r.-52.3.0,r.-52.3.0,,,,,,,,,,,,,,,,,,,,,,,,,,,,,,,,,,,,,,,,,,,,,,,,,,,,,,,,,,,,,,,,,,,,,,,,,,,,,,,,,,,,,,,,,,,,,,,
824,p.98,p.99,p.100,,,,,,,,,,,,,p.207,,p.208,,,,,,,,p.209,p.210,,,,p.211,p.212,,p.213,,,,,,,,,,,,p.108,,,,,,p.214,p.215,,,,,,,,,,,,,,,p.11,p.12,p.216,p.217,p.218,p.219,p.220,p.221,p.222,p.223,p.224,p.225,p.226,p.227,p.228,p.112,p.113,,,,p.229,p.230,,p.231,,,,p.232,p.233,,p.234,p.235,,,,,,,,p.236,p.237,,,p.238,p.239,p.266,,,p.241,,p.242,,p.243,,,,,p.244,,,,p.245,p.246,p.247,,,,,p.248,p.249,p.250,,p.251,p.252,,,p.253,,,,,p.254,p.255,p.826,p.257,,p.258,p.259,p.260,p.261
825,r.-71.2.0,r.-71.2.0,r.-71.2.0,r.-71.2.0,r.-71.2.0,r.-71.2.0,r.-71.2.0,r.-71.2.0,r.-71.2.0,r.-71.2.0,r.-71.2.0,r.-71.2.0,r.-71.2.0,r.-71.2.0,r.-71.2.0,,r.-71.2.0,,,,r.-71.2.0,,,,,,,r.-71.2.0,r.-71.2.0,r.-71.2.0,,,r.-71.2.0,,,,,,,,,,,r.-71.2.0,r.-71.2.0,r.-71.2.0,r.-71.2.0,r.-71.2.0,,,,,,r.-71.2.0,r.-71.2.0,r.-71.2.0,r.-71.2.0,,,,r.-71.2.0,r.-71.2.0,,,,,,,,,,,,,,,,,,,,,,,,,,,,,,,,,,,,,,,,,,,,,,,,,,,,,,,,,,,,,,,,,,,,,,,,,,,,,,,,,,,,,,,,,,,,,,,
826,,,,,,,,,,,,,,,,,p.827,,,,,,,,,,,,,,,,,,,,,,,,,,,,,,,,,,,,,,,,,,,,,,,,,,,,,,,,,,,,,,,,,,,,,,,,,,,,,,,,,,,,,,,,,,,,,,,,,,,,,,,,,,,,,,,,,,,,,,,,,,,,,,,,,,,,,,,,,,,,
827,r.-71.4.0,r.-71.4.0,r.-71.4.0,r.-71.4.0,r.-71.4.0,r.-71.4.0,r.-71.4.0,r.-71.4.0,r.-71.4.0,r.-71.4.0,r.-71.4.0,r.-71.4.0,r.-71.4.0,r.-71.4.0,r.-71.4.0,,r.-71.4.0,,,,r.-71.4.0,,,,,,,r.-71.4.0,r.-71.4.0,r.-71.4.0,,,r.-71.4.0,,,,,,,,,,,r.-71.4.0,r.-71.4.0,r.-71.4.0,r.-71.4.0,r.-71.4.0,,,,,,r.-71.4.0,r.-71.4.0,r.-71.4.0,r.-71.4.0,,,,r.-71.4.0,r.-71.4.0,,,,,,,,,,,,,,,,,,,,,,,,,,,,,,,,,,,,,,,,,,,,,,,,,,,,,,,,,,,,,,,,,,,,,,,,,,,,,,,,,,,,,,,,,,,,,,,
828,p.98,p.99,p.100,,,,,,,,,,,,,p.207,,p.208,,,,,,,,,p.210,,,,p.211,p.263,,p.213,,,,,,,,,,,,p.108,,,,,,p.214,p.215,,,,,,,,,,,,,,,,,,,,,,,,,,,,,p.228,p.112,p.113,,,,p.229,p.230,,p.231,,,,p.232,p.233,,p.234,p.235,,,,,,,,,p.237,,,p.238,p.239,p.266,,,p.241,,p.242,,p.243,,,,,p.244,,,,p.245,p.246,p.247,,,,,p.248,p.249,p.250,,p.251,,,,p.253,,,,,,,,,,,,p.260,p.261
829,r.-71.2.0,r.-71.2.0,r.-71.2.0,r.-71.2.0,r.-71.2.0,r.-71.2.0,r.-71.2.0,r.-71.2.0,r.-71.2.0,r.-71.2.0,r.-71.2.0,r.-71.2.0,r.-71.2.0,r.-71.2.0,r.-71.2.0,,r.-71.2.0,,,,r.-71.2.0,,,,,,,r.-71.2.0,r.-71.2.0,r.-71.2.0,,,r.-71.2.0,,,,,,,,,,,r.-71.2.0,r.-71.2.0,r.-71.2.0,r.-71.2.0,r.-71.2.0,,,,,,r.-71.2.0,r.-71.2.0,r.-71.2.0,r.-71.2.0,,,,r.-71.2.0,r.-71.2.0,,,,,,,,,,,,,,,,,,,,,,,,,,,,,,,,,,,,,,,,,,,,,,,,,,,,,,,,,,,,,,,,,,,,,,,,,,,,,,,,,,,,,,,,,,,,,,,
830,r.-71.2.0,r.-71.2.0,r.-71.2.0,r.-71.2.0,r.-71.2.0,r.-71.2.0,r.-71.2.0,r.-71.2.0,r.-71.2.0,r.-71.2.0,r.-71.2.0,r.-71.2.0,r.-71.2.0,r.-71.2.0,r.-71.2.0,,r.-71.2.0,,,,r.-71.2.0,,,,,,,r.-71.2.0,r.-71.2.0,r.-71.2.0,,,r.-71.2.0,,,,,,,,,,,r.-71.2.0,r.-71.2.0,r.-71.2.0,r.-71.2.0,r.-71.2.0,,,,,,r.-71.2.0,r.-71.2.0,r.-71.2.0,r.-71.2.0,,,,r.-71.2.0,r.-71.2.0,,,,,,,,,,,,,,,,,,,,,,,,,,,,,,,,,,,,,,,,,,,,,,,,,,,,,,,,,,,,,,,,,,,,,,,,,,,,,,,,,,,,,,,,,,,,,,,
831,,,,,,,,,,,,,,,,,,,,,,,,,,,,,,,,p.445,,,,,,,,,,,,,,,,,,,,,,,,,,,,,,,,,,,,,,,,,,,,,,,,,,,,,,,,,,,,,,,,,,,,,,,,,,,,,p.446,p.836,,,,,,,,p.448,,,,,,,,,,,,,,,,,,,,,,,,,,,,,,,,,,,,,,,
832,,,,,,,,,,,,,,,,r.-22.2.0,r.-22.2.0,,p.833,,,,,r.-22.2.0,,r.-22.2.0,,,,,,r.-22.2.0,,,,,,,,,,,,,,r.-22.2.0,,,,,,,,,,,,,,,,,,,,,,r.-22.2.0,r.-22.2.0,r.-22.2.0,r.-22.2.0,r.-22.2.0,r.-22.2.0,r.-22.2.0,r.-22.2.0,r.-22.2.0,r.-22.2.0,r.-22.2.0,r.-22.2.0,r.-22.2.0,r.-22.2.0,,,,,,,,,,,,,,,,,,,,,,,,,,,,,,,,,,,,,,,,,,,,,,,,,,,,,,,,,,,,,,,,,,,,,,,,,,,,
833,,,,,,,,,,,,,,,,,,,,,,,,,,,,,,,,p.445,,,,,,,,,,,,,,,,,,,,,,,,,,,,,,,,,,,,,,,,,,,,,,,,,,,,,,,,,,,,,,,,,,,,,,,,,,,,,p.446,p.834,,,,,,,,p.448,,,,,,,,,,,,,,,,,,,,,,,,,,,,,,,,,,,,,,,
834,,,,p.708,,,,,,,,,,,,,,,,p.835,,,,,,,,,,,,,,,,,,,,,,,,,,,,,,,,,,,,,,,,,,,,,,,,,,,,,,,,,,,,,,,,,,,,,,,,,,,,,,,,,,,,,,,,,,,,,,,,,,,,,,,,,,,,,,,,,,,,,,,,,,,,,,,,,,,,,,,,,
835,,,,,,,,,,,,,,,,r.-22.5.0,r.-22.5.0,,,,,,,r.-22.5.0,,r.-22.5.0,,,,,,r.-22.5.0,,,,,,,,,,,,,,r.-22.5.0,,,,,,,,,,,,,,,,,,,,,,r.-22.5.0,r.-22.5.0,r.-22.5.0,r.-22.5.0,r.-22.5.0,r.-22.5.0,r.-22.5.0,r.-22.5.0,r.-22.5.0,r.-22.5.0,r.-22.5.0,r.-22.5.0,r.-22.5.0,r.-22.5.0,,,,,,,,,,,,,,,,,,,,,,,,,,,,,,,,,,,,,,,,,,,,,,,,,,,,,,,,,,,,,,,,,,,,,,,,,,,,
836,,,,p.708,,,,,,,,,,,,,,,,p.837,,,,,,,,,,,,,,,,,,,,,,,,,,,,,,,,,,,,,,,,,,,,,,,,,,,,,,,,,,,,,,,,,,,,,,,,,,,,,,,,,,,,,,,,,,,,,,,,,,,,,,,,,,,,,,,,,,,,,,,,,,,,,,,,,,,,,,,,,
837,,,,,,,,,,,,,,,,r.-22.4.0,r.-22.4.0,,,,,,,r.-22.4.0,,r.-22.4.0,,,,,,r.-22.4.0,,,,,,,,,,,,,,r.-22.4.0,,,,,,,,,,,,,,,,,,,,,,r.-22.4.0,r.-22.4.0,r.-22.4.0,r.-22.4.0,r.-22.4.0,r.-22.4.0,r.-22.4.0,r.-22.4.0,r.-22.4.0,r.-22.4.0,r.-22.4.0,r.-22.4.0,r.-22.4.0,r.-22.4.0,,,,,,,,,,,,,,,,,,,,,,,,,,,,,,,,,,,,,,,,,,,,,,,,,,,,,,,,,,,,,,,,,,,,,,,,,,,,
838,p.98,p.99,p.100,,,,,,,,,,,,,p.170,,p.171,,,,,,,,,p.172,,,,p.173,p.174,,p.175,,,,,,,,,,,,p.108,,,,,,p.176,p.177,,,,,,,,,,,,,,,,,,,,,,,,,,,,,p.178,p.112,p.113,,,,p.179,p.180,,p.839,,,,p.182,p.183,,p.184,p.185,,,,,,,,,p.186,,,p.187,p.188,,,,p.190,,p.191,,p.192,,,,,p.193,,,,p.194,p.195,p.196,,,,,p.197,p.198,p.199,,p.200,,,,p.201,,,,,,,,,,,,p.202,p.203
839,,,,r.-6.3.0,,,,,,,,,,,,,,,,,,,,,r.-6.3.0,,,,,,,,,,,,,,,,,,,,,,,,,,,,,,,,,,,,,,,,,,,,,,,,,,,,,,,,,,,,,,,,,,,,,,,,,,,,,,,,,,,,,,,,,,,,,,,,,,,,,,,,,,,,,,,,,,,,,,,,,,,,,,,,,,,,
840,r.-59.2.0,r.-59.2.0,r.-59.2.0,r.-59.2.0,r.-59.2.0,r.-59.2.0,r.-59.2.0,r.-59.2.0,r.-59.2.0,r.-59.2.0,r.-59.2.0,r.-59.2.0,r.-59.2.0,r.-59.2.0,r.-59.2.0,r.-59.2.0,,r.-59.2.0,,,r.-59.2.0,,,r.-59.2.0,r.-59.2.0,,,r.-59.2.0,r.-59.2.0,r.-59.2.0,,,r.-59.2.0,,,,,,,,,,,r.-59.2.0,r.-59.2.0,r.-59.2.0,r.-59.2.0,r.-59.2.0,,r.-59.2.0,r.-59.2.0,r.-59.2.0,r.-59.2.0,r.-59.2.0,r.-59.2.0,r.-59.2.0,r.-59.2.0,,,,r.-59.2.0,r.-59.2.0,,,,,,,,,,,,,,,,,,,,,,,,,,,,,,,,,,,,,,,,,,,,,,,,,,,,,,,,,,,,,,,,,,,,,,,,,,,,,,,,,,,,,,,,,,,,,,,
841,p.98,p.99,p.100,,,,,,,,,,,,,p.843,,p.844,,,,,,,,,p.845,,,,p.846,p.847,,p.848,,,,,,,,,,,,p.108,,,,,,p.849,p.850,,,,,,,,,,,,,,,,,,,,,,,,,,,,,p.851,p.112,p.113,,,,p.901,,,,,,,p.182,p.853,,,p.854,,,,,,,,,p.855,,,,,,,,p.856,,p.857,,,,,,,p.858,,,,,,p.196,,,,,p.859,p.860,,,,,,,p.861,,,,,,,,,,,,p.862,p.863
842,p.98,p.99,p.100,,,,,,,,,,,,,p.843,,p.844,,,,,,,,,p.845,,,,p.846,p.847,,p.848,,,,,,,,,,,,p.108,,,,,,p.849,p.850,,,,,,,,,,,,,,,,,,,,,,,,,,,,,p.851,p.112,p.113,,,,p.852,,,,,,,p.182,p.853,,,p.854,,,,,,,,,p.855,,,,,,,,p.856,,p.857,,,,,,,p.858,,,,,,p.196,,,,,p.859,p.860,,,,,,,p.861,,,,,,,,,,,,p.862,p.863
843,p.98,p.99,p.100,,,,,,,,,,,,,p.207,,p.208,,,,,,,,p.209,p.210,,,,p.211,p.212,,p.213,,,,,,,,,,,,p.108,,,,,,p.214,p.215,,,,,,,,,,,,,,,p.11,p.12,p.216,p.217,p.218,p.219,p.220,p.221,p.222,p.223,p.224,p.225,p.226,p.227,p.228,p.112,p.113,,,,p.229,p.230,,p.231,,,,p.232,p.233,,p.234,p.235,,,,,,,,p.236,p.237,,,p.238,p.239,p.891,,,p.241,,p.242,,p.243,,,,,p.244,,,,p.245,p.246,p.247,,,,,p.248,p.249,p.250,,p.251,p.252,,,p.253,,,,,p.254,p.255,p.898,p.257,,p.258,p.259,p.260,p.261
844,r.-11.1.0/r.-59.1.0,r.-11.1.0/r.-59.1.0,r.-59.1.0/r.-11.1.0,r.-11.1.0/r.-59.1.0,,,,,,,,,,,,r.-11.1.0/r.-59.1.0,,r.-59.1.0,,,r.-59.1.0/r.-11.1.0,,,r.-59.1.0/r.-11.1.0,r.-11.1.0/r.-59.1.0,,,r.-59.1.0/r.-11.1.0,r.-59.1.0/r.-11.1.0,r.-59.1.0/r.-11.1.0,,,r.-59.1.0/r.-11.1.0,,,,,,,,,,,r.-11.1.0/r.-59.1.0,r.-59.1.0/r.-11.1.0,r.-11.1.0/r.-59.1.0,r.-11.1.0/r.-59.1.0,r.-11.1.0/r.-59.1.0,,r.-11.1.0/r.-59.1.0,r.-59.1.0/r.-11.1.0,r.-11.1.0/r.-59.1.0,r.-11.1.0/r.-59.1.0,r.-59.1.0/r.-11.1.0,r.-59.1.0/r.-11.1.0,r.-11.1.0/r.-59.1.0,r.-11.1.0/r.-59.1.0,,,,r.-59.1.0/r.-11.1.0,r.-11.1.0/r.-59.1.0,,,,,,,,,,,,,,,,,,,,,,,,,,,,,,,,,,,,,,,,,,,,,,,,,,,,,,,,,,,,,,,,,,,,,,,,,,,,,,,,,,,,,,,,,,,,,,,
845,r.-23.1.0,r.-23.1.0,r.-23.1.0,r.-23.1.0,,,,,,,,,,,,r.-23.1.0,,,,,r.-23.1.0,,,r.-23.1.0,r.-23.1.0,,,r.-23.1.0,r.-23.1.0,r.-23.1.0,,,r.-23.1.0,,,,,,,,,,,r.-23.1.0,r.-23.1.0,r.-23.1.0,r.-23.1.0,r.-23.1.0,,r.-23.1.0,r.-23.1.0,r.-23.1.0,r.-23.1.0,r.-23.1.0,r.-23.1.0,r.-23.1.0,r.-23.1.0,,,,r.-23.1.0,r.-23.1.0,,,,,,,,,,,,,,,,,,,,,,,,,,,,,,,,,,,,,,,,,,,,,,,,,,,,,,,,,,,,,,,,,,,,,,,,,,,,,,,,,,,,,,,,,,,,,,,
846,r.-31.1.0,r.-31.1.0,r.-31.1.0,r.-31.1.0,,,,,,,,,,,,r.-31.1.0,,,,,r.-31.1.0,,,r.-31.1.0,r.-31.1.0,,,r.-31.1.0,r.-31.1.0,r.-31.1.0,,,r.-31.1.0,,,,,,,,,,,r.-31.1.0,r.-31.1.0,r.-31.1.0,r.-31.1.0,r.-31.1.0,,r.-31.1.0,r.-31.1.0,r.-31.1.0,r.-31.1.0,r.-31.1.0,r.-31.1.0,r.-31.1.0,r.-31.1.0,,,,r.-31.1.0,r.-31.1.0,,,,,,,,,,,,,,,,,,,,,,,,,,,,,,,,,,,,,,,,,,,,,,,,,,,,,,,,,,,,,,,,,,,,,,,,,,,,,,,,,,,,,,,,,,,,,,,
847,r.-33.1.0,r.-33.1.0,r.-33.1.0,r.-33.1.0,,,,,,,,,,,,r.-33.1.0,,,,,r.-33.1.0,,,r.-33.1.0,r.-33.1.0,,,r.-33.1.0,r.-33.1.0,r.-33.1.0,,,r.-33.1.0,,,,,,,,,,,r.-33.1.0,r.-33.1.0,r.-33.1.0,r.-33.1.0,r.-33.1.0,,r.-33.1.0,r.-33.1.0,r.-33.1.0,r.-33.1.0,r.-33.1.0,r.-33.1.0,r.-33.1.0,r.-33.1.0,,,,r.-33.1.0,r.-33.1.0,,,,,,,,,,,,,,,,,,,,,,,,,,,,,,,,,,,,,,,,,,,,,,,,,,,,,,,,,,,,,,,,,,,,,,,,,,,,,,,,,,,,,,,,,,,,,,,
848,r.-40.1.0,r.-40.1.0,r.-40.1.0,r.-40.1.0,,,,,,,,,,,,r.-40.1.0,,,,,r.-40.1.0,,,r.-40.1.0,r.-40.1.0,,,r.-40.1.0,r.-40.1.0,r.-40.1.0,,,r.-40.1.0,,,,,,,,,,,r.-40.1.0,r.-40.1.0,r.-40.1.0,r.-40.1.0,r.-40.1.0,,r.-40.1.0,r.-40.1.0,r.-40.1.0,r.-40.1.0,r.-40.1.0,r.-40.1.0,r.-40.1.0,r.-40.1.0,,,,r.-40.1.0,r.-40.1.0,,,,,,,,,,,,,,,,,,,,,,,,,,,,,,,,,,,,,,,,,,,,,,,,,,,,,,,,,,,,,,,,,,,,,,,,,,,,,,,,,,,,,,,,,,,,,,,
849,p.98,p.99,p.100,,,,,,,,,,,,,p.895,,p.844,,,,,,,,,p.845,,,,p.846,p.847,,p.848,,,,,,,,,,,,p.108,,,,,,p.849,p.850,,,,,,,,,,,,,,,,,,,,,,,,,,,,,p.851,p.112,p.113,,,,,,,,,,,,p.853,,,p.854,,,,,,,,,p.855,,,,,,,,p.856,,p.857,,,,,,,p.858,,,,,,,,,,,p.859,p.860,,,,,,,p.861,,,,,,,,,,,,p.897,p.863
850,p.98,p.99,p.100,,,,,,,,,,,,,p.895,,p.844,,,,,,,,,p.845,,,,p.846,p.847,,p.848,,,,,,,,,,,,p.108,,,,,,p.849,p.850,,,,,,,,,,,,,,,,,,,,,,,,,,,,,p.851,p.112,p.113,,,,,,,,,,,,p.853,,,p.854,,,,,,,,,p.855,,,,,,,,p.856,,p.857,,,,,,,p.858,,,,,,,,,,,p.859,p.860,,,,,,,p.861,,,,,,,,,,,,p.896,p.863
851,p.98,p.99,p.100,,,,,,,,,,,,,p.889,,p.844,,,,,,,,,p.845,,,,p.846,p.847,,p.848,,,,,,,,,,,,p.108,,,,,,p.849,p.850,,,,,,,,,,,,,,,,,,,,,,,,,,,,,p.851,p.112,p.113,,,,,,,,,,,,p.853,,,p.854,,,,,,,,,p.855,,,,,,,,p.856,,p.857,,,,,,,p.858,,,,,,,,,,,p.859,p.860,,,,,,,p.861,,,,,,,,,,,,p.890,p.863
852,p.879,p.880,r.-55.3.0,r.-55.3.0,,,,,,,,,,,,,,,,,r.-55.3.0,,,,r.-55.3.0,,,r.-55.3.0,r.-55.3.0,r.-55.3.0,,,r.-55.3.0,,,,,,,,,,,r.-55.3.0,r.-55.3.0,,,,,,,,,r.-55.3.0,r.-55.3.0,r.-55.3.0,r.-55.3.0,,,,r.-55.3.0,r.-55.3.0,,,,,,,,,,,,,,,,,,,,,,,,,,,,,,,,,,,,,,,,,,,,,,,,,,,,,,,,,,,,,,,,,,,,,,,,,,,,,,,,,,,,,,,,,,,,,,,
853,r.-14.1.0,r.-14.1.0,r.-14.1.0,r.-14.1.0,,,,,,,,,,,,r.-14.1.0,,,,,r.-14.1.0,,,r.-14.1.0,r.-14.1.0,,,r.-14.1.0,r.-14.1.0,r.-14.1.0,,,r.-14.1.0,,,,,,,,,,,r.-14.1.0,r.-14.1.0,r.-14.1.0,r.-14.1.0,r.-14.1.0,,r.-14.1.0,r.-14.1.0,r.-14.1.0,r.-14.1.0,r.-14.1.0,r.-14.1.0,r.-14.1.0,r.-14.1.0,,,,r.-14.1.0,r.-14.1.0,,,,,,,,,,,,,,,,,,,,,,,,,,,,,,,,,,,,,,,,,,,,,,,,,,,,,,,,,,,,,,,,,,,,,,,,,,,,,,,,,,,,,,,,,,,,,,,
854,r.-52.1.0,r.-52.1.0,r.-52.1.0,r.-52.1.0,,,,,,,,,,,,r.-52.1.0,,,,,r.-52.1.0,,,r.-52.1.0,r.-52.1.0,,,r.-52.1.0,r.-52.1.0,r.-52.1.0,,,r.-52.1.0,,,,,,,,,,,r.-52.1.0,r.-52.1.0,r.-52.1.0,r.-52.1.0,r.-52.1.0,,r.-52.1.0,r.-52.1.0,r.-52.1.0,r.-52.1.0,r.-52.1.0,r.-52.1.0,r.-52.1.0,r.-52.1.0,,,,r.-52.1.0,r.-52.1.0,,,,,,,,,,,,,,,,,,,,,,,,,,,,,,,,,,,,,,,,,,,,,,,,,,,,,,,,,,,,,,,,,,,,,,,,,,,,,,,,,,,,,,,,,,,,,,,
855,r.-14.1.0,r.-14.1.0,r.-14.1.0,r.-14.1.0,,,,,,,,,,,,r.-14.1.0,,,,,r.-14.1.0,,,r.-14.1.0,r.-14.1.0,,,r.-14.1.0,r.-14.1.0,r.-14.1.0,,,r.-14.1.0,,,,,,,,,,,r.-14.1.0,r.-14.1.0,r.-14.1.0,r.-14.1.0,r.-14.1.0,,r.-14.1.0,r.-14.1.0,r.-14.1.0,r.-14.1.0,r.-14.1.0,r.-14.1.0,r.-14.1.0,r.-14.1.0,,,,r.-14.1.0,r.-14.1.0,,,,,,,,,,,,,,,,,,,,,,,,,,,,,,,,,,,,,,,,,,,,,,,,,,,,,,,,,,,,,,,,,,,,,,,,,,,,,,,,,,,,,,,,,,,,,,,
856,r.-14.1.0,r.-14.1.0,r.-14.1.0,r.-14.1.0,,,,,,,,,,,,r.-14.1.0,,,,,r.-14.1.0,,,r.-14.1.0,r.-14.1.0,,,r.-14.1.0,r.-14.1.0,r.-14.1.0,,,r.-14.1.0,,,,,,,,,,,r.-14.1.0,r.-14.1.0,r.-14.1.0,r.-14.1.0,r.-14.1.0,,r.-14.1.0,r.-14.1.0,r.-14.1.0,r.-14.1.0,r.-14.1.0,r.-14.1.0,r.-14.1.0,r.-14.1.0,,,,r.-14.1.0,r.-14.1.0,,,,,,,,,,,,,,,,,,,,,,,,,,,,,,,,,,,,,,,,,,,,,,,,,,,,,,,,,,,,,,,,,,,,,,,,,,,,,,,,,,,,,,,,,,,,,,,
857,r.-52.1.0,r.-52.1.0,r.-52.1.0,r.-52.1.0,,,,,,,,,,,,r.-52.1.0,,,,,r.-52.1.0,,,r.-52.1.0,r.-52.1.0,,,r.-52.1.0,r.-52.1.0,r.-52.1.0,,,r.-52.1.0,,,,,,,,,,,r.-52.1.0,r.-52.1.0,r.-52.1.0,r.-52.1.0,r.-52.1.0,,r.-52.1.0,r.-52.1.0,r.-52.1.0,r.-52.1.0,r.-52.1.0,r.-52.1.0,r.-52.1.0,r.-52.1.0,,,,r.-52.1.0,r.-52.1.0,,,,,,,,,,,,,,,,,,,,,,,,,,,,,,,,,,,,,,,,,,,,,,,,,,,,,,,,,,,,,,,,,,,,,,,,,,,,,,,,,,,,,,,,,,,,,,,
858,r.-14.1.0,r.-14.1.0,r.-14.1.0,r.-14.1.0,,,,,,,,,,,,r.-14.1.0,,,,,r.-14.1.0,,,r.-14.1.0,r.-14.1.0,,,r.-14.1.0,r.-14.1.0,r.-14.1.0,,,r.-14.1.0,,,,,,,,,,,r.-14.1.0,r.-14.1.0,r.-14.1.0,r.-14.1.0,r.-14.1.0,,r.-14.1.0,r.-14.1.0,r.-14.1.0,r.-14.1.0,r.-14.1.0,r.-14.1.0,r.-14.1.0,r.-14.1.0,,,,r.-14.1.0,r.-14.1.0,,,,,,,,,,,,,,,,,,,,,,,,,,,,,,,,,,,,,,,,,,,,,,,,,,,,,,,,,,,,,,,,,,,,,,,,,,,,,,,,,,,,,,,,,,,,,,,
859,r.-71.1.0,r.-71.1.0,r.-71.1.0,r.-71.1.0,,,,,,,,,,,,p.866,,,,,r.-71.1.0,,,p.867,r.-71.1.0,,,r.-71.1.0,r.-71.1.0,r.-71.1.0,,,r.-71.1.0,,,,,,,,,,,r.-71.1.0,r.-71.1.0,r.-71.1.0,r.-71.1.0,r.-71.1.0,,p.868,p.869,p.870,p.871,r.-71.1.0,r.-71.1.0,r.-71.1.0,r.-71.1.0,,,,r.-71.1.0,r.-71.1.0,,,,,,,,,,,,,,,,,,,,,,,,,,,,,,,,,,,,,,,,,,,,,,,,,,,,,,,,,,,,,,,,,,,,,,,,,,,,,,,,,,,,,,,,,,,,,,,
860,r.-51.1.0,r.-51.1.0,r.-51.1.0,r.-51.1.0,,,,,,,,,,,,r.-51.1.0,,,,,r.-51.1.0,,,r.-51.1.0,r.-51.1.0,,,r.-51.1.0,r.-51.1.0,r.-51.1.0,,,r.-51.1.0,,,,,,,,,,,r.-51.1.0,r.-51.1.0,r.-51.1.0,r.-51.1.0,r.-51.1.0,,r.-51.1.0,r.-51.1.0,r.-51.1.0,r.-51.1.0,r.-51.1.0,r.-51.1.0,r.-51.1.0,r.-51.1.0,,,,r.-51.1.0,r.-51.1.0,,,,,,,,,,,,,,,,,,,,,,,,,,,,,,,,,,,,,,,,,,,,,,,,,,,,,,,,,,,,,,,,,,,,,,,,,,,,,,,,,,,,,,,,,,,,,,,
861,r.-52.1.0,r.-52.1.0,r.-52.1.0,r.-52.1.0,,,,,,,,,,,,r.-52.1.0,,p.865,,,r.-52.1.0,,,r.-52.1.0,r.-52.1.0,,,r.-52.1.0,r.-52.1.0,r.-52.1.0,,,r.-52.1.0,,,,,,,,,,,r.-52.1.0,r.-52.1.0,r.-52.1.0,r.-52.1.0,r.-52.1.0,,r.-52.1.0,r.-52.1.0,r.-52.1.0,r.-52.1.0,r.-52.1.0,r.-52.1.0,r.-52.1.0,r.-52.1.0,,,,r.-52.1.0,r.-52.1.0,,,,,,,,,,,,,,,,,,,,,,,,,,,,,,,,,,,,,,,,,,,,,,,,,,,,,,,,,,,,,,,,,,,,,,,,,,,,,,,,,,,,,,,,,,,,,,,
862,r.-10.1.0,r.-10.1.0,r.-10.1.0,r.-10.1.0,,,,,,,,,,,,,,,,,r.-10.1.0,,,,r.-10.1.0,,,r.-10.1.0,r.-10.1.0,r.-10.1.0,,,r.-10.1.0,,,,,,,,,,,r.-10.1.0,r.-10.1.0,r.-10.1.0,r.-10.1.0,r.-10.1.0,,,,,,r.-10.1.0,r.-10.1.0,r.-10.1.0,r.-10.1.0,,,,r.-10.1.0,r.-10.1.0,,,,,,,,,,,,,,,,,,,,,,,,,,,,,,,,,,,,,,,,,,,,,,,,,,,,,,,,,,,,,,,,,,,,,,,,,,,,,,,,,,,,,,,,,,,,,,,
863,p.98,p.99,p.100,,,,,,,,,,,,,p.843,,p.844,,,,,,,,,p.845,,,,p.846,p.847,,p.848,,,,,,,,,,,,p.108,,,,,,p.849,p.850,,,,,,,,,,,,,,,,,,,,,,,,,,,,,p.851,p.112,p.113,,,,,,,,,,,p.864,p.853,,,p.854,,,,,,,,,p.855,,,,,,,,p.856,,p.857,,,,,,,p.858,,,,,,,,,,,p.859,p.860,,,,,,,p.861,,,,,,,,,,,,p.862,p.863
864,r.-71.2.0,r.-71.2.0,r.-71.2.0,r.-71.2.0,,,,,,,,,,,,,,,,,r.-71.2.0,,,,r.-71.2.0,,,r.-71.2.0,r.-71.2.0,r.-71.2.0,,,r.-71.2.0,,,,,,,,,,,r.-71.2.0,r.-71.2.0,r.-71.2.0,r.-71.2.0,r.-71.2.0,,,,,,r.-71.2.0,r.-71.2.0,r.-71.2.0,r.-71.2.0,,,,r.-71.2.0,r.-71.2.0,,,,,,,,,,,,,,,,,,,,,,,,,,,,,,,,,,,,,,,,,,,,,,,,,,,,,,,,,,,,,,,,,,,,,,,,,,,,,,,,,,,,,,,,,,,,,,,
865,r.-59.2.0,r.-59.2.0,r.-59.2.0,r.-59.2.0,,,,,,,,,,,,r.-59.2.0,,r.-59.2.0,,,r.-59.2.0,,,r.-59.2.0,r.-59.2.0,,,r.-59.2.0,r.-59.2.0,r.-59.2.0,,,r.-59.2.0,,,,,,,,,,,r.-59.2.0,r.-59.2.0,r.-59.2.0,r.-59.2.0,r.-59.2.0,,r.-59.2.0,r.-59.2.0,r.-59.2.0,r.-59.2.0,r.-59.2.0,r.-59.2.0,r.-59.2.0,r.-59.2.0,,,,r.-59.2.0,r.-59.2.0,,,,,,,,,,,,,,,,,,,,,,,,,,,,,,,,,,,,,,,,,,,,,,,,,,,,,,,,,,,,,,,,,,,,,,,,,,,,,,,,,,,,,,,,,,,,,,,
866,p.98,p.99,p.100,,,,,,,,,,,,,p.207,p.876,p.208,,,,,,,,,p.210,,,,p.211,p.263,,p.213,,,,,,,,,,,,p.108,,,,,,p.214,p.215,,,,,,,,,,,,,,,,,,,,,,,,,,,,,p.228,p.112,p.113,,,,p.229,p.230,p.877,p.521,,,,p.232,p.233,,p.234,p.235,,,,,,,,,p.237,,,p.238,p.239,,,,p.241,,p.242,,p.243,,,,,p.244,,,,p.245,p.246,p.247,,,,,p.248,p.249,p.250,,p.251,,,,p.253,,,,,,,,,,,,p.260,p.261
867,p.98,p.99,p.100,,,,,,,,,,,,,p.170,,p.171,,,,,,,,,p.172,,,,p.173,p.174,,p.175,,,,,,,,,,,,p.108,,,,,,p.176,p.177,,,,,,,,,,,,,,,,,,,,,,,,,,,,,p.178,p.112,p.113,,,,p.179,p.180,,p.181,,,,p.182,p.183,,p.184,p.185,,,,,,,,,p.186,,,p.187,p.188,p.874,,,p.190,,p.191,,p.192,,,,,p.193,,,,p.194,p.195,p.196,,,,,p.197,p.198,p.199,,p.200,,,,p.201,,,,,,,,,,,,p.202,p.203
868,,,,,,,,,,,,,,,,,,,,,,,,,,,,,,,,p.847,,,,,,,,,,,,,,,,,,,,,,,,,,,,,,,,,,,,,,,,,,,,,,,,,,,,,,,,,,,,,,,,,,,,,,,,,,,,,,,,,,,,,,p.873,,,,,,,,,,,,,,,,,,,,,,,,,,,,,,,,,,,,,,,
869,,,,,,,,,,,,,,,,,,,,,,,,,,,,,,,,p.847,,,,,,,,,,,,,,,,,,,,,,,,,,,,,,,,,,,,,,,,,,,,,,,,,,,,,,,,,,,,,,,,,,,,,,,,,,,,,,,,,,,,,,p.872,,,,,,,,,,,,,,,,,,,,,,,,,,,,,,,,,,,,,,,
870,r.-51.2.0,r.-51.2.0,r.-51.2.0,r.-51.2.0,,,,,,,,,,,,r.-51.2.0,,,,,r.-51.2.0,,,r.-51.2.0,r.-51.2.0,,,r.-51.2.0,r.-51.2.0,r.-51.2.0,,,r.-51.2.0,,,,,,,,,,,r.-51.2.0,r.-51.2.0,r.-51.2.0,r.-51.2.0,r.-51.2.0,,r.-51.2.0,r.-51.2.0,r.-51.2.0,r.-51.2.0,r.-51.2.0,r.-51.2.0,r.-51.2.0,r.-51.2.0,,,,r.-51.2.0,r.-51.2.0,,,,,,,,,,,,,,,,,,,,,,,,,,,,,,,,,,,,,,,,,,,,,,,,,,,,,,,,,,,,,,,,,,,,,,,,,,,,,,,,,,,,,,,,,,,,,,,
871,r.-51.2.0,r.-51.2.0,r.-51.2.0,r.-51.2.0,,,,,,,,,,,,r.-51.2.0,,,,,r.-51.2.0,,,r.-51.2.0,r.-51.2.0,,,r.-51.2.0,r.-51.2.0,r.-51.2.0,,,r.-51.2.0,,,,,,,,,,,r.-51.2.0,r.-51.2.0,r.-51.2.0,r.-51.2.0,r.-51.2.0,,r.-51.2.0,r.-51.2.0,r.-51.2.0,r.-51.2.0,r.-51.2.0,r.-51.2.0,r.-51.2.0,r.-51.2.0,,,,r.-51.2.0,r.-51.2.0,,,,,,,,,,,,,,,,,,,,,,,,,,,,,,,,,,,,,,,,,,,,,,,,,,,,,,,,,,,,,,,,,,,,,,,,,,,,,,,,,,,,,,,,,,,,,,,
872,r.-51.3.0,r.-51.3.0,r.-51.3.0,r.-51.3.0,,,,,,,,,,,,r.-51.3.0,,,,,r.-51.3.0,,,r.-51.3.0,r.-51.3.0,,,r.-51.3.0,r.-51.3.0,r.-51.3.0,,,r.-51.3.0,,,,,,,,,,,r.-51.3.0,r.-51.3.0,r.-51.3.0,r.-51.3.0,r.-51.3.0,,r.-51.3.0,r.-51.3.0,r.-51.3.0,r.-51.3.0,r.-51.3.0,r.-51.3.0,r.-51.3.0,r.-51.3.0,,,,r.-51.3.0,r.-51.3.0,,,,,,,,,,,,,,,,,,,,,,,,,,,,,,,,,,,,,,,,,,,,,,,,,,,,,,,,,,,,,,,,,,,,,,,,,,,,,,,,,,,,,,,,,,,,,,,
873,r.-51.3.0,r.-51.3.0,r.-51.3.0,r.-51.3.0,,,,,,,,,,,,r.-51.3.0,,,,,r.-51.3.0,,,r.-51.3.0,r.-51.3.0,,,r.-51.3.0,r.-51.3.0,r.-51.3.0,,,r.-51.3.0,,,,,,,,,,,r.-51.3.0,r.-51.3.0,r.-51.3.0,r.-51.3.0,r.-51.3.0,,r.-51.3.0,r.-51.3.0,r.-51.3.0,r.-51.3.0,r.-51.3.0,r.-51.3.0,r.-51.3.0,r.-51.3.0,,,,r.-51.3.0,r.-51.3.0,,,,,,,,,,,,,,,,,,,,,,,,,,,,,,,,,,,,,,,,,,,,,,,,,,,,,,,,,,,,,,,,,,,,,,,,,,,,,,,,,,,,,,,,,,,,,,,
874,,,,p.516,,,,,,,,,,,,,,,,,,,,,p.875,,,,,,,,,,,,,,,,,,,,,,,,,,,,,,,,,,,,,,,,,,,,,,,,,,,,,,,,,,,,,,,,,,,,,,,,,,,,,,,,,,,,,,,,,,,,,,,,,,,,,,,,,,,,,,,,,,,,,,,,,,,,,,,,,,,,
875,r.-51.4.0,r.-51.4.0,r.-51.4.0,r.-51.4.0,,,,,,,,,,,,r.-51.4.0,,,,,r.-51.4.0,,,r.-51.4.0,r.-51.4.0,,,r.-51.4.0,r.-51.4.0,r.-51.4.0,,,r.-51.4.0,,,,,,,,,,,r.-51.4.0,r.-51.4.0,r.-51.4.0,r.-51.4.0,r.-51.4.0,,r.-51.4.0,r.-51.4.0,r.-51.4.0,r.-51.4.0,r.-51.4.0,r.-51.4.0,r.-51.4.0,r.-51.4.0,,,,r.-51.4.0,r.-51.4.0,,,,,,,,,,,,,,,,,,,,,,,,,,,,,,,,,,,,,,,,,,,,,,,,,,,,,,,,,,,,,,,,,,,,,,,,,,,,,,,,,,,,,,,,,,,,,,,
876,r.-51.3.0,r.-51.3.0,r.-51.3.0,r.-51.3.0,,,,,,,,,,,,r.-51.3.0,,,,,r.-51.3.0,,,r.-51.3.0,r.-51.3.0,,,r.-51.3.0,r.-51.3.0,r.-51.3.0,,,r.-51.3.0,,,,,,,,,,,r.-51.3.0,r.-51.3.0,r.-51.3.0,r.-51.3.0,r.-51.3.0,,r.-51.3.0,r.-51.3.0,r.-51.3.0,r.-51.3.0,r.-51.3.0,r.-51.3.0,r.-51.3.0,r.-51.3.0,,,,r.-51.3.0,r.-51.3.0,,,,,,,,,,,,,,,,,,,,,,,,,,,,,,,,,,,,,,,,,,,,,,,,,,,,,,,,,,,,,,,,,,,,,,,,,,,,,,,,,,,,,,,,,,,,,,,
877,,,,p.522,,,,,,,,,,,,,p.878,,,,,,,,,,,,,,,,,,,,,,,,,,,,,,,,,,,,,,,,,,,,,,,,,,,,,,,,,,,,,,,,,,,,,,,,,,,,,,,,,,,,,,,,,,,,,,,,,,,,,,,,,,,,,,,,,,,,,,,,,,,,,,,,,,,,,,,,,,,,
878,r.-51.4.0,r.-51.4.0,r.-51.4.0,r.-51.4.0,,,,,,,,,,,,r.-51.4.0,,,,,r.-51.4.0,,,r.-51.4.0,r.-51.4.0,,,r.-51.4.0,r.-51.4.0,r.-51.4.0,,,r.-51.4.0,,,,,,,,,,,r.-51.4.0,r.-51.4.0,r.-51.4.0,r.-51.4.0,r.-51.4.0,,r.-51.4.0,r.-51.4.0,r.-51.4.0,r.-51.4.0,r.-51.4.0,r.-51.4.0,r.-51.4.0,r.-51.4.0,,,,r.-51.4.0,r.-51.4.0,,,,,,,,,,,,,,,,,,,,,,,,,,,,,,,,,,,,,,,,,,,,,,,,,,,,,,,,,,,,,,,,,,,,,,,,,,,,,,,,,,,,,,,,,,,,,,,
879,p.98,p.99,p.100,,,,,,,,,,,,,p.843,,p.844,,,,,,,,,p.845,,,,p.846,p.847,,p.848,,,,,,,,,,,,p.108,,,,,,p.849,p.850,,,,,,,,,,,,,,,,,,,,,,,,,,,,,p.851,p.112,p.113,,,,,,,,,,,p.182,p.853,,,p.854,,,,,,,,,p.855,,,,,,,,p.856,,p.857,,,,,,,p.858,,,,,,p.888,,,,,p.859,p.860,,,,,,,p.861,,,,,,,,,,,,p.862,p.863
880,p.98,p.99,p.100,,,,,,,,,,,,,p.843,,p.844,,,,,,,,,p.845,,,,p.846,p.847,,p.848,,,,,,,,,,,,p.108,,,,,,p.849,p.850,,,,,,,,,,,,,,,,,,,,,,,,,,,,,p.851,p.112,p.113,,,,,,,,,,,p.182,p.853,,,p.854,,,,,,,,,p.855,,,,,,,,p.856,,p.857,,,,,,,p.858,,,,,,p.881,,,,,p.859,p.860,,,,,,,p.861,,,,,,,,,,,,p.862,p.863
881,r.-3.3.0,r.-3.3.0,r.-3.3.0,r.-3.3.0,,,,,,,,,,,,,,,,,r.-3.3.0,,,,r.-3.3.0,,,r.-3.3.0,r.-3.3.0,r.-3.3.0,,,r.-3.3.0,,,,,,,,,,,r.-3.3.0,r.-3.3.0,p.882,p.883,p.884,,,,,,r.-3.3.0,r.-3.3.0,r.-3.3.0,r.-3.3.0,,,,r.-3.3.0,r.-3.3.0,,,,,,,,,,,,,,,,,,,,,,,,,,,,,,,,,,,,,,,,,,,,,,,,,,,,,,,,,,,,,,,,,,,,,,,,,,,,,,,,,,,,,,,,,,,,,,,
882,p.98,p.99,p.100,,,,,,,,,,,,,p.843,,p.844,,,,,,,,,p.845,,,,p.846,p.847,,p.848,,,,,,,,,,,,p.108,,,,,,p.849,p.850,,,,,,,,,,,,,,,,,,,,,,,,,,,,,p.851,p.112,p.113,,,,,,,,,,,p.887,p.853,,,p.854,,,,,,,,,p.855,,,,,,,,p.856,,p.857,,,,,,,p.858,,,,,,,,,,,p.859,p.860,,,,,,,p.861,,,,,,,,,,,,p.862,p.863
883,p.98,p.99,p.100,,,,,,,,,,,,,p.843,,p.844,,,,,,,,,p.845,,,,p.846,p.847,,p.848,,,,,,,,,,,,p.108,,,,,,p.849,p.850,,,,,,,,,,,,,,,,,,,,,,,,,,,,,p.851,p.112,p.113,,,,,,,,,,,p.886,p.853,,,p.854,,,,,,,,,p.855,,,,,,,,p.856,,p.857,,,,,,,p.858,,,,,,,,,,,p.859,p.860,,,,,,,p.861,,,,,,,,,,,,p.862,p.863
884,p.98,p.99,p.100,,,,,,,,,,,,,p.843,,p.844,,,,,,,,,p.845,,,,p.846,p.847,,p.848,,,,,,,,,,,,p.108,,,,,,p.849,p.850,,,,,,,,,,,,,,,,,,,,,,,,,,,,,p.851,p.112,p.113,,,,,,,,,,,p.885,p.853,,,p.854,,,,,,,,,p.855,,,,,,,,p.856,,p.857,,,,,,,p.858,,,,,,,,,,,p.859,p.860,,,,,,,p.861,,,,,,,,,,,,p.862,p.863
885,r.-46.3.0,r.-46.3.0,r.-46.3.0,r.-46.3.0,,,,,,,,,,,,,,,,,r.-46.3.0,,,,r.-46.3.0,,,r.-46.3.0,r.-46.3.0,r.-46.3.0,,,r.-46.3.0,,,,,,,,,,,r.-46.3.0,r.-46.3.0,r.-46.3.0,r.-46.3.0,r.-46.3.0,,,,,,r.-46.3.0,r.-46.3.0,r.-46.3.0,r.-46.3.0,,,,r.-46.3.0,r.-46.3.0,,,,,,,,,,,,,,,,,,,,,,,,,,,,,,,,,,,,,,,,,,,,,,,,,,,,,,,,,,,,,,,,,,,,,,,,,,,,,,,,,,,,,,,,,,,,,,,
886,r.-46.3.0,r.-46.3.0,r.-46.3.0,r.-46.3.0,,,,,,,,,,,,,,,,,r.-46.3.0,,,,r.-46.3.0,,,r.-46.3.0,r.-46.3.0,r.-46.3.0,,,r.-46.3.0,,,,,,,,,,,r.-46.3.0,r.-46.3.0,r.-46.3.0,r.-46.3.0,r.-46.3.0,,,,,,r.-46.3.0,r.-46.3.0,r.-46.3.0,r.-46.3.0,,,,r.-46.3.0,r.-46.3.0,,,,,,,,,,,,,,,,,,,,,,,,,,,,,,,,,,,,,,,,,,,,,,,,,,,,,,,,,,,,,,,,,,,,,,,,,,,,,,,,,,,,,,,,,,,,,,,
887,r.-46.3.0,r.-46.3.0,r.-46.3.0,r.-46.3.0,,,,,,,,,,,,,,,,,r.-46.3.0,,,,r.-46.3.0,,,r.-46.3.0,r.-46.3.0,r.-46.3.0,,,r.-46.3.0,,,,,,,,,,,r.-46.3.0,r.-46.3.0,r.-46.3.0,r.-46.3.0,r.-46.3.0,,,,,,r.-46.3.0,r.-46.3.0,r.-46.3.0,r.-46.3.0,,,,r.-46.3.0,r.-46.3.0,,,,,,,,,,,,,,,,,,,,,,,,,,,,,,,,,,,,,,,,,,,,,,,,,,,,,,,,,,,,,,,,,,,,,,,,,,,,,,,,,,,,,,,,,,,,,,,
888,r.-3.3.0,r.-3.3.0,r.-3.3.0,r.-3.3.0,,,,,,,,,,,,,,,,,r.-3.3.0,,,,r.-3.3.0,,,r.-3.3.0,r.-3.3.0,r.-3.3.0,,,r.-3.3.0,,,,,,,,,,,r.-3.3.0,r.-3.3.0,p.882,p.883,p.884,,,,,,r.-3.3.0,r.-3.3.0,r.-3.3.0,r.-3.3.0,,,,r.-3.3.0,r.-3.3.0,,,,,,,,,,,,,,,,,,,,,,,,,,,,,,,,,,,,,,,,,,,,,,,,,,,,,,,,,,,,,,,,,,,,,,,,,,,,,,,,,,,,,,,,,,,,,,,
889,p.98,p.99,p.100,,,,,,,,,,,,,p.207,,p.208,,,,,,,,p.209,p.210,,,,p.211,p.212,,p.213,,,,,,,,,,,,p.108,,,,,,p.214,p.215,,,,,,,,,,,,,,,p.11,p.12,p.216,p.217,p.218,p.219,p.220,p.221,p.222,p.223,p.224,p.225,p.226,p.227,p.228,p.112,p.113,,,,p.229,p.230,,p.231,,,,p.232,p.233,,p.234,p.235,,,,,,,,p.236,p.237,,,p.238,p.239,p.891,,,p.241,,p.242,,p.243,,,,,p.244,,,,p.245,p.246,p.247,,,,,p.248,p.249,p.250,,p.251,p.252,,,p.253,,,,,p.254,p.255,p.892,p.257,,p.258,p.259,p.260,p.261
890,r.-71.2.0,r.-71.2.0,r.-71.2.0,r.-71.2.0,,,,,,,,,,,,,,,,,r.-71.2.0,,,,r.-71.2.0,,,r.-71.2.0,r.-71.2.0,r.-71.2.0,,,r.-71.2.0,,,,,,,,,,,r.-71.2.0,r.-71.2.0,r.-71.2.0,r.-71.2.0,r.-71.2.0,,,,,,r.-71.2.0,r.-71.2.0,r.-71.2.0,r.-71.2.0,,,,r.-71.2.0,r.-71.2.0,,,,,,,,,,,,,,,,,,,,,,,,,,,,,,,,,,,,,,,,,,,,,,,,,,,,,,,,,,,,,,,,,,,,,,,,,,,,,,,,,,,,,,,,,,,,,,,
891,,,,p.270,,,,,,,,,,,,,p.894,,,,,,,,,,,,,,,,,,,,,,,,,,,,,,,,,,,,,,,,,,,,,,,,,,,,,,,,,,,,,,,,,,,,,,,,,,,,,,,,,,,,,,,,,,,,,,,,,,,,,,,,,,,,,,,,,,,,,,,,,,,,,,,,,,,,,,,,,,,,
892,,,,,,,,,,,,,,,,,p.893,,,,,,,,,,,,,,,,,,,,,,,,,,,,,,,,,,,,,,,,,,,,,,,,,,,,,,,,,,,,,,,,,,,,,,,,,,,,,,,,,,,,,,,,,,,,,,,,,,,,,,,,,,,,,,,,,,,,,,,,,,,,,,,,,,,,,,,,,,,,
893,r.-71.4.0,r.-71.4.0,r.-71.4.0,r.-71.4.0,,,,,,,,,,,,,,,,,r.-71.4.0,,,,r.-71.4.0,,,r.-71.4.0,r.-71.4.0,r.-71.4.0,,,r.-71.4.0,,,,,,,,,,,r.-71.4.0,r.-71.4.0,r.-71.4.0,r.-71.4.0,r.-71.4.0,,,,,,r.-71.4.0,r.-71.4.0,r.-71.4.0,r.-71.4.0,,,,r.-71.4.0,r.-71.4.0,,,,,,,,,,,,,,,,,,,,,,,,,,,,,,,,,,,,,,,,,,,,,,,,,,,,,,,,,,,,,,,,,,,,,,,,,,,,,,,,,,,,,,,,,,,,,,,
894,r.-52.3.0,r.-52.3.0,r.-52.3.0,r.-52.3.0,,,,,,,,,,,,r.-52.3.0,,,,,r.-52.3.0,,,r.-52.3.0,r.-52.3.0,,,r.-52.3.0,r.-52.3.0,r.-52.3.0,,,r.-52.3.0,,,,,,,,,,,r.-52.3.0,r.-52.3.0,r.-52.3.0,r.-52.3.0,r.-52.3.0,,r.-52.3.0,r.-52.3.0,r.-52.3.0,r.-52.3.0,r.-52.3.0,r.-52.3.0,r.-52.3.0,r.-52.3.0,,,,r.-52.3.0,r.-52.3.0,,,,,,,,,,,,,,,,,,,,,,,,,,,,,,,,,,,,,,,,,,,,,,,,,,,,,,,,,,,,,,,,,,,,,,,,,,,,,,,,,,,,,,,,,,,,,,,
895,p.98,p.99,p.100,,,,,,,,,,,,,p.207,,p.208,,,,,,,,,p.210,,,,p.211,p.263,,p.213,,,,,,,,,,,,p.108,,,,,,p.214,p.215,,,,,,,,,,,,,,,,,,,,,,,,,,,,,p.228,p.112,p.113,,,,p.229,p.230,,p.231,,,,p.232,p.233,,p.234,p.235,,,,,,,,,p.237,,,p.238,p.239,p.891,,,p.241,,p.242,,p.243,,,,,p.244,,,,p.245,p.246,p.247,,,,,p.248,p.249,p.250,,p.251,,,,p.253,,,,,,,,,,,,p.260,p.261
896,r.-71.2.0,r.-71.2.0,r.-71.2.0,r.-71.2.0,,,,,,,,,,,,,,,,,r.-71.2.0,,,,r.-71.2.0,,,r.-71.2.0,r.-71.2.0,r.-71.2.0,,,r.-71.2.0,,,,,,,,,,,r.-71.2.0,r.-71.2.0,r.-71.2.0,r.-71.2.0,r.-71.2.0,,,,,,r.-71.2.0,r.-71.2.0,r.-71.2.0,r.-71.2.0,,,,r.-71.2.0,r.-71.2.0,,,,,,,,,,,,,,,,,,,,,,,,,,,,,,,,,,,,,,,,,,,,,,,,,,,,,,,,,,,,,,,,,,,,,,,,,,,,,,,,,,,,,,,,,,,,,,,
897,r.-71.2.0,r.-71.2.0,r.-71.2.0,r.-71.2.0,,,,,,,,,,,,,,,,,r.-71.2.0,,,,r.-71.2.0,,,r.-71.2.0,r.-71.2.0,r.-71.2.0,,,r.-71.2.0,,,,,,,,,,,r.-71.2.0,r.-71.2.0,r.-71.2.0,r.-71.2.0,r.-71.2.0,,,,,,r.-71.2.0,r.-71.2.0,r.-71.2.0,r.-71.2.0,,,,r.-71.2.0,r.-71.2.0,,,,,,,,,,,,,,,,,,,,,,,,,,,,,,,,,,,,,,,,,,,,,,,,,,,,,,,,,,,,,,,,,,,,,,,,,,,,,,,,,,,,,,,,,,,,,,,
898,,,,,,,,,,,,,,,,,p.899,,,,,,,,,,,,,,,,,,,,,,,,,,,,,,,,,,,,,,,,,,,,,,,,,,,,,,,,,,,,,,,,,,,,,,,,,,,,,,,,,,,,,,,,,,,,,,,,,,,,,,,,,,,,,,,,,,,,,,,,,,,,,,,,,,,,,,,,,,,,
899,p.98,p.99,p.100,,,,,,,,,,,,,p.843,,p.844,,,,,,,,,p.845,,,,p.846,p.847,,p.848,,,,,,,,,,,,p.108,,,,,,p.849,p.850,,,,,,,,,,,,,,,,,,,,,,,,,,,,,p.851,p.112,p.113,,,,,,,,,,,p.900,p.853,,,p.854,,,,,,,,,p.855,,,,,,,,p.856,,p.857,,,,,,,p.858,,,,,,,,,,,p.859,p.860,,,,,,,p.861,,,,,,,,,,,,p.862,p.863
900,r.-10.4.0,r.-10.4.0,r.-10.4.0,r.-10.4.0,,,,,,,,,,,,,,,,,r.-10.4.0,,,,r.-10.4.0,,,r.-10.4.0,r.-10.4.0,r.-10.4.0,,,r.-10.4.0,,,,,,,,,,,r.-10.4.0,r.-10.4.0,r.-10.4.0,r.-10.4.0,r.-10.4.0,,,,,,r.-10.4.0,r.-10.4.0,r.-10.4.0,r.-10.4.0,,,,r.-10.4.0,r.-10.4.0,,,,,,,,,,,,,,,,,,,,,,,,,,,,,,,,,,,,,,,,,,,,,,,,,,,,,,,,,,,,,,,,,,,,,,,,,,,,,,,,,,,,,,,,,,,,,,,
901,p.879,p.880,r.-55.3.0,r.-55.3.0,,,,,,,,,,,,,,,,,r.-55.3.0,,,,r.-55.3.0,,,r.-55.3.0,r.-55.3.0,r.-55.3.0,,,r.-55.3.0,,,,,,,,,,,r.-55.3.0,r.-55.3.0,,,,,,,,,r.-55.3.0,r.-55.3.0,r.-55.3.0,r.-55.3.0,,,,r.-55.3.0,r.-55.3.0,,,,,,,,,,,,,,,,,,,,,,,,,,,,,,,,,,,,,,,,,,,,,,,,,,,,,,,,,,,,,,,,,,,,,,,,,,,,,,,,,,,,,,,,,,,,,,,
902,p.98,p.99,p.100,,,,,,,,,,,,,p.843,,p.844,,,,,,,,,p.845,,,,p.846,p.847,,p.848,,,,,,,,,,,,p.108,,,,,,p.849,p.850,,,,,,,,,,,,,,,,,,,,,,,,,,,,,p.851,p.112,p.113,,,,p.179,,,,,,,p.182,p.853,,,p.854,,,,,,,,,p.855,,,,,,,,p.856,,p.857,,,,,,,p.858,,,,,,p.196,,,,,p.859,p.860,,,p.909,,,,p.861,,,,,,,,,,,,p.862,p.863
903,p.98,p.99,p.100,,,,,,,,,,,,,p.843,,p.844,,,,,,,,,p.845,,,,p.846,p.847,,p.848,,,,,,,,,,,,p.108,,,,,,p.849,p.850,,,,,,,,,,,,,,,,,,,,,,,,,,,,,p.851,p.112,p.113,,,,p.179,,,,,,,p.182,p.853,,,p.854,,,,,,,,,p.855,,,,,,,,p.856,,p.857,,,,,,,p.858,,,,,,p.196,,,,,p.859,p.860,,,p.908,,,,p.861,,,,,,,,,,,,p.862,p.863
904,p.98,p.99,p.100,,,,,,,,,,,,,p.843,,p.844,,,,,,,,,p.845,,,,p.846,p.847,,p.848,,,,,,,,,,,,p.108,,,,,,p.849,p.850,,,,,,,,,,,,,,,,,,,,,,,,,,,,,p.851,p.112,p.113,,,,p.179,,,,,,,p.182,p.853,,,p.854,,,,,,,,,p.855,,,,,,,,p.856,,p.857,,,,,,,p.858,,,,,,p.196,,,,,p.859,p.860,,,p.907,,,,p.861,,,,,,,,,,,,p.862,p.863
905,p.98,p.99,p.100,,,,,,,,,,,,,p.843,,p.844,,,,,,,,,p.845,,,,p.846,p.847,,p.848,,,,,,,,,,,,p.108,,,,,,p.849,p.850,,,,,,,,,,,,,,,,,,,,,,,,,,,,,p.851,p.112,p.113,,,,p.179,,,,,,,p.182,p.853,,,p.854,,,,,,,,,p.855,,,,,,,,p.856,,p.857,,,,,,,p.858,,,,,,p.196,,,,,p.859,p.860,,,p.906,,,,p.861,,,,,,,,,,,,p.862,p.863
906,,,r.-53.3.0,r.-53.3.0,,,,,,,,,,,,,,,,,r.-53.3.0,,,,r.-53.3.0,,,r.-53.3.0,r.-53.3.0,r.-53.3.0,,,r.-53.3.0,,,,,,,,,,,r.-53.3.0,r.-53.3.0,,,,,,,,,r.-53.3.0,r.-53.3.0,r.-53.3.0,r.-53.3.0,,,,p.841,p.842,,,,,,,,,,,,,,,,,,,,,,,,,,,,,,,,,,,,,,,,,,,,,,,,,,,,,,,,,,,,,,,,,,,,,,,,,,,,,,,,,,,,,,,,,,,,,,,
907,,,r.-53.3.0,r.-53.3.0,,,,,,,,,,,,,,,,,r.-53.3.0,,,,r.-53.3.0,,,r.-53.3.0,r.-53.3.0,r.-53.3.0,,,r.-53.3.0,,,,,,,,,,,r.-53.3.0,r.-53.3.0,,,,,,,,,r.-53.3.0,r.-53.3.0,r.-53.3.0,r.-53.3.0,,,,p.841,p.842,,,,,,,,,,,,,,,,,,,,,,,,,,,,,,,,,,,,,,,,,,,,,,,,,,,,,,,,,,,,,,,,,,,,,,,,,,,,,,,,,,,,,,,,,,,,,,,
908,,,r.-53.3.0,r.-53.3.0,,,,,,,,,,,,,,,,,r.-53.3.0,,,,r.-53.3.0,,,r.-53.3.0,r.-53.3.0,r.-53.3.0,,,r.-53.3.0,,,,,,,,,,,r.-53.3.0,r.-53.3.0,,,,,,,,,r.-53.3.0,r.-53.3.0,r.-53.3.0,r.-53.3.0,,,,p.841,p.842,,,,,,,,,,,,,,,,,,,,,,,,,,,,,,,,,,,,,,,,,,,,,,,,,,,,,,,,,,,,,,,,,,,,,,,,,,,,,,,,,,,,,,,,,,,,,,,
909,,,r.-53.3.0,r.-53.3.0,,,,,,,,,,,,,,,,,r.-53.3.0,,,,r.-53.3.0,,,r.-53.3.0,r.-53.3.0,r.-53.3.0,,,r.-53.3.0,,,,,,,,,,,r.-53.3.0,r.-53.3.0,,,,,,,,,r.-53.3.0,r.-53.3.0,r.-53.3.0,r.-53.3.0,,,,p.841,p.842,,,,,,,,,,,,,,,,,,,,,,,,,,,,,,,,,,,,,,,,,,,,,,,,,,,,,,,,,,,,,,,,,,,,,,,,,,,,,,,,,,,,,,,,,,,,,,,
910,p.98,p.99,p.100,,,,,,,,,,,,,p.207,p.920,p.208,,,,,,,,,p.210,,,,p.211,p.263,,p.213,,,,,,,,,,,,p.108,,,,,,p.214,p.215,,,,,,,,,,,,,,,,,,,,,,,,,,,,,p.228,p.112,p.113,,,,p.229,p.230,p.921,p.521,,,,p.232,p.233,,p.234,p.235,,,,,,,,,p.237,,,p.238,p.239,,,,p.241,,p.242,,p.243,,,,,p.244,,,,p.245,p.246,p.247,,,,,p.248,p.249,p.250,,p.251,,,,p.253,,,,,,,,,,,,p.260,p.261
911,p.98,p.99,p.100,,,,,,,,,,,,,p.170,,p.171,,,,,,,,,p.172,,,,p.173,p.174,,p.175,,,,,,,,,,,,p.108,,,,,,p.176,p.177,,,,,,,,,,,,,,,,,,,,,,,,,,,,,p.178,p.112,p.113,,,,p.179,p.180,,p.181,,,,p.182,p.183,,p.184,p.185,,,,,,,,,p.186,,,p.187,p.188,p.918,,,p.190,,p.191,,p.192,,,,,p.193,,,,p.194,p.195,p.196,,,,,p.197,p.198,p.199,,p.200,,,,p.201,,,,,,,,,,,,p.202,p.203
912,,,,,,,,,,,,,,,,,,,,,,,,,,,,,,,,p.174,,,,,,,,,,,,,,,,,,,,,,,,,,,,,,,,,,,,,,,,,,,,,,,,,,,,,,,,,,,,,,,,,,,,,,,,,,,,,,,,,,,,,,p.917,,,,,,,,,,,,,,,,,,,,,,,,,,,,,,,,,,,,,,,
913,,,,,,,,,,,,,,,,,,,,,,,,,,,,,,,,p.174,,,,,,,,,,,,,,,,,,,,,,,,,,,,,,,,,,,,,,,,,,,,,,,,,,,,,,,,,,,,,,,,,,,,,,,,,,,,,,,,,,,,,,p.916,,,,,,,,,,,,,,,,,,,,,,,,,,,,,,,,,,,,,,,
914,r.-51.2.0,r.-51.2.0,r.-51.2.0,r.-51.2.0,r.-51.2.0,r.-51.2.0,r.-51.2.0,r.-51.2.0,r.-51.2.0,r.-51.2.0,r.-51.2.0,r.-51.2.0,r.-51.2.0,r.-51.2.0,r.-51.2.0,r.-51.2.0,,,,,r.-51.2.0,,,r.-51.2.0,r.-51.2.0,,,r.-51.2.0,r.-51.2.0,r.-51.2.0,,,r.-51.2.0,,,,,,,,,,,r.-51.2.0,r.-51.2.0,r.-51.2.0,r.-51.2.0,r.-51.2.0,,r.-51.2.0,r.-51.2.0,r.-51.2.0,r.-51.2.0,r.-51.2.0,r.-51.2.0,r.-51.2.0,r.-51.2.0,,,,r.-51.2.0,r.-51.2.0,,,,,,,,,,,,,,,,,,,,,,,,,,,,,,,,,,,,,,,,,,,,,,,,,,,,,,,,,,,,,,,,,,,,,,,,,,,,,,,,,,,,,,,,,,,,,,,
915,r.-51.2.0,r.-51.2.0,r.-51.2.0,r.-51.2.0,r.-51.2.0,r.-51.2.0,r.-51.2.0,r.-51.2.0,r.-51.2.0,r.-51.2.0,r.-51.2.0,r.-51.2.0,r.-51.2.0,r.-51.2.0,r.-51.2.0,r.-51.2.0,,,,,r.-51.2.0,,,r.-51.2.0,r.-51.2.0,,,r.-51.2.0,r.-51.2.0,r.-51.2.0,,,r.-51.2.0,,,,,,,,,,,r.-51.2.0,r.-51.2.0,r.-51.2.0,r.-51.2.0,r.-51.2.0,,r.-51.2.0,r.-51.2.0,r.-51.2.0,r.-51.2.0,r.-51.2.0,r.-51.2.0,r.-51.2.0,r.-51.2.0,,,,r.-51.2.0,r.-51.2.0,,,,,,,,,,,,,,,,,,,,,,,,,,,,,,,,,,,,,,,,,,,,,,,,,,,,,,,,,,,,,,,,,,,,,,,,,,,,,,,,,,,,,,,,,,,,,,,
916,r.-51.3.0,r.-51.3.0,r.-51.3.0,r.-51.3.0,r.-51.3.0,r.-51.3.0,r.-51.3.0,r.-51.3.0,r.-51.3.0,r.-51.3.0,r.-51.3.0,r.-51.3.0,r.-51.3.0,r.-51.3.0,r.-51.3.0,r.-51.3.0,,,,,r.-51.3.0,,,r.-51.3.0,r.-51.3.0,,,r.-51.3.0,r.-51.3.0,r.-51.3.0,,,r.-51.3.0,,,,,,,,,,,r.-51.3.0,r.-51.3.0,r.-51.3.0,r.-51.3.0,r.-51.3.0,,r.-51.3.0,r.-51.3.0,r.-51.3.0,r.-51.3.0,r.-51.3.0,r.-51.3.0,r.-51.3.0,r.-51.3.0,,,,r.-51.3.0,r.-51.3.0,,,,,,,,,,,,,,,,,,,,,,,,,,,,,,,,,,,,,,,,,,,,,,,,,,,,,,,,,,,,,,,,,,,,,,,,,,,,,,,,,,,,,,,,,,,,,,,
917,r.-51.3.0,r.-51.3.0,r.-51.3.0,r.-51.3.0,r.-51.3.0,r.-51.3.0,r.-51.3.0,r.-51.3.0,r.-51.3.0,r.-51.3.0,r.-51.3.0,r.-51.3.0,r.-51.3.0,r.-51.3.0,r.-51.3.0,r.-51.3.0,,,,,r.-51.3.0,,,r.-51.3.0,r.-51.3.0,,,r.-51.3.0,r.-51.3.0,r.-51.3.0,,,r.-51.3.0,,,,,,,,,,,r.-51.3.0,r.-51.3.0,r.-51.3.0,r.-51.3.0,r.-51.3.0,,r.-51.3.0,r.-51.3.0,r.-51.3.0,r.-51.3.0,r.-51.3.0,r.-51.3.0,r.-51.3.0,r.-51.3.0,,,,r.-51.3.0,r.-51.3.0,,,,,,,,,,,,,,,,,,,,,,,,,,,,,,,,,,,,,,,,,,,,,,,,,,,,,,,,,,,,,,,,,,,,,,,,,,,,,,,,,,,,,,,,,,,,,,,
918,,,,p.516,,,,,,,,,,,,,,,,,,,,,p.919,,,,,,,,,,,,,,,,,,,,,,,,,,,,,,,,,,,,,,,,,,,,,,,,,,,,,,,,,,,,,,,,,,,,,,,,,,,,,,,,,,,,,,,,,,,,,,,,,,,,,,,,,,,,,,,,,,,,,,,,,,,,,,,,,,,,
919,r.-51.4.0,r.-51.4.0,r.-51.4.0,r.-51.4.0,r.-51.4.0,r.-51.4.0,r.-51.4.0,r.-51.4.0,r.-51.4.0,r.-51.4.0,r.-51.4.0,r.-51.4.0,r.-51.4.0,r.-51.4.0,r.-51.4.0,r.-51.4.0,,,,,r.-51.4.0,,,r.-51.4.0,r.-51.4.0,,,r.-51.4.0,r.-51.4.0,r.-51.4.0,,,r.-51.4.0,,,,,,,,,,,r.-51.4.0,r.-51.4.0,r.-51.4.0,r.-51.4.0,r.-51.4.0,,r.-51.4.0,r.-51.4.0,r.-51.4.0,r.-51.4.0,r.-51.4.0,r.-51.4.0,r.-51.4.0,r.-51.4.0,,,,r.-51.4.0,r.-51.4.0,,,,,,,,,,,,,,,,,,,,,,,,,,,,,,,,,,,,,,,,,,,,,,,,,,,,,,,,,,,,,,,,,,,,,,,,,,,,,,,,,,,,,,,,,,,,,,,
920,r.-51.3.0,r.-51.3.0,r.-51.3.0,r.-51.3.0,r.-51.3.0,r.-51.3.0,r.-51.3.0,r.-51.3.0,r.-51.3.0,r.-51.3.0,r.-51.3.0,r.-51.3.0,r.-51.3.0,r.-51.3.0,r.-51.3.0,r.-51.3.0,,,,,r.-51.3.0,,,r.-51.3.0,r.-51.3.0,,,r.-51.3.0,r.-51.3.0,r.-51.3.0,,,r.-51.3.0,,,,,,,,,,,r.-51.3.0,r.-51.3.0,r.-51.3.0,r.-51.3.0,r.-51.3.0,,r.-51.3.0,r.-51.3.0,r.-51.3.0,r.-51.3.0,r.-51.3.0,r.-51.3.0,r.-51.3.0,r.-51.3.0,,,,r.-51.3.0,r.-51.3.0,,,,,,,,,,,,,,,,,,,,,,,,,,,,,,,,,,,,,,,,,,,,,,,,,,,,,,,,,,,,,,,,,,,,,,,,,,,,,,,,,,,,,,,,,,,,,,,
921,,,,p.522,,,,,,,,,,,,,p.922,,,,,,,,,,,,,,,,,,,,,,,,,,,,,,,,,,,,,,,,,,,,,,,,,,,,,,,,,,,,,,,,,,,,,,,,,,,,,,,,,,,,,,,,,,,,,,,,,,,,,,,,,,,,,,,,,,,,,,,,,,,,,,,,,,,,,,,,,,,,
922,r.-51.4.0,r.-51.4.0,r.-51.4.0,r.-51.4.0,r.-51.4.0,r.-51.4.0,r.-51.4.0,r.-51.4.0,r.-51.4.0,r.-51.4.0,r.-51.4.0,r.-51.4.0,r.-51.4.0,r.-51.4.0,r.-51.4.0,r.-51.4.0,,,,,r.-51.4.0,,,r.-51.4.0,r.-51.4.0,,,r.-51.4.0,r.-51.4.0,r.-51.4.0,,,r.-51.4.0,,,,,,,,,,,r.-51.4.0,r.-51.4.0,r.-51.4.0,r.-51.4.0,r.-51.4.0,,r.-51.4.0,r.-51.4.0,r.-51.4.0,r.-51.4.0,r.-51.4.0,r.-51.4.0,r.-51.4.0,r.-51.4.0,,,,r.-51.4.0,r.-51.4.0,,,,,,,,,,,,,,,,,,,,,,,,,,,,,,,,,,,,,,,,,,,,,,,,,,,,,,,,,,,,,,,,,,,,,,,,,,,,,,,,,,,,,,,,,,,,,,,
923,p.98,p.99,p.100,,,,,,,,,,,,,p.540,,p.541,,,,,,,,,p.542,,,,p.543,p.544,,p.545,,,,,,,,,,,,p.108,,,,,,p.546,p.547,,,,,,,,,,,,,,,,,,,,,,,,,,,,,p.548,p.112,p.113,,,,p.549,p.550,,p.551,,,,p.552,p.553,,p.554,p.555,,,,,,,,,p.556,,,p.557,p.558,p.938,,,p.560,,p.561,,p.562,,,,,p.563,,,,p.564,p.565,p.566,,,,,p.567,p.568,p.569,,p.570,,,,p.571,,,,,,,,,,,,p.572,p.573
924,p.98,p.99,p.100,,,,,,,,,,,,,p.843,,p.844,,,,,,,,,p.845,,,,p.846,p.847,,p.848,,,,,,,,,,,,p.108,,,,,,p.849,p.850,,,,,,,,,,,,,,,,,,,,,,,,,,,,,p.851,p.112,p.113,,,,p.179,p.180,,,,,,p.182,p.853,,,p.854,,,,,,,,,p.855,,,p.187,p.188,,,,p.856,,p.857,,p.192,,,,,p.858,,,,p.925,,p.196,,,,,p.859,p.860,p.199,,p.200,,,,p.861,,,,,,,,,,,,p.862,p.863
925,,,,r.-45.3.0,,,,,,,,,,,,,,,,,r.-45.3.0,,,,r.-45.3.0,,,,,,,,,,,,,,,,,,,p.926,r.-45.3.0,,,,,,,,,,,,,,,,,,,,,,,,,,,,,,,,,,,,,,,,,,,,,,,,,,,,,,,,,,,,,,,,,,,,,,,,,,,,,,,,,,,,,,,,,,,,,,,,,,,,,,,,,,,,,,,,
926,p.98,p.99,p.100,,,,,,,,,,,,,p.843,,p.844,,,,,,,,,p.845,,,,p.846,p.847,,p.848,,,,,,,,,,,,p.108,,,,,,p.849,p.850,,,,,,,,,,,,,,,,,,,,,,,,,,,,,p.851,p.112,p.113,,,,p.179,p.180,,,,,,p.182,p.853,,,p.854,,,,,,,,,p.855,,,p.187,p.188,,,,p.856,,p.857,,p.927,,,,,p.858,,,,,,p.196,,,,,p.859,p.860,p.199,,p.200,,,,p.861,,,,,,,,,,,,p.862,p.863
927,,,,r.-44.3.0,,,,,,,,,,,,,,,,,r.-44.3.0,,,,r.-44.3.0,,,,,,,,p.928,,,,,,,,,,,r.-44.3.0,r.-44.3.0,,,,,,,,,,,,,,,,,,,,,,,,,,,,,,,,,,,,,,,,,,,,,,,,,,,,,,,,,,,,,,,,,,,,,,,,,,,,,,,,,,,,,,,,,,,,,,,,,,,,,,,,,,,,,,,,
928,p.98,p.99,p.100,,,,,,,,,,,,,p.843,,p.844,,,,,,,,,p.845,,,,p.846,p.847,,p.848,,,,,,,,,,,,p.108,,,,,,p.849,p.850,,,,,,,,,,,,,,,,,,,,,,,,,,,,,p.851,p.112,p.113,,,,p.179,p.180,,,,,,p.182,p.853,,,p.854,,,,,,,,,p.855,,,p.187,p.929,,,,p.856,,p.857,,,,,,,p.858,,,,,,p.196,,,,,p.859,p.860,p.199,,p.200,,,,p.861,,,,,,,,,,,,p.862,p.863
929,,,,r.-35.3.0,,,,,,,,,,,,,,,,,r.-35.3.0,,,,r.-35.3.0,,,,,p.930,,,r.-35.3.0,,,,,,,,,,,r.-35.3.0,r.-35.3.0,,,,,,,,,,,,,,,,,,,,,,,,,,,,,,,,,,,,,,,,,,,,,,,,,,,,,,,,,,,,,,,,,,,,,,,,,,,,,,,,,,,,,,,,,,,,,,,,,,,,,,,,,,,,,,,,
930,p.98,p.99,p.100,,,,,,,,,,,,,p.843,,p.844,,,,,,,,,p.845,,,,p.846,p.847,,p.848,,,,,,,,,,,,p.108,,,,,,p.849,p.850,,,,,,,,,,,,,,,,,,,,,,,,,,,,,p.851,p.112,p.113,,,,p.179,p.931,,,,,,p.182,p.853,,,p.854,,,,,,,,,p.855,,,p.187,,,,,p.856,,p.857,,,,,,,p.858,,,,,,p.196,,,,,p.859,p.860,p.199,,p.200,,,,p.861,,,,,,,,,,,,p.862,p.863
931,,,p.932,r.-27.3.0,,,,,,,,,,,,,,,,,r.-27.3.0,,,,r.-27.3.0,,,,,r.-27.3.0,,,r.-27.3.0,,,,,,,,,,,r.-27.3.0,r.-27.3.0,,,,,,,,,,,,,,,,,,,,,,,,,,,,,,,,,,,,,,,,,,,,,,,,,,,,,,,,,,,,,,,,,,,,,,,,,,,,,,,,,,,,,,,,,,,,,,,,,,,,,,,,,,,,,,,,
932,p.98,p.99,p.100,,,,,,,,,,,,,p.843,,p.844,,,,,,,,,p.845,,,,p.846,p.847,,p.848,,,,,,,,,,,,p.108,,,,,,p.849,p.850,,,,,,,,,,,,,,,,,,,,,,,,,,,,,p.851,p.112,p.113,,,,p.179,,,,,,,p.182,p.853,,,p.854,,,,,,,,,p.855,,,p.933,,,,,p.856,,p.857,,,,,,,p.858,,,,,,p.196,,,,,p.859,p.860,p.199,,p.200,,,,p.861,,,,,,,,,,,,p.862,p.863
933,,,r.-4.3.0,r.-4.3.0,,,,,,,,,,,,,,,,,r.-4.3.0,,,,r.-4.3.0,,,p.934,p.935,r.-4.3.0,,,r.-4.3.0,,,,,,,,,,,r.-4.3.0,r.-4.3.0,,,,,,,,,,,,,,,,,,,,,,,,,,,,,,,,,,,,,,,,,,,,,,,,,,,,,,,,,,,,,,,,,,,,,,,,,,,,,,,,,,,,,,,,,,,,,,,,,,,,,,,,,,,,,,,,
934,p.98,p.99,p.100,,,,,,,,,,,,,p.843,,p.844,,,,,,,,,p.845,,,,p.846,p.847,,p.848,,,,,,,,,,,,p.108,,,,,,p.849,p.850,,,,,,,,,,,,,,,,,,,,,,,,,,,,,p.851,p.112,p.113,,,,p.179,,,,,,,p.182,p.853,,,p.854,,,,,,,,,p.855,,,,,,,,p.856,,p.857,,,,,,,p.858,,,,,,p.196,,,,,p.859,p.860,p.937,,p.200,,,,p.861,,,,,,,,,,,,p.862,p.863
935,p.98,p.99,p.100,,,,,,,,,,,,,p.843,,p.844,,,,,,,,,p.845,,,,p.846,p.847,,p.848,,,,,,,,,,,,p.108,,,,,,p.849,p.850,,,,,,,,,,,,,,,,,,,,,,,,,,,,,p.851,p.112,p.113,,,,p.179,,,,,,,p.182,p.853,,,p.854,,,,,,,,,p.855,,,,,,,,p.856,,p.857,,,,,,,p.858,,,,,,p.196,,,,,p.859,p.860,p.936,,p.200,,,,p.861,,,,,,,,,,,,p.862,p.863
936,,,r.-26.3.0,r.-26.3.0,,,,,,,,,,,,,,,,,r.-26.3.0,,,,r.-26.3.0,,,r.-26.3.0,r.-26.3.0,r.-26.3.0,,,r.-26.3.0,,,,,,,,,,,r.-26.3.0,r.-26.3.0,,,,,,,,,p.902,p.903,p.904,p.905,,,,,,,,,,,,,,,,,,,,,,,,,,,,,,,,,,,,,,,,,,,,,,,,,,,,,,,,,,,,,,,,,,,,,,,,,,,,,,,,,,,,,,,,,,,,,,,,,,,,
937,,,r.-26.3.0,r.-26.3.0,,,,,,,,,,,,,,,,,r.-26.3.0,,,,r.-26.3.0,,,r.-26.3.0,r.-26.3.0,r.-26.3.0,,,r.-26.3.0,,,,,,,,,,,r.-26.3.0,r.-26.3.0,,,,,,,,,p.902,p.903,p.904,p.905,,,,,,,,,,,,,,,,,,,,,,,,,,,,,,,,,,,,,,,,,,,,,,,,,,,,,,,,,,,,,,,,,,,,,,,,,,,,,,,,,,,,,,,,,,,,,,,,,,,,
938,,,,p.683,,,,,,,,,,,,,,,,,,p.939,,,,,,,,,,,,,,,,,,,,,,,,,,,,,,,,,,,,,,,,,,,,,,,,,,,,,,,,,,,,,,,,,,,,,,,,,,,,,,,,,,,,,,,,,,,,,,,,,,,,,,,,,,,,,,,,,,,,,,,,,,,,,,,,,,,,,,,
939,p.98,p.99,p.100,,,,,,,,,,,,,p.843,,p.844,,,,,,,,,p.845,,,,p.846,p.847,,p.848,,,,,,,,,,,,p.108,,,,,,p.849,p.850,,,,,,,,,,,,,,,,,,,,,,,,,,,,,p.851,p.112,p.113,,,,p.179,p.180,,,,,,p.182,p.853,,p.940,p.854,,,,,,,,,p.855,,,p.187,p.188,,,,p.856,,p.857,,p.192,,,,,p.858,,,,p.194,p.195,p.196,,,,,p.859,p.860,p.199,,p.200,,,,p.861,,,,,,,,,,,,p.862,p.863
940,,,,r.-13.5.0,,,,,,,,,,,,,,,,,,,,,r.-13.5.0,,,,,,,,,,,,,,,,,,,,,,,,,,,,,,,,,,,,,,,,,,,,,,,,,,,,,,,,,,,,,,,,,,,,,,,,,,,,,,,,,,,,,,,,,,,,,,,,,,,,,,,,,,,,,,,,,,,,,,,,,,,,,,,,,,,,
941,r.-51.4.0,r.-51.4.0,r.-51.4.0,,,,,,,,,,,,,r.-51.4.0,,,,,r.-51.4.0,,,r.-51.4.0,r.-51.4.0,,,r.-51.4.0,r.-51.4.0,r.-51.4.0,,,r.-51.4.0,,,,,,,,,,,r.-51.4.0,r.-51.4.0,r.-51.4.0,r.-51.4.0,r.-51.4.0,,r.-51.4.0,r.-51.4.0,r.-51.4.0,r.-51.4.0,r.-51.4.0,r.-51.4.0,r.-51.4.0,r.-51.4.0,,,,r.-51.4.0,r.-51.4.0,,,,,,,,,,,,,,,,,,,,,,,,,,,,,,,,,,,,,,,,,,,,,,,,,,,,,,,,,,,,,,,,,,,,,,,,,,,,,,,,,,,,,,,,,,,,,,,
942,p.98,p.99,p.100,,,,,,,,,,,,,p.207,,p.208,,,,,,,,p.209,p.210,,,,p.211,p.212,,p.213,,,,,,,,,,,,p.108,,,,,,p.214,p.215,,,,,,,,,,,,,,,p.11,p.12,p.216,p.217,p.218,p.219,p.220,p.221,p.222,p.223,p.224,p.225,p.226,p.227,p.228,p.112,p.113,,,,p.229,p.230,,p.231,,,,p.232,p.233,,p.234,p.235,,,,,,,,p.236,p.237,,,p.238,p.239,p.240,,,p.241,,p.242,,p.243,,,,,p.244,,,,p.245,p.246,p.247,,,,,p.248,p.249,p.250,,p.251,p.252,,,p.253,,,,,p.254,p.255,p.944,p.257,,p.258,p.259,p.260,p.261
943,r.-71.2.0,r.-71.2.0,r.-71.2.0,r.-71.2.0,r.-71.2.0,r.-71.2.0,r.-71.2.0,r.-71.2.0,r.-71.2.0,r.-71.2.0,r.-71.2.0,r.-71.2.0,r.-71.2.0,r.-71.2.0,r.-71.2.0,,,,,,r.-71.2.0,,,,r.-71.2.0,,,r.-71.2.0,r.-71.2.0,r.-71.2.0,,,r.-71.2.0,,,,,,,,,,,r.-71.2.0,r.-71.2.0,r.-71.2.0,r.-71.2.0,r.-71.2.0,,,,,,r.-71.2.0,r.-71.2.0,r.-71.2.0,r.-71.2.0,,,,r.-71.2.0,r.-71.2.0,,,,,,,,,,,,,,,,,,,,,,,,,,,,,,,,,,,,,,,,,,,,,,,,,,,,,,,,,,,,,,,,,,,,,,,,,,,,,,,,,,,,,,,,,,,,,,,
944,,,,,,,,,,,,,,,,,p.945,,,,,,,,,,,,,,,,,,,,,,,,,,,,,,,,,,,,,,,,,,,,,,,,,,,,,,,,,,,,,,,,,,,,,,,,,,,,,,,,,,,,,,,,,,,,,,,,,,,,,,,,,,,,,,,,,,,,,,,,,,,,,,,,,,,,,,,,,,,,
945,r.-71.4.0,r.-71.4.0,r.-71.4.0,r.-71.4.0,r.-71.4.0,r.-71.4.0,r.-71.4.0,r.-71.4.0,r.-71.4.0,r.-71.4.0,r.-71.4.0,r.-71.4.0,r.-71.4.0,r.-71.4.0,r.-71.4.0,,,,,,r.-71.4.0,,,,r.-71.4.0,,,r.-71.4.0,r.-71.4.0,r.-71.4.0,,,r.-71.4.0,,,,,,,,,,,r.-71.4.0,r.-71.4.0,r.-71.4.0,r.-71.4.0,r.-71.4.0,,,,,,r.-71.4.0,r.-71.4.0,r.-71.4.0,r.-71.4.0,,,,r.-71.4.0,r.-71.4.0,,,,,,,,,,,,,,,,,,,,,,,,,,,,,,,,,,,,,,,,,,,,,,,,,,,,,,,,,,,,,,,,,,,,,,,,,,,,,,,,,,,,,,,,,,,,,,,
946,p.98,p.99,p.100,,,,,,,,,,,,,p.207,,p.208,,,,,,,,,p.210,,,,p.211,p.263,,p.213,,,,,,,,,,,,p.108,,,,,,p.214,p.215,,,,,,,,,,,,,,,,,,,,,,,,,,,,,p.228,p.112,p.113,,,,p.229,p.230,,p.231,,,,p.232,p.233,,p.234,p.235,,,,,,,,,p.237,,,p.238,p.239,p.240,,,p.241,,p.242,,p.243,,,,,p.244,,,,p.245,p.246,p.247,,,,,p.248,p.249,p.250,,p.251,,,,p.253,,,,,,,,,,,,p.260,p.261
947,r.-71.2.0,r.-71.2.0,r.-71.2.0,r.-71.2.0,r.-71.2.0,r.-71.2.0,r.-71.2.0,r.-71.2.0,r.-71.2.0,r.-71.2.0,r.-71.2.0,r.-71.2.0,r.-71.2.0,r.-71.2.0,r.-71.2.0,,,,,,r.-71.2.0,,,,r.-71.2.0,,,r.-71.2.0,r.-71.2.0,r.-71.2.0,,,r.-71.2.0,,,,,,,,,,,r.-71.2.0,r.-71.2.0,r.-71.2.0,r.-71.2.0,r.-71.2.0,,,,,,r.-71.2.0,r.-71.2.0,r.-71.2.0,r.-71.2.0,,,,r.-71.2.0,r.-71.2.0,,,,,,,,,,,,,,,,,,,,,,,,,,,,,,,,,,,,,,,,,,,,,,,,,,,,,,,,,,,,,,,,,,,,,,,,,,,,,,,,,,,,,,,,,,,,,,,
948,r.-71.2.0,r.-71.2.0,r.-71.2.0,r.-71.2.0,r.-71.2.0,r.-71.2.0,r.-71.2.0,r.-71.2.0,r.-71.2.0,r.-71.2.0,r.-71.2.0,r.-71.2.0,r.-71.2.0,r.-71.2.0,r.-71.2.0,,,,,,r.-71.2.0,,,,r.-71.2.0,,,r.-71.2.0,r.-71.2.0,r.-71.2.0,,,r.-71.2.0,,,,,,,,,,,r.-71.2.0,r.-71.2.0,r.-71.2.0,r.-71.2.0,r.-71.2.0,,,,,,r.-71.2.0,r.-71.2.0,r.-71.2.0,r.-71.2.0,,,,r.-71.2.0,r.-71.2.0,,,,,,,,,,,,,,,,,,,,,,,,,,,,,,,,,,,,,,,,,,,,,,,,,,,,,,,,,,,,,,,,,,,,,,,,,,,,,,,,,,,,,,,,,,,,,,,
949,r.-51.3.0,r.-51.3.0,r.-51.3.0,,,,,,,,,,,,,r.-51.3.0,,,,,r.-51.3.0,,,r.-51.3.0,r.-51.3.0,,,r.-51.3.0,r.-51.3.0,r.-51.3.0,,,r.-51.3.0,,,,,,,,,,,r.-51.3.0,r.-51.3.0,r.-51.3.0,r.-51.3.0,r.-51.3.0,,r.-51.3.0,r.-51.3.0,r.-51.3.0,r.-51.3.0,r.-51.3.0,r.-51.3.0,r.-51.3.0,r.-51.3.0,,,,r.-51.3.0,r.-51.3.0,,,,,,,,,,,,,,,,,,,,,,,,,,,,,,,,,,,,,,,,,,,,,,,,,,,,,,,,,,,,,,,,,,,,,,,,,,,,,,,,,,,,,,,,,,,,,,,
950,,,,p.522,,,,,,,,,,,,,p.951,,,,,,,,,,,,,,,,,,,,,,,,,,,,,,,,,,,,,,,,,,,,,,,,,,,,,,,,,,,,,,,,,,,,,,,,,,,,,,,,,,,,,,,,,,,,,,,,,,,,,,,,,,,,,,,,,,,,,,,,,,,,,,,,,,,,,,,,,,,,
951,r.-51.4.0,r.-51.4.0,r.-51.4.0,,,,,,,,,,,,,r.-51.4.0,,,,,r.-51.4.0,,,r.-51.4.0,r.-51.4.0,,,r.-51.4.0,r.-51.4.0,r.-51.4.0,,,r.-51.4.0,,,,,,,,,,,r.-51.4.0,r.-51.4.0,r.-51.4.0,r.-51.4.0,r.-51.4.0,,r.-51.4.0,r.-51.4.0,r.-51.4.0,r.-51.4.0,r.-51.4.0,r.-51.4.0,r.-51.4.0,r.-51.4.0,,,,r.-51.4.0,r.-51.4.0,,,,,,,,,,,,,,,,,,,,,,,,,,,,,,,,,,,,,,,,,,,,,,,,,,,,,,,,,,,,,,,,,,,,,,,,,,,,,,,,,,,,,,,,,,,,,,,
952,p.98,p.99,p.100,,,,,,,,,,,,,p.540,,p.541,,,,,,,,,p.542,,,,p.543,p.544,,p.545,,,,,,,,,,,,p.108,,,,,,p.546,p.547,,,,,,,,,,,,,,,,,,,,,,,,,,,,,p.548,p.112,p.113,,,,p.549,p.550,,p.551,,,,p.552,p.553,,p.554,p.555,,,,,,,,,p.556,,,p.557,p.558,p.967,,,p.560,,p.561,,p.562,,,,,p.563,,,,p.564,p.565,p.566,,,,,p.567,p.568,p.569,,p.570,,,,p.571,,,,,,,,,,,,p.572,p.573
953,p.98,p.99,p.100,,,,,,,,,,,,,p.101,,p.102,,,,,,,,,p.104,,,,p.105,p.106,,p.107,,,,,,,,,,,,p.108,,,,,,p.109,p.110,,,,,,,,,,,,,,,,,,,,,,,,,,,,,p.111,p.112,p.113,,,,p.114,p.115,,,,,,p.116,p.117,,,p.119,,,,,,,,,p.121,,,p.122,p.123,,,,p.124,,p.125,,p.126,,,,,p.127,,,,p.954,,p.130,,,,,p.131,p.132,p.133,,p.134,,,,p.135,,,,,,,,,,,,p.136,p.137
954,,,,,,,,,,,,,,,,,,,,,r.-45.3.0,,,,r.-45.3.0,,,,,,,,,,,,,,,,,,,p.955,r.-45.3.0,,,,,,,,,,,,,,,,,,,,,,,,,,,,,,,,,,,,,,,,,,,,,,,,,,,,,,,,,,,,,,,,,,,,,,,,,,,,,,,,,,,,,,,,,,,,,,,,,,,,,,,,,,,,,,,,
955,p.98,p.99,p.100,,,,,,,,,,,,,p.101,,p.102,,,,,,,,,p.104,,,,p.105,p.106,,p.107,,,,,,,,,,,,p.108,,,,,,p.109,p.110,,,,,,,,,,,,,,,,,,,,,,,,,,,,,p.111,p.112,p.113,,,,p.114,p.115,,,,,,p.116,p.117,,,p.119,,,,,,,,,p.121,,,p.122,p.123,,,,p.124,,p.125,,p.956,,,,,p.127,,,,,,p.130,,,,,p.131,p.132,p.133,,p.134,,,,p.135,,,,,,,,,,,,p.136,p.137
956,,,,,,,,,,,,,,,,,,,,,r.-44.3.0,,,,r.-44.3.0,,,,,,,,p.957,,,,,,,,,,,r.-44.3.0,r.-44.3.0,,,,,,,,,,,,,,,,,,,,,,,,,,,,,,,,,,,,,,,,,,,,,,,,,,,,,,,,,,,,,,,,,,,,,,,,,,,,,,,,,,,,,,,,,,,,,,,,,,,,,,,,,,,,,,,,
957,p.98,p.99,p.100,,,,,,,,,,,,,p.101,,p.102,,,,,,,,,p.104,,,,p.105,p.106,,p.107,,,,,,,,,,,,p.108,,,,,,p.109,p.110,,,,,,,,,,,,,,,,,,,,,,,,,,,,,p.111,p.112,p.113,,,,p.114,p.115,,,,,,p.116,p.117,,,p.119,,,,,,,,,p.121,,,p.122,p.958,,,,p.124,,p.125,,,,,,,p.127,,,,,,p.130,,,,,p.131,p.132,p.133,,p.134,,,,p.135,,,,,,,,,,,,p.136,p.137
958,,,,,,,,,,,,,,,,,,,,,r.-35.3.0,,,,r.-35.3.0,,,,,p.959,,,r.-35.3.0,,,,,,,,,,,r.-35.3.0,r.-35.3.0,,,,,,,,,,,,,,,,,,,,,,,,,,,,,,,,,,,,,,,,,,,,,,,,,,,,,,,,,,,,,,,,,,,,,,,,,,,,,,,,,,,,,,,,,,,,,,,,,,,,,,,,,,,,,,,,
959,p.98,p.99,p.100,,,,,,,,,,,,,p.101,,p.102,,,,,,,,,p.104,,,,p.105,p.106,,p.107,,,,,,,,,,,,p.108,,,,,,p.109,p.110,,,,,,,,,,,,,,,,,,,,,,,,,,,,,p.111,p.112,p.113,,,,p.114,p.960,,,,,,p.116,p.117,,,p.119,,,,,,,,,p.121,,,p.122,,,,,p.124,,p.125,,,,,,,p.127,,,,,,p.130,,,,,p.131,p.132,p.133,,p.134,,,,p.135,,,,,,,,,,,,p.136,p.137
960,,,p.961,,,,,,,,,,,,,,,,,,r.-27.3.0,,,,r.-27.3.0,,,,,r.-27.3.0,,,r.-27.3.0,,,,,,,,,,,r.-27.3.0,r.-27.3.0,,,,,,,,,,,,,,,,,,,,,,,,,,,,,,,,,,,,,,,,,,,,,,,,,,,,,,,,,,,,,,,,,,,,,,,,,,,,,,,,,,,,,,,,,,,,,,,,,,,,,,,,,,,,,,,,
961,p.98,p.99,p.100,,,,,,,,,,,,,p.101,,p.102,,,,,,,,,p.104,,,,p.105,p.106,,p.107,,,,,,,,,,,,p.108,,,,,,p.109,p.110,,,,,,,,,,,,,,,,,,,,,,,,,,,,,p.111,p.112,p.113,,,,p.114,,,,,,,p.116,p.117,,,p.119,,,,,,,,,p.121,,,p.962,,,,,p.124,,p.125,,,,,,,p.127,,,,,,p.130,,,,,p.131,p.132,p.133,,p.134,,,,p.135,,,,,,,,,,,,p.136,p.137
962,,,r.-4.3.0,,,,,,,,,,,,,,,,,,r.-4.3.0,,,,r.-4.3.0,,,p.963,p.964,r.-4.3.0,,,r.-4.3.0,,,,,,,,,,,r.-4.3.0,r.-4.3.0,,,,,,,,,,,,,,,,,,,,,,,,,,,,,,,,,,,,,,,,,,,,,,,,,,,,,,,,,,,,,,,,,,,,,,,,,,,,,,,,,,,,,,,,,,,,,,,,,,,,,,,,,,,,,,,,
963,p.98,p.99,p.100,,,,,,,,,,,,,p.101,,p.102,,,,,,,,,p.104,,,,p.105,p.106,,p.107,,,,,,,,,,,,p.108,,,,,,p.109,p.110,,,,,,,,,,,,,,,,,,,,,,,,,,,,,p.111,p.112,p.113,,,,p.114,,,,,,,p.116,p.117,,,p.119,,,,,,,,,p.121,,,,,,,,p.124,,p.125,,,,,,,p.127,,,,,,p.130,,,,,p.131,p.132,p.966,,p.134,,,,p.135,,,,,,,,,,,,p.136,p.137
964,p.98,p.99,p.100,,,,,,,,,,,,,p.101,,p.102,,,,,,,,,p.104,,,,p.105,p.106,,p.107,,,,,,,,,,,,p.108,,,,,,p.109,p.110,,,,,,,,,,,,,,,,,,,,,,,,,,,,,p.111,p.112,p.113,,,,p.114,,,,,,,p.116,p.117,,,p.119,,,,,,,,,p.121,,,,,,,,p.124,,p.125,,,,,,,p.127,,,,,,p.130,,,,,p.131,p.132,p.965,,p.134,,,,p.135,,,,,,,,,,,,p.136,p.137
965,,,r.-26.3.0,,,,,,,,,,,,,,,,,,r.-26.3.0,,,,r.-26.3.0,,,r.-26.3.0,r.-26.3.0,r.-26.3.0,,,r.-26.3.0,,,,,,,,,,,r.-26.3.0,r.-26.3.0,,,,,,,,,p.154,p.155,p.156,p.157,,,,,,,,,,,,,,,,,,,,,,,,,,,,,,,,,,,,,,,,,,,,,,,,,,,,,,,,,,,,,,,,,,,,,,,,,,,,,,,,,,,,,,,,,,,,,,,,,,,,
966,,,r.-26.3.0,,,,,,,,,,,,,,,,,,r.-26.3.0,,,,r.-26.3.0,,,r.-26.3.0,r.-26.3.0,r.-26.3.0,,,r.-26.3.0,,,,,,,,,,,r.-26.3.0,r.-26.3.0,,,,,,,,,p.154,p.155,p.156,p.157,,,,,,,,,,,,,,,,,,,,,,,,,,,,,,,,,,,,,,,,,,,,,,,,,,,,,,,,,,,,,,,,,,,,,,,,,,,,,,,,,,,,,,,,,,,,,,,,,,,,
967,,,,p.683,,,,,,,,,,,,,,,,,,p.968,,,,,,,,,,,,,,,,,,,,,,,,,,,,,,,,,,,,,,,,,,,,,,,,,,,,,,,,,,,,,,,,,,,,,,,,,,,,,,,,,,,,,,,,,,,,,,,,,,,,,,,,,,,,,,,,,,,,,,,,,,,,,,,,,,,,,,,
968,p.98,p.99,p.100,,,,,,,,,,,,,p.101,,p.102,,,,,,,,,p.104,,,,p.105,p.106,,p.107,,,,,,,,,,,,p.108,,,,,,p.109,p.110,,,,,,,,,,,,,,,,,,,,,,,,,,,,,p.111,p.112,p.113,,,,p.114,p.115,,,,,,p.116,p.117,,p.969,p.119,,,,,,,,,p.121,,,p.122,p.123,,,,p.124,,p.125,,p.126,,,,,p.127,,,,p.128,p.129,p.130,,,,,p.131,p.132,p.133,,p.134,,,,p.135,,,,,,,,,,,,p.136,p.137
969,,,,,,,,,,,,,,,,,,,,,,,,,r.-13.5.0,,,,,,,,,,,,,,,,,,,,,,,,,,,,,,,,,,,,,,,,,,,,,,,,,,,,,,,,,,,,,,,,,,,,,,,,,,,,,,,,,,,,,,,,,,,,,,,,,,,,,,,,,,,,,,,,,,,,,,,,,,,,,,,,,,,,
970,,,,r.-21.4.0,,,,,,,,,,,,r.-21.4.0,,,,,,r.-21.4.0,r.-21.4.0,r.-21.4.0,,,,,,,,,,,,,,,,,,,,,,,,,,,,,,,,,,,,,,,,,,,,,,,,,,,,,,,,,,,,,,,,,,,,,,,,,,,,,,,,,,,,,,,,,,,,,,,,,,,,,,,,,,,,,,,,,,,,,,,,,,,,,,,,,,,,,
971,p.98,p.99,p.100,,,,,,,,,,,,,p.207,,p.208,,,,,,,,p.209,p.210,,,,p.211,p.212,,p.213,,,,,,,,,,,,p.108,,,,,,p.214,p.215,,,,,,,,,,,,,,,p.11,p.12,p.216,p.217,p.218,p.219,p.220,p.221,p.222,p.223,p.224,p.225,p.226,p.227,p.228,p.112,p.113,,,,p.229,p.230,,p.231,,,,p.232,p.233,,p.234,p.235,,,,,,,,p.236,p.237,,,p.238,p.239,p.973,,,p.241,,p.242,,p.243,,,,,p.244,,,,p.245,p.246,p.247,,,,,p.248,p.249,p.250,,p.251,p.252,,,p.253,,,,,p.254,p.255,p.974,p.257,,p.258,p.259,p.260,p.261
972,r.-71.2.0,r.-71.2.0,r.-71.2.0,,,,,,,,,,,,,,,,,,r.-71.2.0,,,,r.-71.2.0,,,r.-71.2.0,r.-71.2.0,r.-71.2.0,,,r.-71.2.0,,,,,,,,,,,r.-71.2.0,r.-71.2.0,r.-71.2.0,r.-71.2.0,r.-71.2.0,,,,,,r.-71.2.0,r.-71.2.0,r.-71.2.0,r.-71.2.0,,,,r.-71.2.0,r.-71.2.0,,,,,,,,,,,,,,,,,,,,,,,,,,,,,,,,,,,,,,,,,,,,,,,,,,,,,,,,,,,,,,,,,,,,,,,,,,,,,,,,,,,,,,,,,,,,,,,
973,,,,p.270,,,,,,,,,,,,,p.976,,,,,,,,,,,,,,,,,,,,,,,,,,,,,,,,,,,,,,,,,,,,,,,,,,,,,,,,,,,,,,,,,,,,,,,,,,,,,,,,,,,,,,,,,,,,,,,,,,,,,,,,,,,,,,,,,,,,,,,,,,,,,,,,,,,,,,,,,,,,
974,,,,,,,,,,,,,,,,,p.975,,,,,,,,,,,,,,,,,,,,,,,,,,,,,,,,,,,,,,,,,,,,,,,,,,,,,,,,,,,,,,,,,,,,,,,,,,,,,,,,,,,,,,,,,,,,,,,,,,,,,,,,,,,,,,,,,,,,,,,,,,,,,,,,,,,,,,,,,,,,
975,r.-71.4.0,r.-71.4.0,r.-71.4.0,,,,,,,,,,,,,,,,,,r.-71.4.0,,,,r.-71.4.0,,,r.-71.4.0,r.-71.4.0,r.-71.4.0,,,r.-71.4.0,,,,,,,,,,,r.-71.4.0,r.-71.4.0,r.-71.4.0,r.-71.4.0,r.-71.4.0,,,,,,r.-71.4.0,r.-71.4.0,r.-71.4.0,r.-71.4.0,,,,r.-71.4.0,r.-71.4.0,,,,,,,,,,,,,,,,,,,,,,,,,,,,,,,,,,,,,,,,,,,,,,,,,,,,,,,,,,,,,,,,,,,,,,,,,,,,,,,,,,,,,,,,,,,,,,,
976,r.-52.3.0,r.-52.3.0,r.-52.3.0,,,,,,,,,,,,,r.-52.3.0,,,,,r.-52.3.0,,,r.-52.3.0,r.-52.3.0,,,r.-52.3.0,r.-52.3.0,r.-52.3.0,,,r.-52.3.0,,,,,,,,,,,r.-52.3.0,r.-52.3.0,r.-52.3.0,r.-52.3.0,r.-52.3.0,,r.-52.3.0,r.-52.3.0,r.-52.3.0,r.-52.3.0,r.-52.3.0,r.-52.3.0,r.-52.3.0,r.-52.3.0,,,,r.-52.3.0,r.-52.3.0,,,,,,,,,,,,,,,,,,,,,,,,,,,,,,,,,,,,,,,,,,,,,,,,,,,,,,,,,,,,,,,,,,,,,,,,,,,,,,,,,,,,,,,,,,,,,,,
977,p.98,p.99,p.100,,,,,,,,,,,,,p.207,,p.208,,,,,,,,,p.210,,,,p.211,p.263,,p.213,,,,,,,,,,,,p.108,,,,,,p.214,p.215,,,,,,,,,,,,,,,,,,,,,,,,,,,,,p.228,p.112,p.113,,,,p.229,p.230,,p.231,,,,p.232,p.233,,p.234,p.235,,,,,,,,,p.237,,,p.238,p.239,p.973,,,p.241,,p.242,,p.243,,,,,p.244,,,,p.245,p.246,p.247,,,,,p.248,p.249,p.250,,p.251,,,,p.253,,,,,,,,,,,,p.260,p.261
978,r.-71.2.0,r.-71.2.0,r.-71.2.0,,,,,,,,,,,,,,,,,,r.-71.2.0,,,,r.-71.2.0,,,r.-71.2.0,r.-71.2.0,r.-71.2.0,,,r.-71.2.0,,,,,,,,,,,r.-71.2.0,r.-71.2.0,r.-71.2.0,r.-71.2.0,r.-71.2.0,,,,,,r.-71.2.0,r.-71.2.0,r.-71.2.0,r.-71.2.0,,,,r.-71.2.0,r.-71.2.0,,,,,,,,,,,,,,,,,,,,,,,,,,,,,,,,,,,,,,,,,,,,,,,,,,,,,,,,,,,,,,,,,,,,,,,,,,,,,,,,,,,,,,,,,,,,,,,
979,r.-71.2.0,r.-71.2.0,r.-71.2.0,,,,,,,,,,,,,,,,,,r.-71.2.0,,,,r.-71.2.0,,,r.-71.2.0,r.-71.2.0,r.-71.2.0,,,r.-71.2.0,,,,,,,,,,,r.-71.2.0,r.-71.2.0,r.-71.2.0,r.-71.2.0,r.-71.2.0,,,,,,r.-71.2.0,r.-71.2.0,r.-71.2.0,r.-71.2.0,,,,r.-71.2.0,r.-71.2.0,,,,,,,,,,,,,,,,,,,,,,,,,,,,,,,,,,,,,,,,,,,,,,,,,,,,,,,,,,,,,,,,,,,,,,,,,,,,,,,,,,,,,,,,,,,,,,,
980,,,,,,,,,,,,,,,,,p.981,,,,,,,,,,,,,,,,,,,,,,,,,,,,,,,,,,,,,,,,,,,,,,,,,,,,,,,,,,,,,,,,,,,,,,,,,,,,,,,,,,,,,,,,,,,,,,,,,,,,,,,,,,,,,,,,,,,,,,,,,,,,,,,,,,,,,,,,,,,,
981,p.98,p.99,p.100,,,,,,,,,,,,,p.101,,p.102,,,,,,,,,p.104,,,,p.105,p.106,,p.107,,,,,,,,,,,,p.108,,,,,,p.109,p.110,,,,,,,,,,,,,,,,,,,,,,,,,,,,,p.111,p.112,p.113,,,,,,,,,,,p.982,p.117,,,p.119,,,,,,,,,p.121,,,,,,,,p.124,,p.125,,,,,,,p.127,,,,,,,,,,,p.131,p.132,,,,,,,p.135,,,,,,,,,,,,p.136,p.137
982,r.-10.4.0,r.-10.4.0,r.-10.4.0,,,,,,,,,,,,,,,,,,r.-10.4.0,,,,r.-10.4.0,,,r.-10.4.0,r.-10.4.0,r.-10.4.0,,,r.-10.4.0,,,,,,,,,,,r.-10.4.0,r.-10.4.0,r.-10.4.0,r.-10.4.0,r.-10.4.0,,,,,,r.-10.4.0,r.-10.4.0,r.-10.4.0,r.-10.4.0,,,,r.-10.4.0,r.-10.4.0,,,,,,,,,,,,,,,,,,,,,,,,,,,,,,,,,,,,,,,,,,,,,,,,,,,,,,,,,,,,,,,,,,,,,,,,,,,,,,,,,,,,,,,,,,,,,,,
983,,,,r.-21.3.0,,,,,,,,,,,,r.-21.3.0,,,,,,r.-21.3.0,r.-21.3.0,r.-21.3.0,,,,,,,,,,,,,,,,,,,,,,,,,,,,,,,,,,,,,,,,,,,,,,,,,,,,,,,,,,,,,,,,,,,,,,,,,,,,,,,,,,,,,,,,,,,,,,,,,,,,,,,,,,,,,,,,,,,,,,,,,,,,,,,,,,,,,
984,,,,p.381,,,,,,,,,,,,,p.987,,,,,,,,,,,,,,,,,,,,,,,,,,,,,,,,,,,,,,,,,,,,,,,,,,,,,,,,,,,,,,,,,,,,,,,,,,,,,,,,,,,,,,,,,,,,,,,,,,,,,,,,,,,,,,,,,,,,,,,,,,,,,,,,,,,,,,,,,,,,
985,,,,,,,,,,,,,,,,,p.986,,,,,,,,,,,,,,,,,,,,,,,,,,,,,,,,,,,,,,,,,,,,,,,,,,,,,,,,,,,,,,,,,,,,,,,,,,,,,,,,,,,,,,,,,,,,,,,,,,,,,,,,,,,,,,,,,,,,,,,,,,,,,,,,,,,,,,,,,,,,
986,,,,r.-21.4.0,,,,,,,,,,,,r.-21.4.0,,,,,,r.-21.4.0,r.-21.4.0,r.-21.4.0,,,,,,,,,,,,,,,,,,,,,,,,,,,,,,,,,,,,,,,,,,,,,,,,,,,,,,,,,,,,,,,,,,,,,,,,,,,,,,,,,,,,,,,,,,,,,,,,,,,,,,,,,,,,,,,,,,,,,,,,,,,,,,,,,,,,,
987,,,,r.-21.4.0,,,,,,,,,,,,r.-21.4.0,,,,,,r.-21.4.0,r.-21.4.0,r.-21.4.0,,,,,,,,,,,,,,,,,,,,,,,,,,,,,,,,,,,,,,,,,,,,,,,,,,,,,,,,,,,,,,,,,,,,,,,,,,,,,,,,,,,,,,,,,,,,,,,,,,,,,,,,,,,,,,,,,,,,,,,,,,,,,,,,,,,,,
988,p.98,p.99,p.100,,,,,,,,,,,,,p.989,,p.990,,,,,,,,,p.991,,,,p.992,p.993,,p.994,,,,,,,,,,,,p.108,,,,,,p.995,p.996,,,,,,,,,,,,,,,,,,,,,,,,,,,,,p.997,p.112,p.113,,,,p.998,p.999,,,,,,p.1000,p.1001,,p.1002,p.1003,p.1004,,,,,,,,p.1005,,,p.1006,p.1007,,,,p.1008,,p.1009,,p.1010,,,,,p.1011,,,,p.1012,p.1013,p.1014,,,,,p.1015,p.1016,p.1017,,p.1018,,,,p.1019,,,,,,,,,,,,p.1020,p.1021
989,p.98,p.99,p.100,,,,,,,,,,,,,p.207,,p.208,,,,,,,,p.209,p.210,,,,p.211,p.212,,p.213,,,,,,,,,,,,p.108,,,,,,p.214,p.215,,,,,,,,,,,,,,,p.11,p.12,p.216,p.217,p.218,p.219,p.220,p.221,p.222,p.223,p.224,p.225,p.226,p.227,p.228,p.112,p.113,,,,p.229,p.230,,p.231,,,,p.232,p.233,,p.234,p.235,,,,,,,,p.236,p.237,,,p.238,p.239,p.1079,,,p.241,,p.242,,p.243,,,,,p.244,,,,p.245,p.246,p.247,,,,,p.248,p.249,p.250,,p.251,p.252,,,p.253,,,,,p.254,p.255,p.1086,p.257,,p.258,p.259,p.260,p.261
990,r.-59.1.0/r.-11.1.0,r.-11.1.0/r.-59.1.0,r.-11.1.0/r.-59.1.0,r.-59.1.0/r.-11.1.0,,,,,,,,,,,,r.-59.1.0/r.-11.1.0,,r.-59.1.0,,,r.-11.1.0/r.-59.1.0,,r.-59.1.0/r.-11.1.0,r.-59.1.0/r.-11.1.0,,,,r.-59.1.0/r.-11.1.0,r.-59.1.0/r.-11.1.0,r.-11.1.0/r.-59.1.0,,,r.-11.1.0/r.-59.1.0,,,,,,,,,,,r.-11.1.0/r.-59.1.0,r.-59.1.0/r.-11.1.0,r.-11.1.0/r.-59.1.0,r.-11.1.0/r.-59.1.0,r.-11.1.0/r.-59.1.0,,r.-59.1.0/r.-11.1.0,r.-59.1.0/r.-11.1.0,r.-11.1.0/r.-59.1.0,r.-11.1.0/r.-59.1.0,r.-59.1.0/r.-11.1.0,r.-11.1.0/r.-59.1.0,r.-11.1.0/r.-59.1.0,r.-59.1.0/r.-11.1.0,,,,r.-59.1.0/r.-11.1.0,r.-11.1.0/r.-59.1.0,,,,,,,,,,,,,,,,,,,,,,,,,,,,,,,,,,,,,,,,,,,,,,,,,,,,,,,,,,,,,,,,,,,,,,,,,,,,,,,,,,,,,,,,,,,,,,,
991,r.-23.1.0,r.-23.1.0,r.-23.1.0,r.-23.1.0,,,,,,,,,,,,r.-23.1.0,,,,,r.-23.1.0,,r.-23.1.0,r.-23.1.0,,,,r.-23.1.0,r.-23.1.0,r.-23.1.0,,,r.-23.1.0,,,,,,,,,,,r.-23.1.0,r.-23.1.0,r.-23.1.0,r.-23.1.0,r.-23.1.0,,r.-23.1.0,r.-23.1.0,r.-23.1.0,r.-23.1.0,r.-23.1.0,r.-23.1.0,r.-23.1.0,r.-23.1.0,,,,r.-23.1.0,r.-23.1.0,,,,,,,,,,,,,,,,,,,,,,,,,,,,,,,,,,,,,,,,,,,,,,,,,,,,,,,,,,,,,,,,,,,,,,,,,,,,,,,,,,,,,,,,,,,,,,,
992,r.-31.1.0,r.-31.1.0,r.-31.1.0,r.-31.1.0,,,,,,,,,,,,r.-31.1.0,,,,,r.-31.1.0,,r.-31.1.0,r.-31.1.0,,,,r.-31.1.0,r.-31.1.0,r.-31.1.0,,,r.-31.1.0,,,,,,,,,,,r.-31.1.0,r.-31.1.0,r.-31.1.0,r.-31.1.0,r.-31.1.0,,r.-31.1.0,r.-31.1.0,r.-31.1.0,r.-31.1.0,r.-31.1.0,r.-31.1.0,r.-31.1.0,r.-31.1.0,,,,r.-31.1.0,r.-31.1.0,,,,,,,,,,,,,,,,,,,,,,,,,,,,,,,,,,,,,,,,,,,,,,,,,,,,,,,,,,,,,,,,,,,,,,,,,,,,,,,,,,,,,,,,,,,,,,,
993,r.-33.1.0,r.-33.1.0,r.-33.1.0,r.-33.1.0,,,,,,,,,,,,r.-33.1.0,,,,,r.-33.1.0,,r.-33.1.0,r.-33.1.0,,,,r.-33.1.0,r.-33.1.0,r.-33.1.0,,,r.-33.1.0,,,,,,,,,,,r.-33.1.0,r.-33.1.0,r.-33.1.0,r.-33.1.0,r.-33.1.0,,r.-33.1.0,r.-33.1.0,r.-33.1.0,r.-33.1.0,r.-33.1.0,r.-33.1.0,r.-33.1.0,r.-33.1.0,,,,r.-33.1.0,r.-33.1.0,,,,,,,,,,,,,,,,,,,,,,,,,,,,,,,,,,,,,,,,,,,,,,,,,,,,,,,,,,,,,,,,,,,,,,,,,,,,,,,,,,,,,,,,,,,,,,,
994,r.-40.1.0,r.-40.1.0,r.-40.1.0,r.-40.1.0,,,,,,,,,,,,r.-40.1.0,,,,,r.-40.1.0,,r.-40.1.0,r.-40.1.0,,,,r.-40.1.0,r.-40.1.0,r.-40.1.0,,,r.-40.1.0,,,,,,,,,,,r.-40.1.0,r.-40.1.0,r.-40.1.0,r.-40.1.0,r.-40.1.0,,r.-40.1.0,r.-40.1.0,r.-40.1.0,r.-40.1.0,r.-40.1.0,r.-40.1.0,r.-40.1.0,r.-40.1.0,,,,r.-40.1.0,r.-40.1.0,,,,,,,,,,,,,,,,,,,,,,,,,,,,,,,,,,,,,,,,,,,,,,,,,,,,,,,,,,,,,,,,,,,,,,,,,,,,,,,,,,,,,,,,,,,,,,,
995,p.98,p.99,p.100,,,,,,,,,,,,,p.1083,,p.990,,,,,,,,,p.991,,,,p.992,p.993,,p.994,,,,,,,,,,,,p.108,,,,,,p.995,p.996,,,,,,,,,,,,,,,,,,,,,,,,,,,,,p.997,p.112,p.113,,,,,,,,,,,,p.1001,,,p.1003,,,,,,,,,p.1005,,,,,,,,p.1008,,p.1009,,,,,,,p.1011,,,,,,,,,,,p.1015,p.1016,,,,,,,p.1019,,,,,,,,,,,,p.1085,p.1021
996,p.98,p.99,p.100,,,,,,,,,,,,,p.1083,,p.990,,,,,,,,,p.991,,,,p.992,p.993,,p.994,,,,,,,,,,,,p.108,,,,,,p.995,p.996,,,,,,,,,,,,,,,,,,,,,,,,,,,,,p.997,p.112,p.113,,,,,,,,,,,,p.1001,,,p.1003,,,,,,,,,p.1005,,,,,,,,p.1008,,p.1009,,,,,,,p.1011,,,,,,,,,,,p.1015,p.1016,,,,,,,p.1019,,,,,,,,,,,,p.1084,p.1021
997,p.98,p.99,p.100,,,,,,,,,,,,,p.1077,,p.990,,,,,,,,,p.991,,,,p.992,p.993,,p.994,,,,,,,,,,,,p.108,,,,,,p.995,p.996,,,,,,,,,,,,,,,,,,,,,,,,,,,,,p.997,p.112,p.113,,,,,,,,,,,,p.1001,,,p.1003,,,,,,,,,p.1005,,,,,,,,p.1008,,p.1009,,,,,,,p.1011,,,,,,,,,,,p.1015,p.1016,,,,,,,p.1019,,,,,,,,,,,,p.1078,p.1021
998,p.1027,p.1028,r.-55.1.0,r.-55.1.0,,,,,,,,,,,,,,,,,r.-55.1.0,,r.-55.1.0,,,,,r.-55.1.0,r.-55.1.0,r.-55.1.0,,,r.-55.1.0,,,,,,,,,,,r.-55.1.0,r.-55.1.0,,,,,,,,,r.-55.1.0,r.-55.1.0,r.-55.1.0,r.-55.1.0,,,,r.-55.1.0,r.-55.1.0,,,,,,,,,,,,,,,,,,,,,,,,,,,,,,,,,,,,,,,,,,,,,,,,,,,,,,,,,,,,,,,,,,,,,,,,,,,,,,,,,,,,,,,,,,,,,,,
999,,,p.1068,r.-27.1.0,,,,,,,,,,,,,,,,,r.-27.1.0,,r.-27.1.0,,,,,,,r.-27.1.0,,,r.-27.1.0,,,,,,,,,,,r.-27.1.0,r.-27.1.0,,,,,,,,,,,,,,,,,,,,,,,,,,,,,,,,,,,,,,,,,,,,,,,,,,,,,,,,,,,,,,,,,,,,,,,,,,,,,,,,,,,,,,,,,,,,,,,,,,,,,,,,,,,,,,,,
1000,r.-46.1.0,r.-46.1.0,r.-46.1.0,r.-46.1.0,,,,,,,,,,,,,,,,,r.-46.1.0,,r.-46.1.0,,,,,r.-46.1.0,r.-46.1.0,r.-46.1.0,,,r.-46.1.0,,,,,,,,,,,r.-46.1.0,r.-46.1.0,r.-46.1.0,r.-46.1.0,r.-46.1.0,,,,,,r.-46.1.0,r.-46.1.0,r.-46.1.0,r.-46.1.0,,,,r.-46.1.0,r.-46.1.0,,,,,,,,,,,,,,,,,,,,,,,,,,,,,,,,,,,,,,,,,,,,,,,,,,,,,,,,,,,,,,,,,,,,,,,,,,,,,,,,,,,,,,,,,,,,,,,
1001,r.-14.1.0,r.-14.1.0,r.-14.1.0,r.-14.1.0,,,,,,,,,,,,r.-14.1.0,,,,,r.-14.1.0,,r.-14.1.0,r.-14.1.0,,,,r.-14.1.0,r.-14.1.0,r.-14.1.0,,,r.-14.1.0,,,,,,,,,,,r.-14.1.0,r.-14.1.0,r.-14.1.0,r.-14.1.0,r.-14.1.0,,r.-14.1.0,r.-14.1.0,r.-14.1.0,r.-14.1.0,r.-14.1.0,r.-14.1.0,r.-14.1.0,r.-14.1.0,,,,r.-14.1.0,r.-14.1.0,,,,,,,,,,,,,,,,,,,,,,,,,,,,,,,,,,,,,,,,,,,,,,,,,,,,,,,,,,,,,,,,,,,,,,,,,,,,,,,,,,,,,,,,,,,,,,,
1002,,,,r.-15.1.0,,,,,,,,,,,,,,,,,,,r.-15.1.0,,,,,,,,,,,,,,,,,,,,,,,,,,,,,,,,,,,,,,,,,,,,,,,,,,,,,,,,,,,,,,,,,,,,,,,,,,,,,,,,,,,,,,,,,,,,,,,,,,,,,,,,,,,,,,,,,,,,,,,,,,,,,,,,,,,,,,
1003,r.-52.1.0,r.-52.1.0,r.-52.1.0,r.-52.1.0,,,,,,,,,,,,r.-52.1.0,,,,,r.-52.1.0,,r.-52.1.0,r.-52.1.0,,,,r.-52.1.0,r.-52.1.0,r.-52.1.0,,,r.-52.1.0,,,,,,,,,,,r.-52.1.0,r.-52.1.0,r.-52.1.0,r.-52.1.0,r.-52.1.0,,r.-52.1.0,r.-52.1.0,r.-52.1.0,r.-52.1.0,r.-52.1.0,r.-52.1.0,r.-52.1.0,r.-52.1.0,,,,r.-52.1.0,r.-52.1.0,,,,,,,,,,,,,,,,,,,,,,,,,,,,,,,,,,,,,,,,,,,,,,,,,,,,,,,,,,,,,,,,,,,,,,,,,,,,,,,,,,,,,,,,,,,,,,,
1004,,,,r.-62.3.0,,,,,,,,,,,,,,,,,,,r.-62.3.0,,,,,,,,,,,,,,,,,,,,,,,,,,,,,,,,,,,,,,,,,,,,,,,,,,,,,,,,,,,,,,,,,,,,,,,,,,,,,,,,,,,,,,,,,,,,,,,,,,,,,,,,,,,,,,,,,,,,,,,,,,,,,,,,,,,,,,
1005,r.-14.1.0,r.-14.1.0,r.-14.1.0,r.-14.1.0,,,,,,,,,,,,r.-14.1.0,,,,,r.-14.1.0,,r.-14.1.0,r.-14.1.0,,,,r.-14.1.0,r.-14.1.0,r.-14.1.0,,,r.-14.1.0,,,,,,,,,,,r.-14.1.0,r.-14.1.0,r.-14.1.0,r.-14.1.0,r.-14.1.0,,r.-14.1.0,r.-14.1.0,r.-14.1.0,r.-14.1.0,r.-14.1.0,r.-14.1.0,r.-14.1.0,r.-14.1.0,,,,r.-14.1.0,r.-14.1.0,,,,,,,,,,,,,,,,,,,,,,,,,,,,,,,,,,,,,,,,,,,,,,,,,,,,,,,,,,,,,,,,,,,,,,,,,,,,,,,,,,,,,,,,,,,,,,,
1006,,,r.-4.1.0,r.-4.1.0,,,,,,,,,,,,,,,,,r.-4.1.0,,r.-4.1.0,,,,,p.1070,p.1071,r.-4.1.0,,,r.-4.1.0,,,,,,,,,,,r.-4.1.0,r.-4.1.0,,,,,,,,,,,,,,,,,,,,,,,,,,,,,,,,,,,,,,,,,,,,,,,,,,,,,,,,,,,,,,,,,,,,,,,,,,,,,,,,,,,,,,,,,,,,,,,,,,,,,,,,,,,,,,,,
1007,,,,r.-35.1.0,,,,,,,,,,,,,,,,,r.-35.1.0,,r.-35.1.0,,,,,,,p.1066,,,r.-35.1.0,,,,,,,,,,,r.-35.1.0,r.-35.1.0,,,,,,,,,,,,,,,,,,,,,,,,,,,,,,,,,,,,,,,,,,,,,,,,,,,,,,,,,,,,,,,,,,,,,,,,,,,,,,,,,,,,,,,,,,,,,,,,,,,,,,,,,,,,,,,,
1008,r.-14.1.0,r.-14.1.0,r.-14.1.0,r.-14.1.0,,,,,,,,,,,,r.-14.1.0,,,,,r.-14.1.0,,r.-14.1.0,r.-14.1.0,,,,r.-14.1.0,r.-14.1.0,r.-14.1.0,,,r.-14.1.0,,,,,,,,,,,r.-14.1.0,r.-14.1.0,r.-14.1.0,r.-14.1.0,r.-14.1.0,,r.-14.1.0,r.-14.1.0,r.-14.1.0,r.-14.1.0,r.-14.1.0,r.-14.1.0,r.-14.1.0,r.-14.1.0,,,,r.-14.1.0,r.-14.1.0,,,,,,,,,,,,,,,,,,,,,,,,,,,,,,,,,,,,,,,,,,,,,,,,,,,,,,,,,,,,,,,,,,,,,,,,,,,,,,,,,,,,,,,,,,,,,,,
1009,r.-52.1.0,r.-52.1.0,r.-52.1.0,r.-52.1.0,,,,,,,,,,,,r.-52.1.0,,,,,r.-52.1.0,,r.-52.1.0,r.-52.1.0,,,,r.-52.1.0,r.-52.1.0,r.-52.1.0,,,r.-52.1.0,,,,,,,,,,,r.-52.1.0,r.-52.1.0,r.-52.1.0,r.-52.1.0,r.-52.1.0,,r.-52.1.0,r.-52.1.0,r.-52.1.0,r.-52.1.0,r.-52.1.0,r.-52.1.0,r.-52.1.0,r.-52.1.0,,,,r.-52.1.0,r.-52.1.0,,,,,,,,,,,,,,,,,,,,,,,,,,,,,,,,,,,,,,,,,,,,,,,,,,,,,,,,,,,,,,,,,,,,,,,,,,,,,,,,,,,,,,,,,,,,,,,
1010,,,,r.-44.1.0,,,,,,,,,,,,,,,,,r.-44.1.0,,r.-44.1.0,,,,,,,,,,p.1064,,,,,,,,,,,r.-44.1.0,r.-44.1.0,,,,,,,,,,,,,,,,,,,,,,,,,,,,,,,,,,,,,,,,,,,,,,,,,,,,,,,,,,,,,,,,,,,,,,,,,,,,,,,,,,,,,,,,,,,,,,,,,,,,,,,,,,,,,,,,
1011,r.-14.1.0,r.-14.1.0,r.-14.1.0,r.-14.1.0,,,,,,,,,,,,r.-14.1.0,,,,,r.-14.1.0,,r.-14.1.0,r.-14.1.0,,,,r.-14.1.0,r.-14.1.0,r.-14.1.0,,,r.-14.1.0,,,,,,,,,,,r.-14.1.0,r.-14.1.0,r.-14.1.0,r.-14.1.0,r.-14.1.0,,r.-14.1.0,r.-14.1.0,r.-14.1.0,r.-14.1.0,r.-14.1.0,r.-14.1.0,r.-14.1.0,r.-14.1.0,,,,r.-14.1.0,r.-14.1.0,,,,,,,,,,,,,,,,,,,,,,,,,,,,,,,,,,,,,,,,,,,,,,,,,,,,,,,,,,,,,,,,,,,,,,,,,,,,,,,,,,,,,,,,,,,,,,,
1012,,,,r.-45.1.0,,,,,,,,,,,,,,,,,r.-45.1.0,,r.-45.1.0,,,,,,,,,,,,,,,,,,,,,p.1062,r.-45.1.0,,,,,,,,,,,,,,,,,,,,,,,,,,,,,,,,,,,,,,,,,,,,,,,,,,,,,,,,,,,,,,,,,,,,,,,,,,,,,,,,,,,,,,,,,,,,,,,,,,,,,,,,,,,,,,,,
1013,,,,r.-13.1.0,,,,,,,,,,,,,,,,,p.1059,,r.-13.1.0,,,,,,,,,,,,,,,,,,,,,,p.1060,,,,,,,,,,,,,,,,,,,,,,,,,,,,,,,,,,,,,,,,,,,,,,,,,,,,,,,,,,,,,,,,,,,,,,,,,,,,,,,,,,,,,,,,,,,,,,,,,,,,,,,,,,,,,,,,
1014,r.-3.1.0,r.-3.1.0,r.-3.1.0,r.-3.1.0,,,,,,,,,,,,,,,,,r.-3.1.0,,r.-3.1.0,,,,,r.-3.1.0,r.-3.1.0,r.-3.1.0,,,r.-3.1.0,,,,,,,,,,,r.-3.1.0,r.-3.1.0,p.1030,p.1031,p.1032,,,,,,r.-3.1.0,r.-3.1.0,r.-3.1.0,r.-3.1.0,,,,r.-3.1.0,r.-3.1.0,,,,,,,,,,,,,,,,,,,,,,,,,,,,,,,,,,,,,,,,,,,,,,,,,,,,,,,,,,,,,,,,,,,,,,,,,,,,,,,,,,,,,,,,,,,,,,,
1015,r.-71.1.0,r.-71.1.0,r.-71.1.0,r.-71.1.0,,,,,,,,,,,,p.1046,,,,,r.-71.1.0,,r.-71.1.0,p.1047,,,,r.-71.1.0,r.-71.1.0,r.-71.1.0,,,r.-71.1.0,,,,,,,,,,,r.-71.1.0,r.-71.1.0,r.-71.1.0,r.-71.1.0,r.-71.1.0,,p.1048,p.1049,p.1050,p.1051,r.-71.1.0,r.-71.1.0,r.-71.1.0,r.-71.1.0,,,,r.-71.1.0,r.-71.1.0,,,,,,,,,,,,,,,,,,,,,,,,,,,,,,,,,,,,,,,,,,,,,,,,,,,,,,,,,,,,,,,,,,,,,,,,,,,,,,,,,,,,,,,,,,,,,,,
1016,r.-51.1.0,r.-51.1.0,r.-51.1.0,r.-51.1.0,,,,,,,,,,,,r.-51.1.0,,,,,r.-51.1.0,,r.-51.1.0,r.-51.1.0,,,,r.-51.1.0,r.-51.1.0,r.-51.1.0,,,r.-51.1.0,,,,,,,,,,,r.-51.1.0,r.-51.1.0,r.-51.1.0,r.-51.1.0,r.-51.1.0,,r.-51.1.0,r.-51.1.0,r.-51.1.0,r.-51.1.0,r.-51.1.0,r.-51.1.0,r.-51.1.0,r.-51.1.0,,,,r.-51.1.0,r.-51.1.0,,,,,,,,,,,,,,,,,,,,,,,,,,,,,,,,,,,,,,,,,,,,,,,,,,,,,,,,,,,,,,,,,,,,,,,,,,,,,,,,,,,,,,,,,,,,,,,
1017,,,r.-26.1.0,r.-26.1.0,,,,,,,,,,,,,,,,,r.-26.1.0,,r.-26.1.0,,,,,r.-26.1.0,r.-26.1.0,r.-26.1.0,,,r.-26.1.0,,,,,,,,,,,r.-26.1.0,r.-26.1.0,,,,,,,,,p.1038,p.1039,p.1040,p.1041,,,,,,,,,,,,,,,,,,,,,,,,,,,,,,,,,,,,,,,,,,,,,,,,,,,,,,,,,,,,,,,,,,,,,,,,,,,,,,,,,,,,,,,,,,,,,,,,,,,,
1018,,,r.-53.1.0,r.-53.1.0,,,,,,,,,,,,,,,,,r.-53.1.0,,r.-53.1.0,,,,,r.-53.1.0,r.-53.1.0,r.-53.1.0,,,r.-53.1.0,,,,,,,,,,,r.-53.1.0,r.-53.1.0,,,,,,,,,r.-53.1.0,r.-53.1.0,r.-53.1.0,r.-53.1.0,,,,p.1024,p.1025,,,,,,,,,,,,,,,,,,,,,,,,,,,,,,,,,,,,,,,,,,,,,,,,,,,,,,,,,,,,,,,,,,,,,,,,,,,,,,,,,,,,,,,,,,,,,,,
1019,r.-52.1.0,r.-52.1.0,r.-52.1.0,r.-52.1.0,,,,,,,,,,,,r.-52.1.0,,p.1023,,,r.-52.1.0,,r.-52.1.0,r.-52.1.0,,,,r.-52.1.0,r.-52.1.0,r.-52.1.0,,,r.-52.1.0,,,,,,,,,,,r.-52.1.0,r.-52.1.0,r.-52.1.0,r.-52.1.0,r.-52.1.0,,r.-52.1.0,r.-52.1.0,r.-52.1.0,r.-52.1.0,r.-52.1.0,r.-52.1.0,r.-52.1.0,r.-52.1.0,,,,r.-52.1.0,r.-52.1.0,,,,,,,,,,,,,,,,,,,,,,,,,,,,,,,,,,,,,,,,,,,,,,,,,,,,,,,,,,,,,,,,,,,,,,,,,,,,,,,,,,,,,,,,,,,,,,,
1020,r.-10.1.0,r.-10.1.0,r.-10.1.0,r.-10.1.0,,,,,,,,,,,,,,,,,r.-10.1.0,,r.-10.1.0,,,,,r.-10.1.0,r.-10.1.0,r.-10.1.0,,,r.-10.1.0,,,,,,,,,,,r.-10.1.0,r.-10.1.0,r.-10.1.0,r.-10.1.0,r.-10.1.0,,,,,,r.-10.1.0,r.-10.1.0,r.-10.1.0,r.-10.1.0,,,,r.-10.1.0,r.-10.1.0,,,,,,,,,,,,,,,,,,,,,,,,,,,,,,,,,,,,,,,,,,,,,,,,,,,,,,,,,,,,,,,,,,,,,,,,,,,,,,,,,,,,,,,,,,,,,,,
1021,p.98,p.99,p.100,,,,,,,,,,,,,p.989,,p.990,,,,,,,,,p.991,,,,p.992,p.993,,p.994,,,,,,,,,,,,p.108,,,,,,p.995,p.996,,,,,,,,,,,,,,,,,,,,,,,,,,,,,p.997,p.112,p.113,,,,,,,,,,,p.1022,p.1001,,,p.1003,,,,,,,,,p.1005,,,,,,,,p.1008,,p.1009,,,,,,,p.1011,,,,,,,,,,,p.1015,p.1016,,,,,,,p.1019,,,,,,,,,,,,p.1020,p.1021
1022,r.-71.2.0,r.-71.2.0,r.-71.2.0,r.-71.2.0,,,,,,,,,,,,,,,,,r.-71.2.0,,r.-71.2.0,,,,,r.-71.2.0,r.-71.2.0,r.-71.2.0,,,r.-71.2.0,,,,,,,,,,,r.-71.2.0,r.-71.2.0,r.-71.2.0,r.-71.2.0,r.-71.2.0,,,,,,r.-71.2.0,r.-71.2.0,r.-71.2.0,r.-71.2.0,,,,r.-71.2.0,r.-71.2.0,,,,,,,,,,,,,,,,,,,,,,,,,,,,,,,,,,,,,,,,,,,,,,,,,,,,,,,,,,,,,,,,,,,,,,,,,,,,,,,,,,,,,,,,,,,,,,,
1023,r.-59.2.0,r.-59.2.0,r.-59.2.0,r.-59.2.0,,,,,,,,,,,,r.-59.2.0,,r.-59.2.0,,,r.-59.2.0,,r.-59.2.0,r.-59.2.0,,,,r.-59.2.0,r.-59.2.0,r.-59.2.0,,,r.-59.2.0,,,,,,,,,,,r.-59.2.0,r.-59.2.0,r.-59.2.0,r.-59.2.0,r.-59.2.0,,r.-59.2.0,r.-59.2.0,r.-59.2.0,r.-59.2.0,r.-59.2.0,r.-59.2.0,r.-59.2.0,r.-59.2.0,,,,r.-59.2.0,r.-59.2.0,,,,,,,,,,,,,,,,,,,,,,,,,,,,,,,,,,,,,,,,,,,,,,,,,,,,,,,,,,,,,,,,,,,,,,,,,,,,,,,,,,,,,,,,,,,,,,,
1024,p.98,p.99,p.100,,,,,,,,,,,,,p.989,,p.990,,,,,,,,,p.991,,,,p.992,p.993,,p.994,,,,,,,,,,,,p.108,,,,,,p.995,p.996,,,,,,,,,,,,,,,,,,,,,,,,,,,,,p.997,p.112,p.113,,,,p.1037,,,,,,,p.1000,p.1001,,,p.1003,,,,,,,,,p.1005,,,,,,,,p.1008,,p.1009,,,,,,,p.1011,,,,,,p.1014,,,,,p.1015,p.1016,,,,,,,p.1019,,,,,,,,,,,,p.1020,p.1021
1025,p.98,p.99,p.100,,,,,,,,,,,,,p.989,,p.990,,,,,,,,,p.991,,,,p.992,p.993,,p.994,,,,,,,,,,,,p.108,,,,,,p.995,p.996,,,,,,,,,,,,,,,,,,,,,,,,,,,,,p.997,p.112,p.113,,,,p.1026,,,,,,,p.1000,p.1001,,,p.1003,,,,,,,,,p.1005,,,,,,,,p.1008,,p.1009,,,,,,,p.1011,,,,,,p.1014,,,,,p.1015,p.1016,,,,,,,p.1019,,,,,,,,,,,,p.1020,p.1021
1026,p.1027,p.1028,r.-55.3.0,r.-55.3.0,,,,,,,,,,,,,,,,,r.-55.3.0,,r.-55.3.0,,,,,r.-55.3.0,r.-55.3.0,r.-55.3.0,,,r.-55.3.0,,,,,,,,,,,r.-55.3.0,r.-55.3.0,,,,,,,,,r.-55.3.0,r.-55.3.0,r.-55.3.0,r.-55.3.0,,,,r.-55.3.0,r.-55.3.0,,,,,,,,,,,,,,,,,,,,,,,,,,,,,,,,,,,,,,,,,,,,,,,,,,,,,,,,,,,,,,,,,,,,,,,,,,,,,,,,,,,,,,,,,,,,,,,
1027,p.98,p.99,p.100,,,,,,,,,,,,,p.989,,p.990,,,,,,,,,p.991,,,,p.992,p.993,,p.994,,,,,,,,,,,,p.108,,,,,,p.995,p.996,,,,,,,,,,,,,,,,,,,,,,,,,,,,,p.997,p.112,p.113,,,,,,,,,,,p.1000,p.1001,,,p.1003,,,,,,,,,p.1005,,,,,,,,p.1008,,p.1009,,,,,,,p.1011,,,,,,p.1036,,,,,p.1015,p.1016,,,,,,,p.1019,,,,,,,,,,,,p.1020,p.1021
1028,p.98,p.99,p.100,,,,,,,,,,,,,p.989,,p.990,,,,,,,,,p.991,,,,p.992,p.993,,p.994,,,,,,,,,,,,p.108,,,,,,p.995,p.996,,,,,,,,,,,,,,,,,,,,,,,,,,,,,p.997,p.112,p.113,,,,,,,,,,,p.1000,p.1001,,,p.1003,,,,,,,,,p.1005,,,,,,,,p.1008,,p.1009,,,,,,,p.1011,,,,,,p.1029,,,,,p.1015,p.1016,,,,,,,p.1019,,,,,,,,,,,,p.1020,p.1021
1029,r.-3.3.0,r.-3.3.0,r.-3.3.0,r.-3.3.0,,,,,,,,,,,,,,,,,r.-3.3.0,,r.-3.3.0,,,,,r.-3.3.0,r.-3.3.0,r.-3.3.0,,,r.-3.3.0,,,,,,,,,,,r.-3.3.0,r.-3.3.0,p.1030,p.1031,p.1032,,,,,,r.-3.3.0,r.-3.3.0,r.-3.3.0,r.-3.3.0,,,,r.-3.3.0,r.-3.3.0,,,,,,,,,,,,,,,,,,,,,,,,,,,,,,,,,,,,,,,,,,,,,,,,,,,,,,,,,,,,,,,,,,,,,,,,,,,,,,,,,,,,,,,,,,,,,,,
1030,p.98,p.99,p.100,,,,,,,,,,,,,p.989,,p.990,,,,,,,,,p.991,,,,p.992,p.993,,p.994,,,,,,,,,,,,p.108,,,,,,p.995,p.996,,,,,,,,,,,,,,,,,,,,,,,,,,,,,p.997,p.112,p.113,,,,,,,,,,,p.1035,p.1001,,,p.1003,,,,,,,,,p.1005,,,,,,,,p.1008,,p.1009,,,,,,,p.1011,,,,,,,,,,,p.1015,p.1016,,,,,,,p.1019,,,,,,,,,,,,p.1020,p.1021
1031,p.98,p.99,p.100,,,,,,,,,,,,,p.989,,p.990,,,,,,,,,p.991,,,,p.992,p.993,,p.994,,,,,,,,,,,,p.108,,,,,,p.995,p.996,,,,,,,,,,,,,,,,,,,,,,,,,,,,,p.997,p.112,p.113,,,,,,,,,,,p.1034,p.1001,,,p.1003,,,,,,,,,p.1005,,,,,,,,p.1008,,p.1009,,,,,,,p.1011,,,,,,,,,,,p.1015,p.1016,,,,,,,p.1019,,,,,,,,,,,,p.1020,p.1021
1032,p.98,p.99,p.100,,,,,,,,,,,,,p.989,,p.990,,,,,,,,,p.991,,,,p.992,p.993,,p.994,,,,,,,,,,,,p.108,,,,,,p.995,p.996,,,,,,,,,,,,,,,,,,,,,,,,,,,,,p.997,p.112,p.113,,,,,,,,,,,p.1033,p.1001,,,p.1003,,,,,,,,,p.1005,,,,,,,,p.1008,,p.1009,,,,,,,p.1011,,,,,,,,,,,p.1015,p.1016,,,,,,,p.1019,,,,,,,,,,,,p.1020,p.1021
1033,r.-46.3.0,r.-46.3.0,r.-46.3.0,r.-46.3.0,,,,,,,,,,,,,,,,,r.-46.3.0,,r.-46.3.0,,,,,r.-46.3.0,r.-46.3.0,r.-46.3.0,,,r.-46.3.0,,,,,,,,,,,r.-46.3.0,r.-46.3.0,r.-46.3.0,r.-46.3.0,r.-46.3.0,,,,,,r.-46.3.0,r.-46.3.0,r.-46.3.0,r.-46.3.0,,,,r.-46.3.0,r.-46.3.0,,,,,,,,,,,,,,,,,,,,,,,,,,,,,,,,,,,,,,,,,,,,,,,,,,,,,,,,,,,,,,,,,,,,,,,,,,,,,,,,,,,,,,,,,,,,,,,
1034,r.-46.3.0,r.-46.3.0,r.-46.3.0,r.-46.3.0,,,,,,,,,,,,,,,,,r.-46.3.0,,r.-46.3.0,,,,,r.-46.3.0,r.-46.3.0,r.-46.3.0,,,r.-46.3.0,,,,,,,,,,,r.-46.3.0,r.-46.3.0,r.-46.3.0,r.-46.3.0,r.-46.3.0,,,,,,r.-46.3.0,r.-46.3.0,r.-46.3.0,r.-46.3.0,,,,r.-46.3.0,r.-46.3.0,,,,,,,,,,,,,,,,,,,,,,,,,,,,,,,,,,,,,,,,,,,,,,,,,,,,,,,,,,,,,,,,,,,,,,,,,,,,,,,,,,,,,,,,,,,,,,,
1035,r.-46.3.0,r.-46.3.0,r.-46.3.0,r.-46.3.0,,,,,,,,,,,,,,,,,r.-46.3.0,,r.-46.3.0,,,,,r.-46.3.0,r.-46.3.0,r.-46.3.0,,,r.-46.3.0,,,,,,,,,,,r.-46.3.0,r.-46.3.0,r.-46.3.0,r.-46.3.0,r.-46.3.0,,,,,,r.-46.3.0,r.-46.3.0,r.-46.3.0,r.-46.3.0,,,,r.-46.3.0,r.-46.3.0,,,,,,,,,,,,,,,,,,,,,,,,,,,,,,,,,,,,,,,,,,,,,,,,,,,,,,,,,,,,,,,,,,,,,,,,,,,,,,,,,,,,,,,,,,,,,,,
1036,r.-3.3.0,r.-3.3.0,r.-3.3.0,r.-3.3.0,,,,,,,,,,,,,,,,,r.-3.3.0,,r.-3.3.0,,,,,r.-3.3.0,r.-3.3.0,r.-3.3.0,,,r.-3.3.0,,,,,,,,,,,r.-3.3.0,r.-3.3.0,p.1030,p.1031,p.1032,,,,,,r.-3.3.0,r.-3.3.0,r.-3.3.0,r.-3.3.0,,,,r.-3.3.0,r.-3.3.0,,,,,,,,,,,,,,,,,,,,,,,,,,,,,,,,,,,,,,,,,,,,,,,,,,,,,,,,,,,,,,,,,,,,,,,,,,,,,,,,,,,,,,,,,,,,,,,
1037,p.1027,p.1028,r.-55.3.0,r.-55.3.0,,,,,,,,,,,,,,,,,r.-55.3.0,,r.-55.3.0,,,,,r.-55.3.0,r.-55.3.0,r.-55.3.0,,,r.-55.3.0,,,,,,,,,,,r.-55.3.0,r.-55.3.0,,,,,,,,,r.-55.3.0,r.-55.3.0,r.-55.3.0,r.-55.3.0,,,,r.-55.3.0,r.-55.3.0,,,,,,,,,,,,,,,,,,,,,,,,,,,,,,,,,,,,,,,,,,,,,,,,,,,,,,,,,,,,,,,,,,,,,,,,,,,,,,,,,,,,,,,,,,,,,,,
1038,p.98,p.99,p.100,,,,,,,,,,,,,p.989,,p.990,,,,,,,,,p.991,,,,p.992,p.993,,p.994,,,,,,,,,,,,p.108,,,,,,p.995,p.996,,,,,,,,,,,,,,,,,,,,,,,,,,,,,p.997,p.112,p.113,,,,p.998,,,,,,,p.1000,p.1001,,,p.1003,,,,,,,,,p.1005,,,,,,,,p.1008,,p.1009,,,,,,,p.1011,,,,,,p.1014,,,,,p.1015,p.1016,,,p.1045,,,,p.1019,,,,,,,,,,,,p.1020,p.1021
1039,p.98,p.99,p.100,,,,,,,,,,,,,p.989,,p.990,,,,,,,,,p.991,,,,p.992,p.993,,p.994,,,,,,,,,,,,p.108,,,,,,p.995,p.996,,,,,,,,,,,,,,,,,,,,,,,,,,,,,p.997,p.112,p.113,,,,p.998,,,,,,,p.1000,p.1001,,,p.1003,,,,,,,,,p.1005,,,,,,,,p.1008,,p.1009,,,,,,,p.1011,,,,,,p.1014,,,,,p.1015,p.1016,,,p.1044,,,,p.1019,,,,,,,,,,,,p.1020,p.1021
1040,p.98,p.99,p.100,,,,,,,,,,,,,p.989,,p.990,,,,,,,,,p.991,,,,p.992,p.993,,p.994,,,,,,,,,,,,p.108,,,,,,p.995,p.996,,,,,,,,,,,,,,,,,,,,,,,,,,,,,p.997,p.112,p.113,,,,p.998,,,,,,,p.1000,p.1001,,,p.1003,,,,,,,,,p.1005,,,,,,,,p.1008,,p.1009,,,,,,,p.1011,,,,,,p.1014,,,,,p.1015,p.1016,,,p.1043,,,,p.1019,,,,,,,,,,,,p.1020,p.1021
1041,p.98,p.99,p.100,,,,,,,,,,,,,p.989,,p.990,,,,,,,,,p.991,,,,p.992,p.993,,p.994,,,,,,,,,,,,p.108,,,,,,p.995,p.996,,,,,,,,,,,,,,,,,,,,,,,,,,,,,p.997,p.112,p.113,,,,p.998,,,,,,,p.1000,p.1001,,,p.1003,,,,,,,,,p.1005,,,,,,,,p.1008,,p.1009,,,,,,,p.1011,,,,,,p.1014,,,,,p.1015,p.1016,,,p.1042,,,,p.1019,,,,,,,,,,,,p.1020,p.1021
1042,,,r.-53.3.0,r.-53.3.0,,,,,,,,,,,,,,,,,r.-53.3.0,,r.-53.3.0,,,,,r.-53.3.0,r.-53.3.0,r.-53.3.0,,,r.-53.3.0,,,,,,,,,,,r.-53.3.0,r.-53.3.0,,,,,,,,,r.-53.3.0,r.-53.3.0,r.-53.3.0,r.-53.3.0,,,,p.1024,p.1025,,,,,,,,,,,,,,,,,,,,,,,,,,,,,,,,,,,,,,,,,,,,,,,,,,,,,,,,,,,,,,,,,,,,,,,,,,,,,,,,,,,,,,,,,,,,,,,
1043,,,r.-53.3.0,r.-53.3.0,,,,,,,,,,,,,,,,,r.-53.3.0,,r.-53.3.0,,,,,r.-53.3.0,r.-53.3.0,r.-53.3.0,,,r.-53.3.0,,,,,,,,,,,r.-53.3.0,r.-53.3.0,,,,,,,,,r.-53.3.0,r.-53.3.0,r.-53.3.0,r.-53.3.0,,,,p.1024,p.1025,,,,,,,,,,,,,,,,,,,,,,,,,,,,,,,,,,,,,,,,,,,,,,,,,,,,,,,,,,,,,,,,,,,,,,,,,,,,,,,,,,,,,,,,,,,,,,,
1044,,,r.-53.3.0,r.-53.3.0,,,,,,,,,,,,,,,,,r.-53.3.0,,r.-53.3.0,,,,,r.-53.3.0,r.-53.3.0,r.-53.3.0,,,r.-53.3.0,,,,,,,,,,,r.-53.3.0,r.-53.3.0,,,,,,,,,r.-53.3.0,r.-53.3.0,r.-53.3.0,r.-53.3.0,,,,p.1024,p.1025,,,,,,,,,,,,,,,,,,,,,,,,,,,,,,,,,,,,,,,,,,,,,,,,,,,,,,,,,,,,,,,,,,,,,,,,,,,,,,,,,,,,,,,,,,,,,,,
1045,,,r.-53.3.0,r.-53.3.0,,,,,,,,,,,,,,,,,r.-53.3.0,,r.-53.3.0,,,,,r.-53.3.0,r.-53.3.0,r.-53.3.0,,,r.-53.3.0,,,,,,,,,,,r.-53.3.0,r.-53.3.0,,,,,,,,,r.-53.3.0,r.-53.3.0,r.-53.3.0,r.-53.3.0,,,,p.1024,p.1025,,,,,,,,,,,,,,,,,,,,,,,,,,,,,,,,,,,,,,,,,,,,,,,,,,,,,,,,,,,,,,,,,,,,,,,,,,,,,,,,,,,,,,,,,,,,,,,
1046,p.98,p.99,p.100,,,,,,,,,,,,,p.207,p.1056,p.208,,,,,,,,,p.210,,,,p.211,p.263,,p.213,,,,,,,,,,,,p.108,,,,,,p.214,p.215,,,,,,,,,,,,,,,,,,,,,,,,,,,,,p.228,p.112,p.113,,,,p.229,p.230,p.1057,p.521,,,,p.232,p.233,,p.234,p.235,,,,,,,,,p.237,,,p.238,p.239,,,,p.241,,p.242,,p.243,,,,,p.244,,,,p.245,p.246,p.247,,,,,p.248,p.249,p.250,,p.251,,,,p.253,,,,,,,,,,,,p.260,p.261
1047,p.98,p.99,p.100,,,,,,,,,,,,,p.170,,p.171,,,,,,,,,p.172,,,,p.173,p.174,,p.175,,,,,,,,,,,,p.108,,,,,,p.176,p.177,,,,,,,,,,,,,,,,,,,,,,,,,,,,,p.178,p.112,p.113,,,,p.179,p.180,,p.181,,,,p.182,p.183,,p.184,p.185,,,,,,,,,p.186,,,p.187,p.188,p.1054,,,p.190,,p.191,,p.192,,,,,p.193,,,,p.194,p.195,p.196,,,,,p.197,p.198,p.199,,p.200,,,,p.201,,,,,,,,,,,,p.202,p.203
1048,,,,,,,,,,,,,,,,,,,,,,,,,,,,,,,,p.993,,,,,,,,,,,,,,,,,,,,,,,,,,,,,,,,,,,,,,,,,,,,,,,,,,,,,,,,,,,,,,,,,,,,,,,,,,,,,,,,,,,,,,p.1053,,,,,,,,,,,,,,,,,,,,,,,,,,,,,,,,,,,,,,,
1049,,,,,,,,,,,,,,,,,,,,,,,,,,,,,,,,p.993,,,,,,,,,,,,,,,,,,,,,,,,,,,,,,,,,,,,,,,,,,,,,,,,,,,,,,,,,,,,,,,,,,,,,,,,,,,,,,,,,,,,,,p.1052,,,,,,,,,,,,,,,,,,,,,,,,,,,,,,,,,,,,,,,
1050,r.-51.2.0,r.-51.2.0,r.-51.2.0,r.-51.2.0,,,,,,,,,,,,r.-51.2.0,,,,,r.-51.2.0,,r.-51.2.0,r.-51.2.0,,,,r.-51.2.0,r.-51.2.0,r.-51.2.0,,,r.-51.2.0,,,,,,,,,,,r.-51.2.0,r.-51.2.0,r.-51.2.0,r.-51.2.0,r.-51.2.0,,r.-51.2.0,r.-51.2.0,r.-51.2.0,r.-51.2.0,r.-51.2.0,r.-51.2.0,r.-51.2.0,r.-51.2.0,,,,r.-51.2.0,r.-51.2.0,,,,,,,,,,,,,,,,,,,,,,,,,,,,,,,,,,,,,,,,,,,,,,,,,,,,,,,,,,,,,,,,,,,,,,,,,,,,,,,,,,,,,,,,,,,,,,,
1051,r.-51.2.0,r.-51.2.0,r.-51.2.0,r.-51.2.0,,,,,,,,,,,,r.-51.2.0,,,,,r.-51.2.0,,r.-51.2.0,r.-51.2.0,,,,r.-51.2.0,r.-51.2.0,r.-51.2.0,,,r.-51.2.0,,,,,,,,,,,r.-51.2.0,r.-51.2.0,r.-51.2.0,r.-51.2.0,r.-51.2.0,,r.-51.2.0,r.-51.2.0,r.-51.2.0,r.-51.2.0,r.-51.2.0,r.-51.2.0,r.-51.2.0,r.-51.2.0,,,,r.-51.2.0,r.-51.2.0,,,,,,,,,,,,,,,,,,,,,,,,,,,,,,,,,,,,,,,,,,,,,,,,,,,,,,,,,,,,,,,,,,,,,,,,,,,,,,,,,,,,,,,,,,,,,,,
1052,r.-51.3.0,r.-51.3.0,r.-51.3.0,r.-51.3.0,,,,,,,,,,,,r.-51.3.0,,,,,r.-51.3.0,,r.-51.3.0,r.-51.3.0,,,,r.-51.3.0,r.-51.3.0,r.-51.3.0,,,r.-51.3.0,,,,,,,,,,,r.-51.3.0,r.-51.3.0,r.-51.3.0,r.-51.3.0,r.-51.3.0,,r.-51.3.0,r.-51.3.0,r.-51.3.0,r.-51.3.0,r.-51.3.0,r.-51.3.0,r.-51.3.0,r.-51.3.0,,,,r.-51.3.0,r.-51.3.0,,,,,,,,,,,,,,,,,,,,,,,,,,,,,,,,,,,,,,,,,,,,,,,,,,,,,,,,,,,,,,,,,,,,,,,,,,,,,,,,,,,,,,,,,,,,,,,
1053,r.-51.3.0,r.-51.3.0,r.-51.3.0,r.-51.3.0,,,,,,,,,,,,r.-51.3.0,,,,,r.-51.3.0,,r.-51.3.0,r.-51.3.0,,,,r.-51.3.0,r.-51.3.0,r.-51.3.0,,,r.-51.3.0,,,,,,,,,,,r.-51.3.0,r.-51.3.0,r.-51.3.0,r.-51.3.0,r.-51.3.0,,r.-51.3.0,r.-51.3.0,r.-51.3.0,r.-51.3.0,r.-51.3.0,r.-51.3.0,r.-51.3.0,r.-51.3.0,,,,r.-51.3.0,r.-51.3.0,,,,,,,,,,,,,,,,,,,,,,,,,,,,,,,,,,,,,,,,,,,,,,,,,,,,,,,,,,,,,,,,,,,,,,,,,,,,,,,,,,,,,,,,,,,,,,,
1054,,,,p.516,,,,,,,,,,,,,,,,,,,,,p.1055,,,,,,,,,,,,,,,,,,,,,,,,,,,,,,,,,,,,,,,,,,,,,,,,,,,,,,,,,,,,,,,,,,,,,,,,,,,,,,,,,,,,,,,,,,,,,,,,,,,,,,,,,,,,,,,,,,,,,,,,,,,,,,,,,,,,
1055,r.-51.4.0,r.-51.4.0,r.-51.4.0,r.-51.4.0,,,,,,,,,,,,r.-51.4.0,,,,,r.-51.4.0,,r.-51.4.0,r.-51.4.0,,,,r.-51.4.0,r.-51.4.0,r.-51.4.0,,,r.-51.4.0,,,,,,,,,,,r.-51.4.0,r.-51.4.0,r.-51.4.0,r.-51.4.0,r.-51.4.0,,r.-51.4.0,r.-51.4.0,r.-51.4.0,r.-51.4.0,r.-51.4.0,r.-51.4.0,r.-51.4.0,r.-51.4.0,,,,r.-51.4.0,r.-51.4.0,,,,,,,,,,,,,,,,,,,,,,,,,,,,,,,,,,,,,,,,,,,,,,,,,,,,,,,,,,,,,,,,,,,,,,,,,,,,,,,,,,,,,,,,,,,,,,,
1056,r.-51.3.0,r.-51.3.0,r.-51.3.0,r.-51.3.0,,,,,,,,,,,,r.-51.3.0,,,,,r.-51.3.0,,r.-51.3.0,r.-51.3.0,,,,r.-51.3.0,r.-51.3.0,r.-51.3.0,,,r.-51.3.0,,,,,,,,,,,r.-51.3.0,r.-51.3.0,r.-51.3.0,r.-51.3.0,r.-51.3.0,,r.-51.3.0,r.-51.3.0,r.-51.3.0,r.-51.3.0,r.-51.3.0,r.-51.3.0,r.-51.3.0,r.-51.3.0,,,,r.-51.3.0,r.-51.3.0,,,,,,,,,,,,,,,,,,,,,,,,,,,,,,,,,,,,,,,,,,,,,,,,,,,,,,,,,,,,,,,,,,,,,,,,,,,,,,,,,,,,,,,,,,,,,,,
1057,,,,p.522,,,,,,,,,,,,,p.1058,,,,,,,,,,,,,,,,,,,,,,,,,,,,,,,,,,,,,,,,,,,,,,,,,,,,,,,,,,,,,,,,,,,,,,,,,,,,,,,,,,,,,,,,,,,,,,,,,,,,,,,,,,,,,,,,,,,,,,,,,,,,,,,,,,,,,,,,,,,,
1058,r.-51.4.0,r.-51.4.0,r.-51.4.0,r.-51.4.0,,,,,,,,,,,,r.-51.4.0,,,,,r.-51.4.0,,r.-51.4.0,r.-51.4.0,,,,r.-51.4.0,r.-51.4.0,r.-51.4.0,,,r.-51.4.0,,,,,,,,,,,r.-51.4.0,r.-51.4.0,r.-51.4.0,r.-51.4.0,r.-51.4.0,,r.-51.4.0,r.-51.4.0,r.-51.4.0,r.-51.4.0,r.-51.4.0,r.-51.4.0,r.-51.4.0,r.-51.4.0,,,,r.-51.4.0,r.-51.4.0,,,,,,,,,,,,,,,,,,,,,,,,,,,,,,,,,,,,,,,,,,,,,,,,,,,,,,,,,,,,,,,,,,,,,,,,,,,,,,,,,,,,,,,,,,,,,,,
1059,p.98,p.99,p.100,,,,,,,,,,,,,p.540,,p.541,,,,,,,,,p.542,,,,p.543,p.544,,p.545,,,,,,,,,,,,p.108,,,,,,p.546,p.547,,,,,,,,,,,,,,,,,,,,,,,,,,,,,p.548,p.112,p.113,,,,p.549,p.550,,p.551,,,,p.552,p.553,,p.554,p.555,,,,,,,,,p.556,,,p.557,p.558,p.1074,,,p.560,,p.561,,p.562,,,,,p.563,,,,p.564,p.565,p.566,,,,,p.567,p.568,p.569,,p.570,,,,p.571,,,,,,,,,,,,p.572,p.573
1060,p.98,p.99,p.100,,,,,,,,,,,,,p.989,,p.990,,,,,,,,,p.991,,,,p.992,p.993,,p.994,,,,,,,,,,,,p.108,,,,,,p.995,p.996,,,,,,,,,,,,,,,,,,,,,,,,,,,,,p.997,p.112,p.113,,,,p.998,p.999,,,,,,p.1000,p.1001,,,p.1003,,,,,,,,,p.1005,,,p.1006,p.1007,,,,p.1008,,p.1009,,p.1010,,,,,p.1011,,,,p.1061,,p.1014,,,,,p.1015,p.1016,p.1017,,p.1018,,,,p.1019,,,,,,,,,,,,p.1020,p.1021
1061,,,,r.-45.3.0,,,,,,,,,,,,,,,,,r.-45.3.0,,r.-45.3.0,,,,,,,,,,,,,,,,,,,,,p.1062,r.-45.3.0,,,,,,,,,,,,,,,,,,,,,,,,,,,,,,,,,,,,,,,,,,,,,,,,,,,,,,,,,,,,,,,,,,,,,,,,,,,,,,,,,,,,,,,,,,,,,,,,,,,,,,,,,,,,,,,,
1062,p.98,p.99,p.100,,,,,,,,,,,,,p.989,,p.990,,,,,,,,,p.991,,,,p.992,p.993,,p.994,,,,,,,,,,,,p.108,,,,,,p.995,p.996,,,,,,,,,,,,,,,,,,,,,,,,,,,,,p.997,p.112,p.113,,,,p.998,p.999,,,,,,p.1000,p.1001,,,p.1003,,,,,,,,,p.1005,,,p.1006,p.1007,,,,p.1008,,p.1009,,p.1063,,,,,p.1011,,,,,,p.1014,,,,,p.1015,p.1016,p.1017,,p.1018,,,,p.1019,,,,,,,,,,,,p.1020,p.1021
1063,,,,r.-44.3.0,,,,,,,,,,,,,,,,,r.-44.3.0,,r.-44.3.0,,,,,,,,,,p.1064,,,,,,,,,,,r.-44.3.0,r.-44.3.0,,,,,,,,,,,,,,,,,,,,,,,,,,,,,,,,,,,,,,,,,,,,,,,,,,,,,,,,,,,,,,,,,,,,,,,,,,,,,,,,,,,,,,,,,,,,,,,,,,,,,,,,,,,,,,,,
1064,p.98,p.99,p.100,,,,,,,,,,,,,p.989,,p.990,,,,,,,,,p.991,,,,p.992,p.993,,p.994,,,,,,,,,,,,p.108,,,,,,p.995,p.996,,,,,,,,,,,,,,,,,,,,,,,,,,,,,p.997,p.112,p.113,,,,p.998,p.999,,,,,,p.1000,p.1001,,,p.1003,,,,,,,,,p.1005,,,p.1006,p.1065,,,,p.1008,,p.1009,,,,,,,p.1011,,,,,,p.1014,,,,,p.1015,p.1016,p.1017,,p.1018,,,,p.1019,,,,,,,,,,,,p.1020,p.1021
1065,,,,r.-35.3.0,,,,,,,,,,,,,,,,,r.-35.3.0,,r.-35.3.0,,,,,,,p.1066,,,r.-35.3.0,,,,,,,,,,,r.-35.3.0,r.-35.3.0,,,,,,,,,,,,,,,,,,,,,,,,,,,,,,,,,,,,,,,,,,,,,,,,,,,,,,,,,,,,,,,,,,,,,,,,,,,,,,,,,,,,,,,,,,,,,,,,,,,,,,,,,,,,,,,,
1066,p.98,p.99,p.100,,,,,,,,,,,,,p.989,,p.990,,,,,,,,,p.991,,,,p.992,p.993,,p.994,,,,,,,,,,,,p.108,,,,,,p.995,p.996,,,,,,,,,,,,,,,,,,,,,,,,,,,,,p.997,p.112,p.113,,,,p.998,p.1067,,,,,,p.1000,p.1001,,,p.1003,,,,,,,,,p.1005,,,p.1006,,,,,p.1008,,p.1009,,,,,,,p.1011,,,,,,p.1014,,,,,p.1015,p.1016,p.1017,,p.1018,,,,p.1019,,,,,,,,,,,,p.1020,p.1021
1067,,,p.1068,r.-27.3.0,,,,,,,,,,,,,,,,,r.-27.3.0,,r.-27.3.0,,,,,,,r.-27.3.0,,,r.-27.3.0,,,,,,,,,,,r.-27.3.0,r.-27.3.0,,,,,,,,,,,,,,,,,,,,,,,,,,,,,,,,,,,,,,,,,,,,,,,,,,,,,,,,,,,,,,,,,,,,,,,,,,,,,,,,,,,,,,,,,,,,,,,,,,,,,,,,,,,,,,,,
1068,p.98,p.99,p.100,,,,,,,,,,,,,p.989,,p.990,,,,,,,,,p.991,,,,p.992,p.993,,p.994,,,,,,,,,,,,p.108,,,,,,p.995,p.996,,,,,,,,,,,,,,,,,,,,,,,,,,,,,p.997,p.112,p.113,,,,p.998,,,,,,,p.1000,p.1001,,,p.1003,,,,,,,,,p.1005,,,p.1069,,,,,p.1008,,p.1009,,,,,,,p.1011,,,,,,p.1014,,,,,p.1015,p.1016,p.1017,,p.1018,,,,p.1019,,,,,,,,,,,,p.1020,p.1021
1069,,,r.-4.3.0,r.-4.3.0,,,,,,,,,,,,,,,,,r.-4.3.0,,r.-4.3.0,,,,,p.1070,p.1071,r.-4.3.0,,,r.-4.3.0,,,,,,,,,,,r.-4.3.0,r.-4.3.0,,,,,,,,,,,,,,,,,,,,,,,,,,,,,,,,,,,,,,,,,,,,,,,,,,,,,,,,,,,,,,,,,,,,,,,,,,,,,,,,,,,,,,,,,,,,,,,,,,,,,,,,,,,,,,,,
1070,p.98,p.99,p.100,,,,,,,,,,,,,p.989,,p.990,,,,,,,,,p.991,,,,p.992,p.993,,p.994,,,,,,,,,,,,p.108,,,,,,p.995,p.996,,,,,,,,,,,,,,,,,,,,,,,,,,,,,p.997,p.112,p.113,,,,p.998,,,,,,,p.1000,p.1001,,,p.1003,,,,,,,,,p.1005,,,,,,,,p.1008,,p.1009,,,,,,,p.1011,,,,,,p.1014,,,,,p.1015,p.1016,p.1073,,p.1018,,,,p.1019,,,,,,,,,,,,p.1020,p.1021
1071,p.98,p.99,p.100,,,,,,,,,,,,,p.989,,p.990,,,,,,,,,p.991,,,,p.992,p.993,,p.994,,,,,,,,,,,,p.108,,,,,,p.995,p.996,,,,,,,,,,,,,,,,,,,,,,,,,,,,,p.997,p.112,p.113,,,,p.998,,,,,,,p.1000,p.1001,,,p.1003,,,,,,,,,p.1005,,,,,,,,p.1008,,p.1009,,,,,,,p.1011,,,,,,p.1014,,,,,p.1015,p.1016,p.1072,,p.1018,,,,p.1019,,,,,,,,,,,,p.1020,p.1021
1072,,,r.-26.3.0,r.-26.3.0,,,,,,,,,,,,,,,,,r.-26.3.0,,r.-26.3.0,,,,,r.-26.3.0,r.-26.3.0,r.-26.3.0,,,r.-26.3.0,,,,,,,,,,,r.-26.3.0,r.-26.3.0,,,,,,,,,p.1038,p.1039,p.1040,p.1041,,,,,,,,,,,,,,,,,,,,,,,,,,,,,,,,,,,,,,,,,,,,,,,,,,,,,,,,,,,,,,,,,,,,,,,,,,,,,,,,,,,,,,,,,,,,,,,,,,,,
1073,,,r.-26.3.0,r.-26.3.0,,,,,,,,,,,,,,,,,r.-26.3.0,,r.-26.3.0,,,,,r.-26.3.0,r.-26.3.0,r.-26.3.0,,,r.-26.3.0,,,,,,,,,,,r.-26.3.0,r.-26.3.0,,,,,,,,,p.1038,p.1039,p.1040,p.1041,,,,,,,,,,,,,,,,,,,,,,,,,,,,,,,,,,,,,,,,,,,,,,,,,,,,,,,,,,,,,,,,,,,,,,,,,,,,,,,,,,,,,,,,,,,,,,,,,,,,
1074,,,,p.683,,,,,,,,,,,,,,,,,,p.1075,,,,,,,,,,,,,,,,,,,,,,,,,,,,,,,,,,,,,,,,,,,,,,,,,,,,,,,,,,,,,,,,,,,,,,,,,,,,,,,,,,,,,,,,,,,,,,,,,,,,,,,,,,,,,,,,,,,,,,,,,,,,,,,,,,,,,,,
1075,p.98,p.99,p.100,,,,,,,,,,,,,p.989,,p.990,,,,,,,,,p.991,,,,p.992,p.993,,p.994,,,,,,,,,,,,p.108,,,,,,p.995,p.996,,,,,,,,,,,,,,,,,,,,,,,,,,,,,p.997,p.112,p.113,,,,p.998,p.999,,,,,,p.1000,p.1001,,p.1076,p.1003,,,,,,,,,p.1005,,,p.1006,p.1007,,,,p.1008,,p.1009,,p.1010,,,,,p.1011,,,,p.1012,p.1013,p.1014,,,,,p.1015,p.1016,p.1017,,p.1018,,,,p.1019,,,,,,,,,,,,p.1020,p.1021
1076,,,,r.-13.5.0,,,,,,,,,,,,,,,,,,,r.-13.5.0,,,,,,,,,,,,,,,,,,,,,,,,,,,,,,,,,,,,,,,,,,,,,,,,,,,,,,,,,,,,,,,,,,,,,,,,,,,,,,,,,,,,,,,,,,,,,,,,,,,,,,,,,,,,,,,,,,,,,,,,,,,,,,,,,,,,,,
1077,p.98,p.99,p.100,,,,,,,,,,,,,p.207,,p.208,,,,,,,,p.209,p.210,,,,p.211,p.212,,p.213,,,,,,,,,,,,p.108,,,,,,p.214,p.215,,,,,,,,,,,,,,,p.11,p.12,p.216,p.217,p.218,p.219,p.220,p.221,p.222,p.223,p.224,p.225,p.226,p.227,p.228,p.112,p.113,,,,p.229,p.230,,p.231,,,,p.232,p.233,,p.234,p.235,,,,,,,,p.236,p.237,,,p.238,p.239,p.1079,,,p.241,,p.242,,p.243,,,,,p.244,,,,p.245,p.246,p.247,,,,,p.248,p.249,p.250,,p.251,p.252,,,p.253,,,,,p.254,p.255,p.1080,p.257,,p.258,p.259,p.260,p.261
1078,r.-71.2.0,r.-71.2.0,r.-71.2.0,r.-71.2.0,,,,,,,,,,,,,,,,,r.-71.2.0,,r.-71.2.0,,,,,r.-71.2.0,r.-71.2.0,r.-71.2.0,,,r.-71.2.0,,,,,,,,,,,r.-71.2.0,r.-71.2.0,r.-71.2.0,r.-71.2.0,r.-71.2.0,,,,,,r.-71.2.0,r.-71.2.0,r.-71.2.0,r.-71.2.0,,,,r.-71.2.0,r.-71.2.0,,,,,,,,,,,,,,,,,,,,,,,,,,,,,,,,,,,,,,,,,,,,,,,,,,,,,,,,,,,,,,,,,,,,,,,,,,,,,,,,,,,,,,,,,,,,,,,
1079,,,,p.270,,,,,,,,,,,,,p.1082,,,,,,,,,,,,,,,,,,,,,,,,,,,,,,,,,,,,,,,,,,,,,,,,,,,,,,,,,,,,,,,,,,,,,,,,,,,,,,,,,,,,,,,,,,,,,,,,,,,,,,,,,,,,,,,,,,,,,,,,,,,,,,,,,,,,,,,,,,,,
1080,,,,,,,,,,,,,,,,,p.1081,,,,,,,,,,,,,,,,,,,,,,,,,,,,,,,,,,,,,,,,,,,,,,,,,,,,,,,,,,,,,,,,,,,,,,,,,,,,,,,,,,,,,,,,,,,,,,,,,,,,,,,,,,,,,,,,,,,,,,,,,,,,,,,,,,,,,,,,,,,,
1081,r.-71.4.0,r.-71.4.0,r.-71.4.0,r.-71.4.0,,,,,,,,,,,,,,,,,r.-71.4.0,,r.-71.4.0,,,,,r.-71.4.0,r.-71.4.0,r.-71.4.0,,,r.-71.4.0,,,,,,,,,,,r.-71.4.0,r.-71.4.0,r.-71.4.0,r.-71.4.0,r.-71.4.0,,,,,,r.-71.4.0,r.-71.4.0,r.-71.4.0,r.-71.4.0,,,,r.-71.4.0,r.-71.4.0,,,,,,,,,,,,,,,,,,,,,,,,,,,,,,,,,,,,,,,,,,,,,,,,,,,,,,,,,,,,,,,,,,,,,,,,,,,,,,,,,,,,,,,,,,,,,,,
1082,r.-52.3.0,r.-52.3.0,r.-52.3.0,r.-52.3.0,,,,,,,,,,,,r.-52.3.0,,,,,r.-52.3.0,,r.-52.3.0,r.-52.3.0,,,,r.-52.3.0,r.-52.3.0,r.-52.3.0,,,r.-52.3.0,,,,,,,,,,,r.-52.3.0,r.-52.3.0,r.-52.3.0,r.-52.3.0,r.-52.3.0,,r.-52.3.0,r.-52.3.0,r.-52.3.0,r.-52.3.0,r.-52.3.0,r.-52.3.0,r.-52.3.0,r.-52.3.0,,,,r.-52.3.0,r.-52.3.0,,,,,,,,,,,,,,,,,,,,,,,,,,,,,,,,,,,,,,,,,,,,,,,,,,,,,,,,,,,,,,,,,,,,,,,,,,,,,,,,,,,,,,,,,,,,,,,
1083,p.98,p.99,p.100,,,,,,,,,,,,,p.207,,p.208,,,,,,,,,p.210,,,,p.211,p.263,,p.213,,,,,,,,,,,,p.108,,,,,,p.214,p.215,,,,,,,,,,,,,,,,,,,,,,,,,,,,,p.228,p.112,p.113,,,,p.229,p.230,,p.231,,,,p.232,p.233,,p.234,p.235,,,,,,,,,p.237,,,p.238,p.239,p.1079,,,p.241,,p.242,,p.243,,,,,p.244,,,,p.245,p.246,p.247,,,,,p.248,p.249,p.250,,p.251,,,,p.253,,,,,,,,,,,,p.260,p.261
1084,r.-71.2.0,r.-71.2.0,r.-71.2.0,r.-71.2.0,,,,,,,,,,,,,,,,,r.-71.2.0,,r.-71.2.0,,,,,r.-71.2.0,r.-71.2.0,r.-71.2.0,,,r.-71.2.0,,,,,,,,,,,r.-71.2.0,r.-71.2.0,r.-71.2.0,r.-71.2.0,r.-71.2.0,,,,,,r.-71.2.0,r.-71.2.0,r.-71.2.0,r.-71.2.0,,,,r.-71.2.0,r.-71.2.0,,,,,,,,,,,,,,,,,,,,,,,,,,,,,,,,,,,,,,,,,,,,,,,,,,,,,,,,,,,,,,,,,,,,,,,,,,,,,,,,,,,,,,,,,,,,,,,
1085,r.-71.2.0,r.-71.2.0,r.-71.2.0,r.-71.2.0,,,,,,,,,,,,,,,,,r.-71.2.0,,r.-71.2.0,,,,,r.-71.2.0,r.-71.2.0,r.-71.2.0,,,r.-71.2.0,,,,,,,,,,,r.-71.2.0,r.-71.2.0,r.-71.2.0,r.-71.2.0,r.-71.2.0,,,,,,r.-71.2.0,r.-71.2.0,r.-71.2.0,r.-71.2.0,,,,r.-71.2.0,r.-71.2.0,,,,,,,,,,,,,,,,,,,,,,,,,,,,,,,,,,,,,,,,,,,,,,,,,,,,,,,,,,,,,,,,,,,,,,,,,,,,,,,,,,,,,,,,,,,,,,,
1086,,,,,,,,,,,,,,,,,p.1087,,,,,,,,,,,,,,,,,,,,,,,,,,,,,,,,,,,,,,,,,,,,,,,,,,,,,,,,,,,,,,,,,,,,,,,,,,,,,,,,,,,,,,,,,,,,,,,,,,,,,,,,,,,,,,,,,,,,,,,,,,,,,,,,,,,,,,,,,,,,
1087,p.98,p.99,p.100,,,,,,,,,,,,,p.989,,p.990,,,,,,,,,p.991,,,,p.992,p.993,,p.994,,,,,,,,,,,,p.108,,,,,,p.995,p.996,,,,,,,,,,,,,,,,,,,,,,,,,,,,,p.997,p.112,p.113,,,,,,,,,,,p.1088,p.1001,,,p.1003,,,,,,,,,p.1005,,,,,,,,p.1008,,p.1009,,,,,,,p.1011,,,,,,,,,,,p.1015,p.1016,,,,,,,p.1019,,,,,,,,,,,,p.1020,p.1021
1088,r.-10.4.0,r.-10.4.0,r.-10.4.0,r.-10.4.0,,,,,,,,,,,,,,,,,r.-10.4.0,,r.-10.4.0,,,,,r.-10.4.0,r.-10.4.0,r.-10.4.0,,,r.-10.4.0,,,,,,,,,,,r.-10.4.0,r.-10.4.0,r.-10.4.0,r.-10.4.0,r.-10.4.0,,,,,,r.-10.4.0,r.-10.4.0,r.-10.4.0,r.-10.4.0,,,,r.-10.4.0,r.-10.4.0,,,,,,,,,,,,,,,,,,,,,,,,,,,,,,,,,,,,,,,,,,,,,,,,,,,,,,,,,,,,,,,,,,,,,,,,,,,,,,,,,,,,,,,,,,,,,,,
1089,,,,r.-62.2.0,,,,,,,,,,,,,,,,,,,r.-62.2.0,,,,,,,,,,,,,,,,,,,,,,,,,,,,,,,,,,,,,,,,,,,,,,,,,,,,,,,,,,,,,,,,,,,,,,,,,,,,,,,,,,,,,,,,,,,,,,,,,,,,,,,,,,,,,,,,,,,,,,,,,,,,,,,,,,,,,,
1090,,,,,,,,,,,,,,,,p.1090,,,,,,,,,,,,,,,,p.413,,,,,,,,,,,,,,p.5,,,,,,,,,,,,,,,,,,,,,,,,,,,,,,,,,,,,,,,,,,,,,,,,,,,,,,,,,,p.437,,p.409,,,,,,,,,,,,p.410,,,,,,,,,,,,,,,,,p.1092,,,,,,,,,,,,,,,,,,,,,,
1091,,,,,,,,,,,,,,,,,p.1093,,,,,,,,,,,,,,,,,,,,,,,,,,,,,,,,,,,,,,,,,,,,,,,,,,,,,,,,,,,,,,,,,,,,,,,,,,,,,,,,,,,,,,,,,,,,,,,,,,,,,,,,,,,,,,,,,,,,,,,,,,,,,,,,,,,,,,,,,,,,
1092,,,,,,,,,,,,,,,,p.1090,,,,,,,,,,,,,,,,p.413,,,,,,,,,,,,,,,,,,,,,,,,,,,,,,,,,,,,,,,,,,,,,,,,,,,,,,,,,,,,,,,,,,,,,,,,,,p.414,,,,,,,,,,,,p.410,,,,,,,,,,,,,,,,,,,,,,,,,,,,,,,,,,,,,,,
1093,,,,r.-21.3.0,,,,,,,,,,,,r.-21.3.0,,,,,,r.-21.3.0,r.-21.3.0,r.-21.3.0,,,,,,,,,,,,,,,,,,,,,,,,,,,,,,,,,,,,,,,,,,,,,,,,,,,,,,,,,,,,,,,,,,,,,,,,,,,,,,,,,,,,,,,,,,,,,,,,,,,,,,,,,,,,,,,,,,,,,,,,,,,,,,,,,,,,,
1094,,,,,,,,,,,,,,,,,,,,,,,,,,,,,,,,p.445,,,,,,,,,,,,,,,,,,,,,,,,,,,,,,,,,,,,,,,,,,,,,,,,,,,,,,,,,,,,,,,,,,,,,,,,,,,,,p.446,p.1099,,,,,,,,p.448,,,,,,,,,,,,,,,,,,,,,,,,,,,,,,,,,,,,,,,
1095,,,,,,,,,,,,,,,,r.-22.2.0,,,p.1096,,,r.-22.2.0,,,,r.-22.2.0,,,,,,r.-22.2.0,,,,,,,,,,,,,,r.-22.2.0,,,,,,,,,,,,,,,,,,,,,,r.-22.2.0,r.-22.2.0,r.-22.2.0,r.-22.2.0,r.-22.2.0,r.-22.2.0,r.-22.2.0,r.-22.2.0,r.-22.2.0,r.-22.2.0,r.-22.2.0,r.-22.2.0,r.-22.2.0,r.-22.2.0,,,,,,,,,,,,,,,,,,,,,,,,,,,,,,,,,,,,,,,,,,,,,,,,,,,,,,,,,,,,,,,,,,,,,,,,,,,,
1096,,,,,,,,,,,,,,,,,,,,,,,,,,,,,,,,p.445,,,,,,,,,,,,,,,,,,,,,,,,,,,,,,,,,,,,,,,,,,,,,,,,,,,,,,,,,,,,,,,,,,,,,,,,,,,,,p.446,p.1097,,,,,,,,p.448,,,,,,,,,,,,,,,,,,,,,,,,,,,,,,,,,,,,,,,
1097,,,,p.708,,,,,,,,,,,,,,,,p.1098,,,,,,,,,,,,,,,,,,,,,,,,,,,,,,,,,,,,,,,,,,,,,,,,,,,,,,,,,,,,,,,,,,,,,,,,,,,,,,,,,,,,,,,,,,,,,,,,,,,,,,,,,,,,,,,,,,,,,,,,,,,,,,,,,,,,,,,,,
1098,,,,,,,,,,,,,,,,r.-22.5.0,,,,,,r.-22.5.0,,,,r.-22.5.0,,,,,,r.-22.5.0,,,,,,,,,,,,,,r.-22.5.0,,,,,,,,,,,,,,,,,,,,,,r.-22.5.0,r.-22.5.0,r.-22.5.0,r.-22.5.0,r.-22.5.0,r.-22.5.0,r.-22.5.0,r.-22.5.0,r.-22.5.0,r.-22.5.0,r.-22.5.0,r.-22.5.0,r.-22.5.0,r.-22.5.0,,,,,,,,,,,,,,,,,,,,,,,,,,,,,,,,,,,,,,,,,,,,,,,,,,,,,,,,,,,,,,,,,,,,,,,,,,,,
1099,,,,p.708,,,,,,,,,,,,,,,,p.1100,,,,,,,,,,,,,,,,,,,,,,,,,,,,,,,,,,,,,,,,,,,,,,,,,,,,,,,,,,,,,,,,,,,,,,,,,,,,,,,,,,,,,,,,,,,,,,,,,,,,,,,,,,,,,,,,,,,,,,,,,,,,,,,,,,,,,,,,,
1100,,,,,,,,,,,,,,,,r.-22.4.0,,,,,,r.-22.4.0,,,,r.-22.4.0,,,,,,r.-22.4.0,,,,,,,,,,,,,,r.-22.4.0,,,,,,,,,,,,,,,,,,,,,,r.-22.4.0,r.-22.4.0,r.-22.4.0,r.-22.4.0,r.-22.4.0,r.-22.4.0,r.-22.4.0,r.-22.4.0,r.-22.4.0,r.-22.4.0,r.-22.4.0,r.-22.4.0,r.-22.4.0,r.-22.4.0,,,,,,,,,,,,,,,,,,,,,,,,,,,,,,,,,,,,,,,,,,,,,,,,,,,,,,,,,,,,,,,,,,,,,,,,,,,,
1101,,,,,,,,,,,,,,,,,,,,p.1102,,,,,,p.48,,,,,,p.49,,,,,,,,,,,,,,,,,,,,,,,,,,,,,,,,,,,,p.11,p.12,p.50,p.51,p.52,p.53,p.54,p.55,p.56,p.57,p.58,p.59,p.60,p.61,,,,,,,,,,,,,,,,,,,,,,,,,,p.62,,,,,,,,,,,,,,,,,,,,,,,,,,,,,,,,,,p.63,,,,p.79,,,,p.66,p.67,,p.68,,p.69,p.70,,
1102,,,,,,,,,,,,,,,,r.-65.4.0,,,,,,,r.-65.4.0,,,r.-65.4.0,,,,,,r.-65.4.0,,,,,,,,,,,,,,r.-65.4.0,,,,,,,,,,,,,,,,,r.-65.4.0,r.-65.4.0,r.-65.4.0,r.-65.4.0,r.-65.4.0,r.-65.4.0,r.-65.4.0,r.-65.4.0,r.-65.4.0,r.-65.4.0,r.-65.4.0,r.-65.4.0,r.-65.4.0,r.-65.4.0,r.-65.4.0,r.-65.4.0,r.-65.4.0,r.-65.4.0,r.-65.4.0,,,,,,,,,,,,,,,,,,,,,,,,,,,,,,,,,,,,,,,,,,,,,,,,,,,,,,,,,,,,,,,,,,,,,,,,,,,,
1103,,,,,,,,,,,,,,,,r.-18.2.0,,,,,,,r.-18.2.0,,,,,,,,,r.-18.2.0,,,,,,,,,,,,,,r.-18.2.0,,,,,,,,,,,,,,,,,,,,,,,,,,,,,,,,,,,,,,,,,,,,,,,,,,,,,,,,,,,,,,,,,,,,,,,,,,,,,,,,,,,,,,,,,,,,,,,,,,,,,,,,,,,,,,,
1104,,,,,,,,,,,,,,,,r.-33.1.0,,,r.-33.1.0,,,,,r.-33.1.0,,r.-33.1.0,,,,,,r.-33.1.0,,,,,,,,,,,,,,,,,,,,,,,,,,,,,,,r.-33.1.0,r.-33.1.0,r.-33.1.0,r.-33.1.0,r.-33.1.0,r.-33.1.0,r.-33.1.0,r.-33.1.0,r.-33.1.0,r.-33.1.0,r.-33.1.0,r.-33.1.0,r.-33.1.0,r.-33.1.0,r.-33.1.0,r.-33.1.0,r.-33.1.0,r.-33.1.0,r.-33.1.0,,,,,,,,,,,,,,,,,,,,,,,,,,,,,,,,,,,,,,,,,,,,,,,,,,,,,,,,,,,,,,,,,,,,,,,,,,,,
1105,,,,,,,,,,,,,,,,p.1106,,,r.-19.2.0,,,,,p.1107,,r.-19.2.0,,,,,,r.-19.2.0,,,,,,,,,,,,,,,,,,,,,,,,,,,,,,,r.-19.2.0,r.-19.2.0,r.-19.2.0,r.-19.2.0,r.-19.2.0,r.-19.2.0,r.-19.2.0,r.-19.2.0,r.-19.2.0,r.-19.2.0,r.-19.2.0,r.-19.2.0,r.-19.2.0,r.-19.2.0,r.-19.2.0,r.-19.2.0,r.-19.2.0,r.-19.2.0,r.-19.2.0,,,,,,,,,,,,,,,,,,,,,,,,,,,,,,,,,,,,,,,,,,,,,,,,,,,,,,,,,,,,,,,,,,,,,,,,,,,,
1106,,,,,,,,,,,,,,,,,p.1111,,,,,,,,,p.313,,,,,,p.376,,,,,,,,,,,,,,,,,,,,,,,,,,,,,,,p.315,p.316,p.317,p.318,p.319,p.11,p.12,p.320,p.321,p.322,p.323,p.324,p.325,p.326,p.327,p.328,p.329,p.330,p.331,,,,,,,,,,,,,,,,,,,,,,p.332,,,,p.333,,,,,,,,,,,p.377,p.1112,,,,,,,,,,,,,p.334,p.335,p.1113,,,,,,,,,p.337,,,,,,p.338,p.339,,p.340,,p.341,p.342,,
1107,p.98,p.99,p.100,,,,,,,,,,,,,p.101,,p.102,,,,,,,p.1108,,p.104,,,,p.105,p.106,,p.107,,,,,,,,,,,,p.108,,,,,,p.109,p.110,,,,,,,,,,,,,,,,,,,,,,,,,,,,,p.111,p.112,p.113,,,,p.114,p.115,,,,,,p.116,p.117,,p.118,p.119,p.1109,,,,,,,,p.121,,,p.122,p.123,,,,p.124,,p.125,,p.126,,,,,p.127,,,,p.128,p.129,p.130,,,,,p.131,p.132,p.133,,p.134,,,,p.135,,,,,,,,,,,,p.136,p.137
1108,,,,,,,,,,,,,,,,r.-21.3.0,,,r.-21.3.0,,,,,r.-21.3.0,,r.-21.3.0,,,,,,r.-21.3.0,,,,,,,,,,,,,,,,,,,,,,,,,,,,,,,r.-21.3.0,r.-21.3.0,r.-21.3.0,r.-21.3.0,r.-21.3.0,r.-21.3.0,r.-21.3.0,r.-21.3.0,r.-21.3.0,r.-21.3.0,r.-21.3.0,r.-21.3.0,r.-21.3.0,r.-21.3.0,r.-21.3.0,r.-21.3.0,r.-21.3.0,r.-21.3.0,r.-21.3.0,,,,,,,,,,,,,,,,,,,,,,,,,,,,,,,,,,,,,,,,,,,,,,,,,,,,,,,,,,,,,,,,,,,,,,,,,,,,
1109,,,,,,,,,,,,,,,,,,,,,,,,,p.1110,,,,,,,,,,,,,,,,,,,,,,,,,,,,,,,,,,,,,,,,,,,,,,,,,,,,,,,,,,,,,,,,,,,,,,,,,,,,,,,,,,,,,,,,,,,,,,,,,,,,,,,,,,,,,,,,,,,,,,,,,,,,,,,,,,,,
1110,,,,,,,,,,,,,,,,r.-21.4.0,,,r.-21.4.0,,,,,r.-21.4.0,,r.-21.4.0,,,,,,r.-21.4.0,,,,,,,,,,,,,,,,,,,,,,,,,,,,,,,r.-21.4.0,r.-21.4.0,r.-21.4.0,r.-21.4.0,r.-21.4.0,r.-21.4.0,r.-21.4.0,r.-21.4.0,r.-21.4.0,r.-21.4.0,r.-21.4.0,r.-21.4.0,r.-21.4.0,r.-21.4.0,r.-21.4.0,r.-21.4.0,r.-21.4.0,r.-21.4.0,r.-21.4.0,,,,,,,,,,,,,,,,,,,,,,,,,,,,,,,,,,,,,,,,,,,,,,,,,,,,,,,,,,,,,,,,,,,,,,,,,,,,
1111,,,,,,,,,,,,,,,,r.-21.3.0,,,r.-21.3.0,,,,,r.-21.3.0,,r.-21.3.0,,,,,,r.-21.3.0,,,,,,,,,,,,,,,,,,,,,,,,,,,,,,,r.-21.3.0,r.-21.3.0,r.-21.3.0,r.-21.3.0,r.-21.3.0,r.-21.3.0,r.-21.3.0,r.-21.3.0,r.-21.3.0,r.-21.3.0,r.-21.3.0,r.-21.3.0,r.-21.3.0,r.-21.3.0,r.-21.3.0,r.-21.3.0,r.-21.3.0,r.-21.3.0,r.-21.3.0,,,,,,,,,,,,,,,,,,,,,,,,,,,,,,,,,,,,,,,,,,,,,,,,,,,,,,,,,,,,,,,,,,,,,,,,,,,,
1112,,,,p.381,,,,,,,,,,,,,p.1115,,,,,,,,,,,,,,,,,,,,,,,,,,,,,,,,,,,,,,,,,,,,,,,,,,,,,,,,,,,,,,,,,,,,,,,,,,,,,,,,,,,,,,,,,,,,,,,,,,,,,,,,,,,,,,,,,,,,,,,,,,,,,,,,,,,,,,,,,,,,
1113,,,,,,,,,,,,,,,,,p.1114,,,,,,,,,,,,,,,,,,,,,,,,,,,,,,,,,,,,,,,,,,,,,,,,,,,,,,,,,,,,,,,,,,,,,,,,,,,,,,,,,,,,,,,,,,,,,,,,,,,,,,,,,,,,,,,,,,,,,,,,,,,,,,,,,,,,,,,,,,,,
1114,,,,,,,,,,,,,,,,r.-21.4.0,,,r.-21.4.0,,,,,r.-21.4.0,,r.-21.4.0,,,,,,r.-21.4.0,,,,,,,,,,,,,,,,,,,,,,,,,,,,,,,r.-21.4.0,r.-21.4.0,r.-21.4.0,r.-21.4.0,r.-21.4.0,r.-21.4.0,r.-21.4.0,r.-21.4.0,r.-21.4.0,r.-21.4.0,r.-21.4.0,r.-21.4.0,r.-21.4.0,r.-21.4.0,r.-21.4.0,r.-21.4.0,r.-21.4.0,r.-21.4.0,r.-21.4.0,,,,,,,,,,,,,,,,,,,,,,,,,,,,,,,,,,,,,,,,,,,,,,,,,,,,,,,,,,,,,,,,,,,,,,,,,,,,
1115,,,,,,,,,,,,,,,,r.-21.4.0,,,r.-21.4.0,,,,,r.-21.4.0,,r.-21.4.0,,,,,,r.-21.4.0,,,,,,,,,,,,,,,,,,,,,,,,,,,,,,,r.-21.4.0,r.-21.4.0,r.-21.4.0,r.-21.4.0,r.-21.4.0,r.-21.4.0,r.-21.4.0,r.-21.4.0,r.-21.4.0,r.-21.4.0,r.-21.4.0,r.-21.4.0,r.-21.4.0,r.-21.4.0,r.-21.4.0,r.-21.4.0,r.-21.4.0,r.-21.4.0,r.-21.4.0,,,,,,,,,,,,,,,,,,,,,,,,,,,,,,,,,,,,,,,,,,,,,,,,,,,,,,,,,,,,,,,,,,,,,,,,,,,,
1116,p.98,p.99,p.100,,,,,,,,,,,,,p.1145,,p.1146,p.1268,p.1269,,,p.1270,,,p.3,p.1148,,,,p.1149,p.1271,,p.1151,p.1272,p.1273,p.1274,p.1275,p.1276,p.1277,p.1278,p.1279,p.1280,,,p.108,,,,,,p.1152,p.1153,,,,,p.1281,,p.1282,,,p.6,p.7,p.8,p.9,p.10,p.11,p.12,p.13,p.14,p.15,p.16,p.17,p.18,p.19,p.20,p.21,p.22,p.23,p.24,p.1154,p.112,p.113,,,,p.998,p.999,,p.1283,,p.1284,p.1285,p.1000,p.1156,p.1286,p.1157,p.1158,,p.1287,,p.1288,,,,p.30,p.1159,,,p.1006,p.1007,p.1289,p.1290,,p.1160,,p.1291,,p.1010,,,,,p.1163,p.1292,p.1293,p.1294,p.1012,p.1013,p.1014,,,,,p.1164,p.1165,p.1017,p.1295,p.1018,,p.1296,p.35,p.1166,,,,,p.36,p.37,,p.38,,p.39,p.40,p.1167,p.1168
1117,,,,,,,,,,,,,,,,r.-32.2.0,,,,,,,r.-32.2.0,,,r.-32.2.0,,,,,,r.-32.2.0,,,,,,,,,,,,,,r.-32.2.0,,,,,,,,,,,,,,,,,r.-32.2.0,r.-32.2.0,r.-32.2.0,r.-32.2.0,r.-32.2.0,r.-32.2.0,r.-32.2.0,r.-32.2.0,r.-32.2.0,r.-32.2.0,r.-32.2.0,r.-32.2.0,r.-32.2.0,r.-32.2.0,r.-32.2.0,r.-32.2.0,r.-32.2.0,r.-32.2.0,r.-32.2.0,,,,r.-32.2.0,,,,,,,,,,,,,,,,,,,,,,,,,,,,,,,,,,,,,,,,,,,,,,,,,,,,,,,,,,,,,,,,,,,,,,,,
1118,,,,,,,,,,,,,,,,,,,r.-17.1.0,,,,,,,r.-17.1.0,,,,,,r.-17.1.0,,,,,,,,,,,,,,,,,,,,,,,,,,,,,,,r.-17.1.0,r.-17.1.0,r.-17.1.0,r.-17.1.0,r.-17.1.0,r.-17.1.0,r.-17.1.0,r.-17.1.0,r.-17.1.0,r.-17.1.0,r.-17.1.0,r.-17.1.0,r.-17.1.0,r.-17.1.0,r.-17.1.0,r.-17.1.0,r.-17.1.0,r.-17.1.0,r.-17.1.0,,,,,,,,,,,,,,,,,,,,,,,,,,,,,,,,,,,,,,,,,,,,,,,,,,,,,,,,,,,,,,,,,,,,,,,,,,,,
1119,,,,,,,,,,,,,,,,,,,p.1116,,,,,,,p.3,,,,,,p.41,,,,,,,,,,,,,,,,,,,,,,,,,,,,,,,p.6,p.7,p.8,p.9,p.10,p.11,p.12,p.13,p.14,p.15,p.16,p.17,p.18,p.19,p.20,p.21,p.22,p.23,p.24,,,,,,,,,,,,,,,,p.1266,,,,p.1267,,p.1120,,,,p.30,,,,,,,,,,,,,,,,,,,,,,,,,,,,,,,,,,,,p.35,,,,,,p.36,p.37,,p.38,,p.39,p.40,,
1120,,,,,,,,,,,,,,,,p.1121,,,,,,,p.1122,,,,,,,,,p.1123,,,,,,,,,,,,,,p.5,,,,,,,,,,,,,,,,,,,,,,,,,,,,,,,,,,,,,,,,,,,,,,,,,,,,,,,,,,p.1124,,p.1125,,,,,,,,,,,,p.1126,,,p.1127,p.1128,,,,,,,,,,,,,p.1129,,,,,,,,,,,,,,,,,,,,,,
1121,,,,,,,,,,,,,,,,p.1090,,,,,,,,,,,,,,,,p.413,,,,,,,,,,,,,,p.5,,,,,,,,,,,,,,,,,,,,,,,,,,,,,,,,,,,,,,,,,,,,,,,,,,,,,,,,,,p.1264,,p.409,,,,,,,,,,,,p.410,,,,,,,,,,,,,,,,,p.1092,,,,,,,,,,,,,,,,,,,,,,
1122,,,,,,,,,,,,,,,,,,,r.-16.2.0,,,,,,,r.-16.2.0,,,,,,r.-16.2.0,,,,,,,,,,,,,,,,,,,,,,,,,,,,,,,r.-16.2.0,r.-16.2.0,r.-16.2.0,r.-16.2.0,r.-16.2.0,r.-16.2.0,r.-16.2.0,r.-16.2.0,r.-16.2.0,r.-16.2.0,r.-16.2.0,r.-16.2.0,r.-16.2.0,r.-16.2.0,r.-16.2.0,r.-16.2.0,r.-16.2.0,r.-16.2.0,r.-16.2.0,,,,,,,,,,,,,,,,,,,,,,,,,,,,,,,,,,,,,,,,,,,,,,,,,,,,,,,,,,,,,,,,,,,,,,,,,,,,
1123,,,,r.-33.1.0,r.-33.1.0,,,,,,,,,,,r.-33.1.0,,,,,,,r.-33.1.0,r.-33.1.0,,,,,,,,,,,,,,,,,,,,,,,,,,,,,,,,,,,,,,,,,,,,,,,,,,,,,,,,,,,,,,,,,,,,,,,,,,,,,,,,,,,,,,,,,,,,,,,,,,,,,,,,,,,,,,,,,,,,,,,,,,,,,,,,,,,,,
1124,,,,r.-36.1.0,p.1144,,,,,,,,,,,,,,,,,,r.-36.1.0,,,,,,,,,,,,,,,,,,,,,,,,,,,,,,,,,,,,,,,,,,,,,,,,,,,,,,,,,,,,,,,,,,,,,,,,,,,,,,,,,,,,,,,,,,,,,,,,,,,,,,,,,,,,,,,,,,,,,,,,,,,,,,,,,,,,,,
1125,,,,r.-19.1.0,r.-19.1.0,,,,,,,,,,,p.1131,,,,,,,r.-19.1.0,p.1132,,,,,,,,,,,,,,,,,,,,,,,,,,,,,,,,,,,,,,,,,,,,,,,,,,,,,,,,,,,,,,,,,,,,,,,,,,,,,,,,,,,,,,,,,,,,,,,,,,,,,,,,,,,,,,,,,,,,,,,,,,,,,,,,,,,,,
1126,,,,r.-21.1.0,r.-21.1.0,,,,,,,,,,,r.-21.1.0,,,,,,,r.-21.1.0,r.-21.1.0,,,,,,,,,,,,,,,,,,,,,,,,,,,,,,,,,,,,,,,,,,,,,,,,,,,,,,,,,,,,,,,,,,,,,,,,,,,,,,,,,,,,,,,,,,,,,,,,,,,,,,,,,,,,,,,,,,,,,,,,,,,,,,,,,,,,,
1127,,,,r.-37.1.0,,,,,,,,,,,,,,,,,,,r.-37.1.0,,,,,,,,,,,,,,,,,,,,,,,,,,,,,,,,,,,,,,,,,,,,,,,,,,,,,,,,,,,,,,,,,,,,,,,,,,,,,,,,,,,,,,,,,,,,,,,,,,,,,,,,,,,,,,,,,,,,,,,,,,,,,,,,,,,,,,
1128,,,,p.1141,,,,,,,,,,,,,,,,,,,p.1142,,,,,,,,,,,,,,,,,,,,,,,,,,,,,,,,,,,,,,,,,,,,,,,,,,,,,,,,,,,,,,,,,,,,,,,,,,,,,,,,,,,,,,,,,,,,,,,,,,,,,,,,,,,,,,,,,,,,,,,,,,,,,,,,,,,,,,
1129,,,,,,,,,,,,,,,,p.1121,,,,,,,,,,,,,,,,p.1123,,,,,,,,,,,,,,,,,,,,,,,,,,,,,,,,,,,,,,,,,,,,,,,,,,,,,,,,,,,,,,,,,,,,,,,,,,p.1130,,,,,,,,,,,,p.1126,,,,,,,,,,,,,,,,,,,,,,,,,,,,,,,,,,,,,,,
1130,,,,r.-19.2.0,r.-19.2.0,,,,,,,,,,,p.1131,,,,,,,r.-19.2.0,p.1132,,,,,,,,,,,,,,,,,,,,,,,,,,,,,,,,,,,,,,,,,,,,,,,,,,,,,,,,,,,,,,,,,,,,,,,,,,,,,,,,,,,,,,,,,,,,,,,,,,,,,,,,,,,,,,,,,,,,,,,,,,,,,,,,,,,,,
1131,,,,,,,,,,,,,,,,,p.1136,,,,,,,,,p.313,,,,,,p.376,,,,,,,,,,,,,,,,,,,,,,,,,,,,,,,p.315,p.316,p.317,p.318,p.319,p.11,p.12,p.320,p.321,p.322,p.323,p.324,p.325,p.326,p.327,p.328,p.329,p.330,p.331,,,,,,,,,,,,,,,,,,,,,,p.332,,,,p.333,,,,,,,,,,,p.377,p.1137,,,,,,,,,,,,,p.334,p.335,p.1138,,,,,,,,,p.337,,,,,,p.338,p.339,,p.340,,p.341,p.342,,
1132,p.98,p.99,p.100,,,,,,,,,,,,,p.101,,p.102,,,,,,,p.1133,,p.104,,,,p.105,p.106,,p.107,,,,,,,,,,,,p.108,,,,,,p.109,p.110,,,,,,,,,,,,,,,,,,,,,,,,,,,,,p.111,p.112,p.113,,,,p.114,p.115,,,,,,p.116,p.117,,p.118,p.119,p.1134,,,,,,,,p.121,,,p.122,p.123,,,,p.124,,p.125,,p.126,,,,,p.127,,,,p.128,p.129,p.130,,,,,p.131,p.132,p.133,,p.134,,,,p.135,,,,,,,,,,,,p.136,p.137
1133,,,,r.-21.3.0,r.-21.3.0,,,,,,,,,,,r.-21.3.0,,,,,,,r.-21.3.0,r.-21.3.0,,,,,,,,,,,,,,,,,,,,,,,,,,,,,,,,,,,,,,,,,,,,,,,,,,,,,,,,,,,,,,,,,,,,,,,,,,,,,,,,,,,,,,,,,,,,,,,,,,,,,,,,,,,,,,,,,,,,,,,,,,,,,,,,,,,,,
1134,,,,,,,,,,,,,,,,,,,,,,,,,p.1135,,,,,,,,,,,,,,,,,,,,,,,,,,,,,,,,,,,,,,,,,,,,,,,,,,,,,,,,,,,,,,,,,,,,,,,,,,,,,,,,,,,,,,,,,,,,,,,,,,,,,,,,,,,,,,,,,,,,,,,,,,,,,,,,,,,,
1135,,,,r.-21.4.0,r.-21.4.0,,,,,,,,,,,r.-21.4.0,,,,,,,r.-21.4.0,r.-21.4.0,,,,,,,,,,,,,,,,,,,,,,,,,,,,,,,,,,,,,,,,,,,,,,,,,,,,,,,,,,,,,,,,,,,,,,,,,,,,,,,,,,,,,,,,,,,,,,,,,,,,,,,,,,,,,,,,,,,,,,,,,,,,,,,,,,,,,
1136,,,,r.-21.3.0,r.-21.3.0,,,,,,,,,,,r.-21.3.0,,,,,,,r.-21.3.0,r.-21.3.0,,,,,,,,,,,,,,,,,,,,,,,,,,,,,,,,,,,,,,,,,,,,,,,,,,,,,,,,,,,,,,,,,,,,,,,,,,,,,,,,,,,,,,,,,,,,,,,,,,,,,,,,,,,,,,,,,,,,,,,,,,,,,,,,,,,,,
1137,,,,p.381,,,,,,,,,,,,,p.1140,,,,,,,,,,,,,,,,,,,,,,,,,,,,,,,,,,,,,,,,,,,,,,,,,,,,,,,,,,,,,,,,,,,,,,,,,,,,,,,,,,,,,,,,,,,,,,,,,,,,,,,,,,,,,,,,,,,,,,,,,,,,,,,,,,,,,,,,,,,,
1138,,,,,,,,,,,,,,,,,p.1139,,,,,,,,,,,,,,,,,,,,,,,,,,,,,,,,,,,,,,,,,,,,,,,,,,,,,,,,,,,,,,,,,,,,,,,,,,,,,,,,,,,,,,,,,,,,,,,,,,,,,,,,,,,,,,,,,,,,,,,,,,,,,,,,,,,,,,,,,,,,
1139,,,,r.-21.4.0,r.-21.4.0,,,,,,,,,,,r.-21.4.0,,,,,,,r.-21.4.0,r.-21.4.0,,,,,,,,,,,,,,,,,,,,,,,,,,,,,,,,,,,,,,,,,,,,,,,,,,,,,,,,,,,,,,,,,,,,,,,,,,,,,,,,,,,,,,,,,,,,,,,,,,,,,,,,,,,,,,,,,,,,,,,,,,,,,,,,,,,,,
1140,,,,r.-21.4.0,r.-21.4.0,,,,,,,,,,,r.-21.4.0,,,,,,,r.-21.4.0,r.-21.4.0,,,,,,,,,,,,,,,,,,,,,,,,,,,,,,,,,,,,,,,,,,,,,,,,,,,,,,,,,,,,,,,,,,,,,,,,,,,,,,,,,,,,,,,,,,,,,,,,,,,,,,,,,,,,,,,,,,,,,,,,,,,,,,,,,,,,,
1141,,,,,,,,,,,,,,,,p.1121,,,,,,,,,,,,,,,,p.1123,,,,,,,,,,,,,,p.5,,,,,,,,,,,,,,,,,,,,,,,,,,,,,,,,,,,,,,,,,,,,,,,,,,,,,,,,,,p.1124,,p.1125,,,,,,,,,,,,p.1126,,,p.1143,,,,,,,,,,,,,,p.1129,,,,,,,,,,,,,,,,,,,,,,
1142,,,,,,,,,,,,,,,,,,,r.-16.3.0,,,,,,,r.-16.3.0,,,,,,r.-16.3.0,,,,,,,,,,,,,,,,,,,,,,,,,,,,,,,r.-16.3.0,r.-16.3.0,r.-16.3.0,r.-16.3.0,r.-16.3.0,r.-16.3.0,r.-16.3.0,r.-16.3.0,r.-16.3.0,r.-16.3.0,r.-16.3.0,r.-16.3.0,r.-16.3.0,r.-16.3.0,r.-16.3.0,r.-16.3.0,r.-16.3.0,r.-16.3.0,r.-16.3.0,,,,,,,,,,,,,,,,,,,,,,,,,,,,,,,,,,,,,,,,,,,,,,,,,,,,,,,,,,,,,,,,,,,,,,,,,,,,
1143,,,,r.-37.3.0,,,,,,,,,,,,,,,,,,,r.-37.3.0,,,,,,,,,,,,,,,,,,,,,,,,,,,,,,,,,,,,,,,,,,,,,,,,,,,,,,,,,,,,,,,,,,,,,,,,,,,,,,,,,,,,,,,,,,,,,,,,,,,,,,,,,,,,,,,,,,,,,,,,,,,,,,,,,,,,,,
1144,p.98,p.99,p.100,,,,,,,,,,,,,p.1145,,p.1146,p.1147,,,,,,,,p.1148,,,,p.1149,p.1150,,p.1151,,,,,,,,,,,,p.108,,,,,,p.1152,p.1153,,,,,,,,,,,,,,,,,,,,,,,,,,,,,p.1154,p.112,p.113,,,,p.998,p.999,,p.1155,,,,p.1000,p.1156,,p.1157,p.1158,,,,,,,,,p.1159,,,p.1006,p.1007,,,,p.1160,,p.1161,,p.1010,,,p.1162,,p.1163,,,,p.1012,p.1013,p.1014,,,,,p.1164,p.1165,p.1017,,p.1018,,,,p.1166,,,,,,,,,,,,p.1167,p.1168
1145,p.98,p.99,p.100,,,,,,,,,,,,,p.207,,p.208,,,,,,,,p.209,p.210,,,,p.211,p.212,,p.213,,,,,,,,,,,,p.108,,,,,,p.214,p.215,,,,,,,,,,,,,,,p.11,p.12,p.216,p.217,p.218,p.219,p.220,p.221,p.222,p.223,p.224,p.225,p.226,p.227,p.228,p.112,p.113,,,,p.229,p.230,,p.231,,,,p.232,p.233,,p.234,p.235,,,,,,,,p.236,p.237,,,p.238,p.239,p.1172,,,p.241,,p.242,,p.243,,,,,p.244,,,,p.245,p.246,p.247,,,,,p.248,p.249,p.250,,p.251,p.252,,,p.253,,,,,p.254,p.255,p.1086,p.257,,p.258,p.259,p.260,p.261
1146,r.-59.1.0/r.-11.1.0,r.-11.1.0/r.-59.1.0,r.-59.1.0/r.-11.1.0,r.-59.1.0/r.-11.1.0,r.-59.1.0/r.-11.1.0,r.-59.1.0/r.-11.1.0,r.-11.1.0/r.-59.1.0,r.-59.1.0/r.-11.1.0,r.-11.1.0/r.-59.1.0,r.-59.1.0/r.-11.1.0,r.-59.1.0/r.-11.1.0,r.-11.1.0/r.-59.1.0,r.-11.1.0/r.-59.1.0,r.-59.1.0/r.-11.1.0,r.-59.1.0/r.-11.1.0,r.-11.1.0/r.-59.1.0,,r.-59.1.0,,,r.-11.1.0/r.-59.1.0,,r.-59.1.0/r.-11.1.0,r.-11.1.0/r.-59.1.0,,,,r.-59.1.0/r.-11.1.0,r.-59.1.0/r.-11.1.0,r.-11.1.0/r.-59.1.0,,,r.-59.1.0/r.-11.1.0,,,,,,,,,,,r.-11.1.0/r.-59.1.0,r.-59.1.0/r.-11.1.0,r.-59.1.0/r.-11.1.0,r.-59.1.0/r.-11.1.0,r.-11.1.0/r.-59.1.0,,r.-11.1.0/r.-59.1.0,r.-59.1.0/r.-11.1.0,r.-11.1.0/r.-59.1.0,r.-11.1.0/r.-59.1.0,r.-59.1.0/r.-11.1.0,r.-11.1.0/r.-59.1.0,r.-59.1.0/r.-11.1.0,r.-11.1.0/r.-59.1.0,,,,r.-59.1.0/r.-11.1.0,r.-11.1.0/r.-59.1.0,,,,,,,,,,,,,,,,,,,,,,,,,,,,,,,,,,,,,,,,,,,,,,,,,,,,,,,,,,,,,,,,,,,,,,,,,,,,,,,,,,,,,,,,,,,,,,,
1147,p.98,p.99,p.100,,,,,,,,,,,,,p.1200,,p.1201,p.1202,,,,,,,,p.1203,,,,p.1204,p.1205,,p.1206,,,,,,,,,,,,p.108,,,,,,p.1207,p.1208,,,,,,,,,,,,,,,,,,,,,,,,,,,,,p.1209,p.112,p.113,,,,p.459,p.460,,p.1210,,,,p.461,p.1211,,p.1212,p.1213,,,,,,,,,p.1214,,,p.467,p.468,,,,p.1215,,p.1216,,p.471,,,p.1217,p.1218,p.1219,,,,p.473,p.474,p.475,,,,,p.1220,p.1221,p.478,,p.479,,,,p.1222,,,,,,,,,,,,p.1223,p.1224
1148,r.-23.1.0,r.-23.1.0,r.-23.1.0,r.-23.1.0,r.-23.1.0,r.-23.1.0,r.-23.1.0,r.-23.1.0,r.-23.1.0,r.-23.1.0,r.-23.1.0,r.-23.1.0,r.-23.1.0,r.-23.1.0,r.-23.1.0,r.-23.1.0,,,,,r.-23.1.0,,r.-23.1.0,r.-23.1.0,,,,r.-23.1.0,r.-23.1.0,r.-23.1.0,,,r.-23.1.0,,,,,,,,,,,r.-23.1.0,r.-23.1.0,r.-23.1.0,r.-23.1.0,r.-23.1.0,,r.-23.1.0,r.-23.1.0,r.-23.1.0,r.-23.1.0,r.-23.1.0,r.-23.1.0,r.-23.1.0,r.-23.1.0,,,,r.-23.1.0,r.-23.1.0,,,,,,,,,,,,,,,,,,,,,,,,,,,,,,,,,,,,,,,,,,,,,,,,,,,,,,,,,,,,,,,,,,,,,,,,,,,,,,,,,,,,,,,,,,,,,,,
1149,r.-31.1.0,r.-31.1.0,r.-31.1.0,r.-31.1.0,r.-31.1.0,r.-31.1.0,r.-31.1.0,r.-31.1.0,r.-31.1.0,r.-31.1.0,r.-31.1.0,r.-31.1.0,r.-31.1.0,r.-31.1.0,r.-31.1.0,r.-31.1.0,,,,,r.-31.1.0,,r.-31.1.0,r.-31.1.0,,,,r.-31.1.0,r.-31.1.0,r.-31.1.0,,,r.-31.1.0,,,,,,,,,,,r.-31.1.0,r.-31.1.0,r.-31.1.0,r.-31.1.0,r.-31.1.0,,r.-31.1.0,r.-31.1.0,r.-31.1.0,r.-31.1.0,r.-31.1.0,r.-31.1.0,r.-31.1.0,r.-31.1.0,,,,r.-31.1.0,r.-31.1.0,,,,,,,,,,,,,,,,,,,,,,,,,,,,,,,,,,,,,,,,,,,,,,,,,,,,,,,,,,,,,,,,,,,,,,,,,,,,,,,,,,,,,,,,,,,,,,,
1150,r.-33.1.0,r.-33.1.0,r.-33.1.0,r.-33.1.0,r.-33.1.0,r.-33.1.0,r.-33.1.0,r.-33.1.0,r.-33.1.0,r.-33.1.0,r.-33.1.0,r.-33.1.0,r.-33.1.0,r.-33.1.0,r.-33.1.0,r.-33.1.0,,,,,r.-33.1.0,,r.-33.1.0,r.-33.1.0,,,,r.-33.1.0,r.-33.1.0,r.-33.1.0,,,r.-33.1.0,,,,,,,,,,,r.-33.1.0,r.-33.1.0,r.-33.1.0,r.-33.1.0,r.-33.1.0,,r.-33.1.0,r.-33.1.0,r.-33.1.0,r.-33.1.0,r.-33.1.0,r.-33.1.0,r.-33.1.0,r.-33.1.0,,,,r.-33.1.0,r.-33.1.0,,,,,,,,,,,,,,,,,,,,,,,,,,,,,,,,,,,,,,,,,,,,,,,,,,,,,,,,,,,,,,,,,,,,,,,,,,,,,,,,,,,,,,,,,,,,,,,
1151,r.-40.1.0,r.-40.1.0,r.-40.1.0,r.-40.1.0,r.-40.1.0,r.-40.1.0,r.-40.1.0,r.-40.1.0,r.-40.1.0,r.-40.1.0,r.-40.1.0,r.-40.1.0,r.-40.1.0,r.-40.1.0,r.-40.1.0,r.-40.1.0,,,,,r.-40.1.0,,r.-40.1.0,r.-40.1.0,,,,r.-40.1.0,r.-40.1.0,r.-40.1.0,,,r.-40.1.0,,,,,,,,,,,r.-40.1.0,r.-40.1.0,r.-40.1.0,r.-40.1.0,r.-40.1.0,,r.-40.1.0,r.-40.1.0,r.-40.1.0,r.-40.1.0,r.-40.1.0,r.-40.1.0,r.-40.1.0,r.-40.1.0,,,,r.-40.1.0,r.-40.1.0,,,,,,,,,,,,,,,,,,,,,,,,,,,,,,,,,,,,,,,,,,,,,,,,,,,,,,,,,,,,,,,,,,,,,,,,,,,,,,,,,,,,,,,,,,,,,,,
1152,p.98,p.99,p.100,,,,,,,,,,,,,p.1197,,p.1146,,,,,,,,,p.1148,,,,p.1149,p.1150,,p.1151,,,,,,,,,,,,p.108,,,,,,p.1152,p.1153,,,,,,,,,,,,,,,,,,,,,,,,,,,,,p.1154,p.112,p.113,,,,,,,,,,,,p.1156,,,p.1158,,,,,,,,,p.1159,,,,,,,,p.1160,,p.1161,,,,,,,p.1163,,,,,,,,,,,p.1164,p.1165,,,,,,,p.1166,,,,,,,,,,,,p.1199,p.1168
1153,p.98,p.99,p.100,,,,,,,,,,,,,p.1197,,p.1146,,,,,,,,,p.1148,,,,p.1149,p.1150,,p.1151,,,,,,,,,,,,p.108,,,,,,p.1152,p.1153,,,,,,,,,,,,,,,,,,,,,,,,,,,,,p.1154,p.112,p.113,,,,,,,,,,,,p.1156,,,p.1158,,,,,,,,,p.1159,,,,,,,,p.1160,,p.1161,,,,,,,p.1163,,,,,,,,,,,p.1164,p.1165,,,,,,,p.1166,,,,,,,,,,,,p.1198,p.1168
1154,p.98,p.99,p.100,,,,,,,,,,,,,p.1193,,p.1146,,,,,,,,,p.1148,,,,p.1149,p.1150,,p.1151,,,,,,,,,,,,p.108,,,,,,p.1152,p.1153,,,,,,,,,,,,,,,,,,,,,,,,,,,,,p.1154,p.112,p.113,,,,,,,,,,,,p.1156,,,p.1158,,,,,,,,,p.1159,,,,,,,,p.1160,,p.1161,,,,,,,p.1163,,,,,,,,,,,p.1164,p.1165,,,,,,,p.1166,,,,,,,,,,,,p.1194,p.1168
1155,,,,r.-38.1.0,,,,,,,,,,,,,,,,,,,r.-38.1.0,,,,,,,,,,,,,,,,,,,,,,,,,,,,,,,,,,,,,,,,,,,,,,,,,,,,,,,,,,,,,,,,,,,,,,,,,,,,,,,,,,,,,,,,,,,,,,,,,,,,,,,,,,,,,,,,,,,,,,,,,,,,,,,,,,,,,,
1156,r.-14.1.0,r.-14.1.0,r.-14.1.0,r.-14.1.0,r.-14.1.0,r.-14.1.0,r.-14.1.0,r.-14.1.0,r.-14.1.0,r.-14.1.0,r.-14.1.0,r.-14.1.0,r.-14.1.0,r.-14.1.0,r.-14.1.0,r.-14.1.0,,,,,r.-14.1.0,,r.-14.1.0,r.-14.1.0,,,,r.-14.1.0,r.-14.1.0,r.-14.1.0,,,r.-14.1.0,,,,,,,,,,,r.-14.1.0,r.-14.1.0,r.-14.1.0,r.-14.1.0,r.-14.1.0,,r.-14.1.0,r.-14.1.0,r.-14.1.0,r.-14.1.0,r.-14.1.0,r.-14.1.0,r.-14.1.0,r.-14.1.0,,,,r.-14.1.0,r.-14.1.0,,,,,,,,,,,,,,,,,,,,,,,,,,,,,,,,,,,,,,,,,,,,,,,,,,,,,,,,,,,,,,,,,,,,,,,,,,,,,,,,,,,,,,,,,,,,,,,
1157,,,,r.-6.1.0,,,,,,,,,,,,,,,,,,,r.-6.1.0,,,,,,,,,,,,,,,,,,,,,,,,,,,,,,,,,,,,,,,,,,,,,,,,,,,,,,,,,,,,,,,,,,,,,,,,,,,,,,,,,,,,,,,,,,,,,,,,,,,,,,,,,,,,,,,,,,,,,,,,,,,,,,,,,,,,,,
1158,r.-52.1.0,r.-52.1.0,r.-52.1.0,r.-52.1.0,r.-52.1.0,r.-52.1.0,r.-52.1.0,r.-52.1.0,r.-52.1.0,r.-52.1.0,r.-52.1.0,r.-52.1.0,r.-52.1.0,r.-52.1.0,r.-52.1.0,r.-52.1.0,,,,,r.-52.1.0,,r.-52.1.0,r.-52.1.0,,,,r.-52.1.0,r.-52.1.0,r.-52.1.0,,,r.-52.1.0,,,,,,,,,,,r.-52.1.0,r.-52.1.0,r.-52.1.0,r.-52.1.0,r.-52.1.0,,r.-52.1.0,r.-52.1.0,r.-52.1.0,r.-52.1.0,r.-52.1.0,r.-52.1.0,r.-52.1.0,r.-52.1.0,,,,r.-52.1.0,r.-52.1.0,,,,,,,,,,,,,,,,,,,,,,,,,,,,,,,,,,,,,,,,,,,,,,,,,,,,,,,,,,,,,,,,,,,,,,,,,,,,,,,,,,,,,,,,,,,,,,,
1159,r.-14.1.0,r.-14.1.0,r.-14.1.0,r.-14.1.0,r.-14.1.0,r.-14.1.0,r.-14.1.0,r.-14.1.0,r.-14.1.0,r.-14.1.0,r.-14.1.0,r.-14.1.0,r.-14.1.0,r.-14.1.0,r.-14.1.0,r.-14.1.0,,,,,r.-14.1.0,,r.-14.1.0,r.-14.1.0,,,,r.-14.1.0,r.-14.1.0,r.-14.1.0,,,r.-14.1.0,,,,,,,,,,,r.-14.1.0,r.-14.1.0,r.-14.1.0,r.-14.1.0,r.-14.1.0,,r.-14.1.0,r.-14.1.0,r.-14.1.0,r.-14.1.0,r.-14.1.0,r.-14.1.0,r.-14.1.0,r.-14.1.0,,,,r.-14.1.0,r.-14.1.0,,,,,,,,,,,,,,,,,,,,,,,,,,,,,,,,,,,,,,,,,,,,,,,,,,,,,,,,,,,,,,,,,,,,,,,,,,,,,,,,,,,,,,,,,,,,,,,
1160,r.-14.1.0,r.-14.1.0,r.-14.1.0,r.-14.1.0,r.-14.1.0,r.-14.1.0,r.-14.1.0,r.-14.1.0,r.-14.1.0,r.-14.1.0,r.-14.1.0,r.-14.1.0,r.-14.1.0,r.-14.1.0,r.-14.1.0,r.-14.1.0,,,,,r.-14.1.0,,r.-14.1.0,r.-14.1.0,,,,r.-14.1.0,r.-14.1.0,r.-14.1.0,,,r.-14.1.0,,,,,,,,,,,r.-14.1.0,r.-14.1.0,r.-14.1.0,r.-14.1.0,r.-14.1.0,,r.-14.1.0,r.-14.1.0,r.-14.1.0,r.-14.1.0,r.-14.1.0,r.-14.1.0,r.-14.1.0,r.-14.1.0,,,,r.-14.1.0,r.-14.1.0,,,,,,,,,,,,,,,,,,,,,,,,,,,,,,,,,,,,,,,,,,,,,,,,,,,,,,,,,,,,,,,,,,,,,,,,,,,,,,,,,,,,,,,,,,,,,,,
1161,r.-52.1.0,r.-52.1.0,r.-52.1.0,r.-52.1.0,r.-52.1.0,r.-52.1.0,r.-52.1.0,r.-52.1.0,r.-52.1.0,r.-52.1.0,r.-52.1.0,r.-52.1.0,r.-52.1.0,r.-52.1.0,r.-52.1.0,r.-52.1.0,,,,,r.-52.1.0,,r.-52.1.0,r.-52.1.0,,,,r.-52.1.0,r.-52.1.0,r.-52.1.0,,,r.-52.1.0,,,,,,,,,,,r.-52.1.0,r.-52.1.0,r.-52.1.0,r.-52.1.0,r.-52.1.0,,r.-52.1.0,r.-52.1.0,r.-52.1.0,r.-52.1.0,r.-52.1.0,r.-52.1.0,r.-52.1.0,r.-52.1.0,,,,r.-52.1.0,r.-52.1.0,,,,,,,,,,,,,,,,,,,,,,,,,,,,,,,,,,,,,,,,,,,,,,,,,,,,,,,,,,,,,,,,,,,,,,,,,,,,,,,,,,,,,,,,,,,,,,,
1162,,,,r.-36.3.0,,,,,,,,,,,,,,,,,,,r.-36.3.0,,,,,,,,,,,,,,,,,,,,,,,,,,,,,,,,,,,,,,,,,,,,,,,,,,,,,,,,,,,,,,,,,,,,,,,,,,,,,,,,,,,,,,,,,,,,,,,,,,,,,,,,,,,,,,,,,,,,,,,,,,,,,,,,,,,,,,
1163,r.-14.1.0,r.-14.1.0,r.-14.1.0,r.-14.1.0,r.-14.1.0,r.-14.1.0,r.-14.1.0,r.-14.1.0,r.-14.1.0,r.-14.1.0,r.-14.1.0,r.-14.1.0,r.-14.1.0,r.-14.1.0,r.-14.1.0,r.-14.1.0,,,,,r.-14.1.0,,r.-14.1.0,r.-14.1.0,,,,r.-14.1.0,r.-14.1.0,r.-14.1.0,,,r.-14.1.0,,,,,,,,,,,r.-14.1.0,r.-14.1.0,r.-14.1.0,r.-14.1.0,r.-14.1.0,,r.-14.1.0,r.-14.1.0,r.-14.1.0,r.-14.1.0,r.-14.1.0,r.-14.1.0,r.-14.1.0,r.-14.1.0,,,,r.-14.1.0,r.-14.1.0,,,,,,,,,,,,,,,,,,,,,,,,,,,,,,,,,,,,,,,,,,,,,,,,,,,,,,,,,,,,,,,,,,,,,,,,,,,,,,,,,,,,,,,,,,,,,,,
1164,r.-71.1.0,r.-71.1.0,r.-71.1.0,r.-71.1.0,r.-71.1.0,r.-71.1.0,r.-71.1.0,r.-71.1.0,r.-71.1.0,r.-71.1.0,r.-71.1.0,r.-71.1.0,r.-71.1.0,r.-71.1.0,r.-71.1.0,p.1180,,,,,r.-71.1.0,,r.-71.1.0,p.1181,,,,r.-71.1.0,r.-71.1.0,r.-71.1.0,,,r.-71.1.0,,,,,,,,,,,r.-71.1.0,r.-71.1.0,r.-71.1.0,r.-71.1.0,r.-71.1.0,,p.1182,p.1183,p.1184,p.1185,r.-71.1.0,r.-71.1.0,r.-71.1.0,r.-71.1.0,,,,r.-71.1.0,r.-71.1.0,,,,,,,,,,,,,,,,,,,,,,,,,,,,,,,,,,,,,,,,,,,,,,,,,,,,,,,,,,,,,,,,,,,,,,,,,,,,,,,,,,,,,,,,,,,,,,,
1165,r.-51.1.0,r.-51.1.0,r.-51.1.0,r.-51.1.0,r.-51.1.0,r.-51.1.0,r.-51.1.0,r.-51.1.0,r.-51.1.0,r.-51.1.0,r.-51.1.0,r.-51.1.0,r.-51.1.0,r.-51.1.0,r.-51.1.0,r.-51.1.0,,,,,r.-51.1.0,,r.-51.1.0,r.-51.1.0,,,,r.-51.1.0,r.-51.1.0,r.-51.1.0,,,r.-51.1.0,,,,,,,,,,,r.-51.1.0,r.-51.1.0,r.-51.1.0,r.-51.1.0,r.-51.1.0,,r.-51.1.0,r.-51.1.0,r.-51.1.0,r.-51.1.0,r.-51.1.0,r.-51.1.0,r.-51.1.0,r.-51.1.0,,,,r.-51.1.0,r.-51.1.0,,,,,,,,,,,,,,,,,,,,,,,,,,,,,,,,,,,,,,,,,,,,,,,,,,,,,,,,,,,,,,,,,,,,,,,,,,,,,,,,,,,,,,,,,,,,,,,
1166,r.-52.1.0,r.-52.1.0,r.-52.1.0,r.-52.1.0,r.-52.1.0,r.-52.1.0,r.-52.1.0,r.-52.1.0,r.-52.1.0,r.-52.1.0,r.-52.1.0,r.-52.1.0,r.-52.1.0,r.-52.1.0,r.-52.1.0,r.-52.1.0,,p.1179,,,r.-52.1.0,,r.-52.1.0,r.-52.1.0,,,,r.-52.1.0,r.-52.1.0,r.-52.1.0,,,r.-52.1.0,,,,,,,,,,,r.-52.1.0,r.-52.1.0,r.-52.1.0,r.-52.1.0,r.-52.1.0,,r.-52.1.0,r.-52.1.0,r.-52.1.0,r.-52.1.0,r.-52.1.0,r.-52.1.0,r.-52.1.0,r.-52.1.0,,,,r.-52.1.0,r.-52.1.0,,,,,,,,,,,,,,,,,,,,,,,,,,,,,,,,,,,,,,,,,,,,,,,,,,,,,,,,,,,,,,,,,,,,,,,,,,,,,,,,,,,,,,,,,,,,,,,
1167,r.-10.1.0,r.-10.1.0,r.-10.1.0,r.-10.1.0,p.273,p.274,p.275,p.276,p.277,p.278,p.279,p.280,p.281,p.282,p.283,,,,,,r.-10.1.0,,r.-10.1.0,,,,,r.-10.1.0,r.-10.1.0,r.-10.1.0,,,r.-10.1.0,,,,,,,,,,,r.-10.1.0,r.-10.1.0,r.-10.1.0,r.-10.1.0,r.-10.1.0,,,,,,r.-10.1.0,r.-10.1.0,r.-10.1.0,r.-10.1.0,,,,r.-10.1.0,r.-10.1.0,,,,,,,,,,,,,,,,,,,,,,,,,,,,,,p.1177,,,,,,,,,,,,,,,,,,,,,,,,,,,,,,,,,,,,,,,,,,,,,,,,,,,,,,,,,,,,,,,,,
1168,p.98,p.99,p.100,,,,,,,,,,,,,p.1169,,p.1146,,,,,,,,,p.1148,,,,p.1149,p.1150,,p.1151,,,,,,,,,,,,p.108,,,,,,p.1152,p.1153,,,,,,,,,,,,,,,,,,,,,,,,,,,,,p.1154,p.112,p.113,,,,,,,,,,,p.1170,p.1156,,,p.1158,,,,,,,,,p.1159,,,,,,,,p.1160,,p.1161,,,,,,,p.1163,,,,,,,,,,,p.1164,p.1165,,,,,,,p.1166,,,,,,,,,,,,p.1171,p.1168
1169,p.98,p.99,p.100,,,,,,,,,,,,,p.207,,p.208,,,,,,,,p.209,p.210,,,,p.211,p.212,,p.213,,,,,,,,,,,,p.108,,,,,,p.214,p.215,,,,,,,,,,,,,,,p.11,p.12,p.216,p.217,p.218,p.219,p.220,p.221,p.222,p.223,p.224,p.225,p.226,p.227,p.228,p.112,p.113,,,,p.229,p.230,,p.231,,,,p.232,p.233,,p.234,p.235,,,,,,,,p.236,p.237,,,p.238,p.239,p.1172,,,p.241,,p.242,,p.243,,,,,p.244,,,,p.245,p.246,p.247,,,,,p.248,p.249,p.250,,p.251,p.252,,,p.253,,,,,p.254,p.255,p.1173,p.257,,p.258,p.259,p.260,p.261
1170,r.-71.2.0,r.-71.2.0,r.-71.2.0,r.-71.2.0,r.-71.2.0,r.-71.2.0,r.-71.2.0,r.-71.2.0,r.-71.2.0,r.-71.2.0,r.-71.2.0,r.-71.2.0,r.-71.2.0,r.-71.2.0,r.-71.2.0,,,,,,r.-71.2.0,,r.-71.2.0,,,,,r.-71.2.0,r.-71.2.0,r.-71.2.0,,,r.-71.2.0,,,,,,,,,,,r.-71.2.0,r.-71.2.0,r.-71.2.0,r.-71.2.0,r.-71.2.0,,,,,,r.-71.2.0,r.-71.2.0,r.-71.2.0,r.-71.2.0,,,,r.-71.2.0,r.-71.2.0,,,,,,,,,,,,,,,,,,,,,,,,,,,,,,,,,,,,,,,,,,,,,,,,,,,,,,,,,,,,,,,,,,,,,,,,,,,,,,,,,,,,,,,,,,,,,,,
1171,r.-10.1.0,r.-10.1.0,r.-10.1.0,r.-10.1.0,r.-10.1.0,r.-10.1.0,r.-10.1.0,r.-10.1.0,r.-10.1.0,r.-10.1.0,r.-10.1.0,r.-10.1.0,r.-10.1.0,r.-10.1.0,r.-10.1.0,,,,,,r.-10.1.0,,r.-10.1.0,,,,,r.-10.1.0,r.-10.1.0,r.-10.1.0,,,r.-10.1.0,,,,,,,,,,,r.-10.1.0,r.-10.1.0,r.-10.1.0,r.-10.1.0,r.-10.1.0,,,,,,r.-10.1.0,r.-10.1.0,r.-10.1.0,r.-10.1.0,,,,r.-10.1.0,r.-10.1.0,,,,,,,,,,,,,,,,,,,,,,,,,,,,,,,,,,,,,,,,,,,,,,,,,,,,,,,,,,,,,,,,,,,,,,,,,,,,,,,,,,,,,,,,,,,,,,,
1172,,,,p.270,,,,,,,,,,,,,p.1176,,,,,,,,,,,,,,,,,,,,,,,,,,,,,,,,,,,,,,,,,,,,,,,,,,,,,,,,,,,,,,,,,,,,,,,,,,,,,,,,,,,,,,,,,,,,,,,,,,,,,,,,,,,,,,,,,,,,,,,,,,,,,,,,,,,,,,,,,,,,
1173,,,,,,,,,,,,,,,,,p.1174,,,,,,,,,,,,,,,,,,,,,,,,,,,,,,,,,,,,,,,,,,,,,,,,,,,,,,,,,,,,,,,,,,,,,,,,,,,,,,,,,,,,,,,,,,,,,,,,,,,,,,,,,,,,,,,,,,,,,,,,,,,,,,,,,,,,,,,,,,,,
1174,p.98,p.99,p.100,,,,,,,,,,,,,p.1169,,p.1146,,,,,,,,,p.1148,,,,p.1149,p.1150,,p.1151,,,,,,,,,,,,p.108,,,,,,p.1152,p.1153,,,,,,,,,,,,,,,,,,,,,,,,,,,,,p.1154,p.112,p.113,,,,,,,,,,,p.1175,p.1156,,,p.1158,,,,,,,,,p.1159,,,,,,,,p.1160,,p.1161,,,,,,,p.1163,,,,,,,,,,,p.1164,p.1165,,,,,,,p.1166,,,,,,,,,,,,p.1171,p.1168
1175,r.-10.4.0,r.-10.4.0,r.-10.4.0,r.-10.4.0,r.-10.4.0,r.-10.4.0,r.-10.4.0,r.-10.4.0,r.-10.4.0,r.-10.4.0,r.-10.4.0,r.-10.4.0,r.-10.4.0,r.-10.4.0,r.-10.4.0,,,,,,r.-10.4.0,,r.-10.4.0,,,,,r.-10.4.0,r.-10.4.0,r.-10.4.0,,,r.-10.4.0,,,,,,,,,,,r.-10.4.0,r.-10.4.0,r.-10.4.0,r.-10.4.0,r.-10.4.0,,,,,,r.-10.4.0,r.-10.4.0,r.-10.4.0,r.-10.4.0,,,,r.-10.4.0,r.-10.4.0,,,,,,,,,,,,,,,,,,,,,,,,,,,,,,,,,,,,,,,,,,,,,,,,,,,,,,,,,,,,,,,,,,,,,,,,,,,,,,,,,,,,,,,,,,,,,,,
1176,r.-52.3.0,r.-52.3.0,r.-52.3.0,r.-52.3.0,r.-52.3.0,r.-52.3.0,r.-52.3.0,r.-52.3.0,r.-52.3.0,r.-52.3.0,r.-52.3.0,r.-52.3.0,r.-52.3.0,r.-52.3.0,r.-52.3.0,r.-52.3.0,,,,,r.-52.3.0,,r.-52.3.0,r.-52.3.0,,,,r.-52.3.0,r.-52.3.0,r.-52.3.0,,,r.-52.3.0,,,,,,,,,,,r.-52.3.0,r.-52.3.0,r.-52.3.0,r.-52.3.0,r.-52.3.0,,r.-52.3.0,r.-52.3.0,r.-52.3.0,r.-52.3.0,r.-52.3.0,r.-52.3.0,r.-52.3.0,r.-52.3.0,,,,r.-52.3.0,r.-52.3.0,,,,,,,,,,,,,,,,,,,,,,,,,,,,,,,,,,,,,,,,,,,,,,,,,,,,,,,,,,,,,,,,,,,,,,,,,,,,,,,,,,,,,,,,,,,,,,,
1177,p.98,p.99,p.100,,,,,,,,,,,,,p.1145,,p.1146,,,,,,,,,p.1148,,,,p.1149,p.1150,,p.1151,,,,,,,,,,,,p.108,,,,,,p.1152,p.1153,,,,,,,,,,,,,,,,,,,,,,,,,,,,,p.1154,p.112,p.113,,,,p.998,p.999,,p.1178,,,,p.1000,p.1156,,p.1157,p.1158,,,,,,,,,p.1159,,,p.1006,p.1007,,,,p.1160,,p.1161,,p.1010,,,,,p.1163,,,,p.1012,p.1013,p.1014,,,,,p.1164,p.1165,p.1017,,p.1018,,,,p.1166,,,,,,,,,,,,p.1167,p.1168
1178,,,,r.-6.3.0,,,,,,,,,,,,,,,,,,,r.-6.3.0,,,,,,,,,,,,,,,,,,,,,,,,,,,,,,,,,,,,,,,,,,,,,,,,,,,,,,,,,,,,,,,,,,,,,,,,,,,,,,,,,,,,,,,,,,,,,,,,,,,,,,,,,,,,,,,,,,,,,,,,,,,,,,,,,,,,,,
1179,r.-59.2.0,r.-59.2.0,r.-59.2.0,r.-59.2.0,r.-59.2.0,r.-59.2.0,r.-59.2.0,r.-59.2.0,r.-59.2.0,r.-59.2.0,r.-59.2.0,r.-59.2.0,r.-59.2.0,r.-59.2.0,r.-59.2.0,r.-59.2.0,,r.-59.2.0,,,r.-59.2.0,,r.-59.2.0,r.-59.2.0,,,,r.-59.2.0,r.-59.2.0,r.-59.2.0,,,r.-59.2.0,,,,,,,,,,,r.-59.2.0,r.-59.2.0,r.-59.2.0,r.-59.2.0,r.-59.2.0,,r.-59.2.0,r.-59.2.0,r.-59.2.0,r.-59.2.0,r.-59.2.0,r.-59.2.0,r.-59.2.0,r.-59.2.0,,,,r.-59.2.0,r.-59.2.0,,,,,,,,,,,,,,,,,,,,,,,,,,,,,,,,,,,,,,,,,,,,,,,,,,,,,,,,,,,,,,,,,,,,,,,,,,,,,,,,,,,,,,,,,,,,,,,
1180,p.98,p.99,p.100,,,,,,,,,,,,,p.207,p.1190,p.208,,,,,,,,,p.210,,,,p.211,p.263,,p.213,,,,,,,,,,,,p.108,,,,,,p.214,p.215,,,,,,,,,,,,,,,,,,,,,,,,,,,,,p.228,p.112,p.113,,,,p.229,p.230,p.1191,p.521,,,,p.232,p.233,,p.234,p.235,,,,,,,,,p.237,,,p.238,p.239,,,,p.241,,p.242,,p.243,,,,,p.244,,,,p.245,p.246,p.247,,,,,p.248,p.249,p.250,,p.251,,,,p.253,,,,,,,,,,,,p.260,p.261
1181,p.98,p.99,p.100,,,,,,,,,,,,,p.170,,p.171,,,,,,,,,p.172,,,,p.173,p.174,,p.175,,,,,,,,,,,,p.108,,,,,,p.176,p.177,,,,,,,,,,,,,,,,,,,,,,,,,,,,,p.178,p.112,p.113,,,,p.179,p.180,,p.181,,,,p.182,p.183,,p.184,p.185,,,,,,,,,p.186,,,p.187,p.188,p.1188,,,p.190,,p.191,,p.192,,,,,p.193,,,,p.194,p.195,p.196,,,,,p.197,p.198,p.199,,p.200,,,,p.201,,,,,,,,,,,,p.202,p.203
1182,,,,,,,,,,,,,,,,,,,,,,,,,,,,,,,,p.1150,,,,,,,,,,,,,,,,,,,,,,,,,,,,,,,,,,,,,,,,,,,,,,,,,,,,,,,,,,,,,,,,,,,,,,,,,,,,,,,,,,,,,,p.1187,,,,,,,,,,,,,,,,,,,,,,,,,,,,,,,,,,,,,,,
1183,,,,,,,,,,,,,,,,,,,,,,,,,,,,,,,,p.1150,,,,,,,,,,,,,,,,,,,,,,,,,,,,,,,,,,,,,,,,,,,,,,,,,,,,,,,,,,,,,,,,,,,,,,,,,,,,,,,,,,,,,,p.1186,,,,,,,,,,,,,,,,,,,,,,,,,,,,,,,,,,,,,,,
1184,r.-51.2.0,r.-51.2.0,r.-51.2.0,r.-51.2.0,r.-51.2.0,r.-51.2.0,r.-51.2.0,r.-51.2.0,r.-51.2.0,r.-51.2.0,r.-51.2.0,r.-51.2.0,r.-51.2.0,r.-51.2.0,r.-51.2.0,r.-51.2.0,,,,,r.-51.2.0,,r.-51.2.0,r.-51.2.0,,,,r.-51.2.0,r.-51.2.0,r.-51.2.0,,,r.-51.2.0,,,,,,,,,,,r.-51.2.0,r.-51.2.0,r.-51.2.0,r.-51.2.0,r.-51.2.0,,r.-51.2.0,r.-51.2.0,r.-51.2.0,r.-51.2.0,r.-51.2.0,r.-51.2.0,r.-51.2.0,r.-51.2.0,,,,r.-51.2.0,r.-51.2.0,,,,,,,,,,,,,,,,,,,,,,,,,,,,,,,,,,,,,,,,,,,,,,,,,,,,,,,,,,,,,,,,,,,,,,,,,,,,,,,,,,,,,,,,,,,,,,,
1185,r.-51.2.0,r.-51.2.0,r.-51.2.0,r.-51.2.0,r.-51.2.0,r.-51.2.0,r.-51.2.0,r.-51.2.0,r.-51.2.0,r.-51.2.0,r.-51.2.0,r.-51.2.0,r.-51.2.0,r.-51.2.0,r.-51.2.0,r.-51.2.0,,,,,r.-51.2.0,,r.-51.2.0,r.-51.2.0,,,,r.-51.2.0,r.-51.2.0,r.-51.2.0,,,r.-51.2.0,,,,,,,,,,,r.-51.2.0,r.-51.2.0,r.-51.2.0,r.-51.2.0,r.-51.2.0,,r.-51.2.0,r.-51.2.0,r.-51.2.0,r.-51.2.0,r.-51.2.0,r.-51.2.0,r.-51.2.0,r.-51.2.0,,,,r.-51.2.0,r.-51.2.0,,,,,,,,,,,,,,,,,,,,,,,,,,,,,,,,,,,,,,,,,,,,,,,,,,,,,,,,,,,,,,,,,,,,,,,,,,,,,,,,,,,,,,,,,,,,,,,
1186,r.-51.3.0,r.-51.3.0,r.-51.3.0,r.-51.3.0,r.-51.3.0,r.-51.3.0,r.-51.3.0,r.-51.3.0,r.-51.3.0,r.-51.3.0,r.-51.3.0,r.-51.3.0,r.-51.3.0,r.-51.3.0,r.-51.3.0,r.-51.3.0,,,,,r.-51.3.0,,r.-51.3.0,r.-51.3.0,,,,r.-51.3.0,r.-51.3.0,r.-51.3.0,,,r.-51.3.0,,,,,,,,,,,r.-51.3.0,r.-51.3.0,r.-51.3.0,r.-51.3.0,r.-51.3.0,,r.-51.3.0,r.-51.3.0,r.-51.3.0,r.-51.3.0,r.-51.3.0,r.-51.3.0,r.-51.3.0,r.-51.3.0,,,,r.-51.3.0,r.-51.3.0,,,,,,,,,,,,,,,,,,,,,,,,,,,,,,,,,,,,,,,,,,,,,,,,,,,,,,,,,,,,,,,,,,,,,,,,,,,,,,,,,,,,,,,,,,,,,,,
1187,r.-51.3.0,r.-51.3.0,r.-51.3.0,r.-51.3.0,r.-51.3.0,r.-51.3.0,r.-51.3.0,r.-51.3.0,r.-51.3.0,r.-51.3.0,r.-51.3.0,r.-51.3.0,r.-51.3.0,r.-51.3.0,r.-51.3.0,r.-51.3.0,,,,,r.-51.3.0,,r.-51.3.0,r.-51.3.0,,,,r.-51.3.0,r.-51.3.0,r.-51.3.0,,,r.-51.3.0,,,,,,,,,,,r.-51.3.0,r.-51.3.0,r.-51.3.0,r.-51.3.0,r.-51.3.0,,r.-51.3.0,r.-51.3.0,r.-51.3.0,r.-51.3.0,r.-51.3.0,r.-51.3.0,r.-51.3.0,r.-51.3.0,,,,r.-51.3.0,r.-51.3.0,,,,,,,,,,,,,,,,,,,,,,,,,,,,,,,,,,,,,,,,,,,,,,,,,,,,,,,,,,,,,,,,,,,,,,,,,,,,,,,,,,,,,,,,,,,,,,,
1188,,,,p.516,,,,,,,,,,,,,,,,,,,,,p.1189,,,,,,,,,,,,,,,,,,,,,,,,,,,,,,,,,,,,,,,,,,,,,,,,,,,,,,,,,,,,,,,,,,,,,,,,,,,,,,,,,,,,,,,,,,,,,,,,,,,,,,,,,,,,,,,,,,,,,,,,,,,,,,,,,,,,
1189,r.-51.4.0,r.-51.4.0,r.-51.4.0,r.-51.4.0,r.-51.4.0,r.-51.4.0,r.-51.4.0,r.-51.4.0,r.-51.4.0,r.-51.4.0,r.-51.4.0,r.-51.4.0,r.-51.4.0,r.-51.4.0,r.-51.4.0,r.-51.4.0,,,,,r.-51.4.0,,r.-51.4.0,r.-51.4.0,,,,r.-51.4.0,r.-51.4.0,r.-51.4.0,,,r.-51.4.0,,,,,,,,,,,r.-51.4.0,r.-51.4.0,r.-51.4.0,r.-51.4.0,r.-51.4.0,,r.-51.4.0,r.-51.4.0,r.-51.4.0,r.-51.4.0,r.-51.4.0,r.-51.4.0,r.-51.4.0,r.-51.4.0,,,,r.-51.4.0,r.-51.4.0,,,,,,,,,,,,,,,,,,,,,,,,,,,,,,,,,,,,,,,,,,,,,,,,,,,,,,,,,,,,,,,,,,,,,,,,,,,,,,,,,,,,,,,,,,,,,,,
1190,r.-51.3.0,r.-51.3.0,r.-51.3.0,r.-51.3.0,r.-51.3.0,r.-51.3.0,r.-51.3.0,r.-51.3.0,r.-51.3.0,r.-51.3.0,r.-51.3.0,r.-51.3.0,r.-51.3.0,r.-51.3.0,r.-51.3.0,r.-51.3.0,,,,,r.-51.3.0,,r.-51.3.0,r.-51.3.0,,,,r.-51.3.0,r.-51.3.0,r.-51.3.0,,,r.-51.3.0,,,,,,,,,,,r.-51.3.0,r.-51.3.0,r.-51.3.0,r.-51.3.0,r.-51.3.0,,r.-51.3.0,r.-51.3.0,r.-51.3.0,r.-51.3.0,r.-51.3.0,r.-51.3.0,r.-51.3.0,r.-51.3.0,,,,r.-51.3.0,r.-51.3.0,,,,,,,,,,,,,,,,,,,,,,,,,,,,,,,,,,,,,,,,,,,,,,,,,,,,,,,,,,,,,,,,,,,,,,,,,,,,,,,,,,,,,,,,,,,,,,,
1191,,,,p.522,,,,,,,,,,,,,p.1192,,,,,,,,,,,,,,,,,,,,,,,,,,,,,,,,,,,,,,,,,,,,,,,,,,,,,,,,,,,,,,,,,,,,,,,,,,,,,,,,,,,,,,,,,,,,,,,,,,,,,,,,,,,,,,,,,,,,,,,,,,,,,,,,,,,,,,,,,,,,
1192,r.-51.4.0,r.-51.4.0,r.-51.4.0,r.-51.4.0,r.-51.4.0,r.-51.4.0,r.-51.4.0,r.-51.4.0,r.-51.4.0,r.-51.4.0,r.-51.4.0,r.-51.4.0,r.-51.4.0,r.-51.4.0,r.-51.4.0,r.-51.4.0,,,,,r.-51.4.0,,r.-51.4.0,r.-51.4.0,,,,r.-51.4.0,r.-51.4.0,r.-51.4.0,,,r.-51.4.0,,,,,,,,,,,r.-51.4.0,r.-51.4.0,r.-51.4.0,r.-51.4.0,r.-51.4.0,,r.-51.4.0,r.-51.4.0,r.-51.4.0,r.-51.4.0,r.-51.4.0,r.-51.4.0,r.-51.4.0,r.-51.4.0,,,,r.-51.4.0,r.-51.4.0,,,,,,,,,,,,,,,,,,,,,,,,,,,,,,,,,,,,,,,,,,,,,,,,,,,,,,,,,,,,,,,,,,,,,,,,,,,,,,,,,,,,,,,,,,,,,,,
1193,p.98,p.99,p.100,,,,,,,,,,,,,p.207,,p.208,,,,,,,,p.209,p.210,,,,p.211,p.212,,p.213,,,,,,,,,,,,p.108,,,,,,p.214,p.215,,,,,,,,,,,,,,,p.11,p.12,p.216,p.217,p.218,p.219,p.220,p.221,p.222,p.223,p.224,p.225,p.226,p.227,p.228,p.112,p.113,,,,p.229,p.230,,p.231,,,,p.232,p.233,,p.234,p.235,,,,,,,,p.236,p.237,,,p.238,p.239,p.1172,,,p.241,,p.242,,p.243,,,,,p.244,,,,p.245,p.246,p.247,,,,,p.248,p.249,p.250,,p.251,p.252,,,p.253,,,,,p.254,p.255,p.1195,p.257,,p.258,p.259,p.260,p.261
1194,r.-71.2.0,r.-71.2.0,r.-71.2.0,r.-71.2.0,r.-71.2.0,r.-71.2.0,r.-71.2.0,r.-71.2.0,r.-71.2.0,r.-71.2.0,r.-71.2.0,r.-71.2.0,r.-71.2.0,r.-71.2.0,r.-71.2.0,,,,,,r.-71.2.0,,r.-71.2.0,,,,,r.-71.2.0,r.-71.2.0,r.-71.2.0,,,r.-71.2.0,,,,,,,,,,,r.-71.2.0,r.-71.2.0,r.-71.2.0,r.-71.2.0,r.-71.2.0,,,,,,r.-71.2.0,r.-71.2.0,r.-71.2.0,r.-71.2.0,,,,r.-71.2.0,r.-71.2.0,,,,,,,,,,,,,,,,,,,,,,,,,,,,,,,,,,,,,,,,,,,,,,,,,,,,,,,,,,,,,,,,,,,,,,,,,,,,,,,,,,,,,,,,,,,,,,,
1195,,,,,,,,,,,,,,,,,p.1196,,,,,,,,,,,,,,,,,,,,,,,,,,,,,,,,,,,,,,,,,,,,,,,,,,,,,,,,,,,,,,,,,,,,,,,,,,,,,,,,,,,,,,,,,,,,,,,,,,,,,,,,,,,,,,,,,,,,,,,,,,,,,,,,,,,,,,,,,,,,
1196,r.-71.4.0,r.-71.4.0,r.-71.4.0,r.-71.4.0,r.-71.4.0,r.-71.4.0,r.-71.4.0,r.-71.4.0,r.-71.4.0,r.-71.4.0,r.-71.4.0,r.-71.4.0,r.-71.4.0,r.-71.4.0,r.-71.4.0,,,,,,r.-71.4.0,,r.-71.4.0,,,,,r.-71.4.0,r.-71.4.0,r.-71.4.0,,,r.-71.4.0,,,,,,,,,,,r.-71.4.0,r.-71.4.0,r.-71.4.0,r.-71.4.0,r.-71.4.0,,,,,,r.-71.4.0,r.-71.4.0,r.-71.4.0,r.-71.4.0,,,,r.-71.4.0,r.-71.4.0,,,,,,,,,,,,,,,,,,,,,,,,,,,,,,,,,,,,,,,,,,,,,,,,,,,,,,,,,,,,,,,,,,,,,,,,,,,,,,,,,,,,,,,,,,,,,,,
1197,p.98,p.99,p.100,,,,,,,,,,,,,p.207,,p.208,,,,,,,,,p.210,,,,p.211,p.263,,p.213,,,,,,,,,,,,p.108,,,,,,p.214,p.215,,,,,,,,,,,,,,,,,,,,,,,,,,,,,p.228,p.112,p.113,,,,p.229,p.230,,p.231,,,,p.232,p.233,,p.234,p.235,,,,,,,,,p.237,,,p.238,p.239,p.1172,,,p.241,,p.242,,p.243,,,,,p.244,,,,p.245,p.246,p.247,,,,,p.248,p.249,p.250,,p.251,,,,p.253,,,,,,,,,,,,p.260,p.261
1198,r.-71.2.0,r.-71.2.0,r.-71.2.0,r.-71.2.0,r.-71.2.0,r.-71.2.0,r.-71.2.0,r.-71.2.0,r.-71.2.0,r.-71.2.0,r.-71.2.0,r.-71.2.0,r.-71.2.0,r.-71.2.0,r.-71.2.0,,,,,,r.-71.2.0,,r.-71.2.0,,,,,r.-71.2.0,r.-71.2.0,r.-71.2.0,,,r.-71.2.0,,,,,,,,,,,r.-71.2.0,r.-71.2.0,r.-71.2.0,r.-71.2.0,r.-71.2.0,,,,,,r.-71.2.0,r.-71.2.0,r.-71.2.0,r.-71.2.0,,,,r.-71.2.0,r.-71.2.0,,,,,,,,,,,,,,,,,,,,,,,,,,,,,,,,,,,,,,,,,,,,,,,,,,,,,,,,,,,,,,,,,,,,,,,,,,,,,,,,,,,,,,,,,,,,,,,
1199,r.-71.2.0,r.-71.2.0,r.-71.2.0,r.-71.2.0,r.-71.2.0,r.-71.2.0,r.-71.2.0,r.-71.2.0,r.-71.2.0,r.-71.2.0,r.-71.2.0,r.-71.2.0,r.-71.2.0,r.-71.2.0,r.-71.2.0,,,,,,r.-71.2.0,,r.-71.2.0,,,,,r.-71.2.0,r.-71.2.0,r.-71.2.0,,,r.-71.2.0,,,,,,,,,,,r.-71.2.0,r.-71.2.0,r.-71.2.0,r.-71.2.0,r.-71.2.0,,,,,,r.-71.2.0,r.-71.2.0,r.-71.2.0,r.-71.2.0,,,,r.-71.2.0,r.-71.2.0,,,,,,,,,,,,,,,,,,,,,,,,,,,,,,,,,,,,,,,,,,,,,,,,,,,,,,,,,,,,,,,,,,,,,,,,,,,,,,,,,,,,,,,,,,,,,,,
1200,p.98,p.99,p.100,,,,,,,,,,,,,p.207,,p.208,,,,,,,,p.209,p.210,,,,p.211,p.212,,p.213,,,,,,,,,,,,p.108,,,,,,p.214,p.215,,,,,,,,,,,,,,,p.11,p.12,p.216,p.217,p.218,p.219,p.220,p.221,p.222,p.223,p.224,p.225,p.226,p.227,p.228,p.112,p.113,,,,p.229,p.230,,p.231,,,,p.232,p.233,,p.234,p.235,,,,,,,,p.236,p.237,,,p.238,p.239,p.1228,,,p.241,,p.242,,p.243,,,,,p.244,,,,p.245,p.246,p.247,,,,,p.248,p.249,p.250,,p.251,p.252,,,p.253,,,,,p.254,p.255,p.705,p.257,,p.258,p.259,p.260,p.261
1201,r.-11.1.0/r.-59.1.0,r.-11.1.0/r.-59.1.0,r.-59.1.0/r.-11.1.0,r.-11.1.0/r.-59.1.0,r.-11.1.0/r.-59.1.0,r.-11.1.0/r.-59.1.0,r.-11.1.0/r.-59.1.0,r.-11.1.0/r.-59.1.0,r.-11.1.0/r.-59.1.0,r.-11.1.0/r.-59.1.0,r.-59.1.0/r.-11.1.0,r.-59.1.0/r.-11.1.0,r.-59.1.0/r.-11.1.0,r.-11.1.0/r.-59.1.0,r.-59.1.0/r.-11.1.0,r.-11.1.0/r.-59.1.0,,r.-59.1.0,,r.-11.1.0/r.-59.1.0,r.-59.1.0/r.-11.1.0,,,r.-11.1.0/r.-59.1.0,,,,r.-11.1.0/r.-59.1.0,r.-59.1.0/r.-11.1.0,r.-59.1.0/r.-11.1.0,,,r.-11.1.0/r.-59.1.0,,,,,,,,,,,r.-11.1.0/r.-59.1.0,r.-11.1.0/r.-59.1.0,r.-59.1.0/r.-11.1.0,r.-11.1.0/r.-59.1.0,r.-59.1.0/r.-11.1.0,,r.-11.1.0/r.-59.1.0,r.-11.1.0/r.-59.1.0,r.-59.1.0/r.-11.1.0,r.-59.1.0/r.-11.1.0,r.-59.1.0/r.-11.1.0,r.-11.1.0/r.-59.1.0,r.-59.1.0/r.-11.1.0,r.-11.1.0/r.-59.1.0,,,,r.-59.1.0/r.-11.1.0,r.-59.1.0/r.-11.1.0,,,,,,,,,,,,,,,,,,,,,,,,,,,,,,,,,,,,,,,,,,,,,,,,,,,,,,,,,,,,,,,,,,,,,,,,,,,,,,,,,,,,,,,,,,,,,,,
1202,p.98,p.99,p.100,,,,,,,,,,,,,p.1200,,p.1201,p.1202,,,,,,,,p.1203,,,,p.1204,p.1205,,p.1206,,,,,,,,,,,,p.108,,,,,,p.1207,p.1208,,,,,,,,,,,,,,,,,,,,,,,,,,,,,p.1209,p.112,p.113,,,,p.459,p.460,,p.1210,,,,p.461,p.1211,,p.1212,p.1213,,,,,,,,,p.1214,,,p.467,p.468,,,,p.1215,,p.1216,,p.471,,,p.1217,p.1260,p.1219,,,,p.473,p.474,p.475,,,,,p.1220,p.1221,p.478,,p.479,,,,p.1222,,,,,,,,,,,,p.1223,p.1224
1203,r.-23.1.0,r.-23.1.0,r.-23.1.0,r.-23.1.0,r.-23.1.0,r.-23.1.0,r.-23.1.0,r.-23.1.0,r.-23.1.0,r.-23.1.0,r.-23.1.0,r.-23.1.0,r.-23.1.0,r.-23.1.0,r.-23.1.0,r.-23.1.0,,,,r.-23.1.0,r.-23.1.0,,,r.-23.1.0,,,,r.-23.1.0,r.-23.1.0,r.-23.1.0,,,r.-23.1.0,,,,,,,,,,,r.-23.1.0,r.-23.1.0,r.-23.1.0,r.-23.1.0,r.-23.1.0,,r.-23.1.0,r.-23.1.0,r.-23.1.0,r.-23.1.0,r.-23.1.0,r.-23.1.0,r.-23.1.0,r.-23.1.0,,,,r.-23.1.0,r.-23.1.0,,,,,,,,,,,,,,,,,,,,,,,,,,,,,,,,,,,,,,,,,,,,,,,,,,,,,,,,,,,,,,,,,,,,,,,,,,,,,,,,,,,,,,,,,,,,,,,
1204,r.-31.1.0,r.-31.1.0,r.-31.1.0,r.-31.1.0,r.-31.1.0,r.-31.1.0,r.-31.1.0,r.-31.1.0,r.-31.1.0,r.-31.1.0,r.-31.1.0,r.-31.1.0,r.-31.1.0,r.-31.1.0,r.-31.1.0,r.-31.1.0,,,,r.-31.1.0,r.-31.1.0,,,r.-31.1.0,,,,r.-31.1.0,r.-31.1.0,r.-31.1.0,,,r.-31.1.0,,,,,,,,,,,r.-31.1.0,r.-31.1.0,r.-31.1.0,r.-31.1.0,r.-31.1.0,,r.-31.1.0,r.-31.1.0,r.-31.1.0,r.-31.1.0,r.-31.1.0,r.-31.1.0,r.-31.1.0,r.-31.1.0,,,,r.-31.1.0,r.-31.1.0,,,,,,,,,,,,,,,,,,,,,,,,,,,,,,,,,,,,,,,,,,,,,,,,,,,,,,,,,,,,,,,,,,,,,,,,,,,,,,,,,,,,,,,,,,,,,,,
1205,r.-33.1.0,r.-33.1.0,r.-33.1.0,r.-33.1.0,r.-33.1.0,r.-33.1.0,r.-33.1.0,r.-33.1.0,r.-33.1.0,r.-33.1.0,r.-33.1.0,r.-33.1.0,r.-33.1.0,r.-33.1.0,r.-33.1.0,r.-33.1.0,,,,r.-33.1.0,r.-33.1.0,,,r.-33.1.0,,,,r.-33.1.0,r.-33.1.0,r.-33.1.0,,,r.-33.1.0,,,,,,,,,,,r.-33.1.0,r.-33.1.0,r.-33.1.0,r.-33.1.0,r.-33.1.0,,r.-33.1.0,r.-33.1.0,r.-33.1.0,r.-33.1.0,r.-33.1.0,r.-33.1.0,r.-33.1.0,r.-33.1.0,,,,r.-33.1.0,r.-33.1.0,,,,,,,,,,,,,,,,,,,,,,,,,,,,,,,,,,,,,,,,,,,,,,,,,,,,,,,,,,,,,,,,,,,,,,,,,,,,,,,,,,,,,,,,,,,,,,,
1206,r.-40.1.0,r.-40.1.0,r.-40.1.0,r.-40.1.0,r.-40.1.0,r.-40.1.0,r.-40.1.0,r.-40.1.0,r.-40.1.0,r.-40.1.0,r.-40.1.0,r.-40.1.0,r.-40.1.0,r.-40.1.0,r.-40.1.0,r.-40.1.0,,,,r.-40.1.0,r.-40.1.0,,,r.-40.1.0,,,,r.-40.1.0,r.-40.1.0,r.-40.1.0,,,r.-40.1.0,,,,,,,,,,,r.-40.1.0,r.-40.1.0,r.-40.1.0,r.-40.1.0,r.-40.1.0,,r.-40.1.0,r.-40.1.0,r.-40.1.0,r.-40.1.0,r.-40.1.0,r.-40.1.0,r.-40.1.0,r.-40.1.0,,,,r.-40.1.0,r.-40.1.0,,,,,,,,,,,,,,,,,,,,,,,,,,,,,,,,,,,,,,,,,,,,,,,,,,,,,,,,,,,,,,,,,,,,,,,,,,,,,,,,,,,,,,,,,,,,,,,
1207,p.98,p.99,p.100,,,,,,,,,,,,,p.1257,,p.1201,,,,,,,,,p.1203,,,,p.1204,p.1205,,p.1206,,,,,,,,,,,,p.108,,,,,,p.1207,p.1208,,,,,,,,,,,,,,,,,,,,,,,,,,,,,p.1209,p.112,p.113,,,,,,,,,,,,p.1211,,,p.1213,,,,,,,,,p.1214,,,,,,,,p.1215,,p.1216,,,,,,,p.1219,,,,,,,,,,,p.1220,p.1221,,,,,,,p.1222,,,,,,,,,,,,p.1259,p.1224
1208,p.98,p.99,p.100,,,,,,,,,,,,,p.1257,,p.1201,,,,,,,,,p.1203,,,,p.1204,p.1205,,p.1206,,,,,,,,,,,,p.108,,,,,,p.1207,p.1208,,,,,,,,,,,,,,,,,,,,,,,,,,,,,p.1209,p.112,p.113,,,,,,,,,,,,p.1211,,,p.1213,,,,,,,,,p.1214,,,,,,,,p.1215,,p.1216,,,,,,,p.1219,,,,,,,,,,,p.1220,p.1221,,,,,,,p.1222,,,,,,,,,,,,p.1258,p.1224
1209,p.98,p.99,p.100,,,,,,,,,,,,,p.1253,,p.1201,,,,,,,,,p.1203,,,,p.1204,p.1205,,p.1206,,,,,,,,,,,,p.108,,,,,,p.1207,p.1208,,,,,,,,,,,,,,,,,,,,,,,,,,,,,p.1209,p.112,p.113,,,,,,,,,,,,p.1211,,,p.1213,,,,,,,,,p.1214,,,,,,,,p.1215,,p.1216,,,,,,,p.1219,,,,,,,,,,,p.1220,p.1221,,,,,,,p.1222,,,,,,,,,,,,p.1254,p.1224
1210,,,,r.-38.1.0,,,,,,,,,,,,,,,,r.-38.1.0,,,,,,,,,,,,,,,,,,,,,,,,,,,,,,,,,,,,,,,,,,,,,,,,,,,,,,,,,,,,,,,,,,,,,,,,,,,,,,,,,,,,,,,,,,,,,,,,,,,,,,,,,,,,,,,,,,,,,,,,,,,,,,,,,,,,,,,,,
1211,r.-14.1.0,r.-14.1.0,r.-14.1.0,r.-14.1.0,r.-14.1.0,r.-14.1.0,r.-14.1.0,r.-14.1.0,r.-14.1.0,r.-14.1.0,r.-14.1.0,r.-14.1.0,r.-14.1.0,r.-14.1.0,r.-14.1.0,r.-14.1.0,,,,r.-14.1.0,r.-14.1.0,,,r.-14.1.0,,,,r.-14.1.0,r.-14.1.0,r.-14.1.0,,,r.-14.1.0,,,,,,,,,,,r.-14.1.0,r.-14.1.0,r.-14.1.0,r.-14.1.0,r.-14.1.0,,r.-14.1.0,r.-14.1.0,r.-14.1.0,r.-14.1.0,r.-14.1.0,r.-14.1.0,r.-14.1.0,r.-14.1.0,,,,r.-14.1.0,r.-14.1.0,,,,,,,,,,,,,,,,,,,,,,,,,,,,,,,,,,,,,,,,,,,,,,,,,,,,,,,,,,,,,,,,,,,,,,,,,,,,,,,,,,,,,,,,,,,,,,,
1212,,,,r.-6.1.0,,,,,,,,,,,,,,,,r.-6.1.0,,,,,,,,,,,,,,,,,,,,,,,,,,,,,,,,,,,,,,,,,,,,,,,,,,,,,,,,,,,,,,,,,,,,,,,,,,,,,,,,,,,,,,,,,,,,,,,,,,,,,,,,,,,,,,,,,,,,,,,,,,,,,,,,,,,,,,,,,
1213,r.-52.1.0,r.-52.1.0,r.-52.1.0,r.-52.1.0,r.-52.1.0,r.-52.1.0,r.-52.1.0,r.-52.1.0,r.-52.1.0,r.-52.1.0,r.-52.1.0,r.-52.1.0,r.-52.1.0,r.-52.1.0,r.-52.1.0,r.-52.1.0,,,,r.-52.1.0,r.-52.1.0,,,r.-52.1.0,,,,r.-52.1.0,r.-52.1.0,r.-52.1.0,,,r.-52.1.0,,,,,,,,,,,r.-52.1.0,r.-52.1.0,r.-52.1.0,r.-52.1.0,r.-52.1.0,,r.-52.1.0,r.-52.1.0,r.-52.1.0,r.-52.1.0,r.-52.1.0,r.-52.1.0,r.-52.1.0,r.-52.1.0,,,,r.-52.1.0,r.-52.1.0,,,,,,,,,,,,,,,,,,,,,,,,,,,,,,,,,,,,,,,,,,,,,,,,,,,,,,,,,,,,,,,,,,,,,,,,,,,,,,,,,,,,,,,,,,,,,,,
1214,r.-14.1.0,r.-14.1.0,r.-14.1.0,r.-14.1.0,r.-14.1.0,r.-14.1.0,r.-14.1.0,r.-14.1.0,r.-14.1.0,r.-14.1.0,r.-14.1.0,r.-14.1.0,r.-14.1.0,r.-14.1.0,r.-14.1.0,r.-14.1.0,,,,r.-14.1.0,r.-14.1.0,,,r.-14.1.0,,,,r.-14.1.0,r.-14.1.0,r.-14.1.0,,,r.-14.1.0,,,,,,,,,,,r.-14.1.0,r.-14.1.0,r.-14.1.0,r.-14.1.0,r.-14.1.0,,r.-14.1.0,r.-14.1.0,r.-14.1.0,r.-14.1.0,r.-14.1.0,r.-14.1.0,r.-14.1.0,r.-14.1.0,,,,r.-14.1.0,r.-14.1.0,,,,,,,,,,,,,,,,,,,,,,,,,,,,,,,,,,,,,,,,,,,,,,,,,,,,,,,,,,,,,,,,,,,,,,,,,,,,,,,,,,,,,,,,,,,,,,,
1215,r.-14.1.0,r.-14.1.0,r.-14.1.0,r.-14.1.0,r.-14.1.0,r.-14.1.0,r.-14.1.0,r.-14.1.0,r.-14.1.0,r.-14.1.0,r.-14.1.0,r.-14.1.0,r.-14.1.0,r.-14.1.0,r.-14.1.0,r.-14.1.0,,,,r.-14.1.0,r.-14.1.0,,,r.-14.1.0,,,,r.-14.1.0,r.-14.1.0,r.-14.1.0,,,r.-14.1.0,,,,,,,,,,,r.-14.1.0,r.-14.1.0,r.-14.1.0,r.-14.1.0,r.-14.1.0,,r.-14.1.0,r.-14.1.0,r.-14.1.0,r.-14.1.0,r.-14.1.0,r.-14.1.0,r.-14.1.0,r.-14.1.0,,,,r.-14.1.0,r.-14.1.0,,,,,,,,,,,,,,,,,,,,,,,,,,,,,,,,,,,,,,,,,,,,,,,,,,,,,,,,,,,,,,,,,,,,,,,,,,,,,,,,,,,,,,,,,,,,,,,
1216,r.-52.1.0,r.-52.1.0,r.-52.1.0,r.-52.1.0,r.-52.1.0,r.-52.1.0,r.-52.1.0,r.-52.1.0,r.-52.1.0,r.-52.1.0,r.-52.1.0,r.-52.1.0,r.-52.1.0,r.-52.1.0,r.-52.1.0,r.-52.1.0,,,,r.-52.1.0,r.-52.1.0,,,r.-52.1.0,,,,r.-52.1.0,r.-52.1.0,r.-52.1.0,,,r.-52.1.0,,,,,,,,,,,r.-52.1.0,r.-52.1.0,r.-52.1.0,r.-52.1.0,r.-52.1.0,,r.-52.1.0,r.-52.1.0,r.-52.1.0,r.-52.1.0,r.-52.1.0,r.-52.1.0,r.-52.1.0,r.-52.1.0,,,,r.-52.1.0,r.-52.1.0,,,,,,,,,,,,,,,,,,,,,,,,,,,,,,,,,,,,,,,,,,,,,,,,,,,,,,,,,,,,,,,,,,,,,,,,,,,,,,,,,,,,,,,,,,,,,,,
1217,,,,r.-39.1.0,,,,,,,,,,,,,,,,r.-39.1.0,,,,,,,,,,,,,,,,,,,,,,,,,,,,,,,,,,,,,,,,,,,,,,,,,,,,,,,,,,,,,,,,,,,,,,,,,,,,,,,,,,,,,,,,,,,,,,,,,,,,,,,,,,,,,,,,,,,,,,,,,,,,,,,,,,,,,,,,,
1218,,,,p.1249,,,,,,,,,,,,,,,,p.1250,,,,,,,,,,,,,,,,,,,,,,,,,,,,,,,,,,,,,,,,,,,,,,,,,,,,,,,,,,,,,,,,,,,,,,,,,,,,,,,,,,,,,,,,,,,,,,,,,,,,,,,,,,,,,,,,,,,,,,,,,,,,,,,,,,,,,,,,,
1219,r.-14.1.0,r.-14.1.0,r.-14.1.0,r.-14.1.0,r.-14.1.0,r.-14.1.0,r.-14.1.0,r.-14.1.0,r.-14.1.0,r.-14.1.0,r.-14.1.0,r.-14.1.0,r.-14.1.0,r.-14.1.0,r.-14.1.0,r.-14.1.0,,,,r.-14.1.0,r.-14.1.0,,,r.-14.1.0,,,,r.-14.1.0,r.-14.1.0,r.-14.1.0,,,r.-14.1.0,,,,,,,,,,,r.-14.1.0,r.-14.1.0,r.-14.1.0,r.-14.1.0,r.-14.1.0,,r.-14.1.0,r.-14.1.0,r.-14.1.0,r.-14.1.0,r.-14.1.0,r.-14.1.0,r.-14.1.0,r.-14.1.0,,,,r.-14.1.0,r.-14.1.0,,,,,,,,,,,,,,,,,,,,,,,,,,,,,,,,,,,,,,,,,,,,,,,,,,,,,,,,,,,,,,,,,,,,,,,,,,,,,,,,,,,,,,,,,,,,,,,
1220,r.-71.1.0,r.-71.1.0,r.-71.1.0,r.-71.1.0,r.-71.1.0,r.-71.1.0,r.-71.1.0,r.-71.1.0,r.-71.1.0,r.-71.1.0,r.-71.1.0,r.-71.1.0,r.-71.1.0,r.-71.1.0,r.-71.1.0,p.1236,,,,r.-71.1.0,r.-71.1.0,,,p.1237,,,,r.-71.1.0,r.-71.1.0,r.-71.1.0,,,r.-71.1.0,,,,,,,,,,,r.-71.1.0,r.-71.1.0,r.-71.1.0,r.-71.1.0,r.-71.1.0,,p.1238,p.1239,p.1240,p.1241,r.-71.1.0,r.-71.1.0,r.-71.1.0,r.-71.1.0,,,,r.-71.1.0,r.-71.1.0,,,,,,,,,,,,,,,,,,,,,,,,,,,,,,,,,,,,,,,,,,,,,,,,,,,,,,,,,,,,,,,,,,,,,,,,,,,,,,,,,,,,,,,,,,,,,,,
1221,r.-51.1.0,r.-51.1.0,r.-51.1.0,r.-51.1.0,r.-51.1.0,r.-51.1.0,r.-51.1.0,r.-51.1.0,r.-51.1.0,r.-51.1.0,r.-51.1.0,r.-51.1.0,r.-51.1.0,r.-51.1.0,r.-51.1.0,r.-51.1.0,,,,r.-51.1.0,r.-51.1.0,,,r.-51.1.0,,,,r.-51.1.0,r.-51.1.0,r.-51.1.0,,,r.-51.1.0,,,,,,,,,,,r.-51.1.0,r.-51.1.0,r.-51.1.0,r.-51.1.0,r.-51.1.0,,r.-51.1.0,r.-51.1.0,r.-51.1.0,r.-51.1.0,r.-51.1.0,r.-51.1.0,r.-51.1.0,r.-51.1.0,,,,r.-51.1.0,r.-51.1.0,,,,,,,,,,,,,,,,,,,,,,,,,,,,,,,,,,,,,,,,,,,,,,,,,,,,,,,,,,,,,,,,,,,,,,,,,,,,,,,,,,,,,,,,,,,,,,,
1222,r.-52.1.0,r.-52.1.0,r.-52.1.0,r.-52.1.0,r.-52.1.0,r.-52.1.0,r.-52.1.0,r.-52.1.0,r.-52.1.0,r.-52.1.0,r.-52.1.0,r.-52.1.0,r.-52.1.0,r.-52.1.0,r.-52.1.0,r.-52.1.0,,p.1235,,r.-52.1.0,r.-52.1.0,,,r.-52.1.0,,,,r.-52.1.0,r.-52.1.0,r.-52.1.0,,,r.-52.1.0,,,,,,,,,,,r.-52.1.0,r.-52.1.0,r.-52.1.0,r.-52.1.0,r.-52.1.0,,r.-52.1.0,r.-52.1.0,r.-52.1.0,r.-52.1.0,r.-52.1.0,r.-52.1.0,r.-52.1.0,r.-52.1.0,,,,r.-52.1.0,r.-52.1.0,,,,,,,,,,,,,,,,,,,,,,,,,,,,,,,,,,,,,,,,,,,,,,,,,,,,,,,,,,,,,,,,,,,,,,,,,,,,,,,,,,,,,,,,,,,,,,,
1223,r.-10.1.0,r.-10.1.0,r.-10.1.0,r.-10.1.0,p.273,p.274,p.275,p.276,p.277,p.278,p.279,p.280,p.281,p.282,p.283,,,,,r.-10.1.0,r.-10.1.0,,,,,,,r.-10.1.0,r.-10.1.0,r.-10.1.0,,,r.-10.1.0,,,,,,,,,,,r.-10.1.0,r.-10.1.0,r.-10.1.0,r.-10.1.0,r.-10.1.0,,,,,,r.-10.1.0,r.-10.1.0,r.-10.1.0,r.-10.1.0,,,,r.-10.1.0,r.-10.1.0,,,,,,,,,,,,,,,,,,,,,,,,,,,,,,p.1233,,,,,,,,,,,,,,,,,,,,,,,,,,,,,,,,,,,,,,,,,,,,,,,,,,,,,,,,,,,,,,,,,
1224,p.98,p.99,p.100,,,,,,,,,,,,,p.1225,,p.1201,,,,,,,,,p.1203,,,,p.1204,p.1205,,p.1206,,,,,,,,,,,,p.108,,,,,,p.1207,p.1208,,,,,,,,,,,,,,,,,,,,,,,,,,,,,p.1209,p.112,p.113,,,,,,,,,,,p.1226,p.1211,,,p.1213,,,,,,,,,p.1214,,,,,,,,p.1215,,p.1216,,,,,,,p.1219,,,,,,,,,,,p.1220,p.1221,,,,,,,p.1222,,,,,,,,,,,,p.1227,p.1224
1225,p.98,p.99,p.100,,,,,,,,,,,,,p.207,,p.208,,,,,,,,p.209,p.210,,,,p.211,p.212,,p.213,,,,,,,,,,,,p.108,,,,,,p.214,p.215,,,,,,,,,,,,,,,p.11,p.12,p.216,p.217,p.218,p.219,p.220,p.221,p.222,p.223,p.224,p.225,p.226,p.227,p.228,p.112,p.113,,,,p.229,p.230,,p.231,,,,p.232,p.233,,p.234,p.235,,,,,,,,p.236,p.237,,,p.238,p.239,p.1228,,,p.241,,p.242,,p.243,,,,,p.244,,,,p.245,p.246,p.247,,,,,p.248,p.249,p.250,,p.251,p.252,,,p.253,,,,,p.254,p.255,p.1229,p.257,,p.258,p.259,p.260,p.261
1226,r.-71.2.0,r.-71.2.0,r.-71.2.0,r.-71.2.0,r.-71.2.0,r.-71.2.0,r.-71.2.0,r.-71.2.0,r.-71.2.0,r.-71.2.0,r.-71.2.0,r.-71.2.0,r.-71.2.0,r.-71.2.0,r.-71.2.0,,,,,r.-71.2.0,r.-71.2.0,,,,,,,r.-71.2.0,r.-71.2.0,r.-71.2.0,,,r.-71.2.0,,,,,,,,,,,r.-71.2.0,r.-71.2.0,r.-71.2.0,r.-71.2.0,r.-71.2.0,,,,,,r.-71.2.0,r.-71.2.0,r.-71.2.0,r.-71.2.0,,,,r.-71.2.0,r.-71.2.0,,,,,,,,,,,,,,,,,,,,,,,,,,,,,,,,,,,,,,,,,,,,,,,,,,,,,,,,,,,,,,,,,,,,,,,,,,,,,,,,,,,,,,,,,,,,,,,
1227,r.-10.1.0,r.-10.1.0,r.-10.1.0,r.-10.1.0,r.-10.1.0,r.-10.1.0,r.-10.1.0,r.-10.1.0,r.-10.1.0,r.-10.1.0,r.-10.1.0,r.-10.1.0,r.-10.1.0,r.-10.1.0,r.-10.1.0,,,,,r.-10.1.0,r.-10.1.0,,,,,,,r.-10.1.0,r.-10.1.0,r.-10.1.0,,,r.-10.1.0,,,,,,,,,,,r.-10.1.0,r.-10.1.0,r.-10.1.0,r.-10.1.0,r.-10.1.0,,,,,,r.-10.1.0,r.-10.1.0,r.-10.1.0,r.-10.1.0,,,,r.-10.1.0,r.-10.1.0,,,,,,,,,,,,,,,,,,,,,,,,,,,,,,,,,,,,,,,,,,,,,,,,,,,,,,,,,,,,,,,,,,,,,,,,,,,,,,,,,,,,,,,,,,,,,,,
1228,,,,p.270,,,,,,,,,,,,,p.1232,,,,,,,,,,,,,,,,,,,,,,,,,,,,,,,,,,,,,,,,,,,,,,,,,,,,,,,,,,,,,,,,,,,,,,,,,,,,,,,,,,,,,,,,,,,,,,,,,,,,,,,,,,,,,,,,,,,,,,,,,,,,,,,,,,,,,,,,,,,,
1229,,,,,,,,,,,,,,,,,p.1230,,,,,,,,,,,,,,,,,,,,,,,,,,,,,,,,,,,,,,,,,,,,,,,,,,,,,,,,,,,,,,,,,,,,,,,,,,,,,,,,,,,,,,,,,,,,,,,,,,,,,,,,,,,,,,,,,,,,,,,,,,,,,,,,,,,,,,,,,,,,
1230,p.98,p.99,p.100,,,,,,,,,,,,,p.1225,,p.1201,,,,,,,,,p.1203,,,,p.1204,p.1205,,p.1206,,,,,,,,,,,,p.108,,,,,,p.1207,p.1208,,,,,,,,,,,,,,,,,,,,,,,,,,,,,p.1209,p.112,p.113,,,,,,,,,,,p.1231,p.1211,,,p.1213,,,,,,,,,p.1214,,,,,,,,p.1215,,p.1216,,,,,,,p.1219,,,,,,,,,,,p.1220,p.1221,,,,,,,p.1222,,,,,,,,,,,,p.1227,p.1224
1231,r.-10.4.0,r.-10.4.0,r.-10.4.0,r.-10.4.0,r.-10.4.0,r.-10.4.0,r.-10.4.0,r.-10.4.0,r.-10.4.0,r.-10.4.0,r.-10.4.0,r.-10.4.0,r.-10.4.0,r.-10.4.0,r.-10.4.0,,,,,r.-10.4.0,r.-10.4.0,,,,,,,r.-10.4.0,r.-10.4.0,r.-10.4.0,,,r.-10.4.0,,,,,,,,,,,r.-10.4.0,r.-10.4.0,r.-10.4.0,r.-10.4.0,r.-10.4.0,,,,,,r.-10.4.0,r.-10.4.0,r.-10.4.0,r.-10.4.0,,,,r.-10.4.0,r.-10.4.0,,,,,,,,,,,,,,,,,,,,,,,,,,,,,,,,,,,,,,,,,,,,,,,,,,,,,,,,,,,,,,,,,,,,,,,,,,,,,,,,,,,,,,,,,,,,,,,
1232,r.-52.3.0,r.-52.3.0,r.-52.3.0,r.-52.3.0,r.-52.3.0,r.-52.3.0,r.-52.3.0,r.-52.3.0,r.-52.3.0,r.-52.3.0,r.-52.3.0,r.-52.3.0,r.-52.3.0,r.-52.3.0,r.-52.3.0,r.-52.3.0,,,,r.-52.3.0,r.-52.3.0,,,r.-52.3.0,,,,r.-52.3.0,r.-52.3.0,r.-52.3.0,,,r.-52.3.0,,,,,,,,,,,r.-52.3.0,r.-52.3.0,r.-52.3.0,r.-52.3.0,r.-52.3.0,,r.-52.3.0,r.-52.3.0,r.-52.3.0,r.-52.3.0,r.-52.3.0,r.-52.3.0,r.-52.3.0,r.-52.3.0,,,,r.-52.3.0,r.-52.3.0,,,,,,,,,,,,,,,,,,,,,,,,,,,,,,,,,,,,,,,,,,,,,,,,,,,,,,,,,,,,,,,,,,,,,,,,,,,,,,,,,,,,,,,,,,,,,,,
1233,p.98,p.99,p.100,,,,,,,,,,,,,p.1200,,p.1201,,,,,,,,,p.1203,,,,p.1204,p.1205,,p.1206,,,,,,,,,,,,p.108,,,,,,p.1207,p.1208,,,,,,,,,,,,,,,,,,,,,,,,,,,,,p.1209,p.112,p.113,,,,p.459,p.460,,p.1234,,,,p.461,p.1211,,p.1212,p.1213,,,,,,,,,p.1214,,,p.467,p.468,,,,p.1215,,p.1216,,p.471,,,,,p.1219,,,,p.473,p.474,p.475,,,,,p.1220,p.1221,p.478,,p.479,,,,p.1222,,,,,,,,,,,,p.1223,p.1224
1234,,,,r.-6.3.0,,,,,,,,,,,,,,,,r.-6.3.0,,,,,,,,,,,,,,,,,,,,,,,,,,,,,,,,,,,,,,,,,,,,,,,,,,,,,,,,,,,,,,,,,,,,,,,,,,,,,,,,,,,,,,,,,,,,,,,,,,,,,,,,,,,,,,,,,,,,,,,,,,,,,,,,,,,,,,,,,
1235,r.-59.2.0,r.-59.2.0,r.-59.2.0,r.-59.2.0,r.-59.2.0,r.-59.2.0,r.-59.2.0,r.-59.2.0,r.-59.2.0,r.-59.2.0,r.-59.2.0,r.-59.2.0,r.-59.2.0,r.-59.2.0,r.-59.2.0,r.-59.2.0,,r.-59.2.0,,r.-59.2.0,r.-59.2.0,,,r.-59.2.0,,,,r.-59.2.0,r.-59.2.0,r.-59.2.0,,,r.-59.2.0,,,,,,,,,,,r.-59.2.0,r.-59.2.0,r.-59.2.0,r.-59.2.0,r.-59.2.0,,r.-59.2.0,r.-59.2.0,r.-59.2.0,r.-59.2.0,r.-59.2.0,r.-59.2.0,r.-59.2.0,r.-59.2.0,,,,r.-59.2.0,r.-59.2.0,,,,,,,,,,,,,,,,,,,,,,,,,,,,,,,,,,,,,,,,,,,,,,,,,,,,,,,,,,,,,,,,,,,,,,,,,,,,,,,,,,,,,,,,,,,,,,,
1236,p.98,p.99,p.100,,,,,,,,,,,,,p.207,p.1246,p.208,,,,,,,,,p.210,,,,p.211,p.263,,p.213,,,,,,,,,,,,p.108,,,,,,p.214,p.215,,,,,,,,,,,,,,,,,,,,,,,,,,,,,p.228,p.112,p.113,,,,p.229,p.230,p.1247,p.521,,,,p.232,p.233,,p.234,p.235,,,,,,,,,p.237,,,p.238,p.239,,,,p.241,,p.242,,p.243,,,,,p.244,,,,p.245,p.246,p.247,,,,,p.248,p.249,p.250,,p.251,,,,p.253,,,,,,,,,,,,p.260,p.261
1237,p.98,p.99,p.100,,,,,,,,,,,,,p.170,,p.171,,,,,,,,,p.172,,,,p.173,p.174,,p.175,,,,,,,,,,,,p.108,,,,,,p.176,p.177,,,,,,,,,,,,,,,,,,,,,,,,,,,,,p.178,p.112,p.113,,,,p.179,p.180,,p.181,,,,p.182,p.183,,p.184,p.185,,,,,,,,,p.186,,,p.187,p.188,p.1244,,,p.190,,p.191,,p.192,,,,,p.193,,,,p.194,p.195,p.196,,,,,p.197,p.198,p.199,,p.200,,,,p.201,,,,,,,,,,,,p.202,p.203
1238,,,,,,,,,,,,,,,,,,,,,,,,,,,,,,,,p.1205,,,,,,,,,,,,,,,,,,,,,,,,,,,,,,,,,,,,,,,,,,,,,,,,,,,,,,,,,,,,,,,,,,,,,,,,,,,,,,,,,,,,,,p.1243,,,,,,,,,,,,,,,,,,,,,,,,,,,,,,,,,,,,,,,
1239,,,,,,,,,,,,,,,,,,,,,,,,,,,,,,,,p.1205,,,,,,,,,,,,,,,,,,,,,,,,,,,,,,,,,,,,,,,,,,,,,,,,,,,,,,,,,,,,,,,,,,,,,,,,,,,,,,,,,,,,,,p.1242,,,,,,,,,,,,,,,,,,,,,,,,,,,,,,,,,,,,,,,
1240,r.-51.2.0,r.-51.2.0,r.-51.2.0,r.-51.2.0,r.-51.2.0,r.-51.2.0,r.-51.2.0,r.-51.2.0,r.-51.2.0,r.-51.2.0,r.-51.2.0,r.-51.2.0,r.-51.2.0,r.-51.2.0,r.-51.2.0,r.-51.2.0,,,,r.-51.2.0,r.-51.2.0,,,r.-51.2.0,,,,r.-51.2.0,r.-51.2.0,r.-51.2.0,,,r.-51.2.0,,,,,,,,,,,r.-51.2.0,r.-51.2.0,r.-51.2.0,r.-51.2.0,r.-51.2.0,,r.-51.2.0,r.-51.2.0,r.-51.2.0,r.-51.2.0,r.-51.2.0,r.-51.2.0,r.-51.2.0,r.-51.2.0,,,,r.-51.2.0,r.-51.2.0,,,,,,,,,,,,,,,,,,,,,,,,,,,,,,,,,,,,,,,,,,,,,,,,,,,,,,,,,,,,,,,,,,,,,,,,,,,,,,,,,,,,,,,,,,,,,,,
1241,r.-51.2.0,r.-51.2.0,r.-51.2.0,r.-51.2.0,r.-51.2.0,r.-51.2.0,r.-51.2.0,r.-51.2.0,r.-51.2.0,r.-51.2.0,r.-51.2.0,r.-51.2.0,r.-51.2.0,r.-51.2.0,r.-51.2.0,r.-51.2.0,,,,r.-51.2.0,r.-51.2.0,,,r.-51.2.0,,,,r.-51.2.0,r.-51.2.0,r.-51.2.0,,,r.-51.2.0,,,,,,,,,,,r.-51.2.0,r.-51.2.0,r.-51.2.0,r.-51.2.0,r.-51.2.0,,r.-51.2.0,r.-51.2.0,r.-51.2.0,r.-51.2.0,r.-51.2.0,r.-51.2.0,r.-51.2.0,r.-51.2.0,,,,r.-51.2.0,r.-51.2.0,,,,,,,,,,,,,,,,,,,,,,,,,,,,,,,,,,,,,,,,,,,,,,,,,,,,,,,,,,,,,,,,,,,,,,,,,,,,,,,,,,,,,,,,,,,,,,,
1242,r.-51.3.0,r.-51.3.0,r.-51.3.0,r.-51.3.0,r.-51.3.0,r.-51.3.0,r.-51.3.0,r.-51.3.0,r.-51.3.0,r.-51.3.0,r.-51.3.0,r.-51.3.0,r.-51.3.0,r.-51.3.0,r.-51.3.0,r.-51.3.0,,,,r.-51.3.0,r.-51.3.0,,,r.-51.3.0,,,,r.-51.3.0,r.-51.3.0,r.-51.3.0,,,r.-51.3.0,,,,,,,,,,,r.-51.3.0,r.-51.3.0,r.-51.3.0,r.-51.3.0,r.-51.3.0,,r.-51.3.0,r.-51.3.0,r.-51.3.0,r.-51.3.0,r.-51.3.0,r.-51.3.0,r.-51.3.0,r.-51.3.0,,,,r.-51.3.0,r.-51.3.0,,,,,,,,,,,,,,,,,,,,,,,,,,,,,,,,,,,,,,,,,,,,,,,,,,,,,,,,,,,,,,,,,,,,,,,,,,,,,,,,,,,,,,,,,,,,,,,
1243,r.-51.3.0,r.-51.3.0,r.-51.3.0,r.-51.3.0,r.-51.3.0,r.-51.3.0,r.-51.3.0,r.-51.3.0,r.-51.3.0,r.-51.3.0,r.-51.3.0,r.-51.3.0,r.-51.3.0,r.-51.3.0,r.-51.3.0,r.-51.3.0,,,,r.-51.3.0,r.-51.3.0,,,r.-51.3.0,,,,r.-51.3.0,r.-51.3.0,r.-51.3.0,,,r.-51.3.0,,,,,,,,,,,r.-51.3.0,r.-51.3.0,r.-51.3.0,r.-51.3.0,r.-51.3.0,,r.-51.3.0,r.-51.3.0,r.-51.3.0,r.-51.3.0,r.-51.3.0,r.-51.3.0,r.-51.3.0,r.-51.3.0,,,,r.-51.3.0,r.-51.3.0,,,,,,,,,,,,,,,,,,,,,,,,,,,,,,,,,,,,,,,,,,,,,,,,,,,,,,,,,,,,,,,,,,,,,,,,,,,,,,,,,,,,,,,,,,,,,,,
1244,,,,p.516,,,,,,,,,,,,,,,,,,,,,p.1245,,,,,,,,,,,,,,,,,,,,,,,,,,,,,,,,,,,,,,,,,,,,,,,,,,,,,,,,,,,,,,,,,,,,,,,,,,,,,,,,,,,,,,,,,,,,,,,,,,,,,,,,,,,,,,,,,,,,,,,,,,,,,,,,,,,,
1245,r.-51.4.0,r.-51.4.0,r.-51.4.0,r.-51.4.0,r.-51.4.0,r.-51.4.0,r.-51.4.0,r.-51.4.0,r.-51.4.0,r.-51.4.0,r.-51.4.0,r.-51.4.0,r.-51.4.0,r.-51.4.0,r.-51.4.0,r.-51.4.0,,,,r.-51.4.0,r.-51.4.0,,,r.-51.4.0,,,,r.-51.4.0,r.-51.4.0,r.-51.4.0,,,r.-51.4.0,,,,,,,,,,,r.-51.4.0,r.-51.4.0,r.-51.4.0,r.-51.4.0,r.-51.4.0,,r.-51.4.0,r.-51.4.0,r.-51.4.0,r.-51.4.0,r.-51.4.0,r.-51.4.0,r.-51.4.0,r.-51.4.0,,,,r.-51.4.0,r.-51.4.0,,,,,,,,,,,,,,,,,,,,,,,,,,,,,,,,,,,,,,,,,,,,,,,,,,,,,,,,,,,,,,,,,,,,,,,,,,,,,,,,,,,,,,,,,,,,,,,
1246,r.-51.3.0,r.-51.3.0,r.-51.3.0,r.-51.3.0,r.-51.3.0,r.-51.3.0,r.-51.3.0,r.-51.3.0,r.-51.3.0,r.-51.3.0,r.-51.3.0,r.-51.3.0,r.-51.3.0,r.-51.3.0,r.-51.3.0,r.-51.3.0,,,,r.-51.3.0,r.-51.3.0,,,r.-51.3.0,,,,r.-51.3.0,r.-51.3.0,r.-51.3.0,,,r.-51.3.0,,,,,,,,,,,r.-51.3.0,r.-51.3.0,r.-51.3.0,r.-51.3.0,r.-51.3.0,,r.-51.3.0,r.-51.3.0,r.-51.3.0,r.-51.3.0,r.-51.3.0,r.-51.3.0,r.-51.3.0,r.-51.3.0,,,,r.-51.3.0,r.-51.3.0,,,,,,,,,,,,,,,,,,,,,,,,,,,,,,,,,,,,,,,,,,,,,,,,,,,,,,,,,,,,,,,,,,,,,,,,,,,,,,,,,,,,,,,,,,,,,,,
1247,,,,p.522,,,,,,,,,,,,,p.1248,,,,,,,,,,,,,,,,,,,,,,,,,,,,,,,,,,,,,,,,,,,,,,,,,,,,,,,,,,,,,,,,,,,,,,,,,,,,,,,,,,,,,,,,,,,,,,,,,,,,,,,,,,,,,,,,,,,,,,,,,,,,,,,,,,,,,,,,,,,,
1248,r.-51.4.0,r.-51.4.0,r.-51.4.0,r.-51.4.0,r.-51.4.0,r.-51.4.0,r.-51.4.0,r.-51.4.0,r.-51.4.0,r.-51.4.0,r.-51.4.0,r.-51.4.0,r.-51.4.0,r.-51.4.0,r.-51.4.0,r.-51.4.0,,,,r.-51.4.0,r.-51.4.0,,,r.-51.4.0,,,,r.-51.4.0,r.-51.4.0,r.-51.4.0,,,r.-51.4.0,,,,,,,,,,,r.-51.4.0,r.-51.4.0,r.-51.4.0,r.-51.4.0,r.-51.4.0,,r.-51.4.0,r.-51.4.0,r.-51.4.0,r.-51.4.0,r.-51.4.0,r.-51.4.0,r.-51.4.0,r.-51.4.0,,,,r.-51.4.0,r.-51.4.0,,,,,,,,,,,,,,,,,,,,,,,,,,,,,,,,,,,,,,,,,,,,,,,,,,,,,,,,,,,,,,,,,,,,,,,,,,,,,,,,,,,,,,,,,,,,,,,
1249,p.98,p.99,p.100,,,,,,,,,,,,,p.1200,,p.1201,p.1202,p.1251,,,,,,,p.1203,,,,p.1204,p.1205,,p.1206,,,,,,,,,,,,p.108,,,,,,p.1207,p.1208,,,,,,,,,,,,,,,,,,,,,,,,,,,,,p.1209,p.112,p.113,,,,p.459,p.460,,p.1210,,,,p.461,p.1211,,p.1212,p.1213,,,,,,,,,p.1214,,,p.467,p.468,,,,p.1215,,p.1216,,p.471,,,p.1252,,p.1219,,,,p.473,p.474,p.475,,,,,p.1220,p.1221,p.478,,p.479,,,,p.1222,,,,,,,,,,,,p.1223,p.1224
1250,,,,r.-38.3.0,,,,,,,,,,,,,,,,,,,r.-38.3.0,,,,,,,,,,,,,,,,,,,,,,,,,,,,,,,,,,,,,,,,,,,,,,,,,,,,,,,,,,,,,,,,,,,,,,,,,,,,,,,,,,,,,,,,,,,,,,,,,,,,,,,,,,,,,,,,,,,,,,,,,,,,,,,,,,,,,,
1251,,,,r.-38.4.0,,,,,,,,,,,,,,,,,,,r.-38.4.0,,,,,,,,,,,,,,,,,,,,,,,,,,,,,,,,,,,,,,,,,,,,,,,,,,,,,,,,,,,,,,,,,,,,,,,,,,,,,,,,,,,,,,,,,,,,,,,,,,,,,,,,,,,,,,,,,,,,,,,,,,,,,,,,,,,,,,
1252,,,,r.-39.3.0,,,,,,,,,,,,,,,,r.-39.3.0,,,,,,,,,,,,,,,,,,,,,,,,,,,,,,,,,,,,,,,,,,,,,,,,,,,,,,,,,,,,,,,,,,,,,,,,,,,,,,,,,,,,,,,,,,,,,,,,,,,,,,,,,,,,,,,,,,,,,,,,,,,,,,,,,,,,,,,,,
1253,p.98,p.99,p.100,,,,,,,,,,,,,p.207,,p.208,,,,,,,,p.209,p.210,,,,p.211,p.212,,p.213,,,,,,,,,,,,p.108,,,,,,p.214,p.215,,,,,,,,,,,,,,,p.11,p.12,p.216,p.217,p.218,p.219,p.220,p.221,p.222,p.223,p.224,p.225,p.226,p.227,p.228,p.112,p.113,,,,p.229,p.230,,p.231,,,,p.232,p.233,,p.234,p.235,,,,,,,,p.236,p.237,,,p.238,p.239,p.1228,,,p.241,,p.242,,p.243,,,,,p.244,,,,p.245,p.246,p.247,,,,,p.248,p.249,p.250,,p.251,p.252,,,p.253,,,,,p.254,p.255,p.1255,p.257,,p.258,p.259,p.260,p.261
1254,r.-71.2.0,r.-71.2.0,r.-71.2.0,r.-71.2.0,r.-71.2.0,r.-71.2.0,r.-71.2.0,r.-71.2.0,r.-71.2.0,r.-71.2.0,r.-71.2.0,r.-71.2.0,r.-71.2.0,r.-71.2.0,r.-71.2.0,,,,,r.-71.2.0,r.-71.2.0,,,,,,,r.-71.2.0,r.-71.2.0,r.-71.2.0,,,r.-71.2.0,,,,,,,,,,,r.-71.2.0,r.-71.2.0,r.-71.2.0,r.-71.2.0,r.-71.2.0,,,,,,r.-71.2.0,r.-71.2.0,r.-71.2.0,r.-71.2.0,,,,r.-71.2.0,r.-71.2.0,,,,,,,,,,,,,,,,,,,,,,,,,,,,,,,,,,,,,,,,,,,,,,,,,,,,,,,,,,,,,,,,,,,,,,,,,,,,,,,,,,,,,,,,,,,,,,,
1255,,,,,,,,,,,,,,,,,p.1256,,,,,,,,,,,,,,,,,,,,,,,,,,,,,,,,,,,,,,,,,,,,,,,,,,,,,,,,,,,,,,,,,,,,,,,,,,,,,,,,,,,,,,,,,,,,,,,,,,,,,,,,,,,,,,,,,,,,,,,,,,,,,,,,,,,,,,,,,,,,
1256,r.-71.4.0,r.-71.4.0,r.-71.4.0,r.-71.4.0,r.-71.4.0,r.-71.4.0,r.-71.4.0,r.-71.4.0,r.-71.4.0,r.-71.4.0,r.-71.4.0,r.-71.4.0,r.-71.4.0,r.-71.4.0,r.-71.4.0,,,,,r.-71.4.0,r.-71.4.0,,,,,,,r.-71.4.0,r.-71.4.0,r.-71.4.0,,,r.-71.4.0,,,,,,,,,,,r.-71.4.0,r.-71.4.0,r.-71.4.0,r.-71.4.0,r.-71.4.0,,,,,,r.-71.4.0,r.-71.4.0,r.-71.4.0,r.-71.4.0,,,,r.-71.4.0,r.-71.4.0,,,,,,,,,,,,,,,,,,,,,,,,,,,,,,,,,,,,,,,,,,,,,,,,,,,,,,,,,,,,,,,,,,,,,,,,,,,,,,,,,,,,,,,,,,,,,,,
1257,p.98,p.99,p.100,,,,,,,,,,,,,p.207,,p.208,,,,,,,,,p.210,,,,p.211,p.263,,p.213,,,,,,,,,,,,p.108,,,,,,p.214,p.215,,,,,,,,,,,,,,,,,,,,,,,,,,,,,p.228,p.112,p.113,,,,p.229,p.230,,p.231,,,,p.232,p.233,,p.234,p.235,,,,,,,,,p.237,,,p.238,p.239,p.1228,,,p.241,,p.242,,p.243,,,,,p.244,,,,p.245,p.246,p.247,,,,,p.248,p.249,p.250,,p.251,,,,p.253,,,,,,,,,,,,p.260,p.261
1258,r.-71.2.0,r.-71.2.0,r.-71.2.0,r.-71.2.0,r.-71.2.0,r.-71.2.0,r.-71.2.0,r.-71.2.0,r.-71.2.0,r.-71.2.0,r.-71.2.0,r.-71.2.0,r.-71.2.0,r.-71.2.0,r.-71.2.0,,,,,r.-71.2.0,r.-71.2.0,,,,,,,r.-71.2.0,r.-71.2.0,r.-71.2.0,,,r.-71.2.0,,,,,,,,,,,r.-71.2.0,r.-71.2.0,r.-71.2.0,r.-71.2.0,r.-71.2.0,,,,,,r.-71.2.0,r.-71.2.0,r.-71.2.0,r.-71.2.0,,,,r.-71.2.0,r.-71.2.0,,,,,,,,,,,,,,,,,,,,,,,,,,,,,,,,,,,,,,,,,,,,,,,,,,,,,,,,,,,,,,,,,,,,,,,,,,,,,,,,,,,,,,,,,,,,,,,
1259,r.-71.2.0,r.-71.2.0,r.-71.2.0,r.-71.2.0,r.-71.2.0,r.-71.2.0,r.-71.2.0,r.-71.2.0,r.-71.2.0,r.-71.2.0,r.-71.2.0,r.-71.2.0,r.-71.2.0,r.-71.2.0,r.-71.2.0,,,,,r.-71.2.0,r.-71.2.0,,,,,,,r.-71.2.0,r.-71.2.0,r.-71.2.0,,,r.-71.2.0,,,,,,,,,,,r.-71.2.0,r.-71.2.0,r.-71.2.0,r.-71.2.0,r.-71.2.0,,,,,,r.-71.2.0,r.-71.2.0,r.-71.2.0,r.-71.2.0,,,,r.-71.2.0,r.-71.2.0,,,,,,,,,,,,,,,,,,,,,,,,,,,,,,,,,,,,,,,,,,,,,,,,,,,,,,,,,,,,,,,,,,,,,,,,,,,,,,,,,,,,,,,,,,,,,,,
1260,,,,p.1261,,,,,,,,,,,,,,,,p.1262,,,,,,,,,,,,,,,,,,,,,,,,,,,,,,,,,,,,,,,,,,,,,,,,,,,,,,,,,,,,,,,,,,,,,,,,,,,,,,,,,,,,,,,,,,,,,,,,,,,,,,,,,,,,,,,,,,,,,,,,,,,,,,,,,,,,,,,,,
1261,p.98,p.99,p.100,,,,,,,,,,,,,p.1200,,p.1201,p.1202,p.1263,,,,,,,p.1203,,,,p.1204,p.1205,,p.1206,,,,,,,,,,,,p.108,,,,,,p.1207,p.1208,,,,,,,,,,,,,,,,,,,,,,,,,,,,,p.1209,p.112,p.113,,,,p.459,p.460,,p.1210,,,,p.461,p.1211,,p.1212,p.1213,,,,,,,,,p.1214,,,p.467,p.468,,,,p.1215,,p.1216,,p.471,,,p.1252,,p.1219,,,,p.473,p.474,p.475,,,,,p.1220,p.1221,p.478,,p.479,,,,p.1222,,,,,,,,,,,,p.1223,p.1224
1262,,,,r.-38.3.0,,,,,,,,,,,,,,,,r.-38.3.0,,,,,,,,,,,,,,,,,,,,,,,,,,,,,,,,,,,,,,,,,,,,,,,,,,,,,,,,,,,,,,,,,,,,,,,,,,,,,,,,,,,,,,,,,,,,,,,,,,,,,,,,,,,,,,,,,,,,,,,,,,,,,,,,,,,,,,,,,
1263,,,,r.-38.4.0,,,,,,,,,,,,,,,,r.-38.4.0,,,,,,,,,,,,,,,,,,,,,,,,,,,,,,,,,,,,,,,,,,,,,,,,,,,,,,,,,,,,,,,,,,,,,,,,,,,,,,,,,,,,,,,,,,,,,,,,,,,,,,,,,,,,,,,,,,,,,,,,,,,,,,,,,,,,,,,,,
1264,,,,,,,,,,,,,,,,,p.1265,,,,,,,,,,,,,,,,,,,,,,,,,,,,,,,,,,,,,,,,,,,,,,,,,,,,,,,,,,,,,,,,,,,,,,,,,,,,,,,,,,,,,,,,,,,,,,,,,,,,,,,,,,,,,,,,,,,,,,,,,,,,,,,,,,,,,,,,,,,,
1265,,,,r.-21.3.0,r.-21.3.0,,,,,,,,,,,r.-21.3.0,,,,,,,r.-21.3.0,r.-21.3.0,,,,,,,,,,,,,,,,,,,,,,,,,,,,,,,,,,,,,,,,,,,,,,,,,,,,,,,,,,,,,,,,,,,,,,,,,,,,,,,,,,,,,,,,,,,,,,,,,,,,,,,,,,,,,,,,,,,,,,,,,,,,,,,,,,,,,
1266,,,,,,,,,,,,,,,,r.-32.3.0,,,,,,,r.-32.3.0,,,r.-32.3.0,,,,,,r.-32.3.0,,,,,,,,,,,,,,r.-32.3.0,,,,,,,,,,,,,,,,,r.-32.3.0,r.-32.3.0,r.-32.3.0,r.-32.3.0,r.-32.3.0,r.-32.3.0,r.-32.3.0,r.-32.3.0,r.-32.3.0,r.-32.3.0,r.-32.3.0,r.-32.3.0,r.-32.3.0,r.-32.3.0,r.-32.3.0,r.-32.3.0,r.-32.3.0,r.-32.3.0,r.-32.3.0,,,,r.-32.3.0,,,,,,,,,,,,,,,,,,,,,,,,,,,,,,,,,,,,,,,,,,,,,,,,,,,,,,,,,,,,,,,,,,,,,,,,
1267,,,,,,,,,,,,,,,,,,,r.-17.2.0,,,,,,,r.-17.2.0,,,,,,r.-17.2.0,,,,,,,,,,,,,,,,,,,,,,,,,,,,,,,r.-17.2.0,r.-17.2.0,r.-17.2.0,r.-17.2.0,r.-17.2.0,r.-17.2.0,r.-17.2.0,r.-17.2.0,r.-17.2.0,r.-17.2.0,r.-17.2.0,r.-17.2.0,r.-17.2.0,r.-17.2.0,r.-17.2.0,r.-17.2.0,r.-17.2.0,r.-17.2.0,r.-17.2.0,,,,,,,,,,,,,,,,,,,,,,,,,,,,,,,,,,,,,,,,,,,,,,,,,,,,,,,,,,,,,,,,,,,,,,,,,,,,
1268,p.98,p.99,p.100,,,,,,,,,,,,,p.1145,,p.1146,p.1268,p.1794,,,p.1270,,,p.3,p.1148,,,,p.1149,p.1271,,p.1151,p.1272,p.1273,p.1274,p.1275,p.1276,p.1277,p.1278,p.1279,p.1280,,,p.108,,,,,,p.1152,p.1153,,,,,p.1281,,p.1282,,,p.6,p.7,p.8,p.9,p.10,p.11,p.12,p.13,p.14,p.15,p.16,p.17,p.18,p.19,p.20,p.21,p.22,p.23,p.24,p.1154,p.112,p.113,,,,p.998,p.999,,p.1283,,p.1284,p.1795,p.1000,p.1156,p.1286,p.1157,p.1158,,p.1287,,p.1288,,,,p.30,p.1159,,,p.1006,p.1007,p.1289,p.1290,,p.1160,,p.1291,,p.1010,,,,,p.1163,p.1292,p.1293,p.1294,p.1012,p.1013,p.1014,,,,,p.1164,p.1165,p.1017,p.1295,p.1018,,p.1296,p.35,p.1166,,,,,p.36,p.37,,p.38,,p.39,p.40,p.1167,p.1168
1269,,,,,,,,,,,,,,,,r.-12.2.0,,,,,,,r.-12.2.0,,,r.-12.2.0,,,,,,r.-12.2.0,,,,,,,,,,,,,,r.-12.2.0,,,,,,,,,,,,,,,,,r.-12.2.0,r.-12.2.0,r.-12.2.0,r.-12.2.0,r.-12.2.0,r.-12.2.0,r.-12.2.0,r.-12.2.0,r.-12.2.0,r.-12.2.0,r.-12.2.0,r.-12.2.0,r.-12.2.0,r.-12.2.0,r.-12.2.0,r.-12.2.0,r.-12.2.0,r.-12.2.0,r.-12.2.0,,,,r.-12.2.0,,,,,,,,,,,,,,,,,,,,,,,,,,,,,,,,,,,,,,,,,,,,,,,,,,,,,,,,,,,,,,,,,,,,,,,,
1270,r.-29.1.0,r.-29.1.0,r.-29.1.0,,,,,,,,,,,,,r.-29.1.0,,r.-29.1.0,r.-29.1.0,r.-29.1.0,,,r.-29.1.0,,,r.-29.1.0,r.-29.1.0,,,,r.-29.1.0,r.-29.1.0,,r.-29.1.0,r.-29.1.0,r.-29.1.0,r.-29.1.0,r.-29.1.0,r.-29.1.0,r.-29.1.0,r.-29.1.0,r.-29.1.0,r.-29.1.0,,,r.-29.1.0,,,,,,r.-29.1.0,r.-29.1.0,,,,,r.-29.1.0,,r.-29.1.0,,,r.-29.1.0,r.-29.1.0,r.-29.1.0,r.-29.1.0,r.-29.1.0,r.-29.1.0,r.-29.1.0,r.-29.1.0,r.-29.1.0,r.-29.1.0,r.-29.1.0,r.-29.1.0,r.-29.1.0,r.-29.1.0,r.-29.1.0,r.-29.1.0,r.-29.1.0,r.-29.1.0,r.-29.1.0,r.-29.1.0,r.-29.1.0,r.-29.1.0,,,,,,,,,,,,,,,,,,,,,,,,,,,,,,,,,,,,,,,,,,,,,,,,,,,,,,,,,,,,,,,,,,,,,,,,,
1271,r.-33.1.0,r.-33.1.0,r.-33.1.0,r.-33.1.0,r.-33.1.0,r.-33.1.0,r.-33.1.0,r.-33.1.0,r.-33.1.0,r.-33.1.0,r.-33.1.0,r.-33.1.0,r.-33.1.0,r.-33.1.0,r.-33.1.0,r.-33.1.0/r.-70.1.0,,,,,r.-33.1.0,r.-33.1.0,r.-70.1.0/r.-33.1.0,r.-33.1.0,,r.-70.1.0,,r.-33.1.0,r.-33.1.0,r.-33.1.0,,r.-70.1.0,r.-33.1.0,,,,,,,,,,,r.-33.1.0,r.-33.1.0,r.-70.1.0/r.-33.1.0,r.-33.1.0,r.-33.1.0,,r.-33.1.0,r.-33.1.0,r.-33.1.0,r.-33.1.0,r.-33.1.0,r.-33.1.0,r.-33.1.0,r.-33.1.0,,,,r.-33.1.0,r.-33.1.0,r.-70.1.0,r.-70.1.0,r.-70.1.0,r.-70.1.0,r.-70.1.0,r.-70.1.0,r.-70.1.0,r.-70.1.0,r.-70.1.0,r.-70.1.0,r.-70.1.0,r.-70.1.0,r.-70.1.0,r.-70.1.0,r.-70.1.0,r.-70.1.0,r.-70.1.0,r.-70.1.0,r.-70.1.0,,,,,,,,,,,,,,,,,,,,,,,,,,,,,,,,,,,,,,,,,,,,,,,,,,,,,,,,,,,,,,,,,,,,,,,,,,,,
1272,,,,,,,,,,,,,,,,p.1790,,,,,,,,,,,,,,,,,,,,,,,,,,,,,,,,,,,,,,,,,,,,,,,,,,,,,,,,,,,,,,,,,,,,,,,,,,,,,,,,,,,,,,,,,,,,,,,,,,,,,,,,,,,,,,,,,,,,,,,,,,,,,,,,,,,,,,,,,,,,,
1273,p.98,p.99,p.100,,,,,,,,,,,,,p.1145,,p.1146,p.1513,,,,p.1514,,,,p.1148,,,,p.1149,p.1298,,p.1151,p.1515,p.1516,p.1517,p.1518,p.1519,p.1520,p.1521,p.1522,p.1523,,,p.108,,,,,,p.1152,p.1153,,,,,p.1524,,p.1525,,,,,,,,,,,,,,,,,,,,,,p.1154,p.112,p.113,,,,p.998,p.999,,p.1283,,,,p.1000,p.1156,p.1526,p.1157,p.1158,,,,,,,,,p.1159,,,p.1006,p.1007,p.1527,p.1528,,p.1160,,p.1529,,p.1010,,,,,p.1163,p.1530,p.1531,p.1532,p.1012,p.1013,p.1014,,,,,p.1164,p.1165,p.1017,p.1533,p.1018,,p.1785,,p.1166,,,,,,,,,,,,p.1167,p.1168
1274,,,,,,,,,,,,,,,,p.1741,,,,,,,,,,,,,,,,,,,,,,,,,,,,,,,,,,,,,,,,,,,,,,,,,,,,,,,,,,,,,,,,,,,,,,,,,,,,,,,,,,,,,,,,,,,,,,,,,,,,,,,,,,,,,,,,,,,,,,,,,,,,,,,,,,,,,,,,,,,,,
1275,,,,,,,,,,,,,,,,,,,,,,,,,,,,,,,,p.1461,,,,,,,,,,,,,,,,,,,,,,,,,,,,,,,,,,,,,,,,,,,,,,,,,,,,,,,,,,,,,,,,,,,,,,,,,,,,,,,,,,,,,,p.1739,,,,,,,,,,,,,,,,,,,,,,,,,,,,,,,,,,,,,,,
1276,,,,,,,,,,,,,,,,,,,,,,,p.1738,,,,,,,,,,,,,,,,,,,,,,,,,,,,,,,,,,,,,,,,,,,,,,,,,,,,,,,,,,,,,,,,,,,,,,,,,,,,,,,,,,,,,,,,,,,,,,,,,,,,,,,,,,,,,,,,,,,,,,,,,,,,,,,,,,,,,,
1277,,,,,,,,,,,,,,,,,,,,,,,p.1737,,,,,,,,,,,,,,,,,,,,,,,,,,,,,,,,,,,,,,,,,,,,,,,,,,,,,,,,,,,,,,,,,,,,,,,,,,,,,,,,,,,,,,,,,,,,,,,,,,,,,,,,,,,,,,,,,,,,,,,,,,,,,,,,,,,,,,
1278,p.98,p.99,p.100,,,,,,,,,,,,,p.1145,,p.1146,,,,,p.1734,,,,p.1148,,,,p.1149,p.1150,,p.1151,,,,,,,,,,,,p.108,,,,,,p.1152,p.1153,,,,,,,,,,,,,,,,,,,,,,,,,,,,,p.1154,p.112,p.113,,,,p.998,p.999,,p.1283,,,,p.1000,p.1156,,p.1157,p.1158,,,,,,,,,p.1159,,,p.1006,p.1007,p.1735,,,p.1160,,p.1161,,p.1010,,,,,p.1163,,,,p.1012,p.1013,p.1014,,,,,p.1164,p.1165,p.1017,,p.1018,,,,p.1166,,,,,,,,,,,,p.1167,p.1168
1279,p.98,p.99,p.100,,,,,,,,,,,,,p.1354,,p.1355,,,,,,,,,p.1356,,,,p.1357,p.1358,,p.1359,,,,,,,,,,,,p.108,,,,,,p.1360,p.1361,,,,,,,,,,,,,,,,,,,,,,,,,,,,,p.1362,p.112,p.113,,,,p.1363,p.1364,,,,,,p.1365,p.1366,,p.1367,p.1368,p.1731,,,,,,,,p.1370,,,p.1371,p.1372,,,,p.1373,,p.1374,,p.1375,,,,,p.1376,,,,p.1377,p.1378,p.1379,,,,,p.1380,p.1381,p.1382,,p.1383,,,,p.1384,,,,,,,,,,,,p.1385,p.1386
1280,,,,,,,,,,,,,,,,,,,,,,p.1729,,,,,,,,,,,,,,,,,,,,,,,,,,,,,,,,,,,,,,,,,,,,,,,,,,,,,,,,,,,,,,,,,,,,,,,,,,,,,,,,,,,,,,,,,,,,,,,,,,,,,,,,,,,,,,,,,,,,,,,,,,,,,,,,,,,,,,,
1281,,,,,,,,,,,,,,,,p.1312,,,,,,,,,,,,,,,,,,,,,,,,,,,,,,,,,,,,,,,,,,,,,,,,,,,,,,,,,,,,,,,,,,,,,,,,,,,,,,,,,,,,,,,,,,,,,,,,,,,,,,,,,,,,,,,,,,,,,,,,,,,,,,,,,,,,,,,,,,,,,
1282,,,,,,,,,,,,,,,,p.1308,,,,,,,,,,,,,,,,,,,,,,,,,,,,,,,,,,,,,,,,,,,,,,,,,,,,,,,,,,,,,,,,,,,,,,,,,,,,,,,,,,,,,,,,,,,,,,,,,,,,,,,,,,,,,,,,,,,,,,,,,,,,,,,,,,,,,,,,,,,,,
1283,,,,r.-28.1.0,,,,,,,,,,,,,,,,,,,r.-28.1.0,,,,,,,,,,,,,,,,,,,,,,,,,,,,,,,,,,,,,,,,,,,,,,,,,,,,,,,,,,,,,,,,,,,,,,,,,,,,,,,,,,,,,,,,,,,,,,,,,,,,,,,,,,,,,,,,,,,,,,,,,,,,,,,,,,,,,,
1284,r.-9.1.0,r.-9.1.0,r.-9.1.0,,,,,,,,,,,,,r.-9.1.0,,r.-9.1.0,r.-9.1.0,r.-9.1.0,,,r.-9.1.0,,,r.-9.1.0,r.-9.1.0,,,,r.-9.1.0,r.-9.1.0,,r.-9.1.0,r.-9.1.0,r.-9.1.0,r.-9.1.0,r.-9.1.0,r.-9.1.0,r.-9.1.0,r.-9.1.0,r.-9.1.0,r.-9.1.0,,,r.-9.1.0,,,,,,r.-9.1.0,r.-9.1.0,,,,,r.-9.1.0,,r.-9.1.0,,,r.-9.1.0,r.-9.1.0,r.-9.1.0,r.-9.1.0,r.-9.1.0,r.-9.1.0,r.-9.1.0,r.-9.1.0,r.-9.1.0,r.-9.1.0,r.-9.1.0,r.-9.1.0,r.-9.1.0,r.-9.1.0,r.-9.1.0,r.-9.1.0,r.-9.1.0,r.-9.1.0,r.-9.1.0,r.-9.1.0,r.-9.1.0,r.-9.1.0,,,,,,,,,,,,,,,,,,,,,,,,,,,,,,,,,,,,,,,,,,,,,,,,,,,,,,,,,,,,,,,,,,,,,,,,,
1285,p.98,p.99,p.100,,,,,,,,,,,,,p.1145,,p.1146,p.1268,p.1306,,,p.1270,,,p.3,p.1148,,,,p.1149,p.1271,,p.1151,p.1272,p.1273,p.1274,p.1275,p.1276,p.1277,p.1278,p.1279,p.1280,,,p.108,,,,,,p.1152,p.1153,,,,,p.1281,,p.1282,,,p.6,p.7,p.8,p.9,p.10,p.11,p.12,p.13,p.14,p.15,p.16,p.17,p.18,p.19,p.20,p.21,p.22,p.23,p.24,p.1154,p.112,p.113,,,,p.998,p.999,,p.1283,,p.1307,,p.1000,p.1156,p.1286,p.1157,p.1158,,p.1287,,p.1288,,,,p.30,p.1159,,,p.1006,p.1007,p.1289,p.1290,,p.1160,,p.1291,,p.1010,,,,,p.1163,p.1292,p.1293,p.1294,p.1012,p.1013,p.1014,,,,,p.1164,p.1165,p.1017,p.1295,p.1018,,p.1296,p.35,p.1166,,,,,p.36,p.37,,p.38,,p.39,p.40,p.1167,p.1168
1286,r.-57.1.0,r.-57.1.0,r.-57.1.0,,,,,,,,,,,,,r.-57.1.0,,r.-57.1.0,r.-57.1.0,r.-57.1.0,,,r.-57.1.0,,,r.-57.1.0,r.-57.1.0,,,,r.-57.1.0,r.-57.1.0,,r.-57.1.0,r.-57.1.0,r.-57.1.0,r.-57.1.0,r.-57.1.0,r.-57.1.0,r.-57.1.0,r.-57.1.0,r.-57.1.0,r.-57.1.0,,,r.-57.1.0,,,,,,r.-57.1.0,r.-57.1.0,,,,,r.-57.1.0,,r.-57.1.0,,,r.-57.1.0,r.-57.1.0,r.-57.1.0,r.-57.1.0,r.-57.1.0,r.-57.1.0,r.-57.1.0,r.-57.1.0,r.-57.1.0,r.-57.1.0,r.-57.1.0,r.-57.1.0,r.-57.1.0,r.-57.1.0,r.-57.1.0,r.-57.1.0,r.-57.1.0,r.-57.1.0,r.-57.1.0,r.-57.1.0,r.-57.1.0,r.-57.1.0,,,,,,,,,,,,,,,,,,,,,,,,,,,,,,,,,,,,,,,,,,,,,,,,,,,,,,,,,,,,,,,,,,,,,,,,,
1287,r.-8.1.0,r.-8.1.0,r.-8.1.0,,,,,,,,,,,,,r.-8.1.0,,r.-8.1.0,r.-8.1.0,r.-8.1.0,,,r.-8.1.0,,,r.-8.1.0,r.-8.1.0,,,,r.-8.1.0,r.-8.1.0,,r.-8.1.0,r.-8.1.0,r.-8.1.0,r.-8.1.0,r.-8.1.0,r.-8.1.0,r.-8.1.0,r.-8.1.0,r.-8.1.0,r.-8.1.0,,,r.-8.1.0,,,,,,r.-8.1.0,r.-8.1.0,,,,,r.-8.1.0,,r.-8.1.0,,,r.-8.1.0,r.-8.1.0,r.-8.1.0,r.-8.1.0,r.-8.1.0,r.-8.1.0,r.-8.1.0,r.-8.1.0,r.-8.1.0,r.-8.1.0,r.-8.1.0,r.-8.1.0,r.-8.1.0,r.-8.1.0,r.-8.1.0,r.-8.1.0,r.-8.1.0,r.-8.1.0,r.-8.1.0,r.-8.1.0,r.-8.1.0,r.-8.1.0,,,,,,,,,,,,,,,,,,,,,,,,,,,,,,,,,,,,,,,,,,,,,,,,,,,,,,,,,,,,,,,,,,,,,,,,,
1288,,,,,,,,,,,,,,,,p.1121,,,,,,,p.1303,,,,,,,,,p.1123,,,,,,,,,,,,,,p.5,,,,,,,,,,,,,,,,,,,,,,,,,,,,,,,,,,,,,,,,,,,,,,,,,,,,,,,,,,p.1124,,p.1125,,,,,,,,,,,,p.1126,,,p.1127,p.1304,,,,,,,,,,,,,p.1129,,,,,,,,,,,,,,,,,,,,,,
1289,,,,p.1300,,,,,,,,,,,,,,,,,,,p.1301,,,,,,,,,,,,,,,,,,,,,,,,,,,,,,,,,,,,,,,,,,,,,,,,,,,,,,,,,,,,,,,,,,,,,,,,,,,,,,,,,,,,,,,,,,,,,,,,,,,,,,,,,,,,,,,,,,,,,,,,,,,,,,,,,,,,,,
1290,r.-57.1.0,r.-57.1.0,r.-57.1.0,,,,,,,,,,,,,r.-57.1.0,,r.-57.1.0,r.-57.1.0,r.-57.1.0,,,r.-57.1.0,,,r.-57.1.0,r.-57.1.0,,,,r.-57.1.0,r.-57.1.0,,r.-57.1.0,r.-57.1.0,r.-57.1.0,r.-57.1.0,r.-57.1.0,r.-57.1.0,r.-57.1.0,r.-57.1.0,r.-57.1.0,r.-57.1.0,,,r.-57.1.0,,,,,,r.-57.1.0,r.-57.1.0,,,,,r.-57.1.0,,r.-57.1.0,,,r.-57.1.0,r.-57.1.0,r.-57.1.0,r.-57.1.0,r.-57.1.0,r.-57.1.0,r.-57.1.0,r.-57.1.0,r.-57.1.0,r.-57.1.0,r.-57.1.0,r.-57.1.0,r.-57.1.0,r.-57.1.0,r.-57.1.0,r.-57.1.0,r.-57.1.0,r.-57.1.0,r.-57.1.0,r.-57.1.0,r.-57.1.0,r.-57.1.0,,,,,,,,,,,,,,,,,,,,,,,,,,,,,,,,,,,,,,,,,,,,,,,,,,,,,,,,,,,,,,,,,,,,,,,,,
1291,r.-52.1.0,r.-52.1.0,r.-52.1.0,r.-52.1.0,r.-52.1.0,r.-52.1.0,r.-52.1.0,r.-52.1.0,r.-52.1.0,r.-52.1.0,r.-52.1.0,r.-52.1.0,r.-52.1.0,r.-52.1.0,r.-52.1.0,r.-52.1.0,,,,,r.-52.1.0,p.1297,r.-52.1.0,r.-52.1.0,,,,r.-52.1.0,r.-52.1.0,r.-52.1.0,,,r.-52.1.0,,,,,,,,,,,r.-52.1.0,r.-52.1.0,r.-52.1.0,r.-52.1.0,r.-52.1.0,,r.-52.1.0,r.-52.1.0,r.-52.1.0,r.-52.1.0,r.-52.1.0,r.-52.1.0,r.-52.1.0,r.-52.1.0,,,,r.-52.1.0,r.-52.1.0,,,,,,,,,,,,,,,,,,,,,,,,,,,,,,,,,,,,,,,,,,,,,,,,,,,,,,,,,,,,,,,,,,,,,,,,,,,,,,,,,,,,,,,,,,,,,,,
1292,r.-57.1.0,r.-57.1.0,r.-57.1.0,,,,,,,,,,,,,r.-57.1.0,,r.-57.1.0,r.-57.1.0,r.-57.1.0,,,r.-57.1.0,,,r.-57.1.0,r.-57.1.0,,,,r.-57.1.0,r.-57.1.0,,r.-57.1.0,r.-57.1.0,r.-57.1.0,r.-57.1.0,r.-57.1.0,r.-57.1.0,r.-57.1.0,r.-57.1.0,r.-57.1.0,r.-57.1.0,,,r.-57.1.0,,,,,,r.-57.1.0,r.-57.1.0,,,,,r.-57.1.0,,r.-57.1.0,,,r.-57.1.0,r.-57.1.0,r.-57.1.0,r.-57.1.0,r.-57.1.0,r.-57.1.0,r.-57.1.0,r.-57.1.0,r.-57.1.0,r.-57.1.0,r.-57.1.0,r.-57.1.0,r.-57.1.0,r.-57.1.0,r.-57.1.0,r.-57.1.0,r.-57.1.0,r.-57.1.0,r.-57.1.0,r.-57.1.0,r.-57.1.0,r.-57.1.0,,,,,,,,,,,,,,,,,,,,,,,,,,,,,,,,,,,,,,,,,,,,,,,,,,,,,,,,,,,,,,,,,,,,,,,,,
1293,r.-57.1.0,r.-57.1.0,r.-57.1.0,,,,,,,,,,,,,r.-57.1.0,,r.-57.1.0,r.-57.1.0,r.-57.1.0,,,r.-57.1.0,,,r.-57.1.0,r.-57.1.0,,,,r.-57.1.0,r.-57.1.0,,r.-57.1.0,r.-57.1.0,r.-57.1.0,r.-57.1.0,r.-57.1.0,r.-57.1.0,r.-57.1.0,r.-57.1.0,r.-57.1.0,r.-57.1.0,,,r.-57.1.0,,,,,,r.-57.1.0,r.-57.1.0,,,,,r.-57.1.0,,r.-57.1.0,,,r.-57.1.0,r.-57.1.0,r.-57.1.0,r.-57.1.0,r.-57.1.0,r.-57.1.0,r.-57.1.0,r.-57.1.0,r.-57.1.0,r.-57.1.0,r.-57.1.0,r.-57.1.0,r.-57.1.0,r.-57.1.0,r.-57.1.0,r.-57.1.0,r.-57.1.0,r.-57.1.0,r.-57.1.0,r.-57.1.0,r.-57.1.0,r.-57.1.0,,,,,,,,,,,,,,,,,,,,,,,,,,,,,,,,,,,,,,,,,,,,,,,,,,,,,,,,,,,,,,,,,,,,,,,,,
1294,r.-57.1.0,r.-57.1.0,r.-57.1.0,,,,,,,,,,,,,r.-57.1.0,,r.-57.1.0,r.-57.1.0,r.-57.1.0,,,r.-57.1.0,,,r.-57.1.0,r.-57.1.0,,,,r.-57.1.0,r.-57.1.0,,r.-57.1.0,r.-57.1.0,r.-57.1.0,r.-57.1.0,r.-57.1.0,r.-57.1.0,r.-57.1.0,r.-57.1.0,r.-57.1.0,r.-57.1.0,,,r.-57.1.0,,,,,,r.-57.1.0,r.-57.1.0,,,,,r.-57.1.0,,r.-57.1.0,,,r.-57.1.0,r.-57.1.0,r.-57.1.0,r.-57.1.0,r.-57.1.0,r.-57.1.0,r.-57.1.0,r.-57.1.0,r.-57.1.0,r.-57.1.0,r.-57.1.0,r.-57.1.0,r.-57.1.0,r.-57.1.0,r.-57.1.0,r.-57.1.0,r.-57.1.0,r.-57.1.0,r.-57.1.0,r.-57.1.0,r.-57.1.0,r.-57.1.0,,,,,,,,,,,,,,,,,,,,,,,,,,,,,,,,,,,,,,,,,,,,,,,,,,,,,,,,,,,,,,,,,,,,,,,,,
1295,r.-57.1.0,r.-57.1.0,r.-57.1.0,,,,,,,,,,,,,r.-57.1.0,,r.-57.1.0,r.-57.1.0,r.-57.1.0,,,r.-57.1.0,,,r.-57.1.0,r.-57.1.0,,,,r.-57.1.0,r.-57.1.0,,r.-57.1.0,r.-57.1.0,r.-57.1.0,r.-57.1.0,r.-57.1.0,r.-57.1.0,r.-57.1.0,r.-57.1.0,r.-57.1.0,r.-57.1.0,,,r.-57.1.0,,,,,,r.-57.1.0,r.-57.1.0,,,,,r.-57.1.0,,r.-57.1.0,,,r.-57.1.0,r.-57.1.0,r.-57.1.0,r.-57.1.0,r.-57.1.0,r.-57.1.0,r.-57.1.0,r.-57.1.0,r.-57.1.0,r.-57.1.0,r.-57.1.0,r.-57.1.0,r.-57.1.0,r.-57.1.0,r.-57.1.0,r.-57.1.0,r.-57.1.0,r.-57.1.0,r.-57.1.0,r.-57.1.0,r.-57.1.0,r.-57.1.0,,,,,,,,,,,,,,,,,,,,,,,,,,,,,,,,,,,,,,,,,,,,,,,,,,,,,,,,,,,,,,,,,,,,,,,,,
1296,r.-8.1.0,r.-8.1.0,r.-8.1.0,,,,,,,,,,,,,r.-8.1.0,,r.-8.1.0,r.-8.1.0,r.-8.1.0,,,r.-8.1.0,,,r.-8.1.0,r.-8.1.0,,,,r.-8.1.0,r.-8.1.0,,r.-8.1.0,r.-8.1.0,r.-8.1.0,r.-8.1.0,r.-8.1.0,r.-8.1.0,r.-8.1.0,r.-8.1.0,r.-8.1.0,r.-8.1.0,,,r.-8.1.0,,,,,,r.-8.1.0,r.-8.1.0,,,,,r.-8.1.0,,r.-8.1.0,,,r.-8.1.0,r.-8.1.0,r.-8.1.0,r.-8.1.0,r.-8.1.0,r.-8.1.0,r.-8.1.0,r.-8.1.0,r.-8.1.0,r.-8.1.0,r.-8.1.0,r.-8.1.0,r.-8.1.0,r.-8.1.0,r.-8.1.0,r.-8.1.0,r.-8.1.0,r.-8.1.0,r.-8.1.0,r.-8.1.0,r.-8.1.0,r.-8.1.0,,,,,,,,,,,,,,,,,,,,,,,,,,,,,,,,,,,,,,,,,,,,,,,,,,,,,,,,,,,,,,,,,,,,,,,,,
1297,p.98,p.99,p.100,,,,,,,,,,,,,p.1145,,p.1146,p.1268,,,,p.1270,,,,p.1148,,,,p.1149,p.1298,,p.1151,p.1272,p.1273,p.1274,p.1275,p.1276,p.1277,p.1278,p.1279,p.1280,,,p.108,,,,,,p.1152,p.1153,,,,,p.1281,,p.1282,,,,,,,,,,,,,,,,,,,,,,p.1154,p.112,p.113,,,,p.998,p.999,,p.1283,,,,p.1000,p.1156,p.1286,p.1157,p.1158,,,,,,,,,p.1159,,,p.1006,p.1007,p.1289,p.1290,,p.1160,,p.1291,,p.1010,,,,,p.1163,p.1292,p.1293,p.1294,p.1012,p.1013,p.1014,,,,,p.1164,p.1165,p.1017,p.1295,p.1018,,p.1299,,p.1166,,,,,,,,,,,,p.1167,p.1168
1298,r.-33.1.0,r.-33.1.0,r.-33.1.0,r.-33.1.0,r.-33.1.0,r.-33.1.0,r.-33.1.0,r.-33.1.0,r.-33.1.0,r.-33.1.0,r.-33.1.0,r.-33.1.0,r.-33.1.0,r.-33.1.0,r.-33.1.0,r.-33.1.0,,,,,r.-33.1.0,r.-33.1.0,r.-33.1.0,r.-33.1.0,,,,r.-33.1.0,r.-33.1.0,r.-33.1.0,,,r.-33.1.0,,,,,,,,,,,r.-33.1.0,r.-33.1.0,r.-33.1.0,r.-33.1.0,r.-33.1.0,,r.-33.1.0,r.-33.1.0,r.-33.1.0,r.-33.1.0,r.-33.1.0,r.-33.1.0,r.-33.1.0,r.-33.1.0,,,,r.-33.1.0,r.-33.1.0,,,,,,,,,,,,,,,,,,,,,,,,,,,,,,,,,,,,,,,,,,,,,,,,,,,,,,,,,,,,,,,,,,,,,,,,,,,,,,,,,,,,,,,,,,,,,,,
1299,r.-43.3.0,r.-43.3.0,r.-43.3.0,,,,,,,,,,,,,r.-43.3.0,,r.-43.3.0,r.-43.3.0,r.-43.3.0,,,r.-43.3.0,,,r.-43.3.0,r.-43.3.0,,,,r.-43.3.0,r.-43.3.0,,r.-43.3.0,r.-43.3.0,r.-43.3.0,r.-43.3.0,r.-43.3.0,r.-43.3.0,r.-43.3.0,r.-43.3.0,r.-43.3.0,r.-43.3.0,,,r.-43.3.0,,,,,,r.-43.3.0,r.-43.3.0,,,,,r.-43.3.0,,r.-43.3.0,,,r.-43.3.0,r.-43.3.0,r.-43.3.0,r.-43.3.0,r.-43.3.0,r.-43.3.0,r.-43.3.0,r.-43.3.0,r.-43.3.0,r.-43.3.0,r.-43.3.0,r.-43.3.0,r.-43.3.0,r.-43.3.0,r.-43.3.0,r.-43.3.0,r.-43.3.0,r.-43.3.0,r.-43.3.0,r.-43.3.0,r.-43.3.0,r.-43.3.0,,,,,,,,,,,,,,,,,,,,,,,,,,,,,,,,,,,,,,,,,,,,,,,,,,,,,,,,,,,,,,,,,,,,,,,,,
1300,p.98,p.99,p.100,,,,,,,,,,,,,p.1145,,p.1146,,,,,,,,,p.1148,,,,p.1149,p.1150,,p.1151,,,,,,,,,,,,p.108,,,,,,p.1152,p.1153,,,,,,,,,,,,,,,,,,,,,,,,,,,,,p.1154,p.112,p.113,,,,p.998,p.999,,p.1302,,,,p.1000,p.1156,,p.1157,p.1158,,,,,,,,,p.1159,,,p.1006,p.1007,,,,p.1160,,p.1161,,p.1010,,,,,p.1163,,,,p.1012,p.1013,p.1014,,,,,p.1164,p.1165,p.1017,,p.1018,,,,p.1166,,,,,,,,,,,,p.1167,p.1168
1301,r.-29.2.0,r.-29.2.0,r.-29.2.0,,,,,,,,,,,,,r.-29.2.0,,r.-29.2.0,r.-29.2.0,r.-29.2.0,,,r.-29.2.0,,,r.-29.2.0,r.-29.2.0,,,,r.-29.2.0,r.-29.2.0,,r.-29.2.0,r.-29.2.0,r.-29.2.0,r.-29.2.0,r.-29.2.0,r.-29.2.0,r.-29.2.0,r.-29.2.0,r.-29.2.0,r.-29.2.0,,,r.-29.2.0,,,,,,r.-29.2.0,r.-29.2.0,,,,,r.-29.2.0,,r.-29.2.0,,,r.-29.2.0,r.-29.2.0,r.-29.2.0,r.-29.2.0,r.-29.2.0,r.-29.2.0,r.-29.2.0,r.-29.2.0,r.-29.2.0,r.-29.2.0,r.-29.2.0,r.-29.2.0,r.-29.2.0,r.-29.2.0,r.-29.2.0,r.-29.2.0,r.-29.2.0,r.-29.2.0,r.-29.2.0,r.-29.2.0,r.-29.2.0,r.-29.2.0,,,,,,,,,,,,,,,,,,,,,,,,,,,,,,,,,,,,,,,,,,,,,,,,,,,,,,,,,,,,,,,,,,,,,,,,,
1302,,,,r.-28.3.0,,,,,,,,,,,,,,,,,,,r.-28.3.0,,,,,,,,,,,,,,,,,,,,,,,,,,,,,,,,,,,,,,,,,,,,,,,,,,,,,,,,,,,,,,,,,,,,,,,,,,,,,,,,,,,,,,,,,,,,,,,,,,,,,,,,,,,,,,,,,,,,,,,,,,,,,,,,,,,,,,
1303,r.-16.2.0,r.-16.2.0,r.-16.2.0,,,,,,,,,,,,,r.-16.2.0,,r.-16.2.0,r.-16.2.0,r.-16.2.0,,,r.-16.2.0,,,r.-16.2.0,r.-16.2.0,,,,r.-16.2.0,r.-16.2.0,,r.-16.2.0,r.-16.2.0,r.-16.2.0,r.-16.2.0,r.-16.2.0,r.-16.2.0,r.-16.2.0,r.-16.2.0,r.-16.2.0,r.-16.2.0,,,r.-16.2.0,,,,,,r.-16.2.0,r.-16.2.0,,,,,r.-16.2.0,,r.-16.2.0,,,r.-16.2.0,r.-16.2.0,r.-16.2.0,r.-16.2.0,r.-16.2.0,r.-16.2.0,r.-16.2.0,r.-16.2.0,r.-16.2.0,r.-16.2.0,r.-16.2.0,r.-16.2.0,r.-16.2.0,r.-16.2.0,r.-16.2.0,r.-16.2.0,r.-16.2.0,r.-16.2.0,r.-16.2.0,r.-16.2.0,r.-16.2.0,r.-16.2.0,,,,,,,,,,,,,,,,,,,,,,,,,,,,,,,,,,,,,,,,,,,,,,,,,,,,,,,,,,,,,,,,,,,,,,,,,
1304,,,,p.1141,,,,,,,,,,,,,,,,,,,p.1305,,,,,,,,,,,,,,,,,,,,,,,,,,,,,,,,,,,,,,,,,,,,,,,,,,,,,,,,,,,,,,,,,,,,,,,,,,,,,,,,,,,,,,,,,,,,,,,,,,,,,,,,,,,,,,,,,,,,,,,,,,,,,,,,,,,,,,
1305,r.-16.3.0,r.-16.3.0,r.-16.3.0,,,,,,,,,,,,,r.-16.3.0,,r.-16.3.0,r.-16.3.0,r.-16.3.0,,,r.-16.3.0,,,r.-16.3.0,r.-16.3.0,,,,r.-16.3.0,r.-16.3.0,,r.-16.3.0,r.-16.3.0,r.-16.3.0,r.-16.3.0,r.-16.3.0,r.-16.3.0,r.-16.3.0,r.-16.3.0,r.-16.3.0,r.-16.3.0,,,r.-16.3.0,,,,,,r.-16.3.0,r.-16.3.0,,,,,r.-16.3.0,,r.-16.3.0,,,r.-16.3.0,r.-16.3.0,r.-16.3.0,r.-16.3.0,r.-16.3.0,r.-16.3.0,r.-16.3.0,r.-16.3.0,r.-16.3.0,r.-16.3.0,r.-16.3.0,r.-16.3.0,r.-16.3.0,r.-16.3.0,r.-16.3.0,r.-16.3.0,r.-16.3.0,r.-16.3.0,r.-16.3.0,r.-16.3.0,r.-16.3.0,r.-16.3.0,,,,,,,,,,,,,,,,,,,,,,,,,,,,,,,,,,,,,,,,,,,,,,,,,,,,,,,,,,,,,,,,,,,,,,,,,
1306,,,,,,,,,,,,,,,,r.-12.3.0,,,,,,,r.-12.3.0,,,r.-12.3.0,,,,,,r.-12.3.0,,,,,,,,,,,,,,r.-12.3.0,,,,,,,,,,,,,,,,,r.-12.3.0,r.-12.3.0,r.-12.3.0,r.-12.3.0,r.-12.3.0,r.-12.3.0,r.-12.3.0,r.-12.3.0,r.-12.3.0,r.-12.3.0,r.-12.3.0,r.-12.3.0,r.-12.3.0,r.-12.3.0,r.-12.3.0,r.-12.3.0,r.-12.3.0,r.-12.3.0,r.-12.3.0,,,,r.-12.3.0,,,,,,,,,,,,,,,,,,,,,,,,,,,,,,,,,,,,,,,,,,,,,,,,,,,,,,,,,,,,,,,,,,,,,,,,
1307,r.-9.2.0,r.-9.2.0,r.-9.2.0,,,,,,,,,,,,,r.-9.2.0,,r.-9.2.0,r.-9.2.0,r.-9.2.0,,,r.-9.2.0,,,r.-9.2.0,r.-9.2.0,,,,r.-9.2.0,r.-9.2.0,,r.-9.2.0,r.-9.2.0,r.-9.2.0,r.-9.2.0,r.-9.2.0,r.-9.2.0,r.-9.2.0,r.-9.2.0,r.-9.2.0,r.-9.2.0,,,r.-9.2.0,,,,,,r.-9.2.0,r.-9.2.0,,,,,r.-9.2.0,,r.-9.2.0,,,r.-9.2.0,r.-9.2.0,r.-9.2.0,r.-9.2.0,r.-9.2.0,r.-9.2.0,r.-9.2.0,r.-9.2.0,r.-9.2.0,r.-9.2.0,r.-9.2.0,r.-9.2.0,r.-9.2.0,r.-9.2.0,r.-9.2.0,r.-9.2.0,r.-9.2.0,r.-9.2.0,r.-9.2.0,r.-9.2.0,r.-9.2.0,r.-9.2.0,,,,,,,,,,,,,,,,,,,,,,,,,,,,,,,,,,,,,,,,,,,,,,,,,,,,,,,,,,,,,,,,,,,,,,,,,
1308,p.98,p.99,p.100,,,,,,,,,,,,,p.207,,p.208,,,,,,,,,p.210,,,,p.211,p.263,,p.213,,,,,,,,,,,,p.108,,,,,,p.214,p.215,,,,,,,,,,,,,,,,,,,,,,,,,,,,,p.228,p.112,p.113,,,,p.229,p.230,,p.231,,,,p.232,p.233,,p.234,p.235,,,,,,,,,p.237,,,p.238,p.239,p.1309,,,p.241,,p.242,,p.243,,,,,p.244,,,,p.245,p.246,p.247,,,,,p.248,p.249,p.250,,p.251,,,,p.253,,,,,,,,,,,,p.260,p.261
1309,,,,p.270,,,,,,,,,,,,,p.1310,,,,,,,,,,,,,,,,,,,,,,,,,,,,,,,,,,,,,,,,,,,,,,,,,,,,,,,,,,,,,,,,,,,,,,,,,,,,,,,,,,,,,,,,,,,,,,,,,,,,,,,,,,,,,,,,,,,,,,,,,,,,,,,,,,,,,,,,,,,,
1310,p.98,p.99,p.100,,,,,,,,,,,,,p.1145,,p.1146,p.1268,,,,p.1270,,,,p.1148,,,,p.1149,p.1298,,p.1151,p.1272,p.1273,p.1274,p.1275,p.1276,p.1277,p.1278,p.1279,p.1280,,,p.108,,,,,,p.1152,p.1153,,,,,p.1281,,p.1282,,,,,,,,,,,,,,,,,,,,,,p.1154,p.112,p.113,,,,p.998,p.999,,p.1283,,,,p.1000,p.1156,p.1286,p.1157,p.1158,,,,,,,,,p.1159,,,p.1006,p.1007,p.1289,p.1290,,p.1160,,p.1291,,p.1010,,,,,p.1163,p.1292,p.1293,p.1294,p.1012,p.1013,p.1014,,,,,p.1164,p.1165,p.1017,p.1295,p.1018,,p.1311,,p.1166,,,,,,,,,,,,p.1167,p.1168
1311,r.-54.5.0,r.-54.5.0,r.-54.5.0,,,,,,,,,,,,,r.-54.5.0,,r.-54.5.0,r.-54.5.0,r.-54.5.0,,,r.-54.5.0,,,r.-54.5.0,r.-54.5.0,,,,r.-54.5.0,r.-54.5.0,,r.-54.5.0,r.-54.5.0,r.-54.5.0,r.-54.5.0,r.-54.5.0,r.-54.5.0,r.-54.5.0,r.-54.5.0,r.-54.5.0,r.-54.5.0,,,r.-54.5.0,,,,,,r.-54.5.0,r.-54.5.0,,,,,r.-54.5.0,,r.-54.5.0,,,r.-54.5.0,r.-54.5.0,r.-54.5.0,r.-54.5.0,r.-54.5.0,r.-54.5.0,r.-54.5.0,r.-54.5.0,r.-54.5.0,r.-54.5.0,r.-54.5.0,r.-54.5.0,r.-54.5.0,r.-54.5.0,r.-54.5.0,r.-54.5.0,r.-54.5.0,r.-54.5.0,r.-54.5.0,r.-54.5.0,r.-54.5.0,r.-54.5.0,,,,,,,,,,,,,,,,,,,,,,,,,,,,,,,,,,,,,,,,,,,,,,,,,,,,,,,,,,,,,,,,,,,,,,,,,
1312,p.98,p.99,p.100,,,,,,,,,,,,,p.207,,p.208,,,,,,,,,p.210,,,,p.211,p.263,,p.213,,,,,,,,,,,,p.108,,,,,,p.214,p.215,,,,,,,,,,,,,,,,,,,,,,,,,,,,,p.228,p.112,p.113,,,,p.229,p.230,,p.231,,,,p.232,p.233,,p.234,p.235,,,,,,,,,p.237,,,p.238,p.239,p.1313,,,p.241,,p.242,,p.243,,,,,p.244,,,,p.245,p.246,p.247,,,,,p.248,p.249,p.250,,p.251,,,,p.253,,,,,,,,,,,,p.260,p.261
1313,,,,p.270,,,,,,,,,,,,,p.1314,,,,,,,,,,,,,,,,,,,,,,,,,,,,,,,,,,,,,,,,,,,,,,,,,,,,,,,,,,,,,,,,,,,,,,,,,,,,,,,,,,,,,,,,,,,,,,,,,,,,,,,,,,,,,,,,,,,,,,,,,,,,,,,,,,,,,,,,,,,,
1314,p.98,p.99,p.100,,,,,,,,,,,,,p.1145,,p.1146,p.1315,,,,p.1316,,,,p.1148,,,,p.1149,p.1298,,p.1151,p.1317,p.1318,p.1319,p.1320,p.1321,p.1322,p.1323,p.1324,p.1325,,,p.108,,,,,,p.1152,p.1153,,,,,p.1326,,p.1327,,,,,,,,,,,,,,,,,,,,,,p.1154,p.112,p.113,,,,p.998,p.999,,p.1283,,,,p.1000,p.1156,p.1328,p.1157,p.1158,,,,,,,,,p.1159,,,p.1006,p.1007,p.1329,p.1330,,p.1160,,p.1331,,p.1010,,,,,p.1163,p.1332,p.1333,p.1334,p.1012,p.1013,p.1014,,,,,p.1164,p.1165,p.1017,p.1335,p.1018,,p.1336,,p.1166,,,,,,,,,,,,p.1167,p.1168
1315,p.98,p.99,p.100,,,,,,,,,,,,,p.1145,,p.1146,p.1268,p.1726,,,p.1270,,,p.3,p.1148,,,,p.1149,p.1271,,p.1151,p.1272,p.1273,p.1274,p.1275,p.1276,p.1277,p.1278,p.1279,p.1280,,,p.108,,,,,,p.1152,p.1153,,,,,p.1281,,p.1282,,,p.6,p.7,p.8,p.9,p.10,p.11,p.12,p.13,p.14,p.15,p.16,p.17,p.18,p.19,p.20,p.21,p.22,p.23,p.24,p.1154,p.112,p.113,,,,p.998,p.999,,p.1283,,p.1284,p.1727,p.1000,p.1156,p.1286,p.1157,p.1158,,p.1287,,p.1288,,,,p.30,p.1159,,,p.1006,p.1007,p.1289,p.1290,,p.1160,,p.1291,,p.1010,,,,,p.1163,p.1292,p.1293,p.1294,p.1012,p.1013,p.1014,,,,,p.1164,p.1165,p.1017,p.1295,p.1018,,p.1296,p.35,p.1166,,,,,p.36,p.37,,p.38,,p.39,p.40,p.1167,p.1168
1316,r.-29.1.0,r.-29.1.0,r.-29.1.0,,,,,,,,,,,,,r.-29.1.0,,r.-29.1.0,r.-29.1.0,r.-29.1.0,,,r.-29.1.0,,,r.-29.1.0,r.-29.1.0,,,,r.-29.1.0,r.-29.1.0,,r.-29.1.0,r.-29.1.0,r.-29.1.0,r.-29.1.0,r.-29.1.0,r.-29.1.0,r.-29.1.0,r.-29.1.0,r.-29.1.0,r.-29.1.0,,,r.-29.1.0,,,,,,r.-29.1.0,r.-29.1.0,,,,,r.-29.1.0,r.-29.1.0,r.-29.1.0,,,r.-29.1.0,r.-29.1.0,r.-29.1.0,r.-29.1.0,r.-29.1.0,r.-29.1.0,r.-29.1.0,r.-29.1.0,r.-29.1.0,r.-29.1.0,r.-29.1.0,r.-29.1.0,r.-29.1.0,r.-29.1.0,r.-29.1.0,r.-29.1.0,r.-29.1.0,r.-29.1.0,r.-29.1.0,r.-29.1.0,r.-29.1.0,r.-29.1.0,,,,,,,,,,,,,,,,,,,,,,,,,,,,,,,,,,,,,,,,,,,,,,,,,,,,,,,,,,,,,,,,,,,,,,,,,
1317,,,,,,,,,,,,,,,,p.1722,,,,,,,,,,,,,,,,,,,,,,,,,,,,,,,,,,,,,,,,,,,,,,,,,,,,,,,,,,,,,,,,,,,,,,,,,,,,,,,,,,,,,,,,,,,,,,,,,,,,,,,,,,,,,,,,,,,,,,,,,,,,,,,,,,,,,,,,,,,,,
1318,p.98,p.99,p.100,,,,,,,,,,,,,p.1145,,p.1146,p.1513,,,,p.1514,,,,p.1148,,,,p.1149,p.1298,,p.1151,p.1515,p.1516,p.1517,p.1518,p.1519,p.1520,p.1521,p.1522,p.1523,,,p.108,,,,,,p.1152,p.1153,,,,,p.1524,,p.1525,,,,,,,,,,,,,,,,,,,,,,p.1154,p.112,p.113,,,,p.998,p.999,,p.1283,,,,p.1000,p.1156,p.1526,p.1157,p.1158,,,,,,,,,p.1159,,,p.1006,p.1007,p.1527,p.1528,,p.1160,,p.1529,,p.1010,,,,,p.1163,p.1530,p.1531,p.1532,p.1012,p.1013,p.1014,,,,,p.1164,p.1165,p.1017,p.1533,p.1018,,p.1534,,p.1166,,,,,,,,,,,,p.1167,p.1168
1319,,,,,,,,,,,,,,,,p.1464,,,,,,,,,,,,,,,,,,,,,,,,,,,,,,,,,,,,,,,,,,,,,,,,,,,,,,,,,,,,,,,,,,,,,,,,,,,,,,,,,,,,,,,,,,,,,,,,,,,,,,,,,,,,,,,,,,,,,,,,,,,,,,,,,,,,,,,,,,,,,
1320,,,,,,,,,,,,,,,,,,,,,,,,,,,,,,,,p.1461,,,,,,,,,,,,,,,,,,,,,,,,,,,,,,,,,,,,,,,,,,,,,,,,,,,,,,,,,,,,,,,,,,,,,,,,,,,,,,,,,,,,,,p.1462,,,,,,,,,,,,,,,,,,,,,,,,,,,,,,,,,,,,,,,
1321,,,,,,,,,,,,,,,,,,,,,,,p.1460,,,,,,,,,,,,,,,,,,,,,,,,,,,,,,,,,,,,,,,,,,,,,,,,,,,,,,,,,,,,,,,,,,,,,,,,,,,,,,,,,,,,,,,,,,,,,,,,,,,,,,,,,,,,,,,,,,,,,,,,,,,,,,,,,,,,,,
1322,,,,,,,,,,,,,,,,,,,,,,,p.1459,,,,,,,,,,,,,,,,,,,,,,,,,,,,,,,,,,,,,,,,,,,,,,,,,,,,,,,,,,,,,,,,,,,,,,,,,,,,,,,,,,,,,,,,,,,,,,,,,,,,,,,,,,,,,,,,,,,,,,,,,,,,,,,,,,,,,,
1323,p.98,p.99,p.100,,,,,,,,,,,,,p.1145,,p.1146,,,,,p.1456,,,,p.1148,,,,p.1149,p.1150,,p.1151,,,,,,,,,,,,p.108,,,,,,p.1152,p.1153,,,,,,,,,,,,,,,,,,,,,,,,,,,,,p.1154,p.112,p.113,,,,p.998,p.999,,p.1283,,,,p.1000,p.1156,,p.1157,p.1158,,,,,,,,,p.1159,,,p.1006,p.1007,p.1457,,,p.1160,,p.1161,,p.1010,,,,,p.1163,,,,p.1012,p.1013,p.1014,,,,,p.1164,p.1165,p.1017,,p.1018,,,,p.1166,,,,,,,,,,,,p.1167,p.1168
1324,p.98,p.99,p.100,,,,,,,,,,,,,p.1354,,p.1355,,,,,,,,,p.1356,,,,p.1357,p.1358,,p.1359,,,,,,,,,,,,p.108,,,,,,p.1360,p.1361,,,,,,,,,,,,,,,,,,,,,,,,,,,,,p.1362,p.112,p.113,,,,p.1363,p.1364,,,,,,p.1365,p.1366,,p.1367,p.1368,p.1369,,,,,,,,p.1370,,,p.1371,p.1372,,,,p.1373,,p.1374,,p.1375,,,,,p.1376,,,,p.1377,p.1378,p.1379,,,,,p.1380,p.1381,p.1382,,p.1383,,,,p.1384,,,,,,,,,,,,p.1385,p.1386
1325,,,,,,,,,,,,,,,,,,,,,,p.1352,,,,,,,,,,,,,,,,,,,,,,,,,,,,,,,,,,,,,,,,,,,,,,,,,,,,,,,,,,,,,,,,,,,,,,,,,,,,,,,,,,,,,,,,,,,,,,,,,,,,,,,,,,,,,,,,,,,,,,,,,,,,,,,,,,,,,,,
1326,,,,,,,,,,,,,,,,p.1346,,,,,,,,,,,,,,,,,,,,,,,,,,,,,,,,,,,,,,,,,,,,,,,,,,,,,,,,,,,,,,,,,,,,,,,,,,,,,,,,,,,,,,,,,,,,,,,,,,,,,,,,,,,,,,,,,,,,,,,,,,,,,,,,,,,,,,,,,,,,,
1327,,,,,,,,,,,,,,,,p.1342,,,,,,,,,,,,,,,,,,,,,,,,,,,,,,,,,,,,,,,,,,,,,,,,,,,,,,,,,,,,,,,,,,,,,,,,,,,,,,,,,,,,,,,,,,,,,,,,,,,,,,,,,,,,,,,,,,,,,,,,,,,,,,,,,,,,,,,,,,,,,
1328,r.-57.1.0,r.-57.1.0,r.-57.1.0,,,,,,,,,,,,,r.-57.1.0,,r.-57.1.0,r.-57.1.0,r.-57.1.0,,,r.-57.1.0,,,r.-57.1.0,r.-57.1.0,,,,r.-57.1.0,r.-57.1.0,,r.-57.1.0,r.-57.1.0,r.-57.1.0,r.-57.1.0,r.-57.1.0,r.-57.1.0,r.-57.1.0,r.-57.1.0,r.-57.1.0,r.-57.1.0,,,r.-57.1.0,,,,,,r.-57.1.0,r.-57.1.0,,,,,r.-57.1.0,r.-57.1.0,r.-57.1.0,,,r.-57.1.0,r.-57.1.0,r.-57.1.0,r.-57.1.0,r.-57.1.0,r.-57.1.0,r.-57.1.0,r.-57.1.0,r.-57.1.0,r.-57.1.0,r.-57.1.0,r.-57.1.0,r.-57.1.0,r.-57.1.0,r.-57.1.0,r.-57.1.0,r.-57.1.0,r.-57.1.0,r.-57.1.0,r.-57.1.0,r.-57.1.0,r.-57.1.0,,,,,,,,,,,,,,,,,,,,,,,,,,,,,,,,,,,,,,,,,,,,,,,,,,,,,,,,,,,,,,,,,,,,,,,,,
1329,,,,p.1300,,,,,,,,,,,,,,,,,,,p.1341,,,,,,,,,,,,,,,,,,,,,,,,,,,,,,,,,,,,,,,,,,,,,,,,,,,,,,,,,,,,,,,,,,,,,,,,,,,,,,,,,,,,,,,,,,,,,,,,,,,,,,,,,,,,,,,,,,,,,,,,,,,,,,,,,,,,,,
1330,r.-57.1.0,r.-57.1.0,r.-57.1.0,,,,,,,,,,,,,r.-57.1.0,,r.-57.1.0,r.-57.1.0,r.-57.1.0,,,r.-57.1.0,,,r.-57.1.0,r.-57.1.0,,,,r.-57.1.0,r.-57.1.0,,r.-57.1.0,r.-57.1.0,r.-57.1.0,r.-57.1.0,r.-57.1.0,r.-57.1.0,r.-57.1.0,r.-57.1.0,r.-57.1.0,r.-57.1.0,,,r.-57.1.0,,,,,,r.-57.1.0,r.-57.1.0,,,,,r.-57.1.0,r.-57.1.0,r.-57.1.0,,,r.-57.1.0,r.-57.1.0,r.-57.1.0,r.-57.1.0,r.-57.1.0,r.-57.1.0,r.-57.1.0,r.-57.1.0,r.-57.1.0,r.-57.1.0,r.-57.1.0,r.-57.1.0,r.-57.1.0,r.-57.1.0,r.-57.1.0,r.-57.1.0,r.-57.1.0,r.-57.1.0,r.-57.1.0,r.-57.1.0,r.-57.1.0,r.-57.1.0,,,,,,,,,,,,,,,,,,,,,,,,,,,,,,,,,,,,,,,,,,,,,,,,,,,,,,,,,,,,,,,,,,,,,,,,,
1331,r.-52.1.0,r.-52.1.0,r.-52.1.0,r.-52.1.0,r.-52.1.0,r.-52.1.0,r.-52.1.0,r.-52.1.0,r.-52.1.0,r.-52.1.0,r.-52.1.0,r.-52.1.0,r.-52.1.0,r.-52.1.0,r.-52.1.0,r.-52.1.0,,,,,r.-52.1.0,p.1339,r.-52.1.0,r.-52.1.0,,,,r.-52.1.0,r.-52.1.0,r.-52.1.0,,,r.-52.1.0,,,,,,,,,,,r.-52.1.0,r.-52.1.0,r.-52.1.0,r.-52.1.0,r.-52.1.0,,r.-52.1.0,r.-52.1.0,r.-52.1.0,r.-52.1.0,r.-52.1.0,r.-52.1.0,r.-52.1.0,r.-52.1.0,,,,r.-52.1.0,r.-52.1.0,,,,,,,,,,,,,,,,,,,,,,,,,,,,,,,,,,,,,,,,,,,,,,,,,,,,,,,,,,,,,,,,,,,,,,,,,,,,,,,,,,,,,,,,,,,,,,,
1332,r.-57.1.0,r.-57.1.0,r.-57.1.0,,,,,,,,,,,,,r.-57.1.0,,r.-57.1.0,r.-57.1.0,r.-57.1.0,,,r.-57.1.0,,,r.-57.1.0,r.-57.1.0,,,,r.-57.1.0,r.-57.1.0,,r.-57.1.0,r.-57.1.0,r.-57.1.0,r.-57.1.0,r.-57.1.0,r.-57.1.0,r.-57.1.0,r.-57.1.0,r.-57.1.0,r.-57.1.0,,,r.-57.1.0,,,,,,r.-57.1.0,r.-57.1.0,,,,,r.-57.1.0,r.-57.1.0,r.-57.1.0,,,r.-57.1.0,r.-57.1.0,r.-57.1.0,r.-57.1.0,r.-57.1.0,r.-57.1.0,r.-57.1.0,r.-57.1.0,r.-57.1.0,r.-57.1.0,r.-57.1.0,r.-57.1.0,r.-57.1.0,r.-57.1.0,r.-57.1.0,r.-57.1.0,r.-57.1.0,r.-57.1.0,r.-57.1.0,r.-57.1.0,r.-57.1.0,r.-57.1.0,,,,,,,,,,,,,,,,,,,,,,,,,,,,,,,,,,,,,,,,,,,,,,,,,,,,,,,,,,,,,,,,,,,,,,,,,
1333,r.-57.1.0,r.-57.1.0,r.-57.1.0,,,,,,,,,,,,,r.-57.1.0,,r.-57.1.0,r.-57.1.0,r.-57.1.0,,,r.-57.1.0,,,r.-57.1.0,r.-57.1.0,,,,r.-57.1.0,r.-57.1.0,,r.-57.1.0,r.-57.1.0,r.-57.1.0,r.-57.1.0,r.-57.1.0,r.-57.1.0,r.-57.1.0,r.-57.1.0,r.-57.1.0,r.-57.1.0,,,r.-57.1.0,,,,,,r.-57.1.0,r.-57.1.0,,,,,r.-57.1.0,r.-57.1.0,r.-57.1.0,,,r.-57.1.0,r.-57.1.0,r.-57.1.0,r.-57.1.0,r.-57.1.0,r.-57.1.0,r.-57.1.0,r.-57.1.0,r.-57.1.0,r.-57.1.0,r.-57.1.0,r.-57.1.0,r.-57.1.0,r.-57.1.0,r.-57.1.0,r.-57.1.0,r.-57.1.0,r.-57.1.0,r.-57.1.0,r.-57.1.0,r.-57.1.0,r.-57.1.0,,,,,,,,,,,,,,,,,,,,,,,,,,,,,,,,,,,,,,,,,,,,,,,,,,,,,,,,,,,,,,,,,,,,,,,,,
1334,r.-57.1.0,r.-57.1.0,r.-57.1.0,,,,,,,,,,,,,r.-57.1.0,,r.-57.1.0,r.-57.1.0,r.-57.1.0,,,r.-57.1.0,,,r.-57.1.0,r.-57.1.0,,,,r.-57.1.0,r.-57.1.0,,r.-57.1.0,r.-57.1.0,r.-57.1.0,r.-57.1.0,r.-57.1.0,r.-57.1.0,r.-57.1.0,r.-57.1.0,r.-57.1.0,r.-57.1.0,,,r.-57.1.0,,,,,,r.-57.1.0,r.-57.1.0,,,,,r.-57.1.0,r.-57.1.0,r.-57.1.0,,,r.-57.1.0,r.-57.1.0,r.-57.1.0,r.-57.1.0,r.-57.1.0,r.-57.1.0,r.-57.1.0,r.-57.1.0,r.-57.1.0,r.-57.1.0,r.-57.1.0,r.-57.1.0,r.-57.1.0,r.-57.1.0,r.-57.1.0,r.-57.1.0,r.-57.1.0,r.-57.1.0,r.-57.1.0,r.-57.1.0,r.-57.1.0,r.-57.1.0,,,,,,,,,,,,,,,,,,,,,,,,,,,,,,,,,,,,,,,,,,,,,,,,,,,,,,,,,,,,,,,,,,,,,,,,,
1335,r.-57.1.0,r.-57.1.0,r.-57.1.0,,,,,,,,,,,,,r.-57.1.0,,r.-57.1.0,r.-57.1.0,r.-57.1.0,,,r.-57.1.0,,,r.-57.1.0,r.-57.1.0,,,,r.-57.1.0,r.-57.1.0,,r.-57.1.0,r.-57.1.0,r.-57.1.0,r.-57.1.0,r.-57.1.0,r.-57.1.0,r.-57.1.0,r.-57.1.0,r.-57.1.0,r.-57.1.0,,,r.-57.1.0,,,,,,r.-57.1.0,r.-57.1.0,,,,,r.-57.1.0,r.-57.1.0,r.-57.1.0,,,r.-57.1.0,r.-57.1.0,r.-57.1.0,r.-57.1.0,r.-57.1.0,r.-57.1.0,r.-57.1.0,r.-57.1.0,r.-57.1.0,r.-57.1.0,r.-57.1.0,r.-57.1.0,r.-57.1.0,r.-57.1.0,r.-57.1.0,r.-57.1.0,r.-57.1.0,r.-57.1.0,r.-57.1.0,r.-57.1.0,r.-57.1.0,r.-57.1.0,,,,,,,,,,,,,,,,,,,,,,,,,,,,,,,,,,,,,,,,,,,,,,,,,,,,,,,,,,,,,,,,,,,,,,,,,
1336,r.-54.5.0,r.-54.5.0,r.-54.5.0,,,,,,,,,,,,,r.-54.5.0,,r.-54.5.0,r.-54.5.0,r.-54.5.0,,,r.-54.5.0,,,r.-54.5.0,r.-54.5.0,,,,r.-54.5.0,r.-54.5.0,,r.-54.5.0,r.-54.5.0,r.-54.5.0,r.-54.5.0,r.-54.5.0,r.-54.5.0,r.-54.5.0,r.-54.5.0,r.-54.5.0,r.-54.5.0,,,r.-54.5.0,,,,,,r.-54.5.0,r.-54.5.0,,,,,r.-54.5.0,p.1337,r.-54.5.0,,,r.-54.5.0,r.-54.5.0,r.-54.5.0,r.-54.5.0,r.-54.5.0,r.-54.5.0,r.-54.5.0,r.-54.5.0,r.-54.5.0,r.-54.5.0,r.-54.5.0,r.-54.5.0,r.-54.5.0,r.-54.5.0,r.-54.5.0,r.-54.5.0,r.-54.5.0,r.-54.5.0,r.-54.5.0,r.-54.5.0,r.-54.5.0,r.-54.5.0,,,,,,,,,,,,,,,,,,,,,,,,,,,,,,,,,,,,,,,,,,,,,,,,,,,,,,,,,,,,,,,,,,,,,,,,,
1337,p.98,p.99,p.100,,,,,,,,,,,,,p.1145,,p.1146,p.1268,,,,p.1270,,,,p.1148,,,,p.1149,p.1298,,p.1151,p.1272,p.1273,p.1274,p.1275,p.1276,p.1277,p.1278,p.1279,p.1280,,,p.108,,,,,,p.1152,p.1153,,,,,p.1281,,p.1282,,,,,,,,,,,,,,,,,,,,,,p.1154,p.112,p.113,,,,p.998,p.999,,p.1283,,,,p.1000,p.1156,p.1286,p.1157,p.1158,,,,,,,,,p.1159,,,p.1006,p.1007,p.1289,p.1290,,p.1160,,p.1291,,p.1010,,,,,p.1163,p.1292,p.1293,p.1294,p.1012,p.1013,p.1014,,,,,p.1164,p.1165,p.1017,p.1295,p.1018,,p.1338,,p.1166,,,,,,,,,,,,p.1167,p.1168
1338,r.-54.7.0,r.-54.7.0,r.-54.7.0,,,,,,,,,,,,,r.-54.7.0,,r.-54.7.0,r.-54.7.0,r.-54.7.0,,,r.-54.7.0,,,r.-54.7.0,r.-54.7.0,,,,r.-54.7.0,r.-54.7.0,,r.-54.7.0,r.-54.7.0,r.-54.7.0,r.-54.7.0,r.-54.7.0,r.-54.7.0,r.-54.7.0,r.-54.7.0,r.-54.7.0,r.-54.7.0,,,r.-54.7.0,,,,,,r.-54.7.0,r.-54.7.0,,,,,r.-54.7.0,,r.-54.7.0,,,r.-54.7.0,r.-54.7.0,r.-54.7.0,r.-54.7.0,r.-54.7.0,r.-54.7.0,r.-54.7.0,r.-54.7.0,r.-54.7.0,r.-54.7.0,r.-54.7.0,r.-54.7.0,r.-54.7.0,r.-54.7.0,r.-54.7.0,r.-54.7.0,r.-54.7.0,r.-54.7.0,r.-54.7.0,r.-54.7.0,r.-54.7.0,r.-54.7.0,,,,,,,,,,,,,,,,,,,,,,,,,,,,,,,,,,,,,,,,,,,,,,,,,,,,,,,,,,,,,,,,,,,,,,,,,
1339,p.98,p.99,p.100,,,,,,,,,,,,,p.1145,,p.1146,p.1315,,,,p.1316,,,,p.1148,,,,p.1149,p.1298,,p.1151,p.1317,p.1318,p.1319,p.1320,p.1321,p.1322,p.1323,p.1324,p.1325,,,p.108,,,,,,p.1152,p.1153,,,,,p.1326,,p.1327,,,,,,,,,,,,,,,,,,,,,,p.1154,p.112,p.113,,,,p.998,p.999,,p.1283,,,,p.1000,p.1156,p.1328,p.1157,p.1158,,,,,,,,,p.1159,,,p.1006,p.1007,p.1329,p.1330,,p.1160,,p.1331,,p.1010,,,,,p.1163,p.1332,p.1333,p.1334,p.1012,p.1013,p.1014,,,,,p.1164,p.1165,p.1017,p.1335,p.1018,,p.1340,,p.1166,,,,,,,,,,,,p.1167,p.1168
1340,r.-43.3.0,r.-43.3.0,r.-43.3.0,,,,,,,,,,,,,r.-43.3.0,,r.-43.3.0,r.-43.3.0,r.-43.3.0,,,r.-43.3.0,,,r.-43.3.0,r.-43.3.0,,,,r.-43.3.0,r.-43.3.0,,r.-43.3.0,r.-43.3.0,r.-43.3.0,r.-43.3.0,r.-43.3.0,r.-43.3.0,r.-43.3.0,r.-43.3.0,r.-43.3.0,r.-43.3.0,,,r.-43.3.0,,,,,,r.-43.3.0,r.-43.3.0,,,,,r.-43.3.0,r.-43.3.0,r.-43.3.0,,,r.-43.3.0,r.-43.3.0,r.-43.3.0,r.-43.3.0,r.-43.3.0,r.-43.3.0,r.-43.3.0,r.-43.3.0,r.-43.3.0,r.-43.3.0,r.-43.3.0,r.-43.3.0,r.-43.3.0,r.-43.3.0,r.-43.3.0,r.-43.3.0,r.-43.3.0,r.-43.3.0,r.-43.3.0,r.-43.3.0,r.-43.3.0,r.-43.3.0,,,,,,,,,,,,,,,,,,,,,,,,,,,,,,,,,,,,,,,,,,,,,,,,,,,,,,,,,,,,,,,,,,,,,,,,,
1341,r.-29.2.0,r.-29.2.0,r.-29.2.0,,,,,,,,,,,,,r.-29.2.0,,r.-29.2.0,r.-29.2.0,r.-29.2.0,,,r.-29.2.0,,,r.-29.2.0,r.-29.2.0,,,,r.-29.2.0,r.-29.2.0,,r.-29.2.0,r.-29.2.0,r.-29.2.0,r.-29.2.0,r.-29.2.0,r.-29.2.0,r.-29.2.0,r.-29.2.0,r.-29.2.0,r.-29.2.0,,,r.-29.2.0,,,,,,r.-29.2.0,r.-29.2.0,,,,,r.-29.2.0,r.-29.2.0,r.-29.2.0,,,r.-29.2.0,r.-29.2.0,r.-29.2.0,r.-29.2.0,r.-29.2.0,r.-29.2.0,r.-29.2.0,r.-29.2.0,r.-29.2.0,r.-29.2.0,r.-29.2.0,r.-29.2.0,r.-29.2.0,r.-29.2.0,r.-29.2.0,r.-29.2.0,r.-29.2.0,r.-29.2.0,r.-29.2.0,r.-29.2.0,r.-29.2.0,r.-29.2.0,,,,,,,,,,,,,,,,,,,,,,,,,,,,,,,,,,,,,,,,,,,,,,,,,,,,,,,,,,,,,,,,,,,,,,,,,
1342,p.98,p.99,p.100,,,,,,,,,,,,,p.207,,p.208,,,,,,,,,p.210,,,,p.211,p.263,,p.213,,,,,,,,,,,,p.108,,,,,,p.214,p.215,,,,,,,,,,,,,,,,,,,,,,,,,,,,,p.228,p.112,p.113,,,,p.229,p.230,,p.231,,,,p.232,p.233,,p.234,p.235,,,,,,,,,p.237,,,p.238,p.239,p.1343,,,p.241,,p.242,,p.243,,,,,p.244,,,,p.245,p.246,p.247,,,,,p.248,p.249,p.250,,p.251,,,,p.253,,,,,,,,,,,,p.260,p.261
1343,,,,p.270,,,,,,,,,,,,,p.1344,,,,,,,,,,,,,,,,,,,,,,,,,,,,,,,,,,,,,,,,,,,,,,,,,,,,,,,,,,,,,,,,,,,,,,,,,,,,,,,,,,,,,,,,,,,,,,,,,,,,,,,,,,,,,,,,,,,,,,,,,,,,,,,,,,,,,,,,,,,,
1344,p.98,p.99,p.100,,,,,,,,,,,,,p.1145,,p.1146,p.1315,,,,p.1316,,,,p.1148,,,,p.1149,p.1298,,p.1151,p.1317,p.1318,p.1319,p.1320,p.1321,p.1322,p.1323,p.1324,p.1325,,,p.108,,,,,,p.1152,p.1153,,,,,p.1326,,p.1327,,,,,,,,,,,,,,,,,,,,,,p.1154,p.112,p.113,,,,p.998,p.999,,p.1283,,,,p.1000,p.1156,p.1328,p.1157,p.1158,,,,,,,,,p.1159,,,p.1006,p.1007,p.1329,p.1330,,p.1160,,p.1331,,p.1010,,,,,p.1163,p.1332,p.1333,p.1334,p.1012,p.1013,p.1014,,,,,p.1164,p.1165,p.1017,p.1335,p.1018,,p.1345,,p.1166,,,,,,,,,,,,p.1167,p.1168
1345,r.-54.5.0,r.-54.5.0,r.-54.5.0,,,,,,,,,,,,,r.-54.5.0,,r.-54.5.0,r.-54.5.0,r.-54.5.0,,,r.-54.5.0,,,r.-54.5.0,r.-54.5.0,,,,r.-54.5.0,r.-54.5.0,,r.-54.5.0,r.-54.5.0,r.-54.5.0,r.-54.5.0,r.-54.5.0,r.-54.5.0,r.-54.5.0,r.-54.5.0,r.-54.5.0,r.-54.5.0,,,r.-54.5.0,,,,,,r.-54.5.0,r.-54.5.0,,,,,r.-54.5.0,r.-54.5.0,r.-54.5.0,,,r.-54.5.0,r.-54.5.0,r.-54.5.0,r.-54.5.0,r.-54.5.0,r.-54.5.0,r.-54.5.0,r.-54.5.0,r.-54.5.0,r.-54.5.0,r.-54.5.0,r.-54.5.0,r.-54.5.0,r.-54.5.0,r.-54.5.0,r.-54.5.0,r.-54.5.0,r.-54.5.0,r.-54.5.0,r.-54.5.0,r.-54.5.0,r.-54.5.0,,,,,,,,,,,,,,,,,,,,,,,,,,,,,,,,,,,,,,,,,,,,,,,,,,,,,,,,,,,,,,,,,,,,,,,,,
1346,p.98,p.99,p.100,,,,,,,,,,,,,p.207,,p.208,,,,,,,,,p.210,,,,p.211,p.263,,p.213,,,,,,,,,,,,p.108,,,,,,p.214,p.215,,,,,,,,,,,,,,,,,,,,,,,,,,,,,p.228,p.112,p.113,,,,p.229,p.230,,p.231,,,,p.232,p.233,,p.234,p.235,,,,,,,,,p.237,,,p.238,p.239,p.1347,,,p.241,,p.242,,p.243,,,,,p.244,,,,p.245,p.246,p.247,,,,,p.248,p.249,p.250,,p.251,,,,p.253,,,,,,,,,,,,p.260,p.261
1347,,,,p.270,,,,,,,,,,,,,p.1348,,,,,,,,,,,,,,,,,,,,,,,,,,,,,,,,,,,,,,,,,,,,,,,,,,,,,,,,,,,,,,,,,,,,,,,,,,,,,,,,,,,,,,,,,,,,,,,,,,,,,,,,,,,,,,,,,,,,,,,,,,,,,,,,,,,,,,,,,,,,
1348,p.98,p.99,p.100,,,,,,,,,,,,,p.1145,,p.1146,p.1315,,,,p.1316,,,,p.1148,,,,p.1149,p.1298,,p.1151,p.1317,p.1318,p.1319,p.1320,p.1321,p.1322,p.1323,p.1324,p.1325,,,p.108,,,,,,p.1152,p.1153,,,,,p.1326,,p.1327,,,,,,,,,,,,,,,,,,,,,,p.1154,p.112,p.113,,,,p.998,p.999,,p.1283,,,,p.1000,p.1156,p.1328,p.1157,p.1158,,,,,,,,,p.1159,,,p.1006,p.1007,p.1329,p.1330,,p.1160,,p.1331,,p.1010,,,,,p.1163,p.1332,p.1333,p.1334,p.1012,p.1013,p.1014,,,,,p.1164,p.1165,p.1017,p.1335,p.1018,,p.1349,,p.1166,,,,,,,,,,,,p.1167,p.1168
1349,r.-54.5.0,r.-54.5.0,r.-54.5.0,,,,,,,,,,,,,r.-54.5.0,,r.-54.5.0,r.-54.5.0,r.-54.5.0,,,r.-54.5.0,,,r.-54.5.0,r.-54.5.0,,,,r.-54.5.0,r.-54.5.0,,r.-54.5.0,r.-54.5.0,r.-54.5.0,r.-54.5.0,r.-54.5.0,r.-54.5.0,r.-54.5.0,r.-54.5.0,r.-54.5.0,r.-54.5.0,,,r.-54.5.0,,,,,,r.-54.5.0,r.-54.5.0,,,,,r.-54.5.0,p.1350/r.-54.5.0,r.-54.5.0,,,r.-54.5.0,r.-54.5.0,r.-54.5.0,r.-54.5.0,r.-54.5.0,r.-54.5.0,r.-54.5.0,r.-54.5.0,r.-54.5.0,r.-54.5.0,r.-54.5.0,r.-54.5.0,r.-54.5.0,r.-54.5.0,r.-54.5.0,r.-54.5.0,r.-54.5.0,r.-54.5.0,r.-54.5.0,r.-54.5.0,r.-54.5.0,r.-54.5.0,,,,,,,,,,,,,,,,,,,,,,,,,,,,,,,,,,,,,,,,,,,,,,,,,,,,,,,,,,,,,,,,,,,,,,,,,
1350,p.98,p.99,p.100,,,,,,,,,,,,,p.1145,,p.1146,p.1315,,,,p.1316,,,,p.1148,,,,p.1149,p.1298,,p.1151,p.1317,p.1318,p.1319,p.1320,p.1321,p.1322,p.1323,p.1324,p.1325,,,p.108,,,,,,p.1152,p.1153,,,,,p.1326,,p.1327,,,,,,,,,,,,,,,,,,,,,,p.1154,p.112,p.113,,,,p.998,p.999,,p.1283,,,,p.1000,p.1156,p.1328,p.1157,p.1158,,,,,,,,,p.1159,,,p.1006,p.1007,p.1329,p.1330,,p.1160,,p.1331,,p.1010,,,,,p.1163,p.1332,p.1333,p.1334,p.1012,p.1013,p.1014,,,,,p.1164,p.1165,p.1017,p.1335,p.1018,,p.1351,,p.1166,,,,,,,,,,,,p.1167,p.1168
1351,r.-54.7.0,r.-54.7.0,r.-54.7.0,,,,,,,,,,,,,r.-54.7.0,,r.-54.7.0,r.-54.7.0,r.-54.7.0,,,r.-54.7.0,,,r.-54.7.0,r.-54.7.0,,,,r.-54.7.0,r.-54.7.0,,r.-54.7.0,r.-54.7.0,r.-54.7.0,r.-54.7.0,r.-54.7.0,r.-54.7.0,r.-54.7.0,r.-54.7.0,r.-54.7.0,r.-54.7.0,,,r.-54.7.0,,,,,,r.-54.7.0,r.-54.7.0,,,,,r.-54.7.0,r.-54.7.0,r.-54.7.0,,,r.-54.7.0,r.-54.7.0,r.-54.7.0,r.-54.7.0,r.-54.7.0,r.-54.7.0,r.-54.7.0,r.-54.7.0,r.-54.7.0,r.-54.7.0,r.-54.7.0,r.-54.7.0,r.-54.7.0,r.-54.7.0,r.-54.7.0,r.-54.7.0,r.-54.7.0,r.-54.7.0,r.-54.7.0,r.-54.7.0,r.-54.7.0,r.-54.7.0,,,,,,,,,,,,,,,,,,,,,,,,,,,,,,,,,,,,,,,,,,,,,,,,,,,,,,,,,,,,,,,,,,,,,,,,,
1352,p.98,p.99,p.100,,,,,,,,,,,,,p.1145,,p.1146,p.1315,,,,p.1316,,,,p.1148,,,,p.1149,p.1298,,p.1151,p.1317,p.1318,p.1319,p.1320,p.1321,p.1322,p.1323,p.1324,p.1325,,,p.108,,,,,,p.1152,p.1153,,,,,p.1326,,p.1327,,,,,,,,,,,,,,,,,,,,,,p.1154,p.112,p.113,,,,p.998,p.999,,p.1283,,,,p.1000,p.1156,p.1328,p.1157,p.1158,,,,,,,,,p.1159,,,p.1006,p.1007,p.1329,p.1330,,p.1160,,p.1331,,p.1010,,,,,p.1163,p.1332,p.1333,p.1334,p.1012,p.1013,p.1014,,,,,p.1164,p.1165,p.1017,p.1335,p.1018,,p.1353,,p.1166,,,,,,,,,,,,p.1167,p.1168
1353,r.-43.3.0,r.-43.3.0,r.-43.3.0,,,,,,,,,,,,,r.-43.3.0,,r.-43.3.0,r.-43.3.0,r.-43.3.0,,,r.-43.3.0,,,r.-43.3.0,r.-43.3.0,,,,r.-43.3.0,r.-43.3.0,,r.-43.3.0,r.-43.3.0,r.-43.3.0,r.-43.3.0,r.-43.3.0,r.-43.3.0,r.-43.3.0,r.-43.3.0,r.-43.3.0,r.-43.3.0,,,r.-43.3.0,,,,,,r.-43.3.0,r.-43.3.0,,,,,r.-43.3.0,r.-43.3.0,r.-43.3.0,,,r.-43.3.0,r.-43.3.0,r.-43.3.0,r.-43.3.0,r.-43.3.0,r.-43.3.0,r.-43.3.0,r.-43.3.0,r.-43.3.0,r.-43.3.0,r.-43.3.0,r.-43.3.0,r.-43.3.0,r.-43.3.0,r.-43.3.0,r.-43.3.0,r.-43.3.0,r.-43.3.0,r.-43.3.0,r.-43.3.0,r.-43.3.0,r.-43.3.0,,,,,,,,,,,,,,,,,,,,,,,,,,,,,,,,,,,,,,,,,,,,,,,,,,,,,,,,,,,,,,,,,,,,,,,,,
1354,p.98,p.99,p.100,,,,,,,,,,,,,p.207,,p.208,,,,,,,,p.209,p.210,,,,p.211,p.212,,p.213,,,,,,,,,,,,p.108,,,,,,p.214,p.215,,,,,,,,,,,,,,,p.11,p.12,p.216,p.217,p.218,p.219,p.220,p.221,p.222,p.223,p.224,p.225,p.226,p.227,p.228,p.112,p.113,,,,p.229,p.230,,p.231,,,,p.232,p.233,,p.234,p.235,,,,,,,,p.236,p.237,,,p.238,p.239,p.1446,,,p.241,,p.242,,p.243,,,,,p.244,,,,p.245,p.246,p.247,,,,,p.248,p.249,p.250,,p.251,p.252,,,p.253,,,,,p.254,p.255,p.1453,p.257,,p.258,p.259,p.260,p.261
1355,r.-11.1.0/r.-59.1.0,r.-11.1.0/r.-59.1.0,r.-11.1.0/r.-59.1.0,,,,,,,,,,,,,r.-11.1.0/r.-59.1.0,,r.-59.1.0,,,r.-11.1.0/r.-59.1.0,r.-59.1.0/r.-11.1.0,,r.-11.1.0/r.-59.1.0,,,,r.-11.1.0/r.-59.1.0,r.-11.1.0/r.-59.1.0,r.-59.1.0/r.-11.1.0,,,r.-59.1.0/r.-11.1.0,,,,,,,,,,,r.-11.1.0/r.-59.1.0,r.-59.1.0/r.-11.1.0,r.-11.1.0/r.-59.1.0,r.-11.1.0/r.-59.1.0,r.-11.1.0/r.-59.1.0,,r.-59.1.0/r.-11.1.0,r.-11.1.0/r.-59.1.0,r.-11.1.0/r.-59.1.0,r.-59.1.0/r.-11.1.0,r.-59.1.0/r.-11.1.0,r.-11.1.0/r.-59.1.0,r.-59.1.0/r.-11.1.0,r.-11.1.0/r.-59.1.0,,,,r.-11.1.0/r.-59.1.0,r.-59.1.0/r.-11.1.0,,,,,,,,,,,,,,,,,,,,,,,,,,,,,,,,,,,,,,,,,,,,,,,,,,,,,,,,,,,,,,,,,,,,,,,,,,,,,,,,,,,,,,,,,,,,,,,
1356,r.-23.1.0,r.-23.1.0,r.-23.1.0,,,,,,,,,,,,,r.-23.1.0,,,,,r.-23.1.0,r.-23.1.0,,r.-23.1.0,,,,r.-23.1.0,r.-23.1.0,r.-23.1.0,,,r.-23.1.0,,,,,,,,,,,r.-23.1.0,r.-23.1.0,r.-23.1.0,r.-23.1.0,r.-23.1.0,,r.-23.1.0,r.-23.1.0,r.-23.1.0,r.-23.1.0,r.-23.1.0,r.-23.1.0,r.-23.1.0,r.-23.1.0,,,,r.-23.1.0,r.-23.1.0,,,,,,,,,,,,,,,,,,,,,,,,,,,,,,,,,,,,,,,,,,,,,,,,,,,,,,,,,,,,,,,,,,,,,,,,,,,,,,,,,,,,,,,,,,,,,,,
1357,r.-31.1.0,r.-31.1.0,r.-31.1.0,,,,,,,,,,,,,r.-31.1.0,,,,,r.-31.1.0,r.-31.1.0,,r.-31.1.0,,,,r.-31.1.0,r.-31.1.0,r.-31.1.0,,,r.-31.1.0,,,,,,,,,,,r.-31.1.0,r.-31.1.0,r.-31.1.0,r.-31.1.0,r.-31.1.0,,r.-31.1.0,r.-31.1.0,r.-31.1.0,r.-31.1.0,r.-31.1.0,r.-31.1.0,r.-31.1.0,r.-31.1.0,,,,r.-31.1.0,r.-31.1.0,,,,,,,,,,,,,,,,,,,,,,,,,,,,,,,,,,,,,,,,,,,,,,,,,,,,,,,,,,,,,,,,,,,,,,,,,,,,,,,,,,,,,,,,,,,,,,,
1358,r.-33.1.0,r.-33.1.0,r.-33.1.0,,,,,,,,,,,,,r.-33.1.0,,,,,r.-33.1.0,r.-33.1.0,,r.-33.1.0,,,,r.-33.1.0,r.-33.1.0,r.-33.1.0,,,r.-33.1.0,,,,,,,,,,,r.-33.1.0,r.-33.1.0,r.-33.1.0,r.-33.1.0,r.-33.1.0,,r.-33.1.0,r.-33.1.0,r.-33.1.0,r.-33.1.0,r.-33.1.0,r.-33.1.0,r.-33.1.0,r.-33.1.0,,,,r.-33.1.0,r.-33.1.0,,,,,,,,,,,,,,,,,,,,,,,,,,,,,,,,,,,,,,,,,,,,,,,,,,,,,,,,,,,,,,,,,,,,,,,,,,,,,,,,,,,,,,,,,,,,,,,
1359,r.-40.1.0,r.-40.1.0,r.-40.1.0,,,,,,,,,,,,,r.-40.1.0,,,,,r.-40.1.0,r.-40.1.0,,r.-40.1.0,,,,r.-40.1.0,r.-40.1.0,r.-40.1.0,,,r.-40.1.0,,,,,,,,,,,r.-40.1.0,r.-40.1.0,r.-40.1.0,r.-40.1.0,r.-40.1.0,,r.-40.1.0,r.-40.1.0,r.-40.1.0,r.-40.1.0,r.-40.1.0,r.-40.1.0,r.-40.1.0,r.-40.1.0,,,,r.-40.1.0,r.-40.1.0,,,,,,,,,,,,,,,,,,,,,,,,,,,,,,,,,,,,,,,,,,,,,,,,,,,,,,,,,,,,,,,,,,,,,,,,,,,,,,,,,,,,,,,,,,,,,,,
1360,p.98,p.99,p.100,,,,,,,,,,,,,p.1450,,p.1355,,,,,,,,,p.1356,,,,p.1357,p.1358,,p.1359,,,,,,,,,,,,p.108,,,,,,p.1360,p.1361,,,,,,,,,,,,,,,,,,,,,,,,,,,,,p.1362,p.112,p.113,,,,,,,,,,,,p.1366,,,p.1368,,,,,,,,,p.1370,,,,,,,,p.1373,,p.1374,,,,,,,p.1376,,,,,,,,,,,p.1380,p.1381,,,,,,,p.1384,,,,,,,,,,,,p.1452,p.1386
1361,p.98,p.99,p.100,,,,,,,,,,,,,p.1450,,p.1355,,,,,,,,,p.1356,,,,p.1357,p.1358,,p.1359,,,,,,,,,,,,p.108,,,,,,p.1360,p.1361,,,,,,,,,,,,,,,,,,,,,,,,,,,,,p.1362,p.112,p.113,,,,,,,,,,,,p.1366,,,p.1368,,,,,,,,,p.1370,,,,,,,,p.1373,,p.1374,,,,,,,p.1376,,,,,,,,,,,p.1380,p.1381,,,,,,,p.1384,,,,,,,,,,,,p.1451,p.1386
1362,p.98,p.99,p.100,,,,,,,,,,,,,p.1444,,p.1355,,,,,,,,,p.1356,,,,p.1357,p.1358,,p.1359,,,,,,,,,,,,p.108,,,,,,p.1360,p.1361,,,,,,,,,,,,,,,,,,,,,,,,,,,,,p.1362,p.112,p.113,,,,,,,,,,,,p.1366,,,p.1368,,,,,,,,,p.1370,,,,,,,,p.1373,,p.1374,,,,,,,p.1376,,,,,,,,,,,p.1380,p.1381,,,,,,,p.1384,,,,,,,,,,,,p.1445,p.1386
1363,p.1392,p.1393,r.-55.1.0,,,,,,,,,,,,,,,,,,r.-55.1.0,r.-55.1.0,,,,,,r.-55.1.0,r.-55.1.0,r.-55.1.0,,,r.-55.1.0,,,,,,,,,,,r.-55.1.0,r.-55.1.0,,,,,,,,,r.-55.1.0,r.-55.1.0,r.-55.1.0,r.-55.1.0,,,,r.-55.1.0,r.-55.1.0,,,,,,,,,,,,,,,,,,,,,,,,,,,,,,,,,,,,,,,,,,,,,,,,,,,,,,,,,,,,,,,,,,,,,,,,,,,,,,,,,,,,,,,,,,,,,,,
1364,,,p.1433,,,,,,,,,,,,,,,,,,r.-27.1.0,r.-27.1.0,,,,,,,,r.-27.1.0,,,r.-27.1.0,,,,,,,,,,,r.-27.1.0,r.-27.1.0,,,,,,,,,,,,,,,,,,,,,,,,,,,,,,,,,,,,,,,,,,,,,,,,,,,,,,,,,,,,,,,,,,,,,,,,,,,,,,,,,,,,,,,,,,,,,,,,,,,,,,,,,,,,,,,,
1365,r.-46.1.0,r.-46.1.0,r.-46.1.0,,,,,,,,,,,,,,,,,,r.-46.1.0,r.-46.1.0,,,,,,r.-46.1.0,r.-46.1.0,r.-46.1.0,,,r.-46.1.0,,,,,,,,,,,r.-46.1.0,r.-46.1.0,r.-46.1.0,r.-46.1.0,r.-46.1.0,,,,,,r.-46.1.0,r.-46.1.0,r.-46.1.0,r.-46.1.0,,,,r.-46.1.0,r.-46.1.0,,,,,,,,,,,,,,,,,,,,,,,,,,,,,,,,,,,,,,,,,,,,,,,,,,,,,,,,,,,,,,,,,,,,,,,,,,,,,,,,,,,,,,,,,,,,,,,
1366,r.-14.1.0,r.-14.1.0,r.-14.1.0,,,,,,,,,,,,,r.-14.1.0,,,,,r.-14.1.0,r.-14.1.0,,r.-14.1.0,,,,r.-14.1.0,r.-14.1.0,r.-14.1.0,,,r.-14.1.0,,,,,,,,,,,r.-14.1.0,r.-14.1.0,r.-14.1.0,r.-14.1.0,r.-14.1.0,,r.-14.1.0,r.-14.1.0,r.-14.1.0,r.-14.1.0,r.-14.1.0,r.-14.1.0,r.-14.1.0,r.-14.1.0,,,,r.-14.1.0,r.-14.1.0,,,,,,,,,,,,,,,,,,,,,,,,,,,,,,,,,,,,,,,,,,,,,,,,,,,,,,,,,,,,,,,,,,,,,,,,,,,,,,,,,,,,,,,,,,,,,,,
1367,,,,,,,,,,,,,,,,,,,,,,r.-15.1.0,,,,,,,,,,,,,,,,,,,,,,,,,,,,,,,,,,,,,,,,,,,,,,,,,,,,,,,,,,,,,,,,,,,,,,,,,,,,,,,,,,,,,,,,,,,,,,,,,,,,,,,,,,,,,,,,,,,,,,,,,,,,,,,,,,,,,,,
1368,r.-52.1.0,r.-52.1.0,r.-52.1.0,,,,,,,,,,,,,r.-52.1.0,,,,,r.-52.1.0,r.-52.1.0,,r.-52.1.0,,,,r.-52.1.0,r.-52.1.0,r.-52.1.0,,,r.-52.1.0,,,,,,,,,,,r.-52.1.0,r.-52.1.0,r.-52.1.0,r.-52.1.0,r.-52.1.0,,r.-52.1.0,r.-52.1.0,r.-52.1.0,r.-52.1.0,r.-52.1.0,r.-52.1.0,r.-52.1.0,r.-52.1.0,,,,r.-52.1.0,r.-52.1.0,,,,,,,,,,,,,,,,,,,,,,,,,,,,,,,,,,,,,,,,,,,,,,,,,,,,,,,,,,,,,,,,,,,,,,,,,,,,,,,,,,,,,,,,,,,,,,,
1369,,,,,,,,,,,,,,,,,,,,,,p.1442,,,,,,,,,,,,,,,,,,,,,,,,,,,,,,,,,,,,,,,,,,,,,,,,,,,,,,,,,,,,,,,,,,,,,,,,,,,,,,,,,,,,,,,,,,,,,,,,,,,,,,,,,,,,,,,,,,,,,,,,,,,,,,,,,,,,,,,
1370,r.-14.1.0,r.-14.1.0,r.-14.1.0,,,,,,,,,,,,,r.-14.1.0,,,,,r.-14.1.0,r.-14.1.0,,r.-14.1.0,,,,r.-14.1.0,r.-14.1.0,r.-14.1.0,,,r.-14.1.0,,,,,,,,,,,r.-14.1.0,r.-14.1.0,r.-14.1.0,r.-14.1.0,r.-14.1.0,,r.-14.1.0,r.-14.1.0,r.-14.1.0,r.-14.1.0,r.-14.1.0,r.-14.1.0,r.-14.1.0,r.-14.1.0,,,,r.-14.1.0,r.-14.1.0,,,,,,,,,,,,,,,,,,,,,,,,,,,,,,,,,,,,,,,,,,,,,,,,,,,,,,,,,,,,,,,,,,,,,,,,,,,,,,,,,,,,,,,,,,,,,,,
1371,,,r.-4.1.0,,,,,,,,,,,,,,,,,,r.-4.1.0,r.-4.1.0,,,,,,p.1435,p.1436,r.-4.1.0,,,r.-4.1.0,,,,,,,,,,,r.-4.1.0,r.-4.1.0,,,,,,,,,,,,,,,,,,,,,,,,,,,,,,,,,,,,,,,,,,,,,,,,,,,,,,,,,,,,,,,,,,,,,,,,,,,,,,,,,,,,,,,,,,,,,,,,,,,,,,,,,,,,,,,,
1372,,,,,,,,,,,,,,,,,,,,,r.-35.1.0,r.-35.1.0,,,,,,,,p.1431,,,r.-35.1.0,,,,,,,,,,,r.-35.1.0,r.-35.1.0,,,,,,,,,,,,,,,,,,,,,,,,,,,,,,,,,,,,,,,,,,,,,,,,,,,,,,,,,,,,,,,,,,,,,,,,,,,,,,,,,,,,,,,,,,,,,,,,,,,,,,,,,,,,,,,,
1373,r.-14.1.0,r.-14.1.0,r.-14.1.0,,,,,,,,,,,,,r.-14.1.0,,,,,r.-14.1.0,r.-14.1.0,,r.-14.1.0,,,,r.-14.1.0,r.-14.1.0,r.-14.1.0,,,r.-14.1.0,,,,,,,,,,,r.-14.1.0,r.-14.1.0,r.-14.1.0,r.-14.1.0,r.-14.1.0,,r.-14.1.0,r.-14.1.0,r.-14.1.0,r.-14.1.0,r.-14.1.0,r.-14.1.0,r.-14.1.0,r.-14.1.0,,,,r.-14.1.0,r.-14.1.0,,,,,,,,,,,,,,,,,,,,,,,,,,,,,,,,,,,,,,,,,,,,,,,,,,,,,,,,,,,,,,,,,,,,,,,,,,,,,,,,,,,,,,,,,,,,,,,
1374,r.-52.1.0,r.-52.1.0,r.-52.1.0,,,,,,,,,,,,,r.-52.1.0,,,,,r.-52.1.0,r.-52.1.0,,r.-52.1.0,,,,r.-52.1.0,r.-52.1.0,r.-52.1.0,,,r.-52.1.0,,,,,,,,,,,r.-52.1.0,r.-52.1.0,r.-52.1.0,r.-52.1.0,r.-52.1.0,,r.-52.1.0,r.-52.1.0,r.-52.1.0,r.-52.1.0,r.-52.1.0,r.-52.1.0,r.-52.1.0,r.-52.1.0,,,,r.-52.1.0,r.-52.1.0,,,,,,,,,,,,,,,,,,,,,,,,,,,,,,,,,,,,,,,,,,,,,,,,,,,,,,,,,,,,,,,,,,,,,,,,,,,,,,,,,,,,,,,,,,,,,,,
1375,,,,,,,,,,,,,,,,,,,,,r.-44.1.0,r.-44.1.0,,,,,,,,,,,p.1429,,,,,,,,,,,r.-44.1.0,r.-44.1.0,,,,,,,,,,,,,,,,,,,,,,,,,,,,,,,,,,,,,,,,,,,,,,,,,,,,,,,,,,,,,,,,,,,,,,,,,,,,,,,,,,,,,,,,,,,,,,,,,,,,,,,,,,,,,,,,
1376,r.-14.1.0,r.-14.1.0,r.-14.1.0,,,,,,,,,,,,,r.-14.1.0,,,,,r.-14.1.0,r.-14.1.0,,r.-14.1.0,,,,r.-14.1.0,r.-14.1.0,r.-14.1.0,,,r.-14.1.0,,,,,,,,,,,r.-14.1.0,r.-14.1.0,r.-14.1.0,r.-14.1.0,r.-14.1.0,,r.-14.1.0,r.-14.1.0,r.-14.1.0,r.-14.1.0,r.-14.1.0,r.-14.1.0,r.-14.1.0,r.-14.1.0,,,,r.-14.1.0,r.-14.1.0,,,,,,,,,,,,,,,,,,,,,,,,,,,,,,,,,,,,,,,,,,,,,,,,,,,,,,,,,,,,,,,,,,,,,,,,,,,,,,,,,,,,,,,,,,,,,,,
1377,,,,,,,,,,,,,,,,,,,,,r.-45.1.0,r.-45.1.0,,,,,,,,,,,,,,,,,,,,,,p.1427,r.-45.1.0,,,,,,,,,,,,,,,,,,,,,,,,,,,,,,,,,,,,,,,,,,,,,,,,,,,,,,,,,,,,,,,,,,,,,,,,,,,,,,,,,,,,,,,,,,,,,,,,,,,,,,,,,,,,,,,,
1378,,,,,,,,,,,,,,,,,,,,,p.1424,r.-13.1.0,,,,,,,,,,,,,,,,,,,,,,,p.1425,,,,,,,,,,,,,,,,,,,,,,,,,,,,,,,,,,,,,,,,,,,,,,,,,,,,,,,,,,,,,,,,,,,,,,,,,,,,,,,,,,,,,,,,,,,,,,,,,,,,,,,,,,,,,,,,
1379,r.-3.1.0,r.-3.1.0,r.-3.1.0,,,,,,,,,,,,,,,,,,r.-3.1.0,r.-3.1.0,,,,,,r.-3.1.0,r.-3.1.0,r.-3.1.0,,,r.-3.1.0,,,,,,,,,,,r.-3.1.0,r.-3.1.0,p.1395,p.1396,p.1397,,,,,,r.-3.1.0,r.-3.1.0,r.-3.1.0,r.-3.1.0,,,,r.-3.1.0,r.-3.1.0,,,,,,,,,,,,,,,,,,,,,,,,,,,,,,,,,,,,,,,,,,,,,,,,,,,,,,,,,,,,,,,,,,,,,,,,,,,,,,,,,,,,,,,,,,,,,,,
1380,r.-71.1.0,r.-71.1.0,r.-71.1.0,,,,,,,,,,,,,p.1411,,,,,r.-71.1.0,r.-71.1.0,,p.1412,,,,r.-71.1.0,r.-71.1.0,r.-71.1.0,,,r.-71.1.0,,,,,,,,,,,r.-71.1.0,r.-71.1.0,r.-71.1.0,r.-71.1.0,r.-71.1.0,,p.1413,p.1414,p.1415,p.1416,r.-71.1.0,r.-71.1.0,r.-71.1.0,r.-71.1.0,,,,r.-71.1.0,r.-71.1.0,,,,,,,,,,,,,,,,,,,,,,,,,,,,,,,,,,,,,,,,,,,,,,,,,,,,,,,,,,,,,,,,,,,,,,,,,,,,,,,,,,,,,,,,,,,,,,,
1381,r.-51.1.0,r.-51.1.0,r.-51.1.0,,,,,,,,,,,,,r.-51.1.0,,,,,r.-51.1.0,r.-51.1.0,,r.-51.1.0,,,,r.-51.1.0,r.-51.1.0,r.-51.1.0,,,r.-51.1.0,,,,,,,,,,,r.-51.1.0,r.-51.1.0,r.-51.1.0,r.-51.1.0,r.-51.1.0,,r.-51.1.0,r.-51.1.0,r.-51.1.0,r.-51.1.0,r.-51.1.0,r.-51.1.0,r.-51.1.0,r.-51.1.0,,,,r.-51.1.0,r.-51.1.0,,,,,,,,,,,,,,,,,,,,,,,,,,,,,,,,,,,,,,,,,,,,,,,,,,,,,,,,,,,,,,,,,,,,,,,,,,,,,,,,,,,,,,,,,,,,,,,
1382,,,r.-26.1.0,,,,,,,,,,,,,,,,,,r.-26.1.0,r.-26.1.0,,,,,,r.-26.1.0,r.-26.1.0,r.-26.1.0,,,r.-26.1.0,,,,,,,,,,,r.-26.1.0,r.-26.1.0,,,,,,,,,p.1403,p.1404,p.1405,p.1406,,,,,,,,,,,,,,,,,,,,,,,,,,,,,,,,,,,,,,,,,,,,,,,,,,,,,,,,,,,,,,,,,,,,,,,,,,,,,,,,,,,,,,,,,,,,,,,,,,,,
1383,,,r.-53.1.0,,,,,,,,,,,,,,,,,,r.-53.1.0,r.-53.1.0,,,,,,r.-53.1.0,r.-53.1.0,r.-53.1.0,,,r.-53.1.0,,,,,,,,,,,r.-53.1.0,r.-53.1.0,,,,,,,,,r.-53.1.0,r.-53.1.0,r.-53.1.0,r.-53.1.0,,,,p.1389,p.1390,,,,,,,,,,,,,,,,,,,,,,,,,,,,,,,,,,,,,,,,,,,,,,,,,,,,,,,,,,,,,,,,,,,,,,,,,,,,,,,,,,,,,,,,,,,,,,,
1384,r.-52.1.0,r.-52.1.0,r.-52.1.0,,,,,,,,,,,,,r.-52.1.0,,p.1388,,,r.-52.1.0,r.-52.1.0,,r.-52.1.0,,,,r.-52.1.0,r.-52.1.0,r.-52.1.0,,,r.-52.1.0,,,,,,,,,,,r.-52.1.0,r.-52.1.0,r.-52.1.0,r.-52.1.0,r.-52.1.0,,r.-52.1.0,r.-52.1.0,r.-52.1.0,r.-52.1.0,r.-52.1.0,r.-52.1.0,r.-52.1.0,r.-52.1.0,,,,r.-52.1.0,r.-52.1.0,,,,,,,,,,,,,,,,,,,,,,,,,,,,,,,,,,,,,,,,,,,,,,,,,,,,,,,,,,,,,,,,,,,,,,,,,,,,,,,,,,,,,,,,,,,,,,,
1385,r.-10.1.0,r.-10.1.0,r.-10.1.0,,,,,,,,,,,,,,,,,,r.-10.1.0,r.-10.1.0,,,,,,r.-10.1.0,r.-10.1.0,r.-10.1.0,,,r.-10.1.0,,,,,,,,,,,r.-10.1.0,r.-10.1.0,r.-10.1.0,r.-10.1.0,r.-10.1.0,,,,,,r.-10.1.0,r.-10.1.0,r.-10.1.0,r.-10.1.0,,,,r.-10.1.0,r.-10.1.0,,,,,,,,,,,,,,,,,,,,,,,,,,,,,,,,,,,,,,,,,,,,,,,,,,,,,,,,,,,,,,,,,,,,,,,,,,,,,,,,,,,,,,,,,,,,,,,
1386,p.98,p.99,p.100,,,,,,,,,,,,,p.1354,,p.1355,,,,,,,,,p.1356,,,,p.1357,p.1358,,p.1359,,,,,,,,,,,,p.108,,,,,,p.1360,p.1361,,,,,,,,,,,,,,,,,,,,,,,,,,,,,p.1362,p.112,p.113,,,,,,,,,,,p.1387,p.1366,,,p.1368,,,,,,,,,p.1370,,,,,,,,p.1373,,p.1374,,,,,,,p.1376,,,,,,,,,,,p.1380,p.1381,,,,,,,p.1384,,,,,,,,,,,,p.1385,p.1386
1387,r.-71.2.0,r.-71.2.0,r.-71.2.0,,,,,,,,,,,,,,,,,,r.-71.2.0,r.-71.2.0,,,,,,r.-71.2.0,r.-71.2.0,r.-71.2.0,,,r.-71.2.0,,,,,,,,,,,r.-71.2.0,r.-71.2.0,r.-71.2.0,r.-71.2.0,r.-71.2.0,,,,,,r.-71.2.0,r.-71.2.0,r.-71.2.0,r.-71.2.0,,,,r.-71.2.0,r.-71.2.0,,,,,,,,,,,,,,,,,,,,,,,,,,,,,,,,,,,,,,,,,,,,,,,,,,,,,,,,,,,,,,,,,,,,,,,,,,,,,,,,,,,,,,,,,,,,,,,
1388,r.-59.2.0,r.-59.2.0,r.-59.2.0,,,,,,,,,,,,,r.-59.2.0,,r.-59.2.0,,,r.-59.2.0,r.-59.2.0,,r.-59.2.0,,,,r.-59.2.0,r.-59.2.0,r.-59.2.0,,,r.-59.2.0,,,,,,,,,,,r.-59.2.0,r.-59.2.0,r.-59.2.0,r.-59.2.0,r.-59.2.0,,r.-59.2.0,r.-59.2.0,r.-59.2.0,r.-59.2.0,r.-59.2.0,r.-59.2.0,r.-59.2.0,r.-59.2.0,,,,r.-59.2.0,r.-59.2.0,,,,,,,,,,,,,,,,,,,,,,,,,,,,,,,,,,,,,,,,,,,,,,,,,,,,,,,,,,,,,,,,,,,,,,,,,,,,,,,,,,,,,,,,,,,,,,,
1389,p.98,p.99,p.100,,,,,,,,,,,,,p.1354,,p.1355,,,,,,,,,p.1356,,,,p.1357,p.1358,,p.1359,,,,,,,,,,,,p.108,,,,,,p.1360,p.1361,,,,,,,,,,,,,,,,,,,,,,,,,,,,,p.1362,p.112,p.113,,,,p.1402,,,,,,,p.1365,p.1366,,,p.1368,,,,,,,,,p.1370,,,,,,,,p.1373,,p.1374,,,,,,,p.1376,,,,,,p.1379,,,,,p.1380,p.1381,,,,,,,p.1384,,,,,,,,,,,,p.1385,p.1386
1390,p.98,p.99,p.100,,,,,,,,,,,,,p.1354,,p.1355,,,,,,,,,p.1356,,,,p.1357,p.1358,,p.1359,,,,,,,,,,,,p.108,,,,,,p.1360,p.1361,,,,,,,,,,,,,,,,,,,,,,,,,,,,,p.1362,p.112,p.113,,,,p.1391,,,,,,,p.1365,p.1366,,,p.1368,,,,,,,,,p.1370,,,,,,,,p.1373,,p.1374,,,,,,,p.1376,,,,,,p.1379,,,,,p.1380,p.1381,,,,,,,p.1384,,,,,,,,,,,,p.1385,p.1386
1391,p.1392,p.1393,r.-55.3.0,,,,,,,,,,,,,,,,,,r.-55.3.0,r.-55.3.0,,,,,,r.-55.3.0,r.-55.3.0,r.-55.3.0,,,r.-55.3.0,,,,,,,,,,,r.-55.3.0,r.-55.3.0,,,,,,,,,r.-55.3.0,r.-55.3.0,r.-55.3.0,r.-55.3.0,,,,r.-55.3.0,r.-55.3.0,,,,,,,,,,,,,,,,,,,,,,,,,,,,,,,,,,,,,,,,,,,,,,,,,,,,,,,,,,,,,,,,,,,,,,,,,,,,,,,,,,,,,,,,,,,,,,,
1392,p.98,p.99,p.100,,,,,,,,,,,,,p.1354,,p.1355,,,,,,,,,p.1356,,,,p.1357,p.1358,,p.1359,,,,,,,,,,,,p.108,,,,,,p.1360,p.1361,,,,,,,,,,,,,,,,,,,,,,,,,,,,,p.1362,p.112,p.113,,,,,,,,,,,p.1365,p.1366,,,p.1368,,,,,,,,,p.1370,,,,,,,,p.1373,,p.1374,,,,,,,p.1376,,,,,,p.1401,,,,,p.1380,p.1381,,,,,,,p.1384,,,,,,,,,,,,p.1385,p.1386
1393,p.98,p.99,p.100,,,,,,,,,,,,,p.1354,,p.1355,,,,,,,,,p.1356,,,,p.1357,p.1358,,p.1359,,,,,,,,,,,,p.108,,,,,,p.1360,p.1361,,,,,,,,,,,,,,,,,,,,,,,,,,,,,p.1362,p.112,p.113,,,,,,,,,,,p.1365,p.1366,,,p.1368,,,,,,,,,p.1370,,,,,,,,p.1373,,p.1374,,,,,,,p.1376,,,,,,p.1394,,,,,p.1380,p.1381,,,,,,,p.1384,,,,,,,,,,,,p.1385,p.1386
1394,r.-3.3.0,r.-3.3.0,r.-3.3.0,,,,,,,,,,,,,,,,,,r.-3.3.0,r.-3.3.0,,,,,,r.-3.3.0,r.-3.3.0,r.-3.3.0,,,r.-3.3.0,,,,,,,,,,,r.-3.3.0,r.-3.3.0,p.1395,p.1396,p.1397,,,,,,r.-3.3.0,r.-3.3.0,r.-3.3.0,r.-3.3.0,,,,r.-3.3.0,r.-3.3.0,,,,,,,,,,,,,,,,,,,,,,,,,,,,,,,,,,,,,,,,,,,,,,,,,,,,,,,,,,,,,,,,,,,,,,,,,,,,,,,,,,,,,,,,,,,,,,,
1395,p.98,p.99,p.100,,,,,,,,,,,,,p.1354,,p.1355,,,,,,,,,p.1356,,,,p.1357,p.1358,,p.1359,,,,,,,,,,,,p.108,,,,,,p.1360,p.1361,,,,,,,,,,,,,,,,,,,,,,,,,,,,,p.1362,p.112,p.113,,,,,,,,,,,p.1400,p.1366,,,p.1368,,,,,,,,,p.1370,,,,,,,,p.1373,,p.1374,,,,,,,p.1376,,,,,,,,,,,p.1380,p.1381,,,,,,,p.1384,,,,,,,,,,,,p.1385,p.1386
1396,p.98,p.99,p.100,,,,,,,,,,,,,p.1354,,p.1355,,,,,,,,,p.1356,,,,p.1357,p.1358,,p.1359,,,,,,,,,,,,p.108,,,,,,p.1360,p.1361,,,,,,,,,,,,,,,,,,,,,,,,,,,,,p.1362,p.112,p.113,,,,,,,,,,,p.1399,p.1366,,,p.1368,,,,,,,,,p.1370,,,,,,,,p.1373,,p.1374,,,,,,,p.1376,,,,,,,,,,,p.1380,p.1381,,,,,,,p.1384,,,,,,,,,,,,p.1385,p.1386
1397,p.98,p.99,p.100,,,,,,,,,,,,,p.1354,,p.1355,,,,,,,,,p.1356,,,,p.1357,p.1358,,p.1359,,,,,,,,,,,,p.108,,,,,,p.1360,p.1361,,,,,,,,,,,,,,,,,,,,,,,,,,,,,p.1362,p.112,p.113,,,,,,,,,,,p.1398,p.1366,,,p.1368,,,,,,,,,p.1370,,,,,,,,p.1373,,p.1374,,,,,,,p.1376,,,,,,,,,,,p.1380,p.1381,,,,,,,p.1384,,,,,,,,,,,,p.1385,p.1386
1398,r.-46.3.0,r.-46.3.0,r.-46.3.0,,,,,,,,,,,,,,,,,,r.-46.3.0,r.-46.3.0,,,,,,r.-46.3.0,r.-46.3.0,r.-46.3.0,,,r.-46.3.0,,,,,,,,,,,r.-46.3.0,r.-46.3.0,r.-46.3.0,r.-46.3.0,r.-46.3.0,,,,,,r.-46.3.0,r.-46.3.0,r.-46.3.0,r.-46.3.0,,,,r.-46.3.0,r.-46.3.0,,,,,,,,,,,,,,,,,,,,,,,,,,,,,,,,,,,,,,,,,,,,,,,,,,,,,,,,,,,,,,,,,,,,,,,,,,,,,,,,,,,,,,,,,,,,,,,
1399,r.-46.3.0,r.-46.3.0,r.-46.3.0,,,,,,,,,,,,,,,,,,r.-46.3.0,r.-46.3.0,,,,,,r.-46.3.0,r.-46.3.0,r.-46.3.0,,,r.-46.3.0,,,,,,,,,,,r.-46.3.0,r.-46.3.0,r.-46.3.0,r.-46.3.0,r.-46.3.0,,,,,,r.-46.3.0,r.-46.3.0,r.-46.3.0,r.-46.3.0,,,,r.-46.3.0,r.-46.3.0,,,,,,,,,,,,,,,,,,,,,,,,,,,,,,,,,,,,,,,,,,,,,,,,,,,,,,,,,,,,,,,,,,,,,,,,,,,,,,,,,,,,,,,,,,,,,,,
1400,r.-46.3.0,r.-46.3.0,r.-46.3.0,,,,,,,,,,,,,,,,,,r.-46.3.0,r.-46.3.0,,,,,,r.-46.3.0,r.-46.3.0,r.-46.3.0,,,r.-46.3.0,,,,,,,,,,,r.-46.3.0,r.-46.3.0,r.-46.3.0,r.-46.3.0,r.-46.3.0,,,,,,r.-46.3.0,r.-46.3.0,r.-46.3.0,r.-46.3.0,,,,r.-46.3.0,r.-46.3.0,,,,,,,,,,,,,,,,,,,,,,,,,,,,,,,,,,,,,,,,,,,,,,,,,,,,,,,,,,,,,,,,,,,,,,,,,,,,,,,,,,,,,,,,,,,,,,,
1401,r.-3.3.0,r.-3.3.0,r.-3.3.0,,,,,,,,,,,,,,,,,,r.-3.3.0,r.-3.3.0,,,,,,r.-3.3.0,r.-3.3.0,r.-3.3.0,,,r.-3.3.0,,,,,,,,,,,r.-3.3.0,r.-3.3.0,p.1395,p.1396,p.1397,,,,,,r.-3.3.0,r.-3.3.0,r.-3.3.0,r.-3.3.0,,,,r.-3.3.0,r.-3.3.0,,,,,,,,,,,,,,,,,,,,,,,,,,,,,,,,,,,,,,,,,,,,,,,,,,,,,,,,,,,,,,,,,,,,,,,,,,,,,,,,,,,,,,,,,,,,,,,
1402,p.1392,p.1393,r.-55.3.0,,,,,,,,,,,,,,,,,,r.-55.3.0,r.-55.3.0,,,,,,r.-55.3.0,r.-55.3.0,r.-55.3.0,,,r.-55.3.0,,,,,,,,,,,r.-55.3.0,r.-55.3.0,,,,,,,,,r.-55.3.0,r.-55.3.0,r.-55.3.0,r.-55.3.0,,,,r.-55.3.0,r.-55.3.0,,,,,,,,,,,,,,,,,,,,,,,,,,,,,,,,,,,,,,,,,,,,,,,,,,,,,,,,,,,,,,,,,,,,,,,,,,,,,,,,,,,,,,,,,,,,,,,
1403,p.98,p.99,p.100,,,,,,,,,,,,,p.1354,,p.1355,,,,,,,,,p.1356,,,,p.1357,p.1358,,p.1359,,,,,,,,,,,,p.108,,,,,,p.1360,p.1361,,,,,,,,,,,,,,,,,,,,,,,,,,,,,p.1362,p.112,p.113,,,,p.1363,,,,,,,p.1365,p.1366,,,p.1368,,,,,,,,,p.1370,,,,,,,,p.1373,,p.1374,,,,,,,p.1376,,,,,,p.1379,,,,,p.1380,p.1381,,,p.1410,,,,p.1384,,,,,,,,,,,,p.1385,p.1386
1404,p.98,p.99,p.100,,,,,,,,,,,,,p.1354,,p.1355,,,,,,,,,p.1356,,,,p.1357,p.1358,,p.1359,,,,,,,,,,,,p.108,,,,,,p.1360,p.1361,,,,,,,,,,,,,,,,,,,,,,,,,,,,,p.1362,p.112,p.113,,,,p.1363,,,,,,,p.1365,p.1366,,,p.1368,,,,,,,,,p.1370,,,,,,,,p.1373,,p.1374,,,,,,,p.1376,,,,,,p.1379,,,,,p.1380,p.1381,,,p.1409,,,,p.1384,,,,,,,,,,,,p.1385,p.1386
1405,p.98,p.99,p.100,,,,,,,,,,,,,p.1354,,p.1355,,,,,,,,,p.1356,,,,p.1357,p.1358,,p.1359,,,,,,,,,,,,p.108,,,,,,p.1360,p.1361,,,,,,,,,,,,,,,,,,,,,,,,,,,,,p.1362,p.112,p.113,,,,p.1363,,,,,,,p.1365,p.1366,,,p.1368,,,,,,,,,p.1370,,,,,,,,p.1373,,p.1374,,,,,,,p.1376,,,,,,p.1379,,,,,p.1380,p.1381,,,p.1408,,,,p.1384,,,,,,,,,,,,p.1385,p.1386
1406,p.98,p.99,p.100,,,,,,,,,,,,,p.1354,,p.1355,,,,,,,,,p.1356,,,,p.1357,p.1358,,p.1359,,,,,,,,,,,,p.108,,,,,,p.1360,p.1361,,,,,,,,,,,,,,,,,,,,,,,,,,,,,p.1362,p.112,p.113,,,,p.1363,,,,,,,p.1365,p.1366,,,p.1368,,,,,,,,,p.1370,,,,,,,,p.1373,,p.1374,,,,,,,p.1376,,,,,,p.1379,,,,,p.1380,p.1381,,,p.1407,,,,p.1384,,,,,,,,,,,,p.1385,p.1386
1407,,,r.-53.3.0,,,,,,,,,,,,,,,,,,r.-53.3.0,r.-53.3.0,,,,,,r.-53.3.0,r.-53.3.0,r.-53.3.0,,,r.-53.3.0,,,,,,,,,,,r.-53.3.0,r.-53.3.0,,,,,,,,,r.-53.3.0,r.-53.3.0,r.-53.3.0,r.-53.3.0,,,,p.1389,p.1390,,,,,,,,,,,,,,,,,,,,,,,,,,,,,,,,,,,,,,,,,,,,,,,,,,,,,,,,,,,,,,,,,,,,,,,,,,,,,,,,,,,,,,,,,,,,,,,
1408,,,r.-53.3.0,,,,,,,,,,,,,,,,,,r.-53.3.0,r.-53.3.0,,,,,,r.-53.3.0,r.-53.3.0,r.-53.3.0,,,r.-53.3.0,,,,,,,,,,,r.-53.3.0,r.-53.3.0,,,,,,,,,r.-53.3.0,r.-53.3.0,r.-53.3.0,r.-53.3.0,,,,p.1389,p.1390,,,,,,,,,,,,,,,,,,,,,,,,,,,,,,,,,,,,,,,,,,,,,,,,,,,,,,,,,,,,,,,,,,,,,,,,,,,,,,,,,,,,,,,,,,,,,,,
1409,,,r.-53.3.0,,,,,,,,,,,,,,,,,,r.-53.3.0,r.-53.3.0,,,,,,r.-53.3.0,r.-53.3.0,r.-53.3.0,,,r.-53.3.0,,,,,,,,,,,r.-53.3.0,r.-53.3.0,,,,,,,,,r.-53.3.0,r.-53.3.0,r.-53.3.0,r.-53.3.0,,,,p.1389,p.1390,,,,,,,,,,,,,,,,,,,,,,,,,,,,,,,,,,,,,,,,,,,,,,,,,,,,,,,,,,,,,,,,,,,,,,,,,,,,,,,,,,,,,,,,,,,,,,,
1410,,,r.-53.3.0,,,,,,,,,,,,,,,,,,r.-53.3.0,r.-53.3.0,,,,,,r.-53.3.0,r.-53.3.0,r.-53.3.0,,,r.-53.3.0,,,,,,,,,,,r.-53.3.0,r.-53.3.0,,,,,,,,,r.-53.3.0,r.-53.3.0,r.-53.3.0,r.-53.3.0,,,,p.1389,p.1390,,,,,,,,,,,,,,,,,,,,,,,,,,,,,,,,,,,,,,,,,,,,,,,,,,,,,,,,,,,,,,,,,,,,,,,,,,,,,,,,,,,,,,,,,,,,,,,
1411,p.98,p.99,p.100,,,,,,,,,,,,,p.207,p.1421,p.208,,,,,,,,,p.210,,,,p.211,p.263,,p.213,,,,,,,,,,,,p.108,,,,,,p.214,p.215,,,,,,,,,,,,,,,,,,,,,,,,,,,,,p.228,p.112,p.113,,,,p.229,p.230,p.1422,p.521,,,,p.232,p.233,,p.234,p.235,,,,,,,,,p.237,,,p.238,p.239,,,,p.241,,p.242,,p.243,,,,,p.244,,,,p.245,p.246,p.247,,,,,p.248,p.249,p.250,,p.251,,,,p.253,,,,,,,,,,,,p.260,p.261
1412,p.98,p.99,p.100,,,,,,,,,,,,,p.170,,p.171,,,,,,,,,p.172,,,,p.173,p.174,,p.175,,,,,,,,,,,,p.108,,,,,,p.176,p.177,,,,,,,,,,,,,,,,,,,,,,,,,,,,,p.178,p.112,p.113,,,,p.179,p.180,,p.181,,,,p.182,p.183,,p.184,p.185,,,,,,,,,p.186,,,p.187,p.188,p.1419,,,p.190,,p.191,,p.192,,,,,p.193,,,,p.194,p.195,p.196,,,,,p.197,p.198,p.199,,p.200,,,,p.201,,,,,,,,,,,,p.202,p.203
1413,,,,,,,,,,,,,,,,,,,,,,,,,,,,,,,,p.1358,,,,,,,,,,,,,,,,,,,,,,,,,,,,,,,,,,,,,,,,,,,,,,,,,,,,,,,,,,,,,,,,,,,,,,,,,,,,,,,,,,,,,,p.1418,,,,,,,,,,,,,,,,,,,,,,,,,,,,,,,,,,,,,,,
1414,,,,,,,,,,,,,,,,,,,,,,,,,,,,,,,,p.1358,,,,,,,,,,,,,,,,,,,,,,,,,,,,,,,,,,,,,,,,,,,,,,,,,,,,,,,,,,,,,,,,,,,,,,,,,,,,,,,,,,,,,,p.1417,,,,,,,,,,,,,,,,,,,,,,,,,,,,,,,,,,,,,,,
1415,r.-51.2.0,r.-51.2.0,r.-51.2.0,,,,,,,,,,,,,r.-51.2.0,,,,,r.-51.2.0,r.-51.2.0,,r.-51.2.0,,,,r.-51.2.0,r.-51.2.0,r.-51.2.0,,,r.-51.2.0,,,,,,,,,,,r.-51.2.0,r.-51.2.0,r.-51.2.0,r.-51.2.0,r.-51.2.0,,r.-51.2.0,r.-51.2.0,r.-51.2.0,r.-51.2.0,r.-51.2.0,r.-51.2.0,r.-51.2.0,r.-51.2.0,,,,r.-51.2.0,r.-51.2.0,,,,,,,,,,,,,,,,,,,,,,,,,,,,,,,,,,,,,,,,,,,,,,,,,,,,,,,,,,,,,,,,,,,,,,,,,,,,,,,,,,,,,,,,,,,,,,,
1416,r.-51.2.0,r.-51.2.0,r.-51.2.0,,,,,,,,,,,,,r.-51.2.0,,,,,r.-51.2.0,r.-51.2.0,,r.-51.2.0,,,,r.-51.2.0,r.-51.2.0,r.-51.2.0,,,r.-51.2.0,,,,,,,,,,,r.-51.2.0,r.-51.2.0,r.-51.2.0,r.-51.2.0,r.-51.2.0,,r.-51.2.0,r.-51.2.0,r.-51.2.0,r.-51.2.0,r.-51.2.0,r.-51.2.0,r.-51.2.0,r.-51.2.0,,,,r.-51.2.0,r.-51.2.0,,,,,,,,,,,,,,,,,,,,,,,,,,,,,,,,,,,,,,,,,,,,,,,,,,,,,,,,,,,,,,,,,,,,,,,,,,,,,,,,,,,,,,,,,,,,,,,
1417,r.-51.3.0,r.-51.3.0,r.-51.3.0,,,,,,,,,,,,,r.-51.3.0,,,,,r.-51.3.0,r.-51.3.0,,r.-51.3.0,,,,r.-51.3.0,r.-51.3.0,r.-51.3.0,,,r.-51.3.0,,,,,,,,,,,r.-51.3.0,r.-51.3.0,r.-51.3.0,r.-51.3.0,r.-51.3.0,,r.-51.3.0,r.-51.3.0,r.-51.3.0,r.-51.3.0,r.-51.3.0,r.-51.3.0,r.-51.3.0,r.-51.3.0,,,,r.-51.3.0,r.-51.3.0,,,,,,,,,,,,,,,,,,,,,,,,,,,,,,,,,,,,,,,,,,,,,,,,,,,,,,,,,,,,,,,,,,,,,,,,,,,,,,,,,,,,,,,,,,,,,,,
1418,r.-51.3.0,r.-51.3.0,r.-51.3.0,,,,,,,,,,,,,r.-51.3.0,,,,,r.-51.3.0,r.-51.3.0,,r.-51.3.0,,,,r.-51.3.0,r.-51.3.0,r.-51.3.0,,,r.-51.3.0,,,,,,,,,,,r.-51.3.0,r.-51.3.0,r.-51.3.0,r.-51.3.0,r.-51.3.0,,r.-51.3.0,r.-51.3.0,r.-51.3.0,r.-51.3.0,r.-51.3.0,r.-51.3.0,r.-51.3.0,r.-51.3.0,,,,r.-51.3.0,r.-51.3.0,,,,,,,,,,,,,,,,,,,,,,,,,,,,,,,,,,,,,,,,,,,,,,,,,,,,,,,,,,,,,,,,,,,,,,,,,,,,,,,,,,,,,,,,,,,,,,,
1419,,,,p.516,,,,,,,,,,,,,,,,,,,,,p.1420,,,,,,,,,,,,,,,,,,,,,,,,,,,,,,,,,,,,,,,,,,,,,,,,,,,,,,,,,,,,,,,,,,,,,,,,,,,,,,,,,,,,,,,,,,,,,,,,,,,,,,,,,,,,,,,,,,,,,,,,,,,,,,,,,,,,
1420,r.-51.4.0,r.-51.4.0,r.-51.4.0,,,,,,,,,,,,,r.-51.4.0,,,,,r.-51.4.0,r.-51.4.0,,r.-51.4.0,,,,r.-51.4.0,r.-51.4.0,r.-51.4.0,,,r.-51.4.0,,,,,,,,,,,r.-51.4.0,r.-51.4.0,r.-51.4.0,r.-51.4.0,r.-51.4.0,,r.-51.4.0,r.-51.4.0,r.-51.4.0,r.-51.4.0,r.-51.4.0,r.-51.4.0,r.-51.4.0,r.-51.4.0,,,,r.-51.4.0,r.-51.4.0,,,,,,,,,,,,,,,,,,,,,,,,,,,,,,,,,,,,,,,,,,,,,,,,,,,,,,,,,,,,,,,,,,,,,,,,,,,,,,,,,,,,,,,,,,,,,,,
1421,r.-51.3.0,r.-51.3.0,r.-51.3.0,,,,,,,,,,,,,r.-51.3.0,,,,,r.-51.3.0,r.-51.3.0,,r.-51.3.0,,,,r.-51.3.0,r.-51.3.0,r.-51.3.0,,,r.-51.3.0,,,,,,,,,,,r.-51.3.0,r.-51.3.0,r.-51.3.0,r.-51.3.0,r.-51.3.0,,r.-51.3.0,r.-51.3.0,r.-51.3.0,r.-51.3.0,r.-51.3.0,r.-51.3.0,r.-51.3.0,r.-51.3.0,,,,r.-51.3.0,r.-51.3.0,,,,,,,,,,,,,,,,,,,,,,,,,,,,,,,,,,,,,,,,,,,,,,,,,,,,,,,,,,,,,,,,,,,,,,,,,,,,,,,,,,,,,,,,,,,,,,,
1422,,,,p.522,,,,,,,,,,,,,p.1423,,,,,,,,,,,,,,,,,,,,,,,,,,,,,,,,,,,,,,,,,,,,,,,,,,,,,,,,,,,,,,,,,,,,,,,,,,,,,,,,,,,,,,,,,,,,,,,,,,,,,,,,,,,,,,,,,,,,,,,,,,,,,,,,,,,,,,,,,,,,
1423,r.-51.4.0,r.-51.4.0,r.-51.4.0,,,,,,,,,,,,,r.-51.4.0,,,,,r.-51.4.0,r.-51.4.0,,r.-51.4.0,,,,r.-51.4.0,r.-51.4.0,r.-51.4.0,,,r.-51.4.0,,,,,,,,,,,r.-51.4.0,r.-51.4.0,r.-51.4.0,r.-51.4.0,r.-51.4.0,,r.-51.4.0,r.-51.4.0,r.-51.4.0,r.-51.4.0,r.-51.4.0,r.-51.4.0,r.-51.4.0,r.-51.4.0,,,,r.-51.4.0,r.-51.4.0,,,,,,,,,,,,,,,,,,,,,,,,,,,,,,,,,,,,,,,,,,,,,,,,,,,,,,,,,,,,,,,,,,,,,,,,,,,,,,,,,,,,,,,,,,,,,,,
1424,p.98,p.99,p.100,,,,,,,,,,,,,p.540,,p.541,,,,,,,,,p.542,,,,p.543,p.544,,p.545,,,,,,,,,,,,p.108,,,,,,p.546,p.547,,,,,,,,,,,,,,,,,,,,,,,,,,,,,p.548,p.112,p.113,,,,p.549,p.550,,p.551,,,,p.552,p.553,,p.554,p.555,,,,,,,,,p.556,,,p.557,p.558,p.1439,,,p.560,,p.561,,p.562,,,,,p.563,,,,p.564,p.565,p.566,,,,,p.567,p.568,p.569,,p.570,,,,p.571,,,,,,,,,,,,p.572,p.573
1425,p.98,p.99,p.100,,,,,,,,,,,,,p.1354,,p.1355,,,,,,,,,p.1356,,,,p.1357,p.1358,,p.1359,,,,,,,,,,,,p.108,,,,,,p.1360,p.1361,,,,,,,,,,,,,,,,,,,,,,,,,,,,,p.1362,p.112,p.113,,,,p.1363,p.1364,,,,,,p.1365,p.1366,,,p.1368,,,,,,,,,p.1370,,,p.1371,p.1372,,,,p.1373,,p.1374,,p.1375,,,,,p.1376,,,,p.1426,,p.1379,,,,,p.1380,p.1381,p.1382,,p.1383,,,,p.1384,,,,,,,,,,,,p.1385,p.1386
1426,,,,,,,,,,,,,,,,,,,,,r.-45.3.0,r.-45.3.0,,,,,,,,,,,,,,,,,,,,,,p.1427,r.-45.3.0,,,,,,,,,,,,,,,,,,,,,,,,,,,,,,,,,,,,,,,,,,,,,,,,,,,,,,,,,,,,,,,,,,,,,,,,,,,,,,,,,,,,,,,,,,,,,,,,,,,,,,,,,,,,,,,,
1427,p.98,p.99,p.100,,,,,,,,,,,,,p.1354,,p.1355,,,,,,,,,p.1356,,,,p.1357,p.1358,,p.1359,,,,,,,,,,,,p.108,,,,,,p.1360,p.1361,,,,,,,,,,,,,,,,,,,,,,,,,,,,,p.1362,p.112,p.113,,,,p.1363,p.1364,,,,,,p.1365,p.1366,,,p.1368,,,,,,,,,p.1370,,,p.1371,p.1372,,,,p.1373,,p.1374,,p.1428,,,,,p.1376,,,,,,p.1379,,,,,p.1380,p.1381,p.1382,,p.1383,,,,p.1384,,,,,,,,,,,,p.1385,p.1386
1428,,,,,,,,,,,,,,,,,,,,,r.-44.3.0,r.-44.3.0,,,,,,,,,,,p.1429,,,,,,,,,,,r.-44.3.0,r.-44.3.0,,,,,,,,,,,,,,,,,,,,,,,,,,,,,,,,,,,,,,,,,,,,,,,,,,,,,,,,,,,,,,,,,,,,,,,,,,,,,,,,,,,,,,,,,,,,,,,,,,,,,,,,,,,,,,,,
1429,p.98,p.99,p.100,,,,,,,,,,,,,p.1354,,p.1355,,,,,,,,,p.1356,,,,p.1357,p.1358,,p.1359,,,,,,,,,,,,p.108,,,,,,p.1360,p.1361,,,,,,,,,,,,,,,,,,,,,,,,,,,,,p.1362,p.112,p.113,,,,p.1363,p.1364,,,,,,p.1365,p.1366,,,p.1368,,,,,,,,,p.1370,,,p.1371,p.1430,,,,p.1373,,p.1374,,,,,,,p.1376,,,,,,p.1379,,,,,p.1380,p.1381,p.1382,,p.1383,,,,p.1384,,,,,,,,,,,,p.1385,p.1386
1430,,,,,,,,,,,,,,,,,,,,,r.-35.3.0,r.-35.3.0,,,,,,,,p.1431,,,r.-35.3.0,,,,,,,,,,,r.-35.3.0,r.-35.3.0,,,,,,,,,,,,,,,,,,,,,,,,,,,,,,,,,,,,,,,,,,,,,,,,,,,,,,,,,,,,,,,,,,,,,,,,,,,,,,,,,,,,,,,,,,,,,,,,,,,,,,,,,,,,,,,,
1431,p.98,p.99,p.100,,,,,,,,,,,,,p.1354,,p.1355,,,,,,,,,p.1356,,,,p.1357,p.1358,,p.1359,,,,,,,,,,,,p.108,,,,,,p.1360,p.1361,,,,,,,,,,,,,,,,,,,,,,,,,,,,,p.1362,p.112,p.113,,,,p.1363,p.1432,,,,,,p.1365,p.1366,,,p.1368,,,,,,,,,p.1370,,,p.1371,,,,,p.1373,,p.1374,,,,,,,p.1376,,,,,,p.1379,,,,,p.1380,p.1381,p.1382,,p.1383,,,,p.1384,,,,,,,,,,,,p.1385,p.1386
1432,,,p.1433,,,,,,,,,,,,,,,,,,r.-27.3.0,r.-27.3.0,,,,,,,,r.-27.3.0,,,r.-27.3.0,,,,,,,,,,,r.-27.3.0,r.-27.3.0,,,,,,,,,,,,,,,,,,,,,,,,,,,,,,,,,,,,,,,,,,,,,,,,,,,,,,,,,,,,,,,,,,,,,,,,,,,,,,,,,,,,,,,,,,,,,,,,,,,,,,,,,,,,,,,,
1433,p.98,p.99,p.100,,,,,,,,,,,,,p.1354,,p.1355,,,,,,,,,p.1356,,,,p.1357,p.1358,,p.1359,,,,,,,,,,,,p.108,,,,,,p.1360,p.1361,,,,,,,,,,,,,,,,,,,,,,,,,,,,,p.1362,p.112,p.113,,,,p.1363,,,,,,,p.1365,p.1366,,,p.1368,,,,,,,,,p.1370,,,p.1434,,,,,p.1373,,p.1374,,,,,,,p.1376,,,,,,p.1379,,,,,p.1380,p.1381,p.1382,,p.1383,,,,p.1384,,,,,,,,,,,,p.1385,p.1386
1434,,,r.-4.3.0,,,,,,,,,,,,,,,,,,r.-4.3.0,r.-4.3.0,,,,,,p.1435,p.1436,r.-4.3.0,,,r.-4.3.0,,,,,,,,,,,r.-4.3.0,r.-4.3.0,,,,,,,,,,,,,,,,,,,,,,,,,,,,,,,,,,,,,,,,,,,,,,,,,,,,,,,,,,,,,,,,,,,,,,,,,,,,,,,,,,,,,,,,,,,,,,,,,,,,,,,,,,,,,,,,
1435,p.98,p.99,p.100,,,,,,,,,,,,,p.1354,,p.1355,,,,,,,,,p.1356,,,,p.1357,p.1358,,p.1359,,,,,,,,,,,,p.108,,,,,,p.1360,p.1361,,,,,,,,,,,,,,,,,,,,,,,,,,,,,p.1362,p.112,p.113,,,,p.1363,,,,,,,p.1365,p.1366,,,p.1368,,,,,,,,,p.1370,,,,,,,,p.1373,,p.1374,,,,,,,p.1376,,,,,,p.1379,,,,,p.1380,p.1381,p.1438,,p.1383,,,,p.1384,,,,,,,,,,,,p.1385,p.1386
1436,p.98,p.99,p.100,,,,,,,,,,,,,p.1354,,p.1355,,,,,,,,,p.1356,,,,p.1357,p.1358,,p.1359,,,,,,,,,,,,p.108,,,,,,p.1360,p.1361,,,,,,,,,,,,,,,,,,,,,,,,,,,,,p.1362,p.112,p.113,,,,p.1363,,,,,,,p.1365,p.1366,,,p.1368,,,,,,,,,p.1370,,,,,,,,p.1373,,p.1374,,,,,,,p.1376,,,,,,p.1379,,,,,p.1380,p.1381,p.1437,,p.1383,,,,p.1384,,,,,,,,,,,,p.1385,p.1386
1437,,,r.-26.3.0,,,,,,,,,,,,,,,,,,r.-26.3.0,r.-26.3.0,,,,,,r.-26.3.0,r.-26.3.0,r.-26.3.0,,,r.-26.3.0,,,,,,,,,,,r.-26.3.0,r.-26.3.0,,,,,,,,,p.1403,p.1404,p.1405,p.1406,,,,,,,,,,,,,,,,,,,,,,,,,,,,,,,,,,,,,,,,,,,,,,,,,,,,,,,,,,,,,,,,,,,,,,,,,,,,,,,,,,,,,,,,,,,,,,,,,,,,
1438,,,r.-26.3.0,,,,,,,,,,,,,,,,,,r.-26.3.0,r.-26.3.0,,,,,,r.-26.3.0,r.-26.3.0,r.-26.3.0,,,r.-26.3.0,,,,,,,,,,,r.-26.3.0,r.-26.3.0,,,,,,,,,p.1403,p.1404,p.1405,p.1406,,,,,,,,,,,,,,,,,,,,,,,,,,,,,,,,,,,,,,,,,,,,,,,,,,,,,,,,,,,,,,,,,,,,,,,,,,,,,,,,,,,,,,,,,,,,,,,,,,,,
1439,,,,p.683,,,,,,,,,,,,,,,,,,p.1440,,,,,,,,,,,,,,,,,,,,,,,,,,,,,,,,,,,,,,,,,,,,,,,,,,,,,,,,,,,,,,,,,,,,,,,,,,,,,,,,,,,,,,,,,,,,,,,,,,,,,,,,,,,,,,,,,,,,,,,,,,,,,,,,,,,,,,,
1440,p.98,p.99,p.100,,,,,,,,,,,,,p.1354,,p.1355,,,,,,,,,p.1356,,,,p.1357,p.1358,,p.1359,,,,,,,,,,,,p.108,,,,,,p.1360,p.1361,,,,,,,,,,,,,,,,,,,,,,,,,,,,,p.1362,p.112,p.113,,,,p.1363,p.1364,,,,,,p.1365,p.1366,,p.1441,p.1368,,,,,,,,,p.1370,,,p.1371,p.1372,,,,p.1373,,p.1374,,p.1375,,,,,p.1376,,,,p.1377,p.1378,p.1379,,,,,p.1380,p.1381,p.1382,,p.1383,,,,p.1384,,,,,,,,,,,,p.1385,p.1386
1441,,,,,,,,,,,,,,,,,,,,,,r.-13.5.0,,,,,,,,,,,,,,,,,,,,,,,,,,,,,,,,,,,,,,,,,,,,,,,,,,,,,,,,,,,,,,,,,,,,,,,,,,,,,,,,,,,,,,,,,,,,,,,,,,,,,,,,,,,,,,,,,,,,,,,,,,,,,,,,,,,,,,,
1442,p.98,p.99,p.100,,,,,,,,,,,,,p.1145,,p.1146,p.1315,,,,p.1316,,,,p.1148,,,,p.1149,p.1298,,p.1151,p.1317,p.1318,p.1319,p.1320,p.1321,p.1322,p.1323,p.1324,p.1325,,,p.108,,,,,,p.1152,p.1153,,,,,p.1326,,p.1327,,,,,,,,,,,,,,,,,,,,,,p.1154,p.112,p.113,,,,p.998,p.999,,p.1283,,,,p.1000,p.1156,p.1328,p.1157,p.1158,,,,,,,,,p.1159,,,p.1006,p.1007,p.1329,p.1330,,p.1160,,p.1331,,p.1010,,,,,p.1163,p.1332,p.1333,p.1334,p.1012,p.1013,p.1014,,,,,p.1164,p.1165,p.1017,p.1335,p.1018,,p.1443,,p.1166,,,,,,,,,,,,p.1167,p.1168
1443,r.-43.4.0,r.-43.4.0,r.-43.4.0,,,,,,,,,,,,,r.-43.4.0,,r.-43.4.0,r.-43.4.0,r.-43.4.0,,,r.-43.4.0,,,r.-43.4.0,r.-43.4.0,,,,r.-43.4.0,r.-43.4.0,,r.-43.4.0,r.-43.4.0,r.-43.4.0,r.-43.4.0,r.-43.4.0,r.-43.4.0,r.-43.4.0,r.-43.4.0,r.-43.4.0,r.-43.4.0,,,r.-43.4.0,,,,,,r.-43.4.0,r.-43.4.0,,,,,r.-43.4.0,r.-43.4.0,r.-43.4.0,,,r.-43.4.0,r.-43.4.0,r.-43.4.0,r.-43.4.0,r.-43.4.0,r.-43.4.0,r.-43.4.0,r.-43.4.0,r.-43.4.0,r.-43.4.0,r.-43.4.0,r.-43.4.0,r.-43.4.0,r.-43.4.0,r.-43.4.0,r.-43.4.0,r.-43.4.0,r.-43.4.0,r.-43.4.0,r.-43.4.0,r.-43.4.0,r.-43.4.0,,,,,,,,,,,,,,,,,,,,,,,,,,,,,,,,,,,,,,,,,,,,,,,,,,,,,,,,,,,,,,,,,,,,,,,,,
1444,p.98,p.99,p.100,,,,,,,,,,,,,p.207,,p.208,,,,,,,,p.209,p.210,,,,p.211,p.212,,p.213,,,,,,,,,,,,p.108,,,,,,p.214,p.215,,,,,,,,,,,,,,,p.11,p.12,p.216,p.217,p.218,p.219,p.220,p.221,p.222,p.223,p.224,p.225,p.226,p.227,p.228,p.112,p.113,,,,p.229,p.230,,p.231,,,,p.232,p.233,,p.234,p.235,,,,,,,,p.236,p.237,,,p.238,p.239,p.1446,,,p.241,,p.242,,p.243,,,,,p.244,,,,p.245,p.246,p.247,,,,,p.248,p.249,p.250,,p.251,p.252,,,p.253,,,,,p.254,p.255,p.1447,p.257,,p.258,p.259,p.260,p.261
1445,r.-71.2.0,r.-71.2.0,r.-71.2.0,,,,,,,,,,,,,,,,,,r.-71.2.0,r.-71.2.0,,,,,,r.-71.2.0,r.-71.2.0,r.-71.2.0,,,r.-71.2.0,,,,,,,,,,,r.-71.2.0,r.-71.2.0,r.-71.2.0,r.-71.2.0,r.-71.2.0,,,,,,r.-71.2.0,r.-71.2.0,r.-71.2.0,r.-71.2.0,,,,r.-71.2.0,r.-71.2.0,,,,,,,,,,,,,,,,,,,,,,,,,,,,,,,,,,,,,,,,,,,,,,,,,,,,,,,,,,,,,,,,,,,,,,,,,,,,,,,,,,,,,,,,,,,,,,,
1446,,,,p.270,,,,,,,,,,,,,p.1449,,,,,,,,,,,,,,,,,,,,,,,,,,,,,,,,,,,,,,,,,,,,,,,,,,,,,,,,,,,,,,,,,,,,,,,,,,,,,,,,,,,,,,,,,,,,,,,,,,,,,,,,,,,,,,,,,,,,,,,,,,,,,,,,,,,,,,,,,,,,
1447,,,,,,,,,,,,,,,,,p.1448,,,,,,,,,,,,,,,,,,,,,,,,,,,,,,,,,,,,,,,,,,,,,,,,,,,,,,,,,,,,,,,,,,,,,,,,,,,,,,,,,,,,,,,,,,,,,,,,,,,,,,,,,,,,,,,,,,,,,,,,,,,,,,,,,,,,,,,,,,,,
1448,r.-71.4.0,r.-71.4.0,r.-71.4.0,,,,,,,,,,,,,,,,,,r.-71.4.0,r.-71.4.0,,,,,,r.-71.4.0,r.-71.4.0,r.-71.4.0,,,r.-71.4.0,,,,,,,,,,,r.-71.4.0,r.-71.4.0,r.-71.4.0,r.-71.4.0,r.-71.4.0,,,,,,r.-71.4.0,r.-71.4.0,r.-71.4.0,r.-71.4.0,,,,r.-71.4.0,r.-71.4.0,,,,,,,,,,,,,,,,,,,,,,,,,,,,,,,,,,,,,,,,,,,,,,,,,,,,,,,,,,,,,,,,,,,,,,,,,,,,,,,,,,,,,,,,,,,,,,,
1449,r.-52.3.0,r.-52.3.0,r.-52.3.0,,,,,,,,,,,,,r.-52.3.0,,,,,r.-52.3.0,r.-52.3.0,,r.-52.3.0,,,,r.-52.3.0,r.-52.3.0,r.-52.3.0,,,r.-52.3.0,,,,,,,,,,,r.-52.3.0,r.-52.3.0,r.-52.3.0,r.-52.3.0,r.-52.3.0,,r.-52.3.0,r.-52.3.0,r.-52.3.0,r.-52.3.0,r.-52.3.0,r.-52.3.0,r.-52.3.0,r.-52.3.0,,,,r.-52.3.0,r.-52.3.0,,,,,,,,,,,,,,,,,,,,,,,,,,,,,,,,,,,,,,,,,,,,,,,,,,,,,,,,,,,,,,,,,,,,,,,,,,,,,,,,,,,,,,,,,,,,,,,
1450,p.98,p.99,p.100,,,,,,,,,,,,,p.207,,p.208,,,,,,,,,p.210,,,,p.211,p.263,,p.213,,,,,,,,,,,,p.108,,,,,,p.214,p.215,,,,,,,,,,,,,,,,,,,,,,,,,,,,,p.228,p.112,p.113,,,,p.229,p.230,,p.231,,,,p.232,p.233,,p.234,p.235,,,,,,,,,p.237,,,p.238,p.239,p.1446,,,p.241,,p.242,,p.243,,,,,p.244,,,,p.245,p.246,p.247,,,,,p.248,p.249,p.250,,p.251,,,,p.253,,,,,,,,,,,,p.260,p.261
1451,r.-71.2.0,r.-71.2.0,r.-71.2.0,,,,,,,,,,,,,,,,,,r.-71.2.0,r.-71.2.0,,,,,,r.-71.2.0,r.-71.2.0,r.-71.2.0,,,r.-71.2.0,,,,,,,,,,,r.-71.2.0,r.-71.2.0,r.-71.2.0,r.-71.2.0,r.-71.2.0,,,,,,r.-71.2.0,r.-71.2.0,r.-71.2.0,r.-71.2.0,,,,r.-71.2.0,r.-71.2.0,,,,,,,,,,,,,,,,,,,,,,,,,,,,,,,,,,,,,,,,,,,,,,,,,,,,,,,,,,,,,,,,,,,,,,,,,,,,,,,,,,,,,,,,,,,,,,,
1452,r.-71.2.0,r.-71.2.0,r.-71.2.0,,,,,,,,,,,,,,,,,,r.-71.2.0,r.-71.2.0,,,,,,r.-71.2.0,r.-71.2.0,r.-71.2.0,,,r.-71.2.0,,,,,,,,,,,r.-71.2.0,r.-71.2.0,r.-71.2.0,r.-71.2.0,r.-71.2.0,,,,,,r.-71.2.0,r.-71.2.0,r.-71.2.0,r.-71.2.0,,,,r.-71.2.0,r.-71.2.0,,,,,,,,,,,,,,,,,,,,,,,,,,,,,,,,,,,,,,,,,,,,,,,,,,,,,,,,,,,,,,,,,,,,,,,,,,,,,,,,,,,,,,,,,,,,,,,
1453,,,,,,,,,,,,,,,,,p.1454,,,,,,,,,,,,,,,,,,,,,,,,,,,,,,,,,,,,,,,,,,,,,,,,,,,,,,,,,,,,,,,,,,,,,,,,,,,,,,,,,,,,,,,,,,,,,,,,,,,,,,,,,,,,,,,,,,,,,,,,,,,,,,,,,,,,,,,,,,,,
1454,p.98,p.99,p.100,,,,,,,,,,,,,p.1354,,p.1355,,,,,,,,,p.1356,,,,p.1357,p.1358,,p.1359,,,,,,,,,,,,p.108,,,,,,p.1360,p.1361,,,,,,,,,,,,,,,,,,,,,,,,,,,,,p.1362,p.112,p.113,,,,,,,,,,,p.1455,p.1366,,,p.1368,,,,,,,,,p.1370,,,,,,,,p.1373,,p.1374,,,,,,,p.1376,,,,,,,,,,,p.1380,p.1381,,,,,,,p.1384,,,,,,,,,,,,p.1385,p.1386
1455,r.-10.4.0,r.-10.4.0,r.-10.4.0,,,,,,,,,,,,,,,,,,r.-10.4.0,r.-10.4.0,,,,,,r.-10.4.0,r.-10.4.0,r.-10.4.0,,,r.-10.4.0,,,,,,,,,,,r.-10.4.0,r.-10.4.0,r.-10.4.0,r.-10.4.0,r.-10.4.0,,,,,,r.-10.4.0,r.-10.4.0,r.-10.4.0,r.-10.4.0,,,,r.-10.4.0,r.-10.4.0,,,,,,,,,,,,,,,,,,,,,,,,,,,,,,,,,,,,,,,,,,,,,,,,,,,,,,,,,,,,,,,,,,,,,,,,,,,,,,,,,,,,,,,,,,,,,,,
1456,r.-42.2.0,r.-42.2.0,r.-42.2.0,,,,,,,,,,,,,r.-42.2.0,,r.-42.2.0,r.-42.2.0,r.-42.2.0,,,r.-42.2.0,,,r.-42.2.0,r.-42.2.0,,,,r.-42.2.0,r.-42.2.0,,r.-42.2.0,r.-42.2.0,r.-42.2.0,r.-42.2.0,r.-42.2.0,r.-42.2.0,r.-42.2.0,r.-42.2.0,r.-42.2.0,r.-42.2.0,,,r.-42.2.0,,,,,,r.-42.2.0,r.-42.2.0,,,,,r.-42.2.0,r.-42.2.0,r.-42.2.0,,,r.-42.2.0,r.-42.2.0,r.-42.2.0,r.-42.2.0,r.-42.2.0,r.-42.2.0,r.-42.2.0,r.-42.2.0,r.-42.2.0,r.-42.2.0,r.-42.2.0,r.-42.2.0,r.-42.2.0,r.-42.2.0,r.-42.2.0,r.-42.2.0,r.-42.2.0,r.-42.2.0,r.-42.2.0,r.-42.2.0,r.-42.2.0,r.-42.2.0,,,,,,,,,,,,,,,,,,,,,,,,,,,,,,,,,,,,,,,,,,,,,,,,,,,,,,,,,,,,,,,,,,,,,,,,,
1457,,,,p.1300,,,,,,,,,,,,,,,,,,,p.1458,,,,,,,,,,,,,,,,,,,,,,,,,,,,,,,,,,,,,,,,,,,,,,,,,,,,,,,,,,,,,,,,,,,,,,,,,,,,,,,,,,,,,,,,,,,,,,,,,,,,,,,,,,,,,,,,,,,,,,,,,,,,,,,,,,,,,,
1458,r.-42.3.0,r.-42.3.0,r.-42.3.0,,,,,,,,,,,,,r.-42.3.0,,r.-42.3.0,r.-42.3.0,r.-42.3.0,,,r.-42.3.0,,,r.-42.3.0,r.-42.3.0,,,,r.-42.3.0,r.-42.3.0,,r.-42.3.0,r.-42.3.0,r.-42.3.0,r.-42.3.0,r.-42.3.0,r.-42.3.0,r.-42.3.0,r.-42.3.0,r.-42.3.0,r.-42.3.0,,,r.-42.3.0,,,,,,r.-42.3.0,r.-42.3.0,,,,,r.-42.3.0,r.-42.3.0,r.-42.3.0,,,r.-42.3.0,r.-42.3.0,r.-42.3.0,r.-42.3.0,r.-42.3.0,r.-42.3.0,r.-42.3.0,r.-42.3.0,r.-42.3.0,r.-42.3.0,r.-42.3.0,r.-42.3.0,r.-42.3.0,r.-42.3.0,r.-42.3.0,r.-42.3.0,r.-42.3.0,r.-42.3.0,r.-42.3.0,r.-42.3.0,r.-42.3.0,r.-42.3.0,,,,,,,,,,,,,,,,,,,,,,,,,,,,,,,,,,,,,,,,,,,,,,,,,,,,,,,,,,,,,,,,,,,,,,,,,
1459,r.-42.2.0,r.-42.2.0,r.-42.2.0,,,,,,,,,,,,,r.-42.2.0,,r.-42.2.0,r.-42.2.0,r.-42.2.0,,,r.-42.2.0,,,r.-42.2.0,r.-42.2.0,,,,r.-42.2.0,r.-42.2.0,,r.-42.2.0,r.-42.2.0,r.-42.2.0,r.-42.2.0,r.-42.2.0,r.-42.2.0,r.-42.2.0,r.-42.2.0,r.-42.2.0,r.-42.2.0,,,r.-42.2.0,,,,,,r.-42.2.0,r.-42.2.0,,,,,r.-42.2.0,r.-42.2.0,r.-42.2.0,,,r.-42.2.0,r.-42.2.0,r.-42.2.0,r.-42.2.0,r.-42.2.0,r.-42.2.0,r.-42.2.0,r.-42.2.0,r.-42.2.0,r.-42.2.0,r.-42.2.0,r.-42.2.0,r.-42.2.0,r.-42.2.0,r.-42.2.0,r.-42.2.0,r.-42.2.0,r.-42.2.0,r.-42.2.0,r.-42.2.0,r.-42.2.0,r.-42.2.0,,,,,,,,,,,,,,,,,,,,,,,,,,,,,,,,,,,,,,,,,,,,,,,,,,,,,,,,,,,,,,,,,,,,,,,,,
1460,r.-42.2.0,r.-42.2.0,r.-42.2.0,,,,,,,,,,,,,r.-42.2.0,,r.-42.2.0,r.-42.2.0,r.-42.2.0,,,r.-42.2.0,,,r.-42.2.0,r.-42.2.0,,,,r.-42.2.0,r.-42.2.0,,r.-42.2.0,r.-42.2.0,r.-42.2.0,r.-42.2.0,r.-42.2.0,r.-42.2.0,r.-42.2.0,r.-42.2.0,r.-42.2.0,r.-42.2.0,,,r.-42.2.0,,,,,,r.-42.2.0,r.-42.2.0,,,,,r.-42.2.0,r.-42.2.0,r.-42.2.0,,,r.-42.2.0,r.-42.2.0,r.-42.2.0,r.-42.2.0,r.-42.2.0,r.-42.2.0,r.-42.2.0,r.-42.2.0,r.-42.2.0,r.-42.2.0,r.-42.2.0,r.-42.2.0,r.-42.2.0,r.-42.2.0,r.-42.2.0,r.-42.2.0,r.-42.2.0,r.-42.2.0,r.-42.2.0,r.-42.2.0,r.-42.2.0,r.-42.2.0,,,,,,,,,,,,,,,,,,,,,,,,,,,,,,,,,,,,,,,,,,,,,,,,,,,,,,,,,,,,,,,,,,,,,,,,,
1461,,,,,,,,,,,,,,,,,,,,,,,r.-33.1.0,,,,,,,,,,,,,,,,,,,,,,,,,,,,,,,,,,,,,,,,,,,,,,,,,,,,,,,,,,,,,,,,,,,,,,,,,,,,,,,,,,,,,,,,,,,,,,,,,,,,,,,,,,,,,,,,,,,,,,,,,,,,,,,,,,,,,,
1462,,,,,,,,,,,,,,,,,,,,,,,p.1463,,,,,,,,,,,,,,,,,,,,,,,,,,,,,,,,,,,,,,,,,,,,,,,,,,,,,,,,,,,,,,,,,,,,,,,,,,,,,,,,,,,,,,,,,,,,,,,,,,,,,,,,,,,,,,,,,,,,,,,,,,,,,,,,,,,,,,
1463,r.-42.3.0,r.-42.3.0,r.-42.3.0,,,,,,,,,,,,,r.-42.3.0,,r.-42.3.0,r.-42.3.0,r.-42.3.0,,,r.-42.3.0,,,r.-42.3.0,r.-42.3.0,,,,r.-42.3.0,r.-42.3.0,,r.-42.3.0,r.-42.3.0,r.-42.3.0,r.-42.3.0,r.-42.3.0,r.-42.3.0,r.-42.3.0,r.-42.3.0,r.-42.3.0,r.-42.3.0,,,r.-42.3.0,,,,,,r.-42.3.0,r.-42.3.0,,,,,r.-42.3.0,r.-42.3.0,r.-42.3.0,,,r.-42.3.0,r.-42.3.0,r.-42.3.0,r.-42.3.0,r.-42.3.0,r.-42.3.0,r.-42.3.0,r.-42.3.0,r.-42.3.0,r.-42.3.0,r.-42.3.0,r.-42.3.0,r.-42.3.0,r.-42.3.0,r.-42.3.0,r.-42.3.0,r.-42.3.0,r.-42.3.0,r.-42.3.0,r.-42.3.0,r.-42.3.0,r.-42.3.0,,,,,,,,,,,,,,,,,,,,,,,,,,,,,,,,,,,,,,,,,,,,,,,,,,,,,,,,,,,,,,,,,,,,,,,,,
1464,p.98,p.99,p.100,,,,,,,,,,,,,p.1145,,p.1146,,,,,p.1465,,,p.3,p.1148,,,,p.1149,p.1466,,p.1151,,,,,,,,,,,,p.108,,,,,,p.1152,p.1153,,,,,,,,,,p.6,p.7,p.8,p.9,p.10,p.11,p.12,p.13,p.14,p.15,p.16,p.17,p.18,p.19,p.20,p.21,p.22,p.23,p.24,p.1154,p.112,p.113,,,,p.998,p.999,,p.1283,,,,p.1000,p.1156,,p.1157,p.1158,,p.1467,,p.1468,,,,p.30,p.1159,,,p.1006,p.1007,p.1469,,,p.1160,,p.1161,,p.1010,,,,,p.1163,,,,p.1012,p.1013,p.1014,,,,,p.1164,p.1165,p.1017,,p.1018,,,p.35,p.1166,,,,,p.36,p.37,,p.38,,p.39,p.40,p.1167,p.1168
1465,p.98,p.99,p.100,,,,,,,,,,,,,p.1145,,p.1146,,,,,p.1500,,,,p.1148,,,,p.1149,p.1150,,p.1151,,,,,,,,,,,,p.108,,,,,,p.1152,p.1153,,,,,,,,,,,,,,,,,,,,,,,,,,,,,p.1154,p.112,p.113,,,,p.998,p.999,,p.1283,,,,p.1000,p.1156,,p.1157,p.1158,,,,,,,,,p.1159,,,p.1006,p.1007,p.1501,,,p.1160,,p.1161,,p.1010,,,,,p.1163,,,,p.1012,p.1013,p.1014,,,,,p.1164,p.1165,p.1017,,p.1018,,,,p.1166,,,,,,,,,,,,p.1167,p.1168
1466,r.-33.1.0,r.-33.1.0,r.-33.1.0,r.-33.1.0,r.-33.1.0,r.-33.1.0,r.-33.1.0,r.-33.1.0,r.-33.1.0,r.-33.1.0,r.-33.1.0,r.-33.1.0,r.-33.1.0,r.-33.1.0,r.-33.1.0,r.-70.1.0/r.-33.1.0,,,,,r.-33.1.0,,r.-33.1.0/r.-70.1.0,r.-33.1.0,,r.-70.1.0,,r.-33.1.0,r.-33.1.0,r.-33.1.0,,r.-70.1.0,r.-33.1.0,,,,,,,,,,,r.-33.1.0,r.-33.1.0,r.-33.1.0/r.-70.1.0,r.-33.1.0,r.-33.1.0,,r.-33.1.0,r.-33.1.0,r.-33.1.0,r.-33.1.0,r.-33.1.0,r.-33.1.0,r.-33.1.0,r.-33.1.0,,,,r.-33.1.0,r.-33.1.0,r.-70.1.0,r.-70.1.0,r.-70.1.0,r.-70.1.0,r.-70.1.0,r.-70.1.0,r.-70.1.0,r.-70.1.0,r.-70.1.0,r.-70.1.0,r.-70.1.0,r.-70.1.0,r.-70.1.0,r.-70.1.0,r.-70.1.0,r.-70.1.0,r.-70.1.0,r.-70.1.0,r.-70.1.0,,,,,,,,,,,,,,,,,,,,,,,,,,,,,,,,,,,,,,,,,,,,,,,,,,,,,,,,,,,,,,,,,,,,,,,,,,,,
1467,p.98,p.99,p.100,,,,,,,,,,,,,p.1145,,p.1146,,,,,p.1487,,,,p.1148,,,,p.1149,p.1150,,p.1151,,,,,,,,,,,,p.108,,,,,,p.1152,p.1153,,,,,,,,,,,,,,,,,,,,,,,,,,,,,p.1154,p.112,p.113,,,,p.998,p.999,,p.1283,,,,p.1000,p.1156,,p.1157,p.1158,,,,,,,,,p.1159,,,p.1006,p.1007,p.1488,,,p.1160,,p.1161,,p.1010,,,,,p.1163,,,,p.1012,p.1013,p.1014,,,,,p.1164,p.1165,p.1017,,p.1018,,,,p.1166,,,,,,,,,,,,p.1167,p.1168
1468,,,,,,,,,,,,,,,,p.1121,,,,,,,p.1484,,,,,,,,,p.1123,,,,,,,,,,,,,,p.5,,,,,,,,,,,,,,,,,,,,,,,,,,,,,,,,,,,,,,,,,,,,,,,,,,,,,,,,,,p.1124,,p.1125,,,,,,,,,,,,p.1126,,,p.1127,p.1485,,,,,,,,,,,,,p.1129,,,,,,,,,,,,,,,,,,,,,,
1469,,,,p.1300,,,,,,,,,,,,,,,,,,,p.1470,,,,,,,,,,,,,,,,,,,,,,,,,,,,,,,,,,,,,,,,,,,,,,,,,,,,,,,,,,,,,,,,,,,,,,,,,,,,,,,,,,,,,,,,,,,,,,,,,,,,,,,,,,,,,,,,,,,,,,,,,,,,,,,,,,,,,,
1470,p.98,p.99,p.100,,,,,,,,,,,,,p.1145,,p.1146,,,,,p.1471,,,,p.1148,,,,p.1149,p.1150,,p.1151,,,,,,,,,,,,p.108,,,,,,p.1152,p.1153,,,,,,,,,,,,,,,,,,,,,,,,,,,,,p.1154,p.112,p.113,,,,p.998,p.999,,p.1283,,,,p.1000,p.1156,,p.1157,p.1158,,,,,,,,,p.1159,,,p.1006,p.1007,p.1472,,,p.1160,,p.1161,,p.1010,,,,,p.1163,,,,p.1012,p.1013,p.1014,,,,,p.1164,p.1165,p.1017,,p.1018,,,,p.1166,,,,,,,,,,,,p.1167,p.1168
1471,p.98,p.99,p.100,,,,,,,,,,,,,p.207,p.1479,p.208,,,,,,,,,p.210,,,,p.211,p.263,,p.213,,,,,,,,,,,,p.108,,,,,,p.214,p.215,,,,,,,,,,,,,,,,,,,,,,,,,,,,,p.228,p.112,p.113,,,,p.229,p.230,,p.231,,,,p.232,p.233,,p.234,p.235,,,,,,,,,p.237,,,p.238,p.239,p.1480,,,p.241,,p.242,,p.243,,,,,p.244,,,,p.245,p.246,p.247,,,,,p.248,p.249,p.250,,p.251,,,,p.253,,,,,,,,,,,,p.260,p.261
1472,,,,p.1300,,,,,,,,,,,,,,,,,,,p.1473,,,,,,,,,,,,,,,,,,,,,,,,,,,,,,,,,,,,,,,,,,,,,,,,,,,,,,,,,,,,,,,,,,,,,,,,,,,,,,,,,,,,,,,,,,,,,,,,,,,,,,,,,,,,,,,,,,,,,,,,,,,,,,,,,,,,,,
1473,p.98,p.99,p.100,,,,,,,,,,,,,p.207,p.1474,p.208,,,,,,,,,p.210,,,,p.211,p.263,,p.213,,,,,,,,,,,,p.108,,,,,,p.214,p.215,,,,,,,,,,,,,,,,,,,,,,,,,,,,,p.228,p.112,p.113,,,,p.229,p.230,,p.231,,,,p.232,p.233,,p.234,p.235,,,,,,,,,p.237,,,p.238,p.239,p.1475,,,p.241,,p.242,,p.243,,,,,p.244,,,,p.245,p.246,p.247,,,,,p.248,p.249,p.250,,p.251,,,,p.253,,,,,,,,,,,,p.260,p.261
1474,p.98,p.99,p.100,,,,,,,,,,,,,p.1145,,p.1146,p.1315,,,,p.1316,,,,p.1148,,,,p.1149,p.1298,,p.1151,p.1317,p.1318,p.1319,p.1320,p.1321,p.1322,p.1323,p.1324,p.1325,,,p.108,,,,,,p.1152,p.1153,,,,,p.1326,,p.1327,,,,,,,,,,,,,,,,,,,,,,p.1154,p.112,p.113,,,,p.998,p.999,,p.1283,,,,p.1000,p.1156,p.1328,p.1157,p.1158,,,,,,,,,p.1159,,,p.1006,p.1007,p.1329,p.1330,,p.1160,,p.1331,,p.1010,,,,,p.1163,p.1332,p.1333,p.1334,p.1012,p.1013,p.1014,,,,,p.1164,p.1165,p.1017,p.1335,p.1018,,p.1478,,p.1166,,,,,,,,,,,,p.1167,p.1168
1475,,,,p.270,,,,,,,,,,,,,p.1476,,,,,,,,,,,,,,,,,,,,,,,,,,,,,,,,,,,,,,,,,,,,,,,,,,,,,,,,,,,,,,,,,,,,,,,,,,,,,,,,,,,,,,,,,,,,,,,,,,,,,,,,,,,,,,,,,,,,,,,,,,,,,,,,,,,,,,,,,,,,
1476,p.98,p.99,p.100,,,,,,,,,,,,,p.1145,,p.1146,p.1315,,,,p.1316,,,,p.1148,,,,p.1149,p.1298,,p.1151,p.1317,p.1318,p.1319,p.1320,p.1321,p.1322,p.1323,p.1324,p.1325,,,p.108,,,,,,p.1152,p.1153,,,,,p.1326,,p.1327,,,,,,,,,,,,,,,,,,,,,,p.1154,p.112,p.113,,,,p.998,p.999,,p.1283,,,,p.1000,p.1156,p.1328,p.1157,p.1158,,,,,,,,,p.1159,,,p.1006,p.1007,p.1329,p.1330,,p.1160,,p.1331,,p.1010,,,,,p.1163,p.1332,p.1333,p.1334,p.1012,p.1013,p.1014,,,,,p.1164,p.1165,p.1017,p.1335,p.1018,,p.1477,,p.1166,,,,,,,,,,,,p.1167,p.1168
1477,r.-41.9.0,r.-41.9.0,r.-41.9.0,,,,,,,,,,,,,r.-41.9.0,,r.-41.9.0,r.-41.9.0,r.-41.9.0,,,r.-41.9.0,,,r.-41.9.0,r.-41.9.0,,,,r.-41.9.0,r.-41.9.0,,r.-41.9.0,r.-41.9.0,r.-41.9.0,r.-41.9.0,r.-41.9.0,r.-41.9.0,r.-41.9.0,r.-41.9.0,r.-41.9.0,r.-41.9.0,,,r.-41.9.0,,,,,,r.-41.9.0,r.-41.9.0,,,,,r.-41.9.0,r.-41.9.0,r.-41.9.0,,,r.-41.9.0,r.-41.9.0,r.-41.9.0,r.-41.9.0,r.-41.9.0,r.-41.9.0,r.-41.9.0,r.-41.9.0,r.-41.9.0,r.-41.9.0,r.-41.9.0,r.-41.9.0,r.-41.9.0,r.-41.9.0,r.-41.9.0,r.-41.9.0,r.-41.9.0,r.-41.9.0,r.-41.9.0,r.-41.9.0,r.-41.9.0,r.-41.9.0,,,,,,,,,,,,,,,,,,,,,,,,,,,,,,,,,,,,,,,,,,,,,,,,,,,,,,,,,,,,,,,,,,,,,,,,,
1478,r.-41.8.0,r.-41.8.0,r.-41.8.0,,,,,,,,,,,,,r.-41.8.0,,r.-41.8.0,r.-41.8.0,r.-41.8.0,,,r.-41.8.0,,,r.-41.8.0,r.-41.8.0,,,,r.-41.8.0,r.-41.8.0,,r.-41.8.0,r.-41.8.0,r.-41.8.0,r.-41.8.0,r.-41.8.0,r.-41.8.0,r.-41.8.0,r.-41.8.0,r.-41.8.0,r.-41.8.0,,,r.-41.8.0,,,,,,r.-41.8.0,r.-41.8.0,,,,,r.-41.8.0,r.-41.8.0,r.-41.8.0,,,r.-41.8.0,r.-41.8.0,r.-41.8.0,r.-41.8.0,r.-41.8.0,r.-41.8.0,r.-41.8.0,r.-41.8.0,r.-41.8.0,r.-41.8.0,r.-41.8.0,r.-41.8.0,r.-41.8.0,r.-41.8.0,r.-41.8.0,r.-41.8.0,r.-41.8.0,r.-41.8.0,r.-41.8.0,r.-41.8.0,r.-41.8.0,r.-41.8.0,,,,,,,,,,,,,,,,,,,,,,,,,,,,,,,,,,,,,,,,,,,,,,,,,,,,,,,,,,,,,,,,,,,,,,,,,
1479,p.98,p.99,p.100,,,,,,,,,,,,,p.1145,,p.1146,p.1315,,,,p.1316,,,,p.1148,,,,p.1149,p.1298,,p.1151,p.1317,p.1318,p.1319,p.1320,p.1321,p.1322,p.1323,p.1324,p.1325,,,p.108,,,,,,p.1152,p.1153,,,,,p.1326,,p.1327,,,,,,,,,,,,,,,,,,,,,,p.1154,p.112,p.113,,,,p.998,p.999,,p.1283,,,,p.1000,p.1156,p.1328,p.1157,p.1158,,,,,,,,,p.1159,,,p.1006,p.1007,p.1329,p.1330,,p.1160,,p.1331,,p.1010,,,,,p.1163,p.1332,p.1333,p.1334,p.1012,p.1013,p.1014,,,,,p.1164,p.1165,p.1017,p.1335,p.1018,,p.1483,,p.1166,,,,,,,,,,,,p.1167,p.1168
1480,,,,p.270,,,,,,,,,,,,,p.1481,,,,,,,,,,,,,,,,,,,,,,,,,,,,,,,,,,,,,,,,,,,,,,,,,,,,,,,,,,,,,,,,,,,,,,,,,,,,,,,,,,,,,,,,,,,,,,,,,,,,,,,,,,,,,,,,,,,,,,,,,,,,,,,,,,,,,,,,,,,,
1481,p.98,p.99,p.100,,,,,,,,,,,,,p.1145,,p.1146,p.1315,,,,p.1316,,,,p.1148,,,,p.1149,p.1298,,p.1151,p.1317,p.1318,p.1319,p.1320,p.1321,p.1322,p.1323,p.1324,p.1325,,,p.108,,,,,,p.1152,p.1153,,,,,p.1326,,p.1327,,,,,,,,,,,,,,,,,,,,,,p.1154,p.112,p.113,,,,p.998,p.999,,p.1283,,,,p.1000,p.1156,p.1328,p.1157,p.1158,,,,,,,,,p.1159,,,p.1006,p.1007,p.1329,p.1330,,p.1160,,p.1331,,p.1010,,,,,p.1163,p.1332,p.1333,p.1334,p.1012,p.1013,p.1014,,,,,p.1164,p.1165,p.1017,p.1335,p.1018,,p.1482,,p.1166,,,,,,,,,,,,p.1167,p.1168
1482,r.-41.8.0,r.-41.8.0,r.-41.8.0,,,,,,,,,,,,,r.-41.8.0,,r.-41.8.0,r.-41.8.0,r.-41.8.0,,,r.-41.8.0,,,r.-41.8.0,r.-41.8.0,,,,r.-41.8.0,r.-41.8.0,,r.-41.8.0,r.-41.8.0,r.-41.8.0,r.-41.8.0,r.-41.8.0,r.-41.8.0,r.-41.8.0,r.-41.8.0,r.-41.8.0,r.-41.8.0,,,r.-41.8.0,,,,,,r.-41.8.0,r.-41.8.0,,,,,r.-41.8.0,r.-41.8.0,r.-41.8.0,,,r.-41.8.0,r.-41.8.0,r.-41.8.0,r.-41.8.0,r.-41.8.0,r.-41.8.0,r.-41.8.0,r.-41.8.0,r.-41.8.0,r.-41.8.0,r.-41.8.0,r.-41.8.0,r.-41.8.0,r.-41.8.0,r.-41.8.0,r.-41.8.0,r.-41.8.0,r.-41.8.0,r.-41.8.0,r.-41.8.0,r.-41.8.0,r.-41.8.0,,,,,,,,,,,,,,,,,,,,,,,,,,,,,,,,,,,,,,,,,,,,,,,,,,,,,,,,,,,,,,,,,,,,,,,,,
1483,r.-41.7.0,r.-41.7.0,r.-41.7.0,,,,,,,,,,,,,r.-41.7.0,,r.-41.7.0,r.-41.7.0,r.-41.7.0,,,r.-41.7.0,,,r.-41.7.0,r.-41.7.0,,,,r.-41.7.0,r.-41.7.0,,r.-41.7.0,r.-41.7.0,r.-41.7.0,r.-41.7.0,r.-41.7.0,r.-41.7.0,r.-41.7.0,r.-41.7.0,r.-41.7.0,r.-41.7.0,,,r.-41.7.0,,,,,,r.-41.7.0,r.-41.7.0,,,,,r.-41.7.0,r.-41.7.0,r.-41.7.0,,,r.-41.7.0,r.-41.7.0,r.-41.7.0,r.-41.7.0,r.-41.7.0,r.-41.7.0,r.-41.7.0,r.-41.7.0,r.-41.7.0,r.-41.7.0,r.-41.7.0,r.-41.7.0,r.-41.7.0,r.-41.7.0,r.-41.7.0,r.-41.7.0,r.-41.7.0,r.-41.7.0,r.-41.7.0,r.-41.7.0,r.-41.7.0,r.-41.7.0,,,,,,,,,,,,,,,,,,,,,,,,,,,,,,,,,,,,,,,,,,,,,,,,,,,,,,,,,,,,,,,,,,,,,,,,,
1484,r.-16.2.0,r.-16.2.0,r.-16.2.0,,,,,,,,,,,,,r.-16.2.0,,r.-16.2.0,,,,,r.-16.2.0,,,,r.-16.2.0,,,,r.-16.2.0,r.-16.2.0,,r.-16.2.0,,,,,,,,,,,,r.-16.2.0,,,,,,r.-16.2.0,r.-16.2.0,,,,,,,,,,,,,,,,,,,,,,,,,,,,,r.-16.2.0,r.-16.2.0,r.-16.2.0,,,,,,,,,,,,,,,,,,,,,,,,,,,,,,,,,,,,,,,,,,,,,,,,,,,,,,,,,,,,,,,,,,,,,,,,,
1485,,,,p.1141,,,,,,,,,,,,,,,,,,,p.1486,,,,,,,,,,,,,,,,,,,,,,,,,,,,,,,,,,,,,,,,,,,,,,,,,,,,,,,,,,,,,,,,,,,,,,,,,,,,,,,,,,,,,,,,,,,,,,,,,,,,,,,,,,,,,,,,,,,,,,,,,,,,,,,,,,,,,,
1486,r.-16.3.0,r.-16.3.0,r.-16.3.0,,,,,,,,,,,,,r.-16.3.0,,r.-16.3.0,,,,,r.-16.3.0,,,,r.-16.3.0,,,,r.-16.3.0,r.-16.3.0,,r.-16.3.0,,,,,,,,,,,,r.-16.3.0,,,,,,r.-16.3.0,r.-16.3.0,,,,,,,,,,,,,,,,,,,,,,,,,,,,,r.-16.3.0,r.-16.3.0,r.-16.3.0,,,,,,,,,,,,,,,,,,,,,,,,,,,,,,,,,,,,,,,,,,,,,,,,,,,,,,,,,,,,,,,,,,,,,,,,,
1487,p.98,p.99,p.100,,,,,,,,,,,,,p.207,p.1495,p.208,,,,,,,,,p.210,,,,p.211,p.263,,p.213,,,,,,,,,,,,p.108,,,,,,p.214,p.215,,,,,,,,,,,,,,,,,,,,,,,,,,,,,p.228,p.112,p.113,,,,p.229,p.230,,p.231,,,,p.232,p.233,,p.234,p.235,,,,,,,,,p.237,,,p.238,p.239,p.1496,,,p.241,,p.242,,p.243,,,,,p.244,,,,p.245,p.246,p.247,,,,,p.248,p.249,p.250,,p.251,,,,p.253,,,,,,,,,,,,p.260,p.261
1488,,,,p.1300,,,,,,,,,,,,,,,,,,,p.1489,,,,,,,,,,,,,,,,,,,,,,,,,,,,,,,,,,,,,,,,,,,,,,,,,,,,,,,,,,,,,,,,,,,,,,,,,,,,,,,,,,,,,,,,,,,,,,,,,,,,,,,,,,,,,,,,,,,,,,,,,,,,,,,,,,,,,,
1489,p.98,p.99,p.100,,,,,,,,,,,,,p.207,p.1490,p.208,,,,,,,,,p.210,,,,p.211,p.263,,p.213,,,,,,,,,,,,p.108,,,,,,p.214,p.215,,,,,,,,,,,,,,,,,,,,,,,,,,,,,p.228,p.112,p.113,,,,p.229,p.230,,p.231,,,,p.232,p.233,,p.234,p.235,,,,,,,,,p.237,,,p.238,p.239,p.1491,,,p.241,,p.242,,p.243,,,,,p.244,,,,p.245,p.246,p.247,,,,,p.248,p.249,p.250,,p.251,,,,p.253,,,,,,,,,,,,p.260,p.261
1490,p.98,p.99,p.100,,,,,,,,,,,,,p.1145,,p.1146,p.1315,,,,p.1316,,,,p.1148,,,,p.1149,p.1298,,p.1151,p.1317,p.1318,p.1319,p.1320,p.1321,p.1322,p.1323,p.1324,p.1325,,,p.108,,,,,,p.1152,p.1153,,,,,p.1326,,p.1327,,,,,,,,,,,,,,,,,,,,,,p.1154,p.112,p.113,,,,p.998,p.999,,p.1283,,,,p.1000,p.1156,p.1328,p.1157,p.1158,,,,,,,,,p.1159,,,p.1006,p.1007,p.1329,p.1330,,p.1160,,p.1331,,p.1010,,,,,p.1163,p.1332,p.1333,p.1334,p.1012,p.1013,p.1014,,,,,p.1164,p.1165,p.1017,p.1335,p.1018,,p.1494,,p.1166,,,,,,,,,,,,p.1167,p.1168
1491,,,,p.270,,,,,,,,,,,,,p.1492,,,,,,,,,,,,,,,,,,,,,,,,,,,,,,,,,,,,,,,,,,,,,,,,,,,,,,,,,,,,,,,,,,,,,,,,,,,,,,,,,,,,,,,,,,,,,,,,,,,,,,,,,,,,,,,,,,,,,,,,,,,,,,,,,,,,,,,,,,,,
1492,p.98,p.99,p.100,,,,,,,,,,,,,p.1145,,p.1146,p.1315,,,,p.1316,,,,p.1148,,,,p.1149,p.1298,,p.1151,p.1317,p.1318,p.1319,p.1320,p.1321,p.1322,p.1323,p.1324,p.1325,,,p.108,,,,,,p.1152,p.1153,,,,,p.1326,,p.1327,,,,,,,,,,,,,,,,,,,,,,p.1154,p.112,p.113,,,,p.998,p.999,,p.1283,,,,p.1000,p.1156,p.1328,p.1157,p.1158,,,,,,,,,p.1159,,,p.1006,p.1007,p.1329,p.1330,,p.1160,,p.1331,,p.1010,,,,,p.1163,p.1332,p.1333,p.1334,p.1012,p.1013,p.1014,,,,,p.1164,p.1165,p.1017,p.1335,p.1018,,p.1493,,p.1166,,,,,,,,,,,,p.1167,p.1168
1493,r.-41.8.0,r.-41.8.0,r.-41.8.0,,,,,,,,,,,,,r.-41.8.0,,r.-41.8.0,r.-41.8.0,r.-41.8.0,,,r.-41.8.0,,,r.-41.8.0,r.-41.8.0,,,,r.-41.8.0,r.-41.8.0,,r.-41.8.0,r.-41.8.0,r.-41.8.0,r.-41.8.0,r.-41.8.0,r.-41.8.0,r.-41.8.0,r.-41.8.0,r.-41.8.0,r.-41.8.0,,,r.-41.8.0,,,,,,r.-41.8.0,r.-41.8.0,,,,,r.-41.8.0,r.-41.8.0,r.-41.8.0,,,r.-41.8.0,r.-41.8.0,r.-41.8.0,r.-41.8.0,r.-41.8.0,r.-41.8.0,r.-41.8.0,r.-41.8.0,r.-41.8.0,r.-41.8.0,r.-41.8.0,r.-41.8.0,r.-41.8.0,r.-41.8.0,r.-41.8.0,r.-41.8.0,r.-41.8.0,r.-41.8.0,r.-41.8.0,r.-41.8.0,r.-41.8.0,r.-41.8.0,,,,,,,,,,,,,,,,,,,,,,,,,,,,,,,,,,,,,,,,,,,,,,,,,,,,,,,,,,,,,,,,,,,,,,,,,
1494,r.-41.7.0,r.-41.7.0,r.-41.7.0,,,,,,,,,,,,,r.-41.7.0,,r.-41.7.0,r.-41.7.0,r.-41.7.0,,,r.-41.7.0,,,r.-41.7.0,r.-41.7.0,,,,r.-41.7.0,r.-41.7.0,,r.-41.7.0,r.-41.7.0,r.-41.7.0,r.-41.7.0,r.-41.7.0,r.-41.7.0,r.-41.7.0,r.-41.7.0,r.-41.7.0,r.-41.7.0,,,r.-41.7.0,,,,,,r.-41.7.0,r.-41.7.0,,,,,r.-41.7.0,r.-41.7.0,r.-41.7.0,,,r.-41.7.0,r.-41.7.0,r.-41.7.0,r.-41.7.0,r.-41.7.0,r.-41.7.0,r.-41.7.0,r.-41.7.0,r.-41.7.0,r.-41.7.0,r.-41.7.0,r.-41.7.0,r.-41.7.0,r.-41.7.0,r.-41.7.0,r.-41.7.0,r.-41.7.0,r.-41.7.0,r.-41.7.0,r.-41.7.0,r.-41.7.0,r.-41.7.0,,,,,,,,,,,,,,,,,,,,,,,,,,,,,,,,,,,,,,,,,,,,,,,,,,,,,,,,,,,,,,,,,,,,,,,,,
1495,p.98,p.99,p.100,,,,,,,,,,,,,p.1145,,p.1146,p.1315,,,,p.1316,,,,p.1148,,,,p.1149,p.1298,,p.1151,p.1317,p.1318,p.1319,p.1320,p.1321,p.1322,p.1323,p.1324,p.1325,,,p.108,,,,,,p.1152,p.1153,,,,,p.1326,,p.1327,,,,,,,,,,,,,,,,,,,,,,p.1154,p.112,p.113,,,,p.998,p.999,,p.1283,,,,p.1000,p.1156,p.1328,p.1157,p.1158,,,,,,,,,p.1159,,,p.1006,p.1007,p.1329,p.1330,,p.1160,,p.1331,,p.1010,,,,,p.1163,p.1332,p.1333,p.1334,p.1012,p.1013,p.1014,,,,,p.1164,p.1165,p.1017,p.1335,p.1018,,p.1499,,p.1166,,,,,,,,,,,,p.1167,p.1168
1496,,,,p.270,,,,,,,,,,,,,p.1497,,,,,,,,,,,,,,,,,,,,,,,,,,,,,,,,,,,,,,,,,,,,,,,,,,,,,,,,,,,,,,,,,,,,,,,,,,,,,,,,,,,,,,,,,,,,,,,,,,,,,,,,,,,,,,,,,,,,,,,,,,,,,,,,,,,,,,,,,,,,
1497,p.98,p.99,p.100,,,,,,,,,,,,,p.1145,,p.1146,p.1315,,,,p.1316,,,,p.1148,,,,p.1149,p.1298,,p.1151,p.1317,p.1318,p.1319,p.1320,p.1321,p.1322,p.1323,p.1324,p.1325,,,p.108,,,,,,p.1152,p.1153,,,,,p.1326,,p.1327,,,,,,,,,,,,,,,,,,,,,,p.1154,p.112,p.113,,,,p.998,p.999,,p.1283,,,,p.1000,p.1156,p.1328,p.1157,p.1158,,,,,,,,,p.1159,,,p.1006,p.1007,p.1329,p.1330,,p.1160,,p.1331,,p.1010,,,,,p.1163,p.1332,p.1333,p.1334,p.1012,p.1013,p.1014,,,,,p.1164,p.1165,p.1017,p.1335,p.1018,,p.1498,,p.1166,,,,,,,,,,,,p.1167,p.1168
1498,r.-41.7.0,r.-41.7.0,r.-41.7.0,,,,,,,,,,,,,r.-41.7.0,,r.-41.7.0,r.-41.7.0,r.-41.7.0,,,r.-41.7.0,,,r.-41.7.0,r.-41.7.0,,,,r.-41.7.0,r.-41.7.0,,r.-41.7.0,r.-41.7.0,r.-41.7.0,r.-41.7.0,r.-41.7.0,r.-41.7.0,r.-41.7.0,r.-41.7.0,r.-41.7.0,r.-41.7.0,,,r.-41.7.0,,,,,,r.-41.7.0,r.-41.7.0,,,,,r.-41.7.0,r.-41.7.0,r.-41.7.0,,,r.-41.7.0,r.-41.7.0,r.-41.7.0,r.-41.7.0,r.-41.7.0,r.-41.7.0,r.-41.7.0,r.-41.7.0,r.-41.7.0,r.-41.7.0,r.-41.7.0,r.-41.7.0,r.-41.7.0,r.-41.7.0,r.-41.7.0,r.-41.7.0,r.-41.7.0,r.-41.7.0,r.-41.7.0,r.-41.7.0,r.-41.7.0,r.-41.7.0,,,,,,,,,,,,,,,,,,,,,,,,,,,,,,,,,,,,,,,,,,,,,,,,,,,,,,,,,,,,,,,,,,,,,,,,,
1499,r.-41.6.0,r.-41.6.0,r.-41.6.0,,,,,,,,,,,,,r.-41.6.0,,r.-41.6.0,r.-41.6.0,r.-41.6.0,,,r.-41.6.0,,,r.-41.6.0,r.-41.6.0,,,,r.-41.6.0,r.-41.6.0,,r.-41.6.0,r.-41.6.0,r.-41.6.0,r.-41.6.0,r.-41.6.0,r.-41.6.0,r.-41.6.0,r.-41.6.0,r.-41.6.0,r.-41.6.0,,,r.-41.6.0,,,,,,r.-41.6.0,r.-41.6.0,,,,,r.-41.6.0,r.-41.6.0,r.-41.6.0,,,r.-41.6.0,r.-41.6.0,r.-41.6.0,r.-41.6.0,r.-41.6.0,r.-41.6.0,r.-41.6.0,r.-41.6.0,r.-41.6.0,r.-41.6.0,r.-41.6.0,r.-41.6.0,r.-41.6.0,r.-41.6.0,r.-41.6.0,r.-41.6.0,r.-41.6.0,r.-41.6.0,r.-41.6.0,r.-41.6.0,r.-41.6.0,r.-41.6.0,,,,,,,,,,,,,,,,,,,,,,,,,,,,,,,,,,,,,,,,,,,,,,,,,,,,,,,,,,,,,,,,,,,,,,,,,
1500,p.98,p.99,p.100,,,,,,,,,,,,,p.207,p.1508,p.208,,,,,,,,,p.210,,,,p.211,p.263,,p.213,,,,,,,,,,,,p.108,,,,,,p.214,p.215,,,,,,,,,,,,,,,,,,,,,,,,,,,,,p.228,p.112,p.113,,,,p.229,p.230,,p.231,,,,p.232,p.233,,p.234,p.235,,,,,,,,,p.237,,,p.238,p.239,p.1509,,,p.241,,p.242,,p.243,,,,,p.244,,,,p.245,p.246,p.247,,,,,p.248,p.249,p.250,,p.251,,,,p.253,,,,,,,,,,,,p.260,p.261
1501,,,,p.1300,,,,,,,,,,,,,,,,,,,p.1502,,,,,,,,,,,,,,,,,,,,,,,,,,,,,,,,,,,,,,,,,,,,,,,,,,,,,,,,,,,,,,,,,,,,,,,,,,,,,,,,,,,,,,,,,,,,,,,,,,,,,,,,,,,,,,,,,,,,,,,,,,,,,,,,,,,,,,
1502,p.98,p.99,p.100,,,,,,,,,,,,,p.207,p.1503,p.208,,,,,,,,,p.210,,,,p.211,p.263,,p.213,,,,,,,,,,,,p.108,,,,,,p.214,p.215,,,,,,,,,,,,,,,,,,,,,,,,,,,,,p.228,p.112,p.113,,,,p.229,p.230,,p.231,,,,p.232,p.233,,p.234,p.235,,,,,,,,,p.237,,,p.238,p.239,p.1504,,,p.241,,p.242,,p.243,,,,,p.244,,,,p.245,p.246,p.247,,,,,p.248,p.249,p.250,,p.251,,,,p.253,,,,,,,,,,,,p.260,p.261
1503,p.98,p.99,p.100,,,,,,,,,,,,,p.1145,,p.1146,p.1315,,,,p.1316,,,,p.1148,,,,p.1149,p.1298,,p.1151,p.1317,p.1318,p.1319,p.1320,p.1321,p.1322,p.1323,p.1324,p.1325,,,p.108,,,,,,p.1152,p.1153,,,,,p.1326,,p.1327,,,,,,,,,,,,,,,,,,,,,,p.1154,p.112,p.113,,,,p.998,p.999,,p.1283,,,,p.1000,p.1156,p.1328,p.1157,p.1158,,,,,,,,,p.1159,,,p.1006,p.1007,p.1329,p.1330,,p.1160,,p.1331,,p.1010,,,,,p.1163,p.1332,p.1333,p.1334,p.1012,p.1013,p.1014,,,,,p.1164,p.1165,p.1017,p.1335,p.1018,,p.1507,,p.1166,,,,,,,,,,,,p.1167,p.1168
1504,,,,p.270,,,,,,,,,,,,,p.1505,,,,,,,,,,,,,,,,,,,,,,,,,,,,,,,,,,,,,,,,,,,,,,,,,,,,,,,,,,,,,,,,,,,,,,,,,,,,,,,,,,,,,,,,,,,,,,,,,,,,,,,,,,,,,,,,,,,,,,,,,,,,,,,,,,,,,,,,,,,,
1505,p.98,p.99,p.100,,,,,,,,,,,,,p.1145,,p.1146,p.1315,,,,p.1316,,,,p.1148,,,,p.1149,p.1298,,p.1151,p.1317,p.1318,p.1319,p.1320,p.1321,p.1322,p.1323,p.1324,p.1325,,,p.108,,,,,,p.1152,p.1153,,,,,p.1326,,p.1327,,,,,,,,,,,,,,,,,,,,,,p.1154,p.112,p.113,,,,p.998,p.999,,p.1283,,,,p.1000,p.1156,p.1328,p.1157,p.1158,,,,,,,,,p.1159,,,p.1006,p.1007,p.1329,p.1330,,p.1160,,p.1331,,p.1010,,,,,p.1163,p.1332,p.1333,p.1334,p.1012,p.1013,p.1014,,,,,p.1164,p.1165,p.1017,p.1335,p.1018,,p.1506,,p.1166,,,,,,,,,,,,p.1167,p.1168
1506,r.-41.8.0,r.-41.8.0,r.-41.8.0,,,,,,,,,,,,,r.-41.8.0,,r.-41.8.0,r.-41.8.0,r.-41.8.0,,,r.-41.8.0,,,r.-41.8.0,r.-41.8.0,,,,r.-41.8.0,r.-41.8.0,,r.-41.8.0,r.-41.8.0,r.-41.8.0,r.-41.8.0,r.-41.8.0,r.-41.8.0,r.-41.8.0,r.-41.8.0,r.-41.8.0,r.-41.8.0,,,r.-41.8.0,,,,,,r.-41.8.0,r.-41.8.0,,,,,r.-41.8.0,r.-41.8.0,r.-41.8.0,,,r.-41.8.0,r.-41.8.0,r.-41.8.0,r.-41.8.0,r.-41.8.0,r.-41.8.0,r.-41.8.0,r.-41.8.0,r.-41.8.0,r.-41.8.0,r.-41.8.0,r.-41.8.0,r.-41.8.0,r.-41.8.0,r.-41.8.0,r.-41.8.0,r.-41.8.0,r.-41.8.0,r.-41.8.0,r.-41.8.0,r.-41.8.0,r.-41.8.0,,,,,,,,,,,,,,,,,,,,,,,,,,,,,,,,,,,,,,,,,,,,,,,,,,,,,,,,,,,,,,,,,,,,,,,,,
1507,r.-41.7.0,r.-41.7.0,r.-41.7.0,,,,,,,,,,,,,r.-41.7.0,,r.-41.7.0,r.-41.7.0,r.-41.7.0,,,r.-41.7.0,,,r.-41.7.0,r.-41.7.0,,,,r.-41.7.0,r.-41.7.0,,r.-41.7.0,r.-41.7.0,r.-41.7.0,r.-41.7.0,r.-41.7.0,r.-41.7.0,r.-41.7.0,r.-41.7.0,r.-41.7.0,r.-41.7.0,,,r.-41.7.0,,,,,,r.-41.7.0,r.-41.7.0,,,,,r.-41.7.0,r.-41.7.0,r.-41.7.0,,,r.-41.7.0,r.-41.7.0,r.-41.7.0,r.-41.7.0,r.-41.7.0,r.-41.7.0,r.-41.7.0,r.-41.7.0,r.-41.7.0,r.-41.7.0,r.-41.7.0,r.-41.7.0,r.-41.7.0,r.-41.7.0,r.-41.7.0,r.-41.7.0,r.-41.7.0,r.-41.7.0,r.-41.7.0,r.-41.7.0,r.-41.7.0,r.-41.7.0,,,,,,,,,,,,,,,,,,,,,,,,,,,,,,,,,,,,,,,,,,,,,,,,,,,,,,,,,,,,,,,,,,,,,,,,,
1508,p.98,p.99,p.100,,,,,,,,,,,,,p.1145,,p.1146,p.1315,,,,p.1316,,,,p.1148,,,,p.1149,p.1298,,p.1151,p.1317,p.1318,p.1319,p.1320,p.1321,p.1322,p.1323,p.1324,p.1325,,,p.108,,,,,,p.1152,p.1153,,,,,p.1326,,p.1327,,,,,,,,,,,,,,,,,,,,,,p.1154,p.112,p.113,,,,p.998,p.999,,p.1283,,,,p.1000,p.1156,p.1328,p.1157,p.1158,,,,,,,,,p.1159,,,p.1006,p.1007,p.1329,p.1330,,p.1160,,p.1331,,p.1010,,,,,p.1163,p.1332,p.1333,p.1334,p.1012,p.1013,p.1014,,,,,p.1164,p.1165,p.1017,p.1335,p.1018,,p.1512,,p.1166,,,,,,,,,,,,p.1167,p.1168
1509,,,,p.270,,,,,,,,,,,,,p.1510,,,,,,,,,,,,,,,,,,,,,,,,,,,,,,,,,,,,,,,,,,,,,,,,,,,,,,,,,,,,,,,,,,,,,,,,,,,,,,,,,,,,,,,,,,,,,,,,,,,,,,,,,,,,,,,,,,,,,,,,,,,,,,,,,,,,,,,,,,,,
1510,p.98,p.99,p.100,,,,,,,,,,,,,p.1145,,p.1146,p.1315,,,,p.1316,,,,p.1148,,,,p.1149,p.1298,,p.1151,p.1317,p.1318,p.1319,p.1320,p.1321,p.1322,p.1323,p.1324,p.1325,,,p.108,,,,,,p.1152,p.1153,,,,,p.1326,,p.1327,,,,,,,,,,,,,,,,,,,,,,p.1154,p.112,p.113,,,,p.998,p.999,,p.1283,,,,p.1000,p.1156,p.1328,p.1157,p.1158,,,,,,,,,p.1159,,,p.1006,p.1007,p.1329,p.1330,,p.1160,,p.1331,,p.1010,,,,,p.1163,p.1332,p.1333,p.1334,p.1012,p.1013,p.1014,,,,,p.1164,p.1165,p.1017,p.1335,p.1018,,p.1511,,p.1166,,,,,,,,,,,,p.1167,p.1168
1511,r.-41.7.0,r.-41.7.0,r.-41.7.0,,,,,,,,,,,,,r.-41.7.0,,r.-41.7.0,r.-41.7.0,r.-41.7.0,,,r.-41.7.0,,,r.-41.7.0,r.-41.7.0,,,,r.-41.7.0,r.-41.7.0,,r.-41.7.0,r.-41.7.0,r.-41.7.0,r.-41.7.0,r.-41.7.0,r.-41.7.0,r.-41.7.0,r.-41.7.0,r.-41.7.0,r.-41.7.0,,,r.-41.7.0,,,,,,r.-41.7.0,r.-41.7.0,,,,,r.-41.7.0,r.-41.7.0,r.-41.7.0,,,r.-41.7.0,r.-41.7.0,r.-41.7.0,r.-41.7.0,r.-41.7.0,r.-41.7.0,r.-41.7.0,r.-41.7.0,r.-41.7.0,r.-41.7.0,r.-41.7.0,r.-41.7.0,r.-41.7.0,r.-41.7.0,r.-41.7.0,r.-41.7.0,r.-41.7.0,r.-41.7.0,r.-41.7.0,r.-41.7.0,r.-41.7.0,r.-41.7.0,,,,,,,,,,,,,,,,,,,,,,,,,,,,,,,,,,,,,,,,,,,,,,,,,,,,,,,,,,,,,,,,,,,,,,,,,
1512,r.-41.6.0,r.-41.6.0,r.-41.6.0,,,,,,,,,,,,,r.-41.6.0,,r.-41.6.0,r.-41.6.0,r.-41.6.0,,,r.-41.6.0,,,r.-41.6.0,r.-41.6.0,,,,r.-41.6.0,r.-41.6.0,,r.-41.6.0,r.-41.6.0,r.-41.6.0,r.-41.6.0,r.-41.6.0,r.-41.6.0,r.-41.6.0,r.-41.6.0,r.-41.6.0,r.-41.6.0,,,r.-41.6.0,,,,,,r.-41.6.0,r.-41.6.0,,,,,r.-41.6.0,r.-41.6.0,r.-41.6.0,,,r.-41.6.0,r.-41.6.0,r.-41.6.0,r.-41.6.0,r.-41.6.0,r.-41.6.0,r.-41.6.0,r.-41.6.0,r.-41.6.0,r.-41.6.0,r.-41.6.0,r.-41.6.0,r.-41.6.0,r.-41.6.0,r.-41.6.0,r.-41.6.0,r.-41.6.0,r.-41.6.0,r.-41.6.0,r.-41.6.0,r.-41.6.0,r.-41.6.0,,,,,,,,,,,,,,,,,,,,,,,,,,,,,,,,,,,,,,,,,,,,,,,,,,,,,,,,,,,,,,,,,,,,,,,,,
1513,p.98,p.99,p.100,,,,,,,,,,,,,p.1145,,p.1146,p.1268,p.1719,,,p.1270,,,p.3,p.1148,,,,p.1149,p.1271,,p.1151,p.1272,p.1273,p.1274,p.1275,p.1276,p.1277,p.1278,p.1279,p.1280,,,p.108,,,,,,p.1152,p.1153,,,,,p.1281,,p.1282,,,p.6,p.7,p.8,p.9,p.10,p.11,p.12,p.13,p.14,p.15,p.16,p.17,p.18,p.19,p.20,p.21,p.22,p.23,p.24,p.1154,p.112,p.113,,,,p.998,p.999,,p.1283,,p.1284,p.1720,p.1000,p.1156,p.1286,p.1157,p.1158,,p.1287,,p.1288,,,,p.30,p.1159,,,p.1006,p.1007,p.1289,p.1290,,p.1160,,p.1291,,p.1010,,,,,p.1163,p.1292,p.1293,p.1294,p.1012,p.1013,p.1014,,,,,p.1164,p.1165,p.1017,p.1295,p.1018,,p.1296,p.35,p.1166,,,,,p.36,p.37,,p.38,,p.39,p.40,p.1167,p.1168
1514,,,,,,,,,,,,,,,,,,,,,,,,,,,,,,,,,,,r.-29.1.0,,,,,,,,,,,,,,,,,,,,,,,,,,,,,,,,,,,,,,,,,,,,,,,,,,,,,,,,,,,,,,,,,,,,,,,,,,,,,,,,,,,,,,,,,,,,,,,,,,,,,,,,,,,,,,,,,,,,,,,,,,
1515,,,,,,,,,,,,,,,,p.1715,,,,,,,,,,,,,,,,,,,,,,,,,,,,,,,,,,,,,,,,,,,,,,,,,,,,,,,,,,,,,,,,,,,,,,,,,,,,,,,,,,,,,,,,,,,,,,,,,,,,,,,,,,,,,,,,,,,,,,,,,,,,,,,,,,,,,,,,,,,,,
1516,p.98,p.99,p.100,,,,,,,,,,,,,p.1145,,p.1146,p.1513,,,,p.1514,,,,p.1148,,,,p.1149,p.1298,,p.1151,p.1515,p.1516,p.1517,p.1518,p.1519,p.1520,p.1521,p.1522,p.1523,,,p.108,,,,,,p.1152,p.1153,,,,,p.1524,,p.1525,,,,,,,,,,,,,,,,,,,,,,p.1154,p.112,p.113,,,,p.998,p.999,,p.1283,,,,p.1000,p.1156,p.1526,p.1157,p.1158,,,,,,,,,p.1159,,,p.1006,p.1007,p.1527,p.1528,,p.1160,,p.1529,,p.1010,,,,,p.1163,p.1530,p.1531,p.1532,p.1012,p.1013,p.1014,,,,,p.1164,p.1165,p.1017,p.1533,p.1018,,p.1710,,p.1166,,,,,,,,,,,,p.1167,p.1168
1517,,,,,,,,,,,,,,,,p.1666,,,,,,,,,,,,,,,,,,,,,,,,,,,,,,,,,,,,,,,,,,,,,,,,,,,,,,,,,,,,,,,,,,,,,,,,,,,,,,,,,,,,,,,,,,,,,,,,,,,,,,,,,,,,,,,,,,,,,,,,,,,,,,,,,,,,,,,,,,,,,
1518,,,,,,,,,,,,,,,,,,,,,,,,,,,,,,,,p.1461,,,,,,,,,,,,,,,,,,,,,,,,,,,,,,,,,,,,,,,,,,,,,,,,,,,,,,,,,,,,,,,,,,,,,,,,,,,,,,,,,,,,,,p.1664,,,,,,,,,,,,,,,,,,,,,,,,,,,,,,,,,,,,,,,
1519,,,,,,,,,,,,,,,,,,,,,,,p.1663,,,,,,,,,,,,,,,,,,,,,,,,,,,,,,,,,,,,,,,,,,,,,,,,,,,,,,,,,,,,,,,,,,,,,,,,,,,,,,,,,,,,,,,,,,,,,,,,,,,,,,,,,,,,,,,,,,,,,,,,,,,,,,,,,,,,,,
1520,,,,,,,,,,,,,,,,,,,,,,,p.1662,,,,,,,,,,,,,,,,,,,,,,,,,,,,,,,,,,,,,,,,,,,,,,,,,,,,,,,,,,,,,,,,,,,,,,,,,,,,,,,,,,,,,,,,,,,,,,,,,,,,,,,,,,,,,,,,,,,,,,,,,,,,,,,,,,,,,,
1521,p.98,p.99,p.100,,,,,,,,,,,,,p.1145,,p.1146,,,,,p.1659,,,,p.1148,,,,p.1149,p.1150,,p.1151,,,,,,,,,,,,p.108,,,,,,p.1152,p.1153,,,,,,,,,,,,,,,,,,,,,,,,,,,,,p.1154,p.112,p.113,,,,p.998,p.999,,p.1283,,,,p.1000,p.1156,,p.1157,p.1158,,,,,,,,,p.1159,,,p.1006,p.1007,p.1660,,,p.1160,,p.1161,,p.1010,,,,,p.1163,,,,p.1012,p.1013,p.1014,,,,,p.1164,p.1165,p.1017,,p.1018,,,,p.1166,,,,,,,,,,,,p.1167,p.1168
1522,p.98,p.99,p.100,,,,,,,,,,,,,p.1354,,p.1355,,,,,,,,,p.1356,,,,p.1357,p.1358,,p.1359,,,,,,,,,,,,p.108,,,,,,p.1360,p.1361,,,,,,,,,,,,,,,,,,,,,,,,,,,,,p.1362,p.112,p.113,,,,p.1363,p.1364,,,,,,p.1365,p.1366,,p.1367,p.1368,p.1656,,,,,,,,p.1370,,,p.1371,p.1372,,,,p.1373,,p.1374,,p.1375,,,,,p.1376,,,,p.1377,p.1378,p.1379,,,,,p.1380,p.1381,p.1382,,p.1383,,,,p.1384,,,,,,,,,,,,p.1385,p.1386
1523,,,,,,,,,,,,,,,,,,,,,,p.1654,,,,,,,,,,,,,,,,,,,,,,,,,,,,,,,,,,,,,,,,,,,,,,,,,,,,,,,,,,,,,,,,,,,,,,,,,,,,,,,,,,,,,,,,,,,,,,,,,,,,,,,,,,,,,,,,,,,,,,,,,,,,,,,,,,,,,,,
1524,,,,,,,,,,,,,,,,p.1546,,,,,,,,,,,,,,,,,,,,,,,,,,,,,,,,,,,,,,,,,,,,,,,,,,,,,,,,,,,,,,,,,,,,,,,,,,,,,,,,,,,,,,,,,,,,,,,,,,,,,,,,,,,,,,,,,,,,,,,,,,,,,,,,,,,,,,,,,,,,,
1525,,,,,,,,,,,,,,,,p.1542,,,,,,,,,,,,,,,,,,,,,,,,,,,,,,,,,,,,,,,,,,,,,,,,,,,,,,,,,,,,,,,,,,,,,,,,,,,,,,,,,,,,,,,,,,,,,,,,,,,,,,,,,,,,,,,,,,,,,,,,,,,,,,,,,,,,,,,,,,,,,
1526,,,,,,,,,,,,,,,,,,,,,,,,,,,,,,,,,,,r.-57.1.0,,,,,,,,,,,,,,,,,,,,,,,,,,,,,,,,,,,,,,,,,,,,,,,,,,,,,,,,,,,,,,,,,,,,,,,,,,,,,,,,,,,,,,,,,,,,,,,,,,,,,,,,,,,,,,,,,,,,,,,,,,
1527,,,,p.1300,,,,,,,,,,,,,,,,,,,p.1541,,,,,,,,,,,,,,,,,,,,,,,,,,,,,,,,,,,,,,,,,,,,,,,,,,,,,,,,,,,,,,,,,,,,,,,,,,,,,,,,,,,,,,,,,,,,,,,,,,,,,,,,,,,,,,,,,,,,,,,,,,,,,,,,,,,,,,
1528,,,,,,,,,,,,,,,,,,,,,,,,,,,,,,,,,,,r.-57.1.0,,,,,,,,,,,,,,,,,,,,,,,,,,,,,,,,,,,,,,,,,,,,,,,,,,,,,,,,,,,,,,,,,,,,,,,,,,,,,,,,,,,,,,,,,,,,,,,,,,,,,,,,,,,,,,,,,,,,,,,,,,
1529,r.-52.1.0,r.-52.1.0,r.-52.1.0,r.-52.1.0,r.-52.1.0,r.-52.1.0,r.-52.1.0,r.-52.1.0,r.-52.1.0,r.-52.1.0,r.-52.1.0,r.-52.1.0,r.-52.1.0,r.-52.1.0,r.-52.1.0,r.-52.1.0,,,,,r.-52.1.0,p.1539,r.-52.1.0,r.-52.1.0,,,,r.-52.1.0,r.-52.1.0,r.-52.1.0,,,r.-52.1.0,,,,,,,,,,,r.-52.1.0,r.-52.1.0,r.-52.1.0,r.-52.1.0,r.-52.1.0,,r.-52.1.0,r.-52.1.0,r.-52.1.0,r.-52.1.0,r.-52.1.0,r.-52.1.0,r.-52.1.0,r.-52.1.0,,,,r.-52.1.0,r.-52.1.0,,,,,,,,,,,,,,,,,,,,,,,,,,,,,,,,,,,,,,,,,,,,,,,,,,,,,,,,,,,,,,,,,,,,,,,,,,,,,,,,,,,,,,,,,,,,,,,
1530,,,,,,,,,,,,,,,,,,,,,,,,,,,,,,,,,,,r.-57.1.0,,,,,,,,,,,,,,,,,,,,,,,,,,,,,,,,,,,,,,,,,,,,,,,,,,,,,,,,,,,,,,,,,,,,,,,,,,,,,,,,,,,,,,,,,,,,,,,,,,,,,,,,,,,,,,,,,,,,,,,,,,
1531,,,,,,,,,,,,,,,,,,,,,,,,,,,,,,,,,,,r.-57.1.0,,,,,,,,,,,,,,,,,,,,,,,,,,,,,,,,,,,,,,,,,,,,,,,,,,,,,,,,,,,,,,,,,,,,,,,,,,,,,,,,,,,,,,,,,,,,,,,,,,,,,,,,,,,,,,,,,,,,,,,,,,
1532,,,,,,,,,,,,,,,,,,,,,,,,,,,,,,,,,,,r.-57.1.0,,,,,,,,,,,,,,,,,,,,,,,,,,,,,,,,,,,,,,,,,,,,,,,,,,,,,,,,,,,,,,,,,,,,,,,,,,,,,,,,,,,,,,,,,,,,,,,,,,,,,,,,,,,,,,,,,,,,,,,,,,
1533,,,,,,,,,,,,,,,,,,,,,,,,,,,,,,,,,,,r.-57.1.0,,,,,,,,,,,,,,,,,,,,,,,,,,,,,,,,,,,,,,,,,,,,,,,,,,,,,,,,,,,,,,,,,,,,,,,,,,,,,,,,,,,,,,,,,,,,,,,,,,,,,,,,,,,,,,,,,,,,,,,,,,
1534,,,,,,,,,,,,,,,,,,,,,,,,,,,,,,,,,,,p.1535,,,,,,,,,,,,,,,,,,,,,,,,,,,,,,,,,,,,,,,,,,,,,,,,,,,,,,,,,,,,,,,,,,,,,,,,,,,,,,,,,,,,,,,,,,,,,,,,,,,,,,,,,,,,,,,,,,,,,,,,,,
1535,,,,,,,,,,,,,,,,p.1536,,,,,,,,,,,,,,,,,,,,,,,,,,,,,,,,,,,,,,,,,,,,,,,,,,,,,,,,,,,,,,,,,,,,,,,,,,,,,,,,,,,,,,,,,,,,,,,,,,,,,,,,,,,,,,,,,,,,,,,,,,,,,,,,,,,,,,,,,,,,,
1536,p.98,p.99,p.100,,,,,,,,,,,,,p.207,,p.208,,,,,,,,,p.210,,,,p.211,p.263,,p.213,,,,,,,,,,,,p.108,,,,,,p.214,p.215,,,,,,,,,,,,,,,,,,,,,,,,,,,,,p.228,p.112,p.113,,,,p.229,p.230,,p.231,,,,p.232,p.233,,p.234,p.235,,,,,,,,,p.237,,,p.238,p.239,p.1537,,,p.241,,p.242,,p.243,,,,,p.244,,,,p.245,p.246,p.247,,,,,p.248,p.249,p.250,,p.251,,,,p.253,,,,,,,,,,,,p.260,p.261
1537,,,,p.270,,,,,,,,,,,,,p.1538,,,,,,,,,,,,,,,,,,,,,,,,,,,,,,,,,,,,,,,,,,,,,,,,,,,,,,,,,,,,,,,,,,,,,,,,,,,,,,,,,,,,,,,,,,,,,,,,,,,,,,,,,,,,,,,,,,,,,,,,,,,,,,,,,,,,,,,,,,,,
1538,r.-41.6.0,r.-41.6.0,r.-41.6.0,,,,,,,,,,,,,r.-41.6.0,,r.-41.6.0,r.-41.6.0,r.-41.6.0,,,r.-41.6.0,,,r.-41.6.0,r.-41.6.0,,,,r.-41.6.0,r.-41.6.0,,r.-41.6.0,r.-41.6.0,r.-41.6.0,r.-41.6.0,r.-41.6.0,r.-41.6.0,r.-41.6.0,r.-41.6.0,r.-41.6.0,r.-41.6.0,,,r.-41.6.0,,,,,,r.-41.6.0,r.-41.6.0,,,,,r.-41.6.0,r.-41.6.0,r.-41.6.0,,,r.-41.6.0,r.-41.6.0,r.-41.6.0,r.-41.6.0,r.-41.6.0,r.-41.6.0,r.-41.6.0,r.-41.6.0,r.-41.6.0,r.-41.6.0,r.-41.6.0,r.-41.6.0,r.-41.6.0,r.-41.6.0,r.-41.6.0,r.-41.6.0,r.-41.6.0,r.-41.6.0,r.-41.6.0,r.-41.6.0,r.-41.6.0,r.-41.6.0,,,,,,,,,,,,,,,,,,,,,,,,,,,,,,,,,,,,,,,,,,,,,,,,,,,,,,,,,,,,,,,,,,,,,,,,,
1539,p.98,p.99,p.100,,,,,,,,,,,,,p.1145,,p.1146,p.1513,,,,p.1514,,,,p.1148,,,,p.1149,p.1298,,p.1151,p.1515,p.1516,p.1517,p.1518,p.1519,p.1520,p.1521,p.1522,p.1523,,,p.108,,,,,,p.1152,p.1153,,,,,p.1524,,p.1525,,,,,,,,,,,,,,,,,,,,,,p.1154,p.112,p.113,,,,p.998,p.999,,p.1283,,,,p.1000,p.1156,p.1526,p.1157,p.1158,,,,,,,,,p.1159,,,p.1006,p.1007,p.1527,p.1528,,p.1160,,p.1529,,p.1010,,,,,p.1163,p.1530,p.1531,p.1532,p.1012,p.1013,p.1014,,,,,p.1164,p.1165,p.1017,p.1533,p.1018,,p.1540,,p.1166,,,,,,,,,,,,p.1167,p.1168
1540,,,,,,,,,,,,,,,,,,,,,,,,,,,,,,,,,,,r.-43.3.0,,,,,,,,,,,,,,,,,,,,,,,,,,,,,,,,,,,,,,,,,,,,,,,,,,,,,,,,,,,,,,,,,,,,,,,,,,,,,,,,,,,,,,,,,,,,,,,,,,,,,,,,,,,,,,,,,,,,,,,,,,
1541,,,,,,,,,,,,,,,,,,,,,,,,,,,,,,,,,,,r.-29.2.0,,,,,,,,,,,,,,,,,,,,,,,,,,,,,,,,,,,,,,,,,,,,,,,,,,,,,,,,,,,,,,,,,,,,,,,,,,,,,,,,,,,,,,,,,,,,,,,,,,,,,,,,,,,,,,,,,,,,,,,,,,
1542,p.98,p.99,p.100,,,,,,,,,,,,,p.207,,p.208,,,,,,,,,p.210,,,,p.211,p.263,,p.213,,,,,,,,,,,,p.108,,,,,,p.214,p.215,,,,,,,,,,,,,,,,,,,,,,,,,,,,,p.228,p.112,p.113,,,,p.229,p.230,,p.231,,,,p.232,p.233,,p.234,p.235,,,,,,,,,p.237,,,p.238,p.239,p.1543,,,p.241,,p.242,,p.243,,,,,p.244,,,,p.245,p.246,p.247,,,,,p.248,p.249,p.250,,p.251,,,,p.253,,,,,,,,,,,,p.260,p.261
1543,,,,p.270,,,,,,,,,,,,,p.1544,,,,,,,,,,,,,,,,,,,,,,,,,,,,,,,,,,,,,,,,,,,,,,,,,,,,,,,,,,,,,,,,,,,,,,,,,,,,,,,,,,,,,,,,,,,,,,,,,,,,,,,,,,,,,,,,,,,,,,,,,,,,,,,,,,,,,,,,,,,,
1544,p.98,p.99,p.100,,,,,,,,,,,,,p.1145,,p.1146,p.1513,,,,p.1514,,,,p.1148,,,,p.1149,p.1298,,p.1151,p.1515,p.1516,p.1517,p.1518,p.1519,p.1520,p.1521,p.1522,p.1523,,,p.108,,,,,,p.1152,p.1153,,,,,p.1524,,p.1525,,,,,,,,,,,,,,,,,,,,,,p.1154,p.112,p.113,,,,p.998,p.999,,p.1283,,,,p.1000,p.1156,p.1526,p.1157,p.1158,,,,,,,,,p.1159,,,p.1006,p.1007,p.1527,p.1528,,p.1160,,p.1529,,p.1010,,,,,p.1163,p.1530,p.1531,p.1532,p.1012,p.1013,p.1014,,,,,p.1164,p.1165,p.1017,p.1533,p.1018,,p.1545,,p.1166,,,,,,,,,,,,p.1167,p.1168
1545,,,,,,,,,,,,,,,,,,,,,,,,,,,,,,,,,,,r.-54.5.0,,,,,,,,,,,,,,,,,,,,,,,,,,,,,,,,,,,,,,,,,,,,,,,,,,,,,,,,,,,,,,,,,,,,,,,,,,,,,,,,,,,,,,,,,,,,,,,,,,,,,,,,,,,,,,,,,,,,,,,,,,
1546,p.98,p.99,p.100,,,,,,,,,,,,,p.207,,p.208,,,,,,,,,p.210,,,,p.211,p.263,,p.213,,,,,,,,,,,,p.108,,,,,,p.214,p.215,,,,,,,,,,,,,,,,,,,,,,,,,,,,,p.228,p.112,p.113,,,,p.229,p.230,,p.231,,,,p.232,p.233,,p.234,p.235,,,,,,,,,p.237,,,p.238,p.239,p.1547,,,p.241,,p.242,,p.243,,,,,p.244,,,,p.245,p.246,p.247,,,,,p.248,p.249,p.250,,p.251,,,,p.253,,,,,,,,,,,,p.260,p.261
1547,,,,p.270,,,,,,,,,,,,,p.1548,,,,,,,,,,,,,,,,,,,,,,,,,,,,,,,,,,,,,,,,,,,,,,,,,,,,,,,,,,,,,,,,,,,,,,,,,,,,,,,,,,,,,,,,,,,,,,,,,,,,,,,,,,,,,,,,,,,,,,,,,,,,,,,,,,,,,,,,,,,,
1548,p.98,p.99,p.100,,,,,,,,,,,,,p.1145,,p.1146,p.1549,,,,p.1550,,,,p.1148,,,,p.1149,p.1298,,p.1151,p.1551,p.1552,p.1553,p.1554,p.1555,p.1556,p.1557,p.1558,p.1559,,,p.108,,,,,,p.1152,p.1153,,,,,p.1560,,p.1561,,,,,,,,,,,,,,,,,,,,,,p.1154,p.112,p.113,,,,p.998,p.999,,p.1283,,,,p.1000,p.1156,p.1562,p.1157,p.1158,,,,,,,,,p.1159,,,p.1006,p.1007,p.1563,p.1564,,p.1160,,p.1565,,p.1010,,,,,p.1163,p.1566,p.1567,p.1568,p.1012,p.1013,p.1014,,,,,p.1164,p.1165,p.1017,p.1569,p.1018,,p.1570,,p.1166,,,,,,,,,,,,p.1167,p.1168
1549,p.98,p.99,p.100,,,,,,,,,,,,,p.1145,,p.1146,p.1268,p.1651,,,p.1270,,,p.3,p.1148,,,,p.1149,p.1271,,p.1151,p.1272,p.1273,p.1274,p.1275,p.1276,p.1277,p.1278,p.1279,p.1280,,,p.108,,,,,,p.1152,p.1153,,,,,p.1281,,p.1282,,,p.6,p.7,p.8,p.9,p.10,p.11,p.12,p.13,p.14,p.15,p.16,p.17,p.18,p.19,p.20,p.21,p.22,p.23,p.24,p.1154,p.112,p.113,,,,p.998,p.999,,p.1283,,p.1284,p.1652,p.1000,p.1156,p.1286,p.1157,p.1158,,p.1287,,p.1288,,,,p.30,p.1159,,,p.1006,p.1007,p.1289,p.1290,,p.1160,,p.1291,,p.1010,,,,,p.1163,p.1292,p.1293,p.1294,p.1012,p.1013,p.1014,,,,,p.1164,p.1165,p.1017,p.1295,p.1018,,p.1296,p.35,p.1166,,,,,p.36,p.37,,p.38,,p.39,p.40,p.1167,p.1168
1550,,,,,,,,,,,,,,,,,,,,,,,,,,,,,,,,,,,r.-29.1.0,,,,,,,,,,,,,,,,,,,,,,,,r.-29.1.0,,,,,,,,,,,,,,,,,,,,,,,,,,,,,,,,,,,,,,,,,,,,,,,,,,,,,,,,,,,,,,,,,,,,,,,,,,,,,,,,,,,,,,,,,,,,,,,,,,
1551,,,,,,,,,,,,,,,,p.1647,,,,,,,,,,,,,,,,,,,,,,,,,,,,,,,,,,,,,,,,,,,,,,,,,,,,,,,,,,,,,,,,,,,,,,,,,,,,,,,,,,,,,,,,,,,,,,,,,,,,,,,,,,,,,,,,,,,,,,,,,,,,,,,,,,,,,,,,,,,,,
1552,p.98,p.99,p.100,,,,,,,,,,,,,p.1145,,p.1146,p.1513,,,,p.1514,,,,p.1148,,,,p.1149,p.1298,,p.1151,p.1515,p.1516,p.1517,p.1518,p.1519,p.1520,p.1521,p.1522,p.1523,,,p.108,,,,,,p.1152,p.1153,,,,,p.1524,,p.1525,,,,,,,,,,,,,,,,,,,,,,p.1154,p.112,p.113,,,,p.998,p.999,,p.1283,,,,p.1000,p.1156,p.1526,p.1157,p.1158,,,,,,,,,p.1159,,,p.1006,p.1007,p.1527,p.1528,,p.1160,,p.1529,,p.1010,,,,,p.1163,p.1530,p.1531,p.1532,p.1012,p.1013,p.1014,,,,,p.1164,p.1165,p.1017,p.1533,p.1018,,p.1642,,p.1166,,,,,,,,,,,,p.1167,p.1168
1553,,,,,,,,,,,,,,,,p.1598,,,,,,,,,,,,,,,,,,,,,,,,,,,,,,,,,,,,,,,,,,,,,,,,,,,,,,,,,,,,,,,,,,,,,,,,,,,,,,,,,,,,,,,,,,,,,,,,,,,,,,,,,,,,,,,,,,,,,,,,,,,,,,,,,,,,,,,,,,,,,
1554,,,,,,,,,,,,,,,,,,,,,,,,,,,,,,,,p.1461,,,,,,,,,,,,,,,,,,,,,,,,,,,,,,,,,,,,,,,,,,,,,,,,,,,,,,,,,,,,,,,,,,,,,,,,,,,,,,,,,,,,,,p.1596,,,,,,,,,,,,,,,,,,,,,,,,,,,,,,,,,,,,,,,
1555,,,,,,,,,,,,,,,,,,,,,,,p.1595,,,,,,,,,,,,,,,,,,,,,,,,,,,,,,,,,,,,,,,,,,,,,,,,,,,,,,,,,,,,,,,,,,,,,,,,,,,,,,,,,,,,,,,,,,,,,,,,,,,,,,,,,,,,,,,,,,,,,,,,,,,,,,,,,,,,,,
1556,,,,,,,,,,,,,,,,,,,,,,,p.1594,,,,,,,,,,,,,,,,,,,,,,,,,,,,,,,,,,,,,,,,,,,,,,,,,,,,,,,,,,,,,,,,,,,,,,,,,,,,,,,,,,,,,,,,,,,,,,,,,,,,,,,,,,,,,,,,,,,,,,,,,,,,,,,,,,,,,,
1557,p.98,p.99,p.100,,,,,,,,,,,,,p.1145,,p.1146,,,,,p.1591,,,,p.1148,,,,p.1149,p.1150,,p.1151,,,,,,,,,,,,p.108,,,,,,p.1152,p.1153,,,,,,,,,,,,,,,,,,,,,,,,,,,,,p.1154,p.112,p.113,,,,p.998,p.999,,p.1283,,,,p.1000,p.1156,,p.1157,p.1158,,,,,,,,,p.1159,,,p.1006,p.1007,p.1592,,,p.1160,,p.1161,,p.1010,,,,,p.1163,,,,p.1012,p.1013,p.1014,,,,,p.1164,p.1165,p.1017,,p.1018,,,,p.1166,,,,,,,,,,,,p.1167,p.1168
1558,p.98,p.99,p.100,,,,,,,,,,,,,p.1354,,p.1355,,,,,,,,,p.1356,,,,p.1357,p.1358,,p.1359,,,,,,,,,,,,p.108,,,,,,p.1360,p.1361,,,,,,,,,,,,,,,,,,,,,,,,,,,,,p.1362,p.112,p.113,,,,p.1363,p.1364,,,,,,p.1365,p.1366,,p.1367,p.1368,p.1588,,,,,,,,p.1370,,,p.1371,p.1372,,,,p.1373,,p.1374,,p.1375,,,,,p.1376,,,,p.1377,p.1378,p.1379,,,,,p.1380,p.1381,p.1382,,p.1383,,,,p.1384,,,,,,,,,,,,p.1385,p.1386
1559,,,,,,,,,,,,,,,,,,,,,,p.1586,,,,,,,,,,,,,,,,,,,,,,,,,,,,,,,,,,,,,,,,,,,,,,,,,,,,,,,,,,,,,,,,,,,,,,,,,,,,,,,,,,,,,,,,,,,,,,,,,,,,,,,,,,,,,,,,,,,,,,,,,,,,,,,,,,,,,,,
1560,,,,,,,,,,,,,,,,p.1580,,,,,,,,,,,,,,,,,,,,,,,,,,,,,,,,,,,,,,,,,,,,,,,,,,,,,,,,,,,,,,,,,,,,,,,,,,,,,,,,,,,,,,,,,,,,,,,,,,,,,,,,,,,,,,,,,,,,,,,,,,,,,,,,,,,,,,,,,,,,,
1561,,,,,,,,,,,,,,,,p.1576,,,,,,,,,,,,,,,,,,,,,,,,,,,,,,,,,,,,,,,,,,,,,,,,,,,,,,,,,,,,,,,,,,,,,,,,,,,,,,,,,,,,,,,,,,,,,,,,,,,,,,,,,,,,,,,,,,,,,,,,,,,,,,,,,,,,,,,,,,,,,
1562,,,,,,,,,,,,,,,,,,,,,,,,,,,,,,,,,,,r.-57.1.0,,,,,,,,,,,,,,,,,,,,,,,,r.-57.1.0,,,,,,,,,,,,,,,,,,,,,,,,,,,,,,,,,,,,,,,,,,,,,,,,,,,,,,,,,,,,,,,,,,,,,,,,,,,,,,,,,,,,,,,,,,,,,,,,,,
1563,,,,p.1300,,,,,,,,,,,,,,,,,,,p.1575,,,,,,,,,,,,,,,,,,,,,,,,,,,,,,,,,,,,,,,,,,,,,,,,,,,,,,,,,,,,,,,,,,,,,,,,,,,,,,,,,,,,,,,,,,,,,,,,,,,,,,,,,,,,,,,,,,,,,,,,,,,,,,,,,,,,,,
1564,,,,,,,,,,,,,,,,,,,,,,,,,,,,,,,,,,,r.-57.1.0,,,,,,,,,,,,,,,,,,,,,,,,r.-57.1.0,,,,,,,,,,,,,,,,,,,,,,,,,,,,,,,,,,,,,,,,,,,,,,,,,,,,,,,,,,,,,,,,,,,,,,,,,,,,,,,,,,,,,,,,,,,,,,,,,,
1565,r.-52.1.0,r.-52.1.0,r.-52.1.0,r.-52.1.0,r.-52.1.0,r.-52.1.0,r.-52.1.0,r.-52.1.0,r.-52.1.0,r.-52.1.0,r.-52.1.0,r.-52.1.0,r.-52.1.0,r.-52.1.0,r.-52.1.0,r.-52.1.0,,,,,r.-52.1.0,p.1573,r.-52.1.0,r.-52.1.0,,,,r.-52.1.0,r.-52.1.0,r.-52.1.0,,,r.-52.1.0,,,,,,,,,,,r.-52.1.0,r.-52.1.0,r.-52.1.0,r.-52.1.0,r.-52.1.0,,r.-52.1.0,r.-52.1.0,r.-52.1.0,r.-52.1.0,r.-52.1.0,r.-52.1.0,r.-52.1.0,r.-52.1.0,,,,r.-52.1.0,r.-52.1.0,,,,,,,,,,,,,,,,,,,,,,,,,,,,,,,,,,,,,,,,,,,,,,,,,,,,,,,,,,,,,,,,,,,,,,,,,,,,,,,,,,,,,,,,,,,,,,,
1566,,,,,,,,,,,,,,,,,,,,,,,,,,,,,,,,,,,r.-57.1.0,,,,,,,,,,,,,,,,,,,,,,,,r.-57.1.0,,,,,,,,,,,,,,,,,,,,,,,,,,,,,,,,,,,,,,,,,,,,,,,,,,,,,,,,,,,,,,,,,,,,,,,,,,,,,,,,,,,,,,,,,,,,,,,,,,
1567,,,,,,,,,,,,,,,,,,,,,,,,,,,,,,,,,,,r.-57.1.0,,,,,,,,,,,,,,,,,,,,,,,,r.-57.1.0,,,,,,,,,,,,,,,,,,,,,,,,,,,,,,,,,,,,,,,,,,,,,,,,,,,,,,,,,,,,,,,,,,,,,,,,,,,,,,,,,,,,,,,,,,,,,,,,,,
1568,,,,,,,,,,,,,,,,,,,,,,,,,,,,,,,,,,,r.-57.1.0,,,,,,,,,,,,,,,,,,,,,,,,r.-57.1.0,,,,,,,,,,,,,,,,,,,,,,,,,,,,,,,,,,,,,,,,,,,,,,,,,,,,,,,,,,,,,,,,,,,,,,,,,,,,,,,,,,,,,,,,,,,,,,,,,,
1569,,,,,,,,,,,,,,,,,,,,,,,,,,,,,,,,,,,r.-57.1.0,,,,,,,,,,,,,,,,,,,,,,,,r.-57.1.0,,,,,,,,,,,,,,,,,,,,,,,,,,,,,,,,,,,,,,,,,,,,,,,,,,,,,,,,,,,,,,,,,,,,,,,,,,,,,,,,,,,,,,,,,,,,,,,,,,
1570,,,,,,,,,,,,,,,,,,,,,,,,,,,,,,,,,,,r.-54.5.0,,,,,,,,,,,,,,,,,,,,,,,,p.1571,,,,,,,,,,,,,,,,,,,,,,,,,,,,,,,,,,,,,,,,,,,,,,,,,,,,,,,,,,,,,,,,,,,,,,,,,,,,,,,,,,,,,,,,,,,,,,,,,,
1571,p.98,p.99,p.100,,,,,,,,,,,,,p.1145,,p.1146,p.1513,,,,p.1514,,,,p.1148,,,,p.1149,p.1298,,p.1151,p.1515,p.1516,p.1517,p.1518,p.1519,p.1520,p.1521,p.1522,p.1523,,,p.108,,,,,,p.1152,p.1153,,,,,p.1524,,p.1525,,,,,,,,,,,,,,,,,,,,,,p.1154,p.112,p.113,,,,p.998,p.999,,p.1283,,,,p.1000,p.1156,p.1526,p.1157,p.1158,,,,,,,,,p.1159,,,p.1006,p.1007,p.1527,p.1528,,p.1160,,p.1529,,p.1010,,,,,p.1163,p.1530,p.1531,p.1532,p.1012,p.1013,p.1014,,,,,p.1164,p.1165,p.1017,p.1533,p.1018,,p.1572,,p.1166,,,,,,,,,,,,p.1167,p.1168
1572,,,,,,,,,,,,,,,,,,,,,,,,,,,,,,,,,,,r.-54.7.0,,,,,,,,,,,,,,,,,,,,,,,,,,,,,,,,,,,,,,,,,,,,,,,,,,,,,,,,,,,,,,,,,,,,,,,,,,,,,,,,,,,,,,,,,,,,,,,,,,,,,,,,,,,,,,,,,,,,,,,,,,
1573,p.98,p.99,p.100,,,,,,,,,,,,,p.1145,,p.1146,p.1549,,,,p.1550,,,,p.1148,,,,p.1149,p.1298,,p.1151,p.1551,p.1552,p.1553,p.1554,p.1555,p.1556,p.1557,p.1558,p.1559,,,p.108,,,,,,p.1152,p.1153,,,,,p.1560,,p.1561,,,,,,,,,,,,,,,,,,,,,,p.1154,p.112,p.113,,,,p.998,p.999,,p.1283,,,,p.1000,p.1156,p.1562,p.1157,p.1158,,,,,,,,,p.1159,,,p.1006,p.1007,p.1563,p.1564,,p.1160,,p.1565,,p.1010,,,,,p.1163,p.1566,p.1567,p.1568,p.1012,p.1013,p.1014,,,,,p.1164,p.1165,p.1017,p.1569,p.1018,,p.1574,,p.1166,,,,,,,,,,,,p.1167,p.1168
1574,,,,,,,,,,,,,,,,,,,,,,,,,,,,,,,,,,,r.-43.3.0,,,,,,,,,,,,,,,,,,,,,,,,r.-43.3.0,,,,,,,,,,,,,,,,,,,,,,,,,,,,,,,,,,,,,,,,,,,,,,,,,,,,,,,,,,,,,,,,,,,,,,,,,,,,,,,,,,,,,,,,,,,,,,,,,,
1575,,,,,,,,,,,,,,,,,,,,,,,,,,,,,,,,,,,r.-29.2.0,,,,,,,,,,,,,,,,,,,,,,,,r.-29.2.0,,,,,,,,,,,,,,,,,,,,,,,,,,,,,,,,,,,,,,,,,,,,,,,,,,,,,,,,,,,,,,,,,,,,,,,,,,,,,,,,,,,,,,,,,,,,,,,,,,
1576,p.98,p.99,p.100,,,,,,,,,,,,,p.207,,p.208,,,,,,,,,p.210,,,,p.211,p.263,,p.213,,,,,,,,,,,,p.108,,,,,,p.214,p.215,,,,,,,,,,,,,,,,,,,,,,,,,,,,,p.228,p.112,p.113,,,,p.229,p.230,,p.231,,,,p.232,p.233,,p.234,p.235,,,,,,,,,p.237,,,p.238,p.239,p.1577,,,p.241,,p.242,,p.243,,,,,p.244,,,,p.245,p.246,p.247,,,,,p.248,p.249,p.250,,p.251,,,,p.253,,,,,,,,,,,,p.260,p.261
1577,,,,p.270,,,,,,,,,,,,,p.1578,,,,,,,,,,,,,,,,,,,,,,,,,,,,,,,,,,,,,,,,,,,,,,,,,,,,,,,,,,,,,,,,,,,,,,,,,,,,,,,,,,,,,,,,,,,,,,,,,,,,,,,,,,,,,,,,,,,,,,,,,,,,,,,,,,,,,,,,,,,,
1578,p.98,p.99,p.100,,,,,,,,,,,,,p.1145,,p.1146,p.1549,,,,p.1550,,,,p.1148,,,,p.1149,p.1298,,p.1151,p.1551,p.1552,p.1553,p.1554,p.1555,p.1556,p.1557,p.1558,p.1559,,,p.108,,,,,,p.1152,p.1153,,,,,p.1560,,p.1561,,,,,,,,,,,,,,,,,,,,,,p.1154,p.112,p.113,,,,p.998,p.999,,p.1283,,,,p.1000,p.1156,p.1562,p.1157,p.1158,,,,,,,,,p.1159,,,p.1006,p.1007,p.1563,p.1564,,p.1160,,p.1565,,p.1010,,,,,p.1163,p.1566,p.1567,p.1568,p.1012,p.1013,p.1014,,,,,p.1164,p.1165,p.1017,p.1569,p.1018,,p.1579,,p.1166,,,,,,,,,,,,p.1167,p.1168
1579,,,,,,,,,,,,,,,,,,,,,,,,,,,,,,,,,,,r.-54.5.0,,,,,,,,,,,,,,,,,,,,,,,,r.-54.5.0,,,,,,,,,,,,,,,,,,,,,,,,,,,,,,,,,,,,,,,,,,,,,,,,,,,,,,,,,,,,,,,,,,,,,,,,,,,,,,,,,,,,,,,,,,,,,,,,,,
1580,p.98,p.99,p.100,,,,,,,,,,,,,p.207,,p.208,,,,,,,,,p.210,,,,p.211,p.263,,p.213,,,,,,,,,,,,p.108,,,,,,p.214,p.215,,,,,,,,,,,,,,,,,,,,,,,,,,,,,p.228,p.112,p.113,,,,p.229,p.230,,p.231,,,,p.232,p.233,,p.234,p.235,,,,,,,,,p.237,,,p.238,p.239,p.1581,,,p.241,,p.242,,p.243,,,,,p.244,,,,p.245,p.246,p.247,,,,,p.248,p.249,p.250,,p.251,,,,p.253,,,,,,,,,,,,p.260,p.261
1581,,,,p.270,,,,,,,,,,,,,p.1582,,,,,,,,,,,,,,,,,,,,,,,,,,,,,,,,,,,,,,,,,,,,,,,,,,,,,,,,,,,,,,,,,,,,,,,,,,,,,,,,,,,,,,,,,,,,,,,,,,,,,,,,,,,,,,,,,,,,,,,,,,,,,,,,,,,,,,,,,,,,
1582,p.98,p.99,p.100,,,,,,,,,,,,,p.1145,,p.1146,p.1549,,,,p.1550,,,,p.1148,,,,p.1149,p.1298,,p.1151,p.1551,p.1552,p.1553,p.1554,p.1555,p.1556,p.1557,p.1558,p.1559,,,p.108,,,,,,p.1152,p.1153,,,,,p.1560,,p.1561,,,,,,,,,,,,,,,,,,,,,,p.1154,p.112,p.113,,,,p.998,p.999,,p.1283,,,,p.1000,p.1156,p.1562,p.1157,p.1158,,,,,,,,,p.1159,,,p.1006,p.1007,p.1563,p.1564,,p.1160,,p.1565,,p.1010,,,,,p.1163,p.1566,p.1567,p.1568,p.1012,p.1013,p.1014,,,,,p.1164,p.1165,p.1017,p.1569,p.1018,,p.1583,,p.1166,,,,,,,,,,,,p.1167,p.1168
1583,,,,,,,,,,,,,,,,,,,,,,,,,,,,,,,,,,,r.-54.5.0,,,,,,,,,,,,,,,,,,,,,,,,p.1584/r.-54.5.0,,,,,,,,,,,,,,,,,,,,,,,,,,,,,,,,,,,,,,,,,,,,,,,,,,,,,,,,,,,,,,,,,,,,,,,,,,,,,,,,,,,,,,,,,,,,,,,,,,
1584,p.98,p.99,p.100,,,,,,,,,,,,,p.1145,,p.1146,p.1549,,,,p.1550,,,,p.1148,,,,p.1149,p.1298,,p.1151,p.1551,p.1552,p.1553,p.1554,p.1555,p.1556,p.1557,p.1558,p.1559,,,p.108,,,,,,p.1152,p.1153,,,,,p.1560,,p.1561,,,,,,,,,,,,,,,,,,,,,,p.1154,p.112,p.113,,,,p.998,p.999,,p.1283,,,,p.1000,p.1156,p.1562,p.1157,p.1158,,,,,,,,,p.1159,,,p.1006,p.1007,p.1563,p.1564,,p.1160,,p.1565,,p.1010,,,,,p.1163,p.1566,p.1567,p.1568,p.1012,p.1013,p.1014,,,,,p.1164,p.1165,p.1017,p.1569,p.1018,,p.1585,,p.1166,,,,,,,,,,,,p.1167,p.1168
1585,,,,,,,,,,,,,,,,,,,,,,,,,,,,,,,,,,,r.-54.7.0,,,,,,,,,,,,,,,,,,,,,,,,r.-54.7.0,,,,,,,,,,,,,,,,,,,,,,,,,,,,,,,,,,,,,,,,,,,,,,,,,,,,,,,,,,,,,,,,,,,,,,,,,,,,,,,,,,,,,,,,,,,,,,,,,,
1586,p.98,p.99,p.100,,,,,,,,,,,,,p.1145,,p.1146,p.1549,,,,p.1550,,,,p.1148,,,,p.1149,p.1298,,p.1151,p.1551,p.1552,p.1553,p.1554,p.1555,p.1556,p.1557,p.1558,p.1559,,,p.108,,,,,,p.1152,p.1153,,,,,p.1560,,p.1561,,,,,,,,,,,,,,,,,,,,,,p.1154,p.112,p.113,,,,p.998,p.999,,p.1283,,,,p.1000,p.1156,p.1562,p.1157,p.1158,,,,,,,,,p.1159,,,p.1006,p.1007,p.1563,p.1564,,p.1160,,p.1565,,p.1010,,,,,p.1163,p.1566,p.1567,p.1568,p.1012,p.1013,p.1014,,,,,p.1164,p.1165,p.1017,p.1569,p.1018,,p.1587,,p.1166,,,,,,,,,,,,p.1167,p.1168
1587,,,,,,,,,,,,,,,,,,,,,,,,,,,,,,,,,,,r.-43.3.0,,,,,,,,,,,,,,,,,,,,,,,,r.-43.3.0,,,,,,,,,,,,,,,,,,,,,,,,,,,,,,,,,,,,,,,,,,,,,,,,,,,,,,,,,,,,,,,,,,,,,,,,,,,,,,,,,,,,,,,,,,,,,,,,,,
1588,,,,,,,,,,,,,,,,,,,,,,p.1589,,,,,,,,,,,,,,,,,,,,,,,,,,,,,,,,,,,,,,,,,,,,,,,,,,,,,,,,,,,,,,,,,,,,,,,,,,,,,,,,,,,,,,,,,,,,,,,,,,,,,,,,,,,,,,,,,,,,,,,,,,,,,,,,,,,,,,,
1589,p.98,p.99,p.100,,,,,,,,,,,,,p.1145,,p.1146,p.1549,,,,p.1550,,,,p.1148,,,,p.1149,p.1298,,p.1151,p.1551,p.1552,p.1553,p.1554,p.1555,p.1556,p.1557,p.1558,p.1559,,,p.108,,,,,,p.1152,p.1153,,,,,p.1560,,p.1561,,,,,,,,,,,,,,,,,,,,,,p.1154,p.112,p.113,,,,p.998,p.999,,p.1283,,,,p.1000,p.1156,p.1562,p.1157,p.1158,,,,,,,,,p.1159,,,p.1006,p.1007,p.1563,p.1564,,p.1160,,p.1565,,p.1010,,,,,p.1163,p.1566,p.1567,p.1568,p.1012,p.1013,p.1014,,,,,p.1164,p.1165,p.1017,p.1569,p.1018,,p.1590,,p.1166,,,,,,,,,,,,p.1167,p.1168
1590,,,,,,,,,,,,,,,,,,,,,,,,,,,,,,,,,,,r.-43.4.0,,,,,,,,,,,,,,,,,,,,,,,,r.-43.4.0,,,,,,,,,,,,,,,,,,,,,,,,,,,,,,,,,,,,,,,,,,,,,,,,,,,,,,,,,,,,,,,,,,,,,,,,,,,,,,,,,,,,,,,,,,,,,,,,,,
1591,,,,,,,,,,,,,,,,,,,,,,,,,,,,,,,,,,,r.-42.2.0,,,,,,,,,,,,,,,,,,,,,,,,r.-42.2.0,,,,,,,,,,,,,,,,,,,,,,,,,,,,,,,,,,,,,,,,,,,,,,,,,,,,,,,,,,,,,,,,,,,,,,,,,,,,,,,,,,,,,,,,,,,,,,,,,,
1592,,,,p.1300,,,,,,,,,,,,,,,,,,,p.1593,,,,,,,,,,,,,,,,,,,,,,,,,,,,,,,,,,,,,,,,,,,,,,,,,,,,,,,,,,,,,,,,,,,,,,,,,,,,,,,,,,,,,,,,,,,,,,,,,,,,,,,,,,,,,,,,,,,,,,,,,,,,,,,,,,,,,,
1593,,,,,,,,,,,,,,,,,,,,,,,,,,,,,,,,,,,r.-42.3.0,,,,,,,,,,,,,,,,,,,,,,,,r.-42.3.0,,,,,,,,,,,,,,,,,,,,,,,,,,,,,,,,,,,,,,,,,,,,,,,,,,,,,,,,,,,,,,,,,,,,,,,,,,,,,,,,,,,,,,,,,,,,,,,,,,
1594,,,,,,,,,,,,,,,,,,,,,,,,,,,,,,,,,,,r.-42.2.0,,,,,,,,,,,,,,,,,,,,,,,,r.-42.2.0,,,,,,,,,,,,,,,,,,,,,,,,,,,,,,,,,,,,,,,,,,,,,,,,,,,,,,,,,,,,,,,,,,,,,,,,,,,,,,,,,,,,,,,,,,,,,,,,,,
1595,,,,,,,,,,,,,,,,,,,,,,,,,,,,,,,,,,,r.-42.2.0,,,,,,,,,,,,,,,,,,,,,,,,r.-42.2.0,,,,,,,,,,,,,,,,,,,,,,,,,,,,,,,,,,,,,,,,,,,,,,,,,,,,,,,,,,,,,,,,,,,,,,,,,,,,,,,,,,,,,,,,,,,,,,,,,,
1596,,,,,,,,,,,,,,,,,,,,,,,p.1597,,,,,,,,,,,,,,,,,,,,,,,,,,,,,,,,,,,,,,,,,,,,,,,,,,,,,,,,,,,,,,,,,,,,,,,,,,,,,,,,,,,,,,,,,,,,,,,,,,,,,,,,,,,,,,,,,,,,,,,,,,,,,,,,,,,,,,
1597,,,,,,,,,,,,,,,,,,,,,,,,,,,,,,,,,,,r.-42.3.0,,,,,,,,,,,,,,,,,,,,,,,,r.-42.3.0,,,,,,,,,,,,,,,,,,,,,,,,,,,,,,,,,,,,,,,,,,,,,,,,,,,,,,,,,,,,,,,,,,,,,,,,,,,,,,,,,,,,,,,,,,,,,,,,,,
1598,p.98,p.99,p.100,,,,,,,,,,,,,p.1145,,p.1146,,,,,p.1599,,,p.3,p.1148,,,,p.1149,p.1466,,p.1151,,,,,,,,,,,,p.108,,,,,,p.1152,p.1153,,,,,,,,,,p.6,p.7,p.8,p.9,p.10,p.11,p.12,p.13,p.14,p.15,p.16,p.17,p.18,p.19,p.20,p.21,p.22,p.23,p.24,p.1154,p.112,p.113,,,,p.998,p.999,,p.1283,,,,p.1000,p.1156,,p.1157,p.1158,,p.1600,,p.1468,,,,p.30,p.1159,,,p.1006,p.1007,p.1601,,,p.1160,,p.1161,,p.1010,,,,,p.1163,,,,p.1012,p.1013,p.1014,,,,,p.1164,p.1165,p.1017,,p.1018,,,p.35,p.1166,,,,,p.36,p.37,,p.38,,p.39,p.40,p.1167,p.1168
1599,p.98,p.99,p.100,,,,,,,,,,,,,p.1145,,p.1146,,,,,p.1629,,,,p.1148,,,,p.1149,p.1150,,p.1151,,,,,,,,,,,,p.108,,,,,,p.1152,p.1153,,,,,,,,,,,,,,,,,,,,,,,,,,,,,p.1154,p.112,p.113,,,,p.998,p.999,,p.1283,,,,p.1000,p.1156,,p.1157,p.1158,,,,,,,,,p.1159,,,p.1006,p.1007,p.1630,,,p.1160,,p.1161,,p.1010,,,,,p.1163,,,,p.1012,p.1013,p.1014,,,,,p.1164,p.1165,p.1017,,p.1018,,,,p.1166,,,,,,,,,,,,p.1167,p.1168
1600,p.98,p.99,p.100,,,,,,,,,,,,,p.1145,,p.1146,,,,,p.1616,,,,p.1148,,,,p.1149,p.1150,,p.1151,,,,,,,,,,,,p.108,,,,,,p.1152,p.1153,,,,,,,,,,,,,,,,,,,,,,,,,,,,,p.1154,p.112,p.113,,,,p.998,p.999,,p.1283,,,,p.1000,p.1156,,p.1157,p.1158,,,,,,,,,p.1159,,,p.1006,p.1007,p.1617,,,p.1160,,p.1161,,p.1010,,,,,p.1163,,,,p.1012,p.1013,p.1014,,,,,p.1164,p.1165,p.1017,,p.1018,,,,p.1166,,,,,,,,,,,,p.1167,p.1168
1601,,,,p.1300,,,,,,,,,,,,,,,,,,,p.1602,,,,,,,,,,,,,,,,,,,,,,,,,,,,,,,,,,,,,,,,,,,,,,,,,,,,,,,,,,,,,,,,,,,,,,,,,,,,,,,,,,,,,,,,,,,,,,,,,,,,,,,,,,,,,,,,,,,,,,,,,,,,,,,,,,,,,,
1602,p.98,p.99,p.100,,,,,,,,,,,,,p.1145,,p.1146,,,,,p.1603,,,,p.1148,,,,p.1149,p.1150,,p.1151,,,,,,,,,,,,p.108,,,,,,p.1152,p.1153,,,,,,,,,,,,,,,,,,,,,,,,,,,,,p.1154,p.112,p.113,,,,p.998,p.999,,p.1283,,,,p.1000,p.1156,,p.1157,p.1158,,,,,,,,,p.1159,,,p.1006,p.1007,p.1604,,,p.1160,,p.1161,,p.1010,,,,,p.1163,,,,p.1012,p.1013,p.1014,,,,,p.1164,p.1165,p.1017,,p.1018,,,,p.1166,,,,,,,,,,,,p.1167,p.1168
1603,p.98,p.99,p.100,,,,,,,,,,,,,p.207,p.1611,p.208,,,,,,,,,p.210,,,,p.211,p.263,,p.213,,,,,,,,,,,,p.108,,,,,,p.214,p.215,,,,,,,,,,,,,,,,,,,,,,,,,,,,,p.228,p.112,p.113,,,,p.229,p.230,,p.231,,,,p.232,p.233,,p.234,p.235,,,,,,,,,p.237,,,p.238,p.239,p.1612,,,p.241,,p.242,,p.243,,,,,p.244,,,,p.245,p.246,p.247,,,,,p.248,p.249,p.250,,p.251,,,,p.253,,,,,,,,,,,,p.260,p.261
1604,,,,p.1300,,,,,,,,,,,,,,,,,,,p.1605,,,,,,,,,,,,,,,,,,,,,,,,,,,,,,,,,,,,,,,,,,,,,,,,,,,,,,,,,,,,,,,,,,,,,,,,,,,,,,,,,,,,,,,,,,,,,,,,,,,,,,,,,,,,,,,,,,,,,,,,,,,,,,,,,,,,,,
1605,p.98,p.99,p.100,,,,,,,,,,,,,p.207,p.1606,p.208,,,,,,,,,p.210,,,,p.211,p.263,,p.213,,,,,,,,,,,,p.108,,,,,,p.214,p.215,,,,,,,,,,,,,,,,,,,,,,,,,,,,,p.228,p.112,p.113,,,,p.229,p.230,,p.231,,,,p.232,p.233,,p.234,p.235,,,,,,,,,p.237,,,p.238,p.239,p.1607,,,p.241,,p.242,,p.243,,,,,p.244,,,,p.245,p.246,p.247,,,,,p.248,p.249,p.250,,p.251,,,,p.253,,,,,,,,,,,,p.260,p.261
1606,p.98,p.99,p.100,,,,,,,,,,,,,p.1145,,p.1146,p.1549,,,,p.1550,,,,p.1148,,,,p.1149,p.1298,,p.1151,p.1551,p.1552,p.1553,p.1554,p.1555,p.1556,p.1557,p.1558,p.1559,,,p.108,,,,,,p.1152,p.1153,,,,,p.1560,,p.1561,,,,,,,,,,,,,,,,,,,,,,p.1154,p.112,p.113,,,,p.998,p.999,,p.1283,,,,p.1000,p.1156,p.1562,p.1157,p.1158,,,,,,,,,p.1159,,,p.1006,p.1007,p.1563,p.1564,,p.1160,,p.1565,,p.1010,,,,,p.1163,p.1566,p.1567,p.1568,p.1012,p.1013,p.1014,,,,,p.1164,p.1165,p.1017,p.1569,p.1018,,p.1610,,p.1166,,,,,,,,,,,,p.1167,p.1168
1607,,,,p.270,,,,,,,,,,,,,p.1608,,,,,,,,,,,,,,,,,,,,,,,,,,,,,,,,,,,,,,,,,,,,,,,,,,,,,,,,,,,,,,,,,,,,,,,,,,,,,,,,,,,,,,,,,,,,,,,,,,,,,,,,,,,,,,,,,,,,,,,,,,,,,,,,,,,,,,,,,,,,
1608,p.98,p.99,p.100,,,,,,,,,,,,,p.1145,,p.1146,p.1549,,,,p.1550,,,,p.1148,,,,p.1149,p.1298,,p.1151,p.1551,p.1552,p.1553,p.1554,p.1555,p.1556,p.1557,p.1558,p.1559,,,p.108,,,,,,p.1152,p.1153,,,,,p.1560,,p.1561,,,,,,,,,,,,,,,,,,,,,,p.1154,p.112,p.113,,,,p.998,p.999,,p.1283,,,,p.1000,p.1156,p.1562,p.1157,p.1158,,,,,,,,,p.1159,,,p.1006,p.1007,p.1563,p.1564,,p.1160,,p.1565,,p.1010,,,,,p.1163,p.1566,p.1567,p.1568,p.1012,p.1013,p.1014,,,,,p.1164,p.1165,p.1017,p.1569,p.1018,,p.1609,,p.1166,,,,,,,,,,,,p.1167,p.1168
1609,,,,,,,,,,,,,,,,,,,,,,,,,,,,,,,,,,,r.-41.9.0,,,,,,,,,,,,,,,,,,,,,,,,r.-41.9.0,,,,,,,,,,,,,,,,,,,,,,,,,,,,,,,,,,,,,,,,,,,,,,,,,,,,,,,,,,,,,,,,,,,,,,,,,,,,,,,,,,,,,,,,,,,,,,,,,,
1610,,,,,,,,,,,,,,,,,,,,,,,,,,,,,,,,,,,r.-41.8.0,,,,,,,,,,,,,,,,,,,,,,,,r.-41.8.0,,,,,,,,,,,,,,,,,,,,,,,,,,,,,,,,,,,,,,,,,,,,,,,,,,,,,,,,,,,,,,,,,,,,,,,,,,,,,,,,,,,,,,,,,,,,,,,,,,
1611,p.98,p.99,p.100,,,,,,,,,,,,,p.1145,,p.1146,p.1549,,,,p.1550,,,,p.1148,,,,p.1149,p.1298,,p.1151,p.1551,p.1552,p.1553,p.1554,p.1555,p.1556,p.1557,p.1558,p.1559,,,p.108,,,,,,p.1152,p.1153,,,,,p.1560,,p.1561,,,,,,,,,,,,,,,,,,,,,,p.1154,p.112,p.113,,,,p.998,p.999,,p.1283,,,,p.1000,p.1156,p.1562,p.1157,p.1158,,,,,,,,,p.1159,,,p.1006,p.1007,p.1563,p.1564,,p.1160,,p.1565,,p.1010,,,,,p.1163,p.1566,p.1567,p.1568,p.1012,p.1013,p.1014,,,,,p.1164,p.1165,p.1017,p.1569,p.1018,,p.1615,,p.1166,,,,,,,,,,,,p.1167,p.1168
1612,,,,p.270,,,,,,,,,,,,,p.1613,,,,,,,,,,,,,,,,,,,,,,,,,,,,,,,,,,,,,,,,,,,,,,,,,,,,,,,,,,,,,,,,,,,,,,,,,,,,,,,,,,,,,,,,,,,,,,,,,,,,,,,,,,,,,,,,,,,,,,,,,,,,,,,,,,,,,,,,,,,,
1613,p.98,p.99,p.100,,,,,,,,,,,,,p.1145,,p.1146,p.1549,,,,p.1550,,,,p.1148,,,,p.1149,p.1298,,p.1151,p.1551,p.1552,p.1553,p.1554,p.1555,p.1556,p.1557,p.1558,p.1559,,,p.108,,,,,,p.1152,p.1153,,,,,p.1560,,p.1561,,,,,,,,,,,,,,,,,,,,,,p.1154,p.112,p.113,,,,p.998,p.999,,p.1283,,,,p.1000,p.1156,p.1562,p.1157,p.1158,,,,,,,,,p.1159,,,p.1006,p.1007,p.1563,p.1564,,p.1160,,p.1565,,p.1010,,,,,p.1163,p.1566,p.1567,p.1568,p.1012,p.1013,p.1014,,,,,p.1164,p.1165,p.1017,p.1569,p.1018,,p.1614,,p.1166,,,,,,,,,,,,p.1167,p.1168
1614,,,,,,,,,,,,,,,,,,,,,,,,,,,,,,,,,,,r.-41.8.0,,,,,,,,,,,,,,,,,,,,,,,,r.-41.8.0,,,,,,,,,,,,,,,,,,,,,,,,,,,,,,,,,,,,,,,,,,,,,,,,,,,,,,,,,,,,,,,,,,,,,,,,,,,,,,,,,,,,,,,,,,,,,,,,,,
1615,,,,,,,,,,,,,,,,,,,,,,,,,,,,,,,,,,,r.-41.7.0,,,,,,,,,,,,,,,,,,,,,,,,r.-41.7.0,,,,,,,,,,,,,,,,,,,,,,,,,,,,,,,,,,,,,,,,,,,,,,,,,,,,,,,,,,,,,,,,,,,,,,,,,,,,,,,,,,,,,,,,,,,,,,,,,,
1616,p.98,p.99,p.100,,,,,,,,,,,,,p.207,p.1624,p.208,,,,,,,,,p.210,,,,p.211,p.263,,p.213,,,,,,,,,,,,p.108,,,,,,p.214,p.215,,,,,,,,,,,,,,,,,,,,,,,,,,,,,p.228,p.112,p.113,,,,p.229,p.230,,p.231,,,,p.232,p.233,,p.234,p.235,,,,,,,,,p.237,,,p.238,p.239,p.1625,,,p.241,,p.242,,p.243,,,,,p.244,,,,p.245,p.246,p.247,,,,,p.248,p.249,p.250,,p.251,,,,p.253,,,,,,,,,,,,p.260,p.261
1617,,,,p.1300,,,,,,,,,,,,,,,,,,,p.1618,,,,,,,,,,,,,,,,,,,,,,,,,,,,,,,,,,,,,,,,,,,,,,,,,,,,,,,,,,,,,,,,,,,,,,,,,,,,,,,,,,,,,,,,,,,,,,,,,,,,,,,,,,,,,,,,,,,,,,,,,,,,,,,,,,,,,,
1618,p.98,p.99,p.100,,,,,,,,,,,,,p.207,p.1619,p.208,,,,,,,,,p.210,,,,p.211,p.263,,p.213,,,,,,,,,,,,p.108,,,,,,p.214,p.215,,,,,,,,,,,,,,,,,,,,,,,,,,,,,p.228,p.112,p.113,,,,p.229,p.230,,p.231,,,,p.232,p.233,,p.234,p.235,,,,,,,,,p.237,,,p.238,p.239,p.1620,,,p.241,,p.242,,p.243,,,,,p.244,,,,p.245,p.246,p.247,,,,,p.248,p.249,p.250,,p.251,,,,p.253,,,,,,,,,,,,p.260,p.261
1619,p.98,p.99,p.100,,,,,,,,,,,,,p.1145,,p.1146,p.1549,,,,p.1550,,,,p.1148,,,,p.1149,p.1298,,p.1151,p.1551,p.1552,p.1553,p.1554,p.1555,p.1556,p.1557,p.1558,p.1559,,,p.108,,,,,,p.1152,p.1153,,,,,p.1560,,p.1561,,,,,,,,,,,,,,,,,,,,,,p.1154,p.112,p.113,,,,p.998,p.999,,p.1283,,,,p.1000,p.1156,p.1562,p.1157,p.1158,,,,,,,,,p.1159,,,p.1006,p.1007,p.1563,p.1564,,p.1160,,p.1565,,p.1010,,,,,p.1163,p.1566,p.1567,p.1568,p.1012,p.1013,p.1014,,,,,p.1164,p.1165,p.1017,p.1569,p.1018,,p.1623,,p.1166,,,,,,,,,,,,p.1167,p.1168
1620,,,,p.270,,,,,,,,,,,,,p.1621,,,,,,,,,,,,,,,,,,,,,,,,,,,,,,,,,,,,,,,,,,,,,,,,,,,,,,,,,,,,,,,,,,,,,,,,,,,,,,,,,,,,,,,,,,,,,,,,,,,,,,,,,,,,,,,,,,,,,,,,,,,,,,,,,,,,,,,,,,,,
1621,p.98,p.99,p.100,,,,,,,,,,,,,p.1145,,p.1146,p.1549,,,,p.1550,,,,p.1148,,,,p.1149,p.1298,,p.1151,p.1551,p.1552,p.1553,p.1554,p.1555,p.1556,p.1557,p.1558,p.1559,,,p.108,,,,,,p.1152,p.1153,,,,,p.1560,,p.1561,,,,,,,,,,,,,,,,,,,,,,p.1154,p.112,p.113,,,,p.998,p.999,,p.1283,,,,p.1000,p.1156,p.1562,p.1157,p.1158,,,,,,,,,p.1159,,,p.1006,p.1007,p.1563,p.1564,,p.1160,,p.1565,,p.1010,,,,,p.1163,p.1566,p.1567,p.1568,p.1012,p.1013,p.1014,,,,,p.1164,p.1165,p.1017,p.1569,p.1018,,p.1622,,p.1166,,,,,,,,,,,,p.1167,p.1168
1622,,,,,,,,,,,,,,,,,,,,,,,,,,,,,,,,,,,r.-41.8.0,,,,,,,,,,,,,,,,,,,,,,,,r.-41.8.0,,,,,,,,,,,,,,,,,,,,,,,,,,,,,,,,,,,,,,,,,,,,,,,,,,,,,,,,,,,,,,,,,,,,,,,,,,,,,,,,,,,,,,,,,,,,,,,,,,
1623,,,,,,,,,,,,,,,,,,,,,,,,,,,,,,,,,,,r.-41.7.0,,,,,,,,,,,,,,,,,,,,,,,,r.-41.7.0,,,,,,,,,,,,,,,,,,,,,,,,,,,,,,,,,,,,,,,,,,,,,,,,,,,,,,,,,,,,,,,,,,,,,,,,,,,,,,,,,,,,,,,,,,,,,,,,,,
1624,p.98,p.99,p.100,,,,,,,,,,,,,p.1145,,p.1146,p.1549,,,,p.1550,,,,p.1148,,,,p.1149,p.1298,,p.1151,p.1551,p.1552,p.1553,p.1554,p.1555,p.1556,p.1557,p.1558,p.1559,,,p.108,,,,,,p.1152,p.1153,,,,,p.1560,,p.1561,,,,,,,,,,,,,,,,,,,,,,p.1154,p.112,p.113,,,,p.998,p.999,,p.1283,,,,p.1000,p.1156,p.1562,p.1157,p.1158,,,,,,,,,p.1159,,,p.1006,p.1007,p.1563,p.1564,,p.1160,,p.1565,,p.1010,,,,,p.1163,p.1566,p.1567,p.1568,p.1012,p.1013,p.1014,,,,,p.1164,p.1165,p.1017,p.1569,p.1018,,p.1628,,p.1166,,,,,,,,,,,,p.1167,p.1168
1625,,,,p.270,,,,,,,,,,,,,p.1626,,,,,,,,,,,,,,,,,,,,,,,,,,,,,,,,,,,,,,,,,,,,,,,,,,,,,,,,,,,,,,,,,,,,,,,,,,,,,,,,,,,,,,,,,,,,,,,,,,,,,,,,,,,,,,,,,,,,,,,,,,,,,,,,,,,,,,,,,,,,
1626,p.98,p.99,p.100,,,,,,,,,,,,,p.1145,,p.1146,p.1549,,,,p.1550,,,,p.1148,,,,p.1149,p.1298,,p.1151,p.1551,p.1552,p.1553,p.1554,p.1555,p.1556,p.1557,p.1558,p.1559,,,p.108,,,,,,p.1152,p.1153,,,,,p.1560,,p.1561,,,,,,,,,,,,,,,,,,,,,,p.1154,p.112,p.113,,,,p.998,p.999,,p.1283,,,,p.1000,p.1156,p.1562,p.1157,p.1158,,,,,,,,,p.1159,,,p.1006,p.1007,p.1563,p.1564,,p.1160,,p.1565,,p.1010,,,,,p.1163,p.1566,p.1567,p.1568,p.1012,p.1013,p.1014,,,,,p.1164,p.1165,p.1017,p.1569,p.1018,,p.1627,,p.1166,,,,,,,,,,,,p.1167,p.1168
1627,,,,,,,,,,,,,,,,,,,,,,,,,,,,,,,,,,,r.-41.7.0,,,,,,,,,,,,,,,,,,,,,,,,r.-41.7.0,,,,,,,,,,,,,,,,,,,,,,,,,,,,,,,,,,,,,,,,,,,,,,,,,,,,,,,,,,,,,,,,,,,,,,,,,,,,,,,,,,,,,,,,,,,,,,,,,,
1628,,,,,,,,,,,,,,,,,,,,,,,,,,,,,,,,,,,r.-41.6.0,,,,,,,,,,,,,,,,,,,,,,,,r.-41.6.0,,,,,,,,,,,,,,,,,,,,,,,,,,,,,,,,,,,,,,,,,,,,,,,,,,,,,,,,,,,,,,,,,,,,,,,,,,,,,,,,,,,,,,,,,,,,,,,,,,
1629,p.98,p.99,p.100,,,,,,,,,,,,,p.207,p.1637,p.208,,,,,,,,,p.210,,,,p.211,p.263,,p.213,,,,,,,,,,,,p.108,,,,,,p.214,p.215,,,,,,,,,,,,,,,,,,,,,,,,,,,,,p.228,p.112,p.113,,,,p.229,p.230,,p.231,,,,p.232,p.233,,p.234,p.235,,,,,,,,,p.237,,,p.238,p.239,p.1638,,,p.241,,p.242,,p.243,,,,,p.244,,,,p.245,p.246,p.247,,,,,p.248,p.249,p.250,,p.251,,,,p.253,,,,,,,,,,,,p.260,p.261
1630,,,,p.1300,,,,,,,,,,,,,,,,,,,p.1631,,,,,,,,,,,,,,,,,,,,,,,,,,,,,,,,,,,,,,,,,,,,,,,,,,,,,,,,,,,,,,,,,,,,,,,,,,,,,,,,,,,,,,,,,,,,,,,,,,,,,,,,,,,,,,,,,,,,,,,,,,,,,,,,,,,,,,
1631,p.98,p.99,p.100,,,,,,,,,,,,,p.207,p.1632,p.208,,,,,,,,,p.210,,,,p.211,p.263,,p.213,,,,,,,,,,,,p.108,,,,,,p.214,p.215,,,,,,,,,,,,,,,,,,,,,,,,,,,,,p.228,p.112,p.113,,,,p.229,p.230,,p.231,,,,p.232,p.233,,p.234,p.235,,,,,,,,,p.237,,,p.238,p.239,p.1633,,,p.241,,p.242,,p.243,,,,,p.244,,,,p.245,p.246,p.247,,,,,p.248,p.249,p.250,,p.251,,,,p.253,,,,,,,,,,,,p.260,p.261
1632,p.98,p.99,p.100,,,,,,,,,,,,,p.1145,,p.1146,p.1549,,,,p.1550,,,,p.1148,,,,p.1149,p.1298,,p.1151,p.1551,p.1552,p.1553,p.1554,p.1555,p.1556,p.1557,p.1558,p.1559,,,p.108,,,,,,p.1152,p.1153,,,,,p.1560,,p.1561,,,,,,,,,,,,,,,,,,,,,,p.1154,p.112,p.113,,,,p.998,p.999,,p.1283,,,,p.1000,p.1156,p.1562,p.1157,p.1158,,,,,,,,,p.1159,,,p.1006,p.1007,p.1563,p.1564,,p.1160,,p.1565,,p.1010,,,,,p.1163,p.1566,p.1567,p.1568,p.1012,p.1013,p.1014,,,,,p.1164,p.1165,p.1017,p.1569,p.1018,,p.1636,,p.1166,,,,,,,,,,,,p.1167,p.1168
1633,,,,p.270,,,,,,,,,,,,,p.1634,,,,,,,,,,,,,,,,,,,,,,,,,,,,,,,,,,,,,,,,,,,,,,,,,,,,,,,,,,,,,,,,,,,,,,,,,,,,,,,,,,,,,,,,,,,,,,,,,,,,,,,,,,,,,,,,,,,,,,,,,,,,,,,,,,,,,,,,,,,,
1634,p.98,p.99,p.100,,,,,,,,,,,,,p.1145,,p.1146,p.1549,,,,p.1550,,,,p.1148,,,,p.1149,p.1298,,p.1151,p.1551,p.1552,p.1553,p.1554,p.1555,p.1556,p.1557,p.1558,p.1559,,,p.108,,,,,,p.1152,p.1153,,,,,p.1560,,p.1561,,,,,,,,,,,,,,,,,,,,,,p.1154,p.112,p.113,,,,p.998,p.999,,p.1283,,,,p.1000,p.1156,p.1562,p.1157,p.1158,,,,,,,,,p.1159,,,p.1006,p.1007,p.1563,p.1564,,p.1160,,p.1565,,p.1010,,,,,p.1163,p.1566,p.1567,p.1568,p.1012,p.1013,p.1014,,,,,p.1164,p.1165,p.1017,p.1569,p.1018,,p.1635,,p.1166,,,,,,,,,,,,p.1167,p.1168
1635,,,,,,,,,,,,,,,,,,,,,,,,,,,,,,,,,,,r.-41.8.0,,,,,,,,,,,,,,,,,,,,,,,,r.-41.8.0,,,,,,,,,,,,,,,,,,,,,,,,,,,,,,,,,,,,,,,,,,,,,,,,,,,,,,,,,,,,,,,,,,,,,,,,,,,,,,,,,,,,,,,,,,,,,,,,,,
1636,,,,,,,,,,,,,,,,,,,,,,,,,,,,,,,,,,,r.-41.7.0,,,,,,,,,,,,,,,,,,,,,,,,r.-41.7.0,,,,,,,,,,,,,,,,,,,,,,,,,,,,,,,,,,,,,,,,,,,,,,,,,,,,,,,,,,,,,,,,,,,,,,,,,,,,,,,,,,,,,,,,,,,,,,,,,,
1637,p.98,p.99,p.100,,,,,,,,,,,,,p.1145,,p.1146,p.1549,,,,p.1550,,,,p.1148,,,,p.1149,p.1298,,p.1151,p.1551,p.1552,p.1553,p.1554,p.1555,p.1556,p.1557,p.1558,p.1559,,,p.108,,,,,,p.1152,p.1153,,,,,p.1560,,p.1561,,,,,,,,,,,,,,,,,,,,,,p.1154,p.112,p.113,,,,p.998,p.999,,p.1283,,,,p.1000,p.1156,p.1562,p.1157,p.1158,,,,,,,,,p.1159,,,p.1006,p.1007,p.1563,p.1564,,p.1160,,p.1565,,p.1010,,,,,p.1163,p.1566,p.1567,p.1568,p.1012,p.1013,p.1014,,,,,p.1164,p.1165,p.1017,p.1569,p.1018,,p.1641,,p.1166,,,,,,,,,,,,p.1167,p.1168
1638,,,,p.270,,,,,,,,,,,,,p.1639,,,,,,,,,,,,,,,,,,,,,,,,,,,,,,,,,,,,,,,,,,,,,,,,,,,,,,,,,,,,,,,,,,,,,,,,,,,,,,,,,,,,,,,,,,,,,,,,,,,,,,,,,,,,,,,,,,,,,,,,,,,,,,,,,,,,,,,,,,,,
1639,p.98,p.99,p.100,,,,,,,,,,,,,p.1145,,p.1146,p.1549,,,,p.1550,,,,p.1148,,,,p.1149,p.1298,,p.1151,p.1551,p.1552,p.1553,p.1554,p.1555,p.1556,p.1557,p.1558,p.1559,,,p.108,,,,,,p.1152,p.1153,,,,,p.1560,,p.1561,,,,,,,,,,,,,,,,,,,,,,p.1154,p.112,p.113,,,,p.998,p.999,,p.1283,,,,p.1000,p.1156,p.1562,p.1157,p.1158,,,,,,,,,p.1159,,,p.1006,p.1007,p.1563,p.1564,,p.1160,,p.1565,,p.1010,,,,,p.1163,p.1566,p.1567,p.1568,p.1012,p.1013,p.1014,,,,,p.1164,p.1165,p.1017,p.1569,p.1018,,p.1640,,p.1166,,,,,,,,,,,,p.1167,p.1168
1640,,,,,,,,,,,,,,,,,,,,,,,,,,,,,,,,,,,r.-41.7.0,,,,,,,,,,,,,,,,,,,,,,,,r.-41.7.0,,,,,,,,,,,,,,,,,,,,,,,,,,,,,,,,,,,,,,,,,,,,,,,,,,,,,,,,,,,,,,,,,,,,,,,,,,,,,,,,,,,,,,,,,,,,,,,,,,
1641,,,,,,,,,,,,,,,,,,,,,,,,,,,,,,,,,,,r.-41.6.0,,,,,,,,,,,,,,,,,,,,,,,,r.-41.6.0,,,,,,,,,,,,,,,,,,,,,,,,,,,,,,,,,,,,,,,,,,,,,,,,,,,,,,,,,,,,,,,,,,,,,,,,,,,,,,,,,,,,,,,,,,,,,,,,,,
1642,,,,,,,,,,,,,,,,,,,,,,,,,,,,,,,,,,,p.1643,,,,,,,,,,,,,,,,,,,,,,,,,,,,,,,,,,,,,,,,,,,,,,,,,,,,,,,,,,,,,,,,,,,,,,,,,,,,,,,,,,,,,,,,,,,,,,,,,,,,,,,,,,,,,,,,,,,,,,,,,,
1643,,,,,,,,,,,,,,,,p.1644,,,,,,,,,,,,,,,,,,,,,,,,,,,,,,,,,,,,,,,,,,,,,,,,,,,,,,,,,,,,,,,,,,,,,,,,,,,,,,,,,,,,,,,,,,,,,,,,,,,,,,,,,,,,,,,,,,,,,,,,,,,,,,,,,,,,,,,,,,,,,
1644,p.98,p.99,p.100,,,,,,,,,,,,,p.207,,p.208,,,,,,,,,p.210,,,,p.211,p.263,,p.213,,,,,,,,,,,,p.108,,,,,,p.214,p.215,,,,,,,,,,,,,,,,,,,,,,,,,,,,,p.228,p.112,p.113,,,,p.229,p.230,,p.231,,,,p.232,p.233,,p.234,p.235,,,,,,,,,p.237,,,p.238,p.239,p.1645,,,p.241,,p.242,,p.243,,,,,p.244,,,,p.245,p.246,p.247,,,,,p.248,p.249,p.250,,p.251,,,,p.253,,,,,,,,,,,,p.260,p.261
1645,,,,p.270,,,,,,,,,,,,,p.1646,,,,,,,,,,,,,,,,,,,,,,,,,,,,,,,,,,,,,,,,,,,,,,,,,,,,,,,,,,,,,,,,,,,,,,,,,,,,,,,,,,,,,,,,,,,,,,,,,,,,,,,,,,,,,,,,,,,,,,,,,,,,,,,,,,,,,,,,,,,,
1646,,,,,,,,,,,,,,,,,,,,,,,,,,,,,,,,,,,r.-41.6.0,,,,,,,,,,,,,,,,,,,,,,,,r.-41.6.0,,,,,,,,,,,,,,,,,,,,,,,,,,,,,,,,,,,,,,,,,,,,,,,,,,,,,,,,,,,,,,,,,,,,,,,,,,,,,,,,,,,,,,,,,,,,,,,,,,
1647,p.98,p.99,p.100,,,,,,,,,,,,,p.207,,p.208,,,,,,,,,p.210,,,,p.211,p.263,,p.213,,,,,,,,,,,,p.108,,,,,,p.214,p.215,,,,,,,,,,,,,,,,,,,,,,,,,,,,,p.228,p.112,p.113,,,,p.229,p.230,,p.231,,,,p.232,p.233,,p.234,p.235,,,,,,,,,p.237,,,p.238,p.239,p.1648,,,p.241,,p.242,,p.243,,,,,p.244,,,,p.245,p.246,p.247,,,,,p.248,p.249,p.250,,p.251,,,,p.253,,,,,,,,,,,,p.260,p.261
1648,,,,p.270,,,,,,,,,,,,,p.1649,,,,,,,,,,,,,,,,,,,,,,,,,,,,,,,,,,,,,,,,,,,,,,,,,,,,,,,,,,,,,,,,,,,,,,,,,,,,,,,,,,,,,,,,,,,,,,,,,,,,,,,,,,,,,,,,,,,,,,,,,,,,,,,,,,,,,,,,,,,,
1649,p.98,p.99,p.100,,,,,,,,,,,,,p.1145,,p.1146,p.1549,,,,p.1550,,,,p.1148,,,,p.1149,p.1298,,p.1151,p.1551,p.1552,p.1553,p.1554,p.1555,p.1556,p.1557,p.1558,p.1559,,,p.108,,,,,,p.1152,p.1153,,,,,p.1560,,p.1561,,,,,,,,,,,,,,,,,,,,,,p.1154,p.112,p.113,,,,p.998,p.999,,p.1283,,,,p.1000,p.1156,p.1562,p.1157,p.1158,,,,,,,,,p.1159,,,p.1006,p.1007,p.1563,p.1564,,p.1160,,p.1565,,p.1010,,,,,p.1163,p.1566,p.1567,p.1568,p.1012,p.1013,p.1014,,,,,p.1164,p.1165,p.1017,p.1569,p.1018,,p.1650,,p.1166,,,,,,,,,,,,p.1167,p.1168
1650,,,,,,,,,,,,,,,,,,,,,,,,,,,,,,,,,,,r.-41.5.0,,,,,,,,,,,,,,,,,,,,,,,,r.-41.5.0,,,,,,,,,,,,,,,,,,,,,,,,,,,,,,,,,,,,,,,,,,,,,,,,,,,,,,,,,,,,,,,,,,,,,,,,,,,,,,,,,,,,,,,,,,,,,,,,,,
1651,,,,,,,,,,,,,,,,,,,,,,,,,,,,,,,,,,,r.-12.2.0,,,,,,,,,,,,,,,,,,,,,,,,r.-12.2.0,,,,,,,,,,,,,,,,,,,,,,,,,,,,,,,,,,,,,,,,,,,,,,,,,,,,,,,,,,,,,,,,,,,,,,,,,,,,,,,,,,,,,,,,,,,,,,,,,,
1652,p.98,p.99,p.100,,,,,,,,,,,,,p.1145,,p.1146,p.1268,p.1653,,,p.1270,,,p.3,p.1148,,,,p.1149,p.1271,,p.1151,p.1272,p.1273,p.1274,p.1275,p.1276,p.1277,p.1278,p.1279,p.1280,,,p.108,,,,,,p.1152,p.1153,,,,,p.1281,,p.1282,,,p.6,p.7,p.8,p.9,p.10,p.11,p.12,p.13,p.14,p.15,p.16,p.17,p.18,p.19,p.20,p.21,p.22,p.23,p.24,p.1154,p.112,p.113,,,,p.998,p.999,,p.1283,,p.1307,,p.1000,p.1156,p.1286,p.1157,p.1158,,p.1287,,p.1288,,,,p.30,p.1159,,,p.1006,p.1007,p.1289,p.1290,,p.1160,,p.1291,,p.1010,,,,,p.1163,p.1292,p.1293,p.1294,p.1012,p.1013,p.1014,,,,,p.1164,p.1165,p.1017,p.1295,p.1018,,p.1296,p.35,p.1166,,,,,p.36,p.37,,p.38,,p.39,p.40,p.1167,p.1168
1653,,,,,,,,,,,,,,,,,,,,,,,,,,,,,,,,,,,r.-12.3.0,,,,,,,,,,,,,,,,,,,,,,,,r.-12.3.0,,,,,,,,,,,,,,,,,,,,,,,,,,,,,,,,,,,,,,,,,,,,,,,,,,,,,,,,,,,,,,,,,,,,,,,,,,,,,,,,,,,,,,,,,,,,,,,,,,
1654,p.98,p.99,p.100,,,,,,,,,,,,,p.1145,,p.1146,p.1513,,,,p.1514,,,,p.1148,,,,p.1149,p.1298,,p.1151,p.1515,p.1516,p.1517,p.1518,p.1519,p.1520,p.1521,p.1522,p.1523,,,p.108,,,,,,p.1152,p.1153,,,,,p.1524,,p.1525,,,,,,,,,,,,,,,,,,,,,,p.1154,p.112,p.113,,,,p.998,p.999,,p.1283,,,,p.1000,p.1156,p.1526,p.1157,p.1158,,,,,,,,,p.1159,,,p.1006,p.1007,p.1527,p.1528,,p.1160,,p.1529,,p.1010,,,,,p.1163,p.1530,p.1531,p.1532,p.1012,p.1013,p.1014,,,,,p.1164,p.1165,p.1017,p.1533,p.1018,,p.1655,,p.1166,,,,,,,,,,,,p.1167,p.1168
1655,,,,,,,,,,,,,,,,,,,,,,,,,,,,,,,,,,,r.-43.3.0,,,,,,,,,,,,,,,,,,,,,,,,,,,,,,,,,,,,,,,,,,,,,,,,,,,,,,,,,,,,,,,,,,,,,,,,,,,,,,,,,,,,,,,,,,,,,,,,,,,,,,,,,,,,,,,,,,,,,,,,,,
1656,,,,,,,,,,,,,,,,,,,,,,p.1657,,,,,,,,,,,,,,,,,,,,,,,,,,,,,,,,,,,,,,,,,,,,,,,,,,,,,,,,,,,,,,,,,,,,,,,,,,,,,,,,,,,,,,,,,,,,,,,,,,,,,,,,,,,,,,,,,,,,,,,,,,,,,,,,,,,,,,,
1657,p.98,p.99,p.100,,,,,,,,,,,,,p.1145,,p.1146,p.1513,,,,p.1514,,,,p.1148,,,,p.1149,p.1298,,p.1151,p.1515,p.1516,p.1517,p.1518,p.1519,p.1520,p.1521,p.1522,p.1523,,,p.108,,,,,,p.1152,p.1153,,,,,p.1524,,p.1525,,,,,,,,,,,,,,,,,,,,,,p.1154,p.112,p.113,,,,p.998,p.999,,p.1283,,,,p.1000,p.1156,p.1526,p.1157,p.1158,,,,,,,,,p.1159,,,p.1006,p.1007,p.1527,p.1528,,p.1160,,p.1529,,p.1010,,,,,p.1163,p.1530,p.1531,p.1532,p.1012,p.1013,p.1014,,,,,p.1164,p.1165,p.1017,p.1533,p.1018,,p.1658,,p.1166,,,,,,,,,,,,p.1167,p.1168
1658,,,,,,,,,,,,,,,,,,,,,,,,,,,,,,,,,,,r.-43.4.0,,,,,,,,,,,,,,,,,,,,,,,,,,,,,,,,,,,,,,,,,,,,,,,,,,,,,,,,,,,,,,,,,,,,,,,,,,,,,,,,,,,,,,,,,,,,,,,,,,,,,,,,,,,,,,,,,,,,,,,,,,
1659,,,,,,,,,,,,,,,,,,,,,,,,,,,,,,,,,,,r.-42.2.0,,,,,,,,,,,,,,,,,,,,,,,,,,,,,,,,,,,,,,,,,,,,,,,,,,,,,,,,,,,,,,,,,,,,,,,,,,,,,,,,,,,,,,,,,,,,,,,,,,,,,,,,,,,,,,,,,,,,,,,,,,
1660,,,,p.1300,,,,,,,,,,,,,,,,,,,p.1661,,,,,,,,,,,,,,,,,,,,,,,,,,,,,,,,,,,,,,,,,,,,,,,,,,,,,,,,,,,,,,,,,,,,,,,,,,,,,,,,,,,,,,,,,,,,,,,,,,,,,,,,,,,,,,,,,,,,,,,,,,,,,,,,,,,,,,
1661,,,,,,,,,,,,,,,,,,,,,,,,,,,,,,,,,,,r.-42.3.0,,,,,,,,,,,,,,,,,,,,,,,,,,,,,,,,,,,,,,,,,,,,,,,,,,,,,,,,,,,,,,,,,,,,,,,,,,,,,,,,,,,,,,,,,,,,,,,,,,,,,,,,,,,,,,,,,,,,,,,,,,
1662,,,,,,,,,,,,,,,,,,,,,,,,,,,,,,,,,,,r.-42.2.0,,,,,,,,,,,,,,,,,,,,,,,,,,,,,,,,,,,,,,,,,,,,,,,,,,,,,,,,,,,,,,,,,,,,,,,,,,,,,,,,,,,,,,,,,,,,,,,,,,,,,,,,,,,,,,,,,,,,,,,,,,
1663,,,,,,,,,,,,,,,,,,,,,,,,,,,,,,,,,,,r.-42.2.0,,,,,,,,,,,,,,,,,,,,,,,,,,,,,,,,,,,,,,,,,,,,,,,,,,,,,,,,,,,,,,,,,,,,,,,,,,,,,,,,,,,,,,,,,,,,,,,,,,,,,,,,,,,,,,,,,,,,,,,,,,
1664,,,,,,,,,,,,,,,,,,,,,,,p.1665,,,,,,,,,,,,,,,,,,,,,,,,,,,,,,,,,,,,,,,,,,,,,,,,,,,,,,,,,,,,,,,,,,,,,,,,,,,,,,,,,,,,,,,,,,,,,,,,,,,,,,,,,,,,,,,,,,,,,,,,,,,,,,,,,,,,,,
1665,,,,,,,,,,,,,,,,,,,,,,,,,,,,,,,,,,,r.-42.3.0,,,,,,,,,,,,,,,,,,,,,,,,,,,,,,,,,,,,,,,,,,,,,,,,,,,,,,,,,,,,,,,,,,,,,,,,,,,,,,,,,,,,,,,,,,,,,,,,,,,,,,,,,,,,,,,,,,,,,,,,,,
1666,p.98,p.99,p.100,,,,,,,,,,,,,p.1145,,p.1146,,,,,p.1667,,,p.3,p.1148,,,,p.1149,p.1466,,p.1151,,,,,,,,,,,,p.108,,,,,,p.1152,p.1153,,,,,,,,,,p.6,p.7,p.8,p.9,p.10,p.11,p.12,p.13,p.14,p.15,p.16,p.17,p.18,p.19,p.20,p.21,p.22,p.23,p.24,p.1154,p.112,p.113,,,,p.998,p.999,,p.1283,,,,p.1000,p.1156,,p.1157,p.1158,,p.1668,,p.1468,,,,p.30,p.1159,,,p.1006,p.1007,p.1669,,,p.1160,,p.1161,,p.1010,,,,,p.1163,,,,p.1012,p.1013,p.1014,,,,,p.1164,p.1165,p.1017,,p.1018,,,p.35,p.1166,,,,,p.36,p.37,,p.38,,p.39,p.40,p.1167,p.1168
1667,p.98,p.99,p.100,,,,,,,,,,,,,p.1145,,p.1146,,,,,p.1697,,,,p.1148,,,,p.1149,p.1150,,p.1151,,,,,,,,,,,,p.108,,,,,,p.1152,p.1153,,,,,,,,,,,,,,,,,,,,,,,,,,,,,p.1154,p.112,p.113,,,,p.998,p.999,,p.1283,,,,p.1000,p.1156,,p.1157,p.1158,,,,,,,,,p.1159,,,p.1006,p.1007,p.1698,,,p.1160,,p.1161,,p.1010,,,,,p.1163,,,,p.1012,p.1013,p.1014,,,,,p.1164,p.1165,p.1017,,p.1018,,,,p.1166,,,,,,,,,,,,p.1167,p.1168
1668,p.98,p.99,p.100,,,,,,,,,,,,,p.1145,,p.1146,,,,,p.1684,,,,p.1148,,,,p.1149,p.1150,,p.1151,,,,,,,,,,,,p.108,,,,,,p.1152,p.1153,,,,,,,,,,,,,,,,,,,,,,,,,,,,,p.1154,p.112,p.113,,,,p.998,p.999,,p.1283,,,,p.1000,p.1156,,p.1157,p.1158,,,,,,,,,p.1159,,,p.1006,p.1007,p.1685,,,p.1160,,p.1161,,p.1010,,,,,p.1163,,,,p.1012,p.1013,p.1014,,,,,p.1164,p.1165,p.1017,,p.1018,,,,p.1166,,,,,,,,,,,,p.1167,p.1168
1669,,,,p.1300,,,,,,,,,,,,,,,,,,,p.1670,,,,,,,,,,,,,,,,,,,,,,,,,,,,,,,,,,,,,,,,,,,,,,,,,,,,,,,,,,,,,,,,,,,,,,,,,,,,,,,,,,,,,,,,,,,,,,,,,,,,,,,,,,,,,,,,,,,,,,,,,,,,,,,,,,,,,,
1670,p.98,p.99,p.100,,,,,,,,,,,,,p.1145,,p.1146,,,,,p.1671,,,,p.1148,,,,p.1149,p.1150,,p.1151,,,,,,,,,,,,p.108,,,,,,p.1152,p.1153,,,,,,,,,,,,,,,,,,,,,,,,,,,,,p.1154,p.112,p.113,,,,p.998,p.999,,p.1283,,,,p.1000,p.1156,,p.1157,p.1158,,,,,,,,,p.1159,,,p.1006,p.1007,p.1672,,,p.1160,,p.1161,,p.1010,,,,,p.1163,,,,p.1012,p.1013,p.1014,,,,,p.1164,p.1165,p.1017,,p.1018,,,,p.1166,,,,,,,,,,,,p.1167,p.1168
1671,p.98,p.99,p.100,,,,,,,,,,,,,p.207,p.1679,p.208,,,,,,,,,p.210,,,,p.211,p.263,,p.213,,,,,,,,,,,,p.108,,,,,,p.214,p.215,,,,,,,,,,,,,,,,,,,,,,,,,,,,,p.228,p.112,p.113,,,,p.229,p.230,,p.231,,,,p.232,p.233,,p.234,p.235,,,,,,,,,p.237,,,p.238,p.239,p.1680,,,p.241,,p.242,,p.243,,,,,p.244,,,,p.245,p.246,p.247,,,,,p.248,p.249,p.250,,p.251,,,,p.253,,,,,,,,,,,,p.260,p.261
1672,,,,p.1300,,,,,,,,,,,,,,,,,,,p.1673,,,,,,,,,,,,,,,,,,,,,,,,,,,,,,,,,,,,,,,,,,,,,,,,,,,,,,,,,,,,,,,,,,,,,,,,,,,,,,,,,,,,,,,,,,,,,,,,,,,,,,,,,,,,,,,,,,,,,,,,,,,,,,,,,,,,,,
1673,p.98,p.99,p.100,,,,,,,,,,,,,p.207,p.1674,p.208,,,,,,,,,p.210,,,,p.211,p.263,,p.213,,,,,,,,,,,,p.108,,,,,,p.214,p.215,,,,,,,,,,,,,,,,,,,,,,,,,,,,,p.228,p.112,p.113,,,,p.229,p.230,,p.231,,,,p.232,p.233,,p.234,p.235,,,,,,,,,p.237,,,p.238,p.239,p.1675,,,p.241,,p.242,,p.243,,,,,p.244,,,,p.245,p.246,p.247,,,,,p.248,p.249,p.250,,p.251,,,,p.253,,,,,,,,,,,,p.260,p.261
1674,p.98,p.99,p.100,,,,,,,,,,,,,p.1145,,p.1146,p.1513,,,,p.1514,,,,p.1148,,,,p.1149,p.1298,,p.1151,p.1515,p.1516,p.1517,p.1518,p.1519,p.1520,p.1521,p.1522,p.1523,,,p.108,,,,,,p.1152,p.1153,,,,,p.1524,,p.1525,,,,,,,,,,,,,,,,,,,,,,p.1154,p.112,p.113,,,,p.998,p.999,,p.1283,,,,p.1000,p.1156,p.1526,p.1157,p.1158,,,,,,,,,p.1159,,,p.1006,p.1007,p.1527,p.1528,,p.1160,,p.1529,,p.1010,,,,,p.1163,p.1530,p.1531,p.1532,p.1012,p.1013,p.1014,,,,,p.1164,p.1165,p.1017,p.1533,p.1018,,p.1678,,p.1166,,,,,,,,,,,,p.1167,p.1168
1675,,,,p.270,,,,,,,,,,,,,p.1676,,,,,,,,,,,,,,,,,,,,,,,,,,,,,,,,,,,,,,,,,,,,,,,,,,,,,,,,,,,,,,,,,,,,,,,,,,,,,,,,,,,,,,,,,,,,,,,,,,,,,,,,,,,,,,,,,,,,,,,,,,,,,,,,,,,,,,,,,,,,
1676,p.98,p.99,p.100,,,,,,,,,,,,,p.1145,,p.1146,p.1513,,,,p.1514,,,,p.1148,,,,p.1149,p.1298,,p.1151,p.1515,p.1516,p.1517,p.1518,p.1519,p.1520,p.1521,p.1522,p.1523,,,p.108,,,,,,p.1152,p.1153,,,,,p.1524,,p.1525,,,,,,,,,,,,,,,,,,,,,,p.1154,p.112,p.113,,,,p.998,p.999,,p.1283,,,,p.1000,p.1156,p.1526,p.1157,p.1158,,,,,,,,,p.1159,,,p.1006,p.1007,p.1527,p.1528,,p.1160,,p.1529,,p.1010,,,,,p.1163,p.1530,p.1531,p.1532,p.1012,p.1013,p.1014,,,,,p.1164,p.1165,p.1017,p.1533,p.1018,,p.1677,,p.1166,,,,,,,,,,,,p.1167,p.1168
1677,,,,,,,,,,,,,,,,,,,,,,,,,,,,,,,,,,,r.-41.9.0,,,,,,,,,,,,,,,,,,,,,,,,,,,,,,,,,,,,,,,,,,,,,,,,,,,,,,,,,,,,,,,,,,,,,,,,,,,,,,,,,,,,,,,,,,,,,,,,,,,,,,,,,,,,,,,,,,,,,,,,,,
1678,,,,,,,,,,,,,,,,,,,,,,,,,,,,,,,,,,,r.-41.8.0,,,,,,,,,,,,,,,,,,,,,,,,,,,,,,,,,,,,,,,,,,,,,,,,,,,,,,,,,,,,,,,,,,,,,,,,,,,,,,,,,,,,,,,,,,,,,,,,,,,,,,,,,,,,,,,,,,,,,,,,,,
1679,p.98,p.99,p.100,,,,,,,,,,,,,p.1145,,p.1146,p.1513,,,,p.1514,,,,p.1148,,,,p.1149,p.1298,,p.1151,p.1515,p.1516,p.1517,p.1518,p.1519,p.1520,p.1521,p.1522,p.1523,,,p.108,,,,,,p.1152,p.1153,,,,,p.1524,,p.1525,,,,,,,,,,,,,,,,,,,,,,p.1154,p.112,p.113,,,,p.998,p.999,,p.1283,,,,p.1000,p.1156,p.1526,p.1157,p.1158,,,,,,,,,p.1159,,,p.1006,p.1007,p.1527,p.1528,,p.1160,,p.1529,,p.1010,,,,,p.1163,p.1530,p.1531,p.1532,p.1012,p.1013,p.1014,,,,,p.1164,p.1165,p.1017,p.1533,p.1018,,p.1683,,p.1166,,,,,,,,,,,,p.1167,p.1168
1680,,,,p.270,,,,,,,,,,,,,p.1681,,,,,,,,,,,,,,,,,,,,,,,,,,,,,,,,,,,,,,,,,,,,,,,,,,,,,,,,,,,,,,,,,,,,,,,,,,,,,,,,,,,,,,,,,,,,,,,,,,,,,,,,,,,,,,,,,,,,,,,,,,,,,,,,,,,,,,,,,,,,
1681,p.98,p.99,p.100,,,,,,,,,,,,,p.1145,,p.1146,p.1513,,,,p.1514,,,,p.1148,,,,p.1149,p.1298,,p.1151,p.1515,p.1516,p.1517,p.1518,p.1519,p.1520,p.1521,p.1522,p.1523,,,p.108,,,,,,p.1152,p.1153,,,,,p.1524,,p.1525,,,,,,,,,,,,,,,,,,,,,,p.1154,p.112,p.113,,,,p.998,p.999,,p.1283,,,,p.1000,p.1156,p.1526,p.1157,p.1158,,,,,,,,,p.1159,,,p.1006,p.1007,p.1527,p.1528,,p.1160,,p.1529,,p.1010,,,,,p.1163,p.1530,p.1531,p.1532,p.1012,p.1013,p.1014,,,,,p.1164,p.1165,p.1017,p.1533,p.1018,,p.1682,,p.1166,,,,,,,,,,,,p.1167,p.1168
1682,,,,,,,,,,,,,,,,,,,,,,,,,,,,,,,,,,,r.-41.8.0,,,,,,,,,,,,,,,,,,,,,,,,,,,,,,,,,,,,,,,,,,,,,,,,,,,,,,,,,,,,,,,,,,,,,,,,,,,,,,,,,,,,,,,,,,,,,,,,,,,,,,,,,,,,,,,,,,,,,,,,,,
1683,,,,,,,,,,,,,,,,,,,,,,,,,,,,,,,,,,,r.-41.7.0,,,,,,,,,,,,,,,,,,,,,,,,,,,,,,,,,,,,,,,,,,,,,,,,,,,,,,,,,,,,,,,,,,,,,,,,,,,,,,,,,,,,,,,,,,,,,,,,,,,,,,,,,,,,,,,,,,,,,,,,,,
1684,p.98,p.99,p.100,,,,,,,,,,,,,p.207,p.1692,p.208,,,,,,,,,p.210,,,,p.211,p.263,,p.213,,,,,,,,,,,,p.108,,,,,,p.214,p.215,,,,,,,,,,,,,,,,,,,,,,,,,,,,,p.228,p.112,p.113,,,,p.229,p.230,,p.231,,,,p.232,p.233,,p.234,p.235,,,,,,,,,p.237,,,p.238,p.239,p.1693,,,p.241,,p.242,,p.243,,,,,p.244,,,,p.245,p.246,p.247,,,,,p.248,p.249,p.250,,p.251,,,,p.253,,,,,,,,,,,,p.260,p.261
1685,,,,p.1300,,,,,,,,,,,,,,,,,,,p.1686,,,,,,,,,,,,,,,,,,,,,,,,,,,,,,,,,,,,,,,,,,,,,,,,,,,,,,,,,,,,,,,,,,,,,,,,,,,,,,,,,,,,,,,,,,,,,,,,,,,,,,,,,,,,,,,,,,,,,,,,,,,,,,,,,,,,,,
1686,p.98,p.99,p.100,,,,,,,,,,,,,p.207,p.1687,p.208,,,,,,,,,p.210,,,,p.211,p.263,,p.213,,,,,,,,,,,,p.108,,,,,,p.214,p.215,,,,,,,,,,,,,,,,,,,,,,,,,,,,,p.228,p.112,p.113,,,,p.229,p.230,,p.231,,,,p.232,p.233,,p.234,p.235,,,,,,,,,p.237,,,p.238,p.239,p.1688,,,p.241,,p.242,,p.243,,,,,p.244,,,,p.245,p.246,p.247,,,,,p.248,p.249,p.250,,p.251,,,,p.253,,,,,,,,,,,,p.260,p.261
1687,p.98,p.99,p.100,,,,,,,,,,,,,p.1145,,p.1146,p.1513,,,,p.1514,,,,p.1148,,,,p.1149,p.1298,,p.1151,p.1515,p.1516,p.1517,p.1518,p.1519,p.1520,p.1521,p.1522,p.1523,,,p.108,,,,,,p.1152,p.1153,,,,,p.1524,,p.1525,,,,,,,,,,,,,,,,,,,,,,p.1154,p.112,p.113,,,,p.998,p.999,,p.1283,,,,p.1000,p.1156,p.1526,p.1157,p.1158,,,,,,,,,p.1159,,,p.1006,p.1007,p.1527,p.1528,,p.1160,,p.1529,,p.1010,,,,,p.1163,p.1530,p.1531,p.1532,p.1012,p.1013,p.1014,,,,,p.1164,p.1165,p.1017,p.1533,p.1018,,p.1691,,p.1166,,,,,,,,,,,,p.1167,p.1168
1688,,,,p.270,,,,,,,,,,,,,p.1689,,,,,,,,,,,,,,,,,,,,,,,,,,,,,,,,,,,,,,,,,,,,,,,,,,,,,,,,,,,,,,,,,,,,,,,,,,,,,,,,,,,,,,,,,,,,,,,,,,,,,,,,,,,,,,,,,,,,,,,,,,,,,,,,,,,,,,,,,,,,
1689,p.98,p.99,p.100,,,,,,,,,,,,,p.1145,,p.1146,p.1513,,,,p.1514,,,,p.1148,,,,p.1149,p.1298,,p.1151,p.1515,p.1516,p.1517,p.1518,p.1519,p.1520,p.1521,p.1522,p.1523,,,p.108,,,,,,p.1152,p.1153,,,,,p.1524,,p.1525,,,,,,,,,,,,,,,,,,,,,,p.1154,p.112,p.113,,,,p.998,p.999,,p.1283,,,,p.1000,p.1156,p.1526,p.1157,p.1158,,,,,,,,,p.1159,,,p.1006,p.1007,p.1527,p.1528,,p.1160,,p.1529,,p.1010,,,,,p.1163,p.1530,p.1531,p.1532,p.1012,p.1013,p.1014,,,,,p.1164,p.1165,p.1017,p.1533,p.1018,,p.1690,,p.1166,,,,,,,,,,,,p.1167,p.1168
1690,,,,,,,,,,,,,,,,,,,,,,,,,,,,,,,,,,,r.-41.8.0,,,,,,,,,,,,,,,,,,,,,,,,,,,,,,,,,,,,,,,,,,,,,,,,,,,,,,,,,,,,,,,,,,,,,,,,,,,,,,,,,,,,,,,,,,,,,,,,,,,,,,,,,,,,,,,,,,,,,,,,,,
1691,,,,,,,,,,,,,,,,,,,,,,,,,,,,,,,,,,,r.-41.7.0,,,,,,,,,,,,,,,,,,,,,,,,,,,,,,,,,,,,,,,,,,,,,,,,,,,,,,,,,,,,,,,,,,,,,,,,,,,,,,,,,,,,,,,,,,,,,,,,,,,,,,,,,,,,,,,,,,,,,,,,,,
1692,p.98,p.99,p.100,,,,,,,,,,,,,p.1145,,p.1146,p.1513,,,,p.1514,,,,p.1148,,,,p.1149,p.1298,,p.1151,p.1515,p.1516,p.1517,p.1518,p.1519,p.1520,p.1521,p.1522,p.1523,,,p.108,,,,,,p.1152,p.1153,,,,,p.1524,,p.1525,,,,,,,,,,,,,,,,,,,,,,p.1154,p.112,p.113,,,,p.998,p.999,,p.1283,,,,p.1000,p.1156,p.1526,p.1157,p.1158,,,,,,,,,p.1159,,,p.1006,p.1007,p.1527,p.1528,,p.1160,,p.1529,,p.1010,,,,,p.1163,p.1530,p.1531,p.1532,p.1012,p.1013,p.1014,,,,,p.1164,p.1165,p.1017,p.1533,p.1018,,p.1696,,p.1166,,,,,,,,,,,,p.1167,p.1168
1693,,,,p.270,,,,,,,,,,,,,p.1694,,,,,,,,,,,,,,,,,,,,,,,,,,,,,,,,,,,,,,,,,,,,,,,,,,,,,,,,,,,,,,,,,,,,,,,,,,,,,,,,,,,,,,,,,,,,,,,,,,,,,,,,,,,,,,,,,,,,,,,,,,,,,,,,,,,,,,,,,,,,
1694,p.98,p.99,p.100,,,,,,,,,,,,,p.1145,,p.1146,p.1513,,,,p.1514,,,,p.1148,,,,p.1149,p.1298,,p.1151,p.1515,p.1516,p.1517,p.1518,p.1519,p.1520,p.1521,p.1522,p.1523,,,p.108,,,,,,p.1152,p.1153,,,,,p.1524,,p.1525,,,,,,,,,,,,,,,,,,,,,,p.1154,p.112,p.113,,,,p.998,p.999,,p.1283,,,,p.1000,p.1156,p.1526,p.1157,p.1158,,,,,,,,,p.1159,,,p.1006,p.1007,p.1527,p.1528,,p.1160,,p.1529,,p.1010,,,,,p.1163,p.1530,p.1531,p.1532,p.1012,p.1013,p.1014,,,,,p.1164,p.1165,p.1017,p.1533,p.1018,,p.1695,,p.1166,,,,,,,,,,,,p.1167,p.1168
1695,,,,,,,,,,,,,,,,,,,,,,,,,,,,,,,,,,,r.-41.7.0,,,,,,,,,,,,,,,,,,,,,,,,,,,,,,,,,,,,,,,,,,,,,,,,,,,,,,,,,,,,,,,,,,,,,,,,,,,,,,,,,,,,,,,,,,,,,,,,,,,,,,,,,,,,,,,,,,,,,,,,,,
1696,,,,,,,,,,,,,,,,,,,,,,,,,,,,,,,,,,,r.-41.6.0,,,,,,,,,,,,,,,,,,,,,,,,,,,,,,,,,,,,,,,,,,,,,,,,,,,,,,,,,,,,,,,,,,,,,,,,,,,,,,,,,,,,,,,,,,,,,,,,,,,,,,,,,,,,,,,,,,,,,,,,,,
1697,p.98,p.99,p.100,,,,,,,,,,,,,p.207,p.1705,p.208,,,,,,,,,p.210,,,,p.211,p.263,,p.213,,,,,,,,,,,,p.108,,,,,,p.214,p.215,,,,,,,,,,,,,,,,,,,,,,,,,,,,,p.228,p.112,p.113,,,,p.229,p.230,,p.231,,,,p.232,p.233,,p.234,p.235,,,,,,,,,p.237,,,p.238,p.239,p.1706,,,p.241,,p.242,,p.243,,,,,p.244,,,,p.245,p.246,p.247,,,,,p.248,p.249,p.250,,p.251,,,,p.253,,,,,,,,,,,,p.260,p.261
1698,,,,p.1300,,,,,,,,,,,,,,,,,,,p.1699,,,,,,,,,,,,,,,,,,,,,,,,,,,,,,,,,,,,,,,,,,,,,,,,,,,,,,,,,,,,,,,,,,,,,,,,,,,,,,,,,,,,,,,,,,,,,,,,,,,,,,,,,,,,,,,,,,,,,,,,,,,,,,,,,,,,,,
1699,p.98,p.99,p.100,,,,,,,,,,,,,p.207,p.1700,p.208,,,,,,,,,p.210,,,,p.211,p.263,,p.213,,,,,,,,,,,,p.108,,,,,,p.214,p.215,,,,,,,,,,,,,,,,,,,,,,,,,,,,,p.228,p.112,p.113,,,,p.229,p.230,,p.231,,,,p.232,p.233,,p.234,p.235,,,,,,,,,p.237,,,p.238,p.239,p.1701,,,p.241,,p.242,,p.243,,,,,p.244,,,,p.245,p.246,p.247,,,,,p.248,p.249,p.250,,p.251,,,,p.253,,,,,,,,,,,,p.260,p.261
1700,p.98,p.99,p.100,,,,,,,,,,,,,p.1145,,p.1146,p.1513,,,,p.1514,,,,p.1148,,,,p.1149,p.1298,,p.1151,p.1515,p.1516,p.1517,p.1518,p.1519,p.1520,p.1521,p.1522,p.1523,,,p.108,,,,,,p.1152,p.1153,,,,,p.1524,,p.1525,,,,,,,,,,,,,,,,,,,,,,p.1154,p.112,p.113,,,,p.998,p.999,,p.1283,,,,p.1000,p.1156,p.1526,p.1157,p.1158,,,,,,,,,p.1159,,,p.1006,p.1007,p.1527,p.1528,,p.1160,,p.1529,,p.1010,,,,,p.1163,p.1530,p.1531,p.1532,p.1012,p.1013,p.1014,,,,,p.1164,p.1165,p.1017,p.1533,p.1018,,p.1704,,p.1166,,,,,,,,,,,,p.1167,p.1168
1701,,,,p.270,,,,,,,,,,,,,p.1702,,,,,,,,,,,,,,,,,,,,,,,,,,,,,,,,,,,,,,,,,,,,,,,,,,,,,,,,,,,,,,,,,,,,,,,,,,,,,,,,,,,,,,,,,,,,,,,,,,,,,,,,,,,,,,,,,,,,,,,,,,,,,,,,,,,,,,,,,,,,
1702,p.98,p.99,p.100,,,,,,,,,,,,,p.1145,,p.1146,p.1513,,,,p.1514,,,,p.1148,,,,p.1149,p.1298,,p.1151,p.1515,p.1516,p.1517,p.1518,p.1519,p.1520,p.1521,p.1522,p.1523,,,p.108,,,,,,p.1152,p.1153,,,,,p.1524,,p.1525,,,,,,,,,,,,,,,,,,,,,,p.1154,p.112,p.113,,,,p.998,p.999,,p.1283,,,,p.1000,p.1156,p.1526,p.1157,p.1158,,,,,,,,,p.1159,,,p.1006,p.1007,p.1527,p.1528,,p.1160,,p.1529,,p.1010,,,,,p.1163,p.1530,p.1531,p.1532,p.1012,p.1013,p.1014,,,,,p.1164,p.1165,p.1017,p.1533,p.1018,,p.1703,,p.1166,,,,,,,,,,,,p.1167,p.1168
1703,,,,,,,,,,,,,,,,,,,,,,,,,,,,,,,,,,,r.-41.8.0,,,,,,,,,,,,,,,,,,,,,,,,,,,,,,,,,,,,,,,,,,,,,,,,,,,,,,,,,,,,,,,,,,,,,,,,,,,,,,,,,,,,,,,,,,,,,,,,,,,,,,,,,,,,,,,,,,,,,,,,,,
1704,,,,,,,,,,,,,,,,,,,,,,,,,,,,,,,,,,,r.-41.7.0,,,,,,,,,,,,,,,,,,,,,,,,,,,,,,,,,,,,,,,,,,,,,,,,,,,,,,,,,,,,,,,,,,,,,,,,,,,,,,,,,,,,,,,,,,,,,,,,,,,,,,,,,,,,,,,,,,,,,,,,,,
1705,p.98,p.99,p.100,,,,,,,,,,,,,p.1145,,p.1146,p.1513,,,,p.1514,,,,p.1148,,,,p.1149,p.1298,,p.1151,p.1515,p.1516,p.1517,p.1518,p.1519,p.1520,p.1521,p.1522,p.1523,,,p.108,,,,,,p.1152,p.1153,,,,,p.1524,,p.1525,,,,,,,,,,,,,,,,,,,,,,p.1154,p.112,p.113,,,,p.998,p.999,,p.1283,,,,p.1000,p.1156,p.1526,p.1157,p.1158,,,,,,,,,p.1159,,,p.1006,p.1007,p.1527,p.1528,,p.1160,,p.1529,,p.1010,,,,,p.1163,p.1530,p.1531,p.1532,p.1012,p.1013,p.1014,,,,,p.1164,p.1165,p.1017,p.1533,p.1018,,p.1709,,p.1166,,,,,,,,,,,,p.1167,p.1168
1706,,,,p.270,,,,,,,,,,,,,p.1707,,,,,,,,,,,,,,,,,,,,,,,,,,,,,,,,,,,,,,,,,,,,,,,,,,,,,,,,,,,,,,,,,,,,,,,,,,,,,,,,,,,,,,,,,,,,,,,,,,,,,,,,,,,,,,,,,,,,,,,,,,,,,,,,,,,,,,,,,,,,
1707,p.98,p.99,p.100,,,,,,,,,,,,,p.1145,,p.1146,p.1513,,,,p.1514,,,,p.1148,,,,p.1149,p.1298,,p.1151,p.1515,p.1516,p.1517,p.1518,p.1519,p.1520,p.1521,p.1522,p.1523,,,p.108,,,,,,p.1152,p.1153,,,,,p.1524,,p.1525,,,,,,,,,,,,,,,,,,,,,,p.1154,p.112,p.113,,,,p.998,p.999,,p.1283,,,,p.1000,p.1156,p.1526,p.1157,p.1158,,,,,,,,,p.1159,,,p.1006,p.1007,p.1527,p.1528,,p.1160,,p.1529,,p.1010,,,,,p.1163,p.1530,p.1531,p.1532,p.1012,p.1013,p.1014,,,,,p.1164,p.1165,p.1017,p.1533,p.1018,,p.1708,,p.1166,,,,,,,,,,,,p.1167,p.1168
1708,,,,,,,,,,,,,,,,,,,,,,,,,,,,,,,,,,,r.-41.7.0,,,,,,,,,,,,,,,,,,,,,,,,,,,,,,,,,,,,,,,,,,,,,,,,,,,,,,,,,,,,,,,,,,,,,,,,,,,,,,,,,,,,,,,,,,,,,,,,,,,,,,,,,,,,,,,,,,,,,,,,,,
1709,,,,,,,,,,,,,,,,,,,,,,,,,,,,,,,,,,,r.-41.6.0,,,,,,,,,,,,,,,,,,,,,,,,,,,,,,,,,,,,,,,,,,,,,,,,,,,,,,,,,,,,,,,,,,,,,,,,,,,,,,,,,,,,,,,,,,,,,,,,,,,,,,,,,,,,,,,,,,,,,,,,,,
1710,,,,,,,,,,,,,,,,,,,,,,,,,,,,,,,,,,,p.1711,,,,,,,,,,,,,,,,,,,,,,,,,,,,,,,,,,,,,,,,,,,,,,,,,,,,,,,,,,,,,,,,,,,,,,,,,,,,,,,,,,,,,,,,,,,,,,,,,,,,,,,,,,,,,,,,,,,,,,,,,,
1711,,,,,,,,,,,,,,,,p.1712,,,,,,,,,,,,,,,,,,,,,,,,,,,,,,,,,,,,,,,,,,,,,,,,,,,,,,,,,,,,,,,,,,,,,,,,,,,,,,,,,,,,,,,,,,,,,,,,,,,,,,,,,,,,,,,,,,,,,,,,,,,,,,,,,,,,,,,,,,,,,
1712,p.98,p.99,p.100,,,,,,,,,,,,,p.207,,p.208,,,,,,,,,p.210,,,,p.211,p.263,,p.213,,,,,,,,,,,,p.108,,,,,,p.214,p.215,,,,,,,,,,,,,,,,,,,,,,,,,,,,,p.228,p.112,p.113,,,,p.229,p.230,,p.231,,,,p.232,p.233,,p.234,p.235,,,,,,,,,p.237,,,p.238,p.239,p.1713,,,p.241,,p.242,,p.243,,,,,p.244,,,,p.245,p.246,p.247,,,,,p.248,p.249,p.250,,p.251,,,,p.253,,,,,,,,,,,,p.260,p.261
1713,,,,p.270,,,,,,,,,,,,,p.1714,,,,,,,,,,,,,,,,,,,,,,,,,,,,,,,,,,,,,,,,,,,,,,,,,,,,,,,,,,,,,,,,,,,,,,,,,,,,,,,,,,,,,,,,,,,,,,,,,,,,,,,,,,,,,,,,,,,,,,,,,,,,,,,,,,,,,,,,,,,,
1714,,,,,,,,,,,,,,,,,,,,,,,,,,,,,,,,,,,r.-41.6.0,,,,,,,,,,,,,,,,,,,,,,,,,,,,,,,,,,,,,,,,,,,,,,,,,,,,,,,,,,,,,,,,,,,,,,,,,,,,,,,,,,,,,,,,,,,,,,,,,,,,,,,,,,,,,,,,,,,,,,,,,,
1715,p.98,p.99,p.100,,,,,,,,,,,,,p.207,,p.208,,,,,,,,,p.210,,,,p.211,p.263,,p.213,,,,,,,,,,,,p.108,,,,,,p.214,p.215,,,,,,,,,,,,,,,,,,,,,,,,,,,,,p.228,p.112,p.113,,,,p.229,p.230,,p.231,,,,p.232,p.233,,p.234,p.235,,,,,,,,,p.237,,,p.238,p.239,p.1716,,,p.241,,p.242,,p.243,,,,,p.244,,,,p.245,p.246,p.247,,,,,p.248,p.249,p.250,,p.251,,,,p.253,,,,,,,,,,,,p.260,p.261
1716,,,,p.270,,,,,,,,,,,,,p.1717,,,,,,,,,,,,,,,,,,,,,,,,,,,,,,,,,,,,,,,,,,,,,,,,,,,,,,,,,,,,,,,,,,,,,,,,,,,,,,,,,,,,,,,,,,,,,,,,,,,,,,,,,,,,,,,,,,,,,,,,,,,,,,,,,,,,,,,,,,,,
1717,p.98,p.99,p.100,,,,,,,,,,,,,p.1145,,p.1146,p.1513,,,,p.1514,,,,p.1148,,,,p.1149,p.1298,,p.1151,p.1515,p.1516,p.1517,p.1518,p.1519,p.1520,p.1521,p.1522,p.1523,,,p.108,,,,,,p.1152,p.1153,,,,,p.1524,,p.1525,,,,,,,,,,,,,,,,,,,,,,p.1154,p.112,p.113,,,,p.998,p.999,,p.1283,,,,p.1000,p.1156,p.1526,p.1157,p.1158,,,,,,,,,p.1159,,,p.1006,p.1007,p.1527,p.1528,,p.1160,,p.1529,,p.1010,,,,,p.1163,p.1530,p.1531,p.1532,p.1012,p.1013,p.1014,,,,,p.1164,p.1165,p.1017,p.1533,p.1018,,p.1718,,p.1166,,,,,,,,,,,,p.1167,p.1168
1718,,,,,,,,,,,,,,,,,,,,,,,,,,,,,,,,,,,r.-41.5.0,,,,,,,,,,,,,,,,,,,,,,,,,,,,,,,,,,,,,,,,,,,,,,,,,,,,,,,,,,,,,,,,,,,,,,,,,,,,,,,,,,,,,,,,,,,,,,,,,,,,,,,,,,,,,,,,,,,,,,,,,,
1719,,,,,,,,,,,,,,,,,,,,,,,,,,,,,,,,,,,r.-12.2.0,,,,,,,,,,,,,,,,,,,,,,,,,,,,,,,,,,,,,,,,,,,,,,,,,,,,,,,,,,,,,,,,,,,,,,,,,,,,,,,,,,,,,,,,,,,,,,,,,,,,,,,,,,,,,,,,,,,,,,,,,,
1720,p.98,p.99,p.100,,,,,,,,,,,,,p.1145,,p.1146,p.1268,p.1721,,,p.1270,,,p.3,p.1148,,,,p.1149,p.1271,,p.1151,p.1272,p.1273,p.1274,p.1275,p.1276,p.1277,p.1278,p.1279,p.1280,,,p.108,,,,,,p.1152,p.1153,,,,,p.1281,,p.1282,,,p.6,p.7,p.8,p.9,p.10,p.11,p.12,p.13,p.14,p.15,p.16,p.17,p.18,p.19,p.20,p.21,p.22,p.23,p.24,p.1154,p.112,p.113,,,,p.998,p.999,,p.1283,,p.1307,,p.1000,p.1156,p.1286,p.1157,p.1158,,p.1287,,p.1288,,,,p.30,p.1159,,,p.1006,p.1007,p.1289,p.1290,,p.1160,,p.1291,,p.1010,,,,,p.1163,p.1292,p.1293,p.1294,p.1012,p.1013,p.1014,,,,,p.1164,p.1165,p.1017,p.1295,p.1018,,p.1296,p.35,p.1166,,,,,p.36,p.37,,p.38,,p.39,p.40,p.1167,p.1168
1721,,,,,,,,,,,,,,,,,,,,,,,,,,,,,,,,,,,r.-12.3.0,,,,,,,,,,,,,,,,,,,,,,,,,,,,,,,,,,,,,,,,,,,,,,,,,,,,,,,,,,,,,,,,,,,,,,,,,,,,,,,,,,,,,,,,,,,,,,,,,,,,,,,,,,,,,,,,,,,,,,,,,,
1722,p.98,p.99,p.100,,,,,,,,,,,,,p.207,,p.208,,,,,,,,,p.210,,,,p.211,p.263,,p.213,,,,,,,,,,,,p.108,,,,,,p.214,p.215,,,,,,,,,,,,,,,,,,,,,,,,,,,,,p.228,p.112,p.113,,,,p.229,p.230,,p.231,,,,p.232,p.233,,p.234,p.235,,,,,,,,,p.237,,,p.238,p.239,p.1723,,,p.241,,p.242,,p.243,,,,,p.244,,,,p.245,p.246,p.247,,,,,p.248,p.249,p.250,,p.251,,,,p.253,,,,,,,,,,,,p.260,p.261
1723,,,,p.270,,,,,,,,,,,,,p.1724,,,,,,,,,,,,,,,,,,,,,,,,,,,,,,,,,,,,,,,,,,,,,,,,,,,,,,,,,,,,,,,,,,,,,,,,,,,,,,,,,,,,,,,,,,,,,,,,,,,,,,,,,,,,,,,,,,,,,,,,,,,,,,,,,,,,,,,,,,,,
1724,p.98,p.99,p.100,,,,,,,,,,,,,p.1145,,p.1146,p.1315,,,,p.1316,,,,p.1148,,,,p.1149,p.1298,,p.1151,p.1317,p.1318,p.1319,p.1320,p.1321,p.1322,p.1323,p.1324,p.1325,,,p.108,,,,,,p.1152,p.1153,,,,,p.1326,,p.1327,,,,,,,,,,,,,,,,,,,,,,p.1154,p.112,p.113,,,,p.998,p.999,,p.1283,,,,p.1000,p.1156,p.1328,p.1157,p.1158,,,,,,,,,p.1159,,,p.1006,p.1007,p.1329,p.1330,,p.1160,,p.1331,,p.1010,,,,,p.1163,p.1332,p.1333,p.1334,p.1012,p.1013,p.1014,,,,,p.1164,p.1165,p.1017,p.1335,p.1018,,p.1725,,p.1166,,,,,,,,,,,,p.1167,p.1168
1725,r.-41.5.0,r.-41.5.0,r.-41.5.0,,,,,,,,,,,,,r.-41.5.0,,r.-41.5.0,r.-41.5.0,r.-41.5.0,,,r.-41.5.0,,,r.-41.5.0,r.-41.5.0,,,,r.-41.5.0,r.-41.5.0,,r.-41.5.0,r.-41.5.0,r.-41.5.0,r.-41.5.0,r.-41.5.0,r.-41.5.0,r.-41.5.0,r.-41.5.0,r.-41.5.0,r.-41.5.0,,,r.-41.5.0,,,,,,r.-41.5.0,r.-41.5.0,,,,,r.-41.5.0,r.-41.5.0,r.-41.5.0,,,r.-41.5.0,r.-41.5.0,r.-41.5.0,r.-41.5.0,r.-41.5.0,r.-41.5.0,r.-41.5.0,r.-41.5.0,r.-41.5.0,r.-41.5.0,r.-41.5.0,r.-41.5.0,r.-41.5.0,r.-41.5.0,r.-41.5.0,r.-41.5.0,r.-41.5.0,r.-41.5.0,r.-41.5.0,r.-41.5.0,r.-41.5.0,r.-41.5.0,,,,,,,,,,,,,,,,,,,,,,,,,,,,,,,,,,,,,,,,,,,,,,,,,,,,,,,,,,,,,,,,,,,,,,,,,
1726,r.-12.2.0,r.-12.2.0,r.-12.2.0,,,,,,,,,,,,,r.-12.2.0,,r.-12.2.0,r.-12.2.0,r.-12.2.0,,,r.-12.2.0,,,r.-12.2.0,r.-12.2.0,,,,r.-12.2.0,r.-12.2.0,,r.-12.2.0,r.-12.2.0,r.-12.2.0,r.-12.2.0,r.-12.2.0,r.-12.2.0,r.-12.2.0,r.-12.2.0,r.-12.2.0,r.-12.2.0,,,r.-12.2.0,,,,,,r.-12.2.0,r.-12.2.0,,,,,r.-12.2.0,r.-12.2.0,r.-12.2.0,,,r.-12.2.0,r.-12.2.0,r.-12.2.0,r.-12.2.0,r.-12.2.0,r.-12.2.0,r.-12.2.0,r.-12.2.0,r.-12.2.0,r.-12.2.0,r.-12.2.0,r.-12.2.0,r.-12.2.0,r.-12.2.0,r.-12.2.0,r.-12.2.0,r.-12.2.0,r.-12.2.0,r.-12.2.0,r.-12.2.0,r.-12.2.0,r.-12.2.0,,,,,,,,,,,,,,,,,,,,,,,,,,,,,,,,,,,,,,,,,,,,,,,,,,,,,,,,,,,,,,,,,,,,,,,,,
1727,p.98,p.99,p.100,,,,,,,,,,,,,p.1145,,p.1146,p.1268,p.1728,,,p.1270,,,p.3,p.1148,,,,p.1149,p.1271,,p.1151,p.1272,p.1273,p.1274,p.1275,p.1276,p.1277,p.1278,p.1279,p.1280,,,p.108,,,,,,p.1152,p.1153,,,,,p.1281,,p.1282,,,p.6,p.7,p.8,p.9,p.10,p.11,p.12,p.13,p.14,p.15,p.16,p.17,p.18,p.19,p.20,p.21,p.22,p.23,p.24,p.1154,p.112,p.113,,,,p.998,p.999,,p.1283,,p.1307,,p.1000,p.1156,p.1286,p.1157,p.1158,,p.1287,,p.1288,,,,p.30,p.1159,,,p.1006,p.1007,p.1289,p.1290,,p.1160,,p.1291,,p.1010,,,,,p.1163,p.1292,p.1293,p.1294,p.1012,p.1013,p.1014,,,,,p.1164,p.1165,p.1017,p.1295,p.1018,,p.1296,p.35,p.1166,,,,,p.36,p.37,,p.38,,p.39,p.40,p.1167,p.1168
1728,r.-12.3.0,r.-12.3.0,r.-12.3.0,,,,,,,,,,,,,r.-12.3.0,,r.-12.3.0,r.-12.3.0,r.-12.3.0,,,r.-12.3.0,,,r.-12.3.0,r.-12.3.0,,,,r.-12.3.0,r.-12.3.0,,r.-12.3.0,r.-12.3.0,r.-12.3.0,r.-12.3.0,r.-12.3.0,r.-12.3.0,r.-12.3.0,r.-12.3.0,r.-12.3.0,r.-12.3.0,,,r.-12.3.0,,,,,,r.-12.3.0,r.-12.3.0,,,,,r.-12.3.0,r.-12.3.0,r.-12.3.0,,,r.-12.3.0,r.-12.3.0,r.-12.3.0,r.-12.3.0,r.-12.3.0,r.-12.3.0,r.-12.3.0,r.-12.3.0,r.-12.3.0,r.-12.3.0,r.-12.3.0,r.-12.3.0,r.-12.3.0,r.-12.3.0,r.-12.3.0,r.-12.3.0,r.-12.3.0,r.-12.3.0,r.-12.3.0,r.-12.3.0,r.-12.3.0,r.-12.3.0,,,,,,,,,,,,,,,,,,,,,,,,,,,,,,,,,,,,,,,,,,,,,,,,,,,,,,,,,,,,,,,,,,,,,,,,,
1729,p.98,p.99,p.100,,,,,,,,,,,,,p.1145,,p.1146,p.1268,,,,p.1270,,,,p.1148,,,,p.1149,p.1298,,p.1151,p.1272,p.1273,p.1274,p.1275,p.1276,p.1277,p.1278,p.1279,p.1280,,,p.108,,,,,,p.1152,p.1153,,,,,p.1281,,p.1282,,,,,,,,,,,,,,,,,,,,,,p.1154,p.112,p.113,,,,p.998,p.999,,p.1283,,,,p.1000,p.1156,p.1286,p.1157,p.1158,,,,,,,,,p.1159,,,p.1006,p.1007,p.1289,p.1290,,p.1160,,p.1291,,p.1010,,,,,p.1163,p.1292,p.1293,p.1294,p.1012,p.1013,p.1014,,,,,p.1164,p.1165,p.1017,p.1295,p.1018,,p.1730,,p.1166,,,,,,,,,,,,p.1167,p.1168
1730,r.-43.3.0,r.-43.3.0,r.-43.3.0,,,,,,,,,,,,,r.-43.3.0,,r.-43.3.0,r.-43.3.0,r.-43.3.0,,,r.-43.3.0,,,r.-43.3.0,r.-43.3.0,,,,r.-43.3.0,r.-43.3.0,,r.-43.3.0,r.-43.3.0,r.-43.3.0,r.-43.3.0,r.-43.3.0,r.-43.3.0,r.-43.3.0,r.-43.3.0,r.-43.3.0,r.-43.3.0,,,r.-43.3.0,,,,,,r.-43.3.0,r.-43.3.0,,,,,r.-43.3.0,,r.-43.3.0,,,r.-43.3.0,r.-43.3.0,r.-43.3.0,r.-43.3.0,r.-43.3.0,r.-43.3.0,r.-43.3.0,r.-43.3.0,r.-43.3.0,r.-43.3.0,r.-43.3.0,r.-43.3.0,r.-43.3.0,r.-43.3.0,r.-43.3.0,r.-43.3.0,r.-43.3.0,r.-43.3.0,r.-43.3.0,r.-43.3.0,r.-43.3.0,r.-43.3.0,,,,,,,,,,,,,,,,,,,,,,,,,,,,,,,,,,,,,,,,,,,,,,,,,,,,,,,,,,,,,,,,,,,,,,,,,
1731,,,,,,,,,,,,,,,,,,,,,,p.1732,,,,,,,,,,,,,,,,,,,,,,,,,,,,,,,,,,,,,,,,,,,,,,,,,,,,,,,,,,,,,,,,,,,,,,,,,,,,,,,,,,,,,,,,,,,,,,,,,,,,,,,,,,,,,,,,,,,,,,,,,,,,,,,,,,,,,,,
1732,p.98,p.99,p.100,,,,,,,,,,,,,p.1145,,p.1146,p.1268,,,,p.1270,,,,p.1148,,,,p.1149,p.1298,,p.1151,p.1272,p.1273,p.1274,p.1275,p.1276,p.1277,p.1278,p.1279,p.1280,,,p.108,,,,,,p.1152,p.1153,,,,,p.1281,,p.1282,,,,,,,,,,,,,,,,,,,,,,p.1154,p.112,p.113,,,,p.998,p.999,,p.1283,,,,p.1000,p.1156,p.1286,p.1157,p.1158,,,,,,,,,p.1159,,,p.1006,p.1007,p.1289,p.1290,,p.1160,,p.1291,,p.1010,,,,,p.1163,p.1292,p.1293,p.1294,p.1012,p.1013,p.1014,,,,,p.1164,p.1165,p.1017,p.1295,p.1018,,p.1733,,p.1166,,,,,,,,,,,,p.1167,p.1168
1733,r.-43.4.0,r.-43.4.0,r.-43.4.0,,,,,,,,,,,,,r.-43.4.0,,r.-43.4.0,r.-43.4.0,r.-43.4.0,,,r.-43.4.0,,,r.-43.4.0,r.-43.4.0,,,,r.-43.4.0,r.-43.4.0,,r.-43.4.0,r.-43.4.0,r.-43.4.0,r.-43.4.0,r.-43.4.0,r.-43.4.0,r.-43.4.0,r.-43.4.0,r.-43.4.0,r.-43.4.0,,,r.-43.4.0,,,,,,r.-43.4.0,r.-43.4.0,,,,,r.-43.4.0,,r.-43.4.0,,,r.-43.4.0,r.-43.4.0,r.-43.4.0,r.-43.4.0,r.-43.4.0,r.-43.4.0,r.-43.4.0,r.-43.4.0,r.-43.4.0,r.-43.4.0,r.-43.4.0,r.-43.4.0,r.-43.4.0,r.-43.4.0,r.-43.4.0,r.-43.4.0,r.-43.4.0,r.-43.4.0,r.-43.4.0,r.-43.4.0,r.-43.4.0,r.-43.4.0,,,,,,,,,,,,,,,,,,,,,,,,,,,,,,,,,,,,,,,,,,,,,,,,,,,,,,,,,,,,,,,,,,,,,,,,,
1734,r.-42.2.0,r.-42.2.0,r.-42.2.0,,,,,,,,,,,,,r.-42.2.0,,r.-42.2.0,r.-42.2.0,r.-42.2.0,,,r.-42.2.0,,,r.-42.2.0,r.-42.2.0,,,,r.-42.2.0,r.-42.2.0,,r.-42.2.0,r.-42.2.0,r.-42.2.0,r.-42.2.0,r.-42.2.0,r.-42.2.0,r.-42.2.0,r.-42.2.0,r.-42.2.0,r.-42.2.0,,,r.-42.2.0,,,,,,r.-42.2.0,r.-42.2.0,,,,,r.-42.2.0,,r.-42.2.0,,,r.-42.2.0,r.-42.2.0,r.-42.2.0,r.-42.2.0,r.-42.2.0,r.-42.2.0,r.-42.2.0,r.-42.2.0,r.-42.2.0,r.-42.2.0,r.-42.2.0,r.-42.2.0,r.-42.2.0,r.-42.2.0,r.-42.2.0,r.-42.2.0,r.-42.2.0,r.-42.2.0,r.-42.2.0,r.-42.2.0,r.-42.2.0,r.-42.2.0,,,,,,,,,,,,,,,,,,,,,,,,,,,,,,,,,,,,,,,,,,,,,,,,,,,,,,,,,,,,,,,,,,,,,,,,,
1735,,,,p.1300,,,,,,,,,,,,,,,,,,,p.1736,,,,,,,,,,,,,,,,,,,,,,,,,,,,,,,,,,,,,,,,,,,,,,,,,,,,,,,,,,,,,,,,,,,,,,,,,,,,,,,,,,,,,,,,,,,,,,,,,,,,,,,,,,,,,,,,,,,,,,,,,,,,,,,,,,,,,,
1736,r.-42.3.0,r.-42.3.0,r.-42.3.0,,,,,,,,,,,,,r.-42.3.0,,r.-42.3.0,r.-42.3.0,r.-42.3.0,,,r.-42.3.0,,,r.-42.3.0,r.-42.3.0,,,,r.-42.3.0,r.-42.3.0,,r.-42.3.0,r.-42.3.0,r.-42.3.0,r.-42.3.0,r.-42.3.0,r.-42.3.0,r.-42.3.0,r.-42.3.0,r.-42.3.0,r.-42.3.0,,,r.-42.3.0,,,,,,r.-42.3.0,r.-42.3.0,,,,,r.-42.3.0,,r.-42.3.0,,,r.-42.3.0,r.-42.3.0,r.-42.3.0,r.-42.3.0,r.-42.3.0,r.-42.3.0,r.-42.3.0,r.-42.3.0,r.-42.3.0,r.-42.3.0,r.-42.3.0,r.-42.3.0,r.-42.3.0,r.-42.3.0,r.-42.3.0,r.-42.3.0,r.-42.3.0,r.-42.3.0,r.-42.3.0,r.-42.3.0,r.-42.3.0,r.-42.3.0,,,,,,,,,,,,,,,,,,,,,,,,,,,,,,,,,,,,,,,,,,,,,,,,,,,,,,,,,,,,,,,,,,,,,,,,,
1737,r.-42.2.0,r.-42.2.0,r.-42.2.0,,,,,,,,,,,,,r.-42.2.0,,r.-42.2.0,r.-42.2.0,r.-42.2.0,,,r.-42.2.0,,,r.-42.2.0,r.-42.2.0,,,,r.-42.2.0,r.-42.2.0,,r.-42.2.0,r.-42.2.0,r.-42.2.0,r.-42.2.0,r.-42.2.0,r.-42.2.0,r.-42.2.0,r.-42.2.0,r.-42.2.0,r.-42.2.0,,,r.-42.2.0,,,,,,r.-42.2.0,r.-42.2.0,,,,,r.-42.2.0,,r.-42.2.0,,,r.-42.2.0,r.-42.2.0,r.-42.2.0,r.-42.2.0,r.-42.2.0,r.-42.2.0,r.-42.2.0,r.-42.2.0,r.-42.2.0,r.-42.2.0,r.-42.2.0,r.-42.2.0,r.-42.2.0,r.-42.2.0,r.-42.2.0,r.-42.2.0,r.-42.2.0,r.-42.2.0,r.-42.2.0,r.-42.2.0,r.-42.2.0,r.-42.2.0,,,,,,,,,,,,,,,,,,,,,,,,,,,,,,,,,,,,,,,,,,,,,,,,,,,,,,,,,,,,,,,,,,,,,,,,,
1738,r.-42.2.0,r.-42.2.0,r.-42.2.0,,,,,,,,,,,,,r.-42.2.0,,r.-42.2.0,r.-42.2.0,r.-42.2.0,,,r.-42.2.0,,,r.-42.2.0,r.-42.2.0,,,,r.-42.2.0,r.-42.2.0,,r.-42.2.0,r.-42.2.0,r.-42.2.0,r.-42.2.0,r.-42.2.0,r.-42.2.0,r.-42.2.0,r.-42.2.0,r.-42.2.0,r.-42.2.0,,,r.-42.2.0,,,,,,r.-42.2.0,r.-42.2.0,,,,,r.-42.2.0,,r.-42.2.0,,,r.-42.2.0,r.-42.2.0,r.-42.2.0,r.-42.2.0,r.-42.2.0,r.-42.2.0,r.-42.2.0,r.-42.2.0,r.-42.2.0,r.-42.2.0,r.-42.2.0,r.-42.2.0,r.-42.2.0,r.-42.2.0,r.-42.2.0,r.-42.2.0,r.-42.2.0,r.-42.2.0,r.-42.2.0,r.-42.2.0,r.-42.2.0,r.-42.2.0,,,,,,,,,,,,,,,,,,,,,,,,,,,,,,,,,,,,,,,,,,,,,,,,,,,,,,,,,,,,,,,,,,,,,,,,,
1739,,,,,,,,,,,,,,,,,,,,,,,p.1740,,,,,,,,,,,,,,,,,,,,,,,,,,,,,,,,,,,,,,,,,,,,,,,,,,,,,,,,,,,,,,,,,,,,,,,,,,,,,,,,,,,,,,,,,,,,,,,,,,,,,,,,,,,,,,,,,,,,,,,,,,,,,,,,,,,,,,
1740,r.-42.3.0,r.-42.3.0,r.-42.3.0,,,,,,,,,,,,,r.-42.3.0,,r.-42.3.0,r.-42.3.0,r.-42.3.0,,,r.-42.3.0,,,r.-42.3.0,r.-42.3.0,,,,r.-42.3.0,r.-42.3.0,,r.-42.3.0,r.-42.3.0,r.-42.3.0,r.-42.3.0,r.-42.3.0,r.-42.3.0,r.-42.3.0,r.-42.3.0,r.-42.3.0,r.-42.3.0,,,r.-42.3.0,,,,,,r.-42.3.0,r.-42.3.0,,,,,r.-42.3.0,,r.-42.3.0,,,r.-42.3.0,r.-42.3.0,r.-42.3.0,r.-42.3.0,r.-42.3.0,r.-42.3.0,r.-42.3.0,r.-42.3.0,r.-42.3.0,r.-42.3.0,r.-42.3.0,r.-42.3.0,r.-42.3.0,r.-42.3.0,r.-42.3.0,r.-42.3.0,r.-42.3.0,r.-42.3.0,r.-42.3.0,r.-42.3.0,r.-42.3.0,r.-42.3.0,,,,,,,,,,,,,,,,,,,,,,,,,,,,,,,,,,,,,,,,,,,,,,,,,,,,,,,,,,,,,,,,,,,,,,,,,
1741,p.98,p.99,p.100,,,,,,,,,,,,,p.1145,,p.1146,,,,,p.1742,,,p.3,p.1148,,,,p.1149,p.1466,,p.1151,,,,,,,,,,,,p.108,,,,,,p.1152,p.1153,,,,,,,,,,p.6,p.7,p.8,p.9,p.10,p.11,p.12,p.13,p.14,p.15,p.16,p.17,p.18,p.19,p.20,p.21,p.22,p.23,p.24,p.1154,p.112,p.113,,,,p.998,p.999,,p.1283,,,,p.1000,p.1156,,p.1157,p.1158,,p.1743,,p.1468,,,,p.30,p.1159,,,p.1006,p.1007,p.1744,,,p.1160,,p.1161,,p.1010,,,,,p.1163,,,,p.1012,p.1013,p.1014,,,,,p.1164,p.1165,p.1017,,p.1018,,,p.35,p.1166,,,,,p.36,p.37,,p.38,,p.39,p.40,p.1167,p.1168
1742,p.98,p.99,p.100,,,,,,,,,,,,,p.1145,,p.1146,,,,,p.1772,,,,p.1148,,,,p.1149,p.1150,,p.1151,,,,,,,,,,,,p.108,,,,,,p.1152,p.1153,,,,,,,,,,,,,,,,,,,,,,,,,,,,,p.1154,p.112,p.113,,,,p.998,p.999,,p.1283,,,,p.1000,p.1156,,p.1157,p.1158,,,,,,,,,p.1159,,,p.1006,p.1007,p.1773,,,p.1160,,p.1161,,p.1010,,,,,p.1163,,,,p.1012,p.1013,p.1014,,,,,p.1164,p.1165,p.1017,,p.1018,,,,p.1166,,,,,,,,,,,,p.1167,p.1168
1743,p.98,p.99,p.100,,,,,,,,,,,,,p.1145,,p.1146,,,,,p.1759,,,,p.1148,,,,p.1149,p.1150,,p.1151,,,,,,,,,,,,p.108,,,,,,p.1152,p.1153,,,,,,,,,,,,,,,,,,,,,,,,,,,,,p.1154,p.112,p.113,,,,p.998,p.999,,p.1283,,,,p.1000,p.1156,,p.1157,p.1158,,,,,,,,,p.1159,,,p.1006,p.1007,p.1760,,,p.1160,,p.1161,,p.1010,,,,,p.1163,,,,p.1012,p.1013,p.1014,,,,,p.1164,p.1165,p.1017,,p.1018,,,,p.1166,,,,,,,,,,,,p.1167,p.1168
1744,,,,p.1300,,,,,,,,,,,,,,,,,,,p.1745,,,,,,,,,,,,,,,,,,,,,,,,,,,,,,,,,,,,,,,,,,,,,,,,,,,,,,,,,,,,,,,,,,,,,,,,,,,,,,,,,,,,,,,,,,,,,,,,,,,,,,,,,,,,,,,,,,,,,,,,,,,,,,,,,,,,,,
1745,p.98,p.99,p.100,,,,,,,,,,,,,p.1145,,p.1146,,,,,p.1746,,,,p.1148,,,,p.1149,p.1150,,p.1151,,,,,,,,,,,,p.108,,,,,,p.1152,p.1153,,,,,,,,,,,,,,,,,,,,,,,,,,,,,p.1154,p.112,p.113,,,,p.998,p.999,,p.1283,,,,p.1000,p.1156,,p.1157,p.1158,,,,,,,,,p.1159,,,p.1006,p.1007,p.1747,,,p.1160,,p.1161,,p.1010,,,,,p.1163,,,,p.1012,p.1013,p.1014,,,,,p.1164,p.1165,p.1017,,p.1018,,,,p.1166,,,,,,,,,,,,p.1167,p.1168
1746,p.98,p.99,p.100,,,,,,,,,,,,,p.207,p.1754,p.208,,,,,,,,,p.210,,,,p.211,p.263,,p.213,,,,,,,,,,,,p.108,,,,,,p.214,p.215,,,,,,,,,,,,,,,,,,,,,,,,,,,,,p.228,p.112,p.113,,,,p.229,p.230,,p.231,,,,p.232,p.233,,p.234,p.235,,,,,,,,,p.237,,,p.238,p.239,p.1755,,,p.241,,p.242,,p.243,,,,,p.244,,,,p.245,p.246,p.247,,,,,p.248,p.249,p.250,,p.251,,,,p.253,,,,,,,,,,,,p.260,p.261
1747,,,,p.1300,,,,,,,,,,,,,,,,,,,p.1748,,,,,,,,,,,,,,,,,,,,,,,,,,,,,,,,,,,,,,,,,,,,,,,,,,,,,,,,,,,,,,,,,,,,,,,,,,,,,,,,,,,,,,,,,,,,,,,,,,,,,,,,,,,,,,,,,,,,,,,,,,,,,,,,,,,,,,
1748,p.98,p.99,p.100,,,,,,,,,,,,,p.207,p.1749,p.208,,,,,,,,,p.210,,,,p.211,p.263,,p.213,,,,,,,,,,,,p.108,,,,,,p.214,p.215,,,,,,,,,,,,,,,,,,,,,,,,,,,,,p.228,p.112,p.113,,,,p.229,p.230,,p.231,,,,p.232,p.233,,p.234,p.235,,,,,,,,,p.237,,,p.238,p.239,p.1750,,,p.241,,p.242,,p.243,,,,,p.244,,,,p.245,p.246,p.247,,,,,p.248,p.249,p.250,,p.251,,,,p.253,,,,,,,,,,,,p.260,p.261
1749,p.98,p.99,p.100,,,,,,,,,,,,,p.1145,,p.1146,p.1268,,,,p.1270,,,,p.1148,,,,p.1149,p.1298,,p.1151,p.1272,p.1273,p.1274,p.1275,p.1276,p.1277,p.1278,p.1279,p.1280,,,p.108,,,,,,p.1152,p.1153,,,,,p.1281,,p.1282,,,,,,,,,,,,,,,,,,,,,,p.1154,p.112,p.113,,,,p.998,p.999,,p.1283,,,,p.1000,p.1156,p.1286,p.1157,p.1158,,,,,,,,,p.1159,,,p.1006,p.1007,p.1289,p.1290,,p.1160,,p.1291,,p.1010,,,,,p.1163,p.1292,p.1293,p.1294,p.1012,p.1013,p.1014,,,,,p.1164,p.1165,p.1017,p.1295,p.1018,,p.1753,,p.1166,,,,,,,,,,,,p.1167,p.1168
1750,,,,p.270,,,,,,,,,,,,,p.1751,,,,,,,,,,,,,,,,,,,,,,,,,,,,,,,,,,,,,,,,,,,,,,,,,,,,,,,,,,,,,,,,,,,,,,,,,,,,,,,,,,,,,,,,,,,,,,,,,,,,,,,,,,,,,,,,,,,,,,,,,,,,,,,,,,,,,,,,,,,,
1751,p.98,p.99,p.100,,,,,,,,,,,,,p.1145,,p.1146,p.1268,,,,p.1270,,,,p.1148,,,,p.1149,p.1298,,p.1151,p.1272,p.1273,p.1274,p.1275,p.1276,p.1277,p.1278,p.1279,p.1280,,,p.108,,,,,,p.1152,p.1153,,,,,p.1281,,p.1282,,,,,,,,,,,,,,,,,,,,,,p.1154,p.112,p.113,,,,p.998,p.999,,p.1283,,,,p.1000,p.1156,p.1286,p.1157,p.1158,,,,,,,,,p.1159,,,p.1006,p.1007,p.1289,p.1290,,p.1160,,p.1291,,p.1010,,,,,p.1163,p.1292,p.1293,p.1294,p.1012,p.1013,p.1014,,,,,p.1164,p.1165,p.1017,p.1295,p.1018,,p.1752,,p.1166,,,,,,,,,,,,p.1167,p.1168
1752,r.-41.9.0,r.-41.9.0,r.-41.9.0,,,,,,,,,,,,,r.-41.9.0,,r.-41.9.0,r.-41.9.0,r.-41.9.0,,,r.-41.9.0,,,r.-41.9.0,r.-41.9.0,,,,r.-41.9.0,r.-41.9.0,,r.-41.9.0,r.-41.9.0,r.-41.9.0,r.-41.9.0,r.-41.9.0,r.-41.9.0,r.-41.9.0,r.-41.9.0,r.-41.9.0,r.-41.9.0,,,r.-41.9.0,,,,,,r.-41.9.0,r.-41.9.0,,,,,r.-41.9.0,,r.-41.9.0,,,r.-41.9.0,r.-41.9.0,r.-41.9.0,r.-41.9.0,r.-41.9.0,r.-41.9.0,r.-41.9.0,r.-41.9.0,r.-41.9.0,r.-41.9.0,r.-41.9.0,r.-41.9.0,r.-41.9.0,r.-41.9.0,r.-41.9.0,r.-41.9.0,r.-41.9.0,r.-41.9.0,r.-41.9.0,r.-41.9.0,r.-41.9.0,r.-41.9.0,,,,,,,,,,,,,,,,,,,,,,,,,,,,,,,,,,,,,,,,,,,,,,,,,,,,,,,,,,,,,,,,,,,,,,,,,
1753,r.-41.8.0,r.-41.8.0,r.-41.8.0,,,,,,,,,,,,,r.-41.8.0,,r.-41.8.0,r.-41.8.0,r.-41.8.0,,,r.-41.8.0,,,r.-41.8.0,r.-41.8.0,,,,r.-41.8.0,r.-41.8.0,,r.-41.8.0,r.-41.8.0,r.-41.8.0,r.-41.8.0,r.-41.8.0,r.-41.8.0,r.-41.8.0,r.-41.8.0,r.-41.8.0,r.-41.8.0,,,r.-41.8.0,,,,,,r.-41.8.0,r.-41.8.0,,,,,r.-41.8.0,,r.-41.8.0,,,r.-41.8.0,r.-41.8.0,r.-41.8.0,r.-41.8.0,r.-41.8.0,r.-41.8.0,r.-41.8.0,r.-41.8.0,r.-41.8.0,r.-41.8.0,r.-41.8.0,r.-41.8.0,r.-41.8.0,r.-41.8.0,r.-41.8.0,r.-41.8.0,r.-41.8.0,r.-41.8.0,r.-41.8.0,r.-41.8.0,r.-41.8.0,r.-41.8.0,,,,,,,,,,,,,,,,,,,,,,,,,,,,,,,,,,,,,,,,,,,,,,,,,,,,,,,,,,,,,,,,,,,,,,,,,
1754,p.98,p.99,p.100,,,,,,,,,,,,,p.1145,,p.1146,p.1268,,,,p.1270,,,,p.1148,,,,p.1149,p.1298,,p.1151,p.1272,p.1273,p.1274,p.1275,p.1276,p.1277,p.1278,p.1279,p.1280,,,p.108,,,,,,p.1152,p.1153,,,,,p.1281,,p.1282,,,,,,,,,,,,,,,,,,,,,,p.1154,p.112,p.113,,,,p.998,p.999,,p.1283,,,,p.1000,p.1156,p.1286,p.1157,p.1158,,,,,,,,,p.1159,,,p.1006,p.1007,p.1289,p.1290,,p.1160,,p.1291,,p.1010,,,,,p.1163,p.1292,p.1293,p.1294,p.1012,p.1013,p.1014,,,,,p.1164,p.1165,p.1017,p.1295,p.1018,,p.1758,,p.1166,,,,,,,,,,,,p.1167,p.1168
1755,,,,p.270,,,,,,,,,,,,,p.1756,,,,,,,,,,,,,,,,,,,,,,,,,,,,,,,,,,,,,,,,,,,,,,,,,,,,,,,,,,,,,,,,,,,,,,,,,,,,,,,,,,,,,,,,,,,,,,,,,,,,,,,,,,,,,,,,,,,,,,,,,,,,,,,,,,,,,,,,,,,,
1756,p.98,p.99,p.100,,,,,,,,,,,,,p.1145,,p.1146,p.1268,,,,p.1270,,,,p.1148,,,,p.1149,p.1298,,p.1151,p.1272,p.1273,p.1274,p.1275,p.1276,p.1277,p.1278,p.1279,p.1280,,,p.108,,,,,,p.1152,p.1153,,,,,p.1281,,p.1282,,,,,,,,,,,,,,,,,,,,,,p.1154,p.112,p.113,,,,p.998,p.999,,p.1283,,,,p.1000,p.1156,p.1286,p.1157,p.1158,,,,,,,,,p.1159,,,p.1006,p.1007,p.1289,p.1290,,p.1160,,p.1291,,p.1010,,,,,p.1163,p.1292,p.1293,p.1294,p.1012,p.1013,p.1014,,,,,p.1164,p.1165,p.1017,p.1295,p.1018,,p.1757,,p.1166,,,,,,,,,,,,p.1167,p.1168
1757,r.-41.8.0,r.-41.8.0,r.-41.8.0,,,,,,,,,,,,,r.-41.8.0,,r.-41.8.0,r.-41.8.0,r.-41.8.0,,,r.-41.8.0,,,r.-41.8.0,r.-41.8.0,,,,r.-41.8.0,r.-41.8.0,,r.-41.8.0,r.-41.8.0,r.-41.8.0,r.-41.8.0,r.-41.8.0,r.-41.8.0,r.-41.8.0,r.-41.8.0,r.-41.8.0,r.-41.8.0,,,r.-41.8.0,,,,,,r.-41.8.0,r.-41.8.0,,,,,r.-41.8.0,,r.-41.8.0,,,r.-41.8.0,r.-41.8.0,r.-41.8.0,r.-41.8.0,r.-41.8.0,r.-41.8.0,r.-41.8.0,r.-41.8.0,r.-41.8.0,r.-41.8.0,r.-41.8.0,r.-41.8.0,r.-41.8.0,r.-41.8.0,r.-41.8.0,r.-41.8.0,r.-41.8.0,r.-41.8.0,r.-41.8.0,r.-41.8.0,r.-41.8.0,r.-41.8.0,,,,,,,,,,,,,,,,,,,,,,,,,,,,,,,,,,,,,,,,,,,,,,,,,,,,,,,,,,,,,,,,,,,,,,,,,
1758,r.-41.7.0,r.-41.7.0,r.-41.7.0,,,,,,,,,,,,,r.-41.7.0,,r.-41.7.0,r.-41.7.0,r.-41.7.0,,,r.-41.7.0,,,r.-41.7.0,r.-41.7.0,,,,r.-41.7.0,r.-41.7.0,,r.-41.7.0,r.-41.7.0,r.-41.7.0,r.-41.7.0,r.-41.7.0,r.-41.7.0,r.-41.7.0,r.-41.7.0,r.-41.7.0,r.-41.7.0,,,r.-41.7.0,,,,,,r.-41.7.0,r.-41.7.0,,,,,r.-41.7.0,,r.-41.7.0,,,r.-41.7.0,r.-41.7.0,r.-41.7.0,r.-41.7.0,r.-41.7.0,r.-41.7.0,r.-41.7.0,r.-41.7.0,r.-41.7.0,r.-41.7.0,r.-41.7.0,r.-41.7.0,r.-41.7.0,r.-41.7.0,r.-41.7.0,r.-41.7.0,r.-41.7.0,r.-41.7.0,r.-41.7.0,r.-41.7.0,r.-41.7.0,r.-41.7.0,,,,,,,,,,,,,,,,,,,,,,,,,,,,,,,,,,,,,,,,,,,,,,,,,,,,,,,,,,,,,,,,,,,,,,,,,
1759,p.98,p.99,p.100,,,,,,,,,,,,,p.207,p.1767,p.208,,,,,,,,,p.210,,,,p.211,p.263,,p.213,,,,,,,,,,,,p.108,,,,,,p.214,p.215,,,,,,,,,,,,,,,,,,,,,,,,,,,,,p.228,p.112,p.113,,,,p.229,p.230,,p.231,,,,p.232,p.233,,p.234,p.235,,,,,,,,,p.237,,,p.238,p.239,p.1768,,,p.241,,p.242,,p.243,,,,,p.244,,,,p.245,p.246,p.247,,,,,p.248,p.249,p.250,,p.251,,,,p.253,,,,,,,,,,,,p.260,p.261
1760,,,,p.1300,,,,,,,,,,,,,,,,,,,p.1761,,,,,,,,,,,,,,,,,,,,,,,,,,,,,,,,,,,,,,,,,,,,,,,,,,,,,,,,,,,,,,,,,,,,,,,,,,,,,,,,,,,,,,,,,,,,,,,,,,,,,,,,,,,,,,,,,,,,,,,,,,,,,,,,,,,,,,
1761,p.98,p.99,p.100,,,,,,,,,,,,,p.207,p.1762,p.208,,,,,,,,,p.210,,,,p.211,p.263,,p.213,,,,,,,,,,,,p.108,,,,,,p.214,p.215,,,,,,,,,,,,,,,,,,,,,,,,,,,,,p.228,p.112,p.113,,,,p.229,p.230,,p.231,,,,p.232,p.233,,p.234,p.235,,,,,,,,,p.237,,,p.238,p.239,p.1763,,,p.241,,p.242,,p.243,,,,,p.244,,,,p.245,p.246,p.247,,,,,p.248,p.249,p.250,,p.251,,,,p.253,,,,,,,,,,,,p.260,p.261
1762,p.98,p.99,p.100,,,,,,,,,,,,,p.1145,,p.1146,p.1268,,,,p.1270,,,,p.1148,,,,p.1149,p.1298,,p.1151,p.1272,p.1273,p.1274,p.1275,p.1276,p.1277,p.1278,p.1279,p.1280,,,p.108,,,,,,p.1152,p.1153,,,,,p.1281,,p.1282,,,,,,,,,,,,,,,,,,,,,,p.1154,p.112,p.113,,,,p.998,p.999,,p.1283,,,,p.1000,p.1156,p.1286,p.1157,p.1158,,,,,,,,,p.1159,,,p.1006,p.1007,p.1289,p.1290,,p.1160,,p.1291,,p.1010,,,,,p.1163,p.1292,p.1293,p.1294,p.1012,p.1013,p.1014,,,,,p.1164,p.1165,p.1017,p.1295,p.1018,,p.1766,,p.1166,,,,,,,,,,,,p.1167,p.1168
1763,,,,p.270,,,,,,,,,,,,,p.1764,,,,,,,,,,,,,,,,,,,,,,,,,,,,,,,,,,,,,,,,,,,,,,,,,,,,,,,,,,,,,,,,,,,,,,,,,,,,,,,,,,,,,,,,,,,,,,,,,,,,,,,,,,,,,,,,,,,,,,,,,,,,,,,,,,,,,,,,,,,,
1764,p.98,p.99,p.100,,,,,,,,,,,,,p.1145,,p.1146,p.1268,,,,p.1270,,,,p.1148,,,,p.1149,p.1298,,p.1151,p.1272,p.1273,p.1274,p.1275,p.1276,p.1277,p.1278,p.1279,p.1280,,,p.108,,,,,,p.1152,p.1153,,,,,p.1281,,p.1282,,,,,,,,,,,,,,,,,,,,,,p.1154,p.112,p.113,,,,p.998,p.999,,p.1283,,,,p.1000,p.1156,p.1286,p.1157,p.1158,,,,,,,,,p.1159,,,p.1006,p.1007,p.1289,p.1290,,p.1160,,p.1291,,p.1010,,,,,p.1163,p.1292,p.1293,p.1294,p.1012,p.1013,p.1014,,,,,p.1164,p.1165,p.1017,p.1295,p.1018,,p.1765,,p.1166,,,,,,,,,,,,p.1167,p.1168
1765,r.-41.8.0,r.-41.8.0,r.-41.8.0,,,,,,,,,,,,,r.-41.8.0,,r.-41.8.0,r.-41.8.0,r.-41.8.0,,,r.-41.8.0,,,r.-41.8.0,r.-41.8.0,,,,r.-41.8.0,r.-41.8.0,,r.-41.8.0,r.-41.8.0,r.-41.8.0,r.-41.8.0,r.-41.8.0,r.-41.8.0,r.-41.8.0,r.-41.8.0,r.-41.8.0,r.-41.8.0,,,r.-41.8.0,,,,,,r.-41.8.0,r.-41.8.0,,,,,r.-41.8.0,,r.-41.8.0,,,r.-41.8.0,r.-41.8.0,r.-41.8.0,r.-41.8.0,r.-41.8.0,r.-41.8.0,r.-41.8.0,r.-41.8.0,r.-41.8.0,r.-41.8.0,r.-41.8.0,r.-41.8.0,r.-41.8.0,r.-41.8.0,r.-41.8.0,r.-41.8.0,r.-41.8.0,r.-41.8.0,r.-41.8.0,r.-41.8.0,r.-41.8.0,r.-41.8.0,,,,,,,,,,,,,,,,,,,,,,,,,,,,,,,,,,,,,,,,,,,,,,,,,,,,,,,,,,,,,,,,,,,,,,,,,
1766,r.-41.7.0,r.-41.7.0,r.-41.7.0,,,,,,,,,,,,,r.-41.7.0,,r.-41.7.0,r.-41.7.0,r.-41.7.0,,,r.-41.7.0,,,r.-41.7.0,r.-41.7.0,,,,r.-41.7.0,r.-41.7.0,,r.-41.7.0,r.-41.7.0,r.-41.7.0,r.-41.7.0,r.-41.7.0,r.-41.7.0,r.-41.7.0,r.-41.7.0,r.-41.7.0,r.-41.7.0,,,r.-41.7.0,,,,,,r.-41.7.0,r.-41.7.0,,,,,r.-41.7.0,,r.-41.7.0,,,r.-41.7.0,r.-41.7.0,r.-41.7.0,r.-41.7.0,r.-41.7.0,r.-41.7.0,r.-41.7.0,r.-41.7.0,r.-41.7.0,r.-41.7.0,r.-41.7.0,r.-41.7.0,r.-41.7.0,r.-41.7.0,r.-41.7.0,r.-41.7.0,r.-41.7.0,r.-41.7.0,r.-41.7.0,r.-41.7.0,r.-41.7.0,r.-41.7.0,,,,,,,,,,,,,,,,,,,,,,,,,,,,,,,,,,,,,,,,,,,,,,,,,,,,,,,,,,,,,,,,,,,,,,,,,
1767,p.98,p.99,p.100,,,,,,,,,,,,,p.1145,,p.1146,p.1268,,,,p.1270,,,,p.1148,,,,p.1149,p.1298,,p.1151,p.1272,p.1273,p.1274,p.1275,p.1276,p.1277,p.1278,p.1279,p.1280,,,p.108,,,,,,p.1152,p.1153,,,,,p.1281,,p.1282,,,,,,,,,,,,,,,,,,,,,,p.1154,p.112,p.113,,,,p.998,p.999,,p.1283,,,,p.1000,p.1156,p.1286,p.1157,p.1158,,,,,,,,,p.1159,,,p.1006,p.1007,p.1289,p.1290,,p.1160,,p.1291,,p.1010,,,,,p.1163,p.1292,p.1293,p.1294,p.1012,p.1013,p.1014,,,,,p.1164,p.1165,p.1017,p.1295,p.1018,,p.1771,,p.1166,,,,,,,,,,,,p.1167,p.1168
1768,,,,p.270,,,,,,,,,,,,,p.1769,,,,,,,,,,,,,,,,,,,,,,,,,,,,,,,,,,,,,,,,,,,,,,,,,,,,,,,,,,,,,,,,,,,,,,,,,,,,,,,,,,,,,,,,,,,,,,,,,,,,,,,,,,,,,,,,,,,,,,,,,,,,,,,,,,,,,,,,,,,,
1769,p.98,p.99,p.100,,,,,,,,,,,,,p.1145,,p.1146,p.1268,,,,p.1270,,,,p.1148,,,,p.1149,p.1298,,p.1151,p.1272,p.1273,p.1274,p.1275,p.1276,p.1277,p.1278,p.1279,p.1280,,,p.108,,,,,,p.1152,p.1153,,,,,p.1281,,p.1282,,,,,,,,,,,,,,,,,,,,,,p.1154,p.112,p.113,,,,p.998,p.999,,p.1283,,,,p.1000,p.1156,p.1286,p.1157,p.1158,,,,,,,,,p.1159,,,p.1006,p.1007,p.1289,p.1290,,p.1160,,p.1291,,p.1010,,,,,p.1163,p.1292,p.1293,p.1294,p.1012,p.1013,p.1014,,,,,p.1164,p.1165,p.1017,p.1295,p.1018,,p.1770,,p.1166,,,,,,,,,,,,p.1167,p.1168
1770,r.-41.7.0,r.-41.7.0,r.-41.7.0,,,,,,,,,,,,,r.-41.7.0,,r.-41.7.0,r.-41.7.0,r.-41.7.0,,,r.-41.7.0,,,r.-41.7.0,r.-41.7.0,,,,r.-41.7.0,r.-41.7.0,,r.-41.7.0,r.-41.7.0,r.-41.7.0,r.-41.7.0,r.-41.7.0,r.-41.7.0,r.-41.7.0,r.-41.7.0,r.-41.7.0,r.-41.7.0,,,r.-41.7.0,,,,,,r.-41.7.0,r.-41.7.0,,,,,r.-41.7.0,,r.-41.7.0,,,r.-41.7.0,r.-41.7.0,r.-41.7.0,r.-41.7.0,r.-41.7.0,r.-41.7.0,r.-41.7.0,r.-41.7.0,r.-41.7.0,r.-41.7.0,r.-41.7.0,r.-41.7.0,r.-41.7.0,r.-41.7.0,r.-41.7.0,r.-41.7.0,r.-41.7.0,r.-41.7.0,r.-41.7.0,r.-41.7.0,r.-41.7.0,r.-41.7.0,,,,,,,,,,,,,,,,,,,,,,,,,,,,,,,,,,,,,,,,,,,,,,,,,,,,,,,,,,,,,,,,,,,,,,,,,
1771,r.-41.6.0,r.-41.6.0,r.-41.6.0,,,,,,,,,,,,,r.-41.6.0,,r.-41.6.0,r.-41.6.0,r.-41.6.0,,,r.-41.6.0,,,r.-41.6.0,r.-41.6.0,,,,r.-41.6.0,r.-41.6.0,,r.-41.6.0,r.-41.6.0,r.-41.6.0,r.-41.6.0,r.-41.6.0,r.-41.6.0,r.-41.6.0,r.-41.6.0,r.-41.6.0,r.-41.6.0,,,r.-41.6.0,,,,,,r.-41.6.0,r.-41.6.0,,,,,r.-41.6.0,,r.-41.6.0,,,r.-41.6.0,r.-41.6.0,r.-41.6.0,r.-41.6.0,r.-41.6.0,r.-41.6.0,r.-41.6.0,r.-41.6.0,r.-41.6.0,r.-41.6.0,r.-41.6.0,r.-41.6.0,r.-41.6.0,r.-41.6.0,r.-41.6.0,r.-41.6.0,r.-41.6.0,r.-41.6.0,r.-41.6.0,r.-41.6.0,r.-41.6.0,r.-41.6.0,,,,,,,,,,,,,,,,,,,,,,,,,,,,,,,,,,,,,,,,,,,,,,,,,,,,,,,,,,,,,,,,,,,,,,,,,
1772,p.98,p.99,p.100,,,,,,,,,,,,,p.207,p.1780,p.208,,,,,,,,,p.210,,,,p.211,p.263,,p.213,,,,,,,,,,,,p.108,,,,,,p.214,p.215,,,,,,,,,,,,,,,,,,,,,,,,,,,,,p.228,p.112,p.113,,,,p.229,p.230,,p.231,,,,p.232,p.233,,p.234,p.235,,,,,,,,,p.237,,,p.238,p.239,p.1781,,,p.241,,p.242,,p.243,,,,,p.244,,,,p.245,p.246,p.247,,,,,p.248,p.249,p.250,,p.251,,,,p.253,,,,,,,,,,,,p.260,p.261
1773,,,,p.1300,,,,,,,,,,,,,,,,,,,p.1774,,,,,,,,,,,,,,,,,,,,,,,,,,,,,,,,,,,,,,,,,,,,,,,,,,,,,,,,,,,,,,,,,,,,,,,,,,,,,,,,,,,,,,,,,,,,,,,,,,,,,,,,,,,,,,,,,,,,,,,,,,,,,,,,,,,,,,
1774,p.98,p.99,p.100,,,,,,,,,,,,,p.207,p.1775,p.208,,,,,,,,,p.210,,,,p.211,p.263,,p.213,,,,,,,,,,,,p.108,,,,,,p.214,p.215,,,,,,,,,,,,,,,,,,,,,,,,,,,,,p.228,p.112,p.113,,,,p.229,p.230,,p.231,,,,p.232,p.233,,p.234,p.235,,,,,,,,,p.237,,,p.238,p.239,p.1776,,,p.241,,p.242,,p.243,,,,,p.244,,,,p.245,p.246,p.247,,,,,p.248,p.249,p.250,,p.251,,,,p.253,,,,,,,,,,,,p.260,p.261
1775,p.98,p.99,p.100,,,,,,,,,,,,,p.1145,,p.1146,p.1268,,,,p.1270,,,,p.1148,,,,p.1149,p.1298,,p.1151,p.1272,p.1273,p.1274,p.1275,p.1276,p.1277,p.1278,p.1279,p.1280,,,p.108,,,,,,p.1152,p.1153,,,,,p.1281,,p.1282,,,,,,,,,,,,,,,,,,,,,,p.1154,p.112,p.113,,,,p.998,p.999,,p.1283,,,,p.1000,p.1156,p.1286,p.1157,p.1158,,,,,,,,,p.1159,,,p.1006,p.1007,p.1289,p.1290,,p.1160,,p.1291,,p.1010,,,,,p.1163,p.1292,p.1293,p.1294,p.1012,p.1013,p.1014,,,,,p.1164,p.1165,p.1017,p.1295,p.1018,,p.1779,,p.1166,,,,,,,,,,,,p.1167,p.1168
1776,,,,p.270,,,,,,,,,,,,,p.1777,,,,,,,,,,,,,,,,,,,,,,,,,,,,,,,,,,,,,,,,,,,,,,,,,,,,,,,,,,,,,,,,,,,,,,,,,,,,,,,,,,,,,,,,,,,,,,,,,,,,,,,,,,,,,,,,,,,,,,,,,,,,,,,,,,,,,,,,,,,,
1777,p.98,p.99,p.100,,,,,,,,,,,,,p.1145,,p.1146,p.1268,,,,p.1270,,,,p.1148,,,,p.1149,p.1298,,p.1151,p.1272,p.1273,p.1274,p.1275,p.1276,p.1277,p.1278,p.1279,p.1280,,,p.108,,,,,,p.1152,p.1153,,,,,p.1281,,p.1282,,,,,,,,,,,,,,,,,,,,,,p.1154,p.112,p.113,,,,p.998,p.999,,p.1283,,,,p.1000,p.1156,p.1286,p.1157,p.1158,,,,,,,,,p.1159,,,p.1006,p.1007,p.1289,p.1290,,p.1160,,p.1291,,p.1010,,,,,p.1163,p.1292,p.1293,p.1294,p.1012,p.1013,p.1014,,,,,p.1164,p.1165,p.1017,p.1295,p.1018,,p.1778,,p.1166,,,,,,,,,,,,p.1167,p.1168
1778,r.-41.8.0,r.-41.8.0,r.-41.8.0,,,,,,,,,,,,,r.-41.8.0,,r.-41.8.0,r.-41.8.0,r.-41.8.0,,,r.-41.8.0,,,r.-41.8.0,r.-41.8.0,,,,r.-41.8.0,r.-41.8.0,,r.-41.8.0,r.-41.8.0,r.-41.8.0,r.-41.8.0,r.-41.8.0,r.-41.8.0,r.-41.8.0,r.-41.8.0,r.-41.8.0,r.-41.8.0,,,r.-41.8.0,,,,,,r.-41.8.0,r.-41.8.0,,,,,r.-41.8.0,,r.-41.8.0,,,r.-41.8.0,r.-41.8.0,r.-41.8.0,r.-41.8.0,r.-41.8.0,r.-41.8.0,r.-41.8.0,r.-41.8.0,r.-41.8.0,r.-41.8.0,r.-41.8.0,r.-41.8.0,r.-41.8.0,r.-41.8.0,r.-41.8.0,r.-41.8.0,r.-41.8.0,r.-41.8.0,r.-41.8.0,r.-41.8.0,r.-41.8.0,r.-41.8.0,,,,,,,,,,,,,,,,,,,,,,,,,,,,,,,,,,,,,,,,,,,,,,,,,,,,,,,,,,,,,,,,,,,,,,,,,
1779,r.-41.7.0,r.-41.7.0,r.-41.7.0,,,,,,,,,,,,,r.-41.7.0,,r.-41.7.0,r.-41.7.0,r.-41.7.0,,,r.-41.7.0,,,r.-41.7.0,r.-41.7.0,,,,r.-41.7.0,r.-41.7.0,,r.-41.7.0,r.-41.7.0,r.-41.7.0,r.-41.7.0,r.-41.7.0,r.-41.7.0,r.-41.7.0,r.-41.7.0,r.-41.7.0,r.-41.7.0,,,r.-41.7.0,,,,,,r.-41.7.0,r.-41.7.0,,,,,r.-41.7.0,,r.-41.7.0,,,r.-41.7.0,r.-41.7.0,r.-41.7.0,r.-41.7.0,r.-41.7.0,r.-41.7.0,r.-41.7.0,r.-41.7.0,r.-41.7.0,r.-41.7.0,r.-41.7.0,r.-41.7.0,r.-41.7.0,r.-41.7.0,r.-41.7.0,r.-41.7.0,r.-41.7.0,r.-41.7.0,r.-41.7.0,r.-41.7.0,r.-41.7.0,r.-41.7.0,,,,,,,,,,,,,,,,,,,,,,,,,,,,,,,,,,,,,,,,,,,,,,,,,,,,,,,,,,,,,,,,,,,,,,,,,
1780,p.98,p.99,p.100,,,,,,,,,,,,,p.1145,,p.1146,p.1268,,,,p.1270,,,,p.1148,,,,p.1149,p.1298,,p.1151,p.1272,p.1273,p.1274,p.1275,p.1276,p.1277,p.1278,p.1279,p.1280,,,p.108,,,,,,p.1152,p.1153,,,,,p.1281,,p.1282,,,,,,,,,,,,,,,,,,,,,,p.1154,p.112,p.113,,,,p.998,p.999,,p.1283,,,,p.1000,p.1156,p.1286,p.1157,p.1158,,,,,,,,,p.1159,,,p.1006,p.1007,p.1289,p.1290,,p.1160,,p.1291,,p.1010,,,,,p.1163,p.1292,p.1293,p.1294,p.1012,p.1013,p.1014,,,,,p.1164,p.1165,p.1017,p.1295,p.1018,,p.1784,,p.1166,,,,,,,,,,,,p.1167,p.1168
1781,,,,p.270,,,,,,,,,,,,,p.1782,,,,,,,,,,,,,,,,,,,,,,,,,,,,,,,,,,,,,,,,,,,,,,,,,,,,,,,,,,,,,,,,,,,,,,,,,,,,,,,,,,,,,,,,,,,,,,,,,,,,,,,,,,,,,,,,,,,,,,,,,,,,,,,,,,,,,,,,,,,,
1782,p.98,p.99,p.100,,,,,,,,,,,,,p.1145,,p.1146,p.1268,,,,p.1270,,,,p.1148,,,,p.1149,p.1298,,p.1151,p.1272,p.1273,p.1274,p.1275,p.1276,p.1277,p.1278,p.1279,p.1280,,,p.108,,,,,,p.1152,p.1153,,,,,p.1281,,p.1282,,,,,,,,,,,,,,,,,,,,,,p.1154,p.112,p.113,,,,p.998,p.999,,p.1283,,,,p.1000,p.1156,p.1286,p.1157,p.1158,,,,,,,,,p.1159,,,p.1006,p.1007,p.1289,p.1290,,p.1160,,p.1291,,p.1010,,,,,p.1163,p.1292,p.1293,p.1294,p.1012,p.1013,p.1014,,,,,p.1164,p.1165,p.1017,p.1295,p.1018,,p.1783,,p.1166,,,,,,,,,,,,p.1167,p.1168
1783,r.-41.7.0,r.-41.7.0,r.-41.7.0,,,,,,,,,,,,,r.-41.7.0,,r.-41.7.0,r.-41.7.0,r.-41.7.0,,,r.-41.7.0,,,r.-41.7.0,r.-41.7.0,,,,r.-41.7.0,r.-41.7.0,,r.-41.7.0,r.-41.7.0,r.-41.7.0,r.-41.7.0,r.-41.7.0,r.-41.7.0,r.-41.7.0,r.-41.7.0,r.-41.7.0,r.-41.7.0,,,r.-41.7.0,,,,,,r.-41.7.0,r.-41.7.0,,,,,r.-41.7.0,,r.-41.7.0,,,r.-41.7.0,r.-41.7.0,r.-41.7.0,r.-41.7.0,r.-41.7.0,r.-41.7.0,r.-41.7.0,r.-41.7.0,r.-41.7.0,r.-41.7.0,r.-41.7.0,r.-41.7.0,r.-41.7.0,r.-41.7.0,r.-41.7.0,r.-41.7.0,r.-41.7.0,r.-41.7.0,r.-41.7.0,r.-41.7.0,r.-41.7.0,r.-41.7.0,,,,,,,,,,,,,,,,,,,,,,,,,,,,,,,,,,,,,,,,,,,,,,,,,,,,,,,,,,,,,,,,,,,,,,,,,
1784,r.-41.6.0,r.-41.6.0,r.-41.6.0,,,,,,,,,,,,,r.-41.6.0,,r.-41.6.0,r.-41.6.0,r.-41.6.0,,,r.-41.6.0,,,r.-41.6.0,r.-41.6.0,,,,r.-41.6.0,r.-41.6.0,,r.-41.6.0,r.-41.6.0,r.-41.6.0,r.-41.6.0,r.-41.6.0,r.-41.6.0,r.-41.6.0,r.-41.6.0,r.-41.6.0,r.-41.6.0,,,r.-41.6.0,,,,,,r.-41.6.0,r.-41.6.0,,,,,r.-41.6.0,,r.-41.6.0,,,r.-41.6.0,r.-41.6.0,r.-41.6.0,r.-41.6.0,r.-41.6.0,r.-41.6.0,r.-41.6.0,r.-41.6.0,r.-41.6.0,r.-41.6.0,r.-41.6.0,r.-41.6.0,r.-41.6.0,r.-41.6.0,r.-41.6.0,r.-41.6.0,r.-41.6.0,r.-41.6.0,r.-41.6.0,r.-41.6.0,r.-41.6.0,r.-41.6.0,,,,,,,,,,,,,,,,,,,,,,,,,,,,,,,,,,,,,,,,,,,,,,,,,,,,,,,,,,,,,,,,,,,,,,,,,
1785,,,,,,,,,,,,,,,,,,,,,,,,,,,,,,,,,,,p.1786,,,,,,,,,,,,,,,,,,,,,,,,,,,,,,,,,,,,,,,,,,,,,,,,,,,,,,,,,,,,,,,,,,,,,,,,,,,,,,,,,,,,,,,,,,,,,,,,,,,,,,,,,,,,,,,,,,,,,,,,,,
1786,,,,,,,,,,,,,,,,p.1787,,,,,,,,,,,,,,,,,,,,,,,,,,,,,,,,,,,,,,,,,,,,,,,,,,,,,,,,,,,,,,,,,,,,,,,,,,,,,,,,,,,,,,,,,,,,,,,,,,,,,,,,,,,,,,,,,,,,,,,,,,,,,,,,,,,,,,,,,,,,,
1787,p.98,p.99,p.100,,,,,,,,,,,,,p.207,,p.208,,,,,,,,,p.210,,,,p.211,p.263,,p.213,,,,,,,,,,,,p.108,,,,,,p.214,p.215,,,,,,,,,,,,,,,,,,,,,,,,,,,,,p.228,p.112,p.113,,,,p.229,p.230,,p.231,,,,p.232,p.233,,p.234,p.235,,,,,,,,,p.237,,,p.238,p.239,p.1788,,,p.241,,p.242,,p.243,,,,,p.244,,,,p.245,p.246,p.247,,,,,p.248,p.249,p.250,,p.251,,,,p.253,,,,,,,,,,,,p.260,p.261
1788,,,,p.270,,,,,,,,,,,,,p.1789,,,,,,,,,,,,,,,,,,,,,,,,,,,,,,,,,,,,,,,,,,,,,,,,,,,,,,,,,,,,,,,,,,,,,,,,,,,,,,,,,,,,,,,,,,,,,,,,,,,,,,,,,,,,,,,,,,,,,,,,,,,,,,,,,,,,,,,,,,,,
1789,r.-41.6.0,r.-41.6.0,r.-41.6.0,,,,,,,,,,,,,r.-41.6.0,,r.-41.6.0,r.-41.6.0,r.-41.6.0,,,r.-41.6.0,,,r.-41.6.0,r.-41.6.0,,,,r.-41.6.0,r.-41.6.0,,r.-41.6.0,r.-41.6.0,r.-41.6.0,r.-41.6.0,r.-41.6.0,r.-41.6.0,r.-41.6.0,r.-41.6.0,r.-41.6.0,r.-41.6.0,,,r.-41.6.0,,,,,,r.-41.6.0,r.-41.6.0,,,,,r.-41.6.0,,r.-41.6.0,,,r.-41.6.0,r.-41.6.0,r.-41.6.0,r.-41.6.0,r.-41.6.0,r.-41.6.0,r.-41.6.0,r.-41.6.0,r.-41.6.0,r.-41.6.0,r.-41.6.0,r.-41.6.0,r.-41.6.0,r.-41.6.0,r.-41.6.0,r.-41.6.0,r.-41.6.0,r.-41.6.0,r.-41.6.0,r.-41.6.0,r.-41.6.0,r.-41.6.0,,,,,,,,,,,,,,,,,,,,,,,,,,,,,,,,,,,,,,,,,,,,,,,,,,,,,,,,,,,,,,,,,,,,,,,,,
1790,p.98,p.99,p.100,,,,,,,,,,,,,p.207,,p.208,,,,,,,,,p.210,,,,p.211,p.263,,p.213,,,,,,,,,,,,p.108,,,,,,p.214,p.215,,,,,,,,,,,,,,,,,,,,,,,,,,,,,p.228,p.112,p.113,,,,p.229,p.230,,p.231,,,,p.232,p.233,,p.234,p.235,,,,,,,,,p.237,,,p.238,p.239,p.1791,,,p.241,,p.242,,p.243,,,,,p.244,,,,p.245,p.246,p.247,,,,,p.248,p.249,p.250,,p.251,,,,p.253,,,,,,,,,,,,p.260,p.261
1791,,,,p.270,,,,,,,,,,,,,p.1792,,,,,,,,,,,,,,,,,,,,,,,,,,,,,,,,,,,,,,,,,,,,,,,,,,,,,,,,,,,,,,,,,,,,,,,,,,,,,,,,,,,,,,,,,,,,,,,,,,,,,,,,,,,,,,,,,,,,,,,,,,,,,,,,,,,,,,,,,,,,
1792,p.98,p.99,p.100,,,,,,,,,,,,,p.1145,,p.1146,p.1268,,,,p.1270,,,,p.1148,,,,p.1149,p.1298,,p.1151,p.1272,p.1273,p.1274,p.1275,p.1276,p.1277,p.1278,p.1279,p.1280,,,p.108,,,,,,p.1152,p.1153,,,,,p.1281,,p.1282,,,,,,,,,,,,,,,,,,,,,,p.1154,p.112,p.113,,,,p.998,p.999,,p.1283,,,,p.1000,p.1156,p.1286,p.1157,p.1158,,,,,,,,,p.1159,,,p.1006,p.1007,p.1289,p.1290,,p.1160,,p.1291,,p.1010,,,,,p.1163,p.1292,p.1293,p.1294,p.1012,p.1013,p.1014,,,,,p.1164,p.1165,p.1017,p.1295,p.1018,,p.1793,,p.1166,,,,,,,,,,,,p.1167,p.1168
1793,r.-41.5.0,r.-41.5.0,r.-41.5.0,,,,,,,,,,,,,r.-41.5.0,,r.-41.5.0,r.-41.5.0,r.-41.5.0,,,r.-41.5.0,,,r.-41.5.0,r.-41.5.0,,,,r.-41.5.0,r.-41.5.0,,r.-41.5.0,r.-41.5.0,r.-41.5.0,r.-41.5.0,r.-41.5.0,r.-41.5.0,r.-41.5.0,r.-41.5.0,r.-41.5.0,r.-41.5.0,,,r.-41.5.0,,,,,,r.-41.5.0,r.-41.5.0,,,,,r.-41.5.0,,r.-41.5.0,,,r.-41.5.0,r.-41.5.0,r.-41.5.0,r.-41.5.0,r.-41.5.0,r.-41.5.0,r.-41.5.0,r.-41.5.0,r.-41.5.0,r.-41.5.0,r.-41.5.0,r.-41.5.0,r.-41.5.0,r.-41.5.0,r.-41.5.0,r.-41.5.0,r.-41.5.0,r.-41.5.0,r.-41.5.0,r.-41.5.0,r.-41.5.0,r.-41.5.0,,,,,,,,,,,,,,,,,,,,,,,,,,,,,,,,,,,,,,,,,,,,,,,,,,,,,,,,,,,,,,,,,,,,,,,,,
1794,r.-12.2.0,r.-12.2.0,r.-12.2.0,,,,,,,,,,,,,r.-12.2.0,,r.-12.2.0,r.-12.2.0,r.-12.2.0,,,r.-12.2.0,,,r.-12.2.0,r.-12.2.0,,,,r.-12.2.0,r.-12.2.0,,r.-12.2.0,r.-12.2.0,r.-12.2.0,r.-12.2.0,r.-12.2.0,r.-12.2.0,r.-12.2.0,r.-12.2.0,r.-12.2.0,r.-12.2.0,,,r.-12.2.0,,,,,,r.-12.2.0,r.-12.2.0,,,,,r.-12.2.0,,r.-12.2.0,,,r.-12.2.0,r.-12.2.0,r.-12.2.0,r.-12.2.0,r.-12.2.0,r.-12.2.0,r.-12.2.0,r.-12.2.0,r.-12.2.0,r.-12.2.0,r.-12.2.0,r.-12.2.0,r.-12.2.0,r.-12.2.0,r.-12.2.0,r.-12.2.0,r.-12.2.0,r.-12.2.0,r.-12.2.0,r.-12.2.0,r.-12.2.0,r.-12.2.0,,,,,,,,,,,,,,,,,,,,,,,,,,,,,,,,,,,,,,,,,,,,,,,,,,,,,,,,,,,,,,,,,,,,,,,,,
1795,p.98,p.99,p.100,,,,,,,,,,,,,p.1145,,p.1146,p.1268,p.1796,,,p.1270,,,p.3,p.1148,,,,p.1149,p.1271,,p.1151,p.1272,p.1273,p.1274,p.1275,p.1276,p.1277,p.1278,p.1279,p.1280,,,p.108,,,,,,p.1152,p.1153,,,,,p.1281,,p.1282,,,p.6,p.7,p.8,p.9,p.10,p.11,p.12,p.13,p.14,p.15,p.16,p.17,p.18,p.19,p.20,p.21,p.22,p.23,p.24,p.1154,p.112,p.113,,,,p.998,p.999,,p.1283,,p.1307,,p.1000,p.1156,p.1286,p.1157,p.1158,,p.1287,,p.1288,,,,p.30,p.1159,,,p.1006,p.1007,p.1289,p.1290,,p.1160,,p.1291,,p.1010,,,,,p.1163,p.1292,p.1293,p.1294,p.1012,p.1013,p.1014,,,,,p.1164,p.1165,p.1017,p.1295,p.1018,,p.1296,p.35,p.1166,,,,,p.36,p.37,,p.38,,p.39,p.40,p.1167,p.1168
1796,r.-12.3.0,r.-12.3.0,r.-12.3.0,,,,,,,,,,,,,r.-12.3.0,,r.-12.3.0,r.-12.3.0,r.-12.3.0,,,r.-12.3.0,,,r.-12.3.0,r.-12.3.0,,,,r.-12.3.0,r.-12.3.0,,r.-12.3.0,r.-12.3.0,r.-12.3.0,r.-12.3.0,r.-12.3.0,r.-12.3.0,r.-12.3.0,r.-12.3.0,r.-12.3.0,r.-12.3.0,,,r.-12.3.0,,,,,,r.-12.3.0,r.-12.3.0,,,,,r.-12.3.0,,r.-12.3.0,,,r.-12.3.0,r.-12.3.0,r.-12.3.0,r.-12.3.0,r.-12.3.0,r.-12.3.0,r.-12.3.0,r.-12.3.0,r.-12.3.0,r.-12.3.0,r.-12.3.0,r.-12.3.0,r.-12.3.0,r.-12.3.0,r.-12.3.0,r.-12.3.0,r.-12.3.0,r.-12.3.0,r.-12.3.0,r.-12.3.0,r.-12.3.0,r.-12.3.0,,,,,,,,,,,,,,,,,,,,,,,,,,,,,,,,,,,,,,,,,,,,,,,,,,,,,,,,,,,,,,,,,,,,,,,,,
1797,,,,,,,,,,,,,,,,p.1090,,,,,,,,,,,,,,,,p.413,,,,,,,,,,,,,,p.5,,,,,,,,,,,,,,,,,,,,,,,,,,,,,,,,,,,,,,,,,,,,,,,,,,,,,,,,,,p.1820,,p.409,,,,,,,,,,,,p.410,,,,,,,,,,,,,,,,,p.1092,,,,,,,,,,,,,,,,,,,,,,
1798,,,,,,,,,,,,,,,,r.-16.2.0,,,,,,,r.-16.2.0,,,r.-16.2.0,,,,,,r.-16.2.0,,,,,,,,,,,,,,r.-16.2.0,,,,,,,,,,,,,,,,,r.-16.2.0,r.-16.2.0,r.-16.2.0,r.-16.2.0,r.-16.2.0,r.-16.2.0,r.-16.2.0,r.-16.2.0,r.-16.2.0,r.-16.2.0,r.-16.2.0,r.-16.2.0,r.-16.2.0,r.-16.2.0,r.-16.2.0,r.-16.2.0,r.-16.2.0,r.-16.2.0,r.-16.2.0,,,,r.-16.2.0,,,,,,,,,,,,,,,,,,,,,,,,,,,,,,,,,,,,,,,,,,,,,,,,,,,,,,,,,,,,,,,,,,,,,,,,
1799,,,,r.-33.1.0,r.-33.1.0,,,,,,,,,,,r.-33.1.0,,,r.-33.1.0,,,,r.-33.1.0,r.-33.1.0,,r.-33.1.0,,,,,,r.-33.1.0,,,,,,,,,,,,,,,,,,,,,,,,,,,,,,,r.-33.1.0,r.-33.1.0,r.-33.1.0,r.-33.1.0,r.-33.1.0,r.-33.1.0,r.-33.1.0,r.-33.1.0,r.-33.1.0,r.-33.1.0,r.-33.1.0,r.-33.1.0,r.-33.1.0,r.-33.1.0,r.-33.1.0,r.-33.1.0,r.-33.1.0,r.-33.1.0,r.-33.1.0,,,,,,,,,,,,,,,,,,,,,,,,,,,,,,,,,,,,,,,,,,,,,,,,,,,,,,,,,,,,,,,,,,,,,,,,,,,,
1800,,,,r.-36.1.0,p.1144,,,,,,,,,,,,,,p.1116,,,,r.-36.1.0,,,p.3,,,,,,p.41,,,,,,,,,,,,,,,,,,,,,,,,,,,,,,,p.6,p.7,p.8,p.9,p.10,p.11,p.12,p.13,p.14,p.15,p.16,p.17,p.18,p.19,p.20,p.21,p.22,p.23,p.24,,,,,,,,,,,,,,,,p.1817,,,,p.1118,p.1818,p.1120,,,,p.30,,,,,,,,,,,,,,,,,,,,,,,,,,,,,,,,,,,,p.35,,,,,,p.36,p.37,,p.38,,p.39,p.40,,
1801,,,,r.-19.1.0,r.-19.1.0,,,,,,,,,,,p.1806,,,r.-19.1.0,,,,r.-19.1.0,p.1807,,r.-19.1.0,,,,,,r.-19.1.0,,,,,,,,,,,,,,,,,,,,,,,,,,,,,,,r.-19.1.0,r.-19.1.0,r.-19.1.0,r.-19.1.0,r.-19.1.0,r.-19.1.0,r.-19.1.0,r.-19.1.0,r.-19.1.0,r.-19.1.0,r.-19.1.0,r.-19.1.0,r.-19.1.0,r.-19.1.0,r.-19.1.0,r.-19.1.0,r.-19.1.0,r.-19.1.0,r.-19.1.0,,,,,,,,,,,,,,,,,,,,,,,,,,,,,,,,,,,,,,,,,,,,,,,,,,,,,,,,,,,,,,,,,,,,,,,,,,,,
1802,,,,r.-21.1.0,r.-21.1.0,,,,,,,,,,,r.-21.1.0,,,r.-21.1.0,,,,r.-21.1.0,r.-21.1.0,,r.-21.1.0,,,,,,r.-21.1.0,,,,,,,,,,,,,,,,,,,,,,,,,,,,,,,r.-21.1.0,r.-21.1.0,r.-21.1.0,r.-21.1.0,r.-21.1.0,r.-21.1.0,r.-21.1.0,r.-21.1.0,r.-21.1.0,r.-21.1.0,r.-21.1.0,r.-21.1.0,r.-21.1.0,r.-21.1.0,r.-21.1.0,r.-21.1.0,r.-21.1.0,r.-21.1.0,r.-21.1.0,,,,,,,,,,,,,,,,,,,,,,,,,,,,,,,,,,,,,,,,,,,,,,,,,,,,,,,,,,,,,,,,,,,,,,,,,,,,
1803,,,,p.1141,,,,,,,,,,,,,,,,,,,p.1816,,,,,,,,,,,,,,,,,,,,,,,,,,,,,,,,,,,,,,,,,,,,,,,,,,,,,,,,,,,,,,,,,,,,,,,,,,,,,,,,,,,,,,,,,,,,,,,,,,,,,,,,,,,,,,,,,,,,,,,,,,,,,,,,,,,,,,
1804,,,,,,,,,,,,,,,,p.1797,,,,,,,,,,,,,,,,p.1799,,,,,,,,,,,,,,,,,,,,,,,,,,,,,,,,,,,,,,,,,,,,,,,,,,,,,,,,,,,,,,,,,,,,,,,,,,p.1805,,,,,,,,,,,,p.1802,,,,,,,,,,,,,,,,,,,,,,,,,,,,,,,,,,,,,,,
1805,,,,r.-19.2.0,r.-19.2.0,,,,,,,,,,,p.1806,,,r.-19.2.0,,,,r.-19.2.0,p.1807,,r.-19.2.0,,,,,,r.-19.2.0,,,,,,,,,,,,,,,,,,,,,,,,,,,,,,,r.-19.2.0,r.-19.2.0,r.-19.2.0,r.-19.2.0,r.-19.2.0,r.-19.2.0,r.-19.2.0,r.-19.2.0,r.-19.2.0,r.-19.2.0,r.-19.2.0,r.-19.2.0,r.-19.2.0,r.-19.2.0,r.-19.2.0,r.-19.2.0,r.-19.2.0,r.-19.2.0,r.-19.2.0,,,,,,,,,,,,,,,,,,,,,,,,,,,,,,,,,,,,,,,,,,,,,,,,,,,,,,,,,,,,,,,,,,,,,,,,,,,,
1806,,,,,,,,,,,,,,,,,p.1811,,,,,,,,,p.313,,,,,,p.376,,,,,,,,,,,,,,,,,,,,,,,,,,,,,,,p.315,p.316,p.317,p.318,p.319,p.11,p.12,p.320,p.321,p.322,p.323,p.324,p.325,p.326,p.327,p.328,p.329,p.330,p.331,,,,,,,,,,,,,,,,,,,,,,p.332,,,,p.333,,,,,,,,,,,p.377,p.1812,,,,,,,,,,,,,p.334,p.335,p.1813,,,,,,,,,p.337,,,,,,p.338,p.339,,p.340,,p.341,p.342,,
1807,p.98,p.99,p.100,,,,,,,,,,,,,p.101,,p.102,,,,,,,p.1808,,p.104,,,,p.105,p.106,,p.107,,,,,,,,,,,,p.108,,,,,,p.109,p.110,,,,,,,,,,,,,,,,,,,,,,,,,,,,,p.111,p.112,p.113,,,,p.114,p.115,,,,,,p.116,p.117,,p.118,p.119,p.1809,,,,,,,,p.121,,,p.122,p.123,,,,p.124,,p.125,,p.126,,,,,p.127,,,,p.128,p.129,p.130,,,,,p.131,p.132,p.133,,p.134,,,,p.135,,,,,,,,,,,,p.136,p.137
1808,,,,r.-21.3.0,r.-21.3.0,,,,,,,,,,,r.-21.3.0,,,r.-21.3.0,,,,r.-21.3.0,r.-21.3.0,,r.-21.3.0,,,,,,r.-21.3.0,,,,,,,,,,,,,,,,,,,,,,,,,,,,,,,r.-21.3.0,r.-21.3.0,r.-21.3.0,r.-21.3.0,r.-21.3.0,r.-21.3.0,r.-21.3.0,r.-21.3.0,r.-21.3.0,r.-21.3.0,r.-21.3.0,r.-21.3.0,r.-21.3.0,r.-21.3.0,r.-21.3.0,r.-21.3.0,r.-21.3.0,r.-21.3.0,r.-21.3.0,,,,,,,,,,,,,,,,,,,,,,,,,,,,,,,,,,,,,,,,,,,,,,,,,,,,,,,,,,,,,,,,,,,,,,,,,,,,
1809,,,,,,,,,,,,,,,,,,,,,,,,,p.1810,,,,,,,,,,,,,,,,,,,,,,,,,,,,,,,,,,,,,,,,,,,,,,,,,,,,,,,,,,,,,,,,,,,,,,,,,,,,,,,,,,,,,,,,,,,,,,,,,,,,,,,,,,,,,,,,,,,,,,,,,,,,,,,,,,,,
1810,,,,r.-21.4.0,r.-21.4.0,,,,,,,,,,,r.-21.4.0,,,r.-21.4.0,,,,r.-21.4.0,r.-21.4.0,,r.-21.4.0,,,,,,r.-21.4.0,,,,,,,,,,,,,,,,,,,,,,,,,,,,,,,r.-21.4.0,r.-21.4.0,r.-21.4.0,r.-21.4.0,r.-21.4.0,r.-21.4.0,r.-21.4.0,r.-21.4.0,r.-21.4.0,r.-21.4.0,r.-21.4.0,r.-21.4.0,r.-21.4.0,r.-21.4.0,r.-21.4.0,r.-21.4.0,r.-21.4.0,r.-21.4.0,r.-21.4.0,,,,,,,,,,,,,,,,,,,,,,,,,,,,,,,,,,,,,,,,,,,,,,,,,,,,,,,,,,,,,,,,,,,,,,,,,,,,
1811,,,,r.-21.3.0,r.-21.3.0,,,,,,,,,,,r.-21.3.0,,,r.-21.3.0,,,,r.-21.3.0,r.-21.3.0,,r.-21.3.0,,,,,,r.-21.3.0,,,,,,,,,,,,,,,,,,,,,,,,,,,,,,,r.-21.3.0,r.-21.3.0,r.-21.3.0,r.-21.3.0,r.-21.3.0,r.-21.3.0,r.-21.3.0,r.-21.3.0,r.-21.3.0,r.-21.3.0,r.-21.3.0,r.-21.3.0,r.-21.3.0,r.-21.3.0,r.-21.3.0,r.-21.3.0,r.-21.3.0,r.-21.3.0,r.-21.3.0,,,,,,,,,,,,,,,,,,,,,,,,,,,,,,,,,,,,,,,,,,,,,,,,,,,,,,,,,,,,,,,,,,,,,,,,,,,,
1812,,,,p.381,,,,,,,,,,,,,p.1815,,,,,,,,,,,,,,,,,,,,,,,,,,,,,,,,,,,,,,,,,,,,,,,,,,,,,,,,,,,,,,,,,,,,,,,,,,,,,,,,,,,,,,,,,,,,,,,,,,,,,,,,,,,,,,,,,,,,,,,,,,,,,,,,,,,,,,,,,,,,
1813,,,,,,,,,,,,,,,,,p.1814,,,,,,,,,,,,,,,,,,,,,,,,,,,,,,,,,,,,,,,,,,,,,,,,,,,,,,,,,,,,,,,,,,,,,,,,,,,,,,,,,,,,,,,,,,,,,,,,,,,,,,,,,,,,,,,,,,,,,,,,,,,,,,,,,,,,,,,,,,,,
1814,,,,r.-21.4.0,r.-21.4.0,,,,,,,,,,,r.-21.4.0,,,r.-21.4.0,,,,r.-21.4.0,r.-21.4.0,,r.-21.4.0,,,,,,r.-21.4.0,,,,,,,,,,,,,,,,,,,,,,,,,,,,,,,r.-21.4.0,r.-21.4.0,r.-21.4.0,r.-21.4.0,r.-21.4.0,r.-21.4.0,r.-21.4.0,r.-21.4.0,r.-21.4.0,r.-21.4.0,r.-21.4.0,r.-21.4.0,r.-21.4.0,r.-21.4.0,r.-21.4.0,r.-21.4.0,r.-21.4.0,r.-21.4.0,r.-21.4.0,,,,,,,,,,,,,,,,,,,,,,,,,,,,,,,,,,,,,,,,,,,,,,,,,,,,,,,,,,,,,,,,,,,,,,,,,,,,
1815,,,,r.-21.4.0,r.-21.4.0,,,,,,,,,,,r.-21.4.0,,,r.-21.4.0,,,,r.-21.4.0,r.-21.4.0,,r.-21.4.0,,,,,,r.-21.4.0,,,,,,,,,,,,,,,,,,,,,,,,,,,,,,,r.-21.4.0,r.-21.4.0,r.-21.4.0,r.-21.4.0,r.-21.4.0,r.-21.4.0,r.-21.4.0,r.-21.4.0,r.-21.4.0,r.-21.4.0,r.-21.4.0,r.-21.4.0,r.-21.4.0,r.-21.4.0,r.-21.4.0,r.-21.4.0,r.-21.4.0,r.-21.4.0,r.-21.4.0,,,,,,,,,,,,,,,,,,,,,,,,,,,,,,,,,,,,,,,,,,,,,,,,,,,,,,,,,,,,,,,,,,,,,,,,,,,,
1816,,,,,,,,,,,,,,,,r.-16.3.0,,,,,,,r.-16.3.0,,,r.-16.3.0,,,,,,r.-16.3.0,,,,,,,,,,,,,,r.-16.3.0,,,,,,,,,,,,,,,,,r.-16.3.0,r.-16.3.0,r.-16.3.0,r.-16.3.0,r.-16.3.0,r.-16.3.0,r.-16.3.0,r.-16.3.0,r.-16.3.0,r.-16.3.0,r.-16.3.0,r.-16.3.0,r.-16.3.0,r.-16.3.0,r.-16.3.0,r.-16.3.0,r.-16.3.0,r.-16.3.0,r.-16.3.0,,,,r.-16.3.0,,,,,,,,,,,,,,,,,,,,,,,,,,,,,,,,,,,,,,,,,,,,,,,,,,,,,,,,,,,,,,,,,,,,,,,,
1817,,,,,,,,,,,,,,,,r.-32.3.0,,,,,,,r.-32.3.0,,,r.-32.3.0,,,,,,r.-32.3.0,,,,,,,,,,,,,,r.-32.3.0,,,,,,,,,,,,,,,,,r.-32.3.0,r.-32.3.0,r.-32.3.0,r.-32.3.0,r.-32.3.0,r.-32.3.0,r.-32.3.0,r.-32.3.0,r.-32.3.0,r.-32.3.0,r.-32.3.0,r.-32.3.0,r.-32.3.0,r.-32.3.0,r.-32.3.0,r.-32.3.0,r.-32.3.0,r.-32.3.0,r.-32.3.0,,,,r.-32.3.0,,,,,,,,,,,,,,,,,,,,,,,,,,,,,,,,,,,,,,,,,,,,,,,,,,,,,,,,,,,,,,,,,,,,,,,,
1818,,,,,,,,,,,,,,,,,,,p.1116,,,,,,,p.3,,,,,,p.41,,,,,,,,,,,,,,,,,,,,,,,,,,,,,,,p.6,p.7,p.8,p.9,p.10,p.11,p.12,p.13,p.14,p.15,p.16,p.17,p.18,p.19,p.20,p.21,p.22,p.23,p.24,,,,,,,,,,,,,,,,p.1819,,,,p.1267,,p.1120,,,,p.30,,,,,,,,,,,,,,,,,,,,,,,,,,,,,,,,,,,,p.35,,,,,,p.36,p.37,,p.38,,p.39,p.40,,
1819,,,,,,,,,,,,,,,,r.-32.4.0,,,,,,,r.-32.4.0,,,r.-32.4.0,,,,,,r.-32.4.0,,,,,,,,,,,,,,r.-32.4.0,,,,,,,,,,,,,,,,,r.-32.4.0,r.-32.4.0,r.-32.4.0,r.-32.4.0,r.-32.4.0,r.-32.4.0,r.-32.4.0,r.-32.4.0,r.-32.4.0,r.-32.4.0,r.-32.4.0,r.-32.4.0,r.-32.4.0,r.-32.4.0,r.-32.4.0,r.-32.4.0,r.-32.4.0,r.-32.4.0,r.-32.4.0,,,,r.-32.4.0,,,,,,,,,,,,,,,,,,,,,,,,,,,,,,,,,,,,,,,,,,,,,,,,,,,,,,,,,,,,,,,,,,,,,,,,
1820,,,,,,,,,,,,,,,,,p.1821,,,,,,,,,,,,,,,,,,,,,,,,,,,,,,,,,,,,,,,,,,,,,,,,,,,,,,,,,,,,,,,,,,,,,,,,,,,,,,,,,,,,,,,,,,,,,,,,,,,,,,,,,,,,,,,,,,,,,,,,,,,,,,,,,,,,,,,,,,,,
1821,,,,r.-21.3.0,r.-21.3.0,,,,,,,,,,,r.-21.3.0,,,r.-21.3.0,,,,r.-21.3.0,r.-21.3.0,,r.-21.3.0,,,,,,r.-21.3.0,,,,,,,,,,,,,,,,,,,,,,,,,,,,,,,r.-21.3.0,r.-21.3.0,r.-21.3.0,r.-21.3.0,r.-21.3.0,r.-21.3.0,r.-21.3.0,r.-21.3.0,r.-21.3.0,r.-21.3.0,r.-21.3.0,r.-21.3.0,r.-21.3.0,r.-21.3.0,r.-21.3.0,r.-21.3.0,r.-21.3.0,r.-21.3.0,r.-21.3.0,,,,,,,,,,,,,,,,,,,,,,,,,,,,,,,,,,,,,,,,,,,,,,,,,,,,,,,,,,,,,,,,,,,,,,,,,,,,
1822,,,,,,,,,,,,,,,,r.-1.2.0,,,,,,,r.-1.2.0,,,r.-1.2.0,,,,,,r.-1.2.0,,,,,,,,,,,,,,r.-1.2.0,,,,,,,,,,,,,,,,,r.-1.2.0,r.-1.2.0,r.-1.2.0,r.-1.2.0,r.-1.2.0,r.-1.2.0,r.-1.2.0,r.-1.2.0,r.-1.2.0,r.-1.2.0,r.-1.2.0,r.-1.2.0,r.-1.2.0,r.-1.2.0,r.-1.2.0,r.-1.2.0,r.-1.2.0,r.-1.2.0,r.-1.2.0,,,,r.-1.2.0,,,,,,,,,,,,,,,,,,,,,,,,,,,,,,,,,,,,,,,,,,,,,,,,,,,,,,,,,,,,,,,,,,,,,,,,
1823,,,,,,,,,,,,,,,,r.-67.1.0,,,,,,,,,,,,,,,,r.-67.1.0,,,,,,,,,,,,,,r.-67.1.0,,,,,,,,,,,,,,,,,,,,,,,,r.-67.1.0,r.-67.1.0,,,,,,,,,,,,,,,,,,,,,,,,,,,,,,,,,,,,,,,,,,,,,,,,,,,,,,,,,,,,,,,,,,,,,,,,,,,,,,,,,,,,,,
1824,,,,,,,,,,,,,,,,r.-67.1.0,,,,,,,,,,,,,,,,r.-67.1.0,,,,,,,,,,,,,,r.-67.1.0,,,,,,,,,,,,,,,,,,,,,,,,r.-67.1.0,r.-67.1.0,,,,,,,,,,,,,,,,,,,,,,,,,,,,,,,,,,,,,,,,,,,,,,,,,,,,,,,,,,,,,,,,,,,,,,,,,,,,,,,,,,,,,,
1825,,,,,,,,,,,,,,,,r.-50.2.0,,,,,,,,,,,,,,,,r.-50.2.0,,,,,,,,,,,,,,,,,,,,,,,,,,,,,,,,,,,,,,,,,,,,,,,,,,,,,,,,,,,,,,,,,,,,,,,,,,,,,,,,,,,,,,,,,,,,,,,,,,,,,,,,,,,,,,,,,,,,,,,,,,,,,
1826,,,,,,,,,,,,,,,,r.-68.1.0,,,,,,,,,,,,,,,,r.-68.1.0,,,,,,,,,,,,,,r.-68.1.0,,,,,,,,,,,,,,,,,,,,,,,,r.-68.1.0,r.-68.1.0,,,,,,,,,,,,,,,,,,,,,,,,,,,,,,,,,,,,,,,,,,,,,,,,,,,,,,,,,,,,,,,,,,,,,,,,,,,,,,,,,,,,,,
1827,,,,,,,,,,,,,,,,r.-50.2.0,,,,,,,,,,,,,,,,r.-50.2.0,,,,,,,,,,,,,,p.5,,,,,,,,,,,,,,,,,,,,,,,,p.1823,p.1824,,,,,,,,,,,,,,,,,,,,,,,,,,,,,,,,,,,,,,,,,,,,,,,,,,,,,,,,,,,,,,,,p.1828,,,,,,,,,,,,,,,,,p.1829,,,,,
1828,,,,,,,,,,,,,,,,r.-50.3.0,,,,,,,,,,,,,,,,r.-50.3.0,,,,,,,,,,,,,,,,,,,,,,,,,,,,,,,,,,,,,,,,,,,,,,,,,,,,,,,,,,,,,,,,,,,,,,,,,,,,,,,,,,,,,,,,,,,,,,,,,,,,,,,,,,,,,,,,,,,,,,,,,,,,,
1829,,,,,,,,,,,,,,,,r.-68.2.0,,,,,,,,,,,,,,,,r.-68.2.0,,,,,,,,,,,,,,r.-68.2.0,,,,,,,,,,,,,,,,,,,,,,,,r.-68.2.0,r.-68.2.0,,,,,,,,,,,,,,,,,,,,,,,,,,,,,,,,,,,,,,,,,,,,,,,,,,,,,,,,,,,,,,,,,,,,,,,,,,,,,,,,,,,,,,
1830,,,,,,,,,,,,,,,,,,,,,,,,,,,,,,,,p.445,,,,,,,,,,,,,,,,,,,,,,,,,,,,,,,,,,,,,,,,,,,,,,,,,,,,,,,,,,,,,,,,,,,,,,,,,,,,,p.446,p.1835,,,,,,,,p.448,,,,,,,,,,,,,,,,,,,,,,,,,,,,,,,,,,,,,,,
1831,,,,,,,,,,,,,,,,r.-22.2.0,,,p.1832,,,,r.-22.2.0,,,r.-22.2.0,,,,,,r.-22.2.0,,,,,,,,,,,,,,r.-22.2.0,,,,,,,,,,,,,,,,,r.-22.2.0,r.-22.2.0,r.-22.2.0,r.-22.2.0,r.-22.2.0,r.-22.2.0,r.-22.2.0,r.-22.2.0,r.-22.2.0,r.-22.2.0,r.-22.2.0,r.-22.2.0,r.-22.2.0,r.-22.2.0,r.-22.2.0,r.-22.2.0,r.-22.2.0,r.-22.2.0,r.-22.2.0,,,,,,,,,,,,,,,,,,,,,,,,,,,,,,,,,,,,,,,,,,,,,,,,,,,,,,,,,,,,,,,,,,,,,,,,,,,,
1832,,,,,,,,,,,,,,,,,,,,,,,,,,,,,,,,p.445,,,,,,,,,,,,,,,,,,,,,,,,,,,,,,,,,,,,,,,,,,,,,,,,,,,,,,,,,,,,,,,,,,,,,,,,,,,,,p.446,p.1833,,,,,,,,p.448,,,,,,,,,,,,,,,,,,,,,,,,,,,,,,,,,,,,,,,
1833,,,,p.708,,,,,,,,,,,,,,,,p.1834,,,,,,,,,,,,,,,,,,,,,,,,,,,,,,,,,,,,,,,,,,,,,,,,,,,,,,,,,,,,,,,,,,,,,,,,,,,,,,,,,,,,,,,,,,,,,,,,,,,,,,,,,,,,,,,,,,,,,,,,,,,,,,,,,,,,,,,,,
1834,,,,,,,,,,,,,,,,r.-22.5.0,,,,,,,r.-22.5.0,,,r.-22.5.0,,,,,,r.-22.5.0,,,,,,,,,,,,,,r.-22.5.0,,,,,,,,,,,,,,,,,r.-22.5.0,r.-22.5.0,r.-22.5.0,r.-22.5.0,r.-22.5.0,r.-22.5.0,r.-22.5.0,r.-22.5.0,r.-22.5.0,r.-22.5.0,r.-22.5.0,r.-22.5.0,r.-22.5.0,r.-22.5.0,r.-22.5.0,r.-22.5.0,r.-22.5.0,r.-22.5.0,r.-22.5.0,,,,,,,,,,,,,,,,,,,,,,,,,,,,,,,,,,,,,,,,,,,,,,,,,,,,,,,,,,,,,,,,,,,,,,,,,,,,
1835,,,,p.708,,,,,,,,,,,,,,,,p.1836,,,,,,,,,,,,,,,,,,,,,,,,,,,,,,,,,,,,,,,,,,,,,,,,,,,,,,,,,,,,,,,,,,,,,,,,,,,,,,,,,,,,,,,,,,,,,,,,,,,,,,,,,,,,,,,,,,,,,,,,,,,,,,,,,,,,,,,,,
1836,,,,,,,,,,,,,,,,r.-22.4.0,,,,,,,r.-22.4.0,,,r.-22.4.0,,,,,,r.-22.4.0,,,,,,,,,,,,,,r.-22.4.0,,,,,,,,,,,,,,,,,r.-22.4.0,r.-22.4.0,r.-22.4.0,r.-22.4.0,r.-22.4.0,r.-22.4.0,r.-22.4.0,r.-22.4.0,r.-22.4.0,r.-22.4.0,r.-22.4.0,r.-22.4.0,r.-22.4.0,r.-22.4.0,r.-22.4.0,r.-22.4.0,r.-22.4.0,r.-22.4.0,r.-22.4.0,,,,,,,,,,,,,,,,,,,,,,,,,,,,,,,,,,,,,,,,,,,,,,,,,,,,,,,,,,,,,,,,,,,,,,,,,,,,
1837,,,,,,,,,,,,,,,,,p.1838,,,,,,,,,,,,,,,,,,,,,,,,,,,,,,,,,,,,,,,,,,,,,,,,,,,,,,,,,,,,,,,,,,,,,,,,,,,,,,,,,,,,,,,,,,,,,,,,,,,,,,,,,,,,,,,,,,,,,,,,,,,,,,,,,,,,,,,,,,,,
1838,,,,,,,,,,,,,,,,r.-21.3.0,,,r.-21.3.0,,,,,r.-21.3.0,,r.-21.3.0,,,,,,r.-21.3.0,,,,,,,,,,,,,,,,,,,,,,,,,,,,,,,r.-21.3.0,r.-21.3.0,r.-21.3.0,r.-21.3.0,r.-21.3.0,r.-21.3.0,r.-21.3.0,r.-21.3.0,r.-21.3.0,r.-21.3.0,r.-21.3.0,r.-21.3.0,r.-21.3.0,r.-21.3.0,r.-21.3.0,r.-21.3.0,r.-21.3.0,r.-21.3.0,r.-21.3.0,,,,,,,,,,,,,,,,,,,,,,,,,,,,,,,,,,,,,,,,,,,,,,,,,,,,,,,,,,,,,,,,,,,,,,,,,,,,
