state,1,2,3,4,5,6,7,8,9,10,11,12,13,14,15,16,17,18,19,20,21,22,23,24,25,26,27,28,29,30,31,32,33,34,35,36,37,38,39,40,41,42,43,44,45,46,47,48,49,50,51,52,53,54,55,56,57,58,59,60,61,62,63,64,65,66,67,68,69,70,71,72,73,74,75,76,77,78,79,80,81,82,83,84,85,86,87,88,89,90,91,92,93,94,0,-1,-2,-3,-4,-5,-6,-7,-8,-9,-10,-11,-12,-13,-14,-15,-16,-17,-18,-19,-20,-21,-22,-23,-24,-25,-26,-27,-28,-29,-30,-31,-32,-33,-34,-35,-36,-37,-38,-39,-40,-41,-42,-43,-44,-45,-46,-47,-48,-49,-50,-51,-52,-53,-54,-55,-56,-57,-58,-59,-60,-61,-62,-63,-64,-65,-66,-67,-68,-69,-70,-71,-72,-73,-74,-75,-76,-77,-78,-79,-80,-81,-82,-83,-84,-85,-86,-87,-88,-89,-90,-91,-92,-93,-94,-95,-96,-97,-98,-99,-100,-101,-102,-103,-104,-105,-106,-107,-108,-109,-110,-111,-112,-113,-114,-115,-116,-117,-118,-119,-120,-121,-122,-123,-124,-125,-126,-127
0,,,,,,,,,,p.1,,,,,,r.-37.0.0,,,,,,,,,,,,,,,,,,,,,,,,,,,,,,,,,,,,,,,,,,,,,,,,,,,,,,,,,,,,,,,,,,,,,,,,,,,,,,,,p.2,,,,p.3,,,,,,,,,,,,,,,,,,,,,,,,,,,,,,,,p.4,p.5,,,,,,,,,,,,,,,,,,,,,,,,,,,,,,,,,,,,,,,,,,,,,,,,,,,,,,,,,,,,,,,,,,,,,,,,,,,,,,,,p.6,,,,,,,,,
1,,,,,,,,,,,p.1049,,,,,,,,,,,,,,,,,,,,,,,,,,,,,,,,,,,,,,,,,,,,,,,,,,,,,,,,,,,,,,,,,,,,,,,,,,,,,,,,,,,,,,,,,,,,,,,,,,,,,,,,,,,,,,,,,,,,,,,,,,,,,,,,,,,,,,,,,,,,,,,,,,,,,,,,,,,,,,,,,,,,,,,,,,,,,,,,,,,,,,,,,,,,,,,,,,,,,,,,,,,,,,,,,,,
2,,,,,,,,,,,,,,,,,,,,,,,,,,,,,,,,,,,,,,,,,,,,,,,,,,,,,,,,,,,,,,,,,,,,,,,,,,,,,,,,,,,,,,,,,,,,,,,acc,,,,,,,,,,,,,,,,,,,,,,,,,,,,,,,,,,,,,,,,,,,,,,,,,,,,,,,,,,,,,,,,,,,,,,,,,,,,,,,,,,,,,,,,,,,,,,,,,,,,,,,,,,,,,,,,,,,,,,,,,,,,,,,
3,,,,,,,,,,,,,,,,p.1045,,,,,,,,,,,,,,,,,,,,,,,,,,,,,,,,,,,,,,,,,,,,,,,,,,,,,,,,,,,,,,,,,,,,,,,,,,,,,,,,,,,,,,,,,,,,,,,,,,,,,,,,,,,,,,,,,,,,,,,,,,,,,,,,,,,,,,,,,,,,,,,,,,,,,,,,,,,,,,,,,,,,,,,,,,,,,,,,,,,,,,,,,,,,,,,,,,,,,,,,,,,,,,
4,,,,,,,,,,,,,,,,p.7,,,,,,,,,,,,,,,,,,,,,,,,,,,,,,,,,,,,,,,,,,,,,,,,,,,,,,,,,,,,,,,,,,,,,,,,,,,,,,,,,,,,,,,,,,,,,,,,,,,,,,,,,,,,,,,,,,,,,,,,,,,,,,,,,,,,,,,,,,,,,,,,,,,,,,,,,,,,,,,,,,,,,,,,,,,,,,,,,,,,,,,,,,,,,,,,,,,,,,,,,,,,,,
5,,,,,,,,,,,,,,,,r.-37.1.0,,,,,,,,,,,,,,,,,,,,,,,,,,,,,,,,,,,,,,,,,,,,,,,,,,,,,,,,,,,,,,,,,,,,,,,,,,,,,,,,,,,,,,,,,,,,,,,,,,,,,,,,,,,,,,,,,,,,,,,,,,,,,,,,,,,,,,,,,,,,,,,,,,,,,,,,,,,,,,,,,,,,,,,,,,,,,,,,,,,,,,,,,,,,,,,,,,,,,,,,,,,,,,
6,,,,,,,,,,,,,,,,,,,,,,,,,,,,,,,,,,,,,,,,,,,,,,,,,,,,,,,,,,,,,,,,,,,,,,,,,,,,,,,,,,,,,,,,,,,,,,,r.-1.1.0,,,,,,,,,,,,,,,,,,,,,,,,,,,,,,,,,,,,,,,,,,,,,,,,,,,,,,,,,,,,,,,,,,,,,,,,,,,,,,,,,,,,,,,,,,,,,,,,,,,,,,,,,,,,,,,,,,,,,,,,,,,,,,,
7,,,,,,p.8/r.-33.0.0,,p.9/r.-33.0.0,,,,,,,,p.10/r.-53.0.0/r.-33.0.0,,,,,,,,,,,,,,,,,,,,,,,,,,,,,,,,,,,,,,,,,,,,,,,,,,,,,,,,,,,,,,,,,,,,,,,,,,,,,,,,,,p.11,p.12,,,,,,,,,,,,,,,,,,,,,,,p.13,,,,p.14,,p.15,,,,,,,,,,,,,,,,,,,,p.16,p.17,,,,,,,,,,,,,,,,,,,,,,,,,,,,,,,,,,,,,,,,,,,,,,,,,,,,,,,,,,,,,,,,,,,,,,,,,
8,,,,,,p.1043,,,,,,,,,,,,,,,,,,,,,,,,,,,,,,,,,,,,,,,,,,,,,,,,,,,,,,,,,,,,,,,,,,,,,,,,,,,,,,,,,,,,,,,,,,,,,,,,,,,,,,,,,,,,,,,,,,,,,,,,,,,,,,,,,,,,,,,,,,,,,,,,,,,,,,,,,,,,,,,,,,,,,,,,,,,,,,,,,,,,,,,,,,,,,,,,,,,,,,,,,,,,,,,,,,,,,,,,
9,,,,,,,,,p.1040,,,,,,,,,,,,,,,,,,,,,,,,,,,,,,,,,,,,,,,,,,,,,,,,,,,,,,,,,,,,,,,,,,,,,,,,,,,,,,,,,,,,,,,,,,,,,,,,,,,,,,,,,,,,,,,,,,,,,,,,,,,,,,,,,,,,,,,,,,,,,,,,,,,,,,,,,,,,,,,,,,,,,,,,,,,,,,,,,,,,,,,,,,,,,,,,,,,,,,,,,,,,,,,,,,,,,
10,,,,,,r.-33.1.0,,r.-33.1.0,,,,,,,,r.-33.1.0,,,,,,,,,,,,,,,,,,,,,,,,,,,,,,,,,,,,,,,,,,,,,,,,,,,,,,,,,,,,,,,,,,,,,,,,,,,,,,,,,,,,,,,,,,,,,,,,,,,,,,,,,,,,,,,,,,,,,,,,,,,,,,,,,,,,,,,,,,,,,,,,,,,,,,,,,,,,,,,,,,,,,,,,,,,,,,,,,,,,,,,,,,,,,,,,,,,,,,,,,,,,,,
11,,,,,,r.-54.1.0,,r.-54.1.0,,,,,,,,r.-54.1.0,,,,,,,,,,,,,,,,,,,,,,,,,,,,,,,,,,,,,,,,,,,,,,,,,,,,,,,,,,,,,,,,,,,,,,,,,,,,,,,,,,,,,,,,,,,,,,,,,,,,,,,,,,,,,,,,,,,,,,,,,,,,,,,,,,,,,,,,,,,,,,,,,,,,,,,,,,,,,,,,,,,,,,,,,,,,,,,,,,,,,,,,,,,,,,,,,,,,,,,,,,,,,,
12,,,,,,r.-54.1.0,,r.-54.1.0,,,,,,,,r.-54.1.0,,,,,,,,,,,,,,,,,,,,,,,,,,,,,,,,,,,,,,,,,,,,,,,,,,,,,,,,,,,,,,,,,,,,,,,,,,,,,,,,,,,,,,,,,,,,,,,,,,,,,,,,,,,,,,,,,,,,,,,,,,,,,,,,,,,,,,,,,,,,,,,,,,,,,,,,,,,,,,,,,,,,,,,,,,,,,,,,,,,,,,,,,,,,,,,,,,,,,,,,,,,,,,
13,,,,,,r.-54.1.0,,r.-54.1.0,,,,,,,,r.-54.1.0,,,,,,,,,,,,,,,,,,,,,,,,,,,,,,,,,,,,,,,,,,,,,,,,,,,,,,,,,,,,,,,,,,,,,,,,,,,,,,,,,,,,,,,,,,,,,,,,,,,,,,,,,,,,,,,,,,,,,,,,,,,,,,,,,,,,,,,,,,,,,,,,,,,,,,,,,,,,,,,,,,,,,,,,,,,,,,,,,,,,,,,,,,,,,,,,,,,,,,,,,,,,,,
14,,,,,,r.-27.1.0,,r.-27.1.0,,,,,,,,r.-27.1.0,,,,,,,,,,,,,,,,,,,,,,,,,,,,,,,,,,,,,,,,,,,,,,,,,,,,,,,,,,,,,,,,,,,,,,,,,,,,,,,,,,,,,,,,,,,,,,,,,,,,,,,,,,,,,,,,,,,,,,,,,,,,,,,,,,,,,,,,,,,,,,,,,,,,,,,,,,,,,,,,,,,,,,,,,,,,,,,,,,,,,,,,,,,,,,,,,,,,,,,,,,,,,,
15,,,,,,r.-33.0.0/r.-31.1.0,,r.-33.0.0/r.-31.1.0,,,,,,,,p.10/r.-31.1.0/r.-33.0.0,,,,,,,,,,,,,,,,,,,,,,,,,,,,,,,,,,,,,,,,,,,,,,,,,,,,,,,,,,,,,,,,,,,,,,,,,,,,,,,,,,,,,,,,,,,,,,,,,,,,,,,,,,,,,,p.1039,,p.15,,,,,,,,,,,,,,,,,,,,,,,,,,,,,,,,,,,,,,,,,,,,,,,,,,,,,,,,,,,,,,,,,,,,,,,,,,,,,,,,,,,,,,,,,,,,,,
16,,,,,,,,,,,,,,,,p.19,,,,,,,,,,,,,,,,,,,,,,,,,,,,,,,,,,,,,,,,,,,,,,,,,,,,,,,,,,,,,,,,,,,,,,,,,,,,,,,,,,,,,,,,,,,,,,,,,,,,,,,,,,,,,,,,,,,,,,,,,,,,,,,,,,,,,,,,,,,,,,,,,,,,,,,,,,,,,,,,,,,,,,,,,,,,,,,,,,,,,,,,,,,,,,,,,,,,,,,,,,,,,,
17,,,,,,p.8/r.-33.0.0,,p.9/r.-33.0.0,,,,,,,,p.10/r.-33.0.0/r.-53.0.0,,,,,,,,,,,,,,,,,,,,,,,,,,,,,,,,,,,,,,,,,,,,,,,,,,,,,,,,,,,,,,,,,,,,,,,,,,,,,,,,,,p.11,p.12,,,,,,,,,,,,,,,,,,,,,,,p.13,,,,p.14,,p.15,,,,,,,,,,,,,,,,,,,,p.18,p.17,,,,,,,,,,,,,,,,,,,,,,,,,,,,,,,,,,,,,,,,,,,,,,,,,,,,,,,,,,,,,,,,,,,,,,,,,
18,,,,,,,,,,,,,,,,r.-53.2.0,,,,,,,,,,,,,,,,,,,,,,,,,,,,,,,,,,,,,,,,,,,,,,,,,,,,,,,,,,,,,,,,,,,,,,,,,,,,,,,,,,,,,,,,,,,,,,,,,,,,,,,,,,,,,,,,,,,,,,,,,,,,,,,,,,,,,,,,,,,,,,,,,,,,,,,,,,,,,,,,,,,,,,,,,,,,,,,,,,,,,,,,,,,,,,,,,,,,,,,,,,,,,,
19,,,,,,,,,,p.20,,,,,,r.-61.0.0,,,,,,,,,,,,,,,,,,,,,,,,,,,,,,,,,,,,,,,,,,,,,,,,,,,,,,,,,,,,,,,,,,,,,,,,,,,,,,,,,,,,,,,,,,,,,,,,p.21,,,,,,,,,,,,,,,,,,,,,,,,,,,,,,,,,,,,,,,,,,,,p.22,p.23,,,,,,,,,,,,,,,,,,,,,,,p.24,,,,,,,,,,,,,,,,,,,,,,,,,,,,,,,,,,,,,,,,,,
20,,,,,,,,,,,,,,,,,,,,,,,,,,,,,,,,,,,,,,,p.1033,,,,,,,,,,,,,,,,,,,,,,,,,,,,,,,,,,,,,,,,,,,,,,,,,,,,,,,,,,,,,,,,,,,,,,,,,,,,,,,,,,,,,,,,,,,,,,,,,,,,,,,,,,,,,,,,,,,,,,,,,,,,,,,,,,,,,,,,,,,,,,,,,,,,,,,,,,,,,,,,,,,,,,,,,,,,,,,,,,,,,,,
21,,,,,,,,,,,,,,,,p.1018,,,,,,,,,,,,,,,,,,,,,,,,,,,,,,,,,,,,,,,,,,,,,,,,,,,,,,,,,,,,,,,,,,,,,,,,,,,,,,,,,,,,,,,,,,,,,,,,,,,,,,,,,,,,,,,,,,,,,,,,,,,,,,,,,,,,,,,,,,,,,,,,,,,,,,,,,,,,,,,,,,,,,,,,,,,,,,,,,,,,,,,,,,,,,,,,,,,,,,,,,,,,,,
22,,,,,,,,,,,,,,,,p.47,,,,,,,,,,,,,,,,,,,,,,,,,,,,,,,,,,,,,,,,,,,,,,,,,,,,,,,,,,,,,,,,,,,,,,,,,,,,,,,,,,,,,,,,,,,,,,,,,,,,,,,,,,,,,,,,,,,,,,,,,,,,,,,,,,,,,,,,,,,,,,,,,,,,,,,,,,,,,,,,,,,,,,,,,,,,,,,,,,,,,,,,,,,,,,,,,,,,,,,,,,,,,,
23,,,,,,,,,,p.20,,,,,,r.-61.0.0,,,,,,,,,,,,,,,,,,,,,,,,,,,,,,,,,,,,,,,,,,,,,,,,,,,,,,,,,,,,,,,,,,,,,,,,,,,,,,,,,,,,,,,,,,,,,,,,p.21,,,,,,,,,,,,,,,,,,,,,,,,,,,,,,,,,,,,,,,,,,,,p.46,p.23,,,,,,,,,,,,,,,,,,,,,,,p.24,,,,,,,,,,,,,,,,,,,,,,,,,,,,,,,,,,,,,,,,,,
24,,,,,,,,,,,,,,,,p.25,,,,,,,,,,,,,,,,,,,,,,,,,,,,,,,,,,,,,,,,,,,,,,,,,,,,,,,,,,,,,,,,,,,,,,,,,,,,,,,,,,,,,,,,,,,,,,,,,,,,,,,,,,,,,,,,,,,,,,,,,,,,,,,,,,,,,,,,,,,,,,,,,,,,,,,,,,,,,,,,,,,,,,,,,,,,,,,,,,,,,,,,,,,,,,,,,,,,,,,,,,,,,,
25,,,,,,p.26,,p.27,,r.-34.0.0,,,,,,r.-34.0.0,,,,,,,,,,,,,,,,,,,,,,,,,,,,,,,,,,,,,,,,,,,,,,,,,,,,,,,,,,,,,,,,,,,,,,,,,,,,,,,,,,p.28,p.29,,,,,,,,,,,,,,,,,,,,,,,,,,,,,,p.30,,p.31,,,,,,,,,,,,,,,,,,,,,,,,,,,,,,,,,,,,,,,,,,,,,,,,,,,,,,,,,,,,,,,,,,,,,,,,,,,,,,,,,,,,,,,,,,,
26,,,,,,p.44,,,,,,,,,,,,,,,,,,,,,,,,,,,,,,,,,,,,,,,,,,,,,,,,,,,,,,,,,,,,,,,,,,,,,,,,,,,,,,,,,,,,,,,,,,,,,,,,,,,,,,,,,,,,,,,,,,,,,,,,,,,,,,,,,,,,,,,,,,,,,,,,,,,,,,,,,,,,,,,,,,,,,,,,,,,,,,,,,,,,,,,,,,,,,,,,,,,,,,,,,,,,,,,,,,,,,,,,
27,,,,,,,,,p.41,,,,,,,,,,,,,,,,,,,,,,,,,,,,,,,,,,,,,,,,,,,,,,,,,,,,,,,,,,,,,,,,,,,,,,,,,,,,,,,,,,,,,,,,,,,,,,,,,,,,,,,,,,,,,,,,,,,,,,,,,,,,,,,,,,,,,,,,,,,,,,,,,,,,,,,,,,,,,,,,,,,,,,,,,,,,,,,,,,,,,,,,,,,,,,,,,,,,,,,,,,,,,,,,,,,,,
28,,,,,,,,,,,,,,,,p.39,,,,,,,,,,,,,,,,,,,,,,,,,,,,,,,,,,,,,,,,,,,,,,,,,,,,,,,,,,,,,,,,,,,,,,,,,,,,,,,,,,,,,,,,,,,,,,,,,,,,,,,,,,,,,,,,,,,,,,,,,,,,,,,,,,,,,,,,,,,,,,,,,,,,,,,,,,,,,,,,,,,,,,,,,,,,,,,,,,,,,,,,,,,,,,,,,,,,,,,,,,,,,,
29,,,,,,,,,,,,,,,,p.33,,,,,,,,,,,,,,,,,,,,,,,,,,,,,,,,,,,,,,,,,,,,,,,,,,,,,,,,,,,,,,,,,,,,,,,,,,,,,,,,,,,,,,,,,,,,,,,,,,,,,,,,,,,,,,,,,,,,,,,,,,,,,,,,,,,,,,,,,,,,,,,,,,,,,,,,,,,,,,,,,,,,,,,,,,,,,,,,,,,,,,,,,,,,,,,,,,,,,,,,,,,,,,
30,,,,,,,,,,r.-62.3.0,,,,,,r.-62.3.0,,,,,,,,,,,,,,,,,,,,,,,,,,,,,,,,,,,,,,,,,,,,,,,,,,,,,,,,,,,,,,,,,,,,,,,,,,,,,,,,,,,,,,,,,,,,,,,,,,,,,,,,,,,,,,,,,,,,,,,,,,,,,,,,,,,,,,,,,,,,,,,,,,,,,,,,,,,,,,,,,,,,,,,,,,,,,,,,,,,,,,,,,,,,,,,,,,,,,,,,,,,,,,
31,,,,,,p.26,,p.27,,r.-34.0.0,,,,,,r.-34.0.0,,,,,,,,,,,,,,,,,,,,,,,,,,,,,,,,,,,,,,,,,,,,,,,,,,,,,,,,,,,,,,,,,,,,,,,,,,,,,,,,,,p.28,p.29,,,,,,,,,,,,,,,,,,,,,,,,,,,,,,p.32,,p.31,,,,,,,,,,,,,,,,,,,,,,,,,,,,,,,,,,,,,,,,,,,,,,,,,,,,,,,,,,,,,,,,,,,,,,,,,,,,,,,,,,,,,,,,,,,
32,,,,,,,,,,r.-34.2.0,,,,,,r.-34.2.0,,,,,,,,,,,,,,,,,,,,,,,,,,,,,,,,,,,,,,,,,,,,,,,,,,,,,,,,,,,,,,,,,,,,,,,,,,,,,,,,,,,,,,,,,,,,,,,,,,,,,,,,,,,,,,,,,,,,,,,,,,,,,,,,,,,,,,,,,,,,,,,,,,,,,,,,,,,,,,,,,,,,,,,,,,,,,,,,,,,,,,,,,,,,,,,,,,,,,,,,,,,,,,
33,,,,,,r.-32.0.0/r.-33.0.0,,r.-33.0.0/r.-32.0.0,,r.-33.0.0/r.-32.0.0,,,,,,p.34/r.-32.0.0/r.-33.0.0,,,,,,,,,,,,,,,,,,,,,,,,,,,,,,,,,,,,,,,,,,,,,,,,,,,,,,,,,,,,,,,,,,,,,,,,,,,,,,,,,,,,,,,,,,,,,,,,,,,,,,,,,,,p.35,,,,p.36,p.37,,,,,,,,,,,,,,,,,,,,,,,,,,,,,,,,,,,,,,,,,,,,,,,,,,,,,,,,,,,,,,,,,,,,,,,,,,,,,,,,,,,,,,,,,,,,,,
34,,,,,,r.-33.1.0,,r.-33.1.0,,r.-33.1.0,,,,,,r.-33.1.0,,,,,,,,,,,,,,,,,,,,,,,,,,,,,,,,,,,,,,,,,,,,,,,,,,,,,,,,,,,,,,,,,,,,,,,,,,,,,,,,,,,,,,,,,,,,,,,,,,,,,,,,,,,,,,,,,,,,,,,,,,,,,,,,,,,,,,,,,,,,,,,,,,,,,,,,,,,,,,,,,,,,,,,,,,,,,,,,,,,,,,,,,,,,,,,,,,,,,,,,,,,,,,
35,,,,,,r.-36.3.0,,r.-36.3.0,,r.-36.3.0,,,,,,r.-36.3.0,,,,,,,,,,,,,,,,,,,,,,,,,,,,,,,,,,,,,,,,,,,,,,,,,,,,,,,,,,,,,,,,,,,,,,,,,,,,,,,,,,,,,,,,,,,,,,,,,,,,,,,,,,,,,,,,,,,,,,,,,,,,,,,,,,,,,,,,,,,,,,,,,,,,,,,,,,,,,,,,,,,,,,,,,,,,,,,,,,,,,,,,,,,,,,,,,,,,,,,,,,,,,,
36,,,,,,r.-28.1.0,,r.-28.1.0,,r.-28.1.0,,,,,,r.-28.1.0,,,,,,,,,,,,,,,,,,,,,,,,,,,,,,,,,,,,,,,,,,,,,,,,,,,,,,,,,,,,,,,,,,,,,,,,,,,,,,,,,,,,,,,,,,,,,,,,,,,,,,,,,,,,,,,,,,,,,,,,,,,,,,,,,,,,,,,,,,,,,,,,,,,,,,,,,,,,,,,,,,,,,,,,,,,,,,,,,,,,,,,,,,,,,,,,,,,,,,,,,,,,,,
37,,,,,,r.-32.0.0/r.-33.0.0,,r.-33.0.0/r.-32.0.0,,r.-33.0.0/r.-32.0.0,,,,,,p.34/r.-33.0.0/r.-32.0.0,,,,,,,,,,,,,,,,,,,,,,,,,,,,,,,,,,,,,,,,,,,,,,,,,,,,,,,,,,,,,,,,,,,,,,,,,,,,,,,,,,,,,,,,,,,,,,,,,,,,,,,,,,,,,,,p.38,p.37,,,,,,,,,,,,,,,,,,,,,,,,,,,,,,,,,,,,,,,,,,,,,,,,,,,,,,,,,,,,,,,,,,,,,,,,,,,,,,,,,,,,,,,,,,,,,,
38,,,,,,r.-32.2.0,,r.-32.2.0,,r.-32.2.0,,,,,,r.-32.2.0,,,,,,,,,,,,,,,,,,,,,,,,,,,,,,,,,,,,,,,,,,,,,,,,,,,,,,,,,,,,,,,,,,,,,,,,,,,,,,,,,,,,,,,,,,,,,,,,,,,,,,,,,,,,,,,,,,,,,,,,,,,,,,,,,,,,,,,,,,,,,,,,,,,,,,,,,,,,,,,,,,,,,,,,,,,,,,,,,,,,,,,,,,,,,,,,,,,,,,,,,,,,,,
39,,,,,,r.-33.0.0/r.-32.0.0,,r.-32.0.0/r.-33.0.0,,r.-33.0.0/r.-32.0.0,,,,,,p.34/r.-32.0.0/r.-33.0.0,,,,,,,,,,,,,,,,,,,,,,,,,,,,,,,,,,,,,,,,,,,,,,,,,,,,,,,,,,,,,,,,,,,,,,,,,,,,,,,,,,,,,,,,,,,,,,,,,,,,,,,,,,,p.40,,,,p.36,p.37,,,,,,,,,,,,,,,,,,,,,,,,,,,,,,,,,,,,,,,,,,,,,,,,,,,,,,,,,,,,,,,,,,,,,,,,,,,,,,,,,,,,,,,,,,,,,,
40,,,,,,r.-36.3.0,,r.-36.3.0,,r.-36.3.0,,,,,,r.-36.3.0,,,,,,,,,,,,,,,,,,,,,,,,,,,,,,,,,,,,,,,,,,,,,,,,,,,,,,,,,,,,,,,,,,,,,,,,,,,,,,,,,,,,,,,,,,,,,,,,,,,,,,,,,,,,,,,,,,,,,,,,,,,,,,,,,,,,,,,,,,,,,,,,,,,,,,,,,,,,,,,,,,,,,,,,,,,,,,,,,,,,,,,,,,,,,,,,,,,,,,,,,,,,,,
41,,,,,,p.42,,,,,,,,,,,,,,,,,,,,,,,,,,,,,,,,,,,,,,,,,,,,,,,,,,,,,,,,,,,,,,,,,,,,,,,,,,,,,,,,,,,,,,,,,,,,,,,,,,,,,,,,,,,,,,,,,,,,,,,,,,,,,,,,,,,,,,,,,,,,,,,,,,,,,,,,,,,,,,,,,,,,,,,,,,,,,,,,,,,,,,,,,,,,,,,,,,,,,,,,,,,,,,,,,,,,,,,,
42,,,,,,p.43,,,,,,,,,,,,,,,,,,,,,,,,,,,,,,,,,,,,,,,,,,,,,,,,,,,,,,,,,,,,,,,,,,,,,,,,,,,,,,,,,,,,,,,,,,,,,,,,,,,,,,,,,,,,,,,,,,,,,,,,,,,,,,,,,,,,,,,,,,,,,,,,,,,,,,,,,,,,,,,,,,,,,,,,,,,,,,,,,,,,,,,,,,,,,,,,,,,,,,,,,,,,,,,,,,,,,,,,
43,,,,,,,,,,,,,,,,r.-4.4.0,,,,,,,,,,,,,,,,,,,,,,,,,,,,,,,,,,,,,,,,,,,,,,,,,,,,,,,,,,,,,,,,,,,,,,,,,,,,,,,,,,,,,,,,,,,,,,,,,,,,,,,,,,,,,,,,,,,,,,,,,,,,,,,,,,,,,,,,,,,,,,,,,,,,,,,,,,,,,,,,,,,,,,,,,,,,,,,,,,,,,,,,,,,,,,,,,,,,,,,,,,,,,,
44,,,,,,,p.45,,,,,,,,,,,,,,,,,,,,,,,,,,,,,,,,,,,,,,,,,,,,,,,,,,,,,,,,,,,,,,,,,,,,,,,,,,,,,,,,,,,,,,,,,,,,,,,,,,,,,,,,,,,,,,,,,,,,,,,,,,,,,,,,,,,,,,,,,,,,,,,,,,,,,,,,,,,,,,,,,,,,,,,,,,,,,,,,,,,,,,,,,,,,,,,,,,,,,,,,,,,,,,,,,,,,,,,
45,,,,,,,,,,,,,,,,r.-3.3.0,,,,,,,,,,,,,,,,,,,,,,,,,,,,,,,,,,,,,,,,,,,,,,,,,,,,,,,,,,,,,,,,,,,,,,,,,,,,,,,,,,,,,,,,,,,,,,,,,,,,,,,,,,,,,,,,,,,,,,,,,,,,,,,,,,,,,,,,,,,,,,,,,,,,,,,,,,,,,,,,,,,,,,,,,,,,,,,,,,,,,,,,,,,,,,,,,,,,,,,,,,,,,,
46,,,,,,,,,,,,,,,,r.-61.2.0,,,,,,,,,,,,,,,,,,,,,,,,,,,,,,,,,,,,,,,,,,,,,,,,,,,,,,,,,,,,,,,,,,,,,,,,,,,,,,,,,,,,,,,,,,,,,,,,,,,,,,,,,,,,,,,,,,,,,,,,,,,,,,,,,,,,,,,,,,,,,,,,,,,,,,,,,,,,,,,,,,,,,,,,,,,,,,,,,,,,,,,,,,,,,,,,,,,,,,,,,,,,,,
47,r.-90.0.0,r.-90.0.0,r.-90.0.0,r.-90.0.0,r.-90.0.0,p.48/r.-90.0.0,r.-90.0.0,r.-90.0.0,r.-90.0.0,p.49/r.-90.0.0,r.-90.0.0,r.-90.0.0,r.-90.0.0,r.-90.0.0,r.-90.0.0,r.-90.0.0,r.-90.0.0,r.-90.0.0,r.-90.0.0,r.-90.0.0,r.-90.0.0,r.-90.0.0,r.-90.0.0,r.-90.0.0,r.-90.0.0,r.-90.0.0,r.-90.0.0,r.-90.0.0,r.-90.0.0,r.-90.0.0,r.-90.0.0,r.-90.0.0,r.-90.0.0,r.-90.0.0,r.-90.0.0,p.50/r.-90.0.0,r.-90.0.0,r.-90.0.0,r.-90.0.0,r.-90.0.0,r.-90.0.0,r.-90.0.0,r.-90.0.0,r.-90.0.0,r.-90.0.0,r.-90.0.0,r.-90.0.0,p.51/r.-90.0.0,r.-90.0.0,p.52/r.-90.0.0,r.-90.0.0,p.53/r.-90.0.0,r.-90.0.0,r.-90.0.0,r.-90.0.0,r.-90.0.0,r.-90.0.0,r.-90.0.0,r.-90.0.0,r.-90.0.0,r.-90.0.0,r.-90.0.0,r.-90.0.0,r.-90.0.0,r.-90.0.0,r.-90.0.0,r.-90.0.0,r.-90.0.0,r.-90.0.0,r.-90.0.0,r.-90.0.0,r.-90.0.0,r.-90.0.0,r.-90.0.0,p.54/r.-90.0.0,r.-90.0.0,r.-90.0.0,r.-90.0.0,r.-90.0.0,r.-90.0.0,r.-90.0.0,r.-90.0.0,r.-90.0.0,r.-90.0.0,r.-90.0.0,r.-90.0.0,r.-90.0.0,r.-90.0.0,r.-90.0.0,r.-90.0.0,r.-90.0.0,r.-90.0.0,r.-90.0.0,r.-90.0.0,r.-67.0.0,,,,,,,,,,,,,,p.55,,p.56,,,,,p.57,,p.58,,,,,,,,,,,,,,,,,,,,p.59,p.60,,,,,,,,,,,,,,,,,,,,,p.61,,p.62,p.63,,,p.64,p.65,,,,,,,,p.66,,,,,,p.67,,,,p.68,p.69,,,,,,,,p.70,,,,p.71,,,,,,,,,,p.72,p.73,p.74,,,,,,,,,,p.75,,
48,r.-91.1.0,r.-91.1.0,r.-91.1.0,r.-91.1.0,r.-91.1.0,r.-91.1.0,r.-91.1.0,r.-91.1.0,r.-91.1.0,r.-91.1.0,r.-91.1.0,r.-91.1.0,r.-91.1.0,r.-91.1.0,r.-91.1.0,r.-91.1.0,r.-91.1.0,r.-91.1.0,r.-91.1.0,r.-91.1.0,r.-91.1.0,r.-91.1.0,r.-91.1.0,r.-91.1.0,r.-91.1.0,r.-91.1.0,r.-91.1.0,r.-91.1.0,r.-91.1.0,r.-91.1.0,r.-91.1.0,r.-91.1.0,r.-91.1.0,r.-91.1.0,r.-91.1.0,r.-91.1.0,r.-91.1.0,r.-91.1.0,r.-91.1.0,r.-91.1.0,r.-91.1.0,r.-91.1.0,r.-91.1.0,r.-91.1.0,r.-91.1.0,r.-91.1.0,r.-91.1.0,r.-91.1.0,r.-91.1.0,r.-91.1.0,r.-91.1.0,r.-91.1.0,r.-91.1.0,r.-91.1.0,r.-91.1.0,r.-91.1.0,r.-91.1.0,r.-91.1.0,r.-91.1.0,r.-91.1.0,r.-91.1.0,r.-91.1.0,r.-91.1.0,r.-91.1.0,r.-91.1.0,r.-91.1.0,r.-91.1.0,r.-91.1.0,r.-91.1.0,r.-91.1.0,r.-91.1.0,r.-91.1.0,r.-91.1.0,r.-91.1.0,r.-91.1.0,r.-91.1.0,r.-91.1.0,r.-91.1.0,r.-91.1.0,r.-91.1.0,r.-91.1.0,r.-91.1.0,r.-91.1.0,r.-91.1.0,r.-91.1.0,r.-91.1.0,r.-91.1.0,r.-91.1.0,r.-91.1.0,r.-91.1.0,r.-91.1.0,r.-91.1.0,r.-91.1.0,r.-91.1.0,,,,,,,,,,,,,,,,,,,,,,,,,,,,,,,,,,,,,,,,,,,,,,,,,,,,,,,,,,,,,,,,,,,,,,,,,,,,,,,,,,,,,,,,,,,,,,,,,,,,,,,,,,,,,,,,,,,,,,,,,,,,,,,,
49,,,,,,,,,,,,,,,,,,,,,,,,,,,,,,,p.1009,,,,,,,,,p.1010,,,,,,,,,,,,,,,,,,,,,,,,,,,,,,,,,,,,,,,,,,,,,,,,,,,,,,,,,,,,,,,,,,,,,,,,,,,,,,,,,,,,,,,,,,,,,,,,,,,,,,,,,,,,,,,,,,,,,,,,,,,,,,,,,,,,,,,,,,,,,,,,,,,,,,,,,,,,,,,,,,,,,,,,,,,,,,,,,,,,,,
50,p.427/r.-79.0.0,p.428/r.-79.0.0,p.429/r.-79.0.0,p.430/r.-79.0.0,p.431/r.-79.0.0,p.432/r.-79.0.0,p.346/r.-79.0.0,p.347/r.-79.0.0,p.348/r.-79.0.0,p.349/r.-79.0.0,p.433/r.-79.0.0,p.434/r.-79.0.0,p.435/r.-79.0.0,p.436/r.-79.0.0,p.354/r.-79.0.0,p.355/r.-79.0.0,p.437/r.-79.0.0,p.438/r.-79.0.0,p.358/r.-79.0.0,p.359/r.-79.0.0,p.439/r.-79.0.0,p.440/r.-79.0.0,p.441/r.-79.0.0,p.442/r.-79.0.0,p.443/r.-79.0.0,p.444/r.-79.0.0,p.445/r.-79.0.0,p.446/r.-79.0.0,p.447/r.-79.0.0,p.448/r.-79.0.0,p.449/r.-79.0.0,p.450/r.-79.0.0,p.451/r.-79.0.0,p.452/r.-79.0.0,p.364/r.-79.0.0,p.365/r.-79.0.0,p.453/r.-79.0.0,p.454/r.-79.0.0,p.455/r.-79.0.0,p.456/r.-79.0.0,p.370/r.-79.0.0,p.457/r.-79.0.0,p.372/r.-79.0.0,p.458/r.-79.0.0,p.374/r.-79.0.0,p.375/r.-79.0.0,p.376/r.-79.0.0,p.377/r.-79.0.0,p.378/r.-79.0.0,p.379/r.-79.0.0,p.380/r.-79.0.0,p.381/r.-79.0.0,p.382/r.-79.0.0,p.383/r.-79.0.0,p.384/r.-79.0.0,p.385/r.-79.0.0,p.386/r.-79.0.0,p.387/r.-79.0.0,p.459/r.-79.0.0,p.389/r.-79.0.0,p.460/r.-79.0.0,p.391/r.-79.0.0,p.392/r.-79.0.0,p.393/r.-79.0.0,p.461/r.-79.0.0,p.395/r.-79.0.0,p.396/r.-79.0.0,p.397/r.-79.0.0,p.398/r.-79.0.0,p.399/r.-79.0.0,p.400/r.-79.0.0,p.462/r.-79.0.0,p.402/r.-79.0.0,p.403/r.-79.0.0,p.404/r.-79.0.0,p.405/r.-79.0.0,p.406/r.-79.0.0,p.407/r.-79.0.0,p.408/r.-79.0.0,p.409/r.-79.0.0,p.410/r.-79.0.0,p.411/r.-79.0.0,p.412/r.-79.0.0,p.413/r.-79.0.0,p.414/r.-79.0.0,p.415/r.-79.0.0,p.416/r.-79.0.0,p.463/r.-79.0.0,p.418/r.-79.0.0,p.419/r.-79.0.0,p.420/r.-79.0.0,p.421/r.-79.0.0,p.422/r.-79.0.0,p.464/r.-79.0.0,,,,,,,,,,,,,,,,,,,,,,,,,,,,,,,,,,,,,,,,,,,,,,,,,,,,,,,,,,,,,,,,,,,,,,,,,,,,,,,,p.424,,p.465,,,,,,,,,,,,,p.1005,p.1006,,,,,,,,,,,,,,,,,,,,,,,,,,,,,,,p.1007,
51,,,,,,,,,,,,,,,,p.978,,,,,,,,,,,,,,,,,,,,,,,,,,,,,,,,,,,,,,,,,,,,,,,,,,,,,,,,,,,,,,,,,,,,,,,,,,,,,,,,,,,,,,,,,,,,,,,,,,,,,,,,,,,,,,,,,,,,,,,,,,,,,,,,,,,,,,,,,,,,,,,,,,,,,,,,,,,,,,,,,,,,,,,,,,,,,,,,,,,,,,,,,,,,,,,,,,,,,,,,,,,,,,
52,r.-90.0.0,r.-90.0.0,r.-90.0.0,r.-90.0.0,r.-90.0.0,p.48/r.-90.0.0,r.-90.0.0,r.-90.0.0,r.-90.0.0,r.-90.0.0,r.-90.0.0,r.-90.0.0,r.-90.0.0,r.-90.0.0,r.-90.0.0,r.-90.0.0,r.-90.0.0,r.-90.0.0,r.-90.0.0,r.-90.0.0,r.-90.0.0,r.-90.0.0,r.-90.0.0,r.-90.0.0,r.-90.0.0,r.-90.0.0,r.-90.0.0,r.-90.0.0,r.-90.0.0,r.-90.0.0,r.-90.0.0,r.-90.0.0,r.-90.0.0,r.-90.0.0,r.-90.0.0,r.-90.0.0,r.-90.0.0,r.-90.0.0,r.-90.0.0,r.-90.0.0,r.-90.0.0,r.-90.0.0,r.-90.0.0,r.-90.0.0,r.-90.0.0,r.-90.0.0,r.-90.0.0,r.-90.0.0,r.-90.0.0,r.-90.0.0,r.-90.0.0,r.-90.0.0,r.-90.0.0,r.-90.0.0,r.-90.0.0,r.-90.0.0,r.-90.0.0,r.-90.0.0,r.-90.0.0,r.-90.0.0,r.-90.0.0,r.-90.0.0,r.-90.0.0,r.-90.0.0,r.-90.0.0,r.-90.0.0,r.-90.0.0,r.-90.0.0,r.-90.0.0,r.-90.0.0,r.-90.0.0,r.-90.0.0,r.-90.0.0,r.-90.0.0,r.-90.0.0,r.-90.0.0,r.-90.0.0,r.-90.0.0,r.-90.0.0,r.-90.0.0,r.-90.0.0,r.-90.0.0,r.-90.0.0,r.-90.0.0,r.-90.0.0,r.-90.0.0,r.-90.0.0,r.-90.0.0,r.-90.0.0,r.-90.0.0,r.-90.0.0,r.-90.0.0,r.-90.0.0,r.-90.0.0,,,,,,,,,,,,,,,,,p.971,,,,,,,,,,,,,,,,,,,,,,,,,,,,,,,,,,,,,,,,,,,,,,,,,,,,,,,,,,,,,,,,,,,,,,,,,,p.972,p.69,,,,,,,,,,,,,,,,,,,,,,,,,,,,,,,,,,p.973,,
53,,,,,,,,,,,,,,,,p.951,,,,,,,,,,,,,,,,,,,,,,,,,,,,,,,,,,,,,,,,,,,,,,,,,,,,,,,,,,,,,,,,,,,,,,,,,,,,,,,,,,,,,,,,,,,,,,,,,,,,,,,,,,,,,,,,,,,,,,,,,,,,,,,,,,,,,,,,,,,,,,,,,,,,,,,,,,,,,,,,,,,,,,,,,,,,,,,,,,,,,,,,,,,,,,,,,,,,,,,,,,,,,,
54,,,,,,,,,,,,,,,,r.-80.1.0,,,,,,,,,,,,,,,,,,,,,,,,,,,,,,,,,,,,,,,,,,,,,,,,,,,,,,,,,,,,,,,,,,,,,,,,,,,,,,,,,,,,,,,,,,,,,,,,,,,,,,,,,,,,,,,,,,,,,,,,,,,,,,,,,,,,,,,,,,,,,,,,,,,,,,,,,,,,,,,,,,,,,,,,,,,,,,,,,,,,,,,,,,,,,,,,,,,,,,,,,,,,,,
55,,,,,,,,,,,,,,,,r.-44.1.0,,,,,,,,,,,,,,,,,,,,r.-44.1.0,,,,,,,,,,,,r.-44.1.0,,r.-44.1.0,,r.-44.1.0,,,,,,,,,,,,,,,,,,,,,,,,,,,,,,,,,,,,,,,,,,,,,,,,,,,,,,,,,,,,,,,,,,,,,,,,,,,,,,,,,,,,,,,,,,,,,,,,,,,,,,,,,,,,,,,,,,,,,,,,,,,,,,,,,,,,,,,,,,,,,,,,,,,,,,,,,,,,,,,,,,,,,,,,,,
56,,,,,,,,,,,,,,,,r.-80.1.0,,,,,,,,,,,,,,,,,,,,,,,,,,,,,,,,,,,,,,,,,,,,,,,,,,,,,,,,,,,,,,,,,,,,,,,,,,,,,,,,,,,,,,,,,,,,,,,,,,,,,,,,,,,,,,,,,,,,,,,,,,,,,,,,,,,,,,,,,,,,,,,,,,,,,,,,,,,,,,,,,,,,,,,,,,,,,,,,,,,,,,,,,,,,,,,,,,,,,,,,,,,,,,
57,,,,,,,,,,,,,,,,p.896,,,,,,,,,,,,,,,,,,,,,,,,,,,,,,,,,,,,,,,,,,,,,,,,,,,,,,,,,,,,,,,,,,,,,,,,,,,,,,,,,,,,,,,,,,,,,,,,,,,,,,,,,,,,,,,,,,,,,,,,,,,,,,,,,,,,,,,,,,,,,,,,,,,,,,,,,,,,,,,,,,,,,,,,,,,,,,,,,,,,,,,,,,,,,,,,,,,,,,,,,,,,,,
58,,,,,,,,,,,,,,,,p.871,,,,,,,,,,,,,,,,,,,,,,,,,,,,,,,,,,,,,,,,,,,,,,,,,,,,,,,,,,,,,,,,,,,,,,,,,,,,,,,,,,,,,,,,,,,,,,,,,,,,,,,,,,,,,,,,,,,,,,,,,,,,,,,,,,,,,,,,,,,,,,,,,,,,,,,,,,,,,,,,,,,,,,,,,,,,,,,,,,,,,,,,,,,,,,,,,,,,,,,,,,,,,,
59,,,,,,,,,,,,,,,,r.-115.1.0,,,,,,,,,,,,,,,,,,,,,,,,,,,,,,,,,,,,,,,,,,,,,,,,,,,,,,,,,,,,,,,,,,,,,,,,,,,,,,,,,,,,,,,,,,,,,,,,,,,,,,,,,,,,,,,,,,,,,,,,,,,,,,,,,,,,,,,,,,,,,,,,,,,,,,,,,,,,,,,,,,,,,,,,,,,,,,,,,,,,,,,,,,,,,,,,,,,,,,,,,,,,,,
60,,,,,,,,,,,,,,,,r.-43.1.0,,,,,,,,,,,,,,,,,,,,p.50,,,,,,,,,,,,p.51,,p.52,,p.53,,,,,,,,,,,,,,,,,,,,,,,,,,,,,,,,,,,,,,,,,,,,,,,,,,,,,,,,,p.55,,,,,,,,,,,,,,,,,,,,,,,,,,,,,p.870,p.60,,,,,,,,,,,,,,,,,,,,,,,,,,,p.64,p.65,,,,,,,,,,,,,,,,,,,,,,,,,,,,,,,p.71,,,,,,,,,,,,,,,,,,,,,,,,
61,,,,,,,,,,,,,,,,p.856,,,,,,,,,,,,,,,,,,,,,,,,,,,,,,,,,,,,,,,,,,,,,,,,,,,,,,,,,,,,,,,,,,,,,,,,,,,,,,,,,,,,,,,,,,,,,,,,,,,,,,,,,,,,,,,,,,,,,,,,,,,,,,,,,,,,,,,,,,,,,,,,,,,,,,,,,,,,,,,,,,,,,,,,,,,,,,,,,,,,,,,,,,,,,,,,,,,,,,,,,,,,,,
62,,,,,,,,,,,,,,,,,,,,,,,,,,,,,,,,,,,,,,,,,,,,,,,,,,,,,,,,,,,,,,,,,,,,,,,,,,,,,,,,,,,,,,,,,,,,,,,r.-118.7.0,,,,,,,,,,,,,,,,,,,,,,,,,,,,,,,,,,,,,,,,,,,,,,,,,,,,,,,,,,,,,,,,,,,,,,,,,,,,,,,,,,,,,,,,,,,,,,,,,,,,,,,,,,,,,,,,,,,,,,,,,,,,,,,
63,r.-90.0.0,r.-90.0.0,r.-90.0.0,r.-90.0.0,r.-90.0.0,p.48/r.-90.0.0,r.-90.0.0,r.-90.0.0,r.-90.0.0,p.49/r.-90.0.0,r.-90.0.0,r.-90.0.0,r.-90.0.0,r.-90.0.0,r.-90.0.0,r.-90.0.0,r.-90.0.0,r.-90.0.0,r.-90.0.0,r.-90.0.0,r.-90.0.0,r.-90.0.0,r.-90.0.0,r.-90.0.0,r.-90.0.0,r.-90.0.0,r.-90.0.0,r.-90.0.0,r.-90.0.0,r.-90.0.0,r.-90.0.0,r.-90.0.0,r.-90.0.0,r.-90.0.0,r.-90.0.0,p.50/r.-90.0.0,r.-90.0.0,r.-90.0.0,r.-90.0.0,r.-90.0.0,r.-90.0.0,r.-90.0.0,r.-90.0.0,r.-90.0.0,r.-90.0.0,r.-90.0.0,r.-90.0.0,p.51/r.-90.0.0,r.-90.0.0,p.52/r.-90.0.0,r.-90.0.0,p.53/r.-90.0.0,r.-90.0.0,r.-90.0.0,r.-90.0.0,r.-90.0.0,r.-90.0.0,r.-90.0.0,r.-90.0.0,r.-90.0.0,r.-90.0.0,r.-90.0.0,r.-90.0.0,r.-90.0.0,r.-90.0.0,r.-90.0.0,r.-90.0.0,r.-90.0.0,r.-90.0.0,r.-90.0.0,r.-90.0.0,r.-90.0.0,r.-90.0.0,r.-90.0.0,p.54/r.-90.0.0,r.-90.0.0,r.-90.0.0,r.-90.0.0,r.-90.0.0,r.-90.0.0,r.-90.0.0,r.-90.0.0,r.-90.0.0,r.-90.0.0,r.-90.0.0,r.-90.0.0,r.-90.0.0,r.-90.0.0,r.-90.0.0,r.-90.0.0,r.-90.0.0,r.-90.0.0,r.-90.0.0,r.-90.0.0,r.-67.0.0,,,,,,,,,,,,,,p.55,,p.56,,,,,p.57,,p.58,,,,,,,,,,,,,,,,,,,,p.59,p.60,,,,,,,,,,,,,,,,,,,,,p.61,,p.855,p.63,,,p.64,p.65,,,,,,,,p.66,,,,,,p.67,,,,p.68,p.69,,,,,,,,p.70,,,,p.71,,,,,,,,,,p.72,p.73,p.74,,,,,,,,,,p.75,,
64,,,,,,,,,,,,,,,,r.-44.1.0,,,,,,,,,,,,,,,,,,,,r.-44.1.0,,,,,,,,,,,,r.-44.1.0,,r.-44.1.0,,r.-44.1.0,,,,,,,,,,,,,,,,,,,,,,,,,,,,,,,,,,,,,,,,,,,,,,,,,,,,,,,,,,,,,,,,,,,,,,,,,,,,,,,,,,,,,,,,,,,,,,,,,,,,,,,,,,,,,,,,,,,,,,,,,,,,,,,,,,,,,,,,,,,,,,,,,,,,,,,,,,,,,,,,,,,,,,,,,,
65,,,,,,,,,,,,,,,,r.-44.1.0,,,,,,,,,,,,,,,,,,,,r.-44.1.0,,,,,,,,,,,,r.-44.1.0,,r.-44.1.0,,r.-44.1.0,,,,,,,,,,,,,,,,,,,,,,,,,,,,,,,,,,,,,,,,,,,,,,,,,,,,,,,,,,,,,,,,,,,,,,,,,,,,,,,,,,,,,,,,,,,,,,,,,,,,,,,,,,,,,,,,,,,,,,,,,,,,,,,,,,,,,,,,,,,,,,,,,,,,,,,,,,,,,,,,,,,,,,,,,,
66,,,,,,,,,,,,,,,,p.851,,,,,,,,,,,,,,,,,,,,,,,,,,,,,,,,,,,,,,,,,,,,,,,,,,,,,,,,,,,,,,,,,,,,,,,,,,,,,,,,,,,,,,,,,,,,,,,,,,,,,,,,,,,,,,,,,,,,,,,,,,,,,,,,,,,,,,,,,,,,,,,,,,,,,,,,,,,,,,,,,,,,,,,,,,,,,,,,,,,,,,,,,,,,,,,,,,,,,,,,,,,,,,
67,,,,,,,,,,,,,,,,r.-65.1.0,,,,,,,,,,,,,,,,,,,,,,,,,,,,,,,,,,,,,,,,,,,,,,,,,,,,,,,,,,,,,,,,,,,,,,,,,,,,,,,,,,,,,,,,,,,,,,,,,,,,,,,,,,,,,,,,,,,,,,,,,,,,,,,,,,,,,,,,,,,,,,,,,,,,,,,,,,,,,,,,,,,,,,,,,,,,,,,,,,,,,,,,,,,,,,,,,,,,,,,,,,,,,,
68,p.340/r.-79.0.0,p.341/r.-79.0.0,p.342/r.-79.0.0,p.343/r.-79.0.0,p.344/r.-79.0.0,p.345/r.-79.0.0,p.346/r.-79.0.0,p.347/r.-79.0.0,p.348/r.-79.0.0,p.349/r.-79.0.0,p.350/r.-79.0.0,p.351/r.-79.0.0,p.352/r.-79.0.0,p.353/r.-79.0.0,p.354/r.-79.0.0,p.355/r.-79.0.0,p.356/r.-79.0.0,p.357/r.-79.0.0,p.358/r.-79.0.0,p.359/r.-79.0.0,r.-79.0.0,r.-79.0.0,r.-79.0.0,r.-79.0.0,r.-79.0.0,r.-79.0.0,r.-79.0.0,r.-79.0.0,r.-79.0.0,r.-79.0.0,p.360/r.-79.0.0,p.361/r.-79.0.0,p.362/r.-79.0.0,p.363/r.-79.0.0,p.364/r.-79.0.0,p.365/r.-79.0.0,p.366/r.-79.0.0,p.367/r.-79.0.0,p.368/r.-79.0.0,p.369/r.-79.0.0,p.370/r.-79.0.0,p.371/r.-79.0.0,p.372/r.-79.0.0,p.373/r.-79.0.0,p.374/r.-79.0.0,p.375/r.-79.0.0,p.376/r.-79.0.0,p.377/r.-79.0.0,p.378/r.-79.0.0,p.379/r.-79.0.0,p.380/r.-79.0.0,p.381/r.-79.0.0,p.382/r.-79.0.0,p.383/r.-79.0.0,p.384/r.-79.0.0,p.385/r.-79.0.0,p.386/r.-79.0.0,p.387/r.-79.0.0,p.388/r.-79.0.0,p.389/r.-79.0.0,p.390/r.-79.0.0,p.391/r.-79.0.0,p.392/r.-79.0.0,p.393/r.-79.0.0,p.394/r.-79.0.0,p.395/r.-79.0.0,p.396/r.-79.0.0,p.397/r.-79.0.0,p.398/r.-79.0.0,p.399/r.-79.0.0,p.400/r.-79.0.0,p.401/r.-79.0.0,p.402/r.-79.0.0,p.403/r.-79.0.0,p.404/r.-79.0.0,p.405/r.-79.0.0,p.406/r.-79.0.0,p.407/r.-79.0.0,p.408/r.-79.0.0,p.409/r.-79.0.0,p.410/r.-79.0.0,p.411/r.-79.0.0,p.412/r.-79.0.0,p.413/r.-79.0.0,p.414/r.-79.0.0,p.415/r.-79.0.0,p.416/r.-79.0.0,p.417/r.-79.0.0,p.418/r.-79.0.0,p.419/r.-79.0.0,p.420/r.-79.0.0,p.421/r.-79.0.0,p.422/r.-79.0.0,p.423/r.-79.0.0,,,,,,,,,,,,,,,,,,,,,,,,,,,,,,,,,,,,,,,,,,,,,,,,,,,,,,,,,,,,,,,,,,,,,,,,,,,,,,,,p.424,,p.425,,,,,,,,,,,,,,,p.847,,,,,,,,,,,,,,,,,,,,,,,,,,,,,,,
69,r.-90.1.0,r.-90.1.0,r.-90.1.0,r.-90.1.0,r.-90.1.0,r.-90.1.0,r.-90.1.0,r.-90.1.0,r.-90.1.0,r.-90.1.0,r.-90.1.0,r.-90.1.0,r.-90.1.0,r.-90.1.0,r.-90.1.0,r.-90.1.0,r.-90.1.0,r.-90.1.0,r.-90.1.0,r.-90.1.0,r.-90.1.0,r.-90.1.0,r.-90.1.0,r.-90.1.0,r.-90.1.0,r.-90.1.0,r.-90.1.0,r.-90.1.0,r.-90.1.0,r.-90.1.0,r.-90.1.0,r.-90.1.0,r.-90.1.0,r.-90.1.0,r.-90.1.0,r.-90.1.0,r.-90.1.0,r.-90.1.0,r.-90.1.0,r.-90.1.0,r.-90.1.0,r.-90.1.0,r.-90.1.0,r.-90.1.0,r.-90.1.0,r.-90.1.0,r.-90.1.0,r.-90.1.0,r.-90.1.0,r.-90.1.0,r.-90.1.0,r.-90.1.0,r.-90.1.0,r.-90.1.0,r.-90.1.0,r.-90.1.0,r.-90.1.0,r.-90.1.0,r.-90.1.0,r.-90.1.0,r.-90.1.0,r.-90.1.0,r.-90.1.0,r.-90.1.0,r.-90.1.0,r.-90.1.0,r.-90.1.0,r.-90.1.0,r.-90.1.0,r.-90.1.0,r.-90.1.0,r.-90.1.0,r.-90.1.0,r.-90.1.0,r.-90.1.0,r.-90.1.0,r.-90.1.0,r.-90.1.0,r.-90.1.0,r.-90.1.0,r.-90.1.0,r.-90.1.0,r.-90.1.0,r.-90.1.0,r.-90.1.0,r.-90.1.0,r.-90.1.0,r.-90.1.0,r.-90.1.0,r.-90.1.0,r.-90.1.0,r.-90.1.0,r.-90.1.0,r.-90.1.0,,,,,,,,,,,,,,,,,,,,,,,,,,,,,,,,,,,,,,,,,,,,,,,,,,,,,,,,,,,,,,,,,,,,,,,,,,,,,,,,,,,,,,,,,,,,,,,,,,,,,,,,,,,,,,,,,,,,,,,,,,,,,,,,
70,,,,,,,,,,,,,,,,r.-65.1.0,,,,,,,,,,,,,,,,,,,,,,,,,,,,,,,,,,,,,,,,,,,,,,,,,,,,,,,,,,,,,,,,,,,,,,,,,,,,,,,,,,,,,,,,,,,,,,,,,,,,,,,,,,,,,,,,,,,,,,,,,,,,,,,,,,,,,,,,,,,,,,,,,,,,,,,,,,,,,,,,,,,,,,,,,,,,,,,,,,,,,,,,,,,,,,,,,,,,,,,,,,,,,,
71,,,,,,,,,,,,,,,,r.-44.1.0,,,,,,,,,,,,,,,,,,,,r.-44.1.0,,,,,,,,,,,,r.-44.1.0,,r.-44.1.0,,r.-44.1.0,,,,,,,,,,,,,,,,,,,,,,,,,,,,,,,,,,,,,,,,,,,,,,,,,,,,,,,,,,,,,,,,,,,,,,,,,,,,,,,,,,,,,,,,,,,,,,,,,,,,,,,,,,,,,,,,,,,,,,,,,,,,,,,,,,,,,,,,,,,,,,,,,,,,,,,,,,,,,,,,,,,,,,,,,,
72,,,,,,,,,,,,,,,,r.-65.1.0,,,,,,,,,,,,,,,,,,,,,,,,,,,,,,,,,,,,,,,,,,,,,,,,,,,,,,,,,,,,,,,,,,,,,,,,,,,,,,,,,,,,,,,,,,,,,,,,,,,,,,,,,,,,,,,,,,,,,,,,,,,,,,,,,,,,,,,,,,,,,,,,,,,,,,,,,,,,,,,,,,,,,,,,,,,,,,,,,,,,,,,,,,,,,,,,,,,,,,,,,,,,,,
73,,,,,,,,,,,,,,,,p.103,,,,,,,,,,,,,,,,,,,,,,,,,,,,,,,,,,,,,,,,,,,,,,,,,,,,,,,,,,,,,,,,,,,,,,,,,,,,,,,,,,,,,,,,,,,,,,,,,,,,,,,,,,,,,,,,,,,,,,,,,,,,,,,,,,,,,,,,,,,,,,,,,,,,,,,,,,,,,,,,,,,,,,,,,,,,,,,,,,,,,,,,,,,,,,,,,,,,,,,,,,,,,,
74,,,,,,,,,,,,,,,,p.76,,,,,,,,,,,,,,,,,,,,,,,,,,,,,,,,,,,,,,,,,,,,,,,,,,,,,,,,,,,,,,,,,,,,,,,,,,,,,,,,,,,,,,,,,,,,,,,,,,,,,,,,,,,,,,,,,,,,,,,,,,,,,,,,,,,,,,,,,,,,,,,,,,,,,,,,,,,,,,,,,,,,,,,,,,,,,,,,,,,,,,,,,,,,,,,,,,,,,,,,,,,,,,
75,,,,,,,,,,,,,,,,r.-16.1.0,,,,,,,,,,,,,,,,,,,,,,,,,,,,,,,,,,,,,,,,,,,,,,,,,,,,,,,,,,,,,,,,,,,,,,,,,,,,,,,,,,,,,,,,,,,,,,,,,,,,,,,,,,,,,,,,,,,,,,,,,,,,,,,,,,,,,,,,,,,,,,,,,,,,,,,,,,,,,,,,,,,,,,,,,,,,,,,,,,,,,,,,,,,,,,,,,,,,,,,,,,,,,,
76,,,,,,,p.77,,,,,,,,,p.78/r.-33.0.0/r.-59.0.0,,,,,,,,,,,,,,,,,,,,,,,,,,,,,,,,,,,p.79,,,,,,,,,,,,,,,,,,,,,,,,,,,,,,,,,,,,,,,,,,,,,,,,,,,,,,,,,,,,,,,,,,,,,,,p.80,,,,p.81,,p.82,,,,,,,,,,,,,,,,,,,,,,,,,,p.83,p.84,,,,,,,,,,,,,,p.85,,,,,,,,,,,,,,,,,,,,,,,,,,,,,,,,,,,,,,,,,,,,,,,,,,,,,
77,,,,,,,,,,,,,,,,p.101,,,,,,,,,,,,,,,,,,,,,,,,,,,,,,,,,,,,,,,,,,,,,,,,,,,,,,,,,,,,,,,,,,,,,,,,,,,,,,,,,,,,,,,,,,,,,,,,,,,,,,,,,,,,,,,,,,,,,,,,,,,,,,,,,,,,,,,,,,,,,,,,,,,,,,,,,,,,,,,,,,,,,,,,,,,,,,,,,,,,,,,,,,,,,,,,,,,,,,,,,,,,,,
78,,,,,,,,,,,,,,,,r.-33.1.0,,,,,,,,,,,,,,,,,,,,,,,,,,,,,,,,,,,,,,,,,,,,,,,,,,,,,,,,,,,,,,,,,,,,,,,,,,,,,,,,,,,,,,,,,,,,,,,,,,,,,,,,,,,,,,,,,,,,,,,,,,,,,,,,,,,,,,,,,,,,,,,,,,,,,,,,,,,,,,,,,,,,,,,,,,,,,,,,,,,,,,,,,,,,,,,,,,,,,,,,,,,,,,
79,,,,,,,,,,,,,,,,p.96,,,,,,,,,,,,,,,,,,,,,,,,,,,,,,,,,,,,,,,,,,,,,,,,,,,,,,,,,,,,,,,,,,,,,,,,,,,,,,,,,,,,,,,,,,,,,,,,,,,,,,,,,,,,,,,,,,,,,,,,,,,,,,,,,,,,,,,,,,,,,,,,,,,,,,,,,,,,,,,,,,,,,,,,,,,,,,,,,,,,,,,,,,,,,,,,,,,,,,,,,,,,,,
80,,,,,,,,,,,,,,,,p.89,,,,,,,,,,,,,,,,,,,,,,,,,,,,,,,,,,,,,,,,,,,,,,,,,,,,,,,,,,,,,,,,,,,,,,,,,,,,,,,,,,,,,,,,,,,,,,,,,,,,,,,,,,,,,,,,,,,,,,,,,,,,,,,,,,,,,,,,,,,,,,,,,,,,,,,,,,,,,,,,,,,,,,,,,,,,,,,,,,,,,,,,,,,,,,,,,,,,,,,,,,,,,,
81,,,,,,,,,,,,,,,,r.-27.1.0,,,,,,,,,,,,,,,,,,,,,,,,,,,,,,,,,,,,,,,,,,,,,,,,,,,,,,,,,,,,,,,,,,,,,,,,,,,,,,,,,,,,,,,,,,,,,,,,,,,,,,,,,,,,,,,,,,,,,,,,,,,,,,,,,,,,,,,,,,,,,,,,,,,,,,,,,,,,,,,,,,,,,,,,,,,,,,,,,,,,,,,,,,,,,,,,,,,,,,,,,,,,,,
82,,,,,,,,,,,,,,,,p.78/r.-31.1.0/r.-33.0.0,,,,,,,,,,,,,,,,,,,,,,,,,,,,,,,,,,,,,,,,,,,,,,,,,,,,,,,,,,,,,,,,,,,,,,,,,,,,,,,,,,,,,,,,,,,,,,,,,,,,,,,,,,,,,,p.88,,p.82,,,,,,,,,,,,,,,,,,,,,,,,,,,,,,,,,,,,,,,,,,,,,,,,,,,,,,,,,,,,,,,,,,,,,,,,,,,,,,,,,,,,,,,,,,,,,,
83,,,,,,,,,,,,,,,,r.-114.3.0,,,,,,,,,,,,,,,,,,,,,,,,,,,,,,,,,,,,,,,,,,,,,,,,,,,,,,,,,,,,,,,,,,,,,,,,,,,,,,,,,,,,,,,,,,,,,,,,,,,,,,,,,,,,,,,,,,,,,,,,,,,,,,,,,,,,,,,,,,,,,,,,,,,,,,,,,,,,,,,,,,,,,,,,,,,,,,,,,,,,,,,,,,,,,,,,,,,,,,,,,,,,,,
84,,,,,,,,,,,,,,,,r.-59.1.0,,,,,,,,,,,,,,,,,,,,,,,,,,,,,,,,,,,,,,,,,,,,,,,,,,,,,,,,,,,,,,,,,,,,,,,,,,,,,,,,,,,,,,,,,,,,,,,,,,,,,,,,,,,,,,,,,,,,,,,,,,,,,,,,,,,,,,,,,,,,,,,,,,,,,,,,,,,,,,,,,,,,,,,,,,,,,,,,,,,,,,,,,,,,,,,,,,,,,,,,,,,,,,
85,,,,,,,,,,,,,,,,p.86,,,,,,,,,,,,,,,,,,,,,,,,,,,,,,,,,,,,,,,,,,,,,,,,,,,,,,,,,,,,,,,,,,,,,,,,,,,,,,,,,,,,,,,,,,,,,,,,,,,,,,,,,,,,,,,,,,,,,,,,,,,,,,,,,,,,,,,,,,,,,,,,,,,,,,,,,,,,,,,,,,,,,,,,,,,,,,,,,,,,,,,,,,,,,,,,,,,,,,,,,,,,,,
86,r.-90.0.0,r.-90.0.0,r.-90.0.0,r.-90.0.0,r.-90.0.0,p.48/r.-90.0.0,r.-90.0.0,r.-90.0.0,r.-90.0.0,r.-90.0.0,r.-90.0.0,r.-90.0.0,r.-90.0.0,r.-90.0.0,r.-90.0.0,r.-90.0.0,r.-90.0.0,r.-90.0.0,r.-90.0.0,r.-90.0.0,r.-90.0.0,r.-90.0.0,r.-90.0.0,r.-90.0.0,r.-90.0.0,r.-90.0.0,r.-90.0.0,r.-90.0.0,r.-90.0.0,r.-90.0.0,r.-90.0.0,r.-90.0.0,r.-90.0.0,r.-90.0.0,r.-90.0.0,p.50/r.-90.0.0,r.-90.0.0,r.-90.0.0,r.-90.0.0,r.-90.0.0,r.-90.0.0,r.-90.0.0,r.-90.0.0,r.-90.0.0,r.-90.0.0,r.-90.0.0,r.-90.0.0,p.51/r.-90.0.0,r.-90.0.0,p.52/r.-90.0.0,r.-90.0.0,p.53/r.-90.0.0,r.-90.0.0,r.-90.0.0,r.-90.0.0,r.-90.0.0,r.-90.0.0,r.-90.0.0,r.-90.0.0,r.-90.0.0,r.-90.0.0,r.-90.0.0,r.-90.0.0,r.-90.0.0,r.-90.0.0,r.-90.0.0,r.-90.0.0,r.-90.0.0,r.-90.0.0,r.-90.0.0,r.-90.0.0,r.-90.0.0,r.-90.0.0,r.-90.0.0,p.54/r.-90.0.0,r.-90.0.0,r.-90.0.0,r.-90.0.0,r.-90.0.0,r.-90.0.0,r.-90.0.0,r.-90.0.0,r.-90.0.0,r.-90.0.0,r.-90.0.0,r.-90.0.0,r.-90.0.0,r.-90.0.0,r.-90.0.0,r.-90.0.0,r.-90.0.0,r.-90.0.0,r.-90.0.0,r.-90.0.0,,,,,,,,,,,,,,,p.55,,p.56,,,,,,,,,,,,,,,,,,,,,,,,,,,p.59,p.60,,,,,,,,,,,,,,,,,,,,,,,,,,,p.64,p.65,,,,,,,,p.66,,,,,,,,,,p.68,p.69,,,,,,,,,,,,p.71,,,,,,,,,,,p.87,p.74,,,,,,,,,,p.75,,
87,,,,,,,,,,,,,,,,r.-60.3.0,,,,,,,,,,,,,,,,,,,,,,,,,,,,,,,,,,,,,,,,,,,,,,,,,,,,,,,,,,,,,,,,,,,,,,,,,,,,,,,,,,,,,,,,,,,,,,,,,,,,,,,,,,,,,,,,,,,,,,,,,,,,,,,,,,,,,,,,,,,,,,,,,,,,,,,,,,,,,,,,,,,,,,,,,,,,,,,,,,,,,,,,,,,,,,,,,,,,,,,,,,,,,,
88,,,,,,,,,,,,,,,,r.-31.2.0,,,,,,,,,,,,,,,,,,,,,,,,,,,,,,,,,,,,,,,,,,,,,,,,,,,,,,,,,,,,,,,,,,,,,,,,,,,,,,,,,,,,,,,,,,,,,,,,,,,,,,,,,,,,,,,,,,,,,,,,,,,,,,,,,,,,,,,,,,,,,,,,,,,,,,,,,,,,,,,,,,,,,,,,,,,,,,,,,,,,,,,,,,,,,,,,,,,,,,,,,,,,,,
89,,,,,,,p.77,,,,,,,,,r.-73.0.0/r.-57.0.0,,,,,,,,,,,,,,,,,,,,,,,,,,,,,,,,,,,p.79,,,,,,,,,,,,,,,,,,,,,,,,,,,,,,,,,,,,,,,,,,,,,,,,,,,,,,,,,,,,,,,,,,,,,,,,,,,,,,,,,,,,,,,,,,,,,,,,,,,,,p.90,p.91,,,,,,,,,,,,,,,p.92,p.93,,,,,,,,,,,,,,,,,,,,,,,,,,,,,,,,,,,,,,,,,,,,,,,,,,,,,
90,,,,,,,,,,,,,,,,r.-60.3.0,,,,,,,,,,,,,,,,,,,,,,,,,,,,,,,,,,,,,,,,,,,,,,,,,,,,,,,,,,,,,,,,,,,,,,,,,,,,,,,,,,,,,,,,,,,,,,,,,,,,,,,,,,,,,,,,,,,,,,,,,,,,,,,,,,,,,,,,,,,,,,,,,,,,,,,,,,,,,,,,,,,,,,,,,,,,,,,,,,,,,,,,,,,,,,,,,,,,,,,,,,,,,,
91,,,,,,,,,,,,,,,,r.-57.1.0,,,,,,,,,,,,,,,,,,,,,,,,,,,,,,,,,,,,,,,,,,,,,,,,,,,,,,,,,,,,,,,,,,,,,,,,,,,,,,,,,,,,,,,,,,,,,,,,,,,,,,,,,,,,,,,,,,,,,,,,,,,,,,,,,,,,,,,,,,,,,,,,,,,,,,,,,,,,,,,,,,,,,,,,,,,,,,,,,,,,,,,,,,,,,,,,,,,,,,,,,,,,,,
92,,,,,,,,,,,,,,,,p.94,,,,,,,,,,,,,,,,,,,,,,,,,,,,,,,,,,,,,,,,,,,,,,,,,,,,,,,,,,,,,,,,,,,,,,,,,,,,,,,,,,,,,,,,,,,,,,,,,,,,,,,,,,,,,,,,,,,,,,,,,,,,,,,,,,,,,,,,,,,,,,,,,,,,,,,,,,,,,,,,,,,,,,,,,,,,,,,,,,,,,,,,,,,,,,,,,,,,,,,,,,,,,,
93,,,,,,,,,,,,,,,,r.-73.1.0,,,,,,,,,,,,,,,,,,,,,,,,,,,,,,,,,,,,,,,,,,,,,,,,,,,,,,,,,,,,,,,,,,,,,,,,,,,,,,,,,,,,,,,,,,,,,,,,,,,,,,,,,,,,,,,,,,,,,,,,,,,,,,,,,,,,,,,,,,,,,,,,,,,,,,,,,,,,,,,,,,,,,,,,,,,,,,,,,,,,,,,,,,,,,,,,,,,,,,,,,,,,,,
94,r.-90.0.0,r.-90.0.0,r.-90.0.0,r.-90.0.0,r.-90.0.0,p.48/r.-90.0.0,r.-90.0.0,r.-90.0.0,r.-90.0.0,r.-90.0.0,r.-90.0.0,r.-90.0.0,r.-90.0.0,r.-90.0.0,r.-90.0.0,r.-90.0.0,r.-90.0.0,r.-90.0.0,r.-90.0.0,r.-90.0.0,r.-90.0.0,r.-90.0.0,r.-90.0.0,r.-90.0.0,r.-90.0.0,r.-90.0.0,r.-90.0.0,r.-90.0.0,r.-90.0.0,r.-90.0.0,r.-90.0.0,r.-90.0.0,r.-90.0.0,r.-90.0.0,r.-90.0.0,p.50/r.-90.0.0,r.-90.0.0,r.-90.0.0,r.-90.0.0,r.-90.0.0,r.-90.0.0,r.-90.0.0,r.-90.0.0,r.-90.0.0,r.-90.0.0,r.-90.0.0,r.-90.0.0,p.51/r.-90.0.0,r.-90.0.0,p.52/r.-90.0.0,r.-90.0.0,p.53/r.-90.0.0,r.-90.0.0,r.-90.0.0,r.-90.0.0,r.-90.0.0,r.-90.0.0,r.-90.0.0,r.-90.0.0,r.-90.0.0,r.-90.0.0,r.-90.0.0,r.-90.0.0,r.-90.0.0,r.-90.0.0,r.-90.0.0,r.-90.0.0,r.-90.0.0,r.-90.0.0,r.-90.0.0,r.-90.0.0,r.-90.0.0,r.-90.0.0,r.-90.0.0,p.54/r.-90.0.0,r.-90.0.0,r.-90.0.0,r.-90.0.0,r.-90.0.0,r.-90.0.0,r.-90.0.0,r.-90.0.0,r.-90.0.0,r.-90.0.0,r.-90.0.0,r.-90.0.0,r.-90.0.0,r.-90.0.0,r.-90.0.0,r.-90.0.0,r.-90.0.0,r.-90.0.0,r.-90.0.0,r.-90.0.0,,,,,,,,,,,,,,,p.55,,p.56,,,,,,,,,,,,,,,,,,,,,,,,,,,p.59,p.60,,,,,,,,,,,,,,,,,,,,,,,,,,,p.64,p.65,,,,,,,,p.66,,,,,,,,,,p.68,p.69,,,,,,,,,,,,p.71,,,,,,,,,,,p.95,p.74,,,,,,,,,,p.75,,
95,,,,,,,,,,,,,,,,r.-58.3.0,,,,,,,,,,,,,,,,,,,,,,,,,,,,,,,,,,,,,,,,,,,,,,,,,,,,,,,,,,,,,,,,,,,,,,,,,,,,,,,,,,,,,,,,,,,,,,,,,,,,,,,,,,,,,,,,,,,,,,,,,,,,,,,,,,,,,,,,,,,,,,,,,,,,,,,,,,,,,,,,,,,,,,,,,,,,,,,,,,,,,,,,,,,,,,,,,,,,,,,,,,,,,,
96,,,,,,,,,,,,,,,,p.78/r.-33.0.0/r.-32.0.0,,,,,,,,,,,,,,,,,,,,,,,,,,,,,,,,,,,,,,,,,,,,,,,,,,,,,,,,,,,,,,,,,,,,,,,,,,,,,,,,,,,,,,,,,,,,,,,,,,,,,,,,,,,p.97,,,,p.98,p.99,,,,,,,,,,,,,,,,,,,,,,,,,,,,,,,,,,,,,,,,,,,,,,,,,,,,,,,,,,,,,,,,,,,,,,,,,,,,,,,,,,,,,,,,,,,,,,
97,,,,,,,,,,,,,,,,r.-74.3.0,,,,,,,,,,,,,,,,,,,,,,,,,,,,,,,,,,,,,,,,,,,,,,,,,,,,,,,,,,,,,,,,,,,,,,,,,,,,,,,,,,,,,,,,,,,,,,,,,,,,,,,,,,,,,,,,,,,,,,,,,,,,,,,,,,,,,,,,,,,,,,,,,,,,,,,,,,,,,,,,,,,,,,,,,,,,,,,,,,,,,,,,,,,,,,,,,,,,,,,,,,,,,,
98,,,,,,,,,,,,,,,,r.-28.1.0,,,,,,,,,,,,,,,,,,,,,,,,,,,,,,,,,,,,,,,,,,,,,,,,,,,,,,,,,,,,,,,,,,,,,,,,,,,,,,,,,,,,,,,,,,,,,,,,,,,,,,,,,,,,,,,,,,,,,,,,,,,,,,,,,,,,,,,,,,,,,,,,,,,,,,,,,,,,,,,,,,,,,,,,,,,,,,,,,,,,,,,,,,,,,,,,,,,,,,,,,,,,,,
99,,,,,,,,,,,,,,,,p.78/r.-32.0.0/r.-33.0.0,,,,,,,,,,,,,,,,,,,,,,,,,,,,,,,,,,,,,,,,,,,,,,,,,,,,,,,,,,,,,,,,,,,,,,,,,,,,,,,,,,,,,,,,,,,,,,,,,,,,,,,,,,,,,,,p.100,p.99,,,,,,,,,,,,,,,,,,,,,,,,,,,,,,,,,,,,,,,,,,,,,,,,,,,,,,,,,,,,,,,,,,,,,,,,,,,,,,,,,,,,,,,,,,,,,,
100,,,,,,,,,,,,,,,,r.-32.2.0,,,,,,,,,,,,,,,,,,,,,,,,,,,,,,,,,,,,,,,,,,,,,,,,,,,,,,,,,,,,,,,,,,,,,,,,,,,,,,,,,,,,,,,,,,,,,,,,,,,,,,,,,,,,,,,,,,,,,,,,,,,,,,,,,,,,,,,,,,,,,,,,,,,,,,,,,,,,,,,,,,,,,,,,,,,,,,,,,,,,,,,,,,,,,,,,,,,,,,,,,,,,,,
101,,,,,,,,,,,,,,,,p.78/r.-32.0.0/r.-33.0.0,,,,,,,,,,,,,,,,,,,,,,,,,,,,,,,,,,,,,,,,,,,,,,,,,,,,,,,,,,,,,,,,,,,,,,,,,,,,,,,,,,,,,,,,,,,,,,,,,,,,,,,,,,,p.102,,,,p.98,p.99,,,,,,,,,,,,,,,,,,,,,,,,,,,,,,,,,,,,,,,,,,,,,,,,,,,,,,,,,,,,,,,,,,,,,,,,,,,,,,,,,,,,,,,,,,,,,,
102,,,,,,,,,,,,,,,,r.-74.3.0,,,,,,,,,,,,,,,,,,,,,,,,,,,,,,,,,,,,,,,,,,,,,,,,,,,,,,,,,,,,,,,,,,,,,,,,,,,,,,,,,,,,,,,,,,,,,,,,,,,,,,,,,,,,,,,,,,,,,,,,,,,,,,,,,,,,,,,,,,,,,,,,,,,,,,,,,,,,,,,,,,,,,,,,,,,,,,,,,,,,,,,,,,,,,,,,,,,,,,,,,,,,,,
103,,,,,,,,,,,,,,,p.104,r.-6.0.0,,,,,,,,,,,,,,,,,,,,,,,,,,,,,,,,,,,,,,,,,,,,,,,,,,,,,,,,,,,,,,,,,,,,,,,,,,,,,,,,,,,,,p.105,p.106,,,,,,,,,,,,,,,,,,,,,,,,,,,,,,,,,,,,,,,,,,,,,,,,,,,,,,,,,,,,,,,,,,,,,,,,,,,,,,,,,,,,,,,,,,,,,,,,,,,,,,,,,,,,,,,,,,,,,,,,
104,,,,,,,,,,,,,,,,p.836,,,,,,,,,,,,,,,,,,,,,,,,,,,,,,,,,,,,,,,,,,,,,,,,,,,,,,,,,,,,,,,,,,,,,,,,,,,,,,,,,,,,,,,,,,,,,,,,,,,,,,,,,,,,,,,,,,,,,,,,,,,,,,,,,,,,,,,,,,,,,,,,,,,,,,,,,,,,,,,,,,,,,,,,,,,,,,,,,,,,,,,,,,,,,,,,,,,,,,,,,,,,,,
105,,,,,,,,,,,,,,,,p.108,,,,,,,,,,,,,,,,,,,,,,,,,,,,,,,,,,,,,,,,,,,,,,,,,,,,,,,,,,,,,,,,,,,,,,,,,,,,,,,,,,,,,,,,,,,,,,,,,,,,,,,,,,,,,,,,,,,,,,,,,,,,,,,,,,,,,,,,,,,,,,,,,,,,,,,,,,,,,,,,,,,,,,,,,,,,,,,,,,,,,,,,,,,,,,,,,,,,,,,,,,,,,,
106,,,,,,,,,,,,,,,p.104,r.-6.0.0,,,,,,,,,,,,,,,,,,,,,,,,,,,,,,,,,,,,,,,,,,,,,,,,,,,,,,,,,,,,,,,,,,,,,,,,,,,,,,,,,,,,,p.107,p.106,,,,,,,,,,,,,,,,,,,,,,,,,,,,,,,,,,,,,,,,,,,,,,,,,,,,,,,,,,,,,,,,,,,,,,,,,,,,,,,,,,,,,,,,,,,,,,,,,,,,,,,,,,,,,,,,,,,,,,,,
107,,,,,,,,,,,,,,,,r.-6.2.0,,,,,,,,,,,,,,,,,,,,,,,,,,,,,,,,,,,,,,,,,,,,,,,,,,,,,,,,,,,,,,,,,,,,,,,,,,,,,,,,,,,,,,,,,,,,,,,,,,,,,,,,,,,,,,,,,,,,,,,,,,,,,,,,,,,,,,,,,,,,,,,,,,,,,,,,,,,,,,,,,,,,,,,,,,,,,,,,,,,,,,,,,,,,,,,,,,,,,,,,,,,,,,
108,,,,,,,,,,,,,,,,,,,,,,,,,,,,,,,,,,,,,,,,,,,,,,,,,,,,,,,,,,,,,,,,,,,,,,,,,,,,,,,,,,,,,,,,,,,,p.109,,,,,,,,,,,,,,,,,,,,,,,,,,,,,,,,,,,,,,,,,,,,,,,,,,,,,,,,,,,,,,,,,,,,,,,,,,,,,,,,,,,,,,,,,,,,,,,,,,,,,,,,,,,,,,,,,,,,,,,,,,,,,,,,,,
109,,,,,,,,,,,,,,,,p.110,,,,,,,,,,,,,,,,,,,,,,,,,,,,,,,,,,,,,,,,,,,,,,,,,,,,,,,,,,,,,,,,,,,,,,,,,,,,,,,,,,,,,,,,,,,,,,,,,,,,,,,,,,,,,,,,,,,,,,,,,,,,,,,,,,,,,,,,,,,,,,,,,,,,,,,,,,,,,,,,,,,,,,,,,,,,,,,,,,,,,,,,,,,,,,,,,,,,,,,,,,,,,,
110,,,,,,,,,,,,,,,,p.78/r.-32.0.0/r.-33.0.0,,,,,,,,,,,,,,,,,,,,,,,,,,,,,,,,,,,,,,,,,,,,,,,,,,,,,,,,,,,,,,,,,,,,,,,,,,,,,,,,,,,,,,,,,,,,,,,,,,,,,,,,,,,p.111,,,,p.98,p.99,,,,,,,,,,,,,,,,,,,,,,,,,,,,,,,,,,,,,,,,,,,,,,,,,,,,,,,,,,,,,,,,,,,,,,,,,,,,,,,,,,,,,,,,,,,,,,
111,,,,,,,,,,,,,,,,p.112,,,,,,,,,,,,,,,,,,,,,,,,,,,,,,,,,,,,,,,,,,,,,,,,,,,,,,,,,,,,,,,,,,,,,,,,,,,,,,,,,,,,,,,,,,,,,,,,,,,,,,,,,,,,,,,,,,,,,,,,,,,,,,,,,,,,,,,,,,,,,,,,,,,,,,,,,,,,,,,,,,,,,,,,,,,,,,,,,,,,,,,,,,,,,,,,,,,,,,,,,,,,,,
112,r.-90.0.0,r.-90.0.0,r.-90.0.0,r.-90.0.0,r.-90.0.0,p.48/r.-90.0.0,r.-90.0.0,r.-90.0.0,r.-90.0.0,r.-90.0.0,r.-90.0.0,r.-90.0.0,r.-90.0.0,r.-90.0.0,r.-90.0.0,r.-90.0.0/r.-77.0.0,r.-90.0.0,r.-90.0.0,r.-90.0.0,r.-90.0.0,r.-90.0.0,r.-90.0.0,r.-90.0.0,r.-90.0.0,r.-90.0.0,r.-90.0.0,r.-90.0.0,r.-90.0.0,r.-90.0.0,r.-90.0.0,r.-90.0.0,r.-90.0.0,r.-90.0.0,r.-90.0.0,r.-90.0.0,r.-90.0.0,r.-90.0.0,r.-90.0.0,r.-90.0.0,r.-90.0.0,r.-90.0.0,r.-90.0.0,r.-90.0.0,r.-90.0.0,r.-90.0.0,r.-90.0.0,r.-90.0.0,r.-90.0.0,r.-90.0.0,r.-90.0.0,r.-90.0.0,r.-90.0.0,r.-90.0.0,r.-90.0.0,r.-90.0.0,r.-90.0.0,r.-90.0.0,r.-90.0.0,r.-90.0.0,r.-90.0.0,r.-90.0.0,r.-90.0.0,r.-90.0.0,r.-90.0.0,r.-90.0.0,r.-90.0.0,r.-90.0.0,r.-90.0.0,r.-90.0.0,r.-90.0.0,r.-90.0.0,r.-90.0.0,r.-90.0.0,r.-90.0.0,r.-90.0.0,r.-90.0.0,r.-90.0.0,r.-90.0.0,r.-90.0.0,r.-90.0.0,r.-90.0.0,r.-90.0.0,r.-90.0.0,r.-90.0.0,r.-90.0.0,r.-90.0.0,r.-90.0.0,r.-90.0.0,r.-90.0.0,r.-90.0.0,r.-90.0.0,r.-90.0.0,r.-90.0.0,r.-90.0.0,,,,,,,,,,,,,,,,,p.113,,,,,,,,,,,,,,,,,,,,,,,,,,,,,,,,,,,,,,,,,,,,,,,,,,,,,,,,,,,,,p.114,p.115,,,,,,,,,,,,p.68,p.69,,,,,,,,,,,p.116,,,,,,,,,,,,,,,,,,,,,,,p.75,,
113,,,,,,,,,,,,,,,,p.834,,,,,,,,,,,,,,,,,,,,,,,,,,,,,,,,,,,,,,,,,,,,,,,,,,,,,,,,,,,,,,,,,,,,,,,,,,,,,,,,,,,,,,,,,,,,,,,,,,,,,,,,,,,,,,,,,,,,,,,,,,,,,,,,,,,,,,,,,,,,,,,,,,,,,,,,,,,,,,,,,,,,,,,,,,,,,,,,,,,,,,,,,,,,,,,,,,,,,,,,,,,,,,
114,,,,,,,,,,,,,,,,p.803,,,,,,,,,,,,,,,,,,,,,,,,,,,,,,,,,,,,,,,,,,,,,,,,,,,,,,,,,,,,,,,,,,,,,,,,,,,,,,,,,,,,,,,,,,,,,,,,,,,,,,,,,,,,,,,,,,,,,,,,,,,,,,,,,,,,,,,,,,,,,,,,,,,,,,,,,,,,,,,,,,,,,,,,,,,,,,,,,,,,,,,,,,,,,,,,,,,,,,,,,,,,,,
115,,,,,,,,,,,,,,,,r.-77.1.0,,,,,,,,,,,,,,,,,,,,,,,,,,,,,,,,,,,,,,,,,,,,,,,,,,,,,,,,,,,,,,,,,,,,,,,,,,,,,,,,,,,,,,,,,,,,,,,,,,,,,,,,,,,,,,,,,,,,,,,,,,,,,,,,,,,,,,,,,,,,,,,,,,,,,,,,,,,,,,,,,,,,,,,,,,,,,,,,,,,,,,,,,,,,,,,,,,,,,,,,,,,,,,
116,,,,,,,,,,,,,,,,p.117,,,,,,,,,,,,,,,,,,,,,,,,,,,,,,,,,,,,,,,,,,,,,,,,,,,,,,,,,,,,,,,,,,,,,,,,,,,,,,,,,,,,,,,,,,,,,,,,,,,,,,,,,,,,,,,,,,,,,,,,,,,,,,,,,,,,,,,,,,,,,,,,,,,,,,,,,,,,,,,,,,,,,,,,,,,,,,,,,,,,,,,,,,,,,,,,,,,,,,,,,,,,,,
117,,,,,,,,,,,,,,,,,,,,,,,,,,,,,,,,,,,,,,,,,,,,,,,,,,,,p.118,,,,,,,,,,,,,,,,,,,,,,,,,,,,,,,,,,,,,,,,,,,,,,,,,,,,,,,,,,,,,,,,,,,,,,,,,,,,,,,,,,,,,,,,,,,,,,,,,,,,,,,,,,,,,,,,,,,,,,,,,,,,,,,,,,,,,,,,,,,,,,,,,,,,,,,,,,,,,,,,,,,,,,,,,,
118,,,,,,,,,,,,,,,,p.119,,,,,,,,,,,,,,,,,,,,,,,,,,,,,,,,,,,,,,,,,,,,,,,,,,,,,,,,,,,,,,,,,,,,,,,,,,,,,,,,,,,,,,,,,,,,,,,,,,,,,,,,,,,,,,,,,,,,,,,,,,,,,,,,,,,,,,,,,,,,,,,,,,,,,,,,,,,,,,,,,,,,,,,,,,,,,,,,,,,,,,,,,,,,,,,,,,,,,,,,,,,,,,
119,,,,,,,,,,,,,,,,p.78/r.-33.0.0/r.-32.0.0,,,,,,,,,,,,,,,,,,,,,,,,,,,,,,,,,,,,,,,,,,,,,,,,,,,,,,,,,,,,,,,,,,,,,,,,,,,,,,,,,,,,,,,,,,,,,,,,,,,,,,,,,,,p.120,,,,p.98,p.99,,,,,,,,,,,,,,,,,,,,,,,,,,,,,,,,,,,,,,,,,,,,,,,,,,,,,,,,,,,,,,,,,,,,,,,,,,,,,,,,,,,,,,,,,,,,,,
120,,,,,,,,,,,,,,,,p.121,,,,,,,,,,,,,,,,,,,,,,,,,,,,,,,,,,,,,,,,,,,,,,,,,,,,,,,,,,,,,,,,,,,,,,,,,,,,,,,,,,,,,,,,,,,,,,,,,,,,,,,,,,,,,,,,,,,,,,,,,,,,,,,,,,,,,,,,,,,,,,,,,,,,,,,,,,,,,,,,,,,,,,,,,,,,,,,,,,,,,,,,,,,,,,,,,,,,,,,,,,,,,,
121,r.-90.0.0,r.-90.0.0,r.-90.0.0,r.-90.0.0,r.-90.0.0,p.122/r.-90.0.0,r.-90.0.0,r.-90.0.0,r.-90.0.0,r.-90.0.0,r.-90.0.0,r.-90.0.0,r.-90.0.0,r.-90.0.0,r.-90.0.0,r.-90.0.0/r.-120.0.0,r.-90.0.0,r.-90.0.0,r.-90.0.0,r.-90.0.0,r.-90.0.0,r.-90.0.0,r.-90.0.0,r.-90.0.0,r.-90.0.0,r.-90.0.0,r.-90.0.0,r.-90.0.0,r.-90.0.0,r.-90.0.0,r.-90.0.0,r.-90.0.0,r.-90.0.0,r.-90.0.0,r.-90.0.0,p.123/r.-90.0.0,r.-90.0.0,r.-90.0.0,r.-90.0.0,r.-90.0.0,r.-90.0.0,r.-90.0.0,r.-90.0.0,p.124/r.-90.0.0,p.125/r.-90.0.0,r.-90.0.0,r.-90.0.0,r.-90.0.0,r.-90.0.0,r.-90.0.0,p.126/r.-90.0.0,r.-90.0.0,r.-90.0.0,r.-90.0.0,r.-90.0.0,r.-90.0.0,r.-90.0.0,r.-90.0.0,r.-90.0.0,r.-90.0.0,r.-90.0.0,r.-90.0.0,r.-90.0.0,r.-90.0.0,r.-90.0.0,r.-90.0.0,r.-90.0.0,r.-90.0.0,r.-90.0.0,r.-90.0.0,r.-90.0.0,r.-90.0.0,r.-90.0.0,r.-90.0.0,r.-90.0.0,r.-90.0.0,r.-90.0.0,r.-90.0.0,r.-90.0.0,r.-90.0.0,r.-90.0.0,r.-90.0.0,r.-90.0.0,r.-90.0.0,r.-90.0.0,r.-90.0.0,p.127/r.-90.0.0,r.-90.0.0,r.-90.0.0,r.-90.0.0,r.-90.0.0,r.-90.0.0,r.-90.0.0,r.-90.0.0,,,,,,,,,,,,,,p.128,,,p.129,,,,,,,,,p.130,,,,,p.131,,,,,,,,,,,,,,,,,,,,,,,,,,,,,,,,,,,,,,,,,,,,,,,,,,,,p.132,p.133,p.134,,,,,,p.135,p.69,,,,,,,,,,,,,,,,,,,,,,,,,p.136,p.137,,p.138,p.139,p.140,,,,p.141,,
122,r.-91.1.0,r.-91.1.0,r.-91.1.0,r.-91.1.0,r.-91.1.0,r.-91.1.0,r.-91.1.0,r.-91.1.0,r.-91.1.0,r.-91.1.0,r.-91.1.0,r.-91.1.0,r.-91.1.0,r.-91.1.0,r.-91.1.0,r.-91.1.0/r.-121.1.0,r.-91.1.0,r.-91.1.0,r.-91.1.0,r.-91.1.0,r.-91.1.0,r.-91.1.0,r.-91.1.0,r.-91.1.0,r.-91.1.0,r.-91.1.0,r.-91.1.0,r.-91.1.0,r.-91.1.0,r.-91.1.0,r.-91.1.0,r.-91.1.0,r.-91.1.0,r.-91.1.0,r.-91.1.0,r.-91.1.0,r.-91.1.0,r.-91.1.0,r.-91.1.0,r.-91.1.0,r.-91.1.0,r.-91.1.0,r.-91.1.0,r.-91.1.0,r.-91.1.0,r.-91.1.0,r.-91.1.0,r.-91.1.0,r.-91.1.0,r.-91.1.0,r.-91.1.0,r.-91.1.0,r.-91.1.0,r.-91.1.0,r.-91.1.0,r.-91.1.0,r.-91.1.0,r.-91.1.0,r.-91.1.0,r.-91.1.0,r.-91.1.0,r.-91.1.0,r.-91.1.0,r.-91.1.0,r.-91.1.0,r.-91.1.0,r.-91.1.0,r.-91.1.0,r.-91.1.0,r.-91.1.0,r.-91.1.0,r.-91.1.0,r.-91.1.0,r.-91.1.0,r.-91.1.0,r.-91.1.0,r.-91.1.0,r.-91.1.0,r.-91.1.0,r.-91.1.0,r.-91.1.0,r.-91.1.0,r.-91.1.0,r.-91.1.0,r.-91.1.0,r.-91.1.0,r.-91.1.0,r.-91.1.0,r.-91.1.0,r.-91.1.0,r.-91.1.0,r.-91.1.0,r.-91.1.0,r.-91.1.0,,,,,,,,,,,,,,,,,,,,,,,,,,,,,,,,,,,,,,,,,,,,,,,,,,,,,,,,,,,,,,,,,,,,,,,,,,,,,,,,,,,,,,,,,,,,,,,,,,,,,,,,,,,,,,,,,,,,,,,,,,,,,,,,
123,p.275,p.276,,,p.277,,,,,,p.278,,,,,,,,,,p.279,p.280,p.281,p.282,p.283,p.284,p.285,p.286,p.287,p.288,,,,,,,p.289,p.290,,,,,,,,,,,,,,,,,,,,,,,,,,,,,,,,,,,,,,,,,,,,,,,,,,,,,,,,,,,,,,,,,,,,,,,,p.291,,,,,,,,,,,,,,,,,,,,,,,,,,,,,,,,,,,,,,,,,,,,,,,,,,,p.797,,,,p.798,,,,,,,,,,,,,,,,,,,,,,,,,,,,,,,,,,,,,,,,,,,,,,,,,,,,,,,,,
124,,,,p.689,,,,,,,,,,,,,,,,,,,,,,,,,,,,,,,,,,,,,,,,,,,,,,,,,,,,,,,,,,,,,,,,,,,,,,,,,,,,,,,,,,,,,,,,,,,,,,,,,,,,,,,,,,,,,,,,,,,,,,,,,,,,,,,,,,,,,,,,,,,,,,,,,,,,,,,,,,,,,,,,,,,,,,,,,,,,,,,,,,,,,,,,,,,,,,,,,,,,,,,,,,,,,,,,,,,,,,,,,,
125,p.589/r.-79.0.0/r.-92.0.0/r.-110.0.0,p.590/r.-79.0.0/r.-110.0.0/r.-92.0.0,p.591/r.-110.0.0/r.-92.0.0/r.-79.0.0,p.592/r.-79.0.0/r.-110.0.0/r.-92.0.0,p.593/r.-110.0.0/r.-79.0.0/r.-92.0.0,p.594/r.-92.0.0/r.-110.0.0/r.-79.0.0,p.595/r.-92.0.0/r.-79.0.0/r.-110.0.0,p.596/r.-92.0.0/r.-79.0.0/r.-110.0.0,p.597/r.-110.0.0/r.-92.0.0/r.-79.0.0,p.598/r.-79.0.0/r.-92.0.0/r.-110.0.0,p.599/r.-110.0.0/r.-92.0.0/r.-79.0.0,p.600/r.-79.0.0/r.-110.0.0/r.-92.0.0,p.601/r.-79.0.0/r.-92.0.0/r.-110.0.0,p.602/r.-92.0.0/r.-110.0.0/r.-79.0.0,p.603/r.-79.0.0/r.-92.0.0/r.-110.0.0,p.604/r.-79.0.0/r.-92.0.0/r.-110.0.0,p.605/r.-92.0.0/r.-79.0.0/r.-110.0.0,p.606/r.-92.0.0/r.-79.0.0/r.-110.0.0,p.607/r.-79.0.0/r.-92.0.0/r.-110.0.0,p.608/r.-79.0.0/r.-92.0.0/r.-110.0.0,p.609/r.-110.0.0/r.-79.0.0/r.-92.0.0,p.610/r.-79.0.0/r.-110.0.0/r.-92.0.0,p.611/r.-110.0.0/r.-92.0.0/r.-79.0.0,p.612/r.-110.0.0/r.-92.0.0/r.-79.0.0,p.613/r.-110.0.0/r.-79.0.0/r.-92.0.0,p.614/r.-79.0.0/r.-110.0.0/r.-92.0.0,p.615/r.-110.0.0/r.-79.0.0/r.-92.0.0,p.616/r.-79.0.0/r.-110.0.0/r.-92.0.0,p.617/r.-92.0.0/r.-110.0.0/r.-79.0.0,p.618/r.-79.0.0/r.-92.0.0/r.-110.0.0,p.619/r.-79.0.0/r.-110.0.0/r.-92.0.0,p.620/r.-110.0.0/r.-92.0.0/r.-79.0.0,p.621/r.-79.0.0/r.-92.0.0/r.-110.0.0,p.622/r.-92.0.0/r.-110.0.0/r.-79.0.0,p.623/r.-92.0.0/r.-110.0.0/r.-79.0.0,p.624/r.-79.0.0/r.-92.0.0/r.-110.0.0,p.625/r.-79.0.0/r.-110.0.0/r.-92.0.0,p.626/r.-79.0.0/r.-110.0.0/r.-92.0.0,p.627/r.-92.0.0/r.-110.0.0/r.-79.0.0,p.628/r.-110.0.0/r.-92.0.0/r.-79.0.0,p.629/r.-79.0.0/r.-92.0.0/r.-110.0.0,p.630/r.-92.0.0/r.-79.0.0/r.-110.0.0,p.631/r.-92.0.0/r.-79.0.0/r.-110.0.0,p.632/r.-79.0.0/r.-92.0.0/r.-110.0.0,p.374/r.-79.0.0/r.-92.0.0/r.-106.0.0/r.-110.0.0,p.633/r.-110.0.0/r.-92.0.0/r.-79.0.0,p.634/r.-79.0.0/r.-92.0.0/r.-110.0.0,p.635/r.-79.0.0/r.-92.0.0/r.-110.0.0,p.636/r.-110.0.0/r.-79.0.0/r.-92.0.0,p.637/r.-79.0.0/r.-110.0.0/r.-92.0.0,p.638/r.-110.0.0/r.-79.0.0/r.-92.0.0,p.639/r.-92.0.0/r.-110.0.0/r.-79.0.0,p.640/r.-110.0.0/r.-79.0.0/r.-92.0.0,p.641/r.-110.0.0/r.-79.0.0/r.-92.0.0,p.642/r.-92.0.0/r.-79.0.0/r.-110.0.0,p.643/r.-92.0.0/r.-110.0.0/r.-79.0.0,p.644/r.-110.0.0/r.-92.0.0/r.-79.0.0,p.645/r.-92.0.0/r.-110.0.0/r.-79.0.0,p.646/r.-92.0.0/r.-110.0.0/r.-79.0.0,p.647/r.-92.0.0/r.-79.0.0/r.-110.0.0,p.648/r.-79.0.0/r.-92.0.0/r.-110.0.0,p.649/r.-79.0.0/r.-110.0.0/r.-92.0.0,p.650/r.-110.0.0/r.-92.0.0/r.-79.0.0,p.651/r.-79.0.0/r.-92.0.0/r.-110.0.0,p.652/r.-92.0.0/r.-110.0.0/r.-79.0.0,p.653/r.-92.0.0/r.-110.0.0/r.-79.0.0,p.654/r.-110.0.0/r.-92.0.0/r.-79.0.0,p.655/r.-92.0.0/r.-79.0.0/r.-110.0.0,p.656/r.-79.0.0/r.-92.0.0/r.-110.0.0,p.657/r.-79.0.0/r.-110.0.0/r.-92.0.0,p.658/r.-92.0.0/r.-79.0.0/r.-110.0.0,p.659/r.-110.0.0/r.-92.0.0/r.-79.0.0,p.660/r.-92.0.0/r.-79.0.0/r.-110.0.0,p.661/r.-110.0.0/r.-92.0.0/r.-79.0.0,p.662/r.-110.0.0/r.-79.0.0/r.-92.0.0,p.663/r.-92.0.0/r.-110.0.0/r.-79.0.0,p.664/r.-79.0.0/r.-92.0.0/r.-110.0.0,p.665/r.-110.0.0/r.-92.0.0/r.-79.0.0,p.666/r.-110.0.0/r.-79.0.0/r.-92.0.0,p.667/r.-92.0.0/r.-110.0.0/r.-79.0.0,p.668/r.-110.0.0/r.-79.0.0/r.-92.0.0,p.669/r.-79.0.0/r.-92.0.0/r.-110.0.0,p.670/r.-92.0.0/r.-79.0.0/r.-110.0.0,p.671/r.-79.0.0/r.-92.0.0/r.-110.0.0,p.672/r.-110.0.0/r.-79.0.0/r.-92.0.0,p.673/r.-110.0.0/r.-79.0.0/r.-92.0.0,p.674/r.-79.0.0/r.-110.0.0/r.-92.0.0,p.675/r.-79.0.0/r.-110.0.0/r.-92.0.0,p.676/r.-110.0.0/r.-79.0.0/r.-92.0.0,p.677/r.-110.0.0/r.-79.0.0/r.-92.0.0,p.678/r.-79.0.0/r.-92.0.0/r.-110.0.0,p.679/r.-92.0.0/r.-79.0.0/r.-110.0.0,p.680/r.-92.0.0/r.-79.0.0/r.-110.0.0,p.681/r.-79.0.0/r.-110.0.0/r.-92.0.0,,,,,,,,,,,,,,,,,,,,,,,,,,,,,,,,,,,,,,,,,,,,,,,,,,,,,,,,,,,,,,,,,,,,,,,,,,,,,,,,p.424,,p.682,,,,,,,,,,,p.683,,,,,,,,,,,,,,p.684,p.685,,,p.686,,,,,,,,,,,,,,,,,
126,,,,,,,,,,,,,,,,r.-121.1.0,,,,,,,,,,,,,,,,,,,,,,,,,,,,,,,,,,,,,,,,,,,,,,,,,,,,,,,,,,,,,,,,,,,,,,,,,,,,,,,,,,,,,,,,,,,,,,,,,,,,,,,,,,,,,,,,,,,,,,,,,,,,,,,,,,,,,,,,,,,,,,,,,,,,,,,,,,,,,,,,,,,,,,,,,,,,,,,,,,,,,,,,,,,,,,,,,,,,,,,,,,,,,,
127,p.489/r.-111.0.0/r.-92.0.0/r.-79.0.0,p.490/r.-79.0.0/r.-92.0.0/r.-111.0.0,p.491/r.-79.0.0/r.-92.0.0/r.-111.0.0,p.492/r.-79.0.0/r.-92.0.0/r.-111.0.0,p.493/r.-111.0.0/r.-92.0.0/r.-79.0.0,p.494/r.-111.0.0/r.-92.0.0/r.-79.0.0,p.495/r.-92.0.0/r.-111.0.0/r.-79.0.0,p.496/r.-92.0.0/r.-111.0.0/r.-79.0.0,p.497/r.-111.0.0/r.-92.0.0/r.-79.0.0,p.498/r.-92.0.0/r.-111.0.0/r.-79.0.0,p.499/r.-92.0.0/r.-111.0.0/r.-79.0.0,p.500/r.-111.0.0/r.-92.0.0/r.-79.0.0,p.501/r.-92.0.0/r.-79.0.0/r.-111.0.0,p.502/r.-92.0.0/r.-79.0.0/r.-111.0.0,p.503/r.-111.0.0/r.-92.0.0/r.-79.0.0,p.504/r.-111.0.0/r.-92.0.0/r.-79.0.0,p.505/r.-79.0.0/r.-92.0.0/r.-111.0.0,p.506/r.-92.0.0/r.-79.0.0/r.-111.0.0,p.507/r.-111.0.0/r.-92.0.0/r.-79.0.0,p.508/r.-92.0.0/r.-79.0.0/r.-111.0.0,p.509/r.-111.0.0/r.-79.0.0/r.-92.0.0,p.510/r.-92.0.0/r.-111.0.0/r.-79.0.0,p.511/r.-79.0.0/r.-111.0.0/r.-92.0.0,p.512/r.-92.0.0/r.-79.0.0/r.-111.0.0,p.513/r.-111.0.0/r.-92.0.0/r.-79.0.0,p.514/r.-79.0.0/r.-92.0.0/r.-111.0.0,p.515/r.-79.0.0/r.-111.0.0/r.-92.0.0,p.516/r.-92.0.0/r.-79.0.0/r.-111.0.0,p.517/r.-92.0.0/r.-79.0.0/r.-111.0.0,p.518/r.-79.0.0/r.-111.0.0/r.-92.0.0,p.519/r.-79.0.0/r.-111.0.0/r.-92.0.0,p.520/r.-92.0.0/r.-111.0.0/r.-79.0.0,p.521/r.-79.0.0/r.-92.0.0/r.-111.0.0,p.522/r.-92.0.0/r.-111.0.0/r.-79.0.0,p.523/r.-111.0.0/r.-92.0.0/r.-79.0.0,p.524/r.-111.0.0/r.-92.0.0/r.-79.0.0,p.525/r.-111.0.0/r.-92.0.0/r.-79.0.0,p.526/r.-92.0.0/r.-111.0.0/r.-79.0.0,p.527/r.-79.0.0/r.-92.0.0/r.-111.0.0,p.528/r.-79.0.0/r.-92.0.0/r.-111.0.0,p.529/r.-79.0.0/r.-111.0.0/r.-92.0.0,p.530/r.-92.0.0/r.-111.0.0/r.-79.0.0,p.531/r.-92.0.0/r.-111.0.0/r.-79.0.0,p.532/r.-79.0.0/r.-111.0.0/r.-92.0.0,p.533/r.-111.0.0/r.-79.0.0/r.-92.0.0,p.534/r.-92.0.0/r.-79.0.0/r.-111.0.0,p.535/r.-111.0.0/r.-92.0.0/r.-79.0.0,p.536/r.-92.0.0/r.-79.0.0/r.-111.0.0,p.537/r.-92.0.0/r.-111.0.0/r.-79.0.0,p.538/r.-92.0.0/r.-111.0.0/r.-79.0.0,p.539/r.-79.0.0/r.-92.0.0/r.-111.0.0,p.540/r.-79.0.0/r.-111.0.0/r.-92.0.0,p.541/r.-92.0.0/r.-79.0.0/r.-111.0.0,p.542/r.-111.0.0/r.-79.0.0/r.-92.0.0,p.543/r.-79.0.0/r.-92.0.0/r.-111.0.0,p.544/r.-92.0.0/r.-79.0.0/r.-111.0.0,p.545/r.-79.0.0/r.-92.0.0/r.-111.0.0,p.546/r.-79.0.0/r.-92.0.0/r.-111.0.0,p.547/r.-79.0.0/r.-92.0.0/r.-111.0.0,p.548/r.-111.0.0/r.-92.0.0/r.-79.0.0,p.549/r.-79.0.0/r.-92.0.0/r.-111.0.0,p.550/r.-111.0.0/r.-79.0.0/r.-92.0.0,p.551/r.-111.0.0/r.-79.0.0/r.-92.0.0,p.552/r.-79.0.0/r.-111.0.0/r.-92.0.0,p.553/r.-111.0.0/r.-79.0.0/r.-92.0.0,p.554/r.-79.0.0/r.-92.0.0/r.-111.0.0,p.555/r.-79.0.0/r.-92.0.0/r.-111.0.0,p.556/r.-79.0.0/r.-111.0.0/r.-92.0.0,p.557/r.-92.0.0/r.-111.0.0/r.-79.0.0,p.558/r.-79.0.0/r.-92.0.0/r.-111.0.0,p.559/r.-111.0.0/r.-92.0.0/r.-79.0.0,p.560/r.-79.0.0/r.-92.0.0/r.-111.0.0,p.561/r.-111.0.0/r.-79.0.0/r.-92.0.0,p.562/r.-111.0.0/r.-79.0.0/r.-92.0.0,p.563/r.-92.0.0/r.-111.0.0/r.-79.0.0,p.564/r.-92.0.0/r.-79.0.0/r.-111.0.0,p.565/r.-111.0.0/r.-92.0.0/r.-79.0.0,p.566/r.-79.0.0/r.-111.0.0/r.-92.0.0,p.567/r.-111.0.0/r.-92.0.0/r.-79.0.0,p.568/r.-79.0.0/r.-111.0.0/r.-92.0.0,p.569/r.-111.0.0/r.-92.0.0/r.-79.0.0,p.570/r.-79.0.0/r.-92.0.0/r.-111.0.0,p.571/r.-79.0.0/r.-92.0.0/r.-111.0.0,p.572/r.-92.0.0/r.-79.0.0/r.-111.0.0,p.573/r.-79.0.0/r.-92.0.0/r.-111.0.0,p.574/r.-79.0.0/r.-111.0.0/r.-92.0.0,p.416/r.-111.0.0/r.-79.0.0/r.-108.0.0/r.-92.0.0,p.575/r.-111.0.0/r.-92.0.0/r.-79.0.0,p.576/r.-92.0.0/r.-79.0.0/r.-111.0.0,p.577/r.-111.0.0/r.-79.0.0/r.-92.0.0,p.578/r.-79.0.0/r.-111.0.0/r.-92.0.0,p.579/r.-79.0.0/r.-92.0.0/r.-111.0.0,p.580/r.-79.0.0/r.-111.0.0/r.-92.0.0,p.581/r.-92.0.0/r.-111.0.0/r.-79.0.0,,,,,,,,,,,,,,,,,,,,,,,,,,,,,,,,,,,,,,,,,,,,,,,,,,,,,,,,,,,,,,,,,,,,,,,,,,,,,,,,p.424,,p.582,,,,,,,,,,,p.583,,,,,,,,,,,,,,,,p.584,p.585,,p.586,,,,,,,,,,,,,,,,
128,,,,,,,,,,,,,,,,p.481,,,,,,,,,,,,,,,,,,,,,,,,,,,,,,,,,,,,,,,,,,,,,,,,,,,,,,,,,,,,,,,,,,,,,,,,,,,,,,,,,,,,,,,,,,,,,,,,,,,,,,,,,,,,,,,,,,,,,,,,,,,,,,,,,,,,,,,,,,,,,,,,,,,,,,,,,,,,,,,,,,,,,,,,,,,,,,,,,,,,,,,,,,,,,,,,,,,,,,,,,,,,,,
129,,,,,,,,,,,,,,,,p.479,,,,,,,,,,,,,,,,,,,,,,,,,,,,,,,,,,,,,,,,,,,,,,,,,,,,,,,,,,,,,,,,,,,,,,,,,,,,,,,,,,,,,,,,,,,,,,,,,,,,,,,,,,,,,,,,,,,,,,,,,,,,,,,,,,,,,,,,,,,,,,,,,,,,,,,,,,,,,,,,,,,,,,,,,,,,,,,,,,,,,,,,,,,,,,,,,,,,,,,,,,,,,,
130,,,,,,,,,,,,,,,,p.477,,,,,,,,,,,,,,,,,,,,,,,,,,,,,,,,,,,,,,,,,,,,,,,,,,,,,,,,,,,,,,,,,,,,,,,,,,,,,,,,,,,,,,,,,,,,,,,,,,,,,,,,,,,,,,,,,,,,,,,,,,,,,,,,,,,,,,,,,,,,,,,,,,,,,,,,,,,,,,,,,,,,,,,,,,,,,,,,,,,,,,,,,,,,,,,,,,,,,,,,,,,,,,
131,,,,,,,,,,,,,,,,p.475,,,,,,,,,,,,,,,,,,,,,,,,,,,,,,,,,,,,,,,,,,,,,,,,,,,,,,,,,,,,,,,,,,,,,,,,,,,,,,,,,,,,,,,,,,,,,,,,,,,,,,,,,,,,,,,,,,,,,,,,,,,,,,,,,,,,,,,,,,,,,,,,,,,,,,,,,,,,,,,,,,,,,,,,,,,,,,,,,,,,,,,,,,,,,,,,,,,,,,,,,,,,,,
132,,,,,,,,,,,,,,,,p.469,,,,,,,,,,,,,,,,,,,,,,,,,,,,,,,,,,,,,,,,,,,,,,,,,,,,,,,,,,,,,,,,,,,,,,,,,,,,,,,,,,,,,,,,,,,,,,,,,,,,,,,,,,,,,,,,,,,,,,,,,,,,,,,,,,,,,,,,,,,,,,,,,,,,,,,,,,,,,,,,,,,,,,,,,,,,,,,,,,,,,,,,,,,,,,,,,,,,,,,,,,,,,,
133,,,,,,,,,,,,,,,,r.-119.1.0,,,,,,,,,,,,,,,,,,,,,,,,,,,,,,,,,,,,,,,,,,,,,,,,,,,,,,,,,,,,,,,,,,,,,,,,,,,,,,,,,,,,,,,,,,,,,,,,,,,,,,,,,,,,,,,,,,,,,,,,,,,,,,,,,,,,,,,,,,,,,,,,,,,,,,,,,,,,,,,,,,,,,,,,,,,,,,,,,,,,,,,,,,,,,,,,,,,,,,,,,,,,,,
134,,,,,,,,,,,,,,,,r.-119.1.0,,,,,,,,,,,,,,,,,,,,,,,,,,,,,,,,,,,,,,,,,,,,,,,,,,,,,,,,,,,,,,,,,,,,,,,,,,,,,,,,,,,,,,,,,,,,,,,,,,,,,,,,,,,,,,,,,,,,,,,,,,,,,,,,,,,,,,,,,,,,,,,,,,,,,,,,,,,,,,,,,,,,,,,,,,,,,,,,,,,,,,,,,,,,,,,,,,,,,,,,,,,,,,
135,p.340/r.-79.0.0,p.341/r.-79.0.0,p.342/r.-79.0.0,p.343/r.-79.0.0,p.344/r.-79.0.0,p.345/r.-79.0.0,p.346/r.-79.0.0,p.347/r.-79.0.0,p.348/r.-79.0.0,p.349/r.-79.0.0,p.350/r.-79.0.0,p.351/r.-79.0.0,p.352/r.-79.0.0,p.353/r.-79.0.0,p.354/r.-79.0.0,p.355/r.-79.0.0,p.356/r.-79.0.0,p.357/r.-79.0.0,p.358/r.-79.0.0,p.359/r.-79.0.0,r.-79.0.0,r.-79.0.0,r.-79.0.0,r.-79.0.0,r.-79.0.0,r.-79.0.0,r.-79.0.0,r.-79.0.0,r.-79.0.0,r.-79.0.0,p.360/r.-79.0.0,p.361/r.-79.0.0,p.362/r.-79.0.0,p.363/r.-79.0.0,p.364/r.-79.0.0,p.365/r.-79.0.0,p.366/r.-79.0.0,p.367/r.-79.0.0,p.368/r.-79.0.0,p.369/r.-79.0.0,p.370/r.-79.0.0,p.371/r.-79.0.0,p.372/r.-79.0.0,p.373/r.-79.0.0,p.374/r.-79.0.0,p.375/r.-79.0.0,p.376/r.-79.0.0,p.377/r.-79.0.0,p.378/r.-79.0.0,p.379/r.-79.0.0,p.380/r.-79.0.0,p.381/r.-79.0.0,p.382/r.-79.0.0,p.383/r.-79.0.0,p.384/r.-79.0.0,p.385/r.-79.0.0,p.386/r.-79.0.0,p.387/r.-79.0.0,p.388/r.-79.0.0,p.389/r.-79.0.0,p.390/r.-79.0.0,p.391/r.-79.0.0,p.392/r.-79.0.0,p.393/r.-79.0.0,p.394/r.-79.0.0,p.395/r.-79.0.0,p.396/r.-79.0.0,p.397/r.-79.0.0,p.398/r.-79.0.0,p.399/r.-79.0.0,p.400/r.-79.0.0,p.401/r.-79.0.0,p.402/r.-79.0.0,p.403/r.-79.0.0,p.404/r.-79.0.0,p.405/r.-79.0.0,p.406/r.-79.0.0,p.407/r.-79.0.0,p.408/r.-79.0.0,p.409/r.-79.0.0,p.410/r.-79.0.0,p.411/r.-79.0.0,p.412/r.-79.0.0,p.413/r.-79.0.0,p.414/r.-79.0.0,p.415/r.-79.0.0,p.416/r.-79.0.0,p.417/r.-79.0.0,p.418/r.-79.0.0,p.419/r.-79.0.0,p.420/r.-79.0.0,p.421/r.-79.0.0,p.422/r.-79.0.0,p.423/r.-79.0.0,,,,,,,,,,,,,,,,,,,,,,,,,,,,,,,,,,,,,,,,,,,,,,,,,,,,,,,,,,,,,,,,,,,,,,,,,,,,,,,,p.424,,p.425,,,,,,,,,,,,,,,p.426,,,,,,,,,,,,,,,,,,,,,,,,,,,,,,,
136,,,,,,,,,,,,,,,,r.-25.1.0,,,,,,,,,,,,,,,,,,,,,,,,,,,,,,,,,,,,,,,,,,,,,,,,,,,,,,,,,,,,,,,,,,,,,,,,,,,,,,,,,,,,,,,,,,,,,,,,,,,,,,,,,,,,,,,,,,,,,,,,,,,,,,,,,,,,,,,,,,,,,,,,,,,,,,,,,,,,,,,,,,,,,,,,,,,,,,,,,,,,,,,,,,,,,,,,,,,,,,,,,,,,,,
137,,,,,,,,,,,,,,,,r.-25.1.0,,,,,,,,,,,,,,,,,,,,,,,,,,,,,,,,,,,,,,,,,,,,,,,,,,,,,,,,,,,,,,,,,,,,,,,,,,,,,,,,,,,,,,,,,,,,,,,,,,,,,,,,,,,,,,,,,,,,,,,,,,,,,,,,,,,,,,,,,,,,,,,,,,,,,,,,,,,,,,,,,,,,,,,,,,,,,,,,,,,,,,,,,,,,,,,,,,,,,,,,,,,,,,
138,,,,,,,,,,,,,,,,p.214,,,,,,,,,,,,,,,,,,,,,,,,,,,,,,,,,,,,,,,,,,,,,,,,,,,,,,,,,,,,,,,,,,,,,,,,,,,,,,,,,,,,,,,,,,,,,,,,,,,,,,,,,,,,,,,,,,,,,,,,,,,,,,,,,,,,,,,,,,,,,,,,,,,,,,,,,,,,,,,,,,,,,,,,,,,,,,,,,,,,,,,,,,,,,,,,,,,,,,,,,,,,,,
139,,,,,,,,,,,,,,,,p.143,,,,,,,,,,,,,,,,,,,,,,,,,,,,,,,,,,,,,,,,,,,,,,,,,,,,,,,,,,,,,,,,,,,,,,,,,,,,,,,,,,,,,,,,,,,,,,,,,,,,,,,,,,,,,,,,,,,,,,,,,,,,,,,,,,,,,,,,,,,,,,,,,,,,,,,,,,,,,,,,,,,,,,,,,,,,,,,,,,,,,,,,,,,,,,,,,,,,,,,,,,,,,,
140,,,,,,,,,,,,,,,,r.-120.1.0,,,,,,,,,,,,,,,,,,,,,,,,,,,,,,,,,,,,,,,,,,,,,,,,,,,,,,,,,,,,,,,,,,,,,,,,,,,,,,,,,,,,,,,,,,,,,,,,,,,,,,,,,,,,,,,,,,,,,,,,,,,,,,,,,,,,,,,,,,,,,,,,,,,,,,,,,,,,,,,,,,,,,,,,,,,,,,,,,,,,,,,,,,,,,,,,,,,,,,,,,,,,,,
141,,,,,,,,,,,,,,,,r.-16.1.0,,,,,,,,,,,,,,,,,,,p.142,,,,,,,,,,,,,,,,,,,,,,,,,,,,,,,,,,,,,,,,,,,,,,,,,,,,,,,,,,,,,,,,,,,,,,,,,,,,,,,,,,,,,,,,,,,,,,,,,,,,,,,,,,,,,,,,,,,,,,,,,,,,,,,,,,,,,,,,,,,,,,,,,,,,,,,,,,,,,,,,,,,,,,,,,,,,,,,,,,,,,,,,,,,
142,,,,,,,,,,,,,,,,r.-13.2.0,,,,,,,,,,,,,,,,,,,,,,,,,,,,,,,,,,,,,,,,,,,,,,,,,,,,,,,,,,,,,,,,,,,,,,,,,,,,,,,,,,,,,,,,,,,,,,,,,,,,,,,,,,,,,,,,,,,,,,,,,,,,,,,,,,,,,,,,,,,,,,,,,,,,,,,,,,,,,,,,,,,,,,,,,,,,,,,,,,,,,,,,,,,,,,,,,,,,,,,,,,,,,,
143,,,,,,,,,,,,,,,,,,,,,p.144,p.145,p.146,p.147,p.148,p.149,p.150,p.151,p.152,p.153,,,,,,,,,,,,,,,,,,,,,,,,,,,,,,,,,,,,,,,,,,,,,,,,,,,,,,,,,,,,,,,,,,,p.154,,,,,,,p.155,p.156,p.157,p.158,,,,,,,p.159,p.160,,p.161,,p.162,,,,,p.163,,,,,,,,,,,,,,,,,,,,,,,,,,,,,,,,,,,,,,,,p.164,,,,,,,,,,,,,,,,,,,,,,,,,,,,,,,,,,,,,,,,,,,,,,,,,,,,,,,,,,p.165
144,r.-9.1.0,r.-9.1.0,r.-9.1.0,r.-9.1.0,,,,,,,r.-9.1.0,r.-9.1.0,r.-9.1.0,,,r.-9.1.0,,,,,r.-9.1.0,r.-9.1.0,r.-9.1.0,r.-9.1.0,r.-9.1.0,r.-9.1.0,r.-9.1.0,r.-9.1.0,r.-9.1.0,r.-9.1.0,r.-9.1.0,,,r.-9.1.0,,,,,r.-9.1.0,r.-9.1.0,,,r.-9.1.0,,,,,,,,,,,,,,,,,,,,,,,,,,,,,,,,,,,,,,,,,,,,,,,,,,,,,,,,,,,,,,,,,,,,,,,,,,,,,,,,,,,,,,,,,,,,,,,,,,,,,,,,,,,,,,,,,,,,,,,,,,,,,,,,,,,,,,,,,,,,,,,,,,,,,,,,,,,,,,,,,,,,,,,,,,,,,,,,,,,
145,r.-9.1.0,r.-9.1.0,r.-9.1.0,r.-9.1.0,,,,,,,r.-9.1.0,r.-9.1.0,r.-9.1.0,,,r.-9.1.0,,,,,r.-9.1.0,r.-9.1.0,r.-9.1.0,r.-9.1.0,r.-9.1.0,r.-9.1.0,r.-9.1.0,r.-9.1.0,r.-9.1.0,r.-9.1.0,r.-9.1.0,,,r.-9.1.0,,,,,r.-9.1.0,r.-9.1.0,,,r.-9.1.0,,,,,,,,,,,,,,,,,,,,,,,,,,,,,,,,,,,,,,,,,,,,,,,,,,,,,,,,,,,,,,,,,,,,,,,,,,,,,,,,,,,,,,,,,,,,,,,,,,,,,,,,,,,,,,,,,,,,,,,,,,,,,,,,,,,,,,,,,,,,,,,,,,,,,,,,,,,,,,,,,,,,,,,,,,,,,,,,,,,
146,r.-9.1.0,r.-9.1.0,r.-9.1.0,r.-9.1.0,,,,,,,r.-9.1.0,r.-9.1.0,r.-9.1.0,,,r.-9.1.0,,,,,r.-9.1.0,r.-9.1.0,r.-9.1.0,r.-9.1.0,r.-9.1.0,r.-9.1.0,r.-9.1.0,r.-9.1.0,r.-9.1.0,r.-9.1.0,r.-9.1.0,,,r.-9.1.0,,,,,r.-9.1.0,r.-9.1.0,,,r.-9.1.0,,,,,,,,,,,,,,,,,,,,,,,,,,,,,,,,,,,,,,,,,,,,,,,,,,,,,,,,,,,,,,,,,,,,,,,,,,,,,,,,,,,,,,,,,,,,,,,,,,,,,,,,,,,,,,,,,,,,,,,,,,,,,,,,,,,,,,,,,,,,,,,,,,,,,,,,,,,,,,,,,,,,,,,,,,,,,,,,,,,
147,r.-9.1.0,r.-9.1.0,r.-9.1.0,r.-9.1.0,,,,,,,r.-9.1.0,r.-9.1.0,r.-9.1.0,,,r.-9.1.0,,,,,r.-9.1.0,r.-9.1.0,r.-9.1.0,r.-9.1.0,r.-9.1.0,r.-9.1.0,r.-9.1.0,r.-9.1.0,r.-9.1.0,r.-9.1.0,r.-9.1.0,,,r.-9.1.0,,,,,r.-9.1.0,r.-9.1.0,,,r.-9.1.0,,,,,,,,,,,,,,,,,,,,,,,,,,,,,,,,,,,,,,,,,,,,,,,,,,,,,,,,,,,,,,,,,,,,,,,,,,,,,,,,,,,,,,,,,,,,,,,,,,,,,,,,,,,,,,,,,,,,,,,,,,,,,,,,,,,,,,,,,,,,,,,,,,,,,,,,,,,,,,,,,,,,,,,,,,,,,,,,,,,
148,r.-9.1.0,r.-9.1.0,r.-9.1.0,r.-9.1.0,,,,,,,r.-9.1.0,r.-9.1.0,r.-9.1.0,,,r.-9.1.0,,,,,r.-9.1.0,r.-9.1.0,r.-9.1.0,r.-9.1.0,r.-9.1.0,r.-9.1.0,r.-9.1.0,r.-9.1.0,r.-9.1.0,r.-9.1.0,r.-9.1.0,,,r.-9.1.0,,,,,r.-9.1.0,r.-9.1.0,,,r.-9.1.0,,,,,,,,,,,,,,,,,,,,,,,,,,,,,,,,,,,,,,,,,,,,,,,,,,,,,,,,,,,,,,,,,,,,,,,,,,,,,,,,,,,,,,,,,,,,,,,,,,,,,,,,,,,,,,,,,,,,,,,,,,,,,,,,,,,,,,,,,,,,,,,,,,,,,,,,,,,,,,,,,,,,,,,,,,,,,,,,,,,
149,r.-9.1.0,r.-9.1.0,r.-9.1.0,r.-9.1.0,,,,,,,r.-9.1.0,r.-9.1.0,r.-9.1.0,,,r.-9.1.0,,,,,r.-9.1.0,r.-9.1.0,r.-9.1.0,r.-9.1.0,r.-9.1.0,r.-9.1.0,r.-9.1.0,r.-9.1.0,r.-9.1.0,r.-9.1.0,r.-9.1.0,,,r.-9.1.0,,,,,r.-9.1.0,r.-9.1.0,,,r.-9.1.0,,,,,,,,,,,,,,,,,,,,,,,,,,,,,,,,,,,,,,,,,,,,,,,,,,,,,,,,,,,,,,,,,,,,,,,,,,,,,,,,,,,,,,,,,,,,,,,,,,,,,,,,,,,,,,,,,,,,,,,,,,,,,,,,,,,,,,,,,,,,,,,,,,,,,,,,,,,,,,,,,,,,,,,,,,,,,,,,,,,
150,r.-9.1.0,r.-9.1.0,r.-9.1.0,r.-9.1.0,,,,,,,r.-9.1.0,r.-9.1.0,r.-9.1.0,,,r.-9.1.0,,,,,r.-9.1.0,r.-9.1.0,r.-9.1.0,r.-9.1.0,r.-9.1.0,r.-9.1.0,r.-9.1.0,r.-9.1.0,r.-9.1.0,r.-9.1.0,r.-9.1.0,,,r.-9.1.0,,,,,r.-9.1.0,r.-9.1.0,,,r.-9.1.0,,,,,,,,,,,,,,,,,,,,,,,,,,,,,,,,,,,,,,,,,,,,,,,,,,,,,,,,,,,,,,,,,,,,,,,,,,,,,,,,,,,,,,,,,,,,,,,,,,,,,,,,,,,,,,,,,,,,,,,,,,,,,,,,,,,,,,,,,,,,,,,,,,,,,,,,,,,,,,,,,,,,,,,,,,,,,,,,,,,
151,r.-9.1.0,r.-9.1.0,r.-9.1.0,r.-9.1.0,,,,,,,r.-9.1.0,r.-9.1.0,r.-9.1.0,,,r.-9.1.0,,,,,r.-9.1.0,r.-9.1.0,r.-9.1.0,r.-9.1.0,r.-9.1.0,r.-9.1.0,r.-9.1.0,r.-9.1.0,r.-9.1.0,r.-9.1.0,r.-9.1.0,,,r.-9.1.0,,,,,r.-9.1.0,r.-9.1.0,,,r.-9.1.0,,,,,,,,,,,,,,,,,,,,,,,,,,,,,,,,,,,,,,,,,,,,,,,,,,,,,,,,,,,,,,,,,,,,,,,,,,,,,,,,,,,,,,,,,,,,,,,,,,,,,,,,,,,,,,,,,,,,,,,,,,,,,,,,,,,,,,,,,,,,,,,,,,,,,,,,,,,,,,,,,,,,,,,,,,,,,,,,,,,
152,r.-9.1.0,r.-9.1.0,r.-9.1.0,r.-9.1.0,,,,,,,r.-9.1.0,r.-9.1.0,r.-9.1.0,,,r.-9.1.0,,,,,r.-9.1.0,r.-9.1.0,r.-9.1.0,r.-9.1.0,r.-9.1.0,r.-9.1.0,r.-9.1.0,r.-9.1.0,r.-9.1.0,r.-9.1.0,r.-9.1.0,,,r.-9.1.0,,,,,r.-9.1.0,r.-9.1.0,,,r.-9.1.0,,,,,,,,,,,,,,,,,,,,,,,,,,,,,,,,,,,,,,,,,,,,,,,,,,,,,,,,,,,,,,,,,,,,,,,,,,,,,,,,,,,,,,,,,,,,,,,,,,,,,,,,,,,,,,,,,,,,,,,,,,,,,,,,,,,,,,,,,,,,,,,,,,,,,,,,,,,,,,,,,,,,,,,,,,,,,,,,,,,
153,r.-9.1.0,r.-9.1.0,r.-9.1.0,r.-9.1.0,,,,,,,r.-9.1.0,r.-9.1.0,r.-9.1.0,,,r.-9.1.0,,,,,r.-9.1.0,r.-9.1.0,r.-9.1.0,r.-9.1.0,r.-9.1.0,r.-9.1.0,r.-9.1.0,r.-9.1.0,r.-9.1.0,r.-9.1.0,r.-9.1.0,,,r.-9.1.0,,,,,r.-9.1.0,r.-9.1.0,,,r.-9.1.0,,,,,,,,,,,,,,,,,,,,,,,,,,,,,,,,,,,,,,,,,,,,,,,,,,,,,,,,,,,,,,,,,,,,,,,,,,,,,,,,,,,,,,,,,,,,,,,,,,,,,,,,,,,,,,,,,,,,,,,,,,,,,,,,,,,,,,,,,,,,,,,,,,,,,,,,,,,,,,,,,,,,,,,,,,,,,,,,,,,
154,,,,,,,,,,,,,,,,p.212,,,,,,,,,,,,,,,,,,,,,,,,,,,,,,,,,,,,,,,,,,,,,,,,,,,,,,,,,,,,,,,,,,,,,,,,,,,,,,,,,,,,,,,,,,,,,,,,,,,,,,,,,,,,,,,,,,,,,,,,,,,,,,,,,,,,,,,,,,,,,,,,,,,,,,,,,,,,,,,,,,,,,,,,,,,,,,,,,,,,,,,,,,,,,,,,,,,,,,,,,,,,,,
155,r.-19.1.0,r.-19.1.0,r.-19.1.0,r.-19.1.0,,,,,,,r.-19.1.0,r.-19.1.0,r.-19.1.0,,,r.-19.1.0,,,,,p.144,p.145,p.146,p.147,p.148,p.149,p.150,p.151,p.152,p.153,r.-19.1.0,,,r.-19.1.0,,,,,r.-19.1.0,r.-19.1.0,,,r.-19.1.0,,,,,,,,,,,,,,,,,,,,,,,,,,,,,,,,,,,,,,,,,,,,,,,,,,,,,,,,,,,,,p.155,,,,,,,,,,p.211,,,,,,,,,,,,,,,,,,,,,,,,,,,,,,,,,,,,,,,,,,,,,,,,,,,,,,,,,,,,,,,,,,,,,,,,,,,,,,,,,,,,,,,,,,,,,,,,,,,,,,,,,,,,
156,,,,,,,,,,,,,,,,p.209,,,,,,,,,,,,,,,,,,,,,,,,,,,,,,,,,,,,,,,,,,,,,,,,,,,,,,,,,,,,,,,,,,,,,,,,,,,,,,,,,,,,,,,,,,,,,,,,,,,,,,,,,,,,,,,,,,,,,,,,,,,,,,,,,,,,,,,,,,,,,,,,,,,,,,,,,,,,,,,,,,,,,,,,,,,,,,,,,,,,,,,,,,,,,,,,,,,,,,,,,,,,,,
157,,,,,,,,,,,,,,,,p.207,,,,,,,,,,,,,,,,,,,,,,,,,,,,,,,,,,,,,,,,,,,,,,,,,,,,,,,,,,,,,,,,,,,,,,,,,,,,,,,,,,,,,,,,,,,,,,,,,,,,,,,,,,,,,,,,,,,,,,,,,,,,,,,,,,,,,,,,,,,,,,,,,,,,,,,,,,,,,,,,,,,,,,,,,,,,,,,,,,,,,,,,,,,,,,,,,,,,,,,,,,,,,,
158,,,,,,,,,,,,,,,,p.205,,,,,,,,,,,,,,,,,,,,,,,,,,,,,,,,,,,,,,,,,,,,,,,,,,,,,,,,,,,,,,,,,,,,,,,,,,,,,,,,,,,,,,,,,,,,,,,,,,,,,,,,,,,,,,,,,,,,,,,,,,,,,,,,,,,,,,,,,,,,,,,,,,,,,,,,,,,,,,,,,,,,,,,,,,,,,,,,,,,,,,,,,,,,,,,,,,,,,,,,,,,,,,
159,r.-127.1.0,r.-127.1.0,r.-127.1.0,r.-127.1.0,,,,,,,r.-127.1.0,r.-127.1.0,r.-127.1.0,,,r.-127.1.0,,,,,,,,,,,,,,,r.-127.1.0,,,r.-127.1.0,,,,,r.-127.1.0,r.-127.1.0,,,r.-127.1.0,,,,,,,,,,,,,,,,,,,,,,,,,,,,,,,,,,,,,,,,,,,,,,,,,,,,,,,,,,,,,,,,,,,,,,,,,,,,,,,,,,,,,,,,,,,,,,,,,,,,,,,,,,,,,,,,,,,,,,,,,,,,,,,,,,,,,,,,,,,,,,,,,,,,,,,,,,,,,,,,,,,,,,,,,,,,,,,,,,,
160,,,,,,,,,,,,,,,,p.203,,,,,,,,,,,,,,,,,,,,,,,,,,,,,,,,,,,,,,,,,,,,,,,,,,,,,,,,,,,,,,,,,,,,,,,,,,,,,,,,,,,,,,,,,,,,,,,,,,,,,,,,,,,,,,,,,,,,,,,,,,,,,,,,,,,,,,,,,,,,,,,,,,,,,,,,,,,,,,,,,,,,,,,,,,,,,,,,,,,,,,,,,,,,,,,,,,,,,,,,,,,,,,
161,,,,,,,,,,,,,,,,p.201,,,,,,,,,,,,,,,,,,,,,,,,,,,,,,,,,,,,,,,,,,,,,,,,,,,,,,,,,,,,,,,,,,,,,,,,,,,,,,,,,,,,,,,,,,,,,,,,,,,,,,,,,,,,,,,,,,,,,,,,,,,,,,,,,,,,,,,,,,,,,,,,,,,,,,,,,,,,,,,,,,,,,,,,,,,,,,,,,,,,,,,,,,,,,,,,,,,,,,,,,,,,,,
162,,,,,,,,,,,,,,,,p.199,,,,,,,,,,,,,,,,,,,,,,,,,,,,,,,,,,,,,,,,,,,,,,,,,,,,,,,,,,,,,,,,,,,,,,,,,,,,,,,,,,,,,,,,,,,,,,,,,,,,,,,,,,,,,,,,,,,,,,,,,,,,,,,,,,,,,,,,,,,,,,,,,,,,,,,,,,,,,,,,,,,,,,,,,,,,,,,,,,,,,,,,,,,,,,,,,,,,,,,,,,,,,,
163,,,,,,,,,,,,,,,,p.197,,,,,,,,,,,,,,,,,,,,,,,,,,,,,,,,,,,,,,,,,,,,,,,,,,,,,,,,,,,,,,,,,,,,,,,,,,,,,,,,,,,,,,,,,,,,,,,,,,,,,,,,,,,,,,,,,,,,,,,,,,,,,,,,,,,,,,,,,,,,,,,,,,,,,,,,,,,,,,,,,,,,,,,,,,,,,,,,,,,,,,,,,,,,,,,,,,,,,,,,,,,,,,
164,,,,,,,,,,,,,,,,r.-119.3.0,,,,,,,,,,,,,,,,,,,,,,,,,,,,,,,,,,,,,,,,,,,,,,,,,,,,,,,,,,,,,,,,,,,,,,,,,,,,,,,,,,,,,,,,,,,,,,,,,,,,,,,,,,,,,,,,,,,,,,,,,,,,,,,,,,,,,,,,,,,,,,,,,,,,,,,,,,,,,,,,,,,,,,,,,,,,,,,,,,,,,,,,,,,,,,,,,,,,,,,,,,,,,,
165,p.166,p.167,p.168,p.169,,,,,,,p.170,p.171,p.172,,,r.-22.1.0,,,,,,,,,,,,,,,p.173,,,p.174,,,,,p.175,p.176,,,p.177,,,,,,,,,,,,,,,,,,,,,,,,,,,,,,,,,,,,,,,,,,,,,,,,,,,,,,,,,,,,,,,,,,,,,,,,,,,,,,,,,,,,,,,,,,,,,,,,,,,,,,,,,,,,,,,,,,,,,,,,,,,,,,,,,,,,,,,,,,,,,,,,,,,,,,,,,,,,,,,,,,,,,,,,,,,,,,,,,,,
166,,p.195,,,,,,,,,,,,,,,,,,,,,,,,,,,,,,,,,,,,,,,,,,,,,,,,,,,,,,,,,,,,,,,,,,,,,,,,,,,,,,,,,,,,,,,,,,,,,,,,,,,,,,,,,,,,,,,,,,,,,,,,,,,,,,,,,,,,,,,,,,,,,,,,,,,,,,,,,,,,,,,,,,,,,,,,,,,,,,,,,,,,,,,,,,,,,,,,,,,,,,,,,,,,,,,,,,,,,,,,,,,,
167,,,,,,,,,,,,,,,,,,,,,,,,,,,,,,,p.193,p.194,,,,,,,,,,,,,,,,,,,,,,,,,,,,,,,,,,,,,,,,,,,,,,,,,,,,,,,,,,,,,,,,,,,,,,,,,,,,,,,,,,,,,,,,,,,,,,,,,,,,,,,,,,,,,,,,,,,,,,,,,,,,,,,,,,,,,,,,,,,,,,,,,,,,,,,,,,,,,,,,,,,,,,,,,,,,,,,,,,,,,,,,,,,,,,
168,,,,p.190,,,,,,,,,,,,,,,,,,,,,,,,,,,,,,,,,,,,,,,,,,,,,,,,,,,,,,,,,,,,,,,,,,,,,,,,,,,,,,,,,,,,,,,,,,,,,,,,,,,,,,,,,,,,,,,,,,,,,,,,,,,,,,,,,,,,,,,,,,,,,,,,,,,,,,,,,,,,,,,,,,,,,,,,,,,,,,,,,,,,,,,,,,,,,,,,,,,,,,,,,,,,,,,,,,,,,,,,,,
169,,,,,p.188,,,,,,,,,,,,,,,,,,,,,,,,,,,,,,,,,,,,,,,,,,,,,,,,,,,,,,,,,,,,,,,,,,,,,,,,,,,,,,,,,,,,,,,,,,,,,,,,,,,,,,,,,,,,,,,,,,,,,,,,,,,,,,,,,,,,,,,,,,,,,,,,,,,,,,,,,,,,,,,,,,,,,,,,,,,,,,,,,,,,,,,,,,,,,,,,,,,,,,,,,,,,,,,,,,,,,,,,,
170,,,,,,,,,,,,,,,,,,,,,,,,,,,,,,,p.187,,,,,,,,,,,,,,,,,,,,,,,,,,,,,,,,,,,,,,,,,,,,,,,,,,,,,,,,,,,,,,,,,,,,,,,,,,,,,,,,,,,,,,,,,,,,,,,,,,,,,,,,,,,,,,,,,,,,,,,,,,,,,,,,,,,,,,,,,,,,,,,,,,,,,,,,,,,,,,,,,,,,,,,,,,,,,,,,,,,,,,,,,,,,,,,
171,,,,,,,,,,,,,,,,,,,,,,,,,,,,,,,,,p.186,,,,,,,,,,,,,,,,,,,,,,,,,,,,,,,,,,,,,,,,,,,,,,,,,,,,,,,,,,,,,,,,,,,,,,,,,,,,,,,,,,,,,,,,,,,,,,,,,,,,,,,,,,,,,,,,,,,,,,,,,,,,,,,,,,,,,,,,,,,,,,,,,,,,,,,,,,,,,,,,,,,,,,,,,,,,,,,,,,,,,,,,,,,,,
172,,,,,,,,,,,,,,,,r.-29.2.0,,,,,,,,,,,,,,,,,,,,,,,,,,,,,,,,,,,,,,,,,,,,,,,,,,,,,,,,,,,,,,,,,,,,,,,,,,,,,,,,,,,,,,,,,,,,,,,,,,,,,,,,,,,,,,,,,,,,,,,,,,,,,,,,,,,,,,,,,,,,,,,,,,,,,,,,,,,,,,,,,,,,,,,,,,,,,,,,,,,,,,,,,,,,,,,,,,,,,,,,,,,,,,
173,,,,,,,,,,,,,p.184,,,,,,,,,,,,,,,,,,p.185,,,,,,,,,,,,,,,,,,,,,,,,,,,,,,,,,,,,,,,,,,,,,,,,,,,,,,,,,,,,,,,,,,,,,,,,,,,,,,,,,,,,,,,,,,,,,,,,,,,,,,,,,,,,,,,,,,,,,,,,,,,,,,,,,,,,,,,,,,,,,,,,,,,,,,,,,,,,,,,,,,,,,,,,,,,,,,,,,,,,,,,,,,,,,,,
174,,,,,,,,,,,,p.182,,,,,,,,,,,,,,,,,,,,,,,,,,,,,,,,,,,,,,,,,,,,,,,,,,,,,,,,,,,,,,,,,,,,,,,,,,,,,,,,,,,,,,,,,,,,,,,,,,,,,,,,,,,,,,,,,,,,,,,,,,,,,,,,,,,,,,,,,,,,,,,,,,,,,,,,,,,,,,,,,,,,,,,,,,,,,,,,,,,,,,,,,,,,,,,,,,,,,,,,,,,,,,,,,,
175,,,,,,,,,,,,,,,,,,,,,,,,,,,,,,,,,,,,,,,,,,p.181,,,,,,,,,,,,,,,,,,,,,,,,,,,,,,,,,,,,,,,,,,,,,,,,,,,,,,,,,,,,,,,,,,,,,,,,,,,,,,,,,,,,,,,,,,,,,,,,,,,,,,,,,,,,,,,,,,,,,,,,,,,,,,,,,,,,,,,,,,,,,,,,,,,,,,,,,,,,,,,,,,,,,,,,,,,,,,,,,,,,
176,,,,,,,,,,,p.178,,,p.179,,,,,,,,,,,,,,,,,,p.180,,,,,,,,,,,,,,,,,,,,,,,,,,,,,,,,,,,,,,,,,,,,,,,,,,,,,,,,,,,,,,,,,,,,,,,,,,,,,,,,,,,,,,,,,,,,,,,,,,,,,,,,,,,,,,,,,,,,,,,,,,,,,,,,,,,,,,,,,,,,,,,,,,,,,,,,,,,,,,,,,,,,,,,,,,,,,,,,,,,,,,,,,,,,,,
177,,,,,,,,,,,,,,,,r.-24.2.0,,,,,,,,,,,,,,,,,,,,,,,,,,,,,,,,,,,,,,,,,,,,,,,,,,,,,,,,,,,,,,,,,,,,,,,,,,,,,,,,,,,,,,,,,,,,,,,,,,,,,,,,,,,,,,,,,,,,,,,,,,,,,,,,,,,,,,,,,,,,,,,,,,,,,,,,,,,,,,,,,,,,,,,,,,,,,,,,,,,,,,,,,,,,,,,,,,,,,,,,,,,,,,
178,,,,,,,,,,,,,,,,r.-20.3.0,,,,,,,,,,,,,,,,,,,,,,,,,,,,,,,,,,,,,,,,,,,,,,,,,,,,,,,,,,,,,,,,,,,,,,,,,,,,,,,,,,,,,,,,,,,,,,,,,,,,,,,,,,,,,,,,,,,,,,,,,,,,,,,,,,,,,,,,,,,,,,,,,,,,,,,,,,,,,,,,,,,,,,,,,,,,,,,,,,,,,,,,,,,,,,,,,,,,,,,,,,,,,,
179,,,,,,,,,,,,,,,,r.-20.3.0,,,,,,,,,,,,,,,,,,,,,,,,,,,,,,,,,,,,,,,,,,,,,,,,,,,,,,,,,,,,,,,,,,,,,,,,,,,,,,,,,,,,,,,,,,,,,,,,,,,,,,,,,,,,,,,,,,,,,,,,,,,,,,,,,,,,,,,,,,,,,,,,,,,,,,,,,,,,,,,,,,,,,,,,,,,,,,,,,,,,,,,,,,,,,,,,,,,,,,,,,,,,,,
180,,,,,,,,,,,,,,,,r.-20.3.0,,,,,,,,,,,,,,,,,,,,,,,,,,,,,,,,,,,,,,,,,,,,,,,,,,,,,,,,,,,,,,,,,,,,,,,,,,,,,,,,,,,,,,,,,,,,,,,,,,,,,,,,,,,,,,,,,,,,,,,,,,,,,,,,,,,,,,,,,,,,,,,,,,,,,,,,,,,,,,,,,,,,,,,,,,,,,,,,,,,,,,,,,,,,,,,,,,,,,,,,,,,,,,
181,,,,,,,,,,,,,,,,r.-20.3.0,,,,,,,,,,,,,,,,,,,,,,,,,,,,,,,,,,,,,,,,,,,,,,,,,,,,,,,,,,,,,,,,,,,,,,,,,,,,,,,,,,,,,,,,,,,,,,,,,,,,,,,,,,,,,,,,,,,,,,,,,,,,,,,,,,,,,,,,,,,,,,,,,,,,,,,,,,,,,,,,,,,,,,,,,,,,,,,,,,,,,,,,,,,,,,,,,,,,,,,,,,,,,,
182,,,,,,,,,,,,,,,,,,,,,,,,,,,,,,,,,p.183,,,,,,,,,,,,,,,,,,,,,,,,,,,,,,,,,,,,,,,,,,,,,,,,,,,,,,,,,,,,,,,,,,,,,,,,,,,,,,,,,,,,,,,,,,,,,,,,,,,,,,,,,,,,,,,,,,,,,,,,,,,,,,,,,,,,,,,,,,,,,,,,,,,,,,,,,,,,,,,,,,,,,,,,,,,,,,,,,,,,,,,,,,,,,
183,,,,,,,,,,,,,,,,r.-12.4.0,,,,,,,,,,,,,,,,,,,,,,,,,,,,,,,,,,,,,,,,,,,,,,,,,,,,,,,,,,,,,,,,,,,,,,,,,,,,,,,,,,,,,,,,,,,,,,,,,,,,,,,,,,,,,,,,,,,,,,,,,,,,,,,,,,,,,,,,,,,,,,,,,,,,,,,,,,,,,,,,,,,,,,,,,,,,,,,,,,,,,,,,,,,,,,,,,,,,,,,,,,,,,,
184,,,,,,,,,,,,,,,,r.-29.3.0,,,,,,,,,,,,,,,,,,,,,,,,,,,,,,,,,,,,,,,,,,,,,,,,,,,,,,,,,,,,,,,,,,,,,,,,,,,,,,,,,,,,,,,,,,,,,,,,,,,,,,,,,,,,,,,,,,,,,,,,,,,,,,,,,,,,,,,,,,,,,,,,,,,,,,,,,,,,,,,,,,,,,,,,,,,,,,,,,,,,,,,,,,,,,,,,,,,,,,,,,,,,,,
185,,,,,,,,,,,,,,,,r.-20.3.0,,,,,,,,,,,,,,,,,,,,,,,,,,,,,,,,,,,,,,,,,,,,,,,,,,,,,,,,,,,,,,,,,,,,,,,,,,,,,,,,,,,,,,,,,,,,,,,,,,,,,,,,,,,,,,,,,,,,,,,,,,,,,,,,,,,,,,,,,,,,,,,,,,,,,,,,,,,,,,,,,,,,,,,,,,,,,,,,,,,,,,,,,,,,,,,,,,,,,,,,,,,,,,
186,,,,,,,,,,,,,,,,r.-12.3.0,,,,,,,,,,,,,,,,,,,,,,,,,,,,,,,,,,,,,,,,,,,,,,,,,,,,,,,,,,,,,,,,,,,,,,,,,,,,,,,,,,,,,,,,,,,,,,,,,,,,,,,,,,,,,,,,,,,,,,,,,,,,,,,,,,,,,,,,,,,,,,,,,,,,,,,,,,,,,,,,,,,,,,,,,,,,,,,,,,,,,,,,,,,,,,,,,,,,,,,,,,,,,,
187,,,,,,,,,,,,,,,,r.-20.3.0,,,,,,,,,,,,,,,,,,,,,,,,,,,,,,,,,,,,,,,,,,,,,,,,,,,,,,,,,,,,,,,,,,,,,,,,,,,,,,,,,,,,,,,,,,,,,,,,,,,,,,,,,,,,,,,,,,,,,,,,,,,,,,,,,,,,,,,,,,,,,,,,,,,,,,,,,,,,,,,,,,,,,,,,,,,,,,,,,,,,,,,,,,,,,,,,,,,,,,,,,,,,,,
188,p.189,,,,,,,,,,,,,,,,,,,,,,,,,,,,,,,,,,,,,,,,,,,,,,,,,,,,,,,,,,,,,,,,,,,,,,,,,,,,,,,,,,,,,,,,,,,,,,,,,,,,,,,,,,,,,,,,,,,,,,,,,,,,,,,,,,,,,,,,,,,,,,,,,,,,,,,,,,,,,,,,,,,,,,,,,,,,,,,,,,,,,,,,,,,,,,,,,,,,,,,,,,,,,,,,,,,,,,,,,,,,,
189,,,,,,,,,,,,,,,,r.-2.4.0,,,,,,,,,,,,,,,,,,,,,,,,,,,,,,,,,,,,,,,,,,,,,,,,,,,,,,,,,,,,,,,,,,,,,,,,,,,,,,,,,,,,,,,,,,,,,,,,,,,,,,,,,,,,,,,,,,,,,,,,,,,,,,,,,,,,,,,,,,,,,,,,,,,,,,,,,,,,,,,,,,,,,,,,,,,,,,,,,,,,,,,,,,,,,,,,,,,,,,,,,,,,,,
190,,,,,p.191,,,,,,,,,,,,,,,,,,,,,,,,,,,,,,,,,,,,,,,,,,,,,,,,,,,,,,,,,,,,,,,,,,,,,,,,,,,,,,,,,,,,,,,,,,,,,,,,,,,,,,,,,,,,,,,,,,,,,,,,,,,,,,,,,,,,,,,,,,,,,,,,,,,,,,,,,,,,,,,,,,,,,,,,,,,,,,,,,,,,,,,,,,,,,,,,,,,,,,,,,,,,,,,,,,,,,,,,,
191,p.192,,,,,,,,,,,,,,,,,,,,,,,,,,,,,,,,,,,,,,,,,,,,,,,,,,,,,,,,,,,,,,,,,,,,,,,,,,,,,,,,,,,,,,,,,,,,,,,,,,,,,,,,,,,,,,,,,,,,,,,,,,,,,,,,,,,,,,,,,,,,,,,,,,,,,,,,,,,,,,,,,,,,,,,,,,,,,,,,,,,,,,,,,,,,,,,,,,,,,,,,,,,,,,,,,,,,,,,,,,,,,
192,,,,,,,,,,,,,,,,r.-2.5.0,,,,,,,,,,,,,,,,,,,,,,,,,,,,,,,,,,,,,,,,,,,,,,,,,,,,,,,,,,,,,,,,,,,,,,,,,,,,,,,,,,,,,,,,,,,,,,,,,,,,,,,,,,,,,,,,,,,,,,,,,,,,,,,,,,,,,,,,,,,,,,,,,,,,,,,,,,,,,,,,,,,,,,,,,,,,,,,,,,,,,,,,,,,,,,,,,,,,,,,,,,,,,,
193,,,,,,,,,,,,,,,,r.-10.3.0,,,,,,,,,,,,,,,,,,,,,,,,,,,,,,,,,,,,,,,,,,,,,,,,,,,,,,,,,,,,,,,,,,,,,,,,,,,,,,,,,,,,,,,,,,,,,,,,,,,,,,,,,,,,,,,,,,,,,,,,,,,,,,,,,,,,,,,,,,,,,,,,,,,,,,,,,,,,,,,,,,,,,,,,,,,,,,,,,,,,,,,,,,,,,,,,,,,,,,,,,,,,,,
194,,,,,,,,,,,,,,,,r.-11.3.0,,,,,,,,,,,,,,,,,,,,,,,,,,,,,,,,,,,,,,,,,,,,,,,,,,,,,,,,,,,,,,,,,,,,,,,,,,,,,,,,,,,,,,,,,,,,,,,,,,,,,,,,,,,,,,,,,,,,,,,,,,,,,,,,,,,,,,,,,,,,,,,,,,,,,,,,,,,,,,,,,,,,,,,,,,,,,,,,,,,,,,,,,,,,,,,,,,,,,,,,,,,,,,
195,,,p.196,,,,,,,,,,,,,,,,,,,,,,,,,,,,,,,,,,,,,,,,,,,,,,,,,,,,,,,,,,,,,,,,,,,,,,,,,,,,,,,,,,,,,,,,,,,,,,,,,,,,,,,,,,,,,,,,,,,,,,,,,,,,,,,,,,,,,,,,,,,,,,,,,,,,,,,,,,,,,,,,,,,,,,,,,,,,,,,,,,,,,,,,,,,,,,,,,,,,,,,,,,,,,,,,,,,,,,,,,,,
196,,,,,,,,,,,,,,,,r.-2.4.0,,,,,,,,,,,,,,,,,,,,,,,,,,,,,,,,,,,,,,,,,,,,,,,,,,,,,,,,,,,,,,,,,,,,,,,,,,,,,,,,,,,,,,,,,,,,,,,,,,,,,,,,,,,,,,,,,,,,,,,,,,,,,,,,,,,,,,,,,,,,,,,,,,,,,,,,,,,,,,,,,,,,,,,,,,,,,,,,,,,,,,,,,,,,,,,,,,,,,,,,,,,,,,
197,,,,,,,,,,,,,,,,p.78/r.-33.0.0/r.-32.0.0,,,,,,,,,,,,,,,,,,,,,,,,,,,,,,,,,,,,,,,,,,,,,,,,,,,,,,,,,,,,,,,,,,,,,,,,,,,,,,,,,,,,,,,,,,,,,,,,,,,,,,,,,,,p.198,,,,p.98,p.99,,,,,,,,,,,,,,,,,,,,,,,,,,,,,,,,,,,,,,,,,,,,,,,,,,,,,,,,,,,,,,,,,,,,,,,,,,,,,,,,,,,,,,,,,,,,,,
198,,,,,,,,,,,,,,,,r.-69.3.0,,,,,,,,,,,,,,,,,,,,,,,,,,,,,,,,,,,,,,,,,,,,,,,,,,,,,,,,,,,,,,,,,,,,,,,,,,,,,,,,,,,,,,,,,,,,,,,,,,,,,,,,,,,,,,,,,,,,,,,,,,,,,,,,,,,,,,,,,,,,,,,,,,,,,,,,,,,,,,,,,,,,,,,,,,,,,,,,,,,,,,,,,,,,,,,,,,,,,,,,,,,,,,
199,,,,,,,,,,,,,,,,p.78/r.-33.0.0/r.-32.0.0,,,,,,,,,,,,,,,,,,,,,,,,,,,,,,,,,,,,,,,,,,,,,,,,,,,,,,,,,,,,,,,,,,,,,,,,,,,,,,,,,,,,,,,,,,,,,,,,,,,,,,,,,,,p.200,,,,p.98,p.99,,,,,,,,,,,,,,,,,,,,,,,,,,,,,,,,,,,,,,,,,,,,,,,,,,,,,,,,,,,,,,,,,,,,,,,,,,,,,,,,,,,,,,,,,,,,,,
200,,,,,,,,,,,,,,,,r.-69.3.0,,,,,,,,,,,,,,,,,,,,,,,,,,,,,,,,,,,,,,,,,,,,,,,,,,,,,,,,,,,,,,,,,,,,,,,,,,,,,,,,,,,,,,,,,,,,,,,,,,,,,,,,,,,,,,,,,,,,,,,,,,,,,,,,,,,,,,,,,,,,,,,,,,,,,,,,,,,,,,,,,,,,,,,,,,,,,,,,,,,,,,,,,,,,,,,,,,,,,,,,,,,,,,
201,,,,,,,,,,,,,,,,p.78/r.-33.0.0/r.-32.0.0,,,,,,,,,,,,,,,,,,,,,,,,,,,,,,,,,,,,,,,,,,,,,,,,,,,,,,,,,,,,,,,,,,,,,,,,,,,,,,,,,,,,,,,,,,,,,,,,,,,,,,,,,,,p.202,,,,p.98,p.99,,,,,,,,,,,,,,,,,,,,,,,,,,,,,,,,,,,,,,,,,,,,,,,,,,,,,,,,,,,,,,,,,,,,,,,,,,,,,,,,,,,,,,,,,,,,,,
202,,,,,,,,,,,,,,,,r.-69.3.0,,,,,,,,,,,,,,,,,,,,,,,,,,,,,,,,,,,,,,,,,,,,,,,,,,,,,,,,,,,,,,,,,,,,,,,,,,,,,,,,,,,,,,,,,,,,,,,,,,,,,,,,,,,,,,,,,,,,,,,,,,,,,,,,,,,,,,,,,,,,,,,,,,,,,,,,,,,,,,,,,,,,,,,,,,,,,,,,,,,,,,,,,,,,,,,,,,,,,,,,,,,,,,
203,,,,,,,,,,,,,,,,p.78/r.-33.0.0/r.-32.0.0,,,,,,,,,,,,,,,,,,,,,,,,,,,,,,,,,,,,,,,,,,,,,,,,,,,,,,,,,,,,,,,,,,,,,,,,,,,,,,,,,,,,,,,,,,,,,,,,,,,,,,,,,,,p.204,,,,p.98,p.99,,,,,,,,,,,,,,,,,,,,,,,,,,,,,,,,,,,,,,,,,,,,,,,,,,,,,,,,,,,,,,,,,,,,,,,,,,,,,,,,,,,,,,,,,,,,,,
204,,,,,,,,,,,,,,,,r.-69.3.0,,,,,,,,,,,,,,,,,,,,,,,,,,,,,,,,,,,,,,,,,,,,,,,,,,,,,,,,,,,,,,,,,,,,,,,,,,,,,,,,,,,,,,,,,,,,,,,,,,,,,,,,,,,,,,,,,,,,,,,,,,,,,,,,,,,,,,,,,,,,,,,,,,,,,,,,,,,,,,,,,,,,,,,,,,,,,,,,,,,,,,,,,,,,,,,,,,,,,,,,,,,,,,
205,,,,,,,,,,,,,,,,p.78/r.-32.0.0/r.-33.0.0,,,,,,,,,,,,,,,,,,,,,,,,,,,,,,,,,,,,,,,,,,,,,,,,,,,,,,,,,,,,,,,,,,,,,,,,,,,,,,,,,,,,,,,,,,,,,,,,,,,,,,,,,,,p.206,,,,p.98,p.99,,,,,,,,,,,,,,,,,,,,,,,,,,,,,,,,,,,,,,,,,,,,,,,,,,,,,,,,,,,,,,,,,,,,,,,,,,,,,,,,,,,,,,,,,,,,,,
206,,,,,,,,,,,,,,,,r.-69.3.0,,,,,,,,,,,,,,,,,,,,,,,,,,,,,,,,,,,,,,,,,,,,,,,,,,,,,,,,,,,,,,,,,,,,,,,,,,,,,,,,,,,,,,,,,,,,,,,,,,,,,,,,,,,,,,,,,,,,,,,,,,,,,,,,,,,,,,,,,,,,,,,,,,,,,,,,,,,,,,,,,,,,,,,,,,,,,,,,,,,,,,,,,,,,,,,,,,,,,,,,,,,,,,
207,,,,,,,,,,,,,,,,p.78/r.-33.0.0/r.-32.0.0,,,,,,,,,,,,,,,,,,,,,,,,,,,,,,,,,,,,,,,,,,,,,,,,,,,,,,,,,,,,,,,,,,,,,,,,,,,,,,,,,,,,,,,,,,,,,,,,,,,,,,,,,,,p.208,,,,p.98,p.99,,,,,,,,,,,,,,,,,,,,,,,,,,,,,,,,,,,,,,,,,,,,,,,,,,,,,,,,,,,,,,,,,,,,,,,,,,,,,,,,,,,,,,,,,,,,,,
208,,,,,,,,,,,,,,,,r.-69.3.0,,,,,,,,,,,,,,,,,,,,,,,,,,,,,,,,,,,,,,,,,,,,,,,,,,,,,,,,,,,,,,,,,,,,,,,,,,,,,,,,,,,,,,,,,,,,,,,,,,,,,,,,,,,,,,,,,,,,,,,,,,,,,,,,,,,,,,,,,,,,,,,,,,,,,,,,,,,,,,,,,,,,,,,,,,,,,,,,,,,,,,,,,,,,,,,,,,,,,,,,,,,,,,
209,,,,,,,,,,,,,,,,p.78/r.-32.0.0/r.-33.0.0,,,,,,,,,,,,,,,,,,,,,,,,,,,,,,,,,,,,,,,,,,,,,,,,,,,,,,,,,,,,,,,,,,,,,,,,,,,,,,,,,,,,,,,,,,,,,,,,,,,,,,,,,,,p.210,,,,p.98,p.99,,,,,,,,,,,,,,,,,,,,,,,,,,,,,,,,,,,,,,,,,,,,,,,,,,,,,,,,,,,,,,,,,,,,,,,,,,,,,,,,,,,,,,,,,,,,,,
210,,,,,,,,,,,,,,,,r.-69.3.0,,,,,,,,,,,,,,,,,,,,,,,,,,,,,,,,,,,,,,,,,,,,,,,,,,,,,,,,,,,,,,,,,,,,,,,,,,,,,,,,,,,,,,,,,,,,,,,,,,,,,,,,,,,,,,,,,,,,,,,,,,,,,,,,,,,,,,,,,,,,,,,,,,,,,,,,,,,,,,,,,,,,,,,,,,,,,,,,,,,,,,,,,,,,,,,,,,,,,,,,,,,,,,
211,r.-19.2.0,r.-19.2.0,r.-19.2.0,r.-19.2.0,,,,,,,r.-19.2.0,r.-19.2.0,r.-19.2.0,,,r.-19.2.0,,,,,,,,,,,,,,,r.-19.2.0,,,r.-19.2.0,,,,,r.-19.2.0,r.-19.2.0,,,r.-19.2.0,,,,,,,,,,,,,,,,,,,,,,,,,,,,,,,,,,,,,,,,,,,,,,,,,,,,,,,,,,,,,,,,,,,,,,,,,,,,,,,,,,,,,,,,,,,,,,,,,,,,,,,,,,,,,,,,,,,,,,,,,,,,,,,,,,,,,,,,,,,,,,,,,,,,,,,,,,,,,,,,,,,,,,,,,,,,,,,,,,,
212,,,,,,,,,,,,,,,,p.78/r.-32.0.0/r.-33.0.0,,,,,,,,,,,,,,,,,,,,,,,,,,,,,,,,,,,,,,,,,,,,,,,,,,,,,,,,,,,,,,,,,,,,,,,,,,,,,,,,,,,,,,,,,,,,,,,,,,,,,,,,,,,p.213,,,,p.98,p.99,,,,,,,,,,,,,,,,,,,,,,,,,,,,,,,,,,,,,,,,,,,,,,,,,,,,,,,,,,,,,,,,,,,,,,,,,,,,,,,,,,,,,,,,,,,,,,
213,,,,,,,,,,,,,,,,r.-69.3.0,,,,,,,,,,,,,,,,,,,,,,,,,,,,,,,,,,,,,,,,,,,,,,,,,,,,,,,,,,,,,,,,,,,,,,,,,,,,,,,,,,,,,,,,,,,,,,,,,,,,,,,,,,,,,,,,,,,,,,,,,,,,,,,,,,,,,,,,,,,,,,,,,,,,,,,,,,,,,,,,,,,,,,,,,,,,,,,,,,,,,,,,,,,,,,,,,,,,,,,,,,,,,,
214,,,,,,,,,,,,,,,p.215,r.-63.0.0/r.-97.0.0,,,,,,,,,,,,,,,,,,,,,,,,,,,,,,,,,,,,,,,,,,,,,,,,,,,,,,,,,,,,,,,,,,,,,,,,,,p.216,,,,,,,,,,,,,,,,,,,,,,,,,,,,,,,,,,,,,,,,,,,,,,,,,,,,,,,,,,,,,,,,,,,,p.217,p.218,,,,,,,,,,,,,,,,,,,,,,,,,,,,,,,,,p.219,p.220,,,,,,,,,,,,,,,,,,,,,,,,,,,,,
215,,,,,,,,,,,,,,,,p.338,,,,,,,,,,,,,,,,,,,,,,,,,,,,,,,,,,,,,,,,,,,,,,,,,,,,,,,,,,,,,,,,,,,,,,,,,,,,,,,,,,,,,,,,,,,,,,,,,,,,,,,,,,,,,,,,,,,,,,,,,,,,,,,,,,,,,,,,,,,,,,,,,,,,,,,,,,,,,,,,,,,,,,,,,,,,,,,,,,,,,,,,,,,,,,,,,,,,,,,,,,,,,,
216,,,,,,,,,,,,,,,,p.336,,,,,,,,,,,,,,,,,,,,,,,,,,,,,,,,,,,,,,,,,,,,,,,,,,,,,,,,,,,,,,,,,,,,,,,,,,,,,,,,,,,,,,,,,,,,,,,,,,,,,,,,,,,,,,,,,,,,,,,,,,,,,,,,,,,,,,,,,,,,,,,,,,,,,,,,,,,,,,,,,,,,,,,,,,,,,,,,,,,,,,,,,,,,,,,,,,,,,,,,,,,,,,
217,,,,,,,,,,,,,,,,r.-82.3.0,,,,,,,,,,,,,,,,,,,,,,,,,,,,,,,,,,,,,,,,,,,,,,,,,,,,,,,,,,,,,,,,,,,,,,,,,,,,,,,,,,,,,,,,,,,,,,,,,,,,,,,,,,,,,,,,,,,,,,,,,,,,,,,,,,,,,,,,,,,,,,,,,,,,,,,,,,,,,,,,,,,,,,,,,,,,,,,,,,,,,,,,,,,,,,,,,,,,,,,,,,,,,,
218,,,,,,,,,,,,,,,p.215,r.-63.0.0/r.-97.0.0,,,,,,,,,,,,,,,,,,,,,,,,,,,,,,,,,,,,,,,,,,,,,,,,,,,,,,,,,,,,,,,,,,,,,,,,,,p.216,,,,,,,,,,,,,,,,,,,,,,,,,,,,,,,,,,,,,,,,,,,,,,,,,,,,,,,,,,,,,,,,,,,,p.335,p.218,,,,,,,,,,,,,,,,,,,,,,,,,,,,,,,,,p.219,p.220,,,,,,,,,,,,,,,,,,,,,,,,,,,,,
219,,,,,,,,,,,,,,,,p.221,,,,,,,,,,,,,,,,,,,,,,,,,,,,,,,,,,,,,,,,,,,,,,,,,,,,,,,,,,,,,,,,,,,,,,,,,,,,,,,,,,,,,,,,,,,,,,,,,,,,,,,,,,,,,,,,,,,,,,,,,,,,,,,,,,,,,,,,,,,,,,,,,,,,,,,,,,,,,,,,,,,,,,,,,,,,,,,,,,,,,,,,,,,,,,,,,,,,,,,,,,,,,,
220,,,,,,,,,,,,,,,,r.-97.1.0,,,,,,,,,,,,,,,,,,,,,,,,,,,,,,,,,,,,,,,,,,,,,,,,,,,,,,,,,,,,,,,,,,,,,,,,,,,,,,,,,,,,,,,,,,,,,,,,,,,,,,,,,,,,,,,,,,,,,,,,,,,,,,,,,,,,,,,,,,,,,,,,,,,,,,,,,,,,,,,,,,,,,,,,,,,,,,,,,,,,,,,,,,,,,,,,,,,,,,,,,,,,,,
221,r.-90.0.0,r.-90.0.0,r.-90.0.0,r.-90.0.0,r.-90.0.0,p.122/r.-90.0.0,r.-90.0.0,r.-90.0.0,r.-90.0.0,r.-90.0.0,r.-90.0.0,r.-90.0.0,r.-90.0.0,r.-90.0.0,r.-90.0.0,r.-120.0.0/r.-90.0.0,r.-90.0.0,r.-90.0.0,r.-90.0.0,r.-90.0.0,r.-90.0.0,r.-90.0.0,r.-90.0.0,r.-90.0.0,r.-90.0.0,r.-90.0.0,r.-90.0.0,r.-90.0.0,r.-90.0.0,r.-90.0.0,r.-90.0.0,r.-90.0.0,r.-90.0.0,r.-90.0.0,r.-90.0.0,p.222/r.-90.0.0,r.-90.0.0,r.-90.0.0,r.-90.0.0,r.-90.0.0,r.-90.0.0,r.-90.0.0,r.-90.0.0,p.124/r.-90.0.0,p.125/r.-90.0.0,r.-90.0.0,r.-90.0.0,r.-90.0.0,r.-90.0.0,r.-90.0.0,p.126/r.-90.0.0,r.-90.0.0,r.-90.0.0,r.-90.0.0,r.-90.0.0,r.-90.0.0,r.-90.0.0,r.-90.0.0,r.-90.0.0,r.-90.0.0,r.-90.0.0,r.-90.0.0,r.-90.0.0,r.-90.0.0,r.-90.0.0,r.-90.0.0,r.-90.0.0,r.-90.0.0,r.-90.0.0,r.-90.0.0,r.-90.0.0,r.-90.0.0,r.-90.0.0,r.-90.0.0,r.-90.0.0,r.-90.0.0,r.-90.0.0,r.-90.0.0,r.-90.0.0,r.-90.0.0,r.-90.0.0,r.-90.0.0,r.-90.0.0,r.-90.0.0,r.-90.0.0,r.-90.0.0,p.127/r.-90.0.0,r.-90.0.0,r.-90.0.0,r.-90.0.0,r.-90.0.0,r.-90.0.0,r.-90.0.0,r.-90.0.0,,,,,,,,,,,,,,p.223,,,p.224,,,,,,,,,p.225,,,,,p.226,,,,,,,,,,,,,,,,,,,,,,,,,,,,,,,,,,,,,,,,,,,,,,,,,,,,,p.227,p.228,,,,,,p.135,p.69,,,,,,,,,,,,,,,,,,,,,,,,,p.136,p.137,,p.229,p.230,p.140,,,,p.141,,
222,p.275,p.276,,,p.277,,,,,,p.278,,,,,,,,,,p.279,p.280,p.281,p.282,p.283,p.284,p.285,p.286,p.287,p.288,,,,,,,p.289,p.290,,,,,,,,,,,,,,,,,,,,,,,,,,,,,,,,,,,,,,,,,,,,,,,,,,,,,,,,,,,,,,,,,,,,,,,,p.291,,,,,,,,,,,,,,,,,,,,,,,,,,,,,,,,,,,,,,,,,,,,,,,,,,,p.292,,,,p.293,,,,,,,,,,,,,,,,,,,,,,,,,,,,,,,,,,,,,,,,,,,,,,,,,,,,,,,,,
223,,,,,,,,,,,,,,,,p.267,,,,,,,,,,,,,,,,,,,,,,,,,,,,,,,,,,,,,,,,,,,,,,,,,,,,,,,,,,,,,,,,,,,,,,,,,,,,,,,,,,,,,,,,,,,,,,,,,,,,,,,,,,,,,,,,,,,,,,,,,,,,,,,,,,,,,,,,,,,,,,,,,,,,,,,,,,,,,,,,,,,,,,,,,,,,,,,,,,,,,,,,,,,,,,,,,,,,,,,,,,,,,,
224,,,,,,,,,,,,,,,,p.265,,,,,,,,,,,,,,,,,,,,,,,,,,,,,,,,,,,,,,,,,,,,,,,,,,,,,,,,,,,,,,,,,,,,,,,,,,,,,,,,,,,,,,,,,,,,,,,,,,,,,,,,,,,,,,,,,,,,,,,,,,,,,,,,,,,,,,,,,,,,,,,,,,,,,,,,,,,,,,,,,,,,,,,,,,,,,,,,,,,,,,,,,,,,,,,,,,,,,,,,,,,,,,
225,,,,,,,,,,,,,,,,p.263,,,,,,,,,,,,,,,,,,,,,,,,,,,,,,,,,,,,,,,,,,,,,,,,,,,,,,,,,,,,,,,,,,,,,,,,,,,,,,,,,,,,,,,,,,,,,,,,,,,,,,,,,,,,,,,,,,,,,,,,,,,,,,,,,,,,,,,,,,,,,,,,,,,,,,,,,,,,,,,,,,,,,,,,,,,,,,,,,,,,,,,,,,,,,,,,,,,,,,,,,,,,,,
226,,,,,,,,,,,,,,,,p.261,,,,,,,,,,,,,,,,,,,,,,,,,,,,,,,,,,,,,,,,,,,,,,,,,,,,,,,,,,,,,,,,,,,,,,,,,,,,,,,,,,,,,,,,,,,,,,,,,,,,,,,,,,,,,,,,,,,,,,,,,,,,,,,,,,,,,,,,,,,,,,,,,,,,,,,,,,,,,,,,,,,,,,,,,,,,,,,,,,,,,,,,,,,,,,,,,,,,,,,,,,,,,,
227,,,,,,,,,,,,,,,r.-119.1.0,r.-119.1.0,,,,,,,,,,,,,,,,,,,,,,,,,,,,,,,,,,,,,,,,,,,,,,,,,,,,,,,,,,,,,,,,,,,,,,,,,,r.-119.1.0,,,,,,,,,,,,,,,,,,,,,,,,,,,,,,,,,,,,,,,,,,,,,,,,,,,,,,,,,,,,,,,,,,,,,,,,,,,,,,,,,,,,,,,,,,,,,,,,,,,,,,,,,,,,,,,,,,,,,,,,,,,,,,,,,,,,
228,,,,,,,,,,,,,,,r.-119.1.0,r.-119.1.0,,,,,,,,,,,,,,,,,,,,,,,,,,,,,,,,,,,,,,,,,,,,,,,,,,,,,,,,,,,,,,,,,,,,,,,,,,r.-119.1.0,,,,,,,,,,,,,,,,,,,,,,,,,,,,,,,,,,,,,,,,,,,,,,,,,,,,,,,,,,,,,,,,,,,,,,,,,,,,,,,,,,,,,,,,,,,,,,,,,,,,,,,,,,,,,,,,,,,,,,,,,,,,,,,,,,,,
229,,,,,,,,,,,,,,,r.-64.3.0,r.-64.3.0,,,,,,,,,,,,,,,,,,,,,,,,,,,,,,,,,,,,,,,,,,,,,,,,,,,,,,,,,,,,,,,,,,,,,,,,,,r.-64.3.0,,,,,,,,,,,,,,,,,,,,,,,,,,,,,,,,,,,,,,,,,,,,,,,,,,,,,,,,,,,,,,,,,,,,,,,,,,,,,,,,,,,,,,,,,,,,,,,,,,,,,,,,,,,,,,,,,,,,,,,,,,,,,,,,,,,,
230,,,,,,,,,,,,,,,,p.231,,,,,,,,,,,,,,,,,,,,,,,,,,,,,,,,,,,,,,,,,,,,,,,,,,,,,,,,,,,,,,,,,,,,,,,,,,,,,,,,,,,,,,,,,,,,,,,,,,,,,,,,,,,,,,,,,,,,,,,,,,,,,,,,,,,,,,,,,,,,,,,,,,,,,,,,,,,,,,,,,,,,,,,,,,,,,,,,,,,,,,,,,,,,,,,,,,,,,,,,,,,,,,
231,,,,,,,,,,,,,,,,,,,,,p.144,p.145,p.146,p.147,p.148,p.149,p.150,p.151,p.152,p.153,,,,,,,,,,,,,,,,,,,,,,,,,,,,,,,,,,,,,,,,,,,,,,,,,,,,,,,,,,,,,,,,,,,p.232,,,,,,,p.155,p.233,p.234,p.235,,,,,,,p.159,p.236,,p.237,,p.238,,,,,p.239,,,,,,,,,,,,,,,,,,,,,,,,,,,,,,,,,,,,,,,,p.240,,,,,,,,,,,,,,,,,,,,,,,,,,,,,,,,,,,,,,,,,,,,,,,,,,,,,,,,,,p.165
232,,,,,,,,,,,,,,,,p.259,,,,,,,,,,,,,,,,,,,,,,,,,,,,,,,,,,,,,,,,,,,,,,,,,,,,,,,,,,,,,,,,,,,,,,,,,,,,,,,,,,,,,,,,,,,,,,,,,,,,,,,,,,,,,,,,,,,,,,,,,,,,,,,,,,,,,,,,,,,,,,,,,,,,,,,,,,,,,,,,,,,,,,,,,,,,,,,,,,,,,,,,,,,,,,,,,,,,,,,,,,,,,,
233,,,,,,,,,,,,,,,,p.257,,,,,,,,,,,,,,,,,,,,,,,,,,,,,,,,,,,,,,,,,,,,,,,,,,,,,,,,,,,,,,,,,,,,,,,,,,,,,,,,,,,,,,,,,,,,,,,,,,,,,,,,,,,,,,,,,,,,,,,,,,,,,,,,,,,,,,,,,,,,,,,,,,,,,,,,,,,,,,,,,,,,,,,,,,,,,,,,,,,,,,,,,,,,,,,,,,,,,,,,,,,,,,
234,,,,,,,,,,,,,,,,p.255,,,,,,,,,,,,,,,,,,,,,,,,,,,,,,,,,,,,,,,,,,,,,,,,,,,,,,,,,,,,,,,,,,,,,,,,,,,,,,,,,,,,,,,,,,,,,,,,,,,,,,,,,,,,,,,,,,,,,,,,,,,,,,,,,,,,,,,,,,,,,,,,,,,,,,,,,,,,,,,,,,,,,,,,,,,,,,,,,,,,,,,,,,,,,,,,,,,,,,,,,,,,,,
235,,,,,,,,,,,,,,,,p.253,,,,,,,,,,,,,,,,,,,,,,,,,,,,,,,,,,,,,,,,,,,,,,,,,,,,,,,,,,,,,,,,,,,,,,,,,,,,,,,,,,,,,,,,,,,,,,,,,,,,,,,,,,,,,,,,,,,,,,,,,,,,,,,,,,,,,,,,,,,,,,,,,,,,,,,,,,,,,,,,,,,,,,,,,,,,,,,,,,,,,,,,,,,,,,,,,,,,,,,,,,,,,,
236,,,,,,,,,,,,,,,,p.251,,,,,,,,,,,,,,,,,,,,,,,,,,,,,,,,,,,,,,,,,,,,,,,,,,,,,,,,,,,,,,,,,,,,,,,,,,,,,,,,,,,,,,,,,,,,,,,,,,,,,,,,,,,,,,,,,,,,,,,,,,,,,,,,,,,,,,,,,,,,,,,,,,,,,,,,,,,,,,,,,,,,,,,,,,,,,,,,,,,,,,,,,,,,,,,,,,,,,,,,,,,,,,
237,,,,,,,,,,,,,,,,p.249,,,,,,,,,,,,,,,,,,,,,,,,,,,,,,,,,,,,,,,,,,,,,,,,,,,,,,,,,,,,,,,,,,,,,,,,,,,,,,,,,,,,,,,,,,,,,,,,,,,,,,,,,,,,,,,,,,,,,,,,,,,,,,,,,,,,,,,,,,,,,,,,,,,,,,,,,,,,,,,,,,,,,,,,,,,,,,,,,,,,,,,,,,,,,,,,,,,,,,,,,,,,,,
238,,,,,,,,,,,,,,,,p.247,,,,,,,,,,,,,,,,,,,,,,,,,,,,,,,,,,,,,,,,,,,,,,,,,,,,,,,,,,,,,,,,,,,,,,,,,,,,,,,,,,,,,,,,,,,,,,,,,,,,,,,,,,,,,,,,,,,,,,,,,,,,,,,,,,,,,,,,,,,,,,,,,,,,,,,,,,,,,,,,,,,,,,,,,,,,,,,,,,,,,,,,,,,,,,,,,,,,,,,,,,,,,,
239,,,,,,,,,,,,,,,,p.241,,,,,,,,,,,,,,,,,,,,,,,,,,,,,,,,,,,,,,,,,,,,,,,,,,,,,,,,,,,,,,,,,,,,,,,,,,,,,,,,,,,,,,,,,,,,,,,,,,,,,,,,,,,,,,,,,,,,,,,,,,,,,,,,,,,,,,,,,,,,,,,,,,,,,,,,,,,,,,,,,,,,,,,,,,,,,,,,,,,,,,,,,,,,,,,,,,,,,,,,,,,,,,
240,,,,,,,,,,,,,,,r.-119.3.0,r.-119.3.0,,,,,,,,,,,,,,,,,,,,,,,,,,,,,,,,,,,,,,,,,,,,,,,,,,,,,,,,,,,,,,,,,,,,,,,,,,r.-119.3.0,,,,,,,,,,,,,,,,,,,,,,,,,,,,,,,,,,,,,,,,,,,,,,,,,,,,,,,,,,,,,,,,,,,,,,,,,,,,,,,,,,,,,,,,,,,,,,,,,,,,,,,,,,,,,,,,,,,,,,,,,,,,,,,,,,,,
241,,,,,,,,,,,,,,,r.-32.0.0/r.-33.0.0,p.242/r.-32.0.0/r.-33.0.0,,,,,,,,,,,,,,,,,,,,,,,,,,,,,,,,,,,,,,,,,,,,,,,,,,,,,,,,,,,,,,,,,,,,,,,,,,r.-33.0.0/r.-32.0.0,,,,,,,,,,,,,,,,,,,,,,,,,,,,,,,,,p.243,,,,p.244,p.245,,,,,,,,,,,,,,,,,,,,,,,,,,,,,,,,,,,,,,,,,,,,,,,,,,,,,,,,,,,,,,,,,,,,,,,,,,,,,,,,,,,,,,,,,,,,,,
242,,,,,,,,,,,,,,,r.-33.1.0,r.-33.1.0,,,,,,,,,,,,,,,,,,,,,,,,,,,,,,,,,,,,,,,,,,,,,,,,,,,,,,,,,,,,,,,,,,,,,,,,,,r.-33.1.0,,,,,,,,,,,,,,,,,,,,,,,,,,,,,,,,,,,,,,,,,,,,,,,,,,,,,,,,,,,,,,,,,,,,,,,,,,,,,,,,,,,,,,,,,,,,,,,,,,,,,,,,,,,,,,,,,,,,,,,,,,,,,,,,,,,,
243,,,,,,,,,,,,,,,r.-69.3.0,r.-69.3.0,,,,,,,,,,,,,,,,,,,,,,,,,,,,,,,,,,,,,,,,,,,,,,,,,,,,,,,,,,,,,,,,,,,,,,,,,,r.-69.3.0,,,,,,,,,,,,,,,,,,,,,,,,,,,,,,,,,,,,,,,,,,,,,,,,,,,,,,,,,,,,,,,,,,,,,,,,,,,,,,,,,,,,,,,,,,,,,,,,,,,,,,,,,,,,,,,,,,,,,,,,,,,,,,,,,,,,
244,,,,,,,,,,,,,,,r.-28.1.0,r.-28.1.0,,,,,,,,,,,,,,,,,,,,,,,,,,,,,,,,,,,,,,,,,,,,,,,,,,,,,,,,,,,,,,,,,,,,,,,,,,r.-28.1.0,,,,,,,,,,,,,,,,,,,,,,,,,,,,,,,,,,,,,,,,,,,,,,,,,,,,,,,,,,,,,,,,,,,,,,,,,,,,,,,,,,,,,,,,,,,,,,,,,,,,,,,,,,,,,,,,,,,,,,,,,,,,,,,,,,,,
245,,,,,,,,,,,,,,,r.-32.0.0/r.-33.0.0,p.242/r.-33.0.0/r.-32.0.0,,,,,,,,,,,,,,,,,,,,,,,,,,,,,,,,,,,,,,,,,,,,,,,,,,,,,,,,,,,,,,,,,,,,,,,,,,r.-32.0.0/r.-33.0.0,,,,,,,,,,,,,,,,,,,,,,,,,,,,,,,,,,,,,p.246,p.245,,,,,,,,,,,,,,,,,,,,,,,,,,,,,,,,,,,,,,,,,,,,,,,,,,,,,,,,,,,,,,,,,,,,,,,,,,,,,,,,,,,,,,,,,,,,,,
246,,,,,,,,,,,,,,,r.-32.2.0,r.-32.2.0,,,,,,,,,,,,,,,,,,,,,,,,,,,,,,,,,,,,,,,,,,,,,,,,,,,,,,,,,,,,,,,,,,,,,,,,,,r.-32.2.0,,,,,,,,,,,,,,,,,,,,,,,,,,,,,,,,,,,,,,,,,,,,,,,,,,,,,,,,,,,,,,,,,,,,,,,,,,,,,,,,,,,,,,,,,,,,,,,,,,,,,,,,,,,,,,,,,,,,,,,,,,,,,,,,,,,,
247,,,,,,,,,,,,,,,r.-32.0.0/r.-33.0.0,p.242/r.-32.0.0/r.-33.0.0,,,,,,,,,,,,,,,,,,,,,,,,,,,,,,,,,,,,,,,,,,,,,,,,,,,,,,,,,,,,,,,,,,,,,,,,,,r.-32.0.0/r.-33.0.0,,,,,,,,,,,,,,,,,,,,,,,,,,,,,,,,,p.248,,,,p.244,p.245,,,,,,,,,,,,,,,,,,,,,,,,,,,,,,,,,,,,,,,,,,,,,,,,,,,,,,,,,,,,,,,,,,,,,,,,,,,,,,,,,,,,,,,,,,,,,,
248,,,,,,,,,,,,,,,r.-69.3.0,r.-69.3.0,,,,,,,,,,,,,,,,,,,,,,,,,,,,,,,,,,,,,,,,,,,,,,,,,,,,,,,,,,,,,,,,,,,,,,,,,,r.-69.3.0,,,,,,,,,,,,,,,,,,,,,,,,,,,,,,,,,,,,,,,,,,,,,,,,,,,,,,,,,,,,,,,,,,,,,,,,,,,,,,,,,,,,,,,,,,,,,,,,,,,,,,,,,,,,,,,,,,,,,,,,,,,,,,,,,,,,
249,,,,,,,,,,,,,,,r.-32.0.0/r.-33.0.0,p.242/r.-33.0.0/r.-32.0.0,,,,,,,,,,,,,,,,,,,,,,,,,,,,,,,,,,,,,,,,,,,,,,,,,,,,,,,,,,,,,,,,,,,,,,,,,,r.-33.0.0/r.-32.0.0,,,,,,,,,,,,,,,,,,,,,,,,,,,,,,,,,p.250,,,,p.244,p.245,,,,,,,,,,,,,,,,,,,,,,,,,,,,,,,,,,,,,,,,,,,,,,,,,,,,,,,,,,,,,,,,,,,,,,,,,,,,,,,,,,,,,,,,,,,,,,
250,,,,,,,,,,,,,,,r.-69.3.0,r.-69.3.0,,,,,,,,,,,,,,,,,,,,,,,,,,,,,,,,,,,,,,,,,,,,,,,,,,,,,,,,,,,,,,,,,,,,,,,,,,r.-69.3.0,,,,,,,,,,,,,,,,,,,,,,,,,,,,,,,,,,,,,,,,,,,,,,,,,,,,,,,,,,,,,,,,,,,,,,,,,,,,,,,,,,,,,,,,,,,,,,,,,,,,,,,,,,,,,,,,,,,,,,,,,,,,,,,,,,,,
251,,,,,,,,,,,,,,,r.-32.0.0/r.-33.0.0,p.242/r.-32.0.0/r.-33.0.0,,,,,,,,,,,,,,,,,,,,,,,,,,,,,,,,,,,,,,,,,,,,,,,,,,,,,,,,,,,,,,,,,,,,,,,,,,r.-32.0.0/r.-33.0.0,,,,,,,,,,,,,,,,,,,,,,,,,,,,,,,,,p.252,,,,p.244,p.245,,,,,,,,,,,,,,,,,,,,,,,,,,,,,,,,,,,,,,,,,,,,,,,,,,,,,,,,,,,,,,,,,,,,,,,,,,,,,,,,,,,,,,,,,,,,,,
252,,,,,,,,,,,,,,,r.-69.3.0,r.-69.3.0,,,,,,,,,,,,,,,,,,,,,,,,,,,,,,,,,,,,,,,,,,,,,,,,,,,,,,,,,,,,,,,,,,,,,,,,,,r.-69.3.0,,,,,,,,,,,,,,,,,,,,,,,,,,,,,,,,,,,,,,,,,,,,,,,,,,,,,,,,,,,,,,,,,,,,,,,,,,,,,,,,,,,,,,,,,,,,,,,,,,,,,,,,,,,,,,,,,,,,,,,,,,,,,,,,,,,,
253,,,,,,,,,,,,,,,r.-33.0.0/r.-32.0.0,p.242/r.-33.0.0/r.-32.0.0,,,,,,,,,,,,,,,,,,,,,,,,,,,,,,,,,,,,,,,,,,,,,,,,,,,,,,,,,,,,,,,,,,,,,,,,,,r.-32.0.0/r.-33.0.0,,,,,,,,,,,,,,,,,,,,,,,,,,,,,,,,,p.254,,,,p.244,p.245,,,,,,,,,,,,,,,,,,,,,,,,,,,,,,,,,,,,,,,,,,,,,,,,,,,,,,,,,,,,,,,,,,,,,,,,,,,,,,,,,,,,,,,,,,,,,,
254,,,,,,,,,,,,,,,r.-69.3.0,r.-69.3.0,,,,,,,,,,,,,,,,,,,,,,,,,,,,,,,,,,,,,,,,,,,,,,,,,,,,,,,,,,,,,,,,,,,,,,,,,,r.-69.3.0,,,,,,,,,,,,,,,,,,,,,,,,,,,,,,,,,,,,,,,,,,,,,,,,,,,,,,,,,,,,,,,,,,,,,,,,,,,,,,,,,,,,,,,,,,,,,,,,,,,,,,,,,,,,,,,,,,,,,,,,,,,,,,,,,,,,
255,,,,,,,,,,,,,,,r.-33.0.0/r.-32.0.0,p.242/r.-32.0.0/r.-33.0.0,,,,,,,,,,,,,,,,,,,,,,,,,,,,,,,,,,,,,,,,,,,,,,,,,,,,,,,,,,,,,,,,,,,,,,,,,,r.-33.0.0/r.-32.0.0,,,,,,,,,,,,,,,,,,,,,,,,,,,,,,,,,p.256,,,,p.244,p.245,,,,,,,,,,,,,,,,,,,,,,,,,,,,,,,,,,,,,,,,,,,,,,,,,,,,,,,,,,,,,,,,,,,,,,,,,,,,,,,,,,,,,,,,,,,,,,
256,,,,,,,,,,,,,,,r.-69.3.0,r.-69.3.0,,,,,,,,,,,,,,,,,,,,,,,,,,,,,,,,,,,,,,,,,,,,,,,,,,,,,,,,,,,,,,,,,,,,,,,,,,r.-69.3.0,,,,,,,,,,,,,,,,,,,,,,,,,,,,,,,,,,,,,,,,,,,,,,,,,,,,,,,,,,,,,,,,,,,,,,,,,,,,,,,,,,,,,,,,,,,,,,,,,,,,,,,,,,,,,,,,,,,,,,,,,,,,,,,,,,,,
257,,,,,,,,,,,,,,,r.-32.0.0/r.-33.0.0,p.242/r.-32.0.0/r.-33.0.0,,,,,,,,,,,,,,,,,,,,,,,,,,,,,,,,,,,,,,,,,,,,,,,,,,,,,,,,,,,,,,,,,,,,,,,,,,r.-32.0.0/r.-33.0.0,,,,,,,,,,,,,,,,,,,,,,,,,,,,,,,,,p.258,,,,p.244,p.245,,,,,,,,,,,,,,,,,,,,,,,,,,,,,,,,,,,,,,,,,,,,,,,,,,,,,,,,,,,,,,,,,,,,,,,,,,,,,,,,,,,,,,,,,,,,,,
258,,,,,,,,,,,,,,,r.-69.3.0,r.-69.3.0,,,,,,,,,,,,,,,,,,,,,,,,,,,,,,,,,,,,,,,,,,,,,,,,,,,,,,,,,,,,,,,,,,,,,,,,,,r.-69.3.0,,,,,,,,,,,,,,,,,,,,,,,,,,,,,,,,,,,,,,,,,,,,,,,,,,,,,,,,,,,,,,,,,,,,,,,,,,,,,,,,,,,,,,,,,,,,,,,,,,,,,,,,,,,,,,,,,,,,,,,,,,,,,,,,,,,,
259,,,,,,,,,,,,,,,r.-32.0.0/r.-33.0.0,p.242/r.-33.0.0/r.-32.0.0,,,,,,,,,,,,,,,,,,,,,,,,,,,,,,,,,,,,,,,,,,,,,,,,,,,,,,,,,,,,,,,,,,,,,,,,,,r.-32.0.0/r.-33.0.0,,,,,,,,,,,,,,,,,,,,,,,,,,,,,,,,,p.260,,,,p.244,p.245,,,,,,,,,,,,,,,,,,,,,,,,,,,,,,,,,,,,,,,,,,,,,,,,,,,,,,,,,,,,,,,,,,,,,,,,,,,,,,,,,,,,,,,,,,,,,,
260,,,,,,,,,,,,,,,r.-69.3.0,r.-69.3.0,,,,,,,,,,,,,,,,,,,,,,,,,,,,,,,,,,,,,,,,,,,,,,,,,,,,,,,,,,,,,,,,,,,,,,,,,,r.-69.3.0,,,,,,,,,,,,,,,,,,,,,,,,,,,,,,,,,,,,,,,,,,,,,,,,,,,,,,,,,,,,,,,,,,,,,,,,,,,,,,,,,,,,,,,,,,,,,,,,,,,,,,,,,,,,,,,,,,,,,,,,,,,,,,,,,,,,
261,,,,,,,,,,,,,,,r.-33.0.0/r.-32.0.0,p.242/r.-33.0.0/r.-32.0.0,,,,,,,,,,,,,,,,,,,,,,,,,,,,,,,,,,,,,,,,,,,,,,,,,,,,,,,,,,,,,,,,,,,,,,,,,,r.-33.0.0/r.-32.0.0,,,,,,,,,,,,,,,,,,,,,,,,,,,,,,,,,p.262,,,,p.244,p.245,,,,,,,,,,,,,,,,,,,,,,,,,,,,,,,,,,,,,,,,,,,,,,,,,,,,,,,,,,,,,,,,,,,,,,,,,,,,,,,,,,,,,,,,,,,,,,
262,,,,,,,,,,,,,,,r.-119.3.0,r.-119.3.0,,,,,,,,,,,,,,,,,,,,,,,,,,,,,,,,,,,,,,,,,,,,,,,,,,,,,,,,,,,,,,,,,,,,,,,,,,r.-119.3.0,,,,,,,,,,,,,,,,,,,,,,,,,,,,,,,,,,,,,,,,,,,,,,,,,,,,,,,,,,,,,,,,,,,,,,,,,,,,,,,,,,,,,,,,,,,,,,,,,,,,,,,,,,,,,,,,,,,,,,,,,,,,,,,,,,,,
263,,,,,,,,,,,,,,,r.-32.0.0/r.-33.0.0,p.242/r.-32.0.0/r.-33.0.0,,,,,,,,,,,,,,,,,,,,,,,,,,,,,,,,,,,,,,,,,,,,,,,,,,,,,,,,,,,,,,,,,,,,,,,,,,r.-32.0.0/r.-33.0.0,,,,,,,,,,,,,,,,,,,,,,,,,,,,,,,,,p.264,,,,p.244,p.245,,,,,,,,,,,,,,,,,,,,,,,,,,,,,,,,,,,,,,,,,,,,,,,,,,,,,,,,,,,,,,,,,,,,,,,,,,,,,,,,,,,,,,,,,,,,,,
264,,,,,,,,,,,,,,,r.-119.3.0,r.-119.3.0,,,,,,,,,,,,,,,,,,,,,,,,,,,,,,,,,,,,,,,,,,,,,,,,,,,,,,,,,,,,,,,,,,,,,,,,,,r.-119.3.0,,,,,,,,,,,,,,,,,,,,,,,,,,,,,,,,,,,,,,,,,,,,,,,,,,,,,,,,,,,,,,,,,,,,,,,,,,,,,,,,,,,,,,,,,,,,,,,,,,,,,,,,,,,,,,,,,,,,,,,,,,,,,,,,,,,,
265,,,,,,,,,,,,,,,r.-33.0.0/r.-32.0.0,p.242/r.-32.0.0/r.-33.0.0,,,,,,,,,,,,,,,,,,,,,,,,,,,,,,,,,,,,,,,,,,,,,,,,,,,,,,,,,,,,,,,,,,,,,,,,,,r.-32.0.0/r.-33.0.0,,,,,,,,,,,,,,,,,,,,,,,,,,,,,,,,,p.266,,,,p.244,p.245,,,,,,,,,,,,,,,,,,,,,,,,,,,,,,,,,,,,,,,,,,,,,,,,,,,,,,,,,,,,,,,,,,,,,,,,,,,,,,,,,,,,,,,,,,,,,,
266,,,,,,,,,,,,,,,r.-119.3.0,r.-119.3.0,,,,,,,,,,,,,,,,,,,,,,,,,,,,,,,,,,,,,,,,,,,,,,,,,,,,,,,,,,,,,,,,,,,,,,,,,,r.-119.3.0,,,,,,,,,,,,,,,,,,,,,,,,,,,,,,,,,,,,,,,,,,,,,,,,,,,,,,,,,,,,,,,,,,,,,,,,,,,,,,,,,,,,,,,,,,,,,,,,,,,,,,,,,,,,,,,,,,,,,,,,,,,,,,,,,,,,
267,,,,,,,,,,,,,,,,p.78/r.-33.0.0/r.-32.0.0,,,,,,,,,,,,,,,,,,,,,,,,,,,,,,,,,,,,,,,,,,,,,,,,,,,,,,,,,,,,,,,,,,,,,,,,,,,,,,,,,,,,,,,,,,,,,,,,,,,,,,,,,,,p.268,,,,p.98,p.99,,,,,,,,,,,,,,,,,,,,,,,,,,,,,,,,,,,,,,,,,,,,,,,,,,,,,,,,,,,,,,,,,,,,,,,,,,,,,,,,,,,,,,,,,,,,,,
268,,,,,,,,,,,,,,,,p.269,,,,,,,,,,,,,,,,,,,,,,,,,,,,,,,,,,,,,,,,,,,,,,,,,,,,,,,,,,,,,,,,,,,,,,,,,,,,,,,,,,,,,,,,,,,,,,,,,,,,,,,,,,,,,,,,,,,,,,,,,,,,,,,,,,,,,,,,,,,,,,,,,,,,,,,,,,,,,,,,,,,,,,,,,,,,,,,,,,,,,,,,,,,,,,,,,,,,,,,,,,,,,,
269,r.-90.0.0,r.-90.0.0,r.-90.0.0,r.-90.0.0,r.-90.0.0,p.122/r.-90.0.0,r.-90.0.0,r.-90.0.0,r.-90.0.0,r.-90.0.0,r.-90.0.0,r.-90.0.0,r.-90.0.0,r.-90.0.0,r.-90.0.0,r.-90.0.0/r.-120.0.0,r.-90.0.0,r.-90.0.0,r.-90.0.0,r.-90.0.0,r.-90.0.0,r.-90.0.0,r.-90.0.0,r.-90.0.0,r.-90.0.0,r.-90.0.0,r.-90.0.0,r.-90.0.0,r.-90.0.0,r.-90.0.0,r.-90.0.0,r.-90.0.0,r.-90.0.0,r.-90.0.0,r.-90.0.0,p.123/r.-90.0.0,r.-90.0.0,r.-90.0.0,r.-90.0.0,r.-90.0.0,r.-90.0.0,r.-90.0.0,r.-90.0.0,p.124/r.-90.0.0,p.125/r.-90.0.0,r.-90.0.0,r.-90.0.0,r.-90.0.0,r.-90.0.0,r.-90.0.0,p.126/r.-90.0.0,r.-90.0.0,r.-90.0.0,r.-90.0.0,r.-90.0.0,r.-90.0.0,r.-90.0.0,r.-90.0.0,r.-90.0.0,r.-90.0.0,r.-90.0.0,r.-90.0.0,r.-90.0.0,r.-90.0.0,r.-90.0.0,r.-90.0.0,r.-90.0.0,r.-90.0.0,r.-90.0.0,r.-90.0.0,r.-90.0.0,r.-90.0.0,r.-90.0.0,r.-90.0.0,r.-90.0.0,r.-90.0.0,r.-90.0.0,r.-90.0.0,r.-90.0.0,r.-90.0.0,r.-90.0.0,r.-90.0.0,r.-90.0.0,r.-90.0.0,r.-90.0.0,r.-90.0.0,p.127/r.-90.0.0,r.-90.0.0,r.-90.0.0,r.-90.0.0,r.-90.0.0,r.-90.0.0,r.-90.0.0,r.-90.0.0,,,,,,,,,,,,,,p.128,,,p.129,,,,,,,,,p.130,,,,,p.131,,,,,,,,,,,,,,,,,,,,,,,,,,,,,,,,,,,,,,,,,,,,,,,,,,,,p.270,p.133,p.134,,,,,,p.135,p.69,,,,,,,,,,,,,,,,,,,,,,,,,p.136,p.137,,p.138,p.139,p.140,,,,p.141,,
270,,,,,,,,,,,,,,,,p.271,,,,,,,,,,,,,,,,,,,,,,,,,,,,,,,,,,,,,,,,,,,,,,,,,,,,,,,,,,,,,,,,,,,,,,,,,,,,,,,,,,,,,,,,,,,,,,,,,,,,,,,,,,,,,,,,,,,,,,,,,,,,,,,,,,,,,,,,,,,,,,,,,,,,,,,,,,,,,,,,,,,,,,,,,,,,,,,,,,,,,,,,,,,,,,,,,,,,,,,,,,,,,,
271,,,,,,,,,,,,,,,,,,,,,,,,,,,,,,,,,,,,,,,,,,,,,,p.272,,,,,,,,,,,,,,,,,,,,,,,,,,,,,,,,,,,,,,,,,,,,,,,,,,,,,,,,,,,,,,,,,,,,,,,,,,,,,,,,,,,,,,,,,,,,,,,,,,,,,,,,,,,,,,,,,,,,,,,,,,,,,,,,,,,,,,,,,,,,,,,,,,,,,,,,,,,,,,,,,,,,,,,,,,,,,,,,
272,,,,,,,,,,,,,,,,p.273,,,,,,,,,,,,,,,,,,,,,,,,,,,,,,,,,,,,,,,,,,,,,,,,,,,,,,,,,,,,,,,,,,,,,,,,,,,,,,,,,,,,,,,,,,,,,,,,,,,,,,,,,,,,,,,,,,,,,,,,,,,,,,,,,,,,,,,,,,,,,,,,,,,,,,,,,,,,,,,,,,,,,,,,,,,,,,,,,,,,,,,,,,,,,,,,,,,,,,,,,,,,,,
273,,,,,,,,,,,,,,,r.-33.0.0/r.-32.0.0,p.242/r.-32.0.0/r.-33.0.0,,,,,,,,,,,,,,,,,,,,,,,,,,,,,,,,,,,,,,,,,,,,,,,,,,,,,,,,,,,,,,,,,,,,,,,,,,r.-32.0.0/r.-33.0.0,,,,,,,,,,,,,,,,,,,,,,,,,,,,,,,,,p.274,,,,p.244,p.245,,,,,,,,,,,,,,,,,,,,,,,,,,,,,,,,,,,,,,,,,,,,,,,,,,,,,,,,,,,,,,,,,,,,,,,,,,,,,,,,,,,,,,,,,,,,,,
274,,,,,,,,,,,,,,,r.-83.9.0,r.-83.9.0,,,,,,,,,,,,,,,,,,,,,,,,,,,,,,,,,,,,,,,,,,,,,,,,,,,,,,,,,,,,,,,,,,,,,,,,,,r.-83.9.0,,,,,,,,,,,,,,,,,,,,,,,,,,,,,,,,,,,,,,,,,,,,,,,,,,,,,,,,,,,,,,,,,,,,,,,,,,,,,,,,,,,,,,,,,,,,,,,,,,,,,,,,,,,,,,,,,,,,,,,,,,,,,,,,,,,,
275,r.-15.1.0,r.-15.1.0,,,r.-15.1.0,,,,,,r.-15.1.0,,,,,,,,,,r.-15.1.0,r.-15.1.0,r.-15.1.0,r.-15.1.0,r.-15.1.0,r.-15.1.0,r.-15.1.0,r.-15.1.0,r.-15.1.0,r.-15.1.0,,,,,,,r.-15.1.0,r.-15.1.0,,,,,,,,,,,,,,,,,,,,,,,,,,,,,,,,,,,,,,,,,,,,,,,,,,,,,,,,,,,,,,,,,,,,,,,,,,,,,,,,,,,,,,,,,,,,,,,,,,,,,,,,,,,,,,,,,,,,,,,,,,,,,,,,,,,,,,,,,,,,,,,,,,,,,,,,,,,,,,,,,,,,,,,,,,,,,,,,,,,,,,,,
276,r.-15.1.0,r.-15.1.0,,,r.-15.1.0,,,,,,r.-15.1.0,,,,,,,,,,r.-15.1.0,r.-15.1.0,r.-15.1.0,r.-15.1.0,r.-15.1.0,r.-15.1.0,r.-15.1.0,r.-15.1.0,r.-15.1.0,r.-15.1.0,,,,,,,r.-15.1.0,r.-15.1.0,,,,,,,,,,,,,,,,,,,,,,,,,,,,,,,,,,,,,,,,,,,,,,,,,,,,,,,,,,,,,,,,,,,,,,,,,,,,,,,,,,,,,,,,,,,,,,,,,,,,,,,,,,,,,,,,,,,,,,,,,,,,,,,,,,,,,,,,,,,,,,,,,,,,,,,,,,,,,,,,,,,,,,,,,,,,,,,,,,,,,,,,
277,r.-15.1.0,r.-15.1.0,,,r.-15.1.0,,,,,,r.-15.1.0,,,,,,,,,,r.-15.1.0,r.-15.1.0,r.-15.1.0,r.-15.1.0,r.-15.1.0,r.-15.1.0,r.-15.1.0,r.-15.1.0,r.-15.1.0,r.-15.1.0,,,,,,,r.-15.1.0,r.-15.1.0,,,,,,,,,,,,,,,,,,,,,,,,,,,,,,,,,,,,,,,,,,,,,,,,,,,,,,,,,,,,,,,,,,,,,,,,,,,,,,,,,,,,,,,,,,,,,,,,,,,,,,,,,,,,,,,,,,,,,,,,,,,,,,,,,,,,,,,,,,,,,,,,,,,,,,,,,,,,,,,,,,,,,,,,,,,,,,,,,,,,,,,,
278,r.-15.1.0,r.-15.1.0,,,r.-15.1.0,,,,,,r.-15.1.0,,,,,,,,,,r.-15.1.0,r.-15.1.0,r.-15.1.0,r.-15.1.0,r.-15.1.0,r.-15.1.0,r.-15.1.0,r.-15.1.0,r.-15.1.0,r.-15.1.0,,,,,,,r.-15.1.0,r.-15.1.0,,,,,,,,,,,,,,,,,,,,,,,,,,,,,,,,,,,,,,,,,,,,,,,,,,,,,,,,,,,,,,,,,,,,,,,,,,,,,,,,,,,,,,,,,,,,,,,,,,,,,,,,,,,,,,,,,,,,,,,,,,,,,,,,,,,,,,,,,,,,,,,,,,,,,,,,,,,,,,,,,,,,,,,,,,,,,,,,,,,,,,,,
279,r.-15.1.0,r.-15.1.0,,,r.-15.1.0,,,,,,r.-15.1.0,,,,,,,,,,r.-15.1.0,r.-15.1.0,r.-15.1.0,r.-15.1.0,r.-15.1.0,r.-15.1.0,r.-15.1.0,r.-15.1.0,r.-15.1.0,r.-15.1.0,,,,,,,r.-15.1.0,r.-15.1.0,,,,,,,,,,,,,,,,,,,,,,,,,,,,,,,,,,,,,,,,,,,,,,,,,,,,,,,,,,,,,,,,,,,,,,,,,,,,,,,,,,,,,,,,,,,,,,,,,,,,,,,,,,,,,,,,,,,,,,,,,,,,,,,,,,,,,,,,,,,,,,,,,,,,,,,,,,,,,,,,,,,,,,,,,,,,,,,,,,,,,,,,
280,r.-15.1.0,r.-15.1.0,,,r.-15.1.0,,,,,,r.-15.1.0,,,,,,,,,,r.-15.1.0,r.-15.1.0,r.-15.1.0,r.-15.1.0,r.-15.1.0,r.-15.1.0,r.-15.1.0,r.-15.1.0,r.-15.1.0,r.-15.1.0,,,,,,,r.-15.1.0,r.-15.1.0,,,,,,,,,,,,,,,,,,,,,,,,,,,,,,,,,,,,,,,,,,,,,,,,,,,,,,,,,,,,,,,,,,,,,,,,,,,,,,,,,,,,,,,,,,,,,,,,,,,,,,,,,,,,,,,,,,,,,,,,,,,,,,,,,,,,,,,,,,,,,,,,,,,,,,,,,,,,,,,,,,,,,,,,,,,,,,,,,,,,,,,,
281,r.-15.1.0,r.-15.1.0,,,r.-15.1.0,,,,,,r.-15.1.0,,,,,,,,,,r.-15.1.0,r.-15.1.0,r.-15.1.0,r.-15.1.0,r.-15.1.0,r.-15.1.0,r.-15.1.0,r.-15.1.0,r.-15.1.0,r.-15.1.0,,,,,,,r.-15.1.0,r.-15.1.0,,,,,,,,,,,,,,,,,,,,,,,,,,,,,,,,,,,,,,,,,,,,,,,,,,,,,,,,,,,,,,,,,,,,,,,,,,,,,,,,,,,,,,,,,,,,,,,,,,,,,,,,,,,,,,,,,,,,,,,,,,,,,,,,,,,,,,,,,,,,,,,,,,,,,,,,,,,,,,,,,,,,,,,,,,,,,,,,,,,,,,,,
282,r.-15.1.0,r.-15.1.0,,,r.-15.1.0,,,,,,r.-15.1.0,,,,,,,,,,r.-15.1.0,r.-15.1.0,r.-15.1.0,r.-15.1.0,r.-15.1.0,r.-15.1.0,r.-15.1.0,r.-15.1.0,r.-15.1.0,r.-15.1.0,,,,,,,r.-15.1.0,r.-15.1.0,,,,,,,,,,,,,,,,,,,,,,,,,,,,,,,,,,,,,,,,,,,,,,,,,,,,,,,,,,,,,,,,,,,,,,,,,,,,,,,,,,,,,,,,,,,,,,,,,,,,,,,,,,,,,,,,,,,,,,,,,,,,,,,,,,,,,,,,,,,,,,,,,,,,,,,,,,,,,,,,,,,,,,,,,,,,,,,,,,,,,,,,
283,r.-15.1.0,r.-15.1.0,,,r.-15.1.0,,,,,,r.-15.1.0,,,,,,,,,,r.-15.1.0,r.-15.1.0,r.-15.1.0,r.-15.1.0,r.-15.1.0,r.-15.1.0,r.-15.1.0,r.-15.1.0,r.-15.1.0,r.-15.1.0,,,,,,,r.-15.1.0,r.-15.1.0,,,,,,,,,,,,,,,,,,,,,,,,,,,,,,,,,,,,,,,,,,,,,,,,,,,,,,,,,,,,,,,,,,,,,,,,,,,,,,,,,,,,,,,,,,,,,,,,,,,,,,,,,,,,,,,,,,,,,,,,,,,,,,,,,,,,,,,,,,,,,,,,,,,,,,,,,,,,,,,,,,,,,,,,,,,,,,,,,,,,,,,,
284,r.-15.1.0,r.-15.1.0,,,r.-15.1.0,,,,,,r.-15.1.0,,,,,,,,,,r.-15.1.0,r.-15.1.0,r.-15.1.0,r.-15.1.0,r.-15.1.0,r.-15.1.0,r.-15.1.0,r.-15.1.0,r.-15.1.0,r.-15.1.0,,,,,,,r.-15.1.0,r.-15.1.0,,,,,,,,,,,,,,,,,,,,,,,,,,,,,,,,,,,,,,,,,,,,,,,,,,,,,,,,,,,,,,,,,,,,,,,,,,,,,,,,,,,,,,,,,,,,,,,,,,,,,,,,,,,,,,,,,,,,,,,,,,,,,,,,,,,,,,,,,,,,,,,,,,,,,,,,,,,,,,,,,,,,,,,,,,,,,,,,,,,,,,,,
285,r.-15.1.0,r.-15.1.0,,,r.-15.1.0,,,,,,r.-15.1.0,,,,,,,,,,r.-15.1.0,r.-15.1.0,r.-15.1.0,r.-15.1.0,r.-15.1.0,r.-15.1.0,r.-15.1.0,r.-15.1.0,r.-15.1.0,r.-15.1.0,,,,,,,r.-15.1.0,r.-15.1.0,,,,,,,,,,,,,,,,,,,,,,,,,,,,,,,,,,,,,,,,,,,,,,,,,,,,,,,,,,,,,,,,,,,,,,,,,,,,,,,,,,,,,,,,,,,,,,,,,,,,,,,,,,,,,,,,,,,,,,,,,,,,,,,,,,,,,,,,,,,,,,,,,,,,,,,,,,,,,,,,,,,,,,,,,,,,,,,,,,,,,,,,
286,r.-15.1.0,r.-15.1.0,,,r.-15.1.0,,,,,,r.-15.1.0,,,,,,,,,,r.-15.1.0,r.-15.1.0,r.-15.1.0,r.-15.1.0,r.-15.1.0,r.-15.1.0,r.-15.1.0,r.-15.1.0,r.-15.1.0,r.-15.1.0,,,,,,,r.-15.1.0,r.-15.1.0,,,,,,,,,,,,,,,,,,,,,,,,,,,,,,,,,,,,,,,,,,,,,,,,,,,,,,,,,,,,,,,,,,,,,,,,,,,,,,,,,,,,,,,,,,,,,,,,,,,,,,,,,,,,,,,,,,,,,,,,,,,,,,,,,,,,,,,,,,,,,,,,,,,,,,,,,,,,,,,,,,,,,,,,,,,,,,,,,,,,,,,,
287,r.-15.1.0,r.-15.1.0,,,r.-15.1.0,,,,,,r.-15.1.0,,,,,,,,,,r.-15.1.0,r.-15.1.0,r.-15.1.0,r.-15.1.0,r.-15.1.0,r.-15.1.0,r.-15.1.0,r.-15.1.0,r.-15.1.0,r.-15.1.0,,,,,,,r.-15.1.0,r.-15.1.0,,,,,,,,,,,,,,,,,,,,,,,,,,,,,,,,,,,,,,,,,,,,,,,,,,,,,,,,,,,,,,,,,,,,,,,,,,,,,,,,,,,,,,,,,,,,,,,,,,,,,,,,,,,,,,,,,,,,,,,,,,,,,,,,,,,,,,,,,,,,,,,,,,,,,,,,,,,,,,,,,,,,,,,,,,,,,,,,,,,,,,,,
288,r.-15.1.0,r.-15.1.0,,,r.-15.1.0,,,,,,r.-15.1.0,,,,,,,,,,r.-15.1.0,r.-15.1.0,r.-15.1.0,r.-15.1.0,r.-15.1.0,r.-15.1.0,r.-15.1.0,r.-15.1.0,r.-15.1.0,r.-15.1.0,,,,,,,r.-15.1.0,r.-15.1.0,,,,,,,,,,,,,,,,,,,,,,,,,,,,,,,,,,,,,,,,,,,,,,,,,,,,,,,,,,,,,,,,,,,,,,,,,,,,,,,,,,,,,,,,,,,,,,,,,,,,,,,,,,,,,,,,,,,,,,,,,,,,,,,,,,,,,,,,,,,,,,,,,,,,,,,,,,,,,,,,,,,,,,,,,,,,,,,,,,,,,,,,
289,r.-15.1.0,r.-15.1.0,,,r.-15.1.0,,,,,,r.-15.1.0,,,,,,,,,,r.-15.1.0,r.-15.1.0,r.-15.1.0,r.-15.1.0,r.-15.1.0,r.-15.1.0,r.-15.1.0,r.-15.1.0,r.-15.1.0,r.-15.1.0,,,,,,,r.-15.1.0,r.-15.1.0,,,,,,,,,,,,,,,,,,,,,,,,,,,,,,,,,,,,,,,,,,,,,,,,,,,,,,,,,,,,,,,,,,,,,,,,,,,,,,,,,,,,,,,,,,,,,,,,,,,,,,,,,,,,,,,,,,,,,,,,,,,,,,,,,,,,,,,,,,,,,,,,,,,,,,,,,,,,,,,,,,,,,,,,,,,,,,,,,,,,,,,,
290,r.-15.1.0,r.-15.1.0,,,r.-15.1.0,,,,,,r.-15.1.0,,,,,,,,,,r.-15.1.0,r.-15.1.0,r.-15.1.0,r.-15.1.0,r.-15.1.0,r.-15.1.0,r.-15.1.0,r.-15.1.0,r.-15.1.0,r.-15.1.0,,,,,,,r.-15.1.0,r.-15.1.0,,,,,,,,,,,,,,,,,,,,,,,,,,,,,,,,,,,,,,,,,,,,,,,,,,,,,,,,,,,,,,,,,,,,,,,,,,,,,,,,,,,,,,,,,,,,,,,,,,,,,,,,,,,,,,,,,,,,,,,,,,,,,,,,,,,,,,,,,,,,,,,,,,,,,,,,,,,,,,,,,,,,,,,,,,,,,,,,,,,,,,,,
291,p.275,p.276,,,p.277,,,,,,p.278,,,,,,,,,,p.279,p.280,p.281,p.282,p.283,p.284,p.285,p.286,p.287,p.288,,,,,,,p.289,p.290,,,,,,,,,,,,,,,,,,,,,,,,,,,,,,,,,,,,,,,,,,,,,,,,,,,,,,,,,,,,,,,,,,,,,,,,p.298,,,,,,,,,,,,,,,,,,,,,,,,,,,,,,,,,,,,,,,,,,,,,,,,,,,,,,,,,,,,,,,,,,,,,,,,,,,,,,,,,,,,,,,,,,,,,,,,,,,,,,,,,,,,,,,,
292,,,,,,,,,,,,,,,,p.296,,,,,,,,,,,,,,,,,,,,,,,,,,,,,,,,,,,,,,,,,,,,,,,,,,,,,,,,,,,,,,,,,,,,,,,,,,,,,,,,,,,,,,,,,,,,,,,,,,,,,,,,,,,,,,,,,,,,,,,,,,,,,,,,,,,,,,,,,,,,,,,,,,,,,,,,,,,,,,,,,,,,,,,,,,,,,,,,,,,,,,,,,,,,,,,,,,,,,,,,,,,,,,
293,,,,,,,,,,,,,,,,p.294,,,,,,,,,,,,,,,,,,,,,,,,,,,,,,,,,,,,,,,,,,,,,,,,,,,,,,,,,,,,,,,,,,,,,,,,,,,,,,,,,,,,,,,,,,,,,,,,,,,,,,,,,,,,,,,,,,,,,,,,,,,,,,,,,,,,,,,,,,,,,,,,,,,,,,,,,,,,,,,,,,,,,,,,,,,,,,,,,,,,,,,,,,,,,,,,,,,,,,,,,,,,,,
294,,,,,,,,,,,,,,,r.-33.0.0/r.-32.0.0,p.242/r.-33.0.0/r.-32.0.0,,,,,,,,,,,,,,,,,,,,,,,,,,,,,,,,,,,,,,,,,,,,,,,,,,,,,,,,,,,,,,,,,,,,,,,,,,r.-33.0.0/r.-32.0.0,,,,,,,,,,,,,,,,,,,,,,,,,,,,,,,,,p.295,,,,p.244,p.245,,,,,,,,,,,,,,,,,,,,,,,,,,,,,,,,,,,,,,,,,,,,,,,,,,,,,,,,,,,,,,,,,,,,,,,,,,,,,,,,,,,,,,,,,,,,,,
295,,,,,,,,,,,,,,,r.-84.4.0,r.-84.4.0,,,,,,,,,,,,,,,,,,,,,,,,,,,,,,,,,,,,,,,,,,,,,,,,,,,,,,,,,,,,,,,,,,,,,,,,,,r.-84.4.0,,,,,,,,,,,,,,,,,,,,,,,,,,,,,,,,,,,,,,,,,,,,,,,,,,,,,,,,,,,,,,,,,,,,,,,,,,,,,,,,,,,,,,,,,,,,,,,,,,,,,,,,,,,,,,,,,,,,,,,,,,,,,,,,,,,,
296,,,,,,,,,,,,,,,r.-32.0.0/r.-33.0.0,p.242/r.-32.0.0/r.-33.0.0,,,,,,,,,,,,,,,,,,,,,,,,,,,,,,,,,,,,,,,,,,,,,,,,,,,,,,,,,,,,,,,,,,,,,,,,,,r.-33.0.0/r.-32.0.0,,,,,,,,,,,,,,,,,,,,,,,,,,,,,,,,,p.297,,,,p.244,p.245,,,,,,,,,,,,,,,,,,,,,,,,,,,,,,,,,,,,,,,,,,,,,,,,,,,,,,,,,,,,,,,,,,,,,,,,,,,,,,,,,,,,,,,,,,,,,,
297,,,,,,,,,,,,,,,r.-84.4.0,r.-84.4.0,,,,,,,,,,,,,,,,,,,,,,,,,,,,,,,,,,,,,,,,,,,,,,,,,,,,,,,,,,,,,,,,,,,,,,,,,,r.-84.4.0,,,,,,,,,,,,,,,,,,,,,,,,,,,,,,,,,,,,,,,,,,,,,,,,,,,,,,,,,,,,,,,,,,,,,,,,,,,,,,,,,,,,,,,,,,,,,,,,,,,,,,,,,,,,,,,,,,,,,,,,,,,,,,,,,,,,
298,p.299,p.300,,,p.301,,,,,,p.302,,,,,,,,,,p.303,p.304,p.305,p.306,p.307,p.308,p.309,p.310,p.311,p.312,,,,,,,p.313,p.314,,,,,,,,,,,,,,,,,,,,,,,,,,,,,,,,,,,,,,,,,,,,,,,,,,,,,,,,,,,,,,,,,,,,,,,,p.315,,,,,,,,,,,,,,,,,,,,,,,,,,,,,,,,,,,,,,,,,,,,,,,,,,,,,,,,,,,,,,,,,,,,,,,,,,,,,,,,,,,,,,,,,,,,,,,,,,,,,,,,,,,,,,,,
299,r.-15.1.0,r.-15.1.0,,,r.-15.1.0,,,,,,r.-15.1.0,,,,,r.-15.1.0,,,,,r.-15.1.0,r.-15.1.0,r.-15.1.0,r.-15.1.0,r.-15.1.0,r.-15.1.0,r.-15.1.0,r.-15.1.0,r.-15.1.0,r.-15.1.0,,,,,,,r.-15.1.0,r.-15.1.0,,,,,,,,,,,,,,,,,,,,,,,,,,,,,,,,,,,,,,,,,,,,,,,,,,,,,,,,,,,,,,,,,,,,,,,,,,,,,,,,,,,,,,,,,,,,,,,,,,,,,,,,,,,,,,,,,,,,,,,,,,,,,,,,,,,,,,,,,,,,,,,,,,,,,,,,,,,,,,,,,,,,,,,,,,,,,,,,,,,,,,,,
300,r.-15.1.0,r.-15.1.0,,,r.-15.1.0,,,,,,r.-15.1.0,,,,,r.-15.1.0,,,,,r.-15.1.0,r.-15.1.0,r.-15.1.0,r.-15.1.0,r.-15.1.0,r.-15.1.0,r.-15.1.0,r.-15.1.0,r.-15.1.0,r.-15.1.0,,,,,,,r.-15.1.0,r.-15.1.0,,,,,,,,,,,,,,,,,,,,,,,,,,,,,,,,,,,,,,,,,,,,,,,,,,,,,,,,,,,,,,,,,,,,,,,,,,,,,,,,,,,,,,,,,,,,,,,,,,,,,,,,,,,,,,,,,,,,,,,,,,,,,,,,,,,,,,,,,,,,,,,,,,,,,,,,,,,,,,,,,,,,,,,,,,,,,,,,,,,,,,,,
301,r.-15.1.0,r.-15.1.0,,,r.-15.1.0,,,,,,r.-15.1.0,,,,,r.-15.1.0,,,,,r.-15.1.0,r.-15.1.0,r.-15.1.0,r.-15.1.0,r.-15.1.0,r.-15.1.0,r.-15.1.0,r.-15.1.0,r.-15.1.0,r.-15.1.0,,,,,,,r.-15.1.0,r.-15.1.0,,,,,,,,,,,,,,,,,,,,,,,,,,,,,,,,,,,,,,,,,,,,,,,,,,,,,,,,,,,,,,,,,,,,,,,,,,,,,,,,,,,,,,,,,,,,,,,,,,,,,,,,,,,,,,,,,,,,,,,,,,,,,,,,,,,,,,,,,,,,,,,,,,,,,,,,,,,,,,,,,,,,,,,,,,,,,,,,,,,,,,,,
302,r.-15.1.0,r.-15.1.0,,,r.-15.1.0,,,,,,r.-15.1.0,,,,,r.-15.1.0,,,,,r.-15.1.0,r.-15.1.0,r.-15.1.0,r.-15.1.0,r.-15.1.0,r.-15.1.0,r.-15.1.0,r.-15.1.0,r.-15.1.0,r.-15.1.0,,,,,,,r.-15.1.0,r.-15.1.0,,,,,,,,,,,,,,,,,,,,,,,,,,,,,,,,,,,,,,,,,,,,,,,,,,,,,,,,,,,,,,,,,,,,,,,,,,,,,,,,,,,,,,,,,,,,,,,,,,,,,,,,,,,,,,,,,,,,,,,,,,,,,,,,,,,,,,,,,,,,,,,,,,,,,,,,,,,,,,,,,,,,,,,,,,,,,,,,,,,,,,,,
303,r.-15.1.0,r.-15.1.0,,,r.-15.1.0,,,,,,r.-15.1.0,,,,,r.-15.1.0,,,,,r.-15.1.0,r.-15.1.0,r.-15.1.0,r.-15.1.0,r.-15.1.0,r.-15.1.0,r.-15.1.0,r.-15.1.0,r.-15.1.0,r.-15.1.0,,,,,,,r.-15.1.0,r.-15.1.0,,,,,,,,,,,,,,,,,,,,,,,,,,,,,,,,,,,,,,,,,,,,,,,,,,,,,,,,,,,,,,,,,,,,,,,,,,,,,,,,,,,,,,,,,,,,,,,,,,,,,,,,,,,,,,,,,,,,,,,,,,,,,,,,,,,,,,,,,,,,,,,,,,,,,,,,,,,,,,,,,,,,,,,,,,,,,,,,,,,,,,,,
304,r.-15.1.0,r.-15.1.0,,,r.-15.1.0,,,,,,r.-15.1.0,,,,,r.-15.1.0,,,,,r.-15.1.0,r.-15.1.0,r.-15.1.0,r.-15.1.0,r.-15.1.0,r.-15.1.0,r.-15.1.0,r.-15.1.0,r.-15.1.0,r.-15.1.0,,,,,,,r.-15.1.0,r.-15.1.0,,,,,,,,,,,,,,,,,,,,,,,,,,,,,,,,,,,,,,,,,,,,,,,,,,,,,,,,,,,,,,,,,,,,,,,,,,,,,,,,,,,,,,,,,,,,,,,,,,,,,,,,,,,,,,,,,,,,,,,,,,,,,,,,,,,,,,,,,,,,,,,,,,,,,,,,,,,,,,,,,,,,,,,,,,,,,,,,,,,,,,,,
305,r.-15.1.0,r.-15.1.0,,,r.-15.1.0,,,,,,r.-15.1.0,,,,,r.-15.1.0,,,,,r.-15.1.0,r.-15.1.0,r.-15.1.0,r.-15.1.0,r.-15.1.0,r.-15.1.0,r.-15.1.0,r.-15.1.0,r.-15.1.0,r.-15.1.0,,,,,,,r.-15.1.0,r.-15.1.0,,,,,,,,,,,,,,,,,,,,,,,,,,,,,,,,,,,,,,,,,,,,,,,,,,,,,,,,,,,,,,,,,,,,,,,,,,,,,,,,,,,,,,,,,,,,,,,,,,,,,,,,,,,,,,,,,,,,,,,,,,,,,,,,,,,,,,,,,,,,,,,,,,,,,,,,,,,,,,,,,,,,,,,,,,,,,,,,,,,,,,,,
306,r.-15.1.0,r.-15.1.0,,,r.-15.1.0,,,,,,r.-15.1.0,,,,,r.-15.1.0,,,,,r.-15.1.0,r.-15.1.0,r.-15.1.0,r.-15.1.0,r.-15.1.0,r.-15.1.0,r.-15.1.0,r.-15.1.0,r.-15.1.0,r.-15.1.0,,,,,,,r.-15.1.0,r.-15.1.0,,,,,,,,,,,,,,,,,,,,,,,,,,,,,,,,,,,,,,,,,,,,,,,,,,,,,,,,,,,,,,,,,,,,,,,,,,,,,,,,,,,,,,,,,,,,,,,,,,,,,,,,,,,,,,,,,,,,,,,,,,,,,,,,,,,,,,,,,,,,,,,,,,,,,,,,,,,,,,,,,,,,,,,,,,,,,,,,,,,,,,,,
307,r.-15.1.0,r.-15.1.0,,,r.-15.1.0,,,,,,r.-15.1.0,,,,,r.-15.1.0,,,,,r.-15.1.0,r.-15.1.0,r.-15.1.0,r.-15.1.0,r.-15.1.0,r.-15.1.0,r.-15.1.0,r.-15.1.0,r.-15.1.0,r.-15.1.0,,,,,,,r.-15.1.0,r.-15.1.0,,,,,,,,,,,,,,,,,,,,,,,,,,,,,,,,,,,,,,,,,,,,,,,,,,,,,,,,,,,,,,,,,,,,,,,,,,,,,,,,,,,,,,,,,,,,,,,,,,,,,,,,,,,,,,,,,,,,,,,,,,,,,,,,,,,,,,,,,,,,,,,,,,,,,,,,,,,,,,,,,,,,,,,,,,,,,,,,,,,,,,,,
308,r.-15.1.0,r.-15.1.0,,,r.-15.1.0,,,,,,r.-15.1.0,,,,,r.-15.1.0,,,,,r.-15.1.0,r.-15.1.0,r.-15.1.0,r.-15.1.0,r.-15.1.0,r.-15.1.0,r.-15.1.0,r.-15.1.0,r.-15.1.0,r.-15.1.0,,,,,,,r.-15.1.0,r.-15.1.0,,,,,,,,,,,,,,,,,,,,,,,,,,,,,,,,,,,,,,,,,,,,,,,,,,,,,,,,,,,,,,,,,,,,,,,,,,,,,,,,,,,,,,,,,,,,,,,,,,,,,,,,,,,,,,,,,,,,,,,,,,,,,,,,,,,,,,,,,,,,,,,,,,,,,,,,,,,,,,,,,,,,,,,,,,,,,,,,,,,,,,,,
309,r.-15.1.0,r.-15.1.0,,,r.-15.1.0,,,,,,r.-15.1.0,,,,,r.-15.1.0,,,,,r.-15.1.0,r.-15.1.0,r.-15.1.0,r.-15.1.0,r.-15.1.0,r.-15.1.0,r.-15.1.0,r.-15.1.0,r.-15.1.0,r.-15.1.0,,,,,,,r.-15.1.0,r.-15.1.0,,,,,,,,,,,,,,,,,,,,,,,,,,,,,,,,,,,,,,,,,,,,,,,,,,,,,,,,,,,,,,,,,,,,,,,,,,,,,,,,,,,,,,,,,,,,,,,,,,,,,,,,,,,,,,,,,,,,,,,,,,,,,,,,,,,,,,,,,,,,,,,,,,,,,,,,,,,,,,,,,,,,,,,,,,,,,,,,,,,,,,,,
310,r.-15.1.0,r.-15.1.0,,,r.-15.1.0,,,,,,r.-15.1.0,,,,,r.-15.1.0,,,,,r.-15.1.0,r.-15.1.0,r.-15.1.0,r.-15.1.0,r.-15.1.0,r.-15.1.0,r.-15.1.0,r.-15.1.0,r.-15.1.0,r.-15.1.0,,,,,,,r.-15.1.0,r.-15.1.0,,,,,,,,,,,,,,,,,,,,,,,,,,,,,,,,,,,,,,,,,,,,,,,,,,,,,,,,,,,,,,,,,,,,,,,,,,,,,,,,,,,,,,,,,,,,,,,,,,,,,,,,,,,,,,,,,,,,,,,,,,,,,,,,,,,,,,,,,,,,,,,,,,,,,,,,,,,,,,,,,,,,,,,,,,,,,,,,,,,,,,,,
311,r.-15.1.0,r.-15.1.0,,,r.-15.1.0,,,,,,r.-15.1.0,,,,,r.-15.1.0,,,,,r.-15.1.0,r.-15.1.0,r.-15.1.0,r.-15.1.0,r.-15.1.0,r.-15.1.0,r.-15.1.0,r.-15.1.0,r.-15.1.0,r.-15.1.0,,,,,,,r.-15.1.0,r.-15.1.0,,,,,,,,,,,,,,,,,,,,,,,,,,,,,,,,,,,,,,,,,,,,,,,,,,,,,,,,,,,,,,,,,,,,,,,,,,,,,,,,,,,,,,,,,,,,,,,,,,,,,,,,,,,,,,,,,,,,,,,,,,,,,,,,,,,,,,,,,,,,,,,,,,,,,,,,,,,,,,,,,,,,,,,,,,,,,,,,,,,,,,,,
312,r.-15.1.0,r.-15.1.0,,,r.-15.1.0,,,,,,r.-15.1.0,,,,,r.-15.1.0,,,,,r.-15.1.0,r.-15.1.0,r.-15.1.0,r.-15.1.0,r.-15.1.0,r.-15.1.0,r.-15.1.0,r.-15.1.0,r.-15.1.0,r.-15.1.0,,,,,,,r.-15.1.0,r.-15.1.0,,,,,,,,,,,,,,,,,,,,,,,,,,,,,,,,,,,,,,,,,,,,,,,,,,,,,,,,,,,,,,,,,,,,,,,,,,,,,,,,,,,,,,,,,,,,,,,,,,,,,,,,,,,,,,,,,,,,,,,,,,,,,,,,,,,,,,,,,,,,,,,,,,,,,,,,,,,,,,,,,,,,,,,,,,,,,,,,,,,,,,,,
313,r.-15.1.0,r.-15.1.0,,,r.-15.1.0,,,,,,r.-15.1.0,,,,,r.-15.1.0,,,,,r.-15.1.0,r.-15.1.0,r.-15.1.0,r.-15.1.0,r.-15.1.0,r.-15.1.0,r.-15.1.0,r.-15.1.0,r.-15.1.0,r.-15.1.0,,,,,,,r.-15.1.0,r.-15.1.0,,,,,,,,,,,,,,,,,,,,,,,,,,,,,,,,,,,,,,,,,,,,,,,,,,,,,,,,,,,,,,,,,,,,,,,,,,,,,,,,,,,,,,,,,,,,,,,,,,,,,,,,,,,,,,,,,,,,,,,,,,,,,,,,,,,,,,,,,,,,,,,,,,,,,,,,,,,,,,,,,,,,,,,,,,,,,,,,,,,,,,,,
314,r.-15.1.0,r.-15.1.0,,,r.-15.1.0,,,,,,r.-15.1.0,,,,,r.-15.1.0,,,,,r.-15.1.0,r.-15.1.0,r.-15.1.0,r.-15.1.0,r.-15.1.0,r.-15.1.0,r.-15.1.0,r.-15.1.0,r.-15.1.0,r.-15.1.0,,,,,,,r.-15.1.0,r.-15.1.0,,,,,,,,,,,,,,,,,,,,,,,,,,,,,,,,,,,,,,,,,,,,,,,,,,,,,,,,,,,,,,,,,,,,,,,,,,,,,,,,,,,,,,,,,,,,,,,,,,,,,,,,,,,,,,,,,,,,,,,,,,,,,,,,,,,,,,,,,,,,,,,,,,,,,,,,,,,,,,,,,,,,,,,,,,,,,,,,,,,,,,,,
315,p.275,p.276,,,p.277,,,,,,p.278,,,,,r.-70.3.0,,,,,p.279,p.280,p.281,p.282,p.283,p.284,p.285,p.286,p.287,p.288,,,,,,,p.289,p.290,,,,,,,,,,,,,,,,,,,,,,,,,,,,,,,,,,,,,,,,,,,,,,,,,,,,,,,,,,,,,,,,,,,,,,,,p.316,,,,,,,,,,,,,,,,,,,,,,,,,,,,,,,,,,,,,,,,,,,,,,,,,,,,,,,,,,,,,,,,,,,,,,,,,,,,,,,,,,,,,,,,,,,,,,,,,,,,,,,,,,,,,,,,
316,p.275,p.276,,,p.277,,,,,,p.278,,,,,,,,,,p.279,p.280,p.281,p.282,p.283,p.284,p.285,p.286,p.287,p.288,,,,,,,p.289,p.290,,,,,,,,,,,,,,,,,,,,,,,,,,,,,,,,,,,,,,,,,,,,,,,,,,,,,,,,,,,,,,,,,,,,,,,,p.317,,,,,,,,,,,,,,,,,,,,,,,,,,,,,,,,,,,,,,,,,,,,,,,,,,,,,,,,,,,,,,,,,,,,,,,,,,,,,,,,,,,,,,,,,,,,,,,,,,,,,,,,,,,,,,,,
317,p.318,p.319,,,p.320,,,,,,p.321,,,,,,,,,,p.322,p.323,p.324,p.325,p.326,p.327,p.328,p.329,p.330,p.331,,,,,,,p.332,p.333,,,,,,,,,,,,,,,,,,,,,,,,,,,,,,,,,,,,,,,,,,,,,,,,,,,,,,,,,,,,,,,,,,,,,,,,p.334,,,,,,,,,,,,,,,,,,,,,,,,,,,,,,,,,,,,,,,,,,,,,,,,,,,,,,,,,,,,,,,,,,,,,,,,,,,,,,,,,,,,,,,,,,,,,,,,,,,,,,,,,,,,,,,,
318,,,,,,,,,,,,,,,,r.-15.1.0,,,,,,,,,,,,,,,,,,,,,,,,,,,,,,,,,,,,,,,,,,,,,,,,,,,,,,,,,,,,,,,,,,,,,,,,,,,,,,,,,,,,,,,,,,,,,,,,,,,,,,,,,,,,,,,,,,,,,,,,,,,,,,,,,,,,,,,,,,,,,,,,,,,,,,,,,,,,,,,,,,,,,,,,,,,,,,,,,,,,,,,,,,,,,,,,,,,,,,,,,,,,,,
319,,,,,,,,,,,,,,,,r.-15.1.0,,,,,,,,,,,,,,,,,,,,,,,,,,,,,,,,,,,,,,,,,,,,,,,,,,,,,,,,,,,,,,,,,,,,,,,,,,,,,,,,,,,,,,,,,,,,,,,,,,,,,,,,,,,,,,,,,,,,,,,,,,,,,,,,,,,,,,,,,,,,,,,,,,,,,,,,,,,,,,,,,,,,,,,,,,,,,,,,,,,,,,,,,,,,,,,,,,,,,,,,,,,,,,
320,,,,,,,,,,,,,,,,r.-15.1.0,,,,,,,,,,,,,,,,,,,,,,,,,,,,,,,,,,,,,,,,,,,,,,,,,,,,,,,,,,,,,,,,,,,,,,,,,,,,,,,,,,,,,,,,,,,,,,,,,,,,,,,,,,,,,,,,,,,,,,,,,,,,,,,,,,,,,,,,,,,,,,,,,,,,,,,,,,,,,,,,,,,,,,,,,,,,,,,,,,,,,,,,,,,,,,,,,,,,,,,,,,,,,,
321,,,,,,,,,,,,,,,,r.-15.1.0,,,,,,,,,,,,,,,,,,,,,,,,,,,,,,,,,,,,,,,,,,,,,,,,,,,,,,,,,,,,,,,,,,,,,,,,,,,,,,,,,,,,,,,,,,,,,,,,,,,,,,,,,,,,,,,,,,,,,,,,,,,,,,,,,,,,,,,,,,,,,,,,,,,,,,,,,,,,,,,,,,,,,,,,,,,,,,,,,,,,,,,,,,,,,,,,,,,,,,,,,,,,,,
322,,,,,,,,,,,,,,,,r.-15.1.0,,,,,,,,,,,,,,,,,,,,,,,,,,,,,,,,,,,,,,,,,,,,,,,,,,,,,,,,,,,,,,,,,,,,,,,,,,,,,,,,,,,,,,,,,,,,,,,,,,,,,,,,,,,,,,,,,,,,,,,,,,,,,,,,,,,,,,,,,,,,,,,,,,,,,,,,,,,,,,,,,,,,,,,,,,,,,,,,,,,,,,,,,,,,,,,,,,,,,,,,,,,,,,
323,,,,,,,,,,,,,,,,r.-15.1.0,,,,,,,,,,,,,,,,,,,,,,,,,,,,,,,,,,,,,,,,,,,,,,,,,,,,,,,,,,,,,,,,,,,,,,,,,,,,,,,,,,,,,,,,,,,,,,,,,,,,,,,,,,,,,,,,,,,,,,,,,,,,,,,,,,,,,,,,,,,,,,,,,,,,,,,,,,,,,,,,,,,,,,,,,,,,,,,,,,,,,,,,,,,,,,,,,,,,,,,,,,,,,,
324,,,,,,,,,,,,,,,,r.-15.1.0,,,,,,,,,,,,,,,,,,,,,,,,,,,,,,,,,,,,,,,,,,,,,,,,,,,,,,,,,,,,,,,,,,,,,,,,,,,,,,,,,,,,,,,,,,,,,,,,,,,,,,,,,,,,,,,,,,,,,,,,,,,,,,,,,,,,,,,,,,,,,,,,,,,,,,,,,,,,,,,,,,,,,,,,,,,,,,,,,,,,,,,,,,,,,,,,,,,,,,,,,,,,,,
325,,,,,,,,,,,,,,,,r.-15.1.0,,,,,,,,,,,,,,,,,,,,,,,,,,,,,,,,,,,,,,,,,,,,,,,,,,,,,,,,,,,,,,,,,,,,,,,,,,,,,,,,,,,,,,,,,,,,,,,,,,,,,,,,,,,,,,,,,,,,,,,,,,,,,,,,,,,,,,,,,,,,,,,,,,,,,,,,,,,,,,,,,,,,,,,,,,,,,,,,,,,,,,,,,,,,,,,,,,,,,,,,,,,,,,
326,,,,,,,,,,,,,,,,r.-15.1.0,,,,,,,,,,,,,,,,,,,,,,,,,,,,,,,,,,,,,,,,,,,,,,,,,,,,,,,,,,,,,,,,,,,,,,,,,,,,,,,,,,,,,,,,,,,,,,,,,,,,,,,,,,,,,,,,,,,,,,,,,,,,,,,,,,,,,,,,,,,,,,,,,,,,,,,,,,,,,,,,,,,,,,,,,,,,,,,,,,,,,,,,,,,,,,,,,,,,,,,,,,,,,,
327,,,,,,,,,,,,,,,,r.-15.1.0,,,,,,,,,,,,,,,,,,,,,,,,,,,,,,,,,,,,,,,,,,,,,,,,,,,,,,,,,,,,,,,,,,,,,,,,,,,,,,,,,,,,,,,,,,,,,,,,,,,,,,,,,,,,,,,,,,,,,,,,,,,,,,,,,,,,,,,,,,,,,,,,,,,,,,,,,,,,,,,,,,,,,,,,,,,,,,,,,,,,,,,,,,,,,,,,,,,,,,,,,,,,,,
328,,,,,,,,,,,,,,,,r.-15.1.0,,,,,,,,,,,,,,,,,,,,,,,,,,,,,,,,,,,,,,,,,,,,,,,,,,,,,,,,,,,,,,,,,,,,,,,,,,,,,,,,,,,,,,,,,,,,,,,,,,,,,,,,,,,,,,,,,,,,,,,,,,,,,,,,,,,,,,,,,,,,,,,,,,,,,,,,,,,,,,,,,,,,,,,,,,,,,,,,,,,,,,,,,,,,,,,,,,,,,,,,,,,,,,
329,,,,,,,,,,,,,,,,r.-15.1.0,,,,,,,,,,,,,,,,,,,,,,,,,,,,,,,,,,,,,,,,,,,,,,,,,,,,,,,,,,,,,,,,,,,,,,,,,,,,,,,,,,,,,,,,,,,,,,,,,,,,,,,,,,,,,,,,,,,,,,,,,,,,,,,,,,,,,,,,,,,,,,,,,,,,,,,,,,,,,,,,,,,,,,,,,,,,,,,,,,,,,,,,,,,,,,,,,,,,,,,,,,,,,,
330,,,,,,,,,,,,,,,,r.-15.1.0,,,,,,,,,,,,,,,,,,,,,,,,,,,,,,,,,,,,,,,,,,,,,,,,,,,,,,,,,,,,,,,,,,,,,,,,,,,,,,,,,,,,,,,,,,,,,,,,,,,,,,,,,,,,,,,,,,,,,,,,,,,,,,,,,,,,,,,,,,,,,,,,,,,,,,,,,,,,,,,,,,,,,,,,,,,,,,,,,,,,,,,,,,,,,,,,,,,,,,,,,,,,,,
331,,,,,,,,,,,,,,,,r.-15.1.0,,,,,,,,,,,,,,,,,,,,,,,,,,,,,,,,,,,,,,,,,,,,,,,,,,,,,,,,,,,,,,,,,,,,,,,,,,,,,,,,,,,,,,,,,,,,,,,,,,,,,,,,,,,,,,,,,,,,,,,,,,,,,,,,,,,,,,,,,,,,,,,,,,,,,,,,,,,,,,,,,,,,,,,,,,,,,,,,,,,,,,,,,,,,,,,,,,,,,,,,,,,,,,
332,,,,,,,,,,,,,,,,r.-15.1.0,,,,,,,,,,,,,,,,,,,,,,,,,,,,,,,,,,,,,,,,,,,,,,,,,,,,,,,,,,,,,,,,,,,,,,,,,,,,,,,,,,,,,,,,,,,,,,,,,,,,,,,,,,,,,,,,,,,,,,,,,,,,,,,,,,,,,,,,,,,,,,,,,,,,,,,,,,,,,,,,,,,,,,,,,,,,,,,,,,,,,,,,,,,,,,,,,,,,,,,,,,,,,,
333,,,,,,,,,,,,,,,,r.-15.1.0,,,,,,,,,,,,,,,,,,,,,,,,,,,,,,,,,,,,,,,,,,,,,,,,,,,,,,,,,,,,,,,,,,,,,,,,,,,,,,,,,,,,,,,,,,,,,,,,,,,,,,,,,,,,,,,,,,,,,,,,,,,,,,,,,,,,,,,,,,,,,,,,,,,,,,,,,,,,,,,,,,,,,,,,,,,,,,,,,,,,,,,,,,,,,,,,,,,,,,,,,,,,,,
334,,,,,,,,,,,,,,,,r.-66.6.0,,,,,,,,,,,,,,,,,,,,,,,,,,,,,,,,,,,,,,,,,,,,,,,,,,,,,,,,,,,,,,,,,,,,,,,,,,,,,,,,,,,,,,,,,,,,,,,,,,,,,,,,,,,,,,,,,,,,,,,,,,,,,,,,,,,,,,,,,,,,,,,,,,,,,,,,,,,,,,,,,,,,,,,,,,,,,,,,,,,,,,,,,,,,,,,,,,,,,,,,,,,,,,
335,,,,,,,,,,,,,,,,r.-63.2.0,,,,,,,,,,,,,,,,,,,,,,,,,,,,,,,,,,,,,,,,,,,,,,,,,,,,,,,,,,,,,,,,,,,,,,,,,,,,,,,,,,,,,,,,,,,,,,,,,,,,,,,,,,,,,,,,,,,,,,,,,,,,,,,,,,,,,,,,,,,,,,,,,,,,,,,,,,,,,,,,,,,,,,,,,,,,,,,,,,,,,,,,,,,,,,,,,,,,,,,,,,,,,,
336,,,,,,,,,,,,,,,,p.78/r.-33.0.0/r.-32.0.0,,,,,,,,,,,,,,,,,,,,,,,,,,,,,,,,,,,,,,,,,,,,,,,,,,,,,,,,,,,,,,,,,,,,,,,,,,,,,,,,,,,,,,,,,,,,,,,,,,,,,,,,,,,p.337,,,,p.98,p.99,,,,,,,,,,,,,,,,,,,,,,,,,,,,,,,,,,,,,,,,,,,,,,,,,,,,,,,,,,,,,,,,,,,,,,,,,,,,,,,,,,,,,,,,,,,,,,
337,,,,,,,,,,,,,,,,r.-98.3.0,,,,,,,,,,,,,,,,,,,,,,,,,,,,,,,,,,,,,,,,,,,,,,,,,,,,,,,,,,,,,,,,,,,,,,,,,,,,,,,,,,,,,,,,,,,,,,,,,,,,,,,,,,,,,,,,,,,,,,,,,,,,,,,,,,,,,,,,,,,,,,,,,,,,,,,,,,,,,,,,,,,,,,,,,,,,,,,,,,,,,,,,,,,,,,,,,,,,,,,,,,,,,,
338,,,,,,,,,,,,,,,,p.78/r.-33.0.0/r.-32.0.0,,,,,,,,,,,,,,,,,,,,,,,,,,,,,,,,,,,,,,,,,,,,,,,,,,,,,,,,,,,,,,,,,,,,,,,,,,,,,,,,,,,,,,,,,,,,,,,,,,,,,,,,,,,p.339,,,,p.98,p.99,,,,,,,,,,,,,,,,,,,,,,,,,,,,,,,,,,,,,,,,,,,,,,,,,,,,,,,,,,,,,,,,,,,,,,,,,,,,,,,,,,,,,,,,,,,,,,
339,,,,,,,,,,,,,,,,r.-98.3.0,,,,,,,,,,,,,,,,,,,,,,,,,,,,,,,,,,,,,,,,,,,,,,,,,,,,,,,,,,,,,,,,,,,,,,,,,,,,,,,,,,,,,,,,,,,,,,,,,,,,,,,,,,,,,,,,,,,,,,,,,,,,,,,,,,,,,,,,,,,,,,,,,,,,,,,,,,,,,,,,,,,,,,,,,,,,,,,,,,,,,,,,,,,,,,,,,,,,,,,,,,,,,,
340,r.-96.1.0,r.-96.1.0,r.-96.1.0,r.-96.1.0,r.-96.1.0,r.-96.1.0,r.-96.1.0,r.-96.1.0,r.-96.1.0,r.-96.1.0,r.-96.1.0,r.-96.1.0,r.-96.1.0,r.-96.1.0,r.-96.1.0,r.-96.1.0,r.-96.1.0,r.-96.1.0,r.-96.1.0,r.-96.1.0,r.-96.1.0,r.-96.1.0,r.-96.1.0,r.-96.1.0,r.-96.1.0,r.-96.1.0,r.-96.1.0,r.-96.1.0,r.-96.1.0,r.-96.1.0,r.-96.1.0,r.-96.1.0,r.-96.1.0,r.-96.1.0,r.-96.1.0,r.-96.1.0,r.-96.1.0,r.-96.1.0,r.-96.1.0,r.-96.1.0,r.-96.1.0,r.-96.1.0,r.-96.1.0,r.-96.1.0,r.-96.1.0,r.-96.1.0,r.-96.1.0,r.-96.1.0,r.-96.1.0,r.-96.1.0,r.-96.1.0,r.-96.1.0,r.-96.1.0,r.-96.1.0,r.-96.1.0,r.-96.1.0,r.-96.1.0,r.-96.1.0,r.-96.1.0,r.-96.1.0,r.-96.1.0,r.-96.1.0,r.-96.1.0,r.-96.1.0,r.-96.1.0,r.-96.1.0,r.-96.1.0,r.-96.1.0,r.-96.1.0,r.-96.1.0,r.-96.1.0,r.-96.1.0,r.-96.1.0,r.-96.1.0,r.-96.1.0,r.-96.1.0,r.-96.1.0,r.-96.1.0,r.-96.1.0,r.-96.1.0,r.-96.1.0,r.-96.1.0,r.-96.1.0,r.-96.1.0,r.-96.1.0,r.-96.1.0,r.-96.1.0,r.-96.1.0,r.-96.1.0,r.-96.1.0,r.-96.1.0,r.-96.1.0,r.-96.1.0,r.-96.1.0,,,,,,,,,,,,,,,,,,,,,,,,,,,,,,,,,,,,,,,,,,,,,,,,,,,,,,,,,,,,,,,,,,,,,,,,,,,,,,,,,,,,,,,,,,,,,,,,,,,,,,,,,,,,,,,,,,,,,,,,,,,,,,,,
341,r.-96.1.0,r.-96.1.0,r.-96.1.0,r.-96.1.0,r.-96.1.0,r.-96.1.0,r.-96.1.0,r.-96.1.0,r.-96.1.0,r.-96.1.0,r.-96.1.0,r.-96.1.0,r.-96.1.0,r.-96.1.0,r.-96.1.0,r.-96.1.0,r.-96.1.0,r.-96.1.0,r.-96.1.0,r.-96.1.0,r.-96.1.0,r.-96.1.0,r.-96.1.0,r.-96.1.0,r.-96.1.0,r.-96.1.0,r.-96.1.0,r.-96.1.0,r.-96.1.0,r.-96.1.0,r.-96.1.0,r.-96.1.0,r.-96.1.0,r.-96.1.0,r.-96.1.0,r.-96.1.0,r.-96.1.0,r.-96.1.0,r.-96.1.0,r.-96.1.0,r.-96.1.0,r.-96.1.0,r.-96.1.0,r.-96.1.0,r.-96.1.0,r.-96.1.0,r.-96.1.0,r.-96.1.0,r.-96.1.0,r.-96.1.0,r.-96.1.0,r.-96.1.0,r.-96.1.0,r.-96.1.0,r.-96.1.0,r.-96.1.0,r.-96.1.0,r.-96.1.0,r.-96.1.0,r.-96.1.0,r.-96.1.0,r.-96.1.0,r.-96.1.0,r.-96.1.0,r.-96.1.0,r.-96.1.0,r.-96.1.0,r.-96.1.0,r.-96.1.0,r.-96.1.0,r.-96.1.0,r.-96.1.0,r.-96.1.0,r.-96.1.0,r.-96.1.0,r.-96.1.0,r.-96.1.0,r.-96.1.0,r.-96.1.0,r.-96.1.0,r.-96.1.0,r.-96.1.0,r.-96.1.0,r.-96.1.0,r.-96.1.0,r.-96.1.0,r.-96.1.0,r.-96.1.0,r.-96.1.0,r.-96.1.0,r.-96.1.0,r.-96.1.0,r.-96.1.0,r.-96.1.0,,,,,,,,,,,,,,,,,,,,,,,,,,,,,,,,,,,,,,,,,,,,,,,,,,,,,,,,,,,,,,,,,,,,,,,,,,,,,,,,,,,,,,,,,,,,,,,,,,,,,,,,,,,,,,,,,,,,,,,,,,,,,,,,
342,r.-79.1.0/r.-96.1.0,r.-79.1.0/r.-96.1.0,r.-79.1.0/r.-96.1.0,r.-79.1.0/r.-96.1.0,r.-96.1.0/r.-79.1.0,r.-79.1.0/r.-96.1.0,r.-96.1.0/r.-79.1.0,r.-96.1.0/r.-79.1.0,r.-79.1.0/r.-96.1.0,r.-96.1.0/r.-79.1.0,r.-79.1.0/r.-96.1.0,r.-79.1.0/r.-96.1.0,r.-79.1.0/r.-96.1.0,r.-79.1.0/r.-96.1.0,r.-79.1.0/r.-96.1.0,r.-96.1.0/r.-79.1.0,r.-96.1.0/r.-79.1.0,r.-96.1.0/r.-79.1.0,r.-79.1.0/r.-96.1.0,r.-96.1.0/r.-79.1.0,r.-96.1.0/r.-79.1.0,r.-96.1.0/r.-79.1.0,r.-79.1.0/r.-96.1.0,r.-79.1.0/r.-96.1.0,r.-96.1.0/r.-79.1.0,r.-79.1.0/r.-96.1.0,r.-79.1.0/r.-96.1.0,r.-79.1.0/r.-96.1.0,r.-79.1.0/r.-96.1.0,r.-79.1.0/r.-96.1.0,r.-79.1.0/r.-96.1.0,r.-96.1.0/r.-79.1.0,r.-96.1.0/r.-79.1.0,r.-79.1.0/r.-96.1.0,r.-96.1.0/r.-79.1.0,r.-79.1.0/r.-96.1.0,r.-96.1.0/r.-79.1.0,r.-79.1.0/r.-96.1.0,r.-79.1.0/r.-96.1.0,r.-79.1.0/r.-96.1.0,r.-96.1.0/r.-79.1.0,r.-79.1.0/r.-96.1.0,r.-79.1.0/r.-96.1.0,r.-96.1.0/r.-79.1.0,r.-79.1.0/r.-96.1.0,r.-79.1.0/r.-96.1.0,r.-79.1.0/r.-96.1.0,r.-79.1.0/r.-96.1.0,r.-96.1.0/r.-79.1.0,r.-96.1.0/r.-79.1.0,r.-79.1.0/r.-96.1.0,r.-96.1.0/r.-79.1.0,r.-96.1.0/r.-79.1.0,r.-96.1.0/r.-79.1.0,r.-96.1.0/r.-79.1.0,r.-79.1.0/r.-96.1.0,r.-96.1.0/r.-79.1.0,r.-96.1.0/r.-79.1.0,r.-79.1.0/r.-96.1.0,r.-79.1.0/r.-96.1.0,r.-96.1.0/r.-79.1.0,r.-96.1.0/r.-79.1.0,r.-96.1.0/r.-79.1.0,r.-96.1.0/r.-79.1.0,r.-96.1.0/r.-79.1.0,r.-96.1.0/r.-79.1.0,r.-96.1.0/r.-79.1.0,r.-96.1.0/r.-79.1.0,r.-96.1.0/r.-79.1.0,r.-79.1.0/r.-96.1.0,r.-96.1.0/r.-79.1.0,r.-96.1.0/r.-79.1.0,r.-79.1.0/r.-96.1.0,r.-79.1.0/r.-96.1.0,r.-96.1.0/r.-79.1.0,r.-96.1.0/r.-79.1.0,r.-79.1.0/r.-96.1.0,r.-79.1.0/r.-96.1.0,r.-96.1.0/r.-79.1.0,r.-79.1.0/r.-96.1.0,r.-96.1.0/r.-79.1.0,r.-79.1.0/r.-96.1.0,r.-79.1.0/r.-96.1.0,r.-96.1.0/r.-79.1.0,r.-96.1.0/r.-79.1.0,r.-79.1.0/r.-96.1.0,r.-79.1.0/r.-96.1.0,r.-96.1.0/r.-79.1.0,r.-96.1.0/r.-79.1.0,r.-79.1.0/r.-96.1.0,r.-79.1.0/r.-96.1.0,r.-96.1.0/r.-79.1.0,r.-79.1.0/r.-96.1.0,r.-96.1.0/r.-79.1.0,,,,,,,,,,,,,,,,,,,,,,,,,,,,,,,,,,,,,,,,,,,,,,,,,,,,,,,,,,,,,,,,,,,,,,,,,,,,,,,,,,,,,,,,,,,,,,,,,,,,,,,,,,,,,,,,,,,,,,,,,,,,,,,,
343,r.-96.1.0/r.-79.1.0,r.-96.1.0/r.-79.1.0,r.-79.1.0/r.-96.1.0,r.-96.1.0/r.-79.1.0,r.-96.1.0/r.-79.1.0,r.-79.1.0/r.-96.1.0,r.-79.1.0/r.-96.1.0,r.-79.1.0/r.-96.1.0,r.-96.1.0/r.-79.1.0,r.-79.1.0/r.-96.1.0,r.-96.1.0/r.-79.1.0,r.-79.1.0/r.-96.1.0,r.-96.1.0/r.-79.1.0,r.-96.1.0/r.-79.1.0,r.-96.1.0/r.-79.1.0,r.-96.1.0/r.-79.1.0,r.-96.1.0/r.-79.1.0,r.-79.1.0/r.-96.1.0,r.-79.1.0/r.-96.1.0,r.-96.1.0/r.-79.1.0,r.-96.1.0/r.-79.1.0,r.-96.1.0/r.-79.1.0,r.-96.1.0/r.-79.1.0,r.-79.1.0/r.-96.1.0,r.-96.1.0/r.-79.1.0,r.-96.1.0/r.-79.1.0,r.-79.1.0/r.-96.1.0,r.-79.1.0/r.-96.1.0,r.-79.1.0/r.-96.1.0,r.-96.1.0/r.-79.1.0,r.-96.1.0/r.-79.1.0,r.-79.1.0/r.-96.1.0,r.-96.1.0/r.-79.1.0,r.-79.1.0/r.-96.1.0,r.-96.1.0/r.-79.1.0,r.-79.1.0/r.-96.1.0,r.-96.1.0/r.-79.1.0,r.-79.1.0/r.-96.1.0,r.-96.1.0/r.-79.1.0,r.-79.1.0/r.-96.1.0,r.-96.1.0/r.-79.1.0,r.-79.1.0/r.-96.1.0,r.-96.1.0/r.-79.1.0,r.-96.1.0/r.-79.1.0,r.-96.1.0/r.-79.1.0,r.-96.1.0/r.-79.1.0,r.-96.1.0/r.-79.1.0,r.-79.1.0/r.-96.1.0,r.-96.1.0/r.-79.1.0,r.-96.1.0/r.-79.1.0,r.-96.1.0/r.-79.1.0,r.-79.1.0/r.-96.1.0,r.-79.1.0/r.-96.1.0,r.-96.1.0/r.-79.1.0,r.-79.1.0/r.-96.1.0,r.-79.1.0/r.-96.1.0,r.-96.1.0/r.-79.1.0,r.-79.1.0/r.-96.1.0,r.-79.1.0/r.-96.1.0,r.-96.1.0/r.-79.1.0,r.-79.1.0/r.-96.1.0,r.-96.1.0/r.-79.1.0,r.-79.1.0/r.-96.1.0,r.-96.1.0/r.-79.1.0,r.-79.1.0/r.-96.1.0,r.-79.1.0/r.-96.1.0,r.-96.1.0/r.-79.1.0,r.-79.1.0/r.-96.1.0,r.-79.1.0/r.-96.1.0,r.-79.1.0/r.-96.1.0,r.-96.1.0/r.-79.1.0,r.-79.1.0/r.-96.1.0,r.-96.1.0/r.-79.1.0,r.-79.1.0/r.-96.1.0,r.-79.1.0/r.-96.1.0,r.-79.1.0/r.-96.1.0,r.-79.1.0/r.-96.1.0,r.-79.1.0/r.-96.1.0,r.-79.1.0/r.-96.1.0,r.-96.1.0/r.-79.1.0,r.-79.1.0/r.-96.1.0,r.-96.1.0/r.-79.1.0,r.-79.1.0/r.-96.1.0,r.-79.1.0/r.-96.1.0,r.-79.1.0/r.-96.1.0,r.-96.1.0/r.-79.1.0,r.-96.1.0/r.-79.1.0,r.-96.1.0/r.-79.1.0,r.-79.1.0/r.-96.1.0,r.-96.1.0/r.-79.1.0,r.-79.1.0/r.-96.1.0,r.-96.1.0/r.-79.1.0,r.-79.1.0/r.-96.1.0,r.-79.1.0/r.-96.1.0,,,,,,,,,,,,,,,,,,,,,,,,,,,,,,,,,,,,,,,,,,,,,,,,,,,,,,,,,,,,,,,,,,,,,,,,,,,,,,,,,,,,,,,,,,,,,,,,,,,,,,,,,,,,,,,,,,,,,,,,,,,,,,,,
344,r.-96.1.0,r.-96.1.0,r.-96.1.0,r.-96.1.0,r.-96.1.0,r.-96.1.0,r.-96.1.0,r.-96.1.0,r.-96.1.0,r.-96.1.0,r.-96.1.0,r.-96.1.0,r.-96.1.0,r.-96.1.0,r.-96.1.0,r.-96.1.0,r.-96.1.0,r.-96.1.0,r.-96.1.0,r.-96.1.0,r.-96.1.0,r.-96.1.0,r.-96.1.0,r.-96.1.0,r.-96.1.0,r.-96.1.0,r.-96.1.0,r.-96.1.0,r.-96.1.0,r.-96.1.0,r.-96.1.0,r.-96.1.0,r.-96.1.0,r.-96.1.0,r.-96.1.0,r.-96.1.0,r.-96.1.0,r.-96.1.0,r.-96.1.0,r.-96.1.0,r.-96.1.0,r.-96.1.0,r.-96.1.0,r.-96.1.0,r.-96.1.0,r.-96.1.0,r.-96.1.0,r.-96.1.0,r.-96.1.0,r.-96.1.0,r.-96.1.0,r.-96.1.0,r.-96.1.0,r.-96.1.0,r.-96.1.0,r.-96.1.0,r.-96.1.0,r.-96.1.0,r.-96.1.0,r.-96.1.0,r.-96.1.0,r.-96.1.0,r.-96.1.0,r.-96.1.0,r.-96.1.0,r.-96.1.0,r.-96.1.0,r.-96.1.0,r.-96.1.0,r.-96.1.0,r.-96.1.0,r.-96.1.0,r.-96.1.0,r.-96.1.0,r.-96.1.0,r.-96.1.0,r.-96.1.0,r.-96.1.0,r.-96.1.0,r.-96.1.0,r.-96.1.0,r.-96.1.0,r.-96.1.0,r.-96.1.0,r.-96.1.0,r.-96.1.0,r.-96.1.0,r.-96.1.0,r.-96.1.0,r.-96.1.0,r.-96.1.0,r.-96.1.0,r.-96.1.0,r.-96.1.0,,,,,,,,,,,,,,,,,,,,,,,,,,,,,,,,,,,,,,,,,,,,,,,,,,,,,,,,,,,,,,,,,,,,,,,,,,,,,,,,,,,,,,,,,,,,,,,,,,,,,,,,,,,,,,,,,,,,,,,,,,,,,,,,
345,r.-79.1.0,r.-79.1.0,r.-79.1.0,r.-79.1.0,r.-79.1.0,r.-79.1.0,r.-79.1.0,r.-79.1.0,r.-79.1.0,r.-79.1.0,r.-79.1.0,r.-79.1.0,r.-79.1.0,r.-79.1.0,r.-79.1.0,r.-79.1.0,r.-79.1.0,r.-79.1.0,r.-79.1.0,r.-79.1.0,r.-79.1.0,r.-79.1.0,r.-79.1.0,r.-79.1.0,r.-79.1.0,r.-79.1.0,r.-79.1.0,r.-79.1.0,r.-79.1.0,r.-79.1.0,r.-79.1.0,r.-79.1.0,r.-79.1.0,r.-79.1.0,r.-79.1.0,r.-79.1.0,r.-79.1.0,r.-79.1.0,r.-79.1.0,r.-79.1.0,r.-79.1.0,r.-79.1.0,r.-79.1.0,r.-79.1.0,r.-79.1.0,r.-79.1.0,r.-79.1.0,r.-79.1.0,r.-79.1.0,r.-79.1.0,r.-79.1.0,r.-79.1.0,r.-79.1.0,r.-79.1.0,r.-79.1.0,r.-79.1.0,r.-79.1.0,r.-79.1.0,r.-79.1.0,r.-79.1.0,r.-79.1.0,r.-79.1.0,r.-79.1.0,r.-79.1.0,r.-79.1.0,r.-79.1.0,r.-79.1.0,r.-79.1.0,r.-79.1.0,r.-79.1.0,r.-79.1.0,r.-79.1.0,r.-79.1.0,r.-79.1.0,r.-79.1.0,r.-79.1.0,r.-79.1.0,r.-79.1.0,r.-79.1.0,r.-79.1.0,r.-79.1.0,r.-79.1.0,r.-79.1.0,r.-79.1.0,r.-79.1.0,r.-79.1.0,r.-79.1.0,r.-79.1.0,r.-79.1.0,r.-79.1.0,r.-79.1.0,r.-79.1.0,r.-79.1.0,r.-79.1.0,,,,,,,,,,,,,,,,,,,,,,,,,,,,,,,,,,,,,,,,,,,,,,,,,,,,,,,,,,,,,,,,,,,,,,,,,,,,,,,,,,,,,,,,,,,,,,,,,,,,,,,,,,,,,,,,,,,,,,,,,,,,,,,,
346,r.-79.1.0,r.-79.1.0,r.-79.1.0,r.-79.1.0,r.-79.1.0,r.-79.1.0,r.-79.1.0,r.-79.1.0,r.-79.1.0,r.-79.1.0,r.-79.1.0,r.-79.1.0,r.-79.1.0,r.-79.1.0,r.-79.1.0,r.-79.1.0,r.-79.1.0,r.-79.1.0,r.-79.1.0,r.-79.1.0,r.-79.1.0,r.-79.1.0,r.-79.1.0,r.-79.1.0,r.-79.1.0,r.-79.1.0,r.-79.1.0,r.-79.1.0,r.-79.1.0,r.-79.1.0,r.-79.1.0,r.-79.1.0,r.-79.1.0,r.-79.1.0,r.-79.1.0,r.-79.1.0,r.-79.1.0,r.-79.1.0,r.-79.1.0,r.-79.1.0,r.-79.1.0,r.-79.1.0,r.-79.1.0,r.-79.1.0,r.-79.1.0,r.-79.1.0,r.-79.1.0,r.-79.1.0,r.-79.1.0,r.-79.1.0,r.-79.1.0,r.-79.1.0,r.-79.1.0,r.-79.1.0,r.-79.1.0,r.-79.1.0,r.-79.1.0,r.-79.1.0,r.-79.1.0,r.-79.1.0,r.-79.1.0,r.-79.1.0,r.-79.1.0,r.-79.1.0,r.-79.1.0,r.-79.1.0,r.-79.1.0,r.-79.1.0,r.-79.1.0,r.-79.1.0,r.-79.1.0,r.-79.1.0,r.-79.1.0,r.-79.1.0,r.-79.1.0,r.-79.1.0,r.-79.1.0,r.-79.1.0,r.-79.1.0,r.-79.1.0,r.-79.1.0,r.-79.1.0,r.-79.1.0,r.-79.1.0,r.-79.1.0,r.-79.1.0,r.-79.1.0,r.-79.1.0,r.-79.1.0,r.-79.1.0,r.-79.1.0,r.-79.1.0,r.-79.1.0,r.-79.1.0,,,,,,,,,,,,,,,,,,,,,,,,,,,,,,,,,,,,,,,,,,,,,,,,,,,,,,,,,,,,,,,,,,,,,,,,,,,,,,,,,,,,,,,,,,,,,,,,,,,,,,,,,,,,,,,,,,,,,,,,,,,,,,,,
347,r.-79.1.0,r.-79.1.0,r.-79.1.0,r.-79.1.0,r.-79.1.0,r.-79.1.0,r.-79.1.0,r.-79.1.0,r.-79.1.0,r.-79.1.0,r.-79.1.0,r.-79.1.0,r.-79.1.0,r.-79.1.0,r.-79.1.0,r.-79.1.0,r.-79.1.0,r.-79.1.0,r.-79.1.0,r.-79.1.0,r.-79.1.0,r.-79.1.0,r.-79.1.0,r.-79.1.0,r.-79.1.0,r.-79.1.0,r.-79.1.0,r.-79.1.0,r.-79.1.0,r.-79.1.0,r.-79.1.0,r.-79.1.0,r.-79.1.0,r.-79.1.0,r.-79.1.0,r.-79.1.0,r.-79.1.0,r.-79.1.0,r.-79.1.0,r.-79.1.0,r.-79.1.0,r.-79.1.0,r.-79.1.0,r.-79.1.0,r.-79.1.0,r.-79.1.0,r.-79.1.0,r.-79.1.0,r.-79.1.0,r.-79.1.0,r.-79.1.0,r.-79.1.0,r.-79.1.0,r.-79.1.0,r.-79.1.0,r.-79.1.0,r.-79.1.0,r.-79.1.0,r.-79.1.0,r.-79.1.0,r.-79.1.0,r.-79.1.0,r.-79.1.0,r.-79.1.0,r.-79.1.0,r.-79.1.0,r.-79.1.0,r.-79.1.0,r.-79.1.0,r.-79.1.0,r.-79.1.0,r.-79.1.0,r.-79.1.0,r.-79.1.0,r.-79.1.0,r.-79.1.0,r.-79.1.0,r.-79.1.0,r.-79.1.0,r.-79.1.0,r.-79.1.0,r.-79.1.0,r.-79.1.0,r.-79.1.0,r.-79.1.0,r.-79.1.0,r.-79.1.0,r.-79.1.0,r.-79.1.0,r.-79.1.0,r.-79.1.0,r.-79.1.0,r.-79.1.0,r.-79.1.0,,,,,,,,,,,,,,,,,,,,,,,,,,,,,,,,,,,,,,,,,,,,,,,,,,,,,,,,,,,,,,,,,,,,,,,,,,,,,,,,,,,,,,,,,,,,,,,,,,,,,,,,,,,,,,,,,,,,,,,,,,,,,,,,
348,r.-79.1.0,r.-79.1.0,r.-79.1.0,r.-79.1.0,r.-79.1.0,r.-79.1.0,r.-79.1.0,r.-79.1.0,r.-79.1.0,r.-79.1.0,r.-79.1.0,r.-79.1.0,r.-79.1.0,r.-79.1.0,r.-79.1.0,r.-79.1.0,r.-79.1.0,r.-79.1.0,r.-79.1.0,r.-79.1.0,r.-79.1.0,r.-79.1.0,r.-79.1.0,r.-79.1.0,r.-79.1.0,r.-79.1.0,r.-79.1.0,r.-79.1.0,r.-79.1.0,r.-79.1.0,r.-79.1.0,r.-79.1.0,r.-79.1.0,r.-79.1.0,r.-79.1.0,r.-79.1.0,r.-79.1.0,r.-79.1.0,r.-79.1.0,r.-79.1.0,r.-79.1.0,r.-79.1.0,r.-79.1.0,r.-79.1.0,r.-79.1.0,r.-79.1.0,r.-79.1.0,r.-79.1.0,r.-79.1.0,r.-79.1.0,r.-79.1.0,r.-79.1.0,r.-79.1.0,r.-79.1.0,r.-79.1.0,r.-79.1.0,r.-79.1.0,r.-79.1.0,r.-79.1.0,r.-79.1.0,r.-79.1.0,r.-79.1.0,r.-79.1.0,r.-79.1.0,r.-79.1.0,r.-79.1.0,r.-79.1.0,r.-79.1.0,r.-79.1.0,r.-79.1.0,r.-79.1.0,r.-79.1.0,r.-79.1.0,r.-79.1.0,r.-79.1.0,r.-79.1.0,r.-79.1.0,r.-79.1.0,r.-79.1.0,r.-79.1.0,r.-79.1.0,r.-79.1.0,r.-79.1.0,r.-79.1.0,r.-79.1.0,r.-79.1.0,r.-79.1.0,r.-79.1.0,r.-79.1.0,r.-79.1.0,r.-79.1.0,r.-79.1.0,r.-79.1.0,r.-79.1.0,,,,,,,,,,,,,,,,,,,,,,,,,,,,,,,,,,,,,,,,,,,,,,,,,,,,,,,,,,,,,,,,,,,,,,,,,,,,,,,,,,,,,,,,,,,,,,,,,,,,,,,,,,,,,,,,,,,,,,,,,,,,,,,,
349,r.-79.1.0,r.-79.1.0,r.-79.1.0,r.-79.1.0,r.-79.1.0,r.-79.1.0,r.-79.1.0,r.-79.1.0,r.-79.1.0,r.-79.1.0,r.-79.1.0,r.-79.1.0,r.-79.1.0,r.-79.1.0,r.-79.1.0,r.-79.1.0,r.-79.1.0,r.-79.1.0,r.-79.1.0,r.-79.1.0,r.-79.1.0,r.-79.1.0,r.-79.1.0,r.-79.1.0,r.-79.1.0,r.-79.1.0,r.-79.1.0,r.-79.1.0,r.-79.1.0,r.-79.1.0,r.-79.1.0,r.-79.1.0,r.-79.1.0,r.-79.1.0,r.-79.1.0,r.-79.1.0,r.-79.1.0,r.-79.1.0,r.-79.1.0,r.-79.1.0,r.-79.1.0,r.-79.1.0,r.-79.1.0,r.-79.1.0,r.-79.1.0,r.-79.1.0,r.-79.1.0,r.-79.1.0,r.-79.1.0,r.-79.1.0,r.-79.1.0,r.-79.1.0,r.-79.1.0,r.-79.1.0,r.-79.1.0,r.-79.1.0,r.-79.1.0,r.-79.1.0,r.-79.1.0,r.-79.1.0,r.-79.1.0,r.-79.1.0,r.-79.1.0,r.-79.1.0,r.-79.1.0,r.-79.1.0,r.-79.1.0,r.-79.1.0,r.-79.1.0,r.-79.1.0,r.-79.1.0,r.-79.1.0,r.-79.1.0,r.-79.1.0,r.-79.1.0,r.-79.1.0,r.-79.1.0,r.-79.1.0,r.-79.1.0,r.-79.1.0,r.-79.1.0,r.-79.1.0,r.-79.1.0,r.-79.1.0,r.-79.1.0,r.-79.1.0,r.-79.1.0,r.-79.1.0,r.-79.1.0,r.-79.1.0,r.-79.1.0,r.-79.1.0,r.-79.1.0,r.-79.1.0,,,,,,,,,,,,,,,,,,,,,,,,,,,,,,,,,,,,,,,,,,,,,,,,,,,,,,,,,,,,,,,,,,,,,,,,,,,,,,,,,,,,,,,,,,,,,,,,,,,,,,,,,,,,,,,,,,,,,,,,,,,,,,,,
350,r.-96.1.0,r.-96.1.0,r.-96.1.0,r.-96.1.0,r.-96.1.0,r.-96.1.0,r.-96.1.0,r.-96.1.0,r.-96.1.0,r.-96.1.0,r.-96.1.0,r.-96.1.0,r.-96.1.0,r.-96.1.0,r.-96.1.0,r.-96.1.0,r.-96.1.0,r.-96.1.0,r.-96.1.0,r.-96.1.0,r.-96.1.0,r.-96.1.0,r.-96.1.0,r.-96.1.0,r.-96.1.0,r.-96.1.0,r.-96.1.0,r.-96.1.0,r.-96.1.0,r.-96.1.0,r.-96.1.0,r.-96.1.0,r.-96.1.0,r.-96.1.0,r.-96.1.0,r.-96.1.0,r.-96.1.0,r.-96.1.0,r.-96.1.0,r.-96.1.0,r.-96.1.0,r.-96.1.0,r.-96.1.0,r.-96.1.0,r.-96.1.0,r.-96.1.0,r.-96.1.0,r.-96.1.0,r.-96.1.0,r.-96.1.0,r.-96.1.0,r.-96.1.0,r.-96.1.0,r.-96.1.0,r.-96.1.0,r.-96.1.0,r.-96.1.0,r.-96.1.0,r.-96.1.0,r.-96.1.0,r.-96.1.0,r.-96.1.0,r.-96.1.0,r.-96.1.0,r.-96.1.0,r.-96.1.0,r.-96.1.0,r.-96.1.0,r.-96.1.0,r.-96.1.0,r.-96.1.0,r.-96.1.0,r.-96.1.0,r.-96.1.0,r.-96.1.0,r.-96.1.0,r.-96.1.0,r.-96.1.0,r.-96.1.0,r.-96.1.0,r.-96.1.0,r.-96.1.0,r.-96.1.0,r.-96.1.0,r.-96.1.0,r.-96.1.0,r.-96.1.0,r.-96.1.0,r.-96.1.0,r.-96.1.0,r.-96.1.0,r.-96.1.0,r.-96.1.0,r.-96.1.0,,,,,,,,,,,,,,,,,,,,,,,,,,,,,,,,,,,,,,,,,,,,,,,,,,,,,,,,,,,,,,,,,,,,,,,,,,,,,,,,,,,,,,,,,,,,,,,,,,,,,,,,,,,,,,,,,,,,,,,,,,,,,,,,
351,r.-79.1.0/r.-96.1.0,r.-79.1.0/r.-96.1.0,r.-79.1.0/r.-96.1.0,r.-96.1.0/r.-79.1.0,r.-96.1.0/r.-79.1.0,r.-79.1.0/r.-96.1.0,r.-96.1.0/r.-79.1.0,r.-96.1.0/r.-79.1.0,r.-96.1.0/r.-79.1.0,r.-96.1.0/r.-79.1.0,r.-96.1.0/r.-79.1.0,r.-96.1.0/r.-79.1.0,r.-79.1.0/r.-96.1.0,r.-96.1.0/r.-79.1.0,r.-79.1.0/r.-96.1.0,r.-79.1.0/r.-96.1.0,r.-79.1.0/r.-96.1.0,r.-96.1.0/r.-79.1.0,r.-79.1.0/r.-96.1.0,r.-96.1.0/r.-79.1.0,r.-96.1.0/r.-79.1.0,r.-96.1.0/r.-79.1.0,r.-79.1.0/r.-96.1.0,r.-79.1.0/r.-96.1.0,r.-96.1.0/r.-79.1.0,r.-79.1.0/r.-96.1.0,r.-79.1.0/r.-96.1.0,r.-79.1.0/r.-96.1.0,r.-79.1.0/r.-96.1.0,r.-96.1.0/r.-79.1.0,r.-96.1.0/r.-79.1.0,r.-96.1.0/r.-79.1.0,r.-96.1.0/r.-79.1.0,r.-96.1.0/r.-79.1.0,r.-79.1.0/r.-96.1.0,r.-79.1.0/r.-96.1.0,r.-79.1.0/r.-96.1.0,r.-96.1.0/r.-79.1.0,r.-96.1.0/r.-79.1.0,r.-79.1.0/r.-96.1.0,r.-96.1.0/r.-79.1.0,r.-96.1.0/r.-79.1.0,r.-96.1.0/r.-79.1.0,r.-96.1.0/r.-79.1.0,r.-79.1.0/r.-96.1.0,r.-96.1.0/r.-79.1.0,r.-79.1.0/r.-96.1.0,r.-79.1.0/r.-96.1.0,r.-96.1.0/r.-79.1.0,r.-79.1.0/r.-96.1.0,r.-79.1.0/r.-96.1.0,r.-79.1.0/r.-96.1.0,r.-79.1.0/r.-96.1.0,r.-79.1.0/r.-96.1.0,r.-79.1.0/r.-96.1.0,r.-96.1.0/r.-79.1.0,r.-96.1.0/r.-79.1.0,r.-79.1.0/r.-96.1.0,r.-96.1.0/r.-79.1.0,r.-79.1.0/r.-96.1.0,r.-79.1.0/r.-96.1.0,r.-79.1.0/r.-96.1.0,r.-96.1.0/r.-79.1.0,r.-96.1.0/r.-79.1.0,r.-96.1.0/r.-79.1.0,r.-79.1.0/r.-96.1.0,r.-79.1.0/r.-96.1.0,r.-79.1.0/r.-96.1.0,r.-79.1.0/r.-96.1.0,r.-79.1.0/r.-96.1.0,r.-79.1.0/r.-96.1.0,r.-96.1.0/r.-79.1.0,r.-96.1.0/r.-79.1.0,r.-96.1.0/r.-79.1.0,r.-96.1.0/r.-79.1.0,r.-79.1.0/r.-96.1.0,r.-96.1.0/r.-79.1.0,r.-79.1.0/r.-96.1.0,r.-79.1.0/r.-96.1.0,r.-79.1.0/r.-96.1.0,r.-96.1.0/r.-79.1.0,r.-96.1.0/r.-79.1.0,r.-79.1.0/r.-96.1.0,r.-96.1.0/r.-79.1.0,r.-96.1.0/r.-79.1.0,r.-96.1.0/r.-79.1.0,r.-79.1.0/r.-96.1.0,r.-79.1.0/r.-96.1.0,r.-79.1.0/r.-96.1.0,r.-79.1.0/r.-96.1.0,r.-96.1.0/r.-79.1.0,r.-96.1.0/r.-79.1.0,r.-79.1.0/r.-96.1.0,r.-79.1.0/r.-96.1.0,,,,,,,,,,,,,,,,,,,,,,,,,,,,,,,,,,,,,,,,,,,,,,,,,,,,,,,,,,,,,,,,,,,,,,,,,,,,,,,,,,,,,,,,,,,,,,,,,,,,,,,,,,,,,,,,,,,,,,,,,,,,,,,,
352,r.-96.1.0/r.-79.1.0,r.-96.1.0/r.-79.1.0,r.-96.1.0/r.-79.1.0,r.-79.1.0/r.-96.1.0,r.-96.1.0/r.-79.1.0,r.-79.1.0/r.-96.1.0,r.-79.1.0/r.-96.1.0,r.-79.1.0/r.-96.1.0,r.-96.1.0/r.-79.1.0,r.-96.1.0/r.-79.1.0,r.-96.1.0/r.-79.1.0,r.-79.1.0/r.-96.1.0,r.-79.1.0/r.-96.1.0,r.-79.1.0/r.-96.1.0,r.-79.1.0/r.-96.1.0,r.-79.1.0/r.-96.1.0,r.-79.1.0/r.-96.1.0,r.-96.1.0/r.-79.1.0,r.-96.1.0/r.-79.1.0,r.-79.1.0/r.-96.1.0,r.-79.1.0/r.-96.1.0,r.-96.1.0/r.-79.1.0,r.-96.1.0/r.-79.1.0,r.-79.1.0/r.-96.1.0,r.-96.1.0/r.-79.1.0,r.-79.1.0/r.-96.1.0,r.-96.1.0/r.-79.1.0,r.-79.1.0/r.-96.1.0,r.-79.1.0/r.-96.1.0,r.-96.1.0/r.-79.1.0,r.-96.1.0/r.-79.1.0,r.-79.1.0/r.-96.1.0,r.-79.1.0/r.-96.1.0,r.-79.1.0/r.-96.1.0,r.-79.1.0/r.-96.1.0,r.-79.1.0/r.-96.1.0,r.-79.1.0/r.-96.1.0,r.-79.1.0/r.-96.1.0,r.-96.1.0/r.-79.1.0,r.-79.1.0/r.-96.1.0,r.-79.1.0/r.-96.1.0,r.-96.1.0/r.-79.1.0,r.-79.1.0/r.-96.1.0,r.-96.1.0/r.-79.1.0,r.-79.1.0/r.-96.1.0,r.-96.1.0/r.-79.1.0,r.-79.1.0/r.-96.1.0,r.-79.1.0/r.-96.1.0,r.-79.1.0/r.-96.1.0,r.-79.1.0/r.-96.1.0,r.-79.1.0/r.-96.1.0,r.-96.1.0/r.-79.1.0,r.-79.1.0/r.-96.1.0,r.-96.1.0/r.-79.1.0,r.-79.1.0/r.-96.1.0,r.-79.1.0/r.-96.1.0,r.-79.1.0/r.-96.1.0,r.-96.1.0/r.-79.1.0,r.-79.1.0/r.-96.1.0,r.-79.1.0/r.-96.1.0,r.-96.1.0/r.-79.1.0,r.-79.1.0/r.-96.1.0,r.-79.1.0/r.-96.1.0,r.-96.1.0/r.-79.1.0,r.-79.1.0/r.-96.1.0,r.-79.1.0/r.-96.1.0,r.-79.1.0/r.-96.1.0,r.-79.1.0/r.-96.1.0,r.-79.1.0/r.-96.1.0,r.-79.1.0/r.-96.1.0,r.-96.1.0/r.-79.1.0,r.-96.1.0/r.-79.1.0,r.-96.1.0/r.-79.1.0,r.-96.1.0/r.-79.1.0,r.-79.1.0/r.-96.1.0,r.-79.1.0/r.-96.1.0,r.-79.1.0/r.-96.1.0,r.-96.1.0/r.-79.1.0,r.-96.1.0/r.-79.1.0,r.-96.1.0/r.-79.1.0,r.-79.1.0/r.-96.1.0,r.-79.1.0/r.-96.1.0,r.-79.1.0/r.-96.1.0,r.-79.1.0/r.-96.1.0,r.-79.1.0/r.-96.1.0,r.-79.1.0/r.-96.1.0,r.-79.1.0/r.-96.1.0,r.-79.1.0/r.-96.1.0,r.-79.1.0/r.-96.1.0,r.-79.1.0/r.-96.1.0,r.-96.1.0/r.-79.1.0,r.-96.1.0/r.-79.1.0,r.-96.1.0/r.-79.1.0,r.-96.1.0/r.-79.1.0,,,,,,,,,,,,,,,,,,,,,,,,,,,,,,,,,,,,,,,,,,,,,,,,,,,,,,,,,,,,,,,,,,,,,,,,,,,,,,,,,,,,,,,,,,,,,,,,,,,,,,,,,,,,,,,,,,,,,,,,,,,,,,,,
353,r.-96.1.0/r.-79.1.0,r.-79.1.0/r.-96.1.0,r.-79.1.0/r.-96.1.0,r.-96.1.0/r.-79.1.0,r.-96.1.0/r.-79.1.0,r.-96.1.0/r.-79.1.0,r.-96.1.0/r.-79.1.0,r.-96.1.0/r.-79.1.0,r.-79.1.0/r.-96.1.0,r.-96.1.0/r.-79.1.0,r.-96.1.0/r.-79.1.0,r.-96.1.0/r.-79.1.0,r.-96.1.0/r.-79.1.0,r.-79.1.0/r.-96.1.0,r.-79.1.0/r.-96.1.0,r.-96.1.0/r.-79.1.0,r.-79.1.0/r.-96.1.0,r.-79.1.0/r.-96.1.0,r.-96.1.0/r.-79.1.0,r.-79.1.0/r.-96.1.0,r.-96.1.0/r.-79.1.0,r.-96.1.0/r.-79.1.0,r.-96.1.0/r.-79.1.0,r.-79.1.0/r.-96.1.0,r.-79.1.0/r.-96.1.0,r.-79.1.0/r.-96.1.0,r.-96.1.0/r.-79.1.0,r.-96.1.0/r.-79.1.0,r.-79.1.0/r.-96.1.0,r.-79.1.0/r.-96.1.0,r.-79.1.0/r.-96.1.0,r.-96.1.0/r.-79.1.0,r.-96.1.0/r.-79.1.0,r.-96.1.0/r.-79.1.0,r.-96.1.0/r.-79.1.0,r.-79.1.0/r.-96.1.0,r.-96.1.0/r.-79.1.0,r.-79.1.0/r.-96.1.0,r.-79.1.0/r.-96.1.0,r.-96.1.0/r.-79.1.0,r.-79.1.0/r.-96.1.0,r.-96.1.0/r.-79.1.0,r.-96.1.0/r.-79.1.0,r.-96.1.0/r.-79.1.0,r.-79.1.0/r.-96.1.0,r.-96.1.0/r.-79.1.0,r.-96.1.0/r.-79.1.0,r.-96.1.0/r.-79.1.0,r.-79.1.0/r.-96.1.0,r.-79.1.0/r.-96.1.0,r.-96.1.0/r.-79.1.0,r.-96.1.0/r.-79.1.0,r.-96.1.0/r.-79.1.0,r.-79.1.0/r.-96.1.0,r.-96.1.0/r.-79.1.0,r.-79.1.0/r.-96.1.0,r.-79.1.0/r.-96.1.0,r.-79.1.0/r.-96.1.0,r.-96.1.0/r.-79.1.0,r.-79.1.0/r.-96.1.0,r.-96.1.0/r.-79.1.0,r.-79.1.0/r.-96.1.0,r.-96.1.0/r.-79.1.0,r.-96.1.0/r.-79.1.0,r.-96.1.0/r.-79.1.0,r.-96.1.0/r.-79.1.0,r.-79.1.0/r.-96.1.0,r.-79.1.0/r.-96.1.0,r.-96.1.0/r.-79.1.0,r.-96.1.0/r.-79.1.0,r.-96.1.0/r.-79.1.0,r.-96.1.0/r.-79.1.0,r.-96.1.0/r.-79.1.0,r.-96.1.0/r.-79.1.0,r.-79.1.0/r.-96.1.0,r.-96.1.0/r.-79.1.0,r.-96.1.0/r.-79.1.0,r.-79.1.0/r.-96.1.0,r.-79.1.0/r.-96.1.0,r.-96.1.0/r.-79.1.0,r.-96.1.0/r.-79.1.0,r.-79.1.0/r.-96.1.0,r.-79.1.0/r.-96.1.0,r.-79.1.0/r.-96.1.0,r.-96.1.0/r.-79.1.0,r.-79.1.0/r.-96.1.0,r.-79.1.0/r.-96.1.0,r.-79.1.0/r.-96.1.0,r.-96.1.0/r.-79.1.0,r.-79.1.0/r.-96.1.0,r.-79.1.0/r.-96.1.0,r.-79.1.0/r.-96.1.0,r.-79.1.0/r.-96.1.0,r.-79.1.0/r.-96.1.0,,,,,,,,,,,,,,,,,,,,,,,,,,,,,,,,,,,,,,,,,,,,,,,,,,,,,,,,,,,,,,,,,,,,,,,,,,,,,,,,,,,,,,,,,,,,,,,,,,,,,,,,,,,,,,,,,,,,,,,,,,,,,,,,
354,r.-79.1.0,r.-79.1.0,r.-79.1.0,r.-79.1.0,r.-79.1.0,r.-79.1.0,r.-79.1.0,r.-79.1.0,r.-79.1.0,r.-79.1.0,r.-79.1.0,r.-79.1.0,r.-79.1.0,r.-79.1.0,r.-79.1.0,r.-79.1.0,r.-79.1.0,r.-79.1.0,r.-79.1.0,r.-79.1.0,r.-79.1.0,r.-79.1.0,r.-79.1.0,r.-79.1.0,r.-79.1.0,r.-79.1.0,r.-79.1.0,r.-79.1.0,r.-79.1.0,r.-79.1.0,r.-79.1.0,r.-79.1.0,r.-79.1.0,r.-79.1.0,r.-79.1.0,r.-79.1.0,r.-79.1.0,r.-79.1.0,r.-79.1.0,r.-79.1.0,r.-79.1.0,r.-79.1.0,r.-79.1.0,r.-79.1.0,r.-79.1.0,r.-79.1.0,r.-79.1.0,r.-79.1.0,r.-79.1.0,r.-79.1.0,r.-79.1.0,r.-79.1.0,r.-79.1.0,r.-79.1.0,r.-79.1.0,r.-79.1.0,r.-79.1.0,r.-79.1.0,r.-79.1.0,r.-79.1.0,r.-79.1.0,r.-79.1.0,r.-79.1.0,r.-79.1.0,r.-79.1.0,r.-79.1.0,r.-79.1.0,r.-79.1.0,r.-79.1.0,r.-79.1.0,r.-79.1.0,r.-79.1.0,r.-79.1.0,r.-79.1.0,r.-79.1.0,r.-79.1.0,r.-79.1.0,r.-79.1.0,r.-79.1.0,r.-79.1.0,r.-79.1.0,r.-79.1.0,r.-79.1.0,r.-79.1.0,r.-79.1.0,r.-79.1.0,r.-79.1.0,r.-79.1.0,r.-79.1.0,r.-79.1.0,r.-79.1.0,r.-79.1.0,r.-79.1.0,r.-79.1.0,,,,,,,,,,,,,,,,,,,,,,,,,,,,,,,,,,,,,,,,,,,,,,,,,,,,,,,,,,,,,,,,,,,,,,,,,,,,,,,,,,,,,,,,,,,,,,,,,,,,,,,,,,,,,,,,,,,,,,,,,,,,,,,,
355,r.-79.1.0,r.-79.1.0,r.-79.1.0,r.-79.1.0,r.-79.1.0,r.-79.1.0,r.-79.1.0,r.-79.1.0,r.-79.1.0,r.-79.1.0,r.-79.1.0,r.-79.1.0,r.-79.1.0,r.-79.1.0,r.-79.1.0,r.-79.1.0,r.-79.1.0,r.-79.1.0,r.-79.1.0,r.-79.1.0,r.-79.1.0,r.-79.1.0,r.-79.1.0,r.-79.1.0,r.-79.1.0,r.-79.1.0,r.-79.1.0,r.-79.1.0,r.-79.1.0,r.-79.1.0,r.-79.1.0,r.-79.1.0,r.-79.1.0,r.-79.1.0,r.-79.1.0,r.-79.1.0,r.-79.1.0,r.-79.1.0,r.-79.1.0,r.-79.1.0,r.-79.1.0,r.-79.1.0,r.-79.1.0,r.-79.1.0,r.-79.1.0,r.-79.1.0,r.-79.1.0,r.-79.1.0,r.-79.1.0,r.-79.1.0,r.-79.1.0,r.-79.1.0,r.-79.1.0,r.-79.1.0,r.-79.1.0,r.-79.1.0,r.-79.1.0,r.-79.1.0,r.-79.1.0,r.-79.1.0,r.-79.1.0,r.-79.1.0,r.-79.1.0,r.-79.1.0,r.-79.1.0,r.-79.1.0,r.-79.1.0,r.-79.1.0,r.-79.1.0,r.-79.1.0,r.-79.1.0,r.-79.1.0,r.-79.1.0,r.-79.1.0,r.-79.1.0,r.-79.1.0,r.-79.1.0,r.-79.1.0,r.-79.1.0,r.-79.1.0,r.-79.1.0,r.-79.1.0,r.-79.1.0,r.-79.1.0,r.-79.1.0,r.-79.1.0,r.-79.1.0,r.-79.1.0,r.-79.1.0,r.-79.1.0,r.-79.1.0,r.-79.1.0,r.-79.1.0,r.-79.1.0,,,,,,,,,,,,,,,,,,,,,,,,,,,,,,,,,,,,,,,,,,,,,,,,,,,,,,,,,,,,,,,,,,,,,,,,,,,,,,,,,,,,,,,,,,,,,,,,,,,,,,,,,,,,,,,,,,,,,,,,,,,,,,,,
356,r.-96.1.0/r.-79.1.0,r.-79.1.0/r.-96.1.0,r.-96.1.0/r.-79.1.0,r.-79.1.0/r.-96.1.0,r.-79.1.0/r.-96.1.0,r.-96.1.0/r.-79.1.0,r.-79.1.0/r.-96.1.0,r.-96.1.0/r.-79.1.0,r.-79.1.0/r.-96.1.0,r.-79.1.0/r.-96.1.0,r.-79.1.0/r.-96.1.0,r.-96.1.0/r.-79.1.0,r.-96.1.0/r.-79.1.0,r.-96.1.0/r.-79.1.0,r.-96.1.0/r.-79.1.0,r.-96.1.0/r.-79.1.0,r.-96.1.0/r.-79.1.0,r.-96.1.0/r.-79.1.0,r.-96.1.0/r.-79.1.0,r.-96.1.0/r.-79.1.0,r.-79.1.0/r.-96.1.0,r.-96.1.0/r.-79.1.0,r.-96.1.0/r.-79.1.0,r.-79.1.0/r.-96.1.0,r.-79.1.0/r.-96.1.0,r.-79.1.0/r.-96.1.0,r.-79.1.0/r.-96.1.0,r.-79.1.0/r.-96.1.0,r.-79.1.0/r.-96.1.0,r.-79.1.0/r.-96.1.0,r.-96.1.0/r.-79.1.0,r.-79.1.0/r.-96.1.0,r.-96.1.0/r.-79.1.0,r.-79.1.0/r.-96.1.0,r.-79.1.0/r.-96.1.0,r.-96.1.0/r.-79.1.0,r.-79.1.0/r.-96.1.0,r.-96.1.0/r.-79.1.0,r.-96.1.0/r.-79.1.0,r.-96.1.0/r.-79.1.0,r.-96.1.0/r.-79.1.0,r.-96.1.0/r.-79.1.0,r.-96.1.0/r.-79.1.0,r.-96.1.0/r.-79.1.0,r.-79.1.0/r.-96.1.0,r.-96.1.0/r.-79.1.0,r.-96.1.0/r.-79.1.0,r.-79.1.0/r.-96.1.0,r.-96.1.0/r.-79.1.0,r.-79.1.0/r.-96.1.0,r.-96.1.0/r.-79.1.0,r.-96.1.0/r.-79.1.0,r.-96.1.0/r.-79.1.0,r.-79.1.0/r.-96.1.0,r.-79.1.0/r.-96.1.0,r.-79.1.0/r.-96.1.0,r.-79.1.0/r.-96.1.0,r.-96.1.0/r.-79.1.0,r.-79.1.0/r.-96.1.0,r.-79.1.0/r.-96.1.0,r.-79.1.0/r.-96.1.0,r.-79.1.0/r.-96.1.0,r.-79.1.0/r.-96.1.0,r.-96.1.0/r.-79.1.0,r.-96.1.0/r.-79.1.0,r.-96.1.0/r.-79.1.0,r.-79.1.0/r.-96.1.0,r.-96.1.0/r.-79.1.0,r.-79.1.0/r.-96.1.0,r.-96.1.0/r.-79.1.0,r.-96.1.0/r.-79.1.0,r.-79.1.0/r.-96.1.0,r.-79.1.0/r.-96.1.0,r.-96.1.0/r.-79.1.0,r.-79.1.0/r.-96.1.0,r.-96.1.0/r.-79.1.0,r.-79.1.0/r.-96.1.0,r.-79.1.0/r.-96.1.0,r.-96.1.0/r.-79.1.0,r.-96.1.0/r.-79.1.0,r.-96.1.0/r.-79.1.0,r.-96.1.0/r.-79.1.0,r.-96.1.0/r.-79.1.0,r.-79.1.0/r.-96.1.0,r.-96.1.0/r.-79.1.0,r.-96.1.0/r.-79.1.0,r.-96.1.0/r.-79.1.0,r.-96.1.0/r.-79.1.0,r.-96.1.0/r.-79.1.0,r.-79.1.0/r.-96.1.0,r.-96.1.0/r.-79.1.0,r.-79.1.0/r.-96.1.0,r.-96.1.0/r.-79.1.0,r.-96.1.0/r.-79.1.0,,,,,,,,,,,,,,,,,,,,,,,,,,,,,,,,,,,,,,,,,,,,,,,,,,,,,,,,,,,,,,,,,,,,,,,,,,,,,,,,,,,,,,,,,,,,,,,,,,,,,,,,,,,,,,,,,,,,,,,,,,,,,,,,
357,r.-79.1.0/r.-96.1.0,r.-79.1.0/r.-96.1.0,r.-79.1.0/r.-96.1.0,r.-79.1.0/r.-96.1.0,r.-79.1.0/r.-96.1.0,r.-96.1.0/r.-79.1.0,r.-96.1.0/r.-79.1.0,r.-96.1.0/r.-79.1.0,r.-96.1.0/r.-79.1.0,r.-96.1.0/r.-79.1.0,r.-96.1.0/r.-79.1.0,r.-79.1.0/r.-96.1.0,r.-96.1.0/r.-79.1.0,r.-79.1.0/r.-96.1.0,r.-79.1.0/r.-96.1.0,r.-96.1.0/r.-79.1.0,r.-79.1.0/r.-96.1.0,r.-96.1.0/r.-79.1.0,r.-96.1.0/r.-79.1.0,r.-96.1.0/r.-79.1.0,r.-79.1.0/r.-96.1.0,r.-96.1.0/r.-79.1.0,r.-96.1.0/r.-79.1.0,r.-96.1.0/r.-79.1.0,r.-96.1.0/r.-79.1.0,r.-96.1.0/r.-79.1.0,r.-96.1.0/r.-79.1.0,r.-96.1.0/r.-79.1.0,r.-96.1.0/r.-79.1.0,r.-96.1.0/r.-79.1.0,r.-79.1.0/r.-96.1.0,r.-79.1.0/r.-96.1.0,r.-96.1.0/r.-79.1.0,r.-79.1.0/r.-96.1.0,r.-79.1.0/r.-96.1.0,r.-96.1.0/r.-79.1.0,r.-79.1.0/r.-96.1.0,r.-79.1.0/r.-96.1.0,r.-79.1.0/r.-96.1.0,r.-79.1.0/r.-96.1.0,r.-79.1.0/r.-96.1.0,r.-79.1.0/r.-96.1.0,r.-96.1.0/r.-79.1.0,r.-79.1.0/r.-96.1.0,r.-79.1.0/r.-96.1.0,r.-79.1.0/r.-96.1.0,r.-96.1.0/r.-79.1.0,r.-79.1.0/r.-96.1.0,r.-79.1.0/r.-96.1.0,r.-96.1.0/r.-79.1.0,r.-79.1.0/r.-96.1.0,r.-96.1.0/r.-79.1.0,r.-96.1.0/r.-79.1.0,r.-79.1.0/r.-96.1.0,r.-79.1.0/r.-96.1.0,r.-96.1.0/r.-79.1.0,r.-79.1.0/r.-96.1.0,r.-79.1.0/r.-96.1.0,r.-96.1.0/r.-79.1.0,r.-96.1.0/r.-79.1.0,r.-96.1.0/r.-79.1.0,r.-79.1.0/r.-96.1.0,r.-96.1.0/r.-79.1.0,r.-96.1.0/r.-79.1.0,r.-96.1.0/r.-79.1.0,r.-96.1.0/r.-79.1.0,r.-96.1.0/r.-79.1.0,r.-96.1.0/r.-79.1.0,r.-96.1.0/r.-79.1.0,r.-79.1.0/r.-96.1.0,r.-79.1.0/r.-96.1.0,r.-96.1.0/r.-79.1.0,r.-79.1.0/r.-96.1.0,r.-79.1.0/r.-96.1.0,r.-96.1.0/r.-79.1.0,r.-96.1.0/r.-79.1.0,r.-79.1.0/r.-96.1.0,r.-96.1.0/r.-79.1.0,r.-96.1.0/r.-79.1.0,r.-79.1.0/r.-96.1.0,r.-79.1.0/r.-96.1.0,r.-79.1.0/r.-96.1.0,r.-79.1.0/r.-96.1.0,r.-96.1.0/r.-79.1.0,r.-79.1.0/r.-96.1.0,r.-79.1.0/r.-96.1.0,r.-96.1.0/r.-79.1.0,r.-96.1.0/r.-79.1.0,r.-79.1.0/r.-96.1.0,r.-96.1.0/r.-79.1.0,r.-96.1.0/r.-79.1.0,r.-96.1.0/r.-79.1.0,r.-96.1.0/r.-79.1.0,r.-96.1.0/r.-79.1.0,,,,,,,,,,,,,,,,,,,,,,,,,,,,,,,,,,,,,,,,,,,,,,,,,,,,,,,,,,,,,,,,,,,,,,,,,,,,,,,,,,,,,,,,,,,,,,,,,,,,,,,,,,,,,,,,,,,,,,,,,,,,,,,,
358,r.-79.1.0,r.-79.1.0,r.-79.1.0,r.-79.1.0,r.-79.1.0,r.-79.1.0,r.-79.1.0,r.-79.1.0,r.-79.1.0,r.-79.1.0,r.-79.1.0,r.-79.1.0,r.-79.1.0,r.-79.1.0,r.-79.1.0,r.-79.1.0,r.-79.1.0,r.-79.1.0,r.-79.1.0,r.-79.1.0,r.-79.1.0,r.-79.1.0,r.-79.1.0,r.-79.1.0,r.-79.1.0,r.-79.1.0,r.-79.1.0,r.-79.1.0,r.-79.1.0,r.-79.1.0,r.-79.1.0,r.-79.1.0,r.-79.1.0,r.-79.1.0,r.-79.1.0,r.-79.1.0,r.-79.1.0,r.-79.1.0,r.-79.1.0,r.-79.1.0,r.-79.1.0,r.-79.1.0,r.-79.1.0,r.-79.1.0,r.-79.1.0,r.-79.1.0,r.-79.1.0,r.-79.1.0,r.-79.1.0,r.-79.1.0,r.-79.1.0,r.-79.1.0,r.-79.1.0,r.-79.1.0,r.-79.1.0,r.-79.1.0,r.-79.1.0,r.-79.1.0,r.-79.1.0,r.-79.1.0,r.-79.1.0,r.-79.1.0,r.-79.1.0,r.-79.1.0,r.-79.1.0,r.-79.1.0,r.-79.1.0,r.-79.1.0,r.-79.1.0,r.-79.1.0,r.-79.1.0,r.-79.1.0,r.-79.1.0,r.-79.1.0,r.-79.1.0,r.-79.1.0,r.-79.1.0,r.-79.1.0,r.-79.1.0,r.-79.1.0,r.-79.1.0,r.-79.1.0,r.-79.1.0,r.-79.1.0,r.-79.1.0,r.-79.1.0,r.-79.1.0,r.-79.1.0,r.-79.1.0,r.-79.1.0,r.-79.1.0,r.-79.1.0,r.-79.1.0,r.-79.1.0,,,,,,,,,,,,,,,,,,,,,,,,,,,,,,,,,,,,,,,,,,,,,,,,,,,,,,,,,,,,,,,,,,,,,,,,,,,,,,,,,,,,,,,,,,,,,,,,,,,,,,,,,,,,,,,,,,,,,,,,,,,,,,,,
359,r.-79.1.0,r.-79.1.0,r.-79.1.0,r.-79.1.0,r.-79.1.0,r.-79.1.0,r.-79.1.0,r.-79.1.0,r.-79.1.0,r.-79.1.0,r.-79.1.0,r.-79.1.0,r.-79.1.0,r.-79.1.0,r.-79.1.0,r.-79.1.0,r.-79.1.0,r.-79.1.0,r.-79.1.0,r.-79.1.0,r.-79.1.0,r.-79.1.0,r.-79.1.0,r.-79.1.0,r.-79.1.0,r.-79.1.0,r.-79.1.0,r.-79.1.0,r.-79.1.0,r.-79.1.0,r.-79.1.0,r.-79.1.0,r.-79.1.0,r.-79.1.0,r.-79.1.0,r.-79.1.0,r.-79.1.0,r.-79.1.0,r.-79.1.0,r.-79.1.0,r.-79.1.0,r.-79.1.0,r.-79.1.0,r.-79.1.0,r.-79.1.0,r.-79.1.0,r.-79.1.0,r.-79.1.0,r.-79.1.0,r.-79.1.0,r.-79.1.0,r.-79.1.0,r.-79.1.0,r.-79.1.0,r.-79.1.0,r.-79.1.0,r.-79.1.0,r.-79.1.0,r.-79.1.0,r.-79.1.0,r.-79.1.0,r.-79.1.0,r.-79.1.0,r.-79.1.0,r.-79.1.0,r.-79.1.0,r.-79.1.0,r.-79.1.0,r.-79.1.0,r.-79.1.0,r.-79.1.0,r.-79.1.0,r.-79.1.0,r.-79.1.0,r.-79.1.0,r.-79.1.0,r.-79.1.0,r.-79.1.0,r.-79.1.0,r.-79.1.0,r.-79.1.0,r.-79.1.0,r.-79.1.0,r.-79.1.0,r.-79.1.0,r.-79.1.0,r.-79.1.0,r.-79.1.0,r.-79.1.0,r.-79.1.0,r.-79.1.0,r.-79.1.0,r.-79.1.0,r.-79.1.0,,,,,,,,,,,,,,,,,,,,,,,,,,,,,,,,,,,,,,,,,,,,,,,,,,,,,,,,,,,,,,,,,,,,,,,,,,,,,,,,,,,,,,,,,,,,,,,,,,,,,,,,,,,,,,,,,,,,,,,,,,,,,,,,
360,r.-79.1.0/r.-96.1.0,r.-79.1.0/r.-96.1.0,r.-96.1.0/r.-79.1.0,r.-96.1.0/r.-79.1.0,r.-96.1.0/r.-79.1.0,r.-96.1.0/r.-79.1.0,r.-96.1.0/r.-79.1.0,r.-96.1.0/r.-79.1.0,r.-79.1.0/r.-96.1.0,r.-96.1.0/r.-79.1.0,r.-96.1.0/r.-79.1.0,r.-96.1.0/r.-79.1.0,r.-79.1.0/r.-96.1.0,r.-96.1.0/r.-79.1.0,r.-79.1.0/r.-96.1.0,r.-96.1.0/r.-79.1.0,r.-79.1.0/r.-96.1.0,r.-96.1.0/r.-79.1.0,r.-79.1.0/r.-96.1.0,r.-96.1.0/r.-79.1.0,r.-79.1.0/r.-96.1.0,r.-96.1.0/r.-79.1.0,r.-79.1.0/r.-96.1.0,r.-96.1.0/r.-79.1.0,r.-79.1.0/r.-96.1.0,r.-96.1.0/r.-79.1.0,r.-96.1.0/r.-79.1.0,r.-79.1.0/r.-96.1.0,r.-96.1.0/r.-79.1.0,r.-96.1.0/r.-79.1.0,r.-79.1.0/r.-96.1.0,r.-96.1.0/r.-79.1.0,r.-96.1.0/r.-79.1.0,r.-79.1.0/r.-96.1.0,r.-96.1.0/r.-79.1.0,r.-79.1.0/r.-96.1.0,r.-79.1.0/r.-96.1.0,r.-79.1.0/r.-96.1.0,r.-96.1.0/r.-79.1.0,r.-96.1.0/r.-79.1.0,r.-96.1.0/r.-79.1.0,r.-79.1.0/r.-96.1.0,r.-96.1.0/r.-79.1.0,r.-96.1.0/r.-79.1.0,r.-96.1.0/r.-79.1.0,r.-96.1.0/r.-79.1.0,r.-96.1.0/r.-79.1.0,r.-96.1.0/r.-79.1.0,r.-96.1.0/r.-79.1.0,r.-79.1.0/r.-96.1.0,r.-96.1.0/r.-79.1.0,r.-96.1.0/r.-79.1.0,r.-96.1.0/r.-79.1.0,r.-96.1.0/r.-79.1.0,r.-79.1.0/r.-96.1.0,r.-96.1.0/r.-79.1.0,r.-96.1.0/r.-79.1.0,r.-79.1.0/r.-96.1.0,r.-96.1.0/r.-79.1.0,r.-96.1.0/r.-79.1.0,r.-96.1.0/r.-79.1.0,r.-79.1.0/r.-96.1.0,r.-79.1.0/r.-96.1.0,r.-79.1.0/r.-96.1.0,r.-96.1.0/r.-79.1.0,r.-79.1.0/r.-96.1.0,r.-79.1.0/r.-96.1.0,r.-79.1.0/r.-96.1.0,r.-79.1.0/r.-96.1.0,r.-79.1.0/r.-96.1.0,r.-79.1.0/r.-96.1.0,r.-79.1.0/r.-96.1.0,r.-79.1.0/r.-96.1.0,r.-79.1.0/r.-96.1.0,r.-79.1.0/r.-96.1.0,r.-79.1.0/r.-96.1.0,r.-96.1.0/r.-79.1.0,r.-79.1.0/r.-96.1.0,r.-96.1.0/r.-79.1.0,r.-96.1.0/r.-79.1.0,r.-79.1.0/r.-96.1.0,r.-96.1.0/r.-79.1.0,r.-96.1.0/r.-79.1.0,r.-79.1.0/r.-96.1.0,r.-79.1.0/r.-96.1.0,r.-96.1.0/r.-79.1.0,r.-79.1.0/r.-96.1.0,r.-79.1.0/r.-96.1.0,r.-79.1.0/r.-96.1.0,r.-96.1.0/r.-79.1.0,r.-79.1.0/r.-96.1.0,r.-79.1.0/r.-96.1.0,r.-79.1.0/r.-96.1.0,r.-96.1.0/r.-79.1.0,,,,,,,,,,,,,,,,,,,,,,,,,,,,,,,,,,,,,,,,,,,,,,,,,,,,,,,,,,,,,,,,,,,,,,,,,,,,,,,,,,,,,,,,,,,,,,,,,,,,,,,,,,,,,,,,,,,,,,,,,,,,,,,,
361,r.-96.1.0/r.-79.1.0,r.-96.1.0/r.-79.1.0,r.-96.1.0/r.-79.1.0,r.-79.1.0/r.-96.1.0,r.-79.1.0/r.-96.1.0,r.-79.1.0/r.-96.1.0,r.-96.1.0/r.-79.1.0,r.-79.1.0/r.-96.1.0,r.-79.1.0/r.-96.1.0,r.-96.1.0/r.-79.1.0,r.-79.1.0/r.-96.1.0,r.-79.1.0/r.-96.1.0,r.-79.1.0/r.-96.1.0,r.-79.1.0/r.-96.1.0,r.-79.1.0/r.-96.1.0,r.-96.1.0/r.-79.1.0,r.-79.1.0/r.-96.1.0,r.-96.1.0/r.-79.1.0,r.-79.1.0/r.-96.1.0,r.-79.1.0/r.-96.1.0,r.-96.1.0/r.-79.1.0,r.-79.1.0/r.-96.1.0,r.-79.1.0/r.-96.1.0,r.-96.1.0/r.-79.1.0,r.-96.1.0/r.-79.1.0,r.-96.1.0/r.-79.1.0,r.-96.1.0/r.-79.1.0,r.-79.1.0/r.-96.1.0,r.-96.1.0/r.-79.1.0,r.-79.1.0/r.-96.1.0,r.-79.1.0/r.-96.1.0,r.-96.1.0/r.-79.1.0,r.-79.1.0/r.-96.1.0,r.-96.1.0/r.-79.1.0,r.-96.1.0/r.-79.1.0,r.-79.1.0/r.-96.1.0,r.-96.1.0/r.-79.1.0,r.-79.1.0/r.-96.1.0,r.-79.1.0/r.-96.1.0,r.-96.1.0/r.-79.1.0,r.-79.1.0/r.-96.1.0,r.-79.1.0/r.-96.1.0,r.-96.1.0/r.-79.1.0,r.-96.1.0/r.-79.1.0,r.-79.1.0/r.-96.1.0,r.-79.1.0/r.-96.1.0,r.-96.1.0/r.-79.1.0,r.-79.1.0/r.-96.1.0,r.-96.1.0/r.-79.1.0,r.-96.1.0/r.-79.1.0,r.-96.1.0/r.-79.1.0,r.-79.1.0/r.-96.1.0,r.-96.1.0/r.-79.1.0,r.-79.1.0/r.-96.1.0,r.-96.1.0/r.-79.1.0,r.-79.1.0/r.-96.1.0,r.-79.1.0/r.-96.1.0,r.-79.1.0/r.-96.1.0,r.-79.1.0/r.-96.1.0,r.-96.1.0/r.-79.1.0,r.-96.1.0/r.-79.1.0,r.-96.1.0/r.-79.1.0,r.-96.1.0/r.-79.1.0,r.-96.1.0/r.-79.1.0,r.-96.1.0/r.-79.1.0,r.-79.1.0/r.-96.1.0,r.-96.1.0/r.-79.1.0,r.-79.1.0/r.-96.1.0,r.-79.1.0/r.-96.1.0,r.-79.1.0/r.-96.1.0,r.-79.1.0/r.-96.1.0,r.-79.1.0/r.-96.1.0,r.-79.1.0/r.-96.1.0,r.-79.1.0/r.-96.1.0,r.-79.1.0/r.-96.1.0,r.-79.1.0/r.-96.1.0,r.-96.1.0/r.-79.1.0,r.-96.1.0/r.-79.1.0,r.-96.1.0/r.-79.1.0,r.-96.1.0/r.-79.1.0,r.-96.1.0/r.-79.1.0,r.-79.1.0/r.-96.1.0,r.-96.1.0/r.-79.1.0,r.-96.1.0/r.-79.1.0,r.-96.1.0/r.-79.1.0,r.-79.1.0/r.-96.1.0,r.-79.1.0/r.-96.1.0,r.-96.1.0/r.-79.1.0,r.-96.1.0/r.-79.1.0,r.-79.1.0/r.-96.1.0,r.-79.1.0/r.-96.1.0,r.-96.1.0/r.-79.1.0,r.-96.1.0/r.-79.1.0,r.-96.1.0/r.-79.1.0,,,,,,,,,,,,,,,,,,,,,,,,,,,,,,,,,,,,,,,,,,,,,,,,,,,,,,,,,,,,,,,,,,,,,,,,,,,,,,,,,,,,,,,,,,,,,,,,,,,,,,,,,,,,,,,,,,,,,,,,,,,,,,,,
362,r.-79.1.0/r.-96.1.0,r.-79.1.0/r.-96.1.0,r.-79.1.0/r.-96.1.0,r.-96.1.0/r.-79.1.0,r.-96.1.0/r.-79.1.0,r.-96.1.0/r.-79.1.0,r.-79.1.0/r.-96.1.0,r.-96.1.0/r.-79.1.0,r.-79.1.0/r.-96.1.0,r.-96.1.0/r.-79.1.0,r.-79.1.0/r.-96.1.0,r.-96.1.0/r.-79.1.0,r.-79.1.0/r.-96.1.0,r.-96.1.0/r.-79.1.0,r.-79.1.0/r.-96.1.0,r.-96.1.0/r.-79.1.0,r.-79.1.0/r.-96.1.0,r.-79.1.0/r.-96.1.0,r.-79.1.0/r.-96.1.0,r.-79.1.0/r.-96.1.0,r.-96.1.0/r.-79.1.0,r.-96.1.0/r.-79.1.0,r.-96.1.0/r.-79.1.0,r.-79.1.0/r.-96.1.0,r.-79.1.0/r.-96.1.0,r.-79.1.0/r.-96.1.0,r.-96.1.0/r.-79.1.0,r.-79.1.0/r.-96.1.0,r.-96.1.0/r.-79.1.0,r.-96.1.0/r.-79.1.0,r.-96.1.0/r.-79.1.0,r.-79.1.0/r.-96.1.0,r.-79.1.0/r.-96.1.0,r.-79.1.0/r.-96.1.0,r.-79.1.0/r.-96.1.0,r.-79.1.0/r.-96.1.0,r.-96.1.0/r.-79.1.0,r.-96.1.0/r.-79.1.0,r.-96.1.0/r.-79.1.0,r.-96.1.0/r.-79.1.0,r.-96.1.0/r.-79.1.0,r.-79.1.0/r.-96.1.0,r.-96.1.0/r.-79.1.0,r.-96.1.0/r.-79.1.0,r.-79.1.0/r.-96.1.0,r.-79.1.0/r.-96.1.0,r.-79.1.0/r.-96.1.0,r.-79.1.0/r.-96.1.0,r.-79.1.0/r.-96.1.0,r.-79.1.0/r.-96.1.0,r.-79.1.0/r.-96.1.0,r.-96.1.0/r.-79.1.0,r.-79.1.0/r.-96.1.0,r.-96.1.0/r.-79.1.0,r.-79.1.0/r.-96.1.0,r.-96.1.0/r.-79.1.0,r.-79.1.0/r.-96.1.0,r.-96.1.0/r.-79.1.0,r.-96.1.0/r.-79.1.0,r.-79.1.0/r.-96.1.0,r.-79.1.0/r.-96.1.0,r.-96.1.0/r.-79.1.0,r.-79.1.0/r.-96.1.0,r.-79.1.0/r.-96.1.0,r.-96.1.0/r.-79.1.0,r.-79.1.0/r.-96.1.0,r.-96.1.0/r.-79.1.0,r.-79.1.0/r.-96.1.0,r.-79.1.0/r.-96.1.0,r.-79.1.0/r.-96.1.0,r.-79.1.0/r.-96.1.0,r.-96.1.0/r.-79.1.0,r.-79.1.0/r.-96.1.0,r.-79.1.0/r.-96.1.0,r.-79.1.0/r.-96.1.0,r.-96.1.0/r.-79.1.0,r.-79.1.0/r.-96.1.0,r.-79.1.0/r.-96.1.0,r.-96.1.0/r.-79.1.0,r.-96.1.0/r.-79.1.0,r.-79.1.0/r.-96.1.0,r.-79.1.0/r.-96.1.0,r.-79.1.0/r.-96.1.0,r.-79.1.0/r.-96.1.0,r.-96.1.0/r.-79.1.0,r.-79.1.0/r.-96.1.0,r.-79.1.0/r.-96.1.0,r.-79.1.0/r.-96.1.0,r.-79.1.0/r.-96.1.0,r.-96.1.0/r.-79.1.0,r.-79.1.0/r.-96.1.0,r.-79.1.0/r.-96.1.0,r.-96.1.0/r.-79.1.0,r.-96.1.0/r.-79.1.0,,,,,,,,,,,,,,,,,,,,,,,,,,,,,,,,,,,,,,,,,,,,,,,,,,,,,,,,,,,,,,,,,,,,,,,,,,,,,,,,,,,,,,,,,,,,,,,,,,,,,,,,,,,,,,,,,,,,,,,,,,,,,,,,
363,r.-79.1.0/r.-96.1.0,r.-79.1.0/r.-96.1.0,r.-79.1.0/r.-96.1.0,r.-96.1.0/r.-79.1.0,r.-96.1.0/r.-79.1.0,r.-79.1.0/r.-96.1.0,r.-79.1.0/r.-96.1.0,r.-79.1.0/r.-96.1.0,r.-79.1.0/r.-96.1.0,r.-79.1.0/r.-96.1.0,r.-96.1.0/r.-79.1.0,r.-96.1.0/r.-79.1.0,r.-79.1.0/r.-96.1.0,r.-96.1.0/r.-79.1.0,r.-96.1.0/r.-79.1.0,r.-79.1.0/r.-96.1.0,r.-96.1.0/r.-79.1.0,r.-79.1.0/r.-96.1.0,r.-96.1.0/r.-79.1.0,r.-79.1.0/r.-96.1.0,r.-96.1.0/r.-79.1.0,r.-79.1.0/r.-96.1.0,r.-96.1.0/r.-79.1.0,r.-79.1.0/r.-96.1.0,r.-96.1.0/r.-79.1.0,r.-96.1.0/r.-79.1.0,r.-79.1.0/r.-96.1.0,r.-79.1.0/r.-96.1.0,r.-79.1.0/r.-96.1.0,r.-96.1.0/r.-79.1.0,r.-96.1.0/r.-79.1.0,r.-79.1.0/r.-96.1.0,r.-79.1.0/r.-96.1.0,r.-96.1.0/r.-79.1.0,r.-96.1.0/r.-79.1.0,r.-96.1.0/r.-79.1.0,r.-96.1.0/r.-79.1.0,r.-79.1.0/r.-96.1.0,r.-79.1.0/r.-96.1.0,r.-96.1.0/r.-79.1.0,r.-79.1.0/r.-96.1.0,r.-79.1.0/r.-96.1.0,r.-96.1.0/r.-79.1.0,r.-79.1.0/r.-96.1.0,r.-96.1.0/r.-79.1.0,r.-96.1.0/r.-79.1.0,r.-96.1.0/r.-79.1.0,r.-96.1.0/r.-79.1.0,r.-96.1.0/r.-79.1.0,r.-79.1.0/r.-96.1.0,r.-79.1.0/r.-96.1.0,r.-79.1.0/r.-96.1.0,r.-79.1.0/r.-96.1.0,r.-96.1.0/r.-79.1.0,r.-79.1.0/r.-96.1.0,r.-96.1.0/r.-79.1.0,r.-96.1.0/r.-79.1.0,r.-96.1.0/r.-79.1.0,r.-79.1.0/r.-96.1.0,r.-79.1.0/r.-96.1.0,r.-79.1.0/r.-96.1.0,r.-79.1.0/r.-96.1.0,r.-79.1.0/r.-96.1.0,r.-79.1.0/r.-96.1.0,r.-79.1.0/r.-96.1.0,r.-79.1.0/r.-96.1.0,r.-79.1.0/r.-96.1.0,r.-79.1.0/r.-96.1.0,r.-79.1.0/r.-96.1.0,r.-79.1.0/r.-96.1.0,r.-96.1.0/r.-79.1.0,r.-96.1.0/r.-79.1.0,r.-96.1.0/r.-79.1.0,r.-79.1.0/r.-96.1.0,r.-79.1.0/r.-96.1.0,r.-79.1.0/r.-96.1.0,r.-96.1.0/r.-79.1.0,r.-96.1.0/r.-79.1.0,r.-79.1.0/r.-96.1.0,r.-96.1.0/r.-79.1.0,r.-79.1.0/r.-96.1.0,r.-79.1.0/r.-96.1.0,r.-79.1.0/r.-96.1.0,r.-79.1.0/r.-96.1.0,r.-96.1.0/r.-79.1.0,r.-79.1.0/r.-96.1.0,r.-96.1.0/r.-79.1.0,r.-96.1.0/r.-79.1.0,r.-96.1.0/r.-79.1.0,r.-79.1.0/r.-96.1.0,r.-96.1.0/r.-79.1.0,r.-79.1.0/r.-96.1.0,r.-79.1.0/r.-96.1.0,r.-96.1.0/r.-79.1.0,,,,,,,,,,,,,,,,,,,,,,,,,,,,,,,,,,,,,,,,,,,,,,,,,,,,,,,,,,,,,,,,,,,,,,,,,,,,,,,,,,,,,,,,,,,,,,,,,,,,,,,,,,,,,,,,,,,,,,,,,,,,,,,,
364,r.-79.1.0,r.-79.1.0,r.-79.1.0,r.-79.1.0,r.-79.1.0,r.-79.1.0,r.-79.1.0,r.-79.1.0,r.-79.1.0,r.-79.1.0,r.-79.1.0,r.-79.1.0,r.-79.1.0,r.-79.1.0,r.-79.1.0,r.-79.1.0,r.-79.1.0,r.-79.1.0,r.-79.1.0,r.-79.1.0,r.-79.1.0,r.-79.1.0,r.-79.1.0,r.-79.1.0,r.-79.1.0,r.-79.1.0,r.-79.1.0,r.-79.1.0,r.-79.1.0,r.-79.1.0,r.-79.1.0,r.-79.1.0,r.-79.1.0,r.-79.1.0,r.-79.1.0,r.-79.1.0,r.-79.1.0,r.-79.1.0,r.-79.1.0,r.-79.1.0,r.-79.1.0,r.-79.1.0,r.-79.1.0,r.-79.1.0,r.-79.1.0,r.-79.1.0,r.-79.1.0,r.-79.1.0,r.-79.1.0,r.-79.1.0,r.-79.1.0,r.-79.1.0,r.-79.1.0,r.-79.1.0,r.-79.1.0,r.-79.1.0,r.-79.1.0,r.-79.1.0,r.-79.1.0,r.-79.1.0,r.-79.1.0,r.-79.1.0,r.-79.1.0,r.-79.1.0,r.-79.1.0,r.-79.1.0,r.-79.1.0,r.-79.1.0,r.-79.1.0,r.-79.1.0,r.-79.1.0,r.-79.1.0,r.-79.1.0,r.-79.1.0,r.-79.1.0,r.-79.1.0,r.-79.1.0,r.-79.1.0,r.-79.1.0,r.-79.1.0,r.-79.1.0,r.-79.1.0,r.-79.1.0,r.-79.1.0,r.-79.1.0,r.-79.1.0,r.-79.1.0,r.-79.1.0,r.-79.1.0,r.-79.1.0,r.-79.1.0,r.-79.1.0,r.-79.1.0,r.-79.1.0,,,,,,,,,,,,,,,,,,,,,,,,,,,,,,,,,,,,,,,,,,,,,,,,,,,,,,,,,,,,,,,,,,,,,,,,,,,,,,,,,,,,,,,,,,,,,,,,,,,,,,,,,,,,,,,,,,,,,,,,,,,,,,,,
365,r.-79.1.0,r.-79.1.0,r.-79.1.0,r.-79.1.0,r.-79.1.0,r.-79.1.0,r.-79.1.0,r.-79.1.0,r.-79.1.0,r.-79.1.0,r.-79.1.0,r.-79.1.0,r.-79.1.0,r.-79.1.0,r.-79.1.0,r.-79.1.0,r.-79.1.0,r.-79.1.0,r.-79.1.0,r.-79.1.0,r.-79.1.0,r.-79.1.0,r.-79.1.0,r.-79.1.0,r.-79.1.0,r.-79.1.0,r.-79.1.0,r.-79.1.0,r.-79.1.0,r.-79.1.0,r.-79.1.0,r.-79.1.0,r.-79.1.0,r.-79.1.0,r.-79.1.0,r.-79.1.0,r.-79.1.0,r.-79.1.0,r.-79.1.0,r.-79.1.0,r.-79.1.0,r.-79.1.0,r.-79.1.0,r.-79.1.0,r.-79.1.0,r.-79.1.0,r.-79.1.0,r.-79.1.0,r.-79.1.0,r.-79.1.0,r.-79.1.0,r.-79.1.0,r.-79.1.0,r.-79.1.0,r.-79.1.0,r.-79.1.0,r.-79.1.0,r.-79.1.0,r.-79.1.0,r.-79.1.0,r.-79.1.0,r.-79.1.0,r.-79.1.0,r.-79.1.0,r.-79.1.0,r.-79.1.0,r.-79.1.0,r.-79.1.0,r.-79.1.0,r.-79.1.0,r.-79.1.0,r.-79.1.0,r.-79.1.0,r.-79.1.0,r.-79.1.0,r.-79.1.0,r.-79.1.0,r.-79.1.0,r.-79.1.0,r.-79.1.0,r.-79.1.0,r.-79.1.0,r.-79.1.0,r.-79.1.0,r.-79.1.0,r.-79.1.0,r.-79.1.0,r.-79.1.0,r.-79.1.0,r.-79.1.0,r.-79.1.0,r.-79.1.0,r.-79.1.0,r.-79.1.0,,,,,,,,,,,,,,,,,,,,,,,,,,,,,,,,,,,,,,,,,,,,,,,,,,,,,,,,,,,,,,,,,,,,,,,,,,,,,,,,,,,,,,,,,,,,,,,,,,,,,,,,,,,,,,,,,,,,,,,,,,,,,,,,
366,r.-96.1.0,r.-96.1.0,r.-96.1.0,r.-96.1.0,r.-96.1.0,r.-96.1.0,r.-96.1.0,r.-96.1.0,r.-96.1.0,r.-96.1.0,r.-96.1.0,r.-96.1.0,r.-96.1.0,r.-96.1.0,r.-96.1.0,r.-96.1.0,r.-96.1.0,r.-96.1.0,r.-96.1.0,r.-96.1.0,r.-96.1.0,r.-96.1.0,r.-96.1.0,r.-96.1.0,r.-96.1.0,r.-96.1.0,r.-96.1.0,r.-96.1.0,r.-96.1.0,r.-96.1.0,r.-96.1.0,r.-96.1.0,r.-96.1.0,r.-96.1.0,r.-96.1.0,r.-96.1.0,r.-96.1.0,r.-96.1.0,r.-96.1.0,r.-96.1.0,r.-96.1.0,r.-96.1.0,r.-96.1.0,r.-96.1.0,r.-96.1.0,r.-96.1.0,r.-96.1.0,r.-96.1.0,r.-96.1.0,r.-96.1.0,r.-96.1.0,r.-96.1.0,r.-96.1.0,r.-96.1.0,r.-96.1.0,r.-96.1.0,r.-96.1.0,r.-96.1.0,r.-96.1.0,r.-96.1.0,r.-96.1.0,r.-96.1.0,r.-96.1.0,r.-96.1.0,r.-96.1.0,r.-96.1.0,r.-96.1.0,r.-96.1.0,r.-96.1.0,r.-96.1.0,r.-96.1.0,r.-96.1.0,r.-96.1.0,r.-96.1.0,r.-96.1.0,r.-96.1.0,r.-96.1.0,r.-96.1.0,r.-96.1.0,r.-96.1.0,r.-96.1.0,r.-96.1.0,r.-96.1.0,r.-96.1.0,r.-96.1.0,r.-96.1.0,r.-96.1.0,r.-96.1.0,r.-96.1.0,r.-96.1.0,r.-96.1.0,r.-96.1.0,r.-96.1.0,r.-96.1.0,,,,,,,,,,,,,,,,,,,,,,,,,,,,,,,,,,,,,,,,,,,,,,,,,,,,,,,,,,,,,,,,,,,,,,,,,,,,,,,,,,,,,,,,,,,,,,,,,,,,,,,,,,,,,,,,,,,,,,,,,,,,,,,,
367,r.-96.1.0,r.-96.1.0,r.-96.1.0,r.-96.1.0,r.-96.1.0,r.-96.1.0,r.-96.1.0,r.-96.1.0,r.-96.1.0,r.-96.1.0,r.-96.1.0,r.-96.1.0,r.-96.1.0,r.-96.1.0,r.-96.1.0,r.-96.1.0,r.-96.1.0,r.-96.1.0,r.-96.1.0,r.-96.1.0,r.-96.1.0,r.-96.1.0,r.-96.1.0,r.-96.1.0,r.-96.1.0,r.-96.1.0,r.-96.1.0,r.-96.1.0,r.-96.1.0,r.-96.1.0,r.-96.1.0,r.-96.1.0,r.-96.1.0,r.-96.1.0,r.-96.1.0,r.-96.1.0,r.-96.1.0,r.-96.1.0,r.-96.1.0,r.-96.1.0,r.-96.1.0,r.-96.1.0,r.-96.1.0,r.-96.1.0,r.-96.1.0,r.-96.1.0,r.-96.1.0,r.-96.1.0,r.-96.1.0,r.-96.1.0,r.-96.1.0,r.-96.1.0,r.-96.1.0,r.-96.1.0,r.-96.1.0,r.-96.1.0,r.-96.1.0,r.-96.1.0,r.-96.1.0,r.-96.1.0,r.-96.1.0,r.-96.1.0,r.-96.1.0,r.-96.1.0,r.-96.1.0,r.-96.1.0,r.-96.1.0,r.-96.1.0,r.-96.1.0,r.-96.1.0,r.-96.1.0,r.-96.1.0,r.-96.1.0,r.-96.1.0,r.-96.1.0,r.-96.1.0,r.-96.1.0,r.-96.1.0,r.-96.1.0,r.-96.1.0,r.-96.1.0,r.-96.1.0,r.-96.1.0,r.-96.1.0,r.-96.1.0,r.-96.1.0,r.-96.1.0,r.-96.1.0,r.-96.1.0,r.-96.1.0,r.-96.1.0,r.-96.1.0,r.-96.1.0,r.-96.1.0,,,,,,,,,,,,,,,,,,,,,,,,,,,,,,,,,,,,,,,,,,,,,,,,,,,,,,,,,,,,,,,,,,,,,,,,,,,,,,,,,,,,,,,,,,,,,,,,,,,,,,,,,,,,,,,,,,,,,,,,,,,,,,,,
368,r.-79.1.0/r.-96.1.0,r.-79.1.0/r.-96.1.0,r.-96.1.0/r.-79.1.0,r.-79.1.0/r.-96.1.0,r.-96.1.0/r.-79.1.0,r.-96.1.0/r.-79.1.0,r.-79.1.0/r.-96.1.0,r.-96.1.0/r.-79.1.0,r.-79.1.0/r.-96.1.0,r.-96.1.0/r.-79.1.0,r.-96.1.0/r.-79.1.0,r.-79.1.0/r.-96.1.0,r.-79.1.0/r.-96.1.0,r.-96.1.0/r.-79.1.0,r.-96.1.0/r.-79.1.0,r.-79.1.0/r.-96.1.0,r.-79.1.0/r.-96.1.0,r.-96.1.0/r.-79.1.0,r.-96.1.0/r.-79.1.0,r.-96.1.0/r.-79.1.0,r.-79.1.0/r.-96.1.0,r.-79.1.0/r.-96.1.0,r.-96.1.0/r.-79.1.0,r.-79.1.0/r.-96.1.0,r.-96.1.0/r.-79.1.0,r.-96.1.0/r.-79.1.0,r.-96.1.0/r.-79.1.0,r.-79.1.0/r.-96.1.0,r.-96.1.0/r.-79.1.0,r.-96.1.0/r.-79.1.0,r.-79.1.0/r.-96.1.0,r.-96.1.0/r.-79.1.0,r.-96.1.0/r.-79.1.0,r.-96.1.0/r.-79.1.0,r.-79.1.0/r.-96.1.0,r.-96.1.0/r.-79.1.0,r.-79.1.0/r.-96.1.0,r.-96.1.0/r.-79.1.0,r.-79.1.0/r.-96.1.0,r.-79.1.0/r.-96.1.0,r.-96.1.0/r.-79.1.0,r.-79.1.0/r.-96.1.0,r.-79.1.0/r.-96.1.0,r.-96.1.0/r.-79.1.0,r.-96.1.0/r.-79.1.0,r.-79.1.0/r.-96.1.0,r.-79.1.0/r.-96.1.0,r.-79.1.0/r.-96.1.0,r.-79.1.0/r.-96.1.0,r.-96.1.0/r.-79.1.0,r.-79.1.0/r.-96.1.0,r.-79.1.0/r.-96.1.0,r.-79.1.0/r.-96.1.0,r.-96.1.0/r.-79.1.0,r.-79.1.0/r.-96.1.0,r.-79.1.0/r.-96.1.0,r.-96.1.0/r.-79.1.0,r.-96.1.0/r.-79.1.0,r.-96.1.0/r.-79.1.0,r.-79.1.0/r.-96.1.0,r.-79.1.0/r.-96.1.0,r.-79.1.0/r.-96.1.0,r.-96.1.0/r.-79.1.0,r.-79.1.0/r.-96.1.0,r.-96.1.0/r.-79.1.0,r.-79.1.0/r.-96.1.0,r.-79.1.0/r.-96.1.0,r.-96.1.0/r.-79.1.0,r.-96.1.0/r.-79.1.0,r.-96.1.0/r.-79.1.0,r.-79.1.0/r.-96.1.0,r.-79.1.0/r.-96.1.0,r.-96.1.0/r.-79.1.0,r.-79.1.0/r.-96.1.0,r.-79.1.0/r.-96.1.0,r.-96.1.0/r.-79.1.0,r.-96.1.0/r.-79.1.0,r.-79.1.0/r.-96.1.0,r.-79.1.0/r.-96.1.0,r.-79.1.0/r.-96.1.0,r.-96.1.0/r.-79.1.0,r.-96.1.0/r.-79.1.0,r.-96.1.0/r.-79.1.0,r.-79.1.0/r.-96.1.0,r.-96.1.0/r.-79.1.0,r.-79.1.0/r.-96.1.0,r.-96.1.0/r.-79.1.0,r.-79.1.0/r.-96.1.0,r.-96.1.0/r.-79.1.0,r.-96.1.0/r.-79.1.0,r.-79.1.0/r.-96.1.0,r.-96.1.0/r.-79.1.0,r.-79.1.0/r.-96.1.0,r.-96.1.0/r.-79.1.0,,,,,,,,,,,,,,,,,,,,,,,,,,,,,,,,,,,,,,,,,,,,,,,,,,,,,,,,,,,,,,,,,,,,,,,,,,,,,,,,,,,,,,,,,,,,,,,,,,,,,,,,,,,,,,,,,,,,,,,,,,,,,,,,
369,r.-96.1.0/r.-79.1.0,r.-96.1.0/r.-79.1.0,r.-96.1.0/r.-79.1.0,r.-96.1.0/r.-79.1.0,r.-96.1.0/r.-79.1.0,r.-79.1.0/r.-96.1.0,r.-96.1.0/r.-79.1.0,r.-79.1.0/r.-96.1.0,r.-96.1.0/r.-79.1.0,r.-96.1.0/r.-79.1.0,r.-79.1.0/r.-96.1.0,r.-79.1.0/r.-96.1.0,r.-79.1.0/r.-96.1.0,r.-79.1.0/r.-96.1.0,r.-79.1.0/r.-96.1.0,r.-79.1.0/r.-96.1.0,r.-96.1.0/r.-79.1.0,r.-79.1.0/r.-96.1.0,r.-79.1.0/r.-96.1.0,r.-79.1.0/r.-96.1.0,r.-96.1.0/r.-79.1.0,r.-79.1.0/r.-96.1.0,r.-79.1.0/r.-96.1.0,r.-96.1.0/r.-79.1.0,r.-96.1.0/r.-79.1.0,r.-79.1.0/r.-96.1.0,r.-96.1.0/r.-79.1.0,r.-96.1.0/r.-79.1.0,r.-79.1.0/r.-96.1.0,r.-79.1.0/r.-96.1.0,r.-96.1.0/r.-79.1.0,r.-96.1.0/r.-79.1.0,r.-96.1.0/r.-79.1.0,r.-96.1.0/r.-79.1.0,r.-96.1.0/r.-79.1.0,r.-96.1.0/r.-79.1.0,r.-79.1.0/r.-96.1.0,r.-96.1.0/r.-79.1.0,r.-79.1.0/r.-96.1.0,r.-96.1.0/r.-79.1.0,r.-96.1.0/r.-79.1.0,r.-96.1.0/r.-79.1.0,r.-79.1.0/r.-96.1.0,r.-96.1.0/r.-79.1.0,r.-79.1.0/r.-96.1.0,r.-96.1.0/r.-79.1.0,r.-79.1.0/r.-96.1.0,r.-79.1.0/r.-96.1.0,r.-79.1.0/r.-96.1.0,r.-79.1.0/r.-96.1.0,r.-79.1.0/r.-96.1.0,r.-79.1.0/r.-96.1.0,r.-79.1.0/r.-96.1.0,r.-79.1.0/r.-96.1.0,r.-79.1.0/r.-96.1.0,r.-96.1.0/r.-79.1.0,r.-96.1.0/r.-79.1.0,r.-96.1.0/r.-79.1.0,r.-79.1.0/r.-96.1.0,r.-79.1.0/r.-96.1.0,r.-96.1.0/r.-79.1.0,r.-96.1.0/r.-79.1.0,r.-96.1.0/r.-79.1.0,r.-79.1.0/r.-96.1.0,r.-96.1.0/r.-79.1.0,r.-96.1.0/r.-79.1.0,r.-96.1.0/r.-79.1.0,r.-79.1.0/r.-96.1.0,r.-79.1.0/r.-96.1.0,r.-96.1.0/r.-79.1.0,r.-96.1.0/r.-79.1.0,r.-96.1.0/r.-79.1.0,r.-79.1.0/r.-96.1.0,r.-79.1.0/r.-96.1.0,r.-96.1.0/r.-79.1.0,r.-79.1.0/r.-96.1.0,r.-79.1.0/r.-96.1.0,r.-96.1.0/r.-79.1.0,r.-79.1.0/r.-96.1.0,r.-96.1.0/r.-79.1.0,r.-79.1.0/r.-96.1.0,r.-79.1.0/r.-96.1.0,r.-96.1.0/r.-79.1.0,r.-79.1.0/r.-96.1.0,r.-79.1.0/r.-96.1.0,r.-79.1.0/r.-96.1.0,r.-96.1.0/r.-79.1.0,r.-96.1.0/r.-79.1.0,r.-96.1.0/r.-79.1.0,r.-79.1.0/r.-96.1.0,r.-96.1.0/r.-79.1.0,r.-96.1.0/r.-79.1.0,r.-79.1.0/r.-96.1.0,r.-79.1.0/r.-96.1.0,,,,,,,,,,,,,,,,,,,,,,,,,,,,,,,,,,,,,,,,,,,,,,,,,,,,,,,,,,,,,,,,,,,,,,,,,,,,,,,,,,,,,,,,,,,,,,,,,,,,,,,,,,,,,,,,,,,,,,,,,,,,,,,,
370,r.-79.1.0,r.-79.1.0,r.-79.1.0,r.-79.1.0,r.-79.1.0,r.-79.1.0,r.-79.1.0,r.-79.1.0,r.-79.1.0,r.-79.1.0,r.-79.1.0,r.-79.1.0,r.-79.1.0,r.-79.1.0,r.-79.1.0,r.-79.1.0,r.-79.1.0,r.-79.1.0,r.-79.1.0,r.-79.1.0,r.-79.1.0,r.-79.1.0,r.-79.1.0,r.-79.1.0,r.-79.1.0,r.-79.1.0,r.-79.1.0,r.-79.1.0,r.-79.1.0,r.-79.1.0,r.-79.1.0,r.-79.1.0,r.-79.1.0,r.-79.1.0,r.-79.1.0,r.-79.1.0,r.-79.1.0,r.-79.1.0,r.-79.1.0,r.-79.1.0,r.-79.1.0,r.-79.1.0,r.-79.1.0,r.-79.1.0,r.-79.1.0,r.-79.1.0,r.-79.1.0,r.-79.1.0,r.-79.1.0,r.-79.1.0,r.-79.1.0,r.-79.1.0,r.-79.1.0,r.-79.1.0,r.-79.1.0,r.-79.1.0,r.-79.1.0,r.-79.1.0,r.-79.1.0,r.-79.1.0,r.-79.1.0,r.-79.1.0,r.-79.1.0,r.-79.1.0,r.-79.1.0,r.-79.1.0,r.-79.1.0,r.-79.1.0,r.-79.1.0,r.-79.1.0,r.-79.1.0,r.-79.1.0,r.-79.1.0,r.-79.1.0,r.-79.1.0,r.-79.1.0,r.-79.1.0,r.-79.1.0,r.-79.1.0,r.-79.1.0,r.-79.1.0,r.-79.1.0,r.-79.1.0,r.-79.1.0,r.-79.1.0,r.-79.1.0,r.-79.1.0,r.-79.1.0,r.-79.1.0,r.-79.1.0,r.-79.1.0,r.-79.1.0,r.-79.1.0,r.-79.1.0,,,,,,,,,,,,,,,,,,,,,,,,,,,,,,,,,,,,,,,,,,,,,,,,,,,,,,,,,,,,,,,,,,,,,,,,,,,,,,,,,,,,,,,,,,,,,,,,,,,,,,,,,,,,,,,,,,,,,,,,,,,,,,,,
371,r.-79.1.0/r.-96.1.0,r.-79.1.0/r.-96.1.0,r.-79.1.0/r.-96.1.0,r.-96.1.0/r.-79.1.0,r.-79.1.0/r.-96.1.0,r.-96.1.0/r.-79.1.0,r.-96.1.0/r.-79.1.0,r.-96.1.0/r.-79.1.0,r.-79.1.0/r.-96.1.0,r.-96.1.0/r.-79.1.0,r.-96.1.0/r.-79.1.0,r.-96.1.0/r.-79.1.0,r.-96.1.0/r.-79.1.0,r.-96.1.0/r.-79.1.0,r.-79.1.0/r.-96.1.0,r.-79.1.0/r.-96.1.0,r.-79.1.0/r.-96.1.0,r.-96.1.0/r.-79.1.0,r.-96.1.0/r.-79.1.0,r.-96.1.0/r.-79.1.0,r.-96.1.0/r.-79.1.0,r.-79.1.0/r.-96.1.0,r.-79.1.0/r.-96.1.0,r.-96.1.0/r.-79.1.0,r.-79.1.0/r.-96.1.0,r.-96.1.0/r.-79.1.0,r.-96.1.0/r.-79.1.0,r.-79.1.0/r.-96.1.0,r.-79.1.0/r.-96.1.0,r.-79.1.0/r.-96.1.0,r.-96.1.0/r.-79.1.0,r.-96.1.0/r.-79.1.0,r.-96.1.0/r.-79.1.0,r.-79.1.0/r.-96.1.0,r.-96.1.0/r.-79.1.0,r.-79.1.0/r.-96.1.0,r.-79.1.0/r.-96.1.0,r.-96.1.0/r.-79.1.0,r.-96.1.0/r.-79.1.0,r.-79.1.0/r.-96.1.0,r.-96.1.0/r.-79.1.0,r.-96.1.0/r.-79.1.0,r.-96.1.0/r.-79.1.0,r.-96.1.0/r.-79.1.0,r.-79.1.0/r.-96.1.0,r.-96.1.0/r.-79.1.0,r.-96.1.0/r.-79.1.0,r.-96.1.0/r.-79.1.0,r.-96.1.0/r.-79.1.0,r.-79.1.0/r.-96.1.0,r.-96.1.0/r.-79.1.0,r.-79.1.0/r.-96.1.0,r.-96.1.0/r.-79.1.0,r.-96.1.0/r.-79.1.0,r.-79.1.0/r.-96.1.0,r.-96.1.0/r.-79.1.0,r.-79.1.0/r.-96.1.0,r.-96.1.0/r.-79.1.0,r.-96.1.0/r.-79.1.0,r.-79.1.0/r.-96.1.0,r.-96.1.0/r.-79.1.0,r.-96.1.0/r.-79.1.0,r.-79.1.0/r.-96.1.0,r.-96.1.0/r.-79.1.0,r.-96.1.0/r.-79.1.0,r.-79.1.0/r.-96.1.0,r.-79.1.0/r.-96.1.0,r.-79.1.0/r.-96.1.0,r.-96.1.0/r.-79.1.0,r.-79.1.0/r.-96.1.0,r.-96.1.0/r.-79.1.0,r.-79.1.0/r.-96.1.0,r.-96.1.0/r.-79.1.0,r.-79.1.0/r.-96.1.0,r.-96.1.0/r.-79.1.0,r.-96.1.0/r.-79.1.0,r.-96.1.0/r.-79.1.0,r.-79.1.0/r.-96.1.0,r.-96.1.0/r.-79.1.0,r.-96.1.0/r.-79.1.0,r.-96.1.0/r.-79.1.0,r.-79.1.0/r.-96.1.0,r.-79.1.0/r.-96.1.0,r.-96.1.0/r.-79.1.0,r.-96.1.0/r.-79.1.0,r.-96.1.0/r.-79.1.0,r.-79.1.0/r.-96.1.0,r.-79.1.0/r.-96.1.0,r.-79.1.0/r.-96.1.0,r.-96.1.0/r.-79.1.0,r.-96.1.0/r.-79.1.0,r.-96.1.0/r.-79.1.0,r.-79.1.0/r.-96.1.0,r.-96.1.0/r.-79.1.0,,,,,,,,,,,,,,,,,,,,,,,,,,,,,,,,,,,,,,,,,,,,,,,,,,,,,,,,,,,,,,,,,,,,,,,,,,,,,,,,,,,,,,,,,,,,,,,,,,,,,,,,,,,,,,,,,,,,,,,,,,,,,,,,
372,r.-79.1.0,r.-79.1.0,r.-79.1.0,r.-79.1.0,r.-79.1.0,r.-79.1.0,r.-79.1.0,r.-79.1.0,r.-79.1.0,r.-79.1.0,r.-79.1.0,r.-79.1.0,r.-79.1.0,r.-79.1.0,r.-79.1.0,r.-79.1.0,r.-79.1.0,r.-79.1.0,r.-79.1.0,r.-79.1.0,r.-79.1.0,r.-79.1.0,r.-79.1.0,r.-79.1.0,r.-79.1.0,r.-79.1.0,r.-79.1.0,r.-79.1.0,r.-79.1.0,r.-79.1.0,r.-79.1.0,r.-79.1.0,r.-79.1.0,r.-79.1.0,r.-79.1.0,r.-79.1.0,r.-79.1.0,r.-79.1.0,r.-79.1.0,r.-79.1.0,r.-79.1.0,r.-79.1.0,r.-79.1.0,r.-79.1.0,r.-79.1.0,r.-79.1.0,r.-79.1.0,r.-79.1.0,r.-79.1.0,r.-79.1.0,r.-79.1.0,r.-79.1.0,r.-79.1.0,r.-79.1.0,r.-79.1.0,r.-79.1.0,r.-79.1.0,r.-79.1.0,r.-79.1.0,r.-79.1.0,r.-79.1.0,r.-79.1.0,r.-79.1.0,r.-79.1.0,r.-79.1.0,r.-79.1.0,r.-79.1.0,r.-79.1.0,r.-79.1.0,r.-79.1.0,r.-79.1.0,r.-79.1.0,r.-79.1.0,r.-79.1.0,r.-79.1.0,r.-79.1.0,r.-79.1.0,r.-79.1.0,r.-79.1.0,r.-79.1.0,r.-79.1.0,r.-79.1.0,r.-79.1.0,r.-79.1.0,r.-79.1.0,r.-79.1.0,r.-79.1.0,r.-79.1.0,r.-79.1.0,r.-79.1.0,r.-79.1.0,r.-79.1.0,r.-79.1.0,r.-79.1.0,,,,,,,,,,,,,,,,,,,,,,,,,,,,,,,,,,,,,,,,,,,,,,,,,,,,,,,,,,,,,,,,,,,,,,,,,,,,,,,,,,,,,,,,,,,,,,,,,,,,,,,,,,,,,,,,,,,,,,,,,,,,,,,,
373,r.-96.1.0/r.-79.1.0,r.-96.1.0/r.-79.1.0,r.-96.1.0/r.-79.1.0,r.-79.1.0/r.-96.1.0,r.-79.1.0/r.-96.1.0,r.-79.1.0/r.-96.1.0,r.-79.1.0/r.-96.1.0,r.-96.1.0/r.-79.1.0,r.-79.1.0/r.-96.1.0,r.-79.1.0/r.-96.1.0,r.-79.1.0/r.-96.1.0,r.-96.1.0/r.-79.1.0,r.-79.1.0/r.-96.1.0,r.-96.1.0/r.-79.1.0,r.-79.1.0/r.-96.1.0,r.-79.1.0/r.-96.1.0,r.-96.1.0/r.-79.1.0,r.-79.1.0/r.-96.1.0,r.-96.1.0/r.-79.1.0,r.-79.1.0/r.-96.1.0,r.-79.1.0/r.-96.1.0,r.-96.1.0/r.-79.1.0,r.-96.1.0/r.-79.1.0,r.-79.1.0/r.-96.1.0,r.-96.1.0/r.-79.1.0,r.-96.1.0/r.-79.1.0,r.-96.1.0/r.-79.1.0,r.-79.1.0/r.-96.1.0,r.-96.1.0/r.-79.1.0,r.-96.1.0/r.-79.1.0,r.-96.1.0/r.-79.1.0,r.-79.1.0/r.-96.1.0,r.-79.1.0/r.-96.1.0,r.-96.1.0/r.-79.1.0,r.-96.1.0/r.-79.1.0,r.-79.1.0/r.-96.1.0,r.-96.1.0/r.-79.1.0,r.-79.1.0/r.-96.1.0,r.-96.1.0/r.-79.1.0,r.-96.1.0/r.-79.1.0,r.-79.1.0/r.-96.1.0,r.-79.1.0/r.-96.1.0,r.-96.1.0/r.-79.1.0,r.-96.1.0/r.-79.1.0,r.-79.1.0/r.-96.1.0,r.-79.1.0/r.-96.1.0,r.-96.1.0/r.-79.1.0,r.-79.1.0/r.-96.1.0,r.-79.1.0/r.-96.1.0,r.-96.1.0/r.-79.1.0,r.-96.1.0/r.-79.1.0,r.-79.1.0/r.-96.1.0,r.-96.1.0/r.-79.1.0,r.-96.1.0/r.-79.1.0,r.-79.1.0/r.-96.1.0,r.-96.1.0/r.-79.1.0,r.-79.1.0/r.-96.1.0,r.-96.1.0/r.-79.1.0,r.-96.1.0/r.-79.1.0,r.-96.1.0/r.-79.1.0,r.-79.1.0/r.-96.1.0,r.-96.1.0/r.-79.1.0,r.-79.1.0/r.-96.1.0,r.-96.1.0/r.-79.1.0,r.-79.1.0/r.-96.1.0,r.-79.1.0/r.-96.1.0,r.-96.1.0/r.-79.1.0,r.-96.1.0/r.-79.1.0,r.-96.1.0/r.-79.1.0,r.-79.1.0/r.-96.1.0,r.-96.1.0/r.-79.1.0,r.-79.1.0/r.-96.1.0,r.-79.1.0/r.-96.1.0,r.-79.1.0/r.-96.1.0,r.-96.1.0/r.-79.1.0,r.-79.1.0/r.-96.1.0,r.-79.1.0/r.-96.1.0,r.-79.1.0/r.-96.1.0,r.-96.1.0/r.-79.1.0,r.-79.1.0/r.-96.1.0,r.-96.1.0/r.-79.1.0,r.-96.1.0/r.-79.1.0,r.-79.1.0/r.-96.1.0,r.-79.1.0/r.-96.1.0,r.-79.1.0/r.-96.1.0,r.-79.1.0/r.-96.1.0,r.-96.1.0/r.-79.1.0,r.-96.1.0/r.-79.1.0,r.-79.1.0/r.-96.1.0,r.-96.1.0/r.-79.1.0,r.-96.1.0/r.-79.1.0,r.-96.1.0/r.-79.1.0,r.-79.1.0/r.-96.1.0,r.-96.1.0/r.-79.1.0,,,,,,,,,,,,,,,,,,,,,,,,,,,,,,,,,,,,,,,,,,,,,,,,,,,,,,,,,,,,,,,,,,,,,,,,,,,,,,,,,,,,,,,,,,,,,,,,,,,,,,,,,,,,,,,,,,,,,,,,,,,,,,,,
374,r.-79.1.0,r.-79.1.0,r.-79.1.0,r.-79.1.0,r.-79.1.0,r.-79.1.0,r.-79.1.0,r.-79.1.0,r.-79.1.0,r.-79.1.0,r.-79.1.0,r.-79.1.0,r.-79.1.0,r.-79.1.0,r.-79.1.0,r.-79.1.0,r.-79.1.0,r.-79.1.0,r.-79.1.0,r.-79.1.0,r.-79.1.0,r.-79.1.0,r.-79.1.0,r.-79.1.0,r.-79.1.0,r.-79.1.0,r.-79.1.0,r.-79.1.0,r.-79.1.0,r.-79.1.0,r.-79.1.0,r.-79.1.0,r.-79.1.0,r.-79.1.0,r.-79.1.0,r.-79.1.0,r.-79.1.0,r.-79.1.0,r.-79.1.0,r.-79.1.0,r.-79.1.0,r.-79.1.0,r.-79.1.0,r.-79.1.0,r.-79.1.0,r.-79.1.0,r.-79.1.0,r.-79.1.0,r.-79.1.0,r.-79.1.0,r.-79.1.0,r.-79.1.0,r.-79.1.0,r.-79.1.0,r.-79.1.0,r.-79.1.0,r.-79.1.0,r.-79.1.0,r.-79.1.0,r.-79.1.0,r.-79.1.0,r.-79.1.0,r.-79.1.0,r.-79.1.0,r.-79.1.0,r.-79.1.0,r.-79.1.0,r.-79.1.0,r.-79.1.0,r.-79.1.0,r.-79.1.0,r.-79.1.0,r.-79.1.0,r.-79.1.0,r.-79.1.0,r.-79.1.0,r.-79.1.0,r.-79.1.0,r.-79.1.0,r.-79.1.0,r.-79.1.0,r.-79.1.0,r.-79.1.0,r.-79.1.0,r.-79.1.0,r.-79.1.0,r.-79.1.0,r.-79.1.0,r.-79.1.0,r.-79.1.0,r.-79.1.0,r.-79.1.0,r.-79.1.0,r.-79.1.0,,,,,,,,,,,,,,,,,,,,,,,,,,,,,,,,,,,,,,,,,,,,,,,,,,,,,,,,,,,,,,,,,,,,,,,,,,,,,,,,,,,,,,,,,,,,,,,,,,,,,,,,,,,,,,,,,,,,,,,,,,,,,,,,
375,r.-79.1.0,r.-79.1.0,r.-79.1.0,r.-79.1.0,r.-79.1.0,r.-79.1.0,r.-79.1.0,r.-79.1.0,r.-79.1.0,r.-79.1.0,r.-79.1.0,r.-79.1.0,r.-79.1.0,r.-79.1.0,r.-79.1.0,r.-79.1.0,r.-79.1.0,r.-79.1.0,r.-79.1.0,r.-79.1.0,r.-79.1.0,r.-79.1.0,r.-79.1.0,r.-79.1.0,r.-79.1.0,r.-79.1.0,r.-79.1.0,r.-79.1.0,r.-79.1.0,r.-79.1.0,r.-79.1.0,r.-79.1.0,r.-79.1.0,r.-79.1.0,r.-79.1.0,r.-79.1.0,r.-79.1.0,r.-79.1.0,r.-79.1.0,r.-79.1.0,r.-79.1.0,r.-79.1.0,r.-79.1.0,r.-79.1.0,r.-79.1.0,r.-79.1.0,r.-79.1.0,r.-79.1.0,r.-79.1.0,r.-79.1.0,r.-79.1.0,r.-79.1.0,r.-79.1.0,r.-79.1.0,r.-79.1.0,r.-79.1.0,r.-79.1.0,r.-79.1.0,r.-79.1.0,r.-79.1.0,r.-79.1.0,r.-79.1.0,r.-79.1.0,r.-79.1.0,r.-79.1.0,r.-79.1.0,r.-79.1.0,r.-79.1.0,r.-79.1.0,r.-79.1.0,r.-79.1.0,r.-79.1.0,r.-79.1.0,r.-79.1.0,r.-79.1.0,r.-79.1.0,r.-79.1.0,r.-79.1.0,r.-79.1.0,r.-79.1.0,r.-79.1.0,r.-79.1.0,r.-79.1.0,r.-79.1.0,r.-79.1.0,r.-79.1.0,r.-79.1.0,r.-79.1.0,r.-79.1.0,r.-79.1.0,r.-79.1.0,r.-79.1.0,r.-79.1.0,r.-79.1.0,,,,,,,,,,,,,,,,,,,,,,,,,,,,,,,,,,,,,,,,,,,,,,,,,,,,,,,,,,,,,,,,,,,,,,,,,,,,,,,,,,,,,,,,,,,,,,,,,,,,,,,,,,,,,,,,,,,,,,,,,,,,,,,,
376,r.-79.1.0,r.-79.1.0,r.-79.1.0,r.-79.1.0,r.-79.1.0,r.-79.1.0,r.-79.1.0,r.-79.1.0,r.-79.1.0,r.-79.1.0,r.-79.1.0,r.-79.1.0,r.-79.1.0,r.-79.1.0,r.-79.1.0,r.-79.1.0,r.-79.1.0,r.-79.1.0,r.-79.1.0,r.-79.1.0,r.-79.1.0,r.-79.1.0,r.-79.1.0,r.-79.1.0,r.-79.1.0,r.-79.1.0,r.-79.1.0,r.-79.1.0,r.-79.1.0,r.-79.1.0,r.-79.1.0,r.-79.1.0,r.-79.1.0,r.-79.1.0,r.-79.1.0,r.-79.1.0,r.-79.1.0,r.-79.1.0,r.-79.1.0,r.-79.1.0,r.-79.1.0,r.-79.1.0,r.-79.1.0,r.-79.1.0,r.-79.1.0,r.-79.1.0,r.-79.1.0,r.-79.1.0,r.-79.1.0,r.-79.1.0,r.-79.1.0,r.-79.1.0,r.-79.1.0,r.-79.1.0,r.-79.1.0,r.-79.1.0,r.-79.1.0,r.-79.1.0,r.-79.1.0,r.-79.1.0,r.-79.1.0,r.-79.1.0,r.-79.1.0,r.-79.1.0,r.-79.1.0,r.-79.1.0,r.-79.1.0,r.-79.1.0,r.-79.1.0,r.-79.1.0,r.-79.1.0,r.-79.1.0,r.-79.1.0,r.-79.1.0,r.-79.1.0,r.-79.1.0,r.-79.1.0,r.-79.1.0,r.-79.1.0,r.-79.1.0,r.-79.1.0,r.-79.1.0,r.-79.1.0,r.-79.1.0,r.-79.1.0,r.-79.1.0,r.-79.1.0,r.-79.1.0,r.-79.1.0,r.-79.1.0,r.-79.1.0,r.-79.1.0,r.-79.1.0,r.-79.1.0,,,,,,,,,,,,,,,,,,,,,,,,,,,,,,,,,,,,,,,,,,,,,,,,,,,,,,,,,,,,,,,,,,,,,,,,,,,,,,,,,,,,,,,,,,,,,,,,,,,,,,,,,,,,,,,,,,,,,,,,,,,,,,,,
377,r.-79.1.0,r.-79.1.0,r.-79.1.0,r.-79.1.0,r.-79.1.0,r.-79.1.0,r.-79.1.0,r.-79.1.0,r.-79.1.0,r.-79.1.0,r.-79.1.0,r.-79.1.0,r.-79.1.0,r.-79.1.0,r.-79.1.0,r.-79.1.0,r.-79.1.0,r.-79.1.0,r.-79.1.0,r.-79.1.0,r.-79.1.0,r.-79.1.0,r.-79.1.0,r.-79.1.0,r.-79.1.0,r.-79.1.0,r.-79.1.0,r.-79.1.0,r.-79.1.0,r.-79.1.0,r.-79.1.0,r.-79.1.0,r.-79.1.0,r.-79.1.0,r.-79.1.0,r.-79.1.0,r.-79.1.0,r.-79.1.0,r.-79.1.0,r.-79.1.0,r.-79.1.0,r.-79.1.0,r.-79.1.0,r.-79.1.0,r.-79.1.0,r.-79.1.0,r.-79.1.0,r.-79.1.0,r.-79.1.0,r.-79.1.0,r.-79.1.0,r.-79.1.0,r.-79.1.0,r.-79.1.0,r.-79.1.0,r.-79.1.0,r.-79.1.0,r.-79.1.0,r.-79.1.0,r.-79.1.0,r.-79.1.0,r.-79.1.0,r.-79.1.0,r.-79.1.0,r.-79.1.0,r.-79.1.0,r.-79.1.0,r.-79.1.0,r.-79.1.0,r.-79.1.0,r.-79.1.0,r.-79.1.0,r.-79.1.0,r.-79.1.0,r.-79.1.0,r.-79.1.0,r.-79.1.0,r.-79.1.0,r.-79.1.0,r.-79.1.0,r.-79.1.0,r.-79.1.0,r.-79.1.0,r.-79.1.0,r.-79.1.0,r.-79.1.0,r.-79.1.0,r.-79.1.0,r.-79.1.0,r.-79.1.0,r.-79.1.0,r.-79.1.0,r.-79.1.0,r.-79.1.0,,,,,,,,,,,,,,,,,,,,,,,,,,,,,,,,,,,,,,,,,,,,,,,,,,,,,,,,,,,,,,,,,,,,,,,,,,,,,,,,,,,,,,,,,,,,,,,,,,,,,,,,,,,,,,,,,,,,,,,,,,,,,,,,
378,r.-79.1.0,r.-79.1.0,r.-79.1.0,r.-79.1.0,r.-79.1.0,r.-79.1.0,r.-79.1.0,r.-79.1.0,r.-79.1.0,r.-79.1.0,r.-79.1.0,r.-79.1.0,r.-79.1.0,r.-79.1.0,r.-79.1.0,r.-79.1.0,r.-79.1.0,r.-79.1.0,r.-79.1.0,r.-79.1.0,r.-79.1.0,r.-79.1.0,r.-79.1.0,r.-79.1.0,r.-79.1.0,r.-79.1.0,r.-79.1.0,r.-79.1.0,r.-79.1.0,r.-79.1.0,r.-79.1.0,r.-79.1.0,r.-79.1.0,r.-79.1.0,r.-79.1.0,r.-79.1.0,r.-79.1.0,r.-79.1.0,r.-79.1.0,r.-79.1.0,r.-79.1.0,r.-79.1.0,r.-79.1.0,r.-79.1.0,r.-79.1.0,r.-79.1.0,r.-79.1.0,r.-79.1.0,r.-79.1.0,r.-79.1.0,r.-79.1.0,r.-79.1.0,r.-79.1.0,r.-79.1.0,r.-79.1.0,r.-79.1.0,r.-79.1.0,r.-79.1.0,r.-79.1.0,r.-79.1.0,r.-79.1.0,r.-79.1.0,r.-79.1.0,r.-79.1.0,r.-79.1.0,r.-79.1.0,r.-79.1.0,r.-79.1.0,r.-79.1.0,r.-79.1.0,r.-79.1.0,r.-79.1.0,r.-79.1.0,r.-79.1.0,r.-79.1.0,r.-79.1.0,r.-79.1.0,r.-79.1.0,r.-79.1.0,r.-79.1.0,r.-79.1.0,r.-79.1.0,r.-79.1.0,r.-79.1.0,r.-79.1.0,r.-79.1.0,r.-79.1.0,r.-79.1.0,r.-79.1.0,r.-79.1.0,r.-79.1.0,r.-79.1.0,r.-79.1.0,r.-79.1.0,,,,,,,,,,,,,,,,,,,,,,,,,,,,,,,,,,,,,,,,,,,,,,,,,,,,,,,,,,,,,,,,,,,,,,,,,,,,,,,,,,,,,,,,,,,,,,,,,,,,,,,,,,,,,,,,,,,,,,,,,,,,,,,,
379,r.-79.1.0,r.-79.1.0,r.-79.1.0,r.-79.1.0,r.-79.1.0,r.-79.1.0,r.-79.1.0,r.-79.1.0,r.-79.1.0,r.-79.1.0,r.-79.1.0,r.-79.1.0,r.-79.1.0,r.-79.1.0,r.-79.1.0,r.-79.1.0,r.-79.1.0,r.-79.1.0,r.-79.1.0,r.-79.1.0,r.-79.1.0,r.-79.1.0,r.-79.1.0,r.-79.1.0,r.-79.1.0,r.-79.1.0,r.-79.1.0,r.-79.1.0,r.-79.1.0,r.-79.1.0,r.-79.1.0,r.-79.1.0,r.-79.1.0,r.-79.1.0,r.-79.1.0,r.-79.1.0,r.-79.1.0,r.-79.1.0,r.-79.1.0,r.-79.1.0,r.-79.1.0,r.-79.1.0,r.-79.1.0,r.-79.1.0,r.-79.1.0,r.-79.1.0,r.-79.1.0,r.-79.1.0,r.-79.1.0,r.-79.1.0,r.-79.1.0,r.-79.1.0,r.-79.1.0,r.-79.1.0,r.-79.1.0,r.-79.1.0,r.-79.1.0,r.-79.1.0,r.-79.1.0,r.-79.1.0,r.-79.1.0,r.-79.1.0,r.-79.1.0,r.-79.1.0,r.-79.1.0,r.-79.1.0,r.-79.1.0,r.-79.1.0,r.-79.1.0,r.-79.1.0,r.-79.1.0,r.-79.1.0,r.-79.1.0,r.-79.1.0,r.-79.1.0,r.-79.1.0,r.-79.1.0,r.-79.1.0,r.-79.1.0,r.-79.1.0,r.-79.1.0,r.-79.1.0,r.-79.1.0,r.-79.1.0,r.-79.1.0,r.-79.1.0,r.-79.1.0,r.-79.1.0,r.-79.1.0,r.-79.1.0,r.-79.1.0,r.-79.1.0,r.-79.1.0,r.-79.1.0,,,,,,,,,,,,,,,,,,,,,,,,,,,,,,,,,,,,,,,,,,,,,,,,,,,,,,,,,,,,,,,,,,,,,,,,,,,,,,,,,,,,,,,,,,,,,,,,,,,,,,,,,,,,,,,,,,,,,,,,,,,,,,,,
380,r.-79.1.0,r.-79.1.0,r.-79.1.0,r.-79.1.0,r.-79.1.0,r.-79.1.0,r.-79.1.0,r.-79.1.0,r.-79.1.0,r.-79.1.0,r.-79.1.0,r.-79.1.0,r.-79.1.0,r.-79.1.0,r.-79.1.0,r.-79.1.0,r.-79.1.0,r.-79.1.0,r.-79.1.0,r.-79.1.0,r.-79.1.0,r.-79.1.0,r.-79.1.0,r.-79.1.0,r.-79.1.0,r.-79.1.0,r.-79.1.0,r.-79.1.0,r.-79.1.0,r.-79.1.0,r.-79.1.0,r.-79.1.0,r.-79.1.0,r.-79.1.0,r.-79.1.0,r.-79.1.0,r.-79.1.0,r.-79.1.0,r.-79.1.0,r.-79.1.0,r.-79.1.0,r.-79.1.0,r.-79.1.0,r.-79.1.0,r.-79.1.0,r.-79.1.0,r.-79.1.0,r.-79.1.0,r.-79.1.0,r.-79.1.0,r.-79.1.0,r.-79.1.0,r.-79.1.0,r.-79.1.0,r.-79.1.0,r.-79.1.0,r.-79.1.0,r.-79.1.0,r.-79.1.0,r.-79.1.0,r.-79.1.0,r.-79.1.0,r.-79.1.0,r.-79.1.0,r.-79.1.0,r.-79.1.0,r.-79.1.0,r.-79.1.0,r.-79.1.0,r.-79.1.0,r.-79.1.0,r.-79.1.0,r.-79.1.0,r.-79.1.0,r.-79.1.0,r.-79.1.0,r.-79.1.0,r.-79.1.0,r.-79.1.0,r.-79.1.0,r.-79.1.0,r.-79.1.0,r.-79.1.0,r.-79.1.0,r.-79.1.0,r.-79.1.0,r.-79.1.0,r.-79.1.0,r.-79.1.0,r.-79.1.0,r.-79.1.0,r.-79.1.0,r.-79.1.0,r.-79.1.0,,,,,,,,,,,,,,,,,,,,,,,,,,,,,,,,,,,,,,,,,,,,,,,,,,,,,,,,,,,,,,,,,,,,,,,,,,,,,,,,,,,,,,,,,,,,,,,,,,,,,,,,,,,,,,,,,,,,,,,,,,,,,,,,
381,r.-79.1.0,r.-79.1.0,r.-79.1.0,r.-79.1.0,r.-79.1.0,r.-79.1.0,r.-79.1.0,r.-79.1.0,r.-79.1.0,r.-79.1.0,r.-79.1.0,r.-79.1.0,r.-79.1.0,r.-79.1.0,r.-79.1.0,r.-79.1.0,r.-79.1.0,r.-79.1.0,r.-79.1.0,r.-79.1.0,r.-79.1.0,r.-79.1.0,r.-79.1.0,r.-79.1.0,r.-79.1.0,r.-79.1.0,r.-79.1.0,r.-79.1.0,r.-79.1.0,r.-79.1.0,r.-79.1.0,r.-79.1.0,r.-79.1.0,r.-79.1.0,r.-79.1.0,r.-79.1.0,r.-79.1.0,r.-79.1.0,r.-79.1.0,r.-79.1.0,r.-79.1.0,r.-79.1.0,r.-79.1.0,r.-79.1.0,r.-79.1.0,r.-79.1.0,r.-79.1.0,r.-79.1.0,r.-79.1.0,r.-79.1.0,r.-79.1.0,r.-79.1.0,r.-79.1.0,r.-79.1.0,r.-79.1.0,r.-79.1.0,r.-79.1.0,r.-79.1.0,r.-79.1.0,r.-79.1.0,r.-79.1.0,r.-79.1.0,r.-79.1.0,r.-79.1.0,r.-79.1.0,r.-79.1.0,r.-79.1.0,r.-79.1.0,r.-79.1.0,r.-79.1.0,r.-79.1.0,r.-79.1.0,r.-79.1.0,r.-79.1.0,r.-79.1.0,r.-79.1.0,r.-79.1.0,r.-79.1.0,r.-79.1.0,r.-79.1.0,r.-79.1.0,r.-79.1.0,r.-79.1.0,r.-79.1.0,r.-79.1.0,r.-79.1.0,r.-79.1.0,r.-79.1.0,r.-79.1.0,r.-79.1.0,r.-79.1.0,r.-79.1.0,r.-79.1.0,r.-79.1.0,,,,,,,,,,,,,,,,,,,,,,,,,,,,,,,,,,,,,,,,,,,,,,,,,,,,,,,,,,,,,,,,,,,,,,,,,,,,,,,,,,,,,,,,,,,,,,,,,,,,,,,,,,,,,,,,,,,,,,,,,,,,,,,,
382,r.-79.1.0,r.-79.1.0,r.-79.1.0,r.-79.1.0,r.-79.1.0,r.-79.1.0,r.-79.1.0,r.-79.1.0,r.-79.1.0,r.-79.1.0,r.-79.1.0,r.-79.1.0,r.-79.1.0,r.-79.1.0,r.-79.1.0,r.-79.1.0,r.-79.1.0,r.-79.1.0,r.-79.1.0,r.-79.1.0,r.-79.1.0,r.-79.1.0,r.-79.1.0,r.-79.1.0,r.-79.1.0,r.-79.1.0,r.-79.1.0,r.-79.1.0,r.-79.1.0,r.-79.1.0,r.-79.1.0,r.-79.1.0,r.-79.1.0,r.-79.1.0,r.-79.1.0,r.-79.1.0,r.-79.1.0,r.-79.1.0,r.-79.1.0,r.-79.1.0,r.-79.1.0,r.-79.1.0,r.-79.1.0,r.-79.1.0,r.-79.1.0,r.-79.1.0,r.-79.1.0,r.-79.1.0,r.-79.1.0,r.-79.1.0,r.-79.1.0,r.-79.1.0,r.-79.1.0,r.-79.1.0,r.-79.1.0,r.-79.1.0,r.-79.1.0,r.-79.1.0,r.-79.1.0,r.-79.1.0,r.-79.1.0,r.-79.1.0,r.-79.1.0,r.-79.1.0,r.-79.1.0,r.-79.1.0,r.-79.1.0,r.-79.1.0,r.-79.1.0,r.-79.1.0,r.-79.1.0,r.-79.1.0,r.-79.1.0,r.-79.1.0,r.-79.1.0,r.-79.1.0,r.-79.1.0,r.-79.1.0,r.-79.1.0,r.-79.1.0,r.-79.1.0,r.-79.1.0,r.-79.1.0,r.-79.1.0,r.-79.1.0,r.-79.1.0,r.-79.1.0,r.-79.1.0,r.-79.1.0,r.-79.1.0,r.-79.1.0,r.-79.1.0,r.-79.1.0,r.-79.1.0,,,,,,,,,,,,,,,,,,,,,,,,,,,,,,,,,,,,,,,,,,,,,,,,,,,,,,,,,,,,,,,,,,,,,,,,,,,,,,,,,,,,,,,,,,,,,,,,,,,,,,,,,,,,,,,,,,,,,,,,,,,,,,,,
383,r.-79.1.0,r.-79.1.0,r.-79.1.0,r.-79.1.0,r.-79.1.0,r.-79.1.0,r.-79.1.0,r.-79.1.0,r.-79.1.0,r.-79.1.0,r.-79.1.0,r.-79.1.0,r.-79.1.0,r.-79.1.0,r.-79.1.0,r.-79.1.0,r.-79.1.0,r.-79.1.0,r.-79.1.0,r.-79.1.0,r.-79.1.0,r.-79.1.0,r.-79.1.0,r.-79.1.0,r.-79.1.0,r.-79.1.0,r.-79.1.0,r.-79.1.0,r.-79.1.0,r.-79.1.0,r.-79.1.0,r.-79.1.0,r.-79.1.0,r.-79.1.0,r.-79.1.0,r.-79.1.0,r.-79.1.0,r.-79.1.0,r.-79.1.0,r.-79.1.0,r.-79.1.0,r.-79.1.0,r.-79.1.0,r.-79.1.0,r.-79.1.0,r.-79.1.0,r.-79.1.0,r.-79.1.0,r.-79.1.0,r.-79.1.0,r.-79.1.0,r.-79.1.0,r.-79.1.0,r.-79.1.0,r.-79.1.0,r.-79.1.0,r.-79.1.0,r.-79.1.0,r.-79.1.0,r.-79.1.0,r.-79.1.0,r.-79.1.0,r.-79.1.0,r.-79.1.0,r.-79.1.0,r.-79.1.0,r.-79.1.0,r.-79.1.0,r.-79.1.0,r.-79.1.0,r.-79.1.0,r.-79.1.0,r.-79.1.0,r.-79.1.0,r.-79.1.0,r.-79.1.0,r.-79.1.0,r.-79.1.0,r.-79.1.0,r.-79.1.0,r.-79.1.0,r.-79.1.0,r.-79.1.0,r.-79.1.0,r.-79.1.0,r.-79.1.0,r.-79.1.0,r.-79.1.0,r.-79.1.0,r.-79.1.0,r.-79.1.0,r.-79.1.0,r.-79.1.0,r.-79.1.0,,,,,,,,,,,,,,,,,,,,,,,,,,,,,,,,,,,,,,,,,,,,,,,,,,,,,,,,,,,,,,,,,,,,,,,,,,,,,,,,,,,,,,,,,,,,,,,,,,,,,,,,,,,,,,,,,,,,,,,,,,,,,,,,
384,r.-79.1.0,r.-79.1.0,r.-79.1.0,r.-79.1.0,r.-79.1.0,r.-79.1.0,r.-79.1.0,r.-79.1.0,r.-79.1.0,r.-79.1.0,r.-79.1.0,r.-79.1.0,r.-79.1.0,r.-79.1.0,r.-79.1.0,r.-79.1.0,r.-79.1.0,r.-79.1.0,r.-79.1.0,r.-79.1.0,r.-79.1.0,r.-79.1.0,r.-79.1.0,r.-79.1.0,r.-79.1.0,r.-79.1.0,r.-79.1.0,r.-79.1.0,r.-79.1.0,r.-79.1.0,r.-79.1.0,r.-79.1.0,r.-79.1.0,r.-79.1.0,r.-79.1.0,r.-79.1.0,r.-79.1.0,r.-79.1.0,r.-79.1.0,r.-79.1.0,r.-79.1.0,r.-79.1.0,r.-79.1.0,r.-79.1.0,r.-79.1.0,r.-79.1.0,r.-79.1.0,r.-79.1.0,r.-79.1.0,r.-79.1.0,r.-79.1.0,r.-79.1.0,r.-79.1.0,r.-79.1.0,r.-79.1.0,r.-79.1.0,r.-79.1.0,r.-79.1.0,r.-79.1.0,r.-79.1.0,r.-79.1.0,r.-79.1.0,r.-79.1.0,r.-79.1.0,r.-79.1.0,r.-79.1.0,r.-79.1.0,r.-79.1.0,r.-79.1.0,r.-79.1.0,r.-79.1.0,r.-79.1.0,r.-79.1.0,r.-79.1.0,r.-79.1.0,r.-79.1.0,r.-79.1.0,r.-79.1.0,r.-79.1.0,r.-79.1.0,r.-79.1.0,r.-79.1.0,r.-79.1.0,r.-79.1.0,r.-79.1.0,r.-79.1.0,r.-79.1.0,r.-79.1.0,r.-79.1.0,r.-79.1.0,r.-79.1.0,r.-79.1.0,r.-79.1.0,r.-79.1.0,,,,,,,,,,,,,,,,,,,,,,,,,,,,,,,,,,,,,,,,,,,,,,,,,,,,,,,,,,,,,,,,,,,,,,,,,,,,,,,,,,,,,,,,,,,,,,,,,,,,,,,,,,,,,,,,,,,,,,,,,,,,,,,,
385,r.-79.1.0,r.-79.1.0,r.-79.1.0,r.-79.1.0,r.-79.1.0,r.-79.1.0,r.-79.1.0,r.-79.1.0,r.-79.1.0,r.-79.1.0,r.-79.1.0,r.-79.1.0,r.-79.1.0,r.-79.1.0,r.-79.1.0,r.-79.1.0,r.-79.1.0,r.-79.1.0,r.-79.1.0,r.-79.1.0,r.-79.1.0,r.-79.1.0,r.-79.1.0,r.-79.1.0,r.-79.1.0,r.-79.1.0,r.-79.1.0,r.-79.1.0,r.-79.1.0,r.-79.1.0,r.-79.1.0,r.-79.1.0,r.-79.1.0,r.-79.1.0,r.-79.1.0,r.-79.1.0,r.-79.1.0,r.-79.1.0,r.-79.1.0,r.-79.1.0,r.-79.1.0,r.-79.1.0,r.-79.1.0,r.-79.1.0,r.-79.1.0,r.-79.1.0,r.-79.1.0,r.-79.1.0,r.-79.1.0,r.-79.1.0,r.-79.1.0,r.-79.1.0,r.-79.1.0,r.-79.1.0,r.-79.1.0,r.-79.1.0,r.-79.1.0,r.-79.1.0,r.-79.1.0,r.-79.1.0,r.-79.1.0,r.-79.1.0,r.-79.1.0,r.-79.1.0,r.-79.1.0,r.-79.1.0,r.-79.1.0,r.-79.1.0,r.-79.1.0,r.-79.1.0,r.-79.1.0,r.-79.1.0,r.-79.1.0,r.-79.1.0,r.-79.1.0,r.-79.1.0,r.-79.1.0,r.-79.1.0,r.-79.1.0,r.-79.1.0,r.-79.1.0,r.-79.1.0,r.-79.1.0,r.-79.1.0,r.-79.1.0,r.-79.1.0,r.-79.1.0,r.-79.1.0,r.-79.1.0,r.-79.1.0,r.-79.1.0,r.-79.1.0,r.-79.1.0,r.-79.1.0,,,,,,,,,,,,,,,,,,,,,,,,,,,,,,,,,,,,,,,,,,,,,,,,,,,,,,,,,,,,,,,,,,,,,,,,,,,,,,,,,,,,,,,,,,,,,,,,,,,,,,,,,,,,,,,,,,,,,,,,,,,,,,,,
386,r.-79.1.0,r.-79.1.0,r.-79.1.0,r.-79.1.0,r.-79.1.0,r.-79.1.0,r.-79.1.0,r.-79.1.0,r.-79.1.0,r.-79.1.0,r.-79.1.0,r.-79.1.0,r.-79.1.0,r.-79.1.0,r.-79.1.0,r.-79.1.0,r.-79.1.0,r.-79.1.0,r.-79.1.0,r.-79.1.0,r.-79.1.0,r.-79.1.0,r.-79.1.0,r.-79.1.0,r.-79.1.0,r.-79.1.0,r.-79.1.0,r.-79.1.0,r.-79.1.0,r.-79.1.0,r.-79.1.0,r.-79.1.0,r.-79.1.0,r.-79.1.0,r.-79.1.0,r.-79.1.0,r.-79.1.0,r.-79.1.0,r.-79.1.0,r.-79.1.0,r.-79.1.0,r.-79.1.0,r.-79.1.0,r.-79.1.0,r.-79.1.0,r.-79.1.0,r.-79.1.0,r.-79.1.0,r.-79.1.0,r.-79.1.0,r.-79.1.0,r.-79.1.0,r.-79.1.0,r.-79.1.0,r.-79.1.0,r.-79.1.0,r.-79.1.0,r.-79.1.0,r.-79.1.0,r.-79.1.0,r.-79.1.0,r.-79.1.0,r.-79.1.0,r.-79.1.0,r.-79.1.0,r.-79.1.0,r.-79.1.0,r.-79.1.0,r.-79.1.0,r.-79.1.0,r.-79.1.0,r.-79.1.0,r.-79.1.0,r.-79.1.0,r.-79.1.0,r.-79.1.0,r.-79.1.0,r.-79.1.0,r.-79.1.0,r.-79.1.0,r.-79.1.0,r.-79.1.0,r.-79.1.0,r.-79.1.0,r.-79.1.0,r.-79.1.0,r.-79.1.0,r.-79.1.0,r.-79.1.0,r.-79.1.0,r.-79.1.0,r.-79.1.0,r.-79.1.0,r.-79.1.0,,,,,,,,,,,,,,,,,,,,,,,,,,,,,,,,,,,,,,,,,,,,,,,,,,,,,,,,,,,,,,,,,,,,,,,,,,,,,,,,,,,,,,,,,,,,,,,,,,,,,,,,,,,,,,,,,,,,,,,,,,,,,,,,
387,r.-79.1.0,r.-79.1.0,r.-79.1.0,r.-79.1.0,r.-79.1.0,r.-79.1.0,r.-79.1.0,r.-79.1.0,r.-79.1.0,r.-79.1.0,r.-79.1.0,r.-79.1.0,r.-79.1.0,r.-79.1.0,r.-79.1.0,r.-79.1.0,r.-79.1.0,r.-79.1.0,r.-79.1.0,r.-79.1.0,r.-79.1.0,r.-79.1.0,r.-79.1.0,r.-79.1.0,r.-79.1.0,r.-79.1.0,r.-79.1.0,r.-79.1.0,r.-79.1.0,r.-79.1.0,r.-79.1.0,r.-79.1.0,r.-79.1.0,r.-79.1.0,r.-79.1.0,r.-79.1.0,r.-79.1.0,r.-79.1.0,r.-79.1.0,r.-79.1.0,r.-79.1.0,r.-79.1.0,r.-79.1.0,r.-79.1.0,r.-79.1.0,r.-79.1.0,r.-79.1.0,r.-79.1.0,r.-79.1.0,r.-79.1.0,r.-79.1.0,r.-79.1.0,r.-79.1.0,r.-79.1.0,r.-79.1.0,r.-79.1.0,r.-79.1.0,r.-79.1.0,r.-79.1.0,r.-79.1.0,r.-79.1.0,r.-79.1.0,r.-79.1.0,r.-79.1.0,r.-79.1.0,r.-79.1.0,r.-79.1.0,r.-79.1.0,r.-79.1.0,r.-79.1.0,r.-79.1.0,r.-79.1.0,r.-79.1.0,r.-79.1.0,r.-79.1.0,r.-79.1.0,r.-79.1.0,r.-79.1.0,r.-79.1.0,r.-79.1.0,r.-79.1.0,r.-79.1.0,r.-79.1.0,r.-79.1.0,r.-79.1.0,r.-79.1.0,r.-79.1.0,r.-79.1.0,r.-79.1.0,r.-79.1.0,r.-79.1.0,r.-79.1.0,r.-79.1.0,r.-79.1.0,,,,,,,,,,,,,,,,,,,,,,,,,,,,,,,,,,,,,,,,,,,,,,,,,,,,,,,,,,,,,,,,,,,,,,,,,,,,,,,,,,,,,,,,,,,,,,,,,,,,,,,,,,,,,,,,,,,,,,,,,,,,,,,,
388,r.-96.1.0/r.-79.1.0,r.-79.1.0/r.-96.1.0,r.-96.1.0/r.-79.1.0,r.-96.1.0/r.-79.1.0,r.-79.1.0/r.-96.1.0,r.-96.1.0/r.-79.1.0,r.-96.1.0/r.-79.1.0,r.-96.1.0/r.-79.1.0,r.-96.1.0/r.-79.1.0,r.-96.1.0/r.-79.1.0,r.-79.1.0/r.-96.1.0,r.-79.1.0/r.-96.1.0,r.-96.1.0/r.-79.1.0,r.-79.1.0/r.-96.1.0,r.-79.1.0/r.-96.1.0,r.-96.1.0/r.-79.1.0,r.-79.1.0/r.-96.1.0,r.-79.1.0/r.-96.1.0,r.-79.1.0/r.-96.1.0,r.-96.1.0/r.-79.1.0,r.-96.1.0/r.-79.1.0,r.-79.1.0/r.-96.1.0,r.-79.1.0/r.-96.1.0,r.-79.1.0/r.-96.1.0,r.-96.1.0/r.-79.1.0,r.-96.1.0/r.-79.1.0,r.-96.1.0/r.-79.1.0,r.-96.1.0/r.-79.1.0,r.-79.1.0/r.-96.1.0,r.-79.1.0/r.-96.1.0,r.-96.1.0/r.-79.1.0,r.-79.1.0/r.-96.1.0,r.-79.1.0/r.-96.1.0,r.-79.1.0/r.-96.1.0,r.-96.1.0/r.-79.1.0,r.-79.1.0/r.-96.1.0,r.-96.1.0/r.-79.1.0,r.-96.1.0/r.-79.1.0,r.-96.1.0/r.-79.1.0,r.-96.1.0/r.-79.1.0,r.-96.1.0/r.-79.1.0,r.-96.1.0/r.-79.1.0,r.-96.1.0/r.-79.1.0,r.-79.1.0/r.-96.1.0,r.-79.1.0/r.-96.1.0,r.-79.1.0/r.-96.1.0,r.-96.1.0/r.-79.1.0,r.-96.1.0/r.-79.1.0,r.-96.1.0/r.-79.1.0,r.-79.1.0/r.-96.1.0,r.-79.1.0/r.-96.1.0,r.-96.1.0/r.-79.1.0,r.-96.1.0/r.-79.1.0,r.-79.1.0/r.-96.1.0,r.-96.1.0/r.-79.1.0,r.-79.1.0/r.-96.1.0,r.-79.1.0/r.-96.1.0,r.-96.1.0/r.-79.1.0,r.-96.1.0/r.-79.1.0,r.-79.1.0/r.-96.1.0,r.-79.1.0/r.-96.1.0,r.-96.1.0/r.-79.1.0,r.-96.1.0/r.-79.1.0,r.-79.1.0/r.-96.1.0,r.-96.1.0/r.-79.1.0,r.-79.1.0/r.-96.1.0,r.-96.1.0/r.-79.1.0,r.-79.1.0/r.-96.1.0,r.-79.1.0/r.-96.1.0,r.-96.1.0/r.-79.1.0,r.-79.1.0/r.-96.1.0,r.-79.1.0/r.-96.1.0,r.-96.1.0/r.-79.1.0,r.-96.1.0/r.-79.1.0,r.-96.1.0/r.-79.1.0,r.-79.1.0/r.-96.1.0,r.-79.1.0/r.-96.1.0,r.-79.1.0/r.-96.1.0,r.-79.1.0/r.-96.1.0,r.-96.1.0/r.-79.1.0,r.-96.1.0/r.-79.1.0,r.-96.1.0/r.-79.1.0,r.-79.1.0/r.-96.1.0,r.-79.1.0/r.-96.1.0,r.-79.1.0/r.-96.1.0,r.-79.1.0/r.-96.1.0,r.-79.1.0/r.-96.1.0,r.-96.1.0/r.-79.1.0,r.-96.1.0/r.-79.1.0,r.-79.1.0/r.-96.1.0,r.-79.1.0/r.-96.1.0,r.-96.1.0/r.-79.1.0,r.-79.1.0/r.-96.1.0,r.-79.1.0/r.-96.1.0,,,,,,,,,,,,,,,,,,,,,,,,,,,,,,,,,,,,,,,,,,,,,,,,,,,,,,,,,,,,,,,,,,,,,,,,,,,,,,,,,,,,,,,,,,,,,,,,,,,,,,,,,,,,,,,,,,,,,,,,,,,,,,,,
389,r.-79.1.0,r.-79.1.0,r.-79.1.0,r.-79.1.0,r.-79.1.0,r.-79.1.0,r.-79.1.0,r.-79.1.0,r.-79.1.0,r.-79.1.0,r.-79.1.0,r.-79.1.0,r.-79.1.0,r.-79.1.0,r.-79.1.0,r.-79.1.0,r.-79.1.0,r.-79.1.0,r.-79.1.0,r.-79.1.0,r.-79.1.0,r.-79.1.0,r.-79.1.0,r.-79.1.0,r.-79.1.0,r.-79.1.0,r.-79.1.0,r.-79.1.0,r.-79.1.0,r.-79.1.0,r.-79.1.0,r.-79.1.0,r.-79.1.0,r.-79.1.0,r.-79.1.0,r.-79.1.0,r.-79.1.0,r.-79.1.0,r.-79.1.0,r.-79.1.0,r.-79.1.0,r.-79.1.0,r.-79.1.0,r.-79.1.0,r.-79.1.0,r.-79.1.0,r.-79.1.0,r.-79.1.0,r.-79.1.0,r.-79.1.0,r.-79.1.0,r.-79.1.0,r.-79.1.0,r.-79.1.0,r.-79.1.0,r.-79.1.0,r.-79.1.0,r.-79.1.0,r.-79.1.0,r.-79.1.0,r.-79.1.0,r.-79.1.0,r.-79.1.0,r.-79.1.0,r.-79.1.0,r.-79.1.0,r.-79.1.0,r.-79.1.0,r.-79.1.0,r.-79.1.0,r.-79.1.0,r.-79.1.0,r.-79.1.0,r.-79.1.0,r.-79.1.0,r.-79.1.0,r.-79.1.0,r.-79.1.0,r.-79.1.0,r.-79.1.0,r.-79.1.0,r.-79.1.0,r.-79.1.0,r.-79.1.0,r.-79.1.0,r.-79.1.0,r.-79.1.0,r.-79.1.0,r.-79.1.0,r.-79.1.0,r.-79.1.0,r.-79.1.0,r.-79.1.0,r.-79.1.0,,,,,,,,,,,,,,,,,,,,,,,,,,,,,,,,,,,,,,,,,,,,,,,,,,,,,,,,,,,,,,,,,,,,,,,,,,,,,,,,,,,,,,,,,,,,,,,,,,,,,,,,,,,,,,,,,,,,,,,,,,,,,,,,
390,r.-96.1.0/r.-79.1.0,r.-79.1.0/r.-96.1.0,r.-96.1.0/r.-79.1.0,r.-79.1.0/r.-96.1.0,r.-79.1.0/r.-96.1.0,r.-79.1.0/r.-96.1.0,r.-79.1.0/r.-96.1.0,r.-96.1.0/r.-79.1.0,r.-79.1.0/r.-96.1.0,r.-79.1.0/r.-96.1.0,r.-79.1.0/r.-96.1.0,r.-96.1.0/r.-79.1.0,r.-79.1.0/r.-96.1.0,r.-96.1.0/r.-79.1.0,r.-79.1.0/r.-96.1.0,r.-96.1.0/r.-79.1.0,r.-79.1.0/r.-96.1.0,r.-96.1.0/r.-79.1.0,r.-79.1.0/r.-96.1.0,r.-96.1.0/r.-79.1.0,r.-79.1.0/r.-96.1.0,r.-96.1.0/r.-79.1.0,r.-96.1.0/r.-79.1.0,r.-79.1.0/r.-96.1.0,r.-96.1.0/r.-79.1.0,r.-96.1.0/r.-79.1.0,r.-79.1.0/r.-96.1.0,r.-79.1.0/r.-96.1.0,r.-79.1.0/r.-96.1.0,r.-79.1.0/r.-96.1.0,r.-96.1.0/r.-79.1.0,r.-79.1.0/r.-96.1.0,r.-96.1.0/r.-79.1.0,r.-79.1.0/r.-96.1.0,r.-79.1.0/r.-96.1.0,r.-79.1.0/r.-96.1.0,r.-96.1.0/r.-79.1.0,r.-79.1.0/r.-96.1.0,r.-79.1.0/r.-96.1.0,r.-96.1.0/r.-79.1.0,r.-96.1.0/r.-79.1.0,r.-79.1.0/r.-96.1.0,r.-96.1.0/r.-79.1.0,r.-96.1.0/r.-79.1.0,r.-79.1.0/r.-96.1.0,r.-79.1.0/r.-96.1.0,r.-96.1.0/r.-79.1.0,r.-79.1.0/r.-96.1.0,r.-79.1.0/r.-96.1.0,r.-96.1.0/r.-79.1.0,r.-79.1.0/r.-96.1.0,r.-79.1.0/r.-96.1.0,r.-79.1.0/r.-96.1.0,r.-96.1.0/r.-79.1.0,r.-79.1.0/r.-96.1.0,r.-79.1.0/r.-96.1.0,r.-96.1.0/r.-79.1.0,r.-79.1.0/r.-96.1.0,r.-96.1.0/r.-79.1.0,r.-96.1.0/r.-79.1.0,r.-79.1.0/r.-96.1.0,r.-96.1.0/r.-79.1.0,r.-96.1.0/r.-79.1.0,r.-96.1.0/r.-79.1.0,r.-79.1.0/r.-96.1.0,r.-96.1.0/r.-79.1.0,r.-96.1.0/r.-79.1.0,r.-96.1.0/r.-79.1.0,r.-96.1.0/r.-79.1.0,r.-79.1.0/r.-96.1.0,r.-79.1.0/r.-96.1.0,r.-96.1.0/r.-79.1.0,r.-79.1.0/r.-96.1.0,r.-96.1.0/r.-79.1.0,r.-96.1.0/r.-79.1.0,r.-79.1.0/r.-96.1.0,r.-96.1.0/r.-79.1.0,r.-79.1.0/r.-96.1.0,r.-96.1.0/r.-79.1.0,r.-96.1.0/r.-79.1.0,r.-79.1.0/r.-96.1.0,r.-79.1.0/r.-96.1.0,r.-96.1.0/r.-79.1.0,r.-79.1.0/r.-96.1.0,r.-96.1.0/r.-79.1.0,r.-96.1.0/r.-79.1.0,r.-96.1.0/r.-79.1.0,r.-96.1.0/r.-79.1.0,r.-79.1.0/r.-96.1.0,r.-79.1.0/r.-96.1.0,r.-96.1.0/r.-79.1.0,r.-79.1.0/r.-96.1.0,r.-79.1.0/r.-96.1.0,r.-79.1.0/r.-96.1.0,,,,,,,,,,,,,,,,,,,,,,,,,,,,,,,,,,,,,,,,,,,,,,,,,,,,,,,,,,,,,,,,,,,,,,,,,,,,,,,,,,,,,,,,,,,,,,,,,,,,,,,,,,,,,,,,,,,,,,,,,,,,,,,,
391,r.-79.1.0,r.-79.1.0,r.-79.1.0,r.-79.1.0,r.-79.1.0,r.-79.1.0,r.-79.1.0,r.-79.1.0,r.-79.1.0,r.-79.1.0,r.-79.1.0,r.-79.1.0,r.-79.1.0,r.-79.1.0,r.-79.1.0,r.-79.1.0,r.-79.1.0,r.-79.1.0,r.-79.1.0,r.-79.1.0,r.-79.1.0,r.-79.1.0,r.-79.1.0,r.-79.1.0,r.-79.1.0,r.-79.1.0,r.-79.1.0,r.-79.1.0,r.-79.1.0,r.-79.1.0,r.-79.1.0,r.-79.1.0,r.-79.1.0,r.-79.1.0,r.-79.1.0,r.-79.1.0,r.-79.1.0,r.-79.1.0,r.-79.1.0,r.-79.1.0,r.-79.1.0,r.-79.1.0,r.-79.1.0,r.-79.1.0,r.-79.1.0,r.-79.1.0,r.-79.1.0,r.-79.1.0,r.-79.1.0,r.-79.1.0,r.-79.1.0,r.-79.1.0,r.-79.1.0,r.-79.1.0,r.-79.1.0,r.-79.1.0,r.-79.1.0,r.-79.1.0,r.-79.1.0,r.-79.1.0,r.-79.1.0,r.-79.1.0,r.-79.1.0,r.-79.1.0,r.-79.1.0,r.-79.1.0,r.-79.1.0,r.-79.1.0,r.-79.1.0,r.-79.1.0,r.-79.1.0,r.-79.1.0,r.-79.1.0,r.-79.1.0,r.-79.1.0,r.-79.1.0,r.-79.1.0,r.-79.1.0,r.-79.1.0,r.-79.1.0,r.-79.1.0,r.-79.1.0,r.-79.1.0,r.-79.1.0,r.-79.1.0,r.-79.1.0,r.-79.1.0,r.-79.1.0,r.-79.1.0,r.-79.1.0,r.-79.1.0,r.-79.1.0,r.-79.1.0,r.-79.1.0,,,,,,,,,,,,,,,,,,,,,,,,,,,,,,,,,,,,,,,,,,,,,,,,,,,,,,,,,,,,,,,,,,,,,,,,,,,,,,,,,,,,,,,,,,,,,,,,,,,,,,,,,,,,,,,,,,,,,,,,,,,,,,,,
392,r.-79.1.0,r.-79.1.0,r.-79.1.0,r.-79.1.0,r.-79.1.0,r.-79.1.0,r.-79.1.0,r.-79.1.0,r.-79.1.0,r.-79.1.0,r.-79.1.0,r.-79.1.0,r.-79.1.0,r.-79.1.0,r.-79.1.0,r.-79.1.0,r.-79.1.0,r.-79.1.0,r.-79.1.0,r.-79.1.0,r.-79.1.0,r.-79.1.0,r.-79.1.0,r.-79.1.0,r.-79.1.0,r.-79.1.0,r.-79.1.0,r.-79.1.0,r.-79.1.0,r.-79.1.0,r.-79.1.0,r.-79.1.0,r.-79.1.0,r.-79.1.0,r.-79.1.0,r.-79.1.0,r.-79.1.0,r.-79.1.0,r.-79.1.0,r.-79.1.0,r.-79.1.0,r.-79.1.0,r.-79.1.0,r.-79.1.0,r.-79.1.0,r.-79.1.0,r.-79.1.0,r.-79.1.0,r.-79.1.0,r.-79.1.0,r.-79.1.0,r.-79.1.0,r.-79.1.0,r.-79.1.0,r.-79.1.0,r.-79.1.0,r.-79.1.0,r.-79.1.0,r.-79.1.0,r.-79.1.0,r.-79.1.0,r.-79.1.0,r.-79.1.0,r.-79.1.0,r.-79.1.0,r.-79.1.0,r.-79.1.0,r.-79.1.0,r.-79.1.0,r.-79.1.0,r.-79.1.0,r.-79.1.0,r.-79.1.0,r.-79.1.0,r.-79.1.0,r.-79.1.0,r.-79.1.0,r.-79.1.0,r.-79.1.0,r.-79.1.0,r.-79.1.0,r.-79.1.0,r.-79.1.0,r.-79.1.0,r.-79.1.0,r.-79.1.0,r.-79.1.0,r.-79.1.0,r.-79.1.0,r.-79.1.0,r.-79.1.0,r.-79.1.0,r.-79.1.0,r.-79.1.0,,,,,,,,,,,,,,,,,,,,,,,,,,,,,,,,,,,,,,,,,,,,,,,,,,,,,,,,,,,,,,,,,,,,,,,,,,,,,,,,,,,,,,,,,,,,,,,,,,,,,,,,,,,,,,,,,,,,,,,,,,,,,,,,
393,r.-79.1.0,r.-79.1.0,r.-79.1.0,r.-79.1.0,r.-79.1.0,r.-79.1.0,r.-79.1.0,r.-79.1.0,r.-79.1.0,r.-79.1.0,r.-79.1.0,r.-79.1.0,r.-79.1.0,r.-79.1.0,r.-79.1.0,r.-79.1.0,r.-79.1.0,r.-79.1.0,r.-79.1.0,r.-79.1.0,r.-79.1.0,r.-79.1.0,r.-79.1.0,r.-79.1.0,r.-79.1.0,r.-79.1.0,r.-79.1.0,r.-79.1.0,r.-79.1.0,r.-79.1.0,r.-79.1.0,r.-79.1.0,r.-79.1.0,r.-79.1.0,r.-79.1.0,r.-79.1.0,r.-79.1.0,r.-79.1.0,r.-79.1.0,r.-79.1.0,r.-79.1.0,r.-79.1.0,r.-79.1.0,r.-79.1.0,r.-79.1.0,r.-79.1.0,r.-79.1.0,r.-79.1.0,r.-79.1.0,r.-79.1.0,r.-79.1.0,r.-79.1.0,r.-79.1.0,r.-79.1.0,r.-79.1.0,r.-79.1.0,r.-79.1.0,r.-79.1.0,r.-79.1.0,r.-79.1.0,r.-79.1.0,r.-79.1.0,r.-79.1.0,r.-79.1.0,r.-79.1.0,r.-79.1.0,r.-79.1.0,r.-79.1.0,r.-79.1.0,r.-79.1.0,r.-79.1.0,r.-79.1.0,r.-79.1.0,r.-79.1.0,r.-79.1.0,r.-79.1.0,r.-79.1.0,r.-79.1.0,r.-79.1.0,r.-79.1.0,r.-79.1.0,r.-79.1.0,r.-79.1.0,r.-79.1.0,r.-79.1.0,r.-79.1.0,r.-79.1.0,r.-79.1.0,r.-79.1.0,r.-79.1.0,r.-79.1.0,r.-79.1.0,r.-79.1.0,r.-79.1.0,,,,,,,,,,,,,,,,,,,,,,,,,,,,,,,,,,,,,,,,,,,,,,,,,,,,,,,,,,,,,,,,,,,,,,,,,,,,,,,,,,,,,,,,,,,,,,,,,,,,,,,,,,,,,,,,,,,,,,,,,,,,,,,,
394,r.-96.1.0/r.-79.1.0,r.-79.1.0/r.-96.1.0,r.-96.1.0/r.-79.1.0,r.-96.1.0/r.-79.1.0,r.-79.1.0/r.-96.1.0,r.-79.1.0/r.-96.1.0,r.-96.1.0/r.-79.1.0,r.-96.1.0/r.-79.1.0,r.-96.1.0/r.-79.1.0,r.-96.1.0/r.-79.1.0,r.-79.1.0/r.-96.1.0,r.-96.1.0/r.-79.1.0,r.-79.1.0/r.-96.1.0,r.-79.1.0/r.-96.1.0,r.-79.1.0/r.-96.1.0,r.-96.1.0/r.-79.1.0,r.-79.1.0/r.-96.1.0,r.-79.1.0/r.-96.1.0,r.-79.1.0/r.-96.1.0,r.-96.1.0/r.-79.1.0,r.-96.1.0/r.-79.1.0,r.-79.1.0/r.-96.1.0,r.-96.1.0/r.-79.1.0,r.-79.1.0/r.-96.1.0,r.-79.1.0/r.-96.1.0,r.-79.1.0/r.-96.1.0,r.-79.1.0/r.-96.1.0,r.-79.1.0/r.-96.1.0,r.-96.1.0/r.-79.1.0,r.-96.1.0/r.-79.1.0,r.-96.1.0/r.-79.1.0,r.-96.1.0/r.-79.1.0,r.-96.1.0/r.-79.1.0,r.-79.1.0/r.-96.1.0,r.-96.1.0/r.-79.1.0,r.-96.1.0/r.-79.1.0,r.-96.1.0/r.-79.1.0,r.-79.1.0/r.-96.1.0,r.-96.1.0/r.-79.1.0,r.-96.1.0/r.-79.1.0,r.-79.1.0/r.-96.1.0,r.-96.1.0/r.-79.1.0,r.-96.1.0/r.-79.1.0,r.-96.1.0/r.-79.1.0,r.-96.1.0/r.-79.1.0,r.-96.1.0/r.-79.1.0,r.-79.1.0/r.-96.1.0,r.-96.1.0/r.-79.1.0,r.-79.1.0/r.-96.1.0,r.-96.1.0/r.-79.1.0,r.-79.1.0/r.-96.1.0,r.-79.1.0/r.-96.1.0,r.-96.1.0/r.-79.1.0,r.-79.1.0/r.-96.1.0,r.-96.1.0/r.-79.1.0,r.-79.1.0/r.-96.1.0,r.-79.1.0/r.-96.1.0,r.-79.1.0/r.-96.1.0,r.-79.1.0/r.-96.1.0,r.-79.1.0/r.-96.1.0,r.-96.1.0/r.-79.1.0,r.-79.1.0/r.-96.1.0,r.-79.1.0/r.-96.1.0,r.-96.1.0/r.-79.1.0,r.-96.1.0/r.-79.1.0,r.-96.1.0/r.-79.1.0,r.-79.1.0/r.-96.1.0,r.-96.1.0/r.-79.1.0,r.-79.1.0/r.-96.1.0,r.-79.1.0/r.-96.1.0,r.-96.1.0/r.-79.1.0,r.-96.1.0/r.-79.1.0,r.-96.1.0/r.-79.1.0,r.-96.1.0/r.-79.1.0,r.-79.1.0/r.-96.1.0,r.-79.1.0/r.-96.1.0,r.-96.1.0/r.-79.1.0,r.-79.1.0/r.-96.1.0,r.-79.1.0/r.-96.1.0,r.-79.1.0/r.-96.1.0,r.-79.1.0/r.-96.1.0,r.-79.1.0/r.-96.1.0,r.-96.1.0/r.-79.1.0,r.-79.1.0/r.-96.1.0,r.-79.1.0/r.-96.1.0,r.-79.1.0/r.-96.1.0,r.-79.1.0/r.-96.1.0,r.-79.1.0/r.-96.1.0,r.-79.1.0/r.-96.1.0,r.-96.1.0/r.-79.1.0,r.-96.1.0/r.-79.1.0,r.-96.1.0/r.-79.1.0,r.-96.1.0/r.-79.1.0,r.-96.1.0/r.-79.1.0,,,,,,,,,,,,,,,,,,,,,,,,,,,,,,,,,,,,,,,,,,,,,,,,,,,,,,,,,,,,,,,,,,,,,,,,,,,,,,,,,,,,,,,,,,,,,,,,,,,,,,,,,,,,,,,,,,,,,,,,,,,,,,,,
395,r.-79.1.0,r.-79.1.0,r.-79.1.0,r.-79.1.0,r.-79.1.0,r.-79.1.0,r.-79.1.0,r.-79.1.0,r.-79.1.0,r.-79.1.0,r.-79.1.0,r.-79.1.0,r.-79.1.0,r.-79.1.0,r.-79.1.0,r.-79.1.0,r.-79.1.0,r.-79.1.0,r.-79.1.0,r.-79.1.0,r.-79.1.0,r.-79.1.0,r.-79.1.0,r.-79.1.0,r.-79.1.0,r.-79.1.0,r.-79.1.0,r.-79.1.0,r.-79.1.0,r.-79.1.0,r.-79.1.0,r.-79.1.0,r.-79.1.0,r.-79.1.0,r.-79.1.0,r.-79.1.0,r.-79.1.0,r.-79.1.0,r.-79.1.0,r.-79.1.0,r.-79.1.0,r.-79.1.0,r.-79.1.0,r.-79.1.0,r.-79.1.0,r.-79.1.0,r.-79.1.0,r.-79.1.0,r.-79.1.0,r.-79.1.0,r.-79.1.0,r.-79.1.0,r.-79.1.0,r.-79.1.0,r.-79.1.0,r.-79.1.0,r.-79.1.0,r.-79.1.0,r.-79.1.0,r.-79.1.0,r.-79.1.0,r.-79.1.0,r.-79.1.0,r.-79.1.0,r.-79.1.0,r.-79.1.0,r.-79.1.0,r.-79.1.0,r.-79.1.0,r.-79.1.0,r.-79.1.0,r.-79.1.0,r.-79.1.0,r.-79.1.0,r.-79.1.0,r.-79.1.0,r.-79.1.0,r.-79.1.0,r.-79.1.0,r.-79.1.0,r.-79.1.0,r.-79.1.0,r.-79.1.0,r.-79.1.0,r.-79.1.0,r.-79.1.0,r.-79.1.0,r.-79.1.0,r.-79.1.0,r.-79.1.0,r.-79.1.0,r.-79.1.0,r.-79.1.0,r.-79.1.0,,,,,,,,,,,,,,,,,,,,,,,,,,,,,,,,,,,,,,,,,,,,,,,,,,,,,,,,,,,,,,,,,,,,,,,,,,,,,,,,,,,,,,,,,,,,,,,,,,,,,,,,,,,,,,,,,,,,,,,,,,,,,,,,
396,r.-79.1.0,r.-79.1.0,r.-79.1.0,r.-79.1.0,r.-79.1.0,r.-79.1.0,r.-79.1.0,r.-79.1.0,r.-79.1.0,r.-79.1.0,r.-79.1.0,r.-79.1.0,r.-79.1.0,r.-79.1.0,r.-79.1.0,r.-79.1.0,r.-79.1.0,r.-79.1.0,r.-79.1.0,r.-79.1.0,r.-79.1.0,r.-79.1.0,r.-79.1.0,r.-79.1.0,r.-79.1.0,r.-79.1.0,r.-79.1.0,r.-79.1.0,r.-79.1.0,r.-79.1.0,r.-79.1.0,r.-79.1.0,r.-79.1.0,r.-79.1.0,r.-79.1.0,r.-79.1.0,r.-79.1.0,r.-79.1.0,r.-79.1.0,r.-79.1.0,r.-79.1.0,r.-79.1.0,r.-79.1.0,r.-79.1.0,r.-79.1.0,r.-79.1.0,r.-79.1.0,r.-79.1.0,r.-79.1.0,r.-79.1.0,r.-79.1.0,r.-79.1.0,r.-79.1.0,r.-79.1.0,r.-79.1.0,r.-79.1.0,r.-79.1.0,r.-79.1.0,r.-79.1.0,r.-79.1.0,r.-79.1.0,r.-79.1.0,r.-79.1.0,r.-79.1.0,r.-79.1.0,r.-79.1.0,r.-79.1.0,r.-79.1.0,r.-79.1.0,r.-79.1.0,r.-79.1.0,r.-79.1.0,r.-79.1.0,r.-79.1.0,r.-79.1.0,r.-79.1.0,r.-79.1.0,r.-79.1.0,r.-79.1.0,r.-79.1.0,r.-79.1.0,r.-79.1.0,r.-79.1.0,r.-79.1.0,r.-79.1.0,r.-79.1.0,r.-79.1.0,r.-79.1.0,r.-79.1.0,r.-79.1.0,r.-79.1.0,r.-79.1.0,r.-79.1.0,r.-79.1.0,,,,,,,,,,,,,,,,,,,,,,,,,,,,,,,,,,,,,,,,,,,,,,,,,,,,,,,,,,,,,,,,,,,,,,,,,,,,,,,,,,,,,,,,,,,,,,,,,,,,,,,,,,,,,,,,,,,,,,,,,,,,,,,,
397,r.-79.1.0,r.-79.1.0,r.-79.1.0,r.-79.1.0,r.-79.1.0,r.-79.1.0,r.-79.1.0,r.-79.1.0,r.-79.1.0,r.-79.1.0,r.-79.1.0,r.-79.1.0,r.-79.1.0,r.-79.1.0,r.-79.1.0,r.-79.1.0,r.-79.1.0,r.-79.1.0,r.-79.1.0,r.-79.1.0,r.-79.1.0,r.-79.1.0,r.-79.1.0,r.-79.1.0,r.-79.1.0,r.-79.1.0,r.-79.1.0,r.-79.1.0,r.-79.1.0,r.-79.1.0,r.-79.1.0,r.-79.1.0,r.-79.1.0,r.-79.1.0,r.-79.1.0,r.-79.1.0,r.-79.1.0,r.-79.1.0,r.-79.1.0,r.-79.1.0,r.-79.1.0,r.-79.1.0,r.-79.1.0,r.-79.1.0,r.-79.1.0,r.-79.1.0,r.-79.1.0,r.-79.1.0,r.-79.1.0,r.-79.1.0,r.-79.1.0,r.-79.1.0,r.-79.1.0,r.-79.1.0,r.-79.1.0,r.-79.1.0,r.-79.1.0,r.-79.1.0,r.-79.1.0,r.-79.1.0,r.-79.1.0,r.-79.1.0,r.-79.1.0,r.-79.1.0,r.-79.1.0,r.-79.1.0,r.-79.1.0,r.-79.1.0,r.-79.1.0,r.-79.1.0,r.-79.1.0,r.-79.1.0,r.-79.1.0,r.-79.1.0,r.-79.1.0,r.-79.1.0,r.-79.1.0,r.-79.1.0,r.-79.1.0,r.-79.1.0,r.-79.1.0,r.-79.1.0,r.-79.1.0,r.-79.1.0,r.-79.1.0,r.-79.1.0,r.-79.1.0,r.-79.1.0,r.-79.1.0,r.-79.1.0,r.-79.1.0,r.-79.1.0,r.-79.1.0,r.-79.1.0,,,,,,,,,,,,,,,,,,,,,,,,,,,,,,,,,,,,,,,,,,,,,,,,,,,,,,,,,,,,,,,,,,,,,,,,,,,,,,,,,,,,,,,,,,,,,,,,,,,,,,,,,,,,,,,,,,,,,,,,,,,,,,,,
398,r.-79.1.0,r.-79.1.0,r.-79.1.0,r.-79.1.0,r.-79.1.0,r.-79.1.0,r.-79.1.0,r.-79.1.0,r.-79.1.0,r.-79.1.0,r.-79.1.0,r.-79.1.0,r.-79.1.0,r.-79.1.0,r.-79.1.0,r.-79.1.0,r.-79.1.0,r.-79.1.0,r.-79.1.0,r.-79.1.0,r.-79.1.0,r.-79.1.0,r.-79.1.0,r.-79.1.0,r.-79.1.0,r.-79.1.0,r.-79.1.0,r.-79.1.0,r.-79.1.0,r.-79.1.0,r.-79.1.0,r.-79.1.0,r.-79.1.0,r.-79.1.0,r.-79.1.0,r.-79.1.0,r.-79.1.0,r.-79.1.0,r.-79.1.0,r.-79.1.0,r.-79.1.0,r.-79.1.0,r.-79.1.0,r.-79.1.0,r.-79.1.0,r.-79.1.0,r.-79.1.0,r.-79.1.0,r.-79.1.0,r.-79.1.0,r.-79.1.0,r.-79.1.0,r.-79.1.0,r.-79.1.0,r.-79.1.0,r.-79.1.0,r.-79.1.0,r.-79.1.0,r.-79.1.0,r.-79.1.0,r.-79.1.0,r.-79.1.0,r.-79.1.0,r.-79.1.0,r.-79.1.0,r.-79.1.0,r.-79.1.0,r.-79.1.0,r.-79.1.0,r.-79.1.0,r.-79.1.0,r.-79.1.0,r.-79.1.0,r.-79.1.0,r.-79.1.0,r.-79.1.0,r.-79.1.0,r.-79.1.0,r.-79.1.0,r.-79.1.0,r.-79.1.0,r.-79.1.0,r.-79.1.0,r.-79.1.0,r.-79.1.0,r.-79.1.0,r.-79.1.0,r.-79.1.0,r.-79.1.0,r.-79.1.0,r.-79.1.0,r.-79.1.0,r.-79.1.0,r.-79.1.0,,,,,,,,,,,,,,,,,,,,,,,,,,,,,,,,,,,,,,,,,,,,,,,,,,,,,,,,,,,,,,,,,,,,,,,,,,,,,,,,,,,,,,,,,,,,,,,,,,,,,,,,,,,,,,,,,,,,,,,,,,,,,,,,
399,r.-79.1.0,r.-79.1.0,r.-79.1.0,r.-79.1.0,r.-79.1.0,r.-79.1.0,r.-79.1.0,r.-79.1.0,r.-79.1.0,r.-79.1.0,r.-79.1.0,r.-79.1.0,r.-79.1.0,r.-79.1.0,r.-79.1.0,r.-79.1.0,r.-79.1.0,r.-79.1.0,r.-79.1.0,r.-79.1.0,r.-79.1.0,r.-79.1.0,r.-79.1.0,r.-79.1.0,r.-79.1.0,r.-79.1.0,r.-79.1.0,r.-79.1.0,r.-79.1.0,r.-79.1.0,r.-79.1.0,r.-79.1.0,r.-79.1.0,r.-79.1.0,r.-79.1.0,r.-79.1.0,r.-79.1.0,r.-79.1.0,r.-79.1.0,r.-79.1.0,r.-79.1.0,r.-79.1.0,r.-79.1.0,r.-79.1.0,r.-79.1.0,r.-79.1.0,r.-79.1.0,r.-79.1.0,r.-79.1.0,r.-79.1.0,r.-79.1.0,r.-79.1.0,r.-79.1.0,r.-79.1.0,r.-79.1.0,r.-79.1.0,r.-79.1.0,r.-79.1.0,r.-79.1.0,r.-79.1.0,r.-79.1.0,r.-79.1.0,r.-79.1.0,r.-79.1.0,r.-79.1.0,r.-79.1.0,r.-79.1.0,r.-79.1.0,r.-79.1.0,r.-79.1.0,r.-79.1.0,r.-79.1.0,r.-79.1.0,r.-79.1.0,r.-79.1.0,r.-79.1.0,r.-79.1.0,r.-79.1.0,r.-79.1.0,r.-79.1.0,r.-79.1.0,r.-79.1.0,r.-79.1.0,r.-79.1.0,r.-79.1.0,r.-79.1.0,r.-79.1.0,r.-79.1.0,r.-79.1.0,r.-79.1.0,r.-79.1.0,r.-79.1.0,r.-79.1.0,r.-79.1.0,,,,,,,,,,,,,,,,,,,,,,,,,,,,,,,,,,,,,,,,,,,,,,,,,,,,,,,,,,,,,,,,,,,,,,,,,,,,,,,,,,,,,,,,,,,,,,,,,,,,,,,,,,,,,,,,,,,,,,,,,,,,,,,,
400,r.-79.1.0,r.-79.1.0,r.-79.1.0,r.-79.1.0,r.-79.1.0,r.-79.1.0,r.-79.1.0,r.-79.1.0,r.-79.1.0,r.-79.1.0,r.-79.1.0,r.-79.1.0,r.-79.1.0,r.-79.1.0,r.-79.1.0,r.-79.1.0,r.-79.1.0,r.-79.1.0,r.-79.1.0,r.-79.1.0,r.-79.1.0,r.-79.1.0,r.-79.1.0,r.-79.1.0,r.-79.1.0,r.-79.1.0,r.-79.1.0,r.-79.1.0,r.-79.1.0,r.-79.1.0,r.-79.1.0,r.-79.1.0,r.-79.1.0,r.-79.1.0,r.-79.1.0,r.-79.1.0,r.-79.1.0,r.-79.1.0,r.-79.1.0,r.-79.1.0,r.-79.1.0,r.-79.1.0,r.-79.1.0,r.-79.1.0,r.-79.1.0,r.-79.1.0,r.-79.1.0,r.-79.1.0,r.-79.1.0,r.-79.1.0,r.-79.1.0,r.-79.1.0,r.-79.1.0,r.-79.1.0,r.-79.1.0,r.-79.1.0,r.-79.1.0,r.-79.1.0,r.-79.1.0,r.-79.1.0,r.-79.1.0,r.-79.1.0,r.-79.1.0,r.-79.1.0,r.-79.1.0,r.-79.1.0,r.-79.1.0,r.-79.1.0,r.-79.1.0,r.-79.1.0,r.-79.1.0,r.-79.1.0,r.-79.1.0,r.-79.1.0,r.-79.1.0,r.-79.1.0,r.-79.1.0,r.-79.1.0,r.-79.1.0,r.-79.1.0,r.-79.1.0,r.-79.1.0,r.-79.1.0,r.-79.1.0,r.-79.1.0,r.-79.1.0,r.-79.1.0,r.-79.1.0,r.-79.1.0,r.-79.1.0,r.-79.1.0,r.-79.1.0,r.-79.1.0,r.-79.1.0,,,,,,,,,,,,,,,,,,,,,,,,,,,,,,,,,,,,,,,,,,,,,,,,,,,,,,,,,,,,,,,,,,,,,,,,,,,,,,,,,,,,,,,,,,,,,,,,,,,,,,,,,,,,,,,,,,,,,,,,,,,,,,,,
401,r.-96.1.0/r.-79.1.0,r.-79.1.0/r.-96.1.0,r.-79.1.0/r.-96.1.0,r.-96.1.0/r.-79.1.0,r.-96.1.0/r.-79.1.0,r.-79.1.0/r.-96.1.0,r.-79.1.0/r.-96.1.0,r.-96.1.0/r.-79.1.0,r.-79.1.0/r.-96.1.0,r.-96.1.0/r.-79.1.0,r.-96.1.0/r.-79.1.0,r.-96.1.0/r.-79.1.0,r.-79.1.0/r.-96.1.0,r.-79.1.0/r.-96.1.0,r.-96.1.0/r.-79.1.0,r.-96.1.0/r.-79.1.0,r.-79.1.0/r.-96.1.0,r.-79.1.0/r.-96.1.0,r.-96.1.0/r.-79.1.0,r.-79.1.0/r.-96.1.0,r.-79.1.0/r.-96.1.0,r.-79.1.0/r.-96.1.0,r.-79.1.0/r.-96.1.0,r.-79.1.0/r.-96.1.0,r.-96.1.0/r.-79.1.0,r.-96.1.0/r.-79.1.0,r.-79.1.0/r.-96.1.0,r.-79.1.0/r.-96.1.0,r.-79.1.0/r.-96.1.0,r.-79.1.0/r.-96.1.0,r.-79.1.0/r.-96.1.0,r.-96.1.0/r.-79.1.0,r.-96.1.0/r.-79.1.0,r.-79.1.0/r.-96.1.0,r.-79.1.0/r.-96.1.0,r.-79.1.0/r.-96.1.0,r.-96.1.0/r.-79.1.0,r.-79.1.0/r.-96.1.0,r.-96.1.0/r.-79.1.0,r.-79.1.0/r.-96.1.0,r.-79.1.0/r.-96.1.0,r.-79.1.0/r.-96.1.0,r.-96.1.0/r.-79.1.0,r.-96.1.0/r.-79.1.0,r.-96.1.0/r.-79.1.0,r.-96.1.0/r.-79.1.0,r.-96.1.0/r.-79.1.0,r.-79.1.0/r.-96.1.0,r.-79.1.0/r.-96.1.0,r.-79.1.0/r.-96.1.0,r.-79.1.0/r.-96.1.0,r.-96.1.0/r.-79.1.0,r.-96.1.0/r.-79.1.0,r.-96.1.0/r.-79.1.0,r.-96.1.0/r.-79.1.0,r.-96.1.0/r.-79.1.0,r.-79.1.0/r.-96.1.0,r.-79.1.0/r.-96.1.0,r.-96.1.0/r.-79.1.0,r.-79.1.0/r.-96.1.0,r.-79.1.0/r.-96.1.0,r.-79.1.0/r.-96.1.0,r.-96.1.0/r.-79.1.0,r.-96.1.0/r.-79.1.0,r.-79.1.0/r.-96.1.0,r.-96.1.0/r.-79.1.0,r.-79.1.0/r.-96.1.0,r.-96.1.0/r.-79.1.0,r.-79.1.0/r.-96.1.0,r.-79.1.0/r.-96.1.0,r.-79.1.0/r.-96.1.0,r.-79.1.0/r.-96.1.0,r.-79.1.0/r.-96.1.0,r.-79.1.0/r.-96.1.0,r.-96.1.0/r.-79.1.0,r.-79.1.0/r.-96.1.0,r.-79.1.0/r.-96.1.0,r.-96.1.0/r.-79.1.0,r.-96.1.0/r.-79.1.0,r.-96.1.0/r.-79.1.0,r.-79.1.0/r.-96.1.0,r.-96.1.0/r.-79.1.0,r.-79.1.0/r.-96.1.0,r.-96.1.0/r.-79.1.0,r.-79.1.0/r.-96.1.0,r.-79.1.0/r.-96.1.0,r.-96.1.0/r.-79.1.0,r.-79.1.0/r.-96.1.0,r.-96.1.0/r.-79.1.0,r.-96.1.0/r.-79.1.0,r.-79.1.0/r.-96.1.0,r.-79.1.0/r.-96.1.0,r.-96.1.0/r.-79.1.0,r.-96.1.0/r.-79.1.0,,,,,,,,,,,,,,,,,,,,,,,,,,,,,,,,,,,,,,,,,,,,,,,,,,,,,,,,,,,,,,,,,,,,,,,,,,,,,,,,,,,,,,,,,,,,,,,,,,,,,,,,,,,,,,,,,,,,,,,,,,,,,,,,
402,r.-79.1.0,r.-79.1.0,r.-79.1.0,r.-79.1.0,r.-79.1.0,r.-79.1.0,r.-79.1.0,r.-79.1.0,r.-79.1.0,r.-79.1.0,r.-79.1.0,r.-79.1.0,r.-79.1.0,r.-79.1.0,r.-79.1.0,r.-79.1.0,r.-79.1.0,r.-79.1.0,r.-79.1.0,r.-79.1.0,r.-79.1.0,r.-79.1.0,r.-79.1.0,r.-79.1.0,r.-79.1.0,r.-79.1.0,r.-79.1.0,r.-79.1.0,r.-79.1.0,r.-79.1.0,r.-79.1.0,r.-79.1.0,r.-79.1.0,r.-79.1.0,r.-79.1.0,r.-79.1.0,r.-79.1.0,r.-79.1.0,r.-79.1.0,r.-79.1.0,r.-79.1.0,r.-79.1.0,r.-79.1.0,r.-79.1.0,r.-79.1.0,r.-79.1.0,r.-79.1.0,r.-79.1.0,r.-79.1.0,r.-79.1.0,r.-79.1.0,r.-79.1.0,r.-79.1.0,r.-79.1.0,r.-79.1.0,r.-79.1.0,r.-79.1.0,r.-79.1.0,r.-79.1.0,r.-79.1.0,r.-79.1.0,r.-79.1.0,r.-79.1.0,r.-79.1.0,r.-79.1.0,r.-79.1.0,r.-79.1.0,r.-79.1.0,r.-79.1.0,r.-79.1.0,r.-79.1.0,r.-79.1.0,r.-79.1.0,r.-79.1.0,r.-79.1.0,r.-79.1.0,r.-79.1.0,r.-79.1.0,r.-79.1.0,r.-79.1.0,r.-79.1.0,r.-79.1.0,r.-79.1.0,r.-79.1.0,r.-79.1.0,r.-79.1.0,r.-79.1.0,r.-79.1.0,r.-79.1.0,r.-79.1.0,r.-79.1.0,r.-79.1.0,r.-79.1.0,r.-79.1.0,,,,,,,,,,,,,,,,,,,,,,,,,,,,,,,,,,,,,,,,,,,,,,,,,,,,,,,,,,,,,,,,,,,,,,,,,,,,,,,,,,,,,,,,,,,,,,,,,,,,,,,,,,,,,,,,,,,,,,,,,,,,,,,,
403,r.-79.1.0,r.-79.1.0,r.-79.1.0,r.-79.1.0,r.-79.1.0,r.-79.1.0,r.-79.1.0,r.-79.1.0,r.-79.1.0,r.-79.1.0,r.-79.1.0,r.-79.1.0,r.-79.1.0,r.-79.1.0,r.-79.1.0,r.-79.1.0,r.-79.1.0,r.-79.1.0,r.-79.1.0,r.-79.1.0,r.-79.1.0,r.-79.1.0,r.-79.1.0,r.-79.1.0,r.-79.1.0,r.-79.1.0,r.-79.1.0,r.-79.1.0,r.-79.1.0,r.-79.1.0,r.-79.1.0,r.-79.1.0,r.-79.1.0,r.-79.1.0,r.-79.1.0,r.-79.1.0,r.-79.1.0,r.-79.1.0,r.-79.1.0,r.-79.1.0,r.-79.1.0,r.-79.1.0,r.-79.1.0,r.-79.1.0,r.-79.1.0,r.-79.1.0,r.-79.1.0,r.-79.1.0,r.-79.1.0,r.-79.1.0,r.-79.1.0,r.-79.1.0,r.-79.1.0,r.-79.1.0,r.-79.1.0,r.-79.1.0,r.-79.1.0,r.-79.1.0,r.-79.1.0,r.-79.1.0,r.-79.1.0,r.-79.1.0,r.-79.1.0,r.-79.1.0,r.-79.1.0,r.-79.1.0,r.-79.1.0,r.-79.1.0,r.-79.1.0,r.-79.1.0,r.-79.1.0,r.-79.1.0,r.-79.1.0,r.-79.1.0,r.-79.1.0,r.-79.1.0,r.-79.1.0,r.-79.1.0,r.-79.1.0,r.-79.1.0,r.-79.1.0,r.-79.1.0,r.-79.1.0,r.-79.1.0,r.-79.1.0,r.-79.1.0,r.-79.1.0,r.-79.1.0,r.-79.1.0,r.-79.1.0,r.-79.1.0,r.-79.1.0,r.-79.1.0,r.-79.1.0,,,,,,,,,,,,,,,,,,,,,,,,,,,,,,,,,,,,,,,,,,,,,,,,,,,,,,,,,,,,,,,,,,,,,,,,,,,,,,,,,,,,,,,,,,,,,,,,,,,,,,,,,,,,,,,,,,,,,,,,,,,,,,,,
404,r.-79.1.0,r.-79.1.0,r.-79.1.0,r.-79.1.0,r.-79.1.0,r.-79.1.0,r.-79.1.0,r.-79.1.0,r.-79.1.0,r.-79.1.0,r.-79.1.0,r.-79.1.0,r.-79.1.0,r.-79.1.0,r.-79.1.0,r.-79.1.0,r.-79.1.0,r.-79.1.0,r.-79.1.0,r.-79.1.0,r.-79.1.0,r.-79.1.0,r.-79.1.0,r.-79.1.0,r.-79.1.0,r.-79.1.0,r.-79.1.0,r.-79.1.0,r.-79.1.0,r.-79.1.0,r.-79.1.0,r.-79.1.0,r.-79.1.0,r.-79.1.0,r.-79.1.0,r.-79.1.0,r.-79.1.0,r.-79.1.0,r.-79.1.0,r.-79.1.0,r.-79.1.0,r.-79.1.0,r.-79.1.0,r.-79.1.0,r.-79.1.0,r.-79.1.0,r.-79.1.0,r.-79.1.0,r.-79.1.0,r.-79.1.0,r.-79.1.0,r.-79.1.0,r.-79.1.0,r.-79.1.0,r.-79.1.0,r.-79.1.0,r.-79.1.0,r.-79.1.0,r.-79.1.0,r.-79.1.0,r.-79.1.0,r.-79.1.0,r.-79.1.0,r.-79.1.0,r.-79.1.0,r.-79.1.0,r.-79.1.0,r.-79.1.0,r.-79.1.0,r.-79.1.0,r.-79.1.0,r.-79.1.0,r.-79.1.0,r.-79.1.0,r.-79.1.0,r.-79.1.0,r.-79.1.0,r.-79.1.0,r.-79.1.0,r.-79.1.0,r.-79.1.0,r.-79.1.0,r.-79.1.0,r.-79.1.0,r.-79.1.0,r.-79.1.0,r.-79.1.0,r.-79.1.0,r.-79.1.0,r.-79.1.0,r.-79.1.0,r.-79.1.0,r.-79.1.0,r.-79.1.0,,,,,,,,,,,,,,,,,,,,,,,,,,,,,,,,,,,,,,,,,,,,,,,,,,,,,,,,,,,,,,,,,,,,,,,,,,,,,,,,,,,,,,,,,,,,,,,,,,,,,,,,,,,,,,,,,,,,,,,,,,,,,,,,
405,r.-79.1.0,r.-79.1.0,r.-79.1.0,r.-79.1.0,r.-79.1.0,r.-79.1.0,r.-79.1.0,r.-79.1.0,r.-79.1.0,r.-79.1.0,r.-79.1.0,r.-79.1.0,r.-79.1.0,r.-79.1.0,r.-79.1.0,r.-79.1.0,r.-79.1.0,r.-79.1.0,r.-79.1.0,r.-79.1.0,r.-79.1.0,r.-79.1.0,r.-79.1.0,r.-79.1.0,r.-79.1.0,r.-79.1.0,r.-79.1.0,r.-79.1.0,r.-79.1.0,r.-79.1.0,r.-79.1.0,r.-79.1.0,r.-79.1.0,r.-79.1.0,r.-79.1.0,r.-79.1.0,r.-79.1.0,r.-79.1.0,r.-79.1.0,r.-79.1.0,r.-79.1.0,r.-79.1.0,r.-79.1.0,r.-79.1.0,r.-79.1.0,r.-79.1.0,r.-79.1.0,r.-79.1.0,r.-79.1.0,r.-79.1.0,r.-79.1.0,r.-79.1.0,r.-79.1.0,r.-79.1.0,r.-79.1.0,r.-79.1.0,r.-79.1.0,r.-79.1.0,r.-79.1.0,r.-79.1.0,r.-79.1.0,r.-79.1.0,r.-79.1.0,r.-79.1.0,r.-79.1.0,r.-79.1.0,r.-79.1.0,r.-79.1.0,r.-79.1.0,r.-79.1.0,r.-79.1.0,r.-79.1.0,r.-79.1.0,r.-79.1.0,r.-79.1.0,r.-79.1.0,r.-79.1.0,r.-79.1.0,r.-79.1.0,r.-79.1.0,r.-79.1.0,r.-79.1.0,r.-79.1.0,r.-79.1.0,r.-79.1.0,r.-79.1.0,r.-79.1.0,r.-79.1.0,r.-79.1.0,r.-79.1.0,r.-79.1.0,r.-79.1.0,r.-79.1.0,r.-79.1.0,,,,,,,,,,,,,,,,,,,,,,,,,,,,,,,,,,,,,,,,,,,,,,,,,,,,,,,,,,,,,,,,,,,,,,,,,,,,,,,,,,,,,,,,,,,,,,,,,,,,,,,,,,,,,,,,,,,,,,,,,,,,,,,,
406,r.-79.1.0,r.-79.1.0,r.-79.1.0,r.-79.1.0,r.-79.1.0,r.-79.1.0,r.-79.1.0,r.-79.1.0,r.-79.1.0,r.-79.1.0,r.-79.1.0,r.-79.1.0,r.-79.1.0,r.-79.1.0,r.-79.1.0,r.-79.1.0,r.-79.1.0,r.-79.1.0,r.-79.1.0,r.-79.1.0,r.-79.1.0,r.-79.1.0,r.-79.1.0,r.-79.1.0,r.-79.1.0,r.-79.1.0,r.-79.1.0,r.-79.1.0,r.-79.1.0,r.-79.1.0,r.-79.1.0,r.-79.1.0,r.-79.1.0,r.-79.1.0,r.-79.1.0,r.-79.1.0,r.-79.1.0,r.-79.1.0,r.-79.1.0,r.-79.1.0,r.-79.1.0,r.-79.1.0,r.-79.1.0,r.-79.1.0,r.-79.1.0,r.-79.1.0,r.-79.1.0,r.-79.1.0,r.-79.1.0,r.-79.1.0,r.-79.1.0,r.-79.1.0,r.-79.1.0,r.-79.1.0,r.-79.1.0,r.-79.1.0,r.-79.1.0,r.-79.1.0,r.-79.1.0,r.-79.1.0,r.-79.1.0,r.-79.1.0,r.-79.1.0,r.-79.1.0,r.-79.1.0,r.-79.1.0,r.-79.1.0,r.-79.1.0,r.-79.1.0,r.-79.1.0,r.-79.1.0,r.-79.1.0,r.-79.1.0,r.-79.1.0,r.-79.1.0,r.-79.1.0,r.-79.1.0,r.-79.1.0,r.-79.1.0,r.-79.1.0,r.-79.1.0,r.-79.1.0,r.-79.1.0,r.-79.1.0,r.-79.1.0,r.-79.1.0,r.-79.1.0,r.-79.1.0,r.-79.1.0,r.-79.1.0,r.-79.1.0,r.-79.1.0,r.-79.1.0,r.-79.1.0,,,,,,,,,,,,,,,,,,,,,,,,,,,,,,,,,,,,,,,,,,,,,,,,,,,,,,,,,,,,,,,,,,,,,,,,,,,,,,,,,,,,,,,,,,,,,,,,,,,,,,,,,,,,,,,,,,,,,,,,,,,,,,,,
407,r.-79.1.0,r.-79.1.0,r.-79.1.0,r.-79.1.0,r.-79.1.0,r.-79.1.0,r.-79.1.0,r.-79.1.0,r.-79.1.0,r.-79.1.0,r.-79.1.0,r.-79.1.0,r.-79.1.0,r.-79.1.0,r.-79.1.0,r.-79.1.0,r.-79.1.0,r.-79.1.0,r.-79.1.0,r.-79.1.0,r.-79.1.0,r.-79.1.0,r.-79.1.0,r.-79.1.0,r.-79.1.0,r.-79.1.0,r.-79.1.0,r.-79.1.0,r.-79.1.0,r.-79.1.0,r.-79.1.0,r.-79.1.0,r.-79.1.0,r.-79.1.0,r.-79.1.0,r.-79.1.0,r.-79.1.0,r.-79.1.0,r.-79.1.0,r.-79.1.0,r.-79.1.0,r.-79.1.0,r.-79.1.0,r.-79.1.0,r.-79.1.0,r.-79.1.0,r.-79.1.0,r.-79.1.0,r.-79.1.0,r.-79.1.0,r.-79.1.0,r.-79.1.0,r.-79.1.0,r.-79.1.0,r.-79.1.0,r.-79.1.0,r.-79.1.0,r.-79.1.0,r.-79.1.0,r.-79.1.0,r.-79.1.0,r.-79.1.0,r.-79.1.0,r.-79.1.0,r.-79.1.0,r.-79.1.0,r.-79.1.0,r.-79.1.0,r.-79.1.0,r.-79.1.0,r.-79.1.0,r.-79.1.0,r.-79.1.0,r.-79.1.0,r.-79.1.0,r.-79.1.0,r.-79.1.0,r.-79.1.0,r.-79.1.0,r.-79.1.0,r.-79.1.0,r.-79.1.0,r.-79.1.0,r.-79.1.0,r.-79.1.0,r.-79.1.0,r.-79.1.0,r.-79.1.0,r.-79.1.0,r.-79.1.0,r.-79.1.0,r.-79.1.0,r.-79.1.0,r.-79.1.0,,,,,,,,,,,,,,,,,,,,,,,,,,,,,,,,,,,,,,,,,,,,,,,,,,,,,,,,,,,,,,,,,,,,,,,,,,,,,,,,,,,,,,,,,,,,,,,,,,,,,,,,,,,,,,,,,,,,,,,,,,,,,,,,
408,r.-79.1.0,r.-79.1.0,r.-79.1.0,r.-79.1.0,r.-79.1.0,r.-79.1.0,r.-79.1.0,r.-79.1.0,r.-79.1.0,r.-79.1.0,r.-79.1.0,r.-79.1.0,r.-79.1.0,r.-79.1.0,r.-79.1.0,r.-79.1.0,r.-79.1.0,r.-79.1.0,r.-79.1.0,r.-79.1.0,r.-79.1.0,r.-79.1.0,r.-79.1.0,r.-79.1.0,r.-79.1.0,r.-79.1.0,r.-79.1.0,r.-79.1.0,r.-79.1.0,r.-79.1.0,r.-79.1.0,r.-79.1.0,r.-79.1.0,r.-79.1.0,r.-79.1.0,r.-79.1.0,r.-79.1.0,r.-79.1.0,r.-79.1.0,r.-79.1.0,r.-79.1.0,r.-79.1.0,r.-79.1.0,r.-79.1.0,r.-79.1.0,r.-79.1.0,r.-79.1.0,r.-79.1.0,r.-79.1.0,r.-79.1.0,r.-79.1.0,r.-79.1.0,r.-79.1.0,r.-79.1.0,r.-79.1.0,r.-79.1.0,r.-79.1.0,r.-79.1.0,r.-79.1.0,r.-79.1.0,r.-79.1.0,r.-79.1.0,r.-79.1.0,r.-79.1.0,r.-79.1.0,r.-79.1.0,r.-79.1.0,r.-79.1.0,r.-79.1.0,r.-79.1.0,r.-79.1.0,r.-79.1.0,r.-79.1.0,r.-79.1.0,r.-79.1.0,r.-79.1.0,r.-79.1.0,r.-79.1.0,r.-79.1.0,r.-79.1.0,r.-79.1.0,r.-79.1.0,r.-79.1.0,r.-79.1.0,r.-79.1.0,r.-79.1.0,r.-79.1.0,r.-79.1.0,r.-79.1.0,r.-79.1.0,r.-79.1.0,r.-79.1.0,r.-79.1.0,r.-79.1.0,,,,,,,,,,,,,,,,,,,,,,,,,,,,,,,,,,,,,,,,,,,,,,,,,,,,,,,,,,,,,,,,,,,,,,,,,,,,,,,,,,,,,,,,,,,,,,,,,,,,,,,,,,,,,,,,,,,,,,,,,,,,,,,,
409,r.-79.1.0,r.-79.1.0,r.-79.1.0,r.-79.1.0,r.-79.1.0,r.-79.1.0,r.-79.1.0,r.-79.1.0,r.-79.1.0,r.-79.1.0,r.-79.1.0,r.-79.1.0,r.-79.1.0,r.-79.1.0,r.-79.1.0,r.-79.1.0,r.-79.1.0,r.-79.1.0,r.-79.1.0,r.-79.1.0,r.-79.1.0,r.-79.1.0,r.-79.1.0,r.-79.1.0,r.-79.1.0,r.-79.1.0,r.-79.1.0,r.-79.1.0,r.-79.1.0,r.-79.1.0,r.-79.1.0,r.-79.1.0,r.-79.1.0,r.-79.1.0,r.-79.1.0,r.-79.1.0,r.-79.1.0,r.-79.1.0,r.-79.1.0,r.-79.1.0,r.-79.1.0,r.-79.1.0,r.-79.1.0,r.-79.1.0,r.-79.1.0,r.-79.1.0,r.-79.1.0,r.-79.1.0,r.-79.1.0,r.-79.1.0,r.-79.1.0,r.-79.1.0,r.-79.1.0,r.-79.1.0,r.-79.1.0,r.-79.1.0,r.-79.1.0,r.-79.1.0,r.-79.1.0,r.-79.1.0,r.-79.1.0,r.-79.1.0,r.-79.1.0,r.-79.1.0,r.-79.1.0,r.-79.1.0,r.-79.1.0,r.-79.1.0,r.-79.1.0,r.-79.1.0,r.-79.1.0,r.-79.1.0,r.-79.1.0,r.-79.1.0,r.-79.1.0,r.-79.1.0,r.-79.1.0,r.-79.1.0,r.-79.1.0,r.-79.1.0,r.-79.1.0,r.-79.1.0,r.-79.1.0,r.-79.1.0,r.-79.1.0,r.-79.1.0,r.-79.1.0,r.-79.1.0,r.-79.1.0,r.-79.1.0,r.-79.1.0,r.-79.1.0,r.-79.1.0,r.-79.1.0,,,,,,,,,,,,,,,,,,,,,,,,,,,,,,,,,,,,,,,,,,,,,,,,,,,,,,,,,,,,,,,,,,,,,,,,,,,,,,,,,,,,,,,,,,,,,,,,,,,,,,,,,,,,,,,,,,,,,,,,,,,,,,,,
410,r.-79.1.0,r.-79.1.0,r.-79.1.0,r.-79.1.0,r.-79.1.0,r.-79.1.0,r.-79.1.0,r.-79.1.0,r.-79.1.0,r.-79.1.0,r.-79.1.0,r.-79.1.0,r.-79.1.0,r.-79.1.0,r.-79.1.0,r.-79.1.0,r.-79.1.0,r.-79.1.0,r.-79.1.0,r.-79.1.0,r.-79.1.0,r.-79.1.0,r.-79.1.0,r.-79.1.0,r.-79.1.0,r.-79.1.0,r.-79.1.0,r.-79.1.0,r.-79.1.0,r.-79.1.0,r.-79.1.0,r.-79.1.0,r.-79.1.0,r.-79.1.0,r.-79.1.0,r.-79.1.0,r.-79.1.0,r.-79.1.0,r.-79.1.0,r.-79.1.0,r.-79.1.0,r.-79.1.0,r.-79.1.0,r.-79.1.0,r.-79.1.0,r.-79.1.0,r.-79.1.0,r.-79.1.0,r.-79.1.0,r.-79.1.0,r.-79.1.0,r.-79.1.0,r.-79.1.0,r.-79.1.0,r.-79.1.0,r.-79.1.0,r.-79.1.0,r.-79.1.0,r.-79.1.0,r.-79.1.0,r.-79.1.0,r.-79.1.0,r.-79.1.0,r.-79.1.0,r.-79.1.0,r.-79.1.0,r.-79.1.0,r.-79.1.0,r.-79.1.0,r.-79.1.0,r.-79.1.0,r.-79.1.0,r.-79.1.0,r.-79.1.0,r.-79.1.0,r.-79.1.0,r.-79.1.0,r.-79.1.0,r.-79.1.0,r.-79.1.0,r.-79.1.0,r.-79.1.0,r.-79.1.0,r.-79.1.0,r.-79.1.0,r.-79.1.0,r.-79.1.0,r.-79.1.0,r.-79.1.0,r.-79.1.0,r.-79.1.0,r.-79.1.0,r.-79.1.0,r.-79.1.0,,,,,,,,,,,,,,,,,,,,,,,,,,,,,,,,,,,,,,,,,,,,,,,,,,,,,,,,,,,,,,,,,,,,,,,,,,,,,,,,,,,,,,,,,,,,,,,,,,,,,,,,,,,,,,,,,,,,,,,,,,,,,,,,
411,r.-79.1.0,r.-79.1.0,r.-79.1.0,r.-79.1.0,r.-79.1.0,r.-79.1.0,r.-79.1.0,r.-79.1.0,r.-79.1.0,r.-79.1.0,r.-79.1.0,r.-79.1.0,r.-79.1.0,r.-79.1.0,r.-79.1.0,r.-79.1.0,r.-79.1.0,r.-79.1.0,r.-79.1.0,r.-79.1.0,r.-79.1.0,r.-79.1.0,r.-79.1.0,r.-79.1.0,r.-79.1.0,r.-79.1.0,r.-79.1.0,r.-79.1.0,r.-79.1.0,r.-79.1.0,r.-79.1.0,r.-79.1.0,r.-79.1.0,r.-79.1.0,r.-79.1.0,r.-79.1.0,r.-79.1.0,r.-79.1.0,r.-79.1.0,r.-79.1.0,r.-79.1.0,r.-79.1.0,r.-79.1.0,r.-79.1.0,r.-79.1.0,r.-79.1.0,r.-79.1.0,r.-79.1.0,r.-79.1.0,r.-79.1.0,r.-79.1.0,r.-79.1.0,r.-79.1.0,r.-79.1.0,r.-79.1.0,r.-79.1.0,r.-79.1.0,r.-79.1.0,r.-79.1.0,r.-79.1.0,r.-79.1.0,r.-79.1.0,r.-79.1.0,r.-79.1.0,r.-79.1.0,r.-79.1.0,r.-79.1.0,r.-79.1.0,r.-79.1.0,r.-79.1.0,r.-79.1.0,r.-79.1.0,r.-79.1.0,r.-79.1.0,r.-79.1.0,r.-79.1.0,r.-79.1.0,r.-79.1.0,r.-79.1.0,r.-79.1.0,r.-79.1.0,r.-79.1.0,r.-79.1.0,r.-79.1.0,r.-79.1.0,r.-79.1.0,r.-79.1.0,r.-79.1.0,r.-79.1.0,r.-79.1.0,r.-79.1.0,r.-79.1.0,r.-79.1.0,r.-79.1.0,,,,,,,,,,,,,,,,,,,,,,,,,,,,,,,,,,,,,,,,,,,,,,,,,,,,,,,,,,,,,,,,,,,,,,,,,,,,,,,,,,,,,,,,,,,,,,,,,,,,,,,,,,,,,,,,,,,,,,,,,,,,,,,,
412,r.-79.1.0,r.-79.1.0,r.-79.1.0,r.-79.1.0,r.-79.1.0,r.-79.1.0,r.-79.1.0,r.-79.1.0,r.-79.1.0,r.-79.1.0,r.-79.1.0,r.-79.1.0,r.-79.1.0,r.-79.1.0,r.-79.1.0,r.-79.1.0,r.-79.1.0,r.-79.1.0,r.-79.1.0,r.-79.1.0,r.-79.1.0,r.-79.1.0,r.-79.1.0,r.-79.1.0,r.-79.1.0,r.-79.1.0,r.-79.1.0,r.-79.1.0,r.-79.1.0,r.-79.1.0,r.-79.1.0,r.-79.1.0,r.-79.1.0,r.-79.1.0,r.-79.1.0,r.-79.1.0,r.-79.1.0,r.-79.1.0,r.-79.1.0,r.-79.1.0,r.-79.1.0,r.-79.1.0,r.-79.1.0,r.-79.1.0,r.-79.1.0,r.-79.1.0,r.-79.1.0,r.-79.1.0,r.-79.1.0,r.-79.1.0,r.-79.1.0,r.-79.1.0,r.-79.1.0,r.-79.1.0,r.-79.1.0,r.-79.1.0,r.-79.1.0,r.-79.1.0,r.-79.1.0,r.-79.1.0,r.-79.1.0,r.-79.1.0,r.-79.1.0,r.-79.1.0,r.-79.1.0,r.-79.1.0,r.-79.1.0,r.-79.1.0,r.-79.1.0,r.-79.1.0,r.-79.1.0,r.-79.1.0,r.-79.1.0,r.-79.1.0,r.-79.1.0,r.-79.1.0,r.-79.1.0,r.-79.1.0,r.-79.1.0,r.-79.1.0,r.-79.1.0,r.-79.1.0,r.-79.1.0,r.-79.1.0,r.-79.1.0,r.-79.1.0,r.-79.1.0,r.-79.1.0,r.-79.1.0,r.-79.1.0,r.-79.1.0,r.-79.1.0,r.-79.1.0,r.-79.1.0,,,,,,,,,,,,,,,,,,,,,,,,,,,,,,,,,,,,,,,,,,,,,,,,,,,,,,,,,,,,,,,,,,,,,,,,,,,,,,,,,,,,,,,,,,,,,,,,,,,,,,,,,,,,,,,,,,,,,,,,,,,,,,,,
413,r.-79.1.0,r.-79.1.0,r.-79.1.0,r.-79.1.0,r.-79.1.0,r.-79.1.0,r.-79.1.0,r.-79.1.0,r.-79.1.0,r.-79.1.0,r.-79.1.0,r.-79.1.0,r.-79.1.0,r.-79.1.0,r.-79.1.0,r.-79.1.0,r.-79.1.0,r.-79.1.0,r.-79.1.0,r.-79.1.0,r.-79.1.0,r.-79.1.0,r.-79.1.0,r.-79.1.0,r.-79.1.0,r.-79.1.0,r.-79.1.0,r.-79.1.0,r.-79.1.0,r.-79.1.0,r.-79.1.0,r.-79.1.0,r.-79.1.0,r.-79.1.0,r.-79.1.0,r.-79.1.0,r.-79.1.0,r.-79.1.0,r.-79.1.0,r.-79.1.0,r.-79.1.0,r.-79.1.0,r.-79.1.0,r.-79.1.0,r.-79.1.0,r.-79.1.0,r.-79.1.0,r.-79.1.0,r.-79.1.0,r.-79.1.0,r.-79.1.0,r.-79.1.0,r.-79.1.0,r.-79.1.0,r.-79.1.0,r.-79.1.0,r.-79.1.0,r.-79.1.0,r.-79.1.0,r.-79.1.0,r.-79.1.0,r.-79.1.0,r.-79.1.0,r.-79.1.0,r.-79.1.0,r.-79.1.0,r.-79.1.0,r.-79.1.0,r.-79.1.0,r.-79.1.0,r.-79.1.0,r.-79.1.0,r.-79.1.0,r.-79.1.0,r.-79.1.0,r.-79.1.0,r.-79.1.0,r.-79.1.0,r.-79.1.0,r.-79.1.0,r.-79.1.0,r.-79.1.0,r.-79.1.0,r.-79.1.0,r.-79.1.0,r.-79.1.0,r.-79.1.0,r.-79.1.0,r.-79.1.0,r.-79.1.0,r.-79.1.0,r.-79.1.0,r.-79.1.0,r.-79.1.0,,,,,,,,,,,,,,,,,,,,,,,,,,,,,,,,,,,,,,,,,,,,,,,,,,,,,,,,,,,,,,,,,,,,,,,,,,,,,,,,,,,,,,,,,,,,,,,,,,,,,,,,,,,,,,,,,,,,,,,,,,,,,,,,
414,r.-79.1.0,r.-79.1.0,r.-79.1.0,r.-79.1.0,r.-79.1.0,r.-79.1.0,r.-79.1.0,r.-79.1.0,r.-79.1.0,r.-79.1.0,r.-79.1.0,r.-79.1.0,r.-79.1.0,r.-79.1.0,r.-79.1.0,r.-79.1.0,r.-79.1.0,r.-79.1.0,r.-79.1.0,r.-79.1.0,r.-79.1.0,r.-79.1.0,r.-79.1.0,r.-79.1.0,r.-79.1.0,r.-79.1.0,r.-79.1.0,r.-79.1.0,r.-79.1.0,r.-79.1.0,r.-79.1.0,r.-79.1.0,r.-79.1.0,r.-79.1.0,r.-79.1.0,r.-79.1.0,r.-79.1.0,r.-79.1.0,r.-79.1.0,r.-79.1.0,r.-79.1.0,r.-79.1.0,r.-79.1.0,r.-79.1.0,r.-79.1.0,r.-79.1.0,r.-79.1.0,r.-79.1.0,r.-79.1.0,r.-79.1.0,r.-79.1.0,r.-79.1.0,r.-79.1.0,r.-79.1.0,r.-79.1.0,r.-79.1.0,r.-79.1.0,r.-79.1.0,r.-79.1.0,r.-79.1.0,r.-79.1.0,r.-79.1.0,r.-79.1.0,r.-79.1.0,r.-79.1.0,r.-79.1.0,r.-79.1.0,r.-79.1.0,r.-79.1.0,r.-79.1.0,r.-79.1.0,r.-79.1.0,r.-79.1.0,r.-79.1.0,r.-79.1.0,r.-79.1.0,r.-79.1.0,r.-79.1.0,r.-79.1.0,r.-79.1.0,r.-79.1.0,r.-79.1.0,r.-79.1.0,r.-79.1.0,r.-79.1.0,r.-79.1.0,r.-79.1.0,r.-79.1.0,r.-79.1.0,r.-79.1.0,r.-79.1.0,r.-79.1.0,r.-79.1.0,r.-79.1.0,,,,,,,,,,,,,,,,,,,,,,,,,,,,,,,,,,,,,,,,,,,,,,,,,,,,,,,,,,,,,,,,,,,,,,,,,,,,,,,,,,,,,,,,,,,,,,,,,,,,,,,,,,,,,,,,,,,,,,,,,,,,,,,,
415,r.-79.1.0,r.-79.1.0,r.-79.1.0,r.-79.1.0,r.-79.1.0,r.-79.1.0,r.-79.1.0,r.-79.1.0,r.-79.1.0,r.-79.1.0,r.-79.1.0,r.-79.1.0,r.-79.1.0,r.-79.1.0,r.-79.1.0,r.-79.1.0,r.-79.1.0,r.-79.1.0,r.-79.1.0,r.-79.1.0,r.-79.1.0,r.-79.1.0,r.-79.1.0,r.-79.1.0,r.-79.1.0,r.-79.1.0,r.-79.1.0,r.-79.1.0,r.-79.1.0,r.-79.1.0,r.-79.1.0,r.-79.1.0,r.-79.1.0,r.-79.1.0,r.-79.1.0,r.-79.1.0,r.-79.1.0,r.-79.1.0,r.-79.1.0,r.-79.1.0,r.-79.1.0,r.-79.1.0,r.-79.1.0,r.-79.1.0,r.-79.1.0,r.-79.1.0,r.-79.1.0,r.-79.1.0,r.-79.1.0,r.-79.1.0,r.-79.1.0,r.-79.1.0,r.-79.1.0,r.-79.1.0,r.-79.1.0,r.-79.1.0,r.-79.1.0,r.-79.1.0,r.-79.1.0,r.-79.1.0,r.-79.1.0,r.-79.1.0,r.-79.1.0,r.-79.1.0,r.-79.1.0,r.-79.1.0,r.-79.1.0,r.-79.1.0,r.-79.1.0,r.-79.1.0,r.-79.1.0,r.-79.1.0,r.-79.1.0,r.-79.1.0,r.-79.1.0,r.-79.1.0,r.-79.1.0,r.-79.1.0,r.-79.1.0,r.-79.1.0,r.-79.1.0,r.-79.1.0,r.-79.1.0,r.-79.1.0,r.-79.1.0,r.-79.1.0,r.-79.1.0,r.-79.1.0,r.-79.1.0,r.-79.1.0,r.-79.1.0,r.-79.1.0,r.-79.1.0,r.-79.1.0,,,,,,,,,,,,,,,,,,,,,,,,,,,,,,,,,,,,,,,,,,,,,,,,,,,,,,,,,,,,,,,,,,,,,,,,,,,,,,,,,,,,,,,,,,,,,,,,,,,,,,,,,,,,,,,,,,,,,,,,,,,,,,,,
416,r.-79.1.0,r.-79.1.0,r.-79.1.0,r.-79.1.0,r.-79.1.0,r.-79.1.0,r.-79.1.0,r.-79.1.0,r.-79.1.0,r.-79.1.0,r.-79.1.0,r.-79.1.0,r.-79.1.0,r.-79.1.0,r.-79.1.0,r.-79.1.0,r.-79.1.0,r.-79.1.0,r.-79.1.0,r.-79.1.0,r.-79.1.0,r.-79.1.0,r.-79.1.0,r.-79.1.0,r.-79.1.0,r.-79.1.0,r.-79.1.0,r.-79.1.0,r.-79.1.0,r.-79.1.0,r.-79.1.0,r.-79.1.0,r.-79.1.0,r.-79.1.0,r.-79.1.0,r.-79.1.0,r.-79.1.0,r.-79.1.0,r.-79.1.0,r.-79.1.0,r.-79.1.0,r.-79.1.0,r.-79.1.0,r.-79.1.0,r.-79.1.0,r.-79.1.0,r.-79.1.0,r.-79.1.0,r.-79.1.0,r.-79.1.0,r.-79.1.0,r.-79.1.0,r.-79.1.0,r.-79.1.0,r.-79.1.0,r.-79.1.0,r.-79.1.0,r.-79.1.0,r.-79.1.0,r.-79.1.0,r.-79.1.0,r.-79.1.0,r.-79.1.0,r.-79.1.0,r.-79.1.0,r.-79.1.0,r.-79.1.0,r.-79.1.0,r.-79.1.0,r.-79.1.0,r.-79.1.0,r.-79.1.0,r.-79.1.0,r.-79.1.0,r.-79.1.0,r.-79.1.0,r.-79.1.0,r.-79.1.0,r.-79.1.0,r.-79.1.0,r.-79.1.0,r.-79.1.0,r.-79.1.0,r.-79.1.0,r.-79.1.0,r.-79.1.0,r.-79.1.0,r.-79.1.0,r.-79.1.0,r.-79.1.0,r.-79.1.0,r.-79.1.0,r.-79.1.0,r.-79.1.0,,,,,,,,,,,,,,,,,,,,,,,,,,,,,,,,,,,,,,,,,,,,,,,,,,,,,,,,,,,,,,,,,,,,,,,,,,,,,,,,,,,,,,,,,,,,,,,,,,,,,,,,,,,,,,,,,,,,,,,,,,,,,,,,
417,r.-79.1.0/r.-96.1.0,r.-96.1.0/r.-79.1.0,r.-79.1.0/r.-96.1.0,r.-79.1.0/r.-96.1.0,r.-79.1.0/r.-96.1.0,r.-79.1.0/r.-96.1.0,r.-96.1.0/r.-79.1.0,r.-79.1.0/r.-96.1.0,r.-79.1.0/r.-96.1.0,r.-96.1.0/r.-79.1.0,r.-79.1.0/r.-96.1.0,r.-96.1.0/r.-79.1.0,r.-96.1.0/r.-79.1.0,r.-79.1.0/r.-96.1.0,r.-96.1.0/r.-79.1.0,r.-96.1.0/r.-79.1.0,r.-79.1.0/r.-96.1.0,r.-96.1.0/r.-79.1.0,r.-96.1.0/r.-79.1.0,r.-79.1.0/r.-96.1.0,r.-96.1.0/r.-79.1.0,r.-96.1.0/r.-79.1.0,r.-96.1.0/r.-79.1.0,r.-79.1.0/r.-96.1.0,r.-79.1.0/r.-96.1.0,r.-96.1.0/r.-79.1.0,r.-79.1.0/r.-96.1.0,r.-79.1.0/r.-96.1.0,r.-96.1.0/r.-79.1.0,r.-96.1.0/r.-79.1.0,r.-79.1.0/r.-96.1.0,r.-79.1.0/r.-96.1.0,r.-79.1.0/r.-96.1.0,r.-79.1.0/r.-96.1.0,r.-79.1.0/r.-96.1.0,r.-96.1.0/r.-79.1.0,r.-96.1.0/r.-79.1.0,r.-79.1.0/r.-96.1.0,r.-96.1.0/r.-79.1.0,r.-96.1.0/r.-79.1.0,r.-96.1.0/r.-79.1.0,r.-79.1.0/r.-96.1.0,r.-96.1.0/r.-79.1.0,r.-96.1.0/r.-79.1.0,r.-96.1.0/r.-79.1.0,r.-79.1.0/r.-96.1.0,r.-96.1.0/r.-79.1.0,r.-79.1.0/r.-96.1.0,r.-96.1.0/r.-79.1.0,r.-79.1.0/r.-96.1.0,r.-96.1.0/r.-79.1.0,r.-96.1.0/r.-79.1.0,r.-79.1.0/r.-96.1.0,r.-79.1.0/r.-96.1.0,r.-96.1.0/r.-79.1.0,r.-96.1.0/r.-79.1.0,r.-79.1.0/r.-96.1.0,r.-79.1.0/r.-96.1.0,r.-79.1.0/r.-96.1.0,r.-96.1.0/r.-79.1.0,r.-79.1.0/r.-96.1.0,r.-96.1.0/r.-79.1.0,r.-79.1.0/r.-96.1.0,r.-79.1.0/r.-96.1.0,r.-79.1.0/r.-96.1.0,r.-79.1.0/r.-96.1.0,r.-79.1.0/r.-96.1.0,r.-96.1.0/r.-79.1.0,r.-96.1.0/r.-79.1.0,r.-96.1.0/r.-79.1.0,r.-96.1.0/r.-79.1.0,r.-96.1.0/r.-79.1.0,r.-79.1.0/r.-96.1.0,r.-79.1.0/r.-96.1.0,r.-96.1.0/r.-79.1.0,r.-96.1.0/r.-79.1.0,r.-96.1.0/r.-79.1.0,r.-79.1.0/r.-96.1.0,r.-96.1.0/r.-79.1.0,r.-79.1.0/r.-96.1.0,r.-79.1.0/r.-96.1.0,r.-96.1.0/r.-79.1.0,r.-79.1.0/r.-96.1.0,r.-96.1.0/r.-79.1.0,r.-79.1.0/r.-96.1.0,r.-79.1.0/r.-96.1.0,r.-96.1.0/r.-79.1.0,r.-79.1.0/r.-96.1.0,r.-96.1.0/r.-79.1.0,r.-79.1.0/r.-96.1.0,r.-96.1.0/r.-79.1.0,r.-96.1.0/r.-79.1.0,r.-79.1.0/r.-96.1.0,r.-79.1.0/r.-96.1.0,,,,,,,,,,,,,,,,,,,,,,,,,,,,,,,,,,,,,,,,,,,,,,,,,,,,,,,,,,,,,,,,,,,,,,,,,,,,,,,,,,,,,,,,,,,,,,,,,,,,,,,,,,,,,,,,,,,,,,,,,,,,,,,,
418,r.-79.1.0,r.-79.1.0,r.-79.1.0,r.-79.1.0,r.-79.1.0,r.-79.1.0,r.-79.1.0,r.-79.1.0,r.-79.1.0,r.-79.1.0,r.-79.1.0,r.-79.1.0,r.-79.1.0,r.-79.1.0,r.-79.1.0,r.-79.1.0,r.-79.1.0,r.-79.1.0,r.-79.1.0,r.-79.1.0,r.-79.1.0,r.-79.1.0,r.-79.1.0,r.-79.1.0,r.-79.1.0,r.-79.1.0,r.-79.1.0,r.-79.1.0,r.-79.1.0,r.-79.1.0,r.-79.1.0,r.-79.1.0,r.-79.1.0,r.-79.1.0,r.-79.1.0,r.-79.1.0,r.-79.1.0,r.-79.1.0,r.-79.1.0,r.-79.1.0,r.-79.1.0,r.-79.1.0,r.-79.1.0,r.-79.1.0,r.-79.1.0,r.-79.1.0,r.-79.1.0,r.-79.1.0,r.-79.1.0,r.-79.1.0,r.-79.1.0,r.-79.1.0,r.-79.1.0,r.-79.1.0,r.-79.1.0,r.-79.1.0,r.-79.1.0,r.-79.1.0,r.-79.1.0,r.-79.1.0,r.-79.1.0,r.-79.1.0,r.-79.1.0,r.-79.1.0,r.-79.1.0,r.-79.1.0,r.-79.1.0,r.-79.1.0,r.-79.1.0,r.-79.1.0,r.-79.1.0,r.-79.1.0,r.-79.1.0,r.-79.1.0,r.-79.1.0,r.-79.1.0,r.-79.1.0,r.-79.1.0,r.-79.1.0,r.-79.1.0,r.-79.1.0,r.-79.1.0,r.-79.1.0,r.-79.1.0,r.-79.1.0,r.-79.1.0,r.-79.1.0,r.-79.1.0,r.-79.1.0,r.-79.1.0,r.-79.1.0,r.-79.1.0,r.-79.1.0,r.-79.1.0,,,,,,,,,,,,,,,,,,,,,,,,,,,,,,,,,,,,,,,,,,,,,,,,,,,,,,,,,,,,,,,,,,,,,,,,,,,,,,,,,,,,,,,,,,,,,,,,,,,,,,,,,,,,,,,,,,,,,,,,,,,,,,,,
419,r.-79.1.0,r.-79.1.0,r.-79.1.0,r.-79.1.0,r.-79.1.0,r.-79.1.0,r.-79.1.0,r.-79.1.0,r.-79.1.0,r.-79.1.0,r.-79.1.0,r.-79.1.0,r.-79.1.0,r.-79.1.0,r.-79.1.0,r.-79.1.0,r.-79.1.0,r.-79.1.0,r.-79.1.0,r.-79.1.0,r.-79.1.0,r.-79.1.0,r.-79.1.0,r.-79.1.0,r.-79.1.0,r.-79.1.0,r.-79.1.0,r.-79.1.0,r.-79.1.0,r.-79.1.0,r.-79.1.0,r.-79.1.0,r.-79.1.0,r.-79.1.0,r.-79.1.0,r.-79.1.0,r.-79.1.0,r.-79.1.0,r.-79.1.0,r.-79.1.0,r.-79.1.0,r.-79.1.0,r.-79.1.0,r.-79.1.0,r.-79.1.0,r.-79.1.0,r.-79.1.0,r.-79.1.0,r.-79.1.0,r.-79.1.0,r.-79.1.0,r.-79.1.0,r.-79.1.0,r.-79.1.0,r.-79.1.0,r.-79.1.0,r.-79.1.0,r.-79.1.0,r.-79.1.0,r.-79.1.0,r.-79.1.0,r.-79.1.0,r.-79.1.0,r.-79.1.0,r.-79.1.0,r.-79.1.0,r.-79.1.0,r.-79.1.0,r.-79.1.0,r.-79.1.0,r.-79.1.0,r.-79.1.0,r.-79.1.0,r.-79.1.0,r.-79.1.0,r.-79.1.0,r.-79.1.0,r.-79.1.0,r.-79.1.0,r.-79.1.0,r.-79.1.0,r.-79.1.0,r.-79.1.0,r.-79.1.0,r.-79.1.0,r.-79.1.0,r.-79.1.0,r.-79.1.0,r.-79.1.0,r.-79.1.0,r.-79.1.0,r.-79.1.0,r.-79.1.0,r.-79.1.0,,,,,,,,,,,,,,,,,,,,,,,,,,,,,,,,,,,,,,,,,,,,,,,,,,,,,,,,,,,,,,,,,,,,,,,,,,,,,,,,,,,,,,,,,,,,,,,,,,,,,,,,,,,,,,,,,,,,,,,,,,,,,,,,
420,r.-79.1.0,r.-79.1.0,r.-79.1.0,r.-79.1.0,r.-79.1.0,r.-79.1.0,r.-79.1.0,r.-79.1.0,r.-79.1.0,r.-79.1.0,r.-79.1.0,r.-79.1.0,r.-79.1.0,r.-79.1.0,r.-79.1.0,r.-79.1.0,r.-79.1.0,r.-79.1.0,r.-79.1.0,r.-79.1.0,r.-79.1.0,r.-79.1.0,r.-79.1.0,r.-79.1.0,r.-79.1.0,r.-79.1.0,r.-79.1.0,r.-79.1.0,r.-79.1.0,r.-79.1.0,r.-79.1.0,r.-79.1.0,r.-79.1.0,r.-79.1.0,r.-79.1.0,r.-79.1.0,r.-79.1.0,r.-79.1.0,r.-79.1.0,r.-79.1.0,r.-79.1.0,r.-79.1.0,r.-79.1.0,r.-79.1.0,r.-79.1.0,r.-79.1.0,r.-79.1.0,r.-79.1.0,r.-79.1.0,r.-79.1.0,r.-79.1.0,r.-79.1.0,r.-79.1.0,r.-79.1.0,r.-79.1.0,r.-79.1.0,r.-79.1.0,r.-79.1.0,r.-79.1.0,r.-79.1.0,r.-79.1.0,r.-79.1.0,r.-79.1.0,r.-79.1.0,r.-79.1.0,r.-79.1.0,r.-79.1.0,r.-79.1.0,r.-79.1.0,r.-79.1.0,r.-79.1.0,r.-79.1.0,r.-79.1.0,r.-79.1.0,r.-79.1.0,r.-79.1.0,r.-79.1.0,r.-79.1.0,r.-79.1.0,r.-79.1.0,r.-79.1.0,r.-79.1.0,r.-79.1.0,r.-79.1.0,r.-79.1.0,r.-79.1.0,r.-79.1.0,r.-79.1.0,r.-79.1.0,r.-79.1.0,r.-79.1.0,r.-79.1.0,r.-79.1.0,r.-79.1.0,,,,,,,,,,,,,,,,,,,,,,,,,,,,,,,,,,,,,,,,,,,,,,,,,,,,,,,,,,,,,,,,,,,,,,,,,,,,,,,,,,,,,,,,,,,,,,,,,,,,,,,,,,,,,,,,,,,,,,,,,,,,,,,,
421,r.-79.1.0,r.-79.1.0,r.-79.1.0,r.-79.1.0,r.-79.1.0,r.-79.1.0,r.-79.1.0,r.-79.1.0,r.-79.1.0,r.-79.1.0,r.-79.1.0,r.-79.1.0,r.-79.1.0,r.-79.1.0,r.-79.1.0,r.-79.1.0,r.-79.1.0,r.-79.1.0,r.-79.1.0,r.-79.1.0,r.-79.1.0,r.-79.1.0,r.-79.1.0,r.-79.1.0,r.-79.1.0,r.-79.1.0,r.-79.1.0,r.-79.1.0,r.-79.1.0,r.-79.1.0,r.-79.1.0,r.-79.1.0,r.-79.1.0,r.-79.1.0,r.-79.1.0,r.-79.1.0,r.-79.1.0,r.-79.1.0,r.-79.1.0,r.-79.1.0,r.-79.1.0,r.-79.1.0,r.-79.1.0,r.-79.1.0,r.-79.1.0,r.-79.1.0,r.-79.1.0,r.-79.1.0,r.-79.1.0,r.-79.1.0,r.-79.1.0,r.-79.1.0,r.-79.1.0,r.-79.1.0,r.-79.1.0,r.-79.1.0,r.-79.1.0,r.-79.1.0,r.-79.1.0,r.-79.1.0,r.-79.1.0,r.-79.1.0,r.-79.1.0,r.-79.1.0,r.-79.1.0,r.-79.1.0,r.-79.1.0,r.-79.1.0,r.-79.1.0,r.-79.1.0,r.-79.1.0,r.-79.1.0,r.-79.1.0,r.-79.1.0,r.-79.1.0,r.-79.1.0,r.-79.1.0,r.-79.1.0,r.-79.1.0,r.-79.1.0,r.-79.1.0,r.-79.1.0,r.-79.1.0,r.-79.1.0,r.-79.1.0,r.-79.1.0,r.-79.1.0,r.-79.1.0,r.-79.1.0,r.-79.1.0,r.-79.1.0,r.-79.1.0,r.-79.1.0,r.-79.1.0,,,,,,,,,,,,,,,,,,,,,,,,,,,,,,,,,,,,,,,,,,,,,,,,,,,,,,,,,,,,,,,,,,,,,,,,,,,,,,,,,,,,,,,,,,,,,,,,,,,,,,,,,,,,,,,,,,,,,,,,,,,,,,,,
422,r.-79.1.0,r.-79.1.0,r.-79.1.0,r.-79.1.0,r.-79.1.0,r.-79.1.0,r.-79.1.0,r.-79.1.0,r.-79.1.0,r.-79.1.0,r.-79.1.0,r.-79.1.0,r.-79.1.0,r.-79.1.0,r.-79.1.0,r.-79.1.0,r.-79.1.0,r.-79.1.0,r.-79.1.0,r.-79.1.0,r.-79.1.0,r.-79.1.0,r.-79.1.0,r.-79.1.0,r.-79.1.0,r.-79.1.0,r.-79.1.0,r.-79.1.0,r.-79.1.0,r.-79.1.0,r.-79.1.0,r.-79.1.0,r.-79.1.0,r.-79.1.0,r.-79.1.0,r.-79.1.0,r.-79.1.0,r.-79.1.0,r.-79.1.0,r.-79.1.0,r.-79.1.0,r.-79.1.0,r.-79.1.0,r.-79.1.0,r.-79.1.0,r.-79.1.0,r.-79.1.0,r.-79.1.0,r.-79.1.0,r.-79.1.0,r.-79.1.0,r.-79.1.0,r.-79.1.0,r.-79.1.0,r.-79.1.0,r.-79.1.0,r.-79.1.0,r.-79.1.0,r.-79.1.0,r.-79.1.0,r.-79.1.0,r.-79.1.0,r.-79.1.0,r.-79.1.0,r.-79.1.0,r.-79.1.0,r.-79.1.0,r.-79.1.0,r.-79.1.0,r.-79.1.0,r.-79.1.0,r.-79.1.0,r.-79.1.0,r.-79.1.0,r.-79.1.0,r.-79.1.0,r.-79.1.0,r.-79.1.0,r.-79.1.0,r.-79.1.0,r.-79.1.0,r.-79.1.0,r.-79.1.0,r.-79.1.0,r.-79.1.0,r.-79.1.0,r.-79.1.0,r.-79.1.0,r.-79.1.0,r.-79.1.0,r.-79.1.0,r.-79.1.0,r.-79.1.0,r.-79.1.0,,,,,,,,,,,,,,,,,,,,,,,,,,,,,,,,,,,,,,,,,,,,,,,,,,,,,,,,,,,,,,,,,,,,,,,,,,,,,,,,,,,,,,,,,,,,,,,,,,,,,,,,,,,,,,,,,,,,,,,,,,,,,,,,
423,r.-79.1.0/r.-96.1.0,r.-79.1.0/r.-96.1.0,r.-96.1.0/r.-79.1.0,r.-79.1.0/r.-96.1.0,r.-79.1.0/r.-96.1.0,r.-79.1.0/r.-96.1.0,r.-79.1.0/r.-96.1.0,r.-96.1.0/r.-79.1.0,r.-96.1.0/r.-79.1.0,r.-79.1.0/r.-96.1.0,r.-96.1.0/r.-79.1.0,r.-96.1.0/r.-79.1.0,r.-79.1.0/r.-96.1.0,r.-96.1.0/r.-79.1.0,r.-96.1.0/r.-79.1.0,r.-96.1.0/r.-79.1.0,r.-96.1.0/r.-79.1.0,r.-96.1.0/r.-79.1.0,r.-79.1.0/r.-96.1.0,r.-96.1.0/r.-79.1.0,r.-96.1.0/r.-79.1.0,r.-79.1.0/r.-96.1.0,r.-79.1.0/r.-96.1.0,r.-96.1.0/r.-79.1.0,r.-96.1.0/r.-79.1.0,r.-96.1.0/r.-79.1.0,r.-96.1.0/r.-79.1.0,r.-96.1.0/r.-79.1.0,r.-79.1.0/r.-96.1.0,r.-79.1.0/r.-96.1.0,r.-79.1.0/r.-96.1.0,r.-79.1.0/r.-96.1.0,r.-79.1.0/r.-96.1.0,r.-79.1.0/r.-96.1.0,r.-96.1.0/r.-79.1.0,r.-96.1.0/r.-79.1.0,r.-79.1.0/r.-96.1.0,r.-96.1.0/r.-79.1.0,r.-79.1.0/r.-96.1.0,r.-79.1.0/r.-96.1.0,r.-96.1.0/r.-79.1.0,r.-96.1.0/r.-79.1.0,r.-79.1.0/r.-96.1.0,r.-79.1.0/r.-96.1.0,r.-96.1.0/r.-79.1.0,r.-96.1.0/r.-79.1.0,r.-96.1.0/r.-79.1.0,r.-96.1.0/r.-79.1.0,r.-96.1.0/r.-79.1.0,r.-79.1.0/r.-96.1.0,r.-79.1.0/r.-96.1.0,r.-79.1.0/r.-96.1.0,r.-96.1.0/r.-79.1.0,r.-79.1.0/r.-96.1.0,r.-79.1.0/r.-96.1.0,r.-96.1.0/r.-79.1.0,r.-96.1.0/r.-79.1.0,r.-79.1.0/r.-96.1.0,r.-79.1.0/r.-96.1.0,r.-79.1.0/r.-96.1.0,r.-79.1.0/r.-96.1.0,r.-96.1.0/r.-79.1.0,r.-79.1.0/r.-96.1.0,r.-79.1.0/r.-96.1.0,r.-96.1.0/r.-79.1.0,r.-79.1.0/r.-96.1.0,r.-96.1.0/r.-79.1.0,r.-79.1.0/r.-96.1.0,r.-79.1.0/r.-96.1.0,r.-79.1.0/r.-96.1.0,r.-96.1.0/r.-79.1.0,r.-79.1.0/r.-96.1.0,r.-79.1.0/r.-96.1.0,r.-96.1.0/r.-79.1.0,r.-96.1.0/r.-79.1.0,r.-79.1.0/r.-96.1.0,r.-96.1.0/r.-79.1.0,r.-96.1.0/r.-79.1.0,r.-79.1.0/r.-96.1.0,r.-96.1.0/r.-79.1.0,r.-79.1.0/r.-96.1.0,r.-79.1.0/r.-96.1.0,r.-96.1.0/r.-79.1.0,r.-96.1.0/r.-79.1.0,r.-96.1.0/r.-79.1.0,r.-79.1.0/r.-96.1.0,r.-79.1.0/r.-96.1.0,r.-79.1.0/r.-96.1.0,r.-79.1.0/r.-96.1.0,r.-79.1.0/r.-96.1.0,r.-96.1.0/r.-79.1.0,r.-96.1.0/r.-79.1.0,r.-96.1.0/r.-79.1.0,r.-96.1.0/r.-79.1.0,,,,,,,,,,,,,,,,,,,,,,,,,,,,,,,,,,,,,,,,,,,,,,,,,,,,,,,,,,,,,,,,,,,,,,,,,,,,,,,,,,,,,,,,,,,,,,,,,,,,,,,,,,,,,,,,,,,,,,,,,,,,,,,,
424,r.-81.1.0,r.-81.1.0,r.-81.1.0,r.-81.1.0,r.-81.1.0,r.-81.1.0,r.-81.1.0,r.-81.1.0,r.-81.1.0,r.-81.1.0,r.-81.1.0,r.-81.1.0,r.-81.1.0,r.-81.1.0,r.-81.1.0,r.-81.1.0,r.-81.1.0,r.-81.1.0,r.-81.1.0,r.-81.1.0,r.-81.1.0,r.-81.1.0,r.-81.1.0,r.-81.1.0,r.-81.1.0,r.-81.1.0,r.-81.1.0,r.-81.1.0,r.-81.1.0,r.-81.1.0,r.-81.1.0,r.-81.1.0,r.-81.1.0,r.-81.1.0,r.-81.1.0,r.-81.1.0,r.-81.1.0,r.-81.1.0,r.-81.1.0,r.-81.1.0,r.-81.1.0,r.-81.1.0,r.-81.1.0,r.-81.1.0,r.-81.1.0,r.-81.1.0,r.-81.1.0,r.-81.1.0,r.-81.1.0,r.-81.1.0,r.-81.1.0,r.-81.1.0,r.-81.1.0,r.-81.1.0,r.-81.1.0,r.-81.1.0,r.-81.1.0,r.-81.1.0,r.-81.1.0,r.-81.1.0,r.-81.1.0,r.-81.1.0,r.-81.1.0,r.-81.1.0,r.-81.1.0,r.-81.1.0,r.-81.1.0,r.-81.1.0,r.-81.1.0,r.-81.1.0,r.-81.1.0,r.-81.1.0,r.-81.1.0,r.-81.1.0,r.-81.1.0,r.-81.1.0,r.-81.1.0,r.-81.1.0,r.-81.1.0,r.-81.1.0,r.-81.1.0,r.-81.1.0,r.-81.1.0,r.-81.1.0,r.-81.1.0,r.-81.1.0,r.-81.1.0,r.-81.1.0,r.-81.1.0,r.-81.1.0,r.-81.1.0,r.-81.1.0,r.-81.1.0,r.-81.1.0,,,,,,,,,,,,,,,,,,,,,,,,,,,,,,,,,,,,,,,,,,,,,,,,,,,,,,,,,,,,,,,,,,,,,,,,,,,,,,,,,,,,,,,,,,,,,,,,,,,,,,,,,,,,,,,,,,,,,,,,,,,,,,,,
425,r.-96.1.0,r.-96.1.0,r.-96.1.0,r.-96.1.0,r.-96.1.0,r.-96.1.0,r.-96.1.0,r.-96.1.0,r.-96.1.0,r.-96.1.0,r.-96.1.0,r.-96.1.0,r.-96.1.0,r.-96.1.0,r.-96.1.0,r.-96.1.0,r.-96.1.0,r.-96.1.0,r.-96.1.0,r.-96.1.0,r.-96.1.0,r.-96.1.0,r.-96.1.0,r.-96.1.0,r.-96.1.0,r.-96.1.0,r.-96.1.0,r.-96.1.0,r.-96.1.0,r.-96.1.0,r.-96.1.0,r.-96.1.0,r.-96.1.0,r.-96.1.0,r.-96.1.0,r.-96.1.0,r.-96.1.0,r.-96.1.0,r.-96.1.0,r.-96.1.0,r.-96.1.0,r.-96.1.0,r.-96.1.0,r.-96.1.0,r.-96.1.0,r.-96.1.0,r.-96.1.0,r.-96.1.0,r.-96.1.0,r.-96.1.0,r.-96.1.0,r.-96.1.0,r.-96.1.0,r.-96.1.0,r.-96.1.0,r.-96.1.0,r.-96.1.0,r.-96.1.0,r.-96.1.0,r.-96.1.0,r.-96.1.0,r.-96.1.0,r.-96.1.0,r.-96.1.0,r.-96.1.0,r.-96.1.0,r.-96.1.0,r.-96.1.0,r.-96.1.0,r.-96.1.0,r.-96.1.0,r.-96.1.0,r.-96.1.0,r.-96.1.0,r.-96.1.0,r.-96.1.0,r.-96.1.0,r.-96.1.0,r.-96.1.0,r.-96.1.0,r.-96.1.0,r.-96.1.0,r.-96.1.0,r.-96.1.0,r.-96.1.0,r.-96.1.0,r.-96.1.0,r.-96.1.0,r.-96.1.0,r.-96.1.0,r.-96.1.0,r.-96.1.0,r.-96.1.0,r.-96.1.0,,,,,,,,,,,,,,,,,,,,,,,,,,,,,,,,,,,,,,,,,,,,,,,,,,,,,,,,,,,,,,,,,,,,,,,,,,,,,,,,,,,,,,,,,,,,,,,,,,,,,,,,,,,,,,,,,,,,,,,,,,,,,,,,
426,p.427/r.-79.0.0,p.428/r.-79.0.0,p.429/r.-79.0.0,p.430/r.-79.0.0,p.431/r.-79.0.0,p.432/r.-79.0.0,p.346/r.-79.0.0,p.347/r.-79.0.0,p.348/r.-79.0.0,p.349/r.-79.0.0,p.433/r.-79.0.0,p.434/r.-79.0.0,p.435/r.-79.0.0,p.436/r.-79.0.0,p.354/r.-79.0.0,p.355/r.-93.0.0/r.-79.0.0,p.437/r.-79.0.0,p.438/r.-79.0.0,p.358/r.-79.0.0,p.359/r.-79.0.0,p.439/r.-79.0.0,p.440/r.-79.0.0,p.441/r.-79.0.0,p.442/r.-79.0.0,p.443/r.-79.0.0,p.444/r.-79.0.0,p.445/r.-79.0.0,p.446/r.-79.0.0,p.447/r.-79.0.0,p.448/r.-79.0.0,p.449/r.-79.0.0,p.450/r.-79.0.0,p.451/r.-79.0.0,p.452/r.-79.0.0,p.364/r.-79.0.0/r.-93.0.0,p.365/r.-79.0.0,p.453/r.-79.0.0,p.454/r.-79.0.0,p.455/r.-79.0.0,p.456/r.-79.0.0,p.370/r.-79.0.0,p.457/r.-79.0.0,p.372/r.-79.0.0,p.458/r.-79.0.0,p.374/r.-79.0.0,p.375/r.-79.0.0,p.376/r.-79.0.0,p.377/r.-79.0.0,p.378/r.-79.0.0,p.379/r.-79.0.0,p.380/r.-79.0.0,p.381/r.-79.0.0,p.382/r.-79.0.0,p.383/r.-79.0.0,p.384/r.-79.0.0,p.385/r.-79.0.0,p.386/r.-79.0.0,p.387/r.-79.0.0,p.459/r.-79.0.0,p.389/r.-79.0.0,p.460/r.-79.0.0,p.391/r.-79.0.0,p.392/r.-79.0.0,p.393/r.-79.0.0,p.461/r.-79.0.0,p.395/r.-79.0.0,p.396/r.-79.0.0,p.397/r.-79.0.0,p.398/r.-79.0.0,p.399/r.-79.0.0,p.400/r.-79.0.0,p.462/r.-79.0.0,p.402/r.-79.0.0,p.403/r.-79.0.0,p.404/r.-79.0.0,p.405/r.-79.0.0,p.406/r.-79.0.0,p.407/r.-79.0.0,p.408/r.-79.0.0,p.409/r.-79.0.0,p.410/r.-79.0.0,p.411/r.-79.0.0,p.412/r.-79.0.0,p.413/r.-79.0.0,p.414/r.-79.0.0,p.415/r.-79.0.0,p.416/r.-79.0.0,p.463/r.-79.0.0,p.418/r.-79.0.0,p.419/r.-79.0.0,p.420/r.-79.0.0,p.421/r.-79.0.0,p.422/r.-79.0.0,p.464/r.-79.0.0,,,,,,,,,,,,,,,,,,,,,,,,,,,,,,,,,,,,,,,,,,,,,,,,,,,,,,,,,,,,,,,,,,,,,,,,,,,,,,,,p.424,,p.465,,,,,,,,,,,,p.466,,p.467,,,,,,,,,,,,,,,,,,,,,,,,,,,,,,,,
427,r.-95.1.0,r.-95.1.0,r.-95.1.0,r.-95.1.0,r.-95.1.0,r.-95.1.0,r.-95.1.0,r.-95.1.0,r.-95.1.0,r.-95.1.0,r.-95.1.0,r.-95.1.0,r.-95.1.0,r.-95.1.0,r.-95.1.0,r.-95.1.0,r.-95.1.0,r.-95.1.0,r.-95.1.0,r.-95.1.0,r.-95.1.0,r.-95.1.0,r.-95.1.0,r.-95.1.0,r.-95.1.0,r.-95.1.0,r.-95.1.0,r.-95.1.0,r.-95.1.0,r.-95.1.0,r.-95.1.0,r.-95.1.0,r.-95.1.0,r.-95.1.0,r.-95.1.0,r.-95.1.0,r.-95.1.0,r.-95.1.0,r.-95.1.0,r.-95.1.0,r.-95.1.0,r.-95.1.0,r.-95.1.0,r.-95.1.0,r.-95.1.0,r.-95.1.0,r.-95.1.0,r.-95.1.0,r.-95.1.0,r.-95.1.0,r.-95.1.0,r.-95.1.0,r.-95.1.0,r.-95.1.0,r.-95.1.0,r.-95.1.0,r.-95.1.0,r.-95.1.0,r.-95.1.0,r.-95.1.0,r.-95.1.0,r.-95.1.0,r.-95.1.0,r.-95.1.0,r.-95.1.0,r.-95.1.0,r.-95.1.0,r.-95.1.0,r.-95.1.0,r.-95.1.0,r.-95.1.0,r.-95.1.0,r.-95.1.0,r.-95.1.0,r.-95.1.0,r.-95.1.0,r.-95.1.0,r.-95.1.0,r.-95.1.0,r.-95.1.0,r.-95.1.0,r.-95.1.0,r.-95.1.0,r.-95.1.0,r.-95.1.0,r.-95.1.0,r.-95.1.0,r.-95.1.0,r.-95.1.0,r.-95.1.0,r.-95.1.0,r.-95.1.0,r.-95.1.0,r.-95.1.0,,,,,,,,,,,,,,,,,,,,,,,,,,,,,,,,,,,,,,,,,,,,,,,,,,,,,,,,,,,,,,,,,,,,,,,,,,,,,,,,,,,,,,,,,,,,,,,,,,,,,,,,,,,,,,,,,,,,,,,,,,,,,,,,
428,r.-95.1.0,r.-95.1.0,r.-95.1.0,r.-95.1.0,r.-95.1.0,r.-95.1.0,r.-95.1.0,r.-95.1.0,r.-95.1.0,r.-95.1.0,r.-95.1.0,r.-95.1.0,r.-95.1.0,r.-95.1.0,r.-95.1.0,r.-95.1.0,r.-95.1.0,r.-95.1.0,r.-95.1.0,r.-95.1.0,r.-95.1.0,r.-95.1.0,r.-95.1.0,r.-95.1.0,r.-95.1.0,r.-95.1.0,r.-95.1.0,r.-95.1.0,r.-95.1.0,r.-95.1.0,r.-95.1.0,r.-95.1.0,r.-95.1.0,r.-95.1.0,r.-95.1.0,r.-95.1.0,r.-95.1.0,r.-95.1.0,r.-95.1.0,r.-95.1.0,r.-95.1.0,r.-95.1.0,r.-95.1.0,r.-95.1.0,r.-95.1.0,r.-95.1.0,r.-95.1.0,r.-95.1.0,r.-95.1.0,r.-95.1.0,r.-95.1.0,r.-95.1.0,r.-95.1.0,r.-95.1.0,r.-95.1.0,r.-95.1.0,r.-95.1.0,r.-95.1.0,r.-95.1.0,r.-95.1.0,r.-95.1.0,r.-95.1.0,r.-95.1.0,r.-95.1.0,r.-95.1.0,r.-95.1.0,r.-95.1.0,r.-95.1.0,r.-95.1.0,r.-95.1.0,r.-95.1.0,r.-95.1.0,r.-95.1.0,r.-95.1.0,r.-95.1.0,r.-95.1.0,r.-95.1.0,r.-95.1.0,r.-95.1.0,r.-95.1.0,r.-95.1.0,r.-95.1.0,r.-95.1.0,r.-95.1.0,r.-95.1.0,r.-95.1.0,r.-95.1.0,r.-95.1.0,r.-95.1.0,r.-95.1.0,r.-95.1.0,r.-95.1.0,r.-95.1.0,r.-95.1.0,,,,,,,,,,,,,,,,,,,,,,,,,,,,,,,,,,,,,,,,,,,,,,,,,,,,,,,,,,,,,,,,,,,,,,,,,,,,,,,,,,,,,,,,,,,,,,,,,,,,,,,,,,,,,,,,,,,,,,,,,,,,,,,,
429,r.-79.1.0/r.-95.1.0,r.-95.1.0/r.-79.1.0,r.-79.1.0/r.-95.1.0,r.-95.1.0/r.-79.1.0,r.-79.1.0/r.-95.1.0,r.-95.1.0/r.-79.1.0,r.-79.1.0/r.-95.1.0,r.-95.1.0/r.-79.1.0,r.-79.1.0/r.-95.1.0,r.-95.1.0/r.-79.1.0,r.-95.1.0/r.-79.1.0,r.-79.1.0/r.-95.1.0,r.-95.1.0/r.-79.1.0,r.-79.1.0/r.-95.1.0,r.-79.1.0/r.-95.1.0,r.-95.1.0/r.-79.1.0,r.-95.1.0/r.-79.1.0,r.-95.1.0/r.-79.1.0,r.-79.1.0/r.-95.1.0,r.-95.1.0/r.-79.1.0,r.-79.1.0/r.-95.1.0,r.-95.1.0/r.-79.1.0,r.-79.1.0/r.-95.1.0,r.-95.1.0/r.-79.1.0,r.-79.1.0/r.-95.1.0,r.-79.1.0/r.-95.1.0,r.-95.1.0/r.-79.1.0,r.-79.1.0/r.-95.1.0,r.-95.1.0/r.-79.1.0,r.-79.1.0/r.-95.1.0,r.-95.1.0/r.-79.1.0,r.-95.1.0/r.-79.1.0,r.-95.1.0/r.-79.1.0,r.-79.1.0/r.-95.1.0,r.-95.1.0/r.-79.1.0,r.-79.1.0/r.-95.1.0,r.-79.1.0/r.-95.1.0,r.-79.1.0/r.-95.1.0,r.-79.1.0/r.-95.1.0,r.-95.1.0/r.-79.1.0,r.-79.1.0/r.-95.1.0,r.-79.1.0/r.-95.1.0,r.-79.1.0/r.-95.1.0,r.-79.1.0/r.-95.1.0,r.-79.1.0/r.-95.1.0,r.-95.1.0/r.-79.1.0,r.-79.1.0/r.-95.1.0,r.-79.1.0/r.-95.1.0,r.-79.1.0/r.-95.1.0,r.-79.1.0/r.-95.1.0,r.-95.1.0/r.-79.1.0,r.-79.1.0/r.-95.1.0,r.-95.1.0/r.-79.1.0,r.-95.1.0/r.-79.1.0,r.-79.1.0/r.-95.1.0,r.-79.1.0/r.-95.1.0,r.-79.1.0/r.-95.1.0,r.-79.1.0/r.-95.1.0,r.-95.1.0/r.-79.1.0,r.-95.1.0/r.-79.1.0,r.-95.1.0/r.-79.1.0,r.-79.1.0/r.-95.1.0,r.-95.1.0/r.-79.1.0,r.-95.1.0/r.-79.1.0,r.-95.1.0/r.-79.1.0,r.-95.1.0/r.-79.1.0,r.-79.1.0/r.-95.1.0,r.-79.1.0/r.-95.1.0,r.-95.1.0/r.-79.1.0,r.-79.1.0/r.-95.1.0,r.-95.1.0/r.-79.1.0,r.-79.1.0/r.-95.1.0,r.-79.1.0/r.-95.1.0,r.-79.1.0/r.-95.1.0,r.-95.1.0/r.-79.1.0,r.-79.1.0/r.-95.1.0,r.-79.1.0/r.-95.1.0,r.-95.1.0/r.-79.1.0,r.-79.1.0/r.-95.1.0,r.-79.1.0/r.-95.1.0,r.-79.1.0/r.-95.1.0,r.-95.1.0/r.-79.1.0,r.-95.1.0/r.-79.1.0,r.-95.1.0/r.-79.1.0,r.-79.1.0/r.-95.1.0,r.-95.1.0/r.-79.1.0,r.-95.1.0/r.-79.1.0,r.-95.1.0/r.-79.1.0,r.-79.1.0/r.-95.1.0,r.-95.1.0/r.-79.1.0,r.-95.1.0/r.-79.1.0,r.-95.1.0/r.-79.1.0,r.-95.1.0/r.-79.1.0,r.-95.1.0/r.-79.1.0,,,,,,,,,,,,,,,,,,,,,,,,,,,,,,,,,,,,,,,,,,,,,,,,,,,,,,,,,,,,,,,,,,,,,,,,,,,,,,,,,,,,,,,,,,,,,,,,,,,,,,,,,,,,,,,,,,,,,,,,,,,,,,,,
430,r.-79.1.0/r.-95.1.0,r.-79.1.0/r.-95.1.0,r.-79.1.0/r.-95.1.0,r.-95.1.0/r.-79.1.0,r.-79.1.0/r.-95.1.0,r.-79.1.0/r.-95.1.0,r.-95.1.0/r.-79.1.0,r.-95.1.0/r.-79.1.0,r.-95.1.0/r.-79.1.0,r.-95.1.0/r.-79.1.0,r.-79.1.0/r.-95.1.0,r.-79.1.0/r.-95.1.0,r.-95.1.0/r.-79.1.0,r.-95.1.0/r.-79.1.0,r.-79.1.0/r.-95.1.0,r.-95.1.0/r.-79.1.0,r.-95.1.0/r.-79.1.0,r.-79.1.0/r.-95.1.0,r.-79.1.0/r.-95.1.0,r.-95.1.0/r.-79.1.0,r.-79.1.0/r.-95.1.0,r.-79.1.0/r.-95.1.0,r.-79.1.0/r.-95.1.0,r.-95.1.0/r.-79.1.0,r.-95.1.0/r.-79.1.0,r.-79.1.0/r.-95.1.0,r.-95.1.0/r.-79.1.0,r.-79.1.0/r.-95.1.0,r.-79.1.0/r.-95.1.0,r.-79.1.0/r.-95.1.0,r.-95.1.0/r.-79.1.0,r.-79.1.0/r.-95.1.0,r.-79.1.0/r.-95.1.0,r.-95.1.0/r.-79.1.0,r.-79.1.0/r.-95.1.0,r.-95.1.0/r.-79.1.0,r.-95.1.0/r.-79.1.0,r.-79.1.0/r.-95.1.0,r.-79.1.0/r.-95.1.0,r.-95.1.0/r.-79.1.0,r.-79.1.0/r.-95.1.0,r.-95.1.0/r.-79.1.0,r.-79.1.0/r.-95.1.0,r.-95.1.0/r.-79.1.0,r.-79.1.0/r.-95.1.0,r.-79.1.0/r.-95.1.0,r.-95.1.0/r.-79.1.0,r.-95.1.0/r.-79.1.0,r.-95.1.0/r.-79.1.0,r.-79.1.0/r.-95.1.0,r.-95.1.0/r.-79.1.0,r.-79.1.0/r.-95.1.0,r.-79.1.0/r.-95.1.0,r.-79.1.0/r.-95.1.0,r.-95.1.0/r.-79.1.0,r.-95.1.0/r.-79.1.0,r.-95.1.0/r.-79.1.0,r.-79.1.0/r.-95.1.0,r.-79.1.0/r.-95.1.0,r.-95.1.0/r.-79.1.0,r.-95.1.0/r.-79.1.0,r.-95.1.0/r.-79.1.0,r.-95.1.0/r.-79.1.0,r.-95.1.0/r.-79.1.0,r.-79.1.0/r.-95.1.0,r.-79.1.0/r.-95.1.0,r.-79.1.0/r.-95.1.0,r.-95.1.0/r.-79.1.0,r.-79.1.0/r.-95.1.0,r.-95.1.0/r.-79.1.0,r.-79.1.0/r.-95.1.0,r.-79.1.0/r.-95.1.0,r.-95.1.0/r.-79.1.0,r.-79.1.0/r.-95.1.0,r.-95.1.0/r.-79.1.0,r.-95.1.0/r.-79.1.0,r.-79.1.0/r.-95.1.0,r.-79.1.0/r.-95.1.0,r.-95.1.0/r.-79.1.0,r.-95.1.0/r.-79.1.0,r.-95.1.0/r.-79.1.0,r.-79.1.0/r.-95.1.0,r.-79.1.0/r.-95.1.0,r.-79.1.0/r.-95.1.0,r.-95.1.0/r.-79.1.0,r.-95.1.0/r.-79.1.0,r.-95.1.0/r.-79.1.0,r.-95.1.0/r.-79.1.0,r.-95.1.0/r.-79.1.0,r.-79.1.0/r.-95.1.0,r.-79.1.0/r.-95.1.0,r.-95.1.0/r.-79.1.0,r.-79.1.0/r.-95.1.0,r.-79.1.0/r.-95.1.0,,,,,,,,,,,,,,,,,,,,,,,,,,,,,,,,,,,,,,,,,,,,,,,,,,,,,,,,,,,,,,,,,,,,,,,,,,,,,,,,,,,,,,,,,,,,,,,,,,,,,,,,,,,,,,,,,,,,,,,,,,,,,,,,
431,r.-95.1.0,r.-95.1.0,r.-95.1.0,r.-95.1.0,r.-95.1.0,r.-95.1.0,r.-95.1.0,r.-95.1.0,r.-95.1.0,r.-95.1.0,r.-95.1.0,r.-95.1.0,r.-95.1.0,r.-95.1.0,r.-95.1.0,r.-95.1.0,r.-95.1.0,r.-95.1.0,r.-95.1.0,r.-95.1.0,r.-95.1.0,r.-95.1.0,r.-95.1.0,r.-95.1.0,r.-95.1.0,r.-95.1.0,r.-95.1.0,r.-95.1.0,r.-95.1.0,r.-95.1.0,r.-95.1.0,r.-95.1.0,r.-95.1.0,r.-95.1.0,r.-95.1.0,r.-95.1.0,r.-95.1.0,r.-95.1.0,r.-95.1.0,r.-95.1.0,r.-95.1.0,r.-95.1.0,r.-95.1.0,r.-95.1.0,r.-95.1.0,r.-95.1.0,r.-95.1.0,r.-95.1.0,r.-95.1.0,r.-95.1.0,r.-95.1.0,r.-95.1.0,r.-95.1.0,r.-95.1.0,r.-95.1.0,r.-95.1.0,r.-95.1.0,r.-95.1.0,r.-95.1.0,r.-95.1.0,r.-95.1.0,r.-95.1.0,r.-95.1.0,r.-95.1.0,r.-95.1.0,r.-95.1.0,r.-95.1.0,r.-95.1.0,r.-95.1.0,r.-95.1.0,r.-95.1.0,r.-95.1.0,r.-95.1.0,r.-95.1.0,r.-95.1.0,r.-95.1.0,r.-95.1.0,r.-95.1.0,r.-95.1.0,r.-95.1.0,r.-95.1.0,r.-95.1.0,r.-95.1.0,r.-95.1.0,r.-95.1.0,r.-95.1.0,r.-95.1.0,r.-95.1.0,r.-95.1.0,r.-95.1.0,r.-95.1.0,r.-95.1.0,r.-95.1.0,r.-95.1.0,,,,,,,,,,,,,,,,,,,,,,,,,,,,,,,,,,,,,,,,,,,,,,,,,,,,,,,,,,,,,,,,,,,,,,,,,,,,,,,,,,,,,,,,,,,,,,,,,,,,,,,,,,,,,,,,,,,,,,,,,,,,,,,,
432,r.-79.1.0/r.-95.1.0,r.-79.1.0/r.-95.1.0,r.-79.1.0/r.-95.1.0,r.-95.1.0/r.-79.1.0,r.-95.1.0/r.-79.1.0,r.-95.1.0/r.-79.1.0,r.-95.1.0/r.-79.1.0,r.-95.1.0/r.-79.1.0,r.-95.1.0/r.-79.1.0,r.-95.1.0/r.-79.1.0,r.-95.1.0/r.-79.1.0,r.-79.1.0/r.-95.1.0,r.-95.1.0/r.-79.1.0,r.-79.1.0/r.-95.1.0,r.-95.1.0/r.-79.1.0,r.-95.1.0/r.-79.1.0,r.-95.1.0/r.-79.1.0,r.-79.1.0/r.-95.1.0,r.-79.1.0/r.-95.1.0,r.-79.1.0/r.-95.1.0,r.-95.1.0/r.-79.1.0,r.-79.1.0/r.-95.1.0,r.-95.1.0/r.-79.1.0,r.-95.1.0/r.-79.1.0,r.-79.1.0/r.-95.1.0,r.-95.1.0/r.-79.1.0,r.-95.1.0/r.-79.1.0,r.-95.1.0/r.-79.1.0,r.-79.1.0/r.-95.1.0,r.-79.1.0/r.-95.1.0,r.-79.1.0/r.-95.1.0,r.-95.1.0/r.-79.1.0,r.-79.1.0/r.-95.1.0,r.-95.1.0/r.-79.1.0,r.-79.1.0/r.-95.1.0,r.-95.1.0/r.-79.1.0,r.-95.1.0/r.-79.1.0,r.-79.1.0/r.-95.1.0,r.-79.1.0/r.-95.1.0,r.-79.1.0/r.-95.1.0,r.-95.1.0/r.-79.1.0,r.-95.1.0/r.-79.1.0,r.-95.1.0/r.-79.1.0,r.-79.1.0/r.-95.1.0,r.-79.1.0/r.-95.1.0,r.-95.1.0/r.-79.1.0,r.-95.1.0/r.-79.1.0,r.-95.1.0/r.-79.1.0,r.-79.1.0/r.-95.1.0,r.-79.1.0/r.-95.1.0,r.-95.1.0/r.-79.1.0,r.-79.1.0/r.-95.1.0,r.-95.1.0/r.-79.1.0,r.-79.1.0/r.-95.1.0,r.-79.1.0/r.-95.1.0,r.-79.1.0/r.-95.1.0,r.-79.1.0/r.-95.1.0,r.-79.1.0/r.-95.1.0,r.-95.1.0/r.-79.1.0,r.-95.1.0/r.-79.1.0,r.-95.1.0/r.-79.1.0,r.-95.1.0/r.-79.1.0,r.-95.1.0/r.-79.1.0,r.-95.1.0/r.-79.1.0,r.-95.1.0/r.-79.1.0,r.-79.1.0/r.-95.1.0,r.-79.1.0/r.-95.1.0,r.-79.1.0/r.-95.1.0,r.-95.1.0/r.-79.1.0,r.-95.1.0/r.-79.1.0,r.-95.1.0/r.-79.1.0,r.-79.1.0/r.-95.1.0,r.-95.1.0/r.-79.1.0,r.-95.1.0/r.-79.1.0,r.-79.1.0/r.-95.1.0,r.-79.1.0/r.-95.1.0,r.-95.1.0/r.-79.1.0,r.-95.1.0/r.-79.1.0,r.-79.1.0/r.-95.1.0,r.-79.1.0/r.-95.1.0,r.-95.1.0/r.-79.1.0,r.-79.1.0/r.-95.1.0,r.-95.1.0/r.-79.1.0,r.-95.1.0/r.-79.1.0,r.-95.1.0/r.-79.1.0,r.-79.1.0/r.-95.1.0,r.-95.1.0/r.-79.1.0,r.-95.1.0/r.-79.1.0,r.-95.1.0/r.-79.1.0,r.-79.1.0/r.-95.1.0,r.-79.1.0/r.-95.1.0,r.-79.1.0/r.-95.1.0,r.-95.1.0/r.-79.1.0,r.-95.1.0/r.-79.1.0,,,,,,,,,,,,,,,,,,,,,,,,,,,,,,,,,,,,,,,,,,,,,,,,,,,,,,,,,,,,,,,,,,,,,,,,,,,,,,,,,,,,,,,,,,,,,,,,,,,,,,,,,,,,,,,,,,,,,,,,,,,,,,,,
433,r.-95.1.0,r.-95.1.0,r.-95.1.0,r.-95.1.0,r.-95.1.0,r.-95.1.0,r.-95.1.0,r.-95.1.0,r.-95.1.0,r.-95.1.0,r.-95.1.0,r.-95.1.0,r.-95.1.0,r.-95.1.0,r.-95.1.0,r.-95.1.0,r.-95.1.0,r.-95.1.0,r.-95.1.0,r.-95.1.0,r.-95.1.0,r.-95.1.0,r.-95.1.0,r.-95.1.0,r.-95.1.0,r.-95.1.0,r.-95.1.0,r.-95.1.0,r.-95.1.0,r.-95.1.0,r.-95.1.0,r.-95.1.0,r.-95.1.0,r.-95.1.0,r.-95.1.0,r.-95.1.0,r.-95.1.0,r.-95.1.0,r.-95.1.0,r.-95.1.0,r.-95.1.0,r.-95.1.0,r.-95.1.0,r.-95.1.0,r.-95.1.0,r.-95.1.0,r.-95.1.0,r.-95.1.0,r.-95.1.0,r.-95.1.0,r.-95.1.0,r.-95.1.0,r.-95.1.0,r.-95.1.0,r.-95.1.0,r.-95.1.0,r.-95.1.0,r.-95.1.0,r.-95.1.0,r.-95.1.0,r.-95.1.0,r.-95.1.0,r.-95.1.0,r.-95.1.0,r.-95.1.0,r.-95.1.0,r.-95.1.0,r.-95.1.0,r.-95.1.0,r.-95.1.0,r.-95.1.0,r.-95.1.0,r.-95.1.0,r.-95.1.0,r.-95.1.0,r.-95.1.0,r.-95.1.0,r.-95.1.0,r.-95.1.0,r.-95.1.0,r.-95.1.0,r.-95.1.0,r.-95.1.0,r.-95.1.0,r.-95.1.0,r.-95.1.0,r.-95.1.0,r.-95.1.0,r.-95.1.0,r.-95.1.0,r.-95.1.0,r.-95.1.0,r.-95.1.0,r.-95.1.0,,,,,,,,,,,,,,,,,,,,,,,,,,,,,,,,,,,,,,,,,,,,,,,,,,,,,,,,,,,,,,,,,,,,,,,,,,,,,,,,,,,,,,,,,,,,,,,,,,,,,,,,,,,,,,,,,,,,,,,,,,,,,,,,
434,r.-95.1.0/r.-79.1.0,r.-95.1.0/r.-79.1.0,r.-95.1.0/r.-79.1.0,r.-95.1.0/r.-79.1.0,r.-79.1.0/r.-95.1.0,r.-79.1.0/r.-95.1.0,r.-79.1.0/r.-95.1.0,r.-79.1.0/r.-95.1.0,r.-95.1.0/r.-79.1.0,r.-95.1.0/r.-79.1.0,r.-95.1.0/r.-79.1.0,r.-79.1.0/r.-95.1.0,r.-79.1.0/r.-95.1.0,r.-79.1.0/r.-95.1.0,r.-95.1.0/r.-79.1.0,r.-79.1.0/r.-95.1.0,r.-95.1.0/r.-79.1.0,r.-79.1.0/r.-95.1.0,r.-95.1.0/r.-79.1.0,r.-79.1.0/r.-95.1.0,r.-79.1.0/r.-95.1.0,r.-79.1.0/r.-95.1.0,r.-95.1.0/r.-79.1.0,r.-79.1.0/r.-95.1.0,r.-79.1.0/r.-95.1.0,r.-95.1.0/r.-79.1.0,r.-79.1.0/r.-95.1.0,r.-95.1.0/r.-79.1.0,r.-79.1.0/r.-95.1.0,r.-79.1.0/r.-95.1.0,r.-79.1.0/r.-95.1.0,r.-79.1.0/r.-95.1.0,r.-79.1.0/r.-95.1.0,r.-95.1.0/r.-79.1.0,r.-95.1.0/r.-79.1.0,r.-79.1.0/r.-95.1.0,r.-79.1.0/r.-95.1.0,r.-79.1.0/r.-95.1.0,r.-95.1.0/r.-79.1.0,r.-79.1.0/r.-95.1.0,r.-79.1.0/r.-95.1.0,r.-79.1.0/r.-95.1.0,r.-95.1.0/r.-79.1.0,r.-79.1.0/r.-95.1.0,r.-95.1.0/r.-79.1.0,r.-95.1.0/r.-79.1.0,r.-95.1.0/r.-79.1.0,r.-79.1.0/r.-95.1.0,r.-95.1.0/r.-79.1.0,r.-79.1.0/r.-95.1.0,r.-79.1.0/r.-95.1.0,r.-95.1.0/r.-79.1.0,r.-79.1.0/r.-95.1.0,r.-79.1.0/r.-95.1.0,r.-95.1.0/r.-79.1.0,r.-79.1.0/r.-95.1.0,r.-95.1.0/r.-79.1.0,r.-79.1.0/r.-95.1.0,r.-79.1.0/r.-95.1.0,r.-95.1.0/r.-79.1.0,r.-79.1.0/r.-95.1.0,r.-95.1.0/r.-79.1.0,r.-95.1.0/r.-79.1.0,r.-95.1.0/r.-79.1.0,r.-95.1.0/r.-79.1.0,r.-79.1.0/r.-95.1.0,r.-95.1.0/r.-79.1.0,r.-95.1.0/r.-79.1.0,r.-95.1.0/r.-79.1.0,r.-79.1.0/r.-95.1.0,r.-95.1.0/r.-79.1.0,r.-79.1.0/r.-95.1.0,r.-95.1.0/r.-79.1.0,r.-95.1.0/r.-79.1.0,r.-79.1.0/r.-95.1.0,r.-95.1.0/r.-79.1.0,r.-95.1.0/r.-79.1.0,r.-95.1.0/r.-79.1.0,r.-79.1.0/r.-95.1.0,r.-79.1.0/r.-95.1.0,r.-95.1.0/r.-79.1.0,r.-95.1.0/r.-79.1.0,r.-79.1.0/r.-95.1.0,r.-95.1.0/r.-79.1.0,r.-79.1.0/r.-95.1.0,r.-95.1.0/r.-79.1.0,r.-95.1.0/r.-79.1.0,r.-79.1.0/r.-95.1.0,r.-95.1.0/r.-79.1.0,r.-95.1.0/r.-79.1.0,r.-79.1.0/r.-95.1.0,r.-95.1.0/r.-79.1.0,r.-95.1.0/r.-79.1.0,r.-79.1.0/r.-95.1.0,,,,,,,,,,,,,,,,,,,,,,,,,,,,,,,,,,,,,,,,,,,,,,,,,,,,,,,,,,,,,,,,,,,,,,,,,,,,,,,,,,,,,,,,,,,,,,,,,,,,,,,,,,,,,,,,,,,,,,,,,,,,,,,,
435,r.-79.1.0/r.-95.1.0,r.-79.1.0/r.-95.1.0,r.-95.1.0/r.-79.1.0,r.-95.1.0/r.-79.1.0,r.-95.1.0/r.-79.1.0,r.-79.1.0/r.-95.1.0,r.-95.1.0/r.-79.1.0,r.-95.1.0/r.-79.1.0,r.-79.1.0/r.-95.1.0,r.-79.1.0/r.-95.1.0,r.-95.1.0/r.-79.1.0,r.-95.1.0/r.-79.1.0,r.-79.1.0/r.-95.1.0,r.-79.1.0/r.-95.1.0,r.-79.1.0/r.-95.1.0,r.-95.1.0/r.-79.1.0,r.-79.1.0/r.-95.1.0,r.-95.1.0/r.-79.1.0,r.-95.1.0/r.-79.1.0,r.-79.1.0/r.-95.1.0,r.-95.1.0/r.-79.1.0,r.-79.1.0/r.-95.1.0,r.-95.1.0/r.-79.1.0,r.-79.1.0/r.-95.1.0,r.-79.1.0/r.-95.1.0,r.-95.1.0/r.-79.1.0,r.-79.1.0/r.-95.1.0,r.-95.1.0/r.-79.1.0,r.-79.1.0/r.-95.1.0,r.-79.1.0/r.-95.1.0,r.-79.1.0/r.-95.1.0,r.-95.1.0/r.-79.1.0,r.-95.1.0/r.-79.1.0,r.-79.1.0/r.-95.1.0,r.-79.1.0/r.-95.1.0,r.-79.1.0/r.-95.1.0,r.-79.1.0/r.-95.1.0,r.-79.1.0/r.-95.1.0,r.-95.1.0/r.-79.1.0,r.-95.1.0/r.-79.1.0,r.-79.1.0/r.-95.1.0,r.-95.1.0/r.-79.1.0,r.-79.1.0/r.-95.1.0,r.-79.1.0/r.-95.1.0,r.-79.1.0/r.-95.1.0,r.-95.1.0/r.-79.1.0,r.-95.1.0/r.-79.1.0,r.-95.1.0/r.-79.1.0,r.-95.1.0/r.-79.1.0,r.-95.1.0/r.-79.1.0,r.-79.1.0/r.-95.1.0,r.-79.1.0/r.-95.1.0,r.-95.1.0/r.-79.1.0,r.-95.1.0/r.-79.1.0,r.-79.1.0/r.-95.1.0,r.-79.1.0/r.-95.1.0,r.-95.1.0/r.-79.1.0,r.-95.1.0/r.-79.1.0,r.-95.1.0/r.-79.1.0,r.-79.1.0/r.-95.1.0,r.-95.1.0/r.-79.1.0,r.-95.1.0/r.-79.1.0,r.-79.1.0/r.-95.1.0,r.-95.1.0/r.-79.1.0,r.-79.1.0/r.-95.1.0,r.-95.1.0/r.-79.1.0,r.-95.1.0/r.-79.1.0,r.-79.1.0/r.-95.1.0,r.-79.1.0/r.-95.1.0,r.-79.1.0/r.-95.1.0,r.-79.1.0/r.-95.1.0,r.-79.1.0/r.-95.1.0,r.-95.1.0/r.-79.1.0,r.-79.1.0/r.-95.1.0,r.-95.1.0/r.-79.1.0,r.-79.1.0/r.-95.1.0,r.-79.1.0/r.-95.1.0,r.-95.1.0/r.-79.1.0,r.-95.1.0/r.-79.1.0,r.-79.1.0/r.-95.1.0,r.-79.1.0/r.-95.1.0,r.-95.1.0/r.-79.1.0,r.-79.1.0/r.-95.1.0,r.-95.1.0/r.-79.1.0,r.-95.1.0/r.-79.1.0,r.-79.1.0/r.-95.1.0,r.-79.1.0/r.-95.1.0,r.-79.1.0/r.-95.1.0,r.-95.1.0/r.-79.1.0,r.-79.1.0/r.-95.1.0,r.-95.1.0/r.-79.1.0,r.-79.1.0/r.-95.1.0,r.-79.1.0/r.-95.1.0,r.-79.1.0/r.-95.1.0,,,,,,,,,,,,,,,,,,,,,,,,,,,,,,,,,,,,,,,,,,,,,,,,,,,,,,,,,,,,,,,,,,,,,,,,,,,,,,,,,,,,,,,,,,,,,,,,,,,,,,,,,,,,,,,,,,,,,,,,,,,,,,,,
436,r.-79.1.0/r.-95.1.0,r.-95.1.0/r.-79.1.0,r.-95.1.0/r.-79.1.0,r.-95.1.0/r.-79.1.0,r.-95.1.0/r.-79.1.0,r.-79.1.0/r.-95.1.0,r.-95.1.0/r.-79.1.0,r.-95.1.0/r.-79.1.0,r.-79.1.0/r.-95.1.0,r.-95.1.0/r.-79.1.0,r.-95.1.0/r.-79.1.0,r.-79.1.0/r.-95.1.0,r.-79.1.0/r.-95.1.0,r.-79.1.0/r.-95.1.0,r.-79.1.0/r.-95.1.0,r.-79.1.0/r.-95.1.0,r.-79.1.0/r.-95.1.0,r.-95.1.0/r.-79.1.0,r.-79.1.0/r.-95.1.0,r.-79.1.0/r.-95.1.0,r.-95.1.0/r.-79.1.0,r.-79.1.0/r.-95.1.0,r.-95.1.0/r.-79.1.0,r.-95.1.0/r.-79.1.0,r.-79.1.0/r.-95.1.0,r.-95.1.0/r.-79.1.0,r.-95.1.0/r.-79.1.0,r.-95.1.0/r.-79.1.0,r.-95.1.0/r.-79.1.0,r.-95.1.0/r.-79.1.0,r.-79.1.0/r.-95.1.0,r.-79.1.0/r.-95.1.0,r.-79.1.0/r.-95.1.0,r.-79.1.0/r.-95.1.0,r.-79.1.0/r.-95.1.0,r.-95.1.0/r.-79.1.0,r.-79.1.0/r.-95.1.0,r.-95.1.0/r.-79.1.0,r.-95.1.0/r.-79.1.0,r.-95.1.0/r.-79.1.0,r.-95.1.0/r.-79.1.0,r.-79.1.0/r.-95.1.0,r.-79.1.0/r.-95.1.0,r.-79.1.0/r.-95.1.0,r.-95.1.0/r.-79.1.0,r.-95.1.0/r.-79.1.0,r.-95.1.0/r.-79.1.0,r.-95.1.0/r.-79.1.0,r.-95.1.0/r.-79.1.0,r.-79.1.0/r.-95.1.0,r.-95.1.0/r.-79.1.0,r.-79.1.0/r.-95.1.0,r.-95.1.0/r.-79.1.0,r.-95.1.0/r.-79.1.0,r.-79.1.0/r.-95.1.0,r.-79.1.0/r.-95.1.0,r.-95.1.0/r.-79.1.0,r.-79.1.0/r.-95.1.0,r.-79.1.0/r.-95.1.0,r.-79.1.0/r.-95.1.0,r.-79.1.0/r.-95.1.0,r.-95.1.0/r.-79.1.0,r.-95.1.0/r.-79.1.0,r.-95.1.0/r.-79.1.0,r.-95.1.0/r.-79.1.0,r.-95.1.0/r.-79.1.0,r.-79.1.0/r.-95.1.0,r.-79.1.0/r.-95.1.0,r.-95.1.0/r.-79.1.0,r.-95.1.0/r.-79.1.0,r.-95.1.0/r.-79.1.0,r.-79.1.0/r.-95.1.0,r.-95.1.0/r.-79.1.0,r.-79.1.0/r.-95.1.0,r.-79.1.0/r.-95.1.0,r.-95.1.0/r.-79.1.0,r.-95.1.0/r.-79.1.0,r.-95.1.0/r.-79.1.0,r.-95.1.0/r.-79.1.0,r.-95.1.0/r.-79.1.0,r.-95.1.0/r.-79.1.0,r.-79.1.0/r.-95.1.0,r.-79.1.0/r.-95.1.0,r.-95.1.0/r.-79.1.0,r.-79.1.0/r.-95.1.0,r.-79.1.0/r.-95.1.0,r.-95.1.0/r.-79.1.0,r.-79.1.0/r.-95.1.0,r.-95.1.0/r.-79.1.0,r.-95.1.0/r.-79.1.0,r.-79.1.0/r.-95.1.0,r.-95.1.0/r.-79.1.0,r.-79.1.0/r.-95.1.0,r.-95.1.0/r.-79.1.0,,,,,,,,,,,,,,,,,,,,,,,,,,,,,,,,,,,,,,,,,,,,,,,,,,,,,,,,,,,,,,,,,,,,,,,,,,,,,,,,,,,,,,,,,,,,,,,,,,,,,,,,,,,,,,,,,,,,,,,,,,,,,,,,
437,r.-95.1.0/r.-79.1.0,r.-95.1.0/r.-79.1.0,r.-95.1.0/r.-79.1.0,r.-95.1.0/r.-79.1.0,r.-95.1.0/r.-79.1.0,r.-79.1.0/r.-95.1.0,r.-79.1.0/r.-95.1.0,r.-79.1.0/r.-95.1.0,r.-79.1.0/r.-95.1.0,r.-95.1.0/r.-79.1.0,r.-95.1.0/r.-79.1.0,r.-95.1.0/r.-79.1.0,r.-79.1.0/r.-95.1.0,r.-95.1.0/r.-79.1.0,r.-95.1.0/r.-79.1.0,r.-95.1.0/r.-79.1.0,r.-95.1.0/r.-79.1.0,r.-95.1.0/r.-79.1.0,r.-95.1.0/r.-79.1.0,r.-95.1.0/r.-79.1.0,r.-95.1.0/r.-79.1.0,r.-95.1.0/r.-79.1.0,r.-95.1.0/r.-79.1.0,r.-79.1.0/r.-95.1.0,r.-95.1.0/r.-79.1.0,r.-95.1.0/r.-79.1.0,r.-79.1.0/r.-95.1.0,r.-95.1.0/r.-79.1.0,r.-95.1.0/r.-79.1.0,r.-95.1.0/r.-79.1.0,r.-95.1.0/r.-79.1.0,r.-95.1.0/r.-79.1.0,r.-95.1.0/r.-79.1.0,r.-95.1.0/r.-79.1.0,r.-79.1.0/r.-95.1.0,r.-95.1.0/r.-79.1.0,r.-95.1.0/r.-79.1.0,r.-95.1.0/r.-79.1.0,r.-79.1.0/r.-95.1.0,r.-79.1.0/r.-95.1.0,r.-95.1.0/r.-79.1.0,r.-79.1.0/r.-95.1.0,r.-95.1.0/r.-79.1.0,r.-95.1.0/r.-79.1.0,r.-79.1.0/r.-95.1.0,r.-79.1.0/r.-95.1.0,r.-79.1.0/r.-95.1.0,r.-95.1.0/r.-79.1.0,r.-95.1.0/r.-79.1.0,r.-95.1.0/r.-79.1.0,r.-95.1.0/r.-79.1.0,r.-79.1.0/r.-95.1.0,r.-95.1.0/r.-79.1.0,r.-95.1.0/r.-79.1.0,r.-95.1.0/r.-79.1.0,r.-79.1.0/r.-95.1.0,r.-95.1.0/r.-79.1.0,r.-95.1.0/r.-79.1.0,r.-79.1.0/r.-95.1.0,r.-95.1.0/r.-79.1.0,r.-79.1.0/r.-95.1.0,r.-95.1.0/r.-79.1.0,r.-95.1.0/r.-79.1.0,r.-79.1.0/r.-95.1.0,r.-95.1.0/r.-79.1.0,r.-95.1.0/r.-79.1.0,r.-79.1.0/r.-95.1.0,r.-79.1.0/r.-95.1.0,r.-79.1.0/r.-95.1.0,r.-79.1.0/r.-95.1.0,r.-79.1.0/r.-95.1.0,r.-95.1.0/r.-79.1.0,r.-95.1.0/r.-79.1.0,r.-79.1.0/r.-95.1.0,r.-79.1.0/r.-95.1.0,r.-79.1.0/r.-95.1.0,r.-79.1.0/r.-95.1.0,r.-79.1.0/r.-95.1.0,r.-95.1.0/r.-79.1.0,r.-95.1.0/r.-79.1.0,r.-95.1.0/r.-79.1.0,r.-79.1.0/r.-95.1.0,r.-95.1.0/r.-79.1.0,r.-79.1.0/r.-95.1.0,r.-79.1.0/r.-95.1.0,r.-95.1.0/r.-79.1.0,r.-79.1.0/r.-95.1.0,r.-95.1.0/r.-79.1.0,r.-79.1.0/r.-95.1.0,r.-79.1.0/r.-95.1.0,r.-79.1.0/r.-95.1.0,r.-95.1.0/r.-79.1.0,r.-95.1.0/r.-79.1.0,r.-79.1.0/r.-95.1.0,,,,,,,,,,,,,,,,,,,,,,,,,,,,,,,,,,,,,,,,,,,,,,,,,,,,,,,,,,,,,,,,,,,,,,,,,,,,,,,,,,,,,,,,,,,,,,,,,,,,,,,,,,,,,,,,,,,,,,,,,,,,,,,,
438,r.-95.1.0/r.-79.1.0,r.-79.1.0/r.-95.1.0,r.-79.1.0/r.-95.1.0,r.-95.1.0/r.-79.1.0,r.-79.1.0/r.-95.1.0,r.-79.1.0/r.-95.1.0,r.-95.1.0/r.-79.1.0,r.-95.1.0/r.-79.1.0,r.-95.1.0/r.-79.1.0,r.-95.1.0/r.-79.1.0,r.-79.1.0/r.-95.1.0,r.-95.1.0/r.-79.1.0,r.-95.1.0/r.-79.1.0,r.-95.1.0/r.-79.1.0,r.-95.1.0/r.-79.1.0,r.-79.1.0/r.-95.1.0,r.-95.1.0/r.-79.1.0,r.-79.1.0/r.-95.1.0,r.-79.1.0/r.-95.1.0,r.-79.1.0/r.-95.1.0,r.-79.1.0/r.-95.1.0,r.-95.1.0/r.-79.1.0,r.-79.1.0/r.-95.1.0,r.-95.1.0/r.-79.1.0,r.-95.1.0/r.-79.1.0,r.-79.1.0/r.-95.1.0,r.-79.1.0/r.-95.1.0,r.-95.1.0/r.-79.1.0,r.-95.1.0/r.-79.1.0,r.-79.1.0/r.-95.1.0,r.-95.1.0/r.-79.1.0,r.-95.1.0/r.-79.1.0,r.-79.1.0/r.-95.1.0,r.-95.1.0/r.-79.1.0,r.-79.1.0/r.-95.1.0,r.-79.1.0/r.-95.1.0,r.-95.1.0/r.-79.1.0,r.-79.1.0/r.-95.1.0,r.-79.1.0/r.-95.1.0,r.-95.1.0/r.-79.1.0,r.-95.1.0/r.-79.1.0,r.-95.1.0/r.-79.1.0,r.-79.1.0/r.-95.1.0,r.-95.1.0/r.-79.1.0,r.-79.1.0/r.-95.1.0,r.-79.1.0/r.-95.1.0,r.-95.1.0/r.-79.1.0,r.-79.1.0/r.-95.1.0,r.-95.1.0/r.-79.1.0,r.-95.1.0/r.-79.1.0,r.-79.1.0/r.-95.1.0,r.-79.1.0/r.-95.1.0,r.-79.1.0/r.-95.1.0,r.-95.1.0/r.-79.1.0,r.-95.1.0/r.-79.1.0,r.-95.1.0/r.-79.1.0,r.-95.1.0/r.-79.1.0,r.-79.1.0/r.-95.1.0,r.-95.1.0/r.-79.1.0,r.-95.1.0/r.-79.1.0,r.-95.1.0/r.-79.1.0,r.-79.1.0/r.-95.1.0,r.-79.1.0/r.-95.1.0,r.-79.1.0/r.-95.1.0,r.-95.1.0/r.-79.1.0,r.-95.1.0/r.-79.1.0,r.-95.1.0/r.-79.1.0,r.-79.1.0/r.-95.1.0,r.-79.1.0/r.-95.1.0,r.-95.1.0/r.-79.1.0,r.-95.1.0/r.-79.1.0,r.-95.1.0/r.-79.1.0,r.-95.1.0/r.-79.1.0,r.-79.1.0/r.-95.1.0,r.-79.1.0/r.-95.1.0,r.-95.1.0/r.-79.1.0,r.-79.1.0/r.-95.1.0,r.-95.1.0/r.-79.1.0,r.-79.1.0/r.-95.1.0,r.-95.1.0/r.-79.1.0,r.-95.1.0/r.-79.1.0,r.-79.1.0/r.-95.1.0,r.-95.1.0/r.-79.1.0,r.-79.1.0/r.-95.1.0,r.-79.1.0/r.-95.1.0,r.-79.1.0/r.-95.1.0,r.-79.1.0/r.-95.1.0,r.-95.1.0/r.-79.1.0,r.-95.1.0/r.-79.1.0,r.-79.1.0/r.-95.1.0,r.-79.1.0/r.-95.1.0,r.-95.1.0/r.-79.1.0,r.-79.1.0/r.-95.1.0,r.-95.1.0/r.-79.1.0,,,,,,,,,,,,,,,,,,,,,,,,,,,,,,,,,,,,,,,,,,,,,,,,,,,,,,,,,,,,,,,,,,,,,,,,,,,,,,,,,,,,,,,,,,,,,,,,,,,,,,,,,,,,,,,,,,,,,,,,,,,,,,,,
439,r.-95.1.0,r.-95.1.0,r.-95.1.0,r.-95.1.0,r.-95.1.0,r.-95.1.0,r.-95.1.0,r.-95.1.0,r.-95.1.0,r.-95.1.0,r.-95.1.0,r.-95.1.0,r.-95.1.0,r.-95.1.0,r.-95.1.0,r.-95.1.0,r.-95.1.0,r.-95.1.0,r.-95.1.0,r.-95.1.0,r.-95.1.0,r.-95.1.0,r.-95.1.0,r.-95.1.0,r.-95.1.0,r.-95.1.0,r.-95.1.0,r.-95.1.0,r.-95.1.0,r.-95.1.0,r.-95.1.0,r.-95.1.0,r.-95.1.0,r.-95.1.0,r.-95.1.0,r.-95.1.0,r.-95.1.0,r.-95.1.0,r.-95.1.0,r.-95.1.0,r.-95.1.0,r.-95.1.0,r.-95.1.0,r.-95.1.0,r.-95.1.0,r.-95.1.0,r.-95.1.0,r.-95.1.0,r.-95.1.0,r.-95.1.0,r.-95.1.0,r.-95.1.0,r.-95.1.0,r.-95.1.0,r.-95.1.0,r.-95.1.0,r.-95.1.0,r.-95.1.0,r.-95.1.0,r.-95.1.0,r.-95.1.0,r.-95.1.0,r.-95.1.0,r.-95.1.0,r.-95.1.0,r.-95.1.0,r.-95.1.0,r.-95.1.0,r.-95.1.0,r.-95.1.0,r.-95.1.0,r.-95.1.0,r.-95.1.0,r.-95.1.0,r.-95.1.0,r.-95.1.0,r.-95.1.0,r.-95.1.0,r.-95.1.0,r.-95.1.0,r.-95.1.0,r.-95.1.0,r.-95.1.0,r.-95.1.0,r.-95.1.0,r.-95.1.0,r.-95.1.0,r.-95.1.0,r.-95.1.0,r.-95.1.0,r.-95.1.0,r.-95.1.0,r.-95.1.0,r.-95.1.0,,,,,,,,,,,,,,,,,,,,,,,,,,,,,,,,,,,,,,,,,,,,,,,,,,,,,,,,,,,,,,,,,,,,,,,,,,,,,,,,,,,,,,,,,,,,,,,,,,,,,,,,,,,,,,,,,,,,,,,,,,,,,,,,
440,r.-95.1.0,r.-95.1.0,r.-95.1.0,r.-95.1.0,r.-95.1.0,r.-95.1.0,r.-95.1.0,r.-95.1.0,r.-95.1.0,r.-95.1.0,r.-95.1.0,r.-95.1.0,r.-95.1.0,r.-95.1.0,r.-95.1.0,r.-95.1.0,r.-95.1.0,r.-95.1.0,r.-95.1.0,r.-95.1.0,r.-95.1.0,r.-95.1.0,r.-95.1.0,r.-95.1.0,r.-95.1.0,r.-95.1.0,r.-95.1.0,r.-95.1.0,r.-95.1.0,r.-95.1.0,r.-95.1.0,r.-95.1.0,r.-95.1.0,r.-95.1.0,r.-95.1.0,r.-95.1.0,r.-95.1.0,r.-95.1.0,r.-95.1.0,r.-95.1.0,r.-95.1.0,r.-95.1.0,r.-95.1.0,r.-95.1.0,r.-95.1.0,r.-95.1.0,r.-95.1.0,r.-95.1.0,r.-95.1.0,r.-95.1.0,r.-95.1.0,r.-95.1.0,r.-95.1.0,r.-95.1.0,r.-95.1.0,r.-95.1.0,r.-95.1.0,r.-95.1.0,r.-95.1.0,r.-95.1.0,r.-95.1.0,r.-95.1.0,r.-95.1.0,r.-95.1.0,r.-95.1.0,r.-95.1.0,r.-95.1.0,r.-95.1.0,r.-95.1.0,r.-95.1.0,r.-95.1.0,r.-95.1.0,r.-95.1.0,r.-95.1.0,r.-95.1.0,r.-95.1.0,r.-95.1.0,r.-95.1.0,r.-95.1.0,r.-95.1.0,r.-95.1.0,r.-95.1.0,r.-95.1.0,r.-95.1.0,r.-95.1.0,r.-95.1.0,r.-95.1.0,r.-95.1.0,r.-95.1.0,r.-95.1.0,r.-95.1.0,r.-95.1.0,r.-95.1.0,r.-95.1.0,,,,,,,,,,,,,,,,,,,,,,,,,,,,,,,,,,,,,,,,,,,,,,,,,,,,,,,,,,,,,,,,,,,,,,,,,,,,,,,,,,,,,,,,,,,,,,,,,,,,,,,,,,,,,,,,,,,,,,,,,,,,,,,,
441,r.-95.1.0,r.-95.1.0,r.-95.1.0,r.-95.1.0,r.-95.1.0,r.-95.1.0,r.-95.1.0,r.-95.1.0,r.-95.1.0,r.-95.1.0,r.-95.1.0,r.-95.1.0,r.-95.1.0,r.-95.1.0,r.-95.1.0,r.-95.1.0,r.-95.1.0,r.-95.1.0,r.-95.1.0,r.-95.1.0,r.-95.1.0,r.-95.1.0,r.-95.1.0,r.-95.1.0,r.-95.1.0,r.-95.1.0,r.-95.1.0,r.-95.1.0,r.-95.1.0,r.-95.1.0,r.-95.1.0,r.-95.1.0,r.-95.1.0,r.-95.1.0,r.-95.1.0,r.-95.1.0,r.-95.1.0,r.-95.1.0,r.-95.1.0,r.-95.1.0,r.-95.1.0,r.-95.1.0,r.-95.1.0,r.-95.1.0,r.-95.1.0,r.-95.1.0,r.-95.1.0,r.-95.1.0,r.-95.1.0,r.-95.1.0,r.-95.1.0,r.-95.1.0,r.-95.1.0,r.-95.1.0,r.-95.1.0,r.-95.1.0,r.-95.1.0,r.-95.1.0,r.-95.1.0,r.-95.1.0,r.-95.1.0,r.-95.1.0,r.-95.1.0,r.-95.1.0,r.-95.1.0,r.-95.1.0,r.-95.1.0,r.-95.1.0,r.-95.1.0,r.-95.1.0,r.-95.1.0,r.-95.1.0,r.-95.1.0,r.-95.1.0,r.-95.1.0,r.-95.1.0,r.-95.1.0,r.-95.1.0,r.-95.1.0,r.-95.1.0,r.-95.1.0,r.-95.1.0,r.-95.1.0,r.-95.1.0,r.-95.1.0,r.-95.1.0,r.-95.1.0,r.-95.1.0,r.-95.1.0,r.-95.1.0,r.-95.1.0,r.-95.1.0,r.-95.1.0,r.-95.1.0,,,,,,,,,,,,,,,,,,,,,,,,,,,,,,,,,,,,,,,,,,,,,,,,,,,,,,,,,,,,,,,,,,,,,,,,,,,,,,,,,,,,,,,,,,,,,,,,,,,,,,,,,,,,,,,,,,,,,,,,,,,,,,,,
442,r.-95.1.0,r.-95.1.0,r.-95.1.0,r.-95.1.0,r.-95.1.0,r.-95.1.0,r.-95.1.0,r.-95.1.0,r.-95.1.0,r.-95.1.0,r.-95.1.0,r.-95.1.0,r.-95.1.0,r.-95.1.0,r.-95.1.0,r.-95.1.0,r.-95.1.0,r.-95.1.0,r.-95.1.0,r.-95.1.0,r.-95.1.0,r.-95.1.0,r.-95.1.0,r.-95.1.0,r.-95.1.0,r.-95.1.0,r.-95.1.0,r.-95.1.0,r.-95.1.0,r.-95.1.0,r.-95.1.0,r.-95.1.0,r.-95.1.0,r.-95.1.0,r.-95.1.0,r.-95.1.0,r.-95.1.0,r.-95.1.0,r.-95.1.0,r.-95.1.0,r.-95.1.0,r.-95.1.0,r.-95.1.0,r.-95.1.0,r.-95.1.0,r.-95.1.0,r.-95.1.0,r.-95.1.0,r.-95.1.0,r.-95.1.0,r.-95.1.0,r.-95.1.0,r.-95.1.0,r.-95.1.0,r.-95.1.0,r.-95.1.0,r.-95.1.0,r.-95.1.0,r.-95.1.0,r.-95.1.0,r.-95.1.0,r.-95.1.0,r.-95.1.0,r.-95.1.0,r.-95.1.0,r.-95.1.0,r.-95.1.0,r.-95.1.0,r.-95.1.0,r.-95.1.0,r.-95.1.0,r.-95.1.0,r.-95.1.0,r.-95.1.0,r.-95.1.0,r.-95.1.0,r.-95.1.0,r.-95.1.0,r.-95.1.0,r.-95.1.0,r.-95.1.0,r.-95.1.0,r.-95.1.0,r.-95.1.0,r.-95.1.0,r.-95.1.0,r.-95.1.0,r.-95.1.0,r.-95.1.0,r.-95.1.0,r.-95.1.0,r.-95.1.0,r.-95.1.0,r.-95.1.0,,,,,,,,,,,,,,,,,,,,,,,,,,,,,,,,,,,,,,,,,,,,,,,,,,,,,,,,,,,,,,,,,,,,,,,,,,,,,,,,,,,,,,,,,,,,,,,,,,,,,,,,,,,,,,,,,,,,,,,,,,,,,,,,
443,r.-95.1.0,r.-95.1.0,r.-95.1.0,r.-95.1.0,r.-95.1.0,r.-95.1.0,r.-95.1.0,r.-95.1.0,r.-95.1.0,r.-95.1.0,r.-95.1.0,r.-95.1.0,r.-95.1.0,r.-95.1.0,r.-95.1.0,r.-95.1.0,r.-95.1.0,r.-95.1.0,r.-95.1.0,r.-95.1.0,r.-95.1.0,r.-95.1.0,r.-95.1.0,r.-95.1.0,r.-95.1.0,r.-95.1.0,r.-95.1.0,r.-95.1.0,r.-95.1.0,r.-95.1.0,r.-95.1.0,r.-95.1.0,r.-95.1.0,r.-95.1.0,r.-95.1.0,r.-95.1.0,r.-95.1.0,r.-95.1.0,r.-95.1.0,r.-95.1.0,r.-95.1.0,r.-95.1.0,r.-95.1.0,r.-95.1.0,r.-95.1.0,r.-95.1.0,r.-95.1.0,r.-95.1.0,r.-95.1.0,r.-95.1.0,r.-95.1.0,r.-95.1.0,r.-95.1.0,r.-95.1.0,r.-95.1.0,r.-95.1.0,r.-95.1.0,r.-95.1.0,r.-95.1.0,r.-95.1.0,r.-95.1.0,r.-95.1.0,r.-95.1.0,r.-95.1.0,r.-95.1.0,r.-95.1.0,r.-95.1.0,r.-95.1.0,r.-95.1.0,r.-95.1.0,r.-95.1.0,r.-95.1.0,r.-95.1.0,r.-95.1.0,r.-95.1.0,r.-95.1.0,r.-95.1.0,r.-95.1.0,r.-95.1.0,r.-95.1.0,r.-95.1.0,r.-95.1.0,r.-95.1.0,r.-95.1.0,r.-95.1.0,r.-95.1.0,r.-95.1.0,r.-95.1.0,r.-95.1.0,r.-95.1.0,r.-95.1.0,r.-95.1.0,r.-95.1.0,r.-95.1.0,,,,,,,,,,,,,,,,,,,,,,,,,,,,,,,,,,,,,,,,,,,,,,,,,,,,,,,,,,,,,,,,,,,,,,,,,,,,,,,,,,,,,,,,,,,,,,,,,,,,,,,,,,,,,,,,,,,,,,,,,,,,,,,,
444,r.-95.1.0,r.-95.1.0,r.-95.1.0,r.-95.1.0,r.-95.1.0,r.-95.1.0,r.-95.1.0,r.-95.1.0,r.-95.1.0,r.-95.1.0,r.-95.1.0,r.-95.1.0,r.-95.1.0,r.-95.1.0,r.-95.1.0,r.-95.1.0,r.-95.1.0,r.-95.1.0,r.-95.1.0,r.-95.1.0,r.-95.1.0,r.-95.1.0,r.-95.1.0,r.-95.1.0,r.-95.1.0,r.-95.1.0,r.-95.1.0,r.-95.1.0,r.-95.1.0,r.-95.1.0,r.-95.1.0,r.-95.1.0,r.-95.1.0,r.-95.1.0,r.-95.1.0,r.-95.1.0,r.-95.1.0,r.-95.1.0,r.-95.1.0,r.-95.1.0,r.-95.1.0,r.-95.1.0,r.-95.1.0,r.-95.1.0,r.-95.1.0,r.-95.1.0,r.-95.1.0,r.-95.1.0,r.-95.1.0,r.-95.1.0,r.-95.1.0,r.-95.1.0,r.-95.1.0,r.-95.1.0,r.-95.1.0,r.-95.1.0,r.-95.1.0,r.-95.1.0,r.-95.1.0,r.-95.1.0,r.-95.1.0,r.-95.1.0,r.-95.1.0,r.-95.1.0,r.-95.1.0,r.-95.1.0,r.-95.1.0,r.-95.1.0,r.-95.1.0,r.-95.1.0,r.-95.1.0,r.-95.1.0,r.-95.1.0,r.-95.1.0,r.-95.1.0,r.-95.1.0,r.-95.1.0,r.-95.1.0,r.-95.1.0,r.-95.1.0,r.-95.1.0,r.-95.1.0,r.-95.1.0,r.-95.1.0,r.-95.1.0,r.-95.1.0,r.-95.1.0,r.-95.1.0,r.-95.1.0,r.-95.1.0,r.-95.1.0,r.-95.1.0,r.-95.1.0,r.-95.1.0,,,,,,,,,,,,,,,,,,,,,,,,,,,,,,,,,,,,,,,,,,,,,,,,,,,,,,,,,,,,,,,,,,,,,,,,,,,,,,,,,,,,,,,,,,,,,,,,,,,,,,,,,,,,,,,,,,,,,,,,,,,,,,,,
445,r.-95.1.0,r.-95.1.0,r.-95.1.0,r.-95.1.0,r.-95.1.0,r.-95.1.0,r.-95.1.0,r.-95.1.0,r.-95.1.0,r.-95.1.0,r.-95.1.0,r.-95.1.0,r.-95.1.0,r.-95.1.0,r.-95.1.0,r.-95.1.0,r.-95.1.0,r.-95.1.0,r.-95.1.0,r.-95.1.0,r.-95.1.0,r.-95.1.0,r.-95.1.0,r.-95.1.0,r.-95.1.0,r.-95.1.0,r.-95.1.0,r.-95.1.0,r.-95.1.0,r.-95.1.0,r.-95.1.0,r.-95.1.0,r.-95.1.0,r.-95.1.0,r.-95.1.0,r.-95.1.0,r.-95.1.0,r.-95.1.0,r.-95.1.0,r.-95.1.0,r.-95.1.0,r.-95.1.0,r.-95.1.0,r.-95.1.0,r.-95.1.0,r.-95.1.0,r.-95.1.0,r.-95.1.0,r.-95.1.0,r.-95.1.0,r.-95.1.0,r.-95.1.0,r.-95.1.0,r.-95.1.0,r.-95.1.0,r.-95.1.0,r.-95.1.0,r.-95.1.0,r.-95.1.0,r.-95.1.0,r.-95.1.0,r.-95.1.0,r.-95.1.0,r.-95.1.0,r.-95.1.0,r.-95.1.0,r.-95.1.0,r.-95.1.0,r.-95.1.0,r.-95.1.0,r.-95.1.0,r.-95.1.0,r.-95.1.0,r.-95.1.0,r.-95.1.0,r.-95.1.0,r.-95.1.0,r.-95.1.0,r.-95.1.0,r.-95.1.0,r.-95.1.0,r.-95.1.0,r.-95.1.0,r.-95.1.0,r.-95.1.0,r.-95.1.0,r.-95.1.0,r.-95.1.0,r.-95.1.0,r.-95.1.0,r.-95.1.0,r.-95.1.0,r.-95.1.0,r.-95.1.0,,,,,,,,,,,,,,,,,,,,,,,,,,,,,,,,,,,,,,,,,,,,,,,,,,,,,,,,,,,,,,,,,,,,,,,,,,,,,,,,,,,,,,,,,,,,,,,,,,,,,,,,,,,,,,,,,,,,,,,,,,,,,,,,
446,r.-95.1.0,r.-95.1.0,r.-95.1.0,r.-95.1.0,r.-95.1.0,r.-95.1.0,r.-95.1.0,r.-95.1.0,r.-95.1.0,r.-95.1.0,r.-95.1.0,r.-95.1.0,r.-95.1.0,r.-95.1.0,r.-95.1.0,r.-95.1.0,r.-95.1.0,r.-95.1.0,r.-95.1.0,r.-95.1.0,r.-95.1.0,r.-95.1.0,r.-95.1.0,r.-95.1.0,r.-95.1.0,r.-95.1.0,r.-95.1.0,r.-95.1.0,r.-95.1.0,r.-95.1.0,r.-95.1.0,r.-95.1.0,r.-95.1.0,r.-95.1.0,r.-95.1.0,r.-95.1.0,r.-95.1.0,r.-95.1.0,r.-95.1.0,r.-95.1.0,r.-95.1.0,r.-95.1.0,r.-95.1.0,r.-95.1.0,r.-95.1.0,r.-95.1.0,r.-95.1.0,r.-95.1.0,r.-95.1.0,r.-95.1.0,r.-95.1.0,r.-95.1.0,r.-95.1.0,r.-95.1.0,r.-95.1.0,r.-95.1.0,r.-95.1.0,r.-95.1.0,r.-95.1.0,r.-95.1.0,r.-95.1.0,r.-95.1.0,r.-95.1.0,r.-95.1.0,r.-95.1.0,r.-95.1.0,r.-95.1.0,r.-95.1.0,r.-95.1.0,r.-95.1.0,r.-95.1.0,r.-95.1.0,r.-95.1.0,r.-95.1.0,r.-95.1.0,r.-95.1.0,r.-95.1.0,r.-95.1.0,r.-95.1.0,r.-95.1.0,r.-95.1.0,r.-95.1.0,r.-95.1.0,r.-95.1.0,r.-95.1.0,r.-95.1.0,r.-95.1.0,r.-95.1.0,r.-95.1.0,r.-95.1.0,r.-95.1.0,r.-95.1.0,r.-95.1.0,r.-95.1.0,,,,,,,,,,,,,,,,,,,,,,,,,,,,,,,,,,,,,,,,,,,,,,,,,,,,,,,,,,,,,,,,,,,,,,,,,,,,,,,,,,,,,,,,,,,,,,,,,,,,,,,,,,,,,,,,,,,,,,,,,,,,,,,,
447,r.-95.1.0,r.-95.1.0,r.-95.1.0,r.-95.1.0,r.-95.1.0,r.-95.1.0,r.-95.1.0,r.-95.1.0,r.-95.1.0,r.-95.1.0,r.-95.1.0,r.-95.1.0,r.-95.1.0,r.-95.1.0,r.-95.1.0,r.-95.1.0,r.-95.1.0,r.-95.1.0,r.-95.1.0,r.-95.1.0,r.-95.1.0,r.-95.1.0,r.-95.1.0,r.-95.1.0,r.-95.1.0,r.-95.1.0,r.-95.1.0,r.-95.1.0,r.-95.1.0,r.-95.1.0,r.-95.1.0,r.-95.1.0,r.-95.1.0,r.-95.1.0,r.-95.1.0,r.-95.1.0,r.-95.1.0,r.-95.1.0,r.-95.1.0,r.-95.1.0,r.-95.1.0,r.-95.1.0,r.-95.1.0,r.-95.1.0,r.-95.1.0,r.-95.1.0,r.-95.1.0,r.-95.1.0,r.-95.1.0,r.-95.1.0,r.-95.1.0,r.-95.1.0,r.-95.1.0,r.-95.1.0,r.-95.1.0,r.-95.1.0,r.-95.1.0,r.-95.1.0,r.-95.1.0,r.-95.1.0,r.-95.1.0,r.-95.1.0,r.-95.1.0,r.-95.1.0,r.-95.1.0,r.-95.1.0,r.-95.1.0,r.-95.1.0,r.-95.1.0,r.-95.1.0,r.-95.1.0,r.-95.1.0,r.-95.1.0,r.-95.1.0,r.-95.1.0,r.-95.1.0,r.-95.1.0,r.-95.1.0,r.-95.1.0,r.-95.1.0,r.-95.1.0,r.-95.1.0,r.-95.1.0,r.-95.1.0,r.-95.1.0,r.-95.1.0,r.-95.1.0,r.-95.1.0,r.-95.1.0,r.-95.1.0,r.-95.1.0,r.-95.1.0,r.-95.1.0,r.-95.1.0,,,,,,,,,,,,,,,,,,,,,,,,,,,,,,,,,,,,,,,,,,,,,,,,,,,,,,,,,,,,,,,,,,,,,,,,,,,,,,,,,,,,,,,,,,,,,,,,,,,,,,,,,,,,,,,,,,,,,,,,,,,,,,,,
448,r.-95.1.0,r.-95.1.0,r.-95.1.0,r.-95.1.0,r.-95.1.0,r.-95.1.0,r.-95.1.0,r.-95.1.0,r.-95.1.0,r.-95.1.0,r.-95.1.0,r.-95.1.0,r.-95.1.0,r.-95.1.0,r.-95.1.0,r.-95.1.0,r.-95.1.0,r.-95.1.0,r.-95.1.0,r.-95.1.0,r.-95.1.0,r.-95.1.0,r.-95.1.0,r.-95.1.0,r.-95.1.0,r.-95.1.0,r.-95.1.0,r.-95.1.0,r.-95.1.0,r.-95.1.0,r.-95.1.0,r.-95.1.0,r.-95.1.0,r.-95.1.0,r.-95.1.0,r.-95.1.0,r.-95.1.0,r.-95.1.0,r.-95.1.0,r.-95.1.0,r.-95.1.0,r.-95.1.0,r.-95.1.0,r.-95.1.0,r.-95.1.0,r.-95.1.0,r.-95.1.0,r.-95.1.0,r.-95.1.0,r.-95.1.0,r.-95.1.0,r.-95.1.0,r.-95.1.0,r.-95.1.0,r.-95.1.0,r.-95.1.0,r.-95.1.0,r.-95.1.0,r.-95.1.0,r.-95.1.0,r.-95.1.0,r.-95.1.0,r.-95.1.0,r.-95.1.0,r.-95.1.0,r.-95.1.0,r.-95.1.0,r.-95.1.0,r.-95.1.0,r.-95.1.0,r.-95.1.0,r.-95.1.0,r.-95.1.0,r.-95.1.0,r.-95.1.0,r.-95.1.0,r.-95.1.0,r.-95.1.0,r.-95.1.0,r.-95.1.0,r.-95.1.0,r.-95.1.0,r.-95.1.0,r.-95.1.0,r.-95.1.0,r.-95.1.0,r.-95.1.0,r.-95.1.0,r.-95.1.0,r.-95.1.0,r.-95.1.0,r.-95.1.0,r.-95.1.0,r.-95.1.0,,,,,,,,,,,,,,,,,,,,,,,,,,,,,,,,,,,,,,,,,,,,,,,,,,,,,,,,,,,,,,,,,,,,,,,,,,,,,,,,,,,,,,,,,,,,,,,,,,,,,,,,,,,,,,,,,,,,,,,,,,,,,,,,
449,r.-95.1.0/r.-79.1.0,r.-79.1.0/r.-95.1.0,r.-79.1.0/r.-95.1.0,r.-95.1.0/r.-79.1.0,r.-79.1.0/r.-95.1.0,r.-79.1.0/r.-95.1.0,r.-95.1.0/r.-79.1.0,r.-79.1.0/r.-95.1.0,r.-95.1.0/r.-79.1.0,r.-79.1.0/r.-95.1.0,r.-95.1.0/r.-79.1.0,r.-95.1.0/r.-79.1.0,r.-79.1.0/r.-95.1.0,r.-79.1.0/r.-95.1.0,r.-79.1.0/r.-95.1.0,r.-95.1.0/r.-79.1.0,r.-79.1.0/r.-95.1.0,r.-79.1.0/r.-95.1.0,r.-95.1.0/r.-79.1.0,r.-95.1.0/r.-79.1.0,r.-95.1.0/r.-79.1.0,r.-79.1.0/r.-95.1.0,r.-79.1.0/r.-95.1.0,r.-95.1.0/r.-79.1.0,r.-79.1.0/r.-95.1.0,r.-95.1.0/r.-79.1.0,r.-79.1.0/r.-95.1.0,r.-79.1.0/r.-95.1.0,r.-95.1.0/r.-79.1.0,r.-95.1.0/r.-79.1.0,r.-79.1.0/r.-95.1.0,r.-95.1.0/r.-79.1.0,r.-95.1.0/r.-79.1.0,r.-95.1.0/r.-79.1.0,r.-95.1.0/r.-79.1.0,r.-95.1.0/r.-79.1.0,r.-79.1.0/r.-95.1.0,r.-79.1.0/r.-95.1.0,r.-95.1.0/r.-79.1.0,r.-79.1.0/r.-95.1.0,r.-79.1.0/r.-95.1.0,r.-95.1.0/r.-79.1.0,r.-95.1.0/r.-79.1.0,r.-95.1.0/r.-79.1.0,r.-95.1.0/r.-79.1.0,r.-79.1.0/r.-95.1.0,r.-79.1.0/r.-95.1.0,r.-95.1.0/r.-79.1.0,r.-79.1.0/r.-95.1.0,r.-79.1.0/r.-95.1.0,r.-79.1.0/r.-95.1.0,r.-79.1.0/r.-95.1.0,r.-79.1.0/r.-95.1.0,r.-95.1.0/r.-79.1.0,r.-95.1.0/r.-79.1.0,r.-95.1.0/r.-79.1.0,r.-79.1.0/r.-95.1.0,r.-95.1.0/r.-79.1.0,r.-95.1.0/r.-79.1.0,r.-95.1.0/r.-79.1.0,r.-79.1.0/r.-95.1.0,r.-95.1.0/r.-79.1.0,r.-95.1.0/r.-79.1.0,r.-79.1.0/r.-95.1.0,r.-95.1.0/r.-79.1.0,r.-79.1.0/r.-95.1.0,r.-79.1.0/r.-95.1.0,r.-79.1.0/r.-95.1.0,r.-79.1.0/r.-95.1.0,r.-79.1.0/r.-95.1.0,r.-79.1.0/r.-95.1.0,r.-79.1.0/r.-95.1.0,r.-79.1.0/r.-95.1.0,r.-95.1.0/r.-79.1.0,r.-79.1.0/r.-95.1.0,r.-95.1.0/r.-79.1.0,r.-79.1.0/r.-95.1.0,r.-79.1.0/r.-95.1.0,r.-95.1.0/r.-79.1.0,r.-79.1.0/r.-95.1.0,r.-79.1.0/r.-95.1.0,r.-79.1.0/r.-95.1.0,r.-95.1.0/r.-79.1.0,r.-95.1.0/r.-79.1.0,r.-95.1.0/r.-79.1.0,r.-95.1.0/r.-79.1.0,r.-95.1.0/r.-79.1.0,r.-95.1.0/r.-79.1.0,r.-79.1.0/r.-95.1.0,r.-79.1.0/r.-95.1.0,r.-79.1.0/r.-95.1.0,r.-95.1.0/r.-79.1.0,r.-95.1.0/r.-79.1.0,r.-79.1.0/r.-95.1.0,,,,,,,,,,,,,,,,,,,,,,,,,,,,,,,,,,,,,,,,,,,,,,,,,,,,,,,,,,,,,,,,,,,,,,,,,,,,,,,,,,,,,,,,,,,,,,,,,,,,,,,,,,,,,,,,,,,,,,,,,,,,,,,,
450,r.-79.1.0/r.-95.1.0,r.-95.1.0/r.-79.1.0,r.-79.1.0/r.-95.1.0,r.-79.1.0/r.-95.1.0,r.-95.1.0/r.-79.1.0,r.-79.1.0/r.-95.1.0,r.-95.1.0/r.-79.1.0,r.-79.1.0/r.-95.1.0,r.-79.1.0/r.-95.1.0,r.-79.1.0/r.-95.1.0,r.-95.1.0/r.-79.1.0,r.-95.1.0/r.-79.1.0,r.-95.1.0/r.-79.1.0,r.-95.1.0/r.-79.1.0,r.-95.1.0/r.-79.1.0,r.-95.1.0/r.-79.1.0,r.-95.1.0/r.-79.1.0,r.-79.1.0/r.-95.1.0,r.-95.1.0/r.-79.1.0,r.-95.1.0/r.-79.1.0,r.-79.1.0/r.-95.1.0,r.-95.1.0/r.-79.1.0,r.-79.1.0/r.-95.1.0,r.-79.1.0/r.-95.1.0,r.-95.1.0/r.-79.1.0,r.-79.1.0/r.-95.1.0,r.-79.1.0/r.-95.1.0,r.-95.1.0/r.-79.1.0,r.-95.1.0/r.-79.1.0,r.-79.1.0/r.-95.1.0,r.-95.1.0/r.-79.1.0,r.-95.1.0/r.-79.1.0,r.-95.1.0/r.-79.1.0,r.-79.1.0/r.-95.1.0,r.-79.1.0/r.-95.1.0,r.-95.1.0/r.-79.1.0,r.-95.1.0/r.-79.1.0,r.-79.1.0/r.-95.1.0,r.-79.1.0/r.-95.1.0,r.-95.1.0/r.-79.1.0,r.-79.1.0/r.-95.1.0,r.-95.1.0/r.-79.1.0,r.-79.1.0/r.-95.1.0,r.-79.1.0/r.-95.1.0,r.-79.1.0/r.-95.1.0,r.-79.1.0/r.-95.1.0,r.-95.1.0/r.-79.1.0,r.-95.1.0/r.-79.1.0,r.-79.1.0/r.-95.1.0,r.-79.1.0/r.-95.1.0,r.-95.1.0/r.-79.1.0,r.-95.1.0/r.-79.1.0,r.-95.1.0/r.-79.1.0,r.-79.1.0/r.-95.1.0,r.-79.1.0/r.-95.1.0,r.-79.1.0/r.-95.1.0,r.-95.1.0/r.-79.1.0,r.-95.1.0/r.-79.1.0,r.-79.1.0/r.-95.1.0,r.-95.1.0/r.-79.1.0,r.-95.1.0/r.-79.1.0,r.-95.1.0/r.-79.1.0,r.-95.1.0/r.-79.1.0,r.-95.1.0/r.-79.1.0,r.-79.1.0/r.-95.1.0,r.-95.1.0/r.-79.1.0,r.-95.1.0/r.-79.1.0,r.-79.1.0/r.-95.1.0,r.-95.1.0/r.-79.1.0,r.-95.1.0/r.-79.1.0,r.-95.1.0/r.-79.1.0,r.-79.1.0/r.-95.1.0,r.-95.1.0/r.-79.1.0,r.-95.1.0/r.-79.1.0,r.-79.1.0/r.-95.1.0,r.-79.1.0/r.-95.1.0,r.-95.1.0/r.-79.1.0,r.-95.1.0/r.-79.1.0,r.-95.1.0/r.-79.1.0,r.-79.1.0/r.-95.1.0,r.-79.1.0/r.-95.1.0,r.-95.1.0/r.-79.1.0,r.-79.1.0/r.-95.1.0,r.-79.1.0/r.-95.1.0,r.-79.1.0/r.-95.1.0,r.-95.1.0/r.-79.1.0,r.-95.1.0/r.-79.1.0,r.-79.1.0/r.-95.1.0,r.-79.1.0/r.-95.1.0,r.-95.1.0/r.-79.1.0,r.-79.1.0/r.-95.1.0,r.-79.1.0/r.-95.1.0,r.-95.1.0/r.-79.1.0,r.-79.1.0/r.-95.1.0,,,,,,,,,,,,,,,,,,,,,,,,,,,,,,,,,,,,,,,,,,,,,,,,,,,,,,,,,,,,,,,,,,,,,,,,,,,,,,,,,,,,,,,,,,,,,,,,,,,,,,,,,,,,,,,,,,,,,,,,,,,,,,,,
451,r.-95.1.0/r.-79.1.0,r.-79.1.0/r.-95.1.0,r.-79.1.0/r.-95.1.0,r.-79.1.0/r.-95.1.0,r.-79.1.0/r.-95.1.0,r.-79.1.0/r.-95.1.0,r.-95.1.0/r.-79.1.0,r.-95.1.0/r.-79.1.0,r.-79.1.0/r.-95.1.0,r.-95.1.0/r.-79.1.0,r.-95.1.0/r.-79.1.0,r.-79.1.0/r.-95.1.0,r.-95.1.0/r.-79.1.0,r.-95.1.0/r.-79.1.0,r.-79.1.0/r.-95.1.0,r.-79.1.0/r.-95.1.0,r.-95.1.0/r.-79.1.0,r.-79.1.0/r.-95.1.0,r.-79.1.0/r.-95.1.0,r.-95.1.0/r.-79.1.0,r.-79.1.0/r.-95.1.0,r.-95.1.0/r.-79.1.0,r.-79.1.0/r.-95.1.0,r.-95.1.0/r.-79.1.0,r.-95.1.0/r.-79.1.0,r.-95.1.0/r.-79.1.0,r.-79.1.0/r.-95.1.0,r.-79.1.0/r.-95.1.0,r.-95.1.0/r.-79.1.0,r.-95.1.0/r.-79.1.0,r.-95.1.0/r.-79.1.0,r.-95.1.0/r.-79.1.0,r.-95.1.0/r.-79.1.0,r.-79.1.0/r.-95.1.0,r.-79.1.0/r.-95.1.0,r.-95.1.0/r.-79.1.0,r.-79.1.0/r.-95.1.0,r.-95.1.0/r.-79.1.0,r.-79.1.0/r.-95.1.0,r.-79.1.0/r.-95.1.0,r.-95.1.0/r.-79.1.0,r.-95.1.0/r.-79.1.0,r.-95.1.0/r.-79.1.0,r.-79.1.0/r.-95.1.0,r.-79.1.0/r.-95.1.0,r.-79.1.0/r.-95.1.0,r.-79.1.0/r.-95.1.0,r.-79.1.0/r.-95.1.0,r.-95.1.0/r.-79.1.0,r.-95.1.0/r.-79.1.0,r.-95.1.0/r.-79.1.0,r.-79.1.0/r.-95.1.0,r.-79.1.0/r.-95.1.0,r.-95.1.0/r.-79.1.0,r.-79.1.0/r.-95.1.0,r.-95.1.0/r.-79.1.0,r.-79.1.0/r.-95.1.0,r.-79.1.0/r.-95.1.0,r.-79.1.0/r.-95.1.0,r.-79.1.0/r.-95.1.0,r.-95.1.0/r.-79.1.0,r.-79.1.0/r.-95.1.0,r.-95.1.0/r.-79.1.0,r.-95.1.0/r.-79.1.0,r.-95.1.0/r.-79.1.0,r.-79.1.0/r.-95.1.0,r.-95.1.0/r.-79.1.0,r.-95.1.0/r.-79.1.0,r.-95.1.0/r.-79.1.0,r.-79.1.0/r.-95.1.0,r.-79.1.0/r.-95.1.0,r.-79.1.0/r.-95.1.0,r.-79.1.0/r.-95.1.0,r.-79.1.0/r.-95.1.0,r.-95.1.0/r.-79.1.0,r.-95.1.0/r.-79.1.0,r.-95.1.0/r.-79.1.0,r.-79.1.0/r.-95.1.0,r.-95.1.0/r.-79.1.0,r.-95.1.0/r.-79.1.0,r.-79.1.0/r.-95.1.0,r.-79.1.0/r.-95.1.0,r.-79.1.0/r.-95.1.0,r.-95.1.0/r.-79.1.0,r.-95.1.0/r.-79.1.0,r.-79.1.0/r.-95.1.0,r.-79.1.0/r.-95.1.0,r.-95.1.0/r.-79.1.0,r.-79.1.0/r.-95.1.0,r.-79.1.0/r.-95.1.0,r.-79.1.0/r.-95.1.0,r.-79.1.0/r.-95.1.0,r.-95.1.0/r.-79.1.0,r.-79.1.0/r.-95.1.0,,,,,,,,,,,,,,,,,,,,,,,,,,,,,,,,,,,,,,,,,,,,,,,,,,,,,,,,,,,,,,,,,,,,,,,,,,,,,,,,,,,,,,,,,,,,,,,,,,,,,,,,,,,,,,,,,,,,,,,,,,,,,,,,
452,r.-79.1.0/r.-95.1.0,r.-95.1.0/r.-79.1.0,r.-95.1.0/r.-79.1.0,r.-79.1.0/r.-95.1.0,r.-79.1.0/r.-95.1.0,r.-79.1.0/r.-95.1.0,r.-79.1.0/r.-95.1.0,r.-79.1.0/r.-95.1.0,r.-95.1.0/r.-79.1.0,r.-79.1.0/r.-95.1.0,r.-95.1.0/r.-79.1.0,r.-95.1.0/r.-79.1.0,r.-79.1.0/r.-95.1.0,r.-79.1.0/r.-95.1.0,r.-79.1.0/r.-95.1.0,r.-79.1.0/r.-95.1.0,r.-79.1.0/r.-95.1.0,r.-79.1.0/r.-95.1.0,r.-95.1.0/r.-79.1.0,r.-95.1.0/r.-79.1.0,r.-79.1.0/r.-95.1.0,r.-95.1.0/r.-79.1.0,r.-95.1.0/r.-79.1.0,r.-95.1.0/r.-79.1.0,r.-95.1.0/r.-79.1.0,r.-79.1.0/r.-95.1.0,r.-95.1.0/r.-79.1.0,r.-79.1.0/r.-95.1.0,r.-79.1.0/r.-95.1.0,r.-95.1.0/r.-79.1.0,r.-95.1.0/r.-79.1.0,r.-79.1.0/r.-95.1.0,r.-79.1.0/r.-95.1.0,r.-79.1.0/r.-95.1.0,r.-79.1.0/r.-95.1.0,r.-95.1.0/r.-79.1.0,r.-79.1.0/r.-95.1.0,r.-79.1.0/r.-95.1.0,r.-95.1.0/r.-79.1.0,r.-95.1.0/r.-79.1.0,r.-79.1.0/r.-95.1.0,r.-95.1.0/r.-79.1.0,r.-79.1.0/r.-95.1.0,r.-95.1.0/r.-79.1.0,r.-79.1.0/r.-95.1.0,r.-95.1.0/r.-79.1.0,r.-95.1.0/r.-79.1.0,r.-79.1.0/r.-95.1.0,r.-95.1.0/r.-79.1.0,r.-79.1.0/r.-95.1.0,r.-79.1.0/r.-95.1.0,r.-79.1.0/r.-95.1.0,r.-79.1.0/r.-95.1.0,r.-95.1.0/r.-79.1.0,r.-95.1.0/r.-79.1.0,r.-95.1.0/r.-79.1.0,r.-79.1.0/r.-95.1.0,r.-79.1.0/r.-95.1.0,r.-95.1.0/r.-79.1.0,r.-79.1.0/r.-95.1.0,r.-79.1.0/r.-95.1.0,r.-95.1.0/r.-79.1.0,r.-95.1.0/r.-79.1.0,r.-95.1.0/r.-79.1.0,r.-95.1.0/r.-79.1.0,r.-79.1.0/r.-95.1.0,r.-79.1.0/r.-95.1.0,r.-79.1.0/r.-95.1.0,r.-79.1.0/r.-95.1.0,r.-95.1.0/r.-79.1.0,r.-95.1.0/r.-79.1.0,r.-79.1.0/r.-95.1.0,r.-79.1.0/r.-95.1.0,r.-95.1.0/r.-79.1.0,r.-79.1.0/r.-95.1.0,r.-95.1.0/r.-79.1.0,r.-79.1.0/r.-95.1.0,r.-95.1.0/r.-79.1.0,r.-95.1.0/r.-79.1.0,r.-79.1.0/r.-95.1.0,r.-79.1.0/r.-95.1.0,r.-95.1.0/r.-79.1.0,r.-95.1.0/r.-79.1.0,r.-79.1.0/r.-95.1.0,r.-95.1.0/r.-79.1.0,r.-79.1.0/r.-95.1.0,r.-95.1.0/r.-79.1.0,r.-95.1.0/r.-79.1.0,r.-79.1.0/r.-95.1.0,r.-95.1.0/r.-79.1.0,r.-79.1.0/r.-95.1.0,r.-95.1.0/r.-79.1.0,r.-95.1.0/r.-79.1.0,r.-79.1.0/r.-95.1.0,,,,,,,,,,,,,,,,,,,,,,,,,,,,,,,,,,,,,,,,,,,,,,,,,,,,,,,,,,,,,,,,,,,,,,,,,,,,,,,,,,,,,,,,,,,,,,,,,,,,,,,,,,,,,,,,,,,,,,,,,,,,,,,,
453,r.-95.1.0,r.-95.1.0,r.-95.1.0,r.-95.1.0,r.-95.1.0,r.-95.1.0,r.-95.1.0,r.-95.1.0,r.-95.1.0,r.-95.1.0,r.-95.1.0,r.-95.1.0,r.-95.1.0,r.-95.1.0,r.-95.1.0,r.-95.1.0,r.-95.1.0,r.-95.1.0,r.-95.1.0,r.-95.1.0,r.-95.1.0,r.-95.1.0,r.-95.1.0,r.-95.1.0,r.-95.1.0,r.-95.1.0,r.-95.1.0,r.-95.1.0,r.-95.1.0,r.-95.1.0,r.-95.1.0,r.-95.1.0,r.-95.1.0,r.-95.1.0,r.-95.1.0,r.-95.1.0,r.-95.1.0,r.-95.1.0,r.-95.1.0,r.-95.1.0,r.-95.1.0,r.-95.1.0,r.-95.1.0,r.-95.1.0,r.-95.1.0,r.-95.1.0,r.-95.1.0,r.-95.1.0,r.-95.1.0,r.-95.1.0,r.-95.1.0,r.-95.1.0,r.-95.1.0,r.-95.1.0,r.-95.1.0,r.-95.1.0,r.-95.1.0,r.-95.1.0,r.-95.1.0,r.-95.1.0,r.-95.1.0,r.-95.1.0,r.-95.1.0,r.-95.1.0,r.-95.1.0,r.-95.1.0,r.-95.1.0,r.-95.1.0,r.-95.1.0,r.-95.1.0,r.-95.1.0,r.-95.1.0,r.-95.1.0,r.-95.1.0,r.-95.1.0,r.-95.1.0,r.-95.1.0,r.-95.1.0,r.-95.1.0,r.-95.1.0,r.-95.1.0,r.-95.1.0,r.-95.1.0,r.-95.1.0,r.-95.1.0,r.-95.1.0,r.-95.1.0,r.-95.1.0,r.-95.1.0,r.-95.1.0,r.-95.1.0,r.-95.1.0,r.-95.1.0,r.-95.1.0,,,,,,,,,,,,,,,,,,,,,,,,,,,,,,,,,,,,,,,,,,,,,,,,,,,,,,,,,,,,,,,,,,,,,,,,,,,,,,,,,,,,,,,,,,,,,,,,,,,,,,,,,,,,,,,,,,,,,,,,,,,,,,,,
454,r.-95.1.0,r.-95.1.0,r.-95.1.0,r.-95.1.0,r.-95.1.0,r.-95.1.0,r.-95.1.0,r.-95.1.0,r.-95.1.0,r.-95.1.0,r.-95.1.0,r.-95.1.0,r.-95.1.0,r.-95.1.0,r.-95.1.0,r.-95.1.0,r.-95.1.0,r.-95.1.0,r.-95.1.0,r.-95.1.0,r.-95.1.0,r.-95.1.0,r.-95.1.0,r.-95.1.0,r.-95.1.0,r.-95.1.0,r.-95.1.0,r.-95.1.0,r.-95.1.0,r.-95.1.0,r.-95.1.0,r.-95.1.0,r.-95.1.0,r.-95.1.0,r.-95.1.0,r.-95.1.0,r.-95.1.0,r.-95.1.0,r.-95.1.0,r.-95.1.0,r.-95.1.0,r.-95.1.0,r.-95.1.0,r.-95.1.0,r.-95.1.0,r.-95.1.0,r.-95.1.0,r.-95.1.0,r.-95.1.0,r.-95.1.0,r.-95.1.0,r.-95.1.0,r.-95.1.0,r.-95.1.0,r.-95.1.0,r.-95.1.0,r.-95.1.0,r.-95.1.0,r.-95.1.0,r.-95.1.0,r.-95.1.0,r.-95.1.0,r.-95.1.0,r.-95.1.0,r.-95.1.0,r.-95.1.0,r.-95.1.0,r.-95.1.0,r.-95.1.0,r.-95.1.0,r.-95.1.0,r.-95.1.0,r.-95.1.0,r.-95.1.0,r.-95.1.0,r.-95.1.0,r.-95.1.0,r.-95.1.0,r.-95.1.0,r.-95.1.0,r.-95.1.0,r.-95.1.0,r.-95.1.0,r.-95.1.0,r.-95.1.0,r.-95.1.0,r.-95.1.0,r.-95.1.0,r.-95.1.0,r.-95.1.0,r.-95.1.0,r.-95.1.0,r.-95.1.0,r.-95.1.0,,,,,,,,,,,,,,,,,,,,,,,,,,,,,,,,,,,,,,,,,,,,,,,,,,,,,,,,,,,,,,,,,,,,,,,,,,,,,,,,,,,,,,,,,,,,,,,,,,,,,,,,,,,,,,,,,,,,,,,,,,,,,,,,
455,r.-79.1.0/r.-95.1.0,r.-79.1.0/r.-95.1.0,r.-95.1.0/r.-79.1.0,r.-95.1.0/r.-79.1.0,r.-79.1.0/r.-95.1.0,r.-95.1.0/r.-79.1.0,r.-95.1.0/r.-79.1.0,r.-95.1.0/r.-79.1.0,r.-79.1.0/r.-95.1.0,r.-79.1.0/r.-95.1.0,r.-79.1.0/r.-95.1.0,r.-95.1.0/r.-79.1.0,r.-95.1.0/r.-79.1.0,r.-95.1.0/r.-79.1.0,r.-79.1.0/r.-95.1.0,r.-79.1.0/r.-95.1.0,r.-79.1.0/r.-95.1.0,r.-95.1.0/r.-79.1.0,r.-95.1.0/r.-79.1.0,r.-79.1.0/r.-95.1.0,r.-95.1.0/r.-79.1.0,r.-95.1.0/r.-79.1.0,r.-95.1.0/r.-79.1.0,r.-95.1.0/r.-79.1.0,r.-79.1.0/r.-95.1.0,r.-95.1.0/r.-79.1.0,r.-95.1.0/r.-79.1.0,r.-95.1.0/r.-79.1.0,r.-95.1.0/r.-79.1.0,r.-95.1.0/r.-79.1.0,r.-95.1.0/r.-79.1.0,r.-95.1.0/r.-79.1.0,r.-79.1.0/r.-95.1.0,r.-95.1.0/r.-79.1.0,r.-79.1.0/r.-95.1.0,r.-95.1.0/r.-79.1.0,r.-95.1.0/r.-79.1.0,r.-79.1.0/r.-95.1.0,r.-79.1.0/r.-95.1.0,r.-95.1.0/r.-79.1.0,r.-95.1.0/r.-79.1.0,r.-95.1.0/r.-79.1.0,r.-79.1.0/r.-95.1.0,r.-79.1.0/r.-95.1.0,r.-95.1.0/r.-79.1.0,r.-95.1.0/r.-79.1.0,r.-95.1.0/r.-79.1.0,r.-95.1.0/r.-79.1.0,r.-79.1.0/r.-95.1.0,r.-79.1.0/r.-95.1.0,r.-95.1.0/r.-79.1.0,r.-79.1.0/r.-95.1.0,r.-79.1.0/r.-95.1.0,r.-79.1.0/r.-95.1.0,r.-95.1.0/r.-79.1.0,r.-79.1.0/r.-95.1.0,r.-79.1.0/r.-95.1.0,r.-79.1.0/r.-95.1.0,r.-79.1.0/r.-95.1.0,r.-79.1.0/r.-95.1.0,r.-79.1.0/r.-95.1.0,r.-95.1.0/r.-79.1.0,r.-95.1.0/r.-79.1.0,r.-95.1.0/r.-79.1.0,r.-79.1.0/r.-95.1.0,r.-95.1.0/r.-79.1.0,r.-79.1.0/r.-95.1.0,r.-95.1.0/r.-79.1.0,r.-95.1.0/r.-79.1.0,r.-95.1.0/r.-79.1.0,r.-95.1.0/r.-79.1.0,r.-79.1.0/r.-95.1.0,r.-95.1.0/r.-79.1.0,r.-79.1.0/r.-95.1.0,r.-95.1.0/r.-79.1.0,r.-79.1.0/r.-95.1.0,r.-95.1.0/r.-79.1.0,r.-95.1.0/r.-79.1.0,r.-79.1.0/r.-95.1.0,r.-95.1.0/r.-79.1.0,r.-95.1.0/r.-79.1.0,r.-95.1.0/r.-79.1.0,r.-95.1.0/r.-79.1.0,r.-79.1.0/r.-95.1.0,r.-95.1.0/r.-79.1.0,r.-95.1.0/r.-79.1.0,r.-95.1.0/r.-79.1.0,r.-79.1.0/r.-95.1.0,r.-95.1.0/r.-79.1.0,r.-79.1.0/r.-95.1.0,r.-79.1.0/r.-95.1.0,r.-79.1.0/r.-95.1.0,r.-79.1.0/r.-95.1.0,r.-95.1.0/r.-79.1.0,,,,,,,,,,,,,,,,,,,,,,,,,,,,,,,,,,,,,,,,,,,,,,,,,,,,,,,,,,,,,,,,,,,,,,,,,,,,,,,,,,,,,,,,,,,,,,,,,,,,,,,,,,,,,,,,,,,,,,,,,,,,,,,,
456,r.-79.1.0/r.-95.1.0,r.-95.1.0/r.-79.1.0,r.-79.1.0/r.-95.1.0,r.-79.1.0/r.-95.1.0,r.-79.1.0/r.-95.1.0,r.-79.1.0/r.-95.1.0,r.-95.1.0/r.-79.1.0,r.-79.1.0/r.-95.1.0,r.-95.1.0/r.-79.1.0,r.-79.1.0/r.-95.1.0,r.-79.1.0/r.-95.1.0,r.-95.1.0/r.-79.1.0,r.-95.1.0/r.-79.1.0,r.-95.1.0/r.-79.1.0,r.-79.1.0/r.-95.1.0,r.-95.1.0/r.-79.1.0,r.-79.1.0/r.-95.1.0,r.-95.1.0/r.-79.1.0,r.-95.1.0/r.-79.1.0,r.-95.1.0/r.-79.1.0,r.-95.1.0/r.-79.1.0,r.-79.1.0/r.-95.1.0,r.-79.1.0/r.-95.1.0,r.-79.1.0/r.-95.1.0,r.-79.1.0/r.-95.1.0,r.-95.1.0/r.-79.1.0,r.-79.1.0/r.-95.1.0,r.-95.1.0/r.-79.1.0,r.-95.1.0/r.-79.1.0,r.-79.1.0/r.-95.1.0,r.-79.1.0/r.-95.1.0,r.-79.1.0/r.-95.1.0,r.-95.1.0/r.-79.1.0,r.-95.1.0/r.-79.1.0,r.-95.1.0/r.-79.1.0,r.-79.1.0/r.-95.1.0,r.-79.1.0/r.-95.1.0,r.-95.1.0/r.-79.1.0,r.-79.1.0/r.-95.1.0,r.-79.1.0/r.-95.1.0,r.-95.1.0/r.-79.1.0,r.-95.1.0/r.-79.1.0,r.-95.1.0/r.-79.1.0,r.-95.1.0/r.-79.1.0,r.-95.1.0/r.-79.1.0,r.-79.1.0/r.-95.1.0,r.-95.1.0/r.-79.1.0,r.-95.1.0/r.-79.1.0,r.-95.1.0/r.-79.1.0,r.-95.1.0/r.-79.1.0,r.-95.1.0/r.-79.1.0,r.-79.1.0/r.-95.1.0,r.-79.1.0/r.-95.1.0,r.-95.1.0/r.-79.1.0,r.-95.1.0/r.-79.1.0,r.-95.1.0/r.-79.1.0,r.-95.1.0/r.-79.1.0,r.-79.1.0/r.-95.1.0,r.-95.1.0/r.-79.1.0,r.-79.1.0/r.-95.1.0,r.-95.1.0/r.-79.1.0,r.-95.1.0/r.-79.1.0,r.-95.1.0/r.-79.1.0,r.-95.1.0/r.-79.1.0,r.-79.1.0/r.-95.1.0,r.-79.1.0/r.-95.1.0,r.-95.1.0/r.-79.1.0,r.-95.1.0/r.-79.1.0,r.-95.1.0/r.-79.1.0,r.-79.1.0/r.-95.1.0,r.-79.1.0/r.-95.1.0,r.-79.1.0/r.-95.1.0,r.-79.1.0/r.-95.1.0,r.-95.1.0/r.-79.1.0,r.-79.1.0/r.-95.1.0,r.-95.1.0/r.-79.1.0,r.-79.1.0/r.-95.1.0,r.-95.1.0/r.-79.1.0,r.-79.1.0/r.-95.1.0,r.-95.1.0/r.-79.1.0,r.-95.1.0/r.-79.1.0,r.-95.1.0/r.-79.1.0,r.-95.1.0/r.-79.1.0,r.-79.1.0/r.-95.1.0,r.-79.1.0/r.-95.1.0,r.-95.1.0/r.-79.1.0,r.-79.1.0/r.-95.1.0,r.-79.1.0/r.-95.1.0,r.-79.1.0/r.-95.1.0,r.-95.1.0/r.-79.1.0,r.-79.1.0/r.-95.1.0,r.-79.1.0/r.-95.1.0,r.-95.1.0/r.-79.1.0,r.-79.1.0/r.-95.1.0,,,,,,,,,,,,,,,,,,,,,,,,,,,,,,,,,,,,,,,,,,,,,,,,,,,,,,,,,,,,,,,,,,,,,,,,,,,,,,,,,,,,,,,,,,,,,,,,,,,,,,,,,,,,,,,,,,,,,,,,,,,,,,,,
457,r.-95.1.0/r.-79.1.0,r.-95.1.0/r.-79.1.0,r.-79.1.0/r.-95.1.0,r.-79.1.0/r.-95.1.0,r.-95.1.0/r.-79.1.0,r.-95.1.0/r.-79.1.0,r.-79.1.0/r.-95.1.0,r.-95.1.0/r.-79.1.0,r.-95.1.0/r.-79.1.0,r.-95.1.0/r.-79.1.0,r.-79.1.0/r.-95.1.0,r.-95.1.0/r.-79.1.0,r.-79.1.0/r.-95.1.0,r.-79.1.0/r.-95.1.0,r.-79.1.0/r.-95.1.0,r.-79.1.0/r.-95.1.0,r.-79.1.0/r.-95.1.0,r.-79.1.0/r.-95.1.0,r.-79.1.0/r.-95.1.0,r.-95.1.0/r.-79.1.0,r.-95.1.0/r.-79.1.0,r.-79.1.0/r.-95.1.0,r.-95.1.0/r.-79.1.0,r.-95.1.0/r.-79.1.0,r.-79.1.0/r.-95.1.0,r.-79.1.0/r.-95.1.0,r.-79.1.0/r.-95.1.0,r.-79.1.0/r.-95.1.0,r.-95.1.0/r.-79.1.0,r.-95.1.0/r.-79.1.0,r.-79.1.0/r.-95.1.0,r.-79.1.0/r.-95.1.0,r.-95.1.0/r.-79.1.0,r.-95.1.0/r.-79.1.0,r.-79.1.0/r.-95.1.0,r.-79.1.0/r.-95.1.0,r.-79.1.0/r.-95.1.0,r.-95.1.0/r.-79.1.0,r.-95.1.0/r.-79.1.0,r.-79.1.0/r.-95.1.0,r.-95.1.0/r.-79.1.0,r.-79.1.0/r.-95.1.0,r.-95.1.0/r.-79.1.0,r.-79.1.0/r.-95.1.0,r.-79.1.0/r.-95.1.0,r.-95.1.0/r.-79.1.0,r.-79.1.0/r.-95.1.0,r.-79.1.0/r.-95.1.0,r.-79.1.0/r.-95.1.0,r.-79.1.0/r.-95.1.0,r.-95.1.0/r.-79.1.0,r.-95.1.0/r.-79.1.0,r.-95.1.0/r.-79.1.0,r.-95.1.0/r.-79.1.0,r.-95.1.0/r.-79.1.0,r.-79.1.0/r.-95.1.0,r.-79.1.0/r.-95.1.0,r.-95.1.0/r.-79.1.0,r.-79.1.0/r.-95.1.0,r.-79.1.0/r.-95.1.0,r.-79.1.0/r.-95.1.0,r.-95.1.0/r.-79.1.0,r.-79.1.0/r.-95.1.0,r.-95.1.0/r.-79.1.0,r.-95.1.0/r.-79.1.0,r.-95.1.0/r.-79.1.0,r.-79.1.0/r.-95.1.0,r.-79.1.0/r.-95.1.0,r.-79.1.0/r.-95.1.0,r.-79.1.0/r.-95.1.0,r.-79.1.0/r.-95.1.0,r.-95.1.0/r.-79.1.0,r.-95.1.0/r.-79.1.0,r.-79.1.0/r.-95.1.0,r.-95.1.0/r.-79.1.0,r.-79.1.0/r.-95.1.0,r.-79.1.0/r.-95.1.0,r.-79.1.0/r.-95.1.0,r.-95.1.0/r.-79.1.0,r.-95.1.0/r.-79.1.0,r.-95.1.0/r.-79.1.0,r.-95.1.0/r.-79.1.0,r.-79.1.0/r.-95.1.0,r.-95.1.0/r.-79.1.0,r.-79.1.0/r.-95.1.0,r.-79.1.0/r.-95.1.0,r.-79.1.0/r.-95.1.0,r.-79.1.0/r.-95.1.0,r.-79.1.0/r.-95.1.0,r.-79.1.0/r.-95.1.0,r.-79.1.0/r.-95.1.0,r.-79.1.0/r.-95.1.0,r.-79.1.0/r.-95.1.0,r.-95.1.0/r.-79.1.0,,,,,,,,,,,,,,,,,,,,,,,,,,,,,,,,,,,,,,,,,,,,,,,,,,,,,,,,,,,,,,,,,,,,,,,,,,,,,,,,,,,,,,,,,,,,,,,,,,,,,,,,,,,,,,,,,,,,,,,,,,,,,,,,
458,r.-79.1.0/r.-95.1.0,r.-79.1.0/r.-95.1.0,r.-95.1.0/r.-79.1.0,r.-95.1.0/r.-79.1.0,r.-95.1.0/r.-79.1.0,r.-79.1.0/r.-95.1.0,r.-95.1.0/r.-79.1.0,r.-95.1.0/r.-79.1.0,r.-95.1.0/r.-79.1.0,r.-95.1.0/r.-79.1.0,r.-79.1.0/r.-95.1.0,r.-79.1.0/r.-95.1.0,r.-79.1.0/r.-95.1.0,r.-79.1.0/r.-95.1.0,r.-79.1.0/r.-95.1.0,r.-79.1.0/r.-95.1.0,r.-79.1.0/r.-95.1.0,r.-79.1.0/r.-95.1.0,r.-79.1.0/r.-95.1.0,r.-79.1.0/r.-95.1.0,r.-95.1.0/r.-79.1.0,r.-95.1.0/r.-79.1.0,r.-95.1.0/r.-79.1.0,r.-79.1.0/r.-95.1.0,r.-95.1.0/r.-79.1.0,r.-95.1.0/r.-79.1.0,r.-79.1.0/r.-95.1.0,r.-95.1.0/r.-79.1.0,r.-95.1.0/r.-79.1.0,r.-79.1.0/r.-95.1.0,r.-79.1.0/r.-95.1.0,r.-95.1.0/r.-79.1.0,r.-79.1.0/r.-95.1.0,r.-79.1.0/r.-95.1.0,r.-79.1.0/r.-95.1.0,r.-95.1.0/r.-79.1.0,r.-95.1.0/r.-79.1.0,r.-79.1.0/r.-95.1.0,r.-79.1.0/r.-95.1.0,r.-79.1.0/r.-95.1.0,r.-95.1.0/r.-79.1.0,r.-95.1.0/r.-79.1.0,r.-95.1.0/r.-79.1.0,r.-95.1.0/r.-79.1.0,r.-79.1.0/r.-95.1.0,r.-95.1.0/r.-79.1.0,r.-79.1.0/r.-95.1.0,r.-79.1.0/r.-95.1.0,r.-95.1.0/r.-79.1.0,r.-95.1.0/r.-79.1.0,r.-95.1.0/r.-79.1.0,r.-95.1.0/r.-79.1.0,r.-95.1.0/r.-79.1.0,r.-79.1.0/r.-95.1.0,r.-95.1.0/r.-79.1.0,r.-95.1.0/r.-79.1.0,r.-95.1.0/r.-79.1.0,r.-79.1.0/r.-95.1.0,r.-95.1.0/r.-79.1.0,r.-79.1.0/r.-95.1.0,r.-95.1.0/r.-79.1.0,r.-95.1.0/r.-79.1.0,r.-79.1.0/r.-95.1.0,r.-79.1.0/r.-95.1.0,r.-79.1.0/r.-95.1.0,r.-95.1.0/r.-79.1.0,r.-79.1.0/r.-95.1.0,r.-95.1.0/r.-79.1.0,r.-95.1.0/r.-79.1.0,r.-95.1.0/r.-79.1.0,r.-95.1.0/r.-79.1.0,r.-95.1.0/r.-79.1.0,r.-79.1.0/r.-95.1.0,r.-79.1.0/r.-95.1.0,r.-95.1.0/r.-79.1.0,r.-79.1.0/r.-95.1.0,r.-95.1.0/r.-79.1.0,r.-79.1.0/r.-95.1.0,r.-95.1.0/r.-79.1.0,r.-95.1.0/r.-79.1.0,r.-79.1.0/r.-95.1.0,r.-79.1.0/r.-95.1.0,r.-79.1.0/r.-95.1.0,r.-95.1.0/r.-79.1.0,r.-95.1.0/r.-79.1.0,r.-95.1.0/r.-79.1.0,r.-79.1.0/r.-95.1.0,r.-79.1.0/r.-95.1.0,r.-79.1.0/r.-95.1.0,r.-79.1.0/r.-95.1.0,r.-79.1.0/r.-95.1.0,r.-79.1.0/r.-95.1.0,r.-95.1.0/r.-79.1.0,r.-79.1.0/r.-95.1.0,,,,,,,,,,,,,,,,,,,,,,,,,,,,,,,,,,,,,,,,,,,,,,,,,,,,,,,,,,,,,,,,,,,,,,,,,,,,,,,,,,,,,,,,,,,,,,,,,,,,,,,,,,,,,,,,,,,,,,,,,,,,,,,,
459,r.-79.1.0/r.-95.1.0,r.-95.1.0/r.-79.1.0,r.-79.1.0/r.-95.1.0,r.-95.1.0/r.-79.1.0,r.-79.1.0/r.-95.1.0,r.-79.1.0/r.-95.1.0,r.-79.1.0/r.-95.1.0,r.-79.1.0/r.-95.1.0,r.-95.1.0/r.-79.1.0,r.-79.1.0/r.-95.1.0,r.-95.1.0/r.-79.1.0,r.-79.1.0/r.-95.1.0,r.-79.1.0/r.-95.1.0,r.-79.1.0/r.-95.1.0,r.-95.1.0/r.-79.1.0,r.-95.1.0/r.-79.1.0,r.-79.1.0/r.-95.1.0,r.-95.1.0/r.-79.1.0,r.-79.1.0/r.-95.1.0,r.-95.1.0/r.-79.1.0,r.-79.1.0/r.-95.1.0,r.-79.1.0/r.-95.1.0,r.-79.1.0/r.-95.1.0,r.-79.1.0/r.-95.1.0,r.-95.1.0/r.-79.1.0,r.-95.1.0/r.-79.1.0,r.-79.1.0/r.-95.1.0,r.-79.1.0/r.-95.1.0,r.-95.1.0/r.-79.1.0,r.-79.1.0/r.-95.1.0,r.-95.1.0/r.-79.1.0,r.-95.1.0/r.-79.1.0,r.-95.1.0/r.-79.1.0,r.-79.1.0/r.-95.1.0,r.-79.1.0/r.-95.1.0,r.-79.1.0/r.-95.1.0,r.-79.1.0/r.-95.1.0,r.-95.1.0/r.-79.1.0,r.-79.1.0/r.-95.1.0,r.-95.1.0/r.-79.1.0,r.-79.1.0/r.-95.1.0,r.-95.1.0/r.-79.1.0,r.-79.1.0/r.-95.1.0,r.-79.1.0/r.-95.1.0,r.-95.1.0/r.-79.1.0,r.-95.1.0/r.-79.1.0,r.-79.1.0/r.-95.1.0,r.-79.1.0/r.-95.1.0,r.-95.1.0/r.-79.1.0,r.-79.1.0/r.-95.1.0,r.-79.1.0/r.-95.1.0,r.-79.1.0/r.-95.1.0,r.-79.1.0/r.-95.1.0,r.-79.1.0/r.-95.1.0,r.-95.1.0/r.-79.1.0,r.-95.1.0/r.-79.1.0,r.-79.1.0/r.-95.1.0,r.-79.1.0/r.-95.1.0,r.-95.1.0/r.-79.1.0,r.-79.1.0/r.-95.1.0,r.-95.1.0/r.-79.1.0,r.-95.1.0/r.-79.1.0,r.-95.1.0/r.-79.1.0,r.-79.1.0/r.-95.1.0,r.-79.1.0/r.-95.1.0,r.-79.1.0/r.-95.1.0,r.-95.1.0/r.-79.1.0,r.-79.1.0/r.-95.1.0,r.-79.1.0/r.-95.1.0,r.-95.1.0/r.-79.1.0,r.-79.1.0/r.-95.1.0,r.-95.1.0/r.-79.1.0,r.-95.1.0/r.-79.1.0,r.-95.1.0/r.-79.1.0,r.-79.1.0/r.-95.1.0,r.-95.1.0/r.-79.1.0,r.-79.1.0/r.-95.1.0,r.-79.1.0/r.-95.1.0,r.-95.1.0/r.-79.1.0,r.-95.1.0/r.-79.1.0,r.-95.1.0/r.-79.1.0,r.-95.1.0/r.-79.1.0,r.-95.1.0/r.-79.1.0,r.-95.1.0/r.-79.1.0,r.-79.1.0/r.-95.1.0,r.-95.1.0/r.-79.1.0,r.-79.1.0/r.-95.1.0,r.-79.1.0/r.-95.1.0,r.-95.1.0/r.-79.1.0,r.-95.1.0/r.-79.1.0,r.-79.1.0/r.-95.1.0,r.-95.1.0/r.-79.1.0,r.-95.1.0/r.-79.1.0,r.-79.1.0/r.-95.1.0,,,,,,,,,,,,,,,,,,,,,,,,,,,,,,,,,,,,,,,,,,,,,,,,,,,,,,,,,,,,,,,,,,,,,,,,,,,,,,,,,,,,,,,,,,,,,,,,,,,,,,,,,,,,,,,,,,,,,,,,,,,,,,,,
460,r.-79.1.0/r.-95.1.0,r.-95.1.0/r.-79.1.0,r.-95.1.0/r.-79.1.0,r.-95.1.0/r.-79.1.0,r.-79.1.0/r.-95.1.0,r.-95.1.0/r.-79.1.0,r.-79.1.0/r.-95.1.0,r.-79.1.0/r.-95.1.0,r.-95.1.0/r.-79.1.0,r.-79.1.0/r.-95.1.0,r.-95.1.0/r.-79.1.0,r.-79.1.0/r.-95.1.0,r.-79.1.0/r.-95.1.0,r.-79.1.0/r.-95.1.0,r.-95.1.0/r.-79.1.0,r.-79.1.0/r.-95.1.0,r.-95.1.0/r.-79.1.0,r.-79.1.0/r.-95.1.0,r.-79.1.0/r.-95.1.0,r.-95.1.0/r.-79.1.0,r.-95.1.0/r.-79.1.0,r.-95.1.0/r.-79.1.0,r.-79.1.0/r.-95.1.0,r.-95.1.0/r.-79.1.0,r.-95.1.0/r.-79.1.0,r.-79.1.0/r.-95.1.0,r.-79.1.0/r.-95.1.0,r.-95.1.0/r.-79.1.0,r.-95.1.0/r.-79.1.0,r.-95.1.0/r.-79.1.0,r.-79.1.0/r.-95.1.0,r.-79.1.0/r.-95.1.0,r.-95.1.0/r.-79.1.0,r.-79.1.0/r.-95.1.0,r.-79.1.0/r.-95.1.0,r.-79.1.0/r.-95.1.0,r.-95.1.0/r.-79.1.0,r.-79.1.0/r.-95.1.0,r.-95.1.0/r.-79.1.0,r.-79.1.0/r.-95.1.0,r.-95.1.0/r.-79.1.0,r.-79.1.0/r.-95.1.0,r.-79.1.0/r.-95.1.0,r.-95.1.0/r.-79.1.0,r.-95.1.0/r.-79.1.0,r.-95.1.0/r.-79.1.0,r.-79.1.0/r.-95.1.0,r.-79.1.0/r.-95.1.0,r.-95.1.0/r.-79.1.0,r.-95.1.0/r.-79.1.0,r.-79.1.0/r.-95.1.0,r.-79.1.0/r.-95.1.0,r.-79.1.0/r.-95.1.0,r.-79.1.0/r.-95.1.0,r.-95.1.0/r.-79.1.0,r.-95.1.0/r.-79.1.0,r.-95.1.0/r.-79.1.0,r.-79.1.0/r.-95.1.0,r.-95.1.0/r.-79.1.0,r.-95.1.0/r.-79.1.0,r.-79.1.0/r.-95.1.0,r.-95.1.0/r.-79.1.0,r.-95.1.0/r.-79.1.0,r.-79.1.0/r.-95.1.0,r.-95.1.0/r.-79.1.0,r.-79.1.0/r.-95.1.0,r.-79.1.0/r.-95.1.0,r.-79.1.0/r.-95.1.0,r.-95.1.0/r.-79.1.0,r.-79.1.0/r.-95.1.0,r.-95.1.0/r.-79.1.0,r.-79.1.0/r.-95.1.0,r.-95.1.0/r.-79.1.0,r.-95.1.0/r.-79.1.0,r.-79.1.0/r.-95.1.0,r.-79.1.0/r.-95.1.0,r.-79.1.0/r.-95.1.0,r.-95.1.0/r.-79.1.0,r.-95.1.0/r.-79.1.0,r.-79.1.0/r.-95.1.0,r.-95.1.0/r.-79.1.0,r.-95.1.0/r.-79.1.0,r.-79.1.0/r.-95.1.0,r.-79.1.0/r.-95.1.0,r.-79.1.0/r.-95.1.0,r.-95.1.0/r.-79.1.0,r.-79.1.0/r.-95.1.0,r.-79.1.0/r.-95.1.0,r.-95.1.0/r.-79.1.0,r.-95.1.0/r.-79.1.0,r.-79.1.0/r.-95.1.0,r.-95.1.0/r.-79.1.0,r.-79.1.0/r.-95.1.0,r.-79.1.0/r.-95.1.0,,,,,,,,,,,,,,,,,,,,,,,,,,,,,,,,,,,,,,,,,,,,,,,,,,,,,,,,,,,,,,,,,,,,,,,,,,,,,,,,,,,,,,,,,,,,,,,,,,,,,,,,,,,,,,,,,,,,,,,,,,,,,,,,
461,r.-79.1.0/r.-95.1.0,r.-95.1.0/r.-79.1.0,r.-79.1.0/r.-95.1.0,r.-79.1.0/r.-95.1.0,r.-95.1.0/r.-79.1.0,r.-79.1.0/r.-95.1.0,r.-79.1.0/r.-95.1.0,r.-95.1.0/r.-79.1.0,r.-79.1.0/r.-95.1.0,r.-95.1.0/r.-79.1.0,r.-79.1.0/r.-95.1.0,r.-79.1.0/r.-95.1.0,r.-95.1.0/r.-79.1.0,r.-95.1.0/r.-79.1.0,r.-79.1.0/r.-95.1.0,r.-79.1.0/r.-95.1.0,r.-95.1.0/r.-79.1.0,r.-79.1.0/r.-95.1.0,r.-79.1.0/r.-95.1.0,r.-79.1.0/r.-95.1.0,r.-79.1.0/r.-95.1.0,r.-95.1.0/r.-79.1.0,r.-79.1.0/r.-95.1.0,r.-79.1.0/r.-95.1.0,r.-79.1.0/r.-95.1.0,r.-79.1.0/r.-95.1.0,r.-79.1.0/r.-95.1.0,r.-95.1.0/r.-79.1.0,r.-95.1.0/r.-79.1.0,r.-79.1.0/r.-95.1.0,r.-95.1.0/r.-79.1.0,r.-79.1.0/r.-95.1.0,r.-79.1.0/r.-95.1.0,r.-95.1.0/r.-79.1.0,r.-95.1.0/r.-79.1.0,r.-79.1.0/r.-95.1.0,r.-95.1.0/r.-79.1.0,r.-95.1.0/r.-79.1.0,r.-79.1.0/r.-95.1.0,r.-95.1.0/r.-79.1.0,r.-79.1.0/r.-95.1.0,r.-95.1.0/r.-79.1.0,r.-95.1.0/r.-79.1.0,r.-95.1.0/r.-79.1.0,r.-95.1.0/r.-79.1.0,r.-95.1.0/r.-79.1.0,r.-95.1.0/r.-79.1.0,r.-95.1.0/r.-79.1.0,r.-79.1.0/r.-95.1.0,r.-95.1.0/r.-79.1.0,r.-79.1.0/r.-95.1.0,r.-95.1.0/r.-79.1.0,r.-79.1.0/r.-95.1.0,r.-79.1.0/r.-95.1.0,r.-79.1.0/r.-95.1.0,r.-79.1.0/r.-95.1.0,r.-95.1.0/r.-79.1.0,r.-79.1.0/r.-95.1.0,r.-95.1.0/r.-79.1.0,r.-79.1.0/r.-95.1.0,r.-79.1.0/r.-95.1.0,r.-95.1.0/r.-79.1.0,r.-79.1.0/r.-95.1.0,r.-95.1.0/r.-79.1.0,r.-79.1.0/r.-95.1.0,r.-95.1.0/r.-79.1.0,r.-79.1.0/r.-95.1.0,r.-95.1.0/r.-79.1.0,r.-95.1.0/r.-79.1.0,r.-79.1.0/r.-95.1.0,r.-79.1.0/r.-95.1.0,r.-79.1.0/r.-95.1.0,r.-95.1.0/r.-79.1.0,r.-95.1.0/r.-79.1.0,r.-95.1.0/r.-79.1.0,r.-79.1.0/r.-95.1.0,r.-95.1.0/r.-79.1.0,r.-79.1.0/r.-95.1.0,r.-79.1.0/r.-95.1.0,r.-79.1.0/r.-95.1.0,r.-95.1.0/r.-79.1.0,r.-95.1.0/r.-79.1.0,r.-79.1.0/r.-95.1.0,r.-95.1.0/r.-79.1.0,r.-79.1.0/r.-95.1.0,r.-79.1.0/r.-95.1.0,r.-95.1.0/r.-79.1.0,r.-95.1.0/r.-79.1.0,r.-79.1.0/r.-95.1.0,r.-79.1.0/r.-95.1.0,r.-79.1.0/r.-95.1.0,r.-95.1.0/r.-79.1.0,r.-95.1.0/r.-79.1.0,r.-79.1.0/r.-95.1.0,,,,,,,,,,,,,,,,,,,,,,,,,,,,,,,,,,,,,,,,,,,,,,,,,,,,,,,,,,,,,,,,,,,,,,,,,,,,,,,,,,,,,,,,,,,,,,,,,,,,,,,,,,,,,,,,,,,,,,,,,,,,,,,,
462,r.-95.1.0/r.-79.1.0,r.-79.1.0/r.-95.1.0,r.-95.1.0/r.-79.1.0,r.-95.1.0/r.-79.1.0,r.-95.1.0/r.-79.1.0,r.-79.1.0/r.-95.1.0,r.-79.1.0/r.-95.1.0,r.-95.1.0/r.-79.1.0,r.-79.1.0/r.-95.1.0,r.-95.1.0/r.-79.1.0,r.-95.1.0/r.-79.1.0,r.-79.1.0/r.-95.1.0,r.-79.1.0/r.-95.1.0,r.-79.1.0/r.-95.1.0,r.-95.1.0/r.-79.1.0,r.-95.1.0/r.-79.1.0,r.-79.1.0/r.-95.1.0,r.-79.1.0/r.-95.1.0,r.-95.1.0/r.-79.1.0,r.-95.1.0/r.-79.1.0,r.-79.1.0/r.-95.1.0,r.-79.1.0/r.-95.1.0,r.-79.1.0/r.-95.1.0,r.-95.1.0/r.-79.1.0,r.-95.1.0/r.-79.1.0,r.-95.1.0/r.-79.1.0,r.-79.1.0/r.-95.1.0,r.-95.1.0/r.-79.1.0,r.-95.1.0/r.-79.1.0,r.-95.1.0/r.-79.1.0,r.-95.1.0/r.-79.1.0,r.-95.1.0/r.-79.1.0,r.-79.1.0/r.-95.1.0,r.-95.1.0/r.-79.1.0,r.-95.1.0/r.-79.1.0,r.-79.1.0/r.-95.1.0,r.-79.1.0/r.-95.1.0,r.-95.1.0/r.-79.1.0,r.-95.1.0/r.-79.1.0,r.-79.1.0/r.-95.1.0,r.-95.1.0/r.-79.1.0,r.-79.1.0/r.-95.1.0,r.-95.1.0/r.-79.1.0,r.-79.1.0/r.-95.1.0,r.-95.1.0/r.-79.1.0,r.-95.1.0/r.-79.1.0,r.-95.1.0/r.-79.1.0,r.-79.1.0/r.-95.1.0,r.-79.1.0/r.-95.1.0,r.-79.1.0/r.-95.1.0,r.-95.1.0/r.-79.1.0,r.-95.1.0/r.-79.1.0,r.-79.1.0/r.-95.1.0,r.-95.1.0/r.-79.1.0,r.-95.1.0/r.-79.1.0,r.-95.1.0/r.-79.1.0,r.-79.1.0/r.-95.1.0,r.-95.1.0/r.-79.1.0,r.-95.1.0/r.-79.1.0,r.-79.1.0/r.-95.1.0,r.-79.1.0/r.-95.1.0,r.-79.1.0/r.-95.1.0,r.-95.1.0/r.-79.1.0,r.-95.1.0/r.-79.1.0,r.-79.1.0/r.-95.1.0,r.-95.1.0/r.-79.1.0,r.-79.1.0/r.-95.1.0,r.-79.1.0/r.-95.1.0,r.-95.1.0/r.-79.1.0,r.-79.1.0/r.-95.1.0,r.-95.1.0/r.-79.1.0,r.-79.1.0/r.-95.1.0,r.-79.1.0/r.-95.1.0,r.-79.1.0/r.-95.1.0,r.-95.1.0/r.-79.1.0,r.-79.1.0/r.-95.1.0,r.-79.1.0/r.-95.1.0,r.-95.1.0/r.-79.1.0,r.-79.1.0/r.-95.1.0,r.-95.1.0/r.-79.1.0,r.-95.1.0/r.-79.1.0,r.-95.1.0/r.-79.1.0,r.-79.1.0/r.-95.1.0,r.-95.1.0/r.-79.1.0,r.-95.1.0/r.-79.1.0,r.-79.1.0/r.-95.1.0,r.-79.1.0/r.-95.1.0,r.-95.1.0/r.-79.1.0,r.-95.1.0/r.-79.1.0,r.-95.1.0/r.-79.1.0,r.-79.1.0/r.-95.1.0,r.-79.1.0/r.-95.1.0,r.-95.1.0/r.-79.1.0,r.-95.1.0/r.-79.1.0,,,,,,,,,,,,,,,,,,,,,,,,,,,,,,,,,,,,,,,,,,,,,,,,,,,,,,,,,,,,,,,,,,,,,,,,,,,,,,,,,,,,,,,,,,,,,,,,,,,,,,,,,,,,,,,,,,,,,,,,,,,,,,,,
463,r.-79.1.0/r.-95.1.0,r.-95.1.0/r.-79.1.0,r.-95.1.0/r.-79.1.0,r.-79.1.0/r.-95.1.0,r.-79.1.0/r.-95.1.0,r.-95.1.0/r.-79.1.0,r.-79.1.0/r.-95.1.0,r.-79.1.0/r.-95.1.0,r.-95.1.0/r.-79.1.0,r.-95.1.0/r.-79.1.0,r.-95.1.0/r.-79.1.0,r.-95.1.0/r.-79.1.0,r.-79.1.0/r.-95.1.0,r.-79.1.0/r.-95.1.0,r.-79.1.0/r.-95.1.0,r.-79.1.0/r.-95.1.0,r.-95.1.0/r.-79.1.0,r.-95.1.0/r.-79.1.0,r.-95.1.0/r.-79.1.0,r.-95.1.0/r.-79.1.0,r.-95.1.0/r.-79.1.0,r.-95.1.0/r.-79.1.0,r.-95.1.0/r.-79.1.0,r.-79.1.0/r.-95.1.0,r.-95.1.0/r.-79.1.0,r.-95.1.0/r.-79.1.0,r.-95.1.0/r.-79.1.0,r.-95.1.0/r.-79.1.0,r.-95.1.0/r.-79.1.0,r.-95.1.0/r.-79.1.0,r.-79.1.0/r.-95.1.0,r.-95.1.0/r.-79.1.0,r.-95.1.0/r.-79.1.0,r.-95.1.0/r.-79.1.0,r.-95.1.0/r.-79.1.0,r.-79.1.0/r.-95.1.0,r.-95.1.0/r.-79.1.0,r.-95.1.0/r.-79.1.0,r.-95.1.0/r.-79.1.0,r.-79.1.0/r.-95.1.0,r.-95.1.0/r.-79.1.0,r.-95.1.0/r.-79.1.0,r.-79.1.0/r.-95.1.0,r.-79.1.0/r.-95.1.0,r.-95.1.0/r.-79.1.0,r.-79.1.0/r.-95.1.0,r.-95.1.0/r.-79.1.0,r.-95.1.0/r.-79.1.0,r.-79.1.0/r.-95.1.0,r.-95.1.0/r.-79.1.0,r.-95.1.0/r.-79.1.0,r.-79.1.0/r.-95.1.0,r.-79.1.0/r.-95.1.0,r.-95.1.0/r.-79.1.0,r.-95.1.0/r.-79.1.0,r.-79.1.0/r.-95.1.0,r.-79.1.0/r.-95.1.0,r.-79.1.0/r.-95.1.0,r.-79.1.0/r.-95.1.0,r.-79.1.0/r.-95.1.0,r.-95.1.0/r.-79.1.0,r.-79.1.0/r.-95.1.0,r.-79.1.0/r.-95.1.0,r.-95.1.0/r.-79.1.0,r.-79.1.0/r.-95.1.0,r.-79.1.0/r.-95.1.0,r.-79.1.0/r.-95.1.0,r.-79.1.0/r.-95.1.0,r.-79.1.0/r.-95.1.0,r.-79.1.0/r.-95.1.0,r.-95.1.0/r.-79.1.0,r.-95.1.0/r.-79.1.0,r.-95.1.0/r.-79.1.0,r.-95.1.0/r.-79.1.0,r.-79.1.0/r.-95.1.0,r.-79.1.0/r.-95.1.0,r.-95.1.0/r.-79.1.0,r.-79.1.0/r.-95.1.0,r.-79.1.0/r.-95.1.0,r.-79.1.0/r.-95.1.0,r.-95.1.0/r.-79.1.0,r.-79.1.0/r.-95.1.0,r.-95.1.0/r.-79.1.0,r.-79.1.0/r.-95.1.0,r.-79.1.0/r.-95.1.0,r.-95.1.0/r.-79.1.0,r.-95.1.0/r.-79.1.0,r.-79.1.0/r.-95.1.0,r.-95.1.0/r.-79.1.0,r.-79.1.0/r.-95.1.0,r.-79.1.0/r.-95.1.0,r.-79.1.0/r.-95.1.0,r.-79.1.0/r.-95.1.0,r.-79.1.0/r.-95.1.0,,,,,,,,,,,,,,,,,,,,,,,,,,,,,,,,,,,,,,,,,,,,,,,,,,,,,,,,,,,,,,,,,,,,,,,,,,,,,,,,,,,,,,,,,,,,,,,,,,,,,,,,,,,,,,,,,,,,,,,,,,,,,,,,
464,r.-95.1.0/r.-79.1.0,r.-79.1.0/r.-95.1.0,r.-95.1.0/r.-79.1.0,r.-95.1.0/r.-79.1.0,r.-79.1.0/r.-95.1.0,r.-79.1.0/r.-95.1.0,r.-79.1.0/r.-95.1.0,r.-95.1.0/r.-79.1.0,r.-79.1.0/r.-95.1.0,r.-95.1.0/r.-79.1.0,r.-79.1.0/r.-95.1.0,r.-95.1.0/r.-79.1.0,r.-95.1.0/r.-79.1.0,r.-79.1.0/r.-95.1.0,r.-79.1.0/r.-95.1.0,r.-95.1.0/r.-79.1.0,r.-79.1.0/r.-95.1.0,r.-95.1.0/r.-79.1.0,r.-79.1.0/r.-95.1.0,r.-79.1.0/r.-95.1.0,r.-79.1.0/r.-95.1.0,r.-95.1.0/r.-79.1.0,r.-79.1.0/r.-95.1.0,r.-95.1.0/r.-79.1.0,r.-79.1.0/r.-95.1.0,r.-95.1.0/r.-79.1.0,r.-95.1.0/r.-79.1.0,r.-79.1.0/r.-95.1.0,r.-95.1.0/r.-79.1.0,r.-79.1.0/r.-95.1.0,r.-95.1.0/r.-79.1.0,r.-95.1.0/r.-79.1.0,r.-79.1.0/r.-95.1.0,r.-95.1.0/r.-79.1.0,r.-79.1.0/r.-95.1.0,r.-79.1.0/r.-95.1.0,r.-95.1.0/r.-79.1.0,r.-95.1.0/r.-79.1.0,r.-79.1.0/r.-95.1.0,r.-95.1.0/r.-79.1.0,r.-79.1.0/r.-95.1.0,r.-79.1.0/r.-95.1.0,r.-95.1.0/r.-79.1.0,r.-79.1.0/r.-95.1.0,r.-95.1.0/r.-79.1.0,r.-79.1.0/r.-95.1.0,r.-95.1.0/r.-79.1.0,r.-79.1.0/r.-95.1.0,r.-95.1.0/r.-79.1.0,r.-79.1.0/r.-95.1.0,r.-79.1.0/r.-95.1.0,r.-79.1.0/r.-95.1.0,r.-95.1.0/r.-79.1.0,r.-95.1.0/r.-79.1.0,r.-79.1.0/r.-95.1.0,r.-95.1.0/r.-79.1.0,r.-79.1.0/r.-95.1.0,r.-95.1.0/r.-79.1.0,r.-95.1.0/r.-79.1.0,r.-79.1.0/r.-95.1.0,r.-79.1.0/r.-95.1.0,r.-95.1.0/r.-79.1.0,r.-95.1.0/r.-79.1.0,r.-79.1.0/r.-95.1.0,r.-79.1.0/r.-95.1.0,r.-79.1.0/r.-95.1.0,r.-79.1.0/r.-95.1.0,r.-95.1.0/r.-79.1.0,r.-79.1.0/r.-95.1.0,r.-95.1.0/r.-79.1.0,r.-79.1.0/r.-95.1.0,r.-79.1.0/r.-95.1.0,r.-79.1.0/r.-95.1.0,r.-95.1.0/r.-79.1.0,r.-79.1.0/r.-95.1.0,r.-79.1.0/r.-95.1.0,r.-95.1.0/r.-79.1.0,r.-95.1.0/r.-79.1.0,r.-79.1.0/r.-95.1.0,r.-79.1.0/r.-95.1.0,r.-95.1.0/r.-79.1.0,r.-95.1.0/r.-79.1.0,r.-79.1.0/r.-95.1.0,r.-79.1.0/r.-95.1.0,r.-79.1.0/r.-95.1.0,r.-79.1.0/r.-95.1.0,r.-95.1.0/r.-79.1.0,r.-95.1.0/r.-79.1.0,r.-95.1.0/r.-79.1.0,r.-95.1.0/r.-79.1.0,r.-79.1.0/r.-95.1.0,r.-95.1.0/r.-79.1.0,r.-95.1.0/r.-79.1.0,r.-79.1.0/r.-95.1.0,,,,,,,,,,,,,,,,,,,,,,,,,,,,,,,,,,,,,,,,,,,,,,,,,,,,,,,,,,,,,,,,,,,,,,,,,,,,,,,,,,,,,,,,,,,,,,,,,,,,,,,,,,,,,,,,,,,,,,,,,,,,,,,,
465,r.-95.1.0,r.-95.1.0,r.-95.1.0,r.-95.1.0,r.-95.1.0,r.-95.1.0,r.-95.1.0,r.-95.1.0,r.-95.1.0,r.-95.1.0,r.-95.1.0,r.-95.1.0,r.-95.1.0,r.-95.1.0,r.-95.1.0,r.-95.1.0,r.-95.1.0,r.-95.1.0,r.-95.1.0,r.-95.1.0,r.-95.1.0,r.-95.1.0,r.-95.1.0,r.-95.1.0,r.-95.1.0,r.-95.1.0,r.-95.1.0,r.-95.1.0,r.-95.1.0,r.-95.1.0,r.-95.1.0,r.-95.1.0,r.-95.1.0,r.-95.1.0,r.-95.1.0,r.-95.1.0,r.-95.1.0,r.-95.1.0,r.-95.1.0,r.-95.1.0,r.-95.1.0,r.-95.1.0,r.-95.1.0,r.-95.1.0,r.-95.1.0,r.-95.1.0,r.-95.1.0,r.-95.1.0,r.-95.1.0,r.-95.1.0,r.-95.1.0,r.-95.1.0,r.-95.1.0,r.-95.1.0,r.-95.1.0,r.-95.1.0,r.-95.1.0,r.-95.1.0,r.-95.1.0,r.-95.1.0,r.-95.1.0,r.-95.1.0,r.-95.1.0,r.-95.1.0,r.-95.1.0,r.-95.1.0,r.-95.1.0,r.-95.1.0,r.-95.1.0,r.-95.1.0,r.-95.1.0,r.-95.1.0,r.-95.1.0,r.-95.1.0,r.-95.1.0,r.-95.1.0,r.-95.1.0,r.-95.1.0,r.-95.1.0,r.-95.1.0,r.-95.1.0,r.-95.1.0,r.-95.1.0,r.-95.1.0,r.-95.1.0,r.-95.1.0,r.-95.1.0,r.-95.1.0,r.-95.1.0,r.-95.1.0,r.-95.1.0,r.-95.1.0,r.-95.1.0,r.-95.1.0,,,,,,,,,,,,,,,,,,,,,,,,,,,,,,,,,,,,,,,,,,,,,,,,,,,,,,,,,,,,,,,,,,,,,,,,,,,,,,,,,,,,,,,,,,,,,,,,,,,,,,,,,,,,,,,,,,,,,,,,,,,,,,,,
466,,,,,,,,,,,,,,,,r.-125.3.0,,,,,,,,,,,,,,,,,,,r.-125.3.0,,,,,,,,,,,,,,,,,,,,,,,,,,,,,,,,,,,,,,,,,,,,,,,,,,,,,,,,,,,,,,,,,,,,,,,,,,,,,,,,,,,,,,,,,,,,,,,,,,,,,,,,,,,,,,,,,,,,,,,,,,,,,,,,,,,,,,,,,,,,,,,,,,,,,,,,,,,,,,,,,,,,,,,,,,,,,,,,,,,,,,,,,,,
467,p.427/r.-79.0.0,p.428/r.-79.0.0,p.429/r.-79.0.0,p.430/r.-79.0.0,p.431/r.-79.0.0,p.432/r.-79.0.0,p.346/r.-79.0.0,p.347/r.-79.0.0,p.348/r.-79.0.0,p.349/r.-79.0.0,p.433/r.-79.0.0,p.434/r.-79.0.0,p.435/r.-79.0.0,p.436/r.-79.0.0,p.354/r.-79.0.0,p.355/r.-93.0.0/r.-79.0.0,p.437/r.-79.0.0,p.438/r.-79.0.0,p.358/r.-79.0.0,p.359/r.-79.0.0,p.439/r.-79.0.0,p.440/r.-79.0.0,p.441/r.-79.0.0,p.442/r.-79.0.0,p.443/r.-79.0.0,p.444/r.-79.0.0,p.445/r.-79.0.0,p.446/r.-79.0.0,p.447/r.-79.0.0,p.448/r.-79.0.0,p.449/r.-79.0.0,p.450/r.-79.0.0,p.451/r.-79.0.0,p.452/r.-79.0.0,p.364/r.-79.0.0/r.-93.0.0,p.365/r.-79.0.0,p.453/r.-79.0.0,p.454/r.-79.0.0,p.455/r.-79.0.0,p.456/r.-79.0.0,p.370/r.-79.0.0,p.457/r.-79.0.0,p.372/r.-79.0.0,p.458/r.-79.0.0,p.374/r.-79.0.0,p.375/r.-79.0.0,p.376/r.-79.0.0,p.377/r.-79.0.0,p.378/r.-79.0.0,p.379/r.-79.0.0,p.380/r.-79.0.0,p.381/r.-79.0.0,p.382/r.-79.0.0,p.383/r.-79.0.0,p.384/r.-79.0.0,p.385/r.-79.0.0,p.386/r.-79.0.0,p.387/r.-79.0.0,p.459/r.-79.0.0,p.389/r.-79.0.0,p.460/r.-79.0.0,p.391/r.-79.0.0,p.392/r.-79.0.0,p.393/r.-79.0.0,p.461/r.-79.0.0,p.395/r.-79.0.0,p.396/r.-79.0.0,p.397/r.-79.0.0,p.398/r.-79.0.0,p.399/r.-79.0.0,p.400/r.-79.0.0,p.462/r.-79.0.0,p.402/r.-79.0.0,p.403/r.-79.0.0,p.404/r.-79.0.0,p.405/r.-79.0.0,p.406/r.-79.0.0,p.407/r.-79.0.0,p.408/r.-79.0.0,p.409/r.-79.0.0,p.410/r.-79.0.0,p.411/r.-79.0.0,p.412/r.-79.0.0,p.413/r.-79.0.0,p.414/r.-79.0.0,p.415/r.-79.0.0,p.416/r.-79.0.0,p.463/r.-79.0.0,p.418/r.-79.0.0,p.419/r.-79.0.0,p.420/r.-79.0.0,p.421/r.-79.0.0,p.422/r.-79.0.0,p.464/r.-79.0.0,,,,,,,,,,,,,,,,,,,,,,,,,,,,,,,,,,,,,,,,,,,,,,,,,,,,,,,,,,,,,,,,,,,,,,,,,,,,,,,,p.424,,p.465,,,,,,,,,,,,p.468,,p.467,,,,,,,,,,,,,,,,,,,,,,,,,,,,,,,,
468,,,,,,,,,,,,,,,,r.-93.2.0,,,,,,,,,,,,,,,,,,,r.-93.2.0,,,,,,,,,,,,,,,,,,,,,,,,,,,,,,,,,,,,,,,,,,,,,,,,,,,,,,,,,,,,,,,,,,,,,,,,,,,,,,,,,,,,,,,,,,,,,,,,,,,,,,,,,,,,,,,,,,,,,,,,,,,,,,,,,,,,,,,,,,,,,,,,,,,,,,,,,,,,,,,,,,,,,,,,,,,,,,,,,,,,,,,,,,,
469,,,,,,,,,,p.20,,,,,,r.-100.0.0,,,,,,,,,,,,,,,,,,,,,,,,,,,,,,,,,,,,,,,,,,,,,,,,,,,,,,,,,,,,,,,,,,,,,,,,,,,,,,,,,,,,,,,,,,,,,,,,p.470,,,,,,,,,,,,,,,,,,,,,,,,,,,,,,,,,,,,,,,,,,,,,,,,,,,,,,,,,,,,,,,,,,,,,,,,,,,,,,,,,,,p.471,p.472,,,,,,,,,,,,,,,,,,,,,,,,,,
470,,,,,,,,,,,,,,,,p.473,,,,,,,,,,,,,,,,,,,,,,,,,,,,,,,,,,,,,,,,,,,,,,,,,,,,,,,,,,,,,,,,,,,,,,,,,,,,,,,,,,,,,,,,,,,,,,,,,,,,,,,,,,,,,,,,,,,,,,,,,,,,,,,,,,,,,,,,,,,,,,,,,,,,,,,,,,,,,,,,,,,,,,,,,,,,,,,,,,,,,,,,,,,,,,,,,,,,,,,,,,,,,,
471,,,,,,,,,,,,,,,,r.-78.9.0,,,,,,,,,,,,,,,,,,,,,,,,,,,,,,,,,,,,,,,,,,,,,,,,,,,,,,,,,,,,,,,,,,,,,,,,,,,,,,,,,,,,,,,,,,,,,,,,,,,,,,,,,,,,,,,,,,,,,,,,,,,,,,,,,,,,,,,,,,,,,,,,,,,,,,,,,,,,,,,,,,,,,,,,,,,,,,,,,,,,,,,,,,,,,,,,,,,,,,,,,,,,,,
472,,,,,,,,,,,,,,,,r.-100.1.0,,,,,,,,,,,,,,,,,,,,,,,,,,,,,,,,,,,,,,,,,,,,,,,,,,,,,,,,,,,,,,,,,,,,,,,,,,,,,,,,,,,,,,,,,,,,,,,,,,,,,,,,,,,,,,,,,,,,,,,,,,,,,,,,,,,,,,,,,,,,,,,,,,,,,,,,,,,,,,,,,,,,,,,,,,,,,,,,,,,,,,,,,,,,,,,,,,,,,,,,,,,,,,
473,,,,,,,,,,,,,,,,p.78/r.-33.0.0/r.-32.0.0,,,,,,,,,,,,,,,,,,,,,,,,,,,,,,,,,,,,,,,,,,,,,,,,,,,,,,,,,,,,,,,,,,,,,,,,,,,,,,,,,,,,,,,,,,,,,,,,,,,,,,,,,,,p.474,,,,p.98,p.99,,,,,,,,,,,,,,,,,,,,,,,,,,,,,,,,,,,,,,,,,,,,,,,,,,,,,,,,,,,,,,,,,,,,,,,,,,,,,,,,,,,,,,,,,,,,,,
474,,,,,,,,,,,,,,,,r.-101.3.0,,,,,,,,,,,,,,,,,,,,,,,,,,,,,,,,,,,,,,,,,,,,,,,,,,,,,,,,,,,,,,,,,,,,,,,,,,,,,,,,,,,,,,,,,,,,,,,,,,,,,,,,,,,,,,,,,,,,,,,,,,,,,,,,,,,,,,,,,,,,,,,,,,,,,,,,,,,,,,,,,,,,,,,,,,,,,,,,,,,,,,,,,,,,,,,,,,,,,,,,,,,,,,
475,,,,,,,,,,,,,,,,p.78/r.-33.0.0/r.-32.0.0,,,,,,,,,,,,,,,,,,,,,,,,,,,,,,,,,,,,,,,,,,,,,,,,,,,,,,,,,,,,,,,,,,,,,,,,,,,,,,,,,,,,,,,,,,,,,,,,,,,,,,,,,,,p.476,,,,p.98,p.99,,,,,,,,,,,,,,,,,,,,,,,,,,,,,,,,,,,,,,,,,,,,,,,,,,,,,,,,,,,,,,,,,,,,,,,,,,,,,,,,,,,,,,,,,,,,,,
476,,,,,,,,,,,,,,,,r.-119.3.0,,,,,,,,,,,,,,,,,,,,,,,,,,,,,,,,,,,,,,,,,,,,,,,,,,,,,,,,,,,,,,,,,,,,,,,,,,,,,,,,,,,,,,,,,,,,,,,,,,,,,,,,,,,,,,,,,,,,,,,,,,,,,,,,,,,,,,,,,,,,,,,,,,,,,,,,,,,,,,,,,,,,,,,,,,,,,,,,,,,,,,,,,,,,,,,,,,,,,,,,,,,,,,
477,,,,,,,,,,,,,,,,p.78/r.-33.0.0/r.-32.0.0,,,,,,,,,,,,,,,,,,,,,,,,,,,,,,,,,,,,,,,,,,,,,,,,,,,,,,,,,,,,,,,,,,,,,,,,,,,,,,,,,,,,,,,,,,,,,,,,,,,,,,,,,,,p.478,,,,p.98,p.99,,,,,,,,,,,,,,,,,,,,,,,,,,,,,,,,,,,,,,,,,,,,,,,,,,,,,,,,,,,,,,,,,,,,,,,,,,,,,,,,,,,,,,,,,,,,,,
478,,,,,,,,,,,,,,,,r.-119.3.0,,,,,,,,,,,,,,,,,,,,,,,,,,,,,,,,,,,,,,,,,,,,,,,,,,,,,,,,,,,,,,,,,,,,,,,,,,,,,,,,,,,,,,,,,,,,,,,,,,,,,,,,,,,,,,,,,,,,,,,,,,,,,,,,,,,,,,,,,,,,,,,,,,,,,,,,,,,,,,,,,,,,,,,,,,,,,,,,,,,,,,,,,,,,,,,,,,,,,,,,,,,,,,
479,,,,,,,,,,,,,,,,p.78/r.-33.0.0/r.-32.0.0,,,,,,,,,,,,,,,,,,,,,,,,,,,,,,,,,,,,,,,,,,,,,,,,,,,,,,,,,,,,,,,,,,,,,,,,,,,,,,,,,,,,,,,,,,,,,,,,,,,,,,,,,,,p.480,,,,p.98,p.99,,,,,,,,,,,,,,,,,,,,,,,,,,,,,,,,,,,,,,,,,,,,,,,,,,,,,,,,,,,,,,,,,,,,,,,,,,,,,,,,,,,,,,,,,,,,,,
480,,,,,,,,,,,,,,,,r.-119.3.0,,,,,,,,,,,,,,,,,,,,,,,,,,,,,,,,,,,,,,,,,,,,,,,,,,,,,,,,,,,,,,,,,,,,,,,,,,,,,,,,,,,,,,,,,,,,,,,,,,,,,,,,,,,,,,,,,,,,,,,,,,,,,,,,,,,,,,,,,,,,,,,,,,,,,,,,,,,,,,,,,,,,,,,,,,,,,,,,,,,,,,,,,,,,,,,,,,,,,,,,,,,,,,
481,,,,,,,,,,,,,,,,p.78/r.-32.0.0/r.-33.0.0,,,,,,,,,,,,,,,,,,,,,,,,,,,,,,,,,,,,,,,,,,,,,,,,,,,,,,,,,,,,,,,,,,,,,,,,,,,,,,,,,,,,,,,,,,,,,,,,,,,,,,,,,,,p.482,,,,p.98,p.99,,,,,,,,,,,,,,,,,,,,,,,,,,,,,,,,,,,,,,,,,,,,,,,,,,,,,,,,,,,,,,,,,,,,,,,,,,,,,,,,,,,,,,,,,,,,,,
482,,,,,,,,,,,,,,,,p.483,,,,,,,,,,,,,,,,,,,,,,,,,,,,,,,,,,,,,,,,,,,,,,,,,,,,,,,,,,,,,,,,,,,,,,,,,,,,,,,,,,,,,,,,,,,,,,,,,,,,,,,,,,,,,,,,,,,,,,,,,,,,,,,,,,,,,,,,,,,,,,,,,,,,,,,,,,,,,,,,,,,,,,,,,,,,,,,,,,,,,,,,,,,,,,,,,,,,,,,,,,,,,,
483,r.-90.0.0,r.-90.0.0,r.-90.0.0,r.-90.0.0,r.-90.0.0,p.122/r.-90.0.0,r.-90.0.0,r.-90.0.0,r.-90.0.0,r.-90.0.0,r.-90.0.0,r.-90.0.0,r.-90.0.0,r.-90.0.0,r.-90.0.0,r.-90.0.0/r.-120.0.0,r.-90.0.0,r.-90.0.0,r.-90.0.0,r.-90.0.0,r.-90.0.0,r.-90.0.0,r.-90.0.0,r.-90.0.0,r.-90.0.0,r.-90.0.0,r.-90.0.0,r.-90.0.0,r.-90.0.0,r.-90.0.0,r.-90.0.0,r.-90.0.0,r.-90.0.0,r.-90.0.0,r.-90.0.0,p.123/r.-90.0.0,r.-90.0.0,r.-90.0.0,r.-90.0.0,r.-90.0.0,r.-90.0.0,r.-90.0.0,r.-90.0.0,p.124/r.-90.0.0,p.125/r.-90.0.0,r.-90.0.0,r.-90.0.0,r.-90.0.0,r.-90.0.0,r.-90.0.0,p.126/r.-90.0.0,r.-90.0.0,r.-90.0.0,r.-90.0.0,r.-90.0.0,r.-90.0.0,r.-90.0.0,r.-90.0.0,r.-90.0.0,r.-90.0.0,r.-90.0.0,r.-90.0.0,r.-90.0.0,r.-90.0.0,r.-90.0.0,r.-90.0.0,r.-90.0.0,r.-90.0.0,r.-90.0.0,r.-90.0.0,r.-90.0.0,r.-90.0.0,r.-90.0.0,r.-90.0.0,r.-90.0.0,r.-90.0.0,r.-90.0.0,r.-90.0.0,r.-90.0.0,r.-90.0.0,r.-90.0.0,r.-90.0.0,r.-90.0.0,r.-90.0.0,r.-90.0.0,r.-90.0.0,p.127/r.-90.0.0,r.-90.0.0,r.-90.0.0,r.-90.0.0,r.-90.0.0,r.-90.0.0,r.-90.0.0,r.-90.0.0,,,,,,,,,,,,,,p.128,,,p.129,,,,,,,,,p.130,,,,,p.131,,,,,,,,,,,,,,,,,,,,,,,,,,,,,,,,,,,,,,,,,,,,,,,,,,,,p.484,p.133,p.134,,,,,,p.135,p.69,,,,,,,,,,,,,,,,,,,,,,,,,p.136,p.137,,p.138,p.139,p.140,,,,p.141,,
484,,,,,,,,,,,,,,,,p.485,,,,,,,,,,,,,,,,,,,,,,,,,,,,,,,,,,,,,,,,,,,,,,,,,,,,,,,,,,,,,,,,,,,,,,,,,,,,,,,,,,,,,,,,,,,,,,,,,,,,,,,,,,,,,,,,,,,,,,,,,,,,,,,,,,,,,,,,,,,,,,,,,,,,,,,,,,,,,,,,,,,,,,,,,,,,,,,,,,,,,,,,,,,,,,,,,,,,,,,,,,,,,,
485,,,,,,,,,,,,,,,,,,,,,,,,,,,,,,,,,,,,,,,,,,,,,,p.486,,,,,,,,,,,,,,,,,,,,,,,,,,,,,,,,,,,,,,,,,,,,,,,,,,,,,,,,,,,,,,,,,,,,,,,,,,,,,,,,,,,,,,,,,,,,,,,,,,,,,,,,,,,,,,,,,,,,,,,,,,,,,,,,,,,,,,,,,,,,,,,,,,,,,,,,,,,,,,,,,,,,,,,,,,,,,,,,
486,,,,,,,,,,,,,,,,p.487,,,,,,,,,,,,,,,,,,,,,,,,,,,,,,,,,,,,,,,,,,,,,,,,,,,,,,,,,,,,,,,,,,,,,,,,,,,,,,,,,,,,,,,,,,,,,,,,,,,,,,,,,,,,,,,,,,,,,,,,,,,,,,,,,,,,,,,,,,,,,,,,,,,,,,,,,,,,,,,,,,,,,,,,,,,,,,,,,,,,,,,,,,,,,,,,,,,,,,,,,,,,,,
487,,,,,,,,,,,,,,,,p.78/r.-33.0.0/r.-32.0.0,,,,,,,,,,,,,,,,,,,,,,,,,,,,,,,,,,,,,,,,,,,,,,,,,,,,,,,,,,,,,,,,,,,,,,,,,,,,,,,,,,,,,,,,,,,,,,,,,,,,,,,,,,,p.488,,,,p.98,p.99,,,,,,,,,,,,,,,,,,,,,,,,,,,,,,,,,,,,,,,,,,,,,,,,,,,,,,,,,,,,,,,,,,,,,,,,,,,,,,,,,,,,,,,,,,,,,,
488,,,,,,,,,,,,,,,,r.-83.9.0,,,,,,,,,,,,,,,,,,,,,,,,,,,,,,,,,,,,,,,,,,,,,,,,,,,,,,,,,,,,,,,,,,,,,,,,,,,,,,,,,,,,,,,,,,,,,,,,,,,,,,,,,,,,,,,,,,,,,,,,,,,,,,,,,,,,,,,,,,,,,,,,,,,,,,,,,,,,,,,,,,,,,,,,,,,,,,,,,,,,,,,,,,,,,,,,,,,,,,,,,,,,,,
489,r.-111.1.0,r.-111.1.0,r.-111.1.0,r.-111.1.0,r.-111.1.0,r.-111.1.0,r.-111.1.0,r.-111.1.0,r.-111.1.0,r.-111.1.0,r.-111.1.0,r.-111.1.0,r.-111.1.0,r.-111.1.0,r.-111.1.0,r.-111.1.0,r.-111.1.0,r.-111.1.0,r.-111.1.0,r.-111.1.0,r.-111.1.0,r.-111.1.0,r.-111.1.0,r.-111.1.0,r.-111.1.0,r.-111.1.0,r.-111.1.0,r.-111.1.0,r.-111.1.0,r.-111.1.0,r.-111.1.0,r.-111.1.0,r.-111.1.0,r.-111.1.0,r.-111.1.0,r.-111.1.0,r.-111.1.0,r.-111.1.0,r.-111.1.0,r.-111.1.0,r.-111.1.0,r.-111.1.0,r.-111.1.0,r.-111.1.0,r.-111.1.0,r.-111.1.0,r.-111.1.0,r.-111.1.0,r.-111.1.0,r.-111.1.0,r.-111.1.0,r.-111.1.0,r.-111.1.0,r.-111.1.0,r.-111.1.0,r.-111.1.0,r.-111.1.0,r.-111.1.0,r.-111.1.0,r.-111.1.0,r.-111.1.0,r.-111.1.0,r.-111.1.0,r.-111.1.0,r.-111.1.0,r.-111.1.0,r.-111.1.0,r.-111.1.0,r.-111.1.0,r.-111.1.0,r.-111.1.0,r.-111.1.0,r.-111.1.0,r.-111.1.0,r.-111.1.0,r.-111.1.0,r.-111.1.0,r.-111.1.0,r.-111.1.0,r.-111.1.0,r.-111.1.0,r.-111.1.0,r.-111.1.0,r.-111.1.0,r.-111.1.0,r.-111.1.0,r.-111.1.0,r.-111.1.0,r.-111.1.0,r.-111.1.0,r.-111.1.0,r.-111.1.0,r.-111.1.0,r.-111.1.0,,,,,,,,,,,,,,,,,,,,,,,,,,,,,,,,,,,,,,,,,,,,,,,,,,,,,,,,,,,,,,,,,,,,,,,,,,,,,,,,,,,,,,,,,,,,,,,,,,,,,,,,,,,,,,,,,,,,,,,,,,,,,,,,
490,r.-111.1.0,r.-111.1.0,r.-111.1.0,r.-111.1.0,r.-111.1.0,r.-111.1.0,r.-111.1.0,r.-111.1.0,r.-111.1.0,r.-111.1.0,r.-111.1.0,r.-111.1.0,r.-111.1.0,r.-111.1.0,r.-111.1.0,r.-111.1.0,r.-111.1.0,r.-111.1.0,r.-111.1.0,r.-111.1.0,r.-111.1.0,r.-111.1.0,r.-111.1.0,r.-111.1.0,r.-111.1.0,r.-111.1.0,r.-111.1.0,r.-111.1.0,r.-111.1.0,r.-111.1.0,r.-111.1.0,r.-111.1.0,r.-111.1.0,r.-111.1.0,r.-111.1.0,r.-111.1.0,r.-111.1.0,r.-111.1.0,r.-111.1.0,r.-111.1.0,r.-111.1.0,r.-111.1.0,r.-111.1.0,r.-111.1.0,r.-111.1.0,r.-111.1.0,r.-111.1.0,r.-111.1.0,r.-111.1.0,r.-111.1.0,r.-111.1.0,r.-111.1.0,r.-111.1.0,r.-111.1.0,r.-111.1.0,r.-111.1.0,r.-111.1.0,r.-111.1.0,r.-111.1.0,r.-111.1.0,r.-111.1.0,r.-111.1.0,r.-111.1.0,r.-111.1.0,r.-111.1.0,r.-111.1.0,r.-111.1.0,r.-111.1.0,r.-111.1.0,r.-111.1.0,r.-111.1.0,r.-111.1.0,r.-111.1.0,r.-111.1.0,r.-111.1.0,r.-111.1.0,r.-111.1.0,r.-111.1.0,r.-111.1.0,r.-111.1.0,r.-111.1.0,r.-111.1.0,r.-111.1.0,r.-111.1.0,r.-111.1.0,r.-111.1.0,r.-111.1.0,r.-111.1.0,r.-111.1.0,r.-111.1.0,r.-111.1.0,r.-111.1.0,r.-111.1.0,r.-111.1.0,,,,,,,,,,,,,,,,,,,,,,,,,,,,,,,,,,,,,,,,,,,,,,,,,,,,,,,,,,,,,,,,,,,,,,,,,,,,,,,,,,,,,,,,,,,,,,,,,,,,,,,,,,,,,,,,,,,,,,,,,,,,,,,,
491,r.-111.1.0/r.-79.1.0,r.-111.1.0/r.-79.1.0,r.-79.1.0/r.-111.1.0,r.-111.1.0/r.-79.1.0,r.-79.1.0/r.-111.1.0,r.-111.1.0/r.-79.1.0,r.-79.1.0/r.-111.1.0,r.-79.1.0/r.-111.1.0,r.-111.1.0/r.-79.1.0,r.-111.1.0/r.-79.1.0,r.-111.1.0/r.-79.1.0,r.-79.1.0/r.-111.1.0,r.-111.1.0/r.-79.1.0,r.-111.1.0/r.-79.1.0,r.-111.1.0/r.-79.1.0,r.-111.1.0/r.-79.1.0,r.-111.1.0/r.-79.1.0,r.-111.1.0/r.-79.1.0,r.-79.1.0/r.-111.1.0,r.-79.1.0/r.-111.1.0,r.-79.1.0/r.-111.1.0,r.-111.1.0/r.-79.1.0,r.-79.1.0/r.-111.1.0,r.-111.1.0/r.-79.1.0,r.-79.1.0/r.-111.1.0,r.-79.1.0/r.-111.1.0,r.-79.1.0/r.-111.1.0,r.-111.1.0/r.-79.1.0,r.-111.1.0/r.-79.1.0,r.-111.1.0/r.-79.1.0,r.-111.1.0/r.-79.1.0,r.-111.1.0/r.-79.1.0,r.-79.1.0/r.-111.1.0,r.-111.1.0/r.-79.1.0,r.-111.1.0/r.-79.1.0,r.-111.1.0/r.-79.1.0,r.-79.1.0/r.-111.1.0,r.-79.1.0/r.-111.1.0,r.-111.1.0/r.-79.1.0,r.-79.1.0/r.-111.1.0,r.-79.1.0/r.-111.1.0,r.-111.1.0/r.-79.1.0,r.-111.1.0/r.-79.1.0,r.-111.1.0/r.-79.1.0,r.-79.1.0/r.-111.1.0,r.-111.1.0/r.-79.1.0,r.-111.1.0/r.-79.1.0,r.-79.1.0/r.-111.1.0,r.-79.1.0/r.-111.1.0,r.-79.1.0/r.-111.1.0,r.-111.1.0/r.-79.1.0,r.-79.1.0/r.-111.1.0,r.-79.1.0/r.-111.1.0,r.-79.1.0/r.-111.1.0,r.-111.1.0/r.-79.1.0,r.-111.1.0/r.-79.1.0,r.-111.1.0/r.-79.1.0,r.-79.1.0/r.-111.1.0,r.-111.1.0/r.-79.1.0,r.-79.1.0/r.-111.1.0,r.-111.1.0/r.-79.1.0,r.-111.1.0/r.-79.1.0,r.-79.1.0/r.-111.1.0,r.-111.1.0/r.-79.1.0,r.-79.1.0/r.-111.1.0,r.-79.1.0/r.-111.1.0,r.-79.1.0/r.-111.1.0,r.-79.1.0/r.-111.1.0,r.-111.1.0/r.-79.1.0,r.-79.1.0/r.-111.1.0,r.-111.1.0/r.-79.1.0,r.-79.1.0/r.-111.1.0,r.-111.1.0/r.-79.1.0,r.-79.1.0/r.-111.1.0,r.-79.1.0/r.-111.1.0,r.-111.1.0/r.-79.1.0,r.-111.1.0/r.-79.1.0,r.-79.1.0/r.-111.1.0,r.-111.1.0/r.-79.1.0,r.-111.1.0/r.-79.1.0,r.-79.1.0/r.-111.1.0,r.-111.1.0/r.-79.1.0,r.-111.1.0/r.-79.1.0,r.-79.1.0/r.-111.1.0,r.-79.1.0/r.-111.1.0,r.-111.1.0/r.-79.1.0,r.-79.1.0/r.-111.1.0,r.-79.1.0/r.-111.1.0,r.-79.1.0/r.-111.1.0,r.-111.1.0/r.-79.1.0,r.-111.1.0/r.-79.1.0,r.-111.1.0/r.-79.1.0,r.-111.1.0/r.-79.1.0,r.-79.1.0/r.-111.1.0,,,,,,,,,,,,,,,,,,,,,,,,,,,,,,,,,,,,,,,,,,,,,,,,,,,,,,,,,,,,,,,,,,,,,,,,,,,,,,,,,,,,,,,,,,,,,,,,,,,,,,,,,,,,,,,,,,,,,,,,,,,,,,,,
492,r.-111.1.0/r.-79.1.0,r.-111.1.0/r.-79.1.0,r.-111.1.0/r.-79.1.0,r.-111.1.0/r.-79.1.0,r.-111.1.0/r.-79.1.0,r.-111.1.0/r.-79.1.0,r.-111.1.0/r.-79.1.0,r.-111.1.0/r.-79.1.0,r.-111.1.0/r.-79.1.0,r.-111.1.0/r.-79.1.0,r.-79.1.0/r.-111.1.0,r.-79.1.0/r.-111.1.0,r.-111.1.0/r.-79.1.0,r.-79.1.0/r.-111.1.0,r.-111.1.0/r.-79.1.0,r.-79.1.0/r.-111.1.0,r.-111.1.0/r.-79.1.0,r.-111.1.0/r.-79.1.0,r.-79.1.0/r.-111.1.0,r.-79.1.0/r.-111.1.0,r.-111.1.0/r.-79.1.0,r.-111.1.0/r.-79.1.0,r.-111.1.0/r.-79.1.0,r.-79.1.0/r.-111.1.0,r.-79.1.0/r.-111.1.0,r.-79.1.0/r.-111.1.0,r.-79.1.0/r.-111.1.0,r.-111.1.0/r.-79.1.0,r.-79.1.0/r.-111.1.0,r.-111.1.0/r.-79.1.0,r.-111.1.0/r.-79.1.0,r.-79.1.0/r.-111.1.0,r.-111.1.0/r.-79.1.0,r.-79.1.0/r.-111.1.0,r.-79.1.0/r.-111.1.0,r.-111.1.0/r.-79.1.0,r.-111.1.0/r.-79.1.0,r.-111.1.0/r.-79.1.0,r.-79.1.0/r.-111.1.0,r.-111.1.0/r.-79.1.0,r.-79.1.0/r.-111.1.0,r.-79.1.0/r.-111.1.0,r.-111.1.0/r.-79.1.0,r.-79.1.0/r.-111.1.0,r.-111.1.0/r.-79.1.0,r.-111.1.0/r.-79.1.0,r.-111.1.0/r.-79.1.0,r.-79.1.0/r.-111.1.0,r.-79.1.0/r.-111.1.0,r.-79.1.0/r.-111.1.0,r.-111.1.0/r.-79.1.0,r.-111.1.0/r.-79.1.0,r.-79.1.0/r.-111.1.0,r.-79.1.0/r.-111.1.0,r.-111.1.0/r.-79.1.0,r.-111.1.0/r.-79.1.0,r.-79.1.0/r.-111.1.0,r.-111.1.0/r.-79.1.0,r.-79.1.0/r.-111.1.0,r.-79.1.0/r.-111.1.0,r.-111.1.0/r.-79.1.0,r.-111.1.0/r.-79.1.0,r.-79.1.0/r.-111.1.0,r.-111.1.0/r.-79.1.0,r.-79.1.0/r.-111.1.0,r.-79.1.0/r.-111.1.0,r.-111.1.0/r.-79.1.0,r.-111.1.0/r.-79.1.0,r.-79.1.0/r.-111.1.0,r.-79.1.0/r.-111.1.0,r.-111.1.0/r.-79.1.0,r.-79.1.0/r.-111.1.0,r.-79.1.0/r.-111.1.0,r.-79.1.0/r.-111.1.0,r.-79.1.0/r.-111.1.0,r.-111.1.0/r.-79.1.0,r.-111.1.0/r.-79.1.0,r.-111.1.0/r.-79.1.0,r.-79.1.0/r.-111.1.0,r.-111.1.0/r.-79.1.0,r.-79.1.0/r.-111.1.0,r.-79.1.0/r.-111.1.0,r.-79.1.0/r.-111.1.0,r.-111.1.0/r.-79.1.0,r.-111.1.0/r.-79.1.0,r.-79.1.0/r.-111.1.0,r.-79.1.0/r.-111.1.0,r.-79.1.0/r.-111.1.0,r.-79.1.0/r.-111.1.0,r.-79.1.0/r.-111.1.0,r.-79.1.0/r.-111.1.0,r.-111.1.0/r.-79.1.0,r.-111.1.0/r.-79.1.0,r.-79.1.0/r.-111.1.0,,,,,,,,,,,,,,,,,,,,,,,,,,,,,,,,,,,,,,,,,,,,,,,,,,,,,,,,,,,,,,,,,,,,,,,,,,,,,,,,,,,,,,,,,,,,,,,,,,,,,,,,,,,,,,,,,,,,,,,,,,,,,,,,
493,r.-111.1.0,r.-111.1.0,r.-111.1.0,r.-111.1.0,r.-111.1.0,r.-111.1.0,r.-111.1.0,r.-111.1.0,r.-111.1.0,r.-111.1.0,r.-111.1.0,r.-111.1.0,r.-111.1.0,r.-111.1.0,r.-111.1.0,r.-111.1.0,r.-111.1.0,r.-111.1.0,r.-111.1.0,r.-111.1.0,r.-111.1.0,r.-111.1.0,r.-111.1.0,r.-111.1.0,r.-111.1.0,r.-111.1.0,r.-111.1.0,r.-111.1.0,r.-111.1.0,r.-111.1.0,r.-111.1.0,r.-111.1.0,r.-111.1.0,r.-111.1.0,r.-111.1.0,r.-111.1.0,r.-111.1.0,r.-111.1.0,r.-111.1.0,r.-111.1.0,r.-111.1.0,r.-111.1.0,r.-111.1.0,r.-111.1.0,r.-111.1.0,r.-111.1.0,r.-111.1.0,r.-111.1.0,r.-111.1.0,r.-111.1.0,r.-111.1.0,r.-111.1.0,r.-111.1.0,r.-111.1.0,r.-111.1.0,r.-111.1.0,r.-111.1.0,r.-111.1.0,r.-111.1.0,r.-111.1.0,r.-111.1.0,r.-111.1.0,r.-111.1.0,r.-111.1.0,r.-111.1.0,r.-111.1.0,r.-111.1.0,r.-111.1.0,r.-111.1.0,r.-111.1.0,r.-111.1.0,r.-111.1.0,r.-111.1.0,r.-111.1.0,r.-111.1.0,r.-111.1.0,r.-111.1.0,r.-111.1.0,r.-111.1.0,r.-111.1.0,r.-111.1.0,r.-111.1.0,r.-111.1.0,r.-111.1.0,r.-111.1.0,r.-111.1.0,r.-111.1.0,r.-111.1.0,r.-111.1.0,r.-111.1.0,r.-111.1.0,r.-111.1.0,r.-111.1.0,r.-111.1.0,,,,,,,,,,,,,,,,,,,,,,,,,,,,,,,,,,,,,,,,,,,,,,,,,,,,,,,,,,,,,,,,,,,,,,,,,,,,,,,,,,,,,,,,,,,,,,,,,,,,,,,,,,,,,,,,,,,,,,,,,,,,,,,,
494,r.-111.1.0/r.-79.1.0,r.-79.1.0/r.-111.1.0,r.-79.1.0/r.-111.1.0,r.-79.1.0/r.-111.1.0,r.-79.1.0/r.-111.1.0,r.-79.1.0/r.-111.1.0,r.-79.1.0/r.-111.1.0,r.-111.1.0/r.-79.1.0,r.-79.1.0/r.-111.1.0,r.-79.1.0/r.-111.1.0,r.-111.1.0/r.-79.1.0,r.-79.1.0/r.-111.1.0,r.-79.1.0/r.-111.1.0,r.-111.1.0/r.-79.1.0,r.-111.1.0/r.-79.1.0,r.-79.1.0/r.-111.1.0,r.-111.1.0/r.-79.1.0,r.-79.1.0/r.-111.1.0,r.-111.1.0/r.-79.1.0,r.-79.1.0/r.-111.1.0,r.-79.1.0/r.-111.1.0,r.-111.1.0/r.-79.1.0,r.-111.1.0/r.-79.1.0,r.-79.1.0/r.-111.1.0,r.-79.1.0/r.-111.1.0,r.-111.1.0/r.-79.1.0,r.-111.1.0/r.-79.1.0,r.-79.1.0/r.-111.1.0,r.-79.1.0/r.-111.1.0,r.-111.1.0/r.-79.1.0,r.-79.1.0/r.-111.1.0,r.-111.1.0/r.-79.1.0,r.-111.1.0/r.-79.1.0,r.-111.1.0/r.-79.1.0,r.-111.1.0/r.-79.1.0,r.-111.1.0/r.-79.1.0,r.-111.1.0/r.-79.1.0,r.-111.1.0/r.-79.1.0,r.-111.1.0/r.-79.1.0,r.-111.1.0/r.-79.1.0,r.-79.1.0/r.-111.1.0,r.-111.1.0/r.-79.1.0,r.-79.1.0/r.-111.1.0,r.-111.1.0/r.-79.1.0,r.-79.1.0/r.-111.1.0,r.-79.1.0/r.-111.1.0,r.-111.1.0/r.-79.1.0,r.-111.1.0/r.-79.1.0,r.-79.1.0/r.-111.1.0,r.-111.1.0/r.-79.1.0,r.-79.1.0/r.-111.1.0,r.-79.1.0/r.-111.1.0,r.-79.1.0/r.-111.1.0,r.-111.1.0/r.-79.1.0,r.-79.1.0/r.-111.1.0,r.-79.1.0/r.-111.1.0,r.-79.1.0/r.-111.1.0,r.-111.1.0/r.-79.1.0,r.-79.1.0/r.-111.1.0,r.-111.1.0/r.-79.1.0,r.-79.1.0/r.-111.1.0,r.-79.1.0/r.-111.1.0,r.-79.1.0/r.-111.1.0,r.-79.1.0/r.-111.1.0,r.-111.1.0/r.-79.1.0,r.-111.1.0/r.-79.1.0,r.-111.1.0/r.-79.1.0,r.-111.1.0/r.-79.1.0,r.-79.1.0/r.-111.1.0,r.-111.1.0/r.-79.1.0,r.-79.1.0/r.-111.1.0,r.-79.1.0/r.-111.1.0,r.-79.1.0/r.-111.1.0,r.-79.1.0/r.-111.1.0,r.-79.1.0/r.-111.1.0,r.-79.1.0/r.-111.1.0,r.-79.1.0/r.-111.1.0,r.-111.1.0/r.-79.1.0,r.-79.1.0/r.-111.1.0,r.-79.1.0/r.-111.1.0,r.-79.1.0/r.-111.1.0,r.-111.1.0/r.-79.1.0,r.-111.1.0/r.-79.1.0,r.-79.1.0/r.-111.1.0,r.-79.1.0/r.-111.1.0,r.-79.1.0/r.-111.1.0,r.-79.1.0/r.-111.1.0,r.-79.1.0/r.-111.1.0,r.-111.1.0/r.-79.1.0,r.-79.1.0/r.-111.1.0,r.-111.1.0/r.-79.1.0,r.-111.1.0/r.-79.1.0,r.-111.1.0/r.-79.1.0,r.-111.1.0/r.-79.1.0,,,,,,,,,,,,,,,,,,,,,,,,,,,,,,,,,,,,,,,,,,,,,,,,,,,,,,,,,,,,,,,,,,,,,,,,,,,,,,,,,,,,,,,,,,,,,,,,,,,,,,,,,,,,,,,,,,,,,,,,,,,,,,,,
495,r.-111.1.0/r.-79.1.0,r.-111.1.0/r.-79.1.0,r.-111.1.0/r.-79.1.0,r.-111.1.0/r.-79.1.0,r.-79.1.0/r.-111.1.0,r.-111.1.0/r.-79.1.0,r.-111.1.0/r.-79.1.0,r.-79.1.0/r.-111.1.0,r.-79.1.0/r.-111.1.0,r.-111.1.0/r.-79.1.0,r.-111.1.0/r.-79.1.0,r.-111.1.0/r.-79.1.0,r.-111.1.0/r.-79.1.0,r.-111.1.0/r.-79.1.0,r.-79.1.0/r.-111.1.0,r.-111.1.0/r.-79.1.0,r.-79.1.0/r.-111.1.0,r.-111.1.0/r.-79.1.0,r.-111.1.0/r.-79.1.0,r.-79.1.0/r.-111.1.0,r.-79.1.0/r.-111.1.0,r.-79.1.0/r.-111.1.0,r.-111.1.0/r.-79.1.0,r.-79.1.0/r.-111.1.0,r.-111.1.0/r.-79.1.0,r.-111.1.0/r.-79.1.0,r.-111.1.0/r.-79.1.0,r.-79.1.0/r.-111.1.0,r.-79.1.0/r.-111.1.0,r.-79.1.0/r.-111.1.0,r.-79.1.0/r.-111.1.0,r.-111.1.0/r.-79.1.0,r.-79.1.0/r.-111.1.0,r.-79.1.0/r.-111.1.0,r.-111.1.0/r.-79.1.0,r.-111.1.0/r.-79.1.0,r.-79.1.0/r.-111.1.0,r.-79.1.0/r.-111.1.0,r.-111.1.0/r.-79.1.0,r.-111.1.0/r.-79.1.0,r.-111.1.0/r.-79.1.0,r.-79.1.0/r.-111.1.0,r.-79.1.0/r.-111.1.0,r.-79.1.0/r.-111.1.0,r.-111.1.0/r.-79.1.0,r.-79.1.0/r.-111.1.0,r.-111.1.0/r.-79.1.0,r.-79.1.0/r.-111.1.0,r.-111.1.0/r.-79.1.0,r.-79.1.0/r.-111.1.0,r.-111.1.0/r.-79.1.0,r.-111.1.0/r.-79.1.0,r.-79.1.0/r.-111.1.0,r.-111.1.0/r.-79.1.0,r.-111.1.0/r.-79.1.0,r.-79.1.0/r.-111.1.0,r.-111.1.0/r.-79.1.0,r.-111.1.0/r.-79.1.0,r.-111.1.0/r.-79.1.0,r.-111.1.0/r.-79.1.0,r.-79.1.0/r.-111.1.0,r.-111.1.0/r.-79.1.0,r.-79.1.0/r.-111.1.0,r.-79.1.0/r.-111.1.0,r.-79.1.0/r.-111.1.0,r.-79.1.0/r.-111.1.0,r.-111.1.0/r.-79.1.0,r.-111.1.0/r.-79.1.0,r.-111.1.0/r.-79.1.0,r.-111.1.0/r.-79.1.0,r.-111.1.0/r.-79.1.0,r.-79.1.0/r.-111.1.0,r.-79.1.0/r.-111.1.0,r.-79.1.0/r.-111.1.0,r.-79.1.0/r.-111.1.0,r.-79.1.0/r.-111.1.0,r.-111.1.0/r.-79.1.0,r.-111.1.0/r.-79.1.0,r.-79.1.0/r.-111.1.0,r.-111.1.0/r.-79.1.0,r.-79.1.0/r.-111.1.0,r.-111.1.0/r.-79.1.0,r.-111.1.0/r.-79.1.0,r.-79.1.0/r.-111.1.0,r.-79.1.0/r.-111.1.0,r.-79.1.0/r.-111.1.0,r.-111.1.0/r.-79.1.0,r.-79.1.0/r.-111.1.0,r.-111.1.0/r.-79.1.0,r.-111.1.0/r.-79.1.0,r.-111.1.0/r.-79.1.0,r.-79.1.0/r.-111.1.0,r.-79.1.0/r.-111.1.0,r.-79.1.0/r.-111.1.0,,,,,,,,,,,,,,,,,,,,,,,,,,,,,,,,,,,,,,,,,,,,,,,,,,,,,,,,,,,,,,,,,,,,,,,,,,,,,,,,,,,,,,,,,,,,,,,,,,,,,,,,,,,,,,,,,,,,,,,,,,,,,,,,
496,r.-79.1.0/r.-111.1.0,r.-111.1.0/r.-79.1.0,r.-79.1.0/r.-111.1.0,r.-79.1.0/r.-111.1.0,r.-79.1.0/r.-111.1.0,r.-79.1.0/r.-111.1.0,r.-111.1.0/r.-79.1.0,r.-79.1.0/r.-111.1.0,r.-79.1.0/r.-111.1.0,r.-79.1.0/r.-111.1.0,r.-111.1.0/r.-79.1.0,r.-79.1.0/r.-111.1.0,r.-79.1.0/r.-111.1.0,r.-79.1.0/r.-111.1.0,r.-111.1.0/r.-79.1.0,r.-111.1.0/r.-79.1.0,r.-111.1.0/r.-79.1.0,r.-111.1.0/r.-79.1.0,r.-111.1.0/r.-79.1.0,r.-79.1.0/r.-111.1.0,r.-111.1.0/r.-79.1.0,r.-111.1.0/r.-79.1.0,r.-79.1.0/r.-111.1.0,r.-79.1.0/r.-111.1.0,r.-111.1.0/r.-79.1.0,r.-111.1.0/r.-79.1.0,r.-79.1.0/r.-111.1.0,r.-79.1.0/r.-111.1.0,r.-79.1.0/r.-111.1.0,r.-111.1.0/r.-79.1.0,r.-111.1.0/r.-79.1.0,r.-79.1.0/r.-111.1.0,r.-111.1.0/r.-79.1.0,r.-79.1.0/r.-111.1.0,r.-111.1.0/r.-79.1.0,r.-79.1.0/r.-111.1.0,r.-111.1.0/r.-79.1.0,r.-111.1.0/r.-79.1.0,r.-111.1.0/r.-79.1.0,r.-79.1.0/r.-111.1.0,r.-111.1.0/r.-79.1.0,r.-79.1.0/r.-111.1.0,r.-111.1.0/r.-79.1.0,r.-111.1.0/r.-79.1.0,r.-79.1.0/r.-111.1.0,r.-79.1.0/r.-111.1.0,r.-111.1.0/r.-79.1.0,r.-79.1.0/r.-111.1.0,r.-111.1.0/r.-79.1.0,r.-111.1.0/r.-79.1.0,r.-79.1.0/r.-111.1.0,r.-111.1.0/r.-79.1.0,r.-79.1.0/r.-111.1.0,r.-79.1.0/r.-111.1.0,r.-79.1.0/r.-111.1.0,r.-111.1.0/r.-79.1.0,r.-111.1.0/r.-79.1.0,r.-79.1.0/r.-111.1.0,r.-79.1.0/r.-111.1.0,r.-79.1.0/r.-111.1.0,r.-111.1.0/r.-79.1.0,r.-111.1.0/r.-79.1.0,r.-111.1.0/r.-79.1.0,r.-111.1.0/r.-79.1.0,r.-79.1.0/r.-111.1.0,r.-79.1.0/r.-111.1.0,r.-111.1.0/r.-79.1.0,r.-111.1.0/r.-79.1.0,r.-111.1.0/r.-79.1.0,r.-111.1.0/r.-79.1.0,r.-79.1.0/r.-111.1.0,r.-79.1.0/r.-111.1.0,r.-79.1.0/r.-111.1.0,r.-111.1.0/r.-79.1.0,r.-79.1.0/r.-111.1.0,r.-111.1.0/r.-79.1.0,r.-111.1.0/r.-79.1.0,r.-111.1.0/r.-79.1.0,r.-111.1.0/r.-79.1.0,r.-79.1.0/r.-111.1.0,r.-111.1.0/r.-79.1.0,r.-111.1.0/r.-79.1.0,r.-79.1.0/r.-111.1.0,r.-111.1.0/r.-79.1.0,r.-111.1.0/r.-79.1.0,r.-79.1.0/r.-111.1.0,r.-111.1.0/r.-79.1.0,r.-79.1.0/r.-111.1.0,r.-111.1.0/r.-79.1.0,r.-79.1.0/r.-111.1.0,r.-79.1.0/r.-111.1.0,r.-79.1.0/r.-111.1.0,r.-79.1.0/r.-111.1.0,r.-111.1.0/r.-79.1.0,,,,,,,,,,,,,,,,,,,,,,,,,,,,,,,,,,,,,,,,,,,,,,,,,,,,,,,,,,,,,,,,,,,,,,,,,,,,,,,,,,,,,,,,,,,,,,,,,,,,,,,,,,,,,,,,,,,,,,,,,,,,,,,,
497,r.-79.1.0/r.-111.1.0,r.-79.1.0/r.-111.1.0,r.-111.1.0/r.-79.1.0,r.-111.1.0/r.-79.1.0,r.-111.1.0/r.-79.1.0,r.-111.1.0/r.-79.1.0,r.-111.1.0/r.-79.1.0,r.-111.1.0/r.-79.1.0,r.-111.1.0/r.-79.1.0,r.-111.1.0/r.-79.1.0,r.-111.1.0/r.-79.1.0,r.-111.1.0/r.-79.1.0,r.-111.1.0/r.-79.1.0,r.-79.1.0/r.-111.1.0,r.-79.1.0/r.-111.1.0,r.-111.1.0/r.-79.1.0,r.-79.1.0/r.-111.1.0,r.-79.1.0/r.-111.1.0,r.-79.1.0/r.-111.1.0,r.-111.1.0/r.-79.1.0,r.-111.1.0/r.-79.1.0,r.-79.1.0/r.-111.1.0,r.-79.1.0/r.-111.1.0,r.-111.1.0/r.-79.1.0,r.-79.1.0/r.-111.1.0,r.-111.1.0/r.-79.1.0,r.-79.1.0/r.-111.1.0,r.-111.1.0/r.-79.1.0,r.-79.1.0/r.-111.1.0,r.-79.1.0/r.-111.1.0,r.-79.1.0/r.-111.1.0,r.-79.1.0/r.-111.1.0,r.-111.1.0/r.-79.1.0,r.-79.1.0/r.-111.1.0,r.-79.1.0/r.-111.1.0,r.-79.1.0/r.-111.1.0,r.-79.1.0/r.-111.1.0,r.-111.1.0/r.-79.1.0,r.-111.1.0/r.-79.1.0,r.-79.1.0/r.-111.1.0,r.-79.1.0/r.-111.1.0,r.-111.1.0/r.-79.1.0,r.-79.1.0/r.-111.1.0,r.-111.1.0/r.-79.1.0,r.-79.1.0/r.-111.1.0,r.-79.1.0/r.-111.1.0,r.-79.1.0/r.-111.1.0,r.-111.1.0/r.-79.1.0,r.-111.1.0/r.-79.1.0,r.-79.1.0/r.-111.1.0,r.-79.1.0/r.-111.1.0,r.-79.1.0/r.-111.1.0,r.-111.1.0/r.-79.1.0,r.-79.1.0/r.-111.1.0,r.-79.1.0/r.-111.1.0,r.-111.1.0/r.-79.1.0,r.-111.1.0/r.-79.1.0,r.-111.1.0/r.-79.1.0,r.-79.1.0/r.-111.1.0,r.-111.1.0/r.-79.1.0,r.-79.1.0/r.-111.1.0,r.-79.1.0/r.-111.1.0,r.-111.1.0/r.-79.1.0,r.-79.1.0/r.-111.1.0,r.-111.1.0/r.-79.1.0,r.-79.1.0/r.-111.1.0,r.-111.1.0/r.-79.1.0,r.-111.1.0/r.-79.1.0,r.-111.1.0/r.-79.1.0,r.-79.1.0/r.-111.1.0,r.-111.1.0/r.-79.1.0,r.-111.1.0/r.-79.1.0,r.-79.1.0/r.-111.1.0,r.-79.1.0/r.-111.1.0,r.-111.1.0/r.-79.1.0,r.-79.1.0/r.-111.1.0,r.-111.1.0/r.-79.1.0,r.-79.1.0/r.-111.1.0,r.-79.1.0/r.-111.1.0,r.-79.1.0/r.-111.1.0,r.-111.1.0/r.-79.1.0,r.-111.1.0/r.-79.1.0,r.-79.1.0/r.-111.1.0,r.-79.1.0/r.-111.1.0,r.-111.1.0/r.-79.1.0,r.-79.1.0/r.-111.1.0,r.-111.1.0/r.-79.1.0,r.-79.1.0/r.-111.1.0,r.-111.1.0/r.-79.1.0,r.-111.1.0/r.-79.1.0,r.-79.1.0/r.-111.1.0,r.-111.1.0/r.-79.1.0,r.-79.1.0/r.-111.1.0,r.-79.1.0/r.-111.1.0,,,,,,,,,,,,,,,,,,,,,,,,,,,,,,,,,,,,,,,,,,,,,,,,,,,,,,,,,,,,,,,,,,,,,,,,,,,,,,,,,,,,,,,,,,,,,,,,,,,,,,,,,,,,,,,,,,,,,,,,,,,,,,,,
498,r.-111.1.0/r.-79.1.0,r.-111.1.0/r.-79.1.0,r.-79.1.0/r.-111.1.0,r.-111.1.0/r.-79.1.0,r.-111.1.0/r.-79.1.0,r.-111.1.0/r.-79.1.0,r.-111.1.0/r.-79.1.0,r.-79.1.0/r.-111.1.0,r.-79.1.0/r.-111.1.0,r.-79.1.0/r.-111.1.0,r.-79.1.0/r.-111.1.0,r.-79.1.0/r.-111.1.0,r.-111.1.0/r.-79.1.0,r.-79.1.0/r.-111.1.0,r.-79.1.0/r.-111.1.0,r.-79.1.0/r.-111.1.0,r.-79.1.0/r.-111.1.0,r.-111.1.0/r.-79.1.0,r.-79.1.0/r.-111.1.0,r.-111.1.0/r.-79.1.0,r.-111.1.0/r.-79.1.0,r.-111.1.0/r.-79.1.0,r.-79.1.0/r.-111.1.0,r.-79.1.0/r.-111.1.0,r.-79.1.0/r.-111.1.0,r.-79.1.0/r.-111.1.0,r.-111.1.0/r.-79.1.0,r.-79.1.0/r.-111.1.0,r.-111.1.0/r.-79.1.0,r.-79.1.0/r.-111.1.0,r.-79.1.0/r.-111.1.0,r.-79.1.0/r.-111.1.0,r.-79.1.0/r.-111.1.0,r.-111.1.0/r.-79.1.0,r.-111.1.0/r.-79.1.0,r.-111.1.0/r.-79.1.0,r.-111.1.0/r.-79.1.0,r.-111.1.0/r.-79.1.0,r.-111.1.0/r.-79.1.0,r.-111.1.0/r.-79.1.0,r.-111.1.0/r.-79.1.0,r.-111.1.0/r.-79.1.0,r.-111.1.0/r.-79.1.0,r.-111.1.0/r.-79.1.0,r.-79.1.0/r.-111.1.0,r.-79.1.0/r.-111.1.0,r.-111.1.0/r.-79.1.0,r.-79.1.0/r.-111.1.0,r.-111.1.0/r.-79.1.0,r.-111.1.0/r.-79.1.0,r.-79.1.0/r.-111.1.0,r.-111.1.0/r.-79.1.0,r.-111.1.0/r.-79.1.0,r.-79.1.0/r.-111.1.0,r.-79.1.0/r.-111.1.0,r.-111.1.0/r.-79.1.0,r.-111.1.0/r.-79.1.0,r.-79.1.0/r.-111.1.0,r.-111.1.0/r.-79.1.0,r.-111.1.0/r.-79.1.0,r.-111.1.0/r.-79.1.0,r.-111.1.0/r.-79.1.0,r.-111.1.0/r.-79.1.0,r.-79.1.0/r.-111.1.0,r.-111.1.0/r.-79.1.0,r.-111.1.0/r.-79.1.0,r.-111.1.0/r.-79.1.0,r.-79.1.0/r.-111.1.0,r.-79.1.0/r.-111.1.0,r.-79.1.0/r.-111.1.0,r.-111.1.0/r.-79.1.0,r.-111.1.0/r.-79.1.0,r.-111.1.0/r.-79.1.0,r.-79.1.0/r.-111.1.0,r.-79.1.0/r.-111.1.0,r.-111.1.0/r.-79.1.0,r.-79.1.0/r.-111.1.0,r.-79.1.0/r.-111.1.0,r.-111.1.0/r.-79.1.0,r.-79.1.0/r.-111.1.0,r.-111.1.0/r.-79.1.0,r.-111.1.0/r.-79.1.0,r.-79.1.0/r.-111.1.0,r.-111.1.0/r.-79.1.0,r.-111.1.0/r.-79.1.0,r.-79.1.0/r.-111.1.0,r.-79.1.0/r.-111.1.0,r.-79.1.0/r.-111.1.0,r.-111.1.0/r.-79.1.0,r.-111.1.0/r.-79.1.0,r.-79.1.0/r.-111.1.0,r.-79.1.0/r.-111.1.0,r.-111.1.0/r.-79.1.0,r.-79.1.0/r.-111.1.0,,,,,,,,,,,,,,,,,,,,,,,,,,,,,,,,,,,,,,,,,,,,,,,,,,,,,,,,,,,,,,,,,,,,,,,,,,,,,,,,,,,,,,,,,,,,,,,,,,,,,,,,,,,,,,,,,,,,,,,,,,,,,,,,
499,r.-111.1.0,r.-111.1.0,r.-111.1.0,r.-111.1.0,r.-111.1.0,r.-111.1.0,r.-111.1.0,r.-111.1.0,r.-111.1.0,r.-111.1.0,r.-111.1.0,r.-111.1.0,r.-111.1.0,r.-111.1.0,r.-111.1.0,r.-111.1.0,r.-111.1.0,r.-111.1.0,r.-111.1.0,r.-111.1.0,r.-111.1.0,r.-111.1.0,r.-111.1.0,r.-111.1.0,r.-111.1.0,r.-111.1.0,r.-111.1.0,r.-111.1.0,r.-111.1.0,r.-111.1.0,r.-111.1.0,r.-111.1.0,r.-111.1.0,r.-111.1.0,r.-111.1.0,r.-111.1.0,r.-111.1.0,r.-111.1.0,r.-111.1.0,r.-111.1.0,r.-111.1.0,r.-111.1.0,r.-111.1.0,r.-111.1.0,r.-111.1.0,r.-111.1.0,r.-111.1.0,r.-111.1.0,r.-111.1.0,r.-111.1.0,r.-111.1.0,r.-111.1.0,r.-111.1.0,r.-111.1.0,r.-111.1.0,r.-111.1.0,r.-111.1.0,r.-111.1.0,r.-111.1.0,r.-111.1.0,r.-111.1.0,r.-111.1.0,r.-111.1.0,r.-111.1.0,r.-111.1.0,r.-111.1.0,r.-111.1.0,r.-111.1.0,r.-111.1.0,r.-111.1.0,r.-111.1.0,r.-111.1.0,r.-111.1.0,r.-111.1.0,r.-111.1.0,r.-111.1.0,r.-111.1.0,r.-111.1.0,r.-111.1.0,r.-111.1.0,r.-111.1.0,r.-111.1.0,r.-111.1.0,r.-111.1.0,r.-111.1.0,r.-111.1.0,r.-111.1.0,r.-111.1.0,r.-111.1.0,r.-111.1.0,r.-111.1.0,r.-111.1.0,r.-111.1.0,r.-111.1.0,,,,,,,,,,,,,,,,,,,,,,,,,,,,,,,,,,,,,,,,,,,,,,,,,,,,,,,,,,,,,,,,,,,,,,,,,,,,,,,,,,,,,,,,,,,,,,,,,,,,,,,,,,,,,,,,,,,,,,,,,,,,,,,,
500,r.-79.1.0/r.-111.1.0,r.-111.1.0/r.-79.1.0,r.-111.1.0/r.-79.1.0,r.-111.1.0/r.-79.1.0,r.-111.1.0/r.-79.1.0,r.-111.1.0/r.-79.1.0,r.-79.1.0/r.-111.1.0,r.-79.1.0/r.-111.1.0,r.-79.1.0/r.-111.1.0,r.-111.1.0/r.-79.1.0,r.-79.1.0/r.-111.1.0,r.-79.1.0/r.-111.1.0,r.-79.1.0/r.-111.1.0,r.-79.1.0/r.-111.1.0,r.-111.1.0/r.-79.1.0,r.-111.1.0/r.-79.1.0,r.-79.1.0/r.-111.1.0,r.-111.1.0/r.-79.1.0,r.-111.1.0/r.-79.1.0,r.-111.1.0/r.-79.1.0,r.-111.1.0/r.-79.1.0,r.-111.1.0/r.-79.1.0,r.-111.1.0/r.-79.1.0,r.-111.1.0/r.-79.1.0,r.-79.1.0/r.-111.1.0,r.-79.1.0/r.-111.1.0,r.-111.1.0/r.-79.1.0,r.-79.1.0/r.-111.1.0,r.-79.1.0/r.-111.1.0,r.-111.1.0/r.-79.1.0,r.-111.1.0/r.-79.1.0,r.-111.1.0/r.-79.1.0,r.-79.1.0/r.-111.1.0,r.-79.1.0/r.-111.1.0,r.-79.1.0/r.-111.1.0,r.-111.1.0/r.-79.1.0,r.-111.1.0/r.-79.1.0,r.-111.1.0/r.-79.1.0,r.-111.1.0/r.-79.1.0,r.-111.1.0/r.-79.1.0,r.-111.1.0/r.-79.1.0,r.-79.1.0/r.-111.1.0,r.-111.1.0/r.-79.1.0,r.-111.1.0/r.-79.1.0,r.-79.1.0/r.-111.1.0,r.-79.1.0/r.-111.1.0,r.-111.1.0/r.-79.1.0,r.-79.1.0/r.-111.1.0,r.-111.1.0/r.-79.1.0,r.-79.1.0/r.-111.1.0,r.-79.1.0/r.-111.1.0,r.-111.1.0/r.-79.1.0,r.-111.1.0/r.-79.1.0,r.-111.1.0/r.-79.1.0,r.-111.1.0/r.-79.1.0,r.-79.1.0/r.-111.1.0,r.-79.1.0/r.-111.1.0,r.-79.1.0/r.-111.1.0,r.-79.1.0/r.-111.1.0,r.-79.1.0/r.-111.1.0,r.-111.1.0/r.-79.1.0,r.-79.1.0/r.-111.1.0,r.-79.1.0/r.-111.1.0,r.-79.1.0/r.-111.1.0,r.-79.1.0/r.-111.1.0,r.-79.1.0/r.-111.1.0,r.-111.1.0/r.-79.1.0,r.-79.1.0/r.-111.1.0,r.-111.1.0/r.-79.1.0,r.-111.1.0/r.-79.1.0,r.-111.1.0/r.-79.1.0,r.-79.1.0/r.-111.1.0,r.-79.1.0/r.-111.1.0,r.-111.1.0/r.-79.1.0,r.-111.1.0/r.-79.1.0,r.-79.1.0/r.-111.1.0,r.-79.1.0/r.-111.1.0,r.-111.1.0/r.-79.1.0,r.-79.1.0/r.-111.1.0,r.-111.1.0/r.-79.1.0,r.-79.1.0/r.-111.1.0,r.-79.1.0/r.-111.1.0,r.-111.1.0/r.-79.1.0,r.-111.1.0/r.-79.1.0,r.-111.1.0/r.-79.1.0,r.-79.1.0/r.-111.1.0,r.-111.1.0/r.-79.1.0,r.-79.1.0/r.-111.1.0,r.-79.1.0/r.-111.1.0,r.-111.1.0/r.-79.1.0,r.-79.1.0/r.-111.1.0,r.-79.1.0/r.-111.1.0,r.-111.1.0/r.-79.1.0,r.-111.1.0/r.-79.1.0,,,,,,,,,,,,,,,,,,,,,,,,,,,,,,,,,,,,,,,,,,,,,,,,,,,,,,,,,,,,,,,,,,,,,,,,,,,,,,,,,,,,,,,,,,,,,,,,,,,,,,,,,,,,,,,,,,,,,,,,,,,,,,,,
501,r.-111.1.0/r.-79.1.0,r.-111.1.0/r.-79.1.0,r.-111.1.0/r.-79.1.0,r.-111.1.0/r.-79.1.0,r.-79.1.0/r.-111.1.0,r.-79.1.0/r.-111.1.0,r.-111.1.0/r.-79.1.0,r.-111.1.0/r.-79.1.0,r.-111.1.0/r.-79.1.0,r.-79.1.0/r.-111.1.0,r.-79.1.0/r.-111.1.0,r.-111.1.0/r.-79.1.0,r.-79.1.0/r.-111.1.0,r.-111.1.0/r.-79.1.0,r.-79.1.0/r.-111.1.0,r.-111.1.0/r.-79.1.0,r.-111.1.0/r.-79.1.0,r.-111.1.0/r.-79.1.0,r.-111.1.0/r.-79.1.0,r.-79.1.0/r.-111.1.0,r.-79.1.0/r.-111.1.0,r.-79.1.0/r.-111.1.0,r.-79.1.0/r.-111.1.0,r.-111.1.0/r.-79.1.0,r.-111.1.0/r.-79.1.0,r.-79.1.0/r.-111.1.0,r.-111.1.0/r.-79.1.0,r.-79.1.0/r.-111.1.0,r.-111.1.0/r.-79.1.0,r.-79.1.0/r.-111.1.0,r.-79.1.0/r.-111.1.0,r.-111.1.0/r.-79.1.0,r.-79.1.0/r.-111.1.0,r.-79.1.0/r.-111.1.0,r.-111.1.0/r.-79.1.0,r.-111.1.0/r.-79.1.0,r.-111.1.0/r.-79.1.0,r.-111.1.0/r.-79.1.0,r.-79.1.0/r.-111.1.0,r.-79.1.0/r.-111.1.0,r.-79.1.0/r.-111.1.0,r.-111.1.0/r.-79.1.0,r.-111.1.0/r.-79.1.0,r.-111.1.0/r.-79.1.0,r.-111.1.0/r.-79.1.0,r.-79.1.0/r.-111.1.0,r.-111.1.0/r.-79.1.0,r.-79.1.0/r.-111.1.0,r.-111.1.0/r.-79.1.0,r.-79.1.0/r.-111.1.0,r.-79.1.0/r.-111.1.0,r.-111.1.0/r.-79.1.0,r.-111.1.0/r.-79.1.0,r.-111.1.0/r.-79.1.0,r.-111.1.0/r.-79.1.0,r.-111.1.0/r.-79.1.0,r.-79.1.0/r.-111.1.0,r.-111.1.0/r.-79.1.0,r.-111.1.0/r.-79.1.0,r.-79.1.0/r.-111.1.0,r.-79.1.0/r.-111.1.0,r.-111.1.0/r.-79.1.0,r.-79.1.0/r.-111.1.0,r.-111.1.0/r.-79.1.0,r.-111.1.0/r.-79.1.0,r.-111.1.0/r.-79.1.0,r.-79.1.0/r.-111.1.0,r.-111.1.0/r.-79.1.0,r.-111.1.0/r.-79.1.0,r.-111.1.0/r.-79.1.0,r.-111.1.0/r.-79.1.0,r.-111.1.0/r.-79.1.0,r.-111.1.0/r.-79.1.0,r.-79.1.0/r.-111.1.0,r.-79.1.0/r.-111.1.0,r.-79.1.0/r.-111.1.0,r.-79.1.0/r.-111.1.0,r.-79.1.0/r.-111.1.0,r.-79.1.0/r.-111.1.0,r.-111.1.0/r.-79.1.0,r.-111.1.0/r.-79.1.0,r.-79.1.0/r.-111.1.0,r.-79.1.0/r.-111.1.0,r.-79.1.0/r.-111.1.0,r.-79.1.0/r.-111.1.0,r.-111.1.0/r.-79.1.0,r.-79.1.0/r.-111.1.0,r.-111.1.0/r.-79.1.0,r.-79.1.0/r.-111.1.0,r.-79.1.0/r.-111.1.0,r.-79.1.0/r.-111.1.0,r.-111.1.0/r.-79.1.0,r.-111.1.0/r.-79.1.0,r.-111.1.0/r.-79.1.0,,,,,,,,,,,,,,,,,,,,,,,,,,,,,,,,,,,,,,,,,,,,,,,,,,,,,,,,,,,,,,,,,,,,,,,,,,,,,,,,,,,,,,,,,,,,,,,,,,,,,,,,,,,,,,,,,,,,,,,,,,,,,,,,
502,r.-111.1.0/r.-79.1.0,r.-79.1.0/r.-111.1.0,r.-79.1.0/r.-111.1.0,r.-79.1.0/r.-111.1.0,r.-79.1.0/r.-111.1.0,r.-79.1.0/r.-111.1.0,r.-79.1.0/r.-111.1.0,r.-79.1.0/r.-111.1.0,r.-111.1.0/r.-79.1.0,r.-111.1.0/r.-79.1.0,r.-79.1.0/r.-111.1.0,r.-111.1.0/r.-79.1.0,r.-79.1.0/r.-111.1.0,r.-111.1.0/r.-79.1.0,r.-79.1.0/r.-111.1.0,r.-79.1.0/r.-111.1.0,r.-111.1.0/r.-79.1.0,r.-111.1.0/r.-79.1.0,r.-79.1.0/r.-111.1.0,r.-111.1.0/r.-79.1.0,r.-111.1.0/r.-79.1.0,r.-111.1.0/r.-79.1.0,r.-111.1.0/r.-79.1.0,r.-111.1.0/r.-79.1.0,r.-79.1.0/r.-111.1.0,r.-79.1.0/r.-111.1.0,r.-111.1.0/r.-79.1.0,r.-111.1.0/r.-79.1.0,r.-111.1.0/r.-79.1.0,r.-111.1.0/r.-79.1.0,r.-111.1.0/r.-79.1.0,r.-79.1.0/r.-111.1.0,r.-79.1.0/r.-111.1.0,r.-79.1.0/r.-111.1.0,r.-79.1.0/r.-111.1.0,r.-111.1.0/r.-79.1.0,r.-79.1.0/r.-111.1.0,r.-79.1.0/r.-111.1.0,r.-79.1.0/r.-111.1.0,r.-111.1.0/r.-79.1.0,r.-111.1.0/r.-79.1.0,r.-79.1.0/r.-111.1.0,r.-111.1.0/r.-79.1.0,r.-79.1.0/r.-111.1.0,r.-111.1.0/r.-79.1.0,r.-79.1.0/r.-111.1.0,r.-79.1.0/r.-111.1.0,r.-79.1.0/r.-111.1.0,r.-79.1.0/r.-111.1.0,r.-111.1.0/r.-79.1.0,r.-111.1.0/r.-79.1.0,r.-111.1.0/r.-79.1.0,r.-79.1.0/r.-111.1.0,r.-79.1.0/r.-111.1.0,r.-79.1.0/r.-111.1.0,r.-79.1.0/r.-111.1.0,r.-111.1.0/r.-79.1.0,r.-111.1.0/r.-79.1.0,r.-111.1.0/r.-79.1.0,r.-111.1.0/r.-79.1.0,r.-111.1.0/r.-79.1.0,r.-111.1.0/r.-79.1.0,r.-111.1.0/r.-79.1.0,r.-79.1.0/r.-111.1.0,r.-111.1.0/r.-79.1.0,r.-111.1.0/r.-79.1.0,r.-79.1.0/r.-111.1.0,r.-111.1.0/r.-79.1.0,r.-79.1.0/r.-111.1.0,r.-111.1.0/r.-79.1.0,r.-111.1.0/r.-79.1.0,r.-79.1.0/r.-111.1.0,r.-111.1.0/r.-79.1.0,r.-79.1.0/r.-111.1.0,r.-79.1.0/r.-111.1.0,r.-111.1.0/r.-79.1.0,r.-111.1.0/r.-79.1.0,r.-79.1.0/r.-111.1.0,r.-111.1.0/r.-79.1.0,r.-111.1.0/r.-79.1.0,r.-79.1.0/r.-111.1.0,r.-111.1.0/r.-79.1.0,r.-79.1.0/r.-111.1.0,r.-111.1.0/r.-79.1.0,r.-79.1.0/r.-111.1.0,r.-79.1.0/r.-111.1.0,r.-111.1.0/r.-79.1.0,r.-111.1.0/r.-79.1.0,r.-111.1.0/r.-79.1.0,r.-111.1.0/r.-79.1.0,r.-79.1.0/r.-111.1.0,r.-111.1.0/r.-79.1.0,r.-111.1.0/r.-79.1.0,r.-111.1.0/r.-79.1.0,,,,,,,,,,,,,,,,,,,,,,,,,,,,,,,,,,,,,,,,,,,,,,,,,,,,,,,,,,,,,,,,,,,,,,,,,,,,,,,,,,,,,,,,,,,,,,,,,,,,,,,,,,,,,,,,,,,,,,,,,,,,,,,,
503,r.-111.1.0/r.-79.1.0,r.-111.1.0/r.-79.1.0,r.-79.1.0/r.-111.1.0,r.-79.1.0/r.-111.1.0,r.-79.1.0/r.-111.1.0,r.-111.1.0/r.-79.1.0,r.-111.1.0/r.-79.1.0,r.-111.1.0/r.-79.1.0,r.-111.1.0/r.-79.1.0,r.-79.1.0/r.-111.1.0,r.-79.1.0/r.-111.1.0,r.-111.1.0/r.-79.1.0,r.-79.1.0/r.-111.1.0,r.-79.1.0/r.-111.1.0,r.-111.1.0/r.-79.1.0,r.-79.1.0/r.-111.1.0,r.-79.1.0/r.-111.1.0,r.-111.1.0/r.-79.1.0,r.-79.1.0/r.-111.1.0,r.-79.1.0/r.-111.1.0,r.-79.1.0/r.-111.1.0,r.-111.1.0/r.-79.1.0,r.-111.1.0/r.-79.1.0,r.-79.1.0/r.-111.1.0,r.-111.1.0/r.-79.1.0,r.-111.1.0/r.-79.1.0,r.-79.1.0/r.-111.1.0,r.-79.1.0/r.-111.1.0,r.-79.1.0/r.-111.1.0,r.-79.1.0/r.-111.1.0,r.-111.1.0/r.-79.1.0,r.-79.1.0/r.-111.1.0,r.-111.1.0/r.-79.1.0,r.-111.1.0/r.-79.1.0,r.-79.1.0/r.-111.1.0,r.-79.1.0/r.-111.1.0,r.-111.1.0/r.-79.1.0,r.-79.1.0/r.-111.1.0,r.-79.1.0/r.-111.1.0,r.-79.1.0/r.-111.1.0,r.-79.1.0/r.-111.1.0,r.-111.1.0/r.-79.1.0,r.-79.1.0/r.-111.1.0,r.-79.1.0/r.-111.1.0,r.-111.1.0/r.-79.1.0,r.-79.1.0/r.-111.1.0,r.-111.1.0/r.-79.1.0,r.-79.1.0/r.-111.1.0,r.-111.1.0/r.-79.1.0,r.-79.1.0/r.-111.1.0,r.-111.1.0/r.-79.1.0,r.-79.1.0/r.-111.1.0,r.-79.1.0/r.-111.1.0,r.-79.1.0/r.-111.1.0,r.-111.1.0/r.-79.1.0,r.-79.1.0/r.-111.1.0,r.-79.1.0/r.-111.1.0,r.-79.1.0/r.-111.1.0,r.-111.1.0/r.-79.1.0,r.-79.1.0/r.-111.1.0,r.-79.1.0/r.-111.1.0,r.-111.1.0/r.-79.1.0,r.-79.1.0/r.-111.1.0,r.-111.1.0/r.-79.1.0,r.-111.1.0/r.-79.1.0,r.-111.1.0/r.-79.1.0,r.-111.1.0/r.-79.1.0,r.-79.1.0/r.-111.1.0,r.-111.1.0/r.-79.1.0,r.-111.1.0/r.-79.1.0,r.-111.1.0/r.-79.1.0,r.-111.1.0/r.-79.1.0,r.-111.1.0/r.-79.1.0,r.-79.1.0/r.-111.1.0,r.-79.1.0/r.-111.1.0,r.-79.1.0/r.-111.1.0,r.-79.1.0/r.-111.1.0,r.-111.1.0/r.-79.1.0,r.-111.1.0/r.-79.1.0,r.-79.1.0/r.-111.1.0,r.-79.1.0/r.-111.1.0,r.-79.1.0/r.-111.1.0,r.-79.1.0/r.-111.1.0,r.-79.1.0/r.-111.1.0,r.-79.1.0/r.-111.1.0,r.-111.1.0/r.-79.1.0,r.-79.1.0/r.-111.1.0,r.-79.1.0/r.-111.1.0,r.-79.1.0/r.-111.1.0,r.-111.1.0/r.-79.1.0,r.-111.1.0/r.-79.1.0,r.-79.1.0/r.-111.1.0,r.-79.1.0/r.-111.1.0,r.-111.1.0/r.-79.1.0,,,,,,,,,,,,,,,,,,,,,,,,,,,,,,,,,,,,,,,,,,,,,,,,,,,,,,,,,,,,,,,,,,,,,,,,,,,,,,,,,,,,,,,,,,,,,,,,,,,,,,,,,,,,,,,,,,,,,,,,,,,,,,,,
504,r.-111.1.0/r.-79.1.0,r.-111.1.0/r.-79.1.0,r.-79.1.0/r.-111.1.0,r.-111.1.0/r.-79.1.0,r.-79.1.0/r.-111.1.0,r.-111.1.0/r.-79.1.0,r.-79.1.0/r.-111.1.0,r.-111.1.0/r.-79.1.0,r.-111.1.0/r.-79.1.0,r.-111.1.0/r.-79.1.0,r.-111.1.0/r.-79.1.0,r.-79.1.0/r.-111.1.0,r.-111.1.0/r.-79.1.0,r.-111.1.0/r.-79.1.0,r.-79.1.0/r.-111.1.0,r.-79.1.0/r.-111.1.0,r.-79.1.0/r.-111.1.0,r.-111.1.0/r.-79.1.0,r.-111.1.0/r.-79.1.0,r.-111.1.0/r.-79.1.0,r.-111.1.0/r.-79.1.0,r.-79.1.0/r.-111.1.0,r.-111.1.0/r.-79.1.0,r.-111.1.0/r.-79.1.0,r.-111.1.0/r.-79.1.0,r.-79.1.0/r.-111.1.0,r.-79.1.0/r.-111.1.0,r.-79.1.0/r.-111.1.0,r.-111.1.0/r.-79.1.0,r.-79.1.0/r.-111.1.0,r.-111.1.0/r.-79.1.0,r.-111.1.0/r.-79.1.0,r.-79.1.0/r.-111.1.0,r.-79.1.0/r.-111.1.0,r.-79.1.0/r.-111.1.0,r.-111.1.0/r.-79.1.0,r.-79.1.0/r.-111.1.0,r.-111.1.0/r.-79.1.0,r.-79.1.0/r.-111.1.0,r.-111.1.0/r.-79.1.0,r.-79.1.0/r.-111.1.0,r.-111.1.0/r.-79.1.0,r.-111.1.0/r.-79.1.0,r.-111.1.0/r.-79.1.0,r.-111.1.0/r.-79.1.0,r.-79.1.0/r.-111.1.0,r.-111.1.0/r.-79.1.0,r.-79.1.0/r.-111.1.0,r.-111.1.0/r.-79.1.0,r.-79.1.0/r.-111.1.0,r.-111.1.0/r.-79.1.0,r.-79.1.0/r.-111.1.0,r.-79.1.0/r.-111.1.0,r.-79.1.0/r.-111.1.0,r.-111.1.0/r.-79.1.0,r.-79.1.0/r.-111.1.0,r.-79.1.0/r.-111.1.0,r.-79.1.0/r.-111.1.0,r.-79.1.0/r.-111.1.0,r.-111.1.0/r.-79.1.0,r.-111.1.0/r.-79.1.0,r.-111.1.0/r.-79.1.0,r.-79.1.0/r.-111.1.0,r.-79.1.0/r.-111.1.0,r.-79.1.0/r.-111.1.0,r.-79.1.0/r.-111.1.0,r.-79.1.0/r.-111.1.0,r.-111.1.0/r.-79.1.0,r.-111.1.0/r.-79.1.0,r.-79.1.0/r.-111.1.0,r.-111.1.0/r.-79.1.0,r.-111.1.0/r.-79.1.0,r.-79.1.0/r.-111.1.0,r.-111.1.0/r.-79.1.0,r.-79.1.0/r.-111.1.0,r.-79.1.0/r.-111.1.0,r.-111.1.0/r.-79.1.0,r.-111.1.0/r.-79.1.0,r.-79.1.0/r.-111.1.0,r.-111.1.0/r.-79.1.0,r.-79.1.0/r.-111.1.0,r.-79.1.0/r.-111.1.0,r.-79.1.0/r.-111.1.0,r.-79.1.0/r.-111.1.0,r.-79.1.0/r.-111.1.0,r.-111.1.0/r.-79.1.0,r.-111.1.0/r.-79.1.0,r.-111.1.0/r.-79.1.0,r.-111.1.0/r.-79.1.0,r.-111.1.0/r.-79.1.0,r.-79.1.0/r.-111.1.0,r.-111.1.0/r.-79.1.0,r.-111.1.0/r.-79.1.0,r.-79.1.0/r.-111.1.0,,,,,,,,,,,,,,,,,,,,,,,,,,,,,,,,,,,,,,,,,,,,,,,,,,,,,,,,,,,,,,,,,,,,,,,,,,,,,,,,,,,,,,,,,,,,,,,,,,,,,,,,,,,,,,,,,,,,,,,,,,,,,,,,
505,r.-79.1.0/r.-111.1.0,r.-79.1.0/r.-111.1.0,r.-111.1.0/r.-79.1.0,r.-79.1.0/r.-111.1.0,r.-111.1.0/r.-79.1.0,r.-111.1.0/r.-79.1.0,r.-111.1.0/r.-79.1.0,r.-79.1.0/r.-111.1.0,r.-111.1.0/r.-79.1.0,r.-111.1.0/r.-79.1.0,r.-111.1.0/r.-79.1.0,r.-79.1.0/r.-111.1.0,r.-79.1.0/r.-111.1.0,r.-111.1.0/r.-79.1.0,r.-111.1.0/r.-79.1.0,r.-79.1.0/r.-111.1.0,r.-79.1.0/r.-111.1.0,r.-111.1.0/r.-79.1.0,r.-79.1.0/r.-111.1.0,r.-111.1.0/r.-79.1.0,r.-111.1.0/r.-79.1.0,r.-111.1.0/r.-79.1.0,r.-79.1.0/r.-111.1.0,r.-79.1.0/r.-111.1.0,r.-79.1.0/r.-111.1.0,r.-79.1.0/r.-111.1.0,r.-79.1.0/r.-111.1.0,r.-79.1.0/r.-111.1.0,r.-111.1.0/r.-79.1.0,r.-79.1.0/r.-111.1.0,r.-79.1.0/r.-111.1.0,r.-79.1.0/r.-111.1.0,r.-111.1.0/r.-79.1.0,r.-111.1.0/r.-79.1.0,r.-79.1.0/r.-111.1.0,r.-111.1.0/r.-79.1.0,r.-111.1.0/r.-79.1.0,r.-79.1.0/r.-111.1.0,r.-79.1.0/r.-111.1.0,r.-111.1.0/r.-79.1.0,r.-79.1.0/r.-111.1.0,r.-111.1.0/r.-79.1.0,r.-79.1.0/r.-111.1.0,r.-111.1.0/r.-79.1.0,r.-111.1.0/r.-79.1.0,r.-111.1.0/r.-79.1.0,r.-79.1.0/r.-111.1.0,r.-79.1.0/r.-111.1.0,r.-79.1.0/r.-111.1.0,r.-111.1.0/r.-79.1.0,r.-79.1.0/r.-111.1.0,r.-111.1.0/r.-79.1.0,r.-79.1.0/r.-111.1.0,r.-79.1.0/r.-111.1.0,r.-79.1.0/r.-111.1.0,r.-79.1.0/r.-111.1.0,r.-111.1.0/r.-79.1.0,r.-111.1.0/r.-79.1.0,r.-79.1.0/r.-111.1.0,r.-111.1.0/r.-79.1.0,r.-79.1.0/r.-111.1.0,r.-111.1.0/r.-79.1.0,r.-79.1.0/r.-111.1.0,r.-79.1.0/r.-111.1.0,r.-79.1.0/r.-111.1.0,r.-79.1.0/r.-111.1.0,r.-79.1.0/r.-111.1.0,r.-111.1.0/r.-79.1.0,r.-79.1.0/r.-111.1.0,r.-79.1.0/r.-111.1.0,r.-111.1.0/r.-79.1.0,r.-111.1.0/r.-79.1.0,r.-79.1.0/r.-111.1.0,r.-111.1.0/r.-79.1.0,r.-79.1.0/r.-111.1.0,r.-79.1.0/r.-111.1.0,r.-111.1.0/r.-79.1.0,r.-79.1.0/r.-111.1.0,r.-79.1.0/r.-111.1.0,r.-79.1.0/r.-111.1.0,r.-79.1.0/r.-111.1.0,r.-111.1.0/r.-79.1.0,r.-79.1.0/r.-111.1.0,r.-79.1.0/r.-111.1.0,r.-79.1.0/r.-111.1.0,r.-111.1.0/r.-79.1.0,r.-111.1.0/r.-79.1.0,r.-79.1.0/r.-111.1.0,r.-79.1.0/r.-111.1.0,r.-79.1.0/r.-111.1.0,r.-79.1.0/r.-111.1.0,r.-111.1.0/r.-79.1.0,r.-111.1.0/r.-79.1.0,r.-111.1.0/r.-79.1.0,,,,,,,,,,,,,,,,,,,,,,,,,,,,,,,,,,,,,,,,,,,,,,,,,,,,,,,,,,,,,,,,,,,,,,,,,,,,,,,,,,,,,,,,,,,,,,,,,,,,,,,,,,,,,,,,,,,,,,,,,,,,,,,,
506,r.-79.1.0/r.-111.1.0,r.-79.1.0/r.-111.1.0,r.-111.1.0/r.-79.1.0,r.-79.1.0/r.-111.1.0,r.-111.1.0/r.-79.1.0,r.-111.1.0/r.-79.1.0,r.-111.1.0/r.-79.1.0,r.-111.1.0/r.-79.1.0,r.-111.1.0/r.-79.1.0,r.-111.1.0/r.-79.1.0,r.-111.1.0/r.-79.1.0,r.-111.1.0/r.-79.1.0,r.-79.1.0/r.-111.1.0,r.-111.1.0/r.-79.1.0,r.-79.1.0/r.-111.1.0,r.-111.1.0/r.-79.1.0,r.-79.1.0/r.-111.1.0,r.-111.1.0/r.-79.1.0,r.-111.1.0/r.-79.1.0,r.-79.1.0/r.-111.1.0,r.-79.1.0/r.-111.1.0,r.-111.1.0/r.-79.1.0,r.-111.1.0/r.-79.1.0,r.-79.1.0/r.-111.1.0,r.-79.1.0/r.-111.1.0,r.-111.1.0/r.-79.1.0,r.-79.1.0/r.-111.1.0,r.-111.1.0/r.-79.1.0,r.-79.1.0/r.-111.1.0,r.-79.1.0/r.-111.1.0,r.-111.1.0/r.-79.1.0,r.-111.1.0/r.-79.1.0,r.-111.1.0/r.-79.1.0,r.-111.1.0/r.-79.1.0,r.-111.1.0/r.-79.1.0,r.-79.1.0/r.-111.1.0,r.-111.1.0/r.-79.1.0,r.-79.1.0/r.-111.1.0,r.-111.1.0/r.-79.1.0,r.-79.1.0/r.-111.1.0,r.-111.1.0/r.-79.1.0,r.-79.1.0/r.-111.1.0,r.-79.1.0/r.-111.1.0,r.-111.1.0/r.-79.1.0,r.-79.1.0/r.-111.1.0,r.-79.1.0/r.-111.1.0,r.-111.1.0/r.-79.1.0,r.-111.1.0/r.-79.1.0,r.-111.1.0/r.-79.1.0,r.-111.1.0/r.-79.1.0,r.-79.1.0/r.-111.1.0,r.-79.1.0/r.-111.1.0,r.-79.1.0/r.-111.1.0,r.-79.1.0/r.-111.1.0,r.-111.1.0/r.-79.1.0,r.-111.1.0/r.-79.1.0,r.-79.1.0/r.-111.1.0,r.-79.1.0/r.-111.1.0,r.-111.1.0/r.-79.1.0,r.-79.1.0/r.-111.1.0,r.-111.1.0/r.-79.1.0,r.-79.1.0/r.-111.1.0,r.-111.1.0/r.-79.1.0,r.-111.1.0/r.-79.1.0,r.-79.1.0/r.-111.1.0,r.-79.1.0/r.-111.1.0,r.-79.1.0/r.-111.1.0,r.-79.1.0/r.-111.1.0,r.-111.1.0/r.-79.1.0,r.-111.1.0/r.-79.1.0,r.-79.1.0/r.-111.1.0,r.-111.1.0/r.-79.1.0,r.-111.1.0/r.-79.1.0,r.-111.1.0/r.-79.1.0,r.-79.1.0/r.-111.1.0,r.-111.1.0/r.-79.1.0,r.-79.1.0/r.-111.1.0,r.-79.1.0/r.-111.1.0,r.-111.1.0/r.-79.1.0,r.-79.1.0/r.-111.1.0,r.-111.1.0/r.-79.1.0,r.-111.1.0/r.-79.1.0,r.-111.1.0/r.-79.1.0,r.-111.1.0/r.-79.1.0,r.-111.1.0/r.-79.1.0,r.-79.1.0/r.-111.1.0,r.-79.1.0/r.-111.1.0,r.-111.1.0/r.-79.1.0,r.-79.1.0/r.-111.1.0,r.-111.1.0/r.-79.1.0,r.-79.1.0/r.-111.1.0,r.-79.1.0/r.-111.1.0,r.-79.1.0/r.-111.1.0,r.-79.1.0/r.-111.1.0,,,,,,,,,,,,,,,,,,,,,,,,,,,,,,,,,,,,,,,,,,,,,,,,,,,,,,,,,,,,,,,,,,,,,,,,,,,,,,,,,,,,,,,,,,,,,,,,,,,,,,,,,,,,,,,,,,,,,,,,,,,,,,,,
507,r.-79.1.0/r.-111.1.0,r.-111.1.0/r.-79.1.0,r.-79.1.0/r.-111.1.0,r.-79.1.0/r.-111.1.0,r.-79.1.0/r.-111.1.0,r.-79.1.0/r.-111.1.0,r.-79.1.0/r.-111.1.0,r.-111.1.0/r.-79.1.0,r.-111.1.0/r.-79.1.0,r.-79.1.0/r.-111.1.0,r.-79.1.0/r.-111.1.0,r.-111.1.0/r.-79.1.0,r.-79.1.0/r.-111.1.0,r.-79.1.0/r.-111.1.0,r.-111.1.0/r.-79.1.0,r.-111.1.0/r.-79.1.0,r.-111.1.0/r.-79.1.0,r.-79.1.0/r.-111.1.0,r.-79.1.0/r.-111.1.0,r.-111.1.0/r.-79.1.0,r.-79.1.0/r.-111.1.0,r.-111.1.0/r.-79.1.0,r.-79.1.0/r.-111.1.0,r.-111.1.0/r.-79.1.0,r.-79.1.0/r.-111.1.0,r.-111.1.0/r.-79.1.0,r.-111.1.0/r.-79.1.0,r.-111.1.0/r.-79.1.0,r.-79.1.0/r.-111.1.0,r.-79.1.0/r.-111.1.0,r.-111.1.0/r.-79.1.0,r.-111.1.0/r.-79.1.0,r.-79.1.0/r.-111.1.0,r.-79.1.0/r.-111.1.0,r.-79.1.0/r.-111.1.0,r.-79.1.0/r.-111.1.0,r.-111.1.0/r.-79.1.0,r.-111.1.0/r.-79.1.0,r.-111.1.0/r.-79.1.0,r.-79.1.0/r.-111.1.0,r.-111.1.0/r.-79.1.0,r.-79.1.0/r.-111.1.0,r.-79.1.0/r.-111.1.0,r.-111.1.0/r.-79.1.0,r.-79.1.0/r.-111.1.0,r.-111.1.0/r.-79.1.0,r.-111.1.0/r.-79.1.0,r.-79.1.0/r.-111.1.0,r.-79.1.0/r.-111.1.0,r.-111.1.0/r.-79.1.0,r.-111.1.0/r.-79.1.0,r.-111.1.0/r.-79.1.0,r.-79.1.0/r.-111.1.0,r.-79.1.0/r.-111.1.0,r.-111.1.0/r.-79.1.0,r.-111.1.0/r.-79.1.0,r.-111.1.0/r.-79.1.0,r.-111.1.0/r.-79.1.0,r.-79.1.0/r.-111.1.0,r.-111.1.0/r.-79.1.0,r.-79.1.0/r.-111.1.0,r.-79.1.0/r.-111.1.0,r.-111.1.0/r.-79.1.0,r.-79.1.0/r.-111.1.0,r.-79.1.0/r.-111.1.0,r.-111.1.0/r.-79.1.0,r.-111.1.0/r.-79.1.0,r.-111.1.0/r.-79.1.0,r.-111.1.0/r.-79.1.0,r.-79.1.0/r.-111.1.0,r.-111.1.0/r.-79.1.0,r.-79.1.0/r.-111.1.0,r.-111.1.0/r.-79.1.0,r.-79.1.0/r.-111.1.0,r.-111.1.0/r.-79.1.0,r.-111.1.0/r.-79.1.0,r.-111.1.0/r.-79.1.0,r.-111.1.0/r.-79.1.0,r.-111.1.0/r.-79.1.0,r.-111.1.0/r.-79.1.0,r.-79.1.0/r.-111.1.0,r.-111.1.0/r.-79.1.0,r.-111.1.0/r.-79.1.0,r.-111.1.0/r.-79.1.0,r.-111.1.0/r.-79.1.0,r.-79.1.0/r.-111.1.0,r.-111.1.0/r.-79.1.0,r.-79.1.0/r.-111.1.0,r.-79.1.0/r.-111.1.0,r.-111.1.0/r.-79.1.0,r.-111.1.0/r.-79.1.0,r.-79.1.0/r.-111.1.0,r.-111.1.0/r.-79.1.0,r.-79.1.0/r.-111.1.0,,,,,,,,,,,,,,,,,,,,,,,,,,,,,,,,,,,,,,,,,,,,,,,,,,,,,,,,,,,,,,,,,,,,,,,,,,,,,,,,,,,,,,,,,,,,,,,,,,,,,,,,,,,,,,,,,,,,,,,,,,,,,,,,
508,r.-79.1.0/r.-111.1.0,r.-111.1.0/r.-79.1.0,r.-79.1.0/r.-111.1.0,r.-79.1.0/r.-111.1.0,r.-79.1.0/r.-111.1.0,r.-111.1.0/r.-79.1.0,r.-79.1.0/r.-111.1.0,r.-111.1.0/r.-79.1.0,r.-79.1.0/r.-111.1.0,r.-111.1.0/r.-79.1.0,r.-111.1.0/r.-79.1.0,r.-79.1.0/r.-111.1.0,r.-111.1.0/r.-79.1.0,r.-111.1.0/r.-79.1.0,r.-111.1.0/r.-79.1.0,r.-111.1.0/r.-79.1.0,r.-111.1.0/r.-79.1.0,r.-79.1.0/r.-111.1.0,r.-79.1.0/r.-111.1.0,r.-111.1.0/r.-79.1.0,r.-111.1.0/r.-79.1.0,r.-111.1.0/r.-79.1.0,r.-79.1.0/r.-111.1.0,r.-79.1.0/r.-111.1.0,r.-111.1.0/r.-79.1.0,r.-79.1.0/r.-111.1.0,r.-79.1.0/r.-111.1.0,r.-111.1.0/r.-79.1.0,r.-79.1.0/r.-111.1.0,r.-111.1.0/r.-79.1.0,r.-111.1.0/r.-79.1.0,r.-79.1.0/r.-111.1.0,r.-79.1.0/r.-111.1.0,r.-79.1.0/r.-111.1.0,r.-79.1.0/r.-111.1.0,r.-79.1.0/r.-111.1.0,r.-79.1.0/r.-111.1.0,r.-79.1.0/r.-111.1.0,r.-79.1.0/r.-111.1.0,r.-79.1.0/r.-111.1.0,r.-79.1.0/r.-111.1.0,r.-79.1.0/r.-111.1.0,r.-111.1.0/r.-79.1.0,r.-79.1.0/r.-111.1.0,r.-111.1.0/r.-79.1.0,r.-111.1.0/r.-79.1.0,r.-79.1.0/r.-111.1.0,r.-79.1.0/r.-111.1.0,r.-79.1.0/r.-111.1.0,r.-79.1.0/r.-111.1.0,r.-111.1.0/r.-79.1.0,r.-111.1.0/r.-79.1.0,r.-79.1.0/r.-111.1.0,r.-79.1.0/r.-111.1.0,r.-111.1.0/r.-79.1.0,r.-79.1.0/r.-111.1.0,r.-111.1.0/r.-79.1.0,r.-79.1.0/r.-111.1.0,r.-79.1.0/r.-111.1.0,r.-79.1.0/r.-111.1.0,r.-111.1.0/r.-79.1.0,r.-79.1.0/r.-111.1.0,r.-111.1.0/r.-79.1.0,r.-111.1.0/r.-79.1.0,r.-79.1.0/r.-111.1.0,r.-79.1.0/r.-111.1.0,r.-79.1.0/r.-111.1.0,r.-111.1.0/r.-79.1.0,r.-79.1.0/r.-111.1.0,r.-79.1.0/r.-111.1.0,r.-111.1.0/r.-79.1.0,r.-111.1.0/r.-79.1.0,r.-79.1.0/r.-111.1.0,r.-79.1.0/r.-111.1.0,r.-79.1.0/r.-111.1.0,r.-79.1.0/r.-111.1.0,r.-79.1.0/r.-111.1.0,r.-79.1.0/r.-111.1.0,r.-111.1.0/r.-79.1.0,r.-79.1.0/r.-111.1.0,r.-111.1.0/r.-79.1.0,r.-111.1.0/r.-79.1.0,r.-79.1.0/r.-111.1.0,r.-79.1.0/r.-111.1.0,r.-111.1.0/r.-79.1.0,r.-79.1.0/r.-111.1.0,r.-111.1.0/r.-79.1.0,r.-79.1.0/r.-111.1.0,r.-79.1.0/r.-111.1.0,r.-111.1.0/r.-79.1.0,r.-79.1.0/r.-111.1.0,r.-79.1.0/r.-111.1.0,r.-111.1.0/r.-79.1.0,r.-79.1.0/r.-111.1.0,,,,,,,,,,,,,,,,,,,,,,,,,,,,,,,,,,,,,,,,,,,,,,,,,,,,,,,,,,,,,,,,,,,,,,,,,,,,,,,,,,,,,,,,,,,,,,,,,,,,,,,,,,,,,,,,,,,,,,,,,,,,,,,,
509,r.-111.1.0,r.-111.1.0,r.-111.1.0,r.-111.1.0,r.-111.1.0,r.-111.1.0,r.-111.1.0,r.-111.1.0,r.-111.1.0,r.-111.1.0,r.-111.1.0,r.-111.1.0,r.-111.1.0,r.-111.1.0,r.-111.1.0,r.-111.1.0,r.-111.1.0,r.-111.1.0,r.-111.1.0,r.-111.1.0,r.-111.1.0,r.-111.1.0,r.-111.1.0,r.-111.1.0,r.-111.1.0,r.-111.1.0,r.-111.1.0,r.-111.1.0,r.-111.1.0,r.-111.1.0,r.-111.1.0,r.-111.1.0,r.-111.1.0,r.-111.1.0,r.-111.1.0,r.-111.1.0,r.-111.1.0,r.-111.1.0,r.-111.1.0,r.-111.1.0,r.-111.1.0,r.-111.1.0,r.-111.1.0,r.-111.1.0,r.-111.1.0,r.-111.1.0,r.-111.1.0,r.-111.1.0,r.-111.1.0,r.-111.1.0,r.-111.1.0,r.-111.1.0,r.-111.1.0,r.-111.1.0,r.-111.1.0,r.-111.1.0,r.-111.1.0,r.-111.1.0,r.-111.1.0,r.-111.1.0,r.-111.1.0,r.-111.1.0,r.-111.1.0,r.-111.1.0,r.-111.1.0,r.-111.1.0,r.-111.1.0,r.-111.1.0,r.-111.1.0,r.-111.1.0,r.-111.1.0,r.-111.1.0,r.-111.1.0,r.-111.1.0,r.-111.1.0,r.-111.1.0,r.-111.1.0,r.-111.1.0,r.-111.1.0,r.-111.1.0,r.-111.1.0,r.-111.1.0,r.-111.1.0,r.-111.1.0,r.-111.1.0,r.-111.1.0,r.-111.1.0,r.-111.1.0,r.-111.1.0,r.-111.1.0,r.-111.1.0,r.-111.1.0,r.-111.1.0,r.-111.1.0,,,,,,,,,,,,,,,,,,,,,,,,,,,,,,,,,,,,,,,,,,,,,,,,,,,,,,,,,,,,,,,,,,,,,,,,,,,,,,,,,,,,,,,,,,,,,,,,,,,,,,,,,,,,,,,,,,,,,,,,,,,,,,,,
510,r.-111.1.0,r.-111.1.0,r.-111.1.0,r.-111.1.0,r.-111.1.0,r.-111.1.0,r.-111.1.0,r.-111.1.0,r.-111.1.0,r.-111.1.0,r.-111.1.0,r.-111.1.0,r.-111.1.0,r.-111.1.0,r.-111.1.0,r.-111.1.0,r.-111.1.0,r.-111.1.0,r.-111.1.0,r.-111.1.0,r.-111.1.0,r.-111.1.0,r.-111.1.0,r.-111.1.0,r.-111.1.0,r.-111.1.0,r.-111.1.0,r.-111.1.0,r.-111.1.0,r.-111.1.0,r.-111.1.0,r.-111.1.0,r.-111.1.0,r.-111.1.0,r.-111.1.0,r.-111.1.0,r.-111.1.0,r.-111.1.0,r.-111.1.0,r.-111.1.0,r.-111.1.0,r.-111.1.0,r.-111.1.0,r.-111.1.0,r.-111.1.0,r.-111.1.0,r.-111.1.0,r.-111.1.0,r.-111.1.0,r.-111.1.0,r.-111.1.0,r.-111.1.0,r.-111.1.0,r.-111.1.0,r.-111.1.0,r.-111.1.0,r.-111.1.0,r.-111.1.0,r.-111.1.0,r.-111.1.0,r.-111.1.0,r.-111.1.0,r.-111.1.0,r.-111.1.0,r.-111.1.0,r.-111.1.0,r.-111.1.0,r.-111.1.0,r.-111.1.0,r.-111.1.0,r.-111.1.0,r.-111.1.0,r.-111.1.0,r.-111.1.0,r.-111.1.0,r.-111.1.0,r.-111.1.0,r.-111.1.0,r.-111.1.0,r.-111.1.0,r.-111.1.0,r.-111.1.0,r.-111.1.0,r.-111.1.0,r.-111.1.0,r.-111.1.0,r.-111.1.0,r.-111.1.0,r.-111.1.0,r.-111.1.0,r.-111.1.0,r.-111.1.0,r.-111.1.0,r.-111.1.0,,,,,,,,,,,,,,,,,,,,,,,,,,,,,,,,,,,,,,,,,,,,,,,,,,,,,,,,,,,,,,,,,,,,,,,,,,,,,,,,,,,,,,,,,,,,,,,,,,,,,,,,,,,,,,,,,,,,,,,,,,,,,,,,
511,r.-111.1.0,r.-111.1.0,r.-111.1.0,r.-111.1.0,r.-111.1.0,r.-111.1.0,r.-111.1.0,r.-111.1.0,r.-111.1.0,r.-111.1.0,r.-111.1.0,r.-111.1.0,r.-111.1.0,r.-111.1.0,r.-111.1.0,r.-111.1.0,r.-111.1.0,r.-111.1.0,r.-111.1.0,r.-111.1.0,r.-111.1.0,r.-111.1.0,r.-111.1.0,r.-111.1.0,r.-111.1.0,r.-111.1.0,r.-111.1.0,r.-111.1.0,r.-111.1.0,r.-111.1.0,r.-111.1.0,r.-111.1.0,r.-111.1.0,r.-111.1.0,r.-111.1.0,r.-111.1.0,r.-111.1.0,r.-111.1.0,r.-111.1.0,r.-111.1.0,r.-111.1.0,r.-111.1.0,r.-111.1.0,r.-111.1.0,r.-111.1.0,r.-111.1.0,r.-111.1.0,r.-111.1.0,r.-111.1.0,r.-111.1.0,r.-111.1.0,r.-111.1.0,r.-111.1.0,r.-111.1.0,r.-111.1.0,r.-111.1.0,r.-111.1.0,r.-111.1.0,r.-111.1.0,r.-111.1.0,r.-111.1.0,r.-111.1.0,r.-111.1.0,r.-111.1.0,r.-111.1.0,r.-111.1.0,r.-111.1.0,r.-111.1.0,r.-111.1.0,r.-111.1.0,r.-111.1.0,r.-111.1.0,r.-111.1.0,r.-111.1.0,r.-111.1.0,r.-111.1.0,r.-111.1.0,r.-111.1.0,r.-111.1.0,r.-111.1.0,r.-111.1.0,r.-111.1.0,r.-111.1.0,r.-111.1.0,r.-111.1.0,r.-111.1.0,r.-111.1.0,r.-111.1.0,r.-111.1.0,r.-111.1.0,r.-111.1.0,r.-111.1.0,r.-111.1.0,r.-111.1.0,,,,,,,,,,,,,,,,,,,,,,,,,,,,,,,,,,,,,,,,,,,,,,,,,,,,,,,,,,,,,,,,,,,,,,,,,,,,,,,,,,,,,,,,,,,,,,,,,,,,,,,,,,,,,,,,,,,,,,,,,,,,,,,,
512,r.-111.1.0,r.-111.1.0,r.-111.1.0,r.-111.1.0,r.-111.1.0,r.-111.1.0,r.-111.1.0,r.-111.1.0,r.-111.1.0,r.-111.1.0,r.-111.1.0,r.-111.1.0,r.-111.1.0,r.-111.1.0,r.-111.1.0,r.-111.1.0,r.-111.1.0,r.-111.1.0,r.-111.1.0,r.-111.1.0,r.-111.1.0,r.-111.1.0,r.-111.1.0,r.-111.1.0,r.-111.1.0,r.-111.1.0,r.-111.1.0,r.-111.1.0,r.-111.1.0,r.-111.1.0,r.-111.1.0,r.-111.1.0,r.-111.1.0,r.-111.1.0,r.-111.1.0,r.-111.1.0,r.-111.1.0,r.-111.1.0,r.-111.1.0,r.-111.1.0,r.-111.1.0,r.-111.1.0,r.-111.1.0,r.-111.1.0,r.-111.1.0,r.-111.1.0,r.-111.1.0,r.-111.1.0,r.-111.1.0,r.-111.1.0,r.-111.1.0,r.-111.1.0,r.-111.1.0,r.-111.1.0,r.-111.1.0,r.-111.1.0,r.-111.1.0,r.-111.1.0,r.-111.1.0,r.-111.1.0,r.-111.1.0,r.-111.1.0,r.-111.1.0,r.-111.1.0,r.-111.1.0,r.-111.1.0,r.-111.1.0,r.-111.1.0,r.-111.1.0,r.-111.1.0,r.-111.1.0,r.-111.1.0,r.-111.1.0,r.-111.1.0,r.-111.1.0,r.-111.1.0,r.-111.1.0,r.-111.1.0,r.-111.1.0,r.-111.1.0,r.-111.1.0,r.-111.1.0,r.-111.1.0,r.-111.1.0,r.-111.1.0,r.-111.1.0,r.-111.1.0,r.-111.1.0,r.-111.1.0,r.-111.1.0,r.-111.1.0,r.-111.1.0,r.-111.1.0,r.-111.1.0,,,,,,,,,,,,,,,,,,,,,,,,,,,,,,,,,,,,,,,,,,,,,,,,,,,,,,,,,,,,,,,,,,,,,,,,,,,,,,,,,,,,,,,,,,,,,,,,,,,,,,,,,,,,,,,,,,,,,,,,,,,,,,,,
513,r.-111.1.0,r.-111.1.0,r.-111.1.0,r.-111.1.0,r.-111.1.0,r.-111.1.0,r.-111.1.0,r.-111.1.0,r.-111.1.0,r.-111.1.0,r.-111.1.0,r.-111.1.0,r.-111.1.0,r.-111.1.0,r.-111.1.0,r.-111.1.0,r.-111.1.0,r.-111.1.0,r.-111.1.0,r.-111.1.0,r.-111.1.0,r.-111.1.0,r.-111.1.0,r.-111.1.0,r.-111.1.0,r.-111.1.0,r.-111.1.0,r.-111.1.0,r.-111.1.0,r.-111.1.0,r.-111.1.0,r.-111.1.0,r.-111.1.0,r.-111.1.0,r.-111.1.0,r.-111.1.0,r.-111.1.0,r.-111.1.0,r.-111.1.0,r.-111.1.0,r.-111.1.0,r.-111.1.0,r.-111.1.0,r.-111.1.0,r.-111.1.0,r.-111.1.0,r.-111.1.0,r.-111.1.0,r.-111.1.0,r.-111.1.0,r.-111.1.0,r.-111.1.0,r.-111.1.0,r.-111.1.0,r.-111.1.0,r.-111.1.0,r.-111.1.0,r.-111.1.0,r.-111.1.0,r.-111.1.0,r.-111.1.0,r.-111.1.0,r.-111.1.0,r.-111.1.0,r.-111.1.0,r.-111.1.0,r.-111.1.0,r.-111.1.0,r.-111.1.0,r.-111.1.0,r.-111.1.0,r.-111.1.0,r.-111.1.0,r.-111.1.0,r.-111.1.0,r.-111.1.0,r.-111.1.0,r.-111.1.0,r.-111.1.0,r.-111.1.0,r.-111.1.0,r.-111.1.0,r.-111.1.0,r.-111.1.0,r.-111.1.0,r.-111.1.0,r.-111.1.0,r.-111.1.0,r.-111.1.0,r.-111.1.0,r.-111.1.0,r.-111.1.0,r.-111.1.0,r.-111.1.0,,,,,,,,,,,,,,,,,,,,,,,,,,,,,,,,,,,,,,,,,,,,,,,,,,,,,,,,,,,,,,,,,,,,,,,,,,,,,,,,,,,,,,,,,,,,,,,,,,,,,,,,,,,,,,,,,,,,,,,,,,,,,,,,
514,r.-111.1.0,r.-111.1.0,r.-111.1.0,r.-111.1.0,r.-111.1.0,r.-111.1.0,r.-111.1.0,r.-111.1.0,r.-111.1.0,r.-111.1.0,r.-111.1.0,r.-111.1.0,r.-111.1.0,r.-111.1.0,r.-111.1.0,r.-111.1.0,r.-111.1.0,r.-111.1.0,r.-111.1.0,r.-111.1.0,r.-111.1.0,r.-111.1.0,r.-111.1.0,r.-111.1.0,r.-111.1.0,r.-111.1.0,r.-111.1.0,r.-111.1.0,r.-111.1.0,r.-111.1.0,r.-111.1.0,r.-111.1.0,r.-111.1.0,r.-111.1.0,r.-111.1.0,r.-111.1.0,r.-111.1.0,r.-111.1.0,r.-111.1.0,r.-111.1.0,r.-111.1.0,r.-111.1.0,r.-111.1.0,r.-111.1.0,r.-111.1.0,r.-111.1.0,r.-111.1.0,r.-111.1.0,r.-111.1.0,r.-111.1.0,r.-111.1.0,r.-111.1.0,r.-111.1.0,r.-111.1.0,r.-111.1.0,r.-111.1.0,r.-111.1.0,r.-111.1.0,r.-111.1.0,r.-111.1.0,r.-111.1.0,r.-111.1.0,r.-111.1.0,r.-111.1.0,r.-111.1.0,r.-111.1.0,r.-111.1.0,r.-111.1.0,r.-111.1.0,r.-111.1.0,r.-111.1.0,r.-111.1.0,r.-111.1.0,r.-111.1.0,r.-111.1.0,r.-111.1.0,r.-111.1.0,r.-111.1.0,r.-111.1.0,r.-111.1.0,r.-111.1.0,r.-111.1.0,r.-111.1.0,r.-111.1.0,r.-111.1.0,r.-111.1.0,r.-111.1.0,r.-111.1.0,r.-111.1.0,r.-111.1.0,r.-111.1.0,r.-111.1.0,r.-111.1.0,r.-111.1.0,,,,,,,,,,,,,,,,,,,,,,,,,,,,,,,,,,,,,,,,,,,,,,,,,,,,,,,,,,,,,,,,,,,,,,,,,,,,,,,,,,,,,,,,,,,,,,,,,,,,,,,,,,,,,,,,,,,,,,,,,,,,,,,,
515,r.-111.1.0,r.-111.1.0,r.-111.1.0,r.-111.1.0,r.-111.1.0,r.-111.1.0,r.-111.1.0,r.-111.1.0,r.-111.1.0,r.-111.1.0,r.-111.1.0,r.-111.1.0,r.-111.1.0,r.-111.1.0,r.-111.1.0,r.-111.1.0,r.-111.1.0,r.-111.1.0,r.-111.1.0,r.-111.1.0,r.-111.1.0,r.-111.1.0,r.-111.1.0,r.-111.1.0,r.-111.1.0,r.-111.1.0,r.-111.1.0,r.-111.1.0,r.-111.1.0,r.-111.1.0,r.-111.1.0,r.-111.1.0,r.-111.1.0,r.-111.1.0,r.-111.1.0,r.-111.1.0,r.-111.1.0,r.-111.1.0,r.-111.1.0,r.-111.1.0,r.-111.1.0,r.-111.1.0,r.-111.1.0,r.-111.1.0,r.-111.1.0,r.-111.1.0,r.-111.1.0,r.-111.1.0,r.-111.1.0,r.-111.1.0,r.-111.1.0,r.-111.1.0,r.-111.1.0,r.-111.1.0,r.-111.1.0,r.-111.1.0,r.-111.1.0,r.-111.1.0,r.-111.1.0,r.-111.1.0,r.-111.1.0,r.-111.1.0,r.-111.1.0,r.-111.1.0,r.-111.1.0,r.-111.1.0,r.-111.1.0,r.-111.1.0,r.-111.1.0,r.-111.1.0,r.-111.1.0,r.-111.1.0,r.-111.1.0,r.-111.1.0,r.-111.1.0,r.-111.1.0,r.-111.1.0,r.-111.1.0,r.-111.1.0,r.-111.1.0,r.-111.1.0,r.-111.1.0,r.-111.1.0,r.-111.1.0,r.-111.1.0,r.-111.1.0,r.-111.1.0,r.-111.1.0,r.-111.1.0,r.-111.1.0,r.-111.1.0,r.-111.1.0,r.-111.1.0,r.-111.1.0,,,,,,,,,,,,,,,,,,,,,,,,,,,,,,,,,,,,,,,,,,,,,,,,,,,,,,,,,,,,,,,,,,,,,,,,,,,,,,,,,,,,,,,,,,,,,,,,,,,,,,,,,,,,,,,,,,,,,,,,,,,,,,,,
516,r.-111.1.0,r.-111.1.0,r.-111.1.0,r.-111.1.0,r.-111.1.0,r.-111.1.0,r.-111.1.0,r.-111.1.0,r.-111.1.0,r.-111.1.0,r.-111.1.0,r.-111.1.0,r.-111.1.0,r.-111.1.0,r.-111.1.0,r.-111.1.0,r.-111.1.0,r.-111.1.0,r.-111.1.0,r.-111.1.0,r.-111.1.0,r.-111.1.0,r.-111.1.0,r.-111.1.0,r.-111.1.0,r.-111.1.0,r.-111.1.0,r.-111.1.0,r.-111.1.0,r.-111.1.0,r.-111.1.0,r.-111.1.0,r.-111.1.0,r.-111.1.0,r.-111.1.0,r.-111.1.0,r.-111.1.0,r.-111.1.0,r.-111.1.0,r.-111.1.0,r.-111.1.0,r.-111.1.0,r.-111.1.0,r.-111.1.0,r.-111.1.0,r.-111.1.0,r.-111.1.0,r.-111.1.0,r.-111.1.0,r.-111.1.0,r.-111.1.0,r.-111.1.0,r.-111.1.0,r.-111.1.0,r.-111.1.0,r.-111.1.0,r.-111.1.0,r.-111.1.0,r.-111.1.0,r.-111.1.0,r.-111.1.0,r.-111.1.0,r.-111.1.0,r.-111.1.0,r.-111.1.0,r.-111.1.0,r.-111.1.0,r.-111.1.0,r.-111.1.0,r.-111.1.0,r.-111.1.0,r.-111.1.0,r.-111.1.0,r.-111.1.0,r.-111.1.0,r.-111.1.0,r.-111.1.0,r.-111.1.0,r.-111.1.0,r.-111.1.0,r.-111.1.0,r.-111.1.0,r.-111.1.0,r.-111.1.0,r.-111.1.0,r.-111.1.0,r.-111.1.0,r.-111.1.0,r.-111.1.0,r.-111.1.0,r.-111.1.0,r.-111.1.0,r.-111.1.0,r.-111.1.0,,,,,,,,,,,,,,,,,,,,,,,,,,,,,,,,,,,,,,,,,,,,,,,,,,,,,,,,,,,,,,,,,,,,,,,,,,,,,,,,,,,,,,,,,,,,,,,,,,,,,,,,,,,,,,,,,,,,,,,,,,,,,,,,
517,r.-111.1.0,r.-111.1.0,r.-111.1.0,r.-111.1.0,r.-111.1.0,r.-111.1.0,r.-111.1.0,r.-111.1.0,r.-111.1.0,r.-111.1.0,r.-111.1.0,r.-111.1.0,r.-111.1.0,r.-111.1.0,r.-111.1.0,r.-111.1.0,r.-111.1.0,r.-111.1.0,r.-111.1.0,r.-111.1.0,r.-111.1.0,r.-111.1.0,r.-111.1.0,r.-111.1.0,r.-111.1.0,r.-111.1.0,r.-111.1.0,r.-111.1.0,r.-111.1.0,r.-111.1.0,r.-111.1.0,r.-111.1.0,r.-111.1.0,r.-111.1.0,r.-111.1.0,r.-111.1.0,r.-111.1.0,r.-111.1.0,r.-111.1.0,r.-111.1.0,r.-111.1.0,r.-111.1.0,r.-111.1.0,r.-111.1.0,r.-111.1.0,r.-111.1.0,r.-111.1.0,r.-111.1.0,r.-111.1.0,r.-111.1.0,r.-111.1.0,r.-111.1.0,r.-111.1.0,r.-111.1.0,r.-111.1.0,r.-111.1.0,r.-111.1.0,r.-111.1.0,r.-111.1.0,r.-111.1.0,r.-111.1.0,r.-111.1.0,r.-111.1.0,r.-111.1.0,r.-111.1.0,r.-111.1.0,r.-111.1.0,r.-111.1.0,r.-111.1.0,r.-111.1.0,r.-111.1.0,r.-111.1.0,r.-111.1.0,r.-111.1.0,r.-111.1.0,r.-111.1.0,r.-111.1.0,r.-111.1.0,r.-111.1.0,r.-111.1.0,r.-111.1.0,r.-111.1.0,r.-111.1.0,r.-111.1.0,r.-111.1.0,r.-111.1.0,r.-111.1.0,r.-111.1.0,r.-111.1.0,r.-111.1.0,r.-111.1.0,r.-111.1.0,r.-111.1.0,r.-111.1.0,,,,,,,,,,,,,,,,,,,,,,,,,,,,,,,,,,,,,,,,,,,,,,,,,,,,,,,,,,,,,,,,,,,,,,,,,,,,,,,,,,,,,,,,,,,,,,,,,,,,,,,,,,,,,,,,,,,,,,,,,,,,,,,,
518,r.-111.1.0,r.-111.1.0,r.-111.1.0,r.-111.1.0,r.-111.1.0,r.-111.1.0,r.-111.1.0,r.-111.1.0,r.-111.1.0,r.-111.1.0,r.-111.1.0,r.-111.1.0,r.-111.1.0,r.-111.1.0,r.-111.1.0,r.-111.1.0,r.-111.1.0,r.-111.1.0,r.-111.1.0,r.-111.1.0,r.-111.1.0,r.-111.1.0,r.-111.1.0,r.-111.1.0,r.-111.1.0,r.-111.1.0,r.-111.1.0,r.-111.1.0,r.-111.1.0,r.-111.1.0,r.-111.1.0,r.-111.1.0,r.-111.1.0,r.-111.1.0,r.-111.1.0,r.-111.1.0,r.-111.1.0,r.-111.1.0,r.-111.1.0,r.-111.1.0,r.-111.1.0,r.-111.1.0,r.-111.1.0,r.-111.1.0,r.-111.1.0,r.-111.1.0,r.-111.1.0,r.-111.1.0,r.-111.1.0,r.-111.1.0,r.-111.1.0,r.-111.1.0,r.-111.1.0,r.-111.1.0,r.-111.1.0,r.-111.1.0,r.-111.1.0,r.-111.1.0,r.-111.1.0,r.-111.1.0,r.-111.1.0,r.-111.1.0,r.-111.1.0,r.-111.1.0,r.-111.1.0,r.-111.1.0,r.-111.1.0,r.-111.1.0,r.-111.1.0,r.-111.1.0,r.-111.1.0,r.-111.1.0,r.-111.1.0,r.-111.1.0,r.-111.1.0,r.-111.1.0,r.-111.1.0,r.-111.1.0,r.-111.1.0,r.-111.1.0,r.-111.1.0,r.-111.1.0,r.-111.1.0,r.-111.1.0,r.-111.1.0,r.-111.1.0,r.-111.1.0,r.-111.1.0,r.-111.1.0,r.-111.1.0,r.-111.1.0,r.-111.1.0,r.-111.1.0,r.-111.1.0,,,,,,,,,,,,,,,,,,,,,,,,,,,,,,,,,,,,,,,,,,,,,,,,,,,,,,,,,,,,,,,,,,,,,,,,,,,,,,,,,,,,,,,,,,,,,,,,,,,,,,,,,,,,,,,,,,,,,,,,,,,,,,,,
519,r.-111.1.0/r.-79.1.0,r.-111.1.0/r.-79.1.0,r.-111.1.0/r.-79.1.0,r.-79.1.0/r.-111.1.0,r.-79.1.0/r.-111.1.0,r.-79.1.0/r.-111.1.0,r.-111.1.0/r.-79.1.0,r.-79.1.0/r.-111.1.0,r.-111.1.0/r.-79.1.0,r.-111.1.0/r.-79.1.0,r.-111.1.0/r.-79.1.0,r.-79.1.0/r.-111.1.0,r.-111.1.0/r.-79.1.0,r.-111.1.0/r.-79.1.0,r.-79.1.0/r.-111.1.0,r.-111.1.0/r.-79.1.0,r.-111.1.0/r.-79.1.0,r.-79.1.0/r.-111.1.0,r.-111.1.0/r.-79.1.0,r.-111.1.0/r.-79.1.0,r.-111.1.0/r.-79.1.0,r.-79.1.0/r.-111.1.0,r.-111.1.0/r.-79.1.0,r.-79.1.0/r.-111.1.0,r.-111.1.0/r.-79.1.0,r.-79.1.0/r.-111.1.0,r.-111.1.0/r.-79.1.0,r.-111.1.0/r.-79.1.0,r.-111.1.0/r.-79.1.0,r.-79.1.0/r.-111.1.0,r.-79.1.0/r.-111.1.0,r.-111.1.0/r.-79.1.0,r.-79.1.0/r.-111.1.0,r.-111.1.0/r.-79.1.0,r.-111.1.0/r.-79.1.0,r.-111.1.0/r.-79.1.0,r.-79.1.0/r.-111.1.0,r.-111.1.0/r.-79.1.0,r.-79.1.0/r.-111.1.0,r.-79.1.0/r.-111.1.0,r.-79.1.0/r.-111.1.0,r.-111.1.0/r.-79.1.0,r.-111.1.0/r.-79.1.0,r.-111.1.0/r.-79.1.0,r.-79.1.0/r.-111.1.0,r.-79.1.0/r.-111.1.0,r.-79.1.0/r.-111.1.0,r.-111.1.0/r.-79.1.0,r.-111.1.0/r.-79.1.0,r.-111.1.0/r.-79.1.0,r.-79.1.0/r.-111.1.0,r.-79.1.0/r.-111.1.0,r.-79.1.0/r.-111.1.0,r.-79.1.0/r.-111.1.0,r.-79.1.0/r.-111.1.0,r.-79.1.0/r.-111.1.0,r.-79.1.0/r.-111.1.0,r.-79.1.0/r.-111.1.0,r.-111.1.0/r.-79.1.0,r.-79.1.0/r.-111.1.0,r.-79.1.0/r.-111.1.0,r.-111.1.0/r.-79.1.0,r.-111.1.0/r.-79.1.0,r.-111.1.0/r.-79.1.0,r.-111.1.0/r.-79.1.0,r.-79.1.0/r.-111.1.0,r.-79.1.0/r.-111.1.0,r.-111.1.0/r.-79.1.0,r.-111.1.0/r.-79.1.0,r.-79.1.0/r.-111.1.0,r.-111.1.0/r.-79.1.0,r.-111.1.0/r.-79.1.0,r.-111.1.0/r.-79.1.0,r.-111.1.0/r.-79.1.0,r.-79.1.0/r.-111.1.0,r.-79.1.0/r.-111.1.0,r.-79.1.0/r.-111.1.0,r.-111.1.0/r.-79.1.0,r.-111.1.0/r.-79.1.0,r.-111.1.0/r.-79.1.0,r.-111.1.0/r.-79.1.0,r.-111.1.0/r.-79.1.0,r.-111.1.0/r.-79.1.0,r.-79.1.0/r.-111.1.0,r.-111.1.0/r.-79.1.0,r.-111.1.0/r.-79.1.0,r.-111.1.0/r.-79.1.0,r.-79.1.0/r.-111.1.0,r.-79.1.0/r.-111.1.0,r.-79.1.0/r.-111.1.0,r.-79.1.0/r.-111.1.0,r.-111.1.0/r.-79.1.0,r.-79.1.0/r.-111.1.0,r.-79.1.0/r.-111.1.0,,,,,,,,,,,,,,,,,,,,,,,,,,,,,,,,,,,,,,,,,,,,,,,,,,,,,,,,,,,,,,,,,,,,,,,,,,,,,,,,,,,,,,,,,,,,,,,,,,,,,,,,,,,,,,,,,,,,,,,,,,,,,,,,
520,r.-79.1.0/r.-111.1.0,r.-111.1.0/r.-79.1.0,r.-111.1.0/r.-79.1.0,r.-111.1.0/r.-79.1.0,r.-111.1.0/r.-79.1.0,r.-79.1.0/r.-111.1.0,r.-79.1.0/r.-111.1.0,r.-111.1.0/r.-79.1.0,r.-111.1.0/r.-79.1.0,r.-111.1.0/r.-79.1.0,r.-79.1.0/r.-111.1.0,r.-79.1.0/r.-111.1.0,r.-111.1.0/r.-79.1.0,r.-79.1.0/r.-111.1.0,r.-111.1.0/r.-79.1.0,r.-111.1.0/r.-79.1.0,r.-111.1.0/r.-79.1.0,r.-111.1.0/r.-79.1.0,r.-79.1.0/r.-111.1.0,r.-79.1.0/r.-111.1.0,r.-79.1.0/r.-111.1.0,r.-111.1.0/r.-79.1.0,r.-111.1.0/r.-79.1.0,r.-79.1.0/r.-111.1.0,r.-111.1.0/r.-79.1.0,r.-79.1.0/r.-111.1.0,r.-79.1.0/r.-111.1.0,r.-79.1.0/r.-111.1.0,r.-79.1.0/r.-111.1.0,r.-79.1.0/r.-111.1.0,r.-79.1.0/r.-111.1.0,r.-111.1.0/r.-79.1.0,r.-79.1.0/r.-111.1.0,r.-111.1.0/r.-79.1.0,r.-111.1.0/r.-79.1.0,r.-79.1.0/r.-111.1.0,r.-79.1.0/r.-111.1.0,r.-111.1.0/r.-79.1.0,r.-79.1.0/r.-111.1.0,r.-111.1.0/r.-79.1.0,r.-79.1.0/r.-111.1.0,r.-79.1.0/r.-111.1.0,r.-79.1.0/r.-111.1.0,r.-79.1.0/r.-111.1.0,r.-79.1.0/r.-111.1.0,r.-79.1.0/r.-111.1.0,r.-111.1.0/r.-79.1.0,r.-79.1.0/r.-111.1.0,r.-79.1.0/r.-111.1.0,r.-79.1.0/r.-111.1.0,r.-79.1.0/r.-111.1.0,r.-79.1.0/r.-111.1.0,r.-79.1.0/r.-111.1.0,r.-111.1.0/r.-79.1.0,r.-79.1.0/r.-111.1.0,r.-79.1.0/r.-111.1.0,r.-79.1.0/r.-111.1.0,r.-111.1.0/r.-79.1.0,r.-111.1.0/r.-79.1.0,r.-111.1.0/r.-79.1.0,r.-111.1.0/r.-79.1.0,r.-111.1.0/r.-79.1.0,r.-111.1.0/r.-79.1.0,r.-79.1.0/r.-111.1.0,r.-79.1.0/r.-111.1.0,r.-111.1.0/r.-79.1.0,r.-111.1.0/r.-79.1.0,r.-111.1.0/r.-79.1.0,r.-111.1.0/r.-79.1.0,r.-111.1.0/r.-79.1.0,r.-111.1.0/r.-79.1.0,r.-79.1.0/r.-111.1.0,r.-79.1.0/r.-111.1.0,r.-111.1.0/r.-79.1.0,r.-79.1.0/r.-111.1.0,r.-111.1.0/r.-79.1.0,r.-111.1.0/r.-79.1.0,r.-79.1.0/r.-111.1.0,r.-79.1.0/r.-111.1.0,r.-79.1.0/r.-111.1.0,r.-111.1.0/r.-79.1.0,r.-79.1.0/r.-111.1.0,r.-79.1.0/r.-111.1.0,r.-111.1.0/r.-79.1.0,r.-111.1.0/r.-79.1.0,r.-79.1.0/r.-111.1.0,r.-79.1.0/r.-111.1.0,r.-111.1.0/r.-79.1.0,r.-111.1.0/r.-79.1.0,r.-111.1.0/r.-79.1.0,r.-79.1.0/r.-111.1.0,r.-111.1.0/r.-79.1.0,r.-79.1.0/r.-111.1.0,r.-111.1.0/r.-79.1.0,,,,,,,,,,,,,,,,,,,,,,,,,,,,,,,,,,,,,,,,,,,,,,,,,,,,,,,,,,,,,,,,,,,,,,,,,,,,,,,,,,,,,,,,,,,,,,,,,,,,,,,,,,,,,,,,,,,,,,,,,,,,,,,,
521,r.-79.1.0/r.-111.1.0,r.-111.1.0/r.-79.1.0,r.-111.1.0/r.-79.1.0,r.-111.1.0/r.-79.1.0,r.-111.1.0/r.-79.1.0,r.-111.1.0/r.-79.1.0,r.-79.1.0/r.-111.1.0,r.-79.1.0/r.-111.1.0,r.-111.1.0/r.-79.1.0,r.-79.1.0/r.-111.1.0,r.-111.1.0/r.-79.1.0,r.-111.1.0/r.-79.1.0,r.-79.1.0/r.-111.1.0,r.-79.1.0/r.-111.1.0,r.-79.1.0/r.-111.1.0,r.-79.1.0/r.-111.1.0,r.-111.1.0/r.-79.1.0,r.-79.1.0/r.-111.1.0,r.-111.1.0/r.-79.1.0,r.-79.1.0/r.-111.1.0,r.-111.1.0/r.-79.1.0,r.-79.1.0/r.-111.1.0,r.-111.1.0/r.-79.1.0,r.-79.1.0/r.-111.1.0,r.-111.1.0/r.-79.1.0,r.-111.1.0/r.-79.1.0,r.-79.1.0/r.-111.1.0,r.-79.1.0/r.-111.1.0,r.-111.1.0/r.-79.1.0,r.-79.1.0/r.-111.1.0,r.-111.1.0/r.-79.1.0,r.-111.1.0/r.-79.1.0,r.-79.1.0/r.-111.1.0,r.-111.1.0/r.-79.1.0,r.-79.1.0/r.-111.1.0,r.-111.1.0/r.-79.1.0,r.-111.1.0/r.-79.1.0,r.-79.1.0/r.-111.1.0,r.-79.1.0/r.-111.1.0,r.-111.1.0/r.-79.1.0,r.-79.1.0/r.-111.1.0,r.-111.1.0/r.-79.1.0,r.-79.1.0/r.-111.1.0,r.-79.1.0/r.-111.1.0,r.-111.1.0/r.-79.1.0,r.-111.1.0/r.-79.1.0,r.-111.1.0/r.-79.1.0,r.-111.1.0/r.-79.1.0,r.-111.1.0/r.-79.1.0,r.-111.1.0/r.-79.1.0,r.-111.1.0/r.-79.1.0,r.-79.1.0/r.-111.1.0,r.-111.1.0/r.-79.1.0,r.-111.1.0/r.-79.1.0,r.-111.1.0/r.-79.1.0,r.-79.1.0/r.-111.1.0,r.-111.1.0/r.-79.1.0,r.-79.1.0/r.-111.1.0,r.-111.1.0/r.-79.1.0,r.-111.1.0/r.-79.1.0,r.-79.1.0/r.-111.1.0,r.-111.1.0/r.-79.1.0,r.-79.1.0/r.-111.1.0,r.-79.1.0/r.-111.1.0,r.-79.1.0/r.-111.1.0,r.-111.1.0/r.-79.1.0,r.-79.1.0/r.-111.1.0,r.-111.1.0/r.-79.1.0,r.-111.1.0/r.-79.1.0,r.-79.1.0/r.-111.1.0,r.-111.1.0/r.-79.1.0,r.-79.1.0/r.-111.1.0,r.-79.1.0/r.-111.1.0,r.-111.1.0/r.-79.1.0,r.-111.1.0/r.-79.1.0,r.-111.1.0/r.-79.1.0,r.-79.1.0/r.-111.1.0,r.-79.1.0/r.-111.1.0,r.-79.1.0/r.-111.1.0,r.-111.1.0/r.-79.1.0,r.-111.1.0/r.-79.1.0,r.-111.1.0/r.-79.1.0,r.-111.1.0/r.-79.1.0,r.-79.1.0/r.-111.1.0,r.-79.1.0/r.-111.1.0,r.-79.1.0/r.-111.1.0,r.-111.1.0/r.-79.1.0,r.-111.1.0/r.-79.1.0,r.-111.1.0/r.-79.1.0,r.-111.1.0/r.-79.1.0,r.-79.1.0/r.-111.1.0,r.-79.1.0/r.-111.1.0,r.-111.1.0/r.-79.1.0,r.-111.1.0/r.-79.1.0,,,,,,,,,,,,,,,,,,,,,,,,,,,,,,,,,,,,,,,,,,,,,,,,,,,,,,,,,,,,,,,,,,,,,,,,,,,,,,,,,,,,,,,,,,,,,,,,,,,,,,,,,,,,,,,,,,,,,,,,,,,,,,,,
522,r.-79.1.0/r.-111.1.0,r.-111.1.0/r.-79.1.0,r.-111.1.0/r.-79.1.0,r.-111.1.0/r.-79.1.0,r.-79.1.0/r.-111.1.0,r.-79.1.0/r.-111.1.0,r.-79.1.0/r.-111.1.0,r.-111.1.0/r.-79.1.0,r.-79.1.0/r.-111.1.0,r.-111.1.0/r.-79.1.0,r.-111.1.0/r.-79.1.0,r.-79.1.0/r.-111.1.0,r.-111.1.0/r.-79.1.0,r.-79.1.0/r.-111.1.0,r.-111.1.0/r.-79.1.0,r.-79.1.0/r.-111.1.0,r.-79.1.0/r.-111.1.0,r.-79.1.0/r.-111.1.0,r.-111.1.0/r.-79.1.0,r.-111.1.0/r.-79.1.0,r.-79.1.0/r.-111.1.0,r.-111.1.0/r.-79.1.0,r.-79.1.0/r.-111.1.0,r.-111.1.0/r.-79.1.0,r.-79.1.0/r.-111.1.0,r.-79.1.0/r.-111.1.0,r.-111.1.0/r.-79.1.0,r.-79.1.0/r.-111.1.0,r.-79.1.0/r.-111.1.0,r.-79.1.0/r.-111.1.0,r.-111.1.0/r.-79.1.0,r.-111.1.0/r.-79.1.0,r.-79.1.0/r.-111.1.0,r.-111.1.0/r.-79.1.0,r.-79.1.0/r.-111.1.0,r.-111.1.0/r.-79.1.0,r.-79.1.0/r.-111.1.0,r.-111.1.0/r.-79.1.0,r.-79.1.0/r.-111.1.0,r.-111.1.0/r.-79.1.0,r.-111.1.0/r.-79.1.0,r.-111.1.0/r.-79.1.0,r.-79.1.0/r.-111.1.0,r.-111.1.0/r.-79.1.0,r.-111.1.0/r.-79.1.0,r.-79.1.0/r.-111.1.0,r.-111.1.0/r.-79.1.0,r.-111.1.0/r.-79.1.0,r.-111.1.0/r.-79.1.0,r.-79.1.0/r.-111.1.0,r.-79.1.0/r.-111.1.0,r.-111.1.0/r.-79.1.0,r.-79.1.0/r.-111.1.0,r.-111.1.0/r.-79.1.0,r.-79.1.0/r.-111.1.0,r.-111.1.0/r.-79.1.0,r.-111.1.0/r.-79.1.0,r.-79.1.0/r.-111.1.0,r.-111.1.0/r.-79.1.0,r.-111.1.0/r.-79.1.0,r.-111.1.0/r.-79.1.0,r.-111.1.0/r.-79.1.0,r.-79.1.0/r.-111.1.0,r.-79.1.0/r.-111.1.0,r.-79.1.0/r.-111.1.0,r.-111.1.0/r.-79.1.0,r.-111.1.0/r.-79.1.0,r.-79.1.0/r.-111.1.0,r.-79.1.0/r.-111.1.0,r.-111.1.0/r.-79.1.0,r.-111.1.0/r.-79.1.0,r.-79.1.0/r.-111.1.0,r.-111.1.0/r.-79.1.0,r.-111.1.0/r.-79.1.0,r.-111.1.0/r.-79.1.0,r.-79.1.0/r.-111.1.0,r.-111.1.0/r.-79.1.0,r.-111.1.0/r.-79.1.0,r.-111.1.0/r.-79.1.0,r.-111.1.0/r.-79.1.0,r.-79.1.0/r.-111.1.0,r.-111.1.0/r.-79.1.0,r.-111.1.0/r.-79.1.0,r.-111.1.0/r.-79.1.0,r.-79.1.0/r.-111.1.0,r.-111.1.0/r.-79.1.0,r.-79.1.0/r.-111.1.0,r.-111.1.0/r.-79.1.0,r.-111.1.0/r.-79.1.0,r.-79.1.0/r.-111.1.0,r.-111.1.0/r.-79.1.0,r.-111.1.0/r.-79.1.0,r.-111.1.0/r.-79.1.0,r.-111.1.0/r.-79.1.0,,,,,,,,,,,,,,,,,,,,,,,,,,,,,,,,,,,,,,,,,,,,,,,,,,,,,,,,,,,,,,,,,,,,,,,,,,,,,,,,,,,,,,,,,,,,,,,,,,,,,,,,,,,,,,,,,,,,,,,,,,,,,,,,
523,r.-111.1.0/r.-79.1.0,r.-111.1.0/r.-79.1.0,r.-79.1.0/r.-111.1.0,r.-111.1.0/r.-79.1.0,r.-111.1.0/r.-79.1.0,r.-79.1.0/r.-111.1.0,r.-79.1.0/r.-111.1.0,r.-111.1.0/r.-79.1.0,r.-111.1.0/r.-79.1.0,r.-79.1.0/r.-111.1.0,r.-79.1.0/r.-111.1.0,r.-79.1.0/r.-111.1.0,r.-111.1.0/r.-79.1.0,r.-79.1.0/r.-111.1.0,r.-79.1.0/r.-111.1.0,r.-111.1.0/r.-79.1.0,r.-79.1.0/r.-111.1.0,r.-111.1.0/r.-79.1.0,r.-111.1.0/r.-79.1.0,r.-111.1.0/r.-79.1.0,r.-79.1.0/r.-111.1.0,r.-79.1.0/r.-111.1.0,r.-111.1.0/r.-79.1.0,r.-79.1.0/r.-111.1.0,r.-79.1.0/r.-111.1.0,r.-79.1.0/r.-111.1.0,r.-111.1.0/r.-79.1.0,r.-111.1.0/r.-79.1.0,r.-111.1.0/r.-79.1.0,r.-79.1.0/r.-111.1.0,r.-111.1.0/r.-79.1.0,r.-79.1.0/r.-111.1.0,r.-79.1.0/r.-111.1.0,r.-111.1.0/r.-79.1.0,r.-111.1.0/r.-79.1.0,r.-111.1.0/r.-79.1.0,r.-111.1.0/r.-79.1.0,r.-111.1.0/r.-79.1.0,r.-79.1.0/r.-111.1.0,r.-111.1.0/r.-79.1.0,r.-79.1.0/r.-111.1.0,r.-111.1.0/r.-79.1.0,r.-111.1.0/r.-79.1.0,r.-79.1.0/r.-111.1.0,r.-111.1.0/r.-79.1.0,r.-79.1.0/r.-111.1.0,r.-79.1.0/r.-111.1.0,r.-111.1.0/r.-79.1.0,r.-111.1.0/r.-79.1.0,r.-111.1.0/r.-79.1.0,r.-79.1.0/r.-111.1.0,r.-111.1.0/r.-79.1.0,r.-79.1.0/r.-111.1.0,r.-79.1.0/r.-111.1.0,r.-111.1.0/r.-79.1.0,r.-111.1.0/r.-79.1.0,r.-111.1.0/r.-79.1.0,r.-79.1.0/r.-111.1.0,r.-79.1.0/r.-111.1.0,r.-111.1.0/r.-79.1.0,r.-111.1.0/r.-79.1.0,r.-111.1.0/r.-79.1.0,r.-79.1.0/r.-111.1.0,r.-111.1.0/r.-79.1.0,r.-111.1.0/r.-79.1.0,r.-111.1.0/r.-79.1.0,r.-111.1.0/r.-79.1.0,r.-111.1.0/r.-79.1.0,r.-79.1.0/r.-111.1.0,r.-79.1.0/r.-111.1.0,r.-111.1.0/r.-79.1.0,r.-111.1.0/r.-79.1.0,r.-79.1.0/r.-111.1.0,r.-111.1.0/r.-79.1.0,r.-111.1.0/r.-79.1.0,r.-79.1.0/r.-111.1.0,r.-111.1.0/r.-79.1.0,r.-111.1.0/r.-79.1.0,r.-79.1.0/r.-111.1.0,r.-111.1.0/r.-79.1.0,r.-111.1.0/r.-79.1.0,r.-79.1.0/r.-111.1.0,r.-111.1.0/r.-79.1.0,r.-79.1.0/r.-111.1.0,r.-111.1.0/r.-79.1.0,r.-79.1.0/r.-111.1.0,r.-111.1.0/r.-79.1.0,r.-111.1.0/r.-79.1.0,r.-79.1.0/r.-111.1.0,r.-111.1.0/r.-79.1.0,r.-79.1.0/r.-111.1.0,r.-111.1.0/r.-79.1.0,r.-79.1.0/r.-111.1.0,r.-111.1.0/r.-79.1.0,,,,,,,,,,,,,,,,,,,,,,,,,,,,,,,,,,,,,,,,,,,,,,,,,,,,,,,,,,,,,,,,,,,,,,,,,,,,,,,,,,,,,,,,,,,,,,,,,,,,,,,,,,,,,,,,,,,,,,,,,,,,,,,,
524,r.-79.1.0/r.-111.1.0,r.-79.1.0/r.-111.1.0,r.-79.1.0/r.-111.1.0,r.-111.1.0/r.-79.1.0,r.-79.1.0/r.-111.1.0,r.-79.1.0/r.-111.1.0,r.-111.1.0/r.-79.1.0,r.-111.1.0/r.-79.1.0,r.-79.1.0/r.-111.1.0,r.-111.1.0/r.-79.1.0,r.-79.1.0/r.-111.1.0,r.-111.1.0/r.-79.1.0,r.-111.1.0/r.-79.1.0,r.-79.1.0/r.-111.1.0,r.-79.1.0/r.-111.1.0,r.-111.1.0/r.-79.1.0,r.-79.1.0/r.-111.1.0,r.-111.1.0/r.-79.1.0,r.-111.1.0/r.-79.1.0,r.-79.1.0/r.-111.1.0,r.-79.1.0/r.-111.1.0,r.-79.1.0/r.-111.1.0,r.-79.1.0/r.-111.1.0,r.-79.1.0/r.-111.1.0,r.-111.1.0/r.-79.1.0,r.-79.1.0/r.-111.1.0,r.-111.1.0/r.-79.1.0,r.-79.1.0/r.-111.1.0,r.-79.1.0/r.-111.1.0,r.-111.1.0/r.-79.1.0,r.-79.1.0/r.-111.1.0,r.-111.1.0/r.-79.1.0,r.-79.1.0/r.-111.1.0,r.-111.1.0/r.-79.1.0,r.-111.1.0/r.-79.1.0,r.-111.1.0/r.-79.1.0,r.-79.1.0/r.-111.1.0,r.-79.1.0/r.-111.1.0,r.-111.1.0/r.-79.1.0,r.-111.1.0/r.-79.1.0,r.-111.1.0/r.-79.1.0,r.-79.1.0/r.-111.1.0,r.-79.1.0/r.-111.1.0,r.-79.1.0/r.-111.1.0,r.-79.1.0/r.-111.1.0,r.-111.1.0/r.-79.1.0,r.-111.1.0/r.-79.1.0,r.-111.1.0/r.-79.1.0,r.-79.1.0/r.-111.1.0,r.-111.1.0/r.-79.1.0,r.-111.1.0/r.-79.1.0,r.-111.1.0/r.-79.1.0,r.-79.1.0/r.-111.1.0,r.-79.1.0/r.-111.1.0,r.-79.1.0/r.-111.1.0,r.-111.1.0/r.-79.1.0,r.-79.1.0/r.-111.1.0,r.-79.1.0/r.-111.1.0,r.-111.1.0/r.-79.1.0,r.-111.1.0/r.-79.1.0,r.-111.1.0/r.-79.1.0,r.-111.1.0/r.-79.1.0,r.-79.1.0/r.-111.1.0,r.-111.1.0/r.-79.1.0,r.-79.1.0/r.-111.1.0,r.-111.1.0/r.-79.1.0,r.-111.1.0/r.-79.1.0,r.-111.1.0/r.-79.1.0,r.-79.1.0/r.-111.1.0,r.-79.1.0/r.-111.1.0,r.-79.1.0/r.-111.1.0,r.-79.1.0/r.-111.1.0,r.-111.1.0/r.-79.1.0,r.-79.1.0/r.-111.1.0,r.-79.1.0/r.-111.1.0,r.-79.1.0/r.-111.1.0,r.-79.1.0/r.-111.1.0,r.-111.1.0/r.-79.1.0,r.-111.1.0/r.-79.1.0,r.-79.1.0/r.-111.1.0,r.-111.1.0/r.-79.1.0,r.-111.1.0/r.-79.1.0,r.-79.1.0/r.-111.1.0,r.-111.1.0/r.-79.1.0,r.-79.1.0/r.-111.1.0,r.-79.1.0/r.-111.1.0,r.-111.1.0/r.-79.1.0,r.-79.1.0/r.-111.1.0,r.-79.1.0/r.-111.1.0,r.-79.1.0/r.-111.1.0,r.-111.1.0/r.-79.1.0,r.-79.1.0/r.-111.1.0,r.-111.1.0/r.-79.1.0,r.-111.1.0/r.-79.1.0,,,,,,,,,,,,,,,,,,,,,,,,,,,,,,,,,,,,,,,,,,,,,,,,,,,,,,,,,,,,,,,,,,,,,,,,,,,,,,,,,,,,,,,,,,,,,,,,,,,,,,,,,,,,,,,,,,,,,,,,,,,,,,,,
525,r.-111.1.0,r.-111.1.0,r.-111.1.0,r.-111.1.0,r.-111.1.0,r.-111.1.0,r.-111.1.0,r.-111.1.0,r.-111.1.0,r.-111.1.0,r.-111.1.0,r.-111.1.0,r.-111.1.0,r.-111.1.0,r.-111.1.0,r.-111.1.0,r.-111.1.0,r.-111.1.0,r.-111.1.0,r.-111.1.0,r.-111.1.0,r.-111.1.0,r.-111.1.0,r.-111.1.0,r.-111.1.0,r.-111.1.0,r.-111.1.0,r.-111.1.0,r.-111.1.0,r.-111.1.0,r.-111.1.0,r.-111.1.0,r.-111.1.0,r.-111.1.0,r.-111.1.0,r.-111.1.0,r.-111.1.0,r.-111.1.0,r.-111.1.0,r.-111.1.0,r.-111.1.0,r.-111.1.0,r.-111.1.0,r.-111.1.0,r.-111.1.0,r.-111.1.0,r.-111.1.0,r.-111.1.0,r.-111.1.0,r.-111.1.0,r.-111.1.0,r.-111.1.0,r.-111.1.0,r.-111.1.0,r.-111.1.0,r.-111.1.0,r.-111.1.0,r.-111.1.0,r.-111.1.0,r.-111.1.0,r.-111.1.0,r.-111.1.0,r.-111.1.0,r.-111.1.0,r.-111.1.0,r.-111.1.0,r.-111.1.0,r.-111.1.0,r.-111.1.0,r.-111.1.0,r.-111.1.0,r.-111.1.0,r.-111.1.0,r.-111.1.0,r.-111.1.0,r.-111.1.0,r.-111.1.0,r.-111.1.0,r.-111.1.0,r.-111.1.0,r.-111.1.0,r.-111.1.0,r.-111.1.0,r.-111.1.0,r.-111.1.0,r.-111.1.0,r.-111.1.0,r.-111.1.0,r.-111.1.0,r.-111.1.0,r.-111.1.0,r.-111.1.0,r.-111.1.0,r.-111.1.0,,,,,,,,,,,,,,,,,,,,,,,,,,,,,,,,,,,,,,,,,,,,,,,,,,,,,,,,,,,,,,,,,,,,,,,,,,,,,,,,,,,,,,,,,,,,,,,,,,,,,,,,,,,,,,,,,,,,,,,,,,,,,,,,
526,r.-111.1.0,r.-111.1.0,r.-111.1.0,r.-111.1.0,r.-111.1.0,r.-111.1.0,r.-111.1.0,r.-111.1.0,r.-111.1.0,r.-111.1.0,r.-111.1.0,r.-111.1.0,r.-111.1.0,r.-111.1.0,r.-111.1.0,r.-111.1.0,r.-111.1.0,r.-111.1.0,r.-111.1.0,r.-111.1.0,r.-111.1.0,r.-111.1.0,r.-111.1.0,r.-111.1.0,r.-111.1.0,r.-111.1.0,r.-111.1.0,r.-111.1.0,r.-111.1.0,r.-111.1.0,r.-111.1.0,r.-111.1.0,r.-111.1.0,r.-111.1.0,r.-111.1.0,r.-111.1.0,r.-111.1.0,r.-111.1.0,r.-111.1.0,r.-111.1.0,r.-111.1.0,r.-111.1.0,r.-111.1.0,r.-111.1.0,r.-111.1.0,r.-111.1.0,r.-111.1.0,r.-111.1.0,r.-111.1.0,r.-111.1.0,r.-111.1.0,r.-111.1.0,r.-111.1.0,r.-111.1.0,r.-111.1.0,r.-111.1.0,r.-111.1.0,r.-111.1.0,r.-111.1.0,r.-111.1.0,r.-111.1.0,r.-111.1.0,r.-111.1.0,r.-111.1.0,r.-111.1.0,r.-111.1.0,r.-111.1.0,r.-111.1.0,r.-111.1.0,r.-111.1.0,r.-111.1.0,r.-111.1.0,r.-111.1.0,r.-111.1.0,r.-111.1.0,r.-111.1.0,r.-111.1.0,r.-111.1.0,r.-111.1.0,r.-111.1.0,r.-111.1.0,r.-111.1.0,r.-111.1.0,r.-111.1.0,r.-111.1.0,r.-111.1.0,r.-111.1.0,r.-111.1.0,r.-111.1.0,r.-111.1.0,r.-111.1.0,r.-111.1.0,r.-111.1.0,r.-111.1.0,,,,,,,,,,,,,,,,,,,,,,,,,,,,,,,,,,,,,,,,,,,,,,,,,,,,,,,,,,,,,,,,,,,,,,,,,,,,,,,,,,,,,,,,,,,,,,,,,,,,,,,,,,,,,,,,,,,,,,,,,,,,,,,,
527,r.-79.1.0/r.-111.1.0,r.-79.1.0/r.-111.1.0,r.-79.1.0/r.-111.1.0,r.-79.1.0/r.-111.1.0,r.-79.1.0/r.-111.1.0,r.-111.1.0/r.-79.1.0,r.-111.1.0/r.-79.1.0,r.-79.1.0/r.-111.1.0,r.-79.1.0/r.-111.1.0,r.-79.1.0/r.-111.1.0,r.-79.1.0/r.-111.1.0,r.-79.1.0/r.-111.1.0,r.-111.1.0/r.-79.1.0,r.-111.1.0/r.-79.1.0,r.-79.1.0/r.-111.1.0,r.-79.1.0/r.-111.1.0,r.-111.1.0/r.-79.1.0,r.-111.1.0/r.-79.1.0,r.-79.1.0/r.-111.1.0,r.-111.1.0/r.-79.1.0,r.-111.1.0/r.-79.1.0,r.-111.1.0/r.-79.1.0,r.-111.1.0/r.-79.1.0,r.-79.1.0/r.-111.1.0,r.-111.1.0/r.-79.1.0,r.-111.1.0/r.-79.1.0,r.-79.1.0/r.-111.1.0,r.-79.1.0/r.-111.1.0,r.-79.1.0/r.-111.1.0,r.-111.1.0/r.-79.1.0,r.-79.1.0/r.-111.1.0,r.-79.1.0/r.-111.1.0,r.-79.1.0/r.-111.1.0,r.-79.1.0/r.-111.1.0,r.-79.1.0/r.-111.1.0,r.-79.1.0/r.-111.1.0,r.-111.1.0/r.-79.1.0,r.-79.1.0/r.-111.1.0,r.-79.1.0/r.-111.1.0,r.-79.1.0/r.-111.1.0,r.-111.1.0/r.-79.1.0,r.-111.1.0/r.-79.1.0,r.-79.1.0/r.-111.1.0,r.-111.1.0/r.-79.1.0,r.-111.1.0/r.-79.1.0,r.-79.1.0/r.-111.1.0,r.-111.1.0/r.-79.1.0,r.-111.1.0/r.-79.1.0,r.-79.1.0/r.-111.1.0,r.-79.1.0/r.-111.1.0,r.-79.1.0/r.-111.1.0,r.-111.1.0/r.-79.1.0,r.-79.1.0/r.-111.1.0,r.-79.1.0/r.-111.1.0,r.-111.1.0/r.-79.1.0,r.-79.1.0/r.-111.1.0,r.-111.1.0/r.-79.1.0,r.-79.1.0/r.-111.1.0,r.-111.1.0/r.-79.1.0,r.-111.1.0/r.-79.1.0,r.-111.1.0/r.-79.1.0,r.-111.1.0/r.-79.1.0,r.-79.1.0/r.-111.1.0,r.-79.1.0/r.-111.1.0,r.-111.1.0/r.-79.1.0,r.-79.1.0/r.-111.1.0,r.-79.1.0/r.-111.1.0,r.-111.1.0/r.-79.1.0,r.-79.1.0/r.-111.1.0,r.-111.1.0/r.-79.1.0,r.-79.1.0/r.-111.1.0,r.-79.1.0/r.-111.1.0,r.-111.1.0/r.-79.1.0,r.-111.1.0/r.-79.1.0,r.-111.1.0/r.-79.1.0,r.-79.1.0/r.-111.1.0,r.-79.1.0/r.-111.1.0,r.-79.1.0/r.-111.1.0,r.-111.1.0/r.-79.1.0,r.-79.1.0/r.-111.1.0,r.-79.1.0/r.-111.1.0,r.-79.1.0/r.-111.1.0,r.-111.1.0/r.-79.1.0,r.-79.1.0/r.-111.1.0,r.-111.1.0/r.-79.1.0,r.-79.1.0/r.-111.1.0,r.-111.1.0/r.-79.1.0,r.-111.1.0/r.-79.1.0,r.-79.1.0/r.-111.1.0,r.-111.1.0/r.-79.1.0,r.-79.1.0/r.-111.1.0,r.-79.1.0/r.-111.1.0,r.-111.1.0/r.-79.1.0,r.-79.1.0/r.-111.1.0,,,,,,,,,,,,,,,,,,,,,,,,,,,,,,,,,,,,,,,,,,,,,,,,,,,,,,,,,,,,,,,,,,,,,,,,,,,,,,,,,,,,,,,,,,,,,,,,,,,,,,,,,,,,,,,,,,,,,,,,,,,,,,,,
528,r.-111.1.0/r.-79.1.0,r.-111.1.0/r.-79.1.0,r.-111.1.0/r.-79.1.0,r.-111.1.0/r.-79.1.0,r.-79.1.0/r.-111.1.0,r.-79.1.0/r.-111.1.0,r.-79.1.0/r.-111.1.0,r.-79.1.0/r.-111.1.0,r.-79.1.0/r.-111.1.0,r.-111.1.0/r.-79.1.0,r.-79.1.0/r.-111.1.0,r.-79.1.0/r.-111.1.0,r.-111.1.0/r.-79.1.0,r.-111.1.0/r.-79.1.0,r.-111.1.0/r.-79.1.0,r.-111.1.0/r.-79.1.0,r.-111.1.0/r.-79.1.0,r.-111.1.0/r.-79.1.0,r.-79.1.0/r.-111.1.0,r.-111.1.0/r.-79.1.0,r.-79.1.0/r.-111.1.0,r.-79.1.0/r.-111.1.0,r.-111.1.0/r.-79.1.0,r.-79.1.0/r.-111.1.0,r.-79.1.0/r.-111.1.0,r.-111.1.0/r.-79.1.0,r.-111.1.0/r.-79.1.0,r.-111.1.0/r.-79.1.0,r.-79.1.0/r.-111.1.0,r.-79.1.0/r.-111.1.0,r.-79.1.0/r.-111.1.0,r.-111.1.0/r.-79.1.0,r.-79.1.0/r.-111.1.0,r.-79.1.0/r.-111.1.0,r.-111.1.0/r.-79.1.0,r.-79.1.0/r.-111.1.0,r.-79.1.0/r.-111.1.0,r.-111.1.0/r.-79.1.0,r.-79.1.0/r.-111.1.0,r.-79.1.0/r.-111.1.0,r.-79.1.0/r.-111.1.0,r.-111.1.0/r.-79.1.0,r.-79.1.0/r.-111.1.0,r.-111.1.0/r.-79.1.0,r.-79.1.0/r.-111.1.0,r.-111.1.0/r.-79.1.0,r.-79.1.0/r.-111.1.0,r.-79.1.0/r.-111.1.0,r.-111.1.0/r.-79.1.0,r.-111.1.0/r.-79.1.0,r.-111.1.0/r.-79.1.0,r.-79.1.0/r.-111.1.0,r.-111.1.0/r.-79.1.0,r.-79.1.0/r.-111.1.0,r.-111.1.0/r.-79.1.0,r.-79.1.0/r.-111.1.0,r.-111.1.0/r.-79.1.0,r.-111.1.0/r.-79.1.0,r.-111.1.0/r.-79.1.0,r.-79.1.0/r.-111.1.0,r.-79.1.0/r.-111.1.0,r.-79.1.0/r.-111.1.0,r.-79.1.0/r.-111.1.0,r.-111.1.0/r.-79.1.0,r.-111.1.0/r.-79.1.0,r.-111.1.0/r.-79.1.0,r.-111.1.0/r.-79.1.0,r.-111.1.0/r.-79.1.0,r.-111.1.0/r.-79.1.0,r.-111.1.0/r.-79.1.0,r.-79.1.0/r.-111.1.0,r.-111.1.0/r.-79.1.0,r.-79.1.0/r.-111.1.0,r.-111.1.0/r.-79.1.0,r.-111.1.0/r.-79.1.0,r.-79.1.0/r.-111.1.0,r.-79.1.0/r.-111.1.0,r.-111.1.0/r.-79.1.0,r.-79.1.0/r.-111.1.0,r.-79.1.0/r.-111.1.0,r.-79.1.0/r.-111.1.0,r.-79.1.0/r.-111.1.0,r.-79.1.0/r.-111.1.0,r.-111.1.0/r.-79.1.0,r.-79.1.0/r.-111.1.0,r.-111.1.0/r.-79.1.0,r.-79.1.0/r.-111.1.0,r.-79.1.0/r.-111.1.0,r.-79.1.0/r.-111.1.0,r.-79.1.0/r.-111.1.0,r.-79.1.0/r.-111.1.0,r.-79.1.0/r.-111.1.0,r.-111.1.0/r.-79.1.0,r.-79.1.0/r.-111.1.0,,,,,,,,,,,,,,,,,,,,,,,,,,,,,,,,,,,,,,,,,,,,,,,,,,,,,,,,,,,,,,,,,,,,,,,,,,,,,,,,,,,,,,,,,,,,,,,,,,,,,,,,,,,,,,,,,,,,,,,,,,,,,,,,
529,r.-79.1.0/r.-111.1.0,r.-111.1.0/r.-79.1.0,r.-79.1.0/r.-111.1.0,r.-79.1.0/r.-111.1.0,r.-111.1.0/r.-79.1.0,r.-111.1.0/r.-79.1.0,r.-79.1.0/r.-111.1.0,r.-79.1.0/r.-111.1.0,r.-111.1.0/r.-79.1.0,r.-111.1.0/r.-79.1.0,r.-111.1.0/r.-79.1.0,r.-111.1.0/r.-79.1.0,r.-111.1.0/r.-79.1.0,r.-79.1.0/r.-111.1.0,r.-79.1.0/r.-111.1.0,r.-111.1.0/r.-79.1.0,r.-79.1.0/r.-111.1.0,r.-79.1.0/r.-111.1.0,r.-111.1.0/r.-79.1.0,r.-111.1.0/r.-79.1.0,r.-111.1.0/r.-79.1.0,r.-79.1.0/r.-111.1.0,r.-79.1.0/r.-111.1.0,r.-79.1.0/r.-111.1.0,r.-79.1.0/r.-111.1.0,r.-111.1.0/r.-79.1.0,r.-111.1.0/r.-79.1.0,r.-111.1.0/r.-79.1.0,r.-79.1.0/r.-111.1.0,r.-111.1.0/r.-79.1.0,r.-79.1.0/r.-111.1.0,r.-111.1.0/r.-79.1.0,r.-79.1.0/r.-111.1.0,r.-111.1.0/r.-79.1.0,r.-79.1.0/r.-111.1.0,r.-111.1.0/r.-79.1.0,r.-79.1.0/r.-111.1.0,r.-79.1.0/r.-111.1.0,r.-111.1.0/r.-79.1.0,r.-79.1.0/r.-111.1.0,r.-111.1.0/r.-79.1.0,r.-111.1.0/r.-79.1.0,r.-111.1.0/r.-79.1.0,r.-111.1.0/r.-79.1.0,r.-79.1.0/r.-111.1.0,r.-111.1.0/r.-79.1.0,r.-111.1.0/r.-79.1.0,r.-79.1.0/r.-111.1.0,r.-111.1.0/r.-79.1.0,r.-79.1.0/r.-111.1.0,r.-79.1.0/r.-111.1.0,r.-79.1.0/r.-111.1.0,r.-79.1.0/r.-111.1.0,r.-111.1.0/r.-79.1.0,r.-79.1.0/r.-111.1.0,r.-79.1.0/r.-111.1.0,r.-111.1.0/r.-79.1.0,r.-111.1.0/r.-79.1.0,r.-111.1.0/r.-79.1.0,r.-79.1.0/r.-111.1.0,r.-111.1.0/r.-79.1.0,r.-79.1.0/r.-111.1.0,r.-111.1.0/r.-79.1.0,r.-79.1.0/r.-111.1.0,r.-79.1.0/r.-111.1.0,r.-79.1.0/r.-111.1.0,r.-79.1.0/r.-111.1.0,r.-111.1.0/r.-79.1.0,r.-111.1.0/r.-79.1.0,r.-79.1.0/r.-111.1.0,r.-111.1.0/r.-79.1.0,r.-79.1.0/r.-111.1.0,r.-111.1.0/r.-79.1.0,r.-79.1.0/r.-111.1.0,r.-79.1.0/r.-111.1.0,r.-111.1.0/r.-79.1.0,r.-111.1.0/r.-79.1.0,r.-111.1.0/r.-79.1.0,r.-111.1.0/r.-79.1.0,r.-79.1.0/r.-111.1.0,r.-111.1.0/r.-79.1.0,r.-79.1.0/r.-111.1.0,r.-111.1.0/r.-79.1.0,r.-111.1.0/r.-79.1.0,r.-111.1.0/r.-79.1.0,r.-79.1.0/r.-111.1.0,r.-111.1.0/r.-79.1.0,r.-111.1.0/r.-79.1.0,r.-111.1.0/r.-79.1.0,r.-79.1.0/r.-111.1.0,r.-111.1.0/r.-79.1.0,r.-111.1.0/r.-79.1.0,r.-79.1.0/r.-111.1.0,r.-79.1.0/r.-111.1.0,,,,,,,,,,,,,,,,,,,,,,,,,,,,,,,,,,,,,,,,,,,,,,,,,,,,,,,,,,,,,,,,,,,,,,,,,,,,,,,,,,,,,,,,,,,,,,,,,,,,,,,,,,,,,,,,,,,,,,,,,,,,,,,,
530,r.-111.1.0/r.-79.1.0,r.-111.1.0/r.-79.1.0,r.-111.1.0/r.-79.1.0,r.-111.1.0/r.-79.1.0,r.-111.1.0/r.-79.1.0,r.-111.1.0/r.-79.1.0,r.-111.1.0/r.-79.1.0,r.-111.1.0/r.-79.1.0,r.-79.1.0/r.-111.1.0,r.-111.1.0/r.-79.1.0,r.-79.1.0/r.-111.1.0,r.-111.1.0/r.-79.1.0,r.-79.1.0/r.-111.1.0,r.-111.1.0/r.-79.1.0,r.-111.1.0/r.-79.1.0,r.-111.1.0/r.-79.1.0,r.-111.1.0/r.-79.1.0,r.-111.1.0/r.-79.1.0,r.-79.1.0/r.-111.1.0,r.-79.1.0/r.-111.1.0,r.-111.1.0/r.-79.1.0,r.-111.1.0/r.-79.1.0,r.-111.1.0/r.-79.1.0,r.-79.1.0/r.-111.1.0,r.-79.1.0/r.-111.1.0,r.-79.1.0/r.-111.1.0,r.-111.1.0/r.-79.1.0,r.-111.1.0/r.-79.1.0,r.-79.1.0/r.-111.1.0,r.-111.1.0/r.-79.1.0,r.-111.1.0/r.-79.1.0,r.-111.1.0/r.-79.1.0,r.-111.1.0/r.-79.1.0,r.-111.1.0/r.-79.1.0,r.-79.1.0/r.-111.1.0,r.-111.1.0/r.-79.1.0,r.-79.1.0/r.-111.1.0,r.-79.1.0/r.-111.1.0,r.-111.1.0/r.-79.1.0,r.-79.1.0/r.-111.1.0,r.-79.1.0/r.-111.1.0,r.-111.1.0/r.-79.1.0,r.-79.1.0/r.-111.1.0,r.-79.1.0/r.-111.1.0,r.-111.1.0/r.-79.1.0,r.-79.1.0/r.-111.1.0,r.-111.1.0/r.-79.1.0,r.-79.1.0/r.-111.1.0,r.-79.1.0/r.-111.1.0,r.-111.1.0/r.-79.1.0,r.-79.1.0/r.-111.1.0,r.-79.1.0/r.-111.1.0,r.-79.1.0/r.-111.1.0,r.-111.1.0/r.-79.1.0,r.-79.1.0/r.-111.1.0,r.-79.1.0/r.-111.1.0,r.-79.1.0/r.-111.1.0,r.-79.1.0/r.-111.1.0,r.-79.1.0/r.-111.1.0,r.-79.1.0/r.-111.1.0,r.-79.1.0/r.-111.1.0,r.-79.1.0/r.-111.1.0,r.-111.1.0/r.-79.1.0,r.-79.1.0/r.-111.1.0,r.-111.1.0/r.-79.1.0,r.-111.1.0/r.-79.1.0,r.-79.1.0/r.-111.1.0,r.-111.1.0/r.-79.1.0,r.-111.1.0/r.-79.1.0,r.-111.1.0/r.-79.1.0,r.-111.1.0/r.-79.1.0,r.-111.1.0/r.-79.1.0,r.-79.1.0/r.-111.1.0,r.-79.1.0/r.-111.1.0,r.-111.1.0/r.-79.1.0,r.-111.1.0/r.-79.1.0,r.-111.1.0/r.-79.1.0,r.-79.1.0/r.-111.1.0,r.-79.1.0/r.-111.1.0,r.-79.1.0/r.-111.1.0,r.-79.1.0/r.-111.1.0,r.-79.1.0/r.-111.1.0,r.-111.1.0/r.-79.1.0,r.-79.1.0/r.-111.1.0,r.-79.1.0/r.-111.1.0,r.-79.1.0/r.-111.1.0,r.-111.1.0/r.-79.1.0,r.-111.1.0/r.-79.1.0,r.-79.1.0/r.-111.1.0,r.-79.1.0/r.-111.1.0,r.-111.1.0/r.-79.1.0,r.-111.1.0/r.-79.1.0,r.-79.1.0/r.-111.1.0,r.-111.1.0/r.-79.1.0,,,,,,,,,,,,,,,,,,,,,,,,,,,,,,,,,,,,,,,,,,,,,,,,,,,,,,,,,,,,,,,,,,,,,,,,,,,,,,,,,,,,,,,,,,,,,,,,,,,,,,,,,,,,,,,,,,,,,,,,,,,,,,,,
531,r.-111.1.0/r.-79.1.0,r.-111.1.0/r.-79.1.0,r.-111.1.0/r.-79.1.0,r.-79.1.0/r.-111.1.0,r.-111.1.0/r.-79.1.0,r.-111.1.0/r.-79.1.0,r.-111.1.0/r.-79.1.0,r.-79.1.0/r.-111.1.0,r.-79.1.0/r.-111.1.0,r.-79.1.0/r.-111.1.0,r.-79.1.0/r.-111.1.0,r.-111.1.0/r.-79.1.0,r.-79.1.0/r.-111.1.0,r.-111.1.0/r.-79.1.0,r.-111.1.0/r.-79.1.0,r.-111.1.0/r.-79.1.0,r.-111.1.0/r.-79.1.0,r.-79.1.0/r.-111.1.0,r.-111.1.0/r.-79.1.0,r.-111.1.0/r.-79.1.0,r.-79.1.0/r.-111.1.0,r.-111.1.0/r.-79.1.0,r.-111.1.0/r.-79.1.0,r.-79.1.0/r.-111.1.0,r.-79.1.0/r.-111.1.0,r.-111.1.0/r.-79.1.0,r.-79.1.0/r.-111.1.0,r.-79.1.0/r.-111.1.0,r.-79.1.0/r.-111.1.0,r.-111.1.0/r.-79.1.0,r.-79.1.0/r.-111.1.0,r.-111.1.0/r.-79.1.0,r.-111.1.0/r.-79.1.0,r.-79.1.0/r.-111.1.0,r.-79.1.0/r.-111.1.0,r.-111.1.0/r.-79.1.0,r.-79.1.0/r.-111.1.0,r.-111.1.0/r.-79.1.0,r.-111.1.0/r.-79.1.0,r.-79.1.0/r.-111.1.0,r.-111.1.0/r.-79.1.0,r.-79.1.0/r.-111.1.0,r.-111.1.0/r.-79.1.0,r.-79.1.0/r.-111.1.0,r.-79.1.0/r.-111.1.0,r.-111.1.0/r.-79.1.0,r.-79.1.0/r.-111.1.0,r.-79.1.0/r.-111.1.0,r.-111.1.0/r.-79.1.0,r.-111.1.0/r.-79.1.0,r.-111.1.0/r.-79.1.0,r.-111.1.0/r.-79.1.0,r.-79.1.0/r.-111.1.0,r.-79.1.0/r.-111.1.0,r.-111.1.0/r.-79.1.0,r.-111.1.0/r.-79.1.0,r.-111.1.0/r.-79.1.0,r.-79.1.0/r.-111.1.0,r.-79.1.0/r.-111.1.0,r.-111.1.0/r.-79.1.0,r.-111.1.0/r.-79.1.0,r.-111.1.0/r.-79.1.0,r.-79.1.0/r.-111.1.0,r.-79.1.0/r.-111.1.0,r.-79.1.0/r.-111.1.0,r.-79.1.0/r.-111.1.0,r.-111.1.0/r.-79.1.0,r.-111.1.0/r.-79.1.0,r.-111.1.0/r.-79.1.0,r.-79.1.0/r.-111.1.0,r.-79.1.0/r.-111.1.0,r.-111.1.0/r.-79.1.0,r.-79.1.0/r.-111.1.0,r.-79.1.0/r.-111.1.0,r.-79.1.0/r.-111.1.0,r.-111.1.0/r.-79.1.0,r.-111.1.0/r.-79.1.0,r.-111.1.0/r.-79.1.0,r.-79.1.0/r.-111.1.0,r.-111.1.0/r.-79.1.0,r.-79.1.0/r.-111.1.0,r.-79.1.0/r.-111.1.0,r.-79.1.0/r.-111.1.0,r.-111.1.0/r.-79.1.0,r.-79.1.0/r.-111.1.0,r.-79.1.0/r.-111.1.0,r.-79.1.0/r.-111.1.0,r.-79.1.0/r.-111.1.0,r.-79.1.0/r.-111.1.0,r.-111.1.0/r.-79.1.0,r.-111.1.0/r.-79.1.0,r.-111.1.0/r.-79.1.0,r.-79.1.0/r.-111.1.0,r.-111.1.0/r.-79.1.0,,,,,,,,,,,,,,,,,,,,,,,,,,,,,,,,,,,,,,,,,,,,,,,,,,,,,,,,,,,,,,,,,,,,,,,,,,,,,,,,,,,,,,,,,,,,,,,,,,,,,,,,,,,,,,,,,,,,,,,,,,,,,,,,
532,r.-111.1.0/r.-79.1.0,r.-79.1.0/r.-111.1.0,r.-79.1.0/r.-111.1.0,r.-111.1.0/r.-79.1.0,r.-111.1.0/r.-79.1.0,r.-111.1.0/r.-79.1.0,r.-79.1.0/r.-111.1.0,r.-79.1.0/r.-111.1.0,r.-79.1.0/r.-111.1.0,r.-111.1.0/r.-79.1.0,r.-111.1.0/r.-79.1.0,r.-79.1.0/r.-111.1.0,r.-111.1.0/r.-79.1.0,r.-79.1.0/r.-111.1.0,r.-79.1.0/r.-111.1.0,r.-111.1.0/r.-79.1.0,r.-79.1.0/r.-111.1.0,r.-79.1.0/r.-111.1.0,r.-111.1.0/r.-79.1.0,r.-111.1.0/r.-79.1.0,r.-111.1.0/r.-79.1.0,r.-111.1.0/r.-79.1.0,r.-111.1.0/r.-79.1.0,r.-79.1.0/r.-111.1.0,r.-111.1.0/r.-79.1.0,r.-111.1.0/r.-79.1.0,r.-79.1.0/r.-111.1.0,r.-79.1.0/r.-111.1.0,r.-79.1.0/r.-111.1.0,r.-79.1.0/r.-111.1.0,r.-111.1.0/r.-79.1.0,r.-79.1.0/r.-111.1.0,r.-111.1.0/r.-79.1.0,r.-79.1.0/r.-111.1.0,r.-111.1.0/r.-79.1.0,r.-111.1.0/r.-79.1.0,r.-79.1.0/r.-111.1.0,r.-79.1.0/r.-111.1.0,r.-111.1.0/r.-79.1.0,r.-111.1.0/r.-79.1.0,r.-79.1.0/r.-111.1.0,r.-79.1.0/r.-111.1.0,r.-111.1.0/r.-79.1.0,r.-79.1.0/r.-111.1.0,r.-111.1.0/r.-79.1.0,r.-79.1.0/r.-111.1.0,r.-79.1.0/r.-111.1.0,r.-79.1.0/r.-111.1.0,r.-111.1.0/r.-79.1.0,r.-79.1.0/r.-111.1.0,r.-79.1.0/r.-111.1.0,r.-79.1.0/r.-111.1.0,r.-79.1.0/r.-111.1.0,r.-111.1.0/r.-79.1.0,r.-79.1.0/r.-111.1.0,r.-79.1.0/r.-111.1.0,r.-79.1.0/r.-111.1.0,r.-111.1.0/r.-79.1.0,r.-79.1.0/r.-111.1.0,r.-79.1.0/r.-111.1.0,r.-79.1.0/r.-111.1.0,r.-111.1.0/r.-79.1.0,r.-79.1.0/r.-111.1.0,r.-111.1.0/r.-79.1.0,r.-111.1.0/r.-79.1.0,r.-79.1.0/r.-111.1.0,r.-79.1.0/r.-111.1.0,r.-79.1.0/r.-111.1.0,r.-79.1.0/r.-111.1.0,r.-111.1.0/r.-79.1.0,r.-79.1.0/r.-111.1.0,r.-111.1.0/r.-79.1.0,r.-79.1.0/r.-111.1.0,r.-79.1.0/r.-111.1.0,r.-111.1.0/r.-79.1.0,r.-111.1.0/r.-79.1.0,r.-111.1.0/r.-79.1.0,r.-79.1.0/r.-111.1.0,r.-79.1.0/r.-111.1.0,r.-111.1.0/r.-79.1.0,r.-111.1.0/r.-79.1.0,r.-79.1.0/r.-111.1.0,r.-111.1.0/r.-79.1.0,r.-111.1.0/r.-79.1.0,r.-79.1.0/r.-111.1.0,r.-79.1.0/r.-111.1.0,r.-79.1.0/r.-111.1.0,r.-79.1.0/r.-111.1.0,r.-111.1.0/r.-79.1.0,r.-79.1.0/r.-111.1.0,r.-111.1.0/r.-79.1.0,r.-111.1.0/r.-79.1.0,r.-111.1.0/r.-79.1.0,r.-79.1.0/r.-111.1.0,,,,,,,,,,,,,,,,,,,,,,,,,,,,,,,,,,,,,,,,,,,,,,,,,,,,,,,,,,,,,,,,,,,,,,,,,,,,,,,,,,,,,,,,,,,,,,,,,,,,,,,,,,,,,,,,,,,,,,,,,,,,,,,,
533,r.-79.1.0/r.-111.1.0,r.-79.1.0/r.-111.1.0,r.-79.1.0/r.-111.1.0,r.-79.1.0/r.-111.1.0,r.-79.1.0/r.-111.1.0,r.-79.1.0/r.-111.1.0,r.-111.1.0/r.-79.1.0,r.-111.1.0/r.-79.1.0,r.-111.1.0/r.-79.1.0,r.-79.1.0/r.-111.1.0,r.-111.1.0/r.-79.1.0,r.-79.1.0/r.-111.1.0,r.-111.1.0/r.-79.1.0,r.-79.1.0/r.-111.1.0,r.-79.1.0/r.-111.1.0,r.-79.1.0/r.-111.1.0,r.-111.1.0/r.-79.1.0,r.-111.1.0/r.-79.1.0,r.-79.1.0/r.-111.1.0,r.-79.1.0/r.-111.1.0,r.-111.1.0/r.-79.1.0,r.-111.1.0/r.-79.1.0,r.-111.1.0/r.-79.1.0,r.-79.1.0/r.-111.1.0,r.-111.1.0/r.-79.1.0,r.-111.1.0/r.-79.1.0,r.-111.1.0/r.-79.1.0,r.-79.1.0/r.-111.1.0,r.-111.1.0/r.-79.1.0,r.-111.1.0/r.-79.1.0,r.-111.1.0/r.-79.1.0,r.-79.1.0/r.-111.1.0,r.-111.1.0/r.-79.1.0,r.-111.1.0/r.-79.1.0,r.-79.1.0/r.-111.1.0,r.-111.1.0/r.-79.1.0,r.-111.1.0/r.-79.1.0,r.-111.1.0/r.-79.1.0,r.-111.1.0/r.-79.1.0,r.-79.1.0/r.-111.1.0,r.-111.1.0/r.-79.1.0,r.-79.1.0/r.-111.1.0,r.-79.1.0/r.-111.1.0,r.-111.1.0/r.-79.1.0,r.-111.1.0/r.-79.1.0,r.-111.1.0/r.-79.1.0,r.-111.1.0/r.-79.1.0,r.-111.1.0/r.-79.1.0,r.-79.1.0/r.-111.1.0,r.-111.1.0/r.-79.1.0,r.-79.1.0/r.-111.1.0,r.-79.1.0/r.-111.1.0,r.-111.1.0/r.-79.1.0,r.-111.1.0/r.-79.1.0,r.-111.1.0/r.-79.1.0,r.-111.1.0/r.-79.1.0,r.-111.1.0/r.-79.1.0,r.-79.1.0/r.-111.1.0,r.-111.1.0/r.-79.1.0,r.-79.1.0/r.-111.1.0,r.-79.1.0/r.-111.1.0,r.-111.1.0/r.-79.1.0,r.-79.1.0/r.-111.1.0,r.-111.1.0/r.-79.1.0,r.-111.1.0/r.-79.1.0,r.-79.1.0/r.-111.1.0,r.-111.1.0/r.-79.1.0,r.-79.1.0/r.-111.1.0,r.-111.1.0/r.-79.1.0,r.-79.1.0/r.-111.1.0,r.-79.1.0/r.-111.1.0,r.-79.1.0/r.-111.1.0,r.-111.1.0/r.-79.1.0,r.-79.1.0/r.-111.1.0,r.-79.1.0/r.-111.1.0,r.-79.1.0/r.-111.1.0,r.-111.1.0/r.-79.1.0,r.-111.1.0/r.-79.1.0,r.-111.1.0/r.-79.1.0,r.-111.1.0/r.-79.1.0,r.-79.1.0/r.-111.1.0,r.-111.1.0/r.-79.1.0,r.-111.1.0/r.-79.1.0,r.-79.1.0/r.-111.1.0,r.-111.1.0/r.-79.1.0,r.-79.1.0/r.-111.1.0,r.-111.1.0/r.-79.1.0,r.-111.1.0/r.-79.1.0,r.-111.1.0/r.-79.1.0,r.-111.1.0/r.-79.1.0,r.-111.1.0/r.-79.1.0,r.-111.1.0/r.-79.1.0,r.-111.1.0/r.-79.1.0,r.-79.1.0/r.-111.1.0,,,,,,,,,,,,,,,,,,,,,,,,,,,,,,,,,,,,,,,,,,,,,,,,,,,,,,,,,,,,,,,,,,,,,,,,,,,,,,,,,,,,,,,,,,,,,,,,,,,,,,,,,,,,,,,,,,,,,,,,,,,,,,,,
534,r.-79.1.0/r.-111.1.0,r.-79.1.0/r.-111.1.0,r.-111.1.0/r.-79.1.0,r.-79.1.0/r.-111.1.0,r.-79.1.0/r.-111.1.0,r.-79.1.0/r.-111.1.0,r.-111.1.0/r.-79.1.0,r.-111.1.0/r.-79.1.0,r.-79.1.0/r.-111.1.0,r.-79.1.0/r.-111.1.0,r.-79.1.0/r.-111.1.0,r.-79.1.0/r.-111.1.0,r.-111.1.0/r.-79.1.0,r.-79.1.0/r.-111.1.0,r.-79.1.0/r.-111.1.0,r.-79.1.0/r.-111.1.0,r.-79.1.0/r.-111.1.0,r.-79.1.0/r.-111.1.0,r.-79.1.0/r.-111.1.0,r.-111.1.0/r.-79.1.0,r.-79.1.0/r.-111.1.0,r.-79.1.0/r.-111.1.0,r.-111.1.0/r.-79.1.0,r.-111.1.0/r.-79.1.0,r.-79.1.0/r.-111.1.0,r.-111.1.0/r.-79.1.0,r.-111.1.0/r.-79.1.0,r.-111.1.0/r.-79.1.0,r.-79.1.0/r.-111.1.0,r.-111.1.0/r.-79.1.0,r.-111.1.0/r.-79.1.0,r.-79.1.0/r.-111.1.0,r.-111.1.0/r.-79.1.0,r.-79.1.0/r.-111.1.0,r.-111.1.0/r.-79.1.0,r.-79.1.0/r.-111.1.0,r.-79.1.0/r.-111.1.0,r.-111.1.0/r.-79.1.0,r.-79.1.0/r.-111.1.0,r.-79.1.0/r.-111.1.0,r.-111.1.0/r.-79.1.0,r.-79.1.0/r.-111.1.0,r.-111.1.0/r.-79.1.0,r.-79.1.0/r.-111.1.0,r.-79.1.0/r.-111.1.0,r.-79.1.0/r.-111.1.0,r.-79.1.0/r.-111.1.0,r.-111.1.0/r.-79.1.0,r.-111.1.0/r.-79.1.0,r.-111.1.0/r.-79.1.0,r.-111.1.0/r.-79.1.0,r.-79.1.0/r.-111.1.0,r.-111.1.0/r.-79.1.0,r.-111.1.0/r.-79.1.0,r.-111.1.0/r.-79.1.0,r.-79.1.0/r.-111.1.0,r.-79.1.0/r.-111.1.0,r.-111.1.0/r.-79.1.0,r.-111.1.0/r.-79.1.0,r.-111.1.0/r.-79.1.0,r.-79.1.0/r.-111.1.0,r.-111.1.0/r.-79.1.0,r.-79.1.0/r.-111.1.0,r.-111.1.0/r.-79.1.0,r.-111.1.0/r.-79.1.0,r.-79.1.0/r.-111.1.0,r.-79.1.0/r.-111.1.0,r.-111.1.0/r.-79.1.0,r.-111.1.0/r.-79.1.0,r.-111.1.0/r.-79.1.0,r.-111.1.0/r.-79.1.0,r.-111.1.0/r.-79.1.0,r.-111.1.0/r.-79.1.0,r.-79.1.0/r.-111.1.0,r.-79.1.0/r.-111.1.0,r.-79.1.0/r.-111.1.0,r.-111.1.0/r.-79.1.0,r.-111.1.0/r.-79.1.0,r.-111.1.0/r.-79.1.0,r.-79.1.0/r.-111.1.0,r.-111.1.0/r.-79.1.0,r.-79.1.0/r.-111.1.0,r.-111.1.0/r.-79.1.0,r.-79.1.0/r.-111.1.0,r.-111.1.0/r.-79.1.0,r.-79.1.0/r.-111.1.0,r.-111.1.0/r.-79.1.0,r.-111.1.0/r.-79.1.0,r.-79.1.0/r.-111.1.0,r.-79.1.0/r.-111.1.0,r.-79.1.0/r.-111.1.0,r.-111.1.0/r.-79.1.0,r.-79.1.0/r.-111.1.0,r.-79.1.0/r.-111.1.0,,,,,,,,,,,,,,,,,,,,,,,,,,,,,,,,,,,,,,,,,,,,,,,,,,,,,,,,,,,,,,,,,,,,,,,,,,,,,,,,,,,,,,,,,,,,,,,,,,,,,,,,,,,,,,,,,,,,,,,,,,,,,,,,
535,r.-111.1.0/r.-79.1.0,r.-111.1.0/r.-79.1.0,r.-79.1.0/r.-111.1.0,r.-111.1.0/r.-79.1.0,r.-111.1.0/r.-79.1.0,r.-111.1.0/r.-79.1.0,r.-79.1.0/r.-111.1.0,r.-111.1.0/r.-79.1.0,r.-79.1.0/r.-111.1.0,r.-111.1.0/r.-79.1.0,r.-111.1.0/r.-79.1.0,r.-111.1.0/r.-79.1.0,r.-79.1.0/r.-111.1.0,r.-111.1.0/r.-79.1.0,r.-111.1.0/r.-79.1.0,r.-79.1.0/r.-111.1.0,r.-111.1.0/r.-79.1.0,r.-79.1.0/r.-111.1.0,r.-111.1.0/r.-79.1.0,r.-111.1.0/r.-79.1.0,r.-111.1.0/r.-79.1.0,r.-111.1.0/r.-79.1.0,r.-79.1.0/r.-111.1.0,r.-111.1.0/r.-79.1.0,r.-111.1.0/r.-79.1.0,r.-111.1.0/r.-79.1.0,r.-111.1.0/r.-79.1.0,r.-111.1.0/r.-79.1.0,r.-111.1.0/r.-79.1.0,r.-111.1.0/r.-79.1.0,r.-111.1.0/r.-79.1.0,r.-111.1.0/r.-79.1.0,r.-111.1.0/r.-79.1.0,r.-111.1.0/r.-79.1.0,r.-111.1.0/r.-79.1.0,r.-111.1.0/r.-79.1.0,r.-111.1.0/r.-79.1.0,r.-79.1.0/r.-111.1.0,r.-111.1.0/r.-79.1.0,r.-111.1.0/r.-79.1.0,r.-111.1.0/r.-79.1.0,r.-111.1.0/r.-79.1.0,r.-111.1.0/r.-79.1.0,r.-79.1.0/r.-111.1.0,r.-111.1.0/r.-79.1.0,r.-79.1.0/r.-111.1.0,r.-79.1.0/r.-111.1.0,r.-111.1.0/r.-79.1.0,r.-79.1.0/r.-111.1.0,r.-79.1.0/r.-111.1.0,r.-111.1.0/r.-79.1.0,r.-79.1.0/r.-111.1.0,r.-79.1.0/r.-111.1.0,r.-79.1.0/r.-111.1.0,r.-79.1.0/r.-111.1.0,r.-79.1.0/r.-111.1.0,r.-111.1.0/r.-79.1.0,r.-111.1.0/r.-79.1.0,r.-111.1.0/r.-79.1.0,r.-111.1.0/r.-79.1.0,r.-79.1.0/r.-111.1.0,r.-79.1.0/r.-111.1.0,r.-79.1.0/r.-111.1.0,r.-111.1.0/r.-79.1.0,r.-79.1.0/r.-111.1.0,r.-111.1.0/r.-79.1.0,r.-111.1.0/r.-79.1.0,r.-111.1.0/r.-79.1.0,r.-111.1.0/r.-79.1.0,r.-111.1.0/r.-79.1.0,r.-111.1.0/r.-79.1.0,r.-111.1.0/r.-79.1.0,r.-79.1.0/r.-111.1.0,r.-111.1.0/r.-79.1.0,r.-111.1.0/r.-79.1.0,r.-79.1.0/r.-111.1.0,r.-111.1.0/r.-79.1.0,r.-111.1.0/r.-79.1.0,r.-111.1.0/r.-79.1.0,r.-79.1.0/r.-111.1.0,r.-111.1.0/r.-79.1.0,r.-79.1.0/r.-111.1.0,r.-79.1.0/r.-111.1.0,r.-111.1.0/r.-79.1.0,r.-79.1.0/r.-111.1.0,r.-111.1.0/r.-79.1.0,r.-79.1.0/r.-111.1.0,r.-111.1.0/r.-79.1.0,r.-111.1.0/r.-79.1.0,r.-111.1.0/r.-79.1.0,r.-111.1.0/r.-79.1.0,r.-111.1.0/r.-79.1.0,r.-79.1.0/r.-111.1.0,r.-79.1.0/r.-111.1.0,,,,,,,,,,,,,,,,,,,,,,,,,,,,,,,,,,,,,,,,,,,,,,,,,,,,,,,,,,,,,,,,,,,,,,,,,,,,,,,,,,,,,,,,,,,,,,,,,,,,,,,,,,,,,,,,,,,,,,,,,,,,,,,,
536,r.-111.1.0/r.-79.1.0,r.-111.1.0/r.-79.1.0,r.-111.1.0/r.-79.1.0,r.-111.1.0/r.-79.1.0,r.-79.1.0/r.-111.1.0,r.-79.1.0/r.-111.1.0,r.-79.1.0/r.-111.1.0,r.-79.1.0/r.-111.1.0,r.-111.1.0/r.-79.1.0,r.-79.1.0/r.-111.1.0,r.-111.1.0/r.-79.1.0,r.-111.1.0/r.-79.1.0,r.-79.1.0/r.-111.1.0,r.-111.1.0/r.-79.1.0,r.-111.1.0/r.-79.1.0,r.-111.1.0/r.-79.1.0,r.-79.1.0/r.-111.1.0,r.-111.1.0/r.-79.1.0,r.-111.1.0/r.-79.1.0,r.-79.1.0/r.-111.1.0,r.-79.1.0/r.-111.1.0,r.-111.1.0/r.-79.1.0,r.-79.1.0/r.-111.1.0,r.-79.1.0/r.-111.1.0,r.-111.1.0/r.-79.1.0,r.-79.1.0/r.-111.1.0,r.-79.1.0/r.-111.1.0,r.-111.1.0/r.-79.1.0,r.-111.1.0/r.-79.1.0,r.-79.1.0/r.-111.1.0,r.-111.1.0/r.-79.1.0,r.-79.1.0/r.-111.1.0,r.-79.1.0/r.-111.1.0,r.-111.1.0/r.-79.1.0,r.-111.1.0/r.-79.1.0,r.-111.1.0/r.-79.1.0,r.-111.1.0/r.-79.1.0,r.-111.1.0/r.-79.1.0,r.-79.1.0/r.-111.1.0,r.-79.1.0/r.-111.1.0,r.-79.1.0/r.-111.1.0,r.-111.1.0/r.-79.1.0,r.-111.1.0/r.-79.1.0,r.-111.1.0/r.-79.1.0,r.-111.1.0/r.-79.1.0,r.-111.1.0/r.-79.1.0,r.-111.1.0/r.-79.1.0,r.-111.1.0/r.-79.1.0,r.-111.1.0/r.-79.1.0,r.-111.1.0/r.-79.1.0,r.-111.1.0/r.-79.1.0,r.-111.1.0/r.-79.1.0,r.-79.1.0/r.-111.1.0,r.-111.1.0/r.-79.1.0,r.-79.1.0/r.-111.1.0,r.-79.1.0/r.-111.1.0,r.-111.1.0/r.-79.1.0,r.-111.1.0/r.-79.1.0,r.-79.1.0/r.-111.1.0,r.-79.1.0/r.-111.1.0,r.-111.1.0/r.-79.1.0,r.-79.1.0/r.-111.1.0,r.-79.1.0/r.-111.1.0,r.-79.1.0/r.-111.1.0,r.-111.1.0/r.-79.1.0,r.-79.1.0/r.-111.1.0,r.-79.1.0/r.-111.1.0,r.-111.1.0/r.-79.1.0,r.-111.1.0/r.-79.1.0,r.-111.1.0/r.-79.1.0,r.-79.1.0/r.-111.1.0,r.-111.1.0/r.-79.1.0,r.-111.1.0/r.-79.1.0,r.-111.1.0/r.-79.1.0,r.-79.1.0/r.-111.1.0,r.-79.1.0/r.-111.1.0,r.-111.1.0/r.-79.1.0,r.-79.1.0/r.-111.1.0,r.-79.1.0/r.-111.1.0,r.-111.1.0/r.-79.1.0,r.-111.1.0/r.-79.1.0,r.-111.1.0/r.-79.1.0,r.-79.1.0/r.-111.1.0,r.-79.1.0/r.-111.1.0,r.-79.1.0/r.-111.1.0,r.-111.1.0/r.-79.1.0,r.-79.1.0/r.-111.1.0,r.-111.1.0/r.-79.1.0,r.-111.1.0/r.-79.1.0,r.-111.1.0/r.-79.1.0,r.-79.1.0/r.-111.1.0,r.-111.1.0/r.-79.1.0,r.-111.1.0/r.-79.1.0,r.-79.1.0/r.-111.1.0,,,,,,,,,,,,,,,,,,,,,,,,,,,,,,,,,,,,,,,,,,,,,,,,,,,,,,,,,,,,,,,,,,,,,,,,,,,,,,,,,,,,,,,,,,,,,,,,,,,,,,,,,,,,,,,,,,,,,,,,,,,,,,,,
537,r.-111.1.0/r.-79.1.0,r.-111.1.0/r.-79.1.0,r.-79.1.0/r.-111.1.0,r.-111.1.0/r.-79.1.0,r.-79.1.0/r.-111.1.0,r.-79.1.0/r.-111.1.0,r.-111.1.0/r.-79.1.0,r.-111.1.0/r.-79.1.0,r.-79.1.0/r.-111.1.0,r.-111.1.0/r.-79.1.0,r.-79.1.0/r.-111.1.0,r.-79.1.0/r.-111.1.0,r.-111.1.0/r.-79.1.0,r.-79.1.0/r.-111.1.0,r.-79.1.0/r.-111.1.0,r.-111.1.0/r.-79.1.0,r.-79.1.0/r.-111.1.0,r.-79.1.0/r.-111.1.0,r.-79.1.0/r.-111.1.0,r.-79.1.0/r.-111.1.0,r.-111.1.0/r.-79.1.0,r.-111.1.0/r.-79.1.0,r.-111.1.0/r.-79.1.0,r.-79.1.0/r.-111.1.0,r.-79.1.0/r.-111.1.0,r.-111.1.0/r.-79.1.0,r.-79.1.0/r.-111.1.0,r.-111.1.0/r.-79.1.0,r.-79.1.0/r.-111.1.0,r.-79.1.0/r.-111.1.0,r.-111.1.0/r.-79.1.0,r.-111.1.0/r.-79.1.0,r.-111.1.0/r.-79.1.0,r.-79.1.0/r.-111.1.0,r.-111.1.0/r.-79.1.0,r.-111.1.0/r.-79.1.0,r.-79.1.0/r.-111.1.0,r.-111.1.0/r.-79.1.0,r.-111.1.0/r.-79.1.0,r.-111.1.0/r.-79.1.0,r.-111.1.0/r.-79.1.0,r.-111.1.0/r.-79.1.0,r.-79.1.0/r.-111.1.0,r.-111.1.0/r.-79.1.0,r.-79.1.0/r.-111.1.0,r.-111.1.0/r.-79.1.0,r.-79.1.0/r.-111.1.0,r.-111.1.0/r.-79.1.0,r.-79.1.0/r.-111.1.0,r.-111.1.0/r.-79.1.0,r.-79.1.0/r.-111.1.0,r.-79.1.0/r.-111.1.0,r.-111.1.0/r.-79.1.0,r.-79.1.0/r.-111.1.0,r.-79.1.0/r.-111.1.0,r.-111.1.0/r.-79.1.0,r.-111.1.0/r.-79.1.0,r.-79.1.0/r.-111.1.0,r.-111.1.0/r.-79.1.0,r.-111.1.0/r.-79.1.0,r.-79.1.0/r.-111.1.0,r.-79.1.0/r.-111.1.0,r.-79.1.0/r.-111.1.0,r.-111.1.0/r.-79.1.0,r.-111.1.0/r.-79.1.0,r.-111.1.0/r.-79.1.0,r.-111.1.0/r.-79.1.0,r.-79.1.0/r.-111.1.0,r.-111.1.0/r.-79.1.0,r.-79.1.0/r.-111.1.0,r.-111.1.0/r.-79.1.0,r.-79.1.0/r.-111.1.0,r.-111.1.0/r.-79.1.0,r.-79.1.0/r.-111.1.0,r.-111.1.0/r.-79.1.0,r.-111.1.0/r.-79.1.0,r.-111.1.0/r.-79.1.0,r.-79.1.0/r.-111.1.0,r.-111.1.0/r.-79.1.0,r.-111.1.0/r.-79.1.0,r.-111.1.0/r.-79.1.0,r.-79.1.0/r.-111.1.0,r.-111.1.0/r.-79.1.0,r.-79.1.0/r.-111.1.0,r.-79.1.0/r.-111.1.0,r.-111.1.0/r.-79.1.0,r.-79.1.0/r.-111.1.0,r.-79.1.0/r.-111.1.0,r.-79.1.0/r.-111.1.0,r.-111.1.0/r.-79.1.0,r.-111.1.0/r.-79.1.0,r.-111.1.0/r.-79.1.0,r.-79.1.0/r.-111.1.0,r.-79.1.0/r.-111.1.0,,,,,,,,,,,,,,,,,,,,,,,,,,,,,,,,,,,,,,,,,,,,,,,,,,,,,,,,,,,,,,,,,,,,,,,,,,,,,,,,,,,,,,,,,,,,,,,,,,,,,,,,,,,,,,,,,,,,,,,,,,,,,,,,
538,r.-111.1.0/r.-79.1.0,r.-79.1.0/r.-111.1.0,r.-111.1.0/r.-79.1.0,r.-79.1.0/r.-111.1.0,r.-111.1.0/r.-79.1.0,r.-111.1.0/r.-79.1.0,r.-111.1.0/r.-79.1.0,r.-111.1.0/r.-79.1.0,r.-79.1.0/r.-111.1.0,r.-111.1.0/r.-79.1.0,r.-111.1.0/r.-79.1.0,r.-79.1.0/r.-111.1.0,r.-79.1.0/r.-111.1.0,r.-79.1.0/r.-111.1.0,r.-111.1.0/r.-79.1.0,r.-79.1.0/r.-111.1.0,r.-79.1.0/r.-111.1.0,r.-79.1.0/r.-111.1.0,r.-111.1.0/r.-79.1.0,r.-111.1.0/r.-79.1.0,r.-79.1.0/r.-111.1.0,r.-79.1.0/r.-111.1.0,r.-111.1.0/r.-79.1.0,r.-111.1.0/r.-79.1.0,r.-111.1.0/r.-79.1.0,r.-79.1.0/r.-111.1.0,r.-79.1.0/r.-111.1.0,r.-79.1.0/r.-111.1.0,r.-79.1.0/r.-111.1.0,r.-111.1.0/r.-79.1.0,r.-111.1.0/r.-79.1.0,r.-79.1.0/r.-111.1.0,r.-79.1.0/r.-111.1.0,r.-111.1.0/r.-79.1.0,r.-111.1.0/r.-79.1.0,r.-79.1.0/r.-111.1.0,r.-79.1.0/r.-111.1.0,r.-111.1.0/r.-79.1.0,r.-111.1.0/r.-79.1.0,r.-111.1.0/r.-79.1.0,r.-111.1.0/r.-79.1.0,r.-79.1.0/r.-111.1.0,r.-79.1.0/r.-111.1.0,r.-111.1.0/r.-79.1.0,r.-111.1.0/r.-79.1.0,r.-111.1.0/r.-79.1.0,r.-79.1.0/r.-111.1.0,r.-79.1.0/r.-111.1.0,r.-79.1.0/r.-111.1.0,r.-111.1.0/r.-79.1.0,r.-111.1.0/r.-79.1.0,r.-79.1.0/r.-111.1.0,r.-111.1.0/r.-79.1.0,r.-111.1.0/r.-79.1.0,r.-79.1.0/r.-111.1.0,r.-79.1.0/r.-111.1.0,r.-111.1.0/r.-79.1.0,r.-111.1.0/r.-79.1.0,r.-111.1.0/r.-79.1.0,r.-79.1.0/r.-111.1.0,r.-79.1.0/r.-111.1.0,r.-111.1.0/r.-79.1.0,r.-111.1.0/r.-79.1.0,r.-111.1.0/r.-79.1.0,r.-111.1.0/r.-79.1.0,r.-111.1.0/r.-79.1.0,r.-111.1.0/r.-79.1.0,r.-79.1.0/r.-111.1.0,r.-79.1.0/r.-111.1.0,r.-111.1.0/r.-79.1.0,r.-79.1.0/r.-111.1.0,r.-79.1.0/r.-111.1.0,r.-111.1.0/r.-79.1.0,r.-111.1.0/r.-79.1.0,r.-111.1.0/r.-79.1.0,r.-79.1.0/r.-111.1.0,r.-79.1.0/r.-111.1.0,r.-79.1.0/r.-111.1.0,r.-79.1.0/r.-111.1.0,r.-111.1.0/r.-79.1.0,r.-79.1.0/r.-111.1.0,r.-111.1.0/r.-79.1.0,r.-79.1.0/r.-111.1.0,r.-79.1.0/r.-111.1.0,r.-79.1.0/r.-111.1.0,r.-111.1.0/r.-79.1.0,r.-111.1.0/r.-79.1.0,r.-79.1.0/r.-111.1.0,r.-79.1.0/r.-111.1.0,r.-79.1.0/r.-111.1.0,r.-111.1.0/r.-79.1.0,r.-79.1.0/r.-111.1.0,r.-111.1.0/r.-79.1.0,r.-111.1.0/r.-79.1.0,,,,,,,,,,,,,,,,,,,,,,,,,,,,,,,,,,,,,,,,,,,,,,,,,,,,,,,,,,,,,,,,,,,,,,,,,,,,,,,,,,,,,,,,,,,,,,,,,,,,,,,,,,,,,,,,,,,,,,,,,,,,,,,,
539,r.-111.1.0/r.-79.1.0,r.-79.1.0/r.-111.1.0,r.-111.1.0/r.-79.1.0,r.-111.1.0/r.-79.1.0,r.-79.1.0/r.-111.1.0,r.-79.1.0/r.-111.1.0,r.-79.1.0/r.-111.1.0,r.-79.1.0/r.-111.1.0,r.-111.1.0/r.-79.1.0,r.-79.1.0/r.-111.1.0,r.-79.1.0/r.-111.1.0,r.-111.1.0/r.-79.1.0,r.-111.1.0/r.-79.1.0,r.-111.1.0/r.-79.1.0,r.-79.1.0/r.-111.1.0,r.-79.1.0/r.-111.1.0,r.-79.1.0/r.-111.1.0,r.-79.1.0/r.-111.1.0,r.-111.1.0/r.-79.1.0,r.-111.1.0/r.-79.1.0,r.-79.1.0/r.-111.1.0,r.-111.1.0/r.-79.1.0,r.-79.1.0/r.-111.1.0,r.-79.1.0/r.-111.1.0,r.-79.1.0/r.-111.1.0,r.-79.1.0/r.-111.1.0,r.-79.1.0/r.-111.1.0,r.-79.1.0/r.-111.1.0,r.-79.1.0/r.-111.1.0,r.-79.1.0/r.-111.1.0,r.-79.1.0/r.-111.1.0,r.-111.1.0/r.-79.1.0,r.-79.1.0/r.-111.1.0,r.-79.1.0/r.-111.1.0,r.-111.1.0/r.-79.1.0,r.-111.1.0/r.-79.1.0,r.-111.1.0/r.-79.1.0,r.-79.1.0/r.-111.1.0,r.-79.1.0/r.-111.1.0,r.-79.1.0/r.-111.1.0,r.-79.1.0/r.-111.1.0,r.-111.1.0/r.-79.1.0,r.-111.1.0/r.-79.1.0,r.-79.1.0/r.-111.1.0,r.-79.1.0/r.-111.1.0,r.-111.1.0/r.-79.1.0,r.-111.1.0/r.-79.1.0,r.-79.1.0/r.-111.1.0,r.-79.1.0/r.-111.1.0,r.-79.1.0/r.-111.1.0,r.-111.1.0/r.-79.1.0,r.-79.1.0/r.-111.1.0,r.-111.1.0/r.-79.1.0,r.-79.1.0/r.-111.1.0,r.-111.1.0/r.-79.1.0,r.-79.1.0/r.-111.1.0,r.-79.1.0/r.-111.1.0,r.-111.1.0/r.-79.1.0,r.-79.1.0/r.-111.1.0,r.-79.1.0/r.-111.1.0,r.-79.1.0/r.-111.1.0,r.-79.1.0/r.-111.1.0,r.-111.1.0/r.-79.1.0,r.-111.1.0/r.-79.1.0,r.-79.1.0/r.-111.1.0,r.-79.1.0/r.-111.1.0,r.-111.1.0/r.-79.1.0,r.-111.1.0/r.-79.1.0,r.-79.1.0/r.-111.1.0,r.-111.1.0/r.-79.1.0,r.-111.1.0/r.-79.1.0,r.-111.1.0/r.-79.1.0,r.-111.1.0/r.-79.1.0,r.-79.1.0/r.-111.1.0,r.-79.1.0/r.-111.1.0,r.-79.1.0/r.-111.1.0,r.-79.1.0/r.-111.1.0,r.-79.1.0/r.-111.1.0,r.-79.1.0/r.-111.1.0,r.-111.1.0/r.-79.1.0,r.-111.1.0/r.-79.1.0,r.-111.1.0/r.-79.1.0,r.-111.1.0/r.-79.1.0,r.-79.1.0/r.-111.1.0,r.-111.1.0/r.-79.1.0,r.-111.1.0/r.-79.1.0,r.-79.1.0/r.-111.1.0,r.-79.1.0/r.-111.1.0,r.-111.1.0/r.-79.1.0,r.-111.1.0/r.-79.1.0,r.-79.1.0/r.-111.1.0,r.-111.1.0/r.-79.1.0,r.-111.1.0/r.-79.1.0,r.-111.1.0/r.-79.1.0,,,,,,,,,,,,,,,,,,,,,,,,,,,,,,,,,,,,,,,,,,,,,,,,,,,,,,,,,,,,,,,,,,,,,,,,,,,,,,,,,,,,,,,,,,,,,,,,,,,,,,,,,,,,,,,,,,,,,,,,,,,,,,,,
540,r.-111.1.0/r.-79.1.0,r.-79.1.0/r.-111.1.0,r.-79.1.0/r.-111.1.0,r.-79.1.0/r.-111.1.0,r.-79.1.0/r.-111.1.0,r.-111.1.0/r.-79.1.0,r.-79.1.0/r.-111.1.0,r.-111.1.0/r.-79.1.0,r.-111.1.0/r.-79.1.0,r.-79.1.0/r.-111.1.0,r.-111.1.0/r.-79.1.0,r.-111.1.0/r.-79.1.0,r.-111.1.0/r.-79.1.0,r.-79.1.0/r.-111.1.0,r.-111.1.0/r.-79.1.0,r.-111.1.0/r.-79.1.0,r.-79.1.0/r.-111.1.0,r.-111.1.0/r.-79.1.0,r.-111.1.0/r.-79.1.0,r.-111.1.0/r.-79.1.0,r.-79.1.0/r.-111.1.0,r.-111.1.0/r.-79.1.0,r.-79.1.0/r.-111.1.0,r.-79.1.0/r.-111.1.0,r.-79.1.0/r.-111.1.0,r.-111.1.0/r.-79.1.0,r.-111.1.0/r.-79.1.0,r.-79.1.0/r.-111.1.0,r.-111.1.0/r.-79.1.0,r.-79.1.0/r.-111.1.0,r.-79.1.0/r.-111.1.0,r.-111.1.0/r.-79.1.0,r.-79.1.0/r.-111.1.0,r.-79.1.0/r.-111.1.0,r.-111.1.0/r.-79.1.0,r.-111.1.0/r.-79.1.0,r.-79.1.0/r.-111.1.0,r.-111.1.0/r.-79.1.0,r.-79.1.0/r.-111.1.0,r.-111.1.0/r.-79.1.0,r.-111.1.0/r.-79.1.0,r.-111.1.0/r.-79.1.0,r.-111.1.0/r.-79.1.0,r.-111.1.0/r.-79.1.0,r.-79.1.0/r.-111.1.0,r.-111.1.0/r.-79.1.0,r.-79.1.0/r.-111.1.0,r.-79.1.0/r.-111.1.0,r.-111.1.0/r.-79.1.0,r.-79.1.0/r.-111.1.0,r.-111.1.0/r.-79.1.0,r.-79.1.0/r.-111.1.0,r.-79.1.0/r.-111.1.0,r.-79.1.0/r.-111.1.0,r.-79.1.0/r.-111.1.0,r.-111.1.0/r.-79.1.0,r.-111.1.0/r.-79.1.0,r.-79.1.0/r.-111.1.0,r.-111.1.0/r.-79.1.0,r.-79.1.0/r.-111.1.0,r.-111.1.0/r.-79.1.0,r.-79.1.0/r.-111.1.0,r.-111.1.0/r.-79.1.0,r.-111.1.0/r.-79.1.0,r.-79.1.0/r.-111.1.0,r.-79.1.0/r.-111.1.0,r.-79.1.0/r.-111.1.0,r.-111.1.0/r.-79.1.0,r.-79.1.0/r.-111.1.0,r.-111.1.0/r.-79.1.0,r.-79.1.0/r.-111.1.0,r.-111.1.0/r.-79.1.0,r.-111.1.0/r.-79.1.0,r.-111.1.0/r.-79.1.0,r.-111.1.0/r.-79.1.0,r.-79.1.0/r.-111.1.0,r.-79.1.0/r.-111.1.0,r.-79.1.0/r.-111.1.0,r.-79.1.0/r.-111.1.0,r.-111.1.0/r.-79.1.0,r.-111.1.0/r.-79.1.0,r.-111.1.0/r.-79.1.0,r.-111.1.0/r.-79.1.0,r.-111.1.0/r.-79.1.0,r.-111.1.0/r.-79.1.0,r.-79.1.0/r.-111.1.0,r.-111.1.0/r.-79.1.0,r.-79.1.0/r.-111.1.0,r.-111.1.0/r.-79.1.0,r.-111.1.0/r.-79.1.0,r.-111.1.0/r.-79.1.0,r.-79.1.0/r.-111.1.0,r.-79.1.0/r.-111.1.0,r.-111.1.0/r.-79.1.0,,,,,,,,,,,,,,,,,,,,,,,,,,,,,,,,,,,,,,,,,,,,,,,,,,,,,,,,,,,,,,,,,,,,,,,,,,,,,,,,,,,,,,,,,,,,,,,,,,,,,,,,,,,,,,,,,,,,,,,,,,,,,,,,
541,r.-79.1.0/r.-111.1.0,r.-79.1.0/r.-111.1.0,r.-79.1.0/r.-111.1.0,r.-111.1.0/r.-79.1.0,r.-111.1.0/r.-79.1.0,r.-111.1.0/r.-79.1.0,r.-79.1.0/r.-111.1.0,r.-79.1.0/r.-111.1.0,r.-79.1.0/r.-111.1.0,r.-111.1.0/r.-79.1.0,r.-79.1.0/r.-111.1.0,r.-79.1.0/r.-111.1.0,r.-111.1.0/r.-79.1.0,r.-111.1.0/r.-79.1.0,r.-111.1.0/r.-79.1.0,r.-111.1.0/r.-79.1.0,r.-79.1.0/r.-111.1.0,r.-79.1.0/r.-111.1.0,r.-111.1.0/r.-79.1.0,r.-79.1.0/r.-111.1.0,r.-111.1.0/r.-79.1.0,r.-79.1.0/r.-111.1.0,r.-111.1.0/r.-79.1.0,r.-79.1.0/r.-111.1.0,r.-111.1.0/r.-79.1.0,r.-79.1.0/r.-111.1.0,r.-79.1.0/r.-111.1.0,r.-111.1.0/r.-79.1.0,r.-111.1.0/r.-79.1.0,r.-111.1.0/r.-79.1.0,r.-111.1.0/r.-79.1.0,r.-111.1.0/r.-79.1.0,r.-79.1.0/r.-111.1.0,r.-79.1.0/r.-111.1.0,r.-79.1.0/r.-111.1.0,r.-111.1.0/r.-79.1.0,r.-111.1.0/r.-79.1.0,r.-111.1.0/r.-79.1.0,r.-111.1.0/r.-79.1.0,r.-111.1.0/r.-79.1.0,r.-111.1.0/r.-79.1.0,r.-111.1.0/r.-79.1.0,r.-79.1.0/r.-111.1.0,r.-79.1.0/r.-111.1.0,r.-79.1.0/r.-111.1.0,r.-111.1.0/r.-79.1.0,r.-111.1.0/r.-79.1.0,r.-79.1.0/r.-111.1.0,r.-79.1.0/r.-111.1.0,r.-111.1.0/r.-79.1.0,r.-79.1.0/r.-111.1.0,r.-111.1.0/r.-79.1.0,r.-111.1.0/r.-79.1.0,r.-79.1.0/r.-111.1.0,r.-79.1.0/r.-111.1.0,r.-111.1.0/r.-79.1.0,r.-111.1.0/r.-79.1.0,r.-111.1.0/r.-79.1.0,r.-79.1.0/r.-111.1.0,r.-111.1.0/r.-79.1.0,r.-111.1.0/r.-79.1.0,r.-111.1.0/r.-79.1.0,r.-79.1.0/r.-111.1.0,r.-79.1.0/r.-111.1.0,r.-111.1.0/r.-79.1.0,r.-111.1.0/r.-79.1.0,r.-111.1.0/r.-79.1.0,r.-79.1.0/r.-111.1.0,r.-111.1.0/r.-79.1.0,r.-79.1.0/r.-111.1.0,r.-79.1.0/r.-111.1.0,r.-79.1.0/r.-111.1.0,r.-79.1.0/r.-111.1.0,r.-79.1.0/r.-111.1.0,r.-111.1.0/r.-79.1.0,r.-111.1.0/r.-79.1.0,r.-79.1.0/r.-111.1.0,r.-79.1.0/r.-111.1.0,r.-79.1.0/r.-111.1.0,r.-79.1.0/r.-111.1.0,r.-79.1.0/r.-111.1.0,r.-111.1.0/r.-79.1.0,r.-111.1.0/r.-79.1.0,r.-111.1.0/r.-79.1.0,r.-111.1.0/r.-79.1.0,r.-79.1.0/r.-111.1.0,r.-111.1.0/r.-79.1.0,r.-111.1.0/r.-79.1.0,r.-79.1.0/r.-111.1.0,r.-79.1.0/r.-111.1.0,r.-111.1.0/r.-79.1.0,r.-79.1.0/r.-111.1.0,r.-79.1.0/r.-111.1.0,r.-111.1.0/r.-79.1.0,,,,,,,,,,,,,,,,,,,,,,,,,,,,,,,,,,,,,,,,,,,,,,,,,,,,,,,,,,,,,,,,,,,,,,,,,,,,,,,,,,,,,,,,,,,,,,,,,,,,,,,,,,,,,,,,,,,,,,,,,,,,,,,,
542,r.-111.1.0/r.-79.1.0,r.-79.1.0/r.-111.1.0,r.-111.1.0/r.-79.1.0,r.-79.1.0/r.-111.1.0,r.-79.1.0/r.-111.1.0,r.-111.1.0/r.-79.1.0,r.-111.1.0/r.-79.1.0,r.-79.1.0/r.-111.1.0,r.-79.1.0/r.-111.1.0,r.-111.1.0/r.-79.1.0,r.-79.1.0/r.-111.1.0,r.-79.1.0/r.-111.1.0,r.-111.1.0/r.-79.1.0,r.-79.1.0/r.-111.1.0,r.-79.1.0/r.-111.1.0,r.-111.1.0/r.-79.1.0,r.-111.1.0/r.-79.1.0,r.-79.1.0/r.-111.1.0,r.-111.1.0/r.-79.1.0,r.-79.1.0/r.-111.1.0,r.-79.1.0/r.-111.1.0,r.-79.1.0/r.-111.1.0,r.-79.1.0/r.-111.1.0,r.-111.1.0/r.-79.1.0,r.-111.1.0/r.-79.1.0,r.-111.1.0/r.-79.1.0,r.-111.1.0/r.-79.1.0,r.-111.1.0/r.-79.1.0,r.-79.1.0/r.-111.1.0,r.-111.1.0/r.-79.1.0,r.-111.1.0/r.-79.1.0,r.-111.1.0/r.-79.1.0,r.-79.1.0/r.-111.1.0,r.-111.1.0/r.-79.1.0,r.-79.1.0/r.-111.1.0,r.-79.1.0/r.-111.1.0,r.-79.1.0/r.-111.1.0,r.-79.1.0/r.-111.1.0,r.-79.1.0/r.-111.1.0,r.-79.1.0/r.-111.1.0,r.-111.1.0/r.-79.1.0,r.-111.1.0/r.-79.1.0,r.-111.1.0/r.-79.1.0,r.-79.1.0/r.-111.1.0,r.-79.1.0/r.-111.1.0,r.-111.1.0/r.-79.1.0,r.-111.1.0/r.-79.1.0,r.-79.1.0/r.-111.1.0,r.-79.1.0/r.-111.1.0,r.-111.1.0/r.-79.1.0,r.-111.1.0/r.-79.1.0,r.-79.1.0/r.-111.1.0,r.-111.1.0/r.-79.1.0,r.-79.1.0/r.-111.1.0,r.-79.1.0/r.-111.1.0,r.-111.1.0/r.-79.1.0,r.-79.1.0/r.-111.1.0,r.-79.1.0/r.-111.1.0,r.-111.1.0/r.-79.1.0,r.-79.1.0/r.-111.1.0,r.-111.1.0/r.-79.1.0,r.-111.1.0/r.-79.1.0,r.-79.1.0/r.-111.1.0,r.-79.1.0/r.-111.1.0,r.-111.1.0/r.-79.1.0,r.-111.1.0/r.-79.1.0,r.-79.1.0/r.-111.1.0,r.-111.1.0/r.-79.1.0,r.-79.1.0/r.-111.1.0,r.-79.1.0/r.-111.1.0,r.-111.1.0/r.-79.1.0,r.-111.1.0/r.-79.1.0,r.-111.1.0/r.-79.1.0,r.-111.1.0/r.-79.1.0,r.-79.1.0/r.-111.1.0,r.-79.1.0/r.-111.1.0,r.-79.1.0/r.-111.1.0,r.-79.1.0/r.-111.1.0,r.-111.1.0/r.-79.1.0,r.-111.1.0/r.-79.1.0,r.-111.1.0/r.-79.1.0,r.-111.1.0/r.-79.1.0,r.-79.1.0/r.-111.1.0,r.-111.1.0/r.-79.1.0,r.-111.1.0/r.-79.1.0,r.-111.1.0/r.-79.1.0,r.-79.1.0/r.-111.1.0,r.-79.1.0/r.-111.1.0,r.-111.1.0/r.-79.1.0,r.-111.1.0/r.-79.1.0,r.-111.1.0/r.-79.1.0,r.-111.1.0/r.-79.1.0,r.-111.1.0/r.-79.1.0,r.-79.1.0/r.-111.1.0,,,,,,,,,,,,,,,,,,,,,,,,,,,,,,,,,,,,,,,,,,,,,,,,,,,,,,,,,,,,,,,,,,,,,,,,,,,,,,,,,,,,,,,,,,,,,,,,,,,,,,,,,,,,,,,,,,,,,,,,,,,,,,,,
543,r.-111.1.0/r.-79.1.0,r.-79.1.0/r.-111.1.0,r.-79.1.0/r.-111.1.0,r.-111.1.0/r.-79.1.0,r.-79.1.0/r.-111.1.0,r.-79.1.0/r.-111.1.0,r.-111.1.0/r.-79.1.0,r.-79.1.0/r.-111.1.0,r.-111.1.0/r.-79.1.0,r.-79.1.0/r.-111.1.0,r.-111.1.0/r.-79.1.0,r.-111.1.0/r.-79.1.0,r.-111.1.0/r.-79.1.0,r.-79.1.0/r.-111.1.0,r.-111.1.0/r.-79.1.0,r.-111.1.0/r.-79.1.0,r.-111.1.0/r.-79.1.0,r.-79.1.0/r.-111.1.0,r.-79.1.0/r.-111.1.0,r.-79.1.0/r.-111.1.0,r.-79.1.0/r.-111.1.0,r.-79.1.0/r.-111.1.0,r.-111.1.0/r.-79.1.0,r.-111.1.0/r.-79.1.0,r.-111.1.0/r.-79.1.0,r.-79.1.0/r.-111.1.0,r.-111.1.0/r.-79.1.0,r.-111.1.0/r.-79.1.0,r.-111.1.0/r.-79.1.0,r.-79.1.0/r.-111.1.0,r.-111.1.0/r.-79.1.0,r.-111.1.0/r.-79.1.0,r.-79.1.0/r.-111.1.0,r.-79.1.0/r.-111.1.0,r.-111.1.0/r.-79.1.0,r.-79.1.0/r.-111.1.0,r.-111.1.0/r.-79.1.0,r.-79.1.0/r.-111.1.0,r.-111.1.0/r.-79.1.0,r.-79.1.0/r.-111.1.0,r.-79.1.0/r.-111.1.0,r.-79.1.0/r.-111.1.0,r.-79.1.0/r.-111.1.0,r.-79.1.0/r.-111.1.0,r.-79.1.0/r.-111.1.0,r.-79.1.0/r.-111.1.0,r.-111.1.0/r.-79.1.0,r.-111.1.0/r.-79.1.0,r.-79.1.0/r.-111.1.0,r.-111.1.0/r.-79.1.0,r.-111.1.0/r.-79.1.0,r.-111.1.0/r.-79.1.0,r.-111.1.0/r.-79.1.0,r.-79.1.0/r.-111.1.0,r.-79.1.0/r.-111.1.0,r.-111.1.0/r.-79.1.0,r.-79.1.0/r.-111.1.0,r.-79.1.0/r.-111.1.0,r.-111.1.0/r.-79.1.0,r.-79.1.0/r.-111.1.0,r.-111.1.0/r.-79.1.0,r.-111.1.0/r.-79.1.0,r.-79.1.0/r.-111.1.0,r.-79.1.0/r.-111.1.0,r.-79.1.0/r.-111.1.0,r.-111.1.0/r.-79.1.0,r.-79.1.0/r.-111.1.0,r.-79.1.0/r.-111.1.0,r.-111.1.0/r.-79.1.0,r.-79.1.0/r.-111.1.0,r.-79.1.0/r.-111.1.0,r.-111.1.0/r.-79.1.0,r.-79.1.0/r.-111.1.0,r.-79.1.0/r.-111.1.0,r.-111.1.0/r.-79.1.0,r.-111.1.0/r.-79.1.0,r.-79.1.0/r.-111.1.0,r.-111.1.0/r.-79.1.0,r.-111.1.0/r.-79.1.0,r.-111.1.0/r.-79.1.0,r.-79.1.0/r.-111.1.0,r.-111.1.0/r.-79.1.0,r.-111.1.0/r.-79.1.0,r.-79.1.0/r.-111.1.0,r.-79.1.0/r.-111.1.0,r.-111.1.0/r.-79.1.0,r.-111.1.0/r.-79.1.0,r.-79.1.0/r.-111.1.0,r.-79.1.0/r.-111.1.0,r.-111.1.0/r.-79.1.0,r.-111.1.0/r.-79.1.0,r.-79.1.0/r.-111.1.0,r.-79.1.0/r.-111.1.0,r.-79.1.0/r.-111.1.0,,,,,,,,,,,,,,,,,,,,,,,,,,,,,,,,,,,,,,,,,,,,,,,,,,,,,,,,,,,,,,,,,,,,,,,,,,,,,,,,,,,,,,,,,,,,,,,,,,,,,,,,,,,,,,,,,,,,,,,,,,,,,,,,
544,r.-111.1.0/r.-79.1.0,r.-79.1.0/r.-111.1.0,r.-111.1.0/r.-79.1.0,r.-111.1.0/r.-79.1.0,r.-111.1.0/r.-79.1.0,r.-111.1.0/r.-79.1.0,r.-111.1.0/r.-79.1.0,r.-111.1.0/r.-79.1.0,r.-111.1.0/r.-79.1.0,r.-111.1.0/r.-79.1.0,r.-79.1.0/r.-111.1.0,r.-79.1.0/r.-111.1.0,r.-111.1.0/r.-79.1.0,r.-111.1.0/r.-79.1.0,r.-79.1.0/r.-111.1.0,r.-111.1.0/r.-79.1.0,r.-111.1.0/r.-79.1.0,r.-79.1.0/r.-111.1.0,r.-79.1.0/r.-111.1.0,r.-79.1.0/r.-111.1.0,r.-79.1.0/r.-111.1.0,r.-111.1.0/r.-79.1.0,r.-111.1.0/r.-79.1.0,r.-79.1.0/r.-111.1.0,r.-111.1.0/r.-79.1.0,r.-79.1.0/r.-111.1.0,r.-111.1.0/r.-79.1.0,r.-111.1.0/r.-79.1.0,r.-111.1.0/r.-79.1.0,r.-111.1.0/r.-79.1.0,r.-111.1.0/r.-79.1.0,r.-79.1.0/r.-111.1.0,r.-79.1.0/r.-111.1.0,r.-79.1.0/r.-111.1.0,r.-111.1.0/r.-79.1.0,r.-79.1.0/r.-111.1.0,r.-111.1.0/r.-79.1.0,r.-111.1.0/r.-79.1.0,r.-79.1.0/r.-111.1.0,r.-111.1.0/r.-79.1.0,r.-79.1.0/r.-111.1.0,r.-79.1.0/r.-111.1.0,r.-79.1.0/r.-111.1.0,r.-79.1.0/r.-111.1.0,r.-111.1.0/r.-79.1.0,r.-79.1.0/r.-111.1.0,r.-79.1.0/r.-111.1.0,r.-111.1.0/r.-79.1.0,r.-79.1.0/r.-111.1.0,r.-79.1.0/r.-111.1.0,r.-111.1.0/r.-79.1.0,r.-79.1.0/r.-111.1.0,r.-79.1.0/r.-111.1.0,r.-111.1.0/r.-79.1.0,r.-111.1.0/r.-79.1.0,r.-79.1.0/r.-111.1.0,r.-111.1.0/r.-79.1.0,r.-79.1.0/r.-111.1.0,r.-79.1.0/r.-111.1.0,r.-79.1.0/r.-111.1.0,r.-111.1.0/r.-79.1.0,r.-79.1.0/r.-111.1.0,r.-111.1.0/r.-79.1.0,r.-111.1.0/r.-79.1.0,r.-111.1.0/r.-79.1.0,r.-111.1.0/r.-79.1.0,r.-79.1.0/r.-111.1.0,r.-111.1.0/r.-79.1.0,r.-79.1.0/r.-111.1.0,r.-79.1.0/r.-111.1.0,r.-79.1.0/r.-111.1.0,r.-111.1.0/r.-79.1.0,r.-79.1.0/r.-111.1.0,r.-79.1.0/r.-111.1.0,r.-79.1.0/r.-111.1.0,r.-111.1.0/r.-79.1.0,r.-111.1.0/r.-79.1.0,r.-79.1.0/r.-111.1.0,r.-79.1.0/r.-111.1.0,r.-79.1.0/r.-111.1.0,r.-79.1.0/r.-111.1.0,r.-79.1.0/r.-111.1.0,r.-79.1.0/r.-111.1.0,r.-79.1.0/r.-111.1.0,r.-79.1.0/r.-111.1.0,r.-111.1.0/r.-79.1.0,r.-79.1.0/r.-111.1.0,r.-79.1.0/r.-111.1.0,r.-79.1.0/r.-111.1.0,r.-111.1.0/r.-79.1.0,r.-111.1.0/r.-79.1.0,r.-111.1.0/r.-79.1.0,r.-111.1.0/r.-79.1.0,r.-79.1.0/r.-111.1.0,,,,,,,,,,,,,,,,,,,,,,,,,,,,,,,,,,,,,,,,,,,,,,,,,,,,,,,,,,,,,,,,,,,,,,,,,,,,,,,,,,,,,,,,,,,,,,,,,,,,,,,,,,,,,,,,,,,,,,,,,,,,,,,,
545,r.-79.1.0/r.-111.1.0,r.-79.1.0/r.-111.1.0,r.-79.1.0/r.-111.1.0,r.-111.1.0/r.-79.1.0,r.-79.1.0/r.-111.1.0,r.-79.1.0/r.-111.1.0,r.-79.1.0/r.-111.1.0,r.-79.1.0/r.-111.1.0,r.-111.1.0/r.-79.1.0,r.-111.1.0/r.-79.1.0,r.-79.1.0/r.-111.1.0,r.-79.1.0/r.-111.1.0,r.-111.1.0/r.-79.1.0,r.-79.1.0/r.-111.1.0,r.-79.1.0/r.-111.1.0,r.-79.1.0/r.-111.1.0,r.-111.1.0/r.-79.1.0,r.-79.1.0/r.-111.1.0,r.-79.1.0/r.-111.1.0,r.-79.1.0/r.-111.1.0,r.-111.1.0/r.-79.1.0,r.-79.1.0/r.-111.1.0,r.-111.1.0/r.-79.1.0,r.-79.1.0/r.-111.1.0,r.-79.1.0/r.-111.1.0,r.-111.1.0/r.-79.1.0,r.-79.1.0/r.-111.1.0,r.-111.1.0/r.-79.1.0,r.-111.1.0/r.-79.1.0,r.-79.1.0/r.-111.1.0,r.-111.1.0/r.-79.1.0,r.-79.1.0/r.-111.1.0,r.-79.1.0/r.-111.1.0,r.-111.1.0/r.-79.1.0,r.-111.1.0/r.-79.1.0,r.-111.1.0/r.-79.1.0,r.-111.1.0/r.-79.1.0,r.-111.1.0/r.-79.1.0,r.-111.1.0/r.-79.1.0,r.-79.1.0/r.-111.1.0,r.-79.1.0/r.-111.1.0,r.-111.1.0/r.-79.1.0,r.-111.1.0/r.-79.1.0,r.-111.1.0/r.-79.1.0,r.-79.1.0/r.-111.1.0,r.-79.1.0/r.-111.1.0,r.-111.1.0/r.-79.1.0,r.-79.1.0/r.-111.1.0,r.-79.1.0/r.-111.1.0,r.-111.1.0/r.-79.1.0,r.-111.1.0/r.-79.1.0,r.-111.1.0/r.-79.1.0,r.-111.1.0/r.-79.1.0,r.-111.1.0/r.-79.1.0,r.-111.1.0/r.-79.1.0,r.-111.1.0/r.-79.1.0,r.-111.1.0/r.-79.1.0,r.-79.1.0/r.-111.1.0,r.-79.1.0/r.-111.1.0,r.-111.1.0/r.-79.1.0,r.-79.1.0/r.-111.1.0,r.-79.1.0/r.-111.1.0,r.-111.1.0/r.-79.1.0,r.-111.1.0/r.-79.1.0,r.-79.1.0/r.-111.1.0,r.-79.1.0/r.-111.1.0,r.-111.1.0/r.-79.1.0,r.-79.1.0/r.-111.1.0,r.-111.1.0/r.-79.1.0,r.-111.1.0/r.-79.1.0,r.-111.1.0/r.-79.1.0,r.-111.1.0/r.-79.1.0,r.-79.1.0/r.-111.1.0,r.-79.1.0/r.-111.1.0,r.-111.1.0/r.-79.1.0,r.-111.1.0/r.-79.1.0,r.-111.1.0/r.-79.1.0,r.-79.1.0/r.-111.1.0,r.-111.1.0/r.-79.1.0,r.-111.1.0/r.-79.1.0,r.-79.1.0/r.-111.1.0,r.-79.1.0/r.-111.1.0,r.-79.1.0/r.-111.1.0,r.-111.1.0/r.-79.1.0,r.-111.1.0/r.-79.1.0,r.-79.1.0/r.-111.1.0,r.-111.1.0/r.-79.1.0,r.-111.1.0/r.-79.1.0,r.-79.1.0/r.-111.1.0,r.-111.1.0/r.-79.1.0,r.-111.1.0/r.-79.1.0,r.-79.1.0/r.-111.1.0,r.-79.1.0/r.-111.1.0,r.-79.1.0/r.-111.1.0,,,,,,,,,,,,,,,,,,,,,,,,,,,,,,,,,,,,,,,,,,,,,,,,,,,,,,,,,,,,,,,,,,,,,,,,,,,,,,,,,,,,,,,,,,,,,,,,,,,,,,,,,,,,,,,,,,,,,,,,,,,,,,,,
546,r.-111.1.0/r.-79.1.0,r.-79.1.0/r.-111.1.0,r.-111.1.0/r.-79.1.0,r.-79.1.0/r.-111.1.0,r.-79.1.0/r.-111.1.0,r.-79.1.0/r.-111.1.0,r.-111.1.0/r.-79.1.0,r.-79.1.0/r.-111.1.0,r.-79.1.0/r.-111.1.0,r.-111.1.0/r.-79.1.0,r.-111.1.0/r.-79.1.0,r.-79.1.0/r.-111.1.0,r.-79.1.0/r.-111.1.0,r.-111.1.0/r.-79.1.0,r.-111.1.0/r.-79.1.0,r.-111.1.0/r.-79.1.0,r.-79.1.0/r.-111.1.0,r.-79.1.0/r.-111.1.0,r.-79.1.0/r.-111.1.0,r.-111.1.0/r.-79.1.0,r.-111.1.0/r.-79.1.0,r.-79.1.0/r.-111.1.0,r.-79.1.0/r.-111.1.0,r.-79.1.0/r.-111.1.0,r.-79.1.0/r.-111.1.0,r.-111.1.0/r.-79.1.0,r.-111.1.0/r.-79.1.0,r.-111.1.0/r.-79.1.0,r.-79.1.0/r.-111.1.0,r.-111.1.0/r.-79.1.0,r.-111.1.0/r.-79.1.0,r.-79.1.0/r.-111.1.0,r.-79.1.0/r.-111.1.0,r.-111.1.0/r.-79.1.0,r.-111.1.0/r.-79.1.0,r.-79.1.0/r.-111.1.0,r.-111.1.0/r.-79.1.0,r.-79.1.0/r.-111.1.0,r.-79.1.0/r.-111.1.0,r.-111.1.0/r.-79.1.0,r.-79.1.0/r.-111.1.0,r.-79.1.0/r.-111.1.0,r.-79.1.0/r.-111.1.0,r.-79.1.0/r.-111.1.0,r.-111.1.0/r.-79.1.0,r.-79.1.0/r.-111.1.0,r.-79.1.0/r.-111.1.0,r.-79.1.0/r.-111.1.0,r.-79.1.0/r.-111.1.0,r.-111.1.0/r.-79.1.0,r.-79.1.0/r.-111.1.0,r.-79.1.0/r.-111.1.0,r.-79.1.0/r.-111.1.0,r.-111.1.0/r.-79.1.0,r.-111.1.0/r.-79.1.0,r.-79.1.0/r.-111.1.0,r.-111.1.0/r.-79.1.0,r.-79.1.0/r.-111.1.0,r.-79.1.0/r.-111.1.0,r.-79.1.0/r.-111.1.0,r.-79.1.0/r.-111.1.0,r.-79.1.0/r.-111.1.0,r.-79.1.0/r.-111.1.0,r.-79.1.0/r.-111.1.0,r.-79.1.0/r.-111.1.0,r.-111.1.0/r.-79.1.0,r.-111.1.0/r.-79.1.0,r.-111.1.0/r.-79.1.0,r.-79.1.0/r.-111.1.0,r.-111.1.0/r.-79.1.0,r.-79.1.0/r.-111.1.0,r.-111.1.0/r.-79.1.0,r.-111.1.0/r.-79.1.0,r.-111.1.0/r.-79.1.0,r.-79.1.0/r.-111.1.0,r.-79.1.0/r.-111.1.0,r.-79.1.0/r.-111.1.0,r.-111.1.0/r.-79.1.0,r.-79.1.0/r.-111.1.0,r.-79.1.0/r.-111.1.0,r.-79.1.0/r.-111.1.0,r.-79.1.0/r.-111.1.0,r.-111.1.0/r.-79.1.0,r.-79.1.0/r.-111.1.0,r.-79.1.0/r.-111.1.0,r.-79.1.0/r.-111.1.0,r.-111.1.0/r.-79.1.0,r.-79.1.0/r.-111.1.0,r.-79.1.0/r.-111.1.0,r.-111.1.0/r.-79.1.0,r.-79.1.0/r.-111.1.0,r.-111.1.0/r.-79.1.0,r.-111.1.0/r.-79.1.0,r.-79.1.0/r.-111.1.0,,,,,,,,,,,,,,,,,,,,,,,,,,,,,,,,,,,,,,,,,,,,,,,,,,,,,,,,,,,,,,,,,,,,,,,,,,,,,,,,,,,,,,,,,,,,,,,,,,,,,,,,,,,,,,,,,,,,,,,,,,,,,,,,
547,r.-111.1.0/r.-79.1.0,r.-111.1.0/r.-79.1.0,r.-111.1.0/r.-79.1.0,r.-111.1.0/r.-79.1.0,r.-79.1.0/r.-111.1.0,r.-79.1.0/r.-111.1.0,r.-79.1.0/r.-111.1.0,r.-111.1.0/r.-79.1.0,r.-79.1.0/r.-111.1.0,r.-111.1.0/r.-79.1.0,r.-111.1.0/r.-79.1.0,r.-79.1.0/r.-111.1.0,r.-79.1.0/r.-111.1.0,r.-79.1.0/r.-111.1.0,r.-111.1.0/r.-79.1.0,r.-111.1.0/r.-79.1.0,r.-79.1.0/r.-111.1.0,r.-111.1.0/r.-79.1.0,r.-79.1.0/r.-111.1.0,r.-111.1.0/r.-79.1.0,r.-79.1.0/r.-111.1.0,r.-79.1.0/r.-111.1.0,r.-111.1.0/r.-79.1.0,r.-79.1.0/r.-111.1.0,r.-111.1.0/r.-79.1.0,r.-79.1.0/r.-111.1.0,r.-111.1.0/r.-79.1.0,r.-79.1.0/r.-111.1.0,r.-111.1.0/r.-79.1.0,r.-79.1.0/r.-111.1.0,r.-111.1.0/r.-79.1.0,r.-79.1.0/r.-111.1.0,r.-79.1.0/r.-111.1.0,r.-79.1.0/r.-111.1.0,r.-79.1.0/r.-111.1.0,r.-79.1.0/r.-111.1.0,r.-79.1.0/r.-111.1.0,r.-79.1.0/r.-111.1.0,r.-111.1.0/r.-79.1.0,r.-79.1.0/r.-111.1.0,r.-79.1.0/r.-111.1.0,r.-79.1.0/r.-111.1.0,r.-79.1.0/r.-111.1.0,r.-79.1.0/r.-111.1.0,r.-79.1.0/r.-111.1.0,r.-111.1.0/r.-79.1.0,r.-79.1.0/r.-111.1.0,r.-111.1.0/r.-79.1.0,r.-79.1.0/r.-111.1.0,r.-111.1.0/r.-79.1.0,r.-111.1.0/r.-79.1.0,r.-111.1.0/r.-79.1.0,r.-111.1.0/r.-79.1.0,r.-111.1.0/r.-79.1.0,r.-111.1.0/r.-79.1.0,r.-111.1.0/r.-79.1.0,r.-79.1.0/r.-111.1.0,r.-111.1.0/r.-79.1.0,r.-111.1.0/r.-79.1.0,r.-79.1.0/r.-111.1.0,r.-79.1.0/r.-111.1.0,r.-79.1.0/r.-111.1.0,r.-79.1.0/r.-111.1.0,r.-79.1.0/r.-111.1.0,r.-111.1.0/r.-79.1.0,r.-111.1.0/r.-79.1.0,r.-111.1.0/r.-79.1.0,r.-79.1.0/r.-111.1.0,r.-111.1.0/r.-79.1.0,r.-111.1.0/r.-79.1.0,r.-79.1.0/r.-111.1.0,r.-111.1.0/r.-79.1.0,r.-79.1.0/r.-111.1.0,r.-111.1.0/r.-79.1.0,r.-111.1.0/r.-79.1.0,r.-79.1.0/r.-111.1.0,r.-111.1.0/r.-79.1.0,r.-79.1.0/r.-111.1.0,r.-79.1.0/r.-111.1.0,r.-79.1.0/r.-111.1.0,r.-111.1.0/r.-79.1.0,r.-79.1.0/r.-111.1.0,r.-79.1.0/r.-111.1.0,r.-79.1.0/r.-111.1.0,r.-79.1.0/r.-111.1.0,r.-111.1.0/r.-79.1.0,r.-79.1.0/r.-111.1.0,r.-111.1.0/r.-79.1.0,r.-111.1.0/r.-79.1.0,r.-79.1.0/r.-111.1.0,r.-79.1.0/r.-111.1.0,r.-79.1.0/r.-111.1.0,r.-79.1.0/r.-111.1.0,r.-79.1.0/r.-111.1.0,,,,,,,,,,,,,,,,,,,,,,,,,,,,,,,,,,,,,,,,,,,,,,,,,,,,,,,,,,,,,,,,,,,,,,,,,,,,,,,,,,,,,,,,,,,,,,,,,,,,,,,,,,,,,,,,,,,,,,,,,,,,,,,,
548,r.-111.1.0/r.-79.1.0,r.-79.1.0/r.-111.1.0,r.-79.1.0/r.-111.1.0,r.-111.1.0/r.-79.1.0,r.-79.1.0/r.-111.1.0,r.-111.1.0/r.-79.1.0,r.-111.1.0/r.-79.1.0,r.-79.1.0/r.-111.1.0,r.-79.1.0/r.-111.1.0,r.-111.1.0/r.-79.1.0,r.-111.1.0/r.-79.1.0,r.-79.1.0/r.-111.1.0,r.-79.1.0/r.-111.1.0,r.-111.1.0/r.-79.1.0,r.-111.1.0/r.-79.1.0,r.-111.1.0/r.-79.1.0,r.-111.1.0/r.-79.1.0,r.-79.1.0/r.-111.1.0,r.-79.1.0/r.-111.1.0,r.-79.1.0/r.-111.1.0,r.-111.1.0/r.-79.1.0,r.-79.1.0/r.-111.1.0,r.-79.1.0/r.-111.1.0,r.-111.1.0/r.-79.1.0,r.-111.1.0/r.-79.1.0,r.-111.1.0/r.-79.1.0,r.-111.1.0/r.-79.1.0,r.-111.1.0/r.-79.1.0,r.-79.1.0/r.-111.1.0,r.-111.1.0/r.-79.1.0,r.-79.1.0/r.-111.1.0,r.-79.1.0/r.-111.1.0,r.-111.1.0/r.-79.1.0,r.-111.1.0/r.-79.1.0,r.-79.1.0/r.-111.1.0,r.-111.1.0/r.-79.1.0,r.-79.1.0/r.-111.1.0,r.-79.1.0/r.-111.1.0,r.-79.1.0/r.-111.1.0,r.-79.1.0/r.-111.1.0,r.-111.1.0/r.-79.1.0,r.-79.1.0/r.-111.1.0,r.-111.1.0/r.-79.1.0,r.-111.1.0/r.-79.1.0,r.-111.1.0/r.-79.1.0,r.-79.1.0/r.-111.1.0,r.-79.1.0/r.-111.1.0,r.-79.1.0/r.-111.1.0,r.-111.1.0/r.-79.1.0,r.-111.1.0/r.-79.1.0,r.-111.1.0/r.-79.1.0,r.-79.1.0/r.-111.1.0,r.-111.1.0/r.-79.1.0,r.-79.1.0/r.-111.1.0,r.-79.1.0/r.-111.1.0,r.-79.1.0/r.-111.1.0,r.-111.1.0/r.-79.1.0,r.-111.1.0/r.-79.1.0,r.-111.1.0/r.-79.1.0,r.-79.1.0/r.-111.1.0,r.-111.1.0/r.-79.1.0,r.-79.1.0/r.-111.1.0,r.-79.1.0/r.-111.1.0,r.-79.1.0/r.-111.1.0,r.-79.1.0/r.-111.1.0,r.-111.1.0/r.-79.1.0,r.-111.1.0/r.-79.1.0,r.-79.1.0/r.-111.1.0,r.-111.1.0/r.-79.1.0,r.-79.1.0/r.-111.1.0,r.-79.1.0/r.-111.1.0,r.-79.1.0/r.-111.1.0,r.-111.1.0/r.-79.1.0,r.-111.1.0/r.-79.1.0,r.-111.1.0/r.-79.1.0,r.-111.1.0/r.-79.1.0,r.-111.1.0/r.-79.1.0,r.-111.1.0/r.-79.1.0,r.-79.1.0/r.-111.1.0,r.-79.1.0/r.-111.1.0,r.-79.1.0/r.-111.1.0,r.-111.1.0/r.-79.1.0,r.-79.1.0/r.-111.1.0,r.-79.1.0/r.-111.1.0,r.-111.1.0/r.-79.1.0,r.-79.1.0/r.-111.1.0,r.-111.1.0/r.-79.1.0,r.-111.1.0/r.-79.1.0,r.-111.1.0/r.-79.1.0,r.-111.1.0/r.-79.1.0,r.-111.1.0/r.-79.1.0,r.-79.1.0/r.-111.1.0,r.-111.1.0/r.-79.1.0,r.-111.1.0/r.-79.1.0,,,,,,,,,,,,,,,,,,,,,,,,,,,,,,,,,,,,,,,,,,,,,,,,,,,,,,,,,,,,,,,,,,,,,,,,,,,,,,,,,,,,,,,,,,,,,,,,,,,,,,,,,,,,,,,,,,,,,,,,,,,,,,,,
549,r.-111.1.0/r.-79.1.0,r.-79.1.0/r.-111.1.0,r.-111.1.0/r.-79.1.0,r.-79.1.0/r.-111.1.0,r.-111.1.0/r.-79.1.0,r.-111.1.0/r.-79.1.0,r.-79.1.0/r.-111.1.0,r.-111.1.0/r.-79.1.0,r.-111.1.0/r.-79.1.0,r.-111.1.0/r.-79.1.0,r.-111.1.0/r.-79.1.0,r.-79.1.0/r.-111.1.0,r.-111.1.0/r.-79.1.0,r.-79.1.0/r.-111.1.0,r.-79.1.0/r.-111.1.0,r.-79.1.0/r.-111.1.0,r.-79.1.0/r.-111.1.0,r.-79.1.0/r.-111.1.0,r.-111.1.0/r.-79.1.0,r.-111.1.0/r.-79.1.0,r.-79.1.0/r.-111.1.0,r.-79.1.0/r.-111.1.0,r.-79.1.0/r.-111.1.0,r.-79.1.0/r.-111.1.0,r.-111.1.0/r.-79.1.0,r.-79.1.0/r.-111.1.0,r.-79.1.0/r.-111.1.0,r.-79.1.0/r.-111.1.0,r.-111.1.0/r.-79.1.0,r.-111.1.0/r.-79.1.0,r.-111.1.0/r.-79.1.0,r.-79.1.0/r.-111.1.0,r.-111.1.0/r.-79.1.0,r.-111.1.0/r.-79.1.0,r.-79.1.0/r.-111.1.0,r.-111.1.0/r.-79.1.0,r.-111.1.0/r.-79.1.0,r.-79.1.0/r.-111.1.0,r.-79.1.0/r.-111.1.0,r.-111.1.0/r.-79.1.0,r.-79.1.0/r.-111.1.0,r.-111.1.0/r.-79.1.0,r.-111.1.0/r.-79.1.0,r.-79.1.0/r.-111.1.0,r.-79.1.0/r.-111.1.0,r.-79.1.0/r.-111.1.0,r.-79.1.0/r.-111.1.0,r.-111.1.0/r.-79.1.0,r.-79.1.0/r.-111.1.0,r.-111.1.0/r.-79.1.0,r.-79.1.0/r.-111.1.0,r.-111.1.0/r.-79.1.0,r.-79.1.0/r.-111.1.0,r.-111.1.0/r.-79.1.0,r.-79.1.0/r.-111.1.0,r.-111.1.0/r.-79.1.0,r.-79.1.0/r.-111.1.0,r.-111.1.0/r.-79.1.0,r.-79.1.0/r.-111.1.0,r.-79.1.0/r.-111.1.0,r.-111.1.0/r.-79.1.0,r.-111.1.0/r.-79.1.0,r.-111.1.0/r.-79.1.0,r.-111.1.0/r.-79.1.0,r.-111.1.0/r.-79.1.0,r.-79.1.0/r.-111.1.0,r.-111.1.0/r.-79.1.0,r.-111.1.0/r.-79.1.0,r.-111.1.0/r.-79.1.0,r.-111.1.0/r.-79.1.0,r.-111.1.0/r.-79.1.0,r.-79.1.0/r.-111.1.0,r.-111.1.0/r.-79.1.0,r.-79.1.0/r.-111.1.0,r.-79.1.0/r.-111.1.0,r.-79.1.0/r.-111.1.0,r.-111.1.0/r.-79.1.0,r.-111.1.0/r.-79.1.0,r.-79.1.0/r.-111.1.0,r.-111.1.0/r.-79.1.0,r.-79.1.0/r.-111.1.0,r.-79.1.0/r.-111.1.0,r.-79.1.0/r.-111.1.0,r.-111.1.0/r.-79.1.0,r.-79.1.0/r.-111.1.0,r.-79.1.0/r.-111.1.0,r.-111.1.0/r.-79.1.0,r.-111.1.0/r.-79.1.0,r.-79.1.0/r.-111.1.0,r.-79.1.0/r.-111.1.0,r.-111.1.0/r.-79.1.0,r.-111.1.0/r.-79.1.0,r.-79.1.0/r.-111.1.0,r.-111.1.0/r.-79.1.0,,,,,,,,,,,,,,,,,,,,,,,,,,,,,,,,,,,,,,,,,,,,,,,,,,,,,,,,,,,,,,,,,,,,,,,,,,,,,,,,,,,,,,,,,,,,,,,,,,,,,,,,,,,,,,,,,,,,,,,,,,,,,,,,
550,r.-111.1.0/r.-79.1.0,r.-79.1.0/r.-111.1.0,r.-111.1.0/r.-79.1.0,r.-79.1.0/r.-111.1.0,r.-79.1.0/r.-111.1.0,r.-111.1.0/r.-79.1.0,r.-111.1.0/r.-79.1.0,r.-79.1.0/r.-111.1.0,r.-111.1.0/r.-79.1.0,r.-79.1.0/r.-111.1.0,r.-79.1.0/r.-111.1.0,r.-79.1.0/r.-111.1.0,r.-79.1.0/r.-111.1.0,r.-111.1.0/r.-79.1.0,r.-111.1.0/r.-79.1.0,r.-79.1.0/r.-111.1.0,r.-111.1.0/r.-79.1.0,r.-79.1.0/r.-111.1.0,r.-111.1.0/r.-79.1.0,r.-111.1.0/r.-79.1.0,r.-79.1.0/r.-111.1.0,r.-79.1.0/r.-111.1.0,r.-79.1.0/r.-111.1.0,r.-111.1.0/r.-79.1.0,r.-111.1.0/r.-79.1.0,r.-111.1.0/r.-79.1.0,r.-111.1.0/r.-79.1.0,r.-79.1.0/r.-111.1.0,r.-111.1.0/r.-79.1.0,r.-79.1.0/r.-111.1.0,r.-79.1.0/r.-111.1.0,r.-111.1.0/r.-79.1.0,r.-79.1.0/r.-111.1.0,r.-111.1.0/r.-79.1.0,r.-111.1.0/r.-79.1.0,r.-79.1.0/r.-111.1.0,r.-111.1.0/r.-79.1.0,r.-111.1.0/r.-79.1.0,r.-111.1.0/r.-79.1.0,r.-79.1.0/r.-111.1.0,r.-79.1.0/r.-111.1.0,r.-79.1.0/r.-111.1.0,r.-79.1.0/r.-111.1.0,r.-79.1.0/r.-111.1.0,r.-111.1.0/r.-79.1.0,r.-79.1.0/r.-111.1.0,r.-111.1.0/r.-79.1.0,r.-79.1.0/r.-111.1.0,r.-111.1.0/r.-79.1.0,r.-79.1.0/r.-111.1.0,r.-111.1.0/r.-79.1.0,r.-111.1.0/r.-79.1.0,r.-111.1.0/r.-79.1.0,r.-111.1.0/r.-79.1.0,r.-79.1.0/r.-111.1.0,r.-79.1.0/r.-111.1.0,r.-111.1.0/r.-79.1.0,r.-79.1.0/r.-111.1.0,r.-111.1.0/r.-79.1.0,r.-111.1.0/r.-79.1.0,r.-111.1.0/r.-79.1.0,r.-79.1.0/r.-111.1.0,r.-111.1.0/r.-79.1.0,r.-111.1.0/r.-79.1.0,r.-111.1.0/r.-79.1.0,r.-111.1.0/r.-79.1.0,r.-111.1.0/r.-79.1.0,r.-111.1.0/r.-79.1.0,r.-79.1.0/r.-111.1.0,r.-79.1.0/r.-111.1.0,r.-79.1.0/r.-111.1.0,r.-79.1.0/r.-111.1.0,r.-111.1.0/r.-79.1.0,r.-111.1.0/r.-79.1.0,r.-111.1.0/r.-79.1.0,r.-111.1.0/r.-79.1.0,r.-111.1.0/r.-79.1.0,r.-79.1.0/r.-111.1.0,r.-79.1.0/r.-111.1.0,r.-79.1.0/r.-111.1.0,r.-111.1.0/r.-79.1.0,r.-79.1.0/r.-111.1.0,r.-111.1.0/r.-79.1.0,r.-111.1.0/r.-79.1.0,r.-79.1.0/r.-111.1.0,r.-111.1.0/r.-79.1.0,r.-79.1.0/r.-111.1.0,r.-79.1.0/r.-111.1.0,r.-79.1.0/r.-111.1.0,r.-79.1.0/r.-111.1.0,r.-111.1.0/r.-79.1.0,r.-79.1.0/r.-111.1.0,r.-111.1.0/r.-79.1.0,r.-111.1.0/r.-79.1.0,,,,,,,,,,,,,,,,,,,,,,,,,,,,,,,,,,,,,,,,,,,,,,,,,,,,,,,,,,,,,,,,,,,,,,,,,,,,,,,,,,,,,,,,,,,,,,,,,,,,,,,,,,,,,,,,,,,,,,,,,,,,,,,,
551,r.-79.1.0/r.-111.1.0,r.-111.1.0/r.-79.1.0,r.-111.1.0/r.-79.1.0,r.-79.1.0/r.-111.1.0,r.-111.1.0/r.-79.1.0,r.-79.1.0/r.-111.1.0,r.-111.1.0/r.-79.1.0,r.-111.1.0/r.-79.1.0,r.-79.1.0/r.-111.1.0,r.-111.1.0/r.-79.1.0,r.-111.1.0/r.-79.1.0,r.-111.1.0/r.-79.1.0,r.-111.1.0/r.-79.1.0,r.-79.1.0/r.-111.1.0,r.-111.1.0/r.-79.1.0,r.-111.1.0/r.-79.1.0,r.-79.1.0/r.-111.1.0,r.-111.1.0/r.-79.1.0,r.-79.1.0/r.-111.1.0,r.-111.1.0/r.-79.1.0,r.-111.1.0/r.-79.1.0,r.-79.1.0/r.-111.1.0,r.-79.1.0/r.-111.1.0,r.-79.1.0/r.-111.1.0,r.-79.1.0/r.-111.1.0,r.-111.1.0/r.-79.1.0,r.-111.1.0/r.-79.1.0,r.-111.1.0/r.-79.1.0,r.-79.1.0/r.-111.1.0,r.-79.1.0/r.-111.1.0,r.-111.1.0/r.-79.1.0,r.-111.1.0/r.-79.1.0,r.-79.1.0/r.-111.1.0,r.-111.1.0/r.-79.1.0,r.-79.1.0/r.-111.1.0,r.-111.1.0/r.-79.1.0,r.-79.1.0/r.-111.1.0,r.-79.1.0/r.-111.1.0,r.-111.1.0/r.-79.1.0,r.-79.1.0/r.-111.1.0,r.-79.1.0/r.-111.1.0,r.-79.1.0/r.-111.1.0,r.-111.1.0/r.-79.1.0,r.-79.1.0/r.-111.1.0,r.-79.1.0/r.-111.1.0,r.-111.1.0/r.-79.1.0,r.-111.1.0/r.-79.1.0,r.-79.1.0/r.-111.1.0,r.-79.1.0/r.-111.1.0,r.-79.1.0/r.-111.1.0,r.-111.1.0/r.-79.1.0,r.-79.1.0/r.-111.1.0,r.-79.1.0/r.-111.1.0,r.-111.1.0/r.-79.1.0,r.-79.1.0/r.-111.1.0,r.-79.1.0/r.-111.1.0,r.-111.1.0/r.-79.1.0,r.-79.1.0/r.-111.1.0,r.-79.1.0/r.-111.1.0,r.-111.1.0/r.-79.1.0,r.-111.1.0/r.-79.1.0,r.-111.1.0/r.-79.1.0,r.-79.1.0/r.-111.1.0,r.-111.1.0/r.-79.1.0,r.-79.1.0/r.-111.1.0,r.-111.1.0/r.-79.1.0,r.-79.1.0/r.-111.1.0,r.-79.1.0/r.-111.1.0,r.-111.1.0/r.-79.1.0,r.-111.1.0/r.-79.1.0,r.-79.1.0/r.-111.1.0,r.-111.1.0/r.-79.1.0,r.-111.1.0/r.-79.1.0,r.-111.1.0/r.-79.1.0,r.-79.1.0/r.-111.1.0,r.-79.1.0/r.-111.1.0,r.-111.1.0/r.-79.1.0,r.-79.1.0/r.-111.1.0,r.-79.1.0/r.-111.1.0,r.-79.1.0/r.-111.1.0,r.-79.1.0/r.-111.1.0,r.-79.1.0/r.-111.1.0,r.-111.1.0/r.-79.1.0,r.-79.1.0/r.-111.1.0,r.-79.1.0/r.-111.1.0,r.-79.1.0/r.-111.1.0,r.-111.1.0/r.-79.1.0,r.-111.1.0/r.-79.1.0,r.-111.1.0/r.-79.1.0,r.-79.1.0/r.-111.1.0,r.-79.1.0/r.-111.1.0,r.-79.1.0/r.-111.1.0,r.-111.1.0/r.-79.1.0,r.-111.1.0/r.-79.1.0,,,,,,,,,,,,,,,,,,,,,,,,,,,,,,,,,,,,,,,,,,,,,,,,,,,,,,,,,,,,,,,,,,,,,,,,,,,,,,,,,,,,,,,,,,,,,,,,,,,,,,,,,,,,,,,,,,,,,,,,,,,,,,,,
552,r.-79.1.0/r.-111.1.0,r.-79.1.0/r.-111.1.0,r.-79.1.0/r.-111.1.0,r.-79.1.0/r.-111.1.0,r.-111.1.0/r.-79.1.0,r.-111.1.0/r.-79.1.0,r.-111.1.0/r.-79.1.0,r.-79.1.0/r.-111.1.0,r.-111.1.0/r.-79.1.0,r.-79.1.0/r.-111.1.0,r.-111.1.0/r.-79.1.0,r.-111.1.0/r.-79.1.0,r.-111.1.0/r.-79.1.0,r.-79.1.0/r.-111.1.0,r.-79.1.0/r.-111.1.0,r.-79.1.0/r.-111.1.0,r.-79.1.0/r.-111.1.0,r.-111.1.0/r.-79.1.0,r.-111.1.0/r.-79.1.0,r.-79.1.0/r.-111.1.0,r.-79.1.0/r.-111.1.0,r.-111.1.0/r.-79.1.0,r.-79.1.0/r.-111.1.0,r.-79.1.0/r.-111.1.0,r.-111.1.0/r.-79.1.0,r.-79.1.0/r.-111.1.0,r.-79.1.0/r.-111.1.0,r.-79.1.0/r.-111.1.0,r.-79.1.0/r.-111.1.0,r.-111.1.0/r.-79.1.0,r.-111.1.0/r.-79.1.0,r.-79.1.0/r.-111.1.0,r.-111.1.0/r.-79.1.0,r.-79.1.0/r.-111.1.0,r.-79.1.0/r.-111.1.0,r.-111.1.0/r.-79.1.0,r.-111.1.0/r.-79.1.0,r.-79.1.0/r.-111.1.0,r.-79.1.0/r.-111.1.0,r.-111.1.0/r.-79.1.0,r.-79.1.0/r.-111.1.0,r.-111.1.0/r.-79.1.0,r.-79.1.0/r.-111.1.0,r.-111.1.0/r.-79.1.0,r.-111.1.0/r.-79.1.0,r.-111.1.0/r.-79.1.0,r.-111.1.0/r.-79.1.0,r.-111.1.0/r.-79.1.0,r.-111.1.0/r.-79.1.0,r.-111.1.0/r.-79.1.0,r.-111.1.0/r.-79.1.0,r.-111.1.0/r.-79.1.0,r.-79.1.0/r.-111.1.0,r.-111.1.0/r.-79.1.0,r.-79.1.0/r.-111.1.0,r.-79.1.0/r.-111.1.0,r.-111.1.0/r.-79.1.0,r.-111.1.0/r.-79.1.0,r.-79.1.0/r.-111.1.0,r.-79.1.0/r.-111.1.0,r.-79.1.0/r.-111.1.0,r.-111.1.0/r.-79.1.0,r.-111.1.0/r.-79.1.0,r.-111.1.0/r.-79.1.0,r.-79.1.0/r.-111.1.0,r.-111.1.0/r.-79.1.0,r.-111.1.0/r.-79.1.0,r.-79.1.0/r.-111.1.0,r.-79.1.0/r.-111.1.0,r.-79.1.0/r.-111.1.0,r.-111.1.0/r.-79.1.0,r.-79.1.0/r.-111.1.0,r.-111.1.0/r.-79.1.0,r.-111.1.0/r.-79.1.0,r.-79.1.0/r.-111.1.0,r.-111.1.0/r.-79.1.0,r.-79.1.0/r.-111.1.0,r.-111.1.0/r.-79.1.0,r.-79.1.0/r.-111.1.0,r.-79.1.0/r.-111.1.0,r.-111.1.0/r.-79.1.0,r.-111.1.0/r.-79.1.0,r.-111.1.0/r.-79.1.0,r.-79.1.0/r.-111.1.0,r.-111.1.0/r.-79.1.0,r.-79.1.0/r.-111.1.0,r.-111.1.0/r.-79.1.0,r.-111.1.0/r.-79.1.0,r.-111.1.0/r.-79.1.0,r.-79.1.0/r.-111.1.0,r.-79.1.0/r.-111.1.0,r.-111.1.0/r.-79.1.0,r.-79.1.0/r.-111.1.0,r.-79.1.0/r.-111.1.0,,,,,,,,,,,,,,,,,,,,,,,,,,,,,,,,,,,,,,,,,,,,,,,,,,,,,,,,,,,,,,,,,,,,,,,,,,,,,,,,,,,,,,,,,,,,,,,,,,,,,,,,,,,,,,,,,,,,,,,,,,,,,,,,
553,r.-79.1.0/r.-111.1.0,r.-79.1.0/r.-111.1.0,r.-79.1.0/r.-111.1.0,r.-79.1.0/r.-111.1.0,r.-111.1.0/r.-79.1.0,r.-111.1.0/r.-79.1.0,r.-79.1.0/r.-111.1.0,r.-79.1.0/r.-111.1.0,r.-79.1.0/r.-111.1.0,r.-111.1.0/r.-79.1.0,r.-79.1.0/r.-111.1.0,r.-111.1.0/r.-79.1.0,r.-79.1.0/r.-111.1.0,r.-79.1.0/r.-111.1.0,r.-111.1.0/r.-79.1.0,r.-79.1.0/r.-111.1.0,r.-79.1.0/r.-111.1.0,r.-79.1.0/r.-111.1.0,r.-111.1.0/r.-79.1.0,r.-79.1.0/r.-111.1.0,r.-111.1.0/r.-79.1.0,r.-111.1.0/r.-79.1.0,r.-111.1.0/r.-79.1.0,r.-111.1.0/r.-79.1.0,r.-79.1.0/r.-111.1.0,r.-79.1.0/r.-111.1.0,r.-79.1.0/r.-111.1.0,r.-79.1.0/r.-111.1.0,r.-79.1.0/r.-111.1.0,r.-79.1.0/r.-111.1.0,r.-79.1.0/r.-111.1.0,r.-111.1.0/r.-79.1.0,r.-79.1.0/r.-111.1.0,r.-111.1.0/r.-79.1.0,r.-79.1.0/r.-111.1.0,r.-111.1.0/r.-79.1.0,r.-111.1.0/r.-79.1.0,r.-111.1.0/r.-79.1.0,r.-111.1.0/r.-79.1.0,r.-79.1.0/r.-111.1.0,r.-79.1.0/r.-111.1.0,r.-111.1.0/r.-79.1.0,r.-111.1.0/r.-79.1.0,r.-111.1.0/r.-79.1.0,r.-79.1.0/r.-111.1.0,r.-111.1.0/r.-79.1.0,r.-79.1.0/r.-111.1.0,r.-111.1.0/r.-79.1.0,r.-79.1.0/r.-111.1.0,r.-111.1.0/r.-79.1.0,r.-79.1.0/r.-111.1.0,r.-79.1.0/r.-111.1.0,r.-111.1.0/r.-79.1.0,r.-79.1.0/r.-111.1.0,r.-79.1.0/r.-111.1.0,r.-79.1.0/r.-111.1.0,r.-111.1.0/r.-79.1.0,r.-111.1.0/r.-79.1.0,r.-111.1.0/r.-79.1.0,r.-111.1.0/r.-79.1.0,r.-79.1.0/r.-111.1.0,r.-111.1.0/r.-79.1.0,r.-111.1.0/r.-79.1.0,r.-79.1.0/r.-111.1.0,r.-79.1.0/r.-111.1.0,r.-79.1.0/r.-111.1.0,r.-79.1.0/r.-111.1.0,r.-111.1.0/r.-79.1.0,r.-111.1.0/r.-79.1.0,r.-111.1.0/r.-79.1.0,r.-79.1.0/r.-111.1.0,r.-79.1.0/r.-111.1.0,r.-111.1.0/r.-79.1.0,r.-79.1.0/r.-111.1.0,r.-79.1.0/r.-111.1.0,r.-111.1.0/r.-79.1.0,r.-111.1.0/r.-79.1.0,r.-111.1.0/r.-79.1.0,r.-111.1.0/r.-79.1.0,r.-111.1.0/r.-79.1.0,r.-111.1.0/r.-79.1.0,r.-79.1.0/r.-111.1.0,r.-79.1.0/r.-111.1.0,r.-79.1.0/r.-111.1.0,r.-111.1.0/r.-79.1.0,r.-111.1.0/r.-79.1.0,r.-79.1.0/r.-111.1.0,r.-79.1.0/r.-111.1.0,r.-111.1.0/r.-79.1.0,r.-111.1.0/r.-79.1.0,r.-79.1.0/r.-111.1.0,r.-111.1.0/r.-79.1.0,r.-111.1.0/r.-79.1.0,r.-79.1.0/r.-111.1.0,,,,,,,,,,,,,,,,,,,,,,,,,,,,,,,,,,,,,,,,,,,,,,,,,,,,,,,,,,,,,,,,,,,,,,,,,,,,,,,,,,,,,,,,,,,,,,,,,,,,,,,,,,,,,,,,,,,,,,,,,,,,,,,,
554,r.-111.1.0/r.-79.1.0,r.-111.1.0/r.-79.1.0,r.-79.1.0/r.-111.1.0,r.-79.1.0/r.-111.1.0,r.-79.1.0/r.-111.1.0,r.-111.1.0/r.-79.1.0,r.-111.1.0/r.-79.1.0,r.-79.1.0/r.-111.1.0,r.-111.1.0/r.-79.1.0,r.-79.1.0/r.-111.1.0,r.-79.1.0/r.-111.1.0,r.-79.1.0/r.-111.1.0,r.-111.1.0/r.-79.1.0,r.-79.1.0/r.-111.1.0,r.-111.1.0/r.-79.1.0,r.-79.1.0/r.-111.1.0,r.-111.1.0/r.-79.1.0,r.-79.1.0/r.-111.1.0,r.-111.1.0/r.-79.1.0,r.-111.1.0/r.-79.1.0,r.-111.1.0/r.-79.1.0,r.-111.1.0/r.-79.1.0,r.-111.1.0/r.-79.1.0,r.-111.1.0/r.-79.1.0,r.-79.1.0/r.-111.1.0,r.-111.1.0/r.-79.1.0,r.-79.1.0/r.-111.1.0,r.-79.1.0/r.-111.1.0,r.-79.1.0/r.-111.1.0,r.-79.1.0/r.-111.1.0,r.-111.1.0/r.-79.1.0,r.-79.1.0/r.-111.1.0,r.-79.1.0/r.-111.1.0,r.-79.1.0/r.-111.1.0,r.-111.1.0/r.-79.1.0,r.-79.1.0/r.-111.1.0,r.-79.1.0/r.-111.1.0,r.-79.1.0/r.-111.1.0,r.-111.1.0/r.-79.1.0,r.-111.1.0/r.-79.1.0,r.-79.1.0/r.-111.1.0,r.-111.1.0/r.-79.1.0,r.-79.1.0/r.-111.1.0,r.-111.1.0/r.-79.1.0,r.-79.1.0/r.-111.1.0,r.-79.1.0/r.-111.1.0,r.-79.1.0/r.-111.1.0,r.-111.1.0/r.-79.1.0,r.-79.1.0/r.-111.1.0,r.-79.1.0/r.-111.1.0,r.-79.1.0/r.-111.1.0,r.-111.1.0/r.-79.1.0,r.-79.1.0/r.-111.1.0,r.-79.1.0/r.-111.1.0,r.-111.1.0/r.-79.1.0,r.-111.1.0/r.-79.1.0,r.-79.1.0/r.-111.1.0,r.-111.1.0/r.-79.1.0,r.-111.1.0/r.-79.1.0,r.-111.1.0/r.-79.1.0,r.-79.1.0/r.-111.1.0,r.-111.1.0/r.-79.1.0,r.-79.1.0/r.-111.1.0,r.-111.1.0/r.-79.1.0,r.-111.1.0/r.-79.1.0,r.-79.1.0/r.-111.1.0,r.-111.1.0/r.-79.1.0,r.-111.1.0/r.-79.1.0,r.-79.1.0/r.-111.1.0,r.-79.1.0/r.-111.1.0,r.-111.1.0/r.-79.1.0,r.-111.1.0/r.-79.1.0,r.-111.1.0/r.-79.1.0,r.-111.1.0/r.-79.1.0,r.-79.1.0/r.-111.1.0,r.-111.1.0/r.-79.1.0,r.-111.1.0/r.-79.1.0,r.-79.1.0/r.-111.1.0,r.-111.1.0/r.-79.1.0,r.-111.1.0/r.-79.1.0,r.-111.1.0/r.-79.1.0,r.-79.1.0/r.-111.1.0,r.-79.1.0/r.-111.1.0,r.-111.1.0/r.-79.1.0,r.-111.1.0/r.-79.1.0,r.-79.1.0/r.-111.1.0,r.-111.1.0/r.-79.1.0,r.-79.1.0/r.-111.1.0,r.-111.1.0/r.-79.1.0,r.-111.1.0/r.-79.1.0,r.-79.1.0/r.-111.1.0,r.-79.1.0/r.-111.1.0,r.-79.1.0/r.-111.1.0,r.-79.1.0/r.-111.1.0,,,,,,,,,,,,,,,,,,,,,,,,,,,,,,,,,,,,,,,,,,,,,,,,,,,,,,,,,,,,,,,,,,,,,,,,,,,,,,,,,,,,,,,,,,,,,,,,,,,,,,,,,,,,,,,,,,,,,,,,,,,,,,,,
555,r.-79.1.0/r.-111.1.0,r.-79.1.0/r.-111.1.0,r.-111.1.0/r.-79.1.0,r.-79.1.0/r.-111.1.0,r.-79.1.0/r.-111.1.0,r.-111.1.0/r.-79.1.0,r.-79.1.0/r.-111.1.0,r.-111.1.0/r.-79.1.0,r.-111.1.0/r.-79.1.0,r.-79.1.0/r.-111.1.0,r.-111.1.0/r.-79.1.0,r.-111.1.0/r.-79.1.0,r.-111.1.0/r.-79.1.0,r.-111.1.0/r.-79.1.0,r.-79.1.0/r.-111.1.0,r.-79.1.0/r.-111.1.0,r.-79.1.0/r.-111.1.0,r.-111.1.0/r.-79.1.0,r.-111.1.0/r.-79.1.0,r.-111.1.0/r.-79.1.0,r.-79.1.0/r.-111.1.0,r.-111.1.0/r.-79.1.0,r.-79.1.0/r.-111.1.0,r.-79.1.0/r.-111.1.0,r.-79.1.0/r.-111.1.0,r.-111.1.0/r.-79.1.0,r.-111.1.0/r.-79.1.0,r.-111.1.0/r.-79.1.0,r.-79.1.0/r.-111.1.0,r.-79.1.0/r.-111.1.0,r.-79.1.0/r.-111.1.0,r.-111.1.0/r.-79.1.0,r.-79.1.0/r.-111.1.0,r.-79.1.0/r.-111.1.0,r.-111.1.0/r.-79.1.0,r.-79.1.0/r.-111.1.0,r.-79.1.0/r.-111.1.0,r.-111.1.0/r.-79.1.0,r.-79.1.0/r.-111.1.0,r.-111.1.0/r.-79.1.0,r.-79.1.0/r.-111.1.0,r.-111.1.0/r.-79.1.0,r.-111.1.0/r.-79.1.0,r.-79.1.0/r.-111.1.0,r.-79.1.0/r.-111.1.0,r.-79.1.0/r.-111.1.0,r.-111.1.0/r.-79.1.0,r.-111.1.0/r.-79.1.0,r.-79.1.0/r.-111.1.0,r.-111.1.0/r.-79.1.0,r.-111.1.0/r.-79.1.0,r.-111.1.0/r.-79.1.0,r.-79.1.0/r.-111.1.0,r.-79.1.0/r.-111.1.0,r.-111.1.0/r.-79.1.0,r.-79.1.0/r.-111.1.0,r.-79.1.0/r.-111.1.0,r.-111.1.0/r.-79.1.0,r.-79.1.0/r.-111.1.0,r.-111.1.0/r.-79.1.0,r.-79.1.0/r.-111.1.0,r.-111.1.0/r.-79.1.0,r.-79.1.0/r.-111.1.0,r.-79.1.0/r.-111.1.0,r.-79.1.0/r.-111.1.0,r.-79.1.0/r.-111.1.0,r.-79.1.0/r.-111.1.0,r.-79.1.0/r.-111.1.0,r.-111.1.0/r.-79.1.0,r.-111.1.0/r.-79.1.0,r.-79.1.0/r.-111.1.0,r.-111.1.0/r.-79.1.0,r.-111.1.0/r.-79.1.0,r.-111.1.0/r.-79.1.0,r.-79.1.0/r.-111.1.0,r.-111.1.0/r.-79.1.0,r.-79.1.0/r.-111.1.0,r.-111.1.0/r.-79.1.0,r.-79.1.0/r.-111.1.0,r.-79.1.0/r.-111.1.0,r.-111.1.0/r.-79.1.0,r.-79.1.0/r.-111.1.0,r.-111.1.0/r.-79.1.0,r.-111.1.0/r.-79.1.0,r.-111.1.0/r.-79.1.0,r.-111.1.0/r.-79.1.0,r.-111.1.0/r.-79.1.0,r.-111.1.0/r.-79.1.0,r.-79.1.0/r.-111.1.0,r.-79.1.0/r.-111.1.0,r.-79.1.0/r.-111.1.0,r.-79.1.0/r.-111.1.0,r.-111.1.0/r.-79.1.0,r.-111.1.0/r.-79.1.0,,,,,,,,,,,,,,,,,,,,,,,,,,,,,,,,,,,,,,,,,,,,,,,,,,,,,,,,,,,,,,,,,,,,,,,,,,,,,,,,,,,,,,,,,,,,,,,,,,,,,,,,,,,,,,,,,,,,,,,,,,,,,,,,
556,r.-111.1.0/r.-79.1.0,r.-111.1.0/r.-79.1.0,r.-111.1.0/r.-79.1.0,r.-79.1.0/r.-111.1.0,r.-79.1.0/r.-111.1.0,r.-111.1.0/r.-79.1.0,r.-111.1.0/r.-79.1.0,r.-79.1.0/r.-111.1.0,r.-79.1.0/r.-111.1.0,r.-111.1.0/r.-79.1.0,r.-79.1.0/r.-111.1.0,r.-79.1.0/r.-111.1.0,r.-79.1.0/r.-111.1.0,r.-111.1.0/r.-79.1.0,r.-111.1.0/r.-79.1.0,r.-79.1.0/r.-111.1.0,r.-79.1.0/r.-111.1.0,r.-79.1.0/r.-111.1.0,r.-79.1.0/r.-111.1.0,r.-111.1.0/r.-79.1.0,r.-111.1.0/r.-79.1.0,r.-79.1.0/r.-111.1.0,r.-79.1.0/r.-111.1.0,r.-111.1.0/r.-79.1.0,r.-111.1.0/r.-79.1.0,r.-111.1.0/r.-79.1.0,r.-111.1.0/r.-79.1.0,r.-111.1.0/r.-79.1.0,r.-79.1.0/r.-111.1.0,r.-111.1.0/r.-79.1.0,r.-79.1.0/r.-111.1.0,r.-111.1.0/r.-79.1.0,r.-111.1.0/r.-79.1.0,r.-79.1.0/r.-111.1.0,r.-111.1.0/r.-79.1.0,r.-79.1.0/r.-111.1.0,r.-79.1.0/r.-111.1.0,r.-79.1.0/r.-111.1.0,r.-111.1.0/r.-79.1.0,r.-111.1.0/r.-79.1.0,r.-111.1.0/r.-79.1.0,r.-111.1.0/r.-79.1.0,r.-79.1.0/r.-111.1.0,r.-79.1.0/r.-111.1.0,r.-111.1.0/r.-79.1.0,r.-111.1.0/r.-79.1.0,r.-111.1.0/r.-79.1.0,r.-79.1.0/r.-111.1.0,r.-79.1.0/r.-111.1.0,r.-111.1.0/r.-79.1.0,r.-111.1.0/r.-79.1.0,r.-79.1.0/r.-111.1.0,r.-79.1.0/r.-111.1.0,r.-79.1.0/r.-111.1.0,r.-79.1.0/r.-111.1.0,r.-111.1.0/r.-79.1.0,r.-79.1.0/r.-111.1.0,r.-79.1.0/r.-111.1.0,r.-79.1.0/r.-111.1.0,r.-111.1.0/r.-79.1.0,r.-79.1.0/r.-111.1.0,r.-111.1.0/r.-79.1.0,r.-79.1.0/r.-111.1.0,r.-79.1.0/r.-111.1.0,r.-79.1.0/r.-111.1.0,r.-111.1.0/r.-79.1.0,r.-111.1.0/r.-79.1.0,r.-79.1.0/r.-111.1.0,r.-111.1.0/r.-79.1.0,r.-111.1.0/r.-79.1.0,r.-111.1.0/r.-79.1.0,r.-79.1.0/r.-111.1.0,r.-79.1.0/r.-111.1.0,r.-111.1.0/r.-79.1.0,r.-111.1.0/r.-79.1.0,r.-79.1.0/r.-111.1.0,r.-79.1.0/r.-111.1.0,r.-111.1.0/r.-79.1.0,r.-111.1.0/r.-79.1.0,r.-79.1.0/r.-111.1.0,r.-111.1.0/r.-79.1.0,r.-111.1.0/r.-79.1.0,r.-79.1.0/r.-111.1.0,r.-111.1.0/r.-79.1.0,r.-79.1.0/r.-111.1.0,r.-111.1.0/r.-79.1.0,r.-79.1.0/r.-111.1.0,r.-111.1.0/r.-79.1.0,r.-111.1.0/r.-79.1.0,r.-79.1.0/r.-111.1.0,r.-111.1.0/r.-79.1.0,r.-111.1.0/r.-79.1.0,r.-79.1.0/r.-111.1.0,r.-79.1.0/r.-111.1.0,,,,,,,,,,,,,,,,,,,,,,,,,,,,,,,,,,,,,,,,,,,,,,,,,,,,,,,,,,,,,,,,,,,,,,,,,,,,,,,,,,,,,,,,,,,,,,,,,,,,,,,,,,,,,,,,,,,,,,,,,,,,,,,,
557,r.-79.1.0/r.-111.1.0,r.-79.1.0/r.-111.1.0,r.-79.1.0/r.-111.1.0,r.-111.1.0/r.-79.1.0,r.-111.1.0/r.-79.1.0,r.-79.1.0/r.-111.1.0,r.-79.1.0/r.-111.1.0,r.-79.1.0/r.-111.1.0,r.-79.1.0/r.-111.1.0,r.-79.1.0/r.-111.1.0,r.-79.1.0/r.-111.1.0,r.-79.1.0/r.-111.1.0,r.-79.1.0/r.-111.1.0,r.-79.1.0/r.-111.1.0,r.-111.1.0/r.-79.1.0,r.-79.1.0/r.-111.1.0,r.-111.1.0/r.-79.1.0,r.-111.1.0/r.-79.1.0,r.-79.1.0/r.-111.1.0,r.-79.1.0/r.-111.1.0,r.-79.1.0/r.-111.1.0,r.-111.1.0/r.-79.1.0,r.-79.1.0/r.-111.1.0,r.-111.1.0/r.-79.1.0,r.-79.1.0/r.-111.1.0,r.-79.1.0/r.-111.1.0,r.-79.1.0/r.-111.1.0,r.-79.1.0/r.-111.1.0,r.-111.1.0/r.-79.1.0,r.-79.1.0/r.-111.1.0,r.-79.1.0/r.-111.1.0,r.-79.1.0/r.-111.1.0,r.-111.1.0/r.-79.1.0,r.-79.1.0/r.-111.1.0,r.-79.1.0/r.-111.1.0,r.-79.1.0/r.-111.1.0,r.-79.1.0/r.-111.1.0,r.-111.1.0/r.-79.1.0,r.-111.1.0/r.-79.1.0,r.-111.1.0/r.-79.1.0,r.-79.1.0/r.-111.1.0,r.-79.1.0/r.-111.1.0,r.-111.1.0/r.-79.1.0,r.-79.1.0/r.-111.1.0,r.-111.1.0/r.-79.1.0,r.-79.1.0/r.-111.1.0,r.-111.1.0/r.-79.1.0,r.-111.1.0/r.-79.1.0,r.-79.1.0/r.-111.1.0,r.-79.1.0/r.-111.1.0,r.-79.1.0/r.-111.1.0,r.-111.1.0/r.-79.1.0,r.-79.1.0/r.-111.1.0,r.-79.1.0/r.-111.1.0,r.-79.1.0/r.-111.1.0,r.-111.1.0/r.-79.1.0,r.-79.1.0/r.-111.1.0,r.-79.1.0/r.-111.1.0,r.-79.1.0/r.-111.1.0,r.-111.1.0/r.-79.1.0,r.-79.1.0/r.-111.1.0,r.-111.1.0/r.-79.1.0,r.-79.1.0/r.-111.1.0,r.-79.1.0/r.-111.1.0,r.-111.1.0/r.-79.1.0,r.-111.1.0/r.-79.1.0,r.-111.1.0/r.-79.1.0,r.-79.1.0/r.-111.1.0,r.-79.1.0/r.-111.1.0,r.-111.1.0/r.-79.1.0,r.-79.1.0/r.-111.1.0,r.-79.1.0/r.-111.1.0,r.-79.1.0/r.-111.1.0,r.-79.1.0/r.-111.1.0,r.-111.1.0/r.-79.1.0,r.-111.1.0/r.-79.1.0,r.-111.1.0/r.-79.1.0,r.-111.1.0/r.-79.1.0,r.-111.1.0/r.-79.1.0,r.-79.1.0/r.-111.1.0,r.-111.1.0/r.-79.1.0,r.-111.1.0/r.-79.1.0,r.-79.1.0/r.-111.1.0,r.-79.1.0/r.-111.1.0,r.-79.1.0/r.-111.1.0,r.-111.1.0/r.-79.1.0,r.-79.1.0/r.-111.1.0,r.-111.1.0/r.-79.1.0,r.-79.1.0/r.-111.1.0,r.-111.1.0/r.-79.1.0,r.-79.1.0/r.-111.1.0,r.-111.1.0/r.-79.1.0,r.-111.1.0/r.-79.1.0,r.-79.1.0/r.-111.1.0,,,,,,,,,,,,,,,,,,,,,,,,,,,,,,,,,,,,,,,,,,,,,,,,,,,,,,,,,,,,,,,,,,,,,,,,,,,,,,,,,,,,,,,,,,,,,,,,,,,,,,,,,,,,,,,,,,,,,,,,,,,,,,,,
558,r.-111.1.0/r.-79.1.0,r.-111.1.0/r.-79.1.0,r.-79.1.0/r.-111.1.0,r.-79.1.0/r.-111.1.0,r.-79.1.0/r.-111.1.0,r.-79.1.0/r.-111.1.0,r.-79.1.0/r.-111.1.0,r.-111.1.0/r.-79.1.0,r.-111.1.0/r.-79.1.0,r.-111.1.0/r.-79.1.0,r.-111.1.0/r.-79.1.0,r.-79.1.0/r.-111.1.0,r.-79.1.0/r.-111.1.0,r.-111.1.0/r.-79.1.0,r.-111.1.0/r.-79.1.0,r.-111.1.0/r.-79.1.0,r.-111.1.0/r.-79.1.0,r.-79.1.0/r.-111.1.0,r.-79.1.0/r.-111.1.0,r.-111.1.0/r.-79.1.0,r.-79.1.0/r.-111.1.0,r.-79.1.0/r.-111.1.0,r.-79.1.0/r.-111.1.0,r.-79.1.0/r.-111.1.0,r.-79.1.0/r.-111.1.0,r.-79.1.0/r.-111.1.0,r.-111.1.0/r.-79.1.0,r.-111.1.0/r.-79.1.0,r.-111.1.0/r.-79.1.0,r.-79.1.0/r.-111.1.0,r.-111.1.0/r.-79.1.0,r.-79.1.0/r.-111.1.0,r.-79.1.0/r.-111.1.0,r.-79.1.0/r.-111.1.0,r.-79.1.0/r.-111.1.0,r.-111.1.0/r.-79.1.0,r.-79.1.0/r.-111.1.0,r.-111.1.0/r.-79.1.0,r.-79.1.0/r.-111.1.0,r.-111.1.0/r.-79.1.0,r.-111.1.0/r.-79.1.0,r.-111.1.0/r.-79.1.0,r.-111.1.0/r.-79.1.0,r.-111.1.0/r.-79.1.0,r.-79.1.0/r.-111.1.0,r.-111.1.0/r.-79.1.0,r.-111.1.0/r.-79.1.0,r.-111.1.0/r.-79.1.0,r.-111.1.0/r.-79.1.0,r.-79.1.0/r.-111.1.0,r.-111.1.0/r.-79.1.0,r.-79.1.0/r.-111.1.0,r.-111.1.0/r.-79.1.0,r.-111.1.0/r.-79.1.0,r.-79.1.0/r.-111.1.0,r.-79.1.0/r.-111.1.0,r.-79.1.0/r.-111.1.0,r.-111.1.0/r.-79.1.0,r.-111.1.0/r.-79.1.0,r.-79.1.0/r.-111.1.0,r.-111.1.0/r.-79.1.0,r.-111.1.0/r.-79.1.0,r.-111.1.0/r.-79.1.0,r.-79.1.0/r.-111.1.0,r.-79.1.0/r.-111.1.0,r.-111.1.0/r.-79.1.0,r.-111.1.0/r.-79.1.0,r.-111.1.0/r.-79.1.0,r.-111.1.0/r.-79.1.0,r.-111.1.0/r.-79.1.0,r.-79.1.0/r.-111.1.0,r.-79.1.0/r.-111.1.0,r.-79.1.0/r.-111.1.0,r.-111.1.0/r.-79.1.0,r.-79.1.0/r.-111.1.0,r.-79.1.0/r.-111.1.0,r.-111.1.0/r.-79.1.0,r.-111.1.0/r.-79.1.0,r.-79.1.0/r.-111.1.0,r.-79.1.0/r.-111.1.0,r.-111.1.0/r.-79.1.0,r.-79.1.0/r.-111.1.0,r.-79.1.0/r.-111.1.0,r.-79.1.0/r.-111.1.0,r.-79.1.0/r.-111.1.0,r.-111.1.0/r.-79.1.0,r.-111.1.0/r.-79.1.0,r.-79.1.0/r.-111.1.0,r.-111.1.0/r.-79.1.0,r.-111.1.0/r.-79.1.0,r.-111.1.0/r.-79.1.0,r.-111.1.0/r.-79.1.0,r.-111.1.0/r.-79.1.0,r.-111.1.0/r.-79.1.0,,,,,,,,,,,,,,,,,,,,,,,,,,,,,,,,,,,,,,,,,,,,,,,,,,,,,,,,,,,,,,,,,,,,,,,,,,,,,,,,,,,,,,,,,,,,,,,,,,,,,,,,,,,,,,,,,,,,,,,,,,,,,,,,
559,r.-79.1.0/r.-111.1.0,r.-111.1.0/r.-79.1.0,r.-79.1.0/r.-111.1.0,r.-111.1.0/r.-79.1.0,r.-79.1.0/r.-111.1.0,r.-79.1.0/r.-111.1.0,r.-111.1.0/r.-79.1.0,r.-79.1.0/r.-111.1.0,r.-79.1.0/r.-111.1.0,r.-79.1.0/r.-111.1.0,r.-79.1.0/r.-111.1.0,r.-111.1.0/r.-79.1.0,r.-111.1.0/r.-79.1.0,r.-111.1.0/r.-79.1.0,r.-111.1.0/r.-79.1.0,r.-111.1.0/r.-79.1.0,r.-79.1.0/r.-111.1.0,r.-79.1.0/r.-111.1.0,r.-79.1.0/r.-111.1.0,r.-79.1.0/r.-111.1.0,r.-79.1.0/r.-111.1.0,r.-111.1.0/r.-79.1.0,r.-111.1.0/r.-79.1.0,r.-79.1.0/r.-111.1.0,r.-111.1.0/r.-79.1.0,r.-79.1.0/r.-111.1.0,r.-79.1.0/r.-111.1.0,r.-79.1.0/r.-111.1.0,r.-79.1.0/r.-111.1.0,r.-79.1.0/r.-111.1.0,r.-111.1.0/r.-79.1.0,r.-79.1.0/r.-111.1.0,r.-111.1.0/r.-79.1.0,r.-111.1.0/r.-79.1.0,r.-111.1.0/r.-79.1.0,r.-79.1.0/r.-111.1.0,r.-79.1.0/r.-111.1.0,r.-79.1.0/r.-111.1.0,r.-79.1.0/r.-111.1.0,r.-79.1.0/r.-111.1.0,r.-79.1.0/r.-111.1.0,r.-79.1.0/r.-111.1.0,r.-111.1.0/r.-79.1.0,r.-111.1.0/r.-79.1.0,r.-111.1.0/r.-79.1.0,r.-111.1.0/r.-79.1.0,r.-111.1.0/r.-79.1.0,r.-111.1.0/r.-79.1.0,r.-79.1.0/r.-111.1.0,r.-79.1.0/r.-111.1.0,r.-79.1.0/r.-111.1.0,r.-111.1.0/r.-79.1.0,r.-111.1.0/r.-79.1.0,r.-79.1.0/r.-111.1.0,r.-79.1.0/r.-111.1.0,r.-79.1.0/r.-111.1.0,r.-111.1.0/r.-79.1.0,r.-111.1.0/r.-79.1.0,r.-111.1.0/r.-79.1.0,r.-79.1.0/r.-111.1.0,r.-79.1.0/r.-111.1.0,r.-79.1.0/r.-111.1.0,r.-79.1.0/r.-111.1.0,r.-79.1.0/r.-111.1.0,r.-111.1.0/r.-79.1.0,r.-111.1.0/r.-79.1.0,r.-79.1.0/r.-111.1.0,r.-79.1.0/r.-111.1.0,r.-111.1.0/r.-79.1.0,r.-111.1.0/r.-79.1.0,r.-111.1.0/r.-79.1.0,r.-111.1.0/r.-79.1.0,r.-111.1.0/r.-79.1.0,r.-111.1.0/r.-79.1.0,r.-111.1.0/r.-79.1.0,r.-79.1.0/r.-111.1.0,r.-79.1.0/r.-111.1.0,r.-79.1.0/r.-111.1.0,r.-111.1.0/r.-79.1.0,r.-79.1.0/r.-111.1.0,r.-79.1.0/r.-111.1.0,r.-79.1.0/r.-111.1.0,r.-79.1.0/r.-111.1.0,r.-79.1.0/r.-111.1.0,r.-111.1.0/r.-79.1.0,r.-79.1.0/r.-111.1.0,r.-111.1.0/r.-79.1.0,r.-79.1.0/r.-111.1.0,r.-79.1.0/r.-111.1.0,r.-111.1.0/r.-79.1.0,r.-111.1.0/r.-79.1.0,r.-79.1.0/r.-111.1.0,r.-79.1.0/r.-111.1.0,r.-111.1.0/r.-79.1.0,,,,,,,,,,,,,,,,,,,,,,,,,,,,,,,,,,,,,,,,,,,,,,,,,,,,,,,,,,,,,,,,,,,,,,,,,,,,,,,,,,,,,,,,,,,,,,,,,,,,,,,,,,,,,,,,,,,,,,,,,,,,,,,,
560,r.-79.1.0/r.-111.1.0,r.-79.1.0/r.-111.1.0,r.-111.1.0/r.-79.1.0,r.-79.1.0/r.-111.1.0,r.-111.1.0/r.-79.1.0,r.-79.1.0/r.-111.1.0,r.-111.1.0/r.-79.1.0,r.-79.1.0/r.-111.1.0,r.-79.1.0/r.-111.1.0,r.-111.1.0/r.-79.1.0,r.-111.1.0/r.-79.1.0,r.-111.1.0/r.-79.1.0,r.-79.1.0/r.-111.1.0,r.-111.1.0/r.-79.1.0,r.-79.1.0/r.-111.1.0,r.-111.1.0/r.-79.1.0,r.-111.1.0/r.-79.1.0,r.-79.1.0/r.-111.1.0,r.-111.1.0/r.-79.1.0,r.-111.1.0/r.-79.1.0,r.-111.1.0/r.-79.1.0,r.-79.1.0/r.-111.1.0,r.-79.1.0/r.-111.1.0,r.-111.1.0/r.-79.1.0,r.-111.1.0/r.-79.1.0,r.-111.1.0/r.-79.1.0,r.-79.1.0/r.-111.1.0,r.-79.1.0/r.-111.1.0,r.-79.1.0/r.-111.1.0,r.-79.1.0/r.-111.1.0,r.-111.1.0/r.-79.1.0,r.-79.1.0/r.-111.1.0,r.-79.1.0/r.-111.1.0,r.-111.1.0/r.-79.1.0,r.-79.1.0/r.-111.1.0,r.-111.1.0/r.-79.1.0,r.-111.1.0/r.-79.1.0,r.-111.1.0/r.-79.1.0,r.-111.1.0/r.-79.1.0,r.-79.1.0/r.-111.1.0,r.-79.1.0/r.-111.1.0,r.-111.1.0/r.-79.1.0,r.-79.1.0/r.-111.1.0,r.-111.1.0/r.-79.1.0,r.-111.1.0/r.-79.1.0,r.-79.1.0/r.-111.1.0,r.-79.1.0/r.-111.1.0,r.-79.1.0/r.-111.1.0,r.-79.1.0/r.-111.1.0,r.-79.1.0/r.-111.1.0,r.-111.1.0/r.-79.1.0,r.-79.1.0/r.-111.1.0,r.-111.1.0/r.-79.1.0,r.-111.1.0/r.-79.1.0,r.-111.1.0/r.-79.1.0,r.-111.1.0/r.-79.1.0,r.-111.1.0/r.-79.1.0,r.-111.1.0/r.-79.1.0,r.-111.1.0/r.-79.1.0,r.-79.1.0/r.-111.1.0,r.-79.1.0/r.-111.1.0,r.-111.1.0/r.-79.1.0,r.-79.1.0/r.-111.1.0,r.-111.1.0/r.-79.1.0,r.-111.1.0/r.-79.1.0,r.-111.1.0/r.-79.1.0,r.-111.1.0/r.-79.1.0,r.-111.1.0/r.-79.1.0,r.-111.1.0/r.-79.1.0,r.-79.1.0/r.-111.1.0,r.-79.1.0/r.-111.1.0,r.-79.1.0/r.-111.1.0,r.-111.1.0/r.-79.1.0,r.-111.1.0/r.-79.1.0,r.-79.1.0/r.-111.1.0,r.-111.1.0/r.-79.1.0,r.-79.1.0/r.-111.1.0,r.-79.1.0/r.-111.1.0,r.-111.1.0/r.-79.1.0,r.-79.1.0/r.-111.1.0,r.-111.1.0/r.-79.1.0,r.-111.1.0/r.-79.1.0,r.-79.1.0/r.-111.1.0,r.-79.1.0/r.-111.1.0,r.-79.1.0/r.-111.1.0,r.-111.1.0/r.-79.1.0,r.-111.1.0/r.-79.1.0,r.-111.1.0/r.-79.1.0,r.-111.1.0/r.-79.1.0,r.-111.1.0/r.-79.1.0,r.-111.1.0/r.-79.1.0,r.-111.1.0/r.-79.1.0,r.-111.1.0/r.-79.1.0,r.-111.1.0/r.-79.1.0,,,,,,,,,,,,,,,,,,,,,,,,,,,,,,,,,,,,,,,,,,,,,,,,,,,,,,,,,,,,,,,,,,,,,,,,,,,,,,,,,,,,,,,,,,,,,,,,,,,,,,,,,,,,,,,,,,,,,,,,,,,,,,,,
561,r.-111.1.0/r.-79.1.0,r.-79.1.0/r.-111.1.0,r.-79.1.0/r.-111.1.0,r.-111.1.0/r.-79.1.0,r.-111.1.0/r.-79.1.0,r.-111.1.0/r.-79.1.0,r.-79.1.0/r.-111.1.0,r.-79.1.0/r.-111.1.0,r.-111.1.0/r.-79.1.0,r.-79.1.0/r.-111.1.0,r.-111.1.0/r.-79.1.0,r.-79.1.0/r.-111.1.0,r.-79.1.0/r.-111.1.0,r.-111.1.0/r.-79.1.0,r.-111.1.0/r.-79.1.0,r.-79.1.0/r.-111.1.0,r.-79.1.0/r.-111.1.0,r.-111.1.0/r.-79.1.0,r.-79.1.0/r.-111.1.0,r.-79.1.0/r.-111.1.0,r.-111.1.0/r.-79.1.0,r.-111.1.0/r.-79.1.0,r.-79.1.0/r.-111.1.0,r.-111.1.0/r.-79.1.0,r.-79.1.0/r.-111.1.0,r.-111.1.0/r.-79.1.0,r.-79.1.0/r.-111.1.0,r.-79.1.0/r.-111.1.0,r.-79.1.0/r.-111.1.0,r.-79.1.0/r.-111.1.0,r.-79.1.0/r.-111.1.0,r.-111.1.0/r.-79.1.0,r.-79.1.0/r.-111.1.0,r.-111.1.0/r.-79.1.0,r.-79.1.0/r.-111.1.0,r.-111.1.0/r.-79.1.0,r.-111.1.0/r.-79.1.0,r.-111.1.0/r.-79.1.0,r.-79.1.0/r.-111.1.0,r.-79.1.0/r.-111.1.0,r.-111.1.0/r.-79.1.0,r.-111.1.0/r.-79.1.0,r.-79.1.0/r.-111.1.0,r.-111.1.0/r.-79.1.0,r.-111.1.0/r.-79.1.0,r.-111.1.0/r.-79.1.0,r.-111.1.0/r.-79.1.0,r.-79.1.0/r.-111.1.0,r.-111.1.0/r.-79.1.0,r.-79.1.0/r.-111.1.0,r.-79.1.0/r.-111.1.0,r.-79.1.0/r.-111.1.0,r.-111.1.0/r.-79.1.0,r.-79.1.0/r.-111.1.0,r.-111.1.0/r.-79.1.0,r.-79.1.0/r.-111.1.0,r.-79.1.0/r.-111.1.0,r.-111.1.0/r.-79.1.0,r.-79.1.0/r.-111.1.0,r.-79.1.0/r.-111.1.0,r.-79.1.0/r.-111.1.0,r.-111.1.0/r.-79.1.0,r.-79.1.0/r.-111.1.0,r.-79.1.0/r.-111.1.0,r.-79.1.0/r.-111.1.0,r.-79.1.0/r.-111.1.0,r.-79.1.0/r.-111.1.0,r.-111.1.0/r.-79.1.0,r.-79.1.0/r.-111.1.0,r.-111.1.0/r.-79.1.0,r.-111.1.0/r.-79.1.0,r.-111.1.0/r.-79.1.0,r.-79.1.0/r.-111.1.0,r.-79.1.0/r.-111.1.0,r.-79.1.0/r.-111.1.0,r.-79.1.0/r.-111.1.0,r.-79.1.0/r.-111.1.0,r.-111.1.0/r.-79.1.0,r.-111.1.0/r.-79.1.0,r.-111.1.0/r.-79.1.0,r.-79.1.0/r.-111.1.0,r.-111.1.0/r.-79.1.0,r.-79.1.0/r.-111.1.0,r.-111.1.0/r.-79.1.0,r.-79.1.0/r.-111.1.0,r.-111.1.0/r.-79.1.0,r.-111.1.0/r.-79.1.0,r.-79.1.0/r.-111.1.0,r.-111.1.0/r.-79.1.0,r.-79.1.0/r.-111.1.0,r.-79.1.0/r.-111.1.0,r.-111.1.0/r.-79.1.0,r.-79.1.0/r.-111.1.0,r.-79.1.0/r.-111.1.0,,,,,,,,,,,,,,,,,,,,,,,,,,,,,,,,,,,,,,,,,,,,,,,,,,,,,,,,,,,,,,,,,,,,,,,,,,,,,,,,,,,,,,,,,,,,,,,,,,,,,,,,,,,,,,,,,,,,,,,,,,,,,,,,
562,r.-111.1.0/r.-79.1.0,r.-111.1.0/r.-79.1.0,r.-79.1.0/r.-111.1.0,r.-79.1.0/r.-111.1.0,r.-79.1.0/r.-111.1.0,r.-79.1.0/r.-111.1.0,r.-79.1.0/r.-111.1.0,r.-111.1.0/r.-79.1.0,r.-79.1.0/r.-111.1.0,r.-79.1.0/r.-111.1.0,r.-79.1.0/r.-111.1.0,r.-79.1.0/r.-111.1.0,r.-111.1.0/r.-79.1.0,r.-79.1.0/r.-111.1.0,r.-79.1.0/r.-111.1.0,r.-79.1.0/r.-111.1.0,r.-79.1.0/r.-111.1.0,r.-79.1.0/r.-111.1.0,r.-79.1.0/r.-111.1.0,r.-79.1.0/r.-111.1.0,r.-79.1.0/r.-111.1.0,r.-111.1.0/r.-79.1.0,r.-111.1.0/r.-79.1.0,r.-79.1.0/r.-111.1.0,r.-79.1.0/r.-111.1.0,r.-111.1.0/r.-79.1.0,r.-111.1.0/r.-79.1.0,r.-79.1.0/r.-111.1.0,r.-79.1.0/r.-111.1.0,r.-111.1.0/r.-79.1.0,r.-79.1.0/r.-111.1.0,r.-79.1.0/r.-111.1.0,r.-79.1.0/r.-111.1.0,r.-79.1.0/r.-111.1.0,r.-79.1.0/r.-111.1.0,r.-79.1.0/r.-111.1.0,r.-111.1.0/r.-79.1.0,r.-111.1.0/r.-79.1.0,r.-111.1.0/r.-79.1.0,r.-79.1.0/r.-111.1.0,r.-79.1.0/r.-111.1.0,r.-79.1.0/r.-111.1.0,r.-111.1.0/r.-79.1.0,r.-111.1.0/r.-79.1.0,r.-111.1.0/r.-79.1.0,r.-79.1.0/r.-111.1.0,r.-111.1.0/r.-79.1.0,r.-79.1.0/r.-111.1.0,r.-111.1.0/r.-79.1.0,r.-111.1.0/r.-79.1.0,r.-111.1.0/r.-79.1.0,r.-111.1.0/r.-79.1.0,r.-111.1.0/r.-79.1.0,r.-79.1.0/r.-111.1.0,r.-79.1.0/r.-111.1.0,r.-111.1.0/r.-79.1.0,r.-111.1.0/r.-79.1.0,r.-79.1.0/r.-111.1.0,r.-79.1.0/r.-111.1.0,r.-79.1.0/r.-111.1.0,r.-79.1.0/r.-111.1.0,r.-111.1.0/r.-79.1.0,r.-111.1.0/r.-79.1.0,r.-79.1.0/r.-111.1.0,r.-79.1.0/r.-111.1.0,r.-111.1.0/r.-79.1.0,r.-111.1.0/r.-79.1.0,r.-111.1.0/r.-79.1.0,r.-111.1.0/r.-79.1.0,r.-111.1.0/r.-79.1.0,r.-79.1.0/r.-111.1.0,r.-79.1.0/r.-111.1.0,r.-111.1.0/r.-79.1.0,r.-111.1.0/r.-79.1.0,r.-111.1.0/r.-79.1.0,r.-79.1.0/r.-111.1.0,r.-111.1.0/r.-79.1.0,r.-111.1.0/r.-79.1.0,r.-111.1.0/r.-79.1.0,r.-111.1.0/r.-79.1.0,r.-79.1.0/r.-111.1.0,r.-79.1.0/r.-111.1.0,r.-79.1.0/r.-111.1.0,r.-79.1.0/r.-111.1.0,r.-111.1.0/r.-79.1.0,r.-111.1.0/r.-79.1.0,r.-111.1.0/r.-79.1.0,r.-79.1.0/r.-111.1.0,r.-79.1.0/r.-111.1.0,r.-111.1.0/r.-79.1.0,r.-79.1.0/r.-111.1.0,r.-111.1.0/r.-79.1.0,r.-79.1.0/r.-111.1.0,r.-111.1.0/r.-79.1.0,,,,,,,,,,,,,,,,,,,,,,,,,,,,,,,,,,,,,,,,,,,,,,,,,,,,,,,,,,,,,,,,,,,,,,,,,,,,,,,,,,,,,,,,,,,,,,,,,,,,,,,,,,,,,,,,,,,,,,,,,,,,,,,,
563,r.-79.1.0/r.-111.1.0,r.-79.1.0/r.-111.1.0,r.-111.1.0/r.-79.1.0,r.-111.1.0/r.-79.1.0,r.-79.1.0/r.-111.1.0,r.-111.1.0/r.-79.1.0,r.-111.1.0/r.-79.1.0,r.-111.1.0/r.-79.1.0,r.-111.1.0/r.-79.1.0,r.-79.1.0/r.-111.1.0,r.-79.1.0/r.-111.1.0,r.-79.1.0/r.-111.1.0,r.-111.1.0/r.-79.1.0,r.-79.1.0/r.-111.1.0,r.-111.1.0/r.-79.1.0,r.-79.1.0/r.-111.1.0,r.-111.1.0/r.-79.1.0,r.-111.1.0/r.-79.1.0,r.-79.1.0/r.-111.1.0,r.-79.1.0/r.-111.1.0,r.-79.1.0/r.-111.1.0,r.-79.1.0/r.-111.1.0,r.-111.1.0/r.-79.1.0,r.-111.1.0/r.-79.1.0,r.-111.1.0/r.-79.1.0,r.-79.1.0/r.-111.1.0,r.-111.1.0/r.-79.1.0,r.-111.1.0/r.-79.1.0,r.-79.1.0/r.-111.1.0,r.-111.1.0/r.-79.1.0,r.-79.1.0/r.-111.1.0,r.-79.1.0/r.-111.1.0,r.-79.1.0/r.-111.1.0,r.-111.1.0/r.-79.1.0,r.-111.1.0/r.-79.1.0,r.-111.1.0/r.-79.1.0,r.-79.1.0/r.-111.1.0,r.-111.1.0/r.-79.1.0,r.-111.1.0/r.-79.1.0,r.-111.1.0/r.-79.1.0,r.-79.1.0/r.-111.1.0,r.-79.1.0/r.-111.1.0,r.-79.1.0/r.-111.1.0,r.-79.1.0/r.-111.1.0,r.-111.1.0/r.-79.1.0,r.-111.1.0/r.-79.1.0,r.-79.1.0/r.-111.1.0,r.-111.1.0/r.-79.1.0,r.-111.1.0/r.-79.1.0,r.-111.1.0/r.-79.1.0,r.-79.1.0/r.-111.1.0,r.-79.1.0/r.-111.1.0,r.-79.1.0/r.-111.1.0,r.-111.1.0/r.-79.1.0,r.-111.1.0/r.-79.1.0,r.-79.1.0/r.-111.1.0,r.-79.1.0/r.-111.1.0,r.-111.1.0/r.-79.1.0,r.-79.1.0/r.-111.1.0,r.-111.1.0/r.-79.1.0,r.-111.1.0/r.-79.1.0,r.-79.1.0/r.-111.1.0,r.-79.1.0/r.-111.1.0,r.-79.1.0/r.-111.1.0,r.-111.1.0/r.-79.1.0,r.-79.1.0/r.-111.1.0,r.-79.1.0/r.-111.1.0,r.-79.1.0/r.-111.1.0,r.-79.1.0/r.-111.1.0,r.-79.1.0/r.-111.1.0,r.-111.1.0/r.-79.1.0,r.-111.1.0/r.-79.1.0,r.-111.1.0/r.-79.1.0,r.-111.1.0/r.-79.1.0,r.-111.1.0/r.-79.1.0,r.-79.1.0/r.-111.1.0,r.-111.1.0/r.-79.1.0,r.-111.1.0/r.-79.1.0,r.-111.1.0/r.-79.1.0,r.-79.1.0/r.-111.1.0,r.-111.1.0/r.-79.1.0,r.-79.1.0/r.-111.1.0,r.-79.1.0/r.-111.1.0,r.-111.1.0/r.-79.1.0,r.-79.1.0/r.-111.1.0,r.-79.1.0/r.-111.1.0,r.-79.1.0/r.-111.1.0,r.-79.1.0/r.-111.1.0,r.-111.1.0/r.-79.1.0,r.-111.1.0/r.-79.1.0,r.-79.1.0/r.-111.1.0,r.-79.1.0/r.-111.1.0,r.-79.1.0/r.-111.1.0,r.-111.1.0/r.-79.1.0,,,,,,,,,,,,,,,,,,,,,,,,,,,,,,,,,,,,,,,,,,,,,,,,,,,,,,,,,,,,,,,,,,,,,,,,,,,,,,,,,,,,,,,,,,,,,,,,,,,,,,,,,,,,,,,,,,,,,,,,,,,,,,,,
564,r.-79.1.0/r.-111.1.0,r.-111.1.0/r.-79.1.0,r.-111.1.0/r.-79.1.0,r.-79.1.0/r.-111.1.0,r.-111.1.0/r.-79.1.0,r.-111.1.0/r.-79.1.0,r.-111.1.0/r.-79.1.0,r.-79.1.0/r.-111.1.0,r.-111.1.0/r.-79.1.0,r.-111.1.0/r.-79.1.0,r.-111.1.0/r.-79.1.0,r.-111.1.0/r.-79.1.0,r.-111.1.0/r.-79.1.0,r.-79.1.0/r.-111.1.0,r.-79.1.0/r.-111.1.0,r.-79.1.0/r.-111.1.0,r.-111.1.0/r.-79.1.0,r.-79.1.0/r.-111.1.0,r.-79.1.0/r.-111.1.0,r.-79.1.0/r.-111.1.0,r.-111.1.0/r.-79.1.0,r.-79.1.0/r.-111.1.0,r.-79.1.0/r.-111.1.0,r.-79.1.0/r.-111.1.0,r.-79.1.0/r.-111.1.0,r.-79.1.0/r.-111.1.0,r.-79.1.0/r.-111.1.0,r.-111.1.0/r.-79.1.0,r.-111.1.0/r.-79.1.0,r.-79.1.0/r.-111.1.0,r.-79.1.0/r.-111.1.0,r.-111.1.0/r.-79.1.0,r.-111.1.0/r.-79.1.0,r.-79.1.0/r.-111.1.0,r.-111.1.0/r.-79.1.0,r.-111.1.0/r.-79.1.0,r.-79.1.0/r.-111.1.0,r.-111.1.0/r.-79.1.0,r.-111.1.0/r.-79.1.0,r.-111.1.0/r.-79.1.0,r.-111.1.0/r.-79.1.0,r.-79.1.0/r.-111.1.0,r.-79.1.0/r.-111.1.0,r.-111.1.0/r.-79.1.0,r.-111.1.0/r.-79.1.0,r.-79.1.0/r.-111.1.0,r.-79.1.0/r.-111.1.0,r.-79.1.0/r.-111.1.0,r.-79.1.0/r.-111.1.0,r.-111.1.0/r.-79.1.0,r.-111.1.0/r.-79.1.0,r.-79.1.0/r.-111.1.0,r.-79.1.0/r.-111.1.0,r.-79.1.0/r.-111.1.0,r.-111.1.0/r.-79.1.0,r.-79.1.0/r.-111.1.0,r.-111.1.0/r.-79.1.0,r.-79.1.0/r.-111.1.0,r.-111.1.0/r.-79.1.0,r.-79.1.0/r.-111.1.0,r.-79.1.0/r.-111.1.0,r.-79.1.0/r.-111.1.0,r.-111.1.0/r.-79.1.0,r.-111.1.0/r.-79.1.0,r.-111.1.0/r.-79.1.0,r.-111.1.0/r.-79.1.0,r.-111.1.0/r.-79.1.0,r.-79.1.0/r.-111.1.0,r.-79.1.0/r.-111.1.0,r.-79.1.0/r.-111.1.0,r.-79.1.0/r.-111.1.0,r.-111.1.0/r.-79.1.0,r.-79.1.0/r.-111.1.0,r.-111.1.0/r.-79.1.0,r.-79.1.0/r.-111.1.0,r.-111.1.0/r.-79.1.0,r.-79.1.0/r.-111.1.0,r.-79.1.0/r.-111.1.0,r.-79.1.0/r.-111.1.0,r.-79.1.0/r.-111.1.0,r.-79.1.0/r.-111.1.0,r.-111.1.0/r.-79.1.0,r.-79.1.0/r.-111.1.0,r.-79.1.0/r.-111.1.0,r.-79.1.0/r.-111.1.0,r.-111.1.0/r.-79.1.0,r.-111.1.0/r.-79.1.0,r.-111.1.0/r.-79.1.0,r.-79.1.0/r.-111.1.0,r.-111.1.0/r.-79.1.0,r.-79.1.0/r.-111.1.0,r.-79.1.0/r.-111.1.0,r.-79.1.0/r.-111.1.0,r.-79.1.0/r.-111.1.0,,,,,,,,,,,,,,,,,,,,,,,,,,,,,,,,,,,,,,,,,,,,,,,,,,,,,,,,,,,,,,,,,,,,,,,,,,,,,,,,,,,,,,,,,,,,,,,,,,,,,,,,,,,,,,,,,,,,,,,,,,,,,,,,
565,r.-79.1.0/r.-111.1.0,r.-111.1.0/r.-79.1.0,r.-79.1.0/r.-111.1.0,r.-111.1.0/r.-79.1.0,r.-79.1.0/r.-111.1.0,r.-79.1.0/r.-111.1.0,r.-79.1.0/r.-111.1.0,r.-111.1.0/r.-79.1.0,r.-79.1.0/r.-111.1.0,r.-111.1.0/r.-79.1.0,r.-111.1.0/r.-79.1.0,r.-111.1.0/r.-79.1.0,r.-111.1.0/r.-79.1.0,r.-79.1.0/r.-111.1.0,r.-111.1.0/r.-79.1.0,r.-111.1.0/r.-79.1.0,r.-79.1.0/r.-111.1.0,r.-79.1.0/r.-111.1.0,r.-111.1.0/r.-79.1.0,r.-79.1.0/r.-111.1.0,r.-79.1.0/r.-111.1.0,r.-79.1.0/r.-111.1.0,r.-79.1.0/r.-111.1.0,r.-79.1.0/r.-111.1.0,r.-111.1.0/r.-79.1.0,r.-111.1.0/r.-79.1.0,r.-111.1.0/r.-79.1.0,r.-111.1.0/r.-79.1.0,r.-111.1.0/r.-79.1.0,r.-79.1.0/r.-111.1.0,r.-111.1.0/r.-79.1.0,r.-111.1.0/r.-79.1.0,r.-79.1.0/r.-111.1.0,r.-111.1.0/r.-79.1.0,r.-79.1.0/r.-111.1.0,r.-79.1.0/r.-111.1.0,r.-79.1.0/r.-111.1.0,r.-111.1.0/r.-79.1.0,r.-111.1.0/r.-79.1.0,r.-79.1.0/r.-111.1.0,r.-79.1.0/r.-111.1.0,r.-111.1.0/r.-79.1.0,r.-79.1.0/r.-111.1.0,r.-111.1.0/r.-79.1.0,r.-111.1.0/r.-79.1.0,r.-111.1.0/r.-79.1.0,r.-111.1.0/r.-79.1.0,r.-111.1.0/r.-79.1.0,r.-111.1.0/r.-79.1.0,r.-79.1.0/r.-111.1.0,r.-111.1.0/r.-79.1.0,r.-111.1.0/r.-79.1.0,r.-111.1.0/r.-79.1.0,r.-111.1.0/r.-79.1.0,r.-79.1.0/r.-111.1.0,r.-79.1.0/r.-111.1.0,r.-79.1.0/r.-111.1.0,r.-79.1.0/r.-111.1.0,r.-111.1.0/r.-79.1.0,r.-79.1.0/r.-111.1.0,r.-79.1.0/r.-111.1.0,r.-79.1.0/r.-111.1.0,r.-79.1.0/r.-111.1.0,r.-79.1.0/r.-111.1.0,r.-111.1.0/r.-79.1.0,r.-111.1.0/r.-79.1.0,r.-79.1.0/r.-111.1.0,r.-79.1.0/r.-111.1.0,r.-111.1.0/r.-79.1.0,r.-79.1.0/r.-111.1.0,r.-79.1.0/r.-111.1.0,r.-79.1.0/r.-111.1.0,r.-79.1.0/r.-111.1.0,r.-111.1.0/r.-79.1.0,r.-111.1.0/r.-79.1.0,r.-111.1.0/r.-79.1.0,r.-111.1.0/r.-79.1.0,r.-111.1.0/r.-79.1.0,r.-111.1.0/r.-79.1.0,r.-79.1.0/r.-111.1.0,r.-79.1.0/r.-111.1.0,r.-111.1.0/r.-79.1.0,r.-79.1.0/r.-111.1.0,r.-111.1.0/r.-79.1.0,r.-111.1.0/r.-79.1.0,r.-79.1.0/r.-111.1.0,r.-111.1.0/r.-79.1.0,r.-111.1.0/r.-79.1.0,r.-111.1.0/r.-79.1.0,r.-79.1.0/r.-111.1.0,r.-111.1.0/r.-79.1.0,r.-79.1.0/r.-111.1.0,r.-111.1.0/r.-79.1.0,r.-79.1.0/r.-111.1.0,,,,,,,,,,,,,,,,,,,,,,,,,,,,,,,,,,,,,,,,,,,,,,,,,,,,,,,,,,,,,,,,,,,,,,,,,,,,,,,,,,,,,,,,,,,,,,,,,,,,,,,,,,,,,,,,,,,,,,,,,,,,,,,,
566,r.-79.1.0/r.-111.1.0,r.-79.1.0/r.-111.1.0,r.-111.1.0/r.-79.1.0,r.-79.1.0/r.-111.1.0,r.-79.1.0/r.-111.1.0,r.-111.1.0/r.-79.1.0,r.-111.1.0/r.-79.1.0,r.-79.1.0/r.-111.1.0,r.-79.1.0/r.-111.1.0,r.-79.1.0/r.-111.1.0,r.-79.1.0/r.-111.1.0,r.-111.1.0/r.-79.1.0,r.-111.1.0/r.-79.1.0,r.-79.1.0/r.-111.1.0,r.-79.1.0/r.-111.1.0,r.-79.1.0/r.-111.1.0,r.-79.1.0/r.-111.1.0,r.-79.1.0/r.-111.1.0,r.-111.1.0/r.-79.1.0,r.-111.1.0/r.-79.1.0,r.-79.1.0/r.-111.1.0,r.-111.1.0/r.-79.1.0,r.-111.1.0/r.-79.1.0,r.-111.1.0/r.-79.1.0,r.-111.1.0/r.-79.1.0,r.-79.1.0/r.-111.1.0,r.-111.1.0/r.-79.1.0,r.-79.1.0/r.-111.1.0,r.-111.1.0/r.-79.1.0,r.-111.1.0/r.-79.1.0,r.-79.1.0/r.-111.1.0,r.-79.1.0/r.-111.1.0,r.-111.1.0/r.-79.1.0,r.-79.1.0/r.-111.1.0,r.-111.1.0/r.-79.1.0,r.-79.1.0/r.-111.1.0,r.-79.1.0/r.-111.1.0,r.-111.1.0/r.-79.1.0,r.-111.1.0/r.-79.1.0,r.-79.1.0/r.-111.1.0,r.-111.1.0/r.-79.1.0,r.-79.1.0/r.-111.1.0,r.-79.1.0/r.-111.1.0,r.-111.1.0/r.-79.1.0,r.-111.1.0/r.-79.1.0,r.-111.1.0/r.-79.1.0,r.-79.1.0/r.-111.1.0,r.-79.1.0/r.-111.1.0,r.-111.1.0/r.-79.1.0,r.-79.1.0/r.-111.1.0,r.-79.1.0/r.-111.1.0,r.-111.1.0/r.-79.1.0,r.-79.1.0/r.-111.1.0,r.-111.1.0/r.-79.1.0,r.-111.1.0/r.-79.1.0,r.-111.1.0/r.-79.1.0,r.-79.1.0/r.-111.1.0,r.-79.1.0/r.-111.1.0,r.-111.1.0/r.-79.1.0,r.-79.1.0/r.-111.1.0,r.-111.1.0/r.-79.1.0,r.-79.1.0/r.-111.1.0,r.-79.1.0/r.-111.1.0,r.-79.1.0/r.-111.1.0,r.-111.1.0/r.-79.1.0,r.-111.1.0/r.-79.1.0,r.-111.1.0/r.-79.1.0,r.-111.1.0/r.-79.1.0,r.-111.1.0/r.-79.1.0,r.-79.1.0/r.-111.1.0,r.-111.1.0/r.-79.1.0,r.-111.1.0/r.-79.1.0,r.-79.1.0/r.-111.1.0,r.-79.1.0/r.-111.1.0,r.-111.1.0/r.-79.1.0,r.-111.1.0/r.-79.1.0,r.-111.1.0/r.-79.1.0,r.-79.1.0/r.-111.1.0,r.-111.1.0/r.-79.1.0,r.-111.1.0/r.-79.1.0,r.-111.1.0/r.-79.1.0,r.-79.1.0/r.-111.1.0,r.-79.1.0/r.-111.1.0,r.-79.1.0/r.-111.1.0,r.-111.1.0/r.-79.1.0,r.-79.1.0/r.-111.1.0,r.-79.1.0/r.-111.1.0,r.-111.1.0/r.-79.1.0,r.-111.1.0/r.-79.1.0,r.-79.1.0/r.-111.1.0,r.-79.1.0/r.-111.1.0,r.-79.1.0/r.-111.1.0,r.-79.1.0/r.-111.1.0,r.-79.1.0/r.-111.1.0,,,,,,,,,,,,,,,,,,,,,,,,,,,,,,,,,,,,,,,,,,,,,,,,,,,,,,,,,,,,,,,,,,,,,,,,,,,,,,,,,,,,,,,,,,,,,,,,,,,,,,,,,,,,,,,,,,,,,,,,,,,,,,,,
567,r.-79.1.0/r.-111.1.0,r.-79.1.0/r.-111.1.0,r.-111.1.0/r.-79.1.0,r.-79.1.0/r.-111.1.0,r.-79.1.0/r.-111.1.0,r.-111.1.0/r.-79.1.0,r.-79.1.0/r.-111.1.0,r.-79.1.0/r.-111.1.0,r.-111.1.0/r.-79.1.0,r.-111.1.0/r.-79.1.0,r.-111.1.0/r.-79.1.0,r.-111.1.0/r.-79.1.0,r.-111.1.0/r.-79.1.0,r.-111.1.0/r.-79.1.0,r.-111.1.0/r.-79.1.0,r.-111.1.0/r.-79.1.0,r.-79.1.0/r.-111.1.0,r.-79.1.0/r.-111.1.0,r.-111.1.0/r.-79.1.0,r.-111.1.0/r.-79.1.0,r.-79.1.0/r.-111.1.0,r.-111.1.0/r.-79.1.0,r.-79.1.0/r.-111.1.0,r.-111.1.0/r.-79.1.0,r.-79.1.0/r.-111.1.0,r.-79.1.0/r.-111.1.0,r.-79.1.0/r.-111.1.0,r.-79.1.0/r.-111.1.0,r.-79.1.0/r.-111.1.0,r.-79.1.0/r.-111.1.0,r.-111.1.0/r.-79.1.0,r.-79.1.0/r.-111.1.0,r.-79.1.0/r.-111.1.0,r.-79.1.0/r.-111.1.0,r.-111.1.0/r.-79.1.0,r.-79.1.0/r.-111.1.0,r.-79.1.0/r.-111.1.0,r.-111.1.0/r.-79.1.0,r.-79.1.0/r.-111.1.0,r.-111.1.0/r.-79.1.0,r.-79.1.0/r.-111.1.0,r.-111.1.0/r.-79.1.0,r.-111.1.0/r.-79.1.0,r.-111.1.0/r.-79.1.0,r.-79.1.0/r.-111.1.0,r.-79.1.0/r.-111.1.0,r.-79.1.0/r.-111.1.0,r.-111.1.0/r.-79.1.0,r.-111.1.0/r.-79.1.0,r.-111.1.0/r.-79.1.0,r.-79.1.0/r.-111.1.0,r.-111.1.0/r.-79.1.0,r.-79.1.0/r.-111.1.0,r.-79.1.0/r.-111.1.0,r.-111.1.0/r.-79.1.0,r.-79.1.0/r.-111.1.0,r.-111.1.0/r.-79.1.0,r.-111.1.0/r.-79.1.0,r.-79.1.0/r.-111.1.0,r.-111.1.0/r.-79.1.0,r.-79.1.0/r.-111.1.0,r.-79.1.0/r.-111.1.0,r.-79.1.0/r.-111.1.0,r.-79.1.0/r.-111.1.0,r.-111.1.0/r.-79.1.0,r.-111.1.0/r.-79.1.0,r.-111.1.0/r.-79.1.0,r.-111.1.0/r.-79.1.0,r.-111.1.0/r.-79.1.0,r.-111.1.0/r.-79.1.0,r.-79.1.0/r.-111.1.0,r.-79.1.0/r.-111.1.0,r.-79.1.0/r.-111.1.0,r.-111.1.0/r.-79.1.0,r.-79.1.0/r.-111.1.0,r.-111.1.0/r.-79.1.0,r.-79.1.0/r.-111.1.0,r.-111.1.0/r.-79.1.0,r.-79.1.0/r.-111.1.0,r.-111.1.0/r.-79.1.0,r.-79.1.0/r.-111.1.0,r.-111.1.0/r.-79.1.0,r.-79.1.0/r.-111.1.0,r.-111.1.0/r.-79.1.0,r.-79.1.0/r.-111.1.0,r.-111.1.0/r.-79.1.0,r.-79.1.0/r.-111.1.0,r.-79.1.0/r.-111.1.0,r.-111.1.0/r.-79.1.0,r.-111.1.0/r.-79.1.0,r.-79.1.0/r.-111.1.0,r.-79.1.0/r.-111.1.0,r.-111.1.0/r.-79.1.0,r.-111.1.0/r.-79.1.0,,,,,,,,,,,,,,,,,,,,,,,,,,,,,,,,,,,,,,,,,,,,,,,,,,,,,,,,,,,,,,,,,,,,,,,,,,,,,,,,,,,,,,,,,,,,,,,,,,,,,,,,,,,,,,,,,,,,,,,,,,,,,,,,
568,r.-79.1.0/r.-111.1.0,r.-79.1.0/r.-111.1.0,r.-79.1.0/r.-111.1.0,r.-79.1.0/r.-111.1.0,r.-111.1.0/r.-79.1.0,r.-111.1.0/r.-79.1.0,r.-111.1.0/r.-79.1.0,r.-111.1.0/r.-79.1.0,r.-79.1.0/r.-111.1.0,r.-111.1.0/r.-79.1.0,r.-79.1.0/r.-111.1.0,r.-79.1.0/r.-111.1.0,r.-79.1.0/r.-111.1.0,r.-111.1.0/r.-79.1.0,r.-79.1.0/r.-111.1.0,r.-79.1.0/r.-111.1.0,r.-111.1.0/r.-79.1.0,r.-79.1.0/r.-111.1.0,r.-111.1.0/r.-79.1.0,r.-111.1.0/r.-79.1.0,r.-111.1.0/r.-79.1.0,r.-111.1.0/r.-79.1.0,r.-111.1.0/r.-79.1.0,r.-79.1.0/r.-111.1.0,r.-79.1.0/r.-111.1.0,r.-79.1.0/r.-111.1.0,r.-79.1.0/r.-111.1.0,r.-111.1.0/r.-79.1.0,r.-79.1.0/r.-111.1.0,r.-111.1.0/r.-79.1.0,r.-79.1.0/r.-111.1.0,r.-79.1.0/r.-111.1.0,r.-111.1.0/r.-79.1.0,r.-111.1.0/r.-79.1.0,r.-79.1.0/r.-111.1.0,r.-111.1.0/r.-79.1.0,r.-111.1.0/r.-79.1.0,r.-111.1.0/r.-79.1.0,r.-111.1.0/r.-79.1.0,r.-79.1.0/r.-111.1.0,r.-111.1.0/r.-79.1.0,r.-79.1.0/r.-111.1.0,r.-111.1.0/r.-79.1.0,r.-79.1.0/r.-111.1.0,r.-79.1.0/r.-111.1.0,r.-79.1.0/r.-111.1.0,r.-111.1.0/r.-79.1.0,r.-79.1.0/r.-111.1.0,r.-111.1.0/r.-79.1.0,r.-111.1.0/r.-79.1.0,r.-111.1.0/r.-79.1.0,r.-79.1.0/r.-111.1.0,r.-111.1.0/r.-79.1.0,r.-111.1.0/r.-79.1.0,r.-111.1.0/r.-79.1.0,r.-111.1.0/r.-79.1.0,r.-111.1.0/r.-79.1.0,r.-111.1.0/r.-79.1.0,r.-111.1.0/r.-79.1.0,r.-79.1.0/r.-111.1.0,r.-111.1.0/r.-79.1.0,r.-111.1.0/r.-79.1.0,r.-111.1.0/r.-79.1.0,r.-79.1.0/r.-111.1.0,r.-111.1.0/r.-79.1.0,r.-111.1.0/r.-79.1.0,r.-79.1.0/r.-111.1.0,r.-79.1.0/r.-111.1.0,r.-79.1.0/r.-111.1.0,r.-79.1.0/r.-111.1.0,r.-79.1.0/r.-111.1.0,r.-111.1.0/r.-79.1.0,r.-111.1.0/r.-79.1.0,r.-111.1.0/r.-79.1.0,r.-79.1.0/r.-111.1.0,r.-111.1.0/r.-79.1.0,r.-79.1.0/r.-111.1.0,r.-79.1.0/r.-111.1.0,r.-111.1.0/r.-79.1.0,r.-79.1.0/r.-111.1.0,r.-111.1.0/r.-79.1.0,r.-111.1.0/r.-79.1.0,r.-111.1.0/r.-79.1.0,r.-79.1.0/r.-111.1.0,r.-79.1.0/r.-111.1.0,r.-79.1.0/r.-111.1.0,r.-79.1.0/r.-111.1.0,r.-79.1.0/r.-111.1.0,r.-111.1.0/r.-79.1.0,r.-79.1.0/r.-111.1.0,r.-111.1.0/r.-79.1.0,r.-79.1.0/r.-111.1.0,r.-111.1.0/r.-79.1.0,r.-111.1.0/r.-79.1.0,,,,,,,,,,,,,,,,,,,,,,,,,,,,,,,,,,,,,,,,,,,,,,,,,,,,,,,,,,,,,,,,,,,,,,,,,,,,,,,,,,,,,,,,,,,,,,,,,,,,,,,,,,,,,,,,,,,,,,,,,,,,,,,,
569,r.-79.1.0/r.-111.1.0,r.-111.1.0/r.-79.1.0,r.-79.1.0/r.-111.1.0,r.-111.1.0/r.-79.1.0,r.-79.1.0/r.-111.1.0,r.-79.1.0/r.-111.1.0,r.-79.1.0/r.-111.1.0,r.-79.1.0/r.-111.1.0,r.-111.1.0/r.-79.1.0,r.-79.1.0/r.-111.1.0,r.-111.1.0/r.-79.1.0,r.-111.1.0/r.-79.1.0,r.-79.1.0/r.-111.1.0,r.-79.1.0/r.-111.1.0,r.-79.1.0/r.-111.1.0,r.-111.1.0/r.-79.1.0,r.-111.1.0/r.-79.1.0,r.-79.1.0/r.-111.1.0,r.-111.1.0/r.-79.1.0,r.-79.1.0/r.-111.1.0,r.-79.1.0/r.-111.1.0,r.-111.1.0/r.-79.1.0,r.-79.1.0/r.-111.1.0,r.-111.1.0/r.-79.1.0,r.-79.1.0/r.-111.1.0,r.-79.1.0/r.-111.1.0,r.-79.1.0/r.-111.1.0,r.-79.1.0/r.-111.1.0,r.-79.1.0/r.-111.1.0,r.-111.1.0/r.-79.1.0,r.-79.1.0/r.-111.1.0,r.-79.1.0/r.-111.1.0,r.-111.1.0/r.-79.1.0,r.-111.1.0/r.-79.1.0,r.-111.1.0/r.-79.1.0,r.-111.1.0/r.-79.1.0,r.-111.1.0/r.-79.1.0,r.-79.1.0/r.-111.1.0,r.-79.1.0/r.-111.1.0,r.-79.1.0/r.-111.1.0,r.-79.1.0/r.-111.1.0,r.-111.1.0/r.-79.1.0,r.-111.1.0/r.-79.1.0,r.-79.1.0/r.-111.1.0,r.-111.1.0/r.-79.1.0,r.-111.1.0/r.-79.1.0,r.-111.1.0/r.-79.1.0,r.-111.1.0/r.-79.1.0,r.-79.1.0/r.-111.1.0,r.-111.1.0/r.-79.1.0,r.-79.1.0/r.-111.1.0,r.-79.1.0/r.-111.1.0,r.-79.1.0/r.-111.1.0,r.-79.1.0/r.-111.1.0,r.-79.1.0/r.-111.1.0,r.-111.1.0/r.-79.1.0,r.-111.1.0/r.-79.1.0,r.-79.1.0/r.-111.1.0,r.-79.1.0/r.-111.1.0,r.-79.1.0/r.-111.1.0,r.-111.1.0/r.-79.1.0,r.-111.1.0/r.-79.1.0,r.-79.1.0/r.-111.1.0,r.-79.1.0/r.-111.1.0,r.-111.1.0/r.-79.1.0,r.-111.1.0/r.-79.1.0,r.-79.1.0/r.-111.1.0,r.-111.1.0/r.-79.1.0,r.-111.1.0/r.-79.1.0,r.-79.1.0/r.-111.1.0,r.-79.1.0/r.-111.1.0,r.-111.1.0/r.-79.1.0,r.-111.1.0/r.-79.1.0,r.-111.1.0/r.-79.1.0,r.-79.1.0/r.-111.1.0,r.-111.1.0/r.-79.1.0,r.-79.1.0/r.-111.1.0,r.-79.1.0/r.-111.1.0,r.-79.1.0/r.-111.1.0,r.-111.1.0/r.-79.1.0,r.-79.1.0/r.-111.1.0,r.-111.1.0/r.-79.1.0,r.-111.1.0/r.-79.1.0,r.-111.1.0/r.-79.1.0,r.-79.1.0/r.-111.1.0,r.-79.1.0/r.-111.1.0,r.-111.1.0/r.-79.1.0,r.-111.1.0/r.-79.1.0,r.-111.1.0/r.-79.1.0,r.-111.1.0/r.-79.1.0,r.-111.1.0/r.-79.1.0,r.-79.1.0/r.-111.1.0,r.-79.1.0/r.-111.1.0,r.-79.1.0/r.-111.1.0,,,,,,,,,,,,,,,,,,,,,,,,,,,,,,,,,,,,,,,,,,,,,,,,,,,,,,,,,,,,,,,,,,,,,,,,,,,,,,,,,,,,,,,,,,,,,,,,,,,,,,,,,,,,,,,,,,,,,,,,,,,,,,,,
570,r.-79.1.0/r.-111.1.0,r.-111.1.0/r.-79.1.0,r.-111.1.0/r.-79.1.0,r.-111.1.0/r.-79.1.0,r.-111.1.0/r.-79.1.0,r.-79.1.0/r.-111.1.0,r.-79.1.0/r.-111.1.0,r.-111.1.0/r.-79.1.0,r.-111.1.0/r.-79.1.0,r.-111.1.0/r.-79.1.0,r.-111.1.0/r.-79.1.0,r.-79.1.0/r.-111.1.0,r.-79.1.0/r.-111.1.0,r.-79.1.0/r.-111.1.0,r.-79.1.0/r.-111.1.0,r.-111.1.0/r.-79.1.0,r.-79.1.0/r.-111.1.0,r.-111.1.0/r.-79.1.0,r.-111.1.0/r.-79.1.0,r.-79.1.0/r.-111.1.0,r.-79.1.0/r.-111.1.0,r.-111.1.0/r.-79.1.0,r.-79.1.0/r.-111.1.0,r.-111.1.0/r.-79.1.0,r.-111.1.0/r.-79.1.0,r.-111.1.0/r.-79.1.0,r.-79.1.0/r.-111.1.0,r.-111.1.0/r.-79.1.0,r.-111.1.0/r.-79.1.0,r.-111.1.0/r.-79.1.0,r.-79.1.0/r.-111.1.0,r.-79.1.0/r.-111.1.0,r.-79.1.0/r.-111.1.0,r.-79.1.0/r.-111.1.0,r.-79.1.0/r.-111.1.0,r.-79.1.0/r.-111.1.0,r.-111.1.0/r.-79.1.0,r.-79.1.0/r.-111.1.0,r.-111.1.0/r.-79.1.0,r.-111.1.0/r.-79.1.0,r.-79.1.0/r.-111.1.0,r.-111.1.0/r.-79.1.0,r.-79.1.0/r.-111.1.0,r.-79.1.0/r.-111.1.0,r.-111.1.0/r.-79.1.0,r.-79.1.0/r.-111.1.0,r.-79.1.0/r.-111.1.0,r.-111.1.0/r.-79.1.0,r.-79.1.0/r.-111.1.0,r.-79.1.0/r.-111.1.0,r.-79.1.0/r.-111.1.0,r.-111.1.0/r.-79.1.0,r.-111.1.0/r.-79.1.0,r.-79.1.0/r.-111.1.0,r.-111.1.0/r.-79.1.0,r.-79.1.0/r.-111.1.0,r.-111.1.0/r.-79.1.0,r.-111.1.0/r.-79.1.0,r.-79.1.0/r.-111.1.0,r.-111.1.0/r.-79.1.0,r.-79.1.0/r.-111.1.0,r.-111.1.0/r.-79.1.0,r.-79.1.0/r.-111.1.0,r.-111.1.0/r.-79.1.0,r.-111.1.0/r.-79.1.0,r.-79.1.0/r.-111.1.0,r.-79.1.0/r.-111.1.0,r.-111.1.0/r.-79.1.0,r.-111.1.0/r.-79.1.0,r.-111.1.0/r.-79.1.0,r.-111.1.0/r.-79.1.0,r.-111.1.0/r.-79.1.0,r.-111.1.0/r.-79.1.0,r.-79.1.0/r.-111.1.0,r.-79.1.0/r.-111.1.0,r.-79.1.0/r.-111.1.0,r.-111.1.0/r.-79.1.0,r.-79.1.0/r.-111.1.0,r.-111.1.0/r.-79.1.0,r.-111.1.0/r.-79.1.0,r.-111.1.0/r.-79.1.0,r.-79.1.0/r.-111.1.0,r.-79.1.0/r.-111.1.0,r.-111.1.0/r.-79.1.0,r.-79.1.0/r.-111.1.0,r.-79.1.0/r.-111.1.0,r.-79.1.0/r.-111.1.0,r.-111.1.0/r.-79.1.0,r.-111.1.0/r.-79.1.0,r.-79.1.0/r.-111.1.0,r.-79.1.0/r.-111.1.0,r.-79.1.0/r.-111.1.0,r.-79.1.0/r.-111.1.0,r.-111.1.0/r.-79.1.0,,,,,,,,,,,,,,,,,,,,,,,,,,,,,,,,,,,,,,,,,,,,,,,,,,,,,,,,,,,,,,,,,,,,,,,,,,,,,,,,,,,,,,,,,,,,,,,,,,,,,,,,,,,,,,,,,,,,,,,,,,,,,,,,
571,r.-79.1.0/r.-111.1.0,r.-79.1.0/r.-111.1.0,r.-111.1.0/r.-79.1.0,r.-111.1.0/r.-79.1.0,r.-111.1.0/r.-79.1.0,r.-111.1.0/r.-79.1.0,r.-111.1.0/r.-79.1.0,r.-111.1.0/r.-79.1.0,r.-79.1.0/r.-111.1.0,r.-79.1.0/r.-111.1.0,r.-111.1.0/r.-79.1.0,r.-111.1.0/r.-79.1.0,r.-79.1.0/r.-111.1.0,r.-79.1.0/r.-111.1.0,r.-111.1.0/r.-79.1.0,r.-111.1.0/r.-79.1.0,r.-79.1.0/r.-111.1.0,r.-111.1.0/r.-79.1.0,r.-111.1.0/r.-79.1.0,r.-111.1.0/r.-79.1.0,r.-79.1.0/r.-111.1.0,r.-111.1.0/r.-79.1.0,r.-79.1.0/r.-111.1.0,r.-79.1.0/r.-111.1.0,r.-111.1.0/r.-79.1.0,r.-111.1.0/r.-79.1.0,r.-79.1.0/r.-111.1.0,r.-79.1.0/r.-111.1.0,r.-111.1.0/r.-79.1.0,r.-79.1.0/r.-111.1.0,r.-79.1.0/r.-111.1.0,r.-79.1.0/r.-111.1.0,r.-79.1.0/r.-111.1.0,r.-79.1.0/r.-111.1.0,r.-111.1.0/r.-79.1.0,r.-79.1.0/r.-111.1.0,r.-111.1.0/r.-79.1.0,r.-111.1.0/r.-79.1.0,r.-79.1.0/r.-111.1.0,r.-111.1.0/r.-79.1.0,r.-79.1.0/r.-111.1.0,r.-111.1.0/r.-79.1.0,r.-111.1.0/r.-79.1.0,r.-111.1.0/r.-79.1.0,r.-111.1.0/r.-79.1.0,r.-79.1.0/r.-111.1.0,r.-79.1.0/r.-111.1.0,r.-79.1.0/r.-111.1.0,r.-79.1.0/r.-111.1.0,r.-111.1.0/r.-79.1.0,r.-111.1.0/r.-79.1.0,r.-79.1.0/r.-111.1.0,r.-79.1.0/r.-111.1.0,r.-79.1.0/r.-111.1.0,r.-111.1.0/r.-79.1.0,r.-79.1.0/r.-111.1.0,r.-111.1.0/r.-79.1.0,r.-79.1.0/r.-111.1.0,r.-111.1.0/r.-79.1.0,r.-111.1.0/r.-79.1.0,r.-79.1.0/r.-111.1.0,r.-79.1.0/r.-111.1.0,r.-111.1.0/r.-79.1.0,r.-111.1.0/r.-79.1.0,r.-79.1.0/r.-111.1.0,r.-111.1.0/r.-79.1.0,r.-111.1.0/r.-79.1.0,r.-111.1.0/r.-79.1.0,r.-111.1.0/r.-79.1.0,r.-79.1.0/r.-111.1.0,r.-79.1.0/r.-111.1.0,r.-79.1.0/r.-111.1.0,r.-111.1.0/r.-79.1.0,r.-111.1.0/r.-79.1.0,r.-111.1.0/r.-79.1.0,r.-111.1.0/r.-79.1.0,r.-79.1.0/r.-111.1.0,r.-111.1.0/r.-79.1.0,r.-79.1.0/r.-111.1.0,r.-79.1.0/r.-111.1.0,r.-111.1.0/r.-79.1.0,r.-111.1.0/r.-79.1.0,r.-79.1.0/r.-111.1.0,r.-111.1.0/r.-79.1.0,r.-111.1.0/r.-79.1.0,r.-111.1.0/r.-79.1.0,r.-111.1.0/r.-79.1.0,r.-111.1.0/r.-79.1.0,r.-111.1.0/r.-79.1.0,r.-111.1.0/r.-79.1.0,r.-79.1.0/r.-111.1.0,r.-79.1.0/r.-111.1.0,r.-111.1.0/r.-79.1.0,r.-79.1.0/r.-111.1.0,,,,,,,,,,,,,,,,,,,,,,,,,,,,,,,,,,,,,,,,,,,,,,,,,,,,,,,,,,,,,,,,,,,,,,,,,,,,,,,,,,,,,,,,,,,,,,,,,,,,,,,,,,,,,,,,,,,,,,,,,,,,,,,,
572,r.-79.1.0/r.-111.1.0,r.-79.1.0/r.-111.1.0,r.-111.1.0/r.-79.1.0,r.-111.1.0/r.-79.1.0,r.-111.1.0/r.-79.1.0,r.-111.1.0/r.-79.1.0,r.-79.1.0/r.-111.1.0,r.-79.1.0/r.-111.1.0,r.-111.1.0/r.-79.1.0,r.-79.1.0/r.-111.1.0,r.-111.1.0/r.-79.1.0,r.-79.1.0/r.-111.1.0,r.-79.1.0/r.-111.1.0,r.-79.1.0/r.-111.1.0,r.-79.1.0/r.-111.1.0,r.-111.1.0/r.-79.1.0,r.-111.1.0/r.-79.1.0,r.-79.1.0/r.-111.1.0,r.-111.1.0/r.-79.1.0,r.-111.1.0/r.-79.1.0,r.-79.1.0/r.-111.1.0,r.-111.1.0/r.-79.1.0,r.-111.1.0/r.-79.1.0,r.-111.1.0/r.-79.1.0,r.-79.1.0/r.-111.1.0,r.-79.1.0/r.-111.1.0,r.-79.1.0/r.-111.1.0,r.-79.1.0/r.-111.1.0,r.-111.1.0/r.-79.1.0,r.-79.1.0/r.-111.1.0,r.-79.1.0/r.-111.1.0,r.-79.1.0/r.-111.1.0,r.-79.1.0/r.-111.1.0,r.-79.1.0/r.-111.1.0,r.-79.1.0/r.-111.1.0,r.-111.1.0/r.-79.1.0,r.-111.1.0/r.-79.1.0,r.-79.1.0/r.-111.1.0,r.-111.1.0/r.-79.1.0,r.-111.1.0/r.-79.1.0,r.-111.1.0/r.-79.1.0,r.-111.1.0/r.-79.1.0,r.-111.1.0/r.-79.1.0,r.-111.1.0/r.-79.1.0,r.-111.1.0/r.-79.1.0,r.-79.1.0/r.-111.1.0,r.-79.1.0/r.-111.1.0,r.-79.1.0/r.-111.1.0,r.-111.1.0/r.-79.1.0,r.-111.1.0/r.-79.1.0,r.-111.1.0/r.-79.1.0,r.-79.1.0/r.-111.1.0,r.-79.1.0/r.-111.1.0,r.-79.1.0/r.-111.1.0,r.-79.1.0/r.-111.1.0,r.-111.1.0/r.-79.1.0,r.-111.1.0/r.-79.1.0,r.-79.1.0/r.-111.1.0,r.-111.1.0/r.-79.1.0,r.-111.1.0/r.-79.1.0,r.-111.1.0/r.-79.1.0,r.-111.1.0/r.-79.1.0,r.-79.1.0/r.-111.1.0,r.-79.1.0/r.-111.1.0,r.-79.1.0/r.-111.1.0,r.-111.1.0/r.-79.1.0,r.-79.1.0/r.-111.1.0,r.-111.1.0/r.-79.1.0,r.-111.1.0/r.-79.1.0,r.-79.1.0/r.-111.1.0,r.-111.1.0/r.-79.1.0,r.-111.1.0/r.-79.1.0,r.-111.1.0/r.-79.1.0,r.-79.1.0/r.-111.1.0,r.-79.1.0/r.-111.1.0,r.-79.1.0/r.-111.1.0,r.-79.1.0/r.-111.1.0,r.-79.1.0/r.-111.1.0,r.-79.1.0/r.-111.1.0,r.-111.1.0/r.-79.1.0,r.-111.1.0/r.-79.1.0,r.-111.1.0/r.-79.1.0,r.-79.1.0/r.-111.1.0,r.-79.1.0/r.-111.1.0,r.-111.1.0/r.-79.1.0,r.-111.1.0/r.-79.1.0,r.-111.1.0/r.-79.1.0,r.-79.1.0/r.-111.1.0,r.-111.1.0/r.-79.1.0,r.-79.1.0/r.-111.1.0,r.-79.1.0/r.-111.1.0,r.-111.1.0/r.-79.1.0,r.-111.1.0/r.-79.1.0,r.-79.1.0/r.-111.1.0,,,,,,,,,,,,,,,,,,,,,,,,,,,,,,,,,,,,,,,,,,,,,,,,,,,,,,,,,,,,,,,,,,,,,,,,,,,,,,,,,,,,,,,,,,,,,,,,,,,,,,,,,,,,,,,,,,,,,,,,,,,,,,,,
573,r.-79.1.0/r.-111.1.0,r.-111.1.0/r.-79.1.0,r.-79.1.0/r.-111.1.0,r.-111.1.0/r.-79.1.0,r.-111.1.0/r.-79.1.0,r.-111.1.0/r.-79.1.0,r.-79.1.0/r.-111.1.0,r.-79.1.0/r.-111.1.0,r.-79.1.0/r.-111.1.0,r.-79.1.0/r.-111.1.0,r.-79.1.0/r.-111.1.0,r.-79.1.0/r.-111.1.0,r.-111.1.0/r.-79.1.0,r.-111.1.0/r.-79.1.0,r.-111.1.0/r.-79.1.0,r.-111.1.0/r.-79.1.0,r.-79.1.0/r.-111.1.0,r.-111.1.0/r.-79.1.0,r.-79.1.0/r.-111.1.0,r.-111.1.0/r.-79.1.0,r.-111.1.0/r.-79.1.0,r.-111.1.0/r.-79.1.0,r.-111.1.0/r.-79.1.0,r.-111.1.0/r.-79.1.0,r.-79.1.0/r.-111.1.0,r.-111.1.0/r.-79.1.0,r.-111.1.0/r.-79.1.0,r.-111.1.0/r.-79.1.0,r.-79.1.0/r.-111.1.0,r.-111.1.0/r.-79.1.0,r.-111.1.0/r.-79.1.0,r.-79.1.0/r.-111.1.0,r.-111.1.0/r.-79.1.0,r.-79.1.0/r.-111.1.0,r.-111.1.0/r.-79.1.0,r.-79.1.0/r.-111.1.0,r.-79.1.0/r.-111.1.0,r.-111.1.0/r.-79.1.0,r.-79.1.0/r.-111.1.0,r.-111.1.0/r.-79.1.0,r.-79.1.0/r.-111.1.0,r.-111.1.0/r.-79.1.0,r.-79.1.0/r.-111.1.0,r.-111.1.0/r.-79.1.0,r.-111.1.0/r.-79.1.0,r.-79.1.0/r.-111.1.0,r.-111.1.0/r.-79.1.0,r.-79.1.0/r.-111.1.0,r.-79.1.0/r.-111.1.0,r.-79.1.0/r.-111.1.0,r.-79.1.0/r.-111.1.0,r.-111.1.0/r.-79.1.0,r.-79.1.0/r.-111.1.0,r.-79.1.0/r.-111.1.0,r.-79.1.0/r.-111.1.0,r.-79.1.0/r.-111.1.0,r.-79.1.0/r.-111.1.0,r.-111.1.0/r.-79.1.0,r.-79.1.0/r.-111.1.0,r.-79.1.0/r.-111.1.0,r.-79.1.0/r.-111.1.0,r.-79.1.0/r.-111.1.0,r.-111.1.0/r.-79.1.0,r.-111.1.0/r.-79.1.0,r.-79.1.0/r.-111.1.0,r.-111.1.0/r.-79.1.0,r.-79.1.0/r.-111.1.0,r.-79.1.0/r.-111.1.0,r.-79.1.0/r.-111.1.0,r.-111.1.0/r.-79.1.0,r.-79.1.0/r.-111.1.0,r.-111.1.0/r.-79.1.0,r.-79.1.0/r.-111.1.0,r.-79.1.0/r.-111.1.0,r.-79.1.0/r.-111.1.0,r.-79.1.0/r.-111.1.0,r.-111.1.0/r.-79.1.0,r.-79.1.0/r.-111.1.0,r.-111.1.0/r.-79.1.0,r.-79.1.0/r.-111.1.0,r.-111.1.0/r.-79.1.0,r.-111.1.0/r.-79.1.0,r.-79.1.0/r.-111.1.0,r.-79.1.0/r.-111.1.0,r.-79.1.0/r.-111.1.0,r.-79.1.0/r.-111.1.0,r.-111.1.0/r.-79.1.0,r.-111.1.0/r.-79.1.0,r.-111.1.0/r.-79.1.0,r.-111.1.0/r.-79.1.0,r.-79.1.0/r.-111.1.0,r.-79.1.0/r.-111.1.0,r.-111.1.0/r.-79.1.0,r.-111.1.0/r.-79.1.0,,,,,,,,,,,,,,,,,,,,,,,,,,,,,,,,,,,,,,,,,,,,,,,,,,,,,,,,,,,,,,,,,,,,,,,,,,,,,,,,,,,,,,,,,,,,,,,,,,,,,,,,,,,,,,,,,,,,,,,,,,,,,,,,
574,r.-111.1.0/r.-79.1.0,r.-111.1.0/r.-79.1.0,r.-79.1.0/r.-111.1.0,r.-111.1.0/r.-79.1.0,r.-79.1.0/r.-111.1.0,r.-111.1.0/r.-79.1.0,r.-79.1.0/r.-111.1.0,r.-79.1.0/r.-111.1.0,r.-111.1.0/r.-79.1.0,r.-79.1.0/r.-111.1.0,r.-111.1.0/r.-79.1.0,r.-111.1.0/r.-79.1.0,r.-111.1.0/r.-79.1.0,r.-79.1.0/r.-111.1.0,r.-79.1.0/r.-111.1.0,r.-79.1.0/r.-111.1.0,r.-111.1.0/r.-79.1.0,r.-111.1.0/r.-79.1.0,r.-111.1.0/r.-79.1.0,r.-79.1.0/r.-111.1.0,r.-111.1.0/r.-79.1.0,r.-79.1.0/r.-111.1.0,r.-79.1.0/r.-111.1.0,r.-79.1.0/r.-111.1.0,r.-111.1.0/r.-79.1.0,r.-111.1.0/r.-79.1.0,r.-111.1.0/r.-79.1.0,r.-111.1.0/r.-79.1.0,r.-111.1.0/r.-79.1.0,r.-79.1.0/r.-111.1.0,r.-111.1.0/r.-79.1.0,r.-79.1.0/r.-111.1.0,r.-79.1.0/r.-111.1.0,r.-111.1.0/r.-79.1.0,r.-79.1.0/r.-111.1.0,r.-111.1.0/r.-79.1.0,r.-111.1.0/r.-79.1.0,r.-111.1.0/r.-79.1.0,r.-79.1.0/r.-111.1.0,r.-79.1.0/r.-111.1.0,r.-79.1.0/r.-111.1.0,r.-79.1.0/r.-111.1.0,r.-79.1.0/r.-111.1.0,r.-111.1.0/r.-79.1.0,r.-79.1.0/r.-111.1.0,r.-111.1.0/r.-79.1.0,r.-79.1.0/r.-111.1.0,r.-79.1.0/r.-111.1.0,r.-79.1.0/r.-111.1.0,r.-111.1.0/r.-79.1.0,r.-111.1.0/r.-79.1.0,r.-79.1.0/r.-111.1.0,r.-79.1.0/r.-111.1.0,r.-111.1.0/r.-79.1.0,r.-79.1.0/r.-111.1.0,r.-79.1.0/r.-111.1.0,r.-111.1.0/r.-79.1.0,r.-111.1.0/r.-79.1.0,r.-111.1.0/r.-79.1.0,r.-79.1.0/r.-111.1.0,r.-111.1.0/r.-79.1.0,r.-79.1.0/r.-111.1.0,r.-79.1.0/r.-111.1.0,r.-79.1.0/r.-111.1.0,r.-111.1.0/r.-79.1.0,r.-79.1.0/r.-111.1.0,r.-111.1.0/r.-79.1.0,r.-79.1.0/r.-111.1.0,r.-79.1.0/r.-111.1.0,r.-79.1.0/r.-111.1.0,r.-111.1.0/r.-79.1.0,r.-111.1.0/r.-79.1.0,r.-111.1.0/r.-79.1.0,r.-111.1.0/r.-79.1.0,r.-111.1.0/r.-79.1.0,r.-79.1.0/r.-111.1.0,r.-79.1.0/r.-111.1.0,r.-111.1.0/r.-79.1.0,r.-111.1.0/r.-79.1.0,r.-111.1.0/r.-79.1.0,r.-111.1.0/r.-79.1.0,r.-111.1.0/r.-79.1.0,r.-111.1.0/r.-79.1.0,r.-111.1.0/r.-79.1.0,r.-111.1.0/r.-79.1.0,r.-111.1.0/r.-79.1.0,r.-79.1.0/r.-111.1.0,r.-111.1.0/r.-79.1.0,r.-111.1.0/r.-79.1.0,r.-79.1.0/r.-111.1.0,r.-111.1.0/r.-79.1.0,r.-79.1.0/r.-111.1.0,r.-79.1.0/r.-111.1.0,r.-111.1.0/r.-79.1.0,,,,,,,,,,,,,,,,,,,,,,,,,,,,,,,,,,,,,,,,,,,,,,,,,,,,,,,,,,,,,,,,,,,,,,,,,,,,,,,,,,,,,,,,,,,,,,,,,,,,,,,,,,,,,,,,,,,,,,,,,,,,,,,,
575,r.-79.1.0/r.-111.1.0,r.-111.1.0/r.-79.1.0,r.-111.1.0/r.-79.1.0,r.-79.1.0/r.-111.1.0,r.-79.1.0/r.-111.1.0,r.-111.1.0/r.-79.1.0,r.-79.1.0/r.-111.1.0,r.-79.1.0/r.-111.1.0,r.-79.1.0/r.-111.1.0,r.-79.1.0/r.-111.1.0,r.-111.1.0/r.-79.1.0,r.-111.1.0/r.-79.1.0,r.-79.1.0/r.-111.1.0,r.-79.1.0/r.-111.1.0,r.-79.1.0/r.-111.1.0,r.-111.1.0/r.-79.1.0,r.-79.1.0/r.-111.1.0,r.-111.1.0/r.-79.1.0,r.-79.1.0/r.-111.1.0,r.-79.1.0/r.-111.1.0,r.-79.1.0/r.-111.1.0,r.-79.1.0/r.-111.1.0,r.-111.1.0/r.-79.1.0,r.-111.1.0/r.-79.1.0,r.-79.1.0/r.-111.1.0,r.-111.1.0/r.-79.1.0,r.-79.1.0/r.-111.1.0,r.-79.1.0/r.-111.1.0,r.-79.1.0/r.-111.1.0,r.-111.1.0/r.-79.1.0,r.-79.1.0/r.-111.1.0,r.-79.1.0/r.-111.1.0,r.-111.1.0/r.-79.1.0,r.-79.1.0/r.-111.1.0,r.-79.1.0/r.-111.1.0,r.-111.1.0/r.-79.1.0,r.-111.1.0/r.-79.1.0,r.-111.1.0/r.-79.1.0,r.-111.1.0/r.-79.1.0,r.-79.1.0/r.-111.1.0,r.-79.1.0/r.-111.1.0,r.-79.1.0/r.-111.1.0,r.-79.1.0/r.-111.1.0,r.-79.1.0/r.-111.1.0,r.-111.1.0/r.-79.1.0,r.-111.1.0/r.-79.1.0,r.-79.1.0/r.-111.1.0,r.-79.1.0/r.-111.1.0,r.-111.1.0/r.-79.1.0,r.-79.1.0/r.-111.1.0,r.-79.1.0/r.-111.1.0,r.-79.1.0/r.-111.1.0,r.-79.1.0/r.-111.1.0,r.-79.1.0/r.-111.1.0,r.-111.1.0/r.-79.1.0,r.-111.1.0/r.-79.1.0,r.-79.1.0/r.-111.1.0,r.-79.1.0/r.-111.1.0,r.-111.1.0/r.-79.1.0,r.-111.1.0/r.-79.1.0,r.-111.1.0/r.-79.1.0,r.-111.1.0/r.-79.1.0,r.-79.1.0/r.-111.1.0,r.-111.1.0/r.-79.1.0,r.-79.1.0/r.-111.1.0,r.-111.1.0/r.-79.1.0,r.-79.1.0/r.-111.1.0,r.-111.1.0/r.-79.1.0,r.-79.1.0/r.-111.1.0,r.-111.1.0/r.-79.1.0,r.-79.1.0/r.-111.1.0,r.-111.1.0/r.-79.1.0,r.-111.1.0/r.-79.1.0,r.-111.1.0/r.-79.1.0,r.-111.1.0/r.-79.1.0,r.-79.1.0/r.-111.1.0,r.-79.1.0/r.-111.1.0,r.-111.1.0/r.-79.1.0,r.-79.1.0/r.-111.1.0,r.-79.1.0/r.-111.1.0,r.-111.1.0/r.-79.1.0,r.-111.1.0/r.-79.1.0,r.-79.1.0/r.-111.1.0,r.-79.1.0/r.-111.1.0,r.-79.1.0/r.-111.1.0,r.-79.1.0/r.-111.1.0,r.-111.1.0/r.-79.1.0,r.-79.1.0/r.-111.1.0,r.-111.1.0/r.-79.1.0,r.-79.1.0/r.-111.1.0,r.-79.1.0/r.-111.1.0,r.-79.1.0/r.-111.1.0,r.-111.1.0/r.-79.1.0,r.-111.1.0/r.-79.1.0,,,,,,,,,,,,,,,,,,,,,,,,,,,,,,,,,,,,,,,,,,,,,,,,,,,,,,,,,,,,,,,,,,,,,,,,,,,,,,,,,,,,,,,,,,,,,,,,,,,,,,,,,,,,,,,,,,,,,,,,,,,,,,,,
576,r.-111.1.0/r.-79.1.0,r.-79.1.0/r.-111.1.0,r.-111.1.0/r.-79.1.0,r.-111.1.0/r.-79.1.0,r.-111.1.0/r.-79.1.0,r.-79.1.0/r.-111.1.0,r.-111.1.0/r.-79.1.0,r.-111.1.0/r.-79.1.0,r.-79.1.0/r.-111.1.0,r.-79.1.0/r.-111.1.0,r.-111.1.0/r.-79.1.0,r.-111.1.0/r.-79.1.0,r.-79.1.0/r.-111.1.0,r.-111.1.0/r.-79.1.0,r.-79.1.0/r.-111.1.0,r.-111.1.0/r.-79.1.0,r.-111.1.0/r.-79.1.0,r.-79.1.0/r.-111.1.0,r.-111.1.0/r.-79.1.0,r.-79.1.0/r.-111.1.0,r.-79.1.0/r.-111.1.0,r.-111.1.0/r.-79.1.0,r.-111.1.0/r.-79.1.0,r.-111.1.0/r.-79.1.0,r.-111.1.0/r.-79.1.0,r.-79.1.0/r.-111.1.0,r.-111.1.0/r.-79.1.0,r.-79.1.0/r.-111.1.0,r.-79.1.0/r.-111.1.0,r.-111.1.0/r.-79.1.0,r.-79.1.0/r.-111.1.0,r.-111.1.0/r.-79.1.0,r.-79.1.0/r.-111.1.0,r.-111.1.0/r.-79.1.0,r.-79.1.0/r.-111.1.0,r.-111.1.0/r.-79.1.0,r.-79.1.0/r.-111.1.0,r.-79.1.0/r.-111.1.0,r.-79.1.0/r.-111.1.0,r.-111.1.0/r.-79.1.0,r.-111.1.0/r.-79.1.0,r.-79.1.0/r.-111.1.0,r.-79.1.0/r.-111.1.0,r.-79.1.0/r.-111.1.0,r.-79.1.0/r.-111.1.0,r.-79.1.0/r.-111.1.0,r.-111.1.0/r.-79.1.0,r.-111.1.0/r.-79.1.0,r.-111.1.0/r.-79.1.0,r.-111.1.0/r.-79.1.0,r.-79.1.0/r.-111.1.0,r.-111.1.0/r.-79.1.0,r.-111.1.0/r.-79.1.0,r.-79.1.0/r.-111.1.0,r.-111.1.0/r.-79.1.0,r.-79.1.0/r.-111.1.0,r.-111.1.0/r.-79.1.0,r.-79.1.0/r.-111.1.0,r.-111.1.0/r.-79.1.0,r.-111.1.0/r.-79.1.0,r.-111.1.0/r.-79.1.0,r.-111.1.0/r.-79.1.0,r.-79.1.0/r.-111.1.0,r.-79.1.0/r.-111.1.0,r.-111.1.0/r.-79.1.0,r.-111.1.0/r.-79.1.0,r.-111.1.0/r.-79.1.0,r.-111.1.0/r.-79.1.0,r.-79.1.0/r.-111.1.0,r.-111.1.0/r.-79.1.0,r.-111.1.0/r.-79.1.0,r.-79.1.0/r.-111.1.0,r.-111.1.0/r.-79.1.0,r.-79.1.0/r.-111.1.0,r.-111.1.0/r.-79.1.0,r.-111.1.0/r.-79.1.0,r.-79.1.0/r.-111.1.0,r.-111.1.0/r.-79.1.0,r.-79.1.0/r.-111.1.0,r.-111.1.0/r.-79.1.0,r.-79.1.0/r.-111.1.0,r.-111.1.0/r.-79.1.0,r.-79.1.0/r.-111.1.0,r.-79.1.0/r.-111.1.0,r.-111.1.0/r.-79.1.0,r.-79.1.0/r.-111.1.0,r.-111.1.0/r.-79.1.0,r.-79.1.0/r.-111.1.0,r.-79.1.0/r.-111.1.0,r.-79.1.0/r.-111.1.0,r.-79.1.0/r.-111.1.0,r.-79.1.0/r.-111.1.0,r.-79.1.0/r.-111.1.0,r.-79.1.0/r.-111.1.0,,,,,,,,,,,,,,,,,,,,,,,,,,,,,,,,,,,,,,,,,,,,,,,,,,,,,,,,,,,,,,,,,,,,,,,,,,,,,,,,,,,,,,,,,,,,,,,,,,,,,,,,,,,,,,,,,,,,,,,,,,,,,,,,
577,r.-111.1.0/r.-79.1.0,r.-79.1.0/r.-111.1.0,r.-111.1.0/r.-79.1.0,r.-79.1.0/r.-111.1.0,r.-111.1.0/r.-79.1.0,r.-111.1.0/r.-79.1.0,r.-111.1.0/r.-79.1.0,r.-111.1.0/r.-79.1.0,r.-111.1.0/r.-79.1.0,r.-79.1.0/r.-111.1.0,r.-111.1.0/r.-79.1.0,r.-111.1.0/r.-79.1.0,r.-79.1.0/r.-111.1.0,r.-111.1.0/r.-79.1.0,r.-79.1.0/r.-111.1.0,r.-111.1.0/r.-79.1.0,r.-79.1.0/r.-111.1.0,r.-79.1.0/r.-111.1.0,r.-111.1.0/r.-79.1.0,r.-111.1.0/r.-79.1.0,r.-79.1.0/r.-111.1.0,r.-79.1.0/r.-111.1.0,r.-111.1.0/r.-79.1.0,r.-79.1.0/r.-111.1.0,r.-111.1.0/r.-79.1.0,r.-79.1.0/r.-111.1.0,r.-111.1.0/r.-79.1.0,r.-79.1.0/r.-111.1.0,r.-79.1.0/r.-111.1.0,r.-111.1.0/r.-79.1.0,r.-111.1.0/r.-79.1.0,r.-79.1.0/r.-111.1.0,r.-79.1.0/r.-111.1.0,r.-111.1.0/r.-79.1.0,r.-79.1.0/r.-111.1.0,r.-79.1.0/r.-111.1.0,r.-111.1.0/r.-79.1.0,r.-79.1.0/r.-111.1.0,r.-111.1.0/r.-79.1.0,r.-111.1.0/r.-79.1.0,r.-111.1.0/r.-79.1.0,r.-111.1.0/r.-79.1.0,r.-111.1.0/r.-79.1.0,r.-111.1.0/r.-79.1.0,r.-79.1.0/r.-111.1.0,r.-111.1.0/r.-79.1.0,r.-79.1.0/r.-111.1.0,r.-79.1.0/r.-111.1.0,r.-79.1.0/r.-111.1.0,r.-111.1.0/r.-79.1.0,r.-111.1.0/r.-79.1.0,r.-79.1.0/r.-111.1.0,r.-79.1.0/r.-111.1.0,r.-79.1.0/r.-111.1.0,r.-111.1.0/r.-79.1.0,r.-111.1.0/r.-79.1.0,r.-111.1.0/r.-79.1.0,r.-79.1.0/r.-111.1.0,r.-111.1.0/r.-79.1.0,r.-79.1.0/r.-111.1.0,r.-79.1.0/r.-111.1.0,r.-79.1.0/r.-111.1.0,r.-79.1.0/r.-111.1.0,r.-79.1.0/r.-111.1.0,r.-111.1.0/r.-79.1.0,r.-79.1.0/r.-111.1.0,r.-111.1.0/r.-79.1.0,r.-111.1.0/r.-79.1.0,r.-111.1.0/r.-79.1.0,r.-111.1.0/r.-79.1.0,r.-111.1.0/r.-79.1.0,r.-111.1.0/r.-79.1.0,r.-79.1.0/r.-111.1.0,r.-111.1.0/r.-79.1.0,r.-79.1.0/r.-111.1.0,r.-111.1.0/r.-79.1.0,r.-79.1.0/r.-111.1.0,r.-111.1.0/r.-79.1.0,r.-79.1.0/r.-111.1.0,r.-111.1.0/r.-79.1.0,r.-79.1.0/r.-111.1.0,r.-111.1.0/r.-79.1.0,r.-79.1.0/r.-111.1.0,r.-79.1.0/r.-111.1.0,r.-79.1.0/r.-111.1.0,r.-79.1.0/r.-111.1.0,r.-79.1.0/r.-111.1.0,r.-111.1.0/r.-79.1.0,r.-111.1.0/r.-79.1.0,r.-111.1.0/r.-79.1.0,r.-79.1.0/r.-111.1.0,r.-111.1.0/r.-79.1.0,r.-111.1.0/r.-79.1.0,r.-79.1.0/r.-111.1.0,,,,,,,,,,,,,,,,,,,,,,,,,,,,,,,,,,,,,,,,,,,,,,,,,,,,,,,,,,,,,,,,,,,,,,,,,,,,,,,,,,,,,,,,,,,,,,,,,,,,,,,,,,,,,,,,,,,,,,,,,,,,,,,,
578,r.-79.1.0/r.-111.1.0,r.-79.1.0/r.-111.1.0,r.-111.1.0/r.-79.1.0,r.-79.1.0/r.-111.1.0,r.-79.1.0/r.-111.1.0,r.-111.1.0/r.-79.1.0,r.-111.1.0/r.-79.1.0,r.-79.1.0/r.-111.1.0,r.-79.1.0/r.-111.1.0,r.-111.1.0/r.-79.1.0,r.-79.1.0/r.-111.1.0,r.-79.1.0/r.-111.1.0,r.-111.1.0/r.-79.1.0,r.-79.1.0/r.-111.1.0,r.-79.1.0/r.-111.1.0,r.-79.1.0/r.-111.1.0,r.-79.1.0/r.-111.1.0,r.-111.1.0/r.-79.1.0,r.-79.1.0/r.-111.1.0,r.-79.1.0/r.-111.1.0,r.-79.1.0/r.-111.1.0,r.-111.1.0/r.-79.1.0,r.-111.1.0/r.-79.1.0,r.-79.1.0/r.-111.1.0,r.-111.1.0/r.-79.1.0,r.-79.1.0/r.-111.1.0,r.-79.1.0/r.-111.1.0,r.-111.1.0/r.-79.1.0,r.-79.1.0/r.-111.1.0,r.-79.1.0/r.-111.1.0,r.-79.1.0/r.-111.1.0,r.-79.1.0/r.-111.1.0,r.-111.1.0/r.-79.1.0,r.-79.1.0/r.-111.1.0,r.-111.1.0/r.-79.1.0,r.-111.1.0/r.-79.1.0,r.-79.1.0/r.-111.1.0,r.-111.1.0/r.-79.1.0,r.-111.1.0/r.-79.1.0,r.-79.1.0/r.-111.1.0,r.-79.1.0/r.-111.1.0,r.-79.1.0/r.-111.1.0,r.-111.1.0/r.-79.1.0,r.-111.1.0/r.-79.1.0,r.-79.1.0/r.-111.1.0,r.-79.1.0/r.-111.1.0,r.-79.1.0/r.-111.1.0,r.-79.1.0/r.-111.1.0,r.-79.1.0/r.-111.1.0,r.-111.1.0/r.-79.1.0,r.-111.1.0/r.-79.1.0,r.-111.1.0/r.-79.1.0,r.-79.1.0/r.-111.1.0,r.-79.1.0/r.-111.1.0,r.-111.1.0/r.-79.1.0,r.-111.1.0/r.-79.1.0,r.-79.1.0/r.-111.1.0,r.-79.1.0/r.-111.1.0,r.-111.1.0/r.-79.1.0,r.-111.1.0/r.-79.1.0,r.-111.1.0/r.-79.1.0,r.-79.1.0/r.-111.1.0,r.-79.1.0/r.-111.1.0,r.-111.1.0/r.-79.1.0,r.-79.1.0/r.-111.1.0,r.-79.1.0/r.-111.1.0,r.-111.1.0/r.-79.1.0,r.-111.1.0/r.-79.1.0,r.-111.1.0/r.-79.1.0,r.-79.1.0/r.-111.1.0,r.-111.1.0/r.-79.1.0,r.-79.1.0/r.-111.1.0,r.-111.1.0/r.-79.1.0,r.-79.1.0/r.-111.1.0,r.-111.1.0/r.-79.1.0,r.-79.1.0/r.-111.1.0,r.-79.1.0/r.-111.1.0,r.-79.1.0/r.-111.1.0,r.-111.1.0/r.-79.1.0,r.-111.1.0/r.-79.1.0,r.-111.1.0/r.-79.1.0,r.-79.1.0/r.-111.1.0,r.-111.1.0/r.-79.1.0,r.-111.1.0/r.-79.1.0,r.-111.1.0/r.-79.1.0,r.-111.1.0/r.-79.1.0,r.-111.1.0/r.-79.1.0,r.-111.1.0/r.-79.1.0,r.-111.1.0/r.-79.1.0,r.-79.1.0/r.-111.1.0,r.-111.1.0/r.-79.1.0,r.-111.1.0/r.-79.1.0,r.-79.1.0/r.-111.1.0,r.-79.1.0/r.-111.1.0,,,,,,,,,,,,,,,,,,,,,,,,,,,,,,,,,,,,,,,,,,,,,,,,,,,,,,,,,,,,,,,,,,,,,,,,,,,,,,,,,,,,,,,,,,,,,,,,,,,,,,,,,,,,,,,,,,,,,,,,,,,,,,,,
579,r.-79.1.0/r.-111.1.0,r.-79.1.0/r.-111.1.0,r.-111.1.0/r.-79.1.0,r.-111.1.0/r.-79.1.0,r.-79.1.0/r.-111.1.0,r.-111.1.0/r.-79.1.0,r.-111.1.0/r.-79.1.0,r.-111.1.0/r.-79.1.0,r.-111.1.0/r.-79.1.0,r.-79.1.0/r.-111.1.0,r.-79.1.0/r.-111.1.0,r.-79.1.0/r.-111.1.0,r.-79.1.0/r.-111.1.0,r.-79.1.0/r.-111.1.0,r.-111.1.0/r.-79.1.0,r.-79.1.0/r.-111.1.0,r.-111.1.0/r.-79.1.0,r.-79.1.0/r.-111.1.0,r.-79.1.0/r.-111.1.0,r.-79.1.0/r.-111.1.0,r.-79.1.0/r.-111.1.0,r.-111.1.0/r.-79.1.0,r.-79.1.0/r.-111.1.0,r.-111.1.0/r.-79.1.0,r.-79.1.0/r.-111.1.0,r.-79.1.0/r.-111.1.0,r.-111.1.0/r.-79.1.0,r.-111.1.0/r.-79.1.0,r.-79.1.0/r.-111.1.0,r.-111.1.0/r.-79.1.0,r.-79.1.0/r.-111.1.0,r.-79.1.0/r.-111.1.0,r.-111.1.0/r.-79.1.0,r.-111.1.0/r.-79.1.0,r.-79.1.0/r.-111.1.0,r.-111.1.0/r.-79.1.0,r.-111.1.0/r.-79.1.0,r.-111.1.0/r.-79.1.0,r.-111.1.0/r.-79.1.0,r.-111.1.0/r.-79.1.0,r.-79.1.0/r.-111.1.0,r.-79.1.0/r.-111.1.0,r.-111.1.0/r.-79.1.0,r.-79.1.0/r.-111.1.0,r.-79.1.0/r.-111.1.0,r.-111.1.0/r.-79.1.0,r.-111.1.0/r.-79.1.0,r.-111.1.0/r.-79.1.0,r.-79.1.0/r.-111.1.0,r.-111.1.0/r.-79.1.0,r.-111.1.0/r.-79.1.0,r.-79.1.0/r.-111.1.0,r.-111.1.0/r.-79.1.0,r.-111.1.0/r.-79.1.0,r.-111.1.0/r.-79.1.0,r.-111.1.0/r.-79.1.0,r.-111.1.0/r.-79.1.0,r.-111.1.0/r.-79.1.0,r.-79.1.0/r.-111.1.0,r.-111.1.0/r.-79.1.0,r.-111.1.0/r.-79.1.0,r.-79.1.0/r.-111.1.0,r.-79.1.0/r.-111.1.0,r.-111.1.0/r.-79.1.0,r.-79.1.0/r.-111.1.0,r.-111.1.0/r.-79.1.0,r.-79.1.0/r.-111.1.0,r.-111.1.0/r.-79.1.0,r.-111.1.0/r.-79.1.0,r.-79.1.0/r.-111.1.0,r.-111.1.0/r.-79.1.0,r.-111.1.0/r.-79.1.0,r.-111.1.0/r.-79.1.0,r.-111.1.0/r.-79.1.0,r.-79.1.0/r.-111.1.0,r.-111.1.0/r.-79.1.0,r.-79.1.0/r.-111.1.0,r.-79.1.0/r.-111.1.0,r.-111.1.0/r.-79.1.0,r.-79.1.0/r.-111.1.0,r.-111.1.0/r.-79.1.0,r.-111.1.0/r.-79.1.0,r.-111.1.0/r.-79.1.0,r.-79.1.0/r.-111.1.0,r.-79.1.0/r.-111.1.0,r.-79.1.0/r.-111.1.0,r.-111.1.0/r.-79.1.0,r.-111.1.0/r.-79.1.0,r.-79.1.0/r.-111.1.0,r.-111.1.0/r.-79.1.0,r.-79.1.0/r.-111.1.0,r.-111.1.0/r.-79.1.0,r.-79.1.0/r.-111.1.0,r.-79.1.0/r.-111.1.0,,,,,,,,,,,,,,,,,,,,,,,,,,,,,,,,,,,,,,,,,,,,,,,,,,,,,,,,,,,,,,,,,,,,,,,,,,,,,,,,,,,,,,,,,,,,,,,,,,,,,,,,,,,,,,,,,,,,,,,,,,,,,,,,
580,r.-111.1.0/r.-79.1.0,r.-79.1.0/r.-111.1.0,r.-111.1.0/r.-79.1.0,r.-79.1.0/r.-111.1.0,r.-79.1.0/r.-111.1.0,r.-111.1.0/r.-79.1.0,r.-79.1.0/r.-111.1.0,r.-79.1.0/r.-111.1.0,r.-79.1.0/r.-111.1.0,r.-111.1.0/r.-79.1.0,r.-79.1.0/r.-111.1.0,r.-111.1.0/r.-79.1.0,r.-111.1.0/r.-79.1.0,r.-111.1.0/r.-79.1.0,r.-79.1.0/r.-111.1.0,r.-111.1.0/r.-79.1.0,r.-111.1.0/r.-79.1.0,r.-111.1.0/r.-79.1.0,r.-111.1.0/r.-79.1.0,r.-79.1.0/r.-111.1.0,r.-111.1.0/r.-79.1.0,r.-79.1.0/r.-111.1.0,r.-79.1.0/r.-111.1.0,r.-111.1.0/r.-79.1.0,r.-111.1.0/r.-79.1.0,r.-111.1.0/r.-79.1.0,r.-111.1.0/r.-79.1.0,r.-111.1.0/r.-79.1.0,r.-79.1.0/r.-111.1.0,r.-79.1.0/r.-111.1.0,r.-111.1.0/r.-79.1.0,r.-111.1.0/r.-79.1.0,r.-79.1.0/r.-111.1.0,r.-79.1.0/r.-111.1.0,r.-79.1.0/r.-111.1.0,r.-79.1.0/r.-111.1.0,r.-79.1.0/r.-111.1.0,r.-111.1.0/r.-79.1.0,r.-111.1.0/r.-79.1.0,r.-79.1.0/r.-111.1.0,r.-79.1.0/r.-111.1.0,r.-79.1.0/r.-111.1.0,r.-79.1.0/r.-111.1.0,r.-111.1.0/r.-79.1.0,r.-111.1.0/r.-79.1.0,r.-79.1.0/r.-111.1.0,r.-79.1.0/r.-111.1.0,r.-79.1.0/r.-111.1.0,r.-111.1.0/r.-79.1.0,r.-79.1.0/r.-111.1.0,r.-79.1.0/r.-111.1.0,r.-79.1.0/r.-111.1.0,r.-111.1.0/r.-79.1.0,r.-111.1.0/r.-79.1.0,r.-111.1.0/r.-79.1.0,r.-111.1.0/r.-79.1.0,r.-79.1.0/r.-111.1.0,r.-79.1.0/r.-111.1.0,r.-79.1.0/r.-111.1.0,r.-79.1.0/r.-111.1.0,r.-111.1.0/r.-79.1.0,r.-111.1.0/r.-79.1.0,r.-111.1.0/r.-79.1.0,r.-79.1.0/r.-111.1.0,r.-79.1.0/r.-111.1.0,r.-111.1.0/r.-79.1.0,r.-79.1.0/r.-111.1.0,r.-111.1.0/r.-79.1.0,r.-111.1.0/r.-79.1.0,r.-79.1.0/r.-111.1.0,r.-111.1.0/r.-79.1.0,r.-79.1.0/r.-111.1.0,r.-111.1.0/r.-79.1.0,r.-79.1.0/r.-111.1.0,r.-111.1.0/r.-79.1.0,r.-79.1.0/r.-111.1.0,r.-79.1.0/r.-111.1.0,r.-79.1.0/r.-111.1.0,r.-79.1.0/r.-111.1.0,r.-111.1.0/r.-79.1.0,r.-79.1.0/r.-111.1.0,r.-79.1.0/r.-111.1.0,r.-111.1.0/r.-79.1.0,r.-79.1.0/r.-111.1.0,r.-79.1.0/r.-111.1.0,r.-79.1.0/r.-111.1.0,r.-111.1.0/r.-79.1.0,r.-111.1.0/r.-79.1.0,r.-111.1.0/r.-79.1.0,r.-79.1.0/r.-111.1.0,r.-79.1.0/r.-111.1.0,r.-111.1.0/r.-79.1.0,r.-111.1.0/r.-79.1.0,r.-79.1.0/r.-111.1.0,,,,,,,,,,,,,,,,,,,,,,,,,,,,,,,,,,,,,,,,,,,,,,,,,,,,,,,,,,,,,,,,,,,,,,,,,,,,,,,,,,,,,,,,,,,,,,,,,,,,,,,,,,,,,,,,,,,,,,,,,,,,,,,,
581,r.-111.1.0/r.-79.1.0,r.-111.1.0/r.-79.1.0,r.-111.1.0/r.-79.1.0,r.-111.1.0/r.-79.1.0,r.-111.1.0/r.-79.1.0,r.-111.1.0/r.-79.1.0,r.-79.1.0/r.-111.1.0,r.-111.1.0/r.-79.1.0,r.-79.1.0/r.-111.1.0,r.-111.1.0/r.-79.1.0,r.-111.1.0/r.-79.1.0,r.-111.1.0/r.-79.1.0,r.-111.1.0/r.-79.1.0,r.-111.1.0/r.-79.1.0,r.-79.1.0/r.-111.1.0,r.-79.1.0/r.-111.1.0,r.-79.1.0/r.-111.1.0,r.-79.1.0/r.-111.1.0,r.-111.1.0/r.-79.1.0,r.-111.1.0/r.-79.1.0,r.-111.1.0/r.-79.1.0,r.-79.1.0/r.-111.1.0,r.-111.1.0/r.-79.1.0,r.-79.1.0/r.-111.1.0,r.-111.1.0/r.-79.1.0,r.-79.1.0/r.-111.1.0,r.-79.1.0/r.-111.1.0,r.-111.1.0/r.-79.1.0,r.-111.1.0/r.-79.1.0,r.-111.1.0/r.-79.1.0,r.-111.1.0/r.-79.1.0,r.-79.1.0/r.-111.1.0,r.-79.1.0/r.-111.1.0,r.-111.1.0/r.-79.1.0,r.-79.1.0/r.-111.1.0,r.-111.1.0/r.-79.1.0,r.-79.1.0/r.-111.1.0,r.-111.1.0/r.-79.1.0,r.-79.1.0/r.-111.1.0,r.-79.1.0/r.-111.1.0,r.-111.1.0/r.-79.1.0,r.-79.1.0/r.-111.1.0,r.-79.1.0/r.-111.1.0,r.-111.1.0/r.-79.1.0,r.-79.1.0/r.-111.1.0,r.-111.1.0/r.-79.1.0,r.-79.1.0/r.-111.1.0,r.-111.1.0/r.-79.1.0,r.-79.1.0/r.-111.1.0,r.-111.1.0/r.-79.1.0,r.-111.1.0/r.-79.1.0,r.-111.1.0/r.-79.1.0,r.-111.1.0/r.-79.1.0,r.-79.1.0/r.-111.1.0,r.-79.1.0/r.-111.1.0,r.-79.1.0/r.-111.1.0,r.-111.1.0/r.-79.1.0,r.-79.1.0/r.-111.1.0,r.-79.1.0/r.-111.1.0,r.-111.1.0/r.-79.1.0,r.-111.1.0/r.-79.1.0,r.-79.1.0/r.-111.1.0,r.-111.1.0/r.-79.1.0,r.-79.1.0/r.-111.1.0,r.-79.1.0/r.-111.1.0,r.-111.1.0/r.-79.1.0,r.-111.1.0/r.-79.1.0,r.-79.1.0/r.-111.1.0,r.-111.1.0/r.-79.1.0,r.-79.1.0/r.-111.1.0,r.-111.1.0/r.-79.1.0,r.-111.1.0/r.-79.1.0,r.-79.1.0/r.-111.1.0,r.-79.1.0/r.-111.1.0,r.-79.1.0/r.-111.1.0,r.-79.1.0/r.-111.1.0,r.-79.1.0/r.-111.1.0,r.-79.1.0/r.-111.1.0,r.-111.1.0/r.-79.1.0,r.-79.1.0/r.-111.1.0,r.-79.1.0/r.-111.1.0,r.-111.1.0/r.-79.1.0,r.-79.1.0/r.-111.1.0,r.-111.1.0/r.-79.1.0,r.-79.1.0/r.-111.1.0,r.-79.1.0/r.-111.1.0,r.-79.1.0/r.-111.1.0,r.-111.1.0/r.-79.1.0,r.-79.1.0/r.-111.1.0,r.-111.1.0/r.-79.1.0,r.-79.1.0/r.-111.1.0,r.-111.1.0/r.-79.1.0,r.-79.1.0/r.-111.1.0,r.-79.1.0/r.-111.1.0,,,,,,,,,,,,,,,,,,,,,,,,,,,,,,,,,,,,,,,,,,,,,,,,,,,,,,,,,,,,,,,,,,,,,,,,,,,,,,,,,,,,,,,,,,,,,,,,,,,,,,,,,,,,,,,,,,,,,,,,,,,,,,,,
582,r.-109.1.0,r.-109.1.0,r.-109.1.0,r.-109.1.0,r.-109.1.0,r.-109.1.0,r.-109.1.0,r.-109.1.0,r.-109.1.0,r.-109.1.0,r.-109.1.0,r.-109.1.0,r.-109.1.0,r.-109.1.0,r.-109.1.0,r.-109.1.0,r.-109.1.0,r.-109.1.0,r.-109.1.0,r.-109.1.0,r.-109.1.0,r.-109.1.0,r.-109.1.0,r.-109.1.0,r.-109.1.0,r.-109.1.0,r.-109.1.0,r.-109.1.0,r.-109.1.0,r.-109.1.0,r.-109.1.0,r.-109.1.0,r.-109.1.0,r.-109.1.0,r.-109.1.0,r.-109.1.0,r.-109.1.0,r.-109.1.0,r.-109.1.0,r.-109.1.0,r.-109.1.0,r.-109.1.0,r.-109.1.0,r.-109.1.0,r.-109.1.0,r.-109.1.0,r.-109.1.0,r.-109.1.0,r.-109.1.0,r.-109.1.0,r.-109.1.0,r.-109.1.0,r.-109.1.0,r.-109.1.0,r.-109.1.0,r.-109.1.0,r.-109.1.0,r.-109.1.0,r.-109.1.0,r.-109.1.0,r.-109.1.0,r.-109.1.0,r.-109.1.0,r.-109.1.0,r.-109.1.0,r.-109.1.0,r.-109.1.0,r.-109.1.0,r.-109.1.0,r.-109.1.0,r.-109.1.0,r.-109.1.0,r.-109.1.0,r.-109.1.0,r.-109.1.0,r.-109.1.0,r.-109.1.0,r.-109.1.0,r.-109.1.0,r.-109.1.0,r.-109.1.0,r.-109.1.0,r.-109.1.0,r.-109.1.0,r.-109.1.0,r.-109.1.0,r.-109.1.0,r.-109.1.0,r.-109.1.0,r.-109.1.0,r.-109.1.0,r.-109.1.0,r.-109.1.0,r.-109.1.0,,,,,,,,,,,,,,,,,,,,,,,,,,,,,,,,,,,,,,,,,,,,,,,,,,,,,,,,,,,,,,,,,,,,,,,,,,,,,,,,,,,,,,,,,,,,,,,,,,,,,,,,,,,,,,,,,,,,,,,,,,,,,,,,
583,r.-109.1.0,r.-109.1.0,r.-109.1.0,r.-109.1.0,r.-109.1.0,r.-109.1.0,r.-109.1.0,r.-109.1.0,r.-109.1.0,r.-109.1.0,r.-109.1.0,r.-109.1.0,r.-109.1.0,r.-109.1.0,r.-109.1.0,r.-109.1.0,r.-109.1.0,r.-109.1.0,r.-109.1.0,r.-109.1.0,r.-109.1.0,r.-109.1.0,r.-109.1.0,r.-109.1.0,r.-109.1.0,r.-109.1.0,r.-109.1.0,r.-109.1.0,r.-109.1.0,r.-109.1.0,r.-109.1.0,r.-109.1.0,r.-109.1.0,r.-109.1.0,r.-109.1.0,r.-109.1.0,r.-109.1.0,r.-109.1.0,r.-109.1.0,r.-109.1.0,r.-109.1.0,r.-109.1.0,r.-109.1.0,r.-109.1.0,r.-109.1.0,r.-109.1.0,r.-109.1.0,r.-109.1.0,r.-109.1.0,r.-109.1.0,r.-109.1.0,r.-109.1.0,r.-109.1.0,r.-109.1.0,r.-109.1.0,r.-109.1.0,r.-109.1.0,r.-109.1.0,r.-109.1.0,r.-109.1.0,r.-109.1.0,r.-109.1.0,r.-109.1.0,r.-109.1.0,r.-109.1.0,r.-109.1.0,r.-109.1.0,r.-109.1.0,r.-109.1.0,r.-109.1.0,r.-109.1.0,r.-109.1.0,r.-109.1.0,r.-109.1.0,r.-109.1.0,r.-109.1.0,r.-109.1.0,r.-109.1.0,r.-109.1.0,r.-109.1.0,r.-109.1.0,r.-109.1.0,r.-109.1.0,r.-109.1.0,r.-109.1.0,r.-109.1.0,r.-109.1.0,r.-109.1.0,r.-109.1.0,r.-109.1.0,r.-109.1.0,r.-109.1.0,r.-109.1.0,r.-109.1.0,,,,,,,,,,,,,,,,,,,,,,,,,,,,,,,,,,,,,,,,,,,,,,,,,,,,,,,,,,,,,,,,,,,,,,,,,,,,,,,,,,,,,,,,,,,,,,,,,,,,,,,,,,,,,,,,,,,,,,,,,,,,,,,,
584,,,,,,,,,,,,,,,,,,,,,,,,,,,,,,,,,,,,,,,,,,,,,,,,,,,,,,,,,,,,,,,,,,,,,,,,,,,,,,,,,,,,,,,p.588,,,,,,,,,,,,,,,,,,,,,,,,,,,,,,,,,,,,,,,,,,,,,,,,,,,,,,,,,,,,,,,,,,,,,,,,,,,,,,,,,,,,,,,,,,,,,,,,,,,,,,,,,,,,,,,,,,,,,,,,,,,,,,,,,,,,,,,
585,p.489/r.-92.0.0/r.-111.0.0/r.-79.0.0,p.490/r.-79.0.0/r.-111.0.0/r.-92.0.0,p.491/r.-111.0.0/r.-92.0.0/r.-79.0.0,p.492/r.-92.0.0/r.-79.0.0/r.-111.0.0,p.493/r.-111.0.0/r.-79.0.0/r.-92.0.0,p.494/r.-111.0.0/r.-79.0.0/r.-92.0.0,p.495/r.-79.0.0/r.-92.0.0/r.-111.0.0,p.496/r.-79.0.0/r.-111.0.0/r.-92.0.0,p.497/r.-92.0.0/r.-79.0.0/r.-111.0.0,p.498/r.-79.0.0/r.-111.0.0/r.-92.0.0,p.499/r.-111.0.0/r.-92.0.0/r.-79.0.0,p.500/r.-79.0.0/r.-111.0.0/r.-92.0.0,p.501/r.-111.0.0/r.-79.0.0/r.-92.0.0,p.502/r.-111.0.0/r.-79.0.0/r.-92.0.0,p.503/r.-79.0.0/r.-111.0.0/r.-92.0.0,p.504/r.-79.0.0/r.-92.0.0/r.-111.0.0,p.505/r.-111.0.0/r.-79.0.0/r.-92.0.0,p.506/r.-111.0.0/r.-92.0.0/r.-79.0.0,p.507/r.-79.0.0/r.-111.0.0/r.-92.0.0,p.508/r.-111.0.0/r.-79.0.0/r.-92.0.0,p.509/r.-111.0.0/r.-92.0.0/r.-79.0.0,p.510/r.-79.0.0/r.-92.0.0/r.-111.0.0,p.511/r.-92.0.0/r.-111.0.0/r.-79.0.0,p.512/r.-79.0.0/r.-111.0.0/r.-92.0.0,p.513/r.-92.0.0/r.-111.0.0/r.-79.0.0,p.514/r.-111.0.0/r.-92.0.0/r.-79.0.0,p.515/r.-111.0.0/r.-79.0.0/r.-92.0.0,p.516/r.-79.0.0/r.-92.0.0/r.-111.0.0,p.517/r.-111.0.0/r.-92.0.0/r.-79.0.0,p.518/r.-111.0.0/r.-92.0.0/r.-79.0.0,p.519/r.-92.0.0/r.-79.0.0/r.-111.0.0,p.520/r.-111.0.0/r.-92.0.0/r.-79.0.0,p.521/r.-92.0.0/r.-111.0.0/r.-79.0.0,p.522/r.-79.0.0/r.-111.0.0/r.-92.0.0,p.523/r.-111.0.0/r.-79.0.0/r.-92.0.0,p.524/r.-92.0.0/r.-79.0.0/r.-111.0.0,p.525/r.-79.0.0/r.-111.0.0/r.-92.0.0,p.526/r.-92.0.0/r.-111.0.0/r.-79.0.0,p.527/r.-79.0.0/r.-92.0.0/r.-111.0.0,p.528/r.-92.0.0/r.-111.0.0/r.-79.0.0,p.529/r.-111.0.0/r.-92.0.0/r.-79.0.0,p.530/r.-92.0.0/r.-79.0.0/r.-111.0.0,p.531/r.-92.0.0/r.-111.0.0/r.-79.0.0,p.532/r.-79.0.0/r.-92.0.0/r.-111.0.0,p.533/r.-79.0.0/r.-111.0.0/r.-92.0.0,p.534/r.-92.0.0/r.-79.0.0/r.-111.0.0,p.535/r.-79.0.0/r.-111.0.0/r.-92.0.0,p.536/r.-92.0.0/r.-79.0.0/r.-111.0.0,p.537/r.-92.0.0/r.-111.0.0/r.-79.0.0,p.538/r.-111.0.0/r.-79.0.0/r.-92.0.0,p.539/r.-111.0.0/r.-92.0.0/r.-79.0.0,p.540/r.-79.0.0/r.-92.0.0/r.-111.0.0,p.541/r.-79.0.0/r.-111.0.0/r.-92.0.0,p.542/r.-92.0.0/r.-111.0.0/r.-79.0.0,p.543/r.-92.0.0/r.-111.0.0/r.-79.0.0,p.544/r.-79.0.0/r.-92.0.0/r.-111.0.0,p.545/r.-111.0.0/r.-92.0.0/r.-79.0.0,p.546/r.-111.0.0/r.-92.0.0/r.-79.0.0,p.547/r.-92.0.0/r.-79.0.0/r.-111.0.0,p.548/r.-92.0.0/r.-79.0.0/r.-111.0.0,p.549/r.-111.0.0/r.-79.0.0/r.-92.0.0,p.550/r.-111.0.0/r.-79.0.0/r.-92.0.0,p.551/r.-111.0.0/r.-79.0.0/r.-92.0.0,p.552/r.-79.0.0/r.-92.0.0/r.-111.0.0,p.553/r.-111.0.0/r.-79.0.0/r.-92.0.0,p.554/r.-111.0.0/r.-92.0.0/r.-79.0.0,p.555/r.-92.0.0/r.-79.0.0/r.-111.0.0,p.556/r.-111.0.0/r.-79.0.0/r.-92.0.0,p.557/r.-111.0.0/r.-92.0.0/r.-79.0.0,p.558/r.-111.0.0/r.-92.0.0/r.-79.0.0,p.559/r.-111.0.0/r.-79.0.0/r.-92.0.0,p.560/r.-79.0.0/r.-111.0.0/r.-92.0.0,p.561/r.-79.0.0/r.-111.0.0/r.-92.0.0,p.562/r.-79.0.0/r.-92.0.0/r.-111.0.0,p.563/r.-92.0.0/r.-79.0.0/r.-111.0.0,p.564/r.-79.0.0/r.-111.0.0/r.-92.0.0,p.565/r.-92.0.0/r.-111.0.0/r.-79.0.0,p.566/r.-111.0.0/r.-79.0.0/r.-92.0.0,p.567/r.-92.0.0/r.-111.0.0/r.-79.0.0,p.568/r.-92.0.0/r.-79.0.0/r.-111.0.0,p.569/r.-111.0.0/r.-92.0.0/r.-79.0.0,p.570/r.-111.0.0/r.-92.0.0/r.-79.0.0,p.571/r.-111.0.0/r.-92.0.0/r.-79.0.0,p.572/r.-111.0.0/r.-92.0.0/r.-79.0.0,p.573/r.-79.0.0/r.-92.0.0/r.-111.0.0,p.574/r.-92.0.0/r.-79.0.0/r.-111.0.0,p.416/r.-111.0.0/r.-92.0.0/r.-79.0.0/r.-108.0.0,p.575/r.-92.0.0/r.-111.0.0/r.-79.0.0,p.576/r.-79.0.0/r.-111.0.0/r.-92.0.0,p.577/r.-92.0.0/r.-79.0.0/r.-111.0.0,p.578/r.-92.0.0/r.-79.0.0/r.-111.0.0,p.579/r.-92.0.0/r.-111.0.0/r.-79.0.0,p.580/r.-79.0.0/r.-111.0.0/r.-92.0.0,p.581/r.-79.0.0/r.-92.0.0/r.-111.0.0,,,,,,,,,,,,,,,,,,,,,,,,,,,,,,,,,,,,,,,,,,,,,,,,,,,,,,,,,,,,,,,,,,,,,,,,,,,,,,,,p.424,,p.582,,,,,,,,,,,p.583,,,,,,,,,,,,,,,,p.587,p.585,,p.586,,,,,,,,,,,,,,,,
586,r.-109.1.0,r.-109.1.0,r.-109.1.0,r.-109.1.0,r.-109.1.0,r.-109.1.0,r.-109.1.0,r.-109.1.0,r.-109.1.0,r.-109.1.0,r.-109.1.0,r.-109.1.0,r.-109.1.0,r.-109.1.0,r.-109.1.0,r.-109.1.0,r.-109.1.0,r.-109.1.0,r.-109.1.0,r.-109.1.0,r.-109.1.0,r.-109.1.0,r.-109.1.0,r.-109.1.0,r.-109.1.0,r.-109.1.0,r.-109.1.0,r.-109.1.0,r.-109.1.0,r.-109.1.0,r.-109.1.0,r.-109.1.0,r.-109.1.0,r.-109.1.0,r.-109.1.0,r.-109.1.0,r.-109.1.0,r.-109.1.0,r.-109.1.0,r.-109.1.0,r.-109.1.0,r.-109.1.0,r.-109.1.0,r.-109.1.0,r.-109.1.0,r.-109.1.0,r.-109.1.0,r.-109.1.0,r.-109.1.0,r.-109.1.0,r.-109.1.0,r.-109.1.0,r.-109.1.0,r.-109.1.0,r.-109.1.0,r.-109.1.0,r.-109.1.0,r.-109.1.0,r.-109.1.0,r.-109.1.0,r.-109.1.0,r.-109.1.0,r.-109.1.0,r.-109.1.0,r.-109.1.0,r.-109.1.0,r.-109.1.0,r.-109.1.0,r.-109.1.0,r.-109.1.0,r.-109.1.0,r.-109.1.0,r.-109.1.0,r.-109.1.0,r.-109.1.0,r.-109.1.0,r.-109.1.0,r.-109.1.0,r.-109.1.0,r.-109.1.0,r.-109.1.0,r.-109.1.0,r.-109.1.0,r.-109.1.0,r.-109.1.0,r.-109.1.0,r.-109.1.0,r.-109.1.0,r.-109.1.0,r.-109.1.0,r.-109.1.0,r.-109.1.0,r.-109.1.0,r.-109.1.0,,,,,,,,,,,,,,,,,,,,,,,,,,,,,,,,,,,,,,,,,,,,,,,,,,,,,,,,,,,,,,,,,,,,,,,,,,,,,,,,,,,,,,,,,,,,,,,,,,,,,,,,,,,,,,,,,,,,,,,,,,,,,,,,
587,,,,,,,,,,,,,,,,,,,,,,,,,,,,,,,,,,,,,,,,,,,,,,,,,,,,,,,,,,,,,,,,,,,,,,,,,,,,,,,,,,,,,,,r.-108.2.0,,,,,,,,,,,,,,,,,,,,,,,,,,,,,,,,,,,,,,,,,,,,,,,,,,,,,,,,,,,,,,,,,,,,,,,,,,,,,,,,,,,,,,,,,,,,,,,,,,,,,,,,,,,,,,,,,,,,,,,,,,,,,,,,,,,,,,,
588,,,,,,,,,,,,,,,,r.-117.3.0,,,,,,,,,,,,,,,,,,,,,,,,,,,,,,,,,,,,,,,,,,,,,,,,,,,,,,,,,,,,,,,,,,,,,,,,,,,,,,,,,,,,,,,,,,,,,,,,,,,,,,,,,,,,,,,,,,,,,,,,,,,,,,,,,,,,,,,,,,,,,,,,,,,,,,,,,,,,,,,,,,,,,,,,,,,,,,,,,,,,,,,,,,,,,,,,,,,,,,,,,,,,,,
589,r.-110.1.0,r.-110.1.0,r.-110.1.0,r.-110.1.0,r.-110.1.0,r.-110.1.0,r.-110.1.0,r.-110.1.0,r.-110.1.0,r.-110.1.0,r.-110.1.0,r.-110.1.0,r.-110.1.0,r.-110.1.0,r.-110.1.0,r.-110.1.0,r.-110.1.0,r.-110.1.0,r.-110.1.0,r.-110.1.0,r.-110.1.0,r.-110.1.0,r.-110.1.0,r.-110.1.0,r.-110.1.0,r.-110.1.0,r.-110.1.0,r.-110.1.0,r.-110.1.0,r.-110.1.0,r.-110.1.0,r.-110.1.0,r.-110.1.0,r.-110.1.0,r.-110.1.0,r.-110.1.0,r.-110.1.0,r.-110.1.0,r.-110.1.0,r.-110.1.0,r.-110.1.0,r.-110.1.0,r.-110.1.0,r.-110.1.0,r.-110.1.0,r.-110.1.0,r.-110.1.0,r.-110.1.0,r.-110.1.0,r.-110.1.0,r.-110.1.0,r.-110.1.0,r.-110.1.0,r.-110.1.0,r.-110.1.0,r.-110.1.0,r.-110.1.0,r.-110.1.0,r.-110.1.0,r.-110.1.0,r.-110.1.0,r.-110.1.0,r.-110.1.0,r.-110.1.0,r.-110.1.0,r.-110.1.0,r.-110.1.0,r.-110.1.0,r.-110.1.0,r.-110.1.0,r.-110.1.0,r.-110.1.0,r.-110.1.0,r.-110.1.0,r.-110.1.0,r.-110.1.0,r.-110.1.0,r.-110.1.0,r.-110.1.0,r.-110.1.0,r.-110.1.0,r.-110.1.0,r.-110.1.0,r.-110.1.0,r.-110.1.0,r.-110.1.0,r.-110.1.0,r.-110.1.0,r.-110.1.0,r.-110.1.0,r.-110.1.0,r.-110.1.0,r.-110.1.0,r.-110.1.0,,,,,,,,,,,,,,,,,,,,,,,,,,,,,,,,,,,,,,,,,,,,,,,,,,,,,,,,,,,,,,,,,,,,,,,,,,,,,,,,,,,,,,,,,,,,,,,,,,,,,,,,,,,,,,,,,,,,,,,,,,,,,,,,
590,r.-110.1.0,r.-110.1.0,r.-110.1.0,r.-110.1.0,r.-110.1.0,r.-110.1.0,r.-110.1.0,r.-110.1.0,r.-110.1.0,r.-110.1.0,r.-110.1.0,r.-110.1.0,r.-110.1.0,r.-110.1.0,r.-110.1.0,r.-110.1.0,r.-110.1.0,r.-110.1.0,r.-110.1.0,r.-110.1.0,r.-110.1.0,r.-110.1.0,r.-110.1.0,r.-110.1.0,r.-110.1.0,r.-110.1.0,r.-110.1.0,r.-110.1.0,r.-110.1.0,r.-110.1.0,r.-110.1.0,r.-110.1.0,r.-110.1.0,r.-110.1.0,r.-110.1.0,r.-110.1.0,r.-110.1.0,r.-110.1.0,r.-110.1.0,r.-110.1.0,r.-110.1.0,r.-110.1.0,r.-110.1.0,r.-110.1.0,r.-110.1.0,r.-110.1.0,r.-110.1.0,r.-110.1.0,r.-110.1.0,r.-110.1.0,r.-110.1.0,r.-110.1.0,r.-110.1.0,r.-110.1.0,r.-110.1.0,r.-110.1.0,r.-110.1.0,r.-110.1.0,r.-110.1.0,r.-110.1.0,r.-110.1.0,r.-110.1.0,r.-110.1.0,r.-110.1.0,r.-110.1.0,r.-110.1.0,r.-110.1.0,r.-110.1.0,r.-110.1.0,r.-110.1.0,r.-110.1.0,r.-110.1.0,r.-110.1.0,r.-110.1.0,r.-110.1.0,r.-110.1.0,r.-110.1.0,r.-110.1.0,r.-110.1.0,r.-110.1.0,r.-110.1.0,r.-110.1.0,r.-110.1.0,r.-110.1.0,r.-110.1.0,r.-110.1.0,r.-110.1.0,r.-110.1.0,r.-110.1.0,r.-110.1.0,r.-110.1.0,r.-110.1.0,r.-110.1.0,r.-110.1.0,,,,,,,,,,,,,,,,,,,,,,,,,,,,,,,,,,,,,,,,,,,,,,,,,,,,,,,,,,,,,,,,,,,,,,,,,,,,,,,,,,,,,,,,,,,,,,,,,,,,,,,,,,,,,,,,,,,,,,,,,,,,,,,,
591,r.-110.1.0/r.-79.1.0,r.-79.1.0/r.-110.1.0,r.-79.1.0/r.-110.1.0,r.-110.1.0/r.-79.1.0,r.-79.1.0/r.-110.1.0,r.-79.1.0/r.-110.1.0,r.-110.1.0/r.-79.1.0,r.-110.1.0/r.-79.1.0,r.-110.1.0/r.-79.1.0,r.-79.1.0/r.-110.1.0,r.-110.1.0/r.-79.1.0,r.-110.1.0/r.-79.1.0,r.-79.1.0/r.-110.1.0,r.-110.1.0/r.-79.1.0,r.-110.1.0/r.-79.1.0,r.-110.1.0/r.-79.1.0,r.-79.1.0/r.-110.1.0,r.-110.1.0/r.-79.1.0,r.-110.1.0/r.-79.1.0,r.-110.1.0/r.-79.1.0,r.-110.1.0/r.-79.1.0,r.-110.1.0/r.-79.1.0,r.-110.1.0/r.-79.1.0,r.-110.1.0/r.-79.1.0,r.-110.1.0/r.-79.1.0,r.-110.1.0/r.-79.1.0,r.-110.1.0/r.-79.1.0,r.-79.1.0/r.-110.1.0,r.-79.1.0/r.-110.1.0,r.-79.1.0/r.-110.1.0,r.-79.1.0/r.-110.1.0,r.-79.1.0/r.-110.1.0,r.-110.1.0/r.-79.1.0,r.-79.1.0/r.-110.1.0,r.-110.1.0/r.-79.1.0,r.-110.1.0/r.-79.1.0,r.-110.1.0/r.-79.1.0,r.-110.1.0/r.-79.1.0,r.-79.1.0/r.-110.1.0,r.-79.1.0/r.-110.1.0,r.-110.1.0/r.-79.1.0,r.-79.1.0/r.-110.1.0,r.-110.1.0/r.-79.1.0,r.-79.1.0/r.-110.1.0,r.-79.1.0/r.-110.1.0,r.-110.1.0/r.-79.1.0,r.-79.1.0/r.-110.1.0,r.-79.1.0/r.-110.1.0,r.-79.1.0/r.-110.1.0,r.-110.1.0/r.-79.1.0,r.-79.1.0/r.-110.1.0,r.-110.1.0/r.-79.1.0,r.-110.1.0/r.-79.1.0,r.-110.1.0/r.-79.1.0,r.-79.1.0/r.-110.1.0,r.-110.1.0/r.-79.1.0,r.-110.1.0/r.-79.1.0,r.-79.1.0/r.-110.1.0,r.-110.1.0/r.-79.1.0,r.-110.1.0/r.-79.1.0,r.-79.1.0/r.-110.1.0,r.-79.1.0/r.-110.1.0,r.-110.1.0/r.-79.1.0,r.-79.1.0/r.-110.1.0,r.-110.1.0/r.-79.1.0,r.-110.1.0/r.-79.1.0,r.-79.1.0/r.-110.1.0,r.-79.1.0/r.-110.1.0,r.-110.1.0/r.-79.1.0,r.-79.1.0/r.-110.1.0,r.-79.1.0/r.-110.1.0,r.-79.1.0/r.-110.1.0,r.-110.1.0/r.-79.1.0,r.-79.1.0/r.-110.1.0,r.-110.1.0/r.-79.1.0,r.-79.1.0/r.-110.1.0,r.-79.1.0/r.-110.1.0,r.-79.1.0/r.-110.1.0,r.-79.1.0/r.-110.1.0,r.-79.1.0/r.-110.1.0,r.-79.1.0/r.-110.1.0,r.-110.1.0/r.-79.1.0,r.-79.1.0/r.-110.1.0,r.-79.1.0/r.-110.1.0,r.-79.1.0/r.-110.1.0,r.-110.1.0/r.-79.1.0,r.-79.1.0/r.-110.1.0,r.-110.1.0/r.-79.1.0,r.-79.1.0/r.-110.1.0,r.-79.1.0/r.-110.1.0,r.-79.1.0/r.-110.1.0,r.-79.1.0/r.-110.1.0,r.-110.1.0/r.-79.1.0,r.-110.1.0/r.-79.1.0,,,,,,,,,,,,,,,,,,,,,,,,,,,,,,,,,,,,,,,,,,,,,,,,,,,,,,,,,,,,,,,,,,,,,,,,,,,,,,,,,,,,,,,,,,,,,,,,,,,,,,,,,,,,,,,,,,,,,,,,,,,,,,,,
592,r.-79.1.0/r.-110.1.0,r.-79.1.0/r.-110.1.0,r.-110.1.0/r.-79.1.0,r.-79.1.0/r.-110.1.0,r.-110.1.0/r.-79.1.0,r.-110.1.0/r.-79.1.0,r.-110.1.0/r.-79.1.0,r.-79.1.0/r.-110.1.0,r.-79.1.0/r.-110.1.0,r.-110.1.0/r.-79.1.0,r.-110.1.0/r.-79.1.0,r.-79.1.0/r.-110.1.0,r.-79.1.0/r.-110.1.0,r.-79.1.0/r.-110.1.0,r.-110.1.0/r.-79.1.0,r.-79.1.0/r.-110.1.0,r.-110.1.0/r.-79.1.0,r.-110.1.0/r.-79.1.0,r.-79.1.0/r.-110.1.0,r.-79.1.0/r.-110.1.0,r.-79.1.0/r.-110.1.0,r.-79.1.0/r.-110.1.0,r.-110.1.0/r.-79.1.0,r.-110.1.0/r.-79.1.0,r.-110.1.0/r.-79.1.0,r.-79.1.0/r.-110.1.0,r.-79.1.0/r.-110.1.0,r.-79.1.0/r.-110.1.0,r.-110.1.0/r.-79.1.0,r.-79.1.0/r.-110.1.0,r.-110.1.0/r.-79.1.0,r.-110.1.0/r.-79.1.0,r.-79.1.0/r.-110.1.0,r.-110.1.0/r.-79.1.0,r.-79.1.0/r.-110.1.0,r.-110.1.0/r.-79.1.0,r.-79.1.0/r.-110.1.0,r.-79.1.0/r.-110.1.0,r.-110.1.0/r.-79.1.0,r.-110.1.0/r.-79.1.0,r.-110.1.0/r.-79.1.0,r.-110.1.0/r.-79.1.0,r.-110.1.0/r.-79.1.0,r.-79.1.0/r.-110.1.0,r.-110.1.0/r.-79.1.0,r.-79.1.0/r.-110.1.0,r.-79.1.0/r.-110.1.0,r.-110.1.0/r.-79.1.0,r.-110.1.0/r.-79.1.0,r.-79.1.0/r.-110.1.0,r.-110.1.0/r.-79.1.0,r.-79.1.0/r.-110.1.0,r.-110.1.0/r.-79.1.0,r.-110.1.0/r.-79.1.0,r.-79.1.0/r.-110.1.0,r.-110.1.0/r.-79.1.0,r.-110.1.0/r.-79.1.0,r.-110.1.0/r.-79.1.0,r.-79.1.0/r.-110.1.0,r.-79.1.0/r.-110.1.0,r.-110.1.0/r.-79.1.0,r.-110.1.0/r.-79.1.0,r.-79.1.0/r.-110.1.0,r.-110.1.0/r.-79.1.0,r.-110.1.0/r.-79.1.0,r.-110.1.0/r.-79.1.0,r.-79.1.0/r.-110.1.0,r.-79.1.0/r.-110.1.0,r.-79.1.0/r.-110.1.0,r.-110.1.0/r.-79.1.0,r.-79.1.0/r.-110.1.0,r.-110.1.0/r.-79.1.0,r.-110.1.0/r.-79.1.0,r.-110.1.0/r.-79.1.0,r.-79.1.0/r.-110.1.0,r.-110.1.0/r.-79.1.0,r.-110.1.0/r.-79.1.0,r.-79.1.0/r.-110.1.0,r.-79.1.0/r.-110.1.0,r.-79.1.0/r.-110.1.0,r.-79.1.0/r.-110.1.0,r.-110.1.0/r.-79.1.0,r.-110.1.0/r.-79.1.0,r.-79.1.0/r.-110.1.0,r.-79.1.0/r.-110.1.0,r.-110.1.0/r.-79.1.0,r.-110.1.0/r.-79.1.0,r.-110.1.0/r.-79.1.0,r.-79.1.0/r.-110.1.0,r.-79.1.0/r.-110.1.0,r.-110.1.0/r.-79.1.0,r.-79.1.0/r.-110.1.0,r.-110.1.0/r.-79.1.0,r.-79.1.0/r.-110.1.0,,,,,,,,,,,,,,,,,,,,,,,,,,,,,,,,,,,,,,,,,,,,,,,,,,,,,,,,,,,,,,,,,,,,,,,,,,,,,,,,,,,,,,,,,,,,,,,,,,,,,,,,,,,,,,,,,,,,,,,,,,,,,,,,
593,r.-110.1.0,r.-110.1.0,r.-110.1.0,r.-110.1.0,r.-110.1.0,r.-110.1.0,r.-110.1.0,r.-110.1.0,r.-110.1.0,r.-110.1.0,r.-110.1.0,r.-110.1.0,r.-110.1.0,r.-110.1.0,r.-110.1.0,r.-110.1.0,r.-110.1.0,r.-110.1.0,r.-110.1.0,r.-110.1.0,r.-110.1.0,r.-110.1.0,r.-110.1.0,r.-110.1.0,r.-110.1.0,r.-110.1.0,r.-110.1.0,r.-110.1.0,r.-110.1.0,r.-110.1.0,r.-110.1.0,r.-110.1.0,r.-110.1.0,r.-110.1.0,r.-110.1.0,r.-110.1.0,r.-110.1.0,r.-110.1.0,r.-110.1.0,r.-110.1.0,r.-110.1.0,r.-110.1.0,r.-110.1.0,r.-110.1.0,r.-110.1.0,r.-110.1.0,r.-110.1.0,r.-110.1.0,r.-110.1.0,r.-110.1.0,r.-110.1.0,r.-110.1.0,r.-110.1.0,r.-110.1.0,r.-110.1.0,r.-110.1.0,r.-110.1.0,r.-110.1.0,r.-110.1.0,r.-110.1.0,r.-110.1.0,r.-110.1.0,r.-110.1.0,r.-110.1.0,r.-110.1.0,r.-110.1.0,r.-110.1.0,r.-110.1.0,r.-110.1.0,r.-110.1.0,r.-110.1.0,r.-110.1.0,r.-110.1.0,r.-110.1.0,r.-110.1.0,r.-110.1.0,r.-110.1.0,r.-110.1.0,r.-110.1.0,r.-110.1.0,r.-110.1.0,r.-110.1.0,r.-110.1.0,r.-110.1.0,r.-110.1.0,r.-110.1.0,r.-110.1.0,r.-110.1.0,r.-110.1.0,r.-110.1.0,r.-110.1.0,r.-110.1.0,r.-110.1.0,r.-110.1.0,,,,,,,,,,,,,,,,,,,,,,,,,,,,,,,,,,,,,,,,,,,,,,,,,,,,,,,,,,,,,,,,,,,,,,,,,,,,,,,,,,,,,,,,,,,,,,,,,,,,,,,,,,,,,,,,,,,,,,,,,,,,,,,,
594,r.-110.1.0/r.-79.1.0,r.-110.1.0/r.-79.1.0,r.-110.1.0/r.-79.1.0,r.-110.1.0/r.-79.1.0,r.-79.1.0/r.-110.1.0,r.-110.1.0/r.-79.1.0,r.-110.1.0/r.-79.1.0,r.-79.1.0/r.-110.1.0,r.-110.1.0/r.-79.1.0,r.-79.1.0/r.-110.1.0,r.-110.1.0/r.-79.1.0,r.-79.1.0/r.-110.1.0,r.-110.1.0/r.-79.1.0,r.-79.1.0/r.-110.1.0,r.-110.1.0/r.-79.1.0,r.-79.1.0/r.-110.1.0,r.-79.1.0/r.-110.1.0,r.-110.1.0/r.-79.1.0,r.-79.1.0/r.-110.1.0,r.-110.1.0/r.-79.1.0,r.-79.1.0/r.-110.1.0,r.-79.1.0/r.-110.1.0,r.-110.1.0/r.-79.1.0,r.-79.1.0/r.-110.1.0,r.-79.1.0/r.-110.1.0,r.-110.1.0/r.-79.1.0,r.-79.1.0/r.-110.1.0,r.-110.1.0/r.-79.1.0,r.-79.1.0/r.-110.1.0,r.-110.1.0/r.-79.1.0,r.-110.1.0/r.-79.1.0,r.-79.1.0/r.-110.1.0,r.-110.1.0/r.-79.1.0,r.-110.1.0/r.-79.1.0,r.-79.1.0/r.-110.1.0,r.-79.1.0/r.-110.1.0,r.-79.1.0/r.-110.1.0,r.-79.1.0/r.-110.1.0,r.-110.1.0/r.-79.1.0,r.-110.1.0/r.-79.1.0,r.-79.1.0/r.-110.1.0,r.-110.1.0/r.-79.1.0,r.-110.1.0/r.-79.1.0,r.-110.1.0/r.-79.1.0,r.-79.1.0/r.-110.1.0,r.-110.1.0/r.-79.1.0,r.-79.1.0/r.-110.1.0,r.-79.1.0/r.-110.1.0,r.-110.1.0/r.-79.1.0,r.-79.1.0/r.-110.1.0,r.-110.1.0/r.-79.1.0,r.-110.1.0/r.-79.1.0,r.-110.1.0/r.-79.1.0,r.-79.1.0/r.-110.1.0,r.-79.1.0/r.-110.1.0,r.-110.1.0/r.-79.1.0,r.-110.1.0/r.-79.1.0,r.-110.1.0/r.-79.1.0,r.-110.1.0/r.-79.1.0,r.-110.1.0/r.-79.1.0,r.-110.1.0/r.-79.1.0,r.-110.1.0/r.-79.1.0,r.-79.1.0/r.-110.1.0,r.-110.1.0/r.-79.1.0,r.-110.1.0/r.-79.1.0,r.-79.1.0/r.-110.1.0,r.-79.1.0/r.-110.1.0,r.-110.1.0/r.-79.1.0,r.-79.1.0/r.-110.1.0,r.-79.1.0/r.-110.1.0,r.-110.1.0/r.-79.1.0,r.-79.1.0/r.-110.1.0,r.-110.1.0/r.-79.1.0,r.-110.1.0/r.-79.1.0,r.-110.1.0/r.-79.1.0,r.-79.1.0/r.-110.1.0,r.-110.1.0/r.-79.1.0,r.-110.1.0/r.-79.1.0,r.-110.1.0/r.-79.1.0,r.-79.1.0/r.-110.1.0,r.-110.1.0/r.-79.1.0,r.-110.1.0/r.-79.1.0,r.-110.1.0/r.-79.1.0,r.-79.1.0/r.-110.1.0,r.-110.1.0/r.-79.1.0,r.-79.1.0/r.-110.1.0,r.-110.1.0/r.-79.1.0,r.-79.1.0/r.-110.1.0,r.-110.1.0/r.-79.1.0,r.-110.1.0/r.-79.1.0,r.-110.1.0/r.-79.1.0,r.-110.1.0/r.-79.1.0,r.-110.1.0/r.-79.1.0,r.-110.1.0/r.-79.1.0,,,,,,,,,,,,,,,,,,,,,,,,,,,,,,,,,,,,,,,,,,,,,,,,,,,,,,,,,,,,,,,,,,,,,,,,,,,,,,,,,,,,,,,,,,,,,,,,,,,,,,,,,,,,,,,,,,,,,,,,,,,,,,,,
595,r.-110.1.0/r.-79.1.0,r.-79.1.0/r.-110.1.0,r.-79.1.0/r.-110.1.0,r.-79.1.0/r.-110.1.0,r.-110.1.0/r.-79.1.0,r.-79.1.0/r.-110.1.0,r.-79.1.0/r.-110.1.0,r.-79.1.0/r.-110.1.0,r.-79.1.0/r.-110.1.0,r.-110.1.0/r.-79.1.0,r.-110.1.0/r.-79.1.0,r.-110.1.0/r.-79.1.0,r.-79.1.0/r.-110.1.0,r.-110.1.0/r.-79.1.0,r.-79.1.0/r.-110.1.0,r.-110.1.0/r.-79.1.0,r.-110.1.0/r.-79.1.0,r.-79.1.0/r.-110.1.0,r.-79.1.0/r.-110.1.0,r.-79.1.0/r.-110.1.0,r.-110.1.0/r.-79.1.0,r.-110.1.0/r.-79.1.0,r.-79.1.0/r.-110.1.0,r.-79.1.0/r.-110.1.0,r.-110.1.0/r.-79.1.0,r.-110.1.0/r.-79.1.0,r.-110.1.0/r.-79.1.0,r.-79.1.0/r.-110.1.0,r.-110.1.0/r.-79.1.0,r.-110.1.0/r.-79.1.0,r.-110.1.0/r.-79.1.0,r.-110.1.0/r.-79.1.0,r.-110.1.0/r.-79.1.0,r.-79.1.0/r.-110.1.0,r.-110.1.0/r.-79.1.0,r.-79.1.0/r.-110.1.0,r.-79.1.0/r.-110.1.0,r.-79.1.0/r.-110.1.0,r.-110.1.0/r.-79.1.0,r.-110.1.0/r.-79.1.0,r.-110.1.0/r.-79.1.0,r.-110.1.0/r.-79.1.0,r.-79.1.0/r.-110.1.0,r.-79.1.0/r.-110.1.0,r.-110.1.0/r.-79.1.0,r.-110.1.0/r.-79.1.0,r.-110.1.0/r.-79.1.0,r.-110.1.0/r.-79.1.0,r.-79.1.0/r.-110.1.0,r.-79.1.0/r.-110.1.0,r.-110.1.0/r.-79.1.0,r.-110.1.0/r.-79.1.0,r.-79.1.0/r.-110.1.0,r.-110.1.0/r.-79.1.0,r.-79.1.0/r.-110.1.0,r.-110.1.0/r.-79.1.0,r.-110.1.0/r.-79.1.0,r.-110.1.0/r.-79.1.0,r.-79.1.0/r.-110.1.0,r.-79.1.0/r.-110.1.0,r.-110.1.0/r.-79.1.0,r.-110.1.0/r.-79.1.0,r.-79.1.0/r.-110.1.0,r.-79.1.0/r.-110.1.0,r.-110.1.0/r.-79.1.0,r.-110.1.0/r.-79.1.0,r.-79.1.0/r.-110.1.0,r.-79.1.0/r.-110.1.0,r.-110.1.0/r.-79.1.0,r.-79.1.0/r.-110.1.0,r.-79.1.0/r.-110.1.0,r.-110.1.0/r.-79.1.0,r.-110.1.0/r.-79.1.0,r.-110.1.0/r.-79.1.0,r.-110.1.0/r.-79.1.0,r.-110.1.0/r.-79.1.0,r.-79.1.0/r.-110.1.0,r.-79.1.0/r.-110.1.0,r.-110.1.0/r.-79.1.0,r.-110.1.0/r.-79.1.0,r.-110.1.0/r.-79.1.0,r.-110.1.0/r.-79.1.0,r.-79.1.0/r.-110.1.0,r.-110.1.0/r.-79.1.0,r.-79.1.0/r.-110.1.0,r.-79.1.0/r.-110.1.0,r.-110.1.0/r.-79.1.0,r.-79.1.0/r.-110.1.0,r.-110.1.0/r.-79.1.0,r.-79.1.0/r.-110.1.0,r.-110.1.0/r.-79.1.0,r.-110.1.0/r.-79.1.0,r.-110.1.0/r.-79.1.0,r.-110.1.0/r.-79.1.0,,,,,,,,,,,,,,,,,,,,,,,,,,,,,,,,,,,,,,,,,,,,,,,,,,,,,,,,,,,,,,,,,,,,,,,,,,,,,,,,,,,,,,,,,,,,,,,,,,,,,,,,,,,,,,,,,,,,,,,,,,,,,,,,
596,r.-110.1.0/r.-79.1.0,r.-110.1.0/r.-79.1.0,r.-79.1.0/r.-110.1.0,r.-79.1.0/r.-110.1.0,r.-110.1.0/r.-79.1.0,r.-79.1.0/r.-110.1.0,r.-110.1.0/r.-79.1.0,r.-79.1.0/r.-110.1.0,r.-110.1.0/r.-79.1.0,r.-110.1.0/r.-79.1.0,r.-110.1.0/r.-79.1.0,r.-110.1.0/r.-79.1.0,r.-79.1.0/r.-110.1.0,r.-110.1.0/r.-79.1.0,r.-110.1.0/r.-79.1.0,r.-110.1.0/r.-79.1.0,r.-79.1.0/r.-110.1.0,r.-110.1.0/r.-79.1.0,r.-110.1.0/r.-79.1.0,r.-110.1.0/r.-79.1.0,r.-79.1.0/r.-110.1.0,r.-110.1.0/r.-79.1.0,r.-110.1.0/r.-79.1.0,r.-110.1.0/r.-79.1.0,r.-79.1.0/r.-110.1.0,r.-79.1.0/r.-110.1.0,r.-79.1.0/r.-110.1.0,r.-79.1.0/r.-110.1.0,r.-110.1.0/r.-79.1.0,r.-79.1.0/r.-110.1.0,r.-110.1.0/r.-79.1.0,r.-79.1.0/r.-110.1.0,r.-110.1.0/r.-79.1.0,r.-110.1.0/r.-79.1.0,r.-110.1.0/r.-79.1.0,r.-110.1.0/r.-79.1.0,r.-110.1.0/r.-79.1.0,r.-79.1.0/r.-110.1.0,r.-79.1.0/r.-110.1.0,r.-79.1.0/r.-110.1.0,r.-79.1.0/r.-110.1.0,r.-79.1.0/r.-110.1.0,r.-110.1.0/r.-79.1.0,r.-110.1.0/r.-79.1.0,r.-110.1.0/r.-79.1.0,r.-110.1.0/r.-79.1.0,r.-110.1.0/r.-79.1.0,r.-79.1.0/r.-110.1.0,r.-110.1.0/r.-79.1.0,r.-110.1.0/r.-79.1.0,r.-79.1.0/r.-110.1.0,r.-79.1.0/r.-110.1.0,r.-110.1.0/r.-79.1.0,r.-110.1.0/r.-79.1.0,r.-79.1.0/r.-110.1.0,r.-110.1.0/r.-79.1.0,r.-110.1.0/r.-79.1.0,r.-79.1.0/r.-110.1.0,r.-79.1.0/r.-110.1.0,r.-110.1.0/r.-79.1.0,r.-110.1.0/r.-79.1.0,r.-110.1.0/r.-79.1.0,r.-110.1.0/r.-79.1.0,r.-110.1.0/r.-79.1.0,r.-110.1.0/r.-79.1.0,r.-110.1.0/r.-79.1.0,r.-110.1.0/r.-79.1.0,r.-79.1.0/r.-110.1.0,r.-79.1.0/r.-110.1.0,r.-79.1.0/r.-110.1.0,r.-110.1.0/r.-79.1.0,r.-79.1.0/r.-110.1.0,r.-110.1.0/r.-79.1.0,r.-79.1.0/r.-110.1.0,r.-79.1.0/r.-110.1.0,r.-110.1.0/r.-79.1.0,r.-79.1.0/r.-110.1.0,r.-110.1.0/r.-79.1.0,r.-79.1.0/r.-110.1.0,r.-79.1.0/r.-110.1.0,r.-79.1.0/r.-110.1.0,r.-79.1.0/r.-110.1.0,r.-79.1.0/r.-110.1.0,r.-79.1.0/r.-110.1.0,r.-79.1.0/r.-110.1.0,r.-110.1.0/r.-79.1.0,r.-79.1.0/r.-110.1.0,r.-79.1.0/r.-110.1.0,r.-110.1.0/r.-79.1.0,r.-110.1.0/r.-79.1.0,r.-110.1.0/r.-79.1.0,r.-79.1.0/r.-110.1.0,r.-79.1.0/r.-110.1.0,r.-79.1.0/r.-110.1.0,,,,,,,,,,,,,,,,,,,,,,,,,,,,,,,,,,,,,,,,,,,,,,,,,,,,,,,,,,,,,,,,,,,,,,,,,,,,,,,,,,,,,,,,,,,,,,,,,,,,,,,,,,,,,,,,,,,,,,,,,,,,,,,,
597,r.-79.1.0/r.-110.1.0,r.-79.1.0/r.-110.1.0,r.-110.1.0/r.-79.1.0,r.-110.1.0/r.-79.1.0,r.-110.1.0/r.-79.1.0,r.-79.1.0/r.-110.1.0,r.-79.1.0/r.-110.1.0,r.-79.1.0/r.-110.1.0,r.-110.1.0/r.-79.1.0,r.-110.1.0/r.-79.1.0,r.-79.1.0/r.-110.1.0,r.-110.1.0/r.-79.1.0,r.-79.1.0/r.-110.1.0,r.-79.1.0/r.-110.1.0,r.-110.1.0/r.-79.1.0,r.-110.1.0/r.-79.1.0,r.-110.1.0/r.-79.1.0,r.-110.1.0/r.-79.1.0,r.-79.1.0/r.-110.1.0,r.-79.1.0/r.-110.1.0,r.-79.1.0/r.-110.1.0,r.-110.1.0/r.-79.1.0,r.-110.1.0/r.-79.1.0,r.-110.1.0/r.-79.1.0,r.-79.1.0/r.-110.1.0,r.-110.1.0/r.-79.1.0,r.-110.1.0/r.-79.1.0,r.-79.1.0/r.-110.1.0,r.-79.1.0/r.-110.1.0,r.-79.1.0/r.-110.1.0,r.-79.1.0/r.-110.1.0,r.-110.1.0/r.-79.1.0,r.-79.1.0/r.-110.1.0,r.-110.1.0/r.-79.1.0,r.-110.1.0/r.-79.1.0,r.-110.1.0/r.-79.1.0,r.-110.1.0/r.-79.1.0,r.-79.1.0/r.-110.1.0,r.-79.1.0/r.-110.1.0,r.-79.1.0/r.-110.1.0,r.-110.1.0/r.-79.1.0,r.-79.1.0/r.-110.1.0,r.-110.1.0/r.-79.1.0,r.-79.1.0/r.-110.1.0,r.-110.1.0/r.-79.1.0,r.-79.1.0/r.-110.1.0,r.-110.1.0/r.-79.1.0,r.-110.1.0/r.-79.1.0,r.-79.1.0/r.-110.1.0,r.-110.1.0/r.-79.1.0,r.-79.1.0/r.-110.1.0,r.-110.1.0/r.-79.1.0,r.-79.1.0/r.-110.1.0,r.-110.1.0/r.-79.1.0,r.-79.1.0/r.-110.1.0,r.-110.1.0/r.-79.1.0,r.-79.1.0/r.-110.1.0,r.-110.1.0/r.-79.1.0,r.-110.1.0/r.-79.1.0,r.-79.1.0/r.-110.1.0,r.-79.1.0/r.-110.1.0,r.-110.1.0/r.-79.1.0,r.-110.1.0/r.-79.1.0,r.-110.1.0/r.-79.1.0,r.-79.1.0/r.-110.1.0,r.-110.1.0/r.-79.1.0,r.-110.1.0/r.-79.1.0,r.-79.1.0/r.-110.1.0,r.-79.1.0/r.-110.1.0,r.-110.1.0/r.-79.1.0,r.-79.1.0/r.-110.1.0,r.-110.1.0/r.-79.1.0,r.-79.1.0/r.-110.1.0,r.-110.1.0/r.-79.1.0,r.-110.1.0/r.-79.1.0,r.-79.1.0/r.-110.1.0,r.-79.1.0/r.-110.1.0,r.-110.1.0/r.-79.1.0,r.-79.1.0/r.-110.1.0,r.-110.1.0/r.-79.1.0,r.-79.1.0/r.-110.1.0,r.-79.1.0/r.-110.1.0,r.-79.1.0/r.-110.1.0,r.-110.1.0/r.-79.1.0,r.-79.1.0/r.-110.1.0,r.-79.1.0/r.-110.1.0,r.-110.1.0/r.-79.1.0,r.-110.1.0/r.-79.1.0,r.-110.1.0/r.-79.1.0,r.-110.1.0/r.-79.1.0,r.-110.1.0/r.-79.1.0,r.-110.1.0/r.-79.1.0,r.-79.1.0/r.-110.1.0,r.-79.1.0/r.-110.1.0,,,,,,,,,,,,,,,,,,,,,,,,,,,,,,,,,,,,,,,,,,,,,,,,,,,,,,,,,,,,,,,,,,,,,,,,,,,,,,,,,,,,,,,,,,,,,,,,,,,,,,,,,,,,,,,,,,,,,,,,,,,,,,,,
598,r.-110.1.0/r.-79.1.0,r.-79.1.0/r.-110.1.0,r.-110.1.0/r.-79.1.0,r.-110.1.0/r.-79.1.0,r.-79.1.0/r.-110.1.0,r.-110.1.0/r.-79.1.0,r.-79.1.0/r.-110.1.0,r.-79.1.0/r.-110.1.0,r.-79.1.0/r.-110.1.0,r.-79.1.0/r.-110.1.0,r.-110.1.0/r.-79.1.0,r.-79.1.0/r.-110.1.0,r.-110.1.0/r.-79.1.0,r.-79.1.0/r.-110.1.0,r.-110.1.0/r.-79.1.0,r.-110.1.0/r.-79.1.0,r.-79.1.0/r.-110.1.0,r.-79.1.0/r.-110.1.0,r.-110.1.0/r.-79.1.0,r.-79.1.0/r.-110.1.0,r.-79.1.0/r.-110.1.0,r.-110.1.0/r.-79.1.0,r.-110.1.0/r.-79.1.0,r.-110.1.0/r.-79.1.0,r.-110.1.0/r.-79.1.0,r.-110.1.0/r.-79.1.0,r.-110.1.0/r.-79.1.0,r.-110.1.0/r.-79.1.0,r.-79.1.0/r.-110.1.0,r.-79.1.0/r.-110.1.0,r.-79.1.0/r.-110.1.0,r.-79.1.0/r.-110.1.0,r.-110.1.0/r.-79.1.0,r.-110.1.0/r.-79.1.0,r.-79.1.0/r.-110.1.0,r.-110.1.0/r.-79.1.0,r.-79.1.0/r.-110.1.0,r.-110.1.0/r.-79.1.0,r.-79.1.0/r.-110.1.0,r.-79.1.0/r.-110.1.0,r.-79.1.0/r.-110.1.0,r.-110.1.0/r.-79.1.0,r.-110.1.0/r.-79.1.0,r.-110.1.0/r.-79.1.0,r.-79.1.0/r.-110.1.0,r.-110.1.0/r.-79.1.0,r.-110.1.0/r.-79.1.0,r.-110.1.0/r.-79.1.0,r.-79.1.0/r.-110.1.0,r.-110.1.0/r.-79.1.0,r.-110.1.0/r.-79.1.0,r.-110.1.0/r.-79.1.0,r.-79.1.0/r.-110.1.0,r.-110.1.0/r.-79.1.0,r.-79.1.0/r.-110.1.0,r.-110.1.0/r.-79.1.0,r.-110.1.0/r.-79.1.0,r.-110.1.0/r.-79.1.0,r.-79.1.0/r.-110.1.0,r.-110.1.0/r.-79.1.0,r.-110.1.0/r.-79.1.0,r.-110.1.0/r.-79.1.0,r.-110.1.0/r.-79.1.0,r.-79.1.0/r.-110.1.0,r.-79.1.0/r.-110.1.0,r.-110.1.0/r.-79.1.0,r.-110.1.0/r.-79.1.0,r.-79.1.0/r.-110.1.0,r.-79.1.0/r.-110.1.0,r.-79.1.0/r.-110.1.0,r.-79.1.0/r.-110.1.0,r.-79.1.0/r.-110.1.0,r.-110.1.0/r.-79.1.0,r.-110.1.0/r.-79.1.0,r.-110.1.0/r.-79.1.0,r.-79.1.0/r.-110.1.0,r.-79.1.0/r.-110.1.0,r.-79.1.0/r.-110.1.0,r.-79.1.0/r.-110.1.0,r.-110.1.0/r.-79.1.0,r.-110.1.0/r.-79.1.0,r.-110.1.0/r.-79.1.0,r.-79.1.0/r.-110.1.0,r.-79.1.0/r.-110.1.0,r.-79.1.0/r.-110.1.0,r.-110.1.0/r.-79.1.0,r.-110.1.0/r.-79.1.0,r.-79.1.0/r.-110.1.0,r.-110.1.0/r.-79.1.0,r.-79.1.0/r.-110.1.0,r.-110.1.0/r.-79.1.0,r.-79.1.0/r.-110.1.0,r.-79.1.0/r.-110.1.0,r.-79.1.0/r.-110.1.0,,,,,,,,,,,,,,,,,,,,,,,,,,,,,,,,,,,,,,,,,,,,,,,,,,,,,,,,,,,,,,,,,,,,,,,,,,,,,,,,,,,,,,,,,,,,,,,,,,,,,,,,,,,,,,,,,,,,,,,,,,,,,,,,
599,r.-110.1.0,r.-110.1.0,r.-110.1.0,r.-110.1.0,r.-110.1.0,r.-110.1.0,r.-110.1.0,r.-110.1.0,r.-110.1.0,r.-110.1.0,r.-110.1.0,r.-110.1.0,r.-110.1.0,r.-110.1.0,r.-110.1.0,r.-110.1.0,r.-110.1.0,r.-110.1.0,r.-110.1.0,r.-110.1.0,r.-110.1.0,r.-110.1.0,r.-110.1.0,r.-110.1.0,r.-110.1.0,r.-110.1.0,r.-110.1.0,r.-110.1.0,r.-110.1.0,r.-110.1.0,r.-110.1.0,r.-110.1.0,r.-110.1.0,r.-110.1.0,r.-110.1.0,r.-110.1.0,r.-110.1.0,r.-110.1.0,r.-110.1.0,r.-110.1.0,r.-110.1.0,r.-110.1.0,r.-110.1.0,r.-110.1.0,r.-110.1.0,r.-110.1.0,r.-110.1.0,r.-110.1.0,r.-110.1.0,r.-110.1.0,r.-110.1.0,r.-110.1.0,r.-110.1.0,r.-110.1.0,r.-110.1.0,r.-110.1.0,r.-110.1.0,r.-110.1.0,r.-110.1.0,r.-110.1.0,r.-110.1.0,r.-110.1.0,r.-110.1.0,r.-110.1.0,r.-110.1.0,r.-110.1.0,r.-110.1.0,r.-110.1.0,r.-110.1.0,r.-110.1.0,r.-110.1.0,r.-110.1.0,r.-110.1.0,r.-110.1.0,r.-110.1.0,r.-110.1.0,r.-110.1.0,r.-110.1.0,r.-110.1.0,r.-110.1.0,r.-110.1.0,r.-110.1.0,r.-110.1.0,r.-110.1.0,r.-110.1.0,r.-110.1.0,r.-110.1.0,r.-110.1.0,r.-110.1.0,r.-110.1.0,r.-110.1.0,r.-110.1.0,r.-110.1.0,r.-110.1.0,,,,,,,,,,,,,,,,,,,,,,,,,,,,,,,,,,,,,,,,,,,,,,,,,,,,,,,,,,,,,,,,,,,,,,,,,,,,,,,,,,,,,,,,,,,,,,,,,,,,,,,,,,,,,,,,,,,,,,,,,,,,,,,,
600,r.-79.1.0/r.-110.1.0,r.-79.1.0/r.-110.1.0,r.-79.1.0/r.-110.1.0,r.-79.1.0/r.-110.1.0,r.-110.1.0/r.-79.1.0,r.-79.1.0/r.-110.1.0,r.-110.1.0/r.-79.1.0,r.-110.1.0/r.-79.1.0,r.-79.1.0/r.-110.1.0,r.-110.1.0/r.-79.1.0,r.-110.1.0/r.-79.1.0,r.-110.1.0/r.-79.1.0,r.-79.1.0/r.-110.1.0,r.-79.1.0/r.-110.1.0,r.-79.1.0/r.-110.1.0,r.-110.1.0/r.-79.1.0,r.-79.1.0/r.-110.1.0,r.-110.1.0/r.-79.1.0,r.-110.1.0/r.-79.1.0,r.-79.1.0/r.-110.1.0,r.-110.1.0/r.-79.1.0,r.-79.1.0/r.-110.1.0,r.-110.1.0/r.-79.1.0,r.-79.1.0/r.-110.1.0,r.-110.1.0/r.-79.1.0,r.-79.1.0/r.-110.1.0,r.-110.1.0/r.-79.1.0,r.-110.1.0/r.-79.1.0,r.-110.1.0/r.-79.1.0,r.-79.1.0/r.-110.1.0,r.-79.1.0/r.-110.1.0,r.-79.1.0/r.-110.1.0,r.-110.1.0/r.-79.1.0,r.-110.1.0/r.-79.1.0,r.-79.1.0/r.-110.1.0,r.-110.1.0/r.-79.1.0,r.-110.1.0/r.-79.1.0,r.-110.1.0/r.-79.1.0,r.-110.1.0/r.-79.1.0,r.-79.1.0/r.-110.1.0,r.-79.1.0/r.-110.1.0,r.-110.1.0/r.-79.1.0,r.-79.1.0/r.-110.1.0,r.-110.1.0/r.-79.1.0,r.-79.1.0/r.-110.1.0,r.-79.1.0/r.-110.1.0,r.-110.1.0/r.-79.1.0,r.-110.1.0/r.-79.1.0,r.-110.1.0/r.-79.1.0,r.-79.1.0/r.-110.1.0,r.-79.1.0/r.-110.1.0,r.-79.1.0/r.-110.1.0,r.-79.1.0/r.-110.1.0,r.-110.1.0/r.-79.1.0,r.-79.1.0/r.-110.1.0,r.-79.1.0/r.-110.1.0,r.-79.1.0/r.-110.1.0,r.-79.1.0/r.-110.1.0,r.-110.1.0/r.-79.1.0,r.-79.1.0/r.-110.1.0,r.-79.1.0/r.-110.1.0,r.-110.1.0/r.-79.1.0,r.-79.1.0/r.-110.1.0,r.-79.1.0/r.-110.1.0,r.-110.1.0/r.-79.1.0,r.-79.1.0/r.-110.1.0,r.-110.1.0/r.-79.1.0,r.-110.1.0/r.-79.1.0,r.-79.1.0/r.-110.1.0,r.-110.1.0/r.-79.1.0,r.-110.1.0/r.-79.1.0,r.-110.1.0/r.-79.1.0,r.-110.1.0/r.-79.1.0,r.-110.1.0/r.-79.1.0,r.-110.1.0/r.-79.1.0,r.-110.1.0/r.-79.1.0,r.-79.1.0/r.-110.1.0,r.-79.1.0/r.-110.1.0,r.-110.1.0/r.-79.1.0,r.-79.1.0/r.-110.1.0,r.-110.1.0/r.-79.1.0,r.-79.1.0/r.-110.1.0,r.-110.1.0/r.-79.1.0,r.-79.1.0/r.-110.1.0,r.-110.1.0/r.-79.1.0,r.-79.1.0/r.-110.1.0,r.-79.1.0/r.-110.1.0,r.-110.1.0/r.-79.1.0,r.-110.1.0/r.-79.1.0,r.-79.1.0/r.-110.1.0,r.-79.1.0/r.-110.1.0,r.-110.1.0/r.-79.1.0,r.-79.1.0/r.-110.1.0,r.-110.1.0/r.-79.1.0,,,,,,,,,,,,,,,,,,,,,,,,,,,,,,,,,,,,,,,,,,,,,,,,,,,,,,,,,,,,,,,,,,,,,,,,,,,,,,,,,,,,,,,,,,,,,,,,,,,,,,,,,,,,,,,,,,,,,,,,,,,,,,,,
601,r.-110.1.0/r.-79.1.0,r.-110.1.0/r.-79.1.0,r.-110.1.0/r.-79.1.0,r.-79.1.0/r.-110.1.0,r.-110.1.0/r.-79.1.0,r.-79.1.0/r.-110.1.0,r.-110.1.0/r.-79.1.0,r.-110.1.0/r.-79.1.0,r.-79.1.0/r.-110.1.0,r.-110.1.0/r.-79.1.0,r.-110.1.0/r.-79.1.0,r.-79.1.0/r.-110.1.0,r.-79.1.0/r.-110.1.0,r.-110.1.0/r.-79.1.0,r.-110.1.0/r.-79.1.0,r.-79.1.0/r.-110.1.0,r.-79.1.0/r.-110.1.0,r.-79.1.0/r.-110.1.0,r.-79.1.0/r.-110.1.0,r.-110.1.0/r.-79.1.0,r.-110.1.0/r.-79.1.0,r.-110.1.0/r.-79.1.0,r.-79.1.0/r.-110.1.0,r.-110.1.0/r.-79.1.0,r.-79.1.0/r.-110.1.0,r.-110.1.0/r.-79.1.0,r.-110.1.0/r.-79.1.0,r.-79.1.0/r.-110.1.0,r.-110.1.0/r.-79.1.0,r.-79.1.0/r.-110.1.0,r.-79.1.0/r.-110.1.0,r.-110.1.0/r.-79.1.0,r.-79.1.0/r.-110.1.0,r.-110.1.0/r.-79.1.0,r.-79.1.0/r.-110.1.0,r.-79.1.0/r.-110.1.0,r.-79.1.0/r.-110.1.0,r.-79.1.0/r.-110.1.0,r.-79.1.0/r.-110.1.0,r.-110.1.0/r.-79.1.0,r.-110.1.0/r.-79.1.0,r.-110.1.0/r.-79.1.0,r.-79.1.0/r.-110.1.0,r.-79.1.0/r.-110.1.0,r.-79.1.0/r.-110.1.0,r.-110.1.0/r.-79.1.0,r.-79.1.0/r.-110.1.0,r.-79.1.0/r.-110.1.0,r.-79.1.0/r.-110.1.0,r.-110.1.0/r.-79.1.0,r.-110.1.0/r.-79.1.0,r.-79.1.0/r.-110.1.0,r.-110.1.0/r.-79.1.0,r.-110.1.0/r.-79.1.0,r.-79.1.0/r.-110.1.0,r.-79.1.0/r.-110.1.0,r.-79.1.0/r.-110.1.0,r.-110.1.0/r.-79.1.0,r.-110.1.0/r.-79.1.0,r.-79.1.0/r.-110.1.0,r.-110.1.0/r.-79.1.0,r.-79.1.0/r.-110.1.0,r.-110.1.0/r.-79.1.0,r.-79.1.0/r.-110.1.0,r.-79.1.0/r.-110.1.0,r.-79.1.0/r.-110.1.0,r.-110.1.0/r.-79.1.0,r.-110.1.0/r.-79.1.0,r.-79.1.0/r.-110.1.0,r.-110.1.0/r.-79.1.0,r.-79.1.0/r.-110.1.0,r.-79.1.0/r.-110.1.0,r.-79.1.0/r.-110.1.0,r.-110.1.0/r.-79.1.0,r.-79.1.0/r.-110.1.0,r.-79.1.0/r.-110.1.0,r.-110.1.0/r.-79.1.0,r.-110.1.0/r.-79.1.0,r.-79.1.0/r.-110.1.0,r.-110.1.0/r.-79.1.0,r.-110.1.0/r.-79.1.0,r.-110.1.0/r.-79.1.0,r.-79.1.0/r.-110.1.0,r.-79.1.0/r.-110.1.0,r.-79.1.0/r.-110.1.0,r.-110.1.0/r.-79.1.0,r.-110.1.0/r.-79.1.0,r.-110.1.0/r.-79.1.0,r.-79.1.0/r.-110.1.0,r.-110.1.0/r.-79.1.0,r.-110.1.0/r.-79.1.0,r.-110.1.0/r.-79.1.0,r.-110.1.0/r.-79.1.0,r.-79.1.0/r.-110.1.0,,,,,,,,,,,,,,,,,,,,,,,,,,,,,,,,,,,,,,,,,,,,,,,,,,,,,,,,,,,,,,,,,,,,,,,,,,,,,,,,,,,,,,,,,,,,,,,,,,,,,,,,,,,,,,,,,,,,,,,,,,,,,,,,
602,r.-79.1.0/r.-110.1.0,r.-79.1.0/r.-110.1.0,r.-79.1.0/r.-110.1.0,r.-79.1.0/r.-110.1.0,r.-110.1.0/r.-79.1.0,r.-110.1.0/r.-79.1.0,r.-110.1.0/r.-79.1.0,r.-79.1.0/r.-110.1.0,r.-79.1.0/r.-110.1.0,r.-110.1.0/r.-79.1.0,r.-110.1.0/r.-79.1.0,r.-110.1.0/r.-79.1.0,r.-110.1.0/r.-79.1.0,r.-79.1.0/r.-110.1.0,r.-79.1.0/r.-110.1.0,r.-110.1.0/r.-79.1.0,r.-110.1.0/r.-79.1.0,r.-79.1.0/r.-110.1.0,r.-79.1.0/r.-110.1.0,r.-110.1.0/r.-79.1.0,r.-79.1.0/r.-110.1.0,r.-79.1.0/r.-110.1.0,r.-110.1.0/r.-79.1.0,r.-79.1.0/r.-110.1.0,r.-110.1.0/r.-79.1.0,r.-79.1.0/r.-110.1.0,r.-79.1.0/r.-110.1.0,r.-110.1.0/r.-79.1.0,r.-79.1.0/r.-110.1.0,r.-110.1.0/r.-79.1.0,r.-79.1.0/r.-110.1.0,r.-79.1.0/r.-110.1.0,r.-110.1.0/r.-79.1.0,r.-110.1.0/r.-79.1.0,r.-110.1.0/r.-79.1.0,r.-79.1.0/r.-110.1.0,r.-110.1.0/r.-79.1.0,r.-79.1.0/r.-110.1.0,r.-110.1.0/r.-79.1.0,r.-79.1.0/r.-110.1.0,r.-110.1.0/r.-79.1.0,r.-79.1.0/r.-110.1.0,r.-110.1.0/r.-79.1.0,r.-110.1.0/r.-79.1.0,r.-110.1.0/r.-79.1.0,r.-110.1.0/r.-79.1.0,r.-110.1.0/r.-79.1.0,r.-79.1.0/r.-110.1.0,r.-110.1.0/r.-79.1.0,r.-110.1.0/r.-79.1.0,r.-110.1.0/r.-79.1.0,r.-110.1.0/r.-79.1.0,r.-79.1.0/r.-110.1.0,r.-79.1.0/r.-110.1.0,r.-79.1.0/r.-110.1.0,r.-110.1.0/r.-79.1.0,r.-110.1.0/r.-79.1.0,r.-79.1.0/r.-110.1.0,r.-79.1.0/r.-110.1.0,r.-110.1.0/r.-79.1.0,r.-79.1.0/r.-110.1.0,r.-110.1.0/r.-79.1.0,r.-79.1.0/r.-110.1.0,r.-79.1.0/r.-110.1.0,r.-79.1.0/r.-110.1.0,r.-79.1.0/r.-110.1.0,r.-110.1.0/r.-79.1.0,r.-79.1.0/r.-110.1.0,r.-79.1.0/r.-110.1.0,r.-79.1.0/r.-110.1.0,r.-110.1.0/r.-79.1.0,r.-79.1.0/r.-110.1.0,r.-79.1.0/r.-110.1.0,r.-79.1.0/r.-110.1.0,r.-79.1.0/r.-110.1.0,r.-110.1.0/r.-79.1.0,r.-110.1.0/r.-79.1.0,r.-79.1.0/r.-110.1.0,r.-79.1.0/r.-110.1.0,r.-79.1.0/r.-110.1.0,r.-79.1.0/r.-110.1.0,r.-110.1.0/r.-79.1.0,r.-110.1.0/r.-79.1.0,r.-110.1.0/r.-79.1.0,r.-79.1.0/r.-110.1.0,r.-79.1.0/r.-110.1.0,r.-110.1.0/r.-79.1.0,r.-110.1.0/r.-79.1.0,r.-79.1.0/r.-110.1.0,r.-110.1.0/r.-79.1.0,r.-110.1.0/r.-79.1.0,r.-79.1.0/r.-110.1.0,r.-110.1.0/r.-79.1.0,r.-79.1.0/r.-110.1.0,,,,,,,,,,,,,,,,,,,,,,,,,,,,,,,,,,,,,,,,,,,,,,,,,,,,,,,,,,,,,,,,,,,,,,,,,,,,,,,,,,,,,,,,,,,,,,,,,,,,,,,,,,,,,,,,,,,,,,,,,,,,,,,,
603,r.-110.1.0/r.-79.1.0,r.-79.1.0/r.-110.1.0,r.-79.1.0/r.-110.1.0,r.-79.1.0/r.-110.1.0,r.-79.1.0/r.-110.1.0,r.-110.1.0/r.-79.1.0,r.-110.1.0/r.-79.1.0,r.-79.1.0/r.-110.1.0,r.-110.1.0/r.-79.1.0,r.-79.1.0/r.-110.1.0,r.-79.1.0/r.-110.1.0,r.-110.1.0/r.-79.1.0,r.-110.1.0/r.-79.1.0,r.-110.1.0/r.-79.1.0,r.-79.1.0/r.-110.1.0,r.-79.1.0/r.-110.1.0,r.-110.1.0/r.-79.1.0,r.-110.1.0/r.-79.1.0,r.-79.1.0/r.-110.1.0,r.-79.1.0/r.-110.1.0,r.-110.1.0/r.-79.1.0,r.-79.1.0/r.-110.1.0,r.-110.1.0/r.-79.1.0,r.-110.1.0/r.-79.1.0,r.-110.1.0/r.-79.1.0,r.-79.1.0/r.-110.1.0,r.-79.1.0/r.-110.1.0,r.-79.1.0/r.-110.1.0,r.-79.1.0/r.-110.1.0,r.-79.1.0/r.-110.1.0,r.-79.1.0/r.-110.1.0,r.-79.1.0/r.-110.1.0,r.-110.1.0/r.-79.1.0,r.-110.1.0/r.-79.1.0,r.-79.1.0/r.-110.1.0,r.-110.1.0/r.-79.1.0,r.-79.1.0/r.-110.1.0,r.-110.1.0/r.-79.1.0,r.-79.1.0/r.-110.1.0,r.-79.1.0/r.-110.1.0,r.-110.1.0/r.-79.1.0,r.-110.1.0/r.-79.1.0,r.-110.1.0/r.-79.1.0,r.-110.1.0/r.-79.1.0,r.-79.1.0/r.-110.1.0,r.-79.1.0/r.-110.1.0,r.-79.1.0/r.-110.1.0,r.-110.1.0/r.-79.1.0,r.-110.1.0/r.-79.1.0,r.-79.1.0/r.-110.1.0,r.-110.1.0/r.-79.1.0,r.-79.1.0/r.-110.1.0,r.-79.1.0/r.-110.1.0,r.-79.1.0/r.-110.1.0,r.-79.1.0/r.-110.1.0,r.-110.1.0/r.-79.1.0,r.-110.1.0/r.-79.1.0,r.-110.1.0/r.-79.1.0,r.-110.1.0/r.-79.1.0,r.-79.1.0/r.-110.1.0,r.-110.1.0/r.-79.1.0,r.-79.1.0/r.-110.1.0,r.-110.1.0/r.-79.1.0,r.-110.1.0/r.-79.1.0,r.-79.1.0/r.-110.1.0,r.-79.1.0/r.-110.1.0,r.-79.1.0/r.-110.1.0,r.-110.1.0/r.-79.1.0,r.-110.1.0/r.-79.1.0,r.-79.1.0/r.-110.1.0,r.-110.1.0/r.-79.1.0,r.-110.1.0/r.-79.1.0,r.-110.1.0/r.-79.1.0,r.-79.1.0/r.-110.1.0,r.-110.1.0/r.-79.1.0,r.-110.1.0/r.-79.1.0,r.-110.1.0/r.-79.1.0,r.-110.1.0/r.-79.1.0,r.-110.1.0/r.-79.1.0,r.-110.1.0/r.-79.1.0,r.-79.1.0/r.-110.1.0,r.-79.1.0/r.-110.1.0,r.-110.1.0/r.-79.1.0,r.-110.1.0/r.-79.1.0,r.-110.1.0/r.-79.1.0,r.-79.1.0/r.-110.1.0,r.-110.1.0/r.-79.1.0,r.-110.1.0/r.-79.1.0,r.-79.1.0/r.-110.1.0,r.-110.1.0/r.-79.1.0,r.-79.1.0/r.-110.1.0,r.-79.1.0/r.-110.1.0,r.-110.1.0/r.-79.1.0,r.-79.1.0/r.-110.1.0,,,,,,,,,,,,,,,,,,,,,,,,,,,,,,,,,,,,,,,,,,,,,,,,,,,,,,,,,,,,,,,,,,,,,,,,,,,,,,,,,,,,,,,,,,,,,,,,,,,,,,,,,,,,,,,,,,,,,,,,,,,,,,,,
604,r.-79.1.0/r.-110.1.0,r.-79.1.0/r.-110.1.0,r.-79.1.0/r.-110.1.0,r.-79.1.0/r.-110.1.0,r.-79.1.0/r.-110.1.0,r.-79.1.0/r.-110.1.0,r.-79.1.0/r.-110.1.0,r.-79.1.0/r.-110.1.0,r.-110.1.0/r.-79.1.0,r.-110.1.0/r.-79.1.0,r.-79.1.0/r.-110.1.0,r.-110.1.0/r.-79.1.0,r.-79.1.0/r.-110.1.0,r.-110.1.0/r.-79.1.0,r.-79.1.0/r.-110.1.0,r.-110.1.0/r.-79.1.0,r.-110.1.0/r.-79.1.0,r.-79.1.0/r.-110.1.0,r.-79.1.0/r.-110.1.0,r.-79.1.0/r.-110.1.0,r.-110.1.0/r.-79.1.0,r.-79.1.0/r.-110.1.0,r.-110.1.0/r.-79.1.0,r.-110.1.0/r.-79.1.0,r.-79.1.0/r.-110.1.0,r.-79.1.0/r.-110.1.0,r.-79.1.0/r.-110.1.0,r.-110.1.0/r.-79.1.0,r.-110.1.0/r.-79.1.0,r.-79.1.0/r.-110.1.0,r.-110.1.0/r.-79.1.0,r.-79.1.0/r.-110.1.0,r.-110.1.0/r.-79.1.0,r.-79.1.0/r.-110.1.0,r.-110.1.0/r.-79.1.0,r.-110.1.0/r.-79.1.0,r.-110.1.0/r.-79.1.0,r.-79.1.0/r.-110.1.0,r.-110.1.0/r.-79.1.0,r.-79.1.0/r.-110.1.0,r.-110.1.0/r.-79.1.0,r.-79.1.0/r.-110.1.0,r.-110.1.0/r.-79.1.0,r.-79.1.0/r.-110.1.0,r.-79.1.0/r.-110.1.0,r.-110.1.0/r.-79.1.0,r.-110.1.0/r.-79.1.0,r.-79.1.0/r.-110.1.0,r.-110.1.0/r.-79.1.0,r.-110.1.0/r.-79.1.0,r.-79.1.0/r.-110.1.0,r.-79.1.0/r.-110.1.0,r.-79.1.0/r.-110.1.0,r.-79.1.0/r.-110.1.0,r.-110.1.0/r.-79.1.0,r.-110.1.0/r.-79.1.0,r.-110.1.0/r.-79.1.0,r.-79.1.0/r.-110.1.0,r.-79.1.0/r.-110.1.0,r.-79.1.0/r.-110.1.0,r.-110.1.0/r.-79.1.0,r.-79.1.0/r.-110.1.0,r.-79.1.0/r.-110.1.0,r.-79.1.0/r.-110.1.0,r.-110.1.0/r.-79.1.0,r.-79.1.0/r.-110.1.0,r.-110.1.0/r.-79.1.0,r.-79.1.0/r.-110.1.0,r.-79.1.0/r.-110.1.0,r.-79.1.0/r.-110.1.0,r.-79.1.0/r.-110.1.0,r.-110.1.0/r.-79.1.0,r.-79.1.0/r.-110.1.0,r.-110.1.0/r.-79.1.0,r.-110.1.0/r.-79.1.0,r.-110.1.0/r.-79.1.0,r.-79.1.0/r.-110.1.0,r.-79.1.0/r.-110.1.0,r.-110.1.0/r.-79.1.0,r.-110.1.0/r.-79.1.0,r.-110.1.0/r.-79.1.0,r.-110.1.0/r.-79.1.0,r.-79.1.0/r.-110.1.0,r.-110.1.0/r.-79.1.0,r.-110.1.0/r.-79.1.0,r.-79.1.0/r.-110.1.0,r.-79.1.0/r.-110.1.0,r.-79.1.0/r.-110.1.0,r.-79.1.0/r.-110.1.0,r.-110.1.0/r.-79.1.0,r.-79.1.0/r.-110.1.0,r.-79.1.0/r.-110.1.0,r.-110.1.0/r.-79.1.0,r.-79.1.0/r.-110.1.0,,,,,,,,,,,,,,,,,,,,,,,,,,,,,,,,,,,,,,,,,,,,,,,,,,,,,,,,,,,,,,,,,,,,,,,,,,,,,,,,,,,,,,,,,,,,,,,,,,,,,,,,,,,,,,,,,,,,,,,,,,,,,,,,
605,r.-79.1.0/r.-110.1.0,r.-110.1.0/r.-79.1.0,r.-110.1.0/r.-79.1.0,r.-110.1.0/r.-79.1.0,r.-110.1.0/r.-79.1.0,r.-110.1.0/r.-79.1.0,r.-110.1.0/r.-79.1.0,r.-110.1.0/r.-79.1.0,r.-79.1.0/r.-110.1.0,r.-110.1.0/r.-79.1.0,r.-110.1.0/r.-79.1.0,r.-110.1.0/r.-79.1.0,r.-110.1.0/r.-79.1.0,r.-110.1.0/r.-79.1.0,r.-79.1.0/r.-110.1.0,r.-110.1.0/r.-79.1.0,r.-79.1.0/r.-110.1.0,r.-110.1.0/r.-79.1.0,r.-110.1.0/r.-79.1.0,r.-79.1.0/r.-110.1.0,r.-110.1.0/r.-79.1.0,r.-110.1.0/r.-79.1.0,r.-79.1.0/r.-110.1.0,r.-110.1.0/r.-79.1.0,r.-79.1.0/r.-110.1.0,r.-110.1.0/r.-79.1.0,r.-79.1.0/r.-110.1.0,r.-79.1.0/r.-110.1.0,r.-110.1.0/r.-79.1.0,r.-110.1.0/r.-79.1.0,r.-110.1.0/r.-79.1.0,r.-110.1.0/r.-79.1.0,r.-79.1.0/r.-110.1.0,r.-110.1.0/r.-79.1.0,r.-110.1.0/r.-79.1.0,r.-110.1.0/r.-79.1.0,r.-110.1.0/r.-79.1.0,r.-110.1.0/r.-79.1.0,r.-79.1.0/r.-110.1.0,r.-110.1.0/r.-79.1.0,r.-110.1.0/r.-79.1.0,r.-110.1.0/r.-79.1.0,r.-79.1.0/r.-110.1.0,r.-79.1.0/r.-110.1.0,r.-79.1.0/r.-110.1.0,r.-79.1.0/r.-110.1.0,r.-79.1.0/r.-110.1.0,r.-79.1.0/r.-110.1.0,r.-110.1.0/r.-79.1.0,r.-79.1.0/r.-110.1.0,r.-110.1.0/r.-79.1.0,r.-79.1.0/r.-110.1.0,r.-79.1.0/r.-110.1.0,r.-79.1.0/r.-110.1.0,r.-79.1.0/r.-110.1.0,r.-110.1.0/r.-79.1.0,r.-79.1.0/r.-110.1.0,r.-79.1.0/r.-110.1.0,r.-79.1.0/r.-110.1.0,r.-79.1.0/r.-110.1.0,r.-110.1.0/r.-79.1.0,r.-110.1.0/r.-79.1.0,r.-79.1.0/r.-110.1.0,r.-79.1.0/r.-110.1.0,r.-110.1.0/r.-79.1.0,r.-79.1.0/r.-110.1.0,r.-110.1.0/r.-79.1.0,r.-79.1.0/r.-110.1.0,r.-79.1.0/r.-110.1.0,r.-79.1.0/r.-110.1.0,r.-110.1.0/r.-79.1.0,r.-79.1.0/r.-110.1.0,r.-110.1.0/r.-79.1.0,r.-79.1.0/r.-110.1.0,r.-79.1.0/r.-110.1.0,r.-79.1.0/r.-110.1.0,r.-110.1.0/r.-79.1.0,r.-110.1.0/r.-79.1.0,r.-79.1.0/r.-110.1.0,r.-110.1.0/r.-79.1.0,r.-110.1.0/r.-79.1.0,r.-110.1.0/r.-79.1.0,r.-110.1.0/r.-79.1.0,r.-79.1.0/r.-110.1.0,r.-110.1.0/r.-79.1.0,r.-110.1.0/r.-79.1.0,r.-79.1.0/r.-110.1.0,r.-110.1.0/r.-79.1.0,r.-79.1.0/r.-110.1.0,r.-110.1.0/r.-79.1.0,r.-79.1.0/r.-110.1.0,r.-79.1.0/r.-110.1.0,r.-79.1.0/r.-110.1.0,r.-79.1.0/r.-110.1.0,,,,,,,,,,,,,,,,,,,,,,,,,,,,,,,,,,,,,,,,,,,,,,,,,,,,,,,,,,,,,,,,,,,,,,,,,,,,,,,,,,,,,,,,,,,,,,,,,,,,,,,,,,,,,,,,,,,,,,,,,,,,,,,,
606,r.-110.1.0/r.-79.1.0,r.-79.1.0/r.-110.1.0,r.-110.1.0/r.-79.1.0,r.-110.1.0/r.-79.1.0,r.-110.1.0/r.-79.1.0,r.-110.1.0/r.-79.1.0,r.-79.1.0/r.-110.1.0,r.-110.1.0/r.-79.1.0,r.-110.1.0/r.-79.1.0,r.-79.1.0/r.-110.1.0,r.-110.1.0/r.-79.1.0,r.-110.1.0/r.-79.1.0,r.-79.1.0/r.-110.1.0,r.-110.1.0/r.-79.1.0,r.-79.1.0/r.-110.1.0,r.-79.1.0/r.-110.1.0,r.-110.1.0/r.-79.1.0,r.-79.1.0/r.-110.1.0,r.-79.1.0/r.-110.1.0,r.-110.1.0/r.-79.1.0,r.-110.1.0/r.-79.1.0,r.-79.1.0/r.-110.1.0,r.-79.1.0/r.-110.1.0,r.-110.1.0/r.-79.1.0,r.-79.1.0/r.-110.1.0,r.-110.1.0/r.-79.1.0,r.-110.1.0/r.-79.1.0,r.-79.1.0/r.-110.1.0,r.-79.1.0/r.-110.1.0,r.-79.1.0/r.-110.1.0,r.-79.1.0/r.-110.1.0,r.-79.1.0/r.-110.1.0,r.-110.1.0/r.-79.1.0,r.-110.1.0/r.-79.1.0,r.-110.1.0/r.-79.1.0,r.-79.1.0/r.-110.1.0,r.-110.1.0/r.-79.1.0,r.-79.1.0/r.-110.1.0,r.-110.1.0/r.-79.1.0,r.-79.1.0/r.-110.1.0,r.-79.1.0/r.-110.1.0,r.-79.1.0/r.-110.1.0,r.-110.1.0/r.-79.1.0,r.-110.1.0/r.-79.1.0,r.-110.1.0/r.-79.1.0,r.-79.1.0/r.-110.1.0,r.-79.1.0/r.-110.1.0,r.-79.1.0/r.-110.1.0,r.-110.1.0/r.-79.1.0,r.-110.1.0/r.-79.1.0,r.-110.1.0/r.-79.1.0,r.-110.1.0/r.-79.1.0,r.-79.1.0/r.-110.1.0,r.-110.1.0/r.-79.1.0,r.-110.1.0/r.-79.1.0,r.-79.1.0/r.-110.1.0,r.-110.1.0/r.-79.1.0,r.-79.1.0/r.-110.1.0,r.-110.1.0/r.-79.1.0,r.-79.1.0/r.-110.1.0,r.-79.1.0/r.-110.1.0,r.-79.1.0/r.-110.1.0,r.-79.1.0/r.-110.1.0,r.-79.1.0/r.-110.1.0,r.-79.1.0/r.-110.1.0,r.-79.1.0/r.-110.1.0,r.-110.1.0/r.-79.1.0,r.-110.1.0/r.-79.1.0,r.-110.1.0/r.-79.1.0,r.-79.1.0/r.-110.1.0,r.-79.1.0/r.-110.1.0,r.-79.1.0/r.-110.1.0,r.-110.1.0/r.-79.1.0,r.-110.1.0/r.-79.1.0,r.-79.1.0/r.-110.1.0,r.-110.1.0/r.-79.1.0,r.-110.1.0/r.-79.1.0,r.-110.1.0/r.-79.1.0,r.-110.1.0/r.-79.1.0,r.-110.1.0/r.-79.1.0,r.-79.1.0/r.-110.1.0,r.-79.1.0/r.-110.1.0,r.-79.1.0/r.-110.1.0,r.-110.1.0/r.-79.1.0,r.-79.1.0/r.-110.1.0,r.-110.1.0/r.-79.1.0,r.-110.1.0/r.-79.1.0,r.-110.1.0/r.-79.1.0,r.-110.1.0/r.-79.1.0,r.-110.1.0/r.-79.1.0,r.-110.1.0/r.-79.1.0,r.-79.1.0/r.-110.1.0,r.-79.1.0/r.-110.1.0,r.-110.1.0/r.-79.1.0,,,,,,,,,,,,,,,,,,,,,,,,,,,,,,,,,,,,,,,,,,,,,,,,,,,,,,,,,,,,,,,,,,,,,,,,,,,,,,,,,,,,,,,,,,,,,,,,,,,,,,,,,,,,,,,,,,,,,,,,,,,,,,,,
607,r.-79.1.0/r.-110.1.0,r.-79.1.0/r.-110.1.0,r.-79.1.0/r.-110.1.0,r.-110.1.0/r.-79.1.0,r.-79.1.0/r.-110.1.0,r.-79.1.0/r.-110.1.0,r.-79.1.0/r.-110.1.0,r.-79.1.0/r.-110.1.0,r.-79.1.0/r.-110.1.0,r.-79.1.0/r.-110.1.0,r.-110.1.0/r.-79.1.0,r.-79.1.0/r.-110.1.0,r.-79.1.0/r.-110.1.0,r.-110.1.0/r.-79.1.0,r.-110.1.0/r.-79.1.0,r.-110.1.0/r.-79.1.0,r.-110.1.0/r.-79.1.0,r.-110.1.0/r.-79.1.0,r.-79.1.0/r.-110.1.0,r.-110.1.0/r.-79.1.0,r.-110.1.0/r.-79.1.0,r.-79.1.0/r.-110.1.0,r.-79.1.0/r.-110.1.0,r.-110.1.0/r.-79.1.0,r.-79.1.0/r.-110.1.0,r.-110.1.0/r.-79.1.0,r.-110.1.0/r.-79.1.0,r.-110.1.0/r.-79.1.0,r.-110.1.0/r.-79.1.0,r.-110.1.0/r.-79.1.0,r.-79.1.0/r.-110.1.0,r.-110.1.0/r.-79.1.0,r.-110.1.0/r.-79.1.0,r.-79.1.0/r.-110.1.0,r.-79.1.0/r.-110.1.0,r.-110.1.0/r.-79.1.0,r.-79.1.0/r.-110.1.0,r.-110.1.0/r.-79.1.0,r.-110.1.0/r.-79.1.0,r.-110.1.0/r.-79.1.0,r.-79.1.0/r.-110.1.0,r.-79.1.0/r.-110.1.0,r.-110.1.0/r.-79.1.0,r.-79.1.0/r.-110.1.0,r.-79.1.0/r.-110.1.0,r.-79.1.0/r.-110.1.0,r.-110.1.0/r.-79.1.0,r.-79.1.0/r.-110.1.0,r.-79.1.0/r.-110.1.0,r.-110.1.0/r.-79.1.0,r.-110.1.0/r.-79.1.0,r.-110.1.0/r.-79.1.0,r.-110.1.0/r.-79.1.0,r.-110.1.0/r.-79.1.0,r.-79.1.0/r.-110.1.0,r.-79.1.0/r.-110.1.0,r.-79.1.0/r.-110.1.0,r.-79.1.0/r.-110.1.0,r.-79.1.0/r.-110.1.0,r.-79.1.0/r.-110.1.0,r.-110.1.0/r.-79.1.0,r.-110.1.0/r.-79.1.0,r.-110.1.0/r.-79.1.0,r.-79.1.0/r.-110.1.0,r.-79.1.0/r.-110.1.0,r.-110.1.0/r.-79.1.0,r.-79.1.0/r.-110.1.0,r.-110.1.0/r.-79.1.0,r.-110.1.0/r.-79.1.0,r.-79.1.0/r.-110.1.0,r.-79.1.0/r.-110.1.0,r.-79.1.0/r.-110.1.0,r.-110.1.0/r.-79.1.0,r.-110.1.0/r.-79.1.0,r.-79.1.0/r.-110.1.0,r.-79.1.0/r.-110.1.0,r.-79.1.0/r.-110.1.0,r.-79.1.0/r.-110.1.0,r.-79.1.0/r.-110.1.0,r.-110.1.0/r.-79.1.0,r.-79.1.0/r.-110.1.0,r.-79.1.0/r.-110.1.0,r.-110.1.0/r.-79.1.0,r.-110.1.0/r.-79.1.0,r.-110.1.0/r.-79.1.0,r.-110.1.0/r.-79.1.0,r.-79.1.0/r.-110.1.0,r.-79.1.0/r.-110.1.0,r.-110.1.0/r.-79.1.0,r.-110.1.0/r.-79.1.0,r.-79.1.0/r.-110.1.0,r.-79.1.0/r.-110.1.0,r.-79.1.0/r.-110.1.0,r.-110.1.0/r.-79.1.0,,,,,,,,,,,,,,,,,,,,,,,,,,,,,,,,,,,,,,,,,,,,,,,,,,,,,,,,,,,,,,,,,,,,,,,,,,,,,,,,,,,,,,,,,,,,,,,,,,,,,,,,,,,,,,,,,,,,,,,,,,,,,,,,
608,r.-110.1.0/r.-79.1.0,r.-110.1.0/r.-79.1.0,r.-110.1.0/r.-79.1.0,r.-110.1.0/r.-79.1.0,r.-79.1.0/r.-110.1.0,r.-79.1.0/r.-110.1.0,r.-110.1.0/r.-79.1.0,r.-110.1.0/r.-79.1.0,r.-79.1.0/r.-110.1.0,r.-110.1.0/r.-79.1.0,r.-110.1.0/r.-79.1.0,r.-110.1.0/r.-79.1.0,r.-79.1.0/r.-110.1.0,r.-110.1.0/r.-79.1.0,r.-79.1.0/r.-110.1.0,r.-110.1.0/r.-79.1.0,r.-79.1.0/r.-110.1.0,r.-110.1.0/r.-79.1.0,r.-79.1.0/r.-110.1.0,r.-110.1.0/r.-79.1.0,r.-79.1.0/r.-110.1.0,r.-79.1.0/r.-110.1.0,r.-110.1.0/r.-79.1.0,r.-110.1.0/r.-79.1.0,r.-110.1.0/r.-79.1.0,r.-79.1.0/r.-110.1.0,r.-79.1.0/r.-110.1.0,r.-110.1.0/r.-79.1.0,r.-110.1.0/r.-79.1.0,r.-110.1.0/r.-79.1.0,r.-79.1.0/r.-110.1.0,r.-110.1.0/r.-79.1.0,r.-110.1.0/r.-79.1.0,r.-110.1.0/r.-79.1.0,r.-110.1.0/r.-79.1.0,r.-79.1.0/r.-110.1.0,r.-110.1.0/r.-79.1.0,r.-110.1.0/r.-79.1.0,r.-110.1.0/r.-79.1.0,r.-79.1.0/r.-110.1.0,r.-110.1.0/r.-79.1.0,r.-79.1.0/r.-110.1.0,r.-79.1.0/r.-110.1.0,r.-79.1.0/r.-110.1.0,r.-79.1.0/r.-110.1.0,r.-110.1.0/r.-79.1.0,r.-110.1.0/r.-79.1.0,r.-110.1.0/r.-79.1.0,r.-79.1.0/r.-110.1.0,r.-110.1.0/r.-79.1.0,r.-79.1.0/r.-110.1.0,r.-110.1.0/r.-79.1.0,r.-110.1.0/r.-79.1.0,r.-79.1.0/r.-110.1.0,r.-110.1.0/r.-79.1.0,r.-110.1.0/r.-79.1.0,r.-110.1.0/r.-79.1.0,r.-79.1.0/r.-110.1.0,r.-79.1.0/r.-110.1.0,r.-79.1.0/r.-110.1.0,r.-79.1.0/r.-110.1.0,r.-110.1.0/r.-79.1.0,r.-79.1.0/r.-110.1.0,r.-79.1.0/r.-110.1.0,r.-79.1.0/r.-110.1.0,r.-79.1.0/r.-110.1.0,r.-79.1.0/r.-110.1.0,r.-79.1.0/r.-110.1.0,r.-110.1.0/r.-79.1.0,r.-79.1.0/r.-110.1.0,r.-110.1.0/r.-79.1.0,r.-79.1.0/r.-110.1.0,r.-110.1.0/r.-79.1.0,r.-110.1.0/r.-79.1.0,r.-79.1.0/r.-110.1.0,r.-79.1.0/r.-110.1.0,r.-79.1.0/r.-110.1.0,r.-79.1.0/r.-110.1.0,r.-110.1.0/r.-79.1.0,r.-110.1.0/r.-79.1.0,r.-79.1.0/r.-110.1.0,r.-79.1.0/r.-110.1.0,r.-79.1.0/r.-110.1.0,r.-79.1.0/r.-110.1.0,r.-110.1.0/r.-79.1.0,r.-110.1.0/r.-79.1.0,r.-110.1.0/r.-79.1.0,r.-110.1.0/r.-79.1.0,r.-79.1.0/r.-110.1.0,r.-79.1.0/r.-110.1.0,r.-79.1.0/r.-110.1.0,r.-79.1.0/r.-110.1.0,r.-79.1.0/r.-110.1.0,r.-79.1.0/r.-110.1.0,,,,,,,,,,,,,,,,,,,,,,,,,,,,,,,,,,,,,,,,,,,,,,,,,,,,,,,,,,,,,,,,,,,,,,,,,,,,,,,,,,,,,,,,,,,,,,,,,,,,,,,,,,,,,,,,,,,,,,,,,,,,,,,,
609,r.-110.1.0,r.-110.1.0,r.-110.1.0,r.-110.1.0,r.-110.1.0,r.-110.1.0,r.-110.1.0,r.-110.1.0,r.-110.1.0,r.-110.1.0,r.-110.1.0,r.-110.1.0,r.-110.1.0,r.-110.1.0,r.-110.1.0,r.-110.1.0,r.-110.1.0,r.-110.1.0,r.-110.1.0,r.-110.1.0,r.-110.1.0,r.-110.1.0,r.-110.1.0,r.-110.1.0,r.-110.1.0,r.-110.1.0,r.-110.1.0,r.-110.1.0,r.-110.1.0,r.-110.1.0,r.-110.1.0,r.-110.1.0,r.-110.1.0,r.-110.1.0,r.-110.1.0,r.-110.1.0,r.-110.1.0,r.-110.1.0,r.-110.1.0,r.-110.1.0,r.-110.1.0,r.-110.1.0,r.-110.1.0,r.-110.1.0,r.-110.1.0,r.-110.1.0,r.-110.1.0,r.-110.1.0,r.-110.1.0,r.-110.1.0,r.-110.1.0,r.-110.1.0,r.-110.1.0,r.-110.1.0,r.-110.1.0,r.-110.1.0,r.-110.1.0,r.-110.1.0,r.-110.1.0,r.-110.1.0,r.-110.1.0,r.-110.1.0,r.-110.1.0,r.-110.1.0,r.-110.1.0,r.-110.1.0,r.-110.1.0,r.-110.1.0,r.-110.1.0,r.-110.1.0,r.-110.1.0,r.-110.1.0,r.-110.1.0,r.-110.1.0,r.-110.1.0,r.-110.1.0,r.-110.1.0,r.-110.1.0,r.-110.1.0,r.-110.1.0,r.-110.1.0,r.-110.1.0,r.-110.1.0,r.-110.1.0,r.-110.1.0,r.-110.1.0,r.-110.1.0,r.-110.1.0,r.-110.1.0,r.-110.1.0,r.-110.1.0,r.-110.1.0,r.-110.1.0,r.-110.1.0,,,,,,,,,,,,,,,,,,,,,,,,,,,,,,,,,,,,,,,,,,,,,,,,,,,,,,,,,,,,,,,,,,,,,,,,,,,,,,,,,,,,,,,,,,,,,,,,,,,,,,,,,,,,,,,,,,,,,,,,,,,,,,,,
610,r.-110.1.0,r.-110.1.0,r.-110.1.0,r.-110.1.0,r.-110.1.0,r.-110.1.0,r.-110.1.0,r.-110.1.0,r.-110.1.0,r.-110.1.0,r.-110.1.0,r.-110.1.0,r.-110.1.0,r.-110.1.0,r.-110.1.0,r.-110.1.0,r.-110.1.0,r.-110.1.0,r.-110.1.0,r.-110.1.0,r.-110.1.0,r.-110.1.0,r.-110.1.0,r.-110.1.0,r.-110.1.0,r.-110.1.0,r.-110.1.0,r.-110.1.0,r.-110.1.0,r.-110.1.0,r.-110.1.0,r.-110.1.0,r.-110.1.0,r.-110.1.0,r.-110.1.0,r.-110.1.0,r.-110.1.0,r.-110.1.0,r.-110.1.0,r.-110.1.0,r.-110.1.0,r.-110.1.0,r.-110.1.0,r.-110.1.0,r.-110.1.0,r.-110.1.0,r.-110.1.0,r.-110.1.0,r.-110.1.0,r.-110.1.0,r.-110.1.0,r.-110.1.0,r.-110.1.0,r.-110.1.0,r.-110.1.0,r.-110.1.0,r.-110.1.0,r.-110.1.0,r.-110.1.0,r.-110.1.0,r.-110.1.0,r.-110.1.0,r.-110.1.0,r.-110.1.0,r.-110.1.0,r.-110.1.0,r.-110.1.0,r.-110.1.0,r.-110.1.0,r.-110.1.0,r.-110.1.0,r.-110.1.0,r.-110.1.0,r.-110.1.0,r.-110.1.0,r.-110.1.0,r.-110.1.0,r.-110.1.0,r.-110.1.0,r.-110.1.0,r.-110.1.0,r.-110.1.0,r.-110.1.0,r.-110.1.0,r.-110.1.0,r.-110.1.0,r.-110.1.0,r.-110.1.0,r.-110.1.0,r.-110.1.0,r.-110.1.0,r.-110.1.0,r.-110.1.0,r.-110.1.0,,,,,,,,,,,,,,,,,,,,,,,,,,,,,,,,,,,,,,,,,,,,,,,,,,,,,,,,,,,,,,,,,,,,,,,,,,,,,,,,,,,,,,,,,,,,,,,,,,,,,,,,,,,,,,,,,,,,,,,,,,,,,,,,
611,r.-110.1.0,r.-110.1.0,r.-110.1.0,r.-110.1.0,r.-110.1.0,r.-110.1.0,r.-110.1.0,r.-110.1.0,r.-110.1.0,r.-110.1.0,r.-110.1.0,r.-110.1.0,r.-110.1.0,r.-110.1.0,r.-110.1.0,r.-110.1.0,r.-110.1.0,r.-110.1.0,r.-110.1.0,r.-110.1.0,r.-110.1.0,r.-110.1.0,r.-110.1.0,r.-110.1.0,r.-110.1.0,r.-110.1.0,r.-110.1.0,r.-110.1.0,r.-110.1.0,r.-110.1.0,r.-110.1.0,r.-110.1.0,r.-110.1.0,r.-110.1.0,r.-110.1.0,r.-110.1.0,r.-110.1.0,r.-110.1.0,r.-110.1.0,r.-110.1.0,r.-110.1.0,r.-110.1.0,r.-110.1.0,r.-110.1.0,r.-110.1.0,r.-110.1.0,r.-110.1.0,r.-110.1.0,r.-110.1.0,r.-110.1.0,r.-110.1.0,r.-110.1.0,r.-110.1.0,r.-110.1.0,r.-110.1.0,r.-110.1.0,r.-110.1.0,r.-110.1.0,r.-110.1.0,r.-110.1.0,r.-110.1.0,r.-110.1.0,r.-110.1.0,r.-110.1.0,r.-110.1.0,r.-110.1.0,r.-110.1.0,r.-110.1.0,r.-110.1.0,r.-110.1.0,r.-110.1.0,r.-110.1.0,r.-110.1.0,r.-110.1.0,r.-110.1.0,r.-110.1.0,r.-110.1.0,r.-110.1.0,r.-110.1.0,r.-110.1.0,r.-110.1.0,r.-110.1.0,r.-110.1.0,r.-110.1.0,r.-110.1.0,r.-110.1.0,r.-110.1.0,r.-110.1.0,r.-110.1.0,r.-110.1.0,r.-110.1.0,r.-110.1.0,r.-110.1.0,r.-110.1.0,,,,,,,,,,,,,,,,,,,,,,,,,,,,,,,,,,,,,,,,,,,,,,,,,,,,,,,,,,,,,,,,,,,,,,,,,,,,,,,,,,,,,,,,,,,,,,,,,,,,,,,,,,,,,,,,,,,,,,,,,,,,,,,,
612,r.-110.1.0,r.-110.1.0,r.-110.1.0,r.-110.1.0,r.-110.1.0,r.-110.1.0,r.-110.1.0,r.-110.1.0,r.-110.1.0,r.-110.1.0,r.-110.1.0,r.-110.1.0,r.-110.1.0,r.-110.1.0,r.-110.1.0,r.-110.1.0,r.-110.1.0,r.-110.1.0,r.-110.1.0,r.-110.1.0,r.-110.1.0,r.-110.1.0,r.-110.1.0,r.-110.1.0,r.-110.1.0,r.-110.1.0,r.-110.1.0,r.-110.1.0,r.-110.1.0,r.-110.1.0,r.-110.1.0,r.-110.1.0,r.-110.1.0,r.-110.1.0,r.-110.1.0,r.-110.1.0,r.-110.1.0,r.-110.1.0,r.-110.1.0,r.-110.1.0,r.-110.1.0,r.-110.1.0,r.-110.1.0,r.-110.1.0,r.-110.1.0,r.-110.1.0,r.-110.1.0,r.-110.1.0,r.-110.1.0,r.-110.1.0,r.-110.1.0,r.-110.1.0,r.-110.1.0,r.-110.1.0,r.-110.1.0,r.-110.1.0,r.-110.1.0,r.-110.1.0,r.-110.1.0,r.-110.1.0,r.-110.1.0,r.-110.1.0,r.-110.1.0,r.-110.1.0,r.-110.1.0,r.-110.1.0,r.-110.1.0,r.-110.1.0,r.-110.1.0,r.-110.1.0,r.-110.1.0,r.-110.1.0,r.-110.1.0,r.-110.1.0,r.-110.1.0,r.-110.1.0,r.-110.1.0,r.-110.1.0,r.-110.1.0,r.-110.1.0,r.-110.1.0,r.-110.1.0,r.-110.1.0,r.-110.1.0,r.-110.1.0,r.-110.1.0,r.-110.1.0,r.-110.1.0,r.-110.1.0,r.-110.1.0,r.-110.1.0,r.-110.1.0,r.-110.1.0,r.-110.1.0,,,,,,,,,,,,,,,,,,,,,,,,,,,,,,,,,,,,,,,,,,,,,,,,,,,,,,,,,,,,,,,,,,,,,,,,,,,,,,,,,,,,,,,,,,,,,,,,,,,,,,,,,,,,,,,,,,,,,,,,,,,,,,,,
613,r.-110.1.0,r.-110.1.0,r.-110.1.0,r.-110.1.0,r.-110.1.0,r.-110.1.0,r.-110.1.0,r.-110.1.0,r.-110.1.0,r.-110.1.0,r.-110.1.0,r.-110.1.0,r.-110.1.0,r.-110.1.0,r.-110.1.0,r.-110.1.0,r.-110.1.0,r.-110.1.0,r.-110.1.0,r.-110.1.0,r.-110.1.0,r.-110.1.0,r.-110.1.0,r.-110.1.0,r.-110.1.0,r.-110.1.0,r.-110.1.0,r.-110.1.0,r.-110.1.0,r.-110.1.0,r.-110.1.0,r.-110.1.0,r.-110.1.0,r.-110.1.0,r.-110.1.0,r.-110.1.0,r.-110.1.0,r.-110.1.0,r.-110.1.0,r.-110.1.0,r.-110.1.0,r.-110.1.0,r.-110.1.0,r.-110.1.0,r.-110.1.0,r.-110.1.0,r.-110.1.0,r.-110.1.0,r.-110.1.0,r.-110.1.0,r.-110.1.0,r.-110.1.0,r.-110.1.0,r.-110.1.0,r.-110.1.0,r.-110.1.0,r.-110.1.0,r.-110.1.0,r.-110.1.0,r.-110.1.0,r.-110.1.0,r.-110.1.0,r.-110.1.0,r.-110.1.0,r.-110.1.0,r.-110.1.0,r.-110.1.0,r.-110.1.0,r.-110.1.0,r.-110.1.0,r.-110.1.0,r.-110.1.0,r.-110.1.0,r.-110.1.0,r.-110.1.0,r.-110.1.0,r.-110.1.0,r.-110.1.0,r.-110.1.0,r.-110.1.0,r.-110.1.0,r.-110.1.0,r.-110.1.0,r.-110.1.0,r.-110.1.0,r.-110.1.0,r.-110.1.0,r.-110.1.0,r.-110.1.0,r.-110.1.0,r.-110.1.0,r.-110.1.0,r.-110.1.0,r.-110.1.0,,,,,,,,,,,,,,,,,,,,,,,,,,,,,,,,,,,,,,,,,,,,,,,,,,,,,,,,,,,,,,,,,,,,,,,,,,,,,,,,,,,,,,,,,,,,,,,,,,,,,,,,,,,,,,,,,,,,,,,,,,,,,,,,
614,r.-110.1.0,r.-110.1.0,r.-110.1.0,r.-110.1.0,r.-110.1.0,r.-110.1.0,r.-110.1.0,r.-110.1.0,r.-110.1.0,r.-110.1.0,r.-110.1.0,r.-110.1.0,r.-110.1.0,r.-110.1.0,r.-110.1.0,r.-110.1.0,r.-110.1.0,r.-110.1.0,r.-110.1.0,r.-110.1.0,r.-110.1.0,r.-110.1.0,r.-110.1.0,r.-110.1.0,r.-110.1.0,r.-110.1.0,r.-110.1.0,r.-110.1.0,r.-110.1.0,r.-110.1.0,r.-110.1.0,r.-110.1.0,r.-110.1.0,r.-110.1.0,r.-110.1.0,r.-110.1.0,r.-110.1.0,r.-110.1.0,r.-110.1.0,r.-110.1.0,r.-110.1.0,r.-110.1.0,r.-110.1.0,r.-110.1.0,r.-110.1.0,r.-110.1.0,r.-110.1.0,r.-110.1.0,r.-110.1.0,r.-110.1.0,r.-110.1.0,r.-110.1.0,r.-110.1.0,r.-110.1.0,r.-110.1.0,r.-110.1.0,r.-110.1.0,r.-110.1.0,r.-110.1.0,r.-110.1.0,r.-110.1.0,r.-110.1.0,r.-110.1.0,r.-110.1.0,r.-110.1.0,r.-110.1.0,r.-110.1.0,r.-110.1.0,r.-110.1.0,r.-110.1.0,r.-110.1.0,r.-110.1.0,r.-110.1.0,r.-110.1.0,r.-110.1.0,r.-110.1.0,r.-110.1.0,r.-110.1.0,r.-110.1.0,r.-110.1.0,r.-110.1.0,r.-110.1.0,r.-110.1.0,r.-110.1.0,r.-110.1.0,r.-110.1.0,r.-110.1.0,r.-110.1.0,r.-110.1.0,r.-110.1.0,r.-110.1.0,r.-110.1.0,r.-110.1.0,r.-110.1.0,,,,,,,,,,,,,,,,,,,,,,,,,,,,,,,,,,,,,,,,,,,,,,,,,,,,,,,,,,,,,,,,,,,,,,,,,,,,,,,,,,,,,,,,,,,,,,,,,,,,,,,,,,,,,,,,,,,,,,,,,,,,,,,,
615,r.-110.1.0,r.-110.1.0,r.-110.1.0,r.-110.1.0,r.-110.1.0,r.-110.1.0,r.-110.1.0,r.-110.1.0,r.-110.1.0,r.-110.1.0,r.-110.1.0,r.-110.1.0,r.-110.1.0,r.-110.1.0,r.-110.1.0,r.-110.1.0,r.-110.1.0,r.-110.1.0,r.-110.1.0,r.-110.1.0,r.-110.1.0,r.-110.1.0,r.-110.1.0,r.-110.1.0,r.-110.1.0,r.-110.1.0,r.-110.1.0,r.-110.1.0,r.-110.1.0,r.-110.1.0,r.-110.1.0,r.-110.1.0,r.-110.1.0,r.-110.1.0,r.-110.1.0,r.-110.1.0,r.-110.1.0,r.-110.1.0,r.-110.1.0,r.-110.1.0,r.-110.1.0,r.-110.1.0,r.-110.1.0,r.-110.1.0,r.-110.1.0,r.-110.1.0,r.-110.1.0,r.-110.1.0,r.-110.1.0,r.-110.1.0,r.-110.1.0,r.-110.1.0,r.-110.1.0,r.-110.1.0,r.-110.1.0,r.-110.1.0,r.-110.1.0,r.-110.1.0,r.-110.1.0,r.-110.1.0,r.-110.1.0,r.-110.1.0,r.-110.1.0,r.-110.1.0,r.-110.1.0,r.-110.1.0,r.-110.1.0,r.-110.1.0,r.-110.1.0,r.-110.1.0,r.-110.1.0,r.-110.1.0,r.-110.1.0,r.-110.1.0,r.-110.1.0,r.-110.1.0,r.-110.1.0,r.-110.1.0,r.-110.1.0,r.-110.1.0,r.-110.1.0,r.-110.1.0,r.-110.1.0,r.-110.1.0,r.-110.1.0,r.-110.1.0,r.-110.1.0,r.-110.1.0,r.-110.1.0,r.-110.1.0,r.-110.1.0,r.-110.1.0,r.-110.1.0,r.-110.1.0,,,,,,,,,,,,,,,,,,,,,,,,,,,,,,,,,,,,,,,,,,,,,,,,,,,,,,,,,,,,,,,,,,,,,,,,,,,,,,,,,,,,,,,,,,,,,,,,,,,,,,,,,,,,,,,,,,,,,,,,,,,,,,,,
616,r.-110.1.0,r.-110.1.0,r.-110.1.0,r.-110.1.0,r.-110.1.0,r.-110.1.0,r.-110.1.0,r.-110.1.0,r.-110.1.0,r.-110.1.0,r.-110.1.0,r.-110.1.0,r.-110.1.0,r.-110.1.0,r.-110.1.0,r.-110.1.0,r.-110.1.0,r.-110.1.0,r.-110.1.0,r.-110.1.0,r.-110.1.0,r.-110.1.0,r.-110.1.0,r.-110.1.0,r.-110.1.0,r.-110.1.0,r.-110.1.0,r.-110.1.0,r.-110.1.0,r.-110.1.0,r.-110.1.0,r.-110.1.0,r.-110.1.0,r.-110.1.0,r.-110.1.0,r.-110.1.0,r.-110.1.0,r.-110.1.0,r.-110.1.0,r.-110.1.0,r.-110.1.0,r.-110.1.0,r.-110.1.0,r.-110.1.0,r.-110.1.0,r.-110.1.0,r.-110.1.0,r.-110.1.0,r.-110.1.0,r.-110.1.0,r.-110.1.0,r.-110.1.0,r.-110.1.0,r.-110.1.0,r.-110.1.0,r.-110.1.0,r.-110.1.0,r.-110.1.0,r.-110.1.0,r.-110.1.0,r.-110.1.0,r.-110.1.0,r.-110.1.0,r.-110.1.0,r.-110.1.0,r.-110.1.0,r.-110.1.0,r.-110.1.0,r.-110.1.0,r.-110.1.0,r.-110.1.0,r.-110.1.0,r.-110.1.0,r.-110.1.0,r.-110.1.0,r.-110.1.0,r.-110.1.0,r.-110.1.0,r.-110.1.0,r.-110.1.0,r.-110.1.0,r.-110.1.0,r.-110.1.0,r.-110.1.0,r.-110.1.0,r.-110.1.0,r.-110.1.0,r.-110.1.0,r.-110.1.0,r.-110.1.0,r.-110.1.0,r.-110.1.0,r.-110.1.0,r.-110.1.0,,,,,,,,,,,,,,,,,,,,,,,,,,,,,,,,,,,,,,,,,,,,,,,,,,,,,,,,,,,,,,,,,,,,,,,,,,,,,,,,,,,,,,,,,,,,,,,,,,,,,,,,,,,,,,,,,,,,,,,,,,,,,,,,
617,r.-110.1.0,r.-110.1.0,r.-110.1.0,r.-110.1.0,r.-110.1.0,r.-110.1.0,r.-110.1.0,r.-110.1.0,r.-110.1.0,r.-110.1.0,r.-110.1.0,r.-110.1.0,r.-110.1.0,r.-110.1.0,r.-110.1.0,r.-110.1.0,r.-110.1.0,r.-110.1.0,r.-110.1.0,r.-110.1.0,r.-110.1.0,r.-110.1.0,r.-110.1.0,r.-110.1.0,r.-110.1.0,r.-110.1.0,r.-110.1.0,r.-110.1.0,r.-110.1.0,r.-110.1.0,r.-110.1.0,r.-110.1.0,r.-110.1.0,r.-110.1.0,r.-110.1.0,r.-110.1.0,r.-110.1.0,r.-110.1.0,r.-110.1.0,r.-110.1.0,r.-110.1.0,r.-110.1.0,r.-110.1.0,r.-110.1.0,r.-110.1.0,r.-110.1.0,r.-110.1.0,r.-110.1.0,r.-110.1.0,r.-110.1.0,r.-110.1.0,r.-110.1.0,r.-110.1.0,r.-110.1.0,r.-110.1.0,r.-110.1.0,r.-110.1.0,r.-110.1.0,r.-110.1.0,r.-110.1.0,r.-110.1.0,r.-110.1.0,r.-110.1.0,r.-110.1.0,r.-110.1.0,r.-110.1.0,r.-110.1.0,r.-110.1.0,r.-110.1.0,r.-110.1.0,r.-110.1.0,r.-110.1.0,r.-110.1.0,r.-110.1.0,r.-110.1.0,r.-110.1.0,r.-110.1.0,r.-110.1.0,r.-110.1.0,r.-110.1.0,r.-110.1.0,r.-110.1.0,r.-110.1.0,r.-110.1.0,r.-110.1.0,r.-110.1.0,r.-110.1.0,r.-110.1.0,r.-110.1.0,r.-110.1.0,r.-110.1.0,r.-110.1.0,r.-110.1.0,r.-110.1.0,,,,,,,,,,,,,,,,,,,,,,,,,,,,,,,,,,,,,,,,,,,,,,,,,,,,,,,,,,,,,,,,,,,,,,,,,,,,,,,,,,,,,,,,,,,,,,,,,,,,,,,,,,,,,,,,,,,,,,,,,,,,,,,,
618,r.-110.1.0,r.-110.1.0,r.-110.1.0,r.-110.1.0,r.-110.1.0,r.-110.1.0,r.-110.1.0,r.-110.1.0,r.-110.1.0,r.-110.1.0,r.-110.1.0,r.-110.1.0,r.-110.1.0,r.-110.1.0,r.-110.1.0,r.-110.1.0,r.-110.1.0,r.-110.1.0,r.-110.1.0,r.-110.1.0,r.-110.1.0,r.-110.1.0,r.-110.1.0,r.-110.1.0,r.-110.1.0,r.-110.1.0,r.-110.1.0,r.-110.1.0,r.-110.1.0,r.-110.1.0,r.-110.1.0,r.-110.1.0,r.-110.1.0,r.-110.1.0,r.-110.1.0,r.-110.1.0,r.-110.1.0,r.-110.1.0,r.-110.1.0,r.-110.1.0,r.-110.1.0,r.-110.1.0,r.-110.1.0,r.-110.1.0,r.-110.1.0,r.-110.1.0,r.-110.1.0,r.-110.1.0,r.-110.1.0,r.-110.1.0,r.-110.1.0,r.-110.1.0,r.-110.1.0,r.-110.1.0,r.-110.1.0,r.-110.1.0,r.-110.1.0,r.-110.1.0,r.-110.1.0,r.-110.1.0,r.-110.1.0,r.-110.1.0,r.-110.1.0,r.-110.1.0,r.-110.1.0,r.-110.1.0,r.-110.1.0,r.-110.1.0,r.-110.1.0,r.-110.1.0,r.-110.1.0,r.-110.1.0,r.-110.1.0,r.-110.1.0,r.-110.1.0,r.-110.1.0,r.-110.1.0,r.-110.1.0,r.-110.1.0,r.-110.1.0,r.-110.1.0,r.-110.1.0,r.-110.1.0,r.-110.1.0,r.-110.1.0,r.-110.1.0,r.-110.1.0,r.-110.1.0,r.-110.1.0,r.-110.1.0,r.-110.1.0,r.-110.1.0,r.-110.1.0,r.-110.1.0,,,,,,,,,,,,,,,,,,,,,,,,,,,,,,,,,,,,,,,,,,,,,,,,,,,,,,,,,,,,,,,,,,,,,,,,,,,,,,,,,,,,,,,,,,,,,,,,,,,,,,,,,,,,,,,,,,,,,,,,,,,,,,,,
619,r.-110.1.0/r.-79.1.0,r.-79.1.0/r.-110.1.0,r.-110.1.0/r.-79.1.0,r.-110.1.0/r.-79.1.0,r.-110.1.0/r.-79.1.0,r.-79.1.0/r.-110.1.0,r.-110.1.0/r.-79.1.0,r.-79.1.0/r.-110.1.0,r.-110.1.0/r.-79.1.0,r.-110.1.0/r.-79.1.0,r.-110.1.0/r.-79.1.0,r.-110.1.0/r.-79.1.0,r.-110.1.0/r.-79.1.0,r.-79.1.0/r.-110.1.0,r.-79.1.0/r.-110.1.0,r.-79.1.0/r.-110.1.0,r.-110.1.0/r.-79.1.0,r.-79.1.0/r.-110.1.0,r.-79.1.0/r.-110.1.0,r.-79.1.0/r.-110.1.0,r.-79.1.0/r.-110.1.0,r.-79.1.0/r.-110.1.0,r.-79.1.0/r.-110.1.0,r.-110.1.0/r.-79.1.0,r.-110.1.0/r.-79.1.0,r.-79.1.0/r.-110.1.0,r.-79.1.0/r.-110.1.0,r.-110.1.0/r.-79.1.0,r.-110.1.0/r.-79.1.0,r.-79.1.0/r.-110.1.0,r.-79.1.0/r.-110.1.0,r.-110.1.0/r.-79.1.0,r.-110.1.0/r.-79.1.0,r.-79.1.0/r.-110.1.0,r.-79.1.0/r.-110.1.0,r.-79.1.0/r.-110.1.0,r.-110.1.0/r.-79.1.0,r.-79.1.0/r.-110.1.0,r.-110.1.0/r.-79.1.0,r.-110.1.0/r.-79.1.0,r.-79.1.0/r.-110.1.0,r.-110.1.0/r.-79.1.0,r.-79.1.0/r.-110.1.0,r.-110.1.0/r.-79.1.0,r.-79.1.0/r.-110.1.0,r.-110.1.0/r.-79.1.0,r.-79.1.0/r.-110.1.0,r.-79.1.0/r.-110.1.0,r.-110.1.0/r.-79.1.0,r.-79.1.0/r.-110.1.0,r.-110.1.0/r.-79.1.0,r.-110.1.0/r.-79.1.0,r.-110.1.0/r.-79.1.0,r.-110.1.0/r.-79.1.0,r.-79.1.0/r.-110.1.0,r.-110.1.0/r.-79.1.0,r.-79.1.0/r.-110.1.0,r.-110.1.0/r.-79.1.0,r.-79.1.0/r.-110.1.0,r.-110.1.0/r.-79.1.0,r.-110.1.0/r.-79.1.0,r.-110.1.0/r.-79.1.0,r.-79.1.0/r.-110.1.0,r.-110.1.0/r.-79.1.0,r.-110.1.0/r.-79.1.0,r.-79.1.0/r.-110.1.0,r.-110.1.0/r.-79.1.0,r.-110.1.0/r.-79.1.0,r.-79.1.0/r.-110.1.0,r.-79.1.0/r.-110.1.0,r.-79.1.0/r.-110.1.0,r.-110.1.0/r.-79.1.0,r.-79.1.0/r.-110.1.0,r.-110.1.0/r.-79.1.0,r.-110.1.0/r.-79.1.0,r.-110.1.0/r.-79.1.0,r.-79.1.0/r.-110.1.0,r.-110.1.0/r.-79.1.0,r.-110.1.0/r.-79.1.0,r.-79.1.0/r.-110.1.0,r.-110.1.0/r.-79.1.0,r.-110.1.0/r.-79.1.0,r.-110.1.0/r.-79.1.0,r.-110.1.0/r.-79.1.0,r.-110.1.0/r.-79.1.0,r.-110.1.0/r.-79.1.0,r.-110.1.0/r.-79.1.0,r.-110.1.0/r.-79.1.0,r.-79.1.0/r.-110.1.0,r.-79.1.0/r.-110.1.0,r.-110.1.0/r.-79.1.0,r.-79.1.0/r.-110.1.0,r.-110.1.0/r.-79.1.0,r.-110.1.0/r.-79.1.0,,,,,,,,,,,,,,,,,,,,,,,,,,,,,,,,,,,,,,,,,,,,,,,,,,,,,,,,,,,,,,,,,,,,,,,,,,,,,,,,,,,,,,,,,,,,,,,,,,,,,,,,,,,,,,,,,,,,,,,,,,,,,,,,
620,r.-79.1.0/r.-110.1.0,r.-110.1.0/r.-79.1.0,r.-79.1.0/r.-110.1.0,r.-79.1.0/r.-110.1.0,r.-110.1.0/r.-79.1.0,r.-79.1.0/r.-110.1.0,r.-110.1.0/r.-79.1.0,r.-79.1.0/r.-110.1.0,r.-110.1.0/r.-79.1.0,r.-79.1.0/r.-110.1.0,r.-79.1.0/r.-110.1.0,r.-79.1.0/r.-110.1.0,r.-110.1.0/r.-79.1.0,r.-110.1.0/r.-79.1.0,r.-110.1.0/r.-79.1.0,r.-79.1.0/r.-110.1.0,r.-110.1.0/r.-79.1.0,r.-110.1.0/r.-79.1.0,r.-79.1.0/r.-110.1.0,r.-110.1.0/r.-79.1.0,r.-79.1.0/r.-110.1.0,r.-110.1.0/r.-79.1.0,r.-110.1.0/r.-79.1.0,r.-79.1.0/r.-110.1.0,r.-79.1.0/r.-110.1.0,r.-79.1.0/r.-110.1.0,r.-110.1.0/r.-79.1.0,r.-79.1.0/r.-110.1.0,r.-110.1.0/r.-79.1.0,r.-79.1.0/r.-110.1.0,r.-79.1.0/r.-110.1.0,r.-79.1.0/r.-110.1.0,r.-110.1.0/r.-79.1.0,r.-79.1.0/r.-110.1.0,r.-79.1.0/r.-110.1.0,r.-110.1.0/r.-79.1.0,r.-79.1.0/r.-110.1.0,r.-79.1.0/r.-110.1.0,r.-79.1.0/r.-110.1.0,r.-79.1.0/r.-110.1.0,r.-110.1.0/r.-79.1.0,r.-110.1.0/r.-79.1.0,r.-110.1.0/r.-79.1.0,r.-79.1.0/r.-110.1.0,r.-79.1.0/r.-110.1.0,r.-79.1.0/r.-110.1.0,r.-110.1.0/r.-79.1.0,r.-110.1.0/r.-79.1.0,r.-110.1.0/r.-79.1.0,r.-110.1.0/r.-79.1.0,r.-79.1.0/r.-110.1.0,r.-79.1.0/r.-110.1.0,r.-110.1.0/r.-79.1.0,r.-79.1.0/r.-110.1.0,r.-110.1.0/r.-79.1.0,r.-110.1.0/r.-79.1.0,r.-110.1.0/r.-79.1.0,r.-110.1.0/r.-79.1.0,r.-79.1.0/r.-110.1.0,r.-110.1.0/r.-79.1.0,r.-79.1.0/r.-110.1.0,r.-79.1.0/r.-110.1.0,r.-79.1.0/r.-110.1.0,r.-79.1.0/r.-110.1.0,r.-110.1.0/r.-79.1.0,r.-110.1.0/r.-79.1.0,r.-79.1.0/r.-110.1.0,r.-110.1.0/r.-79.1.0,r.-79.1.0/r.-110.1.0,r.-79.1.0/r.-110.1.0,r.-79.1.0/r.-110.1.0,r.-110.1.0/r.-79.1.0,r.-79.1.0/r.-110.1.0,r.-110.1.0/r.-79.1.0,r.-110.1.0/r.-79.1.0,r.-110.1.0/r.-79.1.0,r.-110.1.0/r.-79.1.0,r.-79.1.0/r.-110.1.0,r.-79.1.0/r.-110.1.0,r.-110.1.0/r.-79.1.0,r.-79.1.0/r.-110.1.0,r.-79.1.0/r.-110.1.0,r.-79.1.0/r.-110.1.0,r.-79.1.0/r.-110.1.0,r.-110.1.0/r.-79.1.0,r.-110.1.0/r.-79.1.0,r.-110.1.0/r.-79.1.0,r.-110.1.0/r.-79.1.0,r.-79.1.0/r.-110.1.0,r.-110.1.0/r.-79.1.0,r.-110.1.0/r.-79.1.0,r.-79.1.0/r.-110.1.0,r.-110.1.0/r.-79.1.0,r.-79.1.0/r.-110.1.0,,,,,,,,,,,,,,,,,,,,,,,,,,,,,,,,,,,,,,,,,,,,,,,,,,,,,,,,,,,,,,,,,,,,,,,,,,,,,,,,,,,,,,,,,,,,,,,,,,,,,,,,,,,,,,,,,,,,,,,,,,,,,,,,
621,r.-79.1.0/r.-110.1.0,r.-110.1.0/r.-79.1.0,r.-110.1.0/r.-79.1.0,r.-110.1.0/r.-79.1.0,r.-79.1.0/r.-110.1.0,r.-79.1.0/r.-110.1.0,r.-79.1.0/r.-110.1.0,r.-110.1.0/r.-79.1.0,r.-79.1.0/r.-110.1.0,r.-110.1.0/r.-79.1.0,r.-110.1.0/r.-79.1.0,r.-110.1.0/r.-79.1.0,r.-79.1.0/r.-110.1.0,r.-79.1.0/r.-110.1.0,r.-110.1.0/r.-79.1.0,r.-110.1.0/r.-79.1.0,r.-79.1.0/r.-110.1.0,r.-79.1.0/r.-110.1.0,r.-110.1.0/r.-79.1.0,r.-79.1.0/r.-110.1.0,r.-110.1.0/r.-79.1.0,r.-110.1.0/r.-79.1.0,r.-110.1.0/r.-79.1.0,r.-79.1.0/r.-110.1.0,r.-79.1.0/r.-110.1.0,r.-110.1.0/r.-79.1.0,r.-110.1.0/r.-79.1.0,r.-79.1.0/r.-110.1.0,r.-110.1.0/r.-79.1.0,r.-110.1.0/r.-79.1.0,r.-79.1.0/r.-110.1.0,r.-110.1.0/r.-79.1.0,r.-79.1.0/r.-110.1.0,r.-79.1.0/r.-110.1.0,r.-79.1.0/r.-110.1.0,r.-79.1.0/r.-110.1.0,r.-79.1.0/r.-110.1.0,r.-110.1.0/r.-79.1.0,r.-79.1.0/r.-110.1.0,r.-110.1.0/r.-79.1.0,r.-110.1.0/r.-79.1.0,r.-79.1.0/r.-110.1.0,r.-110.1.0/r.-79.1.0,r.-79.1.0/r.-110.1.0,r.-79.1.0/r.-110.1.0,r.-79.1.0/r.-110.1.0,r.-79.1.0/r.-110.1.0,r.-79.1.0/r.-110.1.0,r.-110.1.0/r.-79.1.0,r.-79.1.0/r.-110.1.0,r.-79.1.0/r.-110.1.0,r.-110.1.0/r.-79.1.0,r.-110.1.0/r.-79.1.0,r.-110.1.0/r.-79.1.0,r.-110.1.0/r.-79.1.0,r.-79.1.0/r.-110.1.0,r.-79.1.0/r.-110.1.0,r.-110.1.0/r.-79.1.0,r.-110.1.0/r.-79.1.0,r.-79.1.0/r.-110.1.0,r.-110.1.0/r.-79.1.0,r.-110.1.0/r.-79.1.0,r.-110.1.0/r.-79.1.0,r.-110.1.0/r.-79.1.0,r.-79.1.0/r.-110.1.0,r.-110.1.0/r.-79.1.0,r.-110.1.0/r.-79.1.0,r.-110.1.0/r.-79.1.0,r.-79.1.0/r.-110.1.0,r.-79.1.0/r.-110.1.0,r.-79.1.0/r.-110.1.0,r.-79.1.0/r.-110.1.0,r.-110.1.0/r.-79.1.0,r.-79.1.0/r.-110.1.0,r.-79.1.0/r.-110.1.0,r.-110.1.0/r.-79.1.0,r.-110.1.0/r.-79.1.0,r.-79.1.0/r.-110.1.0,r.-79.1.0/r.-110.1.0,r.-110.1.0/r.-79.1.0,r.-79.1.0/r.-110.1.0,r.-79.1.0/r.-110.1.0,r.-79.1.0/r.-110.1.0,r.-79.1.0/r.-110.1.0,r.-79.1.0/r.-110.1.0,r.-110.1.0/r.-79.1.0,r.-79.1.0/r.-110.1.0,r.-110.1.0/r.-79.1.0,r.-110.1.0/r.-79.1.0,r.-79.1.0/r.-110.1.0,r.-79.1.0/r.-110.1.0,r.-110.1.0/r.-79.1.0,r.-110.1.0/r.-79.1.0,r.-110.1.0/r.-79.1.0,,,,,,,,,,,,,,,,,,,,,,,,,,,,,,,,,,,,,,,,,,,,,,,,,,,,,,,,,,,,,,,,,,,,,,,,,,,,,,,,,,,,,,,,,,,,,,,,,,,,,,,,,,,,,,,,,,,,,,,,,,,,,,,,
622,r.-79.1.0/r.-110.1.0,r.-79.1.0/r.-110.1.0,r.-110.1.0/r.-79.1.0,r.-110.1.0/r.-79.1.0,r.-110.1.0/r.-79.1.0,r.-110.1.0/r.-79.1.0,r.-79.1.0/r.-110.1.0,r.-110.1.0/r.-79.1.0,r.-110.1.0/r.-79.1.0,r.-110.1.0/r.-79.1.0,r.-79.1.0/r.-110.1.0,r.-110.1.0/r.-79.1.0,r.-110.1.0/r.-79.1.0,r.-79.1.0/r.-110.1.0,r.-79.1.0/r.-110.1.0,r.-110.1.0/r.-79.1.0,r.-79.1.0/r.-110.1.0,r.-79.1.0/r.-110.1.0,r.-110.1.0/r.-79.1.0,r.-79.1.0/r.-110.1.0,r.-110.1.0/r.-79.1.0,r.-110.1.0/r.-79.1.0,r.-79.1.0/r.-110.1.0,r.-110.1.0/r.-79.1.0,r.-110.1.0/r.-79.1.0,r.-79.1.0/r.-110.1.0,r.-79.1.0/r.-110.1.0,r.-79.1.0/r.-110.1.0,r.-110.1.0/r.-79.1.0,r.-79.1.0/r.-110.1.0,r.-110.1.0/r.-79.1.0,r.-110.1.0/r.-79.1.0,r.-110.1.0/r.-79.1.0,r.-110.1.0/r.-79.1.0,r.-110.1.0/r.-79.1.0,r.-79.1.0/r.-110.1.0,r.-110.1.0/r.-79.1.0,r.-110.1.0/r.-79.1.0,r.-110.1.0/r.-79.1.0,r.-110.1.0/r.-79.1.0,r.-79.1.0/r.-110.1.0,r.-110.1.0/r.-79.1.0,r.-110.1.0/r.-79.1.0,r.-110.1.0/r.-79.1.0,r.-79.1.0/r.-110.1.0,r.-110.1.0/r.-79.1.0,r.-79.1.0/r.-110.1.0,r.-79.1.0/r.-110.1.0,r.-110.1.0/r.-79.1.0,r.-110.1.0/r.-79.1.0,r.-110.1.0/r.-79.1.0,r.-79.1.0/r.-110.1.0,r.-79.1.0/r.-110.1.0,r.-79.1.0/r.-110.1.0,r.-79.1.0/r.-110.1.0,r.-79.1.0/r.-110.1.0,r.-110.1.0/r.-79.1.0,r.-79.1.0/r.-110.1.0,r.-110.1.0/r.-79.1.0,r.-79.1.0/r.-110.1.0,r.-79.1.0/r.-110.1.0,r.-110.1.0/r.-79.1.0,r.-79.1.0/r.-110.1.0,r.-79.1.0/r.-110.1.0,r.-79.1.0/r.-110.1.0,r.-110.1.0/r.-79.1.0,r.-110.1.0/r.-79.1.0,r.-110.1.0/r.-79.1.0,r.-79.1.0/r.-110.1.0,r.-110.1.0/r.-79.1.0,r.-110.1.0/r.-79.1.0,r.-110.1.0/r.-79.1.0,r.-110.1.0/r.-79.1.0,r.-110.1.0/r.-79.1.0,r.-110.1.0/r.-79.1.0,r.-79.1.0/r.-110.1.0,r.-79.1.0/r.-110.1.0,r.-79.1.0/r.-110.1.0,r.-79.1.0/r.-110.1.0,r.-79.1.0/r.-110.1.0,r.-79.1.0/r.-110.1.0,r.-79.1.0/r.-110.1.0,r.-110.1.0/r.-79.1.0,r.-110.1.0/r.-79.1.0,r.-79.1.0/r.-110.1.0,r.-79.1.0/r.-110.1.0,r.-110.1.0/r.-79.1.0,r.-110.1.0/r.-79.1.0,r.-79.1.0/r.-110.1.0,r.-110.1.0/r.-79.1.0,r.-79.1.0/r.-110.1.0,r.-79.1.0/r.-110.1.0,r.-110.1.0/r.-79.1.0,r.-110.1.0/r.-79.1.0,,,,,,,,,,,,,,,,,,,,,,,,,,,,,,,,,,,,,,,,,,,,,,,,,,,,,,,,,,,,,,,,,,,,,,,,,,,,,,,,,,,,,,,,,,,,,,,,,,,,,,,,,,,,,,,,,,,,,,,,,,,,,,,,
623,r.-79.1.0/r.-110.1.0,r.-110.1.0/r.-79.1.0,r.-110.1.0/r.-79.1.0,r.-79.1.0/r.-110.1.0,r.-79.1.0/r.-110.1.0,r.-79.1.0/r.-110.1.0,r.-110.1.0/r.-79.1.0,r.-79.1.0/r.-110.1.0,r.-79.1.0/r.-110.1.0,r.-110.1.0/r.-79.1.0,r.-110.1.0/r.-79.1.0,r.-110.1.0/r.-79.1.0,r.-110.1.0/r.-79.1.0,r.-110.1.0/r.-79.1.0,r.-110.1.0/r.-79.1.0,r.-110.1.0/r.-79.1.0,r.-79.1.0/r.-110.1.0,r.-110.1.0/r.-79.1.0,r.-79.1.0/r.-110.1.0,r.-79.1.0/r.-110.1.0,r.-79.1.0/r.-110.1.0,r.-79.1.0/r.-110.1.0,r.-79.1.0/r.-110.1.0,r.-110.1.0/r.-79.1.0,r.-79.1.0/r.-110.1.0,r.-110.1.0/r.-79.1.0,r.-110.1.0/r.-79.1.0,r.-110.1.0/r.-79.1.0,r.-79.1.0/r.-110.1.0,r.-79.1.0/r.-110.1.0,r.-110.1.0/r.-79.1.0,r.-79.1.0/r.-110.1.0,r.-79.1.0/r.-110.1.0,r.-79.1.0/r.-110.1.0,r.-110.1.0/r.-79.1.0,r.-110.1.0/r.-79.1.0,r.-110.1.0/r.-79.1.0,r.-110.1.0/r.-79.1.0,r.-79.1.0/r.-110.1.0,r.-79.1.0/r.-110.1.0,r.-110.1.0/r.-79.1.0,r.-110.1.0/r.-79.1.0,r.-110.1.0/r.-79.1.0,r.-110.1.0/r.-79.1.0,r.-79.1.0/r.-110.1.0,r.-79.1.0/r.-110.1.0,r.-110.1.0/r.-79.1.0,r.-110.1.0/r.-79.1.0,r.-110.1.0/r.-79.1.0,r.-79.1.0/r.-110.1.0,r.-110.1.0/r.-79.1.0,r.-110.1.0/r.-79.1.0,r.-79.1.0/r.-110.1.0,r.-110.1.0/r.-79.1.0,r.-110.1.0/r.-79.1.0,r.-110.1.0/r.-79.1.0,r.-79.1.0/r.-110.1.0,r.-110.1.0/r.-79.1.0,r.-79.1.0/r.-110.1.0,r.-79.1.0/r.-110.1.0,r.-79.1.0/r.-110.1.0,r.-110.1.0/r.-79.1.0,r.-79.1.0/r.-110.1.0,r.-110.1.0/r.-79.1.0,r.-79.1.0/r.-110.1.0,r.-79.1.0/r.-110.1.0,r.-110.1.0/r.-79.1.0,r.-110.1.0/r.-79.1.0,r.-79.1.0/r.-110.1.0,r.-110.1.0/r.-79.1.0,r.-79.1.0/r.-110.1.0,r.-79.1.0/r.-110.1.0,r.-110.1.0/r.-79.1.0,r.-110.1.0/r.-79.1.0,r.-110.1.0/r.-79.1.0,r.-79.1.0/r.-110.1.0,r.-79.1.0/r.-110.1.0,r.-110.1.0/r.-79.1.0,r.-110.1.0/r.-79.1.0,r.-110.1.0/r.-79.1.0,r.-110.1.0/r.-79.1.0,r.-79.1.0/r.-110.1.0,r.-79.1.0/r.-110.1.0,r.-79.1.0/r.-110.1.0,r.-110.1.0/r.-79.1.0,r.-110.1.0/r.-79.1.0,r.-79.1.0/r.-110.1.0,r.-110.1.0/r.-79.1.0,r.-79.1.0/r.-110.1.0,r.-79.1.0/r.-110.1.0,r.-110.1.0/r.-79.1.0,r.-79.1.0/r.-110.1.0,r.-110.1.0/r.-79.1.0,r.-110.1.0/r.-79.1.0,,,,,,,,,,,,,,,,,,,,,,,,,,,,,,,,,,,,,,,,,,,,,,,,,,,,,,,,,,,,,,,,,,,,,,,,,,,,,,,,,,,,,,,,,,,,,,,,,,,,,,,,,,,,,,,,,,,,,,,,,,,,,,,,
624,r.-110.1.0/r.-79.1.0,r.-79.1.0/r.-110.1.0,r.-110.1.0/r.-79.1.0,r.-110.1.0/r.-79.1.0,r.-110.1.0/r.-79.1.0,r.-79.1.0/r.-110.1.0,r.-110.1.0/r.-79.1.0,r.-110.1.0/r.-79.1.0,r.-110.1.0/r.-79.1.0,r.-110.1.0/r.-79.1.0,r.-110.1.0/r.-79.1.0,r.-79.1.0/r.-110.1.0,r.-79.1.0/r.-110.1.0,r.-110.1.0/r.-79.1.0,r.-110.1.0/r.-79.1.0,r.-110.1.0/r.-79.1.0,r.-110.1.0/r.-79.1.0,r.-79.1.0/r.-110.1.0,r.-79.1.0/r.-110.1.0,r.-79.1.0/r.-110.1.0,r.-79.1.0/r.-110.1.0,r.-110.1.0/r.-79.1.0,r.-110.1.0/r.-79.1.0,r.-110.1.0/r.-79.1.0,r.-110.1.0/r.-79.1.0,r.-79.1.0/r.-110.1.0,r.-110.1.0/r.-79.1.0,r.-79.1.0/r.-110.1.0,r.-79.1.0/r.-110.1.0,r.-79.1.0/r.-110.1.0,r.-110.1.0/r.-79.1.0,r.-110.1.0/r.-79.1.0,r.-110.1.0/r.-79.1.0,r.-110.1.0/r.-79.1.0,r.-79.1.0/r.-110.1.0,r.-79.1.0/r.-110.1.0,r.-110.1.0/r.-79.1.0,r.-110.1.0/r.-79.1.0,r.-110.1.0/r.-79.1.0,r.-79.1.0/r.-110.1.0,r.-79.1.0/r.-110.1.0,r.-110.1.0/r.-79.1.0,r.-79.1.0/r.-110.1.0,r.-110.1.0/r.-79.1.0,r.-79.1.0/r.-110.1.0,r.-110.1.0/r.-79.1.0,r.-79.1.0/r.-110.1.0,r.-110.1.0/r.-79.1.0,r.-110.1.0/r.-79.1.0,r.-110.1.0/r.-79.1.0,r.-110.1.0/r.-79.1.0,r.-110.1.0/r.-79.1.0,r.-110.1.0/r.-79.1.0,r.-110.1.0/r.-79.1.0,r.-110.1.0/r.-79.1.0,r.-110.1.0/r.-79.1.0,r.-110.1.0/r.-79.1.0,r.-79.1.0/r.-110.1.0,r.-79.1.0/r.-110.1.0,r.-79.1.0/r.-110.1.0,r.-79.1.0/r.-110.1.0,r.-110.1.0/r.-79.1.0,r.-110.1.0/r.-79.1.0,r.-110.1.0/r.-79.1.0,r.-79.1.0/r.-110.1.0,r.-110.1.0/r.-79.1.0,r.-110.1.0/r.-79.1.0,r.-79.1.0/r.-110.1.0,r.-110.1.0/r.-79.1.0,r.-110.1.0/r.-79.1.0,r.-79.1.0/r.-110.1.0,r.-110.1.0/r.-79.1.0,r.-79.1.0/r.-110.1.0,r.-110.1.0/r.-79.1.0,r.-110.1.0/r.-79.1.0,r.-110.1.0/r.-79.1.0,r.-79.1.0/r.-110.1.0,r.-110.1.0/r.-79.1.0,r.-79.1.0/r.-110.1.0,r.-110.1.0/r.-79.1.0,r.-110.1.0/r.-79.1.0,r.-110.1.0/r.-79.1.0,r.-79.1.0/r.-110.1.0,r.-110.1.0/r.-79.1.0,r.-110.1.0/r.-79.1.0,r.-79.1.0/r.-110.1.0,r.-110.1.0/r.-79.1.0,r.-110.1.0/r.-79.1.0,r.-110.1.0/r.-79.1.0,r.-110.1.0/r.-79.1.0,r.-110.1.0/r.-79.1.0,r.-110.1.0/r.-79.1.0,r.-79.1.0/r.-110.1.0,r.-79.1.0/r.-110.1.0,,,,,,,,,,,,,,,,,,,,,,,,,,,,,,,,,,,,,,,,,,,,,,,,,,,,,,,,,,,,,,,,,,,,,,,,,,,,,,,,,,,,,,,,,,,,,,,,,,,,,,,,,,,,,,,,,,,,,,,,,,,,,,,,
625,r.-110.1.0,r.-110.1.0,r.-110.1.0,r.-110.1.0,r.-110.1.0,r.-110.1.0,r.-110.1.0,r.-110.1.0,r.-110.1.0,r.-110.1.0,r.-110.1.0,r.-110.1.0,r.-110.1.0,r.-110.1.0,r.-110.1.0,r.-110.1.0,r.-110.1.0,r.-110.1.0,r.-110.1.0,r.-110.1.0,r.-110.1.0,r.-110.1.0,r.-110.1.0,r.-110.1.0,r.-110.1.0,r.-110.1.0,r.-110.1.0,r.-110.1.0,r.-110.1.0,r.-110.1.0,r.-110.1.0,r.-110.1.0,r.-110.1.0,r.-110.1.0,r.-110.1.0,r.-110.1.0,r.-110.1.0,r.-110.1.0,r.-110.1.0,r.-110.1.0,r.-110.1.0,r.-110.1.0,r.-110.1.0,r.-110.1.0,r.-110.1.0,r.-110.1.0,r.-110.1.0,r.-110.1.0,r.-110.1.0,r.-110.1.0,r.-110.1.0,r.-110.1.0,r.-110.1.0,r.-110.1.0,r.-110.1.0,r.-110.1.0,r.-110.1.0,r.-110.1.0,r.-110.1.0,r.-110.1.0,r.-110.1.0,r.-110.1.0,r.-110.1.0,r.-110.1.0,r.-110.1.0,r.-110.1.0,r.-110.1.0,r.-110.1.0,r.-110.1.0,r.-110.1.0,r.-110.1.0,r.-110.1.0,r.-110.1.0,r.-110.1.0,r.-110.1.0,r.-110.1.0,r.-110.1.0,r.-110.1.0,r.-110.1.0,r.-110.1.0,r.-110.1.0,r.-110.1.0,r.-110.1.0,r.-110.1.0,r.-110.1.0,r.-110.1.0,r.-110.1.0,r.-110.1.0,r.-110.1.0,r.-110.1.0,r.-110.1.0,r.-110.1.0,r.-110.1.0,r.-110.1.0,,,,,,,,,,,,,,,,,,,,,,,,,,,,,,,,,,,,,,,,,,,,,,,,,,,,,,,,,,,,,,,,,,,,,,,,,,,,,,,,,,,,,,,,,,,,,,,,,,,,,,,,,,,,,,,,,,,,,,,,,,,,,,,,
626,r.-110.1.0,r.-110.1.0,r.-110.1.0,r.-110.1.0,r.-110.1.0,r.-110.1.0,r.-110.1.0,r.-110.1.0,r.-110.1.0,r.-110.1.0,r.-110.1.0,r.-110.1.0,r.-110.1.0,r.-110.1.0,r.-110.1.0,r.-110.1.0,r.-110.1.0,r.-110.1.0,r.-110.1.0,r.-110.1.0,r.-110.1.0,r.-110.1.0,r.-110.1.0,r.-110.1.0,r.-110.1.0,r.-110.1.0,r.-110.1.0,r.-110.1.0,r.-110.1.0,r.-110.1.0,r.-110.1.0,r.-110.1.0,r.-110.1.0,r.-110.1.0,r.-110.1.0,r.-110.1.0,r.-110.1.0,r.-110.1.0,r.-110.1.0,r.-110.1.0,r.-110.1.0,r.-110.1.0,r.-110.1.0,r.-110.1.0,r.-110.1.0,r.-110.1.0,r.-110.1.0,r.-110.1.0,r.-110.1.0,r.-110.1.0,r.-110.1.0,r.-110.1.0,r.-110.1.0,r.-110.1.0,r.-110.1.0,r.-110.1.0,r.-110.1.0,r.-110.1.0,r.-110.1.0,r.-110.1.0,r.-110.1.0,r.-110.1.0,r.-110.1.0,r.-110.1.0,r.-110.1.0,r.-110.1.0,r.-110.1.0,r.-110.1.0,r.-110.1.0,r.-110.1.0,r.-110.1.0,r.-110.1.0,r.-110.1.0,r.-110.1.0,r.-110.1.0,r.-110.1.0,r.-110.1.0,r.-110.1.0,r.-110.1.0,r.-110.1.0,r.-110.1.0,r.-110.1.0,r.-110.1.0,r.-110.1.0,r.-110.1.0,r.-110.1.0,r.-110.1.0,r.-110.1.0,r.-110.1.0,r.-110.1.0,r.-110.1.0,r.-110.1.0,r.-110.1.0,r.-110.1.0,,,,,,,,,,,,,,,,,,,,,,,,,,,,,,,,,,,,,,,,,,,,,,,,,,,,,,,,,,,,,,,,,,,,,,,,,,,,,,,,,,,,,,,,,,,,,,,,,,,,,,,,,,,,,,,,,,,,,,,,,,,,,,,,
627,r.-79.1.0/r.-110.1.0,r.-79.1.0/r.-110.1.0,r.-110.1.0/r.-79.1.0,r.-110.1.0/r.-79.1.0,r.-79.1.0/r.-110.1.0,r.-110.1.0/r.-79.1.0,r.-79.1.0/r.-110.1.0,r.-110.1.0/r.-79.1.0,r.-79.1.0/r.-110.1.0,r.-110.1.0/r.-79.1.0,r.-110.1.0/r.-79.1.0,r.-79.1.0/r.-110.1.0,r.-110.1.0/r.-79.1.0,r.-79.1.0/r.-110.1.0,r.-110.1.0/r.-79.1.0,r.-110.1.0/r.-79.1.0,r.-79.1.0/r.-110.1.0,r.-79.1.0/r.-110.1.0,r.-79.1.0/r.-110.1.0,r.-79.1.0/r.-110.1.0,r.-79.1.0/r.-110.1.0,r.-110.1.0/r.-79.1.0,r.-79.1.0/r.-110.1.0,r.-110.1.0/r.-79.1.0,r.-79.1.0/r.-110.1.0,r.-79.1.0/r.-110.1.0,r.-110.1.0/r.-79.1.0,r.-79.1.0/r.-110.1.0,r.-110.1.0/r.-79.1.0,r.-79.1.0/r.-110.1.0,r.-110.1.0/r.-79.1.0,r.-110.1.0/r.-79.1.0,r.-79.1.0/r.-110.1.0,r.-110.1.0/r.-79.1.0,r.-79.1.0/r.-110.1.0,r.-110.1.0/r.-79.1.0,r.-110.1.0/r.-79.1.0,r.-79.1.0/r.-110.1.0,r.-110.1.0/r.-79.1.0,r.-110.1.0/r.-79.1.0,r.-79.1.0/r.-110.1.0,r.-79.1.0/r.-110.1.0,r.-110.1.0/r.-79.1.0,r.-110.1.0/r.-79.1.0,r.-79.1.0/r.-110.1.0,r.-110.1.0/r.-79.1.0,r.-79.1.0/r.-110.1.0,r.-79.1.0/r.-110.1.0,r.-79.1.0/r.-110.1.0,r.-79.1.0/r.-110.1.0,r.-110.1.0/r.-79.1.0,r.-79.1.0/r.-110.1.0,r.-110.1.0/r.-79.1.0,r.-110.1.0/r.-79.1.0,r.-110.1.0/r.-79.1.0,r.-110.1.0/r.-79.1.0,r.-110.1.0/r.-79.1.0,r.-79.1.0/r.-110.1.0,r.-79.1.0/r.-110.1.0,r.-79.1.0/r.-110.1.0,r.-79.1.0/r.-110.1.0,r.-79.1.0/r.-110.1.0,r.-79.1.0/r.-110.1.0,r.-79.1.0/r.-110.1.0,r.-110.1.0/r.-79.1.0,r.-79.1.0/r.-110.1.0,r.-79.1.0/r.-110.1.0,r.-110.1.0/r.-79.1.0,r.-79.1.0/r.-110.1.0,r.-79.1.0/r.-110.1.0,r.-110.1.0/r.-79.1.0,r.-79.1.0/r.-110.1.0,r.-110.1.0/r.-79.1.0,r.-110.1.0/r.-79.1.0,r.-110.1.0/r.-79.1.0,r.-79.1.0/r.-110.1.0,r.-79.1.0/r.-110.1.0,r.-110.1.0/r.-79.1.0,r.-110.1.0/r.-79.1.0,r.-79.1.0/r.-110.1.0,r.-110.1.0/r.-79.1.0,r.-79.1.0/r.-110.1.0,r.-110.1.0/r.-79.1.0,r.-79.1.0/r.-110.1.0,r.-79.1.0/r.-110.1.0,r.-110.1.0/r.-79.1.0,r.-79.1.0/r.-110.1.0,r.-79.1.0/r.-110.1.0,r.-79.1.0/r.-110.1.0,r.-79.1.0/r.-110.1.0,r.-110.1.0/r.-79.1.0,r.-79.1.0/r.-110.1.0,r.-79.1.0/r.-110.1.0,r.-79.1.0/r.-110.1.0,,,,,,,,,,,,,,,,,,,,,,,,,,,,,,,,,,,,,,,,,,,,,,,,,,,,,,,,,,,,,,,,,,,,,,,,,,,,,,,,,,,,,,,,,,,,,,,,,,,,,,,,,,,,,,,,,,,,,,,,,,,,,,,,
628,r.-79.1.0/r.-110.1.0,r.-110.1.0/r.-79.1.0,r.-110.1.0/r.-79.1.0,r.-110.1.0/r.-79.1.0,r.-110.1.0/r.-79.1.0,r.-110.1.0/r.-79.1.0,r.-110.1.0/r.-79.1.0,r.-79.1.0/r.-110.1.0,r.-110.1.0/r.-79.1.0,r.-110.1.0/r.-79.1.0,r.-110.1.0/r.-79.1.0,r.-79.1.0/r.-110.1.0,r.-79.1.0/r.-110.1.0,r.-110.1.0/r.-79.1.0,r.-110.1.0/r.-79.1.0,r.-110.1.0/r.-79.1.0,r.-79.1.0/r.-110.1.0,r.-110.1.0/r.-79.1.0,r.-79.1.0/r.-110.1.0,r.-79.1.0/r.-110.1.0,r.-79.1.0/r.-110.1.0,r.-79.1.0/r.-110.1.0,r.-79.1.0/r.-110.1.0,r.-110.1.0/r.-79.1.0,r.-79.1.0/r.-110.1.0,r.-79.1.0/r.-110.1.0,r.-79.1.0/r.-110.1.0,r.-110.1.0/r.-79.1.0,r.-110.1.0/r.-79.1.0,r.-110.1.0/r.-79.1.0,r.-79.1.0/r.-110.1.0,r.-110.1.0/r.-79.1.0,r.-79.1.0/r.-110.1.0,r.-79.1.0/r.-110.1.0,r.-110.1.0/r.-79.1.0,r.-79.1.0/r.-110.1.0,r.-79.1.0/r.-110.1.0,r.-110.1.0/r.-79.1.0,r.-79.1.0/r.-110.1.0,r.-79.1.0/r.-110.1.0,r.-79.1.0/r.-110.1.0,r.-110.1.0/r.-79.1.0,r.-79.1.0/r.-110.1.0,r.-110.1.0/r.-79.1.0,r.-110.1.0/r.-79.1.0,r.-79.1.0/r.-110.1.0,r.-110.1.0/r.-79.1.0,r.-110.1.0/r.-79.1.0,r.-79.1.0/r.-110.1.0,r.-110.1.0/r.-79.1.0,r.-110.1.0/r.-79.1.0,r.-110.1.0/r.-79.1.0,r.-79.1.0/r.-110.1.0,r.-110.1.0/r.-79.1.0,r.-110.1.0/r.-79.1.0,r.-79.1.0/r.-110.1.0,r.-79.1.0/r.-110.1.0,r.-79.1.0/r.-110.1.0,r.-110.1.0/r.-79.1.0,r.-79.1.0/r.-110.1.0,r.-79.1.0/r.-110.1.0,r.-79.1.0/r.-110.1.0,r.-79.1.0/r.-110.1.0,r.-110.1.0/r.-79.1.0,r.-79.1.0/r.-110.1.0,r.-79.1.0/r.-110.1.0,r.-79.1.0/r.-110.1.0,r.-79.1.0/r.-110.1.0,r.-79.1.0/r.-110.1.0,r.-79.1.0/r.-110.1.0,r.-110.1.0/r.-79.1.0,r.-110.1.0/r.-79.1.0,r.-79.1.0/r.-110.1.0,r.-79.1.0/r.-110.1.0,r.-110.1.0/r.-79.1.0,r.-79.1.0/r.-110.1.0,r.-79.1.0/r.-110.1.0,r.-110.1.0/r.-79.1.0,r.-110.1.0/r.-79.1.0,r.-110.1.0/r.-79.1.0,r.-79.1.0/r.-110.1.0,r.-79.1.0/r.-110.1.0,r.-110.1.0/r.-79.1.0,r.-79.1.0/r.-110.1.0,r.-79.1.0/r.-110.1.0,r.-110.1.0/r.-79.1.0,r.-79.1.0/r.-110.1.0,r.-79.1.0/r.-110.1.0,r.-110.1.0/r.-79.1.0,r.-110.1.0/r.-79.1.0,r.-110.1.0/r.-79.1.0,r.-79.1.0/r.-110.1.0,r.-79.1.0/r.-110.1.0,r.-79.1.0/r.-110.1.0,,,,,,,,,,,,,,,,,,,,,,,,,,,,,,,,,,,,,,,,,,,,,,,,,,,,,,,,,,,,,,,,,,,,,,,,,,,,,,,,,,,,,,,,,,,,,,,,,,,,,,,,,,,,,,,,,,,,,,,,,,,,,,,,
629,r.-79.1.0/r.-110.1.0,r.-79.1.0/r.-110.1.0,r.-110.1.0/r.-79.1.0,r.-110.1.0/r.-79.1.0,r.-79.1.0/r.-110.1.0,r.-110.1.0/r.-79.1.0,r.-110.1.0/r.-79.1.0,r.-79.1.0/r.-110.1.0,r.-110.1.0/r.-79.1.0,r.-110.1.0/r.-79.1.0,r.-110.1.0/r.-79.1.0,r.-79.1.0/r.-110.1.0,r.-110.1.0/r.-79.1.0,r.-110.1.0/r.-79.1.0,r.-79.1.0/r.-110.1.0,r.-110.1.0/r.-79.1.0,r.-79.1.0/r.-110.1.0,r.-79.1.0/r.-110.1.0,r.-110.1.0/r.-79.1.0,r.-79.1.0/r.-110.1.0,r.-110.1.0/r.-79.1.0,r.-110.1.0/r.-79.1.0,r.-110.1.0/r.-79.1.0,r.-110.1.0/r.-79.1.0,r.-79.1.0/r.-110.1.0,r.-110.1.0/r.-79.1.0,r.-79.1.0/r.-110.1.0,r.-79.1.0/r.-110.1.0,r.-79.1.0/r.-110.1.0,r.-110.1.0/r.-79.1.0,r.-110.1.0/r.-79.1.0,r.-79.1.0/r.-110.1.0,r.-79.1.0/r.-110.1.0,r.-79.1.0/r.-110.1.0,r.-79.1.0/r.-110.1.0,r.-79.1.0/r.-110.1.0,r.-79.1.0/r.-110.1.0,r.-110.1.0/r.-79.1.0,r.-79.1.0/r.-110.1.0,r.-110.1.0/r.-79.1.0,r.-110.1.0/r.-79.1.0,r.-79.1.0/r.-110.1.0,r.-110.1.0/r.-79.1.0,r.-110.1.0/r.-79.1.0,r.-110.1.0/r.-79.1.0,r.-79.1.0/r.-110.1.0,r.-79.1.0/r.-110.1.0,r.-79.1.0/r.-110.1.0,r.-79.1.0/r.-110.1.0,r.-110.1.0/r.-79.1.0,r.-79.1.0/r.-110.1.0,r.-110.1.0/r.-79.1.0,r.-79.1.0/r.-110.1.0,r.-110.1.0/r.-79.1.0,r.-79.1.0/r.-110.1.0,r.-110.1.0/r.-79.1.0,r.-79.1.0/r.-110.1.0,r.-110.1.0/r.-79.1.0,r.-79.1.0/r.-110.1.0,r.-79.1.0/r.-110.1.0,r.-110.1.0/r.-79.1.0,r.-79.1.0/r.-110.1.0,r.-79.1.0/r.-110.1.0,r.-110.1.0/r.-79.1.0,r.-79.1.0/r.-110.1.0,r.-79.1.0/r.-110.1.0,r.-110.1.0/r.-79.1.0,r.-110.1.0/r.-79.1.0,r.-110.1.0/r.-79.1.0,r.-79.1.0/r.-110.1.0,r.-79.1.0/r.-110.1.0,r.-110.1.0/r.-79.1.0,r.-79.1.0/r.-110.1.0,r.-110.1.0/r.-79.1.0,r.-110.1.0/r.-79.1.0,r.-79.1.0/r.-110.1.0,r.-79.1.0/r.-110.1.0,r.-79.1.0/r.-110.1.0,r.-79.1.0/r.-110.1.0,r.-110.1.0/r.-79.1.0,r.-110.1.0/r.-79.1.0,r.-79.1.0/r.-110.1.0,r.-79.1.0/r.-110.1.0,r.-110.1.0/r.-79.1.0,r.-110.1.0/r.-79.1.0,r.-79.1.0/r.-110.1.0,r.-79.1.0/r.-110.1.0,r.-110.1.0/r.-79.1.0,r.-110.1.0/r.-79.1.0,r.-79.1.0/r.-110.1.0,r.-79.1.0/r.-110.1.0,r.-79.1.0/r.-110.1.0,r.-110.1.0/r.-79.1.0,r.-110.1.0/r.-79.1.0,,,,,,,,,,,,,,,,,,,,,,,,,,,,,,,,,,,,,,,,,,,,,,,,,,,,,,,,,,,,,,,,,,,,,,,,,,,,,,,,,,,,,,,,,,,,,,,,,,,,,,,,,,,,,,,,,,,,,,,,,,,,,,,,
630,r.-110.1.0/r.-79.1.0,r.-79.1.0/r.-110.1.0,r.-110.1.0/r.-79.1.0,r.-79.1.0/r.-110.1.0,r.-110.1.0/r.-79.1.0,r.-79.1.0/r.-110.1.0,r.-110.1.0/r.-79.1.0,r.-110.1.0/r.-79.1.0,r.-110.1.0/r.-79.1.0,r.-79.1.0/r.-110.1.0,r.-110.1.0/r.-79.1.0,r.-110.1.0/r.-79.1.0,r.-79.1.0/r.-110.1.0,r.-79.1.0/r.-110.1.0,r.-110.1.0/r.-79.1.0,r.-79.1.0/r.-110.1.0,r.-79.1.0/r.-110.1.0,r.-110.1.0/r.-79.1.0,r.-79.1.0/r.-110.1.0,r.-110.1.0/r.-79.1.0,r.-110.1.0/r.-79.1.0,r.-79.1.0/r.-110.1.0,r.-79.1.0/r.-110.1.0,r.-79.1.0/r.-110.1.0,r.-79.1.0/r.-110.1.0,r.-79.1.0/r.-110.1.0,r.-79.1.0/r.-110.1.0,r.-79.1.0/r.-110.1.0,r.-79.1.0/r.-110.1.0,r.-110.1.0/r.-79.1.0,r.-110.1.0/r.-79.1.0,r.-79.1.0/r.-110.1.0,r.-110.1.0/r.-79.1.0,r.-110.1.0/r.-79.1.0,r.-79.1.0/r.-110.1.0,r.-79.1.0/r.-110.1.0,r.-79.1.0/r.-110.1.0,r.-79.1.0/r.-110.1.0,r.-79.1.0/r.-110.1.0,r.-79.1.0/r.-110.1.0,r.-79.1.0/r.-110.1.0,r.-110.1.0/r.-79.1.0,r.-79.1.0/r.-110.1.0,r.-79.1.0/r.-110.1.0,r.-110.1.0/r.-79.1.0,r.-110.1.0/r.-79.1.0,r.-79.1.0/r.-110.1.0,r.-110.1.0/r.-79.1.0,r.-79.1.0/r.-110.1.0,r.-110.1.0/r.-79.1.0,r.-79.1.0/r.-110.1.0,r.-110.1.0/r.-79.1.0,r.-79.1.0/r.-110.1.0,r.-110.1.0/r.-79.1.0,r.-110.1.0/r.-79.1.0,r.-110.1.0/r.-79.1.0,r.-79.1.0/r.-110.1.0,r.-79.1.0/r.-110.1.0,r.-79.1.0/r.-110.1.0,r.-110.1.0/r.-79.1.0,r.-79.1.0/r.-110.1.0,r.-79.1.0/r.-110.1.0,r.-110.1.0/r.-79.1.0,r.-110.1.0/r.-79.1.0,r.-110.1.0/r.-79.1.0,r.-79.1.0/r.-110.1.0,r.-110.1.0/r.-79.1.0,r.-79.1.0/r.-110.1.0,r.-110.1.0/r.-79.1.0,r.-79.1.0/r.-110.1.0,r.-79.1.0/r.-110.1.0,r.-110.1.0/r.-79.1.0,r.-79.1.0/r.-110.1.0,r.-79.1.0/r.-110.1.0,r.-79.1.0/r.-110.1.0,r.-110.1.0/r.-79.1.0,r.-79.1.0/r.-110.1.0,r.-79.1.0/r.-110.1.0,r.-79.1.0/r.-110.1.0,r.-110.1.0/r.-79.1.0,r.-79.1.0/r.-110.1.0,r.-79.1.0/r.-110.1.0,r.-79.1.0/r.-110.1.0,r.-79.1.0/r.-110.1.0,r.-79.1.0/r.-110.1.0,r.-110.1.0/r.-79.1.0,r.-79.1.0/r.-110.1.0,r.-110.1.0/r.-79.1.0,r.-79.1.0/r.-110.1.0,r.-79.1.0/r.-110.1.0,r.-110.1.0/r.-79.1.0,r.-79.1.0/r.-110.1.0,r.-79.1.0/r.-110.1.0,r.-110.1.0/r.-79.1.0,,,,,,,,,,,,,,,,,,,,,,,,,,,,,,,,,,,,,,,,,,,,,,,,,,,,,,,,,,,,,,,,,,,,,,,,,,,,,,,,,,,,,,,,,,,,,,,,,,,,,,,,,,,,,,,,,,,,,,,,,,,,,,,,
631,r.-79.1.0/r.-110.1.0,r.-79.1.0/r.-110.1.0,r.-79.1.0/r.-110.1.0,r.-110.1.0/r.-79.1.0,r.-79.1.0/r.-110.1.0,r.-110.1.0/r.-79.1.0,r.-79.1.0/r.-110.1.0,r.-110.1.0/r.-79.1.0,r.-79.1.0/r.-110.1.0,r.-79.1.0/r.-110.1.0,r.-110.1.0/r.-79.1.0,r.-79.1.0/r.-110.1.0,r.-110.1.0/r.-79.1.0,r.-79.1.0/r.-110.1.0,r.-110.1.0/r.-79.1.0,r.-79.1.0/r.-110.1.0,r.-79.1.0/r.-110.1.0,r.-110.1.0/r.-79.1.0,r.-110.1.0/r.-79.1.0,r.-110.1.0/r.-79.1.0,r.-110.1.0/r.-79.1.0,r.-79.1.0/r.-110.1.0,r.-110.1.0/r.-79.1.0,r.-110.1.0/r.-79.1.0,r.-79.1.0/r.-110.1.0,r.-79.1.0/r.-110.1.0,r.-79.1.0/r.-110.1.0,r.-110.1.0/r.-79.1.0,r.-79.1.0/r.-110.1.0,r.-110.1.0/r.-79.1.0,r.-79.1.0/r.-110.1.0,r.-110.1.0/r.-79.1.0,r.-79.1.0/r.-110.1.0,r.-110.1.0/r.-79.1.0,r.-110.1.0/r.-79.1.0,r.-79.1.0/r.-110.1.0,r.-79.1.0/r.-110.1.0,r.-110.1.0/r.-79.1.0,r.-79.1.0/r.-110.1.0,r.-79.1.0/r.-110.1.0,r.-110.1.0/r.-79.1.0,r.-79.1.0/r.-110.1.0,r.-79.1.0/r.-110.1.0,r.-79.1.0/r.-110.1.0,r.-79.1.0/r.-110.1.0,r.-79.1.0/r.-110.1.0,r.-79.1.0/r.-110.1.0,r.-110.1.0/r.-79.1.0,r.-79.1.0/r.-110.1.0,r.-79.1.0/r.-110.1.0,r.-110.1.0/r.-79.1.0,r.-110.1.0/r.-79.1.0,r.-79.1.0/r.-110.1.0,r.-79.1.0/r.-110.1.0,r.-79.1.0/r.-110.1.0,r.-79.1.0/r.-110.1.0,r.-79.1.0/r.-110.1.0,r.-110.1.0/r.-79.1.0,r.-79.1.0/r.-110.1.0,r.-79.1.0/r.-110.1.0,r.-79.1.0/r.-110.1.0,r.-79.1.0/r.-110.1.0,r.-110.1.0/r.-79.1.0,r.-79.1.0/r.-110.1.0,r.-110.1.0/r.-79.1.0,r.-79.1.0/r.-110.1.0,r.-79.1.0/r.-110.1.0,r.-110.1.0/r.-79.1.0,r.-79.1.0/r.-110.1.0,r.-110.1.0/r.-79.1.0,r.-79.1.0/r.-110.1.0,r.-79.1.0/r.-110.1.0,r.-110.1.0/r.-79.1.0,r.-110.1.0/r.-79.1.0,r.-110.1.0/r.-79.1.0,r.-110.1.0/r.-79.1.0,r.-110.1.0/r.-79.1.0,r.-79.1.0/r.-110.1.0,r.-110.1.0/r.-79.1.0,r.-79.1.0/r.-110.1.0,r.-110.1.0/r.-79.1.0,r.-110.1.0/r.-79.1.0,r.-110.1.0/r.-79.1.0,r.-79.1.0/r.-110.1.0,r.-110.1.0/r.-79.1.0,r.-79.1.0/r.-110.1.0,r.-79.1.0/r.-110.1.0,r.-79.1.0/r.-110.1.0,r.-79.1.0/r.-110.1.0,r.-110.1.0/r.-79.1.0,r.-110.1.0/r.-79.1.0,r.-110.1.0/r.-79.1.0,r.-110.1.0/r.-79.1.0,r.-110.1.0/r.-79.1.0,,,,,,,,,,,,,,,,,,,,,,,,,,,,,,,,,,,,,,,,,,,,,,,,,,,,,,,,,,,,,,,,,,,,,,,,,,,,,,,,,,,,,,,,,,,,,,,,,,,,,,,,,,,,,,,,,,,,,,,,,,,,,,,,
632,r.-110.1.0/r.-79.1.0,r.-110.1.0/r.-79.1.0,r.-79.1.0/r.-110.1.0,r.-79.1.0/r.-110.1.0,r.-79.1.0/r.-110.1.0,r.-110.1.0/r.-79.1.0,r.-110.1.0/r.-79.1.0,r.-79.1.0/r.-110.1.0,r.-79.1.0/r.-110.1.0,r.-110.1.0/r.-79.1.0,r.-110.1.0/r.-79.1.0,r.-79.1.0/r.-110.1.0,r.-79.1.0/r.-110.1.0,r.-79.1.0/r.-110.1.0,r.-110.1.0/r.-79.1.0,r.-110.1.0/r.-79.1.0,r.-110.1.0/r.-79.1.0,r.-110.1.0/r.-79.1.0,r.-79.1.0/r.-110.1.0,r.-79.1.0/r.-110.1.0,r.-79.1.0/r.-110.1.0,r.-79.1.0/r.-110.1.0,r.-110.1.0/r.-79.1.0,r.-110.1.0/r.-79.1.0,r.-79.1.0/r.-110.1.0,r.-79.1.0/r.-110.1.0,r.-110.1.0/r.-79.1.0,r.-79.1.0/r.-110.1.0,r.-79.1.0/r.-110.1.0,r.-110.1.0/r.-79.1.0,r.-110.1.0/r.-79.1.0,r.-79.1.0/r.-110.1.0,r.-79.1.0/r.-110.1.0,r.-79.1.0/r.-110.1.0,r.-79.1.0/r.-110.1.0,r.-79.1.0/r.-110.1.0,r.-79.1.0/r.-110.1.0,r.-79.1.0/r.-110.1.0,r.-79.1.0/r.-110.1.0,r.-110.1.0/r.-79.1.0,r.-79.1.0/r.-110.1.0,r.-79.1.0/r.-110.1.0,r.-79.1.0/r.-110.1.0,r.-79.1.0/r.-110.1.0,r.-79.1.0/r.-110.1.0,r.-110.1.0/r.-79.1.0,r.-79.1.0/r.-110.1.0,r.-110.1.0/r.-79.1.0,r.-110.1.0/r.-79.1.0,r.-79.1.0/r.-110.1.0,r.-79.1.0/r.-110.1.0,r.-79.1.0/r.-110.1.0,r.-79.1.0/r.-110.1.0,r.-110.1.0/r.-79.1.0,r.-79.1.0/r.-110.1.0,r.-79.1.0/r.-110.1.0,r.-110.1.0/r.-79.1.0,r.-79.1.0/r.-110.1.0,r.-79.1.0/r.-110.1.0,r.-110.1.0/r.-79.1.0,r.-79.1.0/r.-110.1.0,r.-110.1.0/r.-79.1.0,r.-79.1.0/r.-110.1.0,r.-110.1.0/r.-79.1.0,r.-79.1.0/r.-110.1.0,r.-110.1.0/r.-79.1.0,r.-110.1.0/r.-79.1.0,r.-110.1.0/r.-79.1.0,r.-110.1.0/r.-79.1.0,r.-79.1.0/r.-110.1.0,r.-79.1.0/r.-110.1.0,r.-79.1.0/r.-110.1.0,r.-110.1.0/r.-79.1.0,r.-110.1.0/r.-79.1.0,r.-110.1.0/r.-79.1.0,r.-79.1.0/r.-110.1.0,r.-79.1.0/r.-110.1.0,r.-110.1.0/r.-79.1.0,r.-79.1.0/r.-110.1.0,r.-79.1.0/r.-110.1.0,r.-79.1.0/r.-110.1.0,r.-110.1.0/r.-79.1.0,r.-110.1.0/r.-79.1.0,r.-79.1.0/r.-110.1.0,r.-110.1.0/r.-79.1.0,r.-110.1.0/r.-79.1.0,r.-79.1.0/r.-110.1.0,r.-79.1.0/r.-110.1.0,r.-110.1.0/r.-79.1.0,r.-110.1.0/r.-79.1.0,r.-110.1.0/r.-79.1.0,r.-79.1.0/r.-110.1.0,r.-79.1.0/r.-110.1.0,r.-79.1.0/r.-110.1.0,,,,,,,,,,,,,,,,,,,,,,,,,,,,,,,,,,,,,,,,,,,,,,,,,,,,,,,,,,,,,,,,,,,,,,,,,,,,,,,,,,,,,,,,,,,,,,,,,,,,,,,,,,,,,,,,,,,,,,,,,,,,,,,,
633,r.-79.1.0/r.-110.1.0,r.-79.1.0/r.-110.1.0,r.-79.1.0/r.-110.1.0,r.-79.1.0/r.-110.1.0,r.-79.1.0/r.-110.1.0,r.-79.1.0/r.-110.1.0,r.-110.1.0/r.-79.1.0,r.-79.1.0/r.-110.1.0,r.-79.1.0/r.-110.1.0,r.-110.1.0/r.-79.1.0,r.-79.1.0/r.-110.1.0,r.-110.1.0/r.-79.1.0,r.-79.1.0/r.-110.1.0,r.-79.1.0/r.-110.1.0,r.-110.1.0/r.-79.1.0,r.-79.1.0/r.-110.1.0,r.-79.1.0/r.-110.1.0,r.-110.1.0/r.-79.1.0,r.-110.1.0/r.-79.1.0,r.-79.1.0/r.-110.1.0,r.-79.1.0/r.-110.1.0,r.-79.1.0/r.-110.1.0,r.-110.1.0/r.-79.1.0,r.-79.1.0/r.-110.1.0,r.-110.1.0/r.-79.1.0,r.-110.1.0/r.-79.1.0,r.-79.1.0/r.-110.1.0,r.-110.1.0/r.-79.1.0,r.-110.1.0/r.-79.1.0,r.-110.1.0/r.-79.1.0,r.-79.1.0/r.-110.1.0,r.-110.1.0/r.-79.1.0,r.-110.1.0/r.-79.1.0,r.-110.1.0/r.-79.1.0,r.-110.1.0/r.-79.1.0,r.-110.1.0/r.-79.1.0,r.-110.1.0/r.-79.1.0,r.-79.1.0/r.-110.1.0,r.-79.1.0/r.-110.1.0,r.-110.1.0/r.-79.1.0,r.-110.1.0/r.-79.1.0,r.-110.1.0/r.-79.1.0,r.-79.1.0/r.-110.1.0,r.-110.1.0/r.-79.1.0,r.-79.1.0/r.-110.1.0,r.-79.1.0/r.-110.1.0,r.-79.1.0/r.-110.1.0,r.-79.1.0/r.-110.1.0,r.-79.1.0/r.-110.1.0,r.-110.1.0/r.-79.1.0,r.-79.1.0/r.-110.1.0,r.-79.1.0/r.-110.1.0,r.-110.1.0/r.-79.1.0,r.-110.1.0/r.-79.1.0,r.-110.1.0/r.-79.1.0,r.-79.1.0/r.-110.1.0,r.-79.1.0/r.-110.1.0,r.-79.1.0/r.-110.1.0,r.-79.1.0/r.-110.1.0,r.-79.1.0/r.-110.1.0,r.-79.1.0/r.-110.1.0,r.-79.1.0/r.-110.1.0,r.-110.1.0/r.-79.1.0,r.-110.1.0/r.-79.1.0,r.-79.1.0/r.-110.1.0,r.-79.1.0/r.-110.1.0,r.-79.1.0/r.-110.1.0,r.-110.1.0/r.-79.1.0,r.-110.1.0/r.-79.1.0,r.-110.1.0/r.-79.1.0,r.-79.1.0/r.-110.1.0,r.-110.1.0/r.-79.1.0,r.-79.1.0/r.-110.1.0,r.-79.1.0/r.-110.1.0,r.-110.1.0/r.-79.1.0,r.-110.1.0/r.-79.1.0,r.-110.1.0/r.-79.1.0,r.-110.1.0/r.-79.1.0,r.-79.1.0/r.-110.1.0,r.-79.1.0/r.-110.1.0,r.-110.1.0/r.-79.1.0,r.-110.1.0/r.-79.1.0,r.-110.1.0/r.-79.1.0,r.-110.1.0/r.-79.1.0,r.-110.1.0/r.-79.1.0,r.-79.1.0/r.-110.1.0,r.-79.1.0/r.-110.1.0,r.-110.1.0/r.-79.1.0,r.-110.1.0/r.-79.1.0,r.-110.1.0/r.-79.1.0,r.-79.1.0/r.-110.1.0,r.-110.1.0/r.-79.1.0,r.-79.1.0/r.-110.1.0,r.-79.1.0/r.-110.1.0,,,,,,,,,,,,,,,,,,,,,,,,,,,,,,,,,,,,,,,,,,,,,,,,,,,,,,,,,,,,,,,,,,,,,,,,,,,,,,,,,,,,,,,,,,,,,,,,,,,,,,,,,,,,,,,,,,,,,,,,,,,,,,,,
634,r.-79.1.0/r.-110.1.0,r.-79.1.0/r.-110.1.0,r.-79.1.0/r.-110.1.0,r.-79.1.0/r.-110.1.0,r.-79.1.0/r.-110.1.0,r.-79.1.0/r.-110.1.0,r.-79.1.0/r.-110.1.0,r.-110.1.0/r.-79.1.0,r.-110.1.0/r.-79.1.0,r.-79.1.0/r.-110.1.0,r.-79.1.0/r.-110.1.0,r.-110.1.0/r.-79.1.0,r.-79.1.0/r.-110.1.0,r.-79.1.0/r.-110.1.0,r.-79.1.0/r.-110.1.0,r.-110.1.0/r.-79.1.0,r.-79.1.0/r.-110.1.0,r.-79.1.0/r.-110.1.0,r.-110.1.0/r.-79.1.0,r.-110.1.0/r.-79.1.0,r.-79.1.0/r.-110.1.0,r.-79.1.0/r.-110.1.0,r.-110.1.0/r.-79.1.0,r.-79.1.0/r.-110.1.0,r.-110.1.0/r.-79.1.0,r.-110.1.0/r.-79.1.0,r.-79.1.0/r.-110.1.0,r.-110.1.0/r.-79.1.0,r.-110.1.0/r.-79.1.0,r.-110.1.0/r.-79.1.0,r.-110.1.0/r.-79.1.0,r.-110.1.0/r.-79.1.0,r.-79.1.0/r.-110.1.0,r.-79.1.0/r.-110.1.0,r.-110.1.0/r.-79.1.0,r.-110.1.0/r.-79.1.0,r.-110.1.0/r.-79.1.0,r.-79.1.0/r.-110.1.0,r.-110.1.0/r.-79.1.0,r.-110.1.0/r.-79.1.0,r.-79.1.0/r.-110.1.0,r.-110.1.0/r.-79.1.0,r.-79.1.0/r.-110.1.0,r.-79.1.0/r.-110.1.0,r.-110.1.0/r.-79.1.0,r.-79.1.0/r.-110.1.0,r.-110.1.0/r.-79.1.0,r.-110.1.0/r.-79.1.0,r.-79.1.0/r.-110.1.0,r.-110.1.0/r.-79.1.0,r.-110.1.0/r.-79.1.0,r.-79.1.0/r.-110.1.0,r.-110.1.0/r.-79.1.0,r.-79.1.0/r.-110.1.0,r.-79.1.0/r.-110.1.0,r.-110.1.0/r.-79.1.0,r.-110.1.0/r.-79.1.0,r.-79.1.0/r.-110.1.0,r.-110.1.0/r.-79.1.0,r.-79.1.0/r.-110.1.0,r.-79.1.0/r.-110.1.0,r.-110.1.0/r.-79.1.0,r.-110.1.0/r.-79.1.0,r.-110.1.0/r.-79.1.0,r.-79.1.0/r.-110.1.0,r.-79.1.0/r.-110.1.0,r.-79.1.0/r.-110.1.0,r.-110.1.0/r.-79.1.0,r.-79.1.0/r.-110.1.0,r.-110.1.0/r.-79.1.0,r.-110.1.0/r.-79.1.0,r.-110.1.0/r.-79.1.0,r.-110.1.0/r.-79.1.0,r.-79.1.0/r.-110.1.0,r.-79.1.0/r.-110.1.0,r.-79.1.0/r.-110.1.0,r.-79.1.0/r.-110.1.0,r.-79.1.0/r.-110.1.0,r.-110.1.0/r.-79.1.0,r.-110.1.0/r.-79.1.0,r.-110.1.0/r.-79.1.0,r.-79.1.0/r.-110.1.0,r.-110.1.0/r.-79.1.0,r.-110.1.0/r.-79.1.0,r.-110.1.0/r.-79.1.0,r.-110.1.0/r.-79.1.0,r.-110.1.0/r.-79.1.0,r.-110.1.0/r.-79.1.0,r.-110.1.0/r.-79.1.0,r.-79.1.0/r.-110.1.0,r.-79.1.0/r.-110.1.0,r.-79.1.0/r.-110.1.0,r.-79.1.0/r.-110.1.0,r.-110.1.0/r.-79.1.0,,,,,,,,,,,,,,,,,,,,,,,,,,,,,,,,,,,,,,,,,,,,,,,,,,,,,,,,,,,,,,,,,,,,,,,,,,,,,,,,,,,,,,,,,,,,,,,,,,,,,,,,,,,,,,,,,,,,,,,,,,,,,,,,
635,r.-79.1.0/r.-110.1.0,r.-79.1.0/r.-110.1.0,r.-79.1.0/r.-110.1.0,r.-110.1.0/r.-79.1.0,r.-79.1.0/r.-110.1.0,r.-79.1.0/r.-110.1.0,r.-79.1.0/r.-110.1.0,r.-79.1.0/r.-110.1.0,r.-110.1.0/r.-79.1.0,r.-79.1.0/r.-110.1.0,r.-110.1.0/r.-79.1.0,r.-79.1.0/r.-110.1.0,r.-110.1.0/r.-79.1.0,r.-110.1.0/r.-79.1.0,r.-110.1.0/r.-79.1.0,r.-110.1.0/r.-79.1.0,r.-110.1.0/r.-79.1.0,r.-79.1.0/r.-110.1.0,r.-110.1.0/r.-79.1.0,r.-110.1.0/r.-79.1.0,r.-79.1.0/r.-110.1.0,r.-110.1.0/r.-79.1.0,r.-79.1.0/r.-110.1.0,r.-79.1.0/r.-110.1.0,r.-110.1.0/r.-79.1.0,r.-79.1.0/r.-110.1.0,r.-79.1.0/r.-110.1.0,r.-110.1.0/r.-79.1.0,r.-110.1.0/r.-79.1.0,r.-79.1.0/r.-110.1.0,r.-110.1.0/r.-79.1.0,r.-110.1.0/r.-79.1.0,r.-110.1.0/r.-79.1.0,r.-110.1.0/r.-79.1.0,r.-79.1.0/r.-110.1.0,r.-79.1.0/r.-110.1.0,r.-110.1.0/r.-79.1.0,r.-79.1.0/r.-110.1.0,r.-79.1.0/r.-110.1.0,r.-79.1.0/r.-110.1.0,r.-110.1.0/r.-79.1.0,r.-110.1.0/r.-79.1.0,r.-79.1.0/r.-110.1.0,r.-110.1.0/r.-79.1.0,r.-110.1.0/r.-79.1.0,r.-79.1.0/r.-110.1.0,r.-79.1.0/r.-110.1.0,r.-79.1.0/r.-110.1.0,r.-79.1.0/r.-110.1.0,r.-79.1.0/r.-110.1.0,r.-79.1.0/r.-110.1.0,r.-110.1.0/r.-79.1.0,r.-79.1.0/r.-110.1.0,r.-79.1.0/r.-110.1.0,r.-79.1.0/r.-110.1.0,r.-79.1.0/r.-110.1.0,r.-79.1.0/r.-110.1.0,r.-110.1.0/r.-79.1.0,r.-79.1.0/r.-110.1.0,r.-79.1.0/r.-110.1.0,r.-79.1.0/r.-110.1.0,r.-110.1.0/r.-79.1.0,r.-79.1.0/r.-110.1.0,r.-110.1.0/r.-79.1.0,r.-110.1.0/r.-79.1.0,r.-110.1.0/r.-79.1.0,r.-79.1.0/r.-110.1.0,r.-79.1.0/r.-110.1.0,r.-110.1.0/r.-79.1.0,r.-110.1.0/r.-79.1.0,r.-110.1.0/r.-79.1.0,r.-110.1.0/r.-79.1.0,r.-110.1.0/r.-79.1.0,r.-79.1.0/r.-110.1.0,r.-110.1.0/r.-79.1.0,r.-110.1.0/r.-79.1.0,r.-110.1.0/r.-79.1.0,r.-79.1.0/r.-110.1.0,r.-110.1.0/r.-79.1.0,r.-110.1.0/r.-79.1.0,r.-79.1.0/r.-110.1.0,r.-110.1.0/r.-79.1.0,r.-79.1.0/r.-110.1.0,r.-110.1.0/r.-79.1.0,r.-79.1.0/r.-110.1.0,r.-79.1.0/r.-110.1.0,r.-79.1.0/r.-110.1.0,r.-79.1.0/r.-110.1.0,r.-79.1.0/r.-110.1.0,r.-110.1.0/r.-79.1.0,r.-110.1.0/r.-79.1.0,r.-79.1.0/r.-110.1.0,r.-79.1.0/r.-110.1.0,r.-110.1.0/r.-79.1.0,,,,,,,,,,,,,,,,,,,,,,,,,,,,,,,,,,,,,,,,,,,,,,,,,,,,,,,,,,,,,,,,,,,,,,,,,,,,,,,,,,,,,,,,,,,,,,,,,,,,,,,,,,,,,,,,,,,,,,,,,,,,,,,,
636,r.-79.1.0/r.-110.1.0,r.-110.1.0/r.-79.1.0,r.-110.1.0/r.-79.1.0,r.-79.1.0/r.-110.1.0,r.-79.1.0/r.-110.1.0,r.-79.1.0/r.-110.1.0,r.-110.1.0/r.-79.1.0,r.-110.1.0/r.-79.1.0,r.-79.1.0/r.-110.1.0,r.-110.1.0/r.-79.1.0,r.-79.1.0/r.-110.1.0,r.-79.1.0/r.-110.1.0,r.-110.1.0/r.-79.1.0,r.-79.1.0/r.-110.1.0,r.-79.1.0/r.-110.1.0,r.-79.1.0/r.-110.1.0,r.-79.1.0/r.-110.1.0,r.-110.1.0/r.-79.1.0,r.-110.1.0/r.-79.1.0,r.-79.1.0/r.-110.1.0,r.-79.1.0/r.-110.1.0,r.-79.1.0/r.-110.1.0,r.-79.1.0/r.-110.1.0,r.-110.1.0/r.-79.1.0,r.-79.1.0/r.-110.1.0,r.-79.1.0/r.-110.1.0,r.-79.1.0/r.-110.1.0,r.-110.1.0/r.-79.1.0,r.-79.1.0/r.-110.1.0,r.-79.1.0/r.-110.1.0,r.-110.1.0/r.-79.1.0,r.-110.1.0/r.-79.1.0,r.-110.1.0/r.-79.1.0,r.-79.1.0/r.-110.1.0,r.-79.1.0/r.-110.1.0,r.-110.1.0/r.-79.1.0,r.-79.1.0/r.-110.1.0,r.-110.1.0/r.-79.1.0,r.-110.1.0/r.-79.1.0,r.-110.1.0/r.-79.1.0,r.-79.1.0/r.-110.1.0,r.-79.1.0/r.-110.1.0,r.-79.1.0/r.-110.1.0,r.-110.1.0/r.-79.1.0,r.-79.1.0/r.-110.1.0,r.-110.1.0/r.-79.1.0,r.-110.1.0/r.-79.1.0,r.-79.1.0/r.-110.1.0,r.-79.1.0/r.-110.1.0,r.-110.1.0/r.-79.1.0,r.-79.1.0/r.-110.1.0,r.-110.1.0/r.-79.1.0,r.-110.1.0/r.-79.1.0,r.-110.1.0/r.-79.1.0,r.-110.1.0/r.-79.1.0,r.-79.1.0/r.-110.1.0,r.-110.1.0/r.-79.1.0,r.-79.1.0/r.-110.1.0,r.-79.1.0/r.-110.1.0,r.-79.1.0/r.-110.1.0,r.-110.1.0/r.-79.1.0,r.-79.1.0/r.-110.1.0,r.-79.1.0/r.-110.1.0,r.-110.1.0/r.-79.1.0,r.-79.1.0/r.-110.1.0,r.-79.1.0/r.-110.1.0,r.-79.1.0/r.-110.1.0,r.-110.1.0/r.-79.1.0,r.-79.1.0/r.-110.1.0,r.-110.1.0/r.-79.1.0,r.-110.1.0/r.-79.1.0,r.-79.1.0/r.-110.1.0,r.-110.1.0/r.-79.1.0,r.-79.1.0/r.-110.1.0,r.-79.1.0/r.-110.1.0,r.-110.1.0/r.-79.1.0,r.-110.1.0/r.-79.1.0,r.-110.1.0/r.-79.1.0,r.-79.1.0/r.-110.1.0,r.-110.1.0/r.-79.1.0,r.-110.1.0/r.-79.1.0,r.-110.1.0/r.-79.1.0,r.-79.1.0/r.-110.1.0,r.-110.1.0/r.-79.1.0,r.-110.1.0/r.-79.1.0,r.-79.1.0/r.-110.1.0,r.-110.1.0/r.-79.1.0,r.-79.1.0/r.-110.1.0,r.-79.1.0/r.-110.1.0,r.-79.1.0/r.-110.1.0,r.-110.1.0/r.-79.1.0,r.-110.1.0/r.-79.1.0,r.-79.1.0/r.-110.1.0,r.-79.1.0/r.-110.1.0,,,,,,,,,,,,,,,,,,,,,,,,,,,,,,,,,,,,,,,,,,,,,,,,,,,,,,,,,,,,,,,,,,,,,,,,,,,,,,,,,,,,,,,,,,,,,,,,,,,,,,,,,,,,,,,,,,,,,,,,,,,,,,,,
637,r.-79.1.0/r.-110.1.0,r.-79.1.0/r.-110.1.0,r.-110.1.0/r.-79.1.0,r.-79.1.0/r.-110.1.0,r.-110.1.0/r.-79.1.0,r.-110.1.0/r.-79.1.0,r.-79.1.0/r.-110.1.0,r.-110.1.0/r.-79.1.0,r.-110.1.0/r.-79.1.0,r.-79.1.0/r.-110.1.0,r.-79.1.0/r.-110.1.0,r.-79.1.0/r.-110.1.0,r.-79.1.0/r.-110.1.0,r.-79.1.0/r.-110.1.0,r.-110.1.0/r.-79.1.0,r.-110.1.0/r.-79.1.0,r.-110.1.0/r.-79.1.0,r.-79.1.0/r.-110.1.0,r.-79.1.0/r.-110.1.0,r.-79.1.0/r.-110.1.0,r.-79.1.0/r.-110.1.0,r.-79.1.0/r.-110.1.0,r.-79.1.0/r.-110.1.0,r.-110.1.0/r.-79.1.0,r.-79.1.0/r.-110.1.0,r.-110.1.0/r.-79.1.0,r.-110.1.0/r.-79.1.0,r.-110.1.0/r.-79.1.0,r.-79.1.0/r.-110.1.0,r.-110.1.0/r.-79.1.0,r.-110.1.0/r.-79.1.0,r.-79.1.0/r.-110.1.0,r.-79.1.0/r.-110.1.0,r.-110.1.0/r.-79.1.0,r.-110.1.0/r.-79.1.0,r.-110.1.0/r.-79.1.0,r.-79.1.0/r.-110.1.0,r.-110.1.0/r.-79.1.0,r.-110.1.0/r.-79.1.0,r.-79.1.0/r.-110.1.0,r.-79.1.0/r.-110.1.0,r.-79.1.0/r.-110.1.0,r.-110.1.0/r.-79.1.0,r.-79.1.0/r.-110.1.0,r.-110.1.0/r.-79.1.0,r.-79.1.0/r.-110.1.0,r.-110.1.0/r.-79.1.0,r.-110.1.0/r.-79.1.0,r.-79.1.0/r.-110.1.0,r.-110.1.0/r.-79.1.0,r.-110.1.0/r.-79.1.0,r.-110.1.0/r.-79.1.0,r.-79.1.0/r.-110.1.0,r.-79.1.0/r.-110.1.0,r.-79.1.0/r.-110.1.0,r.-110.1.0/r.-79.1.0,r.-110.1.0/r.-79.1.0,r.-110.1.0/r.-79.1.0,r.-79.1.0/r.-110.1.0,r.-79.1.0/r.-110.1.0,r.-110.1.0/r.-79.1.0,r.-79.1.0/r.-110.1.0,r.-110.1.0/r.-79.1.0,r.-110.1.0/r.-79.1.0,r.-110.1.0/r.-79.1.0,r.-110.1.0/r.-79.1.0,r.-79.1.0/r.-110.1.0,r.-110.1.0/r.-79.1.0,r.-110.1.0/r.-79.1.0,r.-110.1.0/r.-79.1.0,r.-110.1.0/r.-79.1.0,r.-110.1.0/r.-79.1.0,r.-110.1.0/r.-79.1.0,r.-79.1.0/r.-110.1.0,r.-110.1.0/r.-79.1.0,r.-110.1.0/r.-79.1.0,r.-110.1.0/r.-79.1.0,r.-79.1.0/r.-110.1.0,r.-79.1.0/r.-110.1.0,r.-110.1.0/r.-79.1.0,r.-110.1.0/r.-79.1.0,r.-110.1.0/r.-79.1.0,r.-110.1.0/r.-79.1.0,r.-110.1.0/r.-79.1.0,r.-79.1.0/r.-110.1.0,r.-79.1.0/r.-110.1.0,r.-110.1.0/r.-79.1.0,r.-79.1.0/r.-110.1.0,r.-79.1.0/r.-110.1.0,r.-79.1.0/r.-110.1.0,r.-110.1.0/r.-79.1.0,r.-79.1.0/r.-110.1.0,r.-79.1.0/r.-110.1.0,r.-110.1.0/r.-79.1.0,,,,,,,,,,,,,,,,,,,,,,,,,,,,,,,,,,,,,,,,,,,,,,,,,,,,,,,,,,,,,,,,,,,,,,,,,,,,,,,,,,,,,,,,,,,,,,,,,,,,,,,,,,,,,,,,,,,,,,,,,,,,,,,,
638,r.-79.1.0/r.-110.1.0,r.-110.1.0/r.-79.1.0,r.-79.1.0/r.-110.1.0,r.-79.1.0/r.-110.1.0,r.-79.1.0/r.-110.1.0,r.-79.1.0/r.-110.1.0,r.-110.1.0/r.-79.1.0,r.-110.1.0/r.-79.1.0,r.-79.1.0/r.-110.1.0,r.-110.1.0/r.-79.1.0,r.-110.1.0/r.-79.1.0,r.-110.1.0/r.-79.1.0,r.-110.1.0/r.-79.1.0,r.-79.1.0/r.-110.1.0,r.-110.1.0/r.-79.1.0,r.-110.1.0/r.-79.1.0,r.-110.1.0/r.-79.1.0,r.-79.1.0/r.-110.1.0,r.-79.1.0/r.-110.1.0,r.-79.1.0/r.-110.1.0,r.-110.1.0/r.-79.1.0,r.-110.1.0/r.-79.1.0,r.-110.1.0/r.-79.1.0,r.-110.1.0/r.-79.1.0,r.-79.1.0/r.-110.1.0,r.-110.1.0/r.-79.1.0,r.-79.1.0/r.-110.1.0,r.-110.1.0/r.-79.1.0,r.-79.1.0/r.-110.1.0,r.-79.1.0/r.-110.1.0,r.-110.1.0/r.-79.1.0,r.-79.1.0/r.-110.1.0,r.-110.1.0/r.-79.1.0,r.-79.1.0/r.-110.1.0,r.-110.1.0/r.-79.1.0,r.-79.1.0/r.-110.1.0,r.-79.1.0/r.-110.1.0,r.-79.1.0/r.-110.1.0,r.-79.1.0/r.-110.1.0,r.-79.1.0/r.-110.1.0,r.-110.1.0/r.-79.1.0,r.-79.1.0/r.-110.1.0,r.-79.1.0/r.-110.1.0,r.-79.1.0/r.-110.1.0,r.-79.1.0/r.-110.1.0,r.-110.1.0/r.-79.1.0,r.-79.1.0/r.-110.1.0,r.-110.1.0/r.-79.1.0,r.-110.1.0/r.-79.1.0,r.-79.1.0/r.-110.1.0,r.-110.1.0/r.-79.1.0,r.-110.1.0/r.-79.1.0,r.-79.1.0/r.-110.1.0,r.-110.1.0/r.-79.1.0,r.-110.1.0/r.-79.1.0,r.-79.1.0/r.-110.1.0,r.-79.1.0/r.-110.1.0,r.-79.1.0/r.-110.1.0,r.-110.1.0/r.-79.1.0,r.-79.1.0/r.-110.1.0,r.-79.1.0/r.-110.1.0,r.-79.1.0/r.-110.1.0,r.-110.1.0/r.-79.1.0,r.-110.1.0/r.-79.1.0,r.-79.1.0/r.-110.1.0,r.-79.1.0/r.-110.1.0,r.-110.1.0/r.-79.1.0,r.-110.1.0/r.-79.1.0,r.-79.1.0/r.-110.1.0,r.-79.1.0/r.-110.1.0,r.-79.1.0/r.-110.1.0,r.-110.1.0/r.-79.1.0,r.-110.1.0/r.-79.1.0,r.-79.1.0/r.-110.1.0,r.-110.1.0/r.-79.1.0,r.-110.1.0/r.-79.1.0,r.-79.1.0/r.-110.1.0,r.-79.1.0/r.-110.1.0,r.-110.1.0/r.-79.1.0,r.-110.1.0/r.-79.1.0,r.-79.1.0/r.-110.1.0,r.-110.1.0/r.-79.1.0,r.-79.1.0/r.-110.1.0,r.-79.1.0/r.-110.1.0,r.-79.1.0/r.-110.1.0,r.-110.1.0/r.-79.1.0,r.-79.1.0/r.-110.1.0,r.-79.1.0/r.-110.1.0,r.-110.1.0/r.-79.1.0,r.-110.1.0/r.-79.1.0,r.-79.1.0/r.-110.1.0,r.-79.1.0/r.-110.1.0,r.-79.1.0/r.-110.1.0,r.-110.1.0/r.-79.1.0,,,,,,,,,,,,,,,,,,,,,,,,,,,,,,,,,,,,,,,,,,,,,,,,,,,,,,,,,,,,,,,,,,,,,,,,,,,,,,,,,,,,,,,,,,,,,,,,,,,,,,,,,,,,,,,,,,,,,,,,,,,,,,,,
639,r.-79.1.0/r.-110.1.0,r.-79.1.0/r.-110.1.0,r.-110.1.0/r.-79.1.0,r.-79.1.0/r.-110.1.0,r.-79.1.0/r.-110.1.0,r.-79.1.0/r.-110.1.0,r.-110.1.0/r.-79.1.0,r.-110.1.0/r.-79.1.0,r.-110.1.0/r.-79.1.0,r.-110.1.0/r.-79.1.0,r.-79.1.0/r.-110.1.0,r.-110.1.0/r.-79.1.0,r.-110.1.0/r.-79.1.0,r.-79.1.0/r.-110.1.0,r.-79.1.0/r.-110.1.0,r.-110.1.0/r.-79.1.0,r.-110.1.0/r.-79.1.0,r.-79.1.0/r.-110.1.0,r.-110.1.0/r.-79.1.0,r.-79.1.0/r.-110.1.0,r.-79.1.0/r.-110.1.0,r.-79.1.0/r.-110.1.0,r.-110.1.0/r.-79.1.0,r.-110.1.0/r.-79.1.0,r.-79.1.0/r.-110.1.0,r.-110.1.0/r.-79.1.0,r.-110.1.0/r.-79.1.0,r.-110.1.0/r.-79.1.0,r.-110.1.0/r.-79.1.0,r.-79.1.0/r.-110.1.0,r.-79.1.0/r.-110.1.0,r.-79.1.0/r.-110.1.0,r.-79.1.0/r.-110.1.0,r.-110.1.0/r.-79.1.0,r.-110.1.0/r.-79.1.0,r.-110.1.0/r.-79.1.0,r.-110.1.0/r.-79.1.0,r.-110.1.0/r.-79.1.0,r.-110.1.0/r.-79.1.0,r.-79.1.0/r.-110.1.0,r.-110.1.0/r.-79.1.0,r.-79.1.0/r.-110.1.0,r.-79.1.0/r.-110.1.0,r.-110.1.0/r.-79.1.0,r.-110.1.0/r.-79.1.0,r.-79.1.0/r.-110.1.0,r.-79.1.0/r.-110.1.0,r.-110.1.0/r.-79.1.0,r.-110.1.0/r.-79.1.0,r.-79.1.0/r.-110.1.0,r.-79.1.0/r.-110.1.0,r.-79.1.0/r.-110.1.0,r.-79.1.0/r.-110.1.0,r.-110.1.0/r.-79.1.0,r.-110.1.0/r.-79.1.0,r.-110.1.0/r.-79.1.0,r.-110.1.0/r.-79.1.0,r.-110.1.0/r.-79.1.0,r.-110.1.0/r.-79.1.0,r.-110.1.0/r.-79.1.0,r.-110.1.0/r.-79.1.0,r.-110.1.0/r.-79.1.0,r.-79.1.0/r.-110.1.0,r.-110.1.0/r.-79.1.0,r.-79.1.0/r.-110.1.0,r.-79.1.0/r.-110.1.0,r.-79.1.0/r.-110.1.0,r.-110.1.0/r.-79.1.0,r.-79.1.0/r.-110.1.0,r.-110.1.0/r.-79.1.0,r.-110.1.0/r.-79.1.0,r.-79.1.0/r.-110.1.0,r.-110.1.0/r.-79.1.0,r.-110.1.0/r.-79.1.0,r.-110.1.0/r.-79.1.0,r.-79.1.0/r.-110.1.0,r.-79.1.0/r.-110.1.0,r.-110.1.0/r.-79.1.0,r.-110.1.0/r.-79.1.0,r.-79.1.0/r.-110.1.0,r.-79.1.0/r.-110.1.0,r.-79.1.0/r.-110.1.0,r.-79.1.0/r.-110.1.0,r.-79.1.0/r.-110.1.0,r.-79.1.0/r.-110.1.0,r.-110.1.0/r.-79.1.0,r.-110.1.0/r.-79.1.0,r.-110.1.0/r.-79.1.0,r.-110.1.0/r.-79.1.0,r.-79.1.0/r.-110.1.0,r.-110.1.0/r.-79.1.0,r.-79.1.0/r.-110.1.0,r.-79.1.0/r.-110.1.0,r.-110.1.0/r.-79.1.0,,,,,,,,,,,,,,,,,,,,,,,,,,,,,,,,,,,,,,,,,,,,,,,,,,,,,,,,,,,,,,,,,,,,,,,,,,,,,,,,,,,,,,,,,,,,,,,,,,,,,,,,,,,,,,,,,,,,,,,,,,,,,,,,
640,r.-79.1.0/r.-110.1.0,r.-79.1.0/r.-110.1.0,r.-79.1.0/r.-110.1.0,r.-79.1.0/r.-110.1.0,r.-110.1.0/r.-79.1.0,r.-110.1.0/r.-79.1.0,r.-110.1.0/r.-79.1.0,r.-110.1.0/r.-79.1.0,r.-110.1.0/r.-79.1.0,r.-79.1.0/r.-110.1.0,r.-110.1.0/r.-79.1.0,r.-110.1.0/r.-79.1.0,r.-110.1.0/r.-79.1.0,r.-79.1.0/r.-110.1.0,r.-110.1.0/r.-79.1.0,r.-110.1.0/r.-79.1.0,r.-79.1.0/r.-110.1.0,r.-110.1.0/r.-79.1.0,r.-110.1.0/r.-79.1.0,r.-79.1.0/r.-110.1.0,r.-79.1.0/r.-110.1.0,r.-79.1.0/r.-110.1.0,r.-110.1.0/r.-79.1.0,r.-110.1.0/r.-79.1.0,r.-79.1.0/r.-110.1.0,r.-79.1.0/r.-110.1.0,r.-110.1.0/r.-79.1.0,r.-110.1.0/r.-79.1.0,r.-79.1.0/r.-110.1.0,r.-110.1.0/r.-79.1.0,r.-79.1.0/r.-110.1.0,r.-79.1.0/r.-110.1.0,r.-110.1.0/r.-79.1.0,r.-110.1.0/r.-79.1.0,r.-110.1.0/r.-79.1.0,r.-79.1.0/r.-110.1.0,r.-110.1.0/r.-79.1.0,r.-79.1.0/r.-110.1.0,r.-110.1.0/r.-79.1.0,r.-110.1.0/r.-79.1.0,r.-110.1.0/r.-79.1.0,r.-110.1.0/r.-79.1.0,r.-79.1.0/r.-110.1.0,r.-79.1.0/r.-110.1.0,r.-79.1.0/r.-110.1.0,r.-110.1.0/r.-79.1.0,r.-110.1.0/r.-79.1.0,r.-79.1.0/r.-110.1.0,r.-110.1.0/r.-79.1.0,r.-110.1.0/r.-79.1.0,r.-79.1.0/r.-110.1.0,r.-110.1.0/r.-79.1.0,r.-110.1.0/r.-79.1.0,r.-79.1.0/r.-110.1.0,r.-79.1.0/r.-110.1.0,r.-79.1.0/r.-110.1.0,r.-79.1.0/r.-110.1.0,r.-110.1.0/r.-79.1.0,r.-110.1.0/r.-79.1.0,r.-110.1.0/r.-79.1.0,r.-110.1.0/r.-79.1.0,r.-79.1.0/r.-110.1.0,r.-79.1.0/r.-110.1.0,r.-79.1.0/r.-110.1.0,r.-79.1.0/r.-110.1.0,r.-110.1.0/r.-79.1.0,r.-79.1.0/r.-110.1.0,r.-110.1.0/r.-79.1.0,r.-79.1.0/r.-110.1.0,r.-79.1.0/r.-110.1.0,r.-79.1.0/r.-110.1.0,r.-79.1.0/r.-110.1.0,r.-110.1.0/r.-79.1.0,r.-110.1.0/r.-79.1.0,r.-110.1.0/r.-79.1.0,r.-79.1.0/r.-110.1.0,r.-79.1.0/r.-110.1.0,r.-79.1.0/r.-110.1.0,r.-110.1.0/r.-79.1.0,r.-110.1.0/r.-79.1.0,r.-110.1.0/r.-79.1.0,r.-110.1.0/r.-79.1.0,r.-79.1.0/r.-110.1.0,r.-79.1.0/r.-110.1.0,r.-110.1.0/r.-79.1.0,r.-79.1.0/r.-110.1.0,r.-79.1.0/r.-110.1.0,r.-79.1.0/r.-110.1.0,r.-79.1.0/r.-110.1.0,r.-110.1.0/r.-79.1.0,r.-79.1.0/r.-110.1.0,r.-110.1.0/r.-79.1.0,r.-110.1.0/r.-79.1.0,r.-110.1.0/r.-79.1.0,,,,,,,,,,,,,,,,,,,,,,,,,,,,,,,,,,,,,,,,,,,,,,,,,,,,,,,,,,,,,,,,,,,,,,,,,,,,,,,,,,,,,,,,,,,,,,,,,,,,,,,,,,,,,,,,,,,,,,,,,,,,,,,,
641,r.-79.1.0/r.-110.1.0,r.-110.1.0/r.-79.1.0,r.-79.1.0/r.-110.1.0,r.-79.1.0/r.-110.1.0,r.-79.1.0/r.-110.1.0,r.-79.1.0/r.-110.1.0,r.-110.1.0/r.-79.1.0,r.-110.1.0/r.-79.1.0,r.-110.1.0/r.-79.1.0,r.-110.1.0/r.-79.1.0,r.-79.1.0/r.-110.1.0,r.-110.1.0/r.-79.1.0,r.-110.1.0/r.-79.1.0,r.-110.1.0/r.-79.1.0,r.-79.1.0/r.-110.1.0,r.-110.1.0/r.-79.1.0,r.-79.1.0/r.-110.1.0,r.-110.1.0/r.-79.1.0,r.-110.1.0/r.-79.1.0,r.-79.1.0/r.-110.1.0,r.-79.1.0/r.-110.1.0,r.-110.1.0/r.-79.1.0,r.-110.1.0/r.-79.1.0,r.-79.1.0/r.-110.1.0,r.-110.1.0/r.-79.1.0,r.-79.1.0/r.-110.1.0,r.-79.1.0/r.-110.1.0,r.-79.1.0/r.-110.1.0,r.-110.1.0/r.-79.1.0,r.-79.1.0/r.-110.1.0,r.-79.1.0/r.-110.1.0,r.-110.1.0/r.-79.1.0,r.-110.1.0/r.-79.1.0,r.-79.1.0/r.-110.1.0,r.-110.1.0/r.-79.1.0,r.-79.1.0/r.-110.1.0,r.-79.1.0/r.-110.1.0,r.-110.1.0/r.-79.1.0,r.-110.1.0/r.-79.1.0,r.-79.1.0/r.-110.1.0,r.-110.1.0/r.-79.1.0,r.-110.1.0/r.-79.1.0,r.-79.1.0/r.-110.1.0,r.-110.1.0/r.-79.1.0,r.-79.1.0/r.-110.1.0,r.-79.1.0/r.-110.1.0,r.-79.1.0/r.-110.1.0,r.-79.1.0/r.-110.1.0,r.-79.1.0/r.-110.1.0,r.-79.1.0/r.-110.1.0,r.-79.1.0/r.-110.1.0,r.-110.1.0/r.-79.1.0,r.-79.1.0/r.-110.1.0,r.-79.1.0/r.-110.1.0,r.-110.1.0/r.-79.1.0,r.-110.1.0/r.-79.1.0,r.-110.1.0/r.-79.1.0,r.-110.1.0/r.-79.1.0,r.-79.1.0/r.-110.1.0,r.-79.1.0/r.-110.1.0,r.-79.1.0/r.-110.1.0,r.-79.1.0/r.-110.1.0,r.-79.1.0/r.-110.1.0,r.-110.1.0/r.-79.1.0,r.-79.1.0/r.-110.1.0,r.-110.1.0/r.-79.1.0,r.-110.1.0/r.-79.1.0,r.-110.1.0/r.-79.1.0,r.-79.1.0/r.-110.1.0,r.-79.1.0/r.-110.1.0,r.-79.1.0/r.-110.1.0,r.-110.1.0/r.-79.1.0,r.-110.1.0/r.-79.1.0,r.-79.1.0/r.-110.1.0,r.-79.1.0/r.-110.1.0,r.-79.1.0/r.-110.1.0,r.-79.1.0/r.-110.1.0,r.-110.1.0/r.-79.1.0,r.-110.1.0/r.-79.1.0,r.-79.1.0/r.-110.1.0,r.-110.1.0/r.-79.1.0,r.-110.1.0/r.-79.1.0,r.-79.1.0/r.-110.1.0,r.-110.1.0/r.-79.1.0,r.-79.1.0/r.-110.1.0,r.-110.1.0/r.-79.1.0,r.-110.1.0/r.-79.1.0,r.-79.1.0/r.-110.1.0,r.-79.1.0/r.-110.1.0,r.-110.1.0/r.-79.1.0,r.-110.1.0/r.-79.1.0,r.-110.1.0/r.-79.1.0,r.-79.1.0/r.-110.1.0,r.-79.1.0/r.-110.1.0,,,,,,,,,,,,,,,,,,,,,,,,,,,,,,,,,,,,,,,,,,,,,,,,,,,,,,,,,,,,,,,,,,,,,,,,,,,,,,,,,,,,,,,,,,,,,,,,,,,,,,,,,,,,,,,,,,,,,,,,,,,,,,,,
642,r.-79.1.0/r.-110.1.0,r.-79.1.0/r.-110.1.0,r.-110.1.0/r.-79.1.0,r.-110.1.0/r.-79.1.0,r.-79.1.0/r.-110.1.0,r.-110.1.0/r.-79.1.0,r.-110.1.0/r.-79.1.0,r.-110.1.0/r.-79.1.0,r.-79.1.0/r.-110.1.0,r.-79.1.0/r.-110.1.0,r.-79.1.0/r.-110.1.0,r.-110.1.0/r.-79.1.0,r.-79.1.0/r.-110.1.0,r.-110.1.0/r.-79.1.0,r.-79.1.0/r.-110.1.0,r.-110.1.0/r.-79.1.0,r.-110.1.0/r.-79.1.0,r.-110.1.0/r.-79.1.0,r.-79.1.0/r.-110.1.0,r.-110.1.0/r.-79.1.0,r.-110.1.0/r.-79.1.0,r.-79.1.0/r.-110.1.0,r.-110.1.0/r.-79.1.0,r.-79.1.0/r.-110.1.0,r.-79.1.0/r.-110.1.0,r.-79.1.0/r.-110.1.0,r.-79.1.0/r.-110.1.0,r.-110.1.0/r.-79.1.0,r.-79.1.0/r.-110.1.0,r.-110.1.0/r.-79.1.0,r.-110.1.0/r.-79.1.0,r.-79.1.0/r.-110.1.0,r.-110.1.0/r.-79.1.0,r.-110.1.0/r.-79.1.0,r.-110.1.0/r.-79.1.0,r.-110.1.0/r.-79.1.0,r.-110.1.0/r.-79.1.0,r.-110.1.0/r.-79.1.0,r.-110.1.0/r.-79.1.0,r.-110.1.0/r.-79.1.0,r.-79.1.0/r.-110.1.0,r.-79.1.0/r.-110.1.0,r.-79.1.0/r.-110.1.0,r.-110.1.0/r.-79.1.0,r.-79.1.0/r.-110.1.0,r.-110.1.0/r.-79.1.0,r.-110.1.0/r.-79.1.0,r.-79.1.0/r.-110.1.0,r.-110.1.0/r.-79.1.0,r.-79.1.0/r.-110.1.0,r.-110.1.0/r.-79.1.0,r.-110.1.0/r.-79.1.0,r.-110.1.0/r.-79.1.0,r.-79.1.0/r.-110.1.0,r.-79.1.0/r.-110.1.0,r.-79.1.0/r.-110.1.0,r.-110.1.0/r.-79.1.0,r.-110.1.0/r.-79.1.0,r.-79.1.0/r.-110.1.0,r.-110.1.0/r.-79.1.0,r.-79.1.0/r.-110.1.0,r.-79.1.0/r.-110.1.0,r.-79.1.0/r.-110.1.0,r.-79.1.0/r.-110.1.0,r.-110.1.0/r.-79.1.0,r.-110.1.0/r.-79.1.0,r.-110.1.0/r.-79.1.0,r.-79.1.0/r.-110.1.0,r.-79.1.0/r.-110.1.0,r.-110.1.0/r.-79.1.0,r.-79.1.0/r.-110.1.0,r.-110.1.0/r.-79.1.0,r.-110.1.0/r.-79.1.0,r.-79.1.0/r.-110.1.0,r.-79.1.0/r.-110.1.0,r.-110.1.0/r.-79.1.0,r.-79.1.0/r.-110.1.0,r.-110.1.0/r.-79.1.0,r.-110.1.0/r.-79.1.0,r.-79.1.0/r.-110.1.0,r.-79.1.0/r.-110.1.0,r.-79.1.0/r.-110.1.0,r.-110.1.0/r.-79.1.0,r.-79.1.0/r.-110.1.0,r.-110.1.0/r.-79.1.0,r.-110.1.0/r.-79.1.0,r.-110.1.0/r.-79.1.0,r.-79.1.0/r.-110.1.0,r.-110.1.0/r.-79.1.0,r.-110.1.0/r.-79.1.0,r.-110.1.0/r.-79.1.0,r.-110.1.0/r.-79.1.0,r.-79.1.0/r.-110.1.0,r.-110.1.0/r.-79.1.0,,,,,,,,,,,,,,,,,,,,,,,,,,,,,,,,,,,,,,,,,,,,,,,,,,,,,,,,,,,,,,,,,,,,,,,,,,,,,,,,,,,,,,,,,,,,,,,,,,,,,,,,,,,,,,,,,,,,,,,,,,,,,,,,
643,r.-110.1.0/r.-79.1.0,r.-79.1.0/r.-110.1.0,r.-110.1.0/r.-79.1.0,r.-110.1.0/r.-79.1.0,r.-110.1.0/r.-79.1.0,r.-110.1.0/r.-79.1.0,r.-79.1.0/r.-110.1.0,r.-110.1.0/r.-79.1.0,r.-79.1.0/r.-110.1.0,r.-79.1.0/r.-110.1.0,r.-110.1.0/r.-79.1.0,r.-79.1.0/r.-110.1.0,r.-110.1.0/r.-79.1.0,r.-110.1.0/r.-79.1.0,r.-79.1.0/r.-110.1.0,r.-79.1.0/r.-110.1.0,r.-79.1.0/r.-110.1.0,r.-79.1.0/r.-110.1.0,r.-79.1.0/r.-110.1.0,r.-110.1.0/r.-79.1.0,r.-110.1.0/r.-79.1.0,r.-110.1.0/r.-79.1.0,r.-110.1.0/r.-79.1.0,r.-79.1.0/r.-110.1.0,r.-79.1.0/r.-110.1.0,r.-110.1.0/r.-79.1.0,r.-110.1.0/r.-79.1.0,r.-79.1.0/r.-110.1.0,r.-110.1.0/r.-79.1.0,r.-110.1.0/r.-79.1.0,r.-79.1.0/r.-110.1.0,r.-79.1.0/r.-110.1.0,r.-79.1.0/r.-110.1.0,r.-79.1.0/r.-110.1.0,r.-110.1.0/r.-79.1.0,r.-79.1.0/r.-110.1.0,r.-110.1.0/r.-79.1.0,r.-79.1.0/r.-110.1.0,r.-110.1.0/r.-79.1.0,r.-110.1.0/r.-79.1.0,r.-79.1.0/r.-110.1.0,r.-110.1.0/r.-79.1.0,r.-110.1.0/r.-79.1.0,r.-79.1.0/r.-110.1.0,r.-110.1.0/r.-79.1.0,r.-79.1.0/r.-110.1.0,r.-110.1.0/r.-79.1.0,r.-110.1.0/r.-79.1.0,r.-79.1.0/r.-110.1.0,r.-79.1.0/r.-110.1.0,r.-110.1.0/r.-79.1.0,r.-79.1.0/r.-110.1.0,r.-79.1.0/r.-110.1.0,r.-79.1.0/r.-110.1.0,r.-79.1.0/r.-110.1.0,r.-79.1.0/r.-110.1.0,r.-110.1.0/r.-79.1.0,r.-79.1.0/r.-110.1.0,r.-110.1.0/r.-79.1.0,r.-79.1.0/r.-110.1.0,r.-110.1.0/r.-79.1.0,r.-79.1.0/r.-110.1.0,r.-79.1.0/r.-110.1.0,r.-110.1.0/r.-79.1.0,r.-110.1.0/r.-79.1.0,r.-110.1.0/r.-79.1.0,r.-110.1.0/r.-79.1.0,r.-79.1.0/r.-110.1.0,r.-79.1.0/r.-110.1.0,r.-110.1.0/r.-79.1.0,r.-79.1.0/r.-110.1.0,r.-110.1.0/r.-79.1.0,r.-79.1.0/r.-110.1.0,r.-79.1.0/r.-110.1.0,r.-110.1.0/r.-79.1.0,r.-79.1.0/r.-110.1.0,r.-110.1.0/r.-79.1.0,r.-110.1.0/r.-79.1.0,r.-79.1.0/r.-110.1.0,r.-110.1.0/r.-79.1.0,r.-110.1.0/r.-79.1.0,r.-79.1.0/r.-110.1.0,r.-79.1.0/r.-110.1.0,r.-110.1.0/r.-79.1.0,r.-79.1.0/r.-110.1.0,r.-110.1.0/r.-79.1.0,r.-110.1.0/r.-79.1.0,r.-79.1.0/r.-110.1.0,r.-110.1.0/r.-79.1.0,r.-110.1.0/r.-79.1.0,r.-110.1.0/r.-79.1.0,r.-79.1.0/r.-110.1.0,r.-79.1.0/r.-110.1.0,r.-110.1.0/r.-79.1.0,,,,,,,,,,,,,,,,,,,,,,,,,,,,,,,,,,,,,,,,,,,,,,,,,,,,,,,,,,,,,,,,,,,,,,,,,,,,,,,,,,,,,,,,,,,,,,,,,,,,,,,,,,,,,,,,,,,,,,,,,,,,,,,,
644,r.-110.1.0/r.-79.1.0,r.-79.1.0/r.-110.1.0,r.-110.1.0/r.-79.1.0,r.-110.1.0/r.-79.1.0,r.-79.1.0/r.-110.1.0,r.-110.1.0/r.-79.1.0,r.-110.1.0/r.-79.1.0,r.-110.1.0/r.-79.1.0,r.-79.1.0/r.-110.1.0,r.-110.1.0/r.-79.1.0,r.-110.1.0/r.-79.1.0,r.-110.1.0/r.-79.1.0,r.-79.1.0/r.-110.1.0,r.-110.1.0/r.-79.1.0,r.-110.1.0/r.-79.1.0,r.-110.1.0/r.-79.1.0,r.-110.1.0/r.-79.1.0,r.-110.1.0/r.-79.1.0,r.-110.1.0/r.-79.1.0,r.-79.1.0/r.-110.1.0,r.-110.1.0/r.-79.1.0,r.-110.1.0/r.-79.1.0,r.-79.1.0/r.-110.1.0,r.-79.1.0/r.-110.1.0,r.-79.1.0/r.-110.1.0,r.-110.1.0/r.-79.1.0,r.-79.1.0/r.-110.1.0,r.-79.1.0/r.-110.1.0,r.-110.1.0/r.-79.1.0,r.-79.1.0/r.-110.1.0,r.-79.1.0/r.-110.1.0,r.-79.1.0/r.-110.1.0,r.-79.1.0/r.-110.1.0,r.-110.1.0/r.-79.1.0,r.-79.1.0/r.-110.1.0,r.-79.1.0/r.-110.1.0,r.-79.1.0/r.-110.1.0,r.-79.1.0/r.-110.1.0,r.-79.1.0/r.-110.1.0,r.-110.1.0/r.-79.1.0,r.-79.1.0/r.-110.1.0,r.-79.1.0/r.-110.1.0,r.-110.1.0/r.-79.1.0,r.-79.1.0/r.-110.1.0,r.-110.1.0/r.-79.1.0,r.-79.1.0/r.-110.1.0,r.-79.1.0/r.-110.1.0,r.-110.1.0/r.-79.1.0,r.-110.1.0/r.-79.1.0,r.-110.1.0/r.-79.1.0,r.-110.1.0/r.-79.1.0,r.-110.1.0/r.-79.1.0,r.-110.1.0/r.-79.1.0,r.-110.1.0/r.-79.1.0,r.-79.1.0/r.-110.1.0,r.-110.1.0/r.-79.1.0,r.-79.1.0/r.-110.1.0,r.-79.1.0/r.-110.1.0,r.-79.1.0/r.-110.1.0,r.-79.1.0/r.-110.1.0,r.-79.1.0/r.-110.1.0,r.-79.1.0/r.-110.1.0,r.-110.1.0/r.-79.1.0,r.-79.1.0/r.-110.1.0,r.-79.1.0/r.-110.1.0,r.-79.1.0/r.-110.1.0,r.-79.1.0/r.-110.1.0,r.-79.1.0/r.-110.1.0,r.-110.1.0/r.-79.1.0,r.-79.1.0/r.-110.1.0,r.-79.1.0/r.-110.1.0,r.-110.1.0/r.-79.1.0,r.-110.1.0/r.-79.1.0,r.-110.1.0/r.-79.1.0,r.-110.1.0/r.-79.1.0,r.-79.1.0/r.-110.1.0,r.-79.1.0/r.-110.1.0,r.-79.1.0/r.-110.1.0,r.-110.1.0/r.-79.1.0,r.-79.1.0/r.-110.1.0,r.-79.1.0/r.-110.1.0,r.-110.1.0/r.-79.1.0,r.-79.1.0/r.-110.1.0,r.-79.1.0/r.-110.1.0,r.-79.1.0/r.-110.1.0,r.-110.1.0/r.-79.1.0,r.-110.1.0/r.-79.1.0,r.-110.1.0/r.-79.1.0,r.-79.1.0/r.-110.1.0,r.-79.1.0/r.-110.1.0,r.-110.1.0/r.-79.1.0,r.-110.1.0/r.-79.1.0,r.-110.1.0/r.-79.1.0,r.-110.1.0/r.-79.1.0,,,,,,,,,,,,,,,,,,,,,,,,,,,,,,,,,,,,,,,,,,,,,,,,,,,,,,,,,,,,,,,,,,,,,,,,,,,,,,,,,,,,,,,,,,,,,,,,,,,,,,,,,,,,,,,,,,,,,,,,,,,,,,,,
645,r.-79.1.0/r.-110.1.0,r.-110.1.0/r.-79.1.0,r.-79.1.0/r.-110.1.0,r.-79.1.0/r.-110.1.0,r.-79.1.0/r.-110.1.0,r.-79.1.0/r.-110.1.0,r.-79.1.0/r.-110.1.0,r.-110.1.0/r.-79.1.0,r.-79.1.0/r.-110.1.0,r.-79.1.0/r.-110.1.0,r.-110.1.0/r.-79.1.0,r.-79.1.0/r.-110.1.0,r.-110.1.0/r.-79.1.0,r.-79.1.0/r.-110.1.0,r.-110.1.0/r.-79.1.0,r.-110.1.0/r.-79.1.0,r.-110.1.0/r.-79.1.0,r.-110.1.0/r.-79.1.0,r.-110.1.0/r.-79.1.0,r.-110.1.0/r.-79.1.0,r.-110.1.0/r.-79.1.0,r.-110.1.0/r.-79.1.0,r.-79.1.0/r.-110.1.0,r.-110.1.0/r.-79.1.0,r.-110.1.0/r.-79.1.0,r.-79.1.0/r.-110.1.0,r.-110.1.0/r.-79.1.0,r.-110.1.0/r.-79.1.0,r.-79.1.0/r.-110.1.0,r.-110.1.0/r.-79.1.0,r.-79.1.0/r.-110.1.0,r.-110.1.0/r.-79.1.0,r.-110.1.0/r.-79.1.0,r.-79.1.0/r.-110.1.0,r.-79.1.0/r.-110.1.0,r.-110.1.0/r.-79.1.0,r.-110.1.0/r.-79.1.0,r.-79.1.0/r.-110.1.0,r.-79.1.0/r.-110.1.0,r.-110.1.0/r.-79.1.0,r.-110.1.0/r.-79.1.0,r.-79.1.0/r.-110.1.0,r.-110.1.0/r.-79.1.0,r.-79.1.0/r.-110.1.0,r.-110.1.0/r.-79.1.0,r.-79.1.0/r.-110.1.0,r.-110.1.0/r.-79.1.0,r.-79.1.0/r.-110.1.0,r.-110.1.0/r.-79.1.0,r.-79.1.0/r.-110.1.0,r.-79.1.0/r.-110.1.0,r.-79.1.0/r.-110.1.0,r.-110.1.0/r.-79.1.0,r.-79.1.0/r.-110.1.0,r.-110.1.0/r.-79.1.0,r.-79.1.0/r.-110.1.0,r.-110.1.0/r.-79.1.0,r.-79.1.0/r.-110.1.0,r.-110.1.0/r.-79.1.0,r.-79.1.0/r.-110.1.0,r.-79.1.0/r.-110.1.0,r.-79.1.0/r.-110.1.0,r.-110.1.0/r.-79.1.0,r.-110.1.0/r.-79.1.0,r.-79.1.0/r.-110.1.0,r.-110.1.0/r.-79.1.0,r.-79.1.0/r.-110.1.0,r.-110.1.0/r.-79.1.0,r.-79.1.0/r.-110.1.0,r.-110.1.0/r.-79.1.0,r.-110.1.0/r.-79.1.0,r.-110.1.0/r.-79.1.0,r.-110.1.0/r.-79.1.0,r.-79.1.0/r.-110.1.0,r.-110.1.0/r.-79.1.0,r.-110.1.0/r.-79.1.0,r.-79.1.0/r.-110.1.0,r.-79.1.0/r.-110.1.0,r.-110.1.0/r.-79.1.0,r.-110.1.0/r.-79.1.0,r.-79.1.0/r.-110.1.0,r.-110.1.0/r.-79.1.0,r.-110.1.0/r.-79.1.0,r.-110.1.0/r.-79.1.0,r.-110.1.0/r.-79.1.0,r.-79.1.0/r.-110.1.0,r.-110.1.0/r.-79.1.0,r.-79.1.0/r.-110.1.0,r.-79.1.0/r.-110.1.0,r.-110.1.0/r.-79.1.0,r.-79.1.0/r.-110.1.0,r.-110.1.0/r.-79.1.0,r.-79.1.0/r.-110.1.0,r.-79.1.0/r.-110.1.0,,,,,,,,,,,,,,,,,,,,,,,,,,,,,,,,,,,,,,,,,,,,,,,,,,,,,,,,,,,,,,,,,,,,,,,,,,,,,,,,,,,,,,,,,,,,,,,,,,,,,,,,,,,,,,,,,,,,,,,,,,,,,,,,
646,r.-110.1.0/r.-79.1.0,r.-79.1.0/r.-110.1.0,r.-110.1.0/r.-79.1.0,r.-79.1.0/r.-110.1.0,r.-79.1.0/r.-110.1.0,r.-110.1.0/r.-79.1.0,r.-79.1.0/r.-110.1.0,r.-79.1.0/r.-110.1.0,r.-79.1.0/r.-110.1.0,r.-79.1.0/r.-110.1.0,r.-110.1.0/r.-79.1.0,r.-110.1.0/r.-79.1.0,r.-110.1.0/r.-79.1.0,r.-79.1.0/r.-110.1.0,r.-79.1.0/r.-110.1.0,r.-110.1.0/r.-79.1.0,r.-79.1.0/r.-110.1.0,r.-79.1.0/r.-110.1.0,r.-110.1.0/r.-79.1.0,r.-110.1.0/r.-79.1.0,r.-110.1.0/r.-79.1.0,r.-79.1.0/r.-110.1.0,r.-79.1.0/r.-110.1.0,r.-110.1.0/r.-79.1.0,r.-79.1.0/r.-110.1.0,r.-79.1.0/r.-110.1.0,r.-79.1.0/r.-110.1.0,r.-79.1.0/r.-110.1.0,r.-110.1.0/r.-79.1.0,r.-79.1.0/r.-110.1.0,r.-110.1.0/r.-79.1.0,r.-79.1.0/r.-110.1.0,r.-110.1.0/r.-79.1.0,r.-79.1.0/r.-110.1.0,r.-79.1.0/r.-110.1.0,r.-79.1.0/r.-110.1.0,r.-110.1.0/r.-79.1.0,r.-110.1.0/r.-79.1.0,r.-110.1.0/r.-79.1.0,r.-79.1.0/r.-110.1.0,r.-110.1.0/r.-79.1.0,r.-110.1.0/r.-79.1.0,r.-110.1.0/r.-79.1.0,r.-110.1.0/r.-79.1.0,r.-79.1.0/r.-110.1.0,r.-79.1.0/r.-110.1.0,r.-79.1.0/r.-110.1.0,r.-79.1.0/r.-110.1.0,r.-79.1.0/r.-110.1.0,r.-110.1.0/r.-79.1.0,r.-79.1.0/r.-110.1.0,r.-79.1.0/r.-110.1.0,r.-110.1.0/r.-79.1.0,r.-110.1.0/r.-79.1.0,r.-110.1.0/r.-79.1.0,r.-110.1.0/r.-79.1.0,r.-110.1.0/r.-79.1.0,r.-110.1.0/r.-79.1.0,r.-79.1.0/r.-110.1.0,r.-110.1.0/r.-79.1.0,r.-79.1.0/r.-110.1.0,r.-110.1.0/r.-79.1.0,r.-110.1.0/r.-79.1.0,r.-79.1.0/r.-110.1.0,r.-110.1.0/r.-79.1.0,r.-110.1.0/r.-79.1.0,r.-110.1.0/r.-79.1.0,r.-110.1.0/r.-79.1.0,r.-79.1.0/r.-110.1.0,r.-110.1.0/r.-79.1.0,r.-79.1.0/r.-110.1.0,r.-110.1.0/r.-79.1.0,r.-79.1.0/r.-110.1.0,r.-79.1.0/r.-110.1.0,r.-110.1.0/r.-79.1.0,r.-110.1.0/r.-79.1.0,r.-79.1.0/r.-110.1.0,r.-79.1.0/r.-110.1.0,r.-110.1.0/r.-79.1.0,r.-79.1.0/r.-110.1.0,r.-79.1.0/r.-110.1.0,r.-110.1.0/r.-79.1.0,r.-79.1.0/r.-110.1.0,r.-79.1.0/r.-110.1.0,r.-110.1.0/r.-79.1.0,r.-79.1.0/r.-110.1.0,r.-79.1.0/r.-110.1.0,r.-110.1.0/r.-79.1.0,r.-110.1.0/r.-79.1.0,r.-110.1.0/r.-79.1.0,r.-110.1.0/r.-79.1.0,r.-110.1.0/r.-79.1.0,r.-79.1.0/r.-110.1.0,r.-79.1.0/r.-110.1.0,,,,,,,,,,,,,,,,,,,,,,,,,,,,,,,,,,,,,,,,,,,,,,,,,,,,,,,,,,,,,,,,,,,,,,,,,,,,,,,,,,,,,,,,,,,,,,,,,,,,,,,,,,,,,,,,,,,,,,,,,,,,,,,,
647,r.-79.1.0/r.-110.1.0,r.-79.1.0/r.-110.1.0,r.-110.1.0/r.-79.1.0,r.-79.1.0/r.-110.1.0,r.-79.1.0/r.-110.1.0,r.-110.1.0/r.-79.1.0,r.-79.1.0/r.-110.1.0,r.-110.1.0/r.-79.1.0,r.-110.1.0/r.-79.1.0,r.-79.1.0/r.-110.1.0,r.-110.1.0/r.-79.1.0,r.-110.1.0/r.-79.1.0,r.-110.1.0/r.-79.1.0,r.-79.1.0/r.-110.1.0,r.-110.1.0/r.-79.1.0,r.-110.1.0/r.-79.1.0,r.-110.1.0/r.-79.1.0,r.-79.1.0/r.-110.1.0,r.-79.1.0/r.-110.1.0,r.-79.1.0/r.-110.1.0,r.-110.1.0/r.-79.1.0,r.-110.1.0/r.-79.1.0,r.-110.1.0/r.-79.1.0,r.-79.1.0/r.-110.1.0,r.-79.1.0/r.-110.1.0,r.-110.1.0/r.-79.1.0,r.-79.1.0/r.-110.1.0,r.-110.1.0/r.-79.1.0,r.-110.1.0/r.-79.1.0,r.-110.1.0/r.-79.1.0,r.-110.1.0/r.-79.1.0,r.-79.1.0/r.-110.1.0,r.-110.1.0/r.-79.1.0,r.-79.1.0/r.-110.1.0,r.-79.1.0/r.-110.1.0,r.-79.1.0/r.-110.1.0,r.-79.1.0/r.-110.1.0,r.-110.1.0/r.-79.1.0,r.-79.1.0/r.-110.1.0,r.-79.1.0/r.-110.1.0,r.-79.1.0/r.-110.1.0,r.-110.1.0/r.-79.1.0,r.-110.1.0/r.-79.1.0,r.-79.1.0/r.-110.1.0,r.-110.1.0/r.-79.1.0,r.-110.1.0/r.-79.1.0,r.-110.1.0/r.-79.1.0,r.-110.1.0/r.-79.1.0,r.-79.1.0/r.-110.1.0,r.-79.1.0/r.-110.1.0,r.-79.1.0/r.-110.1.0,r.-110.1.0/r.-79.1.0,r.-110.1.0/r.-79.1.0,r.-110.1.0/r.-79.1.0,r.-79.1.0/r.-110.1.0,r.-79.1.0/r.-110.1.0,r.-110.1.0/r.-79.1.0,r.-79.1.0/r.-110.1.0,r.-79.1.0/r.-110.1.0,r.-79.1.0/r.-110.1.0,r.-79.1.0/r.-110.1.0,r.-79.1.0/r.-110.1.0,r.-79.1.0/r.-110.1.0,r.-79.1.0/r.-110.1.0,r.-79.1.0/r.-110.1.0,r.-110.1.0/r.-79.1.0,r.-110.1.0/r.-79.1.0,r.-79.1.0/r.-110.1.0,r.-79.1.0/r.-110.1.0,r.-79.1.0/r.-110.1.0,r.-79.1.0/r.-110.1.0,r.-79.1.0/r.-110.1.0,r.-110.1.0/r.-79.1.0,r.-79.1.0/r.-110.1.0,r.-79.1.0/r.-110.1.0,r.-79.1.0/r.-110.1.0,r.-79.1.0/r.-110.1.0,r.-110.1.0/r.-79.1.0,r.-79.1.0/r.-110.1.0,r.-79.1.0/r.-110.1.0,r.-110.1.0/r.-79.1.0,r.-110.1.0/r.-79.1.0,r.-79.1.0/r.-110.1.0,r.-110.1.0/r.-79.1.0,r.-79.1.0/r.-110.1.0,r.-110.1.0/r.-79.1.0,r.-110.1.0/r.-79.1.0,r.-79.1.0/r.-110.1.0,r.-110.1.0/r.-79.1.0,r.-79.1.0/r.-110.1.0,r.-79.1.0/r.-110.1.0,r.-79.1.0/r.-110.1.0,r.-79.1.0/r.-110.1.0,r.-110.1.0/r.-79.1.0,,,,,,,,,,,,,,,,,,,,,,,,,,,,,,,,,,,,,,,,,,,,,,,,,,,,,,,,,,,,,,,,,,,,,,,,,,,,,,,,,,,,,,,,,,,,,,,,,,,,,,,,,,,,,,,,,,,,,,,,,,,,,,,,
648,r.-110.1.0/r.-79.1.0,r.-79.1.0/r.-110.1.0,r.-110.1.0/r.-79.1.0,r.-79.1.0/r.-110.1.0,r.-110.1.0/r.-79.1.0,r.-79.1.0/r.-110.1.0,r.-110.1.0/r.-79.1.0,r.-110.1.0/r.-79.1.0,r.-110.1.0/r.-79.1.0,r.-110.1.0/r.-79.1.0,r.-79.1.0/r.-110.1.0,r.-110.1.0/r.-79.1.0,r.-110.1.0/r.-79.1.0,r.-110.1.0/r.-79.1.0,r.-79.1.0/r.-110.1.0,r.-110.1.0/r.-79.1.0,r.-79.1.0/r.-110.1.0,r.-79.1.0/r.-110.1.0,r.-79.1.0/r.-110.1.0,r.-79.1.0/r.-110.1.0,r.-79.1.0/r.-110.1.0,r.-79.1.0/r.-110.1.0,r.-79.1.0/r.-110.1.0,r.-79.1.0/r.-110.1.0,r.-79.1.0/r.-110.1.0,r.-79.1.0/r.-110.1.0,r.-79.1.0/r.-110.1.0,r.-79.1.0/r.-110.1.0,r.-79.1.0/r.-110.1.0,r.-79.1.0/r.-110.1.0,r.-110.1.0/r.-79.1.0,r.-110.1.0/r.-79.1.0,r.-79.1.0/r.-110.1.0,r.-79.1.0/r.-110.1.0,r.-79.1.0/r.-110.1.0,r.-110.1.0/r.-79.1.0,r.-110.1.0/r.-79.1.0,r.-110.1.0/r.-79.1.0,r.-79.1.0/r.-110.1.0,r.-110.1.0/r.-79.1.0,r.-79.1.0/r.-110.1.0,r.-110.1.0/r.-79.1.0,r.-79.1.0/r.-110.1.0,r.-79.1.0/r.-110.1.0,r.-79.1.0/r.-110.1.0,r.-110.1.0/r.-79.1.0,r.-79.1.0/r.-110.1.0,r.-110.1.0/r.-79.1.0,r.-110.1.0/r.-79.1.0,r.-110.1.0/r.-79.1.0,r.-79.1.0/r.-110.1.0,r.-110.1.0/r.-79.1.0,r.-79.1.0/r.-110.1.0,r.-110.1.0/r.-79.1.0,r.-110.1.0/r.-79.1.0,r.-110.1.0/r.-79.1.0,r.-110.1.0/r.-79.1.0,r.-110.1.0/r.-79.1.0,r.-79.1.0/r.-110.1.0,r.-110.1.0/r.-79.1.0,r.-79.1.0/r.-110.1.0,r.-79.1.0/r.-110.1.0,r.-110.1.0/r.-79.1.0,r.-79.1.0/r.-110.1.0,r.-110.1.0/r.-79.1.0,r.-110.1.0/r.-79.1.0,r.-110.1.0/r.-79.1.0,r.-79.1.0/r.-110.1.0,r.-110.1.0/r.-79.1.0,r.-110.1.0/r.-79.1.0,r.-79.1.0/r.-110.1.0,r.-79.1.0/r.-110.1.0,r.-79.1.0/r.-110.1.0,r.-79.1.0/r.-110.1.0,r.-110.1.0/r.-79.1.0,r.-110.1.0/r.-79.1.0,r.-110.1.0/r.-79.1.0,r.-79.1.0/r.-110.1.0,r.-110.1.0/r.-79.1.0,r.-79.1.0/r.-110.1.0,r.-79.1.0/r.-110.1.0,r.-79.1.0/r.-110.1.0,r.-79.1.0/r.-110.1.0,r.-110.1.0/r.-79.1.0,r.-110.1.0/r.-79.1.0,r.-110.1.0/r.-79.1.0,r.-79.1.0/r.-110.1.0,r.-79.1.0/r.-110.1.0,r.-110.1.0/r.-79.1.0,r.-79.1.0/r.-110.1.0,r.-110.1.0/r.-79.1.0,r.-79.1.0/r.-110.1.0,r.-110.1.0/r.-79.1.0,r.-79.1.0/r.-110.1.0,,,,,,,,,,,,,,,,,,,,,,,,,,,,,,,,,,,,,,,,,,,,,,,,,,,,,,,,,,,,,,,,,,,,,,,,,,,,,,,,,,,,,,,,,,,,,,,,,,,,,,,,,,,,,,,,,,,,,,,,,,,,,,,,
649,r.-79.1.0/r.-110.1.0,r.-79.1.0/r.-110.1.0,r.-79.1.0/r.-110.1.0,r.-110.1.0/r.-79.1.0,r.-79.1.0/r.-110.1.0,r.-79.1.0/r.-110.1.0,r.-79.1.0/r.-110.1.0,r.-79.1.0/r.-110.1.0,r.-110.1.0/r.-79.1.0,r.-110.1.0/r.-79.1.0,r.-79.1.0/r.-110.1.0,r.-79.1.0/r.-110.1.0,r.-79.1.0/r.-110.1.0,r.-79.1.0/r.-110.1.0,r.-110.1.0/r.-79.1.0,r.-110.1.0/r.-79.1.0,r.-79.1.0/r.-110.1.0,r.-110.1.0/r.-79.1.0,r.-79.1.0/r.-110.1.0,r.-110.1.0/r.-79.1.0,r.-110.1.0/r.-79.1.0,r.-110.1.0/r.-79.1.0,r.-110.1.0/r.-79.1.0,r.-79.1.0/r.-110.1.0,r.-110.1.0/r.-79.1.0,r.-79.1.0/r.-110.1.0,r.-79.1.0/r.-110.1.0,r.-79.1.0/r.-110.1.0,r.-110.1.0/r.-79.1.0,r.-110.1.0/r.-79.1.0,r.-79.1.0/r.-110.1.0,r.-79.1.0/r.-110.1.0,r.-79.1.0/r.-110.1.0,r.-110.1.0/r.-79.1.0,r.-79.1.0/r.-110.1.0,r.-110.1.0/r.-79.1.0,r.-79.1.0/r.-110.1.0,r.-110.1.0/r.-79.1.0,r.-79.1.0/r.-110.1.0,r.-110.1.0/r.-79.1.0,r.-110.1.0/r.-79.1.0,r.-79.1.0/r.-110.1.0,r.-110.1.0/r.-79.1.0,r.-79.1.0/r.-110.1.0,r.-79.1.0/r.-110.1.0,r.-110.1.0/r.-79.1.0,r.-110.1.0/r.-79.1.0,r.-79.1.0/r.-110.1.0,r.-110.1.0/r.-79.1.0,r.-79.1.0/r.-110.1.0,r.-110.1.0/r.-79.1.0,r.-79.1.0/r.-110.1.0,r.-79.1.0/r.-110.1.0,r.-79.1.0/r.-110.1.0,r.-110.1.0/r.-79.1.0,r.-79.1.0/r.-110.1.0,r.-110.1.0/r.-79.1.0,r.-79.1.0/r.-110.1.0,r.-110.1.0/r.-79.1.0,r.-79.1.0/r.-110.1.0,r.-79.1.0/r.-110.1.0,r.-110.1.0/r.-79.1.0,r.-79.1.0/r.-110.1.0,r.-110.1.0/r.-79.1.0,r.-79.1.0/r.-110.1.0,r.-79.1.0/r.-110.1.0,r.-79.1.0/r.-110.1.0,r.-110.1.0/r.-79.1.0,r.-79.1.0/r.-110.1.0,r.-110.1.0/r.-79.1.0,r.-79.1.0/r.-110.1.0,r.-110.1.0/r.-79.1.0,r.-110.1.0/r.-79.1.0,r.-79.1.0/r.-110.1.0,r.-79.1.0/r.-110.1.0,r.-79.1.0/r.-110.1.0,r.-79.1.0/r.-110.1.0,r.-79.1.0/r.-110.1.0,r.-79.1.0/r.-110.1.0,r.-110.1.0/r.-79.1.0,r.-79.1.0/r.-110.1.0,r.-110.1.0/r.-79.1.0,r.-79.1.0/r.-110.1.0,r.-110.1.0/r.-79.1.0,r.-79.1.0/r.-110.1.0,r.-110.1.0/r.-79.1.0,r.-110.1.0/r.-79.1.0,r.-110.1.0/r.-79.1.0,r.-110.1.0/r.-79.1.0,r.-79.1.0/r.-110.1.0,r.-79.1.0/r.-110.1.0,r.-79.1.0/r.-110.1.0,r.-110.1.0/r.-79.1.0,r.-79.1.0/r.-110.1.0,,,,,,,,,,,,,,,,,,,,,,,,,,,,,,,,,,,,,,,,,,,,,,,,,,,,,,,,,,,,,,,,,,,,,,,,,,,,,,,,,,,,,,,,,,,,,,,,,,,,,,,,,,,,,,,,,,,,,,,,,,,,,,,,
650,r.-110.1.0/r.-79.1.0,r.-79.1.0/r.-110.1.0,r.-110.1.0/r.-79.1.0,r.-79.1.0/r.-110.1.0,r.-79.1.0/r.-110.1.0,r.-110.1.0/r.-79.1.0,r.-79.1.0/r.-110.1.0,r.-79.1.0/r.-110.1.0,r.-110.1.0/r.-79.1.0,r.-110.1.0/r.-79.1.0,r.-110.1.0/r.-79.1.0,r.-110.1.0/r.-79.1.0,r.-79.1.0/r.-110.1.0,r.-79.1.0/r.-110.1.0,r.-110.1.0/r.-79.1.0,r.-79.1.0/r.-110.1.0,r.-110.1.0/r.-79.1.0,r.-79.1.0/r.-110.1.0,r.-110.1.0/r.-79.1.0,r.-79.1.0/r.-110.1.0,r.-79.1.0/r.-110.1.0,r.-79.1.0/r.-110.1.0,r.-110.1.0/r.-79.1.0,r.-110.1.0/r.-79.1.0,r.-79.1.0/r.-110.1.0,r.-79.1.0/r.-110.1.0,r.-79.1.0/r.-110.1.0,r.-79.1.0/r.-110.1.0,r.-110.1.0/r.-79.1.0,r.-79.1.0/r.-110.1.0,r.-110.1.0/r.-79.1.0,r.-79.1.0/r.-110.1.0,r.-79.1.0/r.-110.1.0,r.-110.1.0/r.-79.1.0,r.-79.1.0/r.-110.1.0,r.-79.1.0/r.-110.1.0,r.-110.1.0/r.-79.1.0,r.-110.1.0/r.-79.1.0,r.-79.1.0/r.-110.1.0,r.-110.1.0/r.-79.1.0,r.-110.1.0/r.-79.1.0,r.-79.1.0/r.-110.1.0,r.-79.1.0/r.-110.1.0,r.-110.1.0/r.-79.1.0,r.-110.1.0/r.-79.1.0,r.-110.1.0/r.-79.1.0,r.-79.1.0/r.-110.1.0,r.-79.1.0/r.-110.1.0,r.-79.1.0/r.-110.1.0,r.-110.1.0/r.-79.1.0,r.-79.1.0/r.-110.1.0,r.-79.1.0/r.-110.1.0,r.-110.1.0/r.-79.1.0,r.-79.1.0/r.-110.1.0,r.-110.1.0/r.-79.1.0,r.-79.1.0/r.-110.1.0,r.-79.1.0/r.-110.1.0,r.-110.1.0/r.-79.1.0,r.-79.1.0/r.-110.1.0,r.-79.1.0/r.-110.1.0,r.-110.1.0/r.-79.1.0,r.-110.1.0/r.-79.1.0,r.-79.1.0/r.-110.1.0,r.-79.1.0/r.-110.1.0,r.-79.1.0/r.-110.1.0,r.-110.1.0/r.-79.1.0,r.-79.1.0/r.-110.1.0,r.-79.1.0/r.-110.1.0,r.-79.1.0/r.-110.1.0,r.-110.1.0/r.-79.1.0,r.-79.1.0/r.-110.1.0,r.-110.1.0/r.-79.1.0,r.-79.1.0/r.-110.1.0,r.-79.1.0/r.-110.1.0,r.-79.1.0/r.-110.1.0,r.-110.1.0/r.-79.1.0,r.-110.1.0/r.-79.1.0,r.-110.1.0/r.-79.1.0,r.-79.1.0/r.-110.1.0,r.-110.1.0/r.-79.1.0,r.-110.1.0/r.-79.1.0,r.-79.1.0/r.-110.1.0,r.-110.1.0/r.-79.1.0,r.-110.1.0/r.-79.1.0,r.-110.1.0/r.-79.1.0,r.-110.1.0/r.-79.1.0,r.-79.1.0/r.-110.1.0,r.-110.1.0/r.-79.1.0,r.-110.1.0/r.-79.1.0,r.-110.1.0/r.-79.1.0,r.-110.1.0/r.-79.1.0,r.-110.1.0/r.-79.1.0,r.-79.1.0/r.-110.1.0,r.-79.1.0/r.-110.1.0,,,,,,,,,,,,,,,,,,,,,,,,,,,,,,,,,,,,,,,,,,,,,,,,,,,,,,,,,,,,,,,,,,,,,,,,,,,,,,,,,,,,,,,,,,,,,,,,,,,,,,,,,,,,,,,,,,,,,,,,,,,,,,,,
651,r.-110.1.0/r.-79.1.0,r.-110.1.0/r.-79.1.0,r.-110.1.0/r.-79.1.0,r.-79.1.0/r.-110.1.0,r.-79.1.0/r.-110.1.0,r.-79.1.0/r.-110.1.0,r.-79.1.0/r.-110.1.0,r.-79.1.0/r.-110.1.0,r.-110.1.0/r.-79.1.0,r.-79.1.0/r.-110.1.0,r.-110.1.0/r.-79.1.0,r.-110.1.0/r.-79.1.0,r.-79.1.0/r.-110.1.0,r.-79.1.0/r.-110.1.0,r.-110.1.0/r.-79.1.0,r.-110.1.0/r.-79.1.0,r.-110.1.0/r.-79.1.0,r.-79.1.0/r.-110.1.0,r.-79.1.0/r.-110.1.0,r.-79.1.0/r.-110.1.0,r.-79.1.0/r.-110.1.0,r.-79.1.0/r.-110.1.0,r.-79.1.0/r.-110.1.0,r.-110.1.0/r.-79.1.0,r.-110.1.0/r.-79.1.0,r.-110.1.0/r.-79.1.0,r.-79.1.0/r.-110.1.0,r.-79.1.0/r.-110.1.0,r.-79.1.0/r.-110.1.0,r.-79.1.0/r.-110.1.0,r.-110.1.0/r.-79.1.0,r.-79.1.0/r.-110.1.0,r.-79.1.0/r.-110.1.0,r.-79.1.0/r.-110.1.0,r.-79.1.0/r.-110.1.0,r.-110.1.0/r.-79.1.0,r.-79.1.0/r.-110.1.0,r.-110.1.0/r.-79.1.0,r.-79.1.0/r.-110.1.0,r.-79.1.0/r.-110.1.0,r.-79.1.0/r.-110.1.0,r.-79.1.0/r.-110.1.0,r.-110.1.0/r.-79.1.0,r.-110.1.0/r.-79.1.0,r.-79.1.0/r.-110.1.0,r.-79.1.0/r.-110.1.0,r.-110.1.0/r.-79.1.0,r.-79.1.0/r.-110.1.0,r.-79.1.0/r.-110.1.0,r.-110.1.0/r.-79.1.0,r.-110.1.0/r.-79.1.0,r.-79.1.0/r.-110.1.0,r.-79.1.0/r.-110.1.0,r.-79.1.0/r.-110.1.0,r.-110.1.0/r.-79.1.0,r.-110.1.0/r.-79.1.0,r.-79.1.0/r.-110.1.0,r.-79.1.0/r.-110.1.0,r.-79.1.0/r.-110.1.0,r.-79.1.0/r.-110.1.0,r.-79.1.0/r.-110.1.0,r.-79.1.0/r.-110.1.0,r.-79.1.0/r.-110.1.0,r.-110.1.0/r.-79.1.0,r.-110.1.0/r.-79.1.0,r.-110.1.0/r.-79.1.0,r.-110.1.0/r.-79.1.0,r.-79.1.0/r.-110.1.0,r.-79.1.0/r.-110.1.0,r.-79.1.0/r.-110.1.0,r.-110.1.0/r.-79.1.0,r.-110.1.0/r.-79.1.0,r.-110.1.0/r.-79.1.0,r.-79.1.0/r.-110.1.0,r.-110.1.0/r.-79.1.0,r.-110.1.0/r.-79.1.0,r.-110.1.0/r.-79.1.0,r.-110.1.0/r.-79.1.0,r.-110.1.0/r.-79.1.0,r.-110.1.0/r.-79.1.0,r.-79.1.0/r.-110.1.0,r.-110.1.0/r.-79.1.0,r.-79.1.0/r.-110.1.0,r.-110.1.0/r.-79.1.0,r.-110.1.0/r.-79.1.0,r.-79.1.0/r.-110.1.0,r.-110.1.0/r.-79.1.0,r.-110.1.0/r.-79.1.0,r.-79.1.0/r.-110.1.0,r.-79.1.0/r.-110.1.0,r.-110.1.0/r.-79.1.0,r.-110.1.0/r.-79.1.0,r.-110.1.0/r.-79.1.0,r.-110.1.0/r.-79.1.0,,,,,,,,,,,,,,,,,,,,,,,,,,,,,,,,,,,,,,,,,,,,,,,,,,,,,,,,,,,,,,,,,,,,,,,,,,,,,,,,,,,,,,,,,,,,,,,,,,,,,,,,,,,,,,,,,,,,,,,,,,,,,,,,
652,r.-79.1.0/r.-110.1.0,r.-110.1.0/r.-79.1.0,r.-79.1.0/r.-110.1.0,r.-79.1.0/r.-110.1.0,r.-79.1.0/r.-110.1.0,r.-110.1.0/r.-79.1.0,r.-110.1.0/r.-79.1.0,r.-110.1.0/r.-79.1.0,r.-110.1.0/r.-79.1.0,r.-79.1.0/r.-110.1.0,r.-110.1.0/r.-79.1.0,r.-79.1.0/r.-110.1.0,r.-79.1.0/r.-110.1.0,r.-79.1.0/r.-110.1.0,r.-110.1.0/r.-79.1.0,r.-79.1.0/r.-110.1.0,r.-79.1.0/r.-110.1.0,r.-79.1.0/r.-110.1.0,r.-110.1.0/r.-79.1.0,r.-79.1.0/r.-110.1.0,r.-79.1.0/r.-110.1.0,r.-110.1.0/r.-79.1.0,r.-110.1.0/r.-79.1.0,r.-110.1.0/r.-79.1.0,r.-79.1.0/r.-110.1.0,r.-79.1.0/r.-110.1.0,r.-110.1.0/r.-79.1.0,r.-110.1.0/r.-79.1.0,r.-110.1.0/r.-79.1.0,r.-79.1.0/r.-110.1.0,r.-79.1.0/r.-110.1.0,r.-110.1.0/r.-79.1.0,r.-110.1.0/r.-79.1.0,r.-110.1.0/r.-79.1.0,r.-110.1.0/r.-79.1.0,r.-79.1.0/r.-110.1.0,r.-79.1.0/r.-110.1.0,r.-79.1.0/r.-110.1.0,r.-79.1.0/r.-110.1.0,r.-110.1.0/r.-79.1.0,r.-79.1.0/r.-110.1.0,r.-110.1.0/r.-79.1.0,r.-79.1.0/r.-110.1.0,r.-79.1.0/r.-110.1.0,r.-79.1.0/r.-110.1.0,r.-79.1.0/r.-110.1.0,r.-110.1.0/r.-79.1.0,r.-110.1.0/r.-79.1.0,r.-110.1.0/r.-79.1.0,r.-79.1.0/r.-110.1.0,r.-79.1.0/r.-110.1.0,r.-110.1.0/r.-79.1.0,r.-110.1.0/r.-79.1.0,r.-110.1.0/r.-79.1.0,r.-79.1.0/r.-110.1.0,r.-79.1.0/r.-110.1.0,r.-79.1.0/r.-110.1.0,r.-79.1.0/r.-110.1.0,r.-110.1.0/r.-79.1.0,r.-110.1.0/r.-79.1.0,r.-79.1.0/r.-110.1.0,r.-79.1.0/r.-110.1.0,r.-79.1.0/r.-110.1.0,r.-110.1.0/r.-79.1.0,r.-79.1.0/r.-110.1.0,r.-110.1.0/r.-79.1.0,r.-79.1.0/r.-110.1.0,r.-79.1.0/r.-110.1.0,r.-110.1.0/r.-79.1.0,r.-79.1.0/r.-110.1.0,r.-79.1.0/r.-110.1.0,r.-110.1.0/r.-79.1.0,r.-110.1.0/r.-79.1.0,r.-110.1.0/r.-79.1.0,r.-79.1.0/r.-110.1.0,r.-79.1.0/r.-110.1.0,r.-110.1.0/r.-79.1.0,r.-110.1.0/r.-79.1.0,r.-79.1.0/r.-110.1.0,r.-110.1.0/r.-79.1.0,r.-79.1.0/r.-110.1.0,r.-79.1.0/r.-110.1.0,r.-110.1.0/r.-79.1.0,r.-110.1.0/r.-79.1.0,r.-110.1.0/r.-79.1.0,r.-79.1.0/r.-110.1.0,r.-79.1.0/r.-110.1.0,r.-110.1.0/r.-79.1.0,r.-110.1.0/r.-79.1.0,r.-110.1.0/r.-79.1.0,r.-110.1.0/r.-79.1.0,r.-79.1.0/r.-110.1.0,r.-110.1.0/r.-79.1.0,r.-110.1.0/r.-79.1.0,,,,,,,,,,,,,,,,,,,,,,,,,,,,,,,,,,,,,,,,,,,,,,,,,,,,,,,,,,,,,,,,,,,,,,,,,,,,,,,,,,,,,,,,,,,,,,,,,,,,,,,,,,,,,,,,,,,,,,,,,,,,,,,,
653,r.-110.1.0/r.-79.1.0,r.-110.1.0/r.-79.1.0,r.-79.1.0/r.-110.1.0,r.-79.1.0/r.-110.1.0,r.-79.1.0/r.-110.1.0,r.-110.1.0/r.-79.1.0,r.-79.1.0/r.-110.1.0,r.-110.1.0/r.-79.1.0,r.-79.1.0/r.-110.1.0,r.-110.1.0/r.-79.1.0,r.-79.1.0/r.-110.1.0,r.-110.1.0/r.-79.1.0,r.-110.1.0/r.-79.1.0,r.-79.1.0/r.-110.1.0,r.-79.1.0/r.-110.1.0,r.-79.1.0/r.-110.1.0,r.-110.1.0/r.-79.1.0,r.-79.1.0/r.-110.1.0,r.-110.1.0/r.-79.1.0,r.-79.1.0/r.-110.1.0,r.-110.1.0/r.-79.1.0,r.-79.1.0/r.-110.1.0,r.-79.1.0/r.-110.1.0,r.-79.1.0/r.-110.1.0,r.-110.1.0/r.-79.1.0,r.-79.1.0/r.-110.1.0,r.-110.1.0/r.-79.1.0,r.-110.1.0/r.-79.1.0,r.-79.1.0/r.-110.1.0,r.-79.1.0/r.-110.1.0,r.-79.1.0/r.-110.1.0,r.-110.1.0/r.-79.1.0,r.-79.1.0/r.-110.1.0,r.-110.1.0/r.-79.1.0,r.-110.1.0/r.-79.1.0,r.-79.1.0/r.-110.1.0,r.-79.1.0/r.-110.1.0,r.-110.1.0/r.-79.1.0,r.-110.1.0/r.-79.1.0,r.-110.1.0/r.-79.1.0,r.-110.1.0/r.-79.1.0,r.-110.1.0/r.-79.1.0,r.-79.1.0/r.-110.1.0,r.-79.1.0/r.-110.1.0,r.-110.1.0/r.-79.1.0,r.-110.1.0/r.-79.1.0,r.-110.1.0/r.-79.1.0,r.-110.1.0/r.-79.1.0,r.-79.1.0/r.-110.1.0,r.-79.1.0/r.-110.1.0,r.-110.1.0/r.-79.1.0,r.-79.1.0/r.-110.1.0,r.-110.1.0/r.-79.1.0,r.-110.1.0/r.-79.1.0,r.-79.1.0/r.-110.1.0,r.-79.1.0/r.-110.1.0,r.-79.1.0/r.-110.1.0,r.-110.1.0/r.-79.1.0,r.-110.1.0/r.-79.1.0,r.-110.1.0/r.-79.1.0,r.-79.1.0/r.-110.1.0,r.-79.1.0/r.-110.1.0,r.-110.1.0/r.-79.1.0,r.-110.1.0/r.-79.1.0,r.-110.1.0/r.-79.1.0,r.-110.1.0/r.-79.1.0,r.-110.1.0/r.-79.1.0,r.-79.1.0/r.-110.1.0,r.-110.1.0/r.-79.1.0,r.-110.1.0/r.-79.1.0,r.-79.1.0/r.-110.1.0,r.-79.1.0/r.-110.1.0,r.-79.1.0/r.-110.1.0,r.-79.1.0/r.-110.1.0,r.-110.1.0/r.-79.1.0,r.-110.1.0/r.-79.1.0,r.-110.1.0/r.-79.1.0,r.-79.1.0/r.-110.1.0,r.-79.1.0/r.-110.1.0,r.-79.1.0/r.-110.1.0,r.-79.1.0/r.-110.1.0,r.-110.1.0/r.-79.1.0,r.-79.1.0/r.-110.1.0,r.-110.1.0/r.-79.1.0,r.-110.1.0/r.-79.1.0,r.-79.1.0/r.-110.1.0,r.-79.1.0/r.-110.1.0,r.-79.1.0/r.-110.1.0,r.-110.1.0/r.-79.1.0,r.-79.1.0/r.-110.1.0,r.-110.1.0/r.-79.1.0,r.-110.1.0/r.-79.1.0,r.-110.1.0/r.-79.1.0,r.-110.1.0/r.-79.1.0,,,,,,,,,,,,,,,,,,,,,,,,,,,,,,,,,,,,,,,,,,,,,,,,,,,,,,,,,,,,,,,,,,,,,,,,,,,,,,,,,,,,,,,,,,,,,,,,,,,,,,,,,,,,,,,,,,,,,,,,,,,,,,,,
654,r.-110.1.0/r.-79.1.0,r.-110.1.0/r.-79.1.0,r.-79.1.0/r.-110.1.0,r.-110.1.0/r.-79.1.0,r.-110.1.0/r.-79.1.0,r.-79.1.0/r.-110.1.0,r.-79.1.0/r.-110.1.0,r.-79.1.0/r.-110.1.0,r.-110.1.0/r.-79.1.0,r.-110.1.0/r.-79.1.0,r.-110.1.0/r.-79.1.0,r.-79.1.0/r.-110.1.0,r.-110.1.0/r.-79.1.0,r.-110.1.0/r.-79.1.0,r.-110.1.0/r.-79.1.0,r.-79.1.0/r.-110.1.0,r.-110.1.0/r.-79.1.0,r.-79.1.0/r.-110.1.0,r.-110.1.0/r.-79.1.0,r.-79.1.0/r.-110.1.0,r.-79.1.0/r.-110.1.0,r.-110.1.0/r.-79.1.0,r.-110.1.0/r.-79.1.0,r.-110.1.0/r.-79.1.0,r.-79.1.0/r.-110.1.0,r.-79.1.0/r.-110.1.0,r.-79.1.0/r.-110.1.0,r.-110.1.0/r.-79.1.0,r.-110.1.0/r.-79.1.0,r.-79.1.0/r.-110.1.0,r.-110.1.0/r.-79.1.0,r.-110.1.0/r.-79.1.0,r.-110.1.0/r.-79.1.0,r.-79.1.0/r.-110.1.0,r.-110.1.0/r.-79.1.0,r.-79.1.0/r.-110.1.0,r.-110.1.0/r.-79.1.0,r.-110.1.0/r.-79.1.0,r.-79.1.0/r.-110.1.0,r.-110.1.0/r.-79.1.0,r.-79.1.0/r.-110.1.0,r.-79.1.0/r.-110.1.0,r.-110.1.0/r.-79.1.0,r.-110.1.0/r.-79.1.0,r.-79.1.0/r.-110.1.0,r.-79.1.0/r.-110.1.0,r.-79.1.0/r.-110.1.0,r.-110.1.0/r.-79.1.0,r.-110.1.0/r.-79.1.0,r.-110.1.0/r.-79.1.0,r.-110.1.0/r.-79.1.0,r.-79.1.0/r.-110.1.0,r.-110.1.0/r.-79.1.0,r.-110.1.0/r.-79.1.0,r.-79.1.0/r.-110.1.0,r.-79.1.0/r.-110.1.0,r.-79.1.0/r.-110.1.0,r.-110.1.0/r.-79.1.0,r.-110.1.0/r.-79.1.0,r.-110.1.0/r.-79.1.0,r.-79.1.0/r.-110.1.0,r.-110.1.0/r.-79.1.0,r.-79.1.0/r.-110.1.0,r.-79.1.0/r.-110.1.0,r.-110.1.0/r.-79.1.0,r.-79.1.0/r.-110.1.0,r.-79.1.0/r.-110.1.0,r.-79.1.0/r.-110.1.0,r.-110.1.0/r.-79.1.0,r.-110.1.0/r.-79.1.0,r.-110.1.0/r.-79.1.0,r.-110.1.0/r.-79.1.0,r.-79.1.0/r.-110.1.0,r.-110.1.0/r.-79.1.0,r.-110.1.0/r.-79.1.0,r.-110.1.0/r.-79.1.0,r.-79.1.0/r.-110.1.0,r.-110.1.0/r.-79.1.0,r.-79.1.0/r.-110.1.0,r.-79.1.0/r.-110.1.0,r.-79.1.0/r.-110.1.0,r.-79.1.0/r.-110.1.0,r.-79.1.0/r.-110.1.0,r.-79.1.0/r.-110.1.0,r.-110.1.0/r.-79.1.0,r.-110.1.0/r.-79.1.0,r.-110.1.0/r.-79.1.0,r.-110.1.0/r.-79.1.0,r.-110.1.0/r.-79.1.0,r.-110.1.0/r.-79.1.0,r.-79.1.0/r.-110.1.0,r.-79.1.0/r.-110.1.0,r.-110.1.0/r.-79.1.0,r.-79.1.0/r.-110.1.0,,,,,,,,,,,,,,,,,,,,,,,,,,,,,,,,,,,,,,,,,,,,,,,,,,,,,,,,,,,,,,,,,,,,,,,,,,,,,,,,,,,,,,,,,,,,,,,,,,,,,,,,,,,,,,,,,,,,,,,,,,,,,,,,
655,r.-79.1.0/r.-110.1.0,r.-110.1.0/r.-79.1.0,r.-79.1.0/r.-110.1.0,r.-110.1.0/r.-79.1.0,r.-79.1.0/r.-110.1.0,r.-110.1.0/r.-79.1.0,r.-79.1.0/r.-110.1.0,r.-110.1.0/r.-79.1.0,r.-79.1.0/r.-110.1.0,r.-110.1.0/r.-79.1.0,r.-110.1.0/r.-79.1.0,r.-79.1.0/r.-110.1.0,r.-79.1.0/r.-110.1.0,r.-110.1.0/r.-79.1.0,r.-110.1.0/r.-79.1.0,r.-110.1.0/r.-79.1.0,r.-110.1.0/r.-79.1.0,r.-79.1.0/r.-110.1.0,r.-79.1.0/r.-110.1.0,r.-110.1.0/r.-79.1.0,r.-110.1.0/r.-79.1.0,r.-110.1.0/r.-79.1.0,r.-79.1.0/r.-110.1.0,r.-110.1.0/r.-79.1.0,r.-110.1.0/r.-79.1.0,r.-79.1.0/r.-110.1.0,r.-110.1.0/r.-79.1.0,r.-110.1.0/r.-79.1.0,r.-79.1.0/r.-110.1.0,r.-79.1.0/r.-110.1.0,r.-110.1.0/r.-79.1.0,r.-110.1.0/r.-79.1.0,r.-110.1.0/r.-79.1.0,r.-79.1.0/r.-110.1.0,r.-79.1.0/r.-110.1.0,r.-79.1.0/r.-110.1.0,r.-110.1.0/r.-79.1.0,r.-79.1.0/r.-110.1.0,r.-79.1.0/r.-110.1.0,r.-110.1.0/r.-79.1.0,r.-110.1.0/r.-79.1.0,r.-79.1.0/r.-110.1.0,r.-110.1.0/r.-79.1.0,r.-110.1.0/r.-79.1.0,r.-79.1.0/r.-110.1.0,r.-110.1.0/r.-79.1.0,r.-79.1.0/r.-110.1.0,r.-110.1.0/r.-79.1.0,r.-79.1.0/r.-110.1.0,r.-79.1.0/r.-110.1.0,r.-110.1.0/r.-79.1.0,r.-79.1.0/r.-110.1.0,r.-110.1.0/r.-79.1.0,r.-79.1.0/r.-110.1.0,r.-110.1.0/r.-79.1.0,r.-110.1.0/r.-79.1.0,r.-110.1.0/r.-79.1.0,r.-79.1.0/r.-110.1.0,r.-110.1.0/r.-79.1.0,r.-79.1.0/r.-110.1.0,r.-79.1.0/r.-110.1.0,r.-79.1.0/r.-110.1.0,r.-79.1.0/r.-110.1.0,r.-110.1.0/r.-79.1.0,r.-110.1.0/r.-79.1.0,r.-110.1.0/r.-79.1.0,r.-79.1.0/r.-110.1.0,r.-110.1.0/r.-79.1.0,r.-110.1.0/r.-79.1.0,r.-110.1.0/r.-79.1.0,r.-110.1.0/r.-79.1.0,r.-110.1.0/r.-79.1.0,r.-110.1.0/r.-79.1.0,r.-79.1.0/r.-110.1.0,r.-79.1.0/r.-110.1.0,r.-79.1.0/r.-110.1.0,r.-79.1.0/r.-110.1.0,r.-110.1.0/r.-79.1.0,r.-110.1.0/r.-79.1.0,r.-79.1.0/r.-110.1.0,r.-110.1.0/r.-79.1.0,r.-79.1.0/r.-110.1.0,r.-79.1.0/r.-110.1.0,r.-79.1.0/r.-110.1.0,r.-79.1.0/r.-110.1.0,r.-79.1.0/r.-110.1.0,r.-110.1.0/r.-79.1.0,r.-110.1.0/r.-79.1.0,r.-79.1.0/r.-110.1.0,r.-110.1.0/r.-79.1.0,r.-79.1.0/r.-110.1.0,r.-79.1.0/r.-110.1.0,r.-79.1.0/r.-110.1.0,r.-110.1.0/r.-79.1.0,,,,,,,,,,,,,,,,,,,,,,,,,,,,,,,,,,,,,,,,,,,,,,,,,,,,,,,,,,,,,,,,,,,,,,,,,,,,,,,,,,,,,,,,,,,,,,,,,,,,,,,,,,,,,,,,,,,,,,,,,,,,,,,,
656,r.-110.1.0/r.-79.1.0,r.-79.1.0/r.-110.1.0,r.-110.1.0/r.-79.1.0,r.-79.1.0/r.-110.1.0,r.-110.1.0/r.-79.1.0,r.-79.1.0/r.-110.1.0,r.-79.1.0/r.-110.1.0,r.-79.1.0/r.-110.1.0,r.-79.1.0/r.-110.1.0,r.-79.1.0/r.-110.1.0,r.-110.1.0/r.-79.1.0,r.-79.1.0/r.-110.1.0,r.-110.1.0/r.-79.1.0,r.-110.1.0/r.-79.1.0,r.-110.1.0/r.-79.1.0,r.-79.1.0/r.-110.1.0,r.-79.1.0/r.-110.1.0,r.-79.1.0/r.-110.1.0,r.-110.1.0/r.-79.1.0,r.-79.1.0/r.-110.1.0,r.-79.1.0/r.-110.1.0,r.-79.1.0/r.-110.1.0,r.-110.1.0/r.-79.1.0,r.-79.1.0/r.-110.1.0,r.-79.1.0/r.-110.1.0,r.-79.1.0/r.-110.1.0,r.-110.1.0/r.-79.1.0,r.-79.1.0/r.-110.1.0,r.-110.1.0/r.-79.1.0,r.-110.1.0/r.-79.1.0,r.-110.1.0/r.-79.1.0,r.-110.1.0/r.-79.1.0,r.-79.1.0/r.-110.1.0,r.-110.1.0/r.-79.1.0,r.-110.1.0/r.-79.1.0,r.-79.1.0/r.-110.1.0,r.-79.1.0/r.-110.1.0,r.-110.1.0/r.-79.1.0,r.-110.1.0/r.-79.1.0,r.-110.1.0/r.-79.1.0,r.-79.1.0/r.-110.1.0,r.-79.1.0/r.-110.1.0,r.-79.1.0/r.-110.1.0,r.-110.1.0/r.-79.1.0,r.-110.1.0/r.-79.1.0,r.-79.1.0/r.-110.1.0,r.-79.1.0/r.-110.1.0,r.-79.1.0/r.-110.1.0,r.-79.1.0/r.-110.1.0,r.-79.1.0/r.-110.1.0,r.-110.1.0/r.-79.1.0,r.-110.1.0/r.-79.1.0,r.-79.1.0/r.-110.1.0,r.-110.1.0/r.-79.1.0,r.-110.1.0/r.-79.1.0,r.-79.1.0/r.-110.1.0,r.-110.1.0/r.-79.1.0,r.-79.1.0/r.-110.1.0,r.-110.1.0/r.-79.1.0,r.-79.1.0/r.-110.1.0,r.-79.1.0/r.-110.1.0,r.-110.1.0/r.-79.1.0,r.-110.1.0/r.-79.1.0,r.-110.1.0/r.-79.1.0,r.-79.1.0/r.-110.1.0,r.-110.1.0/r.-79.1.0,r.-110.1.0/r.-79.1.0,r.-110.1.0/r.-79.1.0,r.-79.1.0/r.-110.1.0,r.-110.1.0/r.-79.1.0,r.-110.1.0/r.-79.1.0,r.-110.1.0/r.-79.1.0,r.-110.1.0/r.-79.1.0,r.-79.1.0/r.-110.1.0,r.-110.1.0/r.-79.1.0,r.-110.1.0/r.-79.1.0,r.-79.1.0/r.-110.1.0,r.-110.1.0/r.-79.1.0,r.-110.1.0/r.-79.1.0,r.-110.1.0/r.-79.1.0,r.-110.1.0/r.-79.1.0,r.-110.1.0/r.-79.1.0,r.-110.1.0/r.-79.1.0,r.-79.1.0/r.-110.1.0,r.-79.1.0/r.-110.1.0,r.-79.1.0/r.-110.1.0,r.-79.1.0/r.-110.1.0,r.-110.1.0/r.-79.1.0,r.-79.1.0/r.-110.1.0,r.-110.1.0/r.-79.1.0,r.-110.1.0/r.-79.1.0,r.-110.1.0/r.-79.1.0,r.-110.1.0/r.-79.1.0,r.-79.1.0/r.-110.1.0,,,,,,,,,,,,,,,,,,,,,,,,,,,,,,,,,,,,,,,,,,,,,,,,,,,,,,,,,,,,,,,,,,,,,,,,,,,,,,,,,,,,,,,,,,,,,,,,,,,,,,,,,,,,,,,,,,,,,,,,,,,,,,,,
657,r.-79.1.0/r.-110.1.0,r.-79.1.0/r.-110.1.0,r.-79.1.0/r.-110.1.0,r.-79.1.0/r.-110.1.0,r.-110.1.0/r.-79.1.0,r.-79.1.0/r.-110.1.0,r.-79.1.0/r.-110.1.0,r.-110.1.0/r.-79.1.0,r.-79.1.0/r.-110.1.0,r.-79.1.0/r.-110.1.0,r.-110.1.0/r.-79.1.0,r.-110.1.0/r.-79.1.0,r.-79.1.0/r.-110.1.0,r.-110.1.0/r.-79.1.0,r.-79.1.0/r.-110.1.0,r.-79.1.0/r.-110.1.0,r.-110.1.0/r.-79.1.0,r.-110.1.0/r.-79.1.0,r.-110.1.0/r.-79.1.0,r.-110.1.0/r.-79.1.0,r.-79.1.0/r.-110.1.0,r.-79.1.0/r.-110.1.0,r.-79.1.0/r.-110.1.0,r.-110.1.0/r.-79.1.0,r.-110.1.0/r.-79.1.0,r.-110.1.0/r.-79.1.0,r.-110.1.0/r.-79.1.0,r.-79.1.0/r.-110.1.0,r.-110.1.0/r.-79.1.0,r.-110.1.0/r.-79.1.0,r.-79.1.0/r.-110.1.0,r.-110.1.0/r.-79.1.0,r.-110.1.0/r.-79.1.0,r.-110.1.0/r.-79.1.0,r.-110.1.0/r.-79.1.0,r.-79.1.0/r.-110.1.0,r.-110.1.0/r.-79.1.0,r.-79.1.0/r.-110.1.0,r.-110.1.0/r.-79.1.0,r.-110.1.0/r.-79.1.0,r.-79.1.0/r.-110.1.0,r.-110.1.0/r.-79.1.0,r.-79.1.0/r.-110.1.0,r.-110.1.0/r.-79.1.0,r.-79.1.0/r.-110.1.0,r.-79.1.0/r.-110.1.0,r.-110.1.0/r.-79.1.0,r.-110.1.0/r.-79.1.0,r.-79.1.0/r.-110.1.0,r.-110.1.0/r.-79.1.0,r.-79.1.0/r.-110.1.0,r.-110.1.0/r.-79.1.0,r.-79.1.0/r.-110.1.0,r.-79.1.0/r.-110.1.0,r.-79.1.0/r.-110.1.0,r.-110.1.0/r.-79.1.0,r.-79.1.0/r.-110.1.0,r.-79.1.0/r.-110.1.0,r.-79.1.0/r.-110.1.0,r.-79.1.0/r.-110.1.0,r.-79.1.0/r.-110.1.0,r.-79.1.0/r.-110.1.0,r.-79.1.0/r.-110.1.0,r.-79.1.0/r.-110.1.0,r.-79.1.0/r.-110.1.0,r.-79.1.0/r.-110.1.0,r.-110.1.0/r.-79.1.0,r.-110.1.0/r.-79.1.0,r.-79.1.0/r.-110.1.0,r.-79.1.0/r.-110.1.0,r.-79.1.0/r.-110.1.0,r.-79.1.0/r.-110.1.0,r.-110.1.0/r.-79.1.0,r.-79.1.0/r.-110.1.0,r.-79.1.0/r.-110.1.0,r.-110.1.0/r.-79.1.0,r.-110.1.0/r.-79.1.0,r.-110.1.0/r.-79.1.0,r.-110.1.0/r.-79.1.0,r.-110.1.0/r.-79.1.0,r.-110.1.0/r.-79.1.0,r.-79.1.0/r.-110.1.0,r.-79.1.0/r.-110.1.0,r.-110.1.0/r.-79.1.0,r.-110.1.0/r.-79.1.0,r.-110.1.0/r.-79.1.0,r.-110.1.0/r.-79.1.0,r.-110.1.0/r.-79.1.0,r.-110.1.0/r.-79.1.0,r.-110.1.0/r.-79.1.0,r.-79.1.0/r.-110.1.0,r.-79.1.0/r.-110.1.0,r.-79.1.0/r.-110.1.0,r.-79.1.0/r.-110.1.0,,,,,,,,,,,,,,,,,,,,,,,,,,,,,,,,,,,,,,,,,,,,,,,,,,,,,,,,,,,,,,,,,,,,,,,,,,,,,,,,,,,,,,,,,,,,,,,,,,,,,,,,,,,,,,,,,,,,,,,,,,,,,,,,
658,r.-79.1.0/r.-110.1.0,r.-110.1.0/r.-79.1.0,r.-79.1.0/r.-110.1.0,r.-110.1.0/r.-79.1.0,r.-110.1.0/r.-79.1.0,r.-79.1.0/r.-110.1.0,r.-110.1.0/r.-79.1.0,r.-79.1.0/r.-110.1.0,r.-110.1.0/r.-79.1.0,r.-110.1.0/r.-79.1.0,r.-79.1.0/r.-110.1.0,r.-79.1.0/r.-110.1.0,r.-110.1.0/r.-79.1.0,r.-79.1.0/r.-110.1.0,r.-110.1.0/r.-79.1.0,r.-79.1.0/r.-110.1.0,r.-79.1.0/r.-110.1.0,r.-79.1.0/r.-110.1.0,r.-110.1.0/r.-79.1.0,r.-79.1.0/r.-110.1.0,r.-79.1.0/r.-110.1.0,r.-79.1.0/r.-110.1.0,r.-110.1.0/r.-79.1.0,r.-79.1.0/r.-110.1.0,r.-79.1.0/r.-110.1.0,r.-79.1.0/r.-110.1.0,r.-110.1.0/r.-79.1.0,r.-79.1.0/r.-110.1.0,r.-110.1.0/r.-79.1.0,r.-79.1.0/r.-110.1.0,r.-110.1.0/r.-79.1.0,r.-79.1.0/r.-110.1.0,r.-110.1.0/r.-79.1.0,r.-110.1.0/r.-79.1.0,r.-110.1.0/r.-79.1.0,r.-110.1.0/r.-79.1.0,r.-110.1.0/r.-79.1.0,r.-110.1.0/r.-79.1.0,r.-79.1.0/r.-110.1.0,r.-79.1.0/r.-110.1.0,r.-110.1.0/r.-79.1.0,r.-110.1.0/r.-79.1.0,r.-110.1.0/r.-79.1.0,r.-110.1.0/r.-79.1.0,r.-79.1.0/r.-110.1.0,r.-110.1.0/r.-79.1.0,r.-110.1.0/r.-79.1.0,r.-110.1.0/r.-79.1.0,r.-110.1.0/r.-79.1.0,r.-110.1.0/r.-79.1.0,r.-79.1.0/r.-110.1.0,r.-110.1.0/r.-79.1.0,r.-110.1.0/r.-79.1.0,r.-79.1.0/r.-110.1.0,r.-79.1.0/r.-110.1.0,r.-79.1.0/r.-110.1.0,r.-110.1.0/r.-79.1.0,r.-79.1.0/r.-110.1.0,r.-79.1.0/r.-110.1.0,r.-79.1.0/r.-110.1.0,r.-110.1.0/r.-79.1.0,r.-110.1.0/r.-79.1.0,r.-110.1.0/r.-79.1.0,r.-110.1.0/r.-79.1.0,r.-110.1.0/r.-79.1.0,r.-79.1.0/r.-110.1.0,r.-79.1.0/r.-110.1.0,r.-79.1.0/r.-110.1.0,r.-79.1.0/r.-110.1.0,r.-110.1.0/r.-79.1.0,r.-79.1.0/r.-110.1.0,r.-79.1.0/r.-110.1.0,r.-79.1.0/r.-110.1.0,r.-110.1.0/r.-79.1.0,r.-110.1.0/r.-79.1.0,r.-79.1.0/r.-110.1.0,r.-79.1.0/r.-110.1.0,r.-79.1.0/r.-110.1.0,r.-79.1.0/r.-110.1.0,r.-79.1.0/r.-110.1.0,r.-110.1.0/r.-79.1.0,r.-79.1.0/r.-110.1.0,r.-110.1.0/r.-79.1.0,r.-79.1.0/r.-110.1.0,r.-110.1.0/r.-79.1.0,r.-110.1.0/r.-79.1.0,r.-79.1.0/r.-110.1.0,r.-79.1.0/r.-110.1.0,r.-110.1.0/r.-79.1.0,r.-110.1.0/r.-79.1.0,r.-110.1.0/r.-79.1.0,r.-110.1.0/r.-79.1.0,r.-110.1.0/r.-79.1.0,r.-110.1.0/r.-79.1.0,,,,,,,,,,,,,,,,,,,,,,,,,,,,,,,,,,,,,,,,,,,,,,,,,,,,,,,,,,,,,,,,,,,,,,,,,,,,,,,,,,,,,,,,,,,,,,,,,,,,,,,,,,,,,,,,,,,,,,,,,,,,,,,,
659,r.-79.1.0/r.-110.1.0,r.-79.1.0/r.-110.1.0,r.-110.1.0/r.-79.1.0,r.-79.1.0/r.-110.1.0,r.-79.1.0/r.-110.1.0,r.-79.1.0/r.-110.1.0,r.-110.1.0/r.-79.1.0,r.-110.1.0/r.-79.1.0,r.-79.1.0/r.-110.1.0,r.-79.1.0/r.-110.1.0,r.-79.1.0/r.-110.1.0,r.-79.1.0/r.-110.1.0,r.-110.1.0/r.-79.1.0,r.-79.1.0/r.-110.1.0,r.-110.1.0/r.-79.1.0,r.-110.1.0/r.-79.1.0,r.-79.1.0/r.-110.1.0,r.-110.1.0/r.-79.1.0,r.-110.1.0/r.-79.1.0,r.-79.1.0/r.-110.1.0,r.-79.1.0/r.-110.1.0,r.-79.1.0/r.-110.1.0,r.-110.1.0/r.-79.1.0,r.-79.1.0/r.-110.1.0,r.-110.1.0/r.-79.1.0,r.-110.1.0/r.-79.1.0,r.-110.1.0/r.-79.1.0,r.-79.1.0/r.-110.1.0,r.-110.1.0/r.-79.1.0,r.-110.1.0/r.-79.1.0,r.-110.1.0/r.-79.1.0,r.-110.1.0/r.-79.1.0,r.-110.1.0/r.-79.1.0,r.-110.1.0/r.-79.1.0,r.-79.1.0/r.-110.1.0,r.-110.1.0/r.-79.1.0,r.-110.1.0/r.-79.1.0,r.-110.1.0/r.-79.1.0,r.-79.1.0/r.-110.1.0,r.-79.1.0/r.-110.1.0,r.-79.1.0/r.-110.1.0,r.-79.1.0/r.-110.1.0,r.-79.1.0/r.-110.1.0,r.-110.1.0/r.-79.1.0,r.-110.1.0/r.-79.1.0,r.-110.1.0/r.-79.1.0,r.-110.1.0/r.-79.1.0,r.-110.1.0/r.-79.1.0,r.-79.1.0/r.-110.1.0,r.-110.1.0/r.-79.1.0,r.-110.1.0/r.-79.1.0,r.-79.1.0/r.-110.1.0,r.-110.1.0/r.-79.1.0,r.-79.1.0/r.-110.1.0,r.-110.1.0/r.-79.1.0,r.-110.1.0/r.-79.1.0,r.-110.1.0/r.-79.1.0,r.-79.1.0/r.-110.1.0,r.-79.1.0/r.-110.1.0,r.-79.1.0/r.-110.1.0,r.-110.1.0/r.-79.1.0,r.-110.1.0/r.-79.1.0,r.-79.1.0/r.-110.1.0,r.-110.1.0/r.-79.1.0,r.-79.1.0/r.-110.1.0,r.-110.1.0/r.-79.1.0,r.-110.1.0/r.-79.1.0,r.-110.1.0/r.-79.1.0,r.-79.1.0/r.-110.1.0,r.-79.1.0/r.-110.1.0,r.-110.1.0/r.-79.1.0,r.-110.1.0/r.-79.1.0,r.-110.1.0/r.-79.1.0,r.-110.1.0/r.-79.1.0,r.-110.1.0/r.-79.1.0,r.-79.1.0/r.-110.1.0,r.-79.1.0/r.-110.1.0,r.-110.1.0/r.-79.1.0,r.-110.1.0/r.-79.1.0,r.-79.1.0/r.-110.1.0,r.-79.1.0/r.-110.1.0,r.-79.1.0/r.-110.1.0,r.-79.1.0/r.-110.1.0,r.-110.1.0/r.-79.1.0,r.-79.1.0/r.-110.1.0,r.-79.1.0/r.-110.1.0,r.-110.1.0/r.-79.1.0,r.-79.1.0/r.-110.1.0,r.-79.1.0/r.-110.1.0,r.-79.1.0/r.-110.1.0,r.-79.1.0/r.-110.1.0,r.-79.1.0/r.-110.1.0,r.-110.1.0/r.-79.1.0,r.-79.1.0/r.-110.1.0,,,,,,,,,,,,,,,,,,,,,,,,,,,,,,,,,,,,,,,,,,,,,,,,,,,,,,,,,,,,,,,,,,,,,,,,,,,,,,,,,,,,,,,,,,,,,,,,,,,,,,,,,,,,,,,,,,,,,,,,,,,,,,,,
660,r.-79.1.0/r.-110.1.0,r.-79.1.0/r.-110.1.0,r.-110.1.0/r.-79.1.0,r.-110.1.0/r.-79.1.0,r.-110.1.0/r.-79.1.0,r.-79.1.0/r.-110.1.0,r.-79.1.0/r.-110.1.0,r.-79.1.0/r.-110.1.0,r.-110.1.0/r.-79.1.0,r.-110.1.0/r.-79.1.0,r.-110.1.0/r.-79.1.0,r.-110.1.0/r.-79.1.0,r.-110.1.0/r.-79.1.0,r.-110.1.0/r.-79.1.0,r.-79.1.0/r.-110.1.0,r.-110.1.0/r.-79.1.0,r.-110.1.0/r.-79.1.0,r.-79.1.0/r.-110.1.0,r.-79.1.0/r.-110.1.0,r.-110.1.0/r.-79.1.0,r.-79.1.0/r.-110.1.0,r.-79.1.0/r.-110.1.0,r.-110.1.0/r.-79.1.0,r.-110.1.0/r.-79.1.0,r.-110.1.0/r.-79.1.0,r.-110.1.0/r.-79.1.0,r.-79.1.0/r.-110.1.0,r.-79.1.0/r.-110.1.0,r.-79.1.0/r.-110.1.0,r.-110.1.0/r.-79.1.0,r.-79.1.0/r.-110.1.0,r.-110.1.0/r.-79.1.0,r.-79.1.0/r.-110.1.0,r.-79.1.0/r.-110.1.0,r.-79.1.0/r.-110.1.0,r.-79.1.0/r.-110.1.0,r.-110.1.0/r.-79.1.0,r.-79.1.0/r.-110.1.0,r.-79.1.0/r.-110.1.0,r.-110.1.0/r.-79.1.0,r.-79.1.0/r.-110.1.0,r.-110.1.0/r.-79.1.0,r.-110.1.0/r.-79.1.0,r.-110.1.0/r.-79.1.0,r.-110.1.0/r.-79.1.0,r.-79.1.0/r.-110.1.0,r.-110.1.0/r.-79.1.0,r.-110.1.0/r.-79.1.0,r.-79.1.0/r.-110.1.0,r.-110.1.0/r.-79.1.0,r.-79.1.0/r.-110.1.0,r.-110.1.0/r.-79.1.0,r.-110.1.0/r.-79.1.0,r.-110.1.0/r.-79.1.0,r.-110.1.0/r.-79.1.0,r.-110.1.0/r.-79.1.0,r.-79.1.0/r.-110.1.0,r.-110.1.0/r.-79.1.0,r.-110.1.0/r.-79.1.0,r.-79.1.0/r.-110.1.0,r.-79.1.0/r.-110.1.0,r.-79.1.0/r.-110.1.0,r.-110.1.0/r.-79.1.0,r.-79.1.0/r.-110.1.0,r.-79.1.0/r.-110.1.0,r.-110.1.0/r.-79.1.0,r.-79.1.0/r.-110.1.0,r.-79.1.0/r.-110.1.0,r.-79.1.0/r.-110.1.0,r.-79.1.0/r.-110.1.0,r.-110.1.0/r.-79.1.0,r.-79.1.0/r.-110.1.0,r.-110.1.0/r.-79.1.0,r.-110.1.0/r.-79.1.0,r.-79.1.0/r.-110.1.0,r.-110.1.0/r.-79.1.0,r.-79.1.0/r.-110.1.0,r.-110.1.0/r.-79.1.0,r.-110.1.0/r.-79.1.0,r.-110.1.0/r.-79.1.0,r.-110.1.0/r.-79.1.0,r.-79.1.0/r.-110.1.0,r.-79.1.0/r.-110.1.0,r.-79.1.0/r.-110.1.0,r.-110.1.0/r.-79.1.0,r.-110.1.0/r.-79.1.0,r.-79.1.0/r.-110.1.0,r.-110.1.0/r.-79.1.0,r.-79.1.0/r.-110.1.0,r.-79.1.0/r.-110.1.0,r.-79.1.0/r.-110.1.0,r.-110.1.0/r.-79.1.0,r.-110.1.0/r.-79.1.0,r.-79.1.0/r.-110.1.0,,,,,,,,,,,,,,,,,,,,,,,,,,,,,,,,,,,,,,,,,,,,,,,,,,,,,,,,,,,,,,,,,,,,,,,,,,,,,,,,,,,,,,,,,,,,,,,,,,,,,,,,,,,,,,,,,,,,,,,,,,,,,,,,
661,r.-79.1.0/r.-110.1.0,r.-79.1.0/r.-110.1.0,r.-110.1.0/r.-79.1.0,r.-79.1.0/r.-110.1.0,r.-110.1.0/r.-79.1.0,r.-110.1.0/r.-79.1.0,r.-79.1.0/r.-110.1.0,r.-110.1.0/r.-79.1.0,r.-79.1.0/r.-110.1.0,r.-79.1.0/r.-110.1.0,r.-79.1.0/r.-110.1.0,r.-110.1.0/r.-79.1.0,r.-79.1.0/r.-110.1.0,r.-79.1.0/r.-110.1.0,r.-79.1.0/r.-110.1.0,r.-79.1.0/r.-110.1.0,r.-110.1.0/r.-79.1.0,r.-110.1.0/r.-79.1.0,r.-79.1.0/r.-110.1.0,r.-110.1.0/r.-79.1.0,r.-79.1.0/r.-110.1.0,r.-110.1.0/r.-79.1.0,r.-110.1.0/r.-79.1.0,r.-110.1.0/r.-79.1.0,r.-79.1.0/r.-110.1.0,r.-110.1.0/r.-79.1.0,r.-79.1.0/r.-110.1.0,r.-110.1.0/r.-79.1.0,r.-110.1.0/r.-79.1.0,r.-79.1.0/r.-110.1.0,r.-110.1.0/r.-79.1.0,r.-79.1.0/r.-110.1.0,r.-79.1.0/r.-110.1.0,r.-110.1.0/r.-79.1.0,r.-110.1.0/r.-79.1.0,r.-110.1.0/r.-79.1.0,r.-110.1.0/r.-79.1.0,r.-79.1.0/r.-110.1.0,r.-110.1.0/r.-79.1.0,r.-79.1.0/r.-110.1.0,r.-110.1.0/r.-79.1.0,r.-79.1.0/r.-110.1.0,r.-110.1.0/r.-79.1.0,r.-79.1.0/r.-110.1.0,r.-110.1.0/r.-79.1.0,r.-110.1.0/r.-79.1.0,r.-110.1.0/r.-79.1.0,r.-110.1.0/r.-79.1.0,r.-110.1.0/r.-79.1.0,r.-79.1.0/r.-110.1.0,r.-79.1.0/r.-110.1.0,r.-110.1.0/r.-79.1.0,r.-79.1.0/r.-110.1.0,r.-110.1.0/r.-79.1.0,r.-79.1.0/r.-110.1.0,r.-79.1.0/r.-110.1.0,r.-110.1.0/r.-79.1.0,r.-79.1.0/r.-110.1.0,r.-110.1.0/r.-79.1.0,r.-79.1.0/r.-110.1.0,r.-110.1.0/r.-79.1.0,r.-79.1.0/r.-110.1.0,r.-110.1.0/r.-79.1.0,r.-79.1.0/r.-110.1.0,r.-79.1.0/r.-110.1.0,r.-79.1.0/r.-110.1.0,r.-110.1.0/r.-79.1.0,r.-110.1.0/r.-79.1.0,r.-79.1.0/r.-110.1.0,r.-110.1.0/r.-79.1.0,r.-110.1.0/r.-79.1.0,r.-110.1.0/r.-79.1.0,r.-110.1.0/r.-79.1.0,r.-110.1.0/r.-79.1.0,r.-110.1.0/r.-79.1.0,r.-79.1.0/r.-110.1.0,r.-110.1.0/r.-79.1.0,r.-79.1.0/r.-110.1.0,r.-79.1.0/r.-110.1.0,r.-110.1.0/r.-79.1.0,r.-110.1.0/r.-79.1.0,r.-79.1.0/r.-110.1.0,r.-79.1.0/r.-110.1.0,r.-79.1.0/r.-110.1.0,r.-79.1.0/r.-110.1.0,r.-110.1.0/r.-79.1.0,r.-79.1.0/r.-110.1.0,r.-79.1.0/r.-110.1.0,r.-79.1.0/r.-110.1.0,r.-110.1.0/r.-79.1.0,r.-110.1.0/r.-79.1.0,r.-110.1.0/r.-79.1.0,r.-79.1.0/r.-110.1.0,r.-79.1.0/r.-110.1.0,,,,,,,,,,,,,,,,,,,,,,,,,,,,,,,,,,,,,,,,,,,,,,,,,,,,,,,,,,,,,,,,,,,,,,,,,,,,,,,,,,,,,,,,,,,,,,,,,,,,,,,,,,,,,,,,,,,,,,,,,,,,,,,,
662,r.-79.1.0/r.-110.1.0,r.-79.1.0/r.-110.1.0,r.-79.1.0/r.-110.1.0,r.-110.1.0/r.-79.1.0,r.-79.1.0/r.-110.1.0,r.-110.1.0/r.-79.1.0,r.-110.1.0/r.-79.1.0,r.-110.1.0/r.-79.1.0,r.-79.1.0/r.-110.1.0,r.-79.1.0/r.-110.1.0,r.-79.1.0/r.-110.1.0,r.-79.1.0/r.-110.1.0,r.-79.1.0/r.-110.1.0,r.-110.1.0/r.-79.1.0,r.-110.1.0/r.-79.1.0,r.-110.1.0/r.-79.1.0,r.-110.1.0/r.-79.1.0,r.-110.1.0/r.-79.1.0,r.-110.1.0/r.-79.1.0,r.-110.1.0/r.-79.1.0,r.-79.1.0/r.-110.1.0,r.-110.1.0/r.-79.1.0,r.-110.1.0/r.-79.1.0,r.-110.1.0/r.-79.1.0,r.-110.1.0/r.-79.1.0,r.-79.1.0/r.-110.1.0,r.-79.1.0/r.-110.1.0,r.-110.1.0/r.-79.1.0,r.-110.1.0/r.-79.1.0,r.-79.1.0/r.-110.1.0,r.-110.1.0/r.-79.1.0,r.-110.1.0/r.-79.1.0,r.-79.1.0/r.-110.1.0,r.-110.1.0/r.-79.1.0,r.-79.1.0/r.-110.1.0,r.-110.1.0/r.-79.1.0,r.-110.1.0/r.-79.1.0,r.-110.1.0/r.-79.1.0,r.-79.1.0/r.-110.1.0,r.-79.1.0/r.-110.1.0,r.-110.1.0/r.-79.1.0,r.-79.1.0/r.-110.1.0,r.-79.1.0/r.-110.1.0,r.-79.1.0/r.-110.1.0,r.-79.1.0/r.-110.1.0,r.-110.1.0/r.-79.1.0,r.-110.1.0/r.-79.1.0,r.-110.1.0/r.-79.1.0,r.-79.1.0/r.-110.1.0,r.-110.1.0/r.-79.1.0,r.-110.1.0/r.-79.1.0,r.-79.1.0/r.-110.1.0,r.-110.1.0/r.-79.1.0,r.-79.1.0/r.-110.1.0,r.-110.1.0/r.-79.1.0,r.-110.1.0/r.-79.1.0,r.-79.1.0/r.-110.1.0,r.-79.1.0/r.-110.1.0,r.-79.1.0/r.-110.1.0,r.-110.1.0/r.-79.1.0,r.-110.1.0/r.-79.1.0,r.-79.1.0/r.-110.1.0,r.-79.1.0/r.-110.1.0,r.-110.1.0/r.-79.1.0,r.-110.1.0/r.-79.1.0,r.-110.1.0/r.-79.1.0,r.-79.1.0/r.-110.1.0,r.-79.1.0/r.-110.1.0,r.-79.1.0/r.-110.1.0,r.-79.1.0/r.-110.1.0,r.-79.1.0/r.-110.1.0,r.-110.1.0/r.-79.1.0,r.-110.1.0/r.-79.1.0,r.-110.1.0/r.-79.1.0,r.-110.1.0/r.-79.1.0,r.-79.1.0/r.-110.1.0,r.-79.1.0/r.-110.1.0,r.-79.1.0/r.-110.1.0,r.-110.1.0/r.-79.1.0,r.-110.1.0/r.-79.1.0,r.-79.1.0/r.-110.1.0,r.-110.1.0/r.-79.1.0,r.-110.1.0/r.-79.1.0,r.-110.1.0/r.-79.1.0,r.-110.1.0/r.-79.1.0,r.-110.1.0/r.-79.1.0,r.-79.1.0/r.-110.1.0,r.-110.1.0/r.-79.1.0,r.-79.1.0/r.-110.1.0,r.-110.1.0/r.-79.1.0,r.-79.1.0/r.-110.1.0,r.-110.1.0/r.-79.1.0,r.-110.1.0/r.-79.1.0,r.-110.1.0/r.-79.1.0,,,,,,,,,,,,,,,,,,,,,,,,,,,,,,,,,,,,,,,,,,,,,,,,,,,,,,,,,,,,,,,,,,,,,,,,,,,,,,,,,,,,,,,,,,,,,,,,,,,,,,,,,,,,,,,,,,,,,,,,,,,,,,,,
663,r.-110.1.0/r.-79.1.0,r.-79.1.0/r.-110.1.0,r.-79.1.0/r.-110.1.0,r.-79.1.0/r.-110.1.0,r.-79.1.0/r.-110.1.0,r.-79.1.0/r.-110.1.0,r.-110.1.0/r.-79.1.0,r.-110.1.0/r.-79.1.0,r.-79.1.0/r.-110.1.0,r.-110.1.0/r.-79.1.0,r.-79.1.0/r.-110.1.0,r.-110.1.0/r.-79.1.0,r.-79.1.0/r.-110.1.0,r.-79.1.0/r.-110.1.0,r.-110.1.0/r.-79.1.0,r.-79.1.0/r.-110.1.0,r.-79.1.0/r.-110.1.0,r.-110.1.0/r.-79.1.0,r.-79.1.0/r.-110.1.0,r.-79.1.0/r.-110.1.0,r.-79.1.0/r.-110.1.0,r.-110.1.0/r.-79.1.0,r.-79.1.0/r.-110.1.0,r.-110.1.0/r.-79.1.0,r.-110.1.0/r.-79.1.0,r.-79.1.0/r.-110.1.0,r.-79.1.0/r.-110.1.0,r.-110.1.0/r.-79.1.0,r.-79.1.0/r.-110.1.0,r.-79.1.0/r.-110.1.0,r.-110.1.0/r.-79.1.0,r.-79.1.0/r.-110.1.0,r.-110.1.0/r.-79.1.0,r.-110.1.0/r.-79.1.0,r.-110.1.0/r.-79.1.0,r.-110.1.0/r.-79.1.0,r.-110.1.0/r.-79.1.0,r.-79.1.0/r.-110.1.0,r.-79.1.0/r.-110.1.0,r.-79.1.0/r.-110.1.0,r.-110.1.0/r.-79.1.0,r.-79.1.0/r.-110.1.0,r.-110.1.0/r.-79.1.0,r.-110.1.0/r.-79.1.0,r.-110.1.0/r.-79.1.0,r.-79.1.0/r.-110.1.0,r.-110.1.0/r.-79.1.0,r.-79.1.0/r.-110.1.0,r.-110.1.0/r.-79.1.0,r.-79.1.0/r.-110.1.0,r.-110.1.0/r.-79.1.0,r.-79.1.0/r.-110.1.0,r.-79.1.0/r.-110.1.0,r.-110.1.0/r.-79.1.0,r.-110.1.0/r.-79.1.0,r.-110.1.0/r.-79.1.0,r.-79.1.0/r.-110.1.0,r.-79.1.0/r.-110.1.0,r.-79.1.0/r.-110.1.0,r.-79.1.0/r.-110.1.0,r.-110.1.0/r.-79.1.0,r.-110.1.0/r.-79.1.0,r.-79.1.0/r.-110.1.0,r.-79.1.0/r.-110.1.0,r.-110.1.0/r.-79.1.0,r.-79.1.0/r.-110.1.0,r.-110.1.0/r.-79.1.0,r.-79.1.0/r.-110.1.0,r.-79.1.0/r.-110.1.0,r.-110.1.0/r.-79.1.0,r.-110.1.0/r.-79.1.0,r.-110.1.0/r.-79.1.0,r.-110.1.0/r.-79.1.0,r.-79.1.0/r.-110.1.0,r.-79.1.0/r.-110.1.0,r.-79.1.0/r.-110.1.0,r.-110.1.0/r.-79.1.0,r.-110.1.0/r.-79.1.0,r.-79.1.0/r.-110.1.0,r.-110.1.0/r.-79.1.0,r.-110.1.0/r.-79.1.0,r.-110.1.0/r.-79.1.0,r.-110.1.0/r.-79.1.0,r.-110.1.0/r.-79.1.0,r.-79.1.0/r.-110.1.0,r.-110.1.0/r.-79.1.0,r.-110.1.0/r.-79.1.0,r.-110.1.0/r.-79.1.0,r.-110.1.0/r.-79.1.0,r.-110.1.0/r.-79.1.0,r.-79.1.0/r.-110.1.0,r.-110.1.0/r.-79.1.0,r.-110.1.0/r.-79.1.0,r.-110.1.0/r.-79.1.0,,,,,,,,,,,,,,,,,,,,,,,,,,,,,,,,,,,,,,,,,,,,,,,,,,,,,,,,,,,,,,,,,,,,,,,,,,,,,,,,,,,,,,,,,,,,,,,,,,,,,,,,,,,,,,,,,,,,,,,,,,,,,,,,
664,r.-110.1.0/r.-79.1.0,r.-79.1.0/r.-110.1.0,r.-79.1.0/r.-110.1.0,r.-110.1.0/r.-79.1.0,r.-110.1.0/r.-79.1.0,r.-110.1.0/r.-79.1.0,r.-79.1.0/r.-110.1.0,r.-79.1.0/r.-110.1.0,r.-110.1.0/r.-79.1.0,r.-79.1.0/r.-110.1.0,r.-79.1.0/r.-110.1.0,r.-110.1.0/r.-79.1.0,r.-79.1.0/r.-110.1.0,r.-79.1.0/r.-110.1.0,r.-79.1.0/r.-110.1.0,r.-79.1.0/r.-110.1.0,r.-79.1.0/r.-110.1.0,r.-79.1.0/r.-110.1.0,r.-79.1.0/r.-110.1.0,r.-110.1.0/r.-79.1.0,r.-79.1.0/r.-110.1.0,r.-79.1.0/r.-110.1.0,r.-110.1.0/r.-79.1.0,r.-110.1.0/r.-79.1.0,r.-79.1.0/r.-110.1.0,r.-79.1.0/r.-110.1.0,r.-79.1.0/r.-110.1.0,r.-79.1.0/r.-110.1.0,r.-79.1.0/r.-110.1.0,r.-79.1.0/r.-110.1.0,r.-79.1.0/r.-110.1.0,r.-110.1.0/r.-79.1.0,r.-79.1.0/r.-110.1.0,r.-110.1.0/r.-79.1.0,r.-110.1.0/r.-79.1.0,r.-79.1.0/r.-110.1.0,r.-110.1.0/r.-79.1.0,r.-110.1.0/r.-79.1.0,r.-110.1.0/r.-79.1.0,r.-79.1.0/r.-110.1.0,r.-110.1.0/r.-79.1.0,r.-110.1.0/r.-79.1.0,r.-110.1.0/r.-79.1.0,r.-110.1.0/r.-79.1.0,r.-79.1.0/r.-110.1.0,r.-79.1.0/r.-110.1.0,r.-79.1.0/r.-110.1.0,r.-79.1.0/r.-110.1.0,r.-79.1.0/r.-110.1.0,r.-110.1.0/r.-79.1.0,r.-79.1.0/r.-110.1.0,r.-79.1.0/r.-110.1.0,r.-110.1.0/r.-79.1.0,r.-79.1.0/r.-110.1.0,r.-110.1.0/r.-79.1.0,r.-79.1.0/r.-110.1.0,r.-110.1.0/r.-79.1.0,r.-110.1.0/r.-79.1.0,r.-79.1.0/r.-110.1.0,r.-79.1.0/r.-110.1.0,r.-79.1.0/r.-110.1.0,r.-79.1.0/r.-110.1.0,r.-79.1.0/r.-110.1.0,r.-110.1.0/r.-79.1.0,r.-79.1.0/r.-110.1.0,r.-110.1.0/r.-79.1.0,r.-110.1.0/r.-79.1.0,r.-110.1.0/r.-79.1.0,r.-79.1.0/r.-110.1.0,r.-110.1.0/r.-79.1.0,r.-79.1.0/r.-110.1.0,r.-79.1.0/r.-110.1.0,r.-79.1.0/r.-110.1.0,r.-79.1.0/r.-110.1.0,r.-79.1.0/r.-110.1.0,r.-79.1.0/r.-110.1.0,r.-79.1.0/r.-110.1.0,r.-79.1.0/r.-110.1.0,r.-110.1.0/r.-79.1.0,r.-79.1.0/r.-110.1.0,r.-79.1.0/r.-110.1.0,r.-79.1.0/r.-110.1.0,r.-79.1.0/r.-110.1.0,r.-110.1.0/r.-79.1.0,r.-79.1.0/r.-110.1.0,r.-79.1.0/r.-110.1.0,r.-110.1.0/r.-79.1.0,r.-110.1.0/r.-79.1.0,r.-110.1.0/r.-79.1.0,r.-79.1.0/r.-110.1.0,r.-79.1.0/r.-110.1.0,r.-79.1.0/r.-110.1.0,r.-79.1.0/r.-110.1.0,r.-110.1.0/r.-79.1.0,,,,,,,,,,,,,,,,,,,,,,,,,,,,,,,,,,,,,,,,,,,,,,,,,,,,,,,,,,,,,,,,,,,,,,,,,,,,,,,,,,,,,,,,,,,,,,,,,,,,,,,,,,,,,,,,,,,,,,,,,,,,,,,,
665,r.-110.1.0/r.-79.1.0,r.-79.1.0/r.-110.1.0,r.-110.1.0/r.-79.1.0,r.-110.1.0/r.-79.1.0,r.-79.1.0/r.-110.1.0,r.-79.1.0/r.-110.1.0,r.-79.1.0/r.-110.1.0,r.-110.1.0/r.-79.1.0,r.-79.1.0/r.-110.1.0,r.-110.1.0/r.-79.1.0,r.-110.1.0/r.-79.1.0,r.-79.1.0/r.-110.1.0,r.-79.1.0/r.-110.1.0,r.-110.1.0/r.-79.1.0,r.-110.1.0/r.-79.1.0,r.-110.1.0/r.-79.1.0,r.-110.1.0/r.-79.1.0,r.-79.1.0/r.-110.1.0,r.-79.1.0/r.-110.1.0,r.-110.1.0/r.-79.1.0,r.-110.1.0/r.-79.1.0,r.-79.1.0/r.-110.1.0,r.-110.1.0/r.-79.1.0,r.-110.1.0/r.-79.1.0,r.-79.1.0/r.-110.1.0,r.-110.1.0/r.-79.1.0,r.-110.1.0/r.-79.1.0,r.-79.1.0/r.-110.1.0,r.-79.1.0/r.-110.1.0,r.-79.1.0/r.-110.1.0,r.-110.1.0/r.-79.1.0,r.-79.1.0/r.-110.1.0,r.-79.1.0/r.-110.1.0,r.-110.1.0/r.-79.1.0,r.-79.1.0/r.-110.1.0,r.-110.1.0/r.-79.1.0,r.-79.1.0/r.-110.1.0,r.-79.1.0/r.-110.1.0,r.-110.1.0/r.-79.1.0,r.-110.1.0/r.-79.1.0,r.-110.1.0/r.-79.1.0,r.-110.1.0/r.-79.1.0,r.-110.1.0/r.-79.1.0,r.-79.1.0/r.-110.1.0,r.-110.1.0/r.-79.1.0,r.-110.1.0/r.-79.1.0,r.-79.1.0/r.-110.1.0,r.-110.1.0/r.-79.1.0,r.-110.1.0/r.-79.1.0,r.-79.1.0/r.-110.1.0,r.-110.1.0/r.-79.1.0,r.-79.1.0/r.-110.1.0,r.-79.1.0/r.-110.1.0,r.-110.1.0/r.-79.1.0,r.-110.1.0/r.-79.1.0,r.-79.1.0/r.-110.1.0,r.-110.1.0/r.-79.1.0,r.-110.1.0/r.-79.1.0,r.-79.1.0/r.-110.1.0,r.-79.1.0/r.-110.1.0,r.-79.1.0/r.-110.1.0,r.-110.1.0/r.-79.1.0,r.-79.1.0/r.-110.1.0,r.-79.1.0/r.-110.1.0,r.-110.1.0/r.-79.1.0,r.-79.1.0/r.-110.1.0,r.-110.1.0/r.-79.1.0,r.-110.1.0/r.-79.1.0,r.-110.1.0/r.-79.1.0,r.-110.1.0/r.-79.1.0,r.-79.1.0/r.-110.1.0,r.-110.1.0/r.-79.1.0,r.-79.1.0/r.-110.1.0,r.-110.1.0/r.-79.1.0,r.-79.1.0/r.-110.1.0,r.-79.1.0/r.-110.1.0,r.-110.1.0/r.-79.1.0,r.-110.1.0/r.-79.1.0,r.-110.1.0/r.-79.1.0,r.-110.1.0/r.-79.1.0,r.-79.1.0/r.-110.1.0,r.-110.1.0/r.-79.1.0,r.-110.1.0/r.-79.1.0,r.-110.1.0/r.-79.1.0,r.-79.1.0/r.-110.1.0,r.-79.1.0/r.-110.1.0,r.-110.1.0/r.-79.1.0,r.-110.1.0/r.-79.1.0,r.-110.1.0/r.-79.1.0,r.-110.1.0/r.-79.1.0,r.-110.1.0/r.-79.1.0,r.-110.1.0/r.-79.1.0,r.-79.1.0/r.-110.1.0,r.-110.1.0/r.-79.1.0,,,,,,,,,,,,,,,,,,,,,,,,,,,,,,,,,,,,,,,,,,,,,,,,,,,,,,,,,,,,,,,,,,,,,,,,,,,,,,,,,,,,,,,,,,,,,,,,,,,,,,,,,,,,,,,,,,,,,,,,,,,,,,,,
666,r.-79.1.0/r.-110.1.0,r.-110.1.0/r.-79.1.0,r.-110.1.0/r.-79.1.0,r.-79.1.0/r.-110.1.0,r.-110.1.0/r.-79.1.0,r.-110.1.0/r.-79.1.0,r.-79.1.0/r.-110.1.0,r.-79.1.0/r.-110.1.0,r.-110.1.0/r.-79.1.0,r.-79.1.0/r.-110.1.0,r.-79.1.0/r.-110.1.0,r.-110.1.0/r.-79.1.0,r.-79.1.0/r.-110.1.0,r.-79.1.0/r.-110.1.0,r.-110.1.0/r.-79.1.0,r.-110.1.0/r.-79.1.0,r.-110.1.0/r.-79.1.0,r.-110.1.0/r.-79.1.0,r.-79.1.0/r.-110.1.0,r.-110.1.0/r.-79.1.0,r.-79.1.0/r.-110.1.0,r.-110.1.0/r.-79.1.0,r.-110.1.0/r.-79.1.0,r.-110.1.0/r.-79.1.0,r.-110.1.0/r.-79.1.0,r.-110.1.0/r.-79.1.0,r.-79.1.0/r.-110.1.0,r.-79.1.0/r.-110.1.0,r.-110.1.0/r.-79.1.0,r.-110.1.0/r.-79.1.0,r.-79.1.0/r.-110.1.0,r.-79.1.0/r.-110.1.0,r.-79.1.0/r.-110.1.0,r.-110.1.0/r.-79.1.0,r.-79.1.0/r.-110.1.0,r.-110.1.0/r.-79.1.0,r.-110.1.0/r.-79.1.0,r.-79.1.0/r.-110.1.0,r.-79.1.0/r.-110.1.0,r.-110.1.0/r.-79.1.0,r.-110.1.0/r.-79.1.0,r.-110.1.0/r.-79.1.0,r.-110.1.0/r.-79.1.0,r.-110.1.0/r.-79.1.0,r.-79.1.0/r.-110.1.0,r.-79.1.0/r.-110.1.0,r.-79.1.0/r.-110.1.0,r.-110.1.0/r.-79.1.0,r.-110.1.0/r.-79.1.0,r.-79.1.0/r.-110.1.0,r.-110.1.0/r.-79.1.0,r.-79.1.0/r.-110.1.0,r.-79.1.0/r.-110.1.0,r.-79.1.0/r.-110.1.0,r.-110.1.0/r.-79.1.0,r.-110.1.0/r.-79.1.0,r.-79.1.0/r.-110.1.0,r.-110.1.0/r.-79.1.0,r.-110.1.0/r.-79.1.0,r.-110.1.0/r.-79.1.0,r.-110.1.0/r.-79.1.0,r.-110.1.0/r.-79.1.0,r.-79.1.0/r.-110.1.0,r.-79.1.0/r.-110.1.0,r.-110.1.0/r.-79.1.0,r.-110.1.0/r.-79.1.0,r.-79.1.0/r.-110.1.0,r.-110.1.0/r.-79.1.0,r.-110.1.0/r.-79.1.0,r.-110.1.0/r.-79.1.0,r.-79.1.0/r.-110.1.0,r.-79.1.0/r.-110.1.0,r.-79.1.0/r.-110.1.0,r.-110.1.0/r.-79.1.0,r.-79.1.0/r.-110.1.0,r.-110.1.0/r.-79.1.0,r.-79.1.0/r.-110.1.0,r.-110.1.0/r.-79.1.0,r.-110.1.0/r.-79.1.0,r.-79.1.0/r.-110.1.0,r.-79.1.0/r.-110.1.0,r.-110.1.0/r.-79.1.0,r.-110.1.0/r.-79.1.0,r.-79.1.0/r.-110.1.0,r.-79.1.0/r.-110.1.0,r.-79.1.0/r.-110.1.0,r.-110.1.0/r.-79.1.0,r.-110.1.0/r.-79.1.0,r.-79.1.0/r.-110.1.0,r.-79.1.0/r.-110.1.0,r.-110.1.0/r.-79.1.0,r.-110.1.0/r.-79.1.0,r.-79.1.0/r.-110.1.0,r.-110.1.0/r.-79.1.0,,,,,,,,,,,,,,,,,,,,,,,,,,,,,,,,,,,,,,,,,,,,,,,,,,,,,,,,,,,,,,,,,,,,,,,,,,,,,,,,,,,,,,,,,,,,,,,,,,,,,,,,,,,,,,,,,,,,,,,,,,,,,,,,
667,r.-110.1.0/r.-79.1.0,r.-110.1.0/r.-79.1.0,r.-79.1.0/r.-110.1.0,r.-110.1.0/r.-79.1.0,r.-110.1.0/r.-79.1.0,r.-79.1.0/r.-110.1.0,r.-79.1.0/r.-110.1.0,r.-110.1.0/r.-79.1.0,r.-79.1.0/r.-110.1.0,r.-110.1.0/r.-79.1.0,r.-110.1.0/r.-79.1.0,r.-79.1.0/r.-110.1.0,r.-110.1.0/r.-79.1.0,r.-79.1.0/r.-110.1.0,r.-110.1.0/r.-79.1.0,r.-79.1.0/r.-110.1.0,r.-79.1.0/r.-110.1.0,r.-110.1.0/r.-79.1.0,r.-110.1.0/r.-79.1.0,r.-110.1.0/r.-79.1.0,r.-79.1.0/r.-110.1.0,r.-79.1.0/r.-110.1.0,r.-79.1.0/r.-110.1.0,r.-79.1.0/r.-110.1.0,r.-110.1.0/r.-79.1.0,r.-79.1.0/r.-110.1.0,r.-110.1.0/r.-79.1.0,r.-110.1.0/r.-79.1.0,r.-79.1.0/r.-110.1.0,r.-110.1.0/r.-79.1.0,r.-110.1.0/r.-79.1.0,r.-79.1.0/r.-110.1.0,r.-79.1.0/r.-110.1.0,r.-79.1.0/r.-110.1.0,r.-79.1.0/r.-110.1.0,r.-110.1.0/r.-79.1.0,r.-79.1.0/r.-110.1.0,r.-79.1.0/r.-110.1.0,r.-110.1.0/r.-79.1.0,r.-79.1.0/r.-110.1.0,r.-79.1.0/r.-110.1.0,r.-79.1.0/r.-110.1.0,r.-110.1.0/r.-79.1.0,r.-110.1.0/r.-79.1.0,r.-79.1.0/r.-110.1.0,r.-79.1.0/r.-110.1.0,r.-79.1.0/r.-110.1.0,r.-110.1.0/r.-79.1.0,r.-79.1.0/r.-110.1.0,r.-79.1.0/r.-110.1.0,r.-79.1.0/r.-110.1.0,r.-79.1.0/r.-110.1.0,r.-110.1.0/r.-79.1.0,r.-110.1.0/r.-79.1.0,r.-79.1.0/r.-110.1.0,r.-110.1.0/r.-79.1.0,r.-79.1.0/r.-110.1.0,r.-79.1.0/r.-110.1.0,r.-79.1.0/r.-110.1.0,r.-79.1.0/r.-110.1.0,r.-79.1.0/r.-110.1.0,r.-110.1.0/r.-79.1.0,r.-79.1.0/r.-110.1.0,r.-110.1.0/r.-79.1.0,r.-79.1.0/r.-110.1.0,r.-79.1.0/r.-110.1.0,r.-79.1.0/r.-110.1.0,r.-110.1.0/r.-79.1.0,r.-79.1.0/r.-110.1.0,r.-79.1.0/r.-110.1.0,r.-79.1.0/r.-110.1.0,r.-110.1.0/r.-79.1.0,r.-110.1.0/r.-79.1.0,r.-79.1.0/r.-110.1.0,r.-110.1.0/r.-79.1.0,r.-110.1.0/r.-79.1.0,r.-79.1.0/r.-110.1.0,r.-110.1.0/r.-79.1.0,r.-110.1.0/r.-79.1.0,r.-110.1.0/r.-79.1.0,r.-110.1.0/r.-79.1.0,r.-79.1.0/r.-110.1.0,r.-110.1.0/r.-79.1.0,r.-110.1.0/r.-79.1.0,r.-79.1.0/r.-110.1.0,r.-79.1.0/r.-110.1.0,r.-110.1.0/r.-79.1.0,r.-110.1.0/r.-79.1.0,r.-79.1.0/r.-110.1.0,r.-110.1.0/r.-79.1.0,r.-110.1.0/r.-79.1.0,r.-110.1.0/r.-79.1.0,r.-110.1.0/r.-79.1.0,r.-110.1.0/r.-79.1.0,,,,,,,,,,,,,,,,,,,,,,,,,,,,,,,,,,,,,,,,,,,,,,,,,,,,,,,,,,,,,,,,,,,,,,,,,,,,,,,,,,,,,,,,,,,,,,,,,,,,,,,,,,,,,,,,,,,,,,,,,,,,,,,,
668,r.-110.1.0/r.-79.1.0,r.-79.1.0/r.-110.1.0,r.-79.1.0/r.-110.1.0,r.-79.1.0/r.-110.1.0,r.-79.1.0/r.-110.1.0,r.-110.1.0/r.-79.1.0,r.-79.1.0/r.-110.1.0,r.-110.1.0/r.-79.1.0,r.-110.1.0/r.-79.1.0,r.-79.1.0/r.-110.1.0,r.-79.1.0/r.-110.1.0,r.-79.1.0/r.-110.1.0,r.-79.1.0/r.-110.1.0,r.-79.1.0/r.-110.1.0,r.-110.1.0/r.-79.1.0,r.-110.1.0/r.-79.1.0,r.-79.1.0/r.-110.1.0,r.-79.1.0/r.-110.1.0,r.-79.1.0/r.-110.1.0,r.-79.1.0/r.-110.1.0,r.-110.1.0/r.-79.1.0,r.-110.1.0/r.-79.1.0,r.-110.1.0/r.-79.1.0,r.-110.1.0/r.-79.1.0,r.-110.1.0/r.-79.1.0,r.-79.1.0/r.-110.1.0,r.-110.1.0/r.-79.1.0,r.-110.1.0/r.-79.1.0,r.-79.1.0/r.-110.1.0,r.-110.1.0/r.-79.1.0,r.-79.1.0/r.-110.1.0,r.-79.1.0/r.-110.1.0,r.-79.1.0/r.-110.1.0,r.-110.1.0/r.-79.1.0,r.-110.1.0/r.-79.1.0,r.-110.1.0/r.-79.1.0,r.-110.1.0/r.-79.1.0,r.-79.1.0/r.-110.1.0,r.-79.1.0/r.-110.1.0,r.-79.1.0/r.-110.1.0,r.-110.1.0/r.-79.1.0,r.-79.1.0/r.-110.1.0,r.-110.1.0/r.-79.1.0,r.-110.1.0/r.-79.1.0,r.-79.1.0/r.-110.1.0,r.-79.1.0/r.-110.1.0,r.-110.1.0/r.-79.1.0,r.-79.1.0/r.-110.1.0,r.-110.1.0/r.-79.1.0,r.-110.1.0/r.-79.1.0,r.-110.1.0/r.-79.1.0,r.-79.1.0/r.-110.1.0,r.-110.1.0/r.-79.1.0,r.-110.1.0/r.-79.1.0,r.-79.1.0/r.-110.1.0,r.-110.1.0/r.-79.1.0,r.-110.1.0/r.-79.1.0,r.-110.1.0/r.-79.1.0,r.-110.1.0/r.-79.1.0,r.-79.1.0/r.-110.1.0,r.-79.1.0/r.-110.1.0,r.-110.1.0/r.-79.1.0,r.-110.1.0/r.-79.1.0,r.-110.1.0/r.-79.1.0,r.-79.1.0/r.-110.1.0,r.-110.1.0/r.-79.1.0,r.-110.1.0/r.-79.1.0,r.-79.1.0/r.-110.1.0,r.-79.1.0/r.-110.1.0,r.-110.1.0/r.-79.1.0,r.-79.1.0/r.-110.1.0,r.-79.1.0/r.-110.1.0,r.-110.1.0/r.-79.1.0,r.-110.1.0/r.-79.1.0,r.-110.1.0/r.-79.1.0,r.-79.1.0/r.-110.1.0,r.-110.1.0/r.-79.1.0,r.-79.1.0/r.-110.1.0,r.-110.1.0/r.-79.1.0,r.-79.1.0/r.-110.1.0,r.-79.1.0/r.-110.1.0,r.-110.1.0/r.-79.1.0,r.-110.1.0/r.-79.1.0,r.-79.1.0/r.-110.1.0,r.-110.1.0/r.-79.1.0,r.-110.1.0/r.-79.1.0,r.-110.1.0/r.-79.1.0,r.-79.1.0/r.-110.1.0,r.-110.1.0/r.-79.1.0,r.-110.1.0/r.-79.1.0,r.-110.1.0/r.-79.1.0,r.-79.1.0/r.-110.1.0,r.-110.1.0/r.-79.1.0,r.-110.1.0/r.-79.1.0,,,,,,,,,,,,,,,,,,,,,,,,,,,,,,,,,,,,,,,,,,,,,,,,,,,,,,,,,,,,,,,,,,,,,,,,,,,,,,,,,,,,,,,,,,,,,,,,,,,,,,,,,,,,,,,,,,,,,,,,,,,,,,,,
669,r.-110.1.0/r.-79.1.0,r.-79.1.0/r.-110.1.0,r.-79.1.0/r.-110.1.0,r.-110.1.0/r.-79.1.0,r.-79.1.0/r.-110.1.0,r.-110.1.0/r.-79.1.0,r.-110.1.0/r.-79.1.0,r.-79.1.0/r.-110.1.0,r.-110.1.0/r.-79.1.0,r.-110.1.0/r.-79.1.0,r.-79.1.0/r.-110.1.0,r.-110.1.0/r.-79.1.0,r.-79.1.0/r.-110.1.0,r.-110.1.0/r.-79.1.0,r.-79.1.0/r.-110.1.0,r.-110.1.0/r.-79.1.0,r.-79.1.0/r.-110.1.0,r.-79.1.0/r.-110.1.0,r.-79.1.0/r.-110.1.0,r.-79.1.0/r.-110.1.0,r.-79.1.0/r.-110.1.0,r.-110.1.0/r.-79.1.0,r.-110.1.0/r.-79.1.0,r.-79.1.0/r.-110.1.0,r.-79.1.0/r.-110.1.0,r.-110.1.0/r.-79.1.0,r.-110.1.0/r.-79.1.0,r.-110.1.0/r.-79.1.0,r.-110.1.0/r.-79.1.0,r.-79.1.0/r.-110.1.0,r.-79.1.0/r.-110.1.0,r.-110.1.0/r.-79.1.0,r.-110.1.0/r.-79.1.0,r.-110.1.0/r.-79.1.0,r.-110.1.0/r.-79.1.0,r.-110.1.0/r.-79.1.0,r.-79.1.0/r.-110.1.0,r.-79.1.0/r.-110.1.0,r.-110.1.0/r.-79.1.0,r.-110.1.0/r.-79.1.0,r.-79.1.0/r.-110.1.0,r.-110.1.0/r.-79.1.0,r.-110.1.0/r.-79.1.0,r.-110.1.0/r.-79.1.0,r.-79.1.0/r.-110.1.0,r.-110.1.0/r.-79.1.0,r.-79.1.0/r.-110.1.0,r.-110.1.0/r.-79.1.0,r.-79.1.0/r.-110.1.0,r.-79.1.0/r.-110.1.0,r.-110.1.0/r.-79.1.0,r.-79.1.0/r.-110.1.0,r.-110.1.0/r.-79.1.0,r.-79.1.0/r.-110.1.0,r.-79.1.0/r.-110.1.0,r.-110.1.0/r.-79.1.0,r.-110.1.0/r.-79.1.0,r.-79.1.0/r.-110.1.0,r.-79.1.0/r.-110.1.0,r.-110.1.0/r.-79.1.0,r.-79.1.0/r.-110.1.0,r.-79.1.0/r.-110.1.0,r.-79.1.0/r.-110.1.0,r.-79.1.0/r.-110.1.0,r.-110.1.0/r.-79.1.0,r.-79.1.0/r.-110.1.0,r.-110.1.0/r.-79.1.0,r.-79.1.0/r.-110.1.0,r.-110.1.0/r.-79.1.0,r.-110.1.0/r.-79.1.0,r.-110.1.0/r.-79.1.0,r.-79.1.0/r.-110.1.0,r.-79.1.0/r.-110.1.0,r.-79.1.0/r.-110.1.0,r.-110.1.0/r.-79.1.0,r.-110.1.0/r.-79.1.0,r.-110.1.0/r.-79.1.0,r.-110.1.0/r.-79.1.0,r.-79.1.0/r.-110.1.0,r.-79.1.0/r.-110.1.0,r.-79.1.0/r.-110.1.0,r.-79.1.0/r.-110.1.0,r.-110.1.0/r.-79.1.0,r.-110.1.0/r.-79.1.0,r.-110.1.0/r.-79.1.0,r.-110.1.0/r.-79.1.0,r.-79.1.0/r.-110.1.0,r.-110.1.0/r.-79.1.0,r.-110.1.0/r.-79.1.0,r.-79.1.0/r.-110.1.0,r.-79.1.0/r.-110.1.0,r.-110.1.0/r.-79.1.0,r.-79.1.0/r.-110.1.0,r.-79.1.0/r.-110.1.0,,,,,,,,,,,,,,,,,,,,,,,,,,,,,,,,,,,,,,,,,,,,,,,,,,,,,,,,,,,,,,,,,,,,,,,,,,,,,,,,,,,,,,,,,,,,,,,,,,,,,,,,,,,,,,,,,,,,,,,,,,,,,,,,
670,r.-110.1.0/r.-79.1.0,r.-79.1.0/r.-110.1.0,r.-110.1.0/r.-79.1.0,r.-110.1.0/r.-79.1.0,r.-79.1.0/r.-110.1.0,r.-110.1.0/r.-79.1.0,r.-79.1.0/r.-110.1.0,r.-110.1.0/r.-79.1.0,r.-110.1.0/r.-79.1.0,r.-110.1.0/r.-79.1.0,r.-110.1.0/r.-79.1.0,r.-79.1.0/r.-110.1.0,r.-110.1.0/r.-79.1.0,r.-110.1.0/r.-79.1.0,r.-79.1.0/r.-110.1.0,r.-79.1.0/r.-110.1.0,r.-110.1.0/r.-79.1.0,r.-110.1.0/r.-79.1.0,r.-110.1.0/r.-79.1.0,r.-110.1.0/r.-79.1.0,r.-79.1.0/r.-110.1.0,r.-110.1.0/r.-79.1.0,r.-110.1.0/r.-79.1.0,r.-79.1.0/r.-110.1.0,r.-110.1.0/r.-79.1.0,r.-110.1.0/r.-79.1.0,r.-110.1.0/r.-79.1.0,r.-79.1.0/r.-110.1.0,r.-79.1.0/r.-110.1.0,r.-79.1.0/r.-110.1.0,r.-79.1.0/r.-110.1.0,r.-110.1.0/r.-79.1.0,r.-79.1.0/r.-110.1.0,r.-110.1.0/r.-79.1.0,r.-79.1.0/r.-110.1.0,r.-79.1.0/r.-110.1.0,r.-79.1.0/r.-110.1.0,r.-110.1.0/r.-79.1.0,r.-110.1.0/r.-79.1.0,r.-79.1.0/r.-110.1.0,r.-110.1.0/r.-79.1.0,r.-79.1.0/r.-110.1.0,r.-79.1.0/r.-110.1.0,r.-110.1.0/r.-79.1.0,r.-79.1.0/r.-110.1.0,r.-110.1.0/r.-79.1.0,r.-110.1.0/r.-79.1.0,r.-79.1.0/r.-110.1.0,r.-79.1.0/r.-110.1.0,r.-79.1.0/r.-110.1.0,r.-79.1.0/r.-110.1.0,r.-79.1.0/r.-110.1.0,r.-110.1.0/r.-79.1.0,r.-110.1.0/r.-79.1.0,r.-110.1.0/r.-79.1.0,r.-110.1.0/r.-79.1.0,r.-110.1.0/r.-79.1.0,r.-110.1.0/r.-79.1.0,r.-110.1.0/r.-79.1.0,r.-110.1.0/r.-79.1.0,r.-110.1.0/r.-79.1.0,r.-110.1.0/r.-79.1.0,r.-79.1.0/r.-110.1.0,r.-110.1.0/r.-79.1.0,r.-110.1.0/r.-79.1.0,r.-110.1.0/r.-79.1.0,r.-110.1.0/r.-79.1.0,r.-79.1.0/r.-110.1.0,r.-110.1.0/r.-79.1.0,r.-110.1.0/r.-79.1.0,r.-110.1.0/r.-79.1.0,r.-79.1.0/r.-110.1.0,r.-79.1.0/r.-110.1.0,r.-79.1.0/r.-110.1.0,r.-79.1.0/r.-110.1.0,r.-79.1.0/r.-110.1.0,r.-110.1.0/r.-79.1.0,r.-79.1.0/r.-110.1.0,r.-79.1.0/r.-110.1.0,r.-110.1.0/r.-79.1.0,r.-110.1.0/r.-79.1.0,r.-110.1.0/r.-79.1.0,r.-110.1.0/r.-79.1.0,r.-110.1.0/r.-79.1.0,r.-79.1.0/r.-110.1.0,r.-79.1.0/r.-110.1.0,r.-79.1.0/r.-110.1.0,r.-110.1.0/r.-79.1.0,r.-79.1.0/r.-110.1.0,r.-79.1.0/r.-110.1.0,r.-79.1.0/r.-110.1.0,r.-79.1.0/r.-110.1.0,r.-79.1.0/r.-110.1.0,r.-110.1.0/r.-79.1.0,,,,,,,,,,,,,,,,,,,,,,,,,,,,,,,,,,,,,,,,,,,,,,,,,,,,,,,,,,,,,,,,,,,,,,,,,,,,,,,,,,,,,,,,,,,,,,,,,,,,,,,,,,,,,,,,,,,,,,,,,,,,,,,,
671,r.-79.1.0/r.-110.1.0,r.-79.1.0/r.-110.1.0,r.-110.1.0/r.-79.1.0,r.-110.1.0/r.-79.1.0,r.-79.1.0/r.-110.1.0,r.-79.1.0/r.-110.1.0,r.-79.1.0/r.-110.1.0,r.-110.1.0/r.-79.1.0,r.-110.1.0/r.-79.1.0,r.-110.1.0/r.-79.1.0,r.-110.1.0/r.-79.1.0,r.-110.1.0/r.-79.1.0,r.-79.1.0/r.-110.1.0,r.-79.1.0/r.-110.1.0,r.-79.1.0/r.-110.1.0,r.-79.1.0/r.-110.1.0,r.-110.1.0/r.-79.1.0,r.-110.1.0/r.-79.1.0,r.-110.1.0/r.-79.1.0,r.-110.1.0/r.-79.1.0,r.-110.1.0/r.-79.1.0,r.-79.1.0/r.-110.1.0,r.-79.1.0/r.-110.1.0,r.-110.1.0/r.-79.1.0,r.-110.1.0/r.-79.1.0,r.-110.1.0/r.-79.1.0,r.-110.1.0/r.-79.1.0,r.-79.1.0/r.-110.1.0,r.-79.1.0/r.-110.1.0,r.-110.1.0/r.-79.1.0,r.-79.1.0/r.-110.1.0,r.-79.1.0/r.-110.1.0,r.-110.1.0/r.-79.1.0,r.-79.1.0/r.-110.1.0,r.-79.1.0/r.-110.1.0,r.-79.1.0/r.-110.1.0,r.-110.1.0/r.-79.1.0,r.-79.1.0/r.-110.1.0,r.-110.1.0/r.-79.1.0,r.-79.1.0/r.-110.1.0,r.-79.1.0/r.-110.1.0,r.-79.1.0/r.-110.1.0,r.-79.1.0/r.-110.1.0,r.-110.1.0/r.-79.1.0,r.-79.1.0/r.-110.1.0,r.-110.1.0/r.-79.1.0,r.-110.1.0/r.-79.1.0,r.-110.1.0/r.-79.1.0,r.-79.1.0/r.-110.1.0,r.-79.1.0/r.-110.1.0,r.-79.1.0/r.-110.1.0,r.-110.1.0/r.-79.1.0,r.-110.1.0/r.-79.1.0,r.-110.1.0/r.-79.1.0,r.-79.1.0/r.-110.1.0,r.-79.1.0/r.-110.1.0,r.-110.1.0/r.-79.1.0,r.-110.1.0/r.-79.1.0,r.-110.1.0/r.-79.1.0,r.-79.1.0/r.-110.1.0,r.-79.1.0/r.-110.1.0,r.-110.1.0/r.-79.1.0,r.-79.1.0/r.-110.1.0,r.-110.1.0/r.-79.1.0,r.-110.1.0/r.-79.1.0,r.-79.1.0/r.-110.1.0,r.-79.1.0/r.-110.1.0,r.-110.1.0/r.-79.1.0,r.-110.1.0/r.-79.1.0,r.-79.1.0/r.-110.1.0,r.-79.1.0/r.-110.1.0,r.-79.1.0/r.-110.1.0,r.-110.1.0/r.-79.1.0,r.-79.1.0/r.-110.1.0,r.-110.1.0/r.-79.1.0,r.-79.1.0/r.-110.1.0,r.-110.1.0/r.-79.1.0,r.-110.1.0/r.-79.1.0,r.-79.1.0/r.-110.1.0,r.-79.1.0/r.-110.1.0,r.-79.1.0/r.-110.1.0,r.-79.1.0/r.-110.1.0,r.-110.1.0/r.-79.1.0,r.-79.1.0/r.-110.1.0,r.-110.1.0/r.-79.1.0,r.-79.1.0/r.-110.1.0,r.-110.1.0/r.-79.1.0,r.-110.1.0/r.-79.1.0,r.-110.1.0/r.-79.1.0,r.-79.1.0/r.-110.1.0,r.-79.1.0/r.-110.1.0,r.-110.1.0/r.-79.1.0,r.-110.1.0/r.-79.1.0,r.-110.1.0/r.-79.1.0,,,,,,,,,,,,,,,,,,,,,,,,,,,,,,,,,,,,,,,,,,,,,,,,,,,,,,,,,,,,,,,,,,,,,,,,,,,,,,,,,,,,,,,,,,,,,,,,,,,,,,,,,,,,,,,,,,,,,,,,,,,,,,,,
672,r.-79.1.0/r.-110.1.0,r.-110.1.0/r.-79.1.0,r.-110.1.0/r.-79.1.0,r.-110.1.0/r.-79.1.0,r.-110.1.0/r.-79.1.0,r.-79.1.0/r.-110.1.0,r.-79.1.0/r.-110.1.0,r.-110.1.0/r.-79.1.0,r.-79.1.0/r.-110.1.0,r.-79.1.0/r.-110.1.0,r.-110.1.0/r.-79.1.0,r.-79.1.0/r.-110.1.0,r.-110.1.0/r.-79.1.0,r.-79.1.0/r.-110.1.0,r.-79.1.0/r.-110.1.0,r.-110.1.0/r.-79.1.0,r.-79.1.0/r.-110.1.0,r.-110.1.0/r.-79.1.0,r.-79.1.0/r.-110.1.0,r.-79.1.0/r.-110.1.0,r.-110.1.0/r.-79.1.0,r.-110.1.0/r.-79.1.0,r.-110.1.0/r.-79.1.0,r.-110.1.0/r.-79.1.0,r.-79.1.0/r.-110.1.0,r.-110.1.0/r.-79.1.0,r.-110.1.0/r.-79.1.0,r.-79.1.0/r.-110.1.0,r.-110.1.0/r.-79.1.0,r.-79.1.0/r.-110.1.0,r.-110.1.0/r.-79.1.0,r.-79.1.0/r.-110.1.0,r.-79.1.0/r.-110.1.0,r.-110.1.0/r.-79.1.0,r.-79.1.0/r.-110.1.0,r.-79.1.0/r.-110.1.0,r.-110.1.0/r.-79.1.0,r.-110.1.0/r.-79.1.0,r.-79.1.0/r.-110.1.0,r.-110.1.0/r.-79.1.0,r.-79.1.0/r.-110.1.0,r.-110.1.0/r.-79.1.0,r.-79.1.0/r.-110.1.0,r.-79.1.0/r.-110.1.0,r.-79.1.0/r.-110.1.0,r.-110.1.0/r.-79.1.0,r.-110.1.0/r.-79.1.0,r.-110.1.0/r.-79.1.0,r.-110.1.0/r.-79.1.0,r.-79.1.0/r.-110.1.0,r.-79.1.0/r.-110.1.0,r.-79.1.0/r.-110.1.0,r.-110.1.0/r.-79.1.0,r.-79.1.0/r.-110.1.0,r.-79.1.0/r.-110.1.0,r.-79.1.0/r.-110.1.0,r.-79.1.0/r.-110.1.0,r.-110.1.0/r.-79.1.0,r.-79.1.0/r.-110.1.0,r.-79.1.0/r.-110.1.0,r.-110.1.0/r.-79.1.0,r.-79.1.0/r.-110.1.0,r.-110.1.0/r.-79.1.0,r.-79.1.0/r.-110.1.0,r.-110.1.0/r.-79.1.0,r.-79.1.0/r.-110.1.0,r.-79.1.0/r.-110.1.0,r.-79.1.0/r.-110.1.0,r.-79.1.0/r.-110.1.0,r.-110.1.0/r.-79.1.0,r.-110.1.0/r.-79.1.0,r.-110.1.0/r.-79.1.0,r.-79.1.0/r.-110.1.0,r.-79.1.0/r.-110.1.0,r.-110.1.0/r.-79.1.0,r.-110.1.0/r.-79.1.0,r.-79.1.0/r.-110.1.0,r.-110.1.0/r.-79.1.0,r.-110.1.0/r.-79.1.0,r.-79.1.0/r.-110.1.0,r.-110.1.0/r.-79.1.0,r.-110.1.0/r.-79.1.0,r.-79.1.0/r.-110.1.0,r.-79.1.0/r.-110.1.0,r.-79.1.0/r.-110.1.0,r.-110.1.0/r.-79.1.0,r.-110.1.0/r.-79.1.0,r.-79.1.0/r.-110.1.0,r.-110.1.0/r.-79.1.0,r.-110.1.0/r.-79.1.0,r.-79.1.0/r.-110.1.0,r.-110.1.0/r.-79.1.0,r.-110.1.0/r.-79.1.0,r.-110.1.0/r.-79.1.0,,,,,,,,,,,,,,,,,,,,,,,,,,,,,,,,,,,,,,,,,,,,,,,,,,,,,,,,,,,,,,,,,,,,,,,,,,,,,,,,,,,,,,,,,,,,,,,,,,,,,,,,,,,,,,,,,,,,,,,,,,,,,,,,
673,r.-110.1.0/r.-79.1.0,r.-79.1.0/r.-110.1.0,r.-79.1.0/r.-110.1.0,r.-110.1.0/r.-79.1.0,r.-79.1.0/r.-110.1.0,r.-110.1.0/r.-79.1.0,r.-79.1.0/r.-110.1.0,r.-110.1.0/r.-79.1.0,r.-79.1.0/r.-110.1.0,r.-79.1.0/r.-110.1.0,r.-110.1.0/r.-79.1.0,r.-110.1.0/r.-79.1.0,r.-79.1.0/r.-110.1.0,r.-110.1.0/r.-79.1.0,r.-110.1.0/r.-79.1.0,r.-79.1.0/r.-110.1.0,r.-110.1.0/r.-79.1.0,r.-79.1.0/r.-110.1.0,r.-110.1.0/r.-79.1.0,r.-110.1.0/r.-79.1.0,r.-110.1.0/r.-79.1.0,r.-79.1.0/r.-110.1.0,r.-79.1.0/r.-110.1.0,r.-79.1.0/r.-110.1.0,r.-79.1.0/r.-110.1.0,r.-110.1.0/r.-79.1.0,r.-79.1.0/r.-110.1.0,r.-110.1.0/r.-79.1.0,r.-110.1.0/r.-79.1.0,r.-79.1.0/r.-110.1.0,r.-79.1.0/r.-110.1.0,r.-79.1.0/r.-110.1.0,r.-79.1.0/r.-110.1.0,r.-79.1.0/r.-110.1.0,r.-79.1.0/r.-110.1.0,r.-110.1.0/r.-79.1.0,r.-79.1.0/r.-110.1.0,r.-79.1.0/r.-110.1.0,r.-79.1.0/r.-110.1.0,r.-79.1.0/r.-110.1.0,r.-110.1.0/r.-79.1.0,r.-79.1.0/r.-110.1.0,r.-110.1.0/r.-79.1.0,r.-79.1.0/r.-110.1.0,r.-79.1.0/r.-110.1.0,r.-110.1.0/r.-79.1.0,r.-110.1.0/r.-79.1.0,r.-110.1.0/r.-79.1.0,r.-79.1.0/r.-110.1.0,r.-110.1.0/r.-79.1.0,r.-79.1.0/r.-110.1.0,r.-79.1.0/r.-110.1.0,r.-110.1.0/r.-79.1.0,r.-79.1.0/r.-110.1.0,r.-110.1.0/r.-79.1.0,r.-110.1.0/r.-79.1.0,r.-110.1.0/r.-79.1.0,r.-79.1.0/r.-110.1.0,r.-110.1.0/r.-79.1.0,r.-79.1.0/r.-110.1.0,r.-79.1.0/r.-110.1.0,r.-110.1.0/r.-79.1.0,r.-110.1.0/r.-79.1.0,r.-79.1.0/r.-110.1.0,r.-79.1.0/r.-110.1.0,r.-79.1.0/r.-110.1.0,r.-110.1.0/r.-79.1.0,r.-79.1.0/r.-110.1.0,r.-79.1.0/r.-110.1.0,r.-79.1.0/r.-110.1.0,r.-79.1.0/r.-110.1.0,r.-79.1.0/r.-110.1.0,r.-79.1.0/r.-110.1.0,r.-79.1.0/r.-110.1.0,r.-79.1.0/r.-110.1.0,r.-79.1.0/r.-110.1.0,r.-110.1.0/r.-79.1.0,r.-79.1.0/r.-110.1.0,r.-79.1.0/r.-110.1.0,r.-110.1.0/r.-79.1.0,r.-110.1.0/r.-79.1.0,r.-110.1.0/r.-79.1.0,r.-110.1.0/r.-79.1.0,r.-110.1.0/r.-79.1.0,r.-110.1.0/r.-79.1.0,r.-110.1.0/r.-79.1.0,r.-110.1.0/r.-79.1.0,r.-79.1.0/r.-110.1.0,r.-110.1.0/r.-79.1.0,r.-79.1.0/r.-110.1.0,r.-79.1.0/r.-110.1.0,r.-110.1.0/r.-79.1.0,r.-79.1.0/r.-110.1.0,r.-110.1.0/r.-79.1.0,,,,,,,,,,,,,,,,,,,,,,,,,,,,,,,,,,,,,,,,,,,,,,,,,,,,,,,,,,,,,,,,,,,,,,,,,,,,,,,,,,,,,,,,,,,,,,,,,,,,,,,,,,,,,,,,,,,,,,,,,,,,,,,,
674,r.-110.1.0/r.-79.1.0,r.-110.1.0/r.-79.1.0,r.-79.1.0/r.-110.1.0,r.-110.1.0/r.-79.1.0,r.-110.1.0/r.-79.1.0,r.-79.1.0/r.-110.1.0,r.-110.1.0/r.-79.1.0,r.-79.1.0/r.-110.1.0,r.-110.1.0/r.-79.1.0,r.-110.1.0/r.-79.1.0,r.-110.1.0/r.-79.1.0,r.-79.1.0/r.-110.1.0,r.-110.1.0/r.-79.1.0,r.-79.1.0/r.-110.1.0,r.-110.1.0/r.-79.1.0,r.-110.1.0/r.-79.1.0,r.-79.1.0/r.-110.1.0,r.-110.1.0/r.-79.1.0,r.-79.1.0/r.-110.1.0,r.-79.1.0/r.-110.1.0,r.-110.1.0/r.-79.1.0,r.-79.1.0/r.-110.1.0,r.-110.1.0/r.-79.1.0,r.-110.1.0/r.-79.1.0,r.-79.1.0/r.-110.1.0,r.-79.1.0/r.-110.1.0,r.-110.1.0/r.-79.1.0,r.-79.1.0/r.-110.1.0,r.-110.1.0/r.-79.1.0,r.-79.1.0/r.-110.1.0,r.-79.1.0/r.-110.1.0,r.-110.1.0/r.-79.1.0,r.-79.1.0/r.-110.1.0,r.-79.1.0/r.-110.1.0,r.-79.1.0/r.-110.1.0,r.-110.1.0/r.-79.1.0,r.-110.1.0/r.-79.1.0,r.-79.1.0/r.-110.1.0,r.-79.1.0/r.-110.1.0,r.-79.1.0/r.-110.1.0,r.-110.1.0/r.-79.1.0,r.-79.1.0/r.-110.1.0,r.-79.1.0/r.-110.1.0,r.-79.1.0/r.-110.1.0,r.-79.1.0/r.-110.1.0,r.-79.1.0/r.-110.1.0,r.-79.1.0/r.-110.1.0,r.-110.1.0/r.-79.1.0,r.-79.1.0/r.-110.1.0,r.-79.1.0/r.-110.1.0,r.-79.1.0/r.-110.1.0,r.-110.1.0/r.-79.1.0,r.-79.1.0/r.-110.1.0,r.-79.1.0/r.-110.1.0,r.-110.1.0/r.-79.1.0,r.-110.1.0/r.-79.1.0,r.-79.1.0/r.-110.1.0,r.-110.1.0/r.-79.1.0,r.-79.1.0/r.-110.1.0,r.-110.1.0/r.-79.1.0,r.-110.1.0/r.-79.1.0,r.-79.1.0/r.-110.1.0,r.-79.1.0/r.-110.1.0,r.-110.1.0/r.-79.1.0,r.-79.1.0/r.-110.1.0,r.-79.1.0/r.-110.1.0,r.-79.1.0/r.-110.1.0,r.-110.1.0/r.-79.1.0,r.-110.1.0/r.-79.1.0,r.-79.1.0/r.-110.1.0,r.-110.1.0/r.-79.1.0,r.-79.1.0/r.-110.1.0,r.-79.1.0/r.-110.1.0,r.-79.1.0/r.-110.1.0,r.-79.1.0/r.-110.1.0,r.-110.1.0/r.-79.1.0,r.-79.1.0/r.-110.1.0,r.-110.1.0/r.-79.1.0,r.-110.1.0/r.-79.1.0,r.-110.1.0/r.-79.1.0,r.-79.1.0/r.-110.1.0,r.-110.1.0/r.-79.1.0,r.-79.1.0/r.-110.1.0,r.-79.1.0/r.-110.1.0,r.-110.1.0/r.-79.1.0,r.-79.1.0/r.-110.1.0,r.-110.1.0/r.-79.1.0,r.-79.1.0/r.-110.1.0,r.-79.1.0/r.-110.1.0,r.-110.1.0/r.-79.1.0,r.-79.1.0/r.-110.1.0,r.-79.1.0/r.-110.1.0,r.-79.1.0/r.-110.1.0,r.-79.1.0/r.-110.1.0,,,,,,,,,,,,,,,,,,,,,,,,,,,,,,,,,,,,,,,,,,,,,,,,,,,,,,,,,,,,,,,,,,,,,,,,,,,,,,,,,,,,,,,,,,,,,,,,,,,,,,,,,,,,,,,,,,,,,,,,,,,,,,,,
675,r.-79.1.0/r.-110.1.0,r.-110.1.0/r.-79.1.0,r.-110.1.0/r.-79.1.0,r.-110.1.0/r.-79.1.0,r.-110.1.0/r.-79.1.0,r.-110.1.0/r.-79.1.0,r.-110.1.0/r.-79.1.0,r.-110.1.0/r.-79.1.0,r.-79.1.0/r.-110.1.0,r.-79.1.0/r.-110.1.0,r.-79.1.0/r.-110.1.0,r.-110.1.0/r.-79.1.0,r.-110.1.0/r.-79.1.0,r.-110.1.0/r.-79.1.0,r.-110.1.0/r.-79.1.0,r.-79.1.0/r.-110.1.0,r.-110.1.0/r.-79.1.0,r.-79.1.0/r.-110.1.0,r.-110.1.0/r.-79.1.0,r.-110.1.0/r.-79.1.0,r.-79.1.0/r.-110.1.0,r.-110.1.0/r.-79.1.0,r.-79.1.0/r.-110.1.0,r.-110.1.0/r.-79.1.0,r.-79.1.0/r.-110.1.0,r.-110.1.0/r.-79.1.0,r.-110.1.0/r.-79.1.0,r.-79.1.0/r.-110.1.0,r.-110.1.0/r.-79.1.0,r.-110.1.0/r.-79.1.0,r.-110.1.0/r.-79.1.0,r.-110.1.0/r.-79.1.0,r.-110.1.0/r.-79.1.0,r.-110.1.0/r.-79.1.0,r.-79.1.0/r.-110.1.0,r.-110.1.0/r.-79.1.0,r.-79.1.0/r.-110.1.0,r.-79.1.0/r.-110.1.0,r.-110.1.0/r.-79.1.0,r.-110.1.0/r.-79.1.0,r.-110.1.0/r.-79.1.0,r.-79.1.0/r.-110.1.0,r.-110.1.0/r.-79.1.0,r.-79.1.0/r.-110.1.0,r.-79.1.0/r.-110.1.0,r.-110.1.0/r.-79.1.0,r.-110.1.0/r.-79.1.0,r.-79.1.0/r.-110.1.0,r.-110.1.0/r.-79.1.0,r.-110.1.0/r.-79.1.0,r.-110.1.0/r.-79.1.0,r.-110.1.0/r.-79.1.0,r.-79.1.0/r.-110.1.0,r.-79.1.0/r.-110.1.0,r.-79.1.0/r.-110.1.0,r.-79.1.0/r.-110.1.0,r.-110.1.0/r.-79.1.0,r.-110.1.0/r.-79.1.0,r.-79.1.0/r.-110.1.0,r.-79.1.0/r.-110.1.0,r.-79.1.0/r.-110.1.0,r.-79.1.0/r.-110.1.0,r.-110.1.0/r.-79.1.0,r.-110.1.0/r.-79.1.0,r.-110.1.0/r.-79.1.0,r.-79.1.0/r.-110.1.0,r.-110.1.0/r.-79.1.0,r.-79.1.0/r.-110.1.0,r.-79.1.0/r.-110.1.0,r.-79.1.0/r.-110.1.0,r.-79.1.0/r.-110.1.0,r.-110.1.0/r.-79.1.0,r.-110.1.0/r.-79.1.0,r.-79.1.0/r.-110.1.0,r.-79.1.0/r.-110.1.0,r.-110.1.0/r.-79.1.0,r.-79.1.0/r.-110.1.0,r.-110.1.0/r.-79.1.0,r.-79.1.0/r.-110.1.0,r.-79.1.0/r.-110.1.0,r.-79.1.0/r.-110.1.0,r.-110.1.0/r.-79.1.0,r.-79.1.0/r.-110.1.0,r.-110.1.0/r.-79.1.0,r.-110.1.0/r.-79.1.0,r.-79.1.0/r.-110.1.0,r.-79.1.0/r.-110.1.0,r.-110.1.0/r.-79.1.0,r.-110.1.0/r.-79.1.0,r.-110.1.0/r.-79.1.0,r.-79.1.0/r.-110.1.0,r.-79.1.0/r.-110.1.0,r.-110.1.0/r.-79.1.0,r.-79.1.0/r.-110.1.0,,,,,,,,,,,,,,,,,,,,,,,,,,,,,,,,,,,,,,,,,,,,,,,,,,,,,,,,,,,,,,,,,,,,,,,,,,,,,,,,,,,,,,,,,,,,,,,,,,,,,,,,,,,,,,,,,,,,,,,,,,,,,,,,
676,r.-79.1.0/r.-110.1.0,r.-110.1.0/r.-79.1.0,r.-110.1.0/r.-79.1.0,r.-79.1.0/r.-110.1.0,r.-79.1.0/r.-110.1.0,r.-79.1.0/r.-110.1.0,r.-79.1.0/r.-110.1.0,r.-110.1.0/r.-79.1.0,r.-110.1.0/r.-79.1.0,r.-110.1.0/r.-79.1.0,r.-110.1.0/r.-79.1.0,r.-79.1.0/r.-110.1.0,r.-110.1.0/r.-79.1.0,r.-79.1.0/r.-110.1.0,r.-79.1.0/r.-110.1.0,r.-79.1.0/r.-110.1.0,r.-79.1.0/r.-110.1.0,r.-110.1.0/r.-79.1.0,r.-79.1.0/r.-110.1.0,r.-110.1.0/r.-79.1.0,r.-79.1.0/r.-110.1.0,r.-110.1.0/r.-79.1.0,r.-79.1.0/r.-110.1.0,r.-79.1.0/r.-110.1.0,r.-110.1.0/r.-79.1.0,r.-79.1.0/r.-110.1.0,r.-79.1.0/r.-110.1.0,r.-79.1.0/r.-110.1.0,r.-79.1.0/r.-110.1.0,r.-110.1.0/r.-79.1.0,r.-110.1.0/r.-79.1.0,r.-110.1.0/r.-79.1.0,r.-79.1.0/r.-110.1.0,r.-110.1.0/r.-79.1.0,r.-79.1.0/r.-110.1.0,r.-110.1.0/r.-79.1.0,r.-79.1.0/r.-110.1.0,r.-79.1.0/r.-110.1.0,r.-110.1.0/r.-79.1.0,r.-79.1.0/r.-110.1.0,r.-110.1.0/r.-79.1.0,r.-110.1.0/r.-79.1.0,r.-79.1.0/r.-110.1.0,r.-110.1.0/r.-79.1.0,r.-79.1.0/r.-110.1.0,r.-79.1.0/r.-110.1.0,r.-110.1.0/r.-79.1.0,r.-79.1.0/r.-110.1.0,r.-79.1.0/r.-110.1.0,r.-79.1.0/r.-110.1.0,r.-79.1.0/r.-110.1.0,r.-79.1.0/r.-110.1.0,r.-79.1.0/r.-110.1.0,r.-79.1.0/r.-110.1.0,r.-110.1.0/r.-79.1.0,r.-110.1.0/r.-79.1.0,r.-79.1.0/r.-110.1.0,r.-79.1.0/r.-110.1.0,r.-110.1.0/r.-79.1.0,r.-79.1.0/r.-110.1.0,r.-79.1.0/r.-110.1.0,r.-79.1.0/r.-110.1.0,r.-110.1.0/r.-79.1.0,r.-110.1.0/r.-79.1.0,r.-79.1.0/r.-110.1.0,r.-79.1.0/r.-110.1.0,r.-110.1.0/r.-79.1.0,r.-79.1.0/r.-110.1.0,r.-79.1.0/r.-110.1.0,r.-79.1.0/r.-110.1.0,r.-79.1.0/r.-110.1.0,r.-110.1.0/r.-79.1.0,r.-79.1.0/r.-110.1.0,r.-79.1.0/r.-110.1.0,r.-79.1.0/r.-110.1.0,r.-79.1.0/r.-110.1.0,r.-110.1.0/r.-79.1.0,r.-110.1.0/r.-79.1.0,r.-79.1.0/r.-110.1.0,r.-79.1.0/r.-110.1.0,r.-110.1.0/r.-79.1.0,r.-79.1.0/r.-110.1.0,r.-79.1.0/r.-110.1.0,r.-79.1.0/r.-110.1.0,r.-110.1.0/r.-79.1.0,r.-110.1.0/r.-79.1.0,r.-110.1.0/r.-79.1.0,r.-79.1.0/r.-110.1.0,r.-110.1.0/r.-79.1.0,r.-110.1.0/r.-79.1.0,r.-110.1.0/r.-79.1.0,r.-79.1.0/r.-110.1.0,r.-110.1.0/r.-79.1.0,r.-79.1.0/r.-110.1.0,,,,,,,,,,,,,,,,,,,,,,,,,,,,,,,,,,,,,,,,,,,,,,,,,,,,,,,,,,,,,,,,,,,,,,,,,,,,,,,,,,,,,,,,,,,,,,,,,,,,,,,,,,,,,,,,,,,,,,,,,,,,,,,,
677,r.-110.1.0/r.-79.1.0,r.-110.1.0/r.-79.1.0,r.-79.1.0/r.-110.1.0,r.-79.1.0/r.-110.1.0,r.-110.1.0/r.-79.1.0,r.-79.1.0/r.-110.1.0,r.-110.1.0/r.-79.1.0,r.-110.1.0/r.-79.1.0,r.-79.1.0/r.-110.1.0,r.-79.1.0/r.-110.1.0,r.-110.1.0/r.-79.1.0,r.-79.1.0/r.-110.1.0,r.-79.1.0/r.-110.1.0,r.-110.1.0/r.-79.1.0,r.-79.1.0/r.-110.1.0,r.-110.1.0/r.-79.1.0,r.-79.1.0/r.-110.1.0,r.-79.1.0/r.-110.1.0,r.-79.1.0/r.-110.1.0,r.-110.1.0/r.-79.1.0,r.-110.1.0/r.-79.1.0,r.-110.1.0/r.-79.1.0,r.-79.1.0/r.-110.1.0,r.-110.1.0/r.-79.1.0,r.-79.1.0/r.-110.1.0,r.-110.1.0/r.-79.1.0,r.-79.1.0/r.-110.1.0,r.-79.1.0/r.-110.1.0,r.-79.1.0/r.-110.1.0,r.-110.1.0/r.-79.1.0,r.-79.1.0/r.-110.1.0,r.-79.1.0/r.-110.1.0,r.-110.1.0/r.-79.1.0,r.-79.1.0/r.-110.1.0,r.-110.1.0/r.-79.1.0,r.-110.1.0/r.-79.1.0,r.-79.1.0/r.-110.1.0,r.-110.1.0/r.-79.1.0,r.-110.1.0/r.-79.1.0,r.-79.1.0/r.-110.1.0,r.-79.1.0/r.-110.1.0,r.-110.1.0/r.-79.1.0,r.-79.1.0/r.-110.1.0,r.-79.1.0/r.-110.1.0,r.-79.1.0/r.-110.1.0,r.-79.1.0/r.-110.1.0,r.-110.1.0/r.-79.1.0,r.-110.1.0/r.-79.1.0,r.-79.1.0/r.-110.1.0,r.-110.1.0/r.-79.1.0,r.-79.1.0/r.-110.1.0,r.-110.1.0/r.-79.1.0,r.-110.1.0/r.-79.1.0,r.-110.1.0/r.-79.1.0,r.-79.1.0/r.-110.1.0,r.-110.1.0/r.-79.1.0,r.-79.1.0/r.-110.1.0,r.-79.1.0/r.-110.1.0,r.-79.1.0/r.-110.1.0,r.-110.1.0/r.-79.1.0,r.-79.1.0/r.-110.1.0,r.-110.1.0/r.-79.1.0,r.-110.1.0/r.-79.1.0,r.-110.1.0/r.-79.1.0,r.-110.1.0/r.-79.1.0,r.-79.1.0/r.-110.1.0,r.-110.1.0/r.-79.1.0,r.-110.1.0/r.-79.1.0,r.-79.1.0/r.-110.1.0,r.-110.1.0/r.-79.1.0,r.-79.1.0/r.-110.1.0,r.-79.1.0/r.-110.1.0,r.-110.1.0/r.-79.1.0,r.-79.1.0/r.-110.1.0,r.-79.1.0/r.-110.1.0,r.-110.1.0/r.-79.1.0,r.-79.1.0/r.-110.1.0,r.-79.1.0/r.-110.1.0,r.-79.1.0/r.-110.1.0,r.-110.1.0/r.-79.1.0,r.-110.1.0/r.-79.1.0,r.-110.1.0/r.-79.1.0,r.-79.1.0/r.-110.1.0,r.-79.1.0/r.-110.1.0,r.-79.1.0/r.-110.1.0,r.-79.1.0/r.-110.1.0,r.-79.1.0/r.-110.1.0,r.-110.1.0/r.-79.1.0,r.-110.1.0/r.-79.1.0,r.-79.1.0/r.-110.1.0,r.-79.1.0/r.-110.1.0,r.-110.1.0/r.-79.1.0,r.-110.1.0/r.-79.1.0,r.-110.1.0/r.-79.1.0,,,,,,,,,,,,,,,,,,,,,,,,,,,,,,,,,,,,,,,,,,,,,,,,,,,,,,,,,,,,,,,,,,,,,,,,,,,,,,,,,,,,,,,,,,,,,,,,,,,,,,,,,,,,,,,,,,,,,,,,,,,,,,,,
678,r.-110.1.0/r.-79.1.0,r.-79.1.0/r.-110.1.0,r.-79.1.0/r.-110.1.0,r.-79.1.0/r.-110.1.0,r.-79.1.0/r.-110.1.0,r.-110.1.0/r.-79.1.0,r.-79.1.0/r.-110.1.0,r.-79.1.0/r.-110.1.0,r.-79.1.0/r.-110.1.0,r.-110.1.0/r.-79.1.0,r.-79.1.0/r.-110.1.0,r.-79.1.0/r.-110.1.0,r.-79.1.0/r.-110.1.0,r.-79.1.0/r.-110.1.0,r.-79.1.0/r.-110.1.0,r.-110.1.0/r.-79.1.0,r.-79.1.0/r.-110.1.0,r.-79.1.0/r.-110.1.0,r.-79.1.0/r.-110.1.0,r.-79.1.0/r.-110.1.0,r.-79.1.0/r.-110.1.0,r.-79.1.0/r.-110.1.0,r.-110.1.0/r.-79.1.0,r.-79.1.0/r.-110.1.0,r.-79.1.0/r.-110.1.0,r.-110.1.0/r.-79.1.0,r.-79.1.0/r.-110.1.0,r.-79.1.0/r.-110.1.0,r.-79.1.0/r.-110.1.0,r.-79.1.0/r.-110.1.0,r.-110.1.0/r.-79.1.0,r.-110.1.0/r.-79.1.0,r.-79.1.0/r.-110.1.0,r.-79.1.0/r.-110.1.0,r.-79.1.0/r.-110.1.0,r.-79.1.0/r.-110.1.0,r.-79.1.0/r.-110.1.0,r.-79.1.0/r.-110.1.0,r.-79.1.0/r.-110.1.0,r.-110.1.0/r.-79.1.0,r.-110.1.0/r.-79.1.0,r.-79.1.0/r.-110.1.0,r.-110.1.0/r.-79.1.0,r.-79.1.0/r.-110.1.0,r.-110.1.0/r.-79.1.0,r.-79.1.0/r.-110.1.0,r.-79.1.0/r.-110.1.0,r.-79.1.0/r.-110.1.0,r.-79.1.0/r.-110.1.0,r.-79.1.0/r.-110.1.0,r.-110.1.0/r.-79.1.0,r.-110.1.0/r.-79.1.0,r.-79.1.0/r.-110.1.0,r.-79.1.0/r.-110.1.0,r.-79.1.0/r.-110.1.0,r.-110.1.0/r.-79.1.0,r.-110.1.0/r.-79.1.0,r.-110.1.0/r.-79.1.0,r.-110.1.0/r.-79.1.0,r.-110.1.0/r.-79.1.0,r.-79.1.0/r.-110.1.0,r.-79.1.0/r.-110.1.0,r.-110.1.0/r.-79.1.0,r.-79.1.0/r.-110.1.0,r.-79.1.0/r.-110.1.0,r.-110.1.0/r.-79.1.0,r.-79.1.0/r.-110.1.0,r.-79.1.0/r.-110.1.0,r.-110.1.0/r.-79.1.0,r.-110.1.0/r.-79.1.0,r.-79.1.0/r.-110.1.0,r.-110.1.0/r.-79.1.0,r.-110.1.0/r.-79.1.0,r.-110.1.0/r.-79.1.0,r.-79.1.0/r.-110.1.0,r.-79.1.0/r.-110.1.0,r.-79.1.0/r.-110.1.0,r.-79.1.0/r.-110.1.0,r.-110.1.0/r.-79.1.0,r.-110.1.0/r.-79.1.0,r.-110.1.0/r.-79.1.0,r.-79.1.0/r.-110.1.0,r.-110.1.0/r.-79.1.0,r.-79.1.0/r.-110.1.0,r.-79.1.0/r.-110.1.0,r.-110.1.0/r.-79.1.0,r.-110.1.0/r.-79.1.0,r.-110.1.0/r.-79.1.0,r.-79.1.0/r.-110.1.0,r.-110.1.0/r.-79.1.0,r.-110.1.0/r.-79.1.0,r.-79.1.0/r.-110.1.0,r.-79.1.0/r.-110.1.0,r.-110.1.0/r.-79.1.0,,,,,,,,,,,,,,,,,,,,,,,,,,,,,,,,,,,,,,,,,,,,,,,,,,,,,,,,,,,,,,,,,,,,,,,,,,,,,,,,,,,,,,,,,,,,,,,,,,,,,,,,,,,,,,,,,,,,,,,,,,,,,,,,
679,r.-79.1.0/r.-110.1.0,r.-110.1.0/r.-79.1.0,r.-79.1.0/r.-110.1.0,r.-110.1.0/r.-79.1.0,r.-110.1.0/r.-79.1.0,r.-110.1.0/r.-79.1.0,r.-79.1.0/r.-110.1.0,r.-79.1.0/r.-110.1.0,r.-110.1.0/r.-79.1.0,r.-79.1.0/r.-110.1.0,r.-79.1.0/r.-110.1.0,r.-110.1.0/r.-79.1.0,r.-79.1.0/r.-110.1.0,r.-79.1.0/r.-110.1.0,r.-79.1.0/r.-110.1.0,r.-110.1.0/r.-79.1.0,r.-79.1.0/r.-110.1.0,r.-110.1.0/r.-79.1.0,r.-110.1.0/r.-79.1.0,r.-79.1.0/r.-110.1.0,r.-79.1.0/r.-110.1.0,r.-110.1.0/r.-79.1.0,r.-79.1.0/r.-110.1.0,r.-110.1.0/r.-79.1.0,r.-79.1.0/r.-110.1.0,r.-79.1.0/r.-110.1.0,r.-79.1.0/r.-110.1.0,r.-79.1.0/r.-110.1.0,r.-110.1.0/r.-79.1.0,r.-79.1.0/r.-110.1.0,r.-79.1.0/r.-110.1.0,r.-110.1.0/r.-79.1.0,r.-79.1.0/r.-110.1.0,r.-79.1.0/r.-110.1.0,r.-79.1.0/r.-110.1.0,r.-110.1.0/r.-79.1.0,r.-110.1.0/r.-79.1.0,r.-79.1.0/r.-110.1.0,r.-79.1.0/r.-110.1.0,r.-110.1.0/r.-79.1.0,r.-110.1.0/r.-79.1.0,r.-110.1.0/r.-79.1.0,r.-110.1.0/r.-79.1.0,r.-79.1.0/r.-110.1.0,r.-79.1.0/r.-110.1.0,r.-79.1.0/r.-110.1.0,r.-79.1.0/r.-110.1.0,r.-110.1.0/r.-79.1.0,r.-110.1.0/r.-79.1.0,r.-79.1.0/r.-110.1.0,r.-110.1.0/r.-79.1.0,r.-110.1.0/r.-79.1.0,r.-110.1.0/r.-79.1.0,r.-110.1.0/r.-79.1.0,r.-110.1.0/r.-79.1.0,r.-110.1.0/r.-79.1.0,r.-79.1.0/r.-110.1.0,r.-110.1.0/r.-79.1.0,r.-110.1.0/r.-79.1.0,r.-79.1.0/r.-110.1.0,r.-110.1.0/r.-79.1.0,r.-110.1.0/r.-79.1.0,r.-110.1.0/r.-79.1.0,r.-79.1.0/r.-110.1.0,r.-79.1.0/r.-110.1.0,r.-110.1.0/r.-79.1.0,r.-79.1.0/r.-110.1.0,r.-110.1.0/r.-79.1.0,r.-79.1.0/r.-110.1.0,r.-110.1.0/r.-79.1.0,r.-79.1.0/r.-110.1.0,r.-110.1.0/r.-79.1.0,r.-110.1.0/r.-79.1.0,r.-79.1.0/r.-110.1.0,r.-110.1.0/r.-79.1.0,r.-110.1.0/r.-79.1.0,r.-79.1.0/r.-110.1.0,r.-110.1.0/r.-79.1.0,r.-110.1.0/r.-79.1.0,r.-79.1.0/r.-110.1.0,r.-79.1.0/r.-110.1.0,r.-110.1.0/r.-79.1.0,r.-110.1.0/r.-79.1.0,r.-110.1.0/r.-79.1.0,r.-110.1.0/r.-79.1.0,r.-110.1.0/r.-79.1.0,r.-110.1.0/r.-79.1.0,r.-110.1.0/r.-79.1.0,r.-110.1.0/r.-79.1.0,r.-110.1.0/r.-79.1.0,r.-79.1.0/r.-110.1.0,r.-79.1.0/r.-110.1.0,r.-110.1.0/r.-79.1.0,r.-110.1.0/r.-79.1.0,,,,,,,,,,,,,,,,,,,,,,,,,,,,,,,,,,,,,,,,,,,,,,,,,,,,,,,,,,,,,,,,,,,,,,,,,,,,,,,,,,,,,,,,,,,,,,,,,,,,,,,,,,,,,,,,,,,,,,,,,,,,,,,,
680,r.-110.1.0/r.-79.1.0,r.-79.1.0/r.-110.1.0,r.-79.1.0/r.-110.1.0,r.-79.1.0/r.-110.1.0,r.-79.1.0/r.-110.1.0,r.-110.1.0/r.-79.1.0,r.-79.1.0/r.-110.1.0,r.-110.1.0/r.-79.1.0,r.-79.1.0/r.-110.1.0,r.-110.1.0/r.-79.1.0,r.-110.1.0/r.-79.1.0,r.-79.1.0/r.-110.1.0,r.-110.1.0/r.-79.1.0,r.-79.1.0/r.-110.1.0,r.-110.1.0/r.-79.1.0,r.-110.1.0/r.-79.1.0,r.-110.1.0/r.-79.1.0,r.-110.1.0/r.-79.1.0,r.-79.1.0/r.-110.1.0,r.-79.1.0/r.-110.1.0,r.-79.1.0/r.-110.1.0,r.-79.1.0/r.-110.1.0,r.-79.1.0/r.-110.1.0,r.-79.1.0/r.-110.1.0,r.-110.1.0/r.-79.1.0,r.-110.1.0/r.-79.1.0,r.-110.1.0/r.-79.1.0,r.-79.1.0/r.-110.1.0,r.-110.1.0/r.-79.1.0,r.-79.1.0/r.-110.1.0,r.-110.1.0/r.-79.1.0,r.-79.1.0/r.-110.1.0,r.-79.1.0/r.-110.1.0,r.-110.1.0/r.-79.1.0,r.-110.1.0/r.-79.1.0,r.-110.1.0/r.-79.1.0,r.-110.1.0/r.-79.1.0,r.-79.1.0/r.-110.1.0,r.-110.1.0/r.-79.1.0,r.-110.1.0/r.-79.1.0,r.-110.1.0/r.-79.1.0,r.-110.1.0/r.-79.1.0,r.-79.1.0/r.-110.1.0,r.-110.1.0/r.-79.1.0,r.-110.1.0/r.-79.1.0,r.-79.1.0/r.-110.1.0,r.-79.1.0/r.-110.1.0,r.-79.1.0/r.-110.1.0,r.-79.1.0/r.-110.1.0,r.-110.1.0/r.-79.1.0,r.-79.1.0/r.-110.1.0,r.-110.1.0/r.-79.1.0,r.-110.1.0/r.-79.1.0,r.-79.1.0/r.-110.1.0,r.-110.1.0/r.-79.1.0,r.-79.1.0/r.-110.1.0,r.-110.1.0/r.-79.1.0,r.-110.1.0/r.-79.1.0,r.-79.1.0/r.-110.1.0,r.-79.1.0/r.-110.1.0,r.-110.1.0/r.-79.1.0,r.-110.1.0/r.-79.1.0,r.-79.1.0/r.-110.1.0,r.-110.1.0/r.-79.1.0,r.-110.1.0/r.-79.1.0,r.-110.1.0/r.-79.1.0,r.-110.1.0/r.-79.1.0,r.-79.1.0/r.-110.1.0,r.-79.1.0/r.-110.1.0,r.-110.1.0/r.-79.1.0,r.-79.1.0/r.-110.1.0,r.-79.1.0/r.-110.1.0,r.-110.1.0/r.-79.1.0,r.-79.1.0/r.-110.1.0,r.-110.1.0/r.-79.1.0,r.-79.1.0/r.-110.1.0,r.-79.1.0/r.-110.1.0,r.-79.1.0/r.-110.1.0,r.-110.1.0/r.-79.1.0,r.-110.1.0/r.-79.1.0,r.-110.1.0/r.-79.1.0,r.-110.1.0/r.-79.1.0,r.-79.1.0/r.-110.1.0,r.-79.1.0/r.-110.1.0,r.-79.1.0/r.-110.1.0,r.-79.1.0/r.-110.1.0,r.-110.1.0/r.-79.1.0,r.-110.1.0/r.-79.1.0,r.-79.1.0/r.-110.1.0,r.-110.1.0/r.-79.1.0,r.-110.1.0/r.-79.1.0,r.-79.1.0/r.-110.1.0,r.-79.1.0/r.-110.1.0,r.-79.1.0/r.-110.1.0,,,,,,,,,,,,,,,,,,,,,,,,,,,,,,,,,,,,,,,,,,,,,,,,,,,,,,,,,,,,,,,,,,,,,,,,,,,,,,,,,,,,,,,,,,,,,,,,,,,,,,,,,,,,,,,,,,,,,,,,,,,,,,,,
681,r.-110.1.0/r.-79.1.0,r.-110.1.0/r.-79.1.0,r.-110.1.0/r.-79.1.0,r.-110.1.0/r.-79.1.0,r.-79.1.0/r.-110.1.0,r.-110.1.0/r.-79.1.0,r.-110.1.0/r.-79.1.0,r.-110.1.0/r.-79.1.0,r.-110.1.0/r.-79.1.0,r.-79.1.0/r.-110.1.0,r.-110.1.0/r.-79.1.0,r.-110.1.0/r.-79.1.0,r.-79.1.0/r.-110.1.0,r.-79.1.0/r.-110.1.0,r.-79.1.0/r.-110.1.0,r.-110.1.0/r.-79.1.0,r.-79.1.0/r.-110.1.0,r.-110.1.0/r.-79.1.0,r.-110.1.0/r.-79.1.0,r.-110.1.0/r.-79.1.0,r.-79.1.0/r.-110.1.0,r.-110.1.0/r.-79.1.0,r.-110.1.0/r.-79.1.0,r.-79.1.0/r.-110.1.0,r.-79.1.0/r.-110.1.0,r.-79.1.0/r.-110.1.0,r.-79.1.0/r.-110.1.0,r.-110.1.0/r.-79.1.0,r.-79.1.0/r.-110.1.0,r.-79.1.0/r.-110.1.0,r.-110.1.0/r.-79.1.0,r.-79.1.0/r.-110.1.0,r.-110.1.0/r.-79.1.0,r.-110.1.0/r.-79.1.0,r.-110.1.0/r.-79.1.0,r.-110.1.0/r.-79.1.0,r.-79.1.0/r.-110.1.0,r.-110.1.0/r.-79.1.0,r.-110.1.0/r.-79.1.0,r.-79.1.0/r.-110.1.0,r.-110.1.0/r.-79.1.0,r.-79.1.0/r.-110.1.0,r.-110.1.0/r.-79.1.0,r.-79.1.0/r.-110.1.0,r.-110.1.0/r.-79.1.0,r.-110.1.0/r.-79.1.0,r.-79.1.0/r.-110.1.0,r.-79.1.0/r.-110.1.0,r.-110.1.0/r.-79.1.0,r.-110.1.0/r.-79.1.0,r.-79.1.0/r.-110.1.0,r.-79.1.0/r.-110.1.0,r.-79.1.0/r.-110.1.0,r.-79.1.0/r.-110.1.0,r.-79.1.0/r.-110.1.0,r.-79.1.0/r.-110.1.0,r.-110.1.0/r.-79.1.0,r.-79.1.0/r.-110.1.0,r.-110.1.0/r.-79.1.0,r.-110.1.0/r.-79.1.0,r.-79.1.0/r.-110.1.0,r.-79.1.0/r.-110.1.0,r.-79.1.0/r.-110.1.0,r.-79.1.0/r.-110.1.0,r.-110.1.0/r.-79.1.0,r.-79.1.0/r.-110.1.0,r.-110.1.0/r.-79.1.0,r.-110.1.0/r.-79.1.0,r.-110.1.0/r.-79.1.0,r.-79.1.0/r.-110.1.0,r.-110.1.0/r.-79.1.0,r.-110.1.0/r.-79.1.0,r.-110.1.0/r.-79.1.0,r.-79.1.0/r.-110.1.0,r.-110.1.0/r.-79.1.0,r.-110.1.0/r.-79.1.0,r.-110.1.0/r.-79.1.0,r.-79.1.0/r.-110.1.0,r.-110.1.0/r.-79.1.0,r.-79.1.0/r.-110.1.0,r.-110.1.0/r.-79.1.0,r.-110.1.0/r.-79.1.0,r.-110.1.0/r.-79.1.0,r.-110.1.0/r.-79.1.0,r.-79.1.0/r.-110.1.0,r.-110.1.0/r.-79.1.0,r.-79.1.0/r.-110.1.0,r.-79.1.0/r.-110.1.0,r.-79.1.0/r.-110.1.0,r.-79.1.0/r.-110.1.0,r.-79.1.0/r.-110.1.0,r.-79.1.0/r.-110.1.0,r.-79.1.0/r.-110.1.0,r.-79.1.0/r.-110.1.0,,,,,,,,,,,,,,,,,,,,,,,,,,,,,,,,,,,,,,,,,,,,,,,,,,,,,,,,,,,,,,,,,,,,,,,,,,,,,,,,,,,,,,,,,,,,,,,,,,,,,,,,,,,,,,,,,,,,,,,,,,,,,,,,
682,r.-107.1.0,r.-107.1.0,r.-107.1.0,r.-107.1.0,r.-107.1.0,r.-107.1.0,r.-107.1.0,r.-107.1.0,r.-107.1.0,r.-107.1.0,r.-107.1.0,r.-107.1.0,r.-107.1.0,r.-107.1.0,r.-107.1.0,r.-107.1.0,r.-107.1.0,r.-107.1.0,r.-107.1.0,r.-107.1.0,r.-107.1.0,r.-107.1.0,r.-107.1.0,r.-107.1.0,r.-107.1.0,r.-107.1.0,r.-107.1.0,r.-107.1.0,r.-107.1.0,r.-107.1.0,r.-107.1.0,r.-107.1.0,r.-107.1.0,r.-107.1.0,r.-107.1.0,r.-107.1.0,r.-107.1.0,r.-107.1.0,r.-107.1.0,r.-107.1.0,r.-107.1.0,r.-107.1.0,r.-107.1.0,r.-107.1.0,r.-107.1.0,r.-107.1.0,r.-107.1.0,r.-107.1.0,r.-107.1.0,r.-107.1.0,r.-107.1.0,r.-107.1.0,r.-107.1.0,r.-107.1.0,r.-107.1.0,r.-107.1.0,r.-107.1.0,r.-107.1.0,r.-107.1.0,r.-107.1.0,r.-107.1.0,r.-107.1.0,r.-107.1.0,r.-107.1.0,r.-107.1.0,r.-107.1.0,r.-107.1.0,r.-107.1.0,r.-107.1.0,r.-107.1.0,r.-107.1.0,r.-107.1.0,r.-107.1.0,r.-107.1.0,r.-107.1.0,r.-107.1.0,r.-107.1.0,r.-107.1.0,r.-107.1.0,r.-107.1.0,r.-107.1.0,r.-107.1.0,r.-107.1.0,r.-107.1.0,r.-107.1.0,r.-107.1.0,r.-107.1.0,r.-107.1.0,r.-107.1.0,r.-107.1.0,r.-107.1.0,r.-107.1.0,r.-107.1.0,r.-107.1.0,,,,,,,,,,,,,,,,,,,,,,,,,,,,,,,,,,,,,,,,,,,,,,,,,,,,,,,,,,,,,,,,,,,,,,,,,,,,,,,,,,,,,,,,,,,,,,,,,,,,,,,,,,,,,,,,,,,,,,,,,,,,,,,,
683,r.-107.1.0,r.-107.1.0,r.-107.1.0,r.-107.1.0,r.-107.1.0,r.-107.1.0,r.-107.1.0,r.-107.1.0,r.-107.1.0,r.-107.1.0,r.-107.1.0,r.-107.1.0,r.-107.1.0,r.-107.1.0,r.-107.1.0,r.-107.1.0,r.-107.1.0,r.-107.1.0,r.-107.1.0,r.-107.1.0,r.-107.1.0,r.-107.1.0,r.-107.1.0,r.-107.1.0,r.-107.1.0,r.-107.1.0,r.-107.1.0,r.-107.1.0,r.-107.1.0,r.-107.1.0,r.-107.1.0,r.-107.1.0,r.-107.1.0,r.-107.1.0,r.-107.1.0,r.-107.1.0,r.-107.1.0,r.-107.1.0,r.-107.1.0,r.-107.1.0,r.-107.1.0,r.-107.1.0,r.-107.1.0,r.-107.1.0,r.-107.1.0,r.-107.1.0,r.-107.1.0,r.-107.1.0,r.-107.1.0,r.-107.1.0,r.-107.1.0,r.-107.1.0,r.-107.1.0,r.-107.1.0,r.-107.1.0,r.-107.1.0,r.-107.1.0,r.-107.1.0,r.-107.1.0,r.-107.1.0,r.-107.1.0,r.-107.1.0,r.-107.1.0,r.-107.1.0,r.-107.1.0,r.-107.1.0,r.-107.1.0,r.-107.1.0,r.-107.1.0,r.-107.1.0,r.-107.1.0,r.-107.1.0,r.-107.1.0,r.-107.1.0,r.-107.1.0,r.-107.1.0,r.-107.1.0,r.-107.1.0,r.-107.1.0,r.-107.1.0,r.-107.1.0,r.-107.1.0,r.-107.1.0,r.-107.1.0,r.-107.1.0,r.-107.1.0,r.-107.1.0,r.-107.1.0,r.-107.1.0,r.-107.1.0,r.-107.1.0,r.-107.1.0,r.-107.1.0,r.-107.1.0,,,,,,,,,,,,,,,,,,,,,,,,,,,,,,,,,,,,,,,,,,,,,,,,,,,,,,,,,,,,,,,,,,,,,,,,,,,,,,,,,,,,,,,,,,,,,,,,,,,,,,,,,,,,,,,,,,,,,,,,,,,,,,,,
684,,,,,,,,,,,,,,,,,,,,,,,,,,,,,,,,,,,,,,,,,,,,,p.688,,,,,,,,,,,,,,,,,,,,,,,,,,,,,,,,,,,,,,,,,,,,,,,,,,,,,,,,,,,,,,,,,,,,,,,,,,,,,,,,,,,,,,,,,,,,,,,,,,,,,,,,,,,,,,,,,,,,,,,,,,,,,,,,,,,,,,,,,,,,,,,,,,,,,,,,,,,,,,,,,,,,,,,,,,,,,,,,,
685,p.589/r.-79.0.0/r.-92.0.0/r.-110.0.0,p.590/r.-92.0.0/r.-110.0.0/r.-79.0.0,p.591/r.-79.0.0/r.-92.0.0/r.-110.0.0,p.592/r.-79.0.0/r.-92.0.0/r.-110.0.0,p.593/r.-79.0.0/r.-110.0.0/r.-92.0.0,p.594/r.-79.0.0/r.-110.0.0/r.-92.0.0,p.595/r.-79.0.0/r.-92.0.0/r.-110.0.0,p.596/r.-92.0.0/r.-79.0.0/r.-110.0.0,p.597/r.-110.0.0/r.-92.0.0/r.-79.0.0,p.598/r.-79.0.0/r.-110.0.0/r.-92.0.0,p.599/r.-92.0.0/r.-110.0.0/r.-79.0.0,p.600/r.-79.0.0/r.-92.0.0/r.-110.0.0,p.601/r.-110.0.0/r.-92.0.0/r.-79.0.0,p.602/r.-79.0.0/r.-92.0.0/r.-110.0.0,p.603/r.-79.0.0/r.-110.0.0/r.-92.0.0,p.604/r.-92.0.0/r.-110.0.0/r.-79.0.0,p.605/r.-79.0.0/r.-92.0.0/r.-110.0.0,p.606/r.-92.0.0/r.-79.0.0/r.-110.0.0,p.607/r.-79.0.0/r.-110.0.0/r.-92.0.0,p.608/r.-79.0.0/r.-92.0.0/r.-110.0.0,p.609/r.-110.0.0/r.-92.0.0/r.-79.0.0,p.610/r.-92.0.0/r.-110.0.0/r.-79.0.0,p.611/r.-92.0.0/r.-110.0.0/r.-79.0.0,p.612/r.-110.0.0/r.-92.0.0/r.-79.0.0,p.613/r.-79.0.0/r.-92.0.0/r.-110.0.0,p.614/r.-79.0.0/r.-92.0.0/r.-110.0.0,p.615/r.-79.0.0/r.-92.0.0/r.-110.0.0,p.616/r.-92.0.0/r.-79.0.0/r.-110.0.0,p.617/r.-92.0.0/r.-79.0.0/r.-110.0.0,p.618/r.-92.0.0/r.-79.0.0/r.-110.0.0,p.619/r.-110.0.0/r.-92.0.0/r.-79.0.0,p.620/r.-79.0.0/r.-110.0.0/r.-92.0.0,p.621/r.-79.0.0/r.-92.0.0/r.-110.0.0,p.622/r.-92.0.0/r.-79.0.0/r.-110.0.0,p.623/r.-110.0.0/r.-79.0.0/r.-92.0.0,p.624/r.-79.0.0/r.-92.0.0/r.-110.0.0,p.625/r.-79.0.0/r.-110.0.0/r.-92.0.0,p.626/r.-79.0.0/r.-110.0.0/r.-92.0.0,p.627/r.-79.0.0/r.-110.0.0/r.-92.0.0,p.628/r.-79.0.0/r.-92.0.0/r.-110.0.0,p.629/r.-79.0.0/r.-92.0.0/r.-110.0.0,p.630/r.-92.0.0/r.-110.0.0/r.-79.0.0,p.631/r.-110.0.0/r.-79.0.0/r.-92.0.0,p.632/r.-92.0.0/r.-110.0.0/r.-79.0.0,p.374/r.-110.0.0/r.-92.0.0/r.-79.0.0/r.-106.0.0,p.633/r.-110.0.0/r.-79.0.0/r.-92.0.0,p.634/r.-92.0.0/r.-110.0.0/r.-79.0.0,p.635/r.-92.0.0/r.-110.0.0/r.-79.0.0,p.636/r.-92.0.0/r.-79.0.0/r.-110.0.0,p.637/r.-92.0.0/r.-110.0.0/r.-79.0.0,p.638/r.-79.0.0/r.-92.0.0/r.-110.0.0,p.639/r.-79.0.0/r.-92.0.0/r.-110.0.0,p.640/r.-110.0.0/r.-92.0.0/r.-79.0.0,p.641/r.-110.0.0/r.-92.0.0/r.-79.0.0,p.642/r.-110.0.0/r.-92.0.0/r.-79.0.0,p.643/r.-79.0.0/r.-92.0.0/r.-110.0.0,p.644/r.-79.0.0/r.-92.0.0/r.-110.0.0,p.645/r.-110.0.0/r.-92.0.0/r.-79.0.0,p.646/r.-92.0.0/r.-79.0.0/r.-110.0.0,p.647/r.-110.0.0/r.-79.0.0/r.-92.0.0,p.648/r.-92.0.0/r.-110.0.0/r.-79.0.0,p.649/r.-92.0.0/r.-79.0.0/r.-110.0.0,p.650/r.-92.0.0/r.-110.0.0/r.-79.0.0,p.651/r.-110.0.0/r.-92.0.0/r.-79.0.0,p.652/r.-79.0.0/r.-110.0.0/r.-92.0.0,p.653/r.-92.0.0/r.-110.0.0/r.-79.0.0,p.654/r.-79.0.0/r.-92.0.0/r.-110.0.0,p.655/r.-110.0.0/r.-92.0.0/r.-79.0.0,p.656/r.-79.0.0/r.-92.0.0/r.-110.0.0,p.657/r.-92.0.0/r.-79.0.0/r.-110.0.0,p.658/r.-92.0.0/r.-79.0.0/r.-110.0.0,p.659/r.-79.0.0/r.-92.0.0/r.-110.0.0,p.660/r.-92.0.0/r.-110.0.0/r.-79.0.0,p.661/r.-79.0.0/r.-110.0.0/r.-92.0.0,p.662/r.-92.0.0/r.-110.0.0/r.-79.0.0,p.663/r.-79.0.0/r.-110.0.0/r.-92.0.0,p.664/r.-110.0.0/r.-79.0.0/r.-92.0.0,p.665/r.-79.0.0/r.-110.0.0/r.-92.0.0,p.666/r.-110.0.0/r.-92.0.0/r.-79.0.0,p.667/r.-92.0.0/r.-79.0.0/r.-110.0.0,p.668/r.-92.0.0/r.-110.0.0/r.-79.0.0,p.669/r.-110.0.0/r.-79.0.0/r.-92.0.0,p.670/r.-110.0.0/r.-79.0.0/r.-92.0.0,p.671/r.-92.0.0/r.-110.0.0/r.-79.0.0,p.672/r.-92.0.0/r.-110.0.0/r.-79.0.0,p.673/r.-92.0.0/r.-79.0.0/r.-110.0.0,p.674/r.-79.0.0/r.-92.0.0/r.-110.0.0,p.675/r.-92.0.0/r.-110.0.0/r.-79.0.0,p.676/r.-79.0.0/r.-92.0.0/r.-110.0.0,p.677/r.-79.0.0/r.-92.0.0/r.-110.0.0,p.678/r.-92.0.0/r.-79.0.0/r.-110.0.0,p.679/r.-92.0.0/r.-79.0.0/r.-110.0.0,p.680/r.-110.0.0/r.-92.0.0/r.-79.0.0,p.681/r.-92.0.0/r.-110.0.0/r.-79.0.0,,,,,,,,,,,,,,,,,,,,,,,,,,,,,,,,,,,,,,,,,,,,,,,,,,,,,,,,,,,,,,,,,,,,,,,,,,,,,,,,p.424,,p.682,,,,,,,,,,,p.683,,,,,,,,,,,,,,p.687,p.685,,,p.686,,,,,,,,,,,,,,,,,
686,r.-107.1.0,r.-107.1.0,r.-107.1.0,r.-107.1.0,r.-107.1.0,r.-107.1.0,r.-107.1.0,r.-107.1.0,r.-107.1.0,r.-107.1.0,r.-107.1.0,r.-107.1.0,r.-107.1.0,r.-107.1.0,r.-107.1.0,r.-107.1.0,r.-107.1.0,r.-107.1.0,r.-107.1.0,r.-107.1.0,r.-107.1.0,r.-107.1.0,r.-107.1.0,r.-107.1.0,r.-107.1.0,r.-107.1.0,r.-107.1.0,r.-107.1.0,r.-107.1.0,r.-107.1.0,r.-107.1.0,r.-107.1.0,r.-107.1.0,r.-107.1.0,r.-107.1.0,r.-107.1.0,r.-107.1.0,r.-107.1.0,r.-107.1.0,r.-107.1.0,r.-107.1.0,r.-107.1.0,r.-107.1.0,r.-107.1.0,r.-107.1.0,r.-107.1.0,r.-107.1.0,r.-107.1.0,r.-107.1.0,r.-107.1.0,r.-107.1.0,r.-107.1.0,r.-107.1.0,r.-107.1.0,r.-107.1.0,r.-107.1.0,r.-107.1.0,r.-107.1.0,r.-107.1.0,r.-107.1.0,r.-107.1.0,r.-107.1.0,r.-107.1.0,r.-107.1.0,r.-107.1.0,r.-107.1.0,r.-107.1.0,r.-107.1.0,r.-107.1.0,r.-107.1.0,r.-107.1.0,r.-107.1.0,r.-107.1.0,r.-107.1.0,r.-107.1.0,r.-107.1.0,r.-107.1.0,r.-107.1.0,r.-107.1.0,r.-107.1.0,r.-107.1.0,r.-107.1.0,r.-107.1.0,r.-107.1.0,r.-107.1.0,r.-107.1.0,r.-107.1.0,r.-107.1.0,r.-107.1.0,r.-107.1.0,r.-107.1.0,r.-107.1.0,r.-107.1.0,r.-107.1.0,,,,,,,,,,,,,,,,,,,,,,,,,,,,,,,,,,,,,,,,,,,,,,,,,,,,,,,,,,,,,,,,,,,,,,,,,,,,,,,,,,,,,,,,,,,,,,,,,,,,,,,,,,,,,,,,,,,,,,,,,,,,,,,,
687,,,,,,,,,,,,,,,,,,,,,,,,,,,,,,,,,,,,,,,,,,,,,r.-106.2.0,,,,,,,,,,,,,,,,,,,,,,,,,,,,,,,,,,,,,,,,,,,,,,,,,,,,,,,,,,,,,,,,,,,,,,,,,,,,,,,,,,,,,,,,,,,,,,,,,,,,,,,,,,,,,,,,,,,,,,,,,,,,,,,,,,,,,,,,,,,,,,,,,,,,,,,,,,,,,,,,,,,,,,,,,,,,,,,,,
688,,,,,,,,,,,,,,,,r.-116.3.0,,,,,,,,,,,,,,,,,,,,,,,,,,,,,,,,,,,,,,,,,,,,,,,,,,,,,,,,,,,,,,,,,,,,,,,,,,,,,,,,,,,,,,,,,,,,,,,,,,,,,,,,,,,,,,,,,,,,,,,,,,,,,,,,,,,,,,,,,,,,,,,,,,,,,,,,,,,,,,,,,,,,,,,,,,,,,,,,,,,,,,,,,,,,,,,,,,,,,,,,,,,,,,
689,,,,,,,,,,,,,,,,,p.690,,,,,,,,,,,,,,,,,,,,,,,,,,,,,,,,,,,,,,,,,,,,,,,,,,,,,,,,,,,,,,,,,,,,,,,,,,,,,,,,,,,,,,,,,,,,,,,,,,,,,,,,,,,,,,,,,,,,,,,,,,,,,,,,,,,,,,,,,,,,,,,,,,,,,,,,,,,,,,,,,,,,,,,,,,,,,,,,,,,,,,,,,,,,,,,,,,,,,,,,,,,,,
690,,,,,,,,,,,,,,,,,,,,,,,,,,,,,,,,,,,p.691,,,,,,,,,,,,,,,,,,,,,,,,,,,,,,,,,,,,,,,,,,,,,,,,,,,,,,,,,,,,,,,,,,,,,,,,,,,,,,,,,,,,,,,,,,,,,,,,,,,,,,,,,,,,,,,,,,,,,,,,,,,,,,,,,,,,,,,,,,,,,,,,,,,,,,,,,,,,,,,,,,,,,,,,,,,,,,,,,,,,,,,,,,,
691,,,,,,,,,,,,,,,,,,,,,,,,,,,,,,,,,,,,,,,,,,,,,p.692,,,,,,,,,,,,,,,,,,,,,,,,,,,,,,,,,,,,,,,,,,,,,,,,,,,,,,,,,,,,,,,,,,,,,,,,,,,,,,,,,,,,,,,,,,,,,,,,,,,,,,,,,,,,,,,,,,,,,,,,,,,,,,,,,,,,,,,,,,,,,,,,,,,,,,,,,,,,,,,,,,,,,,,,,,,,,,,,,
692,,,r.-26.0.0/r.-33.0.0,r.-33.0.0/r.-26.0.0,,r.-26.0.0/r.-33.0.0,r.-33.0.0/r.-26.0.0,r.-33.0.0/r.-26.0.0,r.-26.0.0/r.-33.0.0,r.-26.0.0/r.-33.0.0,,r.-33.0.0/r.-26.0.0,r.-33.0.0/r.-26.0.0,r.-26.0.0/r.-33.0.0,r.-33.0.0/r.-26.0.0,p.693/r.-33.0.0/r.-26.0.0,r.-26.0.0/r.-33.0.0,r.-26.0.0/r.-33.0.0,r.-33.0.0/r.-26.0.0,r.-33.0.0/r.-26.0.0,,,,,,,,,,,r.-26.0.0/r.-33.0.0,r.-33.0.0/r.-26.0.0,r.-26.0.0/r.-33.0.0,r.-33.0.0/r.-26.0.0,r.-33.0.0/r.-26.0.0,r.-33.0.0/r.-26.0.0,,,r.-33.0.0/r.-26.0.0,r.-26.0.0/r.-33.0.0,r.-33.0.0/r.-26.0.0,r.-26.0.0/r.-33.0.0,r.-33.0.0/r.-26.0.0,r.-33.0.0/r.-26.0.0,r.-26.0.0/r.-33.0.0,r.-33.0.0/r.-26.0.0,r.-33.0.0/r.-26.0.0,r.-33.0.0/r.-26.0.0,r.-33.0.0/r.-26.0.0,r.-33.0.0/r.-26.0.0,r.-33.0.0/r.-26.0.0,r.-33.0.0/r.-26.0.0,r.-26.0.0/r.-33.0.0,r.-26.0.0/r.-33.0.0,r.-26.0.0/r.-33.0.0,r.-33.0.0/r.-26.0.0,r.-33.0.0/r.-26.0.0,r.-33.0.0/r.-26.0.0,r.-26.0.0/r.-33.0.0,r.-33.0.0/r.-26.0.0,r.-33.0.0/r.-26.0.0,r.-26.0.0/r.-33.0.0,r.-26.0.0/r.-33.0.0,r.-33.0.0/r.-26.0.0,r.-26.0.0/r.-33.0.0,r.-33.0.0/r.-26.0.0,r.-26.0.0/r.-33.0.0,r.-33.0.0/r.-26.0.0,r.-26.0.0/r.-33.0.0,r.-33.0.0/r.-26.0.0,r.-33.0.0/r.-26.0.0,r.-33.0.0/r.-26.0.0,r.-26.0.0/r.-33.0.0,r.-33.0.0/r.-26.0.0,r.-26.0.0/r.-33.0.0,r.-26.0.0/r.-33.0.0,r.-26.0.0/r.-33.0.0,r.-26.0.0/r.-33.0.0,r.-26.0.0/r.-33.0.0,r.-26.0.0/r.-33.0.0,r.-33.0.0/r.-26.0.0,r.-33.0.0/r.-26.0.0,r.-33.0.0/r.-26.0.0,r.-26.0.0/r.-33.0.0,r.-33.0.0/r.-26.0.0,r.-33.0.0/r.-26.0.0,r.-33.0.0/r.-26.0.0,r.-33.0.0/r.-26.0.0,r.-33.0.0/r.-26.0.0,r.-33.0.0/r.-26.0.0,r.-33.0.0/r.-26.0.0,r.-26.0.0/r.-33.0.0,r.-26.0.0/r.-33.0.0,r.-26.0.0/r.-33.0.0,,,,,,,,,,,,,,,,,,,,,,,,,,,p.694,,,,,,,p.695,,,,,,,,,,,,,,,,,,,,,,,,,,,,,,,,,,,,,,,,,,,,,,,,,,,,,,,,,,,,,,,,,,,,,,,,,,,,,,,,,,,,,,,,,,,,,,
693,,,r.-33.1.0,r.-33.1.0,,r.-33.1.0,r.-33.1.0,r.-33.1.0,r.-33.1.0,r.-33.1.0,,r.-33.1.0,r.-33.1.0,r.-33.1.0,r.-33.1.0,r.-33.1.0,r.-33.1.0,r.-33.1.0,r.-33.1.0,r.-33.1.0,,,,,,,,,,,r.-33.1.0,r.-33.1.0,r.-33.1.0,r.-33.1.0,r.-33.1.0,r.-33.1.0,,,r.-33.1.0,r.-33.1.0,r.-33.1.0,r.-33.1.0,r.-33.1.0,r.-33.1.0,r.-33.1.0,r.-33.1.0,r.-33.1.0,r.-33.1.0,r.-33.1.0,r.-33.1.0,r.-33.1.0,r.-33.1.0,r.-33.1.0,r.-33.1.0,r.-33.1.0,r.-33.1.0,r.-33.1.0,r.-33.1.0,r.-33.1.0,r.-33.1.0,r.-33.1.0,r.-33.1.0,r.-33.1.0,r.-33.1.0,r.-33.1.0,r.-33.1.0,r.-33.1.0,r.-33.1.0,r.-33.1.0,r.-33.1.0,r.-33.1.0,r.-33.1.0,r.-33.1.0,r.-33.1.0,r.-33.1.0,r.-33.1.0,r.-33.1.0,r.-33.1.0,r.-33.1.0,r.-33.1.0,r.-33.1.0,r.-33.1.0,r.-33.1.0,r.-33.1.0,r.-33.1.0,r.-33.1.0,r.-33.1.0,r.-33.1.0,r.-33.1.0,r.-33.1.0,r.-33.1.0,r.-33.1.0,r.-33.1.0,r.-33.1.0,,,,,,,,,,,,,,,,,,,,,,,,,,,,,,,,,,,,,,,,,,,,,,,,,,,,,,,,,,,,,,,,,,,,,,,,,,,,,,,,,,,,,,,,,,,,,,,,,,,,,,,,,,,,,,,,,,,,,,,,,,,,,,,,
694,,,p.696/r.-79.0.0,p.697/r.-79.0.0,,p.698/r.-79.0.0,p.699/r.-79.0.0,p.700/r.-79.0.0,p.701/r.-79.0.0,p.702/r.-79.0.0,,p.703/r.-79.0.0,p.704/r.-79.0.0,p.705/r.-79.0.0,p.706/r.-79.0.0,p.707/r.-79.0.0/r.-123.0.0,p.708/r.-79.0.0,p.709/r.-79.0.0,p.710/r.-79.0.0,p.711/r.-79.0.0,,,,,,,,,,,p.712/r.-79.0.0,p.713/r.-79.0.0,p.714/r.-79.0.0,p.715/r.-79.0.0,p.716/r.-79.0.0,p.717/r.-79.0.0,,,p.718/r.-79.0.0,p.719/r.-79.0.0,p.720/r.-79.0.0,p.721/r.-79.0.0,p.722/r.-79.0.0,p.723/r.-79.0.0,p.724/r.-123.0.0/r.-79.0.0,p.725/r.-79.0.0,p.726/r.-79.0.0,p.727/r.-79.0.0,p.728/r.-79.0.0,p.729/r.-79.0.0,p.730/r.-79.0.0,p.731/r.-79.0.0,p.732/r.-79.0.0,p.733/r.-79.0.0,p.734/r.-79.0.0,p.735/r.-79.0.0,p.736/r.-79.0.0,p.737/r.-79.0.0,p.738/r.-79.0.0,p.739/r.-79.0.0,p.740/r.-79.0.0,p.741/r.-79.0.0,p.742/r.-79.0.0,p.743/r.-79.0.0,p.744/r.-79.0.0,p.745/r.-79.0.0,p.746/r.-79.0.0,p.747/r.-79.0.0,p.748/r.-79.0.0,p.749/r.-79.0.0,p.750/r.-79.0.0,p.751/r.-79.0.0,p.752/r.-79.0.0,p.753/r.-79.0.0,p.754/r.-79.0.0,p.755/r.-79.0.0,p.756/r.-79.0.0,p.757/r.-79.0.0,p.758/r.-79.0.0,p.759/r.-79.0.0,p.760/r.-79.0.0,p.761/r.-79.0.0,p.762/r.-79.0.0,p.763/r.-79.0.0,p.764/r.-79.0.0,p.765/r.-79.0.0,p.766/r.-79.0.0,p.767/r.-79.0.0,p.768/r.-79.0.0,p.769/r.-79.0.0,p.770/r.-79.0.0,p.771/r.-79.0.0,p.772/r.-79.0.0,p.773/r.-79.0.0,,,,,,,,,,,,,,,,,,,,,,,,,,p.774,,,,,,,,,,,,,,,,,,,,,,,,,,,,,,,,,,,,,,,,,,,,,,,,,,,,,,p.775,,p.776,,,,,,,,,,,,,,,,,,,,,,,,,,,,,,,,,,,p.777,p.778,,,,,p.779,p.780,p.781,,,
695,,,r.-26.1.0,r.-26.1.0,,r.-26.1.0,r.-26.1.0,r.-26.1.0,r.-26.1.0,r.-26.1.0,,r.-26.1.0,r.-26.1.0,r.-26.1.0,r.-26.1.0,r.-26.1.0,r.-26.1.0,r.-26.1.0,r.-26.1.0,r.-26.1.0,,,,,,,,,,,r.-26.1.0,r.-26.1.0,r.-26.1.0,r.-26.1.0,r.-26.1.0,r.-26.1.0,,,r.-26.1.0,r.-26.1.0,r.-26.1.0,r.-26.1.0,r.-26.1.0,r.-26.1.0,r.-26.1.0,r.-26.1.0,r.-26.1.0,r.-26.1.0,r.-26.1.0,r.-26.1.0,r.-26.1.0,r.-26.1.0,r.-26.1.0,r.-26.1.0,r.-26.1.0,r.-26.1.0,r.-26.1.0,r.-26.1.0,r.-26.1.0,r.-26.1.0,r.-26.1.0,r.-26.1.0,r.-26.1.0,r.-26.1.0,r.-26.1.0,r.-26.1.0,r.-26.1.0,r.-26.1.0,r.-26.1.0,r.-26.1.0,r.-26.1.0,r.-26.1.0,r.-26.1.0,r.-26.1.0,r.-26.1.0,r.-26.1.0,r.-26.1.0,r.-26.1.0,r.-26.1.0,r.-26.1.0,r.-26.1.0,r.-26.1.0,r.-26.1.0,r.-26.1.0,r.-26.1.0,r.-26.1.0,r.-26.1.0,r.-26.1.0,r.-26.1.0,r.-26.1.0,r.-26.1.0,r.-26.1.0,r.-26.1.0,r.-26.1.0,,,,,,,,,,,,,,,,,,,,,,,,,,,,,,,,,,,,,,,,,,,,,,,,,,,,,,,,,,,,,,,,,,,,,,,,,,,,,,,,,,,,,,,,,,,,,,,,,,,,,,,,,,,,,,,,,,,,,,,,,,,,,,,,
696,,,r.-79.1.0,r.-79.1.0,,r.-79.1.0,r.-79.1.0,r.-79.1.0,r.-79.1.0,r.-79.1.0,,r.-79.1.0,r.-79.1.0,r.-79.1.0,r.-79.1.0,r.-79.1.0,r.-79.1.0,r.-79.1.0,r.-79.1.0,r.-79.1.0,,,,,,,,,,,r.-79.1.0,r.-79.1.0,r.-79.1.0,r.-79.1.0,r.-79.1.0,r.-79.1.0,,,r.-79.1.0,r.-79.1.0,r.-79.1.0,r.-79.1.0,r.-79.1.0,r.-79.1.0,r.-79.1.0,r.-79.1.0,r.-79.1.0,r.-79.1.0,r.-79.1.0,r.-79.1.0,r.-79.1.0,r.-79.1.0,r.-79.1.0,r.-79.1.0,r.-79.1.0,r.-79.1.0,r.-79.1.0,r.-79.1.0,r.-79.1.0,r.-79.1.0,r.-79.1.0,r.-79.1.0,r.-79.1.0,r.-79.1.0,r.-79.1.0,r.-79.1.0,r.-79.1.0,r.-79.1.0,r.-79.1.0,r.-79.1.0,r.-79.1.0,r.-79.1.0,r.-79.1.0,r.-79.1.0,r.-79.1.0,r.-79.1.0,r.-79.1.0,r.-79.1.0,r.-79.1.0,r.-79.1.0,r.-79.1.0,r.-79.1.0,r.-79.1.0,r.-79.1.0,r.-79.1.0,r.-79.1.0,r.-79.1.0,r.-79.1.0,r.-79.1.0,r.-79.1.0,r.-79.1.0,r.-79.1.0,r.-79.1.0,r.-79.1.0,,,,,,,,,,,,,,,,,,,,,,,,,,,,,,,,,,,,,,,,,,,,,,,,,,,,,,,,,,,,,,,,,,,,,,,,,,,,,,,,,,,,,,,,,,,,,,,,,,,,,,,,,,,,,,,,,,,,,,,,,,,,,,,,
697,,,r.-79.1.0,r.-79.1.0,,r.-79.1.0,r.-79.1.0,r.-79.1.0,r.-79.1.0,r.-79.1.0,,r.-79.1.0,r.-79.1.0,r.-79.1.0,r.-79.1.0,r.-79.1.0,r.-79.1.0,r.-79.1.0,r.-79.1.0,r.-79.1.0,,,,,,,,,,,r.-79.1.0,r.-79.1.0,r.-79.1.0,r.-79.1.0,r.-79.1.0,r.-79.1.0,,,r.-79.1.0,r.-79.1.0,r.-79.1.0,r.-79.1.0,r.-79.1.0,r.-79.1.0,r.-79.1.0,r.-79.1.0,r.-79.1.0,r.-79.1.0,r.-79.1.0,r.-79.1.0,r.-79.1.0,r.-79.1.0,r.-79.1.0,r.-79.1.0,r.-79.1.0,r.-79.1.0,r.-79.1.0,r.-79.1.0,r.-79.1.0,r.-79.1.0,r.-79.1.0,r.-79.1.0,r.-79.1.0,r.-79.1.0,r.-79.1.0,r.-79.1.0,r.-79.1.0,r.-79.1.0,r.-79.1.0,r.-79.1.0,r.-79.1.0,r.-79.1.0,r.-79.1.0,r.-79.1.0,r.-79.1.0,r.-79.1.0,r.-79.1.0,r.-79.1.0,r.-79.1.0,r.-79.1.0,r.-79.1.0,r.-79.1.0,r.-79.1.0,r.-79.1.0,r.-79.1.0,r.-79.1.0,r.-79.1.0,r.-79.1.0,r.-79.1.0,r.-79.1.0,r.-79.1.0,r.-79.1.0,r.-79.1.0,r.-79.1.0,,,,,,,,,,,,,,,,,,,,,,,,,,,,,,,,,,,,,,,,,,,,,,,,,,,,,,,,,,,,,,,,,,,,,,,,,,,,,,,,,,,,,,,,,,,,,,,,,,,,,,,,,,,,,,,,,,,,,,,,,,,,,,,,
698,,,r.-79.1.0/r.-124.1.0,r.-124.1.0/r.-79.1.0,,r.-124.1.0/r.-79.1.0,r.-124.1.0/r.-79.1.0,r.-79.1.0/r.-124.1.0,r.-79.1.0/r.-124.1.0,r.-79.1.0/r.-124.1.0,,r.-79.1.0/r.-124.1.0,r.-124.1.0/r.-79.1.0,r.-124.1.0/r.-79.1.0,r.-124.1.0/r.-79.1.0,r.-79.1.0/r.-124.1.0,r.-124.1.0/r.-79.1.0,r.-79.1.0/r.-124.1.0,r.-124.1.0/r.-79.1.0,r.-79.1.0/r.-124.1.0,,,,,,,,,,,r.-124.1.0/r.-79.1.0,r.-124.1.0/r.-79.1.0,r.-124.1.0/r.-79.1.0,r.-124.1.0/r.-79.1.0,r.-124.1.0/r.-79.1.0,r.-79.1.0/r.-124.1.0,,,r.-79.1.0/r.-124.1.0,r.-124.1.0/r.-79.1.0,r.-124.1.0/r.-79.1.0,r.-79.1.0/r.-124.1.0,r.-124.1.0/r.-79.1.0,r.-124.1.0/r.-79.1.0,r.-124.1.0/r.-79.1.0,r.-124.1.0/r.-79.1.0,r.-79.1.0/r.-124.1.0,r.-79.1.0/r.-124.1.0,r.-124.1.0/r.-79.1.0,r.-124.1.0/r.-79.1.0,r.-79.1.0/r.-124.1.0,r.-124.1.0/r.-79.1.0,r.-124.1.0/r.-79.1.0,r.-124.1.0/r.-79.1.0,r.-79.1.0/r.-124.1.0,r.-124.1.0/r.-79.1.0,r.-124.1.0/r.-79.1.0,r.-79.1.0/r.-124.1.0,r.-79.1.0/r.-124.1.0,r.-124.1.0/r.-79.1.0,r.-79.1.0/r.-124.1.0,r.-79.1.0/r.-124.1.0,r.-79.1.0/r.-124.1.0,r.-79.1.0/r.-124.1.0,r.-124.1.0/r.-79.1.0,r.-124.1.0/r.-79.1.0,r.-79.1.0/r.-124.1.0,r.-79.1.0/r.-124.1.0,r.-124.1.0/r.-79.1.0,r.-79.1.0/r.-124.1.0,r.-79.1.0/r.-124.1.0,r.-79.1.0/r.-124.1.0,r.-124.1.0/r.-79.1.0,r.-124.1.0/r.-79.1.0,r.-124.1.0/r.-79.1.0,r.-79.1.0/r.-124.1.0,r.-79.1.0/r.-124.1.0,r.-79.1.0/r.-124.1.0,r.-124.1.0/r.-79.1.0,r.-124.1.0/r.-79.1.0,r.-79.1.0/r.-124.1.0,r.-124.1.0/r.-79.1.0,r.-124.1.0/r.-79.1.0,r.-124.1.0/r.-79.1.0,r.-124.1.0/r.-79.1.0,r.-79.1.0/r.-124.1.0,r.-124.1.0/r.-79.1.0,r.-124.1.0/r.-79.1.0,r.-124.1.0/r.-79.1.0,r.-124.1.0/r.-79.1.0,r.-124.1.0/r.-79.1.0,r.-124.1.0/r.-79.1.0,r.-79.1.0/r.-124.1.0,r.-124.1.0/r.-79.1.0,,,,,,,,,,,,,,,,,,,,,,,,,,,,,,,,,,,,,,,,,,,,,,,,,,,,,,,,,,,,,,,,,,,,,,,,,,,,,,,,,,,,,,,,,,,,,,,,,,,,,,,,,,,,,,,,,,,,,,,,,,,,,,,,
699,,,r.-79.1.0,r.-79.1.0,,r.-79.1.0,r.-79.1.0,r.-79.1.0,r.-79.1.0,r.-79.1.0,,r.-79.1.0,r.-79.1.0,r.-79.1.0,r.-79.1.0,r.-79.1.0,r.-79.1.0,r.-79.1.0,r.-79.1.0,r.-79.1.0,,,,,,,,,,,r.-79.1.0,r.-79.1.0,r.-79.1.0,r.-79.1.0,r.-79.1.0,r.-79.1.0,,,r.-79.1.0,r.-79.1.0,r.-79.1.0,r.-79.1.0,r.-79.1.0,r.-79.1.0,r.-79.1.0,r.-79.1.0,r.-79.1.0,r.-79.1.0,r.-79.1.0,r.-79.1.0,r.-79.1.0,r.-79.1.0,r.-79.1.0,r.-79.1.0,r.-79.1.0,r.-79.1.0,r.-79.1.0,r.-79.1.0,r.-79.1.0,r.-79.1.0,r.-79.1.0,r.-79.1.0,r.-79.1.0,r.-79.1.0,r.-79.1.0,r.-79.1.0,r.-79.1.0,r.-79.1.0,r.-79.1.0,r.-79.1.0,r.-79.1.0,r.-79.1.0,r.-79.1.0,r.-79.1.0,r.-79.1.0,r.-79.1.0,r.-79.1.0,r.-79.1.0,r.-79.1.0,r.-79.1.0,r.-79.1.0,r.-79.1.0,r.-79.1.0,r.-79.1.0,r.-79.1.0,r.-79.1.0,r.-79.1.0,r.-79.1.0,r.-79.1.0,r.-79.1.0,r.-79.1.0,r.-79.1.0,r.-79.1.0,r.-79.1.0,,,,,,,,,,,,,,,,,,,,,,,,,,,,,,,,,,,,,,,,,,,,,,,,,,,,,,,,,,,,,,,,,,,,,,,,,,,,,,,,,,,,,,,,,,,,,,,,,,,,,,,,,,,,,,,,,,,,,,,,,,,,,,,,
700,,,r.-79.1.0,r.-79.1.0,,r.-79.1.0,r.-79.1.0,r.-79.1.0,r.-79.1.0,r.-79.1.0,,r.-79.1.0,r.-79.1.0,r.-79.1.0,r.-79.1.0,r.-79.1.0,r.-79.1.0,r.-79.1.0,r.-79.1.0,r.-79.1.0,,,,,,,,,,,r.-79.1.0,r.-79.1.0,r.-79.1.0,r.-79.1.0,r.-79.1.0,r.-79.1.0,,,r.-79.1.0,r.-79.1.0,r.-79.1.0,r.-79.1.0,r.-79.1.0,r.-79.1.0,r.-79.1.0,r.-79.1.0,r.-79.1.0,r.-79.1.0,r.-79.1.0,r.-79.1.0,r.-79.1.0,r.-79.1.0,r.-79.1.0,r.-79.1.0,r.-79.1.0,r.-79.1.0,r.-79.1.0,r.-79.1.0,r.-79.1.0,r.-79.1.0,r.-79.1.0,r.-79.1.0,r.-79.1.0,r.-79.1.0,r.-79.1.0,r.-79.1.0,r.-79.1.0,r.-79.1.0,r.-79.1.0,r.-79.1.0,r.-79.1.0,r.-79.1.0,r.-79.1.0,r.-79.1.0,r.-79.1.0,r.-79.1.0,r.-79.1.0,r.-79.1.0,r.-79.1.0,r.-79.1.0,r.-79.1.0,r.-79.1.0,r.-79.1.0,r.-79.1.0,r.-79.1.0,r.-79.1.0,r.-79.1.0,r.-79.1.0,r.-79.1.0,r.-79.1.0,r.-79.1.0,r.-79.1.0,r.-79.1.0,r.-79.1.0,,,,,,,,,,,,,,,,,,,,,,,,,,,,,,,,,,,,,,,,,,,,,,,,,,,,,,,,,,,,,,,,,,,,,,,,,,,,,,,,,,,,,,,,,,,,,,,,,,,,,,,,,,,,,,,,,,,,,,,,,,,,,,,,
701,,,r.-79.1.0/r.-124.1.0,r.-79.1.0/r.-124.1.0,,r.-79.1.0/r.-124.1.0,r.-79.1.0/r.-124.1.0,r.-79.1.0/r.-124.1.0,r.-124.1.0/r.-79.1.0,r.-79.1.0/r.-124.1.0,,r.-124.1.0/r.-79.1.0,r.-79.1.0/r.-124.1.0,r.-79.1.0/r.-124.1.0,r.-79.1.0/r.-124.1.0,r.-79.1.0/r.-124.1.0,r.-124.1.0/r.-79.1.0,r.-79.1.0/r.-124.1.0,r.-79.1.0/r.-124.1.0,r.-79.1.0/r.-124.1.0,,,,,,,,,,,r.-124.1.0/r.-79.1.0,r.-124.1.0/r.-79.1.0,r.-124.1.0/r.-79.1.0,r.-124.1.0/r.-79.1.0,r.-79.1.0/r.-124.1.0,r.-124.1.0/r.-79.1.0,,,r.-79.1.0/r.-124.1.0,r.-124.1.0/r.-79.1.0,r.-79.1.0/r.-124.1.0,r.-79.1.0/r.-124.1.0,r.-124.1.0/r.-79.1.0,r.-124.1.0/r.-79.1.0,r.-124.1.0/r.-79.1.0,r.-124.1.0/r.-79.1.0,r.-124.1.0/r.-79.1.0,r.-124.1.0/r.-79.1.0,r.-79.1.0/r.-124.1.0,r.-79.1.0/r.-124.1.0,r.-124.1.0/r.-79.1.0,r.-79.1.0/r.-124.1.0,r.-124.1.0/r.-79.1.0,r.-79.1.0/r.-124.1.0,r.-79.1.0/r.-124.1.0,r.-124.1.0/r.-79.1.0,r.-124.1.0/r.-79.1.0,r.-79.1.0/r.-124.1.0,r.-124.1.0/r.-79.1.0,r.-79.1.0/r.-124.1.0,r.-124.1.0/r.-79.1.0,r.-79.1.0/r.-124.1.0,r.-124.1.0/r.-79.1.0,r.-79.1.0/r.-124.1.0,r.-79.1.0/r.-124.1.0,r.-124.1.0/r.-79.1.0,r.-124.1.0/r.-79.1.0,r.-79.1.0/r.-124.1.0,r.-79.1.0/r.-124.1.0,r.-124.1.0/r.-79.1.0,r.-124.1.0/r.-79.1.0,r.-124.1.0/r.-79.1.0,r.-79.1.0/r.-124.1.0,r.-124.1.0/r.-79.1.0,r.-124.1.0/r.-79.1.0,r.-79.1.0/r.-124.1.0,r.-124.1.0/r.-79.1.0,r.-124.1.0/r.-79.1.0,r.-124.1.0/r.-79.1.0,r.-124.1.0/r.-79.1.0,r.-124.1.0/r.-79.1.0,r.-124.1.0/r.-79.1.0,r.-79.1.0/r.-124.1.0,r.-124.1.0/r.-79.1.0,r.-79.1.0/r.-124.1.0,r.-79.1.0/r.-124.1.0,r.-79.1.0/r.-124.1.0,r.-79.1.0/r.-124.1.0,r.-124.1.0/r.-79.1.0,r.-79.1.0/r.-124.1.0,r.-79.1.0/r.-124.1.0,r.-79.1.0/r.-124.1.0,r.-79.1.0/r.-124.1.0,r.-124.1.0/r.-79.1.0,,,,,,,,,,,,,,,,,,,,,,,,,,,,,,,,,,,,,,,,,,,,,,,,,,,,,,,,,,,,,,,,,,,,,,,,,,,,,,,,,,,,,,,,,,,,,,,,,,,,,,,,,,,,,,,,,,,,,,,,,,,,,,,,
702,,,r.-79.1.0,r.-79.1.0,,r.-79.1.0,r.-79.1.0,r.-79.1.0,r.-79.1.0,r.-79.1.0,,r.-79.1.0,r.-79.1.0,r.-79.1.0,r.-79.1.0,r.-79.1.0,r.-79.1.0,r.-79.1.0,r.-79.1.0,r.-79.1.0,,,,,,,,,,,r.-79.1.0,r.-79.1.0,r.-79.1.0,r.-79.1.0,r.-79.1.0,r.-79.1.0,,,r.-79.1.0,r.-79.1.0,r.-79.1.0,r.-79.1.0,r.-79.1.0,r.-79.1.0,r.-79.1.0,r.-79.1.0,r.-79.1.0,r.-79.1.0,r.-79.1.0,r.-79.1.0,r.-79.1.0,r.-79.1.0,r.-79.1.0,r.-79.1.0,r.-79.1.0,r.-79.1.0,r.-79.1.0,r.-79.1.0,r.-79.1.0,r.-79.1.0,r.-79.1.0,r.-79.1.0,r.-79.1.0,r.-79.1.0,r.-79.1.0,r.-79.1.0,r.-79.1.0,r.-79.1.0,r.-79.1.0,r.-79.1.0,r.-79.1.0,r.-79.1.0,r.-79.1.0,r.-79.1.0,r.-79.1.0,r.-79.1.0,r.-79.1.0,r.-79.1.0,r.-79.1.0,r.-79.1.0,r.-79.1.0,r.-79.1.0,r.-79.1.0,r.-79.1.0,r.-79.1.0,r.-79.1.0,r.-79.1.0,r.-79.1.0,r.-79.1.0,r.-79.1.0,r.-79.1.0,r.-79.1.0,r.-79.1.0,r.-79.1.0,,,,,,,,,,,,,,,,,,,,,,,,,,,,,,,,,,,,,,,,,,,,,,,,,,,,,,,,,,,,,,,,,,,,,,,,,,,,,,,,,,,,,,,,,,,,,,,,,,,,,,,,,,,,,,,,,,,,,,,,,,,,,,,,
703,,,r.-79.1.0,r.-79.1.0,,r.-79.1.0,r.-79.1.0,r.-79.1.0,r.-79.1.0,r.-79.1.0,,r.-79.1.0,r.-79.1.0,r.-79.1.0,r.-79.1.0,r.-79.1.0,r.-79.1.0,r.-79.1.0,r.-79.1.0,r.-79.1.0,,,,,,,,,,,r.-79.1.0,r.-79.1.0,r.-79.1.0,r.-79.1.0,r.-79.1.0,r.-79.1.0,,,r.-79.1.0,r.-79.1.0,r.-79.1.0,r.-79.1.0,r.-79.1.0,r.-79.1.0,r.-79.1.0,r.-79.1.0,r.-79.1.0,r.-79.1.0,r.-79.1.0,r.-79.1.0,r.-79.1.0,r.-79.1.0,r.-79.1.0,r.-79.1.0,r.-79.1.0,r.-79.1.0,r.-79.1.0,r.-79.1.0,r.-79.1.0,r.-79.1.0,r.-79.1.0,r.-79.1.0,r.-79.1.0,r.-79.1.0,r.-79.1.0,r.-79.1.0,r.-79.1.0,r.-79.1.0,r.-79.1.0,r.-79.1.0,r.-79.1.0,r.-79.1.0,r.-79.1.0,r.-79.1.0,r.-79.1.0,r.-79.1.0,r.-79.1.0,r.-79.1.0,r.-79.1.0,r.-79.1.0,r.-79.1.0,r.-79.1.0,r.-79.1.0,r.-79.1.0,r.-79.1.0,r.-79.1.0,r.-79.1.0,r.-79.1.0,r.-79.1.0,r.-79.1.0,r.-79.1.0,r.-79.1.0,r.-79.1.0,r.-79.1.0,,,,,,,,,,,,,,,,,,,,,,,,,,,,,,,,,,,,,,,,,,,,,,,,,,,,,,,,,,,,,,,,,,,,,,,,,,,,,,,,,,,,,,,,,,,,,,,,,,,,,,,,,,,,,,,,,,,,,,,,,,,,,,,,
704,,,r.-79.1.0,r.-79.1.0,,r.-79.1.0,r.-79.1.0,r.-79.1.0,r.-79.1.0,r.-79.1.0,,r.-79.1.0,r.-79.1.0,r.-79.1.0,r.-79.1.0,r.-79.1.0,r.-79.1.0,r.-79.1.0,r.-79.1.0,r.-79.1.0,,,,,,,,,,,r.-79.1.0,r.-79.1.0,r.-79.1.0,r.-79.1.0,r.-79.1.0,r.-79.1.0,,,r.-79.1.0,r.-79.1.0,r.-79.1.0,r.-79.1.0,r.-79.1.0,r.-79.1.0,r.-79.1.0,r.-79.1.0,r.-79.1.0,r.-79.1.0,r.-79.1.0,r.-79.1.0,r.-79.1.0,r.-79.1.0,r.-79.1.0,r.-79.1.0,r.-79.1.0,r.-79.1.0,r.-79.1.0,r.-79.1.0,r.-79.1.0,r.-79.1.0,r.-79.1.0,r.-79.1.0,r.-79.1.0,r.-79.1.0,r.-79.1.0,r.-79.1.0,r.-79.1.0,r.-79.1.0,r.-79.1.0,r.-79.1.0,r.-79.1.0,r.-79.1.0,r.-79.1.0,r.-79.1.0,r.-79.1.0,r.-79.1.0,r.-79.1.0,r.-79.1.0,r.-79.1.0,r.-79.1.0,r.-79.1.0,r.-79.1.0,r.-79.1.0,r.-79.1.0,r.-79.1.0,r.-79.1.0,r.-79.1.0,r.-79.1.0,r.-79.1.0,r.-79.1.0,r.-79.1.0,r.-79.1.0,r.-79.1.0,r.-79.1.0,,,,,,,,,,,,,,,,,,,,,,,,,,,,,,,,,,,,,,,,,,,,,,,,,,,,,,,,,,,,,,,,,,,,,,,,,,,,,,,,,,,,,,,,,,,,,,,,,,,,,,,,,,,,,,,,,,,,,,,,,,,,,,,,
705,,,r.-79.1.0,r.-79.1.0,,r.-79.1.0,r.-79.1.0,r.-79.1.0,r.-79.1.0,r.-79.1.0,,r.-79.1.0,r.-79.1.0,r.-79.1.0,r.-79.1.0,r.-79.1.0,r.-79.1.0,r.-79.1.0,r.-79.1.0,r.-79.1.0,,,,,,,,,,,r.-79.1.0,r.-79.1.0,r.-79.1.0,r.-79.1.0,r.-79.1.0,r.-79.1.0,,,r.-79.1.0,r.-79.1.0,r.-79.1.0,r.-79.1.0,r.-79.1.0,r.-79.1.0,r.-79.1.0,r.-79.1.0,r.-79.1.0,r.-79.1.0,r.-79.1.0,r.-79.1.0,r.-79.1.0,r.-79.1.0,r.-79.1.0,r.-79.1.0,r.-79.1.0,r.-79.1.0,r.-79.1.0,r.-79.1.0,r.-79.1.0,r.-79.1.0,r.-79.1.0,r.-79.1.0,r.-79.1.0,r.-79.1.0,r.-79.1.0,r.-79.1.0,r.-79.1.0,r.-79.1.0,r.-79.1.0,r.-79.1.0,r.-79.1.0,r.-79.1.0,r.-79.1.0,r.-79.1.0,r.-79.1.0,r.-79.1.0,r.-79.1.0,r.-79.1.0,r.-79.1.0,r.-79.1.0,r.-79.1.0,r.-79.1.0,r.-79.1.0,r.-79.1.0,r.-79.1.0,r.-79.1.0,r.-79.1.0,r.-79.1.0,r.-79.1.0,r.-79.1.0,r.-79.1.0,r.-79.1.0,r.-79.1.0,r.-79.1.0,,,,,,,,,,,,,,,,,,,,,,,,,,,,,,,,,,,,,,,,,,,,,,,,,,,,,,,,,,,,,,,,,,,,,,,,,,,,,,,,,,,,,,,,,,,,,,,,,,,,,,,,,,,,,,,,,,,,,,,,,,,,,,,,
706,,,r.-79.1.0,r.-79.1.0,,r.-79.1.0,r.-79.1.0,r.-79.1.0,r.-79.1.0,r.-79.1.0,,r.-79.1.0,r.-79.1.0,r.-79.1.0,r.-79.1.0,r.-79.1.0,r.-79.1.0,r.-79.1.0,r.-79.1.0,r.-79.1.0,,,,,,,,,,,r.-79.1.0,r.-79.1.0,r.-79.1.0,r.-79.1.0,r.-79.1.0,r.-79.1.0,,,r.-79.1.0,r.-79.1.0,r.-79.1.0,r.-79.1.0,r.-79.1.0,r.-79.1.0,r.-79.1.0,r.-79.1.0,r.-79.1.0,r.-79.1.0,r.-79.1.0,r.-79.1.0,r.-79.1.0,r.-79.1.0,r.-79.1.0,r.-79.1.0,r.-79.1.0,r.-79.1.0,r.-79.1.0,r.-79.1.0,r.-79.1.0,r.-79.1.0,r.-79.1.0,r.-79.1.0,r.-79.1.0,r.-79.1.0,r.-79.1.0,r.-79.1.0,r.-79.1.0,r.-79.1.0,r.-79.1.0,r.-79.1.0,r.-79.1.0,r.-79.1.0,r.-79.1.0,r.-79.1.0,r.-79.1.0,r.-79.1.0,r.-79.1.0,r.-79.1.0,r.-79.1.0,r.-79.1.0,r.-79.1.0,r.-79.1.0,r.-79.1.0,r.-79.1.0,r.-79.1.0,r.-79.1.0,r.-79.1.0,r.-79.1.0,r.-79.1.0,r.-79.1.0,r.-79.1.0,r.-79.1.0,r.-79.1.0,r.-79.1.0,,,,,,,,,,,,,,,,,,,,,,,,,,,,,,,,,,,,,,,,,,,,,,,,,,,,,,,,,,,,,,,,,,,,,,,,,,,,,,,,,,,,,,,,,,,,,,,,,,,,,,,,,,,,,,,,,,,,,,,,,,,,,,,,
707,,,r.-79.1.0,r.-79.1.0,,r.-79.1.0,r.-79.1.0,r.-79.1.0,r.-79.1.0,r.-79.1.0,,r.-79.1.0,r.-79.1.0,r.-79.1.0,r.-79.1.0,r.-79.1.0,r.-79.1.0,r.-79.1.0,r.-79.1.0,r.-79.1.0,,,,,,,,,,,r.-79.1.0,r.-79.1.0,r.-79.1.0,r.-79.1.0,r.-79.1.0,r.-79.1.0,,,r.-79.1.0,r.-79.1.0,r.-79.1.0,r.-79.1.0,r.-79.1.0,r.-79.1.0,r.-79.1.0,r.-79.1.0,r.-79.1.0,r.-79.1.0,r.-79.1.0,r.-79.1.0,r.-79.1.0,r.-79.1.0,r.-79.1.0,r.-79.1.0,r.-79.1.0,r.-79.1.0,r.-79.1.0,r.-79.1.0,r.-79.1.0,r.-79.1.0,r.-79.1.0,r.-79.1.0,r.-79.1.0,r.-79.1.0,r.-79.1.0,r.-79.1.0,r.-79.1.0,r.-79.1.0,r.-79.1.0,r.-79.1.0,r.-79.1.0,r.-79.1.0,r.-79.1.0,r.-79.1.0,r.-79.1.0,r.-79.1.0,r.-79.1.0,r.-79.1.0,r.-79.1.0,r.-79.1.0,r.-79.1.0,r.-79.1.0,r.-79.1.0,r.-79.1.0,r.-79.1.0,r.-79.1.0,r.-79.1.0,r.-79.1.0,r.-79.1.0,r.-79.1.0,r.-79.1.0,r.-79.1.0,r.-79.1.0,r.-79.1.0,,,,,,,,,,,,,,,,,,,,,,,,,,,,,,,,,,,,,,,,,,,,,,,,,,,,,,,,,,,,,,,,,,,,,,,,,,,,,,,,,,,,,,,,,,,,,,,,,,,,,,,,,,,,,,,,,,,,,,,,,,,,,,,,
708,,,r.-79.1.0,r.-79.1.0,,r.-79.1.0,r.-79.1.0,r.-79.1.0,r.-79.1.0,r.-79.1.0,,r.-79.1.0,r.-79.1.0,r.-79.1.0,r.-79.1.0,r.-79.1.0,r.-79.1.0,r.-79.1.0,r.-79.1.0,r.-79.1.0,,,,,,,,,,,r.-79.1.0,r.-79.1.0,r.-79.1.0,r.-79.1.0,r.-79.1.0,r.-79.1.0,,,r.-79.1.0,r.-79.1.0,r.-79.1.0,r.-79.1.0,r.-79.1.0,r.-79.1.0,r.-79.1.0,r.-79.1.0,r.-79.1.0,r.-79.1.0,r.-79.1.0,r.-79.1.0,r.-79.1.0,r.-79.1.0,r.-79.1.0,r.-79.1.0,r.-79.1.0,r.-79.1.0,r.-79.1.0,r.-79.1.0,r.-79.1.0,r.-79.1.0,r.-79.1.0,r.-79.1.0,r.-79.1.0,r.-79.1.0,r.-79.1.0,r.-79.1.0,r.-79.1.0,r.-79.1.0,r.-79.1.0,r.-79.1.0,r.-79.1.0,r.-79.1.0,r.-79.1.0,r.-79.1.0,r.-79.1.0,r.-79.1.0,r.-79.1.0,r.-79.1.0,r.-79.1.0,r.-79.1.0,r.-79.1.0,r.-79.1.0,r.-79.1.0,r.-79.1.0,r.-79.1.0,r.-79.1.0,r.-79.1.0,r.-79.1.0,r.-79.1.0,r.-79.1.0,r.-79.1.0,r.-79.1.0,r.-79.1.0,r.-79.1.0,,,,,,,,,,,,,,,,,,,,,,,,,,,,,,,,,,,,,,,,,,,,,,,,,,,,,,,,,,,,,,,,,,,,,,,,,,,,,,,,,,,,,,,,,,,,,,,,,,,,,,,,,,,,,,,,,,,,,,,,,,,,,,,,
709,,,r.-79.1.0,r.-79.1.0,,r.-79.1.0,r.-79.1.0,r.-79.1.0,r.-79.1.0,r.-79.1.0,,r.-79.1.0,r.-79.1.0,r.-79.1.0,r.-79.1.0,r.-79.1.0,r.-79.1.0,r.-79.1.0,r.-79.1.0,r.-79.1.0,,,,,,,,,,,r.-79.1.0,r.-79.1.0,r.-79.1.0,r.-79.1.0,r.-79.1.0,r.-79.1.0,,,r.-79.1.0,r.-79.1.0,r.-79.1.0,r.-79.1.0,r.-79.1.0,r.-79.1.0,r.-79.1.0,r.-79.1.0,r.-79.1.0,r.-79.1.0,r.-79.1.0,r.-79.1.0,r.-79.1.0,r.-79.1.0,r.-79.1.0,r.-79.1.0,r.-79.1.0,r.-79.1.0,r.-79.1.0,r.-79.1.0,r.-79.1.0,r.-79.1.0,r.-79.1.0,r.-79.1.0,r.-79.1.0,r.-79.1.0,r.-79.1.0,r.-79.1.0,r.-79.1.0,r.-79.1.0,r.-79.1.0,r.-79.1.0,r.-79.1.0,r.-79.1.0,r.-79.1.0,r.-79.1.0,r.-79.1.0,r.-79.1.0,r.-79.1.0,r.-79.1.0,r.-79.1.0,r.-79.1.0,r.-79.1.0,r.-79.1.0,r.-79.1.0,r.-79.1.0,r.-79.1.0,r.-79.1.0,r.-79.1.0,r.-79.1.0,r.-79.1.0,r.-79.1.0,r.-79.1.0,r.-79.1.0,r.-79.1.0,r.-79.1.0,,,,,,,,,,,,,,,,,,,,,,,,,,,,,,,,,,,,,,,,,,,,,,,,,,,,,,,,,,,,,,,,,,,,,,,,,,,,,,,,,,,,,,,,,,,,,,,,,,,,,,,,,,,,,,,,,,,,,,,,,,,,,,,,
710,,,r.-79.1.0,r.-79.1.0,,r.-79.1.0,r.-79.1.0,r.-79.1.0,r.-79.1.0,r.-79.1.0,,r.-79.1.0,r.-79.1.0,r.-79.1.0,r.-79.1.0,r.-79.1.0,r.-79.1.0,r.-79.1.0,r.-79.1.0,r.-79.1.0,,,,,,,,,,,r.-79.1.0,r.-79.1.0,r.-79.1.0,r.-79.1.0,r.-79.1.0,r.-79.1.0,,,r.-79.1.0,r.-79.1.0,r.-79.1.0,r.-79.1.0,r.-79.1.0,r.-79.1.0,r.-79.1.0,r.-79.1.0,r.-79.1.0,r.-79.1.0,r.-79.1.0,r.-79.1.0,r.-79.1.0,r.-79.1.0,r.-79.1.0,r.-79.1.0,r.-79.1.0,r.-79.1.0,r.-79.1.0,r.-79.1.0,r.-79.1.0,r.-79.1.0,r.-79.1.0,r.-79.1.0,r.-79.1.0,r.-79.1.0,r.-79.1.0,r.-79.1.0,r.-79.1.0,r.-79.1.0,r.-79.1.0,r.-79.1.0,r.-79.1.0,r.-79.1.0,r.-79.1.0,r.-79.1.0,r.-79.1.0,r.-79.1.0,r.-79.1.0,r.-79.1.0,r.-79.1.0,r.-79.1.0,r.-79.1.0,r.-79.1.0,r.-79.1.0,r.-79.1.0,r.-79.1.0,r.-79.1.0,r.-79.1.0,r.-79.1.0,r.-79.1.0,r.-79.1.0,r.-79.1.0,r.-79.1.0,r.-79.1.0,r.-79.1.0,,,,,,,,,,,,,,,,,,,,,,,,,,,,,,,,,,,,,,,,,,,,,,,,,,,,,,,,,,,,,,,,,,,,,,,,,,,,,,,,,,,,,,,,,,,,,,,,,,,,,,,,,,,,,,,,,,,,,,,,,,,,,,,,
711,,,r.-79.1.0,r.-79.1.0,,r.-79.1.0,r.-79.1.0,r.-79.1.0,r.-79.1.0,r.-79.1.0,,r.-79.1.0,r.-79.1.0,r.-79.1.0,r.-79.1.0,r.-79.1.0,r.-79.1.0,r.-79.1.0,r.-79.1.0,r.-79.1.0,,,,,,,,,,,r.-79.1.0,r.-79.1.0,r.-79.1.0,r.-79.1.0,r.-79.1.0,r.-79.1.0,,,r.-79.1.0,r.-79.1.0,r.-79.1.0,r.-79.1.0,r.-79.1.0,r.-79.1.0,r.-79.1.0,r.-79.1.0,r.-79.1.0,r.-79.1.0,r.-79.1.0,r.-79.1.0,r.-79.1.0,r.-79.1.0,r.-79.1.0,r.-79.1.0,r.-79.1.0,r.-79.1.0,r.-79.1.0,r.-79.1.0,r.-79.1.0,r.-79.1.0,r.-79.1.0,r.-79.1.0,r.-79.1.0,r.-79.1.0,r.-79.1.0,r.-79.1.0,r.-79.1.0,r.-79.1.0,r.-79.1.0,r.-79.1.0,r.-79.1.0,r.-79.1.0,r.-79.1.0,r.-79.1.0,r.-79.1.0,r.-79.1.0,r.-79.1.0,r.-79.1.0,r.-79.1.0,r.-79.1.0,r.-79.1.0,r.-79.1.0,r.-79.1.0,r.-79.1.0,r.-79.1.0,r.-79.1.0,r.-79.1.0,r.-79.1.0,r.-79.1.0,r.-79.1.0,r.-79.1.0,r.-79.1.0,r.-79.1.0,r.-79.1.0,,,,,,,,,,,,,,,,,,,,,,,,,,,,,,,,,,,,,,,,,,,,,,,,,,,,,,,,,,,,,,,,,,,,,,,,,,,,,,,,,,,,,,,,,,,,,,,,,,,,,,,,,,,,,,,,,,,,,,,,,,,,,,,,
712,,,r.-79.1.0,r.-79.1.0,,r.-79.1.0,r.-79.1.0,r.-79.1.0,r.-79.1.0,r.-79.1.0,,r.-79.1.0,r.-79.1.0,r.-79.1.0,r.-79.1.0,r.-79.1.0,r.-79.1.0,r.-79.1.0,r.-79.1.0,r.-79.1.0,,,,,,,,,,,r.-79.1.0,r.-79.1.0,r.-79.1.0,r.-79.1.0,r.-79.1.0,r.-79.1.0,,,r.-79.1.0,r.-79.1.0,r.-79.1.0,r.-79.1.0,r.-79.1.0,r.-79.1.0,r.-79.1.0,r.-79.1.0,r.-79.1.0,r.-79.1.0,r.-79.1.0,r.-79.1.0,r.-79.1.0,r.-79.1.0,r.-79.1.0,r.-79.1.0,r.-79.1.0,r.-79.1.0,r.-79.1.0,r.-79.1.0,r.-79.1.0,r.-79.1.0,r.-79.1.0,r.-79.1.0,r.-79.1.0,r.-79.1.0,r.-79.1.0,r.-79.1.0,r.-79.1.0,r.-79.1.0,r.-79.1.0,r.-79.1.0,r.-79.1.0,r.-79.1.0,r.-79.1.0,r.-79.1.0,r.-79.1.0,r.-79.1.0,r.-79.1.0,r.-79.1.0,r.-79.1.0,r.-79.1.0,r.-79.1.0,r.-79.1.0,r.-79.1.0,r.-79.1.0,r.-79.1.0,r.-79.1.0,r.-79.1.0,r.-79.1.0,r.-79.1.0,r.-79.1.0,r.-79.1.0,r.-79.1.0,r.-79.1.0,r.-79.1.0,,,,,,,,,,,,,,,,,,,,,,,,,,,,,,,,,,,,,,,,,,,,,,,,,,,,,,,,,,,,,,,,,,,,,,,,,,,,,,,,,,,,,,,,,,,,,,,,,,,,,,,,,,,,,,,,,,,,,,,,,,,,,,,,
713,,,r.-79.1.0,r.-79.1.0,,r.-79.1.0,r.-79.1.0,r.-79.1.0,r.-79.1.0,r.-79.1.0,,r.-79.1.0,r.-79.1.0,r.-79.1.0,r.-79.1.0,r.-79.1.0,r.-79.1.0,r.-79.1.0,r.-79.1.0,r.-79.1.0,,,,,,,,,,,r.-79.1.0,r.-79.1.0,r.-79.1.0,r.-79.1.0,r.-79.1.0,r.-79.1.0,,,r.-79.1.0,r.-79.1.0,r.-79.1.0,r.-79.1.0,r.-79.1.0,r.-79.1.0,r.-79.1.0,r.-79.1.0,r.-79.1.0,r.-79.1.0,r.-79.1.0,r.-79.1.0,r.-79.1.0,r.-79.1.0,r.-79.1.0,r.-79.1.0,r.-79.1.0,r.-79.1.0,r.-79.1.0,r.-79.1.0,r.-79.1.0,r.-79.1.0,r.-79.1.0,r.-79.1.0,r.-79.1.0,r.-79.1.0,r.-79.1.0,r.-79.1.0,r.-79.1.0,r.-79.1.0,r.-79.1.0,r.-79.1.0,r.-79.1.0,r.-79.1.0,r.-79.1.0,r.-79.1.0,r.-79.1.0,r.-79.1.0,r.-79.1.0,r.-79.1.0,r.-79.1.0,r.-79.1.0,r.-79.1.0,r.-79.1.0,r.-79.1.0,r.-79.1.0,r.-79.1.0,r.-79.1.0,r.-79.1.0,r.-79.1.0,r.-79.1.0,r.-79.1.0,r.-79.1.0,r.-79.1.0,r.-79.1.0,r.-79.1.0,,,,,,,,,,,,,,,,,,,,,,,,,,,,,,,,,,,,,,,,,,,,,,,,,,,,,,,,,,,,,,,,,,,,,,,,,,,,,,,,,,,,,,,,,,,,,,,,,,,,,,,,,,,,,,,,,,,,,,,,,,,,,,,,
714,,,r.-79.1.0,r.-79.1.0,,r.-79.1.0,r.-79.1.0,r.-79.1.0,r.-79.1.0,r.-79.1.0,,r.-79.1.0,r.-79.1.0,r.-79.1.0,r.-79.1.0,r.-79.1.0,r.-79.1.0,r.-79.1.0,r.-79.1.0,r.-79.1.0,,,,,,,,,,,r.-79.1.0,r.-79.1.0,r.-79.1.0,r.-79.1.0,r.-79.1.0,r.-79.1.0,,,r.-79.1.0,r.-79.1.0,r.-79.1.0,r.-79.1.0,r.-79.1.0,r.-79.1.0,r.-79.1.0,r.-79.1.0,r.-79.1.0,r.-79.1.0,r.-79.1.0,r.-79.1.0,r.-79.1.0,r.-79.1.0,r.-79.1.0,r.-79.1.0,r.-79.1.0,r.-79.1.0,r.-79.1.0,r.-79.1.0,r.-79.1.0,r.-79.1.0,r.-79.1.0,r.-79.1.0,r.-79.1.0,r.-79.1.0,r.-79.1.0,r.-79.1.0,r.-79.1.0,r.-79.1.0,r.-79.1.0,r.-79.1.0,r.-79.1.0,r.-79.1.0,r.-79.1.0,r.-79.1.0,r.-79.1.0,r.-79.1.0,r.-79.1.0,r.-79.1.0,r.-79.1.0,r.-79.1.0,r.-79.1.0,r.-79.1.0,r.-79.1.0,r.-79.1.0,r.-79.1.0,r.-79.1.0,r.-79.1.0,r.-79.1.0,r.-79.1.0,r.-79.1.0,r.-79.1.0,r.-79.1.0,r.-79.1.0,r.-79.1.0,,,,,,,,,,,,,,,,,,,,,,,,,,,,,,,,,,,,,,,,,,,,,,,,,,,,,,,,,,,,,,,,,,,,,,,,,,,,,,,,,,,,,,,,,,,,,,,,,,,,,,,,,,,,,,,,,,,,,,,,,,,,,,,,
715,,,r.-79.1.0,r.-79.1.0,,r.-79.1.0,r.-79.1.0,r.-79.1.0,r.-79.1.0,r.-79.1.0,,r.-79.1.0,r.-79.1.0,r.-79.1.0,r.-79.1.0,r.-79.1.0,r.-79.1.0,r.-79.1.0,r.-79.1.0,r.-79.1.0,,,,,,,,,,,r.-79.1.0,r.-79.1.0,r.-79.1.0,r.-79.1.0,r.-79.1.0,r.-79.1.0,,,r.-79.1.0,r.-79.1.0,r.-79.1.0,r.-79.1.0,r.-79.1.0,r.-79.1.0,r.-79.1.0,r.-79.1.0,r.-79.1.0,r.-79.1.0,r.-79.1.0,r.-79.1.0,r.-79.1.0,r.-79.1.0,r.-79.1.0,r.-79.1.0,r.-79.1.0,r.-79.1.0,r.-79.1.0,r.-79.1.0,r.-79.1.0,r.-79.1.0,r.-79.1.0,r.-79.1.0,r.-79.1.0,r.-79.1.0,r.-79.1.0,r.-79.1.0,r.-79.1.0,r.-79.1.0,r.-79.1.0,r.-79.1.0,r.-79.1.0,r.-79.1.0,r.-79.1.0,r.-79.1.0,r.-79.1.0,r.-79.1.0,r.-79.1.0,r.-79.1.0,r.-79.1.0,r.-79.1.0,r.-79.1.0,r.-79.1.0,r.-79.1.0,r.-79.1.0,r.-79.1.0,r.-79.1.0,r.-79.1.0,r.-79.1.0,r.-79.1.0,r.-79.1.0,r.-79.1.0,r.-79.1.0,r.-79.1.0,r.-79.1.0,,,,,,,,,,,,,,,,,,,,,,,,,,,,,,,,,,,,,,,,,,,,,,,,,,,,,,,,,,,,,,,,,,,,,,,,,,,,,,,,,,,,,,,,,,,,,,,,,,,,,,,,,,,,,,,,,,,,,,,,,,,,,,,,
716,,,r.-79.1.0,r.-79.1.0,,r.-79.1.0,r.-79.1.0,r.-79.1.0,r.-79.1.0,r.-79.1.0,,r.-79.1.0,r.-79.1.0,r.-79.1.0,r.-79.1.0,r.-79.1.0,r.-79.1.0,r.-79.1.0,r.-79.1.0,r.-79.1.0,,,,,,,,,,,r.-79.1.0,r.-79.1.0,r.-79.1.0,r.-79.1.0,r.-79.1.0,r.-79.1.0,,,r.-79.1.0,r.-79.1.0,r.-79.1.0,r.-79.1.0,r.-79.1.0,r.-79.1.0,r.-79.1.0,r.-79.1.0,r.-79.1.0,r.-79.1.0,r.-79.1.0,r.-79.1.0,r.-79.1.0,r.-79.1.0,r.-79.1.0,r.-79.1.0,r.-79.1.0,r.-79.1.0,r.-79.1.0,r.-79.1.0,r.-79.1.0,r.-79.1.0,r.-79.1.0,r.-79.1.0,r.-79.1.0,r.-79.1.0,r.-79.1.0,r.-79.1.0,r.-79.1.0,r.-79.1.0,r.-79.1.0,r.-79.1.0,r.-79.1.0,r.-79.1.0,r.-79.1.0,r.-79.1.0,r.-79.1.0,r.-79.1.0,r.-79.1.0,r.-79.1.0,r.-79.1.0,r.-79.1.0,r.-79.1.0,r.-79.1.0,r.-79.1.0,r.-79.1.0,r.-79.1.0,r.-79.1.0,r.-79.1.0,r.-79.1.0,r.-79.1.0,r.-79.1.0,r.-79.1.0,r.-79.1.0,r.-79.1.0,r.-79.1.0,,,,,,,,,,,,,,,,,,,,,,,,,,,,,,,,,,,,,,,,,,,,,,,,,,,,,,,,,,,,,,,,,,,,,,,,,,,,,,,,,,,,,,,,,,,,,,,,,,,,,,,,,,,,,,,,,,,,,,,,,,,,,,,,
717,,,r.-79.1.0/r.-124.1.0,r.-79.1.0/r.-124.1.0,,r.-79.1.0/r.-124.1.0,r.-79.1.0/r.-124.1.0,r.-79.1.0/r.-124.1.0,r.-124.1.0/r.-79.1.0,r.-124.1.0/r.-79.1.0,,r.-124.1.0/r.-79.1.0,r.-79.1.0/r.-124.1.0,r.-124.1.0/r.-79.1.0,r.-79.1.0/r.-124.1.0,r.-79.1.0/r.-124.1.0,r.-79.1.0/r.-124.1.0,r.-79.1.0/r.-124.1.0,r.-79.1.0/r.-124.1.0,r.-79.1.0/r.-124.1.0,,,,,,,,,,,r.-79.1.0/r.-124.1.0,r.-124.1.0/r.-79.1.0,r.-79.1.0/r.-124.1.0,r.-124.1.0/r.-79.1.0,r.-124.1.0/r.-79.1.0,r.-124.1.0/r.-79.1.0,,,r.-124.1.0/r.-79.1.0,r.-79.1.0/r.-124.1.0,r.-124.1.0/r.-79.1.0,r.-79.1.0/r.-124.1.0,r.-79.1.0/r.-124.1.0,r.-124.1.0/r.-79.1.0,r.-124.1.0/r.-79.1.0,r.-124.1.0/r.-79.1.0,r.-79.1.0/r.-124.1.0,r.-124.1.0/r.-79.1.0,r.-124.1.0/r.-79.1.0,r.-79.1.0/r.-124.1.0,r.-79.1.0/r.-124.1.0,r.-124.1.0/r.-79.1.0,r.-124.1.0/r.-79.1.0,r.-124.1.0/r.-79.1.0,r.-124.1.0/r.-79.1.0,r.-124.1.0/r.-79.1.0,r.-79.1.0/r.-124.1.0,r.-79.1.0/r.-124.1.0,r.-124.1.0/r.-79.1.0,r.-79.1.0/r.-124.1.0,r.-124.1.0/r.-79.1.0,r.-124.1.0/r.-79.1.0,r.-79.1.0/r.-124.1.0,r.-79.1.0/r.-124.1.0,r.-79.1.0/r.-124.1.0,r.-124.1.0/r.-79.1.0,r.-79.1.0/r.-124.1.0,r.-79.1.0/r.-124.1.0,r.-79.1.0/r.-124.1.0,r.-124.1.0/r.-79.1.0,r.-124.1.0/r.-79.1.0,r.-124.1.0/r.-79.1.0,r.-124.1.0/r.-79.1.0,r.-79.1.0/r.-124.1.0,r.-124.1.0/r.-79.1.0,r.-124.1.0/r.-79.1.0,r.-124.1.0/r.-79.1.0,r.-124.1.0/r.-79.1.0,r.-124.1.0/r.-79.1.0,r.-124.1.0/r.-79.1.0,r.-124.1.0/r.-79.1.0,r.-79.1.0/r.-124.1.0,r.-79.1.0/r.-124.1.0,r.-79.1.0/r.-124.1.0,r.-124.1.0/r.-79.1.0,r.-79.1.0/r.-124.1.0,r.-124.1.0/r.-79.1.0,r.-124.1.0/r.-79.1.0,r.-124.1.0/r.-79.1.0,r.-124.1.0/r.-79.1.0,r.-79.1.0/r.-124.1.0,r.-79.1.0/r.-124.1.0,r.-124.1.0/r.-79.1.0,r.-124.1.0/r.-79.1.0,,,,,,,,,,,,,,,,,,,,,,,,,,,,,,,,,,,,,,,,,,,,,,,,,,,,,,,,,,,,,,,,,,,,,,,,,,,,,,,,,,,,,,,,,,,,,,,,,,,,,,,,,,,,,,,,,,,,,,,,,,,,,,,,
718,,,r.-79.1.0,r.-79.1.0,,r.-79.1.0,r.-79.1.0,r.-79.1.0,r.-79.1.0,r.-79.1.0,,r.-79.1.0,r.-79.1.0,r.-79.1.0,r.-79.1.0,r.-79.1.0,r.-79.1.0,r.-79.1.0,r.-79.1.0,r.-79.1.0,,,,,,,,,,,r.-79.1.0,r.-79.1.0,r.-79.1.0,r.-79.1.0,r.-79.1.0,r.-79.1.0,,,r.-79.1.0,r.-79.1.0,r.-79.1.0,r.-79.1.0,r.-79.1.0,r.-79.1.0,r.-79.1.0,r.-79.1.0,r.-79.1.0,r.-79.1.0,r.-79.1.0,r.-79.1.0,r.-79.1.0,r.-79.1.0,r.-79.1.0,r.-79.1.0,r.-79.1.0,r.-79.1.0,r.-79.1.0,r.-79.1.0,r.-79.1.0,r.-79.1.0,r.-79.1.0,r.-79.1.0,r.-79.1.0,r.-79.1.0,r.-79.1.0,r.-79.1.0,r.-79.1.0,r.-79.1.0,r.-79.1.0,r.-79.1.0,r.-79.1.0,r.-79.1.0,r.-79.1.0,r.-79.1.0,r.-79.1.0,r.-79.1.0,r.-79.1.0,r.-79.1.0,r.-79.1.0,r.-79.1.0,r.-79.1.0,r.-79.1.0,r.-79.1.0,r.-79.1.0,r.-79.1.0,r.-79.1.0,r.-79.1.0,r.-79.1.0,r.-79.1.0,r.-79.1.0,r.-79.1.0,r.-79.1.0,r.-79.1.0,r.-79.1.0,,,,,,,,,,,,,,,,,,,,,,,,,,,,,,,,,,,,,,,,,,,,,,,,,,,,,,,,,,,,,,,,,,,,,,,,,,,,,,,,,,,,,,,,,,,,,,,,,,,,,,,,,,,,,,,,,,,,,,,,,,,,,,,,
719,,,r.-79.1.0,r.-79.1.0,,r.-79.1.0,r.-79.1.0,r.-79.1.0,r.-79.1.0,r.-79.1.0,,r.-79.1.0,r.-79.1.0,r.-79.1.0,r.-79.1.0,r.-79.1.0,r.-79.1.0,r.-79.1.0,r.-79.1.0,r.-79.1.0,,,,,,,,,,,r.-79.1.0,r.-79.1.0,r.-79.1.0,r.-79.1.0,r.-79.1.0,r.-79.1.0,,,r.-79.1.0,r.-79.1.0,r.-79.1.0,r.-79.1.0,r.-79.1.0,r.-79.1.0,r.-79.1.0,r.-79.1.0,r.-79.1.0,r.-79.1.0,r.-79.1.0,r.-79.1.0,r.-79.1.0,r.-79.1.0,r.-79.1.0,r.-79.1.0,r.-79.1.0,r.-79.1.0,r.-79.1.0,r.-79.1.0,r.-79.1.0,r.-79.1.0,r.-79.1.0,r.-79.1.0,r.-79.1.0,r.-79.1.0,r.-79.1.0,r.-79.1.0,r.-79.1.0,r.-79.1.0,r.-79.1.0,r.-79.1.0,r.-79.1.0,r.-79.1.0,r.-79.1.0,r.-79.1.0,r.-79.1.0,r.-79.1.0,r.-79.1.0,r.-79.1.0,r.-79.1.0,r.-79.1.0,r.-79.1.0,r.-79.1.0,r.-79.1.0,r.-79.1.0,r.-79.1.0,r.-79.1.0,r.-79.1.0,r.-79.1.0,r.-79.1.0,r.-79.1.0,r.-79.1.0,r.-79.1.0,r.-79.1.0,r.-79.1.0,,,,,,,,,,,,,,,,,,,,,,,,,,,,,,,,,,,,,,,,,,,,,,,,,,,,,,,,,,,,,,,,,,,,,,,,,,,,,,,,,,,,,,,,,,,,,,,,,,,,,,,,,,,,,,,,,,,,,,,,,,,,,,,,
720,,,r.-124.1.0/r.-79.1.0,r.-79.1.0/r.-124.1.0,,r.-79.1.0/r.-124.1.0,r.-124.1.0/r.-79.1.0,r.-124.1.0/r.-79.1.0,r.-124.1.0/r.-79.1.0,r.-124.1.0/r.-79.1.0,,r.-79.1.0/r.-124.1.0,r.-124.1.0/r.-79.1.0,r.-79.1.0/r.-124.1.0,r.-124.1.0/r.-79.1.0,r.-124.1.0/r.-79.1.0,r.-124.1.0/r.-79.1.0,r.-79.1.0/r.-124.1.0,r.-124.1.0/r.-79.1.0,r.-124.1.0/r.-79.1.0,,,,,,,,,,,r.-79.1.0/r.-124.1.0,r.-124.1.0/r.-79.1.0,r.-79.1.0/r.-124.1.0,r.-124.1.0/r.-79.1.0,r.-124.1.0/r.-79.1.0,r.-79.1.0/r.-124.1.0,,,r.-124.1.0/r.-79.1.0,r.-79.1.0/r.-124.1.0,r.-124.1.0/r.-79.1.0,r.-79.1.0/r.-124.1.0,r.-124.1.0/r.-79.1.0,r.-79.1.0/r.-124.1.0,r.-124.1.0/r.-79.1.0,r.-124.1.0/r.-79.1.0,r.-79.1.0/r.-124.1.0,r.-79.1.0/r.-124.1.0,r.-124.1.0/r.-79.1.0,r.-124.1.0/r.-79.1.0,r.-79.1.0/r.-124.1.0,r.-79.1.0/r.-124.1.0,r.-79.1.0/r.-124.1.0,r.-124.1.0/r.-79.1.0,r.-124.1.0/r.-79.1.0,r.-79.1.0/r.-124.1.0,r.-79.1.0/r.-124.1.0,r.-79.1.0/r.-124.1.0,r.-124.1.0/r.-79.1.0,r.-124.1.0/r.-79.1.0,r.-124.1.0/r.-79.1.0,r.-124.1.0/r.-79.1.0,r.-124.1.0/r.-79.1.0,r.-79.1.0/r.-124.1.0,r.-79.1.0/r.-124.1.0,r.-124.1.0/r.-79.1.0,r.-79.1.0/r.-124.1.0,r.-79.1.0/r.-124.1.0,r.-79.1.0/r.-124.1.0,r.-79.1.0/r.-124.1.0,r.-124.1.0/r.-79.1.0,r.-79.1.0/r.-124.1.0,r.-79.1.0/r.-124.1.0,r.-124.1.0/r.-79.1.0,r.-124.1.0/r.-79.1.0,r.-124.1.0/r.-79.1.0,r.-124.1.0/r.-79.1.0,r.-124.1.0/r.-79.1.0,r.-124.1.0/r.-79.1.0,r.-124.1.0/r.-79.1.0,r.-124.1.0/r.-79.1.0,r.-124.1.0/r.-79.1.0,r.-124.1.0/r.-79.1.0,r.-124.1.0/r.-79.1.0,r.-124.1.0/r.-79.1.0,r.-124.1.0/r.-79.1.0,r.-79.1.0/r.-124.1.0,r.-79.1.0/r.-124.1.0,r.-124.1.0/r.-79.1.0,r.-79.1.0/r.-124.1.0,r.-79.1.0/r.-124.1.0,r.-79.1.0/r.-124.1.0,r.-124.1.0/r.-79.1.0,r.-79.1.0/r.-124.1.0,,,,,,,,,,,,,,,,,,,,,,,,,,,,,,,,,,,,,,,,,,,,,,,,,,,,,,,,,,,,,,,,,,,,,,,,,,,,,,,,,,,,,,,,,,,,,,,,,,,,,,,,,,,,,,,,,,,,,,,,,,,,,,,,
721,,,r.-79.1.0,r.-79.1.0,,r.-79.1.0,r.-79.1.0,r.-79.1.0,r.-79.1.0,r.-79.1.0,,r.-79.1.0,r.-79.1.0,r.-79.1.0,r.-79.1.0,r.-79.1.0,r.-79.1.0,r.-79.1.0,r.-79.1.0,r.-79.1.0,,,,,,,,,,,r.-79.1.0,r.-79.1.0,r.-79.1.0,r.-79.1.0,r.-79.1.0,r.-79.1.0,,,r.-79.1.0,r.-79.1.0,r.-79.1.0,r.-79.1.0,r.-79.1.0,r.-79.1.0,r.-79.1.0,r.-79.1.0,r.-79.1.0,r.-79.1.0,r.-79.1.0,r.-79.1.0,r.-79.1.0,r.-79.1.0,r.-79.1.0,r.-79.1.0,r.-79.1.0,r.-79.1.0,r.-79.1.0,r.-79.1.0,r.-79.1.0,r.-79.1.0,r.-79.1.0,r.-79.1.0,r.-79.1.0,r.-79.1.0,r.-79.1.0,r.-79.1.0,r.-79.1.0,r.-79.1.0,r.-79.1.0,r.-79.1.0,r.-79.1.0,r.-79.1.0,r.-79.1.0,r.-79.1.0,r.-79.1.0,r.-79.1.0,r.-79.1.0,r.-79.1.0,r.-79.1.0,r.-79.1.0,r.-79.1.0,r.-79.1.0,r.-79.1.0,r.-79.1.0,r.-79.1.0,r.-79.1.0,r.-79.1.0,r.-79.1.0,r.-79.1.0,r.-79.1.0,r.-79.1.0,r.-79.1.0,r.-79.1.0,r.-79.1.0,,,,,,,,,,,,,,,,,,,,,,,,,,,,,,,,,,,,,,,,,,,,,,,,,,,,,,,,,,,,,,,,,,,,,,,,,,,,,,,,,,,,,,,,,,,,,,,,,,,,,,,,,,,,,,,,,,,,,,,,,,,,,,,,
722,,,r.-79.1.0/r.-124.1.0,r.-124.1.0/r.-79.1.0,,r.-79.1.0/r.-124.1.0,r.-124.1.0/r.-79.1.0,r.-79.1.0/r.-124.1.0,r.-79.1.0/r.-124.1.0,r.-79.1.0/r.-124.1.0,,r.-79.1.0/r.-124.1.0,r.-124.1.0/r.-79.1.0,r.-79.1.0/r.-124.1.0,r.-79.1.0/r.-124.1.0,r.-79.1.0/r.-124.1.0,r.-124.1.0/r.-79.1.0,r.-124.1.0/r.-79.1.0,r.-124.1.0/r.-79.1.0,r.-124.1.0/r.-79.1.0,,,,,,,,,,,r.-79.1.0/r.-124.1.0,r.-79.1.0/r.-124.1.0,r.-79.1.0/r.-124.1.0,r.-124.1.0/r.-79.1.0,r.-124.1.0/r.-79.1.0,r.-79.1.0/r.-124.1.0,,,r.-79.1.0/r.-124.1.0,r.-79.1.0/r.-124.1.0,r.-79.1.0/r.-124.1.0,r.-124.1.0/r.-79.1.0,r.-79.1.0/r.-124.1.0,r.-124.1.0/r.-79.1.0,r.-79.1.0/r.-124.1.0,r.-79.1.0/r.-124.1.0,r.-124.1.0/r.-79.1.0,r.-124.1.0/r.-79.1.0,r.-79.1.0/r.-124.1.0,r.-124.1.0/r.-79.1.0,r.-79.1.0/r.-124.1.0,r.-79.1.0/r.-124.1.0,r.-79.1.0/r.-124.1.0,r.-124.1.0/r.-79.1.0,r.-124.1.0/r.-79.1.0,r.-124.1.0/r.-79.1.0,r.-124.1.0/r.-79.1.0,r.-124.1.0/r.-79.1.0,r.-79.1.0/r.-124.1.0,r.-79.1.0/r.-124.1.0,r.-124.1.0/r.-79.1.0,r.-79.1.0/r.-124.1.0,r.-124.1.0/r.-79.1.0,r.-124.1.0/r.-79.1.0,r.-124.1.0/r.-79.1.0,r.-79.1.0/r.-124.1.0,r.-124.1.0/r.-79.1.0,r.-124.1.0/r.-79.1.0,r.-124.1.0/r.-79.1.0,r.-79.1.0/r.-124.1.0,r.-79.1.0/r.-124.1.0,r.-79.1.0/r.-124.1.0,r.-124.1.0/r.-79.1.0,r.-79.1.0/r.-124.1.0,r.-79.1.0/r.-124.1.0,r.-79.1.0/r.-124.1.0,r.-79.1.0/r.-124.1.0,r.-79.1.0/r.-124.1.0,r.-124.1.0/r.-79.1.0,r.-79.1.0/r.-124.1.0,r.-124.1.0/r.-79.1.0,r.-79.1.0/r.-124.1.0,r.-124.1.0/r.-79.1.0,r.-79.1.0/r.-124.1.0,r.-79.1.0/r.-124.1.0,r.-79.1.0/r.-124.1.0,r.-124.1.0/r.-79.1.0,r.-79.1.0/r.-124.1.0,r.-124.1.0/r.-79.1.0,r.-124.1.0/r.-79.1.0,r.-79.1.0/r.-124.1.0,r.-124.1.0/r.-79.1.0,r.-79.1.0/r.-124.1.0,r.-79.1.0/r.-124.1.0,,,,,,,,,,,,,,,,,,,,,,,,,,,,,,,,,,,,,,,,,,,,,,,,,,,,,,,,,,,,,,,,,,,,,,,,,,,,,,,,,,,,,,,,,,,,,,,,,,,,,,,,,,,,,,,,,,,,,,,,,,,,,,,,
723,,,r.-79.1.0,r.-79.1.0,,r.-79.1.0,r.-79.1.0,r.-79.1.0,r.-79.1.0,r.-79.1.0,,r.-79.1.0,r.-79.1.0,r.-79.1.0,r.-79.1.0,r.-79.1.0,r.-79.1.0,r.-79.1.0,r.-79.1.0,r.-79.1.0,,,,,,,,,,,r.-79.1.0,r.-79.1.0,r.-79.1.0,r.-79.1.0,r.-79.1.0,r.-79.1.0,,,r.-79.1.0,r.-79.1.0,r.-79.1.0,r.-79.1.0,r.-79.1.0,r.-79.1.0,r.-79.1.0,r.-79.1.0,r.-79.1.0,r.-79.1.0,r.-79.1.0,r.-79.1.0,r.-79.1.0,r.-79.1.0,r.-79.1.0,r.-79.1.0,r.-79.1.0,r.-79.1.0,r.-79.1.0,r.-79.1.0,r.-79.1.0,r.-79.1.0,r.-79.1.0,r.-79.1.0,r.-79.1.0,r.-79.1.0,r.-79.1.0,r.-79.1.0,r.-79.1.0,r.-79.1.0,r.-79.1.0,r.-79.1.0,r.-79.1.0,r.-79.1.0,r.-79.1.0,r.-79.1.0,r.-79.1.0,r.-79.1.0,r.-79.1.0,r.-79.1.0,r.-79.1.0,r.-79.1.0,r.-79.1.0,r.-79.1.0,r.-79.1.0,r.-79.1.0,r.-79.1.0,r.-79.1.0,r.-79.1.0,r.-79.1.0,r.-79.1.0,r.-79.1.0,r.-79.1.0,r.-79.1.0,r.-79.1.0,r.-79.1.0,,,,,,,,,,,,,,,,,,,,,,,,,,,,,,,,,,,,,,,,,,,,,,,,,,,,,,,,,,,,,,,,,,,,,,,,,,,,,,,,,,,,,,,,,,,,,,,,,,,,,,,,,,,,,,,,,,,,,,,,,,,,,,,,
724,p.589/r.-92.0.0/r.-79.0.0/r.-110.0.0,p.590/r.-110.0.0/r.-79.0.0/r.-92.0.0,p.591/r.-79.1.0/r.-79.0.0/r.-110.0.0/r.-92.0.0,p.592/r.-79.1.0/r.-110.0.0/r.-92.0.0/r.-79.0.0,p.593/r.-79.0.0/r.-92.0.0/r.-110.0.0,p.594/r.-79.0.0/r.-92.0.0/r.-79.1.0/r.-110.0.0,p.595/r.-79.0.0/r.-92.0.0/r.-79.1.0/r.-110.0.0,p.596/r.-92.0.0/r.-110.0.0/r.-79.0.0/r.-79.1.0,p.597/r.-92.0.0/r.-110.0.0/r.-79.0.0/r.-79.1.0,p.598/r.-92.0.0/r.-79.0.0/r.-79.1.0/r.-110.0.0,p.599/r.-79.0.0/r.-92.0.0/r.-110.0.0,p.600/r.-79.1.0/r.-110.0.0/r.-79.0.0/r.-92.0.0,p.601/r.-92.0.0/r.-79.1.0/r.-110.0.0/r.-79.0.0,p.602/r.-92.0.0/r.-79.1.0/r.-79.0.0/r.-110.0.0,p.603/r.-92.0.0/r.-110.0.0/r.-79.0.0/r.-79.1.0,p.604/r.-79.1.0/r.-110.0.0/r.-79.0.0/r.-92.0.0,p.605/r.-110.0.0/r.-79.0.0/r.-79.1.0/r.-92.0.0,p.606/r.-92.0.0/r.-110.0.0/r.-79.0.0/r.-79.1.0,p.607/r.-92.0.0/r.-110.0.0/r.-79.1.0/r.-79.0.0,p.608/r.-79.1.0/r.-110.0.0/r.-79.0.0/r.-92.0.0,p.609/r.-92.0.0/r.-110.0.0/r.-79.0.0,p.610/r.-110.0.0/r.-92.0.0/r.-79.0.0,p.611/r.-79.0.0/r.-92.0.0/r.-110.0.0,p.612/r.-79.0.0/r.-110.0.0/r.-92.0.0,p.613/r.-79.0.0/r.-110.0.0/r.-92.0.0,p.614/r.-110.0.0/r.-92.0.0/r.-79.0.0,p.615/r.-79.0.0/r.-110.0.0/r.-92.0.0,p.616/r.-110.0.0/r.-92.0.0/r.-79.0.0,p.617/r.-110.0.0/r.-79.0.0/r.-92.0.0,p.618/r.-79.0.0/r.-110.0.0/r.-92.0.0,p.619/r.-79.0.0/r.-110.0.0/r.-92.0.0/r.-79.1.0,p.620/r.-110.0.0/r.-79.0.0/r.-79.1.0/r.-92.0.0,p.621/r.-79.1.0/r.-79.0.0/r.-92.0.0/r.-110.0.0,p.622/r.-79.1.0/r.-79.0.0/r.-110.0.0/r.-92.0.0,p.623/r.-79.0.0/r.-79.1.0/r.-92.0.0/r.-110.0.0,p.624/r.-92.0.0/r.-110.0.0/r.-79.1.0/r.-79.0.0,p.625/r.-79.0.0/r.-110.0.0/r.-92.0.0,p.626/r.-110.0.0/r.-79.0.0/r.-92.0.0,p.627/r.-79.1.0/r.-110.0.0/r.-92.0.0/r.-79.0.0,p.628/r.-92.0.0/r.-79.0.0/r.-79.1.0/r.-110.0.0,p.629/r.-79.1.0/r.-110.0.0/r.-92.0.0/r.-79.0.0,p.630/r.-92.0.0/r.-110.0.0/r.-79.1.0/r.-79.0.0,p.631/r.-92.0.0/r.-110.0.0/r.-79.0.0/r.-79.1.0,p.632/r.-92.0.0/r.-79.1.0/r.-79.0.0/r.-110.0.0,p.374/r.-79.1.0/r.-110.0.0/r.-79.0.0/r.-106.0.0/r.-92.0.0,p.633/r.-79.1.0/r.-79.0.0/r.-92.0.0/r.-110.0.0,p.634/r.-79.0.0/r.-92.0.0/r.-110.0.0/r.-79.1.0,p.635/r.-92.0.0/r.-79.0.0/r.-79.1.0/r.-110.0.0,p.636/r.-110.0.0/r.-92.0.0/r.-79.0.0/r.-79.1.0,p.637/r.-79.1.0/r.-110.0.0/r.-92.0.0/r.-79.0.0,p.638/r.-92.0.0/r.-79.1.0/r.-79.0.0/r.-110.0.0,p.639/r.-110.0.0/r.-92.0.0/r.-79.0.0/r.-79.1.0,p.640/r.-79.0.0/r.-92.0.0/r.-110.0.0/r.-79.1.0,p.641/r.-79.1.0/r.-79.0.0/r.-92.0.0/r.-110.0.0,p.642/r.-79.0.0/r.-79.1.0/r.-110.0.0/r.-92.0.0,p.643/r.-92.0.0/r.-79.1.0/r.-110.0.0/r.-79.0.0,p.644/r.-79.1.0/r.-110.0.0/r.-92.0.0/r.-79.0.0,p.645/r.-79.1.0/r.-79.0.0/r.-110.0.0/r.-92.0.0,p.646/r.-79.0.0/r.-110.0.0/r.-92.0.0/r.-79.1.0,p.647/r.-79.1.0/r.-79.0.0/r.-110.0.0/r.-92.0.0,p.648/r.-92.0.0/r.-79.0.0/r.-79.1.0/r.-110.0.0,p.649/r.-79.1.0/r.-110.0.0/r.-92.0.0/r.-79.0.0,p.650/r.-79.0.0/r.-79.1.0/r.-110.0.0/r.-92.0.0,p.651/r.-92.0.0/r.-79.0.0/r.-110.0.0/r.-79.1.0,p.652/r.-92.0.0/r.-110.0.0/r.-79.1.0/r.-79.0.0,p.653/r.-92.0.0/r.-79.0.0/r.-79.1.0/r.-110.0.0,p.654/r.-79.0.0/r.-92.0.0/r.-79.1.0/r.-110.0.0,p.655/r.-79.1.0/r.-79.0.0/r.-110.0.0/r.-92.0.0,p.656/r.-79.1.0/r.-92.0.0/r.-79.0.0/r.-110.0.0,p.657/r.-79.0.0/r.-79.1.0/r.-92.0.0/r.-110.0.0,p.658/r.-79.1.0/r.-92.0.0/r.-79.0.0/r.-110.0.0,p.659/r.-79.1.0/r.-110.0.0/r.-79.0.0/r.-92.0.0,p.660/r.-79.1.0/r.-92.0.0/r.-110.0.0/r.-79.0.0,p.661/r.-110.0.0/r.-79.0.0/r.-79.1.0/r.-92.0.0,p.662/r.-92.0.0/r.-79.0.0/r.-79.1.0/r.-110.0.0,p.663/r.-79.1.0/r.-110.0.0/r.-79.0.0/r.-92.0.0,p.664/r.-110.0.0/r.-92.0.0/r.-79.0.0/r.-79.1.0,p.665/r.-79.0.0/r.-79.1.0/r.-92.0.0/r.-110.0.0,p.666/r.-79.0.0/r.-110.0.0/r.-79.1.0/r.-92.0.0,p.667/r.-79.0.0/r.-92.0.0/r.-110.0.0/r.-79.1.0,p.668/r.-79.1.0/r.-110.0.0/r.-79.0.0/r.-92.0.0,p.669/r.-110.0.0/r.-79.0.0/r.-92.0.0/r.-79.1.0,p.670/r.-79.0.0/r.-79.1.0/r.-110.0.0/r.-92.0.0,p.671/r.-92.0.0/r.-79.0.0/r.-79.1.0/r.-110.0.0,p.672/r.-92.0.0/r.-110.0.0/r.-79.1.0/r.-79.0.0,p.673/r.-79.1.0/r.-79.0.0/r.-110.0.0/r.-92.0.0,p.674/r.-110.0.0/r.-79.0.0/r.-79.1.0/r.-92.0.0,p.675/r.-79.1.0/r.-92.0.0/r.-110.0.0/r.-79.0.0,p.676/r.-79.1.0/r.-92.0.0/r.-110.0.0/r.-79.0.0,p.677/r.-79.0.0/r.-92.0.0/r.-110.0.0/r.-79.1.0,p.678/r.-110.0.0/r.-79.0.0/r.-79.1.0/r.-92.0.0,p.679/r.-110.0.0/r.-92.0.0/r.-79.0.0/r.-79.1.0,p.680/r.-110.0.0/r.-92.0.0/r.-79.1.0/r.-79.0.0,p.681/r.-92.0.0/r.-110.0.0/r.-79.0.0/r.-79.1.0,,,,,,,,,,,,,,,,,,,,,,,,,,,,,,,,,,,,,,,,,,,,,,,,,,,,,,,,,,,,,,,,,,,,,,,,,,,,,,,,p.424,,p.682,,,,,,,,,,,p.683,,,,,,,,,,,,,,p.795,p.685,,,p.686,,,,,,,,,,,,,,,,,
725,,,r.-79.1.0,r.-79.1.0,,r.-79.1.0,r.-79.1.0,r.-79.1.0,r.-79.1.0,r.-79.1.0,,r.-79.1.0,r.-79.1.0,r.-79.1.0,r.-79.1.0,r.-79.1.0,r.-79.1.0,r.-79.1.0,r.-79.1.0,r.-79.1.0,,,,,,,,,,,r.-79.1.0,r.-79.1.0,r.-79.1.0,r.-79.1.0,r.-79.1.0,r.-79.1.0,,,r.-79.1.0,r.-79.1.0,r.-79.1.0,r.-79.1.0,r.-79.1.0,r.-79.1.0,r.-79.1.0,r.-79.1.0,r.-79.1.0,r.-79.1.0,r.-79.1.0,r.-79.1.0,r.-79.1.0,r.-79.1.0,r.-79.1.0,r.-79.1.0,r.-79.1.0,r.-79.1.0,r.-79.1.0,r.-79.1.0,r.-79.1.0,r.-79.1.0,r.-79.1.0,r.-79.1.0,r.-79.1.0,r.-79.1.0,r.-79.1.0,r.-79.1.0,r.-79.1.0,r.-79.1.0,r.-79.1.0,r.-79.1.0,r.-79.1.0,r.-79.1.0,r.-79.1.0,r.-79.1.0,r.-79.1.0,r.-79.1.0,r.-79.1.0,r.-79.1.0,r.-79.1.0,r.-79.1.0,r.-79.1.0,r.-79.1.0,r.-79.1.0,r.-79.1.0,r.-79.1.0,r.-79.1.0,r.-79.1.0,r.-79.1.0,r.-79.1.0,r.-79.1.0,r.-79.1.0,r.-79.1.0,r.-79.1.0,r.-79.1.0,,,,,,,,,,,,,,,,,,,,,,,,,,,,,,,,,,,,,,,,,,,,,,,,,,,,,,,,,,,,,,,,,,,,,,,,,,,,,,,,,,,,,,,,,,,,,,,,,,,,,,,,,,,,,,,,,,,,,,,,,,,,,,,,
726,,,r.-79.1.0,r.-79.1.0,,r.-79.1.0,r.-79.1.0,r.-79.1.0,r.-79.1.0,r.-79.1.0,,r.-79.1.0,r.-79.1.0,r.-79.1.0,r.-79.1.0,r.-79.1.0,r.-79.1.0,r.-79.1.0,r.-79.1.0,r.-79.1.0,,,,,,,,,,,r.-79.1.0,r.-79.1.0,r.-79.1.0,r.-79.1.0,r.-79.1.0,r.-79.1.0,,,r.-79.1.0,r.-79.1.0,r.-79.1.0,r.-79.1.0,r.-79.1.0,r.-79.1.0,r.-79.1.0,r.-79.1.0,r.-79.1.0,r.-79.1.0,r.-79.1.0,r.-79.1.0,r.-79.1.0,r.-79.1.0,r.-79.1.0,r.-79.1.0,r.-79.1.0,r.-79.1.0,r.-79.1.0,r.-79.1.0,r.-79.1.0,r.-79.1.0,r.-79.1.0,r.-79.1.0,r.-79.1.0,r.-79.1.0,r.-79.1.0,r.-79.1.0,r.-79.1.0,r.-79.1.0,r.-79.1.0,r.-79.1.0,r.-79.1.0,r.-79.1.0,r.-79.1.0,r.-79.1.0,r.-79.1.0,r.-79.1.0,r.-79.1.0,r.-79.1.0,r.-79.1.0,r.-79.1.0,r.-79.1.0,r.-79.1.0,r.-79.1.0,r.-79.1.0,r.-79.1.0,r.-79.1.0,r.-79.1.0,r.-79.1.0,r.-79.1.0,r.-79.1.0,r.-79.1.0,r.-79.1.0,r.-79.1.0,r.-79.1.0,,,,,,,,,,,,,,,,,,,,,,,,,,,,,,,,,,,,,,,,,,,,,,,,,,,,,,,,,,,,,,,,,,,,,,,,,,,,,,,,,,,,,,,,,,,,,,,,,,,,,,,,,,,,,,,,,,,,,,,,,,,,,,,,
727,,,r.-79.1.0,r.-79.1.0,,r.-79.1.0,r.-79.1.0,r.-79.1.0,r.-79.1.0,r.-79.1.0,,r.-79.1.0,r.-79.1.0,r.-79.1.0,r.-79.1.0,r.-79.1.0,r.-79.1.0,r.-79.1.0,r.-79.1.0,r.-79.1.0,,,,,,,,,,,r.-79.1.0,r.-79.1.0,r.-79.1.0,r.-79.1.0,r.-79.1.0,r.-79.1.0,,,r.-79.1.0,r.-79.1.0,r.-79.1.0,r.-79.1.0,r.-79.1.0,r.-79.1.0,r.-79.1.0,r.-79.1.0,r.-79.1.0,r.-79.1.0,r.-79.1.0,r.-79.1.0,r.-79.1.0,r.-79.1.0,r.-79.1.0,r.-79.1.0,r.-79.1.0,r.-79.1.0,r.-79.1.0,r.-79.1.0,r.-79.1.0,r.-79.1.0,r.-79.1.0,r.-79.1.0,r.-79.1.0,r.-79.1.0,r.-79.1.0,r.-79.1.0,r.-79.1.0,r.-79.1.0,r.-79.1.0,r.-79.1.0,r.-79.1.0,r.-79.1.0,r.-79.1.0,r.-79.1.0,r.-79.1.0,r.-79.1.0,r.-79.1.0,r.-79.1.0,r.-79.1.0,r.-79.1.0,r.-79.1.0,r.-79.1.0,r.-79.1.0,r.-79.1.0,r.-79.1.0,r.-79.1.0,r.-79.1.0,r.-79.1.0,r.-79.1.0,r.-79.1.0,r.-79.1.0,r.-79.1.0,r.-79.1.0,r.-79.1.0,,,,,,,,,,,,,,,,,,,,,,,,,,,,,,,,,,,,,,,,,,,,,,,,,,,,,,,,,,,,,,,,,,,,,,,,,,,,,,,,,,,,,,,,,,,,,,,,,,,,,,,,,,,,,,,,,,,,,,,,,,,,,,,,
728,,,r.-79.1.0,r.-79.1.0,,r.-79.1.0,r.-79.1.0,r.-79.1.0,r.-79.1.0,r.-79.1.0,,r.-79.1.0,r.-79.1.0,r.-79.1.0,r.-79.1.0,r.-79.1.0,r.-79.1.0,r.-79.1.0,r.-79.1.0,r.-79.1.0,,,,,,,,,,,r.-79.1.0,r.-79.1.0,r.-79.1.0,r.-79.1.0,r.-79.1.0,r.-79.1.0,,,r.-79.1.0,r.-79.1.0,r.-79.1.0,r.-79.1.0,r.-79.1.0,r.-79.1.0,r.-79.1.0,r.-79.1.0,r.-79.1.0,r.-79.1.0,r.-79.1.0,r.-79.1.0,r.-79.1.0,r.-79.1.0,r.-79.1.0,r.-79.1.0,r.-79.1.0,r.-79.1.0,r.-79.1.0,r.-79.1.0,r.-79.1.0,r.-79.1.0,r.-79.1.0,r.-79.1.0,r.-79.1.0,r.-79.1.0,r.-79.1.0,r.-79.1.0,r.-79.1.0,r.-79.1.0,r.-79.1.0,r.-79.1.0,r.-79.1.0,r.-79.1.0,r.-79.1.0,r.-79.1.0,r.-79.1.0,r.-79.1.0,r.-79.1.0,r.-79.1.0,r.-79.1.0,r.-79.1.0,r.-79.1.0,r.-79.1.0,r.-79.1.0,r.-79.1.0,r.-79.1.0,r.-79.1.0,r.-79.1.0,r.-79.1.0,r.-79.1.0,r.-79.1.0,r.-79.1.0,r.-79.1.0,r.-79.1.0,r.-79.1.0,,,,,,,,,,,,,,,,,,,,,,,,,,,,,,,,,,,,,,,,,,,,,,,,,,,,,,,,,,,,,,,,,,,,,,,,,,,,,,,,,,,,,,,,,,,,,,,,,,,,,,,,,,,,,,,,,,,,,,,,,,,,,,,,
729,,,r.-79.1.0,r.-79.1.0,,r.-79.1.0,r.-79.1.0,r.-79.1.0,r.-79.1.0,r.-79.1.0,,r.-79.1.0,r.-79.1.0,r.-79.1.0,r.-79.1.0,r.-79.1.0,r.-79.1.0,r.-79.1.0,r.-79.1.0,r.-79.1.0,,,,,,,,,,,r.-79.1.0,r.-79.1.0,r.-79.1.0,r.-79.1.0,r.-79.1.0,r.-79.1.0,,,r.-79.1.0,r.-79.1.0,r.-79.1.0,r.-79.1.0,r.-79.1.0,r.-79.1.0,r.-79.1.0,r.-79.1.0,r.-79.1.0,r.-79.1.0,r.-79.1.0,r.-79.1.0,r.-79.1.0,r.-79.1.0,r.-79.1.0,r.-79.1.0,r.-79.1.0,r.-79.1.0,r.-79.1.0,r.-79.1.0,r.-79.1.0,r.-79.1.0,r.-79.1.0,r.-79.1.0,r.-79.1.0,r.-79.1.0,r.-79.1.0,r.-79.1.0,r.-79.1.0,r.-79.1.0,r.-79.1.0,r.-79.1.0,r.-79.1.0,r.-79.1.0,r.-79.1.0,r.-79.1.0,r.-79.1.0,r.-79.1.0,r.-79.1.0,r.-79.1.0,r.-79.1.0,r.-79.1.0,r.-79.1.0,r.-79.1.0,r.-79.1.0,r.-79.1.0,r.-79.1.0,r.-79.1.0,r.-79.1.0,r.-79.1.0,r.-79.1.0,r.-79.1.0,r.-79.1.0,r.-79.1.0,r.-79.1.0,r.-79.1.0,,,,,,,,,,,,,,,,,,,,,,,,,,,,,,,,,,,,,,,,,,,,,,,,,,,,,,,,,,,,,,,,,,,,,,,,,,,,,,,,,,,,,,,,,,,,,,,,,,,,,,,,,,,,,,,,,,,,,,,,,,,,,,,,
730,,,r.-79.1.0,r.-79.1.0,,r.-79.1.0,r.-79.1.0,r.-79.1.0,r.-79.1.0,r.-79.1.0,,r.-79.1.0,r.-79.1.0,r.-79.1.0,r.-79.1.0,r.-79.1.0,r.-79.1.0,r.-79.1.0,r.-79.1.0,r.-79.1.0,,,,,,,,,,,r.-79.1.0,r.-79.1.0,r.-79.1.0,r.-79.1.0,r.-79.1.0,r.-79.1.0,,,r.-79.1.0,r.-79.1.0,r.-79.1.0,r.-79.1.0,r.-79.1.0,r.-79.1.0,r.-79.1.0,r.-79.1.0,r.-79.1.0,r.-79.1.0,r.-79.1.0,r.-79.1.0,r.-79.1.0,r.-79.1.0,r.-79.1.0,r.-79.1.0,r.-79.1.0,r.-79.1.0,r.-79.1.0,r.-79.1.0,r.-79.1.0,r.-79.1.0,r.-79.1.0,r.-79.1.0,r.-79.1.0,r.-79.1.0,r.-79.1.0,r.-79.1.0,r.-79.1.0,r.-79.1.0,r.-79.1.0,r.-79.1.0,r.-79.1.0,r.-79.1.0,r.-79.1.0,r.-79.1.0,r.-79.1.0,r.-79.1.0,r.-79.1.0,r.-79.1.0,r.-79.1.0,r.-79.1.0,r.-79.1.0,r.-79.1.0,r.-79.1.0,r.-79.1.0,r.-79.1.0,r.-79.1.0,r.-79.1.0,r.-79.1.0,r.-79.1.0,r.-79.1.0,r.-79.1.0,r.-79.1.0,r.-79.1.0,r.-79.1.0,,,,,,,,,,,,,,,,,,,,,,,,,,,,,,,,,,,,,,,,,,,,,,,,,,,,,,,,,,,,,,,,,,,,,,,,,,,,,,,,,,,,,,,,,,,,,,,,,,,,,,,,,,,,,,,,,,,,,,,,,,,,,,,,
731,,,r.-79.1.0,r.-79.1.0,,r.-79.1.0,r.-79.1.0,r.-79.1.0,r.-79.1.0,r.-79.1.0,,r.-79.1.0,r.-79.1.0,r.-79.1.0,r.-79.1.0,r.-79.1.0,r.-79.1.0,r.-79.1.0,r.-79.1.0,r.-79.1.0,,,,,,,,,,,r.-79.1.0,r.-79.1.0,r.-79.1.0,r.-79.1.0,r.-79.1.0,r.-79.1.0,,,r.-79.1.0,r.-79.1.0,r.-79.1.0,r.-79.1.0,r.-79.1.0,r.-79.1.0,r.-79.1.0,r.-79.1.0,r.-79.1.0,r.-79.1.0,r.-79.1.0,r.-79.1.0,r.-79.1.0,r.-79.1.0,r.-79.1.0,r.-79.1.0,r.-79.1.0,r.-79.1.0,r.-79.1.0,r.-79.1.0,r.-79.1.0,r.-79.1.0,r.-79.1.0,r.-79.1.0,r.-79.1.0,r.-79.1.0,r.-79.1.0,r.-79.1.0,r.-79.1.0,r.-79.1.0,r.-79.1.0,r.-79.1.0,r.-79.1.0,r.-79.1.0,r.-79.1.0,r.-79.1.0,r.-79.1.0,r.-79.1.0,r.-79.1.0,r.-79.1.0,r.-79.1.0,r.-79.1.0,r.-79.1.0,r.-79.1.0,r.-79.1.0,r.-79.1.0,r.-79.1.0,r.-79.1.0,r.-79.1.0,r.-79.1.0,r.-79.1.0,r.-79.1.0,r.-79.1.0,r.-79.1.0,r.-79.1.0,r.-79.1.0,,,,,,,,,,,,,,,,,,,,,,,,,,,,,,,,,,,,,,,,,,,,,,,,,,,,,,,,,,,,,,,,,,,,,,,,,,,,,,,,,,,,,,,,,,,,,,,,,,,,,,,,,,,,,,,,,,,,,,,,,,,,,,,,
732,,,r.-79.1.0,r.-79.1.0,,r.-79.1.0,r.-79.1.0,r.-79.1.0,r.-79.1.0,r.-79.1.0,,r.-79.1.0,r.-79.1.0,r.-79.1.0,r.-79.1.0,r.-79.1.0,r.-79.1.0,r.-79.1.0,r.-79.1.0,r.-79.1.0,,,,,,,,,,,r.-79.1.0,r.-79.1.0,r.-79.1.0,r.-79.1.0,r.-79.1.0,r.-79.1.0,,,r.-79.1.0,r.-79.1.0,r.-79.1.0,r.-79.1.0,r.-79.1.0,r.-79.1.0,r.-79.1.0,r.-79.1.0,r.-79.1.0,r.-79.1.0,r.-79.1.0,r.-79.1.0,r.-79.1.0,r.-79.1.0,r.-79.1.0,r.-79.1.0,r.-79.1.0,r.-79.1.0,r.-79.1.0,r.-79.1.0,r.-79.1.0,r.-79.1.0,r.-79.1.0,r.-79.1.0,r.-79.1.0,r.-79.1.0,r.-79.1.0,r.-79.1.0,r.-79.1.0,r.-79.1.0,r.-79.1.0,r.-79.1.0,r.-79.1.0,r.-79.1.0,r.-79.1.0,r.-79.1.0,r.-79.1.0,r.-79.1.0,r.-79.1.0,r.-79.1.0,r.-79.1.0,r.-79.1.0,r.-79.1.0,r.-79.1.0,r.-79.1.0,r.-79.1.0,r.-79.1.0,r.-79.1.0,r.-79.1.0,r.-79.1.0,r.-79.1.0,r.-79.1.0,r.-79.1.0,r.-79.1.0,r.-79.1.0,r.-79.1.0,,,,,,,,,,,,,,,,,,,,,,,,,,,,,,,,,,,,,,,,,,,,,,,,,,,,,,,,,,,,,,,,,,,,,,,,,,,,,,,,,,,,,,,,,,,,,,,,,,,,,,,,,,,,,,,,,,,,,,,,,,,,,,,,
733,,,r.-79.1.0,r.-79.1.0,,r.-79.1.0,r.-79.1.0,r.-79.1.0,r.-79.1.0,r.-79.1.0,,r.-79.1.0,r.-79.1.0,r.-79.1.0,r.-79.1.0,r.-79.1.0,r.-79.1.0,r.-79.1.0,r.-79.1.0,r.-79.1.0,,,,,,,,,,,r.-79.1.0,r.-79.1.0,r.-79.1.0,r.-79.1.0,r.-79.1.0,r.-79.1.0,,,r.-79.1.0,r.-79.1.0,r.-79.1.0,r.-79.1.0,r.-79.1.0,r.-79.1.0,r.-79.1.0,r.-79.1.0,r.-79.1.0,r.-79.1.0,r.-79.1.0,r.-79.1.0,r.-79.1.0,r.-79.1.0,r.-79.1.0,r.-79.1.0,r.-79.1.0,r.-79.1.0,r.-79.1.0,r.-79.1.0,r.-79.1.0,r.-79.1.0,r.-79.1.0,r.-79.1.0,r.-79.1.0,r.-79.1.0,r.-79.1.0,r.-79.1.0,r.-79.1.0,r.-79.1.0,r.-79.1.0,r.-79.1.0,r.-79.1.0,r.-79.1.0,r.-79.1.0,r.-79.1.0,r.-79.1.0,r.-79.1.0,r.-79.1.0,r.-79.1.0,r.-79.1.0,r.-79.1.0,r.-79.1.0,r.-79.1.0,r.-79.1.0,r.-79.1.0,r.-79.1.0,r.-79.1.0,r.-79.1.0,r.-79.1.0,r.-79.1.0,r.-79.1.0,r.-79.1.0,r.-79.1.0,r.-79.1.0,r.-79.1.0,,,,,,,,,,,,,,,,,,,,,,,,,,,,,,,,,,,,,,,,,,,,,,,,,,,,,,,,,,,,,,,,,,,,,,,,,,,,,,,,,,,,,,,,,,,,,,,,,,,,,,,,,,,,,,,,,,,,,,,,,,,,,,,,
734,,,r.-79.1.0,r.-79.1.0,,r.-79.1.0,r.-79.1.0,r.-79.1.0,r.-79.1.0,r.-79.1.0,,r.-79.1.0,r.-79.1.0,r.-79.1.0,r.-79.1.0,r.-79.1.0,r.-79.1.0,r.-79.1.0,r.-79.1.0,r.-79.1.0,,,,,,,,,,,r.-79.1.0,r.-79.1.0,r.-79.1.0,r.-79.1.0,r.-79.1.0,r.-79.1.0,,,r.-79.1.0,r.-79.1.0,r.-79.1.0,r.-79.1.0,r.-79.1.0,r.-79.1.0,r.-79.1.0,r.-79.1.0,r.-79.1.0,r.-79.1.0,r.-79.1.0,r.-79.1.0,r.-79.1.0,r.-79.1.0,r.-79.1.0,r.-79.1.0,r.-79.1.0,r.-79.1.0,r.-79.1.0,r.-79.1.0,r.-79.1.0,r.-79.1.0,r.-79.1.0,r.-79.1.0,r.-79.1.0,r.-79.1.0,r.-79.1.0,r.-79.1.0,r.-79.1.0,r.-79.1.0,r.-79.1.0,r.-79.1.0,r.-79.1.0,r.-79.1.0,r.-79.1.0,r.-79.1.0,r.-79.1.0,r.-79.1.0,r.-79.1.0,r.-79.1.0,r.-79.1.0,r.-79.1.0,r.-79.1.0,r.-79.1.0,r.-79.1.0,r.-79.1.0,r.-79.1.0,r.-79.1.0,r.-79.1.0,r.-79.1.0,r.-79.1.0,r.-79.1.0,r.-79.1.0,r.-79.1.0,r.-79.1.0,r.-79.1.0,,,,,,,,,,,,,,,,,,,,,,,,,,,,,,,,,,,,,,,,,,,,,,,,,,,,,,,,,,,,,,,,,,,,,,,,,,,,,,,,,,,,,,,,,,,,,,,,,,,,,,,,,,,,,,,,,,,,,,,,,,,,,,,,
735,,,r.-79.1.0,r.-79.1.0,,r.-79.1.0,r.-79.1.0,r.-79.1.0,r.-79.1.0,r.-79.1.0,,r.-79.1.0,r.-79.1.0,r.-79.1.0,r.-79.1.0,r.-79.1.0,r.-79.1.0,r.-79.1.0,r.-79.1.0,r.-79.1.0,,,,,,,,,,,r.-79.1.0,r.-79.1.0,r.-79.1.0,r.-79.1.0,r.-79.1.0,r.-79.1.0,,,r.-79.1.0,r.-79.1.0,r.-79.1.0,r.-79.1.0,r.-79.1.0,r.-79.1.0,r.-79.1.0,r.-79.1.0,r.-79.1.0,r.-79.1.0,r.-79.1.0,r.-79.1.0,r.-79.1.0,r.-79.1.0,r.-79.1.0,r.-79.1.0,r.-79.1.0,r.-79.1.0,r.-79.1.0,r.-79.1.0,r.-79.1.0,r.-79.1.0,r.-79.1.0,r.-79.1.0,r.-79.1.0,r.-79.1.0,r.-79.1.0,r.-79.1.0,r.-79.1.0,r.-79.1.0,r.-79.1.0,r.-79.1.0,r.-79.1.0,r.-79.1.0,r.-79.1.0,r.-79.1.0,r.-79.1.0,r.-79.1.0,r.-79.1.0,r.-79.1.0,r.-79.1.0,r.-79.1.0,r.-79.1.0,r.-79.1.0,r.-79.1.0,r.-79.1.0,r.-79.1.0,r.-79.1.0,r.-79.1.0,r.-79.1.0,r.-79.1.0,r.-79.1.0,r.-79.1.0,r.-79.1.0,r.-79.1.0,r.-79.1.0,,,,,,,,,,,,,,,,,,,,,,,,,,,,,,,,,,,,,,,,,,,,,,,,,,,,,,,,,,,,,,,,,,,,,,,,,,,,,,,,,,,,,,,,,,,,,,,,,,,,,,,,,,,,,,,,,,,,,,,,,,,,,,,,
736,,,r.-79.1.0,r.-79.1.0,,r.-79.1.0,r.-79.1.0,r.-79.1.0,r.-79.1.0,r.-79.1.0,,r.-79.1.0,r.-79.1.0,r.-79.1.0,r.-79.1.0,r.-79.1.0,r.-79.1.0,r.-79.1.0,r.-79.1.0,r.-79.1.0,,,,,,,,,,,r.-79.1.0,r.-79.1.0,r.-79.1.0,r.-79.1.0,r.-79.1.0,r.-79.1.0,,,r.-79.1.0,r.-79.1.0,r.-79.1.0,r.-79.1.0,r.-79.1.0,r.-79.1.0,r.-79.1.0,r.-79.1.0,r.-79.1.0,r.-79.1.0,r.-79.1.0,r.-79.1.0,r.-79.1.0,r.-79.1.0,r.-79.1.0,r.-79.1.0,r.-79.1.0,r.-79.1.0,r.-79.1.0,r.-79.1.0,r.-79.1.0,r.-79.1.0,r.-79.1.0,r.-79.1.0,r.-79.1.0,r.-79.1.0,r.-79.1.0,r.-79.1.0,r.-79.1.0,r.-79.1.0,r.-79.1.0,r.-79.1.0,r.-79.1.0,r.-79.1.0,r.-79.1.0,r.-79.1.0,r.-79.1.0,r.-79.1.0,r.-79.1.0,r.-79.1.0,r.-79.1.0,r.-79.1.0,r.-79.1.0,r.-79.1.0,r.-79.1.0,r.-79.1.0,r.-79.1.0,r.-79.1.0,r.-79.1.0,r.-79.1.0,r.-79.1.0,r.-79.1.0,r.-79.1.0,r.-79.1.0,r.-79.1.0,r.-79.1.0,,,,,,,,,,,,,,,,,,,,,,,,,,,,,,,,,,,,,,,,,,,,,,,,,,,,,,,,,,,,,,,,,,,,,,,,,,,,,,,,,,,,,,,,,,,,,,,,,,,,,,,,,,,,,,,,,,,,,,,,,,,,,,,,
737,,,r.-79.1.0,r.-79.1.0,,r.-79.1.0,r.-79.1.0,r.-79.1.0,r.-79.1.0,r.-79.1.0,,r.-79.1.0,r.-79.1.0,r.-79.1.0,r.-79.1.0,r.-79.1.0,r.-79.1.0,r.-79.1.0,r.-79.1.0,r.-79.1.0,,,,,,,,,,,r.-79.1.0,r.-79.1.0,r.-79.1.0,r.-79.1.0,r.-79.1.0,r.-79.1.0,,,r.-79.1.0,r.-79.1.0,r.-79.1.0,r.-79.1.0,r.-79.1.0,r.-79.1.0,r.-79.1.0,r.-79.1.0,r.-79.1.0,r.-79.1.0,r.-79.1.0,r.-79.1.0,r.-79.1.0,r.-79.1.0,r.-79.1.0,r.-79.1.0,r.-79.1.0,r.-79.1.0,r.-79.1.0,r.-79.1.0,r.-79.1.0,r.-79.1.0,r.-79.1.0,r.-79.1.0,r.-79.1.0,r.-79.1.0,r.-79.1.0,r.-79.1.0,r.-79.1.0,r.-79.1.0,r.-79.1.0,r.-79.1.0,r.-79.1.0,r.-79.1.0,r.-79.1.0,r.-79.1.0,r.-79.1.0,r.-79.1.0,r.-79.1.0,r.-79.1.0,r.-79.1.0,r.-79.1.0,r.-79.1.0,r.-79.1.0,r.-79.1.0,r.-79.1.0,r.-79.1.0,r.-79.1.0,r.-79.1.0,r.-79.1.0,r.-79.1.0,r.-79.1.0,r.-79.1.0,r.-79.1.0,r.-79.1.0,r.-79.1.0,,,,,,,,,,,,,,,,,,,,,,,,,,,,,,,,,,,,,,,,,,,,,,,,,,,,,,,,,,,,,,,,,,,,,,,,,,,,,,,,,,,,,,,,,,,,,,,,,,,,,,,,,,,,,,,,,,,,,,,,,,,,,,,,
738,,,r.-79.1.0,r.-79.1.0,,r.-79.1.0,r.-79.1.0,r.-79.1.0,r.-79.1.0,r.-79.1.0,,r.-79.1.0,r.-79.1.0,r.-79.1.0,r.-79.1.0,r.-79.1.0,r.-79.1.0,r.-79.1.0,r.-79.1.0,r.-79.1.0,,,,,,,,,,,r.-79.1.0,r.-79.1.0,r.-79.1.0,r.-79.1.0,r.-79.1.0,r.-79.1.0,,,r.-79.1.0,r.-79.1.0,r.-79.1.0,r.-79.1.0,r.-79.1.0,r.-79.1.0,r.-79.1.0,r.-79.1.0,r.-79.1.0,r.-79.1.0,r.-79.1.0,r.-79.1.0,r.-79.1.0,r.-79.1.0,r.-79.1.0,r.-79.1.0,r.-79.1.0,r.-79.1.0,r.-79.1.0,r.-79.1.0,r.-79.1.0,r.-79.1.0,r.-79.1.0,r.-79.1.0,r.-79.1.0,r.-79.1.0,r.-79.1.0,r.-79.1.0,r.-79.1.0,r.-79.1.0,r.-79.1.0,r.-79.1.0,r.-79.1.0,r.-79.1.0,r.-79.1.0,r.-79.1.0,r.-79.1.0,r.-79.1.0,r.-79.1.0,r.-79.1.0,r.-79.1.0,r.-79.1.0,r.-79.1.0,r.-79.1.0,r.-79.1.0,r.-79.1.0,r.-79.1.0,r.-79.1.0,r.-79.1.0,r.-79.1.0,r.-79.1.0,r.-79.1.0,r.-79.1.0,r.-79.1.0,r.-79.1.0,r.-79.1.0,,,,,,,,,,,,,,,,,,,,,,,,,,,,,,,,,,,,,,,,,,,,,,,,,,,,,,,,,,,,,,,,,,,,,,,,,,,,,,,,,,,,,,,,,,,,,,,,,,,,,,,,,,,,,,,,,,,,,,,,,,,,,,,,
739,,,r.-124.1.0/r.-79.1.0,r.-124.1.0/r.-79.1.0,,r.-124.1.0/r.-79.1.0,r.-79.1.0/r.-124.1.0,r.-124.1.0/r.-79.1.0,r.-124.1.0/r.-79.1.0,r.-124.1.0/r.-79.1.0,,r.-79.1.0/r.-124.1.0,r.-79.1.0/r.-124.1.0,r.-79.1.0/r.-124.1.0,r.-124.1.0/r.-79.1.0,r.-124.1.0/r.-79.1.0,r.-79.1.0/r.-124.1.0,r.-124.1.0/r.-79.1.0,r.-79.1.0/r.-124.1.0,r.-124.1.0/r.-79.1.0,,,,,,,,,,,r.-124.1.0/r.-79.1.0,r.-124.1.0/r.-79.1.0,r.-79.1.0/r.-124.1.0,r.-124.1.0/r.-79.1.0,r.-79.1.0/r.-124.1.0,r.-124.1.0/r.-79.1.0,,,r.-124.1.0/r.-79.1.0,r.-79.1.0/r.-124.1.0,r.-124.1.0/r.-79.1.0,r.-79.1.0/r.-124.1.0,r.-124.1.0/r.-79.1.0,r.-79.1.0/r.-124.1.0,r.-124.1.0/r.-79.1.0,r.-124.1.0/r.-79.1.0,r.-124.1.0/r.-79.1.0,r.-79.1.0/r.-124.1.0,r.-124.1.0/r.-79.1.0,r.-124.1.0/r.-79.1.0,r.-124.1.0/r.-79.1.0,r.-79.1.0/r.-124.1.0,r.-79.1.0/r.-124.1.0,r.-124.1.0/r.-79.1.0,r.-79.1.0/r.-124.1.0,r.-124.1.0/r.-79.1.0,r.-124.1.0/r.-79.1.0,r.-79.1.0/r.-124.1.0,r.-124.1.0/r.-79.1.0,r.-79.1.0/r.-124.1.0,r.-79.1.0/r.-124.1.0,r.-79.1.0/r.-124.1.0,r.-124.1.0/r.-79.1.0,r.-79.1.0/r.-124.1.0,r.-79.1.0/r.-124.1.0,r.-79.1.0/r.-124.1.0,r.-124.1.0/r.-79.1.0,r.-79.1.0/r.-124.1.0,r.-124.1.0/r.-79.1.0,r.-79.1.0/r.-124.1.0,r.-124.1.0/r.-79.1.0,r.-79.1.0/r.-124.1.0,r.-124.1.0/r.-79.1.0,r.-124.1.0/r.-79.1.0,r.-79.1.0/r.-124.1.0,r.-79.1.0/r.-124.1.0,r.-124.1.0/r.-79.1.0,r.-79.1.0/r.-124.1.0,r.-124.1.0/r.-79.1.0,r.-124.1.0/r.-79.1.0,r.-79.1.0/r.-124.1.0,r.-79.1.0/r.-124.1.0,r.-124.1.0/r.-79.1.0,r.-79.1.0/r.-124.1.0,r.-79.1.0/r.-124.1.0,r.-79.1.0/r.-124.1.0,r.-124.1.0/r.-79.1.0,r.-124.1.0/r.-79.1.0,r.-79.1.0/r.-124.1.0,r.-79.1.0/r.-124.1.0,r.-79.1.0/r.-124.1.0,r.-124.1.0/r.-79.1.0,r.-79.1.0/r.-124.1.0,r.-79.1.0/r.-124.1.0,,,,,,,,,,,,,,,,,,,,,,,,,,,,,,,,,,,,,,,,,,,,,,,,,,,,,,,,,,,,,,,,,,,,,,,,,,,,,,,,,,,,,,,,,,,,,,,,,,,,,,,,,,,,,,,,,,,,,,,,,,,,,,,,
740,,,r.-79.1.0,r.-79.1.0,,r.-79.1.0,r.-79.1.0,r.-79.1.0,r.-79.1.0,r.-79.1.0,,r.-79.1.0,r.-79.1.0,r.-79.1.0,r.-79.1.0,r.-79.1.0,r.-79.1.0,r.-79.1.0,r.-79.1.0,r.-79.1.0,,,,,,,,,,,r.-79.1.0,r.-79.1.0,r.-79.1.0,r.-79.1.0,r.-79.1.0,r.-79.1.0,,,r.-79.1.0,r.-79.1.0,r.-79.1.0,r.-79.1.0,r.-79.1.0,r.-79.1.0,r.-79.1.0,r.-79.1.0,r.-79.1.0,r.-79.1.0,r.-79.1.0,r.-79.1.0,r.-79.1.0,r.-79.1.0,r.-79.1.0,r.-79.1.0,r.-79.1.0,r.-79.1.0,r.-79.1.0,r.-79.1.0,r.-79.1.0,r.-79.1.0,r.-79.1.0,r.-79.1.0,r.-79.1.0,r.-79.1.0,r.-79.1.0,r.-79.1.0,r.-79.1.0,r.-79.1.0,r.-79.1.0,r.-79.1.0,r.-79.1.0,r.-79.1.0,r.-79.1.0,r.-79.1.0,r.-79.1.0,r.-79.1.0,r.-79.1.0,r.-79.1.0,r.-79.1.0,r.-79.1.0,r.-79.1.0,r.-79.1.0,r.-79.1.0,r.-79.1.0,r.-79.1.0,r.-79.1.0,r.-79.1.0,r.-79.1.0,r.-79.1.0,r.-79.1.0,r.-79.1.0,r.-79.1.0,r.-79.1.0,r.-79.1.0,,,,,,,,,,,,,,,,,,,,,,,,,,,,,,,,,,,,,,,,,,,,,,,,,,,,,,,,,,,,,,,,,,,,,,,,,,,,,,,,,,,,,,,,,,,,,,,,,,,,,,,,,,,,,,,,,,,,,,,,,,,,,,,,
741,,,r.-79.1.0,r.-79.1.0,,r.-79.1.0,r.-79.1.0,r.-79.1.0,r.-79.1.0,r.-79.1.0,,r.-79.1.0,r.-79.1.0,r.-79.1.0,r.-79.1.0,r.-79.1.0,r.-79.1.0,r.-79.1.0,r.-79.1.0,r.-79.1.0,,,,,,,,,,,r.-79.1.0,r.-79.1.0,r.-79.1.0,r.-79.1.0,r.-79.1.0,r.-79.1.0,,,r.-79.1.0,r.-79.1.0,r.-79.1.0,r.-79.1.0,r.-79.1.0,r.-79.1.0,r.-79.1.0,r.-79.1.0,r.-79.1.0,r.-79.1.0,r.-79.1.0,r.-79.1.0,r.-79.1.0,r.-79.1.0,r.-79.1.0,r.-79.1.0,r.-79.1.0,r.-79.1.0,r.-79.1.0,r.-79.1.0,r.-79.1.0,r.-79.1.0,r.-79.1.0,r.-79.1.0,r.-79.1.0,r.-79.1.0,r.-79.1.0,r.-79.1.0,r.-79.1.0,r.-79.1.0,r.-79.1.0,r.-79.1.0,r.-79.1.0,r.-79.1.0,r.-79.1.0,r.-79.1.0,r.-79.1.0,r.-79.1.0,r.-79.1.0,r.-79.1.0,r.-79.1.0,r.-79.1.0,r.-79.1.0,r.-79.1.0,r.-79.1.0,r.-79.1.0,r.-79.1.0,r.-79.1.0,r.-79.1.0,r.-79.1.0,r.-79.1.0,r.-79.1.0,r.-79.1.0,r.-79.1.0,r.-79.1.0,r.-79.1.0,,,,,,,,,,,,,,,,,,,,,,,,,,,,,,,,,,,,,,,,,,,,,,,,,,,,,,,,,,,,,,,,,,,,,,,,,,,,,,,,,,,,,,,,,,,,,,,,,,,,,,,,,,,,,,,,,,,,,,,,,,,,,,,,
742,,,r.-79.1.0,r.-79.1.0,,r.-79.1.0,r.-79.1.0,r.-79.1.0,r.-79.1.0,r.-79.1.0,,r.-79.1.0,r.-79.1.0,r.-79.1.0,r.-79.1.0,r.-79.1.0,r.-79.1.0,r.-79.1.0,r.-79.1.0,r.-79.1.0,,,,,,,,,,,r.-79.1.0,r.-79.1.0,r.-79.1.0,r.-79.1.0,r.-79.1.0,r.-79.1.0,,,r.-79.1.0,r.-79.1.0,r.-79.1.0,r.-79.1.0,r.-79.1.0,r.-79.1.0,r.-79.1.0,r.-79.1.0,r.-79.1.0,r.-79.1.0,r.-79.1.0,r.-79.1.0,r.-79.1.0,r.-79.1.0,r.-79.1.0,r.-79.1.0,r.-79.1.0,r.-79.1.0,r.-79.1.0,r.-79.1.0,r.-79.1.0,r.-79.1.0,r.-79.1.0,r.-79.1.0,r.-79.1.0,r.-79.1.0,r.-79.1.0,r.-79.1.0,r.-79.1.0,r.-79.1.0,r.-79.1.0,r.-79.1.0,r.-79.1.0,r.-79.1.0,r.-79.1.0,r.-79.1.0,r.-79.1.0,r.-79.1.0,r.-79.1.0,r.-79.1.0,r.-79.1.0,r.-79.1.0,r.-79.1.0,r.-79.1.0,r.-79.1.0,r.-79.1.0,r.-79.1.0,r.-79.1.0,r.-79.1.0,r.-79.1.0,r.-79.1.0,r.-79.1.0,r.-79.1.0,r.-79.1.0,r.-79.1.0,r.-79.1.0,,,,,,,,,,,,,,,,,,,,,,,,,,,,,,,,,,,,,,,,,,,,,,,,,,,,,,,,,,,,,,,,,,,,,,,,,,,,,,,,,,,,,,,,,,,,,,,,,,,,,,,,,,,,,,,,,,,,,,,,,,,,,,,,
743,,,r.-79.1.0,r.-79.1.0,,r.-79.1.0,r.-79.1.0,r.-79.1.0,r.-79.1.0,r.-79.1.0,,r.-79.1.0,r.-79.1.0,r.-79.1.0,r.-79.1.0,r.-79.1.0,r.-79.1.0,r.-79.1.0,r.-79.1.0,r.-79.1.0,,,,,,,,,,,r.-79.1.0,r.-79.1.0,r.-79.1.0,r.-79.1.0,r.-79.1.0,r.-79.1.0,,,r.-79.1.0,r.-79.1.0,r.-79.1.0,r.-79.1.0,r.-79.1.0,r.-79.1.0,r.-79.1.0,r.-79.1.0,r.-79.1.0,r.-79.1.0,r.-79.1.0,r.-79.1.0,r.-79.1.0,r.-79.1.0,r.-79.1.0,r.-79.1.0,r.-79.1.0,r.-79.1.0,r.-79.1.0,r.-79.1.0,r.-79.1.0,r.-79.1.0,r.-79.1.0,r.-79.1.0,r.-79.1.0,r.-79.1.0,r.-79.1.0,r.-79.1.0,r.-79.1.0,r.-79.1.0,r.-79.1.0,r.-79.1.0,r.-79.1.0,r.-79.1.0,r.-79.1.0,r.-79.1.0,r.-79.1.0,r.-79.1.0,r.-79.1.0,r.-79.1.0,r.-79.1.0,r.-79.1.0,r.-79.1.0,r.-79.1.0,r.-79.1.0,r.-79.1.0,r.-79.1.0,r.-79.1.0,r.-79.1.0,r.-79.1.0,r.-79.1.0,r.-79.1.0,r.-79.1.0,r.-79.1.0,r.-79.1.0,r.-79.1.0,,,,,,,,,,,,,,,,,,,,,,,,,,,,,,,,,,,,,,,,,,,,,,,,,,,,,,,,,,,,,,,,,,,,,,,,,,,,,,,,,,,,,,,,,,,,,,,,,,,,,,,,,,,,,,,,,,,,,,,,,,,,,,,,
744,,,r.-79.1.0,r.-79.1.0,,r.-79.1.0,r.-79.1.0,r.-79.1.0,r.-79.1.0,r.-79.1.0,,r.-79.1.0,r.-79.1.0,r.-79.1.0,r.-79.1.0,r.-79.1.0,r.-79.1.0,r.-79.1.0,r.-79.1.0,r.-79.1.0,,,,,,,,,,,r.-79.1.0,r.-79.1.0,r.-79.1.0,r.-79.1.0,r.-79.1.0,r.-79.1.0,,,r.-79.1.0,r.-79.1.0,r.-79.1.0,r.-79.1.0,r.-79.1.0,r.-79.1.0,r.-79.1.0,r.-79.1.0,r.-79.1.0,r.-79.1.0,r.-79.1.0,r.-79.1.0,r.-79.1.0,r.-79.1.0,r.-79.1.0,r.-79.1.0,r.-79.1.0,r.-79.1.0,r.-79.1.0,r.-79.1.0,r.-79.1.0,r.-79.1.0,r.-79.1.0,r.-79.1.0,r.-79.1.0,r.-79.1.0,r.-79.1.0,r.-79.1.0,r.-79.1.0,r.-79.1.0,r.-79.1.0,r.-79.1.0,r.-79.1.0,r.-79.1.0,r.-79.1.0,r.-79.1.0,r.-79.1.0,r.-79.1.0,r.-79.1.0,r.-79.1.0,r.-79.1.0,r.-79.1.0,r.-79.1.0,r.-79.1.0,r.-79.1.0,r.-79.1.0,r.-79.1.0,r.-79.1.0,r.-79.1.0,r.-79.1.0,r.-79.1.0,r.-79.1.0,r.-79.1.0,r.-79.1.0,r.-79.1.0,r.-79.1.0,,,,,,,,,,,,,,,,,,,,,,,,,,,,,,,,,,,,,,,,,,,,,,,,,,,,,,,,,,,,,,,,,,,,,,,,,,,,,,,,,,,,,,,,,,,,,,,,,,,,,,,,,,,,,,,,,,,,,,,,,,,,,,,,
745,,,r.-79.1.0,r.-79.1.0,,r.-79.1.0,r.-79.1.0,r.-79.1.0,r.-79.1.0,r.-79.1.0,,r.-79.1.0,r.-79.1.0,r.-79.1.0,r.-79.1.0,r.-79.1.0,r.-79.1.0,r.-79.1.0,r.-79.1.0,r.-79.1.0,,,,,,,,,,,r.-79.1.0,r.-79.1.0,r.-79.1.0,r.-79.1.0,r.-79.1.0,r.-79.1.0,,,r.-79.1.0,r.-79.1.0,r.-79.1.0,r.-79.1.0,r.-79.1.0,r.-79.1.0,r.-79.1.0,r.-79.1.0,r.-79.1.0,r.-79.1.0,r.-79.1.0,r.-79.1.0,r.-79.1.0,r.-79.1.0,r.-79.1.0,r.-79.1.0,r.-79.1.0,r.-79.1.0,r.-79.1.0,r.-79.1.0,r.-79.1.0,r.-79.1.0,r.-79.1.0,r.-79.1.0,r.-79.1.0,r.-79.1.0,r.-79.1.0,r.-79.1.0,r.-79.1.0,r.-79.1.0,r.-79.1.0,r.-79.1.0,r.-79.1.0,r.-79.1.0,r.-79.1.0,r.-79.1.0,r.-79.1.0,r.-79.1.0,r.-79.1.0,r.-79.1.0,r.-79.1.0,r.-79.1.0,r.-79.1.0,r.-79.1.0,r.-79.1.0,r.-79.1.0,r.-79.1.0,r.-79.1.0,r.-79.1.0,r.-79.1.0,r.-79.1.0,r.-79.1.0,r.-79.1.0,r.-79.1.0,r.-79.1.0,r.-79.1.0,,,,,,,,,,,,,,,,,,,,,,,,,,,,,,,,,,,,,,,,,,,,,,,,,,,,,,,,,,,,,,,,,,,,,,,,,,,,,,,,,,,,,,,,,,,,,,,,,,,,,,,,,,,,,,,,,,,,,,,,,,,,,,,,
746,,,r.-79.1.0,r.-79.1.0,,r.-79.1.0,r.-79.1.0,r.-79.1.0,r.-79.1.0,r.-79.1.0,,r.-79.1.0,r.-79.1.0,r.-79.1.0,r.-79.1.0,r.-79.1.0,r.-79.1.0,r.-79.1.0,r.-79.1.0,r.-79.1.0,,,,,,,,,,,r.-79.1.0,r.-79.1.0,r.-79.1.0,r.-79.1.0,r.-79.1.0,r.-79.1.0,,,r.-79.1.0,r.-79.1.0,r.-79.1.0,r.-79.1.0,r.-79.1.0,r.-79.1.0,r.-79.1.0,r.-79.1.0,r.-79.1.0,r.-79.1.0,r.-79.1.0,r.-79.1.0,r.-79.1.0,r.-79.1.0,r.-79.1.0,r.-79.1.0,r.-79.1.0,r.-79.1.0,r.-79.1.0,r.-79.1.0,r.-79.1.0,r.-79.1.0,r.-79.1.0,r.-79.1.0,r.-79.1.0,r.-79.1.0,r.-79.1.0,r.-79.1.0,r.-79.1.0,r.-79.1.0,r.-79.1.0,r.-79.1.0,r.-79.1.0,r.-79.1.0,r.-79.1.0,r.-79.1.0,r.-79.1.0,r.-79.1.0,r.-79.1.0,r.-79.1.0,r.-79.1.0,r.-79.1.0,r.-79.1.0,r.-79.1.0,r.-79.1.0,r.-79.1.0,r.-79.1.0,r.-79.1.0,r.-79.1.0,r.-79.1.0,r.-79.1.0,r.-79.1.0,r.-79.1.0,r.-79.1.0,r.-79.1.0,r.-79.1.0,,,,,,,,,,,,,,,,,,,,,,,,,,,,,,,,,,,,,,,,,,,,,,,,,,,,,,,,,,,,,,,,,,,,,,,,,,,,,,,,,,,,,,,,,,,,,,,,,,,,,,,,,,,,,,,,,,,,,,,,,,,,,,,,
747,,,r.-79.1.0,r.-79.1.0,,r.-79.1.0,r.-79.1.0,r.-79.1.0,r.-79.1.0,r.-79.1.0,,r.-79.1.0,r.-79.1.0,r.-79.1.0,r.-79.1.0,r.-79.1.0,r.-79.1.0,r.-79.1.0,r.-79.1.0,r.-79.1.0,,,,,,,,,,,r.-79.1.0,r.-79.1.0,r.-79.1.0,r.-79.1.0,r.-79.1.0,r.-79.1.0,,,r.-79.1.0,r.-79.1.0,r.-79.1.0,r.-79.1.0,r.-79.1.0,r.-79.1.0,r.-79.1.0,r.-79.1.0,r.-79.1.0,r.-79.1.0,r.-79.1.0,r.-79.1.0,r.-79.1.0,r.-79.1.0,r.-79.1.0,r.-79.1.0,r.-79.1.0,r.-79.1.0,r.-79.1.0,r.-79.1.0,r.-79.1.0,r.-79.1.0,r.-79.1.0,r.-79.1.0,r.-79.1.0,r.-79.1.0,r.-79.1.0,r.-79.1.0,r.-79.1.0,r.-79.1.0,r.-79.1.0,r.-79.1.0,r.-79.1.0,r.-79.1.0,r.-79.1.0,r.-79.1.0,r.-79.1.0,r.-79.1.0,r.-79.1.0,r.-79.1.0,r.-79.1.0,r.-79.1.0,r.-79.1.0,r.-79.1.0,r.-79.1.0,r.-79.1.0,r.-79.1.0,r.-79.1.0,r.-79.1.0,r.-79.1.0,r.-79.1.0,r.-79.1.0,r.-79.1.0,r.-79.1.0,r.-79.1.0,r.-79.1.0,,,,,,,,,,,,,,,,,,,,,,,,,,,,,,,,,,,,,,,,,,,,,,,,,,,,,,,,,,,,,,,,,,,,,,,,,,,,,,,,,,,,,,,,,,,,,,,,,,,,,,,,,,,,,,,,,,,,,,,,,,,,,,,,
748,,,r.-79.1.0,r.-79.1.0,,r.-79.1.0,r.-79.1.0,r.-79.1.0,r.-79.1.0,r.-79.1.0,,r.-79.1.0,r.-79.1.0,r.-79.1.0,r.-79.1.0,r.-79.1.0,r.-79.1.0,r.-79.1.0,r.-79.1.0,r.-79.1.0,,,,,,,,,,,r.-79.1.0,r.-79.1.0,r.-79.1.0,r.-79.1.0,r.-79.1.0,r.-79.1.0,,,r.-79.1.0,r.-79.1.0,r.-79.1.0,r.-79.1.0,r.-79.1.0,r.-79.1.0,r.-79.1.0,r.-79.1.0,r.-79.1.0,r.-79.1.0,r.-79.1.0,r.-79.1.0,r.-79.1.0,r.-79.1.0,r.-79.1.0,r.-79.1.0,r.-79.1.0,r.-79.1.0,r.-79.1.0,r.-79.1.0,r.-79.1.0,r.-79.1.0,r.-79.1.0,r.-79.1.0,r.-79.1.0,r.-79.1.0,r.-79.1.0,r.-79.1.0,r.-79.1.0,r.-79.1.0,r.-79.1.0,r.-79.1.0,r.-79.1.0,r.-79.1.0,r.-79.1.0,r.-79.1.0,r.-79.1.0,r.-79.1.0,r.-79.1.0,r.-79.1.0,r.-79.1.0,r.-79.1.0,r.-79.1.0,r.-79.1.0,r.-79.1.0,r.-79.1.0,r.-79.1.0,r.-79.1.0,r.-79.1.0,r.-79.1.0,r.-79.1.0,r.-79.1.0,r.-79.1.0,r.-79.1.0,r.-79.1.0,r.-79.1.0,,,,,,,,,,,,,,,,,,,,,,,,,,,,,,,,,,,,,,,,,,,,,,,,,,,,,,,,,,,,,,,,,,,,,,,,,,,,,,,,,,,,,,,,,,,,,,,,,,,,,,,,,,,,,,,,,,,,,,,,,,,,,,,,
749,,,r.-79.1.0,r.-79.1.0,,r.-79.1.0,r.-79.1.0,r.-79.1.0,r.-79.1.0,r.-79.1.0,,r.-79.1.0,r.-79.1.0,r.-79.1.0,r.-79.1.0,r.-79.1.0,r.-79.1.0,r.-79.1.0,r.-79.1.0,r.-79.1.0,,,,,,,,,,,r.-79.1.0,r.-79.1.0,r.-79.1.0,r.-79.1.0,r.-79.1.0,r.-79.1.0,,,r.-79.1.0,r.-79.1.0,r.-79.1.0,r.-79.1.0,r.-79.1.0,r.-79.1.0,r.-79.1.0,r.-79.1.0,r.-79.1.0,r.-79.1.0,r.-79.1.0,r.-79.1.0,r.-79.1.0,r.-79.1.0,r.-79.1.0,r.-79.1.0,r.-79.1.0,r.-79.1.0,r.-79.1.0,r.-79.1.0,r.-79.1.0,r.-79.1.0,r.-79.1.0,r.-79.1.0,r.-79.1.0,r.-79.1.0,r.-79.1.0,r.-79.1.0,r.-79.1.0,r.-79.1.0,r.-79.1.0,r.-79.1.0,r.-79.1.0,r.-79.1.0,r.-79.1.0,r.-79.1.0,r.-79.1.0,r.-79.1.0,r.-79.1.0,r.-79.1.0,r.-79.1.0,r.-79.1.0,r.-79.1.0,r.-79.1.0,r.-79.1.0,r.-79.1.0,r.-79.1.0,r.-79.1.0,r.-79.1.0,r.-79.1.0,r.-79.1.0,r.-79.1.0,r.-79.1.0,r.-79.1.0,r.-79.1.0,r.-79.1.0,,,,,,,,,,,,,,,,,,,,,,,,,,,,,,,,,,,,,,,,,,,,,,,,,,,,,,,,,,,,,,,,,,,,,,,,,,,,,,,,,,,,,,,,,,,,,,,,,,,,,,,,,,,,,,,,,,,,,,,,,,,,,,,,
750,,,r.-79.1.0,r.-79.1.0,,r.-79.1.0,r.-79.1.0,r.-79.1.0,r.-79.1.0,r.-79.1.0,,r.-79.1.0,r.-79.1.0,r.-79.1.0,r.-79.1.0,r.-79.1.0,r.-79.1.0,r.-79.1.0,r.-79.1.0,r.-79.1.0,,,,,,,,,,,r.-79.1.0,r.-79.1.0,r.-79.1.0,r.-79.1.0,r.-79.1.0,r.-79.1.0,,,r.-79.1.0,r.-79.1.0,r.-79.1.0,r.-79.1.0,r.-79.1.0,r.-79.1.0,r.-79.1.0,r.-79.1.0,r.-79.1.0,r.-79.1.0,r.-79.1.0,r.-79.1.0,r.-79.1.0,r.-79.1.0,r.-79.1.0,r.-79.1.0,r.-79.1.0,r.-79.1.0,r.-79.1.0,r.-79.1.0,r.-79.1.0,r.-79.1.0,r.-79.1.0,r.-79.1.0,r.-79.1.0,r.-79.1.0,r.-79.1.0,r.-79.1.0,r.-79.1.0,r.-79.1.0,r.-79.1.0,r.-79.1.0,r.-79.1.0,r.-79.1.0,r.-79.1.0,r.-79.1.0,r.-79.1.0,r.-79.1.0,r.-79.1.0,r.-79.1.0,r.-79.1.0,r.-79.1.0,r.-79.1.0,r.-79.1.0,r.-79.1.0,r.-79.1.0,r.-79.1.0,r.-79.1.0,r.-79.1.0,r.-79.1.0,r.-79.1.0,r.-79.1.0,r.-79.1.0,r.-79.1.0,r.-79.1.0,r.-79.1.0,,,,,,,,,,,,,,,,,,,,,,,,,,,,,,,,,,,,,,,,,,,,,,,,,,,,,,,,,,,,,,,,,,,,,,,,,,,,,,,,,,,,,,,,,,,,,,,,,,,,,,,,,,,,,,,,,,,,,,,,,,,,,,,,
751,,,r.-79.1.0,r.-79.1.0,,r.-79.1.0,r.-79.1.0,r.-79.1.0,r.-79.1.0,r.-79.1.0,,r.-79.1.0,r.-79.1.0,r.-79.1.0,r.-79.1.0,r.-79.1.0,r.-79.1.0,r.-79.1.0,r.-79.1.0,r.-79.1.0,,,,,,,,,,,r.-79.1.0,r.-79.1.0,r.-79.1.0,r.-79.1.0,r.-79.1.0,r.-79.1.0,,,r.-79.1.0,r.-79.1.0,r.-79.1.0,r.-79.1.0,r.-79.1.0,r.-79.1.0,r.-79.1.0,r.-79.1.0,r.-79.1.0,r.-79.1.0,r.-79.1.0,r.-79.1.0,r.-79.1.0,r.-79.1.0,r.-79.1.0,r.-79.1.0,r.-79.1.0,r.-79.1.0,r.-79.1.0,r.-79.1.0,r.-79.1.0,r.-79.1.0,r.-79.1.0,r.-79.1.0,r.-79.1.0,r.-79.1.0,r.-79.1.0,r.-79.1.0,r.-79.1.0,r.-79.1.0,r.-79.1.0,r.-79.1.0,r.-79.1.0,r.-79.1.0,r.-79.1.0,r.-79.1.0,r.-79.1.0,r.-79.1.0,r.-79.1.0,r.-79.1.0,r.-79.1.0,r.-79.1.0,r.-79.1.0,r.-79.1.0,r.-79.1.0,r.-79.1.0,r.-79.1.0,r.-79.1.0,r.-79.1.0,r.-79.1.0,r.-79.1.0,r.-79.1.0,r.-79.1.0,r.-79.1.0,r.-79.1.0,r.-79.1.0,,,,,,,,,,,,,,,,,,,,,,,,,,,,,,,,,,,,,,,,,,,,,,,,,,,,,,,,,,,,,,,,,,,,,,,,,,,,,,,,,,,,,,,,,,,,,,,,,,,,,,,,,,,,,,,,,,,,,,,,,,,,,,,,
752,,,r.-79.1.0,r.-79.1.0,,r.-79.1.0,r.-79.1.0,r.-79.1.0,r.-79.1.0,r.-79.1.0,,r.-79.1.0,r.-79.1.0,r.-79.1.0,r.-79.1.0,r.-79.1.0,r.-79.1.0,r.-79.1.0,r.-79.1.0,r.-79.1.0,,,,,,,,,,,r.-79.1.0,r.-79.1.0,r.-79.1.0,r.-79.1.0,r.-79.1.0,r.-79.1.0,,,r.-79.1.0,r.-79.1.0,r.-79.1.0,r.-79.1.0,r.-79.1.0,r.-79.1.0,r.-79.1.0,r.-79.1.0,r.-79.1.0,r.-79.1.0,r.-79.1.0,r.-79.1.0,r.-79.1.0,r.-79.1.0,r.-79.1.0,r.-79.1.0,r.-79.1.0,r.-79.1.0,r.-79.1.0,r.-79.1.0,r.-79.1.0,r.-79.1.0,r.-79.1.0,r.-79.1.0,r.-79.1.0,r.-79.1.0,r.-79.1.0,r.-79.1.0,r.-79.1.0,r.-79.1.0,r.-79.1.0,r.-79.1.0,r.-79.1.0,r.-79.1.0,r.-79.1.0,r.-79.1.0,r.-79.1.0,r.-79.1.0,r.-79.1.0,r.-79.1.0,r.-79.1.0,r.-79.1.0,r.-79.1.0,r.-79.1.0,r.-79.1.0,r.-79.1.0,r.-79.1.0,r.-79.1.0,r.-79.1.0,r.-79.1.0,r.-79.1.0,r.-79.1.0,r.-79.1.0,r.-79.1.0,r.-79.1.0,r.-79.1.0,,,,,,,,,,,,,,,,,,,,,,,,,,,,,,,,,,,,,,,,,,,,,,,,,,,,,,,,,,,,,,,,,,,,,,,,,,,,,,,,,,,,,,,,,,,,,,,,,,,,,,,,,,,,,,,,,,,,,,,,,,,,,,,,
753,,,r.-79.1.0,r.-79.1.0,,r.-79.1.0,r.-79.1.0,r.-79.1.0,r.-79.1.0,r.-79.1.0,,r.-79.1.0,r.-79.1.0,r.-79.1.0,r.-79.1.0,r.-79.1.0,r.-79.1.0,r.-79.1.0,r.-79.1.0,r.-79.1.0,,,,,,,,,,,r.-79.1.0,r.-79.1.0,r.-79.1.0,r.-79.1.0,r.-79.1.0,r.-79.1.0,,,r.-79.1.0,r.-79.1.0,r.-79.1.0,r.-79.1.0,r.-79.1.0,r.-79.1.0,r.-79.1.0,r.-79.1.0,r.-79.1.0,r.-79.1.0,r.-79.1.0,r.-79.1.0,r.-79.1.0,r.-79.1.0,r.-79.1.0,r.-79.1.0,r.-79.1.0,r.-79.1.0,r.-79.1.0,r.-79.1.0,r.-79.1.0,r.-79.1.0,r.-79.1.0,r.-79.1.0,r.-79.1.0,r.-79.1.0,r.-79.1.0,r.-79.1.0,r.-79.1.0,r.-79.1.0,r.-79.1.0,r.-79.1.0,r.-79.1.0,r.-79.1.0,r.-79.1.0,r.-79.1.0,r.-79.1.0,r.-79.1.0,r.-79.1.0,r.-79.1.0,r.-79.1.0,r.-79.1.0,r.-79.1.0,r.-79.1.0,r.-79.1.0,r.-79.1.0,r.-79.1.0,r.-79.1.0,r.-79.1.0,r.-79.1.0,r.-79.1.0,r.-79.1.0,r.-79.1.0,r.-79.1.0,r.-79.1.0,r.-79.1.0,,,,,,,,,,,,,,,,,,,,,,,,,,,,,,,,,,,,,,,,,,,,,,,,,,,,,,,,,,,,,,,,,,,,,,,,,,,,,,,,,,,,,,,,,,,,,,,,,,,,,,,,,,,,,,,,,,,,,,,,,,,,,,,,
754,,,r.-124.1.0/r.-79.1.0,r.-79.1.0/r.-124.1.0,,r.-124.1.0/r.-79.1.0,r.-124.1.0/r.-79.1.0,r.-124.1.0/r.-79.1.0,r.-124.1.0/r.-79.1.0,r.-124.1.0/r.-79.1.0,,r.-124.1.0/r.-79.1.0,r.-124.1.0/r.-79.1.0,r.-79.1.0/r.-124.1.0,r.-124.1.0/r.-79.1.0,r.-124.1.0/r.-79.1.0,r.-79.1.0/r.-124.1.0,r.-79.1.0/r.-124.1.0,r.-124.1.0/r.-79.1.0,r.-124.1.0/r.-79.1.0,,,,,,,,,,,r.-79.1.0/r.-124.1.0,r.-79.1.0/r.-124.1.0,r.-79.1.0/r.-124.1.0,r.-124.1.0/r.-79.1.0,r.-79.1.0/r.-124.1.0,r.-124.1.0/r.-79.1.0,,,r.-79.1.0/r.-124.1.0,r.-79.1.0/r.-124.1.0,r.-124.1.0/r.-79.1.0,r.-124.1.0/r.-79.1.0,r.-79.1.0/r.-124.1.0,r.-124.1.0/r.-79.1.0,r.-124.1.0/r.-79.1.0,r.-79.1.0/r.-124.1.0,r.-124.1.0/r.-79.1.0,r.-124.1.0/r.-79.1.0,r.-79.1.0/r.-124.1.0,r.-79.1.0/r.-124.1.0,r.-124.1.0/r.-79.1.0,r.-79.1.0/r.-124.1.0,r.-79.1.0/r.-124.1.0,r.-124.1.0/r.-79.1.0,r.-124.1.0/r.-79.1.0,r.-79.1.0/r.-124.1.0,r.-79.1.0/r.-124.1.0,r.-79.1.0/r.-124.1.0,r.-79.1.0/r.-124.1.0,r.-124.1.0/r.-79.1.0,r.-124.1.0/r.-79.1.0,r.-124.1.0/r.-79.1.0,r.-124.1.0/r.-79.1.0,r.-124.1.0/r.-79.1.0,r.-124.1.0/r.-79.1.0,r.-79.1.0/r.-124.1.0,r.-124.1.0/r.-79.1.0,r.-124.1.0/r.-79.1.0,r.-124.1.0/r.-79.1.0,r.-79.1.0/r.-124.1.0,r.-124.1.0/r.-79.1.0,r.-79.1.0/r.-124.1.0,r.-124.1.0/r.-79.1.0,r.-124.1.0/r.-79.1.0,r.-124.1.0/r.-79.1.0,r.-79.1.0/r.-124.1.0,r.-124.1.0/r.-79.1.0,r.-124.1.0/r.-79.1.0,r.-79.1.0/r.-124.1.0,r.-79.1.0/r.-124.1.0,r.-79.1.0/r.-124.1.0,r.-79.1.0/r.-124.1.0,r.-79.1.0/r.-124.1.0,r.-79.1.0/r.-124.1.0,r.-124.1.0/r.-79.1.0,r.-79.1.0/r.-124.1.0,r.-79.1.0/r.-124.1.0,r.-79.1.0/r.-124.1.0,r.-124.1.0/r.-79.1.0,r.-124.1.0/r.-79.1.0,r.-79.1.0/r.-124.1.0,r.-79.1.0/r.-124.1.0,r.-124.1.0/r.-79.1.0,r.-79.1.0/r.-124.1.0,,,,,,,,,,,,,,,,,,,,,,,,,,,,,,,,,,,,,,,,,,,,,,,,,,,,,,,,,,,,,,,,,,,,,,,,,,,,,,,,,,,,,,,,,,,,,,,,,,,,,,,,,,,,,,,,,,,,,,,,,,,,,,,,
755,,,r.-79.1.0,r.-79.1.0,,r.-79.1.0,r.-79.1.0,r.-79.1.0,r.-79.1.0,r.-79.1.0,,r.-79.1.0,r.-79.1.0,r.-79.1.0,r.-79.1.0,r.-79.1.0,r.-79.1.0,r.-79.1.0,r.-79.1.0,r.-79.1.0,,,,,,,,,,,r.-79.1.0,r.-79.1.0,r.-79.1.0,r.-79.1.0,r.-79.1.0,r.-79.1.0,,,r.-79.1.0,r.-79.1.0,r.-79.1.0,r.-79.1.0,r.-79.1.0,r.-79.1.0,r.-79.1.0,r.-79.1.0,r.-79.1.0,r.-79.1.0,r.-79.1.0,r.-79.1.0,r.-79.1.0,r.-79.1.0,r.-79.1.0,r.-79.1.0,r.-79.1.0,r.-79.1.0,r.-79.1.0,r.-79.1.0,r.-79.1.0,r.-79.1.0,r.-79.1.0,r.-79.1.0,r.-79.1.0,r.-79.1.0,r.-79.1.0,r.-79.1.0,r.-79.1.0,r.-79.1.0,r.-79.1.0,r.-79.1.0,r.-79.1.0,r.-79.1.0,r.-79.1.0,r.-79.1.0,r.-79.1.0,r.-79.1.0,r.-79.1.0,r.-79.1.0,r.-79.1.0,r.-79.1.0,r.-79.1.0,r.-79.1.0,r.-79.1.0,r.-79.1.0,r.-79.1.0,r.-79.1.0,r.-79.1.0,r.-79.1.0,r.-79.1.0,r.-79.1.0,r.-79.1.0,r.-79.1.0,r.-79.1.0,r.-79.1.0,,,,,,,,,,,,,,,,,,,,,,,,,,,,,,,,,,,,,,,,,,,,,,,,,,,,,,,,,,,,,,,,,,,,,,,,,,,,,,,,,,,,,,,,,,,,,,,,,,,,,,,,,,,,,,,,,,,,,,,,,,,,,,,,
756,,,r.-79.1.0,r.-79.1.0,,r.-79.1.0,r.-79.1.0,r.-79.1.0,r.-79.1.0,r.-79.1.0,,r.-79.1.0,r.-79.1.0,r.-79.1.0,r.-79.1.0,r.-79.1.0,r.-79.1.0,r.-79.1.0,r.-79.1.0,r.-79.1.0,,,,,,,,,,,r.-79.1.0,r.-79.1.0,r.-79.1.0,r.-79.1.0,r.-79.1.0,r.-79.1.0,,,r.-79.1.0,r.-79.1.0,r.-79.1.0,r.-79.1.0,r.-79.1.0,r.-79.1.0,r.-79.1.0,r.-79.1.0,r.-79.1.0,r.-79.1.0,r.-79.1.0,r.-79.1.0,r.-79.1.0,r.-79.1.0,r.-79.1.0,r.-79.1.0,r.-79.1.0,r.-79.1.0,r.-79.1.0,r.-79.1.0,r.-79.1.0,r.-79.1.0,r.-79.1.0,r.-79.1.0,r.-79.1.0,r.-79.1.0,r.-79.1.0,r.-79.1.0,r.-79.1.0,r.-79.1.0,r.-79.1.0,r.-79.1.0,r.-79.1.0,r.-79.1.0,r.-79.1.0,r.-79.1.0,r.-79.1.0,r.-79.1.0,r.-79.1.0,r.-79.1.0,r.-79.1.0,r.-79.1.0,r.-79.1.0,r.-79.1.0,r.-79.1.0,r.-79.1.0,r.-79.1.0,r.-79.1.0,r.-79.1.0,r.-79.1.0,r.-79.1.0,r.-79.1.0,r.-79.1.0,r.-79.1.0,r.-79.1.0,r.-79.1.0,,,,,,,,,,,,,,,,,,,,,,,,,,,,,,,,,,,,,,,,,,,,,,,,,,,,,,,,,,,,,,,,,,,,,,,,,,,,,,,,,,,,,,,,,,,,,,,,,,,,,,,,,,,,,,,,,,,,,,,,,,,,,,,,
757,,,r.-79.1.0,r.-79.1.0,,r.-79.1.0,r.-79.1.0,r.-79.1.0,r.-79.1.0,r.-79.1.0,,r.-79.1.0,r.-79.1.0,r.-79.1.0,r.-79.1.0,r.-79.1.0,r.-79.1.0,r.-79.1.0,r.-79.1.0,r.-79.1.0,,,,,,,,,,,r.-79.1.0,r.-79.1.0,r.-79.1.0,r.-79.1.0,r.-79.1.0,r.-79.1.0,,,r.-79.1.0,r.-79.1.0,r.-79.1.0,r.-79.1.0,r.-79.1.0,r.-79.1.0,r.-79.1.0,r.-79.1.0,r.-79.1.0,r.-79.1.0,r.-79.1.0,r.-79.1.0,r.-79.1.0,r.-79.1.0,r.-79.1.0,r.-79.1.0,r.-79.1.0,r.-79.1.0,r.-79.1.0,r.-79.1.0,r.-79.1.0,r.-79.1.0,r.-79.1.0,r.-79.1.0,r.-79.1.0,r.-79.1.0,r.-79.1.0,r.-79.1.0,r.-79.1.0,r.-79.1.0,r.-79.1.0,r.-79.1.0,r.-79.1.0,r.-79.1.0,r.-79.1.0,r.-79.1.0,r.-79.1.0,r.-79.1.0,r.-79.1.0,r.-79.1.0,r.-79.1.0,r.-79.1.0,r.-79.1.0,r.-79.1.0,r.-79.1.0,r.-79.1.0,r.-79.1.0,r.-79.1.0,r.-79.1.0,r.-79.1.0,r.-79.1.0,r.-79.1.0,r.-79.1.0,r.-79.1.0,r.-79.1.0,r.-79.1.0,,,,,,,,,,,,,,,,,,,,,,,,,,,,,,,,,,,,,,,,,,,,,,,,,,,,,,,,,,,,,,,,,,,,,,,,,,,,,,,,,,,,,,,,,,,,,,,,,,,,,,,,,,,,,,,,,,,,,,,,,,,,,,,,
758,,,r.-79.1.0,r.-79.1.0,,r.-79.1.0,r.-79.1.0,r.-79.1.0,r.-79.1.0,r.-79.1.0,,r.-79.1.0,r.-79.1.0,r.-79.1.0,r.-79.1.0,r.-79.1.0,r.-79.1.0,r.-79.1.0,r.-79.1.0,r.-79.1.0,,,,,,,,,,,r.-79.1.0,r.-79.1.0,r.-79.1.0,r.-79.1.0,r.-79.1.0,r.-79.1.0,,,r.-79.1.0,r.-79.1.0,r.-79.1.0,r.-79.1.0,r.-79.1.0,r.-79.1.0,r.-79.1.0,r.-79.1.0,r.-79.1.0,r.-79.1.0,r.-79.1.0,r.-79.1.0,r.-79.1.0,r.-79.1.0,r.-79.1.0,r.-79.1.0,r.-79.1.0,r.-79.1.0,r.-79.1.0,r.-79.1.0,r.-79.1.0,r.-79.1.0,r.-79.1.0,r.-79.1.0,r.-79.1.0,r.-79.1.0,r.-79.1.0,r.-79.1.0,r.-79.1.0,r.-79.1.0,r.-79.1.0,r.-79.1.0,r.-79.1.0,r.-79.1.0,r.-79.1.0,r.-79.1.0,r.-79.1.0,r.-79.1.0,r.-79.1.0,r.-79.1.0,r.-79.1.0,r.-79.1.0,r.-79.1.0,r.-79.1.0,r.-79.1.0,r.-79.1.0,r.-79.1.0,r.-79.1.0,r.-79.1.0,r.-79.1.0,r.-79.1.0,r.-79.1.0,r.-79.1.0,r.-79.1.0,r.-79.1.0,r.-79.1.0,,,,,,,,,,,,,,,,,,,,,,,,,,,,,,,,,,,,,,,,,,,,,,,,,,,,,,,,,,,,,,,,,,,,,,,,,,,,,,,,,,,,,,,,,,,,,,,,,,,,,,,,,,,,,,,,,,,,,,,,,,,,,,,,
759,,,r.-79.1.0,r.-79.1.0,,r.-79.1.0,r.-79.1.0,r.-79.1.0,r.-79.1.0,r.-79.1.0,,r.-79.1.0,r.-79.1.0,r.-79.1.0,r.-79.1.0,r.-79.1.0,r.-79.1.0,r.-79.1.0,r.-79.1.0,r.-79.1.0,,,,,,,,,,,r.-79.1.0,r.-79.1.0,r.-79.1.0,r.-79.1.0,r.-79.1.0,r.-79.1.0,,,r.-79.1.0,r.-79.1.0,r.-79.1.0,r.-79.1.0,r.-79.1.0,r.-79.1.0,r.-79.1.0,r.-79.1.0,r.-79.1.0,r.-79.1.0,r.-79.1.0,r.-79.1.0,r.-79.1.0,r.-79.1.0,r.-79.1.0,r.-79.1.0,r.-79.1.0,r.-79.1.0,r.-79.1.0,r.-79.1.0,r.-79.1.0,r.-79.1.0,r.-79.1.0,r.-79.1.0,r.-79.1.0,r.-79.1.0,r.-79.1.0,r.-79.1.0,r.-79.1.0,r.-79.1.0,r.-79.1.0,r.-79.1.0,r.-79.1.0,r.-79.1.0,r.-79.1.0,r.-79.1.0,r.-79.1.0,r.-79.1.0,r.-79.1.0,r.-79.1.0,r.-79.1.0,r.-79.1.0,r.-79.1.0,r.-79.1.0,r.-79.1.0,r.-79.1.0,r.-79.1.0,r.-79.1.0,r.-79.1.0,r.-79.1.0,r.-79.1.0,r.-79.1.0,r.-79.1.0,r.-79.1.0,r.-79.1.0,r.-79.1.0,,,,,,,,,,,,,,,,,,,,,,,,,,,,,,,,,,,,,,,,,,,,,,,,,,,,,,,,,,,,,,,,,,,,,,,,,,,,,,,,,,,,,,,,,,,,,,,,,,,,,,,,,,,,,,,,,,,,,,,,,,,,,,,,
760,,,r.-79.1.0,r.-79.1.0,,r.-79.1.0,r.-79.1.0,r.-79.1.0,r.-79.1.0,r.-79.1.0,,r.-79.1.0,r.-79.1.0,r.-79.1.0,r.-79.1.0,r.-79.1.0,r.-79.1.0,r.-79.1.0,r.-79.1.0,r.-79.1.0,,,,,,,,,,,r.-79.1.0,r.-79.1.0,r.-79.1.0,r.-79.1.0,r.-79.1.0,r.-79.1.0,,,r.-79.1.0,r.-79.1.0,r.-79.1.0,r.-79.1.0,r.-79.1.0,r.-79.1.0,r.-79.1.0,r.-79.1.0,r.-79.1.0,r.-79.1.0,r.-79.1.0,r.-79.1.0,r.-79.1.0,r.-79.1.0,r.-79.1.0,r.-79.1.0,r.-79.1.0,r.-79.1.0,r.-79.1.0,r.-79.1.0,r.-79.1.0,r.-79.1.0,r.-79.1.0,r.-79.1.0,r.-79.1.0,r.-79.1.0,r.-79.1.0,r.-79.1.0,r.-79.1.0,r.-79.1.0,r.-79.1.0,r.-79.1.0,r.-79.1.0,r.-79.1.0,r.-79.1.0,r.-79.1.0,r.-79.1.0,r.-79.1.0,r.-79.1.0,r.-79.1.0,r.-79.1.0,r.-79.1.0,r.-79.1.0,r.-79.1.0,r.-79.1.0,r.-79.1.0,r.-79.1.0,r.-79.1.0,r.-79.1.0,r.-79.1.0,r.-79.1.0,r.-79.1.0,r.-79.1.0,r.-79.1.0,r.-79.1.0,r.-79.1.0,,,,,,,,,,,,,,,,,,,,,,,,,,,,,,,,,,,,,,,,,,,,,,,,,,,,,,,,,,,,,,,,,,,,,,,,,,,,,,,,,,,,,,,,,,,,,,,,,,,,,,,,,,,,,,,,,,,,,,,,,,,,,,,,
761,,,r.-79.1.0,r.-79.1.0,,r.-79.1.0,r.-79.1.0,r.-79.1.0,r.-79.1.0,r.-79.1.0,,r.-79.1.0,r.-79.1.0,r.-79.1.0,r.-79.1.0,r.-79.1.0,r.-79.1.0,r.-79.1.0,r.-79.1.0,r.-79.1.0,,,,,,,,,,,r.-79.1.0,r.-79.1.0,r.-79.1.0,r.-79.1.0,r.-79.1.0,r.-79.1.0,,,r.-79.1.0,r.-79.1.0,r.-79.1.0,r.-79.1.0,r.-79.1.0,r.-79.1.0,r.-79.1.0,r.-79.1.0,r.-79.1.0,r.-79.1.0,r.-79.1.0,r.-79.1.0,r.-79.1.0,r.-79.1.0,r.-79.1.0,r.-79.1.0,r.-79.1.0,r.-79.1.0,r.-79.1.0,r.-79.1.0,r.-79.1.0,r.-79.1.0,r.-79.1.0,r.-79.1.0,r.-79.1.0,r.-79.1.0,r.-79.1.0,r.-79.1.0,r.-79.1.0,r.-79.1.0,r.-79.1.0,r.-79.1.0,r.-79.1.0,r.-79.1.0,r.-79.1.0,r.-79.1.0,r.-79.1.0,r.-79.1.0,r.-79.1.0,r.-79.1.0,r.-79.1.0,r.-79.1.0,r.-79.1.0,r.-79.1.0,r.-79.1.0,r.-79.1.0,r.-79.1.0,r.-79.1.0,r.-79.1.0,r.-79.1.0,r.-79.1.0,r.-79.1.0,r.-79.1.0,r.-79.1.0,r.-79.1.0,r.-79.1.0,,,,,,,,,,,,,,,,,,,,,,,,,,,,,,,,,,,,,,,,,,,,,,,,,,,,,,,,,,,,,,,,,,,,,,,,,,,,,,,,,,,,,,,,,,,,,,,,,,,,,,,,,,,,,,,,,,,,,,,,,,,,,,,,
762,,,r.-124.1.0/r.-79.1.0,r.-79.1.0/r.-124.1.0,,r.-124.1.0/r.-79.1.0,r.-124.1.0/r.-79.1.0,r.-124.1.0/r.-79.1.0,r.-79.1.0/r.-124.1.0,r.-79.1.0/r.-124.1.0,,r.-79.1.0/r.-124.1.0,r.-79.1.0/r.-124.1.0,r.-79.1.0/r.-124.1.0,r.-79.1.0/r.-124.1.0,r.-124.1.0/r.-79.1.0,r.-79.1.0/r.-124.1.0,r.-124.1.0/r.-79.1.0,r.-79.1.0/r.-124.1.0,r.-79.1.0/r.-124.1.0,,,,,,,,,,,r.-79.1.0/r.-124.1.0,r.-124.1.0/r.-79.1.0,r.-79.1.0/r.-124.1.0,r.-124.1.0/r.-79.1.0,r.-79.1.0/r.-124.1.0,r.-124.1.0/r.-79.1.0,,,r.-124.1.0/r.-79.1.0,r.-124.1.0/r.-79.1.0,r.-79.1.0/r.-124.1.0,r.-124.1.0/r.-79.1.0,r.-79.1.0/r.-124.1.0,r.-124.1.0/r.-79.1.0,r.-124.1.0/r.-79.1.0,r.-124.1.0/r.-79.1.0,r.-79.1.0/r.-124.1.0,r.-79.1.0/r.-124.1.0,r.-124.1.0/r.-79.1.0,r.-79.1.0/r.-124.1.0,r.-79.1.0/r.-124.1.0,r.-124.1.0/r.-79.1.0,r.-79.1.0/r.-124.1.0,r.-79.1.0/r.-124.1.0,r.-79.1.0/r.-124.1.0,r.-79.1.0/r.-124.1.0,r.-79.1.0/r.-124.1.0,r.-79.1.0/r.-124.1.0,r.-79.1.0/r.-124.1.0,r.-79.1.0/r.-124.1.0,r.-124.1.0/r.-79.1.0,r.-124.1.0/r.-79.1.0,r.-124.1.0/r.-79.1.0,r.-124.1.0/r.-79.1.0,r.-79.1.0/r.-124.1.0,r.-124.1.0/r.-79.1.0,r.-79.1.0/r.-124.1.0,r.-124.1.0/r.-79.1.0,r.-124.1.0/r.-79.1.0,r.-124.1.0/r.-79.1.0,r.-79.1.0/r.-124.1.0,r.-124.1.0/r.-79.1.0,r.-79.1.0/r.-124.1.0,r.-79.1.0/r.-124.1.0,r.-79.1.0/r.-124.1.0,r.-124.1.0/r.-79.1.0,r.-124.1.0/r.-79.1.0,r.-124.1.0/r.-79.1.0,r.-124.1.0/r.-79.1.0,r.-79.1.0/r.-124.1.0,r.-124.1.0/r.-79.1.0,r.-79.1.0/r.-124.1.0,r.-124.1.0/r.-79.1.0,r.-79.1.0/r.-124.1.0,r.-124.1.0/r.-79.1.0,r.-124.1.0/r.-79.1.0,r.-79.1.0/r.-124.1.0,r.-124.1.0/r.-79.1.0,r.-79.1.0/r.-124.1.0,r.-79.1.0/r.-124.1.0,r.-79.1.0/r.-124.1.0,r.-124.1.0/r.-79.1.0,r.-124.1.0/r.-79.1.0,r.-124.1.0/r.-79.1.0,,,,,,,,,,,,,,,,,,,,,,,,,,,,,,,,,,,,,,,,,,,,,,,,,,,,,,,,,,,,,,,,,,,,,,,,,,,,,,,,,,,,,,,,,,,,,,,,,,,,,,,,,,,,,,,,,,,,,,,,,,,,,,,,
763,,,r.-79.1.0,r.-79.1.0,,r.-79.1.0,r.-79.1.0,r.-79.1.0,r.-79.1.0,r.-79.1.0,,r.-79.1.0,r.-79.1.0,r.-79.1.0,r.-79.1.0,r.-79.1.0,r.-79.1.0,r.-79.1.0,r.-79.1.0,r.-79.1.0,,,,,,,,,,,r.-79.1.0,r.-79.1.0,r.-79.1.0,r.-79.1.0,r.-79.1.0,r.-79.1.0,,,r.-79.1.0,r.-79.1.0,r.-79.1.0,r.-79.1.0,r.-79.1.0,r.-79.1.0,r.-79.1.0,r.-79.1.0,r.-79.1.0,r.-79.1.0,r.-79.1.0,r.-79.1.0,r.-79.1.0,r.-79.1.0,r.-79.1.0,r.-79.1.0,r.-79.1.0,r.-79.1.0,r.-79.1.0,r.-79.1.0,r.-79.1.0,r.-79.1.0,r.-79.1.0,r.-79.1.0,r.-79.1.0,r.-79.1.0,r.-79.1.0,r.-79.1.0,r.-79.1.0,r.-79.1.0,r.-79.1.0,r.-79.1.0,r.-79.1.0,r.-79.1.0,r.-79.1.0,r.-79.1.0,r.-79.1.0,r.-79.1.0,r.-79.1.0,r.-79.1.0,r.-79.1.0,r.-79.1.0,r.-79.1.0,r.-79.1.0,r.-79.1.0,r.-79.1.0,r.-79.1.0,r.-79.1.0,r.-79.1.0,r.-79.1.0,r.-79.1.0,r.-79.1.0,r.-79.1.0,r.-79.1.0,r.-79.1.0,r.-79.1.0,,,,,,,,,,,,,,,,,,,,,,,,,,,,,,,,,,,,,,,,,,,,,,,,,,,,,,,,,,,,,,,,,,,,,,,,,,,,,,,,,,,,,,,,,,,,,,,,,,,,,,,,,,,,,,,,,,,,,,,,,,,,,,,,
764,,,r.-79.1.0,r.-79.1.0,,r.-79.1.0,r.-79.1.0,r.-79.1.0,r.-79.1.0,r.-79.1.0,,r.-79.1.0,r.-79.1.0,r.-79.1.0,r.-79.1.0,r.-79.1.0,r.-79.1.0,r.-79.1.0,r.-79.1.0,r.-79.1.0,,,,,,,,,,,r.-79.1.0,r.-79.1.0,r.-79.1.0,r.-79.1.0,r.-79.1.0,r.-79.1.0,,,r.-79.1.0,r.-79.1.0,r.-79.1.0,r.-79.1.0,r.-79.1.0,r.-79.1.0,r.-79.1.0,r.-79.1.0,r.-79.1.0,r.-79.1.0,r.-79.1.0,r.-79.1.0,r.-79.1.0,r.-79.1.0,r.-79.1.0,r.-79.1.0,r.-79.1.0,r.-79.1.0,r.-79.1.0,r.-79.1.0,r.-79.1.0,r.-79.1.0,r.-79.1.0,r.-79.1.0,r.-79.1.0,r.-79.1.0,r.-79.1.0,r.-79.1.0,r.-79.1.0,r.-79.1.0,r.-79.1.0,r.-79.1.0,r.-79.1.0,r.-79.1.0,r.-79.1.0,r.-79.1.0,r.-79.1.0,r.-79.1.0,r.-79.1.0,r.-79.1.0,r.-79.1.0,r.-79.1.0,r.-79.1.0,r.-79.1.0,r.-79.1.0,r.-79.1.0,r.-79.1.0,r.-79.1.0,r.-79.1.0,r.-79.1.0,r.-79.1.0,r.-79.1.0,r.-79.1.0,r.-79.1.0,r.-79.1.0,r.-79.1.0,,,,,,,,,,,,,,,,,,,,,,,,,,,,,,,,,,,,,,,,,,,,,,,,,,,,,,,,,,,,,,,,,,,,,,,,,,,,,,,,,,,,,,,,,,,,,,,,,,,,,,,,,,,,,,,,,,,,,,,,,,,,,,,,
765,,,r.-79.1.0,r.-79.1.0,,r.-79.1.0,r.-79.1.0,r.-79.1.0,r.-79.1.0,r.-79.1.0,,r.-79.1.0,r.-79.1.0,r.-79.1.0,r.-79.1.0,r.-79.1.0,r.-79.1.0,r.-79.1.0,r.-79.1.0,r.-79.1.0,,,,,,,,,,,r.-79.1.0,r.-79.1.0,r.-79.1.0,r.-79.1.0,r.-79.1.0,r.-79.1.0,,,r.-79.1.0,r.-79.1.0,r.-79.1.0,r.-79.1.0,r.-79.1.0,r.-79.1.0,r.-79.1.0,r.-79.1.0,r.-79.1.0,r.-79.1.0,r.-79.1.0,r.-79.1.0,r.-79.1.0,r.-79.1.0,r.-79.1.0,r.-79.1.0,r.-79.1.0,r.-79.1.0,r.-79.1.0,r.-79.1.0,r.-79.1.0,r.-79.1.0,r.-79.1.0,r.-79.1.0,r.-79.1.0,r.-79.1.0,r.-79.1.0,r.-79.1.0,r.-79.1.0,r.-79.1.0,r.-79.1.0,r.-79.1.0,r.-79.1.0,r.-79.1.0,r.-79.1.0,r.-79.1.0,r.-79.1.0,r.-79.1.0,r.-79.1.0,r.-79.1.0,r.-79.1.0,r.-79.1.0,r.-79.1.0,r.-79.1.0,r.-79.1.0,r.-79.1.0,r.-79.1.0,r.-79.1.0,r.-79.1.0,r.-79.1.0,r.-79.1.0,r.-79.1.0,r.-79.1.0,r.-79.1.0,r.-79.1.0,r.-79.1.0,,,,,,,,,,,,,,,,,,,,,,,,,,,,,,,,,,,,,,,,,,,,,,,,,,,,,,,,,,,,,,,,,,,,,,,,,,,,,,,,,,,,,,,,,,,,,,,,,,,,,,,,,,,,,,,,,,,,,,,,,,,,,,,,
766,p.489/r.-111.0.0/r.-92.0.0/r.-79.0.0,p.490/r.-111.0.0/r.-92.0.0/r.-79.0.0,p.491/r.-79.1.0/r.-92.0.0/r.-111.0.0/r.-79.0.0,p.492/r.-79.1.0/r.-92.0.0/r.-111.0.0/r.-79.0.0,p.493/r.-79.0.0/r.-111.0.0/r.-92.0.0,p.494/r.-79.1.0/r.-111.0.0/r.-92.0.0/r.-79.0.0,p.495/r.-92.0.0/r.-79.0.0/r.-79.1.0/r.-111.0.0,p.496/r.-79.1.0/r.-111.0.0/r.-92.0.0/r.-79.0.0,p.497/r.-92.0.0/r.-111.0.0/r.-79.0.0/r.-79.1.0,p.498/r.-79.0.0/r.-111.0.0/r.-79.1.0/r.-92.0.0,p.499/r.-111.0.0/r.-79.0.0/r.-92.0.0,p.500/r.-111.0.0/r.-79.1.0/r.-92.0.0/r.-79.0.0,p.501/r.-111.0.0/r.-92.0.0/r.-79.1.0/r.-79.0.0,p.502/r.-111.0.0/r.-79.1.0/r.-79.0.0/r.-92.0.0,p.503/r.-79.0.0/r.-92.0.0/r.-79.1.0/r.-111.0.0,p.504/r.-92.0.0/r.-79.0.0/r.-111.0.0/r.-79.1.0,p.505/r.-92.0.0/r.-79.1.0/r.-111.0.0/r.-79.0.0,p.506/r.-111.0.0/r.-79.0.0/r.-79.1.0/r.-92.0.0,p.507/r.-111.0.0/r.-79.1.0/r.-79.0.0/r.-92.0.0,p.508/r.-111.0.0/r.-79.0.0/r.-92.0.0/r.-79.1.0,p.509/r.-79.0.0/r.-92.0.0/r.-111.0.0,p.510/r.-79.0.0/r.-92.0.0/r.-111.0.0,p.511/r.-79.0.0/r.-92.0.0/r.-111.0.0,p.512/r.-111.0.0/r.-92.0.0/r.-79.0.0,p.513/r.-79.0.0/r.-92.0.0/r.-111.0.0,p.514/r.-111.0.0/r.-79.0.0/r.-92.0.0,p.515/r.-79.0.0/r.-111.0.0/r.-92.0.0,p.516/r.-79.0.0/r.-111.0.0/r.-92.0.0,p.517/r.-111.0.0/r.-92.0.0/r.-79.0.0,p.518/r.-79.0.0/r.-92.0.0/r.-111.0.0,p.519/r.-92.0.0/r.-111.0.0/r.-79.1.0/r.-79.0.0,p.520/r.-79.0.0/r.-79.1.0/r.-92.0.0/r.-111.0.0,p.521/r.-92.0.0/r.-79.0.0/r.-79.1.0/r.-111.0.0,p.522/r.-92.0.0/r.-79.0.0/r.-79.1.0/r.-111.0.0,p.523/r.-111.0.0/r.-79.0.0/r.-92.0.0/r.-79.1.0,p.524/r.-79.0.0/r.-92.0.0/r.-111.0.0/r.-79.1.0,p.525/r.-79.0.0/r.-111.0.0/r.-92.0.0,p.526/r.-79.0.0/r.-111.0.0/r.-92.0.0,p.527/r.-111.0.0/r.-92.0.0/r.-79.0.0/r.-79.1.0,p.528/r.-111.0.0/r.-92.0.0/r.-79.0.0/r.-79.1.0,p.529/r.-79.0.0/r.-92.0.0/r.-111.0.0/r.-79.1.0,p.530/r.-79.0.0/r.-92.0.0/r.-111.0.0/r.-79.1.0,p.531/r.-111.0.0/r.-79.1.0/r.-92.0.0/r.-79.0.0,p.532/r.-92.0.0/r.-79.1.0/r.-79.0.0/r.-111.0.0,p.533/r.-92.0.0/r.-79.1.0/r.-79.0.0/r.-111.0.0,p.534/r.-92.0.0/r.-111.0.0/r.-79.0.0/r.-79.1.0,p.535/r.-92.0.0/r.-79.0.0/r.-111.0.0/r.-79.1.0,p.536/r.-92.0.0/r.-79.0.0/r.-111.0.0/r.-79.1.0,p.537/r.-92.0.0/r.-111.0.0/r.-79.0.0/r.-79.1.0,p.538/r.-79.0.0/r.-79.1.0/r.-111.0.0/r.-92.0.0,p.539/r.-79.1.0/r.-79.0.0/r.-92.0.0/r.-111.0.0,p.540/r.-111.0.0/r.-79.1.0/r.-92.0.0/r.-79.0.0,p.541/r.-92.0.0/r.-111.0.0/r.-79.0.0/r.-79.1.0,p.542/r.-79.0.0/r.-79.1.0/r.-92.0.0/r.-111.0.0,p.543/r.-79.1.0/r.-92.0.0/r.-79.0.0/r.-111.0.0,p.544/r.-111.0.0/r.-92.0.0/r.-79.1.0/r.-79.0.0,p.545/r.-79.0.0/r.-92.0.0/r.-111.0.0/r.-79.1.0,p.546/r.-92.0.0/r.-111.0.0/r.-79.1.0/r.-79.0.0,p.547/r.-92.0.0/r.-79.0.0/r.-111.0.0/r.-79.1.0,p.548/r.-79.0.0/r.-92.0.0/r.-79.1.0/r.-111.0.0,p.549/r.-79.0.0/r.-111.0.0/r.-92.0.0/r.-79.1.0,p.550/r.-92.0.0/r.-79.1.0/r.-79.0.0/r.-111.0.0,p.551/r.-79.0.0/r.-92.0.0/r.-79.1.0/r.-111.0.0,p.552/r.-111.0.0/r.-79.1.0/r.-92.0.0/r.-79.0.0,p.553/r.-92.0.0/r.-79.1.0/r.-79.0.0/r.-111.0.0,p.554/r.-111.0.0/r.-92.0.0/r.-79.1.0/r.-79.0.0,p.555/r.-79.0.0/r.-79.1.0/r.-111.0.0/r.-92.0.0,p.556/r.-92.0.0/r.-111.0.0/r.-79.1.0/r.-79.0.0,p.557/r.-92.0.0/r.-79.1.0/r.-111.0.0/r.-79.0.0,p.558/r.-111.0.0/r.-79.1.0/r.-79.0.0/r.-92.0.0,p.559/r.-92.0.0/r.-111.0.0/r.-79.0.0/r.-79.1.0,p.560/r.-111.0.0/r.-92.0.0/r.-79.0.0/r.-79.1.0,p.561/r.-79.1.0/r.-111.0.0/r.-92.0.0/r.-79.0.0,p.562/r.-79.1.0/r.-79.0.0/r.-92.0.0/r.-111.0.0,p.563/r.-111.0.0/r.-79.1.0/r.-79.0.0/r.-92.0.0,p.564/r.-79.1.0/r.-92.0.0/r.-111.0.0/r.-79.0.0,p.565/r.-111.0.0/r.-79.1.0/r.-79.0.0/r.-92.0.0,p.566/r.-92.0.0/r.-111.0.0/r.-79.1.0/r.-79.0.0,p.567/r.-79.0.0/r.-111.0.0/r.-92.0.0/r.-79.1.0,p.568/r.-92.0.0/r.-111.0.0/r.-79.1.0/r.-79.0.0,p.569/r.-111.0.0/r.-79.1.0/r.-92.0.0/r.-79.0.0,p.570/r.-111.0.0/r.-79.0.0/r.-79.1.0/r.-92.0.0,p.571/r.-92.0.0/r.-79.1.0/r.-79.0.0/r.-111.0.0,p.572/r.-79.0.0/r.-79.1.0/r.-92.0.0/r.-111.0.0,p.573/r.-92.0.0/r.-111.0.0/r.-79.1.0/r.-79.0.0,p.574/r.-79.1.0/r.-111.0.0/r.-79.0.0/r.-92.0.0,p.416/r.-92.0.0/r.-79.1.0/r.-108.0.0/r.-111.0.0/r.-79.0.0,p.575/r.-92.0.0/r.-79.0.0/r.-111.0.0/r.-79.1.0,p.576/r.-79.1.0/r.-92.0.0/r.-111.0.0/r.-79.0.0,p.577/r.-79.1.0/r.-79.0.0/r.-92.0.0/r.-111.0.0,p.578/r.-79.1.0/r.-92.0.0/r.-111.0.0/r.-79.0.0,p.579/r.-111.0.0/r.-79.0.0/r.-92.0.0/r.-79.1.0,p.580/r.-79.0.0/r.-92.0.0/r.-111.0.0/r.-79.1.0,p.581/r.-79.1.0/r.-92.0.0/r.-111.0.0/r.-79.0.0,,,,,,,,,,,,,,,,,,,,,,,,,,,,,,,,,,,,,,,,,,,,,,,,,,,,,,,,,,,,,,,,,,,,,,,,,,,,,,,,p.424,,p.582,,,,,,,,,,,p.583,,,,,,,,,,,,,,,,p.793,p.585,,p.586,,,,,,,,,,,,,,,,
767,,,r.-79.1.0,r.-79.1.0,,r.-79.1.0,r.-79.1.0,r.-79.1.0,r.-79.1.0,r.-79.1.0,,r.-79.1.0,r.-79.1.0,r.-79.1.0,r.-79.1.0,r.-79.1.0,r.-79.1.0,r.-79.1.0,r.-79.1.0,r.-79.1.0,,,,,,,,,,,r.-79.1.0,r.-79.1.0,r.-79.1.0,r.-79.1.0,r.-79.1.0,r.-79.1.0,,,r.-79.1.0,r.-79.1.0,r.-79.1.0,r.-79.1.0,r.-79.1.0,r.-79.1.0,r.-79.1.0,r.-79.1.0,r.-79.1.0,r.-79.1.0,r.-79.1.0,r.-79.1.0,r.-79.1.0,r.-79.1.0,r.-79.1.0,r.-79.1.0,r.-79.1.0,r.-79.1.0,r.-79.1.0,r.-79.1.0,r.-79.1.0,r.-79.1.0,r.-79.1.0,r.-79.1.0,r.-79.1.0,r.-79.1.0,r.-79.1.0,r.-79.1.0,r.-79.1.0,r.-79.1.0,r.-79.1.0,r.-79.1.0,r.-79.1.0,r.-79.1.0,r.-79.1.0,r.-79.1.0,r.-79.1.0,r.-79.1.0,r.-79.1.0,r.-79.1.0,r.-79.1.0,r.-79.1.0,r.-79.1.0,r.-79.1.0,r.-79.1.0,r.-79.1.0,r.-79.1.0,r.-79.1.0,r.-79.1.0,r.-79.1.0,r.-79.1.0,r.-79.1.0,r.-79.1.0,r.-79.1.0,r.-79.1.0,r.-79.1.0,,,,,,,,,,,,,,,,,,,,,,,,,,,,,,,,,,,,,,,,,,,,,,,,,,,,,,,,,,,,,,,,,,,,,,,,,,,,,,,,,,,,,,,,,,,,,,,,,,,,,,,,,,,,,,,,,,,,,,,,,,,,,,,,
768,,,r.-79.1.0,r.-79.1.0,,r.-79.1.0,r.-79.1.0,r.-79.1.0,r.-79.1.0,r.-79.1.0,,r.-79.1.0,r.-79.1.0,r.-79.1.0,r.-79.1.0,r.-79.1.0,r.-79.1.0,r.-79.1.0,r.-79.1.0,r.-79.1.0,,,,,,,,,,,r.-79.1.0,r.-79.1.0,r.-79.1.0,r.-79.1.0,r.-79.1.0,r.-79.1.0,,,r.-79.1.0,r.-79.1.0,r.-79.1.0,r.-79.1.0,r.-79.1.0,r.-79.1.0,r.-79.1.0,r.-79.1.0,r.-79.1.0,r.-79.1.0,r.-79.1.0,r.-79.1.0,r.-79.1.0,r.-79.1.0,r.-79.1.0,r.-79.1.0,r.-79.1.0,r.-79.1.0,r.-79.1.0,r.-79.1.0,r.-79.1.0,r.-79.1.0,r.-79.1.0,r.-79.1.0,r.-79.1.0,r.-79.1.0,r.-79.1.0,r.-79.1.0,r.-79.1.0,r.-79.1.0,r.-79.1.0,r.-79.1.0,r.-79.1.0,r.-79.1.0,r.-79.1.0,r.-79.1.0,r.-79.1.0,r.-79.1.0,r.-79.1.0,r.-79.1.0,r.-79.1.0,r.-79.1.0,r.-79.1.0,r.-79.1.0,r.-79.1.0,r.-79.1.0,r.-79.1.0,r.-79.1.0,r.-79.1.0,r.-79.1.0,r.-79.1.0,r.-79.1.0,r.-79.1.0,r.-79.1.0,r.-79.1.0,r.-79.1.0,,,,,,,,,,,,,,,,,,,,,,,,,,,,,,,,,,,,,,,,,,,,,,,,,,,,,,,,,,,,,,,,,,,,,,,,,,,,,,,,,,,,,,,,,,,,,,,,,,,,,,,,,,,,,,,,,,,,,,,,,,,,,,,,
769,,,r.-79.1.0,r.-79.1.0,,r.-79.1.0,r.-79.1.0,r.-79.1.0,r.-79.1.0,r.-79.1.0,,r.-79.1.0,r.-79.1.0,r.-79.1.0,r.-79.1.0,r.-79.1.0,r.-79.1.0,r.-79.1.0,r.-79.1.0,r.-79.1.0,,,,,,,,,,,r.-79.1.0,r.-79.1.0,r.-79.1.0,r.-79.1.0,r.-79.1.0,r.-79.1.0,,,r.-79.1.0,r.-79.1.0,r.-79.1.0,r.-79.1.0,r.-79.1.0,r.-79.1.0,r.-79.1.0,r.-79.1.0,r.-79.1.0,r.-79.1.0,r.-79.1.0,r.-79.1.0,r.-79.1.0,r.-79.1.0,r.-79.1.0,r.-79.1.0,r.-79.1.0,r.-79.1.0,r.-79.1.0,r.-79.1.0,r.-79.1.0,r.-79.1.0,r.-79.1.0,r.-79.1.0,r.-79.1.0,r.-79.1.0,r.-79.1.0,r.-79.1.0,r.-79.1.0,r.-79.1.0,r.-79.1.0,r.-79.1.0,r.-79.1.0,r.-79.1.0,r.-79.1.0,r.-79.1.0,r.-79.1.0,r.-79.1.0,r.-79.1.0,r.-79.1.0,r.-79.1.0,r.-79.1.0,r.-79.1.0,r.-79.1.0,r.-79.1.0,r.-79.1.0,r.-79.1.0,r.-79.1.0,r.-79.1.0,r.-79.1.0,r.-79.1.0,r.-79.1.0,r.-79.1.0,r.-79.1.0,r.-79.1.0,r.-79.1.0,,,,,,,,,,,,,,,,,,,,,,,,,,,,,,,,,,,,,,,,,,,,,,,,,,,,,,,,,,,,,,,,,,,,,,,,,,,,,,,,,,,,,,,,,,,,,,,,,,,,,,,,,,,,,,,,,,,,,,,,,,,,,,,,
770,,,r.-79.1.0,r.-79.1.0,,r.-79.1.0,r.-79.1.0,r.-79.1.0,r.-79.1.0,r.-79.1.0,,r.-79.1.0,r.-79.1.0,r.-79.1.0,r.-79.1.0,r.-79.1.0,r.-79.1.0,r.-79.1.0,r.-79.1.0,r.-79.1.0,,,,,,,,,,,r.-79.1.0,r.-79.1.0,r.-79.1.0,r.-79.1.0,r.-79.1.0,r.-79.1.0,,,r.-79.1.0,r.-79.1.0,r.-79.1.0,r.-79.1.0,r.-79.1.0,r.-79.1.0,r.-79.1.0,r.-79.1.0,r.-79.1.0,r.-79.1.0,r.-79.1.0,r.-79.1.0,r.-79.1.0,r.-79.1.0,r.-79.1.0,r.-79.1.0,r.-79.1.0,r.-79.1.0,r.-79.1.0,r.-79.1.0,r.-79.1.0,r.-79.1.0,r.-79.1.0,r.-79.1.0,r.-79.1.0,r.-79.1.0,r.-79.1.0,r.-79.1.0,r.-79.1.0,r.-79.1.0,r.-79.1.0,r.-79.1.0,r.-79.1.0,r.-79.1.0,r.-79.1.0,r.-79.1.0,r.-79.1.0,r.-79.1.0,r.-79.1.0,r.-79.1.0,r.-79.1.0,r.-79.1.0,r.-79.1.0,r.-79.1.0,r.-79.1.0,r.-79.1.0,r.-79.1.0,r.-79.1.0,r.-79.1.0,r.-79.1.0,r.-79.1.0,r.-79.1.0,r.-79.1.0,r.-79.1.0,r.-79.1.0,r.-79.1.0,,,,,,,,,,,,,,,,,,,,,,,,,,,,,,,,,,,,,,,,,,,,,,,,,,,,,,,,,,,,,,,,,,,,,,,,,,,,,,,,,,,,,,,,,,,,,,,,,,,,,,,,,,,,,,,,,,,,,,,,,,,,,,,,
771,,,r.-79.1.0,r.-79.1.0,,r.-79.1.0,r.-79.1.0,r.-79.1.0,r.-79.1.0,r.-79.1.0,,r.-79.1.0,r.-79.1.0,r.-79.1.0,r.-79.1.0,r.-79.1.0,r.-79.1.0,r.-79.1.0,r.-79.1.0,r.-79.1.0,,,,,,,,,,,r.-79.1.0,r.-79.1.0,r.-79.1.0,r.-79.1.0,r.-79.1.0,r.-79.1.0,,,r.-79.1.0,r.-79.1.0,r.-79.1.0,r.-79.1.0,r.-79.1.0,r.-79.1.0,r.-79.1.0,r.-79.1.0,r.-79.1.0,r.-79.1.0,r.-79.1.0,r.-79.1.0,r.-79.1.0,r.-79.1.0,r.-79.1.0,r.-79.1.0,r.-79.1.0,r.-79.1.0,r.-79.1.0,r.-79.1.0,r.-79.1.0,r.-79.1.0,r.-79.1.0,r.-79.1.0,r.-79.1.0,r.-79.1.0,r.-79.1.0,r.-79.1.0,r.-79.1.0,r.-79.1.0,r.-79.1.0,r.-79.1.0,r.-79.1.0,r.-79.1.0,r.-79.1.0,r.-79.1.0,r.-79.1.0,r.-79.1.0,r.-79.1.0,r.-79.1.0,r.-79.1.0,r.-79.1.0,r.-79.1.0,r.-79.1.0,r.-79.1.0,r.-79.1.0,r.-79.1.0,r.-79.1.0,r.-79.1.0,r.-79.1.0,r.-79.1.0,r.-79.1.0,r.-79.1.0,r.-79.1.0,r.-79.1.0,r.-79.1.0,,,,,,,,,,,,,,,,,,,,,,,,,,,,,,,,,,,,,,,,,,,,,,,,,,,,,,,,,,,,,,,,,,,,,,,,,,,,,,,,,,,,,,,,,,,,,,,,,,,,,,,,,,,,,,,,,,,,,,,,,,,,,,,,
772,,,r.-79.1.0,r.-79.1.0,,r.-79.1.0,r.-79.1.0,r.-79.1.0,r.-79.1.0,r.-79.1.0,,r.-79.1.0,r.-79.1.0,r.-79.1.0,r.-79.1.0,r.-79.1.0,r.-79.1.0,r.-79.1.0,r.-79.1.0,r.-79.1.0,,,,,,,,,,,r.-79.1.0,r.-79.1.0,r.-79.1.0,r.-79.1.0,r.-79.1.0,r.-79.1.0,,,r.-79.1.0,r.-79.1.0,r.-79.1.0,r.-79.1.0,r.-79.1.0,r.-79.1.0,r.-79.1.0,r.-79.1.0,r.-79.1.0,r.-79.1.0,r.-79.1.0,r.-79.1.0,r.-79.1.0,r.-79.1.0,r.-79.1.0,r.-79.1.0,r.-79.1.0,r.-79.1.0,r.-79.1.0,r.-79.1.0,r.-79.1.0,r.-79.1.0,r.-79.1.0,r.-79.1.0,r.-79.1.0,r.-79.1.0,r.-79.1.0,r.-79.1.0,r.-79.1.0,r.-79.1.0,r.-79.1.0,r.-79.1.0,r.-79.1.0,r.-79.1.0,r.-79.1.0,r.-79.1.0,r.-79.1.0,r.-79.1.0,r.-79.1.0,r.-79.1.0,r.-79.1.0,r.-79.1.0,r.-79.1.0,r.-79.1.0,r.-79.1.0,r.-79.1.0,r.-79.1.0,r.-79.1.0,r.-79.1.0,r.-79.1.0,r.-79.1.0,r.-79.1.0,r.-79.1.0,r.-79.1.0,r.-79.1.0,r.-79.1.0,,,,,,,,,,,,,,,,,,,,,,,,,,,,,,,,,,,,,,,,,,,,,,,,,,,,,,,,,,,,,,,,,,,,,,,,,,,,,,,,,,,,,,,,,,,,,,,,,,,,,,,,,,,,,,,,,,,,,,,,,,,,,,,,
773,,,r.-79.1.0,r.-79.1.0,,r.-79.1.0,r.-79.1.0,r.-79.1.0,r.-79.1.0,r.-79.1.0,,r.-79.1.0,r.-79.1.0,r.-79.1.0,r.-79.1.0,r.-79.1.0,r.-79.1.0,r.-79.1.0,r.-79.1.0,r.-79.1.0,,,,,,,,,,,r.-79.1.0,r.-79.1.0,r.-79.1.0,r.-79.1.0,r.-79.1.0,r.-79.1.0,,,r.-79.1.0,r.-79.1.0,r.-79.1.0,r.-79.1.0,r.-79.1.0,r.-79.1.0,r.-79.1.0,r.-79.1.0,r.-79.1.0,r.-79.1.0,r.-79.1.0,r.-79.1.0,r.-79.1.0,r.-79.1.0,r.-79.1.0,r.-79.1.0,r.-79.1.0,r.-79.1.0,r.-79.1.0,r.-79.1.0,r.-79.1.0,r.-79.1.0,r.-79.1.0,r.-79.1.0,r.-79.1.0,r.-79.1.0,r.-79.1.0,r.-79.1.0,r.-79.1.0,r.-79.1.0,r.-79.1.0,r.-79.1.0,r.-79.1.0,r.-79.1.0,r.-79.1.0,r.-79.1.0,r.-79.1.0,r.-79.1.0,r.-79.1.0,r.-79.1.0,r.-79.1.0,r.-79.1.0,r.-79.1.0,r.-79.1.0,r.-79.1.0,r.-79.1.0,r.-79.1.0,r.-79.1.0,r.-79.1.0,r.-79.1.0,r.-79.1.0,r.-79.1.0,r.-79.1.0,r.-79.1.0,r.-79.1.0,r.-79.1.0,,,,,,,,,,,,,,,,,,,,,,,,,,,,,,,,,,,,,,,,,,,,,,,,,,,,,,,,,,,,,,,,,,,,,,,,,,,,,,,,,,,,,,,,,,,,,,,,,,,,,,,,,,,,,,,,,,,,,,,,,,,,,,,,
774,,,,,,,,,,,,,,,,p.785,,,,,,,,,,,,,,,,,,,,,,,,,,,,,r.-26.0.0/r.-33.0.0,,,,,,,,,,,,,,,,,,,,,,,,,,,,,,,,,,,,,,,,,,,,,,,,,,,,,,,,,,,,,,,,,,,,,,,,,,,,p.790,,,,,,,p.787,,,,,,,,,,,,,,,,,,,,,,,,,,,,,,,,,,,,,,,,,,,,,,,,,,,,,,,,,,,,,,,,,,,,,,,,,,,,,,,,,,,,,,,,,,,,,,
775,,,r.-81.1.0,r.-81.1.0,,r.-81.1.0,r.-81.1.0,r.-81.1.0,r.-81.1.0,r.-81.1.0,,r.-81.1.0,r.-81.1.0,r.-81.1.0,r.-81.1.0,r.-81.1.0,r.-81.1.0,r.-81.1.0,r.-81.1.0,r.-81.1.0,,,,,,,,,,,r.-81.1.0,r.-81.1.0,r.-81.1.0,r.-81.1.0,r.-81.1.0,r.-81.1.0,,,r.-81.1.0,r.-81.1.0,r.-81.1.0,r.-81.1.0,r.-81.1.0,r.-81.1.0,r.-81.1.0,r.-81.1.0,r.-81.1.0,r.-81.1.0,r.-81.1.0,r.-81.1.0,r.-81.1.0,r.-81.1.0,r.-81.1.0,r.-81.1.0,r.-81.1.0,r.-81.1.0,r.-81.1.0,r.-81.1.0,r.-81.1.0,r.-81.1.0,r.-81.1.0,r.-81.1.0,r.-81.1.0,r.-81.1.0,r.-81.1.0,r.-81.1.0,r.-81.1.0,r.-81.1.0,r.-81.1.0,r.-81.1.0,r.-81.1.0,r.-81.1.0,r.-81.1.0,r.-81.1.0,r.-81.1.0,r.-81.1.0,r.-81.1.0,r.-81.1.0,r.-81.1.0,r.-81.1.0,r.-81.1.0,r.-81.1.0,r.-81.1.0,r.-81.1.0,r.-81.1.0,r.-81.1.0,r.-81.1.0,r.-81.1.0,r.-81.1.0,r.-81.1.0,r.-81.1.0,r.-81.1.0,r.-81.1.0,r.-81.1.0,,,,,,,,,,,,,,,,,,,,,,,,,,,,,,,,,,,,,,,,,,,,,,,,,,,,,,,,,,,,,,,,,,,,,,,,,,,,,,,,,,,,,,,,,,,,,,,,,,,,,,,,,,,,,,,,,,,,,,,,,,,,,,,,
776,,,r.-124.1.0,r.-124.1.0,,r.-124.1.0,r.-124.1.0,r.-124.1.0,r.-124.1.0,r.-124.1.0,,r.-124.1.0,r.-124.1.0,r.-124.1.0,r.-124.1.0,r.-124.1.0,r.-124.1.0,r.-124.1.0,r.-124.1.0,r.-124.1.0,,,,,,,,,,,r.-124.1.0,r.-124.1.0,r.-124.1.0,r.-124.1.0,r.-124.1.0,r.-124.1.0,,,r.-124.1.0,r.-124.1.0,r.-124.1.0,r.-124.1.0,r.-124.1.0,r.-124.1.0,r.-124.1.0,r.-124.1.0,r.-124.1.0,r.-124.1.0,r.-124.1.0,r.-124.1.0,r.-124.1.0,r.-124.1.0,r.-124.1.0,r.-124.1.0,r.-124.1.0,r.-124.1.0,r.-124.1.0,r.-124.1.0,r.-124.1.0,r.-124.1.0,r.-124.1.0,r.-124.1.0,r.-124.1.0,r.-124.1.0,r.-124.1.0,r.-124.1.0,r.-124.1.0,r.-124.1.0,r.-124.1.0,r.-124.1.0,r.-124.1.0,r.-124.1.0,r.-124.1.0,r.-124.1.0,r.-124.1.0,r.-124.1.0,r.-124.1.0,r.-124.1.0,r.-124.1.0,r.-124.1.0,r.-124.1.0,r.-124.1.0,r.-124.1.0,r.-124.1.0,r.-124.1.0,r.-124.1.0,r.-124.1.0,r.-124.1.0,r.-124.1.0,r.-124.1.0,r.-124.1.0,r.-124.1.0,r.-124.1.0,r.-124.1.0,,,,,,,,,,,,,,,,,,,,,,,,,,,,,,,,,,,,,,,,,,,,,,,,,,,,,,,,,,,,,,,,,,,,,,,,,,,,,,,,,,,,,,,,,,,,,,,,,,,,,,,,,,,,,,,,,,,,,,,,,,,,,,,,
777,,,,,,,,,,,,,,,,r.-25.1.0,,,,,,,,,,,,,,,,,,,,,,,,,,,,,r.-25.1.0,,,,,,,,,,,,,,,,,,,,,,,,,,,,,,,,,,,,,,,,,,,,,,,,,,,,,,,,,,,,,,,,,,,,,,,,,,,,,,,,,,,,,,,,,,,,,,,,,,,,,,,,,,,,,,,,,,,,,,,,,,,,,,,,,,,,,,,,,,,,,,,,,,,,,,,,,,,,,,,,,,,,,,,,,,,,,,,,,
778,,,,,,,,,,,,,,,,r.-25.1.0,,,,,,,,,,,,,,,,,,,,,,,,,,,,,r.-25.1.0,,,,,,,,,,,,,,,,,,,,,,,,,,,,,,,,,,,,,,,,,,,,,,,,,,,,,,,,,,,,,,,,,,,,,,,,,,,,,,,,,,,,,,,,,,,,,,,,,,,,,,,,,,,,,,,,,,,,,,,,,,,,,,,,,,,,,,,,,,,,,,,,,,,,,,,,,,,,,,,,,,,,,,,,,,,,,,,,,
779,,,,,,,,,,,,,,,,p.785,,,,,,,,,,,,,,,,,,,,,,,,,,,,,r.-33.0.0/r.-26.0.0,,,,,,,,,,,,,,,,,,,,,,,,,,,,,,,,,,,,,,,,,,,,,,,,,,,,,,,,,,,,,,,,,,,,,,,,,,,,p.786,,,,,,,p.787,,,,,,,,,,,,,,,,,,,,,,,,,,,,,,,,,,,,,,,,,,,,,,,,,,,,,,,,,,,,,,,,,,,,,,,,,,,,,,,,,,,,,,,,,,,,,,
780,,,,,,,,,,,,,,,,r.-122.1.0,,,,,,,,,,,,,,,,,,,,,,,,,,,,,r.-122.1.0,,,,,,,,,,,,,,,,,,,,,,,,,,,,,,,,,,,,,,,,,,,,,,,,,,,,,,,,,,,,,,,,,,,,,,,,,,,,,,,,,,,,,,,,,,,,,,,,,,,,,,,,,,,,,,,,,,,,,,,,,,,,,,,,,,,,,,,,,,,,,,,,,,,,,,,,,,,,,,,,,,,,,,,,,,,,,,,,,
781,,,p.696/r.-79.0.0,p.697/r.-79.0.0,,p.698/r.-79.0.0,p.699/r.-79.0.0,p.700/r.-79.0.0,p.701/r.-79.0.0,p.702/r.-79.0.0,,p.703/r.-79.0.0,p.704/r.-79.0.0,p.705/r.-79.0.0,p.706/r.-79.0.0,p.707/r.-79.0.0/r.-123.0.0,p.708/r.-79.0.0,p.709/r.-79.0.0,p.710/r.-79.0.0,p.711/r.-79.0.0,,,,,,,,,,,p.712/r.-79.0.0,p.713/r.-79.0.0,p.714/r.-79.0.0,p.715/r.-79.0.0,p.716/r.-79.0.0,p.717/r.-79.0.0,,,p.718/r.-79.0.0,p.719/r.-79.0.0,p.720/r.-79.0.0,p.721/r.-79.0.0,p.722/r.-79.0.0,p.723/r.-79.0.0,p.782/r.-123.0.0/r.-79.0.0,p.725/r.-79.0.0,p.726/r.-79.0.0,p.727/r.-79.0.0,p.728/r.-79.0.0,p.729/r.-79.0.0,p.730/r.-79.0.0,p.731/r.-79.0.0,p.732/r.-79.0.0,p.733/r.-79.0.0,p.734/r.-79.0.0,p.735/r.-79.0.0,p.736/r.-79.0.0,p.737/r.-79.0.0,p.738/r.-79.0.0,p.739/r.-79.0.0,p.740/r.-79.0.0,p.741/r.-79.0.0,p.742/r.-79.0.0,p.743/r.-79.0.0,p.744/r.-79.0.0,p.745/r.-79.0.0,p.746/r.-79.0.0,p.747/r.-79.0.0,p.748/r.-79.0.0,p.749/r.-79.0.0,p.750/r.-79.0.0,p.751/r.-79.0.0,p.752/r.-79.0.0,p.753/r.-79.0.0,p.754/r.-79.0.0,p.755/r.-79.0.0,p.756/r.-79.0.0,p.757/r.-79.0.0,p.758/r.-79.0.0,p.759/r.-79.0.0,p.760/r.-79.0.0,p.761/r.-79.0.0,p.762/r.-79.0.0,p.763/r.-79.0.0,p.764/r.-79.0.0,p.765/r.-79.0.0,p.783/r.-79.0.0,p.767/r.-79.0.0,p.768/r.-79.0.0,p.769/r.-79.0.0,p.770/r.-79.0.0,p.771/r.-79.0.0,p.772/r.-79.0.0,p.773/r.-79.0.0,,,,,,,,,,,,,,,,,,,,,,,,,,,,,,,,,,,,,,,,,,,,,,,,,,,,,,,,,,,,,,,,,,,,,,,,,,,,,,,,p.775,,p.776,,,,,,,,,,,,,,,,,,,,,,,,,,,,,,,,,,,,,,,,,,p.784,p.781,,,
782,,,r.-79.1.0,r.-79.1.0,,r.-79.1.0,r.-79.1.0,r.-79.1.0,r.-79.1.0,r.-79.1.0,,r.-79.1.0,r.-79.1.0,r.-79.1.0,r.-79.1.0,r.-79.1.0,r.-79.1.0,r.-79.1.0,r.-79.1.0,r.-79.1.0,,,,,,,,,,,r.-79.1.0,r.-79.1.0,r.-79.1.0,r.-79.1.0,r.-79.1.0,r.-79.1.0,,,r.-79.1.0,r.-79.1.0,r.-79.1.0,r.-79.1.0,r.-79.1.0,r.-79.1.0,r.-79.1.0,r.-79.1.0,r.-79.1.0,r.-79.1.0,r.-79.1.0,r.-79.1.0,r.-79.1.0,r.-79.1.0,r.-79.1.0,r.-79.1.0,r.-79.1.0,r.-79.1.0,r.-79.1.0,r.-79.1.0,r.-79.1.0,r.-79.1.0,r.-79.1.0,r.-79.1.0,r.-79.1.0,r.-79.1.0,r.-79.1.0,r.-79.1.0,r.-79.1.0,r.-79.1.0,r.-79.1.0,r.-79.1.0,r.-79.1.0,r.-79.1.0,r.-79.1.0,r.-79.1.0,r.-79.1.0,r.-79.1.0,r.-79.1.0,r.-79.1.0,r.-79.1.0,r.-79.1.0,r.-79.1.0,r.-79.1.0,r.-79.1.0,r.-79.1.0,r.-79.1.0,r.-79.1.0,r.-79.1.0,r.-79.1.0,r.-79.1.0,r.-79.1.0,r.-79.1.0,r.-79.1.0,r.-79.1.0,r.-79.1.0,,,,,,,,,,,,,,,,,,,,,,,,,,,,,,,,,,,,,,,,,,,,,,,,,,,,,,,,,,,,,,,,,,,,,,,,,,,,,,,,,,,,,,,,,,,,,,,,,,,,,,,,,,,,,,,,,,,,,,,,,,,,,,,,
783,,,r.-79.1.0,r.-79.1.0,,r.-79.1.0,r.-79.1.0,r.-79.1.0,r.-79.1.0,r.-79.1.0,,r.-79.1.0,r.-79.1.0,r.-79.1.0,r.-79.1.0,r.-79.1.0,r.-79.1.0,r.-79.1.0,r.-79.1.0,r.-79.1.0,,,,,,,,,,,r.-79.1.0,r.-79.1.0,r.-79.1.0,r.-79.1.0,r.-79.1.0,r.-79.1.0,,,r.-79.1.0,r.-79.1.0,r.-79.1.0,r.-79.1.0,r.-79.1.0,r.-79.1.0,r.-79.1.0,r.-79.1.0,r.-79.1.0,r.-79.1.0,r.-79.1.0,r.-79.1.0,r.-79.1.0,r.-79.1.0,r.-79.1.0,r.-79.1.0,r.-79.1.0,r.-79.1.0,r.-79.1.0,r.-79.1.0,r.-79.1.0,r.-79.1.0,r.-79.1.0,r.-79.1.0,r.-79.1.0,r.-79.1.0,r.-79.1.0,r.-79.1.0,r.-79.1.0,r.-79.1.0,r.-79.1.0,r.-79.1.0,r.-79.1.0,r.-79.1.0,r.-79.1.0,r.-79.1.0,r.-79.1.0,r.-79.1.0,r.-79.1.0,r.-79.1.0,r.-79.1.0,r.-79.1.0,r.-79.1.0,r.-79.1.0,r.-79.1.0,r.-79.1.0,r.-79.1.0,r.-79.1.0,r.-79.1.0,r.-79.1.0,r.-79.1.0,r.-79.1.0,r.-79.1.0,r.-79.1.0,r.-79.1.0,r.-79.1.0,,,,,,,,,,,,,,,,,,,,,,,,,,,,,,,,,,,,,,,,,,,,,,,,,,,,,,,,,,,,,,,,,,,,,,,,,,,,,,,,,,,,,,,,,,,,,,,,,,,,,,,,,,,,,,,,,,,,,,,,,,,,,,,,
784,,,,,,,,,,,,,,,,r.-123.2.0,,,,,,,,,,,,,,,,,,,,,,,,,,,,,r.-123.2.0,,,,,,,,,,,,,,,,,,,,,,,,,,,,,,,,,,,,,,,,,,,,,,,,,,,,,,,,,,,,,,,,,,,,,,,,,,,,,,,,,,,,,,,,,,,,,,,,,,,,,,,,,,,,,,,,,,,,,,,,,,,,,,,,,,,,,,,,,,,,,,,,,,,,,,,,,,,,,,,,,,,,,,,,,,,,,,,,,
785,,,,,,,,,,,,,,,,,,,,,,,,,,,,,,,,,,,,,,,,,,,,,r.-33.1.0,,,,,,,,,,,,,,,,,,,,,,,,,,,,,,,,,,,,,,,,,,,,,,,,,,,,,,,,,,,,,,,,,,,,,,,,,,,,,,,,,,,,,,,,,,,,,,,,,,,,,,,,,,,,,,,,,,,,,,,,,,,,,,,,,,,,,,,,,,,,,,,,,,,,,,,,,,,,,,,,,,,,,,,,,,,,,,,,,
786,,,,,,,,,,,,,,,,,,,,,,,,,,,,,,,,,,,,,,,,,,,,,p.788,,,,,,,,,,,,,,,,,,,,,,,,,,,,,,,,,,,,,,,,,,,,,,,,,,,,,,,,,,,,,,,,,,,,,,,,,,,,,,,,,,,,,,,,,,,,,,,,,,,,,,,,,,,,,,,,,,,,,,,,,,,,,,,,,,,,,,,,,,,,,,,,,,,,,,,,,,,,,,,,,,,,,,,,,,,,,,,,,
787,,,,,,,,,,,,,,,,,,,,,,,,,,,,,,,,,,,,,,,,,,,,,r.-26.1.0,,,,,,,,,,,,,,,,,,,,,,,,,,,,,,,,,,,,,,,,,,,,,,,,,,,,,,,,,,,,,,,,,,,,,,,,,,,,,,,,,,,,,,,,,,,,,,,,,,,,,,,,,,,,,,,,,,,,,,,,,,,,,,,,,,,,,,,,,,,,,,,,,,,,,,,,,,,,,,,,,,,,,,,,,,,,,,,,,
788,,,,,,,,,,,,,,,,,,,,,,,,,,,,,,,,,,,,,,,,,,,,,,p.789,,,,,,,,,,,,,,,,,,,,,,,,,,,,,,,,,,,,,,,,,,,,,,,,,,,,,,,,,,,,,,,,,,,,,,,,,,,,,,,,,,,,,,,,,,,,,,,,,,,,,,,,,,,,,,,,,,,,,,,,,,,,,,,,,,,,,,,,,,,,,,,,,,,,,,,,,,,,,,,,,,,,,,,,,,,,,,,,
789,,,,,,,,,,,,,,,,r.-30.10.0,,,,,,,,,,,,,,,,,,,,,,,,,,,,,,,,,,,,,,,,,,,,,,,,,,,,,,,,,,,,,,,,,,,,,,,,,,,,,,,,,,,,,,,,,,,,,,,,,,,,,,,,,,,,,,,,,,,,,,,,,,,,,,,,,,,,,,,,,,,,,,,,,,,,,,,,,,,,,,,,,,,,,,,,,,,,,,,,,,,,,,,,,,,,,,,,,,,,,,,,,,,,,,
790,,,,,,,,,,,,,,,,,,,,,,,,,,,,,,,,,,,,,,,,,,,,,p.791,,,,,,,,,,,,,,,,,,,,,,,,,,,,,,,,,,,,,,,,,,,,,,,,,,,,,,,,,,,,,,,,,,,,,,,,,,,,,,,,,,,,,,,,,,,,,,,,,,,,,,,,,,,,,,,,,,,,,,,,,,,,,,,,,,,,,,,,,,,,,,,,,,,,,,,,,,,,,,,,,,,,,,,,,,,,,,,,,
791,,,,,,,,,,,,,,,,,,,,,,,,,,,,,,,,,,,,,,,,,,,,,,p.792,,,,,,,,,,,,,,,,,,,,,,,,,,,,,,,,,,,,,,,,,,,,,,,,,,,,,,,,,,,,,,,,,,,,,,,,,,,,,,,,,,,,,,,,,,,,,,,,,,,,,,,,,,,,,,,,,,,,,,,,,,,,,,,,,,,,,,,,,,,,,,,,,,,,,,,,,,,,,,,,,,,,,,,,,,,,,,,,
792,,,,,,,,,,,,,,,,r.-30.10.0,,,,,,,,,,,,,,,,,,,,,,,,,,,,,,,,,,,,,,,,,,,,,,,,,,,,,,,,,,,,,,,,,,,,,,,,,,,,,,,,,,,,,,,,,,,,,,,,,,,,,,,,,,,,,,,,,,,,,,,,,,,,,,,,,,,,,,,,,,,,,,,,,,,,,,,,,,,,,,,,,,,,,,,,,,,,,,,,,,,,,,,,,,,,,,,,,,,,,,,,,,,,,,
793,,,,,,,,,,,,,,,,,,,,,,,,,,,,,,,,,,,,,,,,,,,,,,,,,,,,,,,,,,,,,,,,,,,,,,,,,,,,,,,,,,,,,,,p.794,,,,,,,,,,,,,,,,,,,,,,,,,,,,,,,,,,,,,,,,,,,,,,,,,,,,,,,,,,,,,,,,,,,,,,,,,,,,,,,,,,,,,,,,,,,,,,,,,,,,,,,,,,,,,,,,,,,,,,,,,,,,,,,,,,,,,,,
794,,,,,,,,,,,,,,,,r.-117.3.0,,,,,,,,,,,,,,,,,,,,,,,,,,,,,r.-117.3.0,,,,,,,,,,,,,,,,,,,,,,,,,,,,,,,,,,,,,,,,,,,,,,,,,,,,,,,,,,,,,,,,,,,,,,,,,,,,,,,,,,,,,,,,,,,,,,,,,,,,,,,,,,,,,,,,,,,,,,,,,,,,,,,,,,,,,,,,,,,,,,,,,,,,,,,,,,,,,,,,,,,,,,,,,,,,,,,,,
795,,,,,,,,,,,,,,,,,,,,,,,,,,,,,,,,,,,,,,,,,,,,,p.796,,,,,,,,,,,,,,,,,,,,,,,,,,,,,,,,,,,,,,,,,,,,,,,,,,,,,,,,,,,,,,,,,,,,,,,,,,,,,,,,,,,,,,,,,,,,,,,,,,,,,,,,,,,,,,,,,,,,,,,,,,,,,,,,,,,,,,,,,,,,,,,,,,,,,,,,,,,,,,,,,,,,,,,,,,,,,,,,,
796,,,,,,,,,,,,,,,,r.-116.3.0,,,,,,,,,,,,,,,,,,,,,,,,,,,,,r.-116.3.0,,,,,,,,,,,,,,,,,,,,,,,,,,,,,,,,,,,,,,,,,,,,,,,,,,,,,,,,,,,,,,,,,,,,,,,,,,,,,,,,,,,,,,,,,,,,,,,,,,,,,,,,,,,,,,,,,,,,,,,,,,,,,,,,,,,,,,,,,,,,,,,,,,,,,,,,,,,,,,,,,,,,,,,,,,,,,,,,,
797,,,,,,,,,,,,,,,,p.801,,,,,,,,,,,,,,,,,,,,,,,,,,,,,,,,,,,,,,,,,,,,,,,,,,,,,,,,,,,,,,,,,,,,,,,,,,,,,,,,,,,,,,,,,,,,,,,,,,,,,,,,,,,,,,,,,,,,,,,,,,,,,,,,,,,,,,,,,,,,,,,,,,,,,,,,,,,,,,,,,,,,,,,,,,,,,,,,,,,,,,,,,,,,,,,,,,,,,,,,,,,,,,
798,,,,,,,,,,,,,,,,p.799,,,,,,,,,,,,,,,,,,,,,,,,,,,,,,,,,,,,,,,,,,,,,,,,,,,,,,,,,,,,,,,,,,,,,,,,,,,,,,,,,,,,,,,,,,,,,,,,,,,,,,,,,,,,,,,,,,,,,,,,,,,,,,,,,,,,,,,,,,,,,,,,,,,,,,,,,,,,,,,,,,,,,,,,,,,,,,,,,,,,,,,,,,,,,,,,,,,,,,,,,,,,,,
799,,,,,,,,,,,,,,,,p.78/r.-32.0.0/r.-33.0.0,,,,,,,,,,,,,,,,,,,,,,,,,,,,,,,,,,,,,,,,,,,,,,,,,,,,,,,,,,,,,,,,,,,,,,,,,,,,,,,,,,,,,,,,,,,,,,,,,,,,,,,,,,,p.800,,,,p.98,p.99,,,,,,,,,,,,,,,,,,,,,,,,,,,,,,,,,,,,,,,,,,,,,,,,,,,,,,,,,,,,,,,,,,,,,,,,,,,,,,,,,,,,,,,,,,,,,,
800,,,,,,,,,,,,,,,,r.-84.4.0,,,,,,,,,,,,,,,,,,,,,,,,,,,,,,,,,,,,,,,,,,,,,,,,,,,,,,,,,,,,,,,,,,,,,,,,,,,,,,,,,,,,,,,,,,,,,,,,,,,,,,,,,,,,,,,,,,,,,,,,,,,,,,,,,,,,,,,,,,,,,,,,,,,,,,,,,,,,,,,,,,,,,,,,,,,,,,,,,,,,,,,,,,,,,,,,,,,,,,,,,,,,,,
801,,,,,,,,,,,,,,,,p.78/r.-32.0.0/r.-33.0.0,,,,,,,,,,,,,,,,,,,,,,,,,,,,,,,,,,,,,,,,,,,,,,,,,,,,,,,,,,,,,,,,,,,,,,,,,,,,,,,,,,,,,,,,,,,,,,,,,,,,,,,,,,,p.802,,,,p.98,p.99,,,,,,,,,,,,,,,,,,,,,,,,,,,,,,,,,,,,,,,,,,,,,,,,,,,,,,,,,,,,,,,,,,,,,,,,,,,,,,,,,,,,,,,,,,,,,,
802,,,,,,,,,,,,,,,,r.-84.4.0,,,,,,,,,,,,,,,,,,,,,,,,,,,,,,,,,,,,,,,,,,,,,,,,,,,,,,,,,,,,,,,,,,,,,,,,,,,,,,,,,,,,,,,,,,,,,,,,,,,,,,,,,,,,,,,,,,,,,,,,,,,,,,,,,,,,,,,,,,,,,,,,,,,,,,,,,,,,,,,,,,,,,,,,,,,,,,,,,,,,,,,,,,,,,,,,,,,,,,,,,,,,,,
803,,,,,,,,,,,,,,,,r.-50.0.0,,,,,,,,,,,,,,,,,,,,,,,,,,,,,,,p.804,,,,,,,,,,,,,,,,,,,,,,,,,,,,,,,,,,,,,,,,,,,,,,,,,,,,,,,,,,,,,,,,,,,,,,,,,,,,,,,,,,,,,,,,,,,,,,,,,,p.805,p.806,,,,,,,,,,,,,,,,,,,,,,,,,,,,,,,,,,,,,,,,,,,,,,,,,,,,,,,,,,,,,,,,,,,,,,,,,,,,
804,,,,,,,,,,,,,,,,p.812,,,,,,,,,,,,,,,,,,,,,,,,,,,,,,,,,,,,,,,,,,,,,,,,,,,,,,,,,,,,,,,,,,,,,,,,,,,,,,,,,,,,,,,,,,,,,,,,,,,,,,,,,,,,,,,,,,,,,,,,,,,,,,,,,,,,,,,,,,,,,,,,,,,,,,,,,,,,,,,,,,,,,,,,,,,,,,,,,,,,,,,,,,,,,,,,,,,,,,,,,,,,,,
805,,,,,,,,,,,,,,,,p.808,,,,,,,,,,,,,,,,,,,,,,,,,,,,,,,,,,,,,,,,,,,,,,,,,,,,,,,,,,,,,,,,,,,,,,,,,,,,,,,,,,,,,,,,,,,,,,,,,,,,,,,,,,,,,,,,,,,,,,,,,,,,,,,,,,,,,,,,,,,,,,,,,,,,,,,,,,,,,,,,,,,,,,,,,,,,,,,,,,,,,,,,,,,,,,,,,,,,,,,,,,,,,,
806,,,,,,,,,,,,,,,,r.-50.0.0,,,,,,,,,,,,,,,,,,,,,,,,,,,,,,,p.804,,,,,,,,,,,,,,,,,,,,,,,,,,,,,,,,,,,,,,,,,,,,,,,,,,,,,,,,,,,,,,,,,,,,,,,,,,,,,,,,,,,,,,,,,,,,,,,,,,p.807,p.806,,,,,,,,,,,,,,,,,,,,,,,,,,,,,,,,,,,,,,,,,,,,,,,,,,,,,,,,,,,,,,,,,,,,,,,,,,,,
807,,,,,,,,,,,,,,,,r.-50.2.0,,,,,,,,,,,,,,,,,,,,,,,,,,,,,,,,,,,,,,,,,,,,,,,,,,,,,,,,,,,,,,,,,,,,,,,,,,,,,,,,,,,,,,,,,,,,,,,,,,,,,,,,,,,,,,,,,,,,,,,,,,,,,,,,,,,,,,,,,,,,,,,,,,,,,,,,,,,,,,,,,,,,,,,,,,,,,,,,,,,,,,,,,,,,,,,,,,,,,,,,,,,,,,
808,,,,,,,,,,,,,,,,,,,,,,,,,,,,,,,,,,,,,,,,,,,,,,,,,,,,,,,,,,,,,,,,,,,,,,,,,,,,p.809,,,,,,,,,,,,,,,,,,,,,,,,,,,,,,,,,,,,,,,,,,,,,,,,,,,,,,,,,,,,,,,,,,,,,,,,,,,,,,,,,,,,,,,,,,,,,,,,,,,,,,,,,,,,,,,,,,,,,,,,,,,,,,,,,,,,,,,,,,,,,,,,,,
809,,,,,,,,,,,,,,,,p.810,,,,,,,,,,,,,,,,,,,,,,,,,,,,,,,,,,,,,,,,,,,,,,,,,,,,,,,,,,,,,,,,,,,,,,,,,,,,,,,,,,,,,,,,,,,,,,,,,,,,,,,,,,,,,,,,,,,,,,,,,,,,,,,,,,,,,,,,,,,,,,,,,,,,,,,,,,,,,,,,,,,,,,,,,,,,,,,,,,,,,,,,,,,,,,,,,,,,,,,,,,,,,,
810,,,,,,,,,,,,,,,,p.78/r.-33.0.0/r.-32.0.0,,,,,,,,,,,,,,,,,,,,,,,,,,,,,,,,,,,,,,,,,,,,,,,,,,,,,,,,,,,,,,,,,,,,,,,,,,,,,,,,,,,,,,,,,,,,,,,,,,,,,,,,,,,p.811,,,,p.98,p.99,,,,,,,,,,,,,,,,,,,,,,,,,,,,,,,,,,,,,,,,,,,,,,,,,,,,,,,,,,,,,,,,,,,,,,,,,,,,,,,,,,,,,,,,,,,,,,
811,,,,,,,,,,,,,,,,r.-113.15.0,,,,,,,,,,,,,,,,,,,,,,,,,,,,,,,,,,,,,,,,,,,,,,,,,,,,,,,,,,,,,,,,,,,,,,,,,,,,,,,,,,,,,,,,,,,,,,,,,,,,,,,,,,,,,,,,,,,,,,,,,,,,,,,,,,,,,,,,,,,,,,,,,,,,,,,,,,,,,,,,,,,,,,,,,,,,,,,,,,,,,,,,,,,,,,,,,,,,,,,,,,,,,,
812,,,,,,,,,,,,,,,,p.78/r.-32.0.0/r.-33.0.0,,,,,,,,,,,,,,,,,,,,,,,,,,,,,,,,,,,,,,,,,,,,,,,,,,,,,,,,,,,,,,,,,,,,,,,,,,,,,,,,,,,,,,,,,,,,,,,,,,,,,,,,,,,p.813,,,,p.98,p.99,,,,,,,,,,,,,,,,,,,,,,,,,,,,,,,,,,,,,,,,,,,,,,,,,,,,,,,,,,,,,,,,,,,,,,,,,,,,,,,,,,,,,,,,,,,,,,
813,,,,,,,,,,,,,,,,p.814,,,,,,,,,,,,,,,,,,,,,,,,,,,,,,,,,,,,,,,,,,,,,,,,,,,,,,,,,,,,,,,,,,,,,,,,,,,,,,,,,,,,,,,,,,,,,,,,,,,,,,,,,,,,,,,,,,,,,,,,,,,,,,,,,,,,,,,,,,,,,,,,,,,,,,,,,,,,,,,,,,,,,,,,,,,,,,,,,,,,,,,,,,,,,,,,,,,,,,,,,,,,,,
814,r.-90.0.0,r.-90.0.0,r.-90.0.0,r.-90.0.0,r.-90.0.0,p.48/r.-90.0.0,r.-90.0.0,r.-90.0.0,r.-90.0.0,r.-90.0.0,r.-90.0.0,r.-90.0.0,r.-90.0.0,r.-90.0.0,r.-90.0.0,r.-90.0.0/r.-76.0.0,r.-90.0.0,r.-90.0.0,r.-90.0.0,r.-90.0.0,r.-90.0.0,r.-90.0.0,r.-90.0.0,r.-90.0.0,r.-90.0.0,r.-90.0.0,r.-90.0.0,r.-90.0.0,r.-90.0.0,r.-90.0.0,r.-90.0.0,r.-90.0.0,r.-90.0.0,r.-90.0.0,r.-90.0.0,r.-90.0.0,r.-90.0.0,r.-90.0.0,r.-90.0.0,r.-90.0.0,r.-90.0.0,r.-90.0.0,r.-90.0.0,r.-90.0.0,r.-90.0.0,r.-90.0.0,r.-76.0.0/r.-90.0.0,r.-90.0.0,r.-90.0.0,r.-90.0.0,r.-90.0.0,r.-90.0.0,r.-90.0.0,r.-90.0.0,r.-90.0.0,r.-90.0.0,r.-90.0.0,r.-90.0.0,r.-90.0.0,r.-90.0.0,r.-90.0.0,r.-90.0.0,r.-90.0.0,r.-90.0.0,r.-90.0.0,r.-90.0.0,r.-90.0.0,r.-90.0.0,r.-90.0.0,r.-90.0.0,r.-90.0.0,r.-90.0.0,r.-90.0.0,r.-90.0.0,r.-90.0.0,r.-90.0.0,r.-90.0.0,r.-90.0.0,r.-90.0.0,r.-90.0.0,r.-90.0.0,r.-90.0.0,r.-90.0.0,r.-90.0.0,r.-90.0.0,r.-90.0.0,r.-90.0.0,r.-90.0.0,r.-90.0.0,r.-90.0.0,r.-90.0.0,r.-90.0.0,r.-90.0.0,r.-90.0.0,,,,,,,,,,,,,,,,,p.113,,,,,,,,,,,,,,,,,,,,,,,,,,,,,,,,,,,,,,,,,,,,,,,,,,,,,,,,,,,,p.815,,p.816,,,,,,,,,,,,p.68,p.69,,,,,,,,,,,p.817,,,,,,,,,,,,,,,,,,,,,,,p.75,,
815,,,,,,,,,,,,,,,,r.-51.5.0,,,,,,,,,,,,,,,,,,,,,,,,,,,,,,,r.-51.5.0,,,,,,,,,,,,,,,,,,,,,,,,,,,,,,,,,,,,,,,,,,,,,,,,,,,,,,,,,,,,,,,,,,,,,,,,,,,,,,,,,,,,,,,,,,,,,,,,,,,,,,,,,,,,,,,,,,,,,,,,,,,,,,,,,,,,,,,,,,,,,,,,,,,,,,,,,,,,,,,,,,,,,,,,,,,,,,,
816,,,,,,,,,,,,,,,,r.-76.1.0,,,,,,,,,,,,,,,,,,,,,,,,,,,,,,,r.-76.1.0,,,,,,,,,,,,,,,,,,,,,,,,,,,,,,,,,,,,,,,,,,,,,,,,,,,,,,,,,,,,,,,,,,,,,,,,,,,,,,,,,,,,,,,,,,,,,,,,,,,,,,,,,,,,,,,,,,,,,,,,,,,,,,,,,,,,,,,,,,,,,,,,,,,,,,,,,,,,,,,,,,,,,,,,,,,,,,,
817,,,,,,,,,,,,,,,,p.818,,,,,,,,,,,,,,,,,,,,,,,,,,,,,,,,,,,,,,,,,,,,,,,,,,,,,,,,,,,,,,,,,,,,,,,,,,,,,,,,,,,,,,,,,,,,,,,,,,,,,,,,,,,,,,,,,,,,,,,,,,,,,,,,,,,,,,,,,,,,,,,,,,,,,,,,,,,,,,,,,,,,,,,,,,,,,,,,,,,,,,,,,,,,,,,,,,,,,,,,,,,,,,
818,,,,,,,,,,,,,,,,,,,,,,,,,,,,,,,,,,,,,,,,,,,,,,,,,,,,p.819,,,,,,,,,,,,,,,,,,,,,,,,,,,,,,,,,,,,,,,,,,,,,,,,,,,,,,,,,,,,,,,,,,,,,,,,,,,,,,,,,,,,,,,,,,,,,,,,,,,,,,,,,,,,,,,,,,,,,,,,,,,,,,,,,,,,,,,,,,,,,,,,,,,,,,,,,,,,,,,,,,,,,,,,,,
819,,,,,,,,,,,,,,,,p.820,,,,,,,,,,,,,,,,,,,,,,,,,,,,,,,,,,,,,,,,,,,,,,,,,,,,,,,,,,,,,,,,,,,,,,,,,,,,,,,,,,,,,,,,,,,,,,,,,,,,,,,,,,,,,,,,,,,,,,,,,,,,,,,,,,,,,,,,,,,,,,,,,,,,,,,,,,,,,,,,,,,,,,,,,,,,,,,,,,,,,,,,,,,,,,,,,,,,,,,,,,,,,,
820,,,,,,,,,,,,,,,,p.78/r.-33.0.0/r.-32.0.0,,,,,,,,,,,,,,,,,,,,,,,,,,,,,,,,,,,,,,,,,,,,,,,,,,,,,,,,,,,,,,,,,,,,,,,,,,,,,,,,,,,,,,,,,,,,,,,,,,,,,,,,,,,p.821,,,,p.98,p.99,,,,,,,,,,,,,,,,,,,,,,,,,,,,,,,,,,,,,,,,,,,,,,,,,,,,,,,,,,,,,,,,,,,,,,,,,,,,,,,,,,,,,,,,,,,,,,
821,,,,,,,,,,,,,,,,p.822,,,,,,,,,,,,,,,,,,,,,,,,,,,,,,,,,,,,,,,,,,,,,,,,,,,,,,,,,,,,,,,,,,,,,,,,,,,,,,,,,,,,,,,,,,,,,,,,,,,,,,,,,,,,,,,,,,,,,,,,,,,,,,,,,,,,,,,,,,,,,,,,,,,,,,,,,,,,,,,,,,,,,,,,,,,,,,,,,,,,,,,,,,,,,,,,,,,,,,,,,,,,,,
822,r.-90.0.0,r.-90.0.0,r.-90.0.0,r.-90.0.0,r.-90.0.0,p.122/r.-90.0.0,r.-90.0.0,r.-90.0.0,r.-90.0.0,r.-90.0.0,r.-90.0.0,r.-90.0.0,r.-90.0.0,r.-90.0.0,r.-90.0.0,r.-120.0.0/r.-90.0.0,r.-90.0.0,r.-90.0.0,r.-90.0.0,r.-90.0.0,r.-90.0.0,r.-90.0.0,r.-90.0.0,r.-90.0.0,r.-90.0.0,r.-90.0.0,r.-90.0.0,r.-90.0.0,r.-90.0.0,r.-90.0.0,r.-90.0.0,r.-90.0.0,r.-90.0.0,r.-90.0.0,r.-90.0.0,p.123/r.-90.0.0,r.-90.0.0,r.-90.0.0,r.-90.0.0,r.-90.0.0,r.-90.0.0,r.-90.0.0,r.-90.0.0,p.124/r.-90.0.0,p.125/r.-90.0.0,r.-90.0.0,r.-90.0.0,r.-90.0.0,r.-90.0.0,r.-90.0.0,p.126/r.-90.0.0,r.-90.0.0,r.-90.0.0,r.-90.0.0,r.-90.0.0,r.-90.0.0,r.-90.0.0,r.-90.0.0,r.-90.0.0,r.-90.0.0,r.-90.0.0,r.-90.0.0,r.-90.0.0,r.-90.0.0,r.-90.0.0,r.-90.0.0,r.-90.0.0,r.-90.0.0,r.-90.0.0,r.-90.0.0,r.-90.0.0,r.-90.0.0,r.-90.0.0,r.-90.0.0,r.-90.0.0,r.-90.0.0,r.-90.0.0,r.-90.0.0,r.-90.0.0,r.-90.0.0,r.-90.0.0,r.-90.0.0,r.-90.0.0,r.-90.0.0,r.-90.0.0,r.-90.0.0,p.127/r.-90.0.0,r.-90.0.0,r.-90.0.0,r.-90.0.0,r.-90.0.0,r.-90.0.0,r.-90.0.0,r.-90.0.0,,,,,,,,,,,,,,p.128,,,p.129,,,,,,,,,p.130,,,,,p.131,,,,,,,,,,,,,,,,,,,,,,,,,,,,,,,,,,,,,,,,,,,,,,,,,,,,p.823,p.133,p.134,,,,,,p.135,p.69,,,,,,,,,,,,,,,,,,,,,,,,,p.136,p.137,,p.138,p.139,p.140,,,,p.141,,
823,,,,,,,,,,,,,,,,p.824,,,,,,,,,,,,,,,,,,,,,,,,,,,,,,,,,,,,,,,,,,,,,,,,,,,,,,,,,,,,,,,,,,,,,,,,,,,,,,,,,,,,,,,,,,,,,,,,,,,,,,,,,,,,,,,,,,,,,,,,,,,,,,,,,,,,,,,,,,,,,,,,,,,,,,,,,,,,,,,,,,,,,,,,,,,,,,,,,,,,,,,,,,,,,,,,,,,,,,,,,,,,,,
824,,,,,,,,,,p.20,,,,,,r.-100.0.0,,,,,,,,,,,,,,,,,,,,,,,,,,,,,,,r.-100.0.0,,,,,,,,,,,,,,,,,,,,,,,,,,,,,,,,,,,,,,,,,,,,,,,,,,,,,,,,,,,,,,,,,p.825,,,,,,,,,,,,,,,,,,,,,,,,,,,,,,,,,,,,,,,,,,,,,,,,,,,,,,,,,,,,,,,,,,,,,,,,,,,,,,,,,,,p.826,p.827,,,,,,,,,,,,,,,,,,,,,,,,,,
825,,,,,,,,,,,,,,,,p.828,,,,,,,,,,,,,,,,,,,,,,,,,,,,,,,,,,,,,,,,,,,,,,,,,,,,,,,,,,,,,,,,,,,,,,,,,,,,,,,,,,,,,,,,,,,,,,,,,,,,,,,,,,,,,,,,,,,,,,,,,,,,,,,,,,,,,,,,,,,,,,,,,,,,,,,,,,,,,,,,,,,,,,,,,,,,,,,,,,,,,,,,,,,,,,,,,,,,,,,,,,,,,,
826,,,,,,,,,,,,,,,,r.-78.9.0,,,,,,,,,,,,,,,,,,,,,,,,,,,,,,,r.-78.9.0,,,,,,,,,,,,,,,,,,,,,,,,,,,,,,,,,,,,,,,,,,,,,,,,,,,,,,,,,,,,,,,,,,,,,,,,,,,,,,,,,,,,,,,,,,,,,,,,,,,,,,,,,,,,,,,,,,,,,,,,,,,,,,,,,,,,,,,,,,,,,,,,,,,,,,,,,,,,,,,,,,,,,,,,,,,,,,,
827,,,,,,,,,,,,,,,,r.-100.1.0,,,,,,,,,,,,,,,,,,,,,,,,,,,,,,,r.-100.1.0,,,,,,,,,,,,,,,,,,,,,,,,,,,,,,,,,,,,,,,,,,,,,,,,,,,,,,,,,,,,,,,,,,,,,,,,,,,,,,,,,,,,,,,,,,,,,,,,,,,,,,,,,,,,,,,,,,,,,,,,,,,,,,,,,,,,,,,,,,,,,,,,,,,,,,,,,,,,,,,,,,,,,,,,,,,,,,,
828,,,,,,,,,,,,,,,,p.829/r.-33.0.0/r.-32.0.0,,,,,,,,,,,,,,,,,,,,,,,,,,,,,,,r.-33.0.0/r.-32.0.0,,,,,,,,,,,,,,,,,,,,,,,,,,,,,,,,,,,,,,,,,,,,,,,,,,,,,,,,,,,,,,,,,,,,,,,,,,,,p.830,,,,p.831,p.832,,,,,,,,,,,,,,,,,,,,,,,,,,,,,,,,,,,,,,,,,,,,,,,,,,,,,,,,,,,,,,,,,,,,,,,,,,,,,,,,,,,,,,,,,,,,,,
829,,,,,,,,,,,,,,,,r.-33.1.0,,,,,,,,,,,,,,,,,,,,,,,,,,,,,,,r.-33.1.0,,,,,,,,,,,,,,,,,,,,,,,,,,,,,,,,,,,,,,,,,,,,,,,,,,,,,,,,,,,,,,,,,,,,,,,,,,,,,,,,,,,,,,,,,,,,,,,,,,,,,,,,,,,,,,,,,,,,,,,,,,,,,,,,,,,,,,,,,,,,,,,,,,,,,,,,,,,,,,,,,,,,,,,,,,,,,,,
830,,,,,,,,,,,,,,,,r.-101.3.0,,,,,,,,,,,,,,,,,,,,,,,,,,,,,,,r.-101.3.0,,,,,,,,,,,,,,,,,,,,,,,,,,,,,,,,,,,,,,,,,,,,,,,,,,,,,,,,,,,,,,,,,,,,,,,,,,,,,,,,,,,,,,,,,,,,,,,,,,,,,,,,,,,,,,,,,,,,,,,,,,,,,,,,,,,,,,,,,,,,,,,,,,,,,,,,,,,,,,,,,,,,,,,,,,,,,,,
831,,,,,,,,,,,,,,,,r.-28.1.0,,,,,,,,,,,,,,,,,,,,,,,,,,,,,,,r.-28.1.0,,,,,,,,,,,,,,,,,,,,,,,,,,,,,,,,,,,,,,,,,,,,,,,,,,,,,,,,,,,,,,,,,,,,,,,,,,,,,,,,,,,,,,,,,,,,,,,,,,,,,,,,,,,,,,,,,,,,,,,,,,,,,,,,,,,,,,,,,,,,,,,,,,,,,,,,,,,,,,,,,,,,,,,,,,,,,,,
832,,,,,,,,,,,,,,,,p.829/r.-33.0.0/r.-32.0.0,,,,,,,,,,,,,,,,,,,,,,,,,,,,,,,r.-33.0.0/r.-32.0.0,,,,,,,,,,,,,,,,,,,,,,,,,,,,,,,,,,,,,,,,,,,,,,,,,,,,,,,,,,,,,,,,,,,,,,,,,,,,,,,,p.833,p.832,,,,,,,,,,,,,,,,,,,,,,,,,,,,,,,,,,,,,,,,,,,,,,,,,,,,,,,,,,,,,,,,,,,,,,,,,,,,,,,,,,,,,,,,,,,,,,
833,,,,,,,,,,,,,,,,r.-32.2.0,,,,,,,,,,,,,,,,,,,,,,,,,,,,,,,r.-32.2.0,,,,,,,,,,,,,,,,,,,,,,,,,,,,,,,,,,,,,,,,,,,,,,,,,,,,,,,,,,,,,,,,,,,,,,,,,,,,,,,,,,,,,,,,,,,,,,,,,,,,,,,,,,,,,,,,,,,,,,,,,,,,,,,,,,,,,,,,,,,,,,,,,,,,,,,,,,,,,,,,,,,,,,,,,,,,,,,
834,,,,,,,,,,,,,,,,p.78/r.-32.0.0/r.-33.0.0,,,,,,,,,,,,,,,,,,,,,,,,,,,,,,,,,,,,,,,,,,,,,,,,,,,,,,,,,,,,,,,,,,,,,,,,,,,,,,,,,,,,,,,,,,,,,,,,,,,,,,,,,,,p.835,,,,p.98,p.99,,,,,,,,,,,,,,,,,,,,,,,,,,,,,,,,,,,,,,,,,,,,,,,,,,,,,,,,,,,,,,,,,,,,,,,,,,,,,,,,,,,,,,,,,,,,,,
835,,,,,,,,,,,,,,,,r.-102.3.0,,,,,,,,,,,,,,,,,,,,,,,,,,,,,,,,,,,,,,,,,,,,,,,,,,,,,,,,,,,,,,,,,,,,,,,,,,,,,,,,,,,,,,,,,,,,,,,,,,,,,,,,,,,,,,,,,,,,,,,,,,,,,,,,,,,,,,,,,,,,,,,,,,,,,,,,,,,,,,,,,,,,,,,,,,,,,,,,,,,,,,,,,,,,,,,,,,,,,,,,,,,,,,
836,,,,,,,,,,,,,,,,p.78/r.-32.0.0/r.-33.0.0,,,,,,,,,,,,,,,,,,,,,,,,,,,,,,,,,,,,,,,,,,,,,,,,,,,,,,,,,,,,,,,,,,,,,,,,,,,,,,,,,,,,,,,,,,,,,,,,,,,,,,,,,,,p.837,,,,p.98,p.99,,,,,,,,,,,,,,,,,,,,,,,,,,,,,,,,,,,,,,,,,,,,,,,,,,,,,,,,,,,,,,,,,,,,,,,,,,,,,,,,,,,,,,,,,,,,,,
837,,,,,,,,,,,,,,,,p.838,,,,,,,,,,,,,,,,,,,,,,,,,,,,,,,,,,,,,,,,,,,,,,,,,,,,,,,,,,,,,,,,,,,,,,,,,,,,,,,,,,,,,,,,,,,,,,,,,,,,,,,,,,,,,,,,,,,,,,,,,,,,,,,,,,,,,,,,,,,,,,,,,,,,,,,,,,,,,,,,,,,,,,,,,,,,,,,,,,,,,,,,,,,,,,,,,,,,,,,,,,,,,,
838,,,,,,,,,,,,,p.839,,,,,,,,,,,,,,,,,,,,,,,,,,,,,,,,,,,,,,,,,,,,,,,,,,,,,,,,,,,,,,,,,,,,,,,,,,,,,,,,,,,,,,,,,,,,,,,,,,,,,,,,,,,,,,,,,,,,,,,,,,,,,,,,,,,,,,,,,,,,,,,,,,,,,,,,,,,,,,,,,,,,,,,,,,,,,,,,,,,,,,,,,,,,,,,,,,,,,,,,,,,,,,,,,
839,,p.840,,,,,,,,,,,,,,,,,,,,,,,,,,,,,,,,,,,,,,,,,,,,,,,,,,,,,,,,,,,,,,,,,,,,,,,,,,,,,,,,,,,,,,,,,,,,,,,,,,,,,,,,,,,,,,,,,,,,,,,,,,,,,,,,,,,,,,,,,,,,,,,,,,,,,,,,,,,,,,,,,,,,,,,,,,,,,,,,,,,,,,,,,,,,,,,,,,,,,,,,,,,,,,,,,,,,,,,,,,,,
840,,,,,,,,,,,,,,,,,p.841,,,,,,,,,,,,,,,,,,,,,,,,,,,,,,,,,,,,,,,,,,,,,,,,,,,,,,,,,,,,,,,,,,,,,,,,,,,,,,,,,,,,,,,,,,,,,,,,,,,,,,,,,,,,,,,,,,,,,,,,,,,,,,,,,,,,,,,,,,,,,,,,,,,,,,,,,,,,,,,,,,,,,,,,,,,,,,,,,,,,,,,,,,,,,,,,,,,,,,,,,,,,,
841,,p.842,,,,,,,,,,,,,,,,,,,,,,,,,,,,,,,,,,,,,,,,,,,,,,,,,,,,,,,,,,,,,,,,,,,,,,,,,,,,,,,,,,,,,,,,,,,,,,,,,,,,,,,,,,,,,,,,,,,,,,,,,,,,,,,,,,,,,,,,,,,,,,,,,,,,,,,,,,,,,,,,,,,,,,,,,,,,,,,,,,,,,,,,,,,,,,,,,,,,,,,,,,,,,,,,,,,,,,,,,,,,
842,,,,,,,,,,,p.843,,,,,,,,,,,,,,,,,,,,,,,,,,,,,,,,,,,,,,,,,,,,,,,,,,,,,,,,,,,,,,,,,,,,,,,,,,,,,,,,,,,,,,,,,,,,,,,,,,,,,,,,,,,,,,,,,,,,,,,,,,,,,,,,,,,,,,,,,,,,,,,,,,,,,,,,,,,,,,,,,,,,,,,,,,,,,,,,,,,,,,,,,,,,,,,,,,,,,,,,,,,,,,,,,,,
843,,,,,,,,,,,,,,p.844,,,,,,,,,,,,,,,,,,,,,,,,,,,,,,,,,,,,,,,,,,,,,,,,,,,,,,,,,,,,,,,,,,,,,,,,,,,,,,,,,,,,,,,,,,,,,,,,,,,,,,,,,,,,,,,,,,,,,,,,,,,,,,,,,,,,,,,,,,,,,,,,,,,,,,,,,,,,,,,,,,,,,,,,,,,,,,,,,,,,,,,,,,,,,,,,,,,,,,,,,,,,,,,,
844,,,,,,,,,,,,,,,,,,p.845,,,,,,,,,,,,,,,,,,,,,,,,,,,,,,,,,,,,,,,,,,,,,,,,,,,,,,,,,,,,,,,,,,,,,,,,,,,,,,,,,,,,,,,,,,,,,,,,,,,,,,,,,,,,,,,,,,,,,,,,,,,,,,,,,,,,,,,,,,,,,,,,,,,,,,,,,,,,,,,,,,,,,,,,,,,,,,,,,,,,,,,,,,,,,,,,,,,,,,,,,,,,
845,,,,p.846,,,,,,,,,,,,,,,,,,,,,,,,,,,,,,,,,,,,,,,,,,,,,,,,,,,,,,,,,,,,,,,,,,,,,,,,,,,,,,,,,,,,,,,,,,,,,,,,,,,,,,,,,,,,,,,,,,,,,,,,,,,,,,,,,,,,,,,,,,,,,,,,,,,,,,,,,,,,,,,,,,,,,,,,,,,,,,,,,,,,,,,,,,,,,,,,,,,,,,,,,,,,,,,,,,,,,,,,,,
846,,,,,,,,,,,,,,,r.-7.12.0,r.-7.12.0,,,,,,,,,,,,,,,,,,,,,,,,,,,,,,,,,,,,,,,,,,,,,,,,,,,,,,,,,,,,,,,,,,,,,,,,,,,,,,,,,,,,,,,,,,,,,,,,,,,,,,,,,,,,,,,,,,,,,,,,,,,,,,,,,,,,,,,,,,,,,,,,,,,,,,,,,,,,,,,,,,,,,,,,,,,,,,,,,,,,,,,,,,,,,,,,,,,,,,,,,,,,,,
847,p.427/r.-79.0.0,p.428/r.-79.0.0,p.429/r.-79.0.0,p.430/r.-79.0.0,p.431/r.-79.0.0,p.432/r.-79.0.0,p.346/r.-79.0.0,p.347/r.-79.0.0,p.348/r.-79.0.0,p.349/r.-79.0.0,p.433/r.-79.0.0,p.434/r.-79.0.0,p.435/r.-79.0.0,p.436/r.-79.0.0,p.354/r.-79.0.0,p.355/r.-79.0.0/r.-93.0.0,p.437/r.-79.0.0,p.438/r.-79.0.0,p.358/r.-79.0.0,p.359/r.-79.0.0,p.439/r.-79.0.0,p.440/r.-79.0.0,p.441/r.-79.0.0,p.442/r.-79.0.0,p.443/r.-79.0.0,p.444/r.-79.0.0,p.445/r.-79.0.0,p.446/r.-79.0.0,p.447/r.-79.0.0,p.448/r.-79.0.0,p.449/r.-79.0.0,p.450/r.-79.0.0,p.451/r.-79.0.0,p.452/r.-79.0.0,p.364/r.-79.0.0,p.365/r.-79.0.0,p.453/r.-79.0.0,p.454/r.-79.0.0,p.455/r.-79.0.0,p.456/r.-79.0.0,p.370/r.-79.0.0,p.457/r.-79.0.0,p.372/r.-79.0.0,p.458/r.-79.0.0,p.374/r.-79.0.0,p.375/r.-79.0.0,p.376/r.-79.0.0,p.377/r.-79.0.0,p.378/r.-79.0.0,p.379/r.-79.0.0,p.380/r.-79.0.0,p.381/r.-79.0.0,p.382/r.-79.0.0,p.383/r.-79.0.0,p.384/r.-79.0.0,p.385/r.-79.0.0,p.386/r.-79.0.0,p.387/r.-79.0.0,p.459/r.-79.0.0,p.389/r.-79.0.0,p.460/r.-79.0.0,p.391/r.-79.0.0,p.392/r.-79.0.0,p.393/r.-79.0.0,p.461/r.-79.0.0,p.395/r.-79.0.0,p.396/r.-79.0.0,p.397/r.-79.0.0,p.398/r.-79.0.0,p.399/r.-79.0.0,p.400/r.-79.0.0,p.462/r.-79.0.0,p.402/r.-79.0.0,p.403/r.-79.0.0,p.404/r.-79.0.0,p.405/r.-79.0.0,p.406/r.-79.0.0,p.407/r.-79.0.0,p.408/r.-79.0.0,p.409/r.-79.0.0,p.410/r.-79.0.0,p.411/r.-79.0.0,p.412/r.-79.0.0,p.413/r.-79.0.0,p.414/r.-79.0.0,p.415/r.-79.0.0,p.416/r.-79.0.0,p.463/r.-79.0.0,p.418/r.-79.0.0,p.419/r.-79.0.0,p.420/r.-79.0.0,p.421/r.-79.0.0,p.422/r.-79.0.0,p.464/r.-79.0.0,,,,,,,,,,,,,,,,,,,,,,,,,,,,,,,,,,,,,,,,,,,,,,,,,,,,,,,,,,,,,,,,,,,,,,,,,,,,,,,,p.424,,p.465,,,,,,,,,,,,p.848,,p.849,,,,,,,,,,,,,,,,,,,,,,,,,,,,,,,,
848,,,,,,,,,,,,,,,,r.-125.3.0,,,,,,,,,,,,,,,,,,,,,,,,,,,,,,,,,,,,,,,,,,,,,,,,,,,,,,,,,,,,,,,,,,,,,,,,,,,,,,,,,,,,,,,,,,,,,,,,,,,,,,,,,,,,,,,,,,,,,,,,,,,,,,,,,,,,,,,,,,,,,,,,,,,,,,,,,,,,,,,,,,,,,,,,,,,,,,,,,,,,,,,,,,,,,,,,,,,,,,,,,,,,,,
849,p.427/r.-79.0.0,p.428/r.-79.0.0,p.429/r.-79.0.0,p.430/r.-79.0.0,p.431/r.-79.0.0,p.432/r.-79.0.0,p.346/r.-79.0.0,p.347/r.-79.0.0,p.348/r.-79.0.0,p.349/r.-79.0.0,p.433/r.-79.0.0,p.434/r.-79.0.0,p.435/r.-79.0.0,p.436/r.-79.0.0,p.354/r.-79.0.0,p.355/r.-79.0.0/r.-93.0.0,p.437/r.-79.0.0,p.438/r.-79.0.0,p.358/r.-79.0.0,p.359/r.-79.0.0,p.439/r.-79.0.0,p.440/r.-79.0.0,p.441/r.-79.0.0,p.442/r.-79.0.0,p.443/r.-79.0.0,p.444/r.-79.0.0,p.445/r.-79.0.0,p.446/r.-79.0.0,p.447/r.-79.0.0,p.448/r.-79.0.0,p.449/r.-79.0.0,p.450/r.-79.0.0,p.451/r.-79.0.0,p.452/r.-79.0.0,p.364/r.-79.0.0,p.365/r.-79.0.0,p.453/r.-79.0.0,p.454/r.-79.0.0,p.455/r.-79.0.0,p.456/r.-79.0.0,p.370/r.-79.0.0,p.457/r.-79.0.0,p.372/r.-79.0.0,p.458/r.-79.0.0,p.374/r.-79.0.0,p.375/r.-79.0.0,p.376/r.-79.0.0,p.377/r.-79.0.0,p.378/r.-79.0.0,p.379/r.-79.0.0,p.380/r.-79.0.0,p.381/r.-79.0.0,p.382/r.-79.0.0,p.383/r.-79.0.0,p.384/r.-79.0.0,p.385/r.-79.0.0,p.386/r.-79.0.0,p.387/r.-79.0.0,p.459/r.-79.0.0,p.389/r.-79.0.0,p.460/r.-79.0.0,p.391/r.-79.0.0,p.392/r.-79.0.0,p.393/r.-79.0.0,p.461/r.-79.0.0,p.395/r.-79.0.0,p.396/r.-79.0.0,p.397/r.-79.0.0,p.398/r.-79.0.0,p.399/r.-79.0.0,p.400/r.-79.0.0,p.462/r.-79.0.0,p.402/r.-79.0.0,p.403/r.-79.0.0,p.404/r.-79.0.0,p.405/r.-79.0.0,p.406/r.-79.0.0,p.407/r.-79.0.0,p.408/r.-79.0.0,p.409/r.-79.0.0,p.410/r.-79.0.0,p.411/r.-79.0.0,p.412/r.-79.0.0,p.413/r.-79.0.0,p.414/r.-79.0.0,p.415/r.-79.0.0,p.416/r.-79.0.0,p.463/r.-79.0.0,p.418/r.-79.0.0,p.419/r.-79.0.0,p.420/r.-79.0.0,p.421/r.-79.0.0,p.422/r.-79.0.0,p.464/r.-79.0.0,,,,,,,,,,,,,,,,,,,,,,,,,,,,,,,,,,,,,,,,,,,,,,,,,,,,,,,,,,,,,,,,,,,,,,,,,,,,,,,,p.424,,p.465,,,,,,,,,,,,p.850,,p.849,,,,,,,,,,,,,,,,,,,,,,,,,,,,,,,,
850,,,,,,,,,,,,,,,,r.-93.2.0,,,,,,,,,,,,,,,,,,,,,,,,,,,,,,,,,,,,,,,,,,,,,,,,,,,,,,,,,,,,,,,,,,,,,,,,,,,,,,,,,,,,,,,,,,,,,,,,,,,,,,,,,,,,,,,,,,,,,,,,,,,,,,,,,,,,,,,,,,,,,,,,,,,,,,,,,,,,,,,,,,,,,,,,,,,,,,,,,,,,,,,,,,,,,,,,,,,,,,,,,,,,,,
851,,,,,,,,,,,,,,,,r.-42.0.0,,,,,,,,,,,,,,,,,,,,p.50,,,,,,,,,,,,p.51,,p.52,,p.53,,,,,,,,,,,,,,,,,,,,,,,,,,,,,,,,,,,,,,,,,,,,,,,,,,,,,,,,,p.55,,,,,,,,,,,,,,,,,,,,,,,,,,,,p.852,,p.853,,,,,,,,,,,,,,,,,,,,,,,,,,,p.64,p.65,,,,,,,,,,,,,,,,,,,,,,,,,,,,,,,p.71,,,,,,,,,,,,,,,,,,,,,,,,
852,,,,,,,,,,,,,,,,r.-115.3.0,,,,,,,,,,,,,,,,,,,,,,,,,,,,,,,,,,,,,,,,,,,,,,,,,,,,,,,,,,,,,,,,,,,,,,,,,,,,,,,,,,,,,,,,,,,,,,,,,,,,,,,,,,,,,,,,,,,,,,,,,,,,,,,,,,,,,,,,,,,,,,,,,,,,,,,,,,,,,,,,,,,,,,,,,,,,,,,,,,,,,,,,,,,,,,,,,,,,,,,,,,,,,,
853,,,,,,,,,,,,,,,,r.-42.0.0,,,,,,,,,,,,,,,,,,,,p.50,,,,,,,,,,,,p.51,,p.52,,p.53,,,,,,,,,,,,,,,,,,,,,,,,,,,,,,,,,,,,,,,,,,,,,,,,,,,,,,,,,p.55,,,,,,,,,,,,,,,,,,,,,,,,,,,,p.854,,p.853,,,,,,,,,,,,,,,,,,,,,,,,,,,p.64,p.65,,,,,,,,,,,,,,,,,,,,,,,,,,,,,,,p.71,,,,,,,,,,,,,,,,,,,,,,,,
854,,,,,,,,,,,,,,,,r.-42.2.0,,,,,,,,,,,,,,,,,,,,,,,,,,,,,,,,,,,,,,,,,,,,,,,,,,,,,,,,,,,,,,,,,,,,,,,,,,,,,,,,,,,,,,,,,,,,,,,,,,,,,,,,,,,,,,,,,,,,,,,,,,,,,,,,,,,,,,,,,,,,,,,,,,,,,,,,,,,,,,,,,,,,,,,,,,,,,,,,,,,,,,,,,,,,,,,,,,,,,,,,,,,,,,
855,,,,,,,,,,,,,,,,,,,,,,,,,,,,,,,,,,,,,,,,,,,,,,,,,,,,,,,,,,,,,,,,,,,,,,,,,,,,,,,,,,,,,,,,,,,,,,,r.-67.2.0,,,,,,,,,,,,,,,,,,,,,,,,,,,,,,,,,,,,,,,,,,,,,,,,,,,,,,,,,,,,,,,,,,,,,,,,,,,,,,,,,,,,,,,,,,,,,,,,,,,,,,,,,,,,,,,,,,,,,,,,,,,,,,,
856,r.-35.0.0,r.-35.0.0,r.-35.0.0,r.-35.0.0,r.-35.0.0,p.26/r.-35.0.0,r.-35.0.0,p.27/r.-35.0.0,r.-35.0.0,r.-35.0.0,r.-35.0.0,r.-35.0.0,r.-35.0.0,r.-35.0.0,r.-35.0.0,r.-35.0.0,r.-35.0.0,r.-35.0.0,r.-35.0.0,r.-35.0.0,r.-35.0.0,r.-35.0.0,r.-35.0.0,r.-35.0.0,r.-35.0.0,r.-35.0.0,r.-35.0.0,r.-35.0.0,r.-35.0.0,r.-35.0.0,r.-35.0.0,r.-35.0.0,r.-35.0.0,r.-35.0.0,r.-35.0.0,r.-35.0.0,r.-35.0.0,r.-35.0.0,r.-35.0.0,r.-35.0.0,r.-35.0.0,r.-35.0.0,r.-35.0.0,r.-35.0.0,r.-35.0.0,r.-35.0.0,r.-35.0.0,r.-35.0.0,r.-35.0.0,r.-35.0.0,r.-35.0.0,r.-35.0.0,r.-35.0.0,r.-35.0.0,r.-35.0.0,r.-35.0.0,r.-35.0.0,r.-35.0.0,r.-35.0.0,r.-35.0.0,r.-35.0.0,r.-35.0.0,r.-35.0.0,r.-35.0.0,r.-35.0.0,r.-35.0.0,r.-35.0.0,r.-35.0.0,r.-35.0.0,r.-35.0.0,r.-35.0.0,r.-35.0.0,r.-35.0.0,r.-35.0.0,r.-35.0.0,r.-35.0.0,r.-35.0.0,r.-35.0.0,r.-35.0.0,r.-35.0.0,r.-35.0.0,r.-35.0.0,r.-35.0.0,r.-35.0.0,r.-35.0.0,r.-35.0.0,r.-35.0.0,r.-35.0.0,r.-35.0.0,r.-35.0.0,r.-35.0.0,r.-35.0.0,r.-35.0.0,r.-35.0.0,r.-35.0.0,,,p.857,p.858,,,,,,,,,,,,,,,,,,,,,,,,,,,,,,,p.859,p.860,,,,,,,,,,,,,,,,,,,,,,,,,,,,,,,,,,,,,,,,,,,,,,,,,,,,,,,,,,,,,,,,,,,,,,,,,,,,,,,,,,,,,,,,,,,
857,,,,,,,,,,,,,,,,p.868,,,,,,,,,,,,,,,,,,,,,,,,,,,,,,,,,,,,,,,,,,,,,,,,,,,,,,,,,,,,,,,,,,,,,,,,,,,,,,,,,,,,,,,,,,,,,,,,,,,,,,,,,,,,,,,,,,,,,,,,,,,,,,,,,,,,,,,,,,,,,,,,,,,,,,,,,,,,,,,,,,,,,,,,,,,,,,,,,,,,,,,,,,,,,,,,,,,,,,,,,,,,,,
858,,,,,,,,,,,,,,,,p.862,,,,,,,,,,,,,,,,,,,,,,,,,,,,,,,,,,,,,,,,,,,,,,,,,,,,,,,,,,,,,,,,,,,,,,,,,,,,,,,,,,,,,,,,,,,,,,,,,,,,,,,,,,,,,,,,,,,,,,,,,,,,,,,,,,,,,,,,,,,,,,,,,,,,,,,,,,,,,,,,,,,,,,,,,,,,,,,,,,,,,,,,,,,,,,,,,,,,,,,,,,,,,,
859,r.-68.3.0,r.-68.3.0,r.-68.3.0,r.-68.3.0,r.-68.3.0,r.-68.3.0,r.-68.3.0,r.-68.3.0,r.-68.3.0,r.-68.3.0,r.-68.3.0,r.-68.3.0,r.-68.3.0,r.-68.3.0,r.-68.3.0,r.-68.3.0,r.-68.3.0,r.-68.3.0,r.-68.3.0,r.-68.3.0,r.-68.3.0,r.-68.3.0,r.-68.3.0,r.-68.3.0,r.-68.3.0,r.-68.3.0,r.-68.3.0,r.-68.3.0,r.-68.3.0,r.-68.3.0,r.-68.3.0,r.-68.3.0,r.-68.3.0,r.-68.3.0,r.-68.3.0,r.-68.3.0,r.-68.3.0,r.-68.3.0,r.-68.3.0,r.-68.3.0,r.-68.3.0,r.-68.3.0,r.-68.3.0,r.-68.3.0,r.-68.3.0,r.-68.3.0,r.-68.3.0,r.-68.3.0,r.-68.3.0,r.-68.3.0,r.-68.3.0,r.-68.3.0,r.-68.3.0,r.-68.3.0,r.-68.3.0,r.-68.3.0,r.-68.3.0,r.-68.3.0,r.-68.3.0,r.-68.3.0,r.-68.3.0,r.-68.3.0,r.-68.3.0,r.-68.3.0,r.-68.3.0,r.-68.3.0,r.-68.3.0,r.-68.3.0,r.-68.3.0,r.-68.3.0,r.-68.3.0,r.-68.3.0,r.-68.3.0,r.-68.3.0,r.-68.3.0,r.-68.3.0,r.-68.3.0,r.-68.3.0,r.-68.3.0,r.-68.3.0,r.-68.3.0,r.-68.3.0,r.-68.3.0,r.-68.3.0,r.-68.3.0,r.-68.3.0,r.-68.3.0,r.-68.3.0,r.-68.3.0,r.-68.3.0,r.-68.3.0,r.-68.3.0,r.-68.3.0,r.-68.3.0,r.-68.3.0,,,,,,,,,,,,,,,,,,,,,,,,,,,,,,,,,,,,,,,,,,,,,,,,,,,,,,,,,,,,,,,,,,,,,,,,,,,,,,,,,,,,,,,,,,,,,,,,,,,,,,,,,,,,,,,,,,,,,,,,,,,,,,,
860,r.-35.0.0,r.-35.0.0,r.-35.0.0,r.-35.0.0,r.-35.0.0,p.26/r.-35.0.0,r.-35.0.0,p.27/r.-35.0.0,r.-35.0.0,r.-35.0.0,r.-35.0.0,r.-35.0.0,r.-35.0.0,r.-35.0.0,r.-35.0.0,r.-35.0.0,r.-35.0.0,r.-35.0.0,r.-35.0.0,r.-35.0.0,r.-35.0.0,r.-35.0.0,r.-35.0.0,r.-35.0.0,r.-35.0.0,r.-35.0.0,r.-35.0.0,r.-35.0.0,r.-35.0.0,r.-35.0.0,r.-35.0.0,r.-35.0.0,r.-35.0.0,r.-35.0.0,r.-35.0.0,r.-35.0.0,r.-35.0.0,r.-35.0.0,r.-35.0.0,r.-35.0.0,r.-35.0.0,r.-35.0.0,r.-35.0.0,r.-35.0.0,r.-35.0.0,r.-35.0.0,r.-35.0.0,r.-35.0.0,r.-35.0.0,r.-35.0.0,r.-35.0.0,r.-35.0.0,r.-35.0.0,r.-35.0.0,r.-35.0.0,r.-35.0.0,r.-35.0.0,r.-35.0.0,r.-35.0.0,r.-35.0.0,r.-35.0.0,r.-35.0.0,r.-35.0.0,r.-35.0.0,r.-35.0.0,r.-35.0.0,r.-35.0.0,r.-35.0.0,r.-35.0.0,r.-35.0.0,r.-35.0.0,r.-35.0.0,r.-35.0.0,r.-35.0.0,r.-35.0.0,r.-35.0.0,r.-35.0.0,r.-35.0.0,r.-35.0.0,r.-35.0.0,r.-35.0.0,r.-35.0.0,r.-35.0.0,r.-35.0.0,r.-35.0.0,r.-35.0.0,r.-35.0.0,r.-35.0.0,r.-35.0.0,r.-35.0.0,r.-35.0.0,r.-35.0.0,r.-35.0.0,r.-35.0.0,r.-35.0.0,,,p.857,p.858,,,,,,,,,,,,,,,,,,,,,,,,,,,,,,,p.861,p.860,,,,,,,,,,,,,,,,,,,,,,,,,,,,,,,,,,,,,,,,,,,,,,,,,,,,,,,,,,,,,,,,,,,,,,,,,,,,,,,,,,,,,,,,,,,
861,r.-35.2.0,r.-35.2.0,r.-35.2.0,r.-35.2.0,r.-35.2.0,r.-35.2.0,r.-35.2.0,r.-35.2.0,r.-35.2.0,r.-35.2.0,r.-35.2.0,r.-35.2.0,r.-35.2.0,r.-35.2.0,r.-35.2.0,r.-35.2.0,r.-35.2.0,r.-35.2.0,r.-35.2.0,r.-35.2.0,r.-35.2.0,r.-35.2.0,r.-35.2.0,r.-35.2.0,r.-35.2.0,r.-35.2.0,r.-35.2.0,r.-35.2.0,r.-35.2.0,r.-35.2.0,r.-35.2.0,r.-35.2.0,r.-35.2.0,r.-35.2.0,r.-35.2.0,r.-35.2.0,r.-35.2.0,r.-35.2.0,r.-35.2.0,r.-35.2.0,r.-35.2.0,r.-35.2.0,r.-35.2.0,r.-35.2.0,r.-35.2.0,r.-35.2.0,r.-35.2.0,r.-35.2.0,r.-35.2.0,r.-35.2.0,r.-35.2.0,r.-35.2.0,r.-35.2.0,r.-35.2.0,r.-35.2.0,r.-35.2.0,r.-35.2.0,r.-35.2.0,r.-35.2.0,r.-35.2.0,r.-35.2.0,r.-35.2.0,r.-35.2.0,r.-35.2.0,r.-35.2.0,r.-35.2.0,r.-35.2.0,r.-35.2.0,r.-35.2.0,r.-35.2.0,r.-35.2.0,r.-35.2.0,r.-35.2.0,r.-35.2.0,r.-35.2.0,r.-35.2.0,r.-35.2.0,r.-35.2.0,r.-35.2.0,r.-35.2.0,r.-35.2.0,r.-35.2.0,r.-35.2.0,r.-35.2.0,r.-35.2.0,r.-35.2.0,r.-35.2.0,r.-35.2.0,r.-35.2.0,r.-35.2.0,r.-35.2.0,r.-35.2.0,r.-35.2.0,r.-35.2.0,r.-35.2.0,,,,,,,,,,,,,,,,,,,,,,,,,,,,,,,,,,,,,,,,,,,,,,,,,,,,,,,,,,,,,,,,,,,,,,,,,,,,,,,,,,,,,,,,,,,,,,,,,,,,,,,,,,,,,,,,,,,,,,,,,,,,,,,
862,r.-32.0.0/r.-33.0.0,r.-32.0.0/r.-33.0.0,r.-33.0.0/r.-32.0.0,r.-33.0.0/r.-32.0.0,r.-33.0.0/r.-32.0.0,r.-32.0.0/r.-33.0.0,r.-32.0.0/r.-33.0.0,r.-33.0.0/r.-32.0.0,r.-32.0.0/r.-33.0.0,r.-32.0.0/r.-33.0.0,r.-33.0.0/r.-32.0.0,r.-32.0.0/r.-33.0.0,r.-33.0.0/r.-32.0.0,r.-33.0.0/r.-32.0.0,r.-33.0.0/r.-32.0.0,p.863/r.-32.0.0/r.-33.0.0,r.-33.0.0/r.-32.0.0,r.-32.0.0/r.-33.0.0,r.-32.0.0/r.-33.0.0,r.-33.0.0/r.-32.0.0,r.-33.0.0/r.-32.0.0,r.-32.0.0/r.-33.0.0,r.-33.0.0/r.-32.0.0,r.-33.0.0/r.-32.0.0,r.-32.0.0/r.-33.0.0,r.-33.0.0/r.-32.0.0,r.-33.0.0/r.-32.0.0,r.-32.0.0/r.-33.0.0,r.-33.0.0/r.-32.0.0,r.-32.0.0/r.-33.0.0,r.-32.0.0/r.-33.0.0,r.-32.0.0/r.-33.0.0,r.-33.0.0/r.-32.0.0,r.-32.0.0/r.-33.0.0,r.-32.0.0/r.-33.0.0,r.-32.0.0/r.-33.0.0,r.-33.0.0/r.-32.0.0,r.-32.0.0/r.-33.0.0,r.-33.0.0/r.-32.0.0,r.-33.0.0/r.-32.0.0,r.-33.0.0/r.-32.0.0,r.-33.0.0/r.-32.0.0,r.-33.0.0/r.-32.0.0,r.-32.0.0/r.-33.0.0,r.-33.0.0/r.-32.0.0,r.-33.0.0/r.-32.0.0,r.-32.0.0/r.-33.0.0,r.-32.0.0/r.-33.0.0,r.-33.0.0/r.-32.0.0,r.-33.0.0/r.-32.0.0,r.-33.0.0/r.-32.0.0,r.-32.0.0/r.-33.0.0,r.-32.0.0/r.-33.0.0,r.-33.0.0/r.-32.0.0,r.-32.0.0/r.-33.0.0,r.-33.0.0/r.-32.0.0,r.-33.0.0/r.-32.0.0,r.-32.0.0/r.-33.0.0,r.-33.0.0/r.-32.0.0,r.-33.0.0/r.-32.0.0,r.-33.0.0/r.-32.0.0,r.-32.0.0/r.-33.0.0,r.-32.0.0/r.-33.0.0,r.-33.0.0/r.-32.0.0,r.-32.0.0/r.-33.0.0,r.-32.0.0/r.-33.0.0,r.-32.0.0/r.-33.0.0,r.-33.0.0/r.-32.0.0,r.-33.0.0/r.-32.0.0,r.-33.0.0/r.-32.0.0,r.-32.0.0/r.-33.0.0,r.-32.0.0/r.-33.0.0,r.-32.0.0/r.-33.0.0,r.-33.0.0/r.-32.0.0,r.-32.0.0/r.-33.0.0,r.-32.0.0/r.-33.0.0,r.-33.0.0/r.-32.0.0,r.-32.0.0/r.-33.0.0,r.-32.0.0/r.-33.0.0,r.-33.0.0/r.-32.0.0,r.-32.0.0/r.-33.0.0,r.-33.0.0/r.-32.0.0,r.-32.0.0/r.-33.0.0,r.-32.0.0/r.-33.0.0,r.-33.0.0/r.-32.0.0,r.-32.0.0/r.-33.0.0,r.-33.0.0/r.-32.0.0,r.-32.0.0/r.-33.0.0,r.-32.0.0/r.-33.0.0,r.-32.0.0/r.-33.0.0,r.-33.0.0/r.-32.0.0,r.-33.0.0/r.-32.0.0,r.-32.0.0/r.-33.0.0,r.-33.0.0/r.-32.0.0,r.-33.0.0/r.-32.0.0,,,,,,,,,,,,,,,,,,,,,,,,,,,,p.864,,,,p.865,p.866,,,,,,,,,,,,,,,,,,,,,,,,,,,,,,,,,,,,,,,,,,,,,,,,,,,,,,,,,,,,,,,,,,,,,,,,,,,,,,,,,,,,,,,,,,,,,,
863,r.-33.1.0,r.-33.1.0,r.-33.1.0,r.-33.1.0,r.-33.1.0,r.-33.1.0,r.-33.1.0,r.-33.1.0,r.-33.1.0,r.-33.1.0,r.-33.1.0,r.-33.1.0,r.-33.1.0,r.-33.1.0,r.-33.1.0,r.-33.1.0,r.-33.1.0,r.-33.1.0,r.-33.1.0,r.-33.1.0,r.-33.1.0,r.-33.1.0,r.-33.1.0,r.-33.1.0,r.-33.1.0,r.-33.1.0,r.-33.1.0,r.-33.1.0,r.-33.1.0,r.-33.1.0,r.-33.1.0,r.-33.1.0,r.-33.1.0,r.-33.1.0,r.-33.1.0,r.-33.1.0,r.-33.1.0,r.-33.1.0,r.-33.1.0,r.-33.1.0,r.-33.1.0,r.-33.1.0,r.-33.1.0,r.-33.1.0,r.-33.1.0,r.-33.1.0,r.-33.1.0,r.-33.1.0,r.-33.1.0,r.-33.1.0,r.-33.1.0,r.-33.1.0,r.-33.1.0,r.-33.1.0,r.-33.1.0,r.-33.1.0,r.-33.1.0,r.-33.1.0,r.-33.1.0,r.-33.1.0,r.-33.1.0,r.-33.1.0,r.-33.1.0,r.-33.1.0,r.-33.1.0,r.-33.1.0,r.-33.1.0,r.-33.1.0,r.-33.1.0,r.-33.1.0,r.-33.1.0,r.-33.1.0,r.-33.1.0,r.-33.1.0,r.-33.1.0,r.-33.1.0,r.-33.1.0,r.-33.1.0,r.-33.1.0,r.-33.1.0,r.-33.1.0,r.-33.1.0,r.-33.1.0,r.-33.1.0,r.-33.1.0,r.-33.1.0,r.-33.1.0,r.-33.1.0,r.-33.1.0,r.-33.1.0,r.-33.1.0,r.-33.1.0,r.-33.1.0,r.-33.1.0,r.-33.1.0,,,,,,,,,,,,,,,,,,,,,,,,,,,,,,,,,,,,,,,,,,,,,,,,,,,,,,,,,,,,,,,,,,,,,,,,,,,,,,,,,,,,,,,,,,,,,,,,,,,,,,,,,,,,,,,,,,,,,,,,,,,,,,,
864,r.-36.3.0,r.-36.3.0,r.-36.3.0,r.-36.3.0,r.-36.3.0,r.-36.3.0,r.-36.3.0,r.-36.3.0,r.-36.3.0,r.-36.3.0,r.-36.3.0,r.-36.3.0,r.-36.3.0,r.-36.3.0,r.-36.3.0,r.-36.3.0,r.-36.3.0,r.-36.3.0,r.-36.3.0,r.-36.3.0,r.-36.3.0,r.-36.3.0,r.-36.3.0,r.-36.3.0,r.-36.3.0,r.-36.3.0,r.-36.3.0,r.-36.3.0,r.-36.3.0,r.-36.3.0,r.-36.3.0,r.-36.3.0,r.-36.3.0,r.-36.3.0,r.-36.3.0,r.-36.3.0,r.-36.3.0,r.-36.3.0,r.-36.3.0,r.-36.3.0,r.-36.3.0,r.-36.3.0,r.-36.3.0,r.-36.3.0,r.-36.3.0,r.-36.3.0,r.-36.3.0,r.-36.3.0,r.-36.3.0,r.-36.3.0,r.-36.3.0,r.-36.3.0,r.-36.3.0,r.-36.3.0,r.-36.3.0,r.-36.3.0,r.-36.3.0,r.-36.3.0,r.-36.3.0,r.-36.3.0,r.-36.3.0,r.-36.3.0,r.-36.3.0,r.-36.3.0,r.-36.3.0,r.-36.3.0,r.-36.3.0,r.-36.3.0,r.-36.3.0,r.-36.3.0,r.-36.3.0,r.-36.3.0,r.-36.3.0,r.-36.3.0,r.-36.3.0,r.-36.3.0,r.-36.3.0,r.-36.3.0,r.-36.3.0,r.-36.3.0,r.-36.3.0,r.-36.3.0,r.-36.3.0,r.-36.3.0,r.-36.3.0,r.-36.3.0,r.-36.3.0,r.-36.3.0,r.-36.3.0,r.-36.3.0,r.-36.3.0,r.-36.3.0,r.-36.3.0,r.-36.3.0,r.-36.3.0,,,,,,,,,,,,,,,,,,,,,,,,,,,,,,,,,,,,,,,,,,,,,,,,,,,,,,,,,,,,,,,,,,,,,,,,,,,,,,,,,,,,,,,,,,,,,,,,,,,,,,,,,,,,,,,,,,,,,,,,,,,,,,,
865,r.-28.1.0,r.-28.1.0,r.-28.1.0,r.-28.1.0,r.-28.1.0,r.-28.1.0,r.-28.1.0,r.-28.1.0,r.-28.1.0,r.-28.1.0,r.-28.1.0,r.-28.1.0,r.-28.1.0,r.-28.1.0,r.-28.1.0,r.-28.1.0,r.-28.1.0,r.-28.1.0,r.-28.1.0,r.-28.1.0,r.-28.1.0,r.-28.1.0,r.-28.1.0,r.-28.1.0,r.-28.1.0,r.-28.1.0,r.-28.1.0,r.-28.1.0,r.-28.1.0,r.-28.1.0,r.-28.1.0,r.-28.1.0,r.-28.1.0,r.-28.1.0,r.-28.1.0,r.-28.1.0,r.-28.1.0,r.-28.1.0,r.-28.1.0,r.-28.1.0,r.-28.1.0,r.-28.1.0,r.-28.1.0,r.-28.1.0,r.-28.1.0,r.-28.1.0,r.-28.1.0,r.-28.1.0,r.-28.1.0,r.-28.1.0,r.-28.1.0,r.-28.1.0,r.-28.1.0,r.-28.1.0,r.-28.1.0,r.-28.1.0,r.-28.1.0,r.-28.1.0,r.-28.1.0,r.-28.1.0,r.-28.1.0,r.-28.1.0,r.-28.1.0,r.-28.1.0,r.-28.1.0,r.-28.1.0,r.-28.1.0,r.-28.1.0,r.-28.1.0,r.-28.1.0,r.-28.1.0,r.-28.1.0,r.-28.1.0,r.-28.1.0,r.-28.1.0,r.-28.1.0,r.-28.1.0,r.-28.1.0,r.-28.1.0,r.-28.1.0,r.-28.1.0,r.-28.1.0,r.-28.1.0,r.-28.1.0,r.-28.1.0,r.-28.1.0,r.-28.1.0,r.-28.1.0,r.-28.1.0,r.-28.1.0,r.-28.1.0,r.-28.1.0,r.-28.1.0,r.-28.1.0,r.-28.1.0,,,,,,,,,,,,,,,,,,,,,,,,,,,,,,,,,,,,,,,,,,,,,,,,,,,,,,,,,,,,,,,,,,,,,,,,,,,,,,,,,,,,,,,,,,,,,,,,,,,,,,,,,,,,,,,,,,,,,,,,,,,,,,,
866,r.-33.0.0/r.-32.0.0,r.-32.0.0/r.-33.0.0,r.-33.0.0/r.-32.0.0,r.-32.0.0/r.-33.0.0,r.-33.0.0/r.-32.0.0,r.-33.0.0/r.-32.0.0,r.-33.0.0/r.-32.0.0,r.-32.0.0/r.-33.0.0,r.-32.0.0/r.-33.0.0,r.-32.0.0/r.-33.0.0,r.-33.0.0/r.-32.0.0,r.-32.0.0/r.-33.0.0,r.-32.0.0/r.-33.0.0,r.-32.0.0/r.-33.0.0,r.-33.0.0/r.-32.0.0,p.863/r.-33.0.0/r.-32.0.0,r.-32.0.0/r.-33.0.0,r.-32.0.0/r.-33.0.0,r.-32.0.0/r.-33.0.0,r.-33.0.0/r.-32.0.0,r.-32.0.0/r.-33.0.0,r.-33.0.0/r.-32.0.0,r.-33.0.0/r.-32.0.0,r.-32.0.0/r.-33.0.0,r.-32.0.0/r.-33.0.0,r.-32.0.0/r.-33.0.0,r.-33.0.0/r.-32.0.0,r.-32.0.0/r.-33.0.0,r.-32.0.0/r.-33.0.0,r.-33.0.0/r.-32.0.0,r.-32.0.0/r.-33.0.0,r.-32.0.0/r.-33.0.0,r.-33.0.0/r.-32.0.0,r.-33.0.0/r.-32.0.0,r.-32.0.0/r.-33.0.0,r.-32.0.0/r.-33.0.0,r.-33.0.0/r.-32.0.0,r.-33.0.0/r.-32.0.0,r.-32.0.0/r.-33.0.0,r.-32.0.0/r.-33.0.0,r.-33.0.0/r.-32.0.0,r.-32.0.0/r.-33.0.0,r.-32.0.0/r.-33.0.0,r.-33.0.0/r.-32.0.0,r.-33.0.0/r.-32.0.0,r.-32.0.0/r.-33.0.0,r.-33.0.0/r.-32.0.0,r.-32.0.0/r.-33.0.0,r.-32.0.0/r.-33.0.0,r.-32.0.0/r.-33.0.0,r.-33.0.0/r.-32.0.0,r.-32.0.0/r.-33.0.0,r.-33.0.0/r.-32.0.0,r.-32.0.0/r.-33.0.0,r.-33.0.0/r.-32.0.0,r.-32.0.0/r.-33.0.0,r.-33.0.0/r.-32.0.0,r.-32.0.0/r.-33.0.0,r.-32.0.0/r.-33.0.0,r.-33.0.0/r.-32.0.0,r.-33.0.0/r.-32.0.0,r.-33.0.0/r.-32.0.0,r.-32.0.0/r.-33.0.0,r.-33.0.0/r.-32.0.0,r.-32.0.0/r.-33.0.0,r.-32.0.0/r.-33.0.0,r.-32.0.0/r.-33.0.0,r.-32.0.0/r.-33.0.0,r.-33.0.0/r.-32.0.0,r.-32.0.0/r.-33.0.0,r.-32.0.0/r.-33.0.0,r.-32.0.0/r.-33.0.0,r.-32.0.0/r.-33.0.0,r.-32.0.0/r.-33.0.0,r.-32.0.0/r.-33.0.0,r.-32.0.0/r.-33.0.0,r.-32.0.0/r.-33.0.0,r.-32.0.0/r.-33.0.0,r.-32.0.0/r.-33.0.0,r.-33.0.0/r.-32.0.0,r.-32.0.0/r.-33.0.0,r.-32.0.0/r.-33.0.0,r.-32.0.0/r.-33.0.0,r.-33.0.0/r.-32.0.0,r.-32.0.0/r.-33.0.0,r.-32.0.0/r.-33.0.0,r.-32.0.0/r.-33.0.0,r.-32.0.0/r.-33.0.0,r.-33.0.0/r.-32.0.0,r.-33.0.0/r.-32.0.0,r.-32.0.0/r.-33.0.0,r.-32.0.0/r.-33.0.0,r.-32.0.0/r.-33.0.0,r.-32.0.0/r.-33.0.0,r.-33.0.0/r.-32.0.0,,,,,,,,,,,,,,,,,,,,,,,,,,,,,,,,p.867,p.866,,,,,,,,,,,,,,,,,,,,,,,,,,,,,,,,,,,,,,,,,,,,,,,,,,,,,,,,,,,,,,,,,,,,,,,,,,,,,,,,,,,,,,,,,,,,,,
867,r.-32.2.0,r.-32.2.0,r.-32.2.0,r.-32.2.0,r.-32.2.0,r.-32.2.0,r.-32.2.0,r.-32.2.0,r.-32.2.0,r.-32.2.0,r.-32.2.0,r.-32.2.0,r.-32.2.0,r.-32.2.0,r.-32.2.0,r.-32.2.0,r.-32.2.0,r.-32.2.0,r.-32.2.0,r.-32.2.0,r.-32.2.0,r.-32.2.0,r.-32.2.0,r.-32.2.0,r.-32.2.0,r.-32.2.0,r.-32.2.0,r.-32.2.0,r.-32.2.0,r.-32.2.0,r.-32.2.0,r.-32.2.0,r.-32.2.0,r.-32.2.0,r.-32.2.0,r.-32.2.0,r.-32.2.0,r.-32.2.0,r.-32.2.0,r.-32.2.0,r.-32.2.0,r.-32.2.0,r.-32.2.0,r.-32.2.0,r.-32.2.0,r.-32.2.0,r.-32.2.0,r.-32.2.0,r.-32.2.0,r.-32.2.0,r.-32.2.0,r.-32.2.0,r.-32.2.0,r.-32.2.0,r.-32.2.0,r.-32.2.0,r.-32.2.0,r.-32.2.0,r.-32.2.0,r.-32.2.0,r.-32.2.0,r.-32.2.0,r.-32.2.0,r.-32.2.0,r.-32.2.0,r.-32.2.0,r.-32.2.0,r.-32.2.0,r.-32.2.0,r.-32.2.0,r.-32.2.0,r.-32.2.0,r.-32.2.0,r.-32.2.0,r.-32.2.0,r.-32.2.0,r.-32.2.0,r.-32.2.0,r.-32.2.0,r.-32.2.0,r.-32.2.0,r.-32.2.0,r.-32.2.0,r.-32.2.0,r.-32.2.0,r.-32.2.0,r.-32.2.0,r.-32.2.0,r.-32.2.0,r.-32.2.0,r.-32.2.0,r.-32.2.0,r.-32.2.0,r.-32.2.0,r.-32.2.0,,,,,,,,,,,,,,,,,,,,,,,,,,,,,,,,,,,,,,,,,,,,,,,,,,,,,,,,,,,,,,,,,,,,,,,,,,,,,,,,,,,,,,,,,,,,,,,,,,,,,,,,,,,,,,,,,,,,,,,,,,,,,,,
868,r.-33.0.0/r.-32.0.0,r.-32.0.0/r.-33.0.0,r.-32.0.0/r.-33.0.0,r.-33.0.0/r.-32.0.0,r.-32.0.0/r.-33.0.0,r.-32.0.0/r.-33.0.0,r.-32.0.0/r.-33.0.0,r.-33.0.0/r.-32.0.0,r.-33.0.0/r.-32.0.0,r.-32.0.0/r.-33.0.0,r.-32.0.0/r.-33.0.0,r.-33.0.0/r.-32.0.0,r.-32.0.0/r.-33.0.0,r.-32.0.0/r.-33.0.0,r.-33.0.0/r.-32.0.0,p.863/r.-32.0.0/r.-33.0.0,r.-33.0.0/r.-32.0.0,r.-32.0.0/r.-33.0.0,r.-33.0.0/r.-32.0.0,r.-33.0.0/r.-32.0.0,r.-32.0.0/r.-33.0.0,r.-32.0.0/r.-33.0.0,r.-33.0.0/r.-32.0.0,r.-32.0.0/r.-33.0.0,r.-32.0.0/r.-33.0.0,r.-32.0.0/r.-33.0.0,r.-33.0.0/r.-32.0.0,r.-33.0.0/r.-32.0.0,r.-32.0.0/r.-33.0.0,r.-33.0.0/r.-32.0.0,r.-32.0.0/r.-33.0.0,r.-33.0.0/r.-32.0.0,r.-33.0.0/r.-32.0.0,r.-32.0.0/r.-33.0.0,r.-33.0.0/r.-32.0.0,r.-32.0.0/r.-33.0.0,r.-32.0.0/r.-33.0.0,r.-33.0.0/r.-32.0.0,r.-33.0.0/r.-32.0.0,r.-32.0.0/r.-33.0.0,r.-33.0.0/r.-32.0.0,r.-33.0.0/r.-32.0.0,r.-33.0.0/r.-32.0.0,r.-32.0.0/r.-33.0.0,r.-33.0.0/r.-32.0.0,r.-33.0.0/r.-32.0.0,r.-33.0.0/r.-32.0.0,r.-33.0.0/r.-32.0.0,r.-33.0.0/r.-32.0.0,r.-33.0.0/r.-32.0.0,r.-32.0.0/r.-33.0.0,r.-32.0.0/r.-33.0.0,r.-33.0.0/r.-32.0.0,r.-33.0.0/r.-32.0.0,r.-33.0.0/r.-32.0.0,r.-33.0.0/r.-32.0.0,r.-33.0.0/r.-32.0.0,r.-32.0.0/r.-33.0.0,r.-33.0.0/r.-32.0.0,r.-33.0.0/r.-32.0.0,r.-32.0.0/r.-33.0.0,r.-32.0.0/r.-33.0.0,r.-32.0.0/r.-33.0.0,r.-32.0.0/r.-33.0.0,r.-33.0.0/r.-32.0.0,r.-33.0.0/r.-32.0.0,r.-33.0.0/r.-32.0.0,r.-32.0.0/r.-33.0.0,r.-33.0.0/r.-32.0.0,r.-33.0.0/r.-32.0.0,r.-32.0.0/r.-33.0.0,r.-32.0.0/r.-33.0.0,r.-33.0.0/r.-32.0.0,r.-32.0.0/r.-33.0.0,r.-32.0.0/r.-33.0.0,r.-33.0.0/r.-32.0.0,r.-32.0.0/r.-33.0.0,r.-32.0.0/r.-33.0.0,r.-33.0.0/r.-32.0.0,r.-33.0.0/r.-32.0.0,r.-33.0.0/r.-32.0.0,r.-32.0.0/r.-33.0.0,r.-33.0.0/r.-32.0.0,r.-32.0.0/r.-33.0.0,r.-32.0.0/r.-33.0.0,r.-32.0.0/r.-33.0.0,r.-32.0.0/r.-33.0.0,r.-32.0.0/r.-33.0.0,r.-32.0.0/r.-33.0.0,r.-32.0.0/r.-33.0.0,r.-32.0.0/r.-33.0.0,r.-32.0.0/r.-33.0.0,r.-32.0.0/r.-33.0.0,r.-32.0.0/r.-33.0.0,r.-32.0.0/r.-33.0.0,,,,,,,,,,,,,,,,,,,,,,,,,,,,p.869,,,,p.865,p.866,,,,,,,,,,,,,,,,,,,,,,,,,,,,,,,,,,,,,,,,,,,,,,,,,,,,,,,,,,,,,,,,,,,,,,,,,,,,,,,,,,,,,,,,,,,,,,
869,r.-36.3.0,r.-36.3.0,r.-36.3.0,r.-36.3.0,r.-36.3.0,r.-36.3.0,r.-36.3.0,r.-36.3.0,r.-36.3.0,r.-36.3.0,r.-36.3.0,r.-36.3.0,r.-36.3.0,r.-36.3.0,r.-36.3.0,r.-36.3.0,r.-36.3.0,r.-36.3.0,r.-36.3.0,r.-36.3.0,r.-36.3.0,r.-36.3.0,r.-36.3.0,r.-36.3.0,r.-36.3.0,r.-36.3.0,r.-36.3.0,r.-36.3.0,r.-36.3.0,r.-36.3.0,r.-36.3.0,r.-36.3.0,r.-36.3.0,r.-36.3.0,r.-36.3.0,r.-36.3.0,r.-36.3.0,r.-36.3.0,r.-36.3.0,r.-36.3.0,r.-36.3.0,r.-36.3.0,r.-36.3.0,r.-36.3.0,r.-36.3.0,r.-36.3.0,r.-36.3.0,r.-36.3.0,r.-36.3.0,r.-36.3.0,r.-36.3.0,r.-36.3.0,r.-36.3.0,r.-36.3.0,r.-36.3.0,r.-36.3.0,r.-36.3.0,r.-36.3.0,r.-36.3.0,r.-36.3.0,r.-36.3.0,r.-36.3.0,r.-36.3.0,r.-36.3.0,r.-36.3.0,r.-36.3.0,r.-36.3.0,r.-36.3.0,r.-36.3.0,r.-36.3.0,r.-36.3.0,r.-36.3.0,r.-36.3.0,r.-36.3.0,r.-36.3.0,r.-36.3.0,r.-36.3.0,r.-36.3.0,r.-36.3.0,r.-36.3.0,r.-36.3.0,r.-36.3.0,r.-36.3.0,r.-36.3.0,r.-36.3.0,r.-36.3.0,r.-36.3.0,r.-36.3.0,r.-36.3.0,r.-36.3.0,r.-36.3.0,r.-36.3.0,r.-36.3.0,r.-36.3.0,r.-36.3.0,,,,,,,,,,,,,,,,,,,,,,,,,,,,,,,,,,,,,,,,,,,,,,,,,,,,,,,,,,,,,,,,,,,,,,,,,,,,,,,,,,,,,,,,,,,,,,,,,,,,,,,,,,,,,,,,,,,,,,,,,,,,,,,
870,,,,,,,,,,,,,,,,r.-43.2.0,,,,,,,,,,,,,,,,,,,,,,,,,,,,,,,,,,,,,,,,,,,,,,,,,,,,,,,,,,,,,,,,,,,,,,,,,,,,,,,,,,,,,,,,,,,,,,,,,,,,,,,,,,,,,,,,,,,,,,,,,,,,,,,,,,,,,,,,,,,,,,,,,,,,,,,,,,,,,,,,,,,,,,,,,,,,,,,,,,,,,,,,,,,,,,,,,,,,,,,,,,,,,,
871,,,,,,,,,,,,,,,,p.78/r.-33.0.0/r.-32.0.0,,,,,,,,,,,,,,,,,,,,,,,,,,,,,,,,,,,,,,,,,,,,,,,,,,,,,,,,,,,,,,,,,,,,,,,,,,,,,,,,,,,,,,,,,,,,,,,,,,,,,,,,,,,p.872,,,,p.98,p.99,,,,,,,,,,,,,,,,,,,,,,,,,,,,,,,,,,,,,,,,,,,,,,,,,,,,,,,,,,,,,,,,,,,,,,,,,,,,,,,,,,,,,,,,,,,,,,
872,,,,,,,,,,,,,,,,p.873,,,,,,,,,,,,,,,,,,,,,,,,,,,,,,,,,,,,,,,,,,,,,,,,,,,,,,,,,,,,,,,,,,,,,,,,,,,,,,,,,,,,,,,,,,,,,,,,,,,,,,,,,,,,,,,,,,,,,,,,,,,,,,,,,,,,,,,,,,,,,,,,,,,,,,,,,,,,,,,,,,,,,,,,,,,,,,,,,,,,,,,,,,,,,,,,,,,,,,,,,,,,,,
873,,,,,,,,,,,,,,,,r.-104.0.0,,,,,,,,,,,,,,,,,,,,,,,,,,,,,,,,,,,,p.874,,,,,,,,,,,,,,,,,,,,,,,,,,,,,,,,,,,,,,,,,,,,,,,,,,,,,,,,,,,,,,,,,,,,,,,,,,,,,,,,,,,,,,,,,,,,,,,,,,,,,,,,,,,,,,,,,,,,,,,,,,,,,,,,,,,,,,,,,,,,,,,,,,,p.875,p.876,,,,,,,,,,,,,,,,,,,,,,
874,,,,,,,,,,,,,,,,p.892,,,,,,,,,,,,,,,,,,,,,,,,,,,,,,,,,,,,,,,,,,,,,,,,,,,,,,,,,,,,,,,,,,,,,,,,,,,,,,,,,,,,,,,,,,,,,,,,,,,,,,,,,,,,,,,,,,,,,,,,,,,,,,,,,,,,,,,,,,,,,,,,,,,,,,,,,,,,,,,,,,,,,,,,,,,,,,,,,,,,,,,,,,,,,,,,,,,,,,,,,,,,,,
875,,,,,,,,,,,,,,,,p.877,,,,,,,,,,,,,,,,,,,,,,,,,,,,,,,,,,,,,,,,,,,,,,,,,,,,,,,,,,,,,,,,,,,,,,,,,,,,,,,,,,,,,,,,,,,,,,,,,,,,,,,,,,,,,,,,,,,,,,,,,,,,,,,,,,,,,,,,,,,,,,,,,,,,,,,,,,,,,,,,,,,,,,,,,,,,,,,,,,,,,,,,,,,,,,,,,,,,,,,,,,,,,,
876,,,,,,,,,,,,,,,,r.-104.1.0,,,,,,,,,,,,,,,,,,,,,,,,,,,,,,,,,,,,,,,,,,,,,,,,,,,,,,,,,,,,,,,,,,,,,,,,,,,,,,,,,,,,,,,,,,,,,,,,,,,,,,,,,,,,,,,,,,,,,,,,,,,,,,,,,,,,,,,,,,,,,,,,,,,,,,,,,,,,,,,,,,,,,,,,,,,,,,,,,,,,,,,,,,,,,,,,,,,,,,,,,,,,,,
877,,,,,,,,,,,,,,,,,,,,,,,,,,,,,,,,,,,,,,,,,,,,,,,,,,,,,,,,,,,,,,,,,,,,,,,,,,,,,,,,,,,,,,,,,,,,p.878,,,,,,,,,,,,,,,,,,,,,,,,,,,,,,,,,,,,,,,,,,,,,,,,,,,,,,,,,,,,,,,,,,,,,,,,,,,,,,,,,,,,,,,,,,,,,,,,,,,,,,,,,,,,,,,,,,,,,,,,,,,,,,,,,,
878,,,,,,,,,,,,,,,,p.879,,,,,,,,,,,,,,,,,,,,,,,,,,,,,,,,,,,,,,,,,,,,,,,,,,,,,,,,,,,,,,,,,,,,,,,,,,,,,,,,,,,,,,,,,,,,,,,,,,,,,,,,,,,,,,,,,,,,,,,,,,,,,,,,,,,,,,,,,,,,,,,,,,,,,,,,,,,,,,,,,,,,,,,,,,,,,,,,,,,,,,,,,,,,,,,,,,,,,,,,,,,,,,
879,,,,,,,,,,,,,,,,p.78/r.-33.0.0/r.-32.0.0,,,,,,,,,,,,,,,,,,,,,,,,,,,,,,,,,,,,,,,,,,,,,,,,,,,,,,,,,,,,,,,,,,,,,,,,,,,,,,,,,,,,,,,,,,,,,,,,,,,,,,,,,,,p.880,,,,p.98,p.99,,,,,,,,,,,,,,,,,,,,,,,,,,,,,,,,,,,,,,,,,,,,,,,,,,,,,,,,,,,,,,,,,,,,,,,,,,,,,,,,,,,,,,,,,,,,,,
880,,,,,,,,,,,,,,,,p.881,,,,,,,,,,,,,,,,,,,,,,,,,,,,,,,,,,,,,,,,,,,,,,,,,,,,,,,,,,,,,,,,,,,,,,,,,,,,,,,,,,,,,,,,,,,,,,,,,,,,,,,,,,,,,,,,,,,,,,,,,,,,,,,,,,,,,,,,,,,,,,,,,,,,,,,,,,,,,,,,,,,,,,,,,,,,,,,,,,,,,,,,,,,,,,,,,,,,,,,,,,,,,,
881,r.-90.0.0,r.-90.0.0,r.-90.0.0,r.-90.0.0,r.-90.0.0,p.48/r.-90.0.0,r.-90.0.0,r.-90.0.0,r.-90.0.0,r.-90.0.0,r.-90.0.0,r.-90.0.0,r.-90.0.0,r.-90.0.0,r.-90.0.0,r.-75.0.0/r.-90.0.0,r.-90.0.0,r.-90.0.0,r.-90.0.0,r.-90.0.0,r.-90.0.0,r.-90.0.0,r.-90.0.0,r.-90.0.0,r.-90.0.0,r.-90.0.0,r.-90.0.0,r.-90.0.0,r.-90.0.0,r.-90.0.0,r.-90.0.0,r.-90.0.0,r.-90.0.0,r.-90.0.0,r.-90.0.0,r.-90.0.0,r.-90.0.0,r.-90.0.0,r.-90.0.0,r.-90.0.0,r.-90.0.0,r.-90.0.0,r.-90.0.0,r.-90.0.0,r.-90.0.0,r.-90.0.0,r.-90.0.0,r.-90.0.0,r.-90.0.0,r.-90.0.0,r.-90.0.0,r.-90.0.0,r.-90.0.0,r.-90.0.0,r.-90.0.0,r.-90.0.0,r.-90.0.0,r.-90.0.0,r.-90.0.0,r.-90.0.0,r.-90.0.0,r.-90.0.0,r.-90.0.0,r.-90.0.0,r.-90.0.0,r.-90.0.0,r.-90.0.0,r.-90.0.0,r.-90.0.0,r.-90.0.0,r.-90.0.0,r.-90.0.0,r.-90.0.0,r.-90.0.0,r.-90.0.0,r.-90.0.0,r.-90.0.0,r.-90.0.0,r.-90.0.0,r.-90.0.0,r.-90.0.0,r.-90.0.0,r.-90.0.0,r.-90.0.0,r.-90.0.0,r.-90.0.0,r.-90.0.0,r.-90.0.0,r.-90.0.0,r.-90.0.0,r.-90.0.0,r.-90.0.0,r.-90.0.0,r.-90.0.0,,,,,,,,,,,,,,,,,p.113,,,,,,,,,,,,,,,,,,,,,,,,,,,,,,,,,,,,,,,,,,,,,,,,,,,,,,,,,,,p.882,,,p.883,,,,,,,,,,,,p.68,p.69,,,,,,,,,,,p.116,,,,,,,,,,,,,,,,,,,,,,,p.75,,
882,,,,,,,,,,,,,,,,p.884,,,,,,,,,,,,,,,,,,,,,,,,,,,,,,,,,,,,,,,,,,,,,,,,,,,,,,,,,,,,,,,,,,,,,,,,,,,,,,,,,,,,,,,,,,,,,,,,,,,,,,,,,,,,,,,,,,,,,,,,,,,,,,,,,,,,,,,,,,,,,,,,,,,,,,,,,,,,,,,,,,,,,,,,,,,,,,,,,,,,,,,,,,,,,,,,,,,,,,,,,,,,,,
883,,,,,,,,,,,,,,,,r.-75.1.0,,,,,,,,,,,,,,,,,,,,,,,,,,,,,,,,,,,,,,,,,,,,,,,,,,,,,,,,,,,,,,,,,,,,,,,,,,,,,,,,,,,,,,,,,,,,,,,,,,,,,,,,,,,,,,,,,,,,,,,,,,,,,,,,,,,,,,,,,,,,,,,,,,,,,,,,,,,,,,,,,,,,,,,,,,,,,,,,,,,,,,,,,,,,,,,,,,,,,,,,,,,,,,
884,,,,,,,,,,,,,,,,r.-49.0.0,,,,,,,,,,,,,,,,,,,,,,,,,,,,,,,p.804,,,,,,,,,,,,,,,,,,,,,,,,,,,,,,,,,,,,,,,,,,,,,,,,,,,,,,,,,,,,,,,,,,,,,,,,,,,,,,,,,,,,,,,,,,,,,,,,,p.885,,p.886,,,,,,,,,,,,,,,,,,,,,,,,,,,,,,,,,,,,,,,,,,,,,,,,,,,,,,,,,,,,,,,,,,,,,,,,,,,,
885,,,,,,,,,,,,,,,,p.888,,,,,,,,,,,,,,,,,,,,,,,,,,,,,,,,,,,,,,,,,,,,,,,,,,,,,,,,,,,,,,,,,,,,,,,,,,,,,,,,,,,,,,,,,,,,,,,,,,,,,,,,,,,,,,,,,,,,,,,,,,,,,,,,,,,,,,,,,,,,,,,,,,,,,,,,,,,,,,,,,,,,,,,,,,,,,,,,,,,,,,,,,,,,,,,,,,,,,,,,,,,,,,
886,,,,,,,,,,,,,,,,r.-49.0.0,,,,,,,,,,,,,,,,,,,,,,,,,,,,,,,p.804,,,,,,,,,,,,,,,,,,,,,,,,,,,,,,,,,,,,,,,,,,,,,,,,,,,,,,,,,,,,,,,,,,,,,,,,,,,,,,,,,,,,,,,,,,,,,,,,,p.887,,p.886,,,,,,,,,,,,,,,,,,,,,,,,,,,,,,,,,,,,,,,,,,,,,,,,,,,,,,,,,,,,,,,,,,,,,,,,,,,,
887,,,,,,,,,,,,,,,,r.-49.2.0,,,,,,,,,,,,,,,,,,,,,,,,,,,,,,,,,,,,,,,,,,,,,,,,,,,,,,,,,,,,,,,,,,,,,,,,,,,,,,,,,,,,,,,,,,,,,,,,,,,,,,,,,,,,,,,,,,,,,,,,,,,,,,,,,,,,,,,,,,,,,,,,,,,,,,,,,,,,,,,,,,,,,,,,,,,,,,,,,,,,,,,,,,,,,,,,,,,,,,,,,,,,,,
888,,,,,,,,,,,,,,,,,,,,,,,,,,,,,,,,,,,,,,,,,,,,,,,,,,,,,,,,,,,,,,,,,,,,,,,,,,,,p.889,,,,,,,,,,,,,,,,,,,,,,,,,,,,,,,,,,,,,,,,,,,,,,,,,,,,,,,,,,,,,,,,,,,,,,,,,,,,,,,,,,,,,,,,,,,,,,,,,,,,,,,,,,,,,,,,,,,,,,,,,,,,,,,,,,,,,,,,,,,,,,,,,,
889,,,,,,,,,,,,,,,,p.890,,,,,,,,,,,,,,,,,,,,,,,,,,,,,,,,,,,,,,,,,,,,,,,,,,,,,,,,,,,,,,,,,,,,,,,,,,,,,,,,,,,,,,,,,,,,,,,,,,,,,,,,,,,,,,,,,,,,,,,,,,,,,,,,,,,,,,,,,,,,,,,,,,,,,,,,,,,,,,,,,,,,,,,,,,,,,,,,,,,,,,,,,,,,,,,,,,,,,,,,,,,,,,
890,,,,,,,,,,,,,,,,p.78/r.-33.0.0/r.-32.0.0,,,,,,,,,,,,,,,,,,,,,,,,,,,,,,,,,,,,,,,,,,,,,,,,,,,,,,,,,,,,,,,,,,,,,,,,,,,,,,,,,,,,,,,,,,,,,,,,,,,,,,,,,,,p.891,,,,p.98,p.99,,,,,,,,,,,,,,,,,,,,,,,,,,,,,,,,,,,,,,,,,,,,,,,,,,,,,,,,,,,,,,,,,,,,,,,,,,,,,,,,,,,,,,,,,,,,,,
891,,,,,,,,,,,,,,,,r.-99.17.0,,,,,,,,,,,,,,,,,,,,,,,,,,,,,,,,,,,,,,,,,,,,,,,,,,,,,,,,,,,,,,,,,,,,,,,,,,,,,,,,,,,,,,,,,,,,,,,,,,,,,,,,,,,,,,,,,,,,,,,,,,,,,,,,,,,,,,,,,,,,,,,,,,,,,,,,,,,,,,,,,,,,,,,,,,,,,,,,,,,,,,,,,,,,,,,,,,,,,,,,,,,,,,
892,r.-90.0.0,r.-90.0.0,r.-90.0.0,r.-90.0.0,r.-90.0.0,p.48/r.-90.0.0,r.-90.0.0,r.-90.0.0,r.-90.0.0,r.-90.0.0,r.-90.0.0,r.-90.0.0,r.-90.0.0,r.-90.0.0,r.-90.0.0,r.-90.0.0,r.-90.0.0,r.-90.0.0,r.-90.0.0,r.-90.0.0,r.-90.0.0,r.-90.0.0,r.-90.0.0,r.-90.0.0,r.-90.0.0,r.-90.0.0,r.-90.0.0,r.-90.0.0,r.-90.0.0,r.-90.0.0,r.-90.0.0,r.-90.0.0,r.-90.0.0,r.-90.0.0,r.-90.0.0,r.-90.0.0,r.-90.0.0,r.-90.0.0,r.-90.0.0,r.-90.0.0,r.-90.0.0,r.-90.0.0,r.-90.0.0,r.-90.0.0,r.-90.0.0,r.-90.0.0,r.-90.0.0,r.-90.0.0,r.-90.0.0,r.-90.0.0,r.-90.0.0,r.-90.0.0,r.-90.0.0,r.-90.0.0,r.-90.0.0,r.-90.0.0,r.-90.0.0,r.-90.0.0,r.-90.0.0,r.-90.0.0,r.-90.0.0,r.-90.0.0,r.-90.0.0,r.-90.0.0,r.-90.0.0,r.-90.0.0,r.-90.0.0,r.-90.0.0,r.-90.0.0,r.-90.0.0,r.-90.0.0,r.-90.0.0,r.-90.0.0,r.-90.0.0,r.-90.0.0,r.-90.0.0,r.-90.0.0,r.-90.0.0,r.-90.0.0,r.-90.0.0,r.-90.0.0,r.-90.0.0,r.-90.0.0,r.-90.0.0,r.-90.0.0,r.-90.0.0,r.-90.0.0,r.-90.0.0,r.-90.0.0,r.-90.0.0,r.-90.0.0,r.-90.0.0,r.-90.0.0,r.-90.0.0,,,,,,,,,,,,,,,,,p.893,,,,,,,,,,,,,,,,,,,,,,,,,,,,,,,,,,,,,,,,,,,,,,,,,,,,,,,,,,,,,,,,,,,,,,,,,,p.68,p.69,,,,,,,,,,,,,,,,,,,,,,,,,,,,,,,,,,p.75,,
893,,,,,,,,,,,,,,,,p.894,,,,,,,,,,,,,,,,,,,,,,,,,,,,,,,,,,,,,,,,,,,,,,,,,,,,,,,,,,,,,,,,,,,,,,,,,,,,,,,,,,,,,,,,,,,,,,,,,,,,,,,,,,,,,,,,,,,,,,,,,,,,,,,,,,,,,,,,,,,,,,,,,,,,,,,,,,,,,,,,,,,,,,,,,,,,,,,,,,,,,,,,,,,,,,,,,,,,,,,,,,,,,,
894,,,,,,,,,,,,,,,,p.78/r.-32.0.0/r.-33.0.0,,,,,,,,,,,,,,,,,,,,,,,,,,,,,,,,,,,,,,,,,,,,,,,,,,,,,,,,,,,,,,,,,,,,,,,,,,,,,,,,,,,,,,,,,,,,,,,,,,,,,,,,,,,p.895,,,,p.98,p.99,,,,,,,,,,,,,,,,,,,,,,,,,,,,,,,,,,,,,,,,,,,,,,,,,,,,,,,,,,,,,,,,,,,,,,,,,,,,,,,,,,,,,,,,,,,,,,
895,,,,,,,,,,,,,,,,r.-105.5.0,,,,,,,,,,,,,,,,,,,,,,,,,,,,,,,,,,,,,,,,,,,,,,,,,,,,,,,,,,,,,,,,,,,,,,,,,,,,,,,,,,,,,,,,,,,,,,,,,,,,,,,,,,,,,,,,,,,,,,,,,,,,,,,,,,,,,,,,,,,,,,,,,,,,,,,,,,,,,,,,,,,,,,,,,,,,,,,,,,,,,,,,,,,,,,,,,,,,,,,,,,,,,,
896,,,,,,,,,,,,,,,,p.78/r.-33.0.0/r.-32.0.0,,,,,,,,,,,,,,,,,,,,,,,,,,,,,,,,,,,,,,,,,,,,,,,,,,,,,,,,,,,,,,,,,,,,,,,,,,,,,,,,,,,,,,,,,,,,,,,,,,,,,,,,,,,p.897,,,,p.98,p.99,,,,,,,,,,,,,,,,,,,,,,,,,,,,,,,,,,,,,,,,,,,,,,,,,,,,,,,,,,,,,,,,,,,,,,,,,,,,,,,,,,,,,,,,,,,,,,
897,,,,,,,,,,,,,,,,p.898,,,,,,,,,,,,,,,,,,,,,,,,,,,,,,,,,,,,,,,,,,,,,,,,,,,,,,,,,,,,,,,,,,,,,,,,,,,,,,,,,,,,,,,,,,,,,,,,,,,,,,,,,,,,,,,,,,,,,,,,,,,,,,,,,,,,,,,,,,,,,,,,,,,,,,,,,,,,,,,,,,,,,,,,,,,,,,,,,,,,,,,,,,,,,,,,,,,,,,,,,,,,,,
898,r.-90.0.0,r.-90.0.0,r.-90.0.0,r.-90.0.0,r.-90.0.0,p.48/r.-90.0.0,r.-90.0.0,r.-90.0.0,r.-90.0.0,r.-90.0.0,r.-90.0.0,r.-90.0.0,r.-90.0.0,r.-90.0.0,r.-90.0.0,r.-90.0.0,r.-90.0.0,r.-90.0.0,r.-90.0.0,r.-90.0.0,r.-90.0.0,r.-90.0.0,r.-90.0.0,r.-90.0.0,r.-90.0.0,r.-90.0.0,r.-90.0.0,r.-90.0.0,r.-90.0.0,r.-90.0.0,r.-90.0.0,r.-90.0.0,r.-90.0.0,r.-90.0.0,r.-90.0.0,r.-90.0.0,r.-90.0.0,r.-90.0.0,r.-90.0.0,r.-90.0.0,r.-90.0.0,r.-90.0.0,r.-90.0.0,r.-90.0.0,r.-90.0.0,r.-90.0.0,r.-90.0.0,r.-90.0.0,r.-90.0.0,r.-90.0.0,r.-90.0.0,r.-90.0.0,r.-90.0.0,r.-90.0.0,r.-90.0.0,r.-90.0.0,r.-90.0.0,r.-90.0.0,r.-90.0.0,r.-90.0.0,r.-90.0.0,r.-90.0.0,r.-90.0.0,r.-90.0.0,r.-90.0.0,r.-90.0.0,r.-90.0.0,r.-90.0.0,r.-90.0.0,r.-90.0.0,r.-90.0.0,r.-90.0.0,r.-90.0.0,r.-90.0.0,r.-90.0.0,r.-90.0.0,r.-90.0.0,r.-90.0.0,r.-90.0.0,r.-90.0.0,r.-90.0.0,r.-90.0.0,r.-90.0.0,r.-90.0.0,r.-90.0.0,r.-90.0.0,r.-90.0.0,r.-90.0.0,r.-90.0.0,r.-90.0.0,r.-90.0.0,r.-90.0.0,r.-90.0.0,r.-90.0.0,,,,,,,,,,,,,,,,,p.899,,,,,,,,,,,,,,,,,,,,,,,,,,,,,,,,,,,,,,,,,,,,,,,,,,,,,,,,,,,,,,,,,,,,,,,,p.900,p.901,p.68,p.69,,,,,,,,,,,,,,,,,,,,,,,,,,,,,,,,,,p.75,,
899,,,,,,,,,,,,,,,,p.949,,,,,,,,,,,,,,,,,,,,,,,,,,,,,,,,,,,,,,,,,,,,,,,,,,,,,,,,,,,,,,,,,,,,,,,,,,,,,,,,,,,,,,,,,,,,,,,,,,,,,,,,,,,,,,,,,,,,,,,,,,,,,,,,,,,,,,,,,,,,,,,,,,,,,,,,,,,,,,,,,,,,,,,,,,,,,,,,,,,,,,,,,,,,,,,,,,,,,,,,,,,,,,
900,,,,,,,,,,,,,,,,p.918,,,,,,,,,,,,,,,,,,,,,,,,,,,,,,,,,,,,,,,,,,,,,,,,,,,,,,,,,,,,,,,,,,,,,,,,,,,,,,,,,,,,,,,,,,,,,,,,,,,,,,,,,,,,,,,,,,,,,,,,,,,,,,,,,,,,,,,,,,,,,,,,,,,,,,,,,,,,,,,,,,,,,,,,,,,,,,,,,,,,,,,,,,,,,,,,,,,,,,,,,,,,,,
901,,,,,,,,,,,,,,,,p.902,,,,,,,,,,,,,,,,,,,,,,,,,,,,,,,,,,,,,,,,,,,,,,,,,,,,,,,,,,,,,,,,,,,,,,,,,,,,,,,,,,,,,,,,,,,,,,,,,,,,,,,,,,,,,,,,,,,,,,,,,,,,,,,,,,,,,,,,,,,,,,,,,,,,,,,,,,,,,,,,,,,,,,,,,,,,,,,,,,,,,,,,,,,,,,,,,,,,,,,,,,,,,,
902,,,,,,,,,,,,,,,p.903,r.-39.0.0,,,,,,,,,,,,,,,,,,,,,,,,,,,,,,,,,,,,,,,,,,,,,,,,,,,,,,,,,,,,,,,,,,,,,,,,,,,,,,,,,,,,,,,,,,,,,,,,,,,,,,,,,,,,,,,,,,,,,,p.904,p.905,,,,,,,,,,,,,,,,,,,,,,,,,,,,,,,,,,,,,,,,,,,,,,,,,,,,,,,,,,,,,,,,,,,,,,,,,,,,,,,,,,,,,,,
903,,,,,,,,,,,,,,,,p.907,,,,,,,,,,,,,,,,,,,,,,,,,,,,,,,,,,,,,,,,,,,,,,,,,,,,,,,,,,,,,,,,,,,,,,,,,,,,,,,,,,,,,,,,,,,,,,,,,,,,,,,,,,,,,,,,,,,,,,,,,,,,,,,,,,,,,,,,,,,,,,,,,,,,,,,,,,,,,,,,,,,,,,,,,,,,,,,,,,,,,,,,,,,,,,,,,,,,,,,,,,,,,,
904,,,,,,,,,,,,,,,,r.-88.3.0,,,,,,,,,,,,,,,,,,,,,,,,,,,,,,,,,,,,,,,,,,,,,,,,,,,,,,,,,,,,,,,,,,,,,,,,,,,,,,,,,,,,,,,,,,,,,,,,,,,,,,,,,,,,,,,,,,,,,,,,,,,,,,,,,,,,,,,,,,,,,,,,,,,,,,,,,,,,,,,,,,,,,,,,,,,,,,,,,,,,,,,,,,,,,,,,,,,,,,,,,,,,,,
905,,,,,,,,,,,,,,,p.903,r.-39.0.0,,,,,,,,,,,,,,,,,,,,,,,,,,,,,,,,,,,,,,,,,,,,,,,,,,,,,,,,,,,,,,,,,,,,,,,,,,,,,,,,,,,,,,,,,,,,,,,,,,,,,,,,,,,,,,,,,,,,,,p.906,p.905,,,,,,,,,,,,,,,,,,,,,,,,,,,,,,,,,,,,,,,,,,,,,,,,,,,,,,,,,,,,,,,,,,,,,,,,,,,,,,,,,,,,,,,
906,,,,,,,,,,,,,,,,r.-39.2.0,,,,,,,,,,,,,,,,,,,,,,,,,,,,,,,,,,,,,,,,,,,,,,,,,,,,,,,,,,,,,,,,,,,,,,,,,,,,,,,,,,,,,,,,,,,,,,,,,,,,,,,,,,,,,,,,,,,,,,,,,,,,,,,,,,,,,,,,,,,,,,,,,,,,,,,,,,,,,,,,,,,,,,,,,,,,,,,,,,,,,,,,,,,,,,,,,,,,,,,,,,,,,,
907,,,,,,,,,,,,,,,,p.78/r.-33.0.0/r.-32.0.0,,,,,,,,,,,,,,,,,,,,,,,,,,,,,,,,,,,,,,,,,,,,,,,,,,,,,,,,,,,,,,,,,,,,,,,,,,,,,,,,,,,,,,,,,,,,,,,,,,,,,,,,,,,p.908,,,,p.98,p.99,,,,,,,,,,,,,,,,,,,,,,,,,,,,,,,,,,,,,,,,,,,,,,,,,,,,,,,,,,,,,,,,,,,,,,,,,,,,,,,,,,,,,,,,,,,,,,
908,,,,,,,,,,,,,,,,p.909,,,,,,,,,,,,,,,,,,,,,,,,,,,,,,,,,,,,,,,,,,,,,,,,,,,,,,,,,,,,,,,,,,,,,,,,,,,,,,,,,,,,,,,,,,,,,,,,,,,,,,,,,,,,,,,,,,,,,,,,,,,,,,,,,,,,,,,,,,,,,,,,,,,,,,,,,,,,,,,,,,,,,,,,,,,,,,,,,,,,,,,,,,,,,,,,,,,,,,,,,,,,,,
909,r.-90.0.0,r.-90.0.0,r.-90.0.0,r.-90.0.0,r.-90.0.0,p.48/r.-90.0.0,r.-90.0.0,r.-90.0.0,r.-90.0.0,r.-90.0.0,r.-90.0.0,r.-90.0.0,r.-90.0.0,r.-90.0.0,r.-90.0.0,r.-90.0.0,r.-90.0.0,r.-90.0.0,r.-90.0.0,r.-90.0.0,r.-90.0.0,r.-90.0.0,r.-90.0.0,r.-90.0.0,r.-90.0.0,r.-90.0.0,r.-90.0.0,r.-90.0.0,r.-90.0.0,r.-90.0.0,r.-90.0.0,r.-90.0.0,r.-90.0.0,r.-90.0.0,r.-90.0.0,r.-90.0.0,r.-90.0.0,r.-90.0.0,r.-90.0.0,r.-90.0.0,r.-90.0.0,r.-90.0.0,r.-90.0.0,r.-90.0.0,r.-90.0.0,r.-90.0.0,r.-90.0.0,r.-90.0.0,r.-90.0.0,r.-90.0.0,r.-90.0.0,r.-90.0.0,r.-90.0.0,r.-90.0.0,r.-90.0.0,r.-90.0.0,r.-90.0.0,r.-90.0.0,r.-90.0.0,r.-90.0.0,r.-90.0.0,r.-90.0.0,r.-90.0.0,r.-90.0.0,r.-90.0.0,r.-90.0.0,r.-90.0.0,r.-90.0.0,r.-90.0.0,r.-90.0.0,r.-90.0.0,r.-90.0.0,r.-90.0.0,r.-90.0.0,r.-90.0.0,r.-90.0.0,r.-90.0.0,r.-90.0.0,r.-90.0.0,r.-90.0.0,r.-90.0.0,r.-90.0.0,r.-90.0.0,r.-90.0.0,r.-90.0.0,r.-90.0.0,r.-90.0.0,r.-90.0.0,r.-90.0.0,r.-90.0.0,r.-90.0.0,r.-90.0.0,r.-90.0.0,r.-90.0.0,,,,,,,,,,,,,,,,,p.910,,,,,,,,,,,,,,,,,,,,,,,,,,,,,,,,,,,,,,,,,,,,,,,,,,,,,,,,,,,,,,,,,,,,,,,,,p.911,p.68,p.69,,,,,,,,,,,,,,,,,,,,,,,,,,,,,,,,,,p.75,,
910,,,,,,,,,,,,,,,,p.912,,,,,,,,,,,,,,,,,,,,,,,,,,,,,,,,,,,,,,,,,,,,,,,,,,,,,,,,,,,,,,,,,,,,,,,,,,,,,,,,,,,,,,,,,,,,,,,,,,,,,,,,,,,,,,,,,,,,,,,,,,,,,,,,,,,,,,,,,,,,,,,,,,,,,,,,,,,,,,,,,,,,,,,,,,,,,,,,,,,,,,,,,,,,,,,,,,,,,,,,,,,,,,
911,,,,,,,,,,,,,,,r.-40.5.0,r.-40.5.0,,,,,,,,,,,,,,,,,,,,,,,,,,,,,,,,,,,,,,,,,,,,,,,,,,,,,,,,,,,,,,,,,,,,,,,,,,,,,,,,,,,,,,,,,,,,,,,,,,,,,,,,,,,,,,,,,,,,,,,,,,,,,,,,,,,,,,,,,,,,,,,,,,,,,,,,,,,,,,,,,,,,,,,,,,,,,,,,,,,,,,,,,,,,,,,,,,,,,,,,,,,,,,
912,,,,,,,,,,,,,,,r.-32.0.0/r.-33.0.0,p.913/r.-32.0.0/r.-33.0.0,,,,,,,,,,,,,,,,,,,,,,,,,,,,,,,,,,,,,,,,,,,,,,,,,,,,,,,,,,,,,,,,,,,,,,,,,,,,,,,,,,,,,,,,,,,,,,,,,,,,,,,,,,,p.914,,,,p.915,p.916,,,,,,,,,,,,,,,,,,,,,,,,,,,,,,,,,,,,,,,,,,,,,,,,,,,,,,,,,,,,,,,,,,,,,,,,,,,,,,,,,,,,,,,,,,,,,,
913,,,,,,,,,,,,,,,r.-33.1.0,r.-33.1.0,,,,,,,,,,,,,,,,,,,,,,,,,,,,,,,,,,,,,,,,,,,,,,,,,,,,,,,,,,,,,,,,,,,,,,,,,,,,,,,,,,,,,,,,,,,,,,,,,,,,,,,,,,,,,,,,,,,,,,,,,,,,,,,,,,,,,,,,,,,,,,,,,,,,,,,,,,,,,,,,,,,,,,,,,,,,,,,,,,,,,,,,,,,,,,,,,,,,,,,,,,,,,,
914,,,,,,,,,,,,,,,r.-89.3.0,r.-89.3.0,,,,,,,,,,,,,,,,,,,,,,,,,,,,,,,,,,,,,,,,,,,,,,,,,,,,,,,,,,,,,,,,,,,,,,,,,,,,,,,,,,,,,,,,,,,,,,,,,,,,,,,,,,,,,,,,,,,,,,,,,,,,,,,,,,,,,,,,,,,,,,,,,,,,,,,,,,,,,,,,,,,,,,,,,,,,,,,,,,,,,,,,,,,,,,,,,,,,,,,,,,,,,,
915,,,,,,,,,,,,,,,r.-28.1.0,r.-28.1.0,,,,,,,,,,,,,,,,,,,,,,,,,,,,,,,,,,,,,,,,,,,,,,,,,,,,,,,,,,,,,,,,,,,,,,,,,,,,,,,,,,,,,,,,,,,,,,,,,,,,,,,,,,,,,,,,,,,,,,,,,,,,,,,,,,,,,,,,,,,,,,,,,,,,,,,,,,,,,,,,,,,,,,,,,,,,,,,,,,,,,,,,,,,,,,,,,,,,,,,,,,,,,,
916,,,,,,,,,,,,,,,r.-33.0.0/r.-32.0.0,p.913/r.-33.0.0/r.-32.0.0,,,,,,,,,,,,,,,,,,,,,,,,,,,,,,,,,,,,,,,,,,,,,,,,,,,,,,,,,,,,,,,,,,,,,,,,,,,,,,,,,,,,,,,,,,,,,,,,,,,,,,,,,,,,,,,p.917,p.916,,,,,,,,,,,,,,,,,,,,,,,,,,,,,,,,,,,,,,,,,,,,,,,,,,,,,,,,,,,,,,,,,,,,,,,,,,,,,,,,,,,,,,,,,,,,,,
917,,,,,,,,,,,,,,,r.-32.2.0,r.-32.2.0,,,,,,,,,,,,,,,,,,,,,,,,,,,,,,,,,,,,,,,,,,,,,,,,,,,,,,,,,,,,,,,,,,,,,,,,,,,,,,,,,,,,,,,,,,,,,,,,,,,,,,,,,,,,,,,,,,,,,,,,,,,,,,,,,,,,,,,,,,,,,,,,,,,,,,,,,,,,,,,,,,,,,,,,,,,,,,,,,,,,,,,,,,,,,,,,,,,,,,,,,,,,,,
918,,,,,,,,,,,,,,,,,,,,,,,,,,,,,,,,,,,,,,,,,,,,,,,,,,,,,,,,,,,,,,,,,,,,,,,,,,,,,,,,,,,,,,,,,,,,p.919,,,,,,,,,,,,,,,,,,,,,,,,,,,,,,,,,,,,,,,,,,,,,,,,,,,,,,,,,,,,,,,,,,,,,,,,,,,,,,,,,,,,,,,,,,,,,,,,,,,,,,,,,,,,,,,,,,,,,,,,,,,,,,,,,,
919,,,,,,,,,,,,,,,,p.920,,,,,,,,,,,,,,,,,,,,,,,,,,,,,,,,,,,,,,,,,,,,,,,,,,,,,,,,,,,,,,,,,,,,,,,,,,,,,,,,,,,,,,,,,,,,,,,,,,,,,,,,,,,,,,,,,,,,,,,,,,,,,,,,,,,,,,,,,,,,,,,,,,,,,,,,,,,,,,,,,,,,,,,,,,,,,,,,,,,,,,,,,,,,,,,,,,,,,,,,,,,,,,
920,,,,,,,,,,,,,,,,p.78/r.-33.0.0/r.-32.0.0,,,,,,,,,,,,,,,,,,,,,,,,,,,,,,,,,,,,,,,,,,,,,,,,,,,,,,,,,,,,,,,,,,,,,,,,,,,,,,,,,,,,,,,,,,,,,,,,,,,,,,,,,,,p.921,,,,p.98,p.99,,,,,,,,,,,,,,,,,,,,,,,,,,,,,,,,,,,,,,,,,,,,,,,,,,,,,,,,,,,,,,,,,,,,,,,,,,,,,,,,,,,,,,,,,,,,,,
921,,,,,,,,,,,,,,,,p.922,,,,,,,,,,,,,,,,,,,,,,,,,,,,,,,,,,,,,,,,,,,,,,,,,,,,,,,,,,,,,,,,,,,,,,,,,,,,,,,,,,,,,,,,,,,,,,,,,,,,,,,,,,,,,,,,,,,,,,,,,,,,,,,,,,,,,,,,,,,,,,,,,,,,,,,,,,,,,,,,,,,,,,,,,,,,,,,,,,,,,,,,,,,,,,,,,,,,,,,,,,,,,,
922,r.-90.0.0,r.-90.0.0,r.-90.0.0,r.-90.0.0,r.-90.0.0,p.48/r.-90.0.0,r.-90.0.0,r.-90.0.0,r.-90.0.0,r.-90.0.0,r.-90.0.0,r.-90.0.0,r.-90.0.0,r.-90.0.0,r.-90.0.0,r.-90.0.0/r.-112.0.0,r.-90.0.0,r.-90.0.0,r.-90.0.0,r.-90.0.0,r.-90.0.0,r.-90.0.0,r.-90.0.0,r.-90.0.0,r.-90.0.0,r.-90.0.0,r.-90.0.0,r.-90.0.0,r.-90.0.0,r.-90.0.0,r.-90.0.0,r.-90.0.0,r.-90.0.0,r.-90.0.0,r.-90.0.0,p.50/r.-90.0.0,r.-90.0.0,r.-90.0.0,r.-90.0.0,r.-90.0.0,r.-90.0.0,r.-90.0.0,r.-90.0.0,r.-90.0.0,r.-90.0.0,r.-90.0.0,r.-90.0.0,p.51/r.-90.0.0,r.-90.0.0,p.52/r.-90.0.0,r.-90.0.0,p.53/r.-90.0.0,r.-90.0.0,r.-90.0.0,r.-90.0.0,r.-90.0.0,r.-90.0.0,r.-90.0.0,r.-90.0.0,r.-90.0.0,r.-90.0.0,r.-90.0.0,r.-90.0.0,r.-90.0.0,r.-90.0.0,r.-90.0.0,r.-90.0.0,r.-90.0.0,r.-90.0.0,r.-90.0.0,r.-90.0.0,r.-90.0.0,r.-90.0.0,r.-90.0.0,p.54/r.-90.0.0,r.-90.0.0,r.-90.0.0,r.-90.0.0,r.-90.0.0,r.-90.0.0,r.-90.0.0,r.-90.0.0,r.-90.0.0,r.-90.0.0,r.-90.0.0,r.-90.0.0,r.-90.0.0,r.-90.0.0,r.-90.0.0,r.-90.0.0,r.-90.0.0,r.-90.0.0,r.-90.0.0,r.-90.0.0,,,,,,,,,,,,,,,p.55,,p.56,,,,,,,,,,,,,,,,,,,,,,,,,,,p.59,p.60,,,,,,,,,,,,,,,,,,,,,,,,,,,p.64,p.65,,,,,,,,p.66,,,,,,,,,,p.68,p.69,,,,,,,,,,,,p.71,,,,,,,,,p.923,p.924,p.925,p.74,,,,,,,,,,p.75,,
923,,,,,,,,,,,,,,,,p.945,,,,,,,,,,,,,,,,,,,,,,,,,,,,,,,,,,,,,,,,,,,,,,,,,,,,,,,,,,,,,,,,,,,,,,,,,,,,,,,,,,,,,,,,,,,,,,,,,,,,,,,,,,,,,,,,,,,,,,,,,,,,,,,,,,,,,,,,,,,,,,,,,,,,,,,,,,,,,,,,,,,,,,,,,,,,,,,,,,,,,,,,,,,,,,,,,,,,,,,,,,,,,,
924,r.-90.0.0,r.-90.0.0,r.-90.0.0,r.-90.0.0,r.-90.0.0,p.48/r.-90.0.0,r.-90.0.0,r.-90.0.0,r.-90.0.0,r.-90.0.0,r.-90.0.0,r.-90.0.0,r.-90.0.0,r.-90.0.0,r.-90.0.0,r.-112.0.0/r.-90.0.0,r.-90.0.0,r.-90.0.0,r.-90.0.0,r.-90.0.0,r.-90.0.0,r.-90.0.0,r.-90.0.0,r.-90.0.0,r.-90.0.0,r.-90.0.0,r.-90.0.0,r.-90.0.0,r.-90.0.0,r.-90.0.0,r.-90.0.0,r.-90.0.0,r.-90.0.0,r.-90.0.0,r.-90.0.0,p.50/r.-90.0.0,r.-90.0.0,r.-90.0.0,r.-90.0.0,r.-90.0.0,r.-90.0.0,r.-90.0.0,r.-90.0.0,r.-90.0.0,r.-90.0.0,r.-90.0.0,r.-90.0.0,p.51/r.-90.0.0,r.-90.0.0,p.52/r.-90.0.0,r.-90.0.0,p.53/r.-90.0.0,r.-90.0.0,r.-90.0.0,r.-90.0.0,r.-90.0.0,r.-90.0.0,r.-90.0.0,r.-90.0.0,r.-90.0.0,r.-90.0.0,r.-90.0.0,r.-90.0.0,r.-90.0.0,r.-90.0.0,r.-90.0.0,r.-90.0.0,r.-90.0.0,r.-90.0.0,r.-90.0.0,r.-90.0.0,r.-90.0.0,r.-90.0.0,r.-90.0.0,p.54/r.-90.0.0,r.-90.0.0,r.-90.0.0,r.-90.0.0,r.-90.0.0,r.-90.0.0,r.-90.0.0,r.-90.0.0,r.-90.0.0,r.-90.0.0,r.-90.0.0,r.-90.0.0,r.-90.0.0,r.-90.0.0,r.-90.0.0,r.-90.0.0,r.-90.0.0,r.-90.0.0,r.-90.0.0,r.-90.0.0,,,,,,,,,,,,,,,p.55,,p.56,,,,,,,,,,,,,,,,,,,,,,,,,,,p.59,p.60,,,,,,,,,,,,,,,,,,,,,,,,,,,p.64,p.65,,,,,,,,p.66,,,,,,,,,,p.68,p.69,,,,,,,,,,,,p.71,,,,,,,,,p.944,p.924,p.925,p.74,,,,,,,,,,p.75,,
925,,,,,,,,,,,,,,,,p.926,,,,,,,,,,,,,,,,,,,,,,,,,,,,,,,,,,,,,,,,,,,,,,,,,,,,,,,,,,,,,,,,,,,,,,,,,,,,,,,,,,,,,,,,,,,,,,,,,,,,,,,,,,,,,,,,,,,,,,,,,,,,,,,,,,,,,,,,,,,,,,,,,,,,,,,,,,,,,,,,,,,,,,,,,,,,,,,,,,,,,,,,,,,,,,,,,,,,,,,,,,,,,,
926,,,,,,,,,,,,,,,p.104,r.-6.0.0,,,,,,,,,,,,,,,,,,,,,,,,,,,,,,,,,,,,,,,,,,,,,,,,,,,,,,,,,,,,,,,,,,,,,,,,,,,,,,,,,,,,,p.927,p.106,,,,,,,,,,,,,,,,,,,,,,,,,,,,,,,,,,,,,,,,,,,,,,,,,,,,,,,,,,,,,,,,,,,,,,,,,,,,,,,,,,,,,,,,,,,,,,,,,,,,,,,,,,,,,,,,,,,,,,,,
927,,,,,,,,,,,,,,,,p.928,,,,,,,,,,,,,,,,,,,,,,,,,,,,,,,,,,,,,,,,,,,,,,,,,,,,,,,,,,,,,,,,,,,,,,,,,,,,,,,,,,,,,,,,,,,,,,,,,,,,,,,,,,,,,,,,,,,,,,,,,,,,,,,,,,,,,,,,,,,,,,,,,,,,,,,,,,,,,,,,,,,,,,,,,,,,,,,,,,,,,,,,,,,,,,,,,,,,,,,,,,,,,,
928,,,,,,,,,,,,,,,,,,,,,,,,,,,,,,,,,,,,,,,,,,,,,,,,,,,,,,,,,,,,,,,,,,,,,,,,,,,,,,,,,,,,,,,,,,,,p.929,,,,,,,,,,,,,,,,,,,,,,,,,,,,,,,,,,,,,,,,,,,,,,,,,,,,,,,,,,,,,,,,,,,,,,,,,,,,,,,,,,,,,,,,,,,,,,,,,,,,,,,,,,,,,,,,,,,,,,,,,,,,,,,,,,
929,,,,,,,,,,,,,,,,p.930,,,,,,,,,,,,,,,,,,,,,,,,,,,,,,,,,,,,,,,,,,,,,,,,,,,,,,,,,,,,,,,,,,,,,,,,,,,,,,,,,,,,,,,,,,,,,,,,,,,,,,,,,,,,,,,,,,,,,,,,,,,,,,,,,,,,,,,,,,,,,,,,,,,,,,,,,,,,,,,,,,,,,,,,,,,,,,,,,,,,,,,,,,,,,,,,,,,,,,,,,,,,,,
930,,,,,,,,,,,,,,,,p.78/r.-32.0.0/r.-33.0.0,,,,,,,,,,,,,,,,,,,,,,,,,,,,,,,,,,,,,,,,,,,,,,,,,,,,,,,,,,,,,,,,,,,,,,,,,,,,,,,,,,,,,,,,,,,,,,,,,,,,,,,,,,,p.931,,,,p.98,p.99,,,,,,,,,,,,,,,,,,,,,,,,,,,,,,,,,,,,,,,,,,,,,,,,,,,,,,,,,,,,,,,,,,,,,,,,,,,,,,,,,,,,,,,,,,,,,,
931,,,,,,,,,,,,,,,,p.932,,,,,,,,,,,,,,,,,,,,,,,,,,,,,,,,,,,,,,,,,,,,,,,,,,,,,,,,,,,,,,,,,,,,,,,,,,,,,,,,,,,,,,,,,,,,,,,,,,,,,,,,,,,,,,,,,,,,,,,,,,,,,,,,,,,,,,,,,,,,,,,,,,,,,,,,,,,,,,,,,,,,,,,,,,,,,,,,,,,,,,,,,,,,,,,,,,,,,,,,,,,,,,
932,r.-90.0.0,r.-90.0.0,r.-90.0.0,r.-90.0.0,r.-90.0.0,p.48/r.-90.0.0,r.-90.0.0,r.-90.0.0,r.-90.0.0,r.-90.0.0,r.-90.0.0,r.-90.0.0,r.-90.0.0,r.-90.0.0,r.-90.0.0,r.-90.0.0/r.-77.0.0,r.-90.0.0,r.-90.0.0,r.-90.0.0,r.-90.0.0,r.-90.0.0,r.-90.0.0,r.-90.0.0,r.-90.0.0,r.-90.0.0,r.-90.0.0,r.-90.0.0,r.-90.0.0,r.-90.0.0,r.-90.0.0,r.-90.0.0,r.-90.0.0,r.-90.0.0,r.-90.0.0,r.-90.0.0,r.-90.0.0,r.-90.0.0,r.-90.0.0,r.-90.0.0,r.-90.0.0,r.-90.0.0,r.-90.0.0,r.-90.0.0,r.-90.0.0,r.-90.0.0,r.-90.0.0,r.-90.0.0,r.-90.0.0,r.-90.0.0,r.-90.0.0,r.-90.0.0,r.-90.0.0,r.-90.0.0,r.-90.0.0,r.-90.0.0,r.-90.0.0,r.-90.0.0,r.-90.0.0,r.-90.0.0,r.-90.0.0,r.-90.0.0,r.-90.0.0,r.-90.0.0,r.-90.0.0,r.-90.0.0,r.-90.0.0,r.-90.0.0,r.-90.0.0,r.-90.0.0,r.-90.0.0,r.-90.0.0,r.-90.0.0,r.-90.0.0,r.-90.0.0,r.-90.0.0,r.-90.0.0,r.-90.0.0,r.-90.0.0,r.-90.0.0,r.-90.0.0,r.-90.0.0,r.-90.0.0,r.-90.0.0,r.-90.0.0,r.-90.0.0,r.-90.0.0,r.-90.0.0,r.-90.0.0,r.-90.0.0,r.-90.0.0,r.-90.0.0,r.-90.0.0,r.-90.0.0,r.-90.0.0,,,,,,,,,,,,,,,,,p.113,,,,,,,,,,,,,,,,,,,,,,,,,,,,,,,,,,,,,,,,,,,,,,,,,,,,,,,,,,,,,p.933,p.115,,,,,,,,,,,,p.68,p.69,,,,,,,,,,,p.116,,,,,,,,,,,,,,,,,,,,,,,p.75,,
933,,,,,,,,,,,,,,,,p.934,,,,,,,,,,,,,,,,,,,,,,,,,,,,,,,,,,,,,,,,,,,,,,,,,,,,,,,,,,,,,,,,,,,,,,,,,,,,,,,,,,,,,,,,,,,,,,,,,,,,,,,,,,,,,,,,,,,,,,,,,,,,,,,,,,,,,,,,,,,,,,,,,,,,,,,,,,,,,,,,,,,,,,,,,,,,,,,,,,,,,,,,,,,,,,,,,,,,,,,,,,,,,,
934,,,,,,,,,,,,,,,,r.-50.0.0,,,,,,,,,,,,,,,,,,,,,,,,,,,,,,,p.804,,,,,,,,,,,,,,,,,,,,,,,,,,,,,,,,,,,,,,,,,,,,,,,,,,,,,,,,,,,,,,,,,,,,,,,,,,,,,,,,,,,,,,,,,,,,,,,,,,p.935,p.806,,,,,,,,,,,,,,,,,,,,,,,,,,,,,,,,,,,,,,,,,,,,,,,,,,,,,,,,,,,,,,,,,,,,,,,,,,,,
935,,,,,,,,,,,,,,,,p.936,,,,,,,,,,,,,,,,,,,,,,,,,,,,,,,,,,,,,,,,,,,,,,,,,,,,,,,,,,,,,,,,,,,,,,,,,,,,,,,,,,,,,,,,,,,,,,,,,,,,,,,,,,,,,,,,,,,,,,,,,,,,,,,,,,,,,,,,,,,,,,,,,,,,,,,,,,,,,,,,,,,,,,,,,,,,,,,,,,,,,,,,,,,,,,,,,,,,,,,,,,,,,,
936,,,,,,,,,,,,,,,,,,,,,,,,,,,,,,,,,,,,,,,,,,,,,,,,,,,,,,,,,,,,,,,,,,,,,,,,,,,,p.937,,,,,,,,,,,,,,,,,,,,,,,,,,,,,,,,,,,,,,,,,,,,,,,,,,,,,,,,,,,,,,,,,,,,,,,,,,,,,,,,,,,,,,,,,,,,,,,,,,,,,,,,,,,,,,,,,,,,,,,,,,,,,,,,,,,,,,,,,,,,,,,,,,
937,,,,,,,,,,,,,,,,p.938,,,,,,,,,,,,,,,,,,,,,,,,,,,,,,,,,,,,,,,,,,,,,,,,,,,,,,,,,,,,,,,,,,,,,,,,,,,,,,,,,,,,,,,,,,,,,,,,,,,,,,,,,,,,,,,,,,,,,,,,,,,,,,,,,,,,,,,,,,,,,,,,,,,,,,,,,,,,,,,,,,,,,,,,,,,,,,,,,,,,,,,,,,,,,,,,,,,,,,,,,,,,,,
938,r.-33.0.0/r.-32.0.0,r.-32.0.0/r.-33.0.0,r.-33.0.0/r.-32.0.0,r.-33.0.0/r.-32.0.0,r.-32.0.0/r.-33.0.0,r.-33.0.0/r.-32.0.0,r.-32.0.0/r.-33.0.0,r.-32.0.0/r.-33.0.0,r.-33.0.0/r.-32.0.0,r.-32.0.0/r.-33.0.0,r.-32.0.0/r.-33.0.0,r.-33.0.0/r.-32.0.0,r.-33.0.0/r.-32.0.0,r.-32.0.0/r.-33.0.0,r.-32.0.0/r.-33.0.0,p.939/r.-32.0.0/r.-33.0.0,r.-33.0.0/r.-32.0.0,r.-33.0.0/r.-32.0.0,r.-32.0.0/r.-33.0.0,r.-33.0.0/r.-32.0.0,r.-32.0.0/r.-33.0.0,r.-32.0.0/r.-33.0.0,r.-33.0.0/r.-32.0.0,r.-32.0.0/r.-33.0.0,r.-33.0.0/r.-32.0.0,r.-33.0.0/r.-32.0.0,r.-32.0.0/r.-33.0.0,r.-33.0.0/r.-32.0.0,r.-33.0.0/r.-32.0.0,r.-32.0.0/r.-33.0.0,r.-33.0.0/r.-32.0.0,r.-33.0.0/r.-32.0.0,r.-33.0.0/r.-32.0.0,r.-33.0.0/r.-32.0.0,r.-32.0.0/r.-33.0.0,r.-32.0.0/r.-33.0.0,r.-32.0.0/r.-33.0.0,r.-32.0.0/r.-33.0.0,r.-32.0.0/r.-33.0.0,r.-32.0.0/r.-33.0.0,r.-32.0.0/r.-33.0.0,r.-32.0.0/r.-33.0.0,r.-33.0.0/r.-32.0.0,r.-32.0.0/r.-33.0.0,r.-33.0.0/r.-32.0.0,r.-32.0.0/r.-33.0.0,r.-32.0.0/r.-33.0.0,r.-33.0.0/r.-32.0.0,r.-32.0.0/r.-33.0.0,r.-33.0.0/r.-32.0.0,r.-33.0.0/r.-32.0.0,r.-33.0.0/r.-32.0.0,r.-33.0.0/r.-32.0.0,r.-32.0.0/r.-33.0.0,r.-32.0.0/r.-33.0.0,r.-32.0.0/r.-33.0.0,r.-33.0.0/r.-32.0.0,r.-33.0.0/r.-32.0.0,r.-32.0.0/r.-33.0.0,r.-32.0.0/r.-33.0.0,r.-32.0.0/r.-33.0.0,r.-33.0.0/r.-32.0.0,r.-33.0.0/r.-32.0.0,r.-32.0.0/r.-33.0.0,r.-33.0.0/r.-32.0.0,r.-33.0.0/r.-32.0.0,r.-33.0.0/r.-32.0.0,r.-32.0.0/r.-33.0.0,r.-32.0.0/r.-33.0.0,r.-32.0.0/r.-33.0.0,r.-32.0.0/r.-33.0.0,r.-32.0.0/r.-33.0.0,r.-32.0.0/r.-33.0.0,r.-32.0.0/r.-33.0.0,r.-32.0.0/r.-33.0.0,r.-33.0.0/r.-32.0.0,r.-32.0.0/r.-33.0.0,r.-32.0.0/r.-33.0.0,r.-33.0.0/r.-32.0.0,r.-32.0.0/r.-33.0.0,r.-32.0.0/r.-33.0.0,r.-33.0.0/r.-32.0.0,r.-32.0.0/r.-33.0.0,r.-33.0.0/r.-32.0.0,r.-32.0.0/r.-33.0.0,r.-33.0.0/r.-32.0.0,r.-32.0.0/r.-33.0.0,r.-32.0.0/r.-33.0.0,r.-33.0.0/r.-32.0.0,r.-33.0.0/r.-32.0.0,r.-33.0.0/r.-32.0.0,r.-32.0.0/r.-33.0.0,r.-33.0.0/r.-32.0.0,r.-32.0.0/r.-33.0.0,,,,,,,,,,,,,,,,,,,,,,,,,,,,,p.940,,,,p.941,p.942,,,,,,,,,,,,,,,,,,,,,,,,,,,,,,,,,,,,,,,,,,,,,,,,,,,,,,,,,,,,,,,,,,,,,,,,,,,,,,,,,,,,,,,,,,,,,,
939,r.-33.1.0,r.-33.1.0,r.-33.1.0,r.-33.1.0,r.-33.1.0,r.-33.1.0,r.-33.1.0,r.-33.1.0,r.-33.1.0,r.-33.1.0,r.-33.1.0,r.-33.1.0,r.-33.1.0,r.-33.1.0,r.-33.1.0,r.-33.1.0,r.-33.1.0,r.-33.1.0,r.-33.1.0,r.-33.1.0,r.-33.1.0,r.-33.1.0,r.-33.1.0,r.-33.1.0,r.-33.1.0,r.-33.1.0,r.-33.1.0,r.-33.1.0,r.-33.1.0,r.-33.1.0,r.-33.1.0,r.-33.1.0,r.-33.1.0,r.-33.1.0,r.-33.1.0,r.-33.1.0,r.-33.1.0,r.-33.1.0,r.-33.1.0,r.-33.1.0,r.-33.1.0,r.-33.1.0,r.-33.1.0,r.-33.1.0,r.-33.1.0,r.-33.1.0,r.-33.1.0,r.-33.1.0,r.-33.1.0,r.-33.1.0,r.-33.1.0,r.-33.1.0,r.-33.1.0,r.-33.1.0,r.-33.1.0,r.-33.1.0,r.-33.1.0,r.-33.1.0,r.-33.1.0,r.-33.1.0,r.-33.1.0,r.-33.1.0,r.-33.1.0,r.-33.1.0,r.-33.1.0,r.-33.1.0,r.-33.1.0,r.-33.1.0,r.-33.1.0,r.-33.1.0,r.-33.1.0,r.-33.1.0,r.-33.1.0,r.-33.1.0,r.-33.1.0,r.-33.1.0,r.-33.1.0,r.-33.1.0,r.-33.1.0,r.-33.1.0,r.-33.1.0,r.-33.1.0,r.-33.1.0,r.-33.1.0,r.-33.1.0,r.-33.1.0,r.-33.1.0,r.-33.1.0,r.-33.1.0,r.-33.1.0,r.-33.1.0,r.-33.1.0,r.-33.1.0,r.-33.1.0,,,,,,,,,,,,,,,,,,,,,,,,,,,,,,,,,,,,,,,,,,,,,,,,,,,,,,,,,,,,,,,,,,,,,,,,,,,,,,,,,,,,,,,,,,,,,,,,,,,,,,,,,,,,,,,,,,,,,,,,,,,,,,,,
940,r.-113.15.0,r.-113.15.0,r.-113.15.0,r.-113.15.0,r.-113.15.0,r.-113.15.0,r.-113.15.0,r.-113.15.0,r.-113.15.0,r.-113.15.0,r.-113.15.0,r.-113.15.0,r.-113.15.0,r.-113.15.0,r.-113.15.0,r.-113.15.0,r.-113.15.0,r.-113.15.0,r.-113.15.0,r.-113.15.0,r.-113.15.0,r.-113.15.0,r.-113.15.0,r.-113.15.0,r.-113.15.0,r.-113.15.0,r.-113.15.0,r.-113.15.0,r.-113.15.0,r.-113.15.0,r.-113.15.0,r.-113.15.0,r.-113.15.0,r.-113.15.0,r.-113.15.0,r.-113.15.0,r.-113.15.0,r.-113.15.0,r.-113.15.0,r.-113.15.0,r.-113.15.0,r.-113.15.0,r.-113.15.0,r.-113.15.0,r.-113.15.0,r.-113.15.0,r.-113.15.0,r.-113.15.0,r.-113.15.0,r.-113.15.0,r.-113.15.0,r.-113.15.0,r.-113.15.0,r.-113.15.0,r.-113.15.0,r.-113.15.0,r.-113.15.0,r.-113.15.0,r.-113.15.0,r.-113.15.0,r.-113.15.0,r.-113.15.0,r.-113.15.0,r.-113.15.0,r.-113.15.0,r.-113.15.0,r.-113.15.0,r.-113.15.0,r.-113.15.0,r.-113.15.0,r.-113.15.0,r.-113.15.0,r.-113.15.0,r.-113.15.0,r.-113.15.0,r.-113.15.0,r.-113.15.0,r.-113.15.0,r.-113.15.0,r.-113.15.0,r.-113.15.0,r.-113.15.0,r.-113.15.0,r.-113.15.0,r.-113.15.0,r.-113.15.0,r.-113.15.0,r.-113.15.0,r.-113.15.0,r.-113.15.0,r.-113.15.0,r.-113.15.0,r.-113.15.0,r.-113.15.0,,,,,,,,,,,,,,,,,,,,,,,,,,,,,,,,,,,,,,,,,,,,,,,,,,,,,,,,,,,,,,,,,,,,,,,,,,,,,,,,,,,,,,,,,,,,,,,,,,,,,,,,,,,,,,,,,,,,,,,,,,,,,,,,
941,r.-28.1.0,r.-28.1.0,r.-28.1.0,r.-28.1.0,r.-28.1.0,r.-28.1.0,r.-28.1.0,r.-28.1.0,r.-28.1.0,r.-28.1.0,r.-28.1.0,r.-28.1.0,r.-28.1.0,r.-28.1.0,r.-28.1.0,r.-28.1.0,r.-28.1.0,r.-28.1.0,r.-28.1.0,r.-28.1.0,r.-28.1.0,r.-28.1.0,r.-28.1.0,r.-28.1.0,r.-28.1.0,r.-28.1.0,r.-28.1.0,r.-28.1.0,r.-28.1.0,r.-28.1.0,r.-28.1.0,r.-28.1.0,r.-28.1.0,r.-28.1.0,r.-28.1.0,r.-28.1.0,r.-28.1.0,r.-28.1.0,r.-28.1.0,r.-28.1.0,r.-28.1.0,r.-28.1.0,r.-28.1.0,r.-28.1.0,r.-28.1.0,r.-28.1.0,r.-28.1.0,r.-28.1.0,r.-28.1.0,r.-28.1.0,r.-28.1.0,r.-28.1.0,r.-28.1.0,r.-28.1.0,r.-28.1.0,r.-28.1.0,r.-28.1.0,r.-28.1.0,r.-28.1.0,r.-28.1.0,r.-28.1.0,r.-28.1.0,r.-28.1.0,r.-28.1.0,r.-28.1.0,r.-28.1.0,r.-28.1.0,r.-28.1.0,r.-28.1.0,r.-28.1.0,r.-28.1.0,r.-28.1.0,r.-28.1.0,r.-28.1.0,r.-28.1.0,r.-28.1.0,r.-28.1.0,r.-28.1.0,r.-28.1.0,r.-28.1.0,r.-28.1.0,r.-28.1.0,r.-28.1.0,r.-28.1.0,r.-28.1.0,r.-28.1.0,r.-28.1.0,r.-28.1.0,r.-28.1.0,r.-28.1.0,r.-28.1.0,r.-28.1.0,r.-28.1.0,r.-28.1.0,,,,,,,,,,,,,,,,,,,,,,,,,,,,,,,,,,,,,,,,,,,,,,,,,,,,,,,,,,,,,,,,,,,,,,,,,,,,,,,,,,,,,,,,,,,,,,,,,,,,,,,,,,,,,,,,,,,,,,,,,,,,,,,,
942,r.-32.0.0/r.-33.0.0,r.-33.0.0/r.-32.0.0,r.-33.0.0/r.-32.0.0,r.-32.0.0/r.-33.0.0,r.-33.0.0/r.-32.0.0,r.-33.0.0/r.-32.0.0,r.-33.0.0/r.-32.0.0,r.-32.0.0/r.-33.0.0,r.-33.0.0/r.-32.0.0,r.-32.0.0/r.-33.0.0,r.-32.0.0/r.-33.0.0,r.-32.0.0/r.-33.0.0,r.-33.0.0/r.-32.0.0,r.-32.0.0/r.-33.0.0,r.-33.0.0/r.-32.0.0,p.939/r.-33.0.0/r.-32.0.0,r.-33.0.0/r.-32.0.0,r.-32.0.0/r.-33.0.0,r.-33.0.0/r.-32.0.0,r.-32.0.0/r.-33.0.0,r.-32.0.0/r.-33.0.0,r.-33.0.0/r.-32.0.0,r.-32.0.0/r.-33.0.0,r.-33.0.0/r.-32.0.0,r.-32.0.0/r.-33.0.0,r.-32.0.0/r.-33.0.0,r.-32.0.0/r.-33.0.0,r.-32.0.0/r.-33.0.0,r.-33.0.0/r.-32.0.0,r.-33.0.0/r.-32.0.0,r.-32.0.0/r.-33.0.0,r.-32.0.0/r.-33.0.0,r.-32.0.0/r.-33.0.0,r.-33.0.0/r.-32.0.0,r.-32.0.0/r.-33.0.0,r.-33.0.0/r.-32.0.0,r.-32.0.0/r.-33.0.0,r.-32.0.0/r.-33.0.0,r.-33.0.0/r.-32.0.0,r.-32.0.0/r.-33.0.0,r.-32.0.0/r.-33.0.0,r.-33.0.0/r.-32.0.0,r.-33.0.0/r.-32.0.0,r.-32.0.0/r.-33.0.0,r.-33.0.0/r.-32.0.0,r.-32.0.0/r.-33.0.0,r.-32.0.0/r.-33.0.0,r.-32.0.0/r.-33.0.0,r.-33.0.0/r.-32.0.0,r.-32.0.0/r.-33.0.0,r.-33.0.0/r.-32.0.0,r.-32.0.0/r.-33.0.0,r.-32.0.0/r.-33.0.0,r.-33.0.0/r.-32.0.0,r.-32.0.0/r.-33.0.0,r.-32.0.0/r.-33.0.0,r.-32.0.0/r.-33.0.0,r.-32.0.0/r.-33.0.0,r.-32.0.0/r.-33.0.0,r.-32.0.0/r.-33.0.0,r.-33.0.0/r.-32.0.0,r.-33.0.0/r.-32.0.0,r.-32.0.0/r.-33.0.0,r.-32.0.0/r.-33.0.0,r.-33.0.0/r.-32.0.0,r.-33.0.0/r.-32.0.0,r.-32.0.0/r.-33.0.0,r.-33.0.0/r.-32.0.0,r.-32.0.0/r.-33.0.0,r.-33.0.0/r.-32.0.0,r.-33.0.0/r.-32.0.0,r.-33.0.0/r.-32.0.0,r.-32.0.0/r.-33.0.0,r.-33.0.0/r.-32.0.0,r.-33.0.0/r.-32.0.0,r.-32.0.0/r.-33.0.0,r.-32.0.0/r.-33.0.0,r.-33.0.0/r.-32.0.0,r.-33.0.0/r.-32.0.0,r.-33.0.0/r.-32.0.0,r.-32.0.0/r.-33.0.0,r.-32.0.0/r.-33.0.0,r.-33.0.0/r.-32.0.0,r.-33.0.0/r.-32.0.0,r.-33.0.0/r.-32.0.0,r.-33.0.0/r.-32.0.0,r.-33.0.0/r.-32.0.0,r.-33.0.0/r.-32.0.0,r.-32.0.0/r.-33.0.0,r.-33.0.0/r.-32.0.0,r.-33.0.0/r.-32.0.0,r.-32.0.0/r.-33.0.0,r.-33.0.0/r.-32.0.0,r.-32.0.0/r.-33.0.0,,,,,,,,,,,,,,,,,,,,,,,,,,,,,,,,,p.943,p.942,,,,,,,,,,,,,,,,,,,,,,,,,,,,,,,,,,,,,,,,,,,,,,,,,,,,,,,,,,,,,,,,,,,,,,,,,,,,,,,,,,,,,,,,,,,,,,
943,r.-32.2.0,r.-32.2.0,r.-32.2.0,r.-32.2.0,r.-32.2.0,r.-32.2.0,r.-32.2.0,r.-32.2.0,r.-32.2.0,r.-32.2.0,r.-32.2.0,r.-32.2.0,r.-32.2.0,r.-32.2.0,r.-32.2.0,r.-32.2.0,r.-32.2.0,r.-32.2.0,r.-32.2.0,r.-32.2.0,r.-32.2.0,r.-32.2.0,r.-32.2.0,r.-32.2.0,r.-32.2.0,r.-32.2.0,r.-32.2.0,r.-32.2.0,r.-32.2.0,r.-32.2.0,r.-32.2.0,r.-32.2.0,r.-32.2.0,r.-32.2.0,r.-32.2.0,r.-32.2.0,r.-32.2.0,r.-32.2.0,r.-32.2.0,r.-32.2.0,r.-32.2.0,r.-32.2.0,r.-32.2.0,r.-32.2.0,r.-32.2.0,r.-32.2.0,r.-32.2.0,r.-32.2.0,r.-32.2.0,r.-32.2.0,r.-32.2.0,r.-32.2.0,r.-32.2.0,r.-32.2.0,r.-32.2.0,r.-32.2.0,r.-32.2.0,r.-32.2.0,r.-32.2.0,r.-32.2.0,r.-32.2.0,r.-32.2.0,r.-32.2.0,r.-32.2.0,r.-32.2.0,r.-32.2.0,r.-32.2.0,r.-32.2.0,r.-32.2.0,r.-32.2.0,r.-32.2.0,r.-32.2.0,r.-32.2.0,r.-32.2.0,r.-32.2.0,r.-32.2.0,r.-32.2.0,r.-32.2.0,r.-32.2.0,r.-32.2.0,r.-32.2.0,r.-32.2.0,r.-32.2.0,r.-32.2.0,r.-32.2.0,r.-32.2.0,r.-32.2.0,r.-32.2.0,r.-32.2.0,r.-32.2.0,r.-32.2.0,r.-32.2.0,r.-32.2.0,r.-32.2.0,,,,,,,,,,,,,,,,,,,,,,,,,,,,,,,,,,,,,,,,,,,,,,,,,,,,,,,,,,,,,,,,,,,,,,,,,,,,,,,,,,,,,,,,,,,,,,,,,,,,,,,,,,,,,,,,,,,,,,,,,,,,,,,,
944,,,,,,,,,,,,,,,,r.-112.2.0,,,,,,,,,,,,,,,,,,,,,,,,,,,,,,,,,,,,,,,,,,,,,,,,,,,,,,,,,,,,,,,,,,,,,,,,,,,,,,,,,,,,,,,,,,,,,,,,,,,,,,,,,,,,,,,,,,,,,,,,,,,,,,,,,,,,,,,,,,,,,,,,,,,,,,,,,,,,,,,,,,,,,,,,,,,,,,,,,,,,,,,,,,,,,,,,,,,,,,,,,,,,,,
945,,,,,,,,,,,,,,,,,,,,,,,,,,,,,,,,,,,,,,,,,,,,,,,,,,,,,,,,,,,,,,,,,,,,,,,,,,,,p.946,,,,,,,,,,,,,,,,,,,,,,,,,,,,,,,,,,,,,,,,,,,,,,,,,,,,,,,,,,,,,,,,,,,,,,,,,,,,,,,,,,,,,,,,,,,,,,,,,,,,,,,,,,,,,,,,,,,,,,,,,,,,,,,,,,,,,,,,,,,,,,,,,,
946,,,,,,,,,,,,,,,,p.947,,,,,,,,,,,,,,,,,,,,,,,,,,,,,,,,,,,,,,,,,,,,,,,,,,,,,,,,,,,,,,,,,,,,,,,,,,,,,,,,,,,,,,,,,,,,,,,,,,,,,,,,,,,,,,,,,,,,,,,,,,,,,,,,,,,,,,,,,,,,,,,,,,,,,,,,,,,,,,,,,,,,,,,,,,,,,,,,,,,,,,,,,,,,,,,,,,,,,,,,,,,,,,
947,,,,,,,,,,,,,,,,p.78/r.-33.0.0/r.-32.0.0,,,,,,,,,,,,,,,,,,,,,,,,,,,,,,,,,,,,,,,,,,,,,,,,,,,,,,,,,,,,,,,,,,,,,,,,,,,,,,,,,,,,,,,,,,,,,,,,,,,,,,,,,,,p.948,,,,p.98,p.99,,,,,,,,,,,,,,,,,,,,,,,,,,,,,,,,,,,,,,,,,,,,,,,,,,,,,,,,,,,,,,,,,,,,,,,,,,,,,,,,,,,,,,,,,,,,,,
948,,,,,,,,,,,,,,,,r.-86.15.0,,,,,,,,,,,,,,,,,,,,,,,,,,,,,,,,,,,,,,,,,,,,,,,,,,,,,,,,,,,,,,,,,,,,,,,,,,,,,,,,,,,,,,,,,,,,,,,,,,,,,,,,,,,,,,,,,,,,,,,,,,,,,,,,,,,,,,,,,,,,,,,,,,,,,,,,,,,,,,,,,,,,,,,,,,,,,,,,,,,,,,,,,,,,,,,,,,,,,,,,,,,,,,
949,,,,,,,,,,,,,,,,p.78/r.-32.0.0/r.-33.0.0,,,,,,,,,,,,,,,,,,,,,,,,,,,,,,,,,,,,,,,,,,,,,,,,,,,,,,,,,,,,,,,,,,,,,,,,,,,,,,,,,,,,,,,,,,,,,,,,,,,,,,,,,,,p.950,,,,p.98,p.99,,,,,,,,,,,,,,,,,,,,,,,,,,,,,,,,,,,,,,,,,,,,,,,,,,,,,,,,,,,,,,,,,,,,,,,,,,,,,,,,,,,,,,,,,,,,,,
950,,,,,,,,,,,,,,,,r.-89.3.0,,,,,,,,,,,,,,,,,,,,,,,,,,,,,,,,,,,,,,,,,,,,,,,,,,,,,,,,,,,,,,,,,,,,,,,,,,,,,,,,,,,,,,,,,,,,,,,,,,,,,,,,,,,,,,,,,,,,,,,,,,,,,,,,,,,,,,,,,,,,,,,,,,,,,,,,,,,,,,,,,,,,,,,,,,,,,,,,,,,,,,,,,,,,,,,,,,,,,,,,,,,,,,
951,r.-90.0.0,r.-90.0.0,r.-90.0.0,r.-90.0.0,r.-90.0.0,p.48/r.-90.0.0,r.-90.0.0,r.-90.0.0,r.-90.0.0,r.-90.0.0,r.-90.0.0,r.-90.0.0,r.-90.0.0,r.-90.0.0,r.-90.0.0,r.-90.0.0,r.-90.0.0,r.-90.0.0,r.-90.0.0,r.-90.0.0,r.-90.0.0,r.-90.0.0,r.-90.0.0,r.-90.0.0,r.-90.0.0,r.-90.0.0,r.-90.0.0,r.-90.0.0,r.-90.0.0,r.-90.0.0,r.-90.0.0,r.-90.0.0,r.-90.0.0,r.-90.0.0,r.-90.0.0,r.-90.0.0,r.-90.0.0,r.-90.0.0,r.-90.0.0,r.-90.0.0,r.-90.0.0,r.-90.0.0,r.-90.0.0,r.-90.0.0,r.-90.0.0,r.-90.0.0,r.-90.0.0,r.-90.0.0,r.-90.0.0,r.-90.0.0,r.-90.0.0,r.-90.0.0,r.-90.0.0,r.-90.0.0,r.-90.0.0,r.-90.0.0,r.-90.0.0,r.-90.0.0,r.-90.0.0,r.-90.0.0,r.-90.0.0,r.-90.0.0,r.-90.0.0,r.-90.0.0,r.-90.0.0,r.-90.0.0,r.-90.0.0,r.-90.0.0,r.-90.0.0,r.-90.0.0,r.-90.0.0,r.-90.0.0,r.-90.0.0,r.-90.0.0,r.-90.0.0,r.-90.0.0,r.-90.0.0,r.-90.0.0,r.-90.0.0,r.-90.0.0,r.-90.0.0,r.-90.0.0,r.-90.0.0,r.-90.0.0,r.-90.0.0,r.-90.0.0,r.-90.0.0,r.-90.0.0,r.-90.0.0,r.-90.0.0,r.-90.0.0,r.-90.0.0,r.-90.0.0,r.-90.0.0,,,,,,,,,,,,,,p.952,,,p.953,,,,,,,,,,,,,,,,,,,,,,,,,,,,,p.954,,,,,,,,,,,,,,,,,,,,,,,,,,,,,,,,,,,,,,,,,,,,,p.955,p.69,,,,,,,,,,,,,,,,,,,,,,,,,,,,,,,,,,p.956,,
952,,,,,,,,,,,,,,,,p.961,,,,,,,,,,,,,,,,,,,,,,,,,,,,,,,,,,,,,,,,,,,,,,,,,,,,,,,,,,,,,,,,,,,,,,,,,,,,,,,,,,,,,,,,,,,,,,,,,,,,,,,,,,,,,,,,,,,,,,,,,,,,,,,,,,,,,,,,,,,,,,,,,,,,,,,,,,,,,,,,,,,,,,,,,,,,,,,,,,,,,,,,,,,,,,,,,,,,,,,,,,,,,,
953,,,,,,,,,,,,,,,,r.-45.1.0,,,,,,,,,,,,,,,,,,,,r.-45.1.0,,,,,,,,,,,,r.-45.1.0,,r.-45.1.0,,r.-45.1.0,,,,,,,,,,,,,,,,,,,,,,,,,,,,,,,,,,,,,,,,,,,,,,,,,,,,,,,,,,,,,,,,,,,,,,,,,,,,,,,,,,,,,,,,,,,,,,,,,,,,,,,,,,,,,,,,,,,,,,,,,,,,,,,,,,,,,,,,,,,,,,,,,,,,,,,,,,,,,,,,,,,,,,,,,,
954,,,,,,,,,,,,,,,,r.-103.3.0,,,,,,,,,,,,,,,,,,,,r.-103.3.0,,,,,,,,,,,,r.-103.3.0,,r.-103.3.0,,r.-103.3.0,,,,,,,,,,,,,,,,,,,,,,,,,,,,,,,,,,,,,,,,,,,,,,,,,,,,,,,,,,,,,,,,,,,,,,,,,,,,,,,,,,,,,,,,,,,,,,,,,,,,,,,,,,,,,,,,,,,,,,,,,,,,,,,,,,,,,,,,,,,,,,,,,,,,,,,,,,,,,,,,,,,,,,,,,,
955,p.340/r.-79.0.0,p.341/r.-79.0.0,p.342/r.-79.0.0,p.343/r.-79.0.0,p.344/r.-79.0.0,p.345/r.-79.0.0,p.346/r.-79.0.0,p.347/r.-79.0.0,p.348/r.-79.0.0,p.349/r.-79.0.0,p.350/r.-79.0.0,p.351/r.-79.0.0,p.352/r.-79.0.0,p.353/r.-79.0.0,p.354/r.-79.0.0,p.355/r.-79.0.0,p.356/r.-79.0.0,p.357/r.-79.0.0,p.358/r.-79.0.0,p.359/r.-79.0.0,r.-79.0.0,r.-79.0.0,r.-79.0.0,r.-79.0.0,r.-79.0.0,r.-79.0.0,r.-79.0.0,r.-79.0.0,r.-79.0.0,r.-79.0.0,p.360/r.-79.0.0,p.361/r.-79.0.0,p.362/r.-79.0.0,p.363/r.-79.0.0,p.364/r.-79.0.0,p.365/r.-79.0.0,p.366/r.-79.0.0,p.367/r.-79.0.0,p.368/r.-79.0.0,p.369/r.-79.0.0,p.370/r.-79.0.0,p.371/r.-79.0.0,p.372/r.-79.0.0,p.373/r.-79.0.0,p.374/r.-79.0.0,p.375/r.-79.0.0,p.376/r.-79.0.0,p.377/r.-79.0.0,p.378/r.-79.0.0,p.379/r.-79.0.0,p.380/r.-79.0.0,p.381/r.-79.0.0,p.382/r.-79.0.0,p.383/r.-79.0.0,p.384/r.-79.0.0,p.385/r.-79.0.0,p.386/r.-79.0.0,p.387/r.-79.0.0,p.388/r.-79.0.0,p.389/r.-79.0.0,p.390/r.-79.0.0,p.391/r.-79.0.0,p.392/r.-79.0.0,p.393/r.-79.0.0,p.394/r.-79.0.0,p.395/r.-79.0.0,p.396/r.-79.0.0,p.397/r.-79.0.0,p.398/r.-79.0.0,p.399/r.-79.0.0,p.400/r.-79.0.0,p.401/r.-79.0.0,p.402/r.-79.0.0,p.403/r.-79.0.0,p.404/r.-79.0.0,p.405/r.-79.0.0,p.406/r.-79.0.0,p.407/r.-79.0.0,p.408/r.-79.0.0,p.409/r.-79.0.0,p.410/r.-79.0.0,p.411/r.-79.0.0,p.412/r.-79.0.0,p.413/r.-79.0.0,p.414/r.-79.0.0,p.415/r.-79.0.0,p.416/r.-79.0.0,p.417/r.-79.0.0,p.418/r.-79.0.0,p.419/r.-79.0.0,p.420/r.-79.0.0,p.421/r.-79.0.0,p.422/r.-79.0.0,p.423/r.-79.0.0,,,,,,,,,,,,,,,,,,,,,,,,,,,,,,,,,,,,,,,,,,,,,,,,,,,,,,,,,,,,,,,,,,,,,,,,,,,,,,,,p.424,,p.425,,,,,,,,,,,,,,,p.957,,,,,,,,,,,,,,,,,,,,,,,,,,,,,,,
956,,,,,,,,,,,,,,,,r.-16.1.0,,,,,,,,,,,,,,,,,,,p.142,r.-16.1.0,,,,,,,,,,,,r.-16.1.0,,r.-16.1.0,,r.-16.1.0,,,,,,,,,,,,,,,,,,,,,,,,,,,,,,,,,,,,,,,,,,,,,,,,,,,,,,,,,,,,,,,,,,,,,,,,,,,,,,,,,,,,,,,,,,,,,,,,,,,,,,,,,,,,,,,,,,,,,,,,,,,,,,,,,,,,,,,,,,,,,,,,,,,,,,,,,,,,,,,,,,,,,,,,,,
957,p.427/r.-79.0.0,p.428/r.-79.0.0,p.429/r.-79.0.0,p.430/r.-79.0.0,p.431/r.-79.0.0,p.432/r.-79.0.0,p.346/r.-79.0.0,p.347/r.-79.0.0,p.348/r.-79.0.0,p.349/r.-79.0.0,p.433/r.-79.0.0,p.434/r.-79.0.0,p.435/r.-79.0.0,p.436/r.-79.0.0,p.354/r.-79.0.0,p.355/r.-79.0.0/r.-93.0.0,p.437/r.-79.0.0,p.438/r.-79.0.0,p.358/r.-79.0.0,p.359/r.-79.0.0,p.439/r.-79.0.0,p.440/r.-79.0.0,p.441/r.-79.0.0,p.442/r.-79.0.0,p.443/r.-79.0.0,p.444/r.-79.0.0,p.445/r.-79.0.0,p.446/r.-79.0.0,p.447/r.-79.0.0,p.448/r.-79.0.0,p.449/r.-79.0.0,p.450/r.-79.0.0,p.451/r.-79.0.0,p.452/r.-79.0.0,p.364/r.-93.0.0/r.-79.0.0,p.365/r.-93.0.0/r.-79.0.0,p.453/r.-79.0.0,p.454/r.-79.0.0,p.455/r.-79.0.0,p.456/r.-79.0.0,p.370/r.-79.0.0,p.457/r.-79.0.0,p.372/r.-79.0.0,p.458/r.-79.0.0,p.374/r.-79.0.0,p.375/r.-79.0.0,p.376/r.-79.0.0,p.377/r.-79.0.0/r.-93.0.0,p.378/r.-79.0.0,p.379/r.-93.0.0/r.-79.0.0,p.380/r.-79.0.0,p.381/r.-93.0.0/r.-79.0.0,p.382/r.-79.0.0,p.383/r.-79.0.0,p.384/r.-79.0.0,p.385/r.-79.0.0,p.386/r.-79.0.0,p.387/r.-79.0.0,p.459/r.-79.0.0,p.389/r.-79.0.0,p.460/r.-79.0.0,p.391/r.-79.0.0,p.392/r.-79.0.0,p.393/r.-79.0.0,p.461/r.-79.0.0,p.395/r.-79.0.0,p.396/r.-79.0.0,p.397/r.-79.0.0,p.398/r.-79.0.0,p.399/r.-79.0.0,p.400/r.-79.0.0,p.462/r.-79.0.0,p.402/r.-79.0.0,p.403/r.-79.0.0,p.404/r.-79.0.0,p.405/r.-79.0.0,p.406/r.-79.0.0,p.407/r.-79.0.0,p.408/r.-79.0.0,p.409/r.-79.0.0,p.410/r.-79.0.0,p.411/r.-79.0.0,p.412/r.-79.0.0,p.413/r.-79.0.0,p.414/r.-79.0.0,p.415/r.-79.0.0,p.416/r.-79.0.0,p.463/r.-79.0.0,p.418/r.-79.0.0,p.419/r.-79.0.0,p.420/r.-79.0.0,p.421/r.-79.0.0,p.422/r.-79.0.0,p.464/r.-79.0.0,,,,,,,,,,,,,,,,,,,,,,,,,,,,,,,,,,,,,,,,,,,,,,,,,,,,,,,,,,,,,,,,,,,,,,,,,,,,,,,,p.424,,p.465,,,,,,,,,,,,p.958,,p.959,,,,,,,,,,,,,,,,,,,,,,,,,,,,,,,,
958,,,,,,,,,,,,,,,,r.-125.3.0,,,,,,,,,,,,,,,,,,,r.-125.3.0,r.-125.3.0,,,,,,,,,,,,r.-125.3.0,,r.-125.3.0,,r.-125.3.0,,,,,,,,,,,,,,,,,,,,,,,,,,,,,,,,,,,,,,,,,,,,,,,,,,,,,,,,,,,,,,,,,,,,,,,,,,,,,,,,,,,,,,,,,,,,,,,,,,,,,,,,,,,,,,,,,,,,,,,,,,,,,,,,,,,,,,,,,,,,,,,,,,,,,,,,,,,,,,,,,,,,,,,,,,
959,p.427/r.-79.0.0,p.428/r.-79.0.0,p.429/r.-79.0.0,p.430/r.-79.0.0,p.431/r.-79.0.0,p.432/r.-79.0.0,p.346/r.-79.0.0,p.347/r.-79.0.0,p.348/r.-79.0.0,p.349/r.-79.0.0,p.433/r.-79.0.0,p.434/r.-79.0.0,p.435/r.-79.0.0,p.436/r.-79.0.0,p.354/r.-79.0.0,p.355/r.-79.0.0/r.-93.0.0,p.437/r.-79.0.0,p.438/r.-79.0.0,p.358/r.-79.0.0,p.359/r.-79.0.0,p.439/r.-79.0.0,p.440/r.-79.0.0,p.441/r.-79.0.0,p.442/r.-79.0.0,p.443/r.-79.0.0,p.444/r.-79.0.0,p.445/r.-79.0.0,p.446/r.-79.0.0,p.447/r.-79.0.0,p.448/r.-79.0.0,p.449/r.-79.0.0,p.450/r.-79.0.0,p.451/r.-79.0.0,p.452/r.-79.0.0,p.364/r.-93.0.0/r.-79.0.0,p.365/r.-93.0.0/r.-79.0.0,p.453/r.-79.0.0,p.454/r.-79.0.0,p.455/r.-79.0.0,p.456/r.-79.0.0,p.370/r.-79.0.0,p.457/r.-79.0.0,p.372/r.-79.0.0,p.458/r.-79.0.0,p.374/r.-79.0.0,p.375/r.-79.0.0,p.376/r.-79.0.0,p.377/r.-79.0.0/r.-93.0.0,p.378/r.-79.0.0,p.379/r.-93.0.0/r.-79.0.0,p.380/r.-79.0.0,p.381/r.-79.0.0/r.-93.0.0,p.382/r.-79.0.0,p.383/r.-79.0.0,p.384/r.-79.0.0,p.385/r.-79.0.0,p.386/r.-79.0.0,p.387/r.-79.0.0,p.459/r.-79.0.0,p.389/r.-79.0.0,p.460/r.-79.0.0,p.391/r.-79.0.0,p.392/r.-79.0.0,p.393/r.-79.0.0,p.461/r.-79.0.0,p.395/r.-79.0.0,p.396/r.-79.0.0,p.397/r.-79.0.0,p.398/r.-79.0.0,p.399/r.-79.0.0,p.400/r.-79.0.0,p.462/r.-79.0.0,p.402/r.-79.0.0,p.403/r.-79.0.0,p.404/r.-79.0.0,p.405/r.-79.0.0,p.406/r.-79.0.0,p.407/r.-79.0.0,p.408/r.-79.0.0,p.409/r.-79.0.0,p.410/r.-79.0.0,p.411/r.-79.0.0,p.412/r.-79.0.0,p.413/r.-79.0.0,p.414/r.-79.0.0,p.415/r.-79.0.0,p.416/r.-79.0.0,p.463/r.-79.0.0,p.418/r.-79.0.0,p.419/r.-79.0.0,p.420/r.-79.0.0,p.421/r.-79.0.0,p.422/r.-79.0.0,p.464/r.-79.0.0,,,,,,,,,,,,,,,,,,,,,,,,,,,,,,,,,,,,,,,,,,,,,,,,,,,,,,,,,,,,,,,,,,,,,,,,,,,,,,,,p.424,,p.465,,,,,,,,,,,,p.960,,p.959,,,,,,,,,,,,,,,,,,,,,,,,,,,,,,,,
960,,,,,,,,,,,,,,,,r.-93.2.0,,,,,,,,,,,,,,,,,,,r.-93.2.0,r.-93.2.0,,,,,,,,,,,,r.-93.2.0,,r.-93.2.0,,r.-93.2.0,,,,,,,,,,,,,,,,,,,,,,,,,,,,,,,,,,,,,,,,,,,,,,,,,,,,,,,,,,,,,,,,,,,,,,,,,,,,,,,,,,,,,,,,,,,,,,,,,,,,,,,,,,,,,,,,,,,,,,,,,,,,,,,,,,,,,,,,,,,,,,,,,,,,,,,,,,,,,,,,,,,,,,,,,,
961,,,,,,,,,,,,,,,,p.78/r.-32.0.0/r.-33.0.0,,,,,,,,,,,,,,,,,,,,,,,,,,,,,,,,,,,,,,,,,,,,,,,,,,,,,,,,,,,,,,,,,,,,,,,,,,,,,,,,,,,,,,,,,,,,,,,,,,,,,,,,,,,p.962,,,,p.98,p.99,,,,,,,,,,,,,,,,,,,,,,,,,,,,,,,,,,,,,,,,,,,,,,,,,,,,,,,,,,,,,,,,,,,,,,,,,,,,,,,,,,,,,,,,,,,,,,
962,,,,,,,,,,,,,,,,p.963,,,,,,,,,,,,,,,,,,,,,,,,,,,,,,,,,,,,,,,,,,,,,,,,,,,,,,,,,,,,,,,,,,,,,,,,,,,,,,,,,,,,,,,,,,,,,,,,,,,,,,,,,,,,,,,,,,,,,,,,,,,,,,,,,,,,,,,,,,,,,,,,,,,,,,,,,,,,,,,,,,,,,,,,,,,,,,,,,,,,,,,,,,,,,,,,,,,,,,,,,,,,,,
963,r.-90.0.0,r.-90.0.0,r.-90.0.0,r.-90.0.0,r.-90.0.0,p.48/r.-90.0.0,r.-90.0.0,r.-90.0.0,r.-90.0.0,r.-90.0.0,r.-90.0.0,r.-90.0.0,r.-90.0.0,r.-90.0.0,r.-90.0.0,r.-90.0.0/r.-47.0.0,r.-90.0.0,r.-90.0.0,r.-90.0.0,r.-90.0.0,r.-90.0.0,r.-90.0.0,r.-90.0.0,r.-90.0.0,r.-90.0.0,r.-90.0.0,r.-90.0.0,r.-90.0.0,r.-90.0.0,r.-90.0.0,r.-90.0.0,r.-90.0.0,r.-90.0.0,r.-90.0.0,r.-90.0.0,r.-90.0.0,r.-90.0.0,r.-90.0.0,r.-90.0.0,r.-90.0.0,r.-90.0.0,r.-90.0.0,r.-90.0.0,r.-90.0.0,r.-90.0.0,r.-90.0.0,r.-90.0.0,r.-90.0.0,r.-90.0.0,r.-90.0.0,r.-90.0.0,r.-90.0.0,r.-90.0.0,r.-90.0.0,r.-90.0.0,r.-90.0.0,r.-90.0.0,r.-90.0.0,r.-90.0.0,r.-90.0.0,r.-90.0.0,r.-90.0.0,r.-90.0.0,r.-90.0.0,r.-90.0.0,r.-90.0.0,r.-90.0.0,r.-90.0.0,r.-90.0.0,r.-90.0.0,r.-90.0.0,r.-90.0.0,r.-90.0.0,r.-90.0.0,r.-90.0.0,r.-90.0.0,r.-90.0.0,r.-90.0.0,r.-90.0.0,r.-90.0.0,r.-90.0.0,r.-90.0.0,r.-90.0.0,r.-90.0.0,r.-90.0.0,r.-90.0.0,r.-90.0.0,r.-90.0.0,r.-90.0.0,r.-90.0.0,r.-90.0.0,r.-90.0.0,r.-90.0.0,r.-90.0.0,,,,,,,,,,,,,,,,,p.964,,,,,,,,,,,,,,,,,,,,,,,,,,,,,,,p.965,p.966,,,,,,,,,,,,,,,,,,,,,,,,,,,,,,,,,,,,,,,,,,p.68,p.69,,,,,,,,,,,,,,,,,,,,,,,,,,,,,,,,,,p.75,,
964,,,,,,,,,,,,,,,,p.969,,,,,,,,,,,,,,,,,,,,,,,,,,,,,,,,,,,,,,,,,,,,,,,,,,,,,,,,,,,,,,,,,,,,,,,,,,,,,,,,,,,,,,,,,,,,,,,,,,,,,,,,,,,,,,,,,,,,,,,,,,,,,,,,,,,,,,,,,,,,,,,,,,,,,,,,,,,,,,,,,,,,,,,,,,,,,,,,,,,,,,,,,,,,,,,,,,,,,,,,,,,,,,
965,,,,,,,,,,,,,,,,p.967,,,,,,,,,,,,,,,,,,,,,,,,,,,,,,,,,,,,,,,,,,,,,,,,,,,,,,,,,,,,,,,,,,,,,,,,,,,,,,,,,,,,,,,,,,,,,,,,,,,,,,,,,,,,,,,,,,,,,,,,,,,,,,,,,,,,,,,,,,,,,,,,,,,,,,,,,,,,,,,,,,,,,,,,,,,,,,,,,,,,,,,,,,,,,,,,,,,,,,,,,,,,,,
966,,,,,,,,,,,,,,,,r.-47.1.0,,,,,,,,,,,,,,,,,,,,,,,,,,,,,,,,,,,,,,,,,,,,,,,,,,,,,,,,,,,,,,,,,,,,,,,,,,,,,,,,,,,,,,,,,,,,,,,,,,,,,,,,,,,,,,,,,,,,,,,,,,,,,,,,,,,,,,,,,,,,,,,,,,,,,,,,,,,,,,,,,,,,,,,,,,,,,,,,,,,,,,,,,,,,,,,,,,,,,,,,,,,,,,
967,,,,,,,,,,,,,,,,,,,,,,,,,,,,,,,,,,,,,,,,,,,,,,p.968,,,,,,,,,,,,,,,,,,,,,,,,,,,,,,,,,,,,,,,,,,,,,,,,,,,,,,,,,,,,,,,,,,,,,,,,,,,,,,,,,,,,,,,,,,,,,,,,,,,,,,,,,,,,,,,,,,,,,,,,,,,,,,,,,,,,,,,,,,,,,,,,,,,,,,,,,,,,,,,,,,,,,,,,,,,,,,,,
968,,,,,,,,,,,,,,,,r.-45.7.0,,,,,,,,,,,,,,,,,,,,r.-45.7.0,,,,,,,,,,,,r.-45.7.0,,r.-45.7.0,,r.-45.7.0,,,,,,,,,,,,,,,,,,,,,,,,,,,,,,,,,,,,,,,,,,,,,,,,,,,,,,,,,,,,,,,,,,,,,,,,,,,,,,,,,,,,,,,,,,,,,,,,,,,,,,,,,,,,,,,,,,,,,,,,,,,,,,,,,,,,,,,,,,,,,,,,,,,,,,,,,,,,,,,,,,,,,,,,,,
969,,,,,,,,,,,,,,,,p.78/r.-33.0.0/r.-32.0.0,,,,,,,,,,,,,,,,,,,,,,,,,,,,,,,,,,,,,,,,,,,,,,,,,,,,,,,,,,,,,,,,,,,,,,,,,,,,,,,,,,,,,,,,,,,,,,,,,,,,,,,,,,,p.970,,,,p.98,p.99,,,,,,,,,,,,,,,,,,,,,,,,,,,,,,,,,,,,,,,,,,,,,,,,,,,,,,,,,,,,,,,,,,,,,,,,,,,,,,,,,,,,,,,,,,,,,,
970,,,,,,,,,,,,,,,,r.-48.3.0,,,,,,,,,,,,,,,,,,,,,,,,,,,,,,,,,,,,,,,,,,,,,,,,,,,,,,,,,,,,,,,,,,,,,,,,,,,,,,,,,,,,,,,,,,,,,,,,,,,,,,,,,,,,,,,,,,,,,,,,,,,,,,,,,,,,,,,,,,,,,,,,,,,,,,,,,,,,,,,,,,,,,,,,,,,,,,,,,,,,,,,,,,,,,,,,,,,,,,,,,,,,,,
971,,,,,,,,,,,,,,,,r.-72.2.0,,,,,,,,,,,,,,,,,,,,r.-72.2.0,,,,,,,,,,,,r.-72.2.0,,r.-72.2.0,,r.-72.2.0,,,,,,,,,,,,,,,,,,,,,,,,,,,,,,,,,,,,,,,,,,,,,,,,,,,,,,,,,,,,,,,,,,,,,,,,,,,,,,,,,,,,,,,,,,,,,,,,,,,,,,,,,,,,,,,,,,,,,,,,,,,,,,,,,,,,,,,,,,,,,,,,,,,,,,,,,,,,,,,,,,,,,,,,,,
972,p.340/r.-79.0.0,p.341/r.-79.0.0,p.342/r.-79.0.0,p.343/r.-79.0.0,p.344/r.-79.0.0,p.345/r.-79.0.0,p.346/r.-79.0.0,p.347/r.-79.0.0,p.348/r.-79.0.0,p.349/r.-79.0.0,p.350/r.-79.0.0,p.351/r.-79.0.0,p.352/r.-79.0.0,p.353/r.-79.0.0,p.354/r.-79.0.0,p.355/r.-79.0.0,p.356/r.-79.0.0,p.357/r.-79.0.0,p.358/r.-79.0.0,p.359/r.-79.0.0,r.-79.0.0,r.-79.0.0,r.-79.0.0,r.-79.0.0,r.-79.0.0,r.-79.0.0,r.-79.0.0,r.-79.0.0,r.-79.0.0,r.-79.0.0,p.360/r.-79.0.0,p.361/r.-79.0.0,p.362/r.-79.0.0,p.363/r.-79.0.0,p.364/r.-79.0.0,p.365/r.-79.0.0,p.366/r.-79.0.0,p.367/r.-79.0.0,p.368/r.-79.0.0,p.369/r.-79.0.0,p.370/r.-79.0.0,p.371/r.-79.0.0,p.372/r.-79.0.0,p.373/r.-79.0.0,p.374/r.-79.0.0,p.375/r.-79.0.0,p.376/r.-79.0.0,p.377/r.-79.0.0,p.378/r.-79.0.0,p.379/r.-79.0.0,p.380/r.-79.0.0,p.381/r.-79.0.0,p.382/r.-79.0.0,p.383/r.-79.0.0,p.384/r.-79.0.0,p.385/r.-79.0.0,p.386/r.-79.0.0,p.387/r.-79.0.0,p.388/r.-79.0.0,p.389/r.-79.0.0,p.390/r.-79.0.0,p.391/r.-79.0.0,p.392/r.-79.0.0,p.393/r.-79.0.0,p.394/r.-79.0.0,p.395/r.-79.0.0,p.396/r.-79.0.0,p.397/r.-79.0.0,p.398/r.-79.0.0,p.399/r.-79.0.0,p.400/r.-79.0.0,p.401/r.-79.0.0,p.402/r.-79.0.0,p.403/r.-79.0.0,p.404/r.-79.0.0,p.405/r.-79.0.0,p.406/r.-79.0.0,p.407/r.-79.0.0,p.408/r.-79.0.0,p.409/r.-79.0.0,p.410/r.-79.0.0,p.411/r.-79.0.0,p.412/r.-79.0.0,p.413/r.-79.0.0,p.414/r.-79.0.0,p.415/r.-79.0.0,p.416/r.-79.0.0,p.417/r.-79.0.0,p.418/r.-79.0.0,p.419/r.-79.0.0,p.420/r.-79.0.0,p.421/r.-79.0.0,p.422/r.-79.0.0,p.423/r.-79.0.0,,,,,,,,,,,,,,,,,,,,,,,,,,,,,,,,,,,,,,,,,,,,,,,,,,,,,,,,,,,,,,,,,,,,,,,,,,,,,,,,p.424,,p.425,,,,,,,,,,,,,,,p.974,,,,,,,,,,,,,,,,,,,,,,,,,,,,,,,
973,,,,,,,,,,,,,,,,r.-16.1.0,,,,,,,,,,,,,,,,,,,,r.-16.1.0,,,,,,,,,,,,r.-16.1.0,,r.-16.1.0,,r.-16.1.0,,,,,,,,,,,,,,,,,,,,,,,,,,,,,,,,,,,,,,,,,,,,,,,,,,,,,,,,,,,,,,,,,,,,,,,,,,,,,,,,,,,,,,,,,,,,,,,,,,,,,,,,,,,,,,,,,,,,,,,,,,,,,,,,,,,,,,,,,,,,,,,,,,,,,,,,,,,,,,,,,,,,,,,,,,
974,p.427/r.-79.0.0,p.428/r.-79.0.0,p.429/r.-79.0.0,p.430/r.-79.0.0,p.431/r.-79.0.0,p.432/r.-79.0.0,p.346/r.-79.0.0,p.347/r.-79.0.0,p.348/r.-79.0.0,p.349/r.-79.0.0,p.433/r.-79.0.0,p.434/r.-79.0.0,p.435/r.-79.0.0,p.436/r.-79.0.0,p.354/r.-79.0.0,p.355/r.-79.0.0/r.-93.0.0,p.437/r.-79.0.0,p.438/r.-79.0.0,p.358/r.-79.0.0,p.359/r.-79.0.0,p.439/r.-79.0.0,p.440/r.-79.0.0,p.441/r.-79.0.0,p.442/r.-79.0.0,p.443/r.-79.0.0,p.444/r.-79.0.0,p.445/r.-79.0.0,p.446/r.-79.0.0,p.447/r.-79.0.0,p.448/r.-79.0.0,p.449/r.-79.0.0,p.450/r.-79.0.0,p.451/r.-79.0.0,p.452/r.-79.0.0,p.364/r.-79.0.0,p.365/r.-93.0.0/r.-79.0.0,p.453/r.-79.0.0,p.454/r.-79.0.0,p.455/r.-79.0.0,p.456/r.-79.0.0,p.370/r.-79.0.0,p.457/r.-79.0.0,p.372/r.-79.0.0,p.458/r.-79.0.0,p.374/r.-79.0.0,p.375/r.-79.0.0,p.376/r.-79.0.0,p.377/r.-93.0.0/r.-79.0.0,p.378/r.-79.0.0,p.379/r.-93.0.0/r.-79.0.0,p.380/r.-79.0.0,p.381/r.-79.0.0/r.-93.0.0,p.382/r.-79.0.0,p.383/r.-79.0.0,p.384/r.-79.0.0,p.385/r.-79.0.0,p.386/r.-79.0.0,p.387/r.-79.0.0,p.459/r.-79.0.0,p.389/r.-79.0.0,p.460/r.-79.0.0,p.391/r.-79.0.0,p.392/r.-79.0.0,p.393/r.-79.0.0,p.461/r.-79.0.0,p.395/r.-79.0.0,p.396/r.-79.0.0,p.397/r.-79.0.0,p.398/r.-79.0.0,p.399/r.-79.0.0,p.400/r.-79.0.0,p.462/r.-79.0.0,p.402/r.-79.0.0,p.403/r.-79.0.0,p.404/r.-79.0.0,p.405/r.-79.0.0,p.406/r.-79.0.0,p.407/r.-79.0.0,p.408/r.-79.0.0,p.409/r.-79.0.0,p.410/r.-79.0.0,p.411/r.-79.0.0,p.412/r.-79.0.0,p.413/r.-79.0.0,p.414/r.-79.0.0,p.415/r.-79.0.0,p.416/r.-79.0.0,p.463/r.-79.0.0,p.418/r.-79.0.0,p.419/r.-79.0.0,p.420/r.-79.0.0,p.421/r.-79.0.0,p.422/r.-79.0.0,p.464/r.-79.0.0,,,,,,,,,,,,,,,,,,,,,,,,,,,,,,,,,,,,,,,,,,,,,,,,,,,,,,,,,,,,,,,,,,,,,,,,,,,,,,,,p.424,,p.465,,,,,,,,,,,,p.975,,p.976,,,,,,,,,,,,,,,,,,,,,,,,,,,,,,,,
975,,,,,,,,,,,,,,,,r.-125.3.0,,,,,,,,,,,,,,,,,,,,r.-125.3.0,,,,,,,,,,,,r.-125.3.0,,r.-125.3.0,,r.-125.3.0,,,,,,,,,,,,,,,,,,,,,,,,,,,,,,,,,,,,,,,,,,,,,,,,,,,,,,,,,,,,,,,,,,,,,,,,,,,,,,,,,,,,,,,,,,,,,,,,,,,,,,,,,,,,,,,,,,,,,,,,,,,,,,,,,,,,,,,,,,,,,,,,,,,,,,,,,,,,,,,,,,,,,,,,,,
976,p.427/r.-79.0.0,p.428/r.-79.0.0,p.429/r.-79.0.0,p.430/r.-79.0.0,p.431/r.-79.0.0,p.432/r.-79.0.0,p.346/r.-79.0.0,p.347/r.-79.0.0,p.348/r.-79.0.0,p.349/r.-79.0.0,p.433/r.-79.0.0,p.434/r.-79.0.0,p.435/r.-79.0.0,p.436/r.-79.0.0,p.354/r.-79.0.0,p.355/r.-79.0.0/r.-93.0.0,p.437/r.-79.0.0,p.438/r.-79.0.0,p.358/r.-79.0.0,p.359/r.-79.0.0,p.439/r.-79.0.0,p.440/r.-79.0.0,p.441/r.-79.0.0,p.442/r.-79.0.0,p.443/r.-79.0.0,p.444/r.-79.0.0,p.445/r.-79.0.0,p.446/r.-79.0.0,p.447/r.-79.0.0,p.448/r.-79.0.0,p.449/r.-79.0.0,p.450/r.-79.0.0,p.451/r.-79.0.0,p.452/r.-79.0.0,p.364/r.-79.0.0,p.365/r.-93.0.0/r.-79.0.0,p.453/r.-79.0.0,p.454/r.-79.0.0,p.455/r.-79.0.0,p.456/r.-79.0.0,p.370/r.-79.0.0,p.457/r.-79.0.0,p.372/r.-79.0.0,p.458/r.-79.0.0,p.374/r.-79.0.0,p.375/r.-79.0.0,p.376/r.-79.0.0,p.377/r.-93.0.0/r.-79.0.0,p.378/r.-79.0.0,p.379/r.-93.0.0/r.-79.0.0,p.380/r.-79.0.0,p.381/r.-79.0.0/r.-93.0.0,p.382/r.-79.0.0,p.383/r.-79.0.0,p.384/r.-79.0.0,p.385/r.-79.0.0,p.386/r.-79.0.0,p.387/r.-79.0.0,p.459/r.-79.0.0,p.389/r.-79.0.0,p.460/r.-79.0.0,p.391/r.-79.0.0,p.392/r.-79.0.0,p.393/r.-79.0.0,p.461/r.-79.0.0,p.395/r.-79.0.0,p.396/r.-79.0.0,p.397/r.-79.0.0,p.398/r.-79.0.0,p.399/r.-79.0.0,p.400/r.-79.0.0,p.462/r.-79.0.0,p.402/r.-79.0.0,p.403/r.-79.0.0,p.404/r.-79.0.0,p.405/r.-79.0.0,p.406/r.-79.0.0,p.407/r.-79.0.0,p.408/r.-79.0.0,p.409/r.-79.0.0,p.410/r.-79.0.0,p.411/r.-79.0.0,p.412/r.-79.0.0,p.413/r.-79.0.0,p.414/r.-79.0.0,p.415/r.-79.0.0,p.416/r.-79.0.0,p.463/r.-79.0.0,p.418/r.-79.0.0,p.419/r.-79.0.0,p.420/r.-79.0.0,p.421/r.-79.0.0,p.422/r.-79.0.0,p.464/r.-79.0.0,,,,,,,,,,,,,,,,,,,,,,,,,,,,,,,,,,,,,,,,,,,,,,,,,,,,,,,,,,,,,,,,,,,,,,,,,,,,,,,,p.424,,p.465,,,,,,,,,,,,p.977,,p.976,,,,,,,,,,,,,,,,,,,,,,,,,,,,,,,,
977,,,,,,,,,,,,,,,,r.-93.2.0,,,,,,,,,,,,,,,,,,,,r.-93.2.0,,,,,,,,,,,,r.-93.2.0,,r.-93.2.0,,r.-93.2.0,,,,,,,,,,,,,,,,,,,,,,,,,,,,,,,,,,,,,,,,,,,,,,,,,,,,,,,,,,,,,,,,,,,,,,,,,,,,,,,,,,,,,,,,,,,,,,,,,,,,,,,,,,,,,,,,,,,,,,,,,,,,,,,,,,,,,,,,,,,,,,,,,,,,,,,,,,,,,,,,,,,,,,,,,,
978,,,,,,,,,,,,,,,,p.78/r.-32.0.0/r.-33.0.0,,,,,,,,,,,,,,,,,,,,,,,,,,,,,,,,,,,,,,,,,,,,,,,,,,,,,,,,,,,,,,,,,,,,,,,,,,,,,,,,,,,,,,,,,,,,,,,,,,,,,,,,,,,p.979,,,,p.98,p.99,,,,,,,,,,,,,,,,,,,,,,,,,,,,,,,,,,,,,,,,,,,,,,,,,,,,,,,,,,,,,,,,,,,,,,,,,,,,,,,,,,,,,,,,,,,,,,
979,,,,,,,,,,,,,,,,p.980,,,,,,,,,,,,,,,,,,,,,,,,,,,,,,,,,,,,,,,,,,,,,,,,,,,,,,,,,,,,,,,,,,,,,,,,,,,,,,,,,,,,,,,,,,,,,,,,,,,,,,,,,,,,,,,,,,,,,,,,,,,,,,,,,,,,,,,,,,,,,,,,,,,,,,,,,,,,,,,,,,,,,,,,,,,,,,,,,,,,,,,,,,,,,,,,,,,,,,,,,,,,,,
980,r.-90.0.0,r.-90.0.0,r.-90.0.0,r.-90.0.0,r.-90.0.0,p.48/r.-90.0.0,r.-90.0.0,r.-90.0.0,r.-90.0.0,r.-90.0.0,r.-90.0.0,r.-90.0.0,r.-90.0.0,r.-90.0.0,r.-90.0.0,r.-90.0.0,r.-90.0.0,r.-90.0.0,r.-90.0.0,r.-90.0.0,r.-90.0.0,r.-90.0.0,r.-90.0.0,r.-90.0.0,r.-90.0.0,r.-90.0.0,r.-90.0.0,r.-90.0.0,r.-90.0.0,r.-90.0.0,r.-90.0.0,r.-90.0.0,r.-90.0.0,r.-90.0.0,r.-90.0.0,r.-90.0.0,r.-90.0.0,r.-90.0.0,r.-90.0.0,r.-90.0.0,r.-90.0.0,r.-90.0.0,r.-90.0.0,r.-90.0.0,r.-90.0.0,r.-90.0.0,r.-90.0.0,r.-90.0.0,r.-90.0.0,r.-90.0.0,r.-90.0.0,r.-90.0.0,r.-90.0.0,r.-90.0.0,r.-90.0.0,r.-90.0.0,r.-90.0.0,r.-90.0.0,r.-90.0.0,r.-90.0.0,r.-90.0.0,r.-90.0.0,r.-90.0.0,r.-90.0.0,r.-90.0.0,r.-90.0.0,r.-90.0.0,r.-90.0.0,r.-90.0.0,r.-90.0.0,r.-90.0.0,r.-90.0.0,r.-90.0.0,r.-90.0.0,r.-90.0.0,r.-90.0.0,r.-90.0.0,r.-90.0.0,r.-90.0.0,r.-90.0.0,r.-90.0.0,r.-90.0.0,r.-90.0.0,r.-90.0.0,r.-90.0.0,r.-90.0.0,r.-90.0.0,r.-90.0.0,r.-90.0.0,r.-90.0.0,r.-90.0.0,r.-90.0.0,r.-90.0.0,r.-90.0.0,,,,,,,,,,,,,,,,,p.981,,,,,,,,,,,,,,,,,,,,,,,,,,,,,,,,,,,,,,,,,,,,,,,,,,,,,,,,,,,,,,,,,,,,,,,,,,p.68,p.69,,,,,,,,,,,,,,,,,,,,,,,,,,,,,,,,,,p.75,,
981,,,,,,,,,,,,,,,,p.982,,,,,,,,,,,,,,,,,,,,,,,,,,,,,,,,,,,,,,,,,,,,,,,,,,,,,,,,,,,,,,,,,,,,,,,,,,,,,,,,,,,,,,,,,,,,,,,,,,,,,,,,,,,,,,,,,,,,,,,,,,,,,,,,,,,,,,,,,,,,,,,,,,,,,,,,,,,,,,,,,,,,,,,,,,,,,,,,,,,,,,,,,,,,,,,,,,,,,,,,,,,,,,
982,,,,,,,,,,,,,,,,p.78/r.-33.0.0/r.-32.0.0,,,,,,,,,,,,,,,,,,,,,,,,,,,,,,,,,,,,,,,,,,,,,,,,,,,,,,,,,,,,,,,,,,,,,,,,,,,,,,,,,,,,,,,,,,,,,,,,,,,,,,,,,,,p.983,,,,p.98,p.99,,,,,,,,,,,,,,,,,,,,,,,,,,,,,,,,,,,,,,,,,,,,,,,,,,,,,,,,,,,,,,,,,,,,,,,,,,,,,,,,,,,,,,,,,,,,,,
983,,,,,,,,,,,,,,,,p.984,,,,,,,,,,,,,,,,,,,,,,,,,,,,,,,,,,,,,,,,,,,,,,,,,,,,,,,,,,,,,,,,,,,,,,,,,,,,,,,,,,,,,,,,,,,,,,,,,,,,,,,,,,,,,,,,,,,,,,,,,,,,,,,,,,,,,,,,,,,,,,,,,,,,,,,,,,,,,,,,,,,,,,,,,,,,,,,,,,,,,,,,,,,,,,,,,,,,,,,,,,,,,,
984,,,,,,,,,,,,,,,,r.-55.0.0,,,p.985,p.986,,,,,,,,,,,,,,,,,,,,,p.987,,,,,,,,,,,,,,,,,,,,,,,,,,,,,,,,,,,,,,,,,,,,,,,,,,,,,,,,,,,,,,p.988,,,,,,,,,,p.989,,,,,,,,,,,,,,,,,,,,,,,p.990,,,,,,,,,,,,,,p.991,p.992,,,,,,,,,,,,,,,,,,,,,,,,,,,,,,,,,,,,,,,,,,,,,,,,,,,,,,,,,,,,,,,,,,,,,,,
985,,,,,,,,,,,,,,,,,,,,p.1004,,,,,,,,,,,,,,,,,,,,,,,,,,,,,,,,,,,,,,,,,,,,,,,,,,,,,,,,,,,,,,,,,,,,,,,,,,,,,,,,,,,,,,,,,,,,,,,,,,,,,,,,,,,,,,,,,,,,,,,,,,,,,,,,,,,,,,,,,,,,,,,,,,,,,,,,,,,,,,,,,,,,,,,,,,,,,,,,,,,,,,,,,,,,,,,,,,,,,,,,,,
986,,,,,,,,,,,,,,,,r.-41.1.0,,,,,,,,,,,,,,,,,,,,,,,,,,,,,,,,,,,,,,,,,,,,,,,,,,,,,,,,,,,,,,,,,,,,,,,,,,,,,,,,,,,,,,,,,,,,,,,,,,,,,,,,,,,,,,,,,,,,,,,,,,,,,,,,,,,,,,,,,,,,,,,,,,,,,,,,,,,,,,,,,,,,,,,,,,,,,,,,,,,,,,,,,,,,,,,,,,,,,,,,,,,,,,
987,,,,,,,,,,,,,,,,,,,,p.1003,,,,,,,,,,,,,,,,,,,,,,,,,,,,,,,,,,,,,,,,,,,,,,,,,,,,,,,,,,,,,,,,,,,,,,,,,,,,,,,,,,,,,,,,,,,,,,,,,,,,,,,,,,,,,,,,,,,,,,,,,,,,,,,,,,,,,,,,,,,,,,,,,,,,,,,,,,,,,,,,,,,,,,,,,,,,,,,,,,,,,,,,,,,,,,,,,,,,,,,,,,
988,,,,,,,,,,,,,,,,r.-41.1.0,,,,,,,,,,,,,,,,,,,,,,,,,,,,,,,,,,,,,,,,,,,,,,,,,,,,,,,,,,,,,,,,,,,,,,,,,,,,,,,,,,,,,,,,,,,,,,,,,,,,,,,,,,,,,,,,,,,,,,,,,,,,,,,,,,,,,,,,,,,,,,,,,,,,,,,,,,,,,,,,,,,,,,,,,,,,,,,,,,,,,,,,,,,,,,,,,,,,,,,,,,,,,,
989,,,,,,,,,,,,,,,,r.-41.1.0,,,,,,,,,,,,,,,,,,,,,,,,,,,,,,,,,,,,,,,,,,,,,,,,,,,,,,,,,,,,,,,,,,,,,,,,,,,,,,,,,,,,,,,,,,,,,,,,,,,,,,,,,,,,,,,,,,,,,,,,,,,,,,,,,,,,,,,,,,,,,,,,,,,,,,,,,,,,,,,,,,,,,,,,,,,,,,,,,,,,,,,,,,,,,,,,,,,,,,,,,,,,,,
990,,,,,,,,,,,,,,,,p.995,,,,,,,,,,,,,,,,,,,,,,,,,,,,,,,,,,,,,,,,,,,,,,,,,,,,,,,,,,,,,,,,,,,,,,,,,,,,,,,,,,,,,,,,,,,,,,,,,,,,,,,,,,,,,,,,,,,,,,,,,,,,,,,,,,,,,,,,,,,,,,,,,,,,,,,,,,,,,,,,,,,,,,,,,,,,,,,,,,,,,,,,,,,,,,,,,,,,,,,,,,,,,,
991,,,,,,,,,,,,,,,,p.993,,,,,,,,,,,,,,,,,,,,,,,,,,,,,,,,,,,,,,,,,,,,,,,,,,,,,,,,,,,,,,,,,,,,,,,,,,,,,,,,,,,,,,,,,,,,,,,,,,,,,,,,,,,,,,,,,,,,,,,,,,,,,,,,,,,,,,,,,,,,,,,,,,,,,,,,,,,,,,,,,,,,,,,,,,,,,,,,,,,,,,,,,,,,,,,,,,,,,,,,,,,,,,
992,,,,,,,,,,,,,,,,r.-55.1.0,,,,,,,,,,,,,,,,,,,,,,,,,,,,,,,,,,,,,,,,,,,,,,,,,,,,,,,,,,,,,,,,,,,,,,,,,,,,,,,,,,,,,,,,,,,,,,,,,,,,,,,,,,,,,,,,,,,,,,,,,,,,,,,,,,,,,,,,,,,,,,,,,,,,,,,,,,,,,,,,,,,,,,,,,,,,,,,,,,,,,,,,,,,,,,,,,,,,,,,,,,,,,,
993,,,,,,,,,,,,,,,,,,,,,,,,,,,,,,,,,,,,,,,,,,,,,,,,,p.994,,,,,,,,,,,,,,,,,,,,,,,,,,,,,,,,,,,,,,,,,,,,,,,,,,,,,,,,,,,,,,,,,,,,,,,,,,,,,,,,,,,,,,,,,,,,,,,,,,,,,,,,,,,,,,,,,,,,,,,,,,,,,,,,,,,,,,,,,,,,,,,,,,,,,,,,,,,,,,,,,,,,,,,,,,,,,
994,,,,,,,,,,,,,,,,r.-71.11.0,,,,,,,,,,,,,,,,,,,,r.-71.11.0,,,,,,,,,,,,r.-71.11.0,,r.-71.11.0,,r.-71.11.0,,,,,,,,,,,,,,,,,,,,,,,,,,,,,,,,,,,,,,,,,,,,,,,,,,,,,,,,,,,,,,,,,,,,,,,,,,,,,,,,,,,,,,,,,,,,,,,,,,,,,,,,,,,,,,,,,,,,,,,,,,,,,,,,,,,,,,,,,,,,,,,,,,,,,,,,,,,,,,,,,,,,,,,,,,
995,,,,,,,,,,,,,,,,p.78/r.-32.0.0/r.-33.0.0,,,,,,,,,,,,,,,,,,,,,,,,,,,,,,,,,,,,,,,,,,,,,,,,,,,,,,,,,,,,,,,,,,,,,,,,,,,,,,,,,,,,,,,,,,,,,,,,,,,,,,,,,,,p.996,,,,p.98,p.99,,,,,,,,,,,,,,,,,,,,,,,,,,,,,,,,,,,,,,,,,,,,,,,,,,,,,,,,,,,,,,,,,,,,,,,,,,,,,,,,,,,,,,,,,,,,,,
996,,,,,,,,,,,,,,,,p.997,,,,,,,,,,,,,,,,,,,,,,,,,,,,,,,,,,,,,,,,,,,,,,,,,,,,,,,,,,,,,,,,,,,,,,,,,,,,,,,,,,,,,,,,,,,,,,,,,,,,,,,,,,,,,,,,,,,,,,,,,,,,,,,,,,,,,,,,,,,,,,,,,,,,,,,,,,,,,,,,,,,,,,,,,,,,,,,,,,,,,,,,,,,,,,,,,,,,,,,,,,,,,,
997,r.-90.0.0,r.-90.0.0,r.-90.0.0,r.-90.0.0,r.-90.0.0,p.48/r.-90.0.0,r.-90.0.0,r.-90.0.0,r.-90.0.0,r.-90.0.0,r.-90.0.0,r.-90.0.0,r.-90.0.0,r.-90.0.0,r.-90.0.0,r.-90.0.0,r.-90.0.0,r.-90.0.0,r.-90.0.0,r.-90.0.0,r.-90.0.0,r.-90.0.0,r.-90.0.0,r.-90.0.0,r.-90.0.0,r.-90.0.0,r.-90.0.0,r.-90.0.0,r.-90.0.0,r.-90.0.0,r.-90.0.0,r.-90.0.0,r.-90.0.0,r.-90.0.0,r.-90.0.0,r.-90.0.0,r.-90.0.0,r.-90.0.0,r.-90.0.0,r.-90.0.0,r.-90.0.0,r.-90.0.0,r.-90.0.0,r.-90.0.0,p.125/r.-90.0.0,r.-90.0.0,r.-90.0.0,r.-90.0.0,r.-90.0.0,r.-90.0.0,r.-90.0.0,r.-90.0.0,r.-90.0.0,r.-90.0.0,r.-90.0.0,r.-90.0.0,r.-90.0.0,r.-90.0.0,r.-90.0.0,r.-90.0.0,r.-90.0.0,r.-90.0.0,r.-90.0.0,r.-90.0.0,r.-90.0.0,r.-90.0.0,r.-90.0.0,r.-90.0.0,r.-90.0.0,r.-90.0.0,r.-90.0.0,r.-90.0.0,r.-90.0.0,r.-90.0.0,r.-90.0.0,r.-90.0.0,r.-90.0.0,r.-90.0.0,r.-90.0.0,r.-90.0.0,r.-90.0.0,r.-90.0.0,r.-90.0.0,r.-90.0.0,r.-90.0.0,r.-90.0.0,p.127/r.-90.0.0,r.-90.0.0,r.-90.0.0,r.-90.0.0,r.-90.0.0,r.-90.0.0,r.-90.0.0,r.-90.0.0,,,,,,,,,,,,,,,,,p.998,,,,,,,,,p.999,,,,,,,,,,,,,,,,,,,,,p.1000,,,,,,,,,,,,,,,,,,,,,,,,,,,,,,,,,,,,,,,,,,,,p.68,p.69,,,,,,,,,,,,,,,,,,,,,,,,,p.136,p.137,,,,,,,,p.75,,
998,,,,,,,,,,,,,,,,r.-46.1.0,,,,,,,,,,,,,,,,,,,,,,,,,,,,,,,,,,,,,,,,,,,,,,,,,,,,,,,,,,,,,,,,,,,,,,,,,,,,,,,,,,,,,,,,,,,,,,,,,,,,,,,,,,,,,,,,,,,,,,,,,,,,,,,,,,,,,,,,,,,,,,,,,,,,,,,,,,,,,,,,,,,,,,,,,,,,,,,,,,,,,,,,,,,,,,,,,,,,,,,,,,,,,,
999,,,,,,,,,,,,,,,,r.-46.1.0,,,,,,,,,,,,,,,,,,,,,,,,,,,,,,,,,,,,,,,,,,,,,,,,,,,,,,,,,,,,,,,,,,,,,,,,,,,,,,,,,,,,,,,,,,,,,,,,,,,,,,,,,,,,,,,,,,,,,,,,,,,,,,,,,,,,,,,,,,,,,,,,,,,,,,,,,,,,,,,,,,,,,,,,,,,,,,,,,,,,,,,,,,,,,,,,,,,,,,,,,,,,,,
1000,,,,,,,,,,,,,,,,p.1001,,,,,,,,,,,,,,,,,,,,,,,,,,,,,,,,,,,,,,,,,,,,,,,,,,,,,,,,,,,,,,,,,,,,,,,,,,,,,,,,,,,,,,,,,,,,,,,,,,,,,,,,,,,,,,,,,,,,,,,,,,,,,,,,,,,,,,,,,,,,,,,,,,,,,,,,,,,,,,,,,,,,,,,,,,,,,,,,,,,,,,,,,,,,,,,,,,,,,,,,,,,,,,
1001,,,,,,,,,,,,,,,,p.78/r.-32.0.0/r.-33.0.0,,,,,,,,,,,,,,,,,,,,,,,,,,,,,,,,,,,,,,,,,,,,,,,,,,,,,,,,,,,,,,,,,,,,,,,,,,,,,,,,,,,,,,,,,,,,,,,,,,,,,,,,,,,p.1002,,,,p.98,p.99,,,,,,,,,,,,,,,,,,,,,,,,,,,,,,,,,,,,,,,,,,,,,,,,,,,,,,,,,,,,,,,,,,,,,,,,,,,,,,,,,,,,,,,,,,,,,,
1002,,,,,,,,,,,,,,,,r.-56.7.0,,,,,,,,,,,,,,,,,,,,,,,,,,,,,,,,,,,,,,,,,,,,,,,,,,,,,,,,,,,,,,,,,,,,,,,,,,,,,,,,,,,,,,,,,,,,,,,,,,,,,,,,,,,,,,,,,,,,,,,,,,,,,,,,,,,,,,,,,,,,,,,,,,,,,,,,,,,,,,,,,,,,,,,,,,,,,,,,,,,,,,,,,,,,,,,,,,,,,,,,,,,,,,
1003,,,,,,,,,,,,,,,,r.-18.2.0,,,,,,,,,,,,,,,,,,,,,,,,,,,,,,,,,,,,,,,,,,,,,,,,,,,,,,,,,,,,,,,,,,,,,,,,,,,,,,,,,,,,,,,,,,,,,,,,,,,,,,,,,,,,,,,,,,,,,,,,,,,,,,,,,,,,,,,,,,,,,,,,,,,,,,,,,,,,,,,,,,,,,,,,,,,,,,,,,,,,,,,,,,,,,,,,,,,,,,,,,,,,,,
1004,,,,,,,,,,,,,,,,r.-8.2.0,,,,,,,,,,,,,,,,,,,,,,,,,,,,,,,,,,,,,,,,,,,,,,,,,,,,,,,,,,,,,,,,,,,,,,,,,,,,,,,,,,,,,,,,,,,,,,,,,,,,,,,,,,,,,,,,,,,,,,,,,,,,,,,,,,,,,,,,,,,,,,,,,,,,,,,,,,,,,,,,,,,,,,,,,,,,,,,,,,,,,,,,,,,,,,,,,,,,,,,,,,,,,,
1005,,,,,,,,,,,,,,,,r.-126.1.0,,,,,,,,,,,,,,,,,,,,r.-126.1.0,,,,,,,,,,,,r.-126.1.0,,r.-126.1.0,,r.-126.1.0,,,,,,,,,,,,,,,,,,,,,,,,,,,,,,,,,,,,,,,,,,,,,,,,,,,,,,,,,,,,,,,,,,,,,,,,,,,,,,,,,,,,,,,,,,,,,,,,,,,,,,,,,,,,,,,,,,,,,,,,,,,,,,,,,,,,,,,,,,,,,,,,,,,,,,,,,,,,,,,,,,,,,,,,,,
1006,p.427/r.-79.0.0,p.428/r.-79.0.0,p.429/r.-79.0.0,p.430/r.-79.0.0,p.431/r.-79.0.0,p.432/r.-79.0.0,p.346/r.-79.0.0,p.347/r.-79.0.0,p.348/r.-79.0.0,p.349/r.-79.0.0,p.433/r.-79.0.0,p.434/r.-79.0.0,p.435/r.-79.0.0,p.436/r.-79.0.0,p.354/r.-79.0.0,p.355/r.-94.1.0/r.-79.0.0,p.437/r.-79.0.0,p.438/r.-79.0.0,p.358/r.-79.0.0,p.359/r.-79.0.0,p.439/r.-79.0.0,p.440/r.-79.0.0,p.441/r.-79.0.0,p.442/r.-79.0.0,p.443/r.-79.0.0,p.444/r.-79.0.0,p.445/r.-79.0.0,p.446/r.-79.0.0,p.447/r.-79.0.0,p.448/r.-79.0.0,p.449/r.-79.0.0,p.450/r.-79.0.0,p.451/r.-79.0.0,p.452/r.-79.0.0,p.364/r.-79.0.0,p.365/r.-79.0.0/r.-94.1.0,p.453/r.-79.0.0,p.454/r.-79.0.0,p.455/r.-79.0.0,p.456/r.-79.0.0,p.370/r.-79.0.0,p.457/r.-79.0.0,p.372/r.-79.0.0,p.458/r.-79.0.0,p.374/r.-79.0.0,p.375/r.-79.0.0,p.376/r.-79.0.0,p.377/r.-94.1.0/r.-79.0.0,p.378/r.-79.0.0,p.379/r.-79.0.0/r.-94.1.0,p.380/r.-79.0.0,p.381/r.-79.0.0/r.-94.1.0,p.382/r.-79.0.0,p.383/r.-79.0.0,p.384/r.-79.0.0,p.385/r.-79.0.0,p.386/r.-79.0.0,p.387/r.-79.0.0,p.459/r.-79.0.0,p.389/r.-79.0.0,p.460/r.-79.0.0,p.391/r.-79.0.0,p.392/r.-79.0.0,p.393/r.-79.0.0,p.461/r.-79.0.0,p.395/r.-79.0.0,p.396/r.-79.0.0,p.397/r.-79.0.0,p.398/r.-79.0.0,p.399/r.-79.0.0,p.400/r.-79.0.0,p.462/r.-79.0.0,p.402/r.-79.0.0,p.403/r.-79.0.0,p.404/r.-79.0.0,p.405/r.-79.0.0,p.406/r.-79.0.0,p.407/r.-79.0.0,p.408/r.-79.0.0,p.409/r.-79.0.0,p.410/r.-79.0.0,p.411/r.-79.0.0,p.412/r.-79.0.0,p.413/r.-79.0.0,p.414/r.-79.0.0,p.415/r.-79.0.0,p.416/r.-79.0.0,p.463/r.-79.0.0,p.418/r.-79.0.0,p.419/r.-79.0.0,p.420/r.-79.0.0,p.421/r.-79.0.0,p.422/r.-79.0.0,p.464/r.-79.0.0,,,,,,,,,,,,,,,,,,,,,,,,,,,,,,,,,,,,,,,,,,,,,,,,,,,,,,,,,,,,,,,,,,,,,,,,,,,,,,,,p.424,,p.465,,,,,,,,,,,,,p.1008,p.1006,,,,,,,,,,,,,,,,,,,,,,,,,,,,,,,,
1007,,,,,,,,,,,,,,,,r.-14.2.0,,,,,,,,,,,,,,,,,,,,r.-14.2.0,,,,,,,,,,,,r.-14.2.0,,r.-14.2.0,,r.-14.2.0,,,,,,,,,,,,,,,,,,,,,,,,,,,,,,,,,,,,,,,,,,,,,,,,,,,,,,,,,,,,,,,,,,,,,,,,,,,,,,,,,,,,,,,,,,,,,,,,,,,,,,,,,,,,,,,,,,,,,,,,,,,,,,,,,,,,,,,,,,,,,,,,,,,,,,,,,,,,,,,,,,,,,,,,,,
1008,,,,,,,,,,,,,,,,r.-94.2.0,,,,,,,,,,,,,,,,,,,,r.-94.2.0,,,,,,,,,,,,r.-94.2.0,,r.-94.2.0,,r.-94.2.0,,,,,,,,,,,,,,,,,,,,,,,,,,,,,,,,,,,,,,,,,,,,,,,,,,,,,,,,,,,,,,,,,,,,,,,,,,,,,,,,,,,,,,,,,,,,,,,,,,,,,,,,,,,,,,,,,,,,,,,,,,,,,,,,,,,,,,,,,,,,,,,,,,,,,,,,,,,,,,,,,,,,,,,,,,
1009,,p.1014,,,,,,,,,,,,,,,,,,,,,,,,,,,,,,,,,,,,,,,,,,,,,,,,,,,,,,,,,,,,,,,,,,,,,,,,,,,,,,,,,,,,,,,,,,,,,,,,,,,,,,,,,,,,,,,,,,,,,,,,,,,,,,,,,,,,,,,,,,,,,,,,,,,,,,,,,,,,,,,,,,,,,,,,,,,,,,,,,,,,,,,,,,,,,,,,,,,,,,,,,,,,,,,,,,,,,,,,,,,,
1010,,,,,p.1011,,,,,,,,,,,,,,,,,,,,,,,,,,,,,,,,,,,,,,,,,,,,,,,,,,,,,,,,,,,,,,,,,,,,,,,,,,,,,,,,,,,,,,,,,,,,,,,,,,,,,,,,,,,,,,,,,,,,,,,,,,,,,,,,,,,,,,,,,,,,,,,,,,,,,,,,,,,,,,,,,,,,,,,,,,,,,,,,,,,,,,,,,,,,,,,,,,,,,,,,,,,,,,,,,,,,,,,,,
1011,,,p.1012,,,,,,,,,,,,,,,,,,,,,,,,,,,,,,,,,,,,,,,,,,,,,,,,,,,,,,,,,,,,,,,,,,,,,,,,,,,,,,,,,,,,,,,,,,,,,,,,,,,,,,,,,,,,,,,,,,,,,,,,,,,,,,,,,,,,,,,,,,,,,,,,,,,,,,,,,,,,,,,,,,,,,,,,,,,,,,,,,,,,,,,,,,,,,,,,,,,,,,,,,,,,,,,,,,,,,,,,,,,
1012,,p.1013,,,,,,,,,,,,,,,,,,,,,,,,,,,,,,,,,,,,,,,,,,,,,,,,,,,,,,,,,,,,,,,,,,,,,,,,,,,,,,,,,,,,,,,,,,,,,,,,,,,,,,,,,,,,,,,,,,,,,,,,,,,,,,,,,,,,,,,,,,,,,,,,,,,,,,,,,,,,,,,,,,,,,,,,,,,,,,,,,,,,,,,,,,,,,,,,,,,,,,,,,,,,,,,,,,,,,,,,,,,,
1013,,,,,,,,,,,,,,,,r.-23.5.0,,,,,,,,,,,,,,,,,,,,,,,,,,,,,,,,,,,,,,,,,,,,,,,,,,,,,,,,,,,,,,,,,,,,,,,,,,,,,,,,,,,,,,,,,,,,,,,,,,,,,,,,,,,,,,,,,,,,,,,,,,,,,,,,,,,,,,,,,,,,,,,,,,,,,,,,,,,,,,,,,,,,,,,,,,,,,,,,,,,,,,,,,,,,,,,,,,,,,,,,,,,,,,
1014,p.1015,,,,,,,,,,,,,,,,,,,,,,,,,,,,,,,,,,,,,,,,,,,,,,,,,,,,,,,,,,,,,,,,,,,,,,,,,,,,,,,,,,,,,,,,,,,,,,,,,,,,,,,,,,,,,,,,,,,,,,,,,,,,,,,,,,,,,,,,,,,,,,,,,,,,,,,,,,,,,,,,,,,,,,,,,,,,,,,,,,,,,,,,,,,,,,,,,,,,,,,,,,,,,,,,,,,,,,,,,,,,,
1015,,,,,,,,,,,,,,,,,,,,,,,,,,,,,,,,,,,,,,,p.1016,,,,,,,,,,,,,,,,,,,,,,,,,,,,,,,,,,,,,,,,,,,,,,,,,,,,,,,,,,,,,,,,,,,,,,,,,,,,,,,,,,,,,,,,,,,,,,,,,,,,,,,,,,,,,,,,,,,,,,,,,,,,,,,,,,,,,,,,,,,,,,,,,,,,,,,,,,,,,,,,,,,,,,,,,,,,,,,,,,,,,,,
1016,,,,,p.1017,,,,,,,,,,,,,,,,,,,,,,,,,,,,,,,,,,,,,,,,,,,,,,,,,,,,,,,,,,,,,,,,,,,,,,,,,,,,,,,,,,,,,,,,,,,,,,,,,,,,,,,,,,,,,,,,,,,,,,,,,,,,,,,,,,,,,,,,,,,,,,,,,,,,,,,,,,,,,,,,,,,,,,,,,,,,,,,,,,,,,,,,,,,,,,,,,,,,,,,,,,,,,,,,,,,,,,,,,
1017,,,,,,,,,,,,,,,,r.-21.6.0,,,,,,,,,,,,,,,,,,,,,,,,,,,,,,,,,,,,,,,,,,,,,,,,,,,,,,,,,,,,,,,,,,,,,,,,,,,,,,,,,,,,,,,,,,,,,,,,,,,,,,,,,,,,,,,,,,,,,,,,,,,,,,,,,,,,,,,,,,,,,,,,,,,,,,,,,,,,,,,,,,,,,,,,,,,,,,,,,,,,,,,,,,,,,,,,,,,,,,,,,,,,,,
1018,,,,,,,,,,,,,,,,p.78/r.-32.0.0/r.-33.0.0,,,,,,,,,,,,,,,,,,,,,,,,,,,,,,,,,,,,,,,,,,,,,,,,,,,,,,,,,,,,,,,,,,,,,,,,,,,,,,,,,,,,,,,,,,,,,,,,,,,,,,,,,,,p.1019,,,,p.98,p.99,,,,,,,,,,,,,,,,,,,,,,,,,,,,,,,,,,,,,,,,,,,,,,,,,,,,,,,,,,,,,,,,,,,,,,,,,,,,,,,,,,,,,,,,,,,,,,
1019,,,,,,,,,,,,,,,,p.1020,,,,,,,,,,,,,,,,,,,,,,,,,,,,,,,,,,,,,,,,,,,,,,,,,,,,,,,,,,,,,,,,,,,,,,,,,,,,,,,,,,,,,,,,,,,,,,,,,,,,,,,,,,,,,,,,,,,,,,,,,,,,,,,,,,,,,,,,,,,,,,,,,,,,,,,,,,,,,,,,,,,,,,,,,,,,,,,,,,,,,,,,,,,,,,,,,,,,,,,,,,,,,,
1020,,,,,,,,,,,,,,,,,,,,,,,,,,,,,,,,,,,,,,,,,,,,p.124,p.125,,,,,,,,,,,,,,,,,,,,,,,,,,,,,,,,,,,,,,,,,,p.127,,,,,,,,,,,,,,,,,,,,,,,,,,,,,,,,,p.1021,,,,,p.1022,,,,,,,,,,,,,,,,,,,,,,p.1023,,,,,,,,,,,,,,,,,,,,,,,,,,,,,,,,,,,,,,,,,,,,,,,,,,,,,,,,,,,,,,,,p.136,p.137,,,,,,,,,,
1021,,,,,,,,,,,,,,,,r.-52.1.0,,,,,,,,,,,,,,,,,,,,,,,,,,,,,,,,,,,,,,,,,,,,,,,,,,,,,,,,,,,,,,,,,,,,,,,,,,,,,,,,,,,,,,,,,,,,,,,,,,,,,,,,,,,,,,,,,,,,,,,,,,,,,,,,,,,,,,,,,,,,,,,,,,,,,,,,,,,,,,,,,,,,,,,,,,,,,,,,,,,,,,,,,,,,,,,,,,,,,,,,,,,,,,
1022,,,,,,,,,,,,,,,,r.-52.1.0,,,,,,,,,,,,,,,,,,,,,,,,,,,,,,,,,,,,,,,,,,,,,,,,,,,,,,,,,,,,,,,,,,,,,,,,,,,,,,,,,,,,,,,,,,,,,,,,,,,,,,,,,,,,,,,,,,,,,,,,,,,,,,,,,,,,,,,,,,,,,,,,,,,,,,,,,,,,,,,,,,,,,,,,,,,,,,,,,,,,,,,,,,,,,,,,,,,,,,,,,,,,,,
1023,,,,,,,,,,,,,,,,p.1024,,,,,,,,,,,,,,,,,,,,,,,,,,,,,,,,,,,,,,,,,,,,,,,,,,,,,,,,,,,,,,,,,,,,,,,,,,,,,,,,,,,,,,,,,,,,,,,,,,,,,,,,,,,,,,,,,,,,,,,,,,,,,,,,,,,,,,,,,,,,,,,,,,,,,,,,,,,,,,,,,,,,,,,,,,,,,,,,,,,,,,,,,,,,,,,,,,,,,,,,,,,,,,
1024,,,,,,,,,,,,,,,,p.78/r.-32.0.0/r.-33.0.0,,,,,,,,,,,,,,,,,,,,,,,,,,,,,,,,,,,,,,,,,,,,,,,,,,,,,,,,,,,,,,,,,,,,,,,,,,,,,,,,,,,,,,,,,,,,,,,,,,,,,,,,,,,p.1025,,,,p.98,p.99,,,,,,,,,,,,,,,,,,,,,,,,,,,,,,,,,,,,,,,,,,,,,,,,,,,,,,,,,,,,,,,,,,,,,,,,,,,,,,,,,,,,,,,,,,,,,,
1025,,,,,,,,,,,,,,,,p.1026,,,,,,,,,,,,,,,,,,,,,,,,,,,,,,,,,,,,,,,,,,,,,,,,,,,,,,,,,,,,,,,,,,,,,,,,,,,,,,,,,,,,,,,,,,,,,,,,,,,,,,,,,,,,,,,,,,,,,,,,,,,,,,,,,,,,,,,,,,,,,,,,,,,,,,,,,,,,,,,,,,,,,,,,,,,,,,,,,,,,,,,,,,,,,,,,,,,,,,,,,,,,,,
1026,r.-90.0.0,r.-90.0.0,r.-90.0.0,r.-90.0.0,r.-90.0.0,p.48/r.-90.0.0,r.-90.0.0,r.-90.0.0,r.-90.0.0,r.-90.0.0,r.-90.0.0,r.-90.0.0,r.-90.0.0,r.-90.0.0,r.-90.0.0,r.-87.0.0/r.-90.0.0,r.-90.0.0,r.-90.0.0,r.-90.0.0,r.-90.0.0,r.-90.0.0,r.-90.0.0,r.-90.0.0,r.-90.0.0,r.-90.0.0,r.-90.0.0,r.-90.0.0,r.-90.0.0,r.-90.0.0,r.-90.0.0,r.-90.0.0,r.-90.0.0,r.-90.0.0,r.-90.0.0,r.-90.0.0,r.-90.0.0,r.-90.0.0,r.-90.0.0,r.-90.0.0,r.-90.0.0,r.-90.0.0,r.-90.0.0,r.-90.0.0,r.-90.0.0,r.-90.0.0,r.-90.0.0,r.-90.0.0,r.-90.0.0,r.-90.0.0,r.-90.0.0,r.-90.0.0,r.-90.0.0,r.-90.0.0,r.-90.0.0,r.-90.0.0,r.-90.0.0,r.-90.0.0,r.-90.0.0,r.-90.0.0,r.-90.0.0,r.-90.0.0,r.-90.0.0,r.-90.0.0,r.-90.0.0,r.-90.0.0,r.-90.0.0,r.-90.0.0,r.-90.0.0,r.-90.0.0,r.-90.0.0,r.-90.0.0,r.-90.0.0,r.-90.0.0,r.-90.0.0,r.-90.0.0,r.-90.0.0,r.-90.0.0,r.-90.0.0,r.-90.0.0,r.-90.0.0,r.-90.0.0,r.-90.0.0,r.-90.0.0,r.-90.0.0,r.-90.0.0,r.-90.0.0,r.-90.0.0,r.-90.0.0,r.-90.0.0,r.-90.0.0,r.-90.0.0,r.-90.0.0,r.-90.0.0,r.-90.0.0,,,,,,,,,,,,,,,,,p.899,,,,,,,,,,,,,,,,,,,,,,,,,,,,,,,,,,,,,,,,,,,,,,,,,,,,,,,,,,,,,,,,,,,,,,,p.1027,p.1028,p.901,p.68,p.69,,,,,,,,,,,,,,,,,,,,,,,,,,,,,,,,,,p.75,,
1027,,,,,,,,,,,,,,,,p.1029,,,,,,,,,,,,,,,,,,,,,,,,,,,,,,,,,,,,,,,,,,,,,,,,,,,,,,,,,,,,,,,,,,,,,,,,,,,,,,,,,,,,,,,,,,,,,,,,,,,,,,,,,,,,,,,,,,,,,,,,,,,,,,,,,,,,,,,,,,,,,,,,,,,,,,,,,,,,,,,,,,,,,,,,,,,,,,,,,,,,,,,,,,,,,,,,,,,,,,,,,,,,,,
1028,,,,,,,,,,,,,,,,r.-87.1.0,,,,,,,,,,,,,,,,,,,,,,,,,,,,,,,,,,,,,,,,,,,,,,,,,,,,,,,,,,,,,,,,,,,,,,,,,,,,,,,,,,,,,,,,,,,,,,,,,,,,,,,,,,,,,,,,,,,,,,,,,,,,,,,,,,,,,,,,,,,,,,,,,,,,,,,,,,,,,,,,,,,,,,,,,,,,,,,,,,,,,,,,,,,,,,,,,,,,,,,,,,,,,,
1029,,,,,,,,,,,,,,,,,,,,,,,,,,,,,,,,,,,,,,,,,,,,,,,p.1030,,,,,,,,,,,,,,,,,,,,,,,,,,,,,,,,,,,,,,,,,,,,,,,,,,,,,,,,,,,,,,,,,,,,,,,,,,,,,,,,,,,,,,,,,,,,,,,,,,,,,,,,,,,,,,,,,,,,,,,,,,,,,,,,,,,,,,,,,,,,,,,,,,,,,,,,,,,,,,,,,,,,,,,,,,,,,,,
1030,,,,,,,,,,,,,,,,p.1031,,,,,,,,,,,,,,,,,,,,,,,,,,,,,,,,,,,,,,,,,,,,,,,,,,,,,,,,,,,,,,,,,,,,,,,,,,,,,,,,,,,,,,,,,,,,,,,,,,,,,,,,,,,,,,,,,,,,,,,,,,,,,,,,,,,,,,,,,,,,,,,,,,,,,,,,,,,,,,,,,,,,,,,,,,,,,,,,,,,,,,,,,,,,,,,,,,,,,,,,,,,,,,
1031,,,,,,,,,,,,,,,,p.78/r.-32.0.0/r.-33.0.0,,,,,,,,,,,,,,,,,,,,,,,,,,,,,,,,,,,,,,,,,,,,,,,,,,,,,,,,,,,,,,,,,,,,,,,,,,,,,,,,,,,,,,,,,,,,,,,,,,,,,,,,,,,p.1032,,,,p.98,p.99,,,,,,,,,,,,,,,,,,,,,,,,,,,,,,,,,,,,,,,,,,,,,,,,,,,,,,,,,,,,,,,,,,,,,,,,,,,,,,,,,,,,,,,,,,,,,,
1032,,,,,,,,,,,,,,,,r.-85.13.0,,,,,,,,,,,,,,,,,,,,,,,,,,,,,,,,,,,,,,,,,,,,,,,,,,,,,,,,,,,,,,,,,,,,,,,,,,,,,,,,,,,,,,,,,,,,,,,,,,,,,,,,,,,,,,,,,,,,,,,,,,,,,,,,,,,,,,,,,,,,,,,,,,,,,,,,,,,,,,,,,,,,,,,,,,,,,,,,,,,,,,,,,,,,,,,,,,,,,,,,,,,,,,
1033,,,,,,,,,,,,,,,,,,,,,,,,,,,,,,,p.1034,,,,,,,,,,,,,,,,,,,,,,,,,,,,,,,,,,,,,,,,,,,,,,,,,,,,,,,,,,,,,,,,,,,,,,,,,,,,,,,,,,,,,,,,,,,,,,,,,,,,,,,,,,,,,,,,,,,,,,,,,,,,,,,,,,,,,,,,,,,,,,,,,,,,,,,,,,,,,,,,,,,,,,,,,,,,,,,,,,,,,,,,,,,,,,,
1034,,,,,,,,,,,,,,,,,,,,,,,,,,,,,,,,,,,,,,,,p.1035,,,,,,,,,,,,,,,,,,,,,,,,,,,,,,,,,,,,,,,,,,,,,,,,,,,,,,,,,,,,,,,,,,,,,,,,,,,,,,,,,,,,,,,,,,,,,,,,,,,,,,,,,,,,,,,,,,,,,,,,,,,,,,,,,,,,,,,,,,,,,,,,,,,,,,,,,,,,,,,,,,,,,,,,,,,,,,,,,,,,,,
1035,,,,,,,,,,,,,,,,,,p.1036,,,,,,,,,,,,,,,,,,,,,,,,,,,,,,,,,,,,,,,,,,,,,,,,,,,,,,,,,,,,,,,,,,,,,,,,,,,,,,,,,,,,,,,,,,,,,,,,,,,,,,,,,,,,,,,,,,,,,,,,,,,,,,,,,,,,,,,,,,,,,,,,,,,,,,,,,,,,,,,,,,,,,,,,,,,,,,,,,,,,,,,,,,,,,,,,,,,,,,,,,,,,
1036,,,,p.1037,,,,,,,,,,,,,,,,,,,,,,,,,,,,,,,,,,,,,,,,,,,,,,,,,,,,,,,,,,,,,,,,,,,,,,,,,,,,,,,,,,,,,,,,,,,,,,,,,,,,,,,,,,,,,,,,,,,,,,,,,,,,,,,,,,,,,,,,,,,,,,,,,,,,,,,,,,,,,,,,,,,,,,,,,,,,,,,,,,,,,,,,,,,,,,,,,,,,,,,,,,,,,,,,,,,,,,,,,,
1037,,,,,,,,,,,,,,p.1038,,,,,,,,,,,,,,,,,,,,,,,,,,,,,,,,,,,,,,,,,,,,,,,,,,,,,,,,,,,,,,,,,,,,,,,,,,,,,,,,,,,,,,,,,,,,,,,,,,,,,,,,,,,,,,,,,,,,,,,,,,,,,,,,,,,,,,,,,,,,,,,,,,,,,,,,,,,,,,,,,,,,,,,,,,,,,,,,,,,,,,,,,,,,,,,,,,,,,,,,,,,,,,,,
1038,,,,,,,,,,,,,,,,r.-17.7.0,,,,,,,,,,,,,,,,,,,,,,,,,,,,,,,,,,,,,,,,,,,,,,,,,,,,,,,,,,,,,,,,,,,,,,,,,,,,,,,,,,,,,,,,,,,,,,,,,,,,,,,,,,,,,,,,,,,,,,,,,,,,,,,,,,,,,,,,,,,,,,,,,,,,,,,,,,,,,,,,,,,,,,,,,,,,,,,,,,,,,,,,,,,,,,,,,,,,,,,,,,,,,,
1039,,,,,,r.-31.2.0,,r.-31.2.0,,,,,,,,r.-31.2.0,,,,,,,,,,,,,,,,,,,,,,,,,,,,,,,,,,,,,,,,,,,,,,,,,,,,,,,,,,,,,,,,,,,,,,,,,,,,,,,,,,,,,,,,,,,,,,,,,,,,,,,,,,,,,,,,,,,,,,,,,,,,,,,,,,,,,,,,,,,,,,,,,,,,,,,,,,,,,,,,,,,,,,,,,,,,,,,,,,,,,,,,,,,,,,,,,,,,,,,,,,,,,,
1040,,,,,,p.1041,,,,,,,,,,,,,,,,,,,,,,,,,,,,,,,,,,,,,,,,,,,,,,,,,,,,,,,,,,,,,,,,,,,,,,,,,,,,,,,,,,,,,,,,,,,,,,,,,,,,,,,,,,,,,,,,,,,,,,,,,,,,,,,,,,,,,,,,,,,,,,,,,,,,,,,,,,,,,,,,,,,,,,,,,,,,,,,,,,,,,,,,,,,,,,,,,,,,,,,,,,,,,,,,,,,,,,,,
1041,,,,,,p.1042,,,,,,,,,,,,,,,,,,,,,,,,,,,,,,,,,,,,,,,,,,,,,,,,,,,,,,,,,,,,,,,,,,,,,,,,,,,,,,,,,,,,,,,,,,,,,,,,,,,,,,,,,,,,,,,,,,,,,,,,,,,,,,,,,,,,,,,,,,,,,,,,,,,,,,,,,,,,,,,,,,,,,,,,,,,,,,,,,,,,,,,,,,,,,,,,,,,,,,,,,,,,,,,,,,,,,,,,
1042,,,,,,r.-4.4.0,,r.-4.4.0,,,,,,,,r.-4.4.0,,,,,,,,,,,,,,,,,,,,,,,,,,,,,,,,,,,,,,,,,,,,,,,,,,,,,,,,,,,,,,,,,,,,,,,,,,,,,,,,,,,,,,,,,,,,,,,,,,,,,,,,,,,,,,,,,,,,,,,,,,,,,,,,,,,,,,,,,,,,,,,,,,,,,,,,,,,,,,,,,,,,,,,,,,,,,,,,,,,,,,,,,,,,,,,,,,,,,,,,,,,,,,
1043,,,,,,,p.1044,,,,,,,,,,,,,,,,,,,,,,,,,,,,,,,,,,,,,,,,,,,,,,,,,,,,,,,,,,,,,,,,,,,,,,,,,,,,,,,,,,,,,,,,,,,,,,,,,,,,,,,,,,,,,,,,,,,,,,,,,,,,,,,,,,,,,,,,,,,,,,,,,,,,,,,,,,,,,,,,,,,,,,,,,,,,,,,,,,,,,,,,,,,,,,,,,,,,,,,,,,,,,,,,,,,,,,,
1044,,,,,,r.-3.3.0,,r.-3.3.0,,,,,,,,r.-3.3.0,,,,,,,,,,,,,,,,,,,,,,,,,,,,,,,,,,,,,,,,,,,,,,,,,,,,,,,,,,,,,,,,,,,,,,,,,,,,,,,,,,,,,,,,,,,,,,,,,,,,,,,,,,,,,,,,,,,,,,,,,,,,,,,,,,,,,,,,,,,,,,,,,,,,,,,,,,,,,,,,,,,,,,,,,,,,,,,,,,,,,,,,,,,,,,,,,,,,,,,,,,,,,,
1045,,,,,,,,,,,,,,,,,,,,,,,,,,,,,,,,,,,,,,,,,,,,,p.125,,,,,,,,,,,,,,,,,,,,,,,,,,,,,,,,,,,,,,,,,,p.127,,,,,,,,,,,,,,,,,,,,,,,,,,,,,,,,,p.1046,,,,,,,,,,,,,,,,,,,,,,,,,,,,,,,,,,,,,,,,,,,,,,,,,,,,,,,,,,,,,,,,,,,,,,,,,,,,,,,,,,,,,,,,,,,p.136,p.137,,,,,,,,,,
1046,,,,,,,,,,,,,,,,p.1047,,,,,,,,,,,,,,,,,,,,,,,,,,,,,,,,,,,,,,,,,,,,,,,,,,,,,,,,,,,,,,,,,,,,,,,,,,,,,,,,,,,,,,,,,,,,,,,,,,,,,,,,,,,,,,,,,,,,,,,,,,,,,,,,,,,,,,,,,,,,,,,,,,,,,,,,,,,,,,,,,,,,,,,,,,,,,,,,,,,,,,,,,,,,,,,,,,,,,,,,,,,,,,
1047,,,,,,,,,,,,,,,,,,,,,,,,,,,,,,,,,,,,,,,,,,,,,,,p.1048,,,,,,,,,,,,,,,,,,,,,,,,,,,,,,,,,,,,,,,,,,,,,,,,,,,,,,,,,,,,,,,,,,,,,,,,,,,,,,,,,,,,,,,,,,,,,,,,,,,,,,,,,,,,,,,,,,,,,,,,,,,,,,,,,,,,,,,,,,,,,,,,,,,,,,,,,,,,,,,,,,,,,,,,,,,,,,,
1048,,,,,,,,,,,,,,,,r.-38.5.0,,,,,,,,,,,,,,,,,,,,,,,,,,,,,,,,,,,,,,,,,,,,,,,,,,,,,,,,,,,,,,,,,,,,,,,,,,,,,,,,,,,,,,,,,,,,,,,,,,,,,,,,,,,,,,,,,,,,,,,,,,,,,,,,,,,,,,,,,,,,,,,,,,,,,,,,,,,,,,,,,,,,,,,,,,,,,,,,,,,,,,,,,,,,,,,,,,,,,,,,,,,,,,
1049,,,,,,,,,,,,p.1050,,,,,,,,,,,,,,,,,,,,,,,,,,,,,,,,,,,,,,,,,,,,,,,,,,,,,,,,,,,,,,,,,,,,,,,,,,,,,,,,,,,,,,,,,,,,,,,,,,,,,,,,,,,,,,,,,,,,,,,,,,,,,,,,,,,,,,,,,,,,,,,,,,,,,,,,,,,,,,,,,,,,,,,,,,,,,,,,,,,,,,,,,,,,,,,,,,,,,,,,,,,,,,,,,,
1050,,,,,p.1051,,,,,,,,,,,,,,,,,,,,,,,,,,,,,,,,,,,,,,,,,,,,,,,,,,,,,,,,,,,,,,,,,,,,,,,,,,,,,,,,,,,,,,,,,,,,,,,,,,,,,,,,,,,,,,,,,,,,,,,,,,,,,,,,,,,,,,,,,,,,,,,,,,,,,,,,,,,,,,,,,,,,,,,,,,,,,,,,,,,,,,,,,,,,,,,,,,,,,,,,,,,,,,,,,,,,,,,,,
1051,,,,p.1052,,,,,,,,,,,,,,,,,,,,,,,,,,,,,,,,,,,,,,,,,,,,,,,,,,,,,,,,,,,,,,,,,,,,,,,,,,,,,,,,,,,,,,,,,,,,,,,,,,,,,,,,,,,,,,,,,,,,,,,,,,,,,,,,,,,,,,,,,,,,,,,,,,,,,,,,,,,,,,,,,,,,,,,,,,,,,,,,,,,,,,,,,,,,,,,,,,,,,,,,,,,,,,,,,,,,,,,,,,
1052,,,,,,,,,,,,,p.1053,,,,,,,,,,,,,,,,,,,,,,,,,,,,,,,,,,,,,,,,,,,,,,,,,,,,,,,,,,,,,,,,,,,,,,,,,,,,,,,,,,,,,,,,,,,,,,,,,,,,,,,,,,,,,,,,,,,,,,,,,,,,,,,,,,,,,,,,,,,,,,,,,,,,,,,,,,,,,,,,,,,,,,,,,,,,,,,,,,,,,,,,,,,,,,,,,,,,,,,,,,,,,,,,,
1053,,p.1054,,,,,,,,,,,,,,,,,,,,,,,,,,,,,,,,,,,,,,,,,,,,,,,,,,,,,,,,,,,,,,,,,,,,,,,,,,,,,,,,,,,,,,,,,,,,,,,,,,,,,,,,,,,,,,,,,,,,,,,,,,,,,,,,,,,,,,,,,,,,,,,,,,,,,,,,,,,,,,,,,,,,,,,,,,,,,,,,,,,,,,,,,,,,,,,,,,,,,,,,,,,,,,,,,,,,,,,,,,,,
1054,,,,,,,,,,,,,,p.1055,,,,,,,,,,,,,,,,,,,,,,,,,,,,,,,,,,,,,,,,,,,,,,,,,,,,,,,,,,,,,,,,,,,,,,,,,,,,,,,,,,,,,,,,,,,,,,,,,,,,,,,,,,,,,,,,,,,,,,,,,,,,,,,,,,,,,,,,,,,,,,,,,,,,,,,,,,,,,,,,,,,,,,,,,,,,,,,,,,,,,,,,,,,,,,,,,,,,,,,,,,,,,,,,
1055,,,,,,,,,,,,,,,,r.-5.8.0,,,,,,,,,,,,,,,,,,,,,,,,,,,,,,,,,,,,,,,,,,,,,,,,,,,,,,,,,,,,,,,,,,,,,,,,,,,,,,,,,,,,,,,,,,,,,,,,,,,,,,,,,,,,,,,,,,,,,,,,,,,,,,,,,,,,,,,,,,,,,,,,,,,,,,,,,,,,,,,,,,,,,,,,,,,,,,,,,,,,,,,,,,,,,,,,,,,,,,,,,,,,,,
