state,[,], ,!,#,$,%,&,',(,),*,+,,,-,.,/,0,1,2,3,4,5,6,7,8,9,:,;,<,=,>,?,@,A,B,C,D,E,F,G,H,I,J,K,L,M,N,O,P,Q,R,S,T,U,V,W,X,Y,Z,^,_,`,a,b,c,d,e,f,g,h,i,j,k,l,m,n,o,p,q,r,s,t,u,v,w,x,y,z,{,|,},~,",$,<json>,<array>,<character>,<characters>,<digit>,<digits>,<elements>,<exponent>,<false>,<fraction>,<integer>,<members>,<null>,<number>,<object>,<pair>,<sign>,<string>,<true>,<value>
0,p.1,,,,,,,,,,,,,,,,,,,,,,,,,,,,,,,,,,,,,,,,,,,,,,,,,,,,,,,,,,,,,,,,,,,,,,,,,,,,,,,,,,,,,,,,,p.2,,,,,,p.3,p.4,,,,,,,,,,,,,p.5,,,,,
1,p.193,p.290,,,,,,,,,,,,,p.195,,,p.196,p.197,p.198,p.199,p.200,p.201,p.202,p.203,p.204,p.205,,,,,,,,,,,,,,,,,,,,,,,,,,,,,,,,,,,,,,,,,,p.206,,,,,,,,p.207,,,,,,p.208,,,,,,,p.209,,,,p.210,,,p.211,,,p.212,,p.291,,p.214,,p.215,,p.216,p.217,p.218,,,p.219,p.220,p.221
2,,,,,,,,,,,,,,,,,,,,,,,,,,,,,,,,,,,,,,,,,,,,,,,,,,,,,,,,,,,,,,,,,,,,,,,,,,,,,,,,,,,,,,,,,,,,p.6,,p.7,,,,,,,,,,,,,p.8,,,,p.9,,p.10,,
3,,,,,,,,,,,,,,,,,,,,,,,,,,,,,,,,,,,,,,,,,,,,,,,,,,,,,,,,,,,,,,,,,,,,,,,,,,,,,,,,,,,,,,,,,,,,,,,acc,,,,,,,,,,,,,,,,,,,,
4,,,,,,,,,,,,,,,,,,,,,,,,,,,,,,,,,,,,,,,,,,,,,,,,,,,,,,,,,,,,,,,,,,,,,,,,,,,,,,,,,,,,,,,,,,,,,,,r.-1.1.0,,,,,,,,,,,,,,,,,,,,
5,,,,,,,,,,,,,,,,,,,,,,,,,,,,,,,,,,,,,,,,,,,,,,,,,,,,,,,,,,,,,,,,,,,,,,,,,,,,,,,,,,,,,,,,,,,,,,,r.-1.1.0,,,,,,,,,,,,,,,,,,,,
6,,,,,,,,,,,,,,,,,,,,,,,,,,,,,,,,,,,,,,,,,,,,,,,,,,,,,,,,,,,,,,,,,,,,,,,,,,,,,,,,,,,,,,,,,,,,,,,r.-15.2.0,,,,,,,,,,,,,,,,,,,,
7,p.81,p.82,p.83,p.84,p.85,p.86,p.87,p.88,p.89,p.90,p.91,p.92,p.93,p.94,p.95,p.96,p.97,p.98,p.99,p.100,p.101,p.102,p.103,p.104,p.105,p.106,p.107,p.108,p.109,p.110,p.111,p.112,p.113,p.114,p.115,p.116,p.117,p.118,p.119,p.120,p.121,p.122,p.123,p.124,p.125,p.126,p.127,p.128,p.129,p.130,p.131,p.132,p.133,p.134,p.135,p.136,p.137,p.138,p.139,p.140,p.141,p.142,p.143,p.144,p.145,p.146,p.147,p.148,p.149,p.150,p.151,p.152,p.153,p.154,p.155,p.156,p.157,p.158,p.159,p.160,p.161,p.162,p.163,p.164,p.165,p.166,p.167,p.168,p.169,p.170,p.171,p.172,p.173,r.-4.0.6,,,,p.174,p.288,,,,,,,,,,,,,,,,
8,,,,,,,,,,,,,,,,,,,,,,,,,,,,,,,,,,,,,,,,,,,,,,,,,,,,,,,,,,,,,,,,,,,,,,,,,,,,,,,,,,,,,,,,,,,,p.287,,,,,,,,,,,,,,,,,,,,,,,
9,,,,,,,,,,,,,,p.285,,,,,,,,,,,,,,,,,,,,,,,,,,,,,,,,,,,,,,,,,,,,,,,,,,,,,,,,,,,,,,,,,,,,,,,,,,,,,,r.-12.1.0,,,,,,,,,,,,,,,,,,,,,,,
10,,,,,,,,,,,,,,,,,,,,,,,,,,,,p.11,,,,,,,,,,,,,,,,,,,,,,,,,,,,,,,,,,,,,,,,,,,,,,,,,,,,,,,,,,,,,,,,,,,,,,,,,,,,,,,,,,,,,,,
11,p.12,,,,,,,,,,,,,,p.13,,,p.14,p.15,p.16,p.17,p.18,p.19,p.20,p.21,p.22,p.23,,,,,,,,,,,,,,,,,,,,,,,,,,,,,,,,,,,,,,,,,,p.24,,,,,,,,p.25,,,,,,p.26,,,,,,,p.27,,,,p.28,,,p.29,,,p.30,,,,p.31,,p.32,,p.33,p.34,p.35,,,p.36,p.37,p.38
12,p.193,p.194,,,,,,,,,,,,,p.195,,,p.196,p.197,p.198,p.199,p.200,p.201,p.202,p.203,p.204,p.205,,,,,,,,,,,,,,,,,,,,,,,,,,,,,,,,,,,,,,,,,,p.206,,,,,,,,p.207,,,,,,p.208,,,,,,,p.209,,,,p.210,,,p.211,,,p.212,,p.213,,p.214,,p.215,,p.216,p.217,p.218,,,p.219,p.220,p.221
13,,,,,,,,,,,,,,,,,,p.14,p.15,p.16,p.17,p.18,p.19,p.20,p.21,p.22,p.23,,,,,,,,,,,,,,,,,,,,,,,,,,,,,,,,,,,,,,,,,,,,,,,,,,,,,,,,,,,,,,,,,,,,,,,,,p.191,,,,,,,,,,,,,,,
14,,,,,,,,,,,,,,r.-5.1.0,,r.-5.1.0,,r.-5.1.0,r.-5.1.0,r.-5.1.0,r.-5.1.0,r.-5.1.0,r.-5.1.0,r.-5.1.0,r.-5.1.0,r.-5.1.0,r.-5.1.0,,,,,,,,,,,,r.-5.1.0,,,,,,,,,,,,,,,,,,,,,,,,,,,,,r.-5.1.0,,,,,,,,,,,,,,,,,,,,,,,,r.-5.1.0,,,,,,,,,,,,,,,,,,,,,,,
15,,,,,,,,,,,,,,r.-5.1.0,,r.-5.1.0,,r.-5.1.0,r.-5.1.0,r.-5.1.0,r.-5.1.0,r.-5.1.0,r.-5.1.0,r.-5.1.0,r.-5.1.0,r.-5.1.0,r.-5.1.0,,,,,,,,,,,,r.-5.1.0,,,,,,,,,,,,,,,,,,,,,,,,,,,,,r.-5.1.0,,,,,,,,,,,,,,,,,,,,,,,,r.-5.1.0,,,,,,,,,,,,,,,,,,,,,,,
16,,,,,,,,,,,,,,r.-5.1.0,,r.-5.1.0,,r.-5.1.0,r.-5.1.0,r.-5.1.0,r.-5.1.0,r.-5.1.0,r.-5.1.0,r.-5.1.0,r.-5.1.0,r.-5.1.0,r.-5.1.0,,,,,,,,,,,,r.-5.1.0,,,,,,,,,,,,,,,,,,,,,,,,,,,,,r.-5.1.0,,,,,,,,,,,,,,,,,,,,,,,,r.-5.1.0,,,,,,,,,,,,,,,,,,,,,,,
17,,,,,,,,,,,,,,r.-5.1.0,,r.-5.1.0,,r.-5.1.0,r.-5.1.0,r.-5.1.0,r.-5.1.0,r.-5.1.0,r.-5.1.0,r.-5.1.0,r.-5.1.0,r.-5.1.0,r.-5.1.0,,,,,,,,,,,,r.-5.1.0,,,,,,,,,,,,,,,,,,,,,,,,,,,,,r.-5.1.0,,,,,,,,,,,,,,,,,,,,,,,,r.-5.1.0,,,,,,,,,,,,,,,,,,,,,,,
18,,,,,,,,,,,,,,r.-5.1.0,,r.-5.1.0,,r.-5.1.0,r.-5.1.0,r.-5.1.0,r.-5.1.0,r.-5.1.0,r.-5.1.0,r.-5.1.0,r.-5.1.0,r.-5.1.0,r.-5.1.0,,,,,,,,,,,,r.-5.1.0,,,,,,,,,,,,,,,,,,,,,,,,,,,,,r.-5.1.0,,,,,,,,,,,,,,,,,,,,,,,,r.-5.1.0,,,,,,,,,,,,,,,,,,,,,,,
19,,,,,,,,,,,,,,r.-5.1.0,,r.-5.1.0,,r.-5.1.0,r.-5.1.0,r.-5.1.0,r.-5.1.0,r.-5.1.0,r.-5.1.0,r.-5.1.0,r.-5.1.0,r.-5.1.0,r.-5.1.0,,,,,,,,,,,,r.-5.1.0,,,,,,,,,,,,,,,,,,,,,,,,,,,,,r.-5.1.0,,,,,,,,,,,,,,,,,,,,,,,,r.-5.1.0,,,,,,,,,,,,,,,,,,,,,,,
20,,,,,,,,,,,,,,r.-5.1.0,,r.-5.1.0,,r.-5.1.0,r.-5.1.0,r.-5.1.0,r.-5.1.0,r.-5.1.0,r.-5.1.0,r.-5.1.0,r.-5.1.0,r.-5.1.0,r.-5.1.0,,,,,,,,,,,,r.-5.1.0,,,,,,,,,,,,,,,,,,,,,,,,,,,,,r.-5.1.0,,,,,,,,,,,,,,,,,,,,,,,,r.-5.1.0,,,,,,,,,,,,,,,,,,,,,,,
21,,,,,,,,,,,,,,r.-5.1.0,,r.-5.1.0,,r.-5.1.0,r.-5.1.0,r.-5.1.0,r.-5.1.0,r.-5.1.0,r.-5.1.0,r.-5.1.0,r.-5.1.0,r.-5.1.0,r.-5.1.0,,,,,,,,,,,,r.-5.1.0,,,,,,,,,,,,,,,,,,,,,,,,,,,,,r.-5.1.0,,,,,,,,,,,,,,,,,,,,,,,,r.-5.1.0,,,,,,,,,,,,,,,,,,,,,,,
22,,,,,,,,,,,,,,r.-5.1.0,,r.-5.1.0,,r.-5.1.0,r.-5.1.0,r.-5.1.0,r.-5.1.0,r.-5.1.0,r.-5.1.0,r.-5.1.0,r.-5.1.0,r.-5.1.0,r.-5.1.0,,,,,,,,,,,,r.-5.1.0,,,,,,,,,,,,,,,,,,,,,,,,,,,,,r.-5.1.0,,,,,,,,,,,,,,,,,,,,,,,,r.-5.1.0,,,,,,,,,,,,,,,,,,,,,,,
23,,,,,,,,,,,,,,r.-5.1.0,,r.-5.1.0,,r.-5.1.0,r.-5.1.0,r.-5.1.0,r.-5.1.0,r.-5.1.0,r.-5.1.0,r.-5.1.0,r.-5.1.0,r.-5.1.0,r.-5.1.0,,,,,,,,,,,,r.-5.1.0,,,,,,,,,,,,,,,,,,,,,,,,,,,,,r.-5.1.0,,,,,,,,,,,,,,,,,,,,,,,,r.-5.1.0,,,,,,,,,,,,,,,,,,,,,,,
24,,,,,,,,,,,,,,,,,,,,,,,,,,,,,,,,,,,,,,,,,,,,,,,,,,,,,,,,,,,,,,,,p.187,,,,,,,,,,,,,,,,,,,,,,,,,,,,,,,,,,,,,,,,,,,,,,,,,,,
25,,,,,,,,,,,,,,,,,,,,,,,,,,,,,,,,,,,,,,,,,,,,,,,,,,,,,,,,,,,,,,,,,,,,,,,,,,,,,,,,,,,,p.184,,,,,,,,,,,,,,,,,,,,,,,,,,,,,,,
26,,,,,,,,,,,,,,,,,,,,,,,,,,,,,,,,,,,,,,,,,,,,,,,,,,,,,,,,,,,,,,,,,,,,,,,,,,,,,,,,,p.181,,,,,,,,,,,,,,,,,,,,,,,,,,,,,,,,,,
27,,,,,,,,,,,,,,,,,,,,,,,,,,,,,,,,,,,,,,,,,,,,,,,,,,,,,,,,,,,,,,,,,,,,,,,,,,,,,,,,,,,,,,,,,,,,p.178,,p.7,,,,,,,,,,,,,p.179,,,,p.9,,p.10,,
28,p.81,p.82,p.83,p.84,p.85,p.86,p.87,p.88,p.89,p.90,p.91,p.92,p.93,p.94,p.95,p.96,p.97,p.98,p.99,p.100,p.101,p.102,p.103,p.104,p.105,p.106,p.107,p.108,p.109,p.110,p.111,p.112,p.113,p.114,p.115,p.116,p.117,p.118,p.119,p.120,p.121,p.122,p.123,p.124,p.125,p.126,p.127,p.128,p.129,p.130,p.131,p.132,p.133,p.134,p.135,p.136,p.137,p.138,p.139,p.140,p.141,p.142,p.143,p.144,p.145,p.146,p.147,p.148,p.149,p.150,p.151,p.152,p.153,p.154,p.155,p.156,p.157,p.158,p.159,p.160,p.161,p.162,p.163,p.164,p.165,p.166,p.167,p.168,p.169,p.170,p.171,p.172,p.173,r.-4.0.6,,,,p.174,p.175,,,,,,,,,,,,,,,,
29,,,,,,,,,,,,,,r.-20.1.0,,,,,,,,,,,,,,,,,,,,,,,,,,,,,,,,,,,,,,,,,,,,,,,,,,,,,,,,,,,,,,,,,,,,,,,,,,,,,,r.-20.1.0,,,,,,,,,,,,,,,,,,,,,,,
30,,,,,,,,,,,,,,r.-6.0.6/r.-11.1.6,,r.-11.1.6/r.-6.0.6,,p.14,p.15,p.16,p.17,p.18,p.19,p.20,p.21,p.22,p.23,,,,,,,,,,,,r.-11.1.6/r.-6.0.6,,,,,,,,,,,,,,,,,,,,,,,,,,,,,r.-6.0.6/r.-11.1.6,,,,,,,,,,,,,,,,,,,,,,,,r.-11.1.6/r.-6.0.6,,,,,,,,p.78,p.79,,,,,,,,,,,,,,
31,,,,,,,,,,,,,,r.-20.1.0,,,,,,,,,,,,,,,,,,,,,,,,,,,,,,,,,,,,,,,,,,,,,,,,,,,,,,,,,,,,,,,,,,,,,,,,,,,,,,r.-20.1.0,,,,,,,,,,,,,,,,,,,,,,,
32,,,,,,,,,,,,,,r.-14.1.6/r.-10.0.4,,p.39,,,,,,,,,,,,,,,,,,,,,,,r.-10.0.4,,,,,,,,,,,,,,,,,,,,,,,,,,,,,r.-10.0.4,,,,,,,,,,,,,,,,,,,,,,,,r.-14.1.6/r.-10.0.4,,,,,,,,,,,,,p.40,,,,,,,,,,
33,,,,,,,,,,,,,,r.-20.1.0,,,,,,,,,,,,,,,,,,,,,,,,,,,,,,,,,,,,,,,,,,,,,,,,,,,,,,,,,,,,,,,,,,,,,,,,,,,,,,r.-20.1.0,,,,,,,,,,,,,,,,,,,,,,,
34,,,,,,,,,,,,,,r.-20.1.0,,,,,,,,,,,,,,,,,,,,,,,,,,,,,,,,,,,,,,,,,,,,,,,,,,,,,,,,,,,,,,,,,,,,,,,,,,,,,,r.-20.1.0,,,,,,,,,,,,,,,,,,,,,,,
35,,,,,,,,,,,,,,r.-20.1.0,,,,,,,,,,,,,,,,,,,,,,,,,,,,,,,,,,,,,,,,,,,,,,,,,,,,,,,,,,,,,,,,,,,,,,,,,,,,,,r.-20.1.0,,,,,,,,,,,,,,,,,,,,,,,
36,,,,,,,,,,,,,,r.-20.1.0,,,,,,,,,,,,,,,,,,,,,,,,,,,,,,,,,,,,,,,,,,,,,,,,,,,,,,,,,,,,,,,,,,,,,,,,,,,,,,r.-20.1.0,,,,,,,,,,,,,,,,,,,,,,,
37,,,,,,,,,,,,,,r.-20.1.0,,,,,,,,,,,,,,,,,,,,,,,,,,,,,,,,,,,,,,,,,,,,,,,,,,,,,,,,,,,,,,,,,,,,,,,,,,,,,,r.-20.1.0,,,,,,,,,,,,,,,,,,,,,,,
38,,,,,,,,,,,,,,r.-16.3.0,,,,,,,,,,,,,,,,,,,,,,,,,,,,,,,,,,,,,,,,,,,,,,,,,,,,,,,,,,,,,,,,,,,,,,,,,,,,,,r.-16.3.0,,,,,,,,,,,,,,,,,,,,,,,
39,,,,,,,,,,,,,,,,,,p.64,p.65,p.66,p.67,p.68,p.69,p.70,p.71,p.72,p.73,,,,,,,,,,,,,,,,,,,,,,,,,,,,,,,,,,,,,,,,,,,,,,,,,,,,,,,,,,,,,,,,,,,,,,,,,p.74,,,,,,,,,,,,,,,
40,,,,,,,,,,,,,,r.-14.2.7/r.-8.0.7,,,,,,,,,,,,,,,,,,,,,,,,,p.41,,,,,,,,,,,,,,,,,,,,,,,,,,,,,p.42,,,,,,,,,,,,,,,,,,,,,,,,r.-8.0.7/r.-14.2.7,,,,,,,,,,,p.43,,,,,,,,,,,,
41,,,,,,,,,,,,,p.44,,p.45,,,r.-17.0.5,r.-17.0.5,r.-17.0.5,r.-17.0.5,r.-17.0.5,r.-17.0.5,r.-17.0.5,r.-17.0.5,r.-17.0.5,r.-17.0.5,,,,,,,,,,,,,,,,,,,,,,,,,,,,,,,,,,,,,,,,,,,,,,,,,,,,,,,,,,,,,,,,,,,,,,,,,,,,,,,,,,,,,p.61,,,
42,,,,,,,,,,,,,p.44,,p.45,,,r.-17.0.5,r.-17.0.5,r.-17.0.5,r.-17.0.5,r.-17.0.5,r.-17.0.5,r.-17.0.5,r.-17.0.5,r.-17.0.5,r.-17.0.5,,,,,,,,,,,,,,,,,,,,,,,,,,,,,,,,,,,,,,,,,,,,,,,,,,,,,,,,,,,,,,,,,,,,,,,,,,,,,,,,,,,,,p.46,,,
43,,,,,,,,,,,,,,r.-14.3.0,,,,,,,,,,,,,,,,,,,,,,,,,,,,,,,,,,,,,,,,,,,,,,,,,,,,,,,,,,,,,,,,,,,,,,,,,,,,,,r.-14.3.0,,,,,,,,,,,,,,,,,,,,,,,
44,,,,,,,,,,,,,,,,,,r.-17.1.0,r.-17.1.0,r.-17.1.0,r.-17.1.0,r.-17.1.0,r.-17.1.0,r.-17.1.0,r.-17.1.0,r.-17.1.0,r.-17.1.0,,,,,,,,,,,,,,,,,,,,,,,,,,,,,,,,,,,,,,,,,,,,,,,,,,,,,,,,,,,,,,,,,,,,,,,,,,,,,,,,,,,,,,,,
45,,,,,,,,,,,,,,,,,,r.-17.1.0,r.-17.1.0,r.-17.1.0,r.-17.1.0,r.-17.1.0,r.-17.1.0,r.-17.1.0,r.-17.1.0,r.-17.1.0,r.-17.1.0,,,,,,,,,,,,,,,,,,,,,,,,,,,,,,,,,,,,,,,,,,,,,,,,,,,,,,,,,,,,,,,,,,,,,,,,,,,,,,,,,,,,,,,,
46,,,,,,,,,,,,,,,,,,p.47,p.48,p.49,p.50,p.51,p.52,p.53,p.54,p.55,p.56,,,,,,,,,,,,,,,,,,,,,,,,,,,,,,,,,,,,,,,,,,,,,,,,,,,,,,,,,,,,,,,,,,,,,,,,,p.57,,,,,,,,,,,,,,,
47,,,,,,,,,,,,,,r.-5.1.0,,,,r.-5.1.0,r.-5.1.0,r.-5.1.0,r.-5.1.0,r.-5.1.0,r.-5.1.0,r.-5.1.0,r.-5.1.0,r.-5.1.0,r.-5.1.0,,,,,,,,,,,,,,,,,,,,,,,,,,,,,,,,,,,,,,,,,,,,,,,,,,,,,,,,,,,,,,,,,r.-5.1.0,,,,,,,,,,,,,,,,,,,,,,,
48,,,,,,,,,,,,,,r.-5.1.0,,,,r.-5.1.0,r.-5.1.0,r.-5.1.0,r.-5.1.0,r.-5.1.0,r.-5.1.0,r.-5.1.0,r.-5.1.0,r.-5.1.0,r.-5.1.0,,,,,,,,,,,,,,,,,,,,,,,,,,,,,,,,,,,,,,,,,,,,,,,,,,,,,,,,,,,,,,,,,r.-5.1.0,,,,,,,,,,,,,,,,,,,,,,,
49,,,,,,,,,,,,,,r.-5.1.0,,,,r.-5.1.0,r.-5.1.0,r.-5.1.0,r.-5.1.0,r.-5.1.0,r.-5.1.0,r.-5.1.0,r.-5.1.0,r.-5.1.0,r.-5.1.0,,,,,,,,,,,,,,,,,,,,,,,,,,,,,,,,,,,,,,,,,,,,,,,,,,,,,,,,,,,,,,,,,r.-5.1.0,,,,,,,,,,,,,,,,,,,,,,,
50,,,,,,,,,,,,,,r.-5.1.0,,,,r.-5.1.0,r.-5.1.0,r.-5.1.0,r.-5.1.0,r.-5.1.0,r.-5.1.0,r.-5.1.0,r.-5.1.0,r.-5.1.0,r.-5.1.0,,,,,,,,,,,,,,,,,,,,,,,,,,,,,,,,,,,,,,,,,,,,,,,,,,,,,,,,,,,,,,,,,r.-5.1.0,,,,,,,,,,,,,,,,,,,,,,,
51,,,,,,,,,,,,,,r.-5.1.0,,,,r.-5.1.0,r.-5.1.0,r.-5.1.0,r.-5.1.0,r.-5.1.0,r.-5.1.0,r.-5.1.0,r.-5.1.0,r.-5.1.0,r.-5.1.0,,,,,,,,,,,,,,,,,,,,,,,,,,,,,,,,,,,,,,,,,,,,,,,,,,,,,,,,,,,,,,,,,r.-5.1.0,,,,,,,,,,,,,,,,,,,,,,,
52,,,,,,,,,,,,,,r.-5.1.0,,,,r.-5.1.0,r.-5.1.0,r.-5.1.0,r.-5.1.0,r.-5.1.0,r.-5.1.0,r.-5.1.0,r.-5.1.0,r.-5.1.0,r.-5.1.0,,,,,,,,,,,,,,,,,,,,,,,,,,,,,,,,,,,,,,,,,,,,,,,,,,,,,,,,,,,,,,,,,r.-5.1.0,,,,,,,,,,,,,,,,,,,,,,,
53,,,,,,,,,,,,,,r.-5.1.0,,,,r.-5.1.0,r.-5.1.0,r.-5.1.0,r.-5.1.0,r.-5.1.0,r.-5.1.0,r.-5.1.0,r.-5.1.0,r.-5.1.0,r.-5.1.0,,,,,,,,,,,,,,,,,,,,,,,,,,,,,,,,,,,,,,,,,,,,,,,,,,,,,,,,,,,,,,,,,r.-5.1.0,,,,,,,,,,,,,,,,,,,,,,,
54,,,,,,,,,,,,,,r.-5.1.0,,,,r.-5.1.0,r.-5.1.0,r.-5.1.0,r.-5.1.0,r.-5.1.0,r.-5.1.0,r.-5.1.0,r.-5.1.0,r.-5.1.0,r.-5.1.0,,,,,,,,,,,,,,,,,,,,,,,,,,,,,,,,,,,,,,,,,,,,,,,,,,,,,,,,,,,,,,,,,r.-5.1.0,,,,,,,,,,,,,,,,,,,,,,,
55,,,,,,,,,,,,,,r.-5.1.0,,,,r.-5.1.0,r.-5.1.0,r.-5.1.0,r.-5.1.0,r.-5.1.0,r.-5.1.0,r.-5.1.0,r.-5.1.0,r.-5.1.0,r.-5.1.0,,,,,,,,,,,,,,,,,,,,,,,,,,,,,,,,,,,,,,,,,,,,,,,,,,,,,,,,,,,,,,,,,r.-5.1.0,,,,,,,,,,,,,,,,,,,,,,,
56,,,,,,,,,,,,,,r.-5.1.0,,,,r.-5.1.0,r.-5.1.0,r.-5.1.0,r.-5.1.0,r.-5.1.0,r.-5.1.0,r.-5.1.0,r.-5.1.0,r.-5.1.0,r.-5.1.0,,,,,,,,,,,,,,,,,,,,,,,,,,,,,,,,,,,,,,,,,,,,,,,,,,,,,,,,,,,,,,,,,r.-5.1.0,,,,,,,,,,,,,,,,,,,,,,,
57,,,,,,,,,,,,,,r.-6.0.6/r.-8.3.6,,,,p.47,p.48,p.49,p.50,p.51,p.52,p.53,p.54,p.55,p.56,,,,,,,,,,,,,,,,,,,,,,,,,,,,,,,,,,,,,,,,,,,,,,,,,,,,,,,,,,,,,,,,,r.-8.3.6/r.-6.0.6,,,,,,,,p.58,p.59,,,,,,,,,,,,,,
58,,,,,,,,,,,,,,r.-6.1.6/r.-6.0.6,,,,p.47,p.48,p.49,p.50,p.51,p.52,p.53,p.54,p.55,p.56,,,,,,,,,,,,,,,,,,,,,,,,,,,,,,,,,,,,,,,,,,,,,,,,,,,,,,,,,,,,,,,,,r.-6.1.6/r.-6.0.6,,,,,,,,p.58,p.60,,,,,,,,,,,,,,
59,,,,,,,,,,,,,,r.-8.4.0,,,,,,,,,,,,,,,,,,,,,,,,,,,,,,,,,,,,,,,,,,,,,,,,,,,,,,,,,,,,,,,,,,,,,,,,,,,,,,r.-8.4.0,,,,,,,,,,,,,,,,,,,,,,,
60,,,,,,,,,,,,,,r.-6.2.0,,,,,,,,,,,,,,,,,,,,,,,,,,,,,,,,,,,,,,,,,,,,,,,,,,,,,,,,,,,,,,,,,,,,,,,,,,,,,,r.-6.2.0,,,,,,,,,,,,,,,,,,,,,,,
61,,,,,,,,,,,,,,,,,,p.47,p.48,p.49,p.50,p.51,p.52,p.53,p.54,p.55,p.56,,,,,,,,,,,,,,,,,,,,,,,,,,,,,,,,,,,,,,,,,,,,,,,,,,,,,,,,,,,,,,,,,,,,,,,,,p.62,,,,,,,,,,,,,,,
62,,,,,,,,,,,,,,r.-6.0.6/r.-8.3.6,,,,p.47,p.48,p.49,p.50,p.51,p.52,p.53,p.54,p.55,p.56,,,,,,,,,,,,,,,,,,,,,,,,,,,,,,,,,,,,,,,,,,,,,,,,,,,,,,,,,,,,,,,,,r.-6.0.6/r.-8.3.6,,,,,,,,p.58,p.63,,,,,,,,,,,,,,
63,,,,,,,,,,,,,,r.-8.4.0,,,,,,,,,,,,,,,,,,,,,,,,,,,,,,,,,,,,,,,,,,,,,,,,,,,,,,,,,,,,,,,,,,,,,,,,,,,,,,r.-8.4.0,,,,,,,,,,,,,,,,,,,,,,,
64,,,,,,,,,,,,,,r.-5.1.0,,,,r.-5.1.0,r.-5.1.0,r.-5.1.0,r.-5.1.0,r.-5.1.0,r.-5.1.0,r.-5.1.0,r.-5.1.0,r.-5.1.0,r.-5.1.0,,,,,,,,,,,,r.-5.1.0,,,,,,,,,,,,,,,,,,,,,,,,,,,,,r.-5.1.0,,,,,,,,,,,,,,,,,,,,,,,,r.-5.1.0,,,,,,,,,,,,,,,,,,,,,,,
65,,,,,,,,,,,,,,r.-5.1.0,,,,r.-5.1.0,r.-5.1.0,r.-5.1.0,r.-5.1.0,r.-5.1.0,r.-5.1.0,r.-5.1.0,r.-5.1.0,r.-5.1.0,r.-5.1.0,,,,,,,,,,,,r.-5.1.0,,,,,,,,,,,,,,,,,,,,,,,,,,,,,r.-5.1.0,,,,,,,,,,,,,,,,,,,,,,,,r.-5.1.0,,,,,,,,,,,,,,,,,,,,,,,
66,,,,,,,,,,,,,,r.-5.1.0,,,,r.-5.1.0,r.-5.1.0,r.-5.1.0,r.-5.1.0,r.-5.1.0,r.-5.1.0,r.-5.1.0,r.-5.1.0,r.-5.1.0,r.-5.1.0,,,,,,,,,,,,r.-5.1.0,,,,,,,,,,,,,,,,,,,,,,,,,,,,,r.-5.1.0,,,,,,,,,,,,,,,,,,,,,,,,r.-5.1.0,,,,,,,,,,,,,,,,,,,,,,,
67,,,,,,,,,,,,,,r.-5.1.0,,,,r.-5.1.0,r.-5.1.0,r.-5.1.0,r.-5.1.0,r.-5.1.0,r.-5.1.0,r.-5.1.0,r.-5.1.0,r.-5.1.0,r.-5.1.0,,,,,,,,,,,,r.-5.1.0,,,,,,,,,,,,,,,,,,,,,,,,,,,,,r.-5.1.0,,,,,,,,,,,,,,,,,,,,,,,,r.-5.1.0,,,,,,,,,,,,,,,,,,,,,,,
68,,,,,,,,,,,,,,r.-5.1.0,,,,r.-5.1.0,r.-5.1.0,r.-5.1.0,r.-5.1.0,r.-5.1.0,r.-5.1.0,r.-5.1.0,r.-5.1.0,r.-5.1.0,r.-5.1.0,,,,,,,,,,,,r.-5.1.0,,,,,,,,,,,,,,,,,,,,,,,,,,,,,r.-5.1.0,,,,,,,,,,,,,,,,,,,,,,,,r.-5.1.0,,,,,,,,,,,,,,,,,,,,,,,
69,,,,,,,,,,,,,,r.-5.1.0,,,,r.-5.1.0,r.-5.1.0,r.-5.1.0,r.-5.1.0,r.-5.1.0,r.-5.1.0,r.-5.1.0,r.-5.1.0,r.-5.1.0,r.-5.1.0,,,,,,,,,,,,r.-5.1.0,,,,,,,,,,,,,,,,,,,,,,,,,,,,,r.-5.1.0,,,,,,,,,,,,,,,,,,,,,,,,r.-5.1.0,,,,,,,,,,,,,,,,,,,,,,,
70,,,,,,,,,,,,,,r.-5.1.0,,,,r.-5.1.0,r.-5.1.0,r.-5.1.0,r.-5.1.0,r.-5.1.0,r.-5.1.0,r.-5.1.0,r.-5.1.0,r.-5.1.0,r.-5.1.0,,,,,,,,,,,,r.-5.1.0,,,,,,,,,,,,,,,,,,,,,,,,,,,,,r.-5.1.0,,,,,,,,,,,,,,,,,,,,,,,,r.-5.1.0,,,,,,,,,,,,,,,,,,,,,,,
71,,,,,,,,,,,,,,r.-5.1.0,,,,r.-5.1.0,r.-5.1.0,r.-5.1.0,r.-5.1.0,r.-5.1.0,r.-5.1.0,r.-5.1.0,r.-5.1.0,r.-5.1.0,r.-5.1.0,,,,,,,,,,,,r.-5.1.0,,,,,,,,,,,,,,,,,,,,,,,,,,,,,r.-5.1.0,,,,,,,,,,,,,,,,,,,,,,,,r.-5.1.0,,,,,,,,,,,,,,,,,,,,,,,
72,,,,,,,,,,,,,,r.-5.1.0,,,,r.-5.1.0,r.-5.1.0,r.-5.1.0,r.-5.1.0,r.-5.1.0,r.-5.1.0,r.-5.1.0,r.-5.1.0,r.-5.1.0,r.-5.1.0,,,,,,,,,,,,r.-5.1.0,,,,,,,,,,,,,,,,,,,,,,,,,,,,,r.-5.1.0,,,,,,,,,,,,,,,,,,,,,,,,r.-5.1.0,,,,,,,,,,,,,,,,,,,,,,,
73,,,,,,,,,,,,,,r.-5.1.0,,,,r.-5.1.0,r.-5.1.0,r.-5.1.0,r.-5.1.0,r.-5.1.0,r.-5.1.0,r.-5.1.0,r.-5.1.0,r.-5.1.0,r.-5.1.0,,,,,,,,,,,,r.-5.1.0,,,,,,,,,,,,,,,,,,,,,,,,,,,,,r.-5.1.0,,,,,,,,,,,,,,,,,,,,,,,,r.-5.1.0,,,,,,,,,,,,,,,,,,,,,,,
74,,,,,,,,,,,,,,r.-10.2.6/r.-6.0.6,,,,p.64,p.65,p.66,p.67,p.68,p.69,p.70,p.71,p.72,p.73,,,,,,,,,,,,r.-10.2.6/r.-6.0.6,,,,,,,,,,,,,,,,,,,,,,,,,,,,,r.-10.2.6/r.-6.0.6,,,,,,,,,,,,,,,,,,,,,,,,r.-10.2.6/r.-6.0.6,,,,,,,,p.75,p.76,,,,,,,,,,,,,,
75,,,,,,,,,,,,,,r.-6.1.6/r.-6.0.6,,,,p.64,p.65,p.66,p.67,p.68,p.69,p.70,p.71,p.72,p.73,,,,,,,,,,,,r.-6.0.6/r.-6.1.6,,,,,,,,,,,,,,,,,,,,,,,,,,,,,r.-6.1.6/r.-6.0.6,,,,,,,,,,,,,,,,,,,,,,,,r.-6.1.6/r.-6.0.6,,,,,,,,p.75,p.77,,,,,,,,,,,,,,
76,,,,,,,,,,,,,,r.-10.3.0,,,,,,,,,,,,,,,,,,,,,,,,,r.-10.3.0,,,,,,,,,,,,,,,,,,,,,,,,,,,,,r.-10.3.0,,,,,,,,,,,,,,,,,,,,,,,,r.-10.3.0,,,,,,,,,,,,,,,,,,,,,,,
77,,,,,,,,,,,,,,r.-6.2.0,,,,,,,,,,,,,,,,,,,,,,,,,r.-6.2.0,,,,,,,,,,,,,,,,,,,,,,,,,,,,,r.-6.2.0,,,,,,,,,,,,,,,,,,,,,,,,r.-6.2.0,,,,,,,,,,,,,,,,,,,,,,,
78,,,,,,,,,,,,,,r.-6.1.6/r.-6.0.6,,r.-6.1.6/r.-6.0.6,,p.14,p.15,p.16,p.17,p.18,p.19,p.20,p.21,p.22,p.23,,,,,,,,,,,,r.-6.0.6/r.-6.1.6,,,,,,,,,,,,,,,,,,,,,,,,,,,,,r.-6.0.6/r.-6.1.6,,,,,,,,,,,,,,,,,,,,,,,,r.-6.1.6/r.-6.0.6,,,,,,,,p.78,p.80,,,,,,,,,,,,,,
79,,,,,,,,,,,,,,r.-11.2.0,,r.-11.2.0,,,,,,,,,,,,,,,,,,,,,,,r.-11.2.0,,,,,,,,,,,,,,,,,,,,,,,,,,,,,r.-11.2.0,,,,,,,,,,,,,,,,,,,,,,,,r.-11.2.0,,,,,,,,,,,,,,,,,,,,,,,
80,,,,,,,,,,,,,,r.-6.2.0,,r.-6.2.0,,,,,,,,,,,,,,,,,,,,,,,r.-6.2.0,,,,,,,,,,,,,,,,,,,,,,,,,,,,,r.-6.2.0,,,,,,,,,,,,,,,,,,,,,,,,r.-6.2.0,,,,,,,,,,,,,,,,,,,,,,,
81,r.-3.1.0,r.-3.1.0,r.-3.1.0,r.-3.1.0,r.-3.1.0,r.-3.1.0,r.-3.1.0,r.-3.1.0,r.-3.1.0,r.-3.1.0,r.-3.1.0,r.-3.1.0,r.-3.1.0,r.-3.1.0,r.-3.1.0,r.-3.1.0,r.-3.1.0,r.-3.1.0,r.-3.1.0,r.-3.1.0,r.-3.1.0,r.-3.1.0,r.-3.1.0,r.-3.1.0,r.-3.1.0,r.-3.1.0,r.-3.1.0,r.-3.1.0,r.-3.1.0,r.-3.1.0,r.-3.1.0,r.-3.1.0,r.-3.1.0,r.-3.1.0,r.-3.1.0,r.-3.1.0,r.-3.1.0,r.-3.1.0,r.-3.1.0,r.-3.1.0,r.-3.1.0,r.-3.1.0,r.-3.1.0,r.-3.1.0,r.-3.1.0,r.-3.1.0,r.-3.1.0,r.-3.1.0,r.-3.1.0,r.-3.1.0,r.-3.1.0,r.-3.1.0,r.-3.1.0,r.-3.1.0,r.-3.1.0,r.-3.1.0,r.-3.1.0,r.-3.1.0,r.-3.1.0,r.-3.1.0,r.-3.1.0,r.-3.1.0,r.-3.1.0,r.-3.1.0,r.-3.1.0,r.-3.1.0,r.-3.1.0,r.-3.1.0,r.-3.1.0,r.-3.1.0,r.-3.1.0,r.-3.1.0,r.-3.1.0,r.-3.1.0,r.-3.1.0,r.-3.1.0,r.-3.1.0,r.-3.1.0,r.-3.1.0,r.-3.1.0,r.-3.1.0,r.-3.1.0,r.-3.1.0,r.-3.1.0,r.-3.1.0,r.-3.1.0,r.-3.1.0,r.-3.1.0,r.-3.1.0,r.-3.1.0,r.-3.1.0,r.-3.1.0,r.-3.1.0,r.-3.1.0,,,,,,,,,,,,,,,,,,,,,
82,r.-3.1.0,r.-3.1.0,r.-3.1.0,r.-3.1.0,r.-3.1.0,r.-3.1.0,r.-3.1.0,r.-3.1.0,r.-3.1.0,r.-3.1.0,r.-3.1.0,r.-3.1.0,r.-3.1.0,r.-3.1.0,r.-3.1.0,r.-3.1.0,r.-3.1.0,r.-3.1.0,r.-3.1.0,r.-3.1.0,r.-3.1.0,r.-3.1.0,r.-3.1.0,r.-3.1.0,r.-3.1.0,r.-3.1.0,r.-3.1.0,r.-3.1.0,r.-3.1.0,r.-3.1.0,r.-3.1.0,r.-3.1.0,r.-3.1.0,r.-3.1.0,r.-3.1.0,r.-3.1.0,r.-3.1.0,r.-3.1.0,r.-3.1.0,r.-3.1.0,r.-3.1.0,r.-3.1.0,r.-3.1.0,r.-3.1.0,r.-3.1.0,r.-3.1.0,r.-3.1.0,r.-3.1.0,r.-3.1.0,r.-3.1.0,r.-3.1.0,r.-3.1.0,r.-3.1.0,r.-3.1.0,r.-3.1.0,r.-3.1.0,r.-3.1.0,r.-3.1.0,r.-3.1.0,r.-3.1.0,r.-3.1.0,r.-3.1.0,r.-3.1.0,r.-3.1.0,r.-3.1.0,r.-3.1.0,r.-3.1.0,r.-3.1.0,r.-3.1.0,r.-3.1.0,r.-3.1.0,r.-3.1.0,r.-3.1.0,r.-3.1.0,r.-3.1.0,r.-3.1.0,r.-3.1.0,r.-3.1.0,r.-3.1.0,r.-3.1.0,r.-3.1.0,r.-3.1.0,r.-3.1.0,r.-3.1.0,r.-3.1.0,r.-3.1.0,r.-3.1.0,r.-3.1.0,r.-3.1.0,r.-3.1.0,r.-3.1.0,r.-3.1.0,r.-3.1.0,r.-3.1.0,,,,,,,,,,,,,,,,,,,,,
83,r.-3.1.0,r.-3.1.0,r.-3.1.0,r.-3.1.0,r.-3.1.0,r.-3.1.0,r.-3.1.0,r.-3.1.0,r.-3.1.0,r.-3.1.0,r.-3.1.0,r.-3.1.0,r.-3.1.0,r.-3.1.0,r.-3.1.0,r.-3.1.0,r.-3.1.0,r.-3.1.0,r.-3.1.0,r.-3.1.0,r.-3.1.0,r.-3.1.0,r.-3.1.0,r.-3.1.0,r.-3.1.0,r.-3.1.0,r.-3.1.0,r.-3.1.0,r.-3.1.0,r.-3.1.0,r.-3.1.0,r.-3.1.0,r.-3.1.0,r.-3.1.0,r.-3.1.0,r.-3.1.0,r.-3.1.0,r.-3.1.0,r.-3.1.0,r.-3.1.0,r.-3.1.0,r.-3.1.0,r.-3.1.0,r.-3.1.0,r.-3.1.0,r.-3.1.0,r.-3.1.0,r.-3.1.0,r.-3.1.0,r.-3.1.0,r.-3.1.0,r.-3.1.0,r.-3.1.0,r.-3.1.0,r.-3.1.0,r.-3.1.0,r.-3.1.0,r.-3.1.0,r.-3.1.0,r.-3.1.0,r.-3.1.0,r.-3.1.0,r.-3.1.0,r.-3.1.0,r.-3.1.0,r.-3.1.0,r.-3.1.0,r.-3.1.0,r.-3.1.0,r.-3.1.0,r.-3.1.0,r.-3.1.0,r.-3.1.0,r.-3.1.0,r.-3.1.0,r.-3.1.0,r.-3.1.0,r.-3.1.0,r.-3.1.0,r.-3.1.0,r.-3.1.0,r.-3.1.0,r.-3.1.0,r.-3.1.0,r.-3.1.0,r.-3.1.0,r.-3.1.0,r.-3.1.0,r.-3.1.0,r.-3.1.0,r.-3.1.0,r.-3.1.0,r.-3.1.0,r.-3.1.0,,,,,,,,,,,,,,,,,,,,,
84,r.-3.1.0,r.-3.1.0,r.-3.1.0,r.-3.1.0,r.-3.1.0,r.-3.1.0,r.-3.1.0,r.-3.1.0,r.-3.1.0,r.-3.1.0,r.-3.1.0,r.-3.1.0,r.-3.1.0,r.-3.1.0,r.-3.1.0,r.-3.1.0,r.-3.1.0,r.-3.1.0,r.-3.1.0,r.-3.1.0,r.-3.1.0,r.-3.1.0,r.-3.1.0,r.-3.1.0,r.-3.1.0,r.-3.1.0,r.-3.1.0,r.-3.1.0,r.-3.1.0,r.-3.1.0,r.-3.1.0,r.-3.1.0,r.-3.1.0,r.-3.1.0,r.-3.1.0,r.-3.1.0,r.-3.1.0,r.-3.1.0,r.-3.1.0,r.-3.1.0,r.-3.1.0,r.-3.1.0,r.-3.1.0,r.-3.1.0,r.-3.1.0,r.-3.1.0,r.-3.1.0,r.-3.1.0,r.-3.1.0,r.-3.1.0,r.-3.1.0,r.-3.1.0,r.-3.1.0,r.-3.1.0,r.-3.1.0,r.-3.1.0,r.-3.1.0,r.-3.1.0,r.-3.1.0,r.-3.1.0,r.-3.1.0,r.-3.1.0,r.-3.1.0,r.-3.1.0,r.-3.1.0,r.-3.1.0,r.-3.1.0,r.-3.1.0,r.-3.1.0,r.-3.1.0,r.-3.1.0,r.-3.1.0,r.-3.1.0,r.-3.1.0,r.-3.1.0,r.-3.1.0,r.-3.1.0,r.-3.1.0,r.-3.1.0,r.-3.1.0,r.-3.1.0,r.-3.1.0,r.-3.1.0,r.-3.1.0,r.-3.1.0,r.-3.1.0,r.-3.1.0,r.-3.1.0,r.-3.1.0,r.-3.1.0,r.-3.1.0,r.-3.1.0,r.-3.1.0,r.-3.1.0,,,,,,,,,,,,,,,,,,,,,
85,r.-3.1.0,r.-3.1.0,r.-3.1.0,r.-3.1.0,r.-3.1.0,r.-3.1.0,r.-3.1.0,r.-3.1.0,r.-3.1.0,r.-3.1.0,r.-3.1.0,r.-3.1.0,r.-3.1.0,r.-3.1.0,r.-3.1.0,r.-3.1.0,r.-3.1.0,r.-3.1.0,r.-3.1.0,r.-3.1.0,r.-3.1.0,r.-3.1.0,r.-3.1.0,r.-3.1.0,r.-3.1.0,r.-3.1.0,r.-3.1.0,r.-3.1.0,r.-3.1.0,r.-3.1.0,r.-3.1.0,r.-3.1.0,r.-3.1.0,r.-3.1.0,r.-3.1.0,r.-3.1.0,r.-3.1.0,r.-3.1.0,r.-3.1.0,r.-3.1.0,r.-3.1.0,r.-3.1.0,r.-3.1.0,r.-3.1.0,r.-3.1.0,r.-3.1.0,r.-3.1.0,r.-3.1.0,r.-3.1.0,r.-3.1.0,r.-3.1.0,r.-3.1.0,r.-3.1.0,r.-3.1.0,r.-3.1.0,r.-3.1.0,r.-3.1.0,r.-3.1.0,r.-3.1.0,r.-3.1.0,r.-3.1.0,r.-3.1.0,r.-3.1.0,r.-3.1.0,r.-3.1.0,r.-3.1.0,r.-3.1.0,r.-3.1.0,r.-3.1.0,r.-3.1.0,r.-3.1.0,r.-3.1.0,r.-3.1.0,r.-3.1.0,r.-3.1.0,r.-3.1.0,r.-3.1.0,r.-3.1.0,r.-3.1.0,r.-3.1.0,r.-3.1.0,r.-3.1.0,r.-3.1.0,r.-3.1.0,r.-3.1.0,r.-3.1.0,r.-3.1.0,r.-3.1.0,r.-3.1.0,r.-3.1.0,r.-3.1.0,r.-3.1.0,r.-3.1.0,r.-3.1.0,,,,,,,,,,,,,,,,,,,,,
86,r.-3.1.0,r.-3.1.0,r.-3.1.0,r.-3.1.0,r.-3.1.0,r.-3.1.0,r.-3.1.0,r.-3.1.0,r.-3.1.0,r.-3.1.0,r.-3.1.0,r.-3.1.0,r.-3.1.0,r.-3.1.0,r.-3.1.0,r.-3.1.0,r.-3.1.0,r.-3.1.0,r.-3.1.0,r.-3.1.0,r.-3.1.0,r.-3.1.0,r.-3.1.0,r.-3.1.0,r.-3.1.0,r.-3.1.0,r.-3.1.0,r.-3.1.0,r.-3.1.0,r.-3.1.0,r.-3.1.0,r.-3.1.0,r.-3.1.0,r.-3.1.0,r.-3.1.0,r.-3.1.0,r.-3.1.0,r.-3.1.0,r.-3.1.0,r.-3.1.0,r.-3.1.0,r.-3.1.0,r.-3.1.0,r.-3.1.0,r.-3.1.0,r.-3.1.0,r.-3.1.0,r.-3.1.0,r.-3.1.0,r.-3.1.0,r.-3.1.0,r.-3.1.0,r.-3.1.0,r.-3.1.0,r.-3.1.0,r.-3.1.0,r.-3.1.0,r.-3.1.0,r.-3.1.0,r.-3.1.0,r.-3.1.0,r.-3.1.0,r.-3.1.0,r.-3.1.0,r.-3.1.0,r.-3.1.0,r.-3.1.0,r.-3.1.0,r.-3.1.0,r.-3.1.0,r.-3.1.0,r.-3.1.0,r.-3.1.0,r.-3.1.0,r.-3.1.0,r.-3.1.0,r.-3.1.0,r.-3.1.0,r.-3.1.0,r.-3.1.0,r.-3.1.0,r.-3.1.0,r.-3.1.0,r.-3.1.0,r.-3.1.0,r.-3.1.0,r.-3.1.0,r.-3.1.0,r.-3.1.0,r.-3.1.0,r.-3.1.0,r.-3.1.0,r.-3.1.0,r.-3.1.0,,,,,,,,,,,,,,,,,,,,,
87,r.-3.1.0,r.-3.1.0,r.-3.1.0,r.-3.1.0,r.-3.1.0,r.-3.1.0,r.-3.1.0,r.-3.1.0,r.-3.1.0,r.-3.1.0,r.-3.1.0,r.-3.1.0,r.-3.1.0,r.-3.1.0,r.-3.1.0,r.-3.1.0,r.-3.1.0,r.-3.1.0,r.-3.1.0,r.-3.1.0,r.-3.1.0,r.-3.1.0,r.-3.1.0,r.-3.1.0,r.-3.1.0,r.-3.1.0,r.-3.1.0,r.-3.1.0,r.-3.1.0,r.-3.1.0,r.-3.1.0,r.-3.1.0,r.-3.1.0,r.-3.1.0,r.-3.1.0,r.-3.1.0,r.-3.1.0,r.-3.1.0,r.-3.1.0,r.-3.1.0,r.-3.1.0,r.-3.1.0,r.-3.1.0,r.-3.1.0,r.-3.1.0,r.-3.1.0,r.-3.1.0,r.-3.1.0,r.-3.1.0,r.-3.1.0,r.-3.1.0,r.-3.1.0,r.-3.1.0,r.-3.1.0,r.-3.1.0,r.-3.1.0,r.-3.1.0,r.-3.1.0,r.-3.1.0,r.-3.1.0,r.-3.1.0,r.-3.1.0,r.-3.1.0,r.-3.1.0,r.-3.1.0,r.-3.1.0,r.-3.1.0,r.-3.1.0,r.-3.1.0,r.-3.1.0,r.-3.1.0,r.-3.1.0,r.-3.1.0,r.-3.1.0,r.-3.1.0,r.-3.1.0,r.-3.1.0,r.-3.1.0,r.-3.1.0,r.-3.1.0,r.-3.1.0,r.-3.1.0,r.-3.1.0,r.-3.1.0,r.-3.1.0,r.-3.1.0,r.-3.1.0,r.-3.1.0,r.-3.1.0,r.-3.1.0,r.-3.1.0,r.-3.1.0,r.-3.1.0,r.-3.1.0,,,,,,,,,,,,,,,,,,,,,
88,r.-3.1.0,r.-3.1.0,r.-3.1.0,r.-3.1.0,r.-3.1.0,r.-3.1.0,r.-3.1.0,r.-3.1.0,r.-3.1.0,r.-3.1.0,r.-3.1.0,r.-3.1.0,r.-3.1.0,r.-3.1.0,r.-3.1.0,r.-3.1.0,r.-3.1.0,r.-3.1.0,r.-3.1.0,r.-3.1.0,r.-3.1.0,r.-3.1.0,r.-3.1.0,r.-3.1.0,r.-3.1.0,r.-3.1.0,r.-3.1.0,r.-3.1.0,r.-3.1.0,r.-3.1.0,r.-3.1.0,r.-3.1.0,r.-3.1.0,r.-3.1.0,r.-3.1.0,r.-3.1.0,r.-3.1.0,r.-3.1.0,r.-3.1.0,r.-3.1.0,r.-3.1.0,r.-3.1.0,r.-3.1.0,r.-3.1.0,r.-3.1.0,r.-3.1.0,r.-3.1.0,r.-3.1.0,r.-3.1.0,r.-3.1.0,r.-3.1.0,r.-3.1.0,r.-3.1.0,r.-3.1.0,r.-3.1.0,r.-3.1.0,r.-3.1.0,r.-3.1.0,r.-3.1.0,r.-3.1.0,r.-3.1.0,r.-3.1.0,r.-3.1.0,r.-3.1.0,r.-3.1.0,r.-3.1.0,r.-3.1.0,r.-3.1.0,r.-3.1.0,r.-3.1.0,r.-3.1.0,r.-3.1.0,r.-3.1.0,r.-3.1.0,r.-3.1.0,r.-3.1.0,r.-3.1.0,r.-3.1.0,r.-3.1.0,r.-3.1.0,r.-3.1.0,r.-3.1.0,r.-3.1.0,r.-3.1.0,r.-3.1.0,r.-3.1.0,r.-3.1.0,r.-3.1.0,r.-3.1.0,r.-3.1.0,r.-3.1.0,r.-3.1.0,r.-3.1.0,r.-3.1.0,,,,,,,,,,,,,,,,,,,,,
89,r.-3.1.0,r.-3.1.0,r.-3.1.0,r.-3.1.0,r.-3.1.0,r.-3.1.0,r.-3.1.0,r.-3.1.0,r.-3.1.0,r.-3.1.0,r.-3.1.0,r.-3.1.0,r.-3.1.0,r.-3.1.0,r.-3.1.0,r.-3.1.0,r.-3.1.0,r.-3.1.0,r.-3.1.0,r.-3.1.0,r.-3.1.0,r.-3.1.0,r.-3.1.0,r.-3.1.0,r.-3.1.0,r.-3.1.0,r.-3.1.0,r.-3.1.0,r.-3.1.0,r.-3.1.0,r.-3.1.0,r.-3.1.0,r.-3.1.0,r.-3.1.0,r.-3.1.0,r.-3.1.0,r.-3.1.0,r.-3.1.0,r.-3.1.0,r.-3.1.0,r.-3.1.0,r.-3.1.0,r.-3.1.0,r.-3.1.0,r.-3.1.0,r.-3.1.0,r.-3.1.0,r.-3.1.0,r.-3.1.0,r.-3.1.0,r.-3.1.0,r.-3.1.0,r.-3.1.0,r.-3.1.0,r.-3.1.0,r.-3.1.0,r.-3.1.0,r.-3.1.0,r.-3.1.0,r.-3.1.0,r.-3.1.0,r.-3.1.0,r.-3.1.0,r.-3.1.0,r.-3.1.0,r.-3.1.0,r.-3.1.0,r.-3.1.0,r.-3.1.0,r.-3.1.0,r.-3.1.0,r.-3.1.0,r.-3.1.0,r.-3.1.0,r.-3.1.0,r.-3.1.0,r.-3.1.0,r.-3.1.0,r.-3.1.0,r.-3.1.0,r.-3.1.0,r.-3.1.0,r.-3.1.0,r.-3.1.0,r.-3.1.0,r.-3.1.0,r.-3.1.0,r.-3.1.0,r.-3.1.0,r.-3.1.0,r.-3.1.0,r.-3.1.0,r.-3.1.0,r.-3.1.0,,,,,,,,,,,,,,,,,,,,,
90,r.-3.1.0,r.-3.1.0,r.-3.1.0,r.-3.1.0,r.-3.1.0,r.-3.1.0,r.-3.1.0,r.-3.1.0,r.-3.1.0,r.-3.1.0,r.-3.1.0,r.-3.1.0,r.-3.1.0,r.-3.1.0,r.-3.1.0,r.-3.1.0,r.-3.1.0,r.-3.1.0,r.-3.1.0,r.-3.1.0,r.-3.1.0,r.-3.1.0,r.-3.1.0,r.-3.1.0,r.-3.1.0,r.-3.1.0,r.-3.1.0,r.-3.1.0,r.-3.1.0,r.-3.1.0,r.-3.1.0,r.-3.1.0,r.-3.1.0,r.-3.1.0,r.-3.1.0,r.-3.1.0,r.-3.1.0,r.-3.1.0,r.-3.1.0,r.-3.1.0,r.-3.1.0,r.-3.1.0,r.-3.1.0,r.-3.1.0,r.-3.1.0,r.-3.1.0,r.-3.1.0,r.-3.1.0,r.-3.1.0,r.-3.1.0,r.-3.1.0,r.-3.1.0,r.-3.1.0,r.-3.1.0,r.-3.1.0,r.-3.1.0,r.-3.1.0,r.-3.1.0,r.-3.1.0,r.-3.1.0,r.-3.1.0,r.-3.1.0,r.-3.1.0,r.-3.1.0,r.-3.1.0,r.-3.1.0,r.-3.1.0,r.-3.1.0,r.-3.1.0,r.-3.1.0,r.-3.1.0,r.-3.1.0,r.-3.1.0,r.-3.1.0,r.-3.1.0,r.-3.1.0,r.-3.1.0,r.-3.1.0,r.-3.1.0,r.-3.1.0,r.-3.1.0,r.-3.1.0,r.-3.1.0,r.-3.1.0,r.-3.1.0,r.-3.1.0,r.-3.1.0,r.-3.1.0,r.-3.1.0,r.-3.1.0,r.-3.1.0,r.-3.1.0,r.-3.1.0,r.-3.1.0,,,,,,,,,,,,,,,,,,,,,
91,r.-3.1.0,r.-3.1.0,r.-3.1.0,r.-3.1.0,r.-3.1.0,r.-3.1.0,r.-3.1.0,r.-3.1.0,r.-3.1.0,r.-3.1.0,r.-3.1.0,r.-3.1.0,r.-3.1.0,r.-3.1.0,r.-3.1.0,r.-3.1.0,r.-3.1.0,r.-3.1.0,r.-3.1.0,r.-3.1.0,r.-3.1.0,r.-3.1.0,r.-3.1.0,r.-3.1.0,r.-3.1.0,r.-3.1.0,r.-3.1.0,r.-3.1.0,r.-3.1.0,r.-3.1.0,r.-3.1.0,r.-3.1.0,r.-3.1.0,r.-3.1.0,r.-3.1.0,r.-3.1.0,r.-3.1.0,r.-3.1.0,r.-3.1.0,r.-3.1.0,r.-3.1.0,r.-3.1.0,r.-3.1.0,r.-3.1.0,r.-3.1.0,r.-3.1.0,r.-3.1.0,r.-3.1.0,r.-3.1.0,r.-3.1.0,r.-3.1.0,r.-3.1.0,r.-3.1.0,r.-3.1.0,r.-3.1.0,r.-3.1.0,r.-3.1.0,r.-3.1.0,r.-3.1.0,r.-3.1.0,r.-3.1.0,r.-3.1.0,r.-3.1.0,r.-3.1.0,r.-3.1.0,r.-3.1.0,r.-3.1.0,r.-3.1.0,r.-3.1.0,r.-3.1.0,r.-3.1.0,r.-3.1.0,r.-3.1.0,r.-3.1.0,r.-3.1.0,r.-3.1.0,r.-3.1.0,r.-3.1.0,r.-3.1.0,r.-3.1.0,r.-3.1.0,r.-3.1.0,r.-3.1.0,r.-3.1.0,r.-3.1.0,r.-3.1.0,r.-3.1.0,r.-3.1.0,r.-3.1.0,r.-3.1.0,r.-3.1.0,r.-3.1.0,r.-3.1.0,r.-3.1.0,,,,,,,,,,,,,,,,,,,,,
92,r.-3.1.0,r.-3.1.0,r.-3.1.0,r.-3.1.0,r.-3.1.0,r.-3.1.0,r.-3.1.0,r.-3.1.0,r.-3.1.0,r.-3.1.0,r.-3.1.0,r.-3.1.0,r.-3.1.0,r.-3.1.0,r.-3.1.0,r.-3.1.0,r.-3.1.0,r.-3.1.0,r.-3.1.0,r.-3.1.0,r.-3.1.0,r.-3.1.0,r.-3.1.0,r.-3.1.0,r.-3.1.0,r.-3.1.0,r.-3.1.0,r.-3.1.0,r.-3.1.0,r.-3.1.0,r.-3.1.0,r.-3.1.0,r.-3.1.0,r.-3.1.0,r.-3.1.0,r.-3.1.0,r.-3.1.0,r.-3.1.0,r.-3.1.0,r.-3.1.0,r.-3.1.0,r.-3.1.0,r.-3.1.0,r.-3.1.0,r.-3.1.0,r.-3.1.0,r.-3.1.0,r.-3.1.0,r.-3.1.0,r.-3.1.0,r.-3.1.0,r.-3.1.0,r.-3.1.0,r.-3.1.0,r.-3.1.0,r.-3.1.0,r.-3.1.0,r.-3.1.0,r.-3.1.0,r.-3.1.0,r.-3.1.0,r.-3.1.0,r.-3.1.0,r.-3.1.0,r.-3.1.0,r.-3.1.0,r.-3.1.0,r.-3.1.0,r.-3.1.0,r.-3.1.0,r.-3.1.0,r.-3.1.0,r.-3.1.0,r.-3.1.0,r.-3.1.0,r.-3.1.0,r.-3.1.0,r.-3.1.0,r.-3.1.0,r.-3.1.0,r.-3.1.0,r.-3.1.0,r.-3.1.0,r.-3.1.0,r.-3.1.0,r.-3.1.0,r.-3.1.0,r.-3.1.0,r.-3.1.0,r.-3.1.0,r.-3.1.0,r.-3.1.0,r.-3.1.0,r.-3.1.0,,,,,,,,,,,,,,,,,,,,,
93,r.-3.1.0,r.-3.1.0,r.-3.1.0,r.-3.1.0,r.-3.1.0,r.-3.1.0,r.-3.1.0,r.-3.1.0,r.-3.1.0,r.-3.1.0,r.-3.1.0,r.-3.1.0,r.-3.1.0,r.-3.1.0,r.-3.1.0,r.-3.1.0,r.-3.1.0,r.-3.1.0,r.-3.1.0,r.-3.1.0,r.-3.1.0,r.-3.1.0,r.-3.1.0,r.-3.1.0,r.-3.1.0,r.-3.1.0,r.-3.1.0,r.-3.1.0,r.-3.1.0,r.-3.1.0,r.-3.1.0,r.-3.1.0,r.-3.1.0,r.-3.1.0,r.-3.1.0,r.-3.1.0,r.-3.1.0,r.-3.1.0,r.-3.1.0,r.-3.1.0,r.-3.1.0,r.-3.1.0,r.-3.1.0,r.-3.1.0,r.-3.1.0,r.-3.1.0,r.-3.1.0,r.-3.1.0,r.-3.1.0,r.-3.1.0,r.-3.1.0,r.-3.1.0,r.-3.1.0,r.-3.1.0,r.-3.1.0,r.-3.1.0,r.-3.1.0,r.-3.1.0,r.-3.1.0,r.-3.1.0,r.-3.1.0,r.-3.1.0,r.-3.1.0,r.-3.1.0,r.-3.1.0,r.-3.1.0,r.-3.1.0,r.-3.1.0,r.-3.1.0,r.-3.1.0,r.-3.1.0,r.-3.1.0,r.-3.1.0,r.-3.1.0,r.-3.1.0,r.-3.1.0,r.-3.1.0,r.-3.1.0,r.-3.1.0,r.-3.1.0,r.-3.1.0,r.-3.1.0,r.-3.1.0,r.-3.1.0,r.-3.1.0,r.-3.1.0,r.-3.1.0,r.-3.1.0,r.-3.1.0,r.-3.1.0,r.-3.1.0,r.-3.1.0,r.-3.1.0,r.-3.1.0,,,,,,,,,,,,,,,,,,,,,
94,r.-3.1.0,r.-3.1.0,r.-3.1.0,r.-3.1.0,r.-3.1.0,r.-3.1.0,r.-3.1.0,r.-3.1.0,r.-3.1.0,r.-3.1.0,r.-3.1.0,r.-3.1.0,r.-3.1.0,r.-3.1.0,r.-3.1.0,r.-3.1.0,r.-3.1.0,r.-3.1.0,r.-3.1.0,r.-3.1.0,r.-3.1.0,r.-3.1.0,r.-3.1.0,r.-3.1.0,r.-3.1.0,r.-3.1.0,r.-3.1.0,r.-3.1.0,r.-3.1.0,r.-3.1.0,r.-3.1.0,r.-3.1.0,r.-3.1.0,r.-3.1.0,r.-3.1.0,r.-3.1.0,r.-3.1.0,r.-3.1.0,r.-3.1.0,r.-3.1.0,r.-3.1.0,r.-3.1.0,r.-3.1.0,r.-3.1.0,r.-3.1.0,r.-3.1.0,r.-3.1.0,r.-3.1.0,r.-3.1.0,r.-3.1.0,r.-3.1.0,r.-3.1.0,r.-3.1.0,r.-3.1.0,r.-3.1.0,r.-3.1.0,r.-3.1.0,r.-3.1.0,r.-3.1.0,r.-3.1.0,r.-3.1.0,r.-3.1.0,r.-3.1.0,r.-3.1.0,r.-3.1.0,r.-3.1.0,r.-3.1.0,r.-3.1.0,r.-3.1.0,r.-3.1.0,r.-3.1.0,r.-3.1.0,r.-3.1.0,r.-3.1.0,r.-3.1.0,r.-3.1.0,r.-3.1.0,r.-3.1.0,r.-3.1.0,r.-3.1.0,r.-3.1.0,r.-3.1.0,r.-3.1.0,r.-3.1.0,r.-3.1.0,r.-3.1.0,r.-3.1.0,r.-3.1.0,r.-3.1.0,r.-3.1.0,r.-3.1.0,r.-3.1.0,r.-3.1.0,r.-3.1.0,,,,,,,,,,,,,,,,,,,,,
95,r.-3.1.0,r.-3.1.0,r.-3.1.0,r.-3.1.0,r.-3.1.0,r.-3.1.0,r.-3.1.0,r.-3.1.0,r.-3.1.0,r.-3.1.0,r.-3.1.0,r.-3.1.0,r.-3.1.0,r.-3.1.0,r.-3.1.0,r.-3.1.0,r.-3.1.0,r.-3.1.0,r.-3.1.0,r.-3.1.0,r.-3.1.0,r.-3.1.0,r.-3.1.0,r.-3.1.0,r.-3.1.0,r.-3.1.0,r.-3.1.0,r.-3.1.0,r.-3.1.0,r.-3.1.0,r.-3.1.0,r.-3.1.0,r.-3.1.0,r.-3.1.0,r.-3.1.0,r.-3.1.0,r.-3.1.0,r.-3.1.0,r.-3.1.0,r.-3.1.0,r.-3.1.0,r.-3.1.0,r.-3.1.0,r.-3.1.0,r.-3.1.0,r.-3.1.0,r.-3.1.0,r.-3.1.0,r.-3.1.0,r.-3.1.0,r.-3.1.0,r.-3.1.0,r.-3.1.0,r.-3.1.0,r.-3.1.0,r.-3.1.0,r.-3.1.0,r.-3.1.0,r.-3.1.0,r.-3.1.0,r.-3.1.0,r.-3.1.0,r.-3.1.0,r.-3.1.0,r.-3.1.0,r.-3.1.0,r.-3.1.0,r.-3.1.0,r.-3.1.0,r.-3.1.0,r.-3.1.0,r.-3.1.0,r.-3.1.0,r.-3.1.0,r.-3.1.0,r.-3.1.0,r.-3.1.0,r.-3.1.0,r.-3.1.0,r.-3.1.0,r.-3.1.0,r.-3.1.0,r.-3.1.0,r.-3.1.0,r.-3.1.0,r.-3.1.0,r.-3.1.0,r.-3.1.0,r.-3.1.0,r.-3.1.0,r.-3.1.0,r.-3.1.0,r.-3.1.0,r.-3.1.0,,,,,,,,,,,,,,,,,,,,,
96,r.-3.1.0,r.-3.1.0,r.-3.1.0,r.-3.1.0,r.-3.1.0,r.-3.1.0,r.-3.1.0,r.-3.1.0,r.-3.1.0,r.-3.1.0,r.-3.1.0,r.-3.1.0,r.-3.1.0,r.-3.1.0,r.-3.1.0,r.-3.1.0,r.-3.1.0,r.-3.1.0,r.-3.1.0,r.-3.1.0,r.-3.1.0,r.-3.1.0,r.-3.1.0,r.-3.1.0,r.-3.1.0,r.-3.1.0,r.-3.1.0,r.-3.1.0,r.-3.1.0,r.-3.1.0,r.-3.1.0,r.-3.1.0,r.-3.1.0,r.-3.1.0,r.-3.1.0,r.-3.1.0,r.-3.1.0,r.-3.1.0,r.-3.1.0,r.-3.1.0,r.-3.1.0,r.-3.1.0,r.-3.1.0,r.-3.1.0,r.-3.1.0,r.-3.1.0,r.-3.1.0,r.-3.1.0,r.-3.1.0,r.-3.1.0,r.-3.1.0,r.-3.1.0,r.-3.1.0,r.-3.1.0,r.-3.1.0,r.-3.1.0,r.-3.1.0,r.-3.1.0,r.-3.1.0,r.-3.1.0,r.-3.1.0,r.-3.1.0,r.-3.1.0,r.-3.1.0,r.-3.1.0,r.-3.1.0,r.-3.1.0,r.-3.1.0,r.-3.1.0,r.-3.1.0,r.-3.1.0,r.-3.1.0,r.-3.1.0,r.-3.1.0,r.-3.1.0,r.-3.1.0,r.-3.1.0,r.-3.1.0,r.-3.1.0,r.-3.1.0,r.-3.1.0,r.-3.1.0,r.-3.1.0,r.-3.1.0,r.-3.1.0,r.-3.1.0,r.-3.1.0,r.-3.1.0,r.-3.1.0,r.-3.1.0,r.-3.1.0,r.-3.1.0,r.-3.1.0,r.-3.1.0,,,,,,,,,,,,,,,,,,,,,
97,r.-3.1.0,r.-3.1.0,r.-3.1.0,r.-3.1.0,r.-3.1.0,r.-3.1.0,r.-3.1.0,r.-3.1.0,r.-3.1.0,r.-3.1.0,r.-3.1.0,r.-3.1.0,r.-3.1.0,r.-3.1.0,r.-3.1.0,r.-3.1.0,r.-3.1.0,r.-3.1.0,r.-3.1.0,r.-3.1.0,r.-3.1.0,r.-3.1.0,r.-3.1.0,r.-3.1.0,r.-3.1.0,r.-3.1.0,r.-3.1.0,r.-3.1.0,r.-3.1.0,r.-3.1.0,r.-3.1.0,r.-3.1.0,r.-3.1.0,r.-3.1.0,r.-3.1.0,r.-3.1.0,r.-3.1.0,r.-3.1.0,r.-3.1.0,r.-3.1.0,r.-3.1.0,r.-3.1.0,r.-3.1.0,r.-3.1.0,r.-3.1.0,r.-3.1.0,r.-3.1.0,r.-3.1.0,r.-3.1.0,r.-3.1.0,r.-3.1.0,r.-3.1.0,r.-3.1.0,r.-3.1.0,r.-3.1.0,r.-3.1.0,r.-3.1.0,r.-3.1.0,r.-3.1.0,r.-3.1.0,r.-3.1.0,r.-3.1.0,r.-3.1.0,r.-3.1.0,r.-3.1.0,r.-3.1.0,r.-3.1.0,r.-3.1.0,r.-3.1.0,r.-3.1.0,r.-3.1.0,r.-3.1.0,r.-3.1.0,r.-3.1.0,r.-3.1.0,r.-3.1.0,r.-3.1.0,r.-3.1.0,r.-3.1.0,r.-3.1.0,r.-3.1.0,r.-3.1.0,r.-3.1.0,r.-3.1.0,r.-3.1.0,r.-3.1.0,r.-3.1.0,r.-3.1.0,r.-3.1.0,r.-3.1.0,r.-3.1.0,r.-3.1.0,r.-3.1.0,r.-3.1.0,,,,,,,,,,,,,,,,,,,,,
98,r.-3.1.0,r.-3.1.0,r.-3.1.0,r.-3.1.0,r.-3.1.0,r.-3.1.0,r.-3.1.0,r.-3.1.0,r.-3.1.0,r.-3.1.0,r.-3.1.0,r.-3.1.0,r.-3.1.0,r.-3.1.0,r.-3.1.0,r.-3.1.0,r.-3.1.0,r.-3.1.0,r.-3.1.0,r.-3.1.0,r.-3.1.0,r.-3.1.0,r.-3.1.0,r.-3.1.0,r.-3.1.0,r.-3.1.0,r.-3.1.0,r.-3.1.0,r.-3.1.0,r.-3.1.0,r.-3.1.0,r.-3.1.0,r.-3.1.0,r.-3.1.0,r.-3.1.0,r.-3.1.0,r.-3.1.0,r.-3.1.0,r.-3.1.0,r.-3.1.0,r.-3.1.0,r.-3.1.0,r.-3.1.0,r.-3.1.0,r.-3.1.0,r.-3.1.0,r.-3.1.0,r.-3.1.0,r.-3.1.0,r.-3.1.0,r.-3.1.0,r.-3.1.0,r.-3.1.0,r.-3.1.0,r.-3.1.0,r.-3.1.0,r.-3.1.0,r.-3.1.0,r.-3.1.0,r.-3.1.0,r.-3.1.0,r.-3.1.0,r.-3.1.0,r.-3.1.0,r.-3.1.0,r.-3.1.0,r.-3.1.0,r.-3.1.0,r.-3.1.0,r.-3.1.0,r.-3.1.0,r.-3.1.0,r.-3.1.0,r.-3.1.0,r.-3.1.0,r.-3.1.0,r.-3.1.0,r.-3.1.0,r.-3.1.0,r.-3.1.0,r.-3.1.0,r.-3.1.0,r.-3.1.0,r.-3.1.0,r.-3.1.0,r.-3.1.0,r.-3.1.0,r.-3.1.0,r.-3.1.0,r.-3.1.0,r.-3.1.0,r.-3.1.0,r.-3.1.0,r.-3.1.0,,,,,,,,,,,,,,,,,,,,,
99,r.-3.1.0,r.-3.1.0,r.-3.1.0,r.-3.1.0,r.-3.1.0,r.-3.1.0,r.-3.1.0,r.-3.1.0,r.-3.1.0,r.-3.1.0,r.-3.1.0,r.-3.1.0,r.-3.1.0,r.-3.1.0,r.-3.1.0,r.-3.1.0,r.-3.1.0,r.-3.1.0,r.-3.1.0,r.-3.1.0,r.-3.1.0,r.-3.1.0,r.-3.1.0,r.-3.1.0,r.-3.1.0,r.-3.1.0,r.-3.1.0,r.-3.1.0,r.-3.1.0,r.-3.1.0,r.-3.1.0,r.-3.1.0,r.-3.1.0,r.-3.1.0,r.-3.1.0,r.-3.1.0,r.-3.1.0,r.-3.1.0,r.-3.1.0,r.-3.1.0,r.-3.1.0,r.-3.1.0,r.-3.1.0,r.-3.1.0,r.-3.1.0,r.-3.1.0,r.-3.1.0,r.-3.1.0,r.-3.1.0,r.-3.1.0,r.-3.1.0,r.-3.1.0,r.-3.1.0,r.-3.1.0,r.-3.1.0,r.-3.1.0,r.-3.1.0,r.-3.1.0,r.-3.1.0,r.-3.1.0,r.-3.1.0,r.-3.1.0,r.-3.1.0,r.-3.1.0,r.-3.1.0,r.-3.1.0,r.-3.1.0,r.-3.1.0,r.-3.1.0,r.-3.1.0,r.-3.1.0,r.-3.1.0,r.-3.1.0,r.-3.1.0,r.-3.1.0,r.-3.1.0,r.-3.1.0,r.-3.1.0,r.-3.1.0,r.-3.1.0,r.-3.1.0,r.-3.1.0,r.-3.1.0,r.-3.1.0,r.-3.1.0,r.-3.1.0,r.-3.1.0,r.-3.1.0,r.-3.1.0,r.-3.1.0,r.-3.1.0,r.-3.1.0,r.-3.1.0,r.-3.1.0,,,,,,,,,,,,,,,,,,,,,
100,r.-3.1.0,r.-3.1.0,r.-3.1.0,r.-3.1.0,r.-3.1.0,r.-3.1.0,r.-3.1.0,r.-3.1.0,r.-3.1.0,r.-3.1.0,r.-3.1.0,r.-3.1.0,r.-3.1.0,r.-3.1.0,r.-3.1.0,r.-3.1.0,r.-3.1.0,r.-3.1.0,r.-3.1.0,r.-3.1.0,r.-3.1.0,r.-3.1.0,r.-3.1.0,r.-3.1.0,r.-3.1.0,r.-3.1.0,r.-3.1.0,r.-3.1.0,r.-3.1.0,r.-3.1.0,r.-3.1.0,r.-3.1.0,r.-3.1.0,r.-3.1.0,r.-3.1.0,r.-3.1.0,r.-3.1.0,r.-3.1.0,r.-3.1.0,r.-3.1.0,r.-3.1.0,r.-3.1.0,r.-3.1.0,r.-3.1.0,r.-3.1.0,r.-3.1.0,r.-3.1.0,r.-3.1.0,r.-3.1.0,r.-3.1.0,r.-3.1.0,r.-3.1.0,r.-3.1.0,r.-3.1.0,r.-3.1.0,r.-3.1.0,r.-3.1.0,r.-3.1.0,r.-3.1.0,r.-3.1.0,r.-3.1.0,r.-3.1.0,r.-3.1.0,r.-3.1.0,r.-3.1.0,r.-3.1.0,r.-3.1.0,r.-3.1.0,r.-3.1.0,r.-3.1.0,r.-3.1.0,r.-3.1.0,r.-3.1.0,r.-3.1.0,r.-3.1.0,r.-3.1.0,r.-3.1.0,r.-3.1.0,r.-3.1.0,r.-3.1.0,r.-3.1.0,r.-3.1.0,r.-3.1.0,r.-3.1.0,r.-3.1.0,r.-3.1.0,r.-3.1.0,r.-3.1.0,r.-3.1.0,r.-3.1.0,r.-3.1.0,r.-3.1.0,r.-3.1.0,r.-3.1.0,,,,,,,,,,,,,,,,,,,,,
101,r.-3.1.0,r.-3.1.0,r.-3.1.0,r.-3.1.0,r.-3.1.0,r.-3.1.0,r.-3.1.0,r.-3.1.0,r.-3.1.0,r.-3.1.0,r.-3.1.0,r.-3.1.0,r.-3.1.0,r.-3.1.0,r.-3.1.0,r.-3.1.0,r.-3.1.0,r.-3.1.0,r.-3.1.0,r.-3.1.0,r.-3.1.0,r.-3.1.0,r.-3.1.0,r.-3.1.0,r.-3.1.0,r.-3.1.0,r.-3.1.0,r.-3.1.0,r.-3.1.0,r.-3.1.0,r.-3.1.0,r.-3.1.0,r.-3.1.0,r.-3.1.0,r.-3.1.0,r.-3.1.0,r.-3.1.0,r.-3.1.0,r.-3.1.0,r.-3.1.0,r.-3.1.0,r.-3.1.0,r.-3.1.0,r.-3.1.0,r.-3.1.0,r.-3.1.0,r.-3.1.0,r.-3.1.0,r.-3.1.0,r.-3.1.0,r.-3.1.0,r.-3.1.0,r.-3.1.0,r.-3.1.0,r.-3.1.0,r.-3.1.0,r.-3.1.0,r.-3.1.0,r.-3.1.0,r.-3.1.0,r.-3.1.0,r.-3.1.0,r.-3.1.0,r.-3.1.0,r.-3.1.0,r.-3.1.0,r.-3.1.0,r.-3.1.0,r.-3.1.0,r.-3.1.0,r.-3.1.0,r.-3.1.0,r.-3.1.0,r.-3.1.0,r.-3.1.0,r.-3.1.0,r.-3.1.0,r.-3.1.0,r.-3.1.0,r.-3.1.0,r.-3.1.0,r.-3.1.0,r.-3.1.0,r.-3.1.0,r.-3.1.0,r.-3.1.0,r.-3.1.0,r.-3.1.0,r.-3.1.0,r.-3.1.0,r.-3.1.0,r.-3.1.0,r.-3.1.0,r.-3.1.0,,,,,,,,,,,,,,,,,,,,,
102,r.-3.1.0,r.-3.1.0,r.-3.1.0,r.-3.1.0,r.-3.1.0,r.-3.1.0,r.-3.1.0,r.-3.1.0,r.-3.1.0,r.-3.1.0,r.-3.1.0,r.-3.1.0,r.-3.1.0,r.-3.1.0,r.-3.1.0,r.-3.1.0,r.-3.1.0,r.-3.1.0,r.-3.1.0,r.-3.1.0,r.-3.1.0,r.-3.1.0,r.-3.1.0,r.-3.1.0,r.-3.1.0,r.-3.1.0,r.-3.1.0,r.-3.1.0,r.-3.1.0,r.-3.1.0,r.-3.1.0,r.-3.1.0,r.-3.1.0,r.-3.1.0,r.-3.1.0,r.-3.1.0,r.-3.1.0,r.-3.1.0,r.-3.1.0,r.-3.1.0,r.-3.1.0,r.-3.1.0,r.-3.1.0,r.-3.1.0,r.-3.1.0,r.-3.1.0,r.-3.1.0,r.-3.1.0,r.-3.1.0,r.-3.1.0,r.-3.1.0,r.-3.1.0,r.-3.1.0,r.-3.1.0,r.-3.1.0,r.-3.1.0,r.-3.1.0,r.-3.1.0,r.-3.1.0,r.-3.1.0,r.-3.1.0,r.-3.1.0,r.-3.1.0,r.-3.1.0,r.-3.1.0,r.-3.1.0,r.-3.1.0,r.-3.1.0,r.-3.1.0,r.-3.1.0,r.-3.1.0,r.-3.1.0,r.-3.1.0,r.-3.1.0,r.-3.1.0,r.-3.1.0,r.-3.1.0,r.-3.1.0,r.-3.1.0,r.-3.1.0,r.-3.1.0,r.-3.1.0,r.-3.1.0,r.-3.1.0,r.-3.1.0,r.-3.1.0,r.-3.1.0,r.-3.1.0,r.-3.1.0,r.-3.1.0,r.-3.1.0,r.-3.1.0,r.-3.1.0,r.-3.1.0,,,,,,,,,,,,,,,,,,,,,
103,r.-3.1.0,r.-3.1.0,r.-3.1.0,r.-3.1.0,r.-3.1.0,r.-3.1.0,r.-3.1.0,r.-3.1.0,r.-3.1.0,r.-3.1.0,r.-3.1.0,r.-3.1.0,r.-3.1.0,r.-3.1.0,r.-3.1.0,r.-3.1.0,r.-3.1.0,r.-3.1.0,r.-3.1.0,r.-3.1.0,r.-3.1.0,r.-3.1.0,r.-3.1.0,r.-3.1.0,r.-3.1.0,r.-3.1.0,r.-3.1.0,r.-3.1.0,r.-3.1.0,r.-3.1.0,r.-3.1.0,r.-3.1.0,r.-3.1.0,r.-3.1.0,r.-3.1.0,r.-3.1.0,r.-3.1.0,r.-3.1.0,r.-3.1.0,r.-3.1.0,r.-3.1.0,r.-3.1.0,r.-3.1.0,r.-3.1.0,r.-3.1.0,r.-3.1.0,r.-3.1.0,r.-3.1.0,r.-3.1.0,r.-3.1.0,r.-3.1.0,r.-3.1.0,r.-3.1.0,r.-3.1.0,r.-3.1.0,r.-3.1.0,r.-3.1.0,r.-3.1.0,r.-3.1.0,r.-3.1.0,r.-3.1.0,r.-3.1.0,r.-3.1.0,r.-3.1.0,r.-3.1.0,r.-3.1.0,r.-3.1.0,r.-3.1.0,r.-3.1.0,r.-3.1.0,r.-3.1.0,r.-3.1.0,r.-3.1.0,r.-3.1.0,r.-3.1.0,r.-3.1.0,r.-3.1.0,r.-3.1.0,r.-3.1.0,r.-3.1.0,r.-3.1.0,r.-3.1.0,r.-3.1.0,r.-3.1.0,r.-3.1.0,r.-3.1.0,r.-3.1.0,r.-3.1.0,r.-3.1.0,r.-3.1.0,r.-3.1.0,r.-3.1.0,r.-3.1.0,r.-3.1.0,,,,,,,,,,,,,,,,,,,,,
104,r.-3.1.0,r.-3.1.0,r.-3.1.0,r.-3.1.0,r.-3.1.0,r.-3.1.0,r.-3.1.0,r.-3.1.0,r.-3.1.0,r.-3.1.0,r.-3.1.0,r.-3.1.0,r.-3.1.0,r.-3.1.0,r.-3.1.0,r.-3.1.0,r.-3.1.0,r.-3.1.0,r.-3.1.0,r.-3.1.0,r.-3.1.0,r.-3.1.0,r.-3.1.0,r.-3.1.0,r.-3.1.0,r.-3.1.0,r.-3.1.0,r.-3.1.0,r.-3.1.0,r.-3.1.0,r.-3.1.0,r.-3.1.0,r.-3.1.0,r.-3.1.0,r.-3.1.0,r.-3.1.0,r.-3.1.0,r.-3.1.0,r.-3.1.0,r.-3.1.0,r.-3.1.0,r.-3.1.0,r.-3.1.0,r.-3.1.0,r.-3.1.0,r.-3.1.0,r.-3.1.0,r.-3.1.0,r.-3.1.0,r.-3.1.0,r.-3.1.0,r.-3.1.0,r.-3.1.0,r.-3.1.0,r.-3.1.0,r.-3.1.0,r.-3.1.0,r.-3.1.0,r.-3.1.0,r.-3.1.0,r.-3.1.0,r.-3.1.0,r.-3.1.0,r.-3.1.0,r.-3.1.0,r.-3.1.0,r.-3.1.0,r.-3.1.0,r.-3.1.0,r.-3.1.0,r.-3.1.0,r.-3.1.0,r.-3.1.0,r.-3.1.0,r.-3.1.0,r.-3.1.0,r.-3.1.0,r.-3.1.0,r.-3.1.0,r.-3.1.0,r.-3.1.0,r.-3.1.0,r.-3.1.0,r.-3.1.0,r.-3.1.0,r.-3.1.0,r.-3.1.0,r.-3.1.0,r.-3.1.0,r.-3.1.0,r.-3.1.0,r.-3.1.0,r.-3.1.0,r.-3.1.0,,,,,,,,,,,,,,,,,,,,,
105,r.-3.1.0,r.-3.1.0,r.-3.1.0,r.-3.1.0,r.-3.1.0,r.-3.1.0,r.-3.1.0,r.-3.1.0,r.-3.1.0,r.-3.1.0,r.-3.1.0,r.-3.1.0,r.-3.1.0,r.-3.1.0,r.-3.1.0,r.-3.1.0,r.-3.1.0,r.-3.1.0,r.-3.1.0,r.-3.1.0,r.-3.1.0,r.-3.1.0,r.-3.1.0,r.-3.1.0,r.-3.1.0,r.-3.1.0,r.-3.1.0,r.-3.1.0,r.-3.1.0,r.-3.1.0,r.-3.1.0,r.-3.1.0,r.-3.1.0,r.-3.1.0,r.-3.1.0,r.-3.1.0,r.-3.1.0,r.-3.1.0,r.-3.1.0,r.-3.1.0,r.-3.1.0,r.-3.1.0,r.-3.1.0,r.-3.1.0,r.-3.1.0,r.-3.1.0,r.-3.1.0,r.-3.1.0,r.-3.1.0,r.-3.1.0,r.-3.1.0,r.-3.1.0,r.-3.1.0,r.-3.1.0,r.-3.1.0,r.-3.1.0,r.-3.1.0,r.-3.1.0,r.-3.1.0,r.-3.1.0,r.-3.1.0,r.-3.1.0,r.-3.1.0,r.-3.1.0,r.-3.1.0,r.-3.1.0,r.-3.1.0,r.-3.1.0,r.-3.1.0,r.-3.1.0,r.-3.1.0,r.-3.1.0,r.-3.1.0,r.-3.1.0,r.-3.1.0,r.-3.1.0,r.-3.1.0,r.-3.1.0,r.-3.1.0,r.-3.1.0,r.-3.1.0,r.-3.1.0,r.-3.1.0,r.-3.1.0,r.-3.1.0,r.-3.1.0,r.-3.1.0,r.-3.1.0,r.-3.1.0,r.-3.1.0,r.-3.1.0,r.-3.1.0,r.-3.1.0,r.-3.1.0,,,,,,,,,,,,,,,,,,,,,
106,r.-3.1.0,r.-3.1.0,r.-3.1.0,r.-3.1.0,r.-3.1.0,r.-3.1.0,r.-3.1.0,r.-3.1.0,r.-3.1.0,r.-3.1.0,r.-3.1.0,r.-3.1.0,r.-3.1.0,r.-3.1.0,r.-3.1.0,r.-3.1.0,r.-3.1.0,r.-3.1.0,r.-3.1.0,r.-3.1.0,r.-3.1.0,r.-3.1.0,r.-3.1.0,r.-3.1.0,r.-3.1.0,r.-3.1.0,r.-3.1.0,r.-3.1.0,r.-3.1.0,r.-3.1.0,r.-3.1.0,r.-3.1.0,r.-3.1.0,r.-3.1.0,r.-3.1.0,r.-3.1.0,r.-3.1.0,r.-3.1.0,r.-3.1.0,r.-3.1.0,r.-3.1.0,r.-3.1.0,r.-3.1.0,r.-3.1.0,r.-3.1.0,r.-3.1.0,r.-3.1.0,r.-3.1.0,r.-3.1.0,r.-3.1.0,r.-3.1.0,r.-3.1.0,r.-3.1.0,r.-3.1.0,r.-3.1.0,r.-3.1.0,r.-3.1.0,r.-3.1.0,r.-3.1.0,r.-3.1.0,r.-3.1.0,r.-3.1.0,r.-3.1.0,r.-3.1.0,r.-3.1.0,r.-3.1.0,r.-3.1.0,r.-3.1.0,r.-3.1.0,r.-3.1.0,r.-3.1.0,r.-3.1.0,r.-3.1.0,r.-3.1.0,r.-3.1.0,r.-3.1.0,r.-3.1.0,r.-3.1.0,r.-3.1.0,r.-3.1.0,r.-3.1.0,r.-3.1.0,r.-3.1.0,r.-3.1.0,r.-3.1.0,r.-3.1.0,r.-3.1.0,r.-3.1.0,r.-3.1.0,r.-3.1.0,r.-3.1.0,r.-3.1.0,r.-3.1.0,r.-3.1.0,,,,,,,,,,,,,,,,,,,,,
107,r.-3.1.0,r.-3.1.0,r.-3.1.0,r.-3.1.0,r.-3.1.0,r.-3.1.0,r.-3.1.0,r.-3.1.0,r.-3.1.0,r.-3.1.0,r.-3.1.0,r.-3.1.0,r.-3.1.0,r.-3.1.0,r.-3.1.0,r.-3.1.0,r.-3.1.0,r.-3.1.0,r.-3.1.0,r.-3.1.0,r.-3.1.0,r.-3.1.0,r.-3.1.0,r.-3.1.0,r.-3.1.0,r.-3.1.0,r.-3.1.0,r.-3.1.0,r.-3.1.0,r.-3.1.0,r.-3.1.0,r.-3.1.0,r.-3.1.0,r.-3.1.0,r.-3.1.0,r.-3.1.0,r.-3.1.0,r.-3.1.0,r.-3.1.0,r.-3.1.0,r.-3.1.0,r.-3.1.0,r.-3.1.0,r.-3.1.0,r.-3.1.0,r.-3.1.0,r.-3.1.0,r.-3.1.0,r.-3.1.0,r.-3.1.0,r.-3.1.0,r.-3.1.0,r.-3.1.0,r.-3.1.0,r.-3.1.0,r.-3.1.0,r.-3.1.0,r.-3.1.0,r.-3.1.0,r.-3.1.0,r.-3.1.0,r.-3.1.0,r.-3.1.0,r.-3.1.0,r.-3.1.0,r.-3.1.0,r.-3.1.0,r.-3.1.0,r.-3.1.0,r.-3.1.0,r.-3.1.0,r.-3.1.0,r.-3.1.0,r.-3.1.0,r.-3.1.0,r.-3.1.0,r.-3.1.0,r.-3.1.0,r.-3.1.0,r.-3.1.0,r.-3.1.0,r.-3.1.0,r.-3.1.0,r.-3.1.0,r.-3.1.0,r.-3.1.0,r.-3.1.0,r.-3.1.0,r.-3.1.0,r.-3.1.0,r.-3.1.0,r.-3.1.0,r.-3.1.0,r.-3.1.0,,,,,,,,,,,,,,,,,,,,,
108,r.-3.1.0,r.-3.1.0,r.-3.1.0,r.-3.1.0,r.-3.1.0,r.-3.1.0,r.-3.1.0,r.-3.1.0,r.-3.1.0,r.-3.1.0,r.-3.1.0,r.-3.1.0,r.-3.1.0,r.-3.1.0,r.-3.1.0,r.-3.1.0,r.-3.1.0,r.-3.1.0,r.-3.1.0,r.-3.1.0,r.-3.1.0,r.-3.1.0,r.-3.1.0,r.-3.1.0,r.-3.1.0,r.-3.1.0,r.-3.1.0,r.-3.1.0,r.-3.1.0,r.-3.1.0,r.-3.1.0,r.-3.1.0,r.-3.1.0,r.-3.1.0,r.-3.1.0,r.-3.1.0,r.-3.1.0,r.-3.1.0,r.-3.1.0,r.-3.1.0,r.-3.1.0,r.-3.1.0,r.-3.1.0,r.-3.1.0,r.-3.1.0,r.-3.1.0,r.-3.1.0,r.-3.1.0,r.-3.1.0,r.-3.1.0,r.-3.1.0,r.-3.1.0,r.-3.1.0,r.-3.1.0,r.-3.1.0,r.-3.1.0,r.-3.1.0,r.-3.1.0,r.-3.1.0,r.-3.1.0,r.-3.1.0,r.-3.1.0,r.-3.1.0,r.-3.1.0,r.-3.1.0,r.-3.1.0,r.-3.1.0,r.-3.1.0,r.-3.1.0,r.-3.1.0,r.-3.1.0,r.-3.1.0,r.-3.1.0,r.-3.1.0,r.-3.1.0,r.-3.1.0,r.-3.1.0,r.-3.1.0,r.-3.1.0,r.-3.1.0,r.-3.1.0,r.-3.1.0,r.-3.1.0,r.-3.1.0,r.-3.1.0,r.-3.1.0,r.-3.1.0,r.-3.1.0,r.-3.1.0,r.-3.1.0,r.-3.1.0,r.-3.1.0,r.-3.1.0,r.-3.1.0,,,,,,,,,,,,,,,,,,,,,
109,r.-3.1.0,r.-3.1.0,r.-3.1.0,r.-3.1.0,r.-3.1.0,r.-3.1.0,r.-3.1.0,r.-3.1.0,r.-3.1.0,r.-3.1.0,r.-3.1.0,r.-3.1.0,r.-3.1.0,r.-3.1.0,r.-3.1.0,r.-3.1.0,r.-3.1.0,r.-3.1.0,r.-3.1.0,r.-3.1.0,r.-3.1.0,r.-3.1.0,r.-3.1.0,r.-3.1.0,r.-3.1.0,r.-3.1.0,r.-3.1.0,r.-3.1.0,r.-3.1.0,r.-3.1.0,r.-3.1.0,r.-3.1.0,r.-3.1.0,r.-3.1.0,r.-3.1.0,r.-3.1.0,r.-3.1.0,r.-3.1.0,r.-3.1.0,r.-3.1.0,r.-3.1.0,r.-3.1.0,r.-3.1.0,r.-3.1.0,r.-3.1.0,r.-3.1.0,r.-3.1.0,r.-3.1.0,r.-3.1.0,r.-3.1.0,r.-3.1.0,r.-3.1.0,r.-3.1.0,r.-3.1.0,r.-3.1.0,r.-3.1.0,r.-3.1.0,r.-3.1.0,r.-3.1.0,r.-3.1.0,r.-3.1.0,r.-3.1.0,r.-3.1.0,r.-3.1.0,r.-3.1.0,r.-3.1.0,r.-3.1.0,r.-3.1.0,r.-3.1.0,r.-3.1.0,r.-3.1.0,r.-3.1.0,r.-3.1.0,r.-3.1.0,r.-3.1.0,r.-3.1.0,r.-3.1.0,r.-3.1.0,r.-3.1.0,r.-3.1.0,r.-3.1.0,r.-3.1.0,r.-3.1.0,r.-3.1.0,r.-3.1.0,r.-3.1.0,r.-3.1.0,r.-3.1.0,r.-3.1.0,r.-3.1.0,r.-3.1.0,r.-3.1.0,r.-3.1.0,r.-3.1.0,,,,,,,,,,,,,,,,,,,,,
110,r.-3.1.0,r.-3.1.0,r.-3.1.0,r.-3.1.0,r.-3.1.0,r.-3.1.0,r.-3.1.0,r.-3.1.0,r.-3.1.0,r.-3.1.0,r.-3.1.0,r.-3.1.0,r.-3.1.0,r.-3.1.0,r.-3.1.0,r.-3.1.0,r.-3.1.0,r.-3.1.0,r.-3.1.0,r.-3.1.0,r.-3.1.0,r.-3.1.0,r.-3.1.0,r.-3.1.0,r.-3.1.0,r.-3.1.0,r.-3.1.0,r.-3.1.0,r.-3.1.0,r.-3.1.0,r.-3.1.0,r.-3.1.0,r.-3.1.0,r.-3.1.0,r.-3.1.0,r.-3.1.0,r.-3.1.0,r.-3.1.0,r.-3.1.0,r.-3.1.0,r.-3.1.0,r.-3.1.0,r.-3.1.0,r.-3.1.0,r.-3.1.0,r.-3.1.0,r.-3.1.0,r.-3.1.0,r.-3.1.0,r.-3.1.0,r.-3.1.0,r.-3.1.0,r.-3.1.0,r.-3.1.0,r.-3.1.0,r.-3.1.0,r.-3.1.0,r.-3.1.0,r.-3.1.0,r.-3.1.0,r.-3.1.0,r.-3.1.0,r.-3.1.0,r.-3.1.0,r.-3.1.0,r.-3.1.0,r.-3.1.0,r.-3.1.0,r.-3.1.0,r.-3.1.0,r.-3.1.0,r.-3.1.0,r.-3.1.0,r.-3.1.0,r.-3.1.0,r.-3.1.0,r.-3.1.0,r.-3.1.0,r.-3.1.0,r.-3.1.0,r.-3.1.0,r.-3.1.0,r.-3.1.0,r.-3.1.0,r.-3.1.0,r.-3.1.0,r.-3.1.0,r.-3.1.0,r.-3.1.0,r.-3.1.0,r.-3.1.0,r.-3.1.0,r.-3.1.0,r.-3.1.0,,,,,,,,,,,,,,,,,,,,,
111,r.-3.1.0,r.-3.1.0,r.-3.1.0,r.-3.1.0,r.-3.1.0,r.-3.1.0,r.-3.1.0,r.-3.1.0,r.-3.1.0,r.-3.1.0,r.-3.1.0,r.-3.1.0,r.-3.1.0,r.-3.1.0,r.-3.1.0,r.-3.1.0,r.-3.1.0,r.-3.1.0,r.-3.1.0,r.-3.1.0,r.-3.1.0,r.-3.1.0,r.-3.1.0,r.-3.1.0,r.-3.1.0,r.-3.1.0,r.-3.1.0,r.-3.1.0,r.-3.1.0,r.-3.1.0,r.-3.1.0,r.-3.1.0,r.-3.1.0,r.-3.1.0,r.-3.1.0,r.-3.1.0,r.-3.1.0,r.-3.1.0,r.-3.1.0,r.-3.1.0,r.-3.1.0,r.-3.1.0,r.-3.1.0,r.-3.1.0,r.-3.1.0,r.-3.1.0,r.-3.1.0,r.-3.1.0,r.-3.1.0,r.-3.1.0,r.-3.1.0,r.-3.1.0,r.-3.1.0,r.-3.1.0,r.-3.1.0,r.-3.1.0,r.-3.1.0,r.-3.1.0,r.-3.1.0,r.-3.1.0,r.-3.1.0,r.-3.1.0,r.-3.1.0,r.-3.1.0,r.-3.1.0,r.-3.1.0,r.-3.1.0,r.-3.1.0,r.-3.1.0,r.-3.1.0,r.-3.1.0,r.-3.1.0,r.-3.1.0,r.-3.1.0,r.-3.1.0,r.-3.1.0,r.-3.1.0,r.-3.1.0,r.-3.1.0,r.-3.1.0,r.-3.1.0,r.-3.1.0,r.-3.1.0,r.-3.1.0,r.-3.1.0,r.-3.1.0,r.-3.1.0,r.-3.1.0,r.-3.1.0,r.-3.1.0,r.-3.1.0,r.-3.1.0,r.-3.1.0,r.-3.1.0,,,,,,,,,,,,,,,,,,,,,
112,r.-3.1.0,r.-3.1.0,r.-3.1.0,r.-3.1.0,r.-3.1.0,r.-3.1.0,r.-3.1.0,r.-3.1.0,r.-3.1.0,r.-3.1.0,r.-3.1.0,r.-3.1.0,r.-3.1.0,r.-3.1.0,r.-3.1.0,r.-3.1.0,r.-3.1.0,r.-3.1.0,r.-3.1.0,r.-3.1.0,r.-3.1.0,r.-3.1.0,r.-3.1.0,r.-3.1.0,r.-3.1.0,r.-3.1.0,r.-3.1.0,r.-3.1.0,r.-3.1.0,r.-3.1.0,r.-3.1.0,r.-3.1.0,r.-3.1.0,r.-3.1.0,r.-3.1.0,r.-3.1.0,r.-3.1.0,r.-3.1.0,r.-3.1.0,r.-3.1.0,r.-3.1.0,r.-3.1.0,r.-3.1.0,r.-3.1.0,r.-3.1.0,r.-3.1.0,r.-3.1.0,r.-3.1.0,r.-3.1.0,r.-3.1.0,r.-3.1.0,r.-3.1.0,r.-3.1.0,r.-3.1.0,r.-3.1.0,r.-3.1.0,r.-3.1.0,r.-3.1.0,r.-3.1.0,r.-3.1.0,r.-3.1.0,r.-3.1.0,r.-3.1.0,r.-3.1.0,r.-3.1.0,r.-3.1.0,r.-3.1.0,r.-3.1.0,r.-3.1.0,r.-3.1.0,r.-3.1.0,r.-3.1.0,r.-3.1.0,r.-3.1.0,r.-3.1.0,r.-3.1.0,r.-3.1.0,r.-3.1.0,r.-3.1.0,r.-3.1.0,r.-3.1.0,r.-3.1.0,r.-3.1.0,r.-3.1.0,r.-3.1.0,r.-3.1.0,r.-3.1.0,r.-3.1.0,r.-3.1.0,r.-3.1.0,r.-3.1.0,r.-3.1.0,r.-3.1.0,r.-3.1.0,,,,,,,,,,,,,,,,,,,,,
113,r.-3.1.0,r.-3.1.0,r.-3.1.0,r.-3.1.0,r.-3.1.0,r.-3.1.0,r.-3.1.0,r.-3.1.0,r.-3.1.0,r.-3.1.0,r.-3.1.0,r.-3.1.0,r.-3.1.0,r.-3.1.0,r.-3.1.0,r.-3.1.0,r.-3.1.0,r.-3.1.0,r.-3.1.0,r.-3.1.0,r.-3.1.0,r.-3.1.0,r.-3.1.0,r.-3.1.0,r.-3.1.0,r.-3.1.0,r.-3.1.0,r.-3.1.0,r.-3.1.0,r.-3.1.0,r.-3.1.0,r.-3.1.0,r.-3.1.0,r.-3.1.0,r.-3.1.0,r.-3.1.0,r.-3.1.0,r.-3.1.0,r.-3.1.0,r.-3.1.0,r.-3.1.0,r.-3.1.0,r.-3.1.0,r.-3.1.0,r.-3.1.0,r.-3.1.0,r.-3.1.0,r.-3.1.0,r.-3.1.0,r.-3.1.0,r.-3.1.0,r.-3.1.0,r.-3.1.0,r.-3.1.0,r.-3.1.0,r.-3.1.0,r.-3.1.0,r.-3.1.0,r.-3.1.0,r.-3.1.0,r.-3.1.0,r.-3.1.0,r.-3.1.0,r.-3.1.0,r.-3.1.0,r.-3.1.0,r.-3.1.0,r.-3.1.0,r.-3.1.0,r.-3.1.0,r.-3.1.0,r.-3.1.0,r.-3.1.0,r.-3.1.0,r.-3.1.0,r.-3.1.0,r.-3.1.0,r.-3.1.0,r.-3.1.0,r.-3.1.0,r.-3.1.0,r.-3.1.0,r.-3.1.0,r.-3.1.0,r.-3.1.0,r.-3.1.0,r.-3.1.0,r.-3.1.0,r.-3.1.0,r.-3.1.0,r.-3.1.0,r.-3.1.0,r.-3.1.0,r.-3.1.0,,,,,,,,,,,,,,,,,,,,,
114,r.-3.1.0,r.-3.1.0,r.-3.1.0,r.-3.1.0,r.-3.1.0,r.-3.1.0,r.-3.1.0,r.-3.1.0,r.-3.1.0,r.-3.1.0,r.-3.1.0,r.-3.1.0,r.-3.1.0,r.-3.1.0,r.-3.1.0,r.-3.1.0,r.-3.1.0,r.-3.1.0,r.-3.1.0,r.-3.1.0,r.-3.1.0,r.-3.1.0,r.-3.1.0,r.-3.1.0,r.-3.1.0,r.-3.1.0,r.-3.1.0,r.-3.1.0,r.-3.1.0,r.-3.1.0,r.-3.1.0,r.-3.1.0,r.-3.1.0,r.-3.1.0,r.-3.1.0,r.-3.1.0,r.-3.1.0,r.-3.1.0,r.-3.1.0,r.-3.1.0,r.-3.1.0,r.-3.1.0,r.-3.1.0,r.-3.1.0,r.-3.1.0,r.-3.1.0,r.-3.1.0,r.-3.1.0,r.-3.1.0,r.-3.1.0,r.-3.1.0,r.-3.1.0,r.-3.1.0,r.-3.1.0,r.-3.1.0,r.-3.1.0,r.-3.1.0,r.-3.1.0,r.-3.1.0,r.-3.1.0,r.-3.1.0,r.-3.1.0,r.-3.1.0,r.-3.1.0,r.-3.1.0,r.-3.1.0,r.-3.1.0,r.-3.1.0,r.-3.1.0,r.-3.1.0,r.-3.1.0,r.-3.1.0,r.-3.1.0,r.-3.1.0,r.-3.1.0,r.-3.1.0,r.-3.1.0,r.-3.1.0,r.-3.1.0,r.-3.1.0,r.-3.1.0,r.-3.1.0,r.-3.1.0,r.-3.1.0,r.-3.1.0,r.-3.1.0,r.-3.1.0,r.-3.1.0,r.-3.1.0,r.-3.1.0,r.-3.1.0,r.-3.1.0,r.-3.1.0,r.-3.1.0,,,,,,,,,,,,,,,,,,,,,
115,r.-3.1.0,r.-3.1.0,r.-3.1.0,r.-3.1.0,r.-3.1.0,r.-3.1.0,r.-3.1.0,r.-3.1.0,r.-3.1.0,r.-3.1.0,r.-3.1.0,r.-3.1.0,r.-3.1.0,r.-3.1.0,r.-3.1.0,r.-3.1.0,r.-3.1.0,r.-3.1.0,r.-3.1.0,r.-3.1.0,r.-3.1.0,r.-3.1.0,r.-3.1.0,r.-3.1.0,r.-3.1.0,r.-3.1.0,r.-3.1.0,r.-3.1.0,r.-3.1.0,r.-3.1.0,r.-3.1.0,r.-3.1.0,r.-3.1.0,r.-3.1.0,r.-3.1.0,r.-3.1.0,r.-3.1.0,r.-3.1.0,r.-3.1.0,r.-3.1.0,r.-3.1.0,r.-3.1.0,r.-3.1.0,r.-3.1.0,r.-3.1.0,r.-3.1.0,r.-3.1.0,r.-3.1.0,r.-3.1.0,r.-3.1.0,r.-3.1.0,r.-3.1.0,r.-3.1.0,r.-3.1.0,r.-3.1.0,r.-3.1.0,r.-3.1.0,r.-3.1.0,r.-3.1.0,r.-3.1.0,r.-3.1.0,r.-3.1.0,r.-3.1.0,r.-3.1.0,r.-3.1.0,r.-3.1.0,r.-3.1.0,r.-3.1.0,r.-3.1.0,r.-3.1.0,r.-3.1.0,r.-3.1.0,r.-3.1.0,r.-3.1.0,r.-3.1.0,r.-3.1.0,r.-3.1.0,r.-3.1.0,r.-3.1.0,r.-3.1.0,r.-3.1.0,r.-3.1.0,r.-3.1.0,r.-3.1.0,r.-3.1.0,r.-3.1.0,r.-3.1.0,r.-3.1.0,r.-3.1.0,r.-3.1.0,r.-3.1.0,r.-3.1.0,r.-3.1.0,r.-3.1.0,,,,,,,,,,,,,,,,,,,,,
116,r.-3.1.0,r.-3.1.0,r.-3.1.0,r.-3.1.0,r.-3.1.0,r.-3.1.0,r.-3.1.0,r.-3.1.0,r.-3.1.0,r.-3.1.0,r.-3.1.0,r.-3.1.0,r.-3.1.0,r.-3.1.0,r.-3.1.0,r.-3.1.0,r.-3.1.0,r.-3.1.0,r.-3.1.0,r.-3.1.0,r.-3.1.0,r.-3.1.0,r.-3.1.0,r.-3.1.0,r.-3.1.0,r.-3.1.0,r.-3.1.0,r.-3.1.0,r.-3.1.0,r.-3.1.0,r.-3.1.0,r.-3.1.0,r.-3.1.0,r.-3.1.0,r.-3.1.0,r.-3.1.0,r.-3.1.0,r.-3.1.0,r.-3.1.0,r.-3.1.0,r.-3.1.0,r.-3.1.0,r.-3.1.0,r.-3.1.0,r.-3.1.0,r.-3.1.0,r.-3.1.0,r.-3.1.0,r.-3.1.0,r.-3.1.0,r.-3.1.0,r.-3.1.0,r.-3.1.0,r.-3.1.0,r.-3.1.0,r.-3.1.0,r.-3.1.0,r.-3.1.0,r.-3.1.0,r.-3.1.0,r.-3.1.0,r.-3.1.0,r.-3.1.0,r.-3.1.0,r.-3.1.0,r.-3.1.0,r.-3.1.0,r.-3.1.0,r.-3.1.0,r.-3.1.0,r.-3.1.0,r.-3.1.0,r.-3.1.0,r.-3.1.0,r.-3.1.0,r.-3.1.0,r.-3.1.0,r.-3.1.0,r.-3.1.0,r.-3.1.0,r.-3.1.0,r.-3.1.0,r.-3.1.0,r.-3.1.0,r.-3.1.0,r.-3.1.0,r.-3.1.0,r.-3.1.0,r.-3.1.0,r.-3.1.0,r.-3.1.0,r.-3.1.0,r.-3.1.0,r.-3.1.0,,,,,,,,,,,,,,,,,,,,,
117,r.-3.1.0,r.-3.1.0,r.-3.1.0,r.-3.1.0,r.-3.1.0,r.-3.1.0,r.-3.1.0,r.-3.1.0,r.-3.1.0,r.-3.1.0,r.-3.1.0,r.-3.1.0,r.-3.1.0,r.-3.1.0,r.-3.1.0,r.-3.1.0,r.-3.1.0,r.-3.1.0,r.-3.1.0,r.-3.1.0,r.-3.1.0,r.-3.1.0,r.-3.1.0,r.-3.1.0,r.-3.1.0,r.-3.1.0,r.-3.1.0,r.-3.1.0,r.-3.1.0,r.-3.1.0,r.-3.1.0,r.-3.1.0,r.-3.1.0,r.-3.1.0,r.-3.1.0,r.-3.1.0,r.-3.1.0,r.-3.1.0,r.-3.1.0,r.-3.1.0,r.-3.1.0,r.-3.1.0,r.-3.1.0,r.-3.1.0,r.-3.1.0,r.-3.1.0,r.-3.1.0,r.-3.1.0,r.-3.1.0,r.-3.1.0,r.-3.1.0,r.-3.1.0,r.-3.1.0,r.-3.1.0,r.-3.1.0,r.-3.1.0,r.-3.1.0,r.-3.1.0,r.-3.1.0,r.-3.1.0,r.-3.1.0,r.-3.1.0,r.-3.1.0,r.-3.1.0,r.-3.1.0,r.-3.1.0,r.-3.1.0,r.-3.1.0,r.-3.1.0,r.-3.1.0,r.-3.1.0,r.-3.1.0,r.-3.1.0,r.-3.1.0,r.-3.1.0,r.-3.1.0,r.-3.1.0,r.-3.1.0,r.-3.1.0,r.-3.1.0,r.-3.1.0,r.-3.1.0,r.-3.1.0,r.-3.1.0,r.-3.1.0,r.-3.1.0,r.-3.1.0,r.-3.1.0,r.-3.1.0,r.-3.1.0,r.-3.1.0,r.-3.1.0,r.-3.1.0,r.-3.1.0,,,,,,,,,,,,,,,,,,,,,
118,r.-3.1.0,r.-3.1.0,r.-3.1.0,r.-3.1.0,r.-3.1.0,r.-3.1.0,r.-3.1.0,r.-3.1.0,r.-3.1.0,r.-3.1.0,r.-3.1.0,r.-3.1.0,r.-3.1.0,r.-3.1.0,r.-3.1.0,r.-3.1.0,r.-3.1.0,r.-3.1.0,r.-3.1.0,r.-3.1.0,r.-3.1.0,r.-3.1.0,r.-3.1.0,r.-3.1.0,r.-3.1.0,r.-3.1.0,r.-3.1.0,r.-3.1.0,r.-3.1.0,r.-3.1.0,r.-3.1.0,r.-3.1.0,r.-3.1.0,r.-3.1.0,r.-3.1.0,r.-3.1.0,r.-3.1.0,r.-3.1.0,r.-3.1.0,r.-3.1.0,r.-3.1.0,r.-3.1.0,r.-3.1.0,r.-3.1.0,r.-3.1.0,r.-3.1.0,r.-3.1.0,r.-3.1.0,r.-3.1.0,r.-3.1.0,r.-3.1.0,r.-3.1.0,r.-3.1.0,r.-3.1.0,r.-3.1.0,r.-3.1.0,r.-3.1.0,r.-3.1.0,r.-3.1.0,r.-3.1.0,r.-3.1.0,r.-3.1.0,r.-3.1.0,r.-3.1.0,r.-3.1.0,r.-3.1.0,r.-3.1.0,r.-3.1.0,r.-3.1.0,r.-3.1.0,r.-3.1.0,r.-3.1.0,r.-3.1.0,r.-3.1.0,r.-3.1.0,r.-3.1.0,r.-3.1.0,r.-3.1.0,r.-3.1.0,r.-3.1.0,r.-3.1.0,r.-3.1.0,r.-3.1.0,r.-3.1.0,r.-3.1.0,r.-3.1.0,r.-3.1.0,r.-3.1.0,r.-3.1.0,r.-3.1.0,r.-3.1.0,r.-3.1.0,r.-3.1.0,r.-3.1.0,,,,,,,,,,,,,,,,,,,,,
119,r.-3.1.0,r.-3.1.0,r.-3.1.0,r.-3.1.0,r.-3.1.0,r.-3.1.0,r.-3.1.0,r.-3.1.0,r.-3.1.0,r.-3.1.0,r.-3.1.0,r.-3.1.0,r.-3.1.0,r.-3.1.0,r.-3.1.0,r.-3.1.0,r.-3.1.0,r.-3.1.0,r.-3.1.0,r.-3.1.0,r.-3.1.0,r.-3.1.0,r.-3.1.0,r.-3.1.0,r.-3.1.0,r.-3.1.0,r.-3.1.0,r.-3.1.0,r.-3.1.0,r.-3.1.0,r.-3.1.0,r.-3.1.0,r.-3.1.0,r.-3.1.0,r.-3.1.0,r.-3.1.0,r.-3.1.0,r.-3.1.0,r.-3.1.0,r.-3.1.0,r.-3.1.0,r.-3.1.0,r.-3.1.0,r.-3.1.0,r.-3.1.0,r.-3.1.0,r.-3.1.0,r.-3.1.0,r.-3.1.0,r.-3.1.0,r.-3.1.0,r.-3.1.0,r.-3.1.0,r.-3.1.0,r.-3.1.0,r.-3.1.0,r.-3.1.0,r.-3.1.0,r.-3.1.0,r.-3.1.0,r.-3.1.0,r.-3.1.0,r.-3.1.0,r.-3.1.0,r.-3.1.0,r.-3.1.0,r.-3.1.0,r.-3.1.0,r.-3.1.0,r.-3.1.0,r.-3.1.0,r.-3.1.0,r.-3.1.0,r.-3.1.0,r.-3.1.0,r.-3.1.0,r.-3.1.0,r.-3.1.0,r.-3.1.0,r.-3.1.0,r.-3.1.0,r.-3.1.0,r.-3.1.0,r.-3.1.0,r.-3.1.0,r.-3.1.0,r.-3.1.0,r.-3.1.0,r.-3.1.0,r.-3.1.0,r.-3.1.0,r.-3.1.0,r.-3.1.0,r.-3.1.0,,,,,,,,,,,,,,,,,,,,,
120,r.-3.1.0,r.-3.1.0,r.-3.1.0,r.-3.1.0,r.-3.1.0,r.-3.1.0,r.-3.1.0,r.-3.1.0,r.-3.1.0,r.-3.1.0,r.-3.1.0,r.-3.1.0,r.-3.1.0,r.-3.1.0,r.-3.1.0,r.-3.1.0,r.-3.1.0,r.-3.1.0,r.-3.1.0,r.-3.1.0,r.-3.1.0,r.-3.1.0,r.-3.1.0,r.-3.1.0,r.-3.1.0,r.-3.1.0,r.-3.1.0,r.-3.1.0,r.-3.1.0,r.-3.1.0,r.-3.1.0,r.-3.1.0,r.-3.1.0,r.-3.1.0,r.-3.1.0,r.-3.1.0,r.-3.1.0,r.-3.1.0,r.-3.1.0,r.-3.1.0,r.-3.1.0,r.-3.1.0,r.-3.1.0,r.-3.1.0,r.-3.1.0,r.-3.1.0,r.-3.1.0,r.-3.1.0,r.-3.1.0,r.-3.1.0,r.-3.1.0,r.-3.1.0,r.-3.1.0,r.-3.1.0,r.-3.1.0,r.-3.1.0,r.-3.1.0,r.-3.1.0,r.-3.1.0,r.-3.1.0,r.-3.1.0,r.-3.1.0,r.-3.1.0,r.-3.1.0,r.-3.1.0,r.-3.1.0,r.-3.1.0,r.-3.1.0,r.-3.1.0,r.-3.1.0,r.-3.1.0,r.-3.1.0,r.-3.1.0,r.-3.1.0,r.-3.1.0,r.-3.1.0,r.-3.1.0,r.-3.1.0,r.-3.1.0,r.-3.1.0,r.-3.1.0,r.-3.1.0,r.-3.1.0,r.-3.1.0,r.-3.1.0,r.-3.1.0,r.-3.1.0,r.-3.1.0,r.-3.1.0,r.-3.1.0,r.-3.1.0,r.-3.1.0,r.-3.1.0,r.-3.1.0,,,,,,,,,,,,,,,,,,,,,
121,r.-3.1.0,r.-3.1.0,r.-3.1.0,r.-3.1.0,r.-3.1.0,r.-3.1.0,r.-3.1.0,r.-3.1.0,r.-3.1.0,r.-3.1.0,r.-3.1.0,r.-3.1.0,r.-3.1.0,r.-3.1.0,r.-3.1.0,r.-3.1.0,r.-3.1.0,r.-3.1.0,r.-3.1.0,r.-3.1.0,r.-3.1.0,r.-3.1.0,r.-3.1.0,r.-3.1.0,r.-3.1.0,r.-3.1.0,r.-3.1.0,r.-3.1.0,r.-3.1.0,r.-3.1.0,r.-3.1.0,r.-3.1.0,r.-3.1.0,r.-3.1.0,r.-3.1.0,r.-3.1.0,r.-3.1.0,r.-3.1.0,r.-3.1.0,r.-3.1.0,r.-3.1.0,r.-3.1.0,r.-3.1.0,r.-3.1.0,r.-3.1.0,r.-3.1.0,r.-3.1.0,r.-3.1.0,r.-3.1.0,r.-3.1.0,r.-3.1.0,r.-3.1.0,r.-3.1.0,r.-3.1.0,r.-3.1.0,r.-3.1.0,r.-3.1.0,r.-3.1.0,r.-3.1.0,r.-3.1.0,r.-3.1.0,r.-3.1.0,r.-3.1.0,r.-3.1.0,r.-3.1.0,r.-3.1.0,r.-3.1.0,r.-3.1.0,r.-3.1.0,r.-3.1.0,r.-3.1.0,r.-3.1.0,r.-3.1.0,r.-3.1.0,r.-3.1.0,r.-3.1.0,r.-3.1.0,r.-3.1.0,r.-3.1.0,r.-3.1.0,r.-3.1.0,r.-3.1.0,r.-3.1.0,r.-3.1.0,r.-3.1.0,r.-3.1.0,r.-3.1.0,r.-3.1.0,r.-3.1.0,r.-3.1.0,r.-3.1.0,r.-3.1.0,r.-3.1.0,r.-3.1.0,,,,,,,,,,,,,,,,,,,,,
122,r.-3.1.0,r.-3.1.0,r.-3.1.0,r.-3.1.0,r.-3.1.0,r.-3.1.0,r.-3.1.0,r.-3.1.0,r.-3.1.0,r.-3.1.0,r.-3.1.0,r.-3.1.0,r.-3.1.0,r.-3.1.0,r.-3.1.0,r.-3.1.0,r.-3.1.0,r.-3.1.0,r.-3.1.0,r.-3.1.0,r.-3.1.0,r.-3.1.0,r.-3.1.0,r.-3.1.0,r.-3.1.0,r.-3.1.0,r.-3.1.0,r.-3.1.0,r.-3.1.0,r.-3.1.0,r.-3.1.0,r.-3.1.0,r.-3.1.0,r.-3.1.0,r.-3.1.0,r.-3.1.0,r.-3.1.0,r.-3.1.0,r.-3.1.0,r.-3.1.0,r.-3.1.0,r.-3.1.0,r.-3.1.0,r.-3.1.0,r.-3.1.0,r.-3.1.0,r.-3.1.0,r.-3.1.0,r.-3.1.0,r.-3.1.0,r.-3.1.0,r.-3.1.0,r.-3.1.0,r.-3.1.0,r.-3.1.0,r.-3.1.0,r.-3.1.0,r.-3.1.0,r.-3.1.0,r.-3.1.0,r.-3.1.0,r.-3.1.0,r.-3.1.0,r.-3.1.0,r.-3.1.0,r.-3.1.0,r.-3.1.0,r.-3.1.0,r.-3.1.0,r.-3.1.0,r.-3.1.0,r.-3.1.0,r.-3.1.0,r.-3.1.0,r.-3.1.0,r.-3.1.0,r.-3.1.0,r.-3.1.0,r.-3.1.0,r.-3.1.0,r.-3.1.0,r.-3.1.0,r.-3.1.0,r.-3.1.0,r.-3.1.0,r.-3.1.0,r.-3.1.0,r.-3.1.0,r.-3.1.0,r.-3.1.0,r.-3.1.0,r.-3.1.0,r.-3.1.0,r.-3.1.0,,,,,,,,,,,,,,,,,,,,,
123,r.-3.1.0,r.-3.1.0,r.-3.1.0,r.-3.1.0,r.-3.1.0,r.-3.1.0,r.-3.1.0,r.-3.1.0,r.-3.1.0,r.-3.1.0,r.-3.1.0,r.-3.1.0,r.-3.1.0,r.-3.1.0,r.-3.1.0,r.-3.1.0,r.-3.1.0,r.-3.1.0,r.-3.1.0,r.-3.1.0,r.-3.1.0,r.-3.1.0,r.-3.1.0,r.-3.1.0,r.-3.1.0,r.-3.1.0,r.-3.1.0,r.-3.1.0,r.-3.1.0,r.-3.1.0,r.-3.1.0,r.-3.1.0,r.-3.1.0,r.-3.1.0,r.-3.1.0,r.-3.1.0,r.-3.1.0,r.-3.1.0,r.-3.1.0,r.-3.1.0,r.-3.1.0,r.-3.1.0,r.-3.1.0,r.-3.1.0,r.-3.1.0,r.-3.1.0,r.-3.1.0,r.-3.1.0,r.-3.1.0,r.-3.1.0,r.-3.1.0,r.-3.1.0,r.-3.1.0,r.-3.1.0,r.-3.1.0,r.-3.1.0,r.-3.1.0,r.-3.1.0,r.-3.1.0,r.-3.1.0,r.-3.1.0,r.-3.1.0,r.-3.1.0,r.-3.1.0,r.-3.1.0,r.-3.1.0,r.-3.1.0,r.-3.1.0,r.-3.1.0,r.-3.1.0,r.-3.1.0,r.-3.1.0,r.-3.1.0,r.-3.1.0,r.-3.1.0,r.-3.1.0,r.-3.1.0,r.-3.1.0,r.-3.1.0,r.-3.1.0,r.-3.1.0,r.-3.1.0,r.-3.1.0,r.-3.1.0,r.-3.1.0,r.-3.1.0,r.-3.1.0,r.-3.1.0,r.-3.1.0,r.-3.1.0,r.-3.1.0,r.-3.1.0,r.-3.1.0,r.-3.1.0,,,,,,,,,,,,,,,,,,,,,
124,r.-3.1.0,r.-3.1.0,r.-3.1.0,r.-3.1.0,r.-3.1.0,r.-3.1.0,r.-3.1.0,r.-3.1.0,r.-3.1.0,r.-3.1.0,r.-3.1.0,r.-3.1.0,r.-3.1.0,r.-3.1.0,r.-3.1.0,r.-3.1.0,r.-3.1.0,r.-3.1.0,r.-3.1.0,r.-3.1.0,r.-3.1.0,r.-3.1.0,r.-3.1.0,r.-3.1.0,r.-3.1.0,r.-3.1.0,r.-3.1.0,r.-3.1.0,r.-3.1.0,r.-3.1.0,r.-3.1.0,r.-3.1.0,r.-3.1.0,r.-3.1.0,r.-3.1.0,r.-3.1.0,r.-3.1.0,r.-3.1.0,r.-3.1.0,r.-3.1.0,r.-3.1.0,r.-3.1.0,r.-3.1.0,r.-3.1.0,r.-3.1.0,r.-3.1.0,r.-3.1.0,r.-3.1.0,r.-3.1.0,r.-3.1.0,r.-3.1.0,r.-3.1.0,r.-3.1.0,r.-3.1.0,r.-3.1.0,r.-3.1.0,r.-3.1.0,r.-3.1.0,r.-3.1.0,r.-3.1.0,r.-3.1.0,r.-3.1.0,r.-3.1.0,r.-3.1.0,r.-3.1.0,r.-3.1.0,r.-3.1.0,r.-3.1.0,r.-3.1.0,r.-3.1.0,r.-3.1.0,r.-3.1.0,r.-3.1.0,r.-3.1.0,r.-3.1.0,r.-3.1.0,r.-3.1.0,r.-3.1.0,r.-3.1.0,r.-3.1.0,r.-3.1.0,r.-3.1.0,r.-3.1.0,r.-3.1.0,r.-3.1.0,r.-3.1.0,r.-3.1.0,r.-3.1.0,r.-3.1.0,r.-3.1.0,r.-3.1.0,r.-3.1.0,r.-3.1.0,r.-3.1.0,,,,,,,,,,,,,,,,,,,,,
125,r.-3.1.0,r.-3.1.0,r.-3.1.0,r.-3.1.0,r.-3.1.0,r.-3.1.0,r.-3.1.0,r.-3.1.0,r.-3.1.0,r.-3.1.0,r.-3.1.0,r.-3.1.0,r.-3.1.0,r.-3.1.0,r.-3.1.0,r.-3.1.0,r.-3.1.0,r.-3.1.0,r.-3.1.0,r.-3.1.0,r.-3.1.0,r.-3.1.0,r.-3.1.0,r.-3.1.0,r.-3.1.0,r.-3.1.0,r.-3.1.0,r.-3.1.0,r.-3.1.0,r.-3.1.0,r.-3.1.0,r.-3.1.0,r.-3.1.0,r.-3.1.0,r.-3.1.0,r.-3.1.0,r.-3.1.0,r.-3.1.0,r.-3.1.0,r.-3.1.0,r.-3.1.0,r.-3.1.0,r.-3.1.0,r.-3.1.0,r.-3.1.0,r.-3.1.0,r.-3.1.0,r.-3.1.0,r.-3.1.0,r.-3.1.0,r.-3.1.0,r.-3.1.0,r.-3.1.0,r.-3.1.0,r.-3.1.0,r.-3.1.0,r.-3.1.0,r.-3.1.0,r.-3.1.0,r.-3.1.0,r.-3.1.0,r.-3.1.0,r.-3.1.0,r.-3.1.0,r.-3.1.0,r.-3.1.0,r.-3.1.0,r.-3.1.0,r.-3.1.0,r.-3.1.0,r.-3.1.0,r.-3.1.0,r.-3.1.0,r.-3.1.0,r.-3.1.0,r.-3.1.0,r.-3.1.0,r.-3.1.0,r.-3.1.0,r.-3.1.0,r.-3.1.0,r.-3.1.0,r.-3.1.0,r.-3.1.0,r.-3.1.0,r.-3.1.0,r.-3.1.0,r.-3.1.0,r.-3.1.0,r.-3.1.0,r.-3.1.0,r.-3.1.0,r.-3.1.0,r.-3.1.0,,,,,,,,,,,,,,,,,,,,,
126,r.-3.1.0,r.-3.1.0,r.-3.1.0,r.-3.1.0,r.-3.1.0,r.-3.1.0,r.-3.1.0,r.-3.1.0,r.-3.1.0,r.-3.1.0,r.-3.1.0,r.-3.1.0,r.-3.1.0,r.-3.1.0,r.-3.1.0,r.-3.1.0,r.-3.1.0,r.-3.1.0,r.-3.1.0,r.-3.1.0,r.-3.1.0,r.-3.1.0,r.-3.1.0,r.-3.1.0,r.-3.1.0,r.-3.1.0,r.-3.1.0,r.-3.1.0,r.-3.1.0,r.-3.1.0,r.-3.1.0,r.-3.1.0,r.-3.1.0,r.-3.1.0,r.-3.1.0,r.-3.1.0,r.-3.1.0,r.-3.1.0,r.-3.1.0,r.-3.1.0,r.-3.1.0,r.-3.1.0,r.-3.1.0,r.-3.1.0,r.-3.1.0,r.-3.1.0,r.-3.1.0,r.-3.1.0,r.-3.1.0,r.-3.1.0,r.-3.1.0,r.-3.1.0,r.-3.1.0,r.-3.1.0,r.-3.1.0,r.-3.1.0,r.-3.1.0,r.-3.1.0,r.-3.1.0,r.-3.1.0,r.-3.1.0,r.-3.1.0,r.-3.1.0,r.-3.1.0,r.-3.1.0,r.-3.1.0,r.-3.1.0,r.-3.1.0,r.-3.1.0,r.-3.1.0,r.-3.1.0,r.-3.1.0,r.-3.1.0,r.-3.1.0,r.-3.1.0,r.-3.1.0,r.-3.1.0,r.-3.1.0,r.-3.1.0,r.-3.1.0,r.-3.1.0,r.-3.1.0,r.-3.1.0,r.-3.1.0,r.-3.1.0,r.-3.1.0,r.-3.1.0,r.-3.1.0,r.-3.1.0,r.-3.1.0,r.-3.1.0,r.-3.1.0,r.-3.1.0,r.-3.1.0,,,,,,,,,,,,,,,,,,,,,
127,r.-3.1.0,r.-3.1.0,r.-3.1.0,r.-3.1.0,r.-3.1.0,r.-3.1.0,r.-3.1.0,r.-3.1.0,r.-3.1.0,r.-3.1.0,r.-3.1.0,r.-3.1.0,r.-3.1.0,r.-3.1.0,r.-3.1.0,r.-3.1.0,r.-3.1.0,r.-3.1.0,r.-3.1.0,r.-3.1.0,r.-3.1.0,r.-3.1.0,r.-3.1.0,r.-3.1.0,r.-3.1.0,r.-3.1.0,r.-3.1.0,r.-3.1.0,r.-3.1.0,r.-3.1.0,r.-3.1.0,r.-3.1.0,r.-3.1.0,r.-3.1.0,r.-3.1.0,r.-3.1.0,r.-3.1.0,r.-3.1.0,r.-3.1.0,r.-3.1.0,r.-3.1.0,r.-3.1.0,r.-3.1.0,r.-3.1.0,r.-3.1.0,r.-3.1.0,r.-3.1.0,r.-3.1.0,r.-3.1.0,r.-3.1.0,r.-3.1.0,r.-3.1.0,r.-3.1.0,r.-3.1.0,r.-3.1.0,r.-3.1.0,r.-3.1.0,r.-3.1.0,r.-3.1.0,r.-3.1.0,r.-3.1.0,r.-3.1.0,r.-3.1.0,r.-3.1.0,r.-3.1.0,r.-3.1.0,r.-3.1.0,r.-3.1.0,r.-3.1.0,r.-3.1.0,r.-3.1.0,r.-3.1.0,r.-3.1.0,r.-3.1.0,r.-3.1.0,r.-3.1.0,r.-3.1.0,r.-3.1.0,r.-3.1.0,r.-3.1.0,r.-3.1.0,r.-3.1.0,r.-3.1.0,r.-3.1.0,r.-3.1.0,r.-3.1.0,r.-3.1.0,r.-3.1.0,r.-3.1.0,r.-3.1.0,r.-3.1.0,r.-3.1.0,r.-3.1.0,r.-3.1.0,,,,,,,,,,,,,,,,,,,,,
128,r.-3.1.0,r.-3.1.0,r.-3.1.0,r.-3.1.0,r.-3.1.0,r.-3.1.0,r.-3.1.0,r.-3.1.0,r.-3.1.0,r.-3.1.0,r.-3.1.0,r.-3.1.0,r.-3.1.0,r.-3.1.0,r.-3.1.0,r.-3.1.0,r.-3.1.0,r.-3.1.0,r.-3.1.0,r.-3.1.0,r.-3.1.0,r.-3.1.0,r.-3.1.0,r.-3.1.0,r.-3.1.0,r.-3.1.0,r.-3.1.0,r.-3.1.0,r.-3.1.0,r.-3.1.0,r.-3.1.0,r.-3.1.0,r.-3.1.0,r.-3.1.0,r.-3.1.0,r.-3.1.0,r.-3.1.0,r.-3.1.0,r.-3.1.0,r.-3.1.0,r.-3.1.0,r.-3.1.0,r.-3.1.0,r.-3.1.0,r.-3.1.0,r.-3.1.0,r.-3.1.0,r.-3.1.0,r.-3.1.0,r.-3.1.0,r.-3.1.0,r.-3.1.0,r.-3.1.0,r.-3.1.0,r.-3.1.0,r.-3.1.0,r.-3.1.0,r.-3.1.0,r.-3.1.0,r.-3.1.0,r.-3.1.0,r.-3.1.0,r.-3.1.0,r.-3.1.0,r.-3.1.0,r.-3.1.0,r.-3.1.0,r.-3.1.0,r.-3.1.0,r.-3.1.0,r.-3.1.0,r.-3.1.0,r.-3.1.0,r.-3.1.0,r.-3.1.0,r.-3.1.0,r.-3.1.0,r.-3.1.0,r.-3.1.0,r.-3.1.0,r.-3.1.0,r.-3.1.0,r.-3.1.0,r.-3.1.0,r.-3.1.0,r.-3.1.0,r.-3.1.0,r.-3.1.0,r.-3.1.0,r.-3.1.0,r.-3.1.0,r.-3.1.0,r.-3.1.0,r.-3.1.0,,,,,,,,,,,,,,,,,,,,,
129,r.-3.1.0,r.-3.1.0,r.-3.1.0,r.-3.1.0,r.-3.1.0,r.-3.1.0,r.-3.1.0,r.-3.1.0,r.-3.1.0,r.-3.1.0,r.-3.1.0,r.-3.1.0,r.-3.1.0,r.-3.1.0,r.-3.1.0,r.-3.1.0,r.-3.1.0,r.-3.1.0,r.-3.1.0,r.-3.1.0,r.-3.1.0,r.-3.1.0,r.-3.1.0,r.-3.1.0,r.-3.1.0,r.-3.1.0,r.-3.1.0,r.-3.1.0,r.-3.1.0,r.-3.1.0,r.-3.1.0,r.-3.1.0,r.-3.1.0,r.-3.1.0,r.-3.1.0,r.-3.1.0,r.-3.1.0,r.-3.1.0,r.-3.1.0,r.-3.1.0,r.-3.1.0,r.-3.1.0,r.-3.1.0,r.-3.1.0,r.-3.1.0,r.-3.1.0,r.-3.1.0,r.-3.1.0,r.-3.1.0,r.-3.1.0,r.-3.1.0,r.-3.1.0,r.-3.1.0,r.-3.1.0,r.-3.1.0,r.-3.1.0,r.-3.1.0,r.-3.1.0,r.-3.1.0,r.-3.1.0,r.-3.1.0,r.-3.1.0,r.-3.1.0,r.-3.1.0,r.-3.1.0,r.-3.1.0,r.-3.1.0,r.-3.1.0,r.-3.1.0,r.-3.1.0,r.-3.1.0,r.-3.1.0,r.-3.1.0,r.-3.1.0,r.-3.1.0,r.-3.1.0,r.-3.1.0,r.-3.1.0,r.-3.1.0,r.-3.1.0,r.-3.1.0,r.-3.1.0,r.-3.1.0,r.-3.1.0,r.-3.1.0,r.-3.1.0,r.-3.1.0,r.-3.1.0,r.-3.1.0,r.-3.1.0,r.-3.1.0,r.-3.1.0,r.-3.1.0,r.-3.1.0,,,,,,,,,,,,,,,,,,,,,
130,r.-3.1.0,r.-3.1.0,r.-3.1.0,r.-3.1.0,r.-3.1.0,r.-3.1.0,r.-3.1.0,r.-3.1.0,r.-3.1.0,r.-3.1.0,r.-3.1.0,r.-3.1.0,r.-3.1.0,r.-3.1.0,r.-3.1.0,r.-3.1.0,r.-3.1.0,r.-3.1.0,r.-3.1.0,r.-3.1.0,r.-3.1.0,r.-3.1.0,r.-3.1.0,r.-3.1.0,r.-3.1.0,r.-3.1.0,r.-3.1.0,r.-3.1.0,r.-3.1.0,r.-3.1.0,r.-3.1.0,r.-3.1.0,r.-3.1.0,r.-3.1.0,r.-3.1.0,r.-3.1.0,r.-3.1.0,r.-3.1.0,r.-3.1.0,r.-3.1.0,r.-3.1.0,r.-3.1.0,r.-3.1.0,r.-3.1.0,r.-3.1.0,r.-3.1.0,r.-3.1.0,r.-3.1.0,r.-3.1.0,r.-3.1.0,r.-3.1.0,r.-3.1.0,r.-3.1.0,r.-3.1.0,r.-3.1.0,r.-3.1.0,r.-3.1.0,r.-3.1.0,r.-3.1.0,r.-3.1.0,r.-3.1.0,r.-3.1.0,r.-3.1.0,r.-3.1.0,r.-3.1.0,r.-3.1.0,r.-3.1.0,r.-3.1.0,r.-3.1.0,r.-3.1.0,r.-3.1.0,r.-3.1.0,r.-3.1.0,r.-3.1.0,r.-3.1.0,r.-3.1.0,r.-3.1.0,r.-3.1.0,r.-3.1.0,r.-3.1.0,r.-3.1.0,r.-3.1.0,r.-3.1.0,r.-3.1.0,r.-3.1.0,r.-3.1.0,r.-3.1.0,r.-3.1.0,r.-3.1.0,r.-3.1.0,r.-3.1.0,r.-3.1.0,r.-3.1.0,r.-3.1.0,,,,,,,,,,,,,,,,,,,,,
131,r.-3.1.0,r.-3.1.0,r.-3.1.0,r.-3.1.0,r.-3.1.0,r.-3.1.0,r.-3.1.0,r.-3.1.0,r.-3.1.0,r.-3.1.0,r.-3.1.0,r.-3.1.0,r.-3.1.0,r.-3.1.0,r.-3.1.0,r.-3.1.0,r.-3.1.0,r.-3.1.0,r.-3.1.0,r.-3.1.0,r.-3.1.0,r.-3.1.0,r.-3.1.0,r.-3.1.0,r.-3.1.0,r.-3.1.0,r.-3.1.0,r.-3.1.0,r.-3.1.0,r.-3.1.0,r.-3.1.0,r.-3.1.0,r.-3.1.0,r.-3.1.0,r.-3.1.0,r.-3.1.0,r.-3.1.0,r.-3.1.0,r.-3.1.0,r.-3.1.0,r.-3.1.0,r.-3.1.0,r.-3.1.0,r.-3.1.0,r.-3.1.0,r.-3.1.0,r.-3.1.0,r.-3.1.0,r.-3.1.0,r.-3.1.0,r.-3.1.0,r.-3.1.0,r.-3.1.0,r.-3.1.0,r.-3.1.0,r.-3.1.0,r.-3.1.0,r.-3.1.0,r.-3.1.0,r.-3.1.0,r.-3.1.0,r.-3.1.0,r.-3.1.0,r.-3.1.0,r.-3.1.0,r.-3.1.0,r.-3.1.0,r.-3.1.0,r.-3.1.0,r.-3.1.0,r.-3.1.0,r.-3.1.0,r.-3.1.0,r.-3.1.0,r.-3.1.0,r.-3.1.0,r.-3.1.0,r.-3.1.0,r.-3.1.0,r.-3.1.0,r.-3.1.0,r.-3.1.0,r.-3.1.0,r.-3.1.0,r.-3.1.0,r.-3.1.0,r.-3.1.0,r.-3.1.0,r.-3.1.0,r.-3.1.0,r.-3.1.0,r.-3.1.0,r.-3.1.0,r.-3.1.0,,,,,,,,,,,,,,,,,,,,,
132,r.-3.1.0,r.-3.1.0,r.-3.1.0,r.-3.1.0,r.-3.1.0,r.-3.1.0,r.-3.1.0,r.-3.1.0,r.-3.1.0,r.-3.1.0,r.-3.1.0,r.-3.1.0,r.-3.1.0,r.-3.1.0,r.-3.1.0,r.-3.1.0,r.-3.1.0,r.-3.1.0,r.-3.1.0,r.-3.1.0,r.-3.1.0,r.-3.1.0,r.-3.1.0,r.-3.1.0,r.-3.1.0,r.-3.1.0,r.-3.1.0,r.-3.1.0,r.-3.1.0,r.-3.1.0,r.-3.1.0,r.-3.1.0,r.-3.1.0,r.-3.1.0,r.-3.1.0,r.-3.1.0,r.-3.1.0,r.-3.1.0,r.-3.1.0,r.-3.1.0,r.-3.1.0,r.-3.1.0,r.-3.1.0,r.-3.1.0,r.-3.1.0,r.-3.1.0,r.-3.1.0,r.-3.1.0,r.-3.1.0,r.-3.1.0,r.-3.1.0,r.-3.1.0,r.-3.1.0,r.-3.1.0,r.-3.1.0,r.-3.1.0,r.-3.1.0,r.-3.1.0,r.-3.1.0,r.-3.1.0,r.-3.1.0,r.-3.1.0,r.-3.1.0,r.-3.1.0,r.-3.1.0,r.-3.1.0,r.-3.1.0,r.-3.1.0,r.-3.1.0,r.-3.1.0,r.-3.1.0,r.-3.1.0,r.-3.1.0,r.-3.1.0,r.-3.1.0,r.-3.1.0,r.-3.1.0,r.-3.1.0,r.-3.1.0,r.-3.1.0,r.-3.1.0,r.-3.1.0,r.-3.1.0,r.-3.1.0,r.-3.1.0,r.-3.1.0,r.-3.1.0,r.-3.1.0,r.-3.1.0,r.-3.1.0,r.-3.1.0,r.-3.1.0,r.-3.1.0,r.-3.1.0,,,,,,,,,,,,,,,,,,,,,
133,r.-3.1.0,r.-3.1.0,r.-3.1.0,r.-3.1.0,r.-3.1.0,r.-3.1.0,r.-3.1.0,r.-3.1.0,r.-3.1.0,r.-3.1.0,r.-3.1.0,r.-3.1.0,r.-3.1.0,r.-3.1.0,r.-3.1.0,r.-3.1.0,r.-3.1.0,r.-3.1.0,r.-3.1.0,r.-3.1.0,r.-3.1.0,r.-3.1.0,r.-3.1.0,r.-3.1.0,r.-3.1.0,r.-3.1.0,r.-3.1.0,r.-3.1.0,r.-3.1.0,r.-3.1.0,r.-3.1.0,r.-3.1.0,r.-3.1.0,r.-3.1.0,r.-3.1.0,r.-3.1.0,r.-3.1.0,r.-3.1.0,r.-3.1.0,r.-3.1.0,r.-3.1.0,r.-3.1.0,r.-3.1.0,r.-3.1.0,r.-3.1.0,r.-3.1.0,r.-3.1.0,r.-3.1.0,r.-3.1.0,r.-3.1.0,r.-3.1.0,r.-3.1.0,r.-3.1.0,r.-3.1.0,r.-3.1.0,r.-3.1.0,r.-3.1.0,r.-3.1.0,r.-3.1.0,r.-3.1.0,r.-3.1.0,r.-3.1.0,r.-3.1.0,r.-3.1.0,r.-3.1.0,r.-3.1.0,r.-3.1.0,r.-3.1.0,r.-3.1.0,r.-3.1.0,r.-3.1.0,r.-3.1.0,r.-3.1.0,r.-3.1.0,r.-3.1.0,r.-3.1.0,r.-3.1.0,r.-3.1.0,r.-3.1.0,r.-3.1.0,r.-3.1.0,r.-3.1.0,r.-3.1.0,r.-3.1.0,r.-3.1.0,r.-3.1.0,r.-3.1.0,r.-3.1.0,r.-3.1.0,r.-3.1.0,r.-3.1.0,r.-3.1.0,r.-3.1.0,r.-3.1.0,,,,,,,,,,,,,,,,,,,,,
134,r.-3.1.0,r.-3.1.0,r.-3.1.0,r.-3.1.0,r.-3.1.0,r.-3.1.0,r.-3.1.0,r.-3.1.0,r.-3.1.0,r.-3.1.0,r.-3.1.0,r.-3.1.0,r.-3.1.0,r.-3.1.0,r.-3.1.0,r.-3.1.0,r.-3.1.0,r.-3.1.0,r.-3.1.0,r.-3.1.0,r.-3.1.0,r.-3.1.0,r.-3.1.0,r.-3.1.0,r.-3.1.0,r.-3.1.0,r.-3.1.0,r.-3.1.0,r.-3.1.0,r.-3.1.0,r.-3.1.0,r.-3.1.0,r.-3.1.0,r.-3.1.0,r.-3.1.0,r.-3.1.0,r.-3.1.0,r.-3.1.0,r.-3.1.0,r.-3.1.0,r.-3.1.0,r.-3.1.0,r.-3.1.0,r.-3.1.0,r.-3.1.0,r.-3.1.0,r.-3.1.0,r.-3.1.0,r.-3.1.0,r.-3.1.0,r.-3.1.0,r.-3.1.0,r.-3.1.0,r.-3.1.0,r.-3.1.0,r.-3.1.0,r.-3.1.0,r.-3.1.0,r.-3.1.0,r.-3.1.0,r.-3.1.0,r.-3.1.0,r.-3.1.0,r.-3.1.0,r.-3.1.0,r.-3.1.0,r.-3.1.0,r.-3.1.0,r.-3.1.0,r.-3.1.0,r.-3.1.0,r.-3.1.0,r.-3.1.0,r.-3.1.0,r.-3.1.0,r.-3.1.0,r.-3.1.0,r.-3.1.0,r.-3.1.0,r.-3.1.0,r.-3.1.0,r.-3.1.0,r.-3.1.0,r.-3.1.0,r.-3.1.0,r.-3.1.0,r.-3.1.0,r.-3.1.0,r.-3.1.0,r.-3.1.0,r.-3.1.0,r.-3.1.0,r.-3.1.0,r.-3.1.0,,,,,,,,,,,,,,,,,,,,,
135,r.-3.1.0,r.-3.1.0,r.-3.1.0,r.-3.1.0,r.-3.1.0,r.-3.1.0,r.-3.1.0,r.-3.1.0,r.-3.1.0,r.-3.1.0,r.-3.1.0,r.-3.1.0,r.-3.1.0,r.-3.1.0,r.-3.1.0,r.-3.1.0,r.-3.1.0,r.-3.1.0,r.-3.1.0,r.-3.1.0,r.-3.1.0,r.-3.1.0,r.-3.1.0,r.-3.1.0,r.-3.1.0,r.-3.1.0,r.-3.1.0,r.-3.1.0,r.-3.1.0,r.-3.1.0,r.-3.1.0,r.-3.1.0,r.-3.1.0,r.-3.1.0,r.-3.1.0,r.-3.1.0,r.-3.1.0,r.-3.1.0,r.-3.1.0,r.-3.1.0,r.-3.1.0,r.-3.1.0,r.-3.1.0,r.-3.1.0,r.-3.1.0,r.-3.1.0,r.-3.1.0,r.-3.1.0,r.-3.1.0,r.-3.1.0,r.-3.1.0,r.-3.1.0,r.-3.1.0,r.-3.1.0,r.-3.1.0,r.-3.1.0,r.-3.1.0,r.-3.1.0,r.-3.1.0,r.-3.1.0,r.-3.1.0,r.-3.1.0,r.-3.1.0,r.-3.1.0,r.-3.1.0,r.-3.1.0,r.-3.1.0,r.-3.1.0,r.-3.1.0,r.-3.1.0,r.-3.1.0,r.-3.1.0,r.-3.1.0,r.-3.1.0,r.-3.1.0,r.-3.1.0,r.-3.1.0,r.-3.1.0,r.-3.1.0,r.-3.1.0,r.-3.1.0,r.-3.1.0,r.-3.1.0,r.-3.1.0,r.-3.1.0,r.-3.1.0,r.-3.1.0,r.-3.1.0,r.-3.1.0,r.-3.1.0,r.-3.1.0,r.-3.1.0,r.-3.1.0,r.-3.1.0,,,,,,,,,,,,,,,,,,,,,
136,r.-3.1.0,r.-3.1.0,r.-3.1.0,r.-3.1.0,r.-3.1.0,r.-3.1.0,r.-3.1.0,r.-3.1.0,r.-3.1.0,r.-3.1.0,r.-3.1.0,r.-3.1.0,r.-3.1.0,r.-3.1.0,r.-3.1.0,r.-3.1.0,r.-3.1.0,r.-3.1.0,r.-3.1.0,r.-3.1.0,r.-3.1.0,r.-3.1.0,r.-3.1.0,r.-3.1.0,r.-3.1.0,r.-3.1.0,r.-3.1.0,r.-3.1.0,r.-3.1.0,r.-3.1.0,r.-3.1.0,r.-3.1.0,r.-3.1.0,r.-3.1.0,r.-3.1.0,r.-3.1.0,r.-3.1.0,r.-3.1.0,r.-3.1.0,r.-3.1.0,r.-3.1.0,r.-3.1.0,r.-3.1.0,r.-3.1.0,r.-3.1.0,r.-3.1.0,r.-3.1.0,r.-3.1.0,r.-3.1.0,r.-3.1.0,r.-3.1.0,r.-3.1.0,r.-3.1.0,r.-3.1.0,r.-3.1.0,r.-3.1.0,r.-3.1.0,r.-3.1.0,r.-3.1.0,r.-3.1.0,r.-3.1.0,r.-3.1.0,r.-3.1.0,r.-3.1.0,r.-3.1.0,r.-3.1.0,r.-3.1.0,r.-3.1.0,r.-3.1.0,r.-3.1.0,r.-3.1.0,r.-3.1.0,r.-3.1.0,r.-3.1.0,r.-3.1.0,r.-3.1.0,r.-3.1.0,r.-3.1.0,r.-3.1.0,r.-3.1.0,r.-3.1.0,r.-3.1.0,r.-3.1.0,r.-3.1.0,r.-3.1.0,r.-3.1.0,r.-3.1.0,r.-3.1.0,r.-3.1.0,r.-3.1.0,r.-3.1.0,r.-3.1.0,r.-3.1.0,r.-3.1.0,,,,,,,,,,,,,,,,,,,,,
137,r.-3.1.0,r.-3.1.0,r.-3.1.0,r.-3.1.0,r.-3.1.0,r.-3.1.0,r.-3.1.0,r.-3.1.0,r.-3.1.0,r.-3.1.0,r.-3.1.0,r.-3.1.0,r.-3.1.0,r.-3.1.0,r.-3.1.0,r.-3.1.0,r.-3.1.0,r.-3.1.0,r.-3.1.0,r.-3.1.0,r.-3.1.0,r.-3.1.0,r.-3.1.0,r.-3.1.0,r.-3.1.0,r.-3.1.0,r.-3.1.0,r.-3.1.0,r.-3.1.0,r.-3.1.0,r.-3.1.0,r.-3.1.0,r.-3.1.0,r.-3.1.0,r.-3.1.0,r.-3.1.0,r.-3.1.0,r.-3.1.0,r.-3.1.0,r.-3.1.0,r.-3.1.0,r.-3.1.0,r.-3.1.0,r.-3.1.0,r.-3.1.0,r.-3.1.0,r.-3.1.0,r.-3.1.0,r.-3.1.0,r.-3.1.0,r.-3.1.0,r.-3.1.0,r.-3.1.0,r.-3.1.0,r.-3.1.0,r.-3.1.0,r.-3.1.0,r.-3.1.0,r.-3.1.0,r.-3.1.0,r.-3.1.0,r.-3.1.0,r.-3.1.0,r.-3.1.0,r.-3.1.0,r.-3.1.0,r.-3.1.0,r.-3.1.0,r.-3.1.0,r.-3.1.0,r.-3.1.0,r.-3.1.0,r.-3.1.0,r.-3.1.0,r.-3.1.0,r.-3.1.0,r.-3.1.0,r.-3.1.0,r.-3.1.0,r.-3.1.0,r.-3.1.0,r.-3.1.0,r.-3.1.0,r.-3.1.0,r.-3.1.0,r.-3.1.0,r.-3.1.0,r.-3.1.0,r.-3.1.0,r.-3.1.0,r.-3.1.0,r.-3.1.0,r.-3.1.0,r.-3.1.0,,,,,,,,,,,,,,,,,,,,,
138,r.-3.1.0,r.-3.1.0,r.-3.1.0,r.-3.1.0,r.-3.1.0,r.-3.1.0,r.-3.1.0,r.-3.1.0,r.-3.1.0,r.-3.1.0,r.-3.1.0,r.-3.1.0,r.-3.1.0,r.-3.1.0,r.-3.1.0,r.-3.1.0,r.-3.1.0,r.-3.1.0,r.-3.1.0,r.-3.1.0,r.-3.1.0,r.-3.1.0,r.-3.1.0,r.-3.1.0,r.-3.1.0,r.-3.1.0,r.-3.1.0,r.-3.1.0,r.-3.1.0,r.-3.1.0,r.-3.1.0,r.-3.1.0,r.-3.1.0,r.-3.1.0,r.-3.1.0,r.-3.1.0,r.-3.1.0,r.-3.1.0,r.-3.1.0,r.-3.1.0,r.-3.1.0,r.-3.1.0,r.-3.1.0,r.-3.1.0,r.-3.1.0,r.-3.1.0,r.-3.1.0,r.-3.1.0,r.-3.1.0,r.-3.1.0,r.-3.1.0,r.-3.1.0,r.-3.1.0,r.-3.1.0,r.-3.1.0,r.-3.1.0,r.-3.1.0,r.-3.1.0,r.-3.1.0,r.-3.1.0,r.-3.1.0,r.-3.1.0,r.-3.1.0,r.-3.1.0,r.-3.1.0,r.-3.1.0,r.-3.1.0,r.-3.1.0,r.-3.1.0,r.-3.1.0,r.-3.1.0,r.-3.1.0,r.-3.1.0,r.-3.1.0,r.-3.1.0,r.-3.1.0,r.-3.1.0,r.-3.1.0,r.-3.1.0,r.-3.1.0,r.-3.1.0,r.-3.1.0,r.-3.1.0,r.-3.1.0,r.-3.1.0,r.-3.1.0,r.-3.1.0,r.-3.1.0,r.-3.1.0,r.-3.1.0,r.-3.1.0,r.-3.1.0,r.-3.1.0,r.-3.1.0,,,,,,,,,,,,,,,,,,,,,
139,r.-3.1.0,r.-3.1.0,r.-3.1.0,r.-3.1.0,r.-3.1.0,r.-3.1.0,r.-3.1.0,r.-3.1.0,r.-3.1.0,r.-3.1.0,r.-3.1.0,r.-3.1.0,r.-3.1.0,r.-3.1.0,r.-3.1.0,r.-3.1.0,r.-3.1.0,r.-3.1.0,r.-3.1.0,r.-3.1.0,r.-3.1.0,r.-3.1.0,r.-3.1.0,r.-3.1.0,r.-3.1.0,r.-3.1.0,r.-3.1.0,r.-3.1.0,r.-3.1.0,r.-3.1.0,r.-3.1.0,r.-3.1.0,r.-3.1.0,r.-3.1.0,r.-3.1.0,r.-3.1.0,r.-3.1.0,r.-3.1.0,r.-3.1.0,r.-3.1.0,r.-3.1.0,r.-3.1.0,r.-3.1.0,r.-3.1.0,r.-3.1.0,r.-3.1.0,r.-3.1.0,r.-3.1.0,r.-3.1.0,r.-3.1.0,r.-3.1.0,r.-3.1.0,r.-3.1.0,r.-3.1.0,r.-3.1.0,r.-3.1.0,r.-3.1.0,r.-3.1.0,r.-3.1.0,r.-3.1.0,r.-3.1.0,r.-3.1.0,r.-3.1.0,r.-3.1.0,r.-3.1.0,r.-3.1.0,r.-3.1.0,r.-3.1.0,r.-3.1.0,r.-3.1.0,r.-3.1.0,r.-3.1.0,r.-3.1.0,r.-3.1.0,r.-3.1.0,r.-3.1.0,r.-3.1.0,r.-3.1.0,r.-3.1.0,r.-3.1.0,r.-3.1.0,r.-3.1.0,r.-3.1.0,r.-3.1.0,r.-3.1.0,r.-3.1.0,r.-3.1.0,r.-3.1.0,r.-3.1.0,r.-3.1.0,r.-3.1.0,r.-3.1.0,r.-3.1.0,r.-3.1.0,,,,,,,,,,,,,,,,,,,,,
140,r.-3.1.0,r.-3.1.0,r.-3.1.0,r.-3.1.0,r.-3.1.0,r.-3.1.0,r.-3.1.0,r.-3.1.0,r.-3.1.0,r.-3.1.0,r.-3.1.0,r.-3.1.0,r.-3.1.0,r.-3.1.0,r.-3.1.0,r.-3.1.0,r.-3.1.0,r.-3.1.0,r.-3.1.0,r.-3.1.0,r.-3.1.0,r.-3.1.0,r.-3.1.0,r.-3.1.0,r.-3.1.0,r.-3.1.0,r.-3.1.0,r.-3.1.0,r.-3.1.0,r.-3.1.0,r.-3.1.0,r.-3.1.0,r.-3.1.0,r.-3.1.0,r.-3.1.0,r.-3.1.0,r.-3.1.0,r.-3.1.0,r.-3.1.0,r.-3.1.0,r.-3.1.0,r.-3.1.0,r.-3.1.0,r.-3.1.0,r.-3.1.0,r.-3.1.0,r.-3.1.0,r.-3.1.0,r.-3.1.0,r.-3.1.0,r.-3.1.0,r.-3.1.0,r.-3.1.0,r.-3.1.0,r.-3.1.0,r.-3.1.0,r.-3.1.0,r.-3.1.0,r.-3.1.0,r.-3.1.0,r.-3.1.0,r.-3.1.0,r.-3.1.0,r.-3.1.0,r.-3.1.0,r.-3.1.0,r.-3.1.0,r.-3.1.0,r.-3.1.0,r.-3.1.0,r.-3.1.0,r.-3.1.0,r.-3.1.0,r.-3.1.0,r.-3.1.0,r.-3.1.0,r.-3.1.0,r.-3.1.0,r.-3.1.0,r.-3.1.0,r.-3.1.0,r.-3.1.0,r.-3.1.0,r.-3.1.0,r.-3.1.0,r.-3.1.0,r.-3.1.0,r.-3.1.0,r.-3.1.0,r.-3.1.0,r.-3.1.0,r.-3.1.0,r.-3.1.0,r.-3.1.0,,,,,,,,,,,,,,,,,,,,,
141,r.-3.1.0,r.-3.1.0,r.-3.1.0,r.-3.1.0,r.-3.1.0,r.-3.1.0,r.-3.1.0,r.-3.1.0,r.-3.1.0,r.-3.1.0,r.-3.1.0,r.-3.1.0,r.-3.1.0,r.-3.1.0,r.-3.1.0,r.-3.1.0,r.-3.1.0,r.-3.1.0,r.-3.1.0,r.-3.1.0,r.-3.1.0,r.-3.1.0,r.-3.1.0,r.-3.1.0,r.-3.1.0,r.-3.1.0,r.-3.1.0,r.-3.1.0,r.-3.1.0,r.-3.1.0,r.-3.1.0,r.-3.1.0,r.-3.1.0,r.-3.1.0,r.-3.1.0,r.-3.1.0,r.-3.1.0,r.-3.1.0,r.-3.1.0,r.-3.1.0,r.-3.1.0,r.-3.1.0,r.-3.1.0,r.-3.1.0,r.-3.1.0,r.-3.1.0,r.-3.1.0,r.-3.1.0,r.-3.1.0,r.-3.1.0,r.-3.1.0,r.-3.1.0,r.-3.1.0,r.-3.1.0,r.-3.1.0,r.-3.1.0,r.-3.1.0,r.-3.1.0,r.-3.1.0,r.-3.1.0,r.-3.1.0,r.-3.1.0,r.-3.1.0,r.-3.1.0,r.-3.1.0,r.-3.1.0,r.-3.1.0,r.-3.1.0,r.-3.1.0,r.-3.1.0,r.-3.1.0,r.-3.1.0,r.-3.1.0,r.-3.1.0,r.-3.1.0,r.-3.1.0,r.-3.1.0,r.-3.1.0,r.-3.1.0,r.-3.1.0,r.-3.1.0,r.-3.1.0,r.-3.1.0,r.-3.1.0,r.-3.1.0,r.-3.1.0,r.-3.1.0,r.-3.1.0,r.-3.1.0,r.-3.1.0,r.-3.1.0,r.-3.1.0,r.-3.1.0,r.-3.1.0,,,,,,,,,,,,,,,,,,,,,
142,r.-3.1.0,r.-3.1.0,r.-3.1.0,r.-3.1.0,r.-3.1.0,r.-3.1.0,r.-3.1.0,r.-3.1.0,r.-3.1.0,r.-3.1.0,r.-3.1.0,r.-3.1.0,r.-3.1.0,r.-3.1.0,r.-3.1.0,r.-3.1.0,r.-3.1.0,r.-3.1.0,r.-3.1.0,r.-3.1.0,r.-3.1.0,r.-3.1.0,r.-3.1.0,r.-3.1.0,r.-3.1.0,r.-3.1.0,r.-3.1.0,r.-3.1.0,r.-3.1.0,r.-3.1.0,r.-3.1.0,r.-3.1.0,r.-3.1.0,r.-3.1.0,r.-3.1.0,r.-3.1.0,r.-3.1.0,r.-3.1.0,r.-3.1.0,r.-3.1.0,r.-3.1.0,r.-3.1.0,r.-3.1.0,r.-3.1.0,r.-3.1.0,r.-3.1.0,r.-3.1.0,r.-3.1.0,r.-3.1.0,r.-3.1.0,r.-3.1.0,r.-3.1.0,r.-3.1.0,r.-3.1.0,r.-3.1.0,r.-3.1.0,r.-3.1.0,r.-3.1.0,r.-3.1.0,r.-3.1.0,r.-3.1.0,r.-3.1.0,r.-3.1.0,r.-3.1.0,r.-3.1.0,r.-3.1.0,r.-3.1.0,r.-3.1.0,r.-3.1.0,r.-3.1.0,r.-3.1.0,r.-3.1.0,r.-3.1.0,r.-3.1.0,r.-3.1.0,r.-3.1.0,r.-3.1.0,r.-3.1.0,r.-3.1.0,r.-3.1.0,r.-3.1.0,r.-3.1.0,r.-3.1.0,r.-3.1.0,r.-3.1.0,r.-3.1.0,r.-3.1.0,r.-3.1.0,r.-3.1.0,r.-3.1.0,r.-3.1.0,r.-3.1.0,r.-3.1.0,r.-3.1.0,,,,,,,,,,,,,,,,,,,,,
143,r.-3.1.0,r.-3.1.0,r.-3.1.0,r.-3.1.0,r.-3.1.0,r.-3.1.0,r.-3.1.0,r.-3.1.0,r.-3.1.0,r.-3.1.0,r.-3.1.0,r.-3.1.0,r.-3.1.0,r.-3.1.0,r.-3.1.0,r.-3.1.0,r.-3.1.0,r.-3.1.0,r.-3.1.0,r.-3.1.0,r.-3.1.0,r.-3.1.0,r.-3.1.0,r.-3.1.0,r.-3.1.0,r.-3.1.0,r.-3.1.0,r.-3.1.0,r.-3.1.0,r.-3.1.0,r.-3.1.0,r.-3.1.0,r.-3.1.0,r.-3.1.0,r.-3.1.0,r.-3.1.0,r.-3.1.0,r.-3.1.0,r.-3.1.0,r.-3.1.0,r.-3.1.0,r.-3.1.0,r.-3.1.0,r.-3.1.0,r.-3.1.0,r.-3.1.0,r.-3.1.0,r.-3.1.0,r.-3.1.0,r.-3.1.0,r.-3.1.0,r.-3.1.0,r.-3.1.0,r.-3.1.0,r.-3.1.0,r.-3.1.0,r.-3.1.0,r.-3.1.0,r.-3.1.0,r.-3.1.0,r.-3.1.0,r.-3.1.0,r.-3.1.0,r.-3.1.0,r.-3.1.0,r.-3.1.0,r.-3.1.0,r.-3.1.0,r.-3.1.0,r.-3.1.0,r.-3.1.0,r.-3.1.0,r.-3.1.0,r.-3.1.0,r.-3.1.0,r.-3.1.0,r.-3.1.0,r.-3.1.0,r.-3.1.0,r.-3.1.0,r.-3.1.0,r.-3.1.0,r.-3.1.0,r.-3.1.0,r.-3.1.0,r.-3.1.0,r.-3.1.0,r.-3.1.0,r.-3.1.0,r.-3.1.0,r.-3.1.0,r.-3.1.0,r.-3.1.0,r.-3.1.0,,,,,,,,,,,,,,,,,,,,,
144,r.-3.1.0,r.-3.1.0,r.-3.1.0,r.-3.1.0,r.-3.1.0,r.-3.1.0,r.-3.1.0,r.-3.1.0,r.-3.1.0,r.-3.1.0,r.-3.1.0,r.-3.1.0,r.-3.1.0,r.-3.1.0,r.-3.1.0,r.-3.1.0,r.-3.1.0,r.-3.1.0,r.-3.1.0,r.-3.1.0,r.-3.1.0,r.-3.1.0,r.-3.1.0,r.-3.1.0,r.-3.1.0,r.-3.1.0,r.-3.1.0,r.-3.1.0,r.-3.1.0,r.-3.1.0,r.-3.1.0,r.-3.1.0,r.-3.1.0,r.-3.1.0,r.-3.1.0,r.-3.1.0,r.-3.1.0,r.-3.1.0,r.-3.1.0,r.-3.1.0,r.-3.1.0,r.-3.1.0,r.-3.1.0,r.-3.1.0,r.-3.1.0,r.-3.1.0,r.-3.1.0,r.-3.1.0,r.-3.1.0,r.-3.1.0,r.-3.1.0,r.-3.1.0,r.-3.1.0,r.-3.1.0,r.-3.1.0,r.-3.1.0,r.-3.1.0,r.-3.1.0,r.-3.1.0,r.-3.1.0,r.-3.1.0,r.-3.1.0,r.-3.1.0,r.-3.1.0,r.-3.1.0,r.-3.1.0,r.-3.1.0,r.-3.1.0,r.-3.1.0,r.-3.1.0,r.-3.1.0,r.-3.1.0,r.-3.1.0,r.-3.1.0,r.-3.1.0,r.-3.1.0,r.-3.1.0,r.-3.1.0,r.-3.1.0,r.-3.1.0,r.-3.1.0,r.-3.1.0,r.-3.1.0,r.-3.1.0,r.-3.1.0,r.-3.1.0,r.-3.1.0,r.-3.1.0,r.-3.1.0,r.-3.1.0,r.-3.1.0,r.-3.1.0,r.-3.1.0,r.-3.1.0,,,,,,,,,,,,,,,,,,,,,
145,r.-3.1.0,r.-3.1.0,r.-3.1.0,r.-3.1.0,r.-3.1.0,r.-3.1.0,r.-3.1.0,r.-3.1.0,r.-3.1.0,r.-3.1.0,r.-3.1.0,r.-3.1.0,r.-3.1.0,r.-3.1.0,r.-3.1.0,r.-3.1.0,r.-3.1.0,r.-3.1.0,r.-3.1.0,r.-3.1.0,r.-3.1.0,r.-3.1.0,r.-3.1.0,r.-3.1.0,r.-3.1.0,r.-3.1.0,r.-3.1.0,r.-3.1.0,r.-3.1.0,r.-3.1.0,r.-3.1.0,r.-3.1.0,r.-3.1.0,r.-3.1.0,r.-3.1.0,r.-3.1.0,r.-3.1.0,r.-3.1.0,r.-3.1.0,r.-3.1.0,r.-3.1.0,r.-3.1.0,r.-3.1.0,r.-3.1.0,r.-3.1.0,r.-3.1.0,r.-3.1.0,r.-3.1.0,r.-3.1.0,r.-3.1.0,r.-3.1.0,r.-3.1.0,r.-3.1.0,r.-3.1.0,r.-3.1.0,r.-3.1.0,r.-3.1.0,r.-3.1.0,r.-3.1.0,r.-3.1.0,r.-3.1.0,r.-3.1.0,r.-3.1.0,r.-3.1.0,r.-3.1.0,r.-3.1.0,r.-3.1.0,r.-3.1.0,r.-3.1.0,r.-3.1.0,r.-3.1.0,r.-3.1.0,r.-3.1.0,r.-3.1.0,r.-3.1.0,r.-3.1.0,r.-3.1.0,r.-3.1.0,r.-3.1.0,r.-3.1.0,r.-3.1.0,r.-3.1.0,r.-3.1.0,r.-3.1.0,r.-3.1.0,r.-3.1.0,r.-3.1.0,r.-3.1.0,r.-3.1.0,r.-3.1.0,r.-3.1.0,r.-3.1.0,r.-3.1.0,r.-3.1.0,,,,,,,,,,,,,,,,,,,,,
146,r.-3.1.0,r.-3.1.0,r.-3.1.0,r.-3.1.0,r.-3.1.0,r.-3.1.0,r.-3.1.0,r.-3.1.0,r.-3.1.0,r.-3.1.0,r.-3.1.0,r.-3.1.0,r.-3.1.0,r.-3.1.0,r.-3.1.0,r.-3.1.0,r.-3.1.0,r.-3.1.0,r.-3.1.0,r.-3.1.0,r.-3.1.0,r.-3.1.0,r.-3.1.0,r.-3.1.0,r.-3.1.0,r.-3.1.0,r.-3.1.0,r.-3.1.0,r.-3.1.0,r.-3.1.0,r.-3.1.0,r.-3.1.0,r.-3.1.0,r.-3.1.0,r.-3.1.0,r.-3.1.0,r.-3.1.0,r.-3.1.0,r.-3.1.0,r.-3.1.0,r.-3.1.0,r.-3.1.0,r.-3.1.0,r.-3.1.0,r.-3.1.0,r.-3.1.0,r.-3.1.0,r.-3.1.0,r.-3.1.0,r.-3.1.0,r.-3.1.0,r.-3.1.0,r.-3.1.0,r.-3.1.0,r.-3.1.0,r.-3.1.0,r.-3.1.0,r.-3.1.0,r.-3.1.0,r.-3.1.0,r.-3.1.0,r.-3.1.0,r.-3.1.0,r.-3.1.0,r.-3.1.0,r.-3.1.0,r.-3.1.0,r.-3.1.0,r.-3.1.0,r.-3.1.0,r.-3.1.0,r.-3.1.0,r.-3.1.0,r.-3.1.0,r.-3.1.0,r.-3.1.0,r.-3.1.0,r.-3.1.0,r.-3.1.0,r.-3.1.0,r.-3.1.0,r.-3.1.0,r.-3.1.0,r.-3.1.0,r.-3.1.0,r.-3.1.0,r.-3.1.0,r.-3.1.0,r.-3.1.0,r.-3.1.0,r.-3.1.0,r.-3.1.0,r.-3.1.0,r.-3.1.0,,,,,,,,,,,,,,,,,,,,,
147,r.-3.1.0,r.-3.1.0,r.-3.1.0,r.-3.1.0,r.-3.1.0,r.-3.1.0,r.-3.1.0,r.-3.1.0,r.-3.1.0,r.-3.1.0,r.-3.1.0,r.-3.1.0,r.-3.1.0,r.-3.1.0,r.-3.1.0,r.-3.1.0,r.-3.1.0,r.-3.1.0,r.-3.1.0,r.-3.1.0,r.-3.1.0,r.-3.1.0,r.-3.1.0,r.-3.1.0,r.-3.1.0,r.-3.1.0,r.-3.1.0,r.-3.1.0,r.-3.1.0,r.-3.1.0,r.-3.1.0,r.-3.1.0,r.-3.1.0,r.-3.1.0,r.-3.1.0,r.-3.1.0,r.-3.1.0,r.-3.1.0,r.-3.1.0,r.-3.1.0,r.-3.1.0,r.-3.1.0,r.-3.1.0,r.-3.1.0,r.-3.1.0,r.-3.1.0,r.-3.1.0,r.-3.1.0,r.-3.1.0,r.-3.1.0,r.-3.1.0,r.-3.1.0,r.-3.1.0,r.-3.1.0,r.-3.1.0,r.-3.1.0,r.-3.1.0,r.-3.1.0,r.-3.1.0,r.-3.1.0,r.-3.1.0,r.-3.1.0,r.-3.1.0,r.-3.1.0,r.-3.1.0,r.-3.1.0,r.-3.1.0,r.-3.1.0,r.-3.1.0,r.-3.1.0,r.-3.1.0,r.-3.1.0,r.-3.1.0,r.-3.1.0,r.-3.1.0,r.-3.1.0,r.-3.1.0,r.-3.1.0,r.-3.1.0,r.-3.1.0,r.-3.1.0,r.-3.1.0,r.-3.1.0,r.-3.1.0,r.-3.1.0,r.-3.1.0,r.-3.1.0,r.-3.1.0,r.-3.1.0,r.-3.1.0,r.-3.1.0,r.-3.1.0,r.-3.1.0,r.-3.1.0,,,,,,,,,,,,,,,,,,,,,
148,r.-3.1.0,r.-3.1.0,r.-3.1.0,r.-3.1.0,r.-3.1.0,r.-3.1.0,r.-3.1.0,r.-3.1.0,r.-3.1.0,r.-3.1.0,r.-3.1.0,r.-3.1.0,r.-3.1.0,r.-3.1.0,r.-3.1.0,r.-3.1.0,r.-3.1.0,r.-3.1.0,r.-3.1.0,r.-3.1.0,r.-3.1.0,r.-3.1.0,r.-3.1.0,r.-3.1.0,r.-3.1.0,r.-3.1.0,r.-3.1.0,r.-3.1.0,r.-3.1.0,r.-3.1.0,r.-3.1.0,r.-3.1.0,r.-3.1.0,r.-3.1.0,r.-3.1.0,r.-3.1.0,r.-3.1.0,r.-3.1.0,r.-3.1.0,r.-3.1.0,r.-3.1.0,r.-3.1.0,r.-3.1.0,r.-3.1.0,r.-3.1.0,r.-3.1.0,r.-3.1.0,r.-3.1.0,r.-3.1.0,r.-3.1.0,r.-3.1.0,r.-3.1.0,r.-3.1.0,r.-3.1.0,r.-3.1.0,r.-3.1.0,r.-3.1.0,r.-3.1.0,r.-3.1.0,r.-3.1.0,r.-3.1.0,r.-3.1.0,r.-3.1.0,r.-3.1.0,r.-3.1.0,r.-3.1.0,r.-3.1.0,r.-3.1.0,r.-3.1.0,r.-3.1.0,r.-3.1.0,r.-3.1.0,r.-3.1.0,r.-3.1.0,r.-3.1.0,r.-3.1.0,r.-3.1.0,r.-3.1.0,r.-3.1.0,r.-3.1.0,r.-3.1.0,r.-3.1.0,r.-3.1.0,r.-3.1.0,r.-3.1.0,r.-3.1.0,r.-3.1.0,r.-3.1.0,r.-3.1.0,r.-3.1.0,r.-3.1.0,r.-3.1.0,r.-3.1.0,r.-3.1.0,,,,,,,,,,,,,,,,,,,,,
149,r.-3.1.0,r.-3.1.0,r.-3.1.0,r.-3.1.0,r.-3.1.0,r.-3.1.0,r.-3.1.0,r.-3.1.0,r.-3.1.0,r.-3.1.0,r.-3.1.0,r.-3.1.0,r.-3.1.0,r.-3.1.0,r.-3.1.0,r.-3.1.0,r.-3.1.0,r.-3.1.0,r.-3.1.0,r.-3.1.0,r.-3.1.0,r.-3.1.0,r.-3.1.0,r.-3.1.0,r.-3.1.0,r.-3.1.0,r.-3.1.0,r.-3.1.0,r.-3.1.0,r.-3.1.0,r.-3.1.0,r.-3.1.0,r.-3.1.0,r.-3.1.0,r.-3.1.0,r.-3.1.0,r.-3.1.0,r.-3.1.0,r.-3.1.0,r.-3.1.0,r.-3.1.0,r.-3.1.0,r.-3.1.0,r.-3.1.0,r.-3.1.0,r.-3.1.0,r.-3.1.0,r.-3.1.0,r.-3.1.0,r.-3.1.0,r.-3.1.0,r.-3.1.0,r.-3.1.0,r.-3.1.0,r.-3.1.0,r.-3.1.0,r.-3.1.0,r.-3.1.0,r.-3.1.0,r.-3.1.0,r.-3.1.0,r.-3.1.0,r.-3.1.0,r.-3.1.0,r.-3.1.0,r.-3.1.0,r.-3.1.0,r.-3.1.0,r.-3.1.0,r.-3.1.0,r.-3.1.0,r.-3.1.0,r.-3.1.0,r.-3.1.0,r.-3.1.0,r.-3.1.0,r.-3.1.0,r.-3.1.0,r.-3.1.0,r.-3.1.0,r.-3.1.0,r.-3.1.0,r.-3.1.0,r.-3.1.0,r.-3.1.0,r.-3.1.0,r.-3.1.0,r.-3.1.0,r.-3.1.0,r.-3.1.0,r.-3.1.0,r.-3.1.0,r.-3.1.0,r.-3.1.0,,,,,,,,,,,,,,,,,,,,,
150,r.-3.1.0,r.-3.1.0,r.-3.1.0,r.-3.1.0,r.-3.1.0,r.-3.1.0,r.-3.1.0,r.-3.1.0,r.-3.1.0,r.-3.1.0,r.-3.1.0,r.-3.1.0,r.-3.1.0,r.-3.1.0,r.-3.1.0,r.-3.1.0,r.-3.1.0,r.-3.1.0,r.-3.1.0,r.-3.1.0,r.-3.1.0,r.-3.1.0,r.-3.1.0,r.-3.1.0,r.-3.1.0,r.-3.1.0,r.-3.1.0,r.-3.1.0,r.-3.1.0,r.-3.1.0,r.-3.1.0,r.-3.1.0,r.-3.1.0,r.-3.1.0,r.-3.1.0,r.-3.1.0,r.-3.1.0,r.-3.1.0,r.-3.1.0,r.-3.1.0,r.-3.1.0,r.-3.1.0,r.-3.1.0,r.-3.1.0,r.-3.1.0,r.-3.1.0,r.-3.1.0,r.-3.1.0,r.-3.1.0,r.-3.1.0,r.-3.1.0,r.-3.1.0,r.-3.1.0,r.-3.1.0,r.-3.1.0,r.-3.1.0,r.-3.1.0,r.-3.1.0,r.-3.1.0,r.-3.1.0,r.-3.1.0,r.-3.1.0,r.-3.1.0,r.-3.1.0,r.-3.1.0,r.-3.1.0,r.-3.1.0,r.-3.1.0,r.-3.1.0,r.-3.1.0,r.-3.1.0,r.-3.1.0,r.-3.1.0,r.-3.1.0,r.-3.1.0,r.-3.1.0,r.-3.1.0,r.-3.1.0,r.-3.1.0,r.-3.1.0,r.-3.1.0,r.-3.1.0,r.-3.1.0,r.-3.1.0,r.-3.1.0,r.-3.1.0,r.-3.1.0,r.-3.1.0,r.-3.1.0,r.-3.1.0,r.-3.1.0,r.-3.1.0,r.-3.1.0,r.-3.1.0,,,,,,,,,,,,,,,,,,,,,
151,r.-3.1.0,r.-3.1.0,r.-3.1.0,r.-3.1.0,r.-3.1.0,r.-3.1.0,r.-3.1.0,r.-3.1.0,r.-3.1.0,r.-3.1.0,r.-3.1.0,r.-3.1.0,r.-3.1.0,r.-3.1.0,r.-3.1.0,r.-3.1.0,r.-3.1.0,r.-3.1.0,r.-3.1.0,r.-3.1.0,r.-3.1.0,r.-3.1.0,r.-3.1.0,r.-3.1.0,r.-3.1.0,r.-3.1.0,r.-3.1.0,r.-3.1.0,r.-3.1.0,r.-3.1.0,r.-3.1.0,r.-3.1.0,r.-3.1.0,r.-3.1.0,r.-3.1.0,r.-3.1.0,r.-3.1.0,r.-3.1.0,r.-3.1.0,r.-3.1.0,r.-3.1.0,r.-3.1.0,r.-3.1.0,r.-3.1.0,r.-3.1.0,r.-3.1.0,r.-3.1.0,r.-3.1.0,r.-3.1.0,r.-3.1.0,r.-3.1.0,r.-3.1.0,r.-3.1.0,r.-3.1.0,r.-3.1.0,r.-3.1.0,r.-3.1.0,r.-3.1.0,r.-3.1.0,r.-3.1.0,r.-3.1.0,r.-3.1.0,r.-3.1.0,r.-3.1.0,r.-3.1.0,r.-3.1.0,r.-3.1.0,r.-3.1.0,r.-3.1.0,r.-3.1.0,r.-3.1.0,r.-3.1.0,r.-3.1.0,r.-3.1.0,r.-3.1.0,r.-3.1.0,r.-3.1.0,r.-3.1.0,r.-3.1.0,r.-3.1.0,r.-3.1.0,r.-3.1.0,r.-3.1.0,r.-3.1.0,r.-3.1.0,r.-3.1.0,r.-3.1.0,r.-3.1.0,r.-3.1.0,r.-3.1.0,r.-3.1.0,r.-3.1.0,r.-3.1.0,r.-3.1.0,,,,,,,,,,,,,,,,,,,,,
152,r.-3.1.0,r.-3.1.0,r.-3.1.0,r.-3.1.0,r.-3.1.0,r.-3.1.0,r.-3.1.0,r.-3.1.0,r.-3.1.0,r.-3.1.0,r.-3.1.0,r.-3.1.0,r.-3.1.0,r.-3.1.0,r.-3.1.0,r.-3.1.0,r.-3.1.0,r.-3.1.0,r.-3.1.0,r.-3.1.0,r.-3.1.0,r.-3.1.0,r.-3.1.0,r.-3.1.0,r.-3.1.0,r.-3.1.0,r.-3.1.0,r.-3.1.0,r.-3.1.0,r.-3.1.0,r.-3.1.0,r.-3.1.0,r.-3.1.0,r.-3.1.0,r.-3.1.0,r.-3.1.0,r.-3.1.0,r.-3.1.0,r.-3.1.0,r.-3.1.0,r.-3.1.0,r.-3.1.0,r.-3.1.0,r.-3.1.0,r.-3.1.0,r.-3.1.0,r.-3.1.0,r.-3.1.0,r.-3.1.0,r.-3.1.0,r.-3.1.0,r.-3.1.0,r.-3.1.0,r.-3.1.0,r.-3.1.0,r.-3.1.0,r.-3.1.0,r.-3.1.0,r.-3.1.0,r.-3.1.0,r.-3.1.0,r.-3.1.0,r.-3.1.0,r.-3.1.0,r.-3.1.0,r.-3.1.0,r.-3.1.0,r.-3.1.0,r.-3.1.0,r.-3.1.0,r.-3.1.0,r.-3.1.0,r.-3.1.0,r.-3.1.0,r.-3.1.0,r.-3.1.0,r.-3.1.0,r.-3.1.0,r.-3.1.0,r.-3.1.0,r.-3.1.0,r.-3.1.0,r.-3.1.0,r.-3.1.0,r.-3.1.0,r.-3.1.0,r.-3.1.0,r.-3.1.0,r.-3.1.0,r.-3.1.0,r.-3.1.0,r.-3.1.0,r.-3.1.0,r.-3.1.0,,,,,,,,,,,,,,,,,,,,,
153,r.-3.1.0,r.-3.1.0,r.-3.1.0,r.-3.1.0,r.-3.1.0,r.-3.1.0,r.-3.1.0,r.-3.1.0,r.-3.1.0,r.-3.1.0,r.-3.1.0,r.-3.1.0,r.-3.1.0,r.-3.1.0,r.-3.1.0,r.-3.1.0,r.-3.1.0,r.-3.1.0,r.-3.1.0,r.-3.1.0,r.-3.1.0,r.-3.1.0,r.-3.1.0,r.-3.1.0,r.-3.1.0,r.-3.1.0,r.-3.1.0,r.-3.1.0,r.-3.1.0,r.-3.1.0,r.-3.1.0,r.-3.1.0,r.-3.1.0,r.-3.1.0,r.-3.1.0,r.-3.1.0,r.-3.1.0,r.-3.1.0,r.-3.1.0,r.-3.1.0,r.-3.1.0,r.-3.1.0,r.-3.1.0,r.-3.1.0,r.-3.1.0,r.-3.1.0,r.-3.1.0,r.-3.1.0,r.-3.1.0,r.-3.1.0,r.-3.1.0,r.-3.1.0,r.-3.1.0,r.-3.1.0,r.-3.1.0,r.-3.1.0,r.-3.1.0,r.-3.1.0,r.-3.1.0,r.-3.1.0,r.-3.1.0,r.-3.1.0,r.-3.1.0,r.-3.1.0,r.-3.1.0,r.-3.1.0,r.-3.1.0,r.-3.1.0,r.-3.1.0,r.-3.1.0,r.-3.1.0,r.-3.1.0,r.-3.1.0,r.-3.1.0,r.-3.1.0,r.-3.1.0,r.-3.1.0,r.-3.1.0,r.-3.1.0,r.-3.1.0,r.-3.1.0,r.-3.1.0,r.-3.1.0,r.-3.1.0,r.-3.1.0,r.-3.1.0,r.-3.1.0,r.-3.1.0,r.-3.1.0,r.-3.1.0,r.-3.1.0,r.-3.1.0,r.-3.1.0,r.-3.1.0,,,,,,,,,,,,,,,,,,,,,
154,r.-3.1.0,r.-3.1.0,r.-3.1.0,r.-3.1.0,r.-3.1.0,r.-3.1.0,r.-3.1.0,r.-3.1.0,r.-3.1.0,r.-3.1.0,r.-3.1.0,r.-3.1.0,r.-3.1.0,r.-3.1.0,r.-3.1.0,r.-3.1.0,r.-3.1.0,r.-3.1.0,r.-3.1.0,r.-3.1.0,r.-3.1.0,r.-3.1.0,r.-3.1.0,r.-3.1.0,r.-3.1.0,r.-3.1.0,r.-3.1.0,r.-3.1.0,r.-3.1.0,r.-3.1.0,r.-3.1.0,r.-3.1.0,r.-3.1.0,r.-3.1.0,r.-3.1.0,r.-3.1.0,r.-3.1.0,r.-3.1.0,r.-3.1.0,r.-3.1.0,r.-3.1.0,r.-3.1.0,r.-3.1.0,r.-3.1.0,r.-3.1.0,r.-3.1.0,r.-3.1.0,r.-3.1.0,r.-3.1.0,r.-3.1.0,r.-3.1.0,r.-3.1.0,r.-3.1.0,r.-3.1.0,r.-3.1.0,r.-3.1.0,r.-3.1.0,r.-3.1.0,r.-3.1.0,r.-3.1.0,r.-3.1.0,r.-3.1.0,r.-3.1.0,r.-3.1.0,r.-3.1.0,r.-3.1.0,r.-3.1.0,r.-3.1.0,r.-3.1.0,r.-3.1.0,r.-3.1.0,r.-3.1.0,r.-3.1.0,r.-3.1.0,r.-3.1.0,r.-3.1.0,r.-3.1.0,r.-3.1.0,r.-3.1.0,r.-3.1.0,r.-3.1.0,r.-3.1.0,r.-3.1.0,r.-3.1.0,r.-3.1.0,r.-3.1.0,r.-3.1.0,r.-3.1.0,r.-3.1.0,r.-3.1.0,r.-3.1.0,r.-3.1.0,r.-3.1.0,r.-3.1.0,,,,,,,,,,,,,,,,,,,,,
155,r.-3.1.0,r.-3.1.0,r.-3.1.0,r.-3.1.0,r.-3.1.0,r.-3.1.0,r.-3.1.0,r.-3.1.0,r.-3.1.0,r.-3.1.0,r.-3.1.0,r.-3.1.0,r.-3.1.0,r.-3.1.0,r.-3.1.0,r.-3.1.0,r.-3.1.0,r.-3.1.0,r.-3.1.0,r.-3.1.0,r.-3.1.0,r.-3.1.0,r.-3.1.0,r.-3.1.0,r.-3.1.0,r.-3.1.0,r.-3.1.0,r.-3.1.0,r.-3.1.0,r.-3.1.0,r.-3.1.0,r.-3.1.0,r.-3.1.0,r.-3.1.0,r.-3.1.0,r.-3.1.0,r.-3.1.0,r.-3.1.0,r.-3.1.0,r.-3.1.0,r.-3.1.0,r.-3.1.0,r.-3.1.0,r.-3.1.0,r.-3.1.0,r.-3.1.0,r.-3.1.0,r.-3.1.0,r.-3.1.0,r.-3.1.0,r.-3.1.0,r.-3.1.0,r.-3.1.0,r.-3.1.0,r.-3.1.0,r.-3.1.0,r.-3.1.0,r.-3.1.0,r.-3.1.0,r.-3.1.0,r.-3.1.0,r.-3.1.0,r.-3.1.0,r.-3.1.0,r.-3.1.0,r.-3.1.0,r.-3.1.0,r.-3.1.0,r.-3.1.0,r.-3.1.0,r.-3.1.0,r.-3.1.0,r.-3.1.0,r.-3.1.0,r.-3.1.0,r.-3.1.0,r.-3.1.0,r.-3.1.0,r.-3.1.0,r.-3.1.0,r.-3.1.0,r.-3.1.0,r.-3.1.0,r.-3.1.0,r.-3.1.0,r.-3.1.0,r.-3.1.0,r.-3.1.0,r.-3.1.0,r.-3.1.0,r.-3.1.0,r.-3.1.0,r.-3.1.0,r.-3.1.0,,,,,,,,,,,,,,,,,,,,,
156,r.-3.1.0,r.-3.1.0,r.-3.1.0,r.-3.1.0,r.-3.1.0,r.-3.1.0,r.-3.1.0,r.-3.1.0,r.-3.1.0,r.-3.1.0,r.-3.1.0,r.-3.1.0,r.-3.1.0,r.-3.1.0,r.-3.1.0,r.-3.1.0,r.-3.1.0,r.-3.1.0,r.-3.1.0,r.-3.1.0,r.-3.1.0,r.-3.1.0,r.-3.1.0,r.-3.1.0,r.-3.1.0,r.-3.1.0,r.-3.1.0,r.-3.1.0,r.-3.1.0,r.-3.1.0,r.-3.1.0,r.-3.1.0,r.-3.1.0,r.-3.1.0,r.-3.1.0,r.-3.1.0,r.-3.1.0,r.-3.1.0,r.-3.1.0,r.-3.1.0,r.-3.1.0,r.-3.1.0,r.-3.1.0,r.-3.1.0,r.-3.1.0,r.-3.1.0,r.-3.1.0,r.-3.1.0,r.-3.1.0,r.-3.1.0,r.-3.1.0,r.-3.1.0,r.-3.1.0,r.-3.1.0,r.-3.1.0,r.-3.1.0,r.-3.1.0,r.-3.1.0,r.-3.1.0,r.-3.1.0,r.-3.1.0,r.-3.1.0,r.-3.1.0,r.-3.1.0,r.-3.1.0,r.-3.1.0,r.-3.1.0,r.-3.1.0,r.-3.1.0,r.-3.1.0,r.-3.1.0,r.-3.1.0,r.-3.1.0,r.-3.1.0,r.-3.1.0,r.-3.1.0,r.-3.1.0,r.-3.1.0,r.-3.1.0,r.-3.1.0,r.-3.1.0,r.-3.1.0,r.-3.1.0,r.-3.1.0,r.-3.1.0,r.-3.1.0,r.-3.1.0,r.-3.1.0,r.-3.1.0,r.-3.1.0,r.-3.1.0,r.-3.1.0,r.-3.1.0,r.-3.1.0,,,,,,,,,,,,,,,,,,,,,
157,r.-3.1.0,r.-3.1.0,r.-3.1.0,r.-3.1.0,r.-3.1.0,r.-3.1.0,r.-3.1.0,r.-3.1.0,r.-3.1.0,r.-3.1.0,r.-3.1.0,r.-3.1.0,r.-3.1.0,r.-3.1.0,r.-3.1.0,r.-3.1.0,r.-3.1.0,r.-3.1.0,r.-3.1.0,r.-3.1.0,r.-3.1.0,r.-3.1.0,r.-3.1.0,r.-3.1.0,r.-3.1.0,r.-3.1.0,r.-3.1.0,r.-3.1.0,r.-3.1.0,r.-3.1.0,r.-3.1.0,r.-3.1.0,r.-3.1.0,r.-3.1.0,r.-3.1.0,r.-3.1.0,r.-3.1.0,r.-3.1.0,r.-3.1.0,r.-3.1.0,r.-3.1.0,r.-3.1.0,r.-3.1.0,r.-3.1.0,r.-3.1.0,r.-3.1.0,r.-3.1.0,r.-3.1.0,r.-3.1.0,r.-3.1.0,r.-3.1.0,r.-3.1.0,r.-3.1.0,r.-3.1.0,r.-3.1.0,r.-3.1.0,r.-3.1.0,r.-3.1.0,r.-3.1.0,r.-3.1.0,r.-3.1.0,r.-3.1.0,r.-3.1.0,r.-3.1.0,r.-3.1.0,r.-3.1.0,r.-3.1.0,r.-3.1.0,r.-3.1.0,r.-3.1.0,r.-3.1.0,r.-3.1.0,r.-3.1.0,r.-3.1.0,r.-3.1.0,r.-3.1.0,r.-3.1.0,r.-3.1.0,r.-3.1.0,r.-3.1.0,r.-3.1.0,r.-3.1.0,r.-3.1.0,r.-3.1.0,r.-3.1.0,r.-3.1.0,r.-3.1.0,r.-3.1.0,r.-3.1.0,r.-3.1.0,r.-3.1.0,r.-3.1.0,r.-3.1.0,r.-3.1.0,,,,,,,,,,,,,,,,,,,,,
158,r.-3.1.0,r.-3.1.0,r.-3.1.0,r.-3.1.0,r.-3.1.0,r.-3.1.0,r.-3.1.0,r.-3.1.0,r.-3.1.0,r.-3.1.0,r.-3.1.0,r.-3.1.0,r.-3.1.0,r.-3.1.0,r.-3.1.0,r.-3.1.0,r.-3.1.0,r.-3.1.0,r.-3.1.0,r.-3.1.0,r.-3.1.0,r.-3.1.0,r.-3.1.0,r.-3.1.0,r.-3.1.0,r.-3.1.0,r.-3.1.0,r.-3.1.0,r.-3.1.0,r.-3.1.0,r.-3.1.0,r.-3.1.0,r.-3.1.0,r.-3.1.0,r.-3.1.0,r.-3.1.0,r.-3.1.0,r.-3.1.0,r.-3.1.0,r.-3.1.0,r.-3.1.0,r.-3.1.0,r.-3.1.0,r.-3.1.0,r.-3.1.0,r.-3.1.0,r.-3.1.0,r.-3.1.0,r.-3.1.0,r.-3.1.0,r.-3.1.0,r.-3.1.0,r.-3.1.0,r.-3.1.0,r.-3.1.0,r.-3.1.0,r.-3.1.0,r.-3.1.0,r.-3.1.0,r.-3.1.0,r.-3.1.0,r.-3.1.0,r.-3.1.0,r.-3.1.0,r.-3.1.0,r.-3.1.0,r.-3.1.0,r.-3.1.0,r.-3.1.0,r.-3.1.0,r.-3.1.0,r.-3.1.0,r.-3.1.0,r.-3.1.0,r.-3.1.0,r.-3.1.0,r.-3.1.0,r.-3.1.0,r.-3.1.0,r.-3.1.0,r.-3.1.0,r.-3.1.0,r.-3.1.0,r.-3.1.0,r.-3.1.0,r.-3.1.0,r.-3.1.0,r.-3.1.0,r.-3.1.0,r.-3.1.0,r.-3.1.0,r.-3.1.0,r.-3.1.0,r.-3.1.0,,,,,,,,,,,,,,,,,,,,,
159,r.-3.1.0,r.-3.1.0,r.-3.1.0,r.-3.1.0,r.-3.1.0,r.-3.1.0,r.-3.1.0,r.-3.1.0,r.-3.1.0,r.-3.1.0,r.-3.1.0,r.-3.1.0,r.-3.1.0,r.-3.1.0,r.-3.1.0,r.-3.1.0,r.-3.1.0,r.-3.1.0,r.-3.1.0,r.-3.1.0,r.-3.1.0,r.-3.1.0,r.-3.1.0,r.-3.1.0,r.-3.1.0,r.-3.1.0,r.-3.1.0,r.-3.1.0,r.-3.1.0,r.-3.1.0,r.-3.1.0,r.-3.1.0,r.-3.1.0,r.-3.1.0,r.-3.1.0,r.-3.1.0,r.-3.1.0,r.-3.1.0,r.-3.1.0,r.-3.1.0,r.-3.1.0,r.-3.1.0,r.-3.1.0,r.-3.1.0,r.-3.1.0,r.-3.1.0,r.-3.1.0,r.-3.1.0,r.-3.1.0,r.-3.1.0,r.-3.1.0,r.-3.1.0,r.-3.1.0,r.-3.1.0,r.-3.1.0,r.-3.1.0,r.-3.1.0,r.-3.1.0,r.-3.1.0,r.-3.1.0,r.-3.1.0,r.-3.1.0,r.-3.1.0,r.-3.1.0,r.-3.1.0,r.-3.1.0,r.-3.1.0,r.-3.1.0,r.-3.1.0,r.-3.1.0,r.-3.1.0,r.-3.1.0,r.-3.1.0,r.-3.1.0,r.-3.1.0,r.-3.1.0,r.-3.1.0,r.-3.1.0,r.-3.1.0,r.-3.1.0,r.-3.1.0,r.-3.1.0,r.-3.1.0,r.-3.1.0,r.-3.1.0,r.-3.1.0,r.-3.1.0,r.-3.1.0,r.-3.1.0,r.-3.1.0,r.-3.1.0,r.-3.1.0,r.-3.1.0,r.-3.1.0,,,,,,,,,,,,,,,,,,,,,
160,r.-3.1.0,r.-3.1.0,r.-3.1.0,r.-3.1.0,r.-3.1.0,r.-3.1.0,r.-3.1.0,r.-3.1.0,r.-3.1.0,r.-3.1.0,r.-3.1.0,r.-3.1.0,r.-3.1.0,r.-3.1.0,r.-3.1.0,r.-3.1.0,r.-3.1.0,r.-3.1.0,r.-3.1.0,r.-3.1.0,r.-3.1.0,r.-3.1.0,r.-3.1.0,r.-3.1.0,r.-3.1.0,r.-3.1.0,r.-3.1.0,r.-3.1.0,r.-3.1.0,r.-3.1.0,r.-3.1.0,r.-3.1.0,r.-3.1.0,r.-3.1.0,r.-3.1.0,r.-3.1.0,r.-3.1.0,r.-3.1.0,r.-3.1.0,r.-3.1.0,r.-3.1.0,r.-3.1.0,r.-3.1.0,r.-3.1.0,r.-3.1.0,r.-3.1.0,r.-3.1.0,r.-3.1.0,r.-3.1.0,r.-3.1.0,r.-3.1.0,r.-3.1.0,r.-3.1.0,r.-3.1.0,r.-3.1.0,r.-3.1.0,r.-3.1.0,r.-3.1.0,r.-3.1.0,r.-3.1.0,r.-3.1.0,r.-3.1.0,r.-3.1.0,r.-3.1.0,r.-3.1.0,r.-3.1.0,r.-3.1.0,r.-3.1.0,r.-3.1.0,r.-3.1.0,r.-3.1.0,r.-3.1.0,r.-3.1.0,r.-3.1.0,r.-3.1.0,r.-3.1.0,r.-3.1.0,r.-3.1.0,r.-3.1.0,r.-3.1.0,r.-3.1.0,r.-3.1.0,r.-3.1.0,r.-3.1.0,r.-3.1.0,r.-3.1.0,r.-3.1.0,r.-3.1.0,r.-3.1.0,r.-3.1.0,r.-3.1.0,r.-3.1.0,r.-3.1.0,r.-3.1.0,,,,,,,,,,,,,,,,,,,,,
161,r.-3.1.0,r.-3.1.0,r.-3.1.0,r.-3.1.0,r.-3.1.0,r.-3.1.0,r.-3.1.0,r.-3.1.0,r.-3.1.0,r.-3.1.0,r.-3.1.0,r.-3.1.0,r.-3.1.0,r.-3.1.0,r.-3.1.0,r.-3.1.0,r.-3.1.0,r.-3.1.0,r.-3.1.0,r.-3.1.0,r.-3.1.0,r.-3.1.0,r.-3.1.0,r.-3.1.0,r.-3.1.0,r.-3.1.0,r.-3.1.0,r.-3.1.0,r.-3.1.0,r.-3.1.0,r.-3.1.0,r.-3.1.0,r.-3.1.0,r.-3.1.0,r.-3.1.0,r.-3.1.0,r.-3.1.0,r.-3.1.0,r.-3.1.0,r.-3.1.0,r.-3.1.0,r.-3.1.0,r.-3.1.0,r.-3.1.0,r.-3.1.0,r.-3.1.0,r.-3.1.0,r.-3.1.0,r.-3.1.0,r.-3.1.0,r.-3.1.0,r.-3.1.0,r.-3.1.0,r.-3.1.0,r.-3.1.0,r.-3.1.0,r.-3.1.0,r.-3.1.0,r.-3.1.0,r.-3.1.0,r.-3.1.0,r.-3.1.0,r.-3.1.0,r.-3.1.0,r.-3.1.0,r.-3.1.0,r.-3.1.0,r.-3.1.0,r.-3.1.0,r.-3.1.0,r.-3.1.0,r.-3.1.0,r.-3.1.0,r.-3.1.0,r.-3.1.0,r.-3.1.0,r.-3.1.0,r.-3.1.0,r.-3.1.0,r.-3.1.0,r.-3.1.0,r.-3.1.0,r.-3.1.0,r.-3.1.0,r.-3.1.0,r.-3.1.0,r.-3.1.0,r.-3.1.0,r.-3.1.0,r.-3.1.0,r.-3.1.0,r.-3.1.0,r.-3.1.0,r.-3.1.0,,,,,,,,,,,,,,,,,,,,,
162,r.-3.1.0,r.-3.1.0,r.-3.1.0,r.-3.1.0,r.-3.1.0,r.-3.1.0,r.-3.1.0,r.-3.1.0,r.-3.1.0,r.-3.1.0,r.-3.1.0,r.-3.1.0,r.-3.1.0,r.-3.1.0,r.-3.1.0,r.-3.1.0,r.-3.1.0,r.-3.1.0,r.-3.1.0,r.-3.1.0,r.-3.1.0,r.-3.1.0,r.-3.1.0,r.-3.1.0,r.-3.1.0,r.-3.1.0,r.-3.1.0,r.-3.1.0,r.-3.1.0,r.-3.1.0,r.-3.1.0,r.-3.1.0,r.-3.1.0,r.-3.1.0,r.-3.1.0,r.-3.1.0,r.-3.1.0,r.-3.1.0,r.-3.1.0,r.-3.1.0,r.-3.1.0,r.-3.1.0,r.-3.1.0,r.-3.1.0,r.-3.1.0,r.-3.1.0,r.-3.1.0,r.-3.1.0,r.-3.1.0,r.-3.1.0,r.-3.1.0,r.-3.1.0,r.-3.1.0,r.-3.1.0,r.-3.1.0,r.-3.1.0,r.-3.1.0,r.-3.1.0,r.-3.1.0,r.-3.1.0,r.-3.1.0,r.-3.1.0,r.-3.1.0,r.-3.1.0,r.-3.1.0,r.-3.1.0,r.-3.1.0,r.-3.1.0,r.-3.1.0,r.-3.1.0,r.-3.1.0,r.-3.1.0,r.-3.1.0,r.-3.1.0,r.-3.1.0,r.-3.1.0,r.-3.1.0,r.-3.1.0,r.-3.1.0,r.-3.1.0,r.-3.1.0,r.-3.1.0,r.-3.1.0,r.-3.1.0,r.-3.1.0,r.-3.1.0,r.-3.1.0,r.-3.1.0,r.-3.1.0,r.-3.1.0,r.-3.1.0,r.-3.1.0,r.-3.1.0,r.-3.1.0,,,,,,,,,,,,,,,,,,,,,
163,r.-3.1.0,r.-3.1.0,r.-3.1.0,r.-3.1.0,r.-3.1.0,r.-3.1.0,r.-3.1.0,r.-3.1.0,r.-3.1.0,r.-3.1.0,r.-3.1.0,r.-3.1.0,r.-3.1.0,r.-3.1.0,r.-3.1.0,r.-3.1.0,r.-3.1.0,r.-3.1.0,r.-3.1.0,r.-3.1.0,r.-3.1.0,r.-3.1.0,r.-3.1.0,r.-3.1.0,r.-3.1.0,r.-3.1.0,r.-3.1.0,r.-3.1.0,r.-3.1.0,r.-3.1.0,r.-3.1.0,r.-3.1.0,r.-3.1.0,r.-3.1.0,r.-3.1.0,r.-3.1.0,r.-3.1.0,r.-3.1.0,r.-3.1.0,r.-3.1.0,r.-3.1.0,r.-3.1.0,r.-3.1.0,r.-3.1.0,r.-3.1.0,r.-3.1.0,r.-3.1.0,r.-3.1.0,r.-3.1.0,r.-3.1.0,r.-3.1.0,r.-3.1.0,r.-3.1.0,r.-3.1.0,r.-3.1.0,r.-3.1.0,r.-3.1.0,r.-3.1.0,r.-3.1.0,r.-3.1.0,r.-3.1.0,r.-3.1.0,r.-3.1.0,r.-3.1.0,r.-3.1.0,r.-3.1.0,r.-3.1.0,r.-3.1.0,r.-3.1.0,r.-3.1.0,r.-3.1.0,r.-3.1.0,r.-3.1.0,r.-3.1.0,r.-3.1.0,r.-3.1.0,r.-3.1.0,r.-3.1.0,r.-3.1.0,r.-3.1.0,r.-3.1.0,r.-3.1.0,r.-3.1.0,r.-3.1.0,r.-3.1.0,r.-3.1.0,r.-3.1.0,r.-3.1.0,r.-3.1.0,r.-3.1.0,r.-3.1.0,r.-3.1.0,r.-3.1.0,r.-3.1.0,,,,,,,,,,,,,,,,,,,,,
164,r.-3.1.0,r.-3.1.0,r.-3.1.0,r.-3.1.0,r.-3.1.0,r.-3.1.0,r.-3.1.0,r.-3.1.0,r.-3.1.0,r.-3.1.0,r.-3.1.0,r.-3.1.0,r.-3.1.0,r.-3.1.0,r.-3.1.0,r.-3.1.0,r.-3.1.0,r.-3.1.0,r.-3.1.0,r.-3.1.0,r.-3.1.0,r.-3.1.0,r.-3.1.0,r.-3.1.0,r.-3.1.0,r.-3.1.0,r.-3.1.0,r.-3.1.0,r.-3.1.0,r.-3.1.0,r.-3.1.0,r.-3.1.0,r.-3.1.0,r.-3.1.0,r.-3.1.0,r.-3.1.0,r.-3.1.0,r.-3.1.0,r.-3.1.0,r.-3.1.0,r.-3.1.0,r.-3.1.0,r.-3.1.0,r.-3.1.0,r.-3.1.0,r.-3.1.0,r.-3.1.0,r.-3.1.0,r.-3.1.0,r.-3.1.0,r.-3.1.0,r.-3.1.0,r.-3.1.0,r.-3.1.0,r.-3.1.0,r.-3.1.0,r.-3.1.0,r.-3.1.0,r.-3.1.0,r.-3.1.0,r.-3.1.0,r.-3.1.0,r.-3.1.0,r.-3.1.0,r.-3.1.0,r.-3.1.0,r.-3.1.0,r.-3.1.0,r.-3.1.0,r.-3.1.0,r.-3.1.0,r.-3.1.0,r.-3.1.0,r.-3.1.0,r.-3.1.0,r.-3.1.0,r.-3.1.0,r.-3.1.0,r.-3.1.0,r.-3.1.0,r.-3.1.0,r.-3.1.0,r.-3.1.0,r.-3.1.0,r.-3.1.0,r.-3.1.0,r.-3.1.0,r.-3.1.0,r.-3.1.0,r.-3.1.0,r.-3.1.0,r.-3.1.0,r.-3.1.0,r.-3.1.0,,,,,,,,,,,,,,,,,,,,,
165,r.-3.1.0,r.-3.1.0,r.-3.1.0,r.-3.1.0,r.-3.1.0,r.-3.1.0,r.-3.1.0,r.-3.1.0,r.-3.1.0,r.-3.1.0,r.-3.1.0,r.-3.1.0,r.-3.1.0,r.-3.1.0,r.-3.1.0,r.-3.1.0,r.-3.1.0,r.-3.1.0,r.-3.1.0,r.-3.1.0,r.-3.1.0,r.-3.1.0,r.-3.1.0,r.-3.1.0,r.-3.1.0,r.-3.1.0,r.-3.1.0,r.-3.1.0,r.-3.1.0,r.-3.1.0,r.-3.1.0,r.-3.1.0,r.-3.1.0,r.-3.1.0,r.-3.1.0,r.-3.1.0,r.-3.1.0,r.-3.1.0,r.-3.1.0,r.-3.1.0,r.-3.1.0,r.-3.1.0,r.-3.1.0,r.-3.1.0,r.-3.1.0,r.-3.1.0,r.-3.1.0,r.-3.1.0,r.-3.1.0,r.-3.1.0,r.-3.1.0,r.-3.1.0,r.-3.1.0,r.-3.1.0,r.-3.1.0,r.-3.1.0,r.-3.1.0,r.-3.1.0,r.-3.1.0,r.-3.1.0,r.-3.1.0,r.-3.1.0,r.-3.1.0,r.-3.1.0,r.-3.1.0,r.-3.1.0,r.-3.1.0,r.-3.1.0,r.-3.1.0,r.-3.1.0,r.-3.1.0,r.-3.1.0,r.-3.1.0,r.-3.1.0,r.-3.1.0,r.-3.1.0,r.-3.1.0,r.-3.1.0,r.-3.1.0,r.-3.1.0,r.-3.1.0,r.-3.1.0,r.-3.1.0,r.-3.1.0,r.-3.1.0,r.-3.1.0,r.-3.1.0,r.-3.1.0,r.-3.1.0,r.-3.1.0,r.-3.1.0,r.-3.1.0,r.-3.1.0,r.-3.1.0,,,,,,,,,,,,,,,,,,,,,
166,r.-3.1.0,r.-3.1.0,r.-3.1.0,r.-3.1.0,r.-3.1.0,r.-3.1.0,r.-3.1.0,r.-3.1.0,r.-3.1.0,r.-3.1.0,r.-3.1.0,r.-3.1.0,r.-3.1.0,r.-3.1.0,r.-3.1.0,r.-3.1.0,r.-3.1.0,r.-3.1.0,r.-3.1.0,r.-3.1.0,r.-3.1.0,r.-3.1.0,r.-3.1.0,r.-3.1.0,r.-3.1.0,r.-3.1.0,r.-3.1.0,r.-3.1.0,r.-3.1.0,r.-3.1.0,r.-3.1.0,r.-3.1.0,r.-3.1.0,r.-3.1.0,r.-3.1.0,r.-3.1.0,r.-3.1.0,r.-3.1.0,r.-3.1.0,r.-3.1.0,r.-3.1.0,r.-3.1.0,r.-3.1.0,r.-3.1.0,r.-3.1.0,r.-3.1.0,r.-3.1.0,r.-3.1.0,r.-3.1.0,r.-3.1.0,r.-3.1.0,r.-3.1.0,r.-3.1.0,r.-3.1.0,r.-3.1.0,r.-3.1.0,r.-3.1.0,r.-3.1.0,r.-3.1.0,r.-3.1.0,r.-3.1.0,r.-3.1.0,r.-3.1.0,r.-3.1.0,r.-3.1.0,r.-3.1.0,r.-3.1.0,r.-3.1.0,r.-3.1.0,r.-3.1.0,r.-3.1.0,r.-3.1.0,r.-3.1.0,r.-3.1.0,r.-3.1.0,r.-3.1.0,r.-3.1.0,r.-3.1.0,r.-3.1.0,r.-3.1.0,r.-3.1.0,r.-3.1.0,r.-3.1.0,r.-3.1.0,r.-3.1.0,r.-3.1.0,r.-3.1.0,r.-3.1.0,r.-3.1.0,r.-3.1.0,r.-3.1.0,r.-3.1.0,r.-3.1.0,r.-3.1.0,,,,,,,,,,,,,,,,,,,,,
167,r.-3.1.0,r.-3.1.0,r.-3.1.0,r.-3.1.0,r.-3.1.0,r.-3.1.0,r.-3.1.0,r.-3.1.0,r.-3.1.0,r.-3.1.0,r.-3.1.0,r.-3.1.0,r.-3.1.0,r.-3.1.0,r.-3.1.0,r.-3.1.0,r.-3.1.0,r.-3.1.0,r.-3.1.0,r.-3.1.0,r.-3.1.0,r.-3.1.0,r.-3.1.0,r.-3.1.0,r.-3.1.0,r.-3.1.0,r.-3.1.0,r.-3.1.0,r.-3.1.0,r.-3.1.0,r.-3.1.0,r.-3.1.0,r.-3.1.0,r.-3.1.0,r.-3.1.0,r.-3.1.0,r.-3.1.0,r.-3.1.0,r.-3.1.0,r.-3.1.0,r.-3.1.0,r.-3.1.0,r.-3.1.0,r.-3.1.0,r.-3.1.0,r.-3.1.0,r.-3.1.0,r.-3.1.0,r.-3.1.0,r.-3.1.0,r.-3.1.0,r.-3.1.0,r.-3.1.0,r.-3.1.0,r.-3.1.0,r.-3.1.0,r.-3.1.0,r.-3.1.0,r.-3.1.0,r.-3.1.0,r.-3.1.0,r.-3.1.0,r.-3.1.0,r.-3.1.0,r.-3.1.0,r.-3.1.0,r.-3.1.0,r.-3.1.0,r.-3.1.0,r.-3.1.0,r.-3.1.0,r.-3.1.0,r.-3.1.0,r.-3.1.0,r.-3.1.0,r.-3.1.0,r.-3.1.0,r.-3.1.0,r.-3.1.0,r.-3.1.0,r.-3.1.0,r.-3.1.0,r.-3.1.0,r.-3.1.0,r.-3.1.0,r.-3.1.0,r.-3.1.0,r.-3.1.0,r.-3.1.0,r.-3.1.0,r.-3.1.0,r.-3.1.0,r.-3.1.0,r.-3.1.0,,,,,,,,,,,,,,,,,,,,,
168,r.-3.1.0,r.-3.1.0,r.-3.1.0,r.-3.1.0,r.-3.1.0,r.-3.1.0,r.-3.1.0,r.-3.1.0,r.-3.1.0,r.-3.1.0,r.-3.1.0,r.-3.1.0,r.-3.1.0,r.-3.1.0,r.-3.1.0,r.-3.1.0,r.-3.1.0,r.-3.1.0,r.-3.1.0,r.-3.1.0,r.-3.1.0,r.-3.1.0,r.-3.1.0,r.-3.1.0,r.-3.1.0,r.-3.1.0,r.-3.1.0,r.-3.1.0,r.-3.1.0,r.-3.1.0,r.-3.1.0,r.-3.1.0,r.-3.1.0,r.-3.1.0,r.-3.1.0,r.-3.1.0,r.-3.1.0,r.-3.1.0,r.-3.1.0,r.-3.1.0,r.-3.1.0,r.-3.1.0,r.-3.1.0,r.-3.1.0,r.-3.1.0,r.-3.1.0,r.-3.1.0,r.-3.1.0,r.-3.1.0,r.-3.1.0,r.-3.1.0,r.-3.1.0,r.-3.1.0,r.-3.1.0,r.-3.1.0,r.-3.1.0,r.-3.1.0,r.-3.1.0,r.-3.1.0,r.-3.1.0,r.-3.1.0,r.-3.1.0,r.-3.1.0,r.-3.1.0,r.-3.1.0,r.-3.1.0,r.-3.1.0,r.-3.1.0,r.-3.1.0,r.-3.1.0,r.-3.1.0,r.-3.1.0,r.-3.1.0,r.-3.1.0,r.-3.1.0,r.-3.1.0,r.-3.1.0,r.-3.1.0,r.-3.1.0,r.-3.1.0,r.-3.1.0,r.-3.1.0,r.-3.1.0,r.-3.1.0,r.-3.1.0,r.-3.1.0,r.-3.1.0,r.-3.1.0,r.-3.1.0,r.-3.1.0,r.-3.1.0,r.-3.1.0,r.-3.1.0,r.-3.1.0,,,,,,,,,,,,,,,,,,,,,
169,r.-3.1.0,r.-3.1.0,r.-3.1.0,r.-3.1.0,r.-3.1.0,r.-3.1.0,r.-3.1.0,r.-3.1.0,r.-3.1.0,r.-3.1.0,r.-3.1.0,r.-3.1.0,r.-3.1.0,r.-3.1.0,r.-3.1.0,r.-3.1.0,r.-3.1.0,r.-3.1.0,r.-3.1.0,r.-3.1.0,r.-3.1.0,r.-3.1.0,r.-3.1.0,r.-3.1.0,r.-3.1.0,r.-3.1.0,r.-3.1.0,r.-3.1.0,r.-3.1.0,r.-3.1.0,r.-3.1.0,r.-3.1.0,r.-3.1.0,r.-3.1.0,r.-3.1.0,r.-3.1.0,r.-3.1.0,r.-3.1.0,r.-3.1.0,r.-3.1.0,r.-3.1.0,r.-3.1.0,r.-3.1.0,r.-3.1.0,r.-3.1.0,r.-3.1.0,r.-3.1.0,r.-3.1.0,r.-3.1.0,r.-3.1.0,r.-3.1.0,r.-3.1.0,r.-3.1.0,r.-3.1.0,r.-3.1.0,r.-3.1.0,r.-3.1.0,r.-3.1.0,r.-3.1.0,r.-3.1.0,r.-3.1.0,r.-3.1.0,r.-3.1.0,r.-3.1.0,r.-3.1.0,r.-3.1.0,r.-3.1.0,r.-3.1.0,r.-3.1.0,r.-3.1.0,r.-3.1.0,r.-3.1.0,r.-3.1.0,r.-3.1.0,r.-3.1.0,r.-3.1.0,r.-3.1.0,r.-3.1.0,r.-3.1.0,r.-3.1.0,r.-3.1.0,r.-3.1.0,r.-3.1.0,r.-3.1.0,r.-3.1.0,r.-3.1.0,r.-3.1.0,r.-3.1.0,r.-3.1.0,r.-3.1.0,r.-3.1.0,r.-3.1.0,r.-3.1.0,r.-3.1.0,,,,,,,,,,,,,,,,,,,,,
170,r.-3.1.0,r.-3.1.0,r.-3.1.0,r.-3.1.0,r.-3.1.0,r.-3.1.0,r.-3.1.0,r.-3.1.0,r.-3.1.0,r.-3.1.0,r.-3.1.0,r.-3.1.0,r.-3.1.0,r.-3.1.0,r.-3.1.0,r.-3.1.0,r.-3.1.0,r.-3.1.0,r.-3.1.0,r.-3.1.0,r.-3.1.0,r.-3.1.0,r.-3.1.0,r.-3.1.0,r.-3.1.0,r.-3.1.0,r.-3.1.0,r.-3.1.0,r.-3.1.0,r.-3.1.0,r.-3.1.0,r.-3.1.0,r.-3.1.0,r.-3.1.0,r.-3.1.0,r.-3.1.0,r.-3.1.0,r.-3.1.0,r.-3.1.0,r.-3.1.0,r.-3.1.0,r.-3.1.0,r.-3.1.0,r.-3.1.0,r.-3.1.0,r.-3.1.0,r.-3.1.0,r.-3.1.0,r.-3.1.0,r.-3.1.0,r.-3.1.0,r.-3.1.0,r.-3.1.0,r.-3.1.0,r.-3.1.0,r.-3.1.0,r.-3.1.0,r.-3.1.0,r.-3.1.0,r.-3.1.0,r.-3.1.0,r.-3.1.0,r.-3.1.0,r.-3.1.0,r.-3.1.0,r.-3.1.0,r.-3.1.0,r.-3.1.0,r.-3.1.0,r.-3.1.0,r.-3.1.0,r.-3.1.0,r.-3.1.0,r.-3.1.0,r.-3.1.0,r.-3.1.0,r.-3.1.0,r.-3.1.0,r.-3.1.0,r.-3.1.0,r.-3.1.0,r.-3.1.0,r.-3.1.0,r.-3.1.0,r.-3.1.0,r.-3.1.0,r.-3.1.0,r.-3.1.0,r.-3.1.0,r.-3.1.0,r.-3.1.0,r.-3.1.0,r.-3.1.0,r.-3.1.0,,,,,,,,,,,,,,,,,,,,,
171,r.-3.1.0,r.-3.1.0,r.-3.1.0,r.-3.1.0,r.-3.1.0,r.-3.1.0,r.-3.1.0,r.-3.1.0,r.-3.1.0,r.-3.1.0,r.-3.1.0,r.-3.1.0,r.-3.1.0,r.-3.1.0,r.-3.1.0,r.-3.1.0,r.-3.1.0,r.-3.1.0,r.-3.1.0,r.-3.1.0,r.-3.1.0,r.-3.1.0,r.-3.1.0,r.-3.1.0,r.-3.1.0,r.-3.1.0,r.-3.1.0,r.-3.1.0,r.-3.1.0,r.-3.1.0,r.-3.1.0,r.-3.1.0,r.-3.1.0,r.-3.1.0,r.-3.1.0,r.-3.1.0,r.-3.1.0,r.-3.1.0,r.-3.1.0,r.-3.1.0,r.-3.1.0,r.-3.1.0,r.-3.1.0,r.-3.1.0,r.-3.1.0,r.-3.1.0,r.-3.1.0,r.-3.1.0,r.-3.1.0,r.-3.1.0,r.-3.1.0,r.-3.1.0,r.-3.1.0,r.-3.1.0,r.-3.1.0,r.-3.1.0,r.-3.1.0,r.-3.1.0,r.-3.1.0,r.-3.1.0,r.-3.1.0,r.-3.1.0,r.-3.1.0,r.-3.1.0,r.-3.1.0,r.-3.1.0,r.-3.1.0,r.-3.1.0,r.-3.1.0,r.-3.1.0,r.-3.1.0,r.-3.1.0,r.-3.1.0,r.-3.1.0,r.-3.1.0,r.-3.1.0,r.-3.1.0,r.-3.1.0,r.-3.1.0,r.-3.1.0,r.-3.1.0,r.-3.1.0,r.-3.1.0,r.-3.1.0,r.-3.1.0,r.-3.1.0,r.-3.1.0,r.-3.1.0,r.-3.1.0,r.-3.1.0,r.-3.1.0,r.-3.1.0,r.-3.1.0,r.-3.1.0,,,,,,,,,,,,,,,,,,,,,
172,r.-3.1.0,r.-3.1.0,r.-3.1.0,r.-3.1.0,r.-3.1.0,r.-3.1.0,r.-3.1.0,r.-3.1.0,r.-3.1.0,r.-3.1.0,r.-3.1.0,r.-3.1.0,r.-3.1.0,r.-3.1.0,r.-3.1.0,r.-3.1.0,r.-3.1.0,r.-3.1.0,r.-3.1.0,r.-3.1.0,r.-3.1.0,r.-3.1.0,r.-3.1.0,r.-3.1.0,r.-3.1.0,r.-3.1.0,r.-3.1.0,r.-3.1.0,r.-3.1.0,r.-3.1.0,r.-3.1.0,r.-3.1.0,r.-3.1.0,r.-3.1.0,r.-3.1.0,r.-3.1.0,r.-3.1.0,r.-3.1.0,r.-3.1.0,r.-3.1.0,r.-3.1.0,r.-3.1.0,r.-3.1.0,r.-3.1.0,r.-3.1.0,r.-3.1.0,r.-3.1.0,r.-3.1.0,r.-3.1.0,r.-3.1.0,r.-3.1.0,r.-3.1.0,r.-3.1.0,r.-3.1.0,r.-3.1.0,r.-3.1.0,r.-3.1.0,r.-3.1.0,r.-3.1.0,r.-3.1.0,r.-3.1.0,r.-3.1.0,r.-3.1.0,r.-3.1.0,r.-3.1.0,r.-3.1.0,r.-3.1.0,r.-3.1.0,r.-3.1.0,r.-3.1.0,r.-3.1.0,r.-3.1.0,r.-3.1.0,r.-3.1.0,r.-3.1.0,r.-3.1.0,r.-3.1.0,r.-3.1.0,r.-3.1.0,r.-3.1.0,r.-3.1.0,r.-3.1.0,r.-3.1.0,r.-3.1.0,r.-3.1.0,r.-3.1.0,r.-3.1.0,r.-3.1.0,r.-3.1.0,r.-3.1.0,r.-3.1.0,r.-3.1.0,r.-3.1.0,r.-3.1.0,,,,,,,,,,,,,,,,,,,,,
173,r.-3.1.0,r.-3.1.0,r.-3.1.0,r.-3.1.0,r.-3.1.0,r.-3.1.0,r.-3.1.0,r.-3.1.0,r.-3.1.0,r.-3.1.0,r.-3.1.0,r.-3.1.0,r.-3.1.0,r.-3.1.0,r.-3.1.0,r.-3.1.0,r.-3.1.0,r.-3.1.0,r.-3.1.0,r.-3.1.0,r.-3.1.0,r.-3.1.0,r.-3.1.0,r.-3.1.0,r.-3.1.0,r.-3.1.0,r.-3.1.0,r.-3.1.0,r.-3.1.0,r.-3.1.0,r.-3.1.0,r.-3.1.0,r.-3.1.0,r.-3.1.0,r.-3.1.0,r.-3.1.0,r.-3.1.0,r.-3.1.0,r.-3.1.0,r.-3.1.0,r.-3.1.0,r.-3.1.0,r.-3.1.0,r.-3.1.0,r.-3.1.0,r.-3.1.0,r.-3.1.0,r.-3.1.0,r.-3.1.0,r.-3.1.0,r.-3.1.0,r.-3.1.0,r.-3.1.0,r.-3.1.0,r.-3.1.0,r.-3.1.0,r.-3.1.0,r.-3.1.0,r.-3.1.0,r.-3.1.0,r.-3.1.0,r.-3.1.0,r.-3.1.0,r.-3.1.0,r.-3.1.0,r.-3.1.0,r.-3.1.0,r.-3.1.0,r.-3.1.0,r.-3.1.0,r.-3.1.0,r.-3.1.0,r.-3.1.0,r.-3.1.0,r.-3.1.0,r.-3.1.0,r.-3.1.0,r.-3.1.0,r.-3.1.0,r.-3.1.0,r.-3.1.0,r.-3.1.0,r.-3.1.0,r.-3.1.0,r.-3.1.0,r.-3.1.0,r.-3.1.0,r.-3.1.0,r.-3.1.0,r.-3.1.0,r.-3.1.0,r.-3.1.0,r.-3.1.0,r.-3.1.0,,,,,,,,,,,,,,,,,,,,,
174,p.81,p.82,p.83,p.84,p.85,p.86,p.87,p.88,p.89,p.90,p.91,p.92,p.93,p.94,p.95,p.96,p.97,p.98,p.99,p.100,p.101,p.102,p.103,p.104,p.105,p.106,p.107,p.108,p.109,p.110,p.111,p.112,p.113,p.114,p.115,p.116,p.117,p.118,p.119,p.120,p.121,p.122,p.123,p.124,p.125,p.126,p.127,p.128,p.129,p.130,p.131,p.132,p.133,p.134,p.135,p.136,p.137,p.138,p.139,p.140,p.141,p.142,p.143,p.144,p.145,p.146,p.147,p.148,p.149,p.150,p.151,p.152,p.153,p.154,p.155,p.156,p.157,p.158,p.159,p.160,p.161,p.162,p.163,p.164,p.165,p.166,p.167,p.168,p.169,p.170,p.171,p.172,p.173,r.-4.1.6/r.-4.0.6,,,,p.174,p.177,,,,,,,,,,,,,,,,
175,,,,,,,,,,,,,,,,,,,,,,,,,,,,,,,,,,,,,,,,,,,,,,,,,,,,,,,,,,,,,,,,,,,,,,,,,,,,,,,,,,,,,,,,,,,,,,p.176,,,,,,,,,,,,,,,,,,,,,
176,,,,,,,,,,,,,,r.-18.3.0,,,,,,,,,,,,,,,,,,,,,,,,,,,,,,,,,,,,,,,,,,,,,,,,,,,,,,,,,,,,,,,,,,,,,,,,,,,,,,r.-18.3.0,,,,,,,,,,,,,,,,,,,,,,,
177,,,,,,,,,,,,,,,,,,,,,,,,,,,,,,,,,,,,,,,,,,,,,,,,,,,,,,,,,,,,,,,,,,,,,,,,,,,,,,,,,,,,,,,,,,,,,,r.-4.2.0,,,,,,,,,,,,,,,,,,,,,
178,,,,,,,,,,,,,,r.-15.2.0,,,,,,,,,,,,,,,,,,,,,,,,,,,,,,,,,,,,,,,,,,,,,,,,,,,,,,,,,,,,,,,,,,,,,,,,,,,,,,r.-15.2.0,,,,,,,,,,,,,,,,,,,,,,,
179,,,,,,,,,,,,,,,,,,,,,,,,,,,,,,,,,,,,,,,,,,,,,,,,,,,,,,,,,,,,,,,,,,,,,,,,,,,,,,,,,,,,,,,,,,,,p.180,,,,,,,,,,,,,,,,,,,,,,,
180,,,,,,,,,,,,,,r.-15.3.0,,,,,,,,,,,,,,,,,,,,,,,,,,,,,,,,,,,,,,,,,,,,,,,,,,,,,,,,,,,,,,,,,,,,,,,,,,,,,,r.-15.3.0,,,,,,,,,,,,,,,,,,,,,,,
181,,,,,,,,,,,,,,,,,,,,,,,,,,,,,,,,,,,,,,,,,,,,,,,,,,,,,,,,,,,,,,,,,,,,,,,,,,,,,,,,,,,,p.182,,,,,,,,,,,,,,,,,,,,,,,,,,,,,,,
182,,,,,,,,,,,,,,,,,,,,,,,,,,,,,,,,,,,,,,,,,,,,,,,,,,,,,,,,,,,,,,,,,,,,p.183,,,,,,,,,,,,,,,,,,,,,,,,,,,,,,,,,,,,,,,,,,,,,,,
183,,,,,,,,,,,,,,r.-19.4.0,,,,,,,,,,,,,,,,,,,,,,,,,,,,,,,,,,,,,,,,,,,,,,,,,,,,,,,,,,,,,,,,,,,,,,,,,,,,,,r.-19.4.0,,,,,,,,,,,,,,,,,,,,,,,
184,,,,,,,,,,,,,,,,,,,,,,,,,,,,,,,,,,,,,,,,,,,,,,,,,,,,,,,,,,,,,,,,,,,,,,,,,,,p.185,,,,,,,,,,,,,,,,,,,,,,,,,,,,,,,,,,,,,,,,
185,,,,,,,,,,,,,,,,,,,,,,,,,,,,,,,,,,,,,,,,,,,,,,,,,,,,,,,,,,,,,,,,,,,,,,,,,,,p.186,,,,,,,,,,,,,,,,,,,,,,,,,,,,,,,,,,,,,,,,
186,,,,,,,,,,,,,,r.-13.4.0,,,,,,,,,,,,,,,,,,,,,,,,,,,,,,,,,,,,,,,,,,,,,,,,,,,,,,,,,,,,,,,,,,,,,,,,,,,,,,r.-13.4.0,,,,,,,,,,,,,,,,,,,,,,,
187,,,,,,,,,,,,,,,,,,,,,,,,,,,,,,,,,,,,,,,,,,,,,,,,,,,,,,,,,,,,,,,,,,,,,,,,,,,p.188,,,,,,,,,,,,,,,,,,,,,,,,,,,,,,,,,,,,,,,,
188,,,,,,,,,,,,,,,,,,,,,,,,,,,,,,,,,,,,,,,,,,,,,,,,,,,,,,,,,,,,,,,,,,,,,,,,,,,,,,,,,,p.189,,,,,,,,,,,,,,,,,,,,,,,,,,,,,,,,,
189,,,,,,,,,,,,,,,,,,,,,,,,,,,,,,,,,,,,,,,,,,,,,,,,,,,,,,,,,,,,,,,,,,,,p.190,,,,,,,,,,,,,,,,,,,,,,,,,,,,,,,,,,,,,,,,,,,,,,,
190,,,,,,,,,,,,,,r.-9.5.0,,,,,,,,,,,,,,,,,,,,,,,,,,,,,,,,,,,,,,,,,,,,,,,,,,,,,,,,,,,,,,,,,,,,,,,,,,,,,,r.-9.5.0,,,,,,,,,,,,,,,,,,,,,,,
191,,,,,,,,,,,,,,r.-6.0.6/r.-11.2.6,,r.-6.0.6/r.-11.2.6,,p.14,p.15,p.16,p.17,p.18,p.19,p.20,p.21,p.22,p.23,,,,,,,,,,,,r.-11.2.6/r.-6.0.6,,,,,,,,,,,,,,,,,,,,,,,,,,,,,r.-6.0.6/r.-11.2.6,,,,,,,,,,,,,,,,,,,,,,,,r.-11.2.6/r.-6.0.6,,,,,,,,p.78,p.192,,,,,,,,,,,,,,
192,,,,,,,,,,,,,,r.-11.3.0,,r.-11.3.0,,,,,,,,,,,,,,,,,,,,,,,r.-11.3.0,,,,,,,,,,,,,,,,,,,,,,,,,,,,,r.-11.3.0,,,,,,,,,,,,,,,,,,,,,,,,r.-11.3.0,,,,,,,,,,,,,,,,,,,,,,,
193,p.193,p.282,,,,,,,,,,,,,p.195,,,p.196,p.197,p.198,p.199,p.200,p.201,p.202,p.203,p.204,p.205,,,,,,,,,,,,,,,,,,,,,,,,,,,,,,,,,,,,,,,,,,p.206,,,,,,,,p.207,,,,,,p.208,,,,,,,p.209,,,,p.210,,,p.211,,,p.212,,p.283,,p.214,,p.215,,p.216,p.217,p.218,,,p.219,p.220,p.221
194,,,,,,,,,,,,,,r.-2.2.0,,,,,,,,,,,,,,,,,,,,,,,,,,,,,,,,,,,,,,,,,,,,,,,,,,,,,,,,,,,,,,,,,,,,,,,,,,,,,,r.-2.2.0,,,,,,,,,,,,,,,,,,,,,,,
195,,,,,,,,,,,,,,,,,,p.196,p.197,p.198,p.199,p.200,p.201,p.202,p.203,p.204,p.205,,,,,,,,,,,,,,,,,,,,,,,,,,,,,,,,,,,,,,,,,,,,,,,,,,,,,,,,,,,,,,,,,,,,,,,,,p.280,,,,,,,,,,,,,,,
196,,r.-5.1.0,,,,,,,,,,,,r.-5.1.0,,r.-5.1.0,,r.-5.1.0,r.-5.1.0,r.-5.1.0,r.-5.1.0,r.-5.1.0,r.-5.1.0,r.-5.1.0,r.-5.1.0,r.-5.1.0,r.-5.1.0,,,,,,,,,,,,r.-5.1.0,,,,,,,,,,,,,,,,,,,,,,,,,,,,,r.-5.1.0,,,,,,,,,,,,,,,,,,,,,,,,,,,,,,,,,,,,,,,,,,,,,,,
197,,r.-5.1.0,,,,,,,,,,,,r.-5.1.0,,r.-5.1.0,,r.-5.1.0,r.-5.1.0,r.-5.1.0,r.-5.1.0,r.-5.1.0,r.-5.1.0,r.-5.1.0,r.-5.1.0,r.-5.1.0,r.-5.1.0,,,,,,,,,,,,r.-5.1.0,,,,,,,,,,,,,,,,,,,,,,,,,,,,,r.-5.1.0,,,,,,,,,,,,,,,,,,,,,,,,,,,,,,,,,,,,,,,,,,,,,,,
198,,r.-5.1.0,,,,,,,,,,,,r.-5.1.0,,r.-5.1.0,,r.-5.1.0,r.-5.1.0,r.-5.1.0,r.-5.1.0,r.-5.1.0,r.-5.1.0,r.-5.1.0,r.-5.1.0,r.-5.1.0,r.-5.1.0,,,,,,,,,,,,r.-5.1.0,,,,,,,,,,,,,,,,,,,,,,,,,,,,,r.-5.1.0,,,,,,,,,,,,,,,,,,,,,,,,,,,,,,,,,,,,,,,,,,,,,,,
199,,r.-5.1.0,,,,,,,,,,,,r.-5.1.0,,r.-5.1.0,,r.-5.1.0,r.-5.1.0,r.-5.1.0,r.-5.1.0,r.-5.1.0,r.-5.1.0,r.-5.1.0,r.-5.1.0,r.-5.1.0,r.-5.1.0,,,,,,,,,,,,r.-5.1.0,,,,,,,,,,,,,,,,,,,,,,,,,,,,,r.-5.1.0,,,,,,,,,,,,,,,,,,,,,,,,,,,,,,,,,,,,,,,,,,,,,,,
200,,r.-5.1.0,,,,,,,,,,,,r.-5.1.0,,r.-5.1.0,,r.-5.1.0,r.-5.1.0,r.-5.1.0,r.-5.1.0,r.-5.1.0,r.-5.1.0,r.-5.1.0,r.-5.1.0,r.-5.1.0,r.-5.1.0,,,,,,,,,,,,r.-5.1.0,,,,,,,,,,,,,,,,,,,,,,,,,,,,,r.-5.1.0,,,,,,,,,,,,,,,,,,,,,,,,,,,,,,,,,,,,,,,,,,,,,,,
201,,r.-5.1.0,,,,,,,,,,,,r.-5.1.0,,r.-5.1.0,,r.-5.1.0,r.-5.1.0,r.-5.1.0,r.-5.1.0,r.-5.1.0,r.-5.1.0,r.-5.1.0,r.-5.1.0,r.-5.1.0,r.-5.1.0,,,,,,,,,,,,r.-5.1.0,,,,,,,,,,,,,,,,,,,,,,,,,,,,,r.-5.1.0,,,,,,,,,,,,,,,,,,,,,,,,,,,,,,,,,,,,,,,,,,,,,,,
202,,r.-5.1.0,,,,,,,,,,,,r.-5.1.0,,r.-5.1.0,,r.-5.1.0,r.-5.1.0,r.-5.1.0,r.-5.1.0,r.-5.1.0,r.-5.1.0,r.-5.1.0,r.-5.1.0,r.-5.1.0,r.-5.1.0,,,,,,,,,,,,r.-5.1.0,,,,,,,,,,,,,,,,,,,,,,,,,,,,,r.-5.1.0,,,,,,,,,,,,,,,,,,,,,,,,,,,,,,,,,,,,,,,,,,,,,,,
203,,r.-5.1.0,,,,,,,,,,,,r.-5.1.0,,r.-5.1.0,,r.-5.1.0,r.-5.1.0,r.-5.1.0,r.-5.1.0,r.-5.1.0,r.-5.1.0,r.-5.1.0,r.-5.1.0,r.-5.1.0,r.-5.1.0,,,,,,,,,,,,r.-5.1.0,,,,,,,,,,,,,,,,,,,,,,,,,,,,,r.-5.1.0,,,,,,,,,,,,,,,,,,,,,,,,,,,,,,,,,,,,,,,,,,,,,,,
204,,r.-5.1.0,,,,,,,,,,,,r.-5.1.0,,r.-5.1.0,,r.-5.1.0,r.-5.1.0,r.-5.1.0,r.-5.1.0,r.-5.1.0,r.-5.1.0,r.-5.1.0,r.-5.1.0,r.-5.1.0,r.-5.1.0,,,,,,,,,,,,r.-5.1.0,,,,,,,,,,,,,,,,,,,,,,,,,,,,,r.-5.1.0,,,,,,,,,,,,,,,,,,,,,,,,,,,,,,,,,,,,,,,,,,,,,,,
205,,r.-5.1.0,,,,,,,,,,,,r.-5.1.0,,r.-5.1.0,,r.-5.1.0,r.-5.1.0,r.-5.1.0,r.-5.1.0,r.-5.1.0,r.-5.1.0,r.-5.1.0,r.-5.1.0,r.-5.1.0,r.-5.1.0,,,,,,,,,,,,r.-5.1.0,,,,,,,,,,,,,,,,,,,,,,,,,,,,,r.-5.1.0,,,,,,,,,,,,,,,,,,,,,,,,,,,,,,,,,,,,,,,,,,,,,,,
206,,,,,,,,,,,,,,,,,,,,,,,,,,,,,,,,,,,,,,,,,,,,,,,,,,,,,,,,,,,,,,,,p.276,,,,,,,,,,,,,,,,,,,,,,,,,,,,,,,,,,,,,,,,,,,,,,,,,,,
207,,,,,,,,,,,,,,,,,,,,,,,,,,,,,,,,,,,,,,,,,,,,,,,,,,,,,,,,,,,,,,,,,,,,,,,,,,,,,,,,,,,,p.273,,,,,,,,,,,,,,,,,,,,,,,,,,,,,,,
208,,,,,,,,,,,,,,,,,,,,,,,,,,,,,,,,,,,,,,,,,,,,,,,,,,,,,,,,,,,,,,,,,,,,,,,,,,,,,,,,,p.270,,,,,,,,,,,,,,,,,,,,,,,,,,,,,,,,,,
209,,,,,,,,,,,,,,,,,,,,,,,,,,,,,,,,,,,,,,,,,,,,,,,,,,,,,,,,,,,,,,,,,,,,,,,,,,,,,,,,,,,,,,,,,,,,p.267,,p.7,,,,,,,,,,,,,p.268,,,,p.9,,p.10,,
210,p.81,p.82,p.83,p.84,p.85,p.86,p.87,p.88,p.89,p.90,p.91,p.92,p.93,p.94,p.95,p.96,p.97,p.98,p.99,p.100,p.101,p.102,p.103,p.104,p.105,p.106,p.107,p.108,p.109,p.110,p.111,p.112,p.113,p.114,p.115,p.116,p.117,p.118,p.119,p.120,p.121,p.122,p.123,p.124,p.125,p.126,p.127,p.128,p.129,p.130,p.131,p.132,p.133,p.134,p.135,p.136,p.137,p.138,p.139,p.140,p.141,p.142,p.143,p.144,p.145,p.146,p.147,p.148,p.149,p.150,p.151,p.152,p.153,p.154,p.155,p.156,p.157,p.158,p.159,p.160,p.161,p.162,p.163,p.164,p.165,p.166,p.167,p.168,p.169,p.170,p.171,p.172,p.173,r.-4.0.6,,,,p.174,p.265,,,,,,,,,,,,,,,,
211,,r.-20.1.0,,,,,,,,,,,,r.-20.1.0,,,,,,,,,,,,,,,,,,,,,,,,,,,,,,,,,,,,,,,,,,,,,,,,,,,,,,,,,,,,,,,,,,,,,,,,,,,,,,,,,,,,,,,,,,,,,,,,,,,,,
212,,r.-6.0.6/r.-11.1.6,,,,,,,,,,,,r.-11.1.6/r.-6.0.6,,r.-11.1.6/r.-6.0.6,,p.196,p.197,p.198,p.199,p.200,p.201,p.202,p.203,p.204,p.205,,,,,,,,,,,,r.-11.1.6/r.-6.0.6,,,,,,,,,,,,,,,,,,,,,,,,,,,,,r.-11.1.6/r.-6.0.6,,,,,,,,,,,,,,,,,,,,,,,,,,,,,,,,p.262,p.263,,,,,,,,,,,,,,
213,,p.261,,,,,,,,,,,,,,,,,,,,,,,,,,,,,,,,,,,,,,,,,,,,,,,,,,,,,,,,,,,,,,,,,,,,,,,,,,,,,,,,,,,,,,,,,,,,,,,,,,,,,,,,,,,,,,,,,
214,,r.-20.1.0,,,,,,,,,,,,r.-20.1.0,,,,,,,,,,,,,,,,,,,,,,,,,,,,,,,,,,,,,,,,,,,,,,,,,,,,,,,,,,,,,,,,,,,,,,,,,,,,,,,,,,,,,,,,,,,,,,,,,,,,,
215,,r.-14.1.6/r.-10.0.4,,,,,,,,,,,,r.-14.1.6/r.-10.0.4,,p.224,,,,,,,,,,,,,,,,,,,,,,,r.-10.0.4,,,,,,,,,,,,,,,,,,,,,,,,,,,,,r.-10.0.4,,,,,,,,,,,,,,,,,,,,,,,,,,,,,,,,,,,,,p.225,,,,,,,,,,
216,,r.-20.1.0,,,,,,,,,,,,r.-20.1.0,,,,,,,,,,,,,,,,,,,,,,,,,,,,,,,,,,,,,,,,,,,,,,,,,,,,,,,,,,,,,,,,,,,,,,,,,,,,,,,,,,,,,,,,,,,,,,,,,,,,,
217,,r.-20.1.0,,,,,,,,,,,,r.-20.1.0,,,,,,,,,,,,,,,,,,,,,,,,,,,,,,,,,,,,,,,,,,,,,,,,,,,,,,,,,,,,,,,,,,,,,,,,,,,,,,,,,,,,,,,,,,,,,,,,,,,,,
218,,r.-20.1.0,,,,,,,,,,,,r.-20.1.0,,,,,,,,,,,,,,,,,,,,,,,,,,,,,,,,,,,,,,,,,,,,,,,,,,,,,,,,,,,,,,,,,,,,,,,,,,,,,,,,,,,,,,,,,,,,,,,,,,,,,
219,,r.-20.1.0,,,,,,,,,,,,r.-20.1.0,,,,,,,,,,,,,,,,,,,,,,,,,,,,,,,,,,,,,,,,,,,,,,,,,,,,,,,,,,,,,,,,,,,,,,,,,,,,,,,,,,,,,,,,,,,,,,,,,,,,,
220,,r.-20.1.0,,,,,,,,,,,,r.-20.1.0,,,,,,,,,,,,,,,,,,,,,,,,,,,,,,,,,,,,,,,,,,,,,,,,,,,,,,,,,,,,,,,,,,,,,,,,,,,,,,,,,,,,,,,,,,,,,,,,,,,,,
221,,r.-7.1.0,,,,,,,,,,,,p.222,,,,,,,,,,,,,,,,,,,,,,,,,,,,,,,,,,,,,,,,,,,,,,,,,,,,,,,,,,,,,,,,,,,,,,,,,,,,,,,,,,,,,,,,,,,,,,,,,,,,,
222,p.193,,,,,,,,,,,,,,p.195,,,p.196,p.197,p.198,p.199,p.200,p.201,p.202,p.203,p.204,p.205,,,,,,,,,,,,,,,,,,,,,,,,,,,,,,,,,,,,,,,,,,p.206,,,,,,,,p.207,,,,,,p.208,,,,,,,p.209,,,,p.210,,,p.211,,,p.212,,p.223,,p.214,,p.215,,p.216,p.217,p.218,,,p.219,p.220,p.221
223,,r.-7.3.0,,,,,,,,,,,,,,,,,,,,,,,,,,,,,,,,,,,,,,,,,,,,,,,,,,,,,,,,,,,,,,,,,,,,,,,,,,,,,,,,,,,,,,,,,,,,,,,,,,,,,,,,,,,,,,,,,
224,,,,,,,,,,,,,,,,,,p.247,p.248,p.249,p.250,p.251,p.252,p.253,p.254,p.255,p.256,,,,,,,,,,,,,,,,,,,,,,,,,,,,,,,,,,,,,,,,,,,,,,,,,,,,,,,,,,,,,,,,,,,,,,,,,p.257,,,,,,,,,,,,,,,
225,,r.-14.2.7/r.-8.0.7,,,,,,,,,,,,r.-8.0.7/r.-14.2.7,,,,,,,,,,,,,,,,,,,,,,,,,p.226,,,,,,,,,,,,,,,,,,,,,,,,,,,,,p.227,,,,,,,,,,,,,,,,,,,,,,,,,,,,,,,,,,,p.228,,,,,,,,,,,,
226,,,,,,,,,,,,,p.44,,p.45,,,r.-17.0.5,r.-17.0.5,r.-17.0.5,r.-17.0.5,r.-17.0.5,r.-17.0.5,r.-17.0.5,r.-17.0.5,r.-17.0.5,r.-17.0.5,,,,,,,,,,,,,,,,,,,,,,,,,,,,,,,,,,,,,,,,,,,,,,,,,,,,,,,,,,,,,,,,,,,,,,,,,,,,,,,,,,,,,p.244,,,
227,,,,,,,,,,,,,p.44,,p.45,,,r.-17.0.5,r.-17.0.5,r.-17.0.5,r.-17.0.5,r.-17.0.5,r.-17.0.5,r.-17.0.5,r.-17.0.5,r.-17.0.5,r.-17.0.5,,,,,,,,,,,,,,,,,,,,,,,,,,,,,,,,,,,,,,,,,,,,,,,,,,,,,,,,,,,,,,,,,,,,,,,,,,,,,,,,,,,,,p.229,,,
228,,r.-14.3.0,,,,,,,,,,,,r.-14.3.0,,,,,,,,,,,,,,,,,,,,,,,,,,,,,,,,,,,,,,,,,,,,,,,,,,,,,,,,,,,,,,,,,,,,,,,,,,,,,,,,,,,,,,,,,,,,,,,,,,,,,
229,,,,,,,,,,,,,,,,,,p.230,p.231,p.232,p.233,p.234,p.235,p.236,p.237,p.238,p.239,,,,,,,,,,,,,,,,,,,,,,,,,,,,,,,,,,,,,,,,,,,,,,,,,,,,,,,,,,,,,,,,,,,,,,,,,p.240,,,,,,,,,,,,,,,
230,,r.-5.1.0,,,,,,,,,,,,r.-5.1.0,,,,r.-5.1.0,r.-5.1.0,r.-5.1.0,r.-5.1.0,r.-5.1.0,r.-5.1.0,r.-5.1.0,r.-5.1.0,r.-5.1.0,r.-5.1.0,,,,,,,,,,,,,,,,,,,,,,,,,,,,,,,,,,,,,,,,,,,,,,,,,,,,,,,,,,,,,,,,,,,,,,,,,,,,,,,,,,,,,,,,
231,,r.-5.1.0,,,,,,,,,,,,r.-5.1.0,,,,r.-5.1.0,r.-5.1.0,r.-5.1.0,r.-5.1.0,r.-5.1.0,r.-5.1.0,r.-5.1.0,r.-5.1.0,r.-5.1.0,r.-5.1.0,,,,,,,,,,,,,,,,,,,,,,,,,,,,,,,,,,,,,,,,,,,,,,,,,,,,,,,,,,,,,,,,,,,,,,,,,,,,,,,,,,,,,,,,
232,,r.-5.1.0,,,,,,,,,,,,r.-5.1.0,,,,r.-5.1.0,r.-5.1.0,r.-5.1.0,r.-5.1.0,r.-5.1.0,r.-5.1.0,r.-5.1.0,r.-5.1.0,r.-5.1.0,r.-5.1.0,,,,,,,,,,,,,,,,,,,,,,,,,,,,,,,,,,,,,,,,,,,,,,,,,,,,,,,,,,,,,,,,,,,,,,,,,,,,,,,,,,,,,,,,
233,,r.-5.1.0,,,,,,,,,,,,r.-5.1.0,,,,r.-5.1.0,r.-5.1.0,r.-5.1.0,r.-5.1.0,r.-5.1.0,r.-5.1.0,r.-5.1.0,r.-5.1.0,r.-5.1.0,r.-5.1.0,,,,,,,,,,,,,,,,,,,,,,,,,,,,,,,,,,,,,,,,,,,,,,,,,,,,,,,,,,,,,,,,,,,,,,,,,,,,,,,,,,,,,,,,
234,,r.-5.1.0,,,,,,,,,,,,r.-5.1.0,,,,r.-5.1.0,r.-5.1.0,r.-5.1.0,r.-5.1.0,r.-5.1.0,r.-5.1.0,r.-5.1.0,r.-5.1.0,r.-5.1.0,r.-5.1.0,,,,,,,,,,,,,,,,,,,,,,,,,,,,,,,,,,,,,,,,,,,,,,,,,,,,,,,,,,,,,,,,,,,,,,,,,,,,,,,,,,,,,,,,
235,,r.-5.1.0,,,,,,,,,,,,r.-5.1.0,,,,r.-5.1.0,r.-5.1.0,r.-5.1.0,r.-5.1.0,r.-5.1.0,r.-5.1.0,r.-5.1.0,r.-5.1.0,r.-5.1.0,r.-5.1.0,,,,,,,,,,,,,,,,,,,,,,,,,,,,,,,,,,,,,,,,,,,,,,,,,,,,,,,,,,,,,,,,,,,,,,,,,,,,,,,,,,,,,,,,
236,,r.-5.1.0,,,,,,,,,,,,r.-5.1.0,,,,r.-5.1.0,r.-5.1.0,r.-5.1.0,r.-5.1.0,r.-5.1.0,r.-5.1.0,r.-5.1.0,r.-5.1.0,r.-5.1.0,r.-5.1.0,,,,,,,,,,,,,,,,,,,,,,,,,,,,,,,,,,,,,,,,,,,,,,,,,,,,,,,,,,,,,,,,,,,,,,,,,,,,,,,,,,,,,,,,
237,,r.-5.1.0,,,,,,,,,,,,r.-5.1.0,,,,r.-5.1.0,r.-5.1.0,r.-5.1.0,r.-5.1.0,r.-5.1.0,r.-5.1.0,r.-5.1.0,r.-5.1.0,r.-5.1.0,r.-5.1.0,,,,,,,,,,,,,,,,,,,,,,,,,,,,,,,,,,,,,,,,,,,,,,,,,,,,,,,,,,,,,,,,,,,,,,,,,,,,,,,,,,,,,,,,
238,,r.-5.1.0,,,,,,,,,,,,r.-5.1.0,,,,r.-5.1.0,r.-5.1.0,r.-5.1.0,r.-5.1.0,r.-5.1.0,r.-5.1.0,r.-5.1.0,r.-5.1.0,r.-5.1.0,r.-5.1.0,,,,,,,,,,,,,,,,,,,,,,,,,,,,,,,,,,,,,,,,,,,,,,,,,,,,,,,,,,,,,,,,,,,,,,,,,,,,,,,,,,,,,,,,
239,,r.-5.1.0,,,,,,,,,,,,r.-5.1.0,,,,r.-5.1.0,r.-5.1.0,r.-5.1.0,r.-5.1.0,r.-5.1.0,r.-5.1.0,r.-5.1.0,r.-5.1.0,r.-5.1.0,r.-5.1.0,,,,,,,,,,,,,,,,,,,,,,,,,,,,,,,,,,,,,,,,,,,,,,,,,,,,,,,,,,,,,,,,,,,,,,,,,,,,,,,,,,,,,,,,
240,,r.-8.3.6/r.-6.0.6,,,,,,,,,,,,r.-6.0.6/r.-8.3.6,,,,p.230,p.231,p.232,p.233,p.234,p.235,p.236,p.237,p.238,p.239,,,,,,,,,,,,,,,,,,,,,,,,,,,,,,,,,,,,,,,,,,,,,,,,,,,,,,,,,,,,,,,,,,,,,,,,,p.241,p.242,,,,,,,,,,,,,,
241,,r.-6.1.6/r.-6.0.6,,,,,,,,,,,,r.-6.1.6/r.-6.0.6,,,,p.230,p.231,p.232,p.233,p.234,p.235,p.236,p.237,p.238,p.239,,,,,,,,,,,,,,,,,,,,,,,,,,,,,,,,,,,,,,,,,,,,,,,,,,,,,,,,,,,,,,,,,,,,,,,,,p.241,p.243,,,,,,,,,,,,,,
242,,r.-8.4.0,,,,,,,,,,,,r.-8.4.0,,,,,,,,,,,,,,,,,,,,,,,,,,,,,,,,,,,,,,,,,,,,,,,,,,,,,,,,,,,,,,,,,,,,,,,,,,,,,,,,,,,,,,,,,,,,,,,,,,,,,
243,,r.-6.2.0,,,,,,,,,,,,r.-6.2.0,,,,,,,,,,,,,,,,,,,,,,,,,,,,,,,,,,,,,,,,,,,,,,,,,,,,,,,,,,,,,,,,,,,,,,,,,,,,,,,,,,,,,,,,,,,,,,,,,,,,,
244,,,,,,,,,,,,,,,,,,p.230,p.231,p.232,p.233,p.234,p.235,p.236,p.237,p.238,p.239,,,,,,,,,,,,,,,,,,,,,,,,,,,,,,,,,,,,,,,,,,,,,,,,,,,,,,,,,,,,,,,,,,,,,,,,,p.245,,,,,,,,,,,,,,,
245,,r.-8.3.6/r.-6.0.6,,,,,,,,,,,,r.-6.0.6/r.-8.3.6,,,,p.230,p.231,p.232,p.233,p.234,p.235,p.236,p.237,p.238,p.239,,,,,,,,,,,,,,,,,,,,,,,,,,,,,,,,,,,,,,,,,,,,,,,,,,,,,,,,,,,,,,,,,,,,,,,,,p.241,p.246,,,,,,,,,,,,,,
246,,r.-8.4.0,,,,,,,,,,,,r.-8.4.0,,,,,,,,,,,,,,,,,,,,,,,,,,,,,,,,,,,,,,,,,,,,,,,,,,,,,,,,,,,,,,,,,,,,,,,,,,,,,,,,,,,,,,,,,,,,,,,,,,,,,
247,,r.-5.1.0,,,,,,,,,,,,r.-5.1.0,,,,r.-5.1.0,r.-5.1.0,r.-5.1.0,r.-5.1.0,r.-5.1.0,r.-5.1.0,r.-5.1.0,r.-5.1.0,r.-5.1.0,r.-5.1.0,,,,,,,,,,,,r.-5.1.0,,,,,,,,,,,,,,,,,,,,,,,,,,,,,r.-5.1.0,,,,,,,,,,,,,,,,,,,,,,,,,,,,,,,,,,,,,,,,,,,,,,,
248,,r.-5.1.0,,,,,,,,,,,,r.-5.1.0,,,,r.-5.1.0,r.-5.1.0,r.-5.1.0,r.-5.1.0,r.-5.1.0,r.-5.1.0,r.-5.1.0,r.-5.1.0,r.-5.1.0,r.-5.1.0,,,,,,,,,,,,r.-5.1.0,,,,,,,,,,,,,,,,,,,,,,,,,,,,,r.-5.1.0,,,,,,,,,,,,,,,,,,,,,,,,,,,,,,,,,,,,,,,,,,,,,,,
249,,r.-5.1.0,,,,,,,,,,,,r.-5.1.0,,,,r.-5.1.0,r.-5.1.0,r.-5.1.0,r.-5.1.0,r.-5.1.0,r.-5.1.0,r.-5.1.0,r.-5.1.0,r.-5.1.0,r.-5.1.0,,,,,,,,,,,,r.-5.1.0,,,,,,,,,,,,,,,,,,,,,,,,,,,,,r.-5.1.0,,,,,,,,,,,,,,,,,,,,,,,,,,,,,,,,,,,,,,,,,,,,,,,
250,,r.-5.1.0,,,,,,,,,,,,r.-5.1.0,,,,r.-5.1.0,r.-5.1.0,r.-5.1.0,r.-5.1.0,r.-5.1.0,r.-5.1.0,r.-5.1.0,r.-5.1.0,r.-5.1.0,r.-5.1.0,,,,,,,,,,,,r.-5.1.0,,,,,,,,,,,,,,,,,,,,,,,,,,,,,r.-5.1.0,,,,,,,,,,,,,,,,,,,,,,,,,,,,,,,,,,,,,,,,,,,,,,,
251,,r.-5.1.0,,,,,,,,,,,,r.-5.1.0,,,,r.-5.1.0,r.-5.1.0,r.-5.1.0,r.-5.1.0,r.-5.1.0,r.-5.1.0,r.-5.1.0,r.-5.1.0,r.-5.1.0,r.-5.1.0,,,,,,,,,,,,r.-5.1.0,,,,,,,,,,,,,,,,,,,,,,,,,,,,,r.-5.1.0,,,,,,,,,,,,,,,,,,,,,,,,,,,,,,,,,,,,,,,,,,,,,,,
252,,r.-5.1.0,,,,,,,,,,,,r.-5.1.0,,,,r.-5.1.0,r.-5.1.0,r.-5.1.0,r.-5.1.0,r.-5.1.0,r.-5.1.0,r.-5.1.0,r.-5.1.0,r.-5.1.0,r.-5.1.0,,,,,,,,,,,,r.-5.1.0,,,,,,,,,,,,,,,,,,,,,,,,,,,,,r.-5.1.0,,,,,,,,,,,,,,,,,,,,,,,,,,,,,,,,,,,,,,,,,,,,,,,
253,,r.-5.1.0,,,,,,,,,,,,r.-5.1.0,,,,r.-5.1.0,r.-5.1.0,r.-5.1.0,r.-5.1.0,r.-5.1.0,r.-5.1.0,r.-5.1.0,r.-5.1.0,r.-5.1.0,r.-5.1.0,,,,,,,,,,,,r.-5.1.0,,,,,,,,,,,,,,,,,,,,,,,,,,,,,r.-5.1.0,,,,,,,,,,,,,,,,,,,,,,,,,,,,,,,,,,,,,,,,,,,,,,,
254,,r.-5.1.0,,,,,,,,,,,,r.-5.1.0,,,,r.-5.1.0,r.-5.1.0,r.-5.1.0,r.-5.1.0,r.-5.1.0,r.-5.1.0,r.-5.1.0,r.-5.1.0,r.-5.1.0,r.-5.1.0,,,,,,,,,,,,r.-5.1.0,,,,,,,,,,,,,,,,,,,,,,,,,,,,,r.-5.1.0,,,,,,,,,,,,,,,,,,,,,,,,,,,,,,,,,,,,,,,,,,,,,,,
255,,r.-5.1.0,,,,,,,,,,,,r.-5.1.0,,,,r.-5.1.0,r.-5.1.0,r.-5.1.0,r.-5.1.0,r.-5.1.0,r.-5.1.0,r.-5.1.0,r.-5.1.0,r.-5.1.0,r.-5.1.0,,,,,,,,,,,,r.-5.1.0,,,,,,,,,,,,,,,,,,,,,,,,,,,,,r.-5.1.0,,,,,,,,,,,,,,,,,,,,,,,,,,,,,,,,,,,,,,,,,,,,,,,
256,,r.-5.1.0,,,,,,,,,,,,r.-5.1.0,,,,r.-5.1.0,r.-5.1.0,r.-5.1.0,r.-5.1.0,r.-5.1.0,r.-5.1.0,r.-5.1.0,r.-5.1.0,r.-5.1.0,r.-5.1.0,,,,,,,,,,,,r.-5.1.0,,,,,,,,,,,,,,,,,,,,,,,,,,,,,r.-5.1.0,,,,,,,,,,,,,,,,,,,,,,,,,,,,,,,,,,,,,,,,,,,,,,,
257,,r.-10.2.6/r.-6.0.6,,,,,,,,,,,,r.-10.2.6/r.-6.0.6,,,,p.247,p.248,p.249,p.250,p.251,p.252,p.253,p.254,p.255,p.256,,,,,,,,,,,,r.-6.0.6/r.-10.2.6,,,,,,,,,,,,,,,,,,,,,,,,,,,,,r.-6.0.6/r.-10.2.6,,,,,,,,,,,,,,,,,,,,,,,,,,,,,,,,p.258,p.259,,,,,,,,,,,,,,
258,,r.-6.1.6/r.-6.0.6,,,,,,,,,,,,r.-6.0.6/r.-6.1.6,,,,p.247,p.248,p.249,p.250,p.251,p.252,p.253,p.254,p.255,p.256,,,,,,,,,,,,r.-6.1.6/r.-6.0.6,,,,,,,,,,,,,,,,,,,,,,,,,,,,,r.-6.1.6/r.-6.0.6,,,,,,,,,,,,,,,,,,,,,,,,,,,,,,,,p.258,p.260,,,,,,,,,,,,,,
259,,r.-10.3.0,,,,,,,,,,,,r.-10.3.0,,,,,,,,,,,,,,,,,,,,,,,,,r.-10.3.0,,,,,,,,,,,,,,,,,,,,,,,,,,,,,r.-10.3.0,,,,,,,,,,,,,,,,,,,,,,,,,,,,,,,,,,,,,,,,,,,,,,,
260,,r.-6.2.0,,,,,,,,,,,,r.-6.2.0,,,,,,,,,,,,,,,,,,,,,,,,,r.-6.2.0,,,,,,,,,,,,,,,,,,,,,,,,,,,,,r.-6.2.0,,,,,,,,,,,,,,,,,,,,,,,,,,,,,,,,,,,,,,,,,,,,,,,
261,,,,,,,,,,,,,,r.-2.3.0,,,,,,,,,,,,,,,,,,,,,,,,,,,,,,,,,,,,,,,,,,,,,,,,,,,,,,,,,,,,,,,,,,,,,,,,,,,,,,r.-2.3.0,,,,,,,,,,,,,,,,,,,,,,,
262,,r.-6.0.6/r.-6.1.6,,,,,,,,,,,,r.-6.0.6/r.-6.1.6,,r.-6.0.6/r.-6.1.6,,p.196,p.197,p.198,p.199,p.200,p.201,p.202,p.203,p.204,p.205,,,,,,,,,,,,r.-6.1.6/r.-6.0.6,,,,,,,,,,,,,,,,,,,,,,,,,,,,,r.-6.1.6/r.-6.0.6,,,,,,,,,,,,,,,,,,,,,,,,,,,,,,,,p.262,p.264,,,,,,,,,,,,,,
263,,r.-11.2.0,,,,,,,,,,,,r.-11.2.0,,r.-11.2.0,,,,,,,,,,,,,,,,,,,,,,,r.-11.2.0,,,,,,,,,,,,,,,,,,,,,,,,,,,,,r.-11.2.0,,,,,,,,,,,,,,,,,,,,,,,,,,,,,,,,,,,,,,,,,,,,,,,
264,,r.-6.2.0,,,,,,,,,,,,r.-6.2.0,,r.-6.2.0,,,,,,,,,,,,,,,,,,,,,,,r.-6.2.0,,,,,,,,,,,,,,,,,,,,,,,,,,,,,r.-6.2.0,,,,,,,,,,,,,,,,,,,,,,,,,,,,,,,,,,,,,,,,,,,,,,,
265,,,,,,,,,,,,,,,,,,,,,,,,,,,,,,,,,,,,,,,,,,,,,,,,,,,,,,,,,,,,,,,,,,,,,,,,,,,,,,,,,,,,,,,,,,,,,,p.266,,,,,,,,,,,,,,,,,,,,,
266,,r.-18.3.0,,,,,,,,,,,,r.-18.3.0,,,,,,,,,,,,,,,,,,,,,,,,,,,,,,,,,,,,,,,,,,,,,,,,,,,,,,,,,,,,,,,,,,,,,,,,,,,,,,,,,,,,,,,,,,,,,,,,,,,,,
267,,r.-15.2.0,,,,,,,,,,,,r.-15.2.0,,,,,,,,,,,,,,,,,,,,,,,,,,,,,,,,,,,,,,,,,,,,,,,,,,,,,,,,,,,,,,,,,,,,,,,,,,,,,,,,,,,,,,,,,,,,,,,,,,,,,
268,,,,,,,,,,,,,,,,,,,,,,,,,,,,,,,,,,,,,,,,,,,,,,,,,,,,,,,,,,,,,,,,,,,,,,,,,,,,,,,,,,,,,,,,,,,,p.269,,,,,,,,,,,,,,,,,,,,,,,
269,,r.-15.3.0,,,,,,,,,,,,r.-15.3.0,,,,,,,,,,,,,,,,,,,,,,,,,,,,,,,,,,,,,,,,,,,,,,,,,,,,,,,,,,,,,,,,,,,,,,,,,,,,,,,,,,,,,,,,,,,,,,,,,,,,,
270,,,,,,,,,,,,,,,,,,,,,,,,,,,,,,,,,,,,,,,,,,,,,,,,,,,,,,,,,,,,,,,,,,,,,,,,,,,,,,,,,,,,p.271,,,,,,,,,,,,,,,,,,,,,,,,,,,,,,,
271,,,,,,,,,,,,,,,,,,,,,,,,,,,,,,,,,,,,,,,,,,,,,,,,,,,,,,,,,,,,,,,,,,,,p.272,,,,,,,,,,,,,,,,,,,,,,,,,,,,,,,,,,,,,,,,,,,,,,,
272,,r.-19.4.0,,,,,,,,,,,,r.-19.4.0,,,,,,,,,,,,,,,,,,,,,,,,,,,,,,,,,,,,,,,,,,,,,,,,,,,,,,,,,,,,,,,,,,,,,,,,,,,,,,,,,,,,,,,,,,,,,,,,,,,,,
273,,,,,,,,,,,,,,,,,,,,,,,,,,,,,,,,,,,,,,,,,,,,,,,,,,,,,,,,,,,,,,,,,,,,,,,,,,,p.274,,,,,,,,,,,,,,,,,,,,,,,,,,,,,,,,,,,,,,,,
274,,,,,,,,,,,,,,,,,,,,,,,,,,,,,,,,,,,,,,,,,,,,,,,,,,,,,,,,,,,,,,,,,,,,,,,,,,,p.275,,,,,,,,,,,,,,,,,,,,,,,,,,,,,,,,,,,,,,,,
275,,r.-13.4.0,,,,,,,,,,,,r.-13.4.0,,,,,,,,,,,,,,,,,,,,,,,,,,,,,,,,,,,,,,,,,,,,,,,,,,,,,,,,,,,,,,,,,,,,,,,,,,,,,,,,,,,,,,,,,,,,,,,,,,,,,
276,,,,,,,,,,,,,,,,,,,,,,,,,,,,,,,,,,,,,,,,,,,,,,,,,,,,,,,,,,,,,,,,,,,,,,,,,,,p.277,,,,,,,,,,,,,,,,,,,,,,,,,,,,,,,,,,,,,,,,
277,,,,,,,,,,,,,,,,,,,,,,,,,,,,,,,,,,,,,,,,,,,,,,,,,,,,,,,,,,,,,,,,,,,,,,,,,,,,,,,,,,p.278,,,,,,,,,,,,,,,,,,,,,,,,,,,,,,,,,
278,,,,,,,,,,,,,,,,,,,,,,,,,,,,,,,,,,,,,,,,,,,,,,,,,,,,,,,,,,,,,,,,,,,,p.279,,,,,,,,,,,,,,,,,,,,,,,,,,,,,,,,,,,,,,,,,,,,,,,
279,,r.-9.5.0,,,,,,,,,,,,r.-9.5.0,,,,,,,,,,,,,,,,,,,,,,,,,,,,,,,,,,,,,,,,,,,,,,,,,,,,,,,,,,,,,,,,,,,,,,,,,,,,,,,,,,,,,,,,,,,,,,,,,,,,,
280,,r.-11.2.6/r.-6.0.6,,,,,,,,,,,,r.-6.0.6/r.-11.2.6,,r.-6.0.6/r.-11.2.6,,p.196,p.197,p.198,p.199,p.200,p.201,p.202,p.203,p.204,p.205,,,,,,,,,,,,r.-6.0.6/r.-11.2.6,,,,,,,,,,,,,,,,,,,,,,,,,,,,,r.-11.2.6/r.-6.0.6,,,,,,,,,,,,,,,,,,,,,,,,,,,,,,,,p.262,p.281,,,,,,,,,,,,,,
281,,r.-11.3.0,,,,,,,,,,,,r.-11.3.0,,r.-11.3.0,,,,,,,,,,,,,,,,,,,,,,,r.-11.3.0,,,,,,,,,,,,,,,,,,,,,,,,,,,,,r.-11.3.0,,,,,,,,,,,,,,,,,,,,,,,,,,,,,,,,,,,,,,,,,,,,,,,
282,,r.-2.2.0,,,,,,,,,,,,r.-2.2.0,,,,,,,,,,,,,,,,,,,,,,,,,,,,,,,,,,,,,,,,,,,,,,,,,,,,,,,,,,,,,,,,,,,,,,,,,,,,,,,,,,,,,,,,,,,,,,,,,,,,,
283,,p.284,,,,,,,,,,,,,,,,,,,,,,,,,,,,,,,,,,,,,,,,,,,,,,,,,,,,,,,,,,,,,,,,,,,,,,,,,,,,,,,,,,,,,,,,,,,,,,,,,,,,,,,,,,,,,,,,,
284,,r.-2.3.0,,,,,,,,,,,,r.-2.3.0,,,,,,,,,,,,,,,,,,,,,,,,,,,,,,,,,,,,,,,,,,,,,,,,,,,,,,,,,,,,,,,,,,,,,,,,,,,,,,,,,,,,,,,,,,,,,,,,,,,,,
285,,,,,,,,,,,,,,,,,,,,,,,,,,,,,,,,,,,,,,,,,,,,,,,,,,,,,,,,,,,,,,,,,,,,,,,,,,,,,,,,,,,,,,,,,,,,,,p.7,,,,,,,,,,,,,p.286,,,,p.9,,p.10,,
286,,,,,,,,,,,,,,,,,,,,,,,,,,,,,,,,,,,,,,,,,,,,,,,,,,,,,,,,,,,,,,,,,,,,,,,,,,,,,,,,,,,,,,,,,,,,r.-12.3.0,,,,,,,,,,,,,,,,,,,,,,,
287,,,,,,,,,,,,,,,,,,,,,,,,,,,,,,,,,,,,,,,,,,,,,,,,,,,,,,,,,,,,,,,,,,,,,,,,,,,,,,,,,,,,,,,,,,,,,,,r.-15.3.0,,,,,,,,,,,,,,,,,,,,
288,,,,,,,,,,,,,,,,,,,,,,,,,,,,,,,,,,,,,,,,,,,,,,,,,,,,,,,,,,,,,,,,,,,,,,,,,,,,,,,,,,,,,,,,,,,,,,p.289,,,,,,,,,,,,,,,,,,,,,
289,,,,,,,,,,,,,,,,,,,,,,,,,,,,r.-18.3.0,,,,,,,,,,,,,,,,,,,,,,,,,,,,,,,,,,,,,,,,,,,,,,,,,,,,,,,,,,,,,,,,,,,,,,,,,,,,,,,,,,,,,,,
290,,,,,,,,,,,,,,,,,,,,,,,,,,,,,,,,,,,,,,,,,,,,,,,,,,,,,,,,,,,,,,,,,,,,,,,,,,,,,,,,,,,,,,,,,,,,,,,r.-2.2.0,,,,,,,,,,,,,,,,,,,,
291,,p.292,,,,,,,,,,,,,,,,,,,,,,,,,,,,,,,,,,,,,,,,,,,,,,,,,,,,,,,,,,,,,,,,,,,,,,,,,,,,,,,,,,,,,,,,,,,,,,,,,,,,,,,,,,,,,,,,,
292,,,,,,,,,,,,,,,,,,,,,,,,,,,,,,,,,,,,,,,,,,,,,,,,,,,,,,,,,,,,,,,,,,,,,,,,,,,,,,,,,,,,,,,,,,,,,,,r.-2.3.0,,,,,,,,,,,,,,,,,,,,
