state,1,2,3,4,5,6,7,8,9,10,11,12,13,14,15,16,17,18,19,20,21,22,23,24,25,26,27,28,29,30,31,32,33,34,35,36,37,38,39,40,41,42,43,44,45,46,47,48,49,50,51,52,53,54,55,56,57,58,59,60,61,62,63,64,65,66,67,68,69,70,71,72,73,74,75,76,77,78,79,80,81,82,83,84,85,86,87,88,89,90,91,92,93,94,0,-1,-2,-3,-4,-5,-6,-7,-8,-9,-10,-11,-12,-13,-14,-15
0,,,,,,,,,,,,,,,,,,,,,,,,,,,,,,,,,,,,,,,,,,,,,,,,,,,,,,,,,,,,p.1,,,,,,,,,,,,,,,,,,,,,,,,,,,,,,p.2,,,,,,p.3,,,,,,,,,,,,,,
1,p.293,,,,,,,,,,,,,p.195,,,p.196,p.197,p.198,p.199,p.200,p.201,p.202,p.203,p.204,p.205,,,,,,,,,,,,,,,,,,,,,,,,,,,,,,,,,,p.206,,,,,,,,,p.207,,,,,,,,p.208,,,,,,p.209,,,,,,,p.210,,,,p.211,,,p.294,,,,p.213,p.214,,,,,,,,p.295
2,,,,,,,,,,,,,,,,,,,,,,,,,,,,,,,,,,,,,,,,,,,,,,,,,,,,,,,,,,,,,,,,,,,,,,,,,,,,,,,,,,,,,,,,,,,,p.4,,p.5,,,,,,,,,,,,,,p.6,,
3,,,,,,,,,,,,,,,,,,,,,,,,,,,,,,,,,,,,,,,,,,,,,,,,,,,,,,,,,,,,,,,,,,,,,,,,,,,,,,,,,,,,,,,,,,,,,,,acc,,,,,,,,,,,,,,,
4,,,,,,,,,,,,,,,,,,,,,,,,,,,,,,,,,,,,,,,,,,,,,,,,,,,,,,,,,,,,,,,,,,,,,,,,,,,,,,,,,,,,,,,,,,,,,,,r.-13.1.0,,,,,,,,,,,,,,,
5,p.7,p.8,p.9,p.10,p.11,p.12,p.13,p.14,p.15,p.16,p.17,p.18,p.19,p.20,p.21,p.22,p.23,p.24,p.25,p.26,p.27,p.28,p.29,p.30,p.31,p.32,p.33,p.34,p.35,p.36,p.37,p.38,p.39,p.40,p.41,p.42,p.43,p.44,p.45,p.46,p.47,p.48,p.49,p.50,p.51,p.52,p.53,p.54,p.55,p.56,p.57,p.58,p.59,p.60,p.61,p.62,p.63,p.64,p.65,p.66,p.67,p.68,p.69,p.70,p.71,p.72,p.73,p.74,p.75,p.76,p.77,p.78,p.79,p.80,p.81,p.82,p.83,p.84,p.85,p.86,p.87,p.88,p.89,p.90,p.91,p.92,p.93,p.94,p.95,p.96,p.97,p.98,p.99,,,,,p.100,p.101,,,,,,,,,,,
6,,,,,,,,,,,,,,,,,,,,,,,,,,,,,,,,,,,,,,,,,,,,,,,,,,,,,,,,,,,,,,,,,,,,,,,,,,,,,,,,,,,,,,,,,,,,,,,r.-1.2.0,,,,,,,,,,,,,,,
7,r.-3.1.0,r.-3.1.0,r.-3.1.0,r.-3.1.0,r.-3.1.0,r.-3.1.0,r.-3.1.0,r.-3.1.0,r.-3.1.0,r.-3.1.0,r.-3.1.0,r.-3.1.0,r.-3.1.0,r.-3.1.0,r.-3.1.0,r.-3.1.0,r.-3.1.0,r.-3.1.0,r.-3.1.0,r.-3.1.0,r.-3.1.0,r.-3.1.0,r.-3.1.0,r.-3.1.0,r.-3.1.0,r.-3.1.0,r.-3.1.0,r.-3.1.0,r.-3.1.0,r.-3.1.0,r.-3.1.0,r.-3.1.0,r.-3.1.0,r.-3.1.0,r.-3.1.0,r.-3.1.0,r.-3.1.0,r.-3.1.0,r.-3.1.0,r.-3.1.0,r.-3.1.0,r.-3.1.0,r.-3.1.0,r.-3.1.0,r.-3.1.0,r.-3.1.0,r.-3.1.0,r.-3.1.0,r.-3.1.0,r.-3.1.0,r.-3.1.0,r.-3.1.0,r.-3.1.0,r.-3.1.0,r.-3.1.0,r.-3.1.0,r.-3.1.0,r.-3.1.0,r.-3.1.0,r.-3.1.0,r.-3.1.0,r.-3.1.0,r.-3.1.0,r.-3.1.0,r.-3.1.0,r.-3.1.0,r.-3.1.0,r.-3.1.0,r.-3.1.0,r.-3.1.0,r.-3.1.0,r.-3.1.0,r.-3.1.0,r.-3.1.0,r.-3.1.0,r.-3.1.0,r.-3.1.0,r.-3.1.0,r.-3.1.0,r.-3.1.0,r.-3.1.0,r.-3.1.0,r.-3.1.0,r.-3.1.0,r.-3.1.0,r.-3.1.0,r.-3.1.0,r.-3.1.0,r.-3.1.0,r.-3.1.0,r.-3.1.0,r.-3.1.0,r.-3.1.0,r.-3.1.0,,,,,,,,,,,,,,,,
8,r.-3.1.0,r.-3.1.0,r.-3.1.0,r.-3.1.0,r.-3.1.0,r.-3.1.0,r.-3.1.0,r.-3.1.0,r.-3.1.0,r.-3.1.0,r.-3.1.0,r.-3.1.0,r.-3.1.0,r.-3.1.0,r.-3.1.0,r.-3.1.0,r.-3.1.0,r.-3.1.0,r.-3.1.0,r.-3.1.0,r.-3.1.0,r.-3.1.0,r.-3.1.0,r.-3.1.0,r.-3.1.0,r.-3.1.0,r.-3.1.0,r.-3.1.0,r.-3.1.0,r.-3.1.0,r.-3.1.0,r.-3.1.0,r.-3.1.0,r.-3.1.0,r.-3.1.0,r.-3.1.0,r.-3.1.0,r.-3.1.0,r.-3.1.0,r.-3.1.0,r.-3.1.0,r.-3.1.0,r.-3.1.0,r.-3.1.0,r.-3.1.0,r.-3.1.0,r.-3.1.0,r.-3.1.0,r.-3.1.0,r.-3.1.0,r.-3.1.0,r.-3.1.0,r.-3.1.0,r.-3.1.0,r.-3.1.0,r.-3.1.0,r.-3.1.0,r.-3.1.0,r.-3.1.0,r.-3.1.0,r.-3.1.0,r.-3.1.0,r.-3.1.0,r.-3.1.0,r.-3.1.0,r.-3.1.0,r.-3.1.0,r.-3.1.0,r.-3.1.0,r.-3.1.0,r.-3.1.0,r.-3.1.0,r.-3.1.0,r.-3.1.0,r.-3.1.0,r.-3.1.0,r.-3.1.0,r.-3.1.0,r.-3.1.0,r.-3.1.0,r.-3.1.0,r.-3.1.0,r.-3.1.0,r.-3.1.0,r.-3.1.0,r.-3.1.0,r.-3.1.0,r.-3.1.0,r.-3.1.0,r.-3.1.0,r.-3.1.0,r.-3.1.0,r.-3.1.0,r.-3.1.0,,,,,,,,,,,,,,,,
9,r.-3.1.0,r.-3.1.0,r.-3.1.0,r.-3.1.0,r.-3.1.0,r.-3.1.0,r.-3.1.0,r.-3.1.0,r.-3.1.0,r.-3.1.0,r.-3.1.0,r.-3.1.0,r.-3.1.0,r.-3.1.0,r.-3.1.0,r.-3.1.0,r.-3.1.0,r.-3.1.0,r.-3.1.0,r.-3.1.0,r.-3.1.0,r.-3.1.0,r.-3.1.0,r.-3.1.0,r.-3.1.0,r.-3.1.0,r.-3.1.0,r.-3.1.0,r.-3.1.0,r.-3.1.0,r.-3.1.0,r.-3.1.0,r.-3.1.0,r.-3.1.0,r.-3.1.0,r.-3.1.0,r.-3.1.0,r.-3.1.0,r.-3.1.0,r.-3.1.0,r.-3.1.0,r.-3.1.0,r.-3.1.0,r.-3.1.0,r.-3.1.0,r.-3.1.0,r.-3.1.0,r.-3.1.0,r.-3.1.0,r.-3.1.0,r.-3.1.0,r.-3.1.0,r.-3.1.0,r.-3.1.0,r.-3.1.0,r.-3.1.0,r.-3.1.0,r.-3.1.0,r.-3.1.0,r.-3.1.0,r.-3.1.0,r.-3.1.0,r.-3.1.0,r.-3.1.0,r.-3.1.0,r.-3.1.0,r.-3.1.0,r.-3.1.0,r.-3.1.0,r.-3.1.0,r.-3.1.0,r.-3.1.0,r.-3.1.0,r.-3.1.0,r.-3.1.0,r.-3.1.0,r.-3.1.0,r.-3.1.0,r.-3.1.0,r.-3.1.0,r.-3.1.0,r.-3.1.0,r.-3.1.0,r.-3.1.0,r.-3.1.0,r.-3.1.0,r.-3.1.0,r.-3.1.0,r.-3.1.0,r.-3.1.0,r.-3.1.0,r.-3.1.0,r.-3.1.0,r.-3.1.0,,,,,,,,,,,,,,,,
10,r.-3.1.0,r.-3.1.0,r.-3.1.0,r.-3.1.0,r.-3.1.0,r.-3.1.0,r.-3.1.0,r.-3.1.0,r.-3.1.0,r.-3.1.0,r.-3.1.0,r.-3.1.0,r.-3.1.0,r.-3.1.0,r.-3.1.0,r.-3.1.0,r.-3.1.0,r.-3.1.0,r.-3.1.0,r.-3.1.0,r.-3.1.0,r.-3.1.0,r.-3.1.0,r.-3.1.0,r.-3.1.0,r.-3.1.0,r.-3.1.0,r.-3.1.0,r.-3.1.0,r.-3.1.0,r.-3.1.0,r.-3.1.0,r.-3.1.0,r.-3.1.0,r.-3.1.0,r.-3.1.0,r.-3.1.0,r.-3.1.0,r.-3.1.0,r.-3.1.0,r.-3.1.0,r.-3.1.0,r.-3.1.0,r.-3.1.0,r.-3.1.0,r.-3.1.0,r.-3.1.0,r.-3.1.0,r.-3.1.0,r.-3.1.0,r.-3.1.0,r.-3.1.0,r.-3.1.0,r.-3.1.0,r.-3.1.0,r.-3.1.0,r.-3.1.0,r.-3.1.0,r.-3.1.0,r.-3.1.0,r.-3.1.0,r.-3.1.0,r.-3.1.0,r.-3.1.0,r.-3.1.0,r.-3.1.0,r.-3.1.0,r.-3.1.0,r.-3.1.0,r.-3.1.0,r.-3.1.0,r.-3.1.0,r.-3.1.0,r.-3.1.0,r.-3.1.0,r.-3.1.0,r.-3.1.0,r.-3.1.0,r.-3.1.0,r.-3.1.0,r.-3.1.0,r.-3.1.0,r.-3.1.0,r.-3.1.0,r.-3.1.0,r.-3.1.0,r.-3.1.0,r.-3.1.0,r.-3.1.0,r.-3.1.0,r.-3.1.0,r.-3.1.0,r.-3.1.0,r.-3.1.0,,,,,,,,,,,,,,,,
11,r.-3.1.0,r.-3.1.0,r.-3.1.0,r.-3.1.0,r.-3.1.0,r.-3.1.0,r.-3.1.0,r.-3.1.0,r.-3.1.0,r.-3.1.0,r.-3.1.0,r.-3.1.0,r.-3.1.0,r.-3.1.0,r.-3.1.0,r.-3.1.0,r.-3.1.0,r.-3.1.0,r.-3.1.0,r.-3.1.0,r.-3.1.0,r.-3.1.0,r.-3.1.0,r.-3.1.0,r.-3.1.0,r.-3.1.0,r.-3.1.0,r.-3.1.0,r.-3.1.0,r.-3.1.0,r.-3.1.0,r.-3.1.0,r.-3.1.0,r.-3.1.0,r.-3.1.0,r.-3.1.0,r.-3.1.0,r.-3.1.0,r.-3.1.0,r.-3.1.0,r.-3.1.0,r.-3.1.0,r.-3.1.0,r.-3.1.0,r.-3.1.0,r.-3.1.0,r.-3.1.0,r.-3.1.0,r.-3.1.0,r.-3.1.0,r.-3.1.0,r.-3.1.0,r.-3.1.0,r.-3.1.0,r.-3.1.0,r.-3.1.0,r.-3.1.0,r.-3.1.0,r.-3.1.0,r.-3.1.0,r.-3.1.0,r.-3.1.0,r.-3.1.0,r.-3.1.0,r.-3.1.0,r.-3.1.0,r.-3.1.0,r.-3.1.0,r.-3.1.0,r.-3.1.0,r.-3.1.0,r.-3.1.0,r.-3.1.0,r.-3.1.0,r.-3.1.0,r.-3.1.0,r.-3.1.0,r.-3.1.0,r.-3.1.0,r.-3.1.0,r.-3.1.0,r.-3.1.0,r.-3.1.0,r.-3.1.0,r.-3.1.0,r.-3.1.0,r.-3.1.0,r.-3.1.0,r.-3.1.0,r.-3.1.0,r.-3.1.0,r.-3.1.0,r.-3.1.0,r.-3.1.0,,,,,,,,,,,,,,,,
12,r.-3.1.0,r.-3.1.0,r.-3.1.0,r.-3.1.0,r.-3.1.0,r.-3.1.0,r.-3.1.0,r.-3.1.0,r.-3.1.0,r.-3.1.0,r.-3.1.0,r.-3.1.0,r.-3.1.0,r.-3.1.0,r.-3.1.0,r.-3.1.0,r.-3.1.0,r.-3.1.0,r.-3.1.0,r.-3.1.0,r.-3.1.0,r.-3.1.0,r.-3.1.0,r.-3.1.0,r.-3.1.0,r.-3.1.0,r.-3.1.0,r.-3.1.0,r.-3.1.0,r.-3.1.0,r.-3.1.0,r.-3.1.0,r.-3.1.0,r.-3.1.0,r.-3.1.0,r.-3.1.0,r.-3.1.0,r.-3.1.0,r.-3.1.0,r.-3.1.0,r.-3.1.0,r.-3.1.0,r.-3.1.0,r.-3.1.0,r.-3.1.0,r.-3.1.0,r.-3.1.0,r.-3.1.0,r.-3.1.0,r.-3.1.0,r.-3.1.0,r.-3.1.0,r.-3.1.0,r.-3.1.0,r.-3.1.0,r.-3.1.0,r.-3.1.0,r.-3.1.0,r.-3.1.0,r.-3.1.0,r.-3.1.0,r.-3.1.0,r.-3.1.0,r.-3.1.0,r.-3.1.0,r.-3.1.0,r.-3.1.0,r.-3.1.0,r.-3.1.0,r.-3.1.0,r.-3.1.0,r.-3.1.0,r.-3.1.0,r.-3.1.0,r.-3.1.0,r.-3.1.0,r.-3.1.0,r.-3.1.0,r.-3.1.0,r.-3.1.0,r.-3.1.0,r.-3.1.0,r.-3.1.0,r.-3.1.0,r.-3.1.0,r.-3.1.0,r.-3.1.0,r.-3.1.0,r.-3.1.0,r.-3.1.0,r.-3.1.0,r.-3.1.0,r.-3.1.0,r.-3.1.0,,,,,,,,,,,,,,,,
13,r.-3.1.0,r.-3.1.0,r.-3.1.0,r.-3.1.0,r.-3.1.0,r.-3.1.0,r.-3.1.0,r.-3.1.0,r.-3.1.0,r.-3.1.0,r.-3.1.0,r.-3.1.0,r.-3.1.0,r.-3.1.0,r.-3.1.0,r.-3.1.0,r.-3.1.0,r.-3.1.0,r.-3.1.0,r.-3.1.0,r.-3.1.0,r.-3.1.0,r.-3.1.0,r.-3.1.0,r.-3.1.0,r.-3.1.0,r.-3.1.0,r.-3.1.0,r.-3.1.0,r.-3.1.0,r.-3.1.0,r.-3.1.0,r.-3.1.0,r.-3.1.0,r.-3.1.0,r.-3.1.0,r.-3.1.0,r.-3.1.0,r.-3.1.0,r.-3.1.0,r.-3.1.0,r.-3.1.0,r.-3.1.0,r.-3.1.0,r.-3.1.0,r.-3.1.0,r.-3.1.0,r.-3.1.0,r.-3.1.0,r.-3.1.0,r.-3.1.0,r.-3.1.0,r.-3.1.0,r.-3.1.0,r.-3.1.0,r.-3.1.0,r.-3.1.0,r.-3.1.0,r.-3.1.0,r.-3.1.0,r.-3.1.0,r.-3.1.0,r.-3.1.0,r.-3.1.0,r.-3.1.0,r.-3.1.0,r.-3.1.0,r.-3.1.0,r.-3.1.0,r.-3.1.0,r.-3.1.0,r.-3.1.0,r.-3.1.0,r.-3.1.0,r.-3.1.0,r.-3.1.0,r.-3.1.0,r.-3.1.0,r.-3.1.0,r.-3.1.0,r.-3.1.0,r.-3.1.0,r.-3.1.0,r.-3.1.0,r.-3.1.0,r.-3.1.0,r.-3.1.0,r.-3.1.0,r.-3.1.0,r.-3.1.0,r.-3.1.0,r.-3.1.0,r.-3.1.0,r.-3.1.0,,,,,,,,,,,,,,,,
14,r.-3.1.0,r.-3.1.0,r.-3.1.0,r.-3.1.0,r.-3.1.0,r.-3.1.0,r.-3.1.0,r.-3.1.0,r.-3.1.0,r.-3.1.0,r.-3.1.0,r.-3.1.0,r.-3.1.0,r.-3.1.0,r.-3.1.0,r.-3.1.0,r.-3.1.0,r.-3.1.0,r.-3.1.0,r.-3.1.0,r.-3.1.0,r.-3.1.0,r.-3.1.0,r.-3.1.0,r.-3.1.0,r.-3.1.0,r.-3.1.0,r.-3.1.0,r.-3.1.0,r.-3.1.0,r.-3.1.0,r.-3.1.0,r.-3.1.0,r.-3.1.0,r.-3.1.0,r.-3.1.0,r.-3.1.0,r.-3.1.0,r.-3.1.0,r.-3.1.0,r.-3.1.0,r.-3.1.0,r.-3.1.0,r.-3.1.0,r.-3.1.0,r.-3.1.0,r.-3.1.0,r.-3.1.0,r.-3.1.0,r.-3.1.0,r.-3.1.0,r.-3.1.0,r.-3.1.0,r.-3.1.0,r.-3.1.0,r.-3.1.0,r.-3.1.0,r.-3.1.0,r.-3.1.0,r.-3.1.0,r.-3.1.0,r.-3.1.0,r.-3.1.0,r.-3.1.0,r.-3.1.0,r.-3.1.0,r.-3.1.0,r.-3.1.0,r.-3.1.0,r.-3.1.0,r.-3.1.0,r.-3.1.0,r.-3.1.0,r.-3.1.0,r.-3.1.0,r.-3.1.0,r.-3.1.0,r.-3.1.0,r.-3.1.0,r.-3.1.0,r.-3.1.0,r.-3.1.0,r.-3.1.0,r.-3.1.0,r.-3.1.0,r.-3.1.0,r.-3.1.0,r.-3.1.0,r.-3.1.0,r.-3.1.0,r.-3.1.0,r.-3.1.0,r.-3.1.0,r.-3.1.0,,,,,,,,,,,,,,,,
15,r.-3.1.0,r.-3.1.0,r.-3.1.0,r.-3.1.0,r.-3.1.0,r.-3.1.0,r.-3.1.0,r.-3.1.0,r.-3.1.0,r.-3.1.0,r.-3.1.0,r.-3.1.0,r.-3.1.0,r.-3.1.0,r.-3.1.0,r.-3.1.0,r.-3.1.0,r.-3.1.0,r.-3.1.0,r.-3.1.0,r.-3.1.0,r.-3.1.0,r.-3.1.0,r.-3.1.0,r.-3.1.0,r.-3.1.0,r.-3.1.0,r.-3.1.0,r.-3.1.0,r.-3.1.0,r.-3.1.0,r.-3.1.0,r.-3.1.0,r.-3.1.0,r.-3.1.0,r.-3.1.0,r.-3.1.0,r.-3.1.0,r.-3.1.0,r.-3.1.0,r.-3.1.0,r.-3.1.0,r.-3.1.0,r.-3.1.0,r.-3.1.0,r.-3.1.0,r.-3.1.0,r.-3.1.0,r.-3.1.0,r.-3.1.0,r.-3.1.0,r.-3.1.0,r.-3.1.0,r.-3.1.0,r.-3.1.0,r.-3.1.0,r.-3.1.0,r.-3.1.0,r.-3.1.0,r.-3.1.0,r.-3.1.0,r.-3.1.0,r.-3.1.0,r.-3.1.0,r.-3.1.0,r.-3.1.0,r.-3.1.0,r.-3.1.0,r.-3.1.0,r.-3.1.0,r.-3.1.0,r.-3.1.0,r.-3.1.0,r.-3.1.0,r.-3.1.0,r.-3.1.0,r.-3.1.0,r.-3.1.0,r.-3.1.0,r.-3.1.0,r.-3.1.0,r.-3.1.0,r.-3.1.0,r.-3.1.0,r.-3.1.0,r.-3.1.0,r.-3.1.0,r.-3.1.0,r.-3.1.0,r.-3.1.0,r.-3.1.0,r.-3.1.0,r.-3.1.0,r.-3.1.0,,,,,,,,,,,,,,,,
16,r.-3.1.0,r.-3.1.0,r.-3.1.0,r.-3.1.0,r.-3.1.0,r.-3.1.0,r.-3.1.0,r.-3.1.0,r.-3.1.0,r.-3.1.0,r.-3.1.0,r.-3.1.0,r.-3.1.0,r.-3.1.0,r.-3.1.0,r.-3.1.0,r.-3.1.0,r.-3.1.0,r.-3.1.0,r.-3.1.0,r.-3.1.0,r.-3.1.0,r.-3.1.0,r.-3.1.0,r.-3.1.0,r.-3.1.0,r.-3.1.0,r.-3.1.0,r.-3.1.0,r.-3.1.0,r.-3.1.0,r.-3.1.0,r.-3.1.0,r.-3.1.0,r.-3.1.0,r.-3.1.0,r.-3.1.0,r.-3.1.0,r.-3.1.0,r.-3.1.0,r.-3.1.0,r.-3.1.0,r.-3.1.0,r.-3.1.0,r.-3.1.0,r.-3.1.0,r.-3.1.0,r.-3.1.0,r.-3.1.0,r.-3.1.0,r.-3.1.0,r.-3.1.0,r.-3.1.0,r.-3.1.0,r.-3.1.0,r.-3.1.0,r.-3.1.0,r.-3.1.0,r.-3.1.0,r.-3.1.0,r.-3.1.0,r.-3.1.0,r.-3.1.0,r.-3.1.0,r.-3.1.0,r.-3.1.0,r.-3.1.0,r.-3.1.0,r.-3.1.0,r.-3.1.0,r.-3.1.0,r.-3.1.0,r.-3.1.0,r.-3.1.0,r.-3.1.0,r.-3.1.0,r.-3.1.0,r.-3.1.0,r.-3.1.0,r.-3.1.0,r.-3.1.0,r.-3.1.0,r.-3.1.0,r.-3.1.0,r.-3.1.0,r.-3.1.0,r.-3.1.0,r.-3.1.0,r.-3.1.0,r.-3.1.0,r.-3.1.0,r.-3.1.0,r.-3.1.0,r.-3.1.0,,,,,,,,,,,,,,,,
17,r.-3.1.0,r.-3.1.0,r.-3.1.0,r.-3.1.0,r.-3.1.0,r.-3.1.0,r.-3.1.0,r.-3.1.0,r.-3.1.0,r.-3.1.0,r.-3.1.0,r.-3.1.0,r.-3.1.0,r.-3.1.0,r.-3.1.0,r.-3.1.0,r.-3.1.0,r.-3.1.0,r.-3.1.0,r.-3.1.0,r.-3.1.0,r.-3.1.0,r.-3.1.0,r.-3.1.0,r.-3.1.0,r.-3.1.0,r.-3.1.0,r.-3.1.0,r.-3.1.0,r.-3.1.0,r.-3.1.0,r.-3.1.0,r.-3.1.0,r.-3.1.0,r.-3.1.0,r.-3.1.0,r.-3.1.0,r.-3.1.0,r.-3.1.0,r.-3.1.0,r.-3.1.0,r.-3.1.0,r.-3.1.0,r.-3.1.0,r.-3.1.0,r.-3.1.0,r.-3.1.0,r.-3.1.0,r.-3.1.0,r.-3.1.0,r.-3.1.0,r.-3.1.0,r.-3.1.0,r.-3.1.0,r.-3.1.0,r.-3.1.0,r.-3.1.0,r.-3.1.0,r.-3.1.0,r.-3.1.0,r.-3.1.0,r.-3.1.0,r.-3.1.0,r.-3.1.0,r.-3.1.0,r.-3.1.0,r.-3.1.0,r.-3.1.0,r.-3.1.0,r.-3.1.0,r.-3.1.0,r.-3.1.0,r.-3.1.0,r.-3.1.0,r.-3.1.0,r.-3.1.0,r.-3.1.0,r.-3.1.0,r.-3.1.0,r.-3.1.0,r.-3.1.0,r.-3.1.0,r.-3.1.0,r.-3.1.0,r.-3.1.0,r.-3.1.0,r.-3.1.0,r.-3.1.0,r.-3.1.0,r.-3.1.0,r.-3.1.0,r.-3.1.0,r.-3.1.0,r.-3.1.0,,,,,,,,,,,,,,,,
18,r.-3.1.0,r.-3.1.0,r.-3.1.0,r.-3.1.0,r.-3.1.0,r.-3.1.0,r.-3.1.0,r.-3.1.0,r.-3.1.0,r.-3.1.0,r.-3.1.0,r.-3.1.0,r.-3.1.0,r.-3.1.0,r.-3.1.0,r.-3.1.0,r.-3.1.0,r.-3.1.0,r.-3.1.0,r.-3.1.0,r.-3.1.0,r.-3.1.0,r.-3.1.0,r.-3.1.0,r.-3.1.0,r.-3.1.0,r.-3.1.0,r.-3.1.0,r.-3.1.0,r.-3.1.0,r.-3.1.0,r.-3.1.0,r.-3.1.0,r.-3.1.0,r.-3.1.0,r.-3.1.0,r.-3.1.0,r.-3.1.0,r.-3.1.0,r.-3.1.0,r.-3.1.0,r.-3.1.0,r.-3.1.0,r.-3.1.0,r.-3.1.0,r.-3.1.0,r.-3.1.0,r.-3.1.0,r.-3.1.0,r.-3.1.0,r.-3.1.0,r.-3.1.0,r.-3.1.0,r.-3.1.0,r.-3.1.0,r.-3.1.0,r.-3.1.0,r.-3.1.0,r.-3.1.0,r.-3.1.0,r.-3.1.0,r.-3.1.0,r.-3.1.0,r.-3.1.0,r.-3.1.0,r.-3.1.0,r.-3.1.0,r.-3.1.0,r.-3.1.0,r.-3.1.0,r.-3.1.0,r.-3.1.0,r.-3.1.0,r.-3.1.0,r.-3.1.0,r.-3.1.0,r.-3.1.0,r.-3.1.0,r.-3.1.0,r.-3.1.0,r.-3.1.0,r.-3.1.0,r.-3.1.0,r.-3.1.0,r.-3.1.0,r.-3.1.0,r.-3.1.0,r.-3.1.0,r.-3.1.0,r.-3.1.0,r.-3.1.0,r.-3.1.0,r.-3.1.0,r.-3.1.0,,,,,,,,,,,,,,,,
19,r.-3.1.0,r.-3.1.0,r.-3.1.0,r.-3.1.0,r.-3.1.0,r.-3.1.0,r.-3.1.0,r.-3.1.0,r.-3.1.0,r.-3.1.0,r.-3.1.0,r.-3.1.0,r.-3.1.0,r.-3.1.0,r.-3.1.0,r.-3.1.0,r.-3.1.0,r.-3.1.0,r.-3.1.0,r.-3.1.0,r.-3.1.0,r.-3.1.0,r.-3.1.0,r.-3.1.0,r.-3.1.0,r.-3.1.0,r.-3.1.0,r.-3.1.0,r.-3.1.0,r.-3.1.0,r.-3.1.0,r.-3.1.0,r.-3.1.0,r.-3.1.0,r.-3.1.0,r.-3.1.0,r.-3.1.0,r.-3.1.0,r.-3.1.0,r.-3.1.0,r.-3.1.0,r.-3.1.0,r.-3.1.0,r.-3.1.0,r.-3.1.0,r.-3.1.0,r.-3.1.0,r.-3.1.0,r.-3.1.0,r.-3.1.0,r.-3.1.0,r.-3.1.0,r.-3.1.0,r.-3.1.0,r.-3.1.0,r.-3.1.0,r.-3.1.0,r.-3.1.0,r.-3.1.0,r.-3.1.0,r.-3.1.0,r.-3.1.0,r.-3.1.0,r.-3.1.0,r.-3.1.0,r.-3.1.0,r.-3.1.0,r.-3.1.0,r.-3.1.0,r.-3.1.0,r.-3.1.0,r.-3.1.0,r.-3.1.0,r.-3.1.0,r.-3.1.0,r.-3.1.0,r.-3.1.0,r.-3.1.0,r.-3.1.0,r.-3.1.0,r.-3.1.0,r.-3.1.0,r.-3.1.0,r.-3.1.0,r.-3.1.0,r.-3.1.0,r.-3.1.0,r.-3.1.0,r.-3.1.0,r.-3.1.0,r.-3.1.0,r.-3.1.0,r.-3.1.0,r.-3.1.0,,,,,,,,,,,,,,,,
20,r.-3.1.0,r.-3.1.0,r.-3.1.0,r.-3.1.0,r.-3.1.0,r.-3.1.0,r.-3.1.0,r.-3.1.0,r.-3.1.0,r.-3.1.0,r.-3.1.0,r.-3.1.0,r.-3.1.0,r.-3.1.0,r.-3.1.0,r.-3.1.0,r.-3.1.0,r.-3.1.0,r.-3.1.0,r.-3.1.0,r.-3.1.0,r.-3.1.0,r.-3.1.0,r.-3.1.0,r.-3.1.0,r.-3.1.0,r.-3.1.0,r.-3.1.0,r.-3.1.0,r.-3.1.0,r.-3.1.0,r.-3.1.0,r.-3.1.0,r.-3.1.0,r.-3.1.0,r.-3.1.0,r.-3.1.0,r.-3.1.0,r.-3.1.0,r.-3.1.0,r.-3.1.0,r.-3.1.0,r.-3.1.0,r.-3.1.0,r.-3.1.0,r.-3.1.0,r.-3.1.0,r.-3.1.0,r.-3.1.0,r.-3.1.0,r.-3.1.0,r.-3.1.0,r.-3.1.0,r.-3.1.0,r.-3.1.0,r.-3.1.0,r.-3.1.0,r.-3.1.0,r.-3.1.0,r.-3.1.0,r.-3.1.0,r.-3.1.0,r.-3.1.0,r.-3.1.0,r.-3.1.0,r.-3.1.0,r.-3.1.0,r.-3.1.0,r.-3.1.0,r.-3.1.0,r.-3.1.0,r.-3.1.0,r.-3.1.0,r.-3.1.0,r.-3.1.0,r.-3.1.0,r.-3.1.0,r.-3.1.0,r.-3.1.0,r.-3.1.0,r.-3.1.0,r.-3.1.0,r.-3.1.0,r.-3.1.0,r.-3.1.0,r.-3.1.0,r.-3.1.0,r.-3.1.0,r.-3.1.0,r.-3.1.0,r.-3.1.0,r.-3.1.0,r.-3.1.0,r.-3.1.0,,,,,,,,,,,,,,,,
21,r.-3.1.0,r.-3.1.0,r.-3.1.0,r.-3.1.0,r.-3.1.0,r.-3.1.0,r.-3.1.0,r.-3.1.0,r.-3.1.0,r.-3.1.0,r.-3.1.0,r.-3.1.0,r.-3.1.0,r.-3.1.0,r.-3.1.0,r.-3.1.0,r.-3.1.0,r.-3.1.0,r.-3.1.0,r.-3.1.0,r.-3.1.0,r.-3.1.0,r.-3.1.0,r.-3.1.0,r.-3.1.0,r.-3.1.0,r.-3.1.0,r.-3.1.0,r.-3.1.0,r.-3.1.0,r.-3.1.0,r.-3.1.0,r.-3.1.0,r.-3.1.0,r.-3.1.0,r.-3.1.0,r.-3.1.0,r.-3.1.0,r.-3.1.0,r.-3.1.0,r.-3.1.0,r.-3.1.0,r.-3.1.0,r.-3.1.0,r.-3.1.0,r.-3.1.0,r.-3.1.0,r.-3.1.0,r.-3.1.0,r.-3.1.0,r.-3.1.0,r.-3.1.0,r.-3.1.0,r.-3.1.0,r.-3.1.0,r.-3.1.0,r.-3.1.0,r.-3.1.0,r.-3.1.0,r.-3.1.0,r.-3.1.0,r.-3.1.0,r.-3.1.0,r.-3.1.0,r.-3.1.0,r.-3.1.0,r.-3.1.0,r.-3.1.0,r.-3.1.0,r.-3.1.0,r.-3.1.0,r.-3.1.0,r.-3.1.0,r.-3.1.0,r.-3.1.0,r.-3.1.0,r.-3.1.0,r.-3.1.0,r.-3.1.0,r.-3.1.0,r.-3.1.0,r.-3.1.0,r.-3.1.0,r.-3.1.0,r.-3.1.0,r.-3.1.0,r.-3.1.0,r.-3.1.0,r.-3.1.0,r.-3.1.0,r.-3.1.0,r.-3.1.0,r.-3.1.0,r.-3.1.0,,,,,,,,,,,,,,,,
22,r.-3.1.0,r.-3.1.0,r.-3.1.0,r.-3.1.0,r.-3.1.0,r.-3.1.0,r.-3.1.0,r.-3.1.0,r.-3.1.0,r.-3.1.0,r.-3.1.0,r.-3.1.0,r.-3.1.0,r.-3.1.0,r.-3.1.0,r.-3.1.0,r.-3.1.0,r.-3.1.0,r.-3.1.0,r.-3.1.0,r.-3.1.0,r.-3.1.0,r.-3.1.0,r.-3.1.0,r.-3.1.0,r.-3.1.0,r.-3.1.0,r.-3.1.0,r.-3.1.0,r.-3.1.0,r.-3.1.0,r.-3.1.0,r.-3.1.0,r.-3.1.0,r.-3.1.0,r.-3.1.0,r.-3.1.0,r.-3.1.0,r.-3.1.0,r.-3.1.0,r.-3.1.0,r.-3.1.0,r.-3.1.0,r.-3.1.0,r.-3.1.0,r.-3.1.0,r.-3.1.0,r.-3.1.0,r.-3.1.0,r.-3.1.0,r.-3.1.0,r.-3.1.0,r.-3.1.0,r.-3.1.0,r.-3.1.0,r.-3.1.0,r.-3.1.0,r.-3.1.0,r.-3.1.0,r.-3.1.0,r.-3.1.0,r.-3.1.0,r.-3.1.0,r.-3.1.0,r.-3.1.0,r.-3.1.0,r.-3.1.0,r.-3.1.0,r.-3.1.0,r.-3.1.0,r.-3.1.0,r.-3.1.0,r.-3.1.0,r.-3.1.0,r.-3.1.0,r.-3.1.0,r.-3.1.0,r.-3.1.0,r.-3.1.0,r.-3.1.0,r.-3.1.0,r.-3.1.0,r.-3.1.0,r.-3.1.0,r.-3.1.0,r.-3.1.0,r.-3.1.0,r.-3.1.0,r.-3.1.0,r.-3.1.0,r.-3.1.0,r.-3.1.0,r.-3.1.0,r.-3.1.0,,,,,,,,,,,,,,,,
23,r.-3.1.0,r.-3.1.0,r.-3.1.0,r.-3.1.0,r.-3.1.0,r.-3.1.0,r.-3.1.0,r.-3.1.0,r.-3.1.0,r.-3.1.0,r.-3.1.0,r.-3.1.0,r.-3.1.0,r.-3.1.0,r.-3.1.0,r.-3.1.0,r.-3.1.0,r.-3.1.0,r.-3.1.0,r.-3.1.0,r.-3.1.0,r.-3.1.0,r.-3.1.0,r.-3.1.0,r.-3.1.0,r.-3.1.0,r.-3.1.0,r.-3.1.0,r.-3.1.0,r.-3.1.0,r.-3.1.0,r.-3.1.0,r.-3.1.0,r.-3.1.0,r.-3.1.0,r.-3.1.0,r.-3.1.0,r.-3.1.0,r.-3.1.0,r.-3.1.0,r.-3.1.0,r.-3.1.0,r.-3.1.0,r.-3.1.0,r.-3.1.0,r.-3.1.0,r.-3.1.0,r.-3.1.0,r.-3.1.0,r.-3.1.0,r.-3.1.0,r.-3.1.0,r.-3.1.0,r.-3.1.0,r.-3.1.0,r.-3.1.0,r.-3.1.0,r.-3.1.0,r.-3.1.0,r.-3.1.0,r.-3.1.0,r.-3.1.0,r.-3.1.0,r.-3.1.0,r.-3.1.0,r.-3.1.0,r.-3.1.0,r.-3.1.0,r.-3.1.0,r.-3.1.0,r.-3.1.0,r.-3.1.0,r.-3.1.0,r.-3.1.0,r.-3.1.0,r.-3.1.0,r.-3.1.0,r.-3.1.0,r.-3.1.0,r.-3.1.0,r.-3.1.0,r.-3.1.0,r.-3.1.0,r.-3.1.0,r.-3.1.0,r.-3.1.0,r.-3.1.0,r.-3.1.0,r.-3.1.0,r.-3.1.0,r.-3.1.0,r.-3.1.0,r.-3.1.0,r.-3.1.0,,,,,,,,,,,,,,,,
24,r.-3.1.0,r.-3.1.0,r.-3.1.0,r.-3.1.0,r.-3.1.0,r.-3.1.0,r.-3.1.0,r.-3.1.0,r.-3.1.0,r.-3.1.0,r.-3.1.0,r.-3.1.0,r.-3.1.0,r.-3.1.0,r.-3.1.0,r.-3.1.0,r.-3.1.0,r.-3.1.0,r.-3.1.0,r.-3.1.0,r.-3.1.0,r.-3.1.0,r.-3.1.0,r.-3.1.0,r.-3.1.0,r.-3.1.0,r.-3.1.0,r.-3.1.0,r.-3.1.0,r.-3.1.0,r.-3.1.0,r.-3.1.0,r.-3.1.0,r.-3.1.0,r.-3.1.0,r.-3.1.0,r.-3.1.0,r.-3.1.0,r.-3.1.0,r.-3.1.0,r.-3.1.0,r.-3.1.0,r.-3.1.0,r.-3.1.0,r.-3.1.0,r.-3.1.0,r.-3.1.0,r.-3.1.0,r.-3.1.0,r.-3.1.0,r.-3.1.0,r.-3.1.0,r.-3.1.0,r.-3.1.0,r.-3.1.0,r.-3.1.0,r.-3.1.0,r.-3.1.0,r.-3.1.0,r.-3.1.0,r.-3.1.0,r.-3.1.0,r.-3.1.0,r.-3.1.0,r.-3.1.0,r.-3.1.0,r.-3.1.0,r.-3.1.0,r.-3.1.0,r.-3.1.0,r.-3.1.0,r.-3.1.0,r.-3.1.0,r.-3.1.0,r.-3.1.0,r.-3.1.0,r.-3.1.0,r.-3.1.0,r.-3.1.0,r.-3.1.0,r.-3.1.0,r.-3.1.0,r.-3.1.0,r.-3.1.0,r.-3.1.0,r.-3.1.0,r.-3.1.0,r.-3.1.0,r.-3.1.0,r.-3.1.0,r.-3.1.0,r.-3.1.0,r.-3.1.0,r.-3.1.0,,,,,,,,,,,,,,,,
25,r.-3.1.0,r.-3.1.0,r.-3.1.0,r.-3.1.0,r.-3.1.0,r.-3.1.0,r.-3.1.0,r.-3.1.0,r.-3.1.0,r.-3.1.0,r.-3.1.0,r.-3.1.0,r.-3.1.0,r.-3.1.0,r.-3.1.0,r.-3.1.0,r.-3.1.0,r.-3.1.0,r.-3.1.0,r.-3.1.0,r.-3.1.0,r.-3.1.0,r.-3.1.0,r.-3.1.0,r.-3.1.0,r.-3.1.0,r.-3.1.0,r.-3.1.0,r.-3.1.0,r.-3.1.0,r.-3.1.0,r.-3.1.0,r.-3.1.0,r.-3.1.0,r.-3.1.0,r.-3.1.0,r.-3.1.0,r.-3.1.0,r.-3.1.0,r.-3.1.0,r.-3.1.0,r.-3.1.0,r.-3.1.0,r.-3.1.0,r.-3.1.0,r.-3.1.0,r.-3.1.0,r.-3.1.0,r.-3.1.0,r.-3.1.0,r.-3.1.0,r.-3.1.0,r.-3.1.0,r.-3.1.0,r.-3.1.0,r.-3.1.0,r.-3.1.0,r.-3.1.0,r.-3.1.0,r.-3.1.0,r.-3.1.0,r.-3.1.0,r.-3.1.0,r.-3.1.0,r.-3.1.0,r.-3.1.0,r.-3.1.0,r.-3.1.0,r.-3.1.0,r.-3.1.0,r.-3.1.0,r.-3.1.0,r.-3.1.0,r.-3.1.0,r.-3.1.0,r.-3.1.0,r.-3.1.0,r.-3.1.0,r.-3.1.0,r.-3.1.0,r.-3.1.0,r.-3.1.0,r.-3.1.0,r.-3.1.0,r.-3.1.0,r.-3.1.0,r.-3.1.0,r.-3.1.0,r.-3.1.0,r.-3.1.0,r.-3.1.0,r.-3.1.0,r.-3.1.0,r.-3.1.0,,,,,,,,,,,,,,,,
26,r.-3.1.0,r.-3.1.0,r.-3.1.0,r.-3.1.0,r.-3.1.0,r.-3.1.0,r.-3.1.0,r.-3.1.0,r.-3.1.0,r.-3.1.0,r.-3.1.0,r.-3.1.0,r.-3.1.0,r.-3.1.0,r.-3.1.0,r.-3.1.0,r.-3.1.0,r.-3.1.0,r.-3.1.0,r.-3.1.0,r.-3.1.0,r.-3.1.0,r.-3.1.0,r.-3.1.0,r.-3.1.0,r.-3.1.0,r.-3.1.0,r.-3.1.0,r.-3.1.0,r.-3.1.0,r.-3.1.0,r.-3.1.0,r.-3.1.0,r.-3.1.0,r.-3.1.0,r.-3.1.0,r.-3.1.0,r.-3.1.0,r.-3.1.0,r.-3.1.0,r.-3.1.0,r.-3.1.0,r.-3.1.0,r.-3.1.0,r.-3.1.0,r.-3.1.0,r.-3.1.0,r.-3.1.0,r.-3.1.0,r.-3.1.0,r.-3.1.0,r.-3.1.0,r.-3.1.0,r.-3.1.0,r.-3.1.0,r.-3.1.0,r.-3.1.0,r.-3.1.0,r.-3.1.0,r.-3.1.0,r.-3.1.0,r.-3.1.0,r.-3.1.0,r.-3.1.0,r.-3.1.0,r.-3.1.0,r.-3.1.0,r.-3.1.0,r.-3.1.0,r.-3.1.0,r.-3.1.0,r.-3.1.0,r.-3.1.0,r.-3.1.0,r.-3.1.0,r.-3.1.0,r.-3.1.0,r.-3.1.0,r.-3.1.0,r.-3.1.0,r.-3.1.0,r.-3.1.0,r.-3.1.0,r.-3.1.0,r.-3.1.0,r.-3.1.0,r.-3.1.0,r.-3.1.0,r.-3.1.0,r.-3.1.0,r.-3.1.0,r.-3.1.0,r.-3.1.0,r.-3.1.0,,,,,,,,,,,,,,,,
27,r.-3.1.0,r.-3.1.0,r.-3.1.0,r.-3.1.0,r.-3.1.0,r.-3.1.0,r.-3.1.0,r.-3.1.0,r.-3.1.0,r.-3.1.0,r.-3.1.0,r.-3.1.0,r.-3.1.0,r.-3.1.0,r.-3.1.0,r.-3.1.0,r.-3.1.0,r.-3.1.0,r.-3.1.0,r.-3.1.0,r.-3.1.0,r.-3.1.0,r.-3.1.0,r.-3.1.0,r.-3.1.0,r.-3.1.0,r.-3.1.0,r.-3.1.0,r.-3.1.0,r.-3.1.0,r.-3.1.0,r.-3.1.0,r.-3.1.0,r.-3.1.0,r.-3.1.0,r.-3.1.0,r.-3.1.0,r.-3.1.0,r.-3.1.0,r.-3.1.0,r.-3.1.0,r.-3.1.0,r.-3.1.0,r.-3.1.0,r.-3.1.0,r.-3.1.0,r.-3.1.0,r.-3.1.0,r.-3.1.0,r.-3.1.0,r.-3.1.0,r.-3.1.0,r.-3.1.0,r.-3.1.0,r.-3.1.0,r.-3.1.0,r.-3.1.0,r.-3.1.0,r.-3.1.0,r.-3.1.0,r.-3.1.0,r.-3.1.0,r.-3.1.0,r.-3.1.0,r.-3.1.0,r.-3.1.0,r.-3.1.0,r.-3.1.0,r.-3.1.0,r.-3.1.0,r.-3.1.0,r.-3.1.0,r.-3.1.0,r.-3.1.0,r.-3.1.0,r.-3.1.0,r.-3.1.0,r.-3.1.0,r.-3.1.0,r.-3.1.0,r.-3.1.0,r.-3.1.0,r.-3.1.0,r.-3.1.0,r.-3.1.0,r.-3.1.0,r.-3.1.0,r.-3.1.0,r.-3.1.0,r.-3.1.0,r.-3.1.0,r.-3.1.0,r.-3.1.0,r.-3.1.0,,,,,,,,,,,,,,,,
28,r.-3.1.0,r.-3.1.0,r.-3.1.0,r.-3.1.0,r.-3.1.0,r.-3.1.0,r.-3.1.0,r.-3.1.0,r.-3.1.0,r.-3.1.0,r.-3.1.0,r.-3.1.0,r.-3.1.0,r.-3.1.0,r.-3.1.0,r.-3.1.0,r.-3.1.0,r.-3.1.0,r.-3.1.0,r.-3.1.0,r.-3.1.0,r.-3.1.0,r.-3.1.0,r.-3.1.0,r.-3.1.0,r.-3.1.0,r.-3.1.0,r.-3.1.0,r.-3.1.0,r.-3.1.0,r.-3.1.0,r.-3.1.0,r.-3.1.0,r.-3.1.0,r.-3.1.0,r.-3.1.0,r.-3.1.0,r.-3.1.0,r.-3.1.0,r.-3.1.0,r.-3.1.0,r.-3.1.0,r.-3.1.0,r.-3.1.0,r.-3.1.0,r.-3.1.0,r.-3.1.0,r.-3.1.0,r.-3.1.0,r.-3.1.0,r.-3.1.0,r.-3.1.0,r.-3.1.0,r.-3.1.0,r.-3.1.0,r.-3.1.0,r.-3.1.0,r.-3.1.0,r.-3.1.0,r.-3.1.0,r.-3.1.0,r.-3.1.0,r.-3.1.0,r.-3.1.0,r.-3.1.0,r.-3.1.0,r.-3.1.0,r.-3.1.0,r.-3.1.0,r.-3.1.0,r.-3.1.0,r.-3.1.0,r.-3.1.0,r.-3.1.0,r.-3.1.0,r.-3.1.0,r.-3.1.0,r.-3.1.0,r.-3.1.0,r.-3.1.0,r.-3.1.0,r.-3.1.0,r.-3.1.0,r.-3.1.0,r.-3.1.0,r.-3.1.0,r.-3.1.0,r.-3.1.0,r.-3.1.0,r.-3.1.0,r.-3.1.0,r.-3.1.0,r.-3.1.0,r.-3.1.0,,,,,,,,,,,,,,,,
29,r.-3.1.0,r.-3.1.0,r.-3.1.0,r.-3.1.0,r.-3.1.0,r.-3.1.0,r.-3.1.0,r.-3.1.0,r.-3.1.0,r.-3.1.0,r.-3.1.0,r.-3.1.0,r.-3.1.0,r.-3.1.0,r.-3.1.0,r.-3.1.0,r.-3.1.0,r.-3.1.0,r.-3.1.0,r.-3.1.0,r.-3.1.0,r.-3.1.0,r.-3.1.0,r.-3.1.0,r.-3.1.0,r.-3.1.0,r.-3.1.0,r.-3.1.0,r.-3.1.0,r.-3.1.0,r.-3.1.0,r.-3.1.0,r.-3.1.0,r.-3.1.0,r.-3.1.0,r.-3.1.0,r.-3.1.0,r.-3.1.0,r.-3.1.0,r.-3.1.0,r.-3.1.0,r.-3.1.0,r.-3.1.0,r.-3.1.0,r.-3.1.0,r.-3.1.0,r.-3.1.0,r.-3.1.0,r.-3.1.0,r.-3.1.0,r.-3.1.0,r.-3.1.0,r.-3.1.0,r.-3.1.0,r.-3.1.0,r.-3.1.0,r.-3.1.0,r.-3.1.0,r.-3.1.0,r.-3.1.0,r.-3.1.0,r.-3.1.0,r.-3.1.0,r.-3.1.0,r.-3.1.0,r.-3.1.0,r.-3.1.0,r.-3.1.0,r.-3.1.0,r.-3.1.0,r.-3.1.0,r.-3.1.0,r.-3.1.0,r.-3.1.0,r.-3.1.0,r.-3.1.0,r.-3.1.0,r.-3.1.0,r.-3.1.0,r.-3.1.0,r.-3.1.0,r.-3.1.0,r.-3.1.0,r.-3.1.0,r.-3.1.0,r.-3.1.0,r.-3.1.0,r.-3.1.0,r.-3.1.0,r.-3.1.0,r.-3.1.0,r.-3.1.0,r.-3.1.0,r.-3.1.0,,,,,,,,,,,,,,,,
30,r.-3.1.0,r.-3.1.0,r.-3.1.0,r.-3.1.0,r.-3.1.0,r.-3.1.0,r.-3.1.0,r.-3.1.0,r.-3.1.0,r.-3.1.0,r.-3.1.0,r.-3.1.0,r.-3.1.0,r.-3.1.0,r.-3.1.0,r.-3.1.0,r.-3.1.0,r.-3.1.0,r.-3.1.0,r.-3.1.0,r.-3.1.0,r.-3.1.0,r.-3.1.0,r.-3.1.0,r.-3.1.0,r.-3.1.0,r.-3.1.0,r.-3.1.0,r.-3.1.0,r.-3.1.0,r.-3.1.0,r.-3.1.0,r.-3.1.0,r.-3.1.0,r.-3.1.0,r.-3.1.0,r.-3.1.0,r.-3.1.0,r.-3.1.0,r.-3.1.0,r.-3.1.0,r.-3.1.0,r.-3.1.0,r.-3.1.0,r.-3.1.0,r.-3.1.0,r.-3.1.0,r.-3.1.0,r.-3.1.0,r.-3.1.0,r.-3.1.0,r.-3.1.0,r.-3.1.0,r.-3.1.0,r.-3.1.0,r.-3.1.0,r.-3.1.0,r.-3.1.0,r.-3.1.0,r.-3.1.0,r.-3.1.0,r.-3.1.0,r.-3.1.0,r.-3.1.0,r.-3.1.0,r.-3.1.0,r.-3.1.0,r.-3.1.0,r.-3.1.0,r.-3.1.0,r.-3.1.0,r.-3.1.0,r.-3.1.0,r.-3.1.0,r.-3.1.0,r.-3.1.0,r.-3.1.0,r.-3.1.0,r.-3.1.0,r.-3.1.0,r.-3.1.0,r.-3.1.0,r.-3.1.0,r.-3.1.0,r.-3.1.0,r.-3.1.0,r.-3.1.0,r.-3.1.0,r.-3.1.0,r.-3.1.0,r.-3.1.0,r.-3.1.0,r.-3.1.0,r.-3.1.0,,,,,,,,,,,,,,,,
31,r.-3.1.0,r.-3.1.0,r.-3.1.0,r.-3.1.0,r.-3.1.0,r.-3.1.0,r.-3.1.0,r.-3.1.0,r.-3.1.0,r.-3.1.0,r.-3.1.0,r.-3.1.0,r.-3.1.0,r.-3.1.0,r.-3.1.0,r.-3.1.0,r.-3.1.0,r.-3.1.0,r.-3.1.0,r.-3.1.0,r.-3.1.0,r.-3.1.0,r.-3.1.0,r.-3.1.0,r.-3.1.0,r.-3.1.0,r.-3.1.0,r.-3.1.0,r.-3.1.0,r.-3.1.0,r.-3.1.0,r.-3.1.0,r.-3.1.0,r.-3.1.0,r.-3.1.0,r.-3.1.0,r.-3.1.0,r.-3.1.0,r.-3.1.0,r.-3.1.0,r.-3.1.0,r.-3.1.0,r.-3.1.0,r.-3.1.0,r.-3.1.0,r.-3.1.0,r.-3.1.0,r.-3.1.0,r.-3.1.0,r.-3.1.0,r.-3.1.0,r.-3.1.0,r.-3.1.0,r.-3.1.0,r.-3.1.0,r.-3.1.0,r.-3.1.0,r.-3.1.0,r.-3.1.0,r.-3.1.0,r.-3.1.0,r.-3.1.0,r.-3.1.0,r.-3.1.0,r.-3.1.0,r.-3.1.0,r.-3.1.0,r.-3.1.0,r.-3.1.0,r.-3.1.0,r.-3.1.0,r.-3.1.0,r.-3.1.0,r.-3.1.0,r.-3.1.0,r.-3.1.0,r.-3.1.0,r.-3.1.0,r.-3.1.0,r.-3.1.0,r.-3.1.0,r.-3.1.0,r.-3.1.0,r.-3.1.0,r.-3.1.0,r.-3.1.0,r.-3.1.0,r.-3.1.0,r.-3.1.0,r.-3.1.0,r.-3.1.0,r.-3.1.0,r.-3.1.0,r.-3.1.0,,,,,,,,,,,,,,,,
32,r.-3.1.0,r.-3.1.0,r.-3.1.0,r.-3.1.0,r.-3.1.0,r.-3.1.0,r.-3.1.0,r.-3.1.0,r.-3.1.0,r.-3.1.0,r.-3.1.0,r.-3.1.0,r.-3.1.0,r.-3.1.0,r.-3.1.0,r.-3.1.0,r.-3.1.0,r.-3.1.0,r.-3.1.0,r.-3.1.0,r.-3.1.0,r.-3.1.0,r.-3.1.0,r.-3.1.0,r.-3.1.0,r.-3.1.0,r.-3.1.0,r.-3.1.0,r.-3.1.0,r.-3.1.0,r.-3.1.0,r.-3.1.0,r.-3.1.0,r.-3.1.0,r.-3.1.0,r.-3.1.0,r.-3.1.0,r.-3.1.0,r.-3.1.0,r.-3.1.0,r.-3.1.0,r.-3.1.0,r.-3.1.0,r.-3.1.0,r.-3.1.0,r.-3.1.0,r.-3.1.0,r.-3.1.0,r.-3.1.0,r.-3.1.0,r.-3.1.0,r.-3.1.0,r.-3.1.0,r.-3.1.0,r.-3.1.0,r.-3.1.0,r.-3.1.0,r.-3.1.0,r.-3.1.0,r.-3.1.0,r.-3.1.0,r.-3.1.0,r.-3.1.0,r.-3.1.0,r.-3.1.0,r.-3.1.0,r.-3.1.0,r.-3.1.0,r.-3.1.0,r.-3.1.0,r.-3.1.0,r.-3.1.0,r.-3.1.0,r.-3.1.0,r.-3.1.0,r.-3.1.0,r.-3.1.0,r.-3.1.0,r.-3.1.0,r.-3.1.0,r.-3.1.0,r.-3.1.0,r.-3.1.0,r.-3.1.0,r.-3.1.0,r.-3.1.0,r.-3.1.0,r.-3.1.0,r.-3.1.0,r.-3.1.0,r.-3.1.0,r.-3.1.0,r.-3.1.0,r.-3.1.0,,,,,,,,,,,,,,,,
33,r.-3.1.0,r.-3.1.0,r.-3.1.0,r.-3.1.0,r.-3.1.0,r.-3.1.0,r.-3.1.0,r.-3.1.0,r.-3.1.0,r.-3.1.0,r.-3.1.0,r.-3.1.0,r.-3.1.0,r.-3.1.0,r.-3.1.0,r.-3.1.0,r.-3.1.0,r.-3.1.0,r.-3.1.0,r.-3.1.0,r.-3.1.0,r.-3.1.0,r.-3.1.0,r.-3.1.0,r.-3.1.0,r.-3.1.0,r.-3.1.0,r.-3.1.0,r.-3.1.0,r.-3.1.0,r.-3.1.0,r.-3.1.0,r.-3.1.0,r.-3.1.0,r.-3.1.0,r.-3.1.0,r.-3.1.0,r.-3.1.0,r.-3.1.0,r.-3.1.0,r.-3.1.0,r.-3.1.0,r.-3.1.0,r.-3.1.0,r.-3.1.0,r.-3.1.0,r.-3.1.0,r.-3.1.0,r.-3.1.0,r.-3.1.0,r.-3.1.0,r.-3.1.0,r.-3.1.0,r.-3.1.0,r.-3.1.0,r.-3.1.0,r.-3.1.0,r.-3.1.0,r.-3.1.0,r.-3.1.0,r.-3.1.0,r.-3.1.0,r.-3.1.0,r.-3.1.0,r.-3.1.0,r.-3.1.0,r.-3.1.0,r.-3.1.0,r.-3.1.0,r.-3.1.0,r.-3.1.0,r.-3.1.0,r.-3.1.0,r.-3.1.0,r.-3.1.0,r.-3.1.0,r.-3.1.0,r.-3.1.0,r.-3.1.0,r.-3.1.0,r.-3.1.0,r.-3.1.0,r.-3.1.0,r.-3.1.0,r.-3.1.0,r.-3.1.0,r.-3.1.0,r.-3.1.0,r.-3.1.0,r.-3.1.0,r.-3.1.0,r.-3.1.0,r.-3.1.0,r.-3.1.0,,,,,,,,,,,,,,,,
34,r.-3.1.0,r.-3.1.0,r.-3.1.0,r.-3.1.0,r.-3.1.0,r.-3.1.0,r.-3.1.0,r.-3.1.0,r.-3.1.0,r.-3.1.0,r.-3.1.0,r.-3.1.0,r.-3.1.0,r.-3.1.0,r.-3.1.0,r.-3.1.0,r.-3.1.0,r.-3.1.0,r.-3.1.0,r.-3.1.0,r.-3.1.0,r.-3.1.0,r.-3.1.0,r.-3.1.0,r.-3.1.0,r.-3.1.0,r.-3.1.0,r.-3.1.0,r.-3.1.0,r.-3.1.0,r.-3.1.0,r.-3.1.0,r.-3.1.0,r.-3.1.0,r.-3.1.0,r.-3.1.0,r.-3.1.0,r.-3.1.0,r.-3.1.0,r.-3.1.0,r.-3.1.0,r.-3.1.0,r.-3.1.0,r.-3.1.0,r.-3.1.0,r.-3.1.0,r.-3.1.0,r.-3.1.0,r.-3.1.0,r.-3.1.0,r.-3.1.0,r.-3.1.0,r.-3.1.0,r.-3.1.0,r.-3.1.0,r.-3.1.0,r.-3.1.0,r.-3.1.0,r.-3.1.0,r.-3.1.0,r.-3.1.0,r.-3.1.0,r.-3.1.0,r.-3.1.0,r.-3.1.0,r.-3.1.0,r.-3.1.0,r.-3.1.0,r.-3.1.0,r.-3.1.0,r.-3.1.0,r.-3.1.0,r.-3.1.0,r.-3.1.0,r.-3.1.0,r.-3.1.0,r.-3.1.0,r.-3.1.0,r.-3.1.0,r.-3.1.0,r.-3.1.0,r.-3.1.0,r.-3.1.0,r.-3.1.0,r.-3.1.0,r.-3.1.0,r.-3.1.0,r.-3.1.0,r.-3.1.0,r.-3.1.0,r.-3.1.0,r.-3.1.0,r.-3.1.0,r.-3.1.0,,,,,,,,,,,,,,,,
35,r.-3.1.0,r.-3.1.0,r.-3.1.0,r.-3.1.0,r.-3.1.0,r.-3.1.0,r.-3.1.0,r.-3.1.0,r.-3.1.0,r.-3.1.0,r.-3.1.0,r.-3.1.0,r.-3.1.0,r.-3.1.0,r.-3.1.0,r.-3.1.0,r.-3.1.0,r.-3.1.0,r.-3.1.0,r.-3.1.0,r.-3.1.0,r.-3.1.0,r.-3.1.0,r.-3.1.0,r.-3.1.0,r.-3.1.0,r.-3.1.0,r.-3.1.0,r.-3.1.0,r.-3.1.0,r.-3.1.0,r.-3.1.0,r.-3.1.0,r.-3.1.0,r.-3.1.0,r.-3.1.0,r.-3.1.0,r.-3.1.0,r.-3.1.0,r.-3.1.0,r.-3.1.0,r.-3.1.0,r.-3.1.0,r.-3.1.0,r.-3.1.0,r.-3.1.0,r.-3.1.0,r.-3.1.0,r.-3.1.0,r.-3.1.0,r.-3.1.0,r.-3.1.0,r.-3.1.0,r.-3.1.0,r.-3.1.0,r.-3.1.0,r.-3.1.0,r.-3.1.0,r.-3.1.0,r.-3.1.0,r.-3.1.0,r.-3.1.0,r.-3.1.0,r.-3.1.0,r.-3.1.0,r.-3.1.0,r.-3.1.0,r.-3.1.0,r.-3.1.0,r.-3.1.0,r.-3.1.0,r.-3.1.0,r.-3.1.0,r.-3.1.0,r.-3.1.0,r.-3.1.0,r.-3.1.0,r.-3.1.0,r.-3.1.0,r.-3.1.0,r.-3.1.0,r.-3.1.0,r.-3.1.0,r.-3.1.0,r.-3.1.0,r.-3.1.0,r.-3.1.0,r.-3.1.0,r.-3.1.0,r.-3.1.0,r.-3.1.0,r.-3.1.0,r.-3.1.0,r.-3.1.0,,,,,,,,,,,,,,,,
36,r.-3.1.0,r.-3.1.0,r.-3.1.0,r.-3.1.0,r.-3.1.0,r.-3.1.0,r.-3.1.0,r.-3.1.0,r.-3.1.0,r.-3.1.0,r.-3.1.0,r.-3.1.0,r.-3.1.0,r.-3.1.0,r.-3.1.0,r.-3.1.0,r.-3.1.0,r.-3.1.0,r.-3.1.0,r.-3.1.0,r.-3.1.0,r.-3.1.0,r.-3.1.0,r.-3.1.0,r.-3.1.0,r.-3.1.0,r.-3.1.0,r.-3.1.0,r.-3.1.0,r.-3.1.0,r.-3.1.0,r.-3.1.0,r.-3.1.0,r.-3.1.0,r.-3.1.0,r.-3.1.0,r.-3.1.0,r.-3.1.0,r.-3.1.0,r.-3.1.0,r.-3.1.0,r.-3.1.0,r.-3.1.0,r.-3.1.0,r.-3.1.0,r.-3.1.0,r.-3.1.0,r.-3.1.0,r.-3.1.0,r.-3.1.0,r.-3.1.0,r.-3.1.0,r.-3.1.0,r.-3.1.0,r.-3.1.0,r.-3.1.0,r.-3.1.0,r.-3.1.0,r.-3.1.0,r.-3.1.0,r.-3.1.0,r.-3.1.0,r.-3.1.0,r.-3.1.0,r.-3.1.0,r.-3.1.0,r.-3.1.0,r.-3.1.0,r.-3.1.0,r.-3.1.0,r.-3.1.0,r.-3.1.0,r.-3.1.0,r.-3.1.0,r.-3.1.0,r.-3.1.0,r.-3.1.0,r.-3.1.0,r.-3.1.0,r.-3.1.0,r.-3.1.0,r.-3.1.0,r.-3.1.0,r.-3.1.0,r.-3.1.0,r.-3.1.0,r.-3.1.0,r.-3.1.0,r.-3.1.0,r.-3.1.0,r.-3.1.0,r.-3.1.0,r.-3.1.0,r.-3.1.0,,,,,,,,,,,,,,,,
37,r.-3.1.0,r.-3.1.0,r.-3.1.0,r.-3.1.0,r.-3.1.0,r.-3.1.0,r.-3.1.0,r.-3.1.0,r.-3.1.0,r.-3.1.0,r.-3.1.0,r.-3.1.0,r.-3.1.0,r.-3.1.0,r.-3.1.0,r.-3.1.0,r.-3.1.0,r.-3.1.0,r.-3.1.0,r.-3.1.0,r.-3.1.0,r.-3.1.0,r.-3.1.0,r.-3.1.0,r.-3.1.0,r.-3.1.0,r.-3.1.0,r.-3.1.0,r.-3.1.0,r.-3.1.0,r.-3.1.0,r.-3.1.0,r.-3.1.0,r.-3.1.0,r.-3.1.0,r.-3.1.0,r.-3.1.0,r.-3.1.0,r.-3.1.0,r.-3.1.0,r.-3.1.0,r.-3.1.0,r.-3.1.0,r.-3.1.0,r.-3.1.0,r.-3.1.0,r.-3.1.0,r.-3.1.0,r.-3.1.0,r.-3.1.0,r.-3.1.0,r.-3.1.0,r.-3.1.0,r.-3.1.0,r.-3.1.0,r.-3.1.0,r.-3.1.0,r.-3.1.0,r.-3.1.0,r.-3.1.0,r.-3.1.0,r.-3.1.0,r.-3.1.0,r.-3.1.0,r.-3.1.0,r.-3.1.0,r.-3.1.0,r.-3.1.0,r.-3.1.0,r.-3.1.0,r.-3.1.0,r.-3.1.0,r.-3.1.0,r.-3.1.0,r.-3.1.0,r.-3.1.0,r.-3.1.0,r.-3.1.0,r.-3.1.0,r.-3.1.0,r.-3.1.0,r.-3.1.0,r.-3.1.0,r.-3.1.0,r.-3.1.0,r.-3.1.0,r.-3.1.0,r.-3.1.0,r.-3.1.0,r.-3.1.0,r.-3.1.0,r.-3.1.0,r.-3.1.0,r.-3.1.0,,,,,,,,,,,,,,,,
38,r.-3.1.0,r.-3.1.0,r.-3.1.0,r.-3.1.0,r.-3.1.0,r.-3.1.0,r.-3.1.0,r.-3.1.0,r.-3.1.0,r.-3.1.0,r.-3.1.0,r.-3.1.0,r.-3.1.0,r.-3.1.0,r.-3.1.0,r.-3.1.0,r.-3.1.0,r.-3.1.0,r.-3.1.0,r.-3.1.0,r.-3.1.0,r.-3.1.0,r.-3.1.0,r.-3.1.0,r.-3.1.0,r.-3.1.0,r.-3.1.0,r.-3.1.0,r.-3.1.0,r.-3.1.0,r.-3.1.0,r.-3.1.0,r.-3.1.0,r.-3.1.0,r.-3.1.0,r.-3.1.0,r.-3.1.0,r.-3.1.0,r.-3.1.0,r.-3.1.0,r.-3.1.0,r.-3.1.0,r.-3.1.0,r.-3.1.0,r.-3.1.0,r.-3.1.0,r.-3.1.0,r.-3.1.0,r.-3.1.0,r.-3.1.0,r.-3.1.0,r.-3.1.0,r.-3.1.0,r.-3.1.0,r.-3.1.0,r.-3.1.0,r.-3.1.0,r.-3.1.0,r.-3.1.0,r.-3.1.0,r.-3.1.0,r.-3.1.0,r.-3.1.0,r.-3.1.0,r.-3.1.0,r.-3.1.0,r.-3.1.0,r.-3.1.0,r.-3.1.0,r.-3.1.0,r.-3.1.0,r.-3.1.0,r.-3.1.0,r.-3.1.0,r.-3.1.0,r.-3.1.0,r.-3.1.0,r.-3.1.0,r.-3.1.0,r.-3.1.0,r.-3.1.0,r.-3.1.0,r.-3.1.0,r.-3.1.0,r.-3.1.0,r.-3.1.0,r.-3.1.0,r.-3.1.0,r.-3.1.0,r.-3.1.0,r.-3.1.0,r.-3.1.0,r.-3.1.0,r.-3.1.0,,,,,,,,,,,,,,,,
39,r.-3.1.0,r.-3.1.0,r.-3.1.0,r.-3.1.0,r.-3.1.0,r.-3.1.0,r.-3.1.0,r.-3.1.0,r.-3.1.0,r.-3.1.0,r.-3.1.0,r.-3.1.0,r.-3.1.0,r.-3.1.0,r.-3.1.0,r.-3.1.0,r.-3.1.0,r.-3.1.0,r.-3.1.0,r.-3.1.0,r.-3.1.0,r.-3.1.0,r.-3.1.0,r.-3.1.0,r.-3.1.0,r.-3.1.0,r.-3.1.0,r.-3.1.0,r.-3.1.0,r.-3.1.0,r.-3.1.0,r.-3.1.0,r.-3.1.0,r.-3.1.0,r.-3.1.0,r.-3.1.0,r.-3.1.0,r.-3.1.0,r.-3.1.0,r.-3.1.0,r.-3.1.0,r.-3.1.0,r.-3.1.0,r.-3.1.0,r.-3.1.0,r.-3.1.0,r.-3.1.0,r.-3.1.0,r.-3.1.0,r.-3.1.0,r.-3.1.0,r.-3.1.0,r.-3.1.0,r.-3.1.0,r.-3.1.0,r.-3.1.0,r.-3.1.0,r.-3.1.0,r.-3.1.0,r.-3.1.0,r.-3.1.0,r.-3.1.0,r.-3.1.0,r.-3.1.0,r.-3.1.0,r.-3.1.0,r.-3.1.0,r.-3.1.0,r.-3.1.0,r.-3.1.0,r.-3.1.0,r.-3.1.0,r.-3.1.0,r.-3.1.0,r.-3.1.0,r.-3.1.0,r.-3.1.0,r.-3.1.0,r.-3.1.0,r.-3.1.0,r.-3.1.0,r.-3.1.0,r.-3.1.0,r.-3.1.0,r.-3.1.0,r.-3.1.0,r.-3.1.0,r.-3.1.0,r.-3.1.0,r.-3.1.0,r.-3.1.0,r.-3.1.0,r.-3.1.0,r.-3.1.0,,,,,,,,,,,,,,,,
40,r.-3.1.0,r.-3.1.0,r.-3.1.0,r.-3.1.0,r.-3.1.0,r.-3.1.0,r.-3.1.0,r.-3.1.0,r.-3.1.0,r.-3.1.0,r.-3.1.0,r.-3.1.0,r.-3.1.0,r.-3.1.0,r.-3.1.0,r.-3.1.0,r.-3.1.0,r.-3.1.0,r.-3.1.0,r.-3.1.0,r.-3.1.0,r.-3.1.0,r.-3.1.0,r.-3.1.0,r.-3.1.0,r.-3.1.0,r.-3.1.0,r.-3.1.0,r.-3.1.0,r.-3.1.0,r.-3.1.0,r.-3.1.0,r.-3.1.0,r.-3.1.0,r.-3.1.0,r.-3.1.0,r.-3.1.0,r.-3.1.0,r.-3.1.0,r.-3.1.0,r.-3.1.0,r.-3.1.0,r.-3.1.0,r.-3.1.0,r.-3.1.0,r.-3.1.0,r.-3.1.0,r.-3.1.0,r.-3.1.0,r.-3.1.0,r.-3.1.0,r.-3.1.0,r.-3.1.0,r.-3.1.0,r.-3.1.0,r.-3.1.0,r.-3.1.0,r.-3.1.0,r.-3.1.0,r.-3.1.0,r.-3.1.0,r.-3.1.0,r.-3.1.0,r.-3.1.0,r.-3.1.0,r.-3.1.0,r.-3.1.0,r.-3.1.0,r.-3.1.0,r.-3.1.0,r.-3.1.0,r.-3.1.0,r.-3.1.0,r.-3.1.0,r.-3.1.0,r.-3.1.0,r.-3.1.0,r.-3.1.0,r.-3.1.0,r.-3.1.0,r.-3.1.0,r.-3.1.0,r.-3.1.0,r.-3.1.0,r.-3.1.0,r.-3.1.0,r.-3.1.0,r.-3.1.0,r.-3.1.0,r.-3.1.0,r.-3.1.0,r.-3.1.0,r.-3.1.0,r.-3.1.0,,,,,,,,,,,,,,,,
41,r.-3.1.0,r.-3.1.0,r.-3.1.0,r.-3.1.0,r.-3.1.0,r.-3.1.0,r.-3.1.0,r.-3.1.0,r.-3.1.0,r.-3.1.0,r.-3.1.0,r.-3.1.0,r.-3.1.0,r.-3.1.0,r.-3.1.0,r.-3.1.0,r.-3.1.0,r.-3.1.0,r.-3.1.0,r.-3.1.0,r.-3.1.0,r.-3.1.0,r.-3.1.0,r.-3.1.0,r.-3.1.0,r.-3.1.0,r.-3.1.0,r.-3.1.0,r.-3.1.0,r.-3.1.0,r.-3.1.0,r.-3.1.0,r.-3.1.0,r.-3.1.0,r.-3.1.0,r.-3.1.0,r.-3.1.0,r.-3.1.0,r.-3.1.0,r.-3.1.0,r.-3.1.0,r.-3.1.0,r.-3.1.0,r.-3.1.0,r.-3.1.0,r.-3.1.0,r.-3.1.0,r.-3.1.0,r.-3.1.0,r.-3.1.0,r.-3.1.0,r.-3.1.0,r.-3.1.0,r.-3.1.0,r.-3.1.0,r.-3.1.0,r.-3.1.0,r.-3.1.0,r.-3.1.0,r.-3.1.0,r.-3.1.0,r.-3.1.0,r.-3.1.0,r.-3.1.0,r.-3.1.0,r.-3.1.0,r.-3.1.0,r.-3.1.0,r.-3.1.0,r.-3.1.0,r.-3.1.0,r.-3.1.0,r.-3.1.0,r.-3.1.0,r.-3.1.0,r.-3.1.0,r.-3.1.0,r.-3.1.0,r.-3.1.0,r.-3.1.0,r.-3.1.0,r.-3.1.0,r.-3.1.0,r.-3.1.0,r.-3.1.0,r.-3.1.0,r.-3.1.0,r.-3.1.0,r.-3.1.0,r.-3.1.0,r.-3.1.0,r.-3.1.0,r.-3.1.0,r.-3.1.0,,,,,,,,,,,,,,,,
42,r.-3.1.0,r.-3.1.0,r.-3.1.0,r.-3.1.0,r.-3.1.0,r.-3.1.0,r.-3.1.0,r.-3.1.0,r.-3.1.0,r.-3.1.0,r.-3.1.0,r.-3.1.0,r.-3.1.0,r.-3.1.0,r.-3.1.0,r.-3.1.0,r.-3.1.0,r.-3.1.0,r.-3.1.0,r.-3.1.0,r.-3.1.0,r.-3.1.0,r.-3.1.0,r.-3.1.0,r.-3.1.0,r.-3.1.0,r.-3.1.0,r.-3.1.0,r.-3.1.0,r.-3.1.0,r.-3.1.0,r.-3.1.0,r.-3.1.0,r.-3.1.0,r.-3.1.0,r.-3.1.0,r.-3.1.0,r.-3.1.0,r.-3.1.0,r.-3.1.0,r.-3.1.0,r.-3.1.0,r.-3.1.0,r.-3.1.0,r.-3.1.0,r.-3.1.0,r.-3.1.0,r.-3.1.0,r.-3.1.0,r.-3.1.0,r.-3.1.0,r.-3.1.0,r.-3.1.0,r.-3.1.0,r.-3.1.0,r.-3.1.0,r.-3.1.0,r.-3.1.0,r.-3.1.0,r.-3.1.0,r.-3.1.0,r.-3.1.0,r.-3.1.0,r.-3.1.0,r.-3.1.0,r.-3.1.0,r.-3.1.0,r.-3.1.0,r.-3.1.0,r.-3.1.0,r.-3.1.0,r.-3.1.0,r.-3.1.0,r.-3.1.0,r.-3.1.0,r.-3.1.0,r.-3.1.0,r.-3.1.0,r.-3.1.0,r.-3.1.0,r.-3.1.0,r.-3.1.0,r.-3.1.0,r.-3.1.0,r.-3.1.0,r.-3.1.0,r.-3.1.0,r.-3.1.0,r.-3.1.0,r.-3.1.0,r.-3.1.0,r.-3.1.0,r.-3.1.0,r.-3.1.0,,,,,,,,,,,,,,,,
43,r.-3.1.0,r.-3.1.0,r.-3.1.0,r.-3.1.0,r.-3.1.0,r.-3.1.0,r.-3.1.0,r.-3.1.0,r.-3.1.0,r.-3.1.0,r.-3.1.0,r.-3.1.0,r.-3.1.0,r.-3.1.0,r.-3.1.0,r.-3.1.0,r.-3.1.0,r.-3.1.0,r.-3.1.0,r.-3.1.0,r.-3.1.0,r.-3.1.0,r.-3.1.0,r.-3.1.0,r.-3.1.0,r.-3.1.0,r.-3.1.0,r.-3.1.0,r.-3.1.0,r.-3.1.0,r.-3.1.0,r.-3.1.0,r.-3.1.0,r.-3.1.0,r.-3.1.0,r.-3.1.0,r.-3.1.0,r.-3.1.0,r.-3.1.0,r.-3.1.0,r.-3.1.0,r.-3.1.0,r.-3.1.0,r.-3.1.0,r.-3.1.0,r.-3.1.0,r.-3.1.0,r.-3.1.0,r.-3.1.0,r.-3.1.0,r.-3.1.0,r.-3.1.0,r.-3.1.0,r.-3.1.0,r.-3.1.0,r.-3.1.0,r.-3.1.0,r.-3.1.0,r.-3.1.0,r.-3.1.0,r.-3.1.0,r.-3.1.0,r.-3.1.0,r.-3.1.0,r.-3.1.0,r.-3.1.0,r.-3.1.0,r.-3.1.0,r.-3.1.0,r.-3.1.0,r.-3.1.0,r.-3.1.0,r.-3.1.0,r.-3.1.0,r.-3.1.0,r.-3.1.0,r.-3.1.0,r.-3.1.0,r.-3.1.0,r.-3.1.0,r.-3.1.0,r.-3.1.0,r.-3.1.0,r.-3.1.0,r.-3.1.0,r.-3.1.0,r.-3.1.0,r.-3.1.0,r.-3.1.0,r.-3.1.0,r.-3.1.0,r.-3.1.0,r.-3.1.0,r.-3.1.0,,,,,,,,,,,,,,,,
44,r.-3.1.0,r.-3.1.0,r.-3.1.0,r.-3.1.0,r.-3.1.0,r.-3.1.0,r.-3.1.0,r.-3.1.0,r.-3.1.0,r.-3.1.0,r.-3.1.0,r.-3.1.0,r.-3.1.0,r.-3.1.0,r.-3.1.0,r.-3.1.0,r.-3.1.0,r.-3.1.0,r.-3.1.0,r.-3.1.0,r.-3.1.0,r.-3.1.0,r.-3.1.0,r.-3.1.0,r.-3.1.0,r.-3.1.0,r.-3.1.0,r.-3.1.0,r.-3.1.0,r.-3.1.0,r.-3.1.0,r.-3.1.0,r.-3.1.0,r.-3.1.0,r.-3.1.0,r.-3.1.0,r.-3.1.0,r.-3.1.0,r.-3.1.0,r.-3.1.0,r.-3.1.0,r.-3.1.0,r.-3.1.0,r.-3.1.0,r.-3.1.0,r.-3.1.0,r.-3.1.0,r.-3.1.0,r.-3.1.0,r.-3.1.0,r.-3.1.0,r.-3.1.0,r.-3.1.0,r.-3.1.0,r.-3.1.0,r.-3.1.0,r.-3.1.0,r.-3.1.0,r.-3.1.0,r.-3.1.0,r.-3.1.0,r.-3.1.0,r.-3.1.0,r.-3.1.0,r.-3.1.0,r.-3.1.0,r.-3.1.0,r.-3.1.0,r.-3.1.0,r.-3.1.0,r.-3.1.0,r.-3.1.0,r.-3.1.0,r.-3.1.0,r.-3.1.0,r.-3.1.0,r.-3.1.0,r.-3.1.0,r.-3.1.0,r.-3.1.0,r.-3.1.0,r.-3.1.0,r.-3.1.0,r.-3.1.0,r.-3.1.0,r.-3.1.0,r.-3.1.0,r.-3.1.0,r.-3.1.0,r.-3.1.0,r.-3.1.0,r.-3.1.0,r.-3.1.0,r.-3.1.0,,,,,,,,,,,,,,,,
45,r.-3.1.0,r.-3.1.0,r.-3.1.0,r.-3.1.0,r.-3.1.0,r.-3.1.0,r.-3.1.0,r.-3.1.0,r.-3.1.0,r.-3.1.0,r.-3.1.0,r.-3.1.0,r.-3.1.0,r.-3.1.0,r.-3.1.0,r.-3.1.0,r.-3.1.0,r.-3.1.0,r.-3.1.0,r.-3.1.0,r.-3.1.0,r.-3.1.0,r.-3.1.0,r.-3.1.0,r.-3.1.0,r.-3.1.0,r.-3.1.0,r.-3.1.0,r.-3.1.0,r.-3.1.0,r.-3.1.0,r.-3.1.0,r.-3.1.0,r.-3.1.0,r.-3.1.0,r.-3.1.0,r.-3.1.0,r.-3.1.0,r.-3.1.0,r.-3.1.0,r.-3.1.0,r.-3.1.0,r.-3.1.0,r.-3.1.0,r.-3.1.0,r.-3.1.0,r.-3.1.0,r.-3.1.0,r.-3.1.0,r.-3.1.0,r.-3.1.0,r.-3.1.0,r.-3.1.0,r.-3.1.0,r.-3.1.0,r.-3.1.0,r.-3.1.0,r.-3.1.0,r.-3.1.0,r.-3.1.0,r.-3.1.0,r.-3.1.0,r.-3.1.0,r.-3.1.0,r.-3.1.0,r.-3.1.0,r.-3.1.0,r.-3.1.0,r.-3.1.0,r.-3.1.0,r.-3.1.0,r.-3.1.0,r.-3.1.0,r.-3.1.0,r.-3.1.0,r.-3.1.0,r.-3.1.0,r.-3.1.0,r.-3.1.0,r.-3.1.0,r.-3.1.0,r.-3.1.0,r.-3.1.0,r.-3.1.0,r.-3.1.0,r.-3.1.0,r.-3.1.0,r.-3.1.0,r.-3.1.0,r.-3.1.0,r.-3.1.0,r.-3.1.0,r.-3.1.0,r.-3.1.0,,,,,,,,,,,,,,,,
46,r.-3.1.0,r.-3.1.0,r.-3.1.0,r.-3.1.0,r.-3.1.0,r.-3.1.0,r.-3.1.0,r.-3.1.0,r.-3.1.0,r.-3.1.0,r.-3.1.0,r.-3.1.0,r.-3.1.0,r.-3.1.0,r.-3.1.0,r.-3.1.0,r.-3.1.0,r.-3.1.0,r.-3.1.0,r.-3.1.0,r.-3.1.0,r.-3.1.0,r.-3.1.0,r.-3.1.0,r.-3.1.0,r.-3.1.0,r.-3.1.0,r.-3.1.0,r.-3.1.0,r.-3.1.0,r.-3.1.0,r.-3.1.0,r.-3.1.0,r.-3.1.0,r.-3.1.0,r.-3.1.0,r.-3.1.0,r.-3.1.0,r.-3.1.0,r.-3.1.0,r.-3.1.0,r.-3.1.0,r.-3.1.0,r.-3.1.0,r.-3.1.0,r.-3.1.0,r.-3.1.0,r.-3.1.0,r.-3.1.0,r.-3.1.0,r.-3.1.0,r.-3.1.0,r.-3.1.0,r.-3.1.0,r.-3.1.0,r.-3.1.0,r.-3.1.0,r.-3.1.0,r.-3.1.0,r.-3.1.0,r.-3.1.0,r.-3.1.0,r.-3.1.0,r.-3.1.0,r.-3.1.0,r.-3.1.0,r.-3.1.0,r.-3.1.0,r.-3.1.0,r.-3.1.0,r.-3.1.0,r.-3.1.0,r.-3.1.0,r.-3.1.0,r.-3.1.0,r.-3.1.0,r.-3.1.0,r.-3.1.0,r.-3.1.0,r.-3.1.0,r.-3.1.0,r.-3.1.0,r.-3.1.0,r.-3.1.0,r.-3.1.0,r.-3.1.0,r.-3.1.0,r.-3.1.0,r.-3.1.0,r.-3.1.0,r.-3.1.0,r.-3.1.0,r.-3.1.0,r.-3.1.0,,,,,,,,,,,,,,,,
47,r.-3.1.0,r.-3.1.0,r.-3.1.0,r.-3.1.0,r.-3.1.0,r.-3.1.0,r.-3.1.0,r.-3.1.0,r.-3.1.0,r.-3.1.0,r.-3.1.0,r.-3.1.0,r.-3.1.0,r.-3.1.0,r.-3.1.0,r.-3.1.0,r.-3.1.0,r.-3.1.0,r.-3.1.0,r.-3.1.0,r.-3.1.0,r.-3.1.0,r.-3.1.0,r.-3.1.0,r.-3.1.0,r.-3.1.0,r.-3.1.0,r.-3.1.0,r.-3.1.0,r.-3.1.0,r.-3.1.0,r.-3.1.0,r.-3.1.0,r.-3.1.0,r.-3.1.0,r.-3.1.0,r.-3.1.0,r.-3.1.0,r.-3.1.0,r.-3.1.0,r.-3.1.0,r.-3.1.0,r.-3.1.0,r.-3.1.0,r.-3.1.0,r.-3.1.0,r.-3.1.0,r.-3.1.0,r.-3.1.0,r.-3.1.0,r.-3.1.0,r.-3.1.0,r.-3.1.0,r.-3.1.0,r.-3.1.0,r.-3.1.0,r.-3.1.0,r.-3.1.0,r.-3.1.0,r.-3.1.0,r.-3.1.0,r.-3.1.0,r.-3.1.0,r.-3.1.0,r.-3.1.0,r.-3.1.0,r.-3.1.0,r.-3.1.0,r.-3.1.0,r.-3.1.0,r.-3.1.0,r.-3.1.0,r.-3.1.0,r.-3.1.0,r.-3.1.0,r.-3.1.0,r.-3.1.0,r.-3.1.0,r.-3.1.0,r.-3.1.0,r.-3.1.0,r.-3.1.0,r.-3.1.0,r.-3.1.0,r.-3.1.0,r.-3.1.0,r.-3.1.0,r.-3.1.0,r.-3.1.0,r.-3.1.0,r.-3.1.0,r.-3.1.0,r.-3.1.0,r.-3.1.0,,,,,,,,,,,,,,,,
48,r.-3.1.0,r.-3.1.0,r.-3.1.0,r.-3.1.0,r.-3.1.0,r.-3.1.0,r.-3.1.0,r.-3.1.0,r.-3.1.0,r.-3.1.0,r.-3.1.0,r.-3.1.0,r.-3.1.0,r.-3.1.0,r.-3.1.0,r.-3.1.0,r.-3.1.0,r.-3.1.0,r.-3.1.0,r.-3.1.0,r.-3.1.0,r.-3.1.0,r.-3.1.0,r.-3.1.0,r.-3.1.0,r.-3.1.0,r.-3.1.0,r.-3.1.0,r.-3.1.0,r.-3.1.0,r.-3.1.0,r.-3.1.0,r.-3.1.0,r.-3.1.0,r.-3.1.0,r.-3.1.0,r.-3.1.0,r.-3.1.0,r.-3.1.0,r.-3.1.0,r.-3.1.0,r.-3.1.0,r.-3.1.0,r.-3.1.0,r.-3.1.0,r.-3.1.0,r.-3.1.0,r.-3.1.0,r.-3.1.0,r.-3.1.0,r.-3.1.0,r.-3.1.0,r.-3.1.0,r.-3.1.0,r.-3.1.0,r.-3.1.0,r.-3.1.0,r.-3.1.0,r.-3.1.0,r.-3.1.0,r.-3.1.0,r.-3.1.0,r.-3.1.0,r.-3.1.0,r.-3.1.0,r.-3.1.0,r.-3.1.0,r.-3.1.0,r.-3.1.0,r.-3.1.0,r.-3.1.0,r.-3.1.0,r.-3.1.0,r.-3.1.0,r.-3.1.0,r.-3.1.0,r.-3.1.0,r.-3.1.0,r.-3.1.0,r.-3.1.0,r.-3.1.0,r.-3.1.0,r.-3.1.0,r.-3.1.0,r.-3.1.0,r.-3.1.0,r.-3.1.0,r.-3.1.0,r.-3.1.0,r.-3.1.0,r.-3.1.0,r.-3.1.0,r.-3.1.0,r.-3.1.0,,,,,,,,,,,,,,,,
49,r.-3.1.0,r.-3.1.0,r.-3.1.0,r.-3.1.0,r.-3.1.0,r.-3.1.0,r.-3.1.0,r.-3.1.0,r.-3.1.0,r.-3.1.0,r.-3.1.0,r.-3.1.0,r.-3.1.0,r.-3.1.0,r.-3.1.0,r.-3.1.0,r.-3.1.0,r.-3.1.0,r.-3.1.0,r.-3.1.0,r.-3.1.0,r.-3.1.0,r.-3.1.0,r.-3.1.0,r.-3.1.0,r.-3.1.0,r.-3.1.0,r.-3.1.0,r.-3.1.0,r.-3.1.0,r.-3.1.0,r.-3.1.0,r.-3.1.0,r.-3.1.0,r.-3.1.0,r.-3.1.0,r.-3.1.0,r.-3.1.0,r.-3.1.0,r.-3.1.0,r.-3.1.0,r.-3.1.0,r.-3.1.0,r.-3.1.0,r.-3.1.0,r.-3.1.0,r.-3.1.0,r.-3.1.0,r.-3.1.0,r.-3.1.0,r.-3.1.0,r.-3.1.0,r.-3.1.0,r.-3.1.0,r.-3.1.0,r.-3.1.0,r.-3.1.0,r.-3.1.0,r.-3.1.0,r.-3.1.0,r.-3.1.0,r.-3.1.0,r.-3.1.0,r.-3.1.0,r.-3.1.0,r.-3.1.0,r.-3.1.0,r.-3.1.0,r.-3.1.0,r.-3.1.0,r.-3.1.0,r.-3.1.0,r.-3.1.0,r.-3.1.0,r.-3.1.0,r.-3.1.0,r.-3.1.0,r.-3.1.0,r.-3.1.0,r.-3.1.0,r.-3.1.0,r.-3.1.0,r.-3.1.0,r.-3.1.0,r.-3.1.0,r.-3.1.0,r.-3.1.0,r.-3.1.0,r.-3.1.0,r.-3.1.0,r.-3.1.0,r.-3.1.0,r.-3.1.0,r.-3.1.0,,,,,,,,,,,,,,,,
50,r.-3.1.0,r.-3.1.0,r.-3.1.0,r.-3.1.0,r.-3.1.0,r.-3.1.0,r.-3.1.0,r.-3.1.0,r.-3.1.0,r.-3.1.0,r.-3.1.0,r.-3.1.0,r.-3.1.0,r.-3.1.0,r.-3.1.0,r.-3.1.0,r.-3.1.0,r.-3.1.0,r.-3.1.0,r.-3.1.0,r.-3.1.0,r.-3.1.0,r.-3.1.0,r.-3.1.0,r.-3.1.0,r.-3.1.0,r.-3.1.0,r.-3.1.0,r.-3.1.0,r.-3.1.0,r.-3.1.0,r.-3.1.0,r.-3.1.0,r.-3.1.0,r.-3.1.0,r.-3.1.0,r.-3.1.0,r.-3.1.0,r.-3.1.0,r.-3.1.0,r.-3.1.0,r.-3.1.0,r.-3.1.0,r.-3.1.0,r.-3.1.0,r.-3.1.0,r.-3.1.0,r.-3.1.0,r.-3.1.0,r.-3.1.0,r.-3.1.0,r.-3.1.0,r.-3.1.0,r.-3.1.0,r.-3.1.0,r.-3.1.0,r.-3.1.0,r.-3.1.0,r.-3.1.0,r.-3.1.0,r.-3.1.0,r.-3.1.0,r.-3.1.0,r.-3.1.0,r.-3.1.0,r.-3.1.0,r.-3.1.0,r.-3.1.0,r.-3.1.0,r.-3.1.0,r.-3.1.0,r.-3.1.0,r.-3.1.0,r.-3.1.0,r.-3.1.0,r.-3.1.0,r.-3.1.0,r.-3.1.0,r.-3.1.0,r.-3.1.0,r.-3.1.0,r.-3.1.0,r.-3.1.0,r.-3.1.0,r.-3.1.0,r.-3.1.0,r.-3.1.0,r.-3.1.0,r.-3.1.0,r.-3.1.0,r.-3.1.0,r.-3.1.0,r.-3.1.0,r.-3.1.0,,,,,,,,,,,,,,,,
51,r.-3.1.0,r.-3.1.0,r.-3.1.0,r.-3.1.0,r.-3.1.0,r.-3.1.0,r.-3.1.0,r.-3.1.0,r.-3.1.0,r.-3.1.0,r.-3.1.0,r.-3.1.0,r.-3.1.0,r.-3.1.0,r.-3.1.0,r.-3.1.0,r.-3.1.0,r.-3.1.0,r.-3.1.0,r.-3.1.0,r.-3.1.0,r.-3.1.0,r.-3.1.0,r.-3.1.0,r.-3.1.0,r.-3.1.0,r.-3.1.0,r.-3.1.0,r.-3.1.0,r.-3.1.0,r.-3.1.0,r.-3.1.0,r.-3.1.0,r.-3.1.0,r.-3.1.0,r.-3.1.0,r.-3.1.0,r.-3.1.0,r.-3.1.0,r.-3.1.0,r.-3.1.0,r.-3.1.0,r.-3.1.0,r.-3.1.0,r.-3.1.0,r.-3.1.0,r.-3.1.0,r.-3.1.0,r.-3.1.0,r.-3.1.0,r.-3.1.0,r.-3.1.0,r.-3.1.0,r.-3.1.0,r.-3.1.0,r.-3.1.0,r.-3.1.0,r.-3.1.0,r.-3.1.0,r.-3.1.0,r.-3.1.0,r.-3.1.0,r.-3.1.0,r.-3.1.0,r.-3.1.0,r.-3.1.0,r.-3.1.0,r.-3.1.0,r.-3.1.0,r.-3.1.0,r.-3.1.0,r.-3.1.0,r.-3.1.0,r.-3.1.0,r.-3.1.0,r.-3.1.0,r.-3.1.0,r.-3.1.0,r.-3.1.0,r.-3.1.0,r.-3.1.0,r.-3.1.0,r.-3.1.0,r.-3.1.0,r.-3.1.0,r.-3.1.0,r.-3.1.0,r.-3.1.0,r.-3.1.0,r.-3.1.0,r.-3.1.0,r.-3.1.0,r.-3.1.0,r.-3.1.0,,,,,,,,,,,,,,,,
52,r.-3.1.0,r.-3.1.0,r.-3.1.0,r.-3.1.0,r.-3.1.0,r.-3.1.0,r.-3.1.0,r.-3.1.0,r.-3.1.0,r.-3.1.0,r.-3.1.0,r.-3.1.0,r.-3.1.0,r.-3.1.0,r.-3.1.0,r.-3.1.0,r.-3.1.0,r.-3.1.0,r.-3.1.0,r.-3.1.0,r.-3.1.0,r.-3.1.0,r.-3.1.0,r.-3.1.0,r.-3.1.0,r.-3.1.0,r.-3.1.0,r.-3.1.0,r.-3.1.0,r.-3.1.0,r.-3.1.0,r.-3.1.0,r.-3.1.0,r.-3.1.0,r.-3.1.0,r.-3.1.0,r.-3.1.0,r.-3.1.0,r.-3.1.0,r.-3.1.0,r.-3.1.0,r.-3.1.0,r.-3.1.0,r.-3.1.0,r.-3.1.0,r.-3.1.0,r.-3.1.0,r.-3.1.0,r.-3.1.0,r.-3.1.0,r.-3.1.0,r.-3.1.0,r.-3.1.0,r.-3.1.0,r.-3.1.0,r.-3.1.0,r.-3.1.0,r.-3.1.0,r.-3.1.0,r.-3.1.0,r.-3.1.0,r.-3.1.0,r.-3.1.0,r.-3.1.0,r.-3.1.0,r.-3.1.0,r.-3.1.0,r.-3.1.0,r.-3.1.0,r.-3.1.0,r.-3.1.0,r.-3.1.0,r.-3.1.0,r.-3.1.0,r.-3.1.0,r.-3.1.0,r.-3.1.0,r.-3.1.0,r.-3.1.0,r.-3.1.0,r.-3.1.0,r.-3.1.0,r.-3.1.0,r.-3.1.0,r.-3.1.0,r.-3.1.0,r.-3.1.0,r.-3.1.0,r.-3.1.0,r.-3.1.0,r.-3.1.0,r.-3.1.0,r.-3.1.0,r.-3.1.0,,,,,,,,,,,,,,,,
53,r.-3.1.0,r.-3.1.0,r.-3.1.0,r.-3.1.0,r.-3.1.0,r.-3.1.0,r.-3.1.0,r.-3.1.0,r.-3.1.0,r.-3.1.0,r.-3.1.0,r.-3.1.0,r.-3.1.0,r.-3.1.0,r.-3.1.0,r.-3.1.0,r.-3.1.0,r.-3.1.0,r.-3.1.0,r.-3.1.0,r.-3.1.0,r.-3.1.0,r.-3.1.0,r.-3.1.0,r.-3.1.0,r.-3.1.0,r.-3.1.0,r.-3.1.0,r.-3.1.0,r.-3.1.0,r.-3.1.0,r.-3.1.0,r.-3.1.0,r.-3.1.0,r.-3.1.0,r.-3.1.0,r.-3.1.0,r.-3.1.0,r.-3.1.0,r.-3.1.0,r.-3.1.0,r.-3.1.0,r.-3.1.0,r.-3.1.0,r.-3.1.0,r.-3.1.0,r.-3.1.0,r.-3.1.0,r.-3.1.0,r.-3.1.0,r.-3.1.0,r.-3.1.0,r.-3.1.0,r.-3.1.0,r.-3.1.0,r.-3.1.0,r.-3.1.0,r.-3.1.0,r.-3.1.0,r.-3.1.0,r.-3.1.0,r.-3.1.0,r.-3.1.0,r.-3.1.0,r.-3.1.0,r.-3.1.0,r.-3.1.0,r.-3.1.0,r.-3.1.0,r.-3.1.0,r.-3.1.0,r.-3.1.0,r.-3.1.0,r.-3.1.0,r.-3.1.0,r.-3.1.0,r.-3.1.0,r.-3.1.0,r.-3.1.0,r.-3.1.0,r.-3.1.0,r.-3.1.0,r.-3.1.0,r.-3.1.0,r.-3.1.0,r.-3.1.0,r.-3.1.0,r.-3.1.0,r.-3.1.0,r.-3.1.0,r.-3.1.0,r.-3.1.0,r.-3.1.0,r.-3.1.0,,,,,,,,,,,,,,,,
54,r.-3.1.0,r.-3.1.0,r.-3.1.0,r.-3.1.0,r.-3.1.0,r.-3.1.0,r.-3.1.0,r.-3.1.0,r.-3.1.0,r.-3.1.0,r.-3.1.0,r.-3.1.0,r.-3.1.0,r.-3.1.0,r.-3.1.0,r.-3.1.0,r.-3.1.0,r.-3.1.0,r.-3.1.0,r.-3.1.0,r.-3.1.0,r.-3.1.0,r.-3.1.0,r.-3.1.0,r.-3.1.0,r.-3.1.0,r.-3.1.0,r.-3.1.0,r.-3.1.0,r.-3.1.0,r.-3.1.0,r.-3.1.0,r.-3.1.0,r.-3.1.0,r.-3.1.0,r.-3.1.0,r.-3.1.0,r.-3.1.0,r.-3.1.0,r.-3.1.0,r.-3.1.0,r.-3.1.0,r.-3.1.0,r.-3.1.0,r.-3.1.0,r.-3.1.0,r.-3.1.0,r.-3.1.0,r.-3.1.0,r.-3.1.0,r.-3.1.0,r.-3.1.0,r.-3.1.0,r.-3.1.0,r.-3.1.0,r.-3.1.0,r.-3.1.0,r.-3.1.0,r.-3.1.0,r.-3.1.0,r.-3.1.0,r.-3.1.0,r.-3.1.0,r.-3.1.0,r.-3.1.0,r.-3.1.0,r.-3.1.0,r.-3.1.0,r.-3.1.0,r.-3.1.0,r.-3.1.0,r.-3.1.0,r.-3.1.0,r.-3.1.0,r.-3.1.0,r.-3.1.0,r.-3.1.0,r.-3.1.0,r.-3.1.0,r.-3.1.0,r.-3.1.0,r.-3.1.0,r.-3.1.0,r.-3.1.0,r.-3.1.0,r.-3.1.0,r.-3.1.0,r.-3.1.0,r.-3.1.0,r.-3.1.0,r.-3.1.0,r.-3.1.0,r.-3.1.0,r.-3.1.0,,,,,,,,,,,,,,,,
55,r.-3.1.0,r.-3.1.0,r.-3.1.0,r.-3.1.0,r.-3.1.0,r.-3.1.0,r.-3.1.0,r.-3.1.0,r.-3.1.0,r.-3.1.0,r.-3.1.0,r.-3.1.0,r.-3.1.0,r.-3.1.0,r.-3.1.0,r.-3.1.0,r.-3.1.0,r.-3.1.0,r.-3.1.0,r.-3.1.0,r.-3.1.0,r.-3.1.0,r.-3.1.0,r.-3.1.0,r.-3.1.0,r.-3.1.0,r.-3.1.0,r.-3.1.0,r.-3.1.0,r.-3.1.0,r.-3.1.0,r.-3.1.0,r.-3.1.0,r.-3.1.0,r.-3.1.0,r.-3.1.0,r.-3.1.0,r.-3.1.0,r.-3.1.0,r.-3.1.0,r.-3.1.0,r.-3.1.0,r.-3.1.0,r.-3.1.0,r.-3.1.0,r.-3.1.0,r.-3.1.0,r.-3.1.0,r.-3.1.0,r.-3.1.0,r.-3.1.0,r.-3.1.0,r.-3.1.0,r.-3.1.0,r.-3.1.0,r.-3.1.0,r.-3.1.0,r.-3.1.0,r.-3.1.0,r.-3.1.0,r.-3.1.0,r.-3.1.0,r.-3.1.0,r.-3.1.0,r.-3.1.0,r.-3.1.0,r.-3.1.0,r.-3.1.0,r.-3.1.0,r.-3.1.0,r.-3.1.0,r.-3.1.0,r.-3.1.0,r.-3.1.0,r.-3.1.0,r.-3.1.0,r.-3.1.0,r.-3.1.0,r.-3.1.0,r.-3.1.0,r.-3.1.0,r.-3.1.0,r.-3.1.0,r.-3.1.0,r.-3.1.0,r.-3.1.0,r.-3.1.0,r.-3.1.0,r.-3.1.0,r.-3.1.0,r.-3.1.0,r.-3.1.0,r.-3.1.0,r.-3.1.0,,,,,,,,,,,,,,,,
56,r.-3.1.0,r.-3.1.0,r.-3.1.0,r.-3.1.0,r.-3.1.0,r.-3.1.0,r.-3.1.0,r.-3.1.0,r.-3.1.0,r.-3.1.0,r.-3.1.0,r.-3.1.0,r.-3.1.0,r.-3.1.0,r.-3.1.0,r.-3.1.0,r.-3.1.0,r.-3.1.0,r.-3.1.0,r.-3.1.0,r.-3.1.0,r.-3.1.0,r.-3.1.0,r.-3.1.0,r.-3.1.0,r.-3.1.0,r.-3.1.0,r.-3.1.0,r.-3.1.0,r.-3.1.0,r.-3.1.0,r.-3.1.0,r.-3.1.0,r.-3.1.0,r.-3.1.0,r.-3.1.0,r.-3.1.0,r.-3.1.0,r.-3.1.0,r.-3.1.0,r.-3.1.0,r.-3.1.0,r.-3.1.0,r.-3.1.0,r.-3.1.0,r.-3.1.0,r.-3.1.0,r.-3.1.0,r.-3.1.0,r.-3.1.0,r.-3.1.0,r.-3.1.0,r.-3.1.0,r.-3.1.0,r.-3.1.0,r.-3.1.0,r.-3.1.0,r.-3.1.0,r.-3.1.0,r.-3.1.0,r.-3.1.0,r.-3.1.0,r.-3.1.0,r.-3.1.0,r.-3.1.0,r.-3.1.0,r.-3.1.0,r.-3.1.0,r.-3.1.0,r.-3.1.0,r.-3.1.0,r.-3.1.0,r.-3.1.0,r.-3.1.0,r.-3.1.0,r.-3.1.0,r.-3.1.0,r.-3.1.0,r.-3.1.0,r.-3.1.0,r.-3.1.0,r.-3.1.0,r.-3.1.0,r.-3.1.0,r.-3.1.0,r.-3.1.0,r.-3.1.0,r.-3.1.0,r.-3.1.0,r.-3.1.0,r.-3.1.0,r.-3.1.0,r.-3.1.0,r.-3.1.0,,,,,,,,,,,,,,,,
57,r.-3.1.0,r.-3.1.0,r.-3.1.0,r.-3.1.0,r.-3.1.0,r.-3.1.0,r.-3.1.0,r.-3.1.0,r.-3.1.0,r.-3.1.0,r.-3.1.0,r.-3.1.0,r.-3.1.0,r.-3.1.0,r.-3.1.0,r.-3.1.0,r.-3.1.0,r.-3.1.0,r.-3.1.0,r.-3.1.0,r.-3.1.0,r.-3.1.0,r.-3.1.0,r.-3.1.0,r.-3.1.0,r.-3.1.0,r.-3.1.0,r.-3.1.0,r.-3.1.0,r.-3.1.0,r.-3.1.0,r.-3.1.0,r.-3.1.0,r.-3.1.0,r.-3.1.0,r.-3.1.0,r.-3.1.0,r.-3.1.0,r.-3.1.0,r.-3.1.0,r.-3.1.0,r.-3.1.0,r.-3.1.0,r.-3.1.0,r.-3.1.0,r.-3.1.0,r.-3.1.0,r.-3.1.0,r.-3.1.0,r.-3.1.0,r.-3.1.0,r.-3.1.0,r.-3.1.0,r.-3.1.0,r.-3.1.0,r.-3.1.0,r.-3.1.0,r.-3.1.0,r.-3.1.0,r.-3.1.0,r.-3.1.0,r.-3.1.0,r.-3.1.0,r.-3.1.0,r.-3.1.0,r.-3.1.0,r.-3.1.0,r.-3.1.0,r.-3.1.0,r.-3.1.0,r.-3.1.0,r.-3.1.0,r.-3.1.0,r.-3.1.0,r.-3.1.0,r.-3.1.0,r.-3.1.0,r.-3.1.0,r.-3.1.0,r.-3.1.0,r.-3.1.0,r.-3.1.0,r.-3.1.0,r.-3.1.0,r.-3.1.0,r.-3.1.0,r.-3.1.0,r.-3.1.0,r.-3.1.0,r.-3.1.0,r.-3.1.0,r.-3.1.0,r.-3.1.0,r.-3.1.0,,,,,,,,,,,,,,,,
58,r.-3.1.0,r.-3.1.0,r.-3.1.0,r.-3.1.0,r.-3.1.0,r.-3.1.0,r.-3.1.0,r.-3.1.0,r.-3.1.0,r.-3.1.0,r.-3.1.0,r.-3.1.0,r.-3.1.0,r.-3.1.0,r.-3.1.0,r.-3.1.0,r.-3.1.0,r.-3.1.0,r.-3.1.0,r.-3.1.0,r.-3.1.0,r.-3.1.0,r.-3.1.0,r.-3.1.0,r.-3.1.0,r.-3.1.0,r.-3.1.0,r.-3.1.0,r.-3.1.0,r.-3.1.0,r.-3.1.0,r.-3.1.0,r.-3.1.0,r.-3.1.0,r.-3.1.0,r.-3.1.0,r.-3.1.0,r.-3.1.0,r.-3.1.0,r.-3.1.0,r.-3.1.0,r.-3.1.0,r.-3.1.0,r.-3.1.0,r.-3.1.0,r.-3.1.0,r.-3.1.0,r.-3.1.0,r.-3.1.0,r.-3.1.0,r.-3.1.0,r.-3.1.0,r.-3.1.0,r.-3.1.0,r.-3.1.0,r.-3.1.0,r.-3.1.0,r.-3.1.0,r.-3.1.0,r.-3.1.0,r.-3.1.0,r.-3.1.0,r.-3.1.0,r.-3.1.0,r.-3.1.0,r.-3.1.0,r.-3.1.0,r.-3.1.0,r.-3.1.0,r.-3.1.0,r.-3.1.0,r.-3.1.0,r.-3.1.0,r.-3.1.0,r.-3.1.0,r.-3.1.0,r.-3.1.0,r.-3.1.0,r.-3.1.0,r.-3.1.0,r.-3.1.0,r.-3.1.0,r.-3.1.0,r.-3.1.0,r.-3.1.0,r.-3.1.0,r.-3.1.0,r.-3.1.0,r.-3.1.0,r.-3.1.0,r.-3.1.0,r.-3.1.0,r.-3.1.0,r.-3.1.0,,,,,,,,,,,,,,,,
59,r.-3.1.0,r.-3.1.0,r.-3.1.0,r.-3.1.0,r.-3.1.0,r.-3.1.0,r.-3.1.0,r.-3.1.0,r.-3.1.0,r.-3.1.0,r.-3.1.0,r.-3.1.0,r.-3.1.0,r.-3.1.0,r.-3.1.0,r.-3.1.0,r.-3.1.0,r.-3.1.0,r.-3.1.0,r.-3.1.0,r.-3.1.0,r.-3.1.0,r.-3.1.0,r.-3.1.0,r.-3.1.0,r.-3.1.0,r.-3.1.0,r.-3.1.0,r.-3.1.0,r.-3.1.0,r.-3.1.0,r.-3.1.0,r.-3.1.0,r.-3.1.0,r.-3.1.0,r.-3.1.0,r.-3.1.0,r.-3.1.0,r.-3.1.0,r.-3.1.0,r.-3.1.0,r.-3.1.0,r.-3.1.0,r.-3.1.0,r.-3.1.0,r.-3.1.0,r.-3.1.0,r.-3.1.0,r.-3.1.0,r.-3.1.0,r.-3.1.0,r.-3.1.0,r.-3.1.0,r.-3.1.0,r.-3.1.0,r.-3.1.0,r.-3.1.0,r.-3.1.0,r.-3.1.0,r.-3.1.0,r.-3.1.0,r.-3.1.0,r.-3.1.0,r.-3.1.0,r.-3.1.0,r.-3.1.0,r.-3.1.0,r.-3.1.0,r.-3.1.0,r.-3.1.0,r.-3.1.0,r.-3.1.0,r.-3.1.0,r.-3.1.0,r.-3.1.0,r.-3.1.0,r.-3.1.0,r.-3.1.0,r.-3.1.0,r.-3.1.0,r.-3.1.0,r.-3.1.0,r.-3.1.0,r.-3.1.0,r.-3.1.0,r.-3.1.0,r.-3.1.0,r.-3.1.0,r.-3.1.0,r.-3.1.0,r.-3.1.0,r.-3.1.0,r.-3.1.0,r.-3.1.0,,,,,,,,,,,,,,,,
60,r.-3.1.0,r.-3.1.0,r.-3.1.0,r.-3.1.0,r.-3.1.0,r.-3.1.0,r.-3.1.0,r.-3.1.0,r.-3.1.0,r.-3.1.0,r.-3.1.0,r.-3.1.0,r.-3.1.0,r.-3.1.0,r.-3.1.0,r.-3.1.0,r.-3.1.0,r.-3.1.0,r.-3.1.0,r.-3.1.0,r.-3.1.0,r.-3.1.0,r.-3.1.0,r.-3.1.0,r.-3.1.0,r.-3.1.0,r.-3.1.0,r.-3.1.0,r.-3.1.0,r.-3.1.0,r.-3.1.0,r.-3.1.0,r.-3.1.0,r.-3.1.0,r.-3.1.0,r.-3.1.0,r.-3.1.0,r.-3.1.0,r.-3.1.0,r.-3.1.0,r.-3.1.0,r.-3.1.0,r.-3.1.0,r.-3.1.0,r.-3.1.0,r.-3.1.0,r.-3.1.0,r.-3.1.0,r.-3.1.0,r.-3.1.0,r.-3.1.0,r.-3.1.0,r.-3.1.0,r.-3.1.0,r.-3.1.0,r.-3.1.0,r.-3.1.0,r.-3.1.0,r.-3.1.0,r.-3.1.0,r.-3.1.0,r.-3.1.0,r.-3.1.0,r.-3.1.0,r.-3.1.0,r.-3.1.0,r.-3.1.0,r.-3.1.0,r.-3.1.0,r.-3.1.0,r.-3.1.0,r.-3.1.0,r.-3.1.0,r.-3.1.0,r.-3.1.0,r.-3.1.0,r.-3.1.0,r.-3.1.0,r.-3.1.0,r.-3.1.0,r.-3.1.0,r.-3.1.0,r.-3.1.0,r.-3.1.0,r.-3.1.0,r.-3.1.0,r.-3.1.0,r.-3.1.0,r.-3.1.0,r.-3.1.0,r.-3.1.0,r.-3.1.0,r.-3.1.0,r.-3.1.0,,,,,,,,,,,,,,,,
61,r.-3.1.0,r.-3.1.0,r.-3.1.0,r.-3.1.0,r.-3.1.0,r.-3.1.0,r.-3.1.0,r.-3.1.0,r.-3.1.0,r.-3.1.0,r.-3.1.0,r.-3.1.0,r.-3.1.0,r.-3.1.0,r.-3.1.0,r.-3.1.0,r.-3.1.0,r.-3.1.0,r.-3.1.0,r.-3.1.0,r.-3.1.0,r.-3.1.0,r.-3.1.0,r.-3.1.0,r.-3.1.0,r.-3.1.0,r.-3.1.0,r.-3.1.0,r.-3.1.0,r.-3.1.0,r.-3.1.0,r.-3.1.0,r.-3.1.0,r.-3.1.0,r.-3.1.0,r.-3.1.0,r.-3.1.0,r.-3.1.0,r.-3.1.0,r.-3.1.0,r.-3.1.0,r.-3.1.0,r.-3.1.0,r.-3.1.0,r.-3.1.0,r.-3.1.0,r.-3.1.0,r.-3.1.0,r.-3.1.0,r.-3.1.0,r.-3.1.0,r.-3.1.0,r.-3.1.0,r.-3.1.0,r.-3.1.0,r.-3.1.0,r.-3.1.0,r.-3.1.0,r.-3.1.0,r.-3.1.0,r.-3.1.0,r.-3.1.0,r.-3.1.0,r.-3.1.0,r.-3.1.0,r.-3.1.0,r.-3.1.0,r.-3.1.0,r.-3.1.0,r.-3.1.0,r.-3.1.0,r.-3.1.0,r.-3.1.0,r.-3.1.0,r.-3.1.0,r.-3.1.0,r.-3.1.0,r.-3.1.0,r.-3.1.0,r.-3.1.0,r.-3.1.0,r.-3.1.0,r.-3.1.0,r.-3.1.0,r.-3.1.0,r.-3.1.0,r.-3.1.0,r.-3.1.0,r.-3.1.0,r.-3.1.0,r.-3.1.0,r.-3.1.0,r.-3.1.0,r.-3.1.0,,,,,,,,,,,,,,,,
62,r.-3.1.0,r.-3.1.0,r.-3.1.0,r.-3.1.0,r.-3.1.0,r.-3.1.0,r.-3.1.0,r.-3.1.0,r.-3.1.0,r.-3.1.0,r.-3.1.0,r.-3.1.0,r.-3.1.0,r.-3.1.0,r.-3.1.0,r.-3.1.0,r.-3.1.0,r.-3.1.0,r.-3.1.0,r.-3.1.0,r.-3.1.0,r.-3.1.0,r.-3.1.0,r.-3.1.0,r.-3.1.0,r.-3.1.0,r.-3.1.0,r.-3.1.0,r.-3.1.0,r.-3.1.0,r.-3.1.0,r.-3.1.0,r.-3.1.0,r.-3.1.0,r.-3.1.0,r.-3.1.0,r.-3.1.0,r.-3.1.0,r.-3.1.0,r.-3.1.0,r.-3.1.0,r.-3.1.0,r.-3.1.0,r.-3.1.0,r.-3.1.0,r.-3.1.0,r.-3.1.0,r.-3.1.0,r.-3.1.0,r.-3.1.0,r.-3.1.0,r.-3.1.0,r.-3.1.0,r.-3.1.0,r.-3.1.0,r.-3.1.0,r.-3.1.0,r.-3.1.0,r.-3.1.0,r.-3.1.0,r.-3.1.0,r.-3.1.0,r.-3.1.0,r.-3.1.0,r.-3.1.0,r.-3.1.0,r.-3.1.0,r.-3.1.0,r.-3.1.0,r.-3.1.0,r.-3.1.0,r.-3.1.0,r.-3.1.0,r.-3.1.0,r.-3.1.0,r.-3.1.0,r.-3.1.0,r.-3.1.0,r.-3.1.0,r.-3.1.0,r.-3.1.0,r.-3.1.0,r.-3.1.0,r.-3.1.0,r.-3.1.0,r.-3.1.0,r.-3.1.0,r.-3.1.0,r.-3.1.0,r.-3.1.0,r.-3.1.0,r.-3.1.0,r.-3.1.0,r.-3.1.0,,,,,,,,,,,,,,,,
63,r.-3.1.0,r.-3.1.0,r.-3.1.0,r.-3.1.0,r.-3.1.0,r.-3.1.0,r.-3.1.0,r.-3.1.0,r.-3.1.0,r.-3.1.0,r.-3.1.0,r.-3.1.0,r.-3.1.0,r.-3.1.0,r.-3.1.0,r.-3.1.0,r.-3.1.0,r.-3.1.0,r.-3.1.0,r.-3.1.0,r.-3.1.0,r.-3.1.0,r.-3.1.0,r.-3.1.0,r.-3.1.0,r.-3.1.0,r.-3.1.0,r.-3.1.0,r.-3.1.0,r.-3.1.0,r.-3.1.0,r.-3.1.0,r.-3.1.0,r.-3.1.0,r.-3.1.0,r.-3.1.0,r.-3.1.0,r.-3.1.0,r.-3.1.0,r.-3.1.0,r.-3.1.0,r.-3.1.0,r.-3.1.0,r.-3.1.0,r.-3.1.0,r.-3.1.0,r.-3.1.0,r.-3.1.0,r.-3.1.0,r.-3.1.0,r.-3.1.0,r.-3.1.0,r.-3.1.0,r.-3.1.0,r.-3.1.0,r.-3.1.0,r.-3.1.0,r.-3.1.0,r.-3.1.0,r.-3.1.0,r.-3.1.0,r.-3.1.0,r.-3.1.0,r.-3.1.0,r.-3.1.0,r.-3.1.0,r.-3.1.0,r.-3.1.0,r.-3.1.0,r.-3.1.0,r.-3.1.0,r.-3.1.0,r.-3.1.0,r.-3.1.0,r.-3.1.0,r.-3.1.0,r.-3.1.0,r.-3.1.0,r.-3.1.0,r.-3.1.0,r.-3.1.0,r.-3.1.0,r.-3.1.0,r.-3.1.0,r.-3.1.0,r.-3.1.0,r.-3.1.0,r.-3.1.0,r.-3.1.0,r.-3.1.0,r.-3.1.0,r.-3.1.0,r.-3.1.0,r.-3.1.0,,,,,,,,,,,,,,,,
64,r.-3.1.0,r.-3.1.0,r.-3.1.0,r.-3.1.0,r.-3.1.0,r.-3.1.0,r.-3.1.0,r.-3.1.0,r.-3.1.0,r.-3.1.0,r.-3.1.0,r.-3.1.0,r.-3.1.0,r.-3.1.0,r.-3.1.0,r.-3.1.0,r.-3.1.0,r.-3.1.0,r.-3.1.0,r.-3.1.0,r.-3.1.0,r.-3.1.0,r.-3.1.0,r.-3.1.0,r.-3.1.0,r.-3.1.0,r.-3.1.0,r.-3.1.0,r.-3.1.0,r.-3.1.0,r.-3.1.0,r.-3.1.0,r.-3.1.0,r.-3.1.0,r.-3.1.0,r.-3.1.0,r.-3.1.0,r.-3.1.0,r.-3.1.0,r.-3.1.0,r.-3.1.0,r.-3.1.0,r.-3.1.0,r.-3.1.0,r.-3.1.0,r.-3.1.0,r.-3.1.0,r.-3.1.0,r.-3.1.0,r.-3.1.0,r.-3.1.0,r.-3.1.0,r.-3.1.0,r.-3.1.0,r.-3.1.0,r.-3.1.0,r.-3.1.0,r.-3.1.0,r.-3.1.0,r.-3.1.0,r.-3.1.0,r.-3.1.0,r.-3.1.0,r.-3.1.0,r.-3.1.0,r.-3.1.0,r.-3.1.0,r.-3.1.0,r.-3.1.0,r.-3.1.0,r.-3.1.0,r.-3.1.0,r.-3.1.0,r.-3.1.0,r.-3.1.0,r.-3.1.0,r.-3.1.0,r.-3.1.0,r.-3.1.0,r.-3.1.0,r.-3.1.0,r.-3.1.0,r.-3.1.0,r.-3.1.0,r.-3.1.0,r.-3.1.0,r.-3.1.0,r.-3.1.0,r.-3.1.0,r.-3.1.0,r.-3.1.0,r.-3.1.0,r.-3.1.0,r.-3.1.0,,,,,,,,,,,,,,,,
65,r.-3.1.0,r.-3.1.0,r.-3.1.0,r.-3.1.0,r.-3.1.0,r.-3.1.0,r.-3.1.0,r.-3.1.0,r.-3.1.0,r.-3.1.0,r.-3.1.0,r.-3.1.0,r.-3.1.0,r.-3.1.0,r.-3.1.0,r.-3.1.0,r.-3.1.0,r.-3.1.0,r.-3.1.0,r.-3.1.0,r.-3.1.0,r.-3.1.0,r.-3.1.0,r.-3.1.0,r.-3.1.0,r.-3.1.0,r.-3.1.0,r.-3.1.0,r.-3.1.0,r.-3.1.0,r.-3.1.0,r.-3.1.0,r.-3.1.0,r.-3.1.0,r.-3.1.0,r.-3.1.0,r.-3.1.0,r.-3.1.0,r.-3.1.0,r.-3.1.0,r.-3.1.0,r.-3.1.0,r.-3.1.0,r.-3.1.0,r.-3.1.0,r.-3.1.0,r.-3.1.0,r.-3.1.0,r.-3.1.0,r.-3.1.0,r.-3.1.0,r.-3.1.0,r.-3.1.0,r.-3.1.0,r.-3.1.0,r.-3.1.0,r.-3.1.0,r.-3.1.0,r.-3.1.0,r.-3.1.0,r.-3.1.0,r.-3.1.0,r.-3.1.0,r.-3.1.0,r.-3.1.0,r.-3.1.0,r.-3.1.0,r.-3.1.0,r.-3.1.0,r.-3.1.0,r.-3.1.0,r.-3.1.0,r.-3.1.0,r.-3.1.0,r.-3.1.0,r.-3.1.0,r.-3.1.0,r.-3.1.0,r.-3.1.0,r.-3.1.0,r.-3.1.0,r.-3.1.0,r.-3.1.0,r.-3.1.0,r.-3.1.0,r.-3.1.0,r.-3.1.0,r.-3.1.0,r.-3.1.0,r.-3.1.0,r.-3.1.0,r.-3.1.0,r.-3.1.0,r.-3.1.0,,,,,,,,,,,,,,,,
66,r.-3.1.0,r.-3.1.0,r.-3.1.0,r.-3.1.0,r.-3.1.0,r.-3.1.0,r.-3.1.0,r.-3.1.0,r.-3.1.0,r.-3.1.0,r.-3.1.0,r.-3.1.0,r.-3.1.0,r.-3.1.0,r.-3.1.0,r.-3.1.0,r.-3.1.0,r.-3.1.0,r.-3.1.0,r.-3.1.0,r.-3.1.0,r.-3.1.0,r.-3.1.0,r.-3.1.0,r.-3.1.0,r.-3.1.0,r.-3.1.0,r.-3.1.0,r.-3.1.0,r.-3.1.0,r.-3.1.0,r.-3.1.0,r.-3.1.0,r.-3.1.0,r.-3.1.0,r.-3.1.0,r.-3.1.0,r.-3.1.0,r.-3.1.0,r.-3.1.0,r.-3.1.0,r.-3.1.0,r.-3.1.0,r.-3.1.0,r.-3.1.0,r.-3.1.0,r.-3.1.0,r.-3.1.0,r.-3.1.0,r.-3.1.0,r.-3.1.0,r.-3.1.0,r.-3.1.0,r.-3.1.0,r.-3.1.0,r.-3.1.0,r.-3.1.0,r.-3.1.0,r.-3.1.0,r.-3.1.0,r.-3.1.0,r.-3.1.0,r.-3.1.0,r.-3.1.0,r.-3.1.0,r.-3.1.0,r.-3.1.0,r.-3.1.0,r.-3.1.0,r.-3.1.0,r.-3.1.0,r.-3.1.0,r.-3.1.0,r.-3.1.0,r.-3.1.0,r.-3.1.0,r.-3.1.0,r.-3.1.0,r.-3.1.0,r.-3.1.0,r.-3.1.0,r.-3.1.0,r.-3.1.0,r.-3.1.0,r.-3.1.0,r.-3.1.0,r.-3.1.0,r.-3.1.0,r.-3.1.0,r.-3.1.0,r.-3.1.0,r.-3.1.0,r.-3.1.0,r.-3.1.0,,,,,,,,,,,,,,,,
67,r.-3.1.0,r.-3.1.0,r.-3.1.0,r.-3.1.0,r.-3.1.0,r.-3.1.0,r.-3.1.0,r.-3.1.0,r.-3.1.0,r.-3.1.0,r.-3.1.0,r.-3.1.0,r.-3.1.0,r.-3.1.0,r.-3.1.0,r.-3.1.0,r.-3.1.0,r.-3.1.0,r.-3.1.0,r.-3.1.0,r.-3.1.0,r.-3.1.0,r.-3.1.0,r.-3.1.0,r.-3.1.0,r.-3.1.0,r.-3.1.0,r.-3.1.0,r.-3.1.0,r.-3.1.0,r.-3.1.0,r.-3.1.0,r.-3.1.0,r.-3.1.0,r.-3.1.0,r.-3.1.0,r.-3.1.0,r.-3.1.0,r.-3.1.0,r.-3.1.0,r.-3.1.0,r.-3.1.0,r.-3.1.0,r.-3.1.0,r.-3.1.0,r.-3.1.0,r.-3.1.0,r.-3.1.0,r.-3.1.0,r.-3.1.0,r.-3.1.0,r.-3.1.0,r.-3.1.0,r.-3.1.0,r.-3.1.0,r.-3.1.0,r.-3.1.0,r.-3.1.0,r.-3.1.0,r.-3.1.0,r.-3.1.0,r.-3.1.0,r.-3.1.0,r.-3.1.0,r.-3.1.0,r.-3.1.0,r.-3.1.0,r.-3.1.0,r.-3.1.0,r.-3.1.0,r.-3.1.0,r.-3.1.0,r.-3.1.0,r.-3.1.0,r.-3.1.0,r.-3.1.0,r.-3.1.0,r.-3.1.0,r.-3.1.0,r.-3.1.0,r.-3.1.0,r.-3.1.0,r.-3.1.0,r.-3.1.0,r.-3.1.0,r.-3.1.0,r.-3.1.0,r.-3.1.0,r.-3.1.0,r.-3.1.0,r.-3.1.0,r.-3.1.0,r.-3.1.0,r.-3.1.0,,,,,,,,,,,,,,,,
68,r.-3.1.0,r.-3.1.0,r.-3.1.0,r.-3.1.0,r.-3.1.0,r.-3.1.0,r.-3.1.0,r.-3.1.0,r.-3.1.0,r.-3.1.0,r.-3.1.0,r.-3.1.0,r.-3.1.0,r.-3.1.0,r.-3.1.0,r.-3.1.0,r.-3.1.0,r.-3.1.0,r.-3.1.0,r.-3.1.0,r.-3.1.0,r.-3.1.0,r.-3.1.0,r.-3.1.0,r.-3.1.0,r.-3.1.0,r.-3.1.0,r.-3.1.0,r.-3.1.0,r.-3.1.0,r.-3.1.0,r.-3.1.0,r.-3.1.0,r.-3.1.0,r.-3.1.0,r.-3.1.0,r.-3.1.0,r.-3.1.0,r.-3.1.0,r.-3.1.0,r.-3.1.0,r.-3.1.0,r.-3.1.0,r.-3.1.0,r.-3.1.0,r.-3.1.0,r.-3.1.0,r.-3.1.0,r.-3.1.0,r.-3.1.0,r.-3.1.0,r.-3.1.0,r.-3.1.0,r.-3.1.0,r.-3.1.0,r.-3.1.0,r.-3.1.0,r.-3.1.0,r.-3.1.0,r.-3.1.0,r.-3.1.0,r.-3.1.0,r.-3.1.0,r.-3.1.0,r.-3.1.0,r.-3.1.0,r.-3.1.0,r.-3.1.0,r.-3.1.0,r.-3.1.0,r.-3.1.0,r.-3.1.0,r.-3.1.0,r.-3.1.0,r.-3.1.0,r.-3.1.0,r.-3.1.0,r.-3.1.0,r.-3.1.0,r.-3.1.0,r.-3.1.0,r.-3.1.0,r.-3.1.0,r.-3.1.0,r.-3.1.0,r.-3.1.0,r.-3.1.0,r.-3.1.0,r.-3.1.0,r.-3.1.0,r.-3.1.0,r.-3.1.0,r.-3.1.0,r.-3.1.0,,,,,,,,,,,,,,,,
69,r.-3.1.0,r.-3.1.0,r.-3.1.0,r.-3.1.0,r.-3.1.0,r.-3.1.0,r.-3.1.0,r.-3.1.0,r.-3.1.0,r.-3.1.0,r.-3.1.0,r.-3.1.0,r.-3.1.0,r.-3.1.0,r.-3.1.0,r.-3.1.0,r.-3.1.0,r.-3.1.0,r.-3.1.0,r.-3.1.0,r.-3.1.0,r.-3.1.0,r.-3.1.0,r.-3.1.0,r.-3.1.0,r.-3.1.0,r.-3.1.0,r.-3.1.0,r.-3.1.0,r.-3.1.0,r.-3.1.0,r.-3.1.0,r.-3.1.0,r.-3.1.0,r.-3.1.0,r.-3.1.0,r.-3.1.0,r.-3.1.0,r.-3.1.0,r.-3.1.0,r.-3.1.0,r.-3.1.0,r.-3.1.0,r.-3.1.0,r.-3.1.0,r.-3.1.0,r.-3.1.0,r.-3.1.0,r.-3.1.0,r.-3.1.0,r.-3.1.0,r.-3.1.0,r.-3.1.0,r.-3.1.0,r.-3.1.0,r.-3.1.0,r.-3.1.0,r.-3.1.0,r.-3.1.0,r.-3.1.0,r.-3.1.0,r.-3.1.0,r.-3.1.0,r.-3.1.0,r.-3.1.0,r.-3.1.0,r.-3.1.0,r.-3.1.0,r.-3.1.0,r.-3.1.0,r.-3.1.0,r.-3.1.0,r.-3.1.0,r.-3.1.0,r.-3.1.0,r.-3.1.0,r.-3.1.0,r.-3.1.0,r.-3.1.0,r.-3.1.0,r.-3.1.0,r.-3.1.0,r.-3.1.0,r.-3.1.0,r.-3.1.0,r.-3.1.0,r.-3.1.0,r.-3.1.0,r.-3.1.0,r.-3.1.0,r.-3.1.0,r.-3.1.0,r.-3.1.0,r.-3.1.0,,,,,,,,,,,,,,,,
70,r.-3.1.0,r.-3.1.0,r.-3.1.0,r.-3.1.0,r.-3.1.0,r.-3.1.0,r.-3.1.0,r.-3.1.0,r.-3.1.0,r.-3.1.0,r.-3.1.0,r.-3.1.0,r.-3.1.0,r.-3.1.0,r.-3.1.0,r.-3.1.0,r.-3.1.0,r.-3.1.0,r.-3.1.0,r.-3.1.0,r.-3.1.0,r.-3.1.0,r.-3.1.0,r.-3.1.0,r.-3.1.0,r.-3.1.0,r.-3.1.0,r.-3.1.0,r.-3.1.0,r.-3.1.0,r.-3.1.0,r.-3.1.0,r.-3.1.0,r.-3.1.0,r.-3.1.0,r.-3.1.0,r.-3.1.0,r.-3.1.0,r.-3.1.0,r.-3.1.0,r.-3.1.0,r.-3.1.0,r.-3.1.0,r.-3.1.0,r.-3.1.0,r.-3.1.0,r.-3.1.0,r.-3.1.0,r.-3.1.0,r.-3.1.0,r.-3.1.0,r.-3.1.0,r.-3.1.0,r.-3.1.0,r.-3.1.0,r.-3.1.0,r.-3.1.0,r.-3.1.0,r.-3.1.0,r.-3.1.0,r.-3.1.0,r.-3.1.0,r.-3.1.0,r.-3.1.0,r.-3.1.0,r.-3.1.0,r.-3.1.0,r.-3.1.0,r.-3.1.0,r.-3.1.0,r.-3.1.0,r.-3.1.0,r.-3.1.0,r.-3.1.0,r.-3.1.0,r.-3.1.0,r.-3.1.0,r.-3.1.0,r.-3.1.0,r.-3.1.0,r.-3.1.0,r.-3.1.0,r.-3.1.0,r.-3.1.0,r.-3.1.0,r.-3.1.0,r.-3.1.0,r.-3.1.0,r.-3.1.0,r.-3.1.0,r.-3.1.0,r.-3.1.0,r.-3.1.0,r.-3.1.0,,,,,,,,,,,,,,,,
71,r.-3.1.0,r.-3.1.0,r.-3.1.0,r.-3.1.0,r.-3.1.0,r.-3.1.0,r.-3.1.0,r.-3.1.0,r.-3.1.0,r.-3.1.0,r.-3.1.0,r.-3.1.0,r.-3.1.0,r.-3.1.0,r.-3.1.0,r.-3.1.0,r.-3.1.0,r.-3.1.0,r.-3.1.0,r.-3.1.0,r.-3.1.0,r.-3.1.0,r.-3.1.0,r.-3.1.0,r.-3.1.0,r.-3.1.0,r.-3.1.0,r.-3.1.0,r.-3.1.0,r.-3.1.0,r.-3.1.0,r.-3.1.0,r.-3.1.0,r.-3.1.0,r.-3.1.0,r.-3.1.0,r.-3.1.0,r.-3.1.0,r.-3.1.0,r.-3.1.0,r.-3.1.0,r.-3.1.0,r.-3.1.0,r.-3.1.0,r.-3.1.0,r.-3.1.0,r.-3.1.0,r.-3.1.0,r.-3.1.0,r.-3.1.0,r.-3.1.0,r.-3.1.0,r.-3.1.0,r.-3.1.0,r.-3.1.0,r.-3.1.0,r.-3.1.0,r.-3.1.0,r.-3.1.0,r.-3.1.0,r.-3.1.0,r.-3.1.0,r.-3.1.0,r.-3.1.0,r.-3.1.0,r.-3.1.0,r.-3.1.0,r.-3.1.0,r.-3.1.0,r.-3.1.0,r.-3.1.0,r.-3.1.0,r.-3.1.0,r.-3.1.0,r.-3.1.0,r.-3.1.0,r.-3.1.0,r.-3.1.0,r.-3.1.0,r.-3.1.0,r.-3.1.0,r.-3.1.0,r.-3.1.0,r.-3.1.0,r.-3.1.0,r.-3.1.0,r.-3.1.0,r.-3.1.0,r.-3.1.0,r.-3.1.0,r.-3.1.0,r.-3.1.0,r.-3.1.0,r.-3.1.0,,,,,,,,,,,,,,,,
72,r.-3.1.0,r.-3.1.0,r.-3.1.0,r.-3.1.0,r.-3.1.0,r.-3.1.0,r.-3.1.0,r.-3.1.0,r.-3.1.0,r.-3.1.0,r.-3.1.0,r.-3.1.0,r.-3.1.0,r.-3.1.0,r.-3.1.0,r.-3.1.0,r.-3.1.0,r.-3.1.0,r.-3.1.0,r.-3.1.0,r.-3.1.0,r.-3.1.0,r.-3.1.0,r.-3.1.0,r.-3.1.0,r.-3.1.0,r.-3.1.0,r.-3.1.0,r.-3.1.0,r.-3.1.0,r.-3.1.0,r.-3.1.0,r.-3.1.0,r.-3.1.0,r.-3.1.0,r.-3.1.0,r.-3.1.0,r.-3.1.0,r.-3.1.0,r.-3.1.0,r.-3.1.0,r.-3.1.0,r.-3.1.0,r.-3.1.0,r.-3.1.0,r.-3.1.0,r.-3.1.0,r.-3.1.0,r.-3.1.0,r.-3.1.0,r.-3.1.0,r.-3.1.0,r.-3.1.0,r.-3.1.0,r.-3.1.0,r.-3.1.0,r.-3.1.0,r.-3.1.0,r.-3.1.0,r.-3.1.0,r.-3.1.0,r.-3.1.0,r.-3.1.0,r.-3.1.0,r.-3.1.0,r.-3.1.0,r.-3.1.0,r.-3.1.0,r.-3.1.0,r.-3.1.0,r.-3.1.0,r.-3.1.0,r.-3.1.0,r.-3.1.0,r.-3.1.0,r.-3.1.0,r.-3.1.0,r.-3.1.0,r.-3.1.0,r.-3.1.0,r.-3.1.0,r.-3.1.0,r.-3.1.0,r.-3.1.0,r.-3.1.0,r.-3.1.0,r.-3.1.0,r.-3.1.0,r.-3.1.0,r.-3.1.0,r.-3.1.0,r.-3.1.0,r.-3.1.0,r.-3.1.0,,,,,,,,,,,,,,,,
73,r.-3.1.0,r.-3.1.0,r.-3.1.0,r.-3.1.0,r.-3.1.0,r.-3.1.0,r.-3.1.0,r.-3.1.0,r.-3.1.0,r.-3.1.0,r.-3.1.0,r.-3.1.0,r.-3.1.0,r.-3.1.0,r.-3.1.0,r.-3.1.0,r.-3.1.0,r.-3.1.0,r.-3.1.0,r.-3.1.0,r.-3.1.0,r.-3.1.0,r.-3.1.0,r.-3.1.0,r.-3.1.0,r.-3.1.0,r.-3.1.0,r.-3.1.0,r.-3.1.0,r.-3.1.0,r.-3.1.0,r.-3.1.0,r.-3.1.0,r.-3.1.0,r.-3.1.0,r.-3.1.0,r.-3.1.0,r.-3.1.0,r.-3.1.0,r.-3.1.0,r.-3.1.0,r.-3.1.0,r.-3.1.0,r.-3.1.0,r.-3.1.0,r.-3.1.0,r.-3.1.0,r.-3.1.0,r.-3.1.0,r.-3.1.0,r.-3.1.0,r.-3.1.0,r.-3.1.0,r.-3.1.0,r.-3.1.0,r.-3.1.0,r.-3.1.0,r.-3.1.0,r.-3.1.0,r.-3.1.0,r.-3.1.0,r.-3.1.0,r.-3.1.0,r.-3.1.0,r.-3.1.0,r.-3.1.0,r.-3.1.0,r.-3.1.0,r.-3.1.0,r.-3.1.0,r.-3.1.0,r.-3.1.0,r.-3.1.0,r.-3.1.0,r.-3.1.0,r.-3.1.0,r.-3.1.0,r.-3.1.0,r.-3.1.0,r.-3.1.0,r.-3.1.0,r.-3.1.0,r.-3.1.0,r.-3.1.0,r.-3.1.0,r.-3.1.0,r.-3.1.0,r.-3.1.0,r.-3.1.0,r.-3.1.0,r.-3.1.0,r.-3.1.0,r.-3.1.0,r.-3.1.0,,,,,,,,,,,,,,,,
74,r.-3.1.0,r.-3.1.0,r.-3.1.0,r.-3.1.0,r.-3.1.0,r.-3.1.0,r.-3.1.0,r.-3.1.0,r.-3.1.0,r.-3.1.0,r.-3.1.0,r.-3.1.0,r.-3.1.0,r.-3.1.0,r.-3.1.0,r.-3.1.0,r.-3.1.0,r.-3.1.0,r.-3.1.0,r.-3.1.0,r.-3.1.0,r.-3.1.0,r.-3.1.0,r.-3.1.0,r.-3.1.0,r.-3.1.0,r.-3.1.0,r.-3.1.0,r.-3.1.0,r.-3.1.0,r.-3.1.0,r.-3.1.0,r.-3.1.0,r.-3.1.0,r.-3.1.0,r.-3.1.0,r.-3.1.0,r.-3.1.0,r.-3.1.0,r.-3.1.0,r.-3.1.0,r.-3.1.0,r.-3.1.0,r.-3.1.0,r.-3.1.0,r.-3.1.0,r.-3.1.0,r.-3.1.0,r.-3.1.0,r.-3.1.0,r.-3.1.0,r.-3.1.0,r.-3.1.0,r.-3.1.0,r.-3.1.0,r.-3.1.0,r.-3.1.0,r.-3.1.0,r.-3.1.0,r.-3.1.0,r.-3.1.0,r.-3.1.0,r.-3.1.0,r.-3.1.0,r.-3.1.0,r.-3.1.0,r.-3.1.0,r.-3.1.0,r.-3.1.0,r.-3.1.0,r.-3.1.0,r.-3.1.0,r.-3.1.0,r.-3.1.0,r.-3.1.0,r.-3.1.0,r.-3.1.0,r.-3.1.0,r.-3.1.0,r.-3.1.0,r.-3.1.0,r.-3.1.0,r.-3.1.0,r.-3.1.0,r.-3.1.0,r.-3.1.0,r.-3.1.0,r.-3.1.0,r.-3.1.0,r.-3.1.0,r.-3.1.0,r.-3.1.0,r.-3.1.0,r.-3.1.0,,,,,,,,,,,,,,,,
75,r.-3.1.0,r.-3.1.0,r.-3.1.0,r.-3.1.0,r.-3.1.0,r.-3.1.0,r.-3.1.0,r.-3.1.0,r.-3.1.0,r.-3.1.0,r.-3.1.0,r.-3.1.0,r.-3.1.0,r.-3.1.0,r.-3.1.0,r.-3.1.0,r.-3.1.0,r.-3.1.0,r.-3.1.0,r.-3.1.0,r.-3.1.0,r.-3.1.0,r.-3.1.0,r.-3.1.0,r.-3.1.0,r.-3.1.0,r.-3.1.0,r.-3.1.0,r.-3.1.0,r.-3.1.0,r.-3.1.0,r.-3.1.0,r.-3.1.0,r.-3.1.0,r.-3.1.0,r.-3.1.0,r.-3.1.0,r.-3.1.0,r.-3.1.0,r.-3.1.0,r.-3.1.0,r.-3.1.0,r.-3.1.0,r.-3.1.0,r.-3.1.0,r.-3.1.0,r.-3.1.0,r.-3.1.0,r.-3.1.0,r.-3.1.0,r.-3.1.0,r.-3.1.0,r.-3.1.0,r.-3.1.0,r.-3.1.0,r.-3.1.0,r.-3.1.0,r.-3.1.0,r.-3.1.0,r.-3.1.0,r.-3.1.0,r.-3.1.0,r.-3.1.0,r.-3.1.0,r.-3.1.0,r.-3.1.0,r.-3.1.0,r.-3.1.0,r.-3.1.0,r.-3.1.0,r.-3.1.0,r.-3.1.0,r.-3.1.0,r.-3.1.0,r.-3.1.0,r.-3.1.0,r.-3.1.0,r.-3.1.0,r.-3.1.0,r.-3.1.0,r.-3.1.0,r.-3.1.0,r.-3.1.0,r.-3.1.0,r.-3.1.0,r.-3.1.0,r.-3.1.0,r.-3.1.0,r.-3.1.0,r.-3.1.0,r.-3.1.0,r.-3.1.0,r.-3.1.0,r.-3.1.0,,,,,,,,,,,,,,,,
76,r.-3.1.0,r.-3.1.0,r.-3.1.0,r.-3.1.0,r.-3.1.0,r.-3.1.0,r.-3.1.0,r.-3.1.0,r.-3.1.0,r.-3.1.0,r.-3.1.0,r.-3.1.0,r.-3.1.0,r.-3.1.0,r.-3.1.0,r.-3.1.0,r.-3.1.0,r.-3.1.0,r.-3.1.0,r.-3.1.0,r.-3.1.0,r.-3.1.0,r.-3.1.0,r.-3.1.0,r.-3.1.0,r.-3.1.0,r.-3.1.0,r.-3.1.0,r.-3.1.0,r.-3.1.0,r.-3.1.0,r.-3.1.0,r.-3.1.0,r.-3.1.0,r.-3.1.0,r.-3.1.0,r.-3.1.0,r.-3.1.0,r.-3.1.0,r.-3.1.0,r.-3.1.0,r.-3.1.0,r.-3.1.0,r.-3.1.0,r.-3.1.0,r.-3.1.0,r.-3.1.0,r.-3.1.0,r.-3.1.0,r.-3.1.0,r.-3.1.0,r.-3.1.0,r.-3.1.0,r.-3.1.0,r.-3.1.0,r.-3.1.0,r.-3.1.0,r.-3.1.0,r.-3.1.0,r.-3.1.0,r.-3.1.0,r.-3.1.0,r.-3.1.0,r.-3.1.0,r.-3.1.0,r.-3.1.0,r.-3.1.0,r.-3.1.0,r.-3.1.0,r.-3.1.0,r.-3.1.0,r.-3.1.0,r.-3.1.0,r.-3.1.0,r.-3.1.0,r.-3.1.0,r.-3.1.0,r.-3.1.0,r.-3.1.0,r.-3.1.0,r.-3.1.0,r.-3.1.0,r.-3.1.0,r.-3.1.0,r.-3.1.0,r.-3.1.0,r.-3.1.0,r.-3.1.0,r.-3.1.0,r.-3.1.0,r.-3.1.0,r.-3.1.0,r.-3.1.0,r.-3.1.0,,,,,,,,,,,,,,,,
77,r.-3.1.0,r.-3.1.0,r.-3.1.0,r.-3.1.0,r.-3.1.0,r.-3.1.0,r.-3.1.0,r.-3.1.0,r.-3.1.0,r.-3.1.0,r.-3.1.0,r.-3.1.0,r.-3.1.0,r.-3.1.0,r.-3.1.0,r.-3.1.0,r.-3.1.0,r.-3.1.0,r.-3.1.0,r.-3.1.0,r.-3.1.0,r.-3.1.0,r.-3.1.0,r.-3.1.0,r.-3.1.0,r.-3.1.0,r.-3.1.0,r.-3.1.0,r.-3.1.0,r.-3.1.0,r.-3.1.0,r.-3.1.0,r.-3.1.0,r.-3.1.0,r.-3.1.0,r.-3.1.0,r.-3.1.0,r.-3.1.0,r.-3.1.0,r.-3.1.0,r.-3.1.0,r.-3.1.0,r.-3.1.0,r.-3.1.0,r.-3.1.0,r.-3.1.0,r.-3.1.0,r.-3.1.0,r.-3.1.0,r.-3.1.0,r.-3.1.0,r.-3.1.0,r.-3.1.0,r.-3.1.0,r.-3.1.0,r.-3.1.0,r.-3.1.0,r.-3.1.0,r.-3.1.0,r.-3.1.0,r.-3.1.0,r.-3.1.0,r.-3.1.0,r.-3.1.0,r.-3.1.0,r.-3.1.0,r.-3.1.0,r.-3.1.0,r.-3.1.0,r.-3.1.0,r.-3.1.0,r.-3.1.0,r.-3.1.0,r.-3.1.0,r.-3.1.0,r.-3.1.0,r.-3.1.0,r.-3.1.0,r.-3.1.0,r.-3.1.0,r.-3.1.0,r.-3.1.0,r.-3.1.0,r.-3.1.0,r.-3.1.0,r.-3.1.0,r.-3.1.0,r.-3.1.0,r.-3.1.0,r.-3.1.0,r.-3.1.0,r.-3.1.0,r.-3.1.0,r.-3.1.0,,,,,,,,,,,,,,,,
78,r.-3.1.0,r.-3.1.0,r.-3.1.0,r.-3.1.0,r.-3.1.0,r.-3.1.0,r.-3.1.0,r.-3.1.0,r.-3.1.0,r.-3.1.0,r.-3.1.0,r.-3.1.0,r.-3.1.0,r.-3.1.0,r.-3.1.0,r.-3.1.0,r.-3.1.0,r.-3.1.0,r.-3.1.0,r.-3.1.0,r.-3.1.0,r.-3.1.0,r.-3.1.0,r.-3.1.0,r.-3.1.0,r.-3.1.0,r.-3.1.0,r.-3.1.0,r.-3.1.0,r.-3.1.0,r.-3.1.0,r.-3.1.0,r.-3.1.0,r.-3.1.0,r.-3.1.0,r.-3.1.0,r.-3.1.0,r.-3.1.0,r.-3.1.0,r.-3.1.0,r.-3.1.0,r.-3.1.0,r.-3.1.0,r.-3.1.0,r.-3.1.0,r.-3.1.0,r.-3.1.0,r.-3.1.0,r.-3.1.0,r.-3.1.0,r.-3.1.0,r.-3.1.0,r.-3.1.0,r.-3.1.0,r.-3.1.0,r.-3.1.0,r.-3.1.0,r.-3.1.0,r.-3.1.0,r.-3.1.0,r.-3.1.0,r.-3.1.0,r.-3.1.0,r.-3.1.0,r.-3.1.0,r.-3.1.0,r.-3.1.0,r.-3.1.0,r.-3.1.0,r.-3.1.0,r.-3.1.0,r.-3.1.0,r.-3.1.0,r.-3.1.0,r.-3.1.0,r.-3.1.0,r.-3.1.0,r.-3.1.0,r.-3.1.0,r.-3.1.0,r.-3.1.0,r.-3.1.0,r.-3.1.0,r.-3.1.0,r.-3.1.0,r.-3.1.0,r.-3.1.0,r.-3.1.0,r.-3.1.0,r.-3.1.0,r.-3.1.0,r.-3.1.0,r.-3.1.0,r.-3.1.0,,,,,,,,,,,,,,,,
79,r.-3.1.0,r.-3.1.0,r.-3.1.0,r.-3.1.0,r.-3.1.0,r.-3.1.0,r.-3.1.0,r.-3.1.0,r.-3.1.0,r.-3.1.0,r.-3.1.0,r.-3.1.0,r.-3.1.0,r.-3.1.0,r.-3.1.0,r.-3.1.0,r.-3.1.0,r.-3.1.0,r.-3.1.0,r.-3.1.0,r.-3.1.0,r.-3.1.0,r.-3.1.0,r.-3.1.0,r.-3.1.0,r.-3.1.0,r.-3.1.0,r.-3.1.0,r.-3.1.0,r.-3.1.0,r.-3.1.0,r.-3.1.0,r.-3.1.0,r.-3.1.0,r.-3.1.0,r.-3.1.0,r.-3.1.0,r.-3.1.0,r.-3.1.0,r.-3.1.0,r.-3.1.0,r.-3.1.0,r.-3.1.0,r.-3.1.0,r.-3.1.0,r.-3.1.0,r.-3.1.0,r.-3.1.0,r.-3.1.0,r.-3.1.0,r.-3.1.0,r.-3.1.0,r.-3.1.0,r.-3.1.0,r.-3.1.0,r.-3.1.0,r.-3.1.0,r.-3.1.0,r.-3.1.0,r.-3.1.0,r.-3.1.0,r.-3.1.0,r.-3.1.0,r.-3.1.0,r.-3.1.0,r.-3.1.0,r.-3.1.0,r.-3.1.0,r.-3.1.0,r.-3.1.0,r.-3.1.0,r.-3.1.0,r.-3.1.0,r.-3.1.0,r.-3.1.0,r.-3.1.0,r.-3.1.0,r.-3.1.0,r.-3.1.0,r.-3.1.0,r.-3.1.0,r.-3.1.0,r.-3.1.0,r.-3.1.0,r.-3.1.0,r.-3.1.0,r.-3.1.0,r.-3.1.0,r.-3.1.0,r.-3.1.0,r.-3.1.0,r.-3.1.0,r.-3.1.0,r.-3.1.0,,,,,,,,,,,,,,,,
80,r.-3.1.0,r.-3.1.0,r.-3.1.0,r.-3.1.0,r.-3.1.0,r.-3.1.0,r.-3.1.0,r.-3.1.0,r.-3.1.0,r.-3.1.0,r.-3.1.0,r.-3.1.0,r.-3.1.0,r.-3.1.0,r.-3.1.0,r.-3.1.0,r.-3.1.0,r.-3.1.0,r.-3.1.0,r.-3.1.0,r.-3.1.0,r.-3.1.0,r.-3.1.0,r.-3.1.0,r.-3.1.0,r.-3.1.0,r.-3.1.0,r.-3.1.0,r.-3.1.0,r.-3.1.0,r.-3.1.0,r.-3.1.0,r.-3.1.0,r.-3.1.0,r.-3.1.0,r.-3.1.0,r.-3.1.0,r.-3.1.0,r.-3.1.0,r.-3.1.0,r.-3.1.0,r.-3.1.0,r.-3.1.0,r.-3.1.0,r.-3.1.0,r.-3.1.0,r.-3.1.0,r.-3.1.0,r.-3.1.0,r.-3.1.0,r.-3.1.0,r.-3.1.0,r.-3.1.0,r.-3.1.0,r.-3.1.0,r.-3.1.0,r.-3.1.0,r.-3.1.0,r.-3.1.0,r.-3.1.0,r.-3.1.0,r.-3.1.0,r.-3.1.0,r.-3.1.0,r.-3.1.0,r.-3.1.0,r.-3.1.0,r.-3.1.0,r.-3.1.0,r.-3.1.0,r.-3.1.0,r.-3.1.0,r.-3.1.0,r.-3.1.0,r.-3.1.0,r.-3.1.0,r.-3.1.0,r.-3.1.0,r.-3.1.0,r.-3.1.0,r.-3.1.0,r.-3.1.0,r.-3.1.0,r.-3.1.0,r.-3.1.0,r.-3.1.0,r.-3.1.0,r.-3.1.0,r.-3.1.0,r.-3.1.0,r.-3.1.0,r.-3.1.0,r.-3.1.0,r.-3.1.0,,,,,,,,,,,,,,,,
81,r.-3.1.0,r.-3.1.0,r.-3.1.0,r.-3.1.0,r.-3.1.0,r.-3.1.0,r.-3.1.0,r.-3.1.0,r.-3.1.0,r.-3.1.0,r.-3.1.0,r.-3.1.0,r.-3.1.0,r.-3.1.0,r.-3.1.0,r.-3.1.0,r.-3.1.0,r.-3.1.0,r.-3.1.0,r.-3.1.0,r.-3.1.0,r.-3.1.0,r.-3.1.0,r.-3.1.0,r.-3.1.0,r.-3.1.0,r.-3.1.0,r.-3.1.0,r.-3.1.0,r.-3.1.0,r.-3.1.0,r.-3.1.0,r.-3.1.0,r.-3.1.0,r.-3.1.0,r.-3.1.0,r.-3.1.0,r.-3.1.0,r.-3.1.0,r.-3.1.0,r.-3.1.0,r.-3.1.0,r.-3.1.0,r.-3.1.0,r.-3.1.0,r.-3.1.0,r.-3.1.0,r.-3.1.0,r.-3.1.0,r.-3.1.0,r.-3.1.0,r.-3.1.0,r.-3.1.0,r.-3.1.0,r.-3.1.0,r.-3.1.0,r.-3.1.0,r.-3.1.0,r.-3.1.0,r.-3.1.0,r.-3.1.0,r.-3.1.0,r.-3.1.0,r.-3.1.0,r.-3.1.0,r.-3.1.0,r.-3.1.0,r.-3.1.0,r.-3.1.0,r.-3.1.0,r.-3.1.0,r.-3.1.0,r.-3.1.0,r.-3.1.0,r.-3.1.0,r.-3.1.0,r.-3.1.0,r.-3.1.0,r.-3.1.0,r.-3.1.0,r.-3.1.0,r.-3.1.0,r.-3.1.0,r.-3.1.0,r.-3.1.0,r.-3.1.0,r.-3.1.0,r.-3.1.0,r.-3.1.0,r.-3.1.0,r.-3.1.0,r.-3.1.0,r.-3.1.0,r.-3.1.0,,,,,,,,,,,,,,,,
82,r.-3.1.0,r.-3.1.0,r.-3.1.0,r.-3.1.0,r.-3.1.0,r.-3.1.0,r.-3.1.0,r.-3.1.0,r.-3.1.0,r.-3.1.0,r.-3.1.0,r.-3.1.0,r.-3.1.0,r.-3.1.0,r.-3.1.0,r.-3.1.0,r.-3.1.0,r.-3.1.0,r.-3.1.0,r.-3.1.0,r.-3.1.0,r.-3.1.0,r.-3.1.0,r.-3.1.0,r.-3.1.0,r.-3.1.0,r.-3.1.0,r.-3.1.0,r.-3.1.0,r.-3.1.0,r.-3.1.0,r.-3.1.0,r.-3.1.0,r.-3.1.0,r.-3.1.0,r.-3.1.0,r.-3.1.0,r.-3.1.0,r.-3.1.0,r.-3.1.0,r.-3.1.0,r.-3.1.0,r.-3.1.0,r.-3.1.0,r.-3.1.0,r.-3.1.0,r.-3.1.0,r.-3.1.0,r.-3.1.0,r.-3.1.0,r.-3.1.0,r.-3.1.0,r.-3.1.0,r.-3.1.0,r.-3.1.0,r.-3.1.0,r.-3.1.0,r.-3.1.0,r.-3.1.0,r.-3.1.0,r.-3.1.0,r.-3.1.0,r.-3.1.0,r.-3.1.0,r.-3.1.0,r.-3.1.0,r.-3.1.0,r.-3.1.0,r.-3.1.0,r.-3.1.0,r.-3.1.0,r.-3.1.0,r.-3.1.0,r.-3.1.0,r.-3.1.0,r.-3.1.0,r.-3.1.0,r.-3.1.0,r.-3.1.0,r.-3.1.0,r.-3.1.0,r.-3.1.0,r.-3.1.0,r.-3.1.0,r.-3.1.0,r.-3.1.0,r.-3.1.0,r.-3.1.0,r.-3.1.0,r.-3.1.0,r.-3.1.0,r.-3.1.0,r.-3.1.0,r.-3.1.0,,,,,,,,,,,,,,,,
83,r.-3.1.0,r.-3.1.0,r.-3.1.0,r.-3.1.0,r.-3.1.0,r.-3.1.0,r.-3.1.0,r.-3.1.0,r.-3.1.0,r.-3.1.0,r.-3.1.0,r.-3.1.0,r.-3.1.0,r.-3.1.0,r.-3.1.0,r.-3.1.0,r.-3.1.0,r.-3.1.0,r.-3.1.0,r.-3.1.0,r.-3.1.0,r.-3.1.0,r.-3.1.0,r.-3.1.0,r.-3.1.0,r.-3.1.0,r.-3.1.0,r.-3.1.0,r.-3.1.0,r.-3.1.0,r.-3.1.0,r.-3.1.0,r.-3.1.0,r.-3.1.0,r.-3.1.0,r.-3.1.0,r.-3.1.0,r.-3.1.0,r.-3.1.0,r.-3.1.0,r.-3.1.0,r.-3.1.0,r.-3.1.0,r.-3.1.0,r.-3.1.0,r.-3.1.0,r.-3.1.0,r.-3.1.0,r.-3.1.0,r.-3.1.0,r.-3.1.0,r.-3.1.0,r.-3.1.0,r.-3.1.0,r.-3.1.0,r.-3.1.0,r.-3.1.0,r.-3.1.0,r.-3.1.0,r.-3.1.0,r.-3.1.0,r.-3.1.0,r.-3.1.0,r.-3.1.0,r.-3.1.0,r.-3.1.0,r.-3.1.0,r.-3.1.0,r.-3.1.0,r.-3.1.0,r.-3.1.0,r.-3.1.0,r.-3.1.0,r.-3.1.0,r.-3.1.0,r.-3.1.0,r.-3.1.0,r.-3.1.0,r.-3.1.0,r.-3.1.0,r.-3.1.0,r.-3.1.0,r.-3.1.0,r.-3.1.0,r.-3.1.0,r.-3.1.0,r.-3.1.0,r.-3.1.0,r.-3.1.0,r.-3.1.0,r.-3.1.0,r.-3.1.0,r.-3.1.0,r.-3.1.0,,,,,,,,,,,,,,,,
84,r.-3.1.0,r.-3.1.0,r.-3.1.0,r.-3.1.0,r.-3.1.0,r.-3.1.0,r.-3.1.0,r.-3.1.0,r.-3.1.0,r.-3.1.0,r.-3.1.0,r.-3.1.0,r.-3.1.0,r.-3.1.0,r.-3.1.0,r.-3.1.0,r.-3.1.0,r.-3.1.0,r.-3.1.0,r.-3.1.0,r.-3.1.0,r.-3.1.0,r.-3.1.0,r.-3.1.0,r.-3.1.0,r.-3.1.0,r.-3.1.0,r.-3.1.0,r.-3.1.0,r.-3.1.0,r.-3.1.0,r.-3.1.0,r.-3.1.0,r.-3.1.0,r.-3.1.0,r.-3.1.0,r.-3.1.0,r.-3.1.0,r.-3.1.0,r.-3.1.0,r.-3.1.0,r.-3.1.0,r.-3.1.0,r.-3.1.0,r.-3.1.0,r.-3.1.0,r.-3.1.0,r.-3.1.0,r.-3.1.0,r.-3.1.0,r.-3.1.0,r.-3.1.0,r.-3.1.0,r.-3.1.0,r.-3.1.0,r.-3.1.0,r.-3.1.0,r.-3.1.0,r.-3.1.0,r.-3.1.0,r.-3.1.0,r.-3.1.0,r.-3.1.0,r.-3.1.0,r.-3.1.0,r.-3.1.0,r.-3.1.0,r.-3.1.0,r.-3.1.0,r.-3.1.0,r.-3.1.0,r.-3.1.0,r.-3.1.0,r.-3.1.0,r.-3.1.0,r.-3.1.0,r.-3.1.0,r.-3.1.0,r.-3.1.0,r.-3.1.0,r.-3.1.0,r.-3.1.0,r.-3.1.0,r.-3.1.0,r.-3.1.0,r.-3.1.0,r.-3.1.0,r.-3.1.0,r.-3.1.0,r.-3.1.0,r.-3.1.0,r.-3.1.0,r.-3.1.0,r.-3.1.0,,,,,,,,,,,,,,,,
85,r.-3.1.0,r.-3.1.0,r.-3.1.0,r.-3.1.0,r.-3.1.0,r.-3.1.0,r.-3.1.0,r.-3.1.0,r.-3.1.0,r.-3.1.0,r.-3.1.0,r.-3.1.0,r.-3.1.0,r.-3.1.0,r.-3.1.0,r.-3.1.0,r.-3.1.0,r.-3.1.0,r.-3.1.0,r.-3.1.0,r.-3.1.0,r.-3.1.0,r.-3.1.0,r.-3.1.0,r.-3.1.0,r.-3.1.0,r.-3.1.0,r.-3.1.0,r.-3.1.0,r.-3.1.0,r.-3.1.0,r.-3.1.0,r.-3.1.0,r.-3.1.0,r.-3.1.0,r.-3.1.0,r.-3.1.0,r.-3.1.0,r.-3.1.0,r.-3.1.0,r.-3.1.0,r.-3.1.0,r.-3.1.0,r.-3.1.0,r.-3.1.0,r.-3.1.0,r.-3.1.0,r.-3.1.0,r.-3.1.0,r.-3.1.0,r.-3.1.0,r.-3.1.0,r.-3.1.0,r.-3.1.0,r.-3.1.0,r.-3.1.0,r.-3.1.0,r.-3.1.0,r.-3.1.0,r.-3.1.0,r.-3.1.0,r.-3.1.0,r.-3.1.0,r.-3.1.0,r.-3.1.0,r.-3.1.0,r.-3.1.0,r.-3.1.0,r.-3.1.0,r.-3.1.0,r.-3.1.0,r.-3.1.0,r.-3.1.0,r.-3.1.0,r.-3.1.0,r.-3.1.0,r.-3.1.0,r.-3.1.0,r.-3.1.0,r.-3.1.0,r.-3.1.0,r.-3.1.0,r.-3.1.0,r.-3.1.0,r.-3.1.0,r.-3.1.0,r.-3.1.0,r.-3.1.0,r.-3.1.0,r.-3.1.0,r.-3.1.0,r.-3.1.0,r.-3.1.0,r.-3.1.0,,,,,,,,,,,,,,,,
86,r.-3.1.0,r.-3.1.0,r.-3.1.0,r.-3.1.0,r.-3.1.0,r.-3.1.0,r.-3.1.0,r.-3.1.0,r.-3.1.0,r.-3.1.0,r.-3.1.0,r.-3.1.0,r.-3.1.0,r.-3.1.0,r.-3.1.0,r.-3.1.0,r.-3.1.0,r.-3.1.0,r.-3.1.0,r.-3.1.0,r.-3.1.0,r.-3.1.0,r.-3.1.0,r.-3.1.0,r.-3.1.0,r.-3.1.0,r.-3.1.0,r.-3.1.0,r.-3.1.0,r.-3.1.0,r.-3.1.0,r.-3.1.0,r.-3.1.0,r.-3.1.0,r.-3.1.0,r.-3.1.0,r.-3.1.0,r.-3.1.0,r.-3.1.0,r.-3.1.0,r.-3.1.0,r.-3.1.0,r.-3.1.0,r.-3.1.0,r.-3.1.0,r.-3.1.0,r.-3.1.0,r.-3.1.0,r.-3.1.0,r.-3.1.0,r.-3.1.0,r.-3.1.0,r.-3.1.0,r.-3.1.0,r.-3.1.0,r.-3.1.0,r.-3.1.0,r.-3.1.0,r.-3.1.0,r.-3.1.0,r.-3.1.0,r.-3.1.0,r.-3.1.0,r.-3.1.0,r.-3.1.0,r.-3.1.0,r.-3.1.0,r.-3.1.0,r.-3.1.0,r.-3.1.0,r.-3.1.0,r.-3.1.0,r.-3.1.0,r.-3.1.0,r.-3.1.0,r.-3.1.0,r.-3.1.0,r.-3.1.0,r.-3.1.0,r.-3.1.0,r.-3.1.0,r.-3.1.0,r.-3.1.0,r.-3.1.0,r.-3.1.0,r.-3.1.0,r.-3.1.0,r.-3.1.0,r.-3.1.0,r.-3.1.0,r.-3.1.0,r.-3.1.0,r.-3.1.0,r.-3.1.0,,,,,,,,,,,,,,,,
87,r.-3.1.0,r.-3.1.0,r.-3.1.0,r.-3.1.0,r.-3.1.0,r.-3.1.0,r.-3.1.0,r.-3.1.0,r.-3.1.0,r.-3.1.0,r.-3.1.0,r.-3.1.0,r.-3.1.0,r.-3.1.0,r.-3.1.0,r.-3.1.0,r.-3.1.0,r.-3.1.0,r.-3.1.0,r.-3.1.0,r.-3.1.0,r.-3.1.0,r.-3.1.0,r.-3.1.0,r.-3.1.0,r.-3.1.0,r.-3.1.0,r.-3.1.0,r.-3.1.0,r.-3.1.0,r.-3.1.0,r.-3.1.0,r.-3.1.0,r.-3.1.0,r.-3.1.0,r.-3.1.0,r.-3.1.0,r.-3.1.0,r.-3.1.0,r.-3.1.0,r.-3.1.0,r.-3.1.0,r.-3.1.0,r.-3.1.0,r.-3.1.0,r.-3.1.0,r.-3.1.0,r.-3.1.0,r.-3.1.0,r.-3.1.0,r.-3.1.0,r.-3.1.0,r.-3.1.0,r.-3.1.0,r.-3.1.0,r.-3.1.0,r.-3.1.0,r.-3.1.0,r.-3.1.0,r.-3.1.0,r.-3.1.0,r.-3.1.0,r.-3.1.0,r.-3.1.0,r.-3.1.0,r.-3.1.0,r.-3.1.0,r.-3.1.0,r.-3.1.0,r.-3.1.0,r.-3.1.0,r.-3.1.0,r.-3.1.0,r.-3.1.0,r.-3.1.0,r.-3.1.0,r.-3.1.0,r.-3.1.0,r.-3.1.0,r.-3.1.0,r.-3.1.0,r.-3.1.0,r.-3.1.0,r.-3.1.0,r.-3.1.0,r.-3.1.0,r.-3.1.0,r.-3.1.0,r.-3.1.0,r.-3.1.0,r.-3.1.0,r.-3.1.0,r.-3.1.0,r.-3.1.0,,,,,,,,,,,,,,,,
88,r.-3.1.0,r.-3.1.0,r.-3.1.0,r.-3.1.0,r.-3.1.0,r.-3.1.0,r.-3.1.0,r.-3.1.0,r.-3.1.0,r.-3.1.0,r.-3.1.0,r.-3.1.0,r.-3.1.0,r.-3.1.0,r.-3.1.0,r.-3.1.0,r.-3.1.0,r.-3.1.0,r.-3.1.0,r.-3.1.0,r.-3.1.0,r.-3.1.0,r.-3.1.0,r.-3.1.0,r.-3.1.0,r.-3.1.0,r.-3.1.0,r.-3.1.0,r.-3.1.0,r.-3.1.0,r.-3.1.0,r.-3.1.0,r.-3.1.0,r.-3.1.0,r.-3.1.0,r.-3.1.0,r.-3.1.0,r.-3.1.0,r.-3.1.0,r.-3.1.0,r.-3.1.0,r.-3.1.0,r.-3.1.0,r.-3.1.0,r.-3.1.0,r.-3.1.0,r.-3.1.0,r.-3.1.0,r.-3.1.0,r.-3.1.0,r.-3.1.0,r.-3.1.0,r.-3.1.0,r.-3.1.0,r.-3.1.0,r.-3.1.0,r.-3.1.0,r.-3.1.0,r.-3.1.0,r.-3.1.0,r.-3.1.0,r.-3.1.0,r.-3.1.0,r.-3.1.0,r.-3.1.0,r.-3.1.0,r.-3.1.0,r.-3.1.0,r.-3.1.0,r.-3.1.0,r.-3.1.0,r.-3.1.0,r.-3.1.0,r.-3.1.0,r.-3.1.0,r.-3.1.0,r.-3.1.0,r.-3.1.0,r.-3.1.0,r.-3.1.0,r.-3.1.0,r.-3.1.0,r.-3.1.0,r.-3.1.0,r.-3.1.0,r.-3.1.0,r.-3.1.0,r.-3.1.0,r.-3.1.0,r.-3.1.0,r.-3.1.0,r.-3.1.0,r.-3.1.0,r.-3.1.0,,,,,,,,,,,,,,,,
89,r.-3.1.0,r.-3.1.0,r.-3.1.0,r.-3.1.0,r.-3.1.0,r.-3.1.0,r.-3.1.0,r.-3.1.0,r.-3.1.0,r.-3.1.0,r.-3.1.0,r.-3.1.0,r.-3.1.0,r.-3.1.0,r.-3.1.0,r.-3.1.0,r.-3.1.0,r.-3.1.0,r.-3.1.0,r.-3.1.0,r.-3.1.0,r.-3.1.0,r.-3.1.0,r.-3.1.0,r.-3.1.0,r.-3.1.0,r.-3.1.0,r.-3.1.0,r.-3.1.0,r.-3.1.0,r.-3.1.0,r.-3.1.0,r.-3.1.0,r.-3.1.0,r.-3.1.0,r.-3.1.0,r.-3.1.0,r.-3.1.0,r.-3.1.0,r.-3.1.0,r.-3.1.0,r.-3.1.0,r.-3.1.0,r.-3.1.0,r.-3.1.0,r.-3.1.0,r.-3.1.0,r.-3.1.0,r.-3.1.0,r.-3.1.0,r.-3.1.0,r.-3.1.0,r.-3.1.0,r.-3.1.0,r.-3.1.0,r.-3.1.0,r.-3.1.0,r.-3.1.0,r.-3.1.0,r.-3.1.0,r.-3.1.0,r.-3.1.0,r.-3.1.0,r.-3.1.0,r.-3.1.0,r.-3.1.0,r.-3.1.0,r.-3.1.0,r.-3.1.0,r.-3.1.0,r.-3.1.0,r.-3.1.0,r.-3.1.0,r.-3.1.0,r.-3.1.0,r.-3.1.0,r.-3.1.0,r.-3.1.0,r.-3.1.0,r.-3.1.0,r.-3.1.0,r.-3.1.0,r.-3.1.0,r.-3.1.0,r.-3.1.0,r.-3.1.0,r.-3.1.0,r.-3.1.0,r.-3.1.0,r.-3.1.0,r.-3.1.0,r.-3.1.0,r.-3.1.0,r.-3.1.0,,,,,,,,,,,,,,,,
90,r.-3.1.0,r.-3.1.0,r.-3.1.0,r.-3.1.0,r.-3.1.0,r.-3.1.0,r.-3.1.0,r.-3.1.0,r.-3.1.0,r.-3.1.0,r.-3.1.0,r.-3.1.0,r.-3.1.0,r.-3.1.0,r.-3.1.0,r.-3.1.0,r.-3.1.0,r.-3.1.0,r.-3.1.0,r.-3.1.0,r.-3.1.0,r.-3.1.0,r.-3.1.0,r.-3.1.0,r.-3.1.0,r.-3.1.0,r.-3.1.0,r.-3.1.0,r.-3.1.0,r.-3.1.0,r.-3.1.0,r.-3.1.0,r.-3.1.0,r.-3.1.0,r.-3.1.0,r.-3.1.0,r.-3.1.0,r.-3.1.0,r.-3.1.0,r.-3.1.0,r.-3.1.0,r.-3.1.0,r.-3.1.0,r.-3.1.0,r.-3.1.0,r.-3.1.0,r.-3.1.0,r.-3.1.0,r.-3.1.0,r.-3.1.0,r.-3.1.0,r.-3.1.0,r.-3.1.0,r.-3.1.0,r.-3.1.0,r.-3.1.0,r.-3.1.0,r.-3.1.0,r.-3.1.0,r.-3.1.0,r.-3.1.0,r.-3.1.0,r.-3.1.0,r.-3.1.0,r.-3.1.0,r.-3.1.0,r.-3.1.0,r.-3.1.0,r.-3.1.0,r.-3.1.0,r.-3.1.0,r.-3.1.0,r.-3.1.0,r.-3.1.0,r.-3.1.0,r.-3.1.0,r.-3.1.0,r.-3.1.0,r.-3.1.0,r.-3.1.0,r.-3.1.0,r.-3.1.0,r.-3.1.0,r.-3.1.0,r.-3.1.0,r.-3.1.0,r.-3.1.0,r.-3.1.0,r.-3.1.0,r.-3.1.0,r.-3.1.0,r.-3.1.0,r.-3.1.0,r.-3.1.0,,,,,,,,,,,,,,,,
91,r.-3.1.0,r.-3.1.0,r.-3.1.0,r.-3.1.0,r.-3.1.0,r.-3.1.0,r.-3.1.0,r.-3.1.0,r.-3.1.0,r.-3.1.0,r.-3.1.0,r.-3.1.0,r.-3.1.0,r.-3.1.0,r.-3.1.0,r.-3.1.0,r.-3.1.0,r.-3.1.0,r.-3.1.0,r.-3.1.0,r.-3.1.0,r.-3.1.0,r.-3.1.0,r.-3.1.0,r.-3.1.0,r.-3.1.0,r.-3.1.0,r.-3.1.0,r.-3.1.0,r.-3.1.0,r.-3.1.0,r.-3.1.0,r.-3.1.0,r.-3.1.0,r.-3.1.0,r.-3.1.0,r.-3.1.0,r.-3.1.0,r.-3.1.0,r.-3.1.0,r.-3.1.0,r.-3.1.0,r.-3.1.0,r.-3.1.0,r.-3.1.0,r.-3.1.0,r.-3.1.0,r.-3.1.0,r.-3.1.0,r.-3.1.0,r.-3.1.0,r.-3.1.0,r.-3.1.0,r.-3.1.0,r.-3.1.0,r.-3.1.0,r.-3.1.0,r.-3.1.0,r.-3.1.0,r.-3.1.0,r.-3.1.0,r.-3.1.0,r.-3.1.0,r.-3.1.0,r.-3.1.0,r.-3.1.0,r.-3.1.0,r.-3.1.0,r.-3.1.0,r.-3.1.0,r.-3.1.0,r.-3.1.0,r.-3.1.0,r.-3.1.0,r.-3.1.0,r.-3.1.0,r.-3.1.0,r.-3.1.0,r.-3.1.0,r.-3.1.0,r.-3.1.0,r.-3.1.0,r.-3.1.0,r.-3.1.0,r.-3.1.0,r.-3.1.0,r.-3.1.0,r.-3.1.0,r.-3.1.0,r.-3.1.0,r.-3.1.0,r.-3.1.0,r.-3.1.0,r.-3.1.0,,,,,,,,,,,,,,,,
92,r.-3.1.0,r.-3.1.0,r.-3.1.0,r.-3.1.0,r.-3.1.0,r.-3.1.0,r.-3.1.0,r.-3.1.0,r.-3.1.0,r.-3.1.0,r.-3.1.0,r.-3.1.0,r.-3.1.0,r.-3.1.0,r.-3.1.0,r.-3.1.0,r.-3.1.0,r.-3.1.0,r.-3.1.0,r.-3.1.0,r.-3.1.0,r.-3.1.0,r.-3.1.0,r.-3.1.0,r.-3.1.0,r.-3.1.0,r.-3.1.0,r.-3.1.0,r.-3.1.0,r.-3.1.0,r.-3.1.0,r.-3.1.0,r.-3.1.0,r.-3.1.0,r.-3.1.0,r.-3.1.0,r.-3.1.0,r.-3.1.0,r.-3.1.0,r.-3.1.0,r.-3.1.0,r.-3.1.0,r.-3.1.0,r.-3.1.0,r.-3.1.0,r.-3.1.0,r.-3.1.0,r.-3.1.0,r.-3.1.0,r.-3.1.0,r.-3.1.0,r.-3.1.0,r.-3.1.0,r.-3.1.0,r.-3.1.0,r.-3.1.0,r.-3.1.0,r.-3.1.0,r.-3.1.0,r.-3.1.0,r.-3.1.0,r.-3.1.0,r.-3.1.0,r.-3.1.0,r.-3.1.0,r.-3.1.0,r.-3.1.0,r.-3.1.0,r.-3.1.0,r.-3.1.0,r.-3.1.0,r.-3.1.0,r.-3.1.0,r.-3.1.0,r.-3.1.0,r.-3.1.0,r.-3.1.0,r.-3.1.0,r.-3.1.0,r.-3.1.0,r.-3.1.0,r.-3.1.0,r.-3.1.0,r.-3.1.0,r.-3.1.0,r.-3.1.0,r.-3.1.0,r.-3.1.0,r.-3.1.0,r.-3.1.0,r.-3.1.0,r.-3.1.0,r.-3.1.0,r.-3.1.0,,,,,,,,,,,,,,,,
93,r.-3.1.0,r.-3.1.0,r.-3.1.0,r.-3.1.0,r.-3.1.0,r.-3.1.0,r.-3.1.0,r.-3.1.0,r.-3.1.0,r.-3.1.0,r.-3.1.0,r.-3.1.0,r.-3.1.0,r.-3.1.0,r.-3.1.0,r.-3.1.0,r.-3.1.0,r.-3.1.0,r.-3.1.0,r.-3.1.0,r.-3.1.0,r.-3.1.0,r.-3.1.0,r.-3.1.0,r.-3.1.0,r.-3.1.0,r.-3.1.0,r.-3.1.0,r.-3.1.0,r.-3.1.0,r.-3.1.0,r.-3.1.0,r.-3.1.0,r.-3.1.0,r.-3.1.0,r.-3.1.0,r.-3.1.0,r.-3.1.0,r.-3.1.0,r.-3.1.0,r.-3.1.0,r.-3.1.0,r.-3.1.0,r.-3.1.0,r.-3.1.0,r.-3.1.0,r.-3.1.0,r.-3.1.0,r.-3.1.0,r.-3.1.0,r.-3.1.0,r.-3.1.0,r.-3.1.0,r.-3.1.0,r.-3.1.0,r.-3.1.0,r.-3.1.0,r.-3.1.0,r.-3.1.0,r.-3.1.0,r.-3.1.0,r.-3.1.0,r.-3.1.0,r.-3.1.0,r.-3.1.0,r.-3.1.0,r.-3.1.0,r.-3.1.0,r.-3.1.0,r.-3.1.0,r.-3.1.0,r.-3.1.0,r.-3.1.0,r.-3.1.0,r.-3.1.0,r.-3.1.0,r.-3.1.0,r.-3.1.0,r.-3.1.0,r.-3.1.0,r.-3.1.0,r.-3.1.0,r.-3.1.0,r.-3.1.0,r.-3.1.0,r.-3.1.0,r.-3.1.0,r.-3.1.0,r.-3.1.0,r.-3.1.0,r.-3.1.0,r.-3.1.0,r.-3.1.0,r.-3.1.0,,,,,,,,,,,,,,,,
94,r.-3.1.0,r.-3.1.0,r.-3.1.0,r.-3.1.0,r.-3.1.0,r.-3.1.0,r.-3.1.0,r.-3.1.0,r.-3.1.0,r.-3.1.0,r.-3.1.0,r.-3.1.0,r.-3.1.0,r.-3.1.0,r.-3.1.0,r.-3.1.0,r.-3.1.0,r.-3.1.0,r.-3.1.0,r.-3.1.0,r.-3.1.0,r.-3.1.0,r.-3.1.0,r.-3.1.0,r.-3.1.0,r.-3.1.0,r.-3.1.0,r.-3.1.0,r.-3.1.0,r.-3.1.0,r.-3.1.0,r.-3.1.0,r.-3.1.0,r.-3.1.0,r.-3.1.0,r.-3.1.0,r.-3.1.0,r.-3.1.0,r.-3.1.0,r.-3.1.0,r.-3.1.0,r.-3.1.0,r.-3.1.0,r.-3.1.0,r.-3.1.0,r.-3.1.0,r.-3.1.0,r.-3.1.0,r.-3.1.0,r.-3.1.0,r.-3.1.0,r.-3.1.0,r.-3.1.0,r.-3.1.0,r.-3.1.0,r.-3.1.0,r.-3.1.0,r.-3.1.0,r.-3.1.0,r.-3.1.0,r.-3.1.0,r.-3.1.0,r.-3.1.0,r.-3.1.0,r.-3.1.0,r.-3.1.0,r.-3.1.0,r.-3.1.0,r.-3.1.0,r.-3.1.0,r.-3.1.0,r.-3.1.0,r.-3.1.0,r.-3.1.0,r.-3.1.0,r.-3.1.0,r.-3.1.0,r.-3.1.0,r.-3.1.0,r.-3.1.0,r.-3.1.0,r.-3.1.0,r.-3.1.0,r.-3.1.0,r.-3.1.0,r.-3.1.0,r.-3.1.0,r.-3.1.0,r.-3.1.0,r.-3.1.0,r.-3.1.0,r.-3.1.0,r.-3.1.0,r.-3.1.0,,,,,,,,,,,,,,,,
95,r.-3.1.0,r.-3.1.0,r.-3.1.0,r.-3.1.0,r.-3.1.0,r.-3.1.0,r.-3.1.0,r.-3.1.0,r.-3.1.0,r.-3.1.0,r.-3.1.0,r.-3.1.0,r.-3.1.0,r.-3.1.0,r.-3.1.0,r.-3.1.0,r.-3.1.0,r.-3.1.0,r.-3.1.0,r.-3.1.0,r.-3.1.0,r.-3.1.0,r.-3.1.0,r.-3.1.0,r.-3.1.0,r.-3.1.0,r.-3.1.0,r.-3.1.0,r.-3.1.0,r.-3.1.0,r.-3.1.0,r.-3.1.0,r.-3.1.0,r.-3.1.0,r.-3.1.0,r.-3.1.0,r.-3.1.0,r.-3.1.0,r.-3.1.0,r.-3.1.0,r.-3.1.0,r.-3.1.0,r.-3.1.0,r.-3.1.0,r.-3.1.0,r.-3.1.0,r.-3.1.0,r.-3.1.0,r.-3.1.0,r.-3.1.0,r.-3.1.0,r.-3.1.0,r.-3.1.0,r.-3.1.0,r.-3.1.0,r.-3.1.0,r.-3.1.0,r.-3.1.0,r.-3.1.0,r.-3.1.0,r.-3.1.0,r.-3.1.0,r.-3.1.0,r.-3.1.0,r.-3.1.0,r.-3.1.0,r.-3.1.0,r.-3.1.0,r.-3.1.0,r.-3.1.0,r.-3.1.0,r.-3.1.0,r.-3.1.0,r.-3.1.0,r.-3.1.0,r.-3.1.0,r.-3.1.0,r.-3.1.0,r.-3.1.0,r.-3.1.0,r.-3.1.0,r.-3.1.0,r.-3.1.0,r.-3.1.0,r.-3.1.0,r.-3.1.0,r.-3.1.0,r.-3.1.0,r.-3.1.0,r.-3.1.0,r.-3.1.0,r.-3.1.0,r.-3.1.0,r.-3.1.0,,,,,,,,,,,,,,,,
96,r.-3.1.0,r.-3.1.0,r.-3.1.0,r.-3.1.0,r.-3.1.0,r.-3.1.0,r.-3.1.0,r.-3.1.0,r.-3.1.0,r.-3.1.0,r.-3.1.0,r.-3.1.0,r.-3.1.0,r.-3.1.0,r.-3.1.0,r.-3.1.0,r.-3.1.0,r.-3.1.0,r.-3.1.0,r.-3.1.0,r.-3.1.0,r.-3.1.0,r.-3.1.0,r.-3.1.0,r.-3.1.0,r.-3.1.0,r.-3.1.0,r.-3.1.0,r.-3.1.0,r.-3.1.0,r.-3.1.0,r.-3.1.0,r.-3.1.0,r.-3.1.0,r.-3.1.0,r.-3.1.0,r.-3.1.0,r.-3.1.0,r.-3.1.0,r.-3.1.0,r.-3.1.0,r.-3.1.0,r.-3.1.0,r.-3.1.0,r.-3.1.0,r.-3.1.0,r.-3.1.0,r.-3.1.0,r.-3.1.0,r.-3.1.0,r.-3.1.0,r.-3.1.0,r.-3.1.0,r.-3.1.0,r.-3.1.0,r.-3.1.0,r.-3.1.0,r.-3.1.0,r.-3.1.0,r.-3.1.0,r.-3.1.0,r.-3.1.0,r.-3.1.0,r.-3.1.0,r.-3.1.0,r.-3.1.0,r.-3.1.0,r.-3.1.0,r.-3.1.0,r.-3.1.0,r.-3.1.0,r.-3.1.0,r.-3.1.0,r.-3.1.0,r.-3.1.0,r.-3.1.0,r.-3.1.0,r.-3.1.0,r.-3.1.0,r.-3.1.0,r.-3.1.0,r.-3.1.0,r.-3.1.0,r.-3.1.0,r.-3.1.0,r.-3.1.0,r.-3.1.0,r.-3.1.0,r.-3.1.0,r.-3.1.0,r.-3.1.0,r.-3.1.0,r.-3.1.0,r.-3.1.0,,,,,,,,,,,,,,,,
97,r.-3.1.0,r.-3.1.0,r.-3.1.0,r.-3.1.0,r.-3.1.0,r.-3.1.0,r.-3.1.0,r.-3.1.0,r.-3.1.0,r.-3.1.0,r.-3.1.0,r.-3.1.0,r.-3.1.0,r.-3.1.0,r.-3.1.0,r.-3.1.0,r.-3.1.0,r.-3.1.0,r.-3.1.0,r.-3.1.0,r.-3.1.0,r.-3.1.0,r.-3.1.0,r.-3.1.0,r.-3.1.0,r.-3.1.0,r.-3.1.0,r.-3.1.0,r.-3.1.0,r.-3.1.0,r.-3.1.0,r.-3.1.0,r.-3.1.0,r.-3.1.0,r.-3.1.0,r.-3.1.0,r.-3.1.0,r.-3.1.0,r.-3.1.0,r.-3.1.0,r.-3.1.0,r.-3.1.0,r.-3.1.0,r.-3.1.0,r.-3.1.0,r.-3.1.0,r.-3.1.0,r.-3.1.0,r.-3.1.0,r.-3.1.0,r.-3.1.0,r.-3.1.0,r.-3.1.0,r.-3.1.0,r.-3.1.0,r.-3.1.0,r.-3.1.0,r.-3.1.0,r.-3.1.0,r.-3.1.0,r.-3.1.0,r.-3.1.0,r.-3.1.0,r.-3.1.0,r.-3.1.0,r.-3.1.0,r.-3.1.0,r.-3.1.0,r.-3.1.0,r.-3.1.0,r.-3.1.0,r.-3.1.0,r.-3.1.0,r.-3.1.0,r.-3.1.0,r.-3.1.0,r.-3.1.0,r.-3.1.0,r.-3.1.0,r.-3.1.0,r.-3.1.0,r.-3.1.0,r.-3.1.0,r.-3.1.0,r.-3.1.0,r.-3.1.0,r.-3.1.0,r.-3.1.0,r.-3.1.0,r.-3.1.0,r.-3.1.0,r.-3.1.0,r.-3.1.0,r.-3.1.0,,,,,,,,,,,,,,,,
98,r.-3.1.0,r.-3.1.0,r.-3.1.0,r.-3.1.0,r.-3.1.0,r.-3.1.0,r.-3.1.0,r.-3.1.0,r.-3.1.0,r.-3.1.0,r.-3.1.0,r.-3.1.0,r.-3.1.0,r.-3.1.0,r.-3.1.0,r.-3.1.0,r.-3.1.0,r.-3.1.0,r.-3.1.0,r.-3.1.0,r.-3.1.0,r.-3.1.0,r.-3.1.0,r.-3.1.0,r.-3.1.0,r.-3.1.0,r.-3.1.0,r.-3.1.0,r.-3.1.0,r.-3.1.0,r.-3.1.0,r.-3.1.0,r.-3.1.0,r.-3.1.0,r.-3.1.0,r.-3.1.0,r.-3.1.0,r.-3.1.0,r.-3.1.0,r.-3.1.0,r.-3.1.0,r.-3.1.0,r.-3.1.0,r.-3.1.0,r.-3.1.0,r.-3.1.0,r.-3.1.0,r.-3.1.0,r.-3.1.0,r.-3.1.0,r.-3.1.0,r.-3.1.0,r.-3.1.0,r.-3.1.0,r.-3.1.0,r.-3.1.0,r.-3.1.0,r.-3.1.0,r.-3.1.0,r.-3.1.0,r.-3.1.0,r.-3.1.0,r.-3.1.0,r.-3.1.0,r.-3.1.0,r.-3.1.0,r.-3.1.0,r.-3.1.0,r.-3.1.0,r.-3.1.0,r.-3.1.0,r.-3.1.0,r.-3.1.0,r.-3.1.0,r.-3.1.0,r.-3.1.0,r.-3.1.0,r.-3.1.0,r.-3.1.0,r.-3.1.0,r.-3.1.0,r.-3.1.0,r.-3.1.0,r.-3.1.0,r.-3.1.0,r.-3.1.0,r.-3.1.0,r.-3.1.0,r.-3.1.0,r.-3.1.0,r.-3.1.0,r.-3.1.0,r.-3.1.0,r.-3.1.0,,,,,,,,,,,,,,,,
99,r.-3.1.0,r.-3.1.0,r.-3.1.0,r.-3.1.0,r.-3.1.0,r.-3.1.0,r.-3.1.0,r.-3.1.0,r.-3.1.0,r.-3.1.0,r.-3.1.0,r.-3.1.0,r.-3.1.0,r.-3.1.0,r.-3.1.0,r.-3.1.0,r.-3.1.0,r.-3.1.0,r.-3.1.0,r.-3.1.0,r.-3.1.0,r.-3.1.0,r.-3.1.0,r.-3.1.0,r.-3.1.0,r.-3.1.0,r.-3.1.0,r.-3.1.0,r.-3.1.0,r.-3.1.0,r.-3.1.0,r.-3.1.0,r.-3.1.0,r.-3.1.0,r.-3.1.0,r.-3.1.0,r.-3.1.0,r.-3.1.0,r.-3.1.0,r.-3.1.0,r.-3.1.0,r.-3.1.0,r.-3.1.0,r.-3.1.0,r.-3.1.0,r.-3.1.0,r.-3.1.0,r.-3.1.0,r.-3.1.0,r.-3.1.0,r.-3.1.0,r.-3.1.0,r.-3.1.0,r.-3.1.0,r.-3.1.0,r.-3.1.0,r.-3.1.0,r.-3.1.0,r.-3.1.0,r.-3.1.0,r.-3.1.0,r.-3.1.0,r.-3.1.0,r.-3.1.0,r.-3.1.0,r.-3.1.0,r.-3.1.0,r.-3.1.0,r.-3.1.0,r.-3.1.0,r.-3.1.0,r.-3.1.0,r.-3.1.0,r.-3.1.0,r.-3.1.0,r.-3.1.0,r.-3.1.0,r.-3.1.0,r.-3.1.0,r.-3.1.0,r.-3.1.0,r.-3.1.0,r.-3.1.0,r.-3.1.0,r.-3.1.0,r.-3.1.0,r.-3.1.0,r.-3.1.0,r.-3.1.0,r.-3.1.0,r.-3.1.0,r.-3.1.0,r.-3.1.0,r.-3.1.0,,,,,,,,,,,,,,,,
100,p.7,p.8,p.9,p.10,p.11,p.12,p.13,p.14,p.15,p.16,p.17,p.18,p.19,p.20,p.21,p.22,p.23,p.24,p.25,p.26,p.27,p.28,p.29,p.30,p.31,p.32,p.33,p.34,p.35,p.36,p.37,p.38,p.39,p.40,p.41,p.42,p.43,p.44,p.45,p.46,p.47,p.48,p.49,p.50,p.51,p.52,p.53,p.54,p.55,p.56,p.57,p.58,p.59,p.60,p.61,p.62,p.63,p.64,p.65,p.66,p.67,p.68,p.69,p.70,p.71,p.72,p.73,p.74,p.75,p.76,p.77,p.78,p.79,p.80,p.81,p.82,p.83,p.84,p.85,p.86,p.87,p.88,p.89,p.90,p.91,p.92,p.93,p.94,p.95,p.96,p.97,p.98,p.99,r.-5.0.8/r.-4.1.8,,,,p.100,p.291,p.292,,,,,,,,,,
101,,,,,,,,,,,,,,,,,,,,,,,,,,,,,,,,,,,,,,,,,,,,,,,,,,,,,,,,,,,,,,,,,,,,,,,,,,,,,,,,,,,,,,,,,,,,,,p.102,,,,,,,,,,,,,,,,
102,,,,,,,,,,,,,,,,,,,,,,,,,,,p.103,,,,,,,,,,,,,,,,,,,,,,,,,,,,,,,,,,,,,,,,,,,,,,,,,,,,,,,,,,,,,,,,,,,,,,,,,,,,,,,,,,,
103,,,,,,,,,,,,,,p.104,,,p.105,p.106,p.107,p.108,p.109,p.110,p.111,p.112,p.113,p.114,,,,,,,,,,,,,,,,,,,,,,,,,,,,,,,,,,p.115,,,,,,,,,p.116,,,,,,,,p.117,,,,,,p.118,,,,,,,p.119,,,,p.120,,,,,,,p.121,p.122,,,,,,,,p.123
104,,,,,,,,,,,,,,,,,p.105,p.106,p.107,p.108,p.109,p.110,p.111,p.112,p.113,p.114,,,,,,,,,,,,,,,,,,,,,,,,,,,,,,,,,,,,,,,,,,,,,,,,,,,,,,,,,,,,,,,,,,,,,,,,,,,p.121,p.288,,,,,,,,
105,,,,,,,,,,,,,r.-6.1.0,,r.-6.1.0,,r.-6.1.0,r.-6.1.0,r.-6.1.0,r.-6.1.0,r.-6.1.0,r.-6.1.0,r.-6.1.0,r.-6.1.0,r.-6.1.0,r.-6.1.0,,,,,,,,,,,,r.-6.1.0,,,,,,,,,,,,,,,,,,,,,,,,,,,,,,r.-6.1.0,,,,,,,,,,,,,,,,,,,,,,,,r.-6.1.0,,,,,,,,,,,,,,,,,,
106,,,,,,,,,,,,,r.-6.1.0,,r.-6.1.0,,r.-6.1.0,r.-6.1.0,r.-6.1.0,r.-6.1.0,r.-6.1.0,r.-6.1.0,r.-6.1.0,r.-6.1.0,r.-6.1.0,r.-6.1.0,,,,,,,,,,,,r.-6.1.0,,,,,,,,,,,,,,,,,,,,,,,,,,,,,,r.-6.1.0,,,,,,,,,,,,,,,,,,,,,,,,r.-6.1.0,,,,,,,,,,,,,,,,,,
107,,,,,,,,,,,,,r.-6.1.0,,r.-6.1.0,,r.-6.1.0,r.-6.1.0,r.-6.1.0,r.-6.1.0,r.-6.1.0,r.-6.1.0,r.-6.1.0,r.-6.1.0,r.-6.1.0,r.-6.1.0,,,,,,,,,,,,r.-6.1.0,,,,,,,,,,,,,,,,,,,,,,,,,,,,,,r.-6.1.0,,,,,,,,,,,,,,,,,,,,,,,,r.-6.1.0,,,,,,,,,,,,,,,,,,
108,,,,,,,,,,,,,r.-6.1.0,,r.-6.1.0,,r.-6.1.0,r.-6.1.0,r.-6.1.0,r.-6.1.0,r.-6.1.0,r.-6.1.0,r.-6.1.0,r.-6.1.0,r.-6.1.0,r.-6.1.0,,,,,,,,,,,,r.-6.1.0,,,,,,,,,,,,,,,,,,,,,,,,,,,,,,r.-6.1.0,,,,,,,,,,,,,,,,,,,,,,,,r.-6.1.0,,,,,,,,,,,,,,,,,,
109,,,,,,,,,,,,,r.-6.1.0,,r.-6.1.0,,r.-6.1.0,r.-6.1.0,r.-6.1.0,r.-6.1.0,r.-6.1.0,r.-6.1.0,r.-6.1.0,r.-6.1.0,r.-6.1.0,r.-6.1.0,,,,,,,,,,,,r.-6.1.0,,,,,,,,,,,,,,,,,,,,,,,,,,,,,,r.-6.1.0,,,,,,,,,,,,,,,,,,,,,,,,r.-6.1.0,,,,,,,,,,,,,,,,,,
110,,,,,,,,,,,,,r.-6.1.0,,r.-6.1.0,,r.-6.1.0,r.-6.1.0,r.-6.1.0,r.-6.1.0,r.-6.1.0,r.-6.1.0,r.-6.1.0,r.-6.1.0,r.-6.1.0,r.-6.1.0,,,,,,,,,,,,r.-6.1.0,,,,,,,,,,,,,,,,,,,,,,,,,,,,,,r.-6.1.0,,,,,,,,,,,,,,,,,,,,,,,,r.-6.1.0,,,,,,,,,,,,,,,,,,
111,,,,,,,,,,,,,r.-6.1.0,,r.-6.1.0,,r.-6.1.0,r.-6.1.0,r.-6.1.0,r.-6.1.0,r.-6.1.0,r.-6.1.0,r.-6.1.0,r.-6.1.0,r.-6.1.0,r.-6.1.0,,,,,,,,,,,,r.-6.1.0,,,,,,,,,,,,,,,,,,,,,,,,,,,,,,r.-6.1.0,,,,,,,,,,,,,,,,,,,,,,,,r.-6.1.0,,,,,,,,,,,,,,,,,,
112,,,,,,,,,,,,,r.-6.1.0,,r.-6.1.0,,r.-6.1.0,r.-6.1.0,r.-6.1.0,r.-6.1.0,r.-6.1.0,r.-6.1.0,r.-6.1.0,r.-6.1.0,r.-6.1.0,r.-6.1.0,,,,,,,,,,,,r.-6.1.0,,,,,,,,,,,,,,,,,,,,,,,,,,,,,,r.-6.1.0,,,,,,,,,,,,,,,,,,,,,,,,r.-6.1.0,,,,,,,,,,,,,,,,,,
113,,,,,,,,,,,,,r.-6.1.0,,r.-6.1.0,,r.-6.1.0,r.-6.1.0,r.-6.1.0,r.-6.1.0,r.-6.1.0,r.-6.1.0,r.-6.1.0,r.-6.1.0,r.-6.1.0,r.-6.1.0,,,,,,,,,,,,r.-6.1.0,,,,,,,,,,,,,,,,,,,,,,,,,,,,,,r.-6.1.0,,,,,,,,,,,,,,,,,,,,,,,,r.-6.1.0,,,,,,,,,,,,,,,,,,
114,,,,,,,,,,,,,r.-6.1.0,,r.-6.1.0,,r.-6.1.0,r.-6.1.0,r.-6.1.0,r.-6.1.0,r.-6.1.0,r.-6.1.0,r.-6.1.0,r.-6.1.0,r.-6.1.0,r.-6.1.0,,,,,,,,,,,,r.-6.1.0,,,,,,,,,,,,,,,,,,,,,,,,,,,,,,r.-6.1.0,,,,,,,,,,,,,,,,,,,,,,,,r.-6.1.0,,,,,,,,,,,,,,,,,,
115,p.194,,,,,,,,,,,,,p.195,,,p.196,p.197,p.198,p.199,p.200,p.201,p.202,p.203,p.204,p.205,,,,,,,,,,,,,,,,,,,,,,,,,,,,,,,,,,p.206,,,,,,,,,p.207,,,,,,,,p.208,,,,,,p.209,,,,,,,p.210,,,,p.211,,,p.212,,,,p.213,p.214,,,,,,,,p.215
116,,,,,,,,,,,,,,,,,,,,,,,,,,,,,,,,,,,,,,,,,,,,,,,,,,,,,,,,,,,,,,,,p.190,,,,,,,,,,,,,,,,,,,,,,,,,,,,,,,,,,,,,,,,,,,,,,
117,,,,,,,,,,,,,,,,,,,,,,,,,,,,,,,,,,,,,,,,,,,,,,,,,,,,,,,,,,,,,,,,,,,,,,,,,,,,,,,,,,,,p.187,,,,,,,,,,,,,,,,,,,,,,,,,,
118,,,,,,,,,,,,,,,,,,,,,,,,,,,,,,,,,,,,,,,,,,,,,,,,,,,,,,,,,,,,,,,,,,,,,,,,,,,,,,,,,p.184,,,,,,,,,,,,,,,,,,,,,,,,,,,,,
119,,,,,,,,,,,,,,,,,,,,,,,,,,,,,,,,,,,,,,,,,,,,,,,,,,,,,,,,,,,,,,,,,,,,,,,,,,,,,,,,,,,,,,,,,,,,p.175,,p.176,,,,,,,,,,,,,,p.177,,
120,p.7,p.8,p.9,p.10,p.11,p.12,p.13,p.14,p.15,p.16,p.17,p.18,p.19,p.20,p.21,p.22,p.23,p.24,p.25,p.26,p.27,p.28,p.29,p.30,p.31,p.32,p.33,p.34,p.35,p.36,p.37,p.38,p.39,p.40,p.41,p.42,p.43,p.44,p.45,p.46,p.47,p.48,p.49,p.50,p.51,p.52,p.53,p.54,p.55,p.56,p.57,p.58,p.59,p.60,p.61,p.62,p.63,p.64,p.65,p.66,p.67,p.68,p.69,p.70,p.71,p.72,p.73,p.74,p.75,p.76,p.77,p.78,p.79,p.80,p.81,p.82,p.83,p.84,p.85,p.86,p.87,p.88,p.89,p.90,p.91,p.92,p.93,p.94,p.95,p.96,p.97,p.98,p.99,,,,,p.100,p.173,,,,,,,,,,,
121,,,,,,,,,,,,,r.-7.1.8/r.-8.0.8,,r.-7.1.8/r.-8.0.8,,p.105,p.106,p.107,p.108,p.109,p.110,p.111,p.112,p.113,p.114,,,,,,,,,,,,r.-8.0.8/r.-7.1.8,,,,,,,,,,,,,,,,,,,,,,,,,,,,,,r.-8.0.8/r.-7.1.8,,,,,,,,,,,,,,,,,,,,,,,,r.-7.1.8/r.-8.0.8,,,,,,,,,p.121,p.171,p.172,,,,,,,
122,,,,,,,,,,,,,r.-15.1.8/r.-11.0.5,,p.133,,,,,,,,,,,,,,,,,,,,,,,r.-11.0.5,,,,,,,,,,,,,,,,,,,,,,,,,,,,,,r.-11.0.5,,,,,,,,,,,,,,,,,,,,,,,,r.-11.0.5/r.-15.1.8,,,,,,,,,,,,,,p.134,,,,
123,,,,,,,,,,,,,p.124,,,,,,,,,,,,,,,,,,,,,,,,,,,,,,,,,,,,,,,,,,,,,,,,,,,,,,,,,,,,,,,,,,,,,,,,,,,,,,,r.-12.0.8,,,,,,,,,,,,,,,p.125,,,
124,,,,,,,,,,,,,,,,,,,,,,,,,,,,,,,,,,,,,,,,,,,,,,,,,,,,,,,,,,,,,,,,,,,,,,,,,,,,,,,,,,,,,,,,,,,,,,p.127,,,,,,,,,,,,,,,,
125,,,,,,,,,,,,,,,,,,,,,,,,,,,,,,,,,,,,,,,,,,,,,,,,,,,,,,,,,,,,,,,,,,,,,,,,,,,,,,,,,,,,,,,,,,,,p.126,,,,,,,,,,,,,,,,,,
126,,,,,,,,,,,,,,,,,,,,,,,,,,,,,,,,,,,,,,,,,,,,,,,,,,,,,,,,,,,,,,,,,,,,,,,,,,,,,,,,,,,,,,,,,,,,,,,r.-13.7.0,,,,,,,,,,,,,,,
127,p.7,p.8,p.9,p.10,p.11,p.12,p.13,p.14,p.15,p.16,p.17,p.18,p.19,p.20,p.21,p.22,p.23,p.24,p.25,p.26,p.27,p.28,p.29,p.30,p.31,p.32,p.33,p.34,p.35,p.36,p.37,p.38,p.39,p.40,p.41,p.42,p.43,p.44,p.45,p.46,p.47,p.48,p.49,p.50,p.51,p.52,p.53,p.54,p.55,p.56,p.57,p.58,p.59,p.60,p.61,p.62,p.63,p.64,p.65,p.66,p.67,p.68,p.69,p.70,p.71,p.72,p.73,p.74,p.75,p.76,p.77,p.78,p.79,p.80,p.81,p.82,p.83,p.84,p.85,p.86,p.87,p.88,p.89,p.90,p.91,p.92,p.93,p.94,p.95,p.96,p.97,p.98,p.99,,,,,p.100,p.128,,,,,,,,,,,
128,,,,,,,,,,,,,,,,,,,,,,,,,,,,,,,,,,,,,,,,,,,,,,,,,,,,,,,,,,,,,,,,,,,,,,,,,,,,,,,,,,,,,,,,,,,,,,p.129,,,,,,,,,,,,,,,,
129,,,,,,,,,,,,,,,,,,,,,,,,,,,p.130,,,,,,,,,,,,,,,,,,,,,,,,,,,,,,,,,,,,,,,,,,,,,,,,,,,,,,,,,,,,,,,,,,,,,,,,,,,,,,,,,,,
130,,,,,,,,,,,,,,p.104,,,p.105,p.106,p.107,p.108,p.109,p.110,p.111,p.112,p.113,p.114,,,,,,,,,,,,,,,,,,,,,,,,,,,,,,,,,,p.115,,,,,,,,,p.116,,,,,,,,p.117,,,,,,p.118,,,,,,,p.119,,,,p.120,,,,,,,p.121,p.122,,,,,,,,p.131
131,,,,,,,,,,,,,p.124,,,,,,,,,,,,,,,,,,,,,,,,,,,,,,,,,,,,,,,,,,,,,,,,,,,,,,,,,,,,,,,,,,,,,,,,,,,,,,,r.-12.6.8/r.-12.0.8,,,,,,,,,,,,,,,p.132,,,
132,,,,,,,,,,,,,,,,,,,,,,,,,,,,,,,,,,,,,,,,,,,,,,,,,,,,,,,,,,,,,,,,,,,,,,,,,,,,,,,,,,,,,,,,,,,,r.-12.7.0,,,,,,,,,,,,,,,,,,
133,,,,,,,,,,,,,,,,,p.157,p.158,p.159,p.160,p.161,p.162,p.163,p.164,p.165,p.166,,,,,,,,,,,,,,,,,,,,,,,,,,,,,,,,,,,,,,,,,,,,,,,,,,,,,,,,,,,,,,,,,,,,,,,,,,,p.167,p.168,,,,,,,,
134,,,,,,,,,,,,,r.-10.0.9/r.-15.2.9,,,,,,,,,,,,,,,,,,,,,,,,,p.135,,,,,,,,,,,,,,,,,,,,,,,,,,,,,,p.136,,,,,,,,,,,,,,,,,,,,,,,,r.-10.0.9/r.-15.2.9,,,,,,,,,,,,,p.137,,,,,
135,,,,,,,,,,,,p.138,,p.139,,,r.-14.0.7,r.-14.0.7,r.-14.0.7,r.-14.0.7,r.-14.0.7,r.-14.0.7,r.-14.0.7,r.-14.0.7,r.-14.0.7,r.-14.0.7,,,,,,,,,,,,,,,,,,,,,,,,,,,,,,,,,,,,,,,,,,,,,,,,,,,,,,,,,,,,,,,,,,,,,,,,,,,,,,,,,,,p.155,
136,,,,,,,,,,,,p.138,,p.139,,,r.-14.0.7,r.-14.0.7,r.-14.0.7,r.-14.0.7,r.-14.0.7,r.-14.0.7,r.-14.0.7,r.-14.0.7,r.-14.0.7,r.-14.0.7,,,,,,,,,,,,,,,,,,,,,,,,,,,,,,,,,,,,,,,,,,,,,,,,,,,,,,,,,,,,,,,,,,,,,,,,,,,,,,,,,,,p.140,
137,,,,,,,,,,,,,r.-15.3.0,,,,,,,,,,,,,,,,,,,,,,,,,,,,,,,,,,,,,,,,,,,,,,,,,,,,,,,,,,,,,,,,,,,,,,,,,,,,,,,r.-15.3.0,,,,,,,,,,,,,,,,,,
138,,,,,,,,,,,,,,,,,r.-14.1.0,r.-14.1.0,r.-14.1.0,r.-14.1.0,r.-14.1.0,r.-14.1.0,r.-14.1.0,r.-14.1.0,r.-14.1.0,r.-14.1.0,,,,,,,,,,,,,,,,,,,,,,,,,,,,,,,,,,,,,,,,,,,,,,,,,,,,,,,,,,,,,,,,,,,,,,,,,,,,,,,,,,,,
139,,,,,,,,,,,,,,,,,r.-14.1.0,r.-14.1.0,r.-14.1.0,r.-14.1.0,r.-14.1.0,r.-14.1.0,r.-14.1.0,r.-14.1.0,r.-14.1.0,r.-14.1.0,,,,,,,,,,,,,,,,,,,,,,,,,,,,,,,,,,,,,,,,,,,,,,,,,,,,,,,,,,,,,,,,,,,,,,,,,,,,,,,,,,,,
140,,,,,,,,,,,,,,,,,p.141,p.142,p.143,p.144,p.145,p.146,p.147,p.148,p.149,p.150,,,,,,,,,,,,,,,,,,,,,,,,,,,,,,,,,,,,,,,,,,,,,,,,,,,,,,,,,,,,,,,,,,,,,,,,,,,p.151,p.152,,,,,,,,
141,,,,,,,,,,,,,r.-6.1.0,,,,r.-6.1.0,r.-6.1.0,r.-6.1.0,r.-6.1.0,r.-6.1.0,r.-6.1.0,r.-6.1.0,r.-6.1.0,r.-6.1.0,r.-6.1.0,,,,,,,,,,,,,,,,,,,,,,,,,,,,,,,,,,,,,,,,,,,,,,,,,,,,,,,,,,,,,,,,,,r.-6.1.0,,,,,,,,,,,,,,,,,,
142,,,,,,,,,,,,,r.-6.1.0,,,,r.-6.1.0,r.-6.1.0,r.-6.1.0,r.-6.1.0,r.-6.1.0,r.-6.1.0,r.-6.1.0,r.-6.1.0,r.-6.1.0,r.-6.1.0,,,,,,,,,,,,,,,,,,,,,,,,,,,,,,,,,,,,,,,,,,,,,,,,,,,,,,,,,,,,,,,,,,r.-6.1.0,,,,,,,,,,,,,,,,,,
143,,,,,,,,,,,,,r.-6.1.0,,,,r.-6.1.0,r.-6.1.0,r.-6.1.0,r.-6.1.0,r.-6.1.0,r.-6.1.0,r.-6.1.0,r.-6.1.0,r.-6.1.0,r.-6.1.0,,,,,,,,,,,,,,,,,,,,,,,,,,,,,,,,,,,,,,,,,,,,,,,,,,,,,,,,,,,,,,,,,,r.-6.1.0,,,,,,,,,,,,,,,,,,
144,,,,,,,,,,,,,r.-6.1.0,,,,r.-6.1.0,r.-6.1.0,r.-6.1.0,r.-6.1.0,r.-6.1.0,r.-6.1.0,r.-6.1.0,r.-6.1.0,r.-6.1.0,r.-6.1.0,,,,,,,,,,,,,,,,,,,,,,,,,,,,,,,,,,,,,,,,,,,,,,,,,,,,,,,,,,,,,,,,,,r.-6.1.0,,,,,,,,,,,,,,,,,,
145,,,,,,,,,,,,,r.-6.1.0,,,,r.-6.1.0,r.-6.1.0,r.-6.1.0,r.-6.1.0,r.-6.1.0,r.-6.1.0,r.-6.1.0,r.-6.1.0,r.-6.1.0,r.-6.1.0,,,,,,,,,,,,,,,,,,,,,,,,,,,,,,,,,,,,,,,,,,,,,,,,,,,,,,,,,,,,,,,,,,r.-6.1.0,,,,,,,,,,,,,,,,,,
146,,,,,,,,,,,,,r.-6.1.0,,,,r.-6.1.0,r.-6.1.0,r.-6.1.0,r.-6.1.0,r.-6.1.0,r.-6.1.0,r.-6.1.0,r.-6.1.0,r.-6.1.0,r.-6.1.0,,,,,,,,,,,,,,,,,,,,,,,,,,,,,,,,,,,,,,,,,,,,,,,,,,,,,,,,,,,,,,,,,,r.-6.1.0,,,,,,,,,,,,,,,,,,
147,,,,,,,,,,,,,r.-6.1.0,,,,r.-6.1.0,r.-6.1.0,r.-6.1.0,r.-6.1.0,r.-6.1.0,r.-6.1.0,r.-6.1.0,r.-6.1.0,r.-6.1.0,r.-6.1.0,,,,,,,,,,,,,,,,,,,,,,,,,,,,,,,,,,,,,,,,,,,,,,,,,,,,,,,,,,,,,,,,,,r.-6.1.0,,,,,,,,,,,,,,,,,,
148,,,,,,,,,,,,,r.-6.1.0,,,,r.-6.1.0,r.-6.1.0,r.-6.1.0,r.-6.1.0,r.-6.1.0,r.-6.1.0,r.-6.1.0,r.-6.1.0,r.-6.1.0,r.-6.1.0,,,,,,,,,,,,,,,,,,,,,,,,,,,,,,,,,,,,,,,,,,,,,,,,,,,,,,,,,,,,,,,,,,r.-6.1.0,,,,,,,,,,,,,,,,,,
149,,,,,,,,,,,,,r.-6.1.0,,,,r.-6.1.0,r.-6.1.0,r.-6.1.0,r.-6.1.0,r.-6.1.0,r.-6.1.0,r.-6.1.0,r.-6.1.0,r.-6.1.0,r.-6.1.0,,,,,,,,,,,,,,,,,,,,,,,,,,,,,,,,,,,,,,,,,,,,,,,,,,,,,,,,,,,,,,,,,,r.-6.1.0,,,,,,,,,,,,,,,,,,
150,,,,,,,,,,,,,r.-6.1.0,,,,r.-6.1.0,r.-6.1.0,r.-6.1.0,r.-6.1.0,r.-6.1.0,r.-6.1.0,r.-6.1.0,r.-6.1.0,r.-6.1.0,r.-6.1.0,,,,,,,,,,,,,,,,,,,,,,,,,,,,,,,,,,,,,,,,,,,,,,,,,,,,,,,,,,,,,,,,,,r.-6.1.0,,,,,,,,,,,,,,,,,,
151,,,,,,,,,,,,,r.-7.1.8/r.-8.0.8,,,,p.141,p.142,p.143,p.144,p.145,p.146,p.147,p.148,p.149,p.150,,,,,,,,,,,,,,,,,,,,,,,,,,,,,,,,,,,,,,,,,,,,,,,,,,,,,,,,,,,,,,,,,,r.-7.1.8/r.-8.0.8,,,,,,,,,p.151,p.153,p.154,,,,,,,
152,,,,,,,,,,,,,r.-10.3.0,,,,,,,,,,,,,,,,,,,,,,,,,,,,,,,,,,,,,,,,,,,,,,,,,,,,,,,,,,,,,,,,,,,,,,,,,,,,,,,r.-10.3.0,,,,,,,,,,,,,,,,,,
153,,,,,,,,,,,,,r.-8.1.0,,,,,,,,,,,,,,,,,,,,,,,,,,,,,,,,,,,,,,,,,,,,,,,,,,,,,,,,,,,,,,,,,,,,,,,,,,,,,,,r.-8.1.0,,,,,,,,,,,,,,,,,,
154,,,,,,,,,,,,,r.-7.2.0,,,,,,,,,,,,,,,,,,,,,,,,,,,,,,,,,,,,,,,,,,,,,,,,,,,,,,,,,,,,,,,,,,,,,,,,,,,,,,,r.-7.2.0,,,,,,,,,,,,,,,,,,
155,,,,,,,,,,,,,,,,,p.141,p.142,p.143,p.144,p.145,p.146,p.147,p.148,p.149,p.150,,,,,,,,,,,,,,,,,,,,,,,,,,,,,,,,,,,,,,,,,,,,,,,,,,,,,,,,,,,,,,,,,,,,,,,,,,,p.151,p.156,,,,,,,,
156,,,,,,,,,,,,,r.-10.3.0,,,,,,,,,,,,,,,,,,,,,,,,,,,,,,,,,,,,,,,,,,,,,,,,,,,,,,,,,,,,,,,,,,,,,,,,,,,,,,,r.-10.3.0,,,,,,,,,,,,,,,,,,
157,,,,,,,,,,,,,r.-6.1.0,,,,r.-6.1.0,r.-6.1.0,r.-6.1.0,r.-6.1.0,r.-6.1.0,r.-6.1.0,r.-6.1.0,r.-6.1.0,r.-6.1.0,r.-6.1.0,,,,,,,,,,,,r.-6.1.0,,,,,,,,,,,,,,,,,,,,,,,,,,,,,,r.-6.1.0,,,,,,,,,,,,,,,,,,,,,,,,r.-6.1.0,,,,,,,,,,,,,,,,,,
158,,,,,,,,,,,,,r.-6.1.0,,,,r.-6.1.0,r.-6.1.0,r.-6.1.0,r.-6.1.0,r.-6.1.0,r.-6.1.0,r.-6.1.0,r.-6.1.0,r.-6.1.0,r.-6.1.0,,,,,,,,,,,,r.-6.1.0,,,,,,,,,,,,,,,,,,,,,,,,,,,,,,r.-6.1.0,,,,,,,,,,,,,,,,,,,,,,,,r.-6.1.0,,,,,,,,,,,,,,,,,,
159,,,,,,,,,,,,,r.-6.1.0,,,,r.-6.1.0,r.-6.1.0,r.-6.1.0,r.-6.1.0,r.-6.1.0,r.-6.1.0,r.-6.1.0,r.-6.1.0,r.-6.1.0,r.-6.1.0,,,,,,,,,,,,r.-6.1.0,,,,,,,,,,,,,,,,,,,,,,,,,,,,,,r.-6.1.0,,,,,,,,,,,,,,,,,,,,,,,,r.-6.1.0,,,,,,,,,,,,,,,,,,
160,,,,,,,,,,,,,r.-6.1.0,,,,r.-6.1.0,r.-6.1.0,r.-6.1.0,r.-6.1.0,r.-6.1.0,r.-6.1.0,r.-6.1.0,r.-6.1.0,r.-6.1.0,r.-6.1.0,,,,,,,,,,,,r.-6.1.0,,,,,,,,,,,,,,,,,,,,,,,,,,,,,,r.-6.1.0,,,,,,,,,,,,,,,,,,,,,,,,r.-6.1.0,,,,,,,,,,,,,,,,,,
161,,,,,,,,,,,,,r.-6.1.0,,,,r.-6.1.0,r.-6.1.0,r.-6.1.0,r.-6.1.0,r.-6.1.0,r.-6.1.0,r.-6.1.0,r.-6.1.0,r.-6.1.0,r.-6.1.0,,,,,,,,,,,,r.-6.1.0,,,,,,,,,,,,,,,,,,,,,,,,,,,,,,r.-6.1.0,,,,,,,,,,,,,,,,,,,,,,,,r.-6.1.0,,,,,,,,,,,,,,,,,,
162,,,,,,,,,,,,,r.-6.1.0,,,,r.-6.1.0,r.-6.1.0,r.-6.1.0,r.-6.1.0,r.-6.1.0,r.-6.1.0,r.-6.1.0,r.-6.1.0,r.-6.1.0,r.-6.1.0,,,,,,,,,,,,r.-6.1.0,,,,,,,,,,,,,,,,,,,,,,,,,,,,,,r.-6.1.0,,,,,,,,,,,,,,,,,,,,,,,,r.-6.1.0,,,,,,,,,,,,,,,,,,
163,,,,,,,,,,,,,r.-6.1.0,,,,r.-6.1.0,r.-6.1.0,r.-6.1.0,r.-6.1.0,r.-6.1.0,r.-6.1.0,r.-6.1.0,r.-6.1.0,r.-6.1.0,r.-6.1.0,,,,,,,,,,,,r.-6.1.0,,,,,,,,,,,,,,,,,,,,,,,,,,,,,,r.-6.1.0,,,,,,,,,,,,,,,,,,,,,,,,r.-6.1.0,,,,,,,,,,,,,,,,,,
164,,,,,,,,,,,,,r.-6.1.0,,,,r.-6.1.0,r.-6.1.0,r.-6.1.0,r.-6.1.0,r.-6.1.0,r.-6.1.0,r.-6.1.0,r.-6.1.0,r.-6.1.0,r.-6.1.0,,,,,,,,,,,,r.-6.1.0,,,,,,,,,,,,,,,,,,,,,,,,,,,,,,r.-6.1.0,,,,,,,,,,,,,,,,,,,,,,,,r.-6.1.0,,,,,,,,,,,,,,,,,,
165,,,,,,,,,,,,,r.-6.1.0,,,,r.-6.1.0,r.-6.1.0,r.-6.1.0,r.-6.1.0,r.-6.1.0,r.-6.1.0,r.-6.1.0,r.-6.1.0,r.-6.1.0,r.-6.1.0,,,,,,,,,,,,r.-6.1.0,,,,,,,,,,,,,,,,,,,,,,,,,,,,,,r.-6.1.0,,,,,,,,,,,,,,,,,,,,,,,,r.-6.1.0,,,,,,,,,,,,,,,,,,
166,,,,,,,,,,,,,r.-6.1.0,,,,r.-6.1.0,r.-6.1.0,r.-6.1.0,r.-6.1.0,r.-6.1.0,r.-6.1.0,r.-6.1.0,r.-6.1.0,r.-6.1.0,r.-6.1.0,,,,,,,,,,,,r.-6.1.0,,,,,,,,,,,,,,,,,,,,,,,,,,,,,,r.-6.1.0,,,,,,,,,,,,,,,,,,,,,,,,r.-6.1.0,,,,,,,,,,,,,,,,,,
167,,,,,,,,,,,,,r.-8.0.8/r.-7.1.8,,,,p.157,p.158,p.159,p.160,p.161,p.162,p.163,p.164,p.165,p.166,,,,,,,,,,,,r.-8.0.8/r.-7.1.8,,,,,,,,,,,,,,,,,,,,,,,,,,,,,,r.-8.0.8/r.-7.1.8,,,,,,,,,,,,,,,,,,,,,,,,r.-8.0.8/r.-7.1.8,,,,,,,,,p.167,p.169,p.170,,,,,,,
168,,,,,,,,,,,,,r.-11.2.0,,,,,,,,,,,,,,,,,,,,,,,,,r.-11.2.0,,,,,,,,,,,,,,,,,,,,,,,,,,,,,,r.-11.2.0,,,,,,,,,,,,,,,,,,,,,,,,r.-11.2.0,,,,,,,,,,,,,,,,,,
169,,,,,,,,,,,,,r.-8.1.0,,,,,,,,,,,,,,,,,,,,,,,,,r.-8.1.0,,,,,,,,,,,,,,,,,,,,,,,,,,,,,,r.-8.1.0,,,,,,,,,,,,,,,,,,,,,,,,r.-8.1.0,,,,,,,,,,,,,,,,,,
170,,,,,,,,,,,,,r.-7.2.0,,,,,,,,,,,,,,,,,,,,,,,,,r.-7.2.0,,,,,,,,,,,,,,,,,,,,,,,,,,,,,,r.-7.2.0,,,,,,,,,,,,,,,,,,,,,,,,r.-7.2.0,,,,,,,,,,,,,,,,,,
171,,,,,,,,,,,,,r.-8.1.0,,r.-8.1.0,,,,,,,,,,,,,,,,,,,,,,,r.-8.1.0,,,,,,,,,,,,,,,,,,,,,,,,,,,,,,r.-8.1.0,,,,,,,,,,,,,,,,,,,,,,,,r.-8.1.0,,,,,,,,,,,,,,,,,,
172,,,,,,,,,,,,,r.-7.2.0,,r.-7.2.0,,,,,,,,,,,,,,,,,,,,,,,r.-7.2.0,,,,,,,,,,,,,,,,,,,,,,,,,,,,,,r.-7.2.0,,,,,,,,,,,,,,,,,,,,,,,,r.-7.2.0,,,,,,,,,,,,,,,,,,
173,,,,,,,,,,,,,,,,,,,,,,,,,,,,,,,,,,,,,,,,,,,,,,,,,,,,,,,,,,,,,,,,,,,,,,,,,,,,,,,,,,,,,,,,,,,,,,p.174,,,,,,,,,,,,,,,,
174,,,,,,,,,,,,,r.-15.3.0,,,,,,,,,,,,,,,,,,,,,,,,,,,,,,,,,,,,,,,,,,,,,,,,,,,,,,,,,,,,,,,,,,,,,,,,,,,,,,,r.-15.3.0,,,,,,,,,,,,,,,,,,
175,,,,,,,,,,,,,r.-13.1.0,,,,,,,,,,,,,,,,,,,,,,,,,,,,,,,,,,,,,,,,,,,,,,,,,,,,,,,,,,,,,,,,,,,,,,,,,,,,,,,r.-13.1.0,,,,,,,,,,,,,,,,,,
176,p.7,p.8,p.9,p.10,p.11,p.12,p.13,p.14,p.15,p.16,p.17,p.18,p.19,p.20,p.21,p.22,p.23,p.24,p.25,p.26,p.27,p.28,p.29,p.30,p.31,p.32,p.33,p.34,p.35,p.36,p.37,p.38,p.39,p.40,p.41,p.42,p.43,p.44,p.45,p.46,p.47,p.48,p.49,p.50,p.51,p.52,p.53,p.54,p.55,p.56,p.57,p.58,p.59,p.60,p.61,p.62,p.63,p.64,p.65,p.66,p.67,p.68,p.69,p.70,p.71,p.72,p.73,p.74,p.75,p.76,p.77,p.78,p.79,p.80,p.81,p.82,p.83,p.84,p.85,p.86,p.87,p.88,p.89,p.90,p.91,p.92,p.93,p.94,p.95,p.96,p.97,p.98,p.99,,,,,p.100,p.178,,,,,,,,,,,
177,,,,,,,,,,,,,r.-15.2.0,,,,,,,,,,,,,,,,,,,,,,,,,,,,,,,,,,,,,,,,,,,,,,,,,,,,,,,,,,,,,,,,,,,,,,,,,,,,,,,r.-15.2.0,,,,,,,,,,,,,,,,,,
178,,,,,,,,,,,,,,,,,,,,,,,,,,,,,,,,,,,,,,,,,,,,,,,,,,,,,,,,,,,,,,,,,,,,,,,,,,,,,,,,,,,,,,,,,,,,,,p.179,,,,,,,,,,,,,,,,
179,,,,,,,,,,,,,,,,,,,,,,,,,,,p.180,,,,,,,,,,,,,,,,,,,,,,,,,,,,,,,,,,,,,,,,,,,,,,,,,,,,,,,,,,,,,,,,,,,,,,,,,,,,,,,,,,,
180,,,,,,,,,,,,,,p.104,,,p.105,p.106,p.107,p.108,p.109,p.110,p.111,p.112,p.113,p.114,,,,,,,,,,,,,,,,,,,,,,,,,,,,,,,,,,p.115,,,,,,,,,p.116,,,,,,,,p.117,,,,,,p.118,,,,,,,p.119,,,,p.120,,,,,,,p.121,p.122,,,,,,,,p.181
181,,,,,,,,,,,,,p.124,,,,,,,,,,,,,,,,,,,,,,,,,,,,,,,,,,,,,,,,,,,,,,,,,,,,,,,,,,,,,,,,,,,,,,,,,,,,,,,r.-12.0.8,,,,,,,,,,,,,,,p.182,,,
182,,,,,,,,,,,,,,,,,,,,,,,,,,,,,,,,,,,,,,,,,,,,,,,,,,,,,,,,,,,,,,,,,,,,,,,,,,,,,,,,,,,,,,,,,,,,p.183,,,,,,,,,,,,,,,,,,
183,,,,,,,,,,,,,r.-13.7.0,,,,,,,,,,,,,,,,,,,,,,,,,,,,,,,,,,,,,,,,,,,,,,,,,,,,,,,,,,,,,,,,,,,,,,,,,,,,,,,r.-13.7.0,,,,,,,,,,,,,,,,,,
184,,,,,,,,,,,,,,,,,,,,,,,,,,,,,,,,,,,,,,,,,,,,,,,,,,,,,,,,,,,,,,,,,,,,,,,,,,,,,,,,,,,,p.185,,,,,,,,,,,,,,,,,,,,,,,,,,
185,,,,,,,,,,,,,,,,,,,,,,,,,,,,,,,,,,,,,,,,,,,,,,,,,,,,,,,,,,,,,,,,,,,,p.186,,,,,,,,,,,,,,,,,,,,,,,,,,,,,,,,,,,,,,,,,,
186,,,,,,,,,,,,,r.-15.4.0,,,,,,,,,,,,,,,,,,,,,,,,,,,,,,,,,,,,,,,,,,,,,,,,,,,,,,,,,,,,,,,,,,,,,,,,,,,,,,,r.-15.4.0,,,,,,,,,,,,,,,,,,
187,,,,,,,,,,,,,,,,,,,,,,,,,,,,,,,,,,,,,,,,,,,,,,,,,,,,,,,,,,,,,,,,,,,,,,,,,,,p.188,,,,,,,,,,,,,,,,,,,,,,,,,,,,,,,,,,,
188,,,,,,,,,,,,,,,,,,,,,,,,,,,,,,,,,,,,,,,,,,,,,,,,,,,,,,,,,,,,,,,,,,,,,,,,,,,p.189,,,,,,,,,,,,,,,,,,,,,,,,,,,,,,,,,,,
189,,,,,,,,,,,,,r.-15.4.0,,,,,,,,,,,,,,,,,,,,,,,,,,,,,,,,,,,,,,,,,,,,,,,,,,,,,,,,,,,,,,,,,,,,,,,,,,,,,,,r.-15.4.0,,,,,,,,,,,,,,,,,,
190,,,,,,,,,,,,,,,,,,,,,,,,,,,,,,,,,,,,,,,,,,,,,,,,,,,,,,,,,,,,,,,,,,,,,,,,,,,p.191,,,,,,,,,,,,,,,,,,,,,,,,,,,,,,,,,,,
191,,,,,,,,,,,,,,,,,,,,,,,,,,,,,,,,,,,,,,,,,,,,,,,,,,,,,,,,,,,,,,,,,,,,,,,,,,,,,,,,,,p.192,,,,,,,,,,,,,,,,,,,,,,,,,,,,
192,,,,,,,,,,,,,,,,,,,,,,,,,,,,,,,,,,,,,,,,,,,,,,,,,,,,,,,,,,,,,,,,,,,,p.193,,,,,,,,,,,,,,,,,,,,,,,,,,,,,,,,,,,,,,,,,,
193,,,,,,,,,,,,,r.-15.5.0,,,,,,,,,,,,,,,,,,,,,,,,,,,,,,,,,,,,,,,,,,,,,,,,,,,,,,,,,,,,,,,,,,,,,,,,,,,,,,,r.-15.5.0,,,,,,,,,,,,,,,,,,
194,,,,,,,,,,,,,r.-2.1.0,,,,,,,,,,,,,,,,,,,,,,,,,,,,,,,,,,,,,,,,,,,,,,,,,,,,,,,,,,,,,,,,,,,,,,,,,,,,,,,r.-2.1.0,,,,,,,,,,,,,,,,,,
195,,,,,,,,,,,,,,,,,p.196,p.197,p.198,p.199,p.200,p.201,p.202,p.203,p.204,p.205,,,,,,,,,,,,,,,,,,,,,,,,,,,,,,,,,,,,,,,,,,,,,,,,,,,,,,,,,,,,,,,,,,,,,,,,,,,p.213,p.285,,,,,,,,
196,r.-6.1.0,,,,,,,,,,,,r.-6.1.0,,r.-6.1.0,,r.-6.1.0,r.-6.1.0,r.-6.1.0,r.-6.1.0,r.-6.1.0,r.-6.1.0,r.-6.1.0,r.-6.1.0,r.-6.1.0,r.-6.1.0,,,,,,,,,,,,r.-6.1.0,,,,,,,,,,,,,,,,,,,,,,,,,,,,,,r.-6.1.0,,,,,,,,,,,,,,,,,,,,,,,,,,,,,,,,,,,,,,,,,,
197,r.-6.1.0,,,,,,,,,,,,r.-6.1.0,,r.-6.1.0,,r.-6.1.0,r.-6.1.0,r.-6.1.0,r.-6.1.0,r.-6.1.0,r.-6.1.0,r.-6.1.0,r.-6.1.0,r.-6.1.0,r.-6.1.0,,,,,,,,,,,,r.-6.1.0,,,,,,,,,,,,,,,,,,,,,,,,,,,,,,r.-6.1.0,,,,,,,,,,,,,,,,,,,,,,,,,,,,,,,,,,,,,,,,,,
198,r.-6.1.0,,,,,,,,,,,,r.-6.1.0,,r.-6.1.0,,r.-6.1.0,r.-6.1.0,r.-6.1.0,r.-6.1.0,r.-6.1.0,r.-6.1.0,r.-6.1.0,r.-6.1.0,r.-6.1.0,r.-6.1.0,,,,,,,,,,,,r.-6.1.0,,,,,,,,,,,,,,,,,,,,,,,,,,,,,,r.-6.1.0,,,,,,,,,,,,,,,,,,,,,,,,,,,,,,,,,,,,,,,,,,
199,r.-6.1.0,,,,,,,,,,,,r.-6.1.0,,r.-6.1.0,,r.-6.1.0,r.-6.1.0,r.-6.1.0,r.-6.1.0,r.-6.1.0,r.-6.1.0,r.-6.1.0,r.-6.1.0,r.-6.1.0,r.-6.1.0,,,,,,,,,,,,r.-6.1.0,,,,,,,,,,,,,,,,,,,,,,,,,,,,,,r.-6.1.0,,,,,,,,,,,,,,,,,,,,,,,,,,,,,,,,,,,,,,,,,,
200,r.-6.1.0,,,,,,,,,,,,r.-6.1.0,,r.-6.1.0,,r.-6.1.0,r.-6.1.0,r.-6.1.0,r.-6.1.0,r.-6.1.0,r.-6.1.0,r.-6.1.0,r.-6.1.0,r.-6.1.0,r.-6.1.0,,,,,,,,,,,,r.-6.1.0,,,,,,,,,,,,,,,,,,,,,,,,,,,,,,r.-6.1.0,,,,,,,,,,,,,,,,,,,,,,,,,,,,,,,,,,,,,,,,,,
201,r.-6.1.0,,,,,,,,,,,,r.-6.1.0,,r.-6.1.0,,r.-6.1.0,r.-6.1.0,r.-6.1.0,r.-6.1.0,r.-6.1.0,r.-6.1.0,r.-6.1.0,r.-6.1.0,r.-6.1.0,r.-6.1.0,,,,,,,,,,,,r.-6.1.0,,,,,,,,,,,,,,,,,,,,,,,,,,,,,,r.-6.1.0,,,,,,,,,,,,,,,,,,,,,,,,,,,,,,,,,,,,,,,,,,
202,r.-6.1.0,,,,,,,,,,,,r.-6.1.0,,r.-6.1.0,,r.-6.1.0,r.-6.1.0,r.-6.1.0,r.-6.1.0,r.-6.1.0,r.-6.1.0,r.-6.1.0,r.-6.1.0,r.-6.1.0,r.-6.1.0,,,,,,,,,,,,r.-6.1.0,,,,,,,,,,,,,,,,,,,,,,,,,,,,,,r.-6.1.0,,,,,,,,,,,,,,,,,,,,,,,,,,,,,,,,,,,,,,,,,,
203,r.-6.1.0,,,,,,,,,,,,r.-6.1.0,,r.-6.1.0,,r.-6.1.0,r.-6.1.0,r.-6.1.0,r.-6.1.0,r.-6.1.0,r.-6.1.0,r.-6.1.0,r.-6.1.0,r.-6.1.0,r.-6.1.0,,,,,,,,,,,,r.-6.1.0,,,,,,,,,,,,,,,,,,,,,,,,,,,,,,r.-6.1.0,,,,,,,,,,,,,,,,,,,,,,,,,,,,,,,,,,,,,,,,,,
204,r.-6.1.0,,,,,,,,,,,,r.-6.1.0,,r.-6.1.0,,r.-6.1.0,r.-6.1.0,r.-6.1.0,r.-6.1.0,r.-6.1.0,r.-6.1.0,r.-6.1.0,r.-6.1.0,r.-6.1.0,r.-6.1.0,,,,,,,,,,,,r.-6.1.0,,,,,,,,,,,,,,,,,,,,,,,,,,,,,,r.-6.1.0,,,,,,,,,,,,,,,,,,,,,,,,,,,,,,,,,,,,,,,,,,
205,r.-6.1.0,,,,,,,,,,,,r.-6.1.0,,r.-6.1.0,,r.-6.1.0,r.-6.1.0,r.-6.1.0,r.-6.1.0,r.-6.1.0,r.-6.1.0,r.-6.1.0,r.-6.1.0,r.-6.1.0,r.-6.1.0,,,,,,,,,,,,r.-6.1.0,,,,,,,,,,,,,,,,,,,,,,,,,,,,,,r.-6.1.0,,,,,,,,,,,,,,,,,,,,,,,,,,,,,,,,,,,,,,,,,,
206,p.280,,,,,,,,,,,,,p.195,,,p.196,p.197,p.198,p.199,p.200,p.201,p.202,p.203,p.204,p.205,,,,,,,,,,,,,,,,,,,,,,,,,,,,,,,,,,p.206,,,,,,,,,p.207,,,,,,,,p.208,,,,,,p.209,,,,,,,p.210,,,,p.211,,,p.281,,,,p.213,p.214,,,,,,,,p.282
207,,,,,,,,,,,,,,,,,,,,,,,,,,,,,,,,,,,,,,,,,,,,,,,,,,,,,,,,,,,,,,,,p.276,,,,,,,,,,,,,,,,,,,,,,,,,,,,,,,,,,,,,,,,,,,,,,
208,,,,,,,,,,,,,,,,,,,,,,,,,,,,,,,,,,,,,,,,,,,,,,,,,,,,,,,,,,,,,,,,,,,,,,,,,,,,,,,,,,,,p.273,,,,,,,,,,,,,,,,,,,,,,,,,,
209,,,,,,,,,,,,,,,,,,,,,,,,,,,,,,,,,,,,,,,,,,,,,,,,,,,,,,,,,,,,,,,,,,,,,,,,,,,,,,,,,p.270,,,,,,,,,,,,,,,,,,,,,,,,,,,,,
210,,,,,,,,,,,,,,,,,,,,,,,,,,,,,,,,,,,,,,,,,,,,,,,,,,,,,,,,,,,,,,,,,,,,,,,,,,,,,,,,,,,,,,,,,,,,p.261,,p.262,,,,,,,,,,,,,,p.263,,
211,p.7,p.8,p.9,p.10,p.11,p.12,p.13,p.14,p.15,p.16,p.17,p.18,p.19,p.20,p.21,p.22,p.23,p.24,p.25,p.26,p.27,p.28,p.29,p.30,p.31,p.32,p.33,p.34,p.35,p.36,p.37,p.38,p.39,p.40,p.41,p.42,p.43,p.44,p.45,p.46,p.47,p.48,p.49,p.50,p.51,p.52,p.53,p.54,p.55,p.56,p.57,p.58,p.59,p.60,p.61,p.62,p.63,p.64,p.65,p.66,p.67,p.68,p.69,p.70,p.71,p.72,p.73,p.74,p.75,p.76,p.77,p.78,p.79,p.80,p.81,p.82,p.83,p.84,p.85,p.86,p.87,p.88,p.89,p.90,p.91,p.92,p.93,p.94,p.95,p.96,p.97,p.98,p.99,,,,,p.100,p.259,,,,,,,,,,,
212,,,,,,,,,,,,,r.-15.2.0,,,,,,,,,,,,,,,,,,,,,,,,,,,,,,,,,,,,,,,,,,,,,,,,,,,,,,,,,,,,,,,,,,,,,,,,,,,,,,,r.-15.2.0,,,,,,,,,,,,,,,,,,
213,r.-7.1.8/r.-8.0.8,,,,,,,,,,,,r.-8.0.8/r.-7.1.8,,r.-7.1.8/r.-8.0.8,,p.196,p.197,p.198,p.199,p.200,p.201,p.202,p.203,p.204,p.205,,,,,,,,,,,,r.-8.0.8/r.-7.1.8,,,,,,,,,,,,,,,,,,,,,,,,,,,,,,r.-8.0.8/r.-7.1.8,,,,,,,,,,,,,,,,,,,,,,,,,,,,,,,,,p.213,p.257,p.258,,,,,,,
214,r.-15.1.8/r.-11.0.5,,,,,,,,,,,,r.-15.1.8/r.-11.0.5,,p.221,,,,,,,,,,,,,,,,,,,,,,,r.-11.0.5,,,,,,,,,,,,,,,,,,,,,,,,,,,,,,r.-11.0.5,,,,,,,,,,,,,,,,,,,,,,,,,,,,,,,,,,,,,,p.222,,,,
215,r.-9.0.8,,,,,,,,,,,,p.216,,,,,,,,,,,,,,,,,,,,,,,,,,,,,,,,,,,,,,,,,,,,,,,,,,,,,,,,,,,,,,,,,,,,,,,,,,,,,,,,,,,,,,,,,,,p.217,,,,,,
216,,,,,,,,,,,,,,p.195,,,p.196,p.197,p.198,p.199,p.200,p.201,p.202,p.203,p.204,p.205,,,,,,,,,,,,,,,,,,,,,,,,,,,,,,,,,,p.206,,,,,,,,,p.207,,,,,,,,p.208,,,,,,p.209,,,,,,,p.210,,,,p.211,,,,,,,p.213,p.214,,,,,,,,p.219
217,p.218,,,,,,,,,,,,,,,,,,,,,,,,,,,,,,,,,,,,,,,,,,,,,,,,,,,,,,,,,,,,,,,,,,,,,,,,,,,,,,,,,,,,,,,,,,,,,,,,,,,,,,,,,,,,,
218,,,,,,,,,,,,,r.-2.3.0,,,,,,,,,,,,,,,,,,,,,,,,,,,,,,,,,,,,,,,,,,,,,,,,,,,,,,,,,,,,,,,,,,,,,,,,,,,,,,,r.-2.3.0,,,,,,,,,,,,,,,,,,
219,r.-9.2.8/r.-9.0.8,,,,,,,,,,,,p.216,,,,,,,,,,,,,,,,,,,,,,,,,,,,,,,,,,,,,,,,,,,,,,,,,,,,,,,,,,,,,,,,,,,,,,,,,,,,,,,,,,,,,,,,,,,p.220,,,,,,
220,r.-9.3.0,,,,,,,,,,,,,,,,,,,,,,,,,,,,,,,,,,,,,,,,,,,,,,,,,,,,,,,,,,,,,,,,,,,,,,,,,,,,,,,,,,,,,,,,,,,,,,,,,,,,,,,,,,,,,
221,,,,,,,,,,,,,,,,,p.243,p.244,p.245,p.246,p.247,p.248,p.249,p.250,p.251,p.252,,,,,,,,,,,,,,,,,,,,,,,,,,,,,,,,,,,,,,,,,,,,,,,,,,,,,,,,,,,,,,,,,,,,,,,,,,,p.253,p.254,,,,,,,,
222,r.-15.2.9/r.-10.0.9,,,,,,,,,,,,r.-10.0.9/r.-15.2.9,,,,,,,,,,,,,,,,,,,,,,,,,p.223,,,,,,,,,,,,,,,,,,,,,,,,,,,,,,p.224,,,,,,,,,,,,,,,,,,,,,,,,,,,,,,,,,,,,,p.225,,,,,
223,,,,,,,,,,,,p.138,,p.139,,,r.-14.0.7,r.-14.0.7,r.-14.0.7,r.-14.0.7,r.-14.0.7,r.-14.0.7,r.-14.0.7,r.-14.0.7,r.-14.0.7,r.-14.0.7,,,,,,,,,,,,,,,,,,,,,,,,,,,,,,,,,,,,,,,,,,,,,,,,,,,,,,,,,,,,,,,,,,,,,,,,,,,,,,,,,,,p.241,
224,,,,,,,,,,,,p.138,,p.139,,,r.-14.0.7,r.-14.0.7,r.-14.0.7,r.-14.0.7,r.-14.0.7,r.-14.0.7,r.-14.0.7,r.-14.0.7,r.-14.0.7,r.-14.0.7,,,,,,,,,,,,,,,,,,,,,,,,,,,,,,,,,,,,,,,,,,,,,,,,,,,,,,,,,,,,,,,,,,,,,,,,,,,,,,,,,,,p.226,
225,r.-15.3.0,,,,,,,,,,,,r.-15.3.0,,,,,,,,,,,,,,,,,,,,,,,,,,,,,,,,,,,,,,,,,,,,,,,,,,,,,,,,,,,,,,,,,,,,,,,,,,,,,,,,,,,,,,,,,,,,,,,,,
226,,,,,,,,,,,,,,,,,p.227,p.228,p.229,p.230,p.231,p.232,p.233,p.234,p.235,p.236,,,,,,,,,,,,,,,,,,,,,,,,,,,,,,,,,,,,,,,,,,,,,,,,,,,,,,,,,,,,,,,,,,,,,,,,,,,p.237,p.238,,,,,,,,
227,r.-6.1.0,,,,,,,,,,,,r.-6.1.0,,,,r.-6.1.0,r.-6.1.0,r.-6.1.0,r.-6.1.0,r.-6.1.0,r.-6.1.0,r.-6.1.0,r.-6.1.0,r.-6.1.0,r.-6.1.0,,,,,,,,,,,,,,,,,,,,,,,,,,,,,,,,,,,,,,,,,,,,,,,,,,,,,,,,,,,,,,,,,,,,,,,,,,,,,,,,,,,,
228,r.-6.1.0,,,,,,,,,,,,r.-6.1.0,,,,r.-6.1.0,r.-6.1.0,r.-6.1.0,r.-6.1.0,r.-6.1.0,r.-6.1.0,r.-6.1.0,r.-6.1.0,r.-6.1.0,r.-6.1.0,,,,,,,,,,,,,,,,,,,,,,,,,,,,,,,,,,,,,,,,,,,,,,,,,,,,,,,,,,,,,,,,,,,,,,,,,,,,,,,,,,,,
229,r.-6.1.0,,,,,,,,,,,,r.-6.1.0,,,,r.-6.1.0,r.-6.1.0,r.-6.1.0,r.-6.1.0,r.-6.1.0,r.-6.1.0,r.-6.1.0,r.-6.1.0,r.-6.1.0,r.-6.1.0,,,,,,,,,,,,,,,,,,,,,,,,,,,,,,,,,,,,,,,,,,,,,,,,,,,,,,,,,,,,,,,,,,,,,,,,,,,,,,,,,,,,
230,r.-6.1.0,,,,,,,,,,,,r.-6.1.0,,,,r.-6.1.0,r.-6.1.0,r.-6.1.0,r.-6.1.0,r.-6.1.0,r.-6.1.0,r.-6.1.0,r.-6.1.0,r.-6.1.0,r.-6.1.0,,,,,,,,,,,,,,,,,,,,,,,,,,,,,,,,,,,,,,,,,,,,,,,,,,,,,,,,,,,,,,,,,,,,,,,,,,,,,,,,,,,,
231,r.-6.1.0,,,,,,,,,,,,r.-6.1.0,,,,r.-6.1.0,r.-6.1.0,r.-6.1.0,r.-6.1.0,r.-6.1.0,r.-6.1.0,r.-6.1.0,r.-6.1.0,r.-6.1.0,r.-6.1.0,,,,,,,,,,,,,,,,,,,,,,,,,,,,,,,,,,,,,,,,,,,,,,,,,,,,,,,,,,,,,,,,,,,,,,,,,,,,,,,,,,,,
232,r.-6.1.0,,,,,,,,,,,,r.-6.1.0,,,,r.-6.1.0,r.-6.1.0,r.-6.1.0,r.-6.1.0,r.-6.1.0,r.-6.1.0,r.-6.1.0,r.-6.1.0,r.-6.1.0,r.-6.1.0,,,,,,,,,,,,,,,,,,,,,,,,,,,,,,,,,,,,,,,,,,,,,,,,,,,,,,,,,,,,,,,,,,,,,,,,,,,,,,,,,,,,
233,r.-6.1.0,,,,,,,,,,,,r.-6.1.0,,,,r.-6.1.0,r.-6.1.0,r.-6.1.0,r.-6.1.0,r.-6.1.0,r.-6.1.0,r.-6.1.0,r.-6.1.0,r.-6.1.0,r.-6.1.0,,,,,,,,,,,,,,,,,,,,,,,,,,,,,,,,,,,,,,,,,,,,,,,,,,,,,,,,,,,,,,,,,,,,,,,,,,,,,,,,,,,,
234,r.-6.1.0,,,,,,,,,,,,r.-6.1.0,,,,r.-6.1.0,r.-6.1.0,r.-6.1.0,r.-6.1.0,r.-6.1.0,r.-6.1.0,r.-6.1.0,r.-6.1.0,r.-6.1.0,r.-6.1.0,,,,,,,,,,,,,,,,,,,,,,,,,,,,,,,,,,,,,,,,,,,,,,,,,,,,,,,,,,,,,,,,,,,,,,,,,,,,,,,,,,,,
235,r.-6.1.0,,,,,,,,,,,,r.-6.1.0,,,,r.-6.1.0,r.-6.1.0,r.-6.1.0,r.-6.1.0,r.-6.1.0,r.-6.1.0,r.-6.1.0,r.-6.1.0,r.-6.1.0,r.-6.1.0,,,,,,,,,,,,,,,,,,,,,,,,,,,,,,,,,,,,,,,,,,,,,,,,,,,,,,,,,,,,,,,,,,,,,,,,,,,,,,,,,,,,
236,r.-6.1.0,,,,,,,,,,,,r.-6.1.0,,,,r.-6.1.0,r.-6.1.0,r.-6.1.0,r.-6.1.0,r.-6.1.0,r.-6.1.0,r.-6.1.0,r.-6.1.0,r.-6.1.0,r.-6.1.0,,,,,,,,,,,,,,,,,,,,,,,,,,,,,,,,,,,,,,,,,,,,,,,,,,,,,,,,,,,,,,,,,,,,,,,,,,,,,,,,,,,,
237,r.-8.0.8/r.-7.1.8,,,,,,,,,,,,r.-8.0.8/r.-7.1.8,,,,p.227,p.228,p.229,p.230,p.231,p.232,p.233,p.234,p.235,p.236,,,,,,,,,,,,,,,,,,,,,,,,,,,,,,,,,,,,,,,,,,,,,,,,,,,,,,,,,,,,,,,,,,,,,,,,,,,p.237,p.239,p.240,,,,,,,
238,r.-10.3.0,,,,,,,,,,,,r.-10.3.0,,,,,,,,,,,,,,,,,,,,,,,,,,,,,,,,,,,,,,,,,,,,,,,,,,,,,,,,,,,,,,,,,,,,,,,,,,,,,,,,,,,,,,,,,,,,,,,,,
239,r.-8.1.0,,,,,,,,,,,,r.-8.1.0,,,,,,,,,,,,,,,,,,,,,,,,,,,,,,,,,,,,,,,,,,,,,,,,,,,,,,,,,,,,,,,,,,,,,,,,,,,,,,,,,,,,,,,,,,,,,,,,,
240,r.-7.2.0,,,,,,,,,,,,r.-7.2.0,,,,,,,,,,,,,,,,,,,,,,,,,,,,,,,,,,,,,,,,,,,,,,,,,,,,,,,,,,,,,,,,,,,,,,,,,,,,,,,,,,,,,,,,,,,,,,,,,
241,,,,,,,,,,,,,,,,,p.227,p.228,p.229,p.230,p.231,p.232,p.233,p.234,p.235,p.236,,,,,,,,,,,,,,,,,,,,,,,,,,,,,,,,,,,,,,,,,,,,,,,,,,,,,,,,,,,,,,,,,,,,,,,,,,,p.237,p.242,,,,,,,,
242,r.-10.3.0,,,,,,,,,,,,r.-10.3.0,,,,,,,,,,,,,,,,,,,,,,,,,,,,,,,,,,,,,,,,,,,,,,,,,,,,,,,,,,,,,,,,,,,,,,,,,,,,,,,,,,,,,,,,,,,,,,,,,
243,r.-6.1.0,,,,,,,,,,,,r.-6.1.0,,,,r.-6.1.0,r.-6.1.0,r.-6.1.0,r.-6.1.0,r.-6.1.0,r.-6.1.0,r.-6.1.0,r.-6.1.0,r.-6.1.0,r.-6.1.0,,,,,,,,,,,,r.-6.1.0,,,,,,,,,,,,,,,,,,,,,,,,,,,,,,r.-6.1.0,,,,,,,,,,,,,,,,,,,,,,,,,,,,,,,,,,,,,,,,,,
244,r.-6.1.0,,,,,,,,,,,,r.-6.1.0,,,,r.-6.1.0,r.-6.1.0,r.-6.1.0,r.-6.1.0,r.-6.1.0,r.-6.1.0,r.-6.1.0,r.-6.1.0,r.-6.1.0,r.-6.1.0,,,,,,,,,,,,r.-6.1.0,,,,,,,,,,,,,,,,,,,,,,,,,,,,,,r.-6.1.0,,,,,,,,,,,,,,,,,,,,,,,,,,,,,,,,,,,,,,,,,,
245,r.-6.1.0,,,,,,,,,,,,r.-6.1.0,,,,r.-6.1.0,r.-6.1.0,r.-6.1.0,r.-6.1.0,r.-6.1.0,r.-6.1.0,r.-6.1.0,r.-6.1.0,r.-6.1.0,r.-6.1.0,,,,,,,,,,,,r.-6.1.0,,,,,,,,,,,,,,,,,,,,,,,,,,,,,,r.-6.1.0,,,,,,,,,,,,,,,,,,,,,,,,,,,,,,,,,,,,,,,,,,
246,r.-6.1.0,,,,,,,,,,,,r.-6.1.0,,,,r.-6.1.0,r.-6.1.0,r.-6.1.0,r.-6.1.0,r.-6.1.0,r.-6.1.0,r.-6.1.0,r.-6.1.0,r.-6.1.0,r.-6.1.0,,,,,,,,,,,,r.-6.1.0,,,,,,,,,,,,,,,,,,,,,,,,,,,,,,r.-6.1.0,,,,,,,,,,,,,,,,,,,,,,,,,,,,,,,,,,,,,,,,,,
247,r.-6.1.0,,,,,,,,,,,,r.-6.1.0,,,,r.-6.1.0,r.-6.1.0,r.-6.1.0,r.-6.1.0,r.-6.1.0,r.-6.1.0,r.-6.1.0,r.-6.1.0,r.-6.1.0,r.-6.1.0,,,,,,,,,,,,r.-6.1.0,,,,,,,,,,,,,,,,,,,,,,,,,,,,,,r.-6.1.0,,,,,,,,,,,,,,,,,,,,,,,,,,,,,,,,,,,,,,,,,,
248,r.-6.1.0,,,,,,,,,,,,r.-6.1.0,,,,r.-6.1.0,r.-6.1.0,r.-6.1.0,r.-6.1.0,r.-6.1.0,r.-6.1.0,r.-6.1.0,r.-6.1.0,r.-6.1.0,r.-6.1.0,,,,,,,,,,,,r.-6.1.0,,,,,,,,,,,,,,,,,,,,,,,,,,,,,,r.-6.1.0,,,,,,,,,,,,,,,,,,,,,,,,,,,,,,,,,,,,,,,,,,
249,r.-6.1.0,,,,,,,,,,,,r.-6.1.0,,,,r.-6.1.0,r.-6.1.0,r.-6.1.0,r.-6.1.0,r.-6.1.0,r.-6.1.0,r.-6.1.0,r.-6.1.0,r.-6.1.0,r.-6.1.0,,,,,,,,,,,,r.-6.1.0,,,,,,,,,,,,,,,,,,,,,,,,,,,,,,r.-6.1.0,,,,,,,,,,,,,,,,,,,,,,,,,,,,,,,,,,,,,,,,,,
250,r.-6.1.0,,,,,,,,,,,,r.-6.1.0,,,,r.-6.1.0,r.-6.1.0,r.-6.1.0,r.-6.1.0,r.-6.1.0,r.-6.1.0,r.-6.1.0,r.-6.1.0,r.-6.1.0,r.-6.1.0,,,,,,,,,,,,r.-6.1.0,,,,,,,,,,,,,,,,,,,,,,,,,,,,,,r.-6.1.0,,,,,,,,,,,,,,,,,,,,,,,,,,,,,,,,,,,,,,,,,,
251,r.-6.1.0,,,,,,,,,,,,r.-6.1.0,,,,r.-6.1.0,r.-6.1.0,r.-6.1.0,r.-6.1.0,r.-6.1.0,r.-6.1.0,r.-6.1.0,r.-6.1.0,r.-6.1.0,r.-6.1.0,,,,,,,,,,,,r.-6.1.0,,,,,,,,,,,,,,,,,,,,,,,,,,,,,,r.-6.1.0,,,,,,,,,,,,,,,,,,,,,,,,,,,,,,,,,,,,,,,,,,
252,r.-6.1.0,,,,,,,,,,,,r.-6.1.0,,,,r.-6.1.0,r.-6.1.0,r.-6.1.0,r.-6.1.0,r.-6.1.0,r.-6.1.0,r.-6.1.0,r.-6.1.0,r.-6.1.0,r.-6.1.0,,,,,,,,,,,,r.-6.1.0,,,,,,,,,,,,,,,,,,,,,,,,,,,,,,r.-6.1.0,,,,,,,,,,,,,,,,,,,,,,,,,,,,,,,,,,,,,,,,,,
253,r.-8.0.8/r.-7.1.8,,,,,,,,,,,,r.-8.0.8/r.-7.1.8,,,,p.243,p.244,p.245,p.246,p.247,p.248,p.249,p.250,p.251,p.252,,,,,,,,,,,,r.-7.1.8/r.-8.0.8,,,,,,,,,,,,,,,,,,,,,,,,,,,,,,r.-7.1.8/r.-8.0.8,,,,,,,,,,,,,,,,,,,,,,,,,,,,,,,,,p.253,p.255,p.256,,,,,,,
254,r.-11.2.0,,,,,,,,,,,,r.-11.2.0,,,,,,,,,,,,,,,,,,,,,,,,,r.-11.2.0,,,,,,,,,,,,,,,,,,,,,,,,,,,,,,r.-11.2.0,,,,,,,,,,,,,,,,,,,,,,,,,,,,,,,,,,,,,,,,,,
255,r.-8.1.0,,,,,,,,,,,,r.-8.1.0,,,,,,,,,,,,,,,,,,,,,,,,,r.-8.1.0,,,,,,,,,,,,,,,,,,,,,,,,,,,,,,r.-8.1.0,,,,,,,,,,,,,,,,,,,,,,,,,,,,,,,,,,,,,,,,,,
256,r.-7.2.0,,,,,,,,,,,,r.-7.2.0,,,,,,,,,,,,,,,,,,,,,,,,,r.-7.2.0,,,,,,,,,,,,,,,,,,,,,,,,,,,,,,r.-7.2.0,,,,,,,,,,,,,,,,,,,,,,,,,,,,,,,,,,,,,,,,,,
257,r.-8.1.0,,,,,,,,,,,,r.-8.1.0,,r.-8.1.0,,,,,,,,,,,,,,,,,,,,,,,r.-8.1.0,,,,,,,,,,,,,,,,,,,,,,,,,,,,,,r.-8.1.0,,,,,,,,,,,,,,,,,,,,,,,,,,,,,,,,,,,,,,,,,,
258,r.-7.2.0,,,,,,,,,,,,r.-7.2.0,,r.-7.2.0,,,,,,,,,,,,,,,,,,,,,,,r.-7.2.0,,,,,,,,,,,,,,,,,,,,,,,,,,,,,,r.-7.2.0,,,,,,,,,,,,,,,,,,,,,,,,,,,,,,,,,,,,,,,,,,
259,,,,,,,,,,,,,,,,,,,,,,,,,,,,,,,,,,,,,,,,,,,,,,,,,,,,,,,,,,,,,,,,,,,,,,,,,,,,,,,,,,,,,,,,,,,,,,p.260,,,,,,,,,,,,,,,,
260,r.-15.3.0,,,,,,,,,,,,r.-15.3.0,,,,,,,,,,,,,,,,,,,,,,,,,,,,,,,,,,,,,,,,,,,,,,,,,,,,,,,,,,,,,,,,,,,,,,,,,,,,,,,,,,,,,,,,,,,,,,,,,
261,r.-13.1.0,,,,,,,,,,,,r.-13.1.0,,,,,,,,,,,,,,,,,,,,,,,,,,,,,,,,,,,,,,,,,,,,,,,,,,,,,,,,,,,,,,,,,,,,,,,,,,,,,,,,,,,,,,,,,,,,,,,,,
262,p.7,p.8,p.9,p.10,p.11,p.12,p.13,p.14,p.15,p.16,p.17,p.18,p.19,p.20,p.21,p.22,p.23,p.24,p.25,p.26,p.27,p.28,p.29,p.30,p.31,p.32,p.33,p.34,p.35,p.36,p.37,p.38,p.39,p.40,p.41,p.42,p.43,p.44,p.45,p.46,p.47,p.48,p.49,p.50,p.51,p.52,p.53,p.54,p.55,p.56,p.57,p.58,p.59,p.60,p.61,p.62,p.63,p.64,p.65,p.66,p.67,p.68,p.69,p.70,p.71,p.72,p.73,p.74,p.75,p.76,p.77,p.78,p.79,p.80,p.81,p.82,p.83,p.84,p.85,p.86,p.87,p.88,p.89,p.90,p.91,p.92,p.93,p.94,p.95,p.96,p.97,p.98,p.99,,,,,p.100,p.264,,,,,,,,,,,
263,r.-15.2.0,,,,,,,,,,,,r.-15.2.0,,,,,,,,,,,,,,,,,,,,,,,,,,,,,,,,,,,,,,,,,,,,,,,,,,,,,,,,,,,,,,,,,,,,,,,,,,,,,,,,,,,,,,,,,,,,,,,,,
264,,,,,,,,,,,,,,,,,,,,,,,,,,,,,,,,,,,,,,,,,,,,,,,,,,,,,,,,,,,,,,,,,,,,,,,,,,,,,,,,,,,,,,,,,,,,,,p.265,,,,,,,,,,,,,,,,
265,,,,,,,,,,,,,,,,,,,,,,,,,,,p.266,,,,,,,,,,,,,,,,,,,,,,,,,,,,,,,,,,,,,,,,,,,,,,,,,,,,,,,,,,,,,,,,,,,,,,,,,,,,,,,,,,,
266,,,,,,,,,,,,,,p.104,,,p.105,p.106,p.107,p.108,p.109,p.110,p.111,p.112,p.113,p.114,,,,,,,,,,,,,,,,,,,,,,,,,,,,,,,,,,p.115,,,,,,,,,p.116,,,,,,,,p.117,,,,,,p.118,,,,,,,p.119,,,,p.120,,,,,,,p.121,p.122,,,,,,,,p.267
267,,,,,,,,,,,,,p.124,,,,,,,,,,,,,,,,,,,,,,,,,,,,,,,,,,,,,,,,,,,,,,,,,,,,,,,,,,,,,,,,,,,,,,,,,,,,,,,r.-12.0.8,,,,,,,,,,,,,,,p.268,,,
268,,,,,,,,,,,,,,,,,,,,,,,,,,,,,,,,,,,,,,,,,,,,,,,,,,,,,,,,,,,,,,,,,,,,,,,,,,,,,,,,,,,,,,,,,,,,p.269,,,,,,,,,,,,,,,,,,
269,r.-13.7.0,,,,,,,,,,,,r.-13.7.0,,,,,,,,,,,,,,,,,,,,,,,,,,,,,,,,,,,,,,,,,,,,,,,,,,,,,,,,,,,,,,,,,,,,,,,,,,,,,,,,,,,,,,,,,,,,,,,,,
270,,,,,,,,,,,,,,,,,,,,,,,,,,,,,,,,,,,,,,,,,,,,,,,,,,,,,,,,,,,,,,,,,,,,,,,,,,,,,,,,,,,,p.271,,,,,,,,,,,,,,,,,,,,,,,,,,
271,,,,,,,,,,,,,,,,,,,,,,,,,,,,,,,,,,,,,,,,,,,,,,,,,,,,,,,,,,,,,,,,,,,,p.272,,,,,,,,,,,,,,,,,,,,,,,,,,,,,,,,,,,,,,,,,,
272,r.-15.4.0,,,,,,,,,,,,r.-15.4.0,,,,,,,,,,,,,,,,,,,,,,,,,,,,,,,,,,,,,,,,,,,,,,,,,,,,,,,,,,,,,,,,,,,,,,,,,,,,,,,,,,,,,,,,,,,,,,,,,
273,,,,,,,,,,,,,,,,,,,,,,,,,,,,,,,,,,,,,,,,,,,,,,,,,,,,,,,,,,,,,,,,,,,,,,,,,,,p.274,,,,,,,,,,,,,,,,,,,,,,,,,,,,,,,,,,,
274,,,,,,,,,,,,,,,,,,,,,,,,,,,,,,,,,,,,,,,,,,,,,,,,,,,,,,,,,,,,,,,,,,,,,,,,,,,p.275,,,,,,,,,,,,,,,,,,,,,,,,,,,,,,,,,,,
275,r.-15.4.0,,,,,,,,,,,,r.-15.4.0,,,,,,,,,,,,,,,,,,,,,,,,,,,,,,,,,,,,,,,,,,,,,,,,,,,,,,,,,,,,,,,,,,,,,,,,,,,,,,,,,,,,,,,,,,,,,,,,,
276,,,,,,,,,,,,,,,,,,,,,,,,,,,,,,,,,,,,,,,,,,,,,,,,,,,,,,,,,,,,,,,,,,,,,,,,,,,p.277,,,,,,,,,,,,,,,,,,,,,,,,,,,,,,,,,,,
277,,,,,,,,,,,,,,,,,,,,,,,,,,,,,,,,,,,,,,,,,,,,,,,,,,,,,,,,,,,,,,,,,,,,,,,,,,,,,,,,,,p.278,,,,,,,,,,,,,,,,,,,,,,,,,,,,
278,,,,,,,,,,,,,,,,,,,,,,,,,,,,,,,,,,,,,,,,,,,,,,,,,,,,,,,,,,,,,,,,,,,,p.279,,,,,,,,,,,,,,,,,,,,,,,,,,,,,,,,,,,,,,,,,,
279,r.-15.5.0,,,,,,,,,,,,r.-15.5.0,,,,,,,,,,,,,,,,,,,,,,,,,,,,,,,,,,,,,,,,,,,,,,,,,,,,,,,,,,,,,,,,,,,,,,,,,,,,,,,,,,,,,,,,,,,,,,,,,
280,r.-2.1.0,,,,,,,,,,,,r.-2.1.0,,,,,,,,,,,,,,,,,,,,,,,,,,,,,,,,,,,,,,,,,,,,,,,,,,,,,,,,,,,,,,,,,,,,,,,,,,,,,,,,,,,,,,,,,,,,,,,,,
281,r.-15.2.0,,,,,,,,,,,,r.-15.2.0,,,,,,,,,,,,,,,,,,,,,,,,,,,,,,,,,,,,,,,,,,,,,,,,,,,,,,,,,,,,,,,,,,,,,,,,,,,,,,,,,,,,,,,,,,,,,,,,,
282,r.-9.0.8,,,,,,,,,,,,p.216,,,,,,,,,,,,,,,,,,,,,,,,,,,,,,,,,,,,,,,,,,,,,,,,,,,,,,,,,,,,,,,,,,,,,,,,,,,,,,,,,,,,,,,,,,,p.283,,,,,,
283,p.284,,,,,,,,,,,,,,,,,,,,,,,,,,,,,,,,,,,,,,,,,,,,,,,,,,,,,,,,,,,,,,,,,,,,,,,,,,,,,,,,,,,,,,,,,,,,,,,,,,,,,,,,,,,,,
284,r.-2.3.0,,,,,,,,,,,,r.-2.3.0,,,,,,,,,,,,,,,,,,,,,,,,,,,,,,,,,,,,,,,,,,,,,,,,,,,,,,,,,,,,,,,,,,,,,,,,,,,,,,,,,,,,,,,,,,,,,,,,,
285,r.-11.0.5/r.-15.2.8,,,,,,,,,,,,r.-15.2.8/r.-11.0.5,,p.221,,,,,,,,,,,,,,,,,,,,,,,r.-11.0.5,,,,,,,,,,,,,,,,,,,,,,,,,,,,,,r.-11.0.5,,,,,,,,,,,,,,,,,,,,,,,,,,,,,,,,,,,,,,p.286,,,,
286,r.-10.0.9/r.-15.3.9,,,,,,,,,,,,r.-15.3.9/r.-10.0.9,,,,,,,,,,,,,,,,,,,,,,,,,p.223,,,,,,,,,,,,,,,,,,,,,,,,,,,,,,p.224,,,,,,,,,,,,,,,,,,,,,,,,,,,,,,,,,,,,,p.287,,,,,
287,r.-15.4.0,,,,,,,,,,,,r.-15.4.0,,,,,,,,,,,,,,,,,,,,,,,,,,,,,,,,,,,,,,,,,,,,,,,,,,,,,,,,,,,,,,,,,,,,,,,,,,,,,,,,,,,,,,,,,,,,,,,,,
288,,,,,,,,,,,,,r.-15.2.8/r.-11.0.5,,p.133,,,,,,,,,,,,,,,,,,,,,,,r.-11.0.5,,,,,,,,,,,,,,,,,,,,,,,,,,,,,,r.-11.0.5,,,,,,,,,,,,,,,,,,,,,,,,r.-11.0.5/r.-15.2.8,,,,,,,,,,,,,,p.289,,,,
289,,,,,,,,,,,,,r.-10.0.9/r.-15.3.9,,,,,,,,,,,,,,,,,,,,,,,,,p.135,,,,,,,,,,,,,,,,,,,,,,,,,,,,,,p.136,,,,,,,,,,,,,,,,,,,,,,,,r.-15.3.9/r.-10.0.9,,,,,,,,,,,,,p.290,,,,,
290,,,,,,,,,,,,,r.-15.4.0,,,,,,,,,,,,,,,,,,,,,,,,,,,,,,,,,,,,,,,,,,,,,,,,,,,,,,,,,,,,,,,,,,,,,,,,,,,,,,,r.-15.4.0,,,,,,,,,,,,,,,,,,
291,,,,,,,,,,,,,,,,,,,,,,,,,,,,,,,,,,,,,,,,,,,,,,,,,,,,,,,,,,,,,,,,,,,,,,,,,,,,,,,,,,,,,,,,,,,,,,r.-5.1.0,,,,,,,,,,,,,,,,
292,,,,,,,,,,,,,,,,,,,,,,,,,,,,,,,,,,,,,,,,,,,,,,,,,,,,,,,,,,,,,,,,,,,,,,,,,,,,,,,,,,,,,,,,,,,,,,r.-4.2.0,,,,,,,,,,,,,,,,
293,,,,,,,,,,,,,,,,,,,,,,,,,,,,,,,,,,,,,,,,,,,,,,,,,,,,,,,,,,,,,,,,,,,,,,,,,,,,,,,,,,,,,,,,,,,,,,,r.-2.1.0,,,,,,,,,,,,,,,
294,,,,,,,,,,,,,,,,,,,,,,,,,,,,,,,,,,,,,,,,,,,,,,,,,,,,,,,,,,,,,,,,,,,,,,,,,,,,,,,,,,,,,,,,,,,,,,,r.-1.2.0,,,,,,,,,,,,,,,
295,r.-9.0.8,,,,,,,,,,,,p.216,,,,,,,,,,,,,,,,,,,,,,,,,,,,,,,,,,,,,,,,,,,,,,,,,,,,,,,,,,,,,,,,,,,,,,,,,,,,,,,,,,,,,,,,,,,p.296,,,,,,
296,p.297,,,,,,,,,,,,,,,,,,,,,,,,,,,,,,,,,,,,,,,,,,,,,,,,,,,,,,,,,,,,,,,,,,,,,,,,,,,,,,,,,,,,,,,,,,,,,,,,,,,,,,,,,,,,,
297,,,,,,,,,,,,,,,,,,,,,,,,,,,,,,,,,,,,,,,,,,,,,,,,,,,,,,,,,,,,,,,,,,,,,,,,,,,,,,,,,,,,,,,,,,,,,,,r.-2.3.0,,,,,,,,,,,,,,,
