state,1,2,3,4,5,6,7,8,9,10,11,12,13,14,15,16,17,18,19,20,21,22,23,24,25,26,27,28,29,30,31,32,33,34,35,36,37,38,39,40,41,42,43,44,45,46,47,48,49,50,51,52,53,54,55,56,57,58,59,60,61,62,63,64,65,66,67,68,69,70,71,72,73,74,75,76,77,78,79,80,81,82,83,84,85,86,87,88,89,90,91,92,93,94,0,-1,-2,-3,-4,-5,-6,-7,-8,-9,-10,-11,-12,-13,-14,-15,-16,-17,-18,-19,-20
0,p.1,r.-14.0.4,r.-14.0.4,r.-14.0.4,r.-14.0.4,r.-14.0.4,r.-14.0.4,r.-14.0.4,r.-14.0.4,r.-14.0.4,r.-14.0.4,p.2,,p.3,p.4,p.5,p.6,p.7,p.8,p.9,p.10,p.11,p.12,p.13,p.14,p.15,p.16,p.17,p.18,p.19,p.20,p.21,p.22,p.23,p.24,p.25,p.26,p.27,p.28,,p.29,p.30,p.31,p.32,p.33,,,,,,,,,,,,,,,,,,,,,,,,,,,,,,,,,,,,,,,,,,,,,,,,,,,p.34,p.35,,,,p.36,p.37,,p.38,p.39,,p.40,p.41,p.42,p.43,,,p.44,,p.45
1,r.-13.1.0,r.-13.1.0,r.-13.1.0,r.-13.1.0,r.-13.1.0,r.-13.1.0,r.-13.1.0,r.-13.1.0,r.-13.1.0,r.-13.1.0,r.-13.1.0,,,r.-13.1.0,r.-13.1.0,r.-13.1.0,r.-13.1.0,r.-13.1.0,r.-13.1.0,r.-13.1.0,r.-13.1.0,r.-13.1.0,r.-13.1.0,r.-13.1.0,r.-13.1.0,r.-13.1.0,r.-13.1.0,r.-13.1.0,r.-13.1.0,r.-13.1.0,r.-13.1.0,r.-13.1.0,r.-13.1.0,r.-13.1.0,r.-13.1.0,r.-13.1.0,r.-13.1.0,r.-13.1.0,r.-13.1.0,,r.-13.1.0,r.-13.1.0,r.-13.1.0,r.-13.1.0,,,,,,,,,,,,,,,,,,,,,,,,,,,,,,,,,,,,,,,,,,,,,,,,,,,r.-6.1.0/r.-13.1.0,,,,,,,,,,,,,,,,,,,,
2,p.217,r.-14.0.4,r.-14.0.4,r.-14.0.4,r.-14.0.4,r.-14.0.4,r.-14.0.4,r.-14.0.4,r.-14.0.4,r.-14.0.4,r.-14.0.4,p.218,r.-8.0.2,p.219,p.220,p.221,p.222,p.223,p.224,p.225,p.226,p.227,p.228,p.229,p.230,p.231,p.232,p.233,p.234,p.235,p.236,p.237,p.238,p.239,p.240,p.241,p.242,p.243,p.244,,p.245,p.246,p.247,p.248,p.249,,,,,,,,,,,,,,,,,,,,,,,,,,,,,,,,,,,,,,,,,,,,,,,,,,,,p.250,,,,p.251,p.252,p.253,p.254,p.255,,p.256,p.257,p.258,p.259,,,p.260,,p.261
3,r.-9.1.0,r.-9.1.0,r.-9.1.0,r.-9.1.0,r.-9.1.0,r.-9.1.0,r.-9.1.0,r.-9.1.0,r.-9.1.0,r.-9.1.0,r.-9.1.0,,,r.-9.1.0,r.-9.1.0,r.-9.1.0,r.-9.1.0,r.-9.1.0,r.-9.1.0,r.-9.1.0,r.-9.1.0,r.-9.1.0,r.-9.1.0,r.-9.1.0,r.-9.1.0,r.-9.1.0,r.-9.1.0,r.-9.1.0,r.-9.1.0,r.-9.1.0,r.-9.1.0,r.-9.1.0,r.-9.1.0,r.-9.1.0,r.-9.1.0,r.-9.1.0,r.-9.1.0,r.-9.1.0,r.-9.1.0,,r.-9.1.0,r.-9.1.0,r.-9.1.0,r.-9.1.0,,,,,,,,,,,,,,,,,,,,,,,,,,,,,,,,,,,,,,,,,,,,,,,,,,,r.-9.1.0,,,,,,,,,,,,,,,,,,,,
4,r.-9.1.0,r.-9.1.0,r.-9.1.0,r.-9.1.0,r.-9.1.0,r.-9.1.0,r.-9.1.0,r.-9.1.0,r.-9.1.0,r.-9.1.0,r.-9.1.0,,,r.-9.1.0,r.-9.1.0,r.-9.1.0,r.-9.1.0,r.-9.1.0,r.-9.1.0,r.-9.1.0,r.-9.1.0,r.-9.1.0,r.-9.1.0,r.-9.1.0,r.-9.1.0,r.-9.1.0,r.-9.1.0,r.-9.1.0,r.-9.1.0,r.-9.1.0,r.-9.1.0,r.-9.1.0,r.-9.1.0,r.-9.1.0,r.-9.1.0,r.-9.1.0,r.-9.1.0,r.-9.1.0,r.-9.1.0,,r.-9.1.0,r.-9.1.0,r.-9.1.0,r.-9.1.0,,,,,,,,,,,,,,,,,,,,,,,,,,,,,,,,,,,,,,,,,,,,,,,,,,,r.-9.1.0,,,,,,,,,,,,,,,,,,,,
5,r.-9.1.0,r.-9.1.0,r.-9.1.0,r.-9.1.0,r.-9.1.0,r.-9.1.0,r.-9.1.0,r.-9.1.0,r.-9.1.0,r.-9.1.0,r.-9.1.0,,,r.-9.1.0,r.-9.1.0,r.-9.1.0,r.-9.1.0,r.-9.1.0,r.-9.1.0,r.-9.1.0,r.-9.1.0,r.-9.1.0,r.-9.1.0,r.-9.1.0,r.-9.1.0,r.-9.1.0,r.-9.1.0,r.-9.1.0,r.-9.1.0,r.-9.1.0,r.-9.1.0,r.-9.1.0,r.-9.1.0,r.-9.1.0,r.-9.1.0,r.-9.1.0,r.-9.1.0,r.-9.1.0,r.-9.1.0,,r.-9.1.0,r.-9.1.0,r.-9.1.0,r.-9.1.0,,,,,,,,,,,,,,,,,,,,,,,,,,,,,,,,,,,,,,,,,,,,,,,,,,,r.-9.1.0,,,,,,,,,,,,,,,,,,,,
6,r.-9.1.0,r.-9.1.0,r.-9.1.0,r.-9.1.0,r.-9.1.0,r.-9.1.0,r.-9.1.0,r.-9.1.0,r.-9.1.0,r.-9.1.0,r.-9.1.0,,,r.-9.1.0,r.-9.1.0,r.-9.1.0,r.-9.1.0,r.-9.1.0,r.-9.1.0,r.-9.1.0,r.-9.1.0,r.-9.1.0,r.-9.1.0,r.-9.1.0,r.-9.1.0,r.-9.1.0,r.-9.1.0,r.-9.1.0,r.-9.1.0,r.-9.1.0,r.-9.1.0,r.-9.1.0,r.-9.1.0,r.-9.1.0,r.-9.1.0,r.-9.1.0,r.-9.1.0,r.-9.1.0,r.-9.1.0,,r.-9.1.0,r.-9.1.0,r.-9.1.0,r.-9.1.0,,,,,,,,,,,,,,,,,,,,,,,,,,,,,,,,,,,,,,,,,,,,,,,,,,,r.-9.1.0,,,,,,,,,,,,,,,,,,,,
7,r.-9.1.0,r.-9.1.0,r.-9.1.0,r.-9.1.0,r.-9.1.0,r.-9.1.0,r.-9.1.0,r.-9.1.0,r.-9.1.0,r.-9.1.0,r.-9.1.0,,,r.-9.1.0,r.-9.1.0,r.-9.1.0,r.-9.1.0,r.-9.1.0,r.-9.1.0,r.-9.1.0,r.-9.1.0,r.-9.1.0,r.-9.1.0,r.-9.1.0,r.-9.1.0,r.-9.1.0,r.-9.1.0,r.-9.1.0,r.-9.1.0,r.-9.1.0,r.-9.1.0,r.-9.1.0,r.-9.1.0,r.-9.1.0,r.-9.1.0,r.-9.1.0,r.-9.1.0,r.-9.1.0,r.-9.1.0,,r.-9.1.0,r.-9.1.0,r.-9.1.0,r.-9.1.0,,,,,,,,,,,,,,,,,,,,,,,,,,,,,,,,,,,,,,,,,,,,,,,,,,,r.-9.1.0,,,,,,,,,,,,,,,,,,,,
8,r.-9.1.0,r.-9.1.0,r.-9.1.0,r.-9.1.0,r.-9.1.0,r.-9.1.0,r.-9.1.0,r.-9.1.0,r.-9.1.0,r.-9.1.0,r.-9.1.0,,,r.-9.1.0,r.-9.1.0,r.-9.1.0,r.-9.1.0,r.-9.1.0,r.-9.1.0,r.-9.1.0,r.-9.1.0,r.-9.1.0,r.-9.1.0,r.-9.1.0,r.-9.1.0,r.-9.1.0,r.-9.1.0,r.-9.1.0,r.-9.1.0,r.-9.1.0,r.-9.1.0,r.-9.1.0,r.-9.1.0,r.-9.1.0,r.-9.1.0,r.-9.1.0,r.-9.1.0,r.-9.1.0,r.-9.1.0,,r.-9.1.0,r.-9.1.0,r.-9.1.0,r.-9.1.0,,,,,,,,,,,,,,,,,,,,,,,,,,,,,,,,,,,,,,,,,,,,,,,,,,,r.-9.1.0,,,,,,,,,,,,,,,,,,,,
9,r.-9.1.0,r.-9.1.0,r.-9.1.0,r.-9.1.0,r.-9.1.0,r.-9.1.0,r.-9.1.0,r.-9.1.0,r.-9.1.0,r.-9.1.0,r.-9.1.0,,,r.-9.1.0,r.-9.1.0,r.-9.1.0,r.-9.1.0,r.-9.1.0,r.-9.1.0,r.-9.1.0,r.-9.1.0,r.-9.1.0,r.-9.1.0,r.-9.1.0,r.-9.1.0,r.-9.1.0,r.-9.1.0,r.-9.1.0,r.-9.1.0,r.-9.1.0,r.-9.1.0,r.-9.1.0,r.-9.1.0,r.-9.1.0,r.-9.1.0,r.-9.1.0,r.-9.1.0,r.-9.1.0,r.-9.1.0,,r.-9.1.0,r.-9.1.0,r.-9.1.0,r.-9.1.0,,,,,,,,,,,,,,,,,,,,,,,,,,,,,,,,,,,,,,,,,,,,,,,,,,,r.-9.1.0,,,,,,,,,,,,,,,,,,,,
10,r.-9.1.0,r.-9.1.0,r.-9.1.0,r.-9.1.0,r.-9.1.0,r.-9.1.0,r.-9.1.0,r.-9.1.0,r.-9.1.0,r.-9.1.0,r.-9.1.0,,,r.-9.1.0,r.-9.1.0,r.-9.1.0,r.-9.1.0,r.-9.1.0,r.-9.1.0,r.-9.1.0,r.-9.1.0,r.-9.1.0,r.-9.1.0,r.-9.1.0,r.-9.1.0,r.-9.1.0,r.-9.1.0,r.-9.1.0,r.-9.1.0,r.-9.1.0,r.-9.1.0,r.-9.1.0,r.-9.1.0,r.-9.1.0,r.-9.1.0,r.-9.1.0,r.-9.1.0,r.-9.1.0,r.-9.1.0,,r.-9.1.0,r.-9.1.0,r.-9.1.0,r.-9.1.0,,,,,,,,,,,,,,,,,,,,,,,,,,,,,,,,,,,,,,,,,,,,,,,,,,,r.-9.1.0,,,,,,,,,,,,,,,,,,,,
11,r.-9.1.0,r.-9.1.0,r.-9.1.0,r.-9.1.0,r.-9.1.0,r.-9.1.0,r.-9.1.0,r.-9.1.0,r.-9.1.0,r.-9.1.0,r.-9.1.0,,,r.-9.1.0,r.-9.1.0,r.-9.1.0,r.-9.1.0,r.-9.1.0,r.-9.1.0,r.-9.1.0,r.-9.1.0,r.-9.1.0,r.-9.1.0,r.-9.1.0,r.-9.1.0,r.-9.1.0,r.-9.1.0,r.-9.1.0,r.-9.1.0,r.-9.1.0,r.-9.1.0,r.-9.1.0,r.-9.1.0,r.-9.1.0,r.-9.1.0,r.-9.1.0,r.-9.1.0,r.-9.1.0,r.-9.1.0,,r.-9.1.0,r.-9.1.0,r.-9.1.0,r.-9.1.0,,,,,,,,,,,,,,,,,,,,,,,,,,,,,,,,,,,,,,,,,,,,,,,,,,,r.-9.1.0,,,,,,,,,,,,,,,,,,,,
12,r.-9.1.0,r.-9.1.0,r.-9.1.0,r.-9.1.0,r.-9.1.0,r.-9.1.0,r.-9.1.0,r.-9.1.0,r.-9.1.0,r.-9.1.0,r.-9.1.0,,,r.-9.1.0,r.-9.1.0,r.-9.1.0,r.-9.1.0,r.-9.1.0,r.-9.1.0,r.-9.1.0,r.-9.1.0,r.-9.1.0,r.-9.1.0,r.-9.1.0,r.-9.1.0,r.-9.1.0,r.-9.1.0,r.-9.1.0,r.-9.1.0,r.-9.1.0,r.-9.1.0,r.-9.1.0,r.-9.1.0,r.-9.1.0,r.-9.1.0,r.-9.1.0,r.-9.1.0,r.-9.1.0,r.-9.1.0,,r.-9.1.0,r.-9.1.0,r.-9.1.0,r.-9.1.0,,,,,,,,,,,,,,,,,,,,,,,,,,,,,,,,,,,,,,,,,,,,,,,,,,,r.-9.1.0,,,,,,,,,,,,,,,,,,,,
13,r.-9.1.0,r.-9.1.0,r.-9.1.0,r.-9.1.0,r.-9.1.0,r.-9.1.0,r.-9.1.0,r.-9.1.0,r.-9.1.0,r.-9.1.0,r.-9.1.0,,,r.-9.1.0,r.-9.1.0,r.-9.1.0,r.-9.1.0,r.-9.1.0,r.-9.1.0,r.-9.1.0,r.-9.1.0,r.-9.1.0,r.-9.1.0,r.-9.1.0,r.-9.1.0,r.-9.1.0,r.-9.1.0,r.-9.1.0,r.-9.1.0,r.-9.1.0,r.-9.1.0,r.-9.1.0,r.-9.1.0,r.-9.1.0,r.-9.1.0,r.-9.1.0,r.-9.1.0,r.-9.1.0,r.-9.1.0,,r.-9.1.0,r.-9.1.0,r.-9.1.0,r.-9.1.0,,,,,,,,,,,,,,,,,,,,,,,,,,,,,,,,,,,,,,,,,,,,,,,,,,,r.-9.1.0,,,,,,,,,,,,,,,,,,,,
14,r.-9.1.0,r.-9.1.0,r.-9.1.0,r.-9.1.0,r.-9.1.0,r.-9.1.0,r.-9.1.0,r.-9.1.0,r.-9.1.0,r.-9.1.0,r.-9.1.0,,,r.-9.1.0,r.-9.1.0,r.-9.1.0,r.-9.1.0,r.-9.1.0,r.-9.1.0,r.-9.1.0,r.-9.1.0,r.-9.1.0,r.-9.1.0,r.-9.1.0,r.-9.1.0,r.-9.1.0,r.-9.1.0,r.-9.1.0,r.-9.1.0,r.-9.1.0,r.-9.1.0,r.-9.1.0,r.-9.1.0,r.-9.1.0,r.-9.1.0,r.-9.1.0,r.-9.1.0,r.-9.1.0,r.-9.1.0,,r.-9.1.0,r.-9.1.0,r.-9.1.0,r.-9.1.0,,,,,,,,,,,,,,,,,,,,,,,,,,,,,,,,,,,,,,,,,,,,,,,,,,,r.-9.1.0,,,,,,,,,,,,,,,,,,,,
15,r.-9.1.0,r.-9.1.0,r.-9.1.0,r.-9.1.0,r.-9.1.0,r.-9.1.0,r.-9.1.0,r.-9.1.0,r.-9.1.0,r.-9.1.0,r.-9.1.0,,,r.-9.1.0,r.-9.1.0,r.-9.1.0,r.-9.1.0,r.-9.1.0,r.-9.1.0,r.-9.1.0,r.-9.1.0,r.-9.1.0,r.-9.1.0,r.-9.1.0,r.-9.1.0,r.-9.1.0,r.-9.1.0,r.-9.1.0,r.-9.1.0,r.-9.1.0,r.-9.1.0,r.-9.1.0,r.-9.1.0,r.-9.1.0,r.-9.1.0,r.-9.1.0,r.-9.1.0,r.-9.1.0,r.-9.1.0,,r.-9.1.0,r.-9.1.0,r.-9.1.0,r.-9.1.0,,,,,,,,,,,,,,,,,,,,,,,,,,,,,,,,,,,,,,,,,,,,,,,,,,,r.-9.1.0,,,,,,,,,,,,,,,,,,,,
16,r.-9.1.0,r.-9.1.0,r.-9.1.0,r.-9.1.0,r.-9.1.0,r.-9.1.0,r.-9.1.0,r.-9.1.0,r.-9.1.0,r.-9.1.0,r.-9.1.0,,,r.-9.1.0,r.-9.1.0,r.-9.1.0,r.-9.1.0,r.-9.1.0,r.-9.1.0,r.-9.1.0,r.-9.1.0,r.-9.1.0,r.-9.1.0,r.-9.1.0,r.-9.1.0,r.-9.1.0,r.-9.1.0,r.-9.1.0,r.-9.1.0,r.-9.1.0,r.-9.1.0,r.-9.1.0,r.-9.1.0,r.-9.1.0,r.-9.1.0,r.-9.1.0,r.-9.1.0,r.-9.1.0,r.-9.1.0,,r.-9.1.0,r.-9.1.0,r.-9.1.0,r.-9.1.0,,,,,,,,,,,,,,,,,,,,,,,,,,,,,,,,,,,,,,,,,,,,,,,,,,,r.-9.1.0,,,,,,,,,,,,,,,,,,,,
17,r.-9.1.0,r.-9.1.0,r.-9.1.0,r.-9.1.0,r.-9.1.0,r.-9.1.0,r.-9.1.0,r.-9.1.0,r.-9.1.0,r.-9.1.0,r.-9.1.0,,,r.-9.1.0,r.-9.1.0,r.-9.1.0,r.-9.1.0,r.-9.1.0,r.-9.1.0,r.-9.1.0,r.-9.1.0,r.-9.1.0,r.-9.1.0,r.-9.1.0,r.-9.1.0,r.-9.1.0,r.-9.1.0,r.-9.1.0,r.-9.1.0,r.-9.1.0,r.-9.1.0,r.-9.1.0,r.-9.1.0,r.-9.1.0,r.-9.1.0,r.-9.1.0,r.-9.1.0,r.-9.1.0,r.-9.1.0,,r.-9.1.0,r.-9.1.0,r.-9.1.0,r.-9.1.0,,,,,,,,,,,,,,,,,,,,,,,,,,,,,,,,,,,,,,,,,,,,,,,,,,,r.-9.1.0,,,,,,,,,,,,,,,,,,,,
18,r.-9.1.0,r.-9.1.0,r.-9.1.0,r.-9.1.0,r.-9.1.0,r.-9.1.0,r.-9.1.0,r.-9.1.0,r.-9.1.0,r.-9.1.0,r.-9.1.0,,,r.-9.1.0,r.-9.1.0,r.-9.1.0,r.-9.1.0,r.-9.1.0,r.-9.1.0,r.-9.1.0,r.-9.1.0,r.-9.1.0,r.-9.1.0,r.-9.1.0,r.-9.1.0,r.-9.1.0,r.-9.1.0,r.-9.1.0,r.-9.1.0,r.-9.1.0,r.-9.1.0,r.-9.1.0,r.-9.1.0,r.-9.1.0,r.-9.1.0,r.-9.1.0,r.-9.1.0,r.-9.1.0,r.-9.1.0,,r.-9.1.0,r.-9.1.0,r.-9.1.0,r.-9.1.0,,,,,,,,,,,,,,,,,,,,,,,,,,,,,,,,,,,,,,,,,,,,,,,,,,,r.-9.1.0,,,,,,,,,,,,,,,,,,,,
19,r.-9.1.0,r.-9.1.0,r.-9.1.0,r.-9.1.0,r.-9.1.0,r.-9.1.0,r.-9.1.0,r.-9.1.0,r.-9.1.0,r.-9.1.0,r.-9.1.0,,,r.-9.1.0,r.-9.1.0,r.-9.1.0,r.-9.1.0,r.-9.1.0,r.-9.1.0,r.-9.1.0,r.-9.1.0,r.-9.1.0,r.-9.1.0,r.-9.1.0,r.-9.1.0,r.-9.1.0,r.-9.1.0,r.-9.1.0,r.-9.1.0,r.-9.1.0,r.-9.1.0,r.-9.1.0,r.-9.1.0,r.-9.1.0,r.-9.1.0,r.-9.1.0,r.-9.1.0,r.-9.1.0,r.-9.1.0,,r.-9.1.0,r.-9.1.0,r.-9.1.0,r.-9.1.0,,,,,,,,,,,,,,,,,,,,,,,,,,,,,,,,,,,,,,,,,,,,,,,,,,,r.-9.1.0,,,,,,,,,,,,,,,,,,,,
20,r.-9.1.0,r.-9.1.0,r.-9.1.0,r.-9.1.0,r.-9.1.0,r.-9.1.0,r.-9.1.0,r.-9.1.0,r.-9.1.0,r.-9.1.0,r.-9.1.0,,,r.-9.1.0,r.-9.1.0,r.-9.1.0,r.-9.1.0,r.-9.1.0,r.-9.1.0,r.-9.1.0,r.-9.1.0,r.-9.1.0,r.-9.1.0,r.-9.1.0,r.-9.1.0,r.-9.1.0,r.-9.1.0,r.-9.1.0,r.-9.1.0,r.-9.1.0,r.-9.1.0,r.-9.1.0,r.-9.1.0,r.-9.1.0,r.-9.1.0,r.-9.1.0,r.-9.1.0,r.-9.1.0,r.-9.1.0,,r.-9.1.0,r.-9.1.0,r.-9.1.0,r.-9.1.0,,,,,,,,,,,,,,,,,,,,,,,,,,,,,,,,,,,,,,,,,,,,,,,,,,,r.-9.1.0,,,,,,,,,,,,,,,,,,,,
21,r.-9.1.0,r.-9.1.0,r.-9.1.0,r.-9.1.0,r.-9.1.0,r.-9.1.0,r.-9.1.0,r.-9.1.0,r.-9.1.0,r.-9.1.0,r.-9.1.0,,,r.-9.1.0,r.-9.1.0,r.-9.1.0,r.-9.1.0,r.-9.1.0,r.-9.1.0,r.-9.1.0,r.-9.1.0,r.-9.1.0,r.-9.1.0,r.-9.1.0,r.-9.1.0,r.-9.1.0,r.-9.1.0,r.-9.1.0,r.-9.1.0,r.-9.1.0,r.-9.1.0,r.-9.1.0,r.-9.1.0,r.-9.1.0,r.-9.1.0,r.-9.1.0,r.-9.1.0,r.-9.1.0,r.-9.1.0,,r.-9.1.0,r.-9.1.0,r.-9.1.0,r.-9.1.0,,,,,,,,,,,,,,,,,,,,,,,,,,,,,,,,,,,,,,,,,,,,,,,,,,,r.-9.1.0,,,,,,,,,,,,,,,,,,,,
22,r.-9.1.0,r.-9.1.0,r.-9.1.0,r.-9.1.0,r.-9.1.0,r.-9.1.0,r.-9.1.0,r.-9.1.0,r.-9.1.0,r.-9.1.0,r.-9.1.0,,,r.-9.1.0,r.-9.1.0,r.-9.1.0,r.-9.1.0,r.-9.1.0,r.-9.1.0,r.-9.1.0,r.-9.1.0,r.-9.1.0,r.-9.1.0,r.-9.1.0,r.-9.1.0,r.-9.1.0,r.-9.1.0,r.-9.1.0,r.-9.1.0,r.-9.1.0,r.-9.1.0,r.-9.1.0,r.-9.1.0,r.-9.1.0,r.-9.1.0,r.-9.1.0,r.-9.1.0,r.-9.1.0,r.-9.1.0,,r.-9.1.0,r.-9.1.0,r.-9.1.0,r.-9.1.0,,,,,,,,,,,,,,,,,,,,,,,,,,,,,,,,,,,,,,,,,,,,,,,,,,,r.-9.1.0,,,,,,,,,,,,,,,,,,,,
23,r.-9.1.0,r.-9.1.0,r.-9.1.0,r.-9.1.0,r.-9.1.0,r.-9.1.0,r.-9.1.0,r.-9.1.0,r.-9.1.0,r.-9.1.0,r.-9.1.0,,,r.-9.1.0,r.-9.1.0,r.-9.1.0,r.-9.1.0,r.-9.1.0,r.-9.1.0,r.-9.1.0,r.-9.1.0,r.-9.1.0,r.-9.1.0,r.-9.1.0,r.-9.1.0,r.-9.1.0,r.-9.1.0,r.-9.1.0,r.-9.1.0,r.-9.1.0,r.-9.1.0,r.-9.1.0,r.-9.1.0,r.-9.1.0,r.-9.1.0,r.-9.1.0,r.-9.1.0,r.-9.1.0,r.-9.1.0,,r.-9.1.0,r.-9.1.0,r.-9.1.0,r.-9.1.0,,,,,,,,,,,,,,,,,,,,,,,,,,,,,,,,,,,,,,,,,,,,,,,,,,,r.-9.1.0,,,,,,,,,,,,,,,,,,,,
24,r.-9.1.0,r.-9.1.0,r.-9.1.0,r.-9.1.0,r.-9.1.0,r.-9.1.0,r.-9.1.0,r.-9.1.0,r.-9.1.0,r.-9.1.0,r.-9.1.0,,,r.-9.1.0,r.-9.1.0,r.-9.1.0,r.-9.1.0,r.-9.1.0,r.-9.1.0,r.-9.1.0,r.-9.1.0,r.-9.1.0,r.-9.1.0,r.-9.1.0,r.-9.1.0,r.-9.1.0,r.-9.1.0,r.-9.1.0,r.-9.1.0,r.-9.1.0,r.-9.1.0,r.-9.1.0,r.-9.1.0,r.-9.1.0,r.-9.1.0,r.-9.1.0,r.-9.1.0,r.-9.1.0,r.-9.1.0,,r.-9.1.0,r.-9.1.0,r.-9.1.0,r.-9.1.0,,,,,,,,,,,,,,,,,,,,,,,,,,,,,,,,,,,,,,,,,,,,,,,,,,,r.-9.1.0,,,,,,,,,,,,,,,,,,,,
25,r.-9.1.0,r.-9.1.0,r.-9.1.0,r.-9.1.0,r.-9.1.0,r.-9.1.0,r.-9.1.0,r.-9.1.0,r.-9.1.0,r.-9.1.0,r.-9.1.0,,,r.-9.1.0,r.-9.1.0,r.-9.1.0,r.-9.1.0,r.-9.1.0,r.-9.1.0,r.-9.1.0,r.-9.1.0,r.-9.1.0,r.-9.1.0,r.-9.1.0,r.-9.1.0,r.-9.1.0,r.-9.1.0,r.-9.1.0,r.-9.1.0,r.-9.1.0,r.-9.1.0,r.-9.1.0,r.-9.1.0,r.-9.1.0,r.-9.1.0,r.-9.1.0,r.-9.1.0,r.-9.1.0,r.-9.1.0,,r.-9.1.0,r.-9.1.0,r.-9.1.0,r.-9.1.0,,,,,,,,,,,,,,,,,,,,,,,,,,,,,,,,,,,,,,,,,,,,,,,,,,,r.-9.1.0,,,,,,,,,,,,,,,,,,,,
26,r.-9.1.0,r.-9.1.0,r.-9.1.0,r.-9.1.0,r.-9.1.0,r.-9.1.0,r.-9.1.0,r.-9.1.0,r.-9.1.0,r.-9.1.0,r.-9.1.0,,,r.-9.1.0,r.-9.1.0,r.-9.1.0,r.-9.1.0,r.-9.1.0,r.-9.1.0,r.-9.1.0,r.-9.1.0,r.-9.1.0,r.-9.1.0,r.-9.1.0,r.-9.1.0,r.-9.1.0,r.-9.1.0,r.-9.1.0,r.-9.1.0,r.-9.1.0,r.-9.1.0,r.-9.1.0,r.-9.1.0,r.-9.1.0,r.-9.1.0,r.-9.1.0,r.-9.1.0,r.-9.1.0,r.-9.1.0,,r.-9.1.0,r.-9.1.0,r.-9.1.0,r.-9.1.0,,,,,,,,,,,,,,,,,,,,,,,,,,,,,,,,,,,,,,,,,,,,,,,,,,,r.-9.1.0,,,,,,,,,,,,,,,,,,,,
27,r.-9.1.0,r.-9.1.0,r.-9.1.0,r.-9.1.0,r.-9.1.0,r.-9.1.0,r.-9.1.0,r.-9.1.0,r.-9.1.0,r.-9.1.0,r.-9.1.0,,,r.-9.1.0,r.-9.1.0,r.-9.1.0,r.-9.1.0,r.-9.1.0,r.-9.1.0,r.-9.1.0,r.-9.1.0,r.-9.1.0,r.-9.1.0,r.-9.1.0,r.-9.1.0,r.-9.1.0,r.-9.1.0,r.-9.1.0,r.-9.1.0,r.-9.1.0,r.-9.1.0,r.-9.1.0,r.-9.1.0,r.-9.1.0,r.-9.1.0,r.-9.1.0,r.-9.1.0,r.-9.1.0,r.-9.1.0,,r.-9.1.0,r.-9.1.0,r.-9.1.0,r.-9.1.0,,,,,,,,,,,,,,,,,,,,,,,,,,,,,,,,,,,,,,,,,,,,,,,,,,,r.-9.1.0,,,,,,,,,,,,,,,,,,,,
28,r.-9.1.0,r.-9.1.0,r.-9.1.0,r.-9.1.0,r.-9.1.0,r.-9.1.0,r.-9.1.0,r.-9.1.0,r.-9.1.0,r.-9.1.0,r.-9.1.0,,,r.-9.1.0,r.-9.1.0,r.-9.1.0,r.-9.1.0,r.-9.1.0,r.-9.1.0,r.-9.1.0,r.-9.1.0,r.-9.1.0,r.-9.1.0,r.-9.1.0,r.-9.1.0,r.-9.1.0,r.-9.1.0,r.-9.1.0,r.-9.1.0,r.-9.1.0,r.-9.1.0,r.-9.1.0,r.-9.1.0,r.-9.1.0,r.-9.1.0,r.-9.1.0,r.-9.1.0,r.-9.1.0,r.-9.1.0,,r.-9.1.0,r.-9.1.0,r.-9.1.0,r.-9.1.0,,,,,,,,,,,,,,,,,,,,,,,,,,,,,,,,,,,,,,,,,,,,,,,,,,,r.-9.1.0,,,,,,,,,,,,,,,,,,,,
29,r.-13.1.0,r.-14.1.0/r.-13.1.0,r.-13.1.0/r.-14.1.0,r.-14.1.0/r.-13.1.0,r.-14.1.0/r.-13.1.0,r.-13.1.0/r.-14.1.0,r.-13.1.0/r.-14.1.0,r.-13.1.0/r.-14.1.0,r.-13.1.0/r.-14.1.0,r.-13.1.0/r.-14.1.0,r.-13.1.0/r.-14.1.0,,,r.-13.1.0,r.-13.1.0,r.-13.1.0,r.-13.1.0,r.-13.1.0,r.-13.1.0,r.-13.1.0,r.-13.1.0,r.-13.1.0,r.-13.1.0,r.-13.1.0,r.-13.1.0,r.-13.1.0,r.-13.1.0,r.-13.1.0,r.-13.1.0,r.-13.1.0,r.-13.1.0,r.-13.1.0,r.-13.1.0,r.-13.1.0,r.-13.1.0,r.-13.1.0,r.-13.1.0,r.-13.1.0,r.-13.1.0,,r.-13.1.0,r.-13.1.0,r.-13.1.0,r.-13.1.0,,,,,,,,,,,,,,,,,,,,,,,,,,,,,,,,,,,,,,,,,,,,,,,,,,,r.-13.1.0,,,,,,,,,,,,,,,,,,,,
30,r.-13.1.0,r.-13.1.0/r.-14.1.0,r.-13.1.0/r.-14.1.0,r.-13.1.0/r.-14.1.0,r.-13.1.0/r.-14.1.0,r.-13.1.0/r.-14.1.0,r.-13.1.0/r.-14.1.0,r.-13.1.0/r.-14.1.0,r.-14.1.0/r.-13.1.0,r.-13.1.0/r.-14.1.0,r.-14.1.0/r.-13.1.0,,,r.-13.1.0,r.-13.1.0,r.-13.1.0,r.-13.1.0,r.-13.1.0,r.-13.1.0,r.-13.1.0,r.-13.1.0,r.-13.1.0,r.-13.1.0,r.-13.1.0,r.-13.1.0,r.-13.1.0,r.-13.1.0,r.-13.1.0,r.-13.1.0,r.-13.1.0,r.-13.1.0,r.-13.1.0,r.-13.1.0,r.-13.1.0,r.-13.1.0,r.-13.1.0,r.-13.1.0,r.-13.1.0,r.-13.1.0,,r.-13.1.0,r.-13.1.0,r.-13.1.0,r.-13.1.0,,,,,,,,,,,,,,,,,,,,,,,,,,,,,,,,,,,,,,,,,,,,,,,,,,,r.-13.1.0,,,,,,,,,,,,,,,,,,,,
31,r.-13.1.0,r.-13.1.0,r.-13.1.0,r.-13.1.0,r.-13.1.0,r.-13.1.0,r.-13.1.0,r.-13.1.0,r.-13.1.0,r.-13.1.0,r.-13.1.0,,,r.-13.1.0,r.-13.1.0,r.-13.1.0,r.-13.1.0,r.-13.1.0,r.-13.1.0,r.-13.1.0,r.-13.1.0,r.-13.1.0,r.-13.1.0,r.-13.1.0,r.-13.1.0,r.-13.1.0,r.-13.1.0,r.-13.1.0,r.-13.1.0,r.-13.1.0,r.-13.1.0,r.-13.1.0,r.-13.1.0,r.-13.1.0,r.-13.1.0,r.-13.1.0,r.-13.1.0,r.-13.1.0,r.-13.1.0,,r.-13.1.0,r.-13.1.0,r.-13.1.0,r.-13.1.0,,,,,,,,,,,,,,,,,,,,,,,,,,,,,,,,,,,,,,,,,,,,,,,,,,,r.-13.1.0,,,,,,,,,,,,,,,,,,,,
32,r.-13.1.0,r.-13.1.0,r.-13.1.0,r.-13.1.0,r.-13.1.0,r.-13.1.0,r.-13.1.0,r.-13.1.0,r.-13.1.0,r.-13.1.0,r.-13.1.0,,,r.-13.1.0,r.-13.1.0,r.-13.1.0,r.-13.1.0,r.-13.1.0,r.-13.1.0,r.-13.1.0,r.-13.1.0,r.-13.1.0,r.-13.1.0,r.-13.1.0,r.-13.1.0,r.-13.1.0,r.-13.1.0,r.-13.1.0,r.-13.1.0,r.-13.1.0,r.-13.1.0,r.-13.1.0,r.-13.1.0,r.-13.1.0,r.-13.1.0,r.-13.1.0,r.-13.1.0,r.-13.1.0,r.-13.1.0,,r.-13.1.0,r.-13.1.0,r.-13.1.0,r.-13.1.0,,,,,,,,,,,,,,,,,,,,,,,,,,,,,,,,,,,,,,,,,,,,,,,,,,,r.-13.1.0,,,,,,,,,,,,,,,,,,,,
33,p.120,p.121,p.122,p.123,p.124,p.125,p.126,p.127,p.128,p.129,p.130,p.131,p.132,p.133,p.134,p.135,p.136,p.137,p.138,p.139,p.140,p.141,p.142,p.143,p.144,p.145,p.146,p.147,p.148,p.149,p.150,p.151,p.152,p.153,p.154,p.155,p.156,p.157,p.158,p.159,p.160,p.161,p.162,p.163,,p.164,p.165,p.166,p.167,p.168,p.169,p.170,p.171,p.172,p.173,p.174,p.175,p.176,p.177,p.178,p.179,p.180,p.181,p.182,p.183,p.184,p.185,p.186,p.187,p.188,p.189,p.190,p.191,p.192,p.193,p.194,p.195,p.196,p.197,p.198,p.199,p.200,p.201,p.202,p.203,p.204,p.205,p.206,p.207,p.208,p.209,p.210,p.211,p.212,,,,,,,,,,,,,,,,,p.213,p.214,,,
34,,,,,,,,,,,,,,,,,,,,,,,,,,,,,,,,,,,,,,,,,,,,,,,,,,,,,,,,,,,,,,,,,,,,,,,,,,,,,,,,,,,,,,,,,,,,,,,acc,,,,,,,,,,,,,,,,,,,,
35,,,,,,,,,,,,,,,,,,,,,,,,,,,,,,,,,,,,,,,,,,,,,,,,,,,,,,,,,,,,,,,,,,,,,,,,,,,,,,,,,,,,,,,,,,,,,,,r.-7.1.0,,,,,,,,,,,,,,,,,,,,
36,,,,,,,,,,,,,,,,,,,,,,,,,,,,,,,,,,,,,,,,,,,,,,,,,,,,,,,,,,,,,,,,,,,,,,,,,,,,,,,,,,,,,,,,,,,,,,,r.-2.1.0,,,,,,,,,,,,,,,,,,,,
37,,,,,,,,,,,,,,,,,,,,,,,,,,,,,,,,,,,,,,,,,,,,,,,,,,,,,,,,,,,,,,,,,,,,,,,,,,,,,,,,,,,,,,,,,,,,,,,r.-1.1.0,,,,,,,,,,,,,,,,,,,,
38,r.-20.1.0,r.-20.1.0,r.-20.1.0,r.-20.1.0,r.-20.1.0,r.-20.1.0,r.-20.1.0,r.-20.1.0,r.-20.1.0,r.-20.1.0,r.-20.1.0,,,r.-20.1.0,r.-20.1.0,r.-20.1.0,r.-20.1.0,r.-20.1.0,r.-20.1.0,r.-20.1.0,r.-20.1.0,r.-20.1.0,r.-20.1.0,r.-20.1.0,r.-20.1.0,r.-20.1.0,r.-20.1.0,r.-20.1.0,r.-20.1.0,r.-20.1.0,r.-20.1.0,r.-20.1.0,r.-20.1.0,r.-20.1.0,r.-20.1.0,r.-20.1.0,r.-20.1.0,r.-20.1.0,r.-20.1.0,,r.-20.1.0,r.-20.1.0,r.-20.1.0,r.-20.1.0,,,,,,,,,,,,,,,,,,,,,,,,,,,,,,,,,,,,,,,,,,,,,,,,,,,r.-20.1.0,,,,,,,,,,,,,,,,,,,,
39,,,,,,,,,,,,,,,,,,,,,,,,,,,,,,,,,,,,,,,,,,,,,,,,,,,,,,,,,,,,,,,,,,,,,,,,,,,,,,,,,,,,,,,,,,,,,,,r.-7.1.0,,,,,,,,,,,,,,,,,,,,
40,,,,,,,,,,,,,,,,,,,,,,,,,,,,,,,,,,,,,,,,,,,,,,,,,,,,,,,,,,,,,,,,,,,,,,,,,,,,,,,,,,,,,,,,,,,,,,,r.-2.1.0,,,,,,,,,,,,,,,,,,,,
41,r.-20.1.0,r.-20.1.0,r.-20.1.0,r.-20.1.0,r.-20.1.0,r.-20.1.0,r.-20.1.0,r.-20.1.0,r.-20.1.0,r.-20.1.0,r.-20.1.0,,,r.-20.1.0,r.-20.1.0,r.-20.1.0,r.-20.1.0,r.-20.1.0,r.-20.1.0,r.-20.1.0,r.-20.1.0,r.-20.1.0,r.-20.1.0,r.-20.1.0,r.-20.1.0,r.-20.1.0,r.-20.1.0,r.-20.1.0,r.-20.1.0,r.-20.1.0,r.-20.1.0,r.-20.1.0,r.-20.1.0,r.-20.1.0,r.-20.1.0,r.-20.1.0,r.-20.1.0,r.-20.1.0,r.-20.1.0,,r.-20.1.0,r.-20.1.0,r.-20.1.0,r.-20.1.0,,,,,,,,,,,,,,,,,,,,,,,,,,,,,,,,,,,,,,,,,,,,,,,,,,,r.-20.1.0,,,,,,,,,,,,,,,,,,,,
42,,p.92,p.93,p.94,p.95,p.96,p.97,p.98,p.99,p.100,p.101,,,,,,,,,,,,,,,,,,,,,,,,,,,,,,,,,,,,,,,,,,,,,,,,,,,,,,,,,,,,,,,,,,,,,,,,,,,,,,,,,,,,,,,,p.102,p.103,,,,,,,,,,,,,,,
43,,,,,,,,,,,,,,,,,,,,,,,,,,,,,,,,,,,,,,,,,,,,,,,,,,,,,,,,,,,,,,,,,,,,,,,,,,,,,,,,,,,,,,,,,,,,,,,r.-2.1.0,,,,,,,,,,,,,,,,,,,,
44,,,,,,,,,,,,,,,,,,,,,,,,,,,,,,,,,,,,,,,,,,,,,,,,,,,,,,,,,,,,,,,,,,,,,,,,,,,,,,,,,,,,,,,,,,,,,,,r.-2.1.0,,,,,,,,,,,,,,,,,,,,
45,p.46,p.47,p.48,p.49,p.50,p.51,p.52,p.53,p.54,p.55,p.56,,,p.57,p.58,p.59,p.60,p.61,p.62,p.63,p.64,p.65,p.66,p.67,p.68,p.69,p.70,p.71,p.72,p.73,p.74,p.75,p.76,p.77,p.78,p.79,p.80,p.81,p.82,,p.83,p.84,p.85,p.86,,,,,,,,,,,,,,,,,,,,,,,,,,,,,,,,,,,,,,,,,,,,,,,,,,,r.-19.0.6/r.-18.1.6,,,,p.87,,,,,p.88,,,,p.89,,,,,,p.90,p.91
46,,,,,,,,,,,,,,,,,,,,,,,,,,,,,,,,,,,,,,,,,,,,,,,,,,,,,,,,,,,,,,,,,,,,,,,,,,,,,,,,,,,,,,,,,,,,,,,r.-13.1.0,,,,,,,,,,,,,,,,,,,,
47,,,,,,,,,,,,,,,,,,,,,,,,,,,,,,,,,,,,,,,,,,,,,,,,,,,,,,,,,,,,,,,,,,,,,,,,,,,,,,,,,,,,,,,,,,,,,,,r.-4.1.0,,,,,,,,,,,,,,,,,,,,
48,,,,,,,,,,,,,,,,,,,,,,,,,,,,,,,,,,,,,,,,,,,,,,,,,,,,,,,,,,,,,,,,,,,,,,,,,,,,,,,,,,,,,,,,,,,,,,,r.-4.1.0,,,,,,,,,,,,,,,,,,,,
49,,,,,,,,,,,,,,,,,,,,,,,,,,,,,,,,,,,,,,,,,,,,,,,,,,,,,,,,,,,,,,,,,,,,,,,,,,,,,,,,,,,,,,,,,,,,,,,r.-4.1.0,,,,,,,,,,,,,,,,,,,,
50,,,,,,,,,,,,,,,,,,,,,,,,,,,,,,,,,,,,,,,,,,,,,,,,,,,,,,,,,,,,,,,,,,,,,,,,,,,,,,,,,,,,,,,,,,,,,,,r.-4.1.0,,,,,,,,,,,,,,,,,,,,
51,,,,,,,,,,,,,,,,,,,,,,,,,,,,,,,,,,,,,,,,,,,,,,,,,,,,,,,,,,,,,,,,,,,,,,,,,,,,,,,,,,,,,,,,,,,,,,,r.-4.1.0,,,,,,,,,,,,,,,,,,,,
52,,,,,,,,,,,,,,,,,,,,,,,,,,,,,,,,,,,,,,,,,,,,,,,,,,,,,,,,,,,,,,,,,,,,,,,,,,,,,,,,,,,,,,,,,,,,,,,r.-4.1.0,,,,,,,,,,,,,,,,,,,,
53,,,,,,,,,,,,,,,,,,,,,,,,,,,,,,,,,,,,,,,,,,,,,,,,,,,,,,,,,,,,,,,,,,,,,,,,,,,,,,,,,,,,,,,,,,,,,,,r.-4.1.0,,,,,,,,,,,,,,,,,,,,
54,,,,,,,,,,,,,,,,,,,,,,,,,,,,,,,,,,,,,,,,,,,,,,,,,,,,,,,,,,,,,,,,,,,,,,,,,,,,,,,,,,,,,,,,,,,,,,,r.-4.1.0,,,,,,,,,,,,,,,,,,,,
55,,,,,,,,,,,,,,,,,,,,,,,,,,,,,,,,,,,,,,,,,,,,,,,,,,,,,,,,,,,,,,,,,,,,,,,,,,,,,,,,,,,,,,,,,,,,,,,r.-4.1.0,,,,,,,,,,,,,,,,,,,,
56,,,,,,,,,,,,,,,,,,,,,,,,,,,,,,,,,,,,,,,,,,,,,,,,,,,,,,,,,,,,,,,,,,,,,,,,,,,,,,,,,,,,,,,,,,,,,,,r.-4.1.0,,,,,,,,,,,,,,,,,,,,
57,,,,,,,,,,,,,,,,,,,,,,,,,,,,,,,,,,,,,,,,,,,,,,,,,,,,,,,,,,,,,,,,,,,,,,,,,,,,,,,,,,,,,,,,,,,,,,,r.-9.1.0,,,,,,,,,,,,,,,,,,,,
58,,,,,,,,,,,,,,,,,,,,,,,,,,,,,,,,,,,,,,,,,,,,,,,,,,,,,,,,,,,,,,,,,,,,,,,,,,,,,,,,,,,,,,,,,,,,,,,r.-9.1.0,,,,,,,,,,,,,,,,,,,,
59,,,,,,,,,,,,,,,,,,,,,,,,,,,,,,,,,,,,,,,,,,,,,,,,,,,,,,,,,,,,,,,,,,,,,,,,,,,,,,,,,,,,,,,,,,,,,,,r.-9.1.0,,,,,,,,,,,,,,,,,,,,
60,,,,,,,,,,,,,,,,,,,,,,,,,,,,,,,,,,,,,,,,,,,,,,,,,,,,,,,,,,,,,,,,,,,,,,,,,,,,,,,,,,,,,,,,,,,,,,,r.-9.1.0,,,,,,,,,,,,,,,,,,,,
61,,,,,,,,,,,,,,,,,,,,,,,,,,,,,,,,,,,,,,,,,,,,,,,,,,,,,,,,,,,,,,,,,,,,,,,,,,,,,,,,,,,,,,,,,,,,,,,r.-9.1.0,,,,,,,,,,,,,,,,,,,,
62,,,,,,,,,,,,,,,,,,,,,,,,,,,,,,,,,,,,,,,,,,,,,,,,,,,,,,,,,,,,,,,,,,,,,,,,,,,,,,,,,,,,,,,,,,,,,,,r.-9.1.0,,,,,,,,,,,,,,,,,,,,
63,,,,,,,,,,,,,,,,,,,,,,,,,,,,,,,,,,,,,,,,,,,,,,,,,,,,,,,,,,,,,,,,,,,,,,,,,,,,,,,,,,,,,,,,,,,,,,,r.-9.1.0,,,,,,,,,,,,,,,,,,,,
64,,,,,,,,,,,,,,,,,,,,,,,,,,,,,,,,,,,,,,,,,,,,,,,,,,,,,,,,,,,,,,,,,,,,,,,,,,,,,,,,,,,,,,,,,,,,,,,r.-9.1.0,,,,,,,,,,,,,,,,,,,,
65,,,,,,,,,,,,,,,,,,,,,,,,,,,,,,,,,,,,,,,,,,,,,,,,,,,,,,,,,,,,,,,,,,,,,,,,,,,,,,,,,,,,,,,,,,,,,,,r.-9.1.0,,,,,,,,,,,,,,,,,,,,
66,,,,,,,,,,,,,,,,,,,,,,,,,,,,,,,,,,,,,,,,,,,,,,,,,,,,,,,,,,,,,,,,,,,,,,,,,,,,,,,,,,,,,,,,,,,,,,,r.-9.1.0,,,,,,,,,,,,,,,,,,,,
67,,,,,,,,,,,,,,,,,,,,,,,,,,,,,,,,,,,,,,,,,,,,,,,,,,,,,,,,,,,,,,,,,,,,,,,,,,,,,,,,,,,,,,,,,,,,,,,r.-9.1.0,,,,,,,,,,,,,,,,,,,,
68,,,,,,,,,,,,,,,,,,,,,,,,,,,,,,,,,,,,,,,,,,,,,,,,,,,,,,,,,,,,,,,,,,,,,,,,,,,,,,,,,,,,,,,,,,,,,,,r.-9.1.0,,,,,,,,,,,,,,,,,,,,
69,,,,,,,,,,,,,,,,,,,,,,,,,,,,,,,,,,,,,,,,,,,,,,,,,,,,,,,,,,,,,,,,,,,,,,,,,,,,,,,,,,,,,,,,,,,,,,,r.-9.1.0,,,,,,,,,,,,,,,,,,,,
70,,,,,,,,,,,,,,,,,,,,,,,,,,,,,,,,,,,,,,,,,,,,,,,,,,,,,,,,,,,,,,,,,,,,,,,,,,,,,,,,,,,,,,,,,,,,,,,r.-9.1.0,,,,,,,,,,,,,,,,,,,,
71,,,,,,,,,,,,,,,,,,,,,,,,,,,,,,,,,,,,,,,,,,,,,,,,,,,,,,,,,,,,,,,,,,,,,,,,,,,,,,,,,,,,,,,,,,,,,,,r.-9.1.0,,,,,,,,,,,,,,,,,,,,
72,,,,,,,,,,,,,,,,,,,,,,,,,,,,,,,,,,,,,,,,,,,,,,,,,,,,,,,,,,,,,,,,,,,,,,,,,,,,,,,,,,,,,,,,,,,,,,,r.-9.1.0,,,,,,,,,,,,,,,,,,,,
73,,,,,,,,,,,,,,,,,,,,,,,,,,,,,,,,,,,,,,,,,,,,,,,,,,,,,,,,,,,,,,,,,,,,,,,,,,,,,,,,,,,,,,,,,,,,,,,r.-9.1.0,,,,,,,,,,,,,,,,,,,,
74,,,,,,,,,,,,,,,,,,,,,,,,,,,,,,,,,,,,,,,,,,,,,,,,,,,,,,,,,,,,,,,,,,,,,,,,,,,,,,,,,,,,,,,,,,,,,,,r.-9.1.0,,,,,,,,,,,,,,,,,,,,
75,,,,,,,,,,,,,,,,,,,,,,,,,,,,,,,,,,,,,,,,,,,,,,,,,,,,,,,,,,,,,,,,,,,,,,,,,,,,,,,,,,,,,,,,,,,,,,,r.-9.1.0,,,,,,,,,,,,,,,,,,,,
76,,,,,,,,,,,,,,,,,,,,,,,,,,,,,,,,,,,,,,,,,,,,,,,,,,,,,,,,,,,,,,,,,,,,,,,,,,,,,,,,,,,,,,,,,,,,,,,r.-9.1.0,,,,,,,,,,,,,,,,,,,,
77,,,,,,,,,,,,,,,,,,,,,,,,,,,,,,,,,,,,,,,,,,,,,,,,,,,,,,,,,,,,,,,,,,,,,,,,,,,,,,,,,,,,,,,,,,,,,,,r.-9.1.0,,,,,,,,,,,,,,,,,,,,
78,,,,,,,,,,,,,,,,,,,,,,,,,,,,,,,,,,,,,,,,,,,,,,,,,,,,,,,,,,,,,,,,,,,,,,,,,,,,,,,,,,,,,,,,,,,,,,,r.-9.1.0,,,,,,,,,,,,,,,,,,,,
79,,,,,,,,,,,,,,,,,,,,,,,,,,,,,,,,,,,,,,,,,,,,,,,,,,,,,,,,,,,,,,,,,,,,,,,,,,,,,,,,,,,,,,,,,,,,,,,r.-9.1.0,,,,,,,,,,,,,,,,,,,,
80,,,,,,,,,,,,,,,,,,,,,,,,,,,,,,,,,,,,,,,,,,,,,,,,,,,,,,,,,,,,,,,,,,,,,,,,,,,,,,,,,,,,,,,,,,,,,,,r.-9.1.0,,,,,,,,,,,,,,,,,,,,
81,,,,,,,,,,,,,,,,,,,,,,,,,,,,,,,,,,,,,,,,,,,,,,,,,,,,,,,,,,,,,,,,,,,,,,,,,,,,,,,,,,,,,,,,,,,,,,,r.-9.1.0,,,,,,,,,,,,,,,,,,,,
82,,,,,,,,,,,,,,,,,,,,,,,,,,,,,,,,,,,,,,,,,,,,,,,,,,,,,,,,,,,,,,,,,,,,,,,,,,,,,,,,,,,,,,,,,,,,,,,r.-9.1.0,,,,,,,,,,,,,,,,,,,,
83,,,,,,,,,,,,,,,,,,,,,,,,,,,,,,,,,,,,,,,,,,,,,,,,,,,,,,,,,,,,,,,,,,,,,,,,,,,,,,,,,,,,,,,,,,,,,,,r.-13.1.0,,,,,,,,,,,,,,,,,,,,
84,,,,,,,,,,,,,,,,,,,,,,,,,,,,,,,,,,,,,,,,,,,,,,,,,,,,,,,,,,,,,,,,,,,,,,,,,,,,,,,,,,,,,,,,,,,,,,,r.-13.1.0,,,,,,,,,,,,,,,,,,,,
85,,,,,,,,,,,,,,,,,,,,,,,,,,,,,,,,,,,,,,,,,,,,,,,,,,,,,,,,,,,,,,,,,,,,,,,,,,,,,,,,,,,,,,,,,,,,,,,r.-13.1.0,,,,,,,,,,,,,,,,,,,,
86,,,,,,,,,,,,,,,,,,,,,,,,,,,,,,,,,,,,,,,,,,,,,,,,,,,,,,,,,,,,,,,,,,,,,,,,,,,,,,,,,,,,,,,,,,,,,,,r.-13.1.0,,,,,,,,,,,,,,,,,,,,
87,,,,,,,,,,,,,,,,,,,,,,,,,,,,,,,,,,,,,,,,,,,,,,,,,,,,,,,,,,,,,,,,,,,,,,,,,,,,,,,,,,,,,,,,,,,,,,,r.-19.1.0,,,,,,,,,,,,,,,,,,,,
88,,,,,,,,,,,,,,,,,,,,,,,,,,,,,,,,,,,,,,,,,,,,,,,,,,,,,,,,,,,,,,,,,,,,,,,,,,,,,,,,,,,,,,,,,,,,,,,r.-20.1.0,,,,,,,,,,,,,,,,,,,,
89,,,,,,,,,,,,,,,,,,,,,,,,,,,,,,,,,,,,,,,,,,,,,,,,,,,,,,,,,,,,,,,,,,,,,,,,,,,,,,,,,,,,,,,,,,,,,,,r.-20.1.0,,,,,,,,,,,,,,,,,,,,
90,,,,,,,,,,,,,,,,,,,,,,,,,,,,,,,,,,,,,,,,,,,,,,,,,,,,,,,,,,,,,,,,,,,,,,,,,,,,,,,,,,,,,,,,,,,,,,,r.-18.2.0,,,,,,,,,,,,,,,,,,,,
91,,,,,,,,,,,,,,,,,,,,,,,,,,,,,,,,,,,,,,,,,,,,,,,,,,,,,,,,,,,,,,,,,,,,,,,,,,,,,,,,,,,,,,,,,,,,,,,r.-19.1.0,,,,,,,,,,,,,,,,,,,,
92,r.-4.1.0,r.-4.1.0,r.-4.1.0,r.-4.1.0,r.-4.1.0,r.-4.1.0,r.-4.1.0,r.-4.1.0,r.-4.1.0,r.-4.1.0,r.-4.1.0,,,,,,,,,,,,,,,,,,,,,,,,,,,,,,,,,,,,,,,,,,,,,,,,,,,,,,,,,,,,,,,,,,,,,,,,,,,,,,,,,,,,r.-4.1.0,,,,,,,,,,,,,,,,,,,,
93,r.-4.1.0,r.-4.1.0,r.-4.1.0,r.-4.1.0,r.-4.1.0,r.-4.1.0,r.-4.1.0,r.-4.1.0,r.-4.1.0,r.-4.1.0,r.-4.1.0,,,,,,,,,,,,,,,,,,,,,,,,,,,,,,,,,,,,,,,,,,,,,,,,,,,,,,,,,,,,,,,,,,,,,,,,,,,,,,,,,,,,r.-4.1.0,,,,,,,,,,,,,,,,,,,,
94,r.-4.1.0,r.-4.1.0,r.-4.1.0,r.-4.1.0,r.-4.1.0,r.-4.1.0,r.-4.1.0,r.-4.1.0,r.-4.1.0,r.-4.1.0,r.-4.1.0,,,,,,,,,,,,,,,,,,,,,,,,,,,,,,,,,,,,,,,,,,,,,,,,,,,,,,,,,,,,,,,,,,,,,,,,,,,,,,,,,,,,r.-4.1.0,,,,,,,,,,,,,,,,,,,,
95,r.-4.1.0,r.-4.1.0,r.-4.1.0,r.-4.1.0,r.-4.1.0,r.-4.1.0,r.-4.1.0,r.-4.1.0,r.-4.1.0,r.-4.1.0,r.-4.1.0,,,,,,,,,,,,,,,,,,,,,,,,,,,,,,,,,,,,,,,,,,,,,,,,,,,,,,,,,,,,,,,,,,,,,,,,,,,,,,,,,,,,r.-4.1.0,,,,,,,,,,,,,,,,,,,,
96,r.-4.1.0,r.-4.1.0,r.-4.1.0,r.-4.1.0,r.-4.1.0,r.-4.1.0,r.-4.1.0,r.-4.1.0,r.-4.1.0,r.-4.1.0,r.-4.1.0,,,,,,,,,,,,,,,,,,,,,,,,,,,,,,,,,,,,,,,,,,,,,,,,,,,,,,,,,,,,,,,,,,,,,,,,,,,,,,,,,,,,r.-4.1.0,,,,,,,,,,,,,,,,,,,,
97,r.-4.1.0,r.-4.1.0,r.-4.1.0,r.-4.1.0,r.-4.1.0,r.-4.1.0,r.-4.1.0,r.-4.1.0,r.-4.1.0,r.-4.1.0,r.-4.1.0,,,,,,,,,,,,,,,,,,,,,,,,,,,,,,,,,,,,,,,,,,,,,,,,,,,,,,,,,,,,,,,,,,,,,,,,,,,,,,,,,,,,r.-4.1.0,,,,,,,,,,,,,,,,,,,,
98,r.-4.1.0,r.-4.1.0,r.-4.1.0,r.-4.1.0,r.-4.1.0,r.-4.1.0,r.-4.1.0,r.-4.1.0,r.-4.1.0,r.-4.1.0,r.-4.1.0,,,,,,,,,,,,,,,,,,,,,,,,,,,,,,,,,,,,,,,,,,,,,,,,,,,,,,,,,,,,,,,,,,,,,,,,,,,,,,,,,,,,r.-4.1.0,,,,,,,,,,,,,,,,,,,,
99,r.-4.1.0,r.-4.1.0,r.-4.1.0,r.-4.1.0,r.-4.1.0,r.-4.1.0,r.-4.1.0,r.-4.1.0,r.-4.1.0,r.-4.1.0,r.-4.1.0,,,,,,,,,,,,,,,,,,,,,,,,,,,,,,,,,,,,,,,,,,,,,,,,,,,,,,,,,,,,,,,,,,,,,,,,,,,,,,,,,,,,r.-4.1.0,,,,,,,,,,,,,,,,,,,,
100,r.-4.1.0,r.-4.1.0,r.-4.1.0,r.-4.1.0,r.-4.1.0,r.-4.1.0,r.-4.1.0,r.-4.1.0,r.-4.1.0,r.-4.1.0,r.-4.1.0,,,,,,,,,,,,,,,,,,,,,,,,,,,,,,,,,,,,,,,,,,,,,,,,,,,,,,,,,,,,,,,,,,,,,,,,,,,,,,,,,,,,r.-4.1.0,,,,,,,,,,,,,,,,,,,,
101,r.-4.1.0,r.-4.1.0,r.-4.1.0,r.-4.1.0,r.-4.1.0,r.-4.1.0,r.-4.1.0,r.-4.1.0,r.-4.1.0,r.-4.1.0,r.-4.1.0,,,,,,,,,,,,,,,,,,,,,,,,,,,,,,,,,,,,,,,,,,,,,,,,,,,,,,,,,,,,,,,,,,,,,,,,,,,,,,,,,,,,r.-4.1.0,,,,,,,,,,,,,,,,,,,,
102,r.-5.1.0,p.92,p.93,p.94,p.95,p.96,p.97,p.98,p.99,p.100,p.101,,,,,,,,,,,,,,,,,,,,,,,,,,,,,,,,,,,,,,,,,,,,,,,,,,,,,,,,,,,,,,,,,,,,,,,,,,,,,,,,,,,,r.-5.1.0,,,,p.102,p.119,,,,,,,,,,,,,,,
103,p.104,,,,,,,,,,,,,,,,,,,,,,,,,,,,,,,,,,,,,,,,,,,,,,,,,,,,,,,,,,,,,,,,,,,,,,,,,,,,,,,,,,,,,,,,,,,,,,r.-12.2.6/r.-3.0.6,,,p.105,,,,,,,,,,,,,,,,,
104,,p.106,p.107,p.108,p.109,p.110,p.111,p.112,p.113,p.114,p.115,,,,,,,,,,,,,,,,,,,,,,,,,,,,,,,,,,,,,,,,,,,,,,,,,,,,,,,,,,,,,,,,,,,,,,,,,,,,,,,,,,,,,,,,p.116,p.117,,,,,,,,,,,,,,,
105,,,,,,,,,,,,,,,,,,,,,,,,,,,,,,,,,,,,,,,,,,,,,,,,,,,,,,,,,,,,,,,,,,,,,,,,,,,,,,,,,,,,,,,,,,,,,,,r.-12.3.0,,,,,,,,,,,,,,,,,,,,
106,,r.-4.1.0,r.-4.1.0,r.-4.1.0,r.-4.1.0,r.-4.1.0,r.-4.1.0,r.-4.1.0,r.-4.1.0,r.-4.1.0,r.-4.1.0,,,,,,,,,,,,,,,,,,,,,,,,,,,,,,,,,,,,,,,,,,,,,,,,,,,,,,,,,,,,,,,,,,,,,,,,,,,,,,,,,,,,r.-4.1.0,,,,,,,,,,,,,,,,,,,,
107,,r.-4.1.0,r.-4.1.0,r.-4.1.0,r.-4.1.0,r.-4.1.0,r.-4.1.0,r.-4.1.0,r.-4.1.0,r.-4.1.0,r.-4.1.0,,,,,,,,,,,,,,,,,,,,,,,,,,,,,,,,,,,,,,,,,,,,,,,,,,,,,,,,,,,,,,,,,,,,,,,,,,,,,,,,,,,,r.-4.1.0,,,,,,,,,,,,,,,,,,,,
108,,r.-4.1.0,r.-4.1.0,r.-4.1.0,r.-4.1.0,r.-4.1.0,r.-4.1.0,r.-4.1.0,r.-4.1.0,r.-4.1.0,r.-4.1.0,,,,,,,,,,,,,,,,,,,,,,,,,,,,,,,,,,,,,,,,,,,,,,,,,,,,,,,,,,,,,,,,,,,,,,,,,,,,,,,,,,,,r.-4.1.0,,,,,,,,,,,,,,,,,,,,
109,,r.-4.1.0,r.-4.1.0,r.-4.1.0,r.-4.1.0,r.-4.1.0,r.-4.1.0,r.-4.1.0,r.-4.1.0,r.-4.1.0,r.-4.1.0,,,,,,,,,,,,,,,,,,,,,,,,,,,,,,,,,,,,,,,,,,,,,,,,,,,,,,,,,,,,,,,,,,,,,,,,,,,,,,,,,,,,r.-4.1.0,,,,,,,,,,,,,,,,,,,,
110,,r.-4.1.0,r.-4.1.0,r.-4.1.0,r.-4.1.0,r.-4.1.0,r.-4.1.0,r.-4.1.0,r.-4.1.0,r.-4.1.0,r.-4.1.0,,,,,,,,,,,,,,,,,,,,,,,,,,,,,,,,,,,,,,,,,,,,,,,,,,,,,,,,,,,,,,,,,,,,,,,,,,,,,,,,,,,,r.-4.1.0,,,,,,,,,,,,,,,,,,,,
111,,r.-4.1.0,r.-4.1.0,r.-4.1.0,r.-4.1.0,r.-4.1.0,r.-4.1.0,r.-4.1.0,r.-4.1.0,r.-4.1.0,r.-4.1.0,,,,,,,,,,,,,,,,,,,,,,,,,,,,,,,,,,,,,,,,,,,,,,,,,,,,,,,,,,,,,,,,,,,,,,,,,,,,,,,,,,,,r.-4.1.0,,,,,,,,,,,,,,,,,,,,
112,,r.-4.1.0,r.-4.1.0,r.-4.1.0,r.-4.1.0,r.-4.1.0,r.-4.1.0,r.-4.1.0,r.-4.1.0,r.-4.1.0,r.-4.1.0,,,,,,,,,,,,,,,,,,,,,,,,,,,,,,,,,,,,,,,,,,,,,,,,,,,,,,,,,,,,,,,,,,,,,,,,,,,,,,,,,,,,r.-4.1.0,,,,,,,,,,,,,,,,,,,,
113,,r.-4.1.0,r.-4.1.0,r.-4.1.0,r.-4.1.0,r.-4.1.0,r.-4.1.0,r.-4.1.0,r.-4.1.0,r.-4.1.0,r.-4.1.0,,,,,,,,,,,,,,,,,,,,,,,,,,,,,,,,,,,,,,,,,,,,,,,,,,,,,,,,,,,,,,,,,,,,,,,,,,,,,,,,,,,,r.-4.1.0,,,,,,,,,,,,,,,,,,,,
114,,r.-4.1.0,r.-4.1.0,r.-4.1.0,r.-4.1.0,r.-4.1.0,r.-4.1.0,r.-4.1.0,r.-4.1.0,r.-4.1.0,r.-4.1.0,,,,,,,,,,,,,,,,,,,,,,,,,,,,,,,,,,,,,,,,,,,,,,,,,,,,,,,,,,,,,,,,,,,,,,,,,,,,,,,,,,,,r.-4.1.0,,,,,,,,,,,,,,,,,,,,
115,,r.-4.1.0,r.-4.1.0,r.-4.1.0,r.-4.1.0,r.-4.1.0,r.-4.1.0,r.-4.1.0,r.-4.1.0,r.-4.1.0,r.-4.1.0,,,,,,,,,,,,,,,,,,,,,,,,,,,,,,,,,,,,,,,,,,,,,,,,,,,,,,,,,,,,,,,,,,,,,,,,,,,,,,,,,,,,r.-4.1.0,,,,,,,,,,,,,,,,,,,,
116,,p.106,p.107,p.108,p.109,p.110,p.111,p.112,p.113,p.114,p.115,,,,,,,,,,,,,,,,,,,,,,,,,,,,,,,,,,,,,,,,,,,,,,,,,,,,,,,,,,,,,,,,,,,,,,,,,,,,,,,,,,,,r.-5.1.0,,,,p.116,p.118,,,,,,,,,,,,,,,
117,,,,,,,,,,,,,,,,,,,,,,,,,,,,,,,,,,,,,,,,,,,,,,,,,,,,,,,,,,,,,,,,,,,,,,,,,,,,,,,,,,,,,,,,,,,,,,,r.-3.2.0,,,,,,,,,,,,,,,,,,,,
118,,,,,,,,,,,,,,,,,,,,,,,,,,,,,,,,,,,,,,,,,,,,,,,,,,,,,,,,,,,,,,,,,,,,,,,,,,,,,,,,,,,,,,,,,,,,,,,r.-5.2.0,,,,,,,,,,,,,,,,,,,,
119,r.-5.2.0,,,,,,,,,,,,,,,,,,,,,,,,,,,,,,,,,,,,,,,,,,,,,,,,,,,,,,,,,,,,,,,,,,,,,,,,,,,,,,,,,,,,,,,,,,,,,,r.-5.2.0,,,,,,,,,,,,,,,,,,,,
120,r.-16.1.0,r.-16.1.0,r.-16.1.0,r.-16.1.0,r.-16.1.0,r.-16.1.0,r.-16.1.0,r.-16.1.0,r.-16.1.0,r.-16.1.0,r.-16.1.0,r.-16.1.0,r.-16.1.0,r.-16.1.0,r.-16.1.0,r.-16.1.0,r.-16.1.0,r.-16.1.0,r.-16.1.0,r.-16.1.0,r.-16.1.0,r.-16.1.0,r.-16.1.0,r.-16.1.0,r.-16.1.0,r.-16.1.0,r.-16.1.0,r.-16.1.0,r.-16.1.0,r.-16.1.0,r.-16.1.0,r.-16.1.0,r.-16.1.0,r.-16.1.0,r.-16.1.0,r.-16.1.0,r.-16.1.0,r.-16.1.0,r.-16.1.0,r.-16.1.0,r.-16.1.0,r.-16.1.0,r.-16.1.0,r.-16.1.0,r.-16.1.0,r.-16.1.0,r.-16.1.0,r.-16.1.0,r.-16.1.0,r.-16.1.0,r.-16.1.0,r.-16.1.0,r.-16.1.0,r.-16.1.0,r.-16.1.0,r.-16.1.0,r.-16.1.0,r.-16.1.0,r.-16.1.0,r.-16.1.0,r.-16.1.0,r.-16.1.0,r.-16.1.0,r.-16.1.0,r.-16.1.0,r.-16.1.0,r.-16.1.0,r.-16.1.0,r.-16.1.0,r.-16.1.0,r.-16.1.0,r.-16.1.0,r.-16.1.0,r.-16.1.0,r.-16.1.0,r.-16.1.0,r.-16.1.0,r.-16.1.0,r.-16.1.0,r.-16.1.0,r.-16.1.0,r.-16.1.0,r.-16.1.0,r.-16.1.0,r.-16.1.0,r.-16.1.0,r.-16.1.0,r.-16.1.0,r.-16.1.0,r.-16.1.0,r.-16.1.0,r.-16.1.0,r.-16.1.0,r.-16.1.0,,,,,,,,,,,,,,,,,,,,,
121,r.-16.1.0,r.-16.1.0,r.-16.1.0,r.-16.1.0,r.-16.1.0,r.-16.1.0,r.-16.1.0,r.-16.1.0,r.-16.1.0,r.-16.1.0,r.-16.1.0,r.-16.1.0,r.-16.1.0,r.-16.1.0,r.-16.1.0,r.-16.1.0,r.-16.1.0,r.-16.1.0,r.-16.1.0,r.-16.1.0,r.-16.1.0,r.-16.1.0,r.-16.1.0,r.-16.1.0,r.-16.1.0,r.-16.1.0,r.-16.1.0,r.-16.1.0,r.-16.1.0,r.-16.1.0,r.-16.1.0,r.-16.1.0,r.-16.1.0,r.-16.1.0,r.-16.1.0,r.-16.1.0,r.-16.1.0,r.-16.1.0,r.-16.1.0,r.-16.1.0,r.-16.1.0,r.-16.1.0,r.-16.1.0,r.-16.1.0,r.-16.1.0,r.-16.1.0,r.-16.1.0,r.-16.1.0,r.-16.1.0,r.-16.1.0,r.-16.1.0,r.-16.1.0,r.-16.1.0,r.-16.1.0,r.-16.1.0,r.-16.1.0,r.-16.1.0,r.-16.1.0,r.-16.1.0,r.-16.1.0,r.-16.1.0,r.-16.1.0,r.-16.1.0,r.-16.1.0,r.-16.1.0,r.-16.1.0,r.-16.1.0,r.-16.1.0,r.-16.1.0,r.-16.1.0,r.-16.1.0,r.-16.1.0,r.-16.1.0,r.-16.1.0,r.-16.1.0,r.-16.1.0,r.-16.1.0,r.-16.1.0,r.-16.1.0,r.-16.1.0,r.-16.1.0,r.-16.1.0,r.-16.1.0,r.-16.1.0,r.-16.1.0,r.-16.1.0,r.-16.1.0,r.-16.1.0,r.-16.1.0,r.-16.1.0,r.-16.1.0,r.-16.1.0,r.-16.1.0,r.-16.1.0,,,,,,,,,,,,,,,,,,,,,
122,r.-16.1.0,r.-16.1.0,r.-16.1.0,r.-16.1.0,r.-16.1.0,r.-16.1.0,r.-16.1.0,r.-16.1.0,r.-16.1.0,r.-16.1.0,r.-16.1.0,r.-16.1.0,r.-16.1.0,r.-16.1.0,r.-16.1.0,r.-16.1.0,r.-16.1.0,r.-16.1.0,r.-16.1.0,r.-16.1.0,r.-16.1.0,r.-16.1.0,r.-16.1.0,r.-16.1.0,r.-16.1.0,r.-16.1.0,r.-16.1.0,r.-16.1.0,r.-16.1.0,r.-16.1.0,r.-16.1.0,r.-16.1.0,r.-16.1.0,r.-16.1.0,r.-16.1.0,r.-16.1.0,r.-16.1.0,r.-16.1.0,r.-16.1.0,r.-16.1.0,r.-16.1.0,r.-16.1.0,r.-16.1.0,r.-16.1.0,r.-16.1.0,r.-16.1.0,r.-16.1.0,r.-16.1.0,r.-16.1.0,r.-16.1.0,r.-16.1.0,r.-16.1.0,r.-16.1.0,r.-16.1.0,r.-16.1.0,r.-16.1.0,r.-16.1.0,r.-16.1.0,r.-16.1.0,r.-16.1.0,r.-16.1.0,r.-16.1.0,r.-16.1.0,r.-16.1.0,r.-16.1.0,r.-16.1.0,r.-16.1.0,r.-16.1.0,r.-16.1.0,r.-16.1.0,r.-16.1.0,r.-16.1.0,r.-16.1.0,r.-16.1.0,r.-16.1.0,r.-16.1.0,r.-16.1.0,r.-16.1.0,r.-16.1.0,r.-16.1.0,r.-16.1.0,r.-16.1.0,r.-16.1.0,r.-16.1.0,r.-16.1.0,r.-16.1.0,r.-16.1.0,r.-16.1.0,r.-16.1.0,r.-16.1.0,r.-16.1.0,r.-16.1.0,r.-16.1.0,r.-16.1.0,,,,,,,,,,,,,,,,,,,,,
123,r.-16.1.0,r.-16.1.0,r.-16.1.0,r.-16.1.0,r.-16.1.0,r.-16.1.0,r.-16.1.0,r.-16.1.0,r.-16.1.0,r.-16.1.0,r.-16.1.0,r.-16.1.0,r.-16.1.0,r.-16.1.0,r.-16.1.0,r.-16.1.0,r.-16.1.0,r.-16.1.0,r.-16.1.0,r.-16.1.0,r.-16.1.0,r.-16.1.0,r.-16.1.0,r.-16.1.0,r.-16.1.0,r.-16.1.0,r.-16.1.0,r.-16.1.0,r.-16.1.0,r.-16.1.0,r.-16.1.0,r.-16.1.0,r.-16.1.0,r.-16.1.0,r.-16.1.0,r.-16.1.0,r.-16.1.0,r.-16.1.0,r.-16.1.0,r.-16.1.0,r.-16.1.0,r.-16.1.0,r.-16.1.0,r.-16.1.0,r.-16.1.0,r.-16.1.0,r.-16.1.0,r.-16.1.0,r.-16.1.0,r.-16.1.0,r.-16.1.0,r.-16.1.0,r.-16.1.0,r.-16.1.0,r.-16.1.0,r.-16.1.0,r.-16.1.0,r.-16.1.0,r.-16.1.0,r.-16.1.0,r.-16.1.0,r.-16.1.0,r.-16.1.0,r.-16.1.0,r.-16.1.0,r.-16.1.0,r.-16.1.0,r.-16.1.0,r.-16.1.0,r.-16.1.0,r.-16.1.0,r.-16.1.0,r.-16.1.0,r.-16.1.0,r.-16.1.0,r.-16.1.0,r.-16.1.0,r.-16.1.0,r.-16.1.0,r.-16.1.0,r.-16.1.0,r.-16.1.0,r.-16.1.0,r.-16.1.0,r.-16.1.0,r.-16.1.0,r.-16.1.0,r.-16.1.0,r.-16.1.0,r.-16.1.0,r.-16.1.0,r.-16.1.0,r.-16.1.0,r.-16.1.0,,,,,,,,,,,,,,,,,,,,,
124,r.-16.1.0,r.-16.1.0,r.-16.1.0,r.-16.1.0,r.-16.1.0,r.-16.1.0,r.-16.1.0,r.-16.1.0,r.-16.1.0,r.-16.1.0,r.-16.1.0,r.-16.1.0,r.-16.1.0,r.-16.1.0,r.-16.1.0,r.-16.1.0,r.-16.1.0,r.-16.1.0,r.-16.1.0,r.-16.1.0,r.-16.1.0,r.-16.1.0,r.-16.1.0,r.-16.1.0,r.-16.1.0,r.-16.1.0,r.-16.1.0,r.-16.1.0,r.-16.1.0,r.-16.1.0,r.-16.1.0,r.-16.1.0,r.-16.1.0,r.-16.1.0,r.-16.1.0,r.-16.1.0,r.-16.1.0,r.-16.1.0,r.-16.1.0,r.-16.1.0,r.-16.1.0,r.-16.1.0,r.-16.1.0,r.-16.1.0,r.-16.1.0,r.-16.1.0,r.-16.1.0,r.-16.1.0,r.-16.1.0,r.-16.1.0,r.-16.1.0,r.-16.1.0,r.-16.1.0,r.-16.1.0,r.-16.1.0,r.-16.1.0,r.-16.1.0,r.-16.1.0,r.-16.1.0,r.-16.1.0,r.-16.1.0,r.-16.1.0,r.-16.1.0,r.-16.1.0,r.-16.1.0,r.-16.1.0,r.-16.1.0,r.-16.1.0,r.-16.1.0,r.-16.1.0,r.-16.1.0,r.-16.1.0,r.-16.1.0,r.-16.1.0,r.-16.1.0,r.-16.1.0,r.-16.1.0,r.-16.1.0,r.-16.1.0,r.-16.1.0,r.-16.1.0,r.-16.1.0,r.-16.1.0,r.-16.1.0,r.-16.1.0,r.-16.1.0,r.-16.1.0,r.-16.1.0,r.-16.1.0,r.-16.1.0,r.-16.1.0,r.-16.1.0,r.-16.1.0,r.-16.1.0,,,,,,,,,,,,,,,,,,,,,
125,r.-16.1.0,r.-16.1.0,r.-16.1.0,r.-16.1.0,r.-16.1.0,r.-16.1.0,r.-16.1.0,r.-16.1.0,r.-16.1.0,r.-16.1.0,r.-16.1.0,r.-16.1.0,r.-16.1.0,r.-16.1.0,r.-16.1.0,r.-16.1.0,r.-16.1.0,r.-16.1.0,r.-16.1.0,r.-16.1.0,r.-16.1.0,r.-16.1.0,r.-16.1.0,r.-16.1.0,r.-16.1.0,r.-16.1.0,r.-16.1.0,r.-16.1.0,r.-16.1.0,r.-16.1.0,r.-16.1.0,r.-16.1.0,r.-16.1.0,r.-16.1.0,r.-16.1.0,r.-16.1.0,r.-16.1.0,r.-16.1.0,r.-16.1.0,r.-16.1.0,r.-16.1.0,r.-16.1.0,r.-16.1.0,r.-16.1.0,r.-16.1.0,r.-16.1.0,r.-16.1.0,r.-16.1.0,r.-16.1.0,r.-16.1.0,r.-16.1.0,r.-16.1.0,r.-16.1.0,r.-16.1.0,r.-16.1.0,r.-16.1.0,r.-16.1.0,r.-16.1.0,r.-16.1.0,r.-16.1.0,r.-16.1.0,r.-16.1.0,r.-16.1.0,r.-16.1.0,r.-16.1.0,r.-16.1.0,r.-16.1.0,r.-16.1.0,r.-16.1.0,r.-16.1.0,r.-16.1.0,r.-16.1.0,r.-16.1.0,r.-16.1.0,r.-16.1.0,r.-16.1.0,r.-16.1.0,r.-16.1.0,r.-16.1.0,r.-16.1.0,r.-16.1.0,r.-16.1.0,r.-16.1.0,r.-16.1.0,r.-16.1.0,r.-16.1.0,r.-16.1.0,r.-16.1.0,r.-16.1.0,r.-16.1.0,r.-16.1.0,r.-16.1.0,r.-16.1.0,r.-16.1.0,,,,,,,,,,,,,,,,,,,,,
126,r.-16.1.0,r.-16.1.0,r.-16.1.0,r.-16.1.0,r.-16.1.0,r.-16.1.0,r.-16.1.0,r.-16.1.0,r.-16.1.0,r.-16.1.0,r.-16.1.0,r.-16.1.0,r.-16.1.0,r.-16.1.0,r.-16.1.0,r.-16.1.0,r.-16.1.0,r.-16.1.0,r.-16.1.0,r.-16.1.0,r.-16.1.0,r.-16.1.0,r.-16.1.0,r.-16.1.0,r.-16.1.0,r.-16.1.0,r.-16.1.0,r.-16.1.0,r.-16.1.0,r.-16.1.0,r.-16.1.0,r.-16.1.0,r.-16.1.0,r.-16.1.0,r.-16.1.0,r.-16.1.0,r.-16.1.0,r.-16.1.0,r.-16.1.0,r.-16.1.0,r.-16.1.0,r.-16.1.0,r.-16.1.0,r.-16.1.0,r.-16.1.0,r.-16.1.0,r.-16.1.0,r.-16.1.0,r.-16.1.0,r.-16.1.0,r.-16.1.0,r.-16.1.0,r.-16.1.0,r.-16.1.0,r.-16.1.0,r.-16.1.0,r.-16.1.0,r.-16.1.0,r.-16.1.0,r.-16.1.0,r.-16.1.0,r.-16.1.0,r.-16.1.0,r.-16.1.0,r.-16.1.0,r.-16.1.0,r.-16.1.0,r.-16.1.0,r.-16.1.0,r.-16.1.0,r.-16.1.0,r.-16.1.0,r.-16.1.0,r.-16.1.0,r.-16.1.0,r.-16.1.0,r.-16.1.0,r.-16.1.0,r.-16.1.0,r.-16.1.0,r.-16.1.0,r.-16.1.0,r.-16.1.0,r.-16.1.0,r.-16.1.0,r.-16.1.0,r.-16.1.0,r.-16.1.0,r.-16.1.0,r.-16.1.0,r.-16.1.0,r.-16.1.0,r.-16.1.0,r.-16.1.0,,,,,,,,,,,,,,,,,,,,,
127,r.-16.1.0,r.-16.1.0,r.-16.1.0,r.-16.1.0,r.-16.1.0,r.-16.1.0,r.-16.1.0,r.-16.1.0,r.-16.1.0,r.-16.1.0,r.-16.1.0,r.-16.1.0,r.-16.1.0,r.-16.1.0,r.-16.1.0,r.-16.1.0,r.-16.1.0,r.-16.1.0,r.-16.1.0,r.-16.1.0,r.-16.1.0,r.-16.1.0,r.-16.1.0,r.-16.1.0,r.-16.1.0,r.-16.1.0,r.-16.1.0,r.-16.1.0,r.-16.1.0,r.-16.1.0,r.-16.1.0,r.-16.1.0,r.-16.1.0,r.-16.1.0,r.-16.1.0,r.-16.1.0,r.-16.1.0,r.-16.1.0,r.-16.1.0,r.-16.1.0,r.-16.1.0,r.-16.1.0,r.-16.1.0,r.-16.1.0,r.-16.1.0,r.-16.1.0,r.-16.1.0,r.-16.1.0,r.-16.1.0,r.-16.1.0,r.-16.1.0,r.-16.1.0,r.-16.1.0,r.-16.1.0,r.-16.1.0,r.-16.1.0,r.-16.1.0,r.-16.1.0,r.-16.1.0,r.-16.1.0,r.-16.1.0,r.-16.1.0,r.-16.1.0,r.-16.1.0,r.-16.1.0,r.-16.1.0,r.-16.1.0,r.-16.1.0,r.-16.1.0,r.-16.1.0,r.-16.1.0,r.-16.1.0,r.-16.1.0,r.-16.1.0,r.-16.1.0,r.-16.1.0,r.-16.1.0,r.-16.1.0,r.-16.1.0,r.-16.1.0,r.-16.1.0,r.-16.1.0,r.-16.1.0,r.-16.1.0,r.-16.1.0,r.-16.1.0,r.-16.1.0,r.-16.1.0,r.-16.1.0,r.-16.1.0,r.-16.1.0,r.-16.1.0,r.-16.1.0,r.-16.1.0,,,,,,,,,,,,,,,,,,,,,
128,r.-16.1.0,r.-16.1.0,r.-16.1.0,r.-16.1.0,r.-16.1.0,r.-16.1.0,r.-16.1.0,r.-16.1.0,r.-16.1.0,r.-16.1.0,r.-16.1.0,r.-16.1.0,r.-16.1.0,r.-16.1.0,r.-16.1.0,r.-16.1.0,r.-16.1.0,r.-16.1.0,r.-16.1.0,r.-16.1.0,r.-16.1.0,r.-16.1.0,r.-16.1.0,r.-16.1.0,r.-16.1.0,r.-16.1.0,r.-16.1.0,r.-16.1.0,r.-16.1.0,r.-16.1.0,r.-16.1.0,r.-16.1.0,r.-16.1.0,r.-16.1.0,r.-16.1.0,r.-16.1.0,r.-16.1.0,r.-16.1.0,r.-16.1.0,r.-16.1.0,r.-16.1.0,r.-16.1.0,r.-16.1.0,r.-16.1.0,r.-16.1.0,r.-16.1.0,r.-16.1.0,r.-16.1.0,r.-16.1.0,r.-16.1.0,r.-16.1.0,r.-16.1.0,r.-16.1.0,r.-16.1.0,r.-16.1.0,r.-16.1.0,r.-16.1.0,r.-16.1.0,r.-16.1.0,r.-16.1.0,r.-16.1.0,r.-16.1.0,r.-16.1.0,r.-16.1.0,r.-16.1.0,r.-16.1.0,r.-16.1.0,r.-16.1.0,r.-16.1.0,r.-16.1.0,r.-16.1.0,r.-16.1.0,r.-16.1.0,r.-16.1.0,r.-16.1.0,r.-16.1.0,r.-16.1.0,r.-16.1.0,r.-16.1.0,r.-16.1.0,r.-16.1.0,r.-16.1.0,r.-16.1.0,r.-16.1.0,r.-16.1.0,r.-16.1.0,r.-16.1.0,r.-16.1.0,r.-16.1.0,r.-16.1.0,r.-16.1.0,r.-16.1.0,r.-16.1.0,r.-16.1.0,,,,,,,,,,,,,,,,,,,,,
129,r.-16.1.0,r.-16.1.0,r.-16.1.0,r.-16.1.0,r.-16.1.0,r.-16.1.0,r.-16.1.0,r.-16.1.0,r.-16.1.0,r.-16.1.0,r.-16.1.0,r.-16.1.0,r.-16.1.0,r.-16.1.0,r.-16.1.0,r.-16.1.0,r.-16.1.0,r.-16.1.0,r.-16.1.0,r.-16.1.0,r.-16.1.0,r.-16.1.0,r.-16.1.0,r.-16.1.0,r.-16.1.0,r.-16.1.0,r.-16.1.0,r.-16.1.0,r.-16.1.0,r.-16.1.0,r.-16.1.0,r.-16.1.0,r.-16.1.0,r.-16.1.0,r.-16.1.0,r.-16.1.0,r.-16.1.0,r.-16.1.0,r.-16.1.0,r.-16.1.0,r.-16.1.0,r.-16.1.0,r.-16.1.0,r.-16.1.0,r.-16.1.0,r.-16.1.0,r.-16.1.0,r.-16.1.0,r.-16.1.0,r.-16.1.0,r.-16.1.0,r.-16.1.0,r.-16.1.0,r.-16.1.0,r.-16.1.0,r.-16.1.0,r.-16.1.0,r.-16.1.0,r.-16.1.0,r.-16.1.0,r.-16.1.0,r.-16.1.0,r.-16.1.0,r.-16.1.0,r.-16.1.0,r.-16.1.0,r.-16.1.0,r.-16.1.0,r.-16.1.0,r.-16.1.0,r.-16.1.0,r.-16.1.0,r.-16.1.0,r.-16.1.0,r.-16.1.0,r.-16.1.0,r.-16.1.0,r.-16.1.0,r.-16.1.0,r.-16.1.0,r.-16.1.0,r.-16.1.0,r.-16.1.0,r.-16.1.0,r.-16.1.0,r.-16.1.0,r.-16.1.0,r.-16.1.0,r.-16.1.0,r.-16.1.0,r.-16.1.0,r.-16.1.0,r.-16.1.0,r.-16.1.0,,,,,,,,,,,,,,,,,,,,,
130,r.-16.1.0,r.-16.1.0,r.-16.1.0,r.-16.1.0,r.-16.1.0,r.-16.1.0,r.-16.1.0,r.-16.1.0,r.-16.1.0,r.-16.1.0,r.-16.1.0,r.-16.1.0,r.-16.1.0,r.-16.1.0,r.-16.1.0,r.-16.1.0,r.-16.1.0,r.-16.1.0,r.-16.1.0,r.-16.1.0,r.-16.1.0,r.-16.1.0,r.-16.1.0,r.-16.1.0,r.-16.1.0,r.-16.1.0,r.-16.1.0,r.-16.1.0,r.-16.1.0,r.-16.1.0,r.-16.1.0,r.-16.1.0,r.-16.1.0,r.-16.1.0,r.-16.1.0,r.-16.1.0,r.-16.1.0,r.-16.1.0,r.-16.1.0,r.-16.1.0,r.-16.1.0,r.-16.1.0,r.-16.1.0,r.-16.1.0,r.-16.1.0,r.-16.1.0,r.-16.1.0,r.-16.1.0,r.-16.1.0,r.-16.1.0,r.-16.1.0,r.-16.1.0,r.-16.1.0,r.-16.1.0,r.-16.1.0,r.-16.1.0,r.-16.1.0,r.-16.1.0,r.-16.1.0,r.-16.1.0,r.-16.1.0,r.-16.1.0,r.-16.1.0,r.-16.1.0,r.-16.1.0,r.-16.1.0,r.-16.1.0,r.-16.1.0,r.-16.1.0,r.-16.1.0,r.-16.1.0,r.-16.1.0,r.-16.1.0,r.-16.1.0,r.-16.1.0,r.-16.1.0,r.-16.1.0,r.-16.1.0,r.-16.1.0,r.-16.1.0,r.-16.1.0,r.-16.1.0,r.-16.1.0,r.-16.1.0,r.-16.1.0,r.-16.1.0,r.-16.1.0,r.-16.1.0,r.-16.1.0,r.-16.1.0,r.-16.1.0,r.-16.1.0,r.-16.1.0,r.-16.1.0,,,,,,,,,,,,,,,,,,,,,
131,r.-16.1.0,r.-16.1.0,r.-16.1.0,r.-16.1.0,r.-16.1.0,r.-16.1.0,r.-16.1.0,r.-16.1.0,r.-16.1.0,r.-16.1.0,r.-16.1.0,r.-16.1.0,r.-16.1.0,r.-16.1.0,r.-16.1.0,r.-16.1.0,r.-16.1.0,r.-16.1.0,r.-16.1.0,r.-16.1.0,r.-16.1.0,r.-16.1.0,r.-16.1.0,r.-16.1.0,r.-16.1.0,r.-16.1.0,r.-16.1.0,r.-16.1.0,r.-16.1.0,r.-16.1.0,r.-16.1.0,r.-16.1.0,r.-16.1.0,r.-16.1.0,r.-16.1.0,r.-16.1.0,r.-16.1.0,r.-16.1.0,r.-16.1.0,r.-16.1.0,r.-16.1.0,r.-16.1.0,r.-16.1.0,r.-16.1.0,r.-16.1.0,r.-16.1.0,r.-16.1.0,r.-16.1.0,r.-16.1.0,r.-16.1.0,r.-16.1.0,r.-16.1.0,r.-16.1.0,r.-16.1.0,r.-16.1.0,r.-16.1.0,r.-16.1.0,r.-16.1.0,r.-16.1.0,r.-16.1.0,r.-16.1.0,r.-16.1.0,r.-16.1.0,r.-16.1.0,r.-16.1.0,r.-16.1.0,r.-16.1.0,r.-16.1.0,r.-16.1.0,r.-16.1.0,r.-16.1.0,r.-16.1.0,r.-16.1.0,r.-16.1.0,r.-16.1.0,r.-16.1.0,r.-16.1.0,r.-16.1.0,r.-16.1.0,r.-16.1.0,r.-16.1.0,r.-16.1.0,r.-16.1.0,r.-16.1.0,r.-16.1.0,r.-16.1.0,r.-16.1.0,r.-16.1.0,r.-16.1.0,r.-16.1.0,r.-16.1.0,r.-16.1.0,r.-16.1.0,r.-16.1.0,,,,,,,,,,,,,,,,,,,,,
132,r.-16.1.0,r.-16.1.0,r.-16.1.0,r.-16.1.0,r.-16.1.0,r.-16.1.0,r.-16.1.0,r.-16.1.0,r.-16.1.0,r.-16.1.0,r.-16.1.0,r.-16.1.0,r.-16.1.0,r.-16.1.0,r.-16.1.0,r.-16.1.0,r.-16.1.0,r.-16.1.0,r.-16.1.0,r.-16.1.0,r.-16.1.0,r.-16.1.0,r.-16.1.0,r.-16.1.0,r.-16.1.0,r.-16.1.0,r.-16.1.0,r.-16.1.0,r.-16.1.0,r.-16.1.0,r.-16.1.0,r.-16.1.0,r.-16.1.0,r.-16.1.0,r.-16.1.0,r.-16.1.0,r.-16.1.0,r.-16.1.0,r.-16.1.0,r.-16.1.0,r.-16.1.0,r.-16.1.0,r.-16.1.0,r.-16.1.0,r.-16.1.0,r.-16.1.0,r.-16.1.0,r.-16.1.0,r.-16.1.0,r.-16.1.0,r.-16.1.0,r.-16.1.0,r.-16.1.0,r.-16.1.0,r.-16.1.0,r.-16.1.0,r.-16.1.0,r.-16.1.0,r.-16.1.0,r.-16.1.0,r.-16.1.0,r.-16.1.0,r.-16.1.0,r.-16.1.0,r.-16.1.0,r.-16.1.0,r.-16.1.0,r.-16.1.0,r.-16.1.0,r.-16.1.0,r.-16.1.0,r.-16.1.0,r.-16.1.0,r.-16.1.0,r.-16.1.0,r.-16.1.0,r.-16.1.0,r.-16.1.0,r.-16.1.0,r.-16.1.0,r.-16.1.0,r.-16.1.0,r.-16.1.0,r.-16.1.0,r.-16.1.0,r.-16.1.0,r.-16.1.0,r.-16.1.0,r.-16.1.0,r.-16.1.0,r.-16.1.0,r.-16.1.0,r.-16.1.0,r.-16.1.0,,,,,,,,,,,,,,,,,,,,,
133,r.-16.1.0,r.-16.1.0,r.-16.1.0,r.-16.1.0,r.-16.1.0,r.-16.1.0,r.-16.1.0,r.-16.1.0,r.-16.1.0,r.-16.1.0,r.-16.1.0,r.-16.1.0,r.-16.1.0,r.-16.1.0,r.-16.1.0,r.-16.1.0,r.-16.1.0,r.-16.1.0,r.-16.1.0,r.-16.1.0,r.-16.1.0,r.-16.1.0,r.-16.1.0,r.-16.1.0,r.-16.1.0,r.-16.1.0,r.-16.1.0,r.-16.1.0,r.-16.1.0,r.-16.1.0,r.-16.1.0,r.-16.1.0,r.-16.1.0,r.-16.1.0,r.-16.1.0,r.-16.1.0,r.-16.1.0,r.-16.1.0,r.-16.1.0,r.-16.1.0,r.-16.1.0,r.-16.1.0,r.-16.1.0,r.-16.1.0,r.-16.1.0,r.-16.1.0,r.-16.1.0,r.-16.1.0,r.-16.1.0,r.-16.1.0,r.-16.1.0,r.-16.1.0,r.-16.1.0,r.-16.1.0,r.-16.1.0,r.-16.1.0,r.-16.1.0,r.-16.1.0,r.-16.1.0,r.-16.1.0,r.-16.1.0,r.-16.1.0,r.-16.1.0,r.-16.1.0,r.-16.1.0,r.-16.1.0,r.-16.1.0,r.-16.1.0,r.-16.1.0,r.-16.1.0,r.-16.1.0,r.-16.1.0,r.-16.1.0,r.-16.1.0,r.-16.1.0,r.-16.1.0,r.-16.1.0,r.-16.1.0,r.-16.1.0,r.-16.1.0,r.-16.1.0,r.-16.1.0,r.-16.1.0,r.-16.1.0,r.-16.1.0,r.-16.1.0,r.-16.1.0,r.-16.1.0,r.-16.1.0,r.-16.1.0,r.-16.1.0,r.-16.1.0,r.-16.1.0,r.-16.1.0,,,,,,,,,,,,,,,,,,,,,
134,r.-16.1.0,r.-16.1.0,r.-16.1.0,r.-16.1.0,r.-16.1.0,r.-16.1.0,r.-16.1.0,r.-16.1.0,r.-16.1.0,r.-16.1.0,r.-16.1.0,r.-16.1.0,r.-16.1.0,r.-16.1.0,r.-16.1.0,r.-16.1.0,r.-16.1.0,r.-16.1.0,r.-16.1.0,r.-16.1.0,r.-16.1.0,r.-16.1.0,r.-16.1.0,r.-16.1.0,r.-16.1.0,r.-16.1.0,r.-16.1.0,r.-16.1.0,r.-16.1.0,r.-16.1.0,r.-16.1.0,r.-16.1.0,r.-16.1.0,r.-16.1.0,r.-16.1.0,r.-16.1.0,r.-16.1.0,r.-16.1.0,r.-16.1.0,r.-16.1.0,r.-16.1.0,r.-16.1.0,r.-16.1.0,r.-16.1.0,r.-16.1.0,r.-16.1.0,r.-16.1.0,r.-16.1.0,r.-16.1.0,r.-16.1.0,r.-16.1.0,r.-16.1.0,r.-16.1.0,r.-16.1.0,r.-16.1.0,r.-16.1.0,r.-16.1.0,r.-16.1.0,r.-16.1.0,r.-16.1.0,r.-16.1.0,r.-16.1.0,r.-16.1.0,r.-16.1.0,r.-16.1.0,r.-16.1.0,r.-16.1.0,r.-16.1.0,r.-16.1.0,r.-16.1.0,r.-16.1.0,r.-16.1.0,r.-16.1.0,r.-16.1.0,r.-16.1.0,r.-16.1.0,r.-16.1.0,r.-16.1.0,r.-16.1.0,r.-16.1.0,r.-16.1.0,r.-16.1.0,r.-16.1.0,r.-16.1.0,r.-16.1.0,r.-16.1.0,r.-16.1.0,r.-16.1.0,r.-16.1.0,r.-16.1.0,r.-16.1.0,r.-16.1.0,r.-16.1.0,r.-16.1.0,,,,,,,,,,,,,,,,,,,,,
135,r.-16.1.0,r.-16.1.0,r.-16.1.0,r.-16.1.0,r.-16.1.0,r.-16.1.0,r.-16.1.0,r.-16.1.0,r.-16.1.0,r.-16.1.0,r.-16.1.0,r.-16.1.0,r.-16.1.0,r.-16.1.0,r.-16.1.0,r.-16.1.0,r.-16.1.0,r.-16.1.0,r.-16.1.0,r.-16.1.0,r.-16.1.0,r.-16.1.0,r.-16.1.0,r.-16.1.0,r.-16.1.0,r.-16.1.0,r.-16.1.0,r.-16.1.0,r.-16.1.0,r.-16.1.0,r.-16.1.0,r.-16.1.0,r.-16.1.0,r.-16.1.0,r.-16.1.0,r.-16.1.0,r.-16.1.0,r.-16.1.0,r.-16.1.0,r.-16.1.0,r.-16.1.0,r.-16.1.0,r.-16.1.0,r.-16.1.0,r.-16.1.0,r.-16.1.0,r.-16.1.0,r.-16.1.0,r.-16.1.0,r.-16.1.0,r.-16.1.0,r.-16.1.0,r.-16.1.0,r.-16.1.0,r.-16.1.0,r.-16.1.0,r.-16.1.0,r.-16.1.0,r.-16.1.0,r.-16.1.0,r.-16.1.0,r.-16.1.0,r.-16.1.0,r.-16.1.0,r.-16.1.0,r.-16.1.0,r.-16.1.0,r.-16.1.0,r.-16.1.0,r.-16.1.0,r.-16.1.0,r.-16.1.0,r.-16.1.0,r.-16.1.0,r.-16.1.0,r.-16.1.0,r.-16.1.0,r.-16.1.0,r.-16.1.0,r.-16.1.0,r.-16.1.0,r.-16.1.0,r.-16.1.0,r.-16.1.0,r.-16.1.0,r.-16.1.0,r.-16.1.0,r.-16.1.0,r.-16.1.0,r.-16.1.0,r.-16.1.0,r.-16.1.0,r.-16.1.0,r.-16.1.0,,,,,,,,,,,,,,,,,,,,,
136,r.-16.1.0,r.-16.1.0,r.-16.1.0,r.-16.1.0,r.-16.1.0,r.-16.1.0,r.-16.1.0,r.-16.1.0,r.-16.1.0,r.-16.1.0,r.-16.1.0,r.-16.1.0,r.-16.1.0,r.-16.1.0,r.-16.1.0,r.-16.1.0,r.-16.1.0,r.-16.1.0,r.-16.1.0,r.-16.1.0,r.-16.1.0,r.-16.1.0,r.-16.1.0,r.-16.1.0,r.-16.1.0,r.-16.1.0,r.-16.1.0,r.-16.1.0,r.-16.1.0,r.-16.1.0,r.-16.1.0,r.-16.1.0,r.-16.1.0,r.-16.1.0,r.-16.1.0,r.-16.1.0,r.-16.1.0,r.-16.1.0,r.-16.1.0,r.-16.1.0,r.-16.1.0,r.-16.1.0,r.-16.1.0,r.-16.1.0,r.-16.1.0,r.-16.1.0,r.-16.1.0,r.-16.1.0,r.-16.1.0,r.-16.1.0,r.-16.1.0,r.-16.1.0,r.-16.1.0,r.-16.1.0,r.-16.1.0,r.-16.1.0,r.-16.1.0,r.-16.1.0,r.-16.1.0,r.-16.1.0,r.-16.1.0,r.-16.1.0,r.-16.1.0,r.-16.1.0,r.-16.1.0,r.-16.1.0,r.-16.1.0,r.-16.1.0,r.-16.1.0,r.-16.1.0,r.-16.1.0,r.-16.1.0,r.-16.1.0,r.-16.1.0,r.-16.1.0,r.-16.1.0,r.-16.1.0,r.-16.1.0,r.-16.1.0,r.-16.1.0,r.-16.1.0,r.-16.1.0,r.-16.1.0,r.-16.1.0,r.-16.1.0,r.-16.1.0,r.-16.1.0,r.-16.1.0,r.-16.1.0,r.-16.1.0,r.-16.1.0,r.-16.1.0,r.-16.1.0,r.-16.1.0,,,,,,,,,,,,,,,,,,,,,
137,r.-16.1.0,r.-16.1.0,r.-16.1.0,r.-16.1.0,r.-16.1.0,r.-16.1.0,r.-16.1.0,r.-16.1.0,r.-16.1.0,r.-16.1.0,r.-16.1.0,r.-16.1.0,r.-16.1.0,r.-16.1.0,r.-16.1.0,r.-16.1.0,r.-16.1.0,r.-16.1.0,r.-16.1.0,r.-16.1.0,r.-16.1.0,r.-16.1.0,r.-16.1.0,r.-16.1.0,r.-16.1.0,r.-16.1.0,r.-16.1.0,r.-16.1.0,r.-16.1.0,r.-16.1.0,r.-16.1.0,r.-16.1.0,r.-16.1.0,r.-16.1.0,r.-16.1.0,r.-16.1.0,r.-16.1.0,r.-16.1.0,r.-16.1.0,r.-16.1.0,r.-16.1.0,r.-16.1.0,r.-16.1.0,r.-16.1.0,r.-16.1.0,r.-16.1.0,r.-16.1.0,r.-16.1.0,r.-16.1.0,r.-16.1.0,r.-16.1.0,r.-16.1.0,r.-16.1.0,r.-16.1.0,r.-16.1.0,r.-16.1.0,r.-16.1.0,r.-16.1.0,r.-16.1.0,r.-16.1.0,r.-16.1.0,r.-16.1.0,r.-16.1.0,r.-16.1.0,r.-16.1.0,r.-16.1.0,r.-16.1.0,r.-16.1.0,r.-16.1.0,r.-16.1.0,r.-16.1.0,r.-16.1.0,r.-16.1.0,r.-16.1.0,r.-16.1.0,r.-16.1.0,r.-16.1.0,r.-16.1.0,r.-16.1.0,r.-16.1.0,r.-16.1.0,r.-16.1.0,r.-16.1.0,r.-16.1.0,r.-16.1.0,r.-16.1.0,r.-16.1.0,r.-16.1.0,r.-16.1.0,r.-16.1.0,r.-16.1.0,r.-16.1.0,r.-16.1.0,r.-16.1.0,,,,,,,,,,,,,,,,,,,,,
138,r.-16.1.0,r.-16.1.0,r.-16.1.0,r.-16.1.0,r.-16.1.0,r.-16.1.0,r.-16.1.0,r.-16.1.0,r.-16.1.0,r.-16.1.0,r.-16.1.0,r.-16.1.0,r.-16.1.0,r.-16.1.0,r.-16.1.0,r.-16.1.0,r.-16.1.0,r.-16.1.0,r.-16.1.0,r.-16.1.0,r.-16.1.0,r.-16.1.0,r.-16.1.0,r.-16.1.0,r.-16.1.0,r.-16.1.0,r.-16.1.0,r.-16.1.0,r.-16.1.0,r.-16.1.0,r.-16.1.0,r.-16.1.0,r.-16.1.0,r.-16.1.0,r.-16.1.0,r.-16.1.0,r.-16.1.0,r.-16.1.0,r.-16.1.0,r.-16.1.0,r.-16.1.0,r.-16.1.0,r.-16.1.0,r.-16.1.0,r.-16.1.0,r.-16.1.0,r.-16.1.0,r.-16.1.0,r.-16.1.0,r.-16.1.0,r.-16.1.0,r.-16.1.0,r.-16.1.0,r.-16.1.0,r.-16.1.0,r.-16.1.0,r.-16.1.0,r.-16.1.0,r.-16.1.0,r.-16.1.0,r.-16.1.0,r.-16.1.0,r.-16.1.0,r.-16.1.0,r.-16.1.0,r.-16.1.0,r.-16.1.0,r.-16.1.0,r.-16.1.0,r.-16.1.0,r.-16.1.0,r.-16.1.0,r.-16.1.0,r.-16.1.0,r.-16.1.0,r.-16.1.0,r.-16.1.0,r.-16.1.0,r.-16.1.0,r.-16.1.0,r.-16.1.0,r.-16.1.0,r.-16.1.0,r.-16.1.0,r.-16.1.0,r.-16.1.0,r.-16.1.0,r.-16.1.0,r.-16.1.0,r.-16.1.0,r.-16.1.0,r.-16.1.0,r.-16.1.0,r.-16.1.0,,,,,,,,,,,,,,,,,,,,,
139,r.-16.1.0,r.-16.1.0,r.-16.1.0,r.-16.1.0,r.-16.1.0,r.-16.1.0,r.-16.1.0,r.-16.1.0,r.-16.1.0,r.-16.1.0,r.-16.1.0,r.-16.1.0,r.-16.1.0,r.-16.1.0,r.-16.1.0,r.-16.1.0,r.-16.1.0,r.-16.1.0,r.-16.1.0,r.-16.1.0,r.-16.1.0,r.-16.1.0,r.-16.1.0,r.-16.1.0,r.-16.1.0,r.-16.1.0,r.-16.1.0,r.-16.1.0,r.-16.1.0,r.-16.1.0,r.-16.1.0,r.-16.1.0,r.-16.1.0,r.-16.1.0,r.-16.1.0,r.-16.1.0,r.-16.1.0,r.-16.1.0,r.-16.1.0,r.-16.1.0,r.-16.1.0,r.-16.1.0,r.-16.1.0,r.-16.1.0,r.-16.1.0,r.-16.1.0,r.-16.1.0,r.-16.1.0,r.-16.1.0,r.-16.1.0,r.-16.1.0,r.-16.1.0,r.-16.1.0,r.-16.1.0,r.-16.1.0,r.-16.1.0,r.-16.1.0,r.-16.1.0,r.-16.1.0,r.-16.1.0,r.-16.1.0,r.-16.1.0,r.-16.1.0,r.-16.1.0,r.-16.1.0,r.-16.1.0,r.-16.1.0,r.-16.1.0,r.-16.1.0,r.-16.1.0,r.-16.1.0,r.-16.1.0,r.-16.1.0,r.-16.1.0,r.-16.1.0,r.-16.1.0,r.-16.1.0,r.-16.1.0,r.-16.1.0,r.-16.1.0,r.-16.1.0,r.-16.1.0,r.-16.1.0,r.-16.1.0,r.-16.1.0,r.-16.1.0,r.-16.1.0,r.-16.1.0,r.-16.1.0,r.-16.1.0,r.-16.1.0,r.-16.1.0,r.-16.1.0,r.-16.1.0,,,,,,,,,,,,,,,,,,,,,
140,r.-16.1.0,r.-16.1.0,r.-16.1.0,r.-16.1.0,r.-16.1.0,r.-16.1.0,r.-16.1.0,r.-16.1.0,r.-16.1.0,r.-16.1.0,r.-16.1.0,r.-16.1.0,r.-16.1.0,r.-16.1.0,r.-16.1.0,r.-16.1.0,r.-16.1.0,r.-16.1.0,r.-16.1.0,r.-16.1.0,r.-16.1.0,r.-16.1.0,r.-16.1.0,r.-16.1.0,r.-16.1.0,r.-16.1.0,r.-16.1.0,r.-16.1.0,r.-16.1.0,r.-16.1.0,r.-16.1.0,r.-16.1.0,r.-16.1.0,r.-16.1.0,r.-16.1.0,r.-16.1.0,r.-16.1.0,r.-16.1.0,r.-16.1.0,r.-16.1.0,r.-16.1.0,r.-16.1.0,r.-16.1.0,r.-16.1.0,r.-16.1.0,r.-16.1.0,r.-16.1.0,r.-16.1.0,r.-16.1.0,r.-16.1.0,r.-16.1.0,r.-16.1.0,r.-16.1.0,r.-16.1.0,r.-16.1.0,r.-16.1.0,r.-16.1.0,r.-16.1.0,r.-16.1.0,r.-16.1.0,r.-16.1.0,r.-16.1.0,r.-16.1.0,r.-16.1.0,r.-16.1.0,r.-16.1.0,r.-16.1.0,r.-16.1.0,r.-16.1.0,r.-16.1.0,r.-16.1.0,r.-16.1.0,r.-16.1.0,r.-16.1.0,r.-16.1.0,r.-16.1.0,r.-16.1.0,r.-16.1.0,r.-16.1.0,r.-16.1.0,r.-16.1.0,r.-16.1.0,r.-16.1.0,r.-16.1.0,r.-16.1.0,r.-16.1.0,r.-16.1.0,r.-16.1.0,r.-16.1.0,r.-16.1.0,r.-16.1.0,r.-16.1.0,r.-16.1.0,r.-16.1.0,,,,,,,,,,,,,,,,,,,,,
141,r.-16.1.0,r.-16.1.0,r.-16.1.0,r.-16.1.0,r.-16.1.0,r.-16.1.0,r.-16.1.0,r.-16.1.0,r.-16.1.0,r.-16.1.0,r.-16.1.0,r.-16.1.0,r.-16.1.0,r.-16.1.0,r.-16.1.0,r.-16.1.0,r.-16.1.0,r.-16.1.0,r.-16.1.0,r.-16.1.0,r.-16.1.0,r.-16.1.0,r.-16.1.0,r.-16.1.0,r.-16.1.0,r.-16.1.0,r.-16.1.0,r.-16.1.0,r.-16.1.0,r.-16.1.0,r.-16.1.0,r.-16.1.0,r.-16.1.0,r.-16.1.0,r.-16.1.0,r.-16.1.0,r.-16.1.0,r.-16.1.0,r.-16.1.0,r.-16.1.0,r.-16.1.0,r.-16.1.0,r.-16.1.0,r.-16.1.0,r.-16.1.0,r.-16.1.0,r.-16.1.0,r.-16.1.0,r.-16.1.0,r.-16.1.0,r.-16.1.0,r.-16.1.0,r.-16.1.0,r.-16.1.0,r.-16.1.0,r.-16.1.0,r.-16.1.0,r.-16.1.0,r.-16.1.0,r.-16.1.0,r.-16.1.0,r.-16.1.0,r.-16.1.0,r.-16.1.0,r.-16.1.0,r.-16.1.0,r.-16.1.0,r.-16.1.0,r.-16.1.0,r.-16.1.0,r.-16.1.0,r.-16.1.0,r.-16.1.0,r.-16.1.0,r.-16.1.0,r.-16.1.0,r.-16.1.0,r.-16.1.0,r.-16.1.0,r.-16.1.0,r.-16.1.0,r.-16.1.0,r.-16.1.0,r.-16.1.0,r.-16.1.0,r.-16.1.0,r.-16.1.0,r.-16.1.0,r.-16.1.0,r.-16.1.0,r.-16.1.0,r.-16.1.0,r.-16.1.0,r.-16.1.0,,,,,,,,,,,,,,,,,,,,,
142,r.-16.1.0,r.-16.1.0,r.-16.1.0,r.-16.1.0,r.-16.1.0,r.-16.1.0,r.-16.1.0,r.-16.1.0,r.-16.1.0,r.-16.1.0,r.-16.1.0,r.-16.1.0,r.-16.1.0,r.-16.1.0,r.-16.1.0,r.-16.1.0,r.-16.1.0,r.-16.1.0,r.-16.1.0,r.-16.1.0,r.-16.1.0,r.-16.1.0,r.-16.1.0,r.-16.1.0,r.-16.1.0,r.-16.1.0,r.-16.1.0,r.-16.1.0,r.-16.1.0,r.-16.1.0,r.-16.1.0,r.-16.1.0,r.-16.1.0,r.-16.1.0,r.-16.1.0,r.-16.1.0,r.-16.1.0,r.-16.1.0,r.-16.1.0,r.-16.1.0,r.-16.1.0,r.-16.1.0,r.-16.1.0,r.-16.1.0,r.-16.1.0,r.-16.1.0,r.-16.1.0,r.-16.1.0,r.-16.1.0,r.-16.1.0,r.-16.1.0,r.-16.1.0,r.-16.1.0,r.-16.1.0,r.-16.1.0,r.-16.1.0,r.-16.1.0,r.-16.1.0,r.-16.1.0,r.-16.1.0,r.-16.1.0,r.-16.1.0,r.-16.1.0,r.-16.1.0,r.-16.1.0,r.-16.1.0,r.-16.1.0,r.-16.1.0,r.-16.1.0,r.-16.1.0,r.-16.1.0,r.-16.1.0,r.-16.1.0,r.-16.1.0,r.-16.1.0,r.-16.1.0,r.-16.1.0,r.-16.1.0,r.-16.1.0,r.-16.1.0,r.-16.1.0,r.-16.1.0,r.-16.1.0,r.-16.1.0,r.-16.1.0,r.-16.1.0,r.-16.1.0,r.-16.1.0,r.-16.1.0,r.-16.1.0,r.-16.1.0,r.-16.1.0,r.-16.1.0,r.-16.1.0,,,,,,,,,,,,,,,,,,,,,
143,r.-16.1.0,r.-16.1.0,r.-16.1.0,r.-16.1.0,r.-16.1.0,r.-16.1.0,r.-16.1.0,r.-16.1.0,r.-16.1.0,r.-16.1.0,r.-16.1.0,r.-16.1.0,r.-16.1.0,r.-16.1.0,r.-16.1.0,r.-16.1.0,r.-16.1.0,r.-16.1.0,r.-16.1.0,r.-16.1.0,r.-16.1.0,r.-16.1.0,r.-16.1.0,r.-16.1.0,r.-16.1.0,r.-16.1.0,r.-16.1.0,r.-16.1.0,r.-16.1.0,r.-16.1.0,r.-16.1.0,r.-16.1.0,r.-16.1.0,r.-16.1.0,r.-16.1.0,r.-16.1.0,r.-16.1.0,r.-16.1.0,r.-16.1.0,r.-16.1.0,r.-16.1.0,r.-16.1.0,r.-16.1.0,r.-16.1.0,r.-16.1.0,r.-16.1.0,r.-16.1.0,r.-16.1.0,r.-16.1.0,r.-16.1.0,r.-16.1.0,r.-16.1.0,r.-16.1.0,r.-16.1.0,r.-16.1.0,r.-16.1.0,r.-16.1.0,r.-16.1.0,r.-16.1.0,r.-16.1.0,r.-16.1.0,r.-16.1.0,r.-16.1.0,r.-16.1.0,r.-16.1.0,r.-16.1.0,r.-16.1.0,r.-16.1.0,r.-16.1.0,r.-16.1.0,r.-16.1.0,r.-16.1.0,r.-16.1.0,r.-16.1.0,r.-16.1.0,r.-16.1.0,r.-16.1.0,r.-16.1.0,r.-16.1.0,r.-16.1.0,r.-16.1.0,r.-16.1.0,r.-16.1.0,r.-16.1.0,r.-16.1.0,r.-16.1.0,r.-16.1.0,r.-16.1.0,r.-16.1.0,r.-16.1.0,r.-16.1.0,r.-16.1.0,r.-16.1.0,r.-16.1.0,,,,,,,,,,,,,,,,,,,,,
144,r.-16.1.0,r.-16.1.0,r.-16.1.0,r.-16.1.0,r.-16.1.0,r.-16.1.0,r.-16.1.0,r.-16.1.0,r.-16.1.0,r.-16.1.0,r.-16.1.0,r.-16.1.0,r.-16.1.0,r.-16.1.0,r.-16.1.0,r.-16.1.0,r.-16.1.0,r.-16.1.0,r.-16.1.0,r.-16.1.0,r.-16.1.0,r.-16.1.0,r.-16.1.0,r.-16.1.0,r.-16.1.0,r.-16.1.0,r.-16.1.0,r.-16.1.0,r.-16.1.0,r.-16.1.0,r.-16.1.0,r.-16.1.0,r.-16.1.0,r.-16.1.0,r.-16.1.0,r.-16.1.0,r.-16.1.0,r.-16.1.0,r.-16.1.0,r.-16.1.0,r.-16.1.0,r.-16.1.0,r.-16.1.0,r.-16.1.0,r.-16.1.0,r.-16.1.0,r.-16.1.0,r.-16.1.0,r.-16.1.0,r.-16.1.0,r.-16.1.0,r.-16.1.0,r.-16.1.0,r.-16.1.0,r.-16.1.0,r.-16.1.0,r.-16.1.0,r.-16.1.0,r.-16.1.0,r.-16.1.0,r.-16.1.0,r.-16.1.0,r.-16.1.0,r.-16.1.0,r.-16.1.0,r.-16.1.0,r.-16.1.0,r.-16.1.0,r.-16.1.0,r.-16.1.0,r.-16.1.0,r.-16.1.0,r.-16.1.0,r.-16.1.0,r.-16.1.0,r.-16.1.0,r.-16.1.0,r.-16.1.0,r.-16.1.0,r.-16.1.0,r.-16.1.0,r.-16.1.0,r.-16.1.0,r.-16.1.0,r.-16.1.0,r.-16.1.0,r.-16.1.0,r.-16.1.0,r.-16.1.0,r.-16.1.0,r.-16.1.0,r.-16.1.0,r.-16.1.0,r.-16.1.0,,,,,,,,,,,,,,,,,,,,,
145,r.-16.1.0,r.-16.1.0,r.-16.1.0,r.-16.1.0,r.-16.1.0,r.-16.1.0,r.-16.1.0,r.-16.1.0,r.-16.1.0,r.-16.1.0,r.-16.1.0,r.-16.1.0,r.-16.1.0,r.-16.1.0,r.-16.1.0,r.-16.1.0,r.-16.1.0,r.-16.1.0,r.-16.1.0,r.-16.1.0,r.-16.1.0,r.-16.1.0,r.-16.1.0,r.-16.1.0,r.-16.1.0,r.-16.1.0,r.-16.1.0,r.-16.1.0,r.-16.1.0,r.-16.1.0,r.-16.1.0,r.-16.1.0,r.-16.1.0,r.-16.1.0,r.-16.1.0,r.-16.1.0,r.-16.1.0,r.-16.1.0,r.-16.1.0,r.-16.1.0,r.-16.1.0,r.-16.1.0,r.-16.1.0,r.-16.1.0,r.-16.1.0,r.-16.1.0,r.-16.1.0,r.-16.1.0,r.-16.1.0,r.-16.1.0,r.-16.1.0,r.-16.1.0,r.-16.1.0,r.-16.1.0,r.-16.1.0,r.-16.1.0,r.-16.1.0,r.-16.1.0,r.-16.1.0,r.-16.1.0,r.-16.1.0,r.-16.1.0,r.-16.1.0,r.-16.1.0,r.-16.1.0,r.-16.1.0,r.-16.1.0,r.-16.1.0,r.-16.1.0,r.-16.1.0,r.-16.1.0,r.-16.1.0,r.-16.1.0,r.-16.1.0,r.-16.1.0,r.-16.1.0,r.-16.1.0,r.-16.1.0,r.-16.1.0,r.-16.1.0,r.-16.1.0,r.-16.1.0,r.-16.1.0,r.-16.1.0,r.-16.1.0,r.-16.1.0,r.-16.1.0,r.-16.1.0,r.-16.1.0,r.-16.1.0,r.-16.1.0,r.-16.1.0,r.-16.1.0,r.-16.1.0,,,,,,,,,,,,,,,,,,,,,
146,r.-16.1.0,r.-16.1.0,r.-16.1.0,r.-16.1.0,r.-16.1.0,r.-16.1.0,r.-16.1.0,r.-16.1.0,r.-16.1.0,r.-16.1.0,r.-16.1.0,r.-16.1.0,r.-16.1.0,r.-16.1.0,r.-16.1.0,r.-16.1.0,r.-16.1.0,r.-16.1.0,r.-16.1.0,r.-16.1.0,r.-16.1.0,r.-16.1.0,r.-16.1.0,r.-16.1.0,r.-16.1.0,r.-16.1.0,r.-16.1.0,r.-16.1.0,r.-16.1.0,r.-16.1.0,r.-16.1.0,r.-16.1.0,r.-16.1.0,r.-16.1.0,r.-16.1.0,r.-16.1.0,r.-16.1.0,r.-16.1.0,r.-16.1.0,r.-16.1.0,r.-16.1.0,r.-16.1.0,r.-16.1.0,r.-16.1.0,r.-16.1.0,r.-16.1.0,r.-16.1.0,r.-16.1.0,r.-16.1.0,r.-16.1.0,r.-16.1.0,r.-16.1.0,r.-16.1.0,r.-16.1.0,r.-16.1.0,r.-16.1.0,r.-16.1.0,r.-16.1.0,r.-16.1.0,r.-16.1.0,r.-16.1.0,r.-16.1.0,r.-16.1.0,r.-16.1.0,r.-16.1.0,r.-16.1.0,r.-16.1.0,r.-16.1.0,r.-16.1.0,r.-16.1.0,r.-16.1.0,r.-16.1.0,r.-16.1.0,r.-16.1.0,r.-16.1.0,r.-16.1.0,r.-16.1.0,r.-16.1.0,r.-16.1.0,r.-16.1.0,r.-16.1.0,r.-16.1.0,r.-16.1.0,r.-16.1.0,r.-16.1.0,r.-16.1.0,r.-16.1.0,r.-16.1.0,r.-16.1.0,r.-16.1.0,r.-16.1.0,r.-16.1.0,r.-16.1.0,r.-16.1.0,,,,,,,,,,,,,,,,,,,,,
147,r.-16.1.0,r.-16.1.0,r.-16.1.0,r.-16.1.0,r.-16.1.0,r.-16.1.0,r.-16.1.0,r.-16.1.0,r.-16.1.0,r.-16.1.0,r.-16.1.0,r.-16.1.0,r.-16.1.0,r.-16.1.0,r.-16.1.0,r.-16.1.0,r.-16.1.0,r.-16.1.0,r.-16.1.0,r.-16.1.0,r.-16.1.0,r.-16.1.0,r.-16.1.0,r.-16.1.0,r.-16.1.0,r.-16.1.0,r.-16.1.0,r.-16.1.0,r.-16.1.0,r.-16.1.0,r.-16.1.0,r.-16.1.0,r.-16.1.0,r.-16.1.0,r.-16.1.0,r.-16.1.0,r.-16.1.0,r.-16.1.0,r.-16.1.0,r.-16.1.0,r.-16.1.0,r.-16.1.0,r.-16.1.0,r.-16.1.0,r.-16.1.0,r.-16.1.0,r.-16.1.0,r.-16.1.0,r.-16.1.0,r.-16.1.0,r.-16.1.0,r.-16.1.0,r.-16.1.0,r.-16.1.0,r.-16.1.0,r.-16.1.0,r.-16.1.0,r.-16.1.0,r.-16.1.0,r.-16.1.0,r.-16.1.0,r.-16.1.0,r.-16.1.0,r.-16.1.0,r.-16.1.0,r.-16.1.0,r.-16.1.0,r.-16.1.0,r.-16.1.0,r.-16.1.0,r.-16.1.0,r.-16.1.0,r.-16.1.0,r.-16.1.0,r.-16.1.0,r.-16.1.0,r.-16.1.0,r.-16.1.0,r.-16.1.0,r.-16.1.0,r.-16.1.0,r.-16.1.0,r.-16.1.0,r.-16.1.0,r.-16.1.0,r.-16.1.0,r.-16.1.0,r.-16.1.0,r.-16.1.0,r.-16.1.0,r.-16.1.0,r.-16.1.0,r.-16.1.0,r.-16.1.0,,,,,,,,,,,,,,,,,,,,,
148,r.-16.1.0,r.-16.1.0,r.-16.1.0,r.-16.1.0,r.-16.1.0,r.-16.1.0,r.-16.1.0,r.-16.1.0,r.-16.1.0,r.-16.1.0,r.-16.1.0,r.-16.1.0,r.-16.1.0,r.-16.1.0,r.-16.1.0,r.-16.1.0,r.-16.1.0,r.-16.1.0,r.-16.1.0,r.-16.1.0,r.-16.1.0,r.-16.1.0,r.-16.1.0,r.-16.1.0,r.-16.1.0,r.-16.1.0,r.-16.1.0,r.-16.1.0,r.-16.1.0,r.-16.1.0,r.-16.1.0,r.-16.1.0,r.-16.1.0,r.-16.1.0,r.-16.1.0,r.-16.1.0,r.-16.1.0,r.-16.1.0,r.-16.1.0,r.-16.1.0,r.-16.1.0,r.-16.1.0,r.-16.1.0,r.-16.1.0,r.-16.1.0,r.-16.1.0,r.-16.1.0,r.-16.1.0,r.-16.1.0,r.-16.1.0,r.-16.1.0,r.-16.1.0,r.-16.1.0,r.-16.1.0,r.-16.1.0,r.-16.1.0,r.-16.1.0,r.-16.1.0,r.-16.1.0,r.-16.1.0,r.-16.1.0,r.-16.1.0,r.-16.1.0,r.-16.1.0,r.-16.1.0,r.-16.1.0,r.-16.1.0,r.-16.1.0,r.-16.1.0,r.-16.1.0,r.-16.1.0,r.-16.1.0,r.-16.1.0,r.-16.1.0,r.-16.1.0,r.-16.1.0,r.-16.1.0,r.-16.1.0,r.-16.1.0,r.-16.1.0,r.-16.1.0,r.-16.1.0,r.-16.1.0,r.-16.1.0,r.-16.1.0,r.-16.1.0,r.-16.1.0,r.-16.1.0,r.-16.1.0,r.-16.1.0,r.-16.1.0,r.-16.1.0,r.-16.1.0,r.-16.1.0,,,,,,,,,,,,,,,,,,,,,
149,r.-16.1.0,r.-16.1.0,r.-16.1.0,r.-16.1.0,r.-16.1.0,r.-16.1.0,r.-16.1.0,r.-16.1.0,r.-16.1.0,r.-16.1.0,r.-16.1.0,r.-16.1.0,r.-16.1.0,r.-16.1.0,r.-16.1.0,r.-16.1.0,r.-16.1.0,r.-16.1.0,r.-16.1.0,r.-16.1.0,r.-16.1.0,r.-16.1.0,r.-16.1.0,r.-16.1.0,r.-16.1.0,r.-16.1.0,r.-16.1.0,r.-16.1.0,r.-16.1.0,r.-16.1.0,r.-16.1.0,r.-16.1.0,r.-16.1.0,r.-16.1.0,r.-16.1.0,r.-16.1.0,r.-16.1.0,r.-16.1.0,r.-16.1.0,r.-16.1.0,r.-16.1.0,r.-16.1.0,r.-16.1.0,r.-16.1.0,r.-16.1.0,r.-16.1.0,r.-16.1.0,r.-16.1.0,r.-16.1.0,r.-16.1.0,r.-16.1.0,r.-16.1.0,r.-16.1.0,r.-16.1.0,r.-16.1.0,r.-16.1.0,r.-16.1.0,r.-16.1.0,r.-16.1.0,r.-16.1.0,r.-16.1.0,r.-16.1.0,r.-16.1.0,r.-16.1.0,r.-16.1.0,r.-16.1.0,r.-16.1.0,r.-16.1.0,r.-16.1.0,r.-16.1.0,r.-16.1.0,r.-16.1.0,r.-16.1.0,r.-16.1.0,r.-16.1.0,r.-16.1.0,r.-16.1.0,r.-16.1.0,r.-16.1.0,r.-16.1.0,r.-16.1.0,r.-16.1.0,r.-16.1.0,r.-16.1.0,r.-16.1.0,r.-16.1.0,r.-16.1.0,r.-16.1.0,r.-16.1.0,r.-16.1.0,r.-16.1.0,r.-16.1.0,r.-16.1.0,r.-16.1.0,,,,,,,,,,,,,,,,,,,,,
150,r.-16.1.0,r.-16.1.0,r.-16.1.0,r.-16.1.0,r.-16.1.0,r.-16.1.0,r.-16.1.0,r.-16.1.0,r.-16.1.0,r.-16.1.0,r.-16.1.0,r.-16.1.0,r.-16.1.0,r.-16.1.0,r.-16.1.0,r.-16.1.0,r.-16.1.0,r.-16.1.0,r.-16.1.0,r.-16.1.0,r.-16.1.0,r.-16.1.0,r.-16.1.0,r.-16.1.0,r.-16.1.0,r.-16.1.0,r.-16.1.0,r.-16.1.0,r.-16.1.0,r.-16.1.0,r.-16.1.0,r.-16.1.0,r.-16.1.0,r.-16.1.0,r.-16.1.0,r.-16.1.0,r.-16.1.0,r.-16.1.0,r.-16.1.0,r.-16.1.0,r.-16.1.0,r.-16.1.0,r.-16.1.0,r.-16.1.0,r.-16.1.0,r.-16.1.0,r.-16.1.0,r.-16.1.0,r.-16.1.0,r.-16.1.0,r.-16.1.0,r.-16.1.0,r.-16.1.0,r.-16.1.0,r.-16.1.0,r.-16.1.0,r.-16.1.0,r.-16.1.0,r.-16.1.0,r.-16.1.0,r.-16.1.0,r.-16.1.0,r.-16.1.0,r.-16.1.0,r.-16.1.0,r.-16.1.0,r.-16.1.0,r.-16.1.0,r.-16.1.0,r.-16.1.0,r.-16.1.0,r.-16.1.0,r.-16.1.0,r.-16.1.0,r.-16.1.0,r.-16.1.0,r.-16.1.0,r.-16.1.0,r.-16.1.0,r.-16.1.0,r.-16.1.0,r.-16.1.0,r.-16.1.0,r.-16.1.0,r.-16.1.0,r.-16.1.0,r.-16.1.0,r.-16.1.0,r.-16.1.0,r.-16.1.0,r.-16.1.0,r.-16.1.0,r.-16.1.0,r.-16.1.0,,,,,,,,,,,,,,,,,,,,,
151,r.-16.1.0,r.-16.1.0,r.-16.1.0,r.-16.1.0,r.-16.1.0,r.-16.1.0,r.-16.1.0,r.-16.1.0,r.-16.1.0,r.-16.1.0,r.-16.1.0,r.-16.1.0,r.-16.1.0,r.-16.1.0,r.-16.1.0,r.-16.1.0,r.-16.1.0,r.-16.1.0,r.-16.1.0,r.-16.1.0,r.-16.1.0,r.-16.1.0,r.-16.1.0,r.-16.1.0,r.-16.1.0,r.-16.1.0,r.-16.1.0,r.-16.1.0,r.-16.1.0,r.-16.1.0,r.-16.1.0,r.-16.1.0,r.-16.1.0,r.-16.1.0,r.-16.1.0,r.-16.1.0,r.-16.1.0,r.-16.1.0,r.-16.1.0,r.-16.1.0,r.-16.1.0,r.-16.1.0,r.-16.1.0,r.-16.1.0,r.-16.1.0,r.-16.1.0,r.-16.1.0,r.-16.1.0,r.-16.1.0,r.-16.1.0,r.-16.1.0,r.-16.1.0,r.-16.1.0,r.-16.1.0,r.-16.1.0,r.-16.1.0,r.-16.1.0,r.-16.1.0,r.-16.1.0,r.-16.1.0,r.-16.1.0,r.-16.1.0,r.-16.1.0,r.-16.1.0,r.-16.1.0,r.-16.1.0,r.-16.1.0,r.-16.1.0,r.-16.1.0,r.-16.1.0,r.-16.1.0,r.-16.1.0,r.-16.1.0,r.-16.1.0,r.-16.1.0,r.-16.1.0,r.-16.1.0,r.-16.1.0,r.-16.1.0,r.-16.1.0,r.-16.1.0,r.-16.1.0,r.-16.1.0,r.-16.1.0,r.-16.1.0,r.-16.1.0,r.-16.1.0,r.-16.1.0,r.-16.1.0,r.-16.1.0,r.-16.1.0,r.-16.1.0,r.-16.1.0,r.-16.1.0,,,,,,,,,,,,,,,,,,,,,
152,r.-16.1.0,r.-16.1.0,r.-16.1.0,r.-16.1.0,r.-16.1.0,r.-16.1.0,r.-16.1.0,r.-16.1.0,r.-16.1.0,r.-16.1.0,r.-16.1.0,r.-16.1.0,r.-16.1.0,r.-16.1.0,r.-16.1.0,r.-16.1.0,r.-16.1.0,r.-16.1.0,r.-16.1.0,r.-16.1.0,r.-16.1.0,r.-16.1.0,r.-16.1.0,r.-16.1.0,r.-16.1.0,r.-16.1.0,r.-16.1.0,r.-16.1.0,r.-16.1.0,r.-16.1.0,r.-16.1.0,r.-16.1.0,r.-16.1.0,r.-16.1.0,r.-16.1.0,r.-16.1.0,r.-16.1.0,r.-16.1.0,r.-16.1.0,r.-16.1.0,r.-16.1.0,r.-16.1.0,r.-16.1.0,r.-16.1.0,r.-16.1.0,r.-16.1.0,r.-16.1.0,r.-16.1.0,r.-16.1.0,r.-16.1.0,r.-16.1.0,r.-16.1.0,r.-16.1.0,r.-16.1.0,r.-16.1.0,r.-16.1.0,r.-16.1.0,r.-16.1.0,r.-16.1.0,r.-16.1.0,r.-16.1.0,r.-16.1.0,r.-16.1.0,r.-16.1.0,r.-16.1.0,r.-16.1.0,r.-16.1.0,r.-16.1.0,r.-16.1.0,r.-16.1.0,r.-16.1.0,r.-16.1.0,r.-16.1.0,r.-16.1.0,r.-16.1.0,r.-16.1.0,r.-16.1.0,r.-16.1.0,r.-16.1.0,r.-16.1.0,r.-16.1.0,r.-16.1.0,r.-16.1.0,r.-16.1.0,r.-16.1.0,r.-16.1.0,r.-16.1.0,r.-16.1.0,r.-16.1.0,r.-16.1.0,r.-16.1.0,r.-16.1.0,r.-16.1.0,r.-16.1.0,,,,,,,,,,,,,,,,,,,,,
153,r.-16.1.0,r.-16.1.0,r.-16.1.0,r.-16.1.0,r.-16.1.0,r.-16.1.0,r.-16.1.0,r.-16.1.0,r.-16.1.0,r.-16.1.0,r.-16.1.0,r.-16.1.0,r.-16.1.0,r.-16.1.0,r.-16.1.0,r.-16.1.0,r.-16.1.0,r.-16.1.0,r.-16.1.0,r.-16.1.0,r.-16.1.0,r.-16.1.0,r.-16.1.0,r.-16.1.0,r.-16.1.0,r.-16.1.0,r.-16.1.0,r.-16.1.0,r.-16.1.0,r.-16.1.0,r.-16.1.0,r.-16.1.0,r.-16.1.0,r.-16.1.0,r.-16.1.0,r.-16.1.0,r.-16.1.0,r.-16.1.0,r.-16.1.0,r.-16.1.0,r.-16.1.0,r.-16.1.0,r.-16.1.0,r.-16.1.0,r.-16.1.0,r.-16.1.0,r.-16.1.0,r.-16.1.0,r.-16.1.0,r.-16.1.0,r.-16.1.0,r.-16.1.0,r.-16.1.0,r.-16.1.0,r.-16.1.0,r.-16.1.0,r.-16.1.0,r.-16.1.0,r.-16.1.0,r.-16.1.0,r.-16.1.0,r.-16.1.0,r.-16.1.0,r.-16.1.0,r.-16.1.0,r.-16.1.0,r.-16.1.0,r.-16.1.0,r.-16.1.0,r.-16.1.0,r.-16.1.0,r.-16.1.0,r.-16.1.0,r.-16.1.0,r.-16.1.0,r.-16.1.0,r.-16.1.0,r.-16.1.0,r.-16.1.0,r.-16.1.0,r.-16.1.0,r.-16.1.0,r.-16.1.0,r.-16.1.0,r.-16.1.0,r.-16.1.0,r.-16.1.0,r.-16.1.0,r.-16.1.0,r.-16.1.0,r.-16.1.0,r.-16.1.0,r.-16.1.0,r.-16.1.0,,,,,,,,,,,,,,,,,,,,,
154,r.-16.1.0,r.-16.1.0,r.-16.1.0,r.-16.1.0,r.-16.1.0,r.-16.1.0,r.-16.1.0,r.-16.1.0,r.-16.1.0,r.-16.1.0,r.-16.1.0,r.-16.1.0,r.-16.1.0,r.-16.1.0,r.-16.1.0,r.-16.1.0,r.-16.1.0,r.-16.1.0,r.-16.1.0,r.-16.1.0,r.-16.1.0,r.-16.1.0,r.-16.1.0,r.-16.1.0,r.-16.1.0,r.-16.1.0,r.-16.1.0,r.-16.1.0,r.-16.1.0,r.-16.1.0,r.-16.1.0,r.-16.1.0,r.-16.1.0,r.-16.1.0,r.-16.1.0,r.-16.1.0,r.-16.1.0,r.-16.1.0,r.-16.1.0,r.-16.1.0,r.-16.1.0,r.-16.1.0,r.-16.1.0,r.-16.1.0,r.-16.1.0,r.-16.1.0,r.-16.1.0,r.-16.1.0,r.-16.1.0,r.-16.1.0,r.-16.1.0,r.-16.1.0,r.-16.1.0,r.-16.1.0,r.-16.1.0,r.-16.1.0,r.-16.1.0,r.-16.1.0,r.-16.1.0,r.-16.1.0,r.-16.1.0,r.-16.1.0,r.-16.1.0,r.-16.1.0,r.-16.1.0,r.-16.1.0,r.-16.1.0,r.-16.1.0,r.-16.1.0,r.-16.1.0,r.-16.1.0,r.-16.1.0,r.-16.1.0,r.-16.1.0,r.-16.1.0,r.-16.1.0,r.-16.1.0,r.-16.1.0,r.-16.1.0,r.-16.1.0,r.-16.1.0,r.-16.1.0,r.-16.1.0,r.-16.1.0,r.-16.1.0,r.-16.1.0,r.-16.1.0,r.-16.1.0,r.-16.1.0,r.-16.1.0,r.-16.1.0,r.-16.1.0,r.-16.1.0,r.-16.1.0,,,,,,,,,,,,,,,,,,,,,
155,r.-16.1.0,r.-16.1.0,r.-16.1.0,r.-16.1.0,r.-16.1.0,r.-16.1.0,r.-16.1.0,r.-16.1.0,r.-16.1.0,r.-16.1.0,r.-16.1.0,r.-16.1.0,r.-16.1.0,r.-16.1.0,r.-16.1.0,r.-16.1.0,r.-16.1.0,r.-16.1.0,r.-16.1.0,r.-16.1.0,r.-16.1.0,r.-16.1.0,r.-16.1.0,r.-16.1.0,r.-16.1.0,r.-16.1.0,r.-16.1.0,r.-16.1.0,r.-16.1.0,r.-16.1.0,r.-16.1.0,r.-16.1.0,r.-16.1.0,r.-16.1.0,r.-16.1.0,r.-16.1.0,r.-16.1.0,r.-16.1.0,r.-16.1.0,r.-16.1.0,r.-16.1.0,r.-16.1.0,r.-16.1.0,r.-16.1.0,r.-16.1.0,r.-16.1.0,r.-16.1.0,r.-16.1.0,r.-16.1.0,r.-16.1.0,r.-16.1.0,r.-16.1.0,r.-16.1.0,r.-16.1.0,r.-16.1.0,r.-16.1.0,r.-16.1.0,r.-16.1.0,r.-16.1.0,r.-16.1.0,r.-16.1.0,r.-16.1.0,r.-16.1.0,r.-16.1.0,r.-16.1.0,r.-16.1.0,r.-16.1.0,r.-16.1.0,r.-16.1.0,r.-16.1.0,r.-16.1.0,r.-16.1.0,r.-16.1.0,r.-16.1.0,r.-16.1.0,r.-16.1.0,r.-16.1.0,r.-16.1.0,r.-16.1.0,r.-16.1.0,r.-16.1.0,r.-16.1.0,r.-16.1.0,r.-16.1.0,r.-16.1.0,r.-16.1.0,r.-16.1.0,r.-16.1.0,r.-16.1.0,r.-16.1.0,r.-16.1.0,r.-16.1.0,r.-16.1.0,r.-16.1.0,,,,,,,,,,,,,,,,,,,,,
156,r.-16.1.0,r.-16.1.0,r.-16.1.0,r.-16.1.0,r.-16.1.0,r.-16.1.0,r.-16.1.0,r.-16.1.0,r.-16.1.0,r.-16.1.0,r.-16.1.0,r.-16.1.0,r.-16.1.0,r.-16.1.0,r.-16.1.0,r.-16.1.0,r.-16.1.0,r.-16.1.0,r.-16.1.0,r.-16.1.0,r.-16.1.0,r.-16.1.0,r.-16.1.0,r.-16.1.0,r.-16.1.0,r.-16.1.0,r.-16.1.0,r.-16.1.0,r.-16.1.0,r.-16.1.0,r.-16.1.0,r.-16.1.0,r.-16.1.0,r.-16.1.0,r.-16.1.0,r.-16.1.0,r.-16.1.0,r.-16.1.0,r.-16.1.0,r.-16.1.0,r.-16.1.0,r.-16.1.0,r.-16.1.0,r.-16.1.0,r.-16.1.0,r.-16.1.0,r.-16.1.0,r.-16.1.0,r.-16.1.0,r.-16.1.0,r.-16.1.0,r.-16.1.0,r.-16.1.0,r.-16.1.0,r.-16.1.0,r.-16.1.0,r.-16.1.0,r.-16.1.0,r.-16.1.0,r.-16.1.0,r.-16.1.0,r.-16.1.0,r.-16.1.0,r.-16.1.0,r.-16.1.0,r.-16.1.0,r.-16.1.0,r.-16.1.0,r.-16.1.0,r.-16.1.0,r.-16.1.0,r.-16.1.0,r.-16.1.0,r.-16.1.0,r.-16.1.0,r.-16.1.0,r.-16.1.0,r.-16.1.0,r.-16.1.0,r.-16.1.0,r.-16.1.0,r.-16.1.0,r.-16.1.0,r.-16.1.0,r.-16.1.0,r.-16.1.0,r.-16.1.0,r.-16.1.0,r.-16.1.0,r.-16.1.0,r.-16.1.0,r.-16.1.0,r.-16.1.0,r.-16.1.0,,,,,,,,,,,,,,,,,,,,,
157,r.-16.1.0,r.-16.1.0,r.-16.1.0,r.-16.1.0,r.-16.1.0,r.-16.1.0,r.-16.1.0,r.-16.1.0,r.-16.1.0,r.-16.1.0,r.-16.1.0,r.-16.1.0,r.-16.1.0,r.-16.1.0,r.-16.1.0,r.-16.1.0,r.-16.1.0,r.-16.1.0,r.-16.1.0,r.-16.1.0,r.-16.1.0,r.-16.1.0,r.-16.1.0,r.-16.1.0,r.-16.1.0,r.-16.1.0,r.-16.1.0,r.-16.1.0,r.-16.1.0,r.-16.1.0,r.-16.1.0,r.-16.1.0,r.-16.1.0,r.-16.1.0,r.-16.1.0,r.-16.1.0,r.-16.1.0,r.-16.1.0,r.-16.1.0,r.-16.1.0,r.-16.1.0,r.-16.1.0,r.-16.1.0,r.-16.1.0,r.-16.1.0,r.-16.1.0,r.-16.1.0,r.-16.1.0,r.-16.1.0,r.-16.1.0,r.-16.1.0,r.-16.1.0,r.-16.1.0,r.-16.1.0,r.-16.1.0,r.-16.1.0,r.-16.1.0,r.-16.1.0,r.-16.1.0,r.-16.1.0,r.-16.1.0,r.-16.1.0,r.-16.1.0,r.-16.1.0,r.-16.1.0,r.-16.1.0,r.-16.1.0,r.-16.1.0,r.-16.1.0,r.-16.1.0,r.-16.1.0,r.-16.1.0,r.-16.1.0,r.-16.1.0,r.-16.1.0,r.-16.1.0,r.-16.1.0,r.-16.1.0,r.-16.1.0,r.-16.1.0,r.-16.1.0,r.-16.1.0,r.-16.1.0,r.-16.1.0,r.-16.1.0,r.-16.1.0,r.-16.1.0,r.-16.1.0,r.-16.1.0,r.-16.1.0,r.-16.1.0,r.-16.1.0,r.-16.1.0,r.-16.1.0,,,,,,,,,,,,,,,,,,,,,
158,r.-16.1.0,r.-16.1.0,r.-16.1.0,r.-16.1.0,r.-16.1.0,r.-16.1.0,r.-16.1.0,r.-16.1.0,r.-16.1.0,r.-16.1.0,r.-16.1.0,r.-16.1.0,r.-16.1.0,r.-16.1.0,r.-16.1.0,r.-16.1.0,r.-16.1.0,r.-16.1.0,r.-16.1.0,r.-16.1.0,r.-16.1.0,r.-16.1.0,r.-16.1.0,r.-16.1.0,r.-16.1.0,r.-16.1.0,r.-16.1.0,r.-16.1.0,r.-16.1.0,r.-16.1.0,r.-16.1.0,r.-16.1.0,r.-16.1.0,r.-16.1.0,r.-16.1.0,r.-16.1.0,r.-16.1.0,r.-16.1.0,r.-16.1.0,r.-16.1.0,r.-16.1.0,r.-16.1.0,r.-16.1.0,r.-16.1.0,r.-16.1.0,r.-16.1.0,r.-16.1.0,r.-16.1.0,r.-16.1.0,r.-16.1.0,r.-16.1.0,r.-16.1.0,r.-16.1.0,r.-16.1.0,r.-16.1.0,r.-16.1.0,r.-16.1.0,r.-16.1.0,r.-16.1.0,r.-16.1.0,r.-16.1.0,r.-16.1.0,r.-16.1.0,r.-16.1.0,r.-16.1.0,r.-16.1.0,r.-16.1.0,r.-16.1.0,r.-16.1.0,r.-16.1.0,r.-16.1.0,r.-16.1.0,r.-16.1.0,r.-16.1.0,r.-16.1.0,r.-16.1.0,r.-16.1.0,r.-16.1.0,r.-16.1.0,r.-16.1.0,r.-16.1.0,r.-16.1.0,r.-16.1.0,r.-16.1.0,r.-16.1.0,r.-16.1.0,r.-16.1.0,r.-16.1.0,r.-16.1.0,r.-16.1.0,r.-16.1.0,r.-16.1.0,r.-16.1.0,r.-16.1.0,,,,,,,,,,,,,,,,,,,,,
159,r.-16.1.0,r.-16.1.0,r.-16.1.0,r.-16.1.0,r.-16.1.0,r.-16.1.0,r.-16.1.0,r.-16.1.0,r.-16.1.0,r.-16.1.0,r.-16.1.0,r.-16.1.0,r.-16.1.0,r.-16.1.0,r.-16.1.0,r.-16.1.0,r.-16.1.0,r.-16.1.0,r.-16.1.0,r.-16.1.0,r.-16.1.0,r.-16.1.0,r.-16.1.0,r.-16.1.0,r.-16.1.0,r.-16.1.0,r.-16.1.0,r.-16.1.0,r.-16.1.0,r.-16.1.0,r.-16.1.0,r.-16.1.0,r.-16.1.0,r.-16.1.0,r.-16.1.0,r.-16.1.0,r.-16.1.0,r.-16.1.0,r.-16.1.0,r.-16.1.0,r.-16.1.0,r.-16.1.0,r.-16.1.0,r.-16.1.0,r.-16.1.0,r.-16.1.0,r.-16.1.0,r.-16.1.0,r.-16.1.0,r.-16.1.0,r.-16.1.0,r.-16.1.0,r.-16.1.0,r.-16.1.0,r.-16.1.0,r.-16.1.0,r.-16.1.0,r.-16.1.0,r.-16.1.0,r.-16.1.0,r.-16.1.0,r.-16.1.0,r.-16.1.0,r.-16.1.0,r.-16.1.0,r.-16.1.0,r.-16.1.0,r.-16.1.0,r.-16.1.0,r.-16.1.0,r.-16.1.0,r.-16.1.0,r.-16.1.0,r.-16.1.0,r.-16.1.0,r.-16.1.0,r.-16.1.0,r.-16.1.0,r.-16.1.0,r.-16.1.0,r.-16.1.0,r.-16.1.0,r.-16.1.0,r.-16.1.0,r.-16.1.0,r.-16.1.0,r.-16.1.0,r.-16.1.0,r.-16.1.0,r.-16.1.0,r.-16.1.0,r.-16.1.0,r.-16.1.0,r.-16.1.0,,,,,,,,,,,,,,,,,,,,,
160,r.-16.1.0,r.-16.1.0,r.-16.1.0,r.-16.1.0,r.-16.1.0,r.-16.1.0,r.-16.1.0,r.-16.1.0,r.-16.1.0,r.-16.1.0,r.-16.1.0,r.-16.1.0,r.-16.1.0,r.-16.1.0,r.-16.1.0,r.-16.1.0,r.-16.1.0,r.-16.1.0,r.-16.1.0,r.-16.1.0,r.-16.1.0,r.-16.1.0,r.-16.1.0,r.-16.1.0,r.-16.1.0,r.-16.1.0,r.-16.1.0,r.-16.1.0,r.-16.1.0,r.-16.1.0,r.-16.1.0,r.-16.1.0,r.-16.1.0,r.-16.1.0,r.-16.1.0,r.-16.1.0,r.-16.1.0,r.-16.1.0,r.-16.1.0,r.-16.1.0,r.-16.1.0,r.-16.1.0,r.-16.1.0,r.-16.1.0,r.-16.1.0,r.-16.1.0,r.-16.1.0,r.-16.1.0,r.-16.1.0,r.-16.1.0,r.-16.1.0,r.-16.1.0,r.-16.1.0,r.-16.1.0,r.-16.1.0,r.-16.1.0,r.-16.1.0,r.-16.1.0,r.-16.1.0,r.-16.1.0,r.-16.1.0,r.-16.1.0,r.-16.1.0,r.-16.1.0,r.-16.1.0,r.-16.1.0,r.-16.1.0,r.-16.1.0,r.-16.1.0,r.-16.1.0,r.-16.1.0,r.-16.1.0,r.-16.1.0,r.-16.1.0,r.-16.1.0,r.-16.1.0,r.-16.1.0,r.-16.1.0,r.-16.1.0,r.-16.1.0,r.-16.1.0,r.-16.1.0,r.-16.1.0,r.-16.1.0,r.-16.1.0,r.-16.1.0,r.-16.1.0,r.-16.1.0,r.-16.1.0,r.-16.1.0,r.-16.1.0,r.-16.1.0,r.-16.1.0,r.-16.1.0,,,,,,,,,,,,,,,,,,,,,
161,r.-16.1.0,r.-16.1.0,r.-16.1.0,r.-16.1.0,r.-16.1.0,r.-16.1.0,r.-16.1.0,r.-16.1.0,r.-16.1.0,r.-16.1.0,r.-16.1.0,r.-16.1.0,r.-16.1.0,r.-16.1.0,r.-16.1.0,r.-16.1.0,r.-16.1.0,r.-16.1.0,r.-16.1.0,r.-16.1.0,r.-16.1.0,r.-16.1.0,r.-16.1.0,r.-16.1.0,r.-16.1.0,r.-16.1.0,r.-16.1.0,r.-16.1.0,r.-16.1.0,r.-16.1.0,r.-16.1.0,r.-16.1.0,r.-16.1.0,r.-16.1.0,r.-16.1.0,r.-16.1.0,r.-16.1.0,r.-16.1.0,r.-16.1.0,r.-16.1.0,r.-16.1.0,r.-16.1.0,r.-16.1.0,r.-16.1.0,r.-16.1.0,r.-16.1.0,r.-16.1.0,r.-16.1.0,r.-16.1.0,r.-16.1.0,r.-16.1.0,r.-16.1.0,r.-16.1.0,r.-16.1.0,r.-16.1.0,r.-16.1.0,r.-16.1.0,r.-16.1.0,r.-16.1.0,r.-16.1.0,r.-16.1.0,r.-16.1.0,r.-16.1.0,r.-16.1.0,r.-16.1.0,r.-16.1.0,r.-16.1.0,r.-16.1.0,r.-16.1.0,r.-16.1.0,r.-16.1.0,r.-16.1.0,r.-16.1.0,r.-16.1.0,r.-16.1.0,r.-16.1.0,r.-16.1.0,r.-16.1.0,r.-16.1.0,r.-16.1.0,r.-16.1.0,r.-16.1.0,r.-16.1.0,r.-16.1.0,r.-16.1.0,r.-16.1.0,r.-16.1.0,r.-16.1.0,r.-16.1.0,r.-16.1.0,r.-16.1.0,r.-16.1.0,r.-16.1.0,r.-16.1.0,,,,,,,,,,,,,,,,,,,,,
162,r.-16.1.0,r.-16.1.0,r.-16.1.0,r.-16.1.0,r.-16.1.0,r.-16.1.0,r.-16.1.0,r.-16.1.0,r.-16.1.0,r.-16.1.0,r.-16.1.0,r.-16.1.0,r.-16.1.0,r.-16.1.0,r.-16.1.0,r.-16.1.0,r.-16.1.0,r.-16.1.0,r.-16.1.0,r.-16.1.0,r.-16.1.0,r.-16.1.0,r.-16.1.0,r.-16.1.0,r.-16.1.0,r.-16.1.0,r.-16.1.0,r.-16.1.0,r.-16.1.0,r.-16.1.0,r.-16.1.0,r.-16.1.0,r.-16.1.0,r.-16.1.0,r.-16.1.0,r.-16.1.0,r.-16.1.0,r.-16.1.0,r.-16.1.0,r.-16.1.0,r.-16.1.0,r.-16.1.0,r.-16.1.0,r.-16.1.0,r.-16.1.0,r.-16.1.0,r.-16.1.0,r.-16.1.0,r.-16.1.0,r.-16.1.0,r.-16.1.0,r.-16.1.0,r.-16.1.0,r.-16.1.0,r.-16.1.0,r.-16.1.0,r.-16.1.0,r.-16.1.0,r.-16.1.0,r.-16.1.0,r.-16.1.0,r.-16.1.0,r.-16.1.0,r.-16.1.0,r.-16.1.0,r.-16.1.0,r.-16.1.0,r.-16.1.0,r.-16.1.0,r.-16.1.0,r.-16.1.0,r.-16.1.0,r.-16.1.0,r.-16.1.0,r.-16.1.0,r.-16.1.0,r.-16.1.0,r.-16.1.0,r.-16.1.0,r.-16.1.0,r.-16.1.0,r.-16.1.0,r.-16.1.0,r.-16.1.0,r.-16.1.0,r.-16.1.0,r.-16.1.0,r.-16.1.0,r.-16.1.0,r.-16.1.0,r.-16.1.0,r.-16.1.0,r.-16.1.0,r.-16.1.0,,,,,,,,,,,,,,,,,,,,,
163,r.-16.1.0,r.-16.1.0,r.-16.1.0,r.-16.1.0,r.-16.1.0,r.-16.1.0,r.-16.1.0,r.-16.1.0,r.-16.1.0,r.-16.1.0,r.-16.1.0,r.-16.1.0,r.-16.1.0,r.-16.1.0,r.-16.1.0,r.-16.1.0,r.-16.1.0,r.-16.1.0,r.-16.1.0,r.-16.1.0,r.-16.1.0,r.-16.1.0,r.-16.1.0,r.-16.1.0,r.-16.1.0,r.-16.1.0,r.-16.1.0,r.-16.1.0,r.-16.1.0,r.-16.1.0,r.-16.1.0,r.-16.1.0,r.-16.1.0,r.-16.1.0,r.-16.1.0,r.-16.1.0,r.-16.1.0,r.-16.1.0,r.-16.1.0,r.-16.1.0,r.-16.1.0,r.-16.1.0,r.-16.1.0,r.-16.1.0,r.-16.1.0,r.-16.1.0,r.-16.1.0,r.-16.1.0,r.-16.1.0,r.-16.1.0,r.-16.1.0,r.-16.1.0,r.-16.1.0,r.-16.1.0,r.-16.1.0,r.-16.1.0,r.-16.1.0,r.-16.1.0,r.-16.1.0,r.-16.1.0,r.-16.1.0,r.-16.1.0,r.-16.1.0,r.-16.1.0,r.-16.1.0,r.-16.1.0,r.-16.1.0,r.-16.1.0,r.-16.1.0,r.-16.1.0,r.-16.1.0,r.-16.1.0,r.-16.1.0,r.-16.1.0,r.-16.1.0,r.-16.1.0,r.-16.1.0,r.-16.1.0,r.-16.1.0,r.-16.1.0,r.-16.1.0,r.-16.1.0,r.-16.1.0,r.-16.1.0,r.-16.1.0,r.-16.1.0,r.-16.1.0,r.-16.1.0,r.-16.1.0,r.-16.1.0,r.-16.1.0,r.-16.1.0,r.-16.1.0,r.-16.1.0,,,,,,,,,,,,,,,,,,,,,
164,r.-16.1.0,r.-16.1.0,r.-16.1.0,r.-16.1.0,r.-16.1.0,r.-16.1.0,r.-16.1.0,r.-16.1.0,r.-16.1.0,r.-16.1.0,r.-16.1.0,r.-16.1.0,r.-16.1.0,r.-16.1.0,r.-16.1.0,r.-16.1.0,r.-16.1.0,r.-16.1.0,r.-16.1.0,r.-16.1.0,r.-16.1.0,r.-16.1.0,r.-16.1.0,r.-16.1.0,r.-16.1.0,r.-16.1.0,r.-16.1.0,r.-16.1.0,r.-16.1.0,r.-16.1.0,r.-16.1.0,r.-16.1.0,r.-16.1.0,r.-16.1.0,r.-16.1.0,r.-16.1.0,r.-16.1.0,r.-16.1.0,r.-16.1.0,r.-16.1.0,r.-16.1.0,r.-16.1.0,r.-16.1.0,r.-16.1.0,r.-16.1.0,r.-16.1.0,r.-16.1.0,r.-16.1.0,r.-16.1.0,r.-16.1.0,r.-16.1.0,r.-16.1.0,r.-16.1.0,r.-16.1.0,r.-16.1.0,r.-16.1.0,r.-16.1.0,r.-16.1.0,r.-16.1.0,r.-16.1.0,r.-16.1.0,r.-16.1.0,r.-16.1.0,r.-16.1.0,r.-16.1.0,r.-16.1.0,r.-16.1.0,r.-16.1.0,r.-16.1.0,r.-16.1.0,r.-16.1.0,r.-16.1.0,r.-16.1.0,r.-16.1.0,r.-16.1.0,r.-16.1.0,r.-16.1.0,r.-16.1.0,r.-16.1.0,r.-16.1.0,r.-16.1.0,r.-16.1.0,r.-16.1.0,r.-16.1.0,r.-16.1.0,r.-16.1.0,r.-16.1.0,r.-16.1.0,r.-16.1.0,r.-16.1.0,r.-16.1.0,r.-16.1.0,r.-16.1.0,r.-16.1.0,,,,,,,,,,,,,,,,,,,,,
165,r.-16.1.0,r.-16.1.0,r.-16.1.0,r.-16.1.0,r.-16.1.0,r.-16.1.0,r.-16.1.0,r.-16.1.0,r.-16.1.0,r.-16.1.0,r.-16.1.0,r.-16.1.0,r.-16.1.0,r.-16.1.0,r.-16.1.0,r.-16.1.0,r.-16.1.0,r.-16.1.0,r.-16.1.0,r.-16.1.0,r.-16.1.0,r.-16.1.0,r.-16.1.0,r.-16.1.0,r.-16.1.0,r.-16.1.0,r.-16.1.0,r.-16.1.0,r.-16.1.0,r.-16.1.0,r.-16.1.0,r.-16.1.0,r.-16.1.0,r.-16.1.0,r.-16.1.0,r.-16.1.0,r.-16.1.0,r.-16.1.0,r.-16.1.0,r.-16.1.0,r.-16.1.0,r.-16.1.0,r.-16.1.0,r.-16.1.0,r.-16.1.0,r.-16.1.0,r.-16.1.0,r.-16.1.0,r.-16.1.0,r.-16.1.0,r.-16.1.0,r.-16.1.0,r.-16.1.0,r.-16.1.0,r.-16.1.0,r.-16.1.0,r.-16.1.0,r.-16.1.0,r.-16.1.0,r.-16.1.0,r.-16.1.0,r.-16.1.0,r.-16.1.0,r.-16.1.0,r.-16.1.0,r.-16.1.0,r.-16.1.0,r.-16.1.0,r.-16.1.0,r.-16.1.0,r.-16.1.0,r.-16.1.0,r.-16.1.0,r.-16.1.0,r.-16.1.0,r.-16.1.0,r.-16.1.0,r.-16.1.0,r.-16.1.0,r.-16.1.0,r.-16.1.0,r.-16.1.0,r.-16.1.0,r.-16.1.0,r.-16.1.0,r.-16.1.0,r.-16.1.0,r.-16.1.0,r.-16.1.0,r.-16.1.0,r.-16.1.0,r.-16.1.0,r.-16.1.0,r.-16.1.0,,,,,,,,,,,,,,,,,,,,,
166,r.-16.1.0,r.-16.1.0,r.-16.1.0,r.-16.1.0,r.-16.1.0,r.-16.1.0,r.-16.1.0,r.-16.1.0,r.-16.1.0,r.-16.1.0,r.-16.1.0,r.-16.1.0,r.-16.1.0,r.-16.1.0,r.-16.1.0,r.-16.1.0,r.-16.1.0,r.-16.1.0,r.-16.1.0,r.-16.1.0,r.-16.1.0,r.-16.1.0,r.-16.1.0,r.-16.1.0,r.-16.1.0,r.-16.1.0,r.-16.1.0,r.-16.1.0,r.-16.1.0,r.-16.1.0,r.-16.1.0,r.-16.1.0,r.-16.1.0,r.-16.1.0,r.-16.1.0,r.-16.1.0,r.-16.1.0,r.-16.1.0,r.-16.1.0,r.-16.1.0,r.-16.1.0,r.-16.1.0,r.-16.1.0,r.-16.1.0,r.-16.1.0,r.-16.1.0,r.-16.1.0,r.-16.1.0,r.-16.1.0,r.-16.1.0,r.-16.1.0,r.-16.1.0,r.-16.1.0,r.-16.1.0,r.-16.1.0,r.-16.1.0,r.-16.1.0,r.-16.1.0,r.-16.1.0,r.-16.1.0,r.-16.1.0,r.-16.1.0,r.-16.1.0,r.-16.1.0,r.-16.1.0,r.-16.1.0,r.-16.1.0,r.-16.1.0,r.-16.1.0,r.-16.1.0,r.-16.1.0,r.-16.1.0,r.-16.1.0,r.-16.1.0,r.-16.1.0,r.-16.1.0,r.-16.1.0,r.-16.1.0,r.-16.1.0,r.-16.1.0,r.-16.1.0,r.-16.1.0,r.-16.1.0,r.-16.1.0,r.-16.1.0,r.-16.1.0,r.-16.1.0,r.-16.1.0,r.-16.1.0,r.-16.1.0,r.-16.1.0,r.-16.1.0,r.-16.1.0,r.-16.1.0,,,,,,,,,,,,,,,,,,,,,
167,r.-16.1.0,r.-16.1.0,r.-16.1.0,r.-16.1.0,r.-16.1.0,r.-16.1.0,r.-16.1.0,r.-16.1.0,r.-16.1.0,r.-16.1.0,r.-16.1.0,r.-16.1.0,r.-16.1.0,r.-16.1.0,r.-16.1.0,r.-16.1.0,r.-16.1.0,r.-16.1.0,r.-16.1.0,r.-16.1.0,r.-16.1.0,r.-16.1.0,r.-16.1.0,r.-16.1.0,r.-16.1.0,r.-16.1.0,r.-16.1.0,r.-16.1.0,r.-16.1.0,r.-16.1.0,r.-16.1.0,r.-16.1.0,r.-16.1.0,r.-16.1.0,r.-16.1.0,r.-16.1.0,r.-16.1.0,r.-16.1.0,r.-16.1.0,r.-16.1.0,r.-16.1.0,r.-16.1.0,r.-16.1.0,r.-16.1.0,r.-16.1.0,r.-16.1.0,r.-16.1.0,r.-16.1.0,r.-16.1.0,r.-16.1.0,r.-16.1.0,r.-16.1.0,r.-16.1.0,r.-16.1.0,r.-16.1.0,r.-16.1.0,r.-16.1.0,r.-16.1.0,r.-16.1.0,r.-16.1.0,r.-16.1.0,r.-16.1.0,r.-16.1.0,r.-16.1.0,r.-16.1.0,r.-16.1.0,r.-16.1.0,r.-16.1.0,r.-16.1.0,r.-16.1.0,r.-16.1.0,r.-16.1.0,r.-16.1.0,r.-16.1.0,r.-16.1.0,r.-16.1.0,r.-16.1.0,r.-16.1.0,r.-16.1.0,r.-16.1.0,r.-16.1.0,r.-16.1.0,r.-16.1.0,r.-16.1.0,r.-16.1.0,r.-16.1.0,r.-16.1.0,r.-16.1.0,r.-16.1.0,r.-16.1.0,r.-16.1.0,r.-16.1.0,r.-16.1.0,r.-16.1.0,,,,,,,,,,,,,,,,,,,,,
168,r.-16.1.0,r.-16.1.0,r.-16.1.0,r.-16.1.0,r.-16.1.0,r.-16.1.0,r.-16.1.0,r.-16.1.0,r.-16.1.0,r.-16.1.0,r.-16.1.0,r.-16.1.0,r.-16.1.0,r.-16.1.0,r.-16.1.0,r.-16.1.0,r.-16.1.0,r.-16.1.0,r.-16.1.0,r.-16.1.0,r.-16.1.0,r.-16.1.0,r.-16.1.0,r.-16.1.0,r.-16.1.0,r.-16.1.0,r.-16.1.0,r.-16.1.0,r.-16.1.0,r.-16.1.0,r.-16.1.0,r.-16.1.0,r.-16.1.0,r.-16.1.0,r.-16.1.0,r.-16.1.0,r.-16.1.0,r.-16.1.0,r.-16.1.0,r.-16.1.0,r.-16.1.0,r.-16.1.0,r.-16.1.0,r.-16.1.0,r.-16.1.0,r.-16.1.0,r.-16.1.0,r.-16.1.0,r.-16.1.0,r.-16.1.0,r.-16.1.0,r.-16.1.0,r.-16.1.0,r.-16.1.0,r.-16.1.0,r.-16.1.0,r.-16.1.0,r.-16.1.0,r.-16.1.0,r.-16.1.0,r.-16.1.0,r.-16.1.0,r.-16.1.0,r.-16.1.0,r.-16.1.0,r.-16.1.0,r.-16.1.0,r.-16.1.0,r.-16.1.0,r.-16.1.0,r.-16.1.0,r.-16.1.0,r.-16.1.0,r.-16.1.0,r.-16.1.0,r.-16.1.0,r.-16.1.0,r.-16.1.0,r.-16.1.0,r.-16.1.0,r.-16.1.0,r.-16.1.0,r.-16.1.0,r.-16.1.0,r.-16.1.0,r.-16.1.0,r.-16.1.0,r.-16.1.0,r.-16.1.0,r.-16.1.0,r.-16.1.0,r.-16.1.0,r.-16.1.0,r.-16.1.0,,,,,,,,,,,,,,,,,,,,,
169,r.-16.1.0,r.-16.1.0,r.-16.1.0,r.-16.1.0,r.-16.1.0,r.-16.1.0,r.-16.1.0,r.-16.1.0,r.-16.1.0,r.-16.1.0,r.-16.1.0,r.-16.1.0,r.-16.1.0,r.-16.1.0,r.-16.1.0,r.-16.1.0,r.-16.1.0,r.-16.1.0,r.-16.1.0,r.-16.1.0,r.-16.1.0,r.-16.1.0,r.-16.1.0,r.-16.1.0,r.-16.1.0,r.-16.1.0,r.-16.1.0,r.-16.1.0,r.-16.1.0,r.-16.1.0,r.-16.1.0,r.-16.1.0,r.-16.1.0,r.-16.1.0,r.-16.1.0,r.-16.1.0,r.-16.1.0,r.-16.1.0,r.-16.1.0,r.-16.1.0,r.-16.1.0,r.-16.1.0,r.-16.1.0,r.-16.1.0,r.-16.1.0,r.-16.1.0,r.-16.1.0,r.-16.1.0,r.-16.1.0,r.-16.1.0,r.-16.1.0,r.-16.1.0,r.-16.1.0,r.-16.1.0,r.-16.1.0,r.-16.1.0,r.-16.1.0,r.-16.1.0,r.-16.1.0,r.-16.1.0,r.-16.1.0,r.-16.1.0,r.-16.1.0,r.-16.1.0,r.-16.1.0,r.-16.1.0,r.-16.1.0,r.-16.1.0,r.-16.1.0,r.-16.1.0,r.-16.1.0,r.-16.1.0,r.-16.1.0,r.-16.1.0,r.-16.1.0,r.-16.1.0,r.-16.1.0,r.-16.1.0,r.-16.1.0,r.-16.1.0,r.-16.1.0,r.-16.1.0,r.-16.1.0,r.-16.1.0,r.-16.1.0,r.-16.1.0,r.-16.1.0,r.-16.1.0,r.-16.1.0,r.-16.1.0,r.-16.1.0,r.-16.1.0,r.-16.1.0,r.-16.1.0,,,,,,,,,,,,,,,,,,,,,
170,r.-16.1.0,r.-16.1.0,r.-16.1.0,r.-16.1.0,r.-16.1.0,r.-16.1.0,r.-16.1.0,r.-16.1.0,r.-16.1.0,r.-16.1.0,r.-16.1.0,r.-16.1.0,r.-16.1.0,r.-16.1.0,r.-16.1.0,r.-16.1.0,r.-16.1.0,r.-16.1.0,r.-16.1.0,r.-16.1.0,r.-16.1.0,r.-16.1.0,r.-16.1.0,r.-16.1.0,r.-16.1.0,r.-16.1.0,r.-16.1.0,r.-16.1.0,r.-16.1.0,r.-16.1.0,r.-16.1.0,r.-16.1.0,r.-16.1.0,r.-16.1.0,r.-16.1.0,r.-16.1.0,r.-16.1.0,r.-16.1.0,r.-16.1.0,r.-16.1.0,r.-16.1.0,r.-16.1.0,r.-16.1.0,r.-16.1.0,r.-16.1.0,r.-16.1.0,r.-16.1.0,r.-16.1.0,r.-16.1.0,r.-16.1.0,r.-16.1.0,r.-16.1.0,r.-16.1.0,r.-16.1.0,r.-16.1.0,r.-16.1.0,r.-16.1.0,r.-16.1.0,r.-16.1.0,r.-16.1.0,r.-16.1.0,r.-16.1.0,r.-16.1.0,r.-16.1.0,r.-16.1.0,r.-16.1.0,r.-16.1.0,r.-16.1.0,r.-16.1.0,r.-16.1.0,r.-16.1.0,r.-16.1.0,r.-16.1.0,r.-16.1.0,r.-16.1.0,r.-16.1.0,r.-16.1.0,r.-16.1.0,r.-16.1.0,r.-16.1.0,r.-16.1.0,r.-16.1.0,r.-16.1.0,r.-16.1.0,r.-16.1.0,r.-16.1.0,r.-16.1.0,r.-16.1.0,r.-16.1.0,r.-16.1.0,r.-16.1.0,r.-16.1.0,r.-16.1.0,r.-16.1.0,,,,,,,,,,,,,,,,,,,,,
171,r.-16.1.0,r.-16.1.0,r.-16.1.0,r.-16.1.0,r.-16.1.0,r.-16.1.0,r.-16.1.0,r.-16.1.0,r.-16.1.0,r.-16.1.0,r.-16.1.0,r.-16.1.0,r.-16.1.0,r.-16.1.0,r.-16.1.0,r.-16.1.0,r.-16.1.0,r.-16.1.0,r.-16.1.0,r.-16.1.0,r.-16.1.0,r.-16.1.0,r.-16.1.0,r.-16.1.0,r.-16.1.0,r.-16.1.0,r.-16.1.0,r.-16.1.0,r.-16.1.0,r.-16.1.0,r.-16.1.0,r.-16.1.0,r.-16.1.0,r.-16.1.0,r.-16.1.0,r.-16.1.0,r.-16.1.0,r.-16.1.0,r.-16.1.0,r.-16.1.0,r.-16.1.0,r.-16.1.0,r.-16.1.0,r.-16.1.0,r.-16.1.0,r.-16.1.0,r.-16.1.0,r.-16.1.0,r.-16.1.0,r.-16.1.0,r.-16.1.0,r.-16.1.0,r.-16.1.0,r.-16.1.0,r.-16.1.0,r.-16.1.0,r.-16.1.0,r.-16.1.0,r.-16.1.0,r.-16.1.0,r.-16.1.0,r.-16.1.0,r.-16.1.0,r.-16.1.0,r.-16.1.0,r.-16.1.0,r.-16.1.0,r.-16.1.0,r.-16.1.0,r.-16.1.0,r.-16.1.0,r.-16.1.0,r.-16.1.0,r.-16.1.0,r.-16.1.0,r.-16.1.0,r.-16.1.0,r.-16.1.0,r.-16.1.0,r.-16.1.0,r.-16.1.0,r.-16.1.0,r.-16.1.0,r.-16.1.0,r.-16.1.0,r.-16.1.0,r.-16.1.0,r.-16.1.0,r.-16.1.0,r.-16.1.0,r.-16.1.0,r.-16.1.0,r.-16.1.0,r.-16.1.0,,,,,,,,,,,,,,,,,,,,,
172,r.-16.1.0,r.-16.1.0,r.-16.1.0,r.-16.1.0,r.-16.1.0,r.-16.1.0,r.-16.1.0,r.-16.1.0,r.-16.1.0,r.-16.1.0,r.-16.1.0,r.-16.1.0,r.-16.1.0,r.-16.1.0,r.-16.1.0,r.-16.1.0,r.-16.1.0,r.-16.1.0,r.-16.1.0,r.-16.1.0,r.-16.1.0,r.-16.1.0,r.-16.1.0,r.-16.1.0,r.-16.1.0,r.-16.1.0,r.-16.1.0,r.-16.1.0,r.-16.1.0,r.-16.1.0,r.-16.1.0,r.-16.1.0,r.-16.1.0,r.-16.1.0,r.-16.1.0,r.-16.1.0,r.-16.1.0,r.-16.1.0,r.-16.1.0,r.-16.1.0,r.-16.1.0,r.-16.1.0,r.-16.1.0,r.-16.1.0,r.-16.1.0,r.-16.1.0,r.-16.1.0,r.-16.1.0,r.-16.1.0,r.-16.1.0,r.-16.1.0,r.-16.1.0,r.-16.1.0,r.-16.1.0,r.-16.1.0,r.-16.1.0,r.-16.1.0,r.-16.1.0,r.-16.1.0,r.-16.1.0,r.-16.1.0,r.-16.1.0,r.-16.1.0,r.-16.1.0,r.-16.1.0,r.-16.1.0,r.-16.1.0,r.-16.1.0,r.-16.1.0,r.-16.1.0,r.-16.1.0,r.-16.1.0,r.-16.1.0,r.-16.1.0,r.-16.1.0,r.-16.1.0,r.-16.1.0,r.-16.1.0,r.-16.1.0,r.-16.1.0,r.-16.1.0,r.-16.1.0,r.-16.1.0,r.-16.1.0,r.-16.1.0,r.-16.1.0,r.-16.1.0,r.-16.1.0,r.-16.1.0,r.-16.1.0,r.-16.1.0,r.-16.1.0,r.-16.1.0,r.-16.1.0,,,,,,,,,,,,,,,,,,,,,
173,r.-16.1.0,r.-16.1.0,r.-16.1.0,r.-16.1.0,r.-16.1.0,r.-16.1.0,r.-16.1.0,r.-16.1.0,r.-16.1.0,r.-16.1.0,r.-16.1.0,r.-16.1.0,r.-16.1.0,r.-16.1.0,r.-16.1.0,r.-16.1.0,r.-16.1.0,r.-16.1.0,r.-16.1.0,r.-16.1.0,r.-16.1.0,r.-16.1.0,r.-16.1.0,r.-16.1.0,r.-16.1.0,r.-16.1.0,r.-16.1.0,r.-16.1.0,r.-16.1.0,r.-16.1.0,r.-16.1.0,r.-16.1.0,r.-16.1.0,r.-16.1.0,r.-16.1.0,r.-16.1.0,r.-16.1.0,r.-16.1.0,r.-16.1.0,r.-16.1.0,r.-16.1.0,r.-16.1.0,r.-16.1.0,r.-16.1.0,r.-16.1.0,r.-16.1.0,r.-16.1.0,r.-16.1.0,r.-16.1.0,r.-16.1.0,r.-16.1.0,r.-16.1.0,r.-16.1.0,r.-16.1.0,r.-16.1.0,r.-16.1.0,r.-16.1.0,r.-16.1.0,r.-16.1.0,r.-16.1.0,r.-16.1.0,r.-16.1.0,r.-16.1.0,r.-16.1.0,r.-16.1.0,r.-16.1.0,r.-16.1.0,r.-16.1.0,r.-16.1.0,r.-16.1.0,r.-16.1.0,r.-16.1.0,r.-16.1.0,r.-16.1.0,r.-16.1.0,r.-16.1.0,r.-16.1.0,r.-16.1.0,r.-16.1.0,r.-16.1.0,r.-16.1.0,r.-16.1.0,r.-16.1.0,r.-16.1.0,r.-16.1.0,r.-16.1.0,r.-16.1.0,r.-16.1.0,r.-16.1.0,r.-16.1.0,r.-16.1.0,r.-16.1.0,r.-16.1.0,r.-16.1.0,,,,,,,,,,,,,,,,,,,,,
174,r.-16.1.0,r.-16.1.0,r.-16.1.0,r.-16.1.0,r.-16.1.0,r.-16.1.0,r.-16.1.0,r.-16.1.0,r.-16.1.0,r.-16.1.0,r.-16.1.0,r.-16.1.0,r.-16.1.0,r.-16.1.0,r.-16.1.0,r.-16.1.0,r.-16.1.0,r.-16.1.0,r.-16.1.0,r.-16.1.0,r.-16.1.0,r.-16.1.0,r.-16.1.0,r.-16.1.0,r.-16.1.0,r.-16.1.0,r.-16.1.0,r.-16.1.0,r.-16.1.0,r.-16.1.0,r.-16.1.0,r.-16.1.0,r.-16.1.0,r.-16.1.0,r.-16.1.0,r.-16.1.0,r.-16.1.0,r.-16.1.0,r.-16.1.0,r.-16.1.0,r.-16.1.0,r.-16.1.0,r.-16.1.0,r.-16.1.0,r.-16.1.0,r.-16.1.0,r.-16.1.0,r.-16.1.0,r.-16.1.0,r.-16.1.0,r.-16.1.0,r.-16.1.0,r.-16.1.0,r.-16.1.0,r.-16.1.0,r.-16.1.0,r.-16.1.0,r.-16.1.0,r.-16.1.0,r.-16.1.0,r.-16.1.0,r.-16.1.0,r.-16.1.0,r.-16.1.0,r.-16.1.0,r.-16.1.0,r.-16.1.0,r.-16.1.0,r.-16.1.0,r.-16.1.0,r.-16.1.0,r.-16.1.0,r.-16.1.0,r.-16.1.0,r.-16.1.0,r.-16.1.0,r.-16.1.0,r.-16.1.0,r.-16.1.0,r.-16.1.0,r.-16.1.0,r.-16.1.0,r.-16.1.0,r.-16.1.0,r.-16.1.0,r.-16.1.0,r.-16.1.0,r.-16.1.0,r.-16.1.0,r.-16.1.0,r.-16.1.0,r.-16.1.0,r.-16.1.0,r.-16.1.0,,,,,,,,,,,,,,,,,,,,,
175,r.-16.1.0,r.-16.1.0,r.-16.1.0,r.-16.1.0,r.-16.1.0,r.-16.1.0,r.-16.1.0,r.-16.1.0,r.-16.1.0,r.-16.1.0,r.-16.1.0,r.-16.1.0,r.-16.1.0,r.-16.1.0,r.-16.1.0,r.-16.1.0,r.-16.1.0,r.-16.1.0,r.-16.1.0,r.-16.1.0,r.-16.1.0,r.-16.1.0,r.-16.1.0,r.-16.1.0,r.-16.1.0,r.-16.1.0,r.-16.1.0,r.-16.1.0,r.-16.1.0,r.-16.1.0,r.-16.1.0,r.-16.1.0,r.-16.1.0,r.-16.1.0,r.-16.1.0,r.-16.1.0,r.-16.1.0,r.-16.1.0,r.-16.1.0,r.-16.1.0,r.-16.1.0,r.-16.1.0,r.-16.1.0,r.-16.1.0,r.-16.1.0,r.-16.1.0,r.-16.1.0,r.-16.1.0,r.-16.1.0,r.-16.1.0,r.-16.1.0,r.-16.1.0,r.-16.1.0,r.-16.1.0,r.-16.1.0,r.-16.1.0,r.-16.1.0,r.-16.1.0,r.-16.1.0,r.-16.1.0,r.-16.1.0,r.-16.1.0,r.-16.1.0,r.-16.1.0,r.-16.1.0,r.-16.1.0,r.-16.1.0,r.-16.1.0,r.-16.1.0,r.-16.1.0,r.-16.1.0,r.-16.1.0,r.-16.1.0,r.-16.1.0,r.-16.1.0,r.-16.1.0,r.-16.1.0,r.-16.1.0,r.-16.1.0,r.-16.1.0,r.-16.1.0,r.-16.1.0,r.-16.1.0,r.-16.1.0,r.-16.1.0,r.-16.1.0,r.-16.1.0,r.-16.1.0,r.-16.1.0,r.-16.1.0,r.-16.1.0,r.-16.1.0,r.-16.1.0,r.-16.1.0,,,,,,,,,,,,,,,,,,,,,
176,r.-16.1.0,r.-16.1.0,r.-16.1.0,r.-16.1.0,r.-16.1.0,r.-16.1.0,r.-16.1.0,r.-16.1.0,r.-16.1.0,r.-16.1.0,r.-16.1.0,r.-16.1.0,r.-16.1.0,r.-16.1.0,r.-16.1.0,r.-16.1.0,r.-16.1.0,r.-16.1.0,r.-16.1.0,r.-16.1.0,r.-16.1.0,r.-16.1.0,r.-16.1.0,r.-16.1.0,r.-16.1.0,r.-16.1.0,r.-16.1.0,r.-16.1.0,r.-16.1.0,r.-16.1.0,r.-16.1.0,r.-16.1.0,r.-16.1.0,r.-16.1.0,r.-16.1.0,r.-16.1.0,r.-16.1.0,r.-16.1.0,r.-16.1.0,r.-16.1.0,r.-16.1.0,r.-16.1.0,r.-16.1.0,r.-16.1.0,r.-16.1.0,r.-16.1.0,r.-16.1.0,r.-16.1.0,r.-16.1.0,r.-16.1.0,r.-16.1.0,r.-16.1.0,r.-16.1.0,r.-16.1.0,r.-16.1.0,r.-16.1.0,r.-16.1.0,r.-16.1.0,r.-16.1.0,r.-16.1.0,r.-16.1.0,r.-16.1.0,r.-16.1.0,r.-16.1.0,r.-16.1.0,r.-16.1.0,r.-16.1.0,r.-16.1.0,r.-16.1.0,r.-16.1.0,r.-16.1.0,r.-16.1.0,r.-16.1.0,r.-16.1.0,r.-16.1.0,r.-16.1.0,r.-16.1.0,r.-16.1.0,r.-16.1.0,r.-16.1.0,r.-16.1.0,r.-16.1.0,r.-16.1.0,r.-16.1.0,r.-16.1.0,r.-16.1.0,r.-16.1.0,r.-16.1.0,r.-16.1.0,r.-16.1.0,r.-16.1.0,r.-16.1.0,r.-16.1.0,r.-16.1.0,,,,,,,,,,,,,,,,,,,,,
177,r.-16.1.0,r.-16.1.0,r.-16.1.0,r.-16.1.0,r.-16.1.0,r.-16.1.0,r.-16.1.0,r.-16.1.0,r.-16.1.0,r.-16.1.0,r.-16.1.0,r.-16.1.0,r.-16.1.0,r.-16.1.0,r.-16.1.0,r.-16.1.0,r.-16.1.0,r.-16.1.0,r.-16.1.0,r.-16.1.0,r.-16.1.0,r.-16.1.0,r.-16.1.0,r.-16.1.0,r.-16.1.0,r.-16.1.0,r.-16.1.0,r.-16.1.0,r.-16.1.0,r.-16.1.0,r.-16.1.0,r.-16.1.0,r.-16.1.0,r.-16.1.0,r.-16.1.0,r.-16.1.0,r.-16.1.0,r.-16.1.0,r.-16.1.0,r.-16.1.0,r.-16.1.0,r.-16.1.0,r.-16.1.0,r.-16.1.0,r.-16.1.0,r.-16.1.0,r.-16.1.0,r.-16.1.0,r.-16.1.0,r.-16.1.0,r.-16.1.0,r.-16.1.0,r.-16.1.0,r.-16.1.0,r.-16.1.0,r.-16.1.0,r.-16.1.0,r.-16.1.0,r.-16.1.0,r.-16.1.0,r.-16.1.0,r.-16.1.0,r.-16.1.0,r.-16.1.0,r.-16.1.0,r.-16.1.0,r.-16.1.0,r.-16.1.0,r.-16.1.0,r.-16.1.0,r.-16.1.0,r.-16.1.0,r.-16.1.0,r.-16.1.0,r.-16.1.0,r.-16.1.0,r.-16.1.0,r.-16.1.0,r.-16.1.0,r.-16.1.0,r.-16.1.0,r.-16.1.0,r.-16.1.0,r.-16.1.0,r.-16.1.0,r.-16.1.0,r.-16.1.0,r.-16.1.0,r.-16.1.0,r.-16.1.0,r.-16.1.0,r.-16.1.0,r.-16.1.0,r.-16.1.0,,,,,,,,,,,,,,,,,,,,,
178,r.-16.1.0,r.-16.1.0,r.-16.1.0,r.-16.1.0,r.-16.1.0,r.-16.1.0,r.-16.1.0,r.-16.1.0,r.-16.1.0,r.-16.1.0,r.-16.1.0,r.-16.1.0,r.-16.1.0,r.-16.1.0,r.-16.1.0,r.-16.1.0,r.-16.1.0,r.-16.1.0,r.-16.1.0,r.-16.1.0,r.-16.1.0,r.-16.1.0,r.-16.1.0,r.-16.1.0,r.-16.1.0,r.-16.1.0,r.-16.1.0,r.-16.1.0,r.-16.1.0,r.-16.1.0,r.-16.1.0,r.-16.1.0,r.-16.1.0,r.-16.1.0,r.-16.1.0,r.-16.1.0,r.-16.1.0,r.-16.1.0,r.-16.1.0,r.-16.1.0,r.-16.1.0,r.-16.1.0,r.-16.1.0,r.-16.1.0,r.-16.1.0,r.-16.1.0,r.-16.1.0,r.-16.1.0,r.-16.1.0,r.-16.1.0,r.-16.1.0,r.-16.1.0,r.-16.1.0,r.-16.1.0,r.-16.1.0,r.-16.1.0,r.-16.1.0,r.-16.1.0,r.-16.1.0,r.-16.1.0,r.-16.1.0,r.-16.1.0,r.-16.1.0,r.-16.1.0,r.-16.1.0,r.-16.1.0,r.-16.1.0,r.-16.1.0,r.-16.1.0,r.-16.1.0,r.-16.1.0,r.-16.1.0,r.-16.1.0,r.-16.1.0,r.-16.1.0,r.-16.1.0,r.-16.1.0,r.-16.1.0,r.-16.1.0,r.-16.1.0,r.-16.1.0,r.-16.1.0,r.-16.1.0,r.-16.1.0,r.-16.1.0,r.-16.1.0,r.-16.1.0,r.-16.1.0,r.-16.1.0,r.-16.1.0,r.-16.1.0,r.-16.1.0,r.-16.1.0,r.-16.1.0,,,,,,,,,,,,,,,,,,,,,
179,r.-16.1.0,r.-16.1.0,r.-16.1.0,r.-16.1.0,r.-16.1.0,r.-16.1.0,r.-16.1.0,r.-16.1.0,r.-16.1.0,r.-16.1.0,r.-16.1.0,r.-16.1.0,r.-16.1.0,r.-16.1.0,r.-16.1.0,r.-16.1.0,r.-16.1.0,r.-16.1.0,r.-16.1.0,r.-16.1.0,r.-16.1.0,r.-16.1.0,r.-16.1.0,r.-16.1.0,r.-16.1.0,r.-16.1.0,r.-16.1.0,r.-16.1.0,r.-16.1.0,r.-16.1.0,r.-16.1.0,r.-16.1.0,r.-16.1.0,r.-16.1.0,r.-16.1.0,r.-16.1.0,r.-16.1.0,r.-16.1.0,r.-16.1.0,r.-16.1.0,r.-16.1.0,r.-16.1.0,r.-16.1.0,r.-16.1.0,r.-16.1.0,r.-16.1.0,r.-16.1.0,r.-16.1.0,r.-16.1.0,r.-16.1.0,r.-16.1.0,r.-16.1.0,r.-16.1.0,r.-16.1.0,r.-16.1.0,r.-16.1.0,r.-16.1.0,r.-16.1.0,r.-16.1.0,r.-16.1.0,r.-16.1.0,r.-16.1.0,r.-16.1.0,r.-16.1.0,r.-16.1.0,r.-16.1.0,r.-16.1.0,r.-16.1.0,r.-16.1.0,r.-16.1.0,r.-16.1.0,r.-16.1.0,r.-16.1.0,r.-16.1.0,r.-16.1.0,r.-16.1.0,r.-16.1.0,r.-16.1.0,r.-16.1.0,r.-16.1.0,r.-16.1.0,r.-16.1.0,r.-16.1.0,r.-16.1.0,r.-16.1.0,r.-16.1.0,r.-16.1.0,r.-16.1.0,r.-16.1.0,r.-16.1.0,r.-16.1.0,r.-16.1.0,r.-16.1.0,r.-16.1.0,,,,,,,,,,,,,,,,,,,,,
180,r.-16.1.0,r.-16.1.0,r.-16.1.0,r.-16.1.0,r.-16.1.0,r.-16.1.0,r.-16.1.0,r.-16.1.0,r.-16.1.0,r.-16.1.0,r.-16.1.0,r.-16.1.0,r.-16.1.0,r.-16.1.0,r.-16.1.0,r.-16.1.0,r.-16.1.0,r.-16.1.0,r.-16.1.0,r.-16.1.0,r.-16.1.0,r.-16.1.0,r.-16.1.0,r.-16.1.0,r.-16.1.0,r.-16.1.0,r.-16.1.0,r.-16.1.0,r.-16.1.0,r.-16.1.0,r.-16.1.0,r.-16.1.0,r.-16.1.0,r.-16.1.0,r.-16.1.0,r.-16.1.0,r.-16.1.0,r.-16.1.0,r.-16.1.0,r.-16.1.0,r.-16.1.0,r.-16.1.0,r.-16.1.0,r.-16.1.0,r.-16.1.0,r.-16.1.0,r.-16.1.0,r.-16.1.0,r.-16.1.0,r.-16.1.0,r.-16.1.0,r.-16.1.0,r.-16.1.0,r.-16.1.0,r.-16.1.0,r.-16.1.0,r.-16.1.0,r.-16.1.0,r.-16.1.0,r.-16.1.0,r.-16.1.0,r.-16.1.0,r.-16.1.0,r.-16.1.0,r.-16.1.0,r.-16.1.0,r.-16.1.0,r.-16.1.0,r.-16.1.0,r.-16.1.0,r.-16.1.0,r.-16.1.0,r.-16.1.0,r.-16.1.0,r.-16.1.0,r.-16.1.0,r.-16.1.0,r.-16.1.0,r.-16.1.0,r.-16.1.0,r.-16.1.0,r.-16.1.0,r.-16.1.0,r.-16.1.0,r.-16.1.0,r.-16.1.0,r.-16.1.0,r.-16.1.0,r.-16.1.0,r.-16.1.0,r.-16.1.0,r.-16.1.0,r.-16.1.0,r.-16.1.0,,,,,,,,,,,,,,,,,,,,,
181,r.-16.1.0,r.-16.1.0,r.-16.1.0,r.-16.1.0,r.-16.1.0,r.-16.1.0,r.-16.1.0,r.-16.1.0,r.-16.1.0,r.-16.1.0,r.-16.1.0,r.-16.1.0,r.-16.1.0,r.-16.1.0,r.-16.1.0,r.-16.1.0,r.-16.1.0,r.-16.1.0,r.-16.1.0,r.-16.1.0,r.-16.1.0,r.-16.1.0,r.-16.1.0,r.-16.1.0,r.-16.1.0,r.-16.1.0,r.-16.1.0,r.-16.1.0,r.-16.1.0,r.-16.1.0,r.-16.1.0,r.-16.1.0,r.-16.1.0,r.-16.1.0,r.-16.1.0,r.-16.1.0,r.-16.1.0,r.-16.1.0,r.-16.1.0,r.-16.1.0,r.-16.1.0,r.-16.1.0,r.-16.1.0,r.-16.1.0,r.-16.1.0,r.-16.1.0,r.-16.1.0,r.-16.1.0,r.-16.1.0,r.-16.1.0,r.-16.1.0,r.-16.1.0,r.-16.1.0,r.-16.1.0,r.-16.1.0,r.-16.1.0,r.-16.1.0,r.-16.1.0,r.-16.1.0,r.-16.1.0,r.-16.1.0,r.-16.1.0,r.-16.1.0,r.-16.1.0,r.-16.1.0,r.-16.1.0,r.-16.1.0,r.-16.1.0,r.-16.1.0,r.-16.1.0,r.-16.1.0,r.-16.1.0,r.-16.1.0,r.-16.1.0,r.-16.1.0,r.-16.1.0,r.-16.1.0,r.-16.1.0,r.-16.1.0,r.-16.1.0,r.-16.1.0,r.-16.1.0,r.-16.1.0,r.-16.1.0,r.-16.1.0,r.-16.1.0,r.-16.1.0,r.-16.1.0,r.-16.1.0,r.-16.1.0,r.-16.1.0,r.-16.1.0,r.-16.1.0,r.-16.1.0,,,,,,,,,,,,,,,,,,,,,
182,r.-16.1.0,r.-16.1.0,r.-16.1.0,r.-16.1.0,r.-16.1.0,r.-16.1.0,r.-16.1.0,r.-16.1.0,r.-16.1.0,r.-16.1.0,r.-16.1.0,r.-16.1.0,r.-16.1.0,r.-16.1.0,r.-16.1.0,r.-16.1.0,r.-16.1.0,r.-16.1.0,r.-16.1.0,r.-16.1.0,r.-16.1.0,r.-16.1.0,r.-16.1.0,r.-16.1.0,r.-16.1.0,r.-16.1.0,r.-16.1.0,r.-16.1.0,r.-16.1.0,r.-16.1.0,r.-16.1.0,r.-16.1.0,r.-16.1.0,r.-16.1.0,r.-16.1.0,r.-16.1.0,r.-16.1.0,r.-16.1.0,r.-16.1.0,r.-16.1.0,r.-16.1.0,r.-16.1.0,r.-16.1.0,r.-16.1.0,r.-16.1.0,r.-16.1.0,r.-16.1.0,r.-16.1.0,r.-16.1.0,r.-16.1.0,r.-16.1.0,r.-16.1.0,r.-16.1.0,r.-16.1.0,r.-16.1.0,r.-16.1.0,r.-16.1.0,r.-16.1.0,r.-16.1.0,r.-16.1.0,r.-16.1.0,r.-16.1.0,r.-16.1.0,r.-16.1.0,r.-16.1.0,r.-16.1.0,r.-16.1.0,r.-16.1.0,r.-16.1.0,r.-16.1.0,r.-16.1.0,r.-16.1.0,r.-16.1.0,r.-16.1.0,r.-16.1.0,r.-16.1.0,r.-16.1.0,r.-16.1.0,r.-16.1.0,r.-16.1.0,r.-16.1.0,r.-16.1.0,r.-16.1.0,r.-16.1.0,r.-16.1.0,r.-16.1.0,r.-16.1.0,r.-16.1.0,r.-16.1.0,r.-16.1.0,r.-16.1.0,r.-16.1.0,r.-16.1.0,r.-16.1.0,,,,,,,,,,,,,,,,,,,,,
183,r.-16.1.0,r.-16.1.0,r.-16.1.0,r.-16.1.0,r.-16.1.0,r.-16.1.0,r.-16.1.0,r.-16.1.0,r.-16.1.0,r.-16.1.0,r.-16.1.0,r.-16.1.0,r.-16.1.0,r.-16.1.0,r.-16.1.0,r.-16.1.0,r.-16.1.0,r.-16.1.0,r.-16.1.0,r.-16.1.0,r.-16.1.0,r.-16.1.0,r.-16.1.0,r.-16.1.0,r.-16.1.0,r.-16.1.0,r.-16.1.0,r.-16.1.0,r.-16.1.0,r.-16.1.0,r.-16.1.0,r.-16.1.0,r.-16.1.0,r.-16.1.0,r.-16.1.0,r.-16.1.0,r.-16.1.0,r.-16.1.0,r.-16.1.0,r.-16.1.0,r.-16.1.0,r.-16.1.0,r.-16.1.0,r.-16.1.0,r.-16.1.0,r.-16.1.0,r.-16.1.0,r.-16.1.0,r.-16.1.0,r.-16.1.0,r.-16.1.0,r.-16.1.0,r.-16.1.0,r.-16.1.0,r.-16.1.0,r.-16.1.0,r.-16.1.0,r.-16.1.0,r.-16.1.0,r.-16.1.0,r.-16.1.0,r.-16.1.0,r.-16.1.0,r.-16.1.0,r.-16.1.0,r.-16.1.0,r.-16.1.0,r.-16.1.0,r.-16.1.0,r.-16.1.0,r.-16.1.0,r.-16.1.0,r.-16.1.0,r.-16.1.0,r.-16.1.0,r.-16.1.0,r.-16.1.0,r.-16.1.0,r.-16.1.0,r.-16.1.0,r.-16.1.0,r.-16.1.0,r.-16.1.0,r.-16.1.0,r.-16.1.0,r.-16.1.0,r.-16.1.0,r.-16.1.0,r.-16.1.0,r.-16.1.0,r.-16.1.0,r.-16.1.0,r.-16.1.0,r.-16.1.0,,,,,,,,,,,,,,,,,,,,,
184,r.-16.1.0,r.-16.1.0,r.-16.1.0,r.-16.1.0,r.-16.1.0,r.-16.1.0,r.-16.1.0,r.-16.1.0,r.-16.1.0,r.-16.1.0,r.-16.1.0,r.-16.1.0,r.-16.1.0,r.-16.1.0,r.-16.1.0,r.-16.1.0,r.-16.1.0,r.-16.1.0,r.-16.1.0,r.-16.1.0,r.-16.1.0,r.-16.1.0,r.-16.1.0,r.-16.1.0,r.-16.1.0,r.-16.1.0,r.-16.1.0,r.-16.1.0,r.-16.1.0,r.-16.1.0,r.-16.1.0,r.-16.1.0,r.-16.1.0,r.-16.1.0,r.-16.1.0,r.-16.1.0,r.-16.1.0,r.-16.1.0,r.-16.1.0,r.-16.1.0,r.-16.1.0,r.-16.1.0,r.-16.1.0,r.-16.1.0,r.-16.1.0,r.-16.1.0,r.-16.1.0,r.-16.1.0,r.-16.1.0,r.-16.1.0,r.-16.1.0,r.-16.1.0,r.-16.1.0,r.-16.1.0,r.-16.1.0,r.-16.1.0,r.-16.1.0,r.-16.1.0,r.-16.1.0,r.-16.1.0,r.-16.1.0,r.-16.1.0,r.-16.1.0,r.-16.1.0,r.-16.1.0,r.-16.1.0,r.-16.1.0,r.-16.1.0,r.-16.1.0,r.-16.1.0,r.-16.1.0,r.-16.1.0,r.-16.1.0,r.-16.1.0,r.-16.1.0,r.-16.1.0,r.-16.1.0,r.-16.1.0,r.-16.1.0,r.-16.1.0,r.-16.1.0,r.-16.1.0,r.-16.1.0,r.-16.1.0,r.-16.1.0,r.-16.1.0,r.-16.1.0,r.-16.1.0,r.-16.1.0,r.-16.1.0,r.-16.1.0,r.-16.1.0,r.-16.1.0,r.-16.1.0,,,,,,,,,,,,,,,,,,,,,
185,r.-16.1.0,r.-16.1.0,r.-16.1.0,r.-16.1.0,r.-16.1.0,r.-16.1.0,r.-16.1.0,r.-16.1.0,r.-16.1.0,r.-16.1.0,r.-16.1.0,r.-16.1.0,r.-16.1.0,r.-16.1.0,r.-16.1.0,r.-16.1.0,r.-16.1.0,r.-16.1.0,r.-16.1.0,r.-16.1.0,r.-16.1.0,r.-16.1.0,r.-16.1.0,r.-16.1.0,r.-16.1.0,r.-16.1.0,r.-16.1.0,r.-16.1.0,r.-16.1.0,r.-16.1.0,r.-16.1.0,r.-16.1.0,r.-16.1.0,r.-16.1.0,r.-16.1.0,r.-16.1.0,r.-16.1.0,r.-16.1.0,r.-16.1.0,r.-16.1.0,r.-16.1.0,r.-16.1.0,r.-16.1.0,r.-16.1.0,r.-16.1.0,r.-16.1.0,r.-16.1.0,r.-16.1.0,r.-16.1.0,r.-16.1.0,r.-16.1.0,r.-16.1.0,r.-16.1.0,r.-16.1.0,r.-16.1.0,r.-16.1.0,r.-16.1.0,r.-16.1.0,r.-16.1.0,r.-16.1.0,r.-16.1.0,r.-16.1.0,r.-16.1.0,r.-16.1.0,r.-16.1.0,r.-16.1.0,r.-16.1.0,r.-16.1.0,r.-16.1.0,r.-16.1.0,r.-16.1.0,r.-16.1.0,r.-16.1.0,r.-16.1.0,r.-16.1.0,r.-16.1.0,r.-16.1.0,r.-16.1.0,r.-16.1.0,r.-16.1.0,r.-16.1.0,r.-16.1.0,r.-16.1.0,r.-16.1.0,r.-16.1.0,r.-16.1.0,r.-16.1.0,r.-16.1.0,r.-16.1.0,r.-16.1.0,r.-16.1.0,r.-16.1.0,r.-16.1.0,r.-16.1.0,,,,,,,,,,,,,,,,,,,,,
186,r.-16.1.0,r.-16.1.0,r.-16.1.0,r.-16.1.0,r.-16.1.0,r.-16.1.0,r.-16.1.0,r.-16.1.0,r.-16.1.0,r.-16.1.0,r.-16.1.0,r.-16.1.0,r.-16.1.0,r.-16.1.0,r.-16.1.0,r.-16.1.0,r.-16.1.0,r.-16.1.0,r.-16.1.0,r.-16.1.0,r.-16.1.0,r.-16.1.0,r.-16.1.0,r.-16.1.0,r.-16.1.0,r.-16.1.0,r.-16.1.0,r.-16.1.0,r.-16.1.0,r.-16.1.0,r.-16.1.0,r.-16.1.0,r.-16.1.0,r.-16.1.0,r.-16.1.0,r.-16.1.0,r.-16.1.0,r.-16.1.0,r.-16.1.0,r.-16.1.0,r.-16.1.0,r.-16.1.0,r.-16.1.0,r.-16.1.0,r.-16.1.0,r.-16.1.0,r.-16.1.0,r.-16.1.0,r.-16.1.0,r.-16.1.0,r.-16.1.0,r.-16.1.0,r.-16.1.0,r.-16.1.0,r.-16.1.0,r.-16.1.0,r.-16.1.0,r.-16.1.0,r.-16.1.0,r.-16.1.0,r.-16.1.0,r.-16.1.0,r.-16.1.0,r.-16.1.0,r.-16.1.0,r.-16.1.0,r.-16.1.0,r.-16.1.0,r.-16.1.0,r.-16.1.0,r.-16.1.0,r.-16.1.0,r.-16.1.0,r.-16.1.0,r.-16.1.0,r.-16.1.0,r.-16.1.0,r.-16.1.0,r.-16.1.0,r.-16.1.0,r.-16.1.0,r.-16.1.0,r.-16.1.0,r.-16.1.0,r.-16.1.0,r.-16.1.0,r.-16.1.0,r.-16.1.0,r.-16.1.0,r.-16.1.0,r.-16.1.0,r.-16.1.0,r.-16.1.0,r.-16.1.0,,,,,,,,,,,,,,,,,,,,,
187,r.-16.1.0,r.-16.1.0,r.-16.1.0,r.-16.1.0,r.-16.1.0,r.-16.1.0,r.-16.1.0,r.-16.1.0,r.-16.1.0,r.-16.1.0,r.-16.1.0,r.-16.1.0,r.-16.1.0,r.-16.1.0,r.-16.1.0,r.-16.1.0,r.-16.1.0,r.-16.1.0,r.-16.1.0,r.-16.1.0,r.-16.1.0,r.-16.1.0,r.-16.1.0,r.-16.1.0,r.-16.1.0,r.-16.1.0,r.-16.1.0,r.-16.1.0,r.-16.1.0,r.-16.1.0,r.-16.1.0,r.-16.1.0,r.-16.1.0,r.-16.1.0,r.-16.1.0,r.-16.1.0,r.-16.1.0,r.-16.1.0,r.-16.1.0,r.-16.1.0,r.-16.1.0,r.-16.1.0,r.-16.1.0,r.-16.1.0,r.-16.1.0,r.-16.1.0,r.-16.1.0,r.-16.1.0,r.-16.1.0,r.-16.1.0,r.-16.1.0,r.-16.1.0,r.-16.1.0,r.-16.1.0,r.-16.1.0,r.-16.1.0,r.-16.1.0,r.-16.1.0,r.-16.1.0,r.-16.1.0,r.-16.1.0,r.-16.1.0,r.-16.1.0,r.-16.1.0,r.-16.1.0,r.-16.1.0,r.-16.1.0,r.-16.1.0,r.-16.1.0,r.-16.1.0,r.-16.1.0,r.-16.1.0,r.-16.1.0,r.-16.1.0,r.-16.1.0,r.-16.1.0,r.-16.1.0,r.-16.1.0,r.-16.1.0,r.-16.1.0,r.-16.1.0,r.-16.1.0,r.-16.1.0,r.-16.1.0,r.-16.1.0,r.-16.1.0,r.-16.1.0,r.-16.1.0,r.-16.1.0,r.-16.1.0,r.-16.1.0,r.-16.1.0,r.-16.1.0,r.-16.1.0,,,,,,,,,,,,,,,,,,,,,
188,r.-16.1.0,r.-16.1.0,r.-16.1.0,r.-16.1.0,r.-16.1.0,r.-16.1.0,r.-16.1.0,r.-16.1.0,r.-16.1.0,r.-16.1.0,r.-16.1.0,r.-16.1.0,r.-16.1.0,r.-16.1.0,r.-16.1.0,r.-16.1.0,r.-16.1.0,r.-16.1.0,r.-16.1.0,r.-16.1.0,r.-16.1.0,r.-16.1.0,r.-16.1.0,r.-16.1.0,r.-16.1.0,r.-16.1.0,r.-16.1.0,r.-16.1.0,r.-16.1.0,r.-16.1.0,r.-16.1.0,r.-16.1.0,r.-16.1.0,r.-16.1.0,r.-16.1.0,r.-16.1.0,r.-16.1.0,r.-16.1.0,r.-16.1.0,r.-16.1.0,r.-16.1.0,r.-16.1.0,r.-16.1.0,r.-16.1.0,r.-16.1.0,r.-16.1.0,r.-16.1.0,r.-16.1.0,r.-16.1.0,r.-16.1.0,r.-16.1.0,r.-16.1.0,r.-16.1.0,r.-16.1.0,r.-16.1.0,r.-16.1.0,r.-16.1.0,r.-16.1.0,r.-16.1.0,r.-16.1.0,r.-16.1.0,r.-16.1.0,r.-16.1.0,r.-16.1.0,r.-16.1.0,r.-16.1.0,r.-16.1.0,r.-16.1.0,r.-16.1.0,r.-16.1.0,r.-16.1.0,r.-16.1.0,r.-16.1.0,r.-16.1.0,r.-16.1.0,r.-16.1.0,r.-16.1.0,r.-16.1.0,r.-16.1.0,r.-16.1.0,r.-16.1.0,r.-16.1.0,r.-16.1.0,r.-16.1.0,r.-16.1.0,r.-16.1.0,r.-16.1.0,r.-16.1.0,r.-16.1.0,r.-16.1.0,r.-16.1.0,r.-16.1.0,r.-16.1.0,r.-16.1.0,,,,,,,,,,,,,,,,,,,,,
189,r.-16.1.0,r.-16.1.0,r.-16.1.0,r.-16.1.0,r.-16.1.0,r.-16.1.0,r.-16.1.0,r.-16.1.0,r.-16.1.0,r.-16.1.0,r.-16.1.0,r.-16.1.0,r.-16.1.0,r.-16.1.0,r.-16.1.0,r.-16.1.0,r.-16.1.0,r.-16.1.0,r.-16.1.0,r.-16.1.0,r.-16.1.0,r.-16.1.0,r.-16.1.0,r.-16.1.0,r.-16.1.0,r.-16.1.0,r.-16.1.0,r.-16.1.0,r.-16.1.0,r.-16.1.0,r.-16.1.0,r.-16.1.0,r.-16.1.0,r.-16.1.0,r.-16.1.0,r.-16.1.0,r.-16.1.0,r.-16.1.0,r.-16.1.0,r.-16.1.0,r.-16.1.0,r.-16.1.0,r.-16.1.0,r.-16.1.0,r.-16.1.0,r.-16.1.0,r.-16.1.0,r.-16.1.0,r.-16.1.0,r.-16.1.0,r.-16.1.0,r.-16.1.0,r.-16.1.0,r.-16.1.0,r.-16.1.0,r.-16.1.0,r.-16.1.0,r.-16.1.0,r.-16.1.0,r.-16.1.0,r.-16.1.0,r.-16.1.0,r.-16.1.0,r.-16.1.0,r.-16.1.0,r.-16.1.0,r.-16.1.0,r.-16.1.0,r.-16.1.0,r.-16.1.0,r.-16.1.0,r.-16.1.0,r.-16.1.0,r.-16.1.0,r.-16.1.0,r.-16.1.0,r.-16.1.0,r.-16.1.0,r.-16.1.0,r.-16.1.0,r.-16.1.0,r.-16.1.0,r.-16.1.0,r.-16.1.0,r.-16.1.0,r.-16.1.0,r.-16.1.0,r.-16.1.0,r.-16.1.0,r.-16.1.0,r.-16.1.0,r.-16.1.0,r.-16.1.0,r.-16.1.0,,,,,,,,,,,,,,,,,,,,,
190,r.-16.1.0,r.-16.1.0,r.-16.1.0,r.-16.1.0,r.-16.1.0,r.-16.1.0,r.-16.1.0,r.-16.1.0,r.-16.1.0,r.-16.1.0,r.-16.1.0,r.-16.1.0,r.-16.1.0,r.-16.1.0,r.-16.1.0,r.-16.1.0,r.-16.1.0,r.-16.1.0,r.-16.1.0,r.-16.1.0,r.-16.1.0,r.-16.1.0,r.-16.1.0,r.-16.1.0,r.-16.1.0,r.-16.1.0,r.-16.1.0,r.-16.1.0,r.-16.1.0,r.-16.1.0,r.-16.1.0,r.-16.1.0,r.-16.1.0,r.-16.1.0,r.-16.1.0,r.-16.1.0,r.-16.1.0,r.-16.1.0,r.-16.1.0,r.-16.1.0,r.-16.1.0,r.-16.1.0,r.-16.1.0,r.-16.1.0,r.-16.1.0,r.-16.1.0,r.-16.1.0,r.-16.1.0,r.-16.1.0,r.-16.1.0,r.-16.1.0,r.-16.1.0,r.-16.1.0,r.-16.1.0,r.-16.1.0,r.-16.1.0,r.-16.1.0,r.-16.1.0,r.-16.1.0,r.-16.1.0,r.-16.1.0,r.-16.1.0,r.-16.1.0,r.-16.1.0,r.-16.1.0,r.-16.1.0,r.-16.1.0,r.-16.1.0,r.-16.1.0,r.-16.1.0,r.-16.1.0,r.-16.1.0,r.-16.1.0,r.-16.1.0,r.-16.1.0,r.-16.1.0,r.-16.1.0,r.-16.1.0,r.-16.1.0,r.-16.1.0,r.-16.1.0,r.-16.1.0,r.-16.1.0,r.-16.1.0,r.-16.1.0,r.-16.1.0,r.-16.1.0,r.-16.1.0,r.-16.1.0,r.-16.1.0,r.-16.1.0,r.-16.1.0,r.-16.1.0,r.-16.1.0,,,,,,,,,,,,,,,,,,,,,
191,r.-16.1.0,r.-16.1.0,r.-16.1.0,r.-16.1.0,r.-16.1.0,r.-16.1.0,r.-16.1.0,r.-16.1.0,r.-16.1.0,r.-16.1.0,r.-16.1.0,r.-16.1.0,r.-16.1.0,r.-16.1.0,r.-16.1.0,r.-16.1.0,r.-16.1.0,r.-16.1.0,r.-16.1.0,r.-16.1.0,r.-16.1.0,r.-16.1.0,r.-16.1.0,r.-16.1.0,r.-16.1.0,r.-16.1.0,r.-16.1.0,r.-16.1.0,r.-16.1.0,r.-16.1.0,r.-16.1.0,r.-16.1.0,r.-16.1.0,r.-16.1.0,r.-16.1.0,r.-16.1.0,r.-16.1.0,r.-16.1.0,r.-16.1.0,r.-16.1.0,r.-16.1.0,r.-16.1.0,r.-16.1.0,r.-16.1.0,r.-16.1.0,r.-16.1.0,r.-16.1.0,r.-16.1.0,r.-16.1.0,r.-16.1.0,r.-16.1.0,r.-16.1.0,r.-16.1.0,r.-16.1.0,r.-16.1.0,r.-16.1.0,r.-16.1.0,r.-16.1.0,r.-16.1.0,r.-16.1.0,r.-16.1.0,r.-16.1.0,r.-16.1.0,r.-16.1.0,r.-16.1.0,r.-16.1.0,r.-16.1.0,r.-16.1.0,r.-16.1.0,r.-16.1.0,r.-16.1.0,r.-16.1.0,r.-16.1.0,r.-16.1.0,r.-16.1.0,r.-16.1.0,r.-16.1.0,r.-16.1.0,r.-16.1.0,r.-16.1.0,r.-16.1.0,r.-16.1.0,r.-16.1.0,r.-16.1.0,r.-16.1.0,r.-16.1.0,r.-16.1.0,r.-16.1.0,r.-16.1.0,r.-16.1.0,r.-16.1.0,r.-16.1.0,r.-16.1.0,r.-16.1.0,,,,,,,,,,,,,,,,,,,,,
192,r.-16.1.0,r.-16.1.0,r.-16.1.0,r.-16.1.0,r.-16.1.0,r.-16.1.0,r.-16.1.0,r.-16.1.0,r.-16.1.0,r.-16.1.0,r.-16.1.0,r.-16.1.0,r.-16.1.0,r.-16.1.0,r.-16.1.0,r.-16.1.0,r.-16.1.0,r.-16.1.0,r.-16.1.0,r.-16.1.0,r.-16.1.0,r.-16.1.0,r.-16.1.0,r.-16.1.0,r.-16.1.0,r.-16.1.0,r.-16.1.0,r.-16.1.0,r.-16.1.0,r.-16.1.0,r.-16.1.0,r.-16.1.0,r.-16.1.0,r.-16.1.0,r.-16.1.0,r.-16.1.0,r.-16.1.0,r.-16.1.0,r.-16.1.0,r.-16.1.0,r.-16.1.0,r.-16.1.0,r.-16.1.0,r.-16.1.0,r.-16.1.0,r.-16.1.0,r.-16.1.0,r.-16.1.0,r.-16.1.0,r.-16.1.0,r.-16.1.0,r.-16.1.0,r.-16.1.0,r.-16.1.0,r.-16.1.0,r.-16.1.0,r.-16.1.0,r.-16.1.0,r.-16.1.0,r.-16.1.0,r.-16.1.0,r.-16.1.0,r.-16.1.0,r.-16.1.0,r.-16.1.0,r.-16.1.0,r.-16.1.0,r.-16.1.0,r.-16.1.0,r.-16.1.0,r.-16.1.0,r.-16.1.0,r.-16.1.0,r.-16.1.0,r.-16.1.0,r.-16.1.0,r.-16.1.0,r.-16.1.0,r.-16.1.0,r.-16.1.0,r.-16.1.0,r.-16.1.0,r.-16.1.0,r.-16.1.0,r.-16.1.0,r.-16.1.0,r.-16.1.0,r.-16.1.0,r.-16.1.0,r.-16.1.0,r.-16.1.0,r.-16.1.0,r.-16.1.0,r.-16.1.0,,,,,,,,,,,,,,,,,,,,,
193,r.-16.1.0,r.-16.1.0,r.-16.1.0,r.-16.1.0,r.-16.1.0,r.-16.1.0,r.-16.1.0,r.-16.1.0,r.-16.1.0,r.-16.1.0,r.-16.1.0,r.-16.1.0,r.-16.1.0,r.-16.1.0,r.-16.1.0,r.-16.1.0,r.-16.1.0,r.-16.1.0,r.-16.1.0,r.-16.1.0,r.-16.1.0,r.-16.1.0,r.-16.1.0,r.-16.1.0,r.-16.1.0,r.-16.1.0,r.-16.1.0,r.-16.1.0,r.-16.1.0,r.-16.1.0,r.-16.1.0,r.-16.1.0,r.-16.1.0,r.-16.1.0,r.-16.1.0,r.-16.1.0,r.-16.1.0,r.-16.1.0,r.-16.1.0,r.-16.1.0,r.-16.1.0,r.-16.1.0,r.-16.1.0,r.-16.1.0,r.-16.1.0,r.-16.1.0,r.-16.1.0,r.-16.1.0,r.-16.1.0,r.-16.1.0,r.-16.1.0,r.-16.1.0,r.-16.1.0,r.-16.1.0,r.-16.1.0,r.-16.1.0,r.-16.1.0,r.-16.1.0,r.-16.1.0,r.-16.1.0,r.-16.1.0,r.-16.1.0,r.-16.1.0,r.-16.1.0,r.-16.1.0,r.-16.1.0,r.-16.1.0,r.-16.1.0,r.-16.1.0,r.-16.1.0,r.-16.1.0,r.-16.1.0,r.-16.1.0,r.-16.1.0,r.-16.1.0,r.-16.1.0,r.-16.1.0,r.-16.1.0,r.-16.1.0,r.-16.1.0,r.-16.1.0,r.-16.1.0,r.-16.1.0,r.-16.1.0,r.-16.1.0,r.-16.1.0,r.-16.1.0,r.-16.1.0,r.-16.1.0,r.-16.1.0,r.-16.1.0,r.-16.1.0,r.-16.1.0,r.-16.1.0,,,,,,,,,,,,,,,,,,,,,
194,r.-16.1.0,r.-16.1.0,r.-16.1.0,r.-16.1.0,r.-16.1.0,r.-16.1.0,r.-16.1.0,r.-16.1.0,r.-16.1.0,r.-16.1.0,r.-16.1.0,r.-16.1.0,r.-16.1.0,r.-16.1.0,r.-16.1.0,r.-16.1.0,r.-16.1.0,r.-16.1.0,r.-16.1.0,r.-16.1.0,r.-16.1.0,r.-16.1.0,r.-16.1.0,r.-16.1.0,r.-16.1.0,r.-16.1.0,r.-16.1.0,r.-16.1.0,r.-16.1.0,r.-16.1.0,r.-16.1.0,r.-16.1.0,r.-16.1.0,r.-16.1.0,r.-16.1.0,r.-16.1.0,r.-16.1.0,r.-16.1.0,r.-16.1.0,r.-16.1.0,r.-16.1.0,r.-16.1.0,r.-16.1.0,r.-16.1.0,r.-16.1.0,r.-16.1.0,r.-16.1.0,r.-16.1.0,r.-16.1.0,r.-16.1.0,r.-16.1.0,r.-16.1.0,r.-16.1.0,r.-16.1.0,r.-16.1.0,r.-16.1.0,r.-16.1.0,r.-16.1.0,r.-16.1.0,r.-16.1.0,r.-16.1.0,r.-16.1.0,r.-16.1.0,r.-16.1.0,r.-16.1.0,r.-16.1.0,r.-16.1.0,r.-16.1.0,r.-16.1.0,r.-16.1.0,r.-16.1.0,r.-16.1.0,r.-16.1.0,r.-16.1.0,r.-16.1.0,r.-16.1.0,r.-16.1.0,r.-16.1.0,r.-16.1.0,r.-16.1.0,r.-16.1.0,r.-16.1.0,r.-16.1.0,r.-16.1.0,r.-16.1.0,r.-16.1.0,r.-16.1.0,r.-16.1.0,r.-16.1.0,r.-16.1.0,r.-16.1.0,r.-16.1.0,r.-16.1.0,r.-16.1.0,,,,,,,,,,,,,,,,,,,,,
195,r.-16.1.0,r.-16.1.0,r.-16.1.0,r.-16.1.0,r.-16.1.0,r.-16.1.0,r.-16.1.0,r.-16.1.0,r.-16.1.0,r.-16.1.0,r.-16.1.0,r.-16.1.0,r.-16.1.0,r.-16.1.0,r.-16.1.0,r.-16.1.0,r.-16.1.0,r.-16.1.0,r.-16.1.0,r.-16.1.0,r.-16.1.0,r.-16.1.0,r.-16.1.0,r.-16.1.0,r.-16.1.0,r.-16.1.0,r.-16.1.0,r.-16.1.0,r.-16.1.0,r.-16.1.0,r.-16.1.0,r.-16.1.0,r.-16.1.0,r.-16.1.0,r.-16.1.0,r.-16.1.0,r.-16.1.0,r.-16.1.0,r.-16.1.0,r.-16.1.0,r.-16.1.0,r.-16.1.0,r.-16.1.0,r.-16.1.0,r.-16.1.0,r.-16.1.0,r.-16.1.0,r.-16.1.0,r.-16.1.0,r.-16.1.0,r.-16.1.0,r.-16.1.0,r.-16.1.0,r.-16.1.0,r.-16.1.0,r.-16.1.0,r.-16.1.0,r.-16.1.0,r.-16.1.0,r.-16.1.0,r.-16.1.0,r.-16.1.0,r.-16.1.0,r.-16.1.0,r.-16.1.0,r.-16.1.0,r.-16.1.0,r.-16.1.0,r.-16.1.0,r.-16.1.0,r.-16.1.0,r.-16.1.0,r.-16.1.0,r.-16.1.0,r.-16.1.0,r.-16.1.0,r.-16.1.0,r.-16.1.0,r.-16.1.0,r.-16.1.0,r.-16.1.0,r.-16.1.0,r.-16.1.0,r.-16.1.0,r.-16.1.0,r.-16.1.0,r.-16.1.0,r.-16.1.0,r.-16.1.0,r.-16.1.0,r.-16.1.0,r.-16.1.0,r.-16.1.0,r.-16.1.0,,,,,,,,,,,,,,,,,,,,,
196,r.-16.1.0,r.-16.1.0,r.-16.1.0,r.-16.1.0,r.-16.1.0,r.-16.1.0,r.-16.1.0,r.-16.1.0,r.-16.1.0,r.-16.1.0,r.-16.1.0,r.-16.1.0,r.-16.1.0,r.-16.1.0,r.-16.1.0,r.-16.1.0,r.-16.1.0,r.-16.1.0,r.-16.1.0,r.-16.1.0,r.-16.1.0,r.-16.1.0,r.-16.1.0,r.-16.1.0,r.-16.1.0,r.-16.1.0,r.-16.1.0,r.-16.1.0,r.-16.1.0,r.-16.1.0,r.-16.1.0,r.-16.1.0,r.-16.1.0,r.-16.1.0,r.-16.1.0,r.-16.1.0,r.-16.1.0,r.-16.1.0,r.-16.1.0,r.-16.1.0,r.-16.1.0,r.-16.1.0,r.-16.1.0,r.-16.1.0,r.-16.1.0,r.-16.1.0,r.-16.1.0,r.-16.1.0,r.-16.1.0,r.-16.1.0,r.-16.1.0,r.-16.1.0,r.-16.1.0,r.-16.1.0,r.-16.1.0,r.-16.1.0,r.-16.1.0,r.-16.1.0,r.-16.1.0,r.-16.1.0,r.-16.1.0,r.-16.1.0,r.-16.1.0,r.-16.1.0,r.-16.1.0,r.-16.1.0,r.-16.1.0,r.-16.1.0,r.-16.1.0,r.-16.1.0,r.-16.1.0,r.-16.1.0,r.-16.1.0,r.-16.1.0,r.-16.1.0,r.-16.1.0,r.-16.1.0,r.-16.1.0,r.-16.1.0,r.-16.1.0,r.-16.1.0,r.-16.1.0,r.-16.1.0,r.-16.1.0,r.-16.1.0,r.-16.1.0,r.-16.1.0,r.-16.1.0,r.-16.1.0,r.-16.1.0,r.-16.1.0,r.-16.1.0,r.-16.1.0,r.-16.1.0,,,,,,,,,,,,,,,,,,,,,
197,r.-16.1.0,r.-16.1.0,r.-16.1.0,r.-16.1.0,r.-16.1.0,r.-16.1.0,r.-16.1.0,r.-16.1.0,r.-16.1.0,r.-16.1.0,r.-16.1.0,r.-16.1.0,r.-16.1.0,r.-16.1.0,r.-16.1.0,r.-16.1.0,r.-16.1.0,r.-16.1.0,r.-16.1.0,r.-16.1.0,r.-16.1.0,r.-16.1.0,r.-16.1.0,r.-16.1.0,r.-16.1.0,r.-16.1.0,r.-16.1.0,r.-16.1.0,r.-16.1.0,r.-16.1.0,r.-16.1.0,r.-16.1.0,r.-16.1.0,r.-16.1.0,r.-16.1.0,r.-16.1.0,r.-16.1.0,r.-16.1.0,r.-16.1.0,r.-16.1.0,r.-16.1.0,r.-16.1.0,r.-16.1.0,r.-16.1.0,r.-16.1.0,r.-16.1.0,r.-16.1.0,r.-16.1.0,r.-16.1.0,r.-16.1.0,r.-16.1.0,r.-16.1.0,r.-16.1.0,r.-16.1.0,r.-16.1.0,r.-16.1.0,r.-16.1.0,r.-16.1.0,r.-16.1.0,r.-16.1.0,r.-16.1.0,r.-16.1.0,r.-16.1.0,r.-16.1.0,r.-16.1.0,r.-16.1.0,r.-16.1.0,r.-16.1.0,r.-16.1.0,r.-16.1.0,r.-16.1.0,r.-16.1.0,r.-16.1.0,r.-16.1.0,r.-16.1.0,r.-16.1.0,r.-16.1.0,r.-16.1.0,r.-16.1.0,r.-16.1.0,r.-16.1.0,r.-16.1.0,r.-16.1.0,r.-16.1.0,r.-16.1.0,r.-16.1.0,r.-16.1.0,r.-16.1.0,r.-16.1.0,r.-16.1.0,r.-16.1.0,r.-16.1.0,r.-16.1.0,r.-16.1.0,,,,,,,,,,,,,,,,,,,,,
198,r.-16.1.0,r.-16.1.0,r.-16.1.0,r.-16.1.0,r.-16.1.0,r.-16.1.0,r.-16.1.0,r.-16.1.0,r.-16.1.0,r.-16.1.0,r.-16.1.0,r.-16.1.0,r.-16.1.0,r.-16.1.0,r.-16.1.0,r.-16.1.0,r.-16.1.0,r.-16.1.0,r.-16.1.0,r.-16.1.0,r.-16.1.0,r.-16.1.0,r.-16.1.0,r.-16.1.0,r.-16.1.0,r.-16.1.0,r.-16.1.0,r.-16.1.0,r.-16.1.0,r.-16.1.0,r.-16.1.0,r.-16.1.0,r.-16.1.0,r.-16.1.0,r.-16.1.0,r.-16.1.0,r.-16.1.0,r.-16.1.0,r.-16.1.0,r.-16.1.0,r.-16.1.0,r.-16.1.0,r.-16.1.0,r.-16.1.0,r.-16.1.0,r.-16.1.0,r.-16.1.0,r.-16.1.0,r.-16.1.0,r.-16.1.0,r.-16.1.0,r.-16.1.0,r.-16.1.0,r.-16.1.0,r.-16.1.0,r.-16.1.0,r.-16.1.0,r.-16.1.0,r.-16.1.0,r.-16.1.0,r.-16.1.0,r.-16.1.0,r.-16.1.0,r.-16.1.0,r.-16.1.0,r.-16.1.0,r.-16.1.0,r.-16.1.0,r.-16.1.0,r.-16.1.0,r.-16.1.0,r.-16.1.0,r.-16.1.0,r.-16.1.0,r.-16.1.0,r.-16.1.0,r.-16.1.0,r.-16.1.0,r.-16.1.0,r.-16.1.0,r.-16.1.0,r.-16.1.0,r.-16.1.0,r.-16.1.0,r.-16.1.0,r.-16.1.0,r.-16.1.0,r.-16.1.0,r.-16.1.0,r.-16.1.0,r.-16.1.0,r.-16.1.0,r.-16.1.0,r.-16.1.0,,,,,,,,,,,,,,,,,,,,,
199,r.-16.1.0,r.-16.1.0,r.-16.1.0,r.-16.1.0,r.-16.1.0,r.-16.1.0,r.-16.1.0,r.-16.1.0,r.-16.1.0,r.-16.1.0,r.-16.1.0,r.-16.1.0,r.-16.1.0,r.-16.1.0,r.-16.1.0,r.-16.1.0,r.-16.1.0,r.-16.1.0,r.-16.1.0,r.-16.1.0,r.-16.1.0,r.-16.1.0,r.-16.1.0,r.-16.1.0,r.-16.1.0,r.-16.1.0,r.-16.1.0,r.-16.1.0,r.-16.1.0,r.-16.1.0,r.-16.1.0,r.-16.1.0,r.-16.1.0,r.-16.1.0,r.-16.1.0,r.-16.1.0,r.-16.1.0,r.-16.1.0,r.-16.1.0,r.-16.1.0,r.-16.1.0,r.-16.1.0,r.-16.1.0,r.-16.1.0,r.-16.1.0,r.-16.1.0,r.-16.1.0,r.-16.1.0,r.-16.1.0,r.-16.1.0,r.-16.1.0,r.-16.1.0,r.-16.1.0,r.-16.1.0,r.-16.1.0,r.-16.1.0,r.-16.1.0,r.-16.1.0,r.-16.1.0,r.-16.1.0,r.-16.1.0,r.-16.1.0,r.-16.1.0,r.-16.1.0,r.-16.1.0,r.-16.1.0,r.-16.1.0,r.-16.1.0,r.-16.1.0,r.-16.1.0,r.-16.1.0,r.-16.1.0,r.-16.1.0,r.-16.1.0,r.-16.1.0,r.-16.1.0,r.-16.1.0,r.-16.1.0,r.-16.1.0,r.-16.1.0,r.-16.1.0,r.-16.1.0,r.-16.1.0,r.-16.1.0,r.-16.1.0,r.-16.1.0,r.-16.1.0,r.-16.1.0,r.-16.1.0,r.-16.1.0,r.-16.1.0,r.-16.1.0,r.-16.1.0,r.-16.1.0,,,,,,,,,,,,,,,,,,,,,
200,r.-16.1.0,r.-16.1.0,r.-16.1.0,r.-16.1.0,r.-16.1.0,r.-16.1.0,r.-16.1.0,r.-16.1.0,r.-16.1.0,r.-16.1.0,r.-16.1.0,r.-16.1.0,r.-16.1.0,r.-16.1.0,r.-16.1.0,r.-16.1.0,r.-16.1.0,r.-16.1.0,r.-16.1.0,r.-16.1.0,r.-16.1.0,r.-16.1.0,r.-16.1.0,r.-16.1.0,r.-16.1.0,r.-16.1.0,r.-16.1.0,r.-16.1.0,r.-16.1.0,r.-16.1.0,r.-16.1.0,r.-16.1.0,r.-16.1.0,r.-16.1.0,r.-16.1.0,r.-16.1.0,r.-16.1.0,r.-16.1.0,r.-16.1.0,r.-16.1.0,r.-16.1.0,r.-16.1.0,r.-16.1.0,r.-16.1.0,r.-16.1.0,r.-16.1.0,r.-16.1.0,r.-16.1.0,r.-16.1.0,r.-16.1.0,r.-16.1.0,r.-16.1.0,r.-16.1.0,r.-16.1.0,r.-16.1.0,r.-16.1.0,r.-16.1.0,r.-16.1.0,r.-16.1.0,r.-16.1.0,r.-16.1.0,r.-16.1.0,r.-16.1.0,r.-16.1.0,r.-16.1.0,r.-16.1.0,r.-16.1.0,r.-16.1.0,r.-16.1.0,r.-16.1.0,r.-16.1.0,r.-16.1.0,r.-16.1.0,r.-16.1.0,r.-16.1.0,r.-16.1.0,r.-16.1.0,r.-16.1.0,r.-16.1.0,r.-16.1.0,r.-16.1.0,r.-16.1.0,r.-16.1.0,r.-16.1.0,r.-16.1.0,r.-16.1.0,r.-16.1.0,r.-16.1.0,r.-16.1.0,r.-16.1.0,r.-16.1.0,r.-16.1.0,r.-16.1.0,r.-16.1.0,,,,,,,,,,,,,,,,,,,,,
201,r.-16.1.0,r.-16.1.0,r.-16.1.0,r.-16.1.0,r.-16.1.0,r.-16.1.0,r.-16.1.0,r.-16.1.0,r.-16.1.0,r.-16.1.0,r.-16.1.0,r.-16.1.0,r.-16.1.0,r.-16.1.0,r.-16.1.0,r.-16.1.0,r.-16.1.0,r.-16.1.0,r.-16.1.0,r.-16.1.0,r.-16.1.0,r.-16.1.0,r.-16.1.0,r.-16.1.0,r.-16.1.0,r.-16.1.0,r.-16.1.0,r.-16.1.0,r.-16.1.0,r.-16.1.0,r.-16.1.0,r.-16.1.0,r.-16.1.0,r.-16.1.0,r.-16.1.0,r.-16.1.0,r.-16.1.0,r.-16.1.0,r.-16.1.0,r.-16.1.0,r.-16.1.0,r.-16.1.0,r.-16.1.0,r.-16.1.0,r.-16.1.0,r.-16.1.0,r.-16.1.0,r.-16.1.0,r.-16.1.0,r.-16.1.0,r.-16.1.0,r.-16.1.0,r.-16.1.0,r.-16.1.0,r.-16.1.0,r.-16.1.0,r.-16.1.0,r.-16.1.0,r.-16.1.0,r.-16.1.0,r.-16.1.0,r.-16.1.0,r.-16.1.0,r.-16.1.0,r.-16.1.0,r.-16.1.0,r.-16.1.0,r.-16.1.0,r.-16.1.0,r.-16.1.0,r.-16.1.0,r.-16.1.0,r.-16.1.0,r.-16.1.0,r.-16.1.0,r.-16.1.0,r.-16.1.0,r.-16.1.0,r.-16.1.0,r.-16.1.0,r.-16.1.0,r.-16.1.0,r.-16.1.0,r.-16.1.0,r.-16.1.0,r.-16.1.0,r.-16.1.0,r.-16.1.0,r.-16.1.0,r.-16.1.0,r.-16.1.0,r.-16.1.0,r.-16.1.0,r.-16.1.0,,,,,,,,,,,,,,,,,,,,,
202,r.-16.1.0,r.-16.1.0,r.-16.1.0,r.-16.1.0,r.-16.1.0,r.-16.1.0,r.-16.1.0,r.-16.1.0,r.-16.1.0,r.-16.1.0,r.-16.1.0,r.-16.1.0,r.-16.1.0,r.-16.1.0,r.-16.1.0,r.-16.1.0,r.-16.1.0,r.-16.1.0,r.-16.1.0,r.-16.1.0,r.-16.1.0,r.-16.1.0,r.-16.1.0,r.-16.1.0,r.-16.1.0,r.-16.1.0,r.-16.1.0,r.-16.1.0,r.-16.1.0,r.-16.1.0,r.-16.1.0,r.-16.1.0,r.-16.1.0,r.-16.1.0,r.-16.1.0,r.-16.1.0,r.-16.1.0,r.-16.1.0,r.-16.1.0,r.-16.1.0,r.-16.1.0,r.-16.1.0,r.-16.1.0,r.-16.1.0,r.-16.1.0,r.-16.1.0,r.-16.1.0,r.-16.1.0,r.-16.1.0,r.-16.1.0,r.-16.1.0,r.-16.1.0,r.-16.1.0,r.-16.1.0,r.-16.1.0,r.-16.1.0,r.-16.1.0,r.-16.1.0,r.-16.1.0,r.-16.1.0,r.-16.1.0,r.-16.1.0,r.-16.1.0,r.-16.1.0,r.-16.1.0,r.-16.1.0,r.-16.1.0,r.-16.1.0,r.-16.1.0,r.-16.1.0,r.-16.1.0,r.-16.1.0,r.-16.1.0,r.-16.1.0,r.-16.1.0,r.-16.1.0,r.-16.1.0,r.-16.1.0,r.-16.1.0,r.-16.1.0,r.-16.1.0,r.-16.1.0,r.-16.1.0,r.-16.1.0,r.-16.1.0,r.-16.1.0,r.-16.1.0,r.-16.1.0,r.-16.1.0,r.-16.1.0,r.-16.1.0,r.-16.1.0,r.-16.1.0,r.-16.1.0,,,,,,,,,,,,,,,,,,,,,
203,r.-16.1.0,r.-16.1.0,r.-16.1.0,r.-16.1.0,r.-16.1.0,r.-16.1.0,r.-16.1.0,r.-16.1.0,r.-16.1.0,r.-16.1.0,r.-16.1.0,r.-16.1.0,r.-16.1.0,r.-16.1.0,r.-16.1.0,r.-16.1.0,r.-16.1.0,r.-16.1.0,r.-16.1.0,r.-16.1.0,r.-16.1.0,r.-16.1.0,r.-16.1.0,r.-16.1.0,r.-16.1.0,r.-16.1.0,r.-16.1.0,r.-16.1.0,r.-16.1.0,r.-16.1.0,r.-16.1.0,r.-16.1.0,r.-16.1.0,r.-16.1.0,r.-16.1.0,r.-16.1.0,r.-16.1.0,r.-16.1.0,r.-16.1.0,r.-16.1.0,r.-16.1.0,r.-16.1.0,r.-16.1.0,r.-16.1.0,r.-16.1.0,r.-16.1.0,r.-16.1.0,r.-16.1.0,r.-16.1.0,r.-16.1.0,r.-16.1.0,r.-16.1.0,r.-16.1.0,r.-16.1.0,r.-16.1.0,r.-16.1.0,r.-16.1.0,r.-16.1.0,r.-16.1.0,r.-16.1.0,r.-16.1.0,r.-16.1.0,r.-16.1.0,r.-16.1.0,r.-16.1.0,r.-16.1.0,r.-16.1.0,r.-16.1.0,r.-16.1.0,r.-16.1.0,r.-16.1.0,r.-16.1.0,r.-16.1.0,r.-16.1.0,r.-16.1.0,r.-16.1.0,r.-16.1.0,r.-16.1.0,r.-16.1.0,r.-16.1.0,r.-16.1.0,r.-16.1.0,r.-16.1.0,r.-16.1.0,r.-16.1.0,r.-16.1.0,r.-16.1.0,r.-16.1.0,r.-16.1.0,r.-16.1.0,r.-16.1.0,r.-16.1.0,r.-16.1.0,r.-16.1.0,,,,,,,,,,,,,,,,,,,,,
204,r.-16.1.0,r.-16.1.0,r.-16.1.0,r.-16.1.0,r.-16.1.0,r.-16.1.0,r.-16.1.0,r.-16.1.0,r.-16.1.0,r.-16.1.0,r.-16.1.0,r.-16.1.0,r.-16.1.0,r.-16.1.0,r.-16.1.0,r.-16.1.0,r.-16.1.0,r.-16.1.0,r.-16.1.0,r.-16.1.0,r.-16.1.0,r.-16.1.0,r.-16.1.0,r.-16.1.0,r.-16.1.0,r.-16.1.0,r.-16.1.0,r.-16.1.0,r.-16.1.0,r.-16.1.0,r.-16.1.0,r.-16.1.0,r.-16.1.0,r.-16.1.0,r.-16.1.0,r.-16.1.0,r.-16.1.0,r.-16.1.0,r.-16.1.0,r.-16.1.0,r.-16.1.0,r.-16.1.0,r.-16.1.0,r.-16.1.0,r.-16.1.0,r.-16.1.0,r.-16.1.0,r.-16.1.0,r.-16.1.0,r.-16.1.0,r.-16.1.0,r.-16.1.0,r.-16.1.0,r.-16.1.0,r.-16.1.0,r.-16.1.0,r.-16.1.0,r.-16.1.0,r.-16.1.0,r.-16.1.0,r.-16.1.0,r.-16.1.0,r.-16.1.0,r.-16.1.0,r.-16.1.0,r.-16.1.0,r.-16.1.0,r.-16.1.0,r.-16.1.0,r.-16.1.0,r.-16.1.0,r.-16.1.0,r.-16.1.0,r.-16.1.0,r.-16.1.0,r.-16.1.0,r.-16.1.0,r.-16.1.0,r.-16.1.0,r.-16.1.0,r.-16.1.0,r.-16.1.0,r.-16.1.0,r.-16.1.0,r.-16.1.0,r.-16.1.0,r.-16.1.0,r.-16.1.0,r.-16.1.0,r.-16.1.0,r.-16.1.0,r.-16.1.0,r.-16.1.0,r.-16.1.0,,,,,,,,,,,,,,,,,,,,,
205,r.-16.1.0,r.-16.1.0,r.-16.1.0,r.-16.1.0,r.-16.1.0,r.-16.1.0,r.-16.1.0,r.-16.1.0,r.-16.1.0,r.-16.1.0,r.-16.1.0,r.-16.1.0,r.-16.1.0,r.-16.1.0,r.-16.1.0,r.-16.1.0,r.-16.1.0,r.-16.1.0,r.-16.1.0,r.-16.1.0,r.-16.1.0,r.-16.1.0,r.-16.1.0,r.-16.1.0,r.-16.1.0,r.-16.1.0,r.-16.1.0,r.-16.1.0,r.-16.1.0,r.-16.1.0,r.-16.1.0,r.-16.1.0,r.-16.1.0,r.-16.1.0,r.-16.1.0,r.-16.1.0,r.-16.1.0,r.-16.1.0,r.-16.1.0,r.-16.1.0,r.-16.1.0,r.-16.1.0,r.-16.1.0,r.-16.1.0,r.-16.1.0,r.-16.1.0,r.-16.1.0,r.-16.1.0,r.-16.1.0,r.-16.1.0,r.-16.1.0,r.-16.1.0,r.-16.1.0,r.-16.1.0,r.-16.1.0,r.-16.1.0,r.-16.1.0,r.-16.1.0,r.-16.1.0,r.-16.1.0,r.-16.1.0,r.-16.1.0,r.-16.1.0,r.-16.1.0,r.-16.1.0,r.-16.1.0,r.-16.1.0,r.-16.1.0,r.-16.1.0,r.-16.1.0,r.-16.1.0,r.-16.1.0,r.-16.1.0,r.-16.1.0,r.-16.1.0,r.-16.1.0,r.-16.1.0,r.-16.1.0,r.-16.1.0,r.-16.1.0,r.-16.1.0,r.-16.1.0,r.-16.1.0,r.-16.1.0,r.-16.1.0,r.-16.1.0,r.-16.1.0,r.-16.1.0,r.-16.1.0,r.-16.1.0,r.-16.1.0,r.-16.1.0,r.-16.1.0,r.-16.1.0,,,,,,,,,,,,,,,,,,,,,
206,r.-16.1.0,r.-16.1.0,r.-16.1.0,r.-16.1.0,r.-16.1.0,r.-16.1.0,r.-16.1.0,r.-16.1.0,r.-16.1.0,r.-16.1.0,r.-16.1.0,r.-16.1.0,r.-16.1.0,r.-16.1.0,r.-16.1.0,r.-16.1.0,r.-16.1.0,r.-16.1.0,r.-16.1.0,r.-16.1.0,r.-16.1.0,r.-16.1.0,r.-16.1.0,r.-16.1.0,r.-16.1.0,r.-16.1.0,r.-16.1.0,r.-16.1.0,r.-16.1.0,r.-16.1.0,r.-16.1.0,r.-16.1.0,r.-16.1.0,r.-16.1.0,r.-16.1.0,r.-16.1.0,r.-16.1.0,r.-16.1.0,r.-16.1.0,r.-16.1.0,r.-16.1.0,r.-16.1.0,r.-16.1.0,r.-16.1.0,r.-16.1.0,r.-16.1.0,r.-16.1.0,r.-16.1.0,r.-16.1.0,r.-16.1.0,r.-16.1.0,r.-16.1.0,r.-16.1.0,r.-16.1.0,r.-16.1.0,r.-16.1.0,r.-16.1.0,r.-16.1.0,r.-16.1.0,r.-16.1.0,r.-16.1.0,r.-16.1.0,r.-16.1.0,r.-16.1.0,r.-16.1.0,r.-16.1.0,r.-16.1.0,r.-16.1.0,r.-16.1.0,r.-16.1.0,r.-16.1.0,r.-16.1.0,r.-16.1.0,r.-16.1.0,r.-16.1.0,r.-16.1.0,r.-16.1.0,r.-16.1.0,r.-16.1.0,r.-16.1.0,r.-16.1.0,r.-16.1.0,r.-16.1.0,r.-16.1.0,r.-16.1.0,r.-16.1.0,r.-16.1.0,r.-16.1.0,r.-16.1.0,r.-16.1.0,r.-16.1.0,r.-16.1.0,r.-16.1.0,r.-16.1.0,,,,,,,,,,,,,,,,,,,,,
207,r.-16.1.0,r.-16.1.0,r.-16.1.0,r.-16.1.0,r.-16.1.0,r.-16.1.0,r.-16.1.0,r.-16.1.0,r.-16.1.0,r.-16.1.0,r.-16.1.0,r.-16.1.0,r.-16.1.0,r.-16.1.0,r.-16.1.0,r.-16.1.0,r.-16.1.0,r.-16.1.0,r.-16.1.0,r.-16.1.0,r.-16.1.0,r.-16.1.0,r.-16.1.0,r.-16.1.0,r.-16.1.0,r.-16.1.0,r.-16.1.0,r.-16.1.0,r.-16.1.0,r.-16.1.0,r.-16.1.0,r.-16.1.0,r.-16.1.0,r.-16.1.0,r.-16.1.0,r.-16.1.0,r.-16.1.0,r.-16.1.0,r.-16.1.0,r.-16.1.0,r.-16.1.0,r.-16.1.0,r.-16.1.0,r.-16.1.0,r.-16.1.0,r.-16.1.0,r.-16.1.0,r.-16.1.0,r.-16.1.0,r.-16.1.0,r.-16.1.0,r.-16.1.0,r.-16.1.0,r.-16.1.0,r.-16.1.0,r.-16.1.0,r.-16.1.0,r.-16.1.0,r.-16.1.0,r.-16.1.0,r.-16.1.0,r.-16.1.0,r.-16.1.0,r.-16.1.0,r.-16.1.0,r.-16.1.0,r.-16.1.0,r.-16.1.0,r.-16.1.0,r.-16.1.0,r.-16.1.0,r.-16.1.0,r.-16.1.0,r.-16.1.0,r.-16.1.0,r.-16.1.0,r.-16.1.0,r.-16.1.0,r.-16.1.0,r.-16.1.0,r.-16.1.0,r.-16.1.0,r.-16.1.0,r.-16.1.0,r.-16.1.0,r.-16.1.0,r.-16.1.0,r.-16.1.0,r.-16.1.0,r.-16.1.0,r.-16.1.0,r.-16.1.0,r.-16.1.0,r.-16.1.0,,,,,,,,,,,,,,,,,,,,,
208,r.-16.1.0,r.-16.1.0,r.-16.1.0,r.-16.1.0,r.-16.1.0,r.-16.1.0,r.-16.1.0,r.-16.1.0,r.-16.1.0,r.-16.1.0,r.-16.1.0,r.-16.1.0,r.-16.1.0,r.-16.1.0,r.-16.1.0,r.-16.1.0,r.-16.1.0,r.-16.1.0,r.-16.1.0,r.-16.1.0,r.-16.1.0,r.-16.1.0,r.-16.1.0,r.-16.1.0,r.-16.1.0,r.-16.1.0,r.-16.1.0,r.-16.1.0,r.-16.1.0,r.-16.1.0,r.-16.1.0,r.-16.1.0,r.-16.1.0,r.-16.1.0,r.-16.1.0,r.-16.1.0,r.-16.1.0,r.-16.1.0,r.-16.1.0,r.-16.1.0,r.-16.1.0,r.-16.1.0,r.-16.1.0,r.-16.1.0,r.-16.1.0,r.-16.1.0,r.-16.1.0,r.-16.1.0,r.-16.1.0,r.-16.1.0,r.-16.1.0,r.-16.1.0,r.-16.1.0,r.-16.1.0,r.-16.1.0,r.-16.1.0,r.-16.1.0,r.-16.1.0,r.-16.1.0,r.-16.1.0,r.-16.1.0,r.-16.1.0,r.-16.1.0,r.-16.1.0,r.-16.1.0,r.-16.1.0,r.-16.1.0,r.-16.1.0,r.-16.1.0,r.-16.1.0,r.-16.1.0,r.-16.1.0,r.-16.1.0,r.-16.1.0,r.-16.1.0,r.-16.1.0,r.-16.1.0,r.-16.1.0,r.-16.1.0,r.-16.1.0,r.-16.1.0,r.-16.1.0,r.-16.1.0,r.-16.1.0,r.-16.1.0,r.-16.1.0,r.-16.1.0,r.-16.1.0,r.-16.1.0,r.-16.1.0,r.-16.1.0,r.-16.1.0,r.-16.1.0,r.-16.1.0,,,,,,,,,,,,,,,,,,,,,
209,r.-16.1.0,r.-16.1.0,r.-16.1.0,r.-16.1.0,r.-16.1.0,r.-16.1.0,r.-16.1.0,r.-16.1.0,r.-16.1.0,r.-16.1.0,r.-16.1.0,r.-16.1.0,r.-16.1.0,r.-16.1.0,r.-16.1.0,r.-16.1.0,r.-16.1.0,r.-16.1.0,r.-16.1.0,r.-16.1.0,r.-16.1.0,r.-16.1.0,r.-16.1.0,r.-16.1.0,r.-16.1.0,r.-16.1.0,r.-16.1.0,r.-16.1.0,r.-16.1.0,r.-16.1.0,r.-16.1.0,r.-16.1.0,r.-16.1.0,r.-16.1.0,r.-16.1.0,r.-16.1.0,r.-16.1.0,r.-16.1.0,r.-16.1.0,r.-16.1.0,r.-16.1.0,r.-16.1.0,r.-16.1.0,r.-16.1.0,r.-16.1.0,r.-16.1.0,r.-16.1.0,r.-16.1.0,r.-16.1.0,r.-16.1.0,r.-16.1.0,r.-16.1.0,r.-16.1.0,r.-16.1.0,r.-16.1.0,r.-16.1.0,r.-16.1.0,r.-16.1.0,r.-16.1.0,r.-16.1.0,r.-16.1.0,r.-16.1.0,r.-16.1.0,r.-16.1.0,r.-16.1.0,r.-16.1.0,r.-16.1.0,r.-16.1.0,r.-16.1.0,r.-16.1.0,r.-16.1.0,r.-16.1.0,r.-16.1.0,r.-16.1.0,r.-16.1.0,r.-16.1.0,r.-16.1.0,r.-16.1.0,r.-16.1.0,r.-16.1.0,r.-16.1.0,r.-16.1.0,r.-16.1.0,r.-16.1.0,r.-16.1.0,r.-16.1.0,r.-16.1.0,r.-16.1.0,r.-16.1.0,r.-16.1.0,r.-16.1.0,r.-16.1.0,r.-16.1.0,r.-16.1.0,,,,,,,,,,,,,,,,,,,,,
210,r.-16.1.0,r.-16.1.0,r.-16.1.0,r.-16.1.0,r.-16.1.0,r.-16.1.0,r.-16.1.0,r.-16.1.0,r.-16.1.0,r.-16.1.0,r.-16.1.0,r.-16.1.0,r.-16.1.0,r.-16.1.0,r.-16.1.0,r.-16.1.0,r.-16.1.0,r.-16.1.0,r.-16.1.0,r.-16.1.0,r.-16.1.0,r.-16.1.0,r.-16.1.0,r.-16.1.0,r.-16.1.0,r.-16.1.0,r.-16.1.0,r.-16.1.0,r.-16.1.0,r.-16.1.0,r.-16.1.0,r.-16.1.0,r.-16.1.0,r.-16.1.0,r.-16.1.0,r.-16.1.0,r.-16.1.0,r.-16.1.0,r.-16.1.0,r.-16.1.0,r.-16.1.0,r.-16.1.0,r.-16.1.0,r.-16.1.0,r.-16.1.0,r.-16.1.0,r.-16.1.0,r.-16.1.0,r.-16.1.0,r.-16.1.0,r.-16.1.0,r.-16.1.0,r.-16.1.0,r.-16.1.0,r.-16.1.0,r.-16.1.0,r.-16.1.0,r.-16.1.0,r.-16.1.0,r.-16.1.0,r.-16.1.0,r.-16.1.0,r.-16.1.0,r.-16.1.0,r.-16.1.0,r.-16.1.0,r.-16.1.0,r.-16.1.0,r.-16.1.0,r.-16.1.0,r.-16.1.0,r.-16.1.0,r.-16.1.0,r.-16.1.0,r.-16.1.0,r.-16.1.0,r.-16.1.0,r.-16.1.0,r.-16.1.0,r.-16.1.0,r.-16.1.0,r.-16.1.0,r.-16.1.0,r.-16.1.0,r.-16.1.0,r.-16.1.0,r.-16.1.0,r.-16.1.0,r.-16.1.0,r.-16.1.0,r.-16.1.0,r.-16.1.0,r.-16.1.0,r.-16.1.0,,,,,,,,,,,,,,,,,,,,,
211,r.-16.1.0,r.-16.1.0,r.-16.1.0,r.-16.1.0,r.-16.1.0,r.-16.1.0,r.-16.1.0,r.-16.1.0,r.-16.1.0,r.-16.1.0,r.-16.1.0,r.-16.1.0,r.-16.1.0,r.-16.1.0,r.-16.1.0,r.-16.1.0,r.-16.1.0,r.-16.1.0,r.-16.1.0,r.-16.1.0,r.-16.1.0,r.-16.1.0,r.-16.1.0,r.-16.1.0,r.-16.1.0,r.-16.1.0,r.-16.1.0,r.-16.1.0,r.-16.1.0,r.-16.1.0,r.-16.1.0,r.-16.1.0,r.-16.1.0,r.-16.1.0,r.-16.1.0,r.-16.1.0,r.-16.1.0,r.-16.1.0,r.-16.1.0,r.-16.1.0,r.-16.1.0,r.-16.1.0,r.-16.1.0,r.-16.1.0,r.-16.1.0,r.-16.1.0,r.-16.1.0,r.-16.1.0,r.-16.1.0,r.-16.1.0,r.-16.1.0,r.-16.1.0,r.-16.1.0,r.-16.1.0,r.-16.1.0,r.-16.1.0,r.-16.1.0,r.-16.1.0,r.-16.1.0,r.-16.1.0,r.-16.1.0,r.-16.1.0,r.-16.1.0,r.-16.1.0,r.-16.1.0,r.-16.1.0,r.-16.1.0,r.-16.1.0,r.-16.1.0,r.-16.1.0,r.-16.1.0,r.-16.1.0,r.-16.1.0,r.-16.1.0,r.-16.1.0,r.-16.1.0,r.-16.1.0,r.-16.1.0,r.-16.1.0,r.-16.1.0,r.-16.1.0,r.-16.1.0,r.-16.1.0,r.-16.1.0,r.-16.1.0,r.-16.1.0,r.-16.1.0,r.-16.1.0,r.-16.1.0,r.-16.1.0,r.-16.1.0,r.-16.1.0,r.-16.1.0,r.-16.1.0,,,,,,,,,,,,,,,,,,,,,
212,r.-16.1.0,r.-16.1.0,r.-16.1.0,r.-16.1.0,r.-16.1.0,r.-16.1.0,r.-16.1.0,r.-16.1.0,r.-16.1.0,r.-16.1.0,r.-16.1.0,r.-16.1.0,r.-16.1.0,r.-16.1.0,r.-16.1.0,r.-16.1.0,r.-16.1.0,r.-16.1.0,r.-16.1.0,r.-16.1.0,r.-16.1.0,r.-16.1.0,r.-16.1.0,r.-16.1.0,r.-16.1.0,r.-16.1.0,r.-16.1.0,r.-16.1.0,r.-16.1.0,r.-16.1.0,r.-16.1.0,r.-16.1.0,r.-16.1.0,r.-16.1.0,r.-16.1.0,r.-16.1.0,r.-16.1.0,r.-16.1.0,r.-16.1.0,r.-16.1.0,r.-16.1.0,r.-16.1.0,r.-16.1.0,r.-16.1.0,r.-16.1.0,r.-16.1.0,r.-16.1.0,r.-16.1.0,r.-16.1.0,r.-16.1.0,r.-16.1.0,r.-16.1.0,r.-16.1.0,r.-16.1.0,r.-16.1.0,r.-16.1.0,r.-16.1.0,r.-16.1.0,r.-16.1.0,r.-16.1.0,r.-16.1.0,r.-16.1.0,r.-16.1.0,r.-16.1.0,r.-16.1.0,r.-16.1.0,r.-16.1.0,r.-16.1.0,r.-16.1.0,r.-16.1.0,r.-16.1.0,r.-16.1.0,r.-16.1.0,r.-16.1.0,r.-16.1.0,r.-16.1.0,r.-16.1.0,r.-16.1.0,r.-16.1.0,r.-16.1.0,r.-16.1.0,r.-16.1.0,r.-16.1.0,r.-16.1.0,r.-16.1.0,r.-16.1.0,r.-16.1.0,r.-16.1.0,r.-16.1.0,r.-16.1.0,r.-16.1.0,r.-16.1.0,r.-16.1.0,r.-16.1.0,,,,,,,,,,,,,,,,,,,,,
213,p.120,p.121,p.122,p.123,p.124,p.125,p.126,p.127,p.128,p.129,p.130,p.131,p.132,p.133,p.134,p.135,p.136,p.137,p.138,p.139,p.140,p.141,p.142,p.143,p.144,p.145,p.146,p.147,p.148,p.149,p.150,p.151,p.152,p.153,p.154,p.155,p.156,p.157,p.158,p.159,p.160,p.161,p.162,p.163,r.-17.1.0,p.164,p.165,p.166,p.167,p.168,p.169,p.170,p.171,p.172,p.173,p.174,p.175,p.176,p.177,p.178,p.179,p.180,p.181,p.182,p.183,p.184,p.185,p.186,p.187,p.188,p.189,p.190,p.191,p.192,p.193,p.194,p.195,p.196,p.197,p.198,p.199,p.200,p.201,p.202,p.203,p.204,p.205,p.206,p.207,p.208,p.209,p.210,p.211,p.212,,,,,,,,,,,,,,,,,p.213,p.216,,,
214,,,,,,,,,,,,,,,,,,,,,,,,,,,,,,,,,,,,,,,,,,,,,p.215,,,,,,,,,,,,,,,,,,,,,,,,,,,,,,,,,,,,,,,,,,,,,,,,,,,,,,,,,,,,,,,,,,,,,,
215,,,,,,,,,,,,,,,,,,,,,,,,,,,,,,,,,,,,,,,,,,,,,,,,,,,,,,,,,,,,,,,,,,,,,,,,,,,,,,,,,,,,,,,,,,,,,,,r.-15.3.0,,,,,,,,,,,,,,,,,,,,
216,,,,,,,,,,,,,,,,,,,,,,,,,,,,,,,,,,,,,,,,,,,,,r.-17.2.0,,,,,,,,,,,,,,,,,,,,,,,,,,,,,,,,,,,,,,,,,,,,,,,,,,,,,,,,,,,,,,,,,,,,,,
217,r.-6.1.0/r.-13.1.0,r.-13.1.0,r.-13.1.0,r.-13.1.0,r.-13.1.0,r.-13.1.0,r.-13.1.0,r.-13.1.0,r.-13.1.0,r.-13.1.0,r.-13.1.0,,r.-13.1.0/r.-6.1.0,r.-13.1.0,r.-13.1.0,r.-13.1.0,r.-13.1.0,r.-13.1.0,r.-13.1.0,r.-13.1.0,r.-13.1.0,r.-13.1.0,r.-13.1.0,r.-13.1.0,r.-13.1.0,r.-13.1.0,r.-13.1.0,r.-13.1.0,r.-13.1.0,r.-13.1.0,r.-13.1.0,r.-13.1.0,r.-13.1.0,r.-13.1.0,r.-13.1.0,r.-13.1.0,r.-13.1.0,r.-13.1.0,r.-13.1.0,r.-13.1.0/r.-6.1.0,r.-13.1.0,r.-13.1.0,r.-13.1.0,r.-13.1.0,,,,,,,,,,,,,,,,,,,,,,,,,,,,,,,,,,,,,,,,,,,,,,,,,,,,,,,,,,,,,,,,,,,,,,,
218,p.217,r.-14.0.4,r.-14.0.4,r.-14.0.4,r.-14.0.4,r.-14.0.4,r.-14.0.4,r.-14.0.4,r.-14.0.4,r.-14.0.4,r.-14.0.4,p.218,r.-8.0.2,p.219,p.220,p.221,p.222,p.223,p.224,p.225,p.226,p.227,p.228,p.229,p.230,p.231,p.232,p.233,p.234,p.235,p.236,p.237,p.238,p.239,p.240,p.241,p.242,p.243,p.244,,p.245,p.246,p.247,p.248,p.249,,,,,,,,,,,,,,,,,,,,,,,,,,,,,,,,,,,,,,,,,,,,,,,,,,,,p.250,,,,p.251,p.541,p.542,p.254,p.255,,p.256,p.257,p.258,p.259,,,p.260,,p.261
219,r.-9.1.0,r.-9.1.0,r.-9.1.0,r.-9.1.0,r.-9.1.0,r.-9.1.0,r.-9.1.0,r.-9.1.0,r.-9.1.0,r.-9.1.0,r.-9.1.0,,r.-9.1.0,r.-9.1.0,r.-9.1.0,r.-9.1.0,r.-9.1.0,r.-9.1.0,r.-9.1.0,r.-9.1.0,r.-9.1.0,r.-9.1.0,r.-9.1.0,r.-9.1.0,r.-9.1.0,r.-9.1.0,r.-9.1.0,r.-9.1.0,r.-9.1.0,r.-9.1.0,r.-9.1.0,r.-9.1.0,r.-9.1.0,r.-9.1.0,r.-9.1.0,r.-9.1.0,r.-9.1.0,r.-9.1.0,r.-9.1.0,r.-9.1.0,r.-9.1.0,r.-9.1.0,r.-9.1.0,r.-9.1.0,,,,,,,,,,,,,,,,,,,,,,,,,,,,,,,,,,,,,,,,,,,,,,,,,,,,,,,,,,,,,,,,,,,,,,,
220,r.-9.1.0,r.-9.1.0,r.-9.1.0,r.-9.1.0,r.-9.1.0,r.-9.1.0,r.-9.1.0,r.-9.1.0,r.-9.1.0,r.-9.1.0,r.-9.1.0,,r.-9.1.0,r.-9.1.0,r.-9.1.0,r.-9.1.0,r.-9.1.0,r.-9.1.0,r.-9.1.0,r.-9.1.0,r.-9.1.0,r.-9.1.0,r.-9.1.0,r.-9.1.0,r.-9.1.0,r.-9.1.0,r.-9.1.0,r.-9.1.0,r.-9.1.0,r.-9.1.0,r.-9.1.0,r.-9.1.0,r.-9.1.0,r.-9.1.0,r.-9.1.0,r.-9.1.0,r.-9.1.0,r.-9.1.0,r.-9.1.0,r.-9.1.0,r.-9.1.0,r.-9.1.0,r.-9.1.0,r.-9.1.0,,,,,,,,,,,,,,,,,,,,,,,,,,,,,,,,,,,,,,,,,,,,,,,,,,,,,,,,,,,,,,,,,,,,,,,
221,r.-9.1.0,r.-9.1.0,r.-9.1.0,r.-9.1.0,r.-9.1.0,r.-9.1.0,r.-9.1.0,r.-9.1.0,r.-9.1.0,r.-9.1.0,r.-9.1.0,,r.-9.1.0,r.-9.1.0,r.-9.1.0,r.-9.1.0,r.-9.1.0,r.-9.1.0,r.-9.1.0,r.-9.1.0,r.-9.1.0,r.-9.1.0,r.-9.1.0,r.-9.1.0,r.-9.1.0,r.-9.1.0,r.-9.1.0,r.-9.1.0,r.-9.1.0,r.-9.1.0,r.-9.1.0,r.-9.1.0,r.-9.1.0,r.-9.1.0,r.-9.1.0,r.-9.1.0,r.-9.1.0,r.-9.1.0,r.-9.1.0,r.-9.1.0,r.-9.1.0,r.-9.1.0,r.-9.1.0,r.-9.1.0,,,,,,,,,,,,,,,,,,,,,,,,,,,,,,,,,,,,,,,,,,,,,,,,,,,,,,,,,,,,,,,,,,,,,,,
222,r.-9.1.0,r.-9.1.0,r.-9.1.0,r.-9.1.0,r.-9.1.0,r.-9.1.0,r.-9.1.0,r.-9.1.0,r.-9.1.0,r.-9.1.0,r.-9.1.0,,r.-9.1.0,r.-9.1.0,r.-9.1.0,r.-9.1.0,r.-9.1.0,r.-9.1.0,r.-9.1.0,r.-9.1.0,r.-9.1.0,r.-9.1.0,r.-9.1.0,r.-9.1.0,r.-9.1.0,r.-9.1.0,r.-9.1.0,r.-9.1.0,r.-9.1.0,r.-9.1.0,r.-9.1.0,r.-9.1.0,r.-9.1.0,r.-9.1.0,r.-9.1.0,r.-9.1.0,r.-9.1.0,r.-9.1.0,r.-9.1.0,r.-9.1.0,r.-9.1.0,r.-9.1.0,r.-9.1.0,r.-9.1.0,,,,,,,,,,,,,,,,,,,,,,,,,,,,,,,,,,,,,,,,,,,,,,,,,,,,,,,,,,,,,,,,,,,,,,,
223,r.-9.1.0,r.-9.1.0,r.-9.1.0,r.-9.1.0,r.-9.1.0,r.-9.1.0,r.-9.1.0,r.-9.1.0,r.-9.1.0,r.-9.1.0,r.-9.1.0,,r.-9.1.0,r.-9.1.0,r.-9.1.0,r.-9.1.0,r.-9.1.0,r.-9.1.0,r.-9.1.0,r.-9.1.0,r.-9.1.0,r.-9.1.0,r.-9.1.0,r.-9.1.0,r.-9.1.0,r.-9.1.0,r.-9.1.0,r.-9.1.0,r.-9.1.0,r.-9.1.0,r.-9.1.0,r.-9.1.0,r.-9.1.0,r.-9.1.0,r.-9.1.0,r.-9.1.0,r.-9.1.0,r.-9.1.0,r.-9.1.0,r.-9.1.0,r.-9.1.0,r.-9.1.0,r.-9.1.0,r.-9.1.0,,,,,,,,,,,,,,,,,,,,,,,,,,,,,,,,,,,,,,,,,,,,,,,,,,,,,,,,,,,,,,,,,,,,,,,
224,r.-9.1.0,r.-9.1.0,r.-9.1.0,r.-9.1.0,r.-9.1.0,r.-9.1.0,r.-9.1.0,r.-9.1.0,r.-9.1.0,r.-9.1.0,r.-9.1.0,,r.-9.1.0,r.-9.1.0,r.-9.1.0,r.-9.1.0,r.-9.1.0,r.-9.1.0,r.-9.1.0,r.-9.1.0,r.-9.1.0,r.-9.1.0,r.-9.1.0,r.-9.1.0,r.-9.1.0,r.-9.1.0,r.-9.1.0,r.-9.1.0,r.-9.1.0,r.-9.1.0,r.-9.1.0,r.-9.1.0,r.-9.1.0,r.-9.1.0,r.-9.1.0,r.-9.1.0,r.-9.1.0,r.-9.1.0,r.-9.1.0,r.-9.1.0,r.-9.1.0,r.-9.1.0,r.-9.1.0,r.-9.1.0,,,,,,,,,,,,,,,,,,,,,,,,,,,,,,,,,,,,,,,,,,,,,,,,,,,,,,,,,,,,,,,,,,,,,,,
225,r.-9.1.0,r.-9.1.0,r.-9.1.0,r.-9.1.0,r.-9.1.0,r.-9.1.0,r.-9.1.0,r.-9.1.0,r.-9.1.0,r.-9.1.0,r.-9.1.0,,r.-9.1.0,r.-9.1.0,r.-9.1.0,r.-9.1.0,r.-9.1.0,r.-9.1.0,r.-9.1.0,r.-9.1.0,r.-9.1.0,r.-9.1.0,r.-9.1.0,r.-9.1.0,r.-9.1.0,r.-9.1.0,r.-9.1.0,r.-9.1.0,r.-9.1.0,r.-9.1.0,r.-9.1.0,r.-9.1.0,r.-9.1.0,r.-9.1.0,r.-9.1.0,r.-9.1.0,r.-9.1.0,r.-9.1.0,r.-9.1.0,r.-9.1.0,r.-9.1.0,r.-9.1.0,r.-9.1.0,r.-9.1.0,,,,,,,,,,,,,,,,,,,,,,,,,,,,,,,,,,,,,,,,,,,,,,,,,,,,,,,,,,,,,,,,,,,,,,,
226,r.-9.1.0,r.-9.1.0,r.-9.1.0,r.-9.1.0,r.-9.1.0,r.-9.1.0,r.-9.1.0,r.-9.1.0,r.-9.1.0,r.-9.1.0,r.-9.1.0,,r.-9.1.0,r.-9.1.0,r.-9.1.0,r.-9.1.0,r.-9.1.0,r.-9.1.0,r.-9.1.0,r.-9.1.0,r.-9.1.0,r.-9.1.0,r.-9.1.0,r.-9.1.0,r.-9.1.0,r.-9.1.0,r.-9.1.0,r.-9.1.0,r.-9.1.0,r.-9.1.0,r.-9.1.0,r.-9.1.0,r.-9.1.0,r.-9.1.0,r.-9.1.0,r.-9.1.0,r.-9.1.0,r.-9.1.0,r.-9.1.0,r.-9.1.0,r.-9.1.0,r.-9.1.0,r.-9.1.0,r.-9.1.0,,,,,,,,,,,,,,,,,,,,,,,,,,,,,,,,,,,,,,,,,,,,,,,,,,,,,,,,,,,,,,,,,,,,,,,
227,r.-9.1.0,r.-9.1.0,r.-9.1.0,r.-9.1.0,r.-9.1.0,r.-9.1.0,r.-9.1.0,r.-9.1.0,r.-9.1.0,r.-9.1.0,r.-9.1.0,,r.-9.1.0,r.-9.1.0,r.-9.1.0,r.-9.1.0,r.-9.1.0,r.-9.1.0,r.-9.1.0,r.-9.1.0,r.-9.1.0,r.-9.1.0,r.-9.1.0,r.-9.1.0,r.-9.1.0,r.-9.1.0,r.-9.1.0,r.-9.1.0,r.-9.1.0,r.-9.1.0,r.-9.1.0,r.-9.1.0,r.-9.1.0,r.-9.1.0,r.-9.1.0,r.-9.1.0,r.-9.1.0,r.-9.1.0,r.-9.1.0,r.-9.1.0,r.-9.1.0,r.-9.1.0,r.-9.1.0,r.-9.1.0,,,,,,,,,,,,,,,,,,,,,,,,,,,,,,,,,,,,,,,,,,,,,,,,,,,,,,,,,,,,,,,,,,,,,,,
228,r.-9.1.0,r.-9.1.0,r.-9.1.0,r.-9.1.0,r.-9.1.0,r.-9.1.0,r.-9.1.0,r.-9.1.0,r.-9.1.0,r.-9.1.0,r.-9.1.0,,r.-9.1.0,r.-9.1.0,r.-9.1.0,r.-9.1.0,r.-9.1.0,r.-9.1.0,r.-9.1.0,r.-9.1.0,r.-9.1.0,r.-9.1.0,r.-9.1.0,r.-9.1.0,r.-9.1.0,r.-9.1.0,r.-9.1.0,r.-9.1.0,r.-9.1.0,r.-9.1.0,r.-9.1.0,r.-9.1.0,r.-9.1.0,r.-9.1.0,r.-9.1.0,r.-9.1.0,r.-9.1.0,r.-9.1.0,r.-9.1.0,r.-9.1.0,r.-9.1.0,r.-9.1.0,r.-9.1.0,r.-9.1.0,,,,,,,,,,,,,,,,,,,,,,,,,,,,,,,,,,,,,,,,,,,,,,,,,,,,,,,,,,,,,,,,,,,,,,,
229,r.-9.1.0,r.-9.1.0,r.-9.1.0,r.-9.1.0,r.-9.1.0,r.-9.1.0,r.-9.1.0,r.-9.1.0,r.-9.1.0,r.-9.1.0,r.-9.1.0,,r.-9.1.0,r.-9.1.0,r.-9.1.0,r.-9.1.0,r.-9.1.0,r.-9.1.0,r.-9.1.0,r.-9.1.0,r.-9.1.0,r.-9.1.0,r.-9.1.0,r.-9.1.0,r.-9.1.0,r.-9.1.0,r.-9.1.0,r.-9.1.0,r.-9.1.0,r.-9.1.0,r.-9.1.0,r.-9.1.0,r.-9.1.0,r.-9.1.0,r.-9.1.0,r.-9.1.0,r.-9.1.0,r.-9.1.0,r.-9.1.0,r.-9.1.0,r.-9.1.0,r.-9.1.0,r.-9.1.0,r.-9.1.0,,,,,,,,,,,,,,,,,,,,,,,,,,,,,,,,,,,,,,,,,,,,,,,,,,,,,,,,,,,,,,,,,,,,,,,
230,r.-9.1.0,r.-9.1.0,r.-9.1.0,r.-9.1.0,r.-9.1.0,r.-9.1.0,r.-9.1.0,r.-9.1.0,r.-9.1.0,r.-9.1.0,r.-9.1.0,,r.-9.1.0,r.-9.1.0,r.-9.1.0,r.-9.1.0,r.-9.1.0,r.-9.1.0,r.-9.1.0,r.-9.1.0,r.-9.1.0,r.-9.1.0,r.-9.1.0,r.-9.1.0,r.-9.1.0,r.-9.1.0,r.-9.1.0,r.-9.1.0,r.-9.1.0,r.-9.1.0,r.-9.1.0,r.-9.1.0,r.-9.1.0,r.-9.1.0,r.-9.1.0,r.-9.1.0,r.-9.1.0,r.-9.1.0,r.-9.1.0,r.-9.1.0,r.-9.1.0,r.-9.1.0,r.-9.1.0,r.-9.1.0,,,,,,,,,,,,,,,,,,,,,,,,,,,,,,,,,,,,,,,,,,,,,,,,,,,,,,,,,,,,,,,,,,,,,,,
231,r.-9.1.0,r.-9.1.0,r.-9.1.0,r.-9.1.0,r.-9.1.0,r.-9.1.0,r.-9.1.0,r.-9.1.0,r.-9.1.0,r.-9.1.0,r.-9.1.0,,r.-9.1.0,r.-9.1.0,r.-9.1.0,r.-9.1.0,r.-9.1.0,r.-9.1.0,r.-9.1.0,r.-9.1.0,r.-9.1.0,r.-9.1.0,r.-9.1.0,r.-9.1.0,r.-9.1.0,r.-9.1.0,r.-9.1.0,r.-9.1.0,r.-9.1.0,r.-9.1.0,r.-9.1.0,r.-9.1.0,r.-9.1.0,r.-9.1.0,r.-9.1.0,r.-9.1.0,r.-9.1.0,r.-9.1.0,r.-9.1.0,r.-9.1.0,r.-9.1.0,r.-9.1.0,r.-9.1.0,r.-9.1.0,,,,,,,,,,,,,,,,,,,,,,,,,,,,,,,,,,,,,,,,,,,,,,,,,,,,,,,,,,,,,,,,,,,,,,,
232,r.-9.1.0,r.-9.1.0,r.-9.1.0,r.-9.1.0,r.-9.1.0,r.-9.1.0,r.-9.1.0,r.-9.1.0,r.-9.1.0,r.-9.1.0,r.-9.1.0,,r.-9.1.0,r.-9.1.0,r.-9.1.0,r.-9.1.0,r.-9.1.0,r.-9.1.0,r.-9.1.0,r.-9.1.0,r.-9.1.0,r.-9.1.0,r.-9.1.0,r.-9.1.0,r.-9.1.0,r.-9.1.0,r.-9.1.0,r.-9.1.0,r.-9.1.0,r.-9.1.0,r.-9.1.0,r.-9.1.0,r.-9.1.0,r.-9.1.0,r.-9.1.0,r.-9.1.0,r.-9.1.0,r.-9.1.0,r.-9.1.0,r.-9.1.0,r.-9.1.0,r.-9.1.0,r.-9.1.0,r.-9.1.0,,,,,,,,,,,,,,,,,,,,,,,,,,,,,,,,,,,,,,,,,,,,,,,,,,,,,,,,,,,,,,,,,,,,,,,
233,r.-9.1.0,r.-9.1.0,r.-9.1.0,r.-9.1.0,r.-9.1.0,r.-9.1.0,r.-9.1.0,r.-9.1.0,r.-9.1.0,r.-9.1.0,r.-9.1.0,,r.-9.1.0,r.-9.1.0,r.-9.1.0,r.-9.1.0,r.-9.1.0,r.-9.1.0,r.-9.1.0,r.-9.1.0,r.-9.1.0,r.-9.1.0,r.-9.1.0,r.-9.1.0,r.-9.1.0,r.-9.1.0,r.-9.1.0,r.-9.1.0,r.-9.1.0,r.-9.1.0,r.-9.1.0,r.-9.1.0,r.-9.1.0,r.-9.1.0,r.-9.1.0,r.-9.1.0,r.-9.1.0,r.-9.1.0,r.-9.1.0,r.-9.1.0,r.-9.1.0,r.-9.1.0,r.-9.1.0,r.-9.1.0,,,,,,,,,,,,,,,,,,,,,,,,,,,,,,,,,,,,,,,,,,,,,,,,,,,,,,,,,,,,,,,,,,,,,,,
234,r.-9.1.0,r.-9.1.0,r.-9.1.0,r.-9.1.0,r.-9.1.0,r.-9.1.0,r.-9.1.0,r.-9.1.0,r.-9.1.0,r.-9.1.0,r.-9.1.0,,r.-9.1.0,r.-9.1.0,r.-9.1.0,r.-9.1.0,r.-9.1.0,r.-9.1.0,r.-9.1.0,r.-9.1.0,r.-9.1.0,r.-9.1.0,r.-9.1.0,r.-9.1.0,r.-9.1.0,r.-9.1.0,r.-9.1.0,r.-9.1.0,r.-9.1.0,r.-9.1.0,r.-9.1.0,r.-9.1.0,r.-9.1.0,r.-9.1.0,r.-9.1.0,r.-9.1.0,r.-9.1.0,r.-9.1.0,r.-9.1.0,r.-9.1.0,r.-9.1.0,r.-9.1.0,r.-9.1.0,r.-9.1.0,,,,,,,,,,,,,,,,,,,,,,,,,,,,,,,,,,,,,,,,,,,,,,,,,,,,,,,,,,,,,,,,,,,,,,,
235,r.-9.1.0,r.-9.1.0,r.-9.1.0,r.-9.1.0,r.-9.1.0,r.-9.1.0,r.-9.1.0,r.-9.1.0,r.-9.1.0,r.-9.1.0,r.-9.1.0,,r.-9.1.0,r.-9.1.0,r.-9.1.0,r.-9.1.0,r.-9.1.0,r.-9.1.0,r.-9.1.0,r.-9.1.0,r.-9.1.0,r.-9.1.0,r.-9.1.0,r.-9.1.0,r.-9.1.0,r.-9.1.0,r.-9.1.0,r.-9.1.0,r.-9.1.0,r.-9.1.0,r.-9.1.0,r.-9.1.0,r.-9.1.0,r.-9.1.0,r.-9.1.0,r.-9.1.0,r.-9.1.0,r.-9.1.0,r.-9.1.0,r.-9.1.0,r.-9.1.0,r.-9.1.0,r.-9.1.0,r.-9.1.0,,,,,,,,,,,,,,,,,,,,,,,,,,,,,,,,,,,,,,,,,,,,,,,,,,,,,,,,,,,,,,,,,,,,,,,
236,r.-9.1.0,r.-9.1.0,r.-9.1.0,r.-9.1.0,r.-9.1.0,r.-9.1.0,r.-9.1.0,r.-9.1.0,r.-9.1.0,r.-9.1.0,r.-9.1.0,,r.-9.1.0,r.-9.1.0,r.-9.1.0,r.-9.1.0,r.-9.1.0,r.-9.1.0,r.-9.1.0,r.-9.1.0,r.-9.1.0,r.-9.1.0,r.-9.1.0,r.-9.1.0,r.-9.1.0,r.-9.1.0,r.-9.1.0,r.-9.1.0,r.-9.1.0,r.-9.1.0,r.-9.1.0,r.-9.1.0,r.-9.1.0,r.-9.1.0,r.-9.1.0,r.-9.1.0,r.-9.1.0,r.-9.1.0,r.-9.1.0,r.-9.1.0,r.-9.1.0,r.-9.1.0,r.-9.1.0,r.-9.1.0,,,,,,,,,,,,,,,,,,,,,,,,,,,,,,,,,,,,,,,,,,,,,,,,,,,,,,,,,,,,,,,,,,,,,,,
237,r.-9.1.0,r.-9.1.0,r.-9.1.0,r.-9.1.0,r.-9.1.0,r.-9.1.0,r.-9.1.0,r.-9.1.0,r.-9.1.0,r.-9.1.0,r.-9.1.0,,r.-9.1.0,r.-9.1.0,r.-9.1.0,r.-9.1.0,r.-9.1.0,r.-9.1.0,r.-9.1.0,r.-9.1.0,r.-9.1.0,r.-9.1.0,r.-9.1.0,r.-9.1.0,r.-9.1.0,r.-9.1.0,r.-9.1.0,r.-9.1.0,r.-9.1.0,r.-9.1.0,r.-9.1.0,r.-9.1.0,r.-9.1.0,r.-9.1.0,r.-9.1.0,r.-9.1.0,r.-9.1.0,r.-9.1.0,r.-9.1.0,r.-9.1.0,r.-9.1.0,r.-9.1.0,r.-9.1.0,r.-9.1.0,,,,,,,,,,,,,,,,,,,,,,,,,,,,,,,,,,,,,,,,,,,,,,,,,,,,,,,,,,,,,,,,,,,,,,,
238,r.-9.1.0,r.-9.1.0,r.-9.1.0,r.-9.1.0,r.-9.1.0,r.-9.1.0,r.-9.1.0,r.-9.1.0,r.-9.1.0,r.-9.1.0,r.-9.1.0,,r.-9.1.0,r.-9.1.0,r.-9.1.0,r.-9.1.0,r.-9.1.0,r.-9.1.0,r.-9.1.0,r.-9.1.0,r.-9.1.0,r.-9.1.0,r.-9.1.0,r.-9.1.0,r.-9.1.0,r.-9.1.0,r.-9.1.0,r.-9.1.0,r.-9.1.0,r.-9.1.0,r.-9.1.0,r.-9.1.0,r.-9.1.0,r.-9.1.0,r.-9.1.0,r.-9.1.0,r.-9.1.0,r.-9.1.0,r.-9.1.0,r.-9.1.0,r.-9.1.0,r.-9.1.0,r.-9.1.0,r.-9.1.0,,,,,,,,,,,,,,,,,,,,,,,,,,,,,,,,,,,,,,,,,,,,,,,,,,,,,,,,,,,,,,,,,,,,,,,
239,r.-9.1.0,r.-9.1.0,r.-9.1.0,r.-9.1.0,r.-9.1.0,r.-9.1.0,r.-9.1.0,r.-9.1.0,r.-9.1.0,r.-9.1.0,r.-9.1.0,,r.-9.1.0,r.-9.1.0,r.-9.1.0,r.-9.1.0,r.-9.1.0,r.-9.1.0,r.-9.1.0,r.-9.1.0,r.-9.1.0,r.-9.1.0,r.-9.1.0,r.-9.1.0,r.-9.1.0,r.-9.1.0,r.-9.1.0,r.-9.1.0,r.-9.1.0,r.-9.1.0,r.-9.1.0,r.-9.1.0,r.-9.1.0,r.-9.1.0,r.-9.1.0,r.-9.1.0,r.-9.1.0,r.-9.1.0,r.-9.1.0,r.-9.1.0,r.-9.1.0,r.-9.1.0,r.-9.1.0,r.-9.1.0,,,,,,,,,,,,,,,,,,,,,,,,,,,,,,,,,,,,,,,,,,,,,,,,,,,,,,,,,,,,,,,,,,,,,,,
240,r.-9.1.0,r.-9.1.0,r.-9.1.0,r.-9.1.0,r.-9.1.0,r.-9.1.0,r.-9.1.0,r.-9.1.0,r.-9.1.0,r.-9.1.0,r.-9.1.0,,r.-9.1.0,r.-9.1.0,r.-9.1.0,r.-9.1.0,r.-9.1.0,r.-9.1.0,r.-9.1.0,r.-9.1.0,r.-9.1.0,r.-9.1.0,r.-9.1.0,r.-9.1.0,r.-9.1.0,r.-9.1.0,r.-9.1.0,r.-9.1.0,r.-9.1.0,r.-9.1.0,r.-9.1.0,r.-9.1.0,r.-9.1.0,r.-9.1.0,r.-9.1.0,r.-9.1.0,r.-9.1.0,r.-9.1.0,r.-9.1.0,r.-9.1.0,r.-9.1.0,r.-9.1.0,r.-9.1.0,r.-9.1.0,,,,,,,,,,,,,,,,,,,,,,,,,,,,,,,,,,,,,,,,,,,,,,,,,,,,,,,,,,,,,,,,,,,,,,,
241,r.-9.1.0,r.-9.1.0,r.-9.1.0,r.-9.1.0,r.-9.1.0,r.-9.1.0,r.-9.1.0,r.-9.1.0,r.-9.1.0,r.-9.1.0,r.-9.1.0,,r.-9.1.0,r.-9.1.0,r.-9.1.0,r.-9.1.0,r.-9.1.0,r.-9.1.0,r.-9.1.0,r.-9.1.0,r.-9.1.0,r.-9.1.0,r.-9.1.0,r.-9.1.0,r.-9.1.0,r.-9.1.0,r.-9.1.0,r.-9.1.0,r.-9.1.0,r.-9.1.0,r.-9.1.0,r.-9.1.0,r.-9.1.0,r.-9.1.0,r.-9.1.0,r.-9.1.0,r.-9.1.0,r.-9.1.0,r.-9.1.0,r.-9.1.0,r.-9.1.0,r.-9.1.0,r.-9.1.0,r.-9.1.0,,,,,,,,,,,,,,,,,,,,,,,,,,,,,,,,,,,,,,,,,,,,,,,,,,,,,,,,,,,,,,,,,,,,,,,
242,r.-9.1.0,r.-9.1.0,r.-9.1.0,r.-9.1.0,r.-9.1.0,r.-9.1.0,r.-9.1.0,r.-9.1.0,r.-9.1.0,r.-9.1.0,r.-9.1.0,,r.-9.1.0,r.-9.1.0,r.-9.1.0,r.-9.1.0,r.-9.1.0,r.-9.1.0,r.-9.1.0,r.-9.1.0,r.-9.1.0,r.-9.1.0,r.-9.1.0,r.-9.1.0,r.-9.1.0,r.-9.1.0,r.-9.1.0,r.-9.1.0,r.-9.1.0,r.-9.1.0,r.-9.1.0,r.-9.1.0,r.-9.1.0,r.-9.1.0,r.-9.1.0,r.-9.1.0,r.-9.1.0,r.-9.1.0,r.-9.1.0,r.-9.1.0,r.-9.1.0,r.-9.1.0,r.-9.1.0,r.-9.1.0,,,,,,,,,,,,,,,,,,,,,,,,,,,,,,,,,,,,,,,,,,,,,,,,,,,,,,,,,,,,,,,,,,,,,,,
243,r.-9.1.0,r.-9.1.0,r.-9.1.0,r.-9.1.0,r.-9.1.0,r.-9.1.0,r.-9.1.0,r.-9.1.0,r.-9.1.0,r.-9.1.0,r.-9.1.0,,r.-9.1.0,r.-9.1.0,r.-9.1.0,r.-9.1.0,r.-9.1.0,r.-9.1.0,r.-9.1.0,r.-9.1.0,r.-9.1.0,r.-9.1.0,r.-9.1.0,r.-9.1.0,r.-9.1.0,r.-9.1.0,r.-9.1.0,r.-9.1.0,r.-9.1.0,r.-9.1.0,r.-9.1.0,r.-9.1.0,r.-9.1.0,r.-9.1.0,r.-9.1.0,r.-9.1.0,r.-9.1.0,r.-9.1.0,r.-9.1.0,r.-9.1.0,r.-9.1.0,r.-9.1.0,r.-9.1.0,r.-9.1.0,,,,,,,,,,,,,,,,,,,,,,,,,,,,,,,,,,,,,,,,,,,,,,,,,,,,,,,,,,,,,,,,,,,,,,,
244,r.-9.1.0,r.-9.1.0,r.-9.1.0,r.-9.1.0,r.-9.1.0,r.-9.1.0,r.-9.1.0,r.-9.1.0,r.-9.1.0,r.-9.1.0,r.-9.1.0,,r.-9.1.0,r.-9.1.0,r.-9.1.0,r.-9.1.0,r.-9.1.0,r.-9.1.0,r.-9.1.0,r.-9.1.0,r.-9.1.0,r.-9.1.0,r.-9.1.0,r.-9.1.0,r.-9.1.0,r.-9.1.0,r.-9.1.0,r.-9.1.0,r.-9.1.0,r.-9.1.0,r.-9.1.0,r.-9.1.0,r.-9.1.0,r.-9.1.0,r.-9.1.0,r.-9.1.0,r.-9.1.0,r.-9.1.0,r.-9.1.0,r.-9.1.0,r.-9.1.0,r.-9.1.0,r.-9.1.0,r.-9.1.0,,,,,,,,,,,,,,,,,,,,,,,,,,,,,,,,,,,,,,,,,,,,,,,,,,,,,,,,,,,,,,,,,,,,,,,
245,r.-13.1.0,r.-13.1.0/r.-14.1.0,r.-13.1.0/r.-14.1.0,r.-13.1.0/r.-14.1.0,r.-14.1.0/r.-13.1.0,r.-13.1.0/r.-14.1.0,r.-13.1.0/r.-14.1.0,r.-13.1.0/r.-14.1.0,r.-13.1.0/r.-14.1.0,r.-14.1.0/r.-13.1.0,r.-13.1.0/r.-14.1.0,,r.-13.1.0,r.-13.1.0,r.-13.1.0,r.-13.1.0,r.-13.1.0,r.-13.1.0,r.-13.1.0,r.-13.1.0,r.-13.1.0,r.-13.1.0,r.-13.1.0,r.-13.1.0,r.-13.1.0,r.-13.1.0,r.-13.1.0,r.-13.1.0,r.-13.1.0,r.-13.1.0,r.-13.1.0,r.-13.1.0,r.-13.1.0,r.-13.1.0,r.-13.1.0,r.-13.1.0,r.-13.1.0,r.-13.1.0,r.-13.1.0,r.-13.1.0,r.-13.1.0,r.-13.1.0,r.-13.1.0,r.-13.1.0,,,,,,,,,,,,,,,,,,,,,,,,,,,,,,,,,,,,,,,,,,,,,,,,,,,,,,,,,,,,,,,,,,,,,,,
246,r.-13.1.0,r.-13.1.0/r.-14.1.0,r.-13.1.0/r.-14.1.0,r.-13.1.0/r.-14.1.0,r.-13.1.0/r.-14.1.0,r.-13.1.0/r.-14.1.0,r.-14.1.0/r.-13.1.0,r.-14.1.0/r.-13.1.0,r.-14.1.0/r.-13.1.0,r.-14.1.0/r.-13.1.0,r.-14.1.0/r.-13.1.0,,r.-13.1.0,r.-13.1.0,r.-13.1.0,r.-13.1.0,r.-13.1.0,r.-13.1.0,r.-13.1.0,r.-13.1.0,r.-13.1.0,r.-13.1.0,r.-13.1.0,r.-13.1.0,r.-13.1.0,r.-13.1.0,r.-13.1.0,r.-13.1.0,r.-13.1.0,r.-13.1.0,r.-13.1.0,r.-13.1.0,r.-13.1.0,r.-13.1.0,r.-13.1.0,r.-13.1.0,r.-13.1.0,r.-13.1.0,r.-13.1.0,r.-13.1.0,r.-13.1.0,r.-13.1.0,r.-13.1.0,r.-13.1.0,,,,,,,,,,,,,,,,,,,,,,,,,,,,,,,,,,,,,,,,,,,,,,,,,,,,,,,,,,,,,,,,,,,,,,,
247,r.-13.1.0,r.-13.1.0,r.-13.1.0,r.-13.1.0,r.-13.1.0,r.-13.1.0,r.-13.1.0,r.-13.1.0,r.-13.1.0,r.-13.1.0,r.-13.1.0,,r.-13.1.0,r.-13.1.0,r.-13.1.0,r.-13.1.0,r.-13.1.0,r.-13.1.0,r.-13.1.0,r.-13.1.0,r.-13.1.0,r.-13.1.0,r.-13.1.0,r.-13.1.0,r.-13.1.0,r.-13.1.0,r.-13.1.0,r.-13.1.0,r.-13.1.0,r.-13.1.0,r.-13.1.0,r.-13.1.0,r.-13.1.0,r.-13.1.0,r.-13.1.0,r.-13.1.0,r.-13.1.0,r.-13.1.0,r.-13.1.0,r.-13.1.0,r.-13.1.0,r.-13.1.0,r.-13.1.0,r.-13.1.0,,,,,,,,,,,,,,,,,,,,,,,,,,,,,,,,,,,,,,,,,,,,,,,,,,,,,,,,,,,,,,,,,,,,,,,
248,r.-13.1.0,r.-13.1.0,r.-13.1.0,r.-13.1.0,r.-13.1.0,r.-13.1.0,r.-13.1.0,r.-13.1.0,r.-13.1.0,r.-13.1.0,r.-13.1.0,,r.-13.1.0,r.-13.1.0,r.-13.1.0,r.-13.1.0,r.-13.1.0,r.-13.1.0,r.-13.1.0,r.-13.1.0,r.-13.1.0,r.-13.1.0,r.-13.1.0,r.-13.1.0,r.-13.1.0,r.-13.1.0,r.-13.1.0,r.-13.1.0,r.-13.1.0,r.-13.1.0,r.-13.1.0,r.-13.1.0,r.-13.1.0,r.-13.1.0,r.-13.1.0,r.-13.1.0,r.-13.1.0,r.-13.1.0,r.-13.1.0,r.-13.1.0,r.-13.1.0,r.-13.1.0,r.-13.1.0,r.-13.1.0,,,,,,,,,,,,,,,,,,,,,,,,,,,,,,,,,,,,,,,,,,,,,,,,,,,,,,,,,,,,,,,,,,,,,,,
249,p.120,p.121,p.122,p.123,p.124,p.125,p.126,p.127,p.128,p.129,p.130,p.131,p.132,p.133,p.134,p.135,p.136,p.137,p.138,p.139,p.140,p.141,p.142,p.143,p.144,p.145,p.146,p.147,p.148,p.149,p.150,p.151,p.152,p.153,p.154,p.155,p.156,p.157,p.158,p.159,p.160,p.161,p.162,p.163,,p.164,p.165,p.166,p.167,p.168,p.169,p.170,p.171,p.172,p.173,p.174,p.175,p.176,p.177,p.178,p.179,p.180,p.181,p.182,p.183,p.184,p.185,p.186,p.187,p.188,p.189,p.190,p.191,p.192,p.193,p.194,p.195,p.196,p.197,p.198,p.199,p.200,p.201,p.202,p.203,p.204,p.205,p.206,p.207,p.208,p.209,p.210,p.211,p.212,,,,,,,,,,,,,,,,,p.213,p.539,,,
250,r.-7.1.0,,,,,,,,,,,,r.-7.1.0,,,,,,,,,,,,,,,,,,,,,,,,,,,r.-7.1.0,,,,,,,,,,,,,,,,,,,,,,,,,,,,,,,,,,,,,,,,,,,,,,,,,,,,,,,,,,,,,,,,,,,,,,,,,,,
251,r.-2.1.0,,,,,,,,,,,,r.-2.1.0,,,,,,,,,,,,,,,,,,,,,,,,,,,r.-2.1.0,,,,,,,,,,,,,,,,,,,,,,,,,,,,,,,,,,,,,,,,,,,,,,,,,,,,,,,,,,,,,,,,,,,,,,,,,,,
252,p.325,,,,,,,,,,,,r.-8.1.6/r.-11.0.6,,,,,,,,,,,,,,,,,,,,,,,,,,,p.326,,,,,,,,,,,,,,,,,,,,,,,,,,,,,,,,,,,,,,,,,,,,,,,,,,,,,,,,,,,,,p.327,,,,,p.328,,,,,,,,,
253,,,,,,,,,,,,,p.324,,,,,,,,,,,,,,,,,,,,,,,,,,,,,,,,,,,,,,,,,,,,,,,,,,,,,,,,,,,,,,,,,,,,,,,,,,,,,,,,,,,,,,,,,,,,,,,,,,,,,,
254,r.-20.1.0,r.-20.1.0,r.-20.1.0,r.-20.1.0,r.-20.1.0,r.-20.1.0,r.-20.1.0,r.-20.1.0,r.-20.1.0,r.-20.1.0,r.-20.1.0,,r.-20.1.0,r.-20.1.0,r.-20.1.0,r.-20.1.0,r.-20.1.0,r.-20.1.0,r.-20.1.0,r.-20.1.0,r.-20.1.0,r.-20.1.0,r.-20.1.0,r.-20.1.0,r.-20.1.0,r.-20.1.0,r.-20.1.0,r.-20.1.0,r.-20.1.0,r.-20.1.0,r.-20.1.0,r.-20.1.0,r.-20.1.0,r.-20.1.0,r.-20.1.0,r.-20.1.0,r.-20.1.0,r.-20.1.0,r.-20.1.0,r.-20.1.0,r.-20.1.0,r.-20.1.0,r.-20.1.0,r.-20.1.0,,,,,,,,,,,,,,,,,,,,,,,,,,,,,,,,,,,,,,,,,,,,,,,,,,,,,,,,,,,,,,,,,,,,,,,
255,r.-7.1.0,,,,,,,,,,,,r.-7.1.0,,,,,,,,,,,,,,,,,,,,,,,,,,,r.-7.1.0,,,,,,,,,,,,,,,,,,,,,,,,,,,,,,,,,,,,,,,,,,,,,,,,,,,,,,,,,,,,,,,,,,,,,,,,,,,
256,r.-2.1.0,,,,,,,,,,,,r.-2.1.0,,,,,,,,,,,,,,,,,,,,,,,,,,,r.-2.1.0,,,,,,,,,,,,,,,,,,,,,,,,,,,,,,,,,,,,,,,,,,,,,,,,,,,,,,,,,,,,,,,,,,,,,,,,,,,
257,r.-20.1.0,r.-20.1.0,r.-20.1.0,r.-20.1.0,r.-20.1.0,r.-20.1.0,r.-20.1.0,r.-20.1.0,r.-20.1.0,r.-20.1.0,r.-20.1.0,,r.-20.1.0,r.-20.1.0,r.-20.1.0,r.-20.1.0,r.-20.1.0,r.-20.1.0,r.-20.1.0,r.-20.1.0,r.-20.1.0,r.-20.1.0,r.-20.1.0,r.-20.1.0,r.-20.1.0,r.-20.1.0,r.-20.1.0,r.-20.1.0,r.-20.1.0,r.-20.1.0,r.-20.1.0,r.-20.1.0,r.-20.1.0,r.-20.1.0,r.-20.1.0,r.-20.1.0,r.-20.1.0,r.-20.1.0,r.-20.1.0,r.-20.1.0,r.-20.1.0,r.-20.1.0,r.-20.1.0,r.-20.1.0,,,,,,,,,,,,,,,,,,,,,,,,,,,,,,,,,,,,,,,,,,,,,,,,,,,,,,,,,,,,,,,,,,,,,,,
258,,p.308,p.309,p.310,p.311,p.312,p.313,p.314,p.315,p.316,p.317,,,,,,,,,,,,,,,,,,,,,,,,,,,,,,,,,,,,,,,,,,,,,,,,,,,,,,,,,,,,,,,,,,,,,,,,,,,,,,,,,,,,,,,,p.318,p.319,,,,,,,,,,,,,,,
259,r.-2.1.0,,,,,,,,,,,,r.-2.1.0,,,,,,,,,,,,,,,,,,,,,,,,,,,r.-2.1.0,,,,,,,,,,,,,,,,,,,,,,,,,,,,,,,,,,,,,,,,,,,,,,,,,,,,,,,,,,,,,,,,,,,,,,,,,,,
260,r.-2.1.0,,,,,,,,,,,,r.-2.1.0,,,,,,,,,,,,,,,,,,,,,,,,,,,r.-2.1.0,,,,,,,,,,,,,,,,,,,,,,,,,,,,,,,,,,,,,,,,,,,,,,,,,,,,,,,,,,,,,,,,,,,,,,,,,,,
261,p.262/r.-19.0.6/r.-18.1.6,p.263,p.264,p.265,p.266,p.267,p.268,p.269,p.270,p.271,p.272,,r.-18.1.6/r.-19.0.6,p.273,p.274,p.275,p.276,p.277,p.278,p.279,p.280,p.281,p.282,p.283,p.284,p.285,p.286,p.287,p.288,p.289,p.290,p.291,p.292,p.293,p.294,p.295,p.296,p.297,p.298,r.-19.0.6/r.-18.1.6,p.299,p.300,p.301,p.302,,,,,,,,,,,,,,,,,,,,,,,,,,,,,,,,,,,,,,,,,,,,,,,,,,,,,,,p.303,,,,,p.304,,,,p.305,,,,,,p.306,p.307
262,r.-13.1.0,,,,,,,,,,,,r.-13.1.0,,,,,,,,,,,,,,,,,,,,,,,,,,,r.-13.1.0,,,,,,,,,,,,,,,,,,,,,,,,,,,,,,,,,,,,,,,,,,,,,,,,,,,,,,,,,,,,,,,,,,,,,,,,,,,
263,r.-4.1.0,,,,,,,,,,,,r.-4.1.0,,,,,,,,,,,,,,,,,,,,,,,,,,,r.-4.1.0,,,,,,,,,,,,,,,,,,,,,,,,,,,,,,,,,,,,,,,,,,,,,,,,,,,,,,,,,,,,,,,,,,,,,,,,,,,
264,r.-4.1.0,,,,,,,,,,,,r.-4.1.0,,,,,,,,,,,,,,,,,,,,,,,,,,,r.-4.1.0,,,,,,,,,,,,,,,,,,,,,,,,,,,,,,,,,,,,,,,,,,,,,,,,,,,,,,,,,,,,,,,,,,,,,,,,,,,
265,r.-4.1.0,,,,,,,,,,,,r.-4.1.0,,,,,,,,,,,,,,,,,,,,,,,,,,,r.-4.1.0,,,,,,,,,,,,,,,,,,,,,,,,,,,,,,,,,,,,,,,,,,,,,,,,,,,,,,,,,,,,,,,,,,,,,,,,,,,
266,r.-4.1.0,,,,,,,,,,,,r.-4.1.0,,,,,,,,,,,,,,,,,,,,,,,,,,,r.-4.1.0,,,,,,,,,,,,,,,,,,,,,,,,,,,,,,,,,,,,,,,,,,,,,,,,,,,,,,,,,,,,,,,,,,,,,,,,,,,
267,r.-4.1.0,,,,,,,,,,,,r.-4.1.0,,,,,,,,,,,,,,,,,,,,,,,,,,,r.-4.1.0,,,,,,,,,,,,,,,,,,,,,,,,,,,,,,,,,,,,,,,,,,,,,,,,,,,,,,,,,,,,,,,,,,,,,,,,,,,
268,r.-4.1.0,,,,,,,,,,,,r.-4.1.0,,,,,,,,,,,,,,,,,,,,,,,,,,,r.-4.1.0,,,,,,,,,,,,,,,,,,,,,,,,,,,,,,,,,,,,,,,,,,,,,,,,,,,,,,,,,,,,,,,,,,,,,,,,,,,
269,r.-4.1.0,,,,,,,,,,,,r.-4.1.0,,,,,,,,,,,,,,,,,,,,,,,,,,,r.-4.1.0,,,,,,,,,,,,,,,,,,,,,,,,,,,,,,,,,,,,,,,,,,,,,,,,,,,,,,,,,,,,,,,,,,,,,,,,,,,
270,r.-4.1.0,,,,,,,,,,,,r.-4.1.0,,,,,,,,,,,,,,,,,,,,,,,,,,,r.-4.1.0,,,,,,,,,,,,,,,,,,,,,,,,,,,,,,,,,,,,,,,,,,,,,,,,,,,,,,,,,,,,,,,,,,,,,,,,,,,
271,r.-4.1.0,,,,,,,,,,,,r.-4.1.0,,,,,,,,,,,,,,,,,,,,,,,,,,,r.-4.1.0,,,,,,,,,,,,,,,,,,,,,,,,,,,,,,,,,,,,,,,,,,,,,,,,,,,,,,,,,,,,,,,,,,,,,,,,,,,
272,r.-4.1.0,,,,,,,,,,,,r.-4.1.0,,,,,,,,,,,,,,,,,,,,,,,,,,,r.-4.1.0,,,,,,,,,,,,,,,,,,,,,,,,,,,,,,,,,,,,,,,,,,,,,,,,,,,,,,,,,,,,,,,,,,,,,,,,,,,
273,r.-9.1.0,,,,,,,,,,,,r.-9.1.0,,,,,,,,,,,,,,,,,,,,,,,,,,,r.-9.1.0,,,,,,,,,,,,,,,,,,,,,,,,,,,,,,,,,,,,,,,,,,,,,,,,,,,,,,,,,,,,,,,,,,,,,,,,,,,
274,r.-9.1.0,,,,,,,,,,,,r.-9.1.0,,,,,,,,,,,,,,,,,,,,,,,,,,,r.-9.1.0,,,,,,,,,,,,,,,,,,,,,,,,,,,,,,,,,,,,,,,,,,,,,,,,,,,,,,,,,,,,,,,,,,,,,,,,,,,
275,r.-9.1.0,,,,,,,,,,,,r.-9.1.0,,,,,,,,,,,,,,,,,,,,,,,,,,,r.-9.1.0,,,,,,,,,,,,,,,,,,,,,,,,,,,,,,,,,,,,,,,,,,,,,,,,,,,,,,,,,,,,,,,,,,,,,,,,,,,
276,r.-9.1.0,,,,,,,,,,,,r.-9.1.0,,,,,,,,,,,,,,,,,,,,,,,,,,,r.-9.1.0,,,,,,,,,,,,,,,,,,,,,,,,,,,,,,,,,,,,,,,,,,,,,,,,,,,,,,,,,,,,,,,,,,,,,,,,,,,
277,r.-9.1.0,,,,,,,,,,,,r.-9.1.0,,,,,,,,,,,,,,,,,,,,,,,,,,,r.-9.1.0,,,,,,,,,,,,,,,,,,,,,,,,,,,,,,,,,,,,,,,,,,,,,,,,,,,,,,,,,,,,,,,,,,,,,,,,,,,
278,r.-9.1.0,,,,,,,,,,,,r.-9.1.0,,,,,,,,,,,,,,,,,,,,,,,,,,,r.-9.1.0,,,,,,,,,,,,,,,,,,,,,,,,,,,,,,,,,,,,,,,,,,,,,,,,,,,,,,,,,,,,,,,,,,,,,,,,,,,
279,r.-9.1.0,,,,,,,,,,,,r.-9.1.0,,,,,,,,,,,,,,,,,,,,,,,,,,,r.-9.1.0,,,,,,,,,,,,,,,,,,,,,,,,,,,,,,,,,,,,,,,,,,,,,,,,,,,,,,,,,,,,,,,,,,,,,,,,,,,
280,r.-9.1.0,,,,,,,,,,,,r.-9.1.0,,,,,,,,,,,,,,,,,,,,,,,,,,,r.-9.1.0,,,,,,,,,,,,,,,,,,,,,,,,,,,,,,,,,,,,,,,,,,,,,,,,,,,,,,,,,,,,,,,,,,,,,,,,,,,
281,r.-9.1.0,,,,,,,,,,,,r.-9.1.0,,,,,,,,,,,,,,,,,,,,,,,,,,,r.-9.1.0,,,,,,,,,,,,,,,,,,,,,,,,,,,,,,,,,,,,,,,,,,,,,,,,,,,,,,,,,,,,,,,,,,,,,,,,,,,
282,r.-9.1.0,,,,,,,,,,,,r.-9.1.0,,,,,,,,,,,,,,,,,,,,,,,,,,,r.-9.1.0,,,,,,,,,,,,,,,,,,,,,,,,,,,,,,,,,,,,,,,,,,,,,,,,,,,,,,,,,,,,,,,,,,,,,,,,,,,
283,r.-9.1.0,,,,,,,,,,,,r.-9.1.0,,,,,,,,,,,,,,,,,,,,,,,,,,,r.-9.1.0,,,,,,,,,,,,,,,,,,,,,,,,,,,,,,,,,,,,,,,,,,,,,,,,,,,,,,,,,,,,,,,,,,,,,,,,,,,
284,r.-9.1.0,,,,,,,,,,,,r.-9.1.0,,,,,,,,,,,,,,,,,,,,,,,,,,,r.-9.1.0,,,,,,,,,,,,,,,,,,,,,,,,,,,,,,,,,,,,,,,,,,,,,,,,,,,,,,,,,,,,,,,,,,,,,,,,,,,
285,r.-9.1.0,,,,,,,,,,,,r.-9.1.0,,,,,,,,,,,,,,,,,,,,,,,,,,,r.-9.1.0,,,,,,,,,,,,,,,,,,,,,,,,,,,,,,,,,,,,,,,,,,,,,,,,,,,,,,,,,,,,,,,,,,,,,,,,,,,
286,r.-9.1.0,,,,,,,,,,,,r.-9.1.0,,,,,,,,,,,,,,,,,,,,,,,,,,,r.-9.1.0,,,,,,,,,,,,,,,,,,,,,,,,,,,,,,,,,,,,,,,,,,,,,,,,,,,,,,,,,,,,,,,,,,,,,,,,,,,
287,r.-9.1.0,,,,,,,,,,,,r.-9.1.0,,,,,,,,,,,,,,,,,,,,,,,,,,,r.-9.1.0,,,,,,,,,,,,,,,,,,,,,,,,,,,,,,,,,,,,,,,,,,,,,,,,,,,,,,,,,,,,,,,,,,,,,,,,,,,
288,r.-9.1.0,,,,,,,,,,,,r.-9.1.0,,,,,,,,,,,,,,,,,,,,,,,,,,,r.-9.1.0,,,,,,,,,,,,,,,,,,,,,,,,,,,,,,,,,,,,,,,,,,,,,,,,,,,,,,,,,,,,,,,,,,,,,,,,,,,
289,r.-9.1.0,,,,,,,,,,,,r.-9.1.0,,,,,,,,,,,,,,,,,,,,,,,,,,,r.-9.1.0,,,,,,,,,,,,,,,,,,,,,,,,,,,,,,,,,,,,,,,,,,,,,,,,,,,,,,,,,,,,,,,,,,,,,,,,,,,
290,r.-9.1.0,,,,,,,,,,,,r.-9.1.0,,,,,,,,,,,,,,,,,,,,,,,,,,,r.-9.1.0,,,,,,,,,,,,,,,,,,,,,,,,,,,,,,,,,,,,,,,,,,,,,,,,,,,,,,,,,,,,,,,,,,,,,,,,,,,
291,r.-9.1.0,,,,,,,,,,,,r.-9.1.0,,,,,,,,,,,,,,,,,,,,,,,,,,,r.-9.1.0,,,,,,,,,,,,,,,,,,,,,,,,,,,,,,,,,,,,,,,,,,,,,,,,,,,,,,,,,,,,,,,,,,,,,,,,,,,
292,r.-9.1.0,,,,,,,,,,,,r.-9.1.0,,,,,,,,,,,,,,,,,,,,,,,,,,,r.-9.1.0,,,,,,,,,,,,,,,,,,,,,,,,,,,,,,,,,,,,,,,,,,,,,,,,,,,,,,,,,,,,,,,,,,,,,,,,,,,
293,r.-9.1.0,,,,,,,,,,,,r.-9.1.0,,,,,,,,,,,,,,,,,,,,,,,,,,,r.-9.1.0,,,,,,,,,,,,,,,,,,,,,,,,,,,,,,,,,,,,,,,,,,,,,,,,,,,,,,,,,,,,,,,,,,,,,,,,,,,
294,r.-9.1.0,,,,,,,,,,,,r.-9.1.0,,,,,,,,,,,,,,,,,,,,,,,,,,,r.-9.1.0,,,,,,,,,,,,,,,,,,,,,,,,,,,,,,,,,,,,,,,,,,,,,,,,,,,,,,,,,,,,,,,,,,,,,,,,,,,
295,r.-9.1.0,,,,,,,,,,,,r.-9.1.0,,,,,,,,,,,,,,,,,,,,,,,,,,,r.-9.1.0,,,,,,,,,,,,,,,,,,,,,,,,,,,,,,,,,,,,,,,,,,,,,,,,,,,,,,,,,,,,,,,,,,,,,,,,,,,
296,r.-9.1.0,,,,,,,,,,,,r.-9.1.0,,,,,,,,,,,,,,,,,,,,,,,,,,,r.-9.1.0,,,,,,,,,,,,,,,,,,,,,,,,,,,,,,,,,,,,,,,,,,,,,,,,,,,,,,,,,,,,,,,,,,,,,,,,,,,
297,r.-9.1.0,,,,,,,,,,,,r.-9.1.0,,,,,,,,,,,,,,,,,,,,,,,,,,,r.-9.1.0,,,,,,,,,,,,,,,,,,,,,,,,,,,,,,,,,,,,,,,,,,,,,,,,,,,,,,,,,,,,,,,,,,,,,,,,,,,
298,r.-9.1.0,,,,,,,,,,,,r.-9.1.0,,,,,,,,,,,,,,,,,,,,,,,,,,,r.-9.1.0,,,,,,,,,,,,,,,,,,,,,,,,,,,,,,,,,,,,,,,,,,,,,,,,,,,,,,,,,,,,,,,,,,,,,,,,,,,
299,r.-13.1.0,,,,,,,,,,,,r.-13.1.0,,,,,,,,,,,,,,,,,,,,,,,,,,,r.-13.1.0,,,,,,,,,,,,,,,,,,,,,,,,,,,,,,,,,,,,,,,,,,,,,,,,,,,,,,,,,,,,,,,,,,,,,,,,,,,
300,r.-13.1.0,,,,,,,,,,,,r.-13.1.0,,,,,,,,,,,,,,,,,,,,,,,,,,,r.-13.1.0,,,,,,,,,,,,,,,,,,,,,,,,,,,,,,,,,,,,,,,,,,,,,,,,,,,,,,,,,,,,,,,,,,,,,,,,,,,
301,r.-13.1.0,,,,,,,,,,,,r.-13.1.0,,,,,,,,,,,,,,,,,,,,,,,,,,,r.-13.1.0,,,,,,,,,,,,,,,,,,,,,,,,,,,,,,,,,,,,,,,,,,,,,,,,,,,,,,,,,,,,,,,,,,,,,,,,,,,
302,r.-13.1.0,,,,,,,,,,,,r.-13.1.0,,,,,,,,,,,,,,,,,,,,,,,,,,,r.-13.1.0,,,,,,,,,,,,,,,,,,,,,,,,,,,,,,,,,,,,,,,,,,,,,,,,,,,,,,,,,,,,,,,,,,,,,,,,,,,
303,r.-19.1.0,,,,,,,,,,,,r.-19.1.0,,,,,,,,,,,,,,,,,,,,,,,,,,,r.-19.1.0,,,,,,,,,,,,,,,,,,,,,,,,,,,,,,,,,,,,,,,,,,,,,,,,,,,,,,,,,,,,,,,,,,,,,,,,,,,
304,r.-20.1.0,,,,,,,,,,,,r.-20.1.0,,,,,,,,,,,,,,,,,,,,,,,,,,,r.-20.1.0,,,,,,,,,,,,,,,,,,,,,,,,,,,,,,,,,,,,,,,,,,,,,,,,,,,,,,,,,,,,,,,,,,,,,,,,,,,
305,r.-20.1.0,,,,,,,,,,,,r.-20.1.0,,,,,,,,,,,,,,,,,,,,,,,,,,,r.-20.1.0,,,,,,,,,,,,,,,,,,,,,,,,,,,,,,,,,,,,,,,,,,,,,,,,,,,,,,,,,,,,,,,,,,,,,,,,,,,
306,r.-18.2.0,,,,,,,,,,,,r.-18.2.0,,,,,,,,,,,,,,,,,,,,,,,,,,,r.-18.2.0,,,,,,,,,,,,,,,,,,,,,,,,,,,,,,,,,,,,,,,,,,,,,,,,,,,,,,,,,,,,,,,,,,,,,,,,,,,
307,r.-19.1.0,,,,,,,,,,,,r.-19.1.0,,,,,,,,,,,,,,,,,,,,,,,,,,,r.-19.1.0,,,,,,,,,,,,,,,,,,,,,,,,,,,,,,,,,,,,,,,,,,,,,,,,,,,,,,,,,,,,,,,,,,,,,,,,,,,
308,r.-4.1.0,r.-4.1.0,r.-4.1.0,r.-4.1.0,r.-4.1.0,r.-4.1.0,r.-4.1.0,r.-4.1.0,r.-4.1.0,r.-4.1.0,r.-4.1.0,,r.-4.1.0,,,,,,,,,,,,,,,,,,,,,,,,,,,r.-4.1.0,,,,,,,,,,,,,,,,,,,,,,,,,,,,,,,,,,,,,,,,,,,,,,,,,,,,,,,,,,,,,,,,,,,,,,,,,,,
309,r.-4.1.0,r.-4.1.0,r.-4.1.0,r.-4.1.0,r.-4.1.0,r.-4.1.0,r.-4.1.0,r.-4.1.0,r.-4.1.0,r.-4.1.0,r.-4.1.0,,r.-4.1.0,,,,,,,,,,,,,,,,,,,,,,,,,,,r.-4.1.0,,,,,,,,,,,,,,,,,,,,,,,,,,,,,,,,,,,,,,,,,,,,,,,,,,,,,,,,,,,,,,,,,,,,,,,,,,,
310,r.-4.1.0,r.-4.1.0,r.-4.1.0,r.-4.1.0,r.-4.1.0,r.-4.1.0,r.-4.1.0,r.-4.1.0,r.-4.1.0,r.-4.1.0,r.-4.1.0,,r.-4.1.0,,,,,,,,,,,,,,,,,,,,,,,,,,,r.-4.1.0,,,,,,,,,,,,,,,,,,,,,,,,,,,,,,,,,,,,,,,,,,,,,,,,,,,,,,,,,,,,,,,,,,,,,,,,,,,
311,r.-4.1.0,r.-4.1.0,r.-4.1.0,r.-4.1.0,r.-4.1.0,r.-4.1.0,r.-4.1.0,r.-4.1.0,r.-4.1.0,r.-4.1.0,r.-4.1.0,,r.-4.1.0,,,,,,,,,,,,,,,,,,,,,,,,,,,r.-4.1.0,,,,,,,,,,,,,,,,,,,,,,,,,,,,,,,,,,,,,,,,,,,,,,,,,,,,,,,,,,,,,,,,,,,,,,,,,,,
312,r.-4.1.0,r.-4.1.0,r.-4.1.0,r.-4.1.0,r.-4.1.0,r.-4.1.0,r.-4.1.0,r.-4.1.0,r.-4.1.0,r.-4.1.0,r.-4.1.0,,r.-4.1.0,,,,,,,,,,,,,,,,,,,,,,,,,,,r.-4.1.0,,,,,,,,,,,,,,,,,,,,,,,,,,,,,,,,,,,,,,,,,,,,,,,,,,,,,,,,,,,,,,,,,,,,,,,,,,,
313,r.-4.1.0,r.-4.1.0,r.-4.1.0,r.-4.1.0,r.-4.1.0,r.-4.1.0,r.-4.1.0,r.-4.1.0,r.-4.1.0,r.-4.1.0,r.-4.1.0,,r.-4.1.0,,,,,,,,,,,,,,,,,,,,,,,,,,,r.-4.1.0,,,,,,,,,,,,,,,,,,,,,,,,,,,,,,,,,,,,,,,,,,,,,,,,,,,,,,,,,,,,,,,,,,,,,,,,,,,
314,r.-4.1.0,r.-4.1.0,r.-4.1.0,r.-4.1.0,r.-4.1.0,r.-4.1.0,r.-4.1.0,r.-4.1.0,r.-4.1.0,r.-4.1.0,r.-4.1.0,,r.-4.1.0,,,,,,,,,,,,,,,,,,,,,,,,,,,r.-4.1.0,,,,,,,,,,,,,,,,,,,,,,,,,,,,,,,,,,,,,,,,,,,,,,,,,,,,,,,,,,,,,,,,,,,,,,,,,,,
315,r.-4.1.0,r.-4.1.0,r.-4.1.0,r.-4.1.0,r.-4.1.0,r.-4.1.0,r.-4.1.0,r.-4.1.0,r.-4.1.0,r.-4.1.0,r.-4.1.0,,r.-4.1.0,,,,,,,,,,,,,,,,,,,,,,,,,,,r.-4.1.0,,,,,,,,,,,,,,,,,,,,,,,,,,,,,,,,,,,,,,,,,,,,,,,,,,,,,,,,,,,,,,,,,,,,,,,,,,,
316,r.-4.1.0,r.-4.1.0,r.-4.1.0,r.-4.1.0,r.-4.1.0,r.-4.1.0,r.-4.1.0,r.-4.1.0,r.-4.1.0,r.-4.1.0,r.-4.1.0,,r.-4.1.0,,,,,,,,,,,,,,,,,,,,,,,,,,,r.-4.1.0,,,,,,,,,,,,,,,,,,,,,,,,,,,,,,,,,,,,,,,,,,,,,,,,,,,,,,,,,,,,,,,,,,,,,,,,,,,
317,r.-4.1.0,r.-4.1.0,r.-4.1.0,r.-4.1.0,r.-4.1.0,r.-4.1.0,r.-4.1.0,r.-4.1.0,r.-4.1.0,r.-4.1.0,r.-4.1.0,,r.-4.1.0,,,,,,,,,,,,,,,,,,,,,,,,,,,r.-4.1.0,,,,,,,,,,,,,,,,,,,,,,,,,,,,,,,,,,,,,,,,,,,,,,,,,,,,,,,,,,,,,,,,,,,,,,,,,,,
318,r.-5.1.0,p.308,p.309,p.310,p.311,p.312,p.313,p.314,p.315,p.316,p.317,,r.-5.1.0,,,,,,,,,,,,,,,,,,,,,,,,,,,r.-5.1.0,,,,,,,,,,,,,,,,,,,,,,,,,,,,,,,,,,,,,,,,,,,,,,,,,,,,,,,,,,,p.318,p.323,,,,,,,,,,,,,,,
319,p.320/r.-12.2.6/r.-3.0.6,,,,,,,,,,,,r.-3.0.6/r.-12.2.6,,,,,,,,,,,,,,,,,,,,,,,,,,,r.-12.2.6/r.-3.0.6,,,,,,,,,,,,,,,,,,,,,,,,,,,,,,,,,,,,,,,,,,,,,,,,,,,,,,,,,,p.321,,,,,,,,,,,,,,,,,
320,,p.308,p.309,p.310,p.311,p.312,p.313,p.314,p.315,p.316,p.317,,,,,,,,,,,,,,,,,,,,,,,,,,,,,,,,,,,,,,,,,,,,,,,,,,,,,,,,,,,,,,,,,,,,,,,,,,,,,,,,,,,,,,,,p.318,p.322,,,,,,,,,,,,,,,
321,r.-12.3.0,,,,,,,,,,,,r.-12.3.0,,,,,,,,,,,,,,,,,,,,,,,,,,,r.-12.3.0,,,,,,,,,,,,,,,,,,,,,,,,,,,,,,,,,,,,,,,,,,,,,,,,,,,,,,,,,,,,,,,,,,,,,,,,,,,
322,r.-3.2.0,,,,,,,,,,,,r.-3.2.0,,,,,,,,,,,,,,,,,,,,,,,,,,,r.-3.2.0,,,,,,,,,,,,,,,,,,,,,,,,,,,,,,,,,,,,,,,,,,,,,,,,,,,,,,,,,,,,,,,,,,,,,,,,,,,
323,r.-5.2.0,,,,,,,,,,,,r.-5.2.0,,,,,,,,,,,,,,,,,,,,,,,,,,,r.-5.2.0,,,,,,,,,,,,,,,,,,,,,,,,,,,,,,,,,,,,,,,,,,,,,,,,,,,,,,,,,,,,,,,,,,,,,,,,,,,
324,,,,,,,,,,,,,,,,,,,,,,,,,,,,,,,,,,,,,,,,,,,,,,,,,,,,,,,,,,,,,,,,,,,,,,,,,,,,,,,,,,,,,,,,,,,,,,,r.-10.3.0,,,,,,,,,,,,,,,,,,,,
325,r.-6.1.0,r.-6.1.0,r.-6.1.0,r.-6.1.0,r.-6.1.0,r.-6.1.0,r.-6.1.0,r.-6.1.0,r.-6.1.0,r.-6.1.0,r.-6.1.0,r.-6.1.0,,r.-6.1.0,r.-6.1.0,r.-6.1.0,r.-6.1.0,r.-6.1.0,r.-6.1.0,r.-6.1.0,r.-6.1.0,r.-6.1.0,r.-6.1.0,r.-6.1.0,r.-6.1.0,r.-6.1.0,r.-6.1.0,r.-6.1.0,r.-6.1.0,r.-6.1.0,r.-6.1.0,r.-6.1.0,r.-6.1.0,r.-6.1.0,r.-6.1.0,r.-6.1.0,r.-6.1.0,r.-6.1.0,r.-6.1.0,,r.-6.1.0,r.-6.1.0,r.-6.1.0,r.-6.1.0,r.-6.1.0,,,,,,,,,,,,,,,,,,,,,,,,,,,,,,,,,,,,,,,,,,,,,,,,,,,,,,,,,,,,,,,,,,,,,,
326,p.456,r.-14.0.4,r.-14.0.4,r.-14.0.4,r.-14.0.4,r.-14.0.4,r.-14.0.4,r.-14.0.4,r.-14.0.4,r.-14.0.4,r.-14.0.4,p.457,,p.219,p.220,p.221,p.222,p.223,p.224,p.225,p.226,p.227,p.228,p.229,p.230,p.231,p.232,p.233,p.234,p.235,p.236,p.237,p.238,p.239,p.240,p.241,p.242,p.243,p.244,,p.245,p.246,p.247,p.248,p.458,,,,,,,,,,,,,,,,,,,,,,,,,,,,,,,,,,,,,,,,,,,,,,,,,,,,p.459,,,,p.460,p.461,,p.254,p.462,,p.463,p.257,p.464,p.465,,,p.466,,p.467
327,p.329,r.-14.0.4,r.-14.0.4,r.-14.0.4,r.-14.0.4,r.-14.0.4,r.-14.0.4,r.-14.0.4,r.-14.0.4,r.-14.0.4,r.-14.0.4,p.330,,p.331,p.332,p.333,p.334,p.335,p.336,p.337,p.338,p.339,p.340,p.341,p.342,p.343,p.344,p.345,p.346,p.347,p.348,p.349,p.350,p.351,p.352,p.353,p.354,p.355,p.356,,p.357,p.358,p.359,p.360,p.361,,,,,,,,,,,,,,,,,,,,,,,,,,,,,,,,,,,,,,,,,,,,,,,,,,,,p.362,,,,p.363,p.364,,p.365,p.366,,p.367,p.368,p.369,p.370,,,p.371,,p.372
328,,,,,,,,,,,,,r.-8.2.0,,,,,,,,,,,,,,,,,,,,,,,,,,,,,,,,,,,,,,,,,,,,,,,,,,,,,,,,,,,,,,,,,,,,,,,,,,,,,,,,,,,,,,,,,,,,,,,,,,,,,,
329,r.-13.1.0,r.-13.1.0,r.-13.1.0,r.-13.1.0,r.-13.1.0,r.-13.1.0,r.-13.1.0,r.-13.1.0,r.-13.1.0,r.-13.1.0,r.-13.1.0,,r.-13.1.0/r.-6.1.0,r.-13.1.0,r.-13.1.0,r.-13.1.0,r.-13.1.0,r.-13.1.0,r.-13.1.0,r.-13.1.0,r.-13.1.0,r.-13.1.0,r.-13.1.0,r.-13.1.0,r.-13.1.0,r.-13.1.0,r.-13.1.0,r.-13.1.0,r.-13.1.0,r.-13.1.0,r.-13.1.0,r.-13.1.0,r.-13.1.0,r.-13.1.0,r.-13.1.0,r.-13.1.0,r.-13.1.0,r.-13.1.0,r.-13.1.0,,r.-13.1.0,r.-13.1.0,r.-13.1.0,r.-13.1.0,,,,,,,,,,,,,,,,,,,,,,,,,,,,,,,,,,,,,,,,,,,,,,,,,,,,,,,,,,,,,,,,,,,,,,,
330,p.217,r.-14.0.4,r.-14.0.4,r.-14.0.4,r.-14.0.4,r.-14.0.4,r.-14.0.4,r.-14.0.4,r.-14.0.4,r.-14.0.4,r.-14.0.4,p.218,r.-8.0.2,p.219,p.220,p.221,p.222,p.223,p.224,p.225,p.226,p.227,p.228,p.229,p.230,p.231,p.232,p.233,p.234,p.235,p.236,p.237,p.238,p.239,p.240,p.241,p.242,p.243,p.244,,p.245,p.246,p.247,p.248,p.249,,,,,,,,,,,,,,,,,,,,,,,,,,,,,,,,,,,,,,,,,,,,,,,,,,,,p.250,,,,p.251,p.450,p.451,p.254,p.255,,p.256,p.257,p.258,p.259,,,p.260,,p.261
331,r.-9.1.0,r.-9.1.0,r.-9.1.0,r.-9.1.0,r.-9.1.0,r.-9.1.0,r.-9.1.0,r.-9.1.0,r.-9.1.0,r.-9.1.0,r.-9.1.0,,r.-9.1.0,r.-9.1.0,r.-9.1.0,r.-9.1.0,r.-9.1.0,r.-9.1.0,r.-9.1.0,r.-9.1.0,r.-9.1.0,r.-9.1.0,r.-9.1.0,r.-9.1.0,r.-9.1.0,r.-9.1.0,r.-9.1.0,r.-9.1.0,r.-9.1.0,r.-9.1.0,r.-9.1.0,r.-9.1.0,r.-9.1.0,r.-9.1.0,r.-9.1.0,r.-9.1.0,r.-9.1.0,r.-9.1.0,r.-9.1.0,,r.-9.1.0,r.-9.1.0,r.-9.1.0,r.-9.1.0,,,,,,,,,,,,,,,,,,,,,,,,,,,,,,,,,,,,,,,,,,,,,,,,,,,,,,,,,,,,,,,,,,,,,,,
332,r.-9.1.0,r.-9.1.0,r.-9.1.0,r.-9.1.0,r.-9.1.0,r.-9.1.0,r.-9.1.0,r.-9.1.0,r.-9.1.0,r.-9.1.0,r.-9.1.0,,r.-9.1.0,r.-9.1.0,r.-9.1.0,r.-9.1.0,r.-9.1.0,r.-9.1.0,r.-9.1.0,r.-9.1.0,r.-9.1.0,r.-9.1.0,r.-9.1.0,r.-9.1.0,r.-9.1.0,r.-9.1.0,r.-9.1.0,r.-9.1.0,r.-9.1.0,r.-9.1.0,r.-9.1.0,r.-9.1.0,r.-9.1.0,r.-9.1.0,r.-9.1.0,r.-9.1.0,r.-9.1.0,r.-9.1.0,r.-9.1.0,,r.-9.1.0,r.-9.1.0,r.-9.1.0,r.-9.1.0,,,,,,,,,,,,,,,,,,,,,,,,,,,,,,,,,,,,,,,,,,,,,,,,,,,,,,,,,,,,,,,,,,,,,,,
333,r.-9.1.0,r.-9.1.0,r.-9.1.0,r.-9.1.0,r.-9.1.0,r.-9.1.0,r.-9.1.0,r.-9.1.0,r.-9.1.0,r.-9.1.0,r.-9.1.0,,r.-9.1.0,r.-9.1.0,r.-9.1.0,r.-9.1.0,r.-9.1.0,r.-9.1.0,r.-9.1.0,r.-9.1.0,r.-9.1.0,r.-9.1.0,r.-9.1.0,r.-9.1.0,r.-9.1.0,r.-9.1.0,r.-9.1.0,r.-9.1.0,r.-9.1.0,r.-9.1.0,r.-9.1.0,r.-9.1.0,r.-9.1.0,r.-9.1.0,r.-9.1.0,r.-9.1.0,r.-9.1.0,r.-9.1.0,r.-9.1.0,,r.-9.1.0,r.-9.1.0,r.-9.1.0,r.-9.1.0,,,,,,,,,,,,,,,,,,,,,,,,,,,,,,,,,,,,,,,,,,,,,,,,,,,,,,,,,,,,,,,,,,,,,,,
334,r.-9.1.0,r.-9.1.0,r.-9.1.0,r.-9.1.0,r.-9.1.0,r.-9.1.0,r.-9.1.0,r.-9.1.0,r.-9.1.0,r.-9.1.0,r.-9.1.0,,r.-9.1.0,r.-9.1.0,r.-9.1.0,r.-9.1.0,r.-9.1.0,r.-9.1.0,r.-9.1.0,r.-9.1.0,r.-9.1.0,r.-9.1.0,r.-9.1.0,r.-9.1.0,r.-9.1.0,r.-9.1.0,r.-9.1.0,r.-9.1.0,r.-9.1.0,r.-9.1.0,r.-9.1.0,r.-9.1.0,r.-9.1.0,r.-9.1.0,r.-9.1.0,r.-9.1.0,r.-9.1.0,r.-9.1.0,r.-9.1.0,,r.-9.1.0,r.-9.1.0,r.-9.1.0,r.-9.1.0,,,,,,,,,,,,,,,,,,,,,,,,,,,,,,,,,,,,,,,,,,,,,,,,,,,,,,,,,,,,,,,,,,,,,,,
335,r.-9.1.0,r.-9.1.0,r.-9.1.0,r.-9.1.0,r.-9.1.0,r.-9.1.0,r.-9.1.0,r.-9.1.0,r.-9.1.0,r.-9.1.0,r.-9.1.0,,r.-9.1.0,r.-9.1.0,r.-9.1.0,r.-9.1.0,r.-9.1.0,r.-9.1.0,r.-9.1.0,r.-9.1.0,r.-9.1.0,r.-9.1.0,r.-9.1.0,r.-9.1.0,r.-9.1.0,r.-9.1.0,r.-9.1.0,r.-9.1.0,r.-9.1.0,r.-9.1.0,r.-9.1.0,r.-9.1.0,r.-9.1.0,r.-9.1.0,r.-9.1.0,r.-9.1.0,r.-9.1.0,r.-9.1.0,r.-9.1.0,,r.-9.1.0,r.-9.1.0,r.-9.1.0,r.-9.1.0,,,,,,,,,,,,,,,,,,,,,,,,,,,,,,,,,,,,,,,,,,,,,,,,,,,,,,,,,,,,,,,,,,,,,,,
336,r.-9.1.0,r.-9.1.0,r.-9.1.0,r.-9.1.0,r.-9.1.0,r.-9.1.0,r.-9.1.0,r.-9.1.0,r.-9.1.0,r.-9.1.0,r.-9.1.0,,r.-9.1.0,r.-9.1.0,r.-9.1.0,r.-9.1.0,r.-9.1.0,r.-9.1.0,r.-9.1.0,r.-9.1.0,r.-9.1.0,r.-9.1.0,r.-9.1.0,r.-9.1.0,r.-9.1.0,r.-9.1.0,r.-9.1.0,r.-9.1.0,r.-9.1.0,r.-9.1.0,r.-9.1.0,r.-9.1.0,r.-9.1.0,r.-9.1.0,r.-9.1.0,r.-9.1.0,r.-9.1.0,r.-9.1.0,r.-9.1.0,,r.-9.1.0,r.-9.1.0,r.-9.1.0,r.-9.1.0,,,,,,,,,,,,,,,,,,,,,,,,,,,,,,,,,,,,,,,,,,,,,,,,,,,,,,,,,,,,,,,,,,,,,,,
337,r.-9.1.0,r.-9.1.0,r.-9.1.0,r.-9.1.0,r.-9.1.0,r.-9.1.0,r.-9.1.0,r.-9.1.0,r.-9.1.0,r.-9.1.0,r.-9.1.0,,r.-9.1.0,r.-9.1.0,r.-9.1.0,r.-9.1.0,r.-9.1.0,r.-9.1.0,r.-9.1.0,r.-9.1.0,r.-9.1.0,r.-9.1.0,r.-9.1.0,r.-9.1.0,r.-9.1.0,r.-9.1.0,r.-9.1.0,r.-9.1.0,r.-9.1.0,r.-9.1.0,r.-9.1.0,r.-9.1.0,r.-9.1.0,r.-9.1.0,r.-9.1.0,r.-9.1.0,r.-9.1.0,r.-9.1.0,r.-9.1.0,,r.-9.1.0,r.-9.1.0,r.-9.1.0,r.-9.1.0,,,,,,,,,,,,,,,,,,,,,,,,,,,,,,,,,,,,,,,,,,,,,,,,,,,,,,,,,,,,,,,,,,,,,,,
338,r.-9.1.0,r.-9.1.0,r.-9.1.0,r.-9.1.0,r.-9.1.0,r.-9.1.0,r.-9.1.0,r.-9.1.0,r.-9.1.0,r.-9.1.0,r.-9.1.0,,r.-9.1.0,r.-9.1.0,r.-9.1.0,r.-9.1.0,r.-9.1.0,r.-9.1.0,r.-9.1.0,r.-9.1.0,r.-9.1.0,r.-9.1.0,r.-9.1.0,r.-9.1.0,r.-9.1.0,r.-9.1.0,r.-9.1.0,r.-9.1.0,r.-9.1.0,r.-9.1.0,r.-9.1.0,r.-9.1.0,r.-9.1.0,r.-9.1.0,r.-9.1.0,r.-9.1.0,r.-9.1.0,r.-9.1.0,r.-9.1.0,,r.-9.1.0,r.-9.1.0,r.-9.1.0,r.-9.1.0,,,,,,,,,,,,,,,,,,,,,,,,,,,,,,,,,,,,,,,,,,,,,,,,,,,,,,,,,,,,,,,,,,,,,,,
339,r.-9.1.0,r.-9.1.0,r.-9.1.0,r.-9.1.0,r.-9.1.0,r.-9.1.0,r.-9.1.0,r.-9.1.0,r.-9.1.0,r.-9.1.0,r.-9.1.0,,r.-9.1.0,r.-9.1.0,r.-9.1.0,r.-9.1.0,r.-9.1.0,r.-9.1.0,r.-9.1.0,r.-9.1.0,r.-9.1.0,r.-9.1.0,r.-9.1.0,r.-9.1.0,r.-9.1.0,r.-9.1.0,r.-9.1.0,r.-9.1.0,r.-9.1.0,r.-9.1.0,r.-9.1.0,r.-9.1.0,r.-9.1.0,r.-9.1.0,r.-9.1.0,r.-9.1.0,r.-9.1.0,r.-9.1.0,r.-9.1.0,,r.-9.1.0,r.-9.1.0,r.-9.1.0,r.-9.1.0,,,,,,,,,,,,,,,,,,,,,,,,,,,,,,,,,,,,,,,,,,,,,,,,,,,,,,,,,,,,,,,,,,,,,,,
340,r.-9.1.0,r.-9.1.0,r.-9.1.0,r.-9.1.0,r.-9.1.0,r.-9.1.0,r.-9.1.0,r.-9.1.0,r.-9.1.0,r.-9.1.0,r.-9.1.0,,r.-9.1.0,r.-9.1.0,r.-9.1.0,r.-9.1.0,r.-9.1.0,r.-9.1.0,r.-9.1.0,r.-9.1.0,r.-9.1.0,r.-9.1.0,r.-9.1.0,r.-9.1.0,r.-9.1.0,r.-9.1.0,r.-9.1.0,r.-9.1.0,r.-9.1.0,r.-9.1.0,r.-9.1.0,r.-9.1.0,r.-9.1.0,r.-9.1.0,r.-9.1.0,r.-9.1.0,r.-9.1.0,r.-9.1.0,r.-9.1.0,,r.-9.1.0,r.-9.1.0,r.-9.1.0,r.-9.1.0,,,,,,,,,,,,,,,,,,,,,,,,,,,,,,,,,,,,,,,,,,,,,,,,,,,,,,,,,,,,,,,,,,,,,,,
341,r.-9.1.0,r.-9.1.0,r.-9.1.0,r.-9.1.0,r.-9.1.0,r.-9.1.0,r.-9.1.0,r.-9.1.0,r.-9.1.0,r.-9.1.0,r.-9.1.0,,r.-9.1.0,r.-9.1.0,r.-9.1.0,r.-9.1.0,r.-9.1.0,r.-9.1.0,r.-9.1.0,r.-9.1.0,r.-9.1.0,r.-9.1.0,r.-9.1.0,r.-9.1.0,r.-9.1.0,r.-9.1.0,r.-9.1.0,r.-9.1.0,r.-9.1.0,r.-9.1.0,r.-9.1.0,r.-9.1.0,r.-9.1.0,r.-9.1.0,r.-9.1.0,r.-9.1.0,r.-9.1.0,r.-9.1.0,r.-9.1.0,,r.-9.1.0,r.-9.1.0,r.-9.1.0,r.-9.1.0,,,,,,,,,,,,,,,,,,,,,,,,,,,,,,,,,,,,,,,,,,,,,,,,,,,,,,,,,,,,,,,,,,,,,,,
342,r.-9.1.0,r.-9.1.0,r.-9.1.0,r.-9.1.0,r.-9.1.0,r.-9.1.0,r.-9.1.0,r.-9.1.0,r.-9.1.0,r.-9.1.0,r.-9.1.0,,r.-9.1.0,r.-9.1.0,r.-9.1.0,r.-9.1.0,r.-9.1.0,r.-9.1.0,r.-9.1.0,r.-9.1.0,r.-9.1.0,r.-9.1.0,r.-9.1.0,r.-9.1.0,r.-9.1.0,r.-9.1.0,r.-9.1.0,r.-9.1.0,r.-9.1.0,r.-9.1.0,r.-9.1.0,r.-9.1.0,r.-9.1.0,r.-9.1.0,r.-9.1.0,r.-9.1.0,r.-9.1.0,r.-9.1.0,r.-9.1.0,,r.-9.1.0,r.-9.1.0,r.-9.1.0,r.-9.1.0,,,,,,,,,,,,,,,,,,,,,,,,,,,,,,,,,,,,,,,,,,,,,,,,,,,,,,,,,,,,,,,,,,,,,,,
343,r.-9.1.0,r.-9.1.0,r.-9.1.0,r.-9.1.0,r.-9.1.0,r.-9.1.0,r.-9.1.0,r.-9.1.0,r.-9.1.0,r.-9.1.0,r.-9.1.0,,r.-9.1.0,r.-9.1.0,r.-9.1.0,r.-9.1.0,r.-9.1.0,r.-9.1.0,r.-9.1.0,r.-9.1.0,r.-9.1.0,r.-9.1.0,r.-9.1.0,r.-9.1.0,r.-9.1.0,r.-9.1.0,r.-9.1.0,r.-9.1.0,r.-9.1.0,r.-9.1.0,r.-9.1.0,r.-9.1.0,r.-9.1.0,r.-9.1.0,r.-9.1.0,r.-9.1.0,r.-9.1.0,r.-9.1.0,r.-9.1.0,,r.-9.1.0,r.-9.1.0,r.-9.1.0,r.-9.1.0,,,,,,,,,,,,,,,,,,,,,,,,,,,,,,,,,,,,,,,,,,,,,,,,,,,,,,,,,,,,,,,,,,,,,,,
344,r.-9.1.0,r.-9.1.0,r.-9.1.0,r.-9.1.0,r.-9.1.0,r.-9.1.0,r.-9.1.0,r.-9.1.0,r.-9.1.0,r.-9.1.0,r.-9.1.0,,r.-9.1.0,r.-9.1.0,r.-9.1.0,r.-9.1.0,r.-9.1.0,r.-9.1.0,r.-9.1.0,r.-9.1.0,r.-9.1.0,r.-9.1.0,r.-9.1.0,r.-9.1.0,r.-9.1.0,r.-9.1.0,r.-9.1.0,r.-9.1.0,r.-9.1.0,r.-9.1.0,r.-9.1.0,r.-9.1.0,r.-9.1.0,r.-9.1.0,r.-9.1.0,r.-9.1.0,r.-9.1.0,r.-9.1.0,r.-9.1.0,,r.-9.1.0,r.-9.1.0,r.-9.1.0,r.-9.1.0,,,,,,,,,,,,,,,,,,,,,,,,,,,,,,,,,,,,,,,,,,,,,,,,,,,,,,,,,,,,,,,,,,,,,,,
345,r.-9.1.0,r.-9.1.0,r.-9.1.0,r.-9.1.0,r.-9.1.0,r.-9.1.0,r.-9.1.0,r.-9.1.0,r.-9.1.0,r.-9.1.0,r.-9.1.0,,r.-9.1.0,r.-9.1.0,r.-9.1.0,r.-9.1.0,r.-9.1.0,r.-9.1.0,r.-9.1.0,r.-9.1.0,r.-9.1.0,r.-9.1.0,r.-9.1.0,r.-9.1.0,r.-9.1.0,r.-9.1.0,r.-9.1.0,r.-9.1.0,r.-9.1.0,r.-9.1.0,r.-9.1.0,r.-9.1.0,r.-9.1.0,r.-9.1.0,r.-9.1.0,r.-9.1.0,r.-9.1.0,r.-9.1.0,r.-9.1.0,,r.-9.1.0,r.-9.1.0,r.-9.1.0,r.-9.1.0,,,,,,,,,,,,,,,,,,,,,,,,,,,,,,,,,,,,,,,,,,,,,,,,,,,,,,,,,,,,,,,,,,,,,,,
346,r.-9.1.0,r.-9.1.0,r.-9.1.0,r.-9.1.0,r.-9.1.0,r.-9.1.0,r.-9.1.0,r.-9.1.0,r.-9.1.0,r.-9.1.0,r.-9.1.0,,r.-9.1.0,r.-9.1.0,r.-9.1.0,r.-9.1.0,r.-9.1.0,r.-9.1.0,r.-9.1.0,r.-9.1.0,r.-9.1.0,r.-9.1.0,r.-9.1.0,r.-9.1.0,r.-9.1.0,r.-9.1.0,r.-9.1.0,r.-9.1.0,r.-9.1.0,r.-9.1.0,r.-9.1.0,r.-9.1.0,r.-9.1.0,r.-9.1.0,r.-9.1.0,r.-9.1.0,r.-9.1.0,r.-9.1.0,r.-9.1.0,,r.-9.1.0,r.-9.1.0,r.-9.1.0,r.-9.1.0,,,,,,,,,,,,,,,,,,,,,,,,,,,,,,,,,,,,,,,,,,,,,,,,,,,,,,,,,,,,,,,,,,,,,,,
347,r.-9.1.0,r.-9.1.0,r.-9.1.0,r.-9.1.0,r.-9.1.0,r.-9.1.0,r.-9.1.0,r.-9.1.0,r.-9.1.0,r.-9.1.0,r.-9.1.0,,r.-9.1.0,r.-9.1.0,r.-9.1.0,r.-9.1.0,r.-9.1.0,r.-9.1.0,r.-9.1.0,r.-9.1.0,r.-9.1.0,r.-9.1.0,r.-9.1.0,r.-9.1.0,r.-9.1.0,r.-9.1.0,r.-9.1.0,r.-9.1.0,r.-9.1.0,r.-9.1.0,r.-9.1.0,r.-9.1.0,r.-9.1.0,r.-9.1.0,r.-9.1.0,r.-9.1.0,r.-9.1.0,r.-9.1.0,r.-9.1.0,,r.-9.1.0,r.-9.1.0,r.-9.1.0,r.-9.1.0,,,,,,,,,,,,,,,,,,,,,,,,,,,,,,,,,,,,,,,,,,,,,,,,,,,,,,,,,,,,,,,,,,,,,,,
348,r.-9.1.0,r.-9.1.0,r.-9.1.0,r.-9.1.0,r.-9.1.0,r.-9.1.0,r.-9.1.0,r.-9.1.0,r.-9.1.0,r.-9.1.0,r.-9.1.0,,r.-9.1.0,r.-9.1.0,r.-9.1.0,r.-9.1.0,r.-9.1.0,r.-9.1.0,r.-9.1.0,r.-9.1.0,r.-9.1.0,r.-9.1.0,r.-9.1.0,r.-9.1.0,r.-9.1.0,r.-9.1.0,r.-9.1.0,r.-9.1.0,r.-9.1.0,r.-9.1.0,r.-9.1.0,r.-9.1.0,r.-9.1.0,r.-9.1.0,r.-9.1.0,r.-9.1.0,r.-9.1.0,r.-9.1.0,r.-9.1.0,,r.-9.1.0,r.-9.1.0,r.-9.1.0,r.-9.1.0,,,,,,,,,,,,,,,,,,,,,,,,,,,,,,,,,,,,,,,,,,,,,,,,,,,,,,,,,,,,,,,,,,,,,,,
349,r.-9.1.0,r.-9.1.0,r.-9.1.0,r.-9.1.0,r.-9.1.0,r.-9.1.0,r.-9.1.0,r.-9.1.0,r.-9.1.0,r.-9.1.0,r.-9.1.0,,r.-9.1.0,r.-9.1.0,r.-9.1.0,r.-9.1.0,r.-9.1.0,r.-9.1.0,r.-9.1.0,r.-9.1.0,r.-9.1.0,r.-9.1.0,r.-9.1.0,r.-9.1.0,r.-9.1.0,r.-9.1.0,r.-9.1.0,r.-9.1.0,r.-9.1.0,r.-9.1.0,r.-9.1.0,r.-9.1.0,r.-9.1.0,r.-9.1.0,r.-9.1.0,r.-9.1.0,r.-9.1.0,r.-9.1.0,r.-9.1.0,,r.-9.1.0,r.-9.1.0,r.-9.1.0,r.-9.1.0,,,,,,,,,,,,,,,,,,,,,,,,,,,,,,,,,,,,,,,,,,,,,,,,,,,,,,,,,,,,,,,,,,,,,,,
350,r.-9.1.0,r.-9.1.0,r.-9.1.0,r.-9.1.0,r.-9.1.0,r.-9.1.0,r.-9.1.0,r.-9.1.0,r.-9.1.0,r.-9.1.0,r.-9.1.0,,r.-9.1.0,r.-9.1.0,r.-9.1.0,r.-9.1.0,r.-9.1.0,r.-9.1.0,r.-9.1.0,r.-9.1.0,r.-9.1.0,r.-9.1.0,r.-9.1.0,r.-9.1.0,r.-9.1.0,r.-9.1.0,r.-9.1.0,r.-9.1.0,r.-9.1.0,r.-9.1.0,r.-9.1.0,r.-9.1.0,r.-9.1.0,r.-9.1.0,r.-9.1.0,r.-9.1.0,r.-9.1.0,r.-9.1.0,r.-9.1.0,,r.-9.1.0,r.-9.1.0,r.-9.1.0,r.-9.1.0,,,,,,,,,,,,,,,,,,,,,,,,,,,,,,,,,,,,,,,,,,,,,,,,,,,,,,,,,,,,,,,,,,,,,,,
351,r.-9.1.0,r.-9.1.0,r.-9.1.0,r.-9.1.0,r.-9.1.0,r.-9.1.0,r.-9.1.0,r.-9.1.0,r.-9.1.0,r.-9.1.0,r.-9.1.0,,r.-9.1.0,r.-9.1.0,r.-9.1.0,r.-9.1.0,r.-9.1.0,r.-9.1.0,r.-9.1.0,r.-9.1.0,r.-9.1.0,r.-9.1.0,r.-9.1.0,r.-9.1.0,r.-9.1.0,r.-9.1.0,r.-9.1.0,r.-9.1.0,r.-9.1.0,r.-9.1.0,r.-9.1.0,r.-9.1.0,r.-9.1.0,r.-9.1.0,r.-9.1.0,r.-9.1.0,r.-9.1.0,r.-9.1.0,r.-9.1.0,,r.-9.1.0,r.-9.1.0,r.-9.1.0,r.-9.1.0,,,,,,,,,,,,,,,,,,,,,,,,,,,,,,,,,,,,,,,,,,,,,,,,,,,,,,,,,,,,,,,,,,,,,,,
352,r.-9.1.0,r.-9.1.0,r.-9.1.0,r.-9.1.0,r.-9.1.0,r.-9.1.0,r.-9.1.0,r.-9.1.0,r.-9.1.0,r.-9.1.0,r.-9.1.0,,r.-9.1.0,r.-9.1.0,r.-9.1.0,r.-9.1.0,r.-9.1.0,r.-9.1.0,r.-9.1.0,r.-9.1.0,r.-9.1.0,r.-9.1.0,r.-9.1.0,r.-9.1.0,r.-9.1.0,r.-9.1.0,r.-9.1.0,r.-9.1.0,r.-9.1.0,r.-9.1.0,r.-9.1.0,r.-9.1.0,r.-9.1.0,r.-9.1.0,r.-9.1.0,r.-9.1.0,r.-9.1.0,r.-9.1.0,r.-9.1.0,,r.-9.1.0,r.-9.1.0,r.-9.1.0,r.-9.1.0,,,,,,,,,,,,,,,,,,,,,,,,,,,,,,,,,,,,,,,,,,,,,,,,,,,,,,,,,,,,,,,,,,,,,,,
353,r.-9.1.0,r.-9.1.0,r.-9.1.0,r.-9.1.0,r.-9.1.0,r.-9.1.0,r.-9.1.0,r.-9.1.0,r.-9.1.0,r.-9.1.0,r.-9.1.0,,r.-9.1.0,r.-9.1.0,r.-9.1.0,r.-9.1.0,r.-9.1.0,r.-9.1.0,r.-9.1.0,r.-9.1.0,r.-9.1.0,r.-9.1.0,r.-9.1.0,r.-9.1.0,r.-9.1.0,r.-9.1.0,r.-9.1.0,r.-9.1.0,r.-9.1.0,r.-9.1.0,r.-9.1.0,r.-9.1.0,r.-9.1.0,r.-9.1.0,r.-9.1.0,r.-9.1.0,r.-9.1.0,r.-9.1.0,r.-9.1.0,,r.-9.1.0,r.-9.1.0,r.-9.1.0,r.-9.1.0,,,,,,,,,,,,,,,,,,,,,,,,,,,,,,,,,,,,,,,,,,,,,,,,,,,,,,,,,,,,,,,,,,,,,,,
354,r.-9.1.0,r.-9.1.0,r.-9.1.0,r.-9.1.0,r.-9.1.0,r.-9.1.0,r.-9.1.0,r.-9.1.0,r.-9.1.0,r.-9.1.0,r.-9.1.0,,r.-9.1.0,r.-9.1.0,r.-9.1.0,r.-9.1.0,r.-9.1.0,r.-9.1.0,r.-9.1.0,r.-9.1.0,r.-9.1.0,r.-9.1.0,r.-9.1.0,r.-9.1.0,r.-9.1.0,r.-9.1.0,r.-9.1.0,r.-9.1.0,r.-9.1.0,r.-9.1.0,r.-9.1.0,r.-9.1.0,r.-9.1.0,r.-9.1.0,r.-9.1.0,r.-9.1.0,r.-9.1.0,r.-9.1.0,r.-9.1.0,,r.-9.1.0,r.-9.1.0,r.-9.1.0,r.-9.1.0,,,,,,,,,,,,,,,,,,,,,,,,,,,,,,,,,,,,,,,,,,,,,,,,,,,,,,,,,,,,,,,,,,,,,,,
355,r.-9.1.0,r.-9.1.0,r.-9.1.0,r.-9.1.0,r.-9.1.0,r.-9.1.0,r.-9.1.0,r.-9.1.0,r.-9.1.0,r.-9.1.0,r.-9.1.0,,r.-9.1.0,r.-9.1.0,r.-9.1.0,r.-9.1.0,r.-9.1.0,r.-9.1.0,r.-9.1.0,r.-9.1.0,r.-9.1.0,r.-9.1.0,r.-9.1.0,r.-9.1.0,r.-9.1.0,r.-9.1.0,r.-9.1.0,r.-9.1.0,r.-9.1.0,r.-9.1.0,r.-9.1.0,r.-9.1.0,r.-9.1.0,r.-9.1.0,r.-9.1.0,r.-9.1.0,r.-9.1.0,r.-9.1.0,r.-9.1.0,,r.-9.1.0,r.-9.1.0,r.-9.1.0,r.-9.1.0,,,,,,,,,,,,,,,,,,,,,,,,,,,,,,,,,,,,,,,,,,,,,,,,,,,,,,,,,,,,,,,,,,,,,,,
356,r.-9.1.0,r.-9.1.0,r.-9.1.0,r.-9.1.0,r.-9.1.0,r.-9.1.0,r.-9.1.0,r.-9.1.0,r.-9.1.0,r.-9.1.0,r.-9.1.0,,r.-9.1.0,r.-9.1.0,r.-9.1.0,r.-9.1.0,r.-9.1.0,r.-9.1.0,r.-9.1.0,r.-9.1.0,r.-9.1.0,r.-9.1.0,r.-9.1.0,r.-9.1.0,r.-9.1.0,r.-9.1.0,r.-9.1.0,r.-9.1.0,r.-9.1.0,r.-9.1.0,r.-9.1.0,r.-9.1.0,r.-9.1.0,r.-9.1.0,r.-9.1.0,r.-9.1.0,r.-9.1.0,r.-9.1.0,r.-9.1.0,,r.-9.1.0,r.-9.1.0,r.-9.1.0,r.-9.1.0,,,,,,,,,,,,,,,,,,,,,,,,,,,,,,,,,,,,,,,,,,,,,,,,,,,,,,,,,,,,,,,,,,,,,,,
357,r.-13.1.0,r.-13.1.0/r.-14.1.0,r.-14.1.0/r.-13.1.0,r.-13.1.0/r.-14.1.0,r.-13.1.0/r.-14.1.0,r.-13.1.0/r.-14.1.0,r.-14.1.0/r.-13.1.0,r.-13.1.0/r.-14.1.0,r.-13.1.0/r.-14.1.0,r.-14.1.0/r.-13.1.0,r.-13.1.0/r.-14.1.0,,r.-13.1.0,r.-13.1.0,r.-13.1.0,r.-13.1.0,r.-13.1.0,r.-13.1.0,r.-13.1.0,r.-13.1.0,r.-13.1.0,r.-13.1.0,r.-13.1.0,r.-13.1.0,r.-13.1.0,r.-13.1.0,r.-13.1.0,r.-13.1.0,r.-13.1.0,r.-13.1.0,r.-13.1.0,r.-13.1.0,r.-13.1.0,r.-13.1.0,r.-13.1.0,r.-13.1.0,r.-13.1.0,r.-13.1.0,r.-13.1.0,,r.-13.1.0,r.-13.1.0,r.-13.1.0,r.-13.1.0,,,,,,,,,,,,,,,,,,,,,,,,,,,,,,,,,,,,,,,,,,,,,,,,,,,,,,,,,,,,,,,,,,,,,,,
358,r.-13.1.0,r.-14.1.0/r.-13.1.0,r.-13.1.0/r.-14.1.0,r.-13.1.0/r.-14.1.0,r.-14.1.0/r.-13.1.0,r.-13.1.0/r.-14.1.0,r.-14.1.0/r.-13.1.0,r.-13.1.0/r.-14.1.0,r.-13.1.0/r.-14.1.0,r.-13.1.0/r.-14.1.0,r.-13.1.0/r.-14.1.0,,r.-13.1.0,r.-13.1.0,r.-13.1.0,r.-13.1.0,r.-13.1.0,r.-13.1.0,r.-13.1.0,r.-13.1.0,r.-13.1.0,r.-13.1.0,r.-13.1.0,r.-13.1.0,r.-13.1.0,r.-13.1.0,r.-13.1.0,r.-13.1.0,r.-13.1.0,r.-13.1.0,r.-13.1.0,r.-13.1.0,r.-13.1.0,r.-13.1.0,r.-13.1.0,r.-13.1.0,r.-13.1.0,r.-13.1.0,r.-13.1.0,,r.-13.1.0,r.-13.1.0,r.-13.1.0,r.-13.1.0,,,,,,,,,,,,,,,,,,,,,,,,,,,,,,,,,,,,,,,,,,,,,,,,,,,,,,,,,,,,,,,,,,,,,,,
359,r.-13.1.0,r.-13.1.0,r.-13.1.0,r.-13.1.0,r.-13.1.0,r.-13.1.0,r.-13.1.0,r.-13.1.0,r.-13.1.0,r.-13.1.0,r.-13.1.0,,r.-13.1.0,r.-13.1.0,r.-13.1.0,r.-13.1.0,r.-13.1.0,r.-13.1.0,r.-13.1.0,r.-13.1.0,r.-13.1.0,r.-13.1.0,r.-13.1.0,r.-13.1.0,r.-13.1.0,r.-13.1.0,r.-13.1.0,r.-13.1.0,r.-13.1.0,r.-13.1.0,r.-13.1.0,r.-13.1.0,r.-13.1.0,r.-13.1.0,r.-13.1.0,r.-13.1.0,r.-13.1.0,r.-13.1.0,r.-13.1.0,,r.-13.1.0,r.-13.1.0,r.-13.1.0,r.-13.1.0,,,,,,,,,,,,,,,,,,,,,,,,,,,,,,,,,,,,,,,,,,,,,,,,,,,,,,,,,,,,,,,,,,,,,,,
360,r.-13.1.0,r.-13.1.0,r.-13.1.0,r.-13.1.0,r.-13.1.0,r.-13.1.0,r.-13.1.0,r.-13.1.0,r.-13.1.0,r.-13.1.0,r.-13.1.0,,r.-13.1.0,r.-13.1.0,r.-13.1.0,r.-13.1.0,r.-13.1.0,r.-13.1.0,r.-13.1.0,r.-13.1.0,r.-13.1.0,r.-13.1.0,r.-13.1.0,r.-13.1.0,r.-13.1.0,r.-13.1.0,r.-13.1.0,r.-13.1.0,r.-13.1.0,r.-13.1.0,r.-13.1.0,r.-13.1.0,r.-13.1.0,r.-13.1.0,r.-13.1.0,r.-13.1.0,r.-13.1.0,r.-13.1.0,r.-13.1.0,,r.-13.1.0,r.-13.1.0,r.-13.1.0,r.-13.1.0,,,,,,,,,,,,,,,,,,,,,,,,,,,,,,,,,,,,,,,,,,,,,,,,,,,,,,,,,,,,,,,,,,,,,,,
361,p.120,p.121,p.122,p.123,p.124,p.125,p.126,p.127,p.128,p.129,p.130,p.131,p.132,p.133,p.134,p.135,p.136,p.137,p.138,p.139,p.140,p.141,p.142,p.143,p.144,p.145,p.146,p.147,p.148,p.149,p.150,p.151,p.152,p.153,p.154,p.155,p.156,p.157,p.158,p.159,p.160,p.161,p.162,p.163,,p.164,p.165,p.166,p.167,p.168,p.169,p.170,p.171,p.172,p.173,p.174,p.175,p.176,p.177,p.178,p.179,p.180,p.181,p.182,p.183,p.184,p.185,p.186,p.187,p.188,p.189,p.190,p.191,p.192,p.193,p.194,p.195,p.196,p.197,p.198,p.199,p.200,p.201,p.202,p.203,p.204,p.205,p.206,p.207,p.208,p.209,p.210,p.211,p.212,,,,,,,,,,,,,,,,,p.213,p.448,,,
362,,,,,,,,,,,,,r.-7.1.0,,,,,,,,,,,,,,,,,,,,,,,,,,,,,,,,,,,,,,,,,,,,,,,,,,,,,,,,,,,,,,,,,,,,,,,,,,,,,,,,,,,,,,,,,,,,,,,,,,,,,,
363,,,,,,,,,,,,,r.-2.1.0,,,,,,,,,,,,,,,,,,,,,,,,,,,,,,,,,,,,,,,,,,,,,,,,,,,,,,,,,,,,,,,,,,,,,,,,,,,,,,,,,,,,,,,,,,,,,,,,,,,,,,
364,,,,,,,,,,,,,p.447,,,,,,,,,,,,,,,,,,,,,,,,,,,,,,,,,,,,,,,,,,,,,,,,,,,,,,,,,,,,,,,,,,,,,,,,,,,,,,,,,,,,,,,,,,,,,,,,,,,,,,
365,r.-20.1.0,r.-20.1.0,r.-20.1.0,r.-20.1.0,r.-20.1.0,r.-20.1.0,r.-20.1.0,r.-20.1.0,r.-20.1.0,r.-20.1.0,r.-20.1.0,,r.-20.1.0,r.-20.1.0,r.-20.1.0,r.-20.1.0,r.-20.1.0,r.-20.1.0,r.-20.1.0,r.-20.1.0,r.-20.1.0,r.-20.1.0,r.-20.1.0,r.-20.1.0,r.-20.1.0,r.-20.1.0,r.-20.1.0,r.-20.1.0,r.-20.1.0,r.-20.1.0,r.-20.1.0,r.-20.1.0,r.-20.1.0,r.-20.1.0,r.-20.1.0,r.-20.1.0,r.-20.1.0,r.-20.1.0,r.-20.1.0,,r.-20.1.0,r.-20.1.0,r.-20.1.0,r.-20.1.0,,,,,,,,,,,,,,,,,,,,,,,,,,,,,,,,,,,,,,,,,,,,,,,,,,,,,,,,,,,,,,,,,,,,,,,
366,,,,,,,,,,,,,r.-7.1.0,,,,,,,,,,,,,,,,,,,,,,,,,,,,,,,,,,,,,,,,,,,,,,,,,,,,,,,,,,,,,,,,,,,,,,,,,,,,,,,,,,,,,,,,,,,,,,,,,,,,,,
367,,,,,,,,,,,,,r.-2.1.0,,,,,,,,,,,,,,,,,,,,,,,,,,,,,,,,,,,,,,,,,,,,,,,,,,,,,,,,,,,,,,,,,,,,,,,,,,,,,,,,,,,,,,,,,,,,,,,,,,,,,,
368,r.-20.1.0,r.-20.1.0,r.-20.1.0,r.-20.1.0,r.-20.1.0,r.-20.1.0,r.-20.1.0,r.-20.1.0,r.-20.1.0,r.-20.1.0,r.-20.1.0,,r.-20.1.0,r.-20.1.0,r.-20.1.0,r.-20.1.0,r.-20.1.0,r.-20.1.0,r.-20.1.0,r.-20.1.0,r.-20.1.0,r.-20.1.0,r.-20.1.0,r.-20.1.0,r.-20.1.0,r.-20.1.0,r.-20.1.0,r.-20.1.0,r.-20.1.0,r.-20.1.0,r.-20.1.0,r.-20.1.0,r.-20.1.0,r.-20.1.0,r.-20.1.0,r.-20.1.0,r.-20.1.0,r.-20.1.0,r.-20.1.0,,r.-20.1.0,r.-20.1.0,r.-20.1.0,r.-20.1.0,,,,,,,,,,,,,,,,,,,,,,,,,,,,,,,,,,,,,,,,,,,,,,,,,,,,,,,,,,,,,,,,,,,,,,,
369,,p.419,p.420,p.421,p.422,p.423,p.424,p.425,p.426,p.427,p.428,,,,,,,,,,,,,,,,,,,,,,,,,,,,,,,,,,,,,,,,,,,,,,,,,,,,,,,,,,,,,,,,,,,,,,,,,,,,,,,,,,,,,,,,p.429,p.430,,,,,,,,,,,,,,,
370,,,,,,,,,,,,,r.-2.1.0,,,,,,,,,,,,,,,,,,,,,,,,,,,,,,,,,,,,,,,,,,,,,,,,,,,,,,,,,,,,,,,,,,,,,,,,,,,,,,,,,,,,,,,,,,,,,,,,,,,,,,
371,,,,,,,,,,,,,r.-2.1.0,,,,,,,,,,,,,,,,,,,,,,,,,,,,,,,,,,,,,,,,,,,,,,,,,,,,,,,,,,,,,,,,,,,,,,,,,,,,,,,,,,,,,,,,,,,,,,,,,,,,,,
372,p.373,p.374,p.375,p.376,p.377,p.378,p.379,p.380,p.381,p.382,p.383,,r.-19.0.6/r.-18.1.6,p.384,p.385,p.386,p.387,p.388,p.389,p.390,p.391,p.392,p.393,p.394,p.395,p.396,p.397,p.398,p.399,p.400,p.401,p.402,p.403,p.404,p.405,p.406,p.407,p.408,p.409,,p.410,p.411,p.412,p.413,,,,,,,,,,,,,,,,,,,,,,,,,,,,,,,,,,,,,,,,,,,,,,,,,,,,,,,p.414,,,,,p.415,,,,p.416,,,,,,p.417,p.418
373,,,,,,,,,,,,,r.-13.1.0,,,,,,,,,,,,,,,,,,,,,,,,,,,,,,,,,,,,,,,,,,,,,,,,,,,,,,,,,,,,,,,,,,,,,,,,,,,,,,,,,,,,,,,,,,,,,,,,,,,,,,
374,,,,,,,,,,,,,r.-4.1.0,,,,,,,,,,,,,,,,,,,,,,,,,,,,,,,,,,,,,,,,,,,,,,,,,,,,,,,,,,,,,,,,,,,,,,,,,,,,,,,,,,,,,,,,,,,,,,,,,,,,,,
375,,,,,,,,,,,,,r.-4.1.0,,,,,,,,,,,,,,,,,,,,,,,,,,,,,,,,,,,,,,,,,,,,,,,,,,,,,,,,,,,,,,,,,,,,,,,,,,,,,,,,,,,,,,,,,,,,,,,,,,,,,,
376,,,,,,,,,,,,,r.-4.1.0,,,,,,,,,,,,,,,,,,,,,,,,,,,,,,,,,,,,,,,,,,,,,,,,,,,,,,,,,,,,,,,,,,,,,,,,,,,,,,,,,,,,,,,,,,,,,,,,,,,,,,
377,,,,,,,,,,,,,r.-4.1.0,,,,,,,,,,,,,,,,,,,,,,,,,,,,,,,,,,,,,,,,,,,,,,,,,,,,,,,,,,,,,,,,,,,,,,,,,,,,,,,,,,,,,,,,,,,,,,,,,,,,,,
378,,,,,,,,,,,,,r.-4.1.0,,,,,,,,,,,,,,,,,,,,,,,,,,,,,,,,,,,,,,,,,,,,,,,,,,,,,,,,,,,,,,,,,,,,,,,,,,,,,,,,,,,,,,,,,,,,,,,,,,,,,,
379,,,,,,,,,,,,,r.-4.1.0,,,,,,,,,,,,,,,,,,,,,,,,,,,,,,,,,,,,,,,,,,,,,,,,,,,,,,,,,,,,,,,,,,,,,,,,,,,,,,,,,,,,,,,,,,,,,,,,,,,,,,
380,,,,,,,,,,,,,r.-4.1.0,,,,,,,,,,,,,,,,,,,,,,,,,,,,,,,,,,,,,,,,,,,,,,,,,,,,,,,,,,,,,,,,,,,,,,,,,,,,,,,,,,,,,,,,,,,,,,,,,,,,,,
381,,,,,,,,,,,,,r.-4.1.0,,,,,,,,,,,,,,,,,,,,,,,,,,,,,,,,,,,,,,,,,,,,,,,,,,,,,,,,,,,,,,,,,,,,,,,,,,,,,,,,,,,,,,,,,,,,,,,,,,,,,,
382,,,,,,,,,,,,,r.-4.1.0,,,,,,,,,,,,,,,,,,,,,,,,,,,,,,,,,,,,,,,,,,,,,,,,,,,,,,,,,,,,,,,,,,,,,,,,,,,,,,,,,,,,,,,,,,,,,,,,,,,,,,
383,,,,,,,,,,,,,r.-4.1.0,,,,,,,,,,,,,,,,,,,,,,,,,,,,,,,,,,,,,,,,,,,,,,,,,,,,,,,,,,,,,,,,,,,,,,,,,,,,,,,,,,,,,,,,,,,,,,,,,,,,,,
384,,,,,,,,,,,,,r.-9.1.0,,,,,,,,,,,,,,,,,,,,,,,,,,,,,,,,,,,,,,,,,,,,,,,,,,,,,,,,,,,,,,,,,,,,,,,,,,,,,,,,,,,,,,,,,,,,,,,,,,,,,,
385,,,,,,,,,,,,,r.-9.1.0,,,,,,,,,,,,,,,,,,,,,,,,,,,,,,,,,,,,,,,,,,,,,,,,,,,,,,,,,,,,,,,,,,,,,,,,,,,,,,,,,,,,,,,,,,,,,,,,,,,,,,
386,,,,,,,,,,,,,r.-9.1.0,,,,,,,,,,,,,,,,,,,,,,,,,,,,,,,,,,,,,,,,,,,,,,,,,,,,,,,,,,,,,,,,,,,,,,,,,,,,,,,,,,,,,,,,,,,,,,,,,,,,,,
387,,,,,,,,,,,,,r.-9.1.0,,,,,,,,,,,,,,,,,,,,,,,,,,,,,,,,,,,,,,,,,,,,,,,,,,,,,,,,,,,,,,,,,,,,,,,,,,,,,,,,,,,,,,,,,,,,,,,,,,,,,,
388,,,,,,,,,,,,,r.-9.1.0,,,,,,,,,,,,,,,,,,,,,,,,,,,,,,,,,,,,,,,,,,,,,,,,,,,,,,,,,,,,,,,,,,,,,,,,,,,,,,,,,,,,,,,,,,,,,,,,,,,,,,
389,,,,,,,,,,,,,r.-9.1.0,,,,,,,,,,,,,,,,,,,,,,,,,,,,,,,,,,,,,,,,,,,,,,,,,,,,,,,,,,,,,,,,,,,,,,,,,,,,,,,,,,,,,,,,,,,,,,,,,,,,,,
390,,,,,,,,,,,,,r.-9.1.0,,,,,,,,,,,,,,,,,,,,,,,,,,,,,,,,,,,,,,,,,,,,,,,,,,,,,,,,,,,,,,,,,,,,,,,,,,,,,,,,,,,,,,,,,,,,,,,,,,,,,,
391,,,,,,,,,,,,,r.-9.1.0,,,,,,,,,,,,,,,,,,,,,,,,,,,,,,,,,,,,,,,,,,,,,,,,,,,,,,,,,,,,,,,,,,,,,,,,,,,,,,,,,,,,,,,,,,,,,,,,,,,,,,
392,,,,,,,,,,,,,r.-9.1.0,,,,,,,,,,,,,,,,,,,,,,,,,,,,,,,,,,,,,,,,,,,,,,,,,,,,,,,,,,,,,,,,,,,,,,,,,,,,,,,,,,,,,,,,,,,,,,,,,,,,,,
393,,,,,,,,,,,,,r.-9.1.0,,,,,,,,,,,,,,,,,,,,,,,,,,,,,,,,,,,,,,,,,,,,,,,,,,,,,,,,,,,,,,,,,,,,,,,,,,,,,,,,,,,,,,,,,,,,,,,,,,,,,,
394,,,,,,,,,,,,,r.-9.1.0,,,,,,,,,,,,,,,,,,,,,,,,,,,,,,,,,,,,,,,,,,,,,,,,,,,,,,,,,,,,,,,,,,,,,,,,,,,,,,,,,,,,,,,,,,,,,,,,,,,,,,
395,,,,,,,,,,,,,r.-9.1.0,,,,,,,,,,,,,,,,,,,,,,,,,,,,,,,,,,,,,,,,,,,,,,,,,,,,,,,,,,,,,,,,,,,,,,,,,,,,,,,,,,,,,,,,,,,,,,,,,,,,,,
396,,,,,,,,,,,,,r.-9.1.0,,,,,,,,,,,,,,,,,,,,,,,,,,,,,,,,,,,,,,,,,,,,,,,,,,,,,,,,,,,,,,,,,,,,,,,,,,,,,,,,,,,,,,,,,,,,,,,,,,,,,,
397,,,,,,,,,,,,,r.-9.1.0,,,,,,,,,,,,,,,,,,,,,,,,,,,,,,,,,,,,,,,,,,,,,,,,,,,,,,,,,,,,,,,,,,,,,,,,,,,,,,,,,,,,,,,,,,,,,,,,,,,,,,
398,,,,,,,,,,,,,r.-9.1.0,,,,,,,,,,,,,,,,,,,,,,,,,,,,,,,,,,,,,,,,,,,,,,,,,,,,,,,,,,,,,,,,,,,,,,,,,,,,,,,,,,,,,,,,,,,,,,,,,,,,,,
399,,,,,,,,,,,,,r.-9.1.0,,,,,,,,,,,,,,,,,,,,,,,,,,,,,,,,,,,,,,,,,,,,,,,,,,,,,,,,,,,,,,,,,,,,,,,,,,,,,,,,,,,,,,,,,,,,,,,,,,,,,,
400,,,,,,,,,,,,,r.-9.1.0,,,,,,,,,,,,,,,,,,,,,,,,,,,,,,,,,,,,,,,,,,,,,,,,,,,,,,,,,,,,,,,,,,,,,,,,,,,,,,,,,,,,,,,,,,,,,,,,,,,,,,
401,,,,,,,,,,,,,r.-9.1.0,,,,,,,,,,,,,,,,,,,,,,,,,,,,,,,,,,,,,,,,,,,,,,,,,,,,,,,,,,,,,,,,,,,,,,,,,,,,,,,,,,,,,,,,,,,,,,,,,,,,,,
402,,,,,,,,,,,,,r.-9.1.0,,,,,,,,,,,,,,,,,,,,,,,,,,,,,,,,,,,,,,,,,,,,,,,,,,,,,,,,,,,,,,,,,,,,,,,,,,,,,,,,,,,,,,,,,,,,,,,,,,,,,,
403,,,,,,,,,,,,,r.-9.1.0,,,,,,,,,,,,,,,,,,,,,,,,,,,,,,,,,,,,,,,,,,,,,,,,,,,,,,,,,,,,,,,,,,,,,,,,,,,,,,,,,,,,,,,,,,,,,,,,,,,,,,
404,,,,,,,,,,,,,r.-9.1.0,,,,,,,,,,,,,,,,,,,,,,,,,,,,,,,,,,,,,,,,,,,,,,,,,,,,,,,,,,,,,,,,,,,,,,,,,,,,,,,,,,,,,,,,,,,,,,,,,,,,,,
405,,,,,,,,,,,,,r.-9.1.0,,,,,,,,,,,,,,,,,,,,,,,,,,,,,,,,,,,,,,,,,,,,,,,,,,,,,,,,,,,,,,,,,,,,,,,,,,,,,,,,,,,,,,,,,,,,,,,,,,,,,,
406,,,,,,,,,,,,,r.-9.1.0,,,,,,,,,,,,,,,,,,,,,,,,,,,,,,,,,,,,,,,,,,,,,,,,,,,,,,,,,,,,,,,,,,,,,,,,,,,,,,,,,,,,,,,,,,,,,,,,,,,,,,
407,,,,,,,,,,,,,r.-9.1.0,,,,,,,,,,,,,,,,,,,,,,,,,,,,,,,,,,,,,,,,,,,,,,,,,,,,,,,,,,,,,,,,,,,,,,,,,,,,,,,,,,,,,,,,,,,,,,,,,,,,,,
408,,,,,,,,,,,,,r.-9.1.0,,,,,,,,,,,,,,,,,,,,,,,,,,,,,,,,,,,,,,,,,,,,,,,,,,,,,,,,,,,,,,,,,,,,,,,,,,,,,,,,,,,,,,,,,,,,,,,,,,,,,,
409,,,,,,,,,,,,,r.-9.1.0,,,,,,,,,,,,,,,,,,,,,,,,,,,,,,,,,,,,,,,,,,,,,,,,,,,,,,,,,,,,,,,,,,,,,,,,,,,,,,,,,,,,,,,,,,,,,,,,,,,,,,
410,,,,,,,,,,,,,r.-13.1.0,,,,,,,,,,,,,,,,,,,,,,,,,,,,,,,,,,,,,,,,,,,,,,,,,,,,,,,,,,,,,,,,,,,,,,,,,,,,,,,,,,,,,,,,,,,,,,,,,,,,,,
411,,,,,,,,,,,,,r.-13.1.0,,,,,,,,,,,,,,,,,,,,,,,,,,,,,,,,,,,,,,,,,,,,,,,,,,,,,,,,,,,,,,,,,,,,,,,,,,,,,,,,,,,,,,,,,,,,,,,,,,,,,,
412,,,,,,,,,,,,,r.-13.1.0,,,,,,,,,,,,,,,,,,,,,,,,,,,,,,,,,,,,,,,,,,,,,,,,,,,,,,,,,,,,,,,,,,,,,,,,,,,,,,,,,,,,,,,,,,,,,,,,,,,,,,
413,,,,,,,,,,,,,r.-13.1.0,,,,,,,,,,,,,,,,,,,,,,,,,,,,,,,,,,,,,,,,,,,,,,,,,,,,,,,,,,,,,,,,,,,,,,,,,,,,,,,,,,,,,,,,,,,,,,,,,,,,,,
414,,,,,,,,,,,,,r.-19.1.0,,,,,,,,,,,,,,,,,,,,,,,,,,,,,,,,,,,,,,,,,,,,,,,,,,,,,,,,,,,,,,,,,,,,,,,,,,,,,,,,,,,,,,,,,,,,,,,,,,,,,,
415,,,,,,,,,,,,,r.-20.1.0,,,,,,,,,,,,,,,,,,,,,,,,,,,,,,,,,,,,,,,,,,,,,,,,,,,,,,,,,,,,,,,,,,,,,,,,,,,,,,,,,,,,,,,,,,,,,,,,,,,,,,
416,,,,,,,,,,,,,r.-20.1.0,,,,,,,,,,,,,,,,,,,,,,,,,,,,,,,,,,,,,,,,,,,,,,,,,,,,,,,,,,,,,,,,,,,,,,,,,,,,,,,,,,,,,,,,,,,,,,,,,,,,,,
417,,,,,,,,,,,,,r.-18.2.0,,,,,,,,,,,,,,,,,,,,,,,,,,,,,,,,,,,,,,,,,,,,,,,,,,,,,,,,,,,,,,,,,,,,,,,,,,,,,,,,,,,,,,,,,,,,,,,,,,,,,,
418,,,,,,,,,,,,,r.-19.1.0,,,,,,,,,,,,,,,,,,,,,,,,,,,,,,,,,,,,,,,,,,,,,,,,,,,,,,,,,,,,,,,,,,,,,,,,,,,,,,,,,,,,,,,,,,,,,,,,,,,,,,
419,r.-4.1.0,r.-4.1.0,r.-4.1.0,r.-4.1.0,r.-4.1.0,r.-4.1.0,r.-4.1.0,r.-4.1.0,r.-4.1.0,r.-4.1.0,r.-4.1.0,,r.-4.1.0,,,,,,,,,,,,,,,,,,,,,,,,,,,,,,,,,,,,,,,,,,,,,,,,,,,,,,,,,,,,,,,,,,,,,,,,,,,,,,,,,,,,,,,,,,,,,,,,,,,,,,
420,r.-4.1.0,r.-4.1.0,r.-4.1.0,r.-4.1.0,r.-4.1.0,r.-4.1.0,r.-4.1.0,r.-4.1.0,r.-4.1.0,r.-4.1.0,r.-4.1.0,,r.-4.1.0,,,,,,,,,,,,,,,,,,,,,,,,,,,,,,,,,,,,,,,,,,,,,,,,,,,,,,,,,,,,,,,,,,,,,,,,,,,,,,,,,,,,,,,,,,,,,,,,,,,,,,
421,r.-4.1.0,r.-4.1.0,r.-4.1.0,r.-4.1.0,r.-4.1.0,r.-4.1.0,r.-4.1.0,r.-4.1.0,r.-4.1.0,r.-4.1.0,r.-4.1.0,,r.-4.1.0,,,,,,,,,,,,,,,,,,,,,,,,,,,,,,,,,,,,,,,,,,,,,,,,,,,,,,,,,,,,,,,,,,,,,,,,,,,,,,,,,,,,,,,,,,,,,,,,,,,,,,
422,r.-4.1.0,r.-4.1.0,r.-4.1.0,r.-4.1.0,r.-4.1.0,r.-4.1.0,r.-4.1.0,r.-4.1.0,r.-4.1.0,r.-4.1.0,r.-4.1.0,,r.-4.1.0,,,,,,,,,,,,,,,,,,,,,,,,,,,,,,,,,,,,,,,,,,,,,,,,,,,,,,,,,,,,,,,,,,,,,,,,,,,,,,,,,,,,,,,,,,,,,,,,,,,,,,
423,r.-4.1.0,r.-4.1.0,r.-4.1.0,r.-4.1.0,r.-4.1.0,r.-4.1.0,r.-4.1.0,r.-4.1.0,r.-4.1.0,r.-4.1.0,r.-4.1.0,,r.-4.1.0,,,,,,,,,,,,,,,,,,,,,,,,,,,,,,,,,,,,,,,,,,,,,,,,,,,,,,,,,,,,,,,,,,,,,,,,,,,,,,,,,,,,,,,,,,,,,,,,,,,,,,
424,r.-4.1.0,r.-4.1.0,r.-4.1.0,r.-4.1.0,r.-4.1.0,r.-4.1.0,r.-4.1.0,r.-4.1.0,r.-4.1.0,r.-4.1.0,r.-4.1.0,,r.-4.1.0,,,,,,,,,,,,,,,,,,,,,,,,,,,,,,,,,,,,,,,,,,,,,,,,,,,,,,,,,,,,,,,,,,,,,,,,,,,,,,,,,,,,,,,,,,,,,,,,,,,,,,
425,r.-4.1.0,r.-4.1.0,r.-4.1.0,r.-4.1.0,r.-4.1.0,r.-4.1.0,r.-4.1.0,r.-4.1.0,r.-4.1.0,r.-4.1.0,r.-4.1.0,,r.-4.1.0,,,,,,,,,,,,,,,,,,,,,,,,,,,,,,,,,,,,,,,,,,,,,,,,,,,,,,,,,,,,,,,,,,,,,,,,,,,,,,,,,,,,,,,,,,,,,,,,,,,,,,
426,r.-4.1.0,r.-4.1.0,r.-4.1.0,r.-4.1.0,r.-4.1.0,r.-4.1.0,r.-4.1.0,r.-4.1.0,r.-4.1.0,r.-4.1.0,r.-4.1.0,,r.-4.1.0,,,,,,,,,,,,,,,,,,,,,,,,,,,,,,,,,,,,,,,,,,,,,,,,,,,,,,,,,,,,,,,,,,,,,,,,,,,,,,,,,,,,,,,,,,,,,,,,,,,,,,
427,r.-4.1.0,r.-4.1.0,r.-4.1.0,r.-4.1.0,r.-4.1.0,r.-4.1.0,r.-4.1.0,r.-4.1.0,r.-4.1.0,r.-4.1.0,r.-4.1.0,,r.-4.1.0,,,,,,,,,,,,,,,,,,,,,,,,,,,,,,,,,,,,,,,,,,,,,,,,,,,,,,,,,,,,,,,,,,,,,,,,,,,,,,,,,,,,,,,,,,,,,,,,,,,,,,
428,r.-4.1.0,r.-4.1.0,r.-4.1.0,r.-4.1.0,r.-4.1.0,r.-4.1.0,r.-4.1.0,r.-4.1.0,r.-4.1.0,r.-4.1.0,r.-4.1.0,,r.-4.1.0,,,,,,,,,,,,,,,,,,,,,,,,,,,,,,,,,,,,,,,,,,,,,,,,,,,,,,,,,,,,,,,,,,,,,,,,,,,,,,,,,,,,,,,,,,,,,,,,,,,,,,
429,r.-5.1.0,p.419,p.420,p.421,p.422,p.423,p.424,p.425,p.426,p.427,p.428,,r.-5.1.0,,,,,,,,,,,,,,,,,,,,,,,,,,,,,,,,,,,,,,,,,,,,,,,,,,,,,,,,,,,,,,,,,,,,,,,,,,,,,,,,,,,,,,p.429,p.446,,,,,,,,,,,,,,,
430,p.431,,,,,,,,,,,,r.-12.2.6/r.-3.0.6,,,,,,,,,,,,,,,,,,,,,,,,,,,,,,,,,,,,,,,,,,,,,,,,,,,,,,,,,,,,,,,,,,,,,,,,,,,,,,,,,,,,,p.432,,,,,,,,,,,,,,,,,
431,,p.433,p.434,p.435,p.436,p.437,p.438,p.439,p.440,p.441,p.442,,,,,,,,,,,,,,,,,,,,,,,,,,,,,,,,,,,,,,,,,,,,,,,,,,,,,,,,,,,,,,,,,,,,,,,,,,,,,,,,,,,,,,,,p.443,p.444,,,,,,,,,,,,,,,
432,,,,,,,,,,,,,r.-12.3.0,,,,,,,,,,,,,,,,,,,,,,,,,,,,,,,,,,,,,,,,,,,,,,,,,,,,,,,,,,,,,,,,,,,,,,,,,,,,,,,,,,,,,,,,,,,,,,,,,,,,,,
433,,r.-4.1.0,r.-4.1.0,r.-4.1.0,r.-4.1.0,r.-4.1.0,r.-4.1.0,r.-4.1.0,r.-4.1.0,r.-4.1.0,r.-4.1.0,,r.-4.1.0,,,,,,,,,,,,,,,,,,,,,,,,,,,,,,,,,,,,,,,,,,,,,,,,,,,,,,,,,,,,,,,,,,,,,,,,,,,,,,,,,,,,,,,,,,,,,,,,,,,,,,
434,,r.-4.1.0,r.-4.1.0,r.-4.1.0,r.-4.1.0,r.-4.1.0,r.-4.1.0,r.-4.1.0,r.-4.1.0,r.-4.1.0,r.-4.1.0,,r.-4.1.0,,,,,,,,,,,,,,,,,,,,,,,,,,,,,,,,,,,,,,,,,,,,,,,,,,,,,,,,,,,,,,,,,,,,,,,,,,,,,,,,,,,,,,,,,,,,,,,,,,,,,,
435,,r.-4.1.0,r.-4.1.0,r.-4.1.0,r.-4.1.0,r.-4.1.0,r.-4.1.0,r.-4.1.0,r.-4.1.0,r.-4.1.0,r.-4.1.0,,r.-4.1.0,,,,,,,,,,,,,,,,,,,,,,,,,,,,,,,,,,,,,,,,,,,,,,,,,,,,,,,,,,,,,,,,,,,,,,,,,,,,,,,,,,,,,,,,,,,,,,,,,,,,,,
436,,r.-4.1.0,r.-4.1.0,r.-4.1.0,r.-4.1.0,r.-4.1.0,r.-4.1.0,r.-4.1.0,r.-4.1.0,r.-4.1.0,r.-4.1.0,,r.-4.1.0,,,,,,,,,,,,,,,,,,,,,,,,,,,,,,,,,,,,,,,,,,,,,,,,,,,,,,,,,,,,,,,,,,,,,,,,,,,,,,,,,,,,,,,,,,,,,,,,,,,,,,
437,,r.-4.1.0,r.-4.1.0,r.-4.1.0,r.-4.1.0,r.-4.1.0,r.-4.1.0,r.-4.1.0,r.-4.1.0,r.-4.1.0,r.-4.1.0,,r.-4.1.0,,,,,,,,,,,,,,,,,,,,,,,,,,,,,,,,,,,,,,,,,,,,,,,,,,,,,,,,,,,,,,,,,,,,,,,,,,,,,,,,,,,,,,,,,,,,,,,,,,,,,,
438,,r.-4.1.0,r.-4.1.0,r.-4.1.0,r.-4.1.0,r.-4.1.0,r.-4.1.0,r.-4.1.0,r.-4.1.0,r.-4.1.0,r.-4.1.0,,r.-4.1.0,,,,,,,,,,,,,,,,,,,,,,,,,,,,,,,,,,,,,,,,,,,,,,,,,,,,,,,,,,,,,,,,,,,,,,,,,,,,,,,,,,,,,,,,,,,,,,,,,,,,,,
439,,r.-4.1.0,r.-4.1.0,r.-4.1.0,r.-4.1.0,r.-4.1.0,r.-4.1.0,r.-4.1.0,r.-4.1.0,r.-4.1.0,r.-4.1.0,,r.-4.1.0,,,,,,,,,,,,,,,,,,,,,,,,,,,,,,,,,,,,,,,,,,,,,,,,,,,,,,,,,,,,,,,,,,,,,,,,,,,,,,,,,,,,,,,,,,,,,,,,,,,,,,
440,,r.-4.1.0,r.-4.1.0,r.-4.1.0,r.-4.1.0,r.-4.1.0,r.-4.1.0,r.-4.1.0,r.-4.1.0,r.-4.1.0,r.-4.1.0,,r.-4.1.0,,,,,,,,,,,,,,,,,,,,,,,,,,,,,,,,,,,,,,,,,,,,,,,,,,,,,,,,,,,,,,,,,,,,,,,,,,,,,,,,,,,,,,,,,,,,,,,,,,,,,,
441,,r.-4.1.0,r.-4.1.0,r.-4.1.0,r.-4.1.0,r.-4.1.0,r.-4.1.0,r.-4.1.0,r.-4.1.0,r.-4.1.0,r.-4.1.0,,r.-4.1.0,,,,,,,,,,,,,,,,,,,,,,,,,,,,,,,,,,,,,,,,,,,,,,,,,,,,,,,,,,,,,,,,,,,,,,,,,,,,,,,,,,,,,,,,,,,,,,,,,,,,,,
442,,r.-4.1.0,r.-4.1.0,r.-4.1.0,r.-4.1.0,r.-4.1.0,r.-4.1.0,r.-4.1.0,r.-4.1.0,r.-4.1.0,r.-4.1.0,,r.-4.1.0,,,,,,,,,,,,,,,,,,,,,,,,,,,,,,,,,,,,,,,,,,,,,,,,,,,,,,,,,,,,,,,,,,,,,,,,,,,,,,,,,,,,,,,,,,,,,,,,,,,,,,
443,,p.433,p.434,p.435,p.436,p.437,p.438,p.439,p.440,p.441,p.442,,r.-5.1.0,,,,,,,,,,,,,,,,,,,,,,,,,,,,,,,,,,,,,,,,,,,,,,,,,,,,,,,,,,,,,,,,,,,,,,,,,,,,,,,,,,,,,,p.443,p.445,,,,,,,,,,,,,,,
444,,,,,,,,,,,,,r.-3.2.0,,,,,,,,,,,,,,,,,,,,,,,,,,,,,,,,,,,,,,,,,,,,,,,,,,,,,,,,,,,,,,,,,,,,,,,,,,,,,,,,,,,,,,,,,,,,,,,,,,,,,,
445,,,,,,,,,,,,,r.-5.2.0,,,,,,,,,,,,,,,,,,,,,,,,,,,,,,,,,,,,,,,,,,,,,,,,,,,,,,,,,,,,,,,,,,,,,,,,,,,,,,,,,,,,,,,,,,,,,,,,,,,,,,
446,r.-5.2.0,,,,,,,,,,,,r.-5.2.0,,,,,,,,,,,,,,,,,,,,,,,,,,,,,,,,,,,,,,,,,,,,,,,,,,,,,,,,,,,,,,,,,,,,,,,,,,,,,,,,,,,,,,,,,,,,,,,,,,,,,,
447,,,,,,,,,,,,,,,,,,,,,,,,,,,,,,,,,,,,,,,,,,,,,,,,,,,,,,,,,,,,,,,,,,,,,,,,,,,,,,,,,,,,,,,,,,,,,,,r.-7.5.0,,,,,,,,,,,,,,,,,,,,
448,,,,,,,,,,,,,,,,,,,,,,,,,,,,,,,,,,,,,,,,,,,,,p.449,,,,,,,,,,,,,,,,,,,,,,,,,,,,,,,,,,,,,,,,,,,,,,,,,,,,,,,,,,,,,,,,,,,,,,
449,,,,,,,,,,,,,r.-15.3.0,,,,,,,,,,,,,,,,,,,,,,,,,,,,,,,,,,,,,,,,,,,,,,,,,,,,,,,,,,,,,,,,,,,,,,,,,,,,,,,,,,,,,,,,,,,,,,,,,,,,,,
450,p.325,,,,,,,,,,,,r.-11.0.6/r.-8.1.6,,,,,,,,,,,,,,,,,,,,,,,,,,,p.326,,,,,,,,,,,,,,,,,,,,,,,,,,,,,,,,,,,,,,,,,,,,,,,,,,,,,,,,,,,,,p.453,,,,,p.328,,,,,,,,,
451,,,,,,,,,,,,,p.452,,,,,,,,,,,,,,,,,,,,,,,,,,,,,,,,,,,,,,,,,,,,,,,,,,,,,,,,,,,,,,,,,,,,,,,,,,,,,,,,,,,,,,,,,,,,,,,,,,,,,,
452,,,,,,,,,,,,,r.-10.3.0,,,,,,,,,,,,,,,,,,,,,,,,,,,,,,,,,,,,,,,,,,,,,,,,,,,,,,,,,,,,,,,,,,,,,,,,,,,,,,,,,,,,,,,,,,,,,,,,,,,,,,
453,p.329,r.-14.0.4,r.-14.0.4,r.-14.0.4,r.-14.0.4,r.-14.0.4,r.-14.0.4,r.-14.0.4,r.-14.0.4,r.-14.0.4,r.-14.0.4,p.330,,p.331,p.332,p.333,p.334,p.335,p.336,p.337,p.338,p.339,p.340,p.341,p.342,p.343,p.344,p.345,p.346,p.347,p.348,p.349,p.350,p.351,p.352,p.353,p.354,p.355,p.356,,p.357,p.358,p.359,p.360,p.361,,,,,,,,,,,,,,,,,,,,,,,,,,,,,,,,,,,,,,,,,,,,,,,,,,,,p.362,,,,p.363,p.454,,p.365,p.366,,p.367,p.368,p.369,p.370,,,p.371,,p.372
454,,,,,,,,,,,,,p.455,,,,,,,,,,,,,,,,,,,,,,,,,,,,,,,,,,,,,,,,,,,,,,,,,,,,,,,,,,,,,,,,,,,,,,,,,,,,,,,,,,,,,,,,,,,,,,,,,,,,,,
455,,,,,,,,,,,,,r.-7.5.0,,,,,,,,,,,,,,,,,,,,,,,,,,,,,,,,,,,,,,,,,,,,,,,,,,,,,,,,,,,,,,,,,,,,,,,,,,,,,,,,,,,,,,,,,,,,,,,,,,,,,,
456,r.-13.1.0,r.-13.1.0,r.-13.1.0,r.-13.1.0,r.-13.1.0,r.-13.1.0,r.-13.1.0,r.-13.1.0,r.-13.1.0,r.-13.1.0,r.-13.1.0,,r.-6.1.0/r.-13.1.0,r.-13.1.0,r.-13.1.0,r.-13.1.0,r.-13.1.0,r.-13.1.0,r.-13.1.0,r.-13.1.0,r.-13.1.0,r.-13.1.0,r.-13.1.0,r.-13.1.0,r.-13.1.0,r.-13.1.0,r.-13.1.0,r.-13.1.0,r.-13.1.0,r.-13.1.0,r.-13.1.0,r.-13.1.0,r.-13.1.0,r.-13.1.0,r.-13.1.0,r.-13.1.0,r.-13.1.0,r.-13.1.0,r.-13.1.0,r.-13.1.0/r.-6.1.0,r.-13.1.0,r.-13.1.0,r.-13.1.0,r.-13.1.0,,,,,,,,,,,,,,,,,,,,,,,,,,,,,,,,,,,,,,,,,,,,,,,,,,,,,,,,,,,,,,,,,,,,,,,
457,p.217,r.-14.0.4,r.-14.0.4,r.-14.0.4,r.-14.0.4,r.-14.0.4,r.-14.0.4,r.-14.0.4,r.-14.0.4,r.-14.0.4,r.-14.0.4,p.218,r.-8.0.2,p.219,p.220,p.221,p.222,p.223,p.224,p.225,p.226,p.227,p.228,p.229,p.230,p.231,p.232,p.233,p.234,p.235,p.236,p.237,p.238,p.239,p.240,p.241,p.242,p.243,p.244,,p.245,p.246,p.247,p.248,p.249,,,,,,,,,,,,,,,,,,,,,,,,,,,,,,,,,,,,,,,,,,,,,,,,,,,,p.250,,,,p.251,p.533,p.534,p.254,p.255,,p.256,p.257,p.258,p.259,,,p.260,,p.261
458,p.120,p.121,p.122,p.123,p.124,p.125,p.126,p.127,p.128,p.129,p.130,p.131,p.132,p.133,p.134,p.135,p.136,p.137,p.138,p.139,p.140,p.141,p.142,p.143,p.144,p.145,p.146,p.147,p.148,p.149,p.150,p.151,p.152,p.153,p.154,p.155,p.156,p.157,p.158,p.159,p.160,p.161,p.162,p.163,,p.164,p.165,p.166,p.167,p.168,p.169,p.170,p.171,p.172,p.173,p.174,p.175,p.176,p.177,p.178,p.179,p.180,p.181,p.182,p.183,p.184,p.185,p.186,p.187,p.188,p.189,p.190,p.191,p.192,p.193,p.194,p.195,p.196,p.197,p.198,p.199,p.200,p.201,p.202,p.203,p.204,p.205,p.206,p.207,p.208,p.209,p.210,p.211,p.212,,,,,,,,,,,,,,,,,p.213,p.531,,,
459,,,,,,,,,,,,,r.-7.1.0,,,,,,,,,,,,,,,,,,,,,,,,,,,r.-7.1.0,,,,,,,,,,,,,,,,,,,,,,,,,,,,,,,,,,,,,,,,,,,,,,,,,,,,,,,,,,,,,,,,,,,,,,,,,,,
460,,,,,,,,,,,,,r.-2.1.0,,,,,,,,,,,,,,,,,,,,,,,,,,,r.-2.1.0,,,,,,,,,,,,,,,,,,,,,,,,,,,,,,,,,,,,,,,,,,,,,,,,,,,,,,,,,,,,,,,,,,,,,,,,,,,
461,,,,,,,,,,,,,r.-11.2.6/r.-11.0.6,,,,,,,,,,,,,,,,,,,,,,,,,,,p.326,,,,,,,,,,,,,,,,,,,,,,,,,,,,,,,,,,,,,,,,,,,,,,,,,,,,,,,,,,,,,,,,,,p.530,,,,,,,,,
462,,,,,,,,,,,,,r.-7.1.0,,,,,,,,,,,,,,,,,,,,,,,,,,,r.-7.1.0,,,,,,,,,,,,,,,,,,,,,,,,,,,,,,,,,,,,,,,,,,,,,,,,,,,,,,,,,,,,,,,,,,,,,,,,,,,
463,,,,,,,,,,,,,r.-2.1.0,,,,,,,,,,,,,,,,,,,,,,,,,,,r.-2.1.0,,,,,,,,,,,,,,,,,,,,,,,,,,,,,,,,,,,,,,,,,,,,,,,,,,,,,,,,,,,,,,,,,,,,,,,,,,,
464,,p.308,p.309,p.310,p.311,p.312,p.313,p.314,p.315,p.316,p.317,,,,,,,,,,,,,,,,,,,,,,,,,,,,,,,,,,,,,,,,,,,,,,,,,,,,,,,,,,,,,,,,,,,,,,,,,,,,,,,,,,,,,,,,p.318,p.514,,,,,,,,,,,,,,,
465,,,,,,,,,,,,,r.-2.1.0,,,,,,,,,,,,,,,,,,,,,,,,,,,r.-2.1.0,,,,,,,,,,,,,,,,,,,,,,,,,,,,,,,,,,,,,,,,,,,,,,,,,,,,,,,,,,,,,,,,,,,,,,,,,,,
466,,,,,,,,,,,,,r.-2.1.0,,,,,,,,,,,,,,,,,,,,,,,,,,,r.-2.1.0,,,,,,,,,,,,,,,,,,,,,,,,,,,,,,,,,,,,,,,,,,,,,,,,,,,,,,,,,,,,,,,,,,,,,,,,,,,
467,p.468,p.469,p.470,p.471,p.472,p.473,p.474,p.475,p.476,p.477,p.478,,r.-18.1.6/r.-19.0.6,p.479,p.480,p.481,p.482,p.483,p.484,p.485,p.486,p.487,p.488,p.489,p.490,p.491,p.492,p.493,p.494,p.495,p.496,p.497,p.498,p.499,p.500,p.501,p.502,p.503,p.504,r.-18.1.6/r.-19.0.6,p.505,p.506,p.507,p.508,,,,,,,,,,,,,,,,,,,,,,,,,,,,,,,,,,,,,,,,,,,,,,,,,,,,,,,p.509,,,,,p.510,,,,p.511,,,,,,p.512,p.513
468,,,,,,,,,,,,,r.-13.1.0,,,,,,,,,,,,,,,,,,,,,,,,,,,r.-13.1.0,,,,,,,,,,,,,,,,,,,,,,,,,,,,,,,,,,,,,,,,,,,,,,,,,,,,,,,,,,,,,,,,,,,,,,,,,,,
469,,,,,,,,,,,,,r.-4.1.0,,,,,,,,,,,,,,,,,,,,,,,,,,,r.-4.1.0,,,,,,,,,,,,,,,,,,,,,,,,,,,,,,,,,,,,,,,,,,,,,,,,,,,,,,,,,,,,,,,,,,,,,,,,,,,
470,,,,,,,,,,,,,r.-4.1.0,,,,,,,,,,,,,,,,,,,,,,,,,,,r.-4.1.0,,,,,,,,,,,,,,,,,,,,,,,,,,,,,,,,,,,,,,,,,,,,,,,,,,,,,,,,,,,,,,,,,,,,,,,,,,,
471,,,,,,,,,,,,,r.-4.1.0,,,,,,,,,,,,,,,,,,,,,,,,,,,r.-4.1.0,,,,,,,,,,,,,,,,,,,,,,,,,,,,,,,,,,,,,,,,,,,,,,,,,,,,,,,,,,,,,,,,,,,,,,,,,,,
472,,,,,,,,,,,,,r.-4.1.0,,,,,,,,,,,,,,,,,,,,,,,,,,,r.-4.1.0,,,,,,,,,,,,,,,,,,,,,,,,,,,,,,,,,,,,,,,,,,,,,,,,,,,,,,,,,,,,,,,,,,,,,,,,,,,
473,,,,,,,,,,,,,r.-4.1.0,,,,,,,,,,,,,,,,,,,,,,,,,,,r.-4.1.0,,,,,,,,,,,,,,,,,,,,,,,,,,,,,,,,,,,,,,,,,,,,,,,,,,,,,,,,,,,,,,,,,,,,,,,,,,,
474,,,,,,,,,,,,,r.-4.1.0,,,,,,,,,,,,,,,,,,,,,,,,,,,r.-4.1.0,,,,,,,,,,,,,,,,,,,,,,,,,,,,,,,,,,,,,,,,,,,,,,,,,,,,,,,,,,,,,,,,,,,,,,,,,,,
475,,,,,,,,,,,,,r.-4.1.0,,,,,,,,,,,,,,,,,,,,,,,,,,,r.-4.1.0,,,,,,,,,,,,,,,,,,,,,,,,,,,,,,,,,,,,,,,,,,,,,,,,,,,,,,,,,,,,,,,,,,,,,,,,,,,
476,,,,,,,,,,,,,r.-4.1.0,,,,,,,,,,,,,,,,,,,,,,,,,,,r.-4.1.0,,,,,,,,,,,,,,,,,,,,,,,,,,,,,,,,,,,,,,,,,,,,,,,,,,,,,,,,,,,,,,,,,,,,,,,,,,,
477,,,,,,,,,,,,,r.-4.1.0,,,,,,,,,,,,,,,,,,,,,,,,,,,r.-4.1.0,,,,,,,,,,,,,,,,,,,,,,,,,,,,,,,,,,,,,,,,,,,,,,,,,,,,,,,,,,,,,,,,,,,,,,,,,,,
478,,,,,,,,,,,,,r.-4.1.0,,,,,,,,,,,,,,,,,,,,,,,,,,,r.-4.1.0,,,,,,,,,,,,,,,,,,,,,,,,,,,,,,,,,,,,,,,,,,,,,,,,,,,,,,,,,,,,,,,,,,,,,,,,,,,
479,,,,,,,,,,,,,r.-9.1.0,,,,,,,,,,,,,,,,,,,,,,,,,,,r.-9.1.0,,,,,,,,,,,,,,,,,,,,,,,,,,,,,,,,,,,,,,,,,,,,,,,,,,,,,,,,,,,,,,,,,,,,,,,,,,,
480,,,,,,,,,,,,,r.-9.1.0,,,,,,,,,,,,,,,,,,,,,,,,,,,r.-9.1.0,,,,,,,,,,,,,,,,,,,,,,,,,,,,,,,,,,,,,,,,,,,,,,,,,,,,,,,,,,,,,,,,,,,,,,,,,,,
481,,,,,,,,,,,,,r.-9.1.0,,,,,,,,,,,,,,,,,,,,,,,,,,,r.-9.1.0,,,,,,,,,,,,,,,,,,,,,,,,,,,,,,,,,,,,,,,,,,,,,,,,,,,,,,,,,,,,,,,,,,,,,,,,,,,
482,,,,,,,,,,,,,r.-9.1.0,,,,,,,,,,,,,,,,,,,,,,,,,,,r.-9.1.0,,,,,,,,,,,,,,,,,,,,,,,,,,,,,,,,,,,,,,,,,,,,,,,,,,,,,,,,,,,,,,,,,,,,,,,,,,,
483,,,,,,,,,,,,,r.-9.1.0,,,,,,,,,,,,,,,,,,,,,,,,,,,r.-9.1.0,,,,,,,,,,,,,,,,,,,,,,,,,,,,,,,,,,,,,,,,,,,,,,,,,,,,,,,,,,,,,,,,,,,,,,,,,,,
484,,,,,,,,,,,,,r.-9.1.0,,,,,,,,,,,,,,,,,,,,,,,,,,,r.-9.1.0,,,,,,,,,,,,,,,,,,,,,,,,,,,,,,,,,,,,,,,,,,,,,,,,,,,,,,,,,,,,,,,,,,,,,,,,,,,
485,,,,,,,,,,,,,r.-9.1.0,,,,,,,,,,,,,,,,,,,,,,,,,,,r.-9.1.0,,,,,,,,,,,,,,,,,,,,,,,,,,,,,,,,,,,,,,,,,,,,,,,,,,,,,,,,,,,,,,,,,,,,,,,,,,,
486,,,,,,,,,,,,,r.-9.1.0,,,,,,,,,,,,,,,,,,,,,,,,,,,r.-9.1.0,,,,,,,,,,,,,,,,,,,,,,,,,,,,,,,,,,,,,,,,,,,,,,,,,,,,,,,,,,,,,,,,,,,,,,,,,,,
487,,,,,,,,,,,,,r.-9.1.0,,,,,,,,,,,,,,,,,,,,,,,,,,,r.-9.1.0,,,,,,,,,,,,,,,,,,,,,,,,,,,,,,,,,,,,,,,,,,,,,,,,,,,,,,,,,,,,,,,,,,,,,,,,,,,
488,,,,,,,,,,,,,r.-9.1.0,,,,,,,,,,,,,,,,,,,,,,,,,,,r.-9.1.0,,,,,,,,,,,,,,,,,,,,,,,,,,,,,,,,,,,,,,,,,,,,,,,,,,,,,,,,,,,,,,,,,,,,,,,,,,,
489,,,,,,,,,,,,,r.-9.1.0,,,,,,,,,,,,,,,,,,,,,,,,,,,r.-9.1.0,,,,,,,,,,,,,,,,,,,,,,,,,,,,,,,,,,,,,,,,,,,,,,,,,,,,,,,,,,,,,,,,,,,,,,,,,,,
490,,,,,,,,,,,,,r.-9.1.0,,,,,,,,,,,,,,,,,,,,,,,,,,,r.-9.1.0,,,,,,,,,,,,,,,,,,,,,,,,,,,,,,,,,,,,,,,,,,,,,,,,,,,,,,,,,,,,,,,,,,,,,,,,,,,
491,,,,,,,,,,,,,r.-9.1.0,,,,,,,,,,,,,,,,,,,,,,,,,,,r.-9.1.0,,,,,,,,,,,,,,,,,,,,,,,,,,,,,,,,,,,,,,,,,,,,,,,,,,,,,,,,,,,,,,,,,,,,,,,,,,,
492,,,,,,,,,,,,,r.-9.1.0,,,,,,,,,,,,,,,,,,,,,,,,,,,r.-9.1.0,,,,,,,,,,,,,,,,,,,,,,,,,,,,,,,,,,,,,,,,,,,,,,,,,,,,,,,,,,,,,,,,,,,,,,,,,,,
493,,,,,,,,,,,,,r.-9.1.0,,,,,,,,,,,,,,,,,,,,,,,,,,,r.-9.1.0,,,,,,,,,,,,,,,,,,,,,,,,,,,,,,,,,,,,,,,,,,,,,,,,,,,,,,,,,,,,,,,,,,,,,,,,,,,
494,,,,,,,,,,,,,r.-9.1.0,,,,,,,,,,,,,,,,,,,,,,,,,,,r.-9.1.0,,,,,,,,,,,,,,,,,,,,,,,,,,,,,,,,,,,,,,,,,,,,,,,,,,,,,,,,,,,,,,,,,,,,,,,,,,,
495,,,,,,,,,,,,,r.-9.1.0,,,,,,,,,,,,,,,,,,,,,,,,,,,r.-9.1.0,,,,,,,,,,,,,,,,,,,,,,,,,,,,,,,,,,,,,,,,,,,,,,,,,,,,,,,,,,,,,,,,,,,,,,,,,,,
496,,,,,,,,,,,,,r.-9.1.0,,,,,,,,,,,,,,,,,,,,,,,,,,,r.-9.1.0,,,,,,,,,,,,,,,,,,,,,,,,,,,,,,,,,,,,,,,,,,,,,,,,,,,,,,,,,,,,,,,,,,,,,,,,,,,
497,,,,,,,,,,,,,r.-9.1.0,,,,,,,,,,,,,,,,,,,,,,,,,,,r.-9.1.0,,,,,,,,,,,,,,,,,,,,,,,,,,,,,,,,,,,,,,,,,,,,,,,,,,,,,,,,,,,,,,,,,,,,,,,,,,,
498,,,,,,,,,,,,,r.-9.1.0,,,,,,,,,,,,,,,,,,,,,,,,,,,r.-9.1.0,,,,,,,,,,,,,,,,,,,,,,,,,,,,,,,,,,,,,,,,,,,,,,,,,,,,,,,,,,,,,,,,,,,,,,,,,,,
499,,,,,,,,,,,,,r.-9.1.0,,,,,,,,,,,,,,,,,,,,,,,,,,,r.-9.1.0,,,,,,,,,,,,,,,,,,,,,,,,,,,,,,,,,,,,,,,,,,,,,,,,,,,,,,,,,,,,,,,,,,,,,,,,,,,
500,,,,,,,,,,,,,r.-9.1.0,,,,,,,,,,,,,,,,,,,,,,,,,,,r.-9.1.0,,,,,,,,,,,,,,,,,,,,,,,,,,,,,,,,,,,,,,,,,,,,,,,,,,,,,,,,,,,,,,,,,,,,,,,,,,,
501,,,,,,,,,,,,,r.-9.1.0,,,,,,,,,,,,,,,,,,,,,,,,,,,r.-9.1.0,,,,,,,,,,,,,,,,,,,,,,,,,,,,,,,,,,,,,,,,,,,,,,,,,,,,,,,,,,,,,,,,,,,,,,,,,,,
502,,,,,,,,,,,,,r.-9.1.0,,,,,,,,,,,,,,,,,,,,,,,,,,,r.-9.1.0,,,,,,,,,,,,,,,,,,,,,,,,,,,,,,,,,,,,,,,,,,,,,,,,,,,,,,,,,,,,,,,,,,,,,,,,,,,
503,,,,,,,,,,,,,r.-9.1.0,,,,,,,,,,,,,,,,,,,,,,,,,,,r.-9.1.0,,,,,,,,,,,,,,,,,,,,,,,,,,,,,,,,,,,,,,,,,,,,,,,,,,,,,,,,,,,,,,,,,,,,,,,,,,,
504,,,,,,,,,,,,,r.-9.1.0,,,,,,,,,,,,,,,,,,,,,,,,,,,r.-9.1.0,,,,,,,,,,,,,,,,,,,,,,,,,,,,,,,,,,,,,,,,,,,,,,,,,,,,,,,,,,,,,,,,,,,,,,,,,,,
505,,,,,,,,,,,,,r.-13.1.0,,,,,,,,,,,,,,,,,,,,,,,,,,,r.-13.1.0,,,,,,,,,,,,,,,,,,,,,,,,,,,,,,,,,,,,,,,,,,,,,,,,,,,,,,,,,,,,,,,,,,,,,,,,,,,
506,,,,,,,,,,,,,r.-13.1.0,,,,,,,,,,,,,,,,,,,,,,,,,,,r.-13.1.0,,,,,,,,,,,,,,,,,,,,,,,,,,,,,,,,,,,,,,,,,,,,,,,,,,,,,,,,,,,,,,,,,,,,,,,,,,,
507,,,,,,,,,,,,,r.-13.1.0,,,,,,,,,,,,,,,,,,,,,,,,,,,r.-13.1.0,,,,,,,,,,,,,,,,,,,,,,,,,,,,,,,,,,,,,,,,,,,,,,,,,,,,,,,,,,,,,,,,,,,,,,,,,,,
508,,,,,,,,,,,,,r.-13.1.0,,,,,,,,,,,,,,,,,,,,,,,,,,,r.-13.1.0,,,,,,,,,,,,,,,,,,,,,,,,,,,,,,,,,,,,,,,,,,,,,,,,,,,,,,,,,,,,,,,,,,,,,,,,,,,
509,,,,,,,,,,,,,r.-19.1.0,,,,,,,,,,,,,,,,,,,,,,,,,,,r.-19.1.0,,,,,,,,,,,,,,,,,,,,,,,,,,,,,,,,,,,,,,,,,,,,,,,,,,,,,,,,,,,,,,,,,,,,,,,,,,,
510,,,,,,,,,,,,,r.-20.1.0,,,,,,,,,,,,,,,,,,,,,,,,,,,r.-20.1.0,,,,,,,,,,,,,,,,,,,,,,,,,,,,,,,,,,,,,,,,,,,,,,,,,,,,,,,,,,,,,,,,,,,,,,,,,,,
511,,,,,,,,,,,,,r.-20.1.0,,,,,,,,,,,,,,,,,,,,,,,,,,,r.-20.1.0,,,,,,,,,,,,,,,,,,,,,,,,,,,,,,,,,,,,,,,,,,,,,,,,,,,,,,,,,,,,,,,,,,,,,,,,,,,
512,,,,,,,,,,,,,r.-18.2.0,,,,,,,,,,,,,,,,,,,,,,,,,,,r.-18.2.0,,,,,,,,,,,,,,,,,,,,,,,,,,,,,,,,,,,,,,,,,,,,,,,,,,,,,,,,,,,,,,,,,,,,,,,,,,,
513,,,,,,,,,,,,,r.-19.1.0,,,,,,,,,,,,,,,,,,,,,,,,,,,r.-19.1.0,,,,,,,,,,,,,,,,,,,,,,,,,,,,,,,,,,,,,,,,,,,,,,,,,,,,,,,,,,,,,,,,,,,,,,,,,,,
514,p.515,,,,,,,,,,,,r.-12.2.6/r.-3.0.6,,,,,,,,,,,,,,,,,,,,,,,,,,,r.-3.0.6/r.-12.2.6,,,,,,,,,,,,,,,,,,,,,,,,,,,,,,,,,,,,,,,,,,,,,,,,,,,,,,,,,,p.516,,,,,,,,,,,,,,,,,
515,,p.517,p.518,p.519,p.520,p.521,p.522,p.523,p.524,p.525,p.526,,,,,,,,,,,,,,,,,,,,,,,,,,,,,,,,,,,,,,,,,,,,,,,,,,,,,,,,,,,,,,,,,,,,,,,,,,,,,,,,,,,,,,,,p.527,p.528,,,,,,,,,,,,,,,
516,,,,,,,,,,,,,r.-12.3.0,,,,,,,,,,,,,,,,,,,,,,,,,,,r.-12.3.0,,,,,,,,,,,,,,,,,,,,,,,,,,,,,,,,,,,,,,,,,,,,,,,,,,,,,,,,,,,,,,,,,,,,,,,,,,,
517,,r.-4.1.0,r.-4.1.0,r.-4.1.0,r.-4.1.0,r.-4.1.0,r.-4.1.0,r.-4.1.0,r.-4.1.0,r.-4.1.0,r.-4.1.0,,r.-4.1.0,,,,,,,,,,,,,,,,,,,,,,,,,,,r.-4.1.0,,,,,,,,,,,,,,,,,,,,,,,,,,,,,,,,,,,,,,,,,,,,,,,,,,,,,,,,,,,,,,,,,,,,,,,,,,,
518,,r.-4.1.0,r.-4.1.0,r.-4.1.0,r.-4.1.0,r.-4.1.0,r.-4.1.0,r.-4.1.0,r.-4.1.0,r.-4.1.0,r.-4.1.0,,r.-4.1.0,,,,,,,,,,,,,,,,,,,,,,,,,,,r.-4.1.0,,,,,,,,,,,,,,,,,,,,,,,,,,,,,,,,,,,,,,,,,,,,,,,,,,,,,,,,,,,,,,,,,,,,,,,,,,,
519,,r.-4.1.0,r.-4.1.0,r.-4.1.0,r.-4.1.0,r.-4.1.0,r.-4.1.0,r.-4.1.0,r.-4.1.0,r.-4.1.0,r.-4.1.0,,r.-4.1.0,,,,,,,,,,,,,,,,,,,,,,,,,,,r.-4.1.0,,,,,,,,,,,,,,,,,,,,,,,,,,,,,,,,,,,,,,,,,,,,,,,,,,,,,,,,,,,,,,,,,,,,,,,,,,,
520,,r.-4.1.0,r.-4.1.0,r.-4.1.0,r.-4.1.0,r.-4.1.0,r.-4.1.0,r.-4.1.0,r.-4.1.0,r.-4.1.0,r.-4.1.0,,r.-4.1.0,,,,,,,,,,,,,,,,,,,,,,,,,,,r.-4.1.0,,,,,,,,,,,,,,,,,,,,,,,,,,,,,,,,,,,,,,,,,,,,,,,,,,,,,,,,,,,,,,,,,,,,,,,,,,,
521,,r.-4.1.0,r.-4.1.0,r.-4.1.0,r.-4.1.0,r.-4.1.0,r.-4.1.0,r.-4.1.0,r.-4.1.0,r.-4.1.0,r.-4.1.0,,r.-4.1.0,,,,,,,,,,,,,,,,,,,,,,,,,,,r.-4.1.0,,,,,,,,,,,,,,,,,,,,,,,,,,,,,,,,,,,,,,,,,,,,,,,,,,,,,,,,,,,,,,,,,,,,,,,,,,,
522,,r.-4.1.0,r.-4.1.0,r.-4.1.0,r.-4.1.0,r.-4.1.0,r.-4.1.0,r.-4.1.0,r.-4.1.0,r.-4.1.0,r.-4.1.0,,r.-4.1.0,,,,,,,,,,,,,,,,,,,,,,,,,,,r.-4.1.0,,,,,,,,,,,,,,,,,,,,,,,,,,,,,,,,,,,,,,,,,,,,,,,,,,,,,,,,,,,,,,,,,,,,,,,,,,,
523,,r.-4.1.0,r.-4.1.0,r.-4.1.0,r.-4.1.0,r.-4.1.0,r.-4.1.0,r.-4.1.0,r.-4.1.0,r.-4.1.0,r.-4.1.0,,r.-4.1.0,,,,,,,,,,,,,,,,,,,,,,,,,,,r.-4.1.0,,,,,,,,,,,,,,,,,,,,,,,,,,,,,,,,,,,,,,,,,,,,,,,,,,,,,,,,,,,,,,,,,,,,,,,,,,,
524,,r.-4.1.0,r.-4.1.0,r.-4.1.0,r.-4.1.0,r.-4.1.0,r.-4.1.0,r.-4.1.0,r.-4.1.0,r.-4.1.0,r.-4.1.0,,r.-4.1.0,,,,,,,,,,,,,,,,,,,,,,,,,,,r.-4.1.0,,,,,,,,,,,,,,,,,,,,,,,,,,,,,,,,,,,,,,,,,,,,,,,,,,,,,,,,,,,,,,,,,,,,,,,,,,,
525,,r.-4.1.0,r.-4.1.0,r.-4.1.0,r.-4.1.0,r.-4.1.0,r.-4.1.0,r.-4.1.0,r.-4.1.0,r.-4.1.0,r.-4.1.0,,r.-4.1.0,,,,,,,,,,,,,,,,,,,,,,,,,,,r.-4.1.0,,,,,,,,,,,,,,,,,,,,,,,,,,,,,,,,,,,,,,,,,,,,,,,,,,,,,,,,,,,,,,,,,,,,,,,,,,,
526,,r.-4.1.0,r.-4.1.0,r.-4.1.0,r.-4.1.0,r.-4.1.0,r.-4.1.0,r.-4.1.0,r.-4.1.0,r.-4.1.0,r.-4.1.0,,r.-4.1.0,,,,,,,,,,,,,,,,,,,,,,,,,,,r.-4.1.0,,,,,,,,,,,,,,,,,,,,,,,,,,,,,,,,,,,,,,,,,,,,,,,,,,,,,,,,,,,,,,,,,,,,,,,,,,,
527,,p.517,p.518,p.519,p.520,p.521,p.522,p.523,p.524,p.525,p.526,,r.-5.1.0,,,,,,,,,,,,,,,,,,,,,,,,,,,r.-5.1.0,,,,,,,,,,,,,,,,,,,,,,,,,,,,,,,,,,,,,,,,,,,,,,,,,,,,,,,,,,,p.527,p.529,,,,,,,,,,,,,,,
528,,,,,,,,,,,,,r.-3.2.0,,,,,,,,,,,,,,,,,,,,,,,,,,,r.-3.2.0,,,,,,,,,,,,,,,,,,,,,,,,,,,,,,,,,,,,,,,,,,,,,,,,,,,,,,,,,,,,,,,,,,,,,,,,,,,
529,,,,,,,,,,,,,r.-5.2.0,,,,,,,,,,,,,,,,,,,,,,,,,,,r.-5.2.0,,,,,,,,,,,,,,,,,,,,,,,,,,,,,,,,,,,,,,,,,,,,,,,,,,,,,,,,,,,,,,,,,,,,,,,,,,,
530,,,,,,,,,,,,,r.-11.3.0,,,,,,,,,,,,,,,,,,,,,,,,,,,,,,,,,,,,,,,,,,,,,,,,,,,,,,,,,,,,,,,,,,,,,,,,,,,,,,,,,,,,,,,,,,,,,,,,,,,,,,
531,,,,,,,,,,,,,,,,,,,,,,,,,,,,,,,,,,,,,,,,,,,,,p.532,,,,,,,,,,,,,,,,,,,,,,,,,,,,,,,,,,,,,,,,,,,,,,,,,,,,,,,,,,,,,,,,,,,,,,
532,,,,,,,,,,,,,r.-15.3.0,,,,,,,,,,,,,,,,,,,,,,,,,,,r.-15.3.0,,,,,,,,,,,,,,,,,,,,,,,,,,,,,,,,,,,,,,,,,,,,,,,,,,,,,,,,,,,,,,,,,,,,,,,,,,,
533,p.325,,,,,,,,,,,,r.-11.0.6/r.-8.1.6,,,,,,,,,,,,,,,,,,,,,,,,,,,p.326,,,,,,,,,,,,,,,,,,,,,,,,,,,,,,,,,,,,,,,,,,,,,,,,,,,,,,,,,,,,,p.536,,,,,p.328,,,,,,,,,
534,,,,,,,,,,,,,p.535,,,,,,,,,,,,,,,,,,,,,,,,,,,,,,,,,,,,,,,,,,,,,,,,,,,,,,,,,,,,,,,,,,,,,,,,,,,,,,,,,,,,,,,,,,,,,,,,,,,,,,
535,,,,,,,,,,,,,r.-10.3.0,,,,,,,,,,,,,,,,,,,,,,,,,,,r.-10.3.0,,,,,,,,,,,,,,,,,,,,,,,,,,,,,,,,,,,,,,,,,,,,,,,,,,,,,,,,,,,,,,,,,,,,,,,,,,,
536,p.329,r.-14.0.4,r.-14.0.4,r.-14.0.4,r.-14.0.4,r.-14.0.4,r.-14.0.4,r.-14.0.4,r.-14.0.4,r.-14.0.4,r.-14.0.4,p.330,,p.331,p.332,p.333,p.334,p.335,p.336,p.337,p.338,p.339,p.340,p.341,p.342,p.343,p.344,p.345,p.346,p.347,p.348,p.349,p.350,p.351,p.352,p.353,p.354,p.355,p.356,,p.357,p.358,p.359,p.360,p.361,,,,,,,,,,,,,,,,,,,,,,,,,,,,,,,,,,,,,,,,,,,,,,,,,,,,p.362,,,,p.363,p.537,,p.365,p.366,,p.367,p.368,p.369,p.370,,,p.371,,p.372
537,,,,,,,,,,,,,p.538,,,,,,,,,,,,,,,,,,,,,,,,,,,,,,,,,,,,,,,,,,,,,,,,,,,,,,,,,,,,,,,,,,,,,,,,,,,,,,,,,,,,,,,,,,,,,,,,,,,,,,
538,,,,,,,,,,,,,r.-7.5.0,,,,,,,,,,,,,,,,,,,,,,,,,,,r.-7.5.0,,,,,,,,,,,,,,,,,,,,,,,,,,,,,,,,,,,,,,,,,,,,,,,,,,,,,,,,,,,,,,,,,,,,,,,,,,,
539,,,,,,,,,,,,,,,,,,,,,,,,,,,,,,,,,,,,,,,,,,,,,p.540,,,,,,,,,,,,,,,,,,,,,,,,,,,,,,,,,,,,,,,,,,,,,,,,,,,,,,,,,,,,,,,,,,,,,,
540,r.-15.3.0,,,,,,,,,,,,r.-15.3.0,,,,,,,,,,,,,,,,,,,,,,,,,,,r.-15.3.0,,,,,,,,,,,,,,,,,,,,,,,,,,,,,,,,,,,,,,,,,,,,,,,,,,,,,,,,,,,,,,,,,,,,,,,,,,,
541,p.325,,,,,,,,,,,,r.-11.0.6/r.-8.1.6,,,,,,,,,,,,,,,,,,,,,,,,,,,p.326,,,,,,,,,,,,,,,,,,,,,,,,,,,,,,,,,,,,,,,,,,,,,,,,,,,,,,,,,,,,,p.544,,,,,p.328,,,,,,,,,
542,,,,,,,,,,,,,p.543,,,,,,,,,,,,,,,,,,,,,,,,,,,,,,,,,,,,,,,,,,,,,,,,,,,,,,,,,,,,,,,,,,,,,,,,,,,,,,,,,,,,,,,,,,,,,,,,,,,,,,
543,r.-10.3.0,,,,,,,,,,,,r.-10.3.0,,,,,,,,,,,,,,,,,,,,,,,,,,,r.-10.3.0,,,,,,,,,,,,,,,,,,,,,,,,,,,,,,,,,,,,,,,,,,,,,,,,,,,,,,,,,,,,,,,,,,,,,,,,,,,
544,p.329,r.-14.0.4,r.-14.0.4,r.-14.0.4,r.-14.0.4,r.-14.0.4,r.-14.0.4,r.-14.0.4,r.-14.0.4,r.-14.0.4,r.-14.0.4,p.330,,p.331,p.332,p.333,p.334,p.335,p.336,p.337,p.338,p.339,p.340,p.341,p.342,p.343,p.344,p.345,p.346,p.347,p.348,p.349,p.350,p.351,p.352,p.353,p.354,p.355,p.356,,p.357,p.358,p.359,p.360,p.361,,,,,,,,,,,,,,,,,,,,,,,,,,,,,,,,,,,,,,,,,,,,,,,,,,,,p.362,,,,p.363,p.545,,p.365,p.366,,p.367,p.368,p.369,p.370,,,p.371,,p.372
545,,,,,,,,,,,,,p.546,,,,,,,,,,,,,,,,,,,,,,,,,,,,,,,,,,,,,,,,,,,,,,,,,,,,,,,,,,,,,,,,,,,,,,,,,,,,,,,,,,,,,,,,,,,,,,,,,,,,,,
546,r.-7.5.0,,,,,,,,,,,,r.-7.5.0,,,,,,,,,,,,,,,,,,,,,,,,,,,r.-7.5.0,,,,,,,,,,,,,,,,,,,,,,,,,,,,,,,,,,,,,,,,,,,,,,,,,,,,,,,,,,,,,,,,,,,,,,,,,,,
