state,1,2,3,4,5,6,7,8,9,10,11,12,13,14,15,16,17,18,19,20,21,22,23,24,25,26,27,28,29,30,31,32,33,34,35,36,37,38,39,40,41,42,43,44,45,46,47,48,49,50,51,52,53,54,55,56,57,58,59,60,61,62,63,0,-1,-2,-3,-4,-5,-6,-7,-8,-9,-10,-11,-12,-13,-14,-15,-16,-17
0,,,,,,,,,p.1,,,,,,,,,,,,,,,,,,,,,,,,,,,,,,,,,,,,,,,,,,,,,,,,,,,,,,,,p.2,,,,,,,,,,,,,,,,
1,,,,,,,,,,,,,,,,,,,,,,,,,p.3,,,,,,,,,,,,,,,,,,,,,,,,,,,,,,,,,,,,,,,,,,,,,,,,,,,,,,,,
2,,,,,,,,,,,,,,,,,,,,,,,,,,,,,,,,,,,,,,,,,,,,,,,,,,,,,,,,,,,,,,,,acc,,,,,,,,,,,,,,,,,
3,,,,,,,,p.4,,,,,,,,,,,,,,,,,,,,,,,,,,,,,,,,,,,,,,,,,,,,,,,,,,,,,,,,,,,,,,,,,,,,,,,,,
4,,,p.5,,,,,,,,,,,,,,,,,,,,,,,,,,,,,,,,,,,,,,,,,,,,,,,,,,,,,,,,,,,,,,,,,,,,,,,,,,,,,,
5,,,,,,,,,,,,,,,,,,,,,,,,,p.6,,,,,,,,,,,,,,,,,,,,,,,,,,,,,,,,,,,,,,,,,,,,,,,,,,,,,,,,
6,,,,,,,,,,,,,,,,,,,,,,,,,,p.7,,,,,,,,,,,,,,,,,,,,,,,,,,,,,,,,,,,,,,,,,,,,,,,,,,,,,,,
7,,,,,,,,,,,,,,,,,,,,,,,,,,,p.8,,,,,,,,,,,,,,,,,,,,,,,,,,,,,,,,,,,,,,,,,,,,,,,,,,,,,,
8,,,,,,,,,,,,,,,,,,,,,,,,,,,,,,,,,,,,,p.9,p.10,p.11,p.12,p.13,p.14,p.15,p.16,p.17,p.18,p.19,p.20,p.21,p.22,p.23,p.24,p.25,p.26,p.27,p.28,p.29,p.30,p.31,p.32,p.33,p.34,,,,,,,,,p.35,,,,,,,,p.36,,
9,,,,,,,,,,r.-15.1.0,r.-15.1.0,r.-15.1.0,r.-15.1.0,r.-15.1.0,r.-15.1.0,r.-15.1.0,r.-15.1.0,r.-15.1.0,r.-15.1.0,,,,,,,,,r.-15.1.0,,,,,,,,,r.-15.1.0,r.-15.1.0,r.-15.1.0,r.-15.1.0,r.-15.1.0,r.-15.1.0,r.-15.1.0,r.-15.1.0,r.-15.1.0,r.-15.1.0,r.-15.1.0,r.-15.1.0,r.-15.1.0,r.-15.1.0,r.-15.1.0,r.-15.1.0,r.-15.1.0,r.-15.1.0,r.-15.1.0,r.-15.1.0,r.-15.1.0,r.-15.1.0,r.-15.1.0,r.-15.1.0,r.-15.1.0,r.-15.1.0,,,,,,,,,,,,,,,,,,,
10,,,,,,,,,,r.-15.1.0,r.-15.1.0,r.-15.1.0,r.-15.1.0,r.-15.1.0,r.-15.1.0,r.-15.1.0,r.-15.1.0,r.-15.1.0,r.-15.1.0,,,,,,,,,r.-15.1.0,,,,,,,,,r.-15.1.0,r.-15.1.0,r.-15.1.0,r.-15.1.0,r.-15.1.0,r.-15.1.0,r.-15.1.0,r.-15.1.0,r.-15.1.0,r.-15.1.0,r.-15.1.0,r.-15.1.0,r.-15.1.0,r.-15.1.0,r.-15.1.0,r.-15.1.0,r.-15.1.0,r.-15.1.0,r.-15.1.0,r.-15.1.0,r.-15.1.0,r.-15.1.0,r.-15.1.0,r.-15.1.0,r.-15.1.0,r.-15.1.0,,,,,,,,,,,,,,,,,,,
11,,,,,,,,,,r.-15.1.0,r.-15.1.0,r.-15.1.0,r.-15.1.0,r.-15.1.0,r.-15.1.0,r.-15.1.0,r.-15.1.0,r.-15.1.0,r.-15.1.0,,,,,,,,,r.-15.1.0,,,,,,,,,r.-15.1.0,r.-15.1.0,r.-15.1.0,r.-15.1.0,r.-15.1.0,r.-15.1.0,r.-15.1.0,r.-15.1.0,r.-15.1.0,r.-15.1.0,r.-15.1.0,r.-15.1.0,r.-15.1.0,r.-15.1.0,r.-15.1.0,r.-15.1.0,r.-15.1.0,r.-15.1.0,r.-15.1.0,r.-15.1.0,r.-15.1.0,r.-15.1.0,r.-15.1.0,r.-15.1.0,r.-15.1.0,r.-15.1.0,,,,,,,,,,,,,,,,,,,
12,,,,,,,,,,r.-15.1.0,r.-15.1.0,r.-15.1.0,r.-15.1.0,r.-15.1.0,r.-15.1.0,r.-15.1.0,r.-15.1.0,r.-15.1.0,r.-15.1.0,,,,,,,,,r.-15.1.0,,,,,,,,,r.-15.1.0,r.-15.1.0,r.-15.1.0,r.-15.1.0,r.-15.1.0,r.-15.1.0,r.-15.1.0,r.-15.1.0,r.-15.1.0,r.-15.1.0,r.-15.1.0,r.-15.1.0,r.-15.1.0,r.-15.1.0,r.-15.1.0,r.-15.1.0,r.-15.1.0,r.-15.1.0,r.-15.1.0,r.-15.1.0,r.-15.1.0,r.-15.1.0,r.-15.1.0,r.-15.1.0,r.-15.1.0,r.-15.1.0,,,,,,,,,,,,,,,,,,,
13,,,,,,,,,,r.-15.1.0,r.-15.1.0,r.-15.1.0,r.-15.1.0,r.-15.1.0,r.-15.1.0,r.-15.1.0,r.-15.1.0,r.-15.1.0,r.-15.1.0,,,,,,,,,r.-15.1.0,,,,,,,,,r.-15.1.0,r.-15.1.0,r.-15.1.0,r.-15.1.0,r.-15.1.0,r.-15.1.0,r.-15.1.0,r.-15.1.0,r.-15.1.0,r.-15.1.0,r.-15.1.0,r.-15.1.0,r.-15.1.0,r.-15.1.0,r.-15.1.0,r.-15.1.0,r.-15.1.0,r.-15.1.0,r.-15.1.0,r.-15.1.0,r.-15.1.0,r.-15.1.0,r.-15.1.0,r.-15.1.0,r.-15.1.0,r.-15.1.0,,,,,,,,,,,,,,,,,,,
14,,,,,,,,,,r.-15.1.0,r.-15.1.0,r.-15.1.0,r.-15.1.0,r.-15.1.0,r.-15.1.0,r.-15.1.0,r.-15.1.0,r.-15.1.0,r.-15.1.0,,,,,,,,,r.-15.1.0,,,,,,,,,r.-15.1.0,r.-15.1.0,r.-15.1.0,r.-15.1.0,r.-15.1.0,r.-15.1.0,r.-15.1.0,r.-15.1.0,r.-15.1.0,r.-15.1.0,r.-15.1.0,r.-15.1.0,r.-15.1.0,r.-15.1.0,r.-15.1.0,r.-15.1.0,r.-15.1.0,r.-15.1.0,r.-15.1.0,r.-15.1.0,r.-15.1.0,r.-15.1.0,r.-15.1.0,r.-15.1.0,r.-15.1.0,r.-15.1.0,,,,,,,,,,,,,,,,,,,
15,,,,,,,,,,r.-15.1.0,r.-15.1.0,r.-15.1.0,r.-15.1.0,r.-15.1.0,r.-15.1.0,r.-15.1.0,r.-15.1.0,r.-15.1.0,r.-15.1.0,,,,,,,,,r.-15.1.0,,,,,,,,,r.-15.1.0,r.-15.1.0,r.-15.1.0,r.-15.1.0,r.-15.1.0,r.-15.1.0,r.-15.1.0,r.-15.1.0,r.-15.1.0,r.-15.1.0,r.-15.1.0,r.-15.1.0,r.-15.1.0,r.-15.1.0,r.-15.1.0,r.-15.1.0,r.-15.1.0,r.-15.1.0,r.-15.1.0,r.-15.1.0,r.-15.1.0,r.-15.1.0,r.-15.1.0,r.-15.1.0,r.-15.1.0,r.-15.1.0,,,,,,,,,,,,,,,,,,,
16,,,,,,,,,,r.-15.1.0,r.-15.1.0,r.-15.1.0,r.-15.1.0,r.-15.1.0,r.-15.1.0,r.-15.1.0,r.-15.1.0,r.-15.1.0,r.-15.1.0,,,,,,,,,r.-15.1.0,,,,,,,,,r.-15.1.0,r.-15.1.0,r.-15.1.0,r.-15.1.0,r.-15.1.0,r.-15.1.0,r.-15.1.0,r.-15.1.0,r.-15.1.0,r.-15.1.0,r.-15.1.0,r.-15.1.0,r.-15.1.0,r.-15.1.0,r.-15.1.0,r.-15.1.0,r.-15.1.0,r.-15.1.0,r.-15.1.0,r.-15.1.0,r.-15.1.0,r.-15.1.0,r.-15.1.0,r.-15.1.0,r.-15.1.0,r.-15.1.0,,,,,,,,,,,,,,,,,,,
17,,,,,,,,,,r.-15.1.0,r.-15.1.0,r.-15.1.0,r.-15.1.0,r.-15.1.0,r.-15.1.0,r.-15.1.0,r.-15.1.0,r.-15.1.0,r.-15.1.0,,,,,,,,,r.-15.1.0,,,,,,,,,r.-15.1.0,r.-15.1.0,r.-15.1.0,r.-15.1.0,r.-15.1.0,r.-15.1.0,r.-15.1.0,r.-15.1.0,r.-15.1.0,r.-15.1.0,r.-15.1.0,r.-15.1.0,r.-15.1.0,r.-15.1.0,r.-15.1.0,r.-15.1.0,r.-15.1.0,r.-15.1.0,r.-15.1.0,r.-15.1.0,r.-15.1.0,r.-15.1.0,r.-15.1.0,r.-15.1.0,r.-15.1.0,r.-15.1.0,,,,,,,,,,,,,,,,,,,
18,,,,,,,,,,r.-15.1.0,r.-15.1.0,r.-15.1.0,r.-15.1.0,r.-15.1.0,r.-15.1.0,r.-15.1.0,r.-15.1.0,r.-15.1.0,r.-15.1.0,,,,,,,,,r.-15.1.0,,,,,,,,,r.-15.1.0,r.-15.1.0,r.-15.1.0,r.-15.1.0,r.-15.1.0,r.-15.1.0,r.-15.1.0,r.-15.1.0,r.-15.1.0,r.-15.1.0,r.-15.1.0,r.-15.1.0,r.-15.1.0,r.-15.1.0,r.-15.1.0,r.-15.1.0,r.-15.1.0,r.-15.1.0,r.-15.1.0,r.-15.1.0,r.-15.1.0,r.-15.1.0,r.-15.1.0,r.-15.1.0,r.-15.1.0,r.-15.1.0,,,,,,,,,,,,,,,,,,,
19,,,,,,,,,,r.-15.1.0,r.-15.1.0,r.-15.1.0,r.-15.1.0,r.-15.1.0,r.-15.1.0,r.-15.1.0,r.-15.1.0,r.-15.1.0,r.-15.1.0,,,,,,,,,r.-15.1.0,,,,,,,,,r.-15.1.0,r.-15.1.0,r.-15.1.0,r.-15.1.0,r.-15.1.0,r.-15.1.0,r.-15.1.0,r.-15.1.0,r.-15.1.0,r.-15.1.0,r.-15.1.0,r.-15.1.0,r.-15.1.0,r.-15.1.0,r.-15.1.0,r.-15.1.0,r.-15.1.0,r.-15.1.0,r.-15.1.0,r.-15.1.0,r.-15.1.0,r.-15.1.0,r.-15.1.0,r.-15.1.0,r.-15.1.0,r.-15.1.0,,,,,,,,,,,,,,,,,,,
20,,,,,,,,,,r.-15.1.0,r.-15.1.0,r.-15.1.0,r.-15.1.0,r.-15.1.0,r.-15.1.0,r.-15.1.0,r.-15.1.0,r.-15.1.0,r.-15.1.0,,,,,,,,,r.-15.1.0,,,,,,,,,r.-15.1.0,r.-15.1.0,r.-15.1.0,r.-15.1.0,r.-15.1.0,r.-15.1.0,r.-15.1.0,r.-15.1.0,r.-15.1.0,r.-15.1.0,r.-15.1.0,r.-15.1.0,r.-15.1.0,r.-15.1.0,r.-15.1.0,r.-15.1.0,r.-15.1.0,r.-15.1.0,r.-15.1.0,r.-15.1.0,r.-15.1.0,r.-15.1.0,r.-15.1.0,r.-15.1.0,r.-15.1.0,r.-15.1.0,,,,,,,,,,,,,,,,,,,
21,,,,,,,,,,r.-15.1.0,r.-15.1.0,r.-15.1.0,r.-15.1.0,r.-15.1.0,r.-15.1.0,r.-15.1.0,r.-15.1.0,r.-15.1.0,r.-15.1.0,,,,,,,,,r.-15.1.0,,,,,,,,,r.-15.1.0,r.-15.1.0,r.-15.1.0,r.-15.1.0,r.-15.1.0,r.-15.1.0,r.-15.1.0,r.-15.1.0,r.-15.1.0,r.-15.1.0,r.-15.1.0,r.-15.1.0,r.-15.1.0,r.-15.1.0,r.-15.1.0,r.-15.1.0,r.-15.1.0,r.-15.1.0,r.-15.1.0,r.-15.1.0,r.-15.1.0,r.-15.1.0,r.-15.1.0,r.-15.1.0,r.-15.1.0,r.-15.1.0,,,,,,,,,,,,,,,,,,,
22,,,,,,,,,,r.-15.1.0,r.-15.1.0,r.-15.1.0,r.-15.1.0,r.-15.1.0,r.-15.1.0,r.-15.1.0,r.-15.1.0,r.-15.1.0,r.-15.1.0,,,,,,,,,r.-15.1.0,,,,,,,,,r.-15.1.0,r.-15.1.0,r.-15.1.0,r.-15.1.0,r.-15.1.0,r.-15.1.0,r.-15.1.0,r.-15.1.0,r.-15.1.0,r.-15.1.0,r.-15.1.0,r.-15.1.0,r.-15.1.0,r.-15.1.0,r.-15.1.0,r.-15.1.0,r.-15.1.0,r.-15.1.0,r.-15.1.0,r.-15.1.0,r.-15.1.0,r.-15.1.0,r.-15.1.0,r.-15.1.0,r.-15.1.0,r.-15.1.0,,,,,,,,,,,,,,,,,,,
23,,,,,,,,,,r.-15.1.0,r.-15.1.0,r.-15.1.0,r.-15.1.0,r.-15.1.0,r.-15.1.0,r.-15.1.0,r.-15.1.0,r.-15.1.0,r.-15.1.0,,,,,,,,,r.-15.1.0,,,,,,,,,r.-15.1.0,r.-15.1.0,r.-15.1.0,r.-15.1.0,r.-15.1.0,r.-15.1.0,r.-15.1.0,r.-15.1.0,r.-15.1.0,r.-15.1.0,r.-15.1.0,r.-15.1.0,r.-15.1.0,r.-15.1.0,r.-15.1.0,r.-15.1.0,r.-15.1.0,r.-15.1.0,r.-15.1.0,r.-15.1.0,r.-15.1.0,r.-15.1.0,r.-15.1.0,r.-15.1.0,r.-15.1.0,r.-15.1.0,,,,,,,,,,,,,,,,,,,
24,,,,,,,,,,r.-15.1.0,r.-15.1.0,r.-15.1.0,r.-15.1.0,r.-15.1.0,r.-15.1.0,r.-15.1.0,r.-15.1.0,r.-15.1.0,r.-15.1.0,,,,,,,,,r.-15.1.0,,,,,,,,,r.-15.1.0,r.-15.1.0,r.-15.1.0,r.-15.1.0,r.-15.1.0,r.-15.1.0,r.-15.1.0,r.-15.1.0,r.-15.1.0,r.-15.1.0,r.-15.1.0,r.-15.1.0,r.-15.1.0,r.-15.1.0,r.-15.1.0,r.-15.1.0,r.-15.1.0,r.-15.1.0,r.-15.1.0,r.-15.1.0,r.-15.1.0,r.-15.1.0,r.-15.1.0,r.-15.1.0,r.-15.1.0,r.-15.1.0,,,,,,,,,,,,,,,,,,,
25,,,,,,,,,,r.-15.1.0,r.-15.1.0,r.-15.1.0,r.-15.1.0,r.-15.1.0,r.-15.1.0,r.-15.1.0,r.-15.1.0,r.-15.1.0,r.-15.1.0,,,,,,,,,r.-15.1.0,,,,,,,,,r.-15.1.0,r.-15.1.0,r.-15.1.0,r.-15.1.0,r.-15.1.0,r.-15.1.0,r.-15.1.0,r.-15.1.0,r.-15.1.0,r.-15.1.0,r.-15.1.0,r.-15.1.0,r.-15.1.0,r.-15.1.0,r.-15.1.0,r.-15.1.0,r.-15.1.0,r.-15.1.0,r.-15.1.0,r.-15.1.0,r.-15.1.0,r.-15.1.0,r.-15.1.0,r.-15.1.0,r.-15.1.0,r.-15.1.0,,,,,,,,,,,,,,,,,,,
26,,,,,,,,,,r.-15.1.0,r.-15.1.0,r.-15.1.0,r.-15.1.0,r.-15.1.0,r.-15.1.0,r.-15.1.0,r.-15.1.0,r.-15.1.0,r.-15.1.0,,,,,,,,,r.-15.1.0,,,,,,,,,r.-15.1.0,r.-15.1.0,r.-15.1.0,r.-15.1.0,r.-15.1.0,r.-15.1.0,r.-15.1.0,r.-15.1.0,r.-15.1.0,r.-15.1.0,r.-15.1.0,r.-15.1.0,r.-15.1.0,r.-15.1.0,r.-15.1.0,r.-15.1.0,r.-15.1.0,r.-15.1.0,r.-15.1.0,r.-15.1.0,r.-15.1.0,r.-15.1.0,r.-15.1.0,r.-15.1.0,r.-15.1.0,r.-15.1.0,,,,,,,,,,,,,,,,,,,
27,,,,,,,,,,r.-15.1.0,r.-15.1.0,r.-15.1.0,r.-15.1.0,r.-15.1.0,r.-15.1.0,r.-15.1.0,r.-15.1.0,r.-15.1.0,r.-15.1.0,,,,,,,,,r.-15.1.0,,,,,,,,,r.-15.1.0,r.-15.1.0,r.-15.1.0,r.-15.1.0,r.-15.1.0,r.-15.1.0,r.-15.1.0,r.-15.1.0,r.-15.1.0,r.-15.1.0,r.-15.1.0,r.-15.1.0,r.-15.1.0,r.-15.1.0,r.-15.1.0,r.-15.1.0,r.-15.1.0,r.-15.1.0,r.-15.1.0,r.-15.1.0,r.-15.1.0,r.-15.1.0,r.-15.1.0,r.-15.1.0,r.-15.1.0,r.-15.1.0,,,,,,,,,,,,,,,,,,,
28,,,,,,,,,,r.-15.1.0,r.-15.1.0,r.-15.1.0,r.-15.1.0,r.-15.1.0,r.-15.1.0,r.-15.1.0,r.-15.1.0,r.-15.1.0,r.-15.1.0,,,,,,,,,r.-15.1.0,,,,,,,,,r.-15.1.0,r.-15.1.0,r.-15.1.0,r.-15.1.0,r.-15.1.0,r.-15.1.0,r.-15.1.0,r.-15.1.0,r.-15.1.0,r.-15.1.0,r.-15.1.0,r.-15.1.0,r.-15.1.0,r.-15.1.0,r.-15.1.0,r.-15.1.0,r.-15.1.0,r.-15.1.0,r.-15.1.0,r.-15.1.0,r.-15.1.0,r.-15.1.0,r.-15.1.0,r.-15.1.0,r.-15.1.0,r.-15.1.0,,,,,,,,,,,,,,,,,,,
29,,,,,,,,,,r.-15.1.0,r.-15.1.0,r.-15.1.0,r.-15.1.0,r.-15.1.0,r.-15.1.0,r.-15.1.0,r.-15.1.0,r.-15.1.0,r.-15.1.0,,,,,,,,,r.-15.1.0,,,,,,,,,r.-15.1.0,r.-15.1.0,r.-15.1.0,r.-15.1.0,r.-15.1.0,r.-15.1.0,r.-15.1.0,r.-15.1.0,r.-15.1.0,r.-15.1.0,r.-15.1.0,r.-15.1.0,r.-15.1.0,r.-15.1.0,r.-15.1.0,r.-15.1.0,r.-15.1.0,r.-15.1.0,r.-15.1.0,r.-15.1.0,r.-15.1.0,r.-15.1.0,r.-15.1.0,r.-15.1.0,r.-15.1.0,r.-15.1.0,,,,,,,,,,,,,,,,,,,
30,,,,,,,,,,r.-15.1.0,r.-15.1.0,r.-15.1.0,r.-15.1.0,r.-15.1.0,r.-15.1.0,r.-15.1.0,r.-15.1.0,r.-15.1.0,r.-15.1.0,,,,,,,,,r.-15.1.0,,,,,,,,,r.-15.1.0,r.-15.1.0,r.-15.1.0,r.-15.1.0,r.-15.1.0,r.-15.1.0,r.-15.1.0,r.-15.1.0,r.-15.1.0,r.-15.1.0,r.-15.1.0,r.-15.1.0,r.-15.1.0,r.-15.1.0,r.-15.1.0,r.-15.1.0,r.-15.1.0,r.-15.1.0,r.-15.1.0,r.-15.1.0,r.-15.1.0,r.-15.1.0,r.-15.1.0,r.-15.1.0,r.-15.1.0,r.-15.1.0,,,,,,,,,,,,,,,,,,,
31,,,,,,,,,,r.-15.1.0,r.-15.1.0,r.-15.1.0,r.-15.1.0,r.-15.1.0,r.-15.1.0,r.-15.1.0,r.-15.1.0,r.-15.1.0,r.-15.1.0,,,,,,,,,r.-15.1.0,,,,,,,,,r.-15.1.0,r.-15.1.0,r.-15.1.0,r.-15.1.0,r.-15.1.0,r.-15.1.0,r.-15.1.0,r.-15.1.0,r.-15.1.0,r.-15.1.0,r.-15.1.0,r.-15.1.0,r.-15.1.0,r.-15.1.0,r.-15.1.0,r.-15.1.0,r.-15.1.0,r.-15.1.0,r.-15.1.0,r.-15.1.0,r.-15.1.0,r.-15.1.0,r.-15.1.0,r.-15.1.0,r.-15.1.0,r.-15.1.0,,,,,,,,,,,,,,,,,,,
32,,,,,,,,,,r.-15.1.0,r.-15.1.0,r.-15.1.0,r.-15.1.0,r.-15.1.0,r.-15.1.0,r.-15.1.0,r.-15.1.0,r.-15.1.0,r.-15.1.0,,,,,,,,,r.-15.1.0,,,,,,,,,r.-15.1.0,r.-15.1.0,r.-15.1.0,r.-15.1.0,r.-15.1.0,r.-15.1.0,r.-15.1.0,r.-15.1.0,r.-15.1.0,r.-15.1.0,r.-15.1.0,r.-15.1.0,r.-15.1.0,r.-15.1.0,r.-15.1.0,r.-15.1.0,r.-15.1.0,r.-15.1.0,r.-15.1.0,r.-15.1.0,r.-15.1.0,r.-15.1.0,r.-15.1.0,r.-15.1.0,r.-15.1.0,r.-15.1.0,,,,,,,,,,,,,,,,,,,
33,,,,,,,,,,r.-15.1.0,r.-15.1.0,r.-15.1.0,r.-15.1.0,r.-15.1.0,r.-15.1.0,r.-15.1.0,r.-15.1.0,r.-15.1.0,r.-15.1.0,,,,,,,,,r.-15.1.0,,,,,,,,,r.-15.1.0,r.-15.1.0,r.-15.1.0,r.-15.1.0,r.-15.1.0,r.-15.1.0,r.-15.1.0,r.-15.1.0,r.-15.1.0,r.-15.1.0,r.-15.1.0,r.-15.1.0,r.-15.1.0,r.-15.1.0,r.-15.1.0,r.-15.1.0,r.-15.1.0,r.-15.1.0,r.-15.1.0,r.-15.1.0,r.-15.1.0,r.-15.1.0,r.-15.1.0,r.-15.1.0,r.-15.1.0,r.-15.1.0,,,,,,,,,,,,,,,,,,,
34,,,,,,,,,,r.-15.1.0,r.-15.1.0,r.-15.1.0,r.-15.1.0,r.-15.1.0,r.-15.1.0,r.-15.1.0,r.-15.1.0,r.-15.1.0,r.-15.1.0,,,,,,,,,r.-15.1.0,,,,,,,,,r.-15.1.0,r.-15.1.0,r.-15.1.0,r.-15.1.0,r.-15.1.0,r.-15.1.0,r.-15.1.0,r.-15.1.0,r.-15.1.0,r.-15.1.0,r.-15.1.0,r.-15.1.0,r.-15.1.0,r.-15.1.0,r.-15.1.0,r.-15.1.0,r.-15.1.0,r.-15.1.0,r.-15.1.0,r.-15.1.0,r.-15.1.0,r.-15.1.0,r.-15.1.0,r.-15.1.0,r.-15.1.0,r.-15.1.0,,,,,,,,,,,,,,,,,,,
35,,,,,,,,,,,,,,,,,,,,,,,,,,,,p.52,,,,,,,,,,,,,,,,,,,,,,,,,,,,,,,,,,,,,,,,,,,,,,,,,,,,,
36,,,,,,,,,,p.37,p.38,p.39,p.40,p.41,p.42,p.43,p.44,p.45,p.46,,,,,,,,,r.-7.1.10/r.-8.0.10,,,,,,,,,p.9,p.10,p.11,p.12,p.13,p.14,p.15,p.16,p.17,p.18,p.19,p.20,p.21,p.22,p.23,p.24,p.25,p.26,p.27,p.28,p.29,p.30,p.31,p.32,p.33,p.34,,,,,p.47,,,,,p.48,,,,,,,p.49,,
37,,,,,,,,,,r.-3.1.0,r.-3.1.0,r.-3.1.0,r.-3.1.0,r.-3.1.0,r.-3.1.0,r.-3.1.0,r.-3.1.0,r.-3.1.0,r.-3.1.0,,,,,,,,,r.-3.1.0,,,,,,,,,r.-3.1.0,r.-3.1.0,r.-3.1.0,r.-3.1.0,r.-3.1.0,r.-3.1.0,r.-3.1.0,r.-3.1.0,r.-3.1.0,r.-3.1.0,r.-3.1.0,r.-3.1.0,r.-3.1.0,r.-3.1.0,r.-3.1.0,r.-3.1.0,r.-3.1.0,r.-3.1.0,r.-3.1.0,r.-3.1.0,r.-3.1.0,r.-3.1.0,r.-3.1.0,r.-3.1.0,r.-3.1.0,r.-3.1.0,,,,,,,,,,,,,,,,,,,
38,,,,,,,,,,r.-3.1.0,r.-3.1.0,r.-3.1.0,r.-3.1.0,r.-3.1.0,r.-3.1.0,r.-3.1.0,r.-3.1.0,r.-3.1.0,r.-3.1.0,,,,,,,,,r.-3.1.0,,,,,,,,,r.-3.1.0,r.-3.1.0,r.-3.1.0,r.-3.1.0,r.-3.1.0,r.-3.1.0,r.-3.1.0,r.-3.1.0,r.-3.1.0,r.-3.1.0,r.-3.1.0,r.-3.1.0,r.-3.1.0,r.-3.1.0,r.-3.1.0,r.-3.1.0,r.-3.1.0,r.-3.1.0,r.-3.1.0,r.-3.1.0,r.-3.1.0,r.-3.1.0,r.-3.1.0,r.-3.1.0,r.-3.1.0,r.-3.1.0,,,,,,,,,,,,,,,,,,,
39,,,,,,,,,,r.-3.1.0,r.-3.1.0,r.-3.1.0,r.-3.1.0,r.-3.1.0,r.-3.1.0,r.-3.1.0,r.-3.1.0,r.-3.1.0,r.-3.1.0,,,,,,,,,r.-3.1.0,,,,,,,,,r.-3.1.0,r.-3.1.0,r.-3.1.0,r.-3.1.0,r.-3.1.0,r.-3.1.0,r.-3.1.0,r.-3.1.0,r.-3.1.0,r.-3.1.0,r.-3.1.0,r.-3.1.0,r.-3.1.0,r.-3.1.0,r.-3.1.0,r.-3.1.0,r.-3.1.0,r.-3.1.0,r.-3.1.0,r.-3.1.0,r.-3.1.0,r.-3.1.0,r.-3.1.0,r.-3.1.0,r.-3.1.0,r.-3.1.0,,,,,,,,,,,,,,,,,,,
40,,,,,,,,,,r.-3.1.0,r.-3.1.0,r.-3.1.0,r.-3.1.0,r.-3.1.0,r.-3.1.0,r.-3.1.0,r.-3.1.0,r.-3.1.0,r.-3.1.0,,,,,,,,,r.-3.1.0,,,,,,,,,r.-3.1.0,r.-3.1.0,r.-3.1.0,r.-3.1.0,r.-3.1.0,r.-3.1.0,r.-3.1.0,r.-3.1.0,r.-3.1.0,r.-3.1.0,r.-3.1.0,r.-3.1.0,r.-3.1.0,r.-3.1.0,r.-3.1.0,r.-3.1.0,r.-3.1.0,r.-3.1.0,r.-3.1.0,r.-3.1.0,r.-3.1.0,r.-3.1.0,r.-3.1.0,r.-3.1.0,r.-3.1.0,r.-3.1.0,,,,,,,,,,,,,,,,,,,
41,,,,,,,,,,r.-3.1.0,r.-3.1.0,r.-3.1.0,r.-3.1.0,r.-3.1.0,r.-3.1.0,r.-3.1.0,r.-3.1.0,r.-3.1.0,r.-3.1.0,,,,,,,,,r.-3.1.0,,,,,,,,,r.-3.1.0,r.-3.1.0,r.-3.1.0,r.-3.1.0,r.-3.1.0,r.-3.1.0,r.-3.1.0,r.-3.1.0,r.-3.1.0,r.-3.1.0,r.-3.1.0,r.-3.1.0,r.-3.1.0,r.-3.1.0,r.-3.1.0,r.-3.1.0,r.-3.1.0,r.-3.1.0,r.-3.1.0,r.-3.1.0,r.-3.1.0,r.-3.1.0,r.-3.1.0,r.-3.1.0,r.-3.1.0,r.-3.1.0,,,,,,,,,,,,,,,,,,,
42,,,,,,,,,,r.-3.1.0,r.-3.1.0,r.-3.1.0,r.-3.1.0,r.-3.1.0,r.-3.1.0,r.-3.1.0,r.-3.1.0,r.-3.1.0,r.-3.1.0,,,,,,,,,r.-3.1.0,,,,,,,,,r.-3.1.0,r.-3.1.0,r.-3.1.0,r.-3.1.0,r.-3.1.0,r.-3.1.0,r.-3.1.0,r.-3.1.0,r.-3.1.0,r.-3.1.0,r.-3.1.0,r.-3.1.0,r.-3.1.0,r.-3.1.0,r.-3.1.0,r.-3.1.0,r.-3.1.0,r.-3.1.0,r.-3.1.0,r.-3.1.0,r.-3.1.0,r.-3.1.0,r.-3.1.0,r.-3.1.0,r.-3.1.0,r.-3.1.0,,,,,,,,,,,,,,,,,,,
43,,,,,,,,,,r.-3.1.0,r.-3.1.0,r.-3.1.0,r.-3.1.0,r.-3.1.0,r.-3.1.0,r.-3.1.0,r.-3.1.0,r.-3.1.0,r.-3.1.0,,,,,,,,,r.-3.1.0,,,,,,,,,r.-3.1.0,r.-3.1.0,r.-3.1.0,r.-3.1.0,r.-3.1.0,r.-3.1.0,r.-3.1.0,r.-3.1.0,r.-3.1.0,r.-3.1.0,r.-3.1.0,r.-3.1.0,r.-3.1.0,r.-3.1.0,r.-3.1.0,r.-3.1.0,r.-3.1.0,r.-3.1.0,r.-3.1.0,r.-3.1.0,r.-3.1.0,r.-3.1.0,r.-3.1.0,r.-3.1.0,r.-3.1.0,r.-3.1.0,,,,,,,,,,,,,,,,,,,
44,,,,,,,,,,r.-3.1.0,r.-3.1.0,r.-3.1.0,r.-3.1.0,r.-3.1.0,r.-3.1.0,r.-3.1.0,r.-3.1.0,r.-3.1.0,r.-3.1.0,,,,,,,,,r.-3.1.0,,,,,,,,,r.-3.1.0,r.-3.1.0,r.-3.1.0,r.-3.1.0,r.-3.1.0,r.-3.1.0,r.-3.1.0,r.-3.1.0,r.-3.1.0,r.-3.1.0,r.-3.1.0,r.-3.1.0,r.-3.1.0,r.-3.1.0,r.-3.1.0,r.-3.1.0,r.-3.1.0,r.-3.1.0,r.-3.1.0,r.-3.1.0,r.-3.1.0,r.-3.1.0,r.-3.1.0,r.-3.1.0,r.-3.1.0,r.-3.1.0,,,,,,,,,,,,,,,,,,,
45,,,,,,,,,,r.-3.1.0,r.-3.1.0,r.-3.1.0,r.-3.1.0,r.-3.1.0,r.-3.1.0,r.-3.1.0,r.-3.1.0,r.-3.1.0,r.-3.1.0,,,,,,,,,r.-3.1.0,,,,,,,,,r.-3.1.0,r.-3.1.0,r.-3.1.0,r.-3.1.0,r.-3.1.0,r.-3.1.0,r.-3.1.0,r.-3.1.0,r.-3.1.0,r.-3.1.0,r.-3.1.0,r.-3.1.0,r.-3.1.0,r.-3.1.0,r.-3.1.0,r.-3.1.0,r.-3.1.0,r.-3.1.0,r.-3.1.0,r.-3.1.0,r.-3.1.0,r.-3.1.0,r.-3.1.0,r.-3.1.0,r.-3.1.0,r.-3.1.0,,,,,,,,,,,,,,,,,,,
46,,,,,,,,,,r.-3.1.0,r.-3.1.0,r.-3.1.0,r.-3.1.0,r.-3.1.0,r.-3.1.0,r.-3.1.0,r.-3.1.0,r.-3.1.0,r.-3.1.0,,,,,,,,,r.-3.1.0,,,,,,,,,r.-3.1.0,r.-3.1.0,r.-3.1.0,r.-3.1.0,r.-3.1.0,r.-3.1.0,r.-3.1.0,r.-3.1.0,r.-3.1.0,r.-3.1.0,r.-3.1.0,r.-3.1.0,r.-3.1.0,r.-3.1.0,r.-3.1.0,r.-3.1.0,r.-3.1.0,r.-3.1.0,r.-3.1.0,r.-3.1.0,r.-3.1.0,r.-3.1.0,r.-3.1.0,r.-3.1.0,r.-3.1.0,r.-3.1.0,,,,,,,,,,,,,,,,,,,
47,,,,,,,,,,p.37,p.38,p.39,p.40,p.41,p.42,p.43,p.44,p.45,p.46,,,,,,,,,r.-8.0.10/r.-8.1.10,,,,,,,,,p.9,p.10,p.11,p.12,p.13,p.14,p.15,p.16,p.17,p.18,p.19,p.20,p.21,p.22,p.23,p.24,p.25,p.26,p.27,p.28,p.29,p.30,p.31,p.32,p.33,p.34,,,,,p.47,,,,,p.51,,,,,,,p.49,,
48,,,,,,,,,,,,,,,,,,,,,,,,,,,,r.-7.2.0,,,,,,,,,,,,,,,,,,,,,,,,,,,,,,,,,,,,,,,,,,,,,,,,,,,,,
49,,,,,,,,,,p.37,p.38,p.39,p.40,p.41,p.42,p.43,p.44,p.45,p.46,,,,,,,,,r.-8.1.10/r.-8.0.10,,,,,,,,,p.9,p.10,p.11,p.12,p.13,p.14,p.15,p.16,p.17,p.18,p.19,p.20,p.21,p.22,p.23,p.24,p.25,p.26,p.27,p.28,p.29,p.30,p.31,p.32,p.33,p.34,,,,,p.47,,,,,p.50,,,,,,,p.49,,
50,,,,,,,,,,,,,,,,,,,,,,,,,,,,r.-8.2.0,,,,,,,,,,,,,,,,,,,,,,,,,,,,,,,,,,,,,,,,,,,,,,,,,,,,,
51,,,,,,,,,,,,,,,,,,,,,,,,,,,,r.-8.2.0,,,,,,,,,,,,,,,,,,,,,,,,,,,,,,,,,,,,,,,,,,,,,,,,,,,,,
52,r.-16.0.8,,,,,,,,,,,,,,,,,,,,,,,,,,,,,,,,,,,,,,,,,,,,,,,,,,,,,,,,,,,,,,p.53,,,,,,,,,,,,,,,,,p.54,
53,,,,,,,,,,,,,,,,,,,,,,,,,,p.462,,,,,,,,,,,,,,,,,,,,,,,,,,,,,,,,,,,,,,,,,,,,,,,,,,,,,,,
54,p.55,,,,,,,,,,,,,,,,,,,,,,,,,,,,,,,,,,,,,,,,,,,,,,,,,,,,,,,,,,,,,,,,,p.56,,,,,,,,,,,,,,,
55,,p.58,,,,,,,,,,,,,,,,,,,,,,,,,,,,,,,,,,,,,,,,,,,,,,,,,,,,,,,,,,,,,,,,,,,,,,,,,,,,,,,
56,,,,,,,,,,,,,,,,,,,,,,,,,,,,,p.57,,,,,,,,,,,,,,,,,,,,,,,,,,,,,,,,,,,,,,,,,,,,,,,,,,,,
57,,,,,,,,,,,,,,,,,,,,,,,,,,,,,,,,,,,,,,,,,,,,,,,,,,,,,,,,,,,,,,,,r.-1.12.0,,,,,,,,,,,,,,,,,
58,,,p.59,,,,,,,,,,,,,,,,,,,,,,,,,,,,,,,,,,,,,,,,,,,,,,,,,,,,,,,,,,,,,,,,,,,,,,,,,,,,,,
59,,,,p.60,,,,,,,,,,,,,,,,,,,,,,,,,,,,,,,,,,,,,,,,,,,,,,,,,,,,,,,,,,,,,,,,,,,,,,,,,,,,,
60,,,,,p.61,,,,,,,,,,,,,,,,,,,,,,,,,,,,,,,,,,,,,,,,,,,,,,,,,,,,,,,,,,,,,,,,,,,,,,,,,,,,
61,p.62,,,p.63,,r.-12.0.10/r.-11.0.5,,,,,,,,,,,,,,,,,,,,,,r.-11.0.5,,,,,p.64,,,,p.65,p.66,p.67,p.68,p.69,p.70,p.71,p.72,p.73,p.74,p.75,p.76,p.77,p.78,p.79,p.80,p.81,p.82,p.83,p.84,p.85,p.86,p.87,p.88,p.89,p.90,,,,p.91,,,,,p.92,,,,p.93,p.94,,,p.95,,
62,,p.453,,,,,,,,,,,,,,,,,,,,,,,,,,,,,,,,,,,,,,,,,,,,,,,,,,,,,,,,,,,,,,,,,,,,,,,,,,,,,,,
63,,,,,,,,,,,,,,,,,,,,,,,,,,,,,,,p.355,,,,,,,,,,,,,,,,,,,,,,,,,,,,,,,,,,,,,,,,,,,,,,,,,,
64,,,,,,,,,,,,,,,,,,,,,,,,,,,,,,,,p.272,,,,,,,,,,,,,,,,,,,,,,,,,,,,,,,,,,,,,,,,,,,,,,,,,
65,,,,,,,,,,r.-15.1.0,r.-15.1.0,r.-15.1.0,r.-15.1.0,r.-15.1.0,r.-15.1.0,r.-15.1.0,r.-15.1.0,r.-15.1.0,r.-15.1.0,,,,,,,,,,,r.-15.1.0,,,,,,,r.-15.1.0,r.-15.1.0,r.-15.1.0,r.-15.1.0,r.-15.1.0,r.-15.1.0,r.-15.1.0,r.-15.1.0,r.-15.1.0,r.-15.1.0,r.-15.1.0,r.-15.1.0,r.-15.1.0,r.-15.1.0,r.-15.1.0,r.-15.1.0,r.-15.1.0,r.-15.1.0,r.-15.1.0,r.-15.1.0,r.-15.1.0,r.-15.1.0,r.-15.1.0,r.-15.1.0,r.-15.1.0,r.-15.1.0,,,,,,,,,,,,,,,,,,,
66,,,,,,,,,,r.-15.1.0,r.-15.1.0,r.-15.1.0,r.-15.1.0,r.-15.1.0,r.-15.1.0,r.-15.1.0,r.-15.1.0,r.-15.1.0,r.-15.1.0,,,,,,,,,,,r.-15.1.0,,,,,,,r.-15.1.0,r.-15.1.0,r.-15.1.0,r.-15.1.0,r.-15.1.0,r.-15.1.0,r.-15.1.0,r.-15.1.0,r.-15.1.0,r.-15.1.0,r.-15.1.0,r.-15.1.0,r.-15.1.0,r.-15.1.0,r.-15.1.0,r.-15.1.0,r.-15.1.0,r.-15.1.0,r.-15.1.0,r.-15.1.0,r.-15.1.0,r.-15.1.0,r.-15.1.0,r.-15.1.0,r.-15.1.0,r.-15.1.0,,,,,,,,,,,,,,,,,,,
67,,,,,,,,,,r.-15.1.0,r.-15.1.0,r.-15.1.0,r.-15.1.0,r.-15.1.0,r.-15.1.0,r.-15.1.0,r.-15.1.0,r.-15.1.0,r.-15.1.0,,,,,,,,,,,r.-15.1.0,,,,,,,r.-15.1.0,r.-15.1.0,r.-15.1.0,r.-15.1.0,r.-15.1.0,r.-15.1.0,r.-15.1.0,r.-15.1.0,r.-15.1.0,r.-15.1.0,r.-15.1.0,r.-15.1.0,r.-15.1.0,r.-15.1.0,r.-15.1.0,r.-15.1.0,r.-15.1.0,r.-15.1.0,r.-15.1.0,r.-15.1.0,r.-15.1.0,r.-15.1.0,r.-15.1.0,r.-15.1.0,r.-15.1.0,r.-15.1.0,,,,,,,,,,,,,,,,,,,
68,,,,,,,,,,r.-15.1.0,r.-15.1.0,r.-15.1.0,r.-15.1.0,r.-15.1.0,r.-15.1.0,r.-15.1.0,r.-15.1.0,r.-15.1.0,r.-15.1.0,,,,,,,,,,,r.-15.1.0,,,,,,,r.-15.1.0,r.-15.1.0,r.-15.1.0,r.-15.1.0,r.-15.1.0,r.-15.1.0,r.-15.1.0,r.-15.1.0,r.-15.1.0,r.-15.1.0,r.-15.1.0,r.-15.1.0,r.-15.1.0,r.-15.1.0,r.-15.1.0,r.-15.1.0,r.-15.1.0,r.-15.1.0,r.-15.1.0,r.-15.1.0,r.-15.1.0,r.-15.1.0,r.-15.1.0,r.-15.1.0,r.-15.1.0,r.-15.1.0,,,,,,,,,,,,,,,,,,,
69,,,,,,,,,,r.-15.1.0,r.-15.1.0,r.-15.1.0,r.-15.1.0,r.-15.1.0,r.-15.1.0,r.-15.1.0,r.-15.1.0,r.-15.1.0,r.-15.1.0,,,,,,,,,,,r.-15.1.0,,,,,,,r.-15.1.0,r.-15.1.0,r.-15.1.0,r.-15.1.0,r.-15.1.0,r.-15.1.0,r.-15.1.0,r.-15.1.0,r.-15.1.0,r.-15.1.0,r.-15.1.0,r.-15.1.0,r.-15.1.0,r.-15.1.0,r.-15.1.0,r.-15.1.0,r.-15.1.0,r.-15.1.0,r.-15.1.0,r.-15.1.0,r.-15.1.0,r.-15.1.0,r.-15.1.0,r.-15.1.0,r.-15.1.0,r.-15.1.0,,,,,,,,,,,,,,,,,,,
70,,,,,,,,,,r.-15.1.0,r.-15.1.0,r.-15.1.0,r.-15.1.0,r.-15.1.0,r.-15.1.0,r.-15.1.0,r.-15.1.0,r.-15.1.0,r.-15.1.0,,,,,,,,,,,r.-15.1.0,,,,,,,r.-15.1.0,r.-15.1.0,r.-15.1.0,r.-15.1.0,r.-15.1.0,r.-15.1.0,r.-15.1.0,r.-15.1.0,r.-15.1.0,r.-15.1.0,r.-15.1.0,r.-15.1.0,r.-15.1.0,r.-15.1.0,r.-15.1.0,r.-15.1.0,r.-15.1.0,r.-15.1.0,r.-15.1.0,r.-15.1.0,r.-15.1.0,r.-15.1.0,r.-15.1.0,r.-15.1.0,r.-15.1.0,r.-15.1.0,,,,,,,,,,,,,,,,,,,
71,,,,,,,,,,r.-15.1.0,r.-15.1.0,r.-15.1.0,r.-15.1.0,r.-15.1.0,r.-15.1.0,r.-15.1.0,r.-15.1.0,r.-15.1.0,r.-15.1.0,,,,,,,,,,,r.-15.1.0,,,,,,,r.-15.1.0,r.-15.1.0,r.-15.1.0,r.-15.1.0,r.-15.1.0,r.-15.1.0,r.-15.1.0,r.-15.1.0,r.-15.1.0,r.-15.1.0,r.-15.1.0,r.-15.1.0,r.-15.1.0,r.-15.1.0,r.-15.1.0,r.-15.1.0,r.-15.1.0,r.-15.1.0,r.-15.1.0,r.-15.1.0,r.-15.1.0,r.-15.1.0,r.-15.1.0,r.-15.1.0,r.-15.1.0,r.-15.1.0,,,,,,,,,,,,,,,,,,,
72,,,,,,,,,,r.-15.1.0,r.-15.1.0,r.-15.1.0,r.-15.1.0,r.-15.1.0,r.-15.1.0,r.-15.1.0,r.-15.1.0,r.-15.1.0,r.-15.1.0,,,,,,,,,,,r.-15.1.0,,,,,,,r.-15.1.0,r.-15.1.0,r.-15.1.0,r.-15.1.0,r.-15.1.0,r.-15.1.0,r.-15.1.0,r.-15.1.0,r.-15.1.0,r.-15.1.0,r.-15.1.0,r.-15.1.0,r.-15.1.0,r.-15.1.0,r.-15.1.0,r.-15.1.0,r.-15.1.0,r.-15.1.0,r.-15.1.0,r.-15.1.0,r.-15.1.0,r.-15.1.0,r.-15.1.0,r.-15.1.0,r.-15.1.0,r.-15.1.0,,,,,,,,,,,,,,,,,,,
73,,,,,,,,,,r.-15.1.0,r.-15.1.0,r.-15.1.0,r.-15.1.0,r.-15.1.0,r.-15.1.0,r.-15.1.0,r.-15.1.0,r.-15.1.0,r.-15.1.0,,,,,,,,,,,r.-15.1.0,,,,,,,r.-15.1.0,r.-15.1.0,r.-15.1.0,r.-15.1.0,r.-15.1.0,r.-15.1.0,r.-15.1.0,r.-15.1.0,r.-15.1.0,r.-15.1.0,r.-15.1.0,r.-15.1.0,r.-15.1.0,r.-15.1.0,r.-15.1.0,r.-15.1.0,r.-15.1.0,r.-15.1.0,r.-15.1.0,r.-15.1.0,r.-15.1.0,r.-15.1.0,r.-15.1.0,r.-15.1.0,r.-15.1.0,r.-15.1.0,,,,,,,,,,,,,,,,,,,
74,,,,,,,,,,r.-15.1.0,r.-15.1.0,r.-15.1.0,r.-15.1.0,r.-15.1.0,r.-15.1.0,r.-15.1.0,r.-15.1.0,r.-15.1.0,r.-15.1.0,,,,,,,,,,,r.-15.1.0,,,,,,,r.-15.1.0,r.-15.1.0,r.-15.1.0,r.-15.1.0,r.-15.1.0,r.-15.1.0,r.-15.1.0,r.-15.1.0,r.-15.1.0,r.-15.1.0,r.-15.1.0,r.-15.1.0,r.-15.1.0,r.-15.1.0,r.-15.1.0,r.-15.1.0,r.-15.1.0,r.-15.1.0,r.-15.1.0,r.-15.1.0,r.-15.1.0,r.-15.1.0,r.-15.1.0,r.-15.1.0,r.-15.1.0,r.-15.1.0,,,,,,,,,,,,,,,,,,,
75,,,,,,,,,,r.-15.1.0,r.-15.1.0,r.-15.1.0,r.-15.1.0,r.-15.1.0,r.-15.1.0,r.-15.1.0,r.-15.1.0,r.-15.1.0,r.-15.1.0,,,,,,,,,,,r.-15.1.0,,,,,,,r.-15.1.0,r.-15.1.0,r.-15.1.0,r.-15.1.0,r.-15.1.0,r.-15.1.0,r.-15.1.0,r.-15.1.0,r.-15.1.0,r.-15.1.0,r.-15.1.0,r.-15.1.0,r.-15.1.0,r.-15.1.0,r.-15.1.0,r.-15.1.0,r.-15.1.0,r.-15.1.0,r.-15.1.0,r.-15.1.0,r.-15.1.0,r.-15.1.0,r.-15.1.0,r.-15.1.0,r.-15.1.0,r.-15.1.0,,,,,,,,,,,,,,,,,,,
76,,,,,,,,,,r.-15.1.0,r.-15.1.0,r.-15.1.0,r.-15.1.0,r.-15.1.0,r.-15.1.0,r.-15.1.0,r.-15.1.0,r.-15.1.0,r.-15.1.0,,,,,,,,,,,r.-15.1.0,,,,,,,r.-15.1.0,r.-15.1.0,r.-15.1.0,r.-15.1.0,r.-15.1.0,r.-15.1.0,r.-15.1.0,r.-15.1.0,r.-15.1.0,r.-15.1.0,r.-15.1.0,r.-15.1.0,r.-15.1.0,r.-15.1.0,r.-15.1.0,r.-15.1.0,r.-15.1.0,r.-15.1.0,r.-15.1.0,r.-15.1.0,r.-15.1.0,r.-15.1.0,r.-15.1.0,r.-15.1.0,r.-15.1.0,r.-15.1.0,,,,,,,,,,,,,,,,,,,
77,,,,,,,,,,r.-15.1.0,r.-15.1.0,r.-15.1.0,r.-15.1.0,r.-15.1.0,r.-15.1.0,r.-15.1.0,r.-15.1.0,r.-15.1.0,r.-15.1.0,,,,,,,,,,,r.-15.1.0,,,,,,,r.-15.1.0,r.-15.1.0,r.-15.1.0,r.-15.1.0,r.-15.1.0,r.-15.1.0,r.-15.1.0,r.-15.1.0,r.-15.1.0,r.-15.1.0,r.-15.1.0,r.-15.1.0,r.-15.1.0,r.-15.1.0,r.-15.1.0,r.-15.1.0,r.-15.1.0,r.-15.1.0,r.-15.1.0,r.-15.1.0,r.-15.1.0,r.-15.1.0,r.-15.1.0,r.-15.1.0,r.-15.1.0,r.-15.1.0,,,,,,,,,,,,,,,,,,,
78,,,,,,,,,,r.-15.1.0,r.-15.1.0,r.-15.1.0,r.-15.1.0,r.-15.1.0,r.-15.1.0,r.-15.1.0,r.-15.1.0,r.-15.1.0,r.-15.1.0,,,,,,,,,,,r.-15.1.0,,,,,,,r.-15.1.0,r.-15.1.0,r.-15.1.0,r.-15.1.0,r.-15.1.0,r.-15.1.0,r.-15.1.0,r.-15.1.0,r.-15.1.0,r.-15.1.0,r.-15.1.0,r.-15.1.0,r.-15.1.0,r.-15.1.0,r.-15.1.0,r.-15.1.0,r.-15.1.0,r.-15.1.0,r.-15.1.0,r.-15.1.0,r.-15.1.0,r.-15.1.0,r.-15.1.0,r.-15.1.0,r.-15.1.0,r.-15.1.0,,,,,,,,,,,,,,,,,,,
79,,,,,,,,,,r.-15.1.0,r.-15.1.0,r.-15.1.0,r.-15.1.0,r.-15.1.0,r.-15.1.0,r.-15.1.0,r.-15.1.0,r.-15.1.0,r.-15.1.0,,,,,,,,,,,r.-15.1.0,,,,,,,r.-15.1.0,r.-15.1.0,r.-15.1.0,r.-15.1.0,r.-15.1.0,r.-15.1.0,r.-15.1.0,r.-15.1.0,r.-15.1.0,r.-15.1.0,r.-15.1.0,r.-15.1.0,r.-15.1.0,r.-15.1.0,r.-15.1.0,r.-15.1.0,r.-15.1.0,r.-15.1.0,r.-15.1.0,r.-15.1.0,r.-15.1.0,r.-15.1.0,r.-15.1.0,r.-15.1.0,r.-15.1.0,r.-15.1.0,,,,,,,,,,,,,,,,,,,
80,,,,,,,,,,r.-15.1.0,r.-15.1.0,r.-15.1.0,r.-15.1.0,r.-15.1.0,r.-15.1.0,r.-15.1.0,r.-15.1.0,r.-15.1.0,r.-15.1.0,,,,,,,,,,,r.-15.1.0,,,,,,,r.-15.1.0,r.-15.1.0,r.-15.1.0,r.-15.1.0,r.-15.1.0,r.-15.1.0,r.-15.1.0,r.-15.1.0,r.-15.1.0,r.-15.1.0,r.-15.1.0,r.-15.1.0,r.-15.1.0,r.-15.1.0,r.-15.1.0,r.-15.1.0,r.-15.1.0,r.-15.1.0,r.-15.1.0,r.-15.1.0,r.-15.1.0,r.-15.1.0,r.-15.1.0,r.-15.1.0,r.-15.1.0,r.-15.1.0,,,,,,,,,,,,,,,,,,,
81,,,,,,,,,,r.-15.1.0,r.-15.1.0,r.-15.1.0,r.-15.1.0,r.-15.1.0,r.-15.1.0,r.-15.1.0,r.-15.1.0,r.-15.1.0,r.-15.1.0,,,,,,,,,,,r.-15.1.0,,,,,,,r.-15.1.0,r.-15.1.0,r.-15.1.0,r.-15.1.0,r.-15.1.0,r.-15.1.0,r.-15.1.0,r.-15.1.0,r.-15.1.0,r.-15.1.0,r.-15.1.0,r.-15.1.0,r.-15.1.0,r.-15.1.0,r.-15.1.0,r.-15.1.0,r.-15.1.0,r.-15.1.0,r.-15.1.0,r.-15.1.0,r.-15.1.0,r.-15.1.0,r.-15.1.0,r.-15.1.0,r.-15.1.0,r.-15.1.0,,,,,,,,,,,,,,,,,,,
82,,,,,,,,,,r.-15.1.0,r.-15.1.0,r.-15.1.0,r.-15.1.0,r.-15.1.0,r.-15.1.0,r.-15.1.0,r.-15.1.0,r.-15.1.0,r.-15.1.0,,,,,,,,,,,r.-15.1.0,,,,,,,r.-15.1.0,r.-15.1.0,r.-15.1.0,r.-15.1.0,r.-15.1.0,r.-15.1.0,r.-15.1.0,r.-15.1.0,r.-15.1.0,r.-15.1.0,r.-15.1.0,r.-15.1.0,r.-15.1.0,r.-15.1.0,r.-15.1.0,r.-15.1.0,r.-15.1.0,r.-15.1.0,r.-15.1.0,r.-15.1.0,r.-15.1.0,r.-15.1.0,r.-15.1.0,r.-15.1.0,r.-15.1.0,r.-15.1.0,,,,,,,,,,,,,,,,,,,
83,,,,,,,,,,r.-15.1.0,r.-15.1.0,r.-15.1.0,r.-15.1.0,r.-15.1.0,r.-15.1.0,r.-15.1.0,r.-15.1.0,r.-15.1.0,r.-15.1.0,,,,,,,,,,,r.-15.1.0,,,,,,,r.-15.1.0,r.-15.1.0,r.-15.1.0,r.-15.1.0,r.-15.1.0,r.-15.1.0,r.-15.1.0,r.-15.1.0,r.-15.1.0,r.-15.1.0,r.-15.1.0,r.-15.1.0,r.-15.1.0,r.-15.1.0,r.-15.1.0,r.-15.1.0,r.-15.1.0,r.-15.1.0,r.-15.1.0,r.-15.1.0,r.-15.1.0,r.-15.1.0,r.-15.1.0,r.-15.1.0,r.-15.1.0,r.-15.1.0,,,,,,,,,,,,,,,,,,,
84,,,,,,,,,,r.-15.1.0,r.-15.1.0,r.-15.1.0,r.-15.1.0,r.-15.1.0,r.-15.1.0,r.-15.1.0,r.-15.1.0,r.-15.1.0,r.-15.1.0,,,,,,,,,,,r.-15.1.0,,,,,,,r.-15.1.0,r.-15.1.0,r.-15.1.0,r.-15.1.0,r.-15.1.0,r.-15.1.0,r.-15.1.0,r.-15.1.0,r.-15.1.0,r.-15.1.0,r.-15.1.0,r.-15.1.0,r.-15.1.0,r.-15.1.0,r.-15.1.0,r.-15.1.0,r.-15.1.0,r.-15.1.0,r.-15.1.0,r.-15.1.0,r.-15.1.0,r.-15.1.0,r.-15.1.0,r.-15.1.0,r.-15.1.0,r.-15.1.0,,,,,,,,,,,,,,,,,,,
85,,,,,,,,,,r.-15.1.0,r.-15.1.0,r.-15.1.0,r.-15.1.0,r.-15.1.0,r.-15.1.0,r.-15.1.0,r.-15.1.0,r.-15.1.0,r.-15.1.0,,,,,,,,,,,r.-15.1.0,,,,,,,r.-15.1.0,r.-15.1.0,r.-15.1.0,r.-15.1.0,r.-15.1.0,r.-15.1.0,r.-15.1.0,r.-15.1.0,r.-15.1.0,r.-15.1.0,r.-15.1.0,r.-15.1.0,r.-15.1.0,r.-15.1.0,r.-15.1.0,r.-15.1.0,r.-15.1.0,r.-15.1.0,r.-15.1.0,r.-15.1.0,r.-15.1.0,r.-15.1.0,r.-15.1.0,r.-15.1.0,r.-15.1.0,r.-15.1.0,,,,,,,,,,,,,,,,,,,
86,,,,,,,,,,r.-15.1.0,r.-15.1.0,r.-15.1.0,r.-15.1.0,r.-15.1.0,r.-15.1.0,r.-15.1.0,r.-15.1.0,r.-15.1.0,r.-15.1.0,,,,,,,,,,,r.-15.1.0,,,,,,,r.-15.1.0,r.-15.1.0,r.-15.1.0,r.-15.1.0,r.-15.1.0,r.-15.1.0,r.-15.1.0,r.-15.1.0,r.-15.1.0,r.-15.1.0,r.-15.1.0,r.-15.1.0,r.-15.1.0,r.-15.1.0,r.-15.1.0,r.-15.1.0,r.-15.1.0,r.-15.1.0,r.-15.1.0,r.-15.1.0,r.-15.1.0,r.-15.1.0,r.-15.1.0,r.-15.1.0,r.-15.1.0,r.-15.1.0,,,,,,,,,,,,,,,,,,,
87,,,,,,,,,,r.-15.1.0,r.-15.1.0,r.-15.1.0,r.-15.1.0,r.-15.1.0,r.-15.1.0,r.-15.1.0,r.-15.1.0,r.-15.1.0,r.-15.1.0,,,,,,,,,,,r.-15.1.0,,,,,,,r.-15.1.0,r.-15.1.0,r.-15.1.0,r.-15.1.0,r.-15.1.0,r.-15.1.0,r.-15.1.0,r.-15.1.0,r.-15.1.0,r.-15.1.0,r.-15.1.0,r.-15.1.0,r.-15.1.0,r.-15.1.0,r.-15.1.0,r.-15.1.0,r.-15.1.0,r.-15.1.0,r.-15.1.0,r.-15.1.0,r.-15.1.0,r.-15.1.0,r.-15.1.0,r.-15.1.0,r.-15.1.0,r.-15.1.0,,,,,,,,,,,,,,,,,,,
88,,,,,,,,,,r.-15.1.0,r.-15.1.0,r.-15.1.0,r.-15.1.0,r.-15.1.0,r.-15.1.0,r.-15.1.0,r.-15.1.0,r.-15.1.0,r.-15.1.0,,,,,,,,,,,r.-15.1.0,,,,,,,r.-15.1.0,r.-15.1.0,r.-15.1.0,r.-15.1.0,r.-15.1.0,r.-15.1.0,r.-15.1.0,r.-15.1.0,r.-15.1.0,r.-15.1.0,r.-15.1.0,r.-15.1.0,r.-15.1.0,r.-15.1.0,r.-15.1.0,r.-15.1.0,r.-15.1.0,r.-15.1.0,r.-15.1.0,r.-15.1.0,r.-15.1.0,r.-15.1.0,r.-15.1.0,r.-15.1.0,r.-15.1.0,r.-15.1.0,,,,,,,,,,,,,,,,,,,
89,,,,,,,,,,r.-15.1.0,r.-15.1.0,r.-15.1.0,r.-15.1.0,r.-15.1.0,r.-15.1.0,r.-15.1.0,r.-15.1.0,r.-15.1.0,r.-15.1.0,,,,,,,,,,,r.-15.1.0,,,,,,,r.-15.1.0,r.-15.1.0,r.-15.1.0,r.-15.1.0,r.-15.1.0,r.-15.1.0,r.-15.1.0,r.-15.1.0,r.-15.1.0,r.-15.1.0,r.-15.1.0,r.-15.1.0,r.-15.1.0,r.-15.1.0,r.-15.1.0,r.-15.1.0,r.-15.1.0,r.-15.1.0,r.-15.1.0,r.-15.1.0,r.-15.1.0,r.-15.1.0,r.-15.1.0,r.-15.1.0,r.-15.1.0,r.-15.1.0,,,,,,,,,,,,,,,,,,,
90,,,,,,,,,,r.-15.1.0,r.-15.1.0,r.-15.1.0,r.-15.1.0,r.-15.1.0,r.-15.1.0,r.-15.1.0,r.-15.1.0,r.-15.1.0,r.-15.1.0,,,,,,,,,,,r.-15.1.0,,,,,,,r.-15.1.0,r.-15.1.0,r.-15.1.0,r.-15.1.0,r.-15.1.0,r.-15.1.0,r.-15.1.0,r.-15.1.0,r.-15.1.0,r.-15.1.0,r.-15.1.0,r.-15.1.0,r.-15.1.0,r.-15.1.0,r.-15.1.0,r.-15.1.0,r.-15.1.0,r.-15.1.0,r.-15.1.0,r.-15.1.0,r.-15.1.0,r.-15.1.0,r.-15.1.0,r.-15.1.0,r.-15.1.0,r.-15.1.0,,,,,,,,,,,,,,,,,,,
91,,,,,,r.-11.1.0,,,,,,,,,,,,,,,,,,,,,,r.-11.1.0,,,,,,,,,,,,,,,,,,,,,,,,,,,,,,,,,,,,,,,,,,,,,,,,,,,,,
92,,,,,,,,,,,,,,,,,,,,,,,,,,,,,,p.119,,,,,,,,,,,,,,,,,,,,,,,,,,,,,,,,,,,,,,,,,,,,,,,,,,,
93,,,,,,r.-13.0.11/r.-12.1.11,,,,,,,,,,,,,,,,,,,,,,p.115,,,,,,,,,,,,,,,,,,,,,,,,,,,,,,,,,,,,,,,,,,,,,,,,,p.116,,,,
94,,,,,,p.111,,,,,,,,,,,,,,,,,,,,,,,,,,,,,,,,,,,,,,,,,,,,,,,,,,,,,,,,,,,,,,,,,,,,,,,,,,,
95,,,,,,,,,,p.96,p.97,p.98,p.99,p.100,p.101,p.102,p.103,p.104,p.105,,,,,,,,,,,r.-8.0.10/r.-7.1.10,,,,,,,p.65,p.66,p.67,p.68,p.69,p.70,p.71,p.72,p.73,p.74,p.75,p.76,p.77,p.78,p.79,p.80,p.81,p.82,p.83,p.84,p.85,p.86,p.87,p.88,p.89,p.90,,,,,p.106,,,,,p.107,,,,,,,p.108,,
96,,,,,,,,,,r.-3.1.0,r.-3.1.0,r.-3.1.0,r.-3.1.0,r.-3.1.0,r.-3.1.0,r.-3.1.0,r.-3.1.0,r.-3.1.0,r.-3.1.0,,,,,,,,,,,r.-3.1.0,,,,,,,r.-3.1.0,r.-3.1.0,r.-3.1.0,r.-3.1.0,r.-3.1.0,r.-3.1.0,r.-3.1.0,r.-3.1.0,r.-3.1.0,r.-3.1.0,r.-3.1.0,r.-3.1.0,r.-3.1.0,r.-3.1.0,r.-3.1.0,r.-3.1.0,r.-3.1.0,r.-3.1.0,r.-3.1.0,r.-3.1.0,r.-3.1.0,r.-3.1.0,r.-3.1.0,r.-3.1.0,r.-3.1.0,r.-3.1.0,,,,,,,,,,,,,,,,,,,
97,,,,,,,,,,r.-3.1.0,r.-3.1.0,r.-3.1.0,r.-3.1.0,r.-3.1.0,r.-3.1.0,r.-3.1.0,r.-3.1.0,r.-3.1.0,r.-3.1.0,,,,,,,,,,,r.-3.1.0,,,,,,,r.-3.1.0,r.-3.1.0,r.-3.1.0,r.-3.1.0,r.-3.1.0,r.-3.1.0,r.-3.1.0,r.-3.1.0,r.-3.1.0,r.-3.1.0,r.-3.1.0,r.-3.1.0,r.-3.1.0,r.-3.1.0,r.-3.1.0,r.-3.1.0,r.-3.1.0,r.-3.1.0,r.-3.1.0,r.-3.1.0,r.-3.1.0,r.-3.1.0,r.-3.1.0,r.-3.1.0,r.-3.1.0,r.-3.1.0,,,,,,,,,,,,,,,,,,,
98,,,,,,,,,,r.-3.1.0,r.-3.1.0,r.-3.1.0,r.-3.1.0,r.-3.1.0,r.-3.1.0,r.-3.1.0,r.-3.1.0,r.-3.1.0,r.-3.1.0,,,,,,,,,,,r.-3.1.0,,,,,,,r.-3.1.0,r.-3.1.0,r.-3.1.0,r.-3.1.0,r.-3.1.0,r.-3.1.0,r.-3.1.0,r.-3.1.0,r.-3.1.0,r.-3.1.0,r.-3.1.0,r.-3.1.0,r.-3.1.0,r.-3.1.0,r.-3.1.0,r.-3.1.0,r.-3.1.0,r.-3.1.0,r.-3.1.0,r.-3.1.0,r.-3.1.0,r.-3.1.0,r.-3.1.0,r.-3.1.0,r.-3.1.0,r.-3.1.0,,,,,,,,,,,,,,,,,,,
99,,,,,,,,,,r.-3.1.0,r.-3.1.0,r.-3.1.0,r.-3.1.0,r.-3.1.0,r.-3.1.0,r.-3.1.0,r.-3.1.0,r.-3.1.0,r.-3.1.0,,,,,,,,,,,r.-3.1.0,,,,,,,r.-3.1.0,r.-3.1.0,r.-3.1.0,r.-3.1.0,r.-3.1.0,r.-3.1.0,r.-3.1.0,r.-3.1.0,r.-3.1.0,r.-3.1.0,r.-3.1.0,r.-3.1.0,r.-3.1.0,r.-3.1.0,r.-3.1.0,r.-3.1.0,r.-3.1.0,r.-3.1.0,r.-3.1.0,r.-3.1.0,r.-3.1.0,r.-3.1.0,r.-3.1.0,r.-3.1.0,r.-3.1.0,r.-3.1.0,,,,,,,,,,,,,,,,,,,
100,,,,,,,,,,r.-3.1.0,r.-3.1.0,r.-3.1.0,r.-3.1.0,r.-3.1.0,r.-3.1.0,r.-3.1.0,r.-3.1.0,r.-3.1.0,r.-3.1.0,,,,,,,,,,,r.-3.1.0,,,,,,,r.-3.1.0,r.-3.1.0,r.-3.1.0,r.-3.1.0,r.-3.1.0,r.-3.1.0,r.-3.1.0,r.-3.1.0,r.-3.1.0,r.-3.1.0,r.-3.1.0,r.-3.1.0,r.-3.1.0,r.-3.1.0,r.-3.1.0,r.-3.1.0,r.-3.1.0,r.-3.1.0,r.-3.1.0,r.-3.1.0,r.-3.1.0,r.-3.1.0,r.-3.1.0,r.-3.1.0,r.-3.1.0,r.-3.1.0,,,,,,,,,,,,,,,,,,,
101,,,,,,,,,,r.-3.1.0,r.-3.1.0,r.-3.1.0,r.-3.1.0,r.-3.1.0,r.-3.1.0,r.-3.1.0,r.-3.1.0,r.-3.1.0,r.-3.1.0,,,,,,,,,,,r.-3.1.0,,,,,,,r.-3.1.0,r.-3.1.0,r.-3.1.0,r.-3.1.0,r.-3.1.0,r.-3.1.0,r.-3.1.0,r.-3.1.0,r.-3.1.0,r.-3.1.0,r.-3.1.0,r.-3.1.0,r.-3.1.0,r.-3.1.0,r.-3.1.0,r.-3.1.0,r.-3.1.0,r.-3.1.0,r.-3.1.0,r.-3.1.0,r.-3.1.0,r.-3.1.0,r.-3.1.0,r.-3.1.0,r.-3.1.0,r.-3.1.0,,,,,,,,,,,,,,,,,,,
102,,,,,,,,,,r.-3.1.0,r.-3.1.0,r.-3.1.0,r.-3.1.0,r.-3.1.0,r.-3.1.0,r.-3.1.0,r.-3.1.0,r.-3.1.0,r.-3.1.0,,,,,,,,,,,r.-3.1.0,,,,,,,r.-3.1.0,r.-3.1.0,r.-3.1.0,r.-3.1.0,r.-3.1.0,r.-3.1.0,r.-3.1.0,r.-3.1.0,r.-3.1.0,r.-3.1.0,r.-3.1.0,r.-3.1.0,r.-3.1.0,r.-3.1.0,r.-3.1.0,r.-3.1.0,r.-3.1.0,r.-3.1.0,r.-3.1.0,r.-3.1.0,r.-3.1.0,r.-3.1.0,r.-3.1.0,r.-3.1.0,r.-3.1.0,r.-3.1.0,,,,,,,,,,,,,,,,,,,
103,,,,,,,,,,r.-3.1.0,r.-3.1.0,r.-3.1.0,r.-3.1.0,r.-3.1.0,r.-3.1.0,r.-3.1.0,r.-3.1.0,r.-3.1.0,r.-3.1.0,,,,,,,,,,,r.-3.1.0,,,,,,,r.-3.1.0,r.-3.1.0,r.-3.1.0,r.-3.1.0,r.-3.1.0,r.-3.1.0,r.-3.1.0,r.-3.1.0,r.-3.1.0,r.-3.1.0,r.-3.1.0,r.-3.1.0,r.-3.1.0,r.-3.1.0,r.-3.1.0,r.-3.1.0,r.-3.1.0,r.-3.1.0,r.-3.1.0,r.-3.1.0,r.-3.1.0,r.-3.1.0,r.-3.1.0,r.-3.1.0,r.-3.1.0,r.-3.1.0,,,,,,,,,,,,,,,,,,,
104,,,,,,,,,,r.-3.1.0,r.-3.1.0,r.-3.1.0,r.-3.1.0,r.-3.1.0,r.-3.1.0,r.-3.1.0,r.-3.1.0,r.-3.1.0,r.-3.1.0,,,,,,,,,,,r.-3.1.0,,,,,,,r.-3.1.0,r.-3.1.0,r.-3.1.0,r.-3.1.0,r.-3.1.0,r.-3.1.0,r.-3.1.0,r.-3.1.0,r.-3.1.0,r.-3.1.0,r.-3.1.0,r.-3.1.0,r.-3.1.0,r.-3.1.0,r.-3.1.0,r.-3.1.0,r.-3.1.0,r.-3.1.0,r.-3.1.0,r.-3.1.0,r.-3.1.0,r.-3.1.0,r.-3.1.0,r.-3.1.0,r.-3.1.0,r.-3.1.0,,,,,,,,,,,,,,,,,,,
105,,,,,,,,,,r.-3.1.0,r.-3.1.0,r.-3.1.0,r.-3.1.0,r.-3.1.0,r.-3.1.0,r.-3.1.0,r.-3.1.0,r.-3.1.0,r.-3.1.0,,,,,,,,,,,r.-3.1.0,,,,,,,r.-3.1.0,r.-3.1.0,r.-3.1.0,r.-3.1.0,r.-3.1.0,r.-3.1.0,r.-3.1.0,r.-3.1.0,r.-3.1.0,r.-3.1.0,r.-3.1.0,r.-3.1.0,r.-3.1.0,r.-3.1.0,r.-3.1.0,r.-3.1.0,r.-3.1.0,r.-3.1.0,r.-3.1.0,r.-3.1.0,r.-3.1.0,r.-3.1.0,r.-3.1.0,r.-3.1.0,r.-3.1.0,r.-3.1.0,,,,,,,,,,,,,,,,,,,
106,,,,,,,,,,p.96,p.97,p.98,p.99,p.100,p.101,p.102,p.103,p.104,p.105,,,,,,,,,,,r.-8.1.10/r.-8.0.10,,,,,,,p.65,p.66,p.67,p.68,p.69,p.70,p.71,p.72,p.73,p.74,p.75,p.76,p.77,p.78,p.79,p.80,p.81,p.82,p.83,p.84,p.85,p.86,p.87,p.88,p.89,p.90,,,,,p.106,,,,,p.110,,,,,,,p.108,,
107,,,,,,,,,,,,,,,,,,,,,,,,,,,,,,r.-7.2.0,,,,,,,,,,,,,,,,,,,,,,,,,,,,,,,,,,,,,,,,,,,,,,,,,,,
108,,,,,,,,,,p.96,p.97,p.98,p.99,p.100,p.101,p.102,p.103,p.104,p.105,,,,,,,,,,,r.-8.1.10/r.-8.0.10,,,,,,,p.65,p.66,p.67,p.68,p.69,p.70,p.71,p.72,p.73,p.74,p.75,p.76,p.77,p.78,p.79,p.80,p.81,p.82,p.83,p.84,p.85,p.86,p.87,p.88,p.89,p.90,,,,,p.106,,,,,p.109,,,,,,,p.108,,
109,,,,,,,,,,,,,,,,,,,,,,,,,,,,,,r.-8.2.0,,,,,,,,,,,,,,,,,,,,,,,,,,,,,,,,,,,,,,,,,,,,,,,,,,,
110,,,,,,,,,,,,,,,,,,,,,,,,,,,,,,r.-8.2.0,,,,,,,,,,,,,,,,,,,,,,,,,,,,,,,,,,,,,,,,,,,,,,,,,,,
111,,,,,,,p.112,,,,,,,,,,,,,,,,,,,,,,,,,,,,,,,,,,,,,,,,,,,,,,,,,,,,,,,,,,,,,,,,,,,,,,,,,,
112,,,,,,,,p.113,,,,,,,,,,,,,,,,,,,,,,,,,,,,,,,,,,,,,,,,,,,,,,,,,,,,,,,,,,,,,,,,,,,,,,,,,
113,,,,,,,,,p.114,,,,,,,,,,,,,,,,,,,,,,,,,,,,,,,,,,,,,,,,,,,,,,,,,,,,,,,,,,,,,,,,,,,,,,,,
114,,,,,,,,,,,,,,,,,,,,,,,,,,,,,r.-2.10.0,,,,,,,,,,,,,,,,,,,,,,,,,,,,,,,,,,,,,,,,,,,,,,,,,,,,
115,p.62,,,p.63,,r.-13.1.10/r.-11.0.5,,,,,,,,,,,,,,,,,,,,,,r.-11.0.5,,,,,p.64,,,,p.65,p.66,p.67,p.68,p.69,p.70,p.71,p.72,p.73,p.74,p.75,p.76,p.77,p.78,p.79,p.80,p.81,p.82,p.83,p.84,p.85,p.86,p.87,p.88,p.89,p.90,,,,p.91,,,,,p.92,,,,p.117,,,,p.95,,
116,,,,,,r.-12.2.0,,,,,,,,,,,,,,,,,,,,,,,,,,,,,,,,,,,,,,,,,,,,,,,,,,,,,,,,,,,,,,,,,,,,,,,,,,,
117,,,,,,r.-13.2.11/r.-13.0.11,,,,,,,,,,,,,,,,,,,,,,p.115,,,,,,,,,,,,,,,,,,,,,,,,,,,,,,,,,,,,,,,,,,,,,,,,,p.118,,,,
118,,,,,,r.-13.3.0,,,,,,,,,,,,,,,,,,,,,,,,,,,,,,,,,,,,,,,,,,,,,,,,,,,,,,,,,,,,,,,,,,,,,,,,,,,
119,,,,,,,,,,,,,,,,,,,,,,,p.120,,,,,,,,,,,,,,,,,,,,,,,,,,,,,,,,,,,,,,,,,,,,,,,,,,,,,,,,,,
120,,,,,,,,,,p.121,p.122,p.123,p.124,p.125,p.126,p.127,p.128,p.129,p.130,,,,,,,,,,,,,,,,p.131,,p.132,p.133,p.134,p.135,p.136,p.137,p.138,p.139,p.140,p.141,p.142,p.143,p.144,p.145,p.146,p.147,p.148,p.149,p.150,p.151,p.152,p.153,p.154,p.155,p.156,p.157,,,,,p.158,,p.159,,p.160,,p.161,,,,,p.162,p.163,,
121,,,,,,r.-3.1.0,,,,r.-3.1.0,r.-3.1.0,r.-3.1.0,r.-3.1.0,r.-3.1.0,r.-3.1.0,r.-3.1.0,r.-3.1.0,r.-3.1.0,r.-3.1.0,,r.-3.1.0,r.-3.1.0,r.-3.1.0,r.-3.1.0,,,,r.-3.1.0,,,,,,,,,,,,,,,,,,,,,,,,,,,,,,,,,,,,,,,,,,,,,,,,,,,,,
122,,,,,,r.-3.1.0,,,,r.-3.1.0,r.-3.1.0,r.-3.1.0,r.-3.1.0,r.-3.1.0,r.-3.1.0,r.-3.1.0,r.-3.1.0,r.-3.1.0,r.-3.1.0,,r.-3.1.0,r.-3.1.0,r.-3.1.0,r.-3.1.0,,,,r.-3.1.0,,,,,,,,,,,,,,,,,,,,,,,,,,,,,,,,,,,,,,,,,,,,,,,,,,,,,
123,,,,,,r.-3.1.0,,,,r.-3.1.0,r.-3.1.0,r.-3.1.0,r.-3.1.0,r.-3.1.0,r.-3.1.0,r.-3.1.0,r.-3.1.0,r.-3.1.0,r.-3.1.0,,r.-3.1.0,r.-3.1.0,r.-3.1.0,r.-3.1.0,,,,r.-3.1.0,,,,,,,,,,,,,,,,,,,,,,,,,,,,,,,,,,,,,,,,,,,,,,,,,,,,,
124,,,,,,r.-3.1.0,,,,r.-3.1.0,r.-3.1.0,r.-3.1.0,r.-3.1.0,r.-3.1.0,r.-3.1.0,r.-3.1.0,r.-3.1.0,r.-3.1.0,r.-3.1.0,,r.-3.1.0,r.-3.1.0,r.-3.1.0,r.-3.1.0,,,,r.-3.1.0,,,,,,,,,,,,,,,,,,,,,,,,,,,,,,,,,,,,,,,,,,,,,,,,,,,,,
125,,,,,,r.-3.1.0,,,,r.-3.1.0,r.-3.1.0,r.-3.1.0,r.-3.1.0,r.-3.1.0,r.-3.1.0,r.-3.1.0,r.-3.1.0,r.-3.1.0,r.-3.1.0,,r.-3.1.0,r.-3.1.0,r.-3.1.0,r.-3.1.0,,,,r.-3.1.0,,,,,,,,,,,,,,,,,,,,,,,,,,,,,,,,,,,,,,,,,,,,,,,,,,,,,
126,,,,,,r.-3.1.0,,,,r.-3.1.0,r.-3.1.0,r.-3.1.0,r.-3.1.0,r.-3.1.0,r.-3.1.0,r.-3.1.0,r.-3.1.0,r.-3.1.0,r.-3.1.0,,r.-3.1.0,r.-3.1.0,r.-3.1.0,r.-3.1.0,,,,r.-3.1.0,,,,,,,,,,,,,,,,,,,,,,,,,,,,,,,,,,,,,,,,,,,,,,,,,,,,,
127,,,,,,r.-3.1.0,,,,r.-3.1.0,r.-3.1.0,r.-3.1.0,r.-3.1.0,r.-3.1.0,r.-3.1.0,r.-3.1.0,r.-3.1.0,r.-3.1.0,r.-3.1.0,,r.-3.1.0,r.-3.1.0,r.-3.1.0,r.-3.1.0,,,,r.-3.1.0,,,,,,,,,,,,,,,,,,,,,,,,,,,,,,,,,,,,,,,,,,,,,,,,,,,,,
128,,,,,,r.-3.1.0,,,,r.-3.1.0,r.-3.1.0,r.-3.1.0,r.-3.1.0,r.-3.1.0,r.-3.1.0,r.-3.1.0,r.-3.1.0,r.-3.1.0,r.-3.1.0,,r.-3.1.0,r.-3.1.0,r.-3.1.0,r.-3.1.0,,,,r.-3.1.0,,,,,,,,,,,,,,,,,,,,,,,,,,,,,,,,,,,,,,,,,,,,,,,,,,,,,
129,,,,,,r.-3.1.0,,,,r.-3.1.0,r.-3.1.0,r.-3.1.0,r.-3.1.0,r.-3.1.0,r.-3.1.0,r.-3.1.0,r.-3.1.0,r.-3.1.0,r.-3.1.0,,r.-3.1.0,r.-3.1.0,r.-3.1.0,r.-3.1.0,,,,r.-3.1.0,,,,,,,,,,,,,,,,,,,,,,,,,,,,,,,,,,,,,,,,,,,,,,,,,,,,,
130,,,,,,r.-3.1.0,,,,r.-3.1.0,r.-3.1.0,r.-3.1.0,r.-3.1.0,r.-3.1.0,r.-3.1.0,r.-3.1.0,r.-3.1.0,r.-3.1.0,r.-3.1.0,,r.-3.1.0,r.-3.1.0,r.-3.1.0,r.-3.1.0,,,,r.-3.1.0,,,,,,,,,,,,,,,,,,,,,,,,,,,,,,,,,,,,,,,,,,,,,,,,,,,,,
131,,,,,,,,,,p.195,p.196,p.197,p.198,p.199,p.200,p.201,p.202,p.203,p.204,,,,,,,,,,,,,,,,p.205,,p.206,p.207,p.208,p.209,p.210,p.211,p.212,p.213,p.214,p.215,p.216,p.217,p.218,p.219,p.220,p.221,p.222,p.223,p.224,p.225,p.226,p.227,p.228,p.229,p.230,p.231,,,,,p.232,,p.233,,p.234,,p.235,,,,,p.236,p.237,,
132,,,,,,r.-15.1.0,,,,r.-15.1.0,r.-15.1.0,r.-15.1.0,r.-15.1.0,r.-15.1.0,r.-15.1.0,r.-15.1.0,r.-15.1.0,r.-15.1.0,r.-15.1.0,,r.-15.1.0,r.-15.1.0,r.-15.1.0,r.-15.1.0,,,,r.-15.1.0,,,,,,,,,r.-15.1.0,r.-15.1.0,r.-15.1.0,r.-15.1.0,r.-15.1.0,r.-15.1.0,r.-15.1.0,r.-15.1.0,r.-15.1.0,r.-15.1.0,r.-15.1.0,r.-15.1.0,r.-15.1.0,r.-15.1.0,r.-15.1.0,r.-15.1.0,r.-15.1.0,r.-15.1.0,r.-15.1.0,r.-15.1.0,r.-15.1.0,r.-15.1.0,r.-15.1.0,r.-15.1.0,r.-15.1.0,r.-15.1.0,,,,,,,,,,,,,,,,,,,
133,,,,,,r.-15.1.0,,,,r.-15.1.0,r.-15.1.0,r.-15.1.0,r.-15.1.0,r.-15.1.0,r.-15.1.0,r.-15.1.0,r.-15.1.0,r.-15.1.0,r.-15.1.0,,r.-15.1.0,r.-15.1.0,r.-15.1.0,r.-15.1.0,,,,r.-15.1.0,,,,,,,,,r.-15.1.0,r.-15.1.0,r.-15.1.0,r.-15.1.0,r.-15.1.0,r.-15.1.0,r.-15.1.0,r.-15.1.0,r.-15.1.0,r.-15.1.0,r.-15.1.0,r.-15.1.0,r.-15.1.0,r.-15.1.0,r.-15.1.0,r.-15.1.0,r.-15.1.0,r.-15.1.0,r.-15.1.0,r.-15.1.0,r.-15.1.0,r.-15.1.0,r.-15.1.0,r.-15.1.0,r.-15.1.0,r.-15.1.0,,,,,,,,,,,,,,,,,,,
134,,,,,,r.-15.1.0,,,,r.-15.1.0,r.-15.1.0,r.-15.1.0,r.-15.1.0,r.-15.1.0,r.-15.1.0,r.-15.1.0,r.-15.1.0,r.-15.1.0,r.-15.1.0,,r.-15.1.0,r.-15.1.0,r.-15.1.0,r.-15.1.0,,,,r.-15.1.0,,,,,,,,,r.-15.1.0,r.-15.1.0,r.-15.1.0,r.-15.1.0,r.-15.1.0,r.-15.1.0,r.-15.1.0,r.-15.1.0,r.-15.1.0,r.-15.1.0,r.-15.1.0,r.-15.1.0,r.-15.1.0,r.-15.1.0,r.-15.1.0,r.-15.1.0,r.-15.1.0,r.-15.1.0,r.-15.1.0,r.-15.1.0,r.-15.1.0,r.-15.1.0,r.-15.1.0,r.-15.1.0,r.-15.1.0,r.-15.1.0,,,,,,,,,,,,,,,,,,,
135,,,,,,r.-15.1.0,,,,r.-15.1.0,r.-15.1.0,r.-15.1.0,r.-15.1.0,r.-15.1.0,r.-15.1.0,r.-15.1.0,r.-15.1.0,r.-15.1.0,r.-15.1.0,,r.-15.1.0,r.-15.1.0,r.-15.1.0,r.-15.1.0,,,,r.-15.1.0,,,,,,,,,r.-15.1.0,r.-15.1.0,r.-15.1.0,r.-15.1.0,r.-15.1.0,r.-15.1.0,r.-15.1.0,r.-15.1.0,r.-15.1.0,r.-15.1.0,r.-15.1.0,r.-15.1.0,r.-15.1.0,r.-15.1.0,r.-15.1.0,r.-15.1.0,r.-15.1.0,r.-15.1.0,r.-15.1.0,r.-15.1.0,r.-15.1.0,r.-15.1.0,r.-15.1.0,r.-15.1.0,r.-15.1.0,r.-15.1.0,,,,,,,,,,,,,,,,,,,
136,,,,,,r.-15.1.0,,,,r.-15.1.0,r.-15.1.0,r.-15.1.0,r.-15.1.0,r.-15.1.0,r.-15.1.0,r.-15.1.0,r.-15.1.0,r.-15.1.0,r.-15.1.0,,r.-15.1.0,r.-15.1.0,r.-15.1.0,r.-15.1.0,,,,r.-15.1.0,,,,,,,,,r.-15.1.0,r.-15.1.0,r.-15.1.0,r.-15.1.0,r.-15.1.0,r.-15.1.0,r.-15.1.0,r.-15.1.0,r.-15.1.0,r.-15.1.0,r.-15.1.0,r.-15.1.0,r.-15.1.0,r.-15.1.0,r.-15.1.0,r.-15.1.0,r.-15.1.0,r.-15.1.0,r.-15.1.0,r.-15.1.0,r.-15.1.0,r.-15.1.0,r.-15.1.0,r.-15.1.0,r.-15.1.0,r.-15.1.0,,,,,,,,,,,,,,,,,,,
137,,,,,,r.-15.1.0,,,,r.-15.1.0,r.-15.1.0,r.-15.1.0,r.-15.1.0,r.-15.1.0,r.-15.1.0,r.-15.1.0,r.-15.1.0,r.-15.1.0,r.-15.1.0,,r.-15.1.0,r.-15.1.0,r.-15.1.0,r.-15.1.0,,,,r.-15.1.0,,,,,,,,,r.-15.1.0,r.-15.1.0,r.-15.1.0,r.-15.1.0,r.-15.1.0,r.-15.1.0,r.-15.1.0,r.-15.1.0,r.-15.1.0,r.-15.1.0,r.-15.1.0,r.-15.1.0,r.-15.1.0,r.-15.1.0,r.-15.1.0,r.-15.1.0,r.-15.1.0,r.-15.1.0,r.-15.1.0,r.-15.1.0,r.-15.1.0,r.-15.1.0,r.-15.1.0,r.-15.1.0,r.-15.1.0,r.-15.1.0,,,,,,,,,,,,,,,,,,,
138,,,,,,r.-15.1.0,,,,r.-15.1.0,r.-15.1.0,r.-15.1.0,r.-15.1.0,r.-15.1.0,r.-15.1.0,r.-15.1.0,r.-15.1.0,r.-15.1.0,r.-15.1.0,,r.-15.1.0,r.-15.1.0,r.-15.1.0,r.-15.1.0,,,,r.-15.1.0,,,,,,,,,r.-15.1.0,r.-15.1.0,r.-15.1.0,r.-15.1.0,r.-15.1.0,r.-15.1.0,r.-15.1.0,r.-15.1.0,r.-15.1.0,r.-15.1.0,r.-15.1.0,r.-15.1.0,r.-15.1.0,r.-15.1.0,r.-15.1.0,r.-15.1.0,r.-15.1.0,r.-15.1.0,r.-15.1.0,r.-15.1.0,r.-15.1.0,r.-15.1.0,r.-15.1.0,r.-15.1.0,r.-15.1.0,r.-15.1.0,,,,,,,,,,,,,,,,,,,
139,,,,,,r.-15.1.0,,,,r.-15.1.0,r.-15.1.0,r.-15.1.0,r.-15.1.0,r.-15.1.0,r.-15.1.0,r.-15.1.0,r.-15.1.0,r.-15.1.0,r.-15.1.0,,r.-15.1.0,r.-15.1.0,r.-15.1.0,r.-15.1.0,,,,r.-15.1.0,,,,,,,,,r.-15.1.0,r.-15.1.0,r.-15.1.0,r.-15.1.0,r.-15.1.0,r.-15.1.0,r.-15.1.0,r.-15.1.0,r.-15.1.0,r.-15.1.0,r.-15.1.0,r.-15.1.0,r.-15.1.0,r.-15.1.0,r.-15.1.0,r.-15.1.0,r.-15.1.0,r.-15.1.0,r.-15.1.0,r.-15.1.0,r.-15.1.0,r.-15.1.0,r.-15.1.0,r.-15.1.0,r.-15.1.0,r.-15.1.0,,,,,,,,,,,,,,,,,,,
140,,,,,,r.-15.1.0,,,,r.-15.1.0,r.-15.1.0,r.-15.1.0,r.-15.1.0,r.-15.1.0,r.-15.1.0,r.-15.1.0,r.-15.1.0,r.-15.1.0,r.-15.1.0,,r.-15.1.0,r.-15.1.0,r.-15.1.0,r.-15.1.0,,,,r.-15.1.0,,,,,,,,,r.-15.1.0,r.-15.1.0,r.-15.1.0,r.-15.1.0,r.-15.1.0,r.-15.1.0,r.-15.1.0,r.-15.1.0,r.-15.1.0,r.-15.1.0,r.-15.1.0,r.-15.1.0,r.-15.1.0,r.-15.1.0,r.-15.1.0,r.-15.1.0,r.-15.1.0,r.-15.1.0,r.-15.1.0,r.-15.1.0,r.-15.1.0,r.-15.1.0,r.-15.1.0,r.-15.1.0,r.-15.1.0,r.-15.1.0,,,,,,,,,,,,,,,,,,,
141,,,,,,r.-15.1.0,,,,r.-15.1.0,r.-15.1.0,r.-15.1.0,r.-15.1.0,r.-15.1.0,r.-15.1.0,r.-15.1.0,r.-15.1.0,r.-15.1.0,r.-15.1.0,,r.-15.1.0,r.-15.1.0,r.-15.1.0,r.-15.1.0,,,,r.-15.1.0,,,,,,,,,r.-15.1.0,r.-15.1.0,r.-15.1.0,r.-15.1.0,r.-15.1.0,r.-15.1.0,r.-15.1.0,r.-15.1.0,r.-15.1.0,r.-15.1.0,r.-15.1.0,r.-15.1.0,r.-15.1.0,r.-15.1.0,r.-15.1.0,r.-15.1.0,r.-15.1.0,r.-15.1.0,r.-15.1.0,r.-15.1.0,r.-15.1.0,r.-15.1.0,r.-15.1.0,r.-15.1.0,r.-15.1.0,r.-15.1.0,,,,,,,,,,,,,,,,,,,
142,,,,,,r.-15.1.0,,,,r.-15.1.0,r.-15.1.0,r.-15.1.0,r.-15.1.0,r.-15.1.0,r.-15.1.0,r.-15.1.0,r.-15.1.0,r.-15.1.0,r.-15.1.0,,r.-15.1.0,r.-15.1.0,r.-15.1.0,r.-15.1.0,,,,r.-15.1.0,,,,,,,,,r.-15.1.0,r.-15.1.0,r.-15.1.0,r.-15.1.0,r.-15.1.0,r.-15.1.0,r.-15.1.0,r.-15.1.0,r.-15.1.0,r.-15.1.0,r.-15.1.0,r.-15.1.0,r.-15.1.0,r.-15.1.0,r.-15.1.0,r.-15.1.0,r.-15.1.0,r.-15.1.0,r.-15.1.0,r.-15.1.0,r.-15.1.0,r.-15.1.0,r.-15.1.0,r.-15.1.0,r.-15.1.0,r.-15.1.0,,,,,,,,,,,,,,,,,,,
143,,,,,,r.-15.1.0,,,,r.-15.1.0,r.-15.1.0,r.-15.1.0,r.-15.1.0,r.-15.1.0,r.-15.1.0,r.-15.1.0,r.-15.1.0,r.-15.1.0,r.-15.1.0,,r.-15.1.0,r.-15.1.0,r.-15.1.0,r.-15.1.0,,,,r.-15.1.0,,,,,,,,,r.-15.1.0,r.-15.1.0,r.-15.1.0,r.-15.1.0,r.-15.1.0,r.-15.1.0,r.-15.1.0,r.-15.1.0,r.-15.1.0,r.-15.1.0,r.-15.1.0,r.-15.1.0,r.-15.1.0,r.-15.1.0,r.-15.1.0,r.-15.1.0,r.-15.1.0,r.-15.1.0,r.-15.1.0,r.-15.1.0,r.-15.1.0,r.-15.1.0,r.-15.1.0,r.-15.1.0,r.-15.1.0,r.-15.1.0,,,,,,,,,,,,,,,,,,,
144,,,,,,r.-15.1.0,,,,r.-15.1.0,r.-15.1.0,r.-15.1.0,r.-15.1.0,r.-15.1.0,r.-15.1.0,r.-15.1.0,r.-15.1.0,r.-15.1.0,r.-15.1.0,,r.-15.1.0,r.-15.1.0,r.-15.1.0,r.-15.1.0,,,,r.-15.1.0,,,,,,,,,r.-15.1.0,r.-15.1.0,r.-15.1.0,r.-15.1.0,r.-15.1.0,r.-15.1.0,r.-15.1.0,r.-15.1.0,r.-15.1.0,r.-15.1.0,r.-15.1.0,r.-15.1.0,r.-15.1.0,r.-15.1.0,r.-15.1.0,r.-15.1.0,r.-15.1.0,r.-15.1.0,r.-15.1.0,r.-15.1.0,r.-15.1.0,r.-15.1.0,r.-15.1.0,r.-15.1.0,r.-15.1.0,r.-15.1.0,,,,,,,,,,,,,,,,,,,
145,,,,,,r.-15.1.0,,,,r.-15.1.0,r.-15.1.0,r.-15.1.0,r.-15.1.0,r.-15.1.0,r.-15.1.0,r.-15.1.0,r.-15.1.0,r.-15.1.0,r.-15.1.0,,r.-15.1.0,r.-15.1.0,r.-15.1.0,r.-15.1.0,,,,r.-15.1.0,,,,,,,,,r.-15.1.0,r.-15.1.0,r.-15.1.0,r.-15.1.0,r.-15.1.0,r.-15.1.0,r.-15.1.0,r.-15.1.0,r.-15.1.0,r.-15.1.0,r.-15.1.0,r.-15.1.0,r.-15.1.0,r.-15.1.0,r.-15.1.0,r.-15.1.0,r.-15.1.0,r.-15.1.0,r.-15.1.0,r.-15.1.0,r.-15.1.0,r.-15.1.0,r.-15.1.0,r.-15.1.0,r.-15.1.0,r.-15.1.0,,,,,,,,,,,,,,,,,,,
146,,,,,,r.-15.1.0,,,,r.-15.1.0,r.-15.1.0,r.-15.1.0,r.-15.1.0,r.-15.1.0,r.-15.1.0,r.-15.1.0,r.-15.1.0,r.-15.1.0,r.-15.1.0,,r.-15.1.0,r.-15.1.0,r.-15.1.0,r.-15.1.0,,,,r.-15.1.0,,,,,,,,,r.-15.1.0,r.-15.1.0,r.-15.1.0,r.-15.1.0,r.-15.1.0,r.-15.1.0,r.-15.1.0,r.-15.1.0,r.-15.1.0,r.-15.1.0,r.-15.1.0,r.-15.1.0,r.-15.1.0,r.-15.1.0,r.-15.1.0,r.-15.1.0,r.-15.1.0,r.-15.1.0,r.-15.1.0,r.-15.1.0,r.-15.1.0,r.-15.1.0,r.-15.1.0,r.-15.1.0,r.-15.1.0,r.-15.1.0,,,,,,,,,,,,,,,,,,,
147,,,,,,r.-15.1.0,,,,r.-15.1.0,r.-15.1.0,r.-15.1.0,r.-15.1.0,r.-15.1.0,r.-15.1.0,r.-15.1.0,r.-15.1.0,r.-15.1.0,r.-15.1.0,,r.-15.1.0,r.-15.1.0,r.-15.1.0,r.-15.1.0,,,,r.-15.1.0,,,,,,,,,r.-15.1.0,r.-15.1.0,r.-15.1.0,r.-15.1.0,r.-15.1.0,r.-15.1.0,r.-15.1.0,r.-15.1.0,r.-15.1.0,r.-15.1.0,r.-15.1.0,r.-15.1.0,r.-15.1.0,r.-15.1.0,r.-15.1.0,r.-15.1.0,r.-15.1.0,r.-15.1.0,r.-15.1.0,r.-15.1.0,r.-15.1.0,r.-15.1.0,r.-15.1.0,r.-15.1.0,r.-15.1.0,r.-15.1.0,,,,,,,,,,,,,,,,,,,
148,,,,,,r.-15.1.0,,,,r.-15.1.0,r.-15.1.0,r.-15.1.0,r.-15.1.0,r.-15.1.0,r.-15.1.0,r.-15.1.0,r.-15.1.0,r.-15.1.0,r.-15.1.0,,r.-15.1.0,r.-15.1.0,r.-15.1.0,r.-15.1.0,,,,r.-15.1.0,,,,,,,,,r.-15.1.0,r.-15.1.0,r.-15.1.0,r.-15.1.0,r.-15.1.0,r.-15.1.0,r.-15.1.0,r.-15.1.0,r.-15.1.0,r.-15.1.0,r.-15.1.0,r.-15.1.0,r.-15.1.0,r.-15.1.0,r.-15.1.0,r.-15.1.0,r.-15.1.0,r.-15.1.0,r.-15.1.0,r.-15.1.0,r.-15.1.0,r.-15.1.0,r.-15.1.0,r.-15.1.0,r.-15.1.0,r.-15.1.0,,,,,,,,,,,,,,,,,,,
149,,,,,,r.-15.1.0,,,,r.-15.1.0,r.-15.1.0,r.-15.1.0,r.-15.1.0,r.-15.1.0,r.-15.1.0,r.-15.1.0,r.-15.1.0,r.-15.1.0,r.-15.1.0,,r.-15.1.0,r.-15.1.0,r.-15.1.0,r.-15.1.0,,,,r.-15.1.0,,,,,,,,,r.-15.1.0,r.-15.1.0,r.-15.1.0,r.-15.1.0,r.-15.1.0,r.-15.1.0,r.-15.1.0,r.-15.1.0,r.-15.1.0,r.-15.1.0,r.-15.1.0,r.-15.1.0,r.-15.1.0,r.-15.1.0,r.-15.1.0,r.-15.1.0,r.-15.1.0,r.-15.1.0,r.-15.1.0,r.-15.1.0,r.-15.1.0,r.-15.1.0,r.-15.1.0,r.-15.1.0,r.-15.1.0,r.-15.1.0,,,,,,,,,,,,,,,,,,,
150,,,,,,r.-15.1.0,,,,r.-15.1.0,r.-15.1.0,r.-15.1.0,r.-15.1.0,r.-15.1.0,r.-15.1.0,r.-15.1.0,r.-15.1.0,r.-15.1.0,r.-15.1.0,,r.-15.1.0,r.-15.1.0,r.-15.1.0,r.-15.1.0,,,,r.-15.1.0,,,,,,,,,r.-15.1.0,r.-15.1.0,r.-15.1.0,r.-15.1.0,r.-15.1.0,r.-15.1.0,r.-15.1.0,r.-15.1.0,r.-15.1.0,r.-15.1.0,r.-15.1.0,r.-15.1.0,r.-15.1.0,r.-15.1.0,r.-15.1.0,r.-15.1.0,r.-15.1.0,r.-15.1.0,r.-15.1.0,r.-15.1.0,r.-15.1.0,r.-15.1.0,r.-15.1.0,r.-15.1.0,r.-15.1.0,r.-15.1.0,,,,,,,,,,,,,,,,,,,
151,,,,,,r.-15.1.0,,,,r.-15.1.0,r.-15.1.0,r.-15.1.0,r.-15.1.0,r.-15.1.0,r.-15.1.0,r.-15.1.0,r.-15.1.0,r.-15.1.0,r.-15.1.0,,r.-15.1.0,r.-15.1.0,r.-15.1.0,r.-15.1.0,,,,r.-15.1.0,,,,,,,,,r.-15.1.0,r.-15.1.0,r.-15.1.0,r.-15.1.0,r.-15.1.0,r.-15.1.0,r.-15.1.0,r.-15.1.0,r.-15.1.0,r.-15.1.0,r.-15.1.0,r.-15.1.0,r.-15.1.0,r.-15.1.0,r.-15.1.0,r.-15.1.0,r.-15.1.0,r.-15.1.0,r.-15.1.0,r.-15.1.0,r.-15.1.0,r.-15.1.0,r.-15.1.0,r.-15.1.0,r.-15.1.0,r.-15.1.0,,,,,,,,,,,,,,,,,,,
152,,,,,,r.-15.1.0,,,,r.-15.1.0,r.-15.1.0,r.-15.1.0,r.-15.1.0,r.-15.1.0,r.-15.1.0,r.-15.1.0,r.-15.1.0,r.-15.1.0,r.-15.1.0,,r.-15.1.0,r.-15.1.0,r.-15.1.0,r.-15.1.0,,,,r.-15.1.0,,,,,,,,,r.-15.1.0,r.-15.1.0,r.-15.1.0,r.-15.1.0,r.-15.1.0,r.-15.1.0,r.-15.1.0,r.-15.1.0,r.-15.1.0,r.-15.1.0,r.-15.1.0,r.-15.1.0,r.-15.1.0,r.-15.1.0,r.-15.1.0,r.-15.1.0,r.-15.1.0,r.-15.1.0,r.-15.1.0,r.-15.1.0,r.-15.1.0,r.-15.1.0,r.-15.1.0,r.-15.1.0,r.-15.1.0,r.-15.1.0,,,,,,,,,,,,,,,,,,,
153,,,,,,r.-15.1.0,,,,r.-15.1.0,r.-15.1.0,r.-15.1.0,r.-15.1.0,r.-15.1.0,r.-15.1.0,r.-15.1.0,r.-15.1.0,r.-15.1.0,r.-15.1.0,,r.-15.1.0,r.-15.1.0,r.-15.1.0,r.-15.1.0,,,,r.-15.1.0,,,,,,,,,r.-15.1.0,r.-15.1.0,r.-15.1.0,r.-15.1.0,r.-15.1.0,r.-15.1.0,r.-15.1.0,r.-15.1.0,r.-15.1.0,r.-15.1.0,r.-15.1.0,r.-15.1.0,r.-15.1.0,r.-15.1.0,r.-15.1.0,r.-15.1.0,r.-15.1.0,r.-15.1.0,r.-15.1.0,r.-15.1.0,r.-15.1.0,r.-15.1.0,r.-15.1.0,r.-15.1.0,r.-15.1.0,r.-15.1.0,,,,,,,,,,,,,,,,,,,
154,,,,,,r.-15.1.0,,,,r.-15.1.0,r.-15.1.0,r.-15.1.0,r.-15.1.0,r.-15.1.0,r.-15.1.0,r.-15.1.0,r.-15.1.0,r.-15.1.0,r.-15.1.0,,r.-15.1.0,r.-15.1.0,r.-15.1.0,r.-15.1.0,,,,r.-15.1.0,,,,,,,,,r.-15.1.0,r.-15.1.0,r.-15.1.0,r.-15.1.0,r.-15.1.0,r.-15.1.0,r.-15.1.0,r.-15.1.0,r.-15.1.0,r.-15.1.0,r.-15.1.0,r.-15.1.0,r.-15.1.0,r.-15.1.0,r.-15.1.0,r.-15.1.0,r.-15.1.0,r.-15.1.0,r.-15.1.0,r.-15.1.0,r.-15.1.0,r.-15.1.0,r.-15.1.0,r.-15.1.0,r.-15.1.0,r.-15.1.0,,,,,,,,,,,,,,,,,,,
155,,,,,,r.-15.1.0,,,,r.-15.1.0,r.-15.1.0,r.-15.1.0,r.-15.1.0,r.-15.1.0,r.-15.1.0,r.-15.1.0,r.-15.1.0,r.-15.1.0,r.-15.1.0,,r.-15.1.0,r.-15.1.0,r.-15.1.0,r.-15.1.0,,,,r.-15.1.0,,,,,,,,,r.-15.1.0,r.-15.1.0,r.-15.1.0,r.-15.1.0,r.-15.1.0,r.-15.1.0,r.-15.1.0,r.-15.1.0,r.-15.1.0,r.-15.1.0,r.-15.1.0,r.-15.1.0,r.-15.1.0,r.-15.1.0,r.-15.1.0,r.-15.1.0,r.-15.1.0,r.-15.1.0,r.-15.1.0,r.-15.1.0,r.-15.1.0,r.-15.1.0,r.-15.1.0,r.-15.1.0,r.-15.1.0,r.-15.1.0,,,,,,,,,,,,,,,,,,,
156,,,,,,r.-15.1.0,,,,r.-15.1.0,r.-15.1.0,r.-15.1.0,r.-15.1.0,r.-15.1.0,r.-15.1.0,r.-15.1.0,r.-15.1.0,r.-15.1.0,r.-15.1.0,,r.-15.1.0,r.-15.1.0,r.-15.1.0,r.-15.1.0,,,,r.-15.1.0,,,,,,,,,r.-15.1.0,r.-15.1.0,r.-15.1.0,r.-15.1.0,r.-15.1.0,r.-15.1.0,r.-15.1.0,r.-15.1.0,r.-15.1.0,r.-15.1.0,r.-15.1.0,r.-15.1.0,r.-15.1.0,r.-15.1.0,r.-15.1.0,r.-15.1.0,r.-15.1.0,r.-15.1.0,r.-15.1.0,r.-15.1.0,r.-15.1.0,r.-15.1.0,r.-15.1.0,r.-15.1.0,r.-15.1.0,r.-15.1.0,,,,,,,,,,,,,,,,,,,
157,,,,,,r.-15.1.0,,,,r.-15.1.0,r.-15.1.0,r.-15.1.0,r.-15.1.0,r.-15.1.0,r.-15.1.0,r.-15.1.0,r.-15.1.0,r.-15.1.0,r.-15.1.0,,r.-15.1.0,r.-15.1.0,r.-15.1.0,r.-15.1.0,,,,r.-15.1.0,,,,,,,,,r.-15.1.0,r.-15.1.0,r.-15.1.0,r.-15.1.0,r.-15.1.0,r.-15.1.0,r.-15.1.0,r.-15.1.0,r.-15.1.0,r.-15.1.0,r.-15.1.0,r.-15.1.0,r.-15.1.0,r.-15.1.0,r.-15.1.0,r.-15.1.0,r.-15.1.0,r.-15.1.0,r.-15.1.0,r.-15.1.0,r.-15.1.0,r.-15.1.0,r.-15.1.0,r.-15.1.0,r.-15.1.0,r.-15.1.0,,,,,,,,,,,,,,,,,,,
158,,,,,,r.-10.0.10/r.-9.1.10,,,,p.121,p.122,p.123,p.124,p.125,p.126,p.127,p.128,p.129,p.130,,r.-9.1.10/r.-10.0.10,r.-10.0.10/r.-9.1.10,r.-9.1.10/r.-10.0.10,r.-10.0.10/r.-9.1.10,,,,r.-9.1.10/r.-10.0.10,,,,,,,,,,,,,,,,,,,,,,,,,,,,,,,,,,,,,,,p.192,,,,,,,p.193,,,,,,,
159,,,,,,r.-11.4.0,,,,,,,,,,,,,,,,,,,,,,r.-11.4.0,,,,,,,,,,,,,,,,,,,,,,,,,,,,,,,,,,,,,,,,,,,,,,,,,,,,,
160,,,,,,r.-14.1.0,,,,,,,,,,,,,,,r.-14.1.0,r.-14.1.0,r.-14.1.0,r.-14.1.0,,,,r.-14.1.0,,,,,,,,,,,,,,,,,,,,,,,,,,,,,,,,,,,,,,,,,,,,,,,,,,,,,
161,,,,,,r.-14.1.0,,,,,,,,,,,,,,,r.-14.1.0,r.-14.1.0,r.-14.1.0,r.-14.1.0,,,,r.-14.1.0,,,,,,,,,,,,,,,,,,,,,,,,,,,,,,,,,,,,,,,,,,,,,,,,,,,,,
162,,,,,,r.-5.1.10/r.-6.0.10,,,,,,,,,,,,,,,p.179,p.180,p.181,p.182,,,,r.-6.0.10/r.-5.1.10,,,,,,,,,,,,,,,,,,,,,,,,,,,,,,,,,,,,,,,,,,p.183,,,,,,,,,,,
163,,,,,,r.-7.1.10/r.-8.0.10,,,,p.164,p.165,p.166,p.167,p.168,p.169,p.170,p.171,p.172,p.173,,r.-8.0.10/r.-7.1.10,r.-8.0.10/r.-7.1.10,r.-7.1.10/r.-8.0.10,r.-7.1.10/r.-8.0.10,,,,r.-7.1.10/r.-8.0.10,,,,,,,,,p.132,p.133,p.134,p.135,p.136,p.137,p.138,p.139,p.140,p.141,p.142,p.143,p.144,p.145,p.146,p.147,p.148,p.149,p.150,p.151,p.152,p.153,p.154,p.155,p.156,p.157,,,,,p.174,,,,,p.175,,,,,,,p.176,,
164,,,,,,r.-3.1.0,,,,r.-3.1.0,r.-3.1.0,r.-3.1.0,r.-3.1.0,r.-3.1.0,r.-3.1.0,r.-3.1.0,r.-3.1.0,r.-3.1.0,r.-3.1.0,,r.-3.1.0,r.-3.1.0,r.-3.1.0,r.-3.1.0,,,,r.-3.1.0,,,,,,,,,r.-3.1.0,r.-3.1.0,r.-3.1.0,r.-3.1.0,r.-3.1.0,r.-3.1.0,r.-3.1.0,r.-3.1.0,r.-3.1.0,r.-3.1.0,r.-3.1.0,r.-3.1.0,r.-3.1.0,r.-3.1.0,r.-3.1.0,r.-3.1.0,r.-3.1.0,r.-3.1.0,r.-3.1.0,r.-3.1.0,r.-3.1.0,r.-3.1.0,r.-3.1.0,r.-3.1.0,r.-3.1.0,r.-3.1.0,,,,,,,,,,,,,,,,,,,
165,,,,,,r.-3.1.0,,,,r.-3.1.0,r.-3.1.0,r.-3.1.0,r.-3.1.0,r.-3.1.0,r.-3.1.0,r.-3.1.0,r.-3.1.0,r.-3.1.0,r.-3.1.0,,r.-3.1.0,r.-3.1.0,r.-3.1.0,r.-3.1.0,,,,r.-3.1.0,,,,,,,,,r.-3.1.0,r.-3.1.0,r.-3.1.0,r.-3.1.0,r.-3.1.0,r.-3.1.0,r.-3.1.0,r.-3.1.0,r.-3.1.0,r.-3.1.0,r.-3.1.0,r.-3.1.0,r.-3.1.0,r.-3.1.0,r.-3.1.0,r.-3.1.0,r.-3.1.0,r.-3.1.0,r.-3.1.0,r.-3.1.0,r.-3.1.0,r.-3.1.0,r.-3.1.0,r.-3.1.0,r.-3.1.0,r.-3.1.0,,,,,,,,,,,,,,,,,,,
166,,,,,,r.-3.1.0,,,,r.-3.1.0,r.-3.1.0,r.-3.1.0,r.-3.1.0,r.-3.1.0,r.-3.1.0,r.-3.1.0,r.-3.1.0,r.-3.1.0,r.-3.1.0,,r.-3.1.0,r.-3.1.0,r.-3.1.0,r.-3.1.0,,,,r.-3.1.0,,,,,,,,,r.-3.1.0,r.-3.1.0,r.-3.1.0,r.-3.1.0,r.-3.1.0,r.-3.1.0,r.-3.1.0,r.-3.1.0,r.-3.1.0,r.-3.1.0,r.-3.1.0,r.-3.1.0,r.-3.1.0,r.-3.1.0,r.-3.1.0,r.-3.1.0,r.-3.1.0,r.-3.1.0,r.-3.1.0,r.-3.1.0,r.-3.1.0,r.-3.1.0,r.-3.1.0,r.-3.1.0,r.-3.1.0,r.-3.1.0,,,,,,,,,,,,,,,,,,,
167,,,,,,r.-3.1.0,,,,r.-3.1.0,r.-3.1.0,r.-3.1.0,r.-3.1.0,r.-3.1.0,r.-3.1.0,r.-3.1.0,r.-3.1.0,r.-3.1.0,r.-3.1.0,,r.-3.1.0,r.-3.1.0,r.-3.1.0,r.-3.1.0,,,,r.-3.1.0,,,,,,,,,r.-3.1.0,r.-3.1.0,r.-3.1.0,r.-3.1.0,r.-3.1.0,r.-3.1.0,r.-3.1.0,r.-3.1.0,r.-3.1.0,r.-3.1.0,r.-3.1.0,r.-3.1.0,r.-3.1.0,r.-3.1.0,r.-3.1.0,r.-3.1.0,r.-3.1.0,r.-3.1.0,r.-3.1.0,r.-3.1.0,r.-3.1.0,r.-3.1.0,r.-3.1.0,r.-3.1.0,r.-3.1.0,r.-3.1.0,,,,,,,,,,,,,,,,,,,
168,,,,,,r.-3.1.0,,,,r.-3.1.0,r.-3.1.0,r.-3.1.0,r.-3.1.0,r.-3.1.0,r.-3.1.0,r.-3.1.0,r.-3.1.0,r.-3.1.0,r.-3.1.0,,r.-3.1.0,r.-3.1.0,r.-3.1.0,r.-3.1.0,,,,r.-3.1.0,,,,,,,,,r.-3.1.0,r.-3.1.0,r.-3.1.0,r.-3.1.0,r.-3.1.0,r.-3.1.0,r.-3.1.0,r.-3.1.0,r.-3.1.0,r.-3.1.0,r.-3.1.0,r.-3.1.0,r.-3.1.0,r.-3.1.0,r.-3.1.0,r.-3.1.0,r.-3.1.0,r.-3.1.0,r.-3.1.0,r.-3.1.0,r.-3.1.0,r.-3.1.0,r.-3.1.0,r.-3.1.0,r.-3.1.0,r.-3.1.0,,,,,,,,,,,,,,,,,,,
169,,,,,,r.-3.1.0,,,,r.-3.1.0,r.-3.1.0,r.-3.1.0,r.-3.1.0,r.-3.1.0,r.-3.1.0,r.-3.1.0,r.-3.1.0,r.-3.1.0,r.-3.1.0,,r.-3.1.0,r.-3.1.0,r.-3.1.0,r.-3.1.0,,,,r.-3.1.0,,,,,,,,,r.-3.1.0,r.-3.1.0,r.-3.1.0,r.-3.1.0,r.-3.1.0,r.-3.1.0,r.-3.1.0,r.-3.1.0,r.-3.1.0,r.-3.1.0,r.-3.1.0,r.-3.1.0,r.-3.1.0,r.-3.1.0,r.-3.1.0,r.-3.1.0,r.-3.1.0,r.-3.1.0,r.-3.1.0,r.-3.1.0,r.-3.1.0,r.-3.1.0,r.-3.1.0,r.-3.1.0,r.-3.1.0,r.-3.1.0,,,,,,,,,,,,,,,,,,,
170,,,,,,r.-3.1.0,,,,r.-3.1.0,r.-3.1.0,r.-3.1.0,r.-3.1.0,r.-3.1.0,r.-3.1.0,r.-3.1.0,r.-3.1.0,r.-3.1.0,r.-3.1.0,,r.-3.1.0,r.-3.1.0,r.-3.1.0,r.-3.1.0,,,,r.-3.1.0,,,,,,,,,r.-3.1.0,r.-3.1.0,r.-3.1.0,r.-3.1.0,r.-3.1.0,r.-3.1.0,r.-3.1.0,r.-3.1.0,r.-3.1.0,r.-3.1.0,r.-3.1.0,r.-3.1.0,r.-3.1.0,r.-3.1.0,r.-3.1.0,r.-3.1.0,r.-3.1.0,r.-3.1.0,r.-3.1.0,r.-3.1.0,r.-3.1.0,r.-3.1.0,r.-3.1.0,r.-3.1.0,r.-3.1.0,r.-3.1.0,,,,,,,,,,,,,,,,,,,
171,,,,,,r.-3.1.0,,,,r.-3.1.0,r.-3.1.0,r.-3.1.0,r.-3.1.0,r.-3.1.0,r.-3.1.0,r.-3.1.0,r.-3.1.0,r.-3.1.0,r.-3.1.0,,r.-3.1.0,r.-3.1.0,r.-3.1.0,r.-3.1.0,,,,r.-3.1.0,,,,,,,,,r.-3.1.0,r.-3.1.0,r.-3.1.0,r.-3.1.0,r.-3.1.0,r.-3.1.0,r.-3.1.0,r.-3.1.0,r.-3.1.0,r.-3.1.0,r.-3.1.0,r.-3.1.0,r.-3.1.0,r.-3.1.0,r.-3.1.0,r.-3.1.0,r.-3.1.0,r.-3.1.0,r.-3.1.0,r.-3.1.0,r.-3.1.0,r.-3.1.0,r.-3.1.0,r.-3.1.0,r.-3.1.0,r.-3.1.0,,,,,,,,,,,,,,,,,,,
172,,,,,,r.-3.1.0,,,,r.-3.1.0,r.-3.1.0,r.-3.1.0,r.-3.1.0,r.-3.1.0,r.-3.1.0,r.-3.1.0,r.-3.1.0,r.-3.1.0,r.-3.1.0,,r.-3.1.0,r.-3.1.0,r.-3.1.0,r.-3.1.0,,,,r.-3.1.0,,,,,,,,,r.-3.1.0,r.-3.1.0,r.-3.1.0,r.-3.1.0,r.-3.1.0,r.-3.1.0,r.-3.1.0,r.-3.1.0,r.-3.1.0,r.-3.1.0,r.-3.1.0,r.-3.1.0,r.-3.1.0,r.-3.1.0,r.-3.1.0,r.-3.1.0,r.-3.1.0,r.-3.1.0,r.-3.1.0,r.-3.1.0,r.-3.1.0,r.-3.1.0,r.-3.1.0,r.-3.1.0,r.-3.1.0,r.-3.1.0,,,,,,,,,,,,,,,,,,,
173,,,,,,r.-3.1.0,,,,r.-3.1.0,r.-3.1.0,r.-3.1.0,r.-3.1.0,r.-3.1.0,r.-3.1.0,r.-3.1.0,r.-3.1.0,r.-3.1.0,r.-3.1.0,,r.-3.1.0,r.-3.1.0,r.-3.1.0,r.-3.1.0,,,,r.-3.1.0,,,,,,,,,r.-3.1.0,r.-3.1.0,r.-3.1.0,r.-3.1.0,r.-3.1.0,r.-3.1.0,r.-3.1.0,r.-3.1.0,r.-3.1.0,r.-3.1.0,r.-3.1.0,r.-3.1.0,r.-3.1.0,r.-3.1.0,r.-3.1.0,r.-3.1.0,r.-3.1.0,r.-3.1.0,r.-3.1.0,r.-3.1.0,r.-3.1.0,r.-3.1.0,r.-3.1.0,r.-3.1.0,r.-3.1.0,r.-3.1.0,,,,,,,,,,,,,,,,,,,
174,,,,,,r.-8.0.10/r.-8.1.10,,,,p.164,p.165,p.166,p.167,p.168,p.169,p.170,p.171,p.172,p.173,,r.-8.1.10/r.-8.0.10,r.-8.1.10/r.-8.0.10,r.-8.1.10/r.-8.0.10,r.-8.0.10/r.-8.1.10,,,,r.-8.0.10/r.-8.1.10,,,,,,,,,p.132,p.133,p.134,p.135,p.136,p.137,p.138,p.139,p.140,p.141,p.142,p.143,p.144,p.145,p.146,p.147,p.148,p.149,p.150,p.151,p.152,p.153,p.154,p.155,p.156,p.157,,,,,p.174,,,,,p.178,,,,,,,p.176,,
175,,,,,,r.-7.2.0,,,,,,,,,,,,,,,r.-7.2.0,r.-7.2.0,r.-7.2.0,r.-7.2.0,,,,r.-7.2.0,,,,,,,,,,,,,,,,,,,,,,,,,,,,,,,,,,,,,,,,,,,,,,,,,,,,,
176,,,,,,r.-8.1.10/r.-8.0.10,,,,p.164,p.165,p.166,p.167,p.168,p.169,p.170,p.171,p.172,p.173,,r.-8.1.10/r.-8.0.10,r.-8.0.10/r.-8.1.10,r.-8.1.10/r.-8.0.10,r.-8.0.10/r.-8.1.10,,,,r.-8.1.10/r.-8.0.10,,,,,,,,,p.132,p.133,p.134,p.135,p.136,p.137,p.138,p.139,p.140,p.141,p.142,p.143,p.144,p.145,p.146,p.147,p.148,p.149,p.150,p.151,p.152,p.153,p.154,p.155,p.156,p.157,,,,,p.174,,,,,p.177,,,,,,,p.176,,
177,,,,,,r.-8.2.0,,,,,,,,,,,,,,,r.-8.2.0,r.-8.2.0,r.-8.2.0,r.-8.2.0,,,,r.-8.2.0,,,,,,,,,,,,,,,,,,,,,,,,,,,,,,,,,,,,,,,,,,,,,,,,,,,,,
178,,,,,,r.-8.2.0,,,,,,,,,,,,,,,r.-8.2.0,r.-8.2.0,r.-8.2.0,r.-8.2.0,,,,r.-8.2.0,,,,,,,,,,,,,,,,,,,,,,,,,,,,,,,,,,,,,,,,,,,,,,,,,,,,,
179,,,,,,,,,,p.121,p.122,p.123,p.124,p.125,p.126,p.127,p.128,p.129,p.130,,,,,,,,,,,,,,,,p.131,,p.132,p.133,p.134,p.135,p.136,p.137,p.138,p.139,p.140,p.141,p.142,p.143,p.144,p.145,p.146,p.147,p.148,p.149,p.150,p.151,p.152,p.153,p.154,p.155,p.156,p.157,,,,,p.158,,,,p.160,,p.161,,,,,p.190,p.163,,
180,,,,,,,,,,p.121,p.122,p.123,p.124,p.125,p.126,p.127,p.128,p.129,p.130,,,,,,,,,,,,,,,,p.131,,p.132,p.133,p.134,p.135,p.136,p.137,p.138,p.139,p.140,p.141,p.142,p.143,p.144,p.145,p.146,p.147,p.148,p.149,p.150,p.151,p.152,p.153,p.154,p.155,p.156,p.157,,,,,p.158,,,,p.160,,p.161,,,,,p.188,p.163,,
181,,,,,,,,,,p.121,p.122,p.123,p.124,p.125,p.126,p.127,p.128,p.129,p.130,,,,,,,,,,,,,,,,p.131,,p.132,p.133,p.134,p.135,p.136,p.137,p.138,p.139,p.140,p.141,p.142,p.143,p.144,p.145,p.146,p.147,p.148,p.149,p.150,p.151,p.152,p.153,p.154,p.155,p.156,p.157,,,,,p.158,,,,p.160,,p.161,,,,,p.186,p.163,,
182,,,,,,,,,,p.121,p.122,p.123,p.124,p.125,p.126,p.127,p.128,p.129,p.130,,,,,,,,,,,,,,,,p.131,,p.132,p.133,p.134,p.135,p.136,p.137,p.138,p.139,p.140,p.141,p.142,p.143,p.144,p.145,p.146,p.147,p.148,p.149,p.150,p.151,p.152,p.153,p.154,p.155,p.156,p.157,,,,,p.158,,,,p.160,,p.161,,,,,p.184,p.163,,
183,,,,,,r.-5.2.0,,,,,,,,,,,,,,,,,,,,,,r.-5.2.0,,,,,,,,,,,,,,,,,,,,,,,,,,,,,,,,,,,,,,,,,,,,,,,,,,,,,
184,,,,,,r.-6.0.10/r.-6.2.10,,,,,,,,,,,,,,,p.179,p.180,p.181,p.182,,,,r.-6.0.10/r.-6.2.10,,,,,,,,,,,,,,,,,,,,,,,,,,,,,,,,,,,,,,,,,,p.185,,,,,,,,,,,
185,,,,,,r.-6.3.0,,,,,,,,,,,,,,,,,,,,,,r.-6.3.0,,,,,,,,,,,,,,,,,,,,,,,,,,,,,,,,,,,,,,,,,,,,,,,,,,,,,
186,,,,,,r.-6.0.10/r.-6.2.10,,,,,,,,,,,,,,,p.179,p.180,p.181,p.182,,,,r.-6.2.10/r.-6.0.10,,,,,,,,,,,,,,,,,,,,,,,,,,,,,,,,,,,,,,,,,,p.187,,,,,,,,,,,
187,,,,,,r.-6.3.0,,,,,,,,,,,,,,,,,,,,,,r.-6.3.0,,,,,,,,,,,,,,,,,,,,,,,,,,,,,,,,,,,,,,,,,,,,,,,,,,,,,
188,,,,,,r.-6.2.10/r.-6.0.10,,,,,,,,,,,,,,,p.179,p.180,p.181,p.182,,,,r.-6.0.10/r.-6.2.10,,,,,,,,,,,,,,,,,,,,,,,,,,,,,,,,,,,,,,,,,,p.189,,,,,,,,,,,
189,,,,,,r.-6.3.0,,,,,,,,,,,,,,,,,,,,,,r.-6.3.0,,,,,,,,,,,,,,,,,,,,,,,,,,,,,,,,,,,,,,,,,,,,,,,,,,,,,
190,,,,,,r.-6.2.10/r.-6.0.10,,,,,,,,,,,,,,,p.179,p.180,p.181,p.182,,,,r.-6.2.10/r.-6.0.10,,,,,,,,,,,,,,,,,,,,,,,,,,,,,,,,,,,,,,,,,,p.191,,,,,,,,,,,
191,,,,,,r.-6.3.0,,,,,,,,,,,,,,,,,,,,,,r.-6.3.0,,,,,,,,,,,,,,,,,,,,,,,,,,,,,,,,,,,,,,,,,,,,,,,,,,,,,
192,,,,,,r.-10.0.10/r.-10.1.10,,,,p.121,p.122,p.123,p.124,p.125,p.126,p.127,p.128,p.129,p.130,,r.-10.1.10/r.-10.0.10,r.-10.0.10/r.-10.1.10,r.-10.1.10/r.-10.0.10,r.-10.0.10/r.-10.1.10,,,,r.-10.0.10/r.-10.1.10,,,,,,,,,,,,,,,,,,,,,,,,,,,,,,,,,,,,,,,p.192,,,,,,,p.194,,,,,,,
193,,,,,,r.-9.2.0,,,,,,,,,,,,,,,r.-9.2.0,r.-9.2.0,r.-9.2.0,r.-9.2.0,,,,r.-9.2.0,,,,,,,,,,,,,,,,,,,,,,,,,,,,,,,,,,,,,,,,,,,,,,,,,,,,,
194,,,,,,r.-10.2.0,,,,,,,,,,,,,,,r.-10.2.0,r.-10.2.0,r.-10.2.0,r.-10.2.0,,,,r.-10.2.0,,,,,,,,,,,,,,,,,,,,,,,,,,,,,,,,,,,,,,,,,,,,,,,,,,,,,
195,,,,,,,,,,r.-3.1.0,r.-3.1.0,r.-3.1.0,r.-3.1.0,r.-3.1.0,r.-3.1.0,r.-3.1.0,r.-3.1.0,r.-3.1.0,r.-3.1.0,,r.-3.1.0,r.-3.1.0,r.-3.1.0,r.-3.1.0,,,,,,,,,,,,r.-3.1.0,,,,,,,,,,,,,,,,,,,,,,,,,,,,,,,,,,,,,,,,,,,,,
196,,,,,,,,,,r.-3.1.0,r.-3.1.0,r.-3.1.0,r.-3.1.0,r.-3.1.0,r.-3.1.0,r.-3.1.0,r.-3.1.0,r.-3.1.0,r.-3.1.0,,r.-3.1.0,r.-3.1.0,r.-3.1.0,r.-3.1.0,,,,,,,,,,,,r.-3.1.0,,,,,,,,,,,,,,,,,,,,,,,,,,,,,,,,,,,,,,,,,,,,,
197,,,,,,,,,,r.-3.1.0,r.-3.1.0,r.-3.1.0,r.-3.1.0,r.-3.1.0,r.-3.1.0,r.-3.1.0,r.-3.1.0,r.-3.1.0,r.-3.1.0,,r.-3.1.0,r.-3.1.0,r.-3.1.0,r.-3.1.0,,,,,,,,,,,,r.-3.1.0,,,,,,,,,,,,,,,,,,,,,,,,,,,,,,,,,,,,,,,,,,,,,
198,,,,,,,,,,r.-3.1.0,r.-3.1.0,r.-3.1.0,r.-3.1.0,r.-3.1.0,r.-3.1.0,r.-3.1.0,r.-3.1.0,r.-3.1.0,r.-3.1.0,,r.-3.1.0,r.-3.1.0,r.-3.1.0,r.-3.1.0,,,,,,,,,,,,r.-3.1.0,,,,,,,,,,,,,,,,,,,,,,,,,,,,,,,,,,,,,,,,,,,,,
199,,,,,,,,,,r.-3.1.0,r.-3.1.0,r.-3.1.0,r.-3.1.0,r.-3.1.0,r.-3.1.0,r.-3.1.0,r.-3.1.0,r.-3.1.0,r.-3.1.0,,r.-3.1.0,r.-3.1.0,r.-3.1.0,r.-3.1.0,,,,,,,,,,,,r.-3.1.0,,,,,,,,,,,,,,,,,,,,,,,,,,,,,,,,,,,,,,,,,,,,,
200,,,,,,,,,,r.-3.1.0,r.-3.1.0,r.-3.1.0,r.-3.1.0,r.-3.1.0,r.-3.1.0,r.-3.1.0,r.-3.1.0,r.-3.1.0,r.-3.1.0,,r.-3.1.0,r.-3.1.0,r.-3.1.0,r.-3.1.0,,,,,,,,,,,,r.-3.1.0,,,,,,,,,,,,,,,,,,,,,,,,,,,,,,,,,,,,,,,,,,,,,
201,,,,,,,,,,r.-3.1.0,r.-3.1.0,r.-3.1.0,r.-3.1.0,r.-3.1.0,r.-3.1.0,r.-3.1.0,r.-3.1.0,r.-3.1.0,r.-3.1.0,,r.-3.1.0,r.-3.1.0,r.-3.1.0,r.-3.1.0,,,,,,,,,,,,r.-3.1.0,,,,,,,,,,,,,,,,,,,,,,,,,,,,,,,,,,,,,,,,,,,,,
202,,,,,,,,,,r.-3.1.0,r.-3.1.0,r.-3.1.0,r.-3.1.0,r.-3.1.0,r.-3.1.0,r.-3.1.0,r.-3.1.0,r.-3.1.0,r.-3.1.0,,r.-3.1.0,r.-3.1.0,r.-3.1.0,r.-3.1.0,,,,,,,,,,,,r.-3.1.0,,,,,,,,,,,,,,,,,,,,,,,,,,,,,,,,,,,,,,,,,,,,,
203,,,,,,,,,,r.-3.1.0,r.-3.1.0,r.-3.1.0,r.-3.1.0,r.-3.1.0,r.-3.1.0,r.-3.1.0,r.-3.1.0,r.-3.1.0,r.-3.1.0,,r.-3.1.0,r.-3.1.0,r.-3.1.0,r.-3.1.0,,,,,,,,,,,,r.-3.1.0,,,,,,,,,,,,,,,,,,,,,,,,,,,,,,,,,,,,,,,,,,,,,
204,,,,,,,,,,r.-3.1.0,r.-3.1.0,r.-3.1.0,r.-3.1.0,r.-3.1.0,r.-3.1.0,r.-3.1.0,r.-3.1.0,r.-3.1.0,r.-3.1.0,,r.-3.1.0,r.-3.1.0,r.-3.1.0,r.-3.1.0,,,,,,,,,,,,r.-3.1.0,,,,,,,,,,,,,,,,,,,,,,,,,,,,,,,,,,,,,,,,,,,,,
205,,,,,,,,,,p.195,p.196,p.197,p.198,p.199,p.200,p.201,p.202,p.203,p.204,,,,,,,,,,,,,,,,p.205,,p.206,p.207,p.208,p.209,p.210,p.211,p.212,p.213,p.214,p.215,p.216,p.217,p.218,p.219,p.220,p.221,p.222,p.223,p.224,p.225,p.226,p.227,p.228,p.229,p.230,p.231,,,,,p.232,,p.270,,p.234,,p.235,,,,,p.236,p.237,,
206,,,,,,,,,,r.-15.1.0,r.-15.1.0,r.-15.1.0,r.-15.1.0,r.-15.1.0,r.-15.1.0,r.-15.1.0,r.-15.1.0,r.-15.1.0,r.-15.1.0,,r.-15.1.0,r.-15.1.0,r.-15.1.0,r.-15.1.0,,,,,,,,,,,,r.-15.1.0,r.-15.1.0,r.-15.1.0,r.-15.1.0,r.-15.1.0,r.-15.1.0,r.-15.1.0,r.-15.1.0,r.-15.1.0,r.-15.1.0,r.-15.1.0,r.-15.1.0,r.-15.1.0,r.-15.1.0,r.-15.1.0,r.-15.1.0,r.-15.1.0,r.-15.1.0,r.-15.1.0,r.-15.1.0,r.-15.1.0,r.-15.1.0,r.-15.1.0,r.-15.1.0,r.-15.1.0,r.-15.1.0,r.-15.1.0,,,,,,,,,,,,,,,,,,,
207,,,,,,,,,,r.-15.1.0,r.-15.1.0,r.-15.1.0,r.-15.1.0,r.-15.1.0,r.-15.1.0,r.-15.1.0,r.-15.1.0,r.-15.1.0,r.-15.1.0,,r.-15.1.0,r.-15.1.0,r.-15.1.0,r.-15.1.0,,,,,,,,,,,,r.-15.1.0,r.-15.1.0,r.-15.1.0,r.-15.1.0,r.-15.1.0,r.-15.1.0,r.-15.1.0,r.-15.1.0,r.-15.1.0,r.-15.1.0,r.-15.1.0,r.-15.1.0,r.-15.1.0,r.-15.1.0,r.-15.1.0,r.-15.1.0,r.-15.1.0,r.-15.1.0,r.-15.1.0,r.-15.1.0,r.-15.1.0,r.-15.1.0,r.-15.1.0,r.-15.1.0,r.-15.1.0,r.-15.1.0,r.-15.1.0,,,,,,,,,,,,,,,,,,,
208,,,,,,,,,,r.-15.1.0,r.-15.1.0,r.-15.1.0,r.-15.1.0,r.-15.1.0,r.-15.1.0,r.-15.1.0,r.-15.1.0,r.-15.1.0,r.-15.1.0,,r.-15.1.0,r.-15.1.0,r.-15.1.0,r.-15.1.0,,,,,,,,,,,,r.-15.1.0,r.-15.1.0,r.-15.1.0,r.-15.1.0,r.-15.1.0,r.-15.1.0,r.-15.1.0,r.-15.1.0,r.-15.1.0,r.-15.1.0,r.-15.1.0,r.-15.1.0,r.-15.1.0,r.-15.1.0,r.-15.1.0,r.-15.1.0,r.-15.1.0,r.-15.1.0,r.-15.1.0,r.-15.1.0,r.-15.1.0,r.-15.1.0,r.-15.1.0,r.-15.1.0,r.-15.1.0,r.-15.1.0,r.-15.1.0,,,,,,,,,,,,,,,,,,,
209,,,,,,,,,,r.-15.1.0,r.-15.1.0,r.-15.1.0,r.-15.1.0,r.-15.1.0,r.-15.1.0,r.-15.1.0,r.-15.1.0,r.-15.1.0,r.-15.1.0,,r.-15.1.0,r.-15.1.0,r.-15.1.0,r.-15.1.0,,,,,,,,,,,,r.-15.1.0,r.-15.1.0,r.-15.1.0,r.-15.1.0,r.-15.1.0,r.-15.1.0,r.-15.1.0,r.-15.1.0,r.-15.1.0,r.-15.1.0,r.-15.1.0,r.-15.1.0,r.-15.1.0,r.-15.1.0,r.-15.1.0,r.-15.1.0,r.-15.1.0,r.-15.1.0,r.-15.1.0,r.-15.1.0,r.-15.1.0,r.-15.1.0,r.-15.1.0,r.-15.1.0,r.-15.1.0,r.-15.1.0,r.-15.1.0,,,,,,,,,,,,,,,,,,,
210,,,,,,,,,,r.-15.1.0,r.-15.1.0,r.-15.1.0,r.-15.1.0,r.-15.1.0,r.-15.1.0,r.-15.1.0,r.-15.1.0,r.-15.1.0,r.-15.1.0,,r.-15.1.0,r.-15.1.0,r.-15.1.0,r.-15.1.0,,,,,,,,,,,,r.-15.1.0,r.-15.1.0,r.-15.1.0,r.-15.1.0,r.-15.1.0,r.-15.1.0,r.-15.1.0,r.-15.1.0,r.-15.1.0,r.-15.1.0,r.-15.1.0,r.-15.1.0,r.-15.1.0,r.-15.1.0,r.-15.1.0,r.-15.1.0,r.-15.1.0,r.-15.1.0,r.-15.1.0,r.-15.1.0,r.-15.1.0,r.-15.1.0,r.-15.1.0,r.-15.1.0,r.-15.1.0,r.-15.1.0,r.-15.1.0,,,,,,,,,,,,,,,,,,,
211,,,,,,,,,,r.-15.1.0,r.-15.1.0,r.-15.1.0,r.-15.1.0,r.-15.1.0,r.-15.1.0,r.-15.1.0,r.-15.1.0,r.-15.1.0,r.-15.1.0,,r.-15.1.0,r.-15.1.0,r.-15.1.0,r.-15.1.0,,,,,,,,,,,,r.-15.1.0,r.-15.1.0,r.-15.1.0,r.-15.1.0,r.-15.1.0,r.-15.1.0,r.-15.1.0,r.-15.1.0,r.-15.1.0,r.-15.1.0,r.-15.1.0,r.-15.1.0,r.-15.1.0,r.-15.1.0,r.-15.1.0,r.-15.1.0,r.-15.1.0,r.-15.1.0,r.-15.1.0,r.-15.1.0,r.-15.1.0,r.-15.1.0,r.-15.1.0,r.-15.1.0,r.-15.1.0,r.-15.1.0,r.-15.1.0,,,,,,,,,,,,,,,,,,,
212,,,,,,,,,,r.-15.1.0,r.-15.1.0,r.-15.1.0,r.-15.1.0,r.-15.1.0,r.-15.1.0,r.-15.1.0,r.-15.1.0,r.-15.1.0,r.-15.1.0,,r.-15.1.0,r.-15.1.0,r.-15.1.0,r.-15.1.0,,,,,,,,,,,,r.-15.1.0,r.-15.1.0,r.-15.1.0,r.-15.1.0,r.-15.1.0,r.-15.1.0,r.-15.1.0,r.-15.1.0,r.-15.1.0,r.-15.1.0,r.-15.1.0,r.-15.1.0,r.-15.1.0,r.-15.1.0,r.-15.1.0,r.-15.1.0,r.-15.1.0,r.-15.1.0,r.-15.1.0,r.-15.1.0,r.-15.1.0,r.-15.1.0,r.-15.1.0,r.-15.1.0,r.-15.1.0,r.-15.1.0,r.-15.1.0,,,,,,,,,,,,,,,,,,,
213,,,,,,,,,,r.-15.1.0,r.-15.1.0,r.-15.1.0,r.-15.1.0,r.-15.1.0,r.-15.1.0,r.-15.1.0,r.-15.1.0,r.-15.1.0,r.-15.1.0,,r.-15.1.0,r.-15.1.0,r.-15.1.0,r.-15.1.0,,,,,,,,,,,,r.-15.1.0,r.-15.1.0,r.-15.1.0,r.-15.1.0,r.-15.1.0,r.-15.1.0,r.-15.1.0,r.-15.1.0,r.-15.1.0,r.-15.1.0,r.-15.1.0,r.-15.1.0,r.-15.1.0,r.-15.1.0,r.-15.1.0,r.-15.1.0,r.-15.1.0,r.-15.1.0,r.-15.1.0,r.-15.1.0,r.-15.1.0,r.-15.1.0,r.-15.1.0,r.-15.1.0,r.-15.1.0,r.-15.1.0,r.-15.1.0,,,,,,,,,,,,,,,,,,,
214,,,,,,,,,,r.-15.1.0,r.-15.1.0,r.-15.1.0,r.-15.1.0,r.-15.1.0,r.-15.1.0,r.-15.1.0,r.-15.1.0,r.-15.1.0,r.-15.1.0,,r.-15.1.0,r.-15.1.0,r.-15.1.0,r.-15.1.0,,,,,,,,,,,,r.-15.1.0,r.-15.1.0,r.-15.1.0,r.-15.1.0,r.-15.1.0,r.-15.1.0,r.-15.1.0,r.-15.1.0,r.-15.1.0,r.-15.1.0,r.-15.1.0,r.-15.1.0,r.-15.1.0,r.-15.1.0,r.-15.1.0,r.-15.1.0,r.-15.1.0,r.-15.1.0,r.-15.1.0,r.-15.1.0,r.-15.1.0,r.-15.1.0,r.-15.1.0,r.-15.1.0,r.-15.1.0,r.-15.1.0,r.-15.1.0,,,,,,,,,,,,,,,,,,,
215,,,,,,,,,,r.-15.1.0,r.-15.1.0,r.-15.1.0,r.-15.1.0,r.-15.1.0,r.-15.1.0,r.-15.1.0,r.-15.1.0,r.-15.1.0,r.-15.1.0,,r.-15.1.0,r.-15.1.0,r.-15.1.0,r.-15.1.0,,,,,,,,,,,,r.-15.1.0,r.-15.1.0,r.-15.1.0,r.-15.1.0,r.-15.1.0,r.-15.1.0,r.-15.1.0,r.-15.1.0,r.-15.1.0,r.-15.1.0,r.-15.1.0,r.-15.1.0,r.-15.1.0,r.-15.1.0,r.-15.1.0,r.-15.1.0,r.-15.1.0,r.-15.1.0,r.-15.1.0,r.-15.1.0,r.-15.1.0,r.-15.1.0,r.-15.1.0,r.-15.1.0,r.-15.1.0,r.-15.1.0,r.-15.1.0,,,,,,,,,,,,,,,,,,,
216,,,,,,,,,,r.-15.1.0,r.-15.1.0,r.-15.1.0,r.-15.1.0,r.-15.1.0,r.-15.1.0,r.-15.1.0,r.-15.1.0,r.-15.1.0,r.-15.1.0,,r.-15.1.0,r.-15.1.0,r.-15.1.0,r.-15.1.0,,,,,,,,,,,,r.-15.1.0,r.-15.1.0,r.-15.1.0,r.-15.1.0,r.-15.1.0,r.-15.1.0,r.-15.1.0,r.-15.1.0,r.-15.1.0,r.-15.1.0,r.-15.1.0,r.-15.1.0,r.-15.1.0,r.-15.1.0,r.-15.1.0,r.-15.1.0,r.-15.1.0,r.-15.1.0,r.-15.1.0,r.-15.1.0,r.-15.1.0,r.-15.1.0,r.-15.1.0,r.-15.1.0,r.-15.1.0,r.-15.1.0,r.-15.1.0,,,,,,,,,,,,,,,,,,,
217,,,,,,,,,,r.-15.1.0,r.-15.1.0,r.-15.1.0,r.-15.1.0,r.-15.1.0,r.-15.1.0,r.-15.1.0,r.-15.1.0,r.-15.1.0,r.-15.1.0,,r.-15.1.0,r.-15.1.0,r.-15.1.0,r.-15.1.0,,,,,,,,,,,,r.-15.1.0,r.-15.1.0,r.-15.1.0,r.-15.1.0,r.-15.1.0,r.-15.1.0,r.-15.1.0,r.-15.1.0,r.-15.1.0,r.-15.1.0,r.-15.1.0,r.-15.1.0,r.-15.1.0,r.-15.1.0,r.-15.1.0,r.-15.1.0,r.-15.1.0,r.-15.1.0,r.-15.1.0,r.-15.1.0,r.-15.1.0,r.-15.1.0,r.-15.1.0,r.-15.1.0,r.-15.1.0,r.-15.1.0,r.-15.1.0,,,,,,,,,,,,,,,,,,,
218,,,,,,,,,,r.-15.1.0,r.-15.1.0,r.-15.1.0,r.-15.1.0,r.-15.1.0,r.-15.1.0,r.-15.1.0,r.-15.1.0,r.-15.1.0,r.-15.1.0,,r.-15.1.0,r.-15.1.0,r.-15.1.0,r.-15.1.0,,,,,,,,,,,,r.-15.1.0,r.-15.1.0,r.-15.1.0,r.-15.1.0,r.-15.1.0,r.-15.1.0,r.-15.1.0,r.-15.1.0,r.-15.1.0,r.-15.1.0,r.-15.1.0,r.-15.1.0,r.-15.1.0,r.-15.1.0,r.-15.1.0,r.-15.1.0,r.-15.1.0,r.-15.1.0,r.-15.1.0,r.-15.1.0,r.-15.1.0,r.-15.1.0,r.-15.1.0,r.-15.1.0,r.-15.1.0,r.-15.1.0,r.-15.1.0,,,,,,,,,,,,,,,,,,,
219,,,,,,,,,,r.-15.1.0,r.-15.1.0,r.-15.1.0,r.-15.1.0,r.-15.1.0,r.-15.1.0,r.-15.1.0,r.-15.1.0,r.-15.1.0,r.-15.1.0,,r.-15.1.0,r.-15.1.0,r.-15.1.0,r.-15.1.0,,,,,,,,,,,,r.-15.1.0,r.-15.1.0,r.-15.1.0,r.-15.1.0,r.-15.1.0,r.-15.1.0,r.-15.1.0,r.-15.1.0,r.-15.1.0,r.-15.1.0,r.-15.1.0,r.-15.1.0,r.-15.1.0,r.-15.1.0,r.-15.1.0,r.-15.1.0,r.-15.1.0,r.-15.1.0,r.-15.1.0,r.-15.1.0,r.-15.1.0,r.-15.1.0,r.-15.1.0,r.-15.1.0,r.-15.1.0,r.-15.1.0,r.-15.1.0,,,,,,,,,,,,,,,,,,,
220,,,,,,,,,,r.-15.1.0,r.-15.1.0,r.-15.1.0,r.-15.1.0,r.-15.1.0,r.-15.1.0,r.-15.1.0,r.-15.1.0,r.-15.1.0,r.-15.1.0,,r.-15.1.0,r.-15.1.0,r.-15.1.0,r.-15.1.0,,,,,,,,,,,,r.-15.1.0,r.-15.1.0,r.-15.1.0,r.-15.1.0,r.-15.1.0,r.-15.1.0,r.-15.1.0,r.-15.1.0,r.-15.1.0,r.-15.1.0,r.-15.1.0,r.-15.1.0,r.-15.1.0,r.-15.1.0,r.-15.1.0,r.-15.1.0,r.-15.1.0,r.-15.1.0,r.-15.1.0,r.-15.1.0,r.-15.1.0,r.-15.1.0,r.-15.1.0,r.-15.1.0,r.-15.1.0,r.-15.1.0,r.-15.1.0,,,,,,,,,,,,,,,,,,,
221,,,,,,,,,,r.-15.1.0,r.-15.1.0,r.-15.1.0,r.-15.1.0,r.-15.1.0,r.-15.1.0,r.-15.1.0,r.-15.1.0,r.-15.1.0,r.-15.1.0,,r.-15.1.0,r.-15.1.0,r.-15.1.0,r.-15.1.0,,,,,,,,,,,,r.-15.1.0,r.-15.1.0,r.-15.1.0,r.-15.1.0,r.-15.1.0,r.-15.1.0,r.-15.1.0,r.-15.1.0,r.-15.1.0,r.-15.1.0,r.-15.1.0,r.-15.1.0,r.-15.1.0,r.-15.1.0,r.-15.1.0,r.-15.1.0,r.-15.1.0,r.-15.1.0,r.-15.1.0,r.-15.1.0,r.-15.1.0,r.-15.1.0,r.-15.1.0,r.-15.1.0,r.-15.1.0,r.-15.1.0,r.-15.1.0,,,,,,,,,,,,,,,,,,,
222,,,,,,,,,,r.-15.1.0,r.-15.1.0,r.-15.1.0,r.-15.1.0,r.-15.1.0,r.-15.1.0,r.-15.1.0,r.-15.1.0,r.-15.1.0,r.-15.1.0,,r.-15.1.0,r.-15.1.0,r.-15.1.0,r.-15.1.0,,,,,,,,,,,,r.-15.1.0,r.-15.1.0,r.-15.1.0,r.-15.1.0,r.-15.1.0,r.-15.1.0,r.-15.1.0,r.-15.1.0,r.-15.1.0,r.-15.1.0,r.-15.1.0,r.-15.1.0,r.-15.1.0,r.-15.1.0,r.-15.1.0,r.-15.1.0,r.-15.1.0,r.-15.1.0,r.-15.1.0,r.-15.1.0,r.-15.1.0,r.-15.1.0,r.-15.1.0,r.-15.1.0,r.-15.1.0,r.-15.1.0,r.-15.1.0,,,,,,,,,,,,,,,,,,,
223,,,,,,,,,,r.-15.1.0,r.-15.1.0,r.-15.1.0,r.-15.1.0,r.-15.1.0,r.-15.1.0,r.-15.1.0,r.-15.1.0,r.-15.1.0,r.-15.1.0,,r.-15.1.0,r.-15.1.0,r.-15.1.0,r.-15.1.0,,,,,,,,,,,,r.-15.1.0,r.-15.1.0,r.-15.1.0,r.-15.1.0,r.-15.1.0,r.-15.1.0,r.-15.1.0,r.-15.1.0,r.-15.1.0,r.-15.1.0,r.-15.1.0,r.-15.1.0,r.-15.1.0,r.-15.1.0,r.-15.1.0,r.-15.1.0,r.-15.1.0,r.-15.1.0,r.-15.1.0,r.-15.1.0,r.-15.1.0,r.-15.1.0,r.-15.1.0,r.-15.1.0,r.-15.1.0,r.-15.1.0,r.-15.1.0,,,,,,,,,,,,,,,,,,,
224,,,,,,,,,,r.-15.1.0,r.-15.1.0,r.-15.1.0,r.-15.1.0,r.-15.1.0,r.-15.1.0,r.-15.1.0,r.-15.1.0,r.-15.1.0,r.-15.1.0,,r.-15.1.0,r.-15.1.0,r.-15.1.0,r.-15.1.0,,,,,,,,,,,,r.-15.1.0,r.-15.1.0,r.-15.1.0,r.-15.1.0,r.-15.1.0,r.-15.1.0,r.-15.1.0,r.-15.1.0,r.-15.1.0,r.-15.1.0,r.-15.1.0,r.-15.1.0,r.-15.1.0,r.-15.1.0,r.-15.1.0,r.-15.1.0,r.-15.1.0,r.-15.1.0,r.-15.1.0,r.-15.1.0,r.-15.1.0,r.-15.1.0,r.-15.1.0,r.-15.1.0,r.-15.1.0,r.-15.1.0,r.-15.1.0,,,,,,,,,,,,,,,,,,,
225,,,,,,,,,,r.-15.1.0,r.-15.1.0,r.-15.1.0,r.-15.1.0,r.-15.1.0,r.-15.1.0,r.-15.1.0,r.-15.1.0,r.-15.1.0,r.-15.1.0,,r.-15.1.0,r.-15.1.0,r.-15.1.0,r.-15.1.0,,,,,,,,,,,,r.-15.1.0,r.-15.1.0,r.-15.1.0,r.-15.1.0,r.-15.1.0,r.-15.1.0,r.-15.1.0,r.-15.1.0,r.-15.1.0,r.-15.1.0,r.-15.1.0,r.-15.1.0,r.-15.1.0,r.-15.1.0,r.-15.1.0,r.-15.1.0,r.-15.1.0,r.-15.1.0,r.-15.1.0,r.-15.1.0,r.-15.1.0,r.-15.1.0,r.-15.1.0,r.-15.1.0,r.-15.1.0,r.-15.1.0,r.-15.1.0,,,,,,,,,,,,,,,,,,,
226,,,,,,,,,,r.-15.1.0,r.-15.1.0,r.-15.1.0,r.-15.1.0,r.-15.1.0,r.-15.1.0,r.-15.1.0,r.-15.1.0,r.-15.1.0,r.-15.1.0,,r.-15.1.0,r.-15.1.0,r.-15.1.0,r.-15.1.0,,,,,,,,,,,,r.-15.1.0,r.-15.1.0,r.-15.1.0,r.-15.1.0,r.-15.1.0,r.-15.1.0,r.-15.1.0,r.-15.1.0,r.-15.1.0,r.-15.1.0,r.-15.1.0,r.-15.1.0,r.-15.1.0,r.-15.1.0,r.-15.1.0,r.-15.1.0,r.-15.1.0,r.-15.1.0,r.-15.1.0,r.-15.1.0,r.-15.1.0,r.-15.1.0,r.-15.1.0,r.-15.1.0,r.-15.1.0,r.-15.1.0,r.-15.1.0,,,,,,,,,,,,,,,,,,,
227,,,,,,,,,,r.-15.1.0,r.-15.1.0,r.-15.1.0,r.-15.1.0,r.-15.1.0,r.-15.1.0,r.-15.1.0,r.-15.1.0,r.-15.1.0,r.-15.1.0,,r.-15.1.0,r.-15.1.0,r.-15.1.0,r.-15.1.0,,,,,,,,,,,,r.-15.1.0,r.-15.1.0,r.-15.1.0,r.-15.1.0,r.-15.1.0,r.-15.1.0,r.-15.1.0,r.-15.1.0,r.-15.1.0,r.-15.1.0,r.-15.1.0,r.-15.1.0,r.-15.1.0,r.-15.1.0,r.-15.1.0,r.-15.1.0,r.-15.1.0,r.-15.1.0,r.-15.1.0,r.-15.1.0,r.-15.1.0,r.-15.1.0,r.-15.1.0,r.-15.1.0,r.-15.1.0,r.-15.1.0,r.-15.1.0,,,,,,,,,,,,,,,,,,,
228,,,,,,,,,,r.-15.1.0,r.-15.1.0,r.-15.1.0,r.-15.1.0,r.-15.1.0,r.-15.1.0,r.-15.1.0,r.-15.1.0,r.-15.1.0,r.-15.1.0,,r.-15.1.0,r.-15.1.0,r.-15.1.0,r.-15.1.0,,,,,,,,,,,,r.-15.1.0,r.-15.1.0,r.-15.1.0,r.-15.1.0,r.-15.1.0,r.-15.1.0,r.-15.1.0,r.-15.1.0,r.-15.1.0,r.-15.1.0,r.-15.1.0,r.-15.1.0,r.-15.1.0,r.-15.1.0,r.-15.1.0,r.-15.1.0,r.-15.1.0,r.-15.1.0,r.-15.1.0,r.-15.1.0,r.-15.1.0,r.-15.1.0,r.-15.1.0,r.-15.1.0,r.-15.1.0,r.-15.1.0,r.-15.1.0,,,,,,,,,,,,,,,,,,,
229,,,,,,,,,,r.-15.1.0,r.-15.1.0,r.-15.1.0,r.-15.1.0,r.-15.1.0,r.-15.1.0,r.-15.1.0,r.-15.1.0,r.-15.1.0,r.-15.1.0,,r.-15.1.0,r.-15.1.0,r.-15.1.0,r.-15.1.0,,,,,,,,,,,,r.-15.1.0,r.-15.1.0,r.-15.1.0,r.-15.1.0,r.-15.1.0,r.-15.1.0,r.-15.1.0,r.-15.1.0,r.-15.1.0,r.-15.1.0,r.-15.1.0,r.-15.1.0,r.-15.1.0,r.-15.1.0,r.-15.1.0,r.-15.1.0,r.-15.1.0,r.-15.1.0,r.-15.1.0,r.-15.1.0,r.-15.1.0,r.-15.1.0,r.-15.1.0,r.-15.1.0,r.-15.1.0,r.-15.1.0,r.-15.1.0,,,,,,,,,,,,,,,,,,,
230,,,,,,,,,,r.-15.1.0,r.-15.1.0,r.-15.1.0,r.-15.1.0,r.-15.1.0,r.-15.1.0,r.-15.1.0,r.-15.1.0,r.-15.1.0,r.-15.1.0,,r.-15.1.0,r.-15.1.0,r.-15.1.0,r.-15.1.0,,,,,,,,,,,,r.-15.1.0,r.-15.1.0,r.-15.1.0,r.-15.1.0,r.-15.1.0,r.-15.1.0,r.-15.1.0,r.-15.1.0,r.-15.1.0,r.-15.1.0,r.-15.1.0,r.-15.1.0,r.-15.1.0,r.-15.1.0,r.-15.1.0,r.-15.1.0,r.-15.1.0,r.-15.1.0,r.-15.1.0,r.-15.1.0,r.-15.1.0,r.-15.1.0,r.-15.1.0,r.-15.1.0,r.-15.1.0,r.-15.1.0,r.-15.1.0,,,,,,,,,,,,,,,,,,,
231,,,,,,,,,,r.-15.1.0,r.-15.1.0,r.-15.1.0,r.-15.1.0,r.-15.1.0,r.-15.1.0,r.-15.1.0,r.-15.1.0,r.-15.1.0,r.-15.1.0,,r.-15.1.0,r.-15.1.0,r.-15.1.0,r.-15.1.0,,,,,,,,,,,,r.-15.1.0,r.-15.1.0,r.-15.1.0,r.-15.1.0,r.-15.1.0,r.-15.1.0,r.-15.1.0,r.-15.1.0,r.-15.1.0,r.-15.1.0,r.-15.1.0,r.-15.1.0,r.-15.1.0,r.-15.1.0,r.-15.1.0,r.-15.1.0,r.-15.1.0,r.-15.1.0,r.-15.1.0,r.-15.1.0,r.-15.1.0,r.-15.1.0,r.-15.1.0,r.-15.1.0,r.-15.1.0,r.-15.1.0,r.-15.1.0,,,,,,,,,,,,,,,,,,,
232,,,,,,,,,,p.195,p.196,p.197,p.198,p.199,p.200,p.201,p.202,p.203,p.204,,r.-10.0.10/r.-9.1.10,r.-10.0.10/r.-9.1.10,r.-10.0.10/r.-9.1.10,r.-9.1.10/r.-10.0.10,,,,,,,,,,,,r.-9.1.10/r.-10.0.10,,,,,,,,,,,,,,,,,,,,,,,,,,,,,,,p.267,,,,,,,p.268,,,,,,,
233,,,,,,,,,,,,,,,,,,,,,,,,,,,,,,,,,,,,p.266,,,,,,,,,,,,,,,,,,,,,,,,,,,,,,,,,,,,,,,,,,,,,
234,,,,,,,,,,,,,,,,,,,,,r.-14.1.0,r.-14.1.0,r.-14.1.0,r.-14.1.0,,,,,,,,,,,,r.-14.1.0,,,,,,,,,,,,,,,,,,,,,,,,,,,,,,,,,,,,,,,,,,,,,
235,,,,,,,,,,,,,,,,,,,,,r.-14.1.0,r.-14.1.0,r.-14.1.0,r.-14.1.0,,,,,,,,,,,,r.-14.1.0,,,,,,,,,,,,,,,,,,,,,,,,,,,,,,,,,,,,,,,,,,,,,
236,,,,,,,,,,,,,,,,,,,,,p.253,p.254,p.255,p.256,,,,,,,,,,,,r.-6.0.10/r.-5.1.10,,,,,,,,,,,,,,,,,,,,,,,,,,,,,,,,,,p.257,,,,,,,,,,,
237,,,,,,,,,,p.238,p.239,p.240,p.241,p.242,p.243,p.244,p.245,p.246,p.247,,r.-8.0.10/r.-7.1.10,r.-8.0.10/r.-7.1.10,r.-7.1.10/r.-8.0.10,r.-8.0.10/r.-7.1.10,,,,,,,,,,,,r.-7.1.10/r.-8.0.10,p.206,p.207,p.208,p.209,p.210,p.211,p.212,p.213,p.214,p.215,p.216,p.217,p.218,p.219,p.220,p.221,p.222,p.223,p.224,p.225,p.226,p.227,p.228,p.229,p.230,p.231,,,,,p.248,,,,,p.249,,,,,,,p.250,,
238,,,,,,,,,,r.-3.1.0,r.-3.1.0,r.-3.1.0,r.-3.1.0,r.-3.1.0,r.-3.1.0,r.-3.1.0,r.-3.1.0,r.-3.1.0,r.-3.1.0,,r.-3.1.0,r.-3.1.0,r.-3.1.0,r.-3.1.0,,,,,,,,,,,,r.-3.1.0,r.-3.1.0,r.-3.1.0,r.-3.1.0,r.-3.1.0,r.-3.1.0,r.-3.1.0,r.-3.1.0,r.-3.1.0,r.-3.1.0,r.-3.1.0,r.-3.1.0,r.-3.1.0,r.-3.1.0,r.-3.1.0,r.-3.1.0,r.-3.1.0,r.-3.1.0,r.-3.1.0,r.-3.1.0,r.-3.1.0,r.-3.1.0,r.-3.1.0,r.-3.1.0,r.-3.1.0,r.-3.1.0,r.-3.1.0,,,,,,,,,,,,,,,,,,,
239,,,,,,,,,,r.-3.1.0,r.-3.1.0,r.-3.1.0,r.-3.1.0,r.-3.1.0,r.-3.1.0,r.-3.1.0,r.-3.1.0,r.-3.1.0,r.-3.1.0,,r.-3.1.0,r.-3.1.0,r.-3.1.0,r.-3.1.0,,,,,,,,,,,,r.-3.1.0,r.-3.1.0,r.-3.1.0,r.-3.1.0,r.-3.1.0,r.-3.1.0,r.-3.1.0,r.-3.1.0,r.-3.1.0,r.-3.1.0,r.-3.1.0,r.-3.1.0,r.-3.1.0,r.-3.1.0,r.-3.1.0,r.-3.1.0,r.-3.1.0,r.-3.1.0,r.-3.1.0,r.-3.1.0,r.-3.1.0,r.-3.1.0,r.-3.1.0,r.-3.1.0,r.-3.1.0,r.-3.1.0,r.-3.1.0,,,,,,,,,,,,,,,,,,,
240,,,,,,,,,,r.-3.1.0,r.-3.1.0,r.-3.1.0,r.-3.1.0,r.-3.1.0,r.-3.1.0,r.-3.1.0,r.-3.1.0,r.-3.1.0,r.-3.1.0,,r.-3.1.0,r.-3.1.0,r.-3.1.0,r.-3.1.0,,,,,,,,,,,,r.-3.1.0,r.-3.1.0,r.-3.1.0,r.-3.1.0,r.-3.1.0,r.-3.1.0,r.-3.1.0,r.-3.1.0,r.-3.1.0,r.-3.1.0,r.-3.1.0,r.-3.1.0,r.-3.1.0,r.-3.1.0,r.-3.1.0,r.-3.1.0,r.-3.1.0,r.-3.1.0,r.-3.1.0,r.-3.1.0,r.-3.1.0,r.-3.1.0,r.-3.1.0,r.-3.1.0,r.-3.1.0,r.-3.1.0,r.-3.1.0,,,,,,,,,,,,,,,,,,,
241,,,,,,,,,,r.-3.1.0,r.-3.1.0,r.-3.1.0,r.-3.1.0,r.-3.1.0,r.-3.1.0,r.-3.1.0,r.-3.1.0,r.-3.1.0,r.-3.1.0,,r.-3.1.0,r.-3.1.0,r.-3.1.0,r.-3.1.0,,,,,,,,,,,,r.-3.1.0,r.-3.1.0,r.-3.1.0,r.-3.1.0,r.-3.1.0,r.-3.1.0,r.-3.1.0,r.-3.1.0,r.-3.1.0,r.-3.1.0,r.-3.1.0,r.-3.1.0,r.-3.1.0,r.-3.1.0,r.-3.1.0,r.-3.1.0,r.-3.1.0,r.-3.1.0,r.-3.1.0,r.-3.1.0,r.-3.1.0,r.-3.1.0,r.-3.1.0,r.-3.1.0,r.-3.1.0,r.-3.1.0,r.-3.1.0,,,,,,,,,,,,,,,,,,,
242,,,,,,,,,,r.-3.1.0,r.-3.1.0,r.-3.1.0,r.-3.1.0,r.-3.1.0,r.-3.1.0,r.-3.1.0,r.-3.1.0,r.-3.1.0,r.-3.1.0,,r.-3.1.0,r.-3.1.0,r.-3.1.0,r.-3.1.0,,,,,,,,,,,,r.-3.1.0,r.-3.1.0,r.-3.1.0,r.-3.1.0,r.-3.1.0,r.-3.1.0,r.-3.1.0,r.-3.1.0,r.-3.1.0,r.-3.1.0,r.-3.1.0,r.-3.1.0,r.-3.1.0,r.-3.1.0,r.-3.1.0,r.-3.1.0,r.-3.1.0,r.-3.1.0,r.-3.1.0,r.-3.1.0,r.-3.1.0,r.-3.1.0,r.-3.1.0,r.-3.1.0,r.-3.1.0,r.-3.1.0,r.-3.1.0,,,,,,,,,,,,,,,,,,,
243,,,,,,,,,,r.-3.1.0,r.-3.1.0,r.-3.1.0,r.-3.1.0,r.-3.1.0,r.-3.1.0,r.-3.1.0,r.-3.1.0,r.-3.1.0,r.-3.1.0,,r.-3.1.0,r.-3.1.0,r.-3.1.0,r.-3.1.0,,,,,,,,,,,,r.-3.1.0,r.-3.1.0,r.-3.1.0,r.-3.1.0,r.-3.1.0,r.-3.1.0,r.-3.1.0,r.-3.1.0,r.-3.1.0,r.-3.1.0,r.-3.1.0,r.-3.1.0,r.-3.1.0,r.-3.1.0,r.-3.1.0,r.-3.1.0,r.-3.1.0,r.-3.1.0,r.-3.1.0,r.-3.1.0,r.-3.1.0,r.-3.1.0,r.-3.1.0,r.-3.1.0,r.-3.1.0,r.-3.1.0,r.-3.1.0,,,,,,,,,,,,,,,,,,,
244,,,,,,,,,,r.-3.1.0,r.-3.1.0,r.-3.1.0,r.-3.1.0,r.-3.1.0,r.-3.1.0,r.-3.1.0,r.-3.1.0,r.-3.1.0,r.-3.1.0,,r.-3.1.0,r.-3.1.0,r.-3.1.0,r.-3.1.0,,,,,,,,,,,,r.-3.1.0,r.-3.1.0,r.-3.1.0,r.-3.1.0,r.-3.1.0,r.-3.1.0,r.-3.1.0,r.-3.1.0,r.-3.1.0,r.-3.1.0,r.-3.1.0,r.-3.1.0,r.-3.1.0,r.-3.1.0,r.-3.1.0,r.-3.1.0,r.-3.1.0,r.-3.1.0,r.-3.1.0,r.-3.1.0,r.-3.1.0,r.-3.1.0,r.-3.1.0,r.-3.1.0,r.-3.1.0,r.-3.1.0,r.-3.1.0,,,,,,,,,,,,,,,,,,,
245,,,,,,,,,,r.-3.1.0,r.-3.1.0,r.-3.1.0,r.-3.1.0,r.-3.1.0,r.-3.1.0,r.-3.1.0,r.-3.1.0,r.-3.1.0,r.-3.1.0,,r.-3.1.0,r.-3.1.0,r.-3.1.0,r.-3.1.0,,,,,,,,,,,,r.-3.1.0,r.-3.1.0,r.-3.1.0,r.-3.1.0,r.-3.1.0,r.-3.1.0,r.-3.1.0,r.-3.1.0,r.-3.1.0,r.-3.1.0,r.-3.1.0,r.-3.1.0,r.-3.1.0,r.-3.1.0,r.-3.1.0,r.-3.1.0,r.-3.1.0,r.-3.1.0,r.-3.1.0,r.-3.1.0,r.-3.1.0,r.-3.1.0,r.-3.1.0,r.-3.1.0,r.-3.1.0,r.-3.1.0,r.-3.1.0,,,,,,,,,,,,,,,,,,,
246,,,,,,,,,,r.-3.1.0,r.-3.1.0,r.-3.1.0,r.-3.1.0,r.-3.1.0,r.-3.1.0,r.-3.1.0,r.-3.1.0,r.-3.1.0,r.-3.1.0,,r.-3.1.0,r.-3.1.0,r.-3.1.0,r.-3.1.0,,,,,,,,,,,,r.-3.1.0,r.-3.1.0,r.-3.1.0,r.-3.1.0,r.-3.1.0,r.-3.1.0,r.-3.1.0,r.-3.1.0,r.-3.1.0,r.-3.1.0,r.-3.1.0,r.-3.1.0,r.-3.1.0,r.-3.1.0,r.-3.1.0,r.-3.1.0,r.-3.1.0,r.-3.1.0,r.-3.1.0,r.-3.1.0,r.-3.1.0,r.-3.1.0,r.-3.1.0,r.-3.1.0,r.-3.1.0,r.-3.1.0,r.-3.1.0,,,,,,,,,,,,,,,,,,,
247,,,,,,,,,,r.-3.1.0,r.-3.1.0,r.-3.1.0,r.-3.1.0,r.-3.1.0,r.-3.1.0,r.-3.1.0,r.-3.1.0,r.-3.1.0,r.-3.1.0,,r.-3.1.0,r.-3.1.0,r.-3.1.0,r.-3.1.0,,,,,,,,,,,,r.-3.1.0,r.-3.1.0,r.-3.1.0,r.-3.1.0,r.-3.1.0,r.-3.1.0,r.-3.1.0,r.-3.1.0,r.-3.1.0,r.-3.1.0,r.-3.1.0,r.-3.1.0,r.-3.1.0,r.-3.1.0,r.-3.1.0,r.-3.1.0,r.-3.1.0,r.-3.1.0,r.-3.1.0,r.-3.1.0,r.-3.1.0,r.-3.1.0,r.-3.1.0,r.-3.1.0,r.-3.1.0,r.-3.1.0,r.-3.1.0,,,,,,,,,,,,,,,,,,,
248,,,,,,,,,,p.238,p.239,p.240,p.241,p.242,p.243,p.244,p.245,p.246,p.247,,r.-8.0.10/r.-8.1.10,r.-8.0.10/r.-8.1.10,r.-8.1.10/r.-8.0.10,r.-8.0.10/r.-8.1.10,,,,,,,,,,,,r.-8.1.10/r.-8.0.10,p.206,p.207,p.208,p.209,p.210,p.211,p.212,p.213,p.214,p.215,p.216,p.217,p.218,p.219,p.220,p.221,p.222,p.223,p.224,p.225,p.226,p.227,p.228,p.229,p.230,p.231,,,,,p.248,,,,,p.252,,,,,,,p.250,,
249,,,,,,,,,,,,,,,,,,,,,r.-7.2.0,r.-7.2.0,r.-7.2.0,r.-7.2.0,,,,,,,,,,,,r.-7.2.0,,,,,,,,,,,,,,,,,,,,,,,,,,,,,,,,,,,,,,,,,,,,,
250,,,,,,,,,,p.238,p.239,p.240,p.241,p.242,p.243,p.244,p.245,p.246,p.247,,r.-8.0.10/r.-8.1.10,r.-8.0.10/r.-8.1.10,r.-8.1.10/r.-8.0.10,r.-8.0.10/r.-8.1.10,,,,,,,,,,,,r.-8.0.10/r.-8.1.10,p.206,p.207,p.208,p.209,p.210,p.211,p.212,p.213,p.214,p.215,p.216,p.217,p.218,p.219,p.220,p.221,p.222,p.223,p.224,p.225,p.226,p.227,p.228,p.229,p.230,p.231,,,,,p.248,,,,,p.251,,,,,,,p.250,,
251,,,,,,,,,,,,,,,,,,,,,r.-8.2.0,r.-8.2.0,r.-8.2.0,r.-8.2.0,,,,,,,,,,,,r.-8.2.0,,,,,,,,,,,,,,,,,,,,,,,,,,,,,,,,,,,,,,,,,,,,,
252,,,,,,,,,,,,,,,,,,,,,r.-8.2.0,r.-8.2.0,r.-8.2.0,r.-8.2.0,,,,,,,,,,,,r.-8.2.0,,,,,,,,,,,,,,,,,,,,,,,,,,,,,,,,,,,,,,,,,,,,,
253,,,,,,,,,,p.195,p.196,p.197,p.198,p.199,p.200,p.201,p.202,p.203,p.204,,,,,,,,,,,,,,,,p.205,,p.206,p.207,p.208,p.209,p.210,p.211,p.212,p.213,p.214,p.215,p.216,p.217,p.218,p.219,p.220,p.221,p.222,p.223,p.224,p.225,p.226,p.227,p.228,p.229,p.230,p.231,,,,,p.232,,,,p.234,,p.235,,,,,p.264,p.237,,
254,,,,,,,,,,p.195,p.196,p.197,p.198,p.199,p.200,p.201,p.202,p.203,p.204,,,,,,,,,,,,,,,,p.205,,p.206,p.207,p.208,p.209,p.210,p.211,p.212,p.213,p.214,p.215,p.216,p.217,p.218,p.219,p.220,p.221,p.222,p.223,p.224,p.225,p.226,p.227,p.228,p.229,p.230,p.231,,,,,p.232,,,,p.234,,p.235,,,,,p.262,p.237,,
255,,,,,,,,,,p.195,p.196,p.197,p.198,p.199,p.200,p.201,p.202,p.203,p.204,,,,,,,,,,,,,,,,p.205,,p.206,p.207,p.208,p.209,p.210,p.211,p.212,p.213,p.214,p.215,p.216,p.217,p.218,p.219,p.220,p.221,p.222,p.223,p.224,p.225,p.226,p.227,p.228,p.229,p.230,p.231,,,,,p.232,,,,p.234,,p.235,,,,,p.260,p.237,,
256,,,,,,,,,,p.195,p.196,p.197,p.198,p.199,p.200,p.201,p.202,p.203,p.204,,,,,,,,,,,,,,,,p.205,,p.206,p.207,p.208,p.209,p.210,p.211,p.212,p.213,p.214,p.215,p.216,p.217,p.218,p.219,p.220,p.221,p.222,p.223,p.224,p.225,p.226,p.227,p.228,p.229,p.230,p.231,,,,,p.232,,,,p.234,,p.235,,,,,p.258,p.237,,
257,,,,,,,,,,,,,,,,,,,,,,,,,,,,,,,,,,,,r.-5.2.0,,,,,,,,,,,,,,,,,,,,,,,,,,,,,,,,,,,,,,,,,,,,,
258,,,,,,,,,,,,,,,,,,,,,p.253,p.254,p.255,p.256,,,,,,,,,,,,r.-6.2.10/r.-6.0.10,,,,,,,,,,,,,,,,,,,,,,,,,,,,,,,,,,p.259,,,,,,,,,,,
259,,,,,,,,,,,,,,,,,,,,,,,,,,,,,,,,,,,,r.-6.3.0,,,,,,,,,,,,,,,,,,,,,,,,,,,,,,,,,,,,,,,,,,,,,
260,,,,,,,,,,,,,,,,,,,,,p.253,p.254,p.255,p.256,,,,,,,,,,,,r.-6.2.10/r.-6.0.10,,,,,,,,,,,,,,,,,,,,,,,,,,,,,,,,,,p.261,,,,,,,,,,,
261,,,,,,,,,,,,,,,,,,,,,,,,,,,,,,,,,,,,r.-6.3.0,,,,,,,,,,,,,,,,,,,,,,,,,,,,,,,,,,,,,,,,,,,,,
262,,,,,,,,,,,,,,,,,,,,,p.253,p.254,p.255,p.256,,,,,,,,,,,,r.-6.2.10/r.-6.0.10,,,,,,,,,,,,,,,,,,,,,,,,,,,,,,,,,,p.263,,,,,,,,,,,
263,,,,,,,,,,,,,,,,,,,,,,,,,,,,,,,,,,,,r.-6.3.0,,,,,,,,,,,,,,,,,,,,,,,,,,,,,,,,,,,,,,,,,,,,,
264,,,,,,,,,,,,,,,,,,,,,p.253,p.254,p.255,p.256,,,,,,,,,,,,r.-6.0.10/r.-6.2.10,,,,,,,,,,,,,,,,,,,,,,,,,,,,,,,,,,p.265,,,,,,,,,,,
265,,,,,,,,,,,,,,,,,,,,,,,,,,,,,,,,,,,,r.-6.3.0,,,,,,,,,,,,,,,,,,,,,,,,,,,,,,,,,,,,,,,,,,,,,
266,,,,,,r.-14.3.0,,,,,,,,,,,,,,,r.-14.3.0,r.-14.3.0,r.-14.3.0,r.-14.3.0,,,,r.-14.3.0,,,,,,,,,,,,,,,,,,,,,,,,,,,,,,,,,,,,,,,,,,,,,,,,,,,,,
267,,,,,,,,,,p.195,p.196,p.197,p.198,p.199,p.200,p.201,p.202,p.203,p.204,,r.-10.0.10/r.-10.1.10,r.-10.0.10/r.-10.1.10,r.-10.1.10/r.-10.0.10,r.-10.0.10/r.-10.1.10,,,,,,,,,,,,r.-10.0.10/r.-10.1.10,,,,,,,,,,,,,,,,,,,,,,,,,,,,,,,p.267,,,,,,,p.269,,,,,,,
268,,,,,,,,,,,,,,,,,,,,,r.-9.2.0,r.-9.2.0,r.-9.2.0,r.-9.2.0,,,,,,,,,,,,r.-9.2.0,,,,,,,,,,,,,,,,,,,,,,,,,,,,,,,,,,,,,,,,,,,,,
269,,,,,,,,,,,,,,,,,,,,,r.-10.2.0,r.-10.2.0,r.-10.2.0,r.-10.2.0,,,,,,,,,,,,r.-10.2.0,,,,,,,,,,,,,,,,,,,,,,,,,,,,,,,,,,,,,,,,,,,,,
270,,,,,,,,,,,,,,,,,,,,,,,,,,,,,,,,,,,,p.271,,,,,,,,,,,,,,,,,,,,,,,,,,,,,,,,,,,,,,,,,,,,,
271,,,,,,,,,,,,,,,,,,,,,r.-14.3.0,r.-14.3.0,r.-14.3.0,r.-14.3.0,,,,,,,,,,,,r.-14.3.0,,,,,,,,,,,,,,,,,,,,,,,,,,,,,,,,,,,,,,,,,,,,,
272,,,,p.273,,,,,,,,,,,,,,,,,,,,,,,,,,,,,,,,,,,,,,,,,,,,,,,,,,,,,,,,,,,,,,,,,,,,,,,,,,,,,
273,,,,,,,,,,,,,,,,,,,,p.274,,,,,,,,,,,,,,,,,,,,,,,,,,,,,,,,,,,,,,,,,,,,,,,,,,,,,,,,,,,,,
274,,p.275,,,,,,,,,,,,,,,,,,,,,,,,,,,,,,,,,,,,,,,,,,,,,,,,,,,,,,,,,,,,,,,,,,,,,,,,,,,,,,,
275,,,,,,,,,,p.276,p.277,p.278,p.279,p.280,p.281,p.282,p.283,p.284,p.285,,,,,,,,,,,,,,,,p.286,,p.287,p.288,p.289,p.290,p.291,p.292,p.293,p.294,p.295,p.296,p.297,p.298,p.299,p.300,p.301,p.302,p.303,p.304,p.305,p.306,p.307,p.308,p.309,p.310,p.311,p.312,,,,,p.313,,p.314,,p.315,,p.316,,,,,p.317,p.318,,
276,,,,,,,,,,r.-3.1.0,r.-3.1.0,r.-3.1.0,r.-3.1.0,r.-3.1.0,r.-3.1.0,r.-3.1.0,r.-3.1.0,r.-3.1.0,r.-3.1.0,,r.-3.1.0,r.-3.1.0,r.-3.1.0,r.-3.1.0,,,,,,,,,,r.-3.1.0,,,,,,,,,,,,,,,,,,,,,,,,,,,,,,,,,,,,,,,,,,,,,,,
277,,,,,,,,,,r.-3.1.0,r.-3.1.0,r.-3.1.0,r.-3.1.0,r.-3.1.0,r.-3.1.0,r.-3.1.0,r.-3.1.0,r.-3.1.0,r.-3.1.0,,r.-3.1.0,r.-3.1.0,r.-3.1.0,r.-3.1.0,,,,,,,,,,r.-3.1.0,,,,,,,,,,,,,,,,,,,,,,,,,,,,,,,,,,,,,,,,,,,,,,,
278,,,,,,,,,,r.-3.1.0,r.-3.1.0,r.-3.1.0,r.-3.1.0,r.-3.1.0,r.-3.1.0,r.-3.1.0,r.-3.1.0,r.-3.1.0,r.-3.1.0,,r.-3.1.0,r.-3.1.0,r.-3.1.0,r.-3.1.0,,,,,,,,,,r.-3.1.0,,,,,,,,,,,,,,,,,,,,,,,,,,,,,,,,,,,,,,,,,,,,,,,
279,,,,,,,,,,r.-3.1.0,r.-3.1.0,r.-3.1.0,r.-3.1.0,r.-3.1.0,r.-3.1.0,r.-3.1.0,r.-3.1.0,r.-3.1.0,r.-3.1.0,,r.-3.1.0,r.-3.1.0,r.-3.1.0,r.-3.1.0,,,,,,,,,,r.-3.1.0,,,,,,,,,,,,,,,,,,,,,,,,,,,,,,,,,,,,,,,,,,,,,,,
280,,,,,,,,,,r.-3.1.0,r.-3.1.0,r.-3.1.0,r.-3.1.0,r.-3.1.0,r.-3.1.0,r.-3.1.0,r.-3.1.0,r.-3.1.0,r.-3.1.0,,r.-3.1.0,r.-3.1.0,r.-3.1.0,r.-3.1.0,,,,,,,,,,r.-3.1.0,,,,,,,,,,,,,,,,,,,,,,,,,,,,,,,,,,,,,,,,,,,,,,,
281,,,,,,,,,,r.-3.1.0,r.-3.1.0,r.-3.1.0,r.-3.1.0,r.-3.1.0,r.-3.1.0,r.-3.1.0,r.-3.1.0,r.-3.1.0,r.-3.1.0,,r.-3.1.0,r.-3.1.0,r.-3.1.0,r.-3.1.0,,,,,,,,,,r.-3.1.0,,,,,,,,,,,,,,,,,,,,,,,,,,,,,,,,,,,,,,,,,,,,,,,
282,,,,,,,,,,r.-3.1.0,r.-3.1.0,r.-3.1.0,r.-3.1.0,r.-3.1.0,r.-3.1.0,r.-3.1.0,r.-3.1.0,r.-3.1.0,r.-3.1.0,,r.-3.1.0,r.-3.1.0,r.-3.1.0,r.-3.1.0,,,,,,,,,,r.-3.1.0,,,,,,,,,,,,,,,,,,,,,,,,,,,,,,,,,,,,,,,,,,,,,,,
283,,,,,,,,,,r.-3.1.0,r.-3.1.0,r.-3.1.0,r.-3.1.0,r.-3.1.0,r.-3.1.0,r.-3.1.0,r.-3.1.0,r.-3.1.0,r.-3.1.0,,r.-3.1.0,r.-3.1.0,r.-3.1.0,r.-3.1.0,,,,,,,,,,r.-3.1.0,,,,,,,,,,,,,,,,,,,,,,,,,,,,,,,,,,,,,,,,,,,,,,,
284,,,,,,,,,,r.-3.1.0,r.-3.1.0,r.-3.1.0,r.-3.1.0,r.-3.1.0,r.-3.1.0,r.-3.1.0,r.-3.1.0,r.-3.1.0,r.-3.1.0,,r.-3.1.0,r.-3.1.0,r.-3.1.0,r.-3.1.0,,,,,,,,,,r.-3.1.0,,,,,,,,,,,,,,,,,,,,,,,,,,,,,,,,,,,,,,,,,,,,,,,
285,,,,,,,,,,r.-3.1.0,r.-3.1.0,r.-3.1.0,r.-3.1.0,r.-3.1.0,r.-3.1.0,r.-3.1.0,r.-3.1.0,r.-3.1.0,r.-3.1.0,,r.-3.1.0,r.-3.1.0,r.-3.1.0,r.-3.1.0,,,,,,,,,,r.-3.1.0,,,,,,,,,,,,,,,,,,,,,,,,,,,,,,,,,,,,,,,,,,,,,,,
286,,,,,,,,,,p.195,p.196,p.197,p.198,p.199,p.200,p.201,p.202,p.203,p.204,,,,,,,,,,,,,,,,p.205,,p.206,p.207,p.208,p.209,p.210,p.211,p.212,p.213,p.214,p.215,p.216,p.217,p.218,p.219,p.220,p.221,p.222,p.223,p.224,p.225,p.226,p.227,p.228,p.229,p.230,p.231,,,,,p.232,,p.353,,p.234,,p.235,,,,,p.236,p.237,,
287,,,,,,,,,,r.-15.1.0,r.-15.1.0,r.-15.1.0,r.-15.1.0,r.-15.1.0,r.-15.1.0,r.-15.1.0,r.-15.1.0,r.-15.1.0,r.-15.1.0,,r.-15.1.0,r.-15.1.0,r.-15.1.0,r.-15.1.0,,,,,,,,,,r.-15.1.0,,,r.-15.1.0,r.-15.1.0,r.-15.1.0,r.-15.1.0,r.-15.1.0,r.-15.1.0,r.-15.1.0,r.-15.1.0,r.-15.1.0,r.-15.1.0,r.-15.1.0,r.-15.1.0,r.-15.1.0,r.-15.1.0,r.-15.1.0,r.-15.1.0,r.-15.1.0,r.-15.1.0,r.-15.1.0,r.-15.1.0,r.-15.1.0,r.-15.1.0,r.-15.1.0,r.-15.1.0,r.-15.1.0,r.-15.1.0,,,,,,,,,,,,,,,,,,,
288,,,,,,,,,,r.-15.1.0,r.-15.1.0,r.-15.1.0,r.-15.1.0,r.-15.1.0,r.-15.1.0,r.-15.1.0,r.-15.1.0,r.-15.1.0,r.-15.1.0,,r.-15.1.0,r.-15.1.0,r.-15.1.0,r.-15.1.0,,,,,,,,,,r.-15.1.0,,,r.-15.1.0,r.-15.1.0,r.-15.1.0,r.-15.1.0,r.-15.1.0,r.-15.1.0,r.-15.1.0,r.-15.1.0,r.-15.1.0,r.-15.1.0,r.-15.1.0,r.-15.1.0,r.-15.1.0,r.-15.1.0,r.-15.1.0,r.-15.1.0,r.-15.1.0,r.-15.1.0,r.-15.1.0,r.-15.1.0,r.-15.1.0,r.-15.1.0,r.-15.1.0,r.-15.1.0,r.-15.1.0,r.-15.1.0,,,,,,,,,,,,,,,,,,,
289,,,,,,,,,,r.-15.1.0,r.-15.1.0,r.-15.1.0,r.-15.1.0,r.-15.1.0,r.-15.1.0,r.-15.1.0,r.-15.1.0,r.-15.1.0,r.-15.1.0,,r.-15.1.0,r.-15.1.0,r.-15.1.0,r.-15.1.0,,,,,,,,,,r.-15.1.0,,,r.-15.1.0,r.-15.1.0,r.-15.1.0,r.-15.1.0,r.-15.1.0,r.-15.1.0,r.-15.1.0,r.-15.1.0,r.-15.1.0,r.-15.1.0,r.-15.1.0,r.-15.1.0,r.-15.1.0,r.-15.1.0,r.-15.1.0,r.-15.1.0,r.-15.1.0,r.-15.1.0,r.-15.1.0,r.-15.1.0,r.-15.1.0,r.-15.1.0,r.-15.1.0,r.-15.1.0,r.-15.1.0,r.-15.1.0,,,,,,,,,,,,,,,,,,,
290,,,,,,,,,,r.-15.1.0,r.-15.1.0,r.-15.1.0,r.-15.1.0,r.-15.1.0,r.-15.1.0,r.-15.1.0,r.-15.1.0,r.-15.1.0,r.-15.1.0,,r.-15.1.0,r.-15.1.0,r.-15.1.0,r.-15.1.0,,,,,,,,,,r.-15.1.0,,,r.-15.1.0,r.-15.1.0,r.-15.1.0,r.-15.1.0,r.-15.1.0,r.-15.1.0,r.-15.1.0,r.-15.1.0,r.-15.1.0,r.-15.1.0,r.-15.1.0,r.-15.1.0,r.-15.1.0,r.-15.1.0,r.-15.1.0,r.-15.1.0,r.-15.1.0,r.-15.1.0,r.-15.1.0,r.-15.1.0,r.-15.1.0,r.-15.1.0,r.-15.1.0,r.-15.1.0,r.-15.1.0,r.-15.1.0,,,,,,,,,,,,,,,,,,,
291,,,,,,,,,,r.-15.1.0,r.-15.1.0,r.-15.1.0,r.-15.1.0,r.-15.1.0,r.-15.1.0,r.-15.1.0,r.-15.1.0,r.-15.1.0,r.-15.1.0,,r.-15.1.0,r.-15.1.0,r.-15.1.0,r.-15.1.0,,,,,,,,,,r.-15.1.0,,,r.-15.1.0,r.-15.1.0,r.-15.1.0,r.-15.1.0,r.-15.1.0,r.-15.1.0,r.-15.1.0,r.-15.1.0,r.-15.1.0,r.-15.1.0,r.-15.1.0,r.-15.1.0,r.-15.1.0,r.-15.1.0,r.-15.1.0,r.-15.1.0,r.-15.1.0,r.-15.1.0,r.-15.1.0,r.-15.1.0,r.-15.1.0,r.-15.1.0,r.-15.1.0,r.-15.1.0,r.-15.1.0,r.-15.1.0,,,,,,,,,,,,,,,,,,,
292,,,,,,,,,,r.-15.1.0,r.-15.1.0,r.-15.1.0,r.-15.1.0,r.-15.1.0,r.-15.1.0,r.-15.1.0,r.-15.1.0,r.-15.1.0,r.-15.1.0,,r.-15.1.0,r.-15.1.0,r.-15.1.0,r.-15.1.0,,,,,,,,,,r.-15.1.0,,,r.-15.1.0,r.-15.1.0,r.-15.1.0,r.-15.1.0,r.-15.1.0,r.-15.1.0,r.-15.1.0,r.-15.1.0,r.-15.1.0,r.-15.1.0,r.-15.1.0,r.-15.1.0,r.-15.1.0,r.-15.1.0,r.-15.1.0,r.-15.1.0,r.-15.1.0,r.-15.1.0,r.-15.1.0,r.-15.1.0,r.-15.1.0,r.-15.1.0,r.-15.1.0,r.-15.1.0,r.-15.1.0,r.-15.1.0,,,,,,,,,,,,,,,,,,,
293,,,,,,,,,,r.-15.1.0,r.-15.1.0,r.-15.1.0,r.-15.1.0,r.-15.1.0,r.-15.1.0,r.-15.1.0,r.-15.1.0,r.-15.1.0,r.-15.1.0,,r.-15.1.0,r.-15.1.0,r.-15.1.0,r.-15.1.0,,,,,,,,,,r.-15.1.0,,,r.-15.1.0,r.-15.1.0,r.-15.1.0,r.-15.1.0,r.-15.1.0,r.-15.1.0,r.-15.1.0,r.-15.1.0,r.-15.1.0,r.-15.1.0,r.-15.1.0,r.-15.1.0,r.-15.1.0,r.-15.1.0,r.-15.1.0,r.-15.1.0,r.-15.1.0,r.-15.1.0,r.-15.1.0,r.-15.1.0,r.-15.1.0,r.-15.1.0,r.-15.1.0,r.-15.1.0,r.-15.1.0,r.-15.1.0,,,,,,,,,,,,,,,,,,,
294,,,,,,,,,,r.-15.1.0,r.-15.1.0,r.-15.1.0,r.-15.1.0,r.-15.1.0,r.-15.1.0,r.-15.1.0,r.-15.1.0,r.-15.1.0,r.-15.1.0,,r.-15.1.0,r.-15.1.0,r.-15.1.0,r.-15.1.0,,,,,,,,,,r.-15.1.0,,,r.-15.1.0,r.-15.1.0,r.-15.1.0,r.-15.1.0,r.-15.1.0,r.-15.1.0,r.-15.1.0,r.-15.1.0,r.-15.1.0,r.-15.1.0,r.-15.1.0,r.-15.1.0,r.-15.1.0,r.-15.1.0,r.-15.1.0,r.-15.1.0,r.-15.1.0,r.-15.1.0,r.-15.1.0,r.-15.1.0,r.-15.1.0,r.-15.1.0,r.-15.1.0,r.-15.1.0,r.-15.1.0,r.-15.1.0,,,,,,,,,,,,,,,,,,,
295,,,,,,,,,,r.-15.1.0,r.-15.1.0,r.-15.1.0,r.-15.1.0,r.-15.1.0,r.-15.1.0,r.-15.1.0,r.-15.1.0,r.-15.1.0,r.-15.1.0,,r.-15.1.0,r.-15.1.0,r.-15.1.0,r.-15.1.0,,,,,,,,,,r.-15.1.0,,,r.-15.1.0,r.-15.1.0,r.-15.1.0,r.-15.1.0,r.-15.1.0,r.-15.1.0,r.-15.1.0,r.-15.1.0,r.-15.1.0,r.-15.1.0,r.-15.1.0,r.-15.1.0,r.-15.1.0,r.-15.1.0,r.-15.1.0,r.-15.1.0,r.-15.1.0,r.-15.1.0,r.-15.1.0,r.-15.1.0,r.-15.1.0,r.-15.1.0,r.-15.1.0,r.-15.1.0,r.-15.1.0,r.-15.1.0,,,,,,,,,,,,,,,,,,,
296,,,,,,,,,,r.-15.1.0,r.-15.1.0,r.-15.1.0,r.-15.1.0,r.-15.1.0,r.-15.1.0,r.-15.1.0,r.-15.1.0,r.-15.1.0,r.-15.1.0,,r.-15.1.0,r.-15.1.0,r.-15.1.0,r.-15.1.0,,,,,,,,,,r.-15.1.0,,,r.-15.1.0,r.-15.1.0,r.-15.1.0,r.-15.1.0,r.-15.1.0,r.-15.1.0,r.-15.1.0,r.-15.1.0,r.-15.1.0,r.-15.1.0,r.-15.1.0,r.-15.1.0,r.-15.1.0,r.-15.1.0,r.-15.1.0,r.-15.1.0,r.-15.1.0,r.-15.1.0,r.-15.1.0,r.-15.1.0,r.-15.1.0,r.-15.1.0,r.-15.1.0,r.-15.1.0,r.-15.1.0,r.-15.1.0,,,,,,,,,,,,,,,,,,,
297,,,,,,,,,,r.-15.1.0,r.-15.1.0,r.-15.1.0,r.-15.1.0,r.-15.1.0,r.-15.1.0,r.-15.1.0,r.-15.1.0,r.-15.1.0,r.-15.1.0,,r.-15.1.0,r.-15.1.0,r.-15.1.0,r.-15.1.0,,,,,,,,,,r.-15.1.0,,,r.-15.1.0,r.-15.1.0,r.-15.1.0,r.-15.1.0,r.-15.1.0,r.-15.1.0,r.-15.1.0,r.-15.1.0,r.-15.1.0,r.-15.1.0,r.-15.1.0,r.-15.1.0,r.-15.1.0,r.-15.1.0,r.-15.1.0,r.-15.1.0,r.-15.1.0,r.-15.1.0,r.-15.1.0,r.-15.1.0,r.-15.1.0,r.-15.1.0,r.-15.1.0,r.-15.1.0,r.-15.1.0,r.-15.1.0,,,,,,,,,,,,,,,,,,,
298,,,,,,,,,,r.-15.1.0,r.-15.1.0,r.-15.1.0,r.-15.1.0,r.-15.1.0,r.-15.1.0,r.-15.1.0,r.-15.1.0,r.-15.1.0,r.-15.1.0,,r.-15.1.0,r.-15.1.0,r.-15.1.0,r.-15.1.0,,,,,,,,,,r.-15.1.0,,,r.-15.1.0,r.-15.1.0,r.-15.1.0,r.-15.1.0,r.-15.1.0,r.-15.1.0,r.-15.1.0,r.-15.1.0,r.-15.1.0,r.-15.1.0,r.-15.1.0,r.-15.1.0,r.-15.1.0,r.-15.1.0,r.-15.1.0,r.-15.1.0,r.-15.1.0,r.-15.1.0,r.-15.1.0,r.-15.1.0,r.-15.1.0,r.-15.1.0,r.-15.1.0,r.-15.1.0,r.-15.1.0,r.-15.1.0,,,,,,,,,,,,,,,,,,,
299,,,,,,,,,,r.-15.1.0,r.-15.1.0,r.-15.1.0,r.-15.1.0,r.-15.1.0,r.-15.1.0,r.-15.1.0,r.-15.1.0,r.-15.1.0,r.-15.1.0,,r.-15.1.0,r.-15.1.0,r.-15.1.0,r.-15.1.0,,,,,,,,,,r.-15.1.0,,,r.-15.1.0,r.-15.1.0,r.-15.1.0,r.-15.1.0,r.-15.1.0,r.-15.1.0,r.-15.1.0,r.-15.1.0,r.-15.1.0,r.-15.1.0,r.-15.1.0,r.-15.1.0,r.-15.1.0,r.-15.1.0,r.-15.1.0,r.-15.1.0,r.-15.1.0,r.-15.1.0,r.-15.1.0,r.-15.1.0,r.-15.1.0,r.-15.1.0,r.-15.1.0,r.-15.1.0,r.-15.1.0,r.-15.1.0,,,,,,,,,,,,,,,,,,,
300,,,,,,,,,,r.-15.1.0,r.-15.1.0,r.-15.1.0,r.-15.1.0,r.-15.1.0,r.-15.1.0,r.-15.1.0,r.-15.1.0,r.-15.1.0,r.-15.1.0,,r.-15.1.0,r.-15.1.0,r.-15.1.0,r.-15.1.0,,,,,,,,,,r.-15.1.0,,,r.-15.1.0,r.-15.1.0,r.-15.1.0,r.-15.1.0,r.-15.1.0,r.-15.1.0,r.-15.1.0,r.-15.1.0,r.-15.1.0,r.-15.1.0,r.-15.1.0,r.-15.1.0,r.-15.1.0,r.-15.1.0,r.-15.1.0,r.-15.1.0,r.-15.1.0,r.-15.1.0,r.-15.1.0,r.-15.1.0,r.-15.1.0,r.-15.1.0,r.-15.1.0,r.-15.1.0,r.-15.1.0,r.-15.1.0,,,,,,,,,,,,,,,,,,,
301,,,,,,,,,,r.-15.1.0,r.-15.1.0,r.-15.1.0,r.-15.1.0,r.-15.1.0,r.-15.1.0,r.-15.1.0,r.-15.1.0,r.-15.1.0,r.-15.1.0,,r.-15.1.0,r.-15.1.0,r.-15.1.0,r.-15.1.0,,,,,,,,,,r.-15.1.0,,,r.-15.1.0,r.-15.1.0,r.-15.1.0,r.-15.1.0,r.-15.1.0,r.-15.1.0,r.-15.1.0,r.-15.1.0,r.-15.1.0,r.-15.1.0,r.-15.1.0,r.-15.1.0,r.-15.1.0,r.-15.1.0,r.-15.1.0,r.-15.1.0,r.-15.1.0,r.-15.1.0,r.-15.1.0,r.-15.1.0,r.-15.1.0,r.-15.1.0,r.-15.1.0,r.-15.1.0,r.-15.1.0,r.-15.1.0,,,,,,,,,,,,,,,,,,,
302,,,,,,,,,,r.-15.1.0,r.-15.1.0,r.-15.1.0,r.-15.1.0,r.-15.1.0,r.-15.1.0,r.-15.1.0,r.-15.1.0,r.-15.1.0,r.-15.1.0,,r.-15.1.0,r.-15.1.0,r.-15.1.0,r.-15.1.0,,,,,,,,,,r.-15.1.0,,,r.-15.1.0,r.-15.1.0,r.-15.1.0,r.-15.1.0,r.-15.1.0,r.-15.1.0,r.-15.1.0,r.-15.1.0,r.-15.1.0,r.-15.1.0,r.-15.1.0,r.-15.1.0,r.-15.1.0,r.-15.1.0,r.-15.1.0,r.-15.1.0,r.-15.1.0,r.-15.1.0,r.-15.1.0,r.-15.1.0,r.-15.1.0,r.-15.1.0,r.-15.1.0,r.-15.1.0,r.-15.1.0,r.-15.1.0,,,,,,,,,,,,,,,,,,,
303,,,,,,,,,,r.-15.1.0,r.-15.1.0,r.-15.1.0,r.-15.1.0,r.-15.1.0,r.-15.1.0,r.-15.1.0,r.-15.1.0,r.-15.1.0,r.-15.1.0,,r.-15.1.0,r.-15.1.0,r.-15.1.0,r.-15.1.0,,,,,,,,,,r.-15.1.0,,,r.-15.1.0,r.-15.1.0,r.-15.1.0,r.-15.1.0,r.-15.1.0,r.-15.1.0,r.-15.1.0,r.-15.1.0,r.-15.1.0,r.-15.1.0,r.-15.1.0,r.-15.1.0,r.-15.1.0,r.-15.1.0,r.-15.1.0,r.-15.1.0,r.-15.1.0,r.-15.1.0,r.-15.1.0,r.-15.1.0,r.-15.1.0,r.-15.1.0,r.-15.1.0,r.-15.1.0,r.-15.1.0,r.-15.1.0,,,,,,,,,,,,,,,,,,,
304,,,,,,,,,,r.-15.1.0,r.-15.1.0,r.-15.1.0,r.-15.1.0,r.-15.1.0,r.-15.1.0,r.-15.1.0,r.-15.1.0,r.-15.1.0,r.-15.1.0,,r.-15.1.0,r.-15.1.0,r.-15.1.0,r.-15.1.0,,,,,,,,,,r.-15.1.0,,,r.-15.1.0,r.-15.1.0,r.-15.1.0,r.-15.1.0,r.-15.1.0,r.-15.1.0,r.-15.1.0,r.-15.1.0,r.-15.1.0,r.-15.1.0,r.-15.1.0,r.-15.1.0,r.-15.1.0,r.-15.1.0,r.-15.1.0,r.-15.1.0,r.-15.1.0,r.-15.1.0,r.-15.1.0,r.-15.1.0,r.-15.1.0,r.-15.1.0,r.-15.1.0,r.-15.1.0,r.-15.1.0,r.-15.1.0,,,,,,,,,,,,,,,,,,,
305,,,,,,,,,,r.-15.1.0,r.-15.1.0,r.-15.1.0,r.-15.1.0,r.-15.1.0,r.-15.1.0,r.-15.1.0,r.-15.1.0,r.-15.1.0,r.-15.1.0,,r.-15.1.0,r.-15.1.0,r.-15.1.0,r.-15.1.0,,,,,,,,,,r.-15.1.0,,,r.-15.1.0,r.-15.1.0,r.-15.1.0,r.-15.1.0,r.-15.1.0,r.-15.1.0,r.-15.1.0,r.-15.1.0,r.-15.1.0,r.-15.1.0,r.-15.1.0,r.-15.1.0,r.-15.1.0,r.-15.1.0,r.-15.1.0,r.-15.1.0,r.-15.1.0,r.-15.1.0,r.-15.1.0,r.-15.1.0,r.-15.1.0,r.-15.1.0,r.-15.1.0,r.-15.1.0,r.-15.1.0,r.-15.1.0,,,,,,,,,,,,,,,,,,,
306,,,,,,,,,,r.-15.1.0,r.-15.1.0,r.-15.1.0,r.-15.1.0,r.-15.1.0,r.-15.1.0,r.-15.1.0,r.-15.1.0,r.-15.1.0,r.-15.1.0,,r.-15.1.0,r.-15.1.0,r.-15.1.0,r.-15.1.0,,,,,,,,,,r.-15.1.0,,,r.-15.1.0,r.-15.1.0,r.-15.1.0,r.-15.1.0,r.-15.1.0,r.-15.1.0,r.-15.1.0,r.-15.1.0,r.-15.1.0,r.-15.1.0,r.-15.1.0,r.-15.1.0,r.-15.1.0,r.-15.1.0,r.-15.1.0,r.-15.1.0,r.-15.1.0,r.-15.1.0,r.-15.1.0,r.-15.1.0,r.-15.1.0,r.-15.1.0,r.-15.1.0,r.-15.1.0,r.-15.1.0,r.-15.1.0,,,,,,,,,,,,,,,,,,,
307,,,,,,,,,,r.-15.1.0,r.-15.1.0,r.-15.1.0,r.-15.1.0,r.-15.1.0,r.-15.1.0,r.-15.1.0,r.-15.1.0,r.-15.1.0,r.-15.1.0,,r.-15.1.0,r.-15.1.0,r.-15.1.0,r.-15.1.0,,,,,,,,,,r.-15.1.0,,,r.-15.1.0,r.-15.1.0,r.-15.1.0,r.-15.1.0,r.-15.1.0,r.-15.1.0,r.-15.1.0,r.-15.1.0,r.-15.1.0,r.-15.1.0,r.-15.1.0,r.-15.1.0,r.-15.1.0,r.-15.1.0,r.-15.1.0,r.-15.1.0,r.-15.1.0,r.-15.1.0,r.-15.1.0,r.-15.1.0,r.-15.1.0,r.-15.1.0,r.-15.1.0,r.-15.1.0,r.-15.1.0,r.-15.1.0,,,,,,,,,,,,,,,,,,,
308,,,,,,,,,,r.-15.1.0,r.-15.1.0,r.-15.1.0,r.-15.1.0,r.-15.1.0,r.-15.1.0,r.-15.1.0,r.-15.1.0,r.-15.1.0,r.-15.1.0,,r.-15.1.0,r.-15.1.0,r.-15.1.0,r.-15.1.0,,,,,,,,,,r.-15.1.0,,,r.-15.1.0,r.-15.1.0,r.-15.1.0,r.-15.1.0,r.-15.1.0,r.-15.1.0,r.-15.1.0,r.-15.1.0,r.-15.1.0,r.-15.1.0,r.-15.1.0,r.-15.1.0,r.-15.1.0,r.-15.1.0,r.-15.1.0,r.-15.1.0,r.-15.1.0,r.-15.1.0,r.-15.1.0,r.-15.1.0,r.-15.1.0,r.-15.1.0,r.-15.1.0,r.-15.1.0,r.-15.1.0,r.-15.1.0,,,,,,,,,,,,,,,,,,,
309,,,,,,,,,,r.-15.1.0,r.-15.1.0,r.-15.1.0,r.-15.1.0,r.-15.1.0,r.-15.1.0,r.-15.1.0,r.-15.1.0,r.-15.1.0,r.-15.1.0,,r.-15.1.0,r.-15.1.0,r.-15.1.0,r.-15.1.0,,,,,,,,,,r.-15.1.0,,,r.-15.1.0,r.-15.1.0,r.-15.1.0,r.-15.1.0,r.-15.1.0,r.-15.1.0,r.-15.1.0,r.-15.1.0,r.-15.1.0,r.-15.1.0,r.-15.1.0,r.-15.1.0,r.-15.1.0,r.-15.1.0,r.-15.1.0,r.-15.1.0,r.-15.1.0,r.-15.1.0,r.-15.1.0,r.-15.1.0,r.-15.1.0,r.-15.1.0,r.-15.1.0,r.-15.1.0,r.-15.1.0,r.-15.1.0,,,,,,,,,,,,,,,,,,,
310,,,,,,,,,,r.-15.1.0,r.-15.1.0,r.-15.1.0,r.-15.1.0,r.-15.1.0,r.-15.1.0,r.-15.1.0,r.-15.1.0,r.-15.1.0,r.-15.1.0,,r.-15.1.0,r.-15.1.0,r.-15.1.0,r.-15.1.0,,,,,,,,,,r.-15.1.0,,,r.-15.1.0,r.-15.1.0,r.-15.1.0,r.-15.1.0,r.-15.1.0,r.-15.1.0,r.-15.1.0,r.-15.1.0,r.-15.1.0,r.-15.1.0,r.-15.1.0,r.-15.1.0,r.-15.1.0,r.-15.1.0,r.-15.1.0,r.-15.1.0,r.-15.1.0,r.-15.1.0,r.-15.1.0,r.-15.1.0,r.-15.1.0,r.-15.1.0,r.-15.1.0,r.-15.1.0,r.-15.1.0,r.-15.1.0,,,,,,,,,,,,,,,,,,,
311,,,,,,,,,,r.-15.1.0,r.-15.1.0,r.-15.1.0,r.-15.1.0,r.-15.1.0,r.-15.1.0,r.-15.1.0,r.-15.1.0,r.-15.1.0,r.-15.1.0,,r.-15.1.0,r.-15.1.0,r.-15.1.0,r.-15.1.0,,,,,,,,,,r.-15.1.0,,,r.-15.1.0,r.-15.1.0,r.-15.1.0,r.-15.1.0,r.-15.1.0,r.-15.1.0,r.-15.1.0,r.-15.1.0,r.-15.1.0,r.-15.1.0,r.-15.1.0,r.-15.1.0,r.-15.1.0,r.-15.1.0,r.-15.1.0,r.-15.1.0,r.-15.1.0,r.-15.1.0,r.-15.1.0,r.-15.1.0,r.-15.1.0,r.-15.1.0,r.-15.1.0,r.-15.1.0,r.-15.1.0,r.-15.1.0,,,,,,,,,,,,,,,,,,,
312,,,,,,,,,,r.-15.1.0,r.-15.1.0,r.-15.1.0,r.-15.1.0,r.-15.1.0,r.-15.1.0,r.-15.1.0,r.-15.1.0,r.-15.1.0,r.-15.1.0,,r.-15.1.0,r.-15.1.0,r.-15.1.0,r.-15.1.0,,,,,,,,,,r.-15.1.0,,,r.-15.1.0,r.-15.1.0,r.-15.1.0,r.-15.1.0,r.-15.1.0,r.-15.1.0,r.-15.1.0,r.-15.1.0,r.-15.1.0,r.-15.1.0,r.-15.1.0,r.-15.1.0,r.-15.1.0,r.-15.1.0,r.-15.1.0,r.-15.1.0,r.-15.1.0,r.-15.1.0,r.-15.1.0,r.-15.1.0,r.-15.1.0,r.-15.1.0,r.-15.1.0,r.-15.1.0,r.-15.1.0,r.-15.1.0,,,,,,,,,,,,,,,,,,,
313,,,,,,,,,,p.276,p.277,p.278,p.279,p.280,p.281,p.282,p.283,p.284,p.285,,r.-9.1.10/r.-10.0.10,r.-10.0.10/r.-9.1.10,r.-9.1.10/r.-10.0.10,r.-10.0.10/r.-9.1.10,,,,,,,,,,r.-10.0.10/r.-9.1.10,,,,,,,,,,,,,,,,,,,,,,,,,,,,,,,,,p.350,,,,,,,p.351,,,,,,,
314,,,,,,,,,,,,,,,,,,,,,,,,,,,,,,,,,,p.347,,,,,,,,,,,,,,,,,,,,,,,,,,,,,,,,,,,,,,,,,,,,,,,
315,,,,,,,,,,,,,,,,,,,,,r.-14.1.0,r.-14.1.0,r.-14.1.0,r.-14.1.0,,,,,,,,,,r.-14.1.0,,,,,,,,,,,,,,,,,,,,,,,,,,,,,,,,,,,,,,,,,,,,,,,
316,,,,,,,,,,,,,,,,,,,,,r.-14.1.0,r.-14.1.0,r.-14.1.0,r.-14.1.0,,,,,,,,,,r.-14.1.0,,,,,,,,,,,,,,,,,,,,,,,,,,,,,,,,,,,,,,,,,,,,,,,
317,,,,,,,,,,,,,,,,,,,,,p.334,p.335,p.336,p.337,,,,,,,,,,r.-6.0.10/r.-5.1.10,,,,,,,,,,,,,,,,,,,,,,,,,,,,,,,,,,,,p.338,,,,,,,,,,,
318,,,,,,,,,,p.319,p.320,p.321,p.322,p.323,p.324,p.325,p.326,p.327,p.328,,r.-7.1.10/r.-8.0.10,r.-7.1.10/r.-8.0.10,r.-8.0.10/r.-7.1.10,r.-7.1.10/r.-8.0.10,,,,,,,,,,r.-7.1.10/r.-8.0.10,,,p.287,p.288,p.289,p.290,p.291,p.292,p.293,p.294,p.295,p.296,p.297,p.298,p.299,p.300,p.301,p.302,p.303,p.304,p.305,p.306,p.307,p.308,p.309,p.310,p.311,p.312,,,,,p.329,,,,,p.330,,,,,,,p.331,,
319,,,,,,,,,,r.-3.1.0,r.-3.1.0,r.-3.1.0,r.-3.1.0,r.-3.1.0,r.-3.1.0,r.-3.1.0,r.-3.1.0,r.-3.1.0,r.-3.1.0,,r.-3.1.0,r.-3.1.0,r.-3.1.0,r.-3.1.0,,,,,,,,,,r.-3.1.0,,,r.-3.1.0,r.-3.1.0,r.-3.1.0,r.-3.1.0,r.-3.1.0,r.-3.1.0,r.-3.1.0,r.-3.1.0,r.-3.1.0,r.-3.1.0,r.-3.1.0,r.-3.1.0,r.-3.1.0,r.-3.1.0,r.-3.1.0,r.-3.1.0,r.-3.1.0,r.-3.1.0,r.-3.1.0,r.-3.1.0,r.-3.1.0,r.-3.1.0,r.-3.1.0,r.-3.1.0,r.-3.1.0,r.-3.1.0,,,,,,,,,,,,,,,,,,,
320,,,,,,,,,,r.-3.1.0,r.-3.1.0,r.-3.1.0,r.-3.1.0,r.-3.1.0,r.-3.1.0,r.-3.1.0,r.-3.1.0,r.-3.1.0,r.-3.1.0,,r.-3.1.0,r.-3.1.0,r.-3.1.0,r.-3.1.0,,,,,,,,,,r.-3.1.0,,,r.-3.1.0,r.-3.1.0,r.-3.1.0,r.-3.1.0,r.-3.1.0,r.-3.1.0,r.-3.1.0,r.-3.1.0,r.-3.1.0,r.-3.1.0,r.-3.1.0,r.-3.1.0,r.-3.1.0,r.-3.1.0,r.-3.1.0,r.-3.1.0,r.-3.1.0,r.-3.1.0,r.-3.1.0,r.-3.1.0,r.-3.1.0,r.-3.1.0,r.-3.1.0,r.-3.1.0,r.-3.1.0,r.-3.1.0,,,,,,,,,,,,,,,,,,,
321,,,,,,,,,,r.-3.1.0,r.-3.1.0,r.-3.1.0,r.-3.1.0,r.-3.1.0,r.-3.1.0,r.-3.1.0,r.-3.1.0,r.-3.1.0,r.-3.1.0,,r.-3.1.0,r.-3.1.0,r.-3.1.0,r.-3.1.0,,,,,,,,,,r.-3.1.0,,,r.-3.1.0,r.-3.1.0,r.-3.1.0,r.-3.1.0,r.-3.1.0,r.-3.1.0,r.-3.1.0,r.-3.1.0,r.-3.1.0,r.-3.1.0,r.-3.1.0,r.-3.1.0,r.-3.1.0,r.-3.1.0,r.-3.1.0,r.-3.1.0,r.-3.1.0,r.-3.1.0,r.-3.1.0,r.-3.1.0,r.-3.1.0,r.-3.1.0,r.-3.1.0,r.-3.1.0,r.-3.1.0,r.-3.1.0,,,,,,,,,,,,,,,,,,,
322,,,,,,,,,,r.-3.1.0,r.-3.1.0,r.-3.1.0,r.-3.1.0,r.-3.1.0,r.-3.1.0,r.-3.1.0,r.-3.1.0,r.-3.1.0,r.-3.1.0,,r.-3.1.0,r.-3.1.0,r.-3.1.0,r.-3.1.0,,,,,,,,,,r.-3.1.0,,,r.-3.1.0,r.-3.1.0,r.-3.1.0,r.-3.1.0,r.-3.1.0,r.-3.1.0,r.-3.1.0,r.-3.1.0,r.-3.1.0,r.-3.1.0,r.-3.1.0,r.-3.1.0,r.-3.1.0,r.-3.1.0,r.-3.1.0,r.-3.1.0,r.-3.1.0,r.-3.1.0,r.-3.1.0,r.-3.1.0,r.-3.1.0,r.-3.1.0,r.-3.1.0,r.-3.1.0,r.-3.1.0,r.-3.1.0,,,,,,,,,,,,,,,,,,,
323,,,,,,,,,,r.-3.1.0,r.-3.1.0,r.-3.1.0,r.-3.1.0,r.-3.1.0,r.-3.1.0,r.-3.1.0,r.-3.1.0,r.-3.1.0,r.-3.1.0,,r.-3.1.0,r.-3.1.0,r.-3.1.0,r.-3.1.0,,,,,,,,,,r.-3.1.0,,,r.-3.1.0,r.-3.1.0,r.-3.1.0,r.-3.1.0,r.-3.1.0,r.-3.1.0,r.-3.1.0,r.-3.1.0,r.-3.1.0,r.-3.1.0,r.-3.1.0,r.-3.1.0,r.-3.1.0,r.-3.1.0,r.-3.1.0,r.-3.1.0,r.-3.1.0,r.-3.1.0,r.-3.1.0,r.-3.1.0,r.-3.1.0,r.-3.1.0,r.-3.1.0,r.-3.1.0,r.-3.1.0,r.-3.1.0,,,,,,,,,,,,,,,,,,,
324,,,,,,,,,,r.-3.1.0,r.-3.1.0,r.-3.1.0,r.-3.1.0,r.-3.1.0,r.-3.1.0,r.-3.1.0,r.-3.1.0,r.-3.1.0,r.-3.1.0,,r.-3.1.0,r.-3.1.0,r.-3.1.0,r.-3.1.0,,,,,,,,,,r.-3.1.0,,,r.-3.1.0,r.-3.1.0,r.-3.1.0,r.-3.1.0,r.-3.1.0,r.-3.1.0,r.-3.1.0,r.-3.1.0,r.-3.1.0,r.-3.1.0,r.-3.1.0,r.-3.1.0,r.-3.1.0,r.-3.1.0,r.-3.1.0,r.-3.1.0,r.-3.1.0,r.-3.1.0,r.-3.1.0,r.-3.1.0,r.-3.1.0,r.-3.1.0,r.-3.1.0,r.-3.1.0,r.-3.1.0,r.-3.1.0,,,,,,,,,,,,,,,,,,,
325,,,,,,,,,,r.-3.1.0,r.-3.1.0,r.-3.1.0,r.-3.1.0,r.-3.1.0,r.-3.1.0,r.-3.1.0,r.-3.1.0,r.-3.1.0,r.-3.1.0,,r.-3.1.0,r.-3.1.0,r.-3.1.0,r.-3.1.0,,,,,,,,,,r.-3.1.0,,,r.-3.1.0,r.-3.1.0,r.-3.1.0,r.-3.1.0,r.-3.1.0,r.-3.1.0,r.-3.1.0,r.-3.1.0,r.-3.1.0,r.-3.1.0,r.-3.1.0,r.-3.1.0,r.-3.1.0,r.-3.1.0,r.-3.1.0,r.-3.1.0,r.-3.1.0,r.-3.1.0,r.-3.1.0,r.-3.1.0,r.-3.1.0,r.-3.1.0,r.-3.1.0,r.-3.1.0,r.-3.1.0,r.-3.1.0,,,,,,,,,,,,,,,,,,,
326,,,,,,,,,,r.-3.1.0,r.-3.1.0,r.-3.1.0,r.-3.1.0,r.-3.1.0,r.-3.1.0,r.-3.1.0,r.-3.1.0,r.-3.1.0,r.-3.1.0,,r.-3.1.0,r.-3.1.0,r.-3.1.0,r.-3.1.0,,,,,,,,,,r.-3.1.0,,,r.-3.1.0,r.-3.1.0,r.-3.1.0,r.-3.1.0,r.-3.1.0,r.-3.1.0,r.-3.1.0,r.-3.1.0,r.-3.1.0,r.-3.1.0,r.-3.1.0,r.-3.1.0,r.-3.1.0,r.-3.1.0,r.-3.1.0,r.-3.1.0,r.-3.1.0,r.-3.1.0,r.-3.1.0,r.-3.1.0,r.-3.1.0,r.-3.1.0,r.-3.1.0,r.-3.1.0,r.-3.1.0,r.-3.1.0,,,,,,,,,,,,,,,,,,,
327,,,,,,,,,,r.-3.1.0,r.-3.1.0,r.-3.1.0,r.-3.1.0,r.-3.1.0,r.-3.1.0,r.-3.1.0,r.-3.1.0,r.-3.1.0,r.-3.1.0,,r.-3.1.0,r.-3.1.0,r.-3.1.0,r.-3.1.0,,,,,,,,,,r.-3.1.0,,,r.-3.1.0,r.-3.1.0,r.-3.1.0,r.-3.1.0,r.-3.1.0,r.-3.1.0,r.-3.1.0,r.-3.1.0,r.-3.1.0,r.-3.1.0,r.-3.1.0,r.-3.1.0,r.-3.1.0,r.-3.1.0,r.-3.1.0,r.-3.1.0,r.-3.1.0,r.-3.1.0,r.-3.1.0,r.-3.1.0,r.-3.1.0,r.-3.1.0,r.-3.1.0,r.-3.1.0,r.-3.1.0,r.-3.1.0,,,,,,,,,,,,,,,,,,,
328,,,,,,,,,,r.-3.1.0,r.-3.1.0,r.-3.1.0,r.-3.1.0,r.-3.1.0,r.-3.1.0,r.-3.1.0,r.-3.1.0,r.-3.1.0,r.-3.1.0,,r.-3.1.0,r.-3.1.0,r.-3.1.0,r.-3.1.0,,,,,,,,,,r.-3.1.0,,,r.-3.1.0,r.-3.1.0,r.-3.1.0,r.-3.1.0,r.-3.1.0,r.-3.1.0,r.-3.1.0,r.-3.1.0,r.-3.1.0,r.-3.1.0,r.-3.1.0,r.-3.1.0,r.-3.1.0,r.-3.1.0,r.-3.1.0,r.-3.1.0,r.-3.1.0,r.-3.1.0,r.-3.1.0,r.-3.1.0,r.-3.1.0,r.-3.1.0,r.-3.1.0,r.-3.1.0,r.-3.1.0,r.-3.1.0,,,,,,,,,,,,,,,,,,,
329,,,,,,,,,,p.319,p.320,p.321,p.322,p.323,p.324,p.325,p.326,p.327,p.328,,r.-8.0.10/r.-8.1.10,r.-8.0.10/r.-8.1.10,r.-8.0.10/r.-8.1.10,r.-8.0.10/r.-8.1.10,,,,,,,,,,r.-8.0.10/r.-8.1.10,,,p.287,p.288,p.289,p.290,p.291,p.292,p.293,p.294,p.295,p.296,p.297,p.298,p.299,p.300,p.301,p.302,p.303,p.304,p.305,p.306,p.307,p.308,p.309,p.310,p.311,p.312,,,,,p.329,,,,,p.333,,,,,,,p.331,,
330,,,,,,,,,,,,,,,,,,,,,r.-7.2.0,r.-7.2.0,r.-7.2.0,r.-7.2.0,,,,,,,,,,r.-7.2.0,,,,,,,,,,,,,,,,,,,,,,,,,,,,,,,,,,,,,,,,,,,,,,,
331,,,,,,,,,,p.319,p.320,p.321,p.322,p.323,p.324,p.325,p.326,p.327,p.328,,r.-8.1.10/r.-8.0.10,r.-8.1.10/r.-8.0.10,r.-8.0.10/r.-8.1.10,r.-8.1.10/r.-8.0.10,,,,,,,,,,r.-8.0.10/r.-8.1.10,,,p.287,p.288,p.289,p.290,p.291,p.292,p.293,p.294,p.295,p.296,p.297,p.298,p.299,p.300,p.301,p.302,p.303,p.304,p.305,p.306,p.307,p.308,p.309,p.310,p.311,p.312,,,,,p.329,,,,,p.332,,,,,,,p.331,,
332,,,,,,,,,,,,,,,,,,,,,r.-8.2.0,r.-8.2.0,r.-8.2.0,r.-8.2.0,,,,,,,,,,r.-8.2.0,,,,,,,,,,,,,,,,,,,,,,,,,,,,,,,,,,,,,,,,,,,,,,,
333,,,,,,,,,,,,,,,,,,,,,r.-8.2.0,r.-8.2.0,r.-8.2.0,r.-8.2.0,,,,,,,,,,r.-8.2.0,,,,,,,,,,,,,,,,,,,,,,,,,,,,,,,,,,,,,,,,,,,,,,,
334,,,,,,,,,,p.276,p.277,p.278,p.279,p.280,p.281,p.282,p.283,p.284,p.285,,,,,,,,,,,,,,,,p.286,,p.287,p.288,p.289,p.290,p.291,p.292,p.293,p.294,p.295,p.296,p.297,p.298,p.299,p.300,p.301,p.302,p.303,p.304,p.305,p.306,p.307,p.308,p.309,p.310,p.311,p.312,,,,,p.313,,,,p.315,,p.316,,,,,p.345,p.318,,
335,,,,,,,,,,p.276,p.277,p.278,p.279,p.280,p.281,p.282,p.283,p.284,p.285,,,,,,,,,,,,,,,,p.286,,p.287,p.288,p.289,p.290,p.291,p.292,p.293,p.294,p.295,p.296,p.297,p.298,p.299,p.300,p.301,p.302,p.303,p.304,p.305,p.306,p.307,p.308,p.309,p.310,p.311,p.312,,,,,p.313,,,,p.315,,p.316,,,,,p.343,p.318,,
336,,,,,,,,,,p.276,p.277,p.278,p.279,p.280,p.281,p.282,p.283,p.284,p.285,,,,,,,,,,,,,,,,p.286,,p.287,p.288,p.289,p.290,p.291,p.292,p.293,p.294,p.295,p.296,p.297,p.298,p.299,p.300,p.301,p.302,p.303,p.304,p.305,p.306,p.307,p.308,p.309,p.310,p.311,p.312,,,,,p.313,,,,p.315,,p.316,,,,,p.341,p.318,,
337,,,,,,,,,,p.276,p.277,p.278,p.279,p.280,p.281,p.282,p.283,p.284,p.285,,,,,,,,,,,,,,,,p.286,,p.287,p.288,p.289,p.290,p.291,p.292,p.293,p.294,p.295,p.296,p.297,p.298,p.299,p.300,p.301,p.302,p.303,p.304,p.305,p.306,p.307,p.308,p.309,p.310,p.311,p.312,,,,,p.313,,,,p.315,,p.316,,,,,p.339,p.318,,
338,,,,,,,,,,,,,,,,,,,,,,,,,,,,,,,,,,r.-5.2.0,,,,,,,,,,,,,,,,,,,,,,,,,,,,,,,,,,,,,,,,,,,,,,,
339,,,,,,,,,,,,,,,,,,,,,p.334,p.335,p.336,p.337,,,,,,,,,,r.-6.2.10/r.-6.0.10,,,,,,,,,,,,,,,,,,,,,,,,,,,,,,,,,,,,p.340,,,,,,,,,,,
340,,,,,,,,,,,,,,,,,,,,,,,,,,,,,,,,,,r.-6.3.0,,,,,,,,,,,,,,,,,,,,,,,,,,,,,,,,,,,,,,,,,,,,,,,
341,,,,,,,,,,,,,,,,,,,,,p.334,p.335,p.336,p.337,,,,,,,,,,r.-6.0.10/r.-6.2.10,,,,,,,,,,,,,,,,,,,,,,,,,,,,,,,,,,,,p.342,,,,,,,,,,,
342,,,,,,,,,,,,,,,,,,,,,,,,,,,,,,,,,,r.-6.3.0,,,,,,,,,,,,,,,,,,,,,,,,,,,,,,,,,,,,,,,,,,,,,,,
343,,,,,,,,,,,,,,,,,,,,,p.334,p.335,p.336,p.337,,,,,,,,,,r.-6.2.10/r.-6.0.10,,,,,,,,,,,,,,,,,,,,,,,,,,,,,,,,,,,,p.344,,,,,,,,,,,
344,,,,,,,,,,,,,,,,,,,,,,,,,,,,,,,,,,r.-6.3.0,,,,,,,,,,,,,,,,,,,,,,,,,,,,,,,,,,,,,,,,,,,,,,,
345,,,,,,,,,,,,,,,,,,,,,p.334,p.335,p.336,p.337,,,,,,,,,,r.-6.2.10/r.-6.0.10,,,,,,,,,,,,,,,,,,,,,,,,,,,,,,,,,,,,p.346,,,,,,,,,,,
346,,,,,,,,,,,,,,,,,,,,,,,,,,,,,,,,,,r.-6.3.0,,,,,,,,,,,,,,,,,,,,,,,,,,,,,,,,,,,,,,,,,,,,,,,
347,,,,,,,,p.348,,,,,,,,,,,,,,,,,,,,,,,,,,,,,,,,,,,,,,,,,,,,,,,,,,,,,,,,,,,,,,,,,,,,,,,,,
348,p.62,,,,,,,,,,,,,,,,,,,,,,,,,,,,,,,,,,,,,,,,,,,,,,,,,,,,,,,,,,,,,,,,,p.349,,,,,,,,,,,,,,,
349,,,,,,r.-11.9.0,,,,,,,,,,,,,,,,,,,,,,r.-11.9.0,,,,,,,,,,,,,,,,,,,,,,,,,,,,,,,,,,,,,,,,,,,,,,,,,,,,,
350,,,,,,,,,,p.276,p.277,p.278,p.279,p.280,p.281,p.282,p.283,p.284,p.285,,r.-10.1.10/r.-10.0.10,r.-10.1.10/r.-10.0.10,r.-10.0.10/r.-10.1.10,r.-10.0.10/r.-10.1.10,,,,,,,,,,r.-10.1.10/r.-10.0.10,,,,,,,,,,,,,,,,,,,,,,,,,,,,,,,,,p.350,,,,,,,p.352,,,,,,,
351,,,,,,,,,,,,,,,,,,,,,r.-9.2.0,r.-9.2.0,r.-9.2.0,r.-9.2.0,,,,,,,,,,r.-9.2.0,,,,,,,,,,,,,,,,,,,,,,,,,,,,,,,,,,,,,,,,,,,,,,,
352,,,,,,,,,,,,,,,,,,,,,r.-10.2.0,r.-10.2.0,r.-10.2.0,r.-10.2.0,,,,,,,,,,r.-10.2.0,,,,,,,,,,,,,,,,,,,,,,,,,,,,,,,,,,,,,,,,,,,,,,,
353,,,,,,,,,,,,,,,,,,,,,,,,,,,,,,,,,,,,p.354,,,,,,,,,,,,,,,,,,,,,,,,,,,,,,,,,,,,,,,,,,,,,
354,,,,,,,,,,,,,,,,,,,,,r.-14.3.0,r.-14.3.0,r.-14.3.0,r.-14.3.0,,,,,,,,,,r.-14.3.0,,,,,,,,,,,,,,,,,,,,,,,,,,,,,,,,,,,,,,,,,,,,,,,
355,,,,,,,,,,p.356,p.357,p.358,p.359,p.360,p.361,p.362,p.363,p.364,p.365,,,,,,,,,,,,,,,,p.366,,p.367,p.368,p.369,p.370,p.371,p.372,p.373,p.374,p.375,p.376,p.377,p.378,p.379,p.380,p.381,p.382,p.383,p.384,p.385,p.386,p.387,p.388,p.389,p.390,p.391,p.392,,,,,p.393,,p.394,,p.395,,p.396,,,,,p.397,p.398,,
356,,,,,,,r.-3.1.0,,,r.-3.1.0,r.-3.1.0,r.-3.1.0,r.-3.1.0,r.-3.1.0,r.-3.1.0,r.-3.1.0,r.-3.1.0,r.-3.1.0,r.-3.1.0,,r.-3.1.0,r.-3.1.0,r.-3.1.0,r.-3.1.0,,,,,,,,,,,,,,,,,,,,,,,,,,,,,,,,,,,,,,,,,,,,,,,,,,,,,,,,,
357,,,,,,,r.-3.1.0,,,r.-3.1.0,r.-3.1.0,r.-3.1.0,r.-3.1.0,r.-3.1.0,r.-3.1.0,r.-3.1.0,r.-3.1.0,r.-3.1.0,r.-3.1.0,,r.-3.1.0,r.-3.1.0,r.-3.1.0,r.-3.1.0,,,,,,,,,,,,,,,,,,,,,,,,,,,,,,,,,,,,,,,,,,,,,,,,,,,,,,,,,
358,,,,,,,r.-3.1.0,,,r.-3.1.0,r.-3.1.0,r.-3.1.0,r.-3.1.0,r.-3.1.0,r.-3.1.0,r.-3.1.0,r.-3.1.0,r.-3.1.0,r.-3.1.0,,r.-3.1.0,r.-3.1.0,r.-3.1.0,r.-3.1.0,,,,,,,,,,,,,,,,,,,,,,,,,,,,,,,,,,,,,,,,,,,,,,,,,,,,,,,,,
359,,,,,,,r.-3.1.0,,,r.-3.1.0,r.-3.1.0,r.-3.1.0,r.-3.1.0,r.-3.1.0,r.-3.1.0,r.-3.1.0,r.-3.1.0,r.-3.1.0,r.-3.1.0,,r.-3.1.0,r.-3.1.0,r.-3.1.0,r.-3.1.0,,,,,,,,,,,,,,,,,,,,,,,,,,,,,,,,,,,,,,,,,,,,,,,,,,,,,,,,,
360,,,,,,,r.-3.1.0,,,r.-3.1.0,r.-3.1.0,r.-3.1.0,r.-3.1.0,r.-3.1.0,r.-3.1.0,r.-3.1.0,r.-3.1.0,r.-3.1.0,r.-3.1.0,,r.-3.1.0,r.-3.1.0,r.-3.1.0,r.-3.1.0,,,,,,,,,,,,,,,,,,,,,,,,,,,,,,,,,,,,,,,,,,,,,,,,,,,,,,,,,
361,,,,,,,r.-3.1.0,,,r.-3.1.0,r.-3.1.0,r.-3.1.0,r.-3.1.0,r.-3.1.0,r.-3.1.0,r.-3.1.0,r.-3.1.0,r.-3.1.0,r.-3.1.0,,r.-3.1.0,r.-3.1.0,r.-3.1.0,r.-3.1.0,,,,,,,,,,,,,,,,,,,,,,,,,,,,,,,,,,,,,,,,,,,,,,,,,,,,,,,,,
362,,,,,,,r.-3.1.0,,,r.-3.1.0,r.-3.1.0,r.-3.1.0,r.-3.1.0,r.-3.1.0,r.-3.1.0,r.-3.1.0,r.-3.1.0,r.-3.1.0,r.-3.1.0,,r.-3.1.0,r.-3.1.0,r.-3.1.0,r.-3.1.0,,,,,,,,,,,,,,,,,,,,,,,,,,,,,,,,,,,,,,,,,,,,,,,,,,,,,,,,,
363,,,,,,,r.-3.1.0,,,r.-3.1.0,r.-3.1.0,r.-3.1.0,r.-3.1.0,r.-3.1.0,r.-3.1.0,r.-3.1.0,r.-3.1.0,r.-3.1.0,r.-3.1.0,,r.-3.1.0,r.-3.1.0,r.-3.1.0,r.-3.1.0,,,,,,,,,,,,,,,,,,,,,,,,,,,,,,,,,,,,,,,,,,,,,,,,,,,,,,,,,
364,,,,,,,r.-3.1.0,,,r.-3.1.0,r.-3.1.0,r.-3.1.0,r.-3.1.0,r.-3.1.0,r.-3.1.0,r.-3.1.0,r.-3.1.0,r.-3.1.0,r.-3.1.0,,r.-3.1.0,r.-3.1.0,r.-3.1.0,r.-3.1.0,,,,,,,,,,,,,,,,,,,,,,,,,,,,,,,,,,,,,,,,,,,,,,,,,,,,,,,,,
365,,,,,,,r.-3.1.0,,,r.-3.1.0,r.-3.1.0,r.-3.1.0,r.-3.1.0,r.-3.1.0,r.-3.1.0,r.-3.1.0,r.-3.1.0,r.-3.1.0,r.-3.1.0,,r.-3.1.0,r.-3.1.0,r.-3.1.0,r.-3.1.0,,,,,,,,,,,,,,,,,,,,,,,,,,,,,,,,,,,,,,,,,,,,,,,,,,,,,,,,,
366,,,,,,,,,,p.195,p.196,p.197,p.198,p.199,p.200,p.201,p.202,p.203,p.204,,,,,,,,,,,,,,,,p.205,,p.206,p.207,p.208,p.209,p.210,p.211,p.212,p.213,p.214,p.215,p.216,p.217,p.218,p.219,p.220,p.221,p.222,p.223,p.224,p.225,p.226,p.227,p.228,p.229,p.230,p.231,,,,,p.232,,p.451,,p.234,,p.235,,,,,p.236,p.237,,
367,,,,,,,r.-15.1.0,,,r.-15.1.0,r.-15.1.0,r.-15.1.0,r.-15.1.0,r.-15.1.0,r.-15.1.0,r.-15.1.0,r.-15.1.0,r.-15.1.0,r.-15.1.0,,r.-15.1.0,r.-15.1.0,r.-15.1.0,r.-15.1.0,,,,,,,,,,,,,r.-15.1.0,r.-15.1.0,r.-15.1.0,r.-15.1.0,r.-15.1.0,r.-15.1.0,r.-15.1.0,r.-15.1.0,r.-15.1.0,r.-15.1.0,r.-15.1.0,r.-15.1.0,r.-15.1.0,r.-15.1.0,r.-15.1.0,r.-15.1.0,r.-15.1.0,r.-15.1.0,r.-15.1.0,r.-15.1.0,r.-15.1.0,r.-15.1.0,r.-15.1.0,r.-15.1.0,r.-15.1.0,r.-15.1.0,,,,,,,,,,,,,,,,,,,
368,,,,,,,r.-15.1.0,,,r.-15.1.0,r.-15.1.0,r.-15.1.0,r.-15.1.0,r.-15.1.0,r.-15.1.0,r.-15.1.0,r.-15.1.0,r.-15.1.0,r.-15.1.0,,r.-15.1.0,r.-15.1.0,r.-15.1.0,r.-15.1.0,,,,,,,,,,,,,r.-15.1.0,r.-15.1.0,r.-15.1.0,r.-15.1.0,r.-15.1.0,r.-15.1.0,r.-15.1.0,r.-15.1.0,r.-15.1.0,r.-15.1.0,r.-15.1.0,r.-15.1.0,r.-15.1.0,r.-15.1.0,r.-15.1.0,r.-15.1.0,r.-15.1.0,r.-15.1.0,r.-15.1.0,r.-15.1.0,r.-15.1.0,r.-15.1.0,r.-15.1.0,r.-15.1.0,r.-15.1.0,r.-15.1.0,,,,,,,,,,,,,,,,,,,
369,,,,,,,r.-15.1.0,,,r.-15.1.0,r.-15.1.0,r.-15.1.0,r.-15.1.0,r.-15.1.0,r.-15.1.0,r.-15.1.0,r.-15.1.0,r.-15.1.0,r.-15.1.0,,r.-15.1.0,r.-15.1.0,r.-15.1.0,r.-15.1.0,,,,,,,,,,,,,r.-15.1.0,r.-15.1.0,r.-15.1.0,r.-15.1.0,r.-15.1.0,r.-15.1.0,r.-15.1.0,r.-15.1.0,r.-15.1.0,r.-15.1.0,r.-15.1.0,r.-15.1.0,r.-15.1.0,r.-15.1.0,r.-15.1.0,r.-15.1.0,r.-15.1.0,r.-15.1.0,r.-15.1.0,r.-15.1.0,r.-15.1.0,r.-15.1.0,r.-15.1.0,r.-15.1.0,r.-15.1.0,r.-15.1.0,,,,,,,,,,,,,,,,,,,
370,,,,,,,r.-15.1.0,,,r.-15.1.0,r.-15.1.0,r.-15.1.0,r.-15.1.0,r.-15.1.0,r.-15.1.0,r.-15.1.0,r.-15.1.0,r.-15.1.0,r.-15.1.0,,r.-15.1.0,r.-15.1.0,r.-15.1.0,r.-15.1.0,,,,,,,,,,,,,r.-15.1.0,r.-15.1.0,r.-15.1.0,r.-15.1.0,r.-15.1.0,r.-15.1.0,r.-15.1.0,r.-15.1.0,r.-15.1.0,r.-15.1.0,r.-15.1.0,r.-15.1.0,r.-15.1.0,r.-15.1.0,r.-15.1.0,r.-15.1.0,r.-15.1.0,r.-15.1.0,r.-15.1.0,r.-15.1.0,r.-15.1.0,r.-15.1.0,r.-15.1.0,r.-15.1.0,r.-15.1.0,r.-15.1.0,,,,,,,,,,,,,,,,,,,
371,,,,,,,r.-15.1.0,,,r.-15.1.0,r.-15.1.0,r.-15.1.0,r.-15.1.0,r.-15.1.0,r.-15.1.0,r.-15.1.0,r.-15.1.0,r.-15.1.0,r.-15.1.0,,r.-15.1.0,r.-15.1.0,r.-15.1.0,r.-15.1.0,,,,,,,,,,,,,r.-15.1.0,r.-15.1.0,r.-15.1.0,r.-15.1.0,r.-15.1.0,r.-15.1.0,r.-15.1.0,r.-15.1.0,r.-15.1.0,r.-15.1.0,r.-15.1.0,r.-15.1.0,r.-15.1.0,r.-15.1.0,r.-15.1.0,r.-15.1.0,r.-15.1.0,r.-15.1.0,r.-15.1.0,r.-15.1.0,r.-15.1.0,r.-15.1.0,r.-15.1.0,r.-15.1.0,r.-15.1.0,r.-15.1.0,,,,,,,,,,,,,,,,,,,
372,,,,,,,r.-15.1.0,,,r.-15.1.0,r.-15.1.0,r.-15.1.0,r.-15.1.0,r.-15.1.0,r.-15.1.0,r.-15.1.0,r.-15.1.0,r.-15.1.0,r.-15.1.0,,r.-15.1.0,r.-15.1.0,r.-15.1.0,r.-15.1.0,,,,,,,,,,,,,r.-15.1.0,r.-15.1.0,r.-15.1.0,r.-15.1.0,r.-15.1.0,r.-15.1.0,r.-15.1.0,r.-15.1.0,r.-15.1.0,r.-15.1.0,r.-15.1.0,r.-15.1.0,r.-15.1.0,r.-15.1.0,r.-15.1.0,r.-15.1.0,r.-15.1.0,r.-15.1.0,r.-15.1.0,r.-15.1.0,r.-15.1.0,r.-15.1.0,r.-15.1.0,r.-15.1.0,r.-15.1.0,r.-15.1.0,,,,,,,,,,,,,,,,,,,
373,,,,,,,r.-15.1.0,,,r.-15.1.0,r.-15.1.0,r.-15.1.0,r.-15.1.0,r.-15.1.0,r.-15.1.0,r.-15.1.0,r.-15.1.0,r.-15.1.0,r.-15.1.0,,r.-15.1.0,r.-15.1.0,r.-15.1.0,r.-15.1.0,,,,,,,,,,,,,r.-15.1.0,r.-15.1.0,r.-15.1.0,r.-15.1.0,r.-15.1.0,r.-15.1.0,r.-15.1.0,r.-15.1.0,r.-15.1.0,r.-15.1.0,r.-15.1.0,r.-15.1.0,r.-15.1.0,r.-15.1.0,r.-15.1.0,r.-15.1.0,r.-15.1.0,r.-15.1.0,r.-15.1.0,r.-15.1.0,r.-15.1.0,r.-15.1.0,r.-15.1.0,r.-15.1.0,r.-15.1.0,r.-15.1.0,,,,,,,,,,,,,,,,,,,
374,,,,,,,r.-15.1.0,,,r.-15.1.0,r.-15.1.0,r.-15.1.0,r.-15.1.0,r.-15.1.0,r.-15.1.0,r.-15.1.0,r.-15.1.0,r.-15.1.0,r.-15.1.0,,r.-15.1.0,r.-15.1.0,r.-15.1.0,r.-15.1.0,,,,,,,,,,,,,r.-15.1.0,r.-15.1.0,r.-15.1.0,r.-15.1.0,r.-15.1.0,r.-15.1.0,r.-15.1.0,r.-15.1.0,r.-15.1.0,r.-15.1.0,r.-15.1.0,r.-15.1.0,r.-15.1.0,r.-15.1.0,r.-15.1.0,r.-15.1.0,r.-15.1.0,r.-15.1.0,r.-15.1.0,r.-15.1.0,r.-15.1.0,r.-15.1.0,r.-15.1.0,r.-15.1.0,r.-15.1.0,r.-15.1.0,,,,,,,,,,,,,,,,,,,
375,,,,,,,r.-15.1.0,,,r.-15.1.0,r.-15.1.0,r.-15.1.0,r.-15.1.0,r.-15.1.0,r.-15.1.0,r.-15.1.0,r.-15.1.0,r.-15.1.0,r.-15.1.0,,r.-15.1.0,r.-15.1.0,r.-15.1.0,r.-15.1.0,,,,,,,,,,,,,r.-15.1.0,r.-15.1.0,r.-15.1.0,r.-15.1.0,r.-15.1.0,r.-15.1.0,r.-15.1.0,r.-15.1.0,r.-15.1.0,r.-15.1.0,r.-15.1.0,r.-15.1.0,r.-15.1.0,r.-15.1.0,r.-15.1.0,r.-15.1.0,r.-15.1.0,r.-15.1.0,r.-15.1.0,r.-15.1.0,r.-15.1.0,r.-15.1.0,r.-15.1.0,r.-15.1.0,r.-15.1.0,r.-15.1.0,,,,,,,,,,,,,,,,,,,
376,,,,,,,r.-15.1.0,,,r.-15.1.0,r.-15.1.0,r.-15.1.0,r.-15.1.0,r.-15.1.0,r.-15.1.0,r.-15.1.0,r.-15.1.0,r.-15.1.0,r.-15.1.0,,r.-15.1.0,r.-15.1.0,r.-15.1.0,r.-15.1.0,,,,,,,,,,,,,r.-15.1.0,r.-15.1.0,r.-15.1.0,r.-15.1.0,r.-15.1.0,r.-15.1.0,r.-15.1.0,r.-15.1.0,r.-15.1.0,r.-15.1.0,r.-15.1.0,r.-15.1.0,r.-15.1.0,r.-15.1.0,r.-15.1.0,r.-15.1.0,r.-15.1.0,r.-15.1.0,r.-15.1.0,r.-15.1.0,r.-15.1.0,r.-15.1.0,r.-15.1.0,r.-15.1.0,r.-15.1.0,r.-15.1.0,,,,,,,,,,,,,,,,,,,
377,,,,,,,r.-15.1.0,,,r.-15.1.0,r.-15.1.0,r.-15.1.0,r.-15.1.0,r.-15.1.0,r.-15.1.0,r.-15.1.0,r.-15.1.0,r.-15.1.0,r.-15.1.0,,r.-15.1.0,r.-15.1.0,r.-15.1.0,r.-15.1.0,,,,,,,,,,,,,r.-15.1.0,r.-15.1.0,r.-15.1.0,r.-15.1.0,r.-15.1.0,r.-15.1.0,r.-15.1.0,r.-15.1.0,r.-15.1.0,r.-15.1.0,r.-15.1.0,r.-15.1.0,r.-15.1.0,r.-15.1.0,r.-15.1.0,r.-15.1.0,r.-15.1.0,r.-15.1.0,r.-15.1.0,r.-15.1.0,r.-15.1.0,r.-15.1.0,r.-15.1.0,r.-15.1.0,r.-15.1.0,r.-15.1.0,,,,,,,,,,,,,,,,,,,
378,,,,,,,r.-15.1.0,,,r.-15.1.0,r.-15.1.0,r.-15.1.0,r.-15.1.0,r.-15.1.0,r.-15.1.0,r.-15.1.0,r.-15.1.0,r.-15.1.0,r.-15.1.0,,r.-15.1.0,r.-15.1.0,r.-15.1.0,r.-15.1.0,,,,,,,,,,,,,r.-15.1.0,r.-15.1.0,r.-15.1.0,r.-15.1.0,r.-15.1.0,r.-15.1.0,r.-15.1.0,r.-15.1.0,r.-15.1.0,r.-15.1.0,r.-15.1.0,r.-15.1.0,r.-15.1.0,r.-15.1.0,r.-15.1.0,r.-15.1.0,r.-15.1.0,r.-15.1.0,r.-15.1.0,r.-15.1.0,r.-15.1.0,r.-15.1.0,r.-15.1.0,r.-15.1.0,r.-15.1.0,r.-15.1.0,,,,,,,,,,,,,,,,,,,
379,,,,,,,r.-15.1.0,,,r.-15.1.0,r.-15.1.0,r.-15.1.0,r.-15.1.0,r.-15.1.0,r.-15.1.0,r.-15.1.0,r.-15.1.0,r.-15.1.0,r.-15.1.0,,r.-15.1.0,r.-15.1.0,r.-15.1.0,r.-15.1.0,,,,,,,,,,,,,r.-15.1.0,r.-15.1.0,r.-15.1.0,r.-15.1.0,r.-15.1.0,r.-15.1.0,r.-15.1.0,r.-15.1.0,r.-15.1.0,r.-15.1.0,r.-15.1.0,r.-15.1.0,r.-15.1.0,r.-15.1.0,r.-15.1.0,r.-15.1.0,r.-15.1.0,r.-15.1.0,r.-15.1.0,r.-15.1.0,r.-15.1.0,r.-15.1.0,r.-15.1.0,r.-15.1.0,r.-15.1.0,r.-15.1.0,,,,,,,,,,,,,,,,,,,
380,,,,,,,r.-15.1.0,,,r.-15.1.0,r.-15.1.0,r.-15.1.0,r.-15.1.0,r.-15.1.0,r.-15.1.0,r.-15.1.0,r.-15.1.0,r.-15.1.0,r.-15.1.0,,r.-15.1.0,r.-15.1.0,r.-15.1.0,r.-15.1.0,,,,,,,,,,,,,r.-15.1.0,r.-15.1.0,r.-15.1.0,r.-15.1.0,r.-15.1.0,r.-15.1.0,r.-15.1.0,r.-15.1.0,r.-15.1.0,r.-15.1.0,r.-15.1.0,r.-15.1.0,r.-15.1.0,r.-15.1.0,r.-15.1.0,r.-15.1.0,r.-15.1.0,r.-15.1.0,r.-15.1.0,r.-15.1.0,r.-15.1.0,r.-15.1.0,r.-15.1.0,r.-15.1.0,r.-15.1.0,r.-15.1.0,,,,,,,,,,,,,,,,,,,
381,,,,,,,r.-15.1.0,,,r.-15.1.0,r.-15.1.0,r.-15.1.0,r.-15.1.0,r.-15.1.0,r.-15.1.0,r.-15.1.0,r.-15.1.0,r.-15.1.0,r.-15.1.0,,r.-15.1.0,r.-15.1.0,r.-15.1.0,r.-15.1.0,,,,,,,,,,,,,r.-15.1.0,r.-15.1.0,r.-15.1.0,r.-15.1.0,r.-15.1.0,r.-15.1.0,r.-15.1.0,r.-15.1.0,r.-15.1.0,r.-15.1.0,r.-15.1.0,r.-15.1.0,r.-15.1.0,r.-15.1.0,r.-15.1.0,r.-15.1.0,r.-15.1.0,r.-15.1.0,r.-15.1.0,r.-15.1.0,r.-15.1.0,r.-15.1.0,r.-15.1.0,r.-15.1.0,r.-15.1.0,r.-15.1.0,,,,,,,,,,,,,,,,,,,
382,,,,,,,r.-15.1.0,,,r.-15.1.0,r.-15.1.0,r.-15.1.0,r.-15.1.0,r.-15.1.0,r.-15.1.0,r.-15.1.0,r.-15.1.0,r.-15.1.0,r.-15.1.0,,r.-15.1.0,r.-15.1.0,r.-15.1.0,r.-15.1.0,,,,,,,,,,,,,r.-15.1.0,r.-15.1.0,r.-15.1.0,r.-15.1.0,r.-15.1.0,r.-15.1.0,r.-15.1.0,r.-15.1.0,r.-15.1.0,r.-15.1.0,r.-15.1.0,r.-15.1.0,r.-15.1.0,r.-15.1.0,r.-15.1.0,r.-15.1.0,r.-15.1.0,r.-15.1.0,r.-15.1.0,r.-15.1.0,r.-15.1.0,r.-15.1.0,r.-15.1.0,r.-15.1.0,r.-15.1.0,r.-15.1.0,,,,,,,,,,,,,,,,,,,
383,,,,,,,r.-15.1.0,,,r.-15.1.0,r.-15.1.0,r.-15.1.0,r.-15.1.0,r.-15.1.0,r.-15.1.0,r.-15.1.0,r.-15.1.0,r.-15.1.0,r.-15.1.0,,r.-15.1.0,r.-15.1.0,r.-15.1.0,r.-15.1.0,,,,,,,,,,,,,r.-15.1.0,r.-15.1.0,r.-15.1.0,r.-15.1.0,r.-15.1.0,r.-15.1.0,r.-15.1.0,r.-15.1.0,r.-15.1.0,r.-15.1.0,r.-15.1.0,r.-15.1.0,r.-15.1.0,r.-15.1.0,r.-15.1.0,r.-15.1.0,r.-15.1.0,r.-15.1.0,r.-15.1.0,r.-15.1.0,r.-15.1.0,r.-15.1.0,r.-15.1.0,r.-15.1.0,r.-15.1.0,r.-15.1.0,,,,,,,,,,,,,,,,,,,
384,,,,,,,r.-15.1.0,,,r.-15.1.0,r.-15.1.0,r.-15.1.0,r.-15.1.0,r.-15.1.0,r.-15.1.0,r.-15.1.0,r.-15.1.0,r.-15.1.0,r.-15.1.0,,r.-15.1.0,r.-15.1.0,r.-15.1.0,r.-15.1.0,,,,,,,,,,,,,r.-15.1.0,r.-15.1.0,r.-15.1.0,r.-15.1.0,r.-15.1.0,r.-15.1.0,r.-15.1.0,r.-15.1.0,r.-15.1.0,r.-15.1.0,r.-15.1.0,r.-15.1.0,r.-15.1.0,r.-15.1.0,r.-15.1.0,r.-15.1.0,r.-15.1.0,r.-15.1.0,r.-15.1.0,r.-15.1.0,r.-15.1.0,r.-15.1.0,r.-15.1.0,r.-15.1.0,r.-15.1.0,r.-15.1.0,,,,,,,,,,,,,,,,,,,
385,,,,,,,r.-15.1.0,,,r.-15.1.0,r.-15.1.0,r.-15.1.0,r.-15.1.0,r.-15.1.0,r.-15.1.0,r.-15.1.0,r.-15.1.0,r.-15.1.0,r.-15.1.0,,r.-15.1.0,r.-15.1.0,r.-15.1.0,r.-15.1.0,,,,,,,,,,,,,r.-15.1.0,r.-15.1.0,r.-15.1.0,r.-15.1.0,r.-15.1.0,r.-15.1.0,r.-15.1.0,r.-15.1.0,r.-15.1.0,r.-15.1.0,r.-15.1.0,r.-15.1.0,r.-15.1.0,r.-15.1.0,r.-15.1.0,r.-15.1.0,r.-15.1.0,r.-15.1.0,r.-15.1.0,r.-15.1.0,r.-15.1.0,r.-15.1.0,r.-15.1.0,r.-15.1.0,r.-15.1.0,r.-15.1.0,,,,,,,,,,,,,,,,,,,
386,,,,,,,r.-15.1.0,,,r.-15.1.0,r.-15.1.0,r.-15.1.0,r.-15.1.0,r.-15.1.0,r.-15.1.0,r.-15.1.0,r.-15.1.0,r.-15.1.0,r.-15.1.0,,r.-15.1.0,r.-15.1.0,r.-15.1.0,r.-15.1.0,,,,,,,,,,,,,r.-15.1.0,r.-15.1.0,r.-15.1.0,r.-15.1.0,r.-15.1.0,r.-15.1.0,r.-15.1.0,r.-15.1.0,r.-15.1.0,r.-15.1.0,r.-15.1.0,r.-15.1.0,r.-15.1.0,r.-15.1.0,r.-15.1.0,r.-15.1.0,r.-15.1.0,r.-15.1.0,r.-15.1.0,r.-15.1.0,r.-15.1.0,r.-15.1.0,r.-15.1.0,r.-15.1.0,r.-15.1.0,r.-15.1.0,,,,,,,,,,,,,,,,,,,
387,,,,,,,r.-15.1.0,,,r.-15.1.0,r.-15.1.0,r.-15.1.0,r.-15.1.0,r.-15.1.0,r.-15.1.0,r.-15.1.0,r.-15.1.0,r.-15.1.0,r.-15.1.0,,r.-15.1.0,r.-15.1.0,r.-15.1.0,r.-15.1.0,,,,,,,,,,,,,r.-15.1.0,r.-15.1.0,r.-15.1.0,r.-15.1.0,r.-15.1.0,r.-15.1.0,r.-15.1.0,r.-15.1.0,r.-15.1.0,r.-15.1.0,r.-15.1.0,r.-15.1.0,r.-15.1.0,r.-15.1.0,r.-15.1.0,r.-15.1.0,r.-15.1.0,r.-15.1.0,r.-15.1.0,r.-15.1.0,r.-15.1.0,r.-15.1.0,r.-15.1.0,r.-15.1.0,r.-15.1.0,r.-15.1.0,,,,,,,,,,,,,,,,,,,
388,,,,,,,r.-15.1.0,,,r.-15.1.0,r.-15.1.0,r.-15.1.0,r.-15.1.0,r.-15.1.0,r.-15.1.0,r.-15.1.0,r.-15.1.0,r.-15.1.0,r.-15.1.0,,r.-15.1.0,r.-15.1.0,r.-15.1.0,r.-15.1.0,,,,,,,,,,,,,r.-15.1.0,r.-15.1.0,r.-15.1.0,r.-15.1.0,r.-15.1.0,r.-15.1.0,r.-15.1.0,r.-15.1.0,r.-15.1.0,r.-15.1.0,r.-15.1.0,r.-15.1.0,r.-15.1.0,r.-15.1.0,r.-15.1.0,r.-15.1.0,r.-15.1.0,r.-15.1.0,r.-15.1.0,r.-15.1.0,r.-15.1.0,r.-15.1.0,r.-15.1.0,r.-15.1.0,r.-15.1.0,r.-15.1.0,,,,,,,,,,,,,,,,,,,
389,,,,,,,r.-15.1.0,,,r.-15.1.0,r.-15.1.0,r.-15.1.0,r.-15.1.0,r.-15.1.0,r.-15.1.0,r.-15.1.0,r.-15.1.0,r.-15.1.0,r.-15.1.0,,r.-15.1.0,r.-15.1.0,r.-15.1.0,r.-15.1.0,,,,,,,,,,,,,r.-15.1.0,r.-15.1.0,r.-15.1.0,r.-15.1.0,r.-15.1.0,r.-15.1.0,r.-15.1.0,r.-15.1.0,r.-15.1.0,r.-15.1.0,r.-15.1.0,r.-15.1.0,r.-15.1.0,r.-15.1.0,r.-15.1.0,r.-15.1.0,r.-15.1.0,r.-15.1.0,r.-15.1.0,r.-15.1.0,r.-15.1.0,r.-15.1.0,r.-15.1.0,r.-15.1.0,r.-15.1.0,r.-15.1.0,,,,,,,,,,,,,,,,,,,
390,,,,,,,r.-15.1.0,,,r.-15.1.0,r.-15.1.0,r.-15.1.0,r.-15.1.0,r.-15.1.0,r.-15.1.0,r.-15.1.0,r.-15.1.0,r.-15.1.0,r.-15.1.0,,r.-15.1.0,r.-15.1.0,r.-15.1.0,r.-15.1.0,,,,,,,,,,,,,r.-15.1.0,r.-15.1.0,r.-15.1.0,r.-15.1.0,r.-15.1.0,r.-15.1.0,r.-15.1.0,r.-15.1.0,r.-15.1.0,r.-15.1.0,r.-15.1.0,r.-15.1.0,r.-15.1.0,r.-15.1.0,r.-15.1.0,r.-15.1.0,r.-15.1.0,r.-15.1.0,r.-15.1.0,r.-15.1.0,r.-15.1.0,r.-15.1.0,r.-15.1.0,r.-15.1.0,r.-15.1.0,r.-15.1.0,,,,,,,,,,,,,,,,,,,
391,,,,,,,r.-15.1.0,,,r.-15.1.0,r.-15.1.0,r.-15.1.0,r.-15.1.0,r.-15.1.0,r.-15.1.0,r.-15.1.0,r.-15.1.0,r.-15.1.0,r.-15.1.0,,r.-15.1.0,r.-15.1.0,r.-15.1.0,r.-15.1.0,,,,,,,,,,,,,r.-15.1.0,r.-15.1.0,r.-15.1.0,r.-15.1.0,r.-15.1.0,r.-15.1.0,r.-15.1.0,r.-15.1.0,r.-15.1.0,r.-15.1.0,r.-15.1.0,r.-15.1.0,r.-15.1.0,r.-15.1.0,r.-15.1.0,r.-15.1.0,r.-15.1.0,r.-15.1.0,r.-15.1.0,r.-15.1.0,r.-15.1.0,r.-15.1.0,r.-15.1.0,r.-15.1.0,r.-15.1.0,r.-15.1.0,,,,,,,,,,,,,,,,,,,
392,,,,,,,r.-15.1.0,,,r.-15.1.0,r.-15.1.0,r.-15.1.0,r.-15.1.0,r.-15.1.0,r.-15.1.0,r.-15.1.0,r.-15.1.0,r.-15.1.0,r.-15.1.0,,r.-15.1.0,r.-15.1.0,r.-15.1.0,r.-15.1.0,,,,,,,,,,,,,r.-15.1.0,r.-15.1.0,r.-15.1.0,r.-15.1.0,r.-15.1.0,r.-15.1.0,r.-15.1.0,r.-15.1.0,r.-15.1.0,r.-15.1.0,r.-15.1.0,r.-15.1.0,r.-15.1.0,r.-15.1.0,r.-15.1.0,r.-15.1.0,r.-15.1.0,r.-15.1.0,r.-15.1.0,r.-15.1.0,r.-15.1.0,r.-15.1.0,r.-15.1.0,r.-15.1.0,r.-15.1.0,r.-15.1.0,,,,,,,,,,,,,,,,,,,
393,,,,,,,r.-9.1.10/r.-10.0.10,,,p.356,p.357,p.358,p.359,p.360,p.361,p.362,p.363,p.364,p.365,,r.-10.0.10/r.-9.1.10,r.-10.0.10/r.-9.1.10,r.-9.1.10/r.-10.0.10,r.-10.0.10/r.-9.1.10,,,,,,,,,,,,,,,,,,,,,,,,,,,,,,,,,,,,,,,,,,,p.448,,,,,,,p.449,,,,,,,
394,,,,,,,p.427,,,,,,,,,,,,,,,,,,,,,,,,,,,,,,,,,,,,,,,,,,,,,,,,,,,,,,,,,,,,,,,,,,,,,,,,,,
395,,,,,,,r.-14.1.0,,,,,,,,,,,,,,r.-14.1.0,r.-14.1.0,r.-14.1.0,r.-14.1.0,,,,,,,,,,,,,,,,,,,,,,,,,,,,,,,,,,,,,,,,,,,,,,,,,,,,,,,,,
396,,,,,,,r.-14.1.0,,,,,,,,,,,,,,r.-14.1.0,r.-14.1.0,r.-14.1.0,r.-14.1.0,,,,,,,,,,,,,,,,,,,,,,,,,,,,,,,,,,,,,,,,,,,,,,,,,,,,,,,,,
397,,,,,,,r.-5.1.10/r.-6.0.10,,,,,,,,,,,,,,p.414,p.415,p.416,p.417,,,,,,,,,,,,,,,,,,,,,,,,,,,,,,,,,,,,,,,,,,,,,,p.418,,,,,,,,,,,
398,,,,,,,r.-7.1.10/r.-8.0.10,,,p.399,p.400,p.401,p.402,p.403,p.404,p.405,p.406,p.407,p.408,,r.-8.0.10/r.-7.1.10,r.-7.1.10/r.-8.0.10,r.-7.1.10/r.-8.0.10,r.-7.1.10/r.-8.0.10,,,,,,,,,,,,,p.367,p.368,p.369,p.370,p.371,p.372,p.373,p.374,p.375,p.376,p.377,p.378,p.379,p.380,p.381,p.382,p.383,p.384,p.385,p.386,p.387,p.388,p.389,p.390,p.391,p.392,,,,,p.409,,,,,p.410,,,,,,,p.411,,
399,,,,,,,r.-3.1.0,,,r.-3.1.0,r.-3.1.0,r.-3.1.0,r.-3.1.0,r.-3.1.0,r.-3.1.0,r.-3.1.0,r.-3.1.0,r.-3.1.0,r.-3.1.0,,r.-3.1.0,r.-3.1.0,r.-3.1.0,r.-3.1.0,,,,,,,,,,,,,r.-3.1.0,r.-3.1.0,r.-3.1.0,r.-3.1.0,r.-3.1.0,r.-3.1.0,r.-3.1.0,r.-3.1.0,r.-3.1.0,r.-3.1.0,r.-3.1.0,r.-3.1.0,r.-3.1.0,r.-3.1.0,r.-3.1.0,r.-3.1.0,r.-3.1.0,r.-3.1.0,r.-3.1.0,r.-3.1.0,r.-3.1.0,r.-3.1.0,r.-3.1.0,r.-3.1.0,r.-3.1.0,r.-3.1.0,,,,,,,,,,,,,,,,,,,
400,,,,,,,r.-3.1.0,,,r.-3.1.0,r.-3.1.0,r.-3.1.0,r.-3.1.0,r.-3.1.0,r.-3.1.0,r.-3.1.0,r.-3.1.0,r.-3.1.0,r.-3.1.0,,r.-3.1.0,r.-3.1.0,r.-3.1.0,r.-3.1.0,,,,,,,,,,,,,r.-3.1.0,r.-3.1.0,r.-3.1.0,r.-3.1.0,r.-3.1.0,r.-3.1.0,r.-3.1.0,r.-3.1.0,r.-3.1.0,r.-3.1.0,r.-3.1.0,r.-3.1.0,r.-3.1.0,r.-3.1.0,r.-3.1.0,r.-3.1.0,r.-3.1.0,r.-3.1.0,r.-3.1.0,r.-3.1.0,r.-3.1.0,r.-3.1.0,r.-3.1.0,r.-3.1.0,r.-3.1.0,r.-3.1.0,,,,,,,,,,,,,,,,,,,
401,,,,,,,r.-3.1.0,,,r.-3.1.0,r.-3.1.0,r.-3.1.0,r.-3.1.0,r.-3.1.0,r.-3.1.0,r.-3.1.0,r.-3.1.0,r.-3.1.0,r.-3.1.0,,r.-3.1.0,r.-3.1.0,r.-3.1.0,r.-3.1.0,,,,,,,,,,,,,r.-3.1.0,r.-3.1.0,r.-3.1.0,r.-3.1.0,r.-3.1.0,r.-3.1.0,r.-3.1.0,r.-3.1.0,r.-3.1.0,r.-3.1.0,r.-3.1.0,r.-3.1.0,r.-3.1.0,r.-3.1.0,r.-3.1.0,r.-3.1.0,r.-3.1.0,r.-3.1.0,r.-3.1.0,r.-3.1.0,r.-3.1.0,r.-3.1.0,r.-3.1.0,r.-3.1.0,r.-3.1.0,r.-3.1.0,,,,,,,,,,,,,,,,,,,
402,,,,,,,r.-3.1.0,,,r.-3.1.0,r.-3.1.0,r.-3.1.0,r.-3.1.0,r.-3.1.0,r.-3.1.0,r.-3.1.0,r.-3.1.0,r.-3.1.0,r.-3.1.0,,r.-3.1.0,r.-3.1.0,r.-3.1.0,r.-3.1.0,,,,,,,,,,,,,r.-3.1.0,r.-3.1.0,r.-3.1.0,r.-3.1.0,r.-3.1.0,r.-3.1.0,r.-3.1.0,r.-3.1.0,r.-3.1.0,r.-3.1.0,r.-3.1.0,r.-3.1.0,r.-3.1.0,r.-3.1.0,r.-3.1.0,r.-3.1.0,r.-3.1.0,r.-3.1.0,r.-3.1.0,r.-3.1.0,r.-3.1.0,r.-3.1.0,r.-3.1.0,r.-3.1.0,r.-3.1.0,r.-3.1.0,,,,,,,,,,,,,,,,,,,
403,,,,,,,r.-3.1.0,,,r.-3.1.0,r.-3.1.0,r.-3.1.0,r.-3.1.0,r.-3.1.0,r.-3.1.0,r.-3.1.0,r.-3.1.0,r.-3.1.0,r.-3.1.0,,r.-3.1.0,r.-3.1.0,r.-3.1.0,r.-3.1.0,,,,,,,,,,,,,r.-3.1.0,r.-3.1.0,r.-3.1.0,r.-3.1.0,r.-3.1.0,r.-3.1.0,r.-3.1.0,r.-3.1.0,r.-3.1.0,r.-3.1.0,r.-3.1.0,r.-3.1.0,r.-3.1.0,r.-3.1.0,r.-3.1.0,r.-3.1.0,r.-3.1.0,r.-3.1.0,r.-3.1.0,r.-3.1.0,r.-3.1.0,r.-3.1.0,r.-3.1.0,r.-3.1.0,r.-3.1.0,r.-3.1.0,,,,,,,,,,,,,,,,,,,
404,,,,,,,r.-3.1.0,,,r.-3.1.0,r.-3.1.0,r.-3.1.0,r.-3.1.0,r.-3.1.0,r.-3.1.0,r.-3.1.0,r.-3.1.0,r.-3.1.0,r.-3.1.0,,r.-3.1.0,r.-3.1.0,r.-3.1.0,r.-3.1.0,,,,,,,,,,,,,r.-3.1.0,r.-3.1.0,r.-3.1.0,r.-3.1.0,r.-3.1.0,r.-3.1.0,r.-3.1.0,r.-3.1.0,r.-3.1.0,r.-3.1.0,r.-3.1.0,r.-3.1.0,r.-3.1.0,r.-3.1.0,r.-3.1.0,r.-3.1.0,r.-3.1.0,r.-3.1.0,r.-3.1.0,r.-3.1.0,r.-3.1.0,r.-3.1.0,r.-3.1.0,r.-3.1.0,r.-3.1.0,r.-3.1.0,,,,,,,,,,,,,,,,,,,
405,,,,,,,r.-3.1.0,,,r.-3.1.0,r.-3.1.0,r.-3.1.0,r.-3.1.0,r.-3.1.0,r.-3.1.0,r.-3.1.0,r.-3.1.0,r.-3.1.0,r.-3.1.0,,r.-3.1.0,r.-3.1.0,r.-3.1.0,r.-3.1.0,,,,,,,,,,,,,r.-3.1.0,r.-3.1.0,r.-3.1.0,r.-3.1.0,r.-3.1.0,r.-3.1.0,r.-3.1.0,r.-3.1.0,r.-3.1.0,r.-3.1.0,r.-3.1.0,r.-3.1.0,r.-3.1.0,r.-3.1.0,r.-3.1.0,r.-3.1.0,r.-3.1.0,r.-3.1.0,r.-3.1.0,r.-3.1.0,r.-3.1.0,r.-3.1.0,r.-3.1.0,r.-3.1.0,r.-3.1.0,r.-3.1.0,,,,,,,,,,,,,,,,,,,
406,,,,,,,r.-3.1.0,,,r.-3.1.0,r.-3.1.0,r.-3.1.0,r.-3.1.0,r.-3.1.0,r.-3.1.0,r.-3.1.0,r.-3.1.0,r.-3.1.0,r.-3.1.0,,r.-3.1.0,r.-3.1.0,r.-3.1.0,r.-3.1.0,,,,,,,,,,,,,r.-3.1.0,r.-3.1.0,r.-3.1.0,r.-3.1.0,r.-3.1.0,r.-3.1.0,r.-3.1.0,r.-3.1.0,r.-3.1.0,r.-3.1.0,r.-3.1.0,r.-3.1.0,r.-3.1.0,r.-3.1.0,r.-3.1.0,r.-3.1.0,r.-3.1.0,r.-3.1.0,r.-3.1.0,r.-3.1.0,r.-3.1.0,r.-3.1.0,r.-3.1.0,r.-3.1.0,r.-3.1.0,r.-3.1.0,,,,,,,,,,,,,,,,,,,
407,,,,,,,r.-3.1.0,,,r.-3.1.0,r.-3.1.0,r.-3.1.0,r.-3.1.0,r.-3.1.0,r.-3.1.0,r.-3.1.0,r.-3.1.0,r.-3.1.0,r.-3.1.0,,r.-3.1.0,r.-3.1.0,r.-3.1.0,r.-3.1.0,,,,,,,,,,,,,r.-3.1.0,r.-3.1.0,r.-3.1.0,r.-3.1.0,r.-3.1.0,r.-3.1.0,r.-3.1.0,r.-3.1.0,r.-3.1.0,r.-3.1.0,r.-3.1.0,r.-3.1.0,r.-3.1.0,r.-3.1.0,r.-3.1.0,r.-3.1.0,r.-3.1.0,r.-3.1.0,r.-3.1.0,r.-3.1.0,r.-3.1.0,r.-3.1.0,r.-3.1.0,r.-3.1.0,r.-3.1.0,r.-3.1.0,,,,,,,,,,,,,,,,,,,
408,,,,,,,r.-3.1.0,,,r.-3.1.0,r.-3.1.0,r.-3.1.0,r.-3.1.0,r.-3.1.0,r.-3.1.0,r.-3.1.0,r.-3.1.0,r.-3.1.0,r.-3.1.0,,r.-3.1.0,r.-3.1.0,r.-3.1.0,r.-3.1.0,,,,,,,,,,,,,r.-3.1.0,r.-3.1.0,r.-3.1.0,r.-3.1.0,r.-3.1.0,r.-3.1.0,r.-3.1.0,r.-3.1.0,r.-3.1.0,r.-3.1.0,r.-3.1.0,r.-3.1.0,r.-3.1.0,r.-3.1.0,r.-3.1.0,r.-3.1.0,r.-3.1.0,r.-3.1.0,r.-3.1.0,r.-3.1.0,r.-3.1.0,r.-3.1.0,r.-3.1.0,r.-3.1.0,r.-3.1.0,r.-3.1.0,,,,,,,,,,,,,,,,,,,
409,,,,,,,r.-8.0.10/r.-8.1.10,,,p.399,p.400,p.401,p.402,p.403,p.404,p.405,p.406,p.407,p.408,,r.-8.1.10/r.-8.0.10,r.-8.1.10/r.-8.0.10,r.-8.0.10/r.-8.1.10,r.-8.1.10/r.-8.0.10,,,,,,,,,,,,,p.367,p.368,p.369,p.370,p.371,p.372,p.373,p.374,p.375,p.376,p.377,p.378,p.379,p.380,p.381,p.382,p.383,p.384,p.385,p.386,p.387,p.388,p.389,p.390,p.391,p.392,,,,,p.409,,,,,p.413,,,,,,,p.411,,
410,,,,,,,r.-7.2.0,,,,,,,,,,,,,,r.-7.2.0,r.-7.2.0,r.-7.2.0,r.-7.2.0,,,,,,,,,,,,,,,,,,,,,,,,,,,,,,,,,,,,,,,,,,,,,,,,,,,,,,,,,
411,,,,,,,r.-8.0.10/r.-8.1.10,,,p.399,p.400,p.401,p.402,p.403,p.404,p.405,p.406,p.407,p.408,,r.-8.0.10/r.-8.1.10,r.-8.0.10/r.-8.1.10,r.-8.1.10/r.-8.0.10,r.-8.1.10/r.-8.0.10,,,,,,,,,,,,,p.367,p.368,p.369,p.370,p.371,p.372,p.373,p.374,p.375,p.376,p.377,p.378,p.379,p.380,p.381,p.382,p.383,p.384,p.385,p.386,p.387,p.388,p.389,p.390,p.391,p.392,,,,,p.409,,,,,p.412,,,,,,,p.411,,
412,,,,,,,r.-8.2.0,,,,,,,,,,,,,,r.-8.2.0,r.-8.2.0,r.-8.2.0,r.-8.2.0,,,,,,,,,,,,,,,,,,,,,,,,,,,,,,,,,,,,,,,,,,,,,,,,,,,,,,,,,
413,,,,,,,r.-8.2.0,,,,,,,,,,,,,,r.-8.2.0,r.-8.2.0,r.-8.2.0,r.-8.2.0,,,,,,,,,,,,,,,,,,,,,,,,,,,,,,,,,,,,,,,,,,,,,,,,,,,,,,,,,
414,,,,,,,,,,p.356,p.357,p.358,p.359,p.360,p.361,p.362,p.363,p.364,p.365,,,,,,,,,,,,,,,,p.366,,p.367,p.368,p.369,p.370,p.371,p.372,p.373,p.374,p.375,p.376,p.377,p.378,p.379,p.380,p.381,p.382,p.383,p.384,p.385,p.386,p.387,p.388,p.389,p.390,p.391,p.392,,,,,p.393,,,,p.395,,p.396,,,,,p.425,p.398,,
415,,,,,,,,,,p.356,p.357,p.358,p.359,p.360,p.361,p.362,p.363,p.364,p.365,,,,,,,,,,,,,,,,p.366,,p.367,p.368,p.369,p.370,p.371,p.372,p.373,p.374,p.375,p.376,p.377,p.378,p.379,p.380,p.381,p.382,p.383,p.384,p.385,p.386,p.387,p.388,p.389,p.390,p.391,p.392,,,,,p.393,,,,p.395,,p.396,,,,,p.423,p.398,,
416,,,,,,,,,,p.356,p.357,p.358,p.359,p.360,p.361,p.362,p.363,p.364,p.365,,,,,,,,,,,,,,,,p.366,,p.367,p.368,p.369,p.370,p.371,p.372,p.373,p.374,p.375,p.376,p.377,p.378,p.379,p.380,p.381,p.382,p.383,p.384,p.385,p.386,p.387,p.388,p.389,p.390,p.391,p.392,,,,,p.393,,,,p.395,,p.396,,,,,p.421,p.398,,
417,,,,,,,,,,p.356,p.357,p.358,p.359,p.360,p.361,p.362,p.363,p.364,p.365,,,,,,,,,,,,,,,,p.366,,p.367,p.368,p.369,p.370,p.371,p.372,p.373,p.374,p.375,p.376,p.377,p.378,p.379,p.380,p.381,p.382,p.383,p.384,p.385,p.386,p.387,p.388,p.389,p.390,p.391,p.392,,,,,p.393,,,,p.395,,p.396,,,,,p.419,p.398,,
418,,,,,,,r.-5.2.0,,,,,,,,,,,,,,,,,,,,,,,,,,,,,,,,,,,,,,,,,,,,,,,,,,,,,,,,,,,,,,,,,,,,,,,,,,
419,,,,,,,r.-6.2.10/r.-6.0.10,,,,,,,,,,,,,,p.414,p.415,p.416,p.417,,,,,,,,,,,,,,,,,,,,,,,,,,,,,,,,,,,,,,,,,,,,,,p.420,,,,,,,,,,,
420,,,,,,,r.-6.3.0,,,,,,,,,,,,,,,,,,,,,,,,,,,,,,,,,,,,,,,,,,,,,,,,,,,,,,,,,,,,,,,,,,,,,,,,,,
421,,,,,,,r.-6.0.10/r.-6.2.10,,,,,,,,,,,,,,p.414,p.415,p.416,p.417,,,,,,,,,,,,,,,,,,,,,,,,,,,,,,,,,,,,,,,,,,,,,,p.422,,,,,,,,,,,
422,,,,,,,r.-6.3.0,,,,,,,,,,,,,,,,,,,,,,,,,,,,,,,,,,,,,,,,,,,,,,,,,,,,,,,,,,,,,,,,,,,,,,,,,,
423,,,,,,,r.-6.0.10/r.-6.2.10,,,,,,,,,,,,,,p.414,p.415,p.416,p.417,,,,,,,,,,,,,,,,,,,,,,,,,,,,,,,,,,,,,,,,,,,,,,p.424,,,,,,,,,,,
424,,,,,,,r.-6.3.0,,,,,,,,,,,,,,,,,,,,,,,,,,,,,,,,,,,,,,,,,,,,,,,,,,,,,,,,,,,,,,,,,,,,,,,,,,
425,,,,,,,r.-6.0.10/r.-6.2.10,,,,,,,,,,,,,,p.414,p.415,p.416,p.417,,,,,,,,,,,,,,,,,,,,,,,,,,,,,,,,,,,,,,,,,,,,,,p.426,,,,,,,,,,,
426,,,,,,,r.-6.3.0,,,,,,,,,,,,,,,,,,,,,,,,,,,,,,,,,,,,,,,,,,,,,,,,,,,,,,,,,,,,,,,,,,,,,,,,,,
427,,,,,,,,,,,,,,,,,,,,,,,,,,,,,,,,p.428,,,,,,,,,,,,,,,,,,,,,,,,,,,,,,,,,,,,,,,,,,,,,,,,,
428,,p.429,,,,,,,,,,,,,,,,,,,,,,,,,,,,,,,,,,,,,,,,,,,,,,,,,,,,,,,,,,,,,,,,,,,,,,,,,,,,,,,
429,,,,,p.430,,,,,,,,,,,,,,,,,,,,,,,,,,,,,,,,,,,,,,,,,,,,,,,,,,,,,,,,,,,,,,,,,,,,,,,,,,,,
430,p.431,,,,,,,,,,,,,,,,,,,,,,,,,,,,,,,,,,,,,,,,,,,,,,,,,,,,,,,,,,,,,,,,,p.432,,,,,,,,,,,,,,,
431,,p.439,,,,,,,,,,,,,,,,,,,,,,,,,,,,,,,,,,,,,,,,,,,,,,,,,,,,,,,,,,,,,,,,,,,,,,,,,,,,,,,
432,,p.433,,,,r.-4.0.10/r.-11.8.10,,,,,,,,,,,,,,,,,,,,,,r.-4.0.10/r.-11.8.10,,,,,,,,,,,,,,,,,,,,,,,,,,,,,,,,,,,,,,,,p.434,,,,,,,,,,,,,
433,,,,,,,,,,,,,,,,,,,,p.435,,,,,,,,,,,,,,,,,,,,,,,,,,,,,,,,,,,,,,,,,,,,,,,,,,,,,,,,,,,,,
434,,,,,,r.-11.9.0,,,,,,,,,,,,,,,,,,,,,,r.-11.9.0,,,,,,,,,,,,,,,,,,,,,,,,,,,,,,,,,,,,,,,,,,,,,,,,,,,,,
435,,,,,,p.436,,,,,,,,,,,,,,,,,,,,,,,,,,,,,,,,,,,,,,,,,,,,,,,,,,,,,,,,,,,,,,,,,,,,,,,,,,,
436,,p.437,,,,,,,,,,,,,,,,,,,,,,,,,,,,,,,,,,,,,,,,,,,,,,,,,,,,,,,,,,,,,,,,,,,,,,,,,,,,,,,
437,p.62,,,,,,,,,,,,,,,,,,,,,,,,,,,,,,,,,,,,,,,,,,,,,,,,,,,,,,,,,,,,,,,,,p.438,,,,,,,,,,,,,,,
438,,,,,,r.-4.5.0,,,,,,,,,,,,,,,,,,,,,,r.-4.5.0,,,,,,,,,,,,,,,,,,,,,,,,,,,,,,,,,,,,,,,,,,,,,,,,,,,,,
439,,,p.440,,,,,,,,,,,,,,,,,,,,,,,,,,,,,,,,,,,,,,,,,,,,,,,,,,,,,,,,,,,,,,,,,,,,,,,,,,,,,,
440,,,,p.441,,,,,,,,,,,,,,,,,,,,,,,,,,,,,,,,,,,,,,,,,,,,,,,,,,,,,,,,,,,,,,,,,,,,,,,,,,,,,
441,,,,,p.442,,,,,,,,,,,,,,,,,,,,,,,,,,,,,,,,,,,,,,,,,,,,,,,,,,,,,,,,,,,,,,,,,,,,,,,,,,,,
442,p.62,,,p.63,,r.-12.0.10/r.-11.0.5,,,,,,,,,,,,,,,,,,,,,,r.-11.0.5,,,,,p.64,,,,p.65,p.66,p.67,p.68,p.69,p.70,p.71,p.72,p.73,p.74,p.75,p.76,p.77,p.78,p.79,p.80,p.81,p.82,p.83,p.84,p.85,p.86,p.87,p.88,p.89,p.90,,,,p.91,,,,,p.92,,,,p.93,p.443,,,p.95,,
443,,,,,,p.444,,,,,,,,,,,,,,,,,,,,,,,,,,,,,,,,,,,,,,,,,,,,,,,,,,,,,,,,,,,,,,,,,,,,,,,,,,,
444,,,,,,,p.445,,,,,,,,,,,,,,,,,,,,,,,,,,,,,,,,,,,,,,,,,,,,,,,,,,,,,,,,,,,,,,,,,,,,,,,,,,
445,,,,,,,,p.446,,,,,,,,,,,,,,,,,,,,,,,,,,,,,,,,,,,,,,,,,,,,,,,,,,,,,,,,,,,,,,,,,,,,,,,,,
446,,,,,,,,,p.447,,,,,,,,,,,,,,,,,,,,,,,,,,,,,,,,,,,,,,,,,,,,,,,,,,,,,,,,,,,,,,,,,,,,,,,,
447,,r.-2.10.0,,,,r.-2.10.0,,,,,,,,,,,,,,,,,,,,,,r.-2.10.0,,,,,,,,,,,,,,,,,,,,,,,,,,,,,,,,,,,,,,,,,,,,,,,,,,,,,
448,,,,,,,r.-10.0.10/r.-10.1.10,,,p.356,p.357,p.358,p.359,p.360,p.361,p.362,p.363,p.364,p.365,,r.-10.1.10/r.-10.0.10,r.-10.0.10/r.-10.1.10,r.-10.0.10/r.-10.1.10,r.-10.1.10/r.-10.0.10,,,,,,,,,,,,,,,,,,,,,,,,,,,,,,,,,,,,,,,,,,,p.448,,,,,,,p.450,,,,,,,
449,,,,,,,r.-9.2.0,,,,,,,,,,,,,,r.-9.2.0,r.-9.2.0,r.-9.2.0,r.-9.2.0,,,,,,,,,,,,,,,,,,,,,,,,,,,,,,,,,,,,,,,,,,,,,,,,,,,,,,,,,
450,,,,,,,r.-10.2.0,,,,,,,,,,,,,,r.-10.2.0,r.-10.2.0,r.-10.2.0,r.-10.2.0,,,,,,,,,,,,,,,,,,,,,,,,,,,,,,,,,,,,,,,,,,,,,,,,,,,,,,,,,
451,,,,,,,,,,,,,,,,,,,,,,,,,,,,,,,,,,,,p.452,,,,,,,,,,,,,,,,,,,,,,,,,,,,,,,,,,,,,,,,,,,,,
452,,,,,,,r.-14.3.0,,,,,,,,,,,,,,r.-14.3.0,r.-14.3.0,r.-14.3.0,r.-14.3.0,,,,,,,,,,,,,,,,,,,,,,,,,,,,,,,,,,,,,,,,,,,,,,,,,,,,,,,,,
453,,,p.454,,,,,,,,,,,,,,,,,,,,,,,,,,,,,,,,,,,,,,,,,,,,,,,,,,,,,,,,,,,,,,,,,,,,,,,,,,,,,,
454,,,,p.455,,,,,,,,,,,,,,,,,,,,,,,,,,,,,,,,,,,,,,,,,,,,,,,,,,,,,,,,,,,,,,,,,,,,,,,,,,,,,
455,,,,,p.456,,,,,,,,,,,,,,,,,,,,,,,,,,,,,,,,,,,,,,,,,,,,,,,,,,,,,,,,,,,,,,,,,,,,,,,,,,,,
456,p.62,,,p.63,,r.-11.0.5/r.-12.0.10,,,,,,,,,,,,,,,,,,,,,,r.-11.0.5,,,,,p.64,,,,p.65,p.66,p.67,p.68,p.69,p.70,p.71,p.72,p.73,p.74,p.75,p.76,p.77,p.78,p.79,p.80,p.81,p.82,p.83,p.84,p.85,p.86,p.87,p.88,p.89,p.90,,,,p.91,,,,,p.92,,,,p.93,p.457,,,p.95,,
457,,,,,,p.458,,,,,,,,,,,,,,,,,,,,,,,,,,,,,,,,,,,,,,,,,,,,,,,,,,,,,,,,,,,,,,,,,,,,,,,,,,,
458,,,,,,,p.459,,,,,,,,,,,,,,,,,,,,,,,,,,,,,,,,,,,,,,,,,,,,,,,,,,,,,,,,,,,,,,,,,,,,,,,,,,
459,,,,,,,,p.460,,,,,,,,,,,,,,,,,,,,,,,,,,,,,,,,,,,,,,,,,,,,,,,,,,,,,,,,,,,,,,,,,,,,,,,,,
460,,,,,,,,,p.461,,,,,,,,,,,,,,,,,,,,,,,,,,,,,,,,,,,,,,,,,,,,,,,,,,,,,,,,,,,,,,,,,,,,,,,,
461,,,,,,r.-2.10.0,,,,,,,,,,,,,,,,,,,,,,r.-2.10.0,,,,,,,,,,,,,,,,,,,,,,,,,,,,,,,,,,,,,,,,,,,,,,,,,,,,,
462,,,,,,,,,,,,,,,,,,,,,,,,,p.463,,,,,,,,,,,,,,,,,,,,,,,,,,,,,,,,,,,,,,,,,,,,,,,,,,,,,,,,
463,r.-17.0.11/r.-16.3.11,,,,,,,,,,,,,,,,,,,,,,,,,,,,,,,,,,,,p.65,p.66,p.67,p.68,p.69,p.70,p.71,p.72,p.73,p.74,p.75,p.76,p.77,p.78,p.79,p.80,p.81,p.82,p.83,p.84,p.85,p.86,p.87,p.88,p.89,p.90,,,,,,,,,p.464,,,,,,,,p.95,,p.465
464,,,,,,,,,,,,,,,,,,,,,,,,,,,,,,p.466,,,,,,,,,,,,,,,,,,,,,,,,,,,,,,,,,,,,,,,,,,,,,,,,,,,
465,r.-16.4.0,,,,,,,,,,,,,,,,,,,,,,,,,,,,,,,,,,,,,,,,,,,,,,,,,,,,,,,,,,,,,,,,,,,,,,,,,,,,,,,,
466,,,,p.467,,,,,,,,,,,,,,,,,,,,,,,,,,,,,,,,,,,,,,,,,,,,,,,,,,,,,,,,,,,,,,,,,,,,,,,,,,,,,
467,,,,,p.468,,,,,,,,,,,,,,,,,,,,,,,,,,,,,,,,,,,,,,,,,,,,,,,,,,,,,,,,,,,,,,,,,,,,,,,,,,,,
468,,,,,,,p.469,,,,,,,,,,,,,,,,,,,,,,,,,,,,,,,,,,,,,,,,,,,,,,,,,,,,,,,,,,,,,,,,,,,,,,,,,,
469,,p.470,,,,,,,,,,,,,,,,,,,,,,,,,,,,,,,,,,,,,,,,,,,,,,,,,,,,,,,,,,,,,,,,,,,,,,,,,,,,,,,
470,,,p.471,,,,,,,,,,,,,,,,,,,,,,,,,,,,,,,,,,,,,,,,,,,,,,,,,,,,,,,,,,,,,,,,,,,,,,,,,,,,,,
471,,p.472,,,,,,,,,,,,,,,,,,,,,,,,,,,,,,,,,,,,,,,,,,,,,,,,,,,,,,,,,,,,,,,,,,,,,,,,,,,,,,,
472,,,,,,,,,,,,,,,,,,,,,,,,,p.473,,,,,,,,,,,,,,,,,,,,,,,,,,,,,,,,,,,,,,,,,,,,,,,,,,,,,,,,
473,,,,,,,,,,,,,,,,,,,,,,,,,,,,p.474,,,,,,,,,,,,,,,,,,,,,,,,,,,,,,,,,,,,,,,,,,,,,,,,,,,,,
474,r.-17.10.11/r.-17.0.11,,,,,,,,,,,,,,,,,,,,,,,,,,,,,,,,,,,,p.65,p.66,p.67,p.68,p.69,p.70,p.71,p.72,p.73,p.74,p.75,p.76,p.77,p.78,p.79,p.80,p.81,p.82,p.83,p.84,p.85,p.86,p.87,p.88,p.89,p.90,,,,,,,,,p.464,,,,,,,,p.95,,p.475
475,r.-17.11.0,,,,,,,,,,,,,,,,,,,,,,,,,,,,,,,,,,,,,,,,,,,,,,,,,,,,,,,,,,,,,,,,,,,,,,,,,,,,,,,,
